##FastQC	0.12.1
>>Basic Statistics	pass
#Measure	Value
Filename	KRAS_siRNA_P1_2.gz
File type	Conventional base calls
Encoding	Sanger / Illumina 1.9
Total Sequences	39963282
Total Bases	5.9 Gbp
Sequences flagged as poor quality	0
Sequence length	150
%GC	51
>>END_MODULE
>>Per base sequence quality	pass
#Base	Mean	Median	Lower Quartile	Upper Quartile	10th Percentile	90th Percentile
1	36.56600038505346	37.0	37.0	37.0	37.0	37.0
2	36.48294989885966	37.0	37.0	37.0	37.0	37.0
3	36.552994321137085	37.0	37.0	37.0	37.0	37.0
4	36.54634456699527	37.0	37.0	37.0	37.0	37.0
5	36.56917132081394	37.0	37.0	37.0	37.0	37.0
6	36.528040514790554	37.0	37.0	37.0	37.0	37.0
7	36.521575880579576	37.0	37.0	37.0	37.0	37.0
8	36.594677083829104	37.0	37.0	37.0	37.0	37.0
9	36.57603632254228	37.0	37.0	37.0	37.0	37.0
10-14	36.57905714550672	37.0	37.0	37.0	37.0	37.0
15-19	36.55249075889212	37.0	37.0	37.0	37.0	37.0
20-24	36.53268675981117	37.0	37.0	37.0	37.0	37.0
25-29	36.49917297583316	37.0	37.0	37.0	37.0	37.0
30-34	36.472698783848635	37.0	37.0	37.0	37.0	37.0
35-39	36.443487524373	37.0	37.0	37.0	37.0	37.0
40-44	36.422523040024586	37.0	37.0	37.0	37.0	37.0
45-49	36.39982899802874	37.0	37.0	37.0	37.0	37.0
50-54	36.38326132473304	37.0	37.0	37.0	37.0	37.0
55-59	36.36217262636237	37.0	37.0	37.0	37.0	37.0
60-64	36.32138740256618	37.0	37.0	37.0	37.0	37.0
65-69	36.29747616324404	37.0	37.0	37.0	37.0	37.0
70-74	36.26246025539143	37.0	37.0	37.0	37.0	37.0
75-79	36.24534772694595	37.0	37.0	37.0	37.0	37.0
80-84	36.22809060577157	37.0	37.0	37.0	37.0	37.0
85-89	36.22071979974017	37.0	37.0	37.0	37.0	37.0
90-94	36.17110622195644	37.0	37.0	37.0	37.0	37.0
95-99	36.136177058731064	37.0	37.0	37.0	37.0	37.0
100-104	36.110435689441125	37.0	37.0	37.0	37.0	37.0
105-109	36.06421815405451	37.0	37.0	37.0	37.0	37.0
110-114	36.06433385526244	37.0	37.0	37.0	37.0	37.0
115-119	36.00574892222316	37.0	37.0	37.0	37.0	37.0
120-124	35.99787908310433	37.0	37.0	37.0	37.0	37.0
125-129	35.9563522935879	37.0	37.0	37.0	37.0	37.0
130-134	35.92034917452475	37.0	37.0	37.0	37.0	37.0
135-139	35.864867259901224	37.0	37.0	37.0	37.0	37.0
140-144	35.77956389567804	37.0	37.0	37.0	37.0	37.0
145-149	35.73810223094289	37.0	37.0	37.0	37.0	37.0
150	35.674756117377946	37.0	37.0	37.0	37.0	37.0
>>END_MODULE
>>Per tile sequence quality	pass
#Tile	Base	Mean
1101	1	-0.062894747435422
1101	2	-0.08798737756122677
1101	3	-0.07860225347315719
1101	4	-0.08270016086884624
1101	5	-0.060594590151531236
1101	6	-0.0841985969697987
1101	7	-0.11709051498586831
1101	8	-0.06535203257511313
1101	9	-0.13401371862782696
1101	10-14	-0.08275408366071701
1101	15-19	-0.07289492100965589
1101	20-24	-0.08907378996354964
1101	25-29	-0.07639634267431461
1101	30-34	-0.07095120256457932
1101	35-39	-0.07578863933294144
1101	40-44	-0.05274663275653779
1101	45-49	-0.07609559399703159
1101	50-54	-0.09323116174016377
1101	55-59	-0.11250105556969459
1101	60-64	-0.07016690765898659
1101	65-69	-0.06515948600634403
1101	70-74	-0.08034172282010843
1101	75-79	-0.08072478540599803
1101	80-84	-0.08311682375373408
1101	85-89	-0.09728466210357567
1101	90-94	-0.09349039924242675
1101	95-99	-0.05513055177164006
1101	100-104	-0.061445427959121446
1101	105-109	-0.07035912172774061
1101	110-114	-0.04924613895403951
1101	115-119	-0.07279556248529673
1101	120-124	-0.059472577696979556
1101	125-129	-0.06191303120221647
1101	130-134	-0.07977060738774355
1101	135-139	-0.13422915512511224
1101	140-144	-0.0574884989671105
1101	145-149	-0.06661012694280544
1101	150	-0.0778463527698321
1102	1	-0.19939861640290957
1102	2	-0.21683085851384476
1102	3	-0.12618659666736676
1102	4	-0.24304690929610473
1102	5	-0.16535830742400748
1102	6	-0.09837515750427173
1102	7	-0.1717612289462096
1102	8	-0.18297114778443557
1102	9	-0.2062620267568036
1102	10-14	-0.14518178517514002
1102	15-19	-0.16851140662378583
1102	20-24	-0.19368648691532542
1102	25-29	-0.17112643787567805
1102	30-34	-0.18276085161311784
1102	35-39	-0.16252106497432095
1102	40-44	-0.19157169126683016
1102	45-49	-0.18443792850640506
1102	50-54	-0.19586714314840492
1102	55-59	-0.23720492907755641
1102	60-64	-0.17114737282618364
1102	65-69	-0.1591962625732748
1102	70-74	-0.19375348572880569
1102	75-79	-0.20672535868065722
1102	80-84	-0.2235474756595366
1102	85-89	-0.2614116710843888
1102	90-94	-0.19402079499926117
1102	95-99	-0.1607644499141756
1102	100-104	-0.24195646561809525
1102	105-109	-0.19927501520559332
1102	110-114	-0.14802968066697986
1102	115-119	-0.18328918337252276
1102	120-124	-0.14933246911425613
1102	125-129	-0.1695107027141347
1102	130-134	-0.2157997319472571
1102	135-139	-0.23135592881295963
1102	140-144	-0.19062197118481805
1102	145-149	-0.20253859957742293
1102	150	-0.0946051952981577
1103	1	-0.15644043549063724
1103	2	-0.16073174380095878
1103	3	-0.1674464783551528
1103	4	-0.16054619430151718
1103	5	-0.11048590844641382
1103	6	-0.10648704660568598
1103	7	-0.160486764362183
1103	8	-0.1084974205360254
1103	9	-0.14009502633529536
1103	10-14	-0.15703434091002322
1103	15-19	-0.14509223856454412
1103	20-24	-0.1293833977849559
1103	25-29	-0.1851748909702593
1103	30-34	-0.11122895632369989
1103	35-39	-0.14951559237446332
1103	40-44	-0.1518066176706867
1103	45-49	-0.18370549104565015
1103	50-54	-0.19307660975835716
1103	55-59	-0.19887479723283263
1103	60-64	-0.11469433919464223
1103	65-69	-0.09796246628265948
1103	70-74	-0.20964440707994925
1103	75-79	-0.1406841864215238
1103	80-84	-0.1559792763329213
1103	85-89	-0.1517729998232511
1103	90-94	-0.13980834078680004
1103	95-99	-0.14186638786924988
1103	100-104	-0.11029089967572503
1103	105-109	-0.12519401114909812
1103	110-114	-0.10265186555437111
1103	115-119	-0.1722092299702993
1103	120-124	-0.178960538590772
1103	125-129	-0.10638480352850621
1103	130-134	-0.12046737443527178
1103	135-139	-0.17743355423089469
1103	140-144	-0.11396105440801563
1103	145-149	-0.08496840017080132
1103	150	-0.19284912505534635
1104	1	-0.1567362335456366
1104	2	-0.17179447026238392
1104	3	-0.18816816641953693
1104	4	-0.1331324942522869
1104	5	-0.11581462207548299
1104	6	-0.14269870791627426
1104	7	-0.17478357975713976
1104	8	-0.1105868812226376
1104	9	-0.19511122984773976
1104	10-14	-0.15114489442896684
1104	15-19	-0.146575015779419
1104	20-24	-0.14634955281008644
1104	25-29	-0.15916420684718702
1104	30-34	-0.1458910767297894
1104	35-39	-0.14883956018873334
1104	40-44	-0.1107940104827847
1104	45-49	-0.14207582404993246
1104	50-54	-0.16967632912618313
1104	55-59	-0.17319593843168946
1104	60-64	-0.13279190139588337
1104	65-69	-0.13017662902709048
1104	70-74	-0.12932924670938917
1104	75-79	-0.16213999724219263
1104	80-84	-0.16306145788087179
1104	85-89	-0.15128696692724475
1104	90-94	-0.14776810186290845
1104	95-99	-0.09470372992305442
1104	100-104	-0.16599978099798562
1104	105-109	-0.14796761664926095
1104	110-114	-0.15093950435447567
1104	115-119	-0.1387843819431609
1104	120-124	-0.13436342067549845
1104	125-129	-0.15301190241124374
1104	130-134	-0.17558631454629392
1104	135-139	-0.16037619858035157
1104	140-144	-0.148880662566647
1104	145-149	-0.08566518502865961
1104	150	-0.11677246241358574
1105	1	-0.05320959127180913
1105	2	-0.08363668339481478
1105	3	-0.1391433766208081
1105	4	-0.04674094698492581
1105	5	-0.01109140985298751
1105	6	-0.056643353237291194
1105	7	-0.07210029546837404
1105	8	-0.09967925951492873
1105	9	-0.057825518164584366
1105	10-14	-0.04398973333938727
1105	15-19	-0.058726969555756625
1105	20-24	-0.0819631228613531
1105	25-29	-0.06824742344199564
1105	30-34	-0.04181642255870344
1105	35-39	-0.0671835941546064
1105	40-44	-0.05905062718439069
1105	45-49	-0.07819870489799996
1105	50-54	-0.10010728367822708
1105	55-59	-0.11047191790871835
1105	60-64	-0.05220678965769565
1105	65-69	-0.06273785802734011
1105	70-74	-0.10279196564807336
1105	75-79	-0.10796341858727487
1105	80-84	-0.0884561156188326
1105	85-89	-0.07301423695233211
1105	90-94	-0.0639411826766576
1105	95-99	-0.05961970215127366
1105	100-104	-0.09765215138944683
1105	105-109	-0.04430384854999403
1105	110-114	-0.03668280519278966
1105	115-119	-0.0340645975666618
1105	120-124	-0.06044973623485106
1105	125-129	-0.02473313175667613
1105	130-134	-0.05753304821656968
1105	135-139	-0.08730681897733206
1105	140-144	-0.029541019120166823
1105	145-149	-0.017493166607458477
1105	150	-0.05258233058294337
1106	1	-0.12483793591889025
1106	2	-0.1550416903850902
1106	3	-0.16748558793942436
1106	4	-0.05950814771574642
1106	5	-0.09891260026836335
1106	6	-0.025502048260015897
1106	7	-0.10056071276412837
1106	8	-0.050002779722362334
1106	9	-0.09997406821305077
1106	10-14	-0.0772284183110159
1106	15-19	-0.09499755426102752
1106	20-24	-0.09807899146453991
1106	25-29	-0.13693431383794774
1106	30-34	-0.08063118197192409
1106	35-39	-0.11277714397682104
1106	40-44	-0.09839215541574475
1106	45-49	-0.14802581731343878
1106	50-54	-0.11702552012623357
1106	55-59	-0.09561516982201113
1106	60-64	-0.06817849472876958
1106	65-69	-0.14834265055137053
1106	70-74	-0.12680139060465478
1106	75-79	-0.06808084130056358
1106	80-84	-0.054029663556910634
1106	85-89	-0.10857255303535851
1106	90-94	-0.09025321230791405
1106	95-99	-0.10059013262759464
1106	100-104	-0.10141912514091445
1106	105-109	-0.12488003940655545
1106	110-114	-0.040845112267803074
1106	115-119	-0.07776678011465776
1106	120-124	-0.10673217616382402
1106	125-129	-0.05691978353177518
1106	130-134	-0.03311830809837346
1106	135-139	-0.10812652131079403
1106	140-144	-0.07847896229556284
1106	145-149	-0.04356840220450664
1106	150	-0.058511614036220294
1107	1	-0.09406694934344983
1107	2	-0.030213733750727556
1107	3	-0.0565124809172417
1107	4	-0.07445235139216777
1107	5	-0.11374644760240216
1107	6	-0.09481017553702742
1107	7	-0.13603397162432884
1107	8	-0.08403712220582094
1107	9	-0.03532232694503534
1107	10-14	-0.053979311584967604
1107	15-19	-0.06229782964505404
1107	20-24	-0.07682556666194529
1107	25-29	-0.07080609038741414
1107	30-34	-0.05808783693905184
1107	35-39	-0.0908967696485874
1107	40-44	-0.023005209816830074
1107	45-49	-0.08486379616206818
1107	50-54	-0.10151354543735636
1107	55-59	-0.06442770721962887
1107	60-64	-0.08161346530814484
1107	65-69	0.01713735458692156
1107	70-74	-0.03240885037963892
1107	75-79	-0.0030446689774166202
1107	80-84	-0.03109630026425947
1107	85-89	-0.060131657665898786
1107	90-94	-0.009510659535827415
1107	95-99	-0.01209180369050955
1107	100-104	0.02103505993179766
1107	105-109	-0.002365541485382039
1107	110-114	0.024647581738079793
1107	115-119	0.006153178532784409
1107	120-124	-0.019383785655868735
1107	125-129	-0.0032558654761558614
1107	130-134	-0.0070533950376372445
1107	135-139	0.030397140108711085
1107	140-144	0.07995236785193782
1107	145-149	0.08722466770679915
1107	150	-0.0680182487814065
1108	1	-0.05249356189813881
1108	2	-0.10073841845929365
1108	3	-0.04960318741362357
1108	4	-0.10371868604938328
1108	5	-0.06174911565071284
1108	6	-0.11143720271204671
1108	7	-0.10957064961471019
1108	8	-0.07493734186057566
1108	9	-0.07108769488552724
1108	10-14	-0.08248750610017908
1108	15-19	-0.07692751733016223
1108	20-24	-0.11012995221585697
1108	25-29	-0.11771192595760738
1108	30-34	-0.078593731874264
1108	35-39	-0.13401415994491117
1108	40-44	-0.09252718429318918
1108	45-49	-0.08227149190928174
1108	50-54	-0.12037029439437674
1108	55-59	-0.143848863397821
1108	60-64	-0.09902880963741723
1108	65-69	-0.0981881381708476
1108	70-74	-0.07353625849120249
1108	75-79	-0.0875833012670455
1108	80-84	-0.1553092005329404
1108	85-89	-0.1321785507166453
1108	90-94	-0.1008108120461273
1108	95-99	-0.05210005713953336
1108	100-104	-0.10394021394463238
1108	105-109	-0.14522401193118384
1108	110-114	-0.07171349212332245
1108	115-119	-0.08010718377167336
1108	120-124	-0.07671545330336471
1108	125-129	-0.07565727208434936
1108	130-134	-0.09308378728120204
1108	135-139	-0.08590008380215863
1108	140-144	-0.04394948726540804
1108	145-149	-0.03882429027414247
1108	150	-0.06744781640976782
1109	1	-0.08306367624228272
1109	2	-0.05156692976445498
1109	3	-0.07413268152154018
1109	4	-0.03762897016514444
1109	5	0.01798320380010665
1109	6	-0.038414277766030125
1109	7	-0.07026322546103358
1109	8	-0.0757561365411803
1109	9	-0.09217538024437744
1109	10-14	-0.0573793448829889
1109	15-19	-0.023562593300759715
1109	20-24	-0.06265267387205142
1109	25-29	-0.0711206519135672
1109	30-34	-0.06932873460832667
1109	35-39	-0.1140585740543969
1109	40-44	-0.08651341231259124
1109	45-49	-0.07561403804218259
1109	50-54	-0.0549036170184678
1109	55-59	-0.09158048239746108
1109	60-64	-0.04311985025705667
1109	65-69	-0.06680740344928893
1109	70-74	-0.11701276709801078
1109	75-79	-0.04800013378269341
1109	80-84	-0.02533709163508746
1109	85-89	-0.06163159729368317
1109	90-94	-0.031674691152801415
1109	95-99	-0.05766325773159764
1109	100-104	-0.04390293485102603
1109	105-109	-0.06967330532852145
1109	110-114	-0.014471207793533836
1109	115-119	-0.025006602470760697
1109	120-124	-0.03805942264295936
1109	125-129	-0.027701292783255838
1109	130-134	-0.014194037987905972
1109	135-139	-0.03176165002000175
1109	140-144	-0.029438082214213068
1109	145-149	0.024342145301368134
1109	150	-0.03830885764515557
1110	1	-0.11909657997843937
1110	2	-0.08993022923833394
1110	3	-0.052092623226549506
1110	4	-0.07941855226694372
1110	5	-0.04106308665252101
1110	6	-0.07269328652265017
1110	7	-0.06841842303480661
1110	8	-0.059394461978413915
1110	9	-0.03381327541809043
1110	10-14	-0.05976002528952762
1110	15-19	-0.06829976606965005
1110	20-24	-0.06825495236487455
1110	25-29	-0.05693932820594938
1110	30-34	-0.04786662873494407
1110	35-39	-0.1015310043483737
1110	40-44	-0.06357874858923651
1110	45-49	-0.06352672691311767
1110	50-54	-0.04735963161696333
1110	55-59	-0.0874978813212337
1110	60-64	-0.055460797921981
1110	65-69	-0.11014812360761539
1110	70-74	-0.044521217682905956
1110	75-79	-0.06025045957404984
1110	80-84	-0.10561355498320069
1110	85-89	-0.0763493225323515
1110	90-94	-0.011217659913967282
1110	95-99	0.013259971643599044
1110	100-104	-0.07297585023857067
1110	105-109	-0.00753244923738805
1110	110-114	-0.011399250027899654
1110	115-119	0.010227315240399548
1110	120-124	0.004691398617772791
1110	125-129	-0.003430479975484957
1110	130-134	-0.019008325021268035
1110	135-139	-0.019784998479195792
1110	140-144	0.019683970790055128
1110	145-149	0.05354499646351485
1110	150	0.072640111388246
1111	1	-0.1155733342940195
1111	2	-0.0871940662281574
1111	3	-0.057622261092099336
1111	4	-0.060038074209735726
1111	5	-0.07114511900696385
1111	6	-0.05985638839254648
1111	7	-0.08216753470119897
1111	8	-0.03078820963818174
1111	9	-0.12606863025482795
1111	10-14	-0.09335135744606049
1111	15-19	-0.0827131220220565
1111	20-24	-0.09721309943471113
1111	25-29	-0.11197197685377347
1111	30-34	-0.11233672341410994
1111	35-39	-0.09054098043022663
1111	40-44	-0.05143866697716959
1111	45-49	-0.09652058308331135
1111	50-54	-0.13235596365886693
1111	55-59	-0.12413600668898539
1111	60-64	-0.10279083009302781
1111	65-69	-0.12035450356221133
1111	70-74	-0.09744746497969459
1111	75-79	-0.056674152672933076
1111	80-84	-0.11441550817088597
1111	85-89	-0.11052752798384802
1111	90-94	-0.08795879377151294
1111	95-99	-0.06395025966700985
1111	100-104	-0.1225431458072137
1111	105-109	-0.10719516902831572
1111	110-114	-0.05352899640387676
1111	115-119	-0.0742527325958875
1111	120-124	-0.0406848727499991
1111	125-129	-0.04859928246358436
1111	130-134	-0.054023092373391535
1111	135-139	-0.03193023815733653
1111	140-144	0.0024929007397034297
1111	145-149	-3.089385677768064E-4
1111	150	0.052275302389524825
1112	1	-0.03892685115903305
1112	2	-0.05188394162448162
1112	3	-0.03826088147832252
1112	4	-0.09283542872138639
1112	5	-0.05071996708773696
1112	6	0.01016612209079426
1112	7	-0.1472950040520189
1112	8	-0.0944510020187721
1112	9	-0.10445825266149456
1112	10-14	-0.07698544968404519
1112	15-19	-0.05437282873931082
1112	20-24	-0.0970690439197881
1112	25-29	-0.10316165059166593
1112	30-34	-0.042220764996265814
1112	35-39	-0.08722661810504917
1112	40-44	-0.04972724790008698
1112	45-49	-0.03754384037822689
1112	50-54	-0.07586714557020713
1112	55-59	-0.06192886971756195
1112	60-64	-0.07406318860889627
1112	65-69	-0.04801289708753842
1112	70-74	-0.06773480893563999
1112	75-79	-0.0035313326776815757
1112	80-84	-0.03521334222433126
1112	85-89	-0.07334352383875853
1112	90-94	-0.06505739219721818
1112	95-99	-0.043828391403032185
1112	100-104	-0.038653482875893985
1112	105-109	-0.04615680664909405
1112	110-114	0.036350018190780986
1112	115-119	-0.02784705277543509
1112	120-124	-0.01645069232263552
1112	125-129	0.016553514799262814
1112	130-134	0.015473007610594891
1112	135-139	0.05225532715200387
1112	140-144	0.09159934165185746
1112	145-149	0.11764461920784441
1112	150	0.08856031038832413
1113	1	-0.1489341780893696
1113	2	-0.08536615903590672
1113	3	-0.09022102408861343
1113	4	-0.07086442225023859
1113	5	-0.09786243103698666
1113	6	-0.048924293654970086
1113	7	-0.0781963312404983
1113	8	-0.037686166404206745
1113	9	-0.07262654242452982
1113	10-14	-0.03369740649628028
1113	15-19	-0.07295387817244148
1113	20-24	-0.07533333754928861
1113	25-29	-0.08968294957529821
1113	30-34	-0.05266926602566002
1113	35-39	-0.06975801062829845
1113	40-44	-0.03041938823771062
1113	45-49	-0.07865078849582119
1113	50-54	-0.06428210362140163
1113	55-59	-0.05545983830441514
1113	60-64	-0.06298856148901422
1113	65-69	-0.09617796640768717
1113	70-74	-0.07149361902427387
1113	75-79	-0.023801254351219825
1113	80-84	-0.06405681728514168
1113	85-89	-0.03776294509038536
1113	90-94	-0.03923761825515726
1113	95-99	-0.03565059251533853
1113	100-104	-0.024447971630287668
1113	105-109	-0.07029298717122856
1113	110-114	-0.009626478736841193
1113	115-119	-0.01193876557692164
1113	120-124	-0.007308874515501884
1113	125-129	-0.005548375012430995
1113	130-134	-0.06906872765608085
1113	135-139	-0.08389650573720786
1113	140-144	-0.025345194916930325
1113	145-149	-0.0415630358791077
1113	150	-0.100843526565221
1114	1	-0.10474964409231546
1114	2	-0.06347576892968476
1114	3	-0.037440201667209294
1114	4	-0.05573896553478619
1114	5	-0.07264173786883532
1114	6	-0.13245358100866156
1114	7	-0.0862048408114191
1114	8	-0.059710112356142986
1114	9	-0.04178204073321723
1114	10-14	-0.08963078833211569
1114	15-19	-0.06667533738049514
1114	20-24	-0.11530076250997467
1114	25-29	-0.1209094076721513
1114	30-34	-0.07180047829005076
1114	35-39	-0.07418500869741251
1114	40-44	-0.035323266001732634
1114	45-49	-0.07572426342436955
1114	50-54	-0.09217559601145808
1114	55-59	-0.04731517075756386
1114	60-64	-0.07900951408349499
1114	65-69	-0.07905977417411236
1114	70-74	-0.031558206316582016
1114	75-79	-0.057832784604990195
1114	80-84	-0.05755399707524589
1114	85-89	-0.055245834949616324
1114	90-94	-0.04325964014361716
1114	95-99	-0.03395537125182102
1114	100-104	-0.015104666086799057
1114	105-109	-0.03370028302994399
1114	110-114	-0.009407367270512168
1114	115-119	-0.030448928030025968
1114	120-124	-0.05214726937030889
1114	125-129	0.015065180058712713
1114	130-134	-0.03718020291412927
1114	135-139	0.014051850752821338
1114	140-144	-0.006816974890483607
1114	145-149	-0.00921490232506983
1114	150	0.010233181963968718
1115	1	-0.08164316887662437
1115	2	-0.11517744575496636
1115	3	-0.06612921040036213
1115	4	-0.041745059938222084
1115	5	-0.051307807302933384
1115	6	-0.10160645770690735
1115	7	-0.16974152234924134
1115	8	-0.1128933665301588
1115	9	-0.06453770300738171
1115	10-14	-0.11242516057781415
1115	15-19	-0.11772404809092052
1115	20-24	-0.09538025379755055
1115	25-29	-0.11837726396979775
1115	30-34	-0.12446871728159437
1115	35-39	-0.16313102630812892
1115	40-44	-0.10476815944146267
1115	45-49	-0.1480623325488395
1115	50-54	-0.09112123576242226
1115	55-59	-0.13013817161562713
1115	60-64	-0.13695208766326772
1115	65-69	-0.1171926697408665
1115	70-74	-0.12103648297631509
1115	75-79	-0.09279566026756214
1115	80-84	-0.1038352865774641
1115	85-89	-0.0869060022757111
1115	90-94	-0.12252422411467734
1115	95-99	-0.1250922777921133
1115	100-104	-0.09336631544916685
1115	105-109	-0.0875765839880458
1115	110-114	-0.035743389833172046
1115	115-119	-0.06519128046240752
1115	120-124	-0.05469707304386873
1115	125-129	-0.0931150673002108
1115	130-134	0.020044822660238992
1115	135-139	-0.04902000822686148
1115	140-144	-0.009803394733651771
1115	145-149	-0.03993879745629414
1115	150	-0.05494025030436234
1116	1	-0.14026051144411156
1116	2	-0.126473584035935
1116	3	-0.1961835017101521
1116	4	-0.19581068760341935
1116	5	-0.1474371364226883
1116	6	-0.13844702587587676
1116	7	-0.2009104836829536
1116	8	-0.18439585985635176
1116	9	-0.13371752970196837
1116	10-14	-0.11915854756004762
1116	15-19	-0.12133138856693648
1116	20-24	-0.13591455255036777
1116	25-29	-0.17754237155872232
1116	30-34	-0.15049248593152953
1116	35-39	-0.16520784209388495
1116	40-44	-0.16511957887876605
1116	45-49	-0.19433508819805922
1116	50-54	-0.14534397490817952
1116	55-59	-0.1603353284606257
1116	60-64	-0.1352718000660218
1116	65-69	-0.1546162387851382
1116	70-74	-0.1256049073858918
1116	75-79	-0.1735803856542546
1116	80-84	-0.12738472462515205
1116	85-89	-0.13986310227770815
1116	90-94	-0.13089026381436497
1116	95-99	-0.1402848445610303
1116	100-104	-0.12067324190540774
1116	105-109	-0.09523560848911927
1116	110-114	-0.08002236286294107
1116	115-119	-0.08043036313061691
1116	120-124	-0.12004113082272738
1116	125-129	-0.13190358801610813
1116	130-134	-0.041392645565750286
1116	135-139	-0.0468366847482784
1116	140-144	-0.08310180364264852
1116	145-149	-0.021617091944712286
1116	150	-0.03532127339365587
1117	1	-0.09904787362686562
1117	2	-0.06059935662401017
1117	3	-0.07081168982767139
1117	4	-0.04527956421706136
1117	5	-0.10364988978570011
1117	6	-0.034383454880483555
1117	7	-0.10356506085116735
1117	8	-0.03268056295876676
1117	9	-0.10574691113579604
1117	10-14	-0.04886191651559102
1117	15-19	-0.09007576980187082
1117	20-24	-0.07915087876225613
1117	25-29	-0.1230980735612448
1117	30-34	-0.09163197245208465
1117	35-39	-0.10700580004573368
1117	40-44	-0.07482356902257692
1117	45-49	-0.11865058930461458
1117	50-54	-0.07158107772406908
1117	55-59	-0.10114506902493758
1117	60-64	-0.13371638498485083
1117	65-69	-0.12688226506424627
1117	70-74	-0.08140327418284699
1117	75-79	-0.07304340785028529
1117	80-84	-0.08506504862317854
1117	85-89	-0.08393258019803795
1117	90-94	-0.08788755363580947
1117	95-99	-0.07366072365442022
1117	100-104	-0.053791651217267145
1117	105-109	-0.02950815831299991
1117	110-114	-0.04378053053198272
1117	115-119	-0.027779810040179598
1117	120-124	-0.04708240842722944
1117	125-129	-0.019137187169960157
1117	130-134	-0.03471971895883996
1117	135-139	0.0030728558224737412
1117	140-144	-0.05231896432752592
1117	145-149	0.018391739964151554
1117	150	0.07485397141132921
1118	1	-0.06299991115982095
1118	2	-0.11561804237327067
1118	3	-0.08637412982344728
1118	4	-0.03007987798030598
1118	5	-0.09575238728666591
1118	6	-0.04578819245887189
1118	7	-0.017681157955422577
1118	8	-0.08750247668049127
1118	9	-0.02911635576908367
1118	10-14	-0.06864292485252577
1118	15-19	-0.07057862774583157
1118	20-24	-0.09558354662319601
1118	25-29	-0.0992991042976783
1118	30-34	-0.05311346690348273
1118	35-39	-0.07580186582011805
1118	40-44	-0.08262970116910395
1118	45-49	-0.0811683886417498
1118	50-54	-0.047249358915941286
1118	55-59	-0.09594754793559446
1118	60-64	-0.07377690965446959
1118	65-69	-0.06655046061503356
1118	70-74	-0.11693189309305296
1118	75-79	-0.04980326161602733
1118	80-84	-0.09930347015419017
1118	85-89	-0.07773339181714078
1118	90-94	-0.05240641252837008
1118	95-99	-0.06873820695805932
1118	100-104	-0.08638580602200818
1118	105-109	-0.04693681185186449
1118	110-114	-0.04831231420222082
1118	115-119	-0.05668597822089083
1118	120-124	-0.028500959056529496
1118	125-129	0.03285591425527201
1118	130-134	0.020034182155292513
1118	135-139	0.03231272649251338
1118	140-144	0.029427651844251557
1118	145-149	0.03684119008489262
1118	150	0.11387498412084796
1119	1	-0.17170301129767296
1119	2	-0.11150808491795772
1119	3	-0.11403707447220057
1119	4	-0.07242310875690805
1119	5	0.011287939265848479
1119	6	-0.0789352360916098
1119	7	-0.13159165270811002
1119	8	-0.047270266781481496
1119	9	-0.08623547398811127
1119	10-14	-0.1070625697898393
1119	15-19	-0.11330567832060723
1119	20-24	-0.10250601683409855
1119	25-29	-0.16055612312741374
1119	30-34	-0.1278770993962084
1119	35-39	-0.11014764804296107
1119	40-44	-0.11558624944258611
1119	45-49	-0.0845912633451178
1119	50-54	-0.10487063877359759
1119	55-59	-0.11455930776040191
1119	60-64	-0.11622567948732865
1119	65-69	-0.328168390890319
1119	70-74	-0.1285876413303697
1119	75-79	-0.11473039992824141
1119	80-84	-0.07779378574102225
1119	85-89	-0.11668419645953776
1119	90-94	-0.11806722949344817
1119	95-99	-0.04559032958594855
1119	100-104	-0.05450867151287753
1119	105-109	-0.0658407101138394
1119	110-114	-0.0673620059673965
1119	115-119	-0.059488373420414575
1119	120-124	-0.06277593037463447
1119	125-129	-0.031797594513768956
1119	130-134	-0.024524601594592355
1119	135-139	-0.04690242687327384
1119	140-144	-0.012193959830888446
1119	145-149	-0.05020622235313965
1119	150	-0.007128948359813592
1120	1	-0.12557007524628006
1120	2	-0.12024898774838277
1120	3	-0.1190767991668551
1120	4	-0.07828951750230573
1120	5	-0.023695652153747915
1120	6	-0.06637627455269524
1120	7	-0.14887725740756963
1120	8	-0.1357192801816467
1120	9	-0.13053633106230933
1120	10-14	-0.03748174084378064
1120	15-19	-0.06461528373768033
1120	20-24	-0.09623519410705939
1120	25-29	-0.1004040883824402
1120	30-34	-0.10494983505260791
1120	35-39	-0.11552291838178519
1120	40-44	-0.060840733189564844
1120	45-49	-0.0585029675124602
1120	50-54	-0.06363229270570514
1120	55-59	-0.09407973141047421
1120	60-64	-0.10117677774770328
1120	65-69	-0.16539262128905818
1120	70-74	-0.05309833143275
1120	75-79	-0.05112094424190872
1120	80-84	-0.08001677263366247
1120	85-89	-0.06742019906595687
1120	90-94	-0.06949952351169486
1120	95-99	-0.04280747994998535
1120	100-104	-0.07709628619218734
1120	105-109	-0.03239948625184752
1120	110-114	-0.025548245079967558
1120	115-119	0.015929380126571857
1120	120-124	-0.0621370232439844
1120	125-129	-0.025582980062161198
1120	130-134	0.013057242556442361
1120	135-139	-9.851978788475435E-4
1120	140-144	0.021620645860679133
1120	145-149	-0.00557172764412428
1120	150	-0.03293363480277378
1121	1	-0.12374544625029671
1121	2	-0.10925066407435935
1121	3	-0.05088400166231111
1121	4	-0.10757912395258984
1121	5	-0.10311956484976292
1121	6	-0.17101892971442822
1121	7	-0.11662248692919519
1121	8	-0.1325154689973118
1121	9	-0.10071368222825328
1121	10-14	-0.13031658404560886
1121	15-19	-0.1022732433283835
1121	20-24	-0.10332778281028254
1121	25-29	-0.17026239686168054
1121	30-34	-0.1234374370818827
1121	35-39	-0.11215776642347919
1121	40-44	-0.0770459386731801
1121	45-49	-0.11763580118453376
1121	50-54	-0.10319694388739009
1121	55-59	-0.12734440837490268
1121	60-64	-0.12751988651230306
1121	65-69	-0.14159970296714874
1121	70-74	-0.08828844998254937
1121	75-79	-0.11990678650235509
1121	80-84	-0.09466388823860683
1121	85-89	-0.10633377491634377
1121	90-94	-0.11269038058899383
1121	95-99	-0.10362568596749355
1121	100-104	-0.0823905484728229
1121	105-109	-0.07779024706961479
1121	110-114	-0.07446594079050328
1121	115-119	0.03151540558486232
1121	120-124	-0.05130667275113865
1121	125-129	0.0014253053679667005
1121	130-134	-0.05934731277203298
1121	135-139	-0.020007312176737457
1121	140-144	0.02438624015872648
1121	145-149	0.0055704893903509856
1121	150	-0.04237686811921293
1122	1	-0.07407964910665044
1122	2	-0.056913679248161486
1122	3	-0.02683275612471192
1122	4	-0.04491582597538013
1122	5	-0.06741789839691847
1122	6	-0.03893000336633179
1122	7	-0.09712890476724567
1122	8	-0.06593262970024938
1122	9	-0.09065859644225327
1122	10-14	-0.06699191595274812
1122	15-19	-0.06205463959030766
1122	20-24	-0.09761818886500606
1122	25-29	-0.10699721645139704
1122	30-34	-0.16468888806131332
1122	35-39	-0.12120692377427389
1122	40-44	-0.07958218444380805
1122	45-49	-0.11161130279171516
1122	50-54	-0.09280744831570331
1122	55-59	-0.13525147179645813
1122	60-64	-0.10324740053717107
1122	65-69	-0.07999407175443451
1122	70-74	-0.06305485226552321
1122	75-79	-0.05419444189652722
1122	80-84	-0.04203991343096192
1122	85-89	-0.09286061254022115
1122	90-94	-0.08535054223737859
1122	95-99	-0.06334000114028981
1122	100-104	-0.051429578882377314
1122	105-109	-0.04227616055072758
1122	110-114	-0.015131565852918527
1122	115-119	-0.005999537561457657
1122	120-124	0.021045871960730267
1122	125-129	0.003926187216784172
1122	130-134	-0.029122063903528783
1122	135-139	-0.004010883596954784
1122	140-144	0.049654997867214945
1122	145-149	-0.007361609780495826
1122	150	0.09409188234375421
1123	1	-0.06609995112296474
1123	2	-0.0526776257178696
1123	3	-0.09810547342243581
1123	4	-0.010770951591133837
1123	5	-0.02425933013158499
1123	6	-0.08450793614874641
1123	7	-0.048689639415961494
1123	8	-0.0013105480271136116
1123	9	-0.10849811620037997
1123	10-14	-0.040276255620625534
1123	15-19	-0.06693401019460055
1123	20-24	-0.0634039422802104
1123	25-29	-0.10796124460127743
1123	30-34	-0.09782412081055014
1123	35-39	-0.08937147232393983
1123	40-44	-0.09567985559340997
1123	45-49	-0.09118086489053212
1123	50-54	-0.049567957847656885
1123	55-59	-0.09922607659012783
1123	60-64	-0.09196553888616421
1123	65-69	-0.082094511836587
1123	70-74	-0.04301678959429722
1123	75-79	-0.005442640705275892
1123	80-84	-0.05873554984916041
1123	85-89	-0.0639424389817691
1123	90-94	-0.043076090544410306
1123	95-99	-0.05461087043766355
1123	100-104	-0.06313864623864873
1123	105-109	-0.07772882002444703
1123	110-114	-0.03029697135860232
1123	115-119	-0.0046100362066354705
1123	120-124	-0.07285474333856001
1123	125-129	-0.05732488194797014
1123	130-134	-0.02138128854285526
1123	135-139	-0.049487320735302376
1123	140-144	0.012602157780328582
1123	145-149	0.05428233992682152
1123	150	0.012519089673247663
1124	1	-0.13433068220663813
1124	2	-0.04618743101504208
1124	3	-0.10596768406292512
1124	4	-0.06394687556828416
1124	5	-0.04924449736395786
1124	6	-0.06076791376157331
1124	7	-0.06693382305442697
1124	8	-0.03518543107065142
1124	9	-0.05235081699362354
1124	10-14	-0.07905001426684777
1124	15-19	-0.05697698604437562
1124	20-24	-0.04702714441738465
1124	25-29	-0.08180087134351055
1124	30-34	-0.0490413238797629
1124	35-39	-0.049065231423405464
1124	40-44	-0.014354376334090091
1124	45-49	-0.0027475788340041163
1124	50-54	-0.03484311201562207
1124	55-59	-0.03679689235738692
1124	60-64	-0.06079073788392009
1124	65-69	-0.0748801453759711
1124	70-74	-0.022373217444368265
1124	75-79	0.02367584809547907
1124	80-84	0.003413505422265928
1124	85-89	-0.01281652282783341
1124	90-94	-0.007681743847967937
1124	95-99	-0.05683623158934381
1124	100-104	0.0012200996457210067
1124	105-109	0.01426621072717893
1124	110-114	0.03854198155045907
1124	115-119	0.06753499053091616
1124	120-124	0.07188149859140935
1124	125-129	0.020921191798542793
1124	130-134	0.028631127345526863
1124	135-139	0.03219360250533754
1124	140-144	0.07161072860068174
1124	145-149	0.023170859955335743
1124	150	0.08686331981704143
1125	1	-0.19730732675881768
1125	2	-0.11558174487888806
1125	3	-0.0015314231945069423
1125	4	-0.019171107822103295
1125	5	-0.030610086034478456
1125	6	-0.06672199624673425
1125	7	-0.03928348039806906
1125	8	-0.016445295739117682
1125	9	-0.0714179213821069
1125	10-14	-0.057257021742657344
1125	15-19	-0.04981839523292564
1125	20-24	-0.06899232461700677
1125	25-29	-0.10614306850344946
1125	30-34	-0.1123482793049817
1125	35-39	-0.058478838865795524
1125	40-44	-0.044522669231042755
1125	45-49	-0.06306649387374108
1125	50-54	-0.03950091846196102
1125	55-59	-0.04719986969914913
1125	60-64	-0.06549829892315984
1125	65-69	-0.04494318308680789
1125	70-74	-0.061603085106042954
1125	75-79	-0.015719042772587954
1125	80-84	-0.008867248000981931
1125	85-89	-0.02074777037104525
1125	90-94	-0.0387302927424642
1125	95-99	-0.02842545747807179
1125	100-104	-0.0031118436684209883
1125	105-109	-3.856573840792521E-4
1125	110-114	0.002662645153392873
1125	115-119	0.005834306660709387
1125	120-124	3.6945903777052536E-4
1125	125-129	0.04335392572868102
1125	130-134	0.025918089574595626
1125	135-139	0.03559215735018739
1125	140-144	0.04201822580882464
1125	145-149	0.0583176414137867
1125	150	0.06697993477371256
1126	1	-0.09160695342242064
1126	2	-0.05310450309725212
1126	3	-0.08390451810898014
1126	4	-0.04553196858783082
1126	5	-0.013746350829556775
1126	6	-0.03189107352127252
1126	7	-0.11993986148570457
1126	8	0.0391532558639085
1126	9	-0.1361645893876684
1126	10-14	-0.017712999010136343
1126	15-19	-0.04215868723146343
1126	20-24	-0.0413531543012553
1126	25-29	-0.0505077929362443
1126	30-34	-0.07684311559524559
1126	35-39	-0.046205969770227284
1126	40-44	-0.06745150100970676
1126	45-49	-0.03316711418835183
1126	50-54	-0.011882453193727827
1126	55-59	-0.06944808879011788
1126	60-64	-0.03561294176706298
1126	65-69	-0.0466626464291906
1126	70-74	-0.07564154963311154
1126	75-79	-0.022836904940575664
1126	80-84	-0.035558229948620124
1126	85-89	5.524755312720231E-4
1126	90-94	-0.026362888129732198
1126	95-99	-0.005619696406192531
1126	100-104	-0.010873498924595992
1126	105-109	-0.03256702738400463
1126	110-114	-0.007803122780309479
1126	115-119	0.04508208702463179
1126	120-124	0.04092929626645514
1126	125-129	0.0449789252803896
1126	130-134	0.06142044399670965
1126	135-139	0.08609328644472924
1126	140-144	0.019614814496833333
1126	145-149	0.039298800059647476
1126	150	0.11378810585574684
1127	1	-0.1598331794554113
1127	2	-0.12256120865484377
1127	3	-0.1406697966609869
1127	4	-0.11320770980375272
1127	5	-0.09423914274105982
1127	6	-0.06789735362124816
1127	7	-0.20094219754407305
1127	8	-0.052553845363121354
1127	9	-0.10709617129177929
1127	10-14	-0.09781445957081303
1127	15-19	-0.08320878559753453
1127	20-24	-0.08512959402103348
1127	25-29	-0.09099339808815188
1127	30-34	-0.07947741726128044
1127	35-39	-0.07392253235902757
1127	40-44	-0.10232658948855544
1127	45-49	-0.11151595255784486
1127	50-54	-0.07074689456777605
1127	55-59	-0.12948775334051987
1127	60-64	-0.13550741786747977
1127	65-69	-0.1062582719050269
1127	70-74	-0.09065518929303096
1127	75-79	-0.07792620078996038
1127	80-84	-0.0780621288018537
1127	85-89	-0.06674382791483424
1127	90-94	-0.0900073199455349
1127	95-99	-0.09941482603900198
1127	100-104	-0.1108478680767675
1127	105-109	-0.07118266516553717
1127	110-114	-0.07222219184189527
1127	115-119	-0.042044864842154084
1127	120-124	-0.028152490359083515
1127	125-129	-0.07102943710003728
1127	130-134	-0.07962321954436646
1127	135-139	-0.023977033901104505
1127	140-144	-0.009199970272725011
1127	145-149	-0.004102467673178012
1127	150	0.04083761568837474
1128	1	-0.1429654996404892
1128	2	-0.09255406185391735
1128	3	-0.0526244482147078
1128	4	-0.08667877275767921
1128	5	-0.03172817736510325
1128	6	-0.07955356700438898
1128	7	-0.1847374037591223
1128	8	-0.10345916179725378
1128	9	-0.07823923057244286
1128	10-14	-0.04941979061045032
1128	15-19	-0.037080663220784515
1128	20-24	-0.08128561681282065
1128	25-29	-0.07193667384220248
1128	30-34	-0.10375046044590164
1128	35-39	-0.06169000430790561
1128	40-44	-0.06732661498070058
1128	45-49	-0.05863453217089898
1128	50-54	-0.03296564785738809
1128	55-59	-0.026770871325112466
1128	60-64	-0.05135417582005175
1128	65-69	-0.053164456871911625
1128	70-74	-0.03806401959595007
1128	75-79	-0.018672077283767408
1128	80-84	-0.030155373710393008
1128	85-89	-0.016068864601031407
1128	90-94	0.01119626371177418
1128	95-99	0.0019853771184870084
1128	100-104	0.007066357715956428
1128	105-109	-0.01143107872867688
1128	110-114	0.02141480405446572
1128	115-119	0.05009781085653486
1128	120-124	0.0036478646716773255
1128	125-129	0.027695589209379534
1128	130-134	0.044912848707433284
1128	135-139	0.021123436684099772
1128	140-144	-0.01830306924916414
1128	145-149	0.05592942451359306
1128	150	0.11440479906605105
1129	1	-0.05782465781862811
1129	2	-0.07549015209524157
1129	3	-0.04040947025802666
1129	4	-0.09650795573192994
1129	5	-0.10195468530626783
1129	6	-0.01816295957441838
1129	7	-0.18410489011347408
1129	8	-0.07253668515706124
1129	9	-0.1576160386850063
1129	10-14	-0.08075467717075924
1129	15-19	-0.049705918355996914
1129	20-24	-0.08828688028250298
1129	25-29	-0.10426647237600406
1129	30-34	-0.0915489738770745
1129	35-39	-0.10831094483497594
1129	40-44	-0.1242640819187173
1129	45-49	-0.06735078348214785
1129	50-54	-0.07499292658094703
1129	55-59	-0.11115118707870408
1129	60-64	-0.08119281235116205
1129	65-69	-0.0971307331949447
1129	70-74	-0.07481935279788132
1129	75-79	-0.04099208078242356
1129	80-84	-0.06714169001634929
1129	85-89	-0.03612816200646307
1129	90-94	-0.04572826299632027
1129	95-99	-0.05717026089775601
1129	100-104	-0.021079672778654412
1129	105-109	-0.049697303590335196
1129	110-114	0.008436041008643258
1129	115-119	-0.010079841725854521
1129	120-124	-0.02077118789981114
1129	125-129	0.005651332424889688
1129	130-134	-0.028366786665642962
1129	135-139	-0.032308521969468984
1129	140-144	-0.023709569198551605
1129	145-149	0.015819528412855277
1129	150	0.06015779763483664
1130	1	-0.15773491855988908
1130	2	-0.10147809035265709
1130	3	-0.0551173874806139
1130	4	-0.10017831794294807
1130	5	-0.024984218530086366
1130	6	-0.10664150351696122
1130	7	-0.07707979055408032
1130	8	-0.12297842068924325
1130	9	-0.0953113447200522
1130	10-14	-0.06393092962096603
1130	15-19	-0.06609329338560599
1130	20-24	-0.05008022808561208
1130	25-29	-0.11349917337635418
1130	30-34	-0.08942390674898348
1130	35-39	-0.10063451214053742
1130	40-44	-0.07664537078887435
1130	45-49	-0.06991628684046702
1130	50-54	-0.07065587475194235
1130	55-59	-0.11292036002749484
1130	60-64	-0.07473390095155708
1130	65-69	-0.08321522737367104
1130	70-74	-0.08356423977339489
1130	75-79	-0.06942362918437084
1130	80-84	-0.0515777408160929
1130	85-89	-0.07977990832556259
1130	90-94	-0.021963131931727276
1130	95-99	-0.06610045063984415
1130	100-104	-0.04259235086065161
1130	105-109	-0.11825236948423878
1130	110-114	-0.03371497839472681
1130	115-119	0.005991926528842839
1130	120-124	-0.04273166994747157
1130	125-129	-0.05143423140192027
1130	130-134	-0.061567201308768915
1130	135-139	-0.08379423305451894
1130	140-144	-0.06423085999444567
1130	145-149	-0.02851065249037532
1130	150	0.13814943736535668
1131	1	-0.11078869859466067
1131	2	-0.019742586276159102
1131	3	-0.19277658934533548
1131	4	-0.13618773296826703
1131	5	-0.06070809070980232
1131	6	-0.11977438274474395
1131	7	-0.08410009269223906
1131	8	-0.06871099690574312
1131	9	-0.1383600064381696
1131	10-14	-0.07117310416779077
1131	15-19	-0.06438541489215766
1131	20-24	-0.10328239418328167
1131	25-29	-0.09495335081648903
1131	30-34	-0.16119119853316732
1131	35-39	-0.11910248871657103
1131	40-44	-0.07484104837657668
1131	45-49	-0.07880845440558204
1131	50-54	-0.05284272238433374
1131	55-59	-0.09981253303095627
1131	60-64	-0.13979239405686172
1131	65-69	-0.08245491127929938
1131	70-74	-0.1025239500543691
1131	75-79	-0.10058421831939057
1131	80-84	-0.06762735236158335
1131	85-89	-0.06980891710015413
1131	90-94	-0.04487085154190851
1131	95-99	-0.04486538579912036
1131	100-104	-0.0258958754054035
1131	105-109	-0.03681061357622184
1131	110-114	-0.027627501345946825
1131	115-119	-0.0038448272876578926
1131	120-124	-0.02357002386168716
1131	125-129	-0.02950927400998893
1131	130-134	0.004019277131888543
1131	135-139	-0.02036478040961498
1131	140-144	-0.012255368750039963
1131	145-149	0.03707557494988123
1131	150	0.09270676960871072
1132	1	-0.20813587299135605
1132	2	-0.1122835515857048
1132	3	-0.09815673845576356
1132	4	-0.16974620714120903
1132	5	-0.05556382440695273
1132	6	-0.06794240751509051
1132	7	-0.15283207790859166
1132	8	-0.1262694546865859
1132	9	-0.13169103794950132
1132	10-14	-0.11656896177312603
1132	15-19	-0.11160011772029321
1132	20-24	-0.12104243075427945
1132	25-29	-0.11458968808296532
1132	30-34	-0.12802822517029
1132	35-39	-0.08087005876077313
1132	40-44	-0.09966319045902594
1132	45-49	-0.11927449704230497
1132	50-54	-0.06881489241202132
1132	55-59	-0.054497376786258656
1132	60-64	-0.11675767901958523
1132	65-69	-0.09254362665089388
1132	70-74	-0.057615567153028735
1132	75-79	-0.06893419947589763
1132	80-84	-0.046268633774232626
1132	85-89	-0.0858906409472624
1132	90-94	-0.07295195545908228
1132	95-99	-0.06881184566093168
1132	100-104	-0.03343686758966413
1132	105-109	-0.04946655634976338
1132	110-114	0.01340735878510202
1132	115-119	0.011098572627766146
1132	120-124	0.020484045931148387
1132	125-129	0.07826941242689145
1132	130-134	0.022286684606321217
1132	135-139	2.737313926743923E-4
1132	140-144	0.027205339715607124
1132	145-149	0.06777184720092322
1132	150	0.06117461941425972
1133	1	-0.17382708673604697
1133	2	-0.09976054697274606
1133	3	-0.1261846689910726
1133	4	-0.18044592277764337
1133	5	-0.0691512966761536
1133	6	-0.05110745040444442
1133	7	-0.17473009140183393
1133	8	-0.2135850569628701
1133	9	-0.13759373933605445
1133	10-14	-0.10749527985798579
1133	15-19	-0.09132794650808762
1133	20-24	-0.12057376107411955
1133	25-29	-0.17241013776116887
1133	30-34	-0.15126122336850756
1133	35-39	-0.16002736267771667
1133	40-44	-0.1053759950752422
1133	45-49	-0.1519387157663985
1133	50-54	-0.12340081536121517
1133	55-59	-0.0956639838023321
1133	60-64	-0.10676551460949923
1133	65-69	-0.06523185018849631
1133	70-74	-0.09481843953461322
1133	75-79	-0.07922754727095338
1133	80-84	-0.07041706338830522
1133	85-89	-0.08350734135775895
1133	90-94	-0.04394453281179267
1133	95-99	-0.05691274484684783
1133	100-104	-0.09082729458968686
1133	105-109	-0.06309831114350573
1133	110-114	-0.06079870182458791
1133	115-119	-0.023657465928906163
1133	120-124	-0.012220817952588447
1133	125-129	0.026042009518882026
1133	130-134	0.007563361394893775
1133	135-139	0.019633151352628886
1133	140-144	-0.06811903411396969
1133	145-149	0.010263887847877129
1133	150	0.07673733636430313
1134	1	-0.08578925824186001
1134	2	-0.09029796698768422
1134	3	-0.13882594101051637
1134	4	-0.0972237781982983
1134	5	-0.056922242014699975
1134	6	-0.05445565378911965
1134	7	-0.14595361787701933
1134	8	-0.13385985647643395
1134	9	-0.04754375112316467
1134	10-14	-0.09681719225231689
1134	15-19	-0.09069647075547493
1134	20-24	-0.06185072447257056
1134	25-29	-0.07018139058963158
1134	30-34	-0.098712053621405
1134	35-39	-0.07848026637730499
1134	40-44	-0.1363040056577205
1134	45-49	-0.08463168226627715
1134	50-54	-0.08380187867338407
1134	55-59	-0.0726609529164719
1134	60-64	-0.10436106408492662
1134	65-69	-0.049879493881256565
1134	70-74	-0.1366148920657082
1134	75-79	-0.06286755255253951
1134	80-84	-0.08839421387327207
1134	85-89	-0.021786446935934123
1134	90-94	-0.08685755959174912
1134	95-99	-0.021541529158348283
1134	100-104	-0.011224559497058806
1134	105-109	-0.05924719896455599
1134	110-114	-0.002128131442852066
1134	115-119	-0.005964375830131985
1134	120-124	-0.00841609454579384
1134	125-129	-0.05397797129615611
1134	130-134	-0.04218427379666423
1134	135-139	0.006596519657414035
1134	140-144	-0.044797865724660824
1134	145-149	0.042199573016795
1134	150	0.10298057535450766
1135	1	-0.21462087112643502
1135	2	-0.023878765430126236
1135	3	-0.06006432677656903
1135	4	-0.09100799440617635
1135	5	-0.043371177938830385
1135	6	-0.032598484770694824
1135	7	-0.14256693617449656
1135	8	-0.11617610098256392
1135	9	-0.022176288327266036
1135	10-14	-0.05912061772843913
1135	15-19	-0.03544447561321107
1135	20-24	-0.06207843092642662
1135	25-29	-0.05571583811835268
1135	30-34	-0.02886795423055588
1135	35-39	-0.048712020945885115
1135	40-44	-0.046173550341194414
1135	45-49	-0.02628692746636574
1135	50-54	-0.014704029957215425
1135	55-59	-0.04058398090629112
1135	60-64	-0.014348534205979036
1135	65-69	0.0037661225887859473
1135	70-74	-0.017429816115352992
1135	75-79	-0.026907040947946825
1135	80-84	0.020036226021872494
1135	85-89	0.07036604169080363
1135	90-94	0.045770871667407675
1135	95-99	0.04902472498614685
1135	100-104	0.05426049139351363
1135	105-109	0.04888064435413497
1135	110-114	0.05492826265074768
1135	115-119	0.09042268176875012
1135	120-124	0.09275703946608616
1135	125-129	0.1170648519747175
1135	130-134	0.14814733426872806
1135	135-139	0.09199203010539492
1135	140-144	0.09411314321975084
1135	145-149	0.10593492269679672
1135	150	0.169837840756621
1136	1	-0.2093592583915722
1136	2	-0.10155433374374212
1136	3	-0.1463646341298528
1136	4	-0.1418981591011459
1136	5	-0.19501957738211217
1136	6	-0.11785350100822711
1136	7	-0.1828309410457578
1136	8	-0.10438286855389833
1136	9	-0.11218078264413123
1136	10-14	-0.10264024774468794
1136	15-19	-0.0992897261351331
1136	20-24	-0.11753032723817824
1136	25-29	-0.11860060963307717
1136	30-34	-0.11617759816468265
1136	35-39	-0.10550525337455241
1136	40-44	-0.12443801914193386
1136	45-49	-0.09996516337451311
1136	50-54	-0.052414537959997176
1136	55-59	-0.05758554666829241
1136	60-64	-0.07654466039479502
1136	65-69	-0.07507173405699064
1136	70-74	-0.0815654574978737
1136	75-79	-0.09374260694192316
1136	80-84	-0.047573522296389115
1136	85-89	-0.029999157798883402
1136	90-94	-0.04083127980556611
1136	95-99	-0.015305186867244913
1136	100-104	-0.0044786352592254275
1136	105-109	-0.009548954346868754
1136	110-114	-0.026174874672371118
1136	115-119	0.03070190932616157
1136	120-124	0.02106007240507779
1136	125-129	0.044774055175828664
1136	130-134	0.03757220668811101
1136	135-139	0.012426819017484547
1136	140-144	0.005395183349655497
1136	145-149	0.09064467681417199
1136	150	0.1204460233128728
1137	1	-0.15315605439060676
1137	2	-0.06555263587733862
1137	3	-0.11467906859307675
1137	4	-0.1987131580760746
1137	5	-0.04140886811862998
1137	6	-0.1338966060247273
1137	7	-0.1686950482076952
1137	8	-0.05731977318173875
1137	9	-0.15898616615115202
1137	10-14	-0.11951106263392575
1137	15-19	-0.12964139815817077
1137	20-24	-0.10718994544924243
1137	25-29	-0.10043863664301966
1137	30-34	-0.1553355084029846
1137	35-39	-0.10436641237050992
1137	40-44	-0.12118594084373058
1137	45-49	-0.11947416813026734
1137	50-54	-0.13525728030299433
1137	55-59	-0.10803730040836967
1137	60-64	-0.12904309391090862
1137	65-69	-0.10005130479709834
1137	70-74	-0.10731513192909858
1137	75-79	-0.06564465044541379
1137	80-84	-0.0715886587176442
1137	85-89	-0.03312663926816839
1137	90-94	-0.0741498867466035
1137	95-99	-0.06218954426235257
1137	100-104	-0.032381106116858405
1137	105-109	-0.056840886305160154
1137	110-114	-0.03014060549124764
1137	115-119	-0.009205603155180597
1137	120-124	-0.03071662351224802
1137	125-129	0.005767307023127444
1137	130-134	0.04012030568411973
1137	135-139	0.03948194481263556
1137	140-144	0.02839766373612207
1137	145-149	0.007970999229762299
1137	150	0.11240497999128962
1138	1	-0.12094403408424625
1138	2	-0.08617352280919732
1138	3	-0.05033486069714144
1138	4	-0.09384951812739217
1138	5	-0.1146130648187551
1138	6	-0.07884858135545869
1138	7	-0.07910350316569037
1138	8	-0.10507416542392178
1138	9	-0.12536889766121817
1138	10-14	-0.06006531329327203
1138	15-19	-0.05454305002211868
1138	20-24	-0.05905774247023743
1138	25-29	-0.06886623991096741
1138	30-34	-0.061419627078642236
1138	35-39	-0.04204158747347009
1138	40-44	-0.0817396336358982
1138	45-49	-0.051634922366687874
1138	50-54	-0.08317412731464913
1138	55-59	-0.06857714270509518
1138	60-64	-0.059538999358196065
1138	65-69	-0.0038787545553873315
1138	70-74	-0.04914651368914491
1138	75-79	-0.0401628167167587
1138	80-84	-0.044013476497063664
1138	85-89	-0.016293574288191337
1138	90-94	-0.050936264014865174
1138	95-99	0.019172113334164465
1138	100-104	1.0744317840760687E-4
1138	105-109	-0.05242363628256186
1138	110-114	-0.05005328965955158
1138	115-119	-0.007082533808436153
1138	120-124	-0.05405730530288366
1138	125-129	-0.04945432975916475
1138	130-134	-0.015527426201060734
1138	135-139	-0.025734074824285358
1138	140-144	0.02376650050610607
1138	145-149	0.06614721600541174
1138	150	0.0833862683566835
1139	1	-0.1462673962619121
1139	2	-0.05848989095377988
1139	3	-0.028397203712657415
1139	4	-0.06403683871226207
1139	5	-0.06889795644683971
1139	6	-0.10262891926087292
1139	7	-0.13674967282847916
1139	8	-0.12735050718572438
1139	9	-0.10868602640329073
1139	10-14	-0.057988968741170765
1139	15-19	-0.04530243998540584
1139	20-24	-0.027969342375747885
1139	25-29	-0.0466163819517007
1139	30-34	-0.05325357147179943
1139	35-39	-0.08515493285641895
1139	40-44	-0.06373074412265822
1139	45-49	-0.03822836929733597
1139	50-54	-0.023375769839610427
1139	55-59	-0.027976607448437107
1139	60-64	-0.02520588844710403
1139	65-69	5.2298075928547405E-5
1139	70-74	-0.005358781486819453
1139	75-79	-0.010445632938420601
1139	80-84	-0.003391965876360814
1139	85-89	0.02145248332958971
1139	90-94	-0.012407358664262347
1139	95-99	0.009368656344001636
1139	100-104	0.007770162210995579
1139	105-109	0.01676911047503893
1139	110-114	0.028950779849729713
1139	115-119	0.08183352576736524
1139	120-124	0.029182031779392048
1139	125-129	0.10108429449748968
1139	130-134	0.05539523484138442
1139	135-139	0.06040979692964754
1139	140-144	0.10463600631979375
1139	145-149	0.14402934408117574
1139	150	0.21194973494932867
1140	1	-0.1838125559881476
1140	2	-0.07503991293133794
1140	3	-0.1658561147435762
1140	4	-0.12367296286809193
1140	5	-0.09482132349923234
1140	6	-0.04441222809917633
1140	7	-0.16277526950783283
1140	8	-0.11969047507281516
1140	9	-0.07800022088427738
1140	10-14	-0.114312454215586
1140	15-19	-0.0741633620760993
1140	20-24	-0.12532460996573036
1140	25-29	-0.12758131604168454
1140	30-34	-0.12476539479339266
1140	35-39	-0.09090215922827127
1140	40-44	-0.09315529464008421
1140	45-49	-0.11877291727713413
1140	50-54	-0.09219747973887849
1140	55-59	-0.12276702311881138
1140	60-64	-0.082439024259358
1140	65-69	-0.07748860812445457
1140	70-74	-0.08031203348557625
1140	75-79	-0.10064181775532433
1140	80-84	-0.11109229168798151
1140	85-89	-0.08697705631987418
1140	90-94	-0.1186632015979967
1140	95-99	-0.059357977585413835
1140	100-104	-0.05020439215815031
1140	105-109	-0.10222367393796361
1140	110-114	-0.05708235112896176
1140	115-119	-0.08343212172470515
1140	120-124	-0.08922252142668441
1140	125-129	-0.0472068001359105
1140	130-134	0.00368875833471094
1140	135-139	-0.05008263025364812
1140	140-144	-0.025069959642934236
1140	145-149	0.03171524778171886
1140	150	0.06912975002396848
1141	1	-0.14352443641853085
1141	2	0.010553508338489337
1141	3	-0.06139236228630551
1141	4	-0.06925828077502416
1141	5	-0.04846138412439416
1141	6	-0.022593473315936308
1141	7	-0.06126324201642319
1141	8	-0.06307257864579441
1141	9	-0.02995478202715418
1141	10-14	-0.05039997053485479
1141	15-19	-0.031576348465449655
1141	20-24	-0.03587782955185759
1141	25-29	-0.030886227579976833
1141	30-34	-0.04926672284452849
1141	35-39	-0.044547502045539034
1141	40-44	-0.032613269699723446
1141	45-49	-0.013174814064306872
1141	50-54	-0.025803686314596064
1141	55-59	-0.03229789843206987
1141	60-64	-0.018349106943659876
1141	65-69	-0.018192640297804985
1141	70-74	-0.0567325079824883
1141	75-79	0.024098829613336648
1141	80-84	-0.01578780032406968
1141	85-89	-0.011610619248493492
1141	90-94	-0.0058191913337353185
1141	95-99	0.058653877334371884
1141	100-104	0.0659035326306423
1141	105-109	0.04043849086042428
1141	110-114	0.06876059369313481
1141	115-119	0.08519501853851352
1141	120-124	0.06653209673985572
1141	125-129	0.08964861486132492
1141	130-134	0.09005956221832179
1141	135-139	0.10716456733334923
1141	140-144	0.07578911687381407
1141	145-149	0.08205892040584217
1141	150	0.16425722792729402
1142	1	-0.07575508455961
1142	2	-0.06304960426258788
1142	3	0.02234592981760386
1142	4	-0.03168457863371543
1142	5	-0.0641711578550499
1142	6	-0.016986993502356995
1142	7	-0.059872876669132324
1142	8	-0.11938358792811243
1142	9	-0.08383426397807625
1142	10-14	-0.05315012892754112
1142	15-19	-0.04501378616581064
1142	20-24	-0.03283447757817015
1142	25-29	-0.06687063144671157
1142	30-34	-0.0834766672429339
1142	35-39	-0.04726702897939816
1142	40-44	-0.0717065714195968
1142	45-49	-0.027761327822133808
1142	50-54	-0.07432358581881005
1142	55-59	-0.04967727005531941
1142	60-64	-0.027998856502797764
1142	65-69	-0.015972788296615192
1142	70-74	-0.05479236178204161
1142	75-79	-0.07251485019030923
1142	80-84	-0.027332500188421704
1142	85-89	-0.03142343488769228
1142	90-94	0.0023794268786687667
1142	95-99	8.731259348735421E-4
1142	100-104	0.014764199719678572
1142	105-109	0.04011857017803777
1142	110-114	0.02284099624421998
1142	115-119	0.034854812944509206
1142	120-124	0.08975586552143966
1142	125-129	0.06883577496777349
1142	130-134	0.08701383213602298
1142	135-139	0.04565159333104418
1142	140-144	0.09076188989636336
1142	145-149	0.07162793258567035
1142	150	0.17306995423952998
1143	1	-0.1366552405847017
1143	2	-0.0839138868953313
1143	3	-0.09613736083259283
1143	4	-0.11771389414494138
1143	5	-0.007729266720936323
1143	6	-0.04087789050644375
1143	7	-0.06439188182978484
1143	8	-0.1359656224630328
1143	9	-0.10526405742896117
1143	10-14	-0.039606490485525114
1143	15-19	-0.0502916310963073
1143	20-24	-0.04632686494049665
1143	25-29	-0.06031609458727871
1143	30-34	-0.0448690292071916
1143	35-39	-0.013828683322181234
1143	40-44	-0.04876923756351914
1143	45-49	-7.010413614452204E-4
1143	50-54	-0.04713752918494407
1143	55-59	-0.02092299183244961
1143	60-64	-0.022180990396506672
1143	65-69	-0.0058654774340851645
1143	70-74	-0.03573452313059278
1143	75-79	0.021749297838930204
1143	80-84	0.005752086575235182
1143	85-89	1.8476153901048065E-4
1143	90-94	0.018385055161871833
1143	95-99	0.03593734916859859
1143	100-104	0.03717018620503154
1143	105-109	0.024079050242427513
1143	110-114	-0.011473604614664623
1143	115-119	0.022929760883215522
1143	120-124	0.07870820311042337
1143	125-129	0.08489195711744202
1143	130-134	0.06639930545649264
1143	135-139	0.038657493084258476
1143	140-144	0.04806179937977362
1143	145-149	0.07119031903186368
1143	150	0.03282593020611557
1144	1	-0.12355139887035449
1144	2	-0.1000025368813624
1144	3	-0.013847495174815094
1144	4	-0.022268998140191343
1144	5	-0.06288007282535801
1144	6	-0.049761105449007914
1144	7	-0.07057258798249677
1144	8	-0.04631732363042573
1144	9	-0.0785184899446989
1144	10-14	-0.05803181638574273
1144	15-19	-0.03290083552963807
1144	20-24	-0.06809934769466253
1144	25-29	-0.02733996507483738
1144	30-34	-0.02995259591995847
1144	35-39	-0.0360822615286267
1144	40-44	-0.04613423919913373
1144	45-49	-0.02172982171443749
1144	50-54	0.020136645647873763
1144	55-59	-0.0033056275485847664
1144	60-64	-0.012357076005656609
1144	65-69	0.013126503342164142
1144	70-74	-0.02230935545794921
1144	75-79	-0.0221839601926348
1144	80-84	-0.009700760551162091
1144	85-89	0.01658918532459097
1144	90-94	-0.022712729141304067
1144	95-99	0.03477459922919479
1144	100-104	0.03869150160885226
1144	105-109	0.03253165911606004
1144	110-114	0.05022871295740572
1144	115-119	0.06231781497439215
1144	120-124	0.09229356460780735
1144	125-129	0.08416149861700717
1144	130-134	0.10255328982815115
1144	135-139	0.04320808781817931
1144	140-144	0.033657455619383825
1144	145-149	0.07534548531409513
1144	150	0.11695649486694037
1145	1	-0.13967057721218623
1145	2	-0.07281404666571945
1145	3	-0.10603453194023871
1145	4	-0.08114745959750991
1145	5	-0.019278854287371416
1145	6	-0.01702247047839478
1145	7	-0.0576991975852863
1145	8	-0.03518975935048019
1145	9	-0.11265144969195262
1145	10-14	-0.038529043270166596
1145	15-19	-0.05723475915401366
1145	20-24	-0.03810280851978831
1145	25-29	-0.07000986762503913
1145	30-34	-0.04025943648044006
1145	35-39	0.002410904365319766
1145	40-44	-0.06558428109268988
1145	45-49	-0.021618013220169985
1145	50-54	-0.002753822488337221
1145	55-59	-0.009558738859269056
1145	60-64	-0.047853605667476984
1145	65-69	-0.0064828400668091035
1145	70-74	-0.03981858974375996
1145	75-79	-0.01937909027944329
1145	80-84	0.012159612375022277
1145	85-89	0.02517211591855073
1145	90-94	-0.017649195183679467
1145	95-99	6.735262770618533E-4
1145	100-104	0.035530373827818096
1145	105-109	0.030918449794420155
1145	110-114	0.041505314287448414
1145	115-119	0.07696313820029133
1145	120-124	0.02778960055414359
1145	125-129	0.04179773579214441
1145	130-134	0.058100941922020866
1145	135-139	0.0075317373437613355
1145	140-144	0.018715782684942894
1145	145-149	0.03805398678163385
1145	150	0.059154634209825474
1146	1	-0.1729458718432184
1146	2	-0.09361619542419675
1146	3	-0.08195676852590594
1146	4	-0.05302727112311345
1146	5	-0.028393613284890762
1146	6	-0.08752667493832433
1146	7	-0.07292149348856469
1146	8	-0.07945865015395981
1146	9	-0.09759160505031872
1146	10-14	-0.054682373467500156
1146	15-19	-0.03146385029066323
1146	20-24	-0.04797373025551366
1146	25-29	-0.06269633680901876
1146	30-34	-0.050853745178052634
1146	35-39	-0.043205433698915385
1146	40-44	-0.04215381249307626
1146	45-49	-0.04054186610963484
1146	50-54	-0.05451307864119315
1146	55-59	-0.058838683010769444
1146	60-64	-0.020838633026627917
1146	65-69	0.0030992265511713413
1146	70-74	0.016352773673816046
1146	75-79	-0.002997210013454321
1146	80-84	-0.006689730646137093
1146	85-89	-0.04008673895412329
1146	90-94	-0.04962413616943451
1146	95-99	-0.014291381633114497
1146	100-104	-0.018282049749892337
1146	105-109	-0.01624025325085654
1146	110-114	0.014180286371534123
1146	115-119	-4.71649901641058E-4
1146	120-124	0.028591244886882805
1146	125-129	0.051409675359089135
1146	130-134	0.07076974906696876
1146	135-139	-0.006650894278635633
1146	140-144	0.049841599075399756
1146	145-149	0.059098545419821846
1146	150	0.14634051914032398
1147	1	-0.04633387375380238
1147	2	-0.014448552575046847
1147	3	-0.06651685324066392
1147	4	-0.03458712013917875
1147	5	0.005624995239145392
1147	6	-0.02569473600822647
1147	7	-0.028258477184323283
1147	8	-0.00559593762866939
1147	9	-0.032139114844667915
1147	10-14	-0.02135126467079118
1147	15-19	0.018945945908377837
1147	20-24	-0.006948633119705505
1147	25-29	0.004495017871292362
1147	30-34	-2.604129161127844E-4
1147	35-39	0.0258426112222665
1147	40-44	-0.01127412341255507
1147	45-49	-0.020681061576489412
1147	50-54	0.02838712837040447
1147	55-59	0.03773307415424654
1147	60-64	0.05134505348726037
1147	65-69	0.03723882078389806
1147	70-74	0.021317137658144247
1147	75-79	0.05063727212797886
1147	80-84	0.01084019182797391
1147	85-89	0.025374276021764786
1147	90-94	0.06397935731207127
1147	95-99	0.07024921283932173
1147	100-104	0.07248173311158723
1147	105-109	0.055918189095585547
1147	110-114	0.11116745806618411
1147	115-119	0.08810516977423077
1147	120-124	0.11481376591494552
1147	125-129	0.08870196072500391
1147	130-134	0.13239058497316591
1147	135-139	0.1450806657767103
1147	140-144	0.1161525442554634
1147	145-149	0.1473261914501265
1147	150	0.20103381783376761
1148	1	-0.09502966112926714
1148	2	-0.046734955838886094
1148	3	-0.03745358147306632
1148	4	-0.10326254930092205
1148	5	-0.021431571595016408
1148	6	0.06612325364146443
1148	7	-0.05905394410426368
1148	8	-0.08954678209273226
1148	9	-0.03684310839712879
1148	10-14	-0.04289215317638195
1148	15-19	-0.025005329478979377
1148	20-24	-0.02645980305896245
1148	25-29	-0.03651577675707074
1148	30-34	-0.011445422841902086
1148	35-39	0.0061893880034133986
1148	40-44	-0.028271810985017964
1148	45-49	-0.01864868759098215
1148	50-54	-0.047133936499271556
1148	55-59	0.014851094143267574
1148	60-64	0.01740899435061749
1148	65-69	-0.009983523403839456
1148	70-74	-0.003651023516468399
1148	75-79	0.030529296727884514
1148	80-84	0.05619034902763076
1148	85-89	0.03973443355334183
1148	90-94	0.02860924370554585
1148	95-99	0.04884689528729069
1148	100-104	0.10770232798371637
1148	105-109	0.04897787837659706
1148	110-114	0.0640050704483528
1148	115-119	0.09702952119101838
1148	120-124	0.09698630643483597
1148	125-129	0.10338795449525406
1148	130-134	0.12431030745857186
1148	135-139	0.1291430378463616
1148	140-144	0.13325579638694052
1148	145-149	0.16246340848930885
1148	150	0.2080426104158306
1149	1	-0.09479731670466407
1149	2	-0.002995828922188082
1149	3	-0.061672886867270904
1149	4	-0.02516332320436021
1149	5	-0.023175599707535355
1149	6	-0.042724618557542726
1149	7	-0.0554283307323189
1149	8	-0.05118885608460744
1149	9	-0.014105143202549186
1149	10-14	-0.009816479406453027
1149	15-19	-0.01397763887852932
1149	20-24	-0.02647043772913804
1149	25-29	-0.057855860794091996
1149	30-34	-0.014759394139858273
1149	35-39	-0.015229878088739213
1149	40-44	-0.01790115805094672
1149	45-49	-0.02060240365684507
1149	50-54	-0.05470402995721457
1149	55-59	-0.03282037546412653
1149	60-64	-0.017710212210509724
1149	65-69	-0.014533197139094511
1149	70-74	-0.041083444233272814
1149	75-79	0.006784852476087622
1149	80-84	-0.001969159465652126
1149	85-89	-0.0375605456107877
1149	90-94	-0.03404347073622205
1149	95-99	0.014753183036035011
1149	100-104	0.02622052540712616
1149	105-109	-0.01891980916061442
1149	110-114	0.007820836346894566
1149	115-119	0.1030672395918728
1149	120-124	0.05444779910327924
1149	125-129	0.08034291319921039
1149	130-134	0.09853140456350218
1149	135-139	0.059510454141680214
1149	140-144	0.07600231555535686
1149	145-149	0.07662936714125124
1149	150	0.18123948474755025
1150	1	-0.11282628995199673
1150	2	-0.038006931808936883
1150	3	-0.0512326485957999
1150	4	-0.04363464955874008
1150	5	-0.09307972716162283
1150	6	-0.05416764136251828
1150	7	-0.08028822287570847
1150	8	-0.0354280439877499
1150	9	-0.09206150709525929
1150	10-14	-0.03453044789539916
1150	15-19	-0.06562474331614965
1150	20-24	-0.051742722808974406
1150	25-29	-0.0746011288494941
1150	30-34	-0.05860205037333088
1150	35-39	-0.06478822992689004
1150	40-44	-0.0839178652519621
1150	45-49	-0.07838429361490284
1150	50-54	-0.06760558436135256
1150	55-59	-0.04053000854014499
1150	60-64	-0.02755089459746074
1150	65-69	-0.016112979311039055
1150	70-74	-0.03721752480851137
1150	75-79	-0.030943814120085733
1150	80-84	-0.033547179274620476
1150	85-89	-0.022544508107714023
1150	90-94	-0.022437605592230625
1150	95-99	0.013035231606757236
1150	100-104	0.013549135607689777
1150	105-109	0.012858767555044892
1150	110-114	0.02868509915046502
1150	115-119	0.050696861388786374
1150	120-124	0.04869579882129216
1150	125-129	0.0402805255498464
1150	130-134	0.05390978389451817
1150	135-139	0.08787321893672129
1150	140-144	0.022174815643474233
1150	145-149	0.07593852085454245
1150	150	0.10882927714119006
1151	1	-0.06372202944690741
1151	2	0.004304233960105819
1151	3	-0.09816748470640846
1151	4	-0.041864289305088676
1151	5	-0.031095910689067807
1151	6	-0.09780665137066791
1151	7	-0.09660480132055937
1151	8	-0.06631204821860592
1151	9	-0.0537953049815485
1151	10-14	-0.029893081475840688
1151	15-19	-0.05303783438529308
1151	20-24	-0.053658455793517135
1151	25-29	-0.021653951458922904
1151	30-34	-0.03130658444454326
1151	35-39	-0.04965850668303773
1151	40-44	-0.05293688662809615
1151	45-49	-0.027797853265255412
1151	50-54	-0.02363388761455809
1151	55-59	-0.028566673983526414
1151	60-64	-0.04447577557871085
1151	65-69	0.019657622045720302
1151	70-74	-0.055989978275462704
1151	75-79	-0.05876365264024486
1151	80-84	-0.029805436833740373
1151	85-89	-0.04284151514146117
1151	90-94	-0.023933712547226094
1151	95-99	4.2173617157459375E-4
1151	100-104	-0.0246009460385892
1151	105-109	-0.06495365126888686
1151	110-114	-0.03359801690869091
1151	115-119	-0.04342335664662045
1151	120-124	0.026589227103045232
1151	125-129	0.006867237214528643
1151	130-134	0.006659227121097899
1151	135-139	0.10897023805524952
1151	140-144	0.013265220717421755
1151	145-149	0.05835691530336362
1151	150	0.07281611539981014
1152	1	-0.19028284734144307
1152	2	-0.06509195021460101
1152	3	-0.03193718011677049
1152	4	-0.09028457005447166
1152	5	-0.06916651539374641
1152	6	-0.0535944275836755
1152	7	-0.11490990801032552
1152	8	-0.03672983187729528
1152	9	-0.03727750333671054
1152	10-14	-0.0422578536892928
1152	15-19	-0.07027907547582402
1152	20-24	-0.09641264439026997
1152	25-29	-0.09758879879154136
1152	30-34	-0.06312123862005592
1152	35-39	-0.06484642331579948
1152	40-44	-0.08622388951344107
1152	45-49	-0.05455618300474896
1152	50-54	-0.09382304077637826
1152	55-59	-0.052355189905092914
1152	60-64	-0.06456448818159544
1152	65-69	-0.03430875290493418
1152	70-74	-0.11327023342602871
1152	75-79	-0.06544441429502257
1152	80-84	-0.06552802350586973
1152	85-89	-0.044176183107417444
1152	90-94	-0.002298315177853283
1152	95-99	-0.017799291843658693
1152	100-104	8.637242631692743E-4
1152	105-109	-0.015359438077609866
1152	110-114	0.01514625595318364
1152	115-119	0.0011720807040020986
1152	120-124	0.036514445442378474
1152	125-129	0.06767783067985533
1152	130-134	0.03245535848304115
1152	135-139	0.08111093359157451
1152	140-144	0.06648852961851759
1152	145-149	0.11756359348505896
1152	150	0.21259876725498827
1153	1	-0.08765445956180429
1153	2	-0.007077461575249799
1153	3	-0.03888377122101616
1153	4	-0.07788441163973658
1153	5	-0.0578694772585564
1153	6	-0.09034366617658662
1153	7	-0.08808139195681264
1153	8	-0.0318011009825625
1153	9	-0.09233643571955952
1153	10-14	-0.05253756784181718
1153	15-19	-0.02166471370846068
1153	20-24	-0.06361329487200607
1153	25-29	-0.038127969637621106
1153	30-34	-0.07135803359563653
1153	35-39	-0.06679450393908581
1153	40-44	-0.04545217845911509
1153	45-49	-0.027405124745278897
1153	50-54	-0.08320743131775288
1153	55-59	-0.04424894689268655
1153	60-64	-0.020907491122081012
1153	65-69	-0.014125033873796156
1153	70-74	-0.013600451035998162
1153	75-79	-0.04382739242187483
1153	80-84	-0.0026494315745040353
1153	85-89	0.010126529219135705
1153	90-94	-0.002955035362070646
1153	95-99	0.03087563201562915
1153	100-104	0.05499603561120381
1153	105-109	0.017134612608096234
1153	110-114	0.037684781925129585
1153	115-119	-0.003327318231249876
1153	120-124	0.04689677869510689
1153	125-129	0.1049007363284602
1153	130-134	0.09458582633222079
1153	135-139	0.061347188835561894
1153	140-144	0.13430163528324357
1153	145-149	0.11234365285553594
1153	150	0.18464084529176716
1154	1	-0.08720222134819977
1154	2	-0.034954692303770685
1154	3	-0.06834470605554088
1154	4	-0.09213531159030452
1154	5	-0.052883716321630914
1154	6	-0.0627264985316387
1154	7	0.010489827728605405
1154	8	-0.03074344148068775
1154	9	-0.029095499631715427
1154	10-14	-0.04580057621814859
1154	15-19	-3.7943808335683116E-4
1154	20-24	-0.035147562622093176
1154	25-29	-0.028792575295653933
1154	30-34	-0.011165022921559853
1154	35-39	-0.04106893838021364
1154	40-44	-0.04961172559423943
1154	45-49	-0.012883438895912036
1154	50-54	-0.049050669329439245
1154	55-59	-0.022593107484254915
1154	60-64	-0.042567856394086334
1154	65-69	-0.018912144214340287
1154	70-74	-0.02985916332336558
1154	75-79	-0.08448942181910013
1154	80-84	-0.020175803433374995
1154	85-89	-0.0036286842275501385
1154	90-94	-0.03266517120760426
1154	95-99	0.007508319891186943
1154	100-104	0.028753198660666612
1154	105-109	0.03362191582007057
1154	110-114	0.0433856293060515
1154	115-119	0.10346217340982378
1154	120-124	0.07582944080806442
1154	125-129	0.09143942549911799
1154	130-134	0.13475251736891636
1154	135-139	0.14197447352630377
1154	140-144	0.08605822737760604
1154	145-149	0.12511793759500733
1154	150	0.2401526508328189
1155	1	-0.028399878439621773
1155	2	0.023649536411923577
1155	3	-0.11522262501419789
1155	4	-0.023622577146674928
1155	5	-0.02905106240755373
1155	6	-0.011961556972998721
1155	7	-0.010738390559566824
1155	8	-0.08540647347132335
1155	9	-0.04484793716152069
1155	10-14	-0.03547610641244603
1155	15-19	-0.012370909794540808
1155	20-24	-0.004433198725628529
1155	25-29	-2.1840389909044688E-4
1155	30-34	-0.02459933216389487
1155	35-39	-0.046495193502941845
1155	40-44	-0.04734559281648387
1155	45-49	-0.03648921390423965
1155	50-54	-0.013968158350593285
1155	55-59	-0.019331277588328533
1155	60-64	0.01814567974504655
1155	65-69	0.05300236412313808
1155	70-74	-0.03184544888146945
1155	75-79	-0.03637476001156159
1155	80-84	-9.03912262515405E-5
1155	85-89	0.002054892164110811
1155	90-94	0.008259477419308325
1155	95-99	-0.032627879684426375
1155	100-104	-0.0038757487180234307
1155	105-109	0.010245582794361496
1155	110-114	-6.755613585056608E-4
1155	115-119	0.016512190049439823
1155	120-124	0.05175018394656661
1155	125-129	0.06078130948993987
1155	130-134	0.053972640644758485
1155	135-139	0.06101571733625377
1155	140-144	0.1016828722239822
1155	145-149	0.051822583235939135
1155	150	0.07019502257135457
1156	1	-0.007010698969033058
1156	2	0.02291520810758385
1156	3	-0.1114872944422487
1156	4	0.02617247535665257
1156	5	-0.020351560002424662
1156	6	-0.042162705391454836
1156	7	-0.02723649119623417
1156	8	0.0013949639911245981
1156	9	0.01665230734115397
1156	10-14	0.010987147466408942
1156	15-19	-0.019801459141021382
1156	20-24	-0.01020600470816646
1156	25-29	0.00134480780554469
1156	30-34	0.04562010151564522
1156	35-39	0.037470059813664136
1156	40-44	0.028688657010292218
1156	45-49	0.031659909641838624
1156	50-54	0.038837493721580074
1156	55-59	0.032175399098285595
1156	60-64	0.03607223144642546
1156	65-69	0.06961604251558384
1156	70-74	0.046896329694149586
1156	75-79	0.05035812529929018
1156	80-84	0.07376272834780906
1156	85-89	0.09153315638613435
1156	90-94	0.10191453635130898
1156	95-99	0.0966832508764881
1156	100-104	0.10320538386663713
1156	105-109	0.07426995267411485
1156	110-114	0.11607411981540139
1156	115-119	0.12549903729379963
1156	120-124	0.13514670048949995
1156	125-129	0.1847820505562794
1156	130-134	0.21248954238280504
1156	135-139	0.2509255788737974
1156	140-144	0.1762662069732741
1156	145-149	0.18450399537277207
1156	150	0.28424935032727916
1157	1	-0.04636889424078561
1157	2	-0.03139346534901932
1157	3	-0.029655408343018053
1157	4	-0.08357982849260992
1157	5	0.004449903048310944
1157	6	-0.018872888084331407
1157	7	-0.054926816257918176
1157	8	-0.01139790320710432
1157	9	-0.014298797306530275
1157	10-14	0.004891301516138924
1157	15-19	-0.030733187813424934
1157	20-24	-0.009170671107170847
1157	25-29	-0.0038789999767701033
1157	30-34	-0.012553723550446705
1157	35-39	0.039014126082271616
1157	40-44	-0.0013581320814353148
1157	45-49	0.024781676982712497
1157	50-54	-0.01285835738161012
1157	55-59	-0.03989967433695796
1157	60-64	0.04193376216755951
1157	65-69	0.044610752411522014
1157	70-74	0.026830553482604103
1157	75-79	0.01934158319757273
1157	80-84	0.05512304968078041
1157	85-89	0.05655832821611284
1157	90-94	0.08332829548852771
1157	95-99	0.0704212896947567
1157	100-104	0.02287080595730373
1157	105-109	0.033564921958110006
1157	110-114	0.07083190938924844
1157	115-119	0.13306475684695585
1157	120-124	0.08353613516762692
1157	125-129	0.15822513178007114
1157	130-134	0.13285485657205243
1157	135-139	0.17418347663534917
1157	140-144	0.18024880247128294
1157	145-149	0.1811966247012009
1157	150	0.2795090115363692
1158	1	-0.14485257346440505
1158	2	-0.10660593722543865
1158	3	-0.052370104382440275
1158	4	-0.15857647185732304
1158	5	-0.21374142892730674
1158	6	-0.14009071300976217
1158	7	-0.07563756966255397
1158	8	-0.00589427615877014
1158	9	-0.04566043680013365
1158	10-14	-0.11954412497730971
1158	15-19	-0.06668620244835921
1158	20-24	-0.054427902303423537
1158	25-29	-0.060453174087633954
1158	30-34	-0.05836508190232337
1158	35-39	-0.10928867128111364
1158	40-44	-0.06710275926904785
1158	45-49	-0.05921852880725709
1158	50-54	-0.03349206502682733
1158	55-59	-0.026866643790945943
1158	60-64	-0.0688369589380855
1158	65-69	-0.03774840379938382
1158	70-74	-0.058860894563586896
1158	75-79	-0.04902987774813283
1158	80-84	0.00574173716736226
1158	85-89	-0.012980865363246608
1158	90-94	0.027376259610790044
1158	95-99	-0.011487638202204664
1158	100-104	-0.02219569306582514
1158	105-109	-0.0023823205189472674
1158	110-114	-0.001619965244493926
1158	115-119	0.040647239100714216
1158	120-124	0.06302389380107343
1158	125-129	0.040746410338137196
1158	130-134	0.04952823650928195
1158	135-139	0.08896107915703055
1158	140-144	0.1103356734472456
1158	145-149	0.0851629755304586
1158	150	0.13408827769433174
1159	1	-0.2004565866496506
1159	2	-0.06260378853014714
1159	3	-0.025751408088652283
1159	4	-0.105471496369681
1159	5	-0.043773984591631176
1159	6	-0.10743461898182716
1159	7	-0.06678081351337539
1159	8	-0.1338108029922651
1159	9	-0.0701066706326543
1159	10-14	-0.06048048721331156
1159	15-19	-0.04511486715860258
1159	20-24	-0.0534267503997512
1159	25-29	-0.052621301273809706
1159	30-34	-0.031664933902540326
1159	35-39	-0.09464973750859684
1159	40-44	-0.0607500980427389
1159	45-49	-0.055617748672190714
1159	50-54	-0.08809973335291232
1159	55-59	-0.05345213752445943
1159	60-64	-0.05899452635196667
1159	65-69	-0.03934545052278082
1159	70-74	-0.04995724739278984
1159	75-79	-0.056676473842387054
1159	80-84	-0.02670306134240974
1159	85-89	-0.004876652926903091
1159	90-94	-0.03791083888930302
1159	95-99	0.03637197608340159
1159	100-104	-0.018914751156721366
1159	105-109	-0.04982806435458542
1159	110-114	-0.03845690135941027
1159	115-119	0.018017103113173505
1159	120-124	0.008854434938484701
1159	125-129	0.0435249178097834
1159	130-134	0.06387599562238222
1159	135-139	0.09943153691990858
1159	140-144	0.041159372140974426
1159	145-149	0.07819554870742706
1159	150	0.15977272756650507
1160	1	-0.03526396848165092
1160	2	-0.042087744758291024
1160	3	-0.012458782620925035
1160	4	-0.023670633105069783
1160	5	-0.0017130612037590254
1160	6	-0.013389163445260976
1160	7	-0.05834298496611012
1160	8	-0.0752119536957423
1160	9	-0.06403627844734672
1160	10-14	-0.0015671331563211766
1160	15-19	-0.036401212959319196
1160	20-24	-0.07841307524926577
1160	25-29	-0.022054377410036352
1160	30-34	-0.055952522554015616
1160	35-39	-0.010759159568777932
1160	40-44	-0.024706857074740185
1160	45-49	-0.007508142696643461
1160	50-54	-0.016304577152837396
1160	55-59	-0.01822020981646233
1160	60-64	-0.01706893244278973
1160	65-69	-0.043684857803363286
1160	70-74	0.009173961054415258
1160	75-79	-0.06303572691845716
1160	80-84	0.010554826873061529
1160	85-89	0.00530571717338546
1160	90-94	0.009870373871393667
1160	95-99	-0.018274446620480944
1160	100-104	0.05056207598084228
1160	105-109	0.04739713622219455
1160	110-114	0.01080938060180614
1160	115-119	0.035386772056028803
1160	120-124	0.07497954668603057
1160	125-129	0.08012943245807236
1160	130-134	0.17770093283993305
1160	135-139	0.07714355389321526
1160	140-144	0.08613995200527569
1160	145-149	0.07451354406783395
1160	150	0.16880567401395297
1161	1	-0.07495853699236932
1161	2	-0.08518362511135535
1161	3	-0.0830041098163008
1161	4	0.012445639392339558
1161	5	-0.06153206789535659
1161	6	0.009999271272924659
1161	7	-0.05777870121682582
1161	8	-0.07135726661972086
1161	9	-0.07806286081258662
1161	10-14	-0.026761651435450062
1161	15-19	-0.045882447473204024
1161	20-24	-0.04164045906643565
1161	25-29	-0.04292423817935287
1161	30-34	-0.014915245086960738
1161	35-39	-0.03692939111289206
1161	40-44	-0.09094071841867901
1161	45-49	-0.0546818885736613
1161	50-54	-0.03755234841981547
1161	55-59	-0.05197010536294755
1161	60-64	-0.03997443979584858
1161	65-69	0.01608138225477518
1161	70-74	-0.07115445959892952
1161	75-79	0.00773629963010336
1161	80-84	-0.02733541852933996
1161	85-89	-0.006819623298142119
1161	90-94	-0.008929664060495668
1161	95-99	0.004233010656861325
1161	100-104	0.010892412006654695
1161	105-109	0.022107976009742458
1161	110-114	0.0011805027941207413
1161	115-119	0.03702957950382313
1161	120-124	0.07063057145723661
1161	125-129	0.022050410199376813
1161	130-134	0.12738315940408995
1161	135-139	0.13925776830414094
1161	140-144	0.09205206833222945
1161	145-149	0.13845046071250522
1161	150	0.2736110524549389
1162	1	-0.03027692592484499
1162	2	-0.038973763537264006
1162	3	-0.03118927945497063
1162	4	-0.02802058195113233
1162	5	-0.008614647558360389
1162	6	-0.04530374220018274
1162	7	-0.05872075502742291
1162	8	-0.045145791499315635
1162	9	-0.027456787096909352
1162	10-14	4.902804354713908E-4
1162	15-19	0.005135805477074484
1162	20-24	0.006898357829960844
1162	25-29	-0.006607613624694864
1162	30-34	0.005921109748243225
1162	35-39	-0.010000706351910083
1162	40-44	-0.0018087244846753947
1162	45-49	0.001033841982810202
1162	50-54	-0.002761951592646028
1162	55-59	-0.019854991695616775
1162	60-64	-0.023187735417415922
1162	65-69	0.01573091532019788
1162	70-74	0.008357851876311884
1162	75-79	-0.030126920751087027
1162	80-84	0.012317481937074604
1162	85-89	0.002071157155491221
1162	90-94	0.012937372708485384
1162	95-99	0.035727119458989876
1162	100-104	0.0051914255218576955
1162	105-109	0.03314905245559174
1162	110-114	0.03533558330189379
1162	115-119	0.10611050118953358
1162	120-124	0.09153839002448194
1162	125-129	0.0889902494761401
1162	130-134	0.10387762482333329
1162	135-139	0.13099673860435956
1162	140-144	0.1404191010088809
1162	145-149	0.13743572716396102
1162	150	0.2872918205029791
1163	1	-0.029896787835639316
1163	2	0.020220583727606822
1163	3	0.008512859713135867
1163	4	-0.028810019248787455
1163	5	-0.0526733303975675
1163	6	-0.00861569167898324
1163	7	-0.05910332804109686
1163	8	0.004731143359784085
1163	9	-0.006160995660941637
1163	10-14	-0.009355325062117004
1163	15-19	-0.03333806502958225
1163	20-24	-0.027674717297017537
1163	25-29	0.004136339863613614
1163	30-34	0.05180149872163042
1163	35-39	0.0013582742727606956
1163	40-44	0.013920991942285355
1163	45-49	-0.0018613064011958613
1163	50-54	0.01185884225650824
1163	55-59	0.026868588431803175
1163	60-64	0.005212040917385252
1163	65-69	0.04220580269769414
1163	70-74	0.0010581454296385573
1163	75-79	-0.008502136234660895
1163	80-84	0.0737971797397492
1163	85-89	0.07942965833193227
1163	90-94	0.03970389446816114
1163	95-99	0.07047125382739239
1163	100-104	0.040208572897689976
1163	105-109	0.023879793579922648
1163	110-114	0.040765105427674087
1163	115-119	0.09117668040750715
1163	120-124	0.060838224594547796
1163	125-129	0.1122483001625767
1163	130-134	0.12103518095921828
1163	135-139	0.17432538470809078
1163	140-144	0.12115425688318737
1163	145-149	0.10066203687070185
1163	150	0.2718568342907375
1164	1	-0.06501439360732064
1164	2	0.0018443269278947128
1164	3	-0.03209956489897792
1164	4	-0.03203323309917039
1164	5	-0.06480576084422296
1164	6	-0.020049153301258116
1164	7	0.019847120084776293
1164	8	-0.01715999633803733
1164	9	-0.03714892422060956
1164	10-14	-0.023362767486901248
1164	15-19	-0.031214117859022394
1164	20-24	-0.06801710774943359
1164	25-29	-0.03655777771286495
1164	30-34	-0.051551705038875184
1164	35-39	-0.027362383264730283
1164	40-44	0.015552765798631185
1164	45-49	0.033909423669093997
1164	50-54	-0.0023692131136670014
1164	55-59	-0.009443817720175218
1164	60-64	0.0037171016112864663
1164	65-69	-0.03246690263088681
1164	70-74	-0.016564863093179838
1164	75-79	-0.018137094392358222
1164	80-84	-0.010630949412728796
1164	85-89	-1.4446175170235165E-4
1164	90-94	0.007249698362983281
1164	95-99	0.019094953979269746
1164	100-104	0.024160425776713623
1164	105-109	0.05634346150198155
1164	110-114	0.02307313788374188
1164	115-119	0.1276552219947078
1164	120-124	0.12962457436660912
1164	125-129	0.04038527591629304
1164	130-134	0.14123814696604597
1164	135-139	0.12959827701475035
1164	140-144	0.09647489623431937
1164	145-149	0.09855793041866434
1164	150	0.2990764243847579
1165	1	-0.009583661129845211
1165	2	-0.02335455583158108
1165	3	0.032303536864965565
1165	4	0.033077926212499165
1165	5	-0.04981309196134731
1165	6	-0.0347496988045819
1165	7	0.04494905666071247
1165	8	-0.05155545103374237
1165	9	-0.0011186999046586266
1165	10-14	-0.01871084575073212
1165	15-19	-0.018120823276120746
1165	20-24	-0.0032813053720062157
1165	25-29	-0.0076393852581233546
1165	30-34	-0.03163585199013852
1165	35-39	-0.011522708424557493
1165	40-44	-0.03964925544752873
1165	45-49	0.012159208664648702
1165	50-54	-0.004424261959947273
1165	55-59	-0.017475400217108472
1165	60-64	-0.02039112490312789
1165	65-69	0.0021728097262894153
1165	70-74	-0.018907269771673896
1165	75-79	-0.01290975617597212
1165	80-84	0.01919642447517589
1165	85-89	0.033491752483470805
1165	90-94	0.03400149545906572
1165	95-99	0.027637968475289654
1165	100-104	0.029572031823406064
1165	105-109	0.03703372066483013
1165	110-114	0.00612872040123591
1165	115-119	0.05992754359065344
1165	120-124	0.06791405356820945
1165	125-129	0.06694266671371452
1165	130-134	0.07688830720174167
1165	135-139	0.11870596448502369
1165	140-144	0.10823495886856449
1165	145-149	0.10423769194506605
1165	150	0.18999911961480365
1166	1	-0.04783073715731234
1166	2	-0.0854468474767458
1166	3	-0.005482317996673203
1166	4	-0.020704482447349903
1166	5	-0.04661254941930082
1166	6	-0.013452064849410306
1166	7	-0.05513221773671262
1166	8	-0.010933707703728146
1166	9	0.014249877279752354
1166	10-14	-0.013740092448394137
1166	15-19	-0.012833780790330707
1166	20-24	-0.01651473882833443
1166	25-29	-0.008819456041450735
1166	30-34	-0.0029617704582278748
1166	35-39	0.0028621162021593705
1166	40-44	-0.0018844570926290771
1166	45-49	-0.010411019201157501
1166	50-54	0.02735319075123499
1166	55-59	0.043924420546929355
1166	60-64	0.0494623952520854
1166	65-69	0.042054042661447966
1166	70-74	0.01180761954918097
1166	75-79	0.04568511012683274
1166	80-84	0.06870694203760763
1166	85-89	0.08673619760965323
1166	90-94	0.11273821196411404
1166	95-99	0.07231680794104278
1166	100-104	0.11680079566236401
1166	105-109	0.06560937581038218
1166	110-114	0.05934829746758652
1166	115-119	0.15437022945267387
1166	120-124	0.14443714088903903
1166	125-129	0.14224480202013012
1166	130-134	0.16933280959419506
1166	135-139	0.1318162429422145
1166	140-144	0.16619666577500425
1166	145-149	0.19299630628747622
1166	150	0.32000340993615595
1167	1	-0.029042640197246783
1167	2	-0.08145290992584364
1167	3	0.007942982040532343
1167	4	0.024428350757993655
1167	5	-0.029179515544932144
1167	6	-0.05757753630984297
1167	7	-0.007136917089439976
1167	8	-0.02369422466512816
1167	9	-0.1167687962556414
1167	10-14	-0.05460677631482014
1167	15-19	-0.029522304189519843
1167	20-24	-0.04716484777824803
1167	25-29	-0.012284349673826966
1167	30-34	-0.009166466830500042
1167	35-39	0.001836638827370507
1167	40-44	-0.008128213836513964
1167	45-49	-0.04404560831864046
1167	50-54	-0.05405969565538982
1167	55-59	-0.04345279250545531
1167	60-64	0.021776392207357276
1167	65-69	-0.009462955061756873
1167	70-74	0.016110058360041535
1167	75-79	-0.04832865216351223
1167	80-84	0.02988206196634735
1167	85-89	0.0210158475169564
1167	90-94	-0.009262254199008169
1167	95-99	0.04479921272803722
1167	100-104	0.06664808183390392
1167	105-109	0.02009715055439898
1167	110-114	0.023999871967298247
1167	115-119	0.05659406272926759
1167	120-124	0.0338210907203802
1167	125-129	0.07344556324915175
1167	130-134	0.12784753983662256
1167	135-139	0.13648037730150975
1167	140-144	0.09902862537855839
1167	145-149	0.09857205500087218
1167	150	0.16837483110964513
1168	1	-0.1166483346919307
1168	2	-0.11807801838160259
1168	3	-0.015811410604172238
1168	4	-0.024142915041096558
1168	5	-0.0612187885133082
1168	6	-0.03750637467636153
1168	7	-0.041331446427001595
1168	8	-0.14379906742892956
1168	9	-0.016615613582871447
1168	10-14	-0.0331636118537304
1168	15-19	-0.08317462728242475
1168	20-24	-0.06064382238550081
1168	25-29	-0.0947813213697728
1168	30-34	-0.02463036031992516
1168	35-39	-0.03861913414704077
1168	40-44	-0.03117542149297492
1168	45-49	-0.01799098186392456
1168	50-54	-0.0016842028092725059
1168	55-59	-0.06324645336858481
1168	60-64	-0.023573383101648915
1168	65-69	-0.00432911550644377
1168	70-74	0.011066554556279584
1168	75-79	0.04916604694675897
1168	80-84	0.021729971432243644
1168	85-89	0.052719068014013715
1168	90-94	-0.0012173153630428146
1168	95-99	0.07742294845110109
1168	100-104	0.06881427465059886
1168	105-109	0.06256928469757383
1168	110-114	0.06779469065730837
1168	115-119	0.08367488478518936
1168	120-124	0.14709383972592605
1168	125-129	0.13271442408113643
1168	130-134	0.10785476380043946
1168	135-139	0.11506520273150755
1168	140-144	0.12726384507819688
1168	145-149	0.20625485434680257
1168	150	0.25615777946757134
1169	1	-0.003922160877060321
1169	2	-0.06665239655954025
1169	3	-0.06378653946627111
1169	4	-0.007115101856797423
1169	5	0.02597651137711665
1169	6	-0.07750930799954858
1169	7	-0.058121872115933115
1169	8	-0.02331334074463598
1169	9	-0.016292098973195834
1169	10-14	-0.02065320943133031
1169	15-19	-0.030714293732643227
1169	20-24	-0.019814789883191963
1169	25-29	-0.010323002764124567
1169	30-34	4.5881119307011886E-4
1169	35-39	-0.04619500538881027
1169	40-44	0.02367836188331296
1169	45-49	0.004618042792159827
1169	50-54	-5.585254959967756E-4
1169	55-59	7.409447400164026E-4
1169	60-64	-0.008059546178827759
1169	65-69	-0.009450532638844322
1169	70-74	-0.010893649715612241
1169	75-79	-0.035709136196935276
1169	80-84	0.017482700894127845
1169	85-89	-0.016634311012630576
1169	90-94	0.009464296131682204
1169	95-99	0.014047698371342676
1169	100-104	0.013706413379338755
1169	105-109	0.0152445580275824
1169	110-114	0.03597803196364424
1169	115-119	0.09152511828213505
1169	120-124	0.06603208140919747
1169	125-129	0.07290833744714575
1169	130-134	0.12148061993943315
1169	135-139	0.1347279124359062
1169	140-144	0.12973223305426274
1169	145-149	0.1328224579671371
1169	150	0.17546417531011826
1170	1	-0.01399851567121857
1170	2	-0.15731675647535326
1170	3	-0.01866170045370552
1170	4	-0.061498187700507856
1170	5	0.006304732210544728
1170	6	-0.02324147004170385
1170	7	-0.05165582837646099
1170	8	-0.04794808797637273
1170	9	-0.06808564492786218
1170	10-14	-0.02875143454372875
1170	15-19	-0.06520689254965362
1170	20-24	-0.03891168616581098
1170	25-29	-0.025845308404790046
1170	30-34	-0.0072531727042672856
1170	35-39	-0.02134254431727811
1170	40-44	-0.017071571488088466
1170	45-49	0.005089407230066456
1170	50-54	0.013626179618526635
1170	55-59	0.023924808211667425
1170	60-64	-0.008994650334031462
1170	65-69	0.010502647834428558
1170	70-74	-0.014427719411401085
1170	75-79	0.02937484741084262
1170	80-84	0.06289518599990629
1170	85-89	0.06157421410328823
1170	90-94	0.07809067581727192
1170	95-99	0.048603703990714564
1170	100-104	0.07374056323994438
1170	105-109	0.06771993175875934
1170	110-114	0.058286455888293176
1170	115-119	0.14848730095430795
1170	120-124	0.09908469560663491
1170	125-129	0.12072387253472527
1170	130-134	0.11645618633513521
1170	135-139	0.13586876710394336
1170	140-144	0.19830239796691984
1170	145-149	0.2115325306557594
1170	150	0.14671570420108537
1171	1	0.034880746788950034
1171	2	1.4347674876091787E-4
1171	3	-0.04614229556814564
1171	4	0.017562443119956583
1171	5	0.05082499608329982
1171	6	-0.053582324623207
1171	7	0.010580871443245599
1171	8	0.013574654519771912
1171	9	0.03193110229119611
1171	10-14	-0.02312774986057775
1171	15-19	-0.016997460560190802
1171	20-24	-0.05348815552444108
1171	25-29	-0.0025270005465998224
1171	30-34	0.001255230663204543
1171	35-39	0.02620081119004425
1171	40-44	-0.03011244968357829
1171	45-49	0.026085278600454842
1171	50-54	0.012285364500534968
1171	55-59	0.04929442598159994
1171	60-64	0.025457696074930425
1171	65-69	0.033583661646837015
1171	70-74	-0.006333292376432098
1171	75-79	0.03268201804775828
1171	80-84	0.03807408191573103
1171	85-89	0.06422691997413921
1171	90-94	0.08458185828694553
1171	95-99	0.07748972479608796
1171	100-104	0.08626520971944274
1171	105-109	0.07384624286402897
1171	110-114	0.09150529062809909
1171	115-119	0.14077121067740705
1171	120-124	0.12392676140321868
1171	125-129	0.14144854737898527
1171	130-134	0.12956456637424907
1171	135-139	0.17462562097475143
1171	140-144	0.14103656189158897
1171	145-149	0.21245785385580973
1171	150	0.3131232543347551
1172	1	-0.029217468466555374
1172	2	0.04100934530369926
1172	3	-0.012256719721300158
1172	4	0.033032281013554154
1172	5	-0.001014782919021684
1172	6	0.007723506363056742
1172	7	-0.04773282468610063
1172	8	0.024961773946692745
1172	9	-0.016758088930927784
1172	10-14	-0.011327630556209556
1172	15-19	-0.014757930621705384
1172	20-24	6.475877492988502E-4
1172	25-29	0.023294018512473258
1172	30-34	-0.0268127995427605
1172	35-39	-0.002376777595571866
1172	40-44	-0.05757222511953586
1172	45-49	-0.027903721467495757
1172	50-54	-0.010646304999660572
1172	55-59	-0.03181983263237953
1172	60-64	-0.03432259570381291
1172	65-69	-4.84018893949667E-4
1172	70-74	0.023700866774660767
1172	75-79	-0.00668338031788096
1172	80-84	-0.04391526897907738
1172	85-89	0.012585787965079476
1172	90-94	0.03865983129766448
1172	95-99	0.008044013799583638
1172	100-104	-0.009595974367655913
1172	105-109	0.05859390600286929
1172	110-114	0.030790010434188275
1172	115-119	0.07538235918810443
1172	120-124	0.07425734601201839
1172	125-129	0.05209845412526448
1172	130-134	0.06447668250491034
1172	135-139	0.1131565509505279
1172	140-144	0.126642972497244
1172	145-149	0.13806683177055845
1172	150	0.20254216541234626
1173	1	0.035459378118282814
1173	2	-0.029768955091086013
1173	3	-0.0251711159675736
1173	4	-0.008845355936891508
1173	5	0.009605911688566948
1173	6	0.03684700868348756
1173	7	-0.015893765647476243
1173	8	-0.0039729707375144585
1173	9	0.06916413631186913
1173	10-14	0.016490115739159705
1173	15-19	-0.025539935499082844
1173	20-24	-0.002164239922734623
1173	25-29	3.9653180444787495E-4
1173	30-34	8.43568092371072E-4
1173	35-39	-0.02736530224834155
1173	40-44	-0.030537640639963115
1173	45-49	-0.04062206509643573
1173	50-54	0.02791765517202549
1173	55-59	0.019110967062822226
1173	60-64	0.013816118362001362
1173	65-69	-0.013028103661625323
1173	70-74	-0.025796298156315345
1173	75-79	0.024287781140003517
1173	80-84	0.0405873757365427
1173	85-89	0.03247350224803114
1173	90-94	0.06385097405075868
1173	95-99	0.06614078742321539
1173	100-104	0.07177245010449695
1173	105-109	0.010307297593470821
1173	110-114	0.0760400031677122
1173	115-119	0.09039540751565056
1173	120-124	0.08182782664299282
1173	125-129	0.07376235952759203
1173	130-134	0.11970930976385574
1173	135-139	0.115846301673038
1173	140-144	0.12438987198779472
1173	145-149	0.20153034062227704
1173	150	0.1287869428042896
1174	1	0.03020787181142026
1174	2	-0.041575328518639765
1174	3	-0.04775382771818926
1174	4	0.0035729848781898
1174	5	-0.09621722313656988
1174	6	-0.003694294563537426
1174	7	-0.007860015270544807
1174	8	-0.08423047951363571
1174	9	-0.009571533148360345
1174	10-14	-0.011613320176657282
1174	15-19	-0.08299320442677782
1174	20-24	-0.058902583468800174
1174	25-29	-0.01359389838200542
1174	30-34	-0.030147379842603073
1174	35-39	-0.03051639947695861
1174	40-44	-0.02700711907942832
1174	45-49	-0.025824356844900365
1174	50-54	-0.015348097753822287
1174	55-59	0.03853325073211522
1174	60-64	-0.021861716880181348
1174	65-69	-0.0045841598970852715
1174	70-74	-0.018242904627605583
1174	75-79	-0.03319070384813472
1174	80-84	-0.016905628968721942
1174	85-89	-6.243067084454879E-4
1174	90-94	0.04670990179923251
1174	95-99	-0.005693259947939566
1174	100-104	0.020268259755106044
1174	105-109	0.05170926958953004
1174	110-114	0.0443931873211838
1174	115-119	0.08284217329417487
1174	120-124	0.04735567411768926
1174	125-129	0.0747971966074843
1174	130-134	0.11514756967362416
1174	135-139	0.14621401692272684
1174	140-144	0.14029840687323514
1174	145-149	0.18105874567230984
1174	150	0.2407217861426858
1175	1	0.049395111897482025
1175	2	0.05042208616156074
1175	3	0.09322025955336244
1175	4	0.08007900453456074
1175	5	0.044531272303686364
1175	6	0.0433902187471773
1175	7	0.05942911249584881
1175	8	-0.0012107012501658687
1175	9	0.04097163914109103
1175	10-14	0.042861772024579636
1175	15-19	0.03318416211884312
1175	20-24	0.037212315853977884
1175	25-29	0.053194584471825124
1175	30-34	0.04436652617307146
1175	35-39	0.0484057035899923
1175	40-44	0.019560024113836505
1175	45-49	0.04083476930567542
1175	50-54	0.08671259489644711
1175	55-59	0.07553598062573741
1175	60-64	0.05836192462214029
1175	65-69	0.07250169709958243
1175	70-74	0.08425824487588329
1175	75-79	0.07000175790359009
1175	80-84	-0.049435222659624856
1175	85-89	0.08754446478273081
1175	90-94	0.10239443608733012
1175	95-99	0.11811187724126881
1175	100-104	0.13619612026122496
1175	105-109	0.2154675875441825
1175	110-114	0.16743875074798353
1175	115-119	0.20844722600691767
1175	120-124	-0.0059244220380705315
1175	125-129	0.19371259825335585
1175	130-134	0.22945548919987147
1175	135-139	0.2742416050064449
1175	140-144	0.3258078594487799
1175	145-149	0.3254803455657296
1175	150	0.352769943393632
1176	1	-0.008163964733739704
1176	2	-0.03566053864169305
1176	3	-0.06274221870960162
1176	4	0.08047221868362442
1176	5	0.009340009275781824
1176	6	0.018481233646355122
1176	7	-5.149955352266034E-4
1176	8	-0.007371877238270486
1176	9	0.03632352141397632
1176	10-14	-0.004268068261168878
1176	15-19	0.0034168257566449256
1176	20-24	-0.007652061063403437
1176	25-29	-0.0027002369006936533
1176	30-34	-0.016406957274696765
1176	35-39	-0.004548208160500167
1176	40-44	-0.02676240117833828
1176	45-49	-0.013133388653578493
1176	50-54	0.03296720291950095
1176	55-59	0.020814420920189036
1176	60-64	0.029239745854901855
1176	65-69	0.03954237829655227
1176	70-74	-1.105619296737359E-4
1176	75-79	0.034201216281886104
1176	80-84	0.027183296037087246
1176	85-89	0.04924636893584733
1176	90-94	0.0982699203736459
1176	95-99	0.07976483153105107
1176	100-104	0.06653503477252087
1176	105-109	0.08172691528259435
1176	110-114	0.0706369765015964
1176	115-119	0.14249459957697042
1176	120-124	0.06254490095771104
1176	125-129	0.13593186110713873
1176	130-134	0.18584805725198095
1176	135-139	0.21062311838546321
1176	140-144	0.19423966528976422
1176	145-149	0.23877548586270336
1176	150	0.24803894425738093
1177	1	0.055928483612071034
1177	2	0.018593301477515922
1177	3	-0.019122108507808377
1177	4	0.005419299543142131
1177	5	-0.08892282709730637
1177	6	0.010021366315569935
1177	7	-0.003629217322135503
1177	8	-0.0064650567037887186
1177	9	-0.00671389798877442
1177	10-14	-0.010518190114460424
1177	15-19	-0.007246195369226882
1177	20-24	-7.782360772168317E-4
1177	25-29	0.020127896585513838
1177	30-34	0.017821421310685537
1177	35-39	0.0018068003576274805
1177	40-44	0.012031460201370692
1177	45-49	0.015932588516918145
1177	50-54	0.0252586945429627
1177	55-59	0.03060304609019937
1177	60-64	0.04716554764951297
1177	65-69	0.043502934968771
1177	70-74	0.0999729946079384
1177	75-79	0.06622887813785638
1177	80-84	0.07167067667889881
1177	85-89	0.0615170874756501
1177	90-94	0.0025152191578996508
1177	95-99	0.06820329910415523
1177	100-104	0.10053597710457751
1177	105-109	0.11270044178626648
1177	110-114	0.08508863672357592
1177	115-119	0.14136939474740018
1177	120-124	0.12351796325839359
1177	125-129	0.13903628821101677
1177	130-134	0.11669455460834399
1177	135-139	0.13292728275045107
1177	140-144	0.1868870381329586
1177	145-149	0.24506492570895944
1177	150	0.2861598737774429
1178	1	-0.051812708489315185
1178	2	-0.041537195771141455
1178	3	-0.04514076696759872
1178	4	-0.028476280354986727
1178	5	-0.034860152642210096
1178	6	0.025619885127078135
1178	7	-0.04997473223449589
1178	8	0.031149425097574124
1178	9	0.030764490345966067
1178	10-14	-0.021858986133786118
1178	15-19	-0.014147044451362945
1178	20-24	-0.014410113263558344
1178	25-29	0.019100686767849595
1178	30-34	-3.4009250381927814E-4
1178	35-39	-0.035620040869773106
1178	40-44	0.010561628003706858
1178	45-49	-0.004436552494347268
1178	50-54	0.010527669169718479
1178	55-59	-0.0033260337381690874
1178	60-64	0.0037879854567322013
1178	65-69	0.016618148557000723
1178	70-74	0.0076615016967451766
1178	75-79	0.019744561544406736
1178	80-84	0.05760175284822111
1178	85-89	0.03685692856491585
1178	90-94	0.06285555751175309
1178	95-99	0.07534263036635025
1178	100-104	0.0502081352260646
1178	105-109	0.09253484926421152
1178	110-114	0.08931716086731001
1178	115-119	0.0996276851267055
1178	120-124	0.10871820840870328
1178	125-129	0.1422745844573683
1178	130-134	0.15108587430304965
1178	135-139	0.15069478549679616
1178	140-144	0.1392659769635074
1178	145-149	0.20741960667560733
1178	150	0.22307850376684257
1179	1	-0.04963629156953431
1179	2	-0.06233021725959986
1179	3	-0.05370418075441563
1179	4	-0.01891584939107105
1179	5	-0.08539240989586006
1179	6	-0.0796350322698558
1179	7	-0.15755204023626135
1179	8	-0.01740029534308718
1179	9	-0.06108091236217916
1179	10-14	-0.06628934045419044
1179	15-19	-0.03749025439804399
1179	20-24	-0.02062681125539001
1179	25-29	-0.011218103979381056
1179	30-34	-0.021982883737102554
1179	35-39	-0.056234050150315795
1179	40-44	-0.0397353579947719
1179	45-49	-0.07815143736901575
1179	50-54	-0.008336121263020857
1179	55-59	-0.042050496515557256
1179	60-64	-0.011964344880695421
1179	65-69	-0.030886445387039885
1179	70-74	0.003710247664429289
1179	75-79	-0.014584323593133774
1179	80-84	0.024206039717739714
1179	85-89	0.003671890969073388
1179	90-94	0.02236054101953755
1179	95-99	0.013371401723311749
1179	100-104	0.06284327924178967
1179	105-109	0.05589306462939447
1179	110-114	0.09785940565176787
1179	115-119	0.055014407179960756
1179	120-124	0.07638976017773302
1179	125-129	0.08148307117579634
1179	130-134	0.11239141785382145
1179	135-139	0.14807188072641253
1179	140-144	0.1666859444953488
1179	145-149	0.19401103884315773
1179	150	0.2926003029922697
1180	1	-0.037922347146434277
1180	2	-0.12117971345452361
1180	3	-0.14095787055048703
1180	4	-0.06892073070196858
1180	5	-0.07846678539421958
1180	6	-0.07531841980119225
1180	7	-0.09522668444135007
1180	8	-0.11602658115076991
1180	9	-0.0894757210279522
1180	10-14	-0.08094144490577548
1180	15-19	-0.09956333855218702
1180	20-24	-0.06051326727146744
1180	25-29	-0.07296017459598403
1180	30-34	-0.060645452620526896
1180	35-39	-0.048776872065324994
1180	40-44	-0.08805328572779558
1180	45-49	-0.06919997156228419
1180	50-54	-0.09271630407926779
1180	55-59	-0.0899922943509992
1180	60-64	-0.04719099736467314
1180	65-69	-0.03799203174693133
1180	70-74	-0.02841577095871628
1180	75-79	-0.04559512576819458
1180	80-84	-0.042274713668248864
1180	85-89	-0.08553645196379023
1180	90-94	-0.040397277175259205
1180	95-99	-0.01911592546655072
1180	100-104	-0.04409947848942153
1180	105-109	-0.009540009508057778
1180	110-114	-0.03970794127393873
1180	115-119	0.02776712431904116
1180	120-124	-0.0036615639737007655
1180	125-129	0.008147858566381672
1180	130-134	0.05397893918593866
1180	135-139	0.07425888334629605
1180	140-144	0.11035914181807982
1180	145-149	0.14751014904827997
1180	150	0.2807856994147997
1181	1	-0.07690784305685128
1181	2	-0.11017660702807319
1181	3	-0.027254944834481876
1181	4	0.022362708557032818
1181	5	-0.10518849975063915
1181	6	0.0052772117916788375
1181	7	-0.09647909871826954
1181	8	-0.029508092962686305
1181	9	-0.03348448423072625
1181	10-14	-0.06839687530590766
1181	15-19	-0.10043494494564698
1181	20-24	-0.05757254309179416
1181	25-29	-0.07577179843312365
1181	30-34	-0.0797726146093467
1181	35-39	-0.0745063138409563
1181	40-44	-0.07322777395654612
1181	45-49	-0.07339306380433186
1181	50-54	-0.06806560230557324
1181	55-59	-0.07437831615987989
1181	60-64	-0.07326820362123954
1181	65-69	-0.062020616369750314
1181	70-74	-0.03144008570382795
1181	75-79	-0.05284940041178032
1181	80-84	-0.05133847276196235
1181	85-89	-0.08073977460500004
1181	90-94	-0.07752544502373127
1181	95-99	-0.039760103132373104
1181	100-104	0.05234892186906137
1181	105-109	0.03848831030540367
1181	110-114	0.02436345881777413
1181	115-119	0.05292479969487118
1181	120-124	0.042054052719592505
1181	125-129	0.060283323114447285
1181	130-134	0.08809408019289577
1181	135-139	0.09334747929400322
1181	140-144	0.15740550644879647
1181	145-149	0.15824689792176372
1181	150	0.2105922695754785
1182	1	-0.18742879237185406
1182	2	-0.1844976604240216
1182	3	-0.08096252579976948
1182	4	-0.03387276852095056
1182	5	-0.1188748409424889
1182	6	-0.06655376560097181
1182	7	-0.11309120357376656
1182	8	-0.20732765775912299
1182	9	-0.12545391347989465
1182	10-14	-0.12363450661733566
1182	15-19	-0.13227826682200572
1182	20-24	-0.09920068367367918
1182	25-29	-0.06390112505363987
1182	30-34	-0.09715473689233534
1182	35-39	-0.0942729183817832
1182	40-44	-0.11165966145230755
1182	45-49	-0.10664178094621946
1182	50-54	-0.07804194204511816
1182	55-59	-0.06061603218834222
1182	60-64	-0.09671727657472218
1182	65-69	-0.06275402393134755
1182	70-74	-0.06734816165869972
1182	75-79	-0.040303713719616496
1182	80-84	-0.07225238814174162
1182	85-89	-0.049598091398337374
1182	90-94	-0.035878243106708396
1182	95-99	-0.04587606866464711
1182	100-104	-0.07061817161014261
1182	105-109	-0.020793500945018195
1182	110-114	0.015441846289334649
1182	115-119	0.01562872572478824
1182	120-124	0.0076967525307978235
1182	125-129	0.02031805710291934
1182	130-134	0.01855560655199895
1182	135-139	0.05649828773665888
1182	140-144	0.09031354004514469
1182	145-149	0.11453229754417293
1182	150	0.07371070400448332
1183	1	0.03503073833969239
1183	2	-0.03071806182611425
1183	3	-0.03468906507475822
1183	4	-0.016996853386288535
1183	5	-0.05093903347943041
1183	6	-0.04257446428317735
1183	7	-0.01840111069221706
1183	8	-0.07255928851060389
1183	9	0.00877415656580638
1183	10-14	-0.042199446052059386
1183	15-19	-0.04966638005466706
1183	20-24	-0.06154427884028024
1183	25-29	-0.03900225205584462
1183	30-34	-0.012102121271084343
1183	35-39	-0.05410765800286299
1183	40-44	-0.08519600061784871
1183	45-49	-0.03129393733626529
1183	50-54	0.017785875830135467
1183	55-59	0.007091546235926671
1183	60-64	-0.014396014391408585
1183	65-69	-0.006229391094478842
1183	70-74	0.021330651957015334
1183	75-79	0.022098024851366915
1183	80-84	-0.01261528063284345
1183	85-89	0.0021157986819702046
1183	90-94	0.01676131955136384
1183	95-99	0.06594617705733441
1183	100-104	0.021997985785624508
1183	105-109	0.04278224447376289
1183	110-114	0.06755266447519404
1183	115-119	0.10434428338382418
1183	120-124	0.04863701180046576
1183	125-129	0.119120987012856
1183	130-134	0.10627588593614234
1183	135-139	0.11337372219453101
1183	140-144	0.18297240372520918
1183	145-149	0.1943862087742687
1183	150	0.23867990371459769
1184	1	-0.1271254093974079
1184	2	-0.08876625190429621
1184	3	-0.14875050622870134
1184	4	-0.044791666597078006
1184	5	-0.12948406876404306
1184	6	-0.08917541825209696
1184	7	-0.16415575814613703
1184	8	-0.18278350316948178
1184	9	-0.22012089650541355
1184	10-14	-0.15244558640547723
1184	15-19	-0.18422042384489146
1184	20-24	-0.14150511382408126
1184	25-29	-0.14701467347343566
1184	30-34	-0.18038295366105217
1184	35-39	-0.17026197396143772
1184	40-44	-0.1790545871314464
1184	45-49	-0.16888997291314922
1184	50-54	-0.12900609727311263
1184	55-59	-0.1828411567135788
1184	60-64	-0.15199575215687844
1184	65-69	-0.11043343319457222
1184	70-74	-0.13057684897600552
1184	75-79	-0.14762736243550734
1184	80-84	-0.14427071771068967
1184	85-89	-0.20862446887359454
1184	90-94	-0.15454246479822586
1184	95-99	-0.1475745261101551
1184	100-104	-0.12169169124786094
1184	105-109	-0.10964262006867642
1184	110-114	-0.1189993884113747
1184	115-119	-0.15295998523961885
1184	120-124	-0.12931970892505262
1184	125-129	-0.12277144992174982
1184	130-134	-0.11956320591009728
1184	135-139	-0.06690230470864833
1184	140-144	-0.02448946085792869
1184	145-149	0.02516174370028068
1184	150	0.02354658698362755
1185	1	-0.057903129876009984
1185	2	-0.11391762883481249
1185	3	-0.1158630440718511
1185	4	-0.11540062097770232
1185	5	-0.09203113376621275
1185	6	-0.11797373961269386
1185	7	-0.08104913970830552
1185	8	-0.010632225685249352
1185	9	-0.06734597062424541
1185	10-14	-0.09432555316847413
1185	15-19	-0.12244477292887979
1185	20-24	-0.10180936025024323
1185	25-29	-0.08297586190360562
1185	30-34	-0.09045710645617788
1185	35-39	-0.11162422787759141
1185	40-44	-0.09096224385122298
1185	45-49	-0.12999466616837196
1185	50-54	-0.08745632353519284
1185	55-59	-0.0706702024489374
1185	60-64	-0.039903240288204245
1185	65-69	-0.06151080571566325
1185	70-74	-0.038659428755515535
1185	75-79	-0.07094480003731718
1185	80-84	-0.05860482902400577
1185	85-89	-0.04400003883927894
1185	90-94	-0.007680326089982259
1185	95-99	-0.0469712824892099
1185	100-104	-0.04445829046173344
1185	105-109	0.002305720806731415
1185	110-114	-0.0074063024189072735
1185	115-119	0.007002277419452696
1185	120-124	-0.008126625161850143
1185	125-129	0.054957945756576976
1185	130-134	0.06935889560070052
1185	135-139	0.06590958871905883
1185	140-144	0.156886461262566
1185	145-149	0.16203881328463154
1185	150	0.22862033311135832
1186	1	-0.04043659656458232
1186	2	-0.16916828180469423
1186	3	-0.08817588745096572
1186	4	-0.049408167571293404
1186	5	-0.14041512096559927
1186	6	-0.12614160240880068
1186	7	-0.05471567026138757
1186	8	-0.07080892195647692
1186	9	-0.08636649165356403
1186	10-14	-0.13840480118832232
1186	15-19	-0.1045542332771987
1186	20-24	-0.10747629443044815
1186	25-29	-0.07204466630430773
1186	30-34	-0.09589697128065922
1186	35-39	-0.10788093542895894
1186	40-44	-0.13280840267511707
1186	45-49	-0.10708989743839226
1186	50-54	-0.09290748945370098
1186	55-59	-0.11897247494066221
1186	60-64	-0.11486855285453146
1186	65-69	-0.10429404753166693
1186	70-74	-0.08860807628168033
1186	75-79	-0.061863143115367336
1186	80-84	-0.09724633044709208
1186	85-89	-0.09905460444344527
1186	90-94	-0.12483847687020244
1186	95-99	-0.060941331796783516
1186	100-104	-0.0931881656253779
1186	105-109	-0.054949729948930326
1186	110-114	-0.03333048837206576
1186	115-119	-0.032441892644676784
1186	120-124	-0.10127419923536962
1186	125-129	-0.04630969132607987
1186	130-134	-0.03434280626142794
1186	135-139	-0.025534860439023532
1186	140-144	0.09404629149476307
1186	145-149	0.06648151077314424
1186	150	0.038914011999793274
1187	1	-0.05123569276683071
1187	2	-0.1960309077223883
1187	3	-0.17781785019067797
1187	4	-0.10785753968099243
1187	5	-0.16323539586799285
1187	6	-0.11444248719966055
1187	7	-0.08979780806061655
1187	8	-0.16311782696121213
1187	9	-0.1803166811985335
1187	10-14	-0.14412785520231353
1187	15-19	-0.1380805754268053
1187	20-24	-0.1653040494656537
1187	25-29	-0.12277657641129736
1187	30-34	-0.13451004172984682
1187	35-39	-0.11636866812433055
1187	40-44	-0.17047384548891387
1187	45-49	-0.17633702490747538
1187	50-54	-0.18863556698483563
1187	55-59	-0.17759995277546636
1187	60-64	-0.15873691470646634
1187	65-69	-0.17914694299331302
1187	70-74	-0.11633558067504168
1187	75-79	-0.11724642551553188
1187	80-84	-0.12021207228914932
1187	85-89	-0.13775712246216898
1187	90-94	-0.09787889814561623
1187	95-99	-0.1163069278410589
1187	100-104	-0.10979951962156065
1187	105-109	-0.07144189984741445
1187	110-114	-0.07252051015611727
1187	115-119	-0.07114633195774189
1187	120-124	-0.07280109333626683
1187	125-129	-0.035731602016127795
1187	130-134	-0.049948998273784184
1187	135-139	-0.0293848904730325
1187	140-144	-0.0240325453641006
1187	145-149	0.029132332740296363
1187	150	0.10431910805594669
1188	1	-0.13077727796678573
1188	2	-0.2538686971017725
1188	3	-0.18488557576621645
1188	4	-0.1481892854078879
1188	5	-0.17035300560475974
1188	6	-0.14762525924013659
1188	7	-0.13113256945707974
1188	8	-0.18720063856785885
1188	9	-0.26523695441121475
1188	10-14	-0.18350487542125649
1188	15-19	-0.1711299560733721
1188	20-24	-0.18900333787956214
1188	25-29	-0.15941640109885213
1188	30-34	-0.15376178447172606
1188	35-39	-0.1674740394988632
1188	40-44	-0.2102533850185324
1188	45-49	-0.16095002028765748
1188	50-54	-0.18470402995721003
1188	55-59	-0.16119985244523605
1188	60-64	-0.17017942388435614
1188	65-69	-0.1822604944528834
1188	70-74	-0.1336368641801826
1188	75-79	-0.1321825747925658
1188	80-84	-0.16647838186549535
1188	85-89	-0.17586169520275519
1188	90-94	-0.12398940343175013
1188	95-99	-0.11322900628699273
1188	100-104	-0.10022397964916507
1188	105-109	-0.05133007389245137
1188	110-114	-0.057448297528949865
1188	115-119	-0.08723866994838403
1188	120-124	-0.08180959947449651
1188	125-129	-0.0672658802758832
1188	130-134	-0.026788367060248675
1188	135-139	-0.05529176517271139
1188	140-144	0.008630932557892379
1188	145-149	-0.014152790418108907
1188	150	-0.0681995871085661
1201	1	-0.16794885173153062
1201	2	-0.15320478766019363
1201	3	-0.1135585607907359
1201	4	-0.044155864596696404
1201	5	-0.05323748849271226
1201	6	-0.09773542386854217
1201	7	-0.11150915614035739
1201	8	-0.08019123577566489
1201	9	-0.10821057276621815
1201	10-14	-0.10928588397915462
1201	15-19	-0.12238459127629397
1201	20-24	-0.12784359515033117
1201	25-29	-0.10174240923299038
1201	30-34	-0.06732836734100545
1201	35-39	-0.14508919882568705
1201	40-44	-0.15818756185845473
1201	45-49	-0.140545307888992
1201	50-54	-0.1029805618307833
1201	55-59	-0.12394564139249553
1201	60-64	-0.1213445806674116
1201	65-69	-0.10825518531632383
1201	70-74	-0.10303243643831195
1201	75-79	-0.06860712384472123
1201	80-84	-0.06792393692669663
1201	85-89	-0.1357970515852429
1201	90-94	-0.09639684224551814
1201	95-99	-0.0853494043524492
1201	100-104	-0.07236780485699512
1201	105-109	-0.08343693368656346
1201	110-114	-0.03313961705573121
1201	115-119	-0.09716450700044987
1201	120-124	-0.07736883855302068
1201	125-129	-0.052588563470571614
1201	130-134	-0.009228406406620593
1201	135-139	-0.09557140554903754
1201	140-144	-0.02743654824727315
1201	145-149	0.004740497872901983
1201	150	-0.01811766231399048
1202	1	-0.04101635284232685
1202	2	-0.05831529848216377
1202	3	-0.058714994849708546
1202	4	-0.035997445882969714
1202	5	-0.07256421591350914
1202	6	-0.03721785889165119
1202	7	-0.07270494601979038
1202	8	-0.09495159324698221
1202	9	-0.0496156343188332
1202	10-14	-0.034807150780480356
1202	15-19	-0.029940783630088674
1202	20-24	-0.07495202445666393
1202	25-29	-0.10317891828712789
1202	30-34	-0.04981292610116128
1202	35-39	-0.08434581138189401
1202	40-44	-0.0632595208053246
1202	45-49	-0.02245693449871311
1202	50-54	-0.0962370819965912
1202	55-59	-0.10780444504131736
1202	60-64	-0.06934501803157644
1202	65-69	-0.056388589084910734
1202	70-74	-0.05883452778905962
1202	75-79	-0.041151942495069704
1202	80-84	-0.07527407636913352
1202	85-89	-0.07945727054548968
1202	90-94	-0.00885905097675277
1202	95-99	-0.04637084463410446
1202	100-104	-0.04092147063180107
1202	105-109	-0.07986759755866757
1202	110-114	-0.013757567166415186
1202	115-119	-0.06134419586837936
1202	120-124	-0.06376282691928736
1202	125-129	-0.07568567545143878
1202	130-134	-0.026661913269954596
1202	135-139	-0.018916021933982563
1202	140-144	-0.10210784834143283
1202	145-149	-0.027772883210374744
1202	150	-0.006573024222284118
1203	1	-0.12074229720732887
1203	2	-0.14503607598335577
1203	3	-0.12946954527959065
1203	4	-0.09606959366233525
1203	5	-0.023732056599918394
1203	6	-0.09572464702080907
1203	7	-0.11168740339904559
1203	8	-0.11625019442747231
1203	9	-0.17397051194419078
1203	10-14	-0.11928478555735467
1203	15-19	-0.11124032638029746
1203	20-24	-0.12384185491526267
1203	25-29	-0.12609996178176175
1203	30-34	-0.1606168500929499
1203	35-39	-0.13380529151771015
1203	40-44	-0.15135631417197715
1203	45-49	-0.13699212272438643
1203	50-54	-0.1662242531092346
1203	55-59	-0.14746159596905528
1203	60-64	-0.13781552630267413
1203	65-69	-0.09357000014482253
1203	70-74	-0.09004197325158003
1203	75-79	-0.15416325898606686
1203	80-84	-0.12488038253229661
1203	85-89	-0.1621650484998156
1203	90-94	-0.11126858672403728
1203	95-99	-0.07816088635740925
1203	100-104	-0.08082754905278478
1203	105-109	-0.09137505067143792
1203	110-114	-0.08844022874860258
1203	115-119	-0.11141657904017421
1203	120-124	-0.06857983873010198
1203	125-129	-0.07112465290673242
1203	130-134	-0.11446976243048823
1203	135-139	-0.0922969633859978
1203	140-144	-0.053568458360906845
1203	145-149	-0.05204566772625441
1203	150	-0.07908271944793199
1204	1	-0.008316148217488717
1204	2	-0.1030546905385279
1204	3	-0.06411480306515216
1204	4	-0.01378327056526274
1204	5	-0.03946387026915943
1204	6	-0.08466814504106424
1204	7	-0.13375884711687291
1204	8	-0.08336976305802324
1204	9	-0.09973450001326256
1204	10-14	-0.0919099348355914
1204	15-19	-0.11186013427469987
1204	20-24	-0.09874241203184653
1204	25-29	-0.07815067340392545
1204	30-34	-0.04486677454566035
1204	35-39	-0.09960094171815825
1204	40-44	-0.0834568537532121
1204	45-49	-0.11151475871011485
1204	50-54	-0.11611847459786873
1204	55-59	-0.10882997831638619
1204	60-64	-0.07522061810339409
1204	65-69	-0.0748453318817468
1204	70-74	-0.0760502715080662
1204	75-79	-0.0639452838305985
1204	80-84	-0.11108127402717827
1204	85-89	-0.10189276057342056
1204	90-94	-0.05655930030661693
1204	95-99	-0.04671263938687531
1204	100-104	-0.044891202349489845
1204	105-109	-0.04600094569433111
1204	110-114	-0.06301777350990534
1204	115-119	-0.04637870442231673
1204	120-124	-0.0765212312777237
1204	125-129	-0.034435640991318905
1204	130-134	-0.027593230704688665
1204	135-139	-0.025149367759887298
1204	140-144	-0.05498378469438592
1204	145-149	-0.007691075498108546
1204	150	-0.03471663812187131
1205	1	-0.03413999812445212
1205	2	-0.07547778635339597
1205	3	-0.08372684670812447
1205	4	-0.023276205038932574
1205	5	-0.03912794494384286
1205	6	-0.09300725173682167
1205	7	-0.006149438216269232
1205	8	-0.00518810366603617
1205	9	-0.04011334837471736
1205	10-14	-0.05842843381368823
1205	15-19	-0.030853339806427016
1205	20-24	-0.08236085129744453
1205	25-29	-0.04170400558228238
1205	30-34	-0.022272579322923036
1205	35-39	-0.03880339009767653
1205	40-44	-0.030599983468412972
1205	45-49	-0.060301555281093044
1205	50-54	-0.08823920671604668
1205	55-59	-0.03420418274971837
1205	60-64	-0.023174128263455884
1205	65-69	-0.00401243300565568
1205	70-74	-0.03575289199137899
1205	75-79	-0.05188455718487717
1205	80-84	-0.049158709419351965
1205	85-89	-0.031870594446573364
1205	90-94	0.012240629183061458
1205	95-99	0.035541127195152455
1205	100-104	0.013718328868726815
1205	105-109	-0.00880885123176256
1205	110-114	0.033899235504954106
1205	115-119	0.012563476308471877
1205	120-124	0.013611495383329952
1205	125-129	0.02356547908941309
1205	130-134	0.06230921250152477
1205	135-139	0.035556399296083896
1205	140-144	0.08250221197874197
1205	145-149	0.057835760794262114
1205	150	0.1475593483597777
1206	1	-0.04342682216791616
1206	2	-0.051024547073808435
1206	3	-0.06100309497613665
1206	4	-0.02397805768392658
1206	5	-0.06275155125831589
1206	6	-0.14466964098402713
1206	7	-0.1168552418117983
1206	8	-0.06306877163054025
1206	9	-0.1216096856115172
1206	10-14	-0.09440761549737431
1206	15-19	-0.0896954925770359
1206	20-24	-0.10144520866573714
1206	25-29	-0.08212446524123607
1206	30-34	-0.04613831995286688
1206	35-39	-0.10793526974860868
1206	40-44	-0.07536270801626443
1206	45-49	-0.08572460417284589
1206	50-54	-0.11982606561586095
1206	55-59	-0.11524030483451497
1206	60-64	-0.0762209497234494
1206	65-69	-0.09395876345355703
1206	70-74	-0.11041524203807995
1206	75-79	-0.09654952887901658
1206	80-84	-0.07413384254505218
1206	85-89	-0.09206420132268534
1206	90-94	-0.048031911880372036
1206	95-99	-0.06351838177822344
1206	100-104	-0.07808974084928622
1206	105-109	-0.041773289829315274
1206	110-114	-0.027088439116788265
1206	115-119	-0.06373929676681911
1206	120-124	-0.04643947496855105
1206	125-129	-0.05032930445018735
1206	130-134	-0.030033971387808833
1206	135-139	-0.0076849336204816154
1206	140-144	-0.013209513195533873
1206	145-149	0.029091429341931985
1206	150	0.0036092739303157373
1207	1	-0.04206922910095301
1207	2	-0.015852066004605092
1207	3	-0.0940252779360975
1207	4	-0.038355343917196194
1207	5	0.006581629139390088
1207	6	-0.08869603842412488
1207	7	-0.07335455361642573
1207	8	-0.06915772096066064
1207	9	-0.04046330535034315
1207	10-14	-0.04504099978696985
1207	15-19	-0.05040502809463021
1207	20-24	-0.08819863237895476
1207	25-29	-0.06720326774926377
1207	30-34	-0.030397088954941864
1207	35-39	-0.05682354754684127
1207	40-44	-0.07634710741461248
1207	45-49	-0.07782076947454897
1207	50-54	-0.04117990752940415
1207	55-59	-0.06313751425115299
1207	60-64	-0.04797905085438714
1207	65-69	-0.03662410163162377
1207	70-74	-0.015813176347464264
1207	75-79	-0.05229857408146188
1207	80-84	-0.0412312942002373
1207	85-89	-0.09676346385226964
1207	90-94	-0.0572905319677659
1207	95-99	-0.009504993345352375
1207	100-104	-0.027283869952952955
1207	105-109	-0.09491688480220262
1207	110-114	-0.07263875610153292
1207	115-119	-0.03656266320790991
1207	120-124	-0.0481873113130149
1207	125-129	-0.03771161208660345
1207	130-134	-0.037943014358482685
1207	135-139	-0.03208948515964494
1207	140-144	-0.00998984302344752
1207	145-149	0.024008466801170414
1207	150	0.05063494481641584
1208	1	-0.005908824452767192
1208	2	-0.060999110696677405
1208	3	-0.0029879050907624105
1208	4	-0.07060417927392137
1208	5	0.04927611667956455
1208	6	-0.011199890422453507
1208	7	-0.053123354167617265
1208	8	0.03595588111760151
1208	9	0.010156070816030649
1208	10-14	-0.050131139466728314
1208	15-19	-0.06887470562895714
1208	20-24	-0.040023047858376515
1208	25-29	-0.032044502141822306
1208	30-34	-0.025343390551078926
1208	35-39	-0.03058541754084132
1208	40-44	-0.03364015821634325
1208	45-49	-0.05260911713460814
1208	50-54	-0.07996378157519501
1208	55-59	-0.07303361941134057
1208	60-64	-0.07398708783744468
1208	65-69	-0.04331393105239556
1208	70-74	-0.04920087416834207
1208	75-79	-0.055939543911811995
1208	80-84	-0.08133243809878365
1208	85-89	-0.07314547610214106
1208	90-94	-0.05715802703625883
1208	95-99	-0.02797425952398669
1208	100-104	-0.03969609277066155
1208	105-109	-0.09367217083643453
1208	110-114	0.005546654678418861
1208	115-119	-0.023652663692153908
1208	120-124	-0.034636540597276166
1208	125-129	-0.019628088670138766
1208	130-134	-0.02342561823162015
1208	135-139	-0.02900464404382319
1208	140-144	-0.016881635996234934
1208	145-149	0.0638557679341929
1208	150	-0.027437524625376852
1209	1	-0.1094086744442393
1209	2	-0.09322887228616139
1209	3	-0.04649402940053449
1209	4	-0.05166125375487951
1209	5	-0.019652372234723714
1209	6	-0.03559290956896177
1209	7	-0.09272524363237977
1209	8	-0.11942688443377847
1209	9	-0.025543032141115418
1209	10-14	-0.0802122623530579
1209	15-19	-0.0731485682473334
1209	20-24	-0.0972102879214205
1209	25-29	-0.09322832062846231
1209	30-34	-0.054791336535586765
1209	35-39	-0.07632174005347281
1209	40-44	-0.08746826935294649
1209	45-49	-0.09571375024825812
1209	50-54	-0.09341543240675776
1209	55-59	-0.1130607648750157
1209	60-64	-0.08759298056712339
1209	65-69	-0.1046042988935838
1209	70-74	-0.08189258900554819
1209	75-79	-0.08271290557141242
1209	80-84	-0.06541931372090914
1209	85-89	-0.11548771647914435
1209	90-94	-0.05529003387760412
1209	95-99	-0.047004423232273496
1209	100-104	-0.04728624973694906
1209	105-109	-0.05550994081443861
1209	110-114	0.0031470372084783094
1209	115-119	0.008506388858627645
1209	120-124	-0.007768747339355286
1209	125-129	-0.014398009562860636
1209	130-134	0.015956486033047668
1209	135-139	-0.03395801829127976
1209	140-144	0.037701505495256527
1209	145-149	0.06315803139286658
1209	150	-0.05012572996002973
1210	1	-0.1524917648670865
1210	2	-0.11960578667815724
1210	3	-0.034666765122750576
1210	4	-0.02361691934768828
1210	5	-0.011600524389180578
1210	6	-0.0534597445029803
1210	7	-0.046420419663164125
1210	8	-0.02442565511903183
1210	9	-0.0951575572644856
1210	10-14	-0.08343990875747664
1210	15-19	-0.05898887499188277
1210	20-24	-0.08479913337723843
1210	25-29	-0.09747028716525108
1210	30-34	-0.06848511086769093
1210	35-39	-0.036814440115136904
1210	40-44	-0.06896463211160864
1210	45-49	-0.05672236354966742
1210	50-54	-0.04248794435141434
1210	55-59	-0.0352990597234637
1210	60-64	-0.08464088644775813
1210	65-69	-0.04502803228406549
1210	70-74	-0.057049010300914915
1210	75-79	-0.025569330481182817
1210	80-84	-0.051769257620215114
1210	85-89	-0.11788370421493255
1210	90-94	-0.05188141709874117
1210	95-99	-0.003637176214326132
1210	100-104	-0.015600499861797346
1210	105-109	0.01832911595310094
1210	110-114	0.002870794196802251
1210	115-119	-0.02569528509351926
1210	120-124	-0.013124308096521986
1210	125-129	0.011909159304146044
1210	130-134	0.026175155194586353
1210	135-139	0.003129821115258835
1210	140-144	0.03688049354384759
1210	145-149	0.06799054537159321
1210	150	0.08619875530423826
1211	1	-0.018433108383398178
1211	2	-0.13187253987982217
1211	3	-0.04600410753210582
1211	4	-0.13019100952850238
1211	5	-0.03988873793181824
1211	6	-0.11522149960107697
1211	7	0.0018349949868223803
1211	8	-0.010448850150545752
1211	9	-0.06153866206464187
1211	10-14	-0.07391148156916927
1211	15-19	-0.029309535168302148
1211	20-24	-0.08438257788736081
1211	25-29	-0.075038326002975
1211	30-34	-0.026115684422656216
1211	35-39	-0.025661026901396156
1211	40-44	-0.05649457124386714
1211	45-49	-0.08421049113776036
1211	50-54	-0.07000793607036826
1211	55-59	-0.06547997845402875
1211	60-64	-0.08660097187749471
1211	65-69	-0.07665601789115328
1211	70-74	-0.05121324286844242
1211	75-79	-0.03479389357829632
1211	80-84	-0.09128599182129449
1211	85-89	-0.057523511354105494
1211	90-94	-0.0712906029049023
1211	95-99	-0.02389792638302879
1211	100-104	-0.03189087049121753
1211	105-109	-0.06891173025905317
1211	110-114	-0.04529393767621315
1211	115-119	0.007707889335748064
1211	120-124	-0.006101816433954355
1211	125-129	-0.021259175876046754
1211	130-134	-0.035692180824405284
1211	135-139	0.023941838886862854
1211	140-144	0.02496074495969225
1211	145-149	0.09013085601845461
1211	150	0.06700149317677528
1212	1	-0.10765535074797583
1212	2	-0.0958259391322116
1212	3	-0.12917489203615418
1212	4	-0.10480833404712797
1212	5	-0.06198289555163683
1212	6	-0.1034515294092202
1212	7	-0.12050452714975535
1212	8	-0.10222322616451862
1212	9	-0.10280371433405833
1212	10-14	-0.09984957211951695
1212	15-19	-0.1340410913337422
1212	20-24	-0.13175255756397775
1212	25-29	-0.1523149404958346
1212	30-34	-0.1083461808195878
1212	35-39	-0.13624713739421423
1212	40-44	-0.09692822040427274
1212	45-49	-0.08369868146927928
1212	50-54	-0.12363852777380657
1212	55-59	-0.08182379167777043
1212	60-64	-0.0947359674907915
1212	65-69	-0.06994275659607041
1212	70-74	-0.06067884571264415
1212	75-79	-0.020991162733487556
1212	80-84	-0.0375901082818757
1212	85-89	-0.10276744933297977
1212	90-94	-0.016584598977907206
1212	95-99	-0.05705230072952361
1212	100-104	-0.03630046202714965
1212	105-109	-0.037315376994726535
1212	110-114	-0.0250124821333344
1212	115-119	-0.024253082423392414
1212	120-124	-0.040523831470352434
1212	125-129	-0.019678415856432707
1212	130-134	-2.2390542075356734E-4
1212	135-139	0.010563657955955819
1212	140-144	0.007139647343961997
1212	145-149	0.03464974559830125
1212	150	0.1044135928187302
1213	1	-0.11250827749347536
1213	2	-0.07980495144760624
1213	3	-0.06151953901127882
1213	4	-0.07534007930006226
1213	5	-0.06343203936204844
1213	6	-0.04177061335995802
1213	7	-0.0912443706314292
1213	8	-0.09917001484024723
1213	9	-0.13357219968806788
1213	10-14	-0.12265136054991643
1213	15-19	-0.045493632916581817
1213	20-24	-0.04912197025226561
1213	25-29	-0.10535223012833939
1213	30-34	-0.09092865959885188
1213	35-39	-0.06722559772491365
1213	40-44	-0.06840123448601787
1213	45-49	-0.0923707289644966
1213	50-54	-0.08589785018193652
1213	55-59	-0.03182929925835509
1213	60-64	-0.05765689875029523
1213	65-69	-0.03552226692431759
1213	70-74	-0.01572257516654929
1213	75-79	-0.036594150810621784
1213	80-84	-0.04929507859736049
1213	85-89	-0.04967063121806348
1213	90-94	-0.05276767390063242
1213	95-99	-0.04130142982034357
1213	100-104	-0.06299840373756638
1213	105-109	-0.0351112407894405
1213	110-114	-0.012422704889822
1213	115-119	-0.02622057665821842
1213	120-124	-0.04513075703828662
1213	125-129	-0.06765190832490475
1213	130-134	-0.035289775593945194
1213	135-139	0.004898553201535094
1213	140-144	0.019205995903902817
1213	145-149	0.05170895515622931
1213	150	0.05815322777284848
1214	1	-0.0622656608000014
1214	2	-0.06752796287509
1214	3	-0.029719858656513054
1214	4	0.026234376247657565
1214	5	-0.011226819499675855
1214	6	-0.003644234273025404
1214	7	-0.08356845093069154
1214	8	-0.028455591618616438
1214	9	-0.06338351518797936
1214	10-14	-0.044521834848332276
1214	15-19	-0.048820823673750624
1214	20-24	-0.0710207469813895
1214	25-29	-0.04460199706387158
1214	30-34	-0.07765925368360627
1214	35-39	-0.10142441295608506
1214	40-44	-0.07206364475375437
1214	45-49	-0.05162651551066233
1214	50-54	-0.08444311501548896
1214	55-59	-0.08988784534648886
1214	60-64	-0.02026458723936031
1214	65-69	-0.03499945983134012
1214	70-74	-0.05373132265755487
1214	75-79	0.012023219870357593
1214	80-84	-0.0031102511432408164
1214	85-89	0.017801960497926927
1214	90-94	0.045247870082597785
1214	95-99	0.005094597041200188
1214	100-104	-0.002374829241951204
1214	105-109	-0.017455336782688846
1214	110-114	0.02457531479509356
1214	115-119	0.04562032483710965
1214	120-124	0.02422257211910761
1214	125-129	0.03332851377097512
1214	130-134	0.08089151924774995
1214	135-139	0.089366223201786
1214	140-144	0.13175071545453676
1214	145-149	0.14414487708500445
1214	150	0.0677773978776699
1215	1	-0.18131094296300176
1215	2	-0.07408634591233465
1215	3	-0.04689507855912467
1215	4	-0.0896555337972913
1215	5	-0.08802751354528482
1215	6	-0.06943300080884995
1215	7	-0.07846682397539695
1215	8	-0.04504933785381127
1215	9	-0.1736476872703605
1215	10-14	-0.14278011773815535
1215	15-19	-0.08310261077670589
1215	20-24	-0.08957504309638153
1215	25-29	-0.1161391104464542
1215	30-34	-0.08984727996737973
1215	35-39	-0.09731532426231837
1215	40-44	-0.0763016443164446
1215	45-49	-0.0635720370426327
1215	50-54	-0.10364090703362194
1215	55-59	-0.14034974706588343
1215	60-64	-0.08225721093656091
1215	65-69	-0.08404002067634764
1215	70-74	-0.04221151357606345
1215	75-79	-0.03201580364927992
1215	80-84	-0.02172302918980762
1215	85-89	-0.03899552841664189
1215	90-94	-0.03782410171566397
1215	95-99	-0.06438236347143089
1215	100-104	-0.05154082148168726
1215	105-109	-0.028195573321838197
1215	110-114	0.017832410131852328
1215	115-119	-0.05260166689360091
1215	120-124	-0.05322828479418007
1215	125-129	-0.03191555689630121
1215	130-134	0.022073149290775973
1215	135-139	0.06022986063133118
1215	140-144	-0.001130549830705263
1215	145-149	0.037557268289461376
1215	150	0.05696742586279413
1216	1	0.009503485057052785
1216	2	0.02552763099959776
1216	3	-0.06434333527542435
1216	4	0.04125705406384128
1216	5	0.011925546778037699
1216	6	0.052235130751093095
1216	7	-0.036007299557347494
1216	8	0.03752335408544383
1216	9	-1.1513880058799941E-4
1216	10-14	4.4672097358500196E-4
1216	15-19	0.0019709034204140607
1216	20-24	-0.00777962180912084
1216	25-29	-0.026853199869727007
1216	30-34	0.0018305807608101077
1216	35-39	0.0022669714279075492
1216	40-44	0.007563063492206368
1216	45-49	0.022926869414860107
1216	50-54	0.0035834892505732796
1216	55-59	-0.01414090709148752
1216	60-64	0.046692717477668566
1216	65-69	0.021108903307023752
1216	70-74	0.037883081082675574
1216	75-79	0.04414427703812862
1216	80-84	0.059735458184711376
1216	85-89	-0.010852739729344307
1216	90-94	0.018981690156202546
1216	95-99	-0.011320042907918548
1216	100-104	0.03983263441327267
1216	105-109	0.06904701697567361
1216	110-114	0.10470261859710206
1216	115-119	0.055166791381182634
1216	120-124	0.058169852718982895
1216	125-129	0.08509409760672781
1216	130-134	0.1473993095878967
1216	135-139	0.12186598197685328
1216	140-144	0.10946842796924727
1216	145-149	0.15802029537526607
1216	150	0.05277996366747573
1217	1	0.003911773230520055
1217	2	-0.10214593515890869
1217	3	-0.008393832463362116
1217	4	0.017751848113505275
1217	5	-0.07229178161336591
1217	6	-0.020817535514353835
1217	7	-0.08340519076767805
1217	8	-0.03136365566322752
1217	9	-0.061029634783963616
1217	10-14	-0.006481182032906929
1217	15-19	-0.04189843449335484
1217	20-24	-0.07533575813552318
1217	25-29	-0.07485516445255769
1217	30-34	-0.05255288423931148
1217	35-39	-0.07565482497038545
1217	40-44	-0.03217365970252928
1217	45-49	-0.03470939028351694
1217	50-54	-0.01721496609020079
1217	55-59	-0.05774386717051527
1217	60-64	-0.03183541084639785
1217	65-69	-0.04896353620385696
1217	70-74	0.005747130516311927
1217	75-79	-0.00827897883071671
1217	80-84	-0.008280156305339403
1217	85-89	-0.053146097416814087
1217	90-94	0.0023046643183306514
1217	95-99	-0.02646630738480127
1217	100-104	-4.065033571336585E-4
1217	105-109	0.023972507871185655
1217	110-114	0.05071511741891044
1217	115-119	0.008116251322555001
1217	120-124	0.04304083211700771
1217	125-129	0.026893701493527544
1217	130-134	0.0515687034725687
1217	135-139	0.08691274314126929
1217	140-144	0.10712878188991937
1217	145-149	0.1375567512182343
1217	150	0.07812469552477808
1218	1	-0.0806049270654583
1218	2	-0.03856425819208198
1218	3	-0.005938703634015496
1218	4	0.02926930403117467
1218	5	-0.040514908166031205
1218	6	-0.016440817720557277
1218	7	-0.026657926971161316
1218	8	0.00291273278217119
1218	9	-0.03639682087448648
1218	10-14	-0.03648502430499434
1218	15-19	0.006188936811284407
1218	20-24	-0.043565165180091014
1218	25-29	-0.007979882792874093
1218	30-34	-0.009159093622756131
1218	35-39	-0.029947820485716647
1218	40-44	-0.015911171374654032
1218	45-49	-0.033830966868144685
1218	50-54	-0.006964599413642247
1218	55-59	-0.030696506071670626
1218	60-64	-0.043853615214509034
1218	65-69	-0.020740636111234778
1218	70-74	0.03240636929351126
1218	75-79	0.04780074114389521
1218	80-84	0.051772337132980795
1218	85-89	0.005618714013685633
1218	90-94	0.03931445569578784
1218	95-99	0.05221557437738511
1218	100-104	0.014167559268123853
1218	105-109	0.044855143443378154
1218	110-114	0.0935237352804208
1218	115-119	0.037017806876605164
1218	120-124	0.05952718374754795
1218	125-129	0.06130216143689182
1218	130-134	0.125062838534852
1218	135-139	0.12246268248772196
1218	140-144	0.11170128194086715
1218	145-149	0.12693710369574518
1218	150	0.12092564393944372
1219	1	-0.04320995572570041
1219	2	-0.0060365632882266596
1219	3	-0.03992270958315913
1219	4	-0.019752683306705876
1219	5	-0.029682728488850785
1219	6	0.015135749266903531
1219	7	-0.04975274462569246
1219	8	-0.08947527594327909
1219	9	-0.04115673911593376
1219	10-14	-0.05391977813820148
1219	15-19	-0.03577656483968639
1219	20-24	-0.05471473702036889
1219	25-29	-0.06450221551197899
1219	30-34	-0.051410915932436296
1219	35-39	-0.048490373486487215
1219	40-44	-0.032855313626221516
1219	45-49	-0.05258898351665664
1219	50-54	-0.03600488555350978
1219	55-59	-0.05531136871841369
1219	60-64	-0.05144198045474013
1219	65-69	-0.06925465617845816
1219	70-74	-0.018353874668420644
1219	75-79	-0.030428918312480846
1219	80-84	-0.02382745333322589
1219	85-89	-0.07738543523139185
1219	90-94	-0.023902641224736954
1219	95-99	-0.04387957336668791
1219	100-104	-0.054276155192823694
1219	105-109	0.003953690160543033
1219	110-114	0.009617054048227658
1219	115-119	0.06564422009596882
1219	120-124	0.05028908794987785
1219	125-129	0.012262926883046532
1219	130-134	0.023691067171348834
1219	135-139	0.019198719180543833
1219	140-144	0.11484567479532615
1219	145-149	0.1255275686429087
1219	150	0.05071151661949358
1220	1	-0.09192818977928141
1220	2	-0.02988948794020274
1220	3	-0.11306339125555809
1220	4	-0.031199416398116853
1220	5	-0.04092083251568113
1220	6	-0.13223327175975186
1220	7	-0.1376284646719057
1220	8	-0.046136161431618916
1220	9	-0.13489397687073534
1220	10-14	-0.07307967069332477
1220	15-19	-0.052705917754842346
1220	20-24	-0.08517968308531465
1220	25-29	-0.09242496304638337
1220	30-34	-0.09114091047695894
1220	35-39	-0.09345835082498866
1220	40-44	-0.008891958516208831
1220	45-49	-0.07493006218139442
1220	50-54	-0.06214789869641635
1220	55-59	-0.08363881683030172
1220	60-64	-0.04281859753355377
1220	65-69	-0.0525896632488525
1220	70-74	-0.014074174204026235
1220	75-79	-0.03681600755704295
1220	80-84	-0.029540270811757807
1220	85-89	-0.05515245284000514
1220	90-94	-0.0391560857304043
1220	95-99	-0.05791468203744898
1220	100-104	0.004015456851199417
1220	105-109	-0.012909798938906647
1220	110-114	0.00830513369277952
1220	115-119	0.0186415936858495
1220	120-124	0.07750408897673822
1220	125-129	0.020867744893550366
1220	130-134	0.0461723054834593
1220	135-139	0.11806320166556361
1220	140-144	0.10017136141203764
1220	145-149	0.07082625833295708
1220	150	-0.002742398161053927
1221	1	-0.09447324312089478
1221	2	-0.05772437316811363
1221	3	-0.07449179751404245
1221	4	-0.02883809877105392
1221	5	0.03445813359896732
1221	6	-0.0020535603054909757
1221	7	-0.09880017869309654
1221	8	-0.0478709850856589
1221	9	-1.4632667127045806E-4
1221	10-14	-0.011228564738765101
1221	15-19	-0.024699037972666815
1221	20-24	-0.03891796993352159
1221	25-29	-0.05888866000614712
1221	30-34	-0.016474301171690797
1221	35-39	-0.050531234749733756
1221	40-44	-0.01706746287074168
1221	45-49	-0.024915300585199418
1221	50-54	0.014915413045727632
1221	55-59	-0.010793503480243771
1221	60-64	0.02006261150121702
1221	65-69	-0.01778205246742459
1221	70-74	0.03858824592695953
1221	75-79	0.010456556757176827
1221	80-84	0.06732673948551593
1221	85-89	0.02429677022679755
1221	90-94	0.005160430855553955
1221	95-99	0.017524047479376748
1221	100-104	0.08082282922433848
1221	105-109	0.025950932078288247
1221	110-114	0.036820056169752036
1221	115-119	0.0973819016269033
1221	120-124	0.07405781643662124
1221	125-129	0.08542207823315096
1221	130-134	0.08538573737084221
1221	135-139	0.13017685251214317
1221	140-144	0.09136516853255472
1221	145-149	0.0971310104555485
1221	150	0.13668307370362953
1222	1	-0.04131438932500231
1222	2	0.006376600077054206
1222	3	0.0035373299077576803
1222	4	0.0014601388964408102
1222	5	0.034590409253063115
1222	6	-0.06540654550938996
1222	7	0.02490959573059115
1222	8	0.027309702979657402
1222	9	-0.015529154410351964
1222	10-14	-6.418871823399286E-5
1222	15-19	0.00938836820157718
1222	20-24	-0.022066768866991993
1222	25-29	-0.05918095752247865
1222	30-34	-0.04297813429659669
1222	35-39	-0.048623763631901795
1222	40-44	0.008252225209744779
1222	45-49	-0.06258515944056597
1222	50-54	-0.008339137075388692
1222	55-59	-0.04567065448381413
1222	60-64	0.00980047139948681
1222	65-69	-0.017950071836452253
1222	70-74	0.006122456786428643
1222	75-79	0.003822965578962112
1222	80-84	0.024778556898006343
1222	85-89	0.030806848340560578
1222	90-94	-0.0013770109249264806
1222	95-99	0.04902347719378497
1222	100-104	0.047040236843876926
1222	105-109	0.038455243140887774
1222	110-114	0.04412809179918753
1222	115-119	0.11450267485790278
1222	120-124	0.06978993319256688
1222	125-129	0.08858595886253084
1222	130-134	0.09439824611699521
1222	135-139	0.1034747433819092
1222	140-144	0.11056418176693938
1222	145-149	0.16937758183831875
1222	150	0.16438570799151364
1223	1	-0.07882764628801908
1223	2	-0.056316630927199185
1223	3	-0.03235099190430191
1223	4	-0.08153969646834724
1223	5	-0.005357558363570547
1223	6	-0.0758704530686316
1223	7	-0.11037914762417245
1223	8	-0.12374477595948008
1223	9	-0.08049904148208498
1223	10-14	-0.047820794705970116
1223	15-19	-0.06132570830019546
1223	20-24	-0.08367642261617192
1223	25-29	-0.10424730934026627
1223	30-34	-0.0696445393336731
1223	35-39	-0.08498914467626406
1223	40-44	-0.04929816560742495
1223	45-49	-0.044361142609481874
1223	50-54	-0.01808353134224916
1223	55-59	-0.04501034286382577
1223	60-64	-0.025866693639656546
1223	65-69	-0.03280820797445472
1223	70-74	0.02101701367841713
1223	75-79	0.00690432408744357
1223	80-84	-0.018116859542921304
1223	85-89	-0.042491953076826405
1223	90-94	0.025708352430719117
1223	95-99	-0.016171873967373074
1223	100-104	0.016964207921688512
1223	105-109	0.011242909666535184
1223	110-114	0.03070869509150498
1223	115-119	0.03489982858315699
1223	120-124	0.024431593174917055
1223	125-129	0.03937036905689695
1223	130-134	0.07531396246201183
1223	135-139	0.06580108673821172
1223	140-144	0.0420473152726899
1223	145-149	0.1137115462732865
1223	150	0.10483418578586168
1224	1	-0.09274832146621037
1224	2	-0.004073667271327963
1224	3	-0.02984909619052445
1224	4	-0.07800994015747165
1224	5	0.01727854326696132
1224	6	-0.07068529577144744
1224	7	-0.06886343817833307
1224	8	-0.06335712119514625
1224	9	-0.03460967538656945
1224	10-14	-0.058922666575519145
1224	15-19	-0.05679303372438227
1224	20-24	-0.052231876648676234
1224	25-29	-0.07266267845057683
1224	30-34	-0.08895642057196085
1224	35-39	-0.04555522098073084
1224	40-44	-0.03904030267899827
1224	45-49	-0.045859914920626466
1224	50-54	-0.05130099807012556
1224	55-59	-0.031143093992199056
1224	60-64	-0.03130808000373975
1224	65-69	-0.03614152682748539
1224	70-74	-0.03970554649812641
1224	75-79	-0.011991368937728453
1224	80-84	-0.043631043246875834
1224	85-89	-0.044928180589508315
1224	90-94	-0.03808189739805101
1224	95-99	-0.03863768716463056
1224	100-104	-0.02713990501700181
1224	105-109	0.006600920825057699
1224	110-114	0.0207556788672818
1224	115-119	0.007928998200185333
1224	120-124	-1.336717495803441E-4
1224	125-129	-0.0041885240489776265
1224	130-134	0.07162264210400338
1224	135-139	0.04335176902623772
1224	140-144	-4.87651053347804E-4
1224	145-149	0.05514130301857989
1224	150	0.07115648657180174
1225	1	-0.005295956517919365
1225	2	-0.03203018570221161
1225	3	-0.060017069521940414
1225	4	-0.023342174355967416
1225	5	-0.056003644220140814
1225	6	-0.06757742883561946
1225	7	-0.04650972387812402
1225	8	-0.04828384752311621
1225	9	-0.03386306213470647
1225	10-14	-0.036496873056293566
1225	15-19	-0.07162868037762848
1225	20-24	-0.02706956334891686
1225	25-29	-0.07265612246469999
1225	30-34	-0.08041591213328303
1225	35-39	-0.07989118980207621
1225	40-44	-0.04899763657930123
1225	45-49	-0.01302464422936822
1225	50-54	-0.018580365567657964
1225	55-59	-0.03128835119881046
1225	60-64	-0.047154483876084896
1225	65-69	-0.06607623158882348
1225	70-74	-0.018422911812216114
1225	75-79	-0.00347492353100165
1225	80-84	-0.003284590525105102
1225	85-89	-0.009178792489151988
1225	90-94	-0.002416894724831309
1225	95-99	-0.023057148663646387
1225	100-104	-0.009610260927381375
1225	105-109	0.002974764748834957
1225	110-114	0.005643179156855638
1225	115-119	0.040918609251669125
1225	120-124	0.02423624627405019
1225	125-129	0.06428995707194218
1225	130-134	0.05048753541311868
1225	135-139	0.056872299562982676
1225	140-144	0.07912084305042555
1225	145-149	0.10162148485012779
1225	150	0.12025074873817232
1226	1	-0.01738522427125133
1226	2	-0.06886704387701315
1226	3	-0.0345170987359964
1226	4	-0.014002360302882266
1226	5	-0.020794884810300118
1226	6	-0.011934913951662907
1226	7	-0.03769934002625064
1226	8	0.01996476857000573
1226	9	0.043138763262113855
1226	10-14	-0.02394106098982718
1226	15-19	-0.007959421502548025
1226	20-24	0.010190398712254023
1226	25-29	-0.03183894957855671
1226	30-34	-0.053583303525570614
1226	35-39	-0.04744176581119319
1226	40-44	-0.002689945969677865
1226	45-49	1.4325959362082585E-4
1226	50-54	-0.0255837646404089
1226	55-59	-0.052905430257546016
1226	60-64	-0.039178395923165965
1226	65-69	-0.023253717988389155
1226	70-74	-0.005173483809940649
1226	75-79	0.0028698858959828044
1226	80-84	-0.005885194722488052
1226	85-89	-0.013899306634492348
1226	90-94	-0.0016118037073908908
1226	95-99	0.015923859021569342
1226	100-104	-0.002279444313693091
1226	105-109	0.004349118588528711
1226	110-114	0.05776753312650129
1226	115-119	0.02219196960258074
1226	120-124	0.05411243647157704
1226	125-129	0.0775560298998954
1226	130-134	0.12320463290528494
1226	135-139	0.1348621378418713
1226	140-144	0.13338590994266752
1226	145-149	0.17123808303116306
1226	150	0.19952555288400475
1227	1	-0.07175588799081822
1227	2	-0.05844227826256798
1227	3	-0.04926990753178728
1227	4	-0.020387888955298195
1227	5	-0.10429959152337887
1227	6	-0.033314978916621385
1227	7	-0.07615977753295766
1227	8	-0.06043566716074622
1227	9	0.002165370585657911
1227	10-14	-0.07178960082529073
1227	15-19	-0.051545749165207155
1227	20-24	-0.055656152489582666
1227	25-29	-0.06512684455395856
1227	30-34	-0.010921387199466892
1227	35-39	-0.0577334503480742
1227	40-44	-0.040977526071984016
1227	45-49	-0.04671711471921469
1227	50-54	-0.021619591715769104
1227	55-59	-0.0038356091919382607
1227	60-64	-0.02449759988017064
1227	65-69	-0.027969164687313253
1227	70-74	-0.0035290058494084064
1227	75-79	-0.03497844321204724
1227	80-84	0.01748064138978833
1227	85-89	0.016382896385685797
1227	90-94	0.009220268814033261
1227	95-99	0.03458076515052966
1227	100-104	0.032102576762213175
1227	105-109	0.09716086456037232
1227	110-114	0.03247735352459813
1227	115-119	0.05996647102205799
1227	120-124	0.019577278669004272
1227	125-129	0.0644542157802519
1227	130-134	0.07583395712675411
1227	135-139	0.06916196303554045
1227	140-144	0.1311650254404242
1227	145-149	0.10195618733198586
1227	150	0.1299838533952169
1228	1	-0.07294932672823506
1228	2	-0.10413551476531069
1228	3	-0.04913351107533259
1228	4	-0.0262736320521455
1228	5	-0.012702169961023912
1228	6	0.0022650110091646525
1228	7	0.007228199101255939
1228	8	0.011313709978239217
1228	9	-0.06541719768095078
1228	10-14	-0.05758135018306376
1228	15-19	-0.056309676792544394
1228	20-24	-0.031282601928850795
1228	25-29	-0.06290785453643366
1228	30-34	-0.04473199920685289
1228	35-39	-0.08894376739055332
1228	40-44	-0.07500947067880759
1228	45-49	-0.08293776860406155
1228	50-54	-0.09472831022082318
1228	55-59	-0.08594254837073834
1228	60-64	-0.07863024307405198
1228	65-69	-0.03872780734531034
1228	70-74	-0.054938343112702626
1228	75-79	-0.05516139116184604
1228	80-84	0.008678337826708571
1228	85-89	-0.07513351028052995
1228	90-94	-0.04803860052590636
1228	95-99	-0.04627805568213006
1228	100-104	-0.024023197472239133
1228	105-109	-0.011728674642291992
1228	110-114	-0.020879851004004024
1228	115-119	-0.0014542693238510651
1228	120-124	-0.021939963077556968
1228	125-129	0.018827555755500214
1228	130-134	0.06920056296569044
1228	135-139	0.08572606005105854
1228	140-144	0.05838220611719436
1228	145-149	0.1151864257607329
1228	150	0.10756799742213019
1229	1	-0.004620907157793397
1229	2	-0.025629289085912887
1229	3	0.015186331396300545
1229	4	-0.04708768616988834
1229	5	-0.05091110068758553
1229	6	0.01186433566821421
1229	7	0.030320545089189466
1229	8	-0.045371953052210756
1229	9	-0.0415812183783828
1229	10-14	-0.04989488364950034
1229	15-19	-0.041912609476931095
1229	20-24	-0.04920766821456368
1229	25-29	-0.042327208655265736
1229	30-34	-0.060102412703216146
1229	35-39	-0.021094054267692286
1229	40-44	-0.005481003548467811
1229	45-49	-0.06154210156990558
1229	50-54	-0.0015840022851278945
1229	55-59	-0.006530740966255166
1229	60-64	-0.047274376859427036
1229	65-69	0.018108334049649955
1229	70-74	0.022866746012311978
1229	75-79	-0.027463965695254444
1229	80-84	0.03320436757227441
1229	85-89	0.013427578452393618
1229	90-94	0.042245010758072965
1229	95-99	-0.014706058287615065
1229	100-104	0.015864247302666
1229	105-109	0.008467484739995257
1229	110-114	0.022032758403859987
1229	115-119	0.06301650743461096
1229	120-124	0.05498625177247618
1229	125-129	0.03224998111112143
1229	130-134	0.06355850014750075
1229	135-139	0.02402100412438557
1229	140-144	0.05475707169509292
1229	145-149	0.11746414172904451
1229	150	0.09192206286354576
1230	1	-0.08789319590019318
1230	2	-0.07706596882321293
1230	3	-0.01966940728073041
1230	4	-0.11478626212574028
1230	5	0.022490327047052006
1230	6	-0.006731660073782564
1230	7	-0.11312629838558053
1230	8	-0.05947416571252262
1230	9	-0.03735073402058475
1230	10-14	-0.022353813205604922
1230	15-19	-0.05829020879668434
1230	20-24	-0.048011878099167404
1230	25-29	-0.05579050620680448
1230	30-34	-0.08054407148996034
1230	35-39	-0.09569610504294701
1230	40-44	-0.05282990181198244
1230	45-49	-0.06225791282575699
1230	50-54	-0.036199793401792135
1230	55-59	-0.059333260403676036
1230	60-64	-0.006962277553341778
1230	65-69	-0.029084762188432478
1230	70-74	-0.032690229779930746
1230	75-79	-0.032654790578085624
1230	80-84	-0.05769333812207833
1230	85-89	0.009893980380823564
1230	90-94	0.012085224559989172
1230	95-99	-0.02458367223174207
1230	100-104	-0.013865229109100596
1230	105-109	-0.00914825260439045
1230	110-114	0.06459105541498644
1230	115-119	0.03689402017442234
1230	120-124	0.02665273710476157
1230	125-129	0.039618493394975474
1230	130-134	0.10309105100552074
1230	135-139	0.10361862481787654
1230	140-144	0.0618759705681029
1230	145-149	0.09483675661613944
1230	150	0.23773506586085347
1231	1	-0.1426389988320622
1231	2	-0.11425124017760169
1231	3	-0.1203989227361646
1231	4	-0.06431607521425775
1231	5	-0.04768394850160007
1231	6	-0.10263185417906584
1231	7	-0.14753717426973623
1231	8	-0.1356106247920863
1231	9	-0.05842177894776057
1231	10-14	-0.1010273637601955
1231	15-19	-0.08627943232317392
1231	20-24	-0.08432572529871862
1231	25-29	-0.08488863754114817
1231	30-34	-0.1222498084874104
1231	35-39	-0.07498745384631889
1231	40-44	-0.10197784327049675
1231	45-49	-0.07841192746636239
1231	50-54	-0.09424515549833501
1231	55-59	-0.08474740081972243
1231	60-64	-0.13092357028101276
1231	65-69	-0.11106504624237346
1231	70-74	-0.086812572248121
1231	75-79	-0.09220339736930327
1231	80-84	-0.07851337715273132
1231	85-89	-0.026287818338069258
1231	90-94	-0.04937433035279071
1231	95-99	-0.04098212927070222
1231	100-104	-0.01574113198310556
1231	105-109	-0.04931560384211764
1231	110-114	-0.0873356262381364
1231	115-119	2.3978133584989791E-4
1231	120-124	0.029180019264060775
1231	125-129	0.0012396355245058999
1231	130-134	0.07638669213308447
1231	135-139	0.028490045978415424
1231	140-144	0.03740986039147032
1231	145-149	0.09702763553951144
1231	150	0.09215475994854216
1232	1	-0.0768351655987658
1232	2	-0.021770609043684885
1232	3	-0.08004411972947167
1232	4	-0.14549441565519317
1232	5	-0.08975518636303548
1232	6	-0.04080950596585353
1232	7	-0.07531118780452317
1232	8	-0.09180340898556949
1232	9	-0.15138292431672795
1232	10-14	-0.08686044568604956
1232	15-19	-0.059091372791684194
1232	20-24	-0.06218607762886563
1232	25-29	-0.09382604045328691
1232	30-34	-0.0770886401882791
1232	35-39	-0.08494755986458813
1232	40-44	-0.11330627734291454
1232	45-49	-0.08537840372278538
1232	50-54	-0.018458573838124437
1232	55-59	-0.10395417016253816
1232	60-64	-0.06548873577157366
1232	65-69	-0.02181058966093019
1232	70-74	-0.046852839406952285
1232	75-79	-0.06892273296418239
1232	80-84	-0.01680304801502075
1232	85-89	-0.04546562074453675
1232	90-94	-0.023867120466150027
1232	95-99	-0.006672267878272464
1232	100-104	0.014415019406911256
1232	105-109	-0.012623211934219114
1232	110-114	0.015563456330674796
1232	115-119	0.05189165355341885
1232	120-124	0.024670097473887154
1232	125-129	0.07367969676151631
1232	130-134	0.0999989176549505
1232	135-139	0.03524392218702843
1232	140-144	0.07742576463032691
1232	145-149	0.15254650983353457
1232	150	0.1289338368522479
1233	1	-0.017161732084076675
1233	2	0.05973272935194984
1233	3	-0.04208358705895421
1233	4	-0.04415409630918532
1233	5	0.021051013589719503
1233	6	-0.04535362596161008
1233	7	1.4785740788170187E-5
1233	8	0.0030515693673436317
1233	9	0.004801535491026243
1233	10-14	-0.0012933463963378244
1233	15-19	0.005684668033197227
1233	20-24	-0.005569453025877635
1233	25-29	-0.018325568013985105
1233	30-34	2.3233735937111533E-4
1233	35-39	0.013395483658158014
1233	40-44	-0.012419329960593473
1233	45-49	-0.002874174243530092
1233	50-54	0.004798732473723533
1233	55-59	0.05017338557620832
1233	60-64	-0.023647183684190054
1233	65-69	0.027573673233362683
1233	70-74	0.01829839137389655
1233	75-79	0.06953441086297119
1233	80-84	0.07702095591751146
1233	85-89	0.03387854936421064
1233	90-94	0.07088098523401243
1233	95-99	0.03680940884127892
1233	100-104	0.03505353927565835
1233	105-109	0.02975234478383726
1233	110-114	0.09502072735302391
1233	115-119	0.11269478121626264
1233	120-124	0.10703612172514454
1233	125-129	0.11942557941486598
1233	130-134	0.15688850983655556
1233	135-139	0.11074931985371705
1233	140-144	0.10428848085020803
1233	145-149	0.17579603380791298
1233	150	0.2560045841574805
1234	1	-0.07517994331217182
1234	2	-0.06448744250505456
1234	3	-0.02115707459697802
1234	4	-0.029805186863065103
1234	5	-0.06233145562058695
1234	6	-0.009940464453450204
1234	7	-0.15015169536334838
1234	8	-0.06061778493233305
1234	9	-0.07824565595795008
1234	10-14	-0.08952847481643289
1234	15-19	-0.05996422155168801
1234	20-24	-0.0827954634186554
1234	25-29	-0.065112033916634
1234	30-34	-0.09094521447560311
1234	35-39	-0.07468801184346319
1234	40-44	-0.11133560338110016
1234	45-49	-0.10242667570925335
1234	50-54	-0.04187651526657987
1234	55-59	-0.04915567695422851
1234	60-64	-0.07110785747671144
1234	65-69	-0.05518421731211731
1234	70-74	-0.0725953977875946
1234	75-79	-0.07338068902569006
1234	80-84	0.0031584415228920193
1234	85-89	-0.038445769385752726
1234	90-94	-0.0212282305717153
1234	95-99	-0.019975495853422842
1234	100-104	0.002780554188774431
1234	105-109	0.04409015389824589
1234	110-114	-0.026418930766311632
1234	115-119	0.005106833168674996
1234	120-124	0.005934944946751841
1234	125-129	0.0387567951709471
1234	130-134	0.1098887743347845
1234	135-139	-0.01696548708167711
1234	140-144	0.07547507527797137
1234	145-149	0.11604404625173714
1234	150	0.19647553423128983
1235	1	-0.10026255364689973
1235	2	-0.07388248867083291
1235	3	-0.0813200677735324
1235	4	-0.05089259796511669
1235	5	-0.09449463579654349
1235	6	-0.031373298368450264
1235	7	-0.09766285165933652
1235	8	-0.07650304955860321
1235	9	-0.06475659022203928
1235	10-14	-0.08711383902826242
1235	15-19	-0.0451640795564856
1235	20-24	-0.0496919297157703
1235	25-29	-0.07920026296173432
1235	30-34	-0.09559186272051079
1235	35-39	-0.0833562472804914
1235	40-44	-0.09237135290855747
1235	45-49	-0.07261093588329004
1235	50-54	-0.02641969927578458
1235	55-59	-0.05945360502713015
1235	60-64	-0.045890772570245986
1235	65-69	-0.04927319483309134
1235	70-74	-0.039672167858320506
1235	75-79	-0.05416752847629169
1235	80-84	-0.035353224956260476
1235	85-89	-0.04018708775306834
1235	90-94	-0.03959518294652753
1235	95-99	0.010475539775342213
1235	100-104	0.003342628485647481
1235	105-109	-3.875827107080454E-4
1235	110-114	0.048528780541523986
1235	115-119	0.0664063379430857
1235	120-124	0.016522052533460396
1235	125-129	0.06234337440063342
1235	130-134	0.08147617569229482
1235	135-139	0.056120623633212574
1235	140-144	0.13514448089605935
1235	145-149	0.15945653190545528
1235	150	0.1161351379240756
1236	1	-0.1638523839870487
1236	2	-0.13636392068443826
1236	3	-0.09256816468643336
1236	4	-0.07489022126285505
1236	5	-0.0650669547897138
1236	6	0.016580709413062777
1236	7	-0.11401614542024419
1236	8	-0.11254493136143395
1236	9	-0.10675621823110504
1236	10-14	-0.051347836474825215
1236	15-19	-0.026701210058817537
1236	20-24	-0.041843594291044894
1236	25-29	-0.081807397613197
1236	30-34	-0.08909178403010998
1236	35-39	-0.09640471298620668
1236	40-44	-0.0893664741043807
1236	45-49	-0.07587873316675342
1236	50-54	-0.06318856245633953
1236	55-59	-0.026830505063401233
1236	60-64	-0.06741625521165417
1236	65-69	-0.026504993156777346
1236	70-74	-0.03642978714999856
1236	75-79	-0.032170408460395095
1236	80-84	-0.0688950247022646
1236	85-89	-0.11236763633029057
1236	90-94	-0.06884410631892024
1236	95-99	-0.06896001027048726
1236	100-104	0.0057001420713120865
1236	105-109	-0.11248999635957802
1236	110-114	-0.0748059077814105
1236	115-119	-0.01667455493615222
1236	120-124	-0.027829871088897562
1236	125-129	0.004731909673708401
1236	130-134	-2.004093299348142E-4
1236	135-139	0.008177220118149364
1236	140-144	0.004927287003788194
1236	145-149	0.05648338173978118
1236	150	0.16028760034415512
1237	1	-0.10727502623507945
1237	2	-0.06751270363323414
1237	3	-0.028504668123467525
1237	4	-0.05523399224868086
1237	5	-0.09437961529435057
1237	6	-0.04646281286439091
1237	7	-0.10079191305845825
1237	8	-0.1279407218794688
1237	9	-0.08223802742420361
1237	10-14	-0.054017655022327915
1237	15-19	-0.07090650751335659
1237	20-24	-0.04574261261851831
1237	25-29	-0.053558918716284154
1237	30-34	-0.06991559254154822
1237	35-39	-0.08247906902725077
1237	40-44	-0.04572692913608023
1237	45-49	-0.04622422520099434
1237	50-54	-0.0510008399433417
1237	55-59	-0.017106750208192523
1237	60-64	-0.03793807034405461
1237	65-69	-0.023145574128733415
1237	70-74	-0.05216725639891706
1237	75-79	-0.03366029645727053
1237	80-84	-0.02448286397659416
1237	85-89	-0.001259112416157393
1237	90-94	0.001294353713944929
1237	95-99	-0.004839314157017327
1237	100-104	0.03211907900332278
1237	105-109	0.029307520606252524
1237	110-114	0.00968795212525464
1237	115-119	0.0517350950835862
1237	120-124	0.060107266773840706
1237	125-129	0.08457843264969966
1237	130-134	0.08078554893970136
1237	135-139	0.08380211255261116
1237	140-144	0.053307645454303554
1237	145-149	0.14228355114494207
1237	150	0.09620216885031851
1238	1	-0.07334195822245704
1238	2	-0.10627932643039628
1238	3	-0.015473434037488687
1238	4	0.0012250200223249408
1238	5	-0.03667782243771711
1238	6	-0.0457548891186903
1238	7	-0.0071994907188894786
1238	8	-0.015338611191410223
1238	9	-0.03381303335896746
1238	10-14	-0.03665734525925757
1238	15-19	0.0033783717791564527
1238	20-24	-0.008437155112638095
1238	25-29	-0.011462493506677163
1238	30-34	-0.0642046759277548
1238	35-39	-0.04041347060170608
1238	40-44	-0.04446067650304997
1238	45-49	-0.03783043172491318
1238	50-54	-0.050017295620492064
1238	55-59	0.008077931355984447
1238	60-64	-0.06017097810594407
1238	65-69	-0.045034484108207096
1238	70-74	-0.04023311600258239
1238	75-79	-0.04796436117506886
1238	80-84	0.0077541362229283095
1238	85-89	-0.013389670400371756
1238	90-94	-0.01268061687923705
1238	95-99	0.022310465662066292
1238	100-104	0.014558370870830117
1238	105-109	0.004701824302017599
1238	110-114	0.03536930900862956
1238	115-119	0.0689862974495341
1238	120-124	0.04273295145612366
1238	125-129	0.0594072711790119
1238	130-134	0.08982058807030313
1238	135-139	0.09498937094466697
1238	140-144	0.09496283500990188
1238	145-149	0.19217247763010192
1238	150	0.22071300604266497
1239	1	-0.020461741766723662
1239	2	-0.022209532102571927
1239	3	-0.03342654408237422
1239	4	-0.0973190881652144
1239	5	-0.10628654319997821
1239	6	-0.02088384685063005
1239	7	-0.08671766062357023
1239	8	-0.09091961564507045
1239	9	-0.0403375830811612
1239	10-14	-0.05019510873428601
1239	15-19	-0.04310617524882332
1239	20-24	-0.03397078300000089
1239	25-29	-0.033702057679924735
1239	30-34	-0.07827556166881777
1239	35-39	-0.06797076205294417
1239	40-44	-0.057718571742086056
1239	45-49	0.0038840989087844946
1239	50-54	-0.005561222391705201
1239	55-59	0.016752692701203387
1239	60-64	-0.012738984781485385
1239	65-69	0.007668603935314877
1239	70-74	-0.022242775222309774
1239	75-79	0.029581369312907668
1239	80-84	0.030908203869060458
1239	85-89	0.009933071305006536
1239	90-94	0.054368354170733824
1239	95-99	0.014952554820148123
1239	100-104	0.08565180234267444
1239	105-109	0.024078168791632493
1239	110-114	0.07676501578858819
1239	115-119	0.09984811123257487
1239	120-124	0.12501949680890334
1239	125-129	0.09943200016142839
1239	130-134	0.11559422969355637
1239	135-139	0.1374432201684428
1239	140-144	0.12281134005010585
1239	145-149	0.15359622468071876
1239	150	0.2735123230864289
1240	1	-0.09891102085578751
1240	2	-0.02070392840084878
1240	3	-0.01338176318888884
1240	4	-0.07073923822201778
1240	5	0.007334907271577151
1240	6	0.020723316928858537
1240	7	-0.09550095485792554
1240	8	-0.05699753890818471
1240	9	-0.1235733621297257
1240	10-14	-0.037226919748121645
1240	15-19	-0.04234195684248476
1240	20-24	-0.05394644646684554
1240	25-29	-0.0836396347541637
1240	30-34	-0.08514585569147926
1240	35-39	-0.06734841434557381
1240	40-44	-0.09117555109784803
1240	45-49	-0.03345156427446483
1240	50-54	-0.04291950053517013
1240	55-59	-0.009353624698860585
1240	60-64	-0.024621655677371734
1240	65-69	-0.01652198636877955
1240	70-74	-0.011509104282524163
1240	75-79	-0.018066424860414543
1240	80-84	0.02674003400743885
1240	85-89	-0.005934413754175694
1240	90-94	0.03686215709899443
1240	95-99	0.02421890751335809
1240	100-104	0.07200287396729266
1240	105-109	0.03419640013085967
1240	110-114	0.03091965575941913
1240	115-119	0.05810100375233418
1240	120-124	0.05832121646392352
1240	125-129	0.056125333029378055
1240	130-134	0.12314977155410389
1240	135-139	0.10608539632389835
1240	140-144	0.06567507937015193
1240	145-149	0.1570973259329307
1240	150	0.13452503154877604
1241	1	-0.04182356584932734
1241	2	0.0027438053345534286
1241	3	-0.02737898956414142
1241	4	-0.029805186863065103
1241	5	-0.017741065022590874
1241	6	-0.015471055535371647
1241	7	-0.03919421178228788
1241	8	-0.07824654400595676
1241	9	-0.04402512363855493
1241	10-14	-0.007537462026945718
1241	15-19	-0.029545970601120075
1241	20-24	-0.01151997085037948
1241	25-29	-0.018724201217018788
1241	30-34	-0.019600589518809386
1241	35-39	-0.020972145960293176
1241	40-44	0.01973940526045226
1241	45-49	0.02622869933396288
1241	50-54	0.013982454660826704
1241	55-59	-0.0076762438398105814
1241	60-64	0.010744890535740126
1241	65-69	0.03717665375597079
1241	70-74	-0.011205836778259481
1241	75-79	-0.022222721517906052
1241	80-84	-0.0044461212147624
1241	85-89	0.01644534710232648
1241	90-94	-0.0075400176439544
1241	95-99	0.006709606116849898
1241	100-104	0.07018463299969113
1241	105-109	-0.0018828844702412084
1241	110-114	0.0014414218088703024
1241	115-119	0.06594333506981798
1241	120-124	0.08322495531660934
1241	125-129	0.10083768006550997
1241	130-134	0.1336703159870467
1241	135-139	0.05942580223737082
1241	140-144	0.15110590832325954
1241	145-149	0.15842220041696464
1241	150	0.1923275909198523
1242	1	-0.05842249970030622
1242	2	-0.0256362769863685
1242	3	-0.016772831313467407
1242	4	-0.017050196083971514
1242	5	-0.028252833477260708
1242	6	-0.021160481860235336
1242	7	-0.07199629330512636
1242	8	0.006394413484137829
1242	9	-0.062223476308780334
1242	10-14	0.01155531533096621
1242	15-19	-0.005820802440808848
1242	20-24	0.028176341372841307
1242	25-29	0.05107516513452026
1242	30-34	-0.005836474175772821
1242	35-39	0.03656800387862802
1242	40-44	0.03963078538898657
1242	45-49	0.024636180734276536
1242	50-54	0.07942882400615048
1242	55-59	0.08221070322313295
1242	60-64	0.08981984449630431
1242	65-69	0.08690770793376856
1242	70-74	0.11403718439824218
1242	75-79	0.06342905304280322
1242	80-84	0.11517243985511527
1242	85-89	0.08881654246120974
1242	90-94	0.09681981448542132
1242	95-99	0.07476282633866305
1242	100-104	0.13269215977221904
1242	105-109	0.1252905056792457
1242	110-114	0.10214973585740239
1242	115-119	0.15517293857408987
1242	120-124	0.17706976417075992
1242	125-129	0.20970491788808943
1242	130-134	0.20702498792392277
1242	135-139	0.17462353584071622
1242	140-144	0.19201900266162397
1242	145-149	0.254153763648695
1242	150	0.29821536600914555
1243	1	-0.12461453054672234
1243	2	-0.07612212291805065
1243	3	-0.055724350931157574
1243	4	-0.032474177981058006
1243	5	-0.09949798953302746
1243	6	0.028090524891140944
1243	7	-0.006601356464351227
1243	8	0.008836580176854625
1243	9	0.02435330104471234
1243	10-14	-0.0401279848781968
1243	15-19	-0.03823034517843382
1243	20-24	-0.023483865709025054
1243	25-29	-0.056750862272942015
1243	30-34	-0.043536915583217706
1243	35-39	-0.06096238326472303
1243	40-44	-0.031255313626225245
1243	45-49	-0.03328728978520701
1243	50-54	-0.04995620387025923
1243	55-59	0.0026906567748667953
1243	60-64	-0.04108235063110044
1243	65-69	0.007006702298937739
1243	70-74	-0.01178513012502691
1243	75-79	0.013682693351569242
1243	80-84	0.033963641480802664
1243	85-89	0.07149949579707737
1243	90-94	0.057627514179493744
1243	95-99	0.06312206798131825
1243	100-104	0.0801456363210562
1243	105-109	0.04246711778408496
1243	110-114	0.06835133028359763
1243	115-119	0.09399442089918608
1243	120-124	0.10425353705062435
1243	125-129	0.11886086646747174
1243	130-134	0.14638706856823802
1243	135-139	0.14255712672375154
1243	140-144	0.0966014282439076
1243	145-149	0.13258299032965226
1243	150	0.14451839631217922
1244	1	-0.026757920443230887
1244	2	-0.04061372830378218
1244	3	-0.06674575307886244
1244	4	-0.07085977608796412
1244	5	-0.04444693290495394
1244	6	-0.021028437501584563
1244	7	-0.028803516149238817
1244	8	-0.09932894574086504
1244	9	-0.03414797948966708
1244	10-14	-0.026939277543966966
1244	15-19	-0.04588776703587172
1244	20-24	-0.0193822976160547
1244	25-29	-0.03133823066246322
1244	30-34	-0.003529678691840843
1244	35-39	-0.04440921637590378
1244	40-44	-0.016925765482625366
1244	45-49	-0.04365523898319168
1244	50-54	-0.02597168410809303
1244	55-59	0.021273723767031072
1244	60-64	0.0076682491981614476
1244	65-69	-0.0026330047507414633
1244	70-74	-0.010695738341411243
1244	75-79	-0.023613632787814254
1244	80-84	-0.02671198942574904
1244	85-89	-0.025021464528819592
1244	90-94	0.016420510929478382
1244	95-99	0.020338069419111093
1244	100-104	0.041456136702962
1244	105-109	0.053158594367523904
1244	110-114	0.024917904592037132
1244	115-119	0.09608708066644311
1244	120-124	0.08577075611935925
1244	125-129	0.08562417279225798
1244	130-134	0.15615267835720914
1244	135-139	0.15318272842515057
1244	140-144	0.13013533769289864
1244	145-149	0.173457935289143
1244	150	0.17143951239898314
1245	1	-0.03327953593966271
1245	2	-0.010552144861740942
1245	3	-0.07736395371317428
1245	4	-0.04855124124583199
1245	5	-0.05565553779054966
1245	6	0.0031285730184933414
1245	7	-0.07093609072254736
1245	8	-0.045345440874207554
1245	9	-0.09200240989365938
1245	10-14	-0.04188621748131993
1245	15-19	-0.052183675784299055
1245	20-24	-0.0371527465808299
1245	25-29	-0.021227077544260453
1245	30-34	-0.10353938517818762
1245	35-39	-0.05368439762110455
1245	40-44	-0.059300807731183625
1245	45-49	-0.04484249490293024
1245	50-54	-0.022924731411443133
1245	55-59	-0.017187559463472724
1245	60-64	0.029452197663616175
1245	65-69	0.06939771654373317
1245	70-74	0.027551530714781336
1245	75-79	0.019419175666442356
1245	80-84	0.02159269641441597
1245	85-89	0.024960127329038073
1245	90-94	0.0396299986515416
1245	95-99	0.03328346940208604
1245	100-104	0.07449377482664943
1245	105-109	0.0185403725168527
1245	110-114	0.07028285109291943
1245	115-119	0.037425461922723
1245	120-124	0.08305792578867255
1245	125-129	0.03918970940272004
1245	130-134	0.10339677586173224
1245	135-139	0.1400383778860288
1245	140-144	0.12695917734198048
1245	145-149	0.12276566597216032
1245	150	0.2650453424199597
1246	1	-0.06294390226196356
1246	2	0.027384207707846997
1246	3	0.009010001672756118
1246	4	-0.06134529599347616
1246	5	-0.033366599184248
1246	6	-0.026375194172402416
1246	7	-0.019684610167175265
1246	8	-0.06515732808879449
1246	9	-0.03582479260077065
1246	10-14	-0.026656484639310918
1246	15-19	-0.014764530558274203
1246	20-24	-0.03944793642093458
1246	25-29	-0.031208817361331853
1246	30-34	-0.004366275353881122
1246	35-39	-0.02153940189826642
1246	40-44	-0.04414592518857319
1246	45-49	-0.0394714512758938
1246	50-54	-0.005995238748418785
1246	55-59	0.01692517660286086
1246	60-64	-0.003448045805484412
1246	65-69	-0.020652375579707893
1246	70-74	-0.02761601880156661
1246	75-79	-0.027460307126212058
1246	80-84	-0.010164476053837745
1246	85-89	0.0011574031071575064
1246	90-94	0.005124504146039044
1246	95-99	6.21184082611137E-4
1246	100-104	0.04916204817008207
1246	105-109	0.012619960593447388
1246	110-114	0.018807230904727135
1246	115-119	0.05450235209841736
1246	120-124	0.04732587340991756
1246	125-129	0.06997465050952201
1246	130-134	0.12398143072782375
1246	135-139	0.09015213389050558
1246	140-144	0.11909101257262478
1246	145-149	0.12607075908263
1246	150	0.15509806664184822
1247	1	-0.03317749460420316
1247	2	0.0032225632775109148
1247	3	-0.018082298550382347
1247	4	-0.08185218396531724
1247	5	0.03328380648484597
1247	6	-0.030733160971955442
1247	7	0.04731818843609403
1247	8	-0.03958926297633525
1247	9	-0.029026625814289275
1247	10-14	0.034864856169406266
1247	15-19	0.028962385049489114
1247	20-24	0.04803467442616238
1247	25-29	0.028734860456182787
1247	30-34	0.009285248356057707
1247	35-39	-0.0016950639931820888
1247	40-44	0.04887347363690253
1247	45-49	0.06604120195872554
1247	50-54	0.06521950445229407
1247	55-59	0.04530139150944734
1247	60-64	0.016865239040505742
1247	65-69	0.09958317158341146
1247	70-74	0.1245392908420655
1247	75-79	0.10284875297256235
1247	80-84	0.12381991572261342
1247	85-89	0.07399101809030384
1247	90-94	0.12193124880325001
1247	95-99	0.11545692077582004
1247	100-104	0.15161056927513528
1247	105-109	0.11837464982944113
1247	110-114	0.1389753338298334
1247	115-119	0.18538975908394661
1247	120-124	0.1950661704960055
1247	125-129	0.221110979134167
1247	130-134	0.25358813243732214
1247	135-139	0.23816597752350077
1247	140-144	0.22644186265711852
1247	145-149	0.2443665520746876
1247	150	0.2644572238397913
1248	1	-0.036771981953805266
1248	2	0.06218730255307747
1248	3	-0.030865385112740285
1248	4	-0.05493235032491839
1248	5	-0.00967820892282134
1248	6	-0.009882206822673822
1248	7	-0.05018419017518028
1248	8	-0.08025190111875702
1248	9	-0.07073171620151442
1248	10-14	-0.02578168060439623
1248	15-19	-0.03596647935854236
1248	20-24	-0.05373552149502814
1248	25-29	0.001159516551950901
1248	30-34	-0.013541019149407418
1248	35-39	-0.038897371643876966
1248	40-44	0.01479164940911204
1248	45-49	0.008659233582321235
1248	50-54	0.008758687101014573
1248	55-59	0.021109498834938734
1248	60-64	-0.015560371681857532
1248	65-69	0.05079029691633963
1248	70-74	0.0057895971180954575
1248	75-79	0.04231715324113594
1248	80-84	0.05975327005773323
1248	85-89	0.02507187814522638
1248	90-94	0.060547358445298016
1248	95-99	0.05522138257325793
1248	100-104	0.06401683289845295
1248	105-109	0.01960019945570224
1248	110-114	0.022738599161932882
1248	115-119	0.07825252514634684
1248	120-124	0.09440575981565047
1248	125-129	0.09331804400740396
1248	130-134	0.14226810659877032
1248	135-139	0.15224703805001383
1248	140-144	0.12263423900910198
1248	145-149	0.13820240084910296
1248	150	0.1759817943373747
1249	1	-0.08188671473902076
1249	2	-0.017098800931620417
1249	3	-0.04587080794079412
1249	4	-0.060201882057747014
1249	5	-0.06728507491786928
1249	6	-0.044797542981726224
1249	7	-0.06620511360582526
1249	8	-0.08227794410974099
1249	9	0.009055925233731443
1249	10-14	-0.008803471839193833
1249	15-19	-0.0646539368090373
1249	20-24	-0.05223336925090649
1249	25-29	-0.03454988052978081
1249	30-34	-0.030185709260727833
1249	35-39	-0.012716682301608273
1249	40-44	-0.037694011289559626
1249	45-49	0.00423235327145477
1249	50-54	-0.0038577047901711126
1249	55-59	-0.0047889806207592756
1249	60-64	-0.035441609035139265
1249	65-69	0.014395441302738732
1249	70-74	-0.010494484990161368
1249	75-79	-0.0016664183868897453
1249	80-84	0.006516212411376898
1249	85-89	0.017622563781671374
1249	90-94	0.009767300102879517
1249	95-99	0.04126048631712109
1249	100-104	0.05617503796424472
1249	105-109	0.002000207295523637
1249	110-114	0.04038203694500453
1249	115-119	0.09634717208912491
1249	120-124	0.11530844762857129
1249	125-129	0.11545468550793458
1249	130-134	0.15222061915631713
1249	135-139	0.13147641373092966
1249	140-144	0.11784985395395609
1249	145-149	0.17828661115928668
1249	150	0.24268663342027708
1250	1	-0.06078116516068377
1250	2	-0.011338478673479813
1250	3	-0.07239290131061438
1250	4	0.057015237229677496
1250	5	-0.021628379934973907
1250	6	0.04590622677140033
1250	7	-0.06853913476812323
1250	8	0.004118145926810257
1250	9	-0.02854454945160967
1250	10-14	3.128394187328354E-4
1250	15-19	0.028533280426259466
1250	20-24	0.044678756892558624
1250	25-29	0.04654792317611367
1250	30-34	0.01356978441826584
1250	35-39	0.009142195340828607
1250	40-44	0.011022373253375406
1250	45-49	0.03444369235896971
1250	50-54	-6.278135570738641E-4
1250	55-59	0.07018427927290816
1250	60-64	0.032546573729447914
1250	65-69	0.024624691262943088
1250	70-74	0.00778421170967647
1250	75-79	0.05021894200165633
1250	80-84	0.05608672978354434
1250	85-89	0.04810934534661726
1250	90-94	0.04875263511680572
1250	95-99	0.06182759633316692
1250	100-104	0.08179586340214229
1250	105-109	-0.011010853131786291
1250	110-114	0.07875351972987943
1250	115-119	0.06758115403822984
1250	120-124	0.08338695421410591
1250	125-129	0.15793256491563312
1250	130-134	0.10241647815742283
1250	135-139	0.13733367597890123
1250	140-144	0.16081097600490324
1250	145-149	0.19136680617946666
1250	150	0.3679876035255134
1251	1	-0.030199980764301415
1251	2	-0.08035539550331094
1251	3	-0.033565835663559085
1251	4	-0.006121814385267044
1251	5	-0.005356136592943983
1251	6	0.00826116497742646
1251	7	-0.0021593584727597204
1251	8	-0.008732951567111513
1251	9	0.0369967346743465
1251	10-14	-0.012938398832901044
1251	15-19	0.014745323360259022
1251	20-24	-0.024629222201014045
1251	25-29	0.0186018360571083
1251	30-34	-0.0021878026289954278
1251	35-39	0.02262013616845593
1251	40-44	-0.009069841093023001
1251	45-49	0.05301892511418771
1251	50-54	0.04379896405476558
1251	55-59	0.008543834890673452
1251	60-64	0.043618151470283806
1251	65-69	0.05468428626144828
1251	70-74	0.019818425496652026
1251	75-79	0.006074436573193509
1251	80-84	0.04527105398499032
1251	85-89	0.0677317269868638
1251	90-94	0.06905685921611848
1251	95-99	0.09117910669891671
1251	100-104	0.08626451905249155
1251	105-109	0.09696637764943716
1251	110-114	0.06330252602875674
1251	115-119	0.12064188621699401
1251	120-124	0.13205707035668723
1251	125-129	0.16456182231974736
1251	130-134	0.1805225243647186
1251	135-139	0.2182590793402639
1251	140-144	0.20155284714522992
1251	145-149	0.21802657273006076
1251	150	0.2818118094858306
1252	1	-0.11938546521707849
1252	2	4.4905443850495885E-5
1252	3	0.01174732459080019
1252	4	-0.02161853179382689
1252	5	0.0016625283147604364
1252	6	-0.015181794198880993
1252	7	0.02593385269526749
1252	8	-0.036333516358354245
1252	9	0.02262135462549253
1252	10-14	0.006896904742390575
1252	15-19	-0.007889613306851118
1252	20-24	-0.014366511821428674
1252	25-29	0.0033817426810358597
1252	30-34	-0.019481957864144306
1252	35-39	0.011838395003628932
1252	40-44	0.015496104468518013
1252	45-49	-0.018427991723392267
1252	50-54	0.004280479509219504
1252	55-59	-0.017545398003257162
1252	60-64	0.004618285453616977
1252	65-69	0.026353615417242793
1252	70-74	-0.018993451609723877
1252	75-79	0.028832225642226206
1252	80-84	0.03683257809683482
1252	85-89	0.04568672920274963
1252	90-94	0.05574015355687578
1252	95-99	0.04508348383105698
1252	100-104	0.06193726993626569
1252	105-109	0.024300418689556125
1252	110-114	0.08585542367580246
1252	115-119	0.08789471274981508
1252	120-124	0.06829502474052163
1252	125-129	0.12593999540558798
1252	130-134	0.176272573320162
1252	135-139	0.17313720604726512
1252	140-144	0.1752941768781895
1252	145-149	0.19617038836901202
1252	150	0.24624645138963075
1253	1	0.003993569512836359
1253	2	-0.015797524943060637
1253	3	0.03177832923560686
1253	4	-0.029459288165689657
1253	5	9.343393331562311E-5
1253	6	0.0804675350162185
1253	7	-0.0018848585489266156
1253	8	-0.0333992744985494
1253	9	0.03187146661945661
1253	10-14	-0.033377657302267494
1253	15-19	-0.048090023558422956
1253	20-24	-0.02820000626888941
1253	25-29	0.009423050770536179
1253	30-34	-0.006680929877440178
1253	35-39	0.012369600058676156
1253	40-44	-0.015392538164633152
1253	45-49	0.013099488058749387
1253	50-54	-0.01552594776543259
1253	55-59	0.031019900372243114
1253	60-64	-0.018910939076604905
1253	65-69	0.030021830351351753
1253	70-74	0.042081218892249694
1253	75-79	0.062077928610648314
1253	80-84	0.03115589877681657
1253	85-89	0.016780615511194696
1253	90-94	0.06176307105857859
1253	95-99	0.03161414659954431
1253	100-104	0.06235695258073548
1253	105-109	0.08008307966616002
1253	110-114	0.07049999020021858
1253	115-119	0.09290555848108539
1253	120-124	0.09062709273854352
1253	125-129	0.10832912138111794
1253	130-134	0.1342727147862277
1253	135-139	0.18117106359094493
1253	140-144	0.15971911734455801
1253	145-149	0.20089877353393604
1253	150	0.26139510864094717
1254	1	-0.07145690966756035
1254	2	-0.002313445259979119
1254	3	-0.08564183295579397
1254	4	-0.08425180080958228
1254	5	-0.01777301446236379
1254	6	-0.1306069416885549
1254	7	-0.10046107740574683
1254	8	-0.11407390663871553
1254	9	-0.1033327017893626
1254	10-14	-0.06189864698636427
1254	15-19	-0.07993609054682338
1254	20-24	-0.07397757301988861
1254	25-29	-0.04846451605132529
1254	30-34	-0.05528087743570609
1254	35-39	-0.043201695889841574
1254	40-44	-0.05523398461147622
1254	45-49	-0.0245654022033861
1254	50-54	-0.04888750986754076
1254	55-59	-0.039272332346200756
1254	60-64	-0.044597571396295166
1254	65-69	-0.011965900173748878
1254	70-74	-0.01449518658153437
1254	75-79	-0.040968912247599576
1254	80-84	-0.02339924417414352
1254	85-89	-0.008540271179235503
1254	90-94	0.026683924205201492
1254	95-99	-0.015443789700292143
1254	100-104	-0.003989961270725928
1254	105-109	-0.016954269711511927
1254	110-114	0.005400362725474395
1254	115-119	0.043887718844111134
1254	120-124	0.020515453273063144
1254	125-129	0.04866760676002713
1254	130-134	0.09033632518669776
1254	135-139	0.10019304895922687
1254	140-144	0.09287848350830785
1254	145-149	0.10709668909330361
1254	150	0.10796312816249554
1255	1	0.00866949478963619
1255	2	0.012469395038429809
1255	3	-0.1164511543667004
1255	4	-0.019122687912378922
1255	5	-0.01910684835847576
1255	6	-0.016667133127342026
1255	7	-0.10858216135361687
1255	8	-0.0948853725622314
1255	9	-0.12462603528507543
1255	10-14	-0.0064283483095906035
1255	15-19	-0.022078516896058886
1255	20-24	-0.054321905849654684
1255	25-29	-0.04551041903498998
1255	30-34	-0.0482854596325879
1255	35-39	-0.02394167805950076
1255	40-44	-0.022180814642339897
1255	45-49	-0.03540135087134644
1255	50-54	-0.02127857789307086
1255	55-59	0.0016989430104530356
1255	60-64	-0.006198016748911073
1255	65-69	0.023940124635878135
1255	70-74	-2.788153192767595E-4
1255	75-79	-0.023827531679209812
1255	80-84	0.022130576641679056
1255	85-89	0.01943511652304153
1255	90-94	0.012370652743264543
1255	95-99	-0.005388302422012714
1255	100-104	0.028480254273084427
1255	105-109	-7.008409182418518E-4
1255	110-114	0.022983036334366602
1255	115-119	0.06743351424913158
1255	120-124	0.08278952269137108
1255	125-129	0.06871680523298807
1255	130-134	0.12192413115261047
1255	135-139	0.15650876216498943
1255	140-144	0.1447412707075273
1255	145-149	0.10335062268543282
1255	150	0.23947028986386698
1256	1	-0.060005760838578226
1256	2	-0.037516596861451035
1256	3	-0.016119335860771855
1256	4	-0.11208120737386906
1256	5	-0.05350680219363824
1256	6	-0.025457630004325438
1256	7	-0.04568448429236582
1256	8	-0.05563009093317106
1256	9	-0.05429194863499731
1256	10-14	-0.015449146372063183
1256	15-19	-0.06046778935875352
1256	20-24	-0.050526416789139716
1256	25-29	-0.05244204887177517
1256	30-34	-0.04774609111809269
1256	35-39	-0.0485349855175059
1256	40-44	-0.05914518350987663
1256	45-49	-0.014943353117871538
1256	50-54	-0.04932675181039059
1256	55-59	-0.022195929467017095
1256	60-64	-0.020820032531077004
1256	65-69	-0.04513014721192121
1256	70-74	-0.03157937893827523
1256	75-79	-0.04300647744371844
1256	80-84	0.015717150623011378
1256	85-89	0.016987961579516764
1256	90-94	0.016687204773639053
1256	95-99	0.012498934376942827
1256	100-104	0.039680458179418565
1256	105-109	0.03146339573095247
1256	110-114	0.03528471101274988
1256	115-119	0.06299869096650212
1256	120-124	0.08304081423472098
1256	125-129	0.08656397903995838
1256	130-134	0.09981978501532751
1256	135-139	0.14145595589884863
1256	140-144	0.12942999015100298
1256	145-149	0.09245631314703218
1256	150	0.22989805906128424
1257	1	0.011631080889465295
1257	2	0.015540716871598192
1257	3	-0.009383487291430015
1257	4	-0.00417049677226089
1257	5	-0.034849741255122524
1257	6	-0.02315723453408225
1257	7	-0.01749417921822527
1257	8	-0.014822111771891855
1257	9	-0.05062544127067525
1257	10-14	0.008871881798334869
1257	15-19	-0.03479605142241837
1257	20-24	-0.03930266431653706
1257	25-29	-0.02854969198926227
1257	30-34	-0.031625738633358935
1257	35-39	-0.022198321343388727
1257	40-44	-0.03233683351363936
1257	45-49	0.0012382712843432842
1257	50-54	-0.050462121950403116
1257	55-59	0.015034275766055316
1257	60-64	-0.006288246490662175
1257	65-69	0.0013527211123545158
1257	70-74	-0.03464044454618431
1257	75-79	-0.027333053630137272
1257	80-84	0.01701935587232839
1257	85-89	-0.017417769590672094
1257	90-94	0.03235815635414241
1257	95-99	0.04492643802797858
1257	100-104	0.056366894005670076
1257	105-109	0.041803226220494594
1257	110-114	0.039560455533589334
1257	115-119	0.1022944875609042
1257	120-124	0.1140256131931352
1257	125-129	0.1307619700894307
1257	130-134	0.16370726707205563
1257	135-139	0.18448907250555635
1257	140-144	0.1356490839731066
1257	145-149	0.19603879360348486
1257	150	0.2000686518488024
1258	1	-0.0439292715825772
1258	2	0.028956692256038252
1258	3	0.023871006768473535
1258	4	-0.017379080111666667
1258	5	-0.02359845722747167
1258	6	-0.021070743080450427
1258	7	0.022695023234241773
1258	8	-6.849857334145781E-4
1258	9	-0.03572360870758473
1258	10-14	-0.015152131768907395
1258	15-19	-0.01960100168285095
1258	20-24	-0.03726193603642258
1258	25-29	0.01225866483601834
1258	30-34	-0.022214483572128074
1258	35-39	0.004059754272084604
1258	40-44	-0.02253139192173137
1258	45-49	-0.046219768565741504
1258	50-54	-0.048137253584442874
1258	55-59	0.013322494640789273
1258	60-64	-0.024292189536346598
1258	65-69	-0.015451499675776859
1258	70-74	-0.03499330611670359
1258	75-79	-0.04115409861101682
1258	80-84	0.04785063264657197
1258	85-89	-0.005572390570492303
1258	90-94	0.014482390327067662
1258	95-99	-0.0044340726734546365
1258	100-104	0.05378734773626803
1258	105-109	-0.04695495046465936
1258	110-114	-0.006069040407545856
1258	115-119	0.029896308998964116
1258	120-124	0.04942145667646969
1258	125-129	0.04778627786536305
1258	130-134	0.10361554596301659
1258	135-139	0.13647252599623272
1258	140-144	0.08397631132029915
1258	145-149	0.048745540130447296
1258	150	0.21817715259140869
1259	1	-0.09153436750324317
1259	2	-0.006366688135436505
1259	3	1.560838514507168E-4
1259	4	-0.07071059102453603
1259	5	-0.052451793880855746
1259	6	0.006207372717227599
1259	7	0.07165407831825377
1259	8	0.025852884524681485
1259	9	0.025211996696889116
1259	10-14	0.05129755860006924
1259	15-19	-0.0064906712653893806
1259	20-24	-0.02974147440468755
1259	25-29	0.009885007292275816
1259	30-34	0.003909823547218139
1259	35-39	-0.013843361525594844
1259	40-44	0.031275121156383534
1259	45-49	0.0033371667365287294
1259	50-54	0.0010296656949648764
1259	55-59	0.09478739590529983
1259	60-64	0.028071453716727035
1259	65-69	0.03433224577719329
1259	70-74	-0.00374926055980751
1259	75-79	0.04767780204722527
1259	80-84	0.06742451104602054
1259	85-89	0.0636842784057734
1259	90-94	0.13153023157079247
1259	95-99	0.1054438071117545
1259	100-104	0.1435630276253974
1259	105-109	0.11152255256669008
1259	110-114	0.1534442650662129
1259	115-119	0.14361561655135802
1259	120-124	0.1757763631375866
1259	125-129	0.16134021429355982
1259	130-134	0.1839685903073729
1259	135-139	0.2480669093324579
1259	140-144	0.2781046891134693
1259	145-149	0.26302429467747146
1259	150	0.347540135442614
1260	1	-0.04086591421754093
1260	2	0.008235263755388189
1260	3	-0.04859287045940164
1260	4	-0.02003627324333479
1260	5	0.040608879897739314
1260	6	-0.03693915027299255
1260	7	0.0023922274858136916
1260	8	0.036990057466724124
1260	9	0.03231171249351661
1260	10-14	-0.0077834930457783
1260	15-19	-0.019743672486605135
1260	20-24	-0.019505741525975395
1260	25-29	0.0067242017755262395
1260	30-34	0.02456510184992311
1260	35-39	0.01389602893099351
1260	40-44	0.012294556036096083
1260	45-49	-0.0017314029287689436
1260	50-54	0.048657935340848724
1260	55-59	0.06539473122793282
1260	60-64	0.03090290216425018
1260	65-69	0.07483581279093698
1260	70-74	0.03610267639260911
1260	75-79	0.06854650130328821
1260	80-84	0.059454865908108445
1260	85-89	0.06335764059514304
1260	90-94	0.08984032088384453
1260	95-99	0.07837633028496782
1260	100-104	0.09318826010451176
1260	105-109	0.05069381124030059
1260	110-114	-0.01052683049856995
1260	115-119	0.07634971320664619
1260	120-124	0.13183629513044082
1260	125-129	0.16320207782366225
1260	130-134	0.1318032901945827
1260	135-139	0.17516489320643558
1260	140-144	0.11110049982132608
1260	145-149	0.15235289688985887
1260	150	0.16411365485881646
1261	1	-0.08744785016766343
1261	2	-0.09877704180300384
1261	3	-0.1122337339482371
1261	4	-0.06094056890395194
1261	5	-0.08825943127904168
1261	6	-0.022844066990622025
1261	7	-0.09218865330277737
1261	8	-0.13588390389557503
1261	9	-0.1106657492099643
1261	10-14	-0.032731573536310066
1261	15-19	-0.044193938025053114
1261	20-24	-0.08059027936957364
1261	25-29	-0.040883159447936634
1261	30-34	-0.01961342176501546
1261	35-39	-0.038251021175263134
1261	40-44	-0.05447103251715646
1261	45-49	-0.04253739337610796
1261	50-54	-0.05182943852421573
1261	55-59	0.01582156126929135
1261	60-64	-0.007145187301532019
1261	65-69	-0.012933802865646271
1261	70-74	-0.04296255403993854
1261	75-79	-0.027494027491520967
1261	80-84	-0.017080234688798157
1261	85-89	0.021086493455996447
1261	90-94	-0.011571495536372822
1261	95-99	0.023761258999947188
1261	100-104	0.050942103011159645
1261	105-109	0.023532669508476545
1261	110-114	0.015418889502448963
1261	115-119	0.030837484796442993
1261	120-124	0.05831772002881053
1261	125-129	0.060217519845586764
1261	130-134	0.10538182544750185
1261	135-139	0.13523797549600403
1261	140-144	0.13847053422076527
1261	145-149	0.13437809126534006
1261	150	0.29187638702265417
1262	1	-0.020976404149102734
1262	2	-0.07455918674719442
1262	3	-0.06366227772199551
1262	4	0.017114872160767902
1262	5	-0.02920494275300456
1262	6	-0.0627797306955955
1262	7	-0.05332411313917618
1262	8	-0.02408047044522732
1262	9	-0.039582824782605996
1262	10-14	-0.041672563227614035
1262	15-19	-0.03641379732533068
1262	20-24	-0.021561301136991062
1262	25-29	-0.022150991341995052
1262	30-34	0.013944989235866956
1262	35-39	-0.010580404906299634
1262	40-44	0.004352592603609651
1262	45-49	0.03268046696465632
1262	50-54	0.015848265520865823
1262	55-59	-0.004094365211898321
1262	60-64	0.008351864674089882
1262	65-69	0.030705485147763056
1262	70-74	-0.010103894664055701
1262	75-79	-0.0038917329665082434
1262	80-84	0.04812718697765206
1262	85-89	0.03427369999631935
1262	90-94	0.05208820664995528
1262	95-99	0.09591408370972943
1262	100-104	0.06903878215408099
1262	105-109	0.03413857401316278
1262	110-114	0.0330399346869612
1262	115-119	0.0646740625074429
1262	120-124	0.1433824230046099
1262	125-129	0.115671672248574
1262	130-134	0.1344941058331699
1262	135-139	0.21224269650358707
1262	140-144	0.15797127711305592
1262	145-149	0.18003749048723705
1262	150	0.24809036731666367
1263	1	-0.06654316085410983
1263	2	0.0024357956407712322
1263	3	-0.04779449166224481
1263	4	-0.05501896763379932
1263	5	-0.02822769293365468
1263	6	-0.04032678248412225
1263	7	-0.0219134977050075
1263	8	-0.0334901737161033
1263	9	-0.02067501003242711
1263	10-14	-0.05234227979899231
1263	15-19	-0.05215616985658045
1263	20-24	-0.055084075531731
1263	25-29	-0.0232243122077449
1263	30-34	-0.033953197824729386
1263	35-39	-0.03379195028060167
1263	40-44	-0.03643129192455774
1263	45-49	-0.06588383370559114
1263	50-54	-0.0332390178924058
1263	55-59	-0.0036936844567989624
1263	60-64	-0.038501987038337404
1263	65-69	-0.0245585930265122
1263	70-74	-0.012521020297825203
1263	75-79	-0.032215914324950745
1263	80-84	0.005278024826878891
1263	85-89	0.018616142230840182
1263	90-94	0.0063468943032845004
1263	95-99	0.034165911933179416
1263	100-104	0.01922321976304886
1263	105-109	0.015527777526592956
1263	110-114	-0.00976789097442321
1263	115-119	0.009771613171707827
1263	120-124	0.031295402674174966
1263	125-129	0.07724173063724749
1263	130-134	0.13924530335984286
1263	135-139	0.13264920291937443
1263	140-144	0.12386631741255627
1263	145-149	0.14437152501783856
1263	150	0.25475072999022075
1264	1	0.027964789483704067
1264	2	0.021771843961232662
1264	3	-0.020220693607733153
1264	4	0.021024680934033313
1264	5	0.016355717529989988
1264	6	0.009915441504169564
1264	7	-0.006624529265572221
1264	8	-0.0032456949709001037
1264	9	-0.015788427552628548
1264	10-14	0.028325453005820123
1264	15-19	-0.004713486380374832
1264	20-24	-0.016254911410946704
1264	25-29	0.01691968603298477
1264	30-34	0.03554256244358811
1264	35-39	0.0057846703955206635
1264	40-44	0.004171428722656856
1264	45-49	-0.012384112302612493
1264	50-54	-0.0056326975211433705
1264	55-59	0.0447766068012001
1264	60-64	0.005859705662423664
1264	65-69	0.011469128421005337
1264	70-74	-8.093211250823629E-4
1264	75-79	-0.009194034368015025
1264	80-84	0.022983642651148273
1264	85-89	0.10218309343297705
1264	90-94	0.04953386329295739
1264	95-99	0.06695559832247255
1264	100-104	0.05598183504537957
1264	105-109	0.05422235214535931
1264	110-114	0.11055401037020829
1264	115-119	0.07217739240132204
1264	120-124	0.13329380857032191
1264	125-129	0.11555436520934848
1264	130-134	0.1486715790720723
1264	135-139	0.18598475853369223
1264	140-144	0.1530262395260138
1264	145-149	0.18032160581329748
1264	150	0.1868629454373476
1265	1	0.029496765550398152
1265	2	-0.08645583440862481
1265	3	-0.007939458558638535
1265	4	-0.0213512866988097
1265	5	-0.04859751364423914
1265	6	0.05000781158835821
1265	7	0.003148146283422193
1265	8	-0.005787320343237923
1265	9	-0.017896547937944263
1265	10-14	-0.043930592689847
1265	15-19	-0.022563037117791396
1265	20-24	-0.045034420421508514
1265	25-29	-0.018909717782491953
1265	30-34	0.022768896742746847
1265	35-39	-0.014052230479386196
1265	40-44	0.0013232257045814322
1265	45-49	-0.013616716803319662
1265	50-54	0.009535210978064868
1265	55-59	0.03792259878420623
1265	60-64	0.01693850596872437
1265	65-69	0.014495818736989463
1265	70-74	-0.026323176181634267
1265	75-79	-3.9260610477498403E-4
1265	80-84	0.030532079593157846
1265	85-89	0.024919324005637122
1265	90-94	0.05537865528125252
1265	95-99	0.06237476640337292
1265	100-104	0.06753021634551004
1265	105-109	0.033913589871659156
1265	110-114	0.031140822423331826
1265	115-119	0.022223342561701998
1265	120-124	0.09844171791783651
1265	125-129	0.12310948373796293
1265	130-134	0.1119504000844529
1265	135-139	0.2248961068778712
1265	140-144	0.15178029465617726
1265	145-149	0.1844752950752806
1265	150	0.26142249661715766
1266	1	-0.061293915344123207
1266	2	-0.10775773368409602
1266	3	-0.01779533584686277
1266	4	-0.03604767694586286
1266	5	-0.05344770855106873
1266	6	-0.02707836005414066
1266	7	-0.03433989535817261
1266	8	-0.10731130506420072
1266	9	-0.11580582347465906
1266	10-14	-0.03607498280780419
1266	15-19	-0.036698727313890345
1266	20-24	-0.06633438330737818
1266	25-29	-0.01248171113422103
1266	30-34	-0.032854632235093106
1266	35-39	-0.05638634067377524
1266	40-44	-0.06735694036386519
1266	45-49	-0.05733709753439342
1266	50-54	-0.03565641090959559
1266	55-59	-0.031323776824663696
1266	60-64	-0.04485306935337974
1266	65-69	-0.014329115506448886
1266	70-74	-0.041151471444159426
1266	75-79	-0.052466848204183236
1266	80-84	-0.024962356744566705
1266	85-89	-0.018717008195828555
1266	90-94	-0.003907416314454792
1266	95-99	-0.04109715710001183
1266	100-104	-0.01894954262008497
1266	105-109	-0.017967428208230274
1266	110-114	-0.003335626238133216
1266	115-119	0.0070808450340535956
1266	120-124	0.04342739094001047
1266	125-129	0.05156740299512563
1266	130-134	0.07370147259071302
1266	135-139	0.09331997795121083
1266	140-144	0.14348530875263066
1266	145-149	0.13492868686913795
1266	150	0.23532111740060913
1267	1	-0.10266724941889294
1267	2	-0.08953404093723805
1267	3	-0.03375207276506842
1267	4	-0.04999603558086818
1267	5	-0.042865955413851964
1267	6	-0.08055015749246053
1267	7	-0.013919683676768102
1267	8	-0.04805904830318042
1267	9	-0.0807773706766497
1267	10-14	-0.06428505157645503
1267	15-19	-0.058882827111851554
1267	20-24	-0.09464825381471087
1267	25-29	-0.01154425168177653
1267	30-34	-0.046286021139430034
1267	35-39	-0.043595649465416386
1267	40-44	-0.05379181404086353
1267	45-49	-0.050737994677987786
1267	50-54	-0.04083482014794981
1267	55-59	-0.02794206446669989
1267	60-64	-0.03786730502038438
1267	65-69	-0.04663805543119537
1267	70-74	-0.05031772105026988
1267	75-79	-0.042870748183801766
1267	80-84	-0.034971532076831124
1267	85-89	-0.012582603480261412
1267	90-94	-0.022002932450057244
1267	95-99	-0.01310553538321102
1267	100-104	0.011759923727758803
1267	105-109	0.009069866273591742
1267	110-114	0.016364646241434855
1267	115-119	0.02916586977965352
1267	120-124	0.05860607821873032
1267	125-129	0.07834834425446502
1267	130-134	0.08820201940344674
1267	135-139	0.10613504403213625
1267	140-144	0.08274979928999215
1267	145-149	0.10886824089237734
1267	150	0.18274182955468632
1268	1	-0.051881569324628174
1268	2	-0.00861037203673476
1268	3	0.04512523778799249
1268	4	0.06522323682505515
1268	5	-0.03160315992080598
1268	6	0.00973447318726528
1268	7	-0.06534283707539856
1268	8	-0.022116416297883745
1268	9	-0.025676663702647318
1268	10-14	-0.02062774986057292
1268	15-19	-0.026407313451052516
1268	20-24	-0.023007484980475112
1268	25-29	0.02651764536512502
1268	30-34	-0.031039500777104934
1268	35-39	0.025178744819875476
1268	40-44	0.0077997980071558
1268	45-49	-0.016619134673575786
1268	50-54	-0.00835267860586697
1268	55-59	0.030756109183791125
1268	60-64	0.026244558887114522
1268	65-69	0.00813549195816421
1268	70-74	0.028700063764517836
1268	75-79	-0.03262588479179129
1268	80-84	0.012245310105953422
1268	85-89	0.036670471120217485
1268	90-94	0.04218791370945496
1268	95-99	0.028525475736906003
1268	100-104	0.0467886445466732
1268	105-109	0.042874638348123995
1268	110-114	0.08950221159970084
1268	115-119	0.04545646555253313
1268	120-124	0.06862227970632517
1268	125-129	0.11395111323597718
1268	130-134	0.12367849042488643
1268	135-139	0.11611552860390617
1268	140-144	0.1332816867632971
1268	145-149	0.15072846624034497
1268	150	0.2258156936094764
1269	1	0.05041629707162798
1269	2	0.02838801609105701
1269	3	-0.041512663513003645
1269	4	-0.01826041911265719
1269	5	-0.04927023357946325
1269	6	0.025074966820255895
1269	7	0.062387228365231806
1269	8	-0.03780756686651898
1269	9	-0.033045460523965176
1269	10-14	-0.004522927580403291
1269	15-19	-0.005772980802937866
1269	20-24	-0.027606655360656873
1269	25-29	-0.007093879636130396
1269	30-34	0.019744326695089853
1269	35-39	-0.013070856235998463
1269	40-44	-0.027324541493143784
1269	45-49	0.011206585380321599
1269	50-54	0.0019898614839988227
1269	55-59	0.04749135514951064
1269	60-64	0.06490235910693798
1269	65-69	0.02573481409806533
1269	70-74	0.03828802461971037
1269	75-79	0.009942648519462693
1269	80-84	0.0852315850485823
1269	85-89	0.027362277014944425
1269	90-94	0.042766681604447854
1269	95-99	0.0609425827367005
1269	100-104	0.06995163908791824
1269	105-109	0.055528593988299235
1269	110-114	0.02708465621889644
1269	115-119	0.06381578198995186
1269	120-124	0.12352326798403368
1269	125-129	0.1042850536082014
1269	130-134	0.1252550210136576
1269	135-139	0.17745623378073816
1269	140-144	0.17145202785476954
1269	145-149	0.21711600998623481
1269	150	0.27389869238160003
1270	1	0.015266743224621848
1270	2	-0.043467935432033755
1270	3	0.04342040259259505
1270	4	-0.10301247315594253
1270	5	-0.015394476966839932
1270	6	-0.03546857720446184
1270	7	-3.052866604917881E-4
1270	8	-0.014591266791597945
1270	9	-0.04701607773073846
1270	10-14	-0.02283476390721262
1270	15-19	-0.04537050477274107
1270	20-24	-0.03385051497443925
1270	25-29	-0.0074037073769730455
1270	30-34	-0.016239190174907492
1270	35-39	-0.030208233067099854
1270	40-44	-0.041998426460885696
1270	45-49	-0.005195232211931966
1270	50-54	0.028400601260628378
1270	55-59	0.011662302684328552
1270	60-64	-0.011049029727232096
1270	65-69	0.034978243800907194
1270	70-74	0.027990662253223775
1270	75-79	-0.01142450330739564
1270	80-84	0.041000467493176984
1270	85-89	0.05609133709769765
1270	90-94	0.07938496067064449
1270	95-99	0.0657283175152159
1270	100-104	0.016339893909247394
1270	105-109	0.033605248890054895
1270	110-114	0.08376557444797328
1270	115-119	0.07763323065383076
1270	120-124	0.11129322681123455
1270	125-129	0.0866206695847822
1270	130-134	0.12626923726089956
1270	135-139	0.14989166322909142
1270	140-144	0.21436126119192522
1270	145-149	0.20717253466554553
1270	150	0.29284086629502326
1271	1	0.053254001582324406
1271	2	-0.06609349161251998
1271	3	0.01641154446126336
1271	4	0.015862903987127197
1271	5	-0.05585844881458968
1271	6	-0.023008504005815666
1271	7	0.03594842363541062
1271	8	-0.06452343635255886
1271	9	0.00545510452179343
1271	10-14	-0.02720290444489848
1271	15-19	-0.011003284167188099
1271	20-24	-0.036804754755344504
1271	25-29	0.007501801619142157
1271	30-34	0.003992562854755022
1271	35-39	-0.031990619045011215
1271	40-44	-0.06346719709385695
1271	45-49	0.004352498874439448
1271	50-54	0.044216540307552066
1271	55-59	0.014435537084203531
1271	60-64	0.012083350835879969
1271	65-69	0.05881703908573854
1271	70-74	0.024995223486357077
1271	75-79	-0.014639701052047371
1271	80-84	0.0032047879137024893
1271	85-89	0.02859598624839066
1271	90-94	0.07762437359091479
1271	95-99	0.071674362913285
1271	100-104	0.06416502296175253
1271	105-109	0.0399170779363871
1271	110-114	0.03965147491597776
1271	115-119	0.08357016988822608
1271	120-124	0.06309917003861187
1271	125-129	0.10722142020282632
1271	130-134	0.1503612118428279
1271	135-139	0.16862970265575683
1271	140-144	0.11825760463636215
1271	145-149	0.15650716754858252
1271	150	0.2602902904058624
1272	1	-0.03865355827695538
1272	2	-0.017669538186794398
1272	3	0.02473028789115972
1272	4	-0.04812361310601432
1272	5	-0.065490457865792
1272	6	-0.022787941387527155
1272	7	0.003756740077925258
1272	8	-0.08631439551640341
1272	9	0.009752821756798369
1272	10-14	-0.010695872587888289
1272	15-19	0.016029976629162945
1272	20-24	0.008395079857557164
1272	25-29	0.012466529031406992
1272	30-34	0.02636681601555324
1272	35-39	-0.004698911850823606
1272	40-44	-0.002728644677226555
1272	45-49	-0.03894233942573777
1272	50-54	-0.016268562651490015
1272	55-59	0.017807123738236896
1272	60-64	0.01569929948873039
1272	65-69	-0.0026825821926763638
1272	70-74	0.013287927047180403
1272	75-79	0.04197930410131079
1272	80-84	0.004432385061768684
1272	85-89	0.03949949579707379
1272	90-94	0.05771186885254309
1272	95-99	0.03833494028533124
1272	100-104	0.08420835456823283
1272	105-109	0.14494325609287273
1272	110-114	0.06819467160507031
1272	115-119	0.09273567389473669
1272	120-124	0.10771426967643549
1272	125-129	0.16582177026754863
1272	130-134	0.19265889328580244
1272	135-139	0.16191597643276623
1272	140-144	0.1958244340638302
1272	145-149	0.24426145660832077
1272	150	0.23026437371717634
1273	1	0.018472315380833493
1273	2	0.04157324171098509
1273	3	-0.021550098732177503
1273	4	-0.015987032711905158
1273	5	-0.0235662630103306
1273	6	0.007595387348843019
1273	7	0.02784368928477221
1273	8	-0.0010453494704947275
1273	9	-0.007417665769658299
1273	10-14	0.004446509153396505
1273	15-19	-0.00254353021725251
1273	20-24	0.028739463765788287
1273	25-29	-0.012091278549455353
1273	30-34	0.022885043998293497
1273	35-39	-0.009379768670719102
1273	40-44	0.036583089098819244
1273	45-49	-0.014475236493552757
1273	50-54	0.025843706179806247
1273	55-59	0.04284156032936437
1273	60-64	0.027706135776881524
1273	65-69	0.039690038704328856
1273	70-74	0.03746926157008801
1273	75-79	0.051129872831182865
1273	80-84	0.06063107886605934
1273	85-89	0.06511458379318213
1273	90-94	0.05608000955296433
1273	95-99	0.07410897215513756
1273	100-104	0.11126196813310685
1273	105-109	0.11583427426010218
1273	110-114	0.12628621537624696
1273	115-119	0.12022703143807689
1273	120-124	0.10791786747655863
1273	125-129	0.12456679505311996
1273	130-134	0.17468708847518855
1273	135-139	0.2035698686485432
1273	140-144	0.16721901861778576
1273	145-149	0.24019954406736588
1273	150	0.17945955283244075
1274	1	-0.02990961009452775
1274	2	0.013336243621694166
1274	3	-0.031110519354079713
1274	4	0.034871729513263006
1274	5	-0.00969415825111497
1274	6	-0.03590734989855093
1274	7	0.009132401911038812
1274	8	-0.013946382720519068
1274	9	-0.04410361917135219
1274	10-14	-0.024826801254121733
1274	15-19	-0.05682813141770282
1274	20-24	-0.03381765360123268
1274	25-29	-0.01809222417854528
1274	30-34	-0.023434456832951867
1274	35-39	-0.015357896709637942
1274	40-44	-0.00963148765733024
1274	45-49	-0.01832231443174237
1274	50-54	0.030503030463691516
1274	55-59	0.014639203071986628
1274	60-64	-0.0016301590079734751
1274	65-69	0.02018839007012474
1274	70-74	0.022856730614670084
1274	75-79	0.005998452376339003
1274	80-84	0.05534328078538664
1274	85-89	0.03287297199177175
1274	90-94	0.07185383727048134
1274	95-99	0.05334442401308337
1274	100-104	0.07495932031409325
1274	105-109	0.06812481724391972
1274	110-114	0.1078795808222921
1274	115-119	0.09721579106949463
1274	120-124	0.12996950269305785
1274	125-129	0.0770788540113827
1274	130-134	0.17113514259639828
1274	135-139	0.16496371487571082
1274	140-144	0.1836004423824633
1274	145-149	0.2185574051588972
1274	150	0.20835546352195422
1275	1	-0.015295566938540617
1275	2	-0.05389727608849171
1275	3	-0.027197296970875584
1275	4	0.01096097371304694
1275	5	-0.07300120057606563
1275	6	0.04235848089616212
1275	7	-0.0018924172158136798
1275	8	0.03073426970220794
1275	9	-0.00996691745385192
1275	10-14	-0.007049192525656167
1275	15-19	0.011320167850279006
1275	20-24	-0.0018651456972236247
1275	25-29	0.03008518998954912
1275	30-34	0.017261903343488427
1275	35-39	-0.0017655721626326226
1275	40-44	0.031731679804060775
1275	45-49	0.024931592624184873
1275	50-54	0.04042330450798204
1275	55-59	0.019249776875255975
1275	60-64	0.012536487488041814
1275	65-69	-0.008837159810752837
1275	70-74	0.023938557776361336
1275	75-79	0.014572986405376298
1275	80-84	0.034047379577799575
1275	85-89	0.033570507829253415
1275	90-94	0.06555287034690593
1275	95-99	0.05775538901180255
1275	100-104	0.06551438216884264
1275	105-109	0.04715078206398715
1275	110-114	0.03921106306577116
1275	115-119	0.03898168007095393
1275	120-124	0.06053917962832145
1275	125-129	0.08965363239350665
1275	130-134	0.13490113072221988
1275	135-139	0.10847064263133888
1275	140-144	0.17153261596074287
1275	145-149	0.19864408134611722
1275	150	0.22970685132066393
1276	1	-0.072692989784926
1276	2	-0.07638947647313898
1276	3	-0.1292651127259532
1276	4	0.029167070853155508
1276	5	-0.027042866736920246
1276	6	-0.028268315096426022
1276	7	-0.1060234819695296
1276	8	-0.0891044717690832
1276	9	-0.060517211604988574
1276	10-14	-0.07603704321930138
1276	15-19	-0.044478566522300866
1276	20-24	-0.03153599817191122
1276	25-29	-0.03343360568162268
1276	30-34	-0.05725909882254143
1276	35-39	-0.090582764902301
1276	40-44	-0.06576674350883138
1276	45-49	-0.09076194449053787
1276	50-54	-0.01854808852036882
1276	55-59	-0.014777460647529495
1276	60-64	-0.05171971795356711
1276	65-69	-0.07328188558281568
1276	70-74	-0.03125500621864319
1276	75-79	-0.04314420188314472
1276	80-84	-0.04674996453539393
1276	85-89	-0.04452294650577926
1276	90-94	0.005729517110609095
1276	95-99	2.6734784393767086E-4
1276	100-104	-0.009731890288463774
1276	105-109	-0.001169293223902912
1276	110-114	0.0010838494172915603
1276	115-119	0.03821166712795332
1276	120-124	0.008399631112894212
1276	125-129	0.06015495241734925
1276	130-134	0.08799503884254989
1276	135-139	0.07230151540786522
1276	140-144	0.09471459311193087
1276	145-149	0.11641145770985162
1276	150	0.2233089989679513
1277	1	0.013682632899737257
1277	2	-0.020435376457356824
1277	3	-0.07090021141561209
1277	4	0.05412774903731332
1277	5	-0.041851927813006284
1277	6	-0.007222254552047502
1277	7	-0.010612880646903022
1277	8	-0.051076390363540725
1277	9	-0.00816140687560818
1277	10-14	-0.0219579842217712
1277	15-19	-0.049325221293472055
1277	20-24	-0.04292843512035205
1277	25-29	-0.001768024552390557
1277	30-34	0.0026511211482898034
1277	35-39	-0.04881340913578924
1277	40-44	-0.030031159523097983
1277	45-49	-0.035267488613826004
1277	50-54	-0.011981332423239621
1277	55-59	-0.040501150844221456
1277	60-64	0.004420268567614016
1277	65-69	-0.005019316095989268
1277	70-74	0.01337297144824845
1277	75-79	0.040491291267002794
1277	80-84	0.026528250570322598
1277	85-89	0.03848565948423044
1277	90-94	0.0560491037873021
1277	95-99	0.051846329303096184
1277	100-104	0.09452963667116165
1277	105-109	0.07606456204131717
1277	110-114	0.06895761315122684
1277	115-119	0.09058309948390075
1277	120-124	0.0989325623090096
1277	125-129	0.12880543660817523
1277	130-134	0.14857724675544404
1277	135-139	0.114615576210646
1277	140-144	0.1938575583067106
1277	145-149	0.2115261965322901
1277	150	0.23474218426721905
1278	1	-0.006674358654194634
1278	2	0.018187447053499284
1278	3	-0.0752839079030565
1278	4	0.06967954474752958
1278	5	-0.006128524598658203
1278	6	-0.027668498723649293
1278	7	-0.015855741060882167
1278	8	0.04718403484521616
1278	9	0.021806320306481553
1278	10-14	-0.006947551209847802
1278	15-19	-0.0020232599972942467
1278	20-24	0.016157623233837626
1278	25-29	0.019805760492054958
1278	30-34	0.03010739316963651
1278	35-39	0.01801754081731133
1278	40-44	-0.03198470843675949
1278	45-49	-0.013072443441075166
1278	50-54	0.021412491484781526
1278	55-59	0.016167898471799447
1278	60-64	0.02186380704352331
1278	65-69	-0.020223284552848497
1278	70-74	0.03344160309985966
1278	75-79	0.02425030713565235
1278	80-84	0.017219116562330328
1278	85-89	0.012732100407120583
1278	90-94	0.03824755741260333
1278	95-99	0.02942872008836872
1278	100-104	0.019022472428879666
1278	105-109	0.09196339394123498
1278	110-114	0.11021639836462782
1278	115-119	0.07495732212412065
1278	120-124	0.09388206794150733
1278	125-129	0.09427963499197745
1278	130-134	0.1343236896989879
1278	135-139	0.08611324287377897
1278	140-144	0.19837061090014174
1278	145-149	0.14687710334489879
1278	150	0.1438267851725925
1279	1	0.08287639460881735
1279	2	-0.015700961779735678
1279	3	-0.15334891375559323
1279	4	0.001243158101111419
1279	5	-0.06393461288096347
1279	6	-0.11438445946257758
1279	7	-0.02946451590918997
1279	8	-0.005919080096312257
1279	9	-0.023091532000236725
1279	10-14	-0.025811686972964765
1279	15-19	-0.04738827324234052
1279	20-24	-0.03197205920753987
1279	25-29	-0.0011696672650245432
1279	30-34	-0.04065040083889215
1279	35-39	-0.018707963649809756
1279	40-44	-0.02405805264621108
1279	45-49	-0.023669618688494154
1279	50-54	-0.0195558504483202
1279	55-59	0.00815049552610958
1279	60-64	0.022625546140247366
1279	65-69	0.006580122024296031
1279	70-74	-0.032777097138975364
1279	75-79	0.042598615746001656
1279	80-84	0.003406545431033692
1279	85-89	-0.007551271791193415
1279	90-94	-0.007564872523012411
1279	95-99	0.03182472969025696
1279	100-104	0.08691519785696755
1279	105-109	0.08063810037068464
1279	110-114	0.06052550839353188
1279	115-119	0.0681036724546118
1279	120-124	0.04674171582321662
1279	125-129	0.07128285225696374
1279	130-134	0.12287420180093989
1279	135-139	0.12869568284789068
1279	140-144	0.1685143686407713
1279	145-149	0.2146254156876779
1279	150	0.11734142764155564
1280	1	-0.05231379539987557
1280	2	-0.04938072992234055
1280	3	-0.07593945000165547
1280	4	0.030617771011179684
1280	5	-0.08401874945676724
1280	6	-0.09045793471287311
1280	7	-0.023372437226655052
1280	8	-0.058116291791868946
1280	9	-0.027125256554157318
1280	10-14	-0.03229877039483853
1280	15-19	-0.026321565700229144
1280	20-24	-0.025814888015659676
1280	25-29	-0.014618921589125478
1280	30-34	-0.021630293327042693
1280	35-39	-0.010459198617496668
1280	40-44	-0.019348195832108672
1280	45-49	0.0016171915690676997
1280	50-54	0.049317468080658955
1280	55-59	0.02957220688873008
1280	60-64	-0.012866468195248615
1280	65-69	-0.0041568712120323426
1280	70-74	0.021093449728546432
1280	75-79	0.01139208557577831
1280	80-84	0.051280953410064
1280	85-89	-0.0015099772858633287
1280	90-94	0.05631949581194817
1280	95-99	0.040667244275610415
1280	100-104	0.020279977544916505
1280	105-109	0.1476463081581798
1280	110-114	0.09325881157111127
1280	115-119	0.06386258110333642
1280	120-124	0.08577203738073536
1280	125-129	0.1482637017159476
1280	130-134	0.1438728811985257
1280	135-139	0.1742223685952311
1280	140-144	0.1849599009781926
1280	145-149	0.20095172396317906
1280	150	0.27374958552903195
1281	1	-0.018755084385666976
1281	2	-0.058889267469716344
1281	3	-0.03921497140064645
1281	4	0.03911391345655346
1281	5	-0.03424703400708751
1281	6	0.00843887816482436
1281	7	-0.027995882508839998
1281	8	-0.018137690182072674
1281	9	-0.001749119621010209
1281	10-14	0.003813708269831295
1281	15-19	-0.030228283292572655
1281	20-24	-0.006503110953367752
1281	25-29	0.008281252185156518
1281	30-34	-0.003686378877837626
1281	35-39	0.017220040915567836
1281	40-44	0.020771291730582675
1281	45-49	0.0018180040481823312
1281	50-54	0.03139566691042006
1281	55-59	0.07449194252470903
1281	60-64	0.05711763472482545
1281	65-69	0.05233578689776408
1281	70-74	0.06506704964564847
1281	75-79	0.06588526192245325
1281	80-84	0.09289055875642305
1281	85-89	0.0756996510242729
1281	90-94	0.04477266332940388
1281	95-99	0.07255065028834906
1281	100-104	0.0676009118493397
1281	105-109	0.15976384483315087
1281	110-114	0.10372398979419728
1281	115-119	0.13510312973102856
1281	120-124	0.10041845277396533
1281	125-129	0.1282231403995553
1281	130-134	0.18626171527991175
1281	135-139	0.1955997029095613
1281	140-144	0.2662593250617462
1281	145-149	0.2523832685670797
1281	150	0.26519741281605036
1282	1	-0.0421301473339355
1282	2	-0.01655505475793717
1282	3	-0.08815728277104995
1282	4	0.005257164418573268
1282	5	-0.04993688825155829
1282	6	-0.07364537780283342
1282	7	-0.020987426837990597
1282	8	-0.12630703207967997
1282	9	-0.01190216427558255
1282	10-14	-0.055348494357829736
1282	15-19	-0.09019470973547072
1282	20-24	-0.07303056356732895
1282	25-29	-0.07207362895022129
1282	30-34	-0.03774318598794224
1282	35-39	-0.06712726159518922
1282	40-44	-0.08705766928476066
1282	45-49	-0.05927712980475519
1282	50-54	-0.033980379352748
1282	55-59	-0.030825694397414338
1282	60-64	-0.07615855936820992
1282	65-69	-0.08247202940621179
1282	70-74	-0.04241933973569445
1282	75-79	-0.10696118467536309
1282	80-84	-0.01651303661127912
1282	85-89	-0.09519945814839303
1282	90-94	-0.016068962697005418
1282	95-99	-0.03393370530690021
1282	100-104	0.014429520566572762
1282	105-109	0.01678782788705746
1282	110-114	0.02578407408537231
1282	115-119	0.002427832458351986
1282	120-124	0.008162295628942218
1282	125-129	0.02361754367118607
1282	130-134	0.12235698247047821
1282	135-139	0.1254490107323747
1282	140-144	0.177750752713294
1282	145-149	0.16906821157055418
1282	150	0.09269343462309365
1283	1	0.019078082068553215
1283	2	-0.0918747279898966
1283	3	-0.037265015196744855
1283	4	0.029186530361826613
1283	5	-0.07326111103402155
1283	6	-0.0036897394247361603
1283	7	-0.018437797148585844
1283	8	-0.02575131927365959
1283	9	0.0031703432805230136
1283	10-14	-0.031662019799846064
1283	15-19	-0.030181144264346926
1283	20-24	-0.018321520737622166
1283	25-29	-0.00984723329137438
1283	30-34	-0.01219782656334445
1283	35-39	-0.04846180123732324
1283	40-44	-0.0034418523010941726
1283	45-49	-0.013359594303132383
1283	50-54	-0.03767222182657548
1283	55-59	0.014216651287391358
1283	60-64	0.0202732363143312
1283	65-69	-0.008055048812238397
1283	70-74	0.03798136964941534
1283	75-79	0.010263809631318566
1283	80-84	0.011234830754339953
1283	85-89	-0.025452396346665296
1283	90-94	0.017587377214454136
1283	95-99	-0.008660373575580138
1283	100-104	0.064243304513667
1283	105-109	0.06644239899872417
1283	110-114	0.10910866700901778
1283	115-119	0.06406509544454053
1283	120-124	0.09150379108672979
1283	125-129	0.12426806822464442
1283	130-134	0.09707167183558596
1283	135-139	0.16342650261584168
1283	140-144	0.2200493733987301
1283	145-149	0.25448501152521175
1283	150	0.1847864691136749
1284	1	0.04840835006128685
1284	2	-0.006343781087451816
1284	3	-0.04774973330790999
1284	4	0.017221189735188602
1284	5	0.05209204131968903
1284	6	-0.028695161782380296
1284	7	0.05045069928934964
1284	8	0.07809656719391711
1284	9	0.005594674318821546
1284	10-14	0.020249699052854453
1284	15-19	-0.023289321276692476
1284	20-24	-0.003606173754810982
1284	25-29	0.006150109988787733
1284	30-34	0.008623273471719983
1284	35-39	0.0042649334241815495
1284	40-44	-0.03694275153786464
1284	45-49	-0.015673460766144842
1284	50-54	-0.009632733194919751
1284	55-59	-0.01990058047012866
1284	60-64	0.05132515029885809
1284	65-69	0.018265367681891576
1284	70-74	-0.021889568394058756
1284	75-79	0.018112495762892422
1284	80-84	-0.002862791201188486
1284	85-89	0.002921156883992637
1284	90-94	0.019343852990452604
1284	95-99	0.017288369229291334
1284	100-104	0.04447092169045419
1284	105-109	0.058752030586859405
1284	110-114	0.07311798892710186
1284	115-119	0.018648860262288736
1284	120-124	0.07806358059453089
1284	125-129	0.07982036698897588
1284	130-134	0.12415181478094439
1284	135-139	0.10891183522758752
1284	140-144	0.16423165661235828
1284	145-149	0.2298452705131595
1284	150	0.14616644194210693
1285	1	0.05174693345363579
1285	2	-0.03543133295674039
1285	3	0.012127707356093254
1285	4	-0.01948329462968701
1285	5	-0.04982716725579195
1285	6	3.719995646491725E-4
1285	7	0.007739561722992505
1285	8	-0.012037491481486029
1285	9	-0.006284449292529359
1285	10-14	-0.023934966896916876
1285	15-19	-0.034987818606737164
1285	20-24	-0.046329837336237745
1285	25-29	0.018482034745986198
1285	30-34	-0.03780194767677614
1285	35-39	0.022822173280729885
1285	40-44	-0.014885880340820279
1285	45-49	-0.010556943945509545
1285	50-54	0.02395604505131388
1285	55-59	-0.009324036594442475
1285	60-64	0.03156795251599931
1285	65-69	0.02085556457083726
1285	70-74	0.06384471318720841
1285	75-79	-0.0016128550556189225
1285	80-84	0.03341570569758545
1285	85-89	0.03713657906246226
1285	90-94	0.04388502763210056
1285	95-99	0.02132048776221751
1285	100-104	0.03970549934896894
1285	105-109	0.09458545929521733
1285	110-114	0.03942605122521314
1285	115-119	0.05258812670567892
1285	120-124	0.11785224441361208
1285	125-129	0.1452770777958392
1285	130-134	0.15564958357735748
1285	135-139	0.1907948533428936
1285	140-144	0.20241505726301057
1285	145-149	0.21801816132240504
1285	150	0.24021290705203313
1286	1	-0.004381106219796038
1286	2	-0.05629547675560076
1286	3	-0.025342280839112163
1286	4	0.038441197974556474
1286	5	-0.08560089813965277
1286	6	-0.08555683690773463
1286	7	-0.004074981811100997
1286	8	-0.0861983481197015
1286	9	-0.012635345603364101
1286	10-14	-0.040334667389046786
1286	15-19	-0.06600812851556981
1286	20-24	-0.05377065888377075
1286	25-29	-0.02790813894007016
1286	30-34	0.036158829301150774
1286	35-39	-0.06807404638730219
1286	40-44	-0.014445665852377942
1286	45-49	-0.024872806351680765
1286	50-54	-0.05656052005706158
1286	55-59	-0.009295198258357118
1286	60-64	-0.001909928312898046
1286	65-69	-0.0041195884734364085
1286	70-74	6.09027644628668E-4
1286	75-79	-0.016083802855398233
1286	80-84	-0.017396727006463664
1286	85-89	-0.003363638552144721
1286	90-94	0.03639232246749913
1286	95-99	-0.00227157914502385
1286	100-104	-0.003926983926611172
1286	105-109	0.04933400175621472
1286	110-114	0.028287321807219712
1286	115-119	0.021617680922581428
1286	120-124	0.05720408117270637
1286	125-129	0.011356010941270256
1286	130-134	0.0697737962570315
1286	135-139	0.024927441718574528
1286	140-144	0.11974458348977635
1286	145-149	0.11948151358452463
1286	150	0.07788377116409606
1287	1	0.03390389075813971
1287	2	-0.018966015538467218
1287	3	-0.12838408211356267
1287	4	-0.0766958677127576
1287	5	-0.14769717703440932
1287	6	-0.14536374441307487
1287	7	-0.1030703347952695
1287	8	-0.07260716056088512
1287	9	-0.0905107639551801
1287	10-14	-0.12151584458579379
1287	15-19	-0.10401885665442734
1287	20-24	-0.10020745839801748
1287	25-29	-0.07429239776261198
1287	30-34	-0.07065404367340022
1287	35-39	-0.12944081666122287
1287	40-44	-0.0802220660648203
1287	45-49	-0.07437009828768737
1287	50-54	-0.08641676524634079
1287	55-59	-0.07613419005218702
1287	60-64	-0.0762111102804397
1287	65-69	-0.07101031740894115
1287	70-74	-0.004314696374621008
1287	75-79	-0.013580997102678793
1287	80-84	-0.06811234999606341
1287	85-89	-0.09666259104148622
1287	90-94	-0.05719792838158355
1287	95-99	-0.027434185382588794
1287	100-104	-0.030844187539273094
1287	105-109	-0.015622398624408618
1287	110-114	-0.01663391350284371
1287	115-119	-0.02384622615053189
1287	120-124	0.003118817111968042
1287	125-129	0.008779106397874159
1287	130-134	0.032716595003940085
1287	135-139	0.040503902903239464
1287	140-144	0.12224699894677116
1287	145-149	0.1170860965516809
1287	150	0.04277988520483689
1288	1	0.030819435326996825
1288	2	-0.05866474397509336
1288	3	-0.032450082497597066
1288	4	-0.03568301932109108
1288	5	-9.842117290901342E-4
1288	6	-0.003309417716671703
1288	7	-0.02269065282142435
1288	8	-0.015120331534831166
1288	9	-0.0028198099797407394
1288	10-14	-0.025442130580778155
1288	15-19	-0.068445089084193
1288	20-24	-0.04246586957932408
1288	25-29	0.012775563886123109
1288	30-34	-0.018469703445504138
1288	35-39	-0.028473437147162883
1288	40-44	-0.02859357582022426
1288	45-49	-0.029137487346780233
1288	50-54	-0.0643452552068382
1288	55-59	-0.06663146497015049
1288	60-64	-0.055793834219144856
1288	65-69	-0.0406063036536608
1288	70-74	-0.04180085558434854
1288	75-79	0.0011780011723558914
1288	80-84	-0.017599807053855443
1288	85-89	-0.039647273684991546
1288	90-94	-0.04409506964621812
1288	95-99	-0.016419489112870167
1288	100-104	0.018817981380550464
1288	105-109	0.013659606765514809
1288	110-114	0.020976440101350136
1288	115-119	-0.0026165380654035175
1288	120-124	0.08522912771189084
1288	125-129	0.07769549308714829
1288	130-134	0.07356462380822393
1288	135-139	0.1195627438001381
1288	140-144	0.11311063527518428
1288	145-149	0.13200478317328646
1288	150	0.13406925094071198
1301	1	-0.10263948971844883
1301	2	-0.12321114396386434
1301	3	-0.10445192619384613
1301	4	-0.033423735803140175
1301	5	-0.0378535190680509
1301	6	-0.030905191991735137
1301	7	-0.17869305831010251
1301	8	-0.09315238848552099
1301	9	-0.12913525163146744
1301	10-14	-0.0830028623933714
1301	15-19	-0.07589406810081556
1301	20-24	-0.12013344510076251
1301	25-29	-0.0797406629077031
1301	30-34	-0.11439944293045556
1301	35-39	-0.08741846436662826
1301	40-44	-0.09056646513763411
1301	45-49	-0.09732239285734323
1301	50-54	-0.12297475993594986
1301	55-59	-0.14861758591456464
1301	60-64	-0.12545157381539696
1301	65-69	-0.09822064802307295
1301	70-74	-0.1211682010275581
1301	75-79	-0.1701715204345149
1301	80-84	-0.13928365152754196
1301	85-89	-0.1491517845159862
1301	90-94	-0.10588787114698306
1301	95-99	-0.14212113295541684
1301	100-104	-0.15916630402344367
1301	105-109	-0.13137843116363257
1301	110-114	-0.1541931740765463
1301	115-119	-0.15548890575782792
1301	120-124	-0.15768654861170717
1301	125-129	-0.17442448773706332
1301	130-134	-0.11133702473592422
1301	135-139	-0.15457566223258112
1301	140-144	-0.13271027791576984
1301	145-149	-0.09382657427146768
1301	150	-0.10096424011588567
1302	1	-0.06765342252529649
1302	2	-0.10669220847277927
1302	3	-0.05248402821534626
1302	4	-0.03437262458743362
1302	5	0.041600859325349404
1302	6	-0.13084667656244875
1302	7	-0.09926028790629005
1302	8	-0.07928080427092254
1302	9	-0.11742962000571566
1302	10-14	-0.09069579100492575
1302	15-19	-0.09129507575339346
1302	20-24	-0.10202772565219931
1302	25-29	-0.1060789642986748
1302	30-34	-0.0863756810962073
1302	35-39	-0.08200618454614528
1302	40-44	-0.13115107550522254
1302	45-49	-0.08949632674210761
1302	50-54	-0.1008771506861379
1302	55-59	-0.1286662336952702
1302	60-64	-0.08504645878203121
1302	65-69	-0.11835116028019854
1302	70-74	-0.1059488619265494
1302	75-79	-0.0888288645369073
1302	80-84	-0.08668219239216768
1302	85-89	-0.12047643003008801
1302	90-94	-0.0879366488239981
1302	95-99	-0.106703936696384
1302	100-104	-0.09157974136157776
1302	105-109	-0.1022061301722843
1302	110-114	-0.06680504975311408
1302	115-119	-0.13926563959098104
1302	120-124	-0.099954408950083
1302	125-129	-0.1440787363086713
1302	130-134	-0.14163785886641733
1302	135-139	-0.15608729012511446
1302	140-144	-0.11143259252387594
1302	145-149	-0.09398449887125082
1302	150	-0.16613728968746955
1303	1	-0.04854839460060845
1303	2	-0.09028623804358205
1303	3	-0.0833673392961316
1303	4	-0.09407919941400422
1303	5	0.015108869009530679
1303	6	-0.03265227976287122
1303	7	-0.18615555119797023
1303	8	-0.04565086624078418
1303	9	-0.1752817265119333
1303	10-14	-0.06967323901169209
1303	15-19	-0.06765398265547162
1303	20-24	-0.11895343092641752
1303	25-29	-0.08698539993368115
1303	30-34	-0.07520109194573621
1303	35-39	-0.11264101155621375
1303	40-44	-0.07408923891709662
1303	45-49	-0.06044479131613656
1303	50-54	-0.08794346657693097
1303	55-59	-0.08941614053070879
1303	60-64	-0.05430549821223707
1303	65-69	-0.054003830462846736
1303	70-74	-0.02150454224995002
1303	75-79	-0.04628595331101337
1303	80-84	-0.08759386005012004
1303	85-89	-0.10073626660341262
1303	90-94	-0.06327744601647112
1303	95-99	-0.054764398644522316
1303	100-104	-0.07131756024967473
1303	105-109	-0.08327115533288776
1303	110-114	-0.03361731637897947
1303	115-119	-0.06304562809040704
1303	120-124	-0.050545973053480964
1303	125-129	-0.07331953769664068
1303	130-134	-0.02646045133378294
1303	135-139	-0.05983993390086084
1303	140-144	-0.01855215411983835
1303	145-149	-0.07254903661462464
1303	150	-0.061974561434304576
1304	1	-0.12173135447735461
1304	2	-0.14557325384220832
1304	3	-0.09828698378989742
1304	4	-0.09631684264942919
1304	5	-0.004503051546521419
1304	6	-0.07503299741383529
1304	7	-0.15942669405936272
1304	8	-0.10497497834216318
1304	9	-0.12048194647398702
1304	10-14	-0.12276174896696546
1304	15-19	-0.11741048862763392
1304	20-24	-0.11003503486592336
1304	25-29	-0.12674648844859604
1304	30-34	-0.09313884863005484
1304	35-39	-0.11573504533327394
1304	40-44	-0.08564400897253677
1304	45-49	-0.1088520728526916
1304	50-54	-0.13911838099484441
1304	55-59	-0.12656783012660355
1304	60-64	-0.10362111403166807
1304	65-69	-0.08810045028023694
1304	70-74	-0.07149569918097853
1304	75-79	-0.09503697509419595
1304	80-84	-0.10568105716880893
1304	85-89	-0.12457091359900119
1304	90-94	-0.10553054604471157
1304	95-99	-0.08608573149565757
1304	100-104	-0.08690501745862633
1304	105-109	-0.12137886242665985
1304	110-114	-0.0888016832202041
1304	115-119	-0.04680252048239453
1304	120-124	-0.06716276844418445
1304	125-129	-0.05202054783768517
1304	130-134	-0.0616626033949359
1304	135-139	-0.08861562710333715
1304	140-144	-0.02596485048798769
1304	145-149	-0.025975862076712986
1304	150	0.012303130747632451
1305	1	-0.060485623851270987
1305	2	0.041318445135047455
1305	3	-0.0419991177268173
1305	4	0.03833887081889742
1305	5	-0.03801877075808591
1305	6	-0.06348790551246708
1305	7	-0.1039957626010306
1305	8	0.022095267846481192
1305	9	-0.047052128606260624
1305	10-14	-0.0455603240679352
1305	15-19	-0.008334294637521111
1305	20-24	-0.07257906477849474
1305	25-29	-0.02668291181033311
1305	30-34	-0.026164817998505896
1305	35-39	-0.0694083475181273
1305	40-44	-0.07315424092423939
1305	45-49	-0.03020956108530015
1305	50-54	-0.0674107968745048
1305	55-59	-0.07943000585238025
1305	60-64	-0.037878823106517245
1305	65-69	-0.0339613355915418
1305	70-74	-0.05361210808559491
1305	75-79	-0.0790869699370873
1305	80-84	-0.0883780388068729
1305	85-89	-0.06970019706501063
1305	90-94	-0.05321140718864825
1305	95-99	-0.04983436556970133
1305	100-104	-0.07748941389294828
1305	105-109	-0.05309503126903792
1305	110-114	-0.047283868937910256
1305	115-119	-0.04392882199064729
1305	120-124	-0.05364793857980743
1305	125-129	-0.01177217518620921
1305	130-134	-0.04493157181431684
1305	135-139	-0.04167606697838977
1305	140-144	-0.07275146257768483
1305	145-149	-0.0072058021774026315
1305	150	-0.06263390304085448
1306	1	-0.13373258599769855
1306	2	-0.03832992099337673
1306	3	-0.07165712302796834
1306	4	-0.0889985074339279
1306	5	-0.054347826131873944
1306	6	-0.07883099737508559
1306	7	-0.05654735125359167
1306	8	-0.022090905854980747
1306	9	-0.0910649607284526
1306	10-14	-0.0653711709747995
1306	15-19	-0.03337550263088929
1306	20-24	-0.09855336165035311
1306	25-29	-0.07134244974903226
1306	30-34	-0.05149262709358737
1306	35-39	-0.06893103433925774
1306	40-44	-0.03933111971348069
1306	45-49	-0.02975888509250524
1306	50-54	-0.07088345496587323
1306	55-59	-0.037002552664752386
1306	60-64	-0.07131299173589412
1306	65-69	-0.0868204147625562
1306	70-74	-0.015808708083184797
1306	75-79	-0.05528725589618233
1306	80-84	-0.02801983467166025
1306	85-89	-0.040074607002580365
1306	90-94	0.007280055556876164
1306	95-99	-0.0362893746174322
1306	100-104	-0.019708233349582827
1306	105-109	1.8457384648939978E-4
1306	110-114	0.011828904416518071
1306	115-119	-0.03318530229775263
1306	120-124	-0.01899682363671218
1306	125-129	0.027660986947587674
1306	130-134	0.08452595201878665
1306	135-139	0.06376739765341455
1306	140-144	0.07821589790551542
1306	145-149	0.06627490460804353
1306	150	0.020932667181590148
1307	1	-0.06783380402686845
1307	2	-0.12516033108668978
1307	3	-0.0403989227361663
1307	4	-0.08578793668611695
1307	5	-0.06742420824186013
1307	6	-0.09605176759897915
1307	7	-0.11359778033034473
1307	8	-0.13734222652369255
1307	9	-0.1557377962637787
1307	10-14	-0.09202303475586149
1307	15-19	-0.08357813362187017
1307	20-24	-0.08051620148919625
1307	25-29	-0.07415270680522212
1307	30-34	-0.03601604225364241
1307	35-39	-0.06355888241775176
1307	40-44	-0.02848866578131748
1307	45-49	-0.05001365906809241
1307	50-54	-0.07208065333384184
1307	55-59	-0.03273008480240236
1307	60-64	-0.061590236947679955
1307	65-69	-0.06507370425103431
1307	70-74	-0.045115602551149436
1307	75-79	-0.004030237196147368
1307	80-84	-0.03439216503151954
1307	85-89	-0.021439333489581713
1307	90-94	0.03360402462556067
1307	95-99	9.146380289593026E-5
1307	100-104	0.004761032519063235
1307	105-109	-0.014960625487141499
1307	110-114	-0.025413548316059575
1307	115-119	0.038819867915925954
1307	120-124	-0.013071062987016546
1307	125-129	0.00394093422580255
1307	130-134	0.04881959256598378
1307	135-139	0.03839480788317928
1307	140-144	0.1379120248936303
1307	145-149	0.08262070913258412
1307	150	0.03431926211304415
1308	1	-0.08903125702275361
1308	2	-0.06431310996145356
1308	3	-0.06119770113703282
1308	4	0.0030466923396446077
1308	5	-0.00833461552932846
1308	6	-0.009752107224599627
1308	7	0.046642627972616424
1308	8	-0.04920625592030348
1308	9	-0.05905333968357951
1308	10-14	-0.07642664388926335
1308	15-19	-0.05025062244206424
1308	20-24	-0.06267628062233399
1308	25-29	-0.07274028545882771
1308	30-34	-0.03334636672210678
1308	35-39	-0.057785833572580714
1308	40-44	-0.010501972486189004
1308	45-49	-0.0394104794501402
1308	50-54	-0.04235824368440433
1308	55-59	-0.06654148163030982
1308	60-64	-0.0315960967120148
1308	65-69	-0.010670599102489575
1308	70-74	-0.06437534657196409
1308	75-79	-0.006178025116305719
1308	80-84	-0.021346689800118668
1308	85-89	-0.055288401305631396
1308	90-94	-0.0684797196058824
1308	95-99	-0.054271563265608336
1308	100-104	-0.04710878894241688
1308	105-109	-0.052742099153931576
1308	110-114	-0.04814883214604038
1308	115-119	-0.08030386036852377
1308	120-124	-0.09013567459898297
1308	125-129	-0.021638268500225877
1308	130-134	-0.055338463105542246
1308	135-139	-0.07218266098447401
1308	140-144	0.008614241298715797
1308	145-149	-0.050622298077406924
1308	150	0.0371196126458031
1309	1	-0.016038172365462344
1309	2	-0.06887335184669041
1309	3	-0.060110754528537313
1309	4	-0.029453041156592974
1309	5	-0.04094151867192153
1309	6	-0.046762175759049285
1309	7	-0.04488850303046377
1309	8	0.0026335918413877835
1309	9	-0.013792225056462826
1309	10-14	-0.030134033376924663
1309	15-19	-0.0654951338475982
1309	20-24	-0.08332531184193215
1309	25-29	-0.11128078677893427
1309	30-34	-0.08361114960714389
1309	35-39	-0.06715946974988185
1309	40-44	-0.06756010887959718
1309	45-49	-0.0872255567900595
1309	50-54	-0.07814749923961273
1309	55-59	-0.10251286577980778
1309	60-64	-0.015778724075758532
1309	65-69	-0.053654286979266885
1309	70-74	-0.05796163794752118
1309	75-79	-0.032925619219035696
1309	80-84	-0.0817124331303134
1309	85-89	-0.11367776172800603
1309	90-94	-0.03670994775552572
1309	95-99	-0.045500242030435345
1309	100-104	-0.038763407246989345
1309	105-109	-0.02758181190699105
1309	110-114	0.03272357183448804
1309	115-119	-0.003292900747162264
1309	120-124	-0.06356971869372074
1309	125-129	-0.0036558716528887203
1309	130-134	0.013908785252489508
1309	135-139	-1.6103448474069637E-4
1309	140-144	0.03945663688119083
1309	145-149	0.11499109489894721
1309	150	0.02099817604027976
1310	1	-0.05770639725083271
1310	2	-0.09644602799291135
1310	3	-0.05301945516818307
1310	4	0.016718533395845725
1310	5	-0.05361038489757419
1310	6	-0.08210422796807393
1310	7	-0.06772203159545853
1310	8	-0.02681477410759925
1310	9	-0.10732379564869632
1310	10-14	-0.04726101211566913
1310	15-19	-0.059556558873822496
1310	20-24	-0.07198799193183447
1310	25-29	-0.0680058198875173
1310	30-34	-0.05812161736742638
1310	35-39	-0.031313296619366326
1310	40-44	0.01951288174894472
1310	45-49	-0.004115773396428324
1310	50-54	-0.01608821567897678
1310	55-59	-0.031470624881393405
1310	60-64	0.0013871478017364325
1310	65-69	-0.033377648866377285
1310	70-74	-0.015297414687928779
1310	75-79	-0.0039026747603188028
1310	80-84	-0.0316488533016539
1310	85-89	-0.019066002392918335
1310	90-94	-0.0315646750636418
1310	95-99	-0.03511471664608479
1310	100-104	-0.030556630559118503
1310	105-109	-0.051716512411644544
1310	110-114	-0.03006629476667655
1310	115-119	-0.009576227290423844
1310	120-124	0.011731567209920968
1310	125-129	0.017999388252142978
1310	130-134	0.005906675146519547
1310	135-139	0.051985545068262695
1310	140-144	0.04729758737327927
1310	145-149	0.06203926997477538
1310	150	0.06023422804546641
1311	1	-0.0899753879331584
1311	2	-0.12330395217149004
1311	3	-0.030340353854064972
1311	4	-0.018540674144738034
1311	5	-0.041743026678325634
1311	6	-0.02527763976602415
1311	7	-0.0787976784714175
1311	8	-0.031941157004972354
1311	9	-0.08859493912091665
1311	10-14	-0.025262657877831884
1311	15-19	-0.060782360767277055
1311	20-24	-0.06917752056227755
1311	25-29	-0.050366865195847765
1311	30-34	-0.0542571932595024
1311	35-39	-0.06961363159015121
1311	40-44	-0.020658260892084
1311	45-49	-0.07782929441314224
1311	50-54	-0.03883568261827719
1311	55-59	-0.07428496129845286
1311	60-64	-0.06232005614809566
1311	65-69	-0.09893695864369789
1311	70-74	-0.032732103697064474
1311	75-79	0.017581171003499207
1311	80-84	0.010077659261831684
1311	85-89	-0.0050535428096765145
1311	90-94	-0.0030310657742305125
1311	95-99	-0.039608561661843567
1311	100-104	0.02510607962881295
1311	105-109	-0.005918608680417492
1311	110-114	0.0364542897282476
1311	115-119	0.04779312994802609
1311	120-124	0.0400860544053927
1311	125-129	0.012213661498527983
1311	130-134	-0.004013613443696329
1311	135-139	0.02739760900362853
1311	140-144	0.07895149522722278
1311	145-149	0.08332404501239665
1311	150	-0.05418468492031536
1312	1	-0.0569110091418068
1312	2	-0.0913905578829528
1312	3	-0.04367063355504541
1312	4	-0.08603769391700666
1312	5	-0.013501331677474582
1312	6	0.008607402720571145
1312	7	-0.11606667411999183
1312	8	-0.04116518204475739
1312	9	-0.026026305797572036
1312	10-14	-0.05570561074032554
1312	15-19	-0.0642612995125944
1312	20-24	-0.06533009060497363
1312	25-29	-0.054944524351761004
1312	30-34	-0.028582751575072507
1312	35-39	-0.09031623128830546
1312	40-44	-0.015075105197936978
1312	45-49	-0.0597788037766378
1312	50-54	-0.02083261136881731
1312	55-59	-0.03897234568617591
1312	60-64	-0.057763977951609036
1312	65-69	-0.027938978738944797
1312	70-74	-0.02210399501123561
1312	75-79	0.0029125781995062994
1312	80-84	-0.02543241478875302
1312	85-89	-0.03702345865861645
1312	90-94	-0.004992143706452623
1312	95-99	-0.02478816809561124
1312	100-104	0.0194426192761199
1312	105-109	0.015065130727293763
1312	110-114	0.03533663092468231
1312	115-119	4.462666744089461E-4
1312	120-124	0.003249265182368788
1312	125-129	0.03010075344221974
1312	130-134	0.04605832308773472
1312	135-139	0.049150922488344406
1312	140-144	0.08121088955098799
1312	145-149	0.09006053415731685
1312	150	0.11538073034432017
1313	1	-0.05764723543321537
1313	2	0.018529666231628994
1313	3	-0.07909026089652826
1313	4	-0.05627102292142183
1313	5	-0.05859610419251737
1313	6	0.030159012771093785
1313	7	-0.04135934030428956
1313	8	0.025603028810941453
1313	9	-0.12005300907456729
1313	10-14	-0.054857957944769
1313	15-19	-0.10224204198489417
1313	20-24	-0.10513927163439263
1313	25-29	-0.10248845365423875
1313	30-34	-0.10812668087756094
1313	35-39	-0.08907227168334941
1313	40-44	-0.03881452870894009
1313	45-49	-0.04858301891179195
1313	50-54	-0.04190756978022847
1313	55-59	-0.09765993960835573
1313	60-64	-0.07716515170843508
1313	65-69	-0.0581512815410008
1313	70-74	-0.016327800382818225
1313	75-79	-0.02511930741795254
1313	80-84	-0.040829432778529906
1313	85-89	-0.053936441101733124
1313	90-94	-0.04776317454694379
1313	95-99	-0.029549267147579883
1313	100-104	-0.05716686848847985
1313	105-109	-0.024899099991991136
1313	110-114	0.027283842788413892
1313	115-119	0.01423020389264451
1313	120-124	-0.049198098193699025
1313	125-129	0.01603793457059055
1313	130-134	0.04391073151552405
1313	135-139	0.028176518797629058
1313	140-144	0.07163244017156956
1313	145-149	0.009207538232693935
1313	150	0.021615741444918513
1314	1	-0.05663071974284861
1314	2	0.03150854594342434
1314	3	-0.051555995372922325
1314	4	0.002585942531801777
1314	5	-0.002548988521205331
1314	6	-0.024089912156746607
1314	7	0.006227856577616819
1314	8	-0.03195161620775622
1314	9	0.015182000623369163
1314	10-14	-0.0020449790035712567
1314	15-19	-0.011436790653164053
1314	20-24	-0.035308067953174316
1314	25-29	-0.034303937767148796
1314	30-34	0.022346129556247263
1314	35-39	-0.03586171123185977
1314	40-44	-0.017004399208481402
1314	45-49	-0.0028153082698807452
1314	50-54	-0.027566134854744462
1314	55-59	-0.02567501367229852
1314	60-64	-0.02007689281815317
1314	65-69	-0.03947690160942585
1314	70-74	-0.030126691959601715
1314	75-79	0.0559755909458346
1314	80-84	-0.0038441963856072903
1314	85-89	0.009751847912085054
1314	90-94	-0.011117780835384394
1314	95-99	-0.03163315197730299
1314	100-104	0.005689445312704322
1314	105-109	0.0464187555810156
1314	110-114	0.030933217110252542
1314	115-119	0.06766955568330246
1314	120-124	-8.551570913652995E-4
1314	125-129	0.013512475570877314
1314	130-134	0.053068434380648455
1314	135-139	0.03758248879089621
1314	140-144	0.08677405460873899
1314	145-149	0.09747456802118393
1314	150	0.06870596143895824
1315	1	-0.07086725924478543
1315	2	0.01431808693541825
1315	3	0.022119465024942997
1315	4	-0.0385904416245495
1315	5	0.042929677354749174
1315	6	0.027739683668201565
1315	7	-0.03941882013196363
1315	8	-0.02114460537461582
1315	9	-0.07807713976816899
1315	10-14	-0.015876184842021246
1315	15-19	-0.04060137575191192
1315	20-24	-0.03485495658522808
1315	25-29	-0.036360583071349595
1315	30-34	-0.021025162583150347
1315	35-39	-0.03365798719646307
1315	40-44	0.013565719962386424
1315	45-49	0.001972723481394212
1315	50-54	-0.009114570872611694
1315	55-59	-0.05115668086006053
1315	60-64	-0.017480372701889735
1315	65-69	-0.01995556025909906
1315	70-74	0.03118919297694589
1315	75-79	0.03437021671886953
1315	80-84	0.030926289976257237
1315	85-89	0.008241581065121295
1315	90-94	0.03714733568344286
1315	95-99	0.007782045066285548
1315	100-104	0.060135722553944504
1315	105-109	0.05683872726366701
1315	110-114	0.06398753603647833
1315	115-119	0.07621498412658667
1315	120-124	0.05761073418022278
1315	125-129	0.05364916773985584
1315	130-134	0.05478000108949743
1315	135-139	0.07263706400893
1315	140-144	0.10628961494111877
1315	145-149	0.07723500745562717
1315	150	0.17872644069498023
1316	1	-0.16640738153396484
1316	2	-0.06051372469652705
1316	3	-0.049148052341287496
1316	4	-0.06751041113618328
1316	5	0.04715643417601001
1316	6	-0.06482534799157236
1316	7	-0.06864441527173426
1316	8	-0.04716097936647401
1316	9	-0.019770338591357017
1316	10-14	-0.06583433997990085
1316	15-19	-0.05958596394859228
1316	20-24	-0.0726659375042189
1316	25-29	-0.09345539160798921
1316	30-34	-0.05313115610547925
1316	35-39	-0.06611836047696329
1316	40-44	-0.0415250359480126
1316	45-49	-0.04314139013373364
1316	50-54	-0.038203416029837456
1316	55-59	-0.021700963307047516
1316	60-64	0.008730798854500676
1316	65-69	0.0175350520163704
1316	70-74	-0.008677672241965695
1316	75-79	2.2749634602803326E-5
1316	80-84	-0.017843519734235258
1316	85-89	0.013220353312540567
1316	90-94	0.022027071846707713
1316	95-99	-0.01468824447339756
1316	100-104	0.014946957218228363
1316	105-109	0.05042793625223396
1316	110-114	0.07057070598428794
1316	115-119	0.05143500416833291
1316	120-124	0.04236915673595831
1316	125-129	0.05133775000430063
1316	130-134	0.06132098557745991
1316	135-139	0.11836300059790261
1316	140-144	0.1314706365445133
1316	145-149	0.12335567246779533
1316	150	0.12802725440725027
1317	1	-0.14398744082656378
1317	2	-0.03396557701594105
1317	3	-0.040788367724431396
1317	4	-0.017559941455694172
1317	5	0.017249552638922694
1317	6	0.01967528409195296
1317	7	-0.04274748208164425
1317	8	-0.04167721537413627
1317	9	-0.019899624941061234
1317	10-14	-0.029693468062284012
1317	15-19	-0.024149538134921045
1317	20-24	-0.07469674457699682
1317	25-29	-0.06389754665912761
1317	30-34	-0.0758129534586871
1317	35-39	-0.05051957854690414
1317	40-44	-0.06945316614143593
1317	45-49	-0.013166124525525902
1317	50-54	-0.012699861843287863
1317	55-59	-0.03804041832669469
1317	60-64	-0.024245006746596687
1317	65-69	-0.02058145180046722
1317	70-74	-0.023040898281237787
1317	75-79	2.618014355988407E-4
1317	80-84	0.025888349637327224
1317	85-89	0.012322184834630434
1317	90-94	-0.007297009734315907
1317	95-99	-0.030938466322560032
1317	100-104	0.041743630793774855
1317	105-109	0.07795748430626759
1317	110-114	0.06664005976394805
1317	115-119	0.043147152070936556
1317	120-124	0.001298368438341413
1317	125-129	-0.0051745685416619835
1317	130-134	0.05348524577348712
1317	135-139	0.0878082616286946
1317	140-144	0.10219607614398996
1317	145-149	0.08976355725354779
1317	150	0.09961947307494512
1318	1	-0.03468980814800915
1318	2	-0.03283477911604393
1318	3	-0.06424911568865355
1318	4	-0.038557866825570386
1318	5	0.020011737857970502
1318	6	-0.031214670110522036
1318	7	-0.08505780256280815
1318	8	-0.00695767718298157
1318	9	0.032217268852036796
1318	10-14	-0.032006984000773286
1318	15-19	-0.08182278111078034
1318	20-24	-0.10604807254089366
1318	25-29	-0.05158599585437429
1318	30-34	-0.08444482154672528
1318	35-39	-0.07655605365292217
1318	40-44	-0.013512479823916124
1318	45-49	-0.03107163519079137
1318	50-54	-0.0301459227895009
1318	55-59	-0.07519167053747111
1318	60-64	-0.05385850868985642
1318	65-69	-0.05099379390389913
1318	70-74	-0.04802335589731399
1318	75-79	-0.008843511604410992
1318	80-84	-0.02363476098810935
1318	85-89	-0.0327131452727869
1318	90-94	-0.00408806477424406
1318	95-99	0.028536149249660525
1318	100-104	0.014449687635689656
1318	105-109	-0.015046518717085178
1318	110-114	-0.03257710153388871
1318	115-119	0.013652500836251136
1318	120-124	-0.028835543461305235
1318	125-129	0.0489494205203016
1318	130-134	0.03750261726570159
1318	135-139	0.07985896933063685
1318	140-144	0.06524208662035846
1318	145-149	0.09565511522753667
1318	150	0.08878283611732485
1319	1	-0.046512379804866555
1319	2	-0.011468741064504684
1319	3	-0.0916329121144841
1319	4	0.004729720855827679
1319	5	-0.06495040503417471
1319	6	-0.020828664649158668
1319	7	-0.10324006070126046
1319	8	-0.059414823389225546
1319	9	-0.06105152615901943
1319	10-14	-0.04907898503773822
1319	15-19	-0.029403828225483153
1319	20-24	-0.04459470298653656
1319	25-29	-0.047423008988324966
1319	30-34	-0.033851730707546324
1319	35-39	-0.03982620202806686
1319	40-44	-0.02699034466041894
1319	45-49	-0.05674869722582088
1319	50-54	-0.06609490886688008
1319	55-59	-0.04503131330771737
1319	60-64	-0.04146751803342141
1319	65-69	-0.05937849853066268
1319	70-74	0.012500411814819756
1319	75-79	-0.026783574720056436
1319	80-84	-0.04115794418800789
1319	85-89	0.027834893011970507
1319	90-94	-0.0055570910366853354
1319	95-99	-0.03291115266154776
1319	100-104	0.025580858042715704
1319	105-109	0.037409776316771115
1319	110-114	0.06453437201452772
1319	115-119	0.11070378433733197
1319	120-124	0.05283881233191323
1319	125-129	0.10624713545075082
1319	130-134	0.12024419731646674
1319	135-139	0.10585406584812063
1319	140-144	0.12483448934746377
1319	145-149	0.12550117097372748
1319	150	0.09105552718759213
1320	1	0.0028151263308018315
1320	2	-0.00926027644877081
1320	3	-0.12004419655620069
1320	4	-0.06667643330277429
1320	5	-0.07322843637618348
1320	6	-0.003813714390048517
1320	7	-0.033870969923924577
1320	8	-0.08667858595713795
1320	9	-0.03993566958786232
1320	10-14	-0.041188251416222954
1320	15-19	-0.03200220792944464
1320	20-24	-0.05836397184182118
1320	25-29	-0.055639362544305015
1320	30-34	-0.0422456896289205
1320	35-39	-0.010911801343489458
1320	40-44	-0.0071693701901693885
1320	45-49	-0.012104946421523266
1320	50-54	0.013354222469970978
1320	55-59	-0.029173324410692203
1320	60-64	-0.01997690529551477
1320	65-69	-0.018429901451895603
1320	70-74	0.07245132889927675
1320	75-79	0.03735218620569469
1320	80-84	0.04895680315240014
1320	85-89	0.01413617191116856
1320	90-94	-0.026930334219485985
1320	95-99	0.007990089449087634
1320	100-104	0.029206457644093575
1320	105-109	0.01370419189611738
1320	110-114	0.03929960261068999
1320	115-119	0.07316366651216555
1320	120-124	0.030148875650397144
1320	125-129	0.04394042987578217
1320	130-134	0.06407265018797403
1320	135-139	0.10946091976482819
1320	140-144	0.11156007263877399
1320	145-149	0.15226968151942089
1320	150	0.1853145128170297
1321	1	-0.04268369018897289
1321	2	0.059038215464795485
1321	3	-0.018829240533001723
1321	4	0.06221115321342552
1321	5	0.07173135715805046
1321	6	-0.03347796131476599
1321	7	-0.05705998931291134
1321	8	-0.029376225707011372
1321	9	-0.015256136144110144
1321	10-14	-0.035088126526837016
1321	15-19	-0.01489909621885488
1321	20-24	-0.04470873896679706
1321	25-29	-0.031937895975019615
1321	30-34	-0.03592767210193415
1321	35-39	-0.039323823359161736
1321	40-44	-0.06432673419855917
1321	45-49	-0.04987775876929845
1321	50-54	-0.03134517162098405
1321	55-59	-0.025526404621352583
1321	60-64	-0.055087695748312626
1321	65-69	-0.02946627096034149
1321	70-74	-0.010496345488448355
1321	75-79	-0.0019388263445563325
1321	80-84	1.7470399688335192E-4
1321	85-89	-0.006263908612801572
1321	90-94	-0.023730351405646388
1321	95-99	-0.027306007504087404
1321	100-104	0.03509853815068453
1321	105-109	0.026808091467096062
1321	110-114	0.07171484365395742
1321	115-119	0.06364100756060509
1321	120-124	0.02649647656242138
1321	125-129	8.479909699659061E-4
1321	130-134	0.0830150441732016
1321	135-139	0.1115132671011807
1321	140-144	0.08781148892884261
1321	145-149	0.09970396976336104
1321	150	0.10923541684820037
1322	1	-0.07338556616374348
1322	2	0.003471536785156104
1322	3	-0.04487891264041366
1322	4	-0.12057086675275741
1322	5	-0.07192943752584569
1322	6	-0.05767024282494759
1322	7	-0.07491825059407375
1322	8	-0.07564979090101076
1322	9	-0.05109586869628657
1322	10-14	-0.07705611862496653
1322	15-19	-0.05782073363854323
1322	20-24	-0.05035114045271172
1322	25-29	-0.06618513940819071
1322	30-34	-0.06585147699069438
1322	35-39	-0.07935372231670357
1322	40-44	-0.016143003461671412
1322	45-49	-0.07489431511168476
1322	50-54	-0.00216021597143623
1322	55-59	-0.03641406072583209
1322	60-64	-0.05209348764457644
1322	65-69	-0.06298903965309677
1322	70-74	-0.008430524658358252
1322	75-79	-0.0378140844438164
1322	80-84	-0.01635884454322678
1322	85-89	-0.03525172827855272
1322	90-94	-0.029199232155832533
1322	95-99	-0.06417290067177817
1322	100-104	0.027140610255223407
1322	105-109	0.012556391939298805
1322	110-114	-0.008121328129512051
1322	115-119	0.027732893464047947
1322	120-124	0.03284528199023384
1322	125-129	0.04439122278853347
1322	130-134	0.08783091197709325
1322	135-139	0.054708533373379
1322	140-144	0.04153422743515023
1322	145-149	0.07086153788564786
1322	150	0.06667560609874812
1323	1	-0.06800786062887454
1323	2	0.0066471309364715125
1323	3	-0.018708332624527202
1323	4	0.0603305637378142
1323	5	0.00814773204103858
1323	6	-0.013334691749889771
1323	7	-0.10051470005140573
1323	8	-0.018139898796775356
1323	9	-0.0029196854128770156
1323	10-14	-0.021920744753657573
1323	15-19	-0.007270942394924873
1323	20-24	-0.030519436103297437
1323	25-29	-0.047876345260519315
1323	30-34	-0.07673458974009151
1323	35-39	-0.027531944730760927
1323	40-44	-0.016670446611925627
1323	45-49	0.0014408191542898408
1323	50-54	0.008358955374966115
1323	55-59	-0.06182679079988418
1323	60-64	-0.04067846422228172
1323	65-69	-0.026952888052562685
1323	70-74	-0.039724778247475
1323	75-79	0.008042328719383818
1323	80-84	0.005663622724014772
1323	85-89	0.02073519373757904
1323	90-94	0.03696760496239193
1323	95-99	-0.02322877419897651
1323	100-104	0.030526489380292787
1323	105-109	0.02773693809394473
1323	110-114	0.024843838817950825
1323	115-119	0.07208251783431763
1323	120-124	0.018319245870074496
1323	125-129	0.05239793365432632
1323	130-134	0.08074877468671104
1323	135-139	0.08270427006321768
1323	140-144	0.0740136201634769
1323	145-149	0.1305264048174024
1323	150	0.18373841356843457
1324	1	-0.0514069430902353
1324	2	-0.042827684195856364
1324	3	-0.07949994506388691
1324	4	-0.031438518739953736
1324	5	-0.031115068076587704
1324	6	-0.05272854750245415
1324	7	-0.058483379485352316
1324	8	-0.009673024436366973
1324	9	-0.023171242407237003
1324	10-14	-0.03535744453883183
1324	15-19	-0.06582954823988274
1324	20-24	-0.05264615096792369
1324	25-29	-0.062499826628737765
1324	30-34	-0.07929904295804846
1324	35-39	-0.09465858126636562
1324	40-44	-0.05531995887578489
1324	45-49	-0.03355308834019155
1324	50-54	-0.0327413808131638
1324	55-59	-0.05469898753491975
1324	60-64	-0.07488550079387579
1324	65-69	-0.0411200379968335
1324	70-74	-0.01325395103187077
1324	75-79	-0.01266516581585364
1324	80-84	0.0240635354729406
1324	85-89	-0.053740811249824105
1324	90-94	-0.052932932106102726
1324	95-99	-0.04934590636627689
1324	100-104	0.01767549369913013
1324	105-109	0.013331429221651092
1324	110-114	0.007043069940316116
1324	115-119	0.05294105458563081
1324	120-124	0.019805080179288836
1324	125-129	-0.008315105083319452
1324	130-134	0.024792589999123038
1324	135-139	0.03064611919795368
1324	140-144	0.03234112706127945
1324	145-149	0.08632906164813647
1324	150	0.05686008747593263
1325	1	-0.062429450582783375
1325	2	0.009691797095285892
1325	3	-0.06225892368659913
1325	4	-0.010750835783888135
1325	5	-0.010600878235045741
1325	6	0.02027131687884065
1325	7	-0.012407609636774453
1325	8	0.020281143310867833
1325	9	0.0343918928308895
1325	10-14	-0.05515894467274762
1325	15-19	-0.04403819838722001
1325	20-24	-0.0670776685985004
1325	25-29	-0.04966215571142385
1325	30-34	-0.09962029929648253
1325	35-39	-0.03774898296017426
1325	40-44	-0.04085246507663243
1325	45-49	-0.052132784758576634
1325	50-54	-0.04614330509225084
1325	55-59	-0.08975957770016407
1325	60-64	-0.08149103870734109
1325	65-69	-0.0636724555607131
1325	70-74	-0.02911136632736344
1325	75-79	-0.029067514607703515
1325	80-84	-0.048788736224743445
1325	85-89	-0.06270131179703498
1325	90-94	0.0028311536561389516
1325	95-99	-0.057247201017212035
1325	100-104	-0.03313398063993844
1325	105-109	-0.01904814695678425
1325	110-114	-0.053333883774293156
1325	115-119	0.022774790149995283
1325	120-124	0.005581609658342757
1325	125-129	-0.02900120918575766
1325	130-134	0.0392825131616803
1325	135-139	0.05715208266973093
1325	140-144	0.04976500620401225
1325	145-149	0.08169645199923536
1325	150	0.05094390598284804
1326	1	-0.08911084907142452
1326	2	-0.020187614821807642
1326	3	-0.026403231522003523
1326	4	-0.03298962964806407
1326	5	0.028576798189867247
1326	6	-0.006897012995338514
1326	7	-0.03029991922241493
1326	8	-0.04925482871133369
1326	9	-0.06795466432911468
1326	10-14	-0.040289280877843225
1326	15-19	-0.029888451568936603
1326	20-24	-0.0038375340227787547
1326	25-29	-0.043458803579916605
1326	30-34	-0.03889256790754558
1326	35-39	-0.013029072494063598
1326	40-44	-0.03782511725579951
1326	45-49	-0.009416251977697243
1326	50-54	0.023287666981033794
1326	55-59	-0.02947539242679653
1326	60-64	-0.05314271629673328
1326	65-69	-0.01951185699951452
1326	70-74	0.004684077098040973
1326	75-79	-0.03237340345732065
1326	80-84	0.012111378821266783
1326	85-89	0.07107068477445466
1326	90-94	0.040794404216569546
1326	95-99	0.036828666057473924
1326	100-104	0.014329143010890277
1326	105-109	0.03757521853390955
1326	110-114	0.0010476984461718075
1326	115-119	0.02417657382894589
1326	120-124	0.035586963642984415
1326	125-129	0.02148850272718761
1326	130-134	0.0730695291023693
1326	135-139	0.06721196754413228
1326	140-144	0.027431593026591372
1326	145-149	0.11788866484060634
1326	150	0.10520063121963119
1327	1	-0.04570179768158056
1327	2	0.010040289864058138
1327	3	-0.07515315613127882
1327	4	-0.07452501246972076
1327	5	0.021460456492256696
1327	6	0.012604475965787287
1327	7	0.03289645030397992
1327	8	-0.006552799884815386
1327	9	0.02114916761743757
1327	10-14	-0.012782223989695751
1327	15-19	0.009978180772911571
1327	20-24	-0.034667841102418606
1327	25-29	-0.037464908804302866
1327	30-34	-0.03856436620709047
1327	35-39	-0.016630321172407037
1327	40-44	0.011769943008395956
1327	45-49	0.015614209491289444
1327	50-54	0.016167201964726985
1327	55-59	0.0013364320576272348
1327	60-64	0.0010320489385833298
1327	65-69	0.006653385178090332
1327	70-74	0.009710728114178835
1327	75-79	0.020697252773373975
1327	80-84	0.03415254274371904
1327	85-89	0.046864814705841695
1327	90-94	-0.02274821557195139
1327	95-99	0.047788519491582804
1327	100-104	0.08291411136215743
1327	105-109	0.03413184955828541
1327	110-114	0.03483478672579565
1327	115-119	0.12592864970741147
1327	120-124	0.0629435193987149
1327	125-129	0.11618087828592394
1327	130-134	0.13428164192976055
1327	135-139	0.10684715149704971
1327	140-144	0.12469095149064913
1327	145-149	0.1577375741459477
1327	150	0.23459959512729966
1328	1	-0.04166276947259462
1328	2	0.07892604162243799
1328	3	0.05197736365209238
1328	4	0.015092899045015429
1328	5	0.013121194459230878
1328	6	-0.012953548452856012
1328	7	-0.005581086445388905
1328	8	-0.01934030828225275
1328	9	0.007912046907023296
1328	10-14	0.008276314597381429
1328	15-19	-0.009069903329212536
1328	20-24	-0.0060150220299277635
1328	25-29	-0.0497642888359664
1328	30-34	-0.04851799937835466
1328	35-39	-0.0553952616074227
1328	40-44	0.009339055399706808
1328	45-49	0.0034723040705628705
1328	50-54	0.02586910947820087
1328	55-59	0.03263279981796785
1328	60-64	0.004268279785087259
1328	65-69	0.010680864533476608
1328	70-74	0.022008331399135272
1328	75-79	0.03618564273231328
1328	80-84	0.03178944577284426
1328	85-89	0.04145285615710037
1328	90-94	0.059818193690034605
1328	95-99	0.07352299036016063
1328	100-104	0.05615331289337888
1328	105-109	0.05111522281625014
1328	110-114	0.08177985708093871
1328	115-119	0.11249817364214465
1328	120-124	0.08134706180236861
1328	125-129	0.09749595405626366
1328	130-134	0.12351653634077309
1328	135-139	0.10972186804856676
1328	140-144	0.10355455800922186
1328	145-149	0.11688029385923926
1328	150	0.17676476072620773
1329	1	-0.0547954720592827
1329	2	-0.0620813577973891
1329	3	-0.06345935497441957
1329	4	0.06268548918692574
1329	5	-0.02795494582804281
1329	6	-0.04711729862626868
1329	7	-0.05467167138511542
1329	8	-0.06361638576152018
1329	9	-0.12979290622710948
1329	10-14	-0.055114821235790146
1329	15-19	-0.07260302332745994
1329	20-24	-0.06390302244389545
1329	25-29	-0.06348325898088802
1329	30-34	-0.132445664893595
1329	35-39	-0.06467372932991822
1329	40-44	-0.04839049753782376
1329	45-49	-0.027603885285479635
1329	50-54	-0.011646494758188908
1329	55-59	-0.060806401092861506
1329	60-64	-0.027636142603526537
1329	65-69	-0.02169479635205107
1329	70-74	0.0011900102554207592
1329	75-79	0.015181205281074028
1329	80-84	0.05186967765096995
1329	85-89	0.010891359399423095
1329	90-94	-0.008023151257830818
1329	95-99	0.006108299739423728
1329	100-104	0.037112517872458284
1329	105-109	0.010532922392641808
1329	110-114	0.002890690466195167
1329	115-119	0.04259654757789377
1329	120-124	0.042910594616060393
1329	125-129	0.07769564605317214
1329	130-134	0.06058865715340289
1329	135-139	0.05275763307583503
1329	140-144	0.08328320183651527
1329	145-149	0.09583557839334134
1329	150	0.08777443663895923
1330	1	-0.013213651754945488
1330	2	-0.04108858211321831
1330	3	-0.042243775859503785
1330	4	-0.05760629169459719
1330	5	-0.04218872591818723
1330	6	-0.07183000571153286
1330	7	-0.09400504859984693
1330	8	-0.010365488992071903
1330	9	-0.10165103997489666
1330	10-14	-0.04890520586937441
1330	15-19	-0.016258638945963355
1330	20-24	-0.02370817088119992
1330	25-29	-0.03889665700472733
1330	30-34	-0.041966089655076644
1330	35-39	-0.04569298140278022
1330	40-44	-0.0447197588605448
1330	45-49	-0.007305764075631771
1330	50-54	-0.02398042585214455
1330	55-59	-0.027755300556094653
1330	60-64	-0.040581164035323525
1330	65-69	0.02762012618362064
1330	70-74	0.0036699645228210898
1330	75-79	0.005830838586661002
1330	80-84	0.04538513935945332
1330	85-89	0.023228991285890288
1330	90-94	0.014216386346291188
1330	95-99	-0.018213804419929147
1330	100-104	0.029004541083317292
1330	105-109	0.013436992318034413
1330	110-114	0.012538438816655173
1330	115-119	0.06217972647218062
1330	120-124	0.06304671544837959
1330	125-129	0.053645090566938336
1330	130-134	0.09939908578105872
1330	135-139	0.06083952290607897
1330	140-144	0.06920070675737122
1330	145-149	0.11046945527251495
1330	150	0.14118146815075505
1331	1	-0.012901603328465683
1331	2	0.02787900987174652
1331	3	-0.01286960141185034
1331	4	0.006041390426034354
1331	5	0.0017086700785426956
1331	6	0.03447087396926207
1331	7	-0.029803037762889062
1331	8	-0.036931943172028525
1331	9	-0.030238343140048585
1331	10-14	0.018812785120758235
1331	15-19	0.025655755788910994
1331	20-24	0.023125760023191333
1331	25-29	-0.02865374045332203
1331	30-34	-0.03225425770063595
1331	35-39	0.015582273991839202
1331	40-44	0.0018259401932212427
1331	45-49	0.020587501170361122
1331	50-54	0.04909782125979234
1331	55-59	0.038556260209006155
1331	60-64	0.03906317112294033
1331	65-69	0.023641565395330133
1331	70-74	0.019563432275298
1331	75-79	0.06644002891073342
1331	80-84	0.04643808961840534
1331	85-89	0.08284659153271434
1331	90-94	0.08545202715440325
1331	95-99	0.04056364434774906
1331	100-104	0.10806012857784708
1331	105-109	0.11492376323577957
1331	110-114	0.11061020852360315
1331	115-119	0.12989174244753343
1331	120-124	0.08009060610608998
1331	125-129	0.11723961771577507
1331	130-134	0.15400597423368367
1331	135-139	0.12814820749465383
1331	140-144	0.18179971713511378
1331	145-149	0.17217501906674215
1331	150	0.23732881797827332
1332	1	-0.05756546903258908
1332	2	-0.13176446183211254
1332	3	-0.09322226666791522
1332	4	-0.038643234048116426
1332	5	-0.09977415630434905
1332	6	-0.035826195363661384
1332	7	-0.06288315188124471
1332	8	-0.03834944504613702
1332	9	-0.07260108725618153
1332	10-14	-0.01830455185832136
1332	15-19	-0.030479167626438652
1332	20-24	-0.012255153564325383
1332	25-29	-0.019665169170302477
1332	30-34	-0.017246323138010666
1332	35-39	-0.055994334906792176
1332	40-44	-0.05363590992977407
1332	45-49	-0.027909984423615697
1332	50-54	-0.016964339684029994
1332	55-59	-0.0328585734473279
1332	60-64	-0.004151088195499142
1332	65-69	-0.011938882921327831
1332	70-74	0.008147707423489692
1332	75-79	-0.003825735242557471
1332	80-84	-8.742610921856908E-4
1332	85-89	0.005078512448477568
1332	90-94	0.008434592352600134
1332	95-99	-0.009472292781566694
1332	100-104	0.07610344568851701
1332	105-109	0.02571358134540702
1332	110-114	0.014165678790583058
1332	115-119	0.05684320552027344
1332	120-124	0.04316182795476209
1332	125-129	0.05295230774874682
1332	130-134	0.11005476664890068
1332	135-139	0.11545019910178667
1332	140-144	0.10297340606219763
1332	145-149	0.08215804877223576
1332	150	0.03984604552046278
1333	1	-0.10832243417066678
1333	2	-0.06545291206892756
1333	3	-0.06930871026664676
1333	4	-0.011205660724534994
1333	5	-0.13123472722479335
1333	6	-0.10732310162892844
1333	7	-0.08285886407418275
1333	8	-0.0742601744761231
1333	9	-0.11622344088735304
1333	10-14	-0.046620835422629625
1333	15-19	-0.05353464454389467
1333	20-24	-0.04290501574008232
1333	25-29	-0.10935437869654407
1333	30-34	-0.07254328512571817
1333	35-39	-0.05576030551572586
1333	40-44	-0.04589424870413694
1333	45-49	-0.03813885188294108
1333	50-54	-0.046912319751704956
1333	55-59	-0.029679679269229098
1333	60-64	-0.07273498492001806
1333	65-69	-0.046275674694385316
1333	70-74	-0.0455694016256345
1333	75-79	-0.008108059756722241
1333	80-84	-0.0480117102372688
1333	85-89	-0.07466160547046741
1333	90-94	-0.0188205163507007
1333	95-99	-0.03384753206713498
1333	100-104	-0.016629224733257786
1333	105-109	-0.0349194253080114
1333	110-114	-0.033032595935104325
1333	115-119	0.03840030280671414
1333	120-124	0.019477476596001964
1333	125-129	0.043241924423341516
1333	130-134	0.019554727163182406
1333	135-139	0.054929813107840175
1333	140-144	0.03735134419502373
1333	145-149	0.05835002196534589
1333	150	0.09027388220559374
1334	1	-0.07876835347903466
1334	2	-0.04496192277163402
1334	3	0.034104135971020355
1334	4	0.023649713553474783
1334	5	-0.04780219396613461
1334	6	-0.06965736006240775
1334	7	-0.06226494143978556
1334	8	-0.00534157428002402
1334	9	-0.049524754546482086
1334	10-14	-0.05626013584837608
1334	15-19	0.004979387431397697
1334	20-24	0.03445483152800932
1334	25-29	0.004786702914266527
1334	30-34	-0.018148521358178016
1334	35-39	-0.025555631719484495
1334	40-44	-0.026138484573294818
1334	45-49	0.0070797117166492285
1334	50-54	0.02505122086730438
1334	55-59	-0.021441977203238594
1334	60-64	-0.016866856642280936
1334	65-69	0.041172244211196585
1334	70-74	0.011515558915974111
1334	75-79	0.0186372921153648
1334	80-84	0.051550153484306804
1334	85-89	0.034661869479172935
1334	90-94	0.00910751991520442
1334	95-99	-0.005963293104848333
1334	100-104	0.0632929582684838
1334	105-109	0.014318550581826628
1334	110-114	0.08986694276030249
1334	115-119	0.10946559966495073
1334	120-124	0.05014456140478529
1334	125-129	0.09125809822825914
1334	130-134	0.13650563192152276
1334	135-139	0.06724720619366309
1334	140-144	0.09333710366257009
1334	145-149	0.11321792236892492
1334	150	0.1082441383708499
1335	1	-0.09481077108016933
1335	2	0.003386974025502809
1335	3	0.004824301876368509
1335	4	-0.06252565189711845
1335	5	0.06417421877641516
1335	6	0.010082861131074594
1335	7	-0.09702925979235744
1335	8	-0.0922221049150167
1335	9	-0.012845624821984813
1335	10-14	-0.0244369007880465
1335	15-19	-0.01026621398933969
1335	20-24	-0.03312067589519785
1335	25-29	-0.03360956546818272
1335	30-34	-0.04610969414882504
1335	35-39	-0.004295672345378421
1335	40-44	0.006374689692734137
1335	45-49	-0.030363812731224016
1335	50-54	0.015365366295391425
1335	55-59	0.014153759089076345
1335	60-64	-0.05238327088575545
1335	65-69	0.026178798970931894
1335	70-74	0.01078274846170757
1335	75-79	0.019991573054674916
1335	80-84	0.03075915184498257
1335	85-89	0.01360564189126734
1335	90-94	0.0322264098738998
1335	95-99	0.0031635367680920012
1335	100-104	0.08412589157857298
1335	105-109	0.05719971290221082
1335	110-114	0.044783735316336504
1335	115-119	0.1274846179241962
1335	120-124	0.10483858970125937
1335	125-129	0.08849253529648848
1335	130-134	0.13900934174809265
1335	135-139	0.13213434061507456
1335	140-144	0.1308440496119161
1335	145-149	0.11180401437695764
1335	150	0.23309854898393212
1336	1	-0.08844685342910452
1336	2	-0.04691373906216967
1336	3	-0.020473354915225173
1336	4	-0.05895191919013598
1336	5	-0.026369979832701063
1336	6	-0.08031203876726778
1336	7	-0.08089063413627429
1336	8	-0.12055333840967108
1336	9	-0.07487136550647477
1336	10-14	-0.0384329216528414
1336	15-19	-0.025074758828182553
1336	20-24	-0.05693974653355838
1336	25-29	-0.03395647460621376
1336	30-34	-0.051454047057319485
1336	35-39	-0.04243253743067754
1336	40-44	-0.02758942067628567
1336	45-49	-0.02377043546336921
1336	50-54	-0.02243138142092249
1336	55-59	-0.025132381506786317
1336	60-64	-0.03232960509151894
1336	65-69	0.0037412943654544506
1336	70-74	-0.005684454566385
1336	75-79	3.0120766680852284E-6
1336	80-84	0.024431266632369386
1336	85-89	-0.023795151699893324
1336	90-94	0.013858797740901707
1336	95-99	-0.012540776293754163
1336	100-104	0.007017903772982947
1336	105-109	-0.010578716271005817
1336	110-114	0.0027305438640681245
1336	115-119	0.07659646489710781
1336	120-124	0.0021669962572801182
1336	125-129	0.007460623959246959
1336	130-134	0.08761000291779908
1336	135-139	0.04161716483219635
1336	140-144	0.06000264078505069
1336	145-149	0.13036688085450265
1336	150	0.05846816246495479
1337	1	-0.06748012868629871
1337	2	-0.04119344672127312
1337	3	-0.017008224987840492
1337	4	-0.036678186097603316
1337	5	-0.057082723123237145
1337	6	0.03143770499799814
1337	7	-0.011151427522165136
1337	8	-0.10432338729614798
1337	9	-0.05178194438973094
1337	10-14	-0.061129044285571865
1337	15-19	-0.06075353434420805
1337	20-24	-0.03365628007866661
1337	25-29	-0.06719117751122639
1337	30-34	-0.07075424304952804
1337	35-39	-0.06946964636102138
1337	40-44	-0.01923045327192341
1337	45-49	-0.02747258119823215
1337	50-54	-0.008301303161196927
1337	55-59	-0.003528614711569844
1337	60-64	-0.05682114971609309
1337	65-69	-0.004968364389014823
1337	70-74	-0.0489309377141538
1337	75-79	-0.009297393741753979
1337	80-84	-4.003599479531772E-4
1337	85-89	-0.016825409395849533
1337	90-94	0.012399993907109774
1337	95-99	-0.0029499443606937348
1337	100-104	0.04156941902855493
1337	105-109	-0.0016390783050752589
1337	110-114	0.013399210328898903
1337	115-119	0.027891000244544273
1337	120-124	0.02467959816794263
1337	125-129	0.06809362753843118
1337	130-134	0.09725518983010772
1337	135-139	0.12402179617193809
1337	140-144	0.06802675826374838
1337	145-149	0.11363688330974497
1337	150	0.2133287441534648
1338	1	-0.04164572396424404
1338	2	0.03423840056296257
1338	3	-0.04122958039339153
1338	4	-0.07264054287451671
1338	5	-0.03610202489015535
1338	6	-0.011998158231712353
1338	7	-0.07452364413443746
1338	8	-0.02229486306304551
1338	9	-0.04901490046339063
1338	10-14	-0.0328804651483523
1338	15-19	-0.04880757085130938
1338	20-24	-0.04746599462348655
1338	25-29	-0.061111125999801175
1338	30-34	-0.07418003324420397
1338	35-39	-0.024265197013363604
1338	40-44	0.0023734610217758245
1338	45-49	0.011678390579675124
1338	50-54	0.025241498069497936
1338	55-59	-0.016531749312548527
1338	60-64	-0.060833188338236255
1338	65-69	-0.007210858609596471
1338	70-74	-0.03655599487714767
1338	75-79	-0.0265349256196572
1338	80-84	-0.0017999700186592804
1338	85-89	0.017076600760667304
1338	90-94	0.013511566038630463
1338	95-99	0.03346192114382518
1338	100-104	0.019734595241693853
1338	105-109	0.05083870679189317
1338	110-114	0.05611613970810225
1338	115-119	0.06903254822456262
1338	120-124	0.07020275053034197
1338	125-129	0.11249920006819991
1338	130-134	0.12053908586481299
1338	135-139	0.07510399783222255
1338	140-144	0.07212802783288197
1338	145-149	0.14264939877013205
1338	150	0.1058861699899154
1339	1	-0.03974959419360857
1339	2	-0.053599091312520386
1339	3	-0.12209036184205502
1339	4	0.006143655169424278
1339	5	-0.013247459768528813
1339	6	-0.013742745822277413
1339	7	-0.07894533518360447
1339	8	-0.04817395499800625
1339	9	-0.09483742920371441
1339	10-14	-0.047703379759397535
1339	15-19	-0.02975336776668769
1339	20-24	-0.03004745097481276
1339	25-29	-0.009460461154795041
1339	30-34	-0.08264932785271384
1339	35-39	-0.010809684847252754
1339	40-44	-0.004180401168866865
1339	45-49	-0.022302237409903114
1339	50-54	0.0010546980068326661
1339	55-59	4.122456174968647E-4
1339	60-64	-0.031080204521302335
1339	65-69	0.026737663088844954
1339	70-74	0.01195351337729278
1339	75-79	0.0020427468540233917
1339	80-84	-0.01806520175399129
1339	85-89	0.04679446566436951
1339	90-94	0.04506973002282422
1339	95-99	0.001801206531645505
1339	100-104	0.08186800666025817
1339	105-109	0.04284577090480468
1339	110-114	0.06310751237230505
1339	115-119	0.08799656700899305
1339	120-124	0.08011399783302409
1339	125-129	0.06558016191825544
1339	130-134	0.09094649987919468
1339	135-139	0.10249528028783317
1339	140-144	0.10665378250231328
1339	145-149	0.09647958029944448
1339	150	0.16674860716596385
1340	1	-0.03554036877861222
1340	2	-0.060825035162316965
1340	3	-0.03897253031166059
1340	4	0.006419662162947759
1340	5	0.03717304413068945
1340	6	0.025249477110619978
1340	7	-0.02853029441764221
1340	8	-0.019701232689605774
1340	9	-0.007543982404271787
1340	10-14	0.009052102212763202
1340	15-19	-0.006687496571814222
1340	20-24	0.02165557096328996
1340	25-29	-0.038766263780225074
1340	30-34	-0.050954568309848014
1340	35-39	-0.0030082830428952434
1340	40-44	0.03394032136851877
1340	45-49	-0.004342638111729968
1340	50-54	0.016910812853296875
1340	55-59	-0.0015353495142136353
1340	60-64	0.02203844588525783
1340	65-69	0.05504539877271952
1340	70-74	0.005248871204493355
1340	75-79	0.025254970638449947
1340	80-84	0.03141844604896704
1340	85-89	0.028243399055888574
1340	90-94	0.027101959777503737
1340	95-99	0.010346782097379048
1340	100-104	0.1204000793795501
1340	105-109	0.08326553431194839
1340	110-114	0.08835652287713458
1340	115-119	0.13585838869196465
1340	120-124	0.09665333687584621
1340	125-129	0.1402506948997626
1340	130-134	0.15344905552699828
1340	135-139	0.13709583290751226
1340	140-144	0.12209517427589134
1340	145-149	0.17564786339045213
1340	150	0.1489959774837999
1341	1	-0.03788281738798105
1341	2	0.019925090177075333
1341	3	0.05539809025830067
1341	4	-0.008616924992814745
1341	5	-0.037316277496984185
1341	6	0.02191815368304617
1341	7	-0.07398890352401111
1341	8	-0.0326216667712842
1341	9	0.027372484171344524
1341	10-14	-0.014589275080069797
1341	15-19	0.025290913438254847
1341	20-24	0.012061373687110688
1341	25-29	0.024367103103124066
1341	30-34	0.003422971249065654
1341	35-39	0.045347878922129325
1341	40-44	0.023318389847403864
1341	45-49	0.022918651520264177
1341	50-54	0.03743403167128889
1341	55-59	0.045967419219948624
1341	60-64	0.026606066891936564
1341	65-69	0.03202170300997409
1341	70-74	0.048564498262713585
1341	75-79	0.02733021780762357
1341	80-84	0.07347658915571031
1341	85-89	0.052859574236080675
1341	90-94	0.06090929432573944
1341	95-99	0.05699294001646393
1341	100-104	0.1184653531023585
1341	105-109	0.11476136583994645
1341	110-114	0.11724622950296038
1341	115-119	0.10316261118861547
1341	120-124	0.13575345546806972
1341	125-129	0.13432036784090684
1341	130-134	0.16048603044897902
1341	135-139	0.18020142979170828
1341	140-144	0.18310136312756242
1341	145-149	0.2012888036478202
1341	150	0.2687835021823801
1342	1	-0.09554256059468003
1342	2	-0.050804172703685424
1342	3	-0.01846559878941889
1342	4	-0.014309348160551849
1342	5	-0.006868209430827221
1342	6	-0.005805369701569418
1342	7	-0.09031958201858714
1342	8	-0.0768707963878299
1342	9	-0.02239659607693767
1342	10-14	-0.057323845801640516
1342	15-19	-0.026878716707692263
1342	20-24	-0.017656752213639493
1342	25-29	5.07201519120315E-4
1342	30-34	-0.02978220450302871
1342	35-39	0.005186081790306218
1342	40-44	-0.007191841799922827
1342	45-49	-0.005036604802448608
1342	50-54	-0.005801947699424659
1342	55-59	-0.00476721098718258
1342	60-64	-0.024796104905234984
1342	65-69	-0.02309156111452637
1342	70-74	-0.005371722270353985
1342	75-79	5.281753085739638E-4
1342	80-84	-0.003515909296204711
1342	85-89	0.008848481603600078
1342	90-94	-0.018262176287620946
1342	95-99	-0.019205284191848193
1342	100-104	0.007287186454611572
1342	105-109	-0.008858700566428013
1342	110-114	0.008011818263668147
1342	115-119	0.058796240536601374
1342	120-124	0.08304876349522772
1342	125-129	0.035855400073145915
1342	130-134	0.10876337138223846
1342	135-139	0.050845676924645034
1342	140-144	0.08867363911833337
1342	145-149	0.0840153592252264
1342	150	0.14731034262090503
1343	1	-0.02879755589030708
1343	2	-0.009973718319933766
1343	3	-0.05606750096937674
1343	4	-0.011240960050209026
1343	5	-0.007200460944687848
1343	6	0.008966564637553631
1343	7	-0.07430922331686673
1343	8	-0.05486211442620714
1343	9	-0.02515622340712298
1343	10-14	-0.024972407341223857
1343	15-19	-0.005482609015487583
1343	20-24	-0.009996174807845648
1343	25-29	-0.020604525927147677
1343	30-34	-0.03091976107877059
1343	35-39	-0.06274748285557052
1343	40-44	-0.010095545630179004
1343	45-49	-0.003215788204038006
1343	50-54	-0.018140775906893225
1343	55-59	0.003752023919624037
1343	60-64	5.190401936516764E-4
1343	65-69	0.027009831654631
1343	70-74	0.025327997282325043
1343	75-79	0.014871296981496585
1343	80-84	0.021134625998890044
1343	85-89	0.052673363878547264
1343	90-94	0.0215830197772533
1343	95-99	0.05926070683148765
1343	100-104	0.06796503293092115
1343	105-109	0.05241161068757805
1343	110-114	0.04910835859467966
1343	115-119	0.0794717165843295
1343	120-124	0.030054451278104466
1343	125-129	0.08613521564241466
1343	130-134	0.1510343416225126
1343	135-139	0.08232172963429463
1343	140-144	0.14006762730569733
1343	145-149	0.099490449526634
1343	150	0.16650529738077324
1344	1	-0.10083045359829157
1344	2	-0.08698060132874019
1344	3	-0.04417896993454917
1344	4	0.015796699674531567
1344	5	0.003632325392210589
1344	6	-0.0180967522490576
1344	7	-0.04241689597233744
1344	8	-0.05401566565060989
1344	9	-0.07393345771236426
1344	10-14	-0.017789399794452265
1344	15-19	1.1763672310394213E-4
1344	20-24	-0.024580584613531187
1344	25-29	0.0069351114183717755
1344	30-34	-0.01046603792762113
1344	35-39	-0.024078291334127755
1344	40-44	-0.008653114243493576
1344	45-49	-0.008797408743646429
1344	50-54	-2.10577166036785E-4
1344	55-59	0.001626850704084859
1344	60-64	0.03459108597932925
1344	65-69	0.025518936739949538
1344	70-74	0.010135560253431208
1344	75-79	0.06405776301866695
1344	80-84	0.07204800908335329
1344	85-89	0.025976588057282868
1344	90-94	0.05370108263301887
1344	95-99	-0.0015925695999570166
1344	100-104	0.08113606571008347
1344	105-109	0.08986310855506474
1344	110-114	0.06257753709749636
1344	115-119	0.09501865006647137
1344	120-124	0.10482089389598315
1344	125-129	0.08350193559521557
1344	130-134	0.16272602520983526
1344	135-139	0.13003183981517452
1344	140-144	0.1477462219394141
1344	145-149	0.08273090630963509
1344	150	0.2182496161605556
1345	1	-0.09482441641073791
1345	2	0.020307833707313705
1345	3	0.03246454338572846
1345	4	0.019293049743183133
1345	5	-0.048493326389625224
1345	6	0.006461000531771788
1345	7	-0.08593495626302428
1345	8	-0.0543751561408925
1345	9	-0.04281207030434331
1345	10-14	-0.04988791145219551
1345	15-19	-0.006344416028603916
1345	20-24	0.023554229952026162
1345	25-29	-0.014843207315948348
1345	30-34	0.007500860319439084
1345	35-39	-0.019353619515854348
1345	40-44	-0.008837904557516651
1345	45-49	0.006071559084539047
1345	50-54	0.0028342744350240423
1345	55-59	0.04569240656391571
1345	60-64	0.029655835332100366
1345	65-69	0.06563537692995425
1345	70-74	-0.020631921438251766
1345	75-79	0.02835733029254328
1345	80-84	0.04797254142307139
1345	85-89	0.02929387337845668
1345	90-94	0.047336599167124405
1345	95-99	0.02811889704380377
1345	100-104	0.07940668649055738
1345	105-109	0.04329785011965015
1345	110-114	0.07006580379250948
1345	115-119	0.11407138793149585
1345	120-124	0.05913167060897706
1345	125-129	0.12259962385078893
1345	130-134	0.13927185191711544
1345	135-139	0.11990110682767607
1345	140-144	0.15613781408571725
1345	145-149	0.10020444375003024
1345	150	0.17972711268943442
1346	1	-0.015526978432369276
1346	2	0.021188776426804168
1346	3	2.714799205350005E-4
1346	4	-0.02226750734376992
1346	5	0.04461398187852694
1346	6	-0.0010393142988505133
1346	7	-0.0059944475900266525
1346	8	-0.07278283614238035
1346	9	-0.05511483475040535
1346	10-14	-0.029336561411852813
1346	15-19	-0.037953037257054234
1346	20-24	-0.03785754051546775
1346	25-29	-0.03708379854453625
1346	30-34	-0.02990010795962661
1346	35-39	-0.009685194461866331
1346	40-44	-0.02032404501395746
1346	45-49	-0.035941607831659894
1346	50-54	-0.009635536806527512
1346	55-59	-0.019870510586656565
1346	60-64	0.004787691060379018
1346	65-69	0.033720460488339654
1346	70-74	0.03899902711142289
1346	75-79	0.0014614902544849429
1346	80-84	0.04684083028366359
1346	85-89	0.044999793593383686
1346	90-94	0.06737950941474935
1346	95-99	0.022093598654336688
1346	100-104	0.10043914436155887
1346	105-109	0.08138444952916046
1346	110-114	0.048445195679668984
1346	115-119	0.12393295574135266
1346	120-124	0.10117503794401728
1346	125-129	0.05374008028522326
1346	130-134	0.14776586547115755
1346	135-139	0.09747243345395873
1346	140-144	0.08286980227606477
1346	145-149	0.1032275406572225
1346	150	0.15317593055875278
1347	1	-0.09244767169845858
1347	2	0.07923431742652554
1347	3	0.04958043401386192
1347	4	0.03395083728042181
1347	5	0.046810179315464495
1347	6	-0.009278260295047858
1347	7	0.004699162802793921
1347	8	-0.042218851025900506
1347	9	-0.0062273587034198385
1347	10-14	0.016718024150570443
1347	15-19	0.02660039784838375
1347	20-24	0.013559136242932368
1347	25-29	-0.01914169181916492
1347	30-34	-0.011223323445328504
1347	35-39	-0.0209367349344447
1347	40-44	-0.011228477538288928
1347	45-49	0.05608902590510212
1347	50-54	0.024968356938266822
1347	55-59	0.028352359880670974
1347	60-64	0.036306258652402335
1347	65-69	0.09006704129220822
1347	70-74	0.03775977480160719
1347	75-79	0.08476363421239341
1347	80-84	0.08284878019070163
1347	85-89	0.060931889324699284
1347	90-94	0.039572548734490454
1347	95-99	0.03878486539176862
1347	100-104	0.06083431267970951
1347	105-109	0.03376363967394269
1347	110-114	0.052282331813522376
1347	115-119	0.10133553494954839
1347	120-124	0.08398353019237703
1347	125-129	0.09604658624409268
1347	130-134	0.10571179518049689
1347	135-139	0.12544767666459933
1347	140-144	0.1521064046168803
1347	145-149	0.16376405252866277
1347	150	0.17303217686340133
1348	1	-0.04290686895599549
1348	2	0.0016583699746419711
1348	3	-0.07131465995759356
1348	4	0.012362845590779159
1348	5	-0.024532646981548112
1348	6	0.010631514848526535
1348	7	-0.04813510501160323
1348	8	-0.05939991295423397
1348	9	-0.03625152060203618
1348	10-14	-0.022790606685873627
1348	15-19	-0.03163664490725182
1348	20-24	-0.01215768041237908
1348	25-29	-0.00976132208758429
1348	30-34	-0.05797117371117366
1348	35-39	-0.01082634011427075
1348	40-44	0.010590167197456424
1348	45-49	-0.009234865551810856
1348	50-54	4.913093162670634E-4
1348	55-59	0.04760284797192327
1348	60-64	0.022969453761433556
1348	65-69	0.021200438330168936
1348	70-74	0.008225979330532596
1348	75-79	0.039739396870949406
1348	80-84	0.003095160984933898
1348	85-89	0.008924652992291726
1348	90-94	0.05294440186312954
1348	95-99	0.023779027781060336
1348	100-104	0.09989777149404944
1348	105-109	0.01938631795095347
1348	110-114	0.050303852857140896
1348	115-119	0.054931763331460104
1348	120-124	0.08705502705271329
1348	125-129	0.15169030890869095
1348	130-134	0.12162978990805584
1348	135-139	0.09710259860742809
1348	140-144	0.1099839356194181
1348	145-149	0.12642146218350803
1348	150	0.22639365333753858
1349	1	-0.0744100491696642
1349	2	0.0566661245964184
1349	3	-0.04838320239279881
1349	4	-0.006996807451301379
1349	5	-0.02130775359297843
1349	6	-0.015468460121468297
1349	7	-0.04222919442251083
1349	8	-0.01928688027722103
1349	9	0.02330982278384397
1349	10-14	0.03083221693215421
1349	15-19	-0.01206776912857066
1349	20-24	-0.009994386557821144
1349	25-29	0.017580047357562023
1349	30-34	-0.012645210582469701
1349	35-39	0.01128726801884028
1349	40-44	0.0076492122678288865
1349	45-49	0.01564495535502175
1349	50-54	0.001234536595688951
1349	55-59	0.006738260276868857
1349	60-64	0.012612975084877576
1349	65-69	0.07196862543293037
1349	70-74	0.01667096128319656
1349	75-79	0.030855805089210264
1349	80-84	0.013888378088616093
1349	85-89	0.03630911146704818
1349	90-94	0.0724335091342283
1349	95-99	0.05254055737143659
1349	100-104	0.047025707548243645
1349	105-109	0.07590756888958339
1349	110-114	0.06738109731135467
1349	115-119	0.1202221698233572
1349	120-124	0.06302178159729266
1349	125-129	0.15084116027961159
1349	130-134	0.15313287655162355
1349	135-139	0.14689082608568071
1349	140-144	0.14758133624212633
1349	145-149	0.16875678466114863
1349	150	0.26435457378657645
1350	1	-0.0671580570096566
1350	2	-0.005524194865188292
1350	3	0.005766294160757468
1350	4	-0.010514267266110267
1350	5	-0.03301633968764861
1350	6	-0.04012135654661364
1350	7	-0.030365240512438163
1350	8	-0.008155640751738247
1350	9	-0.060401587756835795
1350	10-14	-0.040058478986424007
1350	15-19	-0.0399416400341579
1350	20-24	-0.009955477660177792
1350	25-29	-0.01232861220064052
1350	30-34	-0.037953876776846585
1350	35-39	-0.04151302583530736
1350	40-44	-0.02180591763514883
1350	45-49	0.0029807611458352312
1350	50-54	-0.03269993648970626
1350	55-59	-0.014907777028874136
1350	60-64	-0.03132443770628157
1350	65-69	0.01614147081780004
1350	70-74	0.026454453409151313
1350	75-79	-0.025264027795792288
1350	80-84	0.00922756483210918
1350	85-89	-0.011818645234747294
1350	90-94	0.010940639230469174
1350	95-99	-0.0285047205006137
1350	100-104	0.046638504640434064
1350	105-109	0.04858064624924907
1350	110-114	0.030165994092755
1350	115-119	0.09638272782025581
1350	120-124	0.06657248046141007
1350	125-129	0.1001300134392693
1350	130-134	0.13600538238591753
1350	135-139	0.15913208686436064
1350	140-144	0.18244869147908815
1350	145-149	0.1840533252969081
1350	150	0.22294104683238913
1351	1	-0.02022096286563624
1351	2	0.048053838256514325
1351	3	0.036871477114878815
1351	4	0.05607555227414451
1351	5	-0.0019274588741424736
1351	6	0.0878790924609163
1351	7	0.07954594571661033
1351	8	0.016824944417670906
1351	9	0.04372286255171787
1351	10-14	0.01806736230227557
1351	15-19	0.047454589926978485
1351	20-24	0.029658106878656554
1351	25-29	0.012036124673933557
1351	30-34	0.0060374263804661155
1351	35-39	0.026623680539003658
1351	40-44	0.01670055360145284
1351	45-49	0.028107273762515206
1351	50-54	0.014988750380730664
1351	55-59	0.0441798439784975
1351	60-64	0.05639775355644616
1351	65-69	0.050492526411971994
1351	70-74	0.023784768284706104
1351	75-79	0.06179570269431167
1351	80-84	0.08278104169007605
1351	85-89	0.019319468043413224
1351	90-94	0.04868273802685508
1351	95-99	0.041342313311801604
1351	100-104	0.11064692679205024
1351	105-109	0.11228566227528347
1351	110-114	0.0937218921096985
1351	115-119	0.15011183520790183
1351	120-124	0.11249451599791627
1351	125-129	0.15560417182452113
1351	130-134	0.1585728548353771
1351	135-139	0.19649141139914406
1351	140-144	0.19757693823596156
1351	145-149	0.144811650807398
1351	150	0.2665624311304029
1352	1	-0.057906265664712464
1352	2	-0.05925728178820577
1352	3	0.02898726017953379
1352	4	-0.01669699744369524
1352	5	0.002242685314989501
1352	6	0.02580915399727246
1352	7	-0.04027483419528011
1352	8	-0.020895070452645825
1352	9	-0.025932733371476502
1352	10-14	-0.06834001767427367
1352	15-19	-0.06528808957804699
1352	20-24	-0.054656896014357415
1352	25-29	-0.0906518229888178
1352	30-34	-0.09535395409512404
1352	35-39	-0.04729591293033053
1352	40-44	-0.05344749011327821
1352	45-49	-0.06031592653769735
1352	50-54	-0.11108397075470577
1352	55-59	-0.05616998415662522
1352	60-64	-0.045928380202070684
1352	65-69	-0.015847900279624128
1352	70-74	-0.0578308598981323
1352	75-79	-0.03708906205576312
1352	80-84	-0.03310316347646136
1352	85-89	9.17933365691681E-4
1352	90-94	0.0023612739929390614
1352	95-99	-0.017880807352739225
1352	100-104	0.01758754897085879
1352	105-109	-0.03433234924194295
1352	110-114	-0.03251549738561721
1352	115-119	0.06405906519204763
1352	120-124	-0.2874382828586661
1352	125-129	0.0995541505410884
1352	130-134	0.12518954265767945
1352	135-139	0.10561449561897263
1352	140-144	0.14070951900090023
1352	145-149	0.08001203589741834
1352	150	0.12740399617287324
1353	1	0.04014753502243451
1353	2	0.05957078177932118
1353	3	0.0012541950538960123
1353	4	0.011236796373360391
1353	5	0.05584424532807475
1353	6	0.031432167304480174
1353	7	0.052084209286242356
1353	8	0.028852961357749507
1353	9	0.031894391000498956
1353	10-14	0.027746220686360346
1353	15-19	0.01611200965335513
1353	20-24	0.03300279458881761
1353	25-29	0.031564082962674433
1353	30-34	0.037486407604447436
1353	35-39	0.017825089427134344
1353	40-44	0.03637517077389418
1353	45-49	0.04371786302929337
1353	50-54	0.047488100855254345
1353	55-59	0.12128899643998636
1353	60-64	0.05310263822347849
1353	65-69	0.09297239068621366
1353	70-74	0.08894523356384809
1353	75-79	0.08971367244556205
1353	80-84	0.12438688320690261
1353	85-89	0.09711059826832269
1353	90-94	0.10846032689934049
1353	95-99	0.12178185040487222
1353	100-104	0.18153022823562992
1353	105-109	0.12364530681934838
1353	110-114	0.09156132487751734
1353	115-119	0.19994299347033717
1353	120-124	0.1652073957370206
1353	125-129	0.1818799388423784
1353	130-134	0.25665848370379507
1353	135-139	0.24542461541170724
1353	140-144	0.23087778439388984
1353	145-149	0.25767518557081814
1353	150	0.34572159849238204
1354	1	-0.03947445034052066
1354	2	0.03567129071996078
1354	3	0.018765852243113557
1354	4	0.034517409968813695
1354	5	-0.017201581087007867
1354	6	-3.265178190332563E-4
1354	7	0.011112958791812844
1354	8	-0.022792551070331513
1354	9	0.02310598381662743
1354	10-14	-0.01800239348670374
1354	15-19	-0.012818668750632867
1354	20-24	-2.0109527159206664E-4
1354	25-29	0.011840241190107292
1354	30-34	0.027262656059541257
1354	35-39	0.023226607953951373
1354	40-44	0.04008358638190401
1354	45-49	0.05310859798519374
1354	50-54	0.0435276670021878
1354	55-59	0.04468688427687795
1354	60-64	0.022389523284161328
1354	65-69	0.05426326318105623
1354	70-74	0.047696191283236544
1354	75-79	0.05564343514815562
1354	80-84	0.05378354827617926
1354	85-89	0.05500159696323692
1354	90-94	0.10647559063387035
1354	95-99	0.09892816099392832
1354	100-104	0.068015764311248
1354	105-109	0.08705760677603536
1354	110-114	0.09759523837882256
1354	115-119	0.12437779472950439
1354	120-124	0.14193459405907305
1354	125-129	0.1490957746291599
1354	130-134	0.16859635801219497
1354	135-139	0.17562101251485984
1354	140-144	0.22256787162320535
1354	145-149	0.17173836436676737
1354	150	0.25734462359262267
1355	1	-0.028401025107264388
1355	2	0.0218206897293598
1355	3	-0.025328292201443503
1355	4	0.007411776751240495
1355	5	-0.0030358785874682326
1355	6	0.013497522442825982
1355	7	-0.04903667815256796
1355	8	-0.03070472304789007
1355	9	-0.03992420511352179
1355	10-14	-0.01666769931579637
1355	15-19	-0.01329050196072501
1355	20-24	-0.03066429712239227
1355	25-29	-0.021396649591089556
1355	30-34	-0.023070006829904344
1355	35-39	0.0315335519259321
1355	40-44	0.010040441871268513
1355	45-49	0.01225014704142069
1355	50-54	-0.009260599614528076
1355	55-59	0.016075725769553628
1355	60-64	0.019700267049209685
1355	65-69	0.00906030776759792
1355	70-74	0.025596249169829832
1355	75-79	-0.007292363738450547
1355	80-84	0.04396107486330436
1355	85-89	0.015344240894812344
1355	90-94	0.027237073856341
1355	95-99	0.039425845281577665
1355	100-104	0.04766396277862128
1355	105-109	0.009914836803851301
1355	110-114	0.005581198283991284
1355	115-119	0.07048015550734021
1355	120-124	0.05238286222788702
1355	125-129	0.043357724083087135
1355	130-134	0.11952862935319786
1355	135-139	0.11498467069242935
1355	140-144	0.12605288787658253
1355	145-149	0.0369140809923465
1355	150	0.11859933311259141
1356	1	-0.002497539650988756
1356	2	-0.011816500047778788
1356	3	0.015020647689404143
1356	4	-0.0051638948615959634
1356	5	-0.012917210637617416
1356	6	-0.026806822867840197
1356	7	0.03510502546730265
1356	8	-0.05876617272554796
1356	9	-0.03767457097366389
1356	10-14	-0.010411002930148072
1356	15-19	0.01610982467833111
1356	20-24	0.00650275154656299
1356	25-29	0.04042802418847913
1356	30-34	0.02418989986345821
1356	35-39	0.027035027873644424
1356	40-44	0.05140199178042337
1356	45-49	0.07708981608820409
1356	50-54	0.07185573680663282
1356	55-59	0.0644533911853955
1356	60-64	0.03557910351577931
1356	65-69	0.08489514562657519
1356	70-74	0.06954595038171618
1356	75-79	0.02554435627760654
1356	80-84	0.08578365594622284
1356	85-89	0.07240458329791011
1356	90-94	0.06126608165616432
1356	95-99	0.10119347343791674
1356	100-104	0.06203942439529442
1356	105-109	0.04583352074278224
1356	110-114	0.07430800264199178
1356	115-119	0.10914052604932323
1356	120-124	0.10197938316546384
1356	125-129	0.15531518782334075
1356	130-134	0.18981820499796953
1356	135-139	0.18120484618421528
1356	140-144	0.19018170159548475
1356	145-149	0.19287929568408657
1356	150	0.22613458564505606
1357	1	-0.017113843657035943
1357	2	0.05251635033038582
1357	3	0.017464079618726203
1357	4	0.027794785743743944
1357	5	0.06951132988923803
1357	6	0.10982044729117035
1357	7	-0.018078429200400592
1357	8	0.02646818452839028
1357	9	0.03014159050373877
1357	10-14	0.0459395753638816
1357	15-19	0.04472258245680649
1357	20-24	0.03783136839039969
1357	25-29	0.05508487826840991
1357	30-34	0.06969601056685804
1357	35-39	0.024349642874206268
1357	40-44	0.0289573325698953
1357	45-49	0.07465155104203092
1357	50-54	0.09983909557652026
1357	55-59	0.0785488827430072
1357	60-64	0.08548660195494051
1357	65-69	0.08386575253470596
1357	70-74	0.0519227078432678
1357	75-79	0.030921441355879153
1357	80-84	0.06208830639003082
1357	85-89	0.08595700145927765
1357	90-94	0.10020825899067631
1357	95-99	0.07739921497571345
1357	100-104	0.1372364022958834
1357	105-109	0.12354142810969648
1357	110-114	0.11965327213932397
1357	115-119	0.18075466298138565
1357	120-124	0.1371641819843532
1357	125-129	0.17788341872677904
1357	130-134	0.20870318634197105
1357	135-139	0.23075916882824288
1357	140-144	0.2114278196596473
1357	145-149	0.21195529939287638
1357	150	0.23850985660252633
1358	1	0.015589493607045313
1358	2	0.009014313442371247
1358	3	0.048655090347011765
1358	4	0.02369416111546485
1358	5	-0.01135666490960574
1358	6	-0.010719009802251378
1358	7	0.02173889023440978
1358	8	-0.02410792366076464
1358	9	0.03226352805771171
1358	10-14	0.0013262785276566547
1358	15-19	-0.010344106781602136
1358	20-24	-0.007889330536393402
1358	25-29	-0.024029552247945674
1358	30-34	0.0018574028248181662
1358	35-39	0.025621079218041132
1358	40-44	-0.023176110494190993
1358	45-49	0.020186455892407196
1358	50-54	0.03500090475534989
1358	55-59	0.05776440245247727
1358	60-64	0.03170817070989784
1358	65-69	0.06973921625223056
1358	70-74	0.025937974474956604
1358	75-79	0.036207030708069965
1358	80-84	0.045843898944070816
1358	85-89	0.07576406658104418
1358	90-94	0.11427909383310464
1358	95-99	0.0705817549260459
1358	100-104	0.0951181661999172
1358	105-109	0.11373151014276317
1358	110-114	0.08511273733656566
1358	115-119	0.13128350082929074
1358	120-124	0.0659304162301595
1358	125-129	0.1877175496741188
1358	130-134	0.18153802963171017
1358	135-139	0.23165194428021607
1358	140-144	0.22609641390352664
1358	145-149	0.180169020072114
1358	150	0.2869718472194194
1359	1	-0.09124037508444616
1359	2	-0.029121157732078018
1359	3	-0.04772046025904331
1359	4	-0.002607403572703504
1359	5	-0.029927923765704634
1359	6	-0.04745052544068784
1359	7	-0.04420015334882521
1359	8	-0.006659128860725616
1359	9	-0.10018011010206607
1359	10-14	-0.04279966751906983
1359	15-19	-0.03328036874692941
1359	20-24	-0.04649860387427651
1359	25-29	-0.042721158487765365
1359	30-34	-0.07541978839564933
1359	35-39	-0.025789653883421693
1359	40-44	-0.008912716004019217
1359	45-49	0.0166464101691588
1359	50-54	-0.014268648783577476
1359	55-59	0.010995996722343193
1359	60-64	0.02662361631315946
1359	65-69	0.012840292266986353
1359	70-74	0.0013052696415414289
1359	75-79	0.02090332588506527
1359	80-84	0.034205653257565416
1359	85-89	0.013253919566082573
1359	90-94	0.03687463321161033
1359	95-99	0.04935434409932782
1359	100-104	0.052787100410903065
1359	105-109	-0.011887439165633396
1359	110-114	0.06720989088456264
1359	115-119	0.1252219848147007
1359	120-124	0.06508283680446425
1359	125-129	0.10551638785494788
1359	130-134	0.1513722166756537
1359	135-139	0.14817832190830416
1359	140-144	0.07098305230022817
1359	145-149	0.16599780630834005
1359	150	0.23232152830323116
1360	1	-0.00494194010672544
1360	2	0.06909377812885964
1360	3	-0.009020874905679932
1360	4	0.06987104015537682
1360	5	0.01926271237822874
1360	6	0.023577429253869298
1360	7	0.01072944343133031
1360	8	0.009072935007154115
1360	9	0.013712564857534915
1360	10-14	0.02169218575627241
1360	15-19	0.018392820873501137
1360	20-24	-0.014913156719053688
1360	25-29	0.03957729241577823
1360	30-34	-0.010153479794681175
1360	35-39	0.013001239551115873
1360	40-44	0.02756270358624846
1360	45-49	0.05139784117116619
1360	50-54	0.0617398432218792
1360	55-59	0.0778018374313234
1360	60-64	0.056310563194763574
1360	65-69	0.04411745078073892
1360	70-74	0.03942929556701813
1360	75-79	0.06326737350506306
1360	80-84	0.09756496780993018
1360	85-89	0.09989813966280536
1360	90-94	0.08708745978508858
1360	95-99	0.054483522472587254
1360	100-104	0.07590627117072302
1360	105-109	0.10320512307449548
1360	110-114	0.07640730435312548
1360	115-119	0.16555014535058632
1360	120-124	0.09162825483312531
1360	125-129	0.12747562746743313
1360	130-134	0.12900619602250885
1360	135-139	0.1560846107966256
1360	140-144	0.19383768620746622
1360	145-149	0.1990286816228206
1360	150	0.23717306640643443
1361	1	-0.11383045939369651
1361	2	-0.01938668593429327
1361	3	0.05385405842260127
1361	4	-0.006850671217193849
1361	5	-0.008758956097970838
1361	6	-0.03504298403656492
1361	7	-0.04688716242013413
1361	8	-0.035742523098008405
1361	9	0.0011371781982916218
1361	10-14	-0.04262691265817864
1361	15-19	-0.02132303662231294
1361	20-24	0.0024804115311027886
1361	25-29	-0.010341836821709194
1361	30-34	-0.009379068678626368
1361	35-39	-0.01087690710800615
1361	40-44	-0.02103627034195199
1361	45-49	-0.0165582577678407
1361	50-54	-0.015011220621353516
1361	55-59	-0.003486918381270243
1361	60-64	0.008984274748499388
1361	65-69	-0.021310818089659733
1361	70-74	-0.013493232586583304
1361	75-79	-0.02623422713104162
1361	80-84	-0.031934544624355965
1361	85-89	0.017895418824060982
1361	90-94	0.004381279634145585
1361	95-99	-0.008064710210156534
1361	100-104	0.03758206195584535
1361	105-109	0.04707544632960747
1361	110-114	0.09204450075688442
1361	115-119	0.13200818889077226
1361	120-124	0.09133905946875842
1361	125-129	0.10026865181454525
1361	130-134	0.1463032011146339
1361	135-139	0.21274364376213128
1361	140-144	0.2053983361911662
1361	145-149	0.17113883456301693
1361	150	0.26038728253150367
1362	1	-0.017639233254676867
1362	2	-0.038873429059712805
1362	3	-0.02314541811804105
1362	4	0.08381651421797187
1362	5	-0.049051726331470036
1362	6	-0.012533552961627947
1362	7	-0.02853425180111202
1362	8	-0.056091972565859294
1362	9	-0.018498669566163528
1362	10-14	-0.017567160906480694
1362	15-19	0.02064403650643243
1362	20-24	0.002921246742481287
1362	25-29	-7.660501405837294E-4
1362	30-34	0.02229505218740968
1362	35-39	-0.0035296889878324578
1362	40-44	0.006543450117234784
1362	45-49	0.038426305299658736
1362	50-54	0.040222908327130824
1362	55-59	0.05296832268661689
1362	60-64	0.059545368722226044
1362	65-69	0.054670368763794386
1362	70-74	0.043941237119412335
1362	75-79	-0.01959889958069283
1362	80-84	0.002303538783316128
1362	85-89	0.07696240436342094
1362	90-94	-0.001642134750561297
1362	95-99	0.05933924850916128
1362	100-104	0.020369202928677055
1362	105-109	0.052628853625797944
1362	110-114	0.06961950527295357
1362	115-119	0.10274110191659247
1362	120-124	0.1326130290941876
1362	125-129	0.11996250110657769
1362	130-134	0.15659373418849754
1362	135-139	0.14981719055465703
1362	140-144	0.17731177796847675
1362	145-149	0.19009679021155534
1362	150	0.2558005004895847
1363	1	-0.08672193344131074
1363	2	0.06321515307826786
1363	3	-0.04871516789451391
1363	4	0.006387957595038074
1363	5	0.04027686261710528
1363	6	0.029320754615653755
1363	7	0.07633614539305711
1363	8	-0.03660857421109398
1363	9	0.02344652818370463
1363	10-14	-0.023698587273514704
1363	15-19	-0.006679523460107362
1363	20-24	0.029067758410548095
1363	25-29	0.03811067893185083
1363	30-34	0.02079507645220957
1363	35-39	0.025649593317048414
1363	40-44	2.4225242329123375E-4
1363	45-49	0.010883128355004601
1363	50-54	0.020559127937524124
1363	55-59	0.015720131647817936
1363	60-64	-0.004290624279647659
1363	65-69	0.034814197321075824
1363	70-74	0.007689136569375421
1363	75-79	0.0066273157771945534
1363	80-84	0.026659555178092376
1363	85-89	0.03262856352567667
1363	90-94	0.057661440893504334
1363	95-99	0.06640178506058447
1363	100-104	0.045872903104616114
1363	105-109	0.07541440299314672
1363	110-114	0.04165412085687592
1363	115-119	0.09079434957462951
1363	120-124	0.08436252097288133
1363	125-129	0.08680354529894174
1363	130-134	0.13149628429530225
1363	135-139	0.17513392841177478
1363	140-144	0.18520844776900702
1363	145-149	0.17997409259123032
1363	150	0.305278478335417
1364	1	-0.028737332528159243
1364	2	0.08199050690213738
1364	3	-0.07087124371128084
1364	4	0.015616208516910035
1364	5	0.0584603355197828
1364	6	-0.019383408025589688
1364	7	0.003549430001221765
1364	8	-0.03862351506754891
1364	9	-0.014475855225299483
1364	10-14	0.015239922026651698
1364	15-19	-0.0024606217110729744
1364	20-24	-0.008576759181039506
1364	25-29	0.03712408344363638
1364	30-34	0.03795682287005775
1364	35-39	0.021980695322952215
1364	40-44	0.03221413235165471
1364	45-49	0.04974246562657214
1364	50-54	0.04370294481847736
1364	55-59	0.07614722782910377
1364	60-64	0.04620941963409564
1364	65-69	0.06918173118875615
1364	70-74	0.06072879513682494
1364	75-79	0.06288349711423535
1364	80-84	0.10808518629499275
1364	85-89	0.1004514982112994
1364	90-94	0.11792548342747011
1364	95-99	0.11763181544379364
1364	100-104	0.0972092174812147
1364	105-109	0.13313717615255882
1364	110-114	0.10565032263608032
1364	115-119	0.14960987492940347
1364	120-124	0.14417036969575747
1364	125-129	0.14379785942350765
1364	130-134	0.2339821841643328
1364	135-139	0.24984292029218125
1364	140-144	0.23401456667215115
1364	145-149	0.23041978528920737
1364	150	0.22068023819468863
1365	1	-0.031865605558664356
1365	2	-0.0186322758086348
1365	3	0.01278747420023052
1365	4	-0.04245793335611836
1365	5	-0.036113851931503405
1365	6	-0.013669150216358616
1365	7	-0.015220324452890566
1365	8	-0.07099524017670689
1365	9	0.030452679926696646
1365	10-14	-0.030296594529417575
1365	15-19	-0.0415502448439824
1365	20-24	-0.0010550792780747997
1365	25-29	0.013708765056250627
1365	30-34	0.01019416420655972
1365	35-39	0.0062765321676607755
1365	40-44	-0.009530540573180701
1365	45-49	-0.015982440286876454
1365	50-54	0.013922343669165116
1365	55-59	0.0201531985808856
1365	60-64	-0.029478265585709096
1365	65-69	0.009910811233481809
1365	70-74	-0.01010228253782941
1365	75-79	0.012855626939717979
1365	80-84	-0.013392498031862488
1365	85-89	0.005003556953312227
1365	90-94	0.08623714150867556
1365	95-99	0.016761293972720637
1365	100-104	0.04682688333490859
1365	105-109	0.040847982571463604
1365	110-114	0.08020832980582071
1365	115-119	0.08843092352698534
1365	120-124	0.0629165327505774
1365	125-129	0.12814772743259084
1365	130-134	0.06635780435419747
1365	135-139	0.14708894707732156
1365	140-144	0.15961299059460288
1365	145-149	0.16151031952220052
1365	150	0.15235081389459282
1366	1	-0.03025300582962842
1366	2	-0.0038112235732015165
1366	3	-0.0034956433671311515
1366	4	-0.0318565484396629
1366	5	-0.04305725099818858
1366	6	-0.05001191703857444
1366	7	-0.014213625672212515
1366	8	-0.06216639778622124
1366	9	-0.052375108723005326
1366	10-14	-0.029679027165272487
1366	15-19	-0.024391393421439034
1366	20-24	-0.010254800789439855
1366	25-29	-0.03646736018836805
1366	30-34	-0.03209188878154379
1366	35-39	-0.05386327665365087
1366	40-44	-0.01950212720573319
1366	45-49	0.009400857921761485
1366	50-54	-0.01586841351885937
1366	55-59	0.01841716064621579
1366	60-64	-0.007061624008109391
1366	65-69	0.01358347418695871
1366	70-74	-0.029083164669394534
1366	75-79	0.012899846418868322
1366	80-84	0.0845805563110602
1366	85-89	0.04417787578516652
1366	90-94	0.022858961469545136
1366	95-99	0.018463461668041248
1366	100-104	0.07112407586840419
1366	105-109	0.023165271446970337
1366	110-114	0.07796574362487263
1366	115-119	0.14413843519341185
1366	120-124	0.12446270917689617
1366	125-129	0.15826062823042975
1366	130-134	0.15851929012869448
1366	135-139	0.15651352934435891
1366	140-144	0.15951363789250905
1366	145-149	0.20069329408188707
1366	150	0.20283346480533027
1367	1	-0.006830668727424438
1367	2	0.007371527189313554
1367	3	-0.049398406874701095
1367	4	0.014831987240732758
1367	5	0.019297721999372186
1367	6	-0.010154398492439043
1367	7	0.07843828181527357
1367	8	-0.05590919694301277
1367	9	-0.04019936312548111
1367	10-14	0.011081277977311288
1367	15-19	-0.03501225329735291
1367	20-24	-0.0023168221281721912
1367	25-29	0.039419679794633566
1367	30-34	0.0178461753085557
1367	35-39	0.03470021429204451
1367	40-44	0.07248621752965789
1367	45-49	0.05686848154537216
1367	50-54	0.0281393882123524
1367	55-59	0.0489382534888918
1367	60-64	0.00967074590339223
1367	65-69	0.03163117118702985
1367	70-74	0.02566724458093006
1367	75-79	0.015280078646789264
1367	80-84	0.030494737267822813
1367	85-89	0.08704051544400215
1367	90-94	0.0985874039632364
1367	95-99	0.019432074649991193
1367	100-104	0.06616597063393215
1367	105-109	0.07132890923792701
1367	110-114	0.07133486086788565
1367	115-119	0.1264215440643781
1367	120-124	0.08003934231081189
1367	125-129	0.10587682877116578
1367	130-134	0.10251484321117488
1367	135-139	0.1606245960735322
1367	140-144	0.20787647496123185
1367	145-149	0.15471690014871342
1367	150	0.23328832720716974
1368	1	-0.041271797838376756
1368	2	0.003318343605904772
1368	3	-0.03432802702180737
1368	4	-0.058988092500875666
1368	5	-0.0013543414928705033
1368	6	-0.004500602295685496
1368	7	-0.06606898767421399
1368	8	-0.06536080669847166
1368	9	-0.012343827470829183
1368	10-14	-0.020767358909353106
1368	15-19	-0.015437047769417234
1368	20-24	-0.045396554865305916
1368	25-29	-0.023429241249836252
1368	30-34	-0.0029078759434426615
1368	35-39	0.008557008482526385
1368	40-44	0.009049167070614317
1368	45-49	-0.008616794472594336
1368	50-54	0.015771352046179743
1368	55-59	0.06108339317406575
1368	60-64	0.04336840599398073
1368	65-69	0.03489798450164017
1368	70-74	0.03820001787822491
1368	75-79	0.0020093191727781345
1368	80-84	0.04851257482398097
1368	85-89	0.05407984569004043
1368	90-94	0.04531517934520224
1368	95-99	0.05001345352793862
1368	100-104	0.04860436519091138
1368	105-109	0.07146317595194063
1368	110-114	0.055985256614164314
1368	115-119	0.08434670553785395
1368	120-124	0.08281422207313938
1368	125-129	0.07240405684172657
1368	130-134	0.11289773513648527
1368	135-139	0.1670105407637621
1368	140-144	0.17547149541744744
1368	145-149	0.15585970104051228
1368	150	0.21578494979264917
1369	1	0.004379953111858015
1369	2	-0.03237931492231638
1369	3	0.009933873162793816
1369	4	0.041065296483623115
1369	5	-0.03634809926670357
1369	6	-0.027414783846033686
1369	7	0.006215180696806044
1369	8	-0.059927522083064844
1369	9	0.035519918281792684
1369	10-14	0.021070472918822247
1369	15-19	0.007822065996606398
1369	20-24	0.0032225581595284325
1369	25-29	0.024798221302596346
1369	30-34	4.0965301516138197E-4
1369	35-39	0.012545084556613517
1369	40-44	0.016426968834188926
1369	45-49	0.0487167673949358
1369	50-54	0.046946720383850504
1369	55-59	0.05218830194954904
1369	60-64	0.06634079427666251
1369	65-69	0.08781341681343946
1369	70-74	0.05140507095451596
1369	75-79	0.04519628253241592
1369	80-84	0.04960316932943698
1369	85-89	0.07556035349919199
1369	90-94	0.08345381467180601
1369	95-99	0.12355727766161095
1369	100-104	0.10223940226209294
1369	105-109	0.12895037301867518
1369	110-114	0.12875168617659938
1369	115-119	0.18439437344678566
1369	120-124	0.1761454167587999
1369	125-129	0.1672760275090539
1369	130-134	0.19885400017746235
1369	135-139	0.21264128355394263
1369	140-144	0.29203956810984977
1369	145-149	0.3081800720070902
1369	150	0.24461662277875007
1370	1	0.028725262725330936
1370	2	-0.010012130571887212
1370	3	0.022983146115052477
1370	4	-0.06547081177832581
1370	5	0.04738859247078864
1370	6	-0.03433364637649561
1370	7	-0.04302821772181176
1370	8	-0.055483662368082776
1370	9	0.05072394002876024
1370	10-14	-0.028559946713045292
1370	15-19	-0.011542471682261635
1370	20-24	0.020447526174926622
1370	25-29	0.05498620236855345
1370	30-34	0.03875696506149495
1370	35-39	0.05447721308818387
1370	40-44	0.020516462287226034
1370	45-49	0.041888420052579534
1370	50-54	0.048076691287015194
1370	55-59	0.02791962246634938
1370	60-64	0.046661027312474346
1370	65-69	0.04269906852395877
1370	70-74	0.0653324135130049
1370	75-79	0.04895386364575671
1370	80-84	0.04123054940438209
1370	85-89	0.08630383247678708
1370	90-94	0.08747334655299
1370	95-99	0.07542645593431985
1370	100-104	0.09173781008548332
1370	105-109	0.10644136521855785
1370	110-114	0.08204123241850425
1370	115-119	0.07922267322319954
1370	120-124	0.11907147527003303
1370	125-129	0.14823619732878512
1370	130-134	0.16018389259683374
1370	135-139	0.176336812098981
1370	140-144	0.18803905094682705
1370	145-149	0.18006239853189498
1370	150	0.289037965616572
1371	1	0.002195146326904762
1371	2	-0.05001148174058301
1371	3	-0.012325941186617229
1371	4	0.009482851286414018
1371	5	-0.03196694571641956
1371	6	-0.04814970518837214
1371	7	-0.04823627441393796
1371	8	-0.04238588641086238
1371	9	0.012888574264131591
1371	10-14	-0.04017887305278833
1371	15-19	-0.015014239612540337
1371	20-24	-0.011977453934370885
1371	25-29	-0.03246664640422381
1371	30-34	-0.02085703062297739
1371	35-39	-0.04505820461474741
1371	40-44	-0.027983041591028268
1371	45-49	-0.04861708169858048
1371	50-54	0.01275832835779056
1371	55-59	0.003916033191714519
1371	60-64	-0.06393682533927603
1371	65-69	-0.044821820793600864
1371	70-74	-0.023537050273901627
1371	75-79	-0.012169040703582823
1371	80-84	-0.005422722924542711
1371	85-89	-9.335950504976154E-4
1371	90-94	0.03402108548721827
1371	95-99	0.00742739702886297
1371	100-104	-0.0022710106083962955
1371	105-109	0.005851452076079511
1371	110-114	0.0014588247853737357
1371	115-119	0.06606872304772082
1371	120-124	0.02761350998245149
1371	125-129	0.08654904105722494
1371	130-134	0.08270241284163404
1371	135-139	0.08573344206803313
1371	140-144	0.07423742892061114
1371	145-149	0.11986852577204132
1371	150	0.14394725775694184
1372	1	0.05533071138518153
1372	2	-0.03784144346858653
1372	3	0.012283632156517399
1372	4	0.08244538501880783
1372	5	0.006560109605089792
1372	6	0.06285645780364035
1372	7	-0.028045585726808042
1372	8	0.011868852547976871
1372	9	-0.00817606636950785
1372	10-14	0.017259322012378675
1372	15-19	-0.004980560278298185
1372	20-24	0.042109132827405915
1372	25-29	0.0212863625692421
1372	30-34	0.04309186196952197
1372	35-39	0.01549792748435408
1372	40-44	0.047244622804747394
1372	45-49	0.03870379281018188
1372	50-54	0.048821981603474285
1372	55-59	0.06805324566062865
1372	60-64	0.056242629041591385
1372	65-69	0.03725699870803112
1372	70-74	0.03554965987542147
1372	75-79	0.03417254743846598
1372	80-84	0.06779409843866091
1372	85-89	0.09729705060688332
1372	90-94	0.08396477302370897
1372	95-99	0.06801680062180537
1372	100-104	0.076837350171715
1372	105-109	0.13006202634816333
1372	110-114	0.12714380252759128
1372	115-119	0.10364309999383892
1372	120-124	0.110533424104716
1372	125-129	0.16955203037208832
1372	130-134	0.1669373102783922
1372	135-139	0.18990064490007086
1372	140-144	0.22919760523191002
1372	145-149	0.26043986243762873
1372	150	0.31151737625097553
1373	1	-0.03801517488804507
1373	2	-0.057367652430656335
1373	3	0.024667101201373498
1373	4	0.021048240959032682
1373	5	-0.10002623119058285
1373	6	-0.05359209267159315
1373	7	-0.007479552308645054
1373	8	-0.10832500762204234
1373	9	-0.04541893316449119
1373	10-14	-0.010000074258400105
1373	15-19	-0.03732202489941727
1373	20-24	-0.00866451182376693
1373	25-29	-0.005471578733200033
1373	30-34	0.017015279019688023
1373	35-39	-0.025311131528262365
1373	40-44	-0.0255872617242332
1373	45-49	-0.012703339204414021
1373	50-54	0.01570385583476508
1373	55-59	0.028681541414123046
1373	60-64	0.03422405435811271
1373	65-69	-0.007520983688124261
1373	70-74	0.03259293862442547
1373	75-79	0.016878129759803073
1373	80-84	-0.00674567782283475
1373	85-89	0.013640127724485751
1373	90-94	0.041797620288910764
1373	95-99	0.01886487529962011
1373	100-104	0.012463952757663321
1373	105-109	0.0868283745452274
1373	110-114	0.035304754455275145
1373	115-119	0.0866794798652819
1373	120-124	0.07677806635633289
1373	125-129	0.10764679736335125
1373	130-134	0.13318930307301713
1373	135-139	0.18492007414196365
1373	140-144	0.23273062754636697
1373	145-149	0.2189044634476076
1373	150	0.19187665599946513
1374	1	0.004537349594286866
1374	2	0.016727465801103847
1374	3	0.05796307562582825
1374	4	0.07029080439262003
1374	5	0.05116711034946064
1374	6	0.08203177048456212
1374	7	0.02485986562730602
1374	8	-0.02144074062220369
1374	9	-0.004392879918860615
1374	10-14	-4.2504715788282965E-4
1374	15-19	0.013322416278683136
1374	20-24	0.032600623127628126
1374	25-29	-0.007198570851080888
1374	30-34	0.05159563435802994
1374	35-39	0.012476042117178565
1374	40-44	0.001043041250390786
1374	45-49	0.008786270731825141
1374	50-54	0.023201375448188344
1374	55-59	0.02399935242704032
1374	60-64	0.019690504833064892
1374	65-69	0.01543278925546332
1374	70-74	0.04991627998073511
1374	75-79	0.033252493586580556
1374	80-84	0.045015580376222886
1374	85-89	0.02694074139049718
1374	90-94	0.05887710289863435
1374	95-99	0.09629574600716495
1374	100-104	0.10138323914127056
1374	105-109	0.13605031402379808
1374	110-114	0.1330157251132178
1374	115-119	0.1625510601471305
1374	120-124	0.14112227970632318
1374	125-129	0.14624841053327486
1374	130-134	0.1909757877221807
1374	135-139	0.21037228536065555
1374	140-144	0.25875465973626177
1374	145-149	0.27383657434845077
1374	150	0.2389913692851522
1375	1	-0.06946451417913835
1375	2	0.01981633495773849
1375	3	-0.054865975190899974
1375	4	0.02665399509872657
1375	5	0.03426828133564186
1375	6	-0.05068184662330566
1375	7	0.05491124657704205
1375	8	-0.07588049865539404
1375	9	0.035561705056259996
1375	10-14	-0.02334788786305353
1375	15-19	-0.011269680952025851
1375	20-24	-0.021633102384321035
1375	25-29	-0.0075584687366543335
1375	30-34	-0.0299304399709186
1375	35-39	-0.02367223655163997
1375	40-44	0.002876615070618982
1375	45-49	-0.04248858728840332
1375	50-54	0.03055948818104781
1375	55-59	-0.02838771122799244
1375	60-64	-0.015901694142094414
1375	65-69	-0.024960776795182937
1375	70-74	0.05289216654490758
1375	75-79	-0.010891326825195335
1375	80-84	0.028514294696286413
1375	85-89	0.03605635083977887
1375	90-94	0.03244509594301803
1375	95-99	0.01575613041622148
1375	100-104	0.05833775012042253
1375	105-109	0.12050510248782587
1375	110-114	0.041729397718057726
1375	115-119	0.10865077896245623
1375	120-124	0.029717882495972958
1375	125-129	0.06838115929847532
1375	130-134	0.109389776659782
1375	135-139	0.13589788796532076
1375	140-144	0.21903713934113256
1375	145-149	0.23790246775725876
1375	150	0.182727841897389
1376	1	0.024776186455461868
1376	2	-0.03004750065471029
1376	3	0.050325955222753294
1376	4	0.04644134703252689
1376	5	0.0013117838983873753
1376	6	9.633961295918425E-5
1376	7	-0.013150142861427128
1376	8	0.0327379061096309
1376	9	0.08018250093311963
1376	10-14	0.010456594362068472
1376	15-19	-0.020573866021855736
1376	20-24	0.00917389092429488
1376	25-29	-0.020131153890055486
1376	30-34	-0.02126009371045967
1376	35-39	-0.013885737595664693
1376	40-44	-0.025510556420222485
1376	45-49	-0.03424306559536916
1376	50-54	-0.007263975921411259
1376	55-59	0.035553725949498016
1376	60-64	-0.02284313062610721
1376	65-69	-0.03891202668510374
1376	70-74	0.02657516530983628
1376	75-79	0.005532379855829106
1376	80-84	0.01878348201647384
1376	85-89	-2.5928927236407162E-5
1376	90-94	0.05062628369037725
1376	95-99	0.05042163481391526
1376	100-104	0.047748966570829054
1376	105-109	0.09484822287489436
1376	110-114	0.07600918970242532
1376	115-119	0.11764532614564871
1376	120-124	0.12108214078320856
1376	125-129	0.15445445852655837
1376	130-134	0.1507492846233376
1376	135-139	0.1341570503688274
1376	140-144	0.22963091593167206
1376	145-149	0.2150015387049038
1376	150	0.17519181745367973
1377	1	-0.08122362912082792
1377	2	-0.06881177603211341
1377	3	-0.06696282848318447
1377	4	0.0563036105744672
1377	5	-0.08186690186766299
1377	6	-0.07863316766449913
1377	7	-0.005699587338618528
1377	8	-0.057709229808146745
1377	9	-0.056525426915833066
1377	10-14	-0.07502780505564033
1377	15-19	-0.05969612740659613
1377	20-24	-0.02490932589810768
1377	25-29	-0.0340246924935812
1377	30-34	-0.0699248040484477
1377	35-39	-0.03977685562353628
1377	40-44	-0.0407376604226215
1377	45-49	-0.06200188227443704
1377	50-54	-0.08331394929820846
1377	55-59	-0.0535298221053111
1377	60-64	-0.05396406916774765
1377	65-69	-0.04890649339427
1377	70-74	-0.02138751781053827
1377	75-79	-0.031176736140821504
1377	80-84	-0.011615340917479955
1377	85-89	-0.006336604515560396
1377	90-94	-0.004268111132965657
1377	95-99	-0.03662142893334419
1377	100-104	-0.029759623302432203
1377	105-109	0.019617062941925667
1377	110-114	-0.022594249886672912
1377	115-119	0.02910789714544393
1377	120-124	0.032028951351371404
1377	125-129	0.06175826911332649
1377	130-134	0.07868693202247101
1377	135-139	0.09453530327817816
1377	140-144	0.14148894885634888
1377	145-149	0.14017950729341067
1377	150	0.1663423194287006
1378	1	0.03606797295958586
1378	2	0.055702327759838965
1378	3	0.017702250284358456
1378	4	0.041765303084858374
1378	5	-0.003586231702264797
1378	6	0.021624185480199287
1378	7	0.009146773502919814
1378	8	-0.03193550958471292
1378	9	-0.0017573815172298168
1378	10-14	-0.02538181844528964
1378	15-19	-0.030988830451924798
1378	20-24	-0.0341550438296494
1378	25-29	0.011251007759788934
1378	30-34	-0.00472592914094605
1378	35-39	-0.05456551556954281
1378	40-44	-0.046001059301772784
1378	45-49	-0.0015490242405604704
1378	50-54	0.016371238859989035
1378	55-59	0.011566556728112687
1378	60-64	0.02524375970082815
1378	65-69	-0.025978501067122295
1378	70-74	-0.03227748636625449
1378	75-79	0.022544123926600435
1378	80-84	0.03050889627277087
1378	85-89	-0.004232972646128985
1378	90-94	-0.0049302932071384475
1378	95-99	0.03630519093596973
1378	100-104	0.05495269569460248
1378	105-109	0.11017992750825556
1378	110-114	0.06623426623498574
1378	115-119	0.08047644520961228
1378	120-124	0.1094617885700302
1378	125-129	0.11545866917902714
1378	130-134	0.16659043462714607
1378	135-139	0.15043513046382628
1378	140-144	0.23719334035236983
1378	145-149	0.28486861445307454
1378	150	0.26265818125841633
1379	1	-0.03018275049903707
1379	2	0.045164857153189075
1379	3	-0.05724305806371177
1379	4	0.04344905065513416
1379	5	-0.026784910730519584
1379	6	0.014552036180184302
1379	7	-0.017020360909320686
1379	8	-0.033471152889582356
1379	9	-0.03132795649848674
1379	10-14	0.01205862134475666
1379	15-19	-0.023508541286879847
1379	20-24	0.003961261016705464
1379	25-29	0.008427790107027988
1379	30-34	0.029170063899286447
1379	35-39	0.011238187810597822
1379	40-44	0.00346389982054518
1379	45-49	0.017201703768115806
1379	50-54	0.026602672818683004
1379	55-59	0.045910320605784705
1379	60-64	0.044420554788231925
1379	65-69	0.05378417720399398
1379	70-74	0.06368684302854888
1379	75-79	0.0650993251846046
1379	80-84	0.07278790923859191
1379	85-89	0.08702532665280671
1379	90-94	0.11337407448092307
1379	95-99	0.05824546146399712
1379	100-104	0.12354521831746723
1379	105-109	0.16773492856385985
1379	110-114	0.1457368179053944
1379	115-119	0.17453320986624732
1379	120-124	0.1363941511037865
1379	125-129	0.16209517808620433
1379	130-134	0.19614303689415635
1379	135-139	0.1990790777996736
1379	140-144	0.24982183388401324
1379	145-149	0.27697240483024643
1379	150	0.2625062094469115
1380	1	-0.054235219175716054
1380	2	-0.04726100932700206
1380	3	-0.08292894575900078
1380	4	-0.0020934381661561474
1380	5	-0.06497880969789804
1380	6	-0.10270101157881584
1380	7	-0.06966096423747103
1380	8	0.00557056226178787
1380	9	-0.003794900008763591
1380	10-14	-0.07933693645991013
1380	15-19	-0.08457563577748317
1380	20-24	-0.048943163985974536
1380	25-29	-0.030145737730485678
1380	30-34	-0.056076914988025806
1380	35-39	-0.0455065965790169
1380	40-44	-0.08945740272540803
1380	45-49	-0.05871035320216578
1380	50-54	-0.01283544679499471
1380	55-59	-0.035095445656466495
1380	60-64	-0.05176753945352175
1380	65-69	-0.03207918884173466
1380	70-74	-0.039784082599510384
1380	75-79	-0.015066549275573493
1380	80-84	-0.027680092709594817
1380	85-89	-0.0035055930342835495
1380	90-94	0.02135680025513409
1380	95-99	0.03546865608357308
1380	100-104	0.07031584731412721
1380	105-109	0.11769880543101152
1380	110-114	0.026465879579795626
1380	115-119	0.0753858918988044
1380	120-124	0.08132636983341257
1380	125-129	0.06009916066739862
1380	130-134	0.10439319897325561
1380	135-139	0.09955291876613614
1380	140-144	0.1448413830098474
1380	145-149	0.1942337477025049
1380	150	0.17143420740047333
1381	1	0.01154550211300176
1381	2	0.06098807449833288
1381	3	-0.04984956598962498
1381	4	0.05365721909706167
1381	5	-0.007409574987789824
1381	6	-0.007652279762865533
1381	7	0.025179123516984703
1381	8	0.03768246709255152
1381	9	0.07186783753903825
1381	10-14	-0.018918711848719738
1381	15-19	-0.0021274903684087576
1381	20-24	0.0363349661225385
1381	25-29	-0.007820409994053534
1381	30-34	-2.3797994036556247E-4
1381	35-39	-0.019066229530729117
1381	40-44	-0.0028316936454615416
1381	45-49	-0.025894154159857408
1381	50-54	-0.015757014531324387
1381	55-59	-0.011723316922385152
1381	60-64	0.02863548099634272
1381	65-69	0.03638181675378149
1381	70-74	0.030168831324836276
1381	75-79	0.0065108273730842825
1381	80-84	0.01623913793780929
1381	85-89	-0.019626273310322517
1381	90-94	0.028469703547585823
1381	95-99	0.04320005474246358
1381	100-104	0.016257892466626345
1381	105-109	0.07012589362754085
1381	110-114	0.11667778757809799
1381	115-119	0.07916765158766026
1381	120-124	0.08617434887811726
1381	125-129	0.08392727652200449
1381	130-134	0.16078300943080848
1381	135-139	0.12264162210182405
1381	140-144	0.1590300055045688
1381	145-149	0.1868372812928243
1381	150	0.25474240704323137
1382	1	0.06658666051734485
1382	2	0.009864300720444419
1382	3	0.029124930818881012
1382	4	0.005192161929173267
1382	5	0.022696870317936657
1382	6	0.003345048502367831
1382	7	-0.018791543452572057
1382	8	-0.09312787953260226
1382	9	-0.03473391344263632
1382	10-14	-0.00863514231829754
1382	15-19	-0.007070068934119433
1382	20-24	0.009765843526871265
1382	25-29	-0.038634247076551276
1382	30-34	-0.009831382589410964
1382	35-39	-0.020173250250287822
1382	40-44	0.003404332444965519
1382	45-49	-0.011961794675492854
1382	50-54	-0.020879652944159943
1382	55-59	-0.029172795394629247
1382	60-64	-0.007062506442323979
1382	65-69	-0.01358653605392135
1382	70-74	-5.373814277476185E-4
1382	75-79	0.013327827014599336
1382	80-84	-0.0400940809039767
1382	85-89	-0.04083099500092402
1382	90-94	0.010706936631343922
1382	95-99	-0.025165839327947026
1382	100-104	0.03483512975029868
1382	105-109	0.044235977649790925
1382	110-114	0.023289225431639693
1382	115-119	0.036713366630593214
1382	120-124	0.051058858512625704
1382	125-129	0.05896916485261272
1382	130-134	0.07687580284154905
1382	135-139	0.11580363423792761
1382	140-144	0.18412226670584175
1382	145-149	0.2138300226195753
1382	150	0.1906984268258256
1383	1	-0.027459071132113877
1383	2	0.020567039742061866
1383	3	-0.009460814442462606
1383	4	-0.012767569196505235
1383	5	-0.09422346680121052
1383	6	0.0210590922346654
1383	7	-0.05165582837646099
1383	8	-0.040451069744989354
1383	9	-0.01662883797608572
1383	10-14	-0.04688058772144643
1383	15-19	-0.042715837855510586
1383	20-24	-0.004834330568606049
1383	25-29	-0.0038313366889966005
1383	30-34	-0.03826356629772931
1383	35-39	-0.011051182926912873
1383	40-44	-0.00722321572049367
1383	45-49	-0.02019599062306554
1383	50-54	-0.009341958053987298
1383	55-59	0.00988493770561405
1383	60-64	0.036191923187857356
1383	65-69	0.017999666065819042
1383	70-74	0.013617944245098101
1383	75-79	0.021196282067514005
1383	80-84	-0.023865761350585046
1383	85-89	-0.01850757155015259
1383	90-94	0.014638639695277789
1383	95-99	0.018820095198755382
1383	100-104	0.0626995000264472
1383	105-109	0.12159623095794103
1383	110-114	0.04629122671807551
1383	115-119	0.10929834201751021
1383	120-124	0.03031659201147363
1383	125-129	0.09284859565620707
1383	130-134	0.13063236626357622
1383	135-139	0.12959853367406282
1383	140-144	0.17219914357945498
1383	145-149	0.1812718388854364
1383	150	0.11809072549943522
1384	1	-0.004615113169982976
1384	2	0.04033989732810994
1384	3	-0.0031216271674168183
1384	4	0.03529714238890591
1384	5	-0.02975099368421752
1384	6	0.0035492678814534884
1384	7	0.059804294981276485
1384	8	-0.019238286912212743
1384	9	0.018954713906119025
1384	10-14	-0.012648325712817154
1384	15-19	0.007569552862499052
1384	20-24	0.031942716477260547
1384	25-29	0.0650511914740548
1384	30-34	0.03539956391572474
1384	35-39	0.05688785342596958
1384	40-44	0.0321887472579121
1384	45-49	0.042673499669312775
1384	50-54	0.043570676910455575
1384	55-59	0.04889466230977746
1384	60-64	0.06868468745788903
1384	65-69	0.03912625659214086
1384	70-74	0.07322414815040901
1384	75-79	0.09778133146969736
1384	80-84	0.055390427585244595
1384	85-89	0.05320279490129565
1384	90-94	0.09057998668694722
1384	95-99	0.1387643955612461
1384	100-104	0.14182644616739282
1384	105-109	0.1459716549627217
1384	110-114	0.12406805885398597
1384	115-119	0.1300060151020901
1384	120-124	0.1518856687234802
1384	125-129	0.17413876319750443
1384	130-134	0.1665312678253983
1384	135-139	0.1589710222885401
1384	140-144	0.266766339758
1384	145-149	0.2643010589335404
1384	150	0.20121521373260975
1385	1	0.10581370614759322
1385	2	0.05360525462500476
1385	3	-0.007218530274336388
1385	4	0.07873703933586285
1385	5	0.004224701730407787
1385	6	-0.013637894047377586
1385	7	0.007079307053331263
1385	8	-0.02276203625487483
1385	9	0.02502068677015501
1385	10-14	-0.04667663664299937
1385	15-19	-0.02686288878687293
1385	20-24	-0.0019089484627770048
1385	25-29	0.013263940419811604
1385	30-34	-0.019912353527196558
1385	35-39	-0.01447139505481232
1385	40-44	-0.006948369749991912
1385	45-49	-0.050864736134741406
1385	50-54	-0.01224894013684974
1385	55-59	-0.010207234399310039
1385	60-64	-0.010308281378300421
1385	65-69	-0.025794755654722223
1385	70-74	-0.030652062099584043
1385	75-79	-0.006038480449895189
1385	80-84	-0.04205144387643145
1385	85-89	-0.038889316640165816
1385	90-94	0.010340007205854818
1385	95-99	-0.03138718928055795
1385	100-104	0.025015588342483852
1385	105-109	0.04978074890693307
1385	110-114	0.021489010203261216
1385	115-119	0.06254094524180687
1385	120-124	0.0186610053438514
1385	125-129	0.05034454259348564
1385	130-134	0.0942265448950863
1385	135-139	0.10089380987918872
1385	140-144	0.15638603790657157
1385	145-149	0.16437387811928517
1385	150	0.21440376842509323
1386	1	0.0397387000327214
1386	2	-0.03250419703889662
1386	3	-0.005474437212122041
1386	4	-0.03537010478542868
1386	5	-0.061925546570250845
1386	6	-0.007752186754217405
1386	7	-0.02167748197194186
1386	8	-0.039609466686556516
1386	9	-0.07897019748300238
1386	10-14	-0.05493939599412556
1386	15-19	-0.04517562322341462
1386	20-24	-0.017115059029784163
1386	25-29	-0.008937023541236044
1386	30-34	-0.03844419182180303
1386	35-39	-0.01958901948217573
1386	40-44	-0.01000664675883911
1386	45-49	-0.013340036456966686
1386	50-54	0.010465704884879301
1386	55-59	-0.023929629163909283
1386	60-64	0.021355410322904333
1386	65-69	-0.015932689548797896
1386	70-74	-0.011950472348353003
1386	75-79	-7.754166915319161E-4
1386	80-84	0.020818106428706074
1386	85-89	0.01862317496407684
1386	90-94	0.019284014623735857
1386	95-99	0.029409537048678658
1386	100-104	0.02929894914277753
1386	105-109	0.10987240625620842
1386	110-114	0.09126663689309567
1386	115-119	0.08871794439330927
1386	120-124	0.06959063786351294
1386	125-129	0.13498310198879437
1386	130-134	0.12140803300579961
1386	135-139	0.14817446222085096
1386	140-144	0.2263555032752933
1386	145-149	0.22076943357146916
1386	150	0.11216980654693742
1387	1	-0.039692824246962743
1387	2	-0.1378009642936533
1387	3	-0.052890406997001094
1387	4	-0.08064507657157804
1387	5	-0.12030863861041041
1387	6	-0.11432906606848547
1387	7	-0.13200815092194063
1387	8	-0.08551084298817102
1387	9	-0.0661358611015217
1387	10-14	-0.09260117042375526
1387	15-19	-0.08282981541071166
1387	20-24	-0.07708025433469601
1387	25-29	-0.04919544931527042
1387	30-34	-0.08193784678056204
1387	35-39	-0.07567869190292953
1387	40-44	-0.09054030329202334
1387	45-49	-0.09028401716374646
1387	50-54	-0.10692815901160913
1387	55-59	-0.09155968309724472
1387	60-64	-0.07318493753911781
1387	65-69	-0.0701867405197305
1387	70-74	-0.12078686567393504
1387	75-79	-0.06313142980823017
1387	80-84	-0.11969840252722008
1387	85-89	-0.07779704728199732
1387	90-94	-0.0694131257202315
1387	95-99	-0.03675872085027976
1387	100-104	-0.07815502402321073
1387	105-109	-0.022325617682753318
1387	110-114	-0.04555632299462076
1387	115-119	-0.012354261769949915
1387	120-124	-0.030576162772533166
1387	125-129	0.009312756842859926
1387	130-134	0.0025585640801324416
1387	135-139	0.03941259862741475
1387	140-144	0.07047470481997209
1387	145-149	0.14985858743756353
1387	150	0.11451462078446184
1388	1	0.02540891607746687
1388	2	-0.035971331261855255
1388	3	-0.031238979200161054
1388	4	-0.04744240824878432
1388	5	-0.04070272616505122
1388	6	-0.049010254199082226
1388	7	-0.06374772785533622
1388	8	-0.057495309301728525
1388	9	0.03466650418472739
1388	10-14	-0.04782058278189538
1388	15-19	-0.05278742869039377
1388	20-24	-0.02371881684958055
1388	25-29	0.006529477156114183
1388	30-34	-0.04272928729943004
1388	35-39	-0.016463990230711545
1388	40-44	-0.03164011027923408
1388	45-49	-0.0074709776760499835
1388	50-54	-0.00952551924656575
1388	55-59	-0.0017869447507905534
1388	60-64	-0.029374507986631215
1388	65-69	0.010463391091576568
1388	70-74	-0.012393216697176968
1388	75-79	0.01370331928477242
1388	80-84	-0.02054320179935587
1388	85-89	0.006783619801034035
1388	90-94	0.04765059417298545
1388	95-99	0.02667031983294521
1388	100-104	0.060380362752468386
1388	105-109	0.0847713089051112
1388	110-114	0.055807522350775685
1388	115-119	0.08038570455011751
1388	120-124	0.06782686171097652
1388	125-129	0.05136093890660476
1388	130-134	0.13653948640896374
1388	135-139	0.1352253643832384
1388	140-144	0.16602181468448407
1388	145-149	0.1804670640697239
1388	150	0.17924944017480726
1401	1	-0.13159708532779035
1401	2	-0.08447965363010468
1401	3	-0.12986398970344482
1401	4	-0.040423652313862135
1401	5	-0.014741490900149756
1401	6	-0.06908019178771951
1401	7	-0.12649537579657988
1401	8	-0.1320372982072513
1401	9	-0.051800894665227304
1401	10-14	-0.05584553407526016
1401	15-19	-0.0658103967823962
1401	20-24	-0.09416600842863687
1401	25-29	-0.052711581647535866
1401	30-34	-0.06659781595676151
1401	35-39	-0.07196360789598799
1401	40-44	-0.042405897059040853
1401	45-49	-0.0950024205280755
1401	50-54	-0.08734353394304151
1401	55-59	-0.09731818521689917
1401	60-64	-0.03170435548340578
1401	65-69	-0.06934577584640067
1401	70-74	-0.040307608655467675
1401	75-79	-0.023967062107281834
1401	80-84	-0.10780250786258705
1401	85-89	-0.10604677446903565
1401	90-94	-0.037024436373144454
1401	95-99	-0.06431685064616488
1401	100-104	-0.0966243255536341
1401	105-109	-0.06755769832867742
1401	110-114	-0.07322048009110205
1401	115-119	-0.04226443072018071
1401	120-124	-0.11801250831464216
1401	125-129	-0.04857527940998807
1401	130-134	-0.05805241231133351
1401	135-139	-0.0598207220843463
1401	140-144	0.003933842461954384
1401	145-149	0.0017902765005644028
1401	150	-0.06404139111032237
1402	1	-0.055306027330509266
1402	2	-0.08542943011791237
1402	3	-0.05669662021884392
1402	4	0.003096758821747869
1402	5	-0.05890452008894442
1402	6	-0.02216644995417738
1402	7	-0.1029198648173022
1402	8	-0.08339106160091347
1402	9	-0.09229589049424192
1402	10-14	-0.057613302244206466
1402	15-19	-0.07799197605405794
1402	20-24	-0.11727206961448644
1402	25-29	-0.04989805661793412
1402	30-34	-0.06388190189802145
1402	35-39	-0.06834741006009182
1402	40-44	-0.08076343503721262
1402	45-49	-0.05771763486659154
1402	50-54	-0.06655908197625138
1402	55-59	-0.08478437178386145
1402	60-64	-0.08036564856950434
1402	65-69	-0.10386980287996295
1402	70-74	-0.0785007373716553
1402	75-79	-0.0312273278853894
1402	80-84	-0.045473298557375585
1402	85-89	-0.06601827961252127
1402	90-94	-0.011791519347305268
1402	95-99	-0.018485144917256946
1402	100-104	-0.04321926673261345
1402	105-109	-0.07120615201727531
1402	110-114	-0.04157579552045121
1402	115-119	0.01673968935118353
1402	120-124	-0.08254656415075345
1402	125-129	0.023090428004813646
1402	130-134	-0.012135084567852061
1402	135-139	-0.04833792590862629
1402	140-144	-0.03364245788920073
1402	145-149	0.009795769304297153
1402	150	-0.11108661162293032
1403	1	0.005969869776805581
1403	2	-0.0065877325140917264
1403	3	-0.029049911387154737
1403	4	-0.013027903926086992
1403	5	-0.028860969678618176
1403	6	-0.006139517686726492
1403	7	-0.02014276687533112
1403	8	-0.04423821341967482
1403	9	-0.024215624741607655
1403	10-14	-0.022144948877780735
1403	15-19	-0.01871514075887859
1403	20-24	-0.001134898107892468
1403	25-29	-0.030727879380386014
1403	30-34	-0.01714251938012268
1403	35-39	-0.007477450336317304
1403	40-44	0.026875789583144183
1403	45-49	-0.0036057966602314195
1403	50-54	0.0049765597233744074
1403	55-59	0.026109742037426997
1403	60-64	0.027402860045413036
1403	65-69	0.06413935296203022
1403	70-74	0.022800625365078986
1403	75-79	0.03388341671751505
1403	80-84	0.04934341470405457
1403	85-89	0.024610976560722975
1403	90-94	0.0399950390165813
1403	95-99	0.05413709384851728
1403	100-104	0.03856470632273101
1403	105-109	0.028129113602595623
1403	110-114	0.03880547590296857
1403	115-119	0.1023237874198486
1403	120-124	0.02684095292499933
1403	125-129	0.07166434594920901
1403	130-134	0.06387329561968613
1403	135-139	0.09199302948140087
1403	140-144	0.09649772747933838
1403	145-149	0.13005630056817807
1403	150	0.07509614288992594
1404	1	-0.07199740027791535
1404	2	-0.06194578058426714
1404	3	-0.027179797596168953
1404	4	-0.03034008417424161
1404	5	-0.04798357599539571
1404	6	-0.10695013177167567
1404	7	-0.0995581950674378
1404	8	-0.024287653125547592
1404	9	-0.07261243992655153
1404	10-14	-0.025971614026666145
1404	15-19	-0.07045304319954937
1404	20-24	-0.06548214860818291
1404	25-29	-0.0805526563264678
1404	30-34	-0.039476325160052284
1404	35-39	-0.04999401383153668
1404	40-44	-0.006634067143785671
1404	45-49	-0.02485093492776258
1404	50-54	-0.040890044185914576
1404	55-59	-0.03509530313430531
1404	60-64	-0.004895847526583452
1404	65-69	0.010583752295538318
1404	70-74	-0.015232537498903298
1404	75-79	0.0075095317283171426
1404	80-84	-0.003934759865110493
1404	85-89	-0.004642670496146195
1404	90-94	5.075178007842851E-4
1404	95-99	-0.016697627376622393
1404	100-104	-0.012977383845075963
1404	105-109	-0.01916319855176596
1404	110-114	0.026582819016077508
1404	115-119	-0.004403146792760992
1404	120-124	0.02409983690954931
1404	125-129	0.03647867723933729
1404	130-134	0.050281024765567395
1404	135-139	-0.0046355582455746
1404	140-144	0.013354459952935827
1404	145-149	0.06065851862484095
1404	150	0.014619385380370886
1405	1	-0.1195843188841792
1405	2	-0.013594534423809534
1405	3	-0.023650299191423585
1405	4	-0.02194689100041103
1405	5	-0.10408835315843135
1405	6	0.012483095596081739
1405	7	-0.08796250945235329
1405	8	-0.04506970939680599
1405	9	-0.02710626598175736
1405	10-14	-0.05068894489750164
1405	15-19	-0.05391621625121701
1405	20-24	-0.05808657933142314
1405	25-29	-0.05605545130990919
1405	30-34	-0.057640973956246455
1405	35-39	-0.03428212034487643
1405	40-44	-0.031025126084756494
1405	45-49	-0.024067498432621903
1405	50-54	-0.019516790012694685
1405	55-59	-0.03638552968114084
1405	60-64	0.018545979586590988
1405	65-69	-0.06239661435063937
1405	70-74	-0.03469152824357735
1405	75-79	-0.02873657939763774
1405	80-84	-0.004441255100033459
1405	85-89	-0.011800027811439406
1405	90-94	0.04172431210506744
1405	95-99	0.0656183834851447
1405	100-104	0.03884584738057839
1405	105-109	0.027365773033430685
1405	110-114	-0.014549218471145764
1405	115-119	0.03904438773268737
1405	120-124	0.047763300060935876
1405	125-129	0.04033432724055075
1405	130-134	0.07849706072887841
1405	135-139	0.023746634050539228
1405	140-144	0.11329377582878664
1405	145-149	0.09963445267060678
1405	150	-0.09450518205120773
1406	1	-0.01801413522095885
1406	2	-0.08001161346279417
1406	3	-0.03421269185040643
1406	4	0.06605208997710577
1406	5	7.003397990814619E-4
1406	6	0.051085094841837986
1406	7	-0.0073598366564127105
1406	8	0.004737248898408097
1406	9	-0.03235992116320574
1406	10-14	-0.0035040850879823893
1406	15-19	-0.00958759092414141
1406	20-24	-0.015402655800137666
1406	25-29	-0.05650797169941768
1406	30-34	0.004272891828009051
1406	35-39	-0.019914809368344777
1406	40-44	-0.009005507123795553
1406	45-49	-0.021458318919655994
1406	50-54	-0.00856746838257294
1406	55-59	-0.019274902929169002
1406	60-64	-0.02841349578836372
1406	65-69	-0.001187137586555309
1406	70-74	0.014144507947420948
1406	75-79	-0.004060350959754544
1406	80-84	-0.002866227577001723
1406	85-89	-0.009804140139706874
1406	90-94	-0.014160530624103274
1406	95-99	0.07538484904507214
1406	100-104	0.021812347922583797
1406	105-109	-0.03724856271394117
1406	110-114	0.028947948052056915
1406	115-119	0.04986898903229786
1406	120-124	0.07818104854309382
1406	125-129	0.08647461653374222
1406	130-134	0.10611443010955668
1406	135-139	0.07027868409522142
1406	140-144	0.10988470111713866
1406	145-149	0.13067105558112502
1406	150	0.08065217091590426
1407	1	-0.07467030432130883
1407	2	-0.057503073149057116
1407	3	-0.07614579960453938
1407	4	-0.056086741377448845
1407	5	-0.06405091141061803
1407	6	-0.016144910869691387
1407	7	-0.062062220009735825
1407	8	-0.012105704651652616
1407	9	-0.043287615776215205
1407	10-14	-0.012837085364303391
1407	15-19	-0.04086611805004026
1407	20-24	-0.04859517547470915
1407	25-29	-0.04685593849910674
1407	30-34	-0.014402092340631611
1407	35-39	-0.0861520953661028
1407	40-44	-0.0326747185655023
1407	45-49	-0.006339930235490954
1407	50-54	-0.050193818811486324
1407	55-59	-0.04553595390733989
1407	60-64	-0.029015373942911538
1407	65-69	-0.0304775603464833
1407	70-74	-0.010026302788951114
1407	75-79	-0.009971033679001096
1407	80-84	4.32773270055975E-4
1407	85-89	-0.020677788354205973
1407	90-94	0.042877785824558146
1407	95-99	0.09898189009518887
1407	100-104	-0.003225013971658086
1407	105-109	0.03932370423644471
1407	110-114	0.044660220075464
1407	115-119	0.021456343935589928
1407	120-124	0.021031745246631317
1407	125-129	0.09426998350811999
1407	130-134	0.11401419996619921
1407	135-139	0.054333887149361715
1407	140-144	0.10026168077600062
1407	145-149	0.13889312622742978
1407	150	0.09106599063547094
1408	1	-0.06342771097041577
1408	2	-0.04069640624972237
1408	3	-0.04085749402000971
1408	4	-0.05015198134578469
1408	5	-0.039221007840872346
1408	6	0.028848973046969206
1408	7	0.030629622274673807
1408	8	0.013005046005524434
1408	9	-0.05918181895467711
1408	10-14	-0.04851023246636288
1408	15-19	-0.04690046276788706
1408	20-24	-0.06620752207546587
1408	25-29	-0.0664048570246365
1408	30-34	-0.046307381274182546
1408	35-39	-0.018323984990701092
1408	40-44	-0.03158531691597233
1408	45-49	-0.016317024539510783
1408	50-54	-0.039358261876976997
1408	55-59	-0.06559461202835593
1408	60-64	-0.05835341230244495
1408	65-69	-0.0726800032836934
1408	70-74	-0.031239692549952736
1408	75-79	-0.06528985176774427
1408	80-84	-0.041741651957288184
1408	85-89	-0.05522542750583881
1408	90-94	-0.002697745749060232
1408	95-99	-0.015216017383885116
1408	100-104	-0.0077446482041168
1408	105-109	-0.028184090625437364
1408	110-114	-0.017127637499790183
1408	115-119	0.03492712484459304
1408	120-124	0.04158115182849542
1408	125-129	0.015392943065108966
1408	130-134	0.07920913896889914
1408	135-139	0.07895835999767797
1408	140-144	0.09767619432734875
1408	145-149	0.11777430232805841
1408	150	0.035891262755953335
1409	1	-0.02603046190806424
1409	2	-0.02460716536002394
1409	3	-0.05362264258449301
1409	4	-0.07020971189653835
1409	5	0.031017623323002397
1409	6	0.031333122309575856
1409	7	-0.06886710266591223
1409	8	-0.04781932741088468
1409	9	-0.04777324766831015
1409	10-14	-0.05860865663485981
1409	15-19	-0.07134024322625976
1409	20-24	-0.04499444039014833
1409	25-29	-0.02388574698620971
1409	30-34	-0.02913981718183578
1409	35-39	-0.05449781659958575
1409	40-44	-0.018060818129484346
1409	45-49	-0.08085426886138691
1409	50-54	-0.043098702232015285
1409	55-59	-0.02911578952880234
1409	60-64	-0.0324987269855086
1409	65-69	-0.04460751919178563
1409	70-74	-0.0036430127504871734
1409	75-79	-0.047826906002278236
1409	80-84	-0.06541658680673379
1409	85-89	-0.06840827481814671
1409	90-94	-0.03068395658355172
1409	95-99	0.014051451239211588
1409	100-104	-0.015200821259831798
1409	105-109	0.0037456986829056405
1409	110-114	-0.014930438716227457
1409	115-119	-0.013421955455221735
1409	120-124	4.4828552286446666E-4
1409	125-129	0.0020852252659864234
1409	130-134	0.07223842259679714
1409	135-139	0.03506357759926715
1409	140-144	0.10866295920293112
1409	145-149	0.03921611792988955
1409	150	0.03128741138402802
1410	1	-0.07768749999360836
1410	2	-0.014478565771291585
1410	3	0.029934558623132546
1410	4	-0.02178356236771606
1410	5	-0.039400777845784773
1410	6	-0.047620631393940016
1410	7	-0.17281016134314342
1410	8	-0.046478933036532055
1410	9	-0.08331962592515652
1410	10-14	-0.059437891125348585
1410	15-19	-0.03326242746248198
1410	20-24	-0.030324680054128805
1410	25-29	-0.033375274421366896
1410	30-34	-0.024529202970569486
1410	35-39	-0.003162619922392196
1410	40-44	-0.012087086434860339
1410	45-49	0.011970952273109958
1410	50-54	-0.020991538680171118
1410	55-59	-0.03014405301608747
1410	60-64	-0.0353140688264304
1410	65-69	-0.028527434052286083
1410	70-74	0.03903903322944302
1410	75-79	0.011078779397870164
1410	80-84	0.045324325967591506
1410	85-89	0.030828116204247635
1410	90-94	0.05241636092847557
1410	95-99	0.05523673165436804
1410	100-104	0.040546400907359725
1410	105-109	0.061780543555492784
1410	110-114	0.06094909113799929
1410	115-119	0.0841814047275733
1410	120-124	0.11022626680578185
1410	125-129	0.06919950538249253
1410	130-134	0.10346829069269603
1410	135-139	0.07306984859032184
1410	140-144	0.1242564420489316
1410	145-149	0.15596874839270214
1410	150	0.07799501878251647
1411	1	-0.07619767883662121
1411	2	-0.09872945442747039
1411	3	-0.05546328432310332
1411	4	-0.0736627404019572
1411	5	-0.03271701780867886
1411	6	-0.056232413169198026
1411	7	-0.16736303314736745
1411	8	-0.08408742949340109
1411	9	-0.08636422288462597
1411	10-14	-0.05943828036667753
1411	15-19	-0.07760642872460011
1411	20-24	-0.08483368192868568
1411	25-29	-0.05989366528314832
1411	30-34	-0.07731784335185665
1411	35-39	-0.07853440924407096
1411	40-44	-0.05605786608887087
1411	45-49	-0.08505976896309164
1411	50-54	-0.10752083316446459
1411	55-59	-0.07014174919402194
1411	60-64	-0.04787036133204481
1411	65-69	-0.041766966714561704
1411	70-74	-0.06877181154464296
1411	75-79	-0.03812558093206775
1411	80-84	-0.04503087011819673
1411	85-89	-0.08223811892354149
1411	90-94	-0.04758731253649273
1411	95-99	-0.040416209106389545
1411	100-104	-0.057928624578821086
1411	105-109	-0.04085595820624377
1411	110-114	0.0121393606888347
1411	115-119	-0.057048775438850896
1411	120-124	0.018411768515335325
1411	125-129	0.027448727112712845
1411	130-134	0.008241544851102844
1411	135-139	0.03474318973199786
1411	140-144	-0.02120364788283524
1411	145-149	0.09048794595712195
1411	150	-0.01643541229859835
1412	1	-0.10478014765143939
1412	2	-0.05289877362131534
1412	3	0.019471244679536426
1412	4	-0.028091207280802166
1412	5	0.025729356897834066
1412	6	-0.011693177360072582
1412	7	-0.02338238138987947
1412	8	0.041428156028132435
1412	9	-0.013116890138967108
1412	10-14	-0.005764818846301978
1412	15-19	-0.0022078103920506464
1412	20-24	-0.029148574031367502
1412	25-29	-0.007428640469704817
1412	30-34	-0.019089417562923927
1412	35-39	-0.0021170874390961103
1412	40-44	-0.044732081226811715
1412	45-49	-0.009370007836416505
1412	50-54	-0.01353317132755194
1412	55-59	-0.0594937091514538
1412	60-64	-7.735607068966033E-4
1412	65-69	-0.017901989582355782
1412	70-74	0.01562682356855305
1412	75-79	0.051549943247870544
1412	80-84	-0.006371635113332275
1412	85-89	-0.01658255857903157
1412	90-94	-0.01835538110314161
1412	95-99	0.005116683162889046
1412	100-104	0.0030861996907134426
1412	105-109	0.009477155869980436
1412	110-114	0.05458284730913476
1412	115-119	-0.007108757953716349
1412	120-124	0.05476008707136515
1412	125-129	0.06298618039333093
1412	130-134	0.039536885680497846
1412	135-139	0.08942921088982558
1412	140-144	0.09287223785211296
1412	145-149	0.10617547873419397
1412	150	-0.012331560322685675
1413	1	-0.018905296106296987
1413	2	0.02502659164424159
1413	3	-0.007742360566318496
1413	4	-0.009119163048069368
1413	5	-0.03162123546960771
1413	6	-0.07520637895241578
1413	7	0.003631358037907262
1413	8	-0.044101181525654454
1413	9	-0.07927906226966286
1413	10-14	-0.05050929087691003
1413	15-19	-0.03896816391145563
1413	20-24	-0.030467065721040854
1413	25-29	-0.04955865444175345
1413	30-34	-0.03893730279036589
1413	35-39	-0.024732976532128248
1413	40-44	-0.011663976260727793
1413	45-49	-0.009501100173771704
1413	50-54	-0.015425465925460458
1413	55-59	-0.030397437355496493
1413	60-64	-0.01760602279570378
1413	65-69	-0.01568733501102315
1413	70-74	-0.0036144227966090625
1413	75-79	0.02234230224232192
1413	80-84	0.007740580142986175
1413	85-89	-0.009357642772059194
1413	90-94	0.008318790012054933
1413	95-99	1.5985519748085153E-4
1413	100-104	0.0013135491544247202
1413	105-109	0.06831185671941142
1413	110-114	0.07570476036870133
1413	115-119	0.05507792857579119
1413	120-124	0.023189119587279095
1413	125-129	0.06720774404698204
1413	130-134	0.08023107511174032
1413	135-139	0.08169385287225595
1413	140-144	0.10709105619486081
1413	145-149	0.103958788381604
1413	150	0.16386530690934364
1414	1	-0.0928826262474729
1414	2	-0.11855016518182993
1414	3	-0.09256161107204264
1414	4	-0.06122059527520207
1414	5	0.0011237010183435814
1414	6	-0.040999710717308346
1414	7	-0.12717471084861387
1414	8	-0.03282530954867724
1414	9	-0.0040644788921326835
1414	10-14	-0.04727277477375935
1414	15-19	-0.05231249237299096
1414	20-24	-0.06321320746273074
1414	25-29	-0.04792331794454441
1414	30-34	-0.06122634963714546
1414	35-39	-0.030228547947750428
1414	40-44	-0.030584242457891264
1414	45-49	-0.01378809133973391
1414	50-54	-0.01906157185665336
1414	55-59	-0.0552604241092709
1414	60-64	-0.012627553448687934
1414	65-69	-0.04439961297917705
1414	70-74	0.02423607463571642
1414	75-79	0.006090708896870467
1414	80-84	-0.031370120967586956
1414	85-89	-0.006425935342107891
1414	90-94	0.035882991468774605
1414	95-99	0.03169775416057519
1414	100-104	0.046517241859071135
1414	105-109	0.030094176321846078
1414	110-114	0.04141297711382208
1414	115-119	0.051211787913999274
1414	120-124	0.06099997863429962
1414	125-129	0.07452411640674939
1414	130-134	0.10055150869455076
1414	135-139	0.07127935164481158
1414	140-144	0.06294422639790298
1414	145-149	0.09849156453416441
1414	150	0.07397929016692473
1415	1	-0.015829990149448747
1415	2	-0.09424612618247608
1415	3	0.013245842463618374
1415	4	0.05804032849912488
1415	5	-0.009924116920515758
1415	6	0.00902016752634438
1415	7	-0.008740483904247753
1415	8	0.0013255852007745261
1415	9	-0.03992420511352179
1415	10-14	-0.02334929049885659
1415	15-19	0.02218392545446335
1415	20-24	-1.1636540335757672E-5
1415	25-29	-0.016299353224638935
1415	30-34	-0.004333998564021613
1415	35-39	0.03683749544237713
1415	40-44	0.060600111235828535
1415	45-49	0.03987198275692805
1415	50-54	0.023940709150764405
1415	55-59	-0.015127993879140433
1415	60-64	-0.01336327694941275
1415	65-69	-0.006989287548393008
1415	70-74	0.04474555173570138
1415	75-79	0.03396818387649603
1415	80-84	0.057806433912723776
1415	85-89	0.07237885429243818
1415	90-94	0.06312479557150397
1415	95-99	0.059677265980738525
1415	100-104	0.053863377278375424
1415	105-109	0.04008532070259463
1415	110-114	0.06358016504824349
1415	115-119	0.055808207857950265
1415	120-124	0.05782457051099499
1415	125-129	0.1117579307302492
1415	130-134	0.11298480293680058
1415	135-139	0.12400826290872402
1415	140-144	0.15147048732552548
1415	145-149	0.15973137047055985
1415	150	0.06073813111500215
1416	1	-0.036474796945313415
1416	2	-0.07004034509964896
1416	3	0.036672368207959494
1416	4	0.0172954154145728
1416	5	0.0032011201869366346
1416	6	0.0035383532628188163
1416	7	-0.023388336594891257
1416	8	-0.050385791821589976
1416	9	-0.02895852543826294
1416	10-14	-0.010222569325343045
1416	15-19	-0.005417434975626634
1416	20-24	-0.005279407454715113
1416	25-29	0.019268908188649903
1416	30-34	-8.222880309887159E-4
1416	35-39	-0.003100158097758765
1416	40-44	0.021697756659449396
1416	45-49	0.020256140496499597
1416	50-54	0.021076316863592126
1416	55-59	-0.034791591696276214
1416	60-64	0.01842617823636772
1416	65-69	0.03768975194594759
1416	70-74	0.0557056571140393
1416	75-79	0.030436444484408298
1416	80-84	0.05837244223019411
1416	85-89	0.042318842823505065
1416	90-94	0.062252924858277936
1416	95-99	0.07019911337875584
1416	100-104	0.05253722549756645
1416	105-109	0.07535171342635039
1416	110-114	0.10219248726686203
1416	115-119	0.11077322477102314
1416	120-124	0.09962598177938986
1416	125-129	0.12959035994459356
1416	130-134	0.1492088526315385
1416	135-139	0.12119179509635103
1416	140-144	0.1781224195086537
1416	145-149	0.21358505114894655
1416	150	0.11079199939502615
1417	1	-0.049224076926570604
1417	2	-0.06308867109050453
1417	3	-0.0628879640931359
1417	4	-0.10141155834747906
1417	5	-0.084430751663497
1417	6	0.003366312573817254
1417	7	-0.02906457768393267
1417	8	-0.05059914430891155
1417	9	-0.05118353850197366
1417	10-14	-0.06583838502403694
1417	15-19	-0.08047373836653549
1417	20-24	-0.08839088725067512
1417	25-29	-0.07926318263267262
1417	30-34	-0.06967289832559942
1417	35-39	-0.08402692311220505
1417	40-44	-0.055047152717165204
1417	45-49	-0.041400047662030204
1417	50-54	-0.024326671466646133
1417	55-59	-0.05902825064773509
1417	60-64	-0.03470318130590755
1417	65-69	-0.018295372868927018
1417	70-74	-0.009874784668816972
1417	75-79	0.005777707479722949
1417	80-84	0.02711824908266891
1417	85-89	-0.012774681579642788
1417	90-94	-0.003105351253623212
1417	95-99	0.03489037837539399
1417	100-104	0.038310543804421116
1417	105-109	-0.007576378706666276
1417	110-114	0.01563013197291241
1417	115-119	-2.5254534515539717E-4
1417	120-124	0.02868602269460041
1417	125-129	-0.0030229362852409736
1417	130-134	0.09224979758108987
1417	135-139	0.024972026611344234
1417	140-144	0.07471193776901686
1417	145-149	0.09054970257101758
1417	150	0.11573013635410234
1418	1	-0.007303767154603236
1418	2	-0.05911274052922977
1418	3	-0.035979949491419916
1418	4	-0.038426979896691194
1418	5	-0.06508561622539588
1418	6	-0.03657259765219578
1418	7	0.0012981631211914646
1418	8	-0.06712034818265522
1418	9	-0.09522152463562605
1418	10-14	-0.05698876709534062
1418	15-19	-0.037532066538048525
1418	20-24	-0.00634691897630546
1418	25-29	-0.024511829728254497
1418	30-34	-0.03271881344620198
1418	35-39	-0.013510182243656743
1418	40-44	-0.007671957953860442
1418	45-49	-0.013756114049904511
1418	50-54	5.401681723284923E-4
1418	55-59	-0.025294897659563276
1418	60-64	-0.022577279924334448
1418	65-69	1.2104696241976853E-4
1418	70-74	0.02554910279315692
1418	75-79	0.03013013239615958
1418	80-84	-0.016035075405980592
1418	85-89	0.013198687074307713
1418	90-94	0.037484419948974335
1418	95-99	0.03887515603722136
1418	100-104	0.04686606523026171
1418	105-109	0.056852395114241006
1418	110-114	0.03780742883633792
1418	115-119	0.08375269562396426
1418	120-124	0.0682910184138592
1418	125-129	0.022465282063627967
1418	130-134	0.11216710200147162
1418	135-139	0.14191079910821003
1418	140-144	0.154973778057915
1418	145-149	0.10506950107497204
1418	150	0.08951597164989522
1419	1	-0.022859788637205725
1419	2	-0.06899885604990885
1419	3	-0.12523258947692284
1419	4	-0.041141401477240436
1419	5	-0.022427965690603457
1419	6	-0.06248494322530718
1419	7	-0.03447628243134204
1419	8	0.014176311987512236
1419	9	-0.01224728514490181
1419	10-14	-0.04093934420028944
1419	15-19	-0.02712867924576301
1419	20-24	-0.023789267461523878
1419	25-29	-0.06970024647011996
1419	30-34	-0.026223559268011343
1419	35-39	-0.07311554580325463
1419	40-44	-0.009978732356955788
1419	45-49	-0.043761095006246364
1419	50-54	-0.04547944036588092
1419	55-59	-0.09469170590338649
1419	60-64	-0.0764383195903875
1419	65-69	-0.059329697646397506
1419	70-74	-0.031339419484012865
1419	75-79	-0.04809996697736807
1419	80-84	-0.026131959059824794
1419	85-89	-0.05315491049611154
1419	90-94	-0.032853410359990676
1419	95-99	-0.07163139524515572
1419	100-104	-0.05569854050774836
1419	105-109	-0.023034207976365906
1419	110-114	-0.002979356590913085
1419	115-119	-0.0022096095340700117
1419	120-124	0.023716963981939898
1419	125-129	0.01606451724425284
1419	130-134	0.05012197722288647
1419	135-139	0.05763430025714911
1419	140-144	0.026073669280215483
1419	145-149	0.06567116478939994
1419	150	0.047344802180148804
1420	1	0.049380354363762535
1420	2	0.08819711884515158
1420	3	0.03199281470747195
1420	4	0.0852655542289611
1420	5	-0.0057486289192212325
1420	6	0.00686109808205515
1420	7	0.05231123568248108
1420	8	0.09011354722966303
1420	9	0.0710606878357467
1420	10-14	1.1549338266547693E-4
1420	15-19	0.013489347916198824
1420	20-24	0.020371828589155427
1420	25-29	0.010218898521401343
1420	30-34	0.01803395849531597
1420	35-39	0.03130167570924414
1420	40-44	0.006636186298557334
1420	45-49	0.012900644621289814
1420	50-54	0.07674925724001724
1420	55-59	0.03878308945126463
1420	60-64	0.06506995868137722
1420	65-69	0.04472344669490269
1420	70-74	0.05846743494192452
1420	75-79	0.08361511399245813
1420	80-84	0.05336403263471112
1420	85-89	0.04949498248279838
1420	90-94	0.07477582168663588
1420	95-99	0.07239506331755763
1420	100-104	0.06760319612246946
1420	105-109	0.10344042905231987
1420	110-114	0.11749482358884933
1420	115-119	0.12518479249539638
1420	120-124	0.11327438856258709
1420	125-129	0.0971592868074822
1420	130-134	0.13912364145826217
1420	135-139	0.14778811814846193
1420	140-144	0.13379908132048257
1420	145-149	0.15644482273524574
1420	150	0.018137773474805385
1421	1	-0.04551962410418042
1421	2	-0.007566825875962024
1421	3	-0.0164184873909079
1421	4	9.407108791990026E-4
1421	5	4.0133673202547016E-4
1421	6	-0.027994658245020787
1421	7	0.007641324530865745
1421	8	-0.013667349312122212
1421	9	-0.03755822671938347
1421	10-14	-0.032176645365808554
1421	15-19	-0.011439442494861396
1421	20-24	0.0021804369487696817
1421	25-29	-0.0674237332629275
1421	30-34	-0.028511847186614148
1421	35-39	-0.029658690227158502
1421	40-44	0.029004012941975077
1421	45-49	-0.02126335968993942
1421	50-54	0.0025715496139966376
1421	55-59	-0.013457070790671821
1421	60-64	-0.013427272609717988
1421	65-69	0.004598729642417254
1421	70-74	0.04201779975045383
1421	75-79	0.02887807951763932
1421	80-84	0.05251139936062543
1421	85-89	0.025623132601644727
1421	90-94	0.05887948195540105
1421	95-99	0.056149940449131464
1421	100-104	0.026157134528723702
1421	105-109	0.07160700152879684
1421	110-114	0.08402362075506886
1421	115-119	0.08107219370879193
1421	120-124	0.0901565828782438
1421	125-129	0.11230143758857025
1421	130-134	0.14719918821872113
1421	135-139	0.1732127731379549
1421	140-144	0.14139004219908458
1421	145-149	0.18091848456615622
1421	150	0.06514032414902715
1422	1	-0.0908158947784159
1422	2	0.01892485298456137
1422	3	-0.06991575218334845
1422	4	-0.02958224905435003
1422	5	-0.053129071606477396
1422	6	-0.0400101042301344
1422	7	-0.026344832454029188
1422	8	-6.784077299926139E-8
1422	9	-0.03324598428563519
1422	10-14	-0.03191306312090347
1422	15-19	-0.03178643539033743
1422	20-24	-0.05047789549198711
1422	25-29	-0.06509026979362886
1422	30-34	-0.033017196303035234
1422	35-39	-0.04074881211194992
1422	40-44	0.017247268723558307
1422	45-49	-0.03280417309873229
1422	50-54	0.005022593758617688
1422	55-59	-0.02921543078731048
1422	60-64	0.01571187750295877
1422	65-69	-0.02281290115025314
1422	70-74	0.01836624962651001
1422	75-79	-0.0012193075720503543
1422	80-84	0.02108454329700038
1422	85-89	0.023205936151683204
1422	90-94	0.0334251778759338
1422	95-99	0.022376897679471597
1422	100-104	0.03625375130413744
1422	105-109	0.05649126211101674
1422	110-114	0.09403856843363911
1422	115-119	0.12186857241823645
1422	120-124	0.07216471209169839
1422	125-129	0.13145385452855152
1422	130-134	0.1120256910121995
1422	135-139	0.12267874775200482
1422	140-144	0.167803372387624
1422	145-149	0.15606984540463742
1422	150	0.09501674212447142
1423	1	-0.0356711658120048
1423	2	0.04155758296651868
1423	3	0.026327480147941174
1423	4	-0.042851280282405924
1423	5	0.05949534174530413
1423	6	0.07488687701768981
1423	7	-0.04292052283655323
1423	8	0.008656562283327673
1423	9	-0.022479559889511336
1423	10-14	0.016518744290507925
1423	15-19	-0.02218438137147416
1423	20-24	-0.018200361585250846
1423	25-29	-0.05198625235932752
1423	30-34	-0.016425102096910393
1423	35-39	-0.02597450725633621
1423	40-44	0.012879937371835126
1423	45-49	-6.981687482792154E-4
1423	50-54	0.0260516331934042
1423	55-59	-0.007318735070803939
1423	60-64	-0.016507496297933244
1423	65-69	0.03966848007337376
1423	70-74	0.04567739947823668
1423	75-79	0.04446781014816992
1423	80-84	0.04052557939478163
1423	85-89	0.061839337461925936
1423	90-94	0.0028858470742534337
1423	95-99	0.05288476975338341
1423	100-104	0.09050966281549933
1423	105-109	0.07143276071050053
1423	110-114	0.04384057988325907
1423	115-119	0.04132078828785524
1423	120-124	0.10571204888065466
1423	125-129	0.11286767202199144
1423	130-134	0.14030357045908914
1423	135-139	0.1029961105519206
1423	140-144	0.07467209714601353
1423	145-149	0.14795797397736976
1423	150	0.08452738818490957
1424	1	-0.004200096221381955
1424	2	0.015613578030773567
1424	3	-0.008486458921865392
1424	4	-0.005095295993477578
1424	5	-0.0062126181959101245
1424	6	-0.024484561798644222
1424	7	0.05023086546149358
1424	8	-0.03878328035738576
1424	9	-0.04680411236076765
1424	10-14	-0.008070308545470084
1424	15-19	-0.019126004973429644
1424	20-24	-0.03071066142598511
1424	25-29	-0.04627370645996365
1424	30-34	-0.03274278381474005
1424	35-39	-0.05222082170546116
1424	40-44	-0.05798963515957922
1424	45-49	-0.0658989271742243
1424	50-54	-0.030032689028203663
1424	55-59	-0.07235253188497381
1424	60-64	-0.07577832289036479
1424	65-69	-0.0646504710425333
1424	70-74	-0.06326448843009302
1424	75-79	-0.05217428946289715
1424	80-84	0.0029029243371851976
1424	85-89	-0.029994083443106945
1424	90-94	-0.013866933863795339
1424	95-99	-0.016737155430639916
1424	100-104	0.0010471186211020722
1424	105-109	-0.08476138505477593
1424	110-114	-0.07521993824514794
1424	115-119	0.043754189218361716
1424	120-124	3.427951384935568E-4
1424	125-129	-6.0659272726582E-5
1424	130-134	0.0761984468405359
1424	135-139	0.03297733782767409
1424	140-144	0.029379052753299106
1424	145-149	0.07451426343104828
1424	150	0.10432908868728674
1425	1	-0.08940816957199615
1425	2	-0.03519233724536974
1425	3	-0.010744452155996953
1425	4	-0.02089484358352678
1425	5	-0.10951837067706549
1425	6	-0.052182555203579284
1425	7	-0.01311805704915514
1425	8	-0.06688607285195047
1425	9	-0.07782120209870413
1425	10-14	-0.05087806847569709
1425	15-19	-0.03138398753247884
1425	20-24	-0.040026164526558716
1425	25-29	-0.08286335953048507
1425	30-34	-0.050724659661412375
1425	35-39	-0.05738636553147103
1425	40-44	-0.0032444013165857655
1425	45-49	-0.039742244733346865
1425	50-54	-0.010143389623131327
1425	55-59	-0.027499255542331014
1425	60-64	-0.017653785254836407
1425	65-69	-0.00999004004678028
1425	70-74	-0.02282497397550287
1425	75-79	0.010790586316517192
1425	80-84	0.019310182965583067
1425	85-89	-0.003552077424494371
1425	90-94	0.019640438881225464
1425	95-99	-0.016502047436169676
1425	100-104	0.026964764637526173
1425	105-109	0.0247391599081368
1425	110-114	-0.006714780579535784
1425	115-119	0.05684320552027344
1425	120-124	0.02896311558308895
1425	125-129	0.022675641662097235
1425	130-134	0.09787449868299802
1425	135-139	0.023506576342086305
1425	140-144	0.07910008084904518
1425	145-149	0.11869885266992242
1425	150	0.04367412973831364
1426	1	-0.05130273104249028
1426	2	-0.04340955999698792
1426	3	-0.02214715002479295
1426	4	-0.012100742453277746
1426	5	-0.1017591632483743
1426	6	-0.059384147006909416
1426	7	-0.03903969762955484
1426	8	-0.06156675330855421
1426	9	-0.0709189285278029
1426	10-14	-0.060402170136043765
1426	15-19	-0.0061752818391696
1426	20-24	-0.06756658237797808
1426	25-29	-0.0543370051930836
1426	30-34	-0.058825179950510176
1426	35-39	-0.060073729585269575
1426	40-44	-0.039759521543246024
1426	45-49	0.0017195870492017207
1426	50-54	0.008370471616764519
1426	55-59	0.0039005416540405236
1426	60-64	-0.018521613371184742
1426	65-69	-0.014992184511591233
1426	70-74	-0.00960904544962915
1426	75-79	-8.835916066800564E-4
1426	80-84	0.03543095902874427
1426	85-89	0.02445014743872065
1426	90-94	0.03288838070319855
1426	95-99	0.0249272841560213
1426	100-104	-0.016938135748837624
1426	105-109	0.015427222411723562
1426	110-114	0.003750767605865235
1426	115-119	0.06585771149941877
1426	120-124	-0.009901159787737868
1426	125-129	0.027987158725331085
1426	130-134	0.07610284027315117
1426	135-139	0.04493135912487389
1426	140-144	0.05713729210631158
1426	145-149	0.09687420799468782
1426	150	0.08822458728803895
1427	1	-0.054387453939291674
1427	2	0.02125650907061072
1427	3	-0.019811367797466062
1427	4	-0.06391357694916167
1427	5	-0.0020992024588366576
1427	6	0.008000973553002666
1427	7	-0.044982070340587654
1427	8	-0.031153402624944704
1427	9	-0.04511488228208549
1427	10-14	-0.06676861487548535
1427	15-19	-0.03663678997823894
1427	20-24	-0.06309985701941656
1427	25-29	-0.04915432605111647
1427	30-34	-0.05013467679976458
1427	35-39	-0.08583626915315534
1427	40-44	-0.06309095916223839
1427	45-49	-0.0518766510379578
1427	50-54	-0.02890944286492214
1427	55-59	-0.011800439384209938
1427	60-64	-0.05710221606271659
1427	65-69	-0.07118414343017321
1427	70-74	-0.0048314083738176805
1427	75-79	-0.04787796199043726
1427	80-84	0.007580803475796927
1427	85-89	-0.00547832757438016
1427	90-94	0.03174063610568112
1427	95-99	-0.011964846299221676
1427	100-104	0.035617911009531156
1427	105-109	0.022293397843213825
1427	110-114	0.053527663144244286
1427	115-119	0.07280037087353719
1427	120-124	0.02322859664089094
1427	125-129	0.0555293153103662
1427	130-134	0.11173661447536887
1427	135-139	0.0884147014755925
1427	140-144	0.09677048958415924
1427	145-149	0.13984010042830874
1427	150	0.12518737618726306
1428	1	-0.007337600628943619
1428	2	0.02203202933500137
1428	3	-0.041596546398686485
1428	4	-0.05098589352213878
1428	5	0.048196901451014185
1428	6	0.01984290455154536
1428	7	0.03555373031882425
1428	8	-0.004777353365994941
1428	9	0.015266834397642981
1428	10-14	0.018174082392896196
1428	15-19	-0.002382094784650235
1428	20-24	0.03817345414898199
1428	25-29	0.027590844148939198
1428	30-34	0.03010099619412898
1428	35-39	0.051796841075258726
1428	40-44	0.050549993600562004
1428	45-49	0.03085068303804661
1428	50-54	0.06885811252848129
1428	55-59	0.016565221728477297
1428	60-64	0.05204555489091689
1428	65-69	0.040561061052997616
1428	70-74	0.08012413604272695
1428	75-79	0.10639649952700125
1428	80-84	0.052340893208558725
1428	85-89	0.08422882120196817
1428	90-94	0.08783047905170349
1428	95-99	0.07851445457533401
1428	100-104	0.09473966889395058
1428	105-109	0.07016509573218599
1428	110-114	0.1252239161435611
1428	115-119	0.15957786464273482
1428	120-124	0.10949921748653679
1428	125-129	0.11643140163671006
1428	130-134	0.1800401016460853
1428	135-139	0.12447697116971312
1428	140-144	0.14239934966801115
1428	145-149	0.21257667170009853
1428	150	0.2423682836410066
1429	1	-0.13244943852264868
1429	2	0.004326933429233293
1429	3	-0.07665517994083615
1429	4	-0.067667568258301
1429	5	-0.006445478789963488
1429	6	-0.12492286523505669
1429	7	-0.15470162003762056
1429	8	-0.06537761652885621
1429	9	-0.0738241011348677
1429	10-14	-0.052074883549764195
1429	15-19	-0.07349304691771863
1429	20-24	-0.04449711687396274
1429	25-29	-0.07281943663609525
1429	30-34	-0.05528170415818323
1429	35-39	-0.035686465100830844
1429	40-44	-0.0493463906515359
1429	45-49	-0.04224586875523073
1429	50-54	-0.023022598656190496
1429	55-59	-0.008836760131579524
1429	60-64	-0.025687049636459847
1429	65-69	-0.016537855177404026
1429	70-74	-0.04193266771630988
1429	75-79	-0.01765616520248159
1429	80-84	-0.004256844732573484
1429	85-89	-0.002749259970954654
1429	90-94	0.02236505411196532
1429	95-99	0.03859532020356937
1429	100-104	-9.214452796157957E-5
1429	105-109	-0.005012587074276098
1429	110-114	-6.988362433446582E-4
1429	115-119	0.06903676028186112
1429	120-124	0.0734538361194339
1429	125-129	0.05668933086997896
1429	130-134	0.08512901598952993
1429	135-139	0.09686692877948389
1429	140-144	0.07136037123202499
1429	145-149	0.12506431589928013
1429	150	0.16819183734048693
1430	1	-0.03946366893027431
1430	2	-0.017580496870081674
1430	3	0.026374363768063347
1430	4	0.011550838141445752
1430	5	-0.0123310204132423
1430	6	-0.005150202796066594
1430	7	-0.01639375864201753
1430	8	-0.048622993589212626
1430	9	-0.09410997714716984
1430	10-14	-0.0382494600495491
1430	15-19	-0.028146916109939468
1430	20-24	-0.04350844989848213
1430	25-29	-0.033933278998347305
1430	30-34	-0.03765084392432527
1430	35-39	-0.012466692096857912
1430	40-44	-0.05327314886176282
1430	45-49	-0.013496669331374278
1430	50-54	0.022815804468443446
1430	55-59	0.009938469363909519
1430	60-64	0.012332026140498442
1430	65-69	0.03247832219786062
1430	70-74	0.0424983679327795
1430	75-79	0.04775220457732843
1430	80-84	0.05566333402845913
1430	85-89	0.0663843286479775
1430	90-94	0.061937198178469544
1430	95-99	0.06795074353660624
1430	100-104	0.07850498662175909
1430	105-109	0.07263634555377507
1430	110-114	0.08416351139553058
1430	115-119	0.15521010846760674
1430	120-124	0.09319883452951672
1430	125-129	0.15687807779972474
1430	130-134	0.13638841835903293
1430	135-139	0.13409493436357423
1430	140-144	0.13228336954300346
1430	145-149	0.17181621318010087
1430	150	0.12327520900620925
1431	1	-0.03468980814800915
1431	2	-0.006042851489041823
1431	3	-0.03606539961349853
1431	4	-0.008286468078182452
1431	5	-0.025569333819134954
1431	6	0.04185422341765843
1431	7	-0.07740296609794939
1431	8	-0.07237173424631038
1431	9	-0.043635201572456594
1431	10-14	-0.025883114828886278
1431	15-19	-0.004160985703677511
1431	20-24	0.006338844647686415
1431	25-29	-0.05506546697476011
1431	30-34	-0.029817124956608154
1431	35-39	-0.02408562915744028
1431	40-44	-0.03605945268404298
1431	45-49	-0.01068193442530685
1431	50-54	0.0030482316990116942
1431	55-59	-0.004280049103925876
1431	60-64	-0.02449177243376255
1431	65-69	-0.032204649853795786
1431	70-74	-0.03201778874352357
1431	75-79	-0.009052279871625046
1431	80-84	0.018258071301389123
1431	85-89	-7.716003876154787E-4
1431	90-94	-0.001095719610717083
1431	95-99	-0.01697533300503551
1431	100-104	0.014867224170139082
1431	105-109	-0.01476816102744749
1431	110-114	0.024277456573280176
1431	115-119	0.07844025309790226
1431	120-124	0.01486661381078136
1431	125-129	0.07476709623359312
1431	130-134	0.1059786089149739
1431	135-139	0.11534957475861773
1431	140-144	0.10720450833225215
1431	145-149	0.12154238036324472
1431	150	0.11070350417578112
1432	1	-0.13431096448742608
1432	2	-0.03564253905852155
1432	3	-0.010253065826823615
1432	4	-0.005421318518671114
1432	5	-0.028614953872434512
1432	6	0.008219576547887186
1432	7	-0.11751939122290622
1432	8	-0.0303488188248906
1432	9	-0.030355460756958053
1432	10-14	-0.024282846866299224
1432	15-19	-0.0010798490571986008
1432	20-24	0.029739515131666394
1432	25-29	-0.008599079243289509
1432	30-34	-0.0380464350973142
1432	35-39	-2.1703477715107056E-4
1432	40-44	0.0014281670400819735
1432	45-49	0.009156537263926623
1432	50-54	0.03818670309949823
1432	55-59	0.04410654468154007
1432	60-64	0.008093835549665584
1432	65-69	0.04317137846707908
1432	70-74	0.039503678582661905
1432	75-79	0.0625711171894423
1432	80-84	0.028687966455251512
1432	85-89	0.04688719199047142
1432	90-94	0.06499257521743118
1432	95-99	0.06049371991468888
1432	100-104	0.1050324485166172
1432	105-109	0.09329742628128201
1432	110-114	0.0881166559195421
1432	115-119	0.13885802063459352
1432	120-124	0.12246456597600286
1432	125-129	0.11510340660818486
1432	130-134	0.21992666806309558
1432	135-139	0.16168111493711734
1432	140-144	0.1499052709283717
1432	145-149	0.18591014169172837
1432	150	0.20334550557912223
1433	1	-0.07964020680392281
1433	2	-0.050192349482138354
1433	3	-0.02403454971265262
1433	4	-0.04665012942189861
1433	5	0.01245918902302634
1433	6	-0.020878363125348187
1433	7	-0.07321805471359966
1433	8	0.046262220195878
1433	9	-0.058718307099816514
1433	10-14	-0.01843286570745306
1433	15-19	-0.006078591779214548
1433	20-24	-0.017995799393176526
1433	25-29	-0.05893777576184789
1433	30-34	-0.026116548218716673
1433	35-39	-0.013741359083297766
1433	40-44	-0.03343210458479717
1433	45-49	-0.03195200965656397
1433	50-54	0.017692219391634012
1433	55-59	0.006112132423567118
1433	60-64	-0.05510073848527952
1433	65-69	-0.01871984140959171
1433	70-74	-0.02020014178918217
1433	75-79	0.014909089842504386
1433	80-84	-0.01850375246591085
1433	85-89	-0.007548225350163307
1433	90-94	0.04348185785327985
1433	95-99	0.027351860291275898
1433	100-104	0.07495227092699963
1433	105-109	0.01948530179851815
1433	110-114	0.043384290414060445
1433	115-119	0.06220489222195624
1433	120-124	0.019183586802625996
1433	125-129	0.08245341046288246
1433	130-134	0.11138189707862978
1433	135-139	0.11382827434147913
1433	140-144	0.08474880286359365
1433	145-149	0.1990140404062828
1433	150	0.09045623274211323
1434	1	-0.11649353331020507
1434	2	0.04149294140177062
1434	3	0.014776785000790937
1434	4	-0.06876792625853767
1434	5	-0.03781788286715937
1434	6	0.019619109408203883
1434	7	-0.11280439405811649
1434	8	0.0222277951398695
1434	9	-0.06324148782091754
1434	10-14	-0.029636091335511594
1434	15-19	-0.009145970387926639
1434	20-24	-0.007415825992389102
1434	25-29	-0.04208799942647801
1434	30-34	-0.02134555164551699
1434	35-39	-0.00394505304000603
1434	40-44	-0.003292777779186906
1434	45-49	-0.011117997936352708
1434	50-54	0.032325265913954127
1434	55-59	0.02111473704242428
1434	60-64	0.014104390622229346
1434	65-69	0.030156962632190698
1434	70-74	0.04912518264732313
1434	75-79	0.04116380261704933
1434	80-84	0.06819173065704831
1434	85-89	0.03249321651423287
1434	90-94	0.059518884821045503
1434	95-99	0.03440765095648857
1434	100-104	0.086533098611838
1434	105-109	0.022421656670204015
1434	110-114	0.10932156067295296
1434	115-119	0.14445407632074136
1434	120-124	0.16821233661264046
1434	125-129	0.1296400547044314
1434	130-134	0.15955315299218853
1434	135-139	0.15114405121594388
1434	140-144	0.1791827304315987
1434	145-149	0.16656826269261416
1434	150	0.24542776756453577
1435	1	-0.0615610648449092
1435	2	0.012269121624740364
1435	3	-0.03422994270198387
1435	4	0.0025977674767503345
1435	5	0.033053054064843934
1435	6	-0.06523020951469505
1435	7	-0.02793345382695378
1435	8	-0.016624576452535678
1435	9	-0.026139970888785058
1435	10-14	-0.05044846810289272
1435	15-19	-0.03651307946466176
1435	20-24	-0.04853389860180357
1435	25-29	-0.04975163973840324
1435	30-34	-0.07545314068936904
1435	35-39	-0.03595038637458714
1435	40-44	-0.04850629143855656
1435	45-49	-0.04234406868599194
1435	50-54	0.03235236619134696
1435	55-59	0.016898252014378556
1435	60-64	-0.03918538274640326
1435	65-69	0.00896098732973627
1435	70-74	-0.02976800196283591
1435	75-79	-0.036306876650222364
1435	80-84	0.008498609485108943
1435	85-89	-8.061079347569944E-4
1435	90-94	-0.028125945541823683
1435	95-99	0.017660480755672836
1435	100-104	0.0209073850202941
1435	105-109	0.023247142902185658
1435	110-114	0.01052957321165593
1435	115-119	0.05630129249777838
1435	120-124	0.08067533000559024
1435	125-129	0.11045005371703809
1435	130-134	0.0832574710561289
1435	135-139	0.15308623383457842
1435	140-144	0.06475228046566173
1435	145-149	0.148234135596077
1435	150	0.21985264665605797
1436	1	-0.15397107642368013
1436	2	-0.05612031258102235
1436	3	-0.05416251283563156
1436	4	-0.08438547146685949
1436	5	-0.049288654228440976
1436	6	-0.06659999799453686
1436	7	-0.11437832294294736
1436	8	-0.08285361081370013
1436	9	-0.11589905993648841
1436	10-14	-0.08467284804689967
1436	15-19	-0.07612325770898565
1436	20-24	-0.08405752530532595
1436	25-29	-0.05088923236616694
1436	30-34	-0.10086333745208265
1436	35-39	-0.13663432605807913
1436	40-44	-0.09230678150782978
1436	45-49	-0.08914243868542115
1436	50-54	-0.06700798554361143
1436	55-59	-0.07189759413784458
1436	60-64	-0.09478438122579291
1436	65-69	-0.07416818229207678
1436	70-74	-0.07797505861671539
1436	75-79	-0.08146574824998254
1436	80-84	-0.06806111186077146
1436	85-89	-0.04683849412538876
1436	90-94	-0.03807199401228445
1436	95-99	-0.019112660317261998
1436	100-104	-0.014416787116765306
1436	105-109	-0.03953866322547839
1436	110-114	-0.05160765954833835
1436	115-119	0.022210502726416337
1436	120-124	0.01247217748752405
1436	125-129	0.0274932292590222
1436	130-134	0.03283307526648116
1436	135-139	0.024084375313208284
1436	140-144	0.052356887918648454
1436	145-149	0.09445495122637482
1436	150	0.05162734842875949
1437	1	-0.13780312830082408
1437	2	-0.0649868993133964
1437	3	-0.06966685475767065
1437	4	-0.004906081234729243
1437	5	-0.0674918064969745
1437	6	-0.054397722794007564
1437	7	-0.05745634305262115
1437	8	-0.0833056902703575
1437	9	-0.05873967181357642
1437	10-14	-0.08835435673932324
1437	15-19	-0.0744478304406826
1437	20-24	-0.07149264319550497
1437	25-29	-0.050176112701059594
1437	30-34	-0.1253828306877054
1437	35-39	-0.061763098557136686
1437	40-44	-0.07637297619611871
1437	45-49	-0.057544261612996195
1437	50-54	-0.03280441336605833
1437	55-59	-0.08674916622057793
1437	60-64	-0.061964912347796997
1437	65-69	-0.021560936781490625
1437	70-74	-0.05308591967448706
1437	75-79	-0.053811861636539504
1437	80-84	-0.020768617903620168
1437	85-89	-0.018372509294842132
1437	90-94	-0.023523912616703058
1437	95-99	-0.025968061892747585
1437	100-104	-0.027648347342385193
1437	105-109	-0.03929138616366146
1437	110-114	-0.0051969019439539466
1437	115-119	0.04121781944738245
1437	120-124	0.07860414550381023
1437	125-129	0.04128924781532106
1437	130-134	0.10539596425981301
1437	135-139	0.08038667496811058
1437	140-144	0.08859847008548627
1437	145-149	0.11780980167127808
1437	150	0.09707887034493723
1438	1	-0.13774038867029503
1438	2	-0.0800885607517614
1438	3	-0.057655701045575825
1438	4	-0.03075945639448463
1438	5	0.01024724311380254
1438	6	-0.061761496466601784
1438	7	-0.05154719933239704
1438	8	-0.017766013263269542
1438	9	-0.11879544037405054
1438	10-14	-0.072796787319092
1438	15-19	-0.020587019472863233
1438	20-24	-0.031076237943970852
1438	25-29	-0.049419054492616965
1438	30-34	-0.04895201855804032
1438	35-39	-0.030578249016059544
1438	40-44	-0.045282468469849846
1438	45-49	-0.011324208168119299
1438	50-54	-0.016072451009847555
1438	55-59	0.017973036637563666
1438	60-64	0.0020871383086458195
1438	65-69	0.01074857872913526
1438	70-74	1.0380961563782876E-4
1438	75-79	0.011469421040352756
1438	80-84	0.035210933624206575
1438	85-89	0.06992817619372005
1438	90-94	0.058306690380860005
1438	95-99	0.06185952030778452
1438	100-104	0.03360040367422812
1438	105-109	0.084447895816119
1438	110-114	0.08508542639344086
1438	115-119	0.07618145369857388
1438	120-124	0.08072706870584767
1438	125-129	0.10161967653612436
1438	130-134	0.13644046292369438
1438	135-139	0.10632463244458279
1438	140-144	0.12068258766419859
1438	145-149	0.11361182328160169
1438	150	0.18606225596129633
1439	1	-0.07293152823309157
1439	2	-0.08311890787042131
1439	3	-0.01857739020281457
1439	4	-0.021691208719317956
1439	5	-0.07010896877043393
1439	6	-0.056422440464466206
1439	7	-0.1298934450434217
1439	8	-0.020720704760499586
1439	9	-0.08118222973861577
1439	10-14	-0.009877595767292746
1439	15-19	-0.051219786601464534
1439	20-24	-0.06235702456843484
1439	25-29	-0.033196161392559986
1439	30-34	-0.07414606795243373
1439	35-39	-0.048623763631901795
1439	40-44	-0.061340034638206475
1439	45-49	-0.04399497284761367
1439	50-54	-0.0295554466814707
1439	55-59	-0.009388691802406868
1439	60-64	-0.047283149885927855
1439	65-69	-0.019124916342327936
1439	70-74	-0.04349744646167153
1439	75-79	-0.01214109800085339
1439	80-84	0.010818639828208632
1439	85-89	-0.03125258496972805
1439	90-94	-0.03745164810530355
1439	95-99	-4.355805155142889E-5
1439	100-104	0.04558895833662291
1439	105-109	0.017860910037917677
1439	110-114	0.024639494701737874
1439	115-119	0.07130986214193769
1439	120-124	-0.004639921679583381
1439	125-129	0.06018236522051268
1439	130-134	0.1119518052047539
1439	135-139	0.07064820571778085
1439	140-144	0.07960357361212544
1439	145-149	0.07504447886665133
1439	150	0.08041888007167586
1440	1	-0.14522987332703252
1440	2	-0.004796020854413996
1440	3	-0.0520758027243744
1440	4	-0.03613867929537662
1440	5	-0.0023516620713266434
1440	6	0.0028401396598525253
1440	7	-0.024165123573155256
1440	8	-0.0359243347096907
1440	9	0.006353603186902035
1440	10-14	0.0046881132575791185
1440	15-19	-0.00207538249299688
1440	20-24	-0.0018478020174583776
1440	25-29	0.028262522625993824
1440	30-34	0.024881418404760325
1440	35-39	0.019874526424970895
1440	40-44	0.009961255851372641
1440	45-49	0.03623898752089616
1440	50-54	0.05164065385098837
1440	55-59	0.06054382775712952
1440	60-64	0.020681386263483148
1440	65-69	0.009675318789852838
1440	70-74	0.03923849135124158
1440	75-79	0.037456473452486705
1440	80-84	0.06232132948877478
1440	85-89	0.06341102856440273
1440	90-94	0.09178725071149785
1440	95-99	0.07806292666941772
1440	100-104	0.11789076125685227
1440	105-109	0.12088357849048492
1440	110-114	0.0832244849501862
1440	115-119	0.15664488468744509
1440	120-124	0.10525911459541248
1440	125-129	0.12962406554895978
1440	130-134	0.19385118918340538
1440	135-139	0.22149510901822822
1440	140-144	0.18026377830585005
1440	145-149	0.21986309426656447
1440	150	0.3500611343246831
1441	1	-0.09770903213555471
1441	2	-0.07799046827429379
1441	3	-0.04290755600337093
1441	4	-0.04916476999021313
1441	5	-0.015899609990555064
1441	6	0.0032611397915189855
1441	7	-0.03437901041534985
1441	8	-0.021051764878187385
1441	9	-0.10145637049637912
1441	10-14	-0.05207016647185014
1441	15-19	-0.02921893872370873
1441	20-24	-0.015352807441843197
1441	25-29	-0.0471651030223299
1441	30-34	-0.025791206934250965
1441	35-39	-0.061518495371473136
1441	40-44	-0.03247278926664876
1441	45-49	-0.02172286153864178
1441	50-54	-0.0029236350836399083
1441	55-59	0.013707527002722486
1441	60-64	0.02078953684047491
1441	65-69	0.004346886934712302
1441	70-74	-0.014215358585438764
1441	75-79	-0.0345044363603364
1441	80-84	0.03432862393588465
1441	85-89	-0.008900377698807915
1441	90-94	0.0472523451308291
1441	95-99	0.034926420325412266
1441	100-104	0.09210333575329344
1441	105-109	0.028795588740841538
1441	110-114	0.06475581816782494
1441	115-119	0.13356218644488393
1441	120-124	0.10424529621087686
1441	125-129	0.11550303751911173
1441	130-134	0.16641026099004108
1441	135-139	0.10851973572061269
1441	140-144	0.09629695090170287
1441	145-149	0.14164726345806855
1441	150	0.17784295467725997
1442	1	-0.0673195716889694
1442	2	-0.022952859435442008
1442	3	-0.054947717033542176
1442	4	-0.025307355330731696
1442	5	-0.0378214821693561
1442	6	-0.029553967138717496
1442	7	0.019501293261242836
1442	8	-0.06755679812968651
1442	9	-0.04095744086347963
1442	10-14	-0.029686469765252355
1442	15-19	-0.06839640862510521
1442	20-24	-0.03211082717233893
1442	25-29	-0.03985712832366062
1442	30-34	-0.05372266741196796
1442	35-39	-0.037968772854497956
1442	40-44	-0.04423887619314115
1442	45-49	-0.044440054439562005
1442	50-54	7.273459683929673E-4
1442	55-59	6.460719035317197E-4
1442	60-64	-0.01288110026609246
1442	65-69	-0.006438228481755459
1442	70-74	0.022496541919956314
1442	75-79	-0.01686701502138277
1442	80-84	-0.019892894484037527
1442	85-89	0.005218530545242572
1442	90-94	0.012702890973606884
1442	95-99	0.009944185216141932
1442	100-104	0.01184512344679689
1442	105-109	0.04270285126914786
1442	110-114	0.032789739699524034
1442	115-119	0.06855144877409458
1442	120-124	0.07187657671040881
1442	125-129	0.03929366346659435
1442	130-134	0.07654602215499295
1442	135-139	0.10024384065971503
1442	140-144	0.11151870499385552
1442	145-149	0.06701568250775125
1442	150	0.16578376569395914
1443	1	-0.05641270480089133
1443	2	-0.02974387762145625
1443	3	-0.0662105095233656
1443	4	0.015752149244207203
1443	5	-0.02994623905657079
1443	6	-0.062294305548832085
1443	7	-0.017402593403446076
1443	8	-0.04329123686294878
1443	9	-0.005139776397463436
1443	10-14	-0.019454692528981354
1443	15-19	-0.025478054838863784
1443	20-24	-0.007158274862980818
1443	25-29	0.005205073625731416
1443	30-34	-0.004592116585811823
1443	35-39	0.026779657091523745
1443	40-44	0.01667267694100616
1443	45-49	0.036137847961455805
1443	50-54	0.051352596343313905
1443	55-59	0.05017835634994583
1443	60-64	0.0517047282497316
1443	65-69	0.053323800683060085
1443	70-74	0.05074236062388593
1443	75-79	0.039753881124553914
1443	80-84	0.05111738233168239
1443	85-89	0.10852929950344503
1443	90-94	0.0774594862371174
1443	95-99	0.11892833424951021
1443	100-104	0.08989281130937599
1443	105-109	0.08289754885883127
1443	110-114	0.12684005174241975
1443	115-119	0.17293057022175873
1443	120-124	0.13889040643786643
1443	125-129	0.16794512515681959
1443	130-134	0.1557222508832723
1443	135-139	0.18185083153432657
1443	140-144	0.21533288046082788
1443	145-149	0.20465711175435075
1443	150	0.20895503284637584
1444	1	-0.14846914055515015
1444	2	-0.07204222256971349
1444	3	-0.011546320543367017
1444	4	0.03516644946641634
1444	5	-0.027136617979998334
1444	6	-0.04070218323240482
1444	7	-0.015827250979782548
1444	8	-0.06853124337405347
1444	9	-0.04400875673236726
1444	10-14	-0.02270488747167576
1444	15-19	-0.006134238008144166
1444	20-24	-0.010398790336274999
1444	25-29	0.007263160566388649
1444	30-34	-0.054211745332523265
1444	35-39	0.027814505902625797
1444	40-44	-0.019184537074195873
1444	45-49	0.002798571761630342
1444	50-54	0.021094563283476475
1444	55-59	-0.005188758741262234
1444	60-64	0.04132896908217276
1444	65-69	0.010708994436448904
1444	70-74	-0.0023248095390471235
1444	75-79	-0.013545865503331811
1444	80-84	0.05494269225392401
1444	85-89	-0.0069593643250982495
1444	90-94	0.01193791718694115
1444	95-99	0.00739973213431
1444	100-104	0.042609586435553126
1444	105-109	0.037567669001013826
1444	110-114	0.003811397265039318
1444	115-119	0.04988935701322106
1444	120-124	0.06557509716608934
1444	125-129	0.053997966574137024
1444	130-134	0.11128312800120455
1444	135-139	0.16680928721068256
1444	140-144	0.1052844061579421
1444	145-149	0.13500644725790067
1444	150	0.23536348123240458
1445	1	-0.01533357635988608
1445	2	0.0833512599390076
1445	3	-0.00466964431833361
1445	4	0.011479748595931483
1445	5	0.00300196213300552
1445	6	-0.06854302185524119
1445	7	-0.01807200287537114
1445	8	0.008852225509649259
1445	9	-0.008706595892398639
1445	10-14	0.0108115768442687
1445	15-19	0.006204767588428695
1445	20-24	-0.014815411429246694
1445	25-29	0.015824624227008144
1445	30-34	-0.03115035688718848
1445	35-39	0.0225970905642896
1445	40-44	-0.034797595435549056
1445	45-49	0.032819131196198725
1445	50-54	0.018408677414093688
1445	55-59	0.04043299361055119
1445	60-64	0.023858951114121396
1445	65-69	0.02418856144632997
1445	70-74	0.026904814179374625
1445	75-79	0.028427069136995442
1445	80-84	0.01651322989850712
1445	85-89	0.015435129827160665
1445	90-94	0.032648152039108425
1445	95-99	0.07160389664112898
1445	100-104	0.06334816455925107
1445	105-109	0.0386252427236613
1445	110-114	0.06900574540544113
1445	115-119	0.10520697285819125
1445	120-124	0.11053157484035125
1445	125-129	0.12744186155227766
1445	130-134	0.1308217470730142
1445	135-139	0.1351801678968627
1445	140-144	0.10092749958484148
1445	145-149	0.15209370782878295
1445	150	0.20452318509274647
1446	1	-0.016936554391556058
1446	2	0.015710726005373488
1446	3	0.016755155563885182
1446	4	-0.017938796285818626
1446	5	0.039368135385409175
1446	6	0.0868416963722467
1446	7	0.05873905518520672
1446	8	-0.0578811373627417
1446	9	0.008575852797484629
1446	10-14	-0.0022583128929198892
1446	15-19	0.016962584414073945
1446	20-24	0.05942992514451362
1446	25-29	0.027867798383077513
1446	30-34	0.027285505675457955
1446	35-39	0.07611943653478903
1446	40-44	0.036822603213451544
1446	45-49	0.0584029884044881
1446	50-54	0.05902039023378336
1446	55-59	0.0802237726180337
1446	60-64	0.07705020764637283
1446	65-69	0.08351600890075161
1446	70-74	0.06061380219598789
1446	75-79	0.09035317202764759
1446	80-84	0.09837533849724167
1446	85-89	0.09759309565471597
1446	90-94	0.11762843950127433
1446	95-99	0.11755454914865027
1446	100-104	0.07447678288966131
1446	105-109	0.07335692144977912
1446	110-114	0.1144952059583133
1446	115-119	0.16433980318758046
1446	120-124	0.1694605600057244
1446	125-129	0.15295133446676346
1446	130-134	0.22259206293326628
1446	135-139	0.2416999465825853
1446	140-144	0.22103001831448665
1446	145-149	0.2587257745991778
1446	150	0.34591266643496255
1447	1	-0.02615783763333468
1447	2	0.008006600122008933
1447	3	0.005901119798039645
1447	4	0.009048588194907836
1447	5	-0.032625000830527995
1447	6	0.037807745021233075
1447	7	-0.05307311271221238
1447	8	-0.01750234484882185
1447	9	-0.07686135147154971
1447	10-14	0.010118916867774885
1447	15-19	0.016440794842104367
1447	20-24	0.010996928539519502
1447	25-29	-0.002665275145247392
1447	30-34	0.008016935837524386
1447	35-39	-0.0027132904882805065
1447	40-44	-0.012999100000747887
1447	45-49	-0.013471610223412256
1447	50-54	0.010571560593966467
1447	55-59	0.005345637945694648
1447	60-64	0.00577119267598647
1447	65-69	0.027717965564939107
1447	70-74	-0.003281740874768957
1447	75-79	0.018699605367999084
1447	80-84	0.04003663018330883
1447	85-89	0.03655529860433404
1447	90-94	0.026695093775515488
1447	95-99	0.03984127373277602
1447	100-104	0.046892366892777204
1447	105-109	0.026216792552993695
1447	110-114	0.0755893994380088
1447	115-119	0.1102639176468756
1447	120-124	0.11716308857407398
1447	125-129	0.15048455698441643
1447	130-134	0.1610943605915196
1447	135-139	0.13528126229376625
1447	140-144	0.16535541660405784
1447	145-149	0.1594959653382091
1447	150	0.2994187728955353
1448	1	-0.07832689362571443
1448	2	-0.0032947275013981425
1448	3	0.036882924107160875
1448	4	-0.035656652092235674
1448	5	0.01303646035295003
1448	6	-0.018202944023585133
1448	7	0.0025901647140074147
1448	8	0.0011882942596272983
1448	9	-0.07677616173894108
1448	10-14	-0.004579261561445946
1448	15-19	-0.0061232159399580155
1448	20-24	-0.015191608054536232
1448	25-29	-0.03588219428535666
1448	30-34	-0.04363908015011475
1448	35-39	-0.02497724737180107
1448	40-44	0.02154971086066837
1448	45-49	0.003908508188551707
1448	50-54	-0.030138251797275473
1448	55-59	-0.00934759512240646
1448	60-64	0.006572694417315006
1448	65-69	0.014826598369822364
1448	70-74	0.03180265259582171
1448	75-79	-0.021584658698976966
1448	80-84	0.027559095516473064
1448	85-89	0.04363422980582499
1448	90-94	0.069955511487791
1448	95-99	0.08368878823254278
1448	100-104	0.050336551869300195
1448	105-109	0.048747846035603004
1448	110-114	0.07420521641018496
1448	115-119	0.06067956053057344
1448	120-124	0.0677223470995969
1448	125-129	0.089446802390313
1448	130-134	0.1620541963113311
1448	135-139	0.15587488813540062
1448	140-144	0.1254300797822836
1448	145-149	0.15265114988702067
1448	150	0.192490881264888
1449	1	-0.013532213997486053
1449	2	0.051367136404863345
1449	3	0.0024492184106534864
1449	4	0.046479594144734904
1449	5	-0.002831208299141963
1449	6	0.043312384317161445
1449	7	0.010477866769875277
1449	8	-0.022595624669335734
1449	9	-0.04893626760969738
1449	10-14	0.023827471385757804
1449	15-19	0.0031241143506974822
1449	20-24	-0.0018001399829614684
1449	25-29	0.016659689368232478
1449	30-34	0.022055660460779336
1449	35-39	0.036600496955237816
1449	40-44	0.04007818010121866
1449	45-49	0.023496075054119103
1449	50-54	0.031621799223053415
1449	55-59	0.0048444289006610575
1449	60-64	0.01638264335412032
1449	65-69	0.02801484802844101
1449	70-74	0.04197970919444316
1449	75-79	0.036690357898741865
1449	80-84	0.05212978686661529
1449	85-89	0.06153077264876572
1449	90-94	0.09206119694285064
1449	95-99	0.109452227802592
1449	100-104	0.06589933970651884
1449	105-109	0.07272991207863555
1449	110-114	0.029291973005719285
1449	115-119	0.14821074672835977
1449	120-124	0.08658094725856813
1449	125-129	0.142895786556835
1449	130-134	0.15746113627746183
1449	135-139	0.16521064107329408
1449	140-144	0.17993973379468997
1449	145-149	0.1668877162275706
1449	150	0.25994991375503673
1450	1	-0.11020439703080598
1450	2	0.04737667886216457
1450	3	0.061361578545046314
1450	4	-0.0025912611717444634
1450	5	0.023862503448825123
1450	6	0.02719494118693433
1450	7	-0.030820459511254228
1450	8	-0.02024113293509089
1450	9	-0.023112635278465632
1450	10-14	-4.938869665309653E-4
1450	15-19	0.034311387105034896
1450	20-24	-0.02029372534614282
1450	25-29	0.021436060013947156
1450	30-34	-0.007046398636965989
1450	35-39	0.0302891059512973
1450	40-44	0.011307644264910266
1450	45-49	0.026172347325370993
1450	50-54	0.028852971069838418
1450	55-59	0.05067258077349379
1450	60-64	0.05924603006045004
1450	65-69	0.07160704464744327
1450	70-74	0.011987002706199235
1450	75-79	0.04896321372130075
1450	80-84	0.07091646585602263
1450	85-89	0.05791784567724534
1450	90-94	0.09687653848623512
1450	95-99	0.07126886702273794
1450	100-104	0.0911922641882228
1450	105-109	0.0997532526693945
1450	110-114	0.1378968284006845
1450	115-119	0.16695683103269943
1450	120-124	0.14879609097051372
1450	125-129	0.15712611809363608
1450	130-134	0.20032749992736143
1450	135-139	0.23271364846288378
1450	140-144	0.18931981235893858
1450	145-149	0.17839360313348607
1450	150	0.2545711179828345
1451	1	-0.08616360461390116
1451	2	0.030009659623630114
1451	3	-0.03474208029220449
1451	4	-4.271776757605039E-4
1451	5	-0.03628770188699093
1451	6	-0.03400253750042026
1451	7	0.0014583321362877655
1451	8	-0.0036741386031664547
1451	9	-0.05108647795258747
1451	10-14	-0.007217954125465553
1451	15-19	0.007108722708409232
1451	20-24	-0.013282083092896357
1451	25-29	0.028383489201779355
1451	30-34	0.005901281844870709
1451	35-39	-0.012659150876814351
1451	40-44	0.037597488744644636
1451	45-49	0.03724988677122809
1451	50-54	0.002314295098450714
1451	55-59	0.022969638434915396
1451	60-64	0.04303519778770948
1451	65-69	0.0310030923895539
1451	70-74	0.0015443470784859414
1451	75-79	0.012498905180571285
1451	80-84	0.04801826965567102
1451	85-89	0.08357940822996568
1451	90-94	0.054575806397480164
1451	95-99	0.08641266717564378
1451	100-104	0.09975583163443247
1451	105-109	0.06815354115914118
1451	110-114	0.0632956462400287
1451	115-119	0.12755125686722124
1451	120-124	0.11246102939966818
1451	125-129	0.15509465873387285
1451	130-134	0.17911840284971703
1451	135-139	0.19648945879372093
1451	140-144	0.1696756800886945
1451	145-149	0.1907151124172657
1451	150	0.22661738586518254
1452	1	-0.0508546184235783
1452	2	-0.02713701151335357
1452	3	0.013585786079545414
1452	4	-0.029003992281829483
1452	5	0.06525733577461068
1452	6	-0.028608333600402602
1452	7	-0.0861074647963278
1452	8	0.029732983460363016
1452	9	-0.02838017380202018
1452	10-14	-0.019829880465060512
1452	15-19	-0.016730964175863505
1452	20-24	-0.02954919739961781
1452	25-29	-0.03434273960160539
1452	30-34	-0.024095681744690012
1452	35-39	-0.03696946091401543
1452	40-44	-0.06335392570632337
1452	45-49	-0.05058354462807557
1452	50-54	-0.011812258021400623
1452	55-59	0.013488085783130543
1452	60-64	-0.01718046395068029
1452	65-69	-0.008751232595010094
1452	70-74	-0.023247169402417
1452	75-79	-0.04743819966727614
1452	80-84	4.5106707494113607E-4
1452	85-89	-0.00593818140392699
1452	90-94	-0.02826835768656366
1452	95-99	-0.018750160260992743
1452	100-104	0.015259481378727457
1452	105-109	0.011291402671339767
1452	110-114	-0.006319579805904141
1452	115-119	0.06768667972026776
1452	120-124	0.03006198332253973
1452	125-129	0.056032858689185616
1452	130-134	0.061727220274562455
1452	135-139	0.0782700781688348
1452	140-144	0.06268008396554592
1452	145-149	0.07442611233300767
1452	150	0.17795506411688677
1453	1	-0.11085993059729304
1453	2	-0.00293555164672199
1453	3	-0.10840709201016097
1453	4	-0.07857166567237783
1453	5	-0.0158872858188559
1453	6	-0.019713012272880803
1453	7	-0.05818409605589636
1453	8	-0.07229602628761711
1453	9	-0.021096608964363384
1453	10-14	-0.022375098475009736
1453	15-19	-0.007486683960806317
1453	20-24	-0.06306735497705773
1453	25-29	-0.03427520444670762
1453	30-34	-0.02084535093105444
1453	35-39	-0.02292679743123216
1453	40-44	0.0020462913359295953
1453	45-49	-0.020031724478563717
1453	50-54	0.046428368263796926
1453	55-59	0.034104552563881896
1453	60-64	0.005136108664743233
1453	65-69	0.011483080052585137
1453	70-74	0.031778236874338006
1453	75-79	0.04602447442818658
1453	80-84	0.04539532721166495
1453	85-89	0.04219476123311949
1453	90-94	0.0753447731004826
1453	95-99	0.08658996427607235
1453	100-104	0.07565966746832942
1453	105-109	0.04866663287429418
1453	110-114	0.06413614933490663
1453	115-119	0.12783929141637174
1453	120-124	0.09033114046582114
1453	125-129	0.11366886896639272
1453	130-134	0.14489128549843144
1453	135-139	0.15888836473116186
1453	140-144	0.1918747418436908
1453	145-149	0.2090367111941518
1453	150	0.3206497681903855
1454	1	-0.008130418258744498
1454	2	0.018266440892041658
1454	3	0.03252451952288027
1454	4	0.004688106294182148
1454	5	0.05918773745015926
1454	6	0.0061442986856761195
1454	7	-0.08529656422674492
1454	8	0.030152334565421768
1454	9	0.04102702891672294
1454	10-14	0.028360808544512395
1454	15-19	0.0036366572658295127
1454	20-24	0.00424077691003788
1454	25-29	0.03461896218450278
1454	30-34	0.011372557789130155
1454	35-39	0.002333194840595354
1454	40-44	0.019860781477845535
1454	45-49	0.044645426309891434
1454	50-54	0.03907791212115086
1454	55-59	-0.01672040907211425
1454	60-64	0.03616490512773396
1454	65-69	0.024112516683061358
1454	70-74	0.043860407242576116
1454	75-79	0.007828786233581297
1454	80-84	0.03173826558272452
1454	85-89	0.015359061755148673
1454	90-94	0.05300551580899082
1454	95-99	0.06366579066852296
1454	100-104	0.07428852944008923
1454	105-109	0.05788499794110891
1454	110-114	0.054483794545511444
1454	115-119	0.0907101604740248
1454	120-124	0.09072067281834961
1454	125-129	0.08456094794291857
1454	130-134	0.16132225855416493
1454	135-139	0.1607752735276975
1454	140-144	0.09789780628997136
1454	145-149	0.14411375101404644
1454	150	0.28388466547742297
1455	1	0.06369330243559546
1455	2	0.028549635324537803
1455	3	0.02038474570135662
1455	4	0.024190295160757103
1455	5	-0.029685678312326047
1455	6	0.0037153571914174677
1455	7	-0.06612986354334538
1455	8	0.03331985517441893
1455	9	-0.06488186830389964
1455	10-14	0.016116182918956667
1455	15-19	0.010160915698627093
1455	20-24	-0.007664859990377693
1455	25-29	-0.020142541368748823
1455	30-34	0.005805509635827377
1455	35-39	0.037956189994758915
1455	40-44	0.04531111944753974
1455	45-49	0.06653043879232712
1455	50-54	0.07021753529016195
1455	55-59	0.0402573251903533
1455	60-64	0.04942835292076353
1455	65-69	0.04006388734199362
1455	70-74	0.06802554119850868
1455	75-79	0.0391534682554493
1455	80-84	0.047207606914049904
1455	85-89	0.060339980571065155
1455	90-94	0.038130749753555904
1455	95-99	0.049537591541721326
1455	100-104	0.07775259763956655
1455	105-109	0.08301249901520436
1455	110-114	0.09632650098130568
1455	115-119	0.16005830493716644
1455	120-124	0.16020921485730355
1455	125-129	0.12472197287341658
1455	130-134	0.1517705481782059
1455	135-139	0.24556000928524213
1455	140-144	0.10940338292937923
1455	145-149	0.21988972455088884
1455	150	0.2283632506476394
1456	1	0.053077574657727666
1456	2	0.021097112512983074
1456	3	-0.0015911425225354492
1456	4	-0.032987499565521716
1456	5	0.022499140173025012
1456	6	-0.015182324061498775
1456	7	0.07017838193735315
1456	8	-0.0017515028980810143
1456	9	0.029603648677465344
1456	10-14	-0.020315496868747118
1456	15-19	-0.01712343490858359
1456	20-24	-0.03417576716723403
1456	25-29	-0.011539836180034513
1456	30-34	-0.040591095727627646
1456	35-39	-0.02768510543366176
1456	40-44	-0.02624620155835089
1456	45-49	-0.010621949699995525
1456	50-54	-0.022774835498516666
1456	55-59	5.492925672783144E-4
1456	60-64	-0.04462061105450488
1456	65-69	-5.078640710323157E-4
1456	70-74	-0.02741363972860711
1456	75-79	-0.01528765636325602
1456	80-84	-0.007362261806648007
1456	85-89	0.034453429810056946
1456	90-94	0.0645961595643314
1456	95-99	0.05751119953149697
1456	100-104	0.051581446584215485
1456	105-109	0.03842000927061662
1456	110-114	0.07475228209092677
1456	115-119	0.09323502143011098
1456	120-124	0.08713496119232644
1456	125-129	0.093715164100594
1456	130-134	0.1501136916599819
1456	135-139	0.1991445940983354
1456	140-144	0.14443699163204116
1456	145-149	0.14101110136392947
1456	150	0.20896990990889464
1457	1	0.03039492903371155
1457	2	0.035612531374574985
1457	3	0.0539210789276936
1457	4	0.08073664831478311
1457	5	0.03421261295570588
1457	6	-0.006816102783353983
1457	7	-0.05571967582217496
1457	8	0.015808141753652194
1457	9	-0.0011925794124536537
1457	10-14	1.4294705459150236E-4
1457	15-19	0.02295763488781688
1457	20-24	0.036671140109952205
1457	25-29	0.042868486597576805
1457	30-34	0.03909985443259956
1457	35-39	0.06039387587406253
1457	40-44	0.06163306332462781
1457	45-49	0.06583973119297326
1457	50-54	0.05434881836125527
1457	55-59	0.058874095048864206
1457	60-64	0.023855347438193064
1457	65-69	0.051839789941794834
1457	70-74	0.01697182729193969
1457	75-79	0.024620307866207725
1457	80-84	0.03409217241095064
1457	85-89	0.02475209941977141
1457	90-94	0.08455008885646009
1457	95-99	0.10464481573578865
1457	100-104	0.08254649574035255
1457	105-109	0.08833995953753515
1457	110-114	0.06075497087923054
1457	115-119	0.15212909906455963
1457	120-124	0.10295727015319045
1457	125-129	0.15279852275943284
1457	130-134	0.15806263778431173
1457	135-139	0.21928522197607236
1457	140-144	0.1695400573507726
1457	145-149	0.1438725609184175
1457	150	0.2547366530040094
1458	1	-0.03457031235629415
1458	2	0.0745950168102496
1458	3	0.021372639035398322
1458	4	0.010590787834196647
1458	5	0.053098926440569016
1458	6	0.04848440419383593
1458	7	-0.010862403612662774
1458	8	-0.0024841052938882058
1458	9	0.049245833675605866
1458	10-14	0.0399929610477443
1458	15-19	0.04016776060189642
1458	20-24	0.04719020419950937
1458	25-29	0.05000167568544356
1458	30-34	0.061046906596907036
1458	35-39	0.052319151053204394
1458	40-44	0.03717457952795655
1458	45-49	0.05664775031898017
1458	50-54	0.09078950305845268
1458	55-59	0.09354496168504056
1458	60-64	0.04907310560946598
1458	65-69	0.10989500845219169
1458	70-74	0.08160004168662027
1458	75-79	0.06679355847720814
1458	80-84	0.0947131131711032
1458	85-89	0.09067894351365169
1458	90-94	0.14508366003440187
1458	95-99	0.13466584517373548
1458	100-104	0.1280148878083125
1458	105-109	0.15109000824490693
1458	110-114	0.18404354326492722
1458	115-119	0.17699943466187307
1458	120-124	0.21255002978452353
1458	125-129	0.2088902150334917
1458	130-134	0.24251930877896655
1458	135-139	0.29342634861382777
1458	140-144	0.24860453002861505
1458	145-149	0.2852837805744173
1458	150	0.4061222084292666
1459	1	-0.005103404220122343
1459	2	0.1079723652709319
1459	3	0.036027788747034606
1459	4	0.07067132013602873
1459	5	0.01359204812530379
1459	6	-5.352881865690051E-4
1459	7	0.014369543912231109
1459	8	0.06158016114227394
1459	9	-0.015923316551997857
1459	10-14	0.018266811424432206
1459	15-19	0.023356234759944527
1459	20-24	0.0381109305936036
1459	25-29	0.04594821338607602
1459	30-34	0.047592423684157836
1459	35-39	0.04480468280852534
1459	40-44	0.06300226939329434
1459	45-49	0.04020863626751492
1459	50-54	0.05589850342176561
1459	55-59	0.07340452188955027
1459	60-64	0.06314880308337933
1459	65-69	0.05914555885490813
1459	70-74	0.04745430842341847
1459	75-79	0.06772391211226392
1459	80-84	0.078311193688954
1459	85-89	0.06839371010724449
1459	90-94	0.053535217020979076
1459	95-99	0.10379197554721742
1459	100-104	0.08140109677980689
1459	105-109	0.0726392506153033
1459	110-114	0.0969519465109201
1459	115-119	0.1393635410635099
1459	120-124	0.1174369673827016
1459	125-129	0.14281595034285743
1459	130-134	0.22730456257714593
1459	135-139	0.18012891720646707
1459	140-144	0.17747455388580846
1459	145-149	0.2549427301447835
1459	150	0.2665533158602784
1460	1	-0.10208973144985833
1460	2	-0.037074277520623866
1460	3	-0.0632374894763359
1460	4	0.038313362310979926
1460	5	0.006586827983049659
1460	6	0.004189869820656611
1460	7	-0.10323307613577981
1460	8	-0.03099253703768312
1460	9	-0.035180098637404456
1460	10-14	0.004468072815534185
1460	15-19	-7.85054704437016E-4
1460	20-24	-0.0011211794744241388
1460	25-29	0.0019854013000895065
1460	30-34	-0.022353201734638617
1460	35-39	-0.014893762774832453
1460	40-44	0.003992029699041666
1460	45-49	0.015730425340827026
1460	50-54	0.03517981015212257
1460	55-59	0.013267374292425416
1460	60-64	0.01193140733447251
1460	65-69	0.05144064713041985
1460	70-74	0.0047951108101997875
1460	75-79	-0.008013145985337644
1460	80-84	0.03497698352860823
1460	85-89	0.04490939761076618
1460	90-94	0.059906244441961576
1460	95-99	0.09161416999999972
1460	100-104	0.07294650380668344
1460	105-109	0.09579747235397207
1460	110-114	0.04291650905397404
1460	115-119	0.11201262027233838
1460	120-124	0.0888442115801169
1460	125-129	0.0785895217162107
1460	130-134	0.1732280245849367
1460	135-139	0.1708845015399305
1460	140-144	0.19601751534896295
1460	145-149	0.2434805230460384
1460	150	0.175802304750853
1461	1	-0.10775596541021315
1461	2	0.0185040140388395
1461	3	-0.015553820265495233
1461	4	0.003544263331008324
1461	5	0.011821828995046246
1461	6	0.008849912827820106
1461	7	0.022971390394076252
1461	8	0.004441077268744209
1461	9	-0.029928803970769025
1461	10-14	-2.464210431725178E-4
1461	15-19	-0.007484577930149783
1461	20-24	0.004554940458653789
1461	25-29	3.8702844684479487E-4
1461	30-34	-0.028045719324417462
1461	35-39	-0.006904879900737626
1461	40-44	-0.010122793534165453
1461	45-49	0.027637793487464535
1461	50-54	0.0484770963746044
1461	55-59	0.0395096686793579
1461	60-64	0.06558846900728099
1461	65-69	0.0531133236711554
1461	70-74	0.029282301253147125
1461	75-79	0.025296261098390005
1461	80-84	0.08142902578510558
1461	85-89	0.061701129632623974
1461	90-94	0.03658972419574269
1461	95-99	0.09471155908052253
1461	100-104	0.0929404127532294
1461	105-109	0.1155523845875095
1461	110-114	0.08065219720173644
1461	115-119	0.16609598635186984
1461	120-124	0.14707052246963315
1461	125-129	0.1139320302260316
1461	130-134	0.17882877769845607
1461	135-139	0.25331379993458825
1461	140-144	0.21844480650403852
1461	145-149	0.19500582579168224
1461	150	0.22823089419819098
1462	1	-0.09771864231191074
1462	2	0.0321863299922569
1462	3	-0.008000497645234361
1462	4	-0.0045001595267351036
1462	5	-0.04100257342001612
1462	6	0.062479283047494505
1462	7	0.03809206871992643
1462	8	0.00849825591231479
1462	9	0.06817920984206438
1462	10-14	0.00884692585663771
1462	15-19	0.021844558875429243
1462	20-24	0.024250427704281208
1462	25-29	0.03672883871657717
1462	30-34	0.002035463806734583
1462	35-39	0.012511123724301854
1462	40-44	0.03638327861939672
1462	45-49	0.07045973607014133
1462	50-54	0.08396593760297577
1462	55-59	0.05169484500002852
1462	60-64	0.04409753222925161
1462	65-69	0.049997412782857964
1462	70-74	0.05960068395103235
1462	75-79	0.027548750317954784
1462	80-84	0.04525705627246879
1462	85-89	0.07417372433074831
1462	90-94	0.09499330019547614
1462	95-99	0.07370642115218118
1462	100-104	0.03737403786213633
1462	105-109	0.05559303029308893
1462	110-114	0.04112058001079788
1462	115-119	0.0826211195355242
1462	120-124	0.12974233009648373
1462	125-129	0.17073521080460807
1462	130-134	0.18400508046036634
1462	135-139	0.19241404412471041
1462	140-144	0.17236752306912706
1462	145-149	0.19660660235836502
1462	150	0.3303964908998509
1463	1	-0.08670340794319742
1463	2	-0.008332237062333547
1463	3	-0.12513412522837797
1463	4	0.049668631667643126
1463	5	-3.6105332823410663E-4
1463	6	-0.0059243249481681914
1463	7	-0.023709848947085277
1463	8	-0.03890956883869734
1463	9	-0.015772590130346487
1463	10-14	-0.030793597526425742
1463	15-19	-0.024461574168867628
1463	20-24	-0.02054646406151761
1463	25-29	0.011130782291353114
1463	30-34	0.024238519384098822
1463	35-39	-0.01739599857261709
1463	40-44	0.01604424678897942
1463	45-49	0.02621112549313409
1463	50-54	0.03286606350072674
1463	55-59	0.004315835009876423
1463	60-64	-0.002981829778526901
1463	65-69	-0.005633480922966783
1463	70-74	0.0019904378259241184
1463	75-79	-0.03546900403678421
1463	80-84	0.012689924218790338
1463	85-89	0.019547517665493785
1463	90-94	0.046485199525427845
1463	95-99	0.06747051465857368
1463	100-104	0.0031653696149902544
1463	105-109	0.047074734791209494
1463	110-114	0.03450634487486326
1463	115-119	0.1297228092114011
1463	120-124	0.08821825205930622
1463	125-129	0.0736173512667122
1463	130-134	0.12818456404311007
1463	135-139	0.1631277447282642
1463	140-144	0.16424984906322493
1463	145-149	0.16681345097018863
1463	150	0.09623292477436962
1464	1	-0.02115214804288712
1464	2	0.003045760840329592
1464	3	0.02308866633281781
1464	4	0.0368882157574717
1464	5	-0.015588016870779597
1464	6	0.022986678881331102
1464	7	0.0403599587436716
1464	8	-0.01603882708075588
1464	9	-0.028369763779465984
1464	10-14	-0.026533946755151305
1464	15-19	0.01115059329289636
1464	20-24	0.020568532897861758
1464	25-29	0.028518658005673103
1464	30-34	-0.004654452938567033
1464	35-39	0.03252452082845281
1464	40-44	0.019905799357346154
1464	45-49	0.06303854626317218
1464	50-54	0.0470272361926618
1464	55-59	0.08221856000670869
1464	60-64	0.05192838224535734
1464	65-69	0.06181091156381058
1464	70-74	0.05594550688205402
1464	75-79	-0.003213565495755688
1464	80-84	0.051979055479236536
1464	85-89	0.07730348785788976
1464	90-94	0.09152614729187292
1464	95-99	0.12410332102405164
1464	100-104	0.11517726572598264
1464	105-109	0.09758865469004263
1464	110-114	0.09256445989451123
1464	115-119	0.14361497289709035
1464	120-124	0.1462502565203465
1464	125-129	0.16911104060520898
1464	130-134	0.1655714298759534
1464	135-139	0.25802616016569146
1464	140-144	0.23716493047211884
1464	145-149	0.26601782536690877
1464	150	0.28252356427083214
1465	1	-0.08110489160434753
1465	2	-0.03504247146340589
1465	3	0.0019198361085273064
1465	4	-0.03425262840774934
1465	5	0.00597147528651476
1465	6	-0.0012932571106745172
1465	7	-0.009420108384276205
1465	8	-0.008945106956488758
1465	9	0.03178819603905225
1465	10-14	-0.008559329984556996
1465	15-19	-0.016295651729016924
1465	20-24	-8.153988740389195E-4
1465	25-29	0.007953121423646792
1465	30-34	0.0016421387290250777
1465	35-39	-0.04044557112109004
1465	40-44	0.01957633716909868
1465	45-49	-0.00655851831017884
1465	50-54	0.006507412400189594
1465	55-59	0.02688363641807001
1465	60-64	0.042682934191589084
1465	65-69	0.008514815793454034
1465	70-74	-0.025419625026458448
1465	75-79	0.0138268586633572
1465	80-84	-0.008720511393647712
1465	85-89	0.06561941877544797
1465	90-94	0.038127327619314144
1465	95-99	0.03685915449579369
1465	100-104	0.051425714841158765
1465	105-109	0.058285166919084475
1465	110-114	0.012383829215941944
1465	115-119	0.08080158061417819
1465	120-124	0.08515908965085828
1465	125-129	0.08257812815370613
1465	130-134	0.161396096881937
1465	135-139	0.17714419038648543
1465	140-144	0.13990965412406808
1465	145-149	0.1384295854191464
1465	150	0.26458594757876597
1466	1	0.042986057736392524
1466	2	0.07410040477781621
1466	3	0.013376980096339253
1466	4	0.05939075339823319
1466	5	0.03688868097669484
1466	6	0.03436901338784537
1466	7	0.02371461660469265
1466	8	0.011935088036644004
1466	9	0.04731118263426026
1466	10-14	0.03017838646442783
1466	15-19	0.016377830183145647
1466	20-24	0.03205030866222103
1466	25-29	-0.0216716288147083
1466	30-34	0.026039795500302887
1466	35-39	0.024632679887020004
1466	40-44	0.024692964758806113
1466	45-49	0.018877210728433624
1466	50-54	0.06020503004618405
1466	55-59	0.05189965839338129
1466	60-64	0.07232648987469759
1466	65-69	0.04348905306643758
1466	70-74	0.05021927165164897
1466	75-79	0.047893408085990075
1466	80-84	0.03214969562354497
1466	85-89	0.09258539547853673
1466	90-94	0.06382950813406296
1466	95-99	0.08481010942719536
1466	100-104	0.07337202037533785
1466	105-109	0.07716496641203463
1466	110-114	0.1184423781813777
1466	115-119	0.17790674602168366
1466	120-124	0.11224883078570258
1466	125-129	0.14039595430347163
1466	130-134	0.21978676851428958
1466	135-139	0.2462914592515304
1466	140-144	0.22141146748741392
1466	145-149	0.2546269874030145
1466	150	0.25729623075039143
1467	1	0.003770806196669696
1467	2	-2.3124482768110965E-4
1467	3	-0.02716169108461486
1467	4	0.006011755522777662
1467	5	-0.04206576446909338
1467	6	0.04223545242737714
1467	7	0.01379762051774236
1467	8	0.014490459119734567
1467	9	0.06116148518793807
1467	10-14	-0.01391690218425623
1467	15-19	-0.00847143639752801
1467	20-24	-0.006178494865039852
1467	25-29	0.003532172680166923
1467	30-34	-0.0010011952081114828
1467	35-39	-0.010277984287739628
1467	40-44	0.006837781002936083
1467	45-49	0.03380631635289433
1467	50-54	0.051340300818573326
1467	55-59	0.0406937258285609
1467	60-64	0.0479624916536423
1467	65-69	0.039222218070463555
1467	70-74	-0.017565863287856587
1467	75-79	0.04040664902079527
1467	80-84	0.07802979663852483
1467	85-89	0.06817809767260741
1467	90-94	0.06973595407718136
1467	95-99	0.06168847889350815
1467	100-104	0.13183668491441125
1467	105-109	0.07705057899465118
1467	110-114	0.08790052039443452
1467	115-119	0.1290170977960301
1467	120-124	0.1255445856439792
1467	125-129	0.1428731426823049
1467	130-134	0.17179201315477144
1467	135-139	0.1752200423247885
1467	140-144	0.2685325450384468
1467	145-149	0.18176150695369842
1467	150	0.2990213801143966
1468	1	-0.04750102337960982
1468	2	-0.008644842928745788
1468	3	-0.05255949616832112
1468	4	-0.013855703249866735
1468	5	-0.013797529559631982
1468	6	-4.9327720883241E-4
1468	7	-3.0047887375417304E-4
1468	8	-7.921566425679316E-4
1468	9	-0.016273154484998997
1468	10-14	-0.003880404754404765
1468	15-19	-0.006141685491868998
1468	20-24	0.0020575073747224337
1468	25-29	-0.004422445725779767
1468	30-34	-0.017643650217941342
1468	35-39	0.009493449628941164
1468	40-44	-0.024672394318479007
1468	45-49	0.012081549432174654
1468	50-54	0.026952097200535263
1468	55-59	-0.02895954348819174
1468	60-64	-0.0013307689616652851
1468	65-69	9.284310260966322E-4
1468	70-74	-0.0020065029115414745
1468	75-79	-0.022076729415253737
1468	80-84	0.0151153554204555
1468	85-89	0.006044047824602217
1468	90-94	0.060332686836709115
1468	95-99	0.021076772119592135
1468	100-104	0.04942025753036461
1468	105-109	0.041221744640886016
1468	110-114	0.03657891828416382
1468	115-119	0.09706577696614715
1468	120-124	0.0718316871996123
1468	125-129	0.08978465058464735
1468	130-134	0.1265486165756471
1468	135-139	0.16006608914564424
1468	140-144	0.15597615571524415
1468	145-149	0.18190823685011992
1468	150	0.12940713328021758
1469	1	-0.02523496112247159
1469	2	0.0107046504207986
1469	3	0.07201703792287617
1469	4	0.014770358637072434
1469	5	-0.003318201647310559
1469	6	-0.00985186327650922
1469	7	0.046058544785154254
1469	8	0.07289532859928016
1469	9	0.008100180957328007
1469	10-14	0.03091162307202211
1469	15-19	0.004739809737316136
1469	20-24	0.028769366561270715
1469	25-29	0.06309645087238636
1469	30-34	0.02773695391557851
1469	35-39	0.04674181400007882
1469	40-44	0.05708291196476978
1469	45-49	0.04241147546466095
1469	50-54	0.04445910024139721
1469	55-59	0.056428057230974105
1469	60-64	0.06235231831858812
1469	65-69	0.043770083433024354
1469	70-74	0.08774995434428234
1469	75-79	0.08191968862069388
1469	80-84	0.07552382244956135
1469	85-89	0.09684415566880489
1469	90-94	0.11232975857588201
1469	95-99	0.09740999724703414
1469	100-104	0.09729587729291467
1469	105-109	0.11805377096911229
1469	110-114	0.12186213305570703
1469	115-119	0.17582732444402183
1469	120-124	0.12764862314363512
1469	125-129	0.18928946720699003
1469	130-134	0.1969186827475724
1469	135-139	0.23677289875625718
1469	140-144	0.2559073938657477
1469	145-149	0.2657064904366706
1469	150	0.3185031187701668
1470	1	0.07512694525003383
1470	2	0.013149775786068574
1470	3	0.05626246754079034
1470	4	0.06112915896433435
1470	5	0.02087358705491482
1470	6	0.01748248237774419
1470	7	0.002318619191385096
1470	8	-0.016016419066097853
1470	9	0.018734882531198593
1470	10-14	0.019091253027596622
1470	15-19	6.811218603246516E-4
1470	20-24	0.025896347154834132
1470	25-29	0.039402565963435165
1470	30-34	0.005334157790990446
1470	35-39	0.05528045373262103
1470	40-44	0.05197553827456858
1470	45-49	0.02841952809298931
1470	50-54	0.059679718762488676
1470	55-59	0.08470693180566968
1470	60-64	0.07001653161095334
1470	65-69	0.06793022865457488
1470	70-74	0.06838820103118337
1470	75-79	0.05498583583973016
1470	80-84	0.06088124802407435
1470	85-89	0.10665997496343493
1470	90-94	0.09190917730831671
1470	95-99	0.09091184042183187
1470	100-104	0.12737965891372482
1470	105-109	0.12928389157539755
1470	110-114	0.1300409527990709
1470	115-119	0.18554260324365401
1470	120-124	0.16457888328839232
1470	125-129	0.1586617422671921
1470	130-134	0.2522359263175886
1470	135-139	0.2558733557379682
1470	140-144	0.26151927822979815
1470	145-149	0.24110415944806363
1470	150	0.30564369504894984
1471	1	-0.04671424009431746
1471	2	-3.4869072636212195E-4
1471	3	0.07178942129143451
1471	4	4.68742182420101E-5
1471	5	0.05654188233938129
1471	6	0.024028790688689128
1471	7	0.011141955290383976
1471	8	-0.03776022858002648
1471	9	0.014585797367388409
1471	10-14	-0.008392148726208859
1471	15-19	-0.0021355068685835477
1471	20-24	0.04777420087848583
1471	25-29	0.03244726509305451
1471	30-34	0.02240168770659068
1471	35-39	0.008998673713215055
1471	40-44	0.01626623585148934
1471	45-49	0.04003423430592079
1471	50-54	0.060049533498059304
1471	55-59	0.048761073189524495
1471	60-64	0.05159556677289601
1471	65-69	0.04606218990804223
1471	70-74	0.06038595754083076
1471	75-79	0.023650553934409402
1471	80-84	0.045754820389035444
1471	85-89	0.05900087339266946
1471	90-94	0.10005442396004582
1471	95-99	0.04903910760678798
1471	100-104	0.07141155184346104
1471	105-109	0.08871062889817694
1471	110-114	0.08940351166329208
1471	115-119	0.11891207726934994
1471	120-124	0.10568841075236435
1471	125-129	0.0954985416535763
1471	130-134	0.13576980121015936
1471	135-139	0.16711471171282
1471	140-144	0.2090954332764312
1471	145-149	0.17361717411359479
1471	150	0.28335267417582344
1472	1	0.04719599220746318
1472	2	0.042189499480869586
1472	3	0.0885030217638132
1472	4	0.08121352291557571
1472	5	0.02013929688212812
1472	6	0.04828067884140097
1472	7	0.04954751851450112
1472	8	-0.011595833966268287
1472	9	0.030821242171427343
1472	10-14	0.051785261611385636
1472	15-19	0.027347458915627954
1472	20-24	0.03633924374791064
1472	25-29	0.0364218665377507
1472	30-34	0.07564102385173754
1472	35-39	0.016454229829506062
1472	40-44	0.05910882103796666
1472	45-49	0.07434011674499175
1472	50-54	0.07866934172270845
1472	55-59	0.08803039624365283
1472	60-64	0.05902037310431041
1472	65-69	0.06392458421401415
1472	70-74	0.09028463810370368
1472	75-79	0.06876481143649471
1472	80-84	0.08451129839165361
1472	85-89	0.11268508199230354
1472	90-94	0.09445079281253754
1472	95-99	0.14466305935333423
1472	100-104	0.11155067776920902
1472	105-109	0.1497188180040112
1472	110-114	0.12576943212762615
1472	115-119	0.18131149076891262
1472	120-124	0.15936786626733834
1472	125-129	0.18108465262886853
1472	130-134	0.18684722759378758
1472	135-139	0.19082564304925853
1472	140-144	0.2911212049314358
1472	145-149	0.3205790654438445
1472	150	0.2742128642533004
1473	1	0.037152431865379754
1473	2	0.018168640252440582
1473	3	0.09288309301832953
1473	4	0.056111913393237955
1473	5	0.03462592903266426
1473	6	0.05564094273894682
1473	7	0.060289929476077475
1473	8	0.08519014937024139
1473	9	0.03143852727156826
1473	10-14	0.03508585748089388
1473	15-19	0.026718416004058554
1473	20-24	0.023303131308971103
1473	25-29	0.026400188789168055
1473	30-34	0.05452318087152008
1473	35-39	0.05052150290395474
1473	40-44	0.048829330927034675
1473	45-49	0.03892140586696513
1473	50-54	0.046083438290040135
1473	55-59	0.04337488163957204
1473	60-64	0.036512082973438
1473	65-69	0.018637700347746033
1473	70-74	0.03171062513028744
1473	75-79	0.03819556748182151
1473	80-84	0.05678503823374115
1473	85-89	0.04264347842048721
1473	90-94	0.1058982942847706
1473	95-99	0.11649873477070116
1473	100-104	0.09673738244629959
1473	105-109	0.14309364651801815
1473	110-114	0.1061139927288437
1473	115-119	0.14322644976197552
1473	120-124	0.1665723678130604
1473	125-129	0.152840853950444
1473	130-134	0.18289113660196676
1473	135-139	0.20910211807228762
1473	140-144	0.25494959302687903
1473	145-149	0.27017156302044754
1473	150	0.3534125538058248
1474	1	-0.024634628988067675
1474	2	-0.03078109397160489
1474	3	-0.0151191710413201
1474	4	0.03526858540814004
1474	5	-0.06540060291636252
1474	6	-0.033832948682047004
1474	7	-5.380727423300868E-4
1474	8	0.019456760652651894
1474	9	0.02640955324206118
1474	10-14	-0.007579924407089322
1474	15-19	0.007751279103771935
1474	20-24	0.016181339963061703
1474	25-29	-0.0011834182321592834
1474	30-34	0.021943853196816576
1474	35-39	0.014680274651603042
1474	40-44	0.03796971860159459
1474	45-49	0.059972618804977174
1474	50-54	0.04130675171394671
1474	55-59	0.05132415027070181
1474	60-64	0.03312151670747454
1474	65-69	0.03736001297513525
1474	70-74	0.027913475289246037
1474	75-79	0.04072080421526891
1474	80-84	0.10256748538095906
1474	85-89	0.04648707343682901
1474	90-94	0.05643592857067148
1474	95-99	0.11332204454290462
1474	100-104	0.09636684808714335
1474	105-109	0.09447513372219873
1474	110-114	0.08834900988046712
1474	115-119	0.14539235831861674
1474	120-124	0.12450812512047094
1474	125-129	0.14765840543384456
1474	130-134	0.19923542201955513
1474	135-139	0.17446039638273447
1474	140-144	0.20946785271360824
1474	145-149	0.2368809394682856
1474	150	0.23350491922322902
1475	1	0.08828362432121395
1475	2	0.041764148918211674
1475	3	0.0907149473761848
1475	4	0.0885338197904133
1475	5	-0.01658501203088747
1475	6	0.09286992274911654
1475	7	0.07864101779616561
1475	8	0.032960322048964485
1475	9	0.07631943330483182
1475	10-14	0.056601752023702545
1475	15-19	0.0563445355147536
1475	20-24	0.04196968490564501
1475	25-29	0.07635780039117179
1475	30-34	0.06306352865596665
1475	35-39	0.07242722622996922
1475	40-44	0.06867459921199526
1475	45-49	0.0692299541724779
1475	50-54	0.04453218653241464
1475	55-59	0.08650778270860826
1475	60-64	0.092736695940701
1475	65-69	0.08765248239321011
1475	70-74	0.11478840172311067
1475	75-79	0.04807767916670258
1475	80-84	0.10928709012573279
1475	85-89	0.11553770329928881
1475	90-94	0.09935300368562139
1475	95-99	0.09252476713755442
1475	100-104	0.08632306515848143
1475	105-109	0.14556079947130485
1475	110-114	0.10058276863625082
1475	115-119	0.17104462579168
1475	120-124	0.11945184219749905
1475	125-129	0.1528373819022164
1475	130-134	0.16342268834055318
1475	135-139	0.21107934674677864
1475	140-144	0.2597343495930531
1475	145-149	0.311281196512347
1475	150	0.3600476493892302
1476	1	0.061168915682173974
1476	2	0.04156716694192397
1476	3	-0.02428987688734452
1476	4	0.06948588490740093
1476	5	0.06827478916717666
1476	6	0.03593876974471755
1476	7	0.017272043773679968
1476	8	-0.01820416508079603
1476	9	0.0454794746932734
1476	10-14	0.04715165424782697
1476	15-19	0.007903995153938581
1476	20-24	0.03177823517699352
1476	25-29	0.059747484700913844
1476	30-34	0.07110418819743813
1476	35-39	0.048250705763592805
1476	40-44	0.07986196747638274
1476	45-49	0.02866118281864516
1476	50-54	0.06538045804548887
1476	55-59	0.0886791428967939
1476	60-64	0.06299638337127789
1476	65-69	0.08840169767046291
1476	70-74	0.09598354613164872
1476	75-79	0.05335362800928323
1476	80-84	0.08498626075582649
1476	85-89	0.07413516883585203
1476	90-94	0.08700507710468486
1476	95-99	0.09583384781293347
1476	100-104	0.07908215130115082
1476	105-109	0.12476251135123562
1476	110-114	0.1384893146202657
1476	115-119	0.12266119140038256
1476	120-124	0.12413642345467224
1476	125-129	0.15926020231830051
1476	130-134	0.17749511035673748
1476	135-139	0.23270189361034
1476	140-144	0.2630248204004815
1476	145-149	0.28654713215194505
1476	150	0.2605900421384675
1477	1	0.06991234444868155
1477	2	0.03830597865140817
1477	3	0.07687467634484335
1477	4	0.05671840223924107
1477	5	-0.019261415993774733
1477	6	-0.00974028588387199
1477	7	0.05515669867629214
1477	8	0.026849544924807844
1477	9	0.05201180281430595
1477	10-14	0.03419571000138433
1477	15-19	0.03688576215967032
1477	20-24	0.04790475150715423
1477	25-29	0.0326774085298851
1477	30-34	0.028171014103996583
1477	35-39	0.03204441697366889
1477	40-44	0.038828999911714845
1477	45-49	0.04722061047012005
1477	50-54	0.0625797744090093
1477	55-59	0.10375269478615223
1477	60-64	0.047573909899995215
1477	65-69	0.047598130260702476
1477	70-74	0.0697577837793375
1477	75-79	0.07594530528472632
1477	80-84	0.059232144206937676
1477	85-89	0.0614865899129029
1477	90-94	0.12182132906760756
1477	95-99	0.09615455048773924
1477	100-104	0.08508977017729791
1477	105-109	0.14417238388516296
1477	110-114	0.12312570393617506
1477	115-119	0.1234284780117676
1477	120-124	0.1243558835081302
1477	125-129	0.17794934314638056
1477	130-134	0.1634613914508094
1477	135-139	0.150430911002708
1477	140-144	0.2634914103640327
1477	145-149	0.24850503702334947
1477	150	0.329703029921923
1478	1	0.024187408388634424
1478	2	0.05378122588341938
1478	3	0.04540129562693096
1478	4	0.0774724421826889
1478	5	0.06652713386719711
1478	6	-0.04101561408559462
1478	7	0.04894464891501116
1478	8	0.02151863615770111
1478	9	0.06640975480287636
1478	10-14	0.03847035402169041
1478	15-19	0.045546771837500444
1478	20-24	0.05353807145291256
1478	25-29	0.0856908957739364
1478	30-34	0.06664138371037609
1478	35-39	0.056673912659370274
1478	40-44	0.06438554588963541
1478	45-49	0.07016545753249659
1478	50-54	0.07790643911144457
1478	55-59	0.10597589899399651
1478	60-64	0.12375498569733878
1478	65-69	0.13109220461915783
1478	70-74	0.13317077682972212
1478	75-79	0.13122211344437318
1478	80-84	0.13003202442053663
1478	85-89	0.13824923717383797
1478	90-94	0.1407779058089602
1478	95-99	0.1593135496707987
1478	100-104	0.13816075765230096
1478	105-109	0.22527161043917232
1478	110-114	0.18669836424452768
1478	115-119	0.22325323921266005
1478	120-124	0.19547283182200204
1478	125-129	0.28528105976987206
1478	130-134	0.26208121333813494
1478	135-139	0.3386250367524326
1478	140-144	0.30108548818538594
1478	145-149	0.3512973934272239
1478	150	0.3614891644970868
1479	1	0.03200545066865601
1479	2	0.06495466476397382
1479	3	-0.06345994630748208
1479	4	0.04245409287246105
1479	5	-0.007263492391395232
1479	6	-0.002328963782616711
1479	7	-0.052797382112018454
1479	8	-0.007040654194561569
1479	9	0.012015384954281672
1479	10-14	-0.016013099915511475
1479	15-19	0.002273354800124139
1479	20-24	-0.0029447559817086244
1479	25-29	0.04247459014798238
1479	30-34	0.04679179752238838
1479	35-39	-0.0064818726780444536
1479	40-44	0.01880682944750589
1479	45-49	0.03372324291408546
1479	50-54	0.06547457184581873
1479	55-59	0.012651759298954346
1479	60-64	0.03558196228813415
1479	65-69	0.027733350575410043
1479	70-74	0.07628720397497801
1479	75-79	0.08639920680772661
1479	80-84	0.06757094233794447
1479	85-89	0.05605806461608864
1479	90-94	0.07229055802752526
1479	95-99	0.10407988837372528
1479	100-104	0.09227528274125518
1479	105-109	0.11570247724332461
1479	110-114	0.09359582468889727
1479	115-119	0.16625934616746463
1479	120-124	0.11572559751639488
1479	125-129	0.13773974708159642
1479	130-134	0.22736593956818751
1479	135-139	0.23595584434063
1479	140-144	0.2908097067887567
1479	145-149	0.3073511452214106
1479	150	0.2096206245822927
1480	1	0.040856578565502844
1480	2	-0.04982916629308676
1480	3	0.013722073558817272
1480	4	0.061340421926047384
1480	5	-0.008643420887217701
1480	6	0.03201458355029985
1480	7	0.06582910559815502
1480	8	0.0416882438820565
1480	9	0.04175988213605564
1480	10-14	0.04765492020986528
1480	15-19	0.033813939682701744
1480	20-24	0.01815781207849909
1480	25-29	0.05350139569168988
1480	30-34	0.03977498803763524
1480	35-39	0.028130829938739055
1480	40-44	0.05408351304320291
1480	45-49	0.033549182702643066
1480	50-54	0.08288966175043555
1480	55-59	0.041281445016494445
1480	60-64	0.026756500369039316
1480	65-69	0.04565917555356691
1480	70-74	0.0606674979614823
1480	75-79	0.059880084803381806
1480	80-84	0.05934228795543817
1480	85-89	0.07481443117320907
1480	90-94	0.09725348759263852
1480	95-99	0.10069876357450624
1480	100-104	0.08745325183668484
1480	105-109	0.12261738431606517
1480	110-114	0.13625738715850844
1480	115-119	0.12375424866717566
1480	120-124	0.1376957206222329
1480	125-129	0.16730038840567119
1480	130-134	0.12042220802750592
1480	135-139	0.164092168122842
1480	140-144	0.26408183021690945
1480	145-149	0.2524769732686565
1480	150	0.18726012939679748
1481	1	0.1091854385183808
1481	2	0.0620453527207232
1481	3	-0.024125738582242207
1481	4	0.07325711561320958
1481	5	0.041945963062921976
1481	6	-0.0071798534721096985
1481	7	-0.013373270524262182
1481	8	0.031212056169167113
1481	9	0.014026407571236632
1481	10-14	0.004123624841248841
1481	15-19	-0.0064239563857029225
1481	20-24	-0.0012412506790937528
1481	25-29	0.01485588153455808
1481	30-34	0.02068572139577185
1481	35-39	0.02927646654634941
1481	40-44	0.011991448152976147
1481	45-49	0.00972946956338916
1481	50-54	0.020615299197451975
1481	55-59	0.01552696550513133
1481	60-64	0.0556748531488509
1481	65-69	0.06326524732762095
1481	70-74	0.06785998473919364
1481	75-79	0.07427356166466126
1481	80-84	0.023136050499061867
1481	85-89	0.061774094564100324
1481	90-94	0.044599868693403266
1481	95-99	0.0782312254473041
1481	100-104	0.0702445602285735
1481	105-109	0.09762742094606836
1481	110-114	0.1252803317493303
1481	115-119	0.12809738107419122
1481	120-124	0.0762333203590444
1481	125-129	0.14935397756057966
1481	130-134	0.15785389825690288
1481	135-139	0.18527424771603052
1481	140-144	0.21802992517619657
1481	145-149	0.30812069923226915
1481	150	0.18367679034910367
1482	1	0.00975714562541441
1482	2	0.03717615128386598
1482	3	0.04104240708676343
1482	4	0.07487549982058539
1482	5	0.04862555687093817
1482	6	0.01295860873678123
1482	7	0.00465232844787522
1482	8	0.05706885926728944
1482	9	-0.06220976835755465
1482	10-14	-0.007891320927384982
1482	15-19	-0.02505158804932961
1482	20-24	0.025092565666419375
1482	25-29	0.024942641911934516
1482	30-34	0.009668980276352102
1482	35-39	0.0067624963738239785
1482	40-44	0.04425601146080993
1482	45-49	0.009688015747720158
1482	50-54	0.03696547600531375
1482	55-59	0.028322180365705663
1482	60-64	0.0542228267631657
1482	65-69	0.03535612826738088
1482	70-74	0.05053843109266154
1482	75-79	0.06363798555214117
1482	80-84	0.033237413793969495
1482	85-89	0.024149521721078315
1482	90-94	0.07685560098786937
1482	95-99	0.10870838010634287
1482	100-104	0.07197166402270483
1482	105-109	0.15233133524944975
1482	110-114	0.10470525962217181
1482	115-119	0.11612753696466172
1482	120-124	0.13446854334645764
1482	125-129	0.13689484913542316
1482	130-134	0.2024125481623429
1482	135-139	0.18115006058051364
1482	140-144	0.2897887773291572
1482	145-149	0.27317678338202
1482	150	0.21097154793057626
1483	1	-0.011558661609910814
1483	2	0.07837112357212561
1483	3	0.08770751144066224
1483	4	-0.01828061433098327
1483	5	0.02043139248570469
1483	6	0.01007489607912504
1483	7	0.05518766196640712
1483	8	0.001260169776372777
1483	9	-0.002128027921820319
1483	10-14	0.02698507338606504
1483	15-19	-0.0035609736577697504
1483	20-24	-0.026454706219745105
1483	25-29	-0.0025323989829004745
1483	30-34	0.04117336291127316
1483	35-39	0.02343199509446947
1483	40-44	-0.006645633225822678
1483	45-49	0.03969678420398992
1483	50-54	0.03675490559796657
1483	55-59	0.020889762221287356
1483	60-64	0.07218866657242273
1483	65-69	0.030478699814892707
1483	70-74	0.0494416295949307
1483	75-79	0.10604470809321498
1483	80-84	0.09338430788624663
1483	85-89	0.0673223298315122
1483	90-94	0.08077751972424352
1483	95-99	0.11161567229292046
1483	100-104	0.122813635700048
1483	105-109	0.16927192323715445
1483	110-114	0.15417840198835364
1483	115-119	0.19592450968917063
1483	120-124	0.1703715915075037
1483	125-129	0.16722677880122205
1483	130-134	0.17807259971866785
1483	135-139	0.24177155786900784
1483	140-144	0.26871568861074735
1483	145-149	0.349777924642801
1483	150	0.2436688809236358
1484	1	0.03472891990913496
1484	2	0.0017468422964199704
1484	3	-0.02710883573352163
1484	4	0.038045541627333535
1484	5	-0.04638854021864347
1484	6	0.024570000400778724
1484	7	-0.015538648841392444
1484	8	-0.04006992180607938
1484	9	-0.009204482163987393
1484	10-14	-0.02128470856953868
1484	15-19	-0.04532309392354961
1484	20-24	0.0047877336646280355
1484	25-29	0.03870275457397554
1484	30-34	0.0372624405111992
1484	35-39	-0.029203367854897522
1484	40-44	0.0035077905840452672
1484	45-49	-0.010435712948250853
1484	50-54	0.049897114438614665
1484	55-59	0.015429005742419122
1484	60-64	0.05107285402843331
1484	65-69	0.04052030187747846
1484	70-74	0.022907378618917562
1484	75-79	0.06278065773187791
1484	80-84	0.043600004585023555
1484	85-89	0.05483322913235611
1484	90-94	0.09875006404558206
1484	95-99	0.08452675385783692
1484	100-104	0.10901639569062382
1484	105-109	0.1121885466690955
1484	110-114	0.11774818392679265
1484	115-119	0.09340778779365166
1484	120-124	0.10479533091304205
1484	125-129	0.1394760070291312
1484	130-134	0.2065202399495618
1484	135-139	0.16735430524658312
1484	140-144	0.21809849701009654
1484	145-149	0.27709610112531635
1484	150	0.20802024754071624
1485	1	-0.02517203191140993
1485	2	0.05524418917531193
1485	3	0.03691647761961292
1485	4	0.08726982107472736
1485	5	0.0053853258503338
1485	6	0.015163952547858628
1485	7	0.053743223875265755
1485	8	0.02793196088826022
1485	9	0.015098082030533533
1485	10-14	0.01991189650448888
1485	15-19	0.020030795849280025
1485	20-24	0.016504662049484864
1485	25-29	0.01981667140168497
1485	30-34	0.016453299963913537
1485	35-39	0.008181500714563583
1485	40-44	0.03434050821176271
1485	45-49	0.037061887712916075
1485	50-54	0.051468348732981894
1485	55-59	0.05109046203002521
1485	60-64	0.0957160323965951
1485	65-69	0.07070764504100424
1485	70-74	0.09031991996275934
1485	75-79	0.0826010982142904
1485	80-84	0.05830101035999036
1485	85-89	0.05070322545582684
1485	90-94	0.061523449618619
1485	95-99	0.09162393133535573
1485	100-104	0.09932828632621948
1485	105-109	0.13937304717432397
1485	110-114	0.123226979801899
1485	115-119	0.1538494717246408
1485	120-124	0.12884032095762166
1485	125-129	0.11385091972724126
1485	130-134	0.1807412386158873
1485	135-139	0.1657007687473353
1485	140-144	0.2208382261666273
1485	145-149	0.23391021772376064
1485	150	0.28440573937291447
1486	1	0.05220093362901679
1486	2	0.03079255596751551
1486	3	0.05644549569415602
1486	4	0.03625630394842716
1486	5	-0.07231828626368753
1486	6	-0.01776582446721875
1486	7	0.04415119609704732
1486	8	-0.016969970292407766
1486	9	0.05496011082179564
1486	10-14	0.00893284343349876
1486	15-19	-0.026087266192682534
1486	20-24	0.032498619226068115
1486	25-29	0.028667374728520656
1486	30-34	0.03307048942319568
1486	35-39	0.013396092123130643
1486	40-44	0.02389184651109133
1486	45-49	0.013696058527081334
1486	50-54	0.035221419043118374
1486	55-59	0.06245665503632836
1486	60-64	0.04330245039433578
1486	65-69	0.03326911592438364
1486	70-74	0.05202314709861611
1486	75-79	0.056266153637693606
1486	80-84	0.07106071395440239
1486	85-89	0.05765399022048712
1486	90-94	0.04690695077430718
1486	95-99	0.12154115067989579
1486	100-104	0.07362984359051694
1486	105-109	0.10317824592044644
1486	110-114	0.1297514628841938
1486	115-119	0.15810948285312776
1486	120-124	0.07268773621672153
1486	125-129	0.14676248272135695
1486	130-134	0.18629807883742444
1486	135-139	0.187891701591532
1486	140-144	0.20952343257552997
1486	145-149	0.21971758582417777
1486	150	0.23837946035826008
1487	1	0.01874539712537171
1487	2	-0.008577492301704126
1487	3	0.04492680772336399
1487	4	0.06991018259134307
1487	5	0.02286405017321158
1487	6	0.021246526402912025
1487	7	-0.03308718360361951
1487	8	-7.176398155834818E-4
1487	9	-0.04234553770703542
1487	10-14	-0.001633270892092753
1487	15-19	-0.018815768437484337
1487	20-24	-0.03383411952366089
1487	25-29	0.004860241839224955
1487	30-34	-0.025979280765028534
1487	35-39	0.03395774923762929
1487	40-44	-0.010353627704219548
1487	45-49	0.03195361994571755
1487	50-54	0.005171545294189173
1487	55-59	0.01594370217989649
1487	60-64	0.005565911942909452
1487	65-69	0.02042597146101599
1487	70-74	0.0446309806196723
1487	75-79	0.007106355544671317
1487	80-84	0.025019311736699024
1487	85-89	0.05008041634754079
1487	90-94	0.08097115621563233
1487	95-99	0.033463274879146354
1487	100-104	0.057917634453573896
1487	105-109	0.10369438599759917
1487	110-114	0.08573544926893817
1487	115-119	0.0863607676729572
1487	120-124	0.11343506675620318
1487	125-129	0.1468620580993658
1487	130-134	0.14851214545369373
1487	135-139	0.1475267890206169
1487	140-144	0.23558719535694195
1487	145-149	0.28139727805540105
1487	150	0.249943315350869
1488	1	0.06309576340655809
1488	2	0.04304407804316668
1488	3	-0.0069643196357560555
1488	4	0.049991005879455486
1488	5	-0.09556162352580344
1488	6	-0.07650826054904059
1488	7	-0.03862788304682141
1488	8	-0.015605728231925298
1488	9	0.004800825354536187
1488	10-14	-0.021084163858120064
1488	15-19	-0.03336382008622252
1488	20-24	0.018265934969036834
1488	25-29	0.023056298414068976
1488	30-34	0.0022544036671874323
1488	35-39	0.0019643929358608148
1488	40-44	0.027974014640236078
1488	45-49	0.0030687923279799634
1488	50-54	0.018483630711166654
1488	55-59	-0.0039805104692831605
1488	60-64	-0.0029867804213452587
1488	65-69	-0.03471716789963608
1488	70-74	0.0671927917109727
1488	75-79	0.05805743348792447
1488	80-84	0.016125379120985883
1488	85-89	0.019486828608812345
1488	90-94	0.009760981635984933
1488	95-99	0.04550323112725607
1488	100-104	0.059728036380668925
1488	105-109	0.1037535378131409
1488	110-114	0.09950927521858688
1488	115-119	0.14039161921519394
1488	120-124	0.10156827197108242
1488	125-129	0.1321371527459263
1488	130-134	0.14922898951008534
1488	135-139	0.16657304267324236
1488	140-144	0.18869629803266008
1488	145-149	0.24118806465624232
1488	150	0.245742046697778
2101	1	0.0030319495962558562
2101	2	0.08389464207159136
2101	3	-0.039362733267822136
2101	4	0.029712166460399203
2101	5	-0.060814642228869786
2101	6	-0.026050775502675094
2101	7	0.004689263049463932
2101	8	-0.02189446826763941
2101	9	0.03917013562487881
2101	10-14	0.009929971374667446
2101	15-19	0.03449891289169216
2101	20-24	0.00915315328602162
2101	25-29	0.059845022396586955
2101	30-34	0.024875401939361552
2101	35-39	0.016213936978211052
2101	40-44	0.043537683036596775
2101	45-49	0.03329754264398588
2101	50-54	-0.006093626174028088
2101	55-59	-0.02817871232377911
2101	60-64	-0.012545959532353379
2101	65-69	0.012109762700347915
2101	70-74	-0.07436471163292424
2101	75-79	-0.0045346378518758
2101	80-84	-0.04707087858182746
2101	85-89	-0.05367272493141684
2101	90-94	-0.0660146513510611
2101	95-99	0.02325621320408544
2101	100-104	-0.07404851491180153
2101	105-109	-0.07025318208781073
2101	110-114	-0.06453606276050294
2101	115-119	-0.08881294936984574
2101	120-124	-0.13385129790911776
2101	125-129	-0.10260601318836393
2101	130-134	-0.20278464604734836
2101	135-139	-0.2825092784512435
2101	140-144	-0.19185627495251367
2101	145-149	-0.2488902157373758
2101	150	-0.3593681078711626
2102	1	0.020425492072028817
2102	2	0.018038784345087322
2102	3	0.07233973552272488
2102	4	0.019966636293887063
2102	5	-0.020237748266382027
2102	6	0.04781055504947318
2102	7	0.08163224494303734
2102	8	0.0207518855299611
2102	9	0.020853175384999645
2102	10-14	0.021849597428904133
2102	15-19	0.043395842305862686
2102	20-24	0.025511886992653388
2102	25-29	0.02724096984568547
2102	30-34	0.041753031639700566
2102	35-39	0.017818566722702656
2102	40-44	0.026418373229773806
2102	45-49	0.025944527254246452
2102	50-54	-0.051611544408082466
2102	55-59	-0.0024457342781616376
2102	60-64	0.024922499833834877
2102	65-69	-0.025506517102918735
2102	70-74	-0.036895936860382506
2102	75-79	-0.03220368513549232
2102	80-84	-0.06565540853176088
2102	85-89	-0.061182208148643724
2102	90-94	-0.06088816815275777
2102	95-99	-0.0677278440568827
2102	100-104	-0.131229633847326
2102	105-109	-0.11095718480451211
2102	110-114	-0.134939672480904
2102	115-119	-0.11228685580350373
2102	120-124	-0.12959323349473806
2102	125-129	-0.13620706517364312
2102	130-134	-0.15669410760668256
2102	135-139	-0.20484603990102102
2102	140-144	-0.17477213295236993
2102	145-149	-0.2672675500071122
2102	150	-0.34164056322539693
2103	1	0.05043572395632623
2103	2	-0.007145020313132022
2103	3	0.05409073645084561
2103	4	0.009133461838032986
2103	5	0.012002900833671504
2103	6	0.0370056642768688
2103	7	-0.002659285455642646
2103	8	0.03183306598614166
2103	9	-7.568680461673694E-4
2103	10-14	0.03410606967842256
2103	15-19	0.02780058600331614
2103	20-24	-8.61731035151081E-4
2103	25-29	-0.004527656007276448
2103	30-34	-0.0011452235712994252
2103	35-39	-0.005681560030090793
2103	40-44	0.018391987695935086
2103	45-49	-0.03427902907322533
2103	50-54	-0.020876556234853183
2103	55-59	-0.05331579798977515
2103	60-64	-0.030776688529201124
2103	65-69	-0.018378374209561343
2103	70-74	0.0019717887334138595
2103	75-79	-0.046729163496372905
2103	80-84	-0.014889496864846308
2103	85-89	-0.06428416873166043
2103	90-94	-0.05595950064945043
2103	95-99	-0.03770864257858619
2103	100-104	-0.09744702642694847
2103	105-109	-0.10408097620081946
2103	110-114	-0.0970434914066729
2103	115-119	-0.15251180536427
2103	120-124	-0.11385810390309103
2103	125-129	-0.10432053826328769
2103	130-134	-0.16558607860228847
2103	135-139	-0.2307529509666466
2103	140-144	-0.18846662098628286
2103	145-149	-0.22659160664153433
2103	150	-0.2477773630209157
2104	1	0.07151531188900861
2104	2	0.07408993726439661
2104	3	8.528318670855128E-4
2104	4	-0.0013584334010303678
2104	5	-0.025313730164079118
2104	6	0.03561696330681485
2104	7	0.03726106110070759
2104	8	0.08690916241434365
2104	9	0.037478760113543785
2104	10-14	0.036754912092931136
2104	15-19	0.01903724554937014
2104	20-24	0.027318140372393884
2104	25-29	0.037951661124765224
2104	30-34	0.026892907107622932
2104	35-39	0.006436139817054709
2104	40-44	0.018165497494109673
2104	45-49	-0.017245714932307976
2104	50-54	-0.00959049680552937
2104	55-59	-0.0245724005248249
2104	60-64	-0.006582109743362707
2104	65-69	0.010514533124670322
2104	70-74	-0.04437766655435382
2104	75-79	0.021498007492859017
2104	80-84	-0.04581167739926428
2104	85-89	-0.07107034189988326
2104	90-94	-0.040754067781584524
2104	95-99	-0.033441593512186785
2104	100-104	-0.09759974929675508
2104	105-109	-0.08851868958470988
2104	110-114	-0.0816825835496715
2104	115-119	-0.12223739997511274
2104	120-124	-0.14868275011914278
2104	125-129	-0.1618923460270949
2104	130-134	-0.23261541928864915
2104	135-139	-0.2421210867580612
2104	140-144	-0.19855810261736195
2104	145-149	-0.295723039761576
2104	150	-0.247866708138325
2105	1	0.04825678301966718
2105	2	0.08980430337712164
2105	3	0.03282463065554708
2105	4	0.07880683733289118
2105	5	0.06142265926339263
2105	6	0.08884113880005629
2105	7	0.004550630693231028
2105	8	0.08970624075873701
2105	9	0.06176714320058352
2105	10-14	0.05645254328214122
2105	15-19	0.04416402831659383
2105	20-24	0.02225201597541826
2105	25-29	0.042541310686452505
2105	30-34	0.06305406134652003
2105	35-39	0.04155594499574278
2105	40-44	0.09139508173906563
2105	45-49	0.05159916130472908
2105	50-54	0.02849282619339988
2105	55-59	0.037998164344415386
2105	60-64	0.05014206267860999
2105	65-69	0.06552143849691561
2105	70-74	0.031995461611636244
2105	75-79	0.04341266243758213
2105	80-84	-0.008267874894073657
2105	85-89	-0.017641317820974223
2105	90-94	0.01650338298973253
2105	95-99	0.03154089611066979
2105	100-104	-0.02017124716737584
2105	105-109	-0.05299611999933518
2105	110-114	-0.06212926542658437
2105	115-119	-0.08883271029851159
2105	120-124	-0.10019662785047245
2105	125-129	-0.08881840367629223
2105	130-134	-0.14068325479685484
2105	135-139	-0.1960768913796045
2105	140-144	-0.17858823424526804
2105	145-149	-0.25116201773659697
2105	150	-0.2079466009460944
2106	1	0.06274641507376089
2106	2	0.03955762102921767
2106	3	-0.04716851368942798
2106	4	0.08251403345258268
2106	5	0.04798572196398965
2106	6	0.10205186346383499
2106	7	0.0012772086262771154
2106	8	0.11691124109712092
2106	9	0.01806200937276259
2106	10-14	0.03199595985496728
2106	15-19	0.056853264911566725
2106	20-24	0.05278126295112884
2106	25-29	0.02515191374430259
2106	30-34	0.018641966404366883
2106	35-39	0.05400724533205192
2106	40-44	0.05251672338734181
2106	45-49	0.056137149307197376
2106	50-54	0.04007731115066093
2106	55-59	0.11405037283520869
2106	60-64	0.025919525398812482
2106	65-69	0.05196340150035894
2106	70-74	0.02390197850724718
2106	75-79	0.031984075022243985
2106	80-84	0.016014319640270003
2106	85-89	-0.023775317233727833
2106	90-94	-0.019539097558379126
2106	95-99	-0.025285689655895283
2106	100-104	-0.1041584833392264
2106	105-109	-0.029449449588206278
2106	110-114	-0.07332104897866287
2106	115-119	-0.07118446108839294
2106	120-124	-0.085046855901588
2106	125-129	-0.0966784667813485
2106	130-134	-0.12494770136457589
2106	135-139	-0.2162184088320771
2106	140-144	-0.15821051243298712
2106	145-149	-0.24122291662940398
2106	150	-0.2225020118510912
2107	1	0.07425497184080854
2107	2	0.058501212090746435
2107	3	0.03874146962677116
2107	4	-0.057706774110734216
2107	5	0.048403870230728785
2107	6	0.05611980360438906
2107	7	0.023828776734944768
2107	8	0.027254775703369205
2107	9	-0.025389599181472988
2107	10-14	0.03499988644624352
2107	15-19	0.023525900109333975
2107	20-24	0.01792518179033209
2107	25-29	0.06864270394972749
2107	30-34	0.09030794493450855
2107	35-39	0.04433590776316976
2107	40-44	0.025334558200874824
2107	45-49	0.04762082783228294
2107	50-54	0.0022179353607043595
2107	55-59	-0.013139375896663807
2107	60-64	-0.037071719819337545
2107	65-69	-0.02883021652488793
2107	70-74	-0.016700850155181968
2107	75-79	0.02108388711884146
2107	80-84	-0.013921304485513986
2107	85-89	-0.056124404680431894
2107	90-94	-0.039573139251018574
2107	95-99	-0.027337670646481627
2107	100-104	-0.038382813038076335
2107	105-109	-0.08660747382185718
2107	110-114	-0.03363909444622948
2107	115-119	-0.07738801187286981
2107	120-124	-0.09108167280109569
2107	125-129	-0.05065793222566839
2107	130-134	-0.14889063939858715
2107	135-139	-0.19458592429408128
2107	140-144	-0.18206982081364487
2107	145-149	-0.24573575809960602
2107	150	-0.2729989447282861
2108	1	0.08994960048278244
2108	2	0.0776056839791579
2108	3	0.023147355291236238
2108	4	0.05117212799234494
2108	5	0.0790074621000798
2108	6	0.01636048183315353
2108	7	0.08327980982829786
2108	8	0.06777334123276546
2108	9	0.07897278101838623
2108	10-14	0.06629459241604252
2108	15-19	0.05401761174771735
2108	20-24	0.024171683062263583
2108	25-29	0.03048268965436307
2108	30-34	0.03028965666776884
2108	35-39	0.006641533981465386
2108	40-44	0.0829714711393379
2108	45-49	0.06994092073109215
2108	50-54	0.011538902743865265
2108	55-59	-0.005776773781242639
2108	60-64	0.016643876680191738
2108	65-69	0.03203957386242706
2108	70-74	0.032152048030383185
2108	75-79	0.05167948660184862
2108	80-84	-0.037857427594360615
2108	85-89	-0.010135343905083971
2108	90-94	0.014705166052067398
2108	95-99	0.02365801069754525
2108	100-104	-0.07756214980047815
2108	105-109	-0.061189471357060654
2108	110-114	-0.06957308748197732
2108	115-119	-0.06668679297135327
2108	120-124	-0.07071831111247207
2108	125-129	-0.10785942153734851
2108	130-134	-0.15158024542203918
2108	135-139	-0.14530219497414265
2108	140-144	-0.1077468609345047
2108	145-149	-0.15337367255722256
2108	150	-0.2009362817837541
2109	1	0.06529058626113482
2109	2	0.038296206322996795
2109	3	0.06820115099918667
2109	4	0.03512364613212782
2109	5	0.04094915678667377
2109	6	0.05538656708250045
2109	7	-0.00434418180127949
2109	8	0.0623275837217534
2109	9	0.008928126760601174
2109	10-14	0.061589980399190836
2109	15-19	0.06437132700163772
2109	20-24	0.04708887886112478
2109	25-29	0.04748914846438623
2109	30-34	0.08387452756029035
2109	35-39	0.05573659747914661
2109	40-44	0.05664658514292853
2109	45-49	0.04253862032130229
2109	50-54	0.020053551303007566
2109	55-59	0.004067901546335406
2109	60-64	0.038554689973345546
2109	65-69	0.038729502529470494
2109	70-74	0.014449736171627592
2109	75-79	0.034910935667667786
2109	80-84	0.03881428374638318
2109	85-89	0.015455788578591978
2109	90-94	0.03764395491499073
2109	95-99	0.07707102464517135
2109	100-104	-0.005212641286099995
2109	105-109	-0.007594347070927654
2109	110-114	0.034539805031151616
2109	115-119	-0.07389205402206045
2109	120-124	-0.07548465544746108
2109	125-129	-0.05264729468710527
2109	130-134	-0.15543622352640085
2109	135-139	-0.08523741776902227
2109	140-144	-0.11995926210276764
2109	145-149	-0.18235495584162464
2109	150	-0.24983642482455792
2110	1	0.01647137783133701
2110	2	0.07287615119123103
2110	3	-0.007245199533507218
2110	4	0.05618024195416638
2110	5	-0.07870174708872923
2110	6	-0.008750039057446202
2110	7	0.11470887042329281
2110	8	0.07744305344919411
2110	9	0.10139573904267962
2110	10-14	0.030410943808625746
2110	15-19	0.04780808465504549
2110	20-24	0.055026086927483675
2110	25-29	0.03583776891445467
2110	30-34	0.04806142314845374
2110	35-39	0.037501161037070574
2110	40-44	0.06295289972224793
2110	45-49	0.03897940840457892
2110	50-54	0.023162564206280933
2110	55-59	0.028705261435561624
2110	60-64	0.018397070289225326
2110	65-69	0.019482997702077398
2110	70-74	-0.0019315833801840654
2110	75-79	0.0012678049828096505
2110	80-84	-0.04033569259332381
2110	85-89	-0.07364485644224317
2110	90-94	-0.025885939099310917
2110	95-99	-0.026706424189129052
2110	100-104	-0.10226626680839956
2110	105-109	-0.05293737268412002
2110	110-114	-0.05633907013880446
2110	115-119	-0.080289435323877
2110	120-124	-0.12964859312408805
2110	125-129	-0.12062444927595806
2110	130-134	-0.19104300921505057
2110	135-139	-0.14312703369738955
2110	140-144	-0.1148417915273896
2110	145-149	-0.18937752066009494
2110	150	-0.33035417936300604
2111	1	0.02954949208254476
2111	2	-0.03954420623489341
2111	3	0.08521389332251061
2111	4	0.06405848016666482
2111	5	0.02663375078425645
2111	6	0.019173643932170137
2111	7	0.039736104468509836
2111	8	0.04848400669107633
2111	9	0.02622156072742854
2111	10-14	0.011817040243450094
2111	15-19	0.03754972365884868
2111	20-24	0.012688971257382775
2111	25-29	0.008358446584914248
2111	30-34	0.01200866340163742
2111	35-39	-0.008684533836394337
2111	40-44	0.023702030995380596
2111	45-49	0.03149647411083123
2111	50-54	-0.02878046307822757
2111	55-59	-0.0020447786011743574
2111	60-64	-0.003459594766084706
2111	65-69	-0.030995782173114605
2111	70-74	-0.020976853826411457
2111	75-79	0.022712752298438943
2111	80-84	-0.05749062920004633
2111	85-89	-0.07487325413369206
2111	90-94	-0.05172577932844291
2111	95-99	-0.10349890760913638
2111	100-104	-0.08287345613453567
2111	105-109	-0.08477924847773721
2111	110-114	-0.055146363271802556
2111	115-119	-0.13082504343598345
2111	120-124	-0.1450994083147279
2111	125-129	-0.14843692994823954
2111	130-134	-0.15988187157496725
2111	135-139	-0.1577155955138423
2111	140-144	-0.21999924430426177
2111	145-149	-0.2676229834805284
2111	150	-0.29732327793713864
2112	1	0.07187796100135557
2112	2	0.014966799167019929
2112	3	0.0726593270309408
2112	4	0.037219351384457866
2112	5	0.09428328257956053
2112	6	0.04915947685277189
2112	7	0.035271746767030265
2112	8	0.07711993578656973
2112	9	0.0493496057856504
2112	10-14	0.020115493382668603
2112	15-19	0.06371804699075767
2112	20-24	0.028144218259839704
2112	25-29	0.014793756014654491
2112	30-34	0.03920254506621035
2112	35-39	0.012244504069180095
2112	40-44	0.04506276169416168
2112	45-49	0.047022671689752826
2112	50-54	0.05247499355092344
2112	55-59	0.009229913005697199
2112	60-64	-0.001319098803129748
2112	65-69	0.02701506773647111
2112	70-74	0.026929988988108278
2112	75-79	0.035804055093841214
2112	80-84	0.030000185234243304
2112	85-89	-0.031134988045991463
2112	90-94	-0.06698844619475608
2112	95-99	-0.033584025265007256
2112	100-104	-0.02463455080057031
2112	105-109	-0.0857647243418782
2112	110-114	-0.05060506565948231
2112	115-119	-0.0847739728424628
2112	120-124	-0.13494426151844863
2112	125-129	-0.0793324506172084
2112	130-134	-0.14487167818857927
2112	135-139	-0.20680832653513903
2112	140-144	-0.14395635145576335
2112	145-149	-0.1941361542571869
2112	150	-0.3217528514274264
2113	1	0.030936771282448206
2113	2	-0.008568050569714103
2113	3	5.683166380237026E-4
2113	4	-5.230398643831791E-4
2113	5	0.05988582181980462
2113	6	0.07911379095543225
2113	7	0.0315332026138222
2113	8	0.05576829317625709
2113	9	0.06270156789607739
2113	10-14	0.034742575207431514
2113	15-19	0.049906266602576466
2113	20-24	0.012896677690520164
2113	25-29	0.01195020500660604
2113	30-34	0.035632759825283244
2113	35-39	0.011871945986293042
2113	40-44	0.017404422544800013
2113	45-49	0.010652035845247099
2113	50-54	-0.029743856170107108
2113	55-59	-0.036129177623649866
2113	60-64	-0.05035485008014007
2113	65-69	-0.037800375118180796
2113	70-74	-0.06725170444105544
2113	75-79	-0.042962988731353846
2113	80-84	-0.012514411599823916
2113	85-89	-0.04591749881930696
2113	90-94	-0.12987243229912337
2113	95-99	-0.04476791722158424
2113	100-104	-0.05770653129535219
2113	105-109	-0.08542702319756046
2113	110-114	-0.03227118018455144
2113	115-119	-0.07769371938982772
2113	120-124	-0.16413023022575857
2113	125-129	-0.1326166891790379
2113	130-134	-0.18211842524532074
2113	135-139	-0.16742802581220673
2113	140-144	-0.18780208527812192
2113	145-149	-0.23228687712619234
2113	150	-0.33404496357196223
2114	1	-0.04342594012855727
2114	2	0.014322945721424674
2114	3	0.11833491243078953
2114	4	0.03821680591735088
2114	5	0.09178388727197273
2114	6	0.010074462858462141
2114	7	0.03682436652492527
2114	8	0.12236935700954632
2114	9	0.10702228866191632
2114	10-14	0.06131658528438777
2114	15-19	0.06018848617021888
2114	20-24	0.0697590349516446
2114	25-29	0.05756681783149986
2114	30-34	0.03916061972556406
2114	35-39	0.0510788874556809
2114	40-44	0.08368383263321988
2114	45-49	0.07189683807806801
2114	50-54	0.05456803555688339
2114	55-59	0.016954311480724016
2114	60-64	0.004693271475957772
2114	65-69	0.02389047806347122
2114	70-74	0.035729242624910285
2114	75-79	0.013540777776142932
2114	80-84	-0.004278618281034596
2114	85-89	0.020704543864482616
2114	90-94	-0.014018772959019543
2114	95-99	-0.0018064599294334016
2114	100-104	-0.013282919282850969
2114	105-109	-0.055734662490479536
2114	110-114	0.05229676684648865
2114	115-119	-0.048859620324058994
2114	120-124	-0.07747429457495514
2114	125-129	-0.10250426388818568
2114	130-134	-0.07602381879972597
2114	135-139	-0.11018147358482366
2114	140-144	-0.1462594808829678
2114	145-149	-0.2289696622794395
2114	150	-0.2809447520044728
2115	1	0.0056592765705474335
2115	2	0.04311148884218596
2115	3	-0.015658304727928396
2115	4	0.009049606899793616
2115	5	0.012584357985787165
2115	6	0.03863773482718358
2115	7	3.78905682794084E-4
2115	8	0.028461746949986377
2115	9	-0.0029501734966146387
2115	10-14	0.013866655740862655
2115	15-19	0.005069170471962536
2115	20-24	0.02066810524615903
2115	25-29	-0.005988888972815687
2115	30-34	0.02364608447338412
2115	35-39	-0.008116157391242496
2115	40-44	-0.026205411870755313
2115	45-49	-0.05237113644286495
2115	50-54	-0.035029490251055506
2115	55-59	-0.06969369202153786
2115	60-64	-0.020934869006467238
2115	65-69	-0.009256628635554875
2115	70-74	-0.027044662270796493
2115	75-79	-0.03856517073945298
2115	80-84	-0.04094851092356322
2115	85-89	-0.04309221931803364
2115	90-94	-0.10458637266544457
2115	95-99	-0.00799082994947753
2115	100-104	-0.07462252112895129
2115	105-109	-0.08286919549874483
2115	110-114	-0.11128057695414384
2115	115-119	-0.08735186723627919
2115	120-124	-0.09983061525670678
2115	125-129	-0.1607020642114989
2115	130-134	-0.16983937093657175
2115	135-139	-0.14119777782136111
2115	140-144	-0.17021593071655872
2115	145-149	-0.25822154104795914
2115	150	-0.2835329334255974
2116	1	0.06193303898901803
2116	2	0.025855711694056538
2116	3	0.08344534734229825
2116	4	0.05329366706838101
2116	5	0.013199511084444282
2116	6	2.6622263874998E-4
2116	7	3.946386215147868E-5
2116	8	0.07791119515083977
2116	9	0.031152960038745903
2116	10-14	0.040786191568486174
2116	15-19	0.046723725779493464
2116	20-24	0.025511476531889343
2116	25-29	0.03785075830214879
2116	30-34	0.04192922523312603
2116	35-39	0.03869875878655904
2116	40-44	0.06501021210459612
2116	45-49	0.06331576174015652
2116	50-54	0.017385029965822696
2116	55-59	0.02209583401032944
2116	60-64	0.03739066926357992
2116	65-69	-0.008088376220079851
2116	70-74	-0.004923784107539575
2116	75-79	0.008751096917791301
2116	80-84	0.018171457528801227
2116	85-89	0.010515582036525473
2116	90-94	-0.04788433418440263
2116	95-99	0.011815559388438146
2116	100-104	-0.05989025535377834
2116	105-109	-0.04329393264178094
2116	110-114	-0.04064916847745792
2116	115-119	-0.07058038768333574
2116	120-124	-0.10273182040808138
2116	125-129	-0.13482618247644496
2116	130-134	-0.1488001261796299
2116	135-139	-0.14767372794236167
2116	140-144	-0.19501248288738537
2116	145-149	-0.23760189545724586
2116	150	-0.3229384481078341
2117	1	0.006678590945050189
2117	2	0.03939241740479105
2117	3	0.0389061631334684
2117	4	0.002011091419255706
2117	5	0.06010712257175044
2117	6	-0.009085386059290101
2117	7	0.041046758209162704
2117	8	0.07366935853603707
2117	9	0.0706475324847915
2117	10-14	0.020115493382668603
2117	15-19	0.05438092555381502
2117	20-24	-0.004558828446484142
2117	25-29	0.01050984872823335
2117	30-34	0.038257471249629305
2117	35-39	-6.982536227653213E-4
2117	40-44	-0.020512688439907834
2117	45-49	0.007163564874993256
2117	50-54	-0.027008916901053226
2117	55-59	-0.0283438277334227
2117	60-64	-0.06295842965941745
2117	65-69	-0.04427909987655454
2117	70-74	-0.037449570552510636
2117	75-79	-0.0022405870213759727
2117	80-84	-0.030415846674465286
2117	85-89	-0.04026138962454695
2117	90-94	-0.06946451004910159
2117	95-99	-0.04584611138633221
2117	100-104	-0.07738566104995215
2117	105-109	-0.060934575679908676
2117	110-114	-0.12095779983405208
2117	115-119	-0.09778391925240015
2117	120-124	-0.10954526420519528
2117	125-129	-0.13507455356867126
2117	130-134	-0.19242052982075109
2117	135-139	-0.21902897038085456
2117	140-144	-0.17096146776979282
2117	145-149	-0.2381627553970489
2117	150	-0.2856318589759326
2118	1	0.04363805744499416
2118	2	0.02813970221334472
2118	3	-0.03393871627596212
2118	4	0.09746880657062462
2118	5	0.023318382500733037
2118	6	0.055470043922838386
2118	7	0.07356172682916196
2118	8	0.07699010780864057
2118	9	0.04528784476186587
2118	10-14	0.024877398144575125
2118	15-19	0.0435001214563826
2118	20-24	0.033079536106548346
2118	25-29	0.014368105715590218
2118	30-34	0.04395332171571198
2118	35-39	0.036271953413084645
2118	40-44	0.03686597957333504
2118	45-49	0.012108219053779123
2118	50-54	0.025332600079416068
2118	55-59	0.024997520925211347
2118	60-64	0.05818199082454356
2118	65-69	0.019846708669376767
2118	70-74	0.03900028156473212
2118	75-79	0.002933465767547716
2118	80-84	0.020197245557888266
2118	85-89	-0.030088018138265227
2118	90-94	-0.01626743724590085
2118	95-99	-0.03299145328002595
2118	100-104	2.6552802355439553E-4
2118	105-109	-0.04121703574355706
2118	110-114	-0.018940021842531962
2118	115-119	-0.03446284936677557
2118	120-124	-0.09802211193807153
2118	125-129	-0.08487425058938669
2118	130-134	-0.14380245205606457
2118	135-139	-0.14242570493733808
2118	140-144	-0.16031374933213982
2118	145-149	-0.16102631051442984
2118	150	-0.2147050469112699
2119	1	0.061349316117123465
2119	2	0.010448262658961482
2119	3	0.014172141572174723
2119	4	0.04749125029139378
2119	5	0.08304539686673706
2119	6	0.04682264991809859
2119	7	0.1116175285814549
2119	8	0.06164614012221392
2119	9	0.043372288335930875
2119	10-14	0.07126375720776679
2119	15-19	0.050104968627096014
2119	20-24	0.050393436609859066
2119	25-29	0.06422187494838738
2119	30-34	0.04744567234384789
2119	35-39	0.047070673952767095
2119	40-44	0.06722376680416176
2119	45-49	0.039597503607190276
2119	50-54	0.005044270612323487
2119	55-59	0.049837585019361086
2119	60-64	0.012007080548954718
2119	65-69	0.03646071503168713
2119	70-74	0.024327512359533898
2119	75-79	-0.008524931919019707
2119	80-84	0.011382846043510142
2119	85-89	0.00831944004137597
2119	90-94	-0.03250039162693241
2119	95-99	-0.04365335797464098
2119	100-104	-0.059174233635573614
2119	105-109	-0.011789125176569826
2119	110-114	-0.07013334808270599
2119	115-119	-0.04135781611844891
2119	120-124	-0.08389478908026149
2119	125-129	-0.09883657340343888
2119	130-134	-0.1005192890190898
2119	135-139	-0.08402983538952213
2119	140-144	-0.08850082834413797
2119	145-149	-0.11969128935946571
2119	150	-0.137584855570978
2120	1	0.037155534045453464
2120	2	0.005335541728285875
2120	3	-0.010212463899769375
2120	4	0.011307498866905519
2120	5	-5.699170241300067E-4
2120	6	0.009597951796848747
2120	7	0.03282099354400714
2120	8	0.08389163883547468
2120	9	0.037158513020152384
2120	10-14	0.059390085798867176
2120	15-19	0.048042541239695424
2120	20-24	0.033806232015507476
2120	25-29	0.00152966370330887
2120	30-34	0.009719610138169799
2120	35-39	0.00825968479998096
2120	40-44	0.044387691542745245
2120	45-49	0.030612191725182925
2120	50-54	0.04229725232891468
2120	55-59	-0.05014655341652485
2120	60-64	0.0012815669521586415
2120	65-69	-0.004018575463355489
2120	70-74	0.011028514673753875
2120	75-79	0.021773718145091436
2120	80-84	-0.007930905219105
2120	85-89	-0.009426490010170596
2120	90-94	0.021973180291297467
2120	95-99	0.0224589874680845
2120	100-104	-0.05785684542030367
2120	105-109	-0.06550314592085016
2120	110-114	-0.02226583323574971
2120	115-119	-0.07495215794548216
2120	120-124	-0.03630756587473627
2120	125-129	-0.14802303805397088
2120	130-134	-0.09932985681226114
2120	135-139	-0.0999416395736219
2120	140-144	-0.188997329292512
2120	145-149	-0.23719856227194924
2120	150	-0.22890970407250677
2121	1	0.030270772688311354
2121	2	-0.0014984840976026703
2121	3	0.003498922258572179
2121	4	0.04071300904700337
2121	5	0.006510753810104575
2121	6	0.031001581245959642
2121	7	0.01689566285048727
2121	8	0.04760170218623472
2121	9	0.06279793978566772
2121	10-14	0.02779373835524268
2121	15-19	0.027125222741446464
2121	20-24	0.0021343204446893083
2121	25-29	0.022494348759572347
2121	30-34	0.017192501792195003
2121	35-39	0.026909932131509606
2121	40-44	0.06286044823691128
2121	45-49	0.017276067658556826
2121	50-54	0.04052448923840046
2121	55-59	0.015073392646414163
2121	60-64	-0.01468928171765782
2121	65-69	-0.007793901786584456
2121	70-74	0.010440638891751064
2121	75-79	0.011253506482482578
2121	80-84	0.002339064738094976
2121	85-89	-0.03877409135815668
2121	90-94	-0.022401863453453075
2121	95-99	-0.015704352811937383
2121	100-104	-0.09236694614456553
2121	105-109	-0.057564612603016485
2121	110-114	-0.027503816366113654
2121	115-119	-0.06614267472119195
2121	120-124	-0.10463949212034862
2121	125-129	-0.13516816143174282
2121	130-134	-0.14661030842881217
2121	135-139	-0.1333590007700849
2121	140-144	-0.200124237442445
2121	145-149	-0.15483924955589856
2121	150	-0.2616095744373652
2122	1	0.0411658673898998
2122	2	0.058424671481361656
2122	3	0.05793519217863974
2122	4	0.03089796645519982
2122	5	0.047084177010816575
2122	6	0.01469922054331363
2122	7	0.06049665385252467
2122	8	0.0470738683124452
2122	9	0.10569744253329105
2122	10-14	0.036401418216861714
2122	15-19	0.03596626499106037
2122	20-24	0.060077519699959225
2122	25-29	0.01939357398350694
2122	30-34	0.04612380659806803
2122	35-39	0.0022617877006396725
2122	40-44	0.008117420345776338
2122	45-49	-0.008079331052712746
2122	50-54	0.018317340713387864
2122	55-59	0.015054989862562707
2122	60-64	-0.004349557705531026
2122	65-69	-0.03398135960231485
2122	70-74	0.023463801341442547
2122	75-79	0.03689920035230898
2122	80-84	0.00817616911529484
2122	85-89	0.024245258508933887
2122	90-94	-2.259635846968422E-5
2122	95-99	-6.910491889087211E-4
2122	100-104	-0.05184964739301989
2122	105-109	-0.04211829120634292
2122	110-114	-0.03717497774881906
2122	115-119	-0.059996441296831904
2122	120-124	-0.09448662507170269
2122	125-129	-0.08954178644335542
2122	130-134	-0.07297918051061458
2122	135-139	-0.09123624099915872
2122	140-144	-0.12742451132867672
2122	145-149	-0.14119917621420086
2122	150	-0.2967579485662313
2123	1	0.08659402234340519
2123	2	0.025551882359337696
2123	3	0.04083399302912483
2123	4	0.023344369856260982
2123	5	0.10303746437809025
2123	6	0.018536953032906922
2123	7	0.0477836679575816
2123	8	0.06912123806927184
2123	9	0.07171417622416953
2123	10-14	0.03199522037030533
2123	15-19	0.04738975700068693
2123	20-24	0.06066010901085406
2123	25-29	0.020987337802452544
2123	30-34	0.04461898698569655
2123	35-39	0.027520800489270414
2123	40-44	0.07143155787991162
2123	45-49	0.024267283011411678
2123	50-54	0.06550810802470863
2123	55-59	0.050629586701155915
2123	60-64	0.022882757683589716
2123	65-69	-0.020983923528156367
2123	70-74	0.01715613051194964
2123	75-79	0.010369099678015914
2123	80-84	-0.007419693857606546
2123	85-89	-0.02778954922109733
2123	90-94	-0.03149235621182811
2123	95-99	-0.07478184514236119
2123	100-104	-0.04244087827997589
2123	105-109	-0.0757747082868363
2123	110-114	-0.12948578303576852
2123	115-119	-0.11028175468209156
2123	120-124	-0.1054951664614805
2123	125-129	-0.14088605652924713
2123	130-134	-0.15283030669542796
2123	135-139	-0.17767750349848654
2123	140-144	-0.20701414725556333
2123	145-149	-0.2303029331723465
2123	150	-0.22802098756533695
2124	1	0.06856100748188965
2124	2	0.053335290581216555
2124	3	0.0466373469801411
2124	4	0.02579414273552061
2124	5	0.0791352790651203
2124	6	-0.04400237669817386
2124	7	0.13337787543291313
2124	8	0.11930798440181434
2124	9	0.08639095313935741
2124	10-14	0.047973287366261275
2124	15-19	0.02958458090456162
2124	20-24	0.05868102668524955
2124	25-29	0.037800443660245264
2124	30-34	0.0359397916420221
2124	35-39	0.017561718039225127
2124	40-44	-2.0341714966320978E-4
2124	45-49	0.019012563569795304
2124	50-54	0.031376188821276685
2124	55-59	0.021148395271161746
2124	60-64	-0.03525732585998753
2124	65-69	0.003404530367582481
2124	70-74	-0.012148873139565808
2124	75-79	0.04872682160649333
2124	80-84	0.03733295700536132
2124	85-89	-0.0253810083446524
2124	90-94	0.013397416284050223
2124	95-99	-0.006227351383749635
2124	100-104	-0.025577513772084615
2124	105-109	-0.04463601724822297
2124	110-114	0.03143192161965658
2124	115-119	0.020555999909134925
2124	120-124	-0.021174832811844624
2124	125-129	-0.0602560611215992
2124	130-134	-0.016144737543285714
2124	135-139	-0.07796131487586422
2124	140-144	-0.1011357046481649
2124	145-149	-0.1326565641866182
2124	150	-0.3750367540980335
2125	1	0.14887353385370972
2125	2	0.07040559397511004
2125	3	0.10421124863844256
2125	4	0.11950860606230407
2125	5	0.09553998918613615
2125	6	0.11888365444918492
2125	7	0.11425497797154094
2125	8	0.12472196653958179
2125	9	0.0893043232421391
2125	10-14	0.07599083710402255
2125	15-19	0.08419404409347919
2125	20-24	0.07601907136505304
2125	25-29	0.07397850448273147
2125	30-34	0.04563816910176399
2125	35-39	0.0882985580336424
2125	40-44	0.05477709381808893
2125	45-49	0.0744117816689851
2125	50-54	0.028384879300347166
2125	55-59	0.04848835334362889
2125	60-64	0.07711928329071327
2125	65-69	0.05595982866883986
2125	70-74	0.056912403051555316
2125	75-79	0.06970609430003805
2125	80-84	0.022368120817674253
2125	85-89	0.0676491789756497
2125	90-94	0.024021775527273803
2125	95-99	0.03826790148070103
2125	100-104	0.008835613605555181
2125	105-109	0.009655672361049028
2125	110-114	0.013621294018513197
2125	115-119	0.011888080485519481
2125	120-124	-0.03714245386317572
2125	125-129	-0.013315342036896993
2125	130-134	-0.1322388430405752
2125	135-139	-0.0892629984107387
2125	140-144	-0.10314020488087294
2125	145-149	-0.11613568021591902
2125	150	-0.1530581389765473
2126	1	0.07819242534179693
2126	2	0.029614506309663113
2126	3	0.05522691510704192
2126	4	-0.012907836629615588
2126	5	0.10076340243619342
2126	6	-0.03414951183544446
2126	7	0.031202520406601764
2126	8	0.011217286055483555
2126	9	0.09671233507221189
2126	10-14	0.0632977253142144
2126	15-19	0.07934514299228113
2126	20-24	0.04886106024415682
2126	25-29	0.0634499941530251
2126	30-34	-0.007839789596779667
2126	35-39	0.019655560521428583
2126	40-44	0.04476442374703993
2126	45-49	0.0494220430415524
2126	50-54	0.03215378908520705
2126	55-59	0.01061185925391328
2126	60-64	0.0051764673111023285
2126	65-69	-0.03155337495353194
2126	70-74	0.04333851023939417
2126	75-79	0.029291567887540282
2126	80-84	0.014808929159194406
2126	85-89	0.03404591455929307
2126	90-94	0.010142078961536072
2126	95-99	0.0227830689390629
2126	100-104	-0.009169897282980344
2126	105-109	0.024297235166677922
2126	110-114	-0.0016207163528250135
2126	115-119	-0.05011413781981844
2126	120-124	-0.07939664856110085
2126	125-129	-0.05151094904476139
2126	130-134	-0.04782659467114314
2126	135-139	-0.1139124923170769
2126	140-144	-0.1014641445404294
2126	145-149	-0.16186325983854744
2126	150	-0.1923263151387573
2127	1	0.06109376065651162
2127	2	0.07019423198589436
2127	3	0.08071409699604004
2127	4	0.03017256114937794
2127	5	0.037830372448766525
2127	6	0.15545061083653877
2127	7	0.1062218235154262
2127	8	0.07813106956007232
2127	9	0.08064993906291562
2127	10-14	0.08617653989429641
2127	15-19	0.06750610578212957
2127	20-24	0.059287848143348754
2127	25-29	0.05618177170077132
2127	30-34	0.012122032849553932
2127	35-39	0.03351666122465957
2127	40-44	0.03993917575699868
2127	45-49	0.05800570819255313
2127	50-54	0.013333760740458445
2127	55-59	0.028941212892149792
2127	60-64	-8.924618545549379E-4
2127	65-69	0.012714765999646715
2127	70-74	-0.019664958234223207
2127	75-79	0.020274806597278427
2127	80-84	0.0022955929469361536
2127	85-89	-3.6716244356682637E-4
2127	90-94	-0.009734619288664703
2127	95-99	-0.06594459025932764
2127	100-104	-0.0767036558933043
2127	105-109	-0.08427181042623033
2127	110-114	-0.05250713786603711
2127	115-119	-0.014737201952179646
2127	120-124	-0.08951686234269829
2127	125-129	-0.10266383019582292
2127	130-134	-0.1674469809767487
2127	135-139	-0.12711003707806157
2127	140-144	-0.17454318752960063
2127	145-149	-0.1923725708432542
2127	150	-0.17148160368782328
2128	1	0.08894327024207627
2128	2	0.0852603192183139
2128	3	0.00751425311339915
2128	4	0.005715793892420606
2128	5	0.01718553209610718
2128	6	0.05596978511646711
2128	7	0.02330351618063986
2128	8	0.07518600900418448
2128	9	-0.04615168787752566
2128	10-14	0.04114910379105652
2128	15-19	0.025830596667226757
2128	20-24	0.055927306334147886
2128	25-29	0.013264756589116189
2128	30-34	-0.024558508581442595
2128	35-39	0.02796044321505775
2128	40-44	0.03127944227013302
2128	45-49	0.03990441996165828
2128	50-54	0.011465106291431937
2128	55-59	-0.02963725761993885
2128	60-64	-0.04246191412003952
2128	65-69	-0.0192636328623621
2128	70-74	-0.03572997071520945
2128	75-79	-0.0479558352699172
2128	80-84	-0.00784457649188397
2128	85-89	0.018239616159732464
2128	90-94	-0.07226839568994592
2128	95-99	-0.06177583117174379
2128	100-104	-0.051439800739956354
2128	105-109	-0.12131049727539533
2128	110-114	-0.12000349757893503
2128	115-119	-0.07141550037798083
2128	120-124	-0.11923250496631255
2128	125-129	-0.1531859461218943
2128	130-134	-0.18590877844862064
2128	135-139	-0.13659230210357265
2128	140-144	-0.18785421513064904
2128	145-149	-0.2025514544465139
2128	150	-0.22587264091225734
2129	1	0.030674514963379806
2129	2	0.07026865759531375
2129	3	-0.02104879495230705
2129	4	0.02269378239800801
2129	5	0.032320224032694966
2129	6	0.0834882104952186
2129	7	0.04896624199271571
2129	8	0.06856399576807348
2129	9	0.06624520065897599
2129	10-14	0.033478034456052796
2129	15-19	0.03036626735867287
2129	20-24	0.009018456623770987
2129	25-29	0.013260217619745163
2129	30-34	-0.01740612205336589
2129	35-39	0.022205056454623673
2129	40-44	0.025785574035097625
2129	45-49	0.02907839746973906
2129	50-54	0.015953144193936453
2129	55-59	0.014593547388699335
2129	60-64	0.0010716313045477932
2129	65-69	-0.041370788692695726
2129	70-74	-0.06188293160763436
2129	75-79	-0.01840294882186555
2129	80-84	-0.03311995932558176
2129	85-89	-0.019909682417761587
2129	90-94	-0.029629898078241013
2129	95-99	-0.0497623931834994
2129	100-104	-0.08479824354623844
2129	105-109	-0.06385271331898679
2129	110-114	-0.08743201178030091
2129	115-119	-0.09788737664673874
2129	120-124	-0.09542896211599583
2129	125-129	-0.17791438314758778
2129	130-134	-0.13459583537956377
2129	135-139	-0.1592510482687075
2129	140-144	-0.20578546637012352
2129	145-149	-0.32253821226730395
2129	150	-0.26987517798501415
2130	1	0.045598303771441806
2130	2	0.0684571312631661
2130	3	0.07971570442071396
2130	4	0.005733312018229242
2130	5	0.054568353187320895
2130	6	0.035515819743260124
2130	7	-0.0012826775927052836
2130	8	0.07740565470306393
2130	9	0.10503654676409013
2130	10-14	0.04865033881893055
2130	15-19	0.08637930799753946
2130	20-24	0.0554374598729197
2130	25-29	0.059254768348736775
2130	30-34	0.030449173281994035
2130	35-39	0.034375633770288516
2130	40-44	0.016118370375018287
2130	45-49	0.0012261433829792168
2130	50-54	0.021551686157657457
2130	55-59	0.026877987876098075
2130	60-64	0.001173740858554595
2130	65-69	-0.013304178002634615
2130	70-74	0.015309981254716831
2130	75-79	-0.03159050791134632
2130	80-84	0.030159020871778353
2130	85-89	-0.021516401961015674
2130	90-94	-0.039257874039151375
2130	95-99	-0.05942783380091754
2130	100-104	-0.05259156793213293
2130	105-109	-0.07347510631147713
2130	110-114	-0.08861457264384143
2130	115-119	-0.05699477753250903
2130	120-124	-0.06829793939698448
2130	125-129	-0.05364970049159723
2130	130-134	-0.09153087386899017
2130	135-139	-0.12373969611046931
2130	140-144	-0.17229735258334955
2130	145-149	-0.21071164865046654
2130	150	-0.21053410048679666
2131	1	0.029968913992725277
2131	2	0.05455574160493626
2131	3	0.066210267864939
2131	4	-0.01845418485319783
2131	5	0.0873289844087779
2131	6	0.05732645498711264
2131	7	0.06038958989301335
2131	8	0.07953259993025341
2131	9	0.08109331846478085
2131	10-14	0.05738805357380272
2131	15-19	0.04672458797803358
2131	20-24	0.060826940328858825
2131	25-29	0.018187983687283804
2131	30-34	0.02999360869700496
2131	35-39	0.0881998135820794
2131	40-44	0.031969726527833586
2131	45-49	0.02226270342256953
2131	50-54	0.021802126999226346
2131	55-59	0.028963972901209445
2131	60-64	-0.0016174696549313694
2131	65-69	0.026880133493648373
2131	70-74	-2.68167929782237E-4
2131	75-79	-0.031742178994470294
2131	80-84	0.0014727598493990968
2131	85-89	-0.009828073463687304
2131	90-94	0.01665943126634062
2131	95-99	0.014237946616162844
2131	100-104	-0.007988597315666368
2131	105-109	-0.05580619834226752
2131	110-114	-0.08042807247964134
2131	115-119	-0.019758121392435157
2131	120-124	-0.08605842286723231
2131	125-129	-0.09153761846576458
2131	130-134	-0.072061586170733
2131	135-139	-0.12535352269330247
2131	140-144	-0.19962446373566678
2131	145-149	-0.13946081236007046
2131	150	-0.16164885235534854
2132	1	0.03000503666911669
2132	2	0.044641604429529025
2132	3	0.11240323006598629
2132	4	0.027704851092380522
2132	5	-0.03414268924605324
2132	6	0.04503967634961015
2132	7	0.06060402815717936
2132	8	0.01984442209153059
2132	9	0.06883289687834804
2132	10-14	0.0362949381335369
2132	15-19	0.060403681217088945
2132	20-24	0.07884303901290224
2132	25-29	0.0765511993272554
2132	30-34	0.03929833706073538
2132	35-39	0.029929158498859465
2132	40-44	0.06633491475655262
2132	45-49	0.03418524113079968
2132	50-54	0.04644140118821838
2132	55-59	0.07669056404682806
2132	60-64	0.03637509758907953
2132	65-69	0.04847470872594073
2132	70-74	0.0513085395872821
2132	75-79	0.04312976882100372
2132	80-84	0.011853234356735243
2132	85-89	0.03165438360413475
2132	90-94	0.020700048293015527
2132	95-99	-0.0010033898633921012
2132	100-104	0.013596881354914103
2132	105-109	-0.02668042692122441
2132	110-114	-0.05197324344717913
2132	115-119	9.749432138690395E-4
2132	120-124	0.009000106512729644
2132	125-129	-0.024148721292426956
2132	130-134	-0.04924576035651285
2132	135-139	-0.08838437946743483
2132	140-144	-0.04100081001920586
2132	145-149	-0.0955566964733876
2132	150	-0.19860055937820675
2133	1	0.03766627484804985
2133	2	-0.01242284821919526
2133	3	0.02950724385559056
2133	4	0.027949410627492455
2133	5	0.07613036329293976
2133	6	0.02954361120277582
2133	7	0.034448682149374577
2133	8	0.06203397195889693
2133	9	0.09589726098197815
2133	10-14	0.01828432692963844
2133	15-19	0.031121972839450507
2133	20-24	0.059674109817024146
2133	25-29	0.06975815423144383
2133	30-34	0.038914287015444415
2133	35-39	0.05357995091518575
2133	40-44	0.02487897615985446
2133	45-49	0.043931477282455944
2133	50-54	0.06103850803948774
2133	55-59	0.04312817498700383
2133	60-64	0.03873855810515181
2133	65-69	-0.01020628783665245
2133	70-74	0.04322988703221142
2133	75-79	-0.005279121254766039
2133	80-84	0.04099042905752981
2133	85-89	0.044039196281929094
2133	90-94	0.01281962901751399
2133	95-99	0.0029902431045272237
2133	100-104	-0.0049917441555251685
2133	105-109	-0.031515904914421355
2133	110-114	-0.0438153918488311
2133	115-119	-0.036910910979834455
2133	120-124	-0.052480948590641674
2133	125-129	-0.045480507544297666
2133	130-134	-0.0708443669866412
2133	135-139	-0.1398475164774453
2133	140-144	-0.14768169238219286
2133	145-149	-0.14435824196576164
2133	150	-0.10089013692349624
2134	1	0.04389300515910577
2134	2	0.12712257052470477
2134	3	0.06949493416313146
2134	4	0.030994929570432816
2134	5	0.04842026186758375
2134	6	0.1078815767336394
2134	7	0.1472791769531483
2134	8	0.032022250499586846
2134	9	0.0919123636186896
2134	10-14	0.06403563857323036
2134	15-19	0.09565012511273352
2134	20-24	0.07228976326595671
2134	25-29	0.09869709795747639
2134	30-34	0.09819861665067009
2134	35-39	0.10152580422047919
2134	40-44	0.08800004816657037
2134	45-49	0.06839509007749456
2134	50-54	0.1034266415491345
2134	55-59	0.07795125805316871
2134	60-64	0.09313130043810247
2134	65-69	0.08242915949139729
2134	70-74	0.05346376121877938
2134	75-79	0.033923141548520164
2134	80-84	0.056345839855303836
2134	85-89	0.05122521188639695
2134	90-94	0.09128672667850424
2134	95-99	0.07597446283652687
2134	100-104	0.0224981653197176
2134	105-109	0.020723757885086513
2134	110-114	0.044323175939716464
2134	115-119	0.031953988483806484
2134	120-124	0.0776974256326568
2134	125-129	0.019819313559722218
2134	130-134	-0.01320261027654368
2134	135-139	0.05328651992189748
2134	140-144	-0.01396472026079465
2134	145-149	-0.0808781948672248
2134	150	-0.13282461639199994
2135	1	0.06206249143877329
2135	2	0.06561106337601785
2135	3	0.023870321241659553
2135	4	0.07356222205961416
2135	5	0.0010511552146184044
2135	6	0.06647190408821047
2135	7	0.08147009836408614
2135	8	0.015491577556737468
2135	9	0.041226714311093815
2135	10-14	0.09818708899338446
2135	15-19	0.06823300684764888
2135	20-24	0.06978824923188398
2135	25-29	0.08510392862626759
2135	30-34	0.08815215580122526
2135	35-39	0.07674298445076744
2135	40-44	0.06402166612460292
2135	45-49	0.042490393094887224
2135	50-54	0.06814720227880144
2135	55-59	0.0657492175106853
2135	60-64	0.02596791959267364
2135	65-69	0.05427340807179348
2135	70-74	0.046823571784138096
2135	75-79	0.06768524933207942
2135	80-84	0.028185361058142178
2135	85-89	0.054039176846991666
2135	90-94	0.051514972824691085
2135	95-99	0.0040490848830145865
2135	100-104	0.02770097079628897
2135	105-109	0.030668136109241573
2135	110-114	0.028731292272389908
2135	115-119	0.028944673134098764
2135	120-124	-0.01762473633291961
2135	125-129	-0.016985449338463354
2135	130-134	0.029391675277295803
2135	135-139	-0.04286297229310776
2135	140-144	-0.030977063352175094
2135	145-149	-0.14695760893359022
2135	150	-0.07101389366803801
2136	1	0.043641082797449826
2136	2	0.038288130659104525
2136	3	0.11045065123920494
2136	4	0.022205484547455967
2136	5	0.08864877426060502
2136	6	0.03193978341671766
2136	7	0.06444564172832656
2136	8	0.11037231222007193
2136	9	0.07733051619462827
2136	10-14	0.0619379657006931
2136	15-19	0.07670825174201923
2136	20-24	0.09167735506014196
2136	25-29	0.062392736738956955
2136	30-34	0.07386977544411621
2136	35-39	0.08387219730303741
2136	40-44	0.07121154929374995
2136	45-49	0.07998875021258556
2136	50-54	0.05584779433031173
2136	55-59	0.08939461472509436
2136	60-64	0.11175819014407296
2136	65-69	0.07752482047709464
2136	70-74	0.06684488084516005
2136	75-79	0.09434788785542025
2136	80-84	0.0706650581349706
2136	85-89	0.0341754016270599
2136	90-94	0.04773310266315889
2136	95-99	0.10451193278752413
2136	100-104	0.016749789209214327
2136	105-109	0.05780563578229447
2136	110-114	0.06601634326630546
2136	115-119	0.019943692841543736
2136	120-124	0.025396722509995584
2136	125-129	0.03008895647039367
2136	130-134	0.014262718690176257
2136	135-139	-0.009426091251569346
2136	140-144	-0.0363348988729868
2136	145-149	-0.07495047191000737
2136	150	-0.11602689321405535
2137	1	0.012656593546338968
2137	2	0.09823249786748534
2137	3	0.05141920464869543
2137	4	0.029917149796766296
2137	5	0.07531520311619744
2137	6	0.051964627717580925
2137	7	0.014857207589344057
2137	8	0.06310938341956529
2137	9	0.12943520449751134
2137	10-14	0.05984964103849677
2137	15-19	0.0710757552112824
2137	20-24	0.07811770253864125
2137	25-29	0.053294076457625295
2137	30-34	0.09201439063900807
2137	35-39	0.08224469571778315
2137	40-44	0.05793123130860778
2137	45-49	0.0787130351107308
2137	50-54	0.06922088471855403
2137	55-59	0.03251156726447135
2137	60-64	0.1098933774559967
2137	65-69	0.08861313773758184
2137	70-74	0.06311967692897014
2137	75-79	0.034326255960422714
2137	80-84	0.0652517695022965
2137	85-89	0.06312786483511701
2137	90-94	0.05162517430397884
2137	95-99	0.05701693603139546
2137	100-104	0.02003091681715574
2137	105-109	-0.010997406860369097
2137	110-114	-0.001363289252324762
2137	115-119	0.022790878283927896
2137	120-124	0.0069772333666549
2137	125-129	0.0023590334608627472
2137	130-134	-0.030387870709020603
2137	135-139	-0.044688121282739246
2137	140-144	-0.1339347406394964
2137	145-149	-0.15772067177858418
2137	150	-0.19115108455723373
2138	1	0.03982682072008714
2138	2	0.05022445199593761
2138	3	0.030780497364119697
2138	4	-0.0382402086347966
2138	5	0.016595848440069005
2138	6	0.054314484853605904
2138	7	0.03729667293821137
2138	8	0.08822287983278443
2138	9	0.06467672925866452
2138	10-14	0.07356873079274351
2138	15-19	0.046718294170958075
2138	20-24	0.08683793598004996
2138	25-29	0.08258851839644166
2138	30-34	0.0909646796623278
2138	35-39	0.05287221166802425
2138	40-44	0.06814249682106777
2138	45-49	0.06798615406840725
2138	50-54	0.013209639107536475
2138	55-59	0.07973676249897466
2138	60-64	0.046013176425518054
2138	65-69	0.047627033859775736
2138	70-74	0.0635663869222114
2138	75-79	0.038024513808245786
2138	80-84	0.0574557903703905
2138	85-89	0.016040002522125008
2138	90-94	0.020215815712170127
2138	95-99	-0.02766692169650753
2138	100-104	0.009223021369543005
2138	105-109	0.0025577027074419334
2138	110-114	-0.05247231688561271
2138	115-119	-0.012535951324778694
2138	120-124	-0.073124755098263
2138	125-129	-0.05600319358882899
2138	130-134	-0.09164233399665989
2138	135-139	-0.10948528804007651
2138	140-144	-0.1213270046619428
2138	145-149	-0.21778310288274128
2138	150	-0.09953915764465648
2139	1	-0.008044123235571021
2139	2	0.06406830421625642
2139	3	0.08796060142303475
2139	4	0.04314431218151071
2139	5	0.005564156830516254
2139	6	0.06303571465490165
2139	7	0.08375856642826562
2139	8	0.05186430917719065
2139	9	0.04994776929255096
2139	10-14	0.04747144384039359
2139	15-19	0.08922355974847562
2139	20-24	0.06705177460221279
2139	25-29	0.04126473089978333
2139	30-34	0.03057749990693992
2139	35-39	0.05242814688753583
2139	40-44	0.04717403088299932
2139	45-49	0.06415206463559286
2139	50-54	0.028830344481853842
2139	55-59	0.08133869904344238
2139	60-64	0.01538086805573613
2139	65-69	0.005692168182036994
2139	70-74	0.05111016772954713
2139	75-79	0.07174838446939447
2139	80-84	0.012052358673095398
2139	85-89	-0.010815411369698325
2139	90-94	0.022600996420592878
2139	95-99	0.006401991186116618
2139	100-104	-0.04044636105666655
2139	105-109	-0.056341039365129575
2139	110-114	-0.060571311034401276
2139	115-119	-0.025046937689154447
2139	120-124	-0.04343002300025489
2139	125-129	-0.09317713779372383
2139	130-134	-0.07547084469376131
2139	135-139	-0.14292416537116992
2139	140-144	-0.21107903502472425
2139	145-149	-0.26116995075500427
2139	150	-0.17426386899028046
2140	1	0.0697383009031256
2140	2	0.023023545577700588
2140	3	4.4842770165587353E-5
2140	4	0.04125027834637507
2140	5	0.08310287163809704
2140	6	0.02109582560152745
2140	7	6.426782933814934E-4
2140	8	0.05222940789599306
2140	9	-0.02967551865341278
2140	10-14	0.026693970322241967
2140	15-19	0.03456066382189249
2140	20-24	0.02686172817261223
2140	25-29	0.021196379336856808
2140	30-34	0.028394762767810278
2140	35-39	0.01974398846896719
2140	40-44	0.029183205905574994
2140	45-49	-0.01158985619953512
2140	50-54	0.03352979199488004
2140	55-59	0.01633489050354342
2140	60-64	-0.0027044115348715536
2140	65-69	0.02463729408205495
2140	70-74	-0.029588329204777608
2140	75-79	0.022783723958895052
2140	80-84	-0.016214791933876427
2140	85-89	-0.041820552080302775
2140	90-94	-0.06082252701371971
2140	95-99	-0.05750523767225957
2140	100-104	-0.0785215816609437
2140	105-109	-0.09766406624850532
2140	110-114	-0.09143716359959342
2140	115-119	-0.10200447232492138
2140	120-124	-0.07195145276765658
2140	125-129	-0.11202531904184809
2140	130-134	-0.18369702774613472
2140	135-139	-0.15761138923277684
2140	140-144	-0.14604652686327313
2140	145-149	-0.29401537126896216
2140	150	-0.208128010552322
2141	1	0.06990426969530006
2141	2	0.04722836702765676
2141	3	0.08406640650053276
2141	4	0.08335065169700329
2141	5	0.09988707557042176
2141	6	0.07975159404931276
2141	7	0.07527280567742167
2141	8	0.1083820425803026
2141	9	0.08822939625212456
2141	10-14	0.08460130578099978
2141	15-19	0.10000001652486645
2141	20-24	0.09431333213159121
2141	25-29	0.07990380262305763
2141	30-34	0.06498598024340652
2141	35-39	0.06328896555932317
2141	40-44	0.07650905353052195
2141	45-49	0.08751710440301963
2141	50-54	0.04959924132418081
2141	55-59	0.08497215199327712
2141	60-64	0.042352823305520815
2141	65-69	0.06446676720594269
2141	70-74	0.03425509964262119
2141	75-79	0.02867493437184976
2141	80-84	0.07175426375506078
2141	85-89	0.05316454109838986
2141	90-94	0.04417829329923251
2141	95-99	0.032833814891155555
2141	100-104	0.04620311594921844
2141	105-109	-0.10256080794219713
2141	110-114	1.7422375282905023E-4
2141	115-119	0.020782567906472593
2141	120-124	-0.018441162734845307
2141	125-129	-0.02334635502570137
2141	130-134	-0.04877995301765736
2141	135-139	-0.04739542044382716
2141	140-144	-0.11559887507451805
2141	145-149	-0.17599548977784707
2141	150	-0.016863855630710134
2142	1	0.02413148558548528
2142	2	0.017228260713665122
2142	3	0.08861245803991835
2142	4	0.05168557019915454
2142	5	-0.028735054258582693
2142	6	0.05058747551085219
2142	7	0.03668174406682567
2142	8	-0.05095645543203631
2142	9	0.05661299020465549
2142	10-14	0.01852273320167086
2142	15-19	0.03310925741845239
2142	20-24	0.039259238756834236
2142	25-29	0.03752259828185345
2142	30-34	0.057875321284775794
2142	35-39	0.09971690062273808
2142	40-44	0.07585843809521009
2142	45-49	0.04579923392126517
2142	50-54	0.03647244063102306
2142	55-59	0.04754007640893576
2142	60-64	0.08016604598507371
2142	65-69	0.08410699740025507
2142	70-74	0.0682060561822766
2142	75-79	0.040221981173722554
2142	80-84	0.03671351360356567
2142	85-89	0.06007789438058353
2142	90-94	0.024436721340613587
2142	95-99	-0.018323062846931748
2142	100-104	-0.016702366826699233
2142	105-109	3.326302767021616E-4
2142	110-114	-0.05700078460917979
2142	115-119	-0.05230469379686298
2142	120-124	-0.06429920739163464
2142	125-129	-0.06608692027264595
2142	130-134	-0.0796636888584743
2142	135-139	-0.10992495078951237
2142	140-144	-0.1616281212347488
2142	145-149	-0.14615192999298898
2142	150	-0.14225083445705167
2143	1	-0.01552561526128926
2143	2	0.1093211948657995
2143	3	0.08439890171788988
2143	4	-0.0277787460697283
2143	5	0.035479992075046596
2143	6	0.05110154588688687
2143	7	0.010063521879899895
2143	8	0.041119711996145725
2143	9	0.11211025701579302
2143	10-14	0.04385350677149091
2143	15-19	0.07190546558454258
2143	20-24	0.0714744684765023
2143	25-29	0.07814568511104625
2143	30-34	0.05992631079165989
2143	35-39	0.033154761817513645
2143	40-44	0.06445984279954331
2143	45-49	0.06416475669019661
2143	50-54	0.02474051500388441
2143	55-59	0.09378178412597293
2143	60-64	0.07473721655291854
2143	65-69	0.05147313664102171
2143	70-74	0.03949922415161211
2143	75-79	0.025933496916678678
2143	80-84	0.0157745082927363
2143	85-89	0.06750273680366803
2143	90-94	0.02378673570858325
2143	95-99	0.05682851144856471
2143	100-104	0.029943916699586737
2143	105-109	0.022093558734042062
2143	110-114	-0.04665388207312304
2143	115-119	0.0023538831438187913
2143	120-124	0.030025587301963697
2143	125-129	-0.007642757638691933
2143	130-134	-0.028655921968336884
2143	135-139	0.00183440742481622
2143	140-144	-0.0984528082709133
2143	145-149	-0.15606347406254173
2143	150	-0.04654945243036224
2144	1	0.01115369172512004
2144	2	0.0663085766258007
2144	3	0.010847214350029333
2144	4	-0.06225911529963213
2144	5	-0.013594643333789236
2144	6	0.00827158329811084
2144	7	0.06416530275922838
2144	8	0.04166429397952953
2144	9	0.027124936503575725
2144	10-14	-0.001968145648888253
2144	15-19	0.010333679192356726
2144	20-24	0.014395798714069485
2144	25-29	0.0053658240647393995
2144	30-34	-0.01361356236620992
2144	35-39	0.007704126033814873
2144	40-44	0.009516053881512221
2144	45-49	-0.007828410714097345
2144	50-54	-0.04237094118244755
2144	55-59	-0.006860882349194242
2144	60-64	-0.028200127912668904
2144	65-69	0.015326406276734872
2144	70-74	-0.0450758379625853
2144	75-79	-0.05855011790237796
2144	80-84	-0.030428690013017956
2144	85-89	0.009517678195237522
2144	90-94	-0.016112585983194094
2144	95-99	-0.04729232482227985
2144	100-104	-0.06178881772851241
2144	105-109	-0.10875610464725582
2144	110-114	-0.0860062058419615
2144	115-119	-0.14433979071841208
2144	120-124	-0.08899833063255613
2144	125-129	-0.15138816220967755
2144	130-134	-0.17274464217213392
2144	135-139	-0.18538900233937028
2144	140-144	-0.22536681316730522
2144	145-149	-0.28615370940558904
2144	150	-0.06913384139875234
2145	1	0.028060200958044845
2145	2	0.02055133098861006
2145	3	-0.004402595830747202
2145	4	-0.04382020744566262
2145	5	0.0772957182962486
2145	6	-0.01436214409117298
2145	7	0.05628809137370894
2145	8	0.02467272821853328
2145	9	0.03910412948724229
2145	10-14	0.029959386862927317
2145	15-19	0.020645400419837756
2145	20-24	0.04275914942251546
2145	25-29	0.0029675870423417905
2145	30-34	-0.003948877095567127
2145	35-39	0.03726651440764783
2145	40-44	-0.0029659057131041777
2145	45-49	0.03833371073381642
2145	50-54	4.199369849331447E-4
2145	55-59	0.029116432316840246
2145	60-64	0.0109292435717947
2145	65-69	0.01642911616087872
2145	70-74	-0.004868980486342878
2145	75-79	0.0320122657554478
2145	80-84	0.03414148313849097
2145	85-89	-0.00998347621553819
2145	90-94	-0.0036075718587653682
2145	95-99	0.019709986694138593
2145	100-104	-0.03774191907480429
2145	105-109	-0.08042146767525793
2145	110-114	-0.05698117261095348
2145	115-119	-0.03039802530195601
2145	120-124	-0.01547011847698343
2145	125-129	-0.09165817373693841
2145	130-134	-0.0975143966770986
2145	135-139	-0.10657488908650947
2145	140-144	-0.14473155374994207
2145	145-149	-0.22871498547583258
2145	150	-0.10398849074016425
2146	1	0.0693429446630418
2146	2	0.0368851234587666
2146	3	0.09357236912985911
2146	4	-0.008113257564069443
2146	5	0.06258642440035089
2146	6	0.08415955616497683
2146	7	0.042283210024329776
2146	8	0.03091819726304834
2146	9	0.08741800991834481
2146	10-14	0.08634356355810979
2146	15-19	0.08254163549788984
2146	20-24	0.045505633401063506
2146	25-29	0.07946691041966147
2146	30-34	0.05714447267002498
2146	35-39	0.08229309601317425
2146	40-44	0.031176595857637324
2146	45-49	0.030134856159364176
2146	50-54	8.222858322568527E-4
2146	55-59	0.029701106813000422
2146	60-64	0.024745033045483922
2146	65-69	0.009716414986456812
2146	70-74	7.646283290796418E-4
2146	75-79	0.030311526303513858
2146	80-84	0.018190465787952803
2146	85-89	-0.009381765326750724
2146	90-94	-0.010979859326738506
2146	95-99	0.050698701594335205
2146	100-104	-0.021759245448585318
2146	105-109	-0.05456964804353248
2146	110-114	-0.10639118179368978
2146	115-119	-0.07467234747101514
2146	120-124	-0.05525831141110871
2146	125-129	-0.07910839363931643
2146	130-134	-0.1144367300587632
2146	135-139	-0.07799700498231488
2146	140-144	-0.17986711993814453
2146	145-149	-0.18136770888214215
2146	150	-0.1502827732784695
2147	1	0.0449373921020495
2147	2	0.06360116832586726
2147	3	0.08526887447515463
2147	4	0.060313837667301584
2147	5	0.018060485070193977
2147	6	0.04583690700366816
2147	7	0.11694674951191786
2147	8	0.05332447814447505
2147	9	0.06559219293746565
2147	10-14	0.06737226002495333
2147	15-19	0.025362492199512587
2147	20-24	0.04680735912477729
2147	25-29	0.07498998566446602
2147	30-34	0.05687480160135294
2147	35-39	0.08904294735452822
2147	40-44	0.046871794290190394
2147	45-49	0.06007722152168782
2147	50-54	0.0371686840149863
2147	55-59	0.08404873062747242
2147	60-64	0.061721733208472074
2147	65-69	0.08155934375436402
2147	70-74	0.028975227369969048
2147	75-79	0.03241563441578421
2147	80-84	0.02414980604299899
2147	85-89	0.011548730872291912
2147	90-94	-0.009618616668774393
2147	95-99	0.07087986194461138
2147	100-104	0.05226265549983111
2147	105-109	0.012517968583992456
2147	110-114	-0.031002049061839898
2147	115-119	-0.03200325093058609
2147	120-124	0.013609626233545669
2147	125-129	-0.03713580030521513
2147	130-134	-0.02562527200616671
2147	135-139	-0.09263859860304535
2147	140-144	-0.13766025554478034
2147	145-149	-0.2178305206909883
2147	150	-0.20110852395117718
2148	1	0.05768324920103396
2148	2	0.10567180866111414
2148	3	0.011456049600731433
2148	4	0.006820499054846607
2148	5	0.06884113284276339
2148	6	0.05602170110099536
2148	7	0.03607551825862032
2148	8	0.10570276061768169
2148	9	0.03665551323796734
2148	10-14	0.06689955269685299
2148	15-19	0.025373990559167225
2148	20-24	0.05129216684929361
2148	25-29	0.04500229080760931
2148	30-34	0.05260595422377179
2148	35-39	0.03624723917150874
2148	40-44	0.017545621216832785
2148	45-49	0.039440404940179974
2148	50-54	0.015777897753636694
2148	55-59	0.01681445900720746
2148	60-64	0.014685808292213665
2148	65-69	0.032258553852301475
2148	70-74	0.005383617104698146
2148	75-79	0.02747117705225577
2148	80-84	0.013218120265513278
2148	85-89	0.022077567280334165
2148	90-94	0.04436454121740496
2148	95-99	-0.0070123721202293154
2148	100-104	0.016159433315053207
2148	105-109	-0.021191438850486577
2148	110-114	-0.008358795839619404
2148	115-119	-0.0720205527076132
2148	120-124	0.045384922794269755
2148	125-129	0.02778561966085391
2148	130-134	-0.0847786645985451
2148	135-139	-0.03832314083476973
2148	140-144	-0.09883795604911683
2148	145-149	-0.1692896937175803
2148	150	-0.14543897162109687
2149	1	0.007468316009159537
2149	2	-0.014651596551161106
2149	3	-0.0494097605523649
2149	4	-0.06897960669580527
2149	5	-0.013327603940567201
2149	6	-0.04422377423023249
2149	7	-0.09218353151006653
2149	8	0.008156720627653158
2149	9	-0.07538760929654131
2149	10-14	0.021455277528552585
2149	15-19	-0.004109110894198409
2149	20-24	-0.02855707811659869
2149	25-29	0.004447241317613759
2149	30-34	-0.0016435352171981776
2149	35-39	0.0096564352009878
2149	40-44	-0.005030521147133982
2149	45-49	0.02504719671177469
2149	50-54	0.01112775270002686
2149	55-59	-0.010169795321381514
2149	60-64	-0.048939259095362786
2149	65-69	-0.018510269918337485
2149	70-74	-0.012659057731369217
2149	75-79	-0.049949183155284516
2149	80-84	-0.022273066663082375
2149	85-89	-0.060447107008705814
2149	90-94	-0.06029875885815983
2149	95-99	-0.05708147565066923
2149	100-104	-0.05208712366664514
2149	105-109	-0.09222136945722781
2149	110-114	-0.09928650081944568
2149	115-119	-0.15807238708126903
2149	120-124	-0.15589803331231167
2149	125-129	-0.14157574782679916
2149	130-134	-0.1129265347715176
2149	135-139	-0.14488865570694287
2149	140-144	-0.23895070845291144
2149	145-149	-0.2639090275988636
2149	150	-0.27475663159999186
2150	1	0.01991461321320287
2150	2	0.014675390786102582
2150	3	0.032997919609108806
2150	4	-0.028774608055982753
2150	5	0.05443078878289498
2150	6	0.046555883512986895
2150	7	0.02723390648776558
2150	8	-0.0036797331474858197
2150	9	0.0019481050374636766
2150	10-14	0.04375285803673279
2150	15-19	0.052817017321260096
2150	20-24	0.05239268762743876
2150	25-29	0.05435056040533226
2150	30-34	0.031161956966201387
2150	35-39	0.057320087392035646
2150	40-44	0.012360801017862855
2150	45-49	0.005418010748599045
2150	50-54	-0.01814135790729665
2150	55-59	0.014513666980171536
2150	60-64	-0.016256172712537875
2150	65-69	-0.03467456989301354
2150	70-74	-0.08360508272900802
2150	75-79	-0.06707234905749715
2150	80-84	-0.08225592493345601
2150	85-89	-0.04412653849721693
2150	90-94	-0.0478492242727242
2150	95-99	-0.09198511881800897
2150	100-104	-0.07170922017434833
2150	105-109	-0.17451794050343494
2150	110-114	-0.17524606852112612
2150	115-119	-0.15480465352213457
2150	120-124	-0.1609516812981795
2150	125-129	-0.2408701284498207
2150	130-134	-0.19523668369583902
2150	135-139	-0.20314773814973108
2150	140-144	-0.28782710830447655
2150	145-149	-0.35777205207940455
2150	150	-0.3411457622490275
2151	1	0.053473218939835476
2151	2	0.011218669570986606
2151	3	0.002720581627180252
2151	4	0.028921535251150488
2151	5	0.06113403514403615
2151	6	-0.031058814172681082
2151	7	0.03950815197675439
2151	8	0.06740857741733919
2151	9	0.043955454737151456
2151	10-14	-0.0028646269893926046
2151	15-19	0.0559873363510377
2151	20-24	0.04685999238198235
2151	25-29	0.011660876778194051
2151	30-34	0.04743355599295995
2151	35-39	0.016563109761143835
2151	40-44	0.008705558317892326
2151	45-49	0.005158867110807819
2151	50-54	0.004462484724534477
2151	55-59	0.06411197325505213
2151	60-64	-0.0013025030389428593
2151	65-69	-0.016474013589700576
2151	70-74	-0.07705823830921332
2151	75-79	-0.05278887013716371
2151	80-84	-0.07323951769102166
2151	85-89	-0.0072172333816453715
2151	90-94	-0.03782082336977055
2151	95-99	-0.07453640841608689
2151	100-104	-0.10506534148385782
2151	105-109	-0.14698192074607874
2151	110-114	-0.13501171597003037
2151	115-119	-0.14430853289475465
2151	120-124	-0.08085874518140912
2151	125-129	-0.1224499741545273
2151	130-134	-0.23737269481105727
2151	135-139	-0.18849023072098703
2151	140-144	-0.22957797528795965
2151	145-149	-0.37011633168543057
2151	150	-0.1808742719351315
2152	1	0.02191824335199044
2152	2	0.1062367379371878
2152	3	0.011928045906493878
2152	4	-0.002814185783421408
2152	5	0.027055102351717153
2152	6	0.010499480091255009
2152	7	0.03261751569634441
2152	8	0.028706742513740835
2152	9	0.056344065596512394
2152	10-14	0.017771600322788572
2152	15-19	0.06239829585720713
2152	20-24	0.05286217061176046
2152	25-29	0.05283817620544795
2152	30-34	0.04777713264811467
2152	35-39	0.0111701358629972
2152	40-44	0.008105491450095315
2152	45-49	0.0530140628894884
2152	50-54	0.006103514448568603
2152	55-59	0.004014459550276683
2152	60-64	0.017277287275639708
2152	65-69	0.002758370650802533
2152	70-74	-0.008848486891977814
2152	75-79	-0.06709930070908143
2152	80-84	-0.02742194962768707
2152	85-89	-0.009723850779039367
2152	90-94	-0.07829921368529114
2152	95-99	-0.04169021834942299
2152	100-104	-0.11522796462796236
2152	105-109	-0.1035173698475873
2152	110-114	-0.13317631475672442
2152	115-119	-0.13359649969984133
2152	120-124	-0.1181832009253796
2152	125-129	-0.15732815449540993
2152	130-134	-0.20576471124594065
2152	135-139	-0.1871648576237419
2152	140-144	-0.2100878451014765
2152	145-149	-0.2942941511399013
2152	150	-0.2473834531659378
2153	1	-0.06130954590978632
2153	2	0.007080717258347136
2153	3	-0.022778559454870617
2153	4	-0.012251230502030808
2153	5	0.04873259967620669
2153	6	0.011682329135489056
2153	7	0.005602614051305466
2153	8	-0.026516101592839902
2153	9	-0.03476414279653284
2153	10-14	-0.011960669195147489
2153	15-19	0.019627155657381934
2153	20-24	0.0089246357158288
2153	25-29	4.849328650138318E-4
2153	30-34	0.013078855037512938
2153	35-39	-9.602053716193382E-4
2153	40-44	-0.013394374011809873
2153	45-49	-0.017263141917730707
2153	50-54	-0.019123656467648686
2153	55-59	-0.02699387349753124
2153	60-64	-0.02529680305337223
2153	65-69	-0.005828653439522213
2153	70-74	-0.053530705085613306
2153	75-79	-0.057794816081191414
2153	80-84	-0.019219973375996346
2153	85-89	-0.055643229434970465
2153	90-94	-0.06714826153572773
2153	95-99	-0.038668478561589836
2153	100-104	-0.08955869876881906
2153	105-109	-0.12683480379266854
2153	110-114	-0.18387755227255553
2153	115-119	-0.10812409596834271
2153	120-124	-0.12390995776732439
2153	125-129	-0.16421177136228238
2153	130-134	-0.20267315781801187
2153	135-139	-0.21211465141134056
2153	140-144	-0.29023551315357565
2153	145-149	-0.3175900884916132
2153	150	-0.1709323543286132
2154	1	-2.1721392119644634E-4
2154	2	0.04880288182848602
2154	3	0.019049270991502
2154	4	-0.027210080772022138
2154	5	-5.855156389742433E-4
2154	6	0.01743638907695555
2154	7	0.08967014533932627
2154	8	0.0358117083332985
2154	9	-0.012279696866812628
2154	10-14	0.030523062523862166
2154	15-19	0.05771145597339711
2154	20-24	0.013572042144907925
2154	25-29	0.02547836372541923
2154	30-34	0.05613416852538933
2154	35-39	0.01965679273678944
2154	40-44	-0.023504639618252554
2154	45-49	0.010275117657364774
2154	50-54	0.018061617786607087
2154	55-59	0.03366092447944169
2154	60-64	-0.02829928626807998
2154	65-69	-0.002842319914847735
2154	70-74	-0.04965992285966081
2154	75-79	-0.04163745094309945
2154	80-84	-0.03346783753950433
2154	85-89	-0.04495085544651545
2154	90-94	-0.05091065429086683
2154	95-99	-0.07159087423752197
2154	100-104	-0.09266727425421806
2154	105-109	-0.13954245123053965
2154	110-114	-0.1233065141566172
2154	115-119	-0.15172615374799392
2154	120-124	-0.1301890425329475
2154	125-129	-0.19123300100925889
2154	130-134	-0.187021576454228
2154	135-139	-0.18724711351420353
2154	140-144	-0.2981936859893679
2154	145-149	-0.33925127332454963
2154	150	-0.3734466691900096
2155	1	0.017653472923825575
2155	2	-0.05822758903200054
2155	3	-0.04224666848634939
2155	4	0.032609275857431896
2155	5	-0.0028270168153952113
2155	6	-0.042082809727581605
2155	7	0.018244686146267952
2155	8	-0.05486096794486883
2155	9	0.019392601793448705
2155	10-14	0.014054887322068055
2155	15-19	-0.003902069848251699
2155	20-24	0.024878793759455675
2155	25-29	0.04214293251480683
2155	30-34	0.009672480605608769
2155	35-39	-0.049040457752987265
2155	40-44	-0.0543887819253257
2155	45-49	-0.04705050839763203
2155	50-54	-0.014341871790179539
2155	55-59	-0.004594513057071481
2155	60-64	-0.04235974386353547
2155	65-69	-0.023218356346909275
2155	70-74	-0.0769453987711941
2155	75-79	-0.10365393057593764
2155	80-84	-0.04958760373916249
2155	85-89	-0.022256987380401938
2155	90-94	-0.09641054616949418
2155	95-99	-0.08151512473053657
2155	100-104	-0.10001565420884617
2155	105-109	-0.2085004840026059
2155	110-114	-0.19659504974146813
2155	115-119	-0.1647463869673942
2155	120-124	-0.17030852471228286
2155	125-129	-0.19215493738226286
2155	130-134	-0.2412815583156558
2155	135-139	-0.2649340908603506
2155	140-144	-0.2668946481081562
2155	145-149	-0.36493752125490886
2155	150	-0.4275791646634346
2156	1	0.08702719503958178
2156	2	0.05063365550648058
2156	3	-0.001313464032683953
2156	4	-0.014112275676133379
2156	5	0.0794620472296046
2156	6	0.019895166979516432
2156	7	0.03442851317342388
2156	8	0.04366091768360292
2156	9	0.11031149161380682
2156	10-14	0.03413366508672766
2156	15-19	0.05466341887964887
2156	20-24	0.025178777491895232
2156	25-29	0.018874191137676632
2156	30-34	0.01267523704620288
2156	35-39	0.03672229977851771
2156	40-44	0.03751287702349515
2156	45-49	0.026994834385419608
2156	50-54	-0.00728886214708524
2156	55-59	0.01428537134044916
2156	60-64	0.019780223236793404
2156	65-69	-0.020650095966125548
2156	70-74	-0.0384255770812203
2156	75-79	-0.0555722216348471
2156	80-84	-0.03067528014867804
2156	85-89	-0.008019429702166292
2156	90-94	-0.026313684959490047
2156	95-99	-0.10086368488673259
2156	100-104	-0.10179871343990499
2156	105-109	-0.131170244658378
2156	110-114	-0.11751697242764436
2156	115-119	-0.12188841595051514
2156	120-124	-0.09211067743029844
2156	125-129	-0.1392518625935466
2156	130-134	-0.20002623692438704
2156	135-139	-0.15179444979653312
2156	140-144	-0.20680094036596586
2156	145-149	-0.3849146096187468
2156	150	-0.14413133482077
2157	1	0.05451300621593447
2157	2	0.026397880585051325
2157	3	0.0467202085140741
2157	4	-0.020759617023117016
2157	5	0.019364203248990464
2157	6	0.059208507741871585
2157	7	0.04543568086755556
2157	8	0.030904142257377032
2157	9	0.04792069991257364
2157	10-14	0.08757566551231832
2157	15-19	0.04628403107054169
2157	20-24	0.054620090406665156
2157	25-29	0.055694795872170744
2157	30-34	0.01708678289532628
2157	35-39	0.009631956042454703
2157	40-44	0.012060810988643311
2157	45-49	0.04217355748755125
2157	50-54	0.009692600696510567
2157	55-59	0.02620819696100085
2157	60-64	0.0192549470449066
2157	65-69	-0.017970433597497504
2157	70-74	-0.03148170425144059
2157	75-79	-0.054867108802838516
2157	80-84	-0.011527424815383824
2157	85-89	-0.026057855540074115
2157	90-94	-0.032666545675766656
2157	95-99	-0.020668427468635286
2157	100-104	-0.0630030973875293
2157	105-109	-0.1558887304042642
2157	110-114	-0.1317113815942932
2157	115-119	-0.17292995511093778
2157	120-124	-0.08719986454009643
2157	125-129	-0.1488315421533386
2157	130-134	-0.1532468573730199
2157	135-139	-0.14079972303301957
2157	140-144	-0.1991008463832884
2157	145-149	-0.3208094413797795
2157	150	-0.217352323336236
2158	1	0.08031777042607757
2158	2	0.02728466683775821
2158	3	0.040066000468485186
2158	4	0.014056693569472145
2158	5	0.02954548872784102
2158	6	0.039074840952288525
2158	7	0.061516967935091316
2158	8	0.08701168440556017
2158	9	0.1095198684459433
2158	10-14	0.08280042488951267
2158	15-19	0.0680560951630369
2158	20-24	0.0607132357402449
2158	25-29	0.07334085898971665
2158	30-34	0.06748345368420416
2158	35-39	0.03827827585776333
2158	40-44	0.006927096538554167
2158	45-49	0.06259263874367349
2158	50-54	0.03681195177794905
2158	55-59	0.06108382731287776
2158	60-64	0.05498403809234276
2158	65-69	0.04194877099062211
2158	70-74	0.0013140956045774033
2158	75-79	0.01383135326818774
2158	80-84	0.039936720694626615
2158	85-89	0.024511209118500688
2158	90-94	0.035142066492369395
2158	95-99	0.0016826397502285317
2158	100-104	-0.0648028647708685
2158	105-109	-0.09873883814206152
2158	110-114	-0.057162110256406606
2158	115-119	-0.0859939848979181
2158	120-124	-0.02720852369981941
2158	125-129	-0.05810923478327368
2158	130-134	-0.08506975096720026
2158	135-139	-0.10443624234513038
2158	140-144	-0.22139960411661974
2158	145-149	-0.23106013057565633
2158	150	-0.14070534798005951
2159	1	0.06380002399250628
2159	2	0.028563374926172003
2159	3	-0.02227889015830442
2159	4	0.034994734457995946
2159	5	0.016199798273717647
2159	6	0.015613916114901372
2159	7	0.036816945506068066
2159	8	0.05454428054353855
2159	9	0.021826968288941373
2159	10-14	0.025676197738548012
2159	15-19	0.04887723430337587
2159	20-24	0.04884545693269615
2159	25-29	0.05300970508008618
2159	30-34	0.033921987587994806
2159	35-39	0.030093393017658343
2159	40-44	0.03148445346891293
2159	45-49	-0.0023760918160675715
2159	50-54	0.02274731387966966
2159	55-59	0.034237999322307644
2159	60-64	-0.0014031629774819976
2159	65-69	0.018319721600221328
2159	70-74	-0.027016753608918975
2159	75-79	-0.015902316923650517
2159	80-84	0.029603662434183775
2159	85-89	0.007545593230290137
2159	90-94	-0.02458819279556934
2159	95-99	-0.013833502796771313
2159	100-104	-0.0040815305403683055
2159	105-109	-0.06627021549552126
2159	110-114	-0.03994359658104685
2159	115-119	-0.02271564075210364
2159	120-124	-0.05752517915198041
2159	125-129	-0.0805369011917918
2159	130-134	-0.09560350241132909
2159	135-139	-0.031724438332446425
2159	140-144	-0.1434718763456928
2159	145-149	-0.26048524515408644
2159	150	-0.05164842481850229
2160	1	0.03606039491683788
2160	2	0.08297514912799642
2160	3	0.0326417146609046
2160	4	0.03767279033896642
2160	5	0.050007534932461795
2160	6	0.023842888533302187
2160	7	0.06541688304075421
2160	8	0.05353076553741687
2160	9	0.06980780591548807
2160	10-14	0.051285277027702136
2160	15-19	0.05603815181619609
2160	20-24	0.06751338242157345
2160	25-29	0.03972374750687635
2160	30-34	0.04239648471334334
2160	35-39	0.04574869595914066
2160	40-44	0.028645619075746254
2160	45-49	-0.01596674961525224
2160	50-54	0.01712948672778225
2160	55-59	0.04464016650845082
2160	60-64	0.006088759523393605
2160	65-69	-0.019772564613255383
2160	70-74	-0.02344695949636133
2160	75-79	-0.06228589133299067
2160	80-84	-0.04612278571264028
2160	85-89	-0.03640490623733683
2160	90-94	-0.11466619287238444
2160	95-99	-0.11267173632664651
2160	100-104	-0.1801782233112874
2160	105-109	-0.1228208591295541
2160	110-114	-0.16249220856303737
2160	115-119	-0.20692101093385418
2160	120-124	-0.19266856559442402
2160	125-129	-0.2135826086046677
2160	130-134	-0.24753267123182354
2160	135-139	-0.2862608576833807
2160	140-144	-0.30037645157306514
2160	145-149	-0.42764639376817826
2160	150	-0.34951607380150307
2161	1	-0.04100067645681804
2161	2	-0.027058010906259256
2161	3	0.022931507580260302
2161	4	-0.0726392479884268
2161	5	0.030871944144202246
2161	6	-0.04167513465196748
2161	7	0.04428442098590324
2161	8	-0.03288191650700867
2161	9	0.04600694879710687
2161	10-14	0.006261403478461602
2161	15-19	0.012016375529007917
2161	20-24	0.001566097444978709
2161	25-29	0.011213765582624546
2161	30-34	0.017973474984216864
2161	35-39	0.022821846654210276
2161	40-44	-0.01804322814354009
2161	45-49	-0.0022576656142376805
2161	50-54	-0.034961951843726524
2161	55-59	-0.0017467787446605598
2161	60-64	-0.05151241695386943
2161	65-69	-0.02675954677991399
2161	70-74	-0.02281475429599311
2161	75-79	-0.11652747613995729
2161	80-84	-0.024469372520663057
2161	85-89	-0.07236491098258568
2161	90-94	-0.07452517557733529
2161	95-99	-0.07364609708869096
2161	100-104	-0.06607219713509238
2161	105-109	-0.12457960292336878
2161	110-114	-0.14970261223666625
2161	115-119	-0.1330988731317646
2161	120-124	-0.15874602079756528
2161	125-129	-0.17811953146915016
2161	130-134	-0.20650902575748376
2161	135-139	-0.19808959398368842
2161	140-144	-0.2888836122866749
2161	145-149	-0.34952636855022234
2161	150	-0.25917504510270817
2162	1	0.037372323549881514
2162	2	-0.009639176300090924
2162	3	-0.04228759240447033
2162	4	-0.017624113864535218
2162	5	-0.04865892603751121
2162	6	-0.054099018066928295
2162	7	0.004214157314649469
2162	8	-0.02250783442719495
2162	9	0.0222710544662732
2162	10-14	-0.019506098158792895
2162	15-19	-0.008549998707259476
2162	20-24	-0.010673890952389797
2162	25-29	0.015357014784633805
2162	30-34	-0.0317369720380114
2162	35-39	-0.06823727136325175
2162	40-44	-0.06827021608039274
2162	45-49	-0.08169443534986698
2162	50-54	-0.08557585336659912
2162	55-59	-0.028460766289342132
2162	60-64	-0.13583388015292996
2162	65-69	-0.14831512393318746
2162	70-74	-0.14837746033721544
2162	75-79	-0.22845649837699256
2162	80-84	-0.19925344658061306
2162	85-89	-0.1979606834065919
2162	90-94	-0.22050938709720214
2162	95-99	-0.29443219395281517
2162	100-104	-0.30034892708172123
2162	105-109	-0.30659885852103486
2162	110-114	-0.331523346512661
2162	115-119	-0.4095228292681625
2162	120-124	-0.3873042896008769
2162	125-129	-0.4504310903365365
2162	130-134	-0.45381229752500474
2162	135-139	-0.5579116287705048
2162	140-144	-0.5570996419777998
2162	145-149	-0.7228289893788897
2162	150	-0.5724276248341766
2163	1	0.0011342171992225758
2163	2	-0.0181417582616632
2163	3	0.015325138149187012
2163	4	-0.05339022686905537
2163	5	-0.0028969075855229676
2163	6	-0.0017744320313184403
2163	7	0.061740859524427094
2163	8	0.0505644904152831
2163	9	0.013724569327621339
2163	10-14	-0.01866791675557522
2163	15-19	-0.023025696811373564
2163	20-24	0.02667329718417477
2163	25-29	0.004823972429527146
2163	30-34	0.006559017095604247
2163	35-39	0.013679492110952651
2163	40-44	-0.06356979970114907
2163	45-49	-0.01637813330354021
2163	50-54	0.0038305322547671494
2163	55-59	0.00932884551459523
2163	60-64	-0.048818836305308366
2163	65-69	-0.07088518309476655
2163	70-74	-0.08841458314044814
2163	75-79	-0.1463544935849157
2163	80-84	-0.1203935614845264
2163	85-89	-0.1136834334756216
2163	90-94	-0.16733774328395157
2163	95-99	-0.1474544096784669
2163	100-104	-0.21082226590294084
2163	105-109	-0.2561157714164821
2163	110-114	-0.2638517552703945
2163	115-119	-0.24845174219438348
2163	120-124	-0.25664151404134117
2163	125-129	-0.3353301173033145
2163	130-134	-0.3783542658336856
2163	135-139	-0.3550675577082174
2163	140-144	-0.4952129576507005
2163	145-149	-0.6126118002934717
2163	150	-0.5855829861763056
2164	1	-0.039895296943186054
2164	2	-0.051007900368304604
2164	3	0.05498751347561637
2164	4	0.033477185320343494
2164	5	-0.046504621810115054
2164	6	-0.03799053627319182
2164	7	0.05054823822982257
2164	8	0.05591690442151531
2164	9	0.016898621604774178
2164	10-14	0.014809671717230799
2164	15-19	0.008405469117811037
2164	20-24	0.03789623745971937
2164	25-29	0.03184751650377393
2164	30-34	0.027406046833874598
2164	35-39	-0.0024544982242034052
2164	40-44	-0.04980446616859524
2164	45-49	-0.046546538127138604
2164	50-54	-0.03702532693584004
2164	55-59	-0.047362106673915605
2164	60-64	-0.026309764043034534
2164	65-69	-0.08593419674306801
2164	70-74	-0.08781106969760799
2164	75-79	-0.12352821305963602
2164	80-84	-0.06647379403871412
2164	85-89	-0.10132585423976792
2164	90-94	-0.07540947918823804
2164	95-99	-0.17276179347778253
2164	100-104	-0.13055266876369132
2164	105-109	-0.13489647838393637
2164	110-114	-0.21757291437373283
2164	115-119	-0.21600233665424895
2164	120-124	-0.217183751084967
2164	125-129	-0.2698660311006975
2164	130-134	-0.336943808366172
2164	135-139	-0.2839407362091819
2164	140-144	-0.40767506401843434
2164	145-149	-0.45925370827020373
2164	150	-0.5572590539457423
2165	1	0.0252672144338959
2165	2	-0.003477269863353172
2165	3	-0.010792448726775206
2165	4	-0.011417211790259785
2165	5	-0.04849599884457945
2165	6	-0.02513486166805734
2165	7	-0.06398252048895614
2165	8	0.008708461093057451
2165	9	-0.046508902688032094
2165	10-14	-0.009411697796551266
2165	15-19	-0.03953471575524503
2165	20-24	-0.03509340476308864
2165	25-29	-0.00201593259706101
2165	30-34	-0.04651941865049736
2165	35-39	-0.043744530445671614
2165	40-44	-0.12615928769039897
2165	45-49	-0.07654112450119044
2165	50-54	-0.031013131059808074
2165	55-59	-0.03126368251970035
2165	60-64	-0.07359078383741036
2165	65-69	-0.08282267701252977
2165	70-74	-0.13369050985900088
2165	75-79	-0.15454472289732735
2165	80-84	-0.16225868510585428
2165	85-89	-0.18365749233192474
2165	90-94	-0.17385426330216802
2165	95-99	-0.21397982764160162
2165	100-104	-0.20197965842270804
2165	105-109	-0.2938405500228285
2165	110-114	-0.3241840657821413
2165	115-119	-0.3387038833592655
2165	120-124	-0.3150903125345792
2165	125-129	-0.3360957332741421
2165	130-134	-0.41153319014001255
2165	135-139	-0.43438311524646167
2165	140-144	-0.5163629489956136
2165	145-149	-0.5715759527366586
2165	150	-0.5963554590419662
2166	1	-0.021316612038326355
2166	2	-0.02405911560470031
2166	3	0.026704645291616202
2166	4	0.014339612905388321
2166	5	0.04026637597367966
2166	6	0.04201578407300843
2166	7	0.04580144028884092
2166	8	-0.01288551256605075
2166	9	0.0687811721368945
2166	10-14	0.050725474898385414
2166	15-19	0.01478542272320027
2166	20-24	0.017248047816643464
2166	25-29	0.003526562785324927
2166	30-34	0.020276505617466967
2166	35-39	0.02312061922663844
2166	40-44	-0.026599587515150347
2166	45-49	-0.05372184736778962
2166	50-54	-0.006293678755731946
2166	55-59	-0.019840758478693488
2166	60-64	-0.04196046684101873
2166	65-69	-0.061045953812936204
2166	70-74	-0.09366030492209632
2166	75-79	-0.11040352379863805
2166	80-84	-0.10645317118495257
2166	85-89	-0.09952164058483248
2166	90-94	-0.10222371140920217
2166	95-99	-0.15454453974992788
2166	100-104	-0.1686257532152311
2166	105-109	-0.15043954459637376
2166	110-114	-0.18718035821595436
2166	115-119	-0.21537907423864766
2166	120-124	-0.2190229718298724
2166	125-129	-0.263813536811476
2166	130-134	-0.31548547020857853
2166	135-139	-0.2693710577976631
2166	140-144	-0.3905509305120205
2166	145-149	-0.3718980512198158
2166	150	-0.2992080362201719
2167	1	0.04024703030464849
2167	2	0.05761991819528589
2167	3	0.03368005147014941
2167	4	0.06929333156960382
2167	5	0.02714417892249088
2167	6	0.09938177466374754
2167	7	0.11848359896588079
2167	8	0.10609835932911693
2167	9	0.04419394139399202
2167	10-14	0.07032469840358857
2167	15-19	0.04271940923305806
2167	20-24	0.047927595087763564
2167	25-29	0.06704175188023243
2167	30-34	0.06677081590668621
2167	35-39	0.05744751304235507
2167	40-44	0.08029731508035809
2167	45-49	0.07536310133722424
2167	50-54	0.06408621926964031
2167	55-59	0.07961377847760787
2167	60-64	0.03615512435526114
2167	65-69	0.03286866336861749
2167	70-74	0.015391293378698379
2167	75-79	-0.009620781270953671
2167	80-84	0.016451252905220315
2167	85-89	0.05387097114726913
2167	90-94	-0.017132391223462662
2167	95-99	0.009568784372078198
2167	100-104	-0.037040028587078666
2167	105-109	-0.06781674614169475
2167	110-114	-0.07952627568329262
2167	115-119	-0.06834460038515289
2167	120-124	-0.036841314686682836
2167	125-129	-0.1122743709347489
2167	130-134	-0.16343283319635304
2167	135-139	-0.12151593130788996
2167	140-144	-0.12582302145592905
2167	145-149	-0.1405969987552993
2167	150	-0.17703008467745462
2168	1	0.1473999014129319
2168	2	0.07067517148600189
2168	3	0.11470307296404059
2168	4	0.058467404300934334
2168	5	0.08156080880808503
2168	6	0.09587899359678431
2168	7	0.028565237513873853
2168	8	0.022907391934936072
2168	9	0.026082027781107797
2168	10-14	0.05739435531956616
2168	15-19	0.07130741659907613
2168	20-24	0.07443613682846006
2168	25-29	0.05703749541763159
2168	30-34	0.10594167198785698
2168	35-39	0.05238291643632209
2168	40-44	0.09179875547273042
2168	45-49	0.07606895283030468
2168	50-54	0.07632095636414249
2168	55-59	0.04332043577556988
2168	60-64	0.03050490166651798
2168	65-69	0.04371201595616725
2168	70-74	0.03857189118194526
2168	75-79	0.015057199532726884
2168	80-84	0.05544915639250547
2168	85-89	0.07310375877592179
2168	90-94	0.03644508945166791
2168	95-99	0.032412342267853944
2168	100-104	-0.024890254852458327
2168	105-109	-0.008371670882873161
2168	110-114	-0.05002174697495576
2168	115-119	0.009986561031929853
2168	120-124	-0.008270745910941457
2168	125-129	-0.0621180390824847
2168	130-134	-0.09599023995058076
2168	135-139	-0.06651321084136441
2168	140-144	-0.10927886895931493
2168	145-149	-0.1282049692925753
2168	150	-0.18488667390485602
2169	1	0.1318429446630418
2169	2	0.11839097141198351
2169	3	0.05885014690763768
2169	4	0.029532941266339208
2169	5	0.09548116124246064
2169	6	0.057112772539248624
2169	7	0.16509022756819292
2169	8	0.11205854814024008
2169	9	0.14407005670197037
2169	10-14	0.073624265312489
2169	15-19	0.11302409163824478
2169	20-24	0.1089559257987247
2169	25-29	0.11148445427931364
2169	30-34	0.09208599313786436
2169	35-39	0.09135742349855747
2169	40-44	0.08563566018511182
2169	45-49	0.02589509007749058
2169	50-54	0.0801351513293369
2169	55-59	0.11508122377206575
2169	60-64	0.09981813246069038
2169	65-69	0.07345910504492537
2169	70-74	0.05142252306592354
2169	75-79	0.0911302397538094
2169	80-84	0.09589514415052491
2169	85-89	0.06393694812354056
2169	90-94	0.09633008219372385
2169	95-99	0.07789168405047775
2169	100-104	0.04571151478533153
2169	105-109	0.09345666774594008
2169	110-114	0.045217005340809635
2169	115-119	0.0495966583769345
2169	120-124	0.06528262426141396
2169	125-129	0.08046762975249777
2169	130-134	0.01838490736813725
2169	135-139	0.01834802425744897
2169	140-144	-0.028770628710077517
2169	145-149	-0.05556361531490239
2169	150	-0.055984527664428185
2170	1	0.13218578422801386
2170	2	0.058857219989683074
2170	3	0.13567128156932995
2170	4	0.0730430362624972
2170	5	0.07877625795860865
2170	6	0.06398114066922744
2170	7	0.07650074859171241
2170	8	0.012391960857556228
2170	9	0.10511977753497348
2170	10-14	0.09316526713832474
2170	15-19	0.06764319407004393
2170	20-24	0.08588367314597178
2170	25-29	0.0779931865171477
2170	30-34	0.06678029866034052
2170	35-39	0.06757210424265025
2170	40-44	0.03437427519927638
2170	45-49	0.03189878143258085
2170	50-54	0.041033526603875714
2170	55-59	0.05477989541346062
2170	60-64	0.06539681521584129
2170	65-69	0.07049613767174634
2170	70-74	0.04540062631802755
2170	75-79	0.05137130244068544
2170	80-84	0.08789903396555587
2170	85-89	0.08158015682402464
2170	90-94	0.06555889328631537
2170	95-99	0.05262716339741047
2170	100-104	0.03549672819593752
2170	105-109	0.01169914611381273
2170	110-114	0.02249242806050944
2170	115-119	-0.015381616873789028
2170	120-124	0.023809389893436617
2170	125-129	0.033532989229620114
2170	130-134	-0.052441969401456845
2170	135-139	-0.010449837667344752
2170	140-144	-0.05129327960578678
2170	145-149	-0.06759989379390419
2170	150	-0.036549476990991536
2171	1	0.10474335958414827
2171	2	0.07616157969542314
2171	3	0.1319152528716927
2171	4	0.08169074504690599
2171	5	0.10603222248813182
2171	6	0.10379186543770658
2171	7	0.07685876525886215
2171	8	0.06630807864537047
2171	9	0.14737203687350586
2171	10-14	0.08518411186391006
2171	15-19	0.0546281456127673
2171	20-24	0.12591848124191785
2171	25-29	0.09803238288398575
2171	30-34	0.08838317670366536
2171	35-39	0.0917147478860798
2171	40-44	0.07007638612316924
2171	45-49	0.05107145161262139
2171	50-54	0.10638471661186344
2171	55-59	0.0718881904874209
2171	60-64	0.09973680685328645
2171	65-69	0.037084207370739364
2171	70-74	0.04117583093150756
2171	75-79	0.019869478824332987
2171	80-84	0.026520736035081427
2171	85-89	0.06075252893283789
2171	90-94	0.044303897488283894
2171	95-99	9.847991957627755E-4
2171	100-104	0.007959980567051161
2171	105-109	0.021452566688175523
2171	110-114	-0.025677803731277038
2171	115-119	-0.0058524783410405234
2171	120-124	4.045056651307277E-4
2171	125-129	-0.04775693058093822
2171	130-134	-0.049361370112691816
2171	135-139	-0.031685094526089586
2171	140-144	-0.048453124443156526
2171	145-149	-0.06808548494780808
2171	150	0.024950235287477085
2172	1	0.1256034442526044
2172	2	0.030378957336168355
2172	3	0.10313654071224221
2172	4	0.02513424957883359
2172	5	0.020042405666544028
2172	6	-0.018441717148881764
2172	7	0.039430026103339344
2172	8	0.022497049180657314
2172	9	0.11173927508706782
2172	10-14	0.06763090868916066
2172	15-19	0.075375029283407
2172	20-24	0.0551651762552936
2172	25-29	0.09122573484743413
2172	30-34	0.11069595883920869
2172	35-39	0.0783511364715963
2172	40-44	0.08915190909538495
2172	45-49	0.044550713084966276
2172	50-54	0.06817953913962782
2172	55-59	0.06928861611945081
2172	60-64	0.05322159032552065
2172	65-69	0.07185099745277057
2172	70-74	0.05591817687218281
2172	75-79	0.0029620045120921645
2172	80-84	0.011888405323041695
2172	85-89	0.038767761555384084
2172	90-94	-0.0090129362155551
2172	95-99	0.06479352561485285
2172	100-104	-0.012273104906803667
2172	105-109	0.0027447478482613974
2172	110-114	-0.030618905164502053
2172	115-119	-0.012612773436181612
2172	120-124	0.012499437604162722
2172	125-129	-0.021004380887085006
2172	130-134	-0.024959227815664065
2172	135-139	-0.04951814097427132
2172	140-144	-0.07364022698941142
2172	145-149	-0.049942994120996786
2172	150	-0.11471700448579014
2173	1	0.11000217215165264
2173	2	0.07148457097257932
2173	3	0.020508493972357655
2173	4	0.025528224132806088
2173	5	0.08442578338713957
2173	6	-0.006495430749822617
2173	7	0.1052173640096612
2173	8	0.06156906476329027
2173	9	0.08555659994774345
2173	10-14	0.07256484881544623
2173	15-19	0.05217638074037012
2173	20-24	0.06435227809751609
2173	25-29	0.060454358321180734
2173	30-34	0.08600581802235041
2173	35-39	0.07642494958818702
2173	40-44	0.06792136985524877
2173	45-49	0.04459359739551161
2173	50-54	0.0783530602821969
2173	55-59	0.0902746747106491
2173	60-64	0.1005793356528315
2173	65-69	0.03774402314128622
2173	70-74	0.09746505804055516
2173	75-79	0.01756848084455953
2173	80-84	0.10282206088989199
2173	85-89	0.08330764697011261
2173	90-94	0.1012769336686361
2173	95-99	0.0429420055263634
2173	100-104	0.03969442325355743
2173	105-109	0.08457739082435722
2173	110-114	0.06719844374344319
2173	115-119	0.005512460774276917
2173	120-124	0.008753432959025531
2173	125-129	0.05798451127490267
2173	130-134	-0.02857649937154605
2173	135-139	-0.021538893774284418
2173	140-144	-0.06696382117558386
2173	145-149	-0.02569107484770683
2173	150	0.07474307402856795
2174	1	0.13960875341569334
2174	2	0.10359757767121636
2174	3	0.14151915918191804
2174	4	0.02091203001384656
2174	5	0.1291791883615403
2174	6	0.08001216846496106
2174	7	0.17026502353245832
2174	8	0.13083626165479956
2174	9	0.11195451142852875
2174	10-14	0.11300926627644259
2174	15-19	0.09976385772011298
2174	20-24	0.11520407823108769
2174	25-29	0.10784795919544621
2174	30-34	0.107323285085684
2174	35-39	0.09414741128854587
2174	40-44	0.0584777011850548
2174	45-49	0.06771261465818412
2174	50-54	0.11068058542740289
2174	55-59	0.13049202641970936
2174	60-64	0.08550799815055399
2174	65-69	0.0996269284495952
2174	70-74	0.05815779072224814
2174	75-79	0.07677961961371693
2174	80-84	0.03755988292052592
2174	85-89	0.06163359358335185
2174	90-94	0.08285344187498112
2174	95-99	0.041294261005681676
2174	100-104	0.05586992362795229
2174	105-109	0.08127380674729068
2174	110-114	0.05871565581314542
2174	115-119	0.056013341109412806
2174	120-124	0.021245287329328733
2174	125-129	0.028092782377648007
2174	130-134	-0.045121133374749434
2174	135-139	-0.01422057673220678
2174	140-144	-5.335295519230954E-4
2174	145-149	-0.05370030318842112
2174	150	0.07393964173342482
2175	1	0.12200852489802827
2175	2	0.1142169277401095
2175	3	0.11857800247928907
2175	4	0.0913136161952508
2175	5	0.03211429606729155
2175	6	0.08663380371044838
2175	7	0.04272931764813137
2175	8	0.10134874611223665
2175	9	0.14808046498567506
2175	10-14	0.05666595209826397
2175	15-19	0.0671277720932082
2175	20-24	0.08336766999101286
2175	25-29	0.09758818838521677
2175	30-34	0.06552794281327579
2175	35-39	0.07671420229569748
2175	40-44	0.0761706137770517
2175	45-49	0.04714158935320256
2175	50-54	0.07386477738223363
2175	55-59	0.05154522398666472
2175	60-64	0.08464178179810489
2175	65-69	0.08157040393435722
2175	70-74	0.05819684035762407
2175	75-79	0.060637938664690694
2175	80-84	0.002451236215549102
2175	85-89	0.05701525168059618
2175	90-94	0.015430785021131044
2175	95-99	0.05703415414007651
2175	100-104	-4.646579301947895E-5
2175	105-109	0.05856667901264245
2175	110-114	0.006315749908644364
2175	115-119	0.034030479933889524
2175	120-124	0.04836267147423712
2175	125-129	-0.03527650888155165
2175	130-134	0.008446901037316934
2175	135-139	-0.04950733278960229
2175	140-144	-0.03991680071500525
2175	145-149	-0.053914975366396334
2175	150	-0.10304123671534882
2176	1	0.08887091694393234
2176	2	0.0971403002958553
2176	3	0.016009027019777022
2176	4	0.09067684463847314
2176	5	0.07587130877548276
2176	6	0.021156821869098508
2176	7	0.0249615822422129
2176	8	0.03796250539456736
2176	9	-0.02455530457551447
2176	10-14	0.0456240145481388
2176	15-19	0.05801197939869951
2176	20-24	0.04229725626433378
2176	25-29	0.05053171853671046
2176	30-34	0.05351068024504002
2176	35-39	0.02865661108636175
2176	40-44	0.006296633215086445
2176	45-49	0.02732529078542001
2176	50-54	0.011301101067161312
2176	55-59	-0.009569916401986234
2176	60-64	0.0029395056205459014
2176	65-69	-0.016811117653098506
2176	70-74	-0.02493477915977138
2176	75-79	0.019672848796105313
2176	80-84	-0.025515549984483243
2176	85-89	-0.009422112667522242
2176	90-94	-0.015778781683025045
2176	95-99	-0.021316197987395924
2176	100-104	-0.07528332847087427
2176	105-109	-0.014999998245592394
2176	110-114	-0.0797915544037977
2176	115-119	-0.060318338938593286
2176	120-124	-0.03998672236886591
2176	125-129	-0.06108603221073139
2176	130-134	-0.12615031859304082
2176	135-139	-0.1324272555216197
2176	140-144	-0.05207680394291003
2176	145-149	-0.09063469736306473
2176	150	-0.02863755017856562
2177	1	0.1291065844784498
2177	2	0.057302252574558565
2177	3	0.10815655434317506
2177	4	0.08837756484896886
2177	5	0.12728873697053444
2177	6	0.09238263188980511
2177	7	0.1061555481022296
2177	8	0.06227955014580999
2177	9	0.06629909396401246
2177	10-14	0.06118097617955698
2177	15-19	0.09023370603680547
2177	20-24	0.06190302486344024
2177	25-29	0.07078820060405633
2177	30-34	0.06555544877844
2177	35-39	0.06726998978292897
2177	40-44	0.06810818908413552
2177	45-49	0.06440420275931302
2177	50-54	0.09135960304315915
2177	55-59	0.09924445046625152
2177	60-64	0.061317700841499345
2177	65-69	0.08541244149371607
2177	70-74	0.05874033433475745
2177	75-79	0.022734175601563322
2177	80-84	0.025934379308338862
2177	85-89	0.020879283150897265
2177	90-94	0.044331652898144114
2177	95-99	0.015253760625562052
2177	100-104	0.01971392276606565
2177	105-109	0.05719116353034792
2177	110-114	0.03403766270007935
2177	115-119	0.047727065786510536
2177	120-124	0.004712659764521732
2177	125-129	0.02800431738352671
2177	130-134	0.027247947784573512
2177	135-139	0.04686539611846996
2177	140-144	0.024311148522500048
2177	145-149	-0.0559788459553161
2177	150	-0.12061219932230216
2178	1	0.0650175370718955
2178	2	0.09189862370422475
2178	3	0.05453792735531948
2178	4	0.06360868044245649
2178	5	0.09007568018586909
2178	6	-0.046820277439650226
2178	7	0.12081825037434868
2178	8	0.09372663588537478
2178	9	0.08236726019179486
2178	10-14	0.09316409426632077
2178	15-19	0.09981785870195381
2178	20-24	0.10411726126798015
2178	25-29	0.0660651715363727
2178	30-34	0.060173630616439766
2178	35-39	0.09545249795446153
2178	40-44	0.10617907197921284
2178	45-49	0.062176192317629386
2178	50-54	0.07641526312084324
2178	55-59	0.021035434901264694
2178	60-64	0.0692748498555531
2178	65-69	0.0561028923482354
2178	70-74	0.05447515033857542
2178	75-79	0.03661723903896075
2178	80-84	-0.0037063079332924076
2178	85-89	0.023254378296911682
2178	90-94	0.01325297361471911
2178	95-99	-0.010290648929739632
2178	100-104	-0.023026266092976755
2178	105-109	0.046378598862396814
2178	110-114	-0.04102340237951552
2178	115-119	-0.052222752693694474
2178	120-124	-0.06334026457580677
2178	125-129	-0.09084230315536956
2178	130-134	-0.16461888648073852
2178	135-139	-0.15402836344721038
2178	140-144	-0.054264884108022216
2178	145-149	-0.06431810463097065
2178	150	-0.12840354772316687
2179	1	0.08486233375326435
2179	2	0.05601856140104644
2179	3	0.05345823850146303
2179	4	0.04961078802772079
2179	5	0.11608785535143085
2179	6	0.012295355095574223
2179	7	0.02272962249881516
2179	8	0.07182944483000142
2179	9	0.08474604209342118
2179	10-14	0.048249146696306866
2179	15-19	0.04901498072793231
2179	20-24	0.03422083527258479
2179	25-29	0.04972764741074087
2179	30-34	0.02513870946193464
2179	35-39	0.057996912350525065
2179	40-44	0.035541280028219546
2179	45-49	0.04141725227641757
2179	50-54	0.03630390801583161
2179	55-59	0.039268412792552
2179	60-64	0.05902474538707736
2179	65-69	0.02433901041107589
2179	70-74	0.04867193659729452
2179	75-79	0.03640297330758813
2179	80-84	0.04066655902700944
2179	85-89	4.132054550751718E-4
2179	90-94	0.026060020540299433
2179	95-99	0.0010993921861199851
2179	100-104	0.02694605689718088
2179	105-109	0.02449301692607264
2179	110-114	-0.006440665927996747
2179	115-119	-0.04412480761651949
2179	120-124	-0.06931851229482788
2179	125-129	-0.059870913516633095
2179	130-134	-0.06941375171572872
2179	135-139	-0.09897323100673816
2179	140-144	-0.04458502663646868
2179	145-149	-0.047761747251719555
2179	150	-0.10807012131751037
2180	1	0.09579295359770867
2180	2	0.02278151002357731
2180	3	0.026115622497911772
2180	4	0.12792970010900007
2180	5	0.017031847403721656
2180	6	-0.014773947565245749
2180	7	-0.009133945389969256
2180	8	0.035580977348949716
2180	9	0.003520808596867653
2180	10-14	0.020697523211694602
2180	15-19	0.022421793939351176
2180	20-24	0.05935322603974669
2180	25-29	0.052205880890582534
2180	30-34	0.0228382975377599
2180	35-39	0.03432961540671897
2180	40-44	0.035862164666284
2180	45-49	0.003141122127424012
2180	50-54	0.03326614101404601
2180	55-59	0.019402226199318306
2180	60-64	0.03532599390526059
2180	65-69	-0.002368229296742186
2180	70-74	-0.0028477963910162885
2180	75-79	-0.0015517349781006828
2180	80-84	-0.03448448352908429
2180	85-89	0.031958413664440855
2180	90-94	-0.030292570594426138
2180	95-99	0.011761124080770458
2180	100-104	-0.024066703343962104
2180	105-109	0.00501055017846852
2180	110-114	-0.05576923846076198
2180	115-119	-0.03526620509919809
2180	120-124	-0.01599025753080241
2180	125-129	-0.06506508921602006
2180	130-134	-0.09634594106371708
2180	135-139	-0.09167624825845166
2180	140-144	-0.07410436516713759
2180	145-149	-0.1116039298152316
2180	150	-0.018516889246207313
2181	1	0.10895775544503294
2181	2	0.08836962242128976
2181	3	0.04715919228441834
2181	4	0.0855151554371858
2181	5	-0.006924668723641503
2181	6	0.08308474583266445
2181	7	0.07554036579059442
2181	8	0.052575806133262404
2181	9	0.07215639912950422
2181	10-14	0.045234497410497454
2181	15-19	0.054559414903081915
2181	20-24	0.06926883198092781
2181	25-29	0.04134908519016989
2181	30-34	0.038344325561133985
2181	35-39	0.06128805533874271
2181	40-44	0.01824238907862963
2181	45-49	0.02096461348322265
2181	50-54	0.015662136282259098
2181	55-59	-0.022526645375961607
2181	60-64	0.052403672962739734
2181	65-69	0.00889122938728093
2181	70-74	-0.001242166088914587
2181	75-79	-8.701674029509832E-5
2181	80-84	-0.0024495596081379745
2181	85-89	-0.03125655788607418
2181	90-94	-0.02987253835740944
2181	95-99	-0.023655662743209405
2181	100-104	-0.07081098730780866
2181	105-109	-0.028336085374498055
2181	110-114	-0.055939068200792974
2181	115-119	-0.07114130578159461
2181	120-124	-0.08743980031584186
2181	125-129	-0.11646369373502807
2181	130-134	-0.1573417773712933
2181	135-139	-0.057519265105959505
2181	140-144	-0.10414983025354019
2181	145-149	-0.12601191199949113
2181	150	-0.19949332100748762
2182	1	0.07443442404405687
2182	2	-0.012888872415523167
2182	3	0.0633064969503252
2182	4	0.08510180213954754
2182	5	0.04621822261935904
2182	6	-0.0034787126961077774
2182	7	0.05239764640042921
2182	8	0.06552932008283818
2182	9	0.010131810406704744
2182	10-14	0.04152066265824317
2182	15-19	0.06361290516581874
2182	20-24	0.007000336820212283
2182	25-29	0.020573396602358685
2182	30-34	-0.011455802590383257
2182	35-39	0.01778726615519588
2182	40-44	-0.02204826720402764
2182	45-49	-0.06463884167580858
2182	50-54	-0.029043309170894815
2182	55-59	-0.017596024347625416
2182	60-64	-0.04151584804328934
2182	65-69	-0.04263237273944043
2182	70-74	-0.06709222561259764
2182	75-79	-0.06041998941698523
2182	80-84	-0.07890112482551359
2182	85-89	-0.11165037520844123
2182	90-94	-0.12600315959902986
2182	95-99	-0.10760639785492998
2182	100-104	-0.09790315682878514
2182	105-109	-0.05624292479200932
2182	110-114	-0.08521403905211145
2182	115-119	-0.1519985959888075
2182	120-124	-0.12135484521618878
2182	125-129	-0.1490908785191536
2182	130-134	-0.18216803502302525
2182	135-139	-0.1276636801643889
2182	140-144	-0.17115383995380995
2182	145-149	-0.17441783586809834
2182	150	-0.22008007474715896
2183	1	0.07993936729736362
2183	2	0.09912446721834556
2183	3	-0.054906463646652526
2183	4	0.09473385369767584
2183	5	0.04941669387963543
2183	6	0.020438990952499125
2183	7	0.042634114116822275
2183	8	0.052314201072022115
2183	9	0.07777164431097816
2183	10-14	0.0467576276972963
2183	15-19	0.027957663301222624
2183	20-24	0.0330750879328221
2183	25-29	0.06115258158930459
2183	30-34	0.03143339760426045
2183	35-39	0.0327808110074983
2183	40-44	0.0357115436994917
2183	45-49	0.019786171276351183
2183	50-54	0.01673111263708904
2183	55-59	0.01644415463494653
2183	60-64	0.054744024313905015
2183	65-69	0.04137115172096628
2183	70-74	0.001089170902936587
2183	75-79	-0.026574640355086387
2183	80-84	-0.03360024796361927
2183	85-89	-0.05559270051507781
2183	90-94	-0.04635239062432106
2183	95-99	-0.03284446135750585
2183	100-104	-0.09957824672362392
2183	105-109	-0.016644245761376908
2183	110-114	-0.0738968037910297
2183	115-119	-0.09565482513098544
2183	120-124	-0.0690814175511889
2183	125-129	-0.17102526608722712
2183	130-134	-0.2111074316517474
2183	135-139	-0.16428167172431074
2183	140-144	-0.14320088366361716
2183	145-149	-0.24603239305501745
2183	150	-0.17028565152590858
2184	1	0.13210229923026873
2184	2	0.014575775365280208
2184	3	0.08983701598685911
2184	4	0.07234276410140694
2184	5	0.07677796105256363
2184	6	0.07343498181397479
2184	7	0.09050886333349695
2184	8	0.12883850541349773
2184	9	0.07829137259933816
2184	10-14	0.057163463862373476
2184	15-19	0.034696207043609206
2184	20-24	0.05327904139829087
2184	25-29	0.04466290316906196
2184	30-34	0.034640912108102384
2184	35-39	0.056574725671573844
2184	40-44	0.05443812452555363
2184	45-49	0.008589302545935595
2184	50-54	-0.0027852107690264916
2184	55-59	-0.022319835764847085
2184	60-64	-0.014507410794749376
2184	65-69	-0.03691038417627368
2184	70-74	-0.02183274764468024
2184	75-79	-0.029989503022562758
2184	80-84	0.022178241192015946
2184	85-89	-0.05775383325796213
2184	90-94	-0.04537790857038715
2184	95-99	-0.05429067066780391
2184	100-104	-0.02526979765936943
2184	105-109	0.03913074685515738
2184	110-114	-0.0022286151680219746
2184	115-119	-0.04354872044527269
2184	120-124	-0.05839327828709884
2184	125-129	-0.08073573228112707
2184	130-134	-0.14442313518597416
2184	135-139	-0.1248573446383503
2184	140-144	-0.0848795279569643
2184	145-149	-0.14651946434707241
2184	150	-0.19583584723025638
2185	1	0.09089608623790468
2185	2	0.021912255241709033
2185	3	0.06379839932161957
2185	4	0.07362895649821866
2185	5	0.007964093379001724
2185	6	-0.012127877535554887
2185	7	0.133410777003796
2185	8	0.07222990676937258
2185	9	0.05977493906291187
2185	10-14	0.056506191057088984
2185	15-19	0.05350029182864802
2185	20-24	0.04907912721311192
2185	25-29	0.05335793449147275
2185	30-34	0.0454871491286184
2185	35-39	0.0493486379688477
2185	40-44	0.05156126878024736
2185	45-49	0.019423731448362958
2185	50-54	0.027463411903248414
2185	55-59	0.04479702684565012
2185	60-64	0.06356800326172163
2185	65-69	0.05857232413917757
2185	70-74	0.07551759990530371
2185	75-79	-2.368213097057037E-4
2185	80-84	0.04782815108646332
2185	85-89	0.020676442207587797
2185	90-94	0.012350264432264169
2185	95-99	0.006717619043001832
2185	100-104	-0.044990865195629226
2185	105-109	-0.021704368565771404
2185	110-114	-0.05191237042418351
2185	115-119	-0.08358778334753225
2185	120-124	-0.032370932110140416
2185	125-129	-0.07683417903303535
2185	130-134	-0.17655570190698455
2185	135-139	-0.12798038591527217
2185	140-144	-0.14357167590169695
2185	145-149	-0.1143411754944168
2185	150	-0.04748160368782095
2186	1	0.09759689820887729
2186	2	-0.017676897791545798
2186	3	-0.008849177694948196
2186	4	0.09029811711675961
2186	5	0.03332606693391682
2186	6	0.01940479955514718
2186	7	0.14994526422085386
2186	8	0.02421570158723796
2186	9	0.04488135725382136
2186	10-14	0.04472631621440115
2186	15-19	0.07030005737418321
2186	20-24	0.045364582416794974
2186	25-29	0.043307409554827814
2186	30-34	0.052619515911935366
2186	35-39	0.03508322862169422
2186	40-44	0.05026583891833525
2186	45-49	0.046141568950730516
2186	50-54	0.04153763053204074
2186	55-59	0.054067921737640745
2186	60-64	0.06766262632446285
2186	65-69	0.051878304451896895
2186	70-74	0.05088611749801686
2186	75-79	0.05095644846807801
2186	80-84	0.008910958333871122
2186	85-89	0.009171072166047622
2186	90-94	0.02901684605171795
2186	95-99	0.04822670587734734
2186	100-104	0.003126472367085853
2186	105-109	0.0299868135329433
2186	110-114	-0.017005010967558576
2186	115-119	-0.034535620677502266
2186	120-124	-0.016557833690981738
2186	125-129	-0.03629581642162094
2186	130-134	-0.15253902805727648
2186	135-139	-0.061530074745924423
2186	140-144	-0.029208195632072886
2186	145-149	-0.09281960740779738
2186	150	-0.1533200025017578
2187	1	0.07080861246789993
2187	2	0.005984676031474123
2187	3	0.08352487903998451
2187	4	0.04973585346854037
2187	5	-0.012661819251277961
2187	6	0.01447226467001883
2187	7	0.03352599820283331
2187	8	0.10958592362593578
2187	9	0.012049569241710856
2187	10-14	0.014671794650375602
2187	15-19	0.04523738493860918
2187	20-24	0.04524119994606224
2187	25-29	0.05162290162810734
2187	30-34	0.03249623294319548
2187	35-39	0.04294206182816396
2187	40-44	0.05190297836872304
2187	45-49	-0.004061442753467759
2187	50-54	0.0162653958444281
2187	55-59	0.021808822971401298
2187	60-64	0.027931480708268452
2187	65-69	0.04353495182070333
2187	70-74	0.0679719363082043
2187	75-79	0.028194096263085555
2187	80-84	-0.04821274862391789
2187	85-89	-0.02502405898034965
2187	90-94	-0.03704838634899943
2187	95-99	-0.0043598760578476
2187	100-104	-0.0199886696803091
2187	105-109	-0.013528005906870533
2187	110-114	-0.0478993846273994
2187	115-119	0.0035332335957392047
2187	120-124	-0.06365002615658
2187	125-129	-0.037149819911938664
2187	130-134	-0.13207870972829028
2187	135-139	-0.07121593037184937
2187	140-144	-0.03325029824184611
2187	145-149	-0.08502611384309233
2187	150	0.0026421845299253732
2188	1	0.10038408919102437
2188	2	-0.010643736570095541
2188	3	0.006498624161380917
2188	4	0.03069113979295679
2188	5	0.015764824947176237
2188	6	0.021726010178802824
2188	7	0.015103518370956692
2188	8	0.024548105366640982
2188	9	-0.01680561733159891
2188	10-14	-0.008239484972314415
2188	15-19	-0.04859112063486748
2188	20-24	-0.008051555024543688
2188	25-29	-0.010389359041873547
2188	30-34	-0.009568711806316799
2188	35-39	-0.03826018111904972
2188	40-44	0.011771074478431842
2188	45-49	0.0022403091858649304
2188	50-54	-0.033405328658510314
2188	55-59	0.012112628040313211
2188	60-64	-2.5401761145360524E-4
2188	65-69	-0.015151626328957946
2188	70-74	0.018549621114075876
2188	75-79	0.007891840725932298
2188	80-84	-0.0024700871094438526
2188	85-89	0.01037596232571758
2188	90-94	-0.020499871478335763
2188	95-99	-0.008087468376047013
2188	100-104	-0.015181247423221578
2188	105-109	0.027567513040992253
2188	110-114	-0.00857372147623181
2188	115-119	-0.009099324003258857
2188	120-124	0.00840368448772466
2188	125-129	-0.014085039800171728
2188	130-134	-0.06962773788135479
2188	135-139	-0.030543143054778454
2188	140-144	-0.020301539319923734
2188	145-149	0.0031950237069011678
2188	150	-0.06506024726646586
2201	1	-0.09776183289200446
2201	2	-0.12628656239892422
2201	3	-0.0356212970550871
2201	4	-0.05778414832803236
2201	5	-0.06257142889838008
2201	6	-0.05313687912164511
2201	7	-0.0354413456814342
2201	8	-0.0633039058246112
2201	9	-0.0036166608299765812
2201	10-14	-0.049893364013257724
2201	15-19	-0.04660756241570141
2201	20-24	-0.059657593902507244
2201	25-29	-0.05405790582822334
2201	30-34	-0.02514520302496237
2201	35-39	-0.03479797459218048
2201	40-44	-0.043256207067898345
2201	45-49	-0.050432004230465566
2201	50-54	-0.07395115130353958
2201	55-59	-0.07761933667836729
2201	60-64	-0.05544217656401429
2201	65-69	-0.09644940737873497
2201	70-74	-0.05440858296902462
2201	75-79	-0.036083979733504634
2201	80-84	-0.06309037323017463
2201	85-89	-0.06686165489418983
2201	90-94	-0.12520867020839432
2201	95-99	-0.07597318368425476
2201	100-104	-0.14431254521704773
2201	105-109	-0.18801828291681488
2201	110-114	-0.1169405863798616
2201	115-119	-0.2214672650868792
2201	120-124	-0.16555900964326042
2201	125-129	-0.18667979668190782
2201	130-134	-0.19020475952125082
2201	135-139	-0.2333548230586615
2201	140-144	-0.26526013450882147
2201	145-149	-0.18811229214426106
2201	150	-0.39194218827595506
2202	1	0.014682604295991553
2202	2	0.0032903580091598883
2202	3	-0.046865574364112206
2202	4	-0.009845384614536101
2202	5	0.0027464812836726082
2202	6	0.011454919262547492
2202	7	-0.05450160768578627
2202	8	-0.018531574809813378
2202	9	-0.033620343823741905
2202	10-14	-0.029228710800246915
2202	15-19	-0.014186278165496446
2202	20-24	-0.02392152734613262
2202	25-29	-0.048964046003654005
2202	30-34	-0.0507483207278554
2202	35-39	-0.04071256744239804
2202	40-44	-0.036708403033301806
2202	45-49	-0.05637813330353936
2202	50-54	-0.06985114091077804
2202	55-59	-0.08629398326952042
2202	60-64	-0.02463734038187937
2202	65-69	-0.07964519727414654
2202	70-74	-0.09311362603304474
2202	75-79	-0.08017654250373596
2202	80-84	-0.09210572029346054
2202	85-89	-0.14118573762308273
2202	90-94	-0.13904423034527014
2202	95-99	-0.07165150290781952
2202	100-104	-0.10679107129111287
2202	105-109	-0.1637315105160937
2202	110-114	-0.14600134761353445
2202	115-119	-0.2162305440376997
2202	120-124	-0.15426930560461471
2202	125-129	-0.17535280429373756
2202	130-134	-0.2253361871381827
2202	135-139	-0.29945040067170225
2202	140-144	-0.26576807994776175
2202	145-149	-0.2755199888790756
2202	150	-0.2049803629930338
2203	1	0.017989304085723745
2203	2	-0.07234059014873395
2203	3	-0.06543115713282788
2203	4	-0.061037715688790684
2203	5	0.01544543531854714
2203	6	-0.007682369505523923
2203	7	-0.020193820335677515
2203	8	0.03229598524377053
2203	9	-0.02426005437478551
2203	10-14	-0.010007347991731308
2203	15-19	-0.011892423806202146
2203	20-24	-0.06014178770050904
2203	25-29	0.0028590486341713017
2203	30-34	0.004581334140070226
2203	35-39	-0.024280125212698067
2203	40-44	-0.06264995876404811
2203	45-49	-0.029314307147096486
2203	50-54	-0.10102947058388168
2203	55-59	-0.057963884176132296
2203	60-64	-0.0674993363344285
2203	65-69	-0.06339131613887616
2203	70-74	-0.08007280960733709
2203	75-79	-0.07890438779185871
2203	80-84	-0.12799622259641552
2203	85-89	-0.11779164677477638
2203	90-94	-0.09891269063354002
2203	95-99	-0.060857057499553946
2203	100-104	-0.1492563251158856
2203	105-109	-0.09200456522788869
2203	110-114	-0.11599718935011794
2203	115-119	-0.16900294579044584
2203	120-124	-0.15735164597295892
2203	125-129	-0.12922368431392783
2203	130-134	-0.19860321713277784
2203	135-139	-0.1894117317880557
2203	140-144	-0.2142864942893965
2203	145-149	-0.16850029875394767
2203	150	-0.3496015965665862
2204	1	0.04185127909403974
2204	2	-0.017376883453401604
2204	3	-0.03177496416583381
2204	4	0.011933152854773255
2204	5	-0.01128397140801951
2204	6	-0.056844825095645035
2204	7	0.02459691497553962
2204	8	-0.039654753705718804
2204	9	-0.009296541177548079
2204	10-14	0.0033117751130902207
2204	15-19	-0.005911270393340828
2204	20-24	-0.025122540686879802
2204	25-29	-0.009264829100757765
2204	30-34	-0.028809384532870297
2204	35-39	-8.495045592837869E-4
2204	40-44	-0.0062118602367178255
2204	45-49	-0.06893701386846374
2204	50-54	-0.05563717261006218
2204	55-59	-0.06718316455544482
2204	60-64	-0.07070584163854221
2204	65-69	-0.059953338738822026
2204	70-74	-0.08343173285153682
2204	75-79	-0.05730208226205491
2204	80-84	-0.08929309011049469
2204	85-89	-0.1017418963777672
2204	90-94	-0.12624977048886876
2204	95-99	-0.09697609930972106
2204	100-104	-0.1208526506634442
2204	105-109	-0.08665226789312896
2204	110-114	-0.07341785719987826
2204	115-119	-0.16078173367636595
2204	120-124	-0.20523711597823535
2204	125-129	-0.21449224789418508
2204	130-134	-0.21909209388842044
2204	135-139	-0.21402897950807187
2204	140-144	-0.23421241889045064
2204	145-149	-0.28185948996755883
2204	150	-0.3997619040095941
2205	1	-0.02332085608431811
2205	2	-0.13773882359298284
2205	3	-0.02305946315843954
2205	4	-0.06997409950044187
2205	5	-0.10294548600140274
2205	6	0.01237619433079118
2205	7	-0.01591606373165888
2205	8	0.02102681718831434
2205	9	-0.053946494905687814
2205	10-14	-0.02233938026354565
2205	15-19	0.001881787924688183
2205	20-24	-0.03019891829104182
2205	25-29	-0.03436756294787102
2205	30-34	-0.0036014580412313535
2205	35-39	-0.01832769483277019
2205	40-44	-0.049358217408986604
2205	45-49	-0.049815056226897525
2205	50-54	-0.08354879530017456
2205	55-59	-0.05606382446826785
2205	60-64	-0.0749672666568415
2205	65-69	-0.05516287861457414
2205	70-74	-0.02586794287027061
2205	75-79	-0.04073350504742734
2205	80-84	-0.09320961232550218
2205	85-89	-0.08924010552139805
2205	90-94	-0.09764694822829512
2205	95-99	-0.0660449701602559
2205	100-104	-0.10565452064017933
2205	105-109	-0.09077840097278767
2205	110-114	-0.0782092724475234
2205	115-119	-0.1689590871843123
2205	120-124	-0.17058105720459338
2205	125-129	-0.19990340915645533
2205	130-134	-0.1753677579895978
2205	135-139	-0.26308292978227854
2205	140-144	-0.18733666624675038
2205	145-149	-0.19489891204046472
2205	150	-0.2563191488141783
2206	1	0.03291842752084051
2206	2	0.019194185528554897
2206	3	-0.008414506840814795
2206	4	6.20015809104757E-4
2206	5	0.011157986483269156
2206	6	0.044214315752043376
2206	7	0.07356159527937933
2206	8	0.028036093007976604
2206	9	0.027188436538558847
2206	10-14	0.026651675821156573
2206	15-19	0.023877103664929678
2206	20-24	-0.01669719102698508
2206	25-29	0.03456400965004036
2206	30-34	0.037366795175884704
2206	35-39	0.042694687320107505
2206	40-44	0.04655321339056684
2206	45-49	0.02438378690485621
2206	50-54	0.02165258702967776
2206	55-59	-0.007637835577988028
2206	60-64	0.007242166298802033
2206	65-69	-0.00978448494097961
2206	70-74	-0.004226792432675097
2206	75-79	0.023595305872746053
2206	80-84	-0.05185847629851281
2206	85-89	-0.019933545807461428
2206	90-94	0.0038523519850457433
2206	95-99	0.022255232158791216
2206	100-104	-0.03115591340686308
2206	105-109	-0.05619487289413172
2206	110-114	-0.021927833097535654
2206	115-119	-0.09831744213141036
2206	120-124	-0.10097920631911705
2206	125-129	-0.04948438636849062
2206	130-134	-0.15187801688149705
2206	135-139	-0.12549912879007508
2206	140-144	-0.13488382162532275
2206	145-149	-0.14830389436590252
2206	150	-0.174085302736124
2207	1	0.07131625437539668
2207	2	0.029623603894982864
2207	3	0.007634893767900053
2207	4	-0.021437968241237115
2207	5	-0.02164990943861511
2207	6	0.03260870010157646
2207	7	-0.001294054336163697
2207	8	0.026195183995561422
2207	9	-0.019257137489390175
2207	10-14	0.027233954644572123
2207	15-19	0.020904728952665153
2207	20-24	0.04001744809568919
2207	25-29	0.05800654888306411
2207	30-34	0.0011038959901483736
2207	35-39	0.015537522166340523
2207	40-44	0.01786802145259969
2207	45-49	-0.01944997648068636
2207	50-54	-0.04815900029695541
2207	55-59	-0.06535216653755072
2207	60-64	-0.017928087604424547
2207	65-69	-0.08719978309758858
2207	70-74	-0.03242140238975111
2207	75-79	-0.04672329966127364
2207	80-84	-0.016363560763835494
2207	85-89	-0.07026455081525285
2207	90-94	-0.0859096639149115
2207	95-99	-0.06788404226573164
2207	100-104	-0.08205088885694778
2207	105-109	-0.11953427964770924
2207	110-114	-0.09357111068897694
2207	115-119	-0.12653422098156142
2207	120-124	-0.09116786366372054
2207	125-129	-0.09028306431744682
2207	130-134	-0.1684505620502108
2207	135-139	-0.13865306796318322
2207	140-144	-0.19610068275344616
2207	145-149	-0.17204460972974545
2207	150	-0.2623498402508275
2208	1	-0.02347726834270958
2208	2	-0.02302743899662829
2208	3	0.024392460042371056
2208	4	0.07695833916508121
2208	5	0.009488386657892534
2208	6	0.07150647002350041
2208	7	-0.04097655430440739
2208	8	-0.017454205907618814
2208	9	-0.007810805338927196
2208	10-14	0.04038672821492639
2208	15-19	0.021448368783644867
2208	20-24	0.041920944519681314
2208	25-29	-0.005930268287272611
2208	30-34	0.01729089064215117
2208	35-39	0.02048542730535985
2208	40-44	0.038224349968103866
2208	45-49	-0.013141406409971523
2208	50-54	-0.027387827244865548
2208	55-59	-0.017747614025495295
2208	60-64	0.0035059744782941493
2208	65-69	-0.02490625428487192
2208	70-74	-0.010376223443465449
2208	75-79	-0.00774587630364465
2208	80-84	-0.039576699269595395
2208	85-89	-0.03321874893494936
2208	90-94	-0.050670806895524834
2208	95-99	-0.040088111083328215
2208	100-104	-0.06672853430241332
2208	105-109	-0.06933729521284704
2208	110-114	-0.06697588319745051
2208	115-119	-0.10197114406993535
2208	120-124	-0.09944213374352273
2208	125-129	-0.09176054060201011
2208	130-134	-0.14974985226470494
2208	135-139	-0.15729969604259253
2208	140-144	-0.2336814380317378
2208	145-149	-0.1915219533441217
2208	150	-0.2364352082559904
2209	1	0.016153520660836307
2209	2	0.012389113691625653
2209	3	0.0020697157660620746
2209	4	-0.05143644814131676
2209	5	-0.002471663317898276
2209	6	-0.041911075345012705
2209	7	0.010903486968850018
2209	8	0.032763248966809044
2209	9	0.005228707900869267
2209	10-14	-0.0037544369371431685
2209	15-19	-0.005025612829584247
2209	20-24	0.005085339843624581
2209	25-29	-0.02221354026037403
2209	30-34	0.011009050811829013
2209	35-39	0.013027266469990195
2209	40-44	3.892040113342432E-4
2209	45-49	-0.016122367583101038
2209	50-54	-0.044557522899857815
2209	55-59	-0.03664697596317268
2209	60-64	0.020386691013882796
2209	65-69	0.010563216269929399
2209	70-74	0.04028828187363587
2209	75-79	0.02253245292774153
2209	80-84	0.0015025497468812432
2209	85-89	-0.027587686000622114
2209	90-94	-0.03397473858014166
2209	95-99	-0.031498149371138595
2209	100-104	-0.04884381299573448
2209	105-109	-0.044081259840574205
2209	110-114	-0.008413346445394154
2209	115-119	-0.1044171878042377
2209	120-124	-0.10925310237577435
2209	125-129	-0.09911319727785184
2209	130-134	-0.05166343985629851
2209	135-139	-0.11803947238600898
2209	140-144	-0.12408687216547065
2209	145-149	-0.09135824527016467
2209	150	-0.18193363155990028
2210	1	-0.001659244424239148
2210	2	-0.018228849306183292
2210	3	-0.04364990502800481
2210	4	-0.016158477927000092
2210	5	-0.0013603727286408684
2210	6	0.014027353989916946
2210	7	0.019675885021477768
2210	8	0.05091056272377159
2210	9	-0.01256939568862947
2210	10-14	0.01322384151765732
2210	15-19	0.01815343735303543
2210	20-24	0.005087421649065504
2210	25-29	-0.007575173030531346
2210	30-34	-0.002243595635725626
2210	35-39	0.010805815051746492
2210	40-44	0.039925596096537674
2210	45-49	0.011781086151160025
2210	50-54	0.00506506418133057
2210	55-59	-0.011458018798542469
2210	60-64	-0.04382504890895689
2210	65-69	-0.040952645913279184
2210	70-74	0.00998408757519087
2210	75-79	0.002947779458601474
2210	80-84	-0.021336011002013322
2210	85-89	-0.01440736959794009
2210	90-94	-0.04142557100084332
2210	95-99	-0.026112683736968734
2210	100-104	-0.05051489344958071
2210	105-109	-0.06739131143825716
2210	110-114	-0.03754521771237762
2210	115-119	-0.10897563084225936
2210	120-124	-0.12902569686704624
2210	125-129	-0.12601648313481917
2210	130-134	-0.1756856783620293
2210	135-139	-0.1607005147929641
2210	140-144	-0.16201486645066154
2210	145-149	-0.1926897566006076
2210	150	-0.22956330883879872
2211	1	-0.029640858963148276
2211	2	-0.07472784675601929
2211	3	-0.051100455687610236
2211	4	-0.05133442532267907
2211	5	-0.0029927811190830766
2211	6	0.0037948293782719134
2211	7	-0.007289331451580949
2211	8	-0.03812600901626695
2211	9	0.047019327945818645
2211	10-14	-0.03292829444217915
2211	15-19	-0.02448439195354979
2211	20-24	-0.0010947623610988444
2211	25-29	-0.056646724950361715
2211	30-34	-0.028647358724050775
2211	35-39	-8.234633334538444E-4
2211	40-44	-0.026438052338747298
2211	45-49	-0.038956842620045506
2211	50-54	-0.04807177648622485
2211	55-59	-0.05271389071998556
2211	60-64	-0.04023961841942025
2211	65-69	-0.028865893549806287
2211	70-74	-0.026314007800820605
2211	75-79	-0.004922027499112858
2211	80-84	-0.09422979885847127
2211	85-89	-0.05924831790731844
2211	90-94	-0.0511150555111044
2211	95-99	-0.042892673455369845
2211	100-104	-0.12230019153041383
2211	105-109	-0.06967835252098808
2211	110-114	-0.07579557639833467
2211	115-119	-0.14401795546869778
2211	120-124	-0.07932394526553566
2211	125-129	-0.13713155540632016
2211	130-134	-0.1262502617520056
2211	135-139	-0.09732798789230657
2211	140-144	-0.13222212338362738
2211	145-149	-0.1601286724932578
2211	150	-0.07091200596621405
2212	1	0.018210163867635742
2212	2	-0.08643931307741326
2212	3	-0.035621612264904456
2212	4	-0.01094176269403846
2212	5	-0.030240988140491254
2212	6	0.028160461453111907
2212	7	-0.022775269507832263
2212	8	-0.021599440247094037
2212	9	-0.03113857579266721
2212	10-14	0.009581685553492036
2212	15-19	0.025789954991765285
2212	20-24	4.949676500913824E-4
2212	25-29	-0.0017869136422774545
2212	30-34	-0.007951831257052788
2212	35-39	-0.0063195239114790525
2212	40-44	0.0011784168395010397
2212	45-49	-0.03189709947110231
2212	50-54	-0.03210616518852305
2212	55-59	-0.07033338778649068
2212	60-64	-0.04439697232380979
2212	65-69	-0.06070600078012944
2212	70-74	-0.06390717870927176
2212	75-79	0.0010420001750262031
2212	80-84	-0.06737357034032954
2212	85-89	-0.052686795398969366
2212	90-94	-0.05770604608665053
2212	95-99	-0.11538166093713897
2212	100-104	-0.07140602699319487
2212	105-109	-0.09515652448730805
2212	110-114	-0.09636053727016503
2212	115-119	-0.15407464919210412
2212	120-124	-0.17210629584431558
2212	125-129	-0.20375736036216807
2212	130-134	-0.20247568866524546
2212	135-139	-0.19155062509428689
2212	140-144	-0.24334113712821193
2212	145-149	-0.2341416886120129
2212	150	-0.2771755538657601
2213	1	0.04069386901693406
2213	2	0.027879747114681663
2213	3	0.031187913366800046
2213	4	0.0674597475293055
2213	5	0.05714405503608333
2213	6	-0.033796961473200327
2213	7	0.00840752619109253
2213	8	0.05099459794216443
2213	9	0.040872546798176757
2213	10-14	0.02585026040775773
2213	15-19	0.027434108616169794
2213	20-24	0.02382434685134882
2213	25-29	0.010319108118203246
2213	30-34	0.01940489523180844
2213	35-39	0.06650079267419073
2213	40-44	0.06365395861938339
2213	45-49	0.04229058149420695
2213	50-54	0.011998479003359819
2213	55-59	0.007108671423452506
2213	60-64	-0.03437541592640514
2213	65-69	-0.011323483145979196
2213	70-74	0.010280757361343262
2213	75-79	0.04482010958967919
2213	80-84	-0.012528738135834772
2213	85-89	-0.013198026409568797
2213	90-94	-0.02197778424657315
2213	95-99	0.00964748484278033
2213	100-104	-0.03227848710110237
2213	105-109	-0.046280645968451495
2213	110-114	-0.01645390580802797
2213	115-119	-0.07486853686923922
2213	120-124	-0.05170756626867501
2213	125-129	-0.09693380393925821
2213	130-134	-0.09260311375994945
2213	135-139	-0.10580590896270081
2213	140-144	-0.1486220718340121
2213	145-149	-0.1459512780200498
2213	150	-0.22022712340108797
2214	1	0.06795038312755253
2214	2	-0.03383178501338335
2214	3	-0.0044130565514848286
2214	4	0.016439465143648135
2214	5	-0.00749552864633074
2214	6	8.645204833541698E-4
2214	7	0.050930623381297835
2214	8	0.04222719921445872
2214	9	-0.04955422880132687
2214	10-14	0.04411692630404218
2214	15-19	0.019205018386422523
2214	20-24	0.0060071637359513375
2214	25-29	-0.006684776562430272
2214	30-34	0.023832468182718003
2214	35-39	0.02291602401201942
2214	40-44	0.032548201703697544
2214	45-49	0.0014648412959488155
2214	50-54	0.010459860424298029
2214	55-59	-0.0017954711445113958
2214	60-64	-0.028332801923454554
2214	65-69	-0.04540278301751499
2214	70-74	-0.027946040964607732
2214	75-79	-0.01978180212772429
2214	80-84	-0.01733746046688367
2214	85-89	-0.008330484967515872
2214	90-94	-0.06758936625723777
2214	95-99	-0.04047606610585319
2214	100-104	-0.05786191143649688
2214	105-109	-0.05879205252330166
2214	110-114	-0.0488989434510998
2214	115-119	-0.12723919356709246
2214	120-124	-0.06052685061690255
2214	125-129	-0.1149485144949196
2214	130-134	-0.06460406133698626
2214	135-139	-0.13415471746161245
2214	140-144	-0.1343437422659477
2214	145-149	-0.1272108621261694
2214	150	-0.21223030510283536
2215	1	-0.017079895255200483
2215	2	-0.031329981934725026
2215	3	0.06612015461095666
2215	4	-0.05637787824181828
2215	5	0.017514323661707465
2215	6	0.01896511622385333
2215	7	0.01735881275345008
2215	8	-0.010498932715364617
2215	9	0.0018566609791648148
2215	10-14	-0.017572493571492487
2215	15-19	0.01939664143698394
2215	20-24	-0.02324496924858721
2215	25-29	-0.008132665844790665
2215	30-34	0.025694227424736482
2215	35-39	0.023338358047887198
2215	40-44	0.05661584135617659
2215	45-49	0.028600695593361536
2215	50-54	0.04004683070595405
2215	55-59	0.03240440769067021
2215	60-64	0.03276894883241255
2215	65-69	0.048285661152540627
2215	70-74	0.043126871891722374
2215	75-79	0.06532025214057313
2215	80-84	0.0721528408474228
2215	85-89	0.0603113946130307
2215	90-94	0.05726466331645952
2215	95-99	0.03870026503970081
2215	100-104	0.030653671015436146
2215	105-109	0.033523796293891905
2215	110-114	0.05925904670986171
2215	115-119	0.011929068795389242
2215	120-124	0.037168554736567216
2215	125-129	0.005690093564375331
2215	130-134	-0.0451211599230561
2215	135-139	0.006711773517046993
2215	140-144	-0.04550379875846744
2215	145-149	-0.005049680995497852
2215	150	-0.184799233693262
2216	1	0.02449917641120436
2216	2	-0.025427425278564897
2216	3	0.06798744226347964
2216	4	0.04643302092983248
2216	5	0.008095065837792959
2216	6	0.0465313789647368
2216	7	0.033100202869349005
2216	8	0.021471048258632663
2216	9	0.03605051020511496
2216	10-14	0.004855460991080918
2216	15-19	0.015334609324696657
2216	20-24	0.047331435008430844
2216	25-29	0.010382201391379908
2216	30-34	0.04905277388013474
2216	35-39	1.986247862149071E-4
2216	40-44	0.009779514361980546
2216	45-49	0.010618364657688062
2216	50-54	-0.011013189575713511
2216	55-59	-0.05754419625031204
2216	60-64	-0.009393472522013724
2216	65-69	-0.020387797392011464
2216	70-74	-0.008346502776831244
2216	75-79	0.010285101594988078
2216	80-84	-0.0321866335346499
2216	85-89	-0.04634757526879696
2216	90-94	-0.04284410093971047
2216	95-99	-0.07320806948728631
2216	100-104	-0.054092299380883446
2216	105-109	-0.07748590034425007
2216	110-114	-0.06646681212979644
2216	115-119	-0.14732587860555668
2216	120-124	-0.10624085858042775
2216	125-129	-0.1465738394655105
2216	130-134	-0.1327285005142329
2216	135-139	-0.09907313045285093
2216	140-144	-0.14127194415753053
2216	145-149	-0.17632966351078494
2216	150	-0.24895146152478276
2217	1	0.02859659976407869
2217	2	-0.052117876600640045
2217	3	0.048441720372878194
2217	4	-0.03806115387467912
2217	5	-0.016007888566761608
2217	6	-0.035997005038424845
2217	7	-0.0036164742841648945
2217	8	-0.01122841637494787
2217	9	-0.020104898299742047
2217	10-14	0.005715208228508573
2217	15-19	0.00223162935915866
2217	20-24	0.04865216522399862
2217	25-29	-0.0018779650911611157
2217	30-34	0.007374557997408715
2217	35-39	0.005825531777929882
2217	40-44	0.01387277483355831
2217	45-49	0.005800750012397771
2217	50-54	0.006420546767081703
2217	55-59	-0.010444151404719548
2217	60-64	-0.016754472937435594
2217	65-69	-0.049665232487548394
2217	70-74	0.0031027934412648506
2217	75-79	0.016016766949242367
2217	80-84	0.020462410203734294
2217	85-89	-0.007967823831293686
2217	90-94	-0.06033893991302364
2217	95-99	-0.05742513045653652
2217	100-104	-0.02026636804924209
2217	105-109	-0.022386311427169403
2217	110-114	0.012622313523046103
2217	115-119	-0.09546775665577201
2217	120-124	-0.08559219764752868
2217	125-129	-0.09112735232635316
2217	130-134	-0.08997256662040343
2217	135-139	-0.010398871199576831
2217	140-144	-0.1149505139813769
2217	145-149	-0.07528888866580274
2217	150	-0.06838055218184991
2218	1	0.1214694719045255
2218	2	0.04442186601990272
2218	3	0.12099455669128645
2218	4	0.08305587340091591
2218	5	0.01863114105888286
2218	6	0.018745354324998686
2218	7	0.0840190926172113
2218	8	0.07843862917042799
2218	9	0.059016364164399704
2218	10-14	0.05047328160095077
2218	15-19	0.033275482825523284
2218	20-24	0.05773431753761571
2218	25-29	0.07426945481824276
2218	30-34	0.04974579210522023
2218	35-39	0.04668107928299747
2218	40-44	0.06474528975839178
2218	45-49	0.08132111674517972
2218	50-54	0.030185742359378764
2218	55-59	0.013008206781940146
2218	60-64	0.07282540066130849
2218	65-69	0.04687297718462702
2218	70-74	0.04775394688507362
2218	75-79	0.10173697282549199
2218	80-84	0.07759091320814804
2218	85-89	0.04389917524900255
2218	90-94	0.0816166783975234
2218	95-99	0.06688336651528459
2218	100-104	-0.024262352239773577
2218	105-109	0.0496327625728199
2218	110-114	0.07472002970693126
2218	115-119	-0.028625475079820717
2218	120-124	0.004077939558442267
2218	125-129	-0.015491692417519687
2218	130-134	-0.047997683399827906
2218	135-139	-0.046386302826377346
2218	140-144	-0.07516899648229725
2218	145-149	-0.07887960768106694
2218	150	-0.11130813061229361
2219	1	0.019074615046761778
2219	2	0.07907700020946606
2219	3	0.05145832306350684
2219	4	0.04582549785597223
2219	5	-0.005283762121436553
2219	6	0.08502392766946087
2219	7	0.0402499405762029
2219	8	0.0603915207469754
2219	9	0.07644767366888061
2219	10-14	0.06688824503651603
2219	15-19	0.07253458303151916
2219	20-24	0.02506677289979109
2219	25-29	0.03305437564090852
2219	30-34	0.04132210228850397
2219	35-39	0.0528325809374266
2219	40-44	0.038954946092843556
2219	45-49	0.028208014127294234
2219	50-54	0.047085707214243655
2219	55-59	0.017368295749044194
2219	60-64	0.042373310560293476
2219	65-69	-0.030480852797104774
2219	70-74	0.024342215392280764
2219	75-79	0.049972851079779446
2219	80-84	0.031847431000315396
2219	85-89	0.016105346277882404
2219	90-94	0.0038853178004671918
2219	95-99	-0.04894463651731229
2219	100-104	-0.01790452886990579
2219	105-109	-0.029120229754376226
2219	110-114	-7.931624441042118E-4
2219	115-119	-0.03404428586937058
2219	120-124	-0.01757530801191365
2219	125-129	-0.07461362260659854
2219	130-134	-0.09752931759769723
2219	135-139	-0.0934766981660502
2219	140-144	-0.12211829439075217
2219	145-149	-0.12758542515865656
2219	150	-0.06679717672555086
2220	1	0.021685533290103365
2220	2	0.008356760937388685
2220	3	0.052799111024398826
2220	4	0.06358126007030762
2220	5	0.03294191540393854
2220	6	0.01588750840893738
2220	7	0.04099617928041965
2220	8	0.10292972041020221
2220	9	0.015031032760845164
2220	10-14	0.047852977904156546
2220	15-19	0.07232827779206019
2220	20-24	0.009651734472484463
2220	25-29	0.018616399434961295
2220	30-34	0.007192925440023146
2220	35-39	-0.02221698143883799
2220	40-44	0.029864750364424708
2220	45-49	0.04466702766070085
2220	50-54	-0.020331130611729975
2220	55-59	-0.014482427159023814
2220	60-64	-0.011171116119221836
2220	65-69	-0.022298503863233066
2220	70-74	0.002681506289647473
2220	75-79	0.036925154837966545
2220	80-84	0.007788611677476354
2220	85-89	-0.02872899388520267
2220	90-94	-0.007956365099694551
2220	95-99	-0.051789174221738676
2220	100-104	-0.05737164346113133
2220	105-109	-0.0305448327769966
2220	110-114	0.012270246749658043
2220	115-119	-0.08883943569100694
2220	120-124	-0.03293161896502994
2220	125-129	-0.07391696446492801
2220	130-134	-0.05891800222910604
2220	135-139	-0.07100503880589315
2220	140-144	-0.09071407487486738
2220	145-149	-0.07355165768333194
2220	150	-0.0710924297978508
2221	1	0.06806429536073466
2221	2	0.06335030026723842
2221	3	0.024058249960098976
2221	4	0.016578166067702682
2221	5	0.06731249644638382
2221	6	-0.030663800692430243
2221	7	0.02416423865945916
2221	8	0.08417448688316398
2221	9	-0.019698613762557216
2221	10-14	0.05271287266825908
2221	15-19	0.03566046515145871
2221	20-24	0.007457446833399217
2221	25-29	-0.00978534987567059
2221	30-34	0.04400417375364185
2221	35-39	0.024066990901182805
2221	40-44	0.01974628003036827
2221	45-49	0.004773138051490378
2221	50-54	0.04232881872345473
2221	55-59	-0.021479466456469254
2221	60-64	0.019473490565147245
2221	65-69	-0.03250564190591376
2221	70-74	0.037683493882852304
2221	75-79	0.06693775801094404
2221	80-84	0.059225218123820866
2221	85-89	0.02249997186491015
2221	90-94	-0.02600787092817569
2221	95-99	-0.025333783360643736
2221	100-104	-0.008279784140491131
2221	105-109	0.005335499855839032
2221	110-114	-0.025389117532341743
2221	115-119	-0.03344758389271618
2221	120-124	-0.04177861391750781
2221	125-129	-0.08054026829093885
2221	130-134	-0.07626064903768537
2221	135-139	-0.03709038328536707
2221	140-144	-0.09677280634047492
2221	145-149	-0.13336524782914694
2221	150	0.008827138010254032
2222	1	0.025663931378382188
2222	2	0.06735236816011536
2222	3	0.0705333771412171
2222	4	0.06295796577365564
2222	5	0.06068710722495041
2222	6	0.08718916776623331
2222	7	0.12498484609910321
2222	8	0.07241373524094286
2222	9	0.0725150250959814
2222	10-14	0.05291896159076259
2222	15-19	0.05199410820181072
2222	20-24	0.04957258063426906
2222	25-29	0.03974096984568121
2222	30-34	0.060394650136821326
2222	35-39	0.057702959786290364
2222	40-44	0.0794530553106938
2222	45-49	0.06517863130049761
2222	50-54	0.09015146137226537
2222	55-59	0.05268432352530539
2222	60-64	0.06415660388007893
2222	65-69	0.044363425093607134
2222	70-74	0.06259828279279134
2222	75-79	0.05197261544254417
2222	80-84	0.07300066083240608
2222	85-89	0.03823975716927919
2222	90-94	0.03542686074897716
2222	95-99	0.0015640634575646573
2222	100-104	0.055258805459033056
2222	105-109	0.03795900016658749
2222	110-114	0.05725685931100344
2222	115-119	-0.03649205811564826
2222	120-124	0.006750697141100659
2222	125-129	-0.03114926170543697
2222	130-134	-0.03350046598818324
2222	135-139	-0.008964537010847096
2222	140-144	-0.07946866474427594
2222	145-149	-0.056429399718105344
2222	150	-0.2195307366358037
2223	1	0.04704844814995113
2223	2	0.04377438358759633
2223	3	0.007028576018768717
2223	4	0.03051965795270206
2223	5	0.011268443396431849
2223	6	0.05005426290654924
2223	7	0.003321895021699106
2223	8	-0.04708615305649033
2223	9	-0.011943924732861433
2223	10-14	-0.01210412012645179
2223	15-19	0.029309339629698172
2223	20-24	0.003052167773233805
2223	25-29	-0.02013627738550383
2223	30-34	-0.009450863648012842
2223	35-39	-0.028102071213787383
2223	40-44	-0.010542179061125978
2223	45-49	-0.01895831239201584
2223	50-54	-0.020788552261713278
2223	55-59	0.005760685278758615
2223	60-64	0.013048321291378784
2223	65-69	-0.02161886326396001
2223	70-74	0.013451502488777578
2223	75-79	0.004058947954987957
2223	80-84	-0.019558708559635818
2223	85-89	-4.2009651079411015E-4
2223	90-94	-0.0438953761001315
2223	95-99	-0.05867406396895802
2223	100-104	-0.08784485295661426
2223	105-109	-0.008474321230927728
2223	110-114	0.018260906180138647
2223	115-119	-0.07582144862677609
2223	120-124	0.006713767437510398
2223	125-129	-0.12219576598928228
2223	130-134	-0.04962584063545705
2223	135-139	-0.03859321210357791
2223	140-144	-0.1204109045999715
2223	145-149	-0.1120335670589796
2223	150	-0.26909764125328905
2224	1	0.004812954146210302
2224	2	0.0772182197129112
2224	3	0.04473405713365253
2224	4	0.02388255403700157
2224	5	0.026629414759135273
2224	6	0.02491939495113371
2224	7	0.0522602923698372
2224	8	0.03275556094251897
2224	9	-0.015879366405343376
2224	10-14	0.047213644165033486
2224	15-19	0.04223422282206002
2224	20-24	0.04933248657002309
2224	25-29	0.012865440528713634
2224	30-34	-0.02393068143144461
2224	35-39	0.004677322344768697
2224	40-44	0.016878745375571214
2224	45-49	-0.014094241359202897
2224	50-54	-0.03363717362720564
2224	55-59	-0.01563436023298692
2224	60-64	-0.015078342962098645
2224	65-69	-0.03399110832633312
2224	70-74	0.01603647912725137
2224	75-79	0.03422333284689927
2224	80-84	0.017860530589594248
2224	85-89	-0.016391406546915732
2224	90-94	-0.010845514455553484
2224	95-99	-0.01333441046509165
2224	100-104	0.00324668153103147
2224	105-109	-0.032616115563683934
2224	110-114	0.002880589978083492
2224	115-119	-0.05183371936923464
2224	120-124	-0.0017120019437442124
2224	125-129	-0.03245713711964271
2224	130-134	-0.08043957500898102
2224	135-139	-0.0502073732453141
2224	140-144	-0.12188545406174
2224	145-149	-0.11501122081513415
2224	150	-0.22766937040190527
2225	1	0.034514539968832025
2225	2	-0.03680968250783678
2225	3	0.06256330787805098
2225	4	0.020241535119779996
2225	5	0.03553586134327702
2225	6	-0.009791698554096229
2225	7	0.09640818565351594
2225	8	0.07776685527820604
2225	9	0.015393973256294657
2225	10-14	0.016621109356989905
2225	15-19	0.013126905203328931
2225	20-24	0.02190322801455835
2225	25-29	-0.010543075098603083
2225	30-34	-0.051501680285902296
2225	35-39	-0.004425643397901524
2225	40-44	0.035708407722232494
2225	45-49	-0.004038123460894383
2225	50-54	-0.010697968270640956
2225	55-59	-0.024866309901369732
2225	60-64	-0.04217588509047232
2225	65-69	-0.05956007934856444
2225	70-74	-0.055493666871093694
2225	75-79	-0.03865892532029136
2225	80-84	-0.042347826889127305
2225	85-89	-0.051107990618390886
2225	90-94	-0.0744193607962984
2225	95-99	-0.11865546657107018
2225	100-104	-0.07036819316106602
2225	105-109	-0.095896400474615
2225	110-114	-0.0809145173060628
2225	115-119	-0.16189390764112943
2225	120-124	-0.14196155515367082
2225	125-129	-0.15992231894107078
2225	130-134	-0.23423010724392412
2225	135-139	-0.207491921777482
2225	140-144	-0.2569859212797567
2225	145-149	-0.18929801147645264
2225	150	-0.16016051258424113
2226	1	0.04214622193161688
2226	2	-0.022547850808145142
2226	3	0.045526761394185655
2226	4	0.09010860244201524
2226	5	0.0891505156578205
2226	6	0.031005519817377092
2226	7	0.11923550248498316
2226	8	0.04605646933460861
2226	9	0.028336752765888207
2226	10-14	0.07361639104873774
2226	15-19	0.06359389961119888
2226	20-24	0.021522332089730867
2226	25-29	0.03270850858022811
2226	30-34	0.04829828853824125
2226	35-39	0.03905241651670366
2226	40-44	0.04449383944536578
2226	45-49	0.03525892830862176
2226	50-54	0.027791481712448274
2226	55-59	0.0240038407573806
2226	60-64	0.01985802873038267
2226	65-69	0.0523897012841843
2226	70-74	0.05034073046353171
2226	75-79	0.06846611384958123
2226	80-84	0.07489621505039423
2226	85-89	0.015039266306793309
2226	90-94	0.042779524170896366
2226	95-99	0.05019792466698192
2226	100-104	0.04520341479267387
2226	105-109	0.018310127697432677
2226	110-114	0.036269400691843146
2226	115-119	0.013405177280425562
2226	120-124	0.011606655464490245
2226	125-129	-0.04842624617010216
2226	130-134	-0.02548085743284645
2226	135-139	-0.02588287015392865
2226	140-144	-0.0537064009653605
2226	145-149	-0.04988170407359149
2226	150	-0.07291786939698142
2227	1	0.008553184647730916
2227	2	0.028124764548607573
2227	3	0.05882981609192939
2227	4	0.009550691179782689
2227	5	0.01638147513456545
2227	6	0.07343880979001227
2227	7	0.017915125770294082
2227	8	0.004823235749086052
2227	9	0.020519624250482593
2227	10-14	-9.183109457211458E-4
2227	15-19	0.0380599287867085
2227	20-24	0.03163412049550374
2227	25-29	-0.017264482765497746
2227	30-34	-0.008287793158196166
2227	35-39	0.029043486417130282
2227	40-44	-0.016325642493271175
2227	45-49	0.014982933321810776
2227	50-54	0.012970804598317898
2227	55-59	-0.012400665458848437
2227	60-64	0.01052383010969038
2227	65-69	0.03135748966683849
2227	70-74	-0.010754380395255225
2227	75-79	-0.0012895430843187228
2227	80-84	0.013482228029062071
2227	85-89	0.04573778248452953
2227	90-94	0.007596884207401899
2227	95-99	-0.028880961732582477
2227	100-104	-0.005995463116704514
2227	105-109	0.005733721720524443
2227	110-114	0.04101064455421266
2227	115-119	-0.0766236873959798
2227	120-124	0.0101764908661508
2227	125-129	-0.047040369214094824
2227	130-134	-0.07648758246253351
2227	135-139	-0.0049167046667548675
2227	140-144	-0.03517337131750509
2227	145-149	-0.028923604897151733
2227	150	-0.009703746417208947
2228	1	-0.026190592256803313
2228	2	-0.04371236924566091
2228	3	0.0506671786926276
2228	4	-0.0014096480698455593
2228	5	0.04112311960152226
2228	6	0.015262410450951336
2228	7	0.06414629561633944
2228	8	0.007392514644855908
2228	9	0.03881813080599983
2228	10-14	0.044771559132172456
2228	15-19	0.04778839467444129
2228	20-24	0.02824060159098707
2228	25-29	0.022596179232216684
2228	30-34	0.03294937598602843
2228	35-39	0.014813937901116958
2228	40-44	0.025474070904309087
2228	45-49	0.010105969025801187
2228	50-54	0.05492434238511379
2228	55-59	0.040823097290356714
2228	60-64	0.01173920128724859
2228	65-69	0.045581976319965634
2228	70-74	0.00834259668515358
2228	75-79	0.017172438634368348
2228	80-84	-0.002856928545057258
2228	85-89	0.0017137254698056381
2228	90-94	-0.05312785632179384
2228	95-99	-0.007270884765105734
2228	100-104	-0.03383577297429241
2228	105-109	-0.026714813530055892
2228	110-114	0.023675272457595042
2228	115-119	-0.06589655174919784
2228	120-124	-0.05422362229715816
2228	125-129	-0.043297581769550675
2228	130-134	-0.10933719365298344
2228	135-139	-0.03956886313105201
2228	140-144	-0.0862809046829014
2228	145-149	-0.036686099477783785
2228	150	-0.15906423724151608
2229	1	0.04170079283167638
2229	2	0.04548479843167996
2229	3	0.032387445824852534
2229	4	0.04612484536750827
2229	5	0.07743281267150337
2229	6	0.022683581558908372
2229	7	0.033382188058077134
2229	8	0.07108802866712693
2229	9	0.0033025999597171563
2229	10-14	0.035644565249768334
2229	15-19	0.04960856700144234
2229	20-24	0.039322119813910206
2229	25-29	0.04684089114612533
2229	30-34	0.052834299892474235
2229	35-39	0.060771772842485916
2229	40-44	0.03911227787597227
2229	45-49	0.02319009492438795
2229	50-54	0.05827177358197133
2229	55-59	0.049067066403203796
2229	60-64	0.06343917495497209
2229	65-69	-0.008126257331753095
2229	70-74	2.9213525095173054E-4
2229	75-79	0.05822108894250988
2229	80-84	0.07159176652987043
2229	85-89	0.007448998835371867
2229	90-94	-0.005673617919683238
2229	95-99	-0.022971332555677293
2229	100-104	-0.006844826410741689
2229	105-109	0.017265139358343617
2229	110-114	-0.015448302294473137
2229	115-119	-0.04023594950607645
2229	120-124	0.035929288773900225
2229	125-129	-0.06803062473166932
2229	130-134	-0.05440555787043877
2229	135-139	-0.08330688948048959
2229	140-144	-0.1440758088688483
2229	145-149	-0.08513300194506712
2229	150	-0.19296950545741254
2230	1	0.07375524193346905
2230	2	0.05967474389409233
2230	3	0.02458987511825228
2230	4	-0.013863573946863994
2230	5	0.0010511552146184044
2230	6	0.03085398719668575
2230	7	0.09442206814282628
2230	8	0.037437970792936426
2230	9	-0.015258265001733662
2230	10-14	0.035226124791194025
2230	15-19	0.05146740152296303
2230	20-24	0.04280497885951462
2230	25-29	0.05365942421899916
2230	30-34	0.03346606117988671
2230	35-39	0.05299770652307956
2230	40-44	0.044953488394789076
2230	45-49	0.03594245281786357
2230	50-54	0.03310492848854807
2230	55-59	0.051214229203431216
2230	60-64	0.029637644363312177
2230	65-69	0.023692368316432066
2230	70-74	0.041714739260307
2230	75-79	0.029836715423101623
2230	80-84	0.060637240892646105
2230	85-89	0.08109440260702172
2230	90-94	0.025323211716575145
2230	95-99	0.05700825020051781
2230	100-104	0.05705876896141859
2230	105-109	-0.0063169331478221125
2230	110-114	0.010094846868547336
2230	115-119	-0.03365651412979531
2230	120-124	-0.02316530118271487
2230	125-129	-0.04627129211593939
2230	130-134	-0.03968549687596834
2230	135-139	-0.051425663424609525
2230	140-144	-0.056665136746673284
2230	145-149	-0.07687306135309058
2230	150	-0.08900274058294855
2231	1	0.03887615268308764
2231	2	0.07828122735487142
2231	3	0.11039472805748574
2231	4	7.488598506739663E-4
2231	5	0.07456713374948265
2231	6	0.03759902605181509
2231	7	0.08112083438827256
2231	8	0.0739709047894408
2231	9	0.023959173433190983
2231	10-14	0.09183266509984378
2231	15-19	0.06244784040409712
2231	20-24	0.07333372636073676
2231	25-29	0.05079390214139323
2231	30-34	0.06654961431200945
2231	35-39	0.0921871493282822
2231	40-44	0.0629254756328308
2231	45-49	0.04105704800260668
2231	50-54	0.04408384883065963
2231	55-59	0.0473940133216999
2231	60-64	0.05140543404798592
2231	65-69	0.01991330873597974
2231	70-74	0.0475539501183988
2231	75-79	0.03235071518481192
2231	80-84	0.004744920105558492
2231	85-89	0.02220857415832711
2231	90-94	0.025026824048360652
2231	95-99	0.0036729933844199536
2231	100-104	0.015771133529163706
2231	105-109	0.030814266287755743
2231	110-114	-0.006986419888932005
2231	115-119	-0.06970538460931408
2231	120-124	0.022256498340546216
2231	125-129	-0.10629283200795925
2231	130-134	-0.039469007722615856
2231	135-139	-0.08862395113558108
2231	140-144	-0.1385555075739049
2231	145-149	-0.0644095938977216
2231	150	-0.05351623572245501
2232	1	0.06843875659663468
2232	2	0.07057282862140113
2232	3	0.028693071512499557
2232	4	-0.021005258904338575
2232	5	0.05747744933661636
2232	6	0.04794432583310737
2232	7	0.05215758635608836
2232	8	0.037342438259450716
2232	9	0.13897678786889145
2232	10-14	0.06738496518212855
2232	15-19	0.07142604811104292
2232	20-24	0.050433319297390256
2232	25-29	0.03962000690303569
2232	30-34	0.03110263912466138
2232	35-39	0.05734120943310472
2232	40-44	0.055159944635427394
2232	45-49	0.05632516593858128
2232	50-54	0.03194771579032363
2232	55-59	0.050143040878246836
2232	60-64	0.049556519011964895
2232	65-69	-0.01971045156817297
2232	70-74	0.028621486978245514
2232	75-79	0.06221417908587057
2232	80-84	0.0515574758975319
2232	85-89	0.023106206318267652
2232	90-94	0.04947268953272754
2232	95-99	0.008764230606360002
2232	100-104	0.03450985725445577
2232	105-109	0.035100678174870836
2232	110-114	0.0245068088558682
2232	115-119	-0.008806279735274813
2232	120-124	5.878486772701308E-4
2232	125-129	0.008080780055891523
2232	130-134	-0.05910901955600423
2232	135-139	0.017992539903467275
2232	140-144	-0.08723266151515219
2232	145-149	-0.07228140576236797
2232	150	-0.015438631440730433
2233	1	-0.015535498402435621
2233	2	0.022992478785965886
2233	3	-1.1506741715550106E-4
2233	4	-0.07183922450052194
2233	5	0.028968600319693394
2233	6	-0.07357803077153591
2233	7	-0.039811505310971995
2233	8	-0.040869065648152514
2233	9	0.01047405570253801
2233	10-14	-0.017238031044954027
2233	15-19	-0.013926425315759161
2233	20-24	0.004103176248619889
2233	25-29	-0.02857406478742064
2233	30-34	-0.04793069835651664
2233	35-39	-0.03750652698519019
2233	40-44	-0.018931610253460462
2233	45-49	-0.01798863559687902
2233	50-54	-0.03464093278757474
2233	55-59	-0.029806758984534554
2233	60-64	-0.021376507284522006
2233	65-69	-0.02240838615467311
2233	70-74	-0.03579417222376691
2233	75-79	-0.03785571440507596
2233	80-84	-0.02563166503035319
2233	85-89	-0.05374793132766342
2233	90-94	0.002602004111373901
2233	95-99	-0.04850329316179369
2233	100-104	-0.07252459513973974
2233	105-109	-0.08868861230112657
2233	110-114	-0.08197633292643758
2233	115-119	-0.09508863065237705
2233	120-124	-0.0898509393212521
2233	125-129	-0.08879653706440394
2233	130-134	-0.1495538630751838
2233	135-139	-0.1257472508873292
2233	140-144	-0.19853644965326822
2233	145-149	-0.14496068153371056
2233	150	-0.1843714540573913
2234	1	0.0037679428798114145
2234	2	-0.0540383636663293
2234	3	0.0046404760242850784
2234	4	-0.022408864517935
2234	5	-0.009556508797352592
2234	6	-0.0583883738952764
2234	7	0.018677797488805936
2234	8	0.0027342829075962527
2234	9	0.010016557802401849
2234	10-14	0.008448532095769679
2234	15-19	0.03193520884850898
2234	20-24	0.025742520991563822
2234	25-29	-0.027852890541112174
2234	30-34	-0.00842058568028392
2234	35-39	0.010081030435884486
2234	40-44	0.00472490633980982
2234	45-49	-0.001891745980302062
2234	50-54	-0.029851634694708196
2234	55-59	-0.026184048668952187
2234	60-64	-0.04229095559148277
2234	65-69	0.012011364472009234
2234	70-74	-0.009456238640055403
2234	75-79	-0.014680239836245335
2234	80-84	0.0016114744849318186
2234	85-89	-0.037208853227987504
2234	90-94	-0.010547026020802264
2234	95-99	-0.042232984243320004
2234	100-104	-0.024670442257999525
2234	105-109	-0.07794295669078366
2234	110-114	-0.028440805661858803
2234	115-119	-0.0948599326912074
2234	120-124	-0.03877556271802973
2234	125-129	-0.0680352084224296
2234	130-134	-0.006565717898702417
2234	135-139	-0.06513049999497156
2234	140-144	-0.08179481496382124
2234	145-149	-0.08186924814365426
2234	150	-0.09944695634824541
2235	1	-0.024553280093741137
2235	2	0.03759816359590218
2235	3	-0.027619953759291604
2235	4	-0.032790176038069774
2235	5	0.01174091344853423
2235	6	0.04916031062249715
2235	7	0.08247388814423573
2235	8	-0.0428728040031956
2235	9	0.07147439096969066
2235	10-14	0.03855847972776871
2235	15-19	0.039691740914534535
2235	20-24	0.020506579713760686
2235	25-29	0.01976353667229347
2235	30-34	-0.013388788795388962
2235	35-39	0.015859896356239744
2235	40-44	-0.020790269716187026
2235	45-49	0.0010139754715083882
2235	50-54	0.004336580080028796
2235	55-59	0.014686974345814008
2235	60-64	-0.010256545870774403
2235	65-69	-0.031399095830551005
2235	70-74	-0.017726140325720507
2235	75-79	-0.03444192942304625
2235	80-84	0.0090129826375005
2235	85-89	0.010479549306410263
2235	90-94	-0.02882996132110094
2235	95-99	-0.03866766038557046
2235	100-104	-0.012269219843702217
2235	105-109	-0.0200360272385538
2235	110-114	-0.004637275466720325
2235	115-119	-0.12799481246781852
2235	120-124	-0.0584845247395549
2235	125-129	-0.07038013679397892
2235	130-134	-0.08054400925159655
2235	135-139	-0.06166170331857046
2235	140-144	-0.1157534234488864
2235	145-149	-0.11815457800269513
2235	150	-0.07137520184352297
2236	1	0.0731928407544089
2236	2	0.08030350879280235
2236	3	0.008348733626505123
2236	4	-0.010846850978246891
2236	5	0.0223535268029309
2236	6	0.03617777264748412
2236	7	0.06544965557589677
2236	8	0.034883193041757465
2236	9	0.010829653561209795
2236	10-14	0.03167904000702748
2236	15-19	0.02866214786642729
2236	20-24	0.0379133062496706
2236	25-29	0.037374751810553164
2236	30-34	0.031584224217063195
2236	35-39	0.06689799580010458
2236	40-44	0.0097906293990917
2236	45-49	0.045704413094178165
2236	50-54	0.02393337529574069
2236	55-59	0.03794479575508092
2236	60-64	0.041389317606700615
2236	65-69	-0.031384591319195465
2236	70-74	0.03509537631662596
2236	75-79	0.005326602333092012
2236	80-84	0.039038333960057514
2236	85-89	0.028832645192764517
2236	90-94	0.007401145185241376
2236	95-99	0.008478203451389277
2236	100-104	0.029523028851649258
2236	105-109	0.01679239005011368
2236	110-114	7.92700925622114E-4
2236	115-119	-0.020919421175015884
2236	120-124	-0.0034755902418908136
2236	125-129	-0.023015242331645425
2236	130-134	-0.03276175997888231
2236	135-139	-0.04030499821588762
2236	140-144	-0.04130789356267428
2236	145-149	-0.07462041251678642
2236	150	-0.08836861232522608
2237	1	0.04296286199367927
2237	2	0.05869571336636881
2237	3	0.04430741570151753
2237	4	-0.02769657531117531
2237	5	0.0023955242644433383
2237	6	0.031988550292091134
2237	7	0.02164548386814147
2237	8	0.02484424372248384
2237	9	0.01641572185989304
2237	10-14	0.06197761136418478
2237	15-19	0.0679657056234575
2237	20-24	0.05133441555545204
2237	25-29	0.023801160223278828
2237	30-34	0.031186387157738693
2237	35-39	0.056738849700877836
2237	40-44	0.05643735347306489
2237	45-49	0.04256035398352509
2237	50-54	0.05495481865686003
2237	55-59	0.07985400772199114
2237	60-64	0.04959306731024782
2237	65-69	0.0018542533634899883
2237	70-74	0.011573678317240876
2237	75-79	0.04774129475448774
2237	80-84	0.0721277031599925
2237	85-89	0.05055601444605884
2237	90-94	0.029765037741789513
2237	95-99	0.021972190041829265
2237	100-104	0.09456655038427897
2237	105-109	0.036374129310296155
2237	110-114	-0.008182818846520945
2237	115-119	-0.04327045966692822
2237	120-124	0.11222117711119495
2237	125-129	0.059779404213522014
2237	130-134	8.402684075505817E-4
2237	135-139	-0.03095558301944834
2237	140-144	-0.04637356016807104
2237	145-149	-0.006640000307228888
2237	150	-0.0972101040431923
2238	1	-0.013200625164614621
2238	2	0.04028086501529771
2238	3	-0.020396252865658937
2238	4	-0.004692526956347365
2238	5	0.03095518035779321
2238	6	0.05113285394688205
2238	7	0.06841415780494486
2238	8	0.04488024997191076
2238	9	-0.03166815078444074
2238	10-14	0.03188641849280316
2238	15-19	0.04840409266871859
2238	20-24	0.036302075681504675
2238	25-29	0.03429529746657067
2238	30-34	0.02160861209347331
2238	35-39	0.017237501814754808
2238	40-44	0.006606858371476676
2238	45-49	0.048577793532167846
2238	50-54	0.03541931806041276
2238	55-59	0.03660507929927803
2238	60-64	0.005102518167987569
2238	65-69	0.044996665907447664
2238	70-74	0.05007397732565977
2238	75-79	0.06994287339370686
2238	80-84	0.017798768851044144
2238	85-89	0.04157266185721653
2238	90-94	0.057875436033533845
2238	95-99	0.012515057830007947
2238	100-104	0.050478369513932364
2238	105-109	0.03551304768256358
2238	110-114	0.04045292001737266
2238	115-119	-0.04142423453080113
2238	120-124	0.0070991221875758015
2238	125-129	9.732587294948303E-4
2238	130-134	-0.03568226680813069
2238	135-139	-0.04799579417262834
2238	140-144	-0.11113532716693442
2238	145-149	-0.07619295297623552
2238	150	-0.11183402659531083
2239	1	0.022288654578083822
2239	2	-0.0686669930369348
2239	3	0.01042055609887882
2239	4	-0.06687709396204866
2239	5	-0.04056416815224395
2239	6	-0.007024530244891025
2239	7	0.014897174779399336
2239	8	0.021977934508534247
2239	9	0.0444629886840886
2239	10-14	-0.011083657660840629
2239	15-19	0.018839438429942845
2239	20-24	0.031027113820663033
2239	25-29	0.029101154767708692
2239	30-34	0.0019079222384092986
2239	35-39	0.04042494698242649
2239	40-44	-0.012274270578593871
2239	45-49	0.00868440551322891
2239	50-54	0.0060989413905048195
2239	55-59	0.018883505239202236
2239	60-64	0.011943274936022874
2239	65-69	0.018225502378911074
2239	70-74	0.0308976708162092
2239	75-79	0.05770992147785847
2239	80-84	-0.004456881119587308
2239	85-89	0.01817715378449236
2239	90-94	0.042987419440862595
2239	95-99	-0.0034490890294947008
2239	100-104	0.028823558838396934
2239	105-109	-0.008300898702898962
2239	110-114	0.04172273952061545
2239	115-119	-0.010897180275826202
2239	120-124	-0.007350578542798303
2239	125-129	-0.02851224683438147
2239	130-134	-0.08312401246711687
2239	135-139	-0.03456922937657936
2239	140-144	-0.12316648673741071
2239	145-149	-0.053647722824564426
2239	150	-0.11435390648230737
2240	1	0.04763554452199514
2240	2	0.029421721062213635
2240	3	0.047424593102221024
2240	4	-0.022186545455902262
2240	5	-0.05283453606408273
2240	6	0.022487118696240316
2240	7	-0.005155294299754587
2240	8	0.07782052702050635
2240	9	0.03726413480792701
2240	10-14	0.027411402715060262
2240	15-19	0.051318075298773635
2240	20-24	0.009166809909416429
2240	25-29	0.03538905041636298
2240	30-34	0.027608800880322804
2240	35-39	0.02866582717405919
2240	40-44	0.05846828258877679
2240	45-49	0.05208237629374679
2240	50-54	0.005556285254407101
2240	55-59	0.025555488428452122
2240	60-64	0.08251887818605042
2240	65-69	0.04139259092006142
2240	70-74	0.025630830639059354
2240	75-79	0.03332989656065877
2240	80-84	0.0012393107472874476
2240	85-89	0.027647107841943352
2240	90-94	-0.01734488055107164
2240	95-99	0.02310208661376123
2240	100-104	0.07415198982926796
2240	105-109	0.02544893036635898
2240	110-114	0.01440476689096215
2240	115-119	-0.056134118302082925
2240	120-124	0.023556566747039653
2240	125-129	0.007345716445527728
2240	130-134	0.005463915836124045
2240	135-139	-0.01200882826580596
2240	140-144	-0.04798065535568696
2240	145-149	-0.04862179866950811
2240	150	-0.1547470543696008
2241	1	0.058013761806570585
2241	2	0.0805166435341178
2241	3	0.05483458507240613
2241	4	0.016512414558064847
2241	5	-0.024710957757498875
2241	6	0.031447028200773275
2241	7	0.02226181985988518
2241	8	0.02922562691099273
2241	9	0.03687393440517894
2241	10-14	0.04349945664652921
2241	15-19	0.04607729231331348
2241	20-24	0.049868540108541026
2241	25-29	0.03894971979209316
2241	30-34	0.004838161590321022
2241	35-39	0.047016005075541045
2241	40-44	0.018157540949673034
2241	45-49	0.03339685623786437
2241	50-54	0.007524864426393663
2241	55-59	0.022582008732229042
2241	60-64	-0.03310702158774603
2241	65-69	-0.021714861751256365
2241	70-74	0.016141016727374335
2241	75-79	0.01023028292662076
2241	80-84	0.004976152039375847
2241	85-89	0.023419757495965143
2241	90-94	-0.017436156669653258
2241	95-99	-0.04030320193405856
2241	100-104	-0.01905849188682396
2241	105-109	-0.051543626614119376
2241	110-114	-0.03931584524202236
2241	115-119	-0.12017648813587556
2241	120-124	-0.053186507180171816
2241	125-129	-0.06500413130563487
2241	130-134	-0.07151903313188512
2241	135-139	-0.05050475646392982
2241	140-144	-0.06298066442575845
2241	145-149	-0.08831117212638873
2241	150	-0.10419089369135293
2242	1	-0.05236816926862531
2242	2	0.05052838891071332
2242	3	0.018940451715749873
2242	4	0.03296931892000998
2242	5	4.636737939378577E-4
2242	6	0.04892728336078278
2242	7	0.017060386083450396
2242	8	0.07284341491597246
2242	9	0.10748274168344807
2242	10-14	0.040408455154725686
2242	15-19	0.027781006701900424
2242	20-24	0.037107662321169244
2242	25-29	0.031827480924157214
2242	30-34	0.026249275137075756
2242	35-39	-0.004239218159177938
2242	40-44	-0.0165855278331577
2242	45-49	-0.00915290638740629
2242	50-54	-0.009427145355566324
2242	55-59	0.032283561072979694
2242	60-64	-0.013579509554318747
2242	65-69	0.006041935379073493
2242	70-74	0.028908608321941642
2242	75-79	0.006871763982381651
2242	80-84	0.02493418064852193
2242	85-89	0.0014952396186274086
2242	90-94	0.010266450445548969
2242	95-99	0.026610916483122082
2242	100-104	-0.021237677595401294
2242	105-109	0.0016101906206458239
2242	110-114	-0.017462099978757806
2242	115-119	-0.05170173766676811
2242	120-124	-0.04045861791155403
2242	125-129	-0.04274601797883548
2242	130-134	-0.051747047653393
2242	135-139	-0.1057395258074223
2242	140-144	-0.16043066706964026
2242	145-149	-0.12955855711742004
2242	150	-0.07626902776785016
2243	1	0.05700019945482637
2243	2	0.050571363079164655
2243	3	0.07647803186321056
2243	4	0.028560016665394983
2243	5	0.0903995812545304
2243	6	0.06837398458478106
2243	7	0.04128166999394978
2243	8	0.09655002594507067
2243	9	0.10088989395821812
2243	10-14	0.07484858946807549
2243	15-19	0.0640105955611574
2243	20-24	0.07081525234759312
2243	25-29	0.07401379810149677
2243	30-34	0.06130083778209894
2243	35-39	0.024427807049370642
2243	40-44	0.02715706452633526
2243	45-49	0.05486446636518849
2243	50-54	0.05429952876164634
2243	55-59	0.06076981506048895
2243	60-64	0.05161726255163046
2243	65-69	0.04192745117716612
2243	70-74	0.03587929815905966
2243	75-79	0.02054377953445652
2243	80-84	0.07888977485540494
2243	85-89	0.020693987519180723
2243	90-94	0.042507477045028
2243	95-99	0.014440403119799328
2243	100-104	0.009661588665167642
2243	105-109	-0.0030568803592032623
2243	110-114	0.05232273675118648
2243	115-119	-0.05492874171880402
2243	120-124	-0.014597399047154624
2243	125-129	0.03809317344565244
2243	130-134	-0.004539745604745349
2243	135-139	0.009659339318524474
2243	140-144	-0.10960448232393816
2243	145-149	-0.10125912633443335
2243	150	-0.08998694176611366
2244	1	0.11661099595087165
2244	2	0.018997692642841457
2244	3	0.03059489330317433
2244	4	0.02462388680550731
2244	5	-0.00859055840660261
2244	6	0.06629326819008696
2244	7	0.014450225939405925
2244	8	0.049095167540912144
2244	9	0.05373296150906981
2244	10-14	0.036255468387125234
2244	15-19	0.03878903179617765
2244	20-24	0.0252681366507872
2244	25-29	0.043790128078164514
2244	30-34	0.021303480929837804
2244	35-39	0.004987430045005681
2244	40-44	0.054647694377010225
2244	45-49	0.02852326267825589
2244	50-54	0.006833195538234804
2244	55-59	0.018538274048182757
2244	60-64	0.024641080743734278
2244	65-69	0.048477781221180294
2244	70-74	0.02314604831361322
2244	75-79	0.05690593143793876
2244	80-84	0.06482714877375173
2244	85-89	0.058472815778756626
2244	90-94	0.04534122368787763
2244	95-99	0.015632399210993242
2244	100-104	0.041025243223550945
2244	105-109	0.007181543003177637
2244	110-114	-0.006881421631817375
2244	115-119	-0.05128304042371923
2244	120-124	0.022517312929153377
2244	125-129	-0.046377278894766505
2244	130-134	-0.039642755298615384
2244	135-139	-0.06093888252924984
2244	140-144	-0.07313351660290124
2244	145-149	-0.10060326988785562
2244	150	-0.08908560297366819
2245	1	0.08431796577196593
2245	2	0.06649742292400163
2245	3	0.07190054250447275
2245	4	-2.3497240633219008E-6
2245	5	0.05949201279201333
2245	6	0.043056966803874275
2245	7	0.08364184279163567
2245	8	0.06249479919569012
2245	9	0.04363067839881296
2245	10-14	0.04029374650209405
2245	15-19	0.06696528374507693
2245	20-24	0.04700913591850053
2245	25-29	0.03689185647463944
2245	30-34	0.04763865598928163
2245	35-39	0.021485171567483974
2245	40-44	0.026606826961241836
2245	45-49	0.07735277841599242
2245	50-54	0.03568812690553358
2245	55-59	0.056249798059837985
2245	60-64	0.08529644499783018
2245	65-69	0.07847200494173734
2245	70-74	0.08204507990365784
2245	75-79	0.0910367350472967
2245	80-84	0.050275010929766495
2245	85-89	0.0847261872641738
2245	90-94	0.047666667864675105
2245	95-99	0.03303467745198674
2245	100-104	0.07696882472685473
2245	105-109	0.08453721001069425
2245	110-114	0.0714237320506399
2245	115-119	0.018348261091389872
2245	120-124	0.05817110660809277
2245	125-129	0.05997149190341844
2245	130-134	0.0051485968949833705
2245	135-139	0.03239124282079331
2245	140-144	-0.08631206474222353
2245	145-149	-0.03916385924021171
2245	150	-0.03761351099620214
2246	1	0.0763051335911129
2246	2	0.052776978230049565
2246	3	0.0349189279310238
2246	4	0.013495071002473935
2246	5	0.06372678575399249
2246	6	0.015470332658345853
2246	7	0.0766514592632177
2246	8	0.07978375510246849
2246	9	0.11804289336786411
2246	10-14	0.035163863142614105
2246	15-19	0.04284757920584781
2246	20-24	0.052073082867913456
2246	25-29	0.0554244839486131
2246	30-34	0.05204781172349726
2246	35-39	0.026761898198984113
2246	40-44	0.02800802038215977
2246	45-49	0.024002022133537082
2246	50-54	0.012572931705271628
2246	55-59	0.005471047160106934
2246	60-64	-0.03025073970778891
2246	65-69	-0.010208557931932205
2246	70-74	-0.017620856761887183
2246	75-79	-0.02207018936150007
2246	80-84	-0.03374539844566726
2246	85-89	-0.02144172832393565
2246	90-94	-0.053131428384347146
2246	95-99	-0.03734162120596807
2246	100-104	-0.008013857704774807
2246	105-109	-0.05531578066279508
2246	110-114	-0.02850939907941097
2246	115-119	-0.09548066828499913
2246	120-124	-0.016002092067815
2246	125-129	-0.06506662718448553
2246	130-134	-0.0885282648793364
2246	135-139	-0.0779152363064739
2246	140-144	-0.09868585853190837
2246	145-149	-0.1721751234833846
2246	150	-0.12902370329369717
2247	1	0.10187343208352928
2247	2	0.09492351128964316
2247	3	0.11243375183563842
2247	4	0.06685172931322825
2247	5	0.08351602412130177
2247	6	0.09213364382754463
2247	7	0.1204155317857385
2247	8	0.08388940087394303
2247	9	0.13764686913670232
2247	10-14	0.0857281416040081
2247	15-19	0.081931782022437
2247	20-24	0.11009974909513431
2247	25-29	0.10157899759052214
2247	30-34	0.09732632552350395
2247	35-39	0.09753880250602975
2247	40-44	0.08349394975861912
2247	45-49	0.08832133400207454
2247	50-54	0.07357839907620445
2247	55-59	0.09758451232642784
2247	60-64	0.09383737628230904
2247	65-69	0.1190457968012737
2247	70-74	0.08563607001870821
2247	75-79	0.12366875156212842
2247	80-84	0.10378814740965936
2247	85-89	0.08621167689661036
2247	90-94	0.07922550196244771
2247	95-99	0.0864085933136991
2247	100-104	0.06335282281045806
2247	105-109	0.08584994207441099
2247	110-114	0.07859753941044545
2247	115-119	0.04000721285031261
2247	120-124	0.046395973270534796
2247	125-129	0.030630323887521627
2247	130-134	0.03423471499296227
2247	135-139	0.04579305917076226
2247	140-144	0.025505201150842538
2247	145-149	0.0048698749864897195
2247	150	-0.034758642854193056
2248	1	0.06883297168273117
2248	2	0.08855988656299729
2248	3	0.07021422566035795
2248	4	0.04218789940054535
2248	5	0.07834001913445832
2248	6	0.02897554765503685
2248	7	0.035339160143124104
2248	8	-0.025599829542002794
2248	9	0.05591147805552055
2248	10-14	0.05235730698468899
2248	15-19	0.04448737937059377
2248	20-24	0.021714075370809383
2248	25-29	0.009102791684533429
2248	30-34	0.03021087608410511
2248	35-39	0.03455541638168569
2248	40-44	0.04399435078231306
2248	45-49	0.0359850978424987
2248	50-54	0.006587801636889878
2248	55-59	0.022681432311884464
2248	60-64	0.038733009914608374
2248	65-69	0.015222281878706667
2248	70-74	0.003302511660415064
2248	75-79	-0.02405392132058637
2248	80-84	-0.02016720946651418
2248	85-89	-0.051740706340069664
2248	90-94	-0.019801451510396362
2248	95-99	-0.004453794465291594
2248	100-104	-0.022688126214731597
2248	105-109	-0.015122794132942374
2248	110-114	0.008344834359199638
2248	115-119	-0.0385918018584519
2248	120-124	-0.01147502342624307
2248	125-129	-0.050569713816337014
2248	130-134	-0.10271536114529312
2248	135-139	-0.03724583023605277
2248	140-144	-0.08287600655434346
2248	145-149	-0.14044631955660947
2248	150	-0.1399954575921072
2249	1	0.07465517337239191
2249	2	0.07704508358202133
2249	3	0.05982023457924157
2249	4	-0.02067312038043667
2249	5	0.06956723967944356
2249	6	0.048527466833441224
2249	7	0.03531789706820376
2249	8	0.006027429015624364
2249	9	0.0198296705271801
2249	10-14	0.04788420826394457
2249	15-19	0.01112147961607235
2249	20-24	0.033202632151336786
2249	25-29	0.0336626737540513
2249	30-34	0.056471791102055136
2249	35-39	0.025248124966744
2249	40-44	0.027643854951534763
2249	45-49	0.027378900882368384
2249	50-54	0.029180327483423696
2249	55-59	0.04088579433386741
2249	60-64	0.012379307012075458
2249	65-69	0.01469778834916724
2249	70-74	0.022356979244435138
2249	75-79	0.04984493023204095
2249	80-84	0.07044915424373244
2249	85-89	0.05562829925831636
2249	90-94	0.041977029905581276
2249	95-99	0.05297456185401472
2249	100-104	-0.010259741522922639
2249	105-109	0.04965461571537588
2249	110-114	0.03581246149069983
2249	115-119	-0.005393658633643383
2249	120-124	0.008179936874100235
2249	125-129	-0.013972283243695927
2249	130-134	-0.022038115250943235
2249	135-139	-0.039374994545674724
2249	140-144	-0.08069279750890246
2249	145-149	-0.07163236930972516
2249	150	-0.07623056145472873
2250	1	0.02648548212915358
2250	2	0.004754414032134946
2250	3	0.027904372607942207
2250	4	-0.003491797451204093
2250	5	0.036688345870693695
2250	6	-0.024405862483682483
2250	7	-0.03152162519296553
2250	8	0.0072173635461041385
2250	9	0.07054014348354798
2250	10-14	0.03775397734769115
2250	15-19	0.0412555972730857
2250	20-24	0.03448680230973622
2250	25-29	0.042061534735552186
2250	30-34	0.04939998389706801
2250	35-39	0.06049412579852742
2250	40-44	0.052152291900462444
2250	45-49	0.039227528315940674
2250	50-54	0.05851754438680956
2250	55-59	0.038394396158821564
2250	60-64	0.0497533446407985
2250	65-69	0.011219961267123324
2250	70-74	0.031409267136993435
2250	75-79	-0.011966362295531496
2250	80-84	0.04961490273064584
2250	85-89	0.020758210463064586
2250	90-94	0.03272037766028291
2250	95-99	0.016988362822246472
2250	100-104	0.013261341733660004
2250	105-109	0.056046177233945116
2250	110-114	0.022524432070902378
2250	115-119	-0.04239437362483045
2250	120-124	0.04673156975439241
2250	125-129	-0.03931695074637531
2250	130-134	-0.044699887953498774
2250	135-139	-0.04522715518776721
2250	140-144	-0.10952246578575142
2250	145-149	-0.13473603616294128
2250	150	-0.09239997103475872
2251	1	-0.003901203635741979
2251	2	0.047639411440208335
2251	3	0.04745267509528617
2251	4	0.004510480028706354
2251	5	0.039507034232329374
2251	6	-0.03161734832844587
2251	7	0.07473434411604529
2251	8	-5.919207347488964E-4
2251	9	0.020819436407720104
2251	10-14	0.0512453230841885
2251	15-19	0.04694325099363539
2251	20-24	0.022098574200839494
2251	25-29	0.0327685918802203
2251	30-34	0.01774600281841998
2251	35-39	0.023329081111121752
2251	40-44	0.01616262384342093
2251	45-49	0.04393147728246305
2251	50-54	0.048733069475126456
2251	55-59	0.06700658553452854
2251	60-64	0.04320660425055678
2251	65-69	0.0031978505995340356
2251	70-74	0.02367302931384785
2251	75-79	0.05097431218232629
2251	80-84	0.015793578663839014
2251	85-89	0.020014292418167656
2251	90-94	-0.0048328155897081615
2251	95-99	0.006213096061863155
2251	100-104	-0.02264418876273311
2251	105-109	-0.03415278460678195
2251	110-114	-0.021328667805612156
2251	115-119	-0.04584700327062308
2251	120-124	-0.028456044726880236
2251	125-129	-0.03346805561241695
2251	130-134	-0.03722415090900455
2251	135-139	0.008403719559915146
2251	140-144	-0.05465843656823921
2251	145-149	-0.1163780185634522
2251	150	-0.07269017354682461
2252	1	0.11061260588505917
2252	2	0.015333399320830665
2252	3	0.0446650793536989
2252	4	0.026401009425242705
2252	5	0.07070928183128444
2252	6	0.026177856225473306
2252	7	0.1255724316415936
2252	8	0.1141759105116904
2252	9	0.09680120209418419
2252	10-14	0.056035033612552354
2252	15-19	0.05620063932931885
2252	20-24	0.051175879418408954
2252	25-29	0.07262707375903688
2252	30-34	0.10157505343227058
2252	35-39	0.06336412847939954
2252	40-44	0.03654436153620111
2252	45-49	0.056033474832482
2252	50-54	0.0856264298129048
2252	55-59	0.07593900759945882
2252	60-64	0.06495223207754464
2252	65-69	0.07399600764625802
2252	70-74	0.05217746357812558
2252	75-79	0.037329070163167444
2252	80-84	0.06767750954676899
2252	85-89	0.024175907591171608
2252	90-94	0.07439395595859821
2252	95-99	0.03165882460300651
2252	100-104	0.0741383649567382
2252	105-109	0.03134233017788546
2252	110-114	0.044279316290605664
2252	115-119	0.016715785217023438
2252	120-124	0.01850656053888855
2252	125-129	-0.015916469864357907
2252	130-134	-0.0498723017466034
2252	135-139	0.017521244664784774
2252	140-144	-0.06853292957718082
2252	145-149	-0.15071258688174538
2252	150	-0.08671148874529422
2253	1	-0.04443118772032051
2253	2	-0.03198314437238281
2253	3	0.0063127353292031785
2253	4	-0.032668596055863475
2253	5	-0.024602982887877545
2253	6	0.03017292473925437
2253	7	-0.0879135518950207
2253	8	-0.04060750564050153
2253	9	-0.05121710589155981
2253	10-14	0.01007182526039685
2253	15-19	-0.029333667752958092
2253	20-24	0.015173206628162461
2253	25-29	-0.040824401922328946
2253	30-34	-0.026980824196591868
2253	35-39	-0.04307974292550654
2253	40-44	-0.026634188380981527
2253	45-49	-0.015780195297516286
2253	50-54	-0.025606504484137815
2253	55-59	-0.0022197159863566185
2253	60-64	-0.0035540169813330635
2253	65-69	-0.06557885557714371
2253	70-74	-0.03481276128760413
2253	75-79	-0.03304938689652204
2253	80-84	0.005687912096590253
2253	85-89	-0.04407749300110453
2253	90-94	-0.04217702983671501
2253	95-99	-0.06169276652282463
2253	100-104	-0.0703237516923636
2253	105-109	-0.07615089373417305
2253	110-114	-0.046377838756335166
2253	115-119	-0.18120213628073856
2253	120-124	-0.13135352579349302
2253	125-129	-0.05724464584187672
2253	130-134	-0.12996189668712788
2253	135-139	-0.09292396940939796
2253	140-144	-0.16093022165166815
2253	145-149	-0.1477665571673441
2253	150	-0.06449470412450609
2254	1	0.048720475027415944
2254	2	0.10330250237614536
2254	3	0.04879429145704961
2254	4	0.07313018223199919
2254	5	0.09193865112100497
2254	6	-0.008479895027100781
2254	7	0.10970336297079797
2254	8	0.04576300158153401
2254	9	0.015902415376437773
2254	10-14	0.045685293952466566
2254	15-19	0.05077525373151559
2254	20-24	0.03071893374594481
2254	25-29	0.04913815048563919
2254	30-34	0.043804766567163256
2254	35-39	0.04997565711679641
2254	40-44	0.012592475299825878
2254	45-49	0.04251114945671475
2254	50-54	0.0038999586467767244
2254	55-59	0.046114737042415754
2254	60-64	0.007083089725647085
2254	65-69	0.030347319169983678
2254	70-74	-0.01839491583046282
2254	75-79	-0.023212240378150284
2254	80-84	0.004535869896514555
2254	85-89	-0.011754684804934357
2254	90-94	-0.02863617961464371
2254	95-99	-0.07847171376028683
2254	100-104	-0.031136588378558372
2254	105-109	-0.04147548100199572
2254	110-114	-0.007423945326458181
2254	115-119	-0.0947090846130152
2254	120-124	-0.01703106594701609
2254	125-129	-0.06426171497684408
2254	130-134	-0.1192725375261432
2254	135-139	-0.07768211519374546
2254	140-144	-0.1406820847004795
2254	145-149	-0.152302256790378
2254	150	-0.19641037861659782
2255	1	0.018674001251397954
2255	2	0.04169747946701108
2255	3	0.07922584439678815
2255	4	-0.0015719368498920971
2255	5	-0.011342106761432547
2255	6	0.027786983682482003
2255	7	0.020695083347753496
2255	8	0.03012444770180167
2255	9	0.06208756014288497
2255	10-14	0.02484448574352882
2255	15-19	0.015946712091405857
2255	20-24	0.007625324984815052
2255	25-29	0.012991621159777367
2255	30-34	0.013525820273308398
2255	35-39	0.029164100674094584
2255	40-44	0.003486755426550303
2255	45-49	0.032897397136522954
2255	50-54	-0.007475947017965723
2255	55-59	0.0731672316558516
2255	60-64	0.03401642678993255
2255	65-69	0.0519788059888171
2255	70-74	-0.021436374055618046
2255	75-79	0.01132567498915904
2255	80-84	0.019207768198825192
2255	85-89	0.01144186219117671
2255	90-94	-0.015669071140081314
2255	95-99	3.387886860863887E-4
2255	100-104	0.007508414880852854
2255	105-109	-0.022453982378827675
2255	110-114	0.023677833201666942
2255	115-119	-0.03526620509919809
2255	120-124	-0.02821288394040522
2255	125-129	-0.052333186706015056
2255	130-134	-0.04374499526525
2255	135-139	-0.10659076262731304
2255	140-144	-0.08760018182773877
2255	145-149	-0.12935583960059915
2255	150	-0.02688356803849956
2256	1	0.08946228600271411
2256	2	0.02369980164243657
2256	3	-0.01263159678637038
2256	4	-0.014031258357547927
2256	5	-0.01601866459229484
2256	6	-0.075476898883025
2256	7	0.0017883439526684697
2256	8	-0.02279744193391764
2256	9	-0.010377418533416005
2256	10-14	0.037678926889959996
2256	15-19	0.03649710707528442
2256	20-24	0.03948547495804888
2256	25-29	0.058465699681825356
2256	30-34	0.056034958512128696
2256	35-39	0.03546945437052784
2256	40-44	0.043466755679233415
2256	45-49	0.006443450135456885
2256	50-54	0.04470032491052223
2256	55-59	0.06921484639860864
2256	60-64	0.03401124225214147
2256	65-69	0.008908585548425663
2256	70-74	0.005761829056886825
2256	75-79	0.003014991823533819
2256	80-84	0.005171653310775071
2256	85-89	0.04470875008660613
2256	90-94	0.053394876926041945
2256	95-99	0.07291393879055619
2256	100-104	-0.012703060582957448
2256	105-109	0.026814981426490192
2256	110-114	-0.007946027533797917
2256	115-119	-0.03201186025032143
2256	120-124	0.02267762261447359
2256	125-129	0.01891113444128223
2256	130-134	-0.0436156698502117
2256	135-139	0.04129037503572164
2256	140-144	-0.09174882016976227
2256	145-149	-0.08800862698028311
2256	150	-0.029768449108011907
2257	1	-0.011157147350211005
2257	2	-0.05414724161206408
2257	3	0.053917017733617456
2257	4	0.010950196975088033
2257	5	0.015344305295883487
2257	6	0.035502831647932
2257	7	0.07593371381653213
2257	8	0.04686126229518095
2257	9	0.06648715826887042
2257	10-14	0.008639789599271808
2257	15-19	-0.00807906858434393
2257	20-24	0.025666436385755276
2257	25-29	0.0748937339335285
2257	30-34	0.042299078523008404
2257	35-39	0.020478516081183784
2257	40-44	0.028234098633753035
2257	45-49	0.01746183979202698
2257	50-54	0.02616202706268922
2257	55-59	0.032375271379876835
2257	60-64	0.00569345372061747
2257	65-69	0.007372003886985112
2257	70-74	-0.01241599446692021
2257	75-79	0.019192078949245683
2257	80-84	0.008709758685789382
2257	85-89	0.012698426186645406
2257	90-94	-0.008377378586608586
2257	95-99	-0.004941042152694308
2257	100-104	-0.04374840675960456
2257	105-109	-0.029739282727341276
2257	110-114	-0.015388701368131308
2257	115-119	-0.019716057696911093
2257	120-124	-0.05865788641999359
2257	125-129	-0.05064079174053404
2257	130-134	-0.09122579794095032
2257	135-139	-0.06006959950430968
2257	140-144	-0.10553724378640794
2257	145-149	-0.1498651639686699
2257	150	-0.13642691478698055
2258	1	0.030037768844707102
2258	2	-0.004150230076589878
2258	3	-0.015146397483640328
2258	4	-0.02847191937010507
2258	5	0.013961073143427427
2258	6	8.098853378157855E-5
2258	7	0.012939016206452436
2258	8	-0.01765968684114938
2258	9	-0.03231788284386283
2258	10-14	-0.00845593518876342
2258	15-19	0.003284781241042367
2258	20-24	0.015902268929274044
2258	25-29	0.029148880496364882
2258	30-34	0.011066208828609092
2258	35-39	2.679574090862502E-4
2258	40-44	0.03550844821580057
2258	45-49	0.04336585031141027
2258	50-54	0.013708668455485906
2258	55-59	0.003382469310153624
2258	60-64	0.02189605453860821
2258	65-69	-0.030736041913371537
2258	70-74	-0.02971877715432214
2258	75-79	-0.01750498467089301
2258	80-84	-0.04720313184248681
2258	85-89	0.007778559728315315
2258	90-94	-0.058522959501424054
2258	95-99	-0.03110334139191906
2258	100-104	-0.009120641362606818
2258	105-109	-0.059878374404888746
2258	110-114	-0.06304702594953682
2258	115-119	-0.06660293150685703
2258	120-124	-0.0351749590909165
2258	125-129	-0.032122557837695354
2258	130-134	-0.05830017655378583
2258	135-139	-0.04959076210239033
2258	140-144	-0.11020052921891477
2258	145-149	-0.12407770356583114
2258	150	-0.02682070902692857
2259	1	0.049548361588072964
2259	2	0.039793311010825505
2259	3	0.006034710273688404
2259	4	-0.004575073623918513
2259	5	0.05824952300131514
2259	6	-0.016462010693977902
2259	7	0.0038223741908467446
2259	8	0.035948512250804754
2259	9	0.05201385705731809
2259	10-14	0.02432827453225883
2259	15-19	0.01901174537928796
2259	20-24	0.021491053186394993
2259	25-29	0.016238473833730893
2259	30-34	0.04788407381498416
2259	35-39	0.07763117493653482
2259	40-44	0.018182359254581115
2259	45-49	0.04697567220041776
2259	50-54	-0.016478396254960614
2259	55-59	0.0014404448940155135
2259	60-64	0.03711036936020662
2259	65-69	0.026173596110147912
2259	70-74	-0.02742272539379087
2259	75-79	-0.03707887937866161
2259	80-84	-0.030940979539629154
2259	85-89	0.011475342932413923
2259	90-94	0.023917243003040767
2259	95-99	0.01014282764789698
2259	100-104	-0.00437831320007831
2259	105-109	-0.060414051984480466
2259	110-114	-0.07540274512425071
2259	115-119	-0.09022485482532261
2259	120-124	-0.05899290598990348
2259	125-129	-0.08402620181558973
2259	130-134	-0.12177057699312854
2259	135-139	-0.11699064969149475
2259	140-144	-0.1707956939019084
2259	145-149	-0.16476537283257642
2259	150	-0.20379149301306398
2260	1	-0.09595400087670214
2260	2	-0.018874015158679924
2260	3	-0.015195750953189702
2260	4	-0.09265023110541648
2260	5	-0.06086348702315547
2260	6	-0.034026959254951805
2260	7	-0.021870455899438923
2260	8	-0.011786623964830767
2260	9	0.007819413808093145
2260	10-14	0.035967827801776764
2260	15-19	-0.014734875540831638
2260	20-24	-0.004528892381365779
2260	25-29	0.02262247168982867
2260	30-34	-0.0020472430470661607
2260	35-39	-0.0019017151188833736
2260	40-44	-0.03219440629486314
2260	45-49	0.012167877093901325
2260	50-54	-0.00468231443061029
2260	55-59	-0.012650122781074913
2260	60-64	-0.01976203402502108
2260	65-69	-0.019292147407583116
2260	70-74	-0.07977283095430465
2260	75-79	-0.12845087916727493
2260	80-84	-0.04502100343886184
2260	85-89	-0.03584708715466434
2260	90-94	-0.09130635417406552
2260	95-99	-0.13962574551693052
2260	100-104	-0.1203384499745539
2260	105-109	-0.118933325967987
2260	110-114	-0.19015430159101498
2260	115-119	-0.16887201602350643
2260	120-124	-0.13403019361390278
2260	125-129	-0.24750015888304944
2260	130-134	-0.2628052082575181
2260	135-139	-0.21856646609438002
2260	140-144	-0.31295186763801297
2260	145-149	-0.31368550799447803
2260	150	-0.20025467643483807
2261	1	-0.07435334964415574
2261	2	-0.061463426487527784
2261	3	-0.024222117085678008
2261	4	-0.13298645245606622
2261	5	-0.02086625491698868
2261	6	-0.08839235933806577
2261	7	-0.026176630052049177
2261	8	-0.046373245629901305
2261	9	0.0033313050609606876
2261	10-14	-0.03896076870111642
2261	15-19	-0.043150571209352506
2261	20-24	-0.03792765219387917
2261	25-29	-0.05882972402358888
2261	30-34	-0.034186533416615816
2261	35-39	-0.04210420676758275
2261	40-44	-0.11130609897467991
2261	45-49	-0.07576531092501426
2261	50-54	-0.0743567331437518
2261	55-59	-0.09074733572190752
2261	60-64	-0.059031372253478764
2261	65-69	-0.09283609724651143
2261	70-74	-0.08145580370337768
2261	75-79	-0.1461116745557831
2261	80-84	-0.09374860808721053
2261	85-89	-0.05710225703221283
2261	90-94	-0.09675381803303651
2261	95-99	-0.10959339770152354
2261	100-104	-0.11363625941206124
2261	105-109	-0.21615217579147838
2261	110-114	-0.15184260797820315
2261	115-119	-0.1752571427926526
2261	120-124	-0.20990236201379986
2261	125-129	-0.22624856549753503
2261	130-134	-0.28325162443756824
2261	135-139	-0.22412721145087033
2261	140-144	-0.36161315168417474
2261	145-149	-0.338780586313824
2261	150	-0.3238267522735754
2262	1	-0.0362820133717392
2262	2	-0.14077343312953872
2262	3	-0.04434212733546872
2262	4	-0.11401768397546164
2262	5	-0.09205101209228417
2262	6	-0.04053409773467109
2262	7	-0.02213739817559457
2262	8	-0.06648307656120522
2262	9	-0.03049006786678632
2262	10-14	-0.07990273151253291
2262	15-19	-0.07166679655362174
2262	20-24	-0.0820853791677223
2262	25-29	-0.08574188453108178
2262	30-34	-0.0922578227075661
2262	35-39	-0.08284371859487294
2262	40-44	-0.1142999931454014
2262	45-49	-0.14312342737524375
2262	50-54	-0.11092965415987521
2262	55-59	-0.11954220033403828
2262	60-64	-0.1654148424497066
2262	65-69	-0.1360899007390728
2262	70-74	-0.19456220479163022
2262	75-79	-0.22147355422175252
2262	80-84	-0.1789839960181041
2262	85-89	-0.16782532730258737
2262	90-94	-0.24531780004147663
2262	95-99	-0.24174064467547396
2262	100-104	-0.20873192249384687
2262	105-109	-0.3301904934868247
2262	110-114	-0.2908916677908948
2262	115-119	-0.3395037352168515
2262	120-124	-0.3703552790443325
2262	125-129	-0.3382569313312729
2262	130-134	-0.3866581529434754
2262	135-139	-0.4232811534800405
2262	140-144	-0.5240536981021648
2262	145-149	-0.5360114201742263
2262	150	-0.5231309567040441
2263	1	-0.10925031101714211
2263	2	-0.1349500313681915
2263	3	-0.09616974572010406
2263	4	-0.14175936052639315
2263	5	-0.1383962234761711
2263	6	-0.0602908800348132
2263	7	-0.007656872422224126
2263	8	-0.0709632139151708
2263	9	-0.09545156155131451
2263	10-14	-0.08225244832954104
2263	15-19	-0.06351483080447196
2263	20-24	-0.07690425059855244
2263	25-29	-0.09321811498538324
2263	30-34	-0.1264556136112489
2263	35-39	-0.10034567304060715
2263	40-44	-0.1231031951499375
2263	45-49	-0.11437549759387622
2263	50-54	-0.1056512066420936
2263	55-59	-0.12051339802833638
2263	60-64	-0.12721283293093677
2263	65-69	-0.15428487923270495
2263	70-74	-0.1791169745853125
2263	75-79	-0.23471100269658507
2263	80-84	-0.20717119656465144
2263	85-89	-0.21189830257149822
2263	90-94	-0.2551501210466185
2263	95-99	-0.23516243348379362
2263	100-104	-0.3021204284607606
2263	105-109	-0.3489517782323901
2263	110-114	-0.3635906353456022
2263	115-119	-0.3553856060272409
2263	120-124	-0.34869446326615616
2263	125-129	-0.37669994766098114
2263	130-134	-0.43758695534875613
2263	135-139	-0.37018807007675036
2263	140-144	-0.4939549351044761
2263	145-149	-0.5181247312194017
2263	150	-0.5002612029592228
2264	1	-0.11064575138592403
2264	2	-0.056520054181589785
2264	3	-0.05063956120525148
2264	4	-0.08633003070220724
2264	5	-0.07973061167230355
2264	6	-0.07079431860925922
2264	7	-0.08188767401856012
2264	8	-0.07354961559394013
2264	9	-0.012848780344569377
2264	10-14	-0.07111768231759186
2264	15-19	-0.0891824257769116
2264	20-24	-0.05727100095188575
2264	25-29	-0.07198473387843052
2264	30-34	-0.12055930158918926
2264	35-39	-0.0865870815739953
2264	40-44	-0.11393776257999377
2264	45-49	-0.09340307576271556
2264	50-54	-0.10736681642502077
2264	55-59	-0.11271854499020861
2264	60-64	-0.12371365687685199
2264	65-69	-0.13783567200317748
2264	70-74	-0.12605623582354042
2264	75-79	-0.21399262257359197
2264	80-84	-0.2528184231434807
2264	85-89	-0.16855086243595707
2264	90-94	-0.16801537888835583
2264	95-99	-0.20700933790540432
2264	100-104	-0.23934498635595958
2264	105-109	-0.24966387688592562
2264	110-114	-0.2388903734189327
2264	115-119	-0.29376020291658733
2264	120-124	-0.2949280530928249
2264	125-129	-0.32617822126402984
2264	130-134	-0.414425242627928
2264	135-139	-0.38232739412966765
2264	140-144	-0.45515201885939405
2264	145-149	-0.4388502011866322
2264	150	-0.48886974483005474
2265	1	-0.0630229142113734
2265	2	-0.0859721289178097
2265	3	-0.048282728596056756
2265	4	-0.09551453636672136
2265	5	-0.08158606600996876
2265	6	-0.02335125743756805
2265	7	-0.048994220749783324
2265	8	-0.11107126350939467
2265	9	-0.1121087604728288
2265	10-14	-0.0622396124131086
2265	15-19	-0.09112237349729924
2265	20-24	-0.09778047784454458
2265	25-29	-0.0652135637648783
2265	30-34	-0.05739824912988212
2265	35-39	-0.06127622671099431
2265	40-44	-0.081454969639978
2265	45-49	-0.08619358953321665
2265	50-54	-0.10698553869686123
2265	55-59	-0.07518418023165907
2265	60-64	-0.13263408056189974
2265	65-69	-0.14144393567553948
2265	70-74	-0.1691776184254934
2265	75-79	-0.1867218344673205
2265	80-84	-0.1858725570712565
2265	85-89	-0.14633787070826543
2265	90-94	-0.14938826918918124
2265	95-99	-0.19622992593892263
2265	100-104	-0.22417806273098506
2265	105-109	-0.25038849599136626
2265	110-114	-0.27386000526297494
2265	115-119	-0.335581228074858
2265	120-124	-0.3392562105594692
2265	125-129	-0.3240335457560306
2265	130-134	-0.3229013598946153
2265	135-139	-0.36976465240507395
2265	140-144	-0.41116776498837027
2265	145-149	-0.4138336810034957
2265	150	-0.4109480250309687
2266	1	0.06617713315174001
2266	2	-0.034831151800659654
2266	3	-0.0023008474999173245
2266	4	-0.060240805863180924
2266	5	-0.029220213074452772
2266	6	-0.0021087326619522173
2266	7	-0.05144812587047909
2266	8	-0.107115137028444
2266	9	-0.046014772155167805
2266	10-14	-0.041490186573639676
2266	15-19	-0.05180359176104332
2266	20-24	-0.030803967973575652
2266	25-29	-0.03696872057481215
2266	30-34	-0.04752666380031911
2266	35-39	-0.005685783006690315
2266	40-44	-0.05863990904014571
2266	45-49	-0.025436868300154458
2266	50-54	-0.05595835364190549
2266	55-59	-0.04283798600368982
2266	60-64	-0.05176873567451423
2266	65-69	-0.04669992510827825
2266	70-74	-0.1052870131540189
2266	75-79	-0.09239057301906684
2266	80-84	-0.0816775081246206
2266	85-89	-0.06950405813321936
2266	90-94	-0.09180585477230352
2266	95-99	-0.10101085059488213
2266	100-104	-0.08949030507471178
2266	105-109	-0.07277176173847266
2266	110-114	-0.1342986701121589
2266	115-119	-0.16837374095106838
2266	120-124	-0.17522770627091688
2266	125-129	-0.25329503788510266
2266	130-134	-0.2139289067046377
2266	135-139	-0.2180450246309249
2266	140-144	-0.29305344000738387
2266	145-149	-0.3436218616954605
2266	150	-0.3863914889963951
2267	1	0.052203155310763805
2267	2	-0.0925805172866987
2267	3	-0.025410208421284608
2267	4	-0.14529354247473236
2267	5	-0.06690324556463878
2267	6	-0.049267111715792566
2267	7	0.008093424719085363
2267	8	-0.0854464600549889
2267	9	-0.060026545819326316
2267	10-14	-0.030804193377477418
2267	15-19	-0.045647421342593475
2267	20-24	-0.03331602426096936
2267	25-29	-0.034468772212520093
2267	30-34	-0.04212630375199211
2267	35-39	-0.06285603691140551
2267	40-44	-0.06732119851294982
2267	45-49	-0.05560418145774548
2267	50-54	-0.053507526588056464
2267	55-59	-0.0604228839597738
2267	60-64	-0.08292129974149987
2267	65-69	-0.12469924498238782
2267	70-74	-0.08687221175267013
2267	75-79	-0.062686106186014
2267	80-84	-0.125259168967915
2267	85-89	-0.09997141708012691
2267	90-94	-0.11399489402999308
2267	95-99	-0.12889796163235445
2267	100-104	-0.13173390094545567
2267	105-109	-0.13862841086754685
2267	110-114	-0.17628408735632917
2267	115-119	-0.2172409951571268
2267	120-124	-0.2105500514301255
2267	125-129	-0.1914111011000088
2267	130-134	-0.23603571020809966
2267	135-139	-0.18663184178597447
2267	140-144	-0.2177725814003324
2267	145-149	-0.34362438141700125
2267	150	-0.30943461771077097
2268	1	0.09508890327005304
2268	2	0.015058472444373194
2268	3	-0.002001584718094307
2268	4	-0.07350779373594207
2268	5	-6.513687762250697E-4
2268	6	-0.014601687969374666
2268	7	-0.0020962014204215507
2268	8	0.008900843512044787
2268	9	0.07980250835364444
2268	10-14	0.001477241621785197
2268	15-19	0.009876433723974287
2268	20-24	0.0016795833412217576
2268	25-29	0.003992312103385132
2268	30-34	0.019879098425313657
2268	35-39	-0.00931933688111286
2268	40-44	0.0023167698281696403
2268	45-49	-0.004148848783565029
2268	50-54	0.009552787814143926
2268	55-59	0.024760143469116258
2268	60-64	-0.00616786075666198
2268	65-69	-0.05159899691033587
2268	70-74	-0.04000704907344499
2268	75-79	-0.06955492237189986
2268	80-84	-0.06644330310541591
2268	85-89	-0.01739679869609745
2268	90-94	-0.05191415883446382
2268	95-99	-0.060841302545803444
2268	100-104	-0.03872077854808964
2268	105-109	-0.057092706638186996
2268	110-114	-0.11567443786898934
2268	115-119	-0.14582325465891444
2268	120-124	-0.1116174588583192
2268	125-129	-0.1370052295977331
2268	130-134	-0.13299228455816348
2268	135-139	-0.1020210611192951
2268	140-144	-0.16072154212930911
2268	145-149	-0.15747333588686985
2268	150	-0.17699000173730894
2269	1	0.17357625000419574
2269	2	0.09224397370377346
2269	3	0.1117138145325427
2269	4	0.06194358122825605
2269	5	0.06597431626459382
2269	6	0.11410371334890357
2269	7	0.08819640492745151
2269	8	0.06736227896245595
2269	9	0.09021552375192954
2269	10-14	0.11018361815857247
2269	15-19	0.06285218089448819
2269	20-24	0.08196625354829479
2269	25-29	0.08680203965544564
2269	30-34	0.12370522512485138
2269	35-39	0.08568733067357215
2269	40-44	0.07530251136949317
2269	45-49	0.06087909679561676
2269	50-54	0.07725366097143649
2269	55-59	0.10197084758659258
2269	60-64	0.09602545487812364
2269	65-69	0.10301435971081219
2269	70-74	0.08926010659688188
2269	75-79	0.042916496958909534
2269	80-84	0.08844497965717579
2269	85-89	0.09558941426558931
2269	90-94	0.11260443905516127
2269	95-99	0.08800768383241575
2269	100-104	0.06355421973103859
2269	105-109	0.09413421990888082
2269	110-114	0.04064429488055055
2269	115-119	0.050383689298328704
2269	120-124	0.06365493696021218
2269	125-129	0.014381617243039102
2269	130-134	0.025800291322227054
2269	135-139	0.09073662693421625
2269	140-144	0.00857693450296182
2269	145-149	0.04515333032995983
2269	150	0.04705550638747269
2270	1	0.05583530703448503
2270	2	0.0473017901254309
2270	3	0.03712197590542132
2270	4	0.044719974942481144
2270	5	0.03981847723358811
2270	6	0.023304293007086585
2270	7	0.07995461554963867
2270	8	0.06676211740823845
2270	9	0.05657131703671325
2270	10-14	0.02586261981944915
2270	15-19	0.0608701795592026
2270	20-24	0.05972472999311407
2270	25-29	0.04791443008087981
2270	30-34	0.023198616650667248
2270	35-39	0.058191714686294915
2270	40-44	0.02282309716837716
2270	45-49	0.0419530150623757
2270	50-54	0.04589941831864763
2270	55-59	0.02917176622013784
2270	60-64	0.03298384127295151
2270	65-69	-0.014437900399713044
2270	70-74	0.026387233693064616
2270	75-79	-0.01719679190579626
2270	80-84	0.00977521069619769
2270	85-89	0.010885677706120589
2270	90-94	0.04608935825744709
2270	95-99	0.05155824989036262
2270	100-104	0.014727445416504281
2270	105-109	-0.001991003155453086
2270	110-114	-0.013191948077214022
2270	115-119	-0.018629042369177284
2270	120-124	0.010173227205548585
2270	125-129	-0.014767044577006061
2270	130-134	-0.050949887953500195
2270	135-139	0.03052411822800849
2270	140-144	-0.009265688197878319
2270	145-149	0.028813275187218323
2270	150	-0.022056316331500625
2271	1	0.10181599960351662
2271	2	0.02773823385071239
2271	3	0.0611342079231747
2271	4	0.007603116704935076
2271	5	0.061332615660596446
2271	6	0.04151941346734844
2271	7	0.038174029305544366
2271	8	0.06747973324972634
2271	9	0.033521976685314314
2271	10-14	0.050032789319381266
2271	15-19	0.03859161751875462
2271	20-24	0.026636285003093008
2271	25-29	0.039804208627423066
2271	30-34	0.038981515384683973
2271	35-39	0.02435814266432601
2271	40-44	0.0454555848619691
2271	45-49	0.032146864335146574
2271	50-54	0.009974143361738186
2271	55-59	0.02866044555901226
2271	60-64	0.03768221013059048
2271	65-69	5.406641206207041E-4
2271	70-74	0.02662762725033474
2271	75-79	-0.011412389743348683
2271	80-84	0.001473883339379256
2271	85-89	0.014516302388386748
2271	90-94	-0.02494492301076434
2271	95-99	-0.0264117187391264
2271	100-104	-0.08359212457195753
2271	105-109	0.011020162513055709
2271	110-114	0.021669767505123616
2271	115-119	-0.036840443006511236
2271	120-124	0.006010590347059974
2271	125-129	-0.012960993045062708
2271	130-134	-0.04612922991681501
2271	135-139	-0.025469988952494305
2271	140-144	-0.0497899042451877
2271	145-149	-0.047239744689029806
2271	150	-0.04185197405819707
2272	1	0.043992867713519956
2272	2	0.0644968737134235
2272	3	0.08457179831580675
2272	4	-0.0027430194725894808
2272	5	0.06463446949361185
2272	6	0.04087761974925286
2272	7	0.02495077758905495
2272	8	0.06214700855066013
2272	9	0.07098194214390219
2272	10-14	0.035646681590478124
2272	15-19	0.039312063124874896
2272	20-24	0.04138361742878516
2272	25-29	0.06685069772361629
2272	30-34	0.06243770868113785
2272	35-39	0.037108616899395486
2272	40-44	0.056695991972098625
2272	45-49	-0.004350210167551438
2272	50-54	0.04510003259896678
2272	55-59	0.04875892460032105
2272	60-64	0.04398095427945492
2272	65-69	0.03424548024952401
2272	70-74	0.027761951915472594
2272	75-79	0.01921234657277182
2272	80-84	0.025484363018293266
2272	85-89	0.019039781379603937
2272	90-94	0.031508995082035085
2272	95-99	-0.002451721575447152
2272	100-104	0.050611343751363336
2272	105-109	0.04872025927013368
2272	110-114	0.027227019816152165
2272	115-119	-0.03773321433047272
2272	120-124	-0.018257563465986948
2272	125-129	0.026632269135724584
2272	130-134	0.03079444963412925
2272	135-139	-0.008795077670178841
2272	140-144	-0.045390634218478
2272	145-149	0.008002127642178891
2272	150	-0.012484659592907121
2273	1	0.1425896194384748
2273	2	0.08287371774994057
2273	3	0.05892466064331359
2273	4	0.03785909823285749
2273	5	0.030047101053170877
2273	6	0.005438086151713151
2273	7	0.06088650046708466
2273	8	0.045029186847365565
2273	9	0.058924297882370524
2273	10-14	0.03100764673271783
2273	15-19	0.059687421556262166
2273	20-24	0.05200142396429186
2273	25-29	0.06653161400952712
2273	30-34	0.08995537173782964
2273	35-39	0.0932613607572037
2273	40-44	0.058248077709279755
2273	45-49	0.0401252754477639
2273	50-54	0.04646759311695803
2273	55-59	0.07275875765813566
2273	60-64	0.06598716785222791
2273	65-69	0.06517660867501718
2273	70-74	0.05668942629078799
2273	75-79	0.014260874773221133
2273	80-84	0.04120981473956675
2273	85-89	0.0330906973299534
2273	90-94	0.06145115850207361
2273	95-99	0.025861531785785985
2273	100-104	-8.479673428922752E-4
2273	105-109	0.05640045007887551
2273	110-114	0.021078562224779773
2273	115-119	-0.04718256724594028
2273	120-124	-0.0027451948983383545
2273	125-129	-0.03117196577280623
2273	130-134	0.03766306439332823
2273	135-139	0.01065516856633053
2273	140-144	0.008874155799865946
2273	145-149	-0.017176914955975064
2273	150	-0.012936279431286835
2274	1	0.09064524972777832
2274	2	0.10445551238741757
2274	3	0.0901188534509032
2274	4	0.03508263631043462
2274	5	0.034770971906077364
2274	6	0.017749234548482207
2274	7	0.09712451574628034
2274	8	0.03288513142020122
2274	9	0.06110509837439082
2274	10-14	0.043093302974646974
2274	15-19	0.043925155739685806
2274	20-24	0.07026990479297268
2274	25-29	0.0538253413932992
2274	30-34	0.0552050096603125
2274	35-39	0.03226850279546767
2274	40-44	0.05071507011534493
2274	45-49	0.043660131708058714
2274	50-54	0.07929024348587888
2274	55-59	0.030558049635345697
2274	60-64	0.06012991167010995
2274	65-69	0.05283078496054827
2274	70-74	0.10924510236073814
2274	75-79	0.094367963028823
2274	80-84	0.08630347528616511
2274	85-89	0.11964639443079506
2274	90-94	0.09878124110986164
2274	95-99	0.059330240773945775
2274	100-104	0.05637230838230778
2274	105-109	0.04961475713547969
2274	110-114	0.0413172012493348
2274	115-119	0.06109644697991712
2274	120-124	0.08036684818317497
2274	125-129	0.023884077696500583
2274	130-134	0.061975129941991725
2274	135-139	0.05323899781397756
2274	140-144	0.025353549248542606
2274	145-149	0.03301686415866101
2274	150	0.030737437113891986
2275	1	0.13800688892509783
2275	2	0.036813968806001185
2275	3	0.07378625094927571
2275	4	0.0705987026198045
2275	5	0.06499398773916454
2275	6	0.025058816945005447
2275	7	0.09721394494479796
2275	8	0.06178749030510744
2275	9	0.03898481828986178
2275	10-14	0.07763841267082228
2275	15-19	0.05024141778962132
2275	20-24	0.0634580377056082
2275	25-29	0.0709492057229042
2275	30-34	0.08925776979923938
2275	35-39	0.07083142833207745
2275	40-44	0.06309541674291097
2275	45-49	0.05655218062879186
2275	50-54	0.07407720319036315
2275	55-59	0.07334997259601295
2275	60-64	0.011840023127192012
2275	65-69	0.021590438006136026
2275	70-74	0.04120793429908076
2275	75-79	0.02625890418557475
2275	80-84	0.0361261030866018
2275	85-89	0.08209928164924918
2275	90-94	-0.006815649893695763
2275	95-99	-0.01676054774839031
2275	100-104	-0.0019502237481887619
2275	105-109	0.024704440467338884
2275	110-114	0.007165901714408562
2275	115-119	-0.027307185209501483
2275	120-124	0.013523849440723268
2275	125-129	-0.03772149681790182
2275	130-134	-0.021695214216308045
2275	135-139	0.034059497199493194
2275	140-144	-0.017995343907500683
2275	145-149	-0.04254613768229376
2275	150	-0.1020047027351012
2276	1	0.10650968194453014
2276	2	0.05666001910575602
2276	3	0.024413783937006883
2276	4	0.023425020898933724
2276	5	9.2294847739538E-4
2276	6	-0.02394898665898637
2276	7	0.05611560705746399
2276	8	-0.015283510046373294
2276	9	7.695723366154539E-4
2276	10-14	0.02748579749715674
2276	15-19	0.013872384851900676
2276	20-24	0.05910560306283941
2276	25-29	0.023859544509363673
2276	30-34	0.024675700112517518
2276	35-39	0.04533575782572541
2276	40-44	-0.001404741953201949
2276	45-49	0.019601191197914147
2276	50-54	0.004991855552631819
2276	55-59	0.023404540262454532
2276	60-64	-0.003119653267795286
2276	65-69	-0.033663811817888245
2276	70-74	0.021670014932148263
2276	75-79	-0.03491302882311942
2276	80-84	-0.04618830687417841
2276	85-89	-0.04584234133444909
2276	90-94	-0.024893384941613306
2276	95-99	-0.08127665644895643
2276	100-104	-0.04028818183247296
2276	105-109	-0.032930128851987206
2276	110-114	-0.0530315117479816
2276	115-119	-0.230518731469175
2276	120-124	-0.08488470670764059
2276	125-129	-0.09897085166272745
2276	130-134	-0.13673029940251524
2276	135-139	-0.10351097625515848
2276	140-144	-0.06165969021297002
2276	145-149	-0.09763419875023516
2276	150	0.019394961607346772
2277	1	0.0941173069606478
2277	2	0.08100539469359802
2277	3	0.021537356544868658
2277	4	0.09658717571040398
2277	5	0.0348274301982201
2277	6	0.05972916809630391
2277	7	0.11391281043506751
2277	8	0.08176064063056998
2277	9	0.08533694626706989
2277	10-14	0.055875664688876725
2277	15-19	0.04764394337322386
2277	20-24	0.06055049484088926
2277	25-29	0.07130028132014132
2277	30-34	0.07710530891480971
2277	35-39	0.05189156577787912
2277	40-44	0.039937412066606726
2277	45-49	0.054167658543626374
2277	50-54	0.06283344327619034
2277	55-59	0.03585695414010104
2277	60-64	0.04533324071669398
2277	65-69	0.027699027656602482
2277	70-74	0.09169372659222574
2277	75-79	0.061561761098204215
2277	80-84	-0.012524593630764969
2277	85-89	0.06649574071530395
2277	90-94	-0.058736474275960404
2277	95-99	0.0018819103299563267
2277	100-104	-0.0014894193844909864
2277	105-109	0.06106955703554462
2277	110-114	-0.04577673972850249
2277	115-119	-0.05350576219984049
2277	120-124	-0.015930356441593574
2277	125-129	-0.03687117586253663
2277	130-134	-0.016987539630875403
2277	135-139	-0.04459448547870437
2277	140-144	-0.07422390769625764
2277	145-149	-0.049837442280598054
2277	150	-0.09475069719245965
2278	1	-8.307145571322394E-4
2278	2	0.0483273040093124
2278	3	-0.012456315998029766
2278	4	0.042743558264419335
2278	5	-0.020869224579051604
2278	6	0.020806246366859682
2278	7	0.02789187798585857
2278	8	0.04091196549177312
2278	9	-0.03035047292477344
2278	10-14	-0.03657401256756998
2278	15-19	-0.031102832987912166
2278	20-24	0.007553961789049879
2278	25-29	-0.018067032172119468
2278	30-34	-0.018391159143007485
2278	35-39	-0.012874856022214942
2278	40-44	0.02272097323936606
2278	45-49	-0.05848934061698685
2278	50-54	-0.03995105484001016
2278	55-59	0.006928490544602539
2278	60-64	-0.07624469560358449
2278	65-69	-0.051388343092185096
2278	70-74	-0.008959096477582307
2278	75-79	-0.03323830572335851
2278	80-84	0.007113123285158451
2278	85-89	-0.04243029300487677
2278	90-94	-0.03771995755886337
2278	95-99	-0.10557353401934222
2278	100-104	-0.08719513728780726
2278	105-109	-0.06889512997772584
2278	110-114	-0.07949141419342709
2278	115-119	-0.125938208963305
2278	120-124	-0.04547519497715058
2278	125-129	-0.14619523036690651
2278	130-134	-0.1367932886026182
2278	135-139	-0.16109936208916764
2278	140-144	-0.16785161115777925
2278	145-149	-0.11802383636878488
2278	150	-0.14858221674227678
2279	1	0.12196048630835321
2279	2	0.018395821860011097
2279	3	1.653933420300291E-4
2279	4	0.0982790793607009
2279	5	-0.01221433817443085
2279	6	0.02765803143718415
2279	7	0.040513587325918365
2279	8	-0.04058821481836361
2279	9	0.0287912508401007
2279	10-14	0.0017238597728663763
2279	15-19	0.010440621754256085
2279	20-24	-0.01992530254560876
2279	25-29	0.015254280485649474
2279	30-34	0.004977034149462156
2279	35-39	0.023331418770425216
2279	40-44	0.010171387952667033
2279	45-49	-0.034544154897552914
2279	50-54	-0.01651073749417975
2279	55-59	-0.021560510537263156
2279	60-64	-0.013929513490339218
2279	65-69	-0.05549941413437409
2279	70-74	-0.03824146214653723
2279	75-79	-0.02919935873454449
2279	80-84	-0.07438705702497828
2279	85-89	-0.08592109718808416
2279	90-94	-0.09794354212431244
2279	95-99	-0.07903188237851566
2279	100-104	-0.0988071098806671
2279	105-109	-0.047618534233045295
2279	110-114	-0.07747194069900587
2279	115-119	-0.11028728938162402
2279	120-124	-0.12805723608786934
2279	125-129	-0.14100229852413548
2279	130-134	-0.193122174285989
2279	135-139	-0.1571325391537286
2279	140-144	-0.14794537242715933
2279	145-149	-0.20522181689529617
2279	150	-0.3263680083037599
2280	1	0.1409402235256465
2280	2	0.05661696788295245
2280	3	0.0466373469801411
2280	4	0.08304118011017891
2280	5	0.04558924442519441
2280	6	0.0650222358815924
2280	7	0.07321379156783081
2280	8	0.06497799351758715
2280	9	0.04263525578293326
2280	10-14	0.02755396193326476
2280	15-19	0.06247428008414602
2280	20-24	0.05372204765151878
2280	25-29	0.0854941537787397
2280	30-34	0.04418044797748166
2280	35-39	0.06547420664450954
2280	40-44	0.02991508786401198
2280	45-49	0.026159327471340532
2280	50-54	0.05566060085408964
2280	55-59	0.05739269791473589
2280	60-64	0.008279593009667963
2280	65-69	0.01995876920076256
2280	70-74	0.031242193405553564
2280	75-79	0.001543594623811373
2280	80-84	0.00867297523689814
2280	85-89	0.029167761026357653
2280	90-94	0.012230597687867828
2280	95-99	0.003909385170494772
2280	100-104	0.0014051662643836949
2280	105-109	0.05906498548650774
2280	110-114	0.03529700821948012
2280	115-119	-0.03413862178639704
2280	120-124	-0.09067346544630084
2280	125-129	-0.018323517821698942
2280	130-134	-0.047502987315390044
2280	135-139	-0.07628401314386224
2280	140-144	-0.04133625159438736
2280	145-149	-0.03376868816109635
2280	150	-0.04395197743440349
2281	1	0.14369081247852478
2281	2	0.06411990951748692
2281	3	0.03463450992407502
2281	4	0.06237533994447375
2281	5	-4.616115313638147E-5
2281	6	0.013063113125497239
2281	7	0.06960707804756083
2281	8	0.026143109479498605
2281	9	0.10065829375985658
2281	10-14	0.056079602520192395
2281	15-19	0.05924868955799667
2281	20-24	0.03594219258575748
2281	25-29	0.019657440076528587
2281	30-34	0.012398996775566218
2281	35-39	0.03504854641052191
2281	40-44	0.007153284894513945
2281	45-49	0.006355941666271292
2281	50-54	0.0028806614912397777
2281	55-59	0.009800945541854844
2281	60-64	0.0192549470449066
2281	65-69	0.011547969625354426
2281	70-74	0.01598213021110695
2281	75-79	0.004609177591596847
2281	80-84	-0.04859023382471861
2281	85-89	-0.03448122122401287
2281	90-94	-0.04812159053935261
2281	95-99	-0.02865231320384254
2281	100-104	-0.0592675178233506
2281	105-109	-0.03766862419660555
2281	110-114	-0.10951764418356902
2281	115-119	-0.08803707834844232
2281	120-124	-0.07364923278767321
2281	125-129	-0.13425545718721565
2281	130-134	-0.12966143345798287
2281	135-139	-0.16226099386253168
2281	140-144	-0.1336183340229269
2281	145-149	-0.1312470901620557
2281	150	-0.389115736630508
2282	1	0.026259306053191267
2282	2	-0.06179849082435851
2282	3	-0.0068826836734317
2282	4	0.03406677448996476
2282	5	0.0275153999114508
2282	6	0.01118833324634494
2282	7	0.038580539808826586
2282	8	0.03502869782113294
2282	9	0.02127973396745375
2282	10-14	0.0026422289273426713
2282	15-19	-0.013892114728676574
2282	20-24	-0.019869689762749942
2282	25-29	-0.028182531973705238
2282	30-34	-0.0070409875820161005
2282	35-39	-0.01644119894117324
2282	40-44	-0.01643807363284111
2282	45-49	-0.004087475771598292
2282	50-54	0.013447139156433252
2282	55-59	-0.029297276175469733
2282	60-64	-0.0259023678111987
2282	65-69	-0.046204876142404316
2282	70-74	-0.007659333969272097
2282	75-79	-0.0017773282417650194
2282	80-84	-0.031852821467708736
2282	85-89	-0.06255187112414262
2282	90-94	-0.07083790574785098
2282	95-99	-0.08079379051140023
2282	100-104	-0.09545096863910629
2282	105-109	-0.00465026012294345
2282	110-114	-0.043941027724457626
2282	115-119	-0.097037668059059
2282	120-124	-0.10398247023121598
2282	125-129	-0.1329499885182983
2282	130-134	-0.12948781617536298
2282	135-139	-0.08940218323517968
2282	140-144	-0.18959256187359586
2282	145-149	-0.09592093193433726
2282	150	-0.07913068833527603
2283	1	0.10888862475085404
2283	2	0.05370184469072825
2283	3	0.03084461485877199
2283	4	0.07809339599841536
2283	5	0.0635942337260218
2283	6	0.018328998960761567
2283	7	0.038883515504899435
2283	8	-0.045903198715073756
2283	9	0.0842774473746033
2283	10-14	0.03903146282610237
2283	15-19	-0.006970712426600301
2283	20-24	0.022103316981905152
2283	25-29	0.010299733200518801
2283	30-34	0.04721079662834171
2283	35-39	0.05120848044855819
2283	40-44	0.05215899987908301
2283	45-49	0.02511274817326381
2283	50-54	0.042796879464397364
2283	55-59	0.02005700975697522
2283	60-64	0.006661024825589834
2283	65-69	6.14673577025826E-4
2283	70-74	-0.01481578475042511
2283	75-79	-0.0040981154800974195
2283	80-84	-0.006256036821191913
2283	85-89	-0.019187457561464782
2283	90-94	-0.0358946076988218
2283	95-99	-0.019086456857756673
2283	100-104	-0.03141482993544287
2283	105-109	8.272107823259489E-4
2283	110-114	-0.022666291934754668
2283	115-119	-0.10103557577944855
2283	120-124	-0.03541550307463126
2283	125-129	-0.12013966178786006
2283	130-134	-0.1202091640538967
2283	135-139	-0.10571771788377049
2283	140-144	-0.08752742809910785
2283	145-149	-0.0630044390913298
2283	150	-0.1291025567616657
2284	1	0.14266225728886894
2284	2	0.059949786482441425
2284	3	0.045906757012133426
2284	4	0.1245430074153191
2284	5	0.01752363080434094
2284	6	-0.0876132844063946
2284	7	-0.020407327795631147
2284	8	0.09807139446370172
2284	9	0.004730587811167197
2284	10-14	0.02332132216226057
2284	15-19	0.039727427847623176
2284	20-24	0.024006496213836215
2284	25-29	0.037856566253232415
2284	30-34	0.019701034840480247
2284	35-39	0.036047769582346234
2284	40-44	0.005057096289036167
2284	45-49	0.006207380366056725
2284	50-54	0.06352912122675747
2284	55-59	0.04458678412103012
2284	60-64	0.03103853318928884
2284	65-69	0.03427614080372621
2284	70-74	0.0323948651232584
2284	75-79	0.03669154739449709
2284	80-84	-0.032234948841519895
2284	85-89	-0.0642115994749588
2284	90-94	-0.024767607385413726
2284	95-99	-0.07144658648925883
2284	100-104	-0.10015321534600474
2284	105-109	-0.04745815346007731
2284	110-114	-0.015903932249067054
2284	115-119	-0.08820892114563605
2284	120-124	-0.08224637583446537
2284	125-129	-0.15972362707810106
2284	130-134	-0.16545580780777414
2284	135-139	-0.09171812472155949
2284	140-144	-0.05315347790957503
2284	145-149	-0.06100269114655532
2284	150	-0.03869471844192418
2285	1	0.09724361140658289
2285	2	0.00774432253368218
2285	3	0.012826410752083461
2285	4	0.06095754836865552
2285	5	-0.01704936246807165
2285	6	-0.10683271934760796
2285	7	0.0700675276438929
2285	8	-0.001973336391245084
2285	9	-0.01233012609328199
2285	10-14	0.012227963713137058
2285	15-19	-0.03595034105049422
2285	20-24	0.03340096016358984
2285	25-29	0.026390368645287765
2285	30-34	0.03726921281141671
2285	35-39	0.028680674264393247
2285	40-44	-0.03624657034403356
2285	45-49	-0.009879032329124016
2285	50-54	0.008613479628330367
2285	55-59	-0.013418485805573255
2285	60-64	-0.030675041012216298
2285	65-69	-0.019158227724638266
2285	70-74	0.008447767922937999
2285	75-79	0.023376784848814225
2285	80-84	-0.06525523270452283
2285	85-89	-0.05197076323079841
2285	90-94	-0.05111206556505721
2285	95-99	-0.0760017240025519
2285	100-104	-0.03524102251311945
2285	105-109	0.030395869639669115
2285	110-114	-0.0562879724130525
2285	115-119	-0.08888510534097804
2285	120-124	-0.049326661566510666
2285	125-129	-0.1473177555963332
2285	130-134	-0.13839625457755744
2285	135-139	-0.13370719442951895
2285	140-144	-0.11789595289937438
2285	145-149	-0.16164462713786065
2285	150	-0.2270777329556708
2286	1	0.15501747540551492
2286	2	0.038717000393042156
2286	3	0.05449871558036534
2286	4	0.05299422053404612
2286	5	0.01884095568578914
2286	6	-0.020677820592041485
2286	7	0.04613061070334368
2286	8	0.03124277303891887
2286	9	0.02425648216851073
2286	10-14	0.05230191246149474
2286	15-19	0.006525190325248786
2286	20-24	0.02796173382871814
2286	25-29	0.02842359692018448
2286	30-34	0.04218751788547337
2286	35-39	0.036768249398186015
2286	40-44	0.02859839425495636
2286	45-49	0.017526903773394054
2286	50-54	0.02436205414982595
2286	55-59	0.016364635514605652
2286	60-64	0.002045209346427157
2286	65-69	-0.03657795168756195
2286	70-74	-0.03487011892499936
2286	75-79	-0.00850198754664433
2286	80-84	-0.04410241254843328
2286	85-89	-0.02370030790565636
2286	90-94	-0.040759067952713224
2286	95-99	-0.05222148230797785
2286	100-104	-0.046016793332498196
2286	105-109	0.011189643686620343
2286	110-114	-0.03803069268634118
2286	115-119	-0.08958255216534639
2286	120-124	-0.06818237585037679
2286	125-129	-0.1046695144916896
2286	130-134	-0.10899535491144974
2286	135-139	-0.11085405430506512
2286	140-144	-0.05114555724750858
2286	145-149	-0.11569540984765325
2286	150	-0.044865910988022506
2287	1	0.08968968407870648
2287	2	0.0010040337729364524
2287	3	0.0706885240874513
2287	4	0.054498453202000974
2287	5	-0.02350911570539438
2287	6	-0.08347357988292714
2287	7	-0.02160388727679674
2287	8	0.046873735324275856
2287	9	0.028644117251310774
2287	10-14	0.014276603492596962
2287	15-19	0.014424757581949166
2287	20-24	-6.321117698249168E-4
2287	25-29	-0.0012076935077089956
2287	30-34	-0.0010848827061593624
2287	35-39	-0.004277926214101058
2287	40-44	-0.04711875318054837
2287	45-49	-0.014594542952636402
2287	50-54	-0.02150345327672909
2287	55-59	0.0193791505888683
2287	60-64	-0.012906883057624441
2287	65-69	0.01180420752902478
2287	70-74	-0.002500724787594777
2287	75-79	0.009645403436429945
2287	80-84	-0.0032862319785706973
2287	85-89	-0.00306046408601901
2287	90-94	-0.045613674597184684
2287	95-99	-0.018980295938540337
2287	100-104	-0.058193066304561114
2287	105-109	-0.018756968028476706
2287	110-114	-0.00498276986761681
2287	115-119	-0.06268936544696402
2287	120-124	-0.05485648198923343
2287	125-129	-0.0791612323047346
2287	130-134	-0.07897182884374843
2287	135-139	-0.08168064114667573
2287	140-144	-0.09479815961759641
2287	145-149	-0.019097190196411873
2287	150	-0.008299048272434106
2288	1	0.08941667944171172
2288	2	-0.00188502943552038
2288	3	0.013251989383419982
2288	4	0.1118726548491793
2288	5	-0.013431487891828908
2288	6	0.03966643531180125
2288	7	0.032106044074176054
2288	8	0.028874727442683934
2288	9	0.004248605578773379
2288	10-14	0.024113351672866656
2288	15-19	0.014447658065172675
2288	20-24	0.0249257409457897
2288	25-29	0.029103579058954665
2288	30-34	0.017200136772281382
2288	35-39	0.038594518705487246
2288	40-44	0.014141248774350856
2288	45-49	0.030939967351891084
2288	50-54	0.024969359298545157
2288	55-59	0.03796285412255429
2288	60-64	0.06206851420063231
2288	65-69	0.0024495659822107996
2288	70-74	0.06359356917426595
2288	75-79	0.053156900492155046
2288	80-84	0.023101981966100027
2288	85-89	0.05915821899660045
2288	90-94	0.04148002797256112
2288	95-99	0.0370664238776115
2288	100-104	0.029263428808000924
2288	105-109	0.026895794967877862
2288	110-114	0.03682500199674621
2288	115-119	-0.016570223817538476
2288	120-124	0.024223453787783455
2288	125-129	0.018620305898210177
2288	130-134	-0.04088496737523428
2288	135-139	0.02180179223679346
2288	140-144	0.038019966449361675
2288	145-149	-3.841375288757831E-4
2288	150	0.08596976165217285
2301	1	0.06551852565083038
2301	2	-0.10096569114463705
2301	3	-0.05929642433078186
2301	4	-0.05562279204362852
2301	5	0.012849092010036145
2301	6	-0.1042339101086256
2301	7	-0.028305059019068324
2301	8	-0.015520924980663153
2301	9	0.001975538088871076
2301	10-14	-0.02019845595732761
2301	15-19	-0.0399768962339806
2301	20-24	-0.02992203599242771
2301	25-29	-0.027940488294753152
2301	30-34	-0.03975210117628336
2301	35-39	-0.038117940199065004
2301	40-44	-0.053414031769825954
2301	45-49	-0.06208465906346561
2301	50-54	-0.09744038386374143
2301	55-59	-0.125398614037465
2301	60-64	-0.06125532058565142
2301	65-69	-0.1017791265490402
2301	70-74	-0.09223592663187219
2301	75-79	-0.12556188000927193
2301	80-84	-0.146030017487071
2301	85-89	-0.15101687641282524
2301	90-94	-0.1566005706364706
2301	95-99	-0.16613051543085788
2301	100-104	-0.22885588689165104
2301	105-109	-0.22816498136435115
2301	110-114	-0.20061711036228758
2301	115-119	-0.25534301569825146
2301	120-124	-0.2273402025761726
2301	125-129	-0.21707765902539933
2301	130-134	-0.34253256722571024
2301	135-139	-0.33985611374840374
2301	140-144	-0.35096398148790087
2301	145-149	-0.2888266918431768
2301	150	-0.46027932041989317
2302	1	0.006728804791173104
2302	2	0.007519366917236425
2302	3	-0.0322883577727211
2302	4	9.857605866159247E-5
2302	5	0.03615587133965903
2302	6	-0.005516960211288335
2302	7	-0.06633553536017445
2302	8	0.009220394736253468
2302	9	-0.014987285173766907
2302	10-14	-0.01142752799329827
2302	15-19	-0.01881107791247416
2302	20-24	-0.017660993347831777
2302	25-29	0.008673993827841286
2302	30-34	-0.08208296880054178
2302	35-39	-0.06555483724431355
2302	40-44	-0.07125863756152029
2302	45-49	-0.04365089519284737
2302	50-54	-0.10257721120384389
2302	55-59	-0.10257016436836608
2302	60-64	-0.04954617706169273
2302	65-69	-0.0626352905002463
2302	70-74	-0.12721623110049052
2302	75-79	-0.11419179685078973
2302	80-84	-0.08764925438848792
2302	85-89	-0.14193770010110995
2302	90-94	-0.13677073013288776
2302	95-99	-0.1088892971282931
2302	100-104	-0.20069838082969937
2302	105-109	-0.16655695419286332
2302	110-114	-0.2161288721515504
2302	115-119	-0.2662696570133605
2302	120-124	-0.22230245048461938
2302	125-129	-0.24703920616550334
2302	130-134	-0.2783490706371694
2302	135-139	-0.3444546023317727
2302	140-144	-0.2543586673504734
2302	145-149	-0.37068995505503466
2302	150	-0.41964039657447927
2303	1	-0.012114098334031098
2303	2	-0.08219288119823176
2303	3	-0.07140213052604594
2303	4	-0.02224941180423201
2303	5	-0.018242438909631176
2303	6	-0.03388382270131274
2303	7	0.02728742080203972
2303	8	0.00998646842456452
2303	9	-0.017671728353541027
2303	10-14	-0.025594698270566596
2303	15-19	-0.04814228593024694
2303	20-24	-0.017134516364365027
2303	25-29	-0.06206718745264084
2303	30-34	-0.06049495434996999
2303	35-39	-0.029779659312360707
2303	40-44	-0.023837254144410736
2303	45-49	-0.025832310772834433
2303	50-54	-0.025649758060382055
2303	55-59	-0.05252088758729201
2303	60-64	-0.04058427962361577
2303	65-69	-0.0668249574756885
2303	70-74	-0.015264686853910803
2303	75-79	-0.05144936437024228
2303	80-84	-0.07486925340973727
2303	85-89	-0.11236057631624874
2303	90-94	-0.11552058603155757
2303	95-99	-0.07042412270624965
2303	100-104	-0.14412377781658137
2303	105-109	-0.15049902010345306
2303	110-114	-0.1457644279576371
2303	115-119	-0.23069611636845622
2303	120-124	-0.18891660522911735
2303	125-129	-0.20292988651712562
2303	130-134	-0.25840667641848825
2303	135-139	-0.2052276173362415
2303	140-144	-0.26653073850452813
2303	145-149	-0.26190547075952963
2303	150	-0.4020923864211241
2304	1	-0.02354542824539152
2304	2	-0.08548970476612539
2304	3	0.008170659083098997
2304	4	-0.0376459323082301
2304	5	-0.04186515834152971
2304	6	0.02454592830612512
2304	7	-0.048675968557837734
2304	8	-0.005350721583631923
2304	9	0.016068381665363063
2304	10-14	0.02212302161353108
2304	15-19	-0.05114968712065604
2304	20-24	-0.031318550123408784
2304	25-29	-0.015364545572886357
2304	30-34	0.009133093846557472
2304	35-39	-0.05403850568030322
2304	40-44	-0.030576582047395107
2304	45-49	-0.016242602019751473
2304	50-54	-0.03284885877958743
2304	55-59	-0.07352036436808618
2304	60-64	-0.06454425825050691
2304	65-69	-0.08279001052944324
2304	70-74	-0.04462632186111648
2304	75-79	-0.06844556089377818
2304	80-84	-0.08465354564170724
2304	85-89	-0.10439570125397779
2304	90-94	-0.16093641109931411
2304	95-99	-0.11511562772540884
2304	100-104	-0.1842990249475207
2304	105-109	-0.18985170513104777
2304	110-114	-0.20110225108130209
2304	115-119	-0.21279137989104413
2304	120-124	-0.17270666619602082
2304	125-129	-0.22461641557621448
2304	130-134	-0.2620909974713328
2304	135-139	-0.2609668459376948
2304	140-144	-0.30086655495395576
2304	145-149	-0.32214938651831204
2304	150	-0.3291263428883937
2305	1	-0.022911116651350483
2305	2	-0.10767825341593351
2305	3	0.011212987366306493
2305	4	-0.034164340156863204
2305	5	-0.03380719632296092
2305	6	0.0053283617056791854
2305	7	-0.030757852962111087
2305	8	-0.015739175486679358
2305	9	-0.0629020785223986
2305	10-14	-0.06246796089889983
2305	15-19	-0.029476587369380525
2305	20-24	-0.03228434529507496
2305	25-29	-0.049996397705520224
2305	30-34	-0.00991909517556877
2305	35-39	-0.04685818688686538
2305	40-44	-0.06690276740296497
2305	45-49	-0.04258802809530238
2305	50-54	-0.05473305753341151
2305	55-59	-0.11502459532332665
2305	60-64	-0.038224118789109696
2305	65-69	-0.05276024412625446
2305	70-74	-0.035257787410316155
2305	75-79	-0.07633808029643774
2305	80-84	-0.12126104457964715
2305	85-89	-0.08762551209085245
2305	90-94	-0.12433848569430239
2305	95-99	-0.09115649578469487
2305	100-104	-0.16840611479902634
2305	105-109	-0.13337060544429846
2305	110-114	-0.13271153334989094
2305	115-119	-0.20506897280309744
2305	120-124	-0.18234445626041662
2305	125-129	-0.1790832491380101
2305	130-134	-0.18704386473143586
2305	135-139	-0.2336932424312792
2305	140-144	-0.26627338717857185
2305	145-149	-0.2935254465984727
2305	150	-0.3246020681290389
2306	1	-0.042207191384925125
2306	2	-0.0320095263759228
2306	3	-0.05004998703105201
2306	4	-0.008186884296968344
2306	5	0.031348915238211816
2306	6	0.04957984154931694
2306	7	-0.03999799268186166
2306	8	-0.026601221211002724
2306	9	-8.56092455109092E-4
2306	10-14	0.0038846547893385264
2306	15-19	-0.003560458480663442
2306	20-24	-0.019219436336705087
2306	25-29	0.0027593898147202367
2306	30-34	-0.007596601159725935
2306	35-39	-0.00843267769371181
2306	40-44	-0.04259068038828673
2306	45-49	-0.012728729390026672
2306	50-54	-0.03249483248200846
2306	55-59	-0.05233743747377417
2306	60-64	-0.03728235847208339
2306	65-69	-0.0302434956859301
2306	70-74	-0.03506294405845267
2306	75-79	-0.04232527308901979
2306	80-84	-0.052682126347633584
2306	85-89	-0.03132498375755688
2306	90-94	-0.06976070082031072
2306	95-99	-0.04176264601875346
2306	100-104	-0.07857070037083247
2306	105-109	-0.07217836776890607
2306	110-114	-0.11329054057538457
2306	115-119	-0.1466997258056466
2306	120-124	-0.1736352934664822
2306	125-129	-0.16365069506465346
2306	130-134	-0.16990728200219252
2306	135-139	-0.1669601665682805
2306	140-144	-0.1890222515302682
2306	145-149	-0.18817375879803677
2306	150	-0.22098566139747078
2307	1	0.008931294110638532
2307	2	0.019268373399199845
2307	3	-0.028388179131425773
2307	4	0.0042276898127084905
2307	5	0.028544773931557188
2307	6	0.0255454771862631
2307	7	-0.02599185278160121
2307	8	0.04270449825498446
2307	9	0.008370580467904176
2307	10-14	0.022831719258292082
2307	15-19	0.029132454336746605
2307	20-24	0.02616093647886686
2307	25-29	0.019794744837732026
2307	30-34	0.013919205248441813
2307	35-39	0.07075739172983475
2307	40-44	0.01829923776141129
2307	45-49	0.009214472343025193
2307	50-54	0.018441073688244103
2307	55-59	0.020988273084647346
2307	60-64	0.0026852597738482586
2307	65-69	-0.014506453060484148
2307	70-74	-0.023238627965092462
2307	75-79	-0.052222990832788696
2307	80-84	-0.004210507756233994
2307	85-89	-0.028303593365997415
2307	90-94	-0.025122375493261018
2307	95-99	-0.07640425206094648
2307	100-104	-0.10841120863030795
2307	105-109	-0.052262235480675656
2307	110-114	-0.07341425382927014
2307	115-119	-0.11991059199822729
2307	120-124	-0.1371143468415923
2307	125-129	-0.0850216085923492
2307	130-134	-0.15322383362898506
2307	135-139	-0.19710578778039434
2307	140-144	-0.18501386218093074
2307	145-149	-0.1793058246624284
2307	150	-0.30800769375215253
2308	1	0.07000468092170564
2308	2	-0.06442126696153139
2308	3	-0.014024562020708231
2308	4	-0.0050038349025527395
2308	5	0.01126343288576237
2308	6	-0.007882721635155576
2308	7	0.005590371609009992
2308	8	0.0639899951108589
2308	9	-0.020937020538227102
2308	10-14	0.014282308250173514
2308	15-19	0.007874593389090023
2308	20-24	0.03545791533002074
2308	25-29	0.01164072816694528
2308	30-34	0.0274031767394618
2308	35-39	0.04647875058770268
2308	40-44	0.03484798571113146
2308	45-49	-0.034975090665135156
2308	50-54	0.007293124586624344
2308	55-59	-0.01375851703765818
2308	60-64	-0.006167205536030451
2308	65-69	-0.00339079246248275
2308	70-74	0.0018944127462603433
2308	75-79	0.030538507592765995
2308	80-84	-0.030788573412998232
2308	85-89	0.017470407193584947
2308	90-94	-0.03610588204254839
2308	95-99	-0.0442923309547254
2308	100-104	-0.07274248003335515
2308	105-109	-0.029516217740045647
2308	110-114	-0.07902120333221063
2308	115-119	-0.08111497606514462
2308	120-124	-0.14579949668503644
2308	125-129	-0.15101961509505202
2308	130-134	-0.17988128578384277
2308	135-139	-0.18372813953515532
2308	140-144	-0.13564060873156336
2308	145-149	-0.18191115096889376
2308	150	-0.29694843633943435
2309	1	0.04468267847709484
2309	2	-0.03447584357158462
2309	3	0.08530093038275055
2309	4	0.042103007402282344
2309	5	-0.0047238727459557595
2309	6	0.03587844491789127
2309	7	0.017557408009608366
2309	8	0.05883861761279263
2309	9	0.02874713274628249
2309	10-14	0.04537036728715549
2309	15-19	0.014307469477110146
2309	20-24	0.02219037161337667
2309	25-29	-0.0015964448474221626
2309	30-34	0.05102181156367891
2309	35-39	0.030474357459880252
2309	40-44	0.035257258597773955
2309	45-49	0.017343870542340767
2309	50-54	-0.00670367223945334
2309	55-59	-3.813486997756854E-4
2309	60-64	0.0017239731967961802
2309	65-69	0.03979962881903987
2309	70-74	0.001193392811686067
2309	75-79	-0.01853153914942851
2309	80-84	-0.011987276531840507
2309	85-89	-0.025233421235739684
2309	90-94	0.011746410231374682
2309	95-99	-0.008562592925578372
2309	100-104	-0.06716520019414673
2309	105-109	-0.008574988706939735
2309	110-114	-0.03253612704300224
2309	115-119	-0.09143320268841393
2309	120-124	-0.12096284020163495
2309	125-129	-0.07458463678698024
2309	130-134	-0.07705993087962781
2309	135-139	-0.1055784825240309
2309	140-144	-0.12875233751316983
2309	145-149	-0.12858377302449497
2309	150	-0.17318076305108576
2310	1	0.022167307940584635
2310	2	0.03633522679505319
2310	3	0.03311209532755299
2310	4	0.031144106764969592
2310	5	0.016790838594978652
2310	6	-0.008495603656626827
2310	7	0.08324775972157283
2310	8	0.022789982572199108
2310	9	0.058385110649211924
2310	10-14	0.06631567053058518
2310	15-19	0.026589957513451168
2310	20-24	0.05215817226223862
2310	25-29	-0.004669066147080514
2310	30-34	0.02644027084571121
2310	35-39	0.0026156657975349162
2310	40-44	0.02909100285238253
2310	45-49	0.016388190632241617
2310	50-54	-0.040222187618859095
2310	55-59	-0.052960346421507154
2310	60-64	0.01803878003474324
2310	65-69	-0.016165970709117516
2310	70-74	-0.03697722778743895
2310	75-79	-0.0070317210975403555
2310	80-84	-0.06911340245957831
2310	85-89	-0.022645534433607395
2310	90-94	-0.06674985709943826
2310	95-99	-0.06229736437513367
2310	100-104	-0.10293079145265693
2310	105-109	-0.09838143614975792
2310	110-114	-0.04530196813361442
2310	115-119	-0.19432820397084072
2310	120-124	-0.11333580326592596
2310	125-129	-0.21063019526472004
2310	130-134	-0.17567863020327223
2310	135-139	-0.18800495591960242
2310	140-144	-0.16549042680288295
2310	145-149	-0.19519820888474015
2310	150	-0.2962823122794944
2311	1	0.022806009723097986
2311	2	-5.068851805418717E-4
2311	3	0.036962161104398206
2311	4	0.03628082248847164
2311	5	0.013418778864625835
2311	6	-0.0017812001534593946
2311	7	0.004582541867257817
2311	8	-0.017114275928570066
2311	9	0.00826302652754407
2311	10-14	-0.0031386462861604514
2311	15-19	-0.0020215994433101514
2311	20-24	0.009819067273717508
2311	25-29	0.018141553290341506
2311	30-34	0.049542922899270536
2311	35-39	0.012913698996520395
2311	40-44	0.031131915221564554
2311	45-49	0.023399447623631886
2311	50-54	0.021559468962877304
2311	55-59	-0.046725989545606694
2311	60-64	0.008949401959128522
2311	65-69	-0.006982617511994249
2311	70-74	-0.030726852352458423
2311	75-79	-0.0029517073746347933
2311	80-84	-0.03780289684829796
2311	85-89	-0.07817352514386045
2311	90-94	-0.04940836399373438
2311	95-99	-0.02816419989985519
2311	100-104	-0.06621332070150743
2311	105-109	-0.08565979241092947
2311	110-114	-0.05570423674929259
2311	115-119	-0.1269414291023807
2311	120-124	-0.10996809252335282
2311	125-129	-0.0783936613442151
2311	130-134	-0.11926792251073692
2311	135-139	-0.14213218995699606
2311	140-144	-0.08989768591391822
2311	145-149	-0.1085542181719319
2311	150	-0.26579405869142647
2312	1	0.04503555441438323
2312	2	-0.02464379969170949
2312	3	0.07872708093626812
2312	4	0.07485143350506007
2312	5	0.03585599428538444
2312	6	0.031995430810361825
2312	7	0.07385434684211134
2312	8	0.07274055074445585
2312	9	0.05722879015566207
2312	10-14	0.028792438524291697
2312	15-19	0.05718706795078532
2312	20-24	0.05952093264475167
2312	25-29	0.028143022086425162
2312	30-34	0.05515018747694711
2312	35-39	0.06833344039031175
2312	40-44	0.06820319261725416
2312	45-49	0.05571595588489231
2312	50-54	0.01823609195027842
2312	55-59	-0.016494552198274448
2312	60-64	-9.985680691713128E-4
2312	65-69	0.010938346802973342
2312	70-74	0.012601806130767557
2312	75-79	0.037323094305619975
2312	80-84	0.02046362433269877
2312	85-89	-0.028971360205545693
2312	90-94	0.007979125322641778
2312	95-99	-0.018984069484183408
2312	100-104	-0.022713259652256568
2312	105-109	-0.02992458252925445
2312	110-114	-0.03952780981647663
2312	115-119	-0.07424879546322671
2312	120-124	-0.07352684862602388
2312	125-129	-0.08235556454255288
2312	130-134	-0.0770322651496258
2312	135-139	-0.10151866169970702
2312	140-144	-0.07984185359312335
2312	145-149	-0.13311845167076086
2312	150	-0.24982509597897007
2313	1	0.0484029241167363
2313	2	-0.039839448545265554
2313	3	0.0467243088690239
2313	4	-0.013920094795174975
2313	5	-0.08689311088118501
2313	6	-0.01251815530758904
2313	7	0.025118812596311102
2313	8	0.030819596843393526
2313	9	-0.026308090846868026
2313	10-14	0.010305647994357514
2313	15-19	-0.02380228172659571
2313	20-24	-0.03461097491078391
2313	25-29	-0.05348258278198159
2313	30-34	-0.03294984856935912
2313	35-39	-0.030074462448162365
2313	40-44	-0.036919569040712474
2313	45-49	-0.049168162286576944
2313	50-54	-0.08866706532241153
2313	55-59	-0.07052037389249222
2313	60-64	-0.07612721042973902
2313	65-69	-0.06473515103243699
2313	70-74	-0.05388310186067713
2313	75-79	-0.05204655924267598
2313	80-84	-0.0782720915146129
2313	85-89	-0.06821563544129106
2313	90-94	-0.104586914699901
2313	95-99	-0.1269599372573964
2313	100-104	-0.09174866831265405
2313	105-109	-0.04844909519526652
2313	110-114	-0.052566122061840304
2313	115-119	-0.11347482134126352
2313	120-124	-0.10218970786326054
2313	125-129	-0.09443857643591969
2313	130-134	-0.09737893540329168
2313	135-139	-0.18406879024489342
2313	140-144	-0.16204260634089707
2313	145-149	-0.1945322938978009
2313	150	-0.31782956885576397
2314	1	-0.004861231378029629
2314	2	0.002190226898818537
2314	3	0.051675460878193746
2314	4	-0.0033271482049386236
2314	5	-0.015097687805877058
2314	6	0.06091868816596957
2314	7	0.046890264385922364
2314	8	0.05705002880936405
2314	9	0.05664911807985362
2314	10-14	0.02569589044938425
2314	15-19	0.0343396640755671
2314	20-24	0.034352775476719444
2314	25-29	0.018578836855319025
2314	30-34	0.04629993712261182
2314	35-39	0.04964802943269575
2314	40-44	0.02602814037204837
2314	45-49	0.06019845827261605
2314	50-54	0.009035909230767913
2314	55-59	0.04147162930058812
2314	60-64	0.042074536602264345
2314	65-69	0.010466772442725869
2314	70-74	0.006916876982671738
2314	75-79	0.08456271948052319
2314	80-84	-0.028656924179848886
2314	85-89	0.038654970822932455
2314	90-94	-0.028747240278377717
2314	95-99	-0.004985415318706998
2314	100-104	-0.049279312159811184
2314	105-109	0.0118864672043415
2314	110-114	0.0012324295658387996
2314	115-119	-0.10152084353978097
2314	120-124	-0.04963391872067291
2314	125-129	-0.06814571709461603
2314	130-134	-0.0508749907973538
2314	135-139	-0.049273706991918687
2314	140-144	-0.0760247395879361
2314	145-149	-0.08959253710963822
2314	150	-0.09770231554616515
2315	1	0.013232669310141887
2315	2	-0.0015721139719033772
2315	3	-0.027191160736137476
2315	4	0.03623077818283349
2315	5	-0.03243339837182191
2315	6	-0.0032825293224902907
2315	7	0.0012898584220266684
2315	8	0.025436329684815462
2315	9	0.051150223571106324
2315	10-14	-0.0027866357996586544
2315	15-19	0.05716589744099565
2315	20-24	0.03734733844198246
2315	25-29	0.016044986716153176
2315	30-34	0.014852635320345087
2315	35-39	0.0052373662432287915
2315	40-44	0.02132253572071363
2315	45-49	0.04111142197002238
2315	50-54	0.018838643150679957
2315	55-59	0.015493805817627049
2315	60-64	-0.05233788829436037
2315	65-69	0.016231679933582654
2315	70-74	-0.02683869963656349
2315	75-79	-0.0034921858754870527
2315	80-84	-0.05492295719515994
2315	85-89	-0.05293206619970903
2315	90-94	-0.014453788379114485
2315	95-99	-0.015673566300307584
2315	100-104	0.007496647235349485
2315	105-109	0.006545700714831071
2315	110-114	-0.06122433620414114
2315	115-119	-0.07493225650285495
2315	120-124	-0.04750541803972652
2315	125-129	-0.08421746597124269
2315	130-134	-0.09207419462732958
2315	135-139	-0.08297788848469168
2315	140-144	-0.06604061863389177
2315	145-149	-0.11491115889203485
2315	150	-0.2570962037951787
2316	1	0.09230349457197207
2316	2	-0.040519843369281716
2316	3	0.047461934355460755
2316	4	-0.006980590186465463
2316	5	0.03793709711944615
2316	6	0.025102975094227986
2316	7	0.09565757969424737
2316	8	0.05977142905150146
2316	9	0.05178391279639527
2316	10-14	0.07024997428638358
2316	15-19	0.07117501066973375
2316	20-24	0.053136402317257136
2316	25-29	0.08012952378469862
2316	30-34	0.07285313984630903
2316	35-39	0.10159739720007366
2316	40-44	0.09443456483422352
2316	45-49	0.0886112032490658
2316	50-54	0.05886778284536831
2316	55-59	0.08968206714821036
2316	60-64	0.07712970977226519
2316	65-69	0.06216848945269504
2316	70-74	0.08390819416495532
2316	75-79	0.0841732516227296
2316	80-84	0.0653710461162973
2316	85-89	0.05738194779323891
2316	90-94	0.04362190418190437
2316	95-99	0.04447620726455881
2316	100-104	0.06383631620972352
2316	105-109	0.07490479114751025
2316	110-114	0.053752413926829945
2316	115-119	-0.005012812224435947
2316	120-124	0.0013026658482502285
2316	125-129	-0.020588792457765237
2316	130-134	0.005313560136876561
2316	135-139	-0.03001760022153377
2316	140-144	-0.043138104464190974
2316	145-149	-0.07455585789013242
2316	150	-0.1471853870839155
2317	1	-0.033540762663655244
2317	2	0.04220783368908343
2317	3	0.05737582527960683
2317	4	0.023909728619472048
2317	5	0.07853674029006186
2317	6	0.014516799702313676
2317	7	0.07908154177586368
2317	8	0.10979861335415819
2317	9	0.05873206881133797
2317	10-14	0.056180481777602154
2317	15-19	0.04643052438678552
2317	20-24	0.028910343399587646
2317	25-29	0.01908025484123499
2317	30-34	0.016875700176392172
2317	35-39	0.04676568392824265
2317	40-44	0.05486194183282578
2317	45-49	0.012668950948196311
2317	50-54	0.04903994433308867
2317	55-59	0.02760808301086115
2317	60-64	0.07977409270588254
2317	65-69	0.03126656893766011
2317	70-74	0.03228727309489443
2317	75-79	0.04740762756362216
2317	80-84	-0.010516539853270501
2317	85-89	0.047403363895163864
2317	90-94	0.012132868037106448
2317	95-99	0.0469839435780699
2317	100-104	0.045381608158386655
2317	105-109	0.03717618681678658
2317	110-114	-0.001096740324904033
2317	115-119	-0.03471457050762439
2317	120-124	-0.012619269823922252
2317	125-129	-0.02495253331362335
2317	130-134	-0.06263864888904891
2317	135-139	-0.11128703464494549
2317	140-144	-0.0759901493470565
2317	145-149	-0.09846079532974272
2317	150	-0.17656998076334673
2318	1	0.048739240415031304
2318	2	0.0015498985743604976
2318	3	0.006330304320925961
2318	4	0.04167105241221236
2318	5	0.02817636604724072
2318	6	0.04643263324607716
2318	7	-0.006291753024314062
2318	8	0.029707335935704293
2318	9	0.12066165128321416
2318	10-14	0.06472006913478623
2318	15-19	0.04924082883643166
2318	20-24	0.028287606724454406
2318	25-29	0.048405216146150565
2318	30-34	0.01726383633771178
2318	35-39	0.08261075122729977
2318	40-44	0.07985763272892399
2318	45-49	0.0731062374288527
2318	50-54	0.017709949505949396
2318	55-59	0.013692650931808714
2318	60-64	0.0661745447187414
2318	65-69	0.05348629312863551
2318	70-74	0.0753733074459575
2318	75-79	0.05891376961671568
2318	80-84	0.04815497089266074
2318	85-89	0.06120964594627765
2318	90-94	0.03814558142941138
2318	95-99	0.0011537457832062614
2318	100-104	0.010604806231690134
2318	105-109	0.042044838993732014
2318	110-114	0.03765518622808628
2318	115-119	-0.024981074311234863
2318	120-124	-0.00547542365367093
2318	125-129	-0.02824301297453502
2318	130-134	-0.026671604761283163
2318	135-139	-0.06582088898825589
2318	140-144	-0.03134359380460694
2318	145-149	-0.08240744304310965
2318	150	-0.2510168225673013
2319	1	0.11125049964760336
2319	2	0.03595811331044274
2319	3	0.06253639331390559
2319	4	0.07373734677359067
2319	5	0.05663970598599377
2319	6	0.06336651903242796
2319	7	0.08666447107945174
2319	8	0.08158987962153219
2319	9	0.047161381061627594
2319	10-14	0.0680347872035938
2319	15-19	0.09110715922734869
2319	20-24	0.06575833271977416
2319	25-29	0.028228671379444847
2319	30-34	0.0620125302667347
2319	35-39	0.046941502443289096
2319	40-44	0.056870783512565026
2319	45-49	0.041616415775088456
2319	50-54	0.041993862314448904
2319	55-59	0.006558801175010842
2319	60-64	0.02250673711650819
2319	65-69	0.021275880590351903
2319	70-74	0.01664515035714942
2319	75-79	0.0014826761200481542
2319	80-84	-0.013167313380442636
2319	85-89	-0.016758287759358836
2319	90-94	0.014510200416985697
2319	95-99	-0.01743749903754832
2319	100-104	-0.025712974348387263
2319	105-109	-0.05278492140980262
2319	110-114	-0.04009657021219226
2319	115-119	-0.12694468447156737
2319	120-124	-0.07097713505702785
2319	125-129	-0.05944459827448867
2319	130-134	-0.1282028603908998
2319	135-139	-0.16699184917560927
2319	140-144	-0.14887196707068284
2319	145-149	-0.09948544700635154
2319	150	-0.20489900595768518
2320	1	0.1070113723253101
2320	2	0.03596567602424727
2320	3	0.03217830269358757
2320	4	0.011071601335956416
2320	5	0.025885639427514207
2320	6	0.052849951421151786
2320	7	0.10514005162600171
2320	8	0.04021181613261149
2320	9	0.045484203838739745
2320	10-14	0.04214635093559593
2320	15-19	0.05001861193611745
2320	20-24	0.04480509078150874
2320	25-29	0.01467242285522019
2320	30-34	0.03902486660427229
2320	35-39	0.02837153664291492
2320	40-44	0.04444457249100253
2320	45-49	0.043485453229727966
2320	50-54	0.02369209490823465
2320	55-59	0.02573508977903316
2320	60-64	0.014517331121133736
2320	65-69	0.011591741533891309
2320	70-74	0.020262894086769734
2320	75-79	0.04161683478461953
2320	80-84	0.004782742586876054
2320	85-89	3.0197937767439953E-4
2320	90-94	0.01155270099404504
2320	95-99	0.0435333064955401
2320	100-104	0.03296451902179598
2320	105-109	0.03231683619721082
2320	110-114	0.01316240031371052
2320	115-119	-0.08764737564064973
2320	120-124	0.010092959212528285
2320	125-129	-0.009393032847668792
2320	130-134	-0.057625973349985316
2320	135-139	-0.09982406545732658
2320	140-144	-0.05379462797986889
2320	145-149	-0.0735536253237754
2320	150	-0.2043126047642474
2321	1	0.0612031967082487
2321	2	0.05100237413262221
2321	3	0.014620271905670279
2321	4	-0.02665863831153814
2321	5	0.010497869680222038
2321	6	-0.04234597653469763
2321	7	0.07578717433762705
2321	8	0.043221360832347955
2321	9	-0.04497409455667878
2321	10-14	0.015084046841785437
2321	15-19	0.01882944621966942
2321	20-24	0.04254252594689234
2321	25-29	2.3167610746099854E-4
2321	30-34	-0.014736290558793996
2321	35-39	0.0273756924413604
2321	40-44	-0.0073761933480867015
2321	45-49	0.0343212261724446
2321	50-54	0.02668860256749639
2321	55-59	-0.004506936881142565
2321	60-64	-0.02630346083071089
2321	65-69	-0.03193019367355987
2321	70-74	0.0014220107789171266
2321	75-79	-0.017396895694879788
2321	80-84	-0.04095003483467252
2321	85-89	-0.026904660615279852
2321	90-94	-0.027216362534453253
2321	95-99	-0.050155044405883586
2321	100-104	-0.07990449063702698
2321	105-109	-0.029666824948058945
2321	110-114	-0.07846590476463433
2321	115-119	-0.02463908822226557
2321	120-124	-0.09192493867107743
2321	125-129	-0.026119671834798908
2321	130-134	-0.09145190951683446
2321	135-139	-0.13819459014018065
2321	140-144	-0.08648003587578756
2321	145-149	-0.1383930946736669
2321	150	-0.1845094563383185
2322	1	0.07902499969715393
2322	2	0.01056321715440589
2322	3	-0.003274029753796981
2322	4	-0.019789761146824958
2322	5	0.046245146816737304
2322	6	-0.02257065450655915
2322	7	0.05289505620748258
2322	8	0.036947024504804915
2322	9	0.018415095412962046
2322	10-14	0.03228033052501189
2322	15-19	0.035273425232560385
2322	20-24	0.0625194861151428
2322	25-29	0.03571961366419174
2322	30-34	-3.846239843596777E-5
2322	35-39	0.010995817516118223
2322	40-44	-0.018293186735732547
2322	45-49	0.012561859349062843
2322	50-54	0.0023033481244851828
2322	55-59	0.006231222140911541
2322	60-64	0.016447808744857184
2322	65-69	0.03669336150667846
2322	70-74	-0.0017962058540277326
2322	75-79	0.0031589543932639685
2322	80-84	0.02496650664890865
2322	85-89	0.026713428870131395
2322	90-94	-0.012611961296016716
2322	95-99	-0.01159208964204339
2322	100-104	-0.025947616998301726
2322	105-109	-0.026163244234844285
2322	110-114	-0.04588016465815059
2322	115-119	-0.0977307733329269
2322	120-124	-0.01280915082443812
2322	125-129	-0.04248890154936902
2322	130-134	-0.014823155903833651
2322	135-139	-0.05667615366681389
2322	140-144	-0.03913050093277093
2322	145-149	-0.0808824797785519
2322	150	-0.36124226591564224
2323	1	0.04116759881151211
2323	2	0.031323794463041565
2323	3	0.04936552090501323
2323	4	0.013587412947678956
2323	5	0.032292642170816066
2323	6	-0.030857478786394665
2323	7	0.06045263578766935
2323	8	0.0024720480023106006
2323	9	0.04051567855828608
2323	10-14	0.017006872381401195
2323	15-19	0.011874225814580086
2323	20-24	1.1488644209833865E-4
2323	25-29	-0.028825638909566464
2323	30-34	0.015464924758141763
2323	35-39	0.010153234491191654
2323	40-44	-0.01262884634296313
2323	45-49	-0.006970515333101446
2323	50-54	-0.010259786328084886
2323	55-59	-0.034890490334575475
2323	60-64	-0.04382104259001807
2323	65-69	-0.016501965850267197
2323	70-74	-0.0413639135509456
2323	75-79	-0.014556585599237337
2323	80-84	-0.01290143839566582
2323	85-89	-0.0156588819993857
2323	90-94	-0.0327420031041612
2323	95-99	-0.061942978891593725
2323	100-104	-0.04235643583101023
2323	105-109	-0.08484889758614855
2323	110-114	-0.08361395625801293
2323	115-119	-0.1041406202373949
2323	120-124	-0.08827669499582669
2323	125-129	-0.0247922252588495
2323	130-134	-0.062371133209239815
2323	135-139	-0.14961844592728823
2323	140-144	-0.12434638998505676
2323	145-149	-0.12734195643245982
2323	150	-0.281096640738248
2324	1	0.1024932172344819
2324	2	0.09195497574565081
2324	3	0.07783628572862256
2324	4	0.008552277291038024
2324	5	0.12308526448865109
2324	6	0.02167477707898513
2324	7	0.09459436921792275
2324	8	0.039902049044130194
2324	9	0.03569636843253221
2324	10-14	0.07371933748304116
2324	15-19	0.06828494688188869
2324	20-24	0.07266696416166951
2324	25-29	0.05073111270326791
2324	30-34	0.06086223945752067
2324	35-39	0.06498114064870464
2324	40-44	0.0398018975439598
2324	45-49	0.07534069755588035
2324	50-54	0.04814879082940138
2324	55-59	0.03012811199279497
2324	60-64	0.044173593100182984
2324	65-69	0.04444417918249144
2324	70-74	0.02436461646458099
2324	75-79	0.0433354769971217
2324	80-84	0.04673229442075666
2324	85-89	0.030667659712982243
2324	90-94	0.012682651640119502
2324	95-99	-7.310886224374258E-4
2324	100-104	0.05784086601534
2324	105-109	0.03151515820594142
2324	110-114	-0.015319965088458787
2324	115-119	-0.04244459888617058
2324	120-124	-0.05079901291571787
2324	125-129	-0.0596121590592773
2324	130-134	-0.01128202000545997
2324	135-139	-0.07404370430760565
2324	140-144	-0.07090239186953085
2324	145-149	-0.048609999294065176
2324	150	-0.17210449032245378
2325	1	0.01404766732829188
2325	2	0.023583245025307065
2325	3	0.10066079727091903
2325	4	0.027805136906955852
2325	5	0.04854247614588303
2325	6	-0.043398923367185205
2325	7	0.028881650570141915
2325	8	0.13075427736228562
2325	9	0.06179998758979366
2325	10-14	0.0694509532444414
2325	15-19	0.0679084616541985
2325	20-24	0.07710451697362686
2325	25-29	0.03250828911892967
2325	30-34	0.049513336749413384
2325	35-39	0.0028451073546591488
2325	40-44	0.009687582921245053
2325	45-49	0.0620438584630989
2325	50-54	0.05112797429583793
2325	55-59	-0.0016009488311610198
2325	60-64	-0.01274610641933549
2325	65-69	-0.006708802096653699
2325	70-74	-0.023216410125641573
2325	75-79	0.05025659098541979
2325	80-84	-0.03404017394269232
2325	85-89	0.007834254520851403
2325	90-94	-0.021275801201632305
2325	95-99	-0.03171978148203891
2325	100-104	-0.037856622730167544
2325	105-109	-0.040410512831762446
2325	110-114	-0.04678414652875773
2325	115-119	-0.062125829661340504
2325	120-124	-0.02512584641021931
2325	125-129	-0.08773633976726813
2325	130-134	-0.07901231042382051
2325	135-139	-0.1462984403890104
2325	140-144	-0.0946730742177806
2325	145-149	-0.11526147106538787
2325	150	-0.3000479690962905
2326	1	0.021113826513683875
2326	2	0.038529666231625015
2326	3	0.057900889545948075
2326	4	-3.418193815960535E-4
2326	5	0.06742159492252853
2326	6	0.06732715436401548
2326	7	0.04182650040367264
2326	8	0.07834639164280333
2326	9	0.015168229863490978
2326	10-14	0.03894735178974429
2326	15-19	0.0639880465106728
2326	20-24	0.051958073498354906
2326	25-29	0.017369953425401263
2326	30-34	0.013643230626868785
2326	35-39	0.03064454247593318
2326	40-44	0.061362462441493903
2326	45-49	0.03863822002626449
2326	50-54	-7.748264173841335E-4
2326	55-59	0.015189617913762277
2326	60-64	-5.633817969368238E-4
2326	65-69	-0.0016557063197595312
2326	70-74	-0.015549039320866598
2326	75-79	-5.7360515299365034E-5
2326	80-84	-0.04274093720330541
2326	85-89	0.009851169517737901
2326	90-94	-0.06333839578588396
2326	95-99	-0.026151037059086946
2326	100-104	-0.06141465609911023
2326	105-109	-0.009536268133579995
2326	110-114	-0.04280465278680623
2326	115-119	-0.0639998846029286
2326	120-124	-0.04105650527335314
2326	125-129	-0.09405056100462872
2326	130-134	-0.08642555167030963
2326	135-139	-0.12764649005192297
2326	140-144	-0.09304012620010838
2326	145-149	-0.08721724052836777
2326	150	-0.228649745280741
2327	1	0.0130704424833894
2327	2	0.012834056839764685
2327	3	0.04759579021385463
2327	4	0.0276642933624629
2327	5	0.06915936073355766
2327	6	0.050055425172502055
2327	7	0.08644889924440236
2327	8	0.08440674075262677
2327	9	0.07007421320214746
2327	10-14	0.025120856271477976
2327	15-19	0.06974121441181325
2327	20-24	0.05331864629916794
2327	25-29	0.023198524492379136
2327	30-34	0.06407584964661339
2327	35-39	0.02146011288797922
2327	40-44	0.014596148343898108
2327	45-49	0.035031523850513224
2327	50-54	0.04861738584543218
2327	55-59	0.043792881207878054
2327	60-64	0.033262696080441856
2327	65-69	0.032860390256530536
2327	70-74	0.01638950418813323
2327	75-79	0.026358983165188477
2327	80-84	-0.0084922320482832
2327	85-89	0.028397538731276484
2327	90-94	-0.021637686112754295
2327	95-99	-0.010526331701569802
2327	100-104	-0.04005179260123981
2327	105-109	0.006447481838733893
2327	110-114	-0.0531818900922687
2327	115-119	-0.03700625995452356
2327	120-124	-0.021969329063693976
2327	125-129	-0.09243289859136183
2327	130-134	-0.0881661017539983
2327	135-139	-0.07316376678015502
2327	140-144	-0.11408370955901859
2327	145-149	-0.10652877849098275
2327	150	-0.20026244029848073
2328	1	0.09389305359039923
2328	2	0.10260222599093538
2328	3	0.02068154930321242
2328	4	0.026500505465335777
2328	5	0.07302529659121149
2328	6	-0.029757513907462396
2328	7	0.09046080948166946
2328	8	0.03327035723958005
2328	9	0.08920557087137126
2328	10-14	0.046089519356691255
2328	15-19	0.06393630627612623
2328	20-24	0.07721895832815306
2328	25-29	0.04356110449763406
2328	30-34	0.007585214936653983
2328	35-39	0.04316661126664911
2328	40-44	0.023838915313390885
2328	45-49	0.022084544098596837
2328	50-54	0.011773465150419327
2328	55-59	-0.007371844868821142
2328	60-64	-0.026051127655151163
2328	65-69	-0.007768598397980497
2328	70-74	-0.018150056681491833
2328	75-79	-0.024299940095986017
2328	80-84	-0.03762100924667067
2328	85-89	-0.026636036330117463
2328	90-94	-0.01954808354024351
2328	95-99	-0.06254792420636335
2328	100-104	-0.011387932670999135
2328	105-109	-0.08999164013459904
2328	110-114	-0.06273075166065922
2328	115-119	-0.10797062013482872
2328	120-124	-0.06159671085512741
2328	125-129	-0.1139427163701825
2328	130-134	-0.07280431777025598
2328	135-139	-0.17665494601589415
2328	140-144	-0.19504604899594824
2328	145-149	-0.20341807400208722
2328	150	-0.15698240425711418
2329	1	0.07692337228483126
2329	2	0.09127934679150229
2329	3	0.025031393274197455
2329	4	0.021206940053538403
2329	5	0.03654174073569294
2329	6	0.01289506283277575
2329	7	0.08493488576613117
2329	8	0.008171532725569364
2329	9	0.06742904462928578
2329	10-14	0.020044103056058304
2329	15-19	0.04343213066913165
2329	20-24	0.04205941933236801
2329	25-29	0.06394205844500078
2329	30-34	0.013130888155465925
2329	35-39	0.042663767322302704
2329	40-44	0.0374144952494504
2329	45-49	0.024729008936759556
2329	50-54	0.04245998931818207
2329	55-59	0.020329443449710993
2329	60-64	0.026587521875086395
2329	65-69	0.012158650401275395
2329	70-74	0.016047611651508475
2329	75-79	-0.003955360796439322
2329	80-84	0.026457327316812496
2329	85-89	0.006971890244145129
2329	90-94	-0.0019252906067706022
2329	95-99	0.0190760615717096
2329	100-104	-0.03284615534334279
2329	105-109	0.0373544778163577
2329	110-114	-0.0072585246853975605
2329	115-119	-0.041985180090961194
2329	120-124	-0.057375689528299745
2329	125-129	-0.06540610852263029
2329	130-134	-0.03310342177466907
2329	135-139	-0.0806433264496178
2329	140-144	-0.06424667642051674
2329	145-149	-0.0796274000667978
2329	150	-0.2160113199112743
2330	1	0.006948195253698941
2330	2	0.04398875287614601
2330	3	0.01178480566532869
2330	4	-0.01106132137211091
2330	5	0.01765437124932845
2330	6	0.1001607877539783
2330	7	-0.008806788132474708
2330	8	0.0021769314911708193
2330	9	0.019656527654902334
2330	10-14	0.02613268535974811
2330	15-19	0.03697493699423404
2330	20-24	-0.01303652548229195
2330	25-29	0.004007577991167466
2330	30-34	0.014896571398224978
2330	35-39	0.03067611181437968
2330	40-44	-0.01814246947522946
2330	45-49	0.02413630558044133
2330	50-54	0.0030466863751641426
2330	55-59	0.00397786245569165
2330	60-64	0.027882443189753303
2330	65-69	-0.011458328223056924
2330	70-74	9.874872911979082E-4
2330	75-79	-0.029170452281924497
2330	80-84	-0.013901015302550945
2330	85-89	-0.01399184592462177
2330	90-94	-0.06793037793462986
2330	95-99	-0.04668961757990786
2330	100-104	-0.04716202532090108
2330	105-109	-0.03475991597697714
2330	110-114	-0.018636485836992733
2330	115-119	-0.09071986837451362
2330	120-124	-0.04106718052754843
2330	125-129	-0.03178961316377382
2330	130-134	-0.10565977334032084
2330	135-139	-0.11472935639571347
2330	140-144	-0.09412925569779418
2330	145-149	-0.11270683152159933
2330	150	-0.24490567245572947
2331	1	0.09506603352915732
2331	2	0.023463827989331776
2331	3	0.11153296986370265
2331	4	0.011611769043646802
2331	5	0.020186674653899672
2331	6	0.04757387983806893
2331	7	0.1432365183114186
2331	8	0.0386102820024945
2331	9	0.08074865114605245
2331	10-14	0.06033696150197443
2331	15-19	0.08179398214709721
2331	20-24	0.05633054835558937
2331	25-29	0.08606352228331104
2331	30-34	0.09377910824091629
2331	35-39	0.11316736971911467
2331	40-44	0.10782819352179729
2331	45-49	0.09847489756192118
2331	50-54	0.054052890921518326
2331	55-59	0.07675654121075581
2331	60-64	0.07848892684857134
2331	65-69	0.0716776544099531
2331	70-74	0.05804023309977424
2331	75-79	0.04765531889805885
2331	80-84	0.04992915084971372
2331	85-89	0.045641897002255405
2331	90-94	0.03363096821242806
2331	95-99	0.0426917240534479
2331	100-104	-0.007501021078944348
2331	105-109	-0.022655741111528016
2331	110-114	-0.015648539258314997
2331	115-119	-0.009364110515591051
2331	120-124	-0.022054844104395954
2331	125-129	-0.019833515293242954
2331	130-134	-0.0018931367479311234
2331	135-139	0.01221775245661405
2331	140-144	-0.05745088855179148
2331	145-149	-0.05236747753340154
2331	150	-0.16531978907806888
2332	1	0.03469426458465108
2332	2	0.08267359362475446
2332	3	0.12220384013577501
2332	4	0.0417418507090801
2332	5	0.13537129145808535
2332	6	0.04514905042552897
2332	7	0.084992467465824
2332	8	0.060059438657248165
2332	9	0.09606506216088206
2332	10-14	0.09710068853744502
2332	15-19	0.07042590988956476
2332	20-24	0.05989390612413814
2332	25-29	0.06581412940926157
2332	30-34	0.058951522259008016
2332	35-39	0.07941474153568606
2332	40-44	0.047172774617678215
2332	45-49	0.029261725036356268
2332	50-54	0.04271377431119561
2332	55-59	0.020617791188811907
2332	60-64	0.039487854095412445
2332	65-69	0.03702190673286765
2332	70-74	0.03816395324523114
2332	75-79	0.029288949673514253
2332	80-84	0.06052450017855193
2332	85-89	0.0654593864535542
2332	90-94	0.014819385307951904
2332	95-99	-0.0027809907950029356
2332	100-104	0.02046943358412534
2332	105-109	-0.007083166024216325
2332	110-114	-0.04383937551712336
2332	115-119	-0.04697277102879127
2332	120-124	0.02015210505175702
2332	125-129	-0.02128470420037587
2332	130-134	-0.02448742881102106
2332	135-139	-0.03963531452918545
2332	140-144	-0.009798217309203494
2332	145-149	-0.10213369124496552
2332	150	-0.1854212306826355
2333	1	0.0221958781442666
2333	2	0.06275655883413123
2333	3	0.016516002548108588
2333	4	-0.0223228621404985
2333	5	0.049834826109517394
2333	6	0.05114594627850266
2333	7	0.05714971709691952
2333	8	0.07433094640684601
2333	9	0.0707468651128309
2333	10-14	0.022758822548588853
2333	15-19	0.03814333024497785
2333	20-24	0.03961327741435383
2333	25-29	0.02762451531778254
2333	30-34	0.019051478306998604
2333	35-39	0.03965424237494375
2333	40-44	0.02824255322888547
2333	45-49	0.06525467966585552
2333	50-54	0.03312058158056175
2333	55-59	0.046608300453470974
2333	60-64	0.03662430816666529
2333	65-69	0.0851086242259882
2333	70-74	-0.007471465417822287
2333	75-79	0.022722295143815074
2333	80-84	0.03121152270183103
2333	85-89	0.06585979305512524
2333	90-94	0.02734413127726043
2333	95-99	0.011328980706423408
2333	100-104	-0.004500485268977172
2333	105-109	-0.01836926138300754
2333	110-114	0.0013544969981538202
2333	115-119	-0.02100904711140572
2333	120-124	-0.044344538692712376
2333	125-129	-0.020262163266096422
2333	130-134	-0.06061790902869291
2333	135-139	-0.1108042157519975
2333	140-144	-0.049735225040457465
2333	145-149	-0.12452321963019841
2333	150	-0.2628372029019701
2334	1	-0.007750297789513638
2334	2	0.031920536763408336
2334	3	-0.04649539037109918
2334	4	0.023501747988177613
2334	5	0.052640342591921296
2334	6	-0.009682751999193329
2334	7	-0.025554541517870177
2334	8	0.02175816026900179
2334	9	0.017356801446204884
2334	10-14	0.028650548071567528
2334	15-19	0.020323298279564028
2334	20-24	0.01964169189946574
2334	25-29	0.03544600217809801
2334	30-34	0.025228969145210556
2334	35-39	0.04386026253985875
2334	40-44	0.03182025606606942
2334	45-49	0.05733991043931752
2334	50-54	0.05205408372398068
2334	55-59	0.008204570286103774
2334	60-64	0.008490656517828654
2334	65-69	0.03641987908870448
2334	70-74	0.02373247245076726
2334	75-79	0.057922579218207204
2334	80-84	0.006486341077753366
2334	85-89	0.03192023002382882
2334	90-94	0.007903776156076958
2334	95-99	-0.013260927395656097
2334	100-104	0.009685338981832103
2334	105-109	0.019391074095331362
2334	110-114	-0.03418016631344756
2334	115-119	-0.07515805160044664
2334	120-124	-0.08024655416250681
2334	125-129	-0.052720763051276265
2334	130-134	-0.07774184599546174
2334	135-139	-0.08294928392245282
2334	140-144	-0.10991235585382242
2334	145-149	-0.06264981521486135
2334	150	-0.10594457661233747
2335	1	0.0750511027777847
2335	2	0.024830005818728296
2335	3	0.09403752341651028
2335	4	0.058640180282303334
2335	5	0.04258740918645998
2335	6	0.058823969347706395
2335	7	0.06052820594899089
2335	8	0.03714670744929549
2335	9	0.09296227710129301
2335	10-14	0.04892237263742061
2335	15-19	0.06076230511054348
2335	20-24	0.04741525413269443
2335	25-29	0.045463896345601995
2335	30-34	0.05735057059128934
2335	35-39	0.061373148646858056
2335	40-44	0.03524556964764969
2335	45-49	0.0363273535559685
2335	50-54	0.04130815205639493
2335	55-59	0.029190144257924544
2335	60-64	0.0121713312345193
2335	65-69	0.04496879785452279
2335	70-74	0.024729555276813642
2335	75-79	0.009101433712665141
2335	80-84	0.027093010726673583
2335	85-89	0.07357797787455667
2335	90-94	0.033432527187130745
2335	95-99	0.03517718925622404
2335	100-104	0.04795174602148933
2335	105-109	0.05503893091012202
2335	110-114	0.048093968889055816
2335	115-119	0.007708152926035439
2335	120-124	-1.6547436806035876E-4
2335	125-129	0.005589051783623233
2335	130-134	0.0104326810181945
2335	135-139	-0.03377335167731843
2335	140-144	-0.06464787931299298
2335	145-149	0.02438524914291662
2335	150	-0.08638665564053127
2336	1	0.05130821963382459
2336	2	0.03953812697129422
2336	3	0.030447061665810793
2336	4	0.03697344077073694
2336	5	-0.03125108208837446
2336	6	0.04364460675358828
2336	7	0.06107899018140017
2336	8	-0.0031828953506050084
2336	9	0.03645502728464578
2336	10-14	0.004184077058326352
2336	15-19	0.02914172281507632
2336	20-24	0.03532679768582625
2336	25-29	0.027767397975395625
2336	30-34	0.028624616367366684
2336	35-39	-0.0011387563748357366
2336	40-44	-0.0030487487893395837
2336	45-49	0.056253072235968204
2336	50-54	-0.0074580931827910035
2336	55-59	0.08032860765118244
2336	60-64	0.07727442425883169
2336	65-69	0.05524614878394374
2336	70-74	0.0193904742142621
2336	75-79	0.044869107074511305
2336	80-84	0.013494073157275466
2336	85-89	0.029781922006719697
2336	90-94	-0.03388108751181562
2336	95-99	-0.0038880223298392025
2336	100-104	-0.007143814434904527
2336	105-109	0.014850956513043911
2336	110-114	-0.03379463677573824
2336	115-119	-0.03408281028340099
2336	120-124	-0.036557433852564714
2336	125-129	-0.0631269605513225
2336	130-134	-0.06704762862147362
2336	135-139	-0.05600871655570927
2336	140-144	-0.05802241918226514
2336	145-149	-0.05093865095722805
2336	150	-0.12674147152136328
2337	1	0.006755439030044386
2337	2	0.07459917719363318
2337	3	0.08448499169602286
2337	4	-0.014560056211117
2337	5	-0.02111881596658094
2337	6	0.014179329912899163
2337	7	0.031166271679062163
2337	8	-0.020788405381736652
2337	9	-0.03975483620641285
2337	10-14	-0.015314090319726859
2337	15-19	0.02559792916977699
2337	20-24	0.02055498359970187
2337	25-29	0.03451605342775821
2337	30-34	0.015386240730570933
2337	35-39	0.020613894318358916
2337	40-44	0.01669064855654767
2337	45-49	0.07562645458264683
2337	50-54	0.03375478315173552
2337	55-59	0.0234966952082587
2337	60-64	-0.0030772518518773495
2337	65-69	0.03081365728026242
2337	70-74	0.015316837757289647
2337	75-79	0.01854843833559272
2337	80-84	0.0011788916059671806
2337	85-89	0.03156172863105411
2337	90-94	-0.025864117506884554
2337	95-99	-0.005255734614280527
2337	100-104	-0.019529551417228674
2337	105-109	-0.005414208514686436
2337	110-114	-0.0035659185321961218
2337	115-119	-0.030360090596168732
2337	120-124	-0.04481498838549669
2337	125-129	-0.005280328125664369
2337	130-134	-0.05287969309078733
2337	135-139	-0.11735836601702943
2337	140-144	-0.07564100253362227
2337	145-149	-0.07069865175453316
2337	150	-0.16767292343981666
2338	1	-0.01126459327046092
2338	2	0.07938746922465612
2338	3	0.003562862604930217
2338	4	0.037198863049447084
2338	5	0.05058700878413447
2338	6	-0.005907822873751911
2338	7	0.08032114147034974
2338	8	0.01905510356822049
2338	9	0.05842593819552633
2338	10-14	0.04122738641574131
2338	15-19	0.022503712282635036
2338	20-24	0.037545513478924875
2338	25-29	0.0389726637191643
2338	30-34	0.03718524578508209
2338	35-39	0.062002118158034136
2338	40-44	0.05726187267858052
2338	45-49	0.029744769695248863
2338	50-54	0.01614044576411544
2338	55-59	0.007294567064619173
2338	60-64	0.061973109393989034
2338	65-69	0.0213335633582048
2338	70-74	-0.01400392276951834
2338	75-79	0.014023886020531506
2338	80-84	0.0065365876607756945
2338	85-89	0.006145764499457584
2338	90-94	0.002796782606495185
2338	95-99	0.020406478837109887
2338	100-104	-0.009275604079149957
2338	105-109	0.011605642399324267
2338	110-114	-0.029978835245870528
2338	115-119	-0.05139206136988861
2338	120-124	-0.0270042299842288
2338	125-129	-0.005397175939897636
2338	130-134	-0.05847539815758296
2338	135-139	-0.08320594276190718
2338	140-144	-0.07995827557765267
2338	145-149	-0.10144710482685326
2338	150	-0.12116492529232659
2339	1	-0.0351934645236085
2339	2	0.10888739927599289
2339	3	0.0780725449106896
2339	4	-0.02285933723685929
2339	5	0.0188343697351101
2339	6	-0.02567565320087084
2339	7	0.10730098514724773
2339	8	0.05005147335094762
2339	9	0.018628141634700057
2339	10-14	0.07409669572351163
2339	15-19	0.08792724366325189
2339	20-24	0.04356031264513405
2339	25-29	0.05707511673968213
2339	30-34	0.030519705618502257
2339	35-39	0.04983755196893469
2339	40-44	0.04255429492293672
2339	45-49	0.058116298578447356
2339	50-54	0.041931898398878786
2339	55-59	0.060794440208553624
2339	60-64	0.0665655857128371
2339	65-69	0.04804761457910445
2339	70-74	0.02447992457940984
2339	75-79	0.0033661925843873064
2339	80-84	-0.012551124473688446
2339	85-89	0.039420850955643516
2339	90-94	-0.017906038639779354
2339	95-99	0.017583447966977417
2339	100-104	0.012841615410792429
2339	105-109	2.512577410627159E-4
2339	110-114	0.00997524448361986
2339	115-119	-0.054151932524568736
2339	120-124	0.006065927468291932
2339	125-129	-0.0038435168258956764
2339	130-134	0.0028750366785317283
2339	135-139	-0.07804758734055639
2339	140-144	-0.01580662437103797
2339	145-149	-0.08488626801865706
2339	150	-0.15507798602511969
2340	1	0.06879003312888443
2340	2	0.05293122274954243
2340	3	0.04728644154494077
2340	4	0.04034543348980435
2340	5	0.0791908787987623
2340	6	0.08469613697871381
2340	7	0.033253099286497445
2340	8	0.05436911178339443
2340	9	0.013026134840579573
2340	10-14	0.050044571396853144
2340	15-19	0.043097191053448114
2340	20-24	0.030089122265060553
2340	25-29	0.05382021389110747
2340	30-34	0.03741602922098508
2340	35-39	0.06120375919596199
2340	40-44	0.051514097412940885
2340	45-49	0.06870863990952358
2340	50-54	0.03976405514916337
2340	55-59	0.07366247299441397
2340	60-64	0.06043278967108989
2340	65-69	0.06461718641858027
2340	70-74	0.05396793802175637
2340	75-79	0.04576878647521454
2340	80-84	0.032268791033693844
2340	85-89	0.044871065331463456
2340	90-94	0.013307810201688142
2340	95-99	0.04851349567172747
2340	100-104	0.05938017224458747
2340	105-109	0.017013032060980038
2340	110-114	0.017657281563280947
2340	115-119	-0.002547176387274419
2340	120-124	0.047731921262780475
2340	125-129	0.04974658956337663
2340	130-134	0.027959686514584803
2340	135-139	-0.08542079495369848
2340	140-144	-0.02565783786772613
2340	145-149	-0.024647228603434712
2340	150	-0.11119791574456173
2341	1	0.08453099998786939
2341	2	0.06160415741381087
2341	3	-0.0013897492219712149
2341	4	-6.06671275299675E-4
2341	5	0.001640180262988622
2341	6	-0.023040159408026284
2341	7	0.060438503806373944
2341	8	0.02061401140385044
2341	9	0.02122947845099077
2341	10-14	0.0436449051473744
2341	15-19	0.010419046624946304
2341	20-24	0.03089592344947789
2341	25-29	0.039738689221046286
2341	30-34	0.020763302743780798
2341	35-39	0.025906283693046817
2341	40-44	0.03129227542000024
2341	45-49	0.031561291089346355
2341	50-54	-0.005005321205416635
2341	55-59	0.004792035353865742
2341	60-64	-0.004828766949486862
2341	65-69	0.025038241192334
2341	70-74	-0.020226125696105157
2341	75-79	0.013608362367847349
2341	80-84	-0.01072407606644532
2341	85-89	0.029419026705937767
2341	90-94	0.02066914601780212
2341	95-99	0.02431505656593913
2341	100-104	0.02157905906448576
2341	105-109	-0.022667259360197534
2341	110-114	-0.013909514329959904
2341	115-119	-0.01903750474487964
2341	120-124	-0.02355403577702475
2341	125-129	-0.005786953381566207
2341	130-134	-0.037203474754072374
2341	135-139	-0.031159472365501983
2341	140-144	-0.03174400248406073
2341	145-149	-0.044523191443161636
2341	150	-0.09687615175094777
2342	1	0.06329345262698638
2342	2	0.03836524960419041
2342	3	0.08457808763891705
2342	4	-0.02278285655858525
2342	5	0.07788536734261697
2342	6	0.07779004214429364
2342	7	0.08593590507267379
2342	8	0.04987211096554489
2342	9	0.12555901949929904
2342	10-14	0.061743483386237585
2342	15-19	0.06463830732145226
2342	20-24	0.058763455899708106
2342	25-29	0.08399998757882088
2342	30-34	0.08444244582497618
2342	35-39	0.07613171045956335
2342	40-44	0.04524412291041813
2342	45-49	0.07003886391766656
2342	50-54	0.006013570899618514
2342	55-59	0.0656318051225071
2342	60-64	0.0880207585069428
2342	65-69	0.0685156168170451
2342	70-74	0.02391608217492802
2342	75-79	0.010261356251469067
2342	80-84	0.05817005223472904
2342	85-89	0.06509904875176176
2342	90-94	0.04091117374206732
2342	95-99	0.08547306684818778
2342	100-104	0.038606335139803605
2342	105-109	0.01662986090376961
2342	110-114	0.011709000680816928
2342	115-119	-0.04317023147651611
2342	120-124	0.03126057490977274
2342	125-129	-0.03875665522508598
2342	130-134	0.0035418114395753264
2342	135-139	0.04909289190079136
2342	140-144	0.048054716665738795
2342	145-149	-0.02253045673118237
2342	150	-0.05598713742577388
2343	1	0.026809999072163748
2343	2	-0.0033916633173092237
2343	3	-0.010063459650076823
2343	4	-0.011384475953725826
2343	5	0.08420121473568543
2343	6	0.041681180865332124
2343	7	-0.0033318160650921413
2343	8	0.07937739824445345
2343	9	0.02266765367931356
2343	10-14	0.01669059149183738
2343	15-19	0.054065201518433526
2343	20-24	0.02972833860621904
2343	25-29	0.038131577349204804
2343	30-34	0.05735813785332056
2343	35-39	0.02945252002212584
2343	40-44	-0.005536757420905758
2343	45-49	0.030601748357156566
2343	50-54	0.0070904759293384245
2343	55-59	0.03371661964074235
2343	60-64	-0.0075271721732335095
2343	65-69	0.04827438754301028
2343	70-74	0.006087298484075632
2343	75-79	0.021209436437395368
2343	80-84	0.040555783440503035
2343	85-89	0.01302165373345332
2343	90-94	-0.03523060988013782
2343	95-99	-0.014792663129753691
2343	100-104	0.013741330375559357
2343	105-109	0.02363665973447837
2343	110-114	0.014866300269183341
2343	115-119	-0.05719817088911583
2343	120-124	-0.014496820485554451
2343	125-129	-0.02706695620698696
2343	130-134	-0.08388112234522538
2343	135-139	-0.030830070223608175
2343	140-144	-0.03808492333592284
2343	145-149	-0.10645066615641241
2343	150	-0.16702209601746887
2344	1	0.015485088940522473
2344	2	0.06770171838942218
2344	3	0.06711814173929298
2344	4	-0.014953873570853204
2344	5	0.005226980836880557
2344	6	0.05909757373400737
2344	7	0.07335098587236644
2344	8	-0.03749215789313354
2344	9	0.0015020752946028892
2344	10-14	0.0650222365677422
2344	15-19	0.07354673672537615
2344	20-24	0.054425335214176584
2344	25-29	0.03887785708330682
2344	30-34	0.03805168150991989
2344	35-39	0.05237687192833107
2344	40-44	-0.003643162169666425
2344	45-49	0.029050530687626974
2344	50-54	0.0241912354660343
2344	55-59	-0.026915281719304573
2344	60-64	-3.8113423786256817E-4
2344	65-69	0.03379003459262009
2344	70-74	0.04132337215181536
2344	75-79	0.02063849149266872
2344	80-84	0.010509783330967082
2344	85-89	0.022030217523720808
2344	90-94	-0.025026693293540347
2344	95-99	0.02962352141528868
2344	100-104	0.018135730513556325
2344	105-109	0.004162008932482308
2344	110-114	0.004311432585389241
2344	115-119	0.020202093533455923
2344	120-124	-0.016882586709584757
2344	125-129	-0.023649220239533975
2344	130-134	-0.010876358541736408
2344	135-139	-0.05590839632533573
2344	140-144	-0.06294916747688717
2344	145-149	-0.05241415270571537
2344	150	-0.12485319622727786
2345	1	0.04111388988323483
2345	2	0.09213485493030049
2345	3	0.08390534442524
2345	4	0.05426739645191958
2345	5	0.04035823487892998
2345	6	0.0952811100496902
2345	7	0.005688747677986328
2345	8	0.07142124058564292
2345	9	0.04450566954359658
2345	10-14	0.06716168027847402
2345	15-19	0.052445561980775324
2345	20-24	0.045137152675437164
2345	25-29	0.10450718968925798
2345	30-34	0.08024239604990413
2345	35-39	0.07776689956969562
2345	40-44	0.0698611047489095
2345	45-49	0.09480396941870595
2345	50-54	0.04529955042230682
2345	55-59	0.07173028690608874
2345	60-64	0.08404059337487269
2345	65-69	0.08181481575026339
2345	70-74	0.05767774445273233
2345	75-79	0.05517726207150986
2345	80-84	0.061281825138706836
2345	85-89	0.05739828002472791
2345	90-94	0.04137722385740972
2345	95-99	0.06255124963109182
2345	100-104	0.060728223223094346
2345	105-109	0.02051091049567333
2345	110-114	0.026245469357995432
2345	115-119	-0.024379949810196422
2345	120-124	-0.0013810587556548626
2345	125-129	0.020224760675041864
2345	130-134	-0.04064510814684752
2345	135-139	-0.0047215544512297924
2345	140-144	-0.02204995798563658
2345	145-149	-0.05764918638543293
2345	150	-0.1433756244540234
2346	1	0.06654864154238282
2346	2	0.06642826915017253
2346	3	0.08231259545760139
2346	4	0.04007194264812597
2346	5	0.05736908141339114
2346	6	0.07932422249196236
2346	7	0.03226237839464119
2346	8	0.0981977038459263
2346	9	0.07802477437939359
2346	10-14	0.047652244906508656
2346	15-19	0.07002320993716182
2346	20-24	0.06826958807680228
2346	25-29	0.0799895620649167
2346	30-34	0.030912109312723146
2346	35-39	0.052628886786870055
2346	40-44	0.04977364797760231
2346	45-49	0.042449552155957804
2346	50-54	0.057533331104103524
2346	55-59	0.06367755249874563
2346	60-64	0.09193796832380485
2346	65-69	0.08630586204139945
2346	70-74	0.05383522312610012
2346	75-79	0.00828042668282336
2346	80-84	0.0669318925291833
2346	85-89	0.05564678249793076
2346	90-94	0.02870339925595289
2346	95-99	0.0753866727173147
2346	100-104	0.03436813152737983
2346	105-109	0.01668710624807801
2346	110-114	0.013250963937558424
2346	115-119	0.03489426656616956
2346	120-124	0.016541276149887096
2346	125-129	-0.01093211527758342
2346	130-134	0.024150954642415456
2346	135-139	0.010564522237196172
2346	140-144	-0.048934718419225476
2346	145-149	-0.01831027669764751
2346	150	0.06354887318560998
2347	1	-0.00422377064938928
2347	2	0.003708319642427682
2347	3	0.029064946727700658
2347	4	-0.08033168750893793
2347	5	-0.04344198891079998
2347	6	-0.0475625823656074
2347	7	0.052180007773024784
2347	8	-0.010274565502541577
2347	9	0.07089479595020975
2347	10-14	0.00787935742559398
2347	15-19	0.0066451934386577705
2347	20-24	0.017960701452828687
2347	25-29	0.027866700144414835
2347	30-34	-0.022909273053848267
2347	35-39	0.011775829382081326
2347	40-44	-0.024302774153561302
2347	45-49	7.103146326201681E-4
2347	50-54	-0.023559128347194758
2347	55-59	0.007948368527216587
2347	60-64	-0.012493535199823214
2347	65-69	0.023366599631131635
2347	70-74	-0.045092060202023276
2347	75-79	-0.006433601273926115
2347	80-84	-0.009766124405480525
2347	85-89	-0.03303375457237223
2347	90-94	-0.016664404619604056
2347	95-99	-0.04070420564394084
2347	100-104	-0.029125391134805056
2347	105-109	-0.03851152420082826
2347	110-114	-0.046806109243505034
2347	115-119	-0.05835415186273707
2347	120-124	-0.09805107522284828
2347	125-129	-0.005876039498147634
2347	130-134	-0.0658179559320331
2347	135-139	-0.08605122670239496
2347	140-144	-0.09471872420223804
2347	145-149	-0.11888643488618555
2347	150	-0.13981791853576908
2348	1	0.049444269824910236
2348	2	0.05281383286357055
2348	3	0.04966506374216095
2348	4	0.036618368827753045
2348	5	0.05105943295095017
2348	6	0.010880503317359569
2348	7	0.120832119119477
2348	8	0.05383212369448387
2348	9	0.03758001474327699
2348	10-14	0.03018430902916691
2348	15-19	0.0477343997942441
2348	20-24	0.061120817534281
2348	25-29	0.05132453573975937
2348	30-34	0.06493730453237134
2348	35-39	0.07143609869675771
2348	40-44	0.043786734780944414
2348	45-49	0.06679536457758672
2348	50-54	0.05165960640642453
2348	55-59	0.063373673325259
2348	60-64	0.045868275323577734
2348	65-69	0.05994021410153039
2348	70-74	0.011993450414479412
2348	75-79	0.035415512273509364
2348	80-84	0.015452163282922982
2348	85-89	0.08163608776910536
2348	90-94	0.040588243593845164
2348	95-99	0.0298761173963058
2348	100-104	0.03691570387692167
2348	105-109	-0.02284900271416035
2348	110-114	-0.00603754583248417
2348	115-119	-0.01687313496432097
2348	120-124	-0.0015682603447757515
2348	125-129	-0.009536998200339042
2348	130-134	-0.07080456017370551
2348	135-139	-0.1962235671017254
2348	140-144	-0.07625233929464059
2348	145-149	-0.11866702305554355
2348	150	-0.1452230017320133
2349	1	0.12159767812410394
2349	2	0.06601610133171221
2349	3	0.07328610743708452
2349	4	0.03912821782318332
2349	5	0.03875319750728323
2349	6	0.09827306531258273
2349	7	0.030401033133138355
2349	8	0.045358071037419734
2349	9	0.053217031920176794
2349	10-14	0.05080785598080695
2349	15-19	0.08825779062518535
2349	20-24	0.07254192953038796
2349	25-29	0.06980135198395487
2349	30-34	0.08802607979276189
2349	35-39	0.05524631238744604
2349	40-44	0.05157195881892562
2349	45-49	0.08036323313320537
2349	50-54	0.05241231551030978
2349	55-59	0.0699040633478063
2349	60-64	0.10871653836123585
2349	65-69	0.07059695770656305
2349	70-74	0.060715853644332185
2349	75-79	0.05977732141226966
2349	80-84	0.0360835434142075
2349	85-89	0.03901536955184781
2349	90-94	0.08680242650918757
2349	95-99	0.07775628577606142
2349	100-104	0.0626076541344176
2349	105-109	0.10889254061870446
2349	110-114	0.07213903471832595
2349	115-119	0.04392464465240664
2349	120-124	0.04723880844062478
2349	125-129	0.04100177203181943
2349	130-134	-0.003140287667989128
2349	135-139	0.037489740074470035
2349	140-144	0.014569811076043493
2349	145-149	0.006550851795061874
2349	150	0.0037503734713482118
2350	1	0.045862755823542045
2350	2	0.019368985750318757
2350	3	0.05499286496331024
2350	4	0.1092109106204191
2350	5	0.049412800902842946
2350	6	0.0688540957684225
2350	7	0.02967228293972113
2350	8	0.05044741972749023
2350	9	0.04855637110731692
2350	10-14	-0.015028849453990745
2350	15-19	0.06565232822396894
2350	20-24	0.06339281257366736
2350	25-29	0.055815376393631766
2350	30-34	0.06238156014395457
2350	35-39	0.018828883662322937
2350	40-44	0.03332644218764358
2350	45-49	0.03955256957505782
2350	50-54	0.04115216512975195
2350	55-59	0.04700679370370153
2350	60-64	0.04406533824635517
2350	65-69	0.036204709642760236
2350	70-74	0.045894925382455654
2350	75-79	9.743991931046025E-4
2350	80-84	-0.023135319313141167
2350	85-89	0.04920550884757091
2350	90-94	-0.01662554068092703
2350	95-99	-0.015484345003692113
2350	100-104	0.04934824018318551
2350	105-109	-0.022064905822198
2350	110-114	-0.01051152726019211
2350	115-119	-0.019787780845561542
2350	120-124	0.013136985374870846
2350	125-129	0.05457706732347134
2350	130-134	-0.0084572844032067
2350	135-139	0.037760775249147116
2350	140-144	-0.027215565464722147
2350	145-149	-0.06867455970114378
2350	150	-0.09088271539662429
2351	1	0.028650443902471068
2351	2	0.08329649147417939
2351	3	0.02132817482907967
2351	4	-0.049686542896864694
2351	5	0.014516586993735814
2351	6	-0.05633202683877414
2351	7	-0.029133651010724293
2351	8	0.0774474539307306
2351	9	0.013290554961109535
2351	10-14	0.04246616775646572
2351	15-19	0.0038871717856210353
2351	20-24	-6.200975930852337E-4
2351	25-29	0.049712068111581686
2351	30-34	0.04717210678420969
2351	35-39	0.010429356703440362
2351	40-44	0.017458835657521377
2351	45-49	0.014258592764853972
2351	50-54	-0.004203066566077496
2351	55-59	0.009524400596589544
2351	60-64	0.06256700850435948
2351	65-69	-0.013478578759951176
2351	70-74	-0.019810195049203116
2351	75-79	-0.040686344095028915
2351	80-84	-0.006878915275500219
2351	85-89	0.01878407316156938
2351	90-94	-0.013494141177801566
2351	95-99	-0.026427266022203355
2351	100-104	-0.02114292864501266
2351	105-109	-0.05347645262725109
2351	110-114	-0.0918520038874604
2351	115-119	-0.09157394636226712
2351	120-124	-0.10655373445812444
2351	125-129	-0.059920938006015945
2351	130-134	-0.07846674729839265
2351	135-139	-0.04421020175072954
2351	140-144	-0.08493590944563323
2351	145-149	-0.0811355654213699
2351	150	-0.11387081370708785
2352	1	0.10894158343554494
2352	2	0.1027475371265183
2352	3	0.08021837345364702
2352	4	0.03438125798689384
2352	5	0.0700398544130465
2352	6	-0.0046060123364242145
2352	7	0.021753992578680936
2352	8	0.053658731805512616
2352	9	0.02309172027566575
2352	10-14	0.052540066265258645
2352	15-19	0.06671405764741678
2352	20-24	0.05005238514046084
2352	25-29	0.05667495916748777
2352	30-34	0.05962706273297158
2352	35-39	0.012389169530301558
2352	40-44	0.001867237857034354
2352	45-49	-0.0010785941330340165
2352	50-54	-0.05253391000083241
2352	55-59	-0.06433670718764972
2352	60-64	-0.049775954537985
2352	65-69	-0.05071224891247539
2352	70-74	-0.07446559098509908
2352	75-79	-0.08584432133083908
2352	80-84	-0.03346212306330898
2352	85-89	-0.04986879715568193
2352	90-94	-0.0771420842274182
2352	95-99	-0.0902008596497339
2352	100-104	-0.07567385066391097
2352	105-109	-0.11517727397859545
2352	110-114	-0.12673075528212507
2352	115-119	-0.09274934658457568
2352	120-124	-0.1690122414014752
2352	125-129	-0.14015820327792028
2352	130-134	-0.1434730613449986
2352	135-139	-0.13338563559192096
2352	140-144	-0.1418270451965853
2352	145-149	-0.21303984405468412
2352	150	-0.20292471528360778
2353	1	-0.045175628102818166
2353	2	-0.0164229108865257
2353	3	0.017218651348748892
2353	4	0.013041121406971001
2353	5	0.02954548872784102
2353	6	0.03957422554311307
2353	7	0.0014197626908796224
2353	8	0.02361134918609764
2353	9	-0.05764693894568751
2353	10-14	-0.030592878282462266
2353	15-19	-0.03224472860310357
2353	20-24	-0.07533337572863275
2353	25-29	-0.07941779559561013
2353	30-34	-0.11340560883548534
2353	35-39	-0.0589211209152225
2353	40-44	-0.07350648757926592
2353	45-49	-0.020765806644526208
2353	50-54	-0.034566035476991885
2353	55-59	9.151757940983885E-4
2353	60-64	-0.020692958206794287
2353	65-69	-0.019125628407834938
2353	70-74	-0.0038050333288950355
2353	75-79	-0.025397087457200485
2353	80-84	-0.02741809524972183
2353	85-89	-0.024681936945611938
2353	90-94	-0.04002304379818611
2353	95-99	-0.003994415359350967
2353	100-104	-0.04438045463530216
2353	105-109	-0.045935874096244333
2353	110-114	-0.04754905770087703
2353	115-119	-0.039868256593713625
2353	120-124	-0.036551518747145906
2353	125-129	-0.028246977218778113
2353	130-134	-0.03756557332609134
2353	135-139	-0.06713355764886586
2353	140-144	-0.05068938412360069
2353	145-149	-0.06351169388298672
2353	150	-0.07939328722048344
2354	1	0.0016393649043919822
2354	2	0.03267028723525556
2354	3	0.06655938870191136
2354	4	0.09944640508001612
2354	5	-0.007954511272160403
2354	6	-0.03636574552856331
2354	7	0.0028750195095099684
2354	8	0.040983099402787104
2354	9	-0.03803410785199901
2354	10-14	-0.08884404418958525
2354	15-19	-0.03420531376350766
2354	20-24	0.04249165577877534
2354	25-29	0.05007333978787898
2354	30-34	0.04095823395184084
2354	35-39	0.028439954005939683
2354	40-44	0.005247852998550684
2354	45-49	0.0341815214739043
2354	50-54	0.0186196694647478
2354	55-59	0.06019877439235444
2354	60-64	0.06169995648123461
2354	65-69	0.018929899082053225
2354	70-74	0.03189019030725149
2354	75-79	-0.030469581089249687
2354	80-84	0.01866540071679168
2354	85-89	0.013528774510312758
2354	90-94	-0.03487660745911825
2354	95-99	-0.018667150415261347
2354	100-104	-0.03643194598605959
2354	105-109	-0.05741672237676454
2354	110-114	-0.0488847591861159
2354	115-119	-0.09581286736419514
2354	120-124	-0.05654410054675907
2354	125-129	-0.08151053338173142
2354	130-134	-0.0497576914217035
2354	135-139	-0.07991829423628616
2354	140-144	-0.11884727746104318
2354	145-149	-0.11726755000712075
2354	150	-0.17256541871672226
2355	1	0.10576140285908764
2355	2	0.053558634440086905
2355	3	0.025760020225114033
2355	4	-0.006795293386119283
2355	5	0.007570675805773419
2355	6	0.0014272016887204586
2355	7	0.048679375500377375
2355	8	0.030296605411543
2355	9	0.06448521975408994
2355	10-14	-0.26891535166204505
2355	15-19	0.011460639371264847
2355	20-24	0.031733738265039335
2355	25-29	0.017583298991013407
2355	30-34	0.02627761420244923
2355	35-39	0.007701139910714971
2355	40-44	-0.023831134348817784
2355	45-49	0.005163420833198984
2355	50-54	-0.0027730206489451348
2355	55-59	0.015145090700450226
2355	60-64	0.002071179448179805
2355	65-69	-0.0020311640206926995
2355	70-74	-0.04757397766146454
2355	75-79	-0.014319649189523886
2355	80-84	-0.014940566681588052
2355	85-89	0.0030869482836450857
2355	90-94	-0.023194812966849554
2355	95-99	-0.03178232110903423
2355	100-104	-0.03176391239062326
2355	105-109	-0.056588520740881165
2355	110-114	-0.02219673227939012
2355	115-119	-0.04424719412101297
2355	120-124	-0.03207840546506446
2355	125-129	-0.06409392852049933
2355	130-134	-0.051658274520391956
2355	135-139	-0.05315571836856492
2355	140-144	-0.011620630684653577
2355	145-149	-0.05599580776901547
2355	150	-0.17467561719394098
2356	1	0.02121686361535069
2356	2	0.11792972439773308
2356	3	0.0313040222062142
2356	4	-0.006919575000857492
2356	5	0.005883516896851404
2356	6	0.04868574840614315
2356	7	0.04980689011657802
2356	8	0.049607349721661365
2356	9	0.023685409638304122
2356	10-14	0.08358967178642729
2356	15-19	0.05649625208631903
2356	20-24	0.07228131085761191
2356	25-29	0.06674699443250631
2356	30-34	0.06741862636411611
2356	35-39	0.07088950487570855
2356	40-44	0.04994362493267346
2356	45-49	0.05274300211110017
2356	50-54	0.04335230807095769
2356	55-59	0.050658976840175285
2356	60-64	0.05059121540278255
2356	65-69	0.03639523057000815
2356	70-74	-0.009715809855578073
2356	75-79	0.018221088942503627
2356	80-84	0.03171599910481149
2356	85-89	0.04540927330268829
2356	90-94	0.022642741776955688
2356	95-99	0.011672221073787625
2356	100-104	0.008649575900562922
2356	105-109	-0.009369746882178731
2356	110-114	-0.04534501590949702
2356	115-119	-0.032660651564576426
2356	120-124	0.013200505819760622
2356	125-129	0.015699241646082385
2356	130-134	-0.006422892648330958
2356	135-139	-0.012760121694292081
2356	140-144	-0.06619065177242334
2356	145-149	-0.04494809764748453
2356	150	0.06241510992720123
2357	1	0.030179827332140974
2357	2	0.07963560515432988
2357	3	0.08570678754584549
2357	4	0.020689179646488753
2357	5	0.06213219393015379
2357	6	0.007709398980111359
2357	7	-0.04300648338066537
2357	8	0.03737038263978576
2357	9	0.07468265515378647
2357	10-14	0.05725422170637273
2357	15-19	0.004161738259611525
2357	20-24	0.030425181790342037
2357	25-29	0.02955310857401372
2357	30-34	0.04327037268016909
2357	35-39	0.01406134128917813
2357	40-44	0.015869240281794816
2357	45-49	0.026594816271590105
2357	50-54	0.04166880241272963
2357	55-59	0.04430282063512436
2357	60-64	0.04956122815754327
2357	65-69	0.028033945324828835
2357	70-74	-0.010017324143618112
2357	75-79	0.0026229044598906626
2357	80-84	0.04980701921390107
2357	85-89	-0.004751572310489394
2357	90-94	-0.017246549655652643
2357	95-99	-0.007973508796759177
2357	100-104	-0.005507090494717204
2357	105-109	-0.012980306191799684
2357	110-114	-0.04534429675837259
2357	115-119	-0.041766624589634205
2357	120-124	-0.07648629707855292
2357	125-129	-0.04003654494243136
2357	130-134	-0.032272142288761074
2357	135-139	-0.026955866490617097
2357	140-144	-0.019425312143120266
2357	145-149	-0.05158835925567473
2357	150	-0.11114923374562835
2358	1	0.09630390279858858
2358	2	0.02269929282036287
2358	3	-0.012970488193104757
2358	4	7.360268338914011E-4
2358	5	-0.04907470530737612
2358	6	1.4657950845986534E-4
2358	7	0.025913196176681197
2358	8	0.03178735272446431
2358	9	-0.03267292964159907
2358	10-14	0.036141364744501914
2358	15-19	0.03550706049889385
2358	20-24	0.06338756799560485
2358	25-29	0.04430267707309099
2358	30-34	0.004405017582435278
2358	35-39	0.01079787544889399
2358	40-44	0.034194632475106346
2358	45-49	0.06870221794027032
2358	50-54	0.036855438242575644
2358	55-59	0.05949611850680725
2358	60-64	0.04619095156077435
2358	65-69	0.05019922834996038
2358	70-74	0.06493898054691272
2358	75-79	0.014290382895225662
2358	80-84	0.045577583270244304
2358	85-89	0.05344128523293534
2358	90-94	0.05112632840873488
2358	95-99	-0.0027038752454231485
2358	100-104	0.016640641710928605
2358	105-109	-0.02503758936647671
2358	110-114	-0.011736632346647013
2358	115-119	-0.049608309966792774
2358	120-124	0.006367227312928492
2358	125-129	-0.022909022141945456
2358	130-134	-0.0022726511586768083
2358	135-139	0.003895825969173927
2358	140-144	-0.03953252791851014
2358	145-149	-0.08467378293661199
2358	150	-0.06601987174387602
2359	1	0.10180815403941068
2359	2	0.08479380217582388
2359	3	0.03948333972780205
2359	4	0.03430061939294404
2359	5	0.07168534631411205
2359	6	0.038502318081640396
2359	7	0.02077046720934561
2359	8	0.03709914854576368
2359	9	0.02382105155871983
2359	10-14	0.014565009541151142
2359	15-19	0.028610549948226094
2359	20-24	0.024710070990686006
2359	25-29	0.02799708765204656
2359	30-34	0.03799953963266489
2359	35-39	0.06125325049224273
2359	40-44	0.08951570827564126
2359	45-49	0.0446763812184372
2359	50-54	-0.0038020763329669194
2359	55-59	0.048001999861767786
2359	60-64	0.051048530285939364
2359	65-69	0.013049185092597781
2359	70-74	0.03641928517691184
2359	75-79	2.9845729723376735E-4
2359	80-84	-0.0331938852515421
2359	85-89	0.05867375018895871
2359	90-94	0.01951053805006353
2359	95-99	0.006525206798976058
2359	100-104	-0.006539178437897419
2359	105-109	-0.0525692572546248
2359	110-114	0.01075602977793011
2359	115-119	0.024096453906778947
2359	120-124	-0.008209261529998457
2359	125-129	-0.07041434131844682
2359	130-134	0.001607397056538673
2359	135-139	0.06107096879851781
2359	140-144	-0.02222313931529385
2359	145-149	0.03999860820995593
2359	150	-0.06092838112072485
2360	1	0.061561621720493065
2360	2	0.06397739813687764
2360	3	0.04995743049572354
2360	4	-0.05725143742000682
2360	5	0.0336227419467221
2360	6	0.043467025482051724
2360	7	0.09095863607156929
2360	8	0.08822751132072426
2360	9	0.11072040933606075
2360	10-14	0.041074005542895975
2360	15-19	0.038347548707243106
2360	20-24	0.06118247751420114
2360	25-29	0.05915123388928123
2360	30-34	0.06741572483477398
2360	35-39	0.046161906092741845
2360	40-44	0.037499852138537904
2360	45-49	0.03468678497998923
2360	50-54	0.022520576623612953
2360	55-59	-0.009637986628753481
2360	60-64	0.004276883056775205
2360	65-69	0.010804749198236152
2360	70-74	-0.00976231492317936
2360	75-79	-0.024115851153005963
2360	80-84	-0.01642508775972118
2360	85-89	0.017685724571101957
2360	90-94	-0.0024137372977790506
2360	95-99	0.010262803193114678
2360	100-104	-0.04238739844911521
2360	105-109	-0.042812250257220796
2360	110-114	-0.033364238541423674
2360	115-119	-0.04116708933282354
2360	120-124	-0.04136283416290354
2360	125-129	-0.041551921988080665
2360	130-134	-0.07678143301787799
2360	135-139	-0.0368297986976458
2360	140-144	-0.08001269130576105
2360	145-149	-0.11574545403185965
2360	150	-0.051309929868082804
2361	1	0.06788353028201755
2361	2	-0.02818800763549234
2361	3	0.06525129559010878
2361	4	0.056959081553856095
2361	5	0.053597493061531054
2361	6	0.041462924281916
2361	7	0.03265990564565158
2361	8	0.0476138502633745
2361	9	0.026415637157263916
2361	10-14	0.05391831028407523
2361	15-19	0.03429617985807454
2361	20-24	0.059401570879280996
2361	25-29	0.026616983598266586
2361	30-34	0.020042678368454858
2361	35-39	0.020396185988026616
2361	40-44	0.026833476864780437
2361	45-49	-0.003462126094028406
2361	50-54	0.03421976924827419
2361	55-59	0.06134586741439563
2361	60-64	0.058961023997945006
2361	65-69	0.007547271017827484
2361	70-74	0.021743922899929657
2361	75-79	-0.028958398236987648
2361	80-84	-0.024327337839935126
2361	85-89	-0.0028796396622823295
2361	90-94	-0.05970034236895572
2361	95-99	-0.045939913270743205
2361	100-104	-0.05285421608209617
2361	105-109	-0.07980961687133714
2361	110-114	-0.06709149478273702
2361	115-119	-0.11441435326194238
2361	120-124	-0.09783741400688939
2361	125-129	-0.09959436615456951
2361	130-134	-0.10301516422652668
2361	135-139	-0.04610934524069421
2361	140-144	-0.1452314607287306
2361	145-149	-0.17563498822170942
2361	150	-0.22041623712949843
2362	1	-0.06862797613606375
2362	2	-0.07282104224451302
2362	3	0.0221229725169394
2362	4	-0.058429317463335906
2362	5	0.02455993959489433
2362	6	0.015657375858722844
2362	7	-0.01663365101072145
2362	8	0.03592529593458238
2362	9	0.028439880587313837
2362	10-14	0.010794684134111776
2362	15-19	0.007557692016838757
2362	20-24	5.118869926477032E-4
2362	25-29	-0.012282151541604946
2362	30-34	-0.019735407666651383
2362	35-39	-0.061083167381340786
2362	40-44	-0.012960239486986325
2362	45-49	-0.012205761763091516
2362	50-54	-0.02242079296298982
2362	55-59	-0.03828388456718557
2362	60-64	-0.04263530363436274
2362	65-69	-0.07015969629367191
2362	70-74	-0.08761848021298135
2362	75-79	-0.06002160421063962
2362	80-84	-0.10922477269361508
2362	85-89	-0.08957816190586954
2362	90-94	-0.061610711505352356
2362	95-99	-0.1381758209354942
2362	100-104	-0.16692327546581964
2362	105-109	-0.1342953350935332
2362	110-114	-0.1967171291283094
2362	115-119	-0.17478685580351083
2362	120-124	-0.13754121037334954
2362	125-129	-0.18100475303491237
2362	130-134	-0.2411594255257512
2362	135-139	-0.17103101099927898
2362	140-144	-0.21639063006220027
2362	145-149	-0.22138604711694398
2362	150	-0.1776232221849341
2363	1	-0.02327212549337787
2363	2	-0.05351814120814424
2363	3	-0.008026043236434077
2363	4	-0.049217346693048114
2363	5	-0.03196517263825882
2363	6	-0.02751413248382306
2363	7	-0.007777076519033699
2363	8	-0.0672064738292093
2363	9	-0.049765710284461306
2363	10-14	-0.0019300432996587347
2363	15-19	9.875712982676532E-5
2363	20-24	-0.009920181920278992
2363	25-29	-0.026561770335348456
2363	30-34	-0.03843635462408912
2363	35-39	-0.025527088407642395
2363	40-44	-0.04996378143785307
2363	45-49	-0.02305185036721724
2363	50-54	-0.0066772861913975134
2363	55-59	-0.029637257619945956
2363	60-64	-0.036245795580107654
2363	65-69	-0.06639048504883505
2363	70-74	-0.055896215745931954
2363	75-79	-0.06812208030063971
2363	80-84	-0.08164291404157353
2363	85-89	-0.08085687823852794
2363	90-94	-0.08152029305169606
2363	95-99	-0.10080727316668003
2363	100-104	-0.08468880688379699
2363	105-109	-0.1274543353671902
2363	110-114	-0.18874220375891326
2363	115-119	-0.1492615430234423
2363	120-124	-0.16664847894534773
2363	125-129	-0.14624702310057813
2363	130-134	-0.20123223345403574
2363	135-139	-0.18032197322752808
2363	140-144	-0.24257051437169963
2363	145-149	-0.22784961129509185
2363	150	-0.13335366729462095
2364	1	-0.005236947922348634
2364	2	0.028044576419389955
2364	3	0.03579311486254255
2364	4	0.04122700208716168
2364	5	0.04974386564398259
2364	6	0.025774611612433773
2364	7	0.006891096587750667
2364	8	0.05058543343282196
2364	9	0.032687640637767856
2364	10-14	0.020331904563917647
2364	15-19	0.02911762988723865
2364	20-24	0.00920256546672249
2364	25-29	0.04402178837198534
2364	30-34	-0.0021141845682066673
2364	35-39	0.0017386478247729542
2364	40-44	0.011367840801973728
2364	45-49	0.002131505055423588
2364	50-54	0.02665755705810824
2364	55-59	-0.0343031723700733
2364	60-64	-0.00366648831879246
2364	65-69	-0.02389543436942887
2364	70-74	-0.028137786258639608
2364	75-79	-0.08156783395466505
2364	80-84	-0.00968843834041877
2364	85-89	-3.0604777920473225E-4
2364	90-94	-0.04184365843980231
2364	95-99	-0.050996189751849386
2364	100-104	-0.015306498387062106
2364	105-109	-0.046425437200831254
2364	110-114	-0.09222651893425393
2364	115-119	-0.04477005943954282
2364	120-124	-0.08028993728974854
2364	125-129	-0.13385808911334607
2364	130-134	-0.11335182663699328
2364	135-139	-0.09806927387216291
2364	140-144	-0.13852630923992848
2364	145-149	-0.17403489495674052
2364	150	-0.12720748285824612
2365	1	0.013571450062386248
2365	2	0.00232055614520732
2365	3	0.053017852115978314
2365	4	0.04230753917940433
2365	5	0.012115975728939077
2365	6	-0.06118475251958699
2365	7	-0.07385545991427733
2365	8	-0.02505143663495346
2365	9	-0.008766339793965017
2365	10-14	-0.027779050740363687
2365	15-19	-0.004466582899922855
2365	20-24	0.017785858711071967
2365	25-29	-0.03679079031331156
2365	30-34	-0.0202422727545013
2365	35-39	-0.01992761657630382
2365	40-44	-0.07652143369691089
2365	45-49	-0.07270071057389771
2365	50-54	-0.06013427528859694
2365	55-59	-0.05379724222693483
2365	60-64	-0.08710566427636479
2365	65-69	-0.07693813714512743
2365	70-74	-0.08648566663816126
2365	75-79	-0.08957804566742311
2365	80-84	-0.06923828168796575
2365	85-89	-0.10961613313323681
2365	90-94	-0.11182054275140274
2365	95-99	-0.1715868234901876
2365	100-104	-0.12954405211923614
2365	105-109	-0.1728985167183339
2365	110-114	-0.24261061708398302
2365	115-119	-0.23078978619169987
2365	120-124	-0.23961848944070852
2365	125-129	-0.2697408815783149
2365	130-134	-0.2888686905898936
2365	135-139	-0.23642808971232654
2365	140-144	-0.2917734113593653
2365	145-149	-0.32440078054580823
2365	150	-0.3452274843176326
2366	1	-0.040413320318954504
2366	2	0.003985014585602187
2366	3	-0.03386653297024367
2366	4	-0.07526145717760357
2366	5	0.02598896541083917
2366	6	-0.019071183313002393
2366	7	-0.054802124887977754
2366	8	0.039710421427159304
2366	9	0.008140162105199522
2366	10-14	-0.030401654140469248
2366	15-19	-0.03406303395108523
2366	20-24	0.006746986420701262
2366	25-29	-0.020627756705415834
2366	30-34	-0.01429864587755958
2366	35-39	-0.025337973586061935
2366	40-44	-0.008373052851325724
2366	45-49	-0.019986233399954756
2366	50-54	-0.018853912011287832
2366	55-59	-0.03771585352470197
2366	60-64	-0.05925765535761229
2366	65-69	-0.06356648492345585
2366	70-74	-0.11059295952551196
2366	75-79	-0.11118299661237785
2366	80-84	-0.13368946653242375
2366	85-89	-0.10919442071772067
2366	90-94	-0.14824567856545912
2366	95-99	-0.14271777486263204
2366	100-104	-0.15814639937040909
2366	105-109	-0.1776946898259979
2366	110-114	-0.19300356309170752
2366	115-119	-0.22321481596306114
2366	120-124	-0.15410722443036207
2366	125-129	-0.19846692537966248
2366	130-134	-0.1883625626041976
2366	135-139	-0.21761099868550104
2366	140-144	-0.23446239509755173
2366	145-149	-0.25889594586909226
2366	150	-0.32998278314708784
2367	1	0.08625224597755476
2367	2	-0.011645002877486377
2367	3	0.06689854170415543
2367	4	-0.038477220191730055
2367	5	0.16314607181821827
2367	6	0.01896148445509027
2367	7	0.03444047393239913
2367	8	0.04110949182598489
2367	9	0.07163343794419319
2367	10-14	0.05357030387829553
2367	15-19	0.053646267827019756
2367	20-24	0.03215444079369689
2367	25-29	0.07012275922534883
2367	30-34	0.05012884687084096
2367	35-39	0.04307430072563534
2367	40-44	0.055432175282383866
2367	45-49	0.037113825692038915
2367	50-54	0.0507187105675726
2367	55-59	0.0028258830392857703
2367	60-64	0.03058424843088403
2367	65-69	0.02922287671901813
2367	70-74	-0.027045543358646285
2367	75-79	-0.035727295240143064
2367	80-84	0.04341956745368236
2367	85-89	-0.021588728312444516
2367	90-94	-0.03010761067790213
2367	95-99	-0.04234108324190089
2367	100-104	-0.02376489733340037
2367	105-109	-0.012175397110077313
2367	110-114	-0.10007032011569095
2367	115-119	-0.11987250773562863
2367	120-124	-0.07323927572665667
2367	125-129	-0.1143898370437455
2367	130-134	-0.12166781798265447
2367	135-139	-0.03218050795744887
2367	140-144	-0.15165074566914427
2367	145-149	-0.12999842683348817
2367	150	-0.10114632671989199
2368	1	0.047920345899946426
2368	2	0.042670495161402755
2368	3	0.013874022543973297
2368	4	0.04916986330765383
2368	5	0.03889800671345256
2368	6	-0.02230422018236311
2368	7	-0.006228506917906884
2368	8	-0.0020648899513915353
2368	9	0.03338176522988334
2368	10-14	-0.0073665210058280195
2368	15-19	0.0498118193508148
2368	20-24	0.046765993534009453
2368	25-29	0.02971082055471186
2368	30-34	-0.06939503256788981
2368	35-39	0.02920314691981929
2368	40-44	0.00871803638942481
2368	45-49	0.04539622601085114
2368	50-54	0.03385712112192607
2368	55-59	0.011103668973802883
2368	60-64	0.03025778074206187
2368	65-69	-0.0020132539100075064
2368	70-74	0.0016239408790426069
2368	75-79	-0.015860378278084397
2368	80-84	0.021052912672551827
2368	85-89	0.03632777230630069
2368	90-94	0.04064747038842853
2368	95-99	-0.04083238932240363
2368	100-104	-0.0149496405009657
2368	105-109	-0.025068196573123203
2368	110-114	-0.062184547101445276
2368	115-119	-0.036564728303190464
2368	120-124	-0.03413194934287134
2368	125-129	0.013277381950743461
2368	130-134	-0.04372866493191907
2368	135-139	-0.0366075901983578
2368	140-144	-0.05701045789935222
2368	145-149	-0.009725548925906935
2368	150	0.06880616609635126
2369	1	0.00769173337613438
2369	2	0.042386437205330196
2369	3	0.09833705763363554
2369	4	-0.020542908216441447
2369	5	0.018223381956076423
2369	6	-0.0020860987282560473
2369	7	0.03043146642910699
2369	8	0.045029186847365565
2369	9	0.001955469505446672
2369	10-14	0.012376331791841721
2369	15-19	0.023069721807061683
2369	20-24	0.00793119823875088
2369	25-29	0.03263695259784072
2369	30-34	-0.01753298369033729
2369	35-39	-0.012722157694959435
2369	40-44	0.033884050478903305
2369	45-49	0.011390055096633489
2369	50-54	0.01121141253651814
2369	55-59	-0.01201372532287337
2369	60-64	0.024496662656957824
2369	65-69	0.01587528298529861
2369	70-74	-1.7191373071057114E-4
2369	75-79	-0.0204220345782673
2369	80-84	-0.011961091745554597
2369	85-89	-0.010047962648556563
2369	90-94	0.004840624643236424
2369	95-99	-0.04529575950765974
2369	100-104	-0.034527652043713886
2369	105-109	-0.018662251461783796
2369	110-114	-0.0393298935258386
2369	115-119	-0.02554157835307791
2369	120-124	-0.004823303103279386
2369	125-129	-0.026227501423107924
2369	130-134	-0.08086076219212401
2369	135-139	-0.016001943579858846
2369	140-144	-0.11602731320764548
2369	145-149	-0.014740512232933156
2369	150	-0.02225193690172489
2370	1	0.07383667597306953
2370	2	0.04422206377951454
2370	3	0.052748614160250895
2370	4	0.01670504639351833
2370	5	0.024251265869672523
2370	6	-0.0027550732362797703
2370	7	0.025069480984029724
2370	8	0.10140703113452787
2370	9	0.02731626170353252
2370	10-14	-0.0041377707918996975
2370	15-19	0.025754437819088594
2370	20-24	0.051666315093967796
2370	25-29	0.02158366604508899
2370	30-34	0.07141172392282868
2370	35-39	0.07740692766199686
2370	40-44	0.0768240623895764
2370	45-49	0.015197563978212258
2370	50-54	0.0012376620477922984
2370	55-59	0.005699853231902807
2370	60-64	0.027765826174785957
2370	65-69	0.03285990426171992
2370	70-74	0.027736050654645794
2370	75-79	0.07333038179495333
2370	80-84	0.05633681575934446
2370	85-89	0.07242352743175928
2370	90-94	0.010100908532209019
2370	95-99	0.028640054185849806
2370	100-104	0.01603995094160382
2370	105-109	0.009167812223132898
2370	110-114	0.0014470602222544926
2370	115-119	0.011661055941523557
2370	120-124	-0.011858923192150428
2370	125-129	0.010695277360760258
2370	130-134	-0.044507614657135264
2370	135-139	0.0018083892341635988
2370	140-144	-0.017788288148125275
2370	145-149	-0.01597422196028475
2370	150	0.05218142618161181
2371	1	0.11846725372335953
2371	2	0.1061743568161333
2371	3	0.09513449361917026
2371	4	0.11859406439378972
2371	5	0.11267454424334034
2371	6	0.08801980610489579
2371	7	0.08284837865366512
2371	8	0.12683864907751286
2371	9	0.05308631881845116
2371	10-14	0.09444858638915576
2371	15-19	0.07750478538174121
2371	20-24	0.07981729726391507
2371	25-29	0.1085795035463164
2371	30-34	0.10155987762075824
2371	35-39	0.07384761015240571
2371	40-44	0.060122962916828726
2371	45-49	0.07455226383380165
2371	50-54	0.0574012332006788
2371	55-59	0.091870657401806
2371	60-64	0.08992467736175058
2371	65-69	0.07130517570102768
2371	70-74	0.06456139192757604
2371	75-79	0.01643265103314917
2371	80-84	0.07025827801257378
2371	85-89	0.04431125718386397
2371	90-94	0.0245244265019835
2371	95-99	0.06175473780357521
2371	100-104	0.05634397493113141
2371	105-109	0.06946303640732054
2371	110-114	0.017414193516735565
2371	115-119	0.0017916435567784106
2371	120-124	-0.027793959893045894
2371	125-129	0.027341378050188325
2371	130-134	0.014186197122207034
2371	135-139	0.01139456755633006
2371	140-144	-0.0014524760224219335
2371	145-149	-0.03814592725914423
2371	150	-0.012865886312191321
2372	1	0.12073891046506446
2372	2	0.10815467003848767
2372	3	0.119870681474751
2372	4	0.030384818892542853
2372	5	-0.029067081458720168
2372	6	0.07056890388675896
2372	7	0.05085269644036572
2372	8	0.06898378098325963
2372	9	-0.0016131984079734707
2372	10-14	0.04576302100447549
2372	15-19	0.021072799336977255
2372	20-24	0.07988464188647271
2372	25-29	0.05624246754286588
2372	30-34	0.045074807245825355
2372	35-39	-0.00530431249934793
2372	40-44	-0.001591286157982097
2372	45-49	0.0022179101234414134
2372	50-54	0.059744439522958714
2372	55-59	0.02871090830458911
2372	60-64	0.03829143641125654
2372	65-69	0.042508500177397934
2372	70-74	0.04359553657839399
2372	75-79	-6.50160652519105E-4
2372	80-84	0.011620190782679174
2372	85-89	-0.01673322826835033
2372	90-94	0.022912530284003196
2372	95-99	-0.024322972693418876
2372	100-104	-0.015475780719022225
2372	105-109	0.013130075817834097
2372	110-114	-0.03584060721983917
2372	115-119	0.03699146459794633
2372	120-124	-0.0170371680043786
2372	125-129	-0.014654530081671169
2372	130-134	-0.007836095162332413
2372	135-139	-1.9626861261912154E-4
2372	140-144	0.017190949675907063
2372	145-149	-0.03980123118031287
2372	150	-0.07231478608231612
2373	1	0.09019096226681711
2373	2	0.05371132634689246
2373	3	0.05724841165393002
2373	4	0.06484641069098984
2373	5	0.08476749124447025
2373	6	0.05489883132573681
2373	7	0.08391176985941229
2373	8	0.04884483346527446
2373	9	0.015616132329050458
2373	10-14	0.02996629331076406
2373	15-19	0.023708971267964785
2373	20-24	0.04533831812983635
2373	25-29	0.08425138080828987
2373	30-34	0.07178518306546522
2373	35-39	0.06644530573635876
2373	40-44	0.002912062437680163
2373	45-49	0.04396904203449736
2373	50-54	0.007566327763434799
2373	55-59	0.03157395246299188
2373	60-64	0.010401950144988348
2373	65-69	0.015550531480876373
2373	70-74	-0.0064641850609774565
2373	75-79	0.010440101381334443
2373	80-84	-0.032326170866305404
2373	85-89	-0.008499316229588771
2373	90-94	-0.0538406364117634
2373	95-99	-0.014172016380420871
2373	100-104	0.004521104671724174
2373	105-109	0.001335754506520459
2373	110-114	-0.017209435333946033
2373	115-119	-0.024431039245094155
2373	120-124	-0.05464080991573894
2373	125-129	-0.015790883839287062
2373	130-134	-0.035716425792791995
2373	135-139	-0.014763080546323692
2373	140-144	-0.06271941365403677
2373	145-149	-0.019680777265250526
2373	150	-0.022910688713885463
2374	1	0.1275255963459614
2374	2	0.09492376863930474
2374	3	0.10890793274794675
2374	4	0.09358740000345023
2374	5	0.03634942785048878
2374	6	-0.026182800397869244
2374	7	0.07901524078760502
2374	8	0.0330452135504089
2374	9	0.006120923947676715
2374	10-14	0.05964996070585471
2374	15-19	0.05989516180844845
2374	20-24	0.09670010533141493
2374	25-29	0.07478562910536368
2374	30-34	0.06698446544515946
2374	35-39	0.08921229269183328
2374	40-44	0.056735593695414366
2374	45-49	0.09320967802452884
2374	50-54	0.103066784724966
2374	55-59	0.07384939718979666
2374	60-64	0.05585911525189857
2374	65-69	0.07225015720533179
2374	70-74	0.0788273956622163
2374	75-79	0.05827505643591735
2374	80-84	0.023768756112389156
2374	85-89	0.032058757795439874
2374	90-94	1.978462023757288E-4
2374	95-99	0.048298697929553214
2374	100-104	0.047616392617037206
2374	105-109	0.06851160028767822
2374	110-114	0.021641992383166553
2374	115-119	-0.012960263620684032
2374	120-124	0.011617392097143409
2374	125-129	0.013523931354008312
2374	130-134	-0.02322719323550615
2374	135-139	-0.023762160186052483
2374	140-144	-0.060661488730914925
2374	145-149	-0.05595195186800339
2374	150	0.027891717708776298
2375	1	0.14578937698335181
2375	2	0.06097052561391081
2375	3	0.09331543101747997
2375	4	0.041259920499264524
2375	5	0.04733437960121023
2375	6	0.007566735705182737
2375	7	0.14609417146377268
2375	8	0.10326468457437699
2375	9	0.10182384314462212
2375	10-14	0.04104780272362518
2375	15-19	0.041786838014211014
2375	20-24	0.057473609616529586
2375	25-29	0.05812996271910009
2375	30-34	0.0430557647867289
2375	35-39	0.05194215093004573
2375	40-44	0.04410252822442118
2375	45-49	0.02174691042134924
2375	50-54	0.0583393706500317
2375	55-59	0.02381851656349454
2375	60-64	0.053841668409567944
2375	65-69	0.05081678639780307
2375	70-74	0.04289467139232528
2375	75-79	0.03715344356317729
2375	80-84	0.009779124059214439
2375	85-89	0.04199838923301513
2375	90-94	0.046919055370842955
2375	95-99	-0.0011018105062916561
2375	100-104	0.024147487583320526
2375	105-109	0.06864627710600502
2375	110-114	0.053220901713288526
2375	115-119	-0.0160081540947985
2375	120-124	-0.03641455119495163
2375	125-129	0.0018132073358003709
2375	130-134	-0.0148240172623062
2375	135-139	0.03657924558038417
2375	140-144	0.05742676817261838
2375	145-149	0.011429629092788218
2375	150	-0.041011876950904025
2376	1	0.13927876645685444
2376	2	0.022984979392496996
2376	3	0.11994028784615551
2376	4	0.03497570809697237
2376	5	0.05353252276349707
2376	6	0.0941274966807768
2376	7	0.096529610737079
2376	8	0.06513749076964359
2376	9	0.10528353068947638
2376	10-14	0.09539011971077827
2376	15-19	0.06739216674226611
2376	20-24	0.1009106065308103
2376	25-29	0.06499121212475956
2376	30-34	0.05288729068210074
2376	35-39	0.04381105216774017
2376	40-44	0.07312108769229297
2376	45-49	-0.016889867318695906
2376	50-54	0.03146740890466049
2376	55-59	0.044531047006543645
2376	60-64	0.07201334225719336
2376	65-69	0.023681483654883095
2376	70-74	0.07517935910523477
2376	75-79	0.05505822557464768
2376	80-84	0.02212349866729113
2376	85-89	0.04828597235889731
2376	90-94	0.02474383673134639
2376	95-99	0.02898082979436367
2376	100-104	0.052772894598994924
2376	105-109	0.07089216965577094
2376	110-114	0.01903426391133678
2376	115-119	0.043458203108563964
2376	120-124	-0.014620841859319
2376	125-129	-0.002861201509880118
2376	130-134	-0.013595079741719474
2376	135-139	0.01420896239425673
2376	140-144	0.05720482789470083
2376	145-149	0.020220218933069134
2376	150	0.08954847014614131
2377	1	0.10218989182249061
2377	2	0.043934843725864425
2377	3	0.06726132894141301
2377	4	0.07558121933382012
2377	5	0.04116793954899123
2377	6	0.018234134190983298
2377	7	0.11266959603990045
2377	8	0.023983053502185214
2377	9	0.10531668075172007
2377	10-14	0.05115682166276514
2377	15-19	0.007664958604429728
2377	20-24	0.0541353617102871
2377	25-29	0.05661489339822623
2377	30-34	0.03836378041420829
2377	35-39	0.06688681049247691
2377	40-44	0.0569448323213777
2377	45-49	0.04458103409292136
2377	50-54	0.0670194856536881
2377	55-59	0.026212400613289333
2377	60-64	0.06283323202153213
2377	65-69	0.0432950884794252
2377	70-74	0.0425245392958189
2377	75-79	-0.0021132687648304227
2377	80-84	0.04518868797217834
2377	85-89	0.04266169379931739
2377	90-94	0.006111551749228283
2377	95-99	0.04897562133457711
2377	100-104	0.0022314127073599366
2377	105-109	0.07966509962694346
2377	110-114	-0.02027480689144312
2377	115-119	-0.00935511104843556
2377	120-124	0.015084499912454419
2377	125-129	0.010174962965514567
2377	130-134	-0.020945150541479052
2377	135-139	0.0012376160405480618
2377	140-144	-0.038877780500385484
2377	145-149	-0.008171210371841653
2377	150	-0.11021107490240212
2378	1	0.11078125803572902
2378	2	0.10097786297072275
2378	3	0.08851735872248412
2378	4	0.08709985108806961
2378	5	0.04332118292185072
2378	6	0.10843697121359952
2378	7	0.11588322309945198
2378	8	0.09212004338574786
2378	9	0.061968315391126794
2378	10-14	0.07492977394523592
2378	15-19	0.10730322543258097
2378	20-24	0.07188861739668795
2378	25-29	0.10367836991947144
2378	30-34	0.06195503631317223
2378	35-39	0.045112882888709294
2378	40-44	0.07443391950694433
2378	45-49	0.039815744128773645
2378	50-54	0.07515893434138121
2378	55-59	0.05142903147500277
2378	60-64	0.03158076418725386
2378	65-69	0.04944108352160015
2378	70-74	0.07286564207272761
2378	75-79	4.436272012711129E-4
2378	80-84	0.010358705686890346
2378	85-89	-0.032260801479459644
2378	90-94	-0.008437591889908447
2378	95-99	0.020138691007709042
2378	100-104	-0.004324599963609899
2378	105-109	0.05378788480771135
2378	110-114	-0.052661266339107726
2378	115-119	-0.04746723889478943
2378	120-124	-0.03169950078314088
2378	125-129	-0.03873039084292884
2378	130-134	-0.06589534413813425
2378	135-139	-0.034305276261548556
2378	140-144	-0.07419852785449876
2378	145-149	-0.039552866300276435
2378	150	-0.12730562099759624
2379	1	0.10741459364716377
2379	2	0.09333491889597667
2379	3	0.07706865926230932
2379	4	0.1612216822228092
2379	5	0.07298214360613997
2379	6	0.06389830521150941
2379	7	0.05450785926271351
2379	8	0.17436352005619682
2379	9	0.11126488831327919
2379	10-14	0.06513317592895618
2379	15-19	0.05699844616752614
2379	20-24	0.0886802283205057
2379	25-29	0.06746964948074918
2379	30-34	0.08900512727095133
2379	35-39	0.09616580479434589
2379	40-44	0.041619410734085704
2379	45-49	0.03915439941803811
2379	50-54	0.07300347992421052
2379	55-59	0.014073723136419858
2379	60-64	0.0399424881456838
2379	65-69	0.02991063406511074
2379	70-74	0.0656046764071192
2379	75-79	0.055514355510915436
2379	80-84	0.03601198764265234
2379	85-89	0.02065198175505145
2379	90-94	0.040683224601778534
2379	95-99	0.02569032260998938
2379	100-104	0.005009875971566657
2379	105-109	0.06076909406866804
2379	110-114	-0.006709872129540884
2379	115-119	-0.029081426822891387
2379	120-124	0.017540327148395818
2379	125-129	-0.026664908444118396
2379	130-134	-0.029498098895871294
2379	135-139	-3.6311459098925525E-4
2379	140-144	-0.0378115528253673
2379	145-149	-0.0156721376087674
2379	150	-0.06403413125179469
2380	1	0.06655030839878862
2380	2	-0.02044672619504695
2380	3	-0.02637140722497122
2380	4	0.06787347608508298
2380	5	0.017280404652666448
2380	6	0.03482135532162545
2380	7	0.05229891446843027
2380	8	0.06285765272663468
2380	9	0.02489241427741007
2380	10-14	-0.011852854787456124
2380	15-19	0.05094091014346702
2380	20-24	0.03471125750087367
2380	25-29	0.04862186382691647
2380	30-34	0.05195693037214255
2380	35-39	0.03520674760010678
2380	40-44	0.03878791520447322
2380	45-49	0.06827847807270615
2380	50-54	0.06028113324753548
2380	55-59	0.01248352651210638
2380	60-64	0.043688887488713135
2380	65-69	0.022608852559123704
2380	70-74	0.00817148622556374
2380	75-79	6.030563154766355E-4
2380	80-84	-0.009157435369488098
2380	85-89	0.014238239185019097
2380	90-94	0.03374049745045937
2380	95-99	-0.0015963597484400793
2380	100-104	-0.02324878160351318
2380	105-109	-0.0030844067503892347
2380	110-114	0.04186714329697594
2380	115-119	0.02883885387557683
2380	120-124	-0.04920285997341267
2380	125-129	-0.02096494525574144
2380	130-134	-0.041282479447076526
2380	135-139	-0.04260222475777198
2380	140-144	-0.0017348208422305333
2380	145-149	0.018429564965181555
2380	150	-0.06534906165023813
2381	1	0.0867925480470717
2381	2	0.10146655767329094
2381	3	0.052471439960996236
2381	4	0.0640803779223944
2381	5	0.08934494178162566
2381	6	0.04022734071294565
2381	7	0.05753466668177509
2381	8	0.08977288868622679
2381	9	0.05794974985767709
2381	10-14	0.05621394370172084
2381	15-19	-0.01395233796508677
2381	20-24	0.052701081379858294
2381	25-29	0.03211220300389783
2381	30-34	0.06831900768577981
2381	35-39	0.06350520026347084
2381	40-44	0.052157567353518175
2381	45-49	0.040744559923481916
2381	50-54	0.02481283421780489
2381	55-59	0.04521402881719183
2381	60-64	0.05903620194311543
2381	65-69	0.0333042568944677
2381	70-74	0.018480115009928966
2381	75-79	0.040340312946518964
2381	80-84	0.0064122642068227265
2381	85-89	-0.020130324661884913
2381	90-94	0.00880306806161002
2381	95-99	0.042341472681883374
2381	100-104	0.015188210931661672
2381	105-109	0.07955723708177231
2381	110-114	0.035588712868516836
2381	115-119	-0.02998183053753678
2381	120-124	-0.026206738007829244
2381	125-129	-0.019198631768823304
2381	130-134	-0.05319122797173037
2381	135-139	0.016259286764977787
2381	140-144	0.056238953510437284
2381	145-149	0.04433523162013131
2381	150	-0.15334122082547452
2382	1	0.06939065733552496
2382	2	0.06394451043194493
2382	3	0.048171510661852324
2382	4	0.04153852995069229
2382	5	-0.00468184205121247
2382	6	0.036263835061454586
2382	7	0.03460477063082834
2382	8	-0.29469108456220283
2382	9	0.08030672116004922
2382	10-14	0.024859153298741887
2382	15-19	-0.04442880785185821
2382	20-24	0.0242293824288069
2382	25-29	0.04067464719454961
2382	30-34	0.03762572849156953
2382	35-39	0.028918999853239313
2382	40-44	0.01054203531835185
2382	45-49	-0.009653671673625297
2382	50-54	0.005407263602357659
2382	55-59	0.029675780086222403
2382	60-64	0.018665058204163643
2382	65-69	-0.014619208555160412
2382	70-74	0.005695297914925845
2382	75-79	0.01697694463862831
2382	80-84	0.009648637078242928
2382	85-89	0.021760746124293462
2382	90-94	-0.027919718553356176
2382	95-99	0.019629769686019927
2382	100-104	-0.014934112693325119
2382	105-109	-0.013679107515969235
2382	110-114	0.014569865460458686
2382	115-119	-0.0532087267333452
2382	120-124	-0.08592465639233637
2382	125-129	-0.0791610876348372
2382	130-134	-0.06387065971047434
2382	135-139	-0.03411166903709528
2382	140-144	-0.037150654444907616
2382	145-149	-0.02843905103062383
2382	150	-0.004814937021158983
2383	1	0.08664743510910711
2383	2	0.04838646312506256
2383	3	0.056433486116702625
2383	4	0.07572311832877432
2383	5	0.062355134325208894
2383	6	0.09380042624298568
2383	7	0.06655611521997429
2383	8	0.07745477528098377
2383	9	0.08279100656169902
2383	10-14	0.019823202553290287
2383	15-19	0.03400816413834207
2383	20-24	0.02768339771807149
2383	25-29	0.012028092787346623
2383	30-34	0.059727096108417754
2383	35-39	0.03029198282953871
2383	40-44	0.02750274263976138
2383	45-49	0.013974383579785865
2383	50-54	-0.02167881987317344
2383	55-59	0.0020090345607570725
2383	60-64	-0.0080453027684797
2383	65-69	0.027798518155719876
2383	70-74	0.02463606096010551
2383	75-79	-0.04125453719282035
2383	80-84	-0.02121268296201606
2383	85-89	-0.05586038728659304
2383	90-94	-0.0776078530108677
2383	95-99	-0.0637286444775711
2383	100-104	-0.02719875534865679
2383	105-109	-0.009158165372660676
2383	110-114	-0.06494322579970202
2383	115-119	-0.1068713445374243
2383	120-124	-0.09820404424276319
2383	125-129	-0.13847139513281803
2383	130-134	-0.07804844476753203
2383	135-139	-0.07353406801500739
2383	140-144	-0.10131278439767044
2383	145-149	-0.04835906301342163
2383	150	-0.242179448042954
2384	1	0.16762699776084133
2384	2	0.07702739988152985
2384	3	0.07968800404897536
2384	4	0.08400970166630373
2384	5	0.08043737078099156
2384	6	0.17125736302286043
2384	7	0.09134922994611827
2384	8	0.10011250173555197
2384	9	0.10296035063240794
2384	10-14	0.10209583557414703
2384	15-19	0.08479965434673886
2384	20-24	0.07718599390066316
2384	25-29	0.08420645084334666
2384	30-34	0.06724823818136372
2384	35-39	0.0871720495552637
2384	40-44	0.06539257735366988
2384	45-49	0.10405427809121903
2384	50-54	0.08999564241263869
2384	55-59	0.09219647656245655
2384	60-64	0.08684236091193043
2384	65-69	0.05325404881133977
2384	70-74	0.07681021341180383
2384	75-79	0.05978386933801971
2384	80-84	0.003152024064171144
2384	85-89	0.05565941729246049
2384	90-94	0.03555490374279913
2384	95-99	-0.00837086818619781
2384	100-104	0.05018566734304386
2384	105-109	0.03283607047554682
2384	110-114	0.005903543765505503
2384	115-119	0.016039263494270983
2384	120-124	0.0020525082603199962
2384	125-129	0.04013373014485211
2384	130-134	0.02329246734318957
2384	135-139	0.028797914302302274
2384	140-144	-0.02419351960433147
2384	145-149	0.01771904072455044
2384	150	0.135580646039152
2385	1	0.10797397905232486
2385	2	0.07467749454281147
2385	3	0.03943229252497105
2385	4	0.09247657405612131
2385	5	0.05543169123647118
2385	6	0.0734750952854597
2385	7	0.043121840108604204
2385	8	0.04995979097647307
2385	9	0.10882154792472676
2385	10-14	0.05981736576950425
2385	15-19	0.056901347873420605
2385	20-24	0.07862610006794313
2385	25-29	0.07440941688579272
2385	30-34	0.10324346743015411
2385	35-39	0.10754589428164962
2385	40-44	0.0778581534904248
2385	45-49	0.07916136223854409
2385	50-54	0.058088189639221355
2385	55-59	0.07012960147267222
2385	60-64	0.10228233088925265
2385	65-69	0.0695656741854691
2385	70-74	0.06688846439929819
2385	75-79	0.05717697660441701
2385	80-84	0.054375500194247195
2385	85-89	0.08333816544607231
2385	90-94	0.0832459645798096
2385	95-99	0.08195815628146619
2385	100-104	0.08993858780024055
2385	105-109	0.07372441013408348
2385	110-114	0.07594814034975883
2385	115-119	0.006307293657499713
2385	120-124	0.02892062840950871
2385	125-129	0.05995368279335622
2385	130-134	0.03459933037044749
2385	135-139	0.053258529630745954
2385	140-144	0.054689010738790955
2385	145-149	0.08685538665285009
2385	150	0.032026849320722306
2386	1	0.15202580011061428
2386	2	0.010384514074239348
2386	3	-0.00820126055678827
2386	4	0.08166364890075073
2386	5	0.06903360572966477
2386	6	0.08950249532274768
2386	7	0.08709675974262154
2386	8	0.026395120833399233
2386	9	0.02696612991363878
2386	10-14	0.050609094845192715
2386	15-19	-0.005415910713765015
2386	20-24	0.046375636715247026
2386	25-29	0.022859979472549696
2386	30-34	0.03766782171906158
2386	35-39	0.06793369812785244
2386	40-44	0.06081291624421681
2386	45-49	0.023418663636626036
2386	50-54	-0.0029124394636141915
2386	55-59	0.023117268331972696
2386	60-64	0.05668183345601108
2386	65-69	0.007928218871548154
2386	70-74	0.012634423169629372
2386	75-79	1.3833280789299351E-4
2386	80-84	0.021644366383434033
2386	85-89	0.004150954345682578
2386	90-94	-0.029056342429690574
2386	95-99	-0.05394932538963815
2386	100-104	-0.001471150897764062
2386	105-109	-0.020050901451277525
2386	110-114	-0.029405096073602977
2386	115-119	-0.0320658922714685
2386	120-124	-0.07685155793387821
2386	125-129	-0.07140216508804542
2386	130-134	-0.10631780385843825
2386	135-139	-0.05379775762565231
2386	140-144	-0.06491399978248324
2386	145-149	-0.02759976143888565
2386	150	-0.11681981209733294
2387	1	0.06747706011945809
2387	2	0.051669949106234014
2387	3	0.01057193785249666
2387	4	0.011351347260990963
2387	5	0.004639692926652117
2387	6	0.0265771412635587
2387	7	0.023967956761680398
2387	8	0.020050086289401747
2387	9	0.006658109164604298
2387	10-14	0.005114596199817356
2387	15-19	-0.025272328654665444
2387	20-24	0.03295846571811012
2387	25-29	0.0090587945351146
2387	30-34	0.01812288204353507
2387	35-39	0.053182791841962285
2387	40-44	0.02306804355396963
2387	45-49	-0.020421856289864593
2387	50-54	0.022868193261885494
2387	55-59	-0.030502262502082544
2387	60-64	-0.0010331943730506055
2387	65-69	0.017568981611461254
2387	70-74	-0.01126709206887
2387	75-79	0.03969464226675257
2387	80-84	0.013258071925726256
2387	85-89	-0.020078126122271556
2387	90-94	-0.016514165814896842
2387	95-99	0.015824797757645115
2387	100-104	-0.004225026580044755
2387	105-109	-0.006531960067981402
2387	110-114	1.1314462135914027E-4
2387	115-119	-0.07093901749556153
2387	120-124	0.006110870935273738
2387	125-129	-0.031688699374051055
2387	130-134	-0.1115893550268865
2387	135-139	-0.010327723368696695
2387	140-144	-0.0185312409140721
2387	145-149	-0.07583908192867739
2387	150	-0.04776008924317665
2388	1	0.04160195013731993
2388	2	-0.09310688932078648
2388	3	-0.042948378959742683
2388	4	-0.006241398737024895
2388	5	-1.0283884835831287
2388	6	-0.03712124834896713
2388	7	0.05762941632816165
2388	8	0.0035911602882876537
2388	9	-0.04030395073408499
2388	10-14	-0.0044496468374291
2388	15-19	-0.06311864139241408
2388	20-24	-0.029942071324008168
2388	25-29	-0.013817985793174614
2388	30-34	0.0037400951127182225
2388	35-39	-0.005279069224194188
2388	40-44	-0.0040318659251497024
2388	45-49	-0.011160241275383953
2388	50-54	-0.03894613148366233
2388	55-59	-0.016109806252416092
2388	60-64	-0.03678108656664847
2388	65-69	0.0012492606789606953
2388	70-74	-0.006574739793030915
2388	75-79	0.05786510140206502
2388	80-84	-0.04228517085423533
2388	85-89	-0.009371489370614938
2388	90-94	-0.04549399343731153
2388	95-99	-0.013411820984742917
2388	100-104	-0.005260497246872831
2388	105-109	0.015288170090720143
2388	110-114	-0.04831965179724307
2388	115-119	-0.030341872721841412
2388	120-124	-0.03436378942990359
2388	125-129	-0.06412768441150973
2388	130-134	-0.04756641262513028
2388	135-139	-0.024315877242841566
2388	140-144	-0.017580813116779836
2388	145-149	0.012106825430201695
2388	150	-0.07616743968356587
2401	1	0.008016608006698789
2401	2	-0.018020826579991933
2401	3	-0.043119745703812384
2401	4	-0.02121303623928128
2401	5	-0.05695066580623376
2401	6	0.04088649356750551
2401	7	0.029719811872958246
2401	8	0.024497712586864395
2401	9	-0.04923533908344524
2401	10-14	0.02240488705106003
2401	15-19	0.03949079982946557
2401	20-24	0.010242598406428272
2401	25-29	0.007131868513340578
2401	30-34	-9.188072880519371E-4
2401	35-39	0.02396389421537748
2401	40-44	-1.3712605948512646E-5
2401	45-49	-0.029159438346944455
2401	50-54	-0.03231626390462594
2401	55-59	-0.028354877585485383
2401	60-64	-0.0038564238699194675
2401	65-69	-0.024875742313128058
2401	70-74	-0.046311525807524845
2401	75-79	-0.03140937853415693
2401	80-84	-0.08489015615980833
2401	85-89	-0.07982115151654057
2401	90-94	-0.08912999828230994
2401	95-99	-0.048483895018222256
2401	100-104	-0.15137196105982298
2401	105-109	-0.13628022927213834
2401	110-114	-0.0899140558571645
2401	115-119	-0.08098784407636117
2401	120-124	-0.19250639233899847
2401	125-129	-0.10964097733428702
2401	130-134	-0.1607658868803412
2401	135-139	-0.26762462811515064
2401	140-144	-0.21675090664212604
2401	145-149	-0.27124161598639773
2401	150	-0.3180564561292485
2402	1	0.009963384035806655
2402	2	0.02879515295728652
2402	3	-0.04546194231246403
2402	4	-0.0428196954877933
2402	5	0.012554338285362121
2402	6	0.028389101266668604
2402	7	-0.02861597747243394
2402	8	0.012151701377312918
2402	9	0.016230176766143245
2402	10-14	-0.013654418121753054
2402	15-19	-0.02004735171941263
2402	20-24	-0.03278528933350344
2402	25-29	-0.02595748020291211
2402	30-34	-0.008091282647470166
2402	35-39	-0.034275811506354614
2402	40-44	-0.058141962337259656
2402	45-49	-0.017786558734798064
2402	50-54	-0.0730580122580946
2402	55-59	-0.0647395856260573
2402	60-64	-0.04105895701816564
2402	65-69	-0.05029287446135555
2402	70-74	-0.04620390657750306
2402	75-79	-0.08260603308167447
2402	80-84	-0.07318341507940573
2402	85-89	-0.10221962694244269
2402	90-94	-0.10716140463544122
2402	95-99	-0.09822183351925418
2402	100-104	-0.16675978884247655
2402	105-109	-0.17442122388579406
2402	110-114	-0.139654210308926
2402	115-119	-0.14222997309850882
2402	120-124	-0.11390606279546489
2402	125-129	-0.23415675569489736
2402	130-134	-0.2702839587499639
2402	135-139	-0.2638588794324548
2402	140-144	-0.253748090801885
2402	145-149	-0.30647387769651147
2402	150	-0.3974993028028706
2403	1	0.026839564516834002
2403	2	0.005424892465136111
2403	3	0.10796090342326892
2403	4	0.03090092782199605
2403	5	0.07555370448065446
2403	6	0.009352768925403154
2403	7	0.02464391248895481
2403	8	0.06039988728915091
2403	9	0.030739720979951812
2403	10-14	1.8336264503204802E-4
2403	15-19	0.0034942857727457977
2403	20-24	0.029325726065899005
2403	25-29	0.050128533892525695
2403	30-34	0.06477392874457877
2403	35-39	0.05144206162837861
2403	40-44	0.016240409989023874
2403	45-49	0.06275423315756257
2403	50-54	0.03404931885507523
2403	55-59	0.02810499629200791
2403	60-64	0.01490614420881542
2403	65-69	-0.01740968261452025
2403	70-74	0.012317782662201182
2403	75-79	-0.0032823485425623744
2403	80-84	0.009993448045641173
2403	85-89	0.03642596558593425
2403	90-94	-0.011091303621832083
2403	95-99	-0.0026020784112787965
2403	100-104	-0.050794466337031
2403	105-109	-0.055447311034733104
2403	110-114	-0.09737741941548705
2403	115-119	-0.13024283885993526
2403	120-124	-0.07985087911064426
2403	125-129	-0.09056043081388054
2403	130-134	-0.17306656057360925
2403	135-139	-0.15902711269787773
2403	140-144	-0.12381988301509494
2403	145-149	-0.20246570936051
2403	150	-0.3046303802550696
2404	1	0.04862218442912081
2404	2	0.03694067901432163
2404	3	0.0536940065567606
2404	4	0.00938089448271029
2404	5	0.060123266505620165
2404	6	0.051665404118196534
2404	7	0.03775806382549973
2404	8	0.0036655656841020345
2404	9	0.07770982278384508
2404	10-14	0.009519937827114688
2404	15-19	0.006110524386784277
2404	20-24	-0.0033578753708667364
2404	25-29	0.007903050770536879
2404	30-34	0.018264823547220033
2404	35-39	0.014730756831887959
2404	40-44	0.04919144965880662
2404	45-49	-0.015478594133035983
2404	50-54	-0.00785069662388338
2404	55-59	-0.032585092017406225
2404	60-64	0.003391465794024384
2404	65-69	-0.01942498852231722
2404	70-74	0.019791294995748387
2404	75-79	-0.02993315205906555
2404	80-84	-0.06129432953368763
2404	85-89	-0.053014513864766855
2404	90-94	-0.07526523944369501
2404	95-99	-0.07156083056940332
2404	100-104	-0.10973339749536848
2404	105-109	-0.13683491120142577
2404	110-114	-0.09466007068257909
2404	115-119	-0.11330065156458602
2404	120-124	-0.1356490716450196
2404	125-129	-0.16190125913639264
2404	130-134	-0.21207322128682904
2404	135-139	-0.26105408100570315
2404	140-144	-0.2181440790024709
2404	145-149	-0.22242841063653174
2404	150	-0.41334827035448996
2405	1	0.0860631554036928
2405	2	0.05324187277005876
2405	3	0.016494118346599862
2405	4	0.018702250333710424
2405	5	0.04111573666172319
2405	6	0.019550100888267252
2405	7	0.010462243966834706
2405	8	0.013461804754648199
2405	9	0.08231090075724978
2405	10-14	0.04684923395040386
2405	15-19	0.013085213571123688
2405	20-24	0.024724255023990338
2405	25-29	0.014694340745386114
2405	30-34	0.02682686451020544
2405	35-39	-0.007024618262931881
2405	40-44	-0.005618518800488914
2405	45-49	0.01681576447278843
2405	50-54	-0.0045387407010153424
2405	55-59	0.007537800145328788
2405	60-64	0.002281501327210833
2405	65-69	0.0222437845842407
2405	70-74	0.0056504429975063886
2405	75-79	9.95377505354611E-4
2405	80-84	-0.04533150763884919
2405	85-89	-0.03638983226616688
2405	90-94	-0.06270766368612612
2405	95-99	-0.022826045565217612
2405	100-104	-0.0483252224644275
2405	105-109	-0.060970036366114755
2405	110-114	-0.02682826008650352
2405	115-119	-0.12219185290606305
2405	120-124	-0.06283866560837481
2405	125-129	-0.09204305016924508
2405	130-134	-0.11632223793553464
2405	135-139	-0.16254326853315604
2405	140-144	-0.15257600617938039
2405	145-149	-0.18090087600164395
2405	150	-0.3527607988010075
2406	1	0.006643689805464703
2406	2	-0.004557528870982708
2406	3	0.011116228778988102
2406	4	0.005811002009593835
2406	5	-0.01525737865567578
2406	6	0.042547124548299564
2406	7	0.016651253789660814
2406	8	9.854059449310171E-5
2406	9	0.019367170454096083
2406	10-14	0.01961370126797135
2406	15-19	0.03689647420756614
2406	20-24	0.03543725007715892
2406	25-29	0.024871079444373834
2406	30-34	0.032523174801696086
2406	35-39	0.06549720844478912
2406	40-44	0.016055392311130845
2406	45-49	0.01576728400316796
2406	50-54	-0.020331270100577115
2406	55-59	-0.010597421766505022
2406	60-64	-0.02433957363250272
2406	65-69	-0.02264964802053271
2406	70-74	-0.02850060464582782
2406	75-79	-0.03259924524902402
2406	80-84	-0.03009146215016756
2406	85-89	-0.018574370495585413
2406	90-94	-0.04556201363725165
2406	95-99	-0.03916971945829317
2406	100-104	-0.08131074516562364
2406	105-109	-0.048932975717555394
2406	110-114	-0.037385805449595466
2406	115-119	-0.11343484511296964
2406	120-124	-0.09737064870595447
2406	125-129	-0.15471158171703792
2406	130-134	-0.12643823920797814
2406	135-139	-0.26100304157918686
2406	140-144	-0.20761848760461987
2406	145-149	-0.19863945006305528
2406	150	-0.4058902058383609
2407	1	0.0849518718357345
2407	2	0.08983697929523515
2407	3	0.050689476044539106
2407	4	0.04214976663620007
2407	5	0.058736810226854175
2407	6	-0.002510437134567667
2407	7	0.06804416746545172
2407	8	0.06766097540258897
2407	9	0.06863885272825598
2407	10-14	0.05447088158420854
2407	15-19	0.07067294862920903
2407	20-24	0.04546202541211386
2407	25-29	0.052085772664028696
2407	30-34	0.060086419387275214
2407	35-39	0.06534134555940341
2407	40-44	0.05469994048421967
2407	45-49	0.019254918508174512
2407	50-54	-0.0016665546120435693
2407	55-59	-0.011949634483485738
2407	60-64	0.012112675524463157
2407	65-69	-0.029780587111758905
2407	70-74	-0.005243679602301654
2407	75-79	0.013812842800781766
2407	80-84	-0.041926784258443206
2407	85-89	-0.008603348961294444
2407	90-94	-0.031687401896633105
2407	95-99	-0.01620157649015397
2407	100-104	-0.08620851075817626
2407	105-109	-0.07069320060433171
2407	110-114	-0.06638386005560193
2407	115-119	-0.08154141182995289
2407	120-124	-0.04044020666385251
2407	125-129	-0.12401357280563019
2407	130-134	-0.15627869376307757
2407	135-139	-0.23528925164703196
2407	140-144	-0.13200308563686036
2407	145-149	-0.204303033791156
2407	150	-0.24401163775631574
2408	1	0.04311279097770182
2408	2	-0.09819047145982296
2408	3	-0.04114714570660993
2408	4	-0.023529465152286377
2408	5	-0.02706571184471329
2408	6	-0.032268036568865455
2408	7	-0.046661474553459925
2408	8	0.08662795609383522
2408	9	-0.030796457409394407
2408	10-14	0.009952673558011327
2408	15-19	0.013150867918724884
2408	20-24	-0.00423433985467625
2408	25-29	-0.002992408166655025
2408	30-34	0.044840110718446624
2408	35-39	0.029928724267925588
2408	40-44	0.018459769572920948
2408	45-49	0.031234878760152185
2408	50-54	0.00860425417232591
2408	55-59	-0.0060485094444970855
2408	60-64	0.010642966957021827
2408	65-69	0.00914633371780127
2408	70-74	0.03399508100398663
2408	75-79	0.011036352324545362
2408	80-84	0.03339337846416868
2408	85-89	-4.003073877498764E-4
2408	90-94	-0.05188445576146705
2408	95-99	0.010449174798282002
2408	100-104	-0.04303117527314981
2408	105-109	-0.010416188710827612
2408	110-114	-0.02694271158435413
2408	115-119	-0.005581746572637769
2408	120-124	-0.011792410346046722
2408	125-129	-0.062245735786959244
2408	130-134	-0.0731799380519007
2408	135-139	-0.12763704039021917
2408	140-144	-0.054589554042721034
2408	145-149	-0.10582187637280072
2408	150	-0.19483104008073582
2409	1	-7.52732943631429E-4
2409	2	0.028400807612364076
2409	3	0.035579902837035604
2409	4	0.043899012384279956
2409	5	0.05637079970674819
2409	6	0.013676340960934397
2409	7	0.042034537595107224
2409	8	0.07522972649174164
2409	9	0.05590401784423449
2409	10-14	0.045859138596298976
2409	15-19	0.04304130498890402
2409	20-24	0.05926813027783595
2409	25-29	0.029403220231515093
2409	30-34	0.03997267283512684
2409	35-39	0.024581087941797364
2409	40-44	7.54706674605643E-4
2409	45-49	-0.021522077096797432
2409	50-54	0.0015588148237526411
2409	55-59	-0.006731222658601155
2409	60-64	0.021745901224583974
2409	65-69	-0.0153415031548505
2409	70-74	0.002136240611996243
2409	75-79	0.024087678419881797
2409	80-84	-0.04358731673397642
2409	85-89	-0.015889629542904515
2409	90-94	-0.013406649214751098
2409	95-99	-0.0655936122532026
2409	100-104	-0.036036403324345656
2409	105-109	-0.05147930997554084
2409	110-114	-0.058900796600497074
2409	115-119	-0.10186706944812585
2409	120-124	-0.03100832169009493
2409	125-129	-0.08648898343181344
2409	130-134	-0.14183798061620223
2409	135-139	-0.1814169822736602
2409	140-144	-0.09613875720690146
2409	145-149	-0.16962266098207124
2409	150	-0.1277642790078133
2410	1	0.05863095583671196
2410	2	-0.0010048271276517085
2410	3	0.09331543101747997
2410	4	-0.02446610200475874
2410	5	-0.05018303422268389
2410	6	0.02364103468714518
2410	7	0.06179340346948692
2410	8	0.07790301284728685
2410	9	0.07753379134965854
2410	10-14	0.037761501598417624
2410	15-19	0.04850232292223211
2410	20-24	0.05104389002374177
2410	25-29	0.05963023062408723
2410	30-34	0.0582727678229773
2410	35-39	0.05837187052282644
2410	40-44	0.0364583060418866
2410	45-49	0.03296319904431755
2410	50-54	0.02947707381131437
2410	55-59	-0.020617989955532323
2410	60-64	0.00926227923292089
2410	65-69	0.0028796547671561257
2410	70-74	0.035536214525031085
2410	75-79	-0.01321269324696317
2410	80-84	0.01913793813316289
2410	85-89	0.01049276322837045
2410	90-94	-0.008876622428765302
2410	95-99	-0.07411484854880968
2410	100-104	-0.048365461157530376
2410	105-109	-0.055733076349959276
2410	110-114	-0.0302225703352903
2410	115-119	-0.06758879349468572
2410	120-124	-0.0592757764137275
2410	125-129	-0.05055328668099435
2410	130-134	-0.10669756611030579
2410	135-139	-0.23125429612348825
2410	140-144	-0.17582917038783563
2410	145-149	-0.14774165149303542
2410	150	-0.28962770120523373
2411	1	-0.006483036837991563
2411	2	-0.00651267978860659
2411	3	0.014291968989105897
2411	4	0.0924487072811857
2411	5	0.029832021679126797
2411	6	0.06076250695168994
2411	7	0.07966026057813025
2411	8	0.0032514300585049227
2411	9	0.07517228696722356
2411	10-14	0.05027308650587514
2411	15-19	0.05230444988821148
2411	20-24	0.024212758185328198
2411	25-29	0.048491818678847665
2411	30-34	0.06002551122630706
2411	35-39	0.06520333244474585
2411	40-44	0.05313260215801563
2411	45-49	0.04992427119648113
2411	50-54	0.04975155743533577
2411	55-59	0.014651214891216569
2411	60-64	0.08031797327571866
2411	65-69	0.04835542535860782
2411	70-74	0.04117373370953459
2411	75-79	0.05600146748885493
2411	80-84	0.02184397037080288
2411	85-89	0.008644257227246044
2411	90-94	-0.011769919481906754
2411	95-99	-0.0024919098435205456
2411	100-104	-0.004540248816596204
2411	105-109	6.985367450837998E-4
2411	110-114	-0.002232474375666982
2411	115-119	0.003048039934938629
2411	120-124	-0.017858011473101953
2411	125-129	0.001734742137088574
2411	130-134	-0.13080303981595875
2411	135-139	-0.11035972888855383
2411	140-144	-0.04104902647142694
2411	145-149	-0.12538591461615312
2411	150	-0.13853031428953955
2412	1	0.04796291992010282
2412	2	0.10145221535576354
2412	3	0.04366997316830634
2412	4	0.08245152996582306
2412	5	0.013882838125432784
2412	6	0.05803881934774324
2412	7	0.08955641015198523
2412	8	0.06985257253503363
2412	9	0.09836297657547988
2412	10-14	0.07525369324092424
2412	15-19	0.07442485464900273
2412	20-24	0.05520319557960107
2412	25-29	0.072846154951975
2412	30-34	0.06674867896889936
2412	35-39	0.05985297432933123
2412	40-44	0.03119115357250024
2412	45-49	0.01798589913415327
2412	50-54	0.031667337867027356
2412	55-59	0.029270436764392116
2412	60-64	0.0736979655184058
2412	65-69	0.03919962128947674
2412	70-74	0.05473541343026511
2412	75-79	0.030678940231673835
2412	80-84	0.025138743936665264
2412	85-89	0.011089179339428767
2412	90-94	0.011050470454712524
2412	95-99	0.013513168958120048
2412	100-104	0.036085290590307295
2412	105-109	-0.01018778623095784
2412	110-114	-0.009756604267906255
2412	115-119	-0.05463844509164062
2412	120-124	-0.04117343734311163
2412	125-129	-0.13523242536994928
2412	130-134	-0.10942348823699177
2412	135-139	-0.16726170050331746
2412	140-144	-0.06552388528642439
2412	145-149	-0.1398223219681327
2412	150	-0.20231080283735992
2413	1	0.0027826673328377183
2413	2	0.08745508157826976
2413	3	0.06610944531882978
2413	4	0.0234508526022168
2413	5	0.08836693625924852
2413	6	0.06279767176010864
2413	7	0.0928679794746472
2413	8	0.10494755707205883
2413	9	0.03152075890134398
2413	10-14	0.04290791950193551
2413	15-19	0.060304175068083055
2413	20-24	0.03277812101128319
2413	25-29	0.06162443105721849
2413	30-34	0.07432490494873889
2413	35-39	0.062448577473276146
2413	40-44	0.04227105877420456
2413	45-49	0.014953966475708569
2413	50-54	0.04329101516754008
2413	55-59	0.007230196525426891
2413	60-64	0.05179516700717102
2413	65-69	0.054033921798378515
2413	70-74	0.06556092790241053
2413	75-79	0.00439389644759558
2413	80-84	0.04184842985992532
2413	85-89	-1.3488980609110968E-4
2413	90-94	0.012062690716149405
2413	95-99	0.048966500286489634
2413	100-104	0.03346266062610681
2413	105-109	-0.021685233858178776
2413	110-114	-9.395901383300043E-4
2413	115-119	-0.012423053499347247
2413	120-124	-0.007107942641312093
2413	125-129	-3.4353444656431975E-4
2413	130-134	-0.11715166639979202
2413	135-139	-0.1633809250254501
2413	140-144	-0.09578010330495346
2413	145-149	-0.10870892106733265
2413	150	-0.10025527206509821
2414	1	0.15248267694708773
2414	2	0.0906364490154985
2414	3	0.10121873849973184
2414	4	0.0741755215594182
2414	5	0.09762608257725702
2414	6	0.09688373804066686
2414	7	0.08556690087038987
2414	8	0.05759444514681178
2414	9	0.08361381712813198
2414	10-14	0.08261107486022468
2414	15-19	0.06771012848717817
2414	20-24	0.08668990594172499
2414	25-29	0.06987197265105749
2414	30-34	0.05685587338815168
2414	35-39	0.0388801052471095
2414	40-44	0.07672404303691849
2414	45-49	0.04452055751065842
2414	50-54	0.02922315279288057
2414	55-59	0.06619182326478068
2414	60-64	0.06366872748837693
2414	65-69	0.0655794842006685
2414	70-74	0.06723982568975373
2414	75-79	0.029428752029545535
2414	80-84	0.052931757422840064
2414	85-89	0.061698152566251
2414	90-94	0.06666024659377001
2414	95-99	0.020563990922290998
2414	100-104	0.0014368346243500696
2414	105-109	0.011101688303703838
2414	110-114	-0.0030316318938403697
2414	115-119	-0.007569099779502153
2414	120-124	0.026873261334827703
2414	125-129	-0.0071104308107194925
2414	130-134	-0.09043159527057298
2414	135-139	-0.14890529816135967
2414	140-144	-0.03829797083703568
2414	145-149	-0.1507725416604515
2414	150	-0.19675555207948037
2415	1	0.11865845334005343
2415	2	0.021371898331018713
2415	3	0.0715009597678602
2415	4	0.047358652222413866
2415	5	0.044333586112870194
2415	6	1.659551651869151E-4
2415	7	0.06568280082580458
2415	8	0.06753764263029893
2415	9	0.1351222664267624
2415	10-14	0.050701606998536874
2415	15-19	0.0701636172632476
2415	20-24	0.0798247476127969
2415	25-29	0.07157814545043095
2415	30-34	0.06598320046335715
2415	35-39	0.07827606892487182
2415	40-44	0.08350490121676302
2415	45-49	0.07369146898688683
2415	50-54	0.03632392315369515
2415	55-59	0.029105303734525023
2415	60-64	0.047118002213224486
2415	65-69	0.008133420454740303
2415	70-74	0.05380991437256455
2415	75-79	0.06898221113100078
2415	80-84	0.020248441731716582
2415	85-89	0.005320642933156705
2415	90-94	0.0345494885394686
2415	95-99	0.02611832783155421
2415	100-104	0.015279615228806165
2415	105-109	0.014963201212161437
2415	110-114	0.06481586158873398
2415	115-119	0.017484223698410517
2415	120-124	-0.005050983277129717
2415	125-129	-0.07016106476708472
2415	130-134	-0.04676931987415145
2415	135-139	-0.10052193392625952
2415	140-144	-0.03890502880710045
2415	145-149	-0.06633426375746154
2415	150	-0.1416348949412054
2416	1	0.012539574527032471
2416	2	0.021224819023039743
2416	3	0.043450632394161914
2416	4	0.018226654977418377
2416	5	0.03425472882773306
2416	6	0.03668653227453689
2416	7	0.06873382788781868
2416	8	0.041204012586227634
2416	9	0.04478681172426491
2416	10-14	0.04394710237303201
2416	15-19	0.04643052438678552
2416	20-24	0.05348859547386553
2416	25-29	0.02386115280406642
2416	30-34	0.02489292201315152
2416	35-39	0.04729055070353638
2416	40-44	0.04954708132328989
2416	45-49	0.03088715684805976
2416	50-54	0.06474299109166282
2416	55-59	0.03578583119977452
2416	60-64	0.015804971958054637
2416	65-69	0.04320838682949102
2416	70-74	0.052180769764845536
2416	75-79	0.04375670721869085
2416	80-84	-0.0011138562312709155
2416	85-89	0.0468425599054072
2416	90-94	-0.005548126826269595
2416	95-99	-0.002948210757288905
2416	100-104	-0.011160560455685697
2416	105-109	0.004228882353096708
2416	110-114	-0.012176154243839221
2416	115-119	0.014938825186519011
2416	120-124	-0.012213552558336005
2416	125-129	-0.03891140857944464
2416	130-134	-0.044851511214289985
2416	135-139	-0.12315971703060313
2416	140-144	-0.06905174459885899
2416	145-149	-0.10359658124738758
2416	150	-0.2708394345832943
2417	1	0.05550976822220832
2417	2	0.020234028957965222
2417	3	0.014123881386211679
2417	4	0.022789686082639093
2417	5	0.08144084377322258
2417	6	0.04374276070596039
2417	7	0.034085381853621755
2417	8	0.019613741516096184
2417	9	0.08766291052187114
2417	10-14	0.05029880002085463
2417	15-19	0.011050563539654945
2417	20-24	0.04041923324869856
2417	25-29	0.036066581647922646
2417	30-34	0.005122784038405825
2417	35-39	-0.015531406067800901
2417	40-44	0.02250344586217068
2417	45-49	0.021309731191763603
2417	50-54	-0.0073771034578342665
2417	55-59	-0.02198080418445869
2417	60-64	-0.0014573020768935407
2417	65-69	0.06231212721594659
2417	70-74	0.018598465903970407
2417	75-79	0.026108212359282845
2417	80-84	0.010142153826343758
2417	85-89	0.03828467341648434
2417	90-94	0.021153909871117094
2417	95-99	-0.012690512007381471
2417	100-104	-0.014200422470160845
2417	105-109	-0.029420951422110875
2417	110-114	-0.015391152132423258
2417	115-119	-0.03005805323746813
2417	120-124	0.010706593063993353
2417	125-129	0.026452977085945406
2417	130-134	-0.09955395451338234
2417	135-139	-0.16672923554091312
2417	140-144	-0.0959602313427439
2417	145-149	-0.15403801139586193
2417	150	-0.20164711356502352
2418	1	0.053326026700041496
2418	2	0.08847295527775856
2418	3	0.030767039397190388
2418	4	0.015917149604746328
2418	5	0.045793484452048006
2418	6	-0.019425753313953464
2418	7	0.02897958529351996
2418	8	0.02918233033758355
2418	9	0.0694883369473942
2418	10-14	0.017051178399590583
2418	15-19	0.04913852367415217
2418	20-24	0.07238898845715624
2418	25-29	0.03656896204793014
2418	30-34	0.069771996182169
2418	35-39	0.0565468646767755
2418	40-44	0.04108174243152973
2418	45-49	-0.015366853530856872
2418	50-54	0.03571285940676461
2418	55-59	0.053068032277387545
2418	60-64	0.03337713240130569
2418	65-69	0.021793915213052628
2418	70-74	0.08268012212325715
2418	75-79	0.04335971331299504
2418	80-84	0.013390010391489682
2418	85-89	0.03442896852730826
2418	90-94	0.021573955282825352
2418	95-99	0.0037615709983853662
2418	100-104	0.020963123675727502
2418	105-109	0.015653611870014572
2418	110-114	-0.03600621237745116
2418	115-119	-0.005500843975063674
2418	120-124	-0.012516173016841492
2418	125-129	-0.05024529856866167
2418	130-134	-0.08813031731391163
2418	135-139	-0.08709672961904857
2418	140-144	-0.053044830828589795
2418	145-149	-0.0837198222405462
2418	150	-0.19152436157131092
2419	1	0.0500264176144114
2419	2	0.040358596031083493
2419	3	0.05914167590417918
2419	4	0.051975540983733026
2419	5	0.03703558595505996
2419	6	0.08051156104213675
2419	7	0.06022797139961966
2419	8	0.09904753663596466
2419	9	0.1154236146455645
2419	10-14	0.0445303295367907
2419	15-19	0.06493970695790097
2419	20-24	0.0069900332435395285
2419	25-29	0.05930781850550204
2419	30-34	0.04749890348960406
2419	35-39	0.06853403294920923
2419	40-44	0.07450796548323524
2419	45-49	0.04047704144493025
2419	50-54	-0.004437555344317445
2419	55-59	-0.0039039605005797284
2419	60-64	0.02509320948225735
2419	65-69	0.009903441037955929
2419	70-74	0.04490598790976463
2419	75-79	0.02457549916328361
2419	80-84	0.029244429318787013
2419	85-89	0.021265868642345254
2419	90-94	-0.0493642911781933
2419	95-99	-0.0666558155652055
2419	100-104	-0.01376698129882925
2419	105-109	-0.03871068121703303
2419	110-114	0.006307873941914011
2419	115-119	-0.030550940845579078
2419	120-124	1.8234355123070145E-4
2419	125-129	-0.08131867041154806
2419	130-134	-0.12884644899058628
2419	135-139	-0.07309336880629047
2419	140-144	-0.06422726709513427
2419	145-149	-0.1444821440818984
2419	150	-0.18858639302884228
2420	1	0.10350967065294725
2420	2	0.07601572159522618
2420	3	0.09494550440266636
2420	4	0.010929436712949325
2420	5	0.08905856357004183
2420	6	0.03911996778916915
2420	7	0.13240958170948147
2420	8	0.06068462189089274
2420	9	0.0676741149389386
2420	10-14	0.0764545375666188
2420	15-19	0.07795441978804973
2420	20-24	0.04022150144507464
2420	25-29	0.039116468263777904
2420	30-34	0.033810071518367124
2420	35-39	0.0769054647769849
2420	40-44	0.07376639806076923
2420	45-49	0.07607199198057657
2420	50-54	0.0662608032258376
2420	55-59	0.07960124602487184
2420	60-64	0.06529654143774621
2420	65-69	0.07348959719053738
2420	70-74	0.10625355729411723
2420	75-79	0.11774686397139789
2420	80-84	0.08286341017176113
2420	85-89	0.0634631136274777
2420	90-94	0.03397239205614966
2420	95-99	0.07344023946365752
2420	100-104	0.07306140062105015
2420	105-109	0.05297943205075484
2420	110-114	0.09720540171497305
2420	115-119	0.03717764119165423
2420	120-124	0.050999512665157454
2420	125-129	0.03999222648629086
2420	130-134	-0.018203043949895914
2420	135-139	-0.03437224952589446
2420	140-144	0.028903807982800345
2420	145-149	-0.05068052164745751
2420	150	-0.1495699715868284
2421	1	0.11153891109098879
2421	2	0.04160974548900498
2421	3	0.05208095160116244
2421	4	0.03160119685852436
2421	5	0.009819066841593838
2421	6	0.06229367385661533
2421	7	0.08485611998101206
2421	8	0.06243935978057635
2421	9	0.08421695021365139
2421	10-14	0.05496070576568002
2421	15-19	0.01936068997353857
2421	20-24	0.04142453883599728
2421	25-29	0.03066855113051048
2421	30-34	0.028664593165643737
2421	35-39	0.0331440805659966
2421	40-44	0.03789937382486386
2421	45-49	0.03463054913550678
2421	50-54	0.0076645805539428125
2421	55-59	0.014613103326965415
2421	60-64	0.0021459462355863934
2421	65-69	0.017135453042357085
2421	70-74	0.00937393958418653
2421	75-79	0.01720667995437708
2421	80-84	-0.017212544076521397
2421	85-89	0.010883350306109207
2421	90-94	-0.015067111293951996
2421	95-99	-0.029460096228156374
2421	100-104	-0.01675327750496791
2421	105-109	-0.02921630788969054
2421	110-114	-0.0018525448846418158
2421	115-119	-0.03781255941195383
2421	120-124	-0.053164636799813536
2421	125-129	-0.049235993957609026
2421	130-134	-0.1490735380614865
2421	135-139	-0.16257855424785106
2421	140-144	-0.09407335186063648
2421	145-149	-0.14973492371549213
2421	150	-0.026773180361686855
2422	1	0.06871227665886437
2422	2	0.020148690731062402
2422	3	0.0532846173314141
2422	4	0.060526364141900046
2422	5	0.030899247188827417
2422	6	-0.006869528391796109
2422	7	0.07074093996847353
2422	8	0.036017447883367026
2422	9	0.047819975972302586
2422	10-14	0.02752553969545346
2422	15-19	0.025554143909403138
2422	20-24	0.007478703024411004
2422	25-29	0.03080887193191728
2422	30-34	0.048335589489504116
2422	35-39	0.02621175592146585
2422	40-44	0.04687703252703557
2422	45-49	0.057988025033338886
2422	50-54	0.017005980730353087
2422	55-59	0.017617984418492938
2422	60-64	0.0443932027215439
2422	65-69	0.019064780705406292
2422	70-74	0.06412903477328769
2422	75-79	0.06536018285761713
2422	80-84	0.018512629259802793
2422	85-89	0.04133032245712798
2422	90-94	0.009462560105049533
2422	95-99	-0.00157165113703428
2422	100-104	-0.01244098408444927
2422	105-109	0.04225158208915758
2422	110-114	-8.489856966278353E-4
2422	115-119	0.029875389285670906
2422	120-124	-0.031145530497894924
2422	125-129	-0.05062032496388724
2422	130-134	-0.04716693462253829
2422	135-139	-0.07497985070843782
2422	140-144	-0.10418904278348862
2422	145-149	-0.07329106986149014
2422	150	-0.19267861116912144
2423	1	0.10965677317630451
2423	2	0.11421956451020066
2423	3	0.15524532284521086
2423	4	0.04716162617542352
2423	5	0.08142262183363869
2423	6	0.08968691979590204
2423	7	0.144550040353856
2423	8	0.11412429270643543
2423	9	0.08704253339997337
2423	10-14	0.09103340248990577
2423	15-19	0.1103069389727267
2423	20-24	0.10491849291047117
2423	25-29	0.07858597514632493
2423	30-34	0.05256765092283189
2423	35-39	0.08095135998938474
2423	40-44	0.10240760996855869
2423	45-49	0.07957525892965833
2423	50-54	0.03487563593105847
2423	55-59	0.028631560079269036
2423	60-64	0.057010316561445507
2423	65-69	0.019707084207858827
2423	70-74	0.0567248502718769
2423	75-79	0.047834429123703615
2423	80-84	0.07351474776707079
2423	85-89	0.0753427022699995
2423	90-94	0.024249568052852055
2423	95-99	0.018360568149233814
2423	100-104	0.03167093837274848
2423	105-109	0.004810029820063733
2423	110-114	0.023281941572172116
2423	115-119	-5.610168121705783E-4
2423	120-124	0.0461365651431862
2423	125-129	0.021399809462288033
2423	130-134	-0.04483011967614914
2423	135-139	-0.04411330540344949
2423	140-144	-0.0932665171798206
2423	145-149	-0.08536572297311551
2423	150	-0.11355094085326556
2424	1	0.10653293935145314
2424	2	0.09236523625187942
2424	3	0.1313596244453521
2424	4	0.007167774862644194
2424	5	0.09722135693799316
2424	6	0.04878106653038827
2424	7	0.11747406263820181
2424	8	0.08381184054310609
2424	9	0.044324960806996216
2424	10-14	0.05673169997216121
2424	15-19	0.07478315127903556
2424	20-24	0.02971531350812029
2424	25-29	0.06501521461737525
2424	30-34	0.05682667572887823
2424	35-39	0.06548673981397712
2424	40-44	0.07689109544885042
2424	45-49	0.07461152162831297
2424	50-54	0.06861743041678636
2424	55-59	0.06894815028990564
2424	60-64	0.06872680961513566
2424	65-69	0.03478719709161737
2424	70-74	0.07707164326922822
2424	75-79	0.06477044742644722
2424	80-84	0.03218195423004033
2424	85-89	0.0916130116126368
2424	90-94	0.03454158750790981
2424	95-99	0.0285021910987453
2424	100-104	0.023196191898115615
2424	105-109	0.038136605569121684
2424	110-114	0.023610054972905914
2424	115-119	0.032042227628053865
2424	120-124	0.09840628009138896
2424	125-129	0.0012220573769141652
2424	130-134	0.002900290140885886
2424	135-139	-0.0729830490476644
2424	140-144	-0.059215304885519515
2424	145-149	-0.07362293324462854
2424	150	-0.15572025017046087
2425	1	0.09366006411470806
2425	2	0.07488577519475115
2425	3	0.06016232428792989
2425	4	-0.008670533411589076
2425	5	0.07298665474277044
2425	6	0.04249717723507018
2425	7	0.1274202512884699
2425	8	0.07767869520181847
2425	9	0.07812674422002885
2425	10-14	0.09085847240861966
2425	15-19	0.03754321546392703
2425	20-24	0.07472058258228742
2425	25-29	0.04481942474849632
2425	30-34	0.056534912420310945
2425	35-39	0.046394552700277814
2425	40-44	0.017717338192206
2425	45-49	0.039234239141052285
2425	50-54	0.06421171835419415
2425	55-59	0.017302765153658584
2425	60-64	0.01012346089613203
2425	65-69	0.03431121086939015
2425	70-74	0.05944950410425065
2425	75-79	0.03504799420628757
2425	80-84	0.06405815298793271
2425	85-89	0.03778385877022572
2425	90-94	0.00822275676437556
2425	95-99	0.04861951307320567
2425	100-104	-0.021820131310590796
2425	105-109	0.006406022558500979
2425	110-114	-0.01591294582576097
2425	115-119	-0.028922767929081772
2425	120-124	0.007247821351775485
2425	125-129	0.0016974358116641497
2425	130-134	-0.07441016168261427
2425	135-139	-0.1114276829332681
2425	140-144	-0.05592554126103266
2425	145-149	-0.0742084098465483
2425	150	-0.1478413619530201
2426	1	0.09285930090216254
2426	2	0.0887059456214061
2426	3	0.05016895442688707
2426	4	0.13712352182855625
2426	5	0.1246303859575093
2426	6	0.08516197844051021
2426	7	0.100817223789754
2426	8	0.13701033780206018
2426	9	0.11982456809215591
2426	10-14	0.10276071232815553
2426	15-19	0.11027324109813463
2426	20-24	0.09771770401548707
2426	25-29	0.09463305970708547
2426	30-34	0.11613334901639405
2426	35-39	0.08325346162784086
2426	40-44	0.107636585196488
2426	45-49	0.0911823531413205
2426	50-54	0.0759572747791637
2426	55-59	0.06241534885241151
2426	60-64	0.084923881641501
2426	65-69	0.05507085896055486
2426	70-74	0.10752810762607368
2426	75-79	0.0933344320934566
2426	80-84	0.059207547141923556
2426	85-89	0.03846907267083566
2426	90-94	0.017692043844945715
2426	95-99	0.035384942442213685
2426	100-104	0.011589021330962623
2426	105-109	0.03013474027309826
2426	110-114	0.03843381075918728
2426	115-119	0.03910342350243923
2426	120-124	-0.0178541833519148
2426	125-129	-0.03725206044708074
2426	130-134	-0.042702568918642214
2426	135-139	-0.12013244859581818
2426	140-144	-0.03027004861819904
2426	145-149	-0.07890235761300346
2426	150	-0.17282208626154727
2427	1	0.07629986175189885
2427	2	0.09059531077780036
2427	3	0.08032972520396697
2427	4	0.0829640653153092
2427	5	0.10442582909302445
2427	6	0.010664320779937952
2427	7	0.027659050648168204
2427	8	0.05478520168244927
2427	9	0.1081174810004697
2427	10-14	0.06138477187938918
2427	15-19	0.030263178171573202
2427	20-24	0.07257023509023242
2427	25-29	0.06510289476982933
2427	30-34	0.031758941611393254
2427	35-39	0.05561858680687948
2427	40-44	0.053450691322026955
2427	45-49	0.016258757400386514
2427	50-54	0.020224174261898042
2427	55-59	0.015332892579493773
2427	60-64	0.03742572764672758
2427	65-69	-5.067604697615025E-4
2427	70-74	0.03912711331008012
2427	75-79	0.040930677443192565
2427	80-84	0.008999779075899994
2427	85-89	0.0077027900017725415
2427	90-94	-0.020796977315235665
2427	95-99	-0.02849154970903811
2427	100-104	0.017549100091748926
2427	105-109	0.0027105405506162583
2427	110-114	0.004347408684751031
2427	115-119	0.01521549332698413
2427	120-124	-0.009819126599822425
2427	125-129	-0.03289928706681877
2427	130-134	-0.11175803367234494
2427	135-139	-0.14632799540228802
2427	140-144	-0.08046212662996055
2427	145-149	-0.14978675293202315
2427	150	-0.23716144768711445
2428	1	0.04696767054023354
2428	2	0.06559014239815752
2428	3	0.007659789385044746
2428	4	0.05822653842210457
2428	5	0.051349466000566224
2428	6	0.035851641491930764
2428	7	0.1444832532194411
2428	8	0.010197005078040888
2428	9	0.07742914096566267
2428	10-14	0.06706151610994482
2428	15-19	0.07739643347768776
2428	20-24	0.06704088725539492
2428	25-29	0.05311623258872089
2428	30-34	0.044037664456304526
2428	35-39	0.05212131238744888
2428	40-44	0.08677783854768961
2428	45-49	0.05787026950333285
2428	50-54	0.005707901860965592
2428	55-59	0.018601625154310852
2428	60-64	0.004797614783917936
2428	65-69	-0.010433688017265297
2428	70-74	-0.0021867605598089312
2428	75-79	-0.0018281268065365452
2428	80-84	-0.02673618559428803
2428	85-89	-0.02208029669304068
2428	90-94	-0.027764481867947666
2428	95-99	-0.02565488359970658
2428	100-104	-0.04052170557617529
2428	105-109	-0.04537282786809271
2428	110-114	-0.013122558056316791
2428	115-119	-0.04281595459488585
2428	120-124	-0.029192139826847097
2428	125-129	-0.056708822267701464
2428	130-134	-0.07928795613531037
2428	135-139	-0.10604932090469532
2428	140-144	-0.08446324566913432
2428	145-149	-0.11461589801027117
2428	150	-0.22190774005145641
2429	1	0.09394839525533172
2429	2	0.04454181861545692
2429	3	0.09188545954821592
2429	4	0.06885667795849315
2429	5	0.06273637191872439
2429	6	0.11153434998713863
2429	7	0.14816490143233807
2429	8	0.023327104145636213
2429	9	0.08142948090350188
2429	10-14	0.06470238796955385
2429	15-19	0.06003451299077511
2429	20-24	0.0677559707829829
2429	25-29	0.07470795105543715
2429	30-34	0.08304978081217484
2429	35-39	0.04997565711679641
2429	40-44	0.04101127871863497
2429	45-49	0.062240494186056594
2429	50-54	0.05867203841886237
2429	55-59	0.01121445214214134
2429	60-64	8.865085290636898E-4
2429	65-69	0.007555296377965703
2429	70-74	0.038727591292044394
2429	75-79	0.052357560191644836
2429	80-84	0.015504530865172228
2429	85-89	0.052704004653762127
2429	90-94	0.012531911553452346
2429	95-99	-0.018215303503879454
2429	100-104	0.010387628145657857
2429	105-109	0.01500600047948808
2429	110-114	-0.0029367658392729368
2429	115-119	-0.03032162022554985
2429	120-124	-0.041390040305998355
2429	125-129	-0.09196826768339861
2429	130-134	-0.08358877684239019
2429	135-139	-0.22212655963819117
2429	140-144	-0.13284732686572198
2429	145-149	-0.17295752744564652
2429	150	-0.169700976907194
2430	1	0.0576261526830919
2430	2	0.1053375044111462
2430	3	0.05480670496945805
2430	4	0.048118989720805416
2430	5	0.07168834587069739
2430	6	0.04193524538803928
2430	7	0.08329615906359322
2430	8	0.02974651806505335
2430	9	0.046166965640985325
2430	10-14	0.07668692195409932
2430	15-19	0.031073381529637345
2430	20-24	0.06547514050215142
2430	25-29	0.063565907913393
2430	30-34	0.0351419664043604
2430	35-39	0.057460598101734206
2430	40-44	0.056340338547691715
2430	45-49	0.023064263009821673
2430	50-54	0.018081684328500103
2430	55-59	0.015499352427035262
2430	60-64	0.02166733880989824
2430	65-69	0.012075646398322704
2430	70-74	0.023661453725907222
2430	75-79	0.0010671654012597287
2430	80-84	-0.010584805724164426
2430	85-89	0.01870135915110893
2430	90-94	-0.010084287062753106
2430	95-99	-0.002590354378931181
2430	100-104	-0.06055498479695842
2430	105-109	-0.0019130064395227464
2430	110-114	-0.006407054809564272
2430	115-119	-0.019684461088388616
2430	120-124	-0.02065764307360496
2430	125-129	-0.08985776707289972
2430	130-134	-0.16198560223920566
2430	135-139	-0.13808138259300762
2430	140-144	-0.17479360281198808
2430	145-149	-0.13520396619208697
2430	150	-0.17433874654496861
2431	1	0.01575188688810414
2431	2	0.05001675258520777
2431	3	0.015775983277855232
2431	4	0.03266965625127227
2431	5	0.07344967178111261
2431	6	0.03146407729978051
2431	7	0.06428229216538739
2431	8	0.018621971356843403
2431	9	0.07615215385284557
2431	10-14	0.07660458884209476
2431	15-19	0.07388851509110594
2431	20-24	0.0760572948512035
2431	25-29	0.06417099499649481
2431	30-34	0.06743659330052765
2431	35-39	0.07022664846181925
2431	40-44	0.03976597315620012
2431	45-49	0.028524552095070987
2431	50-54	0.047330292531164275
2431	55-59	0.025559059255783723
2431	60-64	0.0023009513539449244
2431	65-69	0.03328942136128177
2431	70-74	0.05400123103833465
2431	75-79	0.002476251667154372
2431	80-84	0.02211198675757231
2431	85-89	0.06322056340055582
2431	90-94	0.0026740764900381464
2431	95-99	0.021865516707435972
2431	100-104	-0.006301345693835003
2431	105-109	0.03218934812403518
2431	110-114	-0.0059884685691997674
2431	115-119	0.025989807260351938
2431	120-124	-0.022183844616073145
2431	125-129	-0.01978363151950191
2431	130-134	-0.09274243353804934
2431	135-139	-0.1221448179063529
2431	140-144	-0.08605367738168468
2431	145-149	-0.13391526401117915
2431	150	-0.09908260476040454
2432	1	0.05872585664543806
2432	2	0.10089061407158795
2432	3	0.04097807787569252
2432	4	0.13500894974307442
2432	5	0.06468541079656376
2432	6	0.09431695683988295
2432	7	0.012116689401132419
2432	8	0.0628854027368817
2432	9	0.08466299316995674
2432	10-14	0.05355509664160962
2432	15-19	0.07094345389440093
2432	20-24	0.05407349078806334
2432	25-29	0.0873791258679475
2432	30-34	0.06662789829039895
2432	35-39	0.09056335099885615
2432	40-44	0.10598557411269383
2432	45-49	0.03611587983083098
2432	50-54	0.056032774860355516
2432	55-59	0.05137714201258348
2432	60-64	0.04358953404293686
2432	65-69	0.03837115269860192
2432	70-74	0.05922784712704754
2432	75-79	0.05651079173595974
2432	80-84	0.0185311044018448
2432	85-89	0.06534618987829788
2432	90-94	0.02246285123996472
2432	95-99	0.010909392597440615
2432	100-104	0.010953946937270587
2432	105-109	-0.005247351867389227
2432	110-114	-0.005241400237430582
2432	115-119	-0.022314211607088907
2432	120-124	-0.0014839423499495297
2432	125-129	-0.01430448029591247
2432	130-134	-0.006061914166750171
2432	135-139	-0.08653044893580386
2432	140-144	-0.0654215568629084
2432	145-149	-0.07315455067668353
2432	150	0.016793281186423314
2433	1	0.025155517762456725
2433	2	0.04742956790320818
2433	3	0.04373845100120377
2433	4	-0.05853021662839808
2433	5	-0.021298955716602563
2433	6	0.011487626340418444
2433	7	0.04522473049216558
2433	8	0.013621121239658862
2433	9	0.03610982278384256
2433	10-14	0.006319937827115041
2433	15-19	0.050057191053447525
2433	20-24	0.059859902406905974
2433	25-29	0.032365272992755934
2433	30-34	0.025020379102777213
2433	35-39	0.014730756831887959
2433	40-44	0.047769227436582185
2433	45-49	0.037428072533636225
2433	50-54	0.06532263670945326
2433	55-59	0.08432157464926604
2433	60-64	0.017400354682912678
2433	65-69	0.043295011477681555
2433	70-74	0.06181796166241327
2433	75-79	0.052057959052049796
2433	80-84	0.0225456704663074
2433	85-89	0.04405215280191044
2433	90-94	0.002956982778520967
2433	95-99	-0.04254749723607887
2433	100-104	-0.0020711752731443767
2433	105-109	0.011005088798576423
2433	110-114	0.06704659598408824
2433	115-119	0.03695712621319558
2433	120-124	-0.0014624049783549253
2433	125-129	-0.009439036914166365
2433	130-134	-0.021139887953502523
2433	135-139	-0.08085852545016081
2433	140-144	-0.05138852344691003
2433	145-149	-0.04287285508097227
2433	150	-0.08054827035449108
2434	1	0.10949913871961314
2434	2	0.12507434651640637
2434	3	0.12293148119574226
2434	4	0.021685942817832426
2434	5	0.05897620838412365
2434	6	0.12285003235545844
2434	7	0.08051867965077975
2434	8	0.08466864481048475
2434	9	0.12076775332447909
2434	10-14	0.06329487039663206
2434	15-19	0.07686375030873194
2434	20-24	0.10865308536430263
2434	25-29	0.06326121761622261
2434	30-34	0.06706659941546178
2434	35-39	0.08456962065812235
2434	40-44	0.08819264789248393
2434	45-49	0.08535176748529949
2434	50-54	0.06406073910830656
2434	55-59	0.06113236352621243
2434	60-64	0.0876925804855162
2434	65-69	0.06677722176530665
2434	70-74	0.032328657449504306
2434	75-79	0.08897604474247345
2434	80-84	0.05984967333061775
2434	85-89	0.07608786112031396
2434	90-94	0.049755311934745805
2434	95-99	0.028466036598516098
2434	100-104	0.08192406998285406
2434	105-109	0.0807328940259282
2434	110-114	0.0980678825337975
2434	115-119	0.06133433590409254
2434	120-124	0.03721543247240788
2434	125-129	-0.01192704741661288
2434	130-134	0.052229936607901095
2434	135-139	0.046477872688051036
2434	140-144	-0.007370401952705663
2434	145-149	-0.061444388676875406
2434	150	-0.020926644862186095
2435	1	0.087587866917886
2435	2	0.10329114139971551
2435	3	0.050580376583894804
2435	4	0.07314896909804958
2435	5	0.049221125869166826
2435	6	0.08483707088387149
2435	7	0.1361090648354235
2435	8	0.119229612496909
2435	9	0.12318506783820027
2435	10-14	0.0856296619800645
2435	15-19	0.06318333137306098
2435	20-24	0.08393999270573005
2435	25-29	0.0858069395604204
2435	30-34	0.06340735072597425
2435	35-39	0.08923312400747818
2435	40-44	0.04459813573178906
2435	45-49	0.05741365323820702
2435	50-54	0.05218778968278315
2435	55-59	0.08522506976797217
2435	60-64	0.07292651084441815
2435	65-69	0.05655469265948199
2435	70-74	0.08829259917998655
2435	75-79	0.04310641228875056
2435	80-84	0.047409478462505206
2435	85-89	0.05048877926975592
2435	90-94	0.029128178247731285
2435	95-99	0.06732981518595693
2435	100-104	0.03704961840593768
2435	105-109	0.08376232517949234
2435	110-114	0.038001033893749536
2435	115-119	0.05887193323907525
2435	120-124	0.06404244858309482
2435	125-129	0.0148787071995784
2435	130-134	-0.018470160632162447
2435	135-139	-0.08275673967221309
2435	140-144	-0.014504960604085682
2435	145-149	-0.03151772488037352
2435	150	0.047106883212904904
2436	1	0.017921827406027546
2436	2	0.004068832553976165
2436	3	0.09756513108089848
2436	4	0.0227913921452938
2436	5	0.028338316705827538
2436	6	4.238710886284025E-4
2436	7	0.03625189186266198
2436	8	0.022338197200760135
2436	9	0.07465013877887117
2436	10-14	0.04056640763794661
2436	15-19	0.04856082795504335
2436	20-24	0.03955979470822513
2436	25-29	0.0416918240707318
2436	30-34	0.0732373355301803
2436	35-39	0.07692215119448065
2436	40-44	0.05441303515696205
2436	45-49	0.05526793524740725
2436	50-54	0.017390768551578617
2436	55-59	0.01473475097132848
2436	60-64	0.016775743364682683
2436	65-69	0.05821727354447148
2436	70-74	0.0710138541215315
2436	75-79	0.05135060989923801
2436	80-84	0.031065786449509858
2436	85-89	0.05375863642026246
2436	90-94	0.05014355397602799
2436	95-99	0.01583077366753116
2436	100-104	0.03399113373922802
2436	105-109	0.038877488348838085
2436	110-114	0.014100908468059004
2436	115-119	-0.009966764352320467
2436	120-124	-0.022902158809948503
2436	125-129	0.016840097551380495
2436	130-134	-0.0940652350154565
2436	135-139	-0.10788793074041081
2436	140-144	-0.07684602349623049
2436	145-149	-0.04613055948163236
2436	150	0.04820595178883025
2437	1	0.08762615268309304
2437	2	0.06676607583971617
2437	3	-0.010193295030539673
2437	4	0.06669041829223232
2437	5	0.052759774442122875
2437	6	0.12943524538803786
2437	7	0.11865330192073742
2437	8	0.09367508949362247
2437	9	0.07402410849812924
2437	10-14	0.0596869219540892
2437	15-19	0.0803590958153535
2437	20-24	0.06476085478786331
2437	25-29	0.0714230507705409
2437	30-34	0.07849910926150727
2437	35-39	0.09274631238744746
2437	40-44	0.08448319569055229
2437	45-49	0.054349977295537144
2437	50-54	0.026653112899929
2437	55-59	0.07678506671274477
2437	60-64	0.06988162452417868
2437	65-69	0.0691470749697487
2437	70-74	0.019375739440192774
2437	75-79	0.05556716540124995
2437	80-84	0.04677233713297824
2437	85-89	0.05777278772253425
2437	90-94	0.043772855794401266
2437	95-99	0.04840964562107075
2437	100-104	0.015945015203044477
2437	105-109	0.038515564989047846
2437	110-114	0.024092945190439252
2437	115-119	0.023529824625896367
2437	120-124	0.03048521406925886
2437	125-129	0.004785090069958642
2437	130-134	-0.03341417366777932
2437	135-139	-0.058009954021585486
2437	140-144	-0.004007888526281533
2437	145-149	-0.0270611090492352
2437	150	-0.058624460830678515
2438	1	0.03689934720075172
2438	2	0.0981990401693622
2438	3	0.1365950549958157
2438	4	0.050712119223533136
2438	5	0.05843320617644565
2438	6	0.054422505974926594
2438	7	0.06815778267983319
2438	8	-0.002263234175323703
2438	9	0.004402776570522349
2438	10-14	0.08836360443520164
2438	15-19	0.06955475562909186
2438	20-24	0.07897926982916204
2438	25-29	0.08388975258041143
2438	30-34	0.05809900383188449
2438	35-39	0.054807022280265016
2438	40-44	0.0547368417984373
2438	45-49	0.044502147388669755
2438	50-54	0.04407825786566377
2438	55-59	0.03309046119526471
2438	60-64	0.02119106047568664
2438	65-69	0.04585538633857311
2438	70-74	0.05811980902375069
2438	75-79	0.0798084235281209
2438	80-84	0.03313237930483126
2438	85-89	0.05460954751870872
2438	90-94	0.026303693959917496
2438	95-99	-0.009201934066155104
2438	100-104	0.013971109035416873
2438	105-109	0.06117081011292669
2438	110-114	0.05604585329094647
2438	115-119	0.04049626286170138
2438	120-124	0.004274091243743783
2438	125-129	0.019580556596054066
2438	130-134	-0.02551608897265112
2438	135-139	-0.02849818104671442
2438	140-144	-0.03653477308083808
2438	145-149	-0.018728215006007076
2438	150	0.09464034324593484
2439	1	0.07345021643416771
2439	2	0.1332919462091482
2439	3	0.08013597573417286
2439	4	0.004371080127739901
2439	5	0.12411803218296313
2439	6	0.02673710014909858
2439	7	0.05083239278376084
2439	8	0.13654464810103661
2439	9	0.1161086876295343
2439	10-14	0.09432620640147604
2439	15-19	0.11099242577024881
2439	20-24	0.09818562547656029
2439	25-29	0.10105483509121882
2439	30-34	0.09478092145428008
2439	35-39	0.08543432232004733
2439	40-44	0.07956506362749849
2439	45-49	0.10825095535259521
2439	50-54	0.10632115627904426
2439	55-59	0.10162883096553088
2439	60-64	0.08547104326435573
2439	65-69	0.07283435009264139
2439	70-74	0.0749388823986834
2439	75-79	0.0649570706361402
2439	80-84	0.09749067696979807
2439	85-89	0.05447242791916551
2439	90-94	0.0750265425120702
2439	95-99	0.04999822819847566
2439	100-104	0.07128832336703539
2439	105-109	0.06549843632133445
2439	110-114	0.04244656602862307
2439	115-119	0.05449460443635701
2439	120-124	0.041149963473806395
2439	125-129	0.07805641222066839
2439	130-134	-0.02980985602728481
2439	135-139	0.0027585302433550396
2439	140-144	0.009230772599750026
2439	145-149	-0.019854019402437473
2439	150	0.016350961051443846
2440	1	0.12841660509801045
2440	2	0.1016438015376977
2440	3	0.07783044656310523
2440	4	-0.005869699906256187
2440	5	0.05543707218004812
2440	6	0.044687436135944836
2440	7	0.11310204860914297
2440	8	0.03598301694420769
2440	9	0.07345247613619676
2440	10-14	0.06119965886055212
2440	15-19	0.0694690407919154
2440	20-24	0.08844314539312137
2440	25-29	0.07895229470776854
2440	30-34	0.07892319729901232
2440	35-39	0.08755729669557155
2440	40-44	0.07983463241359345
2440	45-49	0.03230229031775167
2440	50-54	0.05716472895862523
2440	55-59	0.08007995157112191
2440	60-64	0.09093399868353913
2440	65-69	0.07361395901295253
2440	70-74	0.03195419878399264
2440	75-79	0.04643510915507676
2440	80-84	0.040388599615148735
2440	85-89	0.012795408468413427
2440	90-94	0.051311270304282175
2440	95-99	0.052496154689748664
2440	100-104	0.024824269329805304
2440	105-109	0.034447295170416226
2440	110-114	0.0425131612083689
2440	115-119	0.03640164039928351
2440	120-124	0.007763082420595424
2440	125-129	-0.0055721546824401
2440	130-134	-0.014065080535523578
2440	135-139	-0.05195421731891514
2440	140-144	-0.013954597309648875
2440	145-149	-3.9868801805198473E-4
2440	150	-0.0010108476250536569
2441	1	0.06181960873382053
2441	2	0.10527144839564073
2441	3	0.03472611663055147
2441	4	-6.563317518057943E-4
2441	5	0.03461859071832407
2441	6	0.050223954213123534
2441	7	0.1252782799020693
2441	8	0.08023577295319484
2441	9	0.05727142222016113
2441	10-14	0.05414755256885684
2441	15-19	0.039948227398937775
2441	20-24	0.06921725781763399
2441	25-29	0.05306053535746713
2441	30-34	0.08181793962965855
2441	35-39	0.042581172348697294
2441	40-44	0.030200035570771888
2441	45-49	0.03792087741884842
2441	50-54	0.06190509458039628
2441	55-59	0.0446374535367795
2441	60-64	0.08587493084794318
2441	65-69	0.08778526415417787
2441	70-74	0.04157892774388472
2441	75-79	0.08159834384057518
2441	80-84	0.047587027990829256
2441	85-89	0.041691406711443335
2441	90-94	0.05321463842606278
2441	95-99	0.03754607331175208
2441	100-104	0.0084279287137079
2441	105-109	0.01948385810160147
2441	110-114	0.05380370791722555
2441	115-119	0.02968307458185393
2441	120-124	0.03253339092323415
2441	125-129	0.0013408413470443747
2441	130-134	0.024249381026592687
2441	135-139	-0.06491139844645488
2441	140-144	0.009891442106095383
2441	145-149	-0.04500060173903364
2441	150	-0.08737027728302849
2442	1	0.07923814477317137
2442	2	0.09707806415117659
2442	3	0.03076590843571836
2442	4	0.01685094679564969
2442	5	0.06664652910872348
2442	6	0.08434033897193416
2442	7	0.056487647085361914
2442	8	0.06614164867945505
2442	9	0.07169635073305614
2442	10-14	0.03711425903246379
2442	15-19	0.04593678430566683
2442	20-24	0.0630135942895933
2442	25-29	0.08397603966138689
2442	30-34	0.09312744389636407
2442	35-39	0.06171783416490939
2442	40-44	0.05430974429624058
2442	45-49	0.06490624099304654
2442	50-54	0.06209547630270151
2442	55-59	0.07568115457833358
2442	60-64	0.09018628230688108
2442	65-69	0.04382901567055342
2442	70-74	0.08796020426121487
2442	75-79	0.08984479343360618
2442	80-84	0.10585803630419832
2442	85-89	0.0865474054518387
2442	90-94	0.05796690068443411
2442	95-99	0.04309129662744482
2442	100-104	0.06512141392335735
2442	105-109	0.010260961366604704
2442	110-114	0.03474231416038265
2442	115-119	0.018785183972944708
2442	120-124	0.02015137272104539
2442	125-129	-0.026495182998537814
2442	130-134	-0.015520730838346708
2442	135-139	-0.06879287212623098
2442	140-144	-0.031103223186327966
2442	145-149	-0.04433930387504148
2442	150	-0.04407902918597273
2443	1	0.17408204998863397
2443	2	0.10573150542791865
2443	3	0.11491219556427268
2443	4	0.0915493405088057
2443	5	0.09502591577410158
2443	6	0.10645227639972887
2443	7	0.10071227497615354
2443	8	0.0979735134895563
2443	9	0.1489325985845511
2443	10-14	0.08958168555348323
2443	15-19	0.08600347812343756
2443	20-24	0.07230991426930444
2443	25-29	0.07486789062819099
2443	30-34	0.06977058867177988
2443	35-39	0.07069115224509659
2443	40-44	0.08979051648363168
2443	45-49	0.04497122793102193
2443	50-54	0.06426394157303861
2443	55-59	0.08525380082561185
2443	60-64	0.05617242269398304
2443	65-69	0.06975663267183307
2443	70-74	0.0691889066999849
2443	75-79	0.06111317455225418
2443	80-84	0.014334614713050087
2443	85-89	0.006459112074352902
2443	90-94	0.03802349127990112
2443	95-99	0.04098844582441785
2443	100-104	0.022117104679402644
2443	105-109	0.05039507693617651
2443	110-114	0.04812344849496242
2443	115-119	0.07396805543422857
2443	120-124	0.03721754757205531
2443	125-129	0.08150954355242135
2443	130-134	0.036456695676392314
2443	135-139	-0.048276603741975066
2443	140-144	-0.02597458908551431
2443	145-149	0.019167919928911203
2443	150	0.15022658136555833
2444	1	0.0010516795943331658
2444	2	0.04123420692557289
2444	3	0.01020859396852103
2444	4	0.04734921624815058
2444	5	-0.003271738536795965
2444	6	0.11635354554312016
2444	7	0.014508944765168508
2444	8	0.07407183014397134
2444	9	0.0659508621146827
2444	10-14	0.06524807925204357
2444	15-19	0.04500678350761689
2444	20-24	0.026608946720848792
2444	25-29	0.009656188339505434
2444	30-34	0.03815357243492912
2444	35-39	0.08185247006674246
2444	40-44	0.030049272521708303
2444	45-49	0.06822199316007982
2444	50-54	0.03882328807090829
2444	55-59	0.01667376068473203
2444	60-64	-0.009074315780395636
2444	65-69	0.05711547300701625
2444	70-74	-0.014574696580453406
2444	75-79	-0.016461639927598526
2444	80-84	-0.032641259592416816
2444	85-89	-0.030126075827148213
2444	90-94	-0.006324289096660607
2444	95-99	-0.05098914165679247
2444	100-104	-0.06573984229574847
2444	105-109	-0.07903832106083541
2444	110-114	-0.06358478089197916
2444	115-119	-0.09334333531613481
2444	120-124	-0.09101969275198485
2444	125-129	-0.07470381237836676
2444	130-134	-0.14796114440482455
2444	135-139	-0.1742038751565076
2444	140-144	-0.18380504358691496
2444	145-149	-0.15923466560479937
2444	150	-0.03115414328561883
2445	1	0.07416732892741607
2445	2	0.0464772074652231
2445	3	0.0484703842268388
2445	4	0.027348225303029494
2445	5	0.06803050039540182
2445	6	0.05585567516468615
2445	7	0.043550345283051684
2445	8	0.011656088031976708
2445	9	0.03451068438857874
2445	10-14	0.059821111763568524
2445	15-19	0.04994874373699787
2445	20-24	0.05671251773629393
2445	25-29	0.07472371492418972
2445	30-34	0.061954272479191275
2445	35-39	0.0764094787848606
2445	40-44	0.07445818094582535
2445	45-49	0.06795748556540104
2445	50-54	0.054391285067019624
2445	55-59	0.07710247574421913
2445	60-64	0.05171186787622872
2445	65-69	0.06514289516104554
2445	70-74	0.0551309898440735
2445	75-79	0.02285231554100875
2445	80-84	0.047162751780255974
2445	85-89	0.1090912481169326
2445	90-94	0.03466346276415777
2445	95-99	0.031603929796780506
2445	100-104	0.05289415231615635
2445	105-109	0.04173830007123769
2445	110-114	0.020563135205051708
2445	115-119	0.07389400648603583
2445	120-124	0.04509986391411758
2445	125-129	0.04302821133569523
2445	130-134	0.049390042041117965
2445	135-139	-0.062579523475641
2445	140-144	-0.02267479880142531
2445	145-149	0.008368731707747656
2445	150	0.0702164756516126
2446	1	0.12286533748087436
2446	2	0.12152539950876218
2446	3	0.05809804265256702
2446	4	0.06889490431625234
2446	5	0.09828549228213035
2446	6	0.10512890351593995
2446	7	0.12463898320231692
2446	8	0.08306768641154605
2446	9	0.1403881949181951
2446	10-14	0.06269590923481161
2446	15-19	0.09583518050904871
2446	20-24	0.08388911394651899
2446	25-29	0.08570348439413777
2446	30-34	0.09621311571000746
2446	35-39	0.1095381197448333
2446	40-44	0.10454124489210415
2446	45-49	0.09470957007525271
2446	50-54	0.08364500149826881
2446	55-59	0.05260029431437374
2446	60-64	0.08808107107017094
2446	65-69	0.05945180471663036
2446	70-74	0.02488000459036499
2446	75-79	0.0741307999185139
2446	80-84	0.023593911684251623
2446	85-89	0.05881475375367273
2446	90-94	0.05478752994198999
2446	95-99	0.05871626675895669
2446	100-104	0.029808111498958567
2446	105-109	0.01602575819020302
2446	110-114	0.02726327193140321
2446	115-119	0.014764027068196128
2446	120-124	0.04211453951545252
2446	125-129	0.008849143485889499
2446	130-134	-0.022667721612641856
2446	135-139	-0.05291542255340431
2446	140-144	-0.040343654856975775
2446	145-149	-0.10823408881515917
2446	150	-0.07009542988295436
2447	1	0.1193110456735198
2447	2	0.1652431887392538
2447	3	0.05596546756815712
2447	4	0.02055653573619054
2447	5	0.16261817399529832
2447	6	0.025157337850401973
2447	7	0.11895211631054536
2447	8	0.06600708573623137
2447	9	0.057573195806767785
2447	10-14	0.07840587902332885
2447	15-19	0.0853144767592724
2447	20-24	0.10528595062680068
2447	25-29	0.09572658729089056
2447	30-34	0.1166147506842421
2447	35-39	0.12375528697425864
2447	40-44	0.1104413692923174
2447	45-49	0.08632144140988629
2447	50-54	0.08435585985974114
2447	55-59	0.08501543559746239
2447	60-64	0.070025268688795
2447	65-69	0.10480456817850836
2447	70-74	0.09546823988448239
2447	75-79	0.06588484292544194
2447	80-84	0.06965753350760195
2447	85-89	0.07807901534953743
2447	90-94	0.09701251661340393
2447	95-99	0.11075109881866751
2447	100-104	0.05802918844938887
2447	105-109	0.06486172762328835
2447	110-114	0.06330379085800786
2447	115-119	0.07234355434739115
2447	120-124	0.041972367843158054
2447	125-129	0.023777169076787175
2447	130-134	-0.0031902025083212493
2447	135-139	-0.018580963694333263
2447	140-144	0.0035163060458103246
2447	145-149	0.01609503860620265
2447	150	0.03866589942218468
2448	1	0.04289408967365915
2448	2	0.10789582518177099
2448	3	0.04988687207475806
2448	4	0.02457483712863251
2448	5	0.06538880834865779
2448	6	0.0026106931740201844
2448	7	-3.2848002473429005E-4
2448	8	0.04667621374944275
2448	9	0.08562425669548901
2448	10-14	0.04973452396753686
2448	15-19	0.06546110925531679
2448	20-24	0.07305783718303616
2448	25-29	0.0800347481413084
2448	30-34	0.07327185627838873
2448	35-39	0.08255806341588823
2448	40-44	0.06966970717584076
2448	45-49	0.08852970491901857
2448	50-54	0.02205683571977346
2448	55-59	0.04690893926301953
2448	60-64	0.09058106495139384
2448	65-69	0.09982466906228638
2448	70-74	0.06908822379004675
2448	75-79	0.0737596431077776
2448	80-84	0.031582746719813315
2448	85-89	0.04867106812216093
2448	90-94	0.03249404035120307
2448	95-99	0.004029072250602894
2448	100-104	0.04201026036746924
2448	105-109	0.04036080095501404
2448	110-114	0.03342702802765274
2448	115-119	0.036701299189601855
2448	120-124	0.06347643720849305
2448	125-129	0.013413932341975965
2448	130-134	-0.04515150662636813
2448	135-139	-0.031888623822538875
2448	140-144	-0.01041930227797394
2448	145-149	-0.022198510996233267
2448	150	0.05361229722435468
2449	1	0.05193675797107744
2449	2	0.08913763699317911
2449	3	0.14496714198024563
2449	4	0.07974700787434585
2449	5	0.09579571182261049
2449	6	0.07536159861717096
2449	7	0.10313941905187107
2449	8	0.10740408671450297
2449	9	0.09955469160411923
2449	10-14	0.08465234863878379
2449	15-19	0.10475642122776208
2449	20-24	0.09317489318565464
2449	25-29	0.08628723067415933
2449	30-34	0.06688780409336204
2449	35-39	0.09099501843778057
2449	40-44	0.08945804334868512
2449	45-49	0.10504312637383606
2449	50-54	0.08657921116360967
2449	55-59	0.09721682520947184
2449	60-64	0.1071872006186183
2449	65-69	0.13109493453477228
2449	70-74	0.1137095784550155
2449	75-79	0.08599645073309858
2449	80-84	0.08392654023846546
2449	85-89	0.09007023041905171
2449	90-94	0.09580806652334672
2449	95-99	0.09682012725080824
2449	100-104	0.0678855955044142
2449	105-109	0.07105071197663193
2449	110-114	0.05113876248218929
2449	115-119	0.029976269132660605
2449	120-124	0.024366234441004053
2449	125-129	-0.018645444592593208
2449	130-134	-0.004618681456982188
2449	135-139	-0.05351500233754081
2449	140-144	0.008928408355494355
2449	145-149	0.028386164095259403
2449	150	0.07918768062415182
2450	1	0.0844911751963906
2450	2	0.18152456949506046
2450	3	0.08234354492034157
2450	4	0.09817936630697233
2450	5	0.037353511650472626
2450	6	0.12129259291157268
2450	7	0.13589235226866947
2450	8	0.06593051315306298
2450	9	0.09093159928814032
2450	10-14	0.06767996329670467
2450	15-19	0.09592909172202724
2450	20-24	0.08474284414520383
2450	25-29	0.10422247770463144
2450	30-34	0.095125797759259
2450	35-39	0.06326923502354731
2450	40-44	0.040238619349977967
2450	45-49	0.08495292449160985
2450	50-54	0.033061013022731345
2450	55-59	0.05233029798577604
2450	60-64	0.05954433430723327
2450	65-69	0.05573364885431431
2450	70-74	0.040170868380023705
2450	75-79	0.04224788582695993
2450	80-84	0.04677233713297824
2450	85-89	0.01709697929028664
2450	90-94	0.0177429745008979
2450	95-99	0.00911267468369914
2450	100-104	0.03851132711462668
2450	105-109	0.006500829008693643
2450	110-114	5.9789234647666945E-5
2450	115-119	0.02511107718422778
2450	120-124	0.04754313465869586
2450	125-129	0.03604706305399219
2450	130-134	-0.00422710858386921
2450	135-139	-0.002551705965906592
2450	140-144	0.01045527152283654
2450	145-149	-0.02853777708033789
2450	150	-0.04934693320071659
2451	1	0.00331468259675205
2451	2	0.027551166128283455
2451	3	0.02654975822570549
2451	4	-0.024686259496014884
2451	5	0.04159754791842829
2451	6	0.049042318204683966
2451	7	0.06716946217339625
2451	8	0.0995176129890254
2451	9	0.07315828061946661
2451	10-14	0.06853767202413508
2451	15-19	0.0704633288082448
2451	20-24	0.05613392867421396
2451	25-29	0.025613102473158733
2451	30-34	0.05161830545130641
2451	35-39	0.04577938423626193
2451	40-44	0.05125485093849136
2451	45-49	0.05279910242607144
2451	50-54	0.015402940982340851
2451	55-59	0.08353090885420755
2451	60-64	0.0580202282987301
2451	65-69	0.03992289444354924
2451	70-74	0.03001177081834072
2451	75-79	0.043922640021129666
2451	80-84	0.027753795503450363
2451	85-89	0.053295646393550555
2451	90-94	0.023922589640505976
2451	95-99	0.06490666571632175
2451	100-104	0.0420226073381329
2451	105-109	0.010504027409140804
2451	110-114	0.03183285299167693
2451	115-119	0.023165817800133937
2451	120-124	0.02255974989179066
2451	125-129	0.02841784864673258
2451	130-134	-0.05644440569285081
2451	135-139	-0.043541128409685825
2451	140-144	-0.056950264299906905
2451	145-149	-0.041464173002573546
2451	150	-0.015393174377784646
2452	1	-0.0841936908591947
2452	2	-0.12174348546511737
2452	3	-0.07630920667794783
2452	4	-0.056542274212112886
2452	5	-0.08047598586056637
2452	6	-0.11217202529403636
2452	7	-0.033154653902961684
2452	8	-0.060887237942715444
2452	9	-0.09208029890549341
2452	10-14	-0.07766546581561329
2452	15-19	-0.09458593946432359
2452	20-24	-0.1184201453143956
2452	25-29	-0.09585253978064401
2452	30-34	-0.13706413851434007
2452	35-39	-0.09113879856459306
2452	40-44	-0.1317473493549599
2452	45-49	-0.15433557337426862
2452	50-54	-0.18363030053703255
2452	55-59	-0.14653572273402204
2452	60-64	-0.16363529949668276
2452	65-69	-0.16814272971376454
2452	70-74	-0.21230106800432935
2452	75-79	-0.24034928822386092
2452	80-84	-0.24297354690424555
2452	85-89	-0.26167071365797057
2452	90-94	-0.1933447431421058
2452	95-99	-0.21933833474501796
2452	100-104	-0.31649812826766066
2452	105-109	-0.30944036097475447
2452	110-114	-0.30091615594464116
2452	115-119	-0.3148520140079185
2452	120-124	-0.38928240020622695
2452	125-129	-0.46201427591838495
2452	130-134	-0.4598573682684588
2452	135-139	-0.5171260701888798
2452	140-144	-0.47657916370778963
2452	145-149	-0.4913210026988821
2452	150	-0.31214015773220183
2453	1	0.0913001471600623
2453	2	0.05533942212829146
2453	3	0.10007870118516848
2453	4	-0.027637421846861798
2453	5	0.12276188393099119
2453	6	0.12291238619961575
2453	7	0.146456876545507
2453	8	0.10512986972324256
2453	9	0.11044066223256266
2453	10-14	0.07667536451207013
2453	15-19	0.06962723102719792
2453	20-24	0.07649940601648808
2453	25-29	0.09648766505369366
2453	30-34	0.08297114894545388
2453	35-39	0.06568125063694907
2453	40-44	0.05384284436477316
2453	45-49	0.0452790217610044
2453	50-54	0.032371323541980246
2453	55-59	0.06366956900122744
2453	60-64	0.07283485779529997
2453	65-69	0.05185573538039279
2453	70-74	0.06102107683055635
2453	75-79	0.0924600289365074
2453	80-84	0.05360516333666254
2453	85-89	0.06633352821705074
2453	90-94	0.0030000669222687293
2453	95-99	0.02560843618078934
2453	100-104	0.06445644479725132
2453	105-109	0.011653947458562186
2453	110-114	0.02340144195588323
2453	115-119	0.045106546096654654
2453	120-124	0.06244633555024848
2453	125-129	0.01482367453900224
2453	130-134	-0.011591779845389283
2453	135-139	0.004432156490061345
2453	140-144	0.001083279747007282
2453	145-149	-0.0611356826767846
2453	150	-0.0743811920178743
2454	1	0.15361833659699897
2454	2	0.08192112250672068
2454	3	0.07279658103413311
2454	4	0.031126461542093864
2454	5	0.04468293963822845
2454	6	0.03673327670338011
2454	7	0.0766535059295137
2454	8	0.09128589175811896
2454	9	0.08450225405838552
2454	10-14	0.06438539698852708
2454	15-19	0.07370649725361744
2454	20-24	0.08382593358624035
2454	25-29	0.09349659593297588
2454	30-34	0.10793405596421479
2454	35-39	0.1026222495527449
2454	40-44	0.07823234140381885
2454	45-49	0.10902494031894605
2454	50-54	0.10726312463043541
2454	55-59	0.10740260126674173
2454	60-64	0.1177244357650622
2454	65-69	0.08886549186166803
2454	70-74	0.11288430780863479
2454	75-79	0.1023713169797773
2454	80-84	0.07980518254533564
2454	85-89	0.04853353643473213
2454	90-94	0.08196793918298084
2454	95-99	0.050199950104165225
2454	100-104	0.034250747849547736
2454	105-109	0.11095331681237752
2454	110-114	0.09946337411888351
2454	115-119	0.005883677841580948
2454	120-124	0.04982537319610003
2454	125-129	0.0325750120366024
2454	130-134	-0.004169720156284029
2454	135-139	-0.007315533661504503
2454	140-144	-0.020278021641999544
2454	145-149	-0.04330875019779512
2454	150	0.02327027064277587
2455	1	0.04212290592984402
2455	2	0.008668762194460555
2455	3	0.0644460040265713
2455	4	0.04856063711450531
2455	5	0.09366219394043185
2455	6	0.07342697283866784
2455	7	0.0410034175585281
2455	8	0.0040940540906717615
2455	9	0.032987816023478445
2455	10-14	0.06395110982101926
2455	15-19	0.05568154733643382
2455	20-24	0.06561959878359147
2455	25-29	0.09415708386074328
2455	30-34	0.09973963585819945
2455	35-39	0.07689726417538623
2455	40-44	0.056573304212165
2455	45-49	0.05097620038751671
2455	50-54	0.038459108274416565
2455	55-59	0.027853204054856917
2455	60-64	0.024331366562968526
2455	65-69	0.09000759800835567
2455	70-74	0.03920628560635464
2455	75-79	0.06550614423065326
2455	80-84	0.05382179452490021
2455	85-89	0.08131628532083113
2455	90-94	0.07915321516105678
2455	95-99	0.05287637751931129
2455	100-104	0.04696467362681034
2455	105-109	0.07517470037421248
2455	110-114	0.033479887015730014
2455	115-119	0.03058123896497733
2455	120-124	0.07197382819486364
2455	125-129	0.012013519175098963
2455	130-134	-0.0048448799478109095
2455	135-139	0.018114667931804718
2455	140-144	0.012461511936272984
2455	145-149	-0.02750631452868646
2455	150	-0.017861251437331305
2456	1	0.08661970015617015
2456	2	0.014068378657704272
2456	3	0.05389781310402242
2456	4	0.09106667402352286
2456	5	0.030338853314930248
2456	6	0.0662443999910991
2456	7	0.05818398040201345
2456	8	0.09067756231831225
2456	9	0.110652051417091
2456	10-14	0.06894347751537566
2456	15-19	0.08819035128905739
2456	20-24	0.08955901047278303
2456	25-29	0.08189690580118736
2456	30-34	0.11922153469038221
2456	35-39	0.10295637369289068
2456	40-44	0.08005959566993681
2456	45-49	0.08705699908730935
2456	50-54	0.05070888024833664
2456	55-59	0.09434284323121744
2456	60-64	0.07211448218220795
2456	65-69	0.05766322560597814
2456	70-74	0.0532118375289059
2456	75-79	0.035495917139961364
2456	80-84	0.04029018783619165
2456	85-89	0.05695665254145865
2456	90-94	0.04046251629617359
2456	95-99	0.02100417964817325
2456	100-104	0.029213084854269766
2456	105-109	0.012460802225668033
2456	110-114	0.04521107408642422
2456	115-119	0.005832436546967301
2456	120-124	0.011430683133198727
2456	125-129	0.04356315405429001
2456	130-134	-0.002354053117578303
2456	135-139	-0.06495799894457122
2456	140-144	-0.016679595290483462
2456	145-149	-0.044962170303165294
2456	150	0.10817941326133251
2457	1	0.08759861052936913
2457	2	0.09570421590385081
2457	3	0.018309084197760228
2457	4	0.01866595361860135
2457	5	0.09826380878576657
2457	6	0.04978721600974012
2457	7	-0.005396558428905962
2457	8	0.05721651909949799
2457	9	0.052926042914180016
2457	10-14	0.04249058389678595
2457	15-19	0.03397578144688396
2457	20-24	0.00978299195554655
2457	25-29	0.06068300732376741
2457	30-34	0.01991950855807545
2457	35-39	0.04199504518975772
2457	40-44	0.07345076577433929
2457	45-49	0.08791488885031384
2457	50-54	0.03354361667566508
2457	55-59	0.05786068479488904
2457	60-64	0.04978997251217976
2457	65-69	0.07096139171743943
2457	70-74	0.0762674845524316
2457	75-79	0.09541499823460953
2457	80-84	0.052800577538484106
2457	85-89	0.05502384803080673
2457	90-94	0.062089913826866905
2457	95-99	0.07963468958507036
2457	100-104	0.03584886334621018
2457	105-109	0.04708564877926591
2457	110-114	0.03630231728105571
2457	115-119	0.04497101630894207
2457	120-124	0.08851278208415891
2457	125-129	0.040373897352459664
2457	130-134	0.05951807004795029
2457	135-139	0.06689492856867219
2457	140-144	0.0028568575169600763
2457	145-149	0.015287344452374896
2457	150	0.0522693014533786
2458	1	0.09876326829227366
2458	2	0.01759584098828526
2458	3	0.08078017065000864
2458	4	0.03642539947816914
2458	5	0.05425030253346819
2458	6	0.12499026030953786
2458	7	0.1113755025175962
2458	8	0.11488373098836746
2458	9	0.10396377373751875
2458	10-14	0.07977035260155674
2458	15-19	0.0771662192096727
2458	20-24	0.06263149187103068
2458	25-29	0.08103976285046599
2458	30-34	0.11147056378336373
2458	35-39	0.08578218886338362
2458	40-44	0.08079946661308668
2458	45-49	0.10199134228840023
2458	50-54	0.0884294850291596
2458	55-59	0.12445575569679335
2458	60-64	0.11018446609677568
2458	65-69	0.09814396091758226
2458	70-74	0.11925539429941523
2458	75-79	0.10680227633936568
2458	80-84	0.09740358145632655
2458	85-89	0.11508769624725801
2458	90-94	0.08255201759534714
2458	95-99	0.13905613582478082
2458	100-104	0.12147382018552122
2458	105-109	0.02396087444798667
2458	110-114	0.05586510037403514
2458	115-119	0.0898606926679264
2458	120-124	0.12525003825506786
2458	125-129	0.050859697569627826
2458	130-134	0.03216205573406228
2458	135-139	0.028759930498985398
2458	140-144	-0.009638938221357307
2458	145-149	0.02398631537013074
2458	150	0.06239668877357474
2459	1	0.06400414012874478
2459	2	0.033069618326400985
2459	3	0.02413621797401788
2459	4	0.08683956547136518
2459	5	0.04452838085821753
2459	6	0.04082297660153955
2459	7	0.05042840418206396
2459	8	0.03884539640623075
2459	9	0.019924265427455623
2459	10-14	0.058653220737248546
2459	15-19	0.08021406481537952
2459	20-24	0.0914022326788384
2459	25-29	0.0633344500141888
2459	30-34	0.06491682426754863
2459	35-39	0.05043810061003029
2459	40-44	0.06310848189362872
2459	45-49	0.03410959243277745
2459	50-54	0.04666640044077042
2459	55-59	-0.011366665941409337
2459	60-64	0.013954635251977265
2459	65-69	0.03679151426896965
2459	70-74	0.04384494527486993
2459	75-79	-0.0030004814305684135
2459	80-84	-0.01972775290844453
2459	85-89	0.031070053036010847
2459	90-94	-0.021357369823675754
2459	95-99	-0.0019934183597953847
2459	100-104	-0.022645797999601314
2459	105-109	-0.032115213740596005
2459	110-114	-0.015469607869682989
2459	115-119	-0.001202340741599528
2459	120-124	-0.0017269106509729681
2459	125-129	-0.021445750402378394
2459	130-134	-0.03390842388002113
2459	135-139	-0.04882003094268583
2459	140-144	-0.06813282742675142
2459	145-149	-0.09683362583552224
2459	150	-0.008776759459479422
2460	1	0.03116308884030161
2460	2	0.049907812933696505
2460	3	0.012517986916307677
2460	4	0.04363701232542638
2460	5	0.07459181802220627
2460	6	0.08134212859748402
2460	7	0.043511259358879784
2460	8	0.11108319457457583
2460	9	0.07619649420222885
2460	10-14	0.0817690928124577
2460	15-19	0.062325036147299784
2460	20-24	0.03867664747699706
2460	25-29	0.03812583052820173
2460	30-34	0.0785289432906211
2460	35-39	0.0496867970631385
2460	40-44	0.060444757649619874
2460	45-49	0.060004798596828834
2460	50-54	0.020142726992183668
2460	55-59	0.06044803382403785
2460	60-64	0.0676172929897163
2460	65-69	0.06408211213501147
2460	70-74	0.010503679568493851
2460	75-79	0.047937290643091046
2460	80-84	0.005058153241321861
2460	85-89	0.05247169822045805
2460	90-94	0.027559944685542348
2460	95-99	-0.021908295525456367
2460	100-104	0.012754046869879687
2460	105-109	-0.023997315573012656
2460	110-114	0.006300866990656573
2460	115-119	-0.027917482165669583
2460	120-124	-0.06016670528722301
2460	125-129	-0.05493072298370549
2460	130-134	-0.0935416555942723
2460	135-139	-0.0654331797623442
2460	140-144	-0.053343546809550446
2460	145-149	-0.051743167902706944
2460	150	-0.11374817532004045
2461	1	0.09672251193131842
2461	2	0.09944503239717761
2461	3	0.08571483889161158
2461	4	0.0756996100350733
2461	5	0.07656202359483899
2461	6	0.05892764551127527
2461	7	0.04731818843609403
2461	8	-0.03628228957590096
2461	9	0.07499925484710701
2461	10-14	0.07281139561127503
2461	15-19	0.037947418707418024
2461	20-24	0.06856274448694677
2461	25-29	0.05585727075615665
2461	30-34	0.08286606006770825
2461	35-39	0.07746054675121172
2461	40-44	0.08719907327091647
2461	45-49	0.02207021966998468
2461	50-54	0.063894100883914
2461	55-59	0.06453673560460516
2461	60-64	0.057825960561970646
2461	65-69	0.03314306962928981
2461	70-74	0.032418514422218436
2461	75-79	-0.012718856987568472
2461	80-84	-0.01039876279512697
2461	85-89	0.02384919729427537
2461	90-94	0.012169795303485387
2461	95-99	0.0014421504993791245
2461	100-104	-0.010919984283447093
2461	105-109	-0.005181980456157476
2461	110-114	-0.012365101435833026
2461	115-119	-0.03359331391780529
2461	120-124	-0.04869959644732802
2461	125-129	-0.04543499825293651
2461	130-134	-0.1008645177162606
2461	135-139	-0.05639646937539311
2461	140-144	-0.13387576364181797
2461	145-149	-0.14576219768023435
2461	150	-0.14739821044555157
2462	1	-0.015272149105861388
2462	2	-0.018249480291991915
2462	3	-0.015804521372253078
2462	4	0.009579321584951117
2462	5	0.0349901348258399
2462	6	-0.015893377894308003
2462	7	0.05726102813282097
2462	8	-0.0046383665603002555
2462	9	0.07231163766587656
2462	10-14	0.04704834274745906
2462	15-19	-2.482414934377175E-4
2462	20-24	0.007462177059061048
2462	25-29	0.04040308706817797
2462	30-34	0.04810787254903204
2462	35-39	0.045990414020835146
2462	40-44	0.022809485553139552
2462	45-49	0.021643728915968552
2462	50-54	0.03794569781048551
2462	55-59	0.04339590415116845
2462	60-64	0.01363946740725197
2462	65-69	-0.020946521089371117
2462	70-74	0.04279225486668281
2462	75-79	-0.014280125239132246
2462	80-84	-0.05595906032618103
2462	85-89	-0.031097837115417803
2462	90-94	-0.049039952087383654
2462	95-99	-0.03277326856094476
2462	100-104	-0.007265900016044213
2462	105-109	-0.06602760327644575
2462	110-114	-0.06021402914195306
2462	115-119	-0.07621298066319326
2462	120-124	-0.07286518779747553
2462	125-129	-0.0901625376199533
2462	130-134	-0.21269444330739873
2462	135-139	-0.17488044922510682
2462	140-144	-0.18703187089599993
2462	145-149	-0.24762955602875536
2462	150	-0.2409915855389997
2463	1	0.03849295219259119
2463	2	0.05646666852314297
2463	3	-0.001544715427023391
2463	4	0.04467989305209841
2463	5	0.05436666183227601
2463	6	0.014139414609374512
2463	7	0.04804018113594566
2463	8	0.09394997197880883
2463	9	0.0942683349440685
2463	10-14	0.057812202967795656
2463	15-19	0.009592183900380746
2463	20-24	0.05131123287900863
2463	25-29	0.04527426679342739
2463	30-34	0.042809144005012456
2463	35-39	0.03478851553479956
2463	40-44	0.05752846444183035
2463	45-49	0.01587419556653913
2463	50-54	0.0037079872101699607
2463	55-59	0.03492567574606653
2463	60-64	0.013003635560352222
2463	65-69	0.01616955606518644
2463	70-74	0.01677559637867887
2463	75-79	-0.0050886694648824005
2463	80-84	-0.04160391465529045
2463	85-89	-0.022586092310163508
2463	90-94	-0.05813619795586078
2463	95-99	-0.01641816962520437
2463	100-104	-0.017923879135807397
2463	105-109	-0.013627700900997297
2463	110-114	-0.05546724283326654
2463	115-119	-0.039664943410080866
2463	120-124	-0.065111045893957
2463	125-129	-0.05156622813972689
2463	130-134	-0.10668128995635584
2463	135-139	-0.06694424791081133
2463	140-144	-0.1086249945961768
2463	145-149	-0.06624616933944338
2463	150	-0.20152452214276195
2464	1	-0.04437962519809702
2464	2	-0.0557904103812632
2464	3	-0.014833825509832366
2464	4	-0.044514147138713156
2464	5	-0.04240528941186028
2464	6	0.006508690401219042
2464	7	0.06354394873321212
2464	8	0.008119275419893768
2464	9	0.021934506099078988
2464	10-14	0.03336196460959684
2464	15-19	-0.019801831747855658
2464	20-24	0.050121849565798016
2464	25-29	0.040067278059716216
2464	30-34	0.020247364263831003
2464	35-39	0.053907188247023896
2464	40-44	0.08934015758497083
2464	45-49	0.05798763822310349
2464	50-54	0.03838681332907612
2464	55-59	0.04677803501841993
2464	60-64	0.04038997466118843
2464	65-69	0.01110958983453969
2464	70-74	0.04769731019662515
2464	75-79	-0.015457755750702518
2464	80-84	-0.03604525244356438
2464	85-89	0.01851411443781359
2464	90-94	0.004893428670669664
2464	95-99	-0.03445021167689788
2464	100-104	-0.020591797784909716
2464	105-109	-0.08903828434655736
2464	110-114	-0.07629255711037786
2464	115-119	-0.1354301050571607
2464	120-124	-0.0773526691839308
2464	125-129	-0.10417768331301858
2464	130-134	-0.14199449526439878
2464	135-139	-0.13416545270313662
2464	140-144	-0.1536322874715239
2464	145-149	-0.13815166796551637
2464	150	-0.16768138653255704
2465	1	0.0016355048846747877
2465	2	0.026374137101164763
2465	3	-0.133601868528757
2465	4	-0.0466847822044798
2465	5	-0.035141218986758815
2465	6	0.051445515993925994
2465	7	0.03282052911585254
2465	8	0.014715861470648406
2465	9	-0.005882498838758465
2465	10-14	0.012581991028447703
2465	15-19	-0.008042492636029408
2465	20-24	0.011501114528122969
2465	25-29	-0.007567170163902404
2465	30-34	0.016186851797847623
2465	35-39	0.020077895147316838
2465	40-44	0.00351147219492276
2465	45-49	0.02159435045226843
2465	50-54	-0.033889107827555165
2465	55-59	0.02186697285441852
2465	60-64	-0.0439542527459551
2465	65-69	0.008509573029456874
2465	70-74	-0.03146906316756315
2465	75-79	1.3843874942409684E-4
2465	80-84	-0.02438847416727441
2465	85-89	-0.03542294881184205
2465	90-94	-0.04394634532321362
2465	95-99	-0.05994641067323414
2465	100-104	-4.620578036309553E-4
2465	105-109	-1.03620606239474E-4
2465	110-114	-0.013788360754610096
2465	115-119	0.011594811431912433
2465	120-124	-0.03025351930891418
2465	125-129	-0.06951526694354726
2465	130-134	-0.04769699045259301
2465	135-139	-0.0693130274421847
2465	140-144	-0.10312666019286354
2465	145-149	-0.1867582943340622
2465	150	-0.26510710169579
2466	1	0.09617010624354094
2466	2	0.08032588160979515
2466	3	0.013424431032944995
2466	4	0.005835302968215217
2466	5	0.06577763481353571
2466	6	0.0470661956166154
2466	7	0.10007774079771536
2466	8	0.04644273678034949
2466	9	0.07870667687894439
2466	10-14	0.015993273169321753
2466	15-19	0.01526075400168736
2466	20-24	0.049485368567339094
2466	25-29	0.009602041911385584
2466	30-34	-0.014153704747840834
2466	35-39	-0.01991188685320111
2466	40-44	-0.020724477941186592
2466	45-49	-0.06952914557037815
2466	50-54	0.016778522926536255
2466	55-59	-0.02124789038619923
2466	60-64	-0.03533122771126784
2466	65-69	-0.03353936767818766
2466	70-74	-0.07057318480496377
2466	75-79	-0.1205658252746673
2466	80-84	-0.11240773880265209
2466	85-89	-0.10019849104389067
2466	90-94	-0.09698389188750411
2466	95-99	-0.12505091433967408
2466	100-104	-0.12976654561003187
2466	105-109	-0.12043794380554118
2466	110-114	-0.139162782267789
2466	115-119	-0.13701019655343316
2466	120-124	-0.1448634054002227
2466	125-129	-0.20424228808434464
2466	130-134	-0.2549376388122937
2466	135-139	-0.25914174367471077
2466	140-144	-0.20763971692208116
2466	145-149	-0.2235960291101904
2466	150	-0.2321397125288982
2467	1	0.051977242381667565
2467	2	0.011045418379573846
2467	3	0.07998569901383235
2467	4	0.034425132603956854
2467	5	0.023210152845805965
2467	6	0.040126839884926824
2467	7	0.08581748490687602
2467	8	0.039981167358959624
2467	9	0.03627177435857476
2467	10-14	0.021207792672669257
2467	15-19	0.003976491981902086
2467	20-24	0.025340215532700938
2467	25-29	0.03483175275488293
2467	30-34	0.026239948251394196
2467	35-39	0.02482577716079959
2467	40-44	0.022117418467587413
2467	45-49	0.05153382166889742
2467	50-54	0.04686341952394457
2467	55-59	0.010393399395908887
2467	60-64	0.029279871643893784
2467	65-69	-0.0016971943600481154
2467	70-74	-0.021034327918265205
2467	75-79	0.005989183034081691
2467	80-84	-0.0360193978023986
2467	85-89	-0.017146512165624017
2467	90-94	-0.05008002189409666
2467	95-99	-0.06168807615469518
2467	100-104	-0.0763827135946471
2467	105-109	-0.04946937688502118
2467	110-114	-0.08172266428655917
2467	115-119	-0.09198561060335919
2467	120-124	-0.08638736401713487
2467	125-129	-0.09403780140230822
2467	130-134	-0.13113262052222296
2467	135-139	-0.11063559444705362
2467	140-144	-0.12229065100319758
2467	145-149	-0.10324319794158754
2467	150	-0.18285972129204708
2468	1	0.14935080540747236
2468	2	0.07686987408668244
2468	3	0.14053854668354404
2468	4	0.12301993287524482
2468	5	-0.014300941125050315
2468	6	0.0890896356694455
2468	7	0.13276832575589026
2468	8	0.07968077917531247
2468	9	0.09212934198011169
2468	10-14	0.07867308218784075
2468	15-19	0.0805173561054815
2468	20-24	0.12187721134124985
2468	25-29	0.07452172317815098
2468	30-34	0.09858711992325198
2468	35-39	0.11104107377962436
2468	40-44	0.12804701239053884
2468	45-49	0.1034782770546201
2468	50-54	0.12351269053076663
2468	55-59	0.0879525278845179
2468	60-64	0.12617861565647814
2468	65-69	0.08981205010942972
2468	70-74	0.11979644270535061
2468	75-79	0.1417244774110955
2468	80-84	0.11192303681005455
2468	85-89	0.12351690582188013
2468	90-94	0.06802919902060012
2468	95-99	0.10582250635201262
2468	100-104	0.08721640276775844
2468	105-109	0.08864981072179035
2468	110-114	0.1147052779599278
2468	115-119	0.08364792396466214
2468	120-124	0.08128061619135707
2468	125-129	0.015723579997683146
2468	130-134	-0.019520483576030756
2468	135-139	0.029131801065808816
2468	140-144	0.055211471768970455
2468	145-149	0.019162556951073384
2468	150	0.0967279406250583
2469	1	0.056958196583771326
2469	2	-0.032346914444559616
2469	3	-0.08343816728674369
2469	4	0.013040724157654893
2469	5	0.02220471866666429
2469	6	-0.014205452704800337
2469	7	0.010869926605877822
2469	8	0.017581170817841496
2469	9	-0.020374955913531778
2469	10-14	0.02580099176337569
2469	15-19	0.01505233079195989
2469	20-24	0.015740703654358867
2469	25-29	0.033212183552116414
2469	30-34	-8.074758410501204E-4
2469	35-39	0.031964556360101426
2469	40-44	0.04716095747536997
2469	45-49	-0.0017263091384265294
2469	50-54	0.023716265112959434
2469	55-59	0.0072082405162845475
2469	60-64	-0.008478217145480471
2469	65-69	0.023426671947078148
2469	70-74	0.035616293596362425
2469	75-79	0.00487734892050895
2469	80-84	0.019415374196675828
2469	85-89	0.03123878268475977
2469	90-94	0.011216900414765973
2469	95-99	-0.03885465808530597
2469	100-104	-0.03902493801754048
2469	105-109	0.01848641781381133
2469	110-114	4.2831762656447836E-4
2469	115-119	0.00386951516205869
2469	120-124	0.01724034181305001
2469	125-129	0.026004593488451633
2469	130-134	-0.033481823901681196
2469	135-139	-0.010545578346878415
2469	140-144	-0.04861907960220435
2469	145-149	-0.0685499539574721
2469	150	-0.04787599015777744
2470	1	0.12114083593520775
2470	2	0.02987584757605788
2470	3	0.030086905020759502
2470	4	0.060665155404315385
2470	5	0.06401586574758511
2470	6	0.07229815895561842
2470	7	0.0804563283377675
2470	8	0.05180153217123262
2470	9	0.0207963577928183
2470	10-14	0.07605804275429762
2470	15-19	0.06725637716954935
2470	20-24	0.06899091377734834
2470	25-29	0.07823813156048232
2470	30-34	0.06689792947181417
2470	35-39	0.08429478635512311
2470	40-44	0.05799473711142866
2470	45-49	0.0782032730123916
2470	50-54	0.01859938117384985
2470	55-59	0.09581712621518079
2470	60-64	0.024166825857854235
2470	65-69	0.06294625424648359
2470	70-74	0.10477520084055669
2470	75-79	0.052020871479733444
2470	80-84	0.03460896190856033
2470	85-89	0.01094590903569781
2470	90-94	0.0028513374563630123
2470	95-99	-7.137515348887291E-5
2470	100-104	-0.003773245889540533
2470	105-109	0.05989001997750165
2470	110-114	-0.012491820134009401
2470	115-119	0.018360293977004005
2470	120-124	-0.007567491752752176
2470	125-129	-0.0342072156494595
2470	130-134	-0.008676548635726533
2470	135-139	-0.014823624193425644
2470	140-144	0.008268464384727281
2470	145-149	0.00864612357452188
2470	150	-0.0036180489301926855
2471	1	0.1289545153164866
2471	2	-7.394284530448658E-6
2471	3	0.05866825572473289
2471	4	0.028734677713792678
2471	5	0.07588255116017706
2471	6	0.07677852012124475
2471	7	0.06942971064373893
2471	8	0.10669282419486592
2471	9	0.042941724624334654
2471	10-14	0.05894624040540464
2471	15-19	0.022251527634708168
2471	20-24	0.07456335001908343
2471	25-29	0.05525127162943022
2471	30-34	0.0777155344819036
2471	35-39	0.09165915973497363
2471	40-44	0.06223514186779511
2471	45-49	0.05269260759919803
2471	50-54	0.0609834474877502
2471	55-59	0.0655863246392343
2471	60-64	0.03414589219443798
2471	65-69	0.054095726823121026
2471	70-74	0.0403762807610093
2471	75-79	0.0439271695256096
2471	80-84	0.005334228147056308
2471	85-89	0.03896915829530201
2471	90-94	0.056133581679844724
2471	95-99	0.0702701137347006
2471	100-104	0.01762081558454298
2471	105-109	0.03149783028780462
2471	110-114	0.040814500070055715
2471	115-119	0.04690725412530128
2471	120-124	0.015912213089727345
2471	125-129	0.02263150961937299
2471	130-134	0.013537210566894942
2471	135-139	0.0049070176750731775
2471	140-144	0.0029955913932937506
2471	145-149	0.050593038499350484
2471	150	-0.11464291729301834
2472	1	0.08944166670420373
2472	2	0.08351138700213312
2472	3	0.0547637077451526
2472	4	0.07434645346824453
2472	5	0.061286908738736656
2472	6	0.11966839021669529
2472	7	0.08281761227898699
2472	8	0.042716180053687935
2472	9	0.06994138261678273
2472	10-14	0.06718286218600866
2472	15-19	0.06466186631523385
2472	20-24	0.06067159177195691
2472	25-29	0.07247552943405111
2472	30-34	0.06658743840104364
2472	35-39	0.09060131511125036
2472	40-44	0.10589299879828218
2472	45-49	0.0678155406045775
2472	50-54	0.046637898497486674
2472	55-59	0.06726020225453055
2472	60-64	0.06484849785422853
2472	65-69	0.037785249760275974
2472	70-74	0.07393766063140816
2472	75-79	0.06367432771416048
2472	80-84	0.03627206475237443
2472	85-89	0.04944888826989313
2472	90-94	0.04592432535261537
2472	95-99	0.0382113914510569
2472	100-104	0.08151334382376518
2472	105-109	0.11232575461783512
2472	110-114	0.008827075777475102
2472	115-119	0.09258697267123495
2472	120-124	0.05867187260774642
2472	125-129	0.060590402788832876
2472	130-134	0.040314639012180464
2472	135-139	0.01870302167169058
2472	140-144	0.031920164082087865
2472	145-149	-0.048125792958025215
2472	150	-0.04573255701994583
2473	1	0.15624522612591818
2473	2	0.0070134676380817496
2473	3	0.1165392222713919
2473	4	0.10895283952971369
2473	5	0.10633507658033636
2473	6	0.10462659958698595
2473	7	0.11533029809881867
2473	8	0.06386050422350564
2473	9	0.058161594295050634
2473	10-14	0.06675323741737316
2473	15-19	0.05293811657767833
2473	20-24	0.0754464244604165
2473	25-29	0.08214177817473
2473	30-34	0.08767925594056436
2473	35-39	0.10311326828043121
2473	40-44	0.10707678106396656
2473	45-49	0.09161844129719299
2473	50-54	0.0886148420601387
2473	55-59	0.08971699523252141
2473	60-64	0.11736452918279383
2473	65-69	0.060519557151330616
2473	70-74	0.13571883416181407
2473	75-79	0.10352574406048376
2473	80-84	0.09237971240413145
2473	85-89	0.0807991279766469
2473	90-94	0.07903295289180079
2473	95-99	0.07505539502712111
2473	100-104	0.11568176760465576
2473	105-109	0.10679580463371252
2473	110-114	0.06392395438369647
2473	115-119	0.07968063549254367
2473	120-124	0.08701423999633562
2473	125-129	0.04912875291470442
2473	130-134	0.046388326073973474
2473	135-139	0.1474013154753706
2473	140-144	0.08820825650006014
2473	145-149	0.10241389353314645
2473	150	0.16908238763538463
2474	1	0.15933445160959536
2474	2	0.027612483767050833
2474	3	0.10377037136087353
2474	4	0.047784555369034365
2474	5	0.033230459826107506
2474	6	0.07635101747722217
2474	7	0.07982588656152956
2474	8	0.023642058940360755
2474	9	0.0100150250959814
2474	10-14	0.05356925060809914
2474	15-19	0.036531680456150184
2474	20-24	0.04740495057646399
2474	25-29	0.052602241521974236
2474	30-34	0.06942644204432469
2474	35-39	0.04462492510420901
2474	40-44	0.07966981831647502
2474	45-49	0.07124799546234328
2474	50-54	0.05684221281735091
2474	55-59	0.045097618322991195
2474	60-64	0.06328955185696827
2474	65-69	0.08641544821499281
2474	70-74	0.043595392619387496
2474	75-79	0.05269515879514586
2474	80-84	0.07524054522546209
2474	85-89	0.0682975606374896
2474	90-94	0.07292686074897148
2474	95-99	0.07316810970034027
2474	100-104	0.055981348811634746
2474	105-109	0.029866514617452822
2474	110-114	-0.0420205973364034
2474	115-119	0.03308886673985256
2474	120-124	0.09562352951104458
2474	125-129	0.027810275866819723
2474	130-134	0.001037106266153387
2474	135-139	0.05577534738221601
2474	140-144	-0.03235883815468554
2474	145-149	0.05990008005068859
2474	150	-0.06382264415024963
2475	1	0.12894301651233064
2475	2	0.06384656960337765
2475	3	0.054170534209525556
2475	4	0.053847741167381
2475	5	0.008663400519019149
2475	6	0.09930376795458074
2475	7	0.10350735875499595
2475	8	0.14626670579811218
2475	9	0.024749966798246703
2475	10-14	0.09097057889121629
2475	15-19	0.07256913824817701
2475	20-24	0.06547051146781513
2475	25-29	0.03879298776423923
2475	30-34	0.07926817188205604
2475	35-39	0.04637142489869461
2475	40-44	0.022032957809621223
2475	45-49	0.007886302356617136
2475	50-54	0.04622306275206256
2475	55-59	0.05122482497429104
2475	60-64	0.01858600924836651
2475	65-69	0.04250299627616272
2475	70-74	0.02947699956620653
2475	75-79	-0.09432109485333484
2475	80-84	0.004607620661332135
2475	85-89	-0.017337666179990663
2475	90-94	-0.02846823974373791
2475	95-99	-0.04171797428377744
2475	100-104	-0.009427814937104984
2475	105-109	-0.0036836120715122433
2475	110-114	-0.06502779545505888
2475	115-119	-0.03641462696212017
2475	120-124	-0.037801078845745906
2475	125-129	-0.06628254526500399
2475	130-134	-0.025298447809475988
2475	135-139	-0.057393970994709775
2475	140-144	-0.05125020561513338
2475	145-149	-0.04183447924339134
2475	150	-0.055099965524007644
2476	1	0.16150705119634523
2476	2	0.11387984442407628
2476	3	0.10562603270055604
2476	4	0.12299778739372158
2476	5	0.07117444800385897
2476	6	-0.0073310765253467025
2476	7	0.12790346352384319
2476	8	0.14126073913809734
2476	9	0.05697498115488031
2476	10-14	0.03502952053198527
2476	15-19	0.05258437054062881
2476	20-24	0.04526828853059328
2476	25-29	2.3753040854757046E-4
2476	30-34	0.04013776472369557
2476	35-39	0.059608303337668644
2476	40-44	0.0508810625295979
2476	45-49	0.03703905292579179
2476	50-54	0.03212854922831099
2476	55-59	0.04826405830939251
2476	60-64	0.08110722245566393
2476	65-69	0.06912057206088917
2476	70-74	7.935934969793834E-5
2476	75-79	0.022556822802677345
2476	80-84	0.041998581476875074
2476	85-89	0.08679282650728481
2476	90-94	0.014518169304409412
2476	95-99	-0.010648854702132837
2476	100-104	0.005089488376924578
2476	105-109	0.02509281127218088
2476	110-114	-0.04360711945080453
2476	115-119	-0.1365037888194891
2476	120-124	0.025040159124209538
2476	125-129	0.022528464342748578
2476	130-134	-0.03484920922046797
2476	135-139	-0.008133095585897365
2476	140-144	0.0274759511634457
2476	145-149	0.0011059885590469776
2476	150	0.11259079450222487
2477	1	0.10944737651479386
2477	2	0.0649589918452449
2477	3	0.04459287991955563
2477	4	0.04717475570330265
2477	5	0.060502135091148546
2477	6	0.04556707217822975
2477	7	-0.28880894919253564
2477	8	-0.24196472214583054
2477	9	0.07146460601565963
2477	10-14	0.04440786170943056
2477	15-19	0.015688854734335678
2477	20-24	0.02011321185394621
2477	25-29	-4.6946087402943704E-4
2477	30-34	0.03585289950566306
2477	35-39	0.022534022885473348
2477	40-44	0.05925130235994658
2477	45-49	-0.04701195135266545
2477	50-54	0.013074544030608592
2477	55-59	0.03148322917372326
2477	60-64	0.034743885874441105
2477	65-69	2.5364199640875995E-4
2477	70-74	0.027309275807084532
2477	75-79	0.03325048423219101
2477	80-84	-0.04728893122961608
2477	85-89	-0.1525775219462986
2477	90-94	-0.0173736354785774
2477	95-99	-0.05367985123105967
2477	100-104	-0.044344921839488904
2477	105-109	-0.08792058180933537
2477	110-114	-0.021773462139243804
2477	115-119	-0.06832194381347989
2477	120-124	-0.18805511965649657
2477	125-129	-0.12325365692292678
2477	130-134	-0.09583747304844792
2477	135-139	-0.05512770495570152
2477	140-144	-0.2199327234548747
2477	145-149	-0.07034782144109641
2477	150	-0.11505021708804009
2478	1	0.06988171052582715
2478	2	0.06396245294963876
2478	3	0.06332564280396014
2478	4	0.09289770524159735
2478	5	0.05922848584599194
2478	6	-0.03418249853950783
2478	7	0.03414115700513776
2478	8	-0.008049900214075478
2478	9	-0.1570215893199034
2478	10-14	-0.007910443216758267
2478	15-19	-0.0997510318091841
2478	20-24	-0.16277187473045274
2478	25-29	-0.034654759027731075
2478	30-34	0.027658022394476234
2478	35-39	-0.026165791358941703
2478	40-44	-0.0990876153427962
2478	45-49	-0.05568954514168212
2478	50-54	-0.028003741772771207
2478	55-59	0.016326441764221045
2478	60-64	0.005189570180831993
2478	65-69	-0.14135395426038144
2478	70-74	-0.04251907323991588
2478	75-79	0.016819944322627123
2478	80-84	-0.038458210417452676
2478	85-89	-0.04435277835403184
2478	90-94	0.007308055465038876
2478	95-99	-0.009353837293708978
2478	100-104	-0.05487075260263907
2478	105-109	-0.03798134732054592
2478	110-114	-0.017658392808733936
2478	115-119	-0.10916305310157526
2478	120-124	-0.13922763072283573
2478	125-129	-0.1787702825113513
2478	130-134	-0.0344693404030636
2478	135-139	-0.07280884245303554
2478	140-144	-0.18933086094290985
2478	145-149	-0.12625728031312633
2478	150	-0.10483895239099184
2479	1	0.06504267390889851
2479	2	0.08881499529969972
2479	3	0.006073708716698434
2479	4	0.043495638763459965
2479	5	-0.030030508397565825
2479	6	0.06123173940785165
2479	7	-0.010737899762951031
2479	8	0.08209277852396468
2479	9	0.0593141346774857
2479	10-14	0.03326676898453229
2479	15-19	-0.04677824313028367
2479	20-24	0.013872656030095243
2479	25-29	-0.009092939168375835
2479	30-34	0.019927834686278345
2479	35-39	0.02984207235869718
2479	40-44	0.001783565281428423
2479	45-49	0.09543595850800557
2479	50-54	-0.061958791006446745
2479	55-59	0.022916887461178703
2479	60-64	0.05208387286872096
2479	65-69	-0.08001995957673103
2479	70-74	-0.01051915815232718
2479	75-79	0.07429756938462617
2479	80-84	0.08000086749589741
2479	85-89	0.04632666072700431
2479	90-94	0.026979724024975837
2479	95-99	0.07606004857779425
2479	100-104	0.06989252816439517
2479	105-109	0.08405331972442553
2479	110-114	0.06731475105254958
2479	115-119	0.08528209606986792
2479	120-124	-0.055867770890444035
2479	125-129	0.046512465461361785
2479	130-134	0.03552828308494327
2479	135-139	-0.07666472020401471
2479	140-144	-0.013373706502768812
2479	145-149	-0.195489449483496
2479	150	0.02884178833517126
2480	1	0.07142327391081693
2480	2	0.08526592134388977
2480	3	0.07747047054778733
2480	4	0.07533523238225115
2480	5	0.0625663971633088
2480	6	0.07864705916906445
2480	7	0.1416082921360058
2480	8	0.10232531093764408
2480	9	0.07507622509098155
2480	10-14	0.07281917038338293
2480	15-19	0.05738942849637141
2480	20-24	0.08508045515864637
2480	25-29	0.06935816252251925
2480	30-34	0.008337094635898268
2480	35-39	0.00867096992169536
2480	40-44	-0.016373071690232166
2480	45-49	0.07981542172854006
2480	50-54	-0.04598737530689334
2480	55-59	-0.12463979681592718
2480	60-64	-0.02846032624314887
2480	65-69	0.04188916993317804
2480	70-74	-0.09297285464776195
2480	75-79	0.03921563589255328
2480	80-84	0.03197421168236758
2480	85-89	-0.06398001895168193
2480	90-94	0.04002550797278559
2480	95-99	0.004076295121528517
2480	100-104	-0.026568786424313373
2480	105-109	0.11221718204539854
2480	110-114	-0.005657183556088796
2480	115-119	-0.021568125729451992
2480	120-124	0.053604742342002965
2480	125-129	0.04767302909560556
2480	130-134	-0.05452324772278416
2480	135-139	0.013269116943504855
2480	140-144	0.0023687208052649567
2480	145-149	-0.1417508299267709
2480	150	0.06319755997476051
2481	1	0.13515671896365689
2481	2	0.020556294629933802
2481	3	0.07832343598619218
2481	4	0.010606119707937012
2481	5	0.002158101340455687
2481	6	0.05572546417825208
2481	7	0.12443193769937722
2481	8	0.04765835847689459
2481	9	0.03015666963069208
2481	10-14	0.03986324113041917
2481	15-19	0.020700794657052768
2481	20-24	0.0450015240285353
2481	25-29	0.03261223995972529
2481	30-34	0.06762266138505879
2481	35-39	0.017372438513575617
2481	40-44	0.04373223043958063
2481	45-49	0.0787051896507549
2481	50-54	0.033458132204948754
2481	55-59	-0.03211326018556804
2481	60-64	-0.047160846518288224
2481	65-69	0.06396432078698666
2481	70-74	0.01983069439514651
2481	75-79	-0.06798624515214868
2481	80-84	-0.03766910430845627
2481	85-89	0.021296597246347915
2481	90-94	-0.05194271692118235
2481	95-99	-0.08945200174057533
2481	100-104	-0.022490634732605486
2481	105-109	0.03691067438415274
2481	110-114	0.004340049437544735
2481	115-119	-0.04015614706008108
2481	120-124	0.056757414841456466
2481	125-129	0.0066628249476892165
2481	130-134	-0.03458277083637995
2481	135-139	0.02909751058587773
2481	140-144	-0.04778588080426971
2481	145-149	-0.03659585808398447
2481	150	-0.12553565774187803
2482	1	0.1028815513541872
2482	2	-0.0024801866187544874
2482	3	0.07671700397278158
2482	4	0.0999400030098414
2482	5	-0.0017771856907629058
2482	6	0.029723866650492425
2482	7	0.044085195608445815
2482	8	0.04942467421123098
2482	9	0.019966799528027934
2482	10-14	0.023603865475692487
2482	15-19	0.025500291828649324
2482	20-24	0.057834359771248955
2482	25-29	0.0457893298403107
2482	30-34	0.058415637500715434
2482	35-39	0.05815328913163853
2482	40-44	0.05272987343141011
2482	45-49	0.05182838261115563
2482	50-54	0.07779597004278571
2482	55-59	0.05604877103169059
2482	60-64	0.05484881721520907
2482	65-69	0.06627581251127168
2482	70-74	0.05518969292856468
2482	75-79	-0.015335658519006756
2482	80-84	0.025987453412049888
2482	85-89	-0.007416581048218518
2482	90-94	0.023041543502031914
2482	95-99	-0.1056248228174681
2482	100-104	0.0038195999206536158
2482	105-109	-0.0847805313564649
2482	110-114	0.021402745854885552
2482	115-119	-0.035013364742880526
2482	120-124	0.009756393471256786
2482	125-129	0.012234425618125044
2482	130-134	-0.020717329813969343
2482	135-139	-0.03423213010131576
2482	140-144	-0.011897838692398466
2482	145-149	-0.036558617354877754
2482	150	-0.19655427810642578
2483	1	0.10922749507619756
2483	2	-0.06827803318351044
2483	3	-0.02958220658302224
2483	4	0.06725370071746539
2483	5	-0.0230691819842761
2483	6	0.011110304667504067
2483	7	-0.003232167598142155
2483	8	0.004958968028084598
2483	9	0.023523993763674866
2483	10-14	0.008764431451560029
2483	15-19	0.017588832436040036
2483	20-24	0.013717459667901721
2483	25-29	0.0030461098460321523
2483	30-34	0.022197459635030725
2483	35-39	0.022674475871298228
2483	40-44	0.006645264480233948
2483	45-49	0.004168594872858478
2483	50-54	-0.006585165063405896
2483	55-59	-0.03235661758902353
2483	60-64	0.032512918983783834
2483	65-69	-0.016326089916418596
2483	70-74	-0.05027400176987129
2483	75-79	-0.008524341699533977
2483	80-84	-0.023016169024430155
2483	85-89	-0.02258370497269624
2483	90-94	-0.056253329157542
2483	95-99	-0.06423644958303498
2483	100-104	-0.013570767158448405
2483	105-109	-0.05145508848740121
2483	110-114	-0.06329993107483034
2483	115-119	-0.013286268793450517
2483	120-124	-0.038671423956287754
2483	125-129	-0.07118872497810713
2483	130-134	-0.032246737855345486
2483	135-139	-0.1085569441544223
2483	140-144	-0.05196754024346717
2483	145-149	-0.059780889269013926
2483	150	-0.21065704541546637
2484	1	0.10387042172550309
2484	2	0.02772210376510742
2484	3	0.017389022360312367
2484	4	0.06400963263004655
2484	5	0.08089486874242624
2484	6	0.020819792642384982
2484	7	0.0877280127678759
2484	8	0.07002238552363593
2484	9	0.018495818407473053
2484	10-14	0.08174933729222289
2484	15-19	0.06561360243200909
2484	20-24	0.06911002640399033
2484	25-29	0.09468198585442167
2484	30-34	0.07735302194255667
2484	35-39	0.06706250494762145
2484	40-44	0.08189431374827905
2484	45-49	0.07295495801868412
2484	50-54	0.03652135297495107
2484	55-59	0.05064960771514393
2484	60-64	0.009105757065597686
2484	65-69	0.04777049895640317
2484	70-74	0.037605134042671295
2484	75-79	0.08681849394142205
2484	80-84	-0.03092642289619363
2484	85-89	0.0036481654447442224
2484	90-94	-0.05801301479016274
2484	95-99	0.06597008117385172
2484	100-104	0.031294134719559
2484	105-109	0.026082200395940447
2484	110-114	0.028276335833339772
2484	115-119	-0.07539150495626501
2484	120-124	-0.007867656619495733
2484	125-129	0.05704798472454087
2484	130-134	0.025084940638762987
2484	135-139	-0.02829228183235699
2484	140-144	0.05836019524989666
2484	145-149	-0.013363338912732559
2484	150	-0.0978127488373488
2485	1	0.12877580940345013
2485	2	0.033796706946134236
2485	3	0.06700039390529611
2485	4	0.16701983471684656
2485	5	0.001819056195493829
2485	6	0.020943695348428548
2485	7	0.1219567083110249
2485	8	0.08766901608459676
2485	9	0.1024225769428071
2485	10-14	0.07993065049912218
2485	15-19	0.06136582937754298
2485	20-24	0.09029795539520791
2485	25-29	0.06925669217533681
2485	30-34	0.09243916735498203
2485	35-39	0.0827139648828279
2485	40-44	0.05014717773438804
2485	45-49	0.055705139693216665
2485	50-54	0.055739592963305995
2485	55-59	0.08271007331428848
2485	60-64	0.053788146837355555
2485	65-69	0.05111670792459222
2485	70-74	0.03166317012410502
2485	75-79	0.04641717860432237
2485	80-84	0.01960967539545777
2485	85-89	-0.00687838735007773
2485	90-94	-0.023258831557072313
2485	95-99	-0.03373123106231901
2485	100-104	-0.020086011995260833
2485	105-109	-0.009219581564948953
2485	110-114	0.020287294279427215
2485	115-119	0.0052493915654210355
2485	120-124	-0.015400051312312257
2485	125-129	0.015964651728261003
2485	130-134	-0.041696191095823565
2485	135-139	-0.027670503269000335
2485	140-144	3.547996173693946E-4
2485	145-149	-0.06062263532332679
2485	150	-0.07406940405751072
2486	1	0.0784084178449973
2486	2	0.03552995645991075
2486	3	0.09474852931651867
2486	4	0.13133728754908702
2486	5	0.10376183226833291
2486	6	0.09868970401149113
2486	7	0.09563386258131601
2486	8	0.11379894733536844
2486	9	0.01417773363726127
2486	10-14	0.05461449682531594
2486	15-19	0.05708462839113082
2486	20-24	0.043723684493038206
2486	25-29	0.0586910341008533
2486	30-34	0.10447661553851617
2486	35-39	0.08240702990873672
2486	40-44	0.027697559058651677
2486	45-49	0.053822656093451826
2486	50-54	0.06048531593878437
2486	55-59	0.059220859946513826
2486	60-64	0.04117626899910931
2486	65-69	0.040458156169755455
2486	70-74	0.08552585721515271
2486	75-79	0.047201027643382076
2486	80-84	0.08287942174976592
2486	85-89	0.0642976240024069
2486	90-94	0.04733532829199305
2486	95-99	0.03101771385289709
2486	100-104	0.06790679658165999
2486	105-109	0.05548429638449193
2486	110-114	0.013743554772915445
2486	115-119	0.06969315649243413
2486	120-124	0.06898591295362877
2486	125-129	0.09244494045692875
2486	130-134	0.02612363079990132
2486	135-139	0.028309889117700493
2486	140-144	0.05364459769017316
2486	145-149	-0.010485448344645931
2486	150	-0.07137288834083932
2487	1	0.09329669611660307
2487	2	0.05567715035597587
2487	3	0.0251412047636137
2487	4	0.05435303665370128
2487	5	-0.03767353144507268
2487	6	-0.01977327663748696
2487	7	0.08565412530484906
2487	8	0.0693996675092663
2487	9	0.04939051442649145
2487	10-14	0.01255065188410498
2487	15-19	0.05010487597179747
2487	20-24	0.04176703016867833
2487	25-29	0.06455273376766257
2487	30-34	0.0167790598584574
2487	35-39	0.009208848410501957
2487	40-44	0.014168868807061585
2487	45-49	0.043662039872721436
2487	50-54	-0.008839476643089483
2487	55-59	0.026412897095625
2487	60-64	-0.0314098534502989
2487	65-69	0.017003394442781428
2487	70-74	0.017495335981976723
2487	75-79	0.046574987550293656
2487	80-84	0.012118158458626738
2487	85-89	0.07517171732320094
2487	90-94	-0.004579552604127457
2487	95-99	0.03192858345556715
2487	100-104	-0.013516285743847334
2487	105-109	0.006615194466199625
2487	110-114	-0.021116606065227472
2487	115-119	-0.007650084801852586
2487	120-124	-0.013579215737244965
2487	125-129	-0.0475022709839763
2487	130-134	-0.07106876403418738
2487	135-139	-0.016468784816147775
2487	140-144	-0.038610399847812005
2487	145-149	-0.06264056561571607
2487	150	-0.12897439907687414
2488	1	0.08795027334932115
2488	2	-0.06091192949415358
2488	3	-0.0877800962180828
2488	4	0.025136677035256128
2488	5	0.023768806797583863
2488	6	-0.03740883955132546
2488	7	0.10948961249287237
2488	8	0.0020958110756694737
2488	9	-0.03917696833979534
2488	10-14	-0.008133890203097849
2488	15-19	-0.015281345990111106
2488	20-24	-0.002780482705219356
2488	25-29	-0.019492060184020943
2488	30-34	-0.01792775130307689
2488	35-39	0.02548231097850362
2488	40-44	0.0035261434085569476
2488	45-49	-0.07751395869802735
2488	50-54	-0.030776590718041064
2488	55-59	0.00409357574510949
2488	60-64	-0.02856823206516168
2488	65-69	-0.04518186379138456
2488	70-74	-0.0038075997637534442
2488	75-79	-0.006905989130011392
2488	80-84	-0.0692984624443298
2488	85-89	0.0038500785190933584
2488	90-94	-0.017518896834801012
2488	95-99	0.03473267183754558
2488	100-104	-0.03192397790317614
2488	105-109	-0.0015592601505858283
2488	110-114	0.012817948964404025
2488	115-119	-0.03446504278215201
2488	120-124	-0.031191558436148625
2488	125-129	-0.029331399639694666
2488	130-134	-0.04629375903486732
2488	135-139	-0.0825933334811495
2488	140-144	-0.0472389809632503
2488	145-149	-0.037091426565460495
2488	150	-0.11600432295517038
>>END_MODULE
>>Per sequence quality scores	pass
#Quality	Count
11	35.0
12	663.0
13	1912.0
14	2318.0
15	3035.0
16	4120.0
17	5639.0
18	7435.0
19	9909.0
20	13753.0
21	19477.0
22	27849.0
23	39131.0
24	53213.0
25	69621.0
26	88657.0
27	112188.0
28	141451.0
29	179997.0
30	229325.0
31	297281.0
32	404809.0
33	569792.0
34	967174.0
35	2735660.0
36	2.8471036E7
37	5507802.0
>>END_MODULE
>>Per base sequence content	fail
#Base	G	A	T	C
1	29.989659390897884	15.026559893415381	16.133568709036915	38.85021200664982
2	26.486578229178274	25.988102253917933	30.097977684474913	17.427341832428876
3	27.788858782919778	27.048444119279292	21.36909826375121	23.793598834049718
4	28.174685452511135	32.73579482285764	16.261059339420623	22.828460385210604
5	28.30162948078188	31.29324313253351	19.539311110634006	20.8658162760506
6	22.810548943402598	31.339192812041816	21.30771441644858	24.54254382810701
7	20.962074636412495	14.093094255872177	38.654668052538824	26.290163055176503
8	23.070112209502714	18.530384966880348	25.569544062972604	32.82995876064433
9	23.43706655524439	19.780937911956283	27.81440723512148	28.967588297677853
10-14	26.15837007581109	24.37273244975225	23.63897739930369	25.829920075132968
15-19	26.0106960184101	23.753658670977025	24.742132040106217	25.49351327050666
20-24	26.090496771511408	24.45218588403225	24.26977694174367	25.18754040271267
25-29	26.103106846930142	24.435971500038463	24.15415580732333	25.306765845708068
30-34	25.915139448679227	24.423402369949876	24.253449834827855	25.408008346543042
35-39	25.948076799569304	24.402824611261476	24.171794003215382	25.477304585953842
40-44	25.984743794352717	24.27372941110404	24.18797613085177	25.55355066369147
45-49	25.908571843867023	24.287570497165532	24.16736412788448	25.636493531082966
50-54	25.94482355077844	24.259076118923364	24.102008438646255	25.694091891651944
55-59	25.92890093461293	24.18178466923713	24.122970680936564	25.76634371521338
60-64	25.897125926729625	24.214774139849045	24.121072544480683	25.767027388940644
65-69	25.937450746971003	24.291818482498766	24.0659391150749	25.704791655455335
70-74	25.950994847234405	24.243611381209867	24.077060991632074	25.72833277992365
75-79	25.88452527910079	24.160160794997935	24.163497862330118	25.791816063571154
80-84	25.897533463955284	24.22214994251371	24.10328779021063	25.777028803320377
85-89	25.962717476507557	24.192224252252355	24.03018600924719	25.814872261992893
90-94	25.889469626986138	24.231818961693172	24.080462521778806	25.798248889541885
95-99	25.882603341628563	24.216674543981256	24.04333291896962	25.85738919542056
100-104	25.872174337733373	24.239430873104517	24.019378851044884	25.86901593811723
105-109	25.9084273820037	24.183511052948425	24.012040110205714	25.89602145484216
110-114	25.878785485679163	24.274296219370033	24.032600064349147	25.814318230601657
115-119	26.032579045871767	24.274506186678448	23.91270946502981	25.780205302419972
120-124	25.985153071261763	24.33257809005777	23.959115269861968	25.723153568818496
125-129	26.01893484142704	24.316532604269415	23.93912766162827	25.72540489267528
130-134	26.085668839711413	24.297276685133117	23.959121775834127	25.65793269932134
135-139	26.079106053708134	24.29140985027009	23.93598004616128	25.693504049860493
140-144	26.170984996170255	24.31913737969395	23.940493248600163	25.56938437553563
145-149	26.261939409220105	24.290143427302517	23.853522694680276	25.5943944687971
150	26.13076869893484	24.304599730167286	24.067281866435433	25.49734970446244
>>END_MODULE
>>Per sequence GC content	pass
#GC Content	Count
0	966.0
1	838.5
2	685.0
3	812.0
4	932.0
5	954.0
6	1036.0
7	1023.0
8	1016.5
9	1091.0
10	1174.0
11	1262.0
12	1333.5
13	1447.0
14	1640.0
15	2019.0
16	2738.5
17	3750.0
18	5327.5
19	8187.5
20	13396.5
21	20668.5
22	31270.5
23	44661.5
24	60411.5
25	81873.0
26	108840.5
27	141742.5
28	181108.0
29	222818.5
30	268103.0
31	318358.5
32	373065.5
33	425061.0
34	476851.5
35	544156.5
36	618273.0
37	693247.0
38	767175.5
39	844890.5
40	916142.5
41	974594.5
42	1024726.0
43	1072991.0
44	1112681.5
45	1136654.0
46	1153896.5
47	1156598.0
48	1159691.5
49	1163671.0
50	1186910.0
51	1203826.5
52	1202316.5
53	1208464.0
54	1194174.0
55	1172978.0
56	1141986.5
57	1099493.5
58	1088222.0
59	1098566.0
60	1073839.0
61	1022684.5
62	965681.0
63	909885.0
64	854107.0
65	786897.0
66	714625.5
67	643584.5
68	577164.0
69	510155.0
70	442415.0
71	376548.0
72	326120.5
73	285955.5
74	253816.0
75	222736.0
76	191237.5
77	171380.0
78	155625.5
79	136965.5
80	113958.0
81	94265.0
82	80770.5
83	67943.5
84	56132.5
85	45528.5
86	36992.0
87	28083.5
88	19576.0
89	15409.5
90	11704.0
91	7901.5
92	4917.5
93	3048.0
94	2480.0
95	2348.5
96	1842.0
97	1097.5
98	872.5
99	792.0
100	2156.5
>>END_MODULE
>>Per base N content	pass
#Base	N-Count
1	0.06646851477313599
2	0.010722342574366139
3	0.0
4	0.0
5	0.0
6	0.0
7	0.0
8	0.0
9	0.0
10-14	0.0
15-19	0.0
20-24	0.0
25-29	0.0
30-34	1.6014700694502518E-5
35-39	1.4513322504392906E-5
40-44	7.356753131537094E-5
45-49	2.151975405823776E-5
50-54	0.0
55-59	0.0
60-64	8.758039442306064E-5
65-69	9.50872853736087E-6
70-74	3.0327839440214146E-4
75-79	1.221120927955817E-4
80-84	3.6033076562630664E-5
85-89	0.0
90-94	1.501378190109611E-6
95-99	3.5032157769224263E-6
100-104	1.1510566124173685E-5
105-109	3.1578987931972155E-4
110-114	1.2011025520876889E-4
115-119	3.0528023198895424E-5
120-124	0.0
125-129	1.0009187934064074E-6
130-134	0.0
135-139	1.0509647330767278E-5
140-144	1.4663460323403868E-4
145-149	1.0009187934064074E-4
150	7.506890950548055E-6
>>END_MODULE
>>Sequence Length Distribution	pass
#Length	Count
150	3.9963282E7
>>END_MODULE
>>Sequence Duplication Levels	fail
#Total Deduplicated Percentage	38.7211114280268
#Duplication Level	Percentage of total
1	25.4277410737853
2	12.528819118650377
3	7.608964574022348
4	5.143096086961103
5	3.8801215404738243
6	2.9817958696598033
7	2.380704620777232
8	2.0251305894527967
9	1.6722750824315322
>10	18.69989971369941
>50	5.273749730082194
>100	8.501583688340531
>500	2.009828442046189
>1k	1.701476431278326
>5k	0.16481343833893955
>10k+	0.0
>>END_MODULE
>>Overrepresented sequences	pass
>>END_MODULE
>>Adapter Content	pass
#Position	Illumina Universal Adapter	Illumina Small RNA 3' Adapter	Illumina Small RNA 5' Adapter	Nextera Transposase Sequence	PolyA	PolyG
1	4.253904871977232E-5	3.653353595933387E-4	0.0	1.501378190109611E-5	0.0022520672851644168	0.029034151899736363
2	1.4012863107689704E-4	0.0010559693270437598	0.0	9.758958235712473E-5	0.007016440741778916	0.029742301946071397
3	4.979570997196877E-4	0.001088499187829468	0.0	1.0009187934064074E-4	0.008878149697514834	0.029889937468098843
4	0.0010384532481591477	0.0010935037817965002	0.0	1.1260336425822083E-4	0.011205285892184731	0.030040075287109804
5	0.0011360428305162724	0.0011385451274997884	0.0	1.1510566124173685E-4	0.01341231183164586	0.03014767405740099
6	0.00133872888618107	0.0011660703943184646	0.0	1.2511484917580092E-4	0.015163919720107073	0.030310323361329532
7	0.0014488299534557746	0.0017090688397414407	0.0	1.2761714615931694E-4	0.01747854442985939	0.030508004823027297
8	0.0016089769604008	0.0017240826216425368	0.0	1.2761714615931694E-4	0.02421973250345154	0.030893358558488765
9	0.0018091607190820814	0.001761617076395277	0.0	1.32621740126349E-4	0.03272253765343897	0.03142384551899416
10-11	0.002293355185392431	0.0017941469371809853	0.0	1.3887748258513904E-4	0.04120407327906652	0.03198436004330175
12-13	0.0026411744661011573	0.0018204210555079034	1.2511484917580094E-6	1.4263092806041306E-4	0.04768877591184828	0.03267374286226041
14-15	0.0030615603593318486	0.0018829784800958038	2.5022969835160187E-6	1.7015619487908927E-4	0.05882775093396984	0.03326928954433722
16-17	0.0036433444079993233	0.0019130060438979962	2.5022969835160187E-6	2.1269524359886156E-4	0.07197231698837948	0.033984946481622806
18-19	0.004291439326729972	0.0019292709742908503	2.5022969835160187E-6	2.2020213454940964E-4	0.08163368564173483	0.034471643244916673
20-21	0.00514096915263366	0.002000586438321057	2.5022969835160187E-6	2.3146247097523173E-4	0.09261376480540312	0.035097217490795675
22-23	0.006214454558562032	0.002033116299106765	2.5022969835160187E-6	2.3896936192577977E-4	0.10360510430549724	0.035662736609070295
24-25	0.007538169662842006	0.0020543858234666514	2.5022969835160187E-6	2.74001519695004E-4	0.11293116516306143	0.03617070289672405
26-27	0.009094598386588968	0.0020819110902853275	2.5022969835160187E-6	2.75252668186762E-4	0.12321810806229577	0.036742477757457453
28-29	0.010683556971121642	0.002119445545038068	8.758039442306065E-6	2.8275955913731007E-4	0.1324691000103545	0.03734928477596009
30-31	0.012457685532434499	0.002163235742249598	1.501378190109611E-5	2.9151759857961614E-4	0.14078548403507	0.0380224026645259
32-33	0.014286864627384706	0.0022245420183457402	1.501378190109611E-5	2.940198955631322E-4	0.14923448979991183	0.03877809635354774
34-35	0.016251167759444782	0.0022833459974583668	1.501378190109611E-5	2.977733410384062E-4	0.15766347718888554	0.0395062647757509
36-37	0.018172931842785085	0.00245725563781273	1.501378190109611E-5	3.127871229395023E-4	0.16494766370790065	0.04035329230467107
38-39	0.020278614754413813	0.002563603259612161	1.501378190109611E-5	3.202940138900504E-4	0.1726046924774597	0.04113776240900334
40-41	0.022451859684597474	0.0026674485844280756	1.501378190109611E-5	3.265497563488404E-4	0.18128140726780145	0.04190346528595924
42-43	0.024646374139141024	0.0029677242224499982	1.501378190109611E-5	3.553261716592747E-4	0.1885155478471463	0.04253279297731352
44-45	0.026878423048437315	0.003474439361611992	1.501378190109611E-5	3.6033076562630667E-4	0.19617507891368882	0.043224678093255704
46-47	0.029358199359101687	0.0038422770181888465	1.501378190109611E-5	3.7534454752740276E-4	0.20526091926083548	0.044102984334469825
48-49	0.031670321771870485	0.004152561844144833	1.501378190109611E-5	3.9786522037904695E-4	0.2129479755941967	0.04492123544807956
50-51	0.03406001539112828	0.004441577145740934	1.501378190109611E-5	4.06623259821353E-4	0.2205962463243134	0.04575950493755743
52-53	0.03641592800110861	0.00516599212246882	1.501378190109611E-5	4.4165541759057724E-4	0.22956322756474307	0.04661403935742815
54-55	0.038904462351215294	0.005384943108526472	1.501378190109611E-5	4.929525057526556E-4	0.2405833434801476	0.047538638092837315
56-57	0.041339197316176385	0.005457509721048436	1.501378190109611E-5	6.093093154861506E-4	0.24946399547464593	0.04843070696746078
58-59	0.043800206399464386	0.005558852748880835	1.501378190109611E-5	6.893828189586631E-4	0.2575339032464851	0.049315268951133695
60-61	0.04650143599316993	0.005618907876485219	1.501378190109611E-5	8.420229349531402E-4	0.265941621111099	0.050203584380281885
62-63	0.049380328672705115	0.005837858862542872	1.751607888461213E-5	9.283521808844429E-4	0.2744394216671193	0.05109565325490534
64-65	0.052386838498399604	0.005979238642111527	1.751607888461213E-5	0.0010409555451426637	0.28232541061067007	0.05207780482093538
66-67	0.0553933483240941	0.006270756240691142	1.751607888461213E-5	0.0011222801971069343	0.29017011165399276	0.05306871442640772
68-69	0.05874267283653029	0.006300783804493335	1.751607888461213E-5	0.0012599065312003154	0.29875173915896097	0.054154711317253676
70-71	0.06236725001715325	0.0064534239204878125	1.751607888461213E-5	0.001348738074115134	0.30732585977297866	0.0554321339273386
72-73	0.06654358368264147	0.006658612273136125	1.8767227376370138E-5	0.0014075420532277604	0.31528441532905127	0.05680339267430538
74-75	0.07132547321814059	0.006729927737166332	2.001837586812815E-5	0.001473852923290935	0.3232729984489262	0.0584474017924754
76-77	0.07657028769559016	0.006777471379853136	2.001837586812815E-5	0.0015138896750271913	0.33300443141782	0.060295348114801986
78-79	0.08259206538642147	0.006794987458737748	2.2520672851644167E-5	0.0015264011599447713	0.3423505106512523	0.06200191465755991
80-81	0.0895547067430548	0.006830019616506972	2.2520672851644167E-5	0.0015664379116810275	0.34978983958324544	0.06386612591027935
82-83	0.09821390545451197	0.006941371832273435	2.2520672851644167E-5	0.0015739448026315756	0.35898077640369974	0.06578663884512789
84-85	0.10806795097559804	0.007182843491182731	2.2520672851644167E-5	0.001597716623974978	0.37082414802668107	0.06759705071270172
86-87	0.11937958448958222	0.007330479013210177	2.5022969835160184E-5	0.0016415068211865082	0.3828827171902448	0.06944875048050358
88-89	0.13205371871109084	0.007386780695339287	2.5022969835160184E-5	0.0016590229000711203	0.3925991363772375	0.07147936448262682
90-91	0.14683728928970347	0.007446835822943671	2.5022969835160184E-5	0.0016690320880051843	0.402755959833329	0.07387656499283517
92-93	0.16410313847596403	0.00749187716864696	3.002756380219222E-5	0.0016852970183980384	0.4118568139623767	0.0764739492617248
94-95	0.18360979461096313	0.007531913920383215	3.002756380219222E-5	0.0016940550578403446	0.4224878226968446	0.07913138865821881
96-97	0.2052784353397201	0.0075919690479876005	3.3781009277466254E-5	0.0016965573548238606	0.4315811699349418	0.08201778822870454
98-99	0.2288263011030976	0.007619494314806276	4.00367517362563E-5	0.0017115711367249567	0.439547232381965	0.08521947721911328
100-101	0.25459495543934557	0.007653275324083743	4.00367517362563E-5	0.0017303383641013269	0.44821143568738925	0.08853752301925552
102-103	0.28378299860356815	0.00773084653057274	4.00367517362563E-5	0.0017678728188540672	0.4566491811158052	0.09213957952702684
104-105	0.3161502100853478	0.007753367203424384	4.00367517362563E-5	0.0018104118675738394	0.4648479571822955	0.09611572943383379
106-107	0.351395063098171	0.007777139024767786	4.00367517362563E-5	0.0018354348374089997	0.4731130441188489	0.100250775199094
108-109	0.3889532896722546	0.0078121711825370095	4.00367517362563E-5	0.001901745707472174	0.48232149701818783	0.10450217777408773
110-111	0.429538044447901	0.007847203340306235	4.00367517362563E-5	0.001973061171502381	0.4903025732471122	0.10906261402654567
112-113	0.4730617470306868	0.008009852644234774	4.00367517362563E-5	0.0019868238049117184	0.49858142281707496	0.11378069498896512
114-115	0.5212547357847136	0.008039880208036967	4.00367517362563E-5	0.002010595626255121	0.5077898757164139	0.11873399186783508
116-117	0.5731461194803771	0.008081168108264982	4.00367517362563E-5	0.0020606415659254413	0.5174925322699973	0.12437166697169667
118-119	0.6286608292081717	0.008097433038657835	4.253904871977232E-5	0.0020919202782193917	0.5275204874314376	0.1300919178760143
120-121	0.6870932172187459	0.008136218641902334	4.253904871977232E-5	0.0021106875055957614	0.5372506692518397	0.13583719175016706
122-123	0.7506803370153632	0.008200027214981993	4.253904871977232E-5	0.002145719663364986	0.5456796566408134	0.14157871217884457
124-125	0.8189767797349576	0.008250073154652312	4.379019721153032E-5	0.002197016751527064	0.554585331605147	0.14727394011332703
126-127	0.8922965836489606	0.008285105312421537	4.6292494195046346E-5	0.002292104036900673	0.5643743174046616	0.15335702408025448
128-129	0.9700229325509351	0.008305123688289666	4.754364268680435E-5	0.002303364373326495	0.5733312894571572	0.15952268384763796
130-131	1.0528051725081038	0.008328895509633068	4.754364268680435E-5	0.0023246338976863814	0.5839272660338558	0.16599737729248565
132-133	1.1417355561537712	0.008348913885501196	5.004593967032037E-5	0.0023634195009308795	0.5939877510560819	0.1726096970714267
134-135	1.2383842748450942	0.008382694894778662	5.004593967032037E-5	0.002387191322274282	0.602983508711822	0.17980129860205174
136-137	1.3423034174220225	0.008402713270646789	5.254823665383639E-5	0.002387191322274282	0.6107944287458673	0.18731569644355034
138-139	1.4514586164369583	0.00842148049802316	5.7552830620868426E-5	0.00238844247076604	0.6181336657985197	0.195419385224667
>>END_MODULE
