##FastQC	0.12.1
>>Basic Statistics	pass
#Measure	Value
Filename	KRAS_siRNA_M1_2.gz
File type	Conventional base calls
Encoding	Sanger / Illumina 1.9
Total Sequences	45292678
Total Bases	6.7 Gbp
Sequences flagged as poor quality	0
Sequence length	150
%GC	52
>>END_MODULE
>>Per base sequence quality	pass
#Base	Mean	Median	Lower Quartile	Upper Quartile	10th Percentile	90th Percentile
1	36.61882333387308	37.0	37.0	37.0	37.0	37.0
2	36.548209536208034	37.0	37.0	37.0	37.0	37.0
3	36.60711883717717	37.0	37.0	37.0	37.0	37.0
4	36.59900547280512	37.0	37.0	37.0	37.0	37.0
5	36.6176253035866	37.0	37.0	37.0	37.0	37.0
6	36.58168417420582	37.0	37.0	37.0	37.0	37.0
7	36.57718097393137	37.0	37.0	37.0	37.0	37.0
8	36.636152934034946	37.0	37.0	37.0	37.0	37.0
9	36.6272867327474	37.0	37.0	37.0	37.0	37.0
10-14	36.62583440087159	37.0	37.0	37.0	37.0	37.0
15-19	36.59795992632628	37.0	37.0	37.0	37.0	37.0
20-24	36.577570025777675	37.0	37.0	37.0	37.0	37.0
25-29	36.54515802311358	37.0	37.0	37.0	37.0	37.0
30-34	36.51843195935554	37.0	37.0	37.0	37.0	37.0
35-39	36.49051286391147	37.0	37.0	37.0	37.0	37.0
40-44	36.46919695938492	37.0	37.0	37.0	37.0	37.0
45-49	36.44695169492959	37.0	37.0	37.0	37.0	37.0
50-54	36.4299112982456	37.0	37.0	37.0	37.0	37.0
55-59	36.40965569755006	37.0	37.0	37.0	37.0	37.0
60-64	36.37127723381691	37.0	37.0	37.0	37.0	37.0
65-69	36.34757461239099	37.0	37.0	37.0	37.0	37.0
70-74	36.31473859858762	37.0	37.0	37.0	37.0	37.0
75-79	36.29774936249078	37.0	37.0	37.0	37.0	37.0
80-84	36.28073033791467	37.0	37.0	37.0	37.0	37.0
85-89	36.27247431030683	37.0	37.0	37.0	37.0	37.0
90-94	36.22595469846142	37.0	37.0	37.0	37.0	37.0
95-99	36.193416944787415	37.0	37.0	37.0	37.0	37.0
100-104	36.16952402328694	37.0	37.0	37.0	37.0	37.0
105-109	36.12644563874099	37.0	37.0	37.0	37.0	37.0
110-114	36.12524066693517	37.0	37.0	37.0	37.0	37.0
115-119	36.0707628769489	37.0	37.0	37.0	37.0	37.0
120-124	36.062471095217646	37.0	37.0	37.0	37.0	37.0
125-129	36.025163131224	37.0	37.0	37.0	37.0	37.0
130-134	35.99143120219122	37.0	37.0	37.0	37.0	37.0
135-139	35.94060878449271	37.0	37.0	37.0	37.0	37.0
140-144	35.86292622396935	37.0	37.0	37.0	37.0	37.0
145-149	35.82463983251333	37.0	37.0	37.0	37.0	37.0
150	35.767123617640806	37.0	37.0	37.0	37.0	37.0
>>END_MODULE
>>Per tile sequence quality	pass
#Tile	Base	Mean
1101	1	-0.1037362182306154
1101	2	-0.0822723835782071
1101	3	-0.06905406283767945
1101	4	-0.021579951577905376
1101	5	-0.059624963396423425
1101	6	-0.04553073727220891
1101	7	-0.03232573206069134
1101	8	-0.051698364616839854
1101	9	-0.04236781955047775
1101	10-14	-0.029307034807303012
1101	15-19	-0.06457832499809513
1101	20-24	-0.06866080463964863
1101	25-29	-0.08970125188015743
1101	30-34	-0.04399138758557797
1101	35-39	-0.07307270378620956
1101	40-44	-0.0540011756098977
1101	45-49	-0.09302150120088015
1101	50-54	-0.06989330972387364
1101	55-59	-0.10262932713168738
1101	60-64	-0.07467904761944766
1101	65-69	-0.06284990565802673
1101	70-74	-0.0544054056315062
1101	75-79	-0.08393927614882557
1101	80-84	-0.08186990314522546
1101	85-89	-0.09178758357725769
1101	90-94	-0.055294529110383905
1101	95-99	-0.05251977578382849
1101	100-104	-0.07525180203389681
1101	105-109	-0.08595957028755663
1101	110-114	-0.039214133235809356
1101	115-119	-0.06444097841634999
1101	120-124	-0.054825458890015
1101	125-129	-0.03337277733216837
1101	130-134	-0.0386990465004331
1101	135-139	-0.11841322383921238
1101	140-144	-0.046621321741803
1101	145-149	-0.042145417882899494
1101	150	-0.05940494047185041
1102	1	-0.11898007684431633
1102	2	-0.14493296968906577
1102	3	-0.09261816369944853
1102	4	-0.09517527640118573
1102	5	-0.09589610680141902
1102	6	-0.10816279013441488
1102	7	-0.11592887768628657
1102	8	-0.10422581551310373
1102	9	-0.023106108123279512
1102	10-14	-0.09343476833600306
1102	15-19	-0.10661182085075183
1102	20-24	-0.08903802067160882
1102	25-29	-0.06181459179978077
1102	30-34	-0.05560169615704069
1102	35-39	-0.08196904057789567
1102	40-44	-0.09562052668619714
1102	45-49	-0.1160536495551483
1102	50-54	-0.1379319219299262
1102	55-59	-0.1210875721464788
1102	60-64	-0.09628984324088208
1102	65-69	-0.1190191737712496
1102	70-74	-0.12336603871905538
1102	75-79	-0.06304583626792493
1102	80-84	-0.13328449053081926
1102	85-89	-0.10192781280201757
1102	90-94	-0.10948300416772128
1102	95-99	-0.08330396761341774
1102	100-104	-0.07213777917333175
1102	105-109	-0.11700879119280216
1102	110-114	-0.07323269063582671
1102	115-119	-0.04912198421296665
1102	120-124	-0.08000365340017623
1102	125-129	-0.026568387499722235
1102	130-134	-0.0880947257549991
1102	135-139	-0.08430953438698907
1102	140-144	-0.08288387766079808
1102	145-149	-0.049195476628085544
1102	150	-0.137447089562734
1103	1	-0.06463266689102198
1103	2	-0.07941264269415882
1103	3	-0.037340154425159255
1103	4	-0.03319414062177373
1103	5	-0.04671547104051399
1103	6	-0.01416308910102515
1103	7	-0.08635873865564037
1103	8	-0.05808809477300514
1103	9	-0.014733600102253774
1103	10-14	-0.053705229087391615
1103	15-19	-0.09538704196932457
1103	20-24	-0.07109953997542107
1103	25-29	-0.04058516038721649
1103	30-34	-0.06004289798232776
1103	35-39	-0.0750588670113288
1103	40-44	-0.07287796023403104
1103	45-49	-0.0686958210832671
1103	50-54	-0.09544582023506365
1103	55-59	-0.09918227976953631
1103	60-64	-0.04967225851640222
1103	65-69	-0.08338774388582237
1103	70-74	-0.04015394480983758
1103	75-79	-0.03009461434837135
1103	80-84	-0.053728521344531543
1103	85-89	-0.06862774530296178
1103	90-94	-0.015130044969623668
1103	95-99	-0.03829331794612045
1103	100-104	-0.06628227863104996
1103	105-109	-0.04152900808253435
1103	110-114	-0.02078248750912337
1103	115-119	-0.04567908789445596
1103	120-124	-0.024829842577332784
1103	125-129	-0.02950545633155599
1103	130-134	-0.03253149032558866
1103	135-139	-0.11422698297066347
1103	140-144	-0.03559436047605402
1103	145-149	-0.05057512631118044
1103	150	-0.0957772975088389
1104	1	-0.08337392762563667
1104	2	-0.13391639848551762
1104	3	-0.12223322228594924
1104	4	0.0030519968285176446
1104	5	-0.06265273382514636
1104	6	-0.061376506855005175
1104	7	-0.08597335382096816
1104	8	-0.09343707747101604
1104	9	-0.08330963640978695
1104	10-14	-0.08582657839964725
1104	15-19	-0.09952383621831018
1104	20-24	-0.10751945455506018
1104	25-29	-0.09329046777492778
1104	30-34	-0.0873084550103016
1104	35-39	-0.11536351358155628
1104	40-44	-0.09512605778575534
1104	45-49	-0.12178672095851084
1104	50-54	-0.13227840712320926
1104	55-59	-0.13402733616486984
1104	60-64	-0.0833886649731852
1104	65-69	-0.0948899662787781
1104	70-74	-0.06865475320478964
1104	75-79	-0.12207136317423561
1104	80-84	-0.10527776861589189
1104	85-89	-0.11269093699493737
1104	90-94	-0.09387083046235745
1104	95-99	-0.0542842401180863
1104	100-104	-0.08398766778206834
1104	105-109	-0.08251108436056143
1104	110-114	-0.10209118380570459
1104	115-119	-0.09998963685571027
1104	120-124	-0.10333942548555086
1104	125-129	-0.0762914206687384
1104	130-134	-0.11231160670983087
1104	135-139	-0.1203241523813432
1104	140-144	-0.06840276703789527
1104	145-149	0.012471170909101659
1104	150	-0.2113361625056669
1105	1	-0.12194735319610572
1105	2	-0.09074788049863969
1105	3	-0.16938111110652443
1105	4	-0.036229757890133385
1105	5	-0.08044036758074213
1105	6	-0.12686843468094366
1105	7	-0.11750366534569423
1105	8	-0.1443148665912375
1105	9	-0.10441243104491349
1105	10-14	-0.08711483037011192
1105	15-19	-0.1299769745343511
1105	20-24	-0.15070018724237144
1105	25-29	-0.1436074824679423
1105	30-34	-0.12133175269921992
1105	35-39	-0.15062958580263341
1105	40-44	-0.11035284065354034
1105	45-49	-0.12810020136690525
1105	50-54	-0.1311654826451516
1105	55-59	-0.17609569527041202
1105	60-64	-0.13407405831432584
1105	65-69	-0.15536991567230984
1105	70-74	-0.1573253526060654
1105	75-79	-0.1395721556812859
1105	80-84	-0.17037000218925868
1105	85-89	-0.16237926504607714
1105	90-94	-0.14417567794600217
1105	95-99	-0.11975608872419485
1105	100-104	-0.11139258296422838
1105	105-109	-0.17608454198749257
1105	110-114	-0.16271689275816215
1105	115-119	-0.13803968245900222
1105	120-124	-0.16730898941553107
1105	125-129	-0.09631485750646362
1105	130-134	-0.16273867718346935
1105	135-139	-0.15200291145896472
1105	140-144	-0.10138833759192067
1105	145-149	-0.10186187771532929
1105	150	-0.18990558457984008
1106	1	-0.09974720447139873
1106	2	-0.13523134295721206
1106	3	-0.05270588958293132
1106	4	-0.0753196721504068
1106	5	-0.060846228873117525
1106	6	-0.0209450517435954
1106	7	-0.09822840450515713
1106	8	-0.107828319192258
1106	9	-0.05931721961722758
1106	10-14	-0.04465979174818102
1106	15-19	-0.0692812723292775
1106	20-24	-0.0688707647176372
1106	25-29	-0.1037545929676611
1106	30-34	-0.09315576855438223
1106	35-39	-0.11484222863039406
1106	40-44	-0.07019942433927895
1106	45-49	-0.07861209332602215
1106	50-54	-0.11197704003267717
1106	55-59	-0.11598927521018254
1106	60-64	-0.09707356815052037
1106	65-69	-0.07142594019135373
1106	70-74	-0.042076259951890904
1106	75-79	-0.07803330093708638
1106	80-84	-0.10020418428239708
1106	85-89	-0.11194015898968956
1106	90-94	-0.07143353832554311
1106	95-99	-0.049964777674077254
1106	100-104	-0.06243641946710454
1106	105-109	-0.05936163038145992
1106	110-114	-0.013729233227792292
1106	115-119	-0.09285142250745793
1106	120-124	-0.09084668353113301
1106	125-129	-0.018372752530225966
1106	130-134	-0.04333098007780478
1106	135-139	-0.039914471466033774
1106	140-144	-0.044980947989103015
1106	145-149	-0.04235695023573527
1106	150	-0.06291681633999957
1107	1	-0.05937184406904805
1107	2	-0.05065147383781721
1107	3	-0.03355138242106648
1107	4	-0.007339800957431919
1107	5	-0.011634000783082854
1107	6	-0.024192513728749532
1107	7	-0.05318261137492897
1107	8	-0.08954636508812541
1107	9	-0.021474902184166922
1107	10-14	-0.02002870520165345
1107	15-19	-0.05333330222276089
1107	20-24	-0.07080403879683672
1107	25-29	-0.05802842994846458
1107	30-34	-0.05028494410838391
1107	35-39	-0.03875827879971894
1107	40-44	-0.05065742161911402
1107	45-49	-0.06177826154803512
1107	50-54	-0.0841985700142871
1107	55-59	-0.0733850943072909
1107	60-64	-0.050141835118296285
1107	65-69	-0.05554067703047849
1107	70-74	-0.03581667789138265
1107	75-79	-0.03830897397876498
1107	80-84	-0.050599003348402505
1107	85-89	-0.04113408302314525
1107	90-94	-0.023866761979064677
1107	95-99	-0.018516278333386538
1107	100-104	0.009503631448708916
1107	105-109	-0.02974931444703799
1107	110-114	-0.0010001379778898922
1107	115-119	-0.021429842005900923
1107	120-124	-0.03358682530745227
1107	125-129	0.03852385217096099
1107	130-134	-0.013819506111126145
1107	135-139	-0.0733275370939026
1107	140-144	0.04444648000819029
1107	145-149	0.034982335529036845
1107	150	0.03529396684175623
1108	1	-0.09211872907184215
1108	2	-0.0885591337959255
1108	3	-0.03751444340844756
1108	4	-0.006509197449837245
1108	5	-0.030103834765363047
1108	6	-0.0778188207917836
1108	7	-0.06911284142925922
1108	8	-0.06955678508028029
1108	9	-0.04086343682244831
1108	10-14	-0.04368638458608132
1108	15-19	-0.065447446542926
1108	20-24	-0.10336180515496807
1108	25-29	-0.156045401522384
1108	30-34	-0.08826165874945957
1108	35-39	-0.1071099820892698
1108	40-44	-0.06671164302663612
1108	45-49	-0.07558655803379821
1108	50-54	-0.08401084163810424
1108	55-59	-0.07345653631998772
1108	60-64	-0.05984182734776766
1108	65-69	-0.06802480128772004
1108	70-74	-0.04359466371531795
1108	75-79	-0.012962272847161671
1108	80-84	-0.03597358474652168
1108	85-89	-0.053123973851960216
1108	90-94	-0.02911070494903356
1108	95-99	-0.01386270796472644
1108	100-104	-0.02730800074522932
1108	105-109	-0.04808600096442461
1108	110-114	9.167005609143075E-4
1108	115-119	-0.03964299591189757
1108	120-124	-0.026977142485272054
1108	125-129	-0.016013001178649233
1108	130-134	-0.011214508072477258
1108	135-139	-0.037993633922120296
1108	140-144	0.02531774301797185
1108	145-149	0.01493109687939409
1108	150	0.0111465478260655
1109	1	0.01658920838193012
1109	2	0.010839421088661538
1109	3	-0.04226044205037738
1109	4	-0.09400656036739719
1109	5	-0.048016501977151904
1109	6	-0.03900848783482047
1109	7	-0.056366952596079045
1109	8	-0.01771598331033175
1109	9	-0.05484278239692486
1109	10-14	-0.046311182746187285
1109	15-19	-0.04244472866109561
1109	20-24	-0.07237965472828733
1109	25-29	-0.07498436296923927
1109	30-34	-0.031647018590533094
1109	35-39	-0.05416553781784472
1109	40-44	-0.05590864003423235
1109	45-49	-0.074706399401677
1109	50-54	-0.06226830370189873
1109	55-59	-0.07381788091887387
1109	60-64	-0.003612984996109958
1109	65-69	-0.044937613719270075
1109	70-74	-0.03294381504480981
1109	75-79	-0.0402256070259881
1109	80-84	-0.03251322506982035
1109	85-89	-0.03702096401957533
1109	90-94	-0.04386602003265949
1109	95-99	-0.03765821731756347
1109	100-104	0.016249871867167087
1109	105-109	-0.023233494758564177
1109	110-114	-0.007262768456115509
1109	115-119	0.002415295231003256
1109	120-124	-0.03388202723279932
1109	125-129	0.01719354226922576
1109	130-134	-0.03378834436217204
1109	135-139	-0.02058701893708559
1109	140-144	0.03252725014855429
1109	145-149	0.034986926322417844
1109	150	-0.025708866466068514
1110	1	-0.1358389633643
1110	2	-0.12947170464072855
1110	3	0.005723250445981876
1110	4	-0.06045366278643627
1110	5	-0.04017808734123918
1110	6	-0.07272821943855234
1110	7	-0.09621638431043777
1110	8	-0.0435404514108626
1110	9	-0.05124645344152867
1110	10-14	-0.08031501946464203
1110	15-19	-0.09131874403001916
1110	20-24	-0.04521109377614607
1110	25-29	-0.089181126180371
1110	30-34	-0.057078092529437185
1110	35-39	-0.09130487961238032
1110	40-44	-0.05632259260254813
1110	45-49	-0.046901502393836836
1110	50-54	-0.06100245345457722
1110	55-59	-0.078070129784642
1110	60-64	-0.06269738178031758
1110	65-69	-0.041840626651222124
1110	70-74	-0.031397757890815114
1110	75-79	-0.04698305785316137
1110	80-84	-0.06205788304557558
1110	85-89	-0.04982987235309366
1110	90-94	-0.056162314008595615
1110	95-99	-0.048621509771926696
1110	100-104	-0.009301768077634165
1110	105-109	-0.026391089680217306
1110	110-114	0.009254959979159594
1110	115-119	0.004669155588146623
1110	120-124	-0.020273800621616545
1110	125-129	-0.019050975150598504
1110	130-134	0.047035152086799314
1110	135-139	0.003159286611655432
1110	140-144	-0.012942979897921703
1110	145-149	-0.001384190044312561
1110	150	0.05555113646918386
1111	1	-0.05386319388419025
1111	2	0.01683492337027559
1111	3	0.00920859428799048
1111	4	-0.0273047520267653
1111	5	0.02642770333755351
1111	6	-0.009494888110964439
1111	7	-0.10745754013783682
1111	8	-0.004195796082143488
1111	9	-0.056776198282001644
1111	10-14	-0.047074318506375334
1111	15-19	-0.0436640823661989
1111	20-24	-0.04461956215388341
1111	25-29	-0.06289238327655511
1111	30-34	-0.06510630051512578
1111	35-39	-0.08225375797523782
1111	40-44	-0.011993275324996944
1111	45-49	-0.03479394167825234
1111	50-54	-0.053589433101237205
1111	55-59	-0.01957402473357206
1111	60-64	-0.040966047572197795
1111	65-69	-0.03428082830909318
1111	70-74	-0.013776423191224296
1111	75-79	-0.015341891656902362
1111	80-84	0.017707761995346516
1111	85-89	0.03768665829268514
1111	90-94	0.03953311556533379
1111	95-99	0.035804932270558254
1111	100-104	0.00897467201189528
1111	105-109	0.03535803110747793
1111	110-114	0.06670351009259434
1111	115-119	0.037429876946305285
1111	120-124	5.23210332183055E-4
1111	125-129	0.05105938632960516
1111	130-134	0.04841597432082523
1111	135-139	0.0912095835492508
1111	140-144	0.07820236017423099
1111	145-149	0.031123005696855444
1111	150	0.036472766083022634
1112	1	-0.052656068713645254
1112	2	0.04270716286055887
1112	3	-0.005781242631876182
1112	4	-0.05030493346175291
1112	5	-0.02946055279591775
1112	6	0.020448791704616553
1112	7	0.023353114344430992
1112	8	-0.0216812186767541
1112	9	-0.026222573219889966
1112	10-14	0.001518925512947078
1112	15-19	-0.016741696294431563
1112	20-24	-0.02800823629935678
1112	25-29	-0.01598764962292165
1112	30-34	-0.025491389139602916
1112	35-39	-0.002388933672456517
1112	40-44	-0.016452181554491574
1112	45-49	-0.03174237389086443
1112	50-54	-0.007713040346999378
1112	55-59	-0.04727466299271299
1112	60-64	-0.015388526593646645
1112	65-69	-0.0576145822702685
1112	70-74	-0.02354316447574689
1112	75-79	-0.016927023836935007
1112	80-84	7.107141331275102E-4
1112	85-89	-0.031816797866071056
1112	90-94	-0.010226334836609396
1112	95-99	-0.02176636536911758
1112	100-104	0.023689252305175046
1112	105-109	0.017219247218598355
1112	110-114	0.057559604937679865
1112	115-119	0.026236265578674534
1112	120-124	0.015458637680659137
1112	125-129	-0.008118472490536988
1112	130-134	0.03802868489894706
1112	135-139	0.026276363973764205
1112	140-144	0.06833491932911073
1112	145-149	0.04263727080526536
1112	150	0.11590557838890447
1113	1	-0.127529707715766
1113	2	-0.09397051755896513
1113	3	-0.0693486424535692
1113	4	-0.04564496293918552
1113	5	-0.042348087584038296
1113	6	-0.033031492115242145
1113	7	-0.119684347412786
1113	8	0.006808330465311485
1113	9	-0.05585918773638099
1113	10-14	-0.020847816901600424
1113	15-19	-0.030887068763881587
1113	20-24	-0.0574577097925868
1113	25-29	-0.06277011520381137
1113	30-34	-0.01968371148868897
1113	35-39	-0.045756738259512986
1113	40-44	-0.008997707542640399
1113	45-49	-0.022200330185057737
1113	50-54	-0.02002684713149705
1113	55-59	-0.05111918750293398
1113	60-64	-0.04671264699142341
1113	65-69	-0.007442986340578273
1113	70-74	0.020214101033126042
1113	75-79	-0.034904783296823894
1113	80-84	-0.03719060266917751
1113	85-89	-0.00651325000626457
1113	90-94	-0.00906844335259649
1113	95-99	-0.019337968539467454
1113	100-104	-0.024037707630476746
1113	105-109	-0.02430878839427919
1113	110-114	0.013088960191936394
1113	115-119	0.0032559506128251314
1113	120-124	0.004007850405550073
1113	125-129	0.027583916361692218
1113	130-134	0.029708959190152484
1113	135-139	0.055874110524641196
1113	140-144	0.03565307085739988
1113	145-149	0.07752373930529188
1113	150	0.1061655675502351
1114	1	-0.09780409585734873
1114	2	-0.13943786088690757
1114	3	-0.10754963552096797
1114	4	-0.12967088111138025
1114	5	-0.12462782417583895
1114	6	-0.05478867414451827
1114	7	-0.0913595706520951
1114	8	-0.1359460096516827
1114	9	-0.09189234128161416
1114	10-14	-0.09766922609207285
1114	15-19	-0.12435538073106756
1114	20-24	-0.06775275507130374
1114	25-29	-0.1075953955564799
1114	30-34	-0.07244512898076039
1114	35-39	-0.11586520025262104
1114	40-44	-0.03836736428180387
1114	45-49	-0.057887557308824
1114	50-54	-0.05548532376099047
1114	55-59	-0.11672772046782853
1114	60-64	-0.12287906481483901
1114	65-69	-0.07778761072871276
1114	70-74	-0.04012324087962327
1114	75-79	-0.021752789753662682
1114	80-84	-0.029640195555678872
1114	85-89	-0.003699669848145959
1114	90-94	-0.055339977912389315
1114	95-99	-0.0349597941259816
1114	100-104	-0.030179712152161642
1114	105-109	-0.02096582312618267
1114	110-114	-0.004219553741059201
1114	115-119	-0.0018187402002212139
1114	120-124	-0.019149954548730364
1114	125-129	0.007306823017785291
1114	130-134	0.01734259883725997
1114	135-139	0.01340796462887539
1114	140-144	0.03490718469217313
1114	145-149	0.13611042986543964
1114	150	0.10770155667793802
1115	1	-0.09116052430247379
1115	2	-0.055207810812227365
1115	3	-0.07486142282208874
1115	4	-0.0417461304501785
1115	5	-0.05466482526311012
1115	6	-0.07454602263193522
1115	7	-0.05700574469828723
1115	8	-0.044398228023929676
1115	9	-0.09438751627963882
1115	10-14	-0.038424635173228694
1115	15-19	-0.043424578595647745
1115	20-24	-0.05591140076003143
1115	25-29	-0.0699676787887995
1115	30-34	-0.0775320636654655
1115	35-39	-0.05437888331864826
1115	40-44	-0.034366459476373734
1115	45-49	-0.033756415071891865
1115	50-54	-0.02837259365636413
1115	55-59	-0.06006435511830688
1115	60-64	0.004796441104957694
1115	65-69	-0.014633150470558576
1115	70-74	-0.00854748740806599
1115	75-79	0.008046704608702271
1115	80-84	0.0023944127820740846
1115	85-89	-0.02106936657843761
1115	90-94	-0.007335638232248698
1115	95-99	-0.007314348062543274
1115	100-104	-0.011268102802375779
1115	105-109	0.023813082680000264
1115	110-114	0.028375516668234013
1115	115-119	0.031210439304892645
1115	120-124	0.02917615538983398
1115	125-129	0.046511657049009614
1115	130-134	0.03786574003581222
1115	135-139	0.009707028221072278
1115	140-144	0.023644444993983882
1115	145-149	0.06422369420030094
1115	150	-0.003700496722508717
1116	1	-0.14191406679199048
1116	2	-0.10943270152068862
1116	3	-0.16993997206713374
1116	4	-0.1430040936482655
1116	5	-0.07824301729787209
1116	6	-0.07116478672138271
1116	7	-0.12259565989323562
1116	8	-0.07780766133665651
1116	9	-0.10144593589251372
1116	10-14	-0.06878850844316275
1116	15-19	-0.0755222358144465
1116	20-24	-0.06589053264650602
1116	25-29	-0.08356713686563921
1116	30-34	-0.049515237765689335
1116	35-39	-0.08188663829830745
1116	40-44	-0.03715939041448024
1116	45-49	-0.05903502058218635
1116	50-54	-0.06707506895703119
1116	55-59	-0.0862159510894216
1116	60-64	-0.08818834691943067
1116	65-69	-0.07057944307204167
1116	70-74	-0.048348449099577806
1116	75-79	-0.03296357120205329
1116	80-84	-0.05120706269996589
1116	85-89	-0.04629839759465426
1116	90-94	-0.030168750699807845
1116	95-99	-0.05471736454604326
1116	100-104	-0.0269181237167615
1116	105-109	-0.056340286386699745
1116	110-114	0.004365609172737095
1116	115-119	0.027220548540910272
1116	120-124	-0.013561648562806283
1116	125-129	-0.018228310524442293
1116	130-134	0.002574521115882078
1116	135-139	0.03486780986379756
1116	140-144	0.030513284042051225
1116	145-149	0.06834782569810471
1116	150	0.02211118497906739
1117	1	-0.056058951232650145
1117	2	-0.07409361842604767
1117	3	-0.10977710717659761
1117	4	-0.10963153068787079
1117	5	-0.06888841869426443
1117	6	-0.030528378387153055
1117	7	-0.1477523268499823
1117	8	-0.09740328098283157
1117	9	-0.08639154519212866
1117	10-14	-0.09205469280386325
1117	15-19	-0.07344819893604893
1117	20-24	-0.07758394136683933
1117	25-29	-0.10058561978279812
1117	30-34	-0.08074941938330937
1117	35-39	-0.07288495284915797
1117	40-44	-0.07347533354855784
1117	45-49	-0.059067030022980305
1117	50-54	-0.09873538265048154
1117	55-59	-0.10801770120860965
1117	60-64	-0.07335984556823405
1117	65-69	-0.04998551213085989
1117	70-74	-0.027123315428070782
1117	75-79	-0.04547201600602335
1117	80-84	-0.07109769757574469
1117	85-89	-0.03067994864042589
1117	90-94	-0.06487095662097886
1117	95-99	-0.013220124581238224
1117	100-104	0.006644393553656869
1117	105-109	-0.05251587914624167
1117	110-114	9.713061183020955E-4
1117	115-119	0.03785885502288977
1117	120-124	-0.0169397561983331
1117	125-129	-0.028524875993305443
1117	130-134	0.02040640290029927
1117	135-139	0.04307240349297814
1117	140-144	0.025413503843005003
1117	145-149	0.06196264459011047
1117	150	0.042224620818579695
1118	1	-0.09717572463766544
1118	2	-0.017638381302184314
1118	3	-0.09152357827003499
1118	4	-0.09617729048844126
1118	5	-0.11276036175207338
1118	6	-0.096610053510922
1118	7	-0.06238991514078407
1118	8	-0.04814334293023137
1118	9	-0.0958508196782546
1118	10-14	-0.0518928106880594
1118	15-19	-0.07619864440258795
1118	20-24	-0.05630741778648485
1118	25-29	-0.07431090714051436
1118	30-34	-0.0730843666117238
1118	35-39	-0.05903848405725398
1118	40-44	-0.06127772689399791
1118	45-49	-0.08493061732775686
1118	50-54	-0.06206164585548635
1118	55-59	-0.03511405886100505
1118	60-64	-0.06512619458384705
1118	65-69	-0.06321589858140442
1118	70-74	-0.03425320268960519
1118	75-79	-0.021365341457638465
1118	80-84	-0.016498459986728164
1118	85-89	-0.03403533221406718
1118	90-94	-0.036444437704247434
1118	95-99	-0.02587827882955196
1118	100-104	-0.005917581107738101
1118	105-109	-0.046160758431170734
1118	110-114	0.02163610814461947
1118	115-119	0.005580549576379212
1118	120-124	-0.010473193140740022
1118	125-129	0.01963057153854919
1118	130-134	0.010554173023820113
1118	135-139	0.037159660424507024
1118	140-144	0.07182730137407844
1118	145-149	0.06740006184114833
1118	150	0.12284104233228277
1119	1	-0.19609001535435056
1119	2	-0.13566163547431387
1119	3	-0.06071998961208891
1119	4	-0.13186638265889172
1119	5	-0.10506692448534238
1119	6	-0.09269428964092441
1119	7	-0.13373684792263418
1119	8	-0.07426117448621739
1119	9	-0.11552132281894245
1119	10-14	-0.10603242796941714
1119	15-19	-0.1187979834132804
1119	20-24	-0.09420087444424041
1119	25-29	-0.09522932645171522
1119	30-34	-0.1316298889316414
1119	35-39	-0.10155909173063549
1119	40-44	-0.1149458221585391
1119	45-49	-0.10551432491105572
1119	50-54	-0.1052709550548343
1119	55-59	-0.14599748960444714
1119	60-64	-0.12444410106827064
1119	65-69	-0.29611808590814803
1119	70-74	-0.07534126525296614
1119	75-79	-0.06724703548040623
1119	80-84	-0.07193881986913198
1119	85-89	-0.10166609692654305
1119	90-94	-0.08047144582871368
1119	95-99	-0.07369073558803052
1119	100-104	-0.04978524393354178
1119	105-109	-0.05944807415757225
1119	110-114	-0.010699277562686405
1119	115-119	-0.028857143569076982
1119	120-124	-0.01550443058010842
1119	125-129	0.01889536919881607
1119	130-134	0.026306992017993025
1119	135-139	0.007808666822604948
1119	140-144	0.013315214457087166
1119	145-149	0.07140107092762804
1119	150	0.058468196171851616
1120	1	-0.06972355494315963
1120	2	-0.037969187110810765
1120	3	-0.11847338120747253
1120	4	-0.09897799158973442
1120	5	-0.0598521135227017
1120	6	-0.09993447131337518
1120	7	-0.06317909138791578
1120	8	-0.10533341247960948
1120	9	-0.07830528127639269
1120	10-14	-0.05754113132203287
1120	15-19	-0.030236176060952857
1120	20-24	-0.0794420114353116
1120	25-29	-0.09268883613420087
1120	30-34	-0.09410865976138183
1120	35-39	-0.11370308672450591
1120	40-44	-0.05518789970508209
1120	45-49	-0.07292978802390593
1120	50-54	-0.0502428312558294
1120	55-59	-0.09987754520913228
1120	60-64	-0.10436698028236435
1120	65-69	-0.1532283947294104
1120	70-74	-0.08610444862603828
1120	75-79	-0.05075387391393349
1120	80-84	-0.04110007774658442
1120	85-89	-0.07285868792111927
1120	90-94	-0.05887998788201543
1120	95-99	-0.08387779421153851
1120	100-104	-0.037203840643840635
1120	105-109	-0.04888182166867239
1120	110-114	-0.008056673876566833
1120	115-119	-0.022984543830915527
1120	120-124	-0.032431533483539
1120	125-129	-0.008831939245752096
1120	130-134	-0.008020587020816095
1120	135-139	0.027823715710056263
1120	140-144	0.0417283045127661
1120	145-149	0.034279970720611175
1120	150	0.01300612627357367
1121	1	-0.08867350463098234
1121	2	-0.03510577152935923
1121	3	-0.04093035569255932
1121	4	-0.04760568742837279
1121	5	-0.11899728697959233
1121	6	-0.09079397508373432
1121	7	-0.07863611904269874
1121	8	-0.07302144909902353
1121	9	-0.07646339202915442
1121	10-14	-0.04581519466108119
1121	15-19	-0.06694095146732337
1121	20-24	-0.052225325590598004
1121	25-29	-0.09991613317168202
1121	30-34	-0.12016806594970575
1121	35-39	-0.07470254621332373
1121	40-44	-0.0460807269425203
1121	45-49	-0.04052692436664529
1121	50-54	-0.006557301289021211
1121	55-59	-0.04297980076998442
1121	60-64	-0.055045803759270484
1121	65-69	-0.05933725157811409
1121	70-74	-0.02593068323632508
1121	75-79	-0.014954888346231598
1121	80-84	-0.018618992083951014
1121	85-89	-0.015807092560123692
1121	90-94	-0.05258378604644065
1121	95-99	-0.0026135155181705727
1121	100-104	-0.016228992753234195
1121	105-109	0.010035262323242478
1121	110-114	0.033045917762258625
1121	115-119	0.02929656406631409
1121	120-124	-0.0038344542911232793
1121	125-129	0.03212828840016613
1121	130-134	0.04460029513552399
1121	135-139	0.08048411972582414
1121	140-144	0.05554366805274924
1121	145-149	0.06731808429393027
1121	150	0.031329483891525456
1122	1	-0.06912491599662474
1122	2	-0.038361846042164416
1122	3	0.009836478776534818
1122	4	-0.025042634230125316
1122	5	-0.025153615567994336
1122	6	-0.08986731826370686
1122	7	-0.02292689567683226
1122	8	-0.06306100380400181
1122	9	-0.12800014684869154
1122	10-14	-0.04019494519223343
1122	15-19	-0.06947201295320582
1122	20-24	-0.05263003164888147
1122	25-29	-0.0902335581056235
1122	30-34	-0.08621611908736071
1122	35-39	-0.07410198767349385
1122	40-44	-0.07921558690879493
1122	45-49	-0.09452597765394444
1122	50-54	-0.06462806463461135
1122	55-59	-0.09980383987021924
1122	60-64	-0.05951594478075606
1122	65-69	-0.13694873620454473
1122	70-74	-0.07634667601132605
1122	75-79	-0.03115073030664206
1122	80-84	-0.03650144433475333
1122	85-89	-0.058262619937245574
1122	90-94	-0.0405700601213681
1122	95-99	-0.04756681255929607
1122	100-104	-0.037986231681330196
1122	105-109	-0.025592416745475077
1122	110-114	0.021537853654457706
1122	115-119	0.02473073723847108
1122	120-124	-0.020543369820359203
1122	125-129	3.2595615022756874E-4
1122	130-134	-0.030951868612142164
1122	135-139	-0.018689775277373144
1122	140-144	-0.019703514800610833
1122	145-149	0.03850081853885712
1122	150	0.06380310101509679
1123	1	-0.13499287319226028
1123	2	-0.13506078061264049
1123	3	-0.09182342255257936
1123	4	-0.06590785618345762
1123	5	-0.06006429224120069
1123	6	-0.08462346801965026
1123	7	-0.0780279190084272
1123	8	-0.03426968889323945
1123	9	-0.07819210985043412
1123	10-14	-0.05231419782575841
1123	15-19	-0.06177715162414188
1123	20-24	-0.07933221107310828
1123	25-29	-0.08467788555937972
1123	30-34	-0.09843194987427495
1123	35-39	-0.08636307981807079
1123	40-44	-0.06722078429032763
1123	45-49	-0.049080645109782495
1123	50-54	-0.05372310047635409
1123	55-59	-0.10982745233490476
1123	60-64	-0.07953402498975493
1123	65-69	-0.05751049554235266
1123	70-74	-0.05344844415243699
1123	75-79	-0.07154551866160119
1123	80-84	-0.01700226930628901
1123	85-89	-0.038844711320820124
1123	90-94	-0.042529195554557475
1123	95-99	-0.023259750748621855
1123	100-104	-0.012671589903547442
1123	105-109	0.024146183939194543
1123	110-114	-0.010378656923236917
1123	115-119	0.0583411793968196
1123	120-124	0.02640511524849387
1123	125-129	0.036903226019951774
1123	130-134	0.019988731845842267
1123	135-139	0.020387828951740516
1123	140-144	0.07182618150747544
1123	145-149	0.02709677210235384
1123	150	0.07813932720058858
1124	1	-0.12347458850369719
1124	2	-0.026785362603533258
1124	3	-0.06633909534251359
1124	4	-0.06217036737550785
1124	5	-0.08209644295918395
1124	6	-0.08778595137953715
1124	7	-0.103103898209433
1124	8	-0.06525492330512606
1124	9	-0.09498023698060365
1124	10-14	-0.0505263587109539
1124	15-19	-0.053085500136539565
1124	20-24	-0.05931027716452775
1124	25-29	-0.08138257957613604
1124	30-34	-0.09136038019795478
1124	35-39	-0.06891579828239713
1124	40-44	-0.03650719777564149
1124	45-49	-0.023844999134176703
1124	50-54	-0.04003513726327412
1124	55-59	-0.05646075768694203
1124	60-64	-0.08238114549781983
1124	65-69	-0.04758697713910465
1124	70-74	-0.031252189918191675
1124	75-79	0.006056933253347552
1124	80-84	-0.03631404492200119
1124	85-89	-0.017377555419500368
1124	90-94	-0.028410812474724878
1124	95-99	0.010483067741859031
1124	100-104	-0.012672689768074008
1124	105-109	-0.028886972129534172
1124	110-114	0.006336953715035065
1124	115-119	0.03269988846905392
1124	120-124	0.029490384390008728
1124	125-129	0.03215276197964556
1124	130-134	0.06716153007084813
1124	135-139	0.03761782199649133
1124	140-144	0.02466190257213441
1124	145-149	0.05180718616033175
1124	150	0.0996006668691436
1125	1	-0.08538388637366978
1125	2	-0.03903112837298295
1125	3	-0.0884828181228201
1125	4	-0.038869250761344176
1125	5	-0.026685580795515307
1125	6	-0.05498336079677557
1125	7	-0.07358856182132456
1125	8	-0.051123460087701744
1125	9	-0.03259658976065083
1125	10-14	-0.06882098125390712
1125	15-19	-0.037375775944965994
1125	20-24	-0.054376871000840765
1125	25-29	-0.08412369804094766
1125	30-34	-0.09261233944550895
1125	35-39	-0.03859133479118526
1125	40-44	-0.021839827088278696
1125	45-49	-0.09644532587741139
1125	50-54	-0.0157443537210753
1125	55-59	-0.07902466694994814
1125	60-64	-0.06661467837879798
1125	65-69	-0.049114317567557464
1125	70-74	-0.05987570850491153
1125	75-79	-0.051270734249470706
1125	80-84	-0.060778258176796385
1125	85-89	-0.07451876873488317
1125	90-94	-0.03239445296168242
1125	95-99	-0.06306410888818448
1125	100-104	-0.020551623227319737
1125	105-109	-0.05612348532493883
1125	110-114	-0.023468499170846258
1125	115-119	-0.009329355984021959
1125	120-124	-0.01711405637643537
1125	125-129	-0.07663289476224833
1125	130-134	0.02034520243834237
1125	135-139	-0.028071365192118947
1125	140-144	0.013486719200450636
1125	145-149	0.0189113638848184
1125	150	0.005611604576600371
1126	1	-0.09565764882692207
1126	2	-0.030989115692122482
1126	3	-0.07952124602331878
1126	4	-0.028960708769218968
1126	5	-0.03281684927993922
1126	6	0.021591310671823294
1126	7	-0.07524999467148064
1126	8	-0.052411201400595075
1126	9	-0.05630747620229215
1126	10-14	-0.04460560434989702
1126	15-19	-0.04699142531458733
1126	20-24	-0.07803244062663595
1126	25-29	-0.11141312516686952
1126	30-34	-0.08676768259055478
1126	35-39	-0.07425729257341374
1126	40-44	-0.061936446942951306
1126	45-49	-0.0632031702488618
1126	50-54	-0.035135294366583025
1126	55-59	-0.044648654337827054
1126	60-64	-0.0314135416292487
1126	65-69	-0.08188897998655875
1126	70-74	-0.05327835176991158
1126	75-79	-0.028856266808460873
1126	80-84	-0.02122794697494612
1126	85-89	-0.004551206069407954
1126	90-94	-0.05853630409292521
1126	95-99	-5.553907390023483E-4
1126	100-104	-0.01884189835615757
1126	105-109	-0.01531457882171594
1126	110-114	0.03683156838427237
1126	115-119	0.08191735708347636
1126	120-124	0.0435589864623509
1126	125-129	0.044402281760163476
1126	130-134	0.025930575493170238
1126	135-139	0.0401786764573373
1126	140-144	0.06042069583970289
1126	145-149	0.10098352960220325
1126	150	0.11332608964158197
1127	1	-0.08528387465801046
1127	2	-0.038761096740707046
1127	3	-0.09074736911307468
1127	4	-0.09723894549701129
1127	5	-0.04747801648083794
1127	6	-0.07242969022393453
1127	7	4.686848847157421E-4
1127	8	-0.11060185612838325
1127	9	-0.09475529978096375
1127	10-14	-0.0555065644222168
1127	15-19	-0.054419486779664794
1127	20-24	-0.05564816278072726
1127	25-29	-0.09883456417099268
1127	30-34	-0.08338954477527949
1127	35-39	-0.05840108393323362
1127	40-44	-0.042159350232417125
1127	45-49	-0.040474197830981495
1127	50-54	-0.06653516064417886
1127	55-59	-0.09569804868895204
1127	60-64	-0.1011227207494727
1127	65-69	-0.11414393532277245
1127	70-74	-0.060048014403598415
1127	75-79	-0.027261921788571897
1127	80-84	-0.028735361723214226
1127	85-89	-0.014464590959768486
1127	90-94	-0.035665693306988544
1127	95-99	-0.055550657312430474
1127	100-104	-0.027377279947096156
1127	105-109	-0.04347114605090496
1127	110-114	0.005274296413787738
1127	115-119	-0.0258795804388825
1127	120-124	-0.001541375005182033
1127	125-129	0.009868952597003045
1127	130-134	-0.02456634434285121
1127	135-139	-0.006504838827602555
1127	140-144	-0.03475007425249288
1127	145-149	-0.028686211831200126
1127	150	0.08012890517467497
1128	1	-0.14877527167202942
1128	2	-0.07045569737405799
1128	3	-0.018973908507042836
1128	4	-0.037297394065682
1128	5	0.024222196132555496
1128	6	-0.017056288697219202
1128	7	-0.0931684229182892
1128	8	-0.09597214184086766
1128	9	-0.049140574788793856
1128	10-14	-0.04167023132771419
1128	15-19	-0.060907094782301385
1128	20-24	-0.07189263461506812
1128	25-29	-0.148405309662607
1128	30-34	-0.10851016581467121
1128	35-39	-0.09354608120169416
1128	40-44	-0.0822810676795811
1128	45-49	-0.08652365705825105
1128	50-54	-0.06930978905627683
1128	55-59	-0.08594539291743075
1128	60-64	-0.13476840929586587
1128	65-69	-0.10367334749005863
1128	70-74	-0.06498382853792606
1128	75-79	-0.06838309514743912
1128	80-84	-0.07876704240488408
1128	85-89	-0.039765381714389036
1128	90-94	-0.0583193737457961
1128	95-99	-0.06767991449363109
1128	100-104	-0.026808544428490677
1128	105-109	-0.06634584675840216
1128	110-114	-0.07443365126161439
1128	115-119	-0.022199728917740913
1128	120-124	-0.06346665224930348
1128	125-129	-0.020837946947715125
1128	130-134	-0.04381354919667757
1128	135-139	-0.07262889077706802
1128	140-144	-0.01691099731777257
1128	145-149	-0.01669969575081609
1128	150	0.09144035591683064
1129	1	-0.10807168254449095
1129	2	-0.0931805927139564
1129	3	-0.11413472316378659
1129	4	-0.0761251807624177
1129	5	-0.09272303193213105
1129	6	-0.04533222505917678
1129	7	-0.1716619836519797
1129	8	-0.06973256288902263
1129	9	-0.1765469954831218
1129	10-14	-0.06886943309947213
1129	15-19	-0.04111663703797319
1129	20-24	-0.03686550704022551
1129	25-29	-0.08096862140692451
1129	30-34	-0.09091400074571254
1129	35-39	-0.053460125218030896
1129	40-44	-0.04031644180227545
1129	45-49	-0.02391283076649131
1129	50-54	-0.044559703353549196
1129	55-59	-0.05177903639555126
1129	60-64	-0.05643603208933712
1129	65-69	-0.039399557917235484
1129	70-74	-0.02055349659858763
1129	75-79	-0.05431101896853363
1129	80-84	-0.04453383041339265
1129	85-89	-0.027706576428791152
1129	90-94	-0.010081308080252427
1129	95-99	-0.03910502792587778
1129	100-104	6.324509857691396E-4
1129	105-109	-0.037170774984666366
1129	110-114	-0.02508359727073639
1129	115-119	-0.01673288578054155
1129	120-124	0.004940559773011444
1129	125-129	0.028221919803812057
1129	130-134	0.007065692904902221
1129	135-139	0.05866484606012534
1129	140-144	0.04726056376386367
1129	145-149	0.08334293539272153
1129	150	0.0665908311907657
1130	1	-0.17031619953046828
1130	2	-0.10177698630008791
1130	3	0.01968722866627104
1130	4	-0.051303914725700395
1130	5	-0.018811858462704834
1130	6	0.01065741324038072
1130	7	-0.09497028293634457
1130	8	-0.05837008370907171
1130	9	-0.05410145532459154
1130	10-14	-0.04063591009909828
1130	15-19	-0.05459574404024181
1130	20-24	-0.07180401152194804
1130	25-29	-0.0795620970386679
1130	30-34	-0.07340399712418844
1130	35-39	-0.08768597118410071
1130	40-44	-0.049102132124374975
1130	45-49	-0.06339611399840095
1130	50-54	-0.029198358398758728
1130	55-59	8.742654475781819E-4
1130	60-64	-0.046149863341227615
1130	65-69	-0.04245980886131662
1130	70-74	-0.04590920560596601
1130	75-79	-0.03717038837933728
1130	80-84	0.011138350742690761
1130	85-89	0.010853015013161382
1130	90-94	-0.036253192627015096
1130	95-99	0.04373749289047879
1130	100-104	0.01595316490700327
1130	105-109	4.0746914740452667E-4
1130	110-114	0.04214455343493739
1130	115-119	0.0319902129389007
1130	120-124	0.06350337651732474
1130	125-129	0.07016880081422272
1130	130-134	0.07581396638684623
1130	135-139	0.04339988987758403
1130	140-144	0.02023912124274574
1130	145-149	0.0715662307407996
1130	150	0.13641534104478836
1131	1	-0.1179549368835211
1131	2	-0.04358364983735186
1131	3	-0.05693964337005042
1131	4	-0.12378016510592005
1131	5	-0.09806053181349483
1131	6	-0.1207806382008485
1131	7	-0.1329949742142773
1131	8	-0.13124705053210306
1131	9	-0.15899097669386464
1131	10-14	-0.09732543392883741
1131	15-19	-0.05778577683963704
1131	20-24	-0.08837059677031078
1131	25-29	-0.09175059566587862
1131	30-34	-0.10373018786145849
1131	35-39	-0.09443646781092241
1131	40-44	-0.10681177770694461
1131	45-49	-0.09549270408358268
1131	50-54	-0.08619650988101313
1131	55-59	-0.12318616442691877
1131	60-64	-0.07892404787943974
1131	65-69	-0.10312161514211482
1131	70-74	-0.10478323642113452
1131	75-79	-0.12614241285297112
1131	80-84	-0.0965444070353243
1131	85-89	-0.07118553999723076
1131	90-94	-0.053108545783743466
1131	95-99	-0.07760192035416935
1131	100-104	-0.01638827552820743
1131	105-109	-0.049802115792523693
1131	110-114	-0.05112437643784773
1131	115-119	0.004872348577748653
1131	120-124	-0.016299006517591863
1131	125-129	-0.012438819734740036
1131	130-134	0.019603328361519345
1131	135-139	-0.00901533140692834
1131	140-144	0.004028046729338541
1131	145-149	0.05147342420099932
1131	150	0.1013172513543239
1132	1	-0.16654284613280623
1132	2	-0.02976315618211345
1132	3	-0.04468376618090275
1132	4	-0.14212255246818017
1132	5	-0.048855958661363275
1132	6	-0.034057219682871676
1132	7	-0.1002927376875391
1132	8	-0.07796261013402273
1132	9	-0.07705550002693684
1132	10-14	-0.051987991228998
1132	15-19	-0.04297143569799289
1132	20-24	-0.03739870380423582
1132	25-29	-0.06336675422058136
1132	30-34	-0.1076453493898768
1132	35-39	-0.06297125805607351
1132	40-44	-0.07196854255318641
1132	45-49	-0.053997183381369496
1132	50-54	-0.06652336394332536
1132	55-59	-0.08487381683155348
1132	60-64	-0.09457232095118684
1132	65-69	-0.05626728188758534
1132	70-74	-0.08417578710547247
1132	75-79	-0.0687480696033802
1132	80-84	-0.08800061813014537
1132	85-89	-0.07045939594223682
1132	90-94	-0.05029803427427737
1132	95-99	-0.05785221506352656
1132	100-104	-0.06496502314698205
1132	105-109	-0.09978572821632525
1132	110-114	-0.005877096039171192
1132	115-119	0.056495980893672026
1132	120-124	0.003271548592508111
1132	125-129	-0.012144650200156093
1132	130-134	-1.3713506312740265E-5
1132	135-139	0.010034917869873539
1132	140-144	-0.013887017562510096
1132	145-149	0.03019036795607377
1132	150	0.04393454135342978
1133	1	-0.14136254111012647
1133	2	-0.08133479622522088
1133	3	-0.035998793330627166
1133	4	-0.09703355270006142
1133	5	-0.10034405470374708
1133	6	0.005632116741942639
1133	7	-0.10833592076616583
1133	8	-0.056209156679798866
1133	9	-0.07939274565399046
1133	10-14	-0.05359567622381434
1133	15-19	-0.037680552787577426
1133	20-24	-0.019782380678492473
1133	25-29	-0.08630380234934165
1133	30-34	-0.0582055757795743
1133	35-39	-0.056021339577874585
1133	40-44	-0.06570846608305914
1133	45-49	-0.0432058577016079
1133	50-54	-0.059328814218112313
1133	55-59	-0.028684214588075463
1133	60-64	-0.0755642476257421
1133	65-69	-0.03122995097729131
1133	70-74	-0.03128985233738035
1133	75-79	-0.016738670083341844
1133	80-84	-0.010103036977263002
1133	85-89	0.006846166136462273
1133	90-94	-0.051087999736687095
1133	95-99	-0.03506572629729732
1133	100-104	-0.003116953628946817
1133	105-109	-0.037791589508202605
1133	110-114	-0.03766123441723579
1133	115-119	0.028964183647403274
1133	120-124	0.03167548330475256
1133	125-129	0.016422085599920422
1133	130-134	0.04852643650009014
1133	135-139	-0.0025469426049014032
1133	140-144	-0.003939142135877205
1133	145-149	0.016862907879165334
1133	150	0.17270986922321185
1134	1	-0.051026459459393436
1134	2	-0.038170203012093396
1134	3	-0.08257783807858488
1134	4	-0.09177613667368689
1134	5	0.020739703083513916
1134	6	-0.13289701394865006
1134	7	-0.10630041322212946
1134	8	-0.05110850867473715
1134	9	-0.07264300630719589
1134	10-14	-0.0661471257638695
1134	15-19	-0.059967268931423234
1134	20-24	-0.03600556843925773
1134	25-29	-0.05080400039624777
1134	30-34	-0.08709930724191395
1134	35-39	-0.05663705538396613
1134	40-44	-0.053204514776730605
1134	45-49	-0.04583091941353956
1134	50-54	-0.02721961377905302
1134	55-59	-0.0609102342636092
1134	60-64	-0.016923100725939833
1134	65-69	-0.017666223996918973
1134	70-74	-0.05133651031651709
1134	75-79	-0.005272946874576689
1134	80-84	0.007320026983535399
1134	85-89	-0.014323745264384513
1134	90-94	0.007006669802009924
1134	95-99	0.015951440397280692
1134	100-104	0.009670684501656979
1134	105-109	-0.012636477228717524
1134	110-114	0.014760322405713566
1134	115-119	0.06620569758068484
1134	120-124	0.08595756190378268
1134	125-129	0.02925289226816119
1134	130-134	0.04050739904657519
1134	135-139	0.05237276630008836
1134	140-144	0.005427926012259832
1134	145-149	0.04970246016657853
1134	150	0.060068284950723694
1135	1	-0.08327941984484255
1135	2	-0.08687429969850058
1135	3	-0.05116682133829187
1135	4	-0.046969241778711535
1135	5	-0.04939348333991944
1135	6	-0.06655946834700188
1135	7	-0.04888406198847406
1135	8	-0.015888291326014325
1135	9	-0.05773658624296729
1135	10-14	-0.04759159303191751
1135	15-19	-0.04541467684077105
1135	20-24	-0.03348605013417938
1135	25-29	-0.03751449327067746
1135	30-34	-0.09471362219873924
1135	35-39	-0.015888045752298297
1135	40-44	-0.04104036916147891
1135	45-49	-0.033980087328231434
1135	50-54	-0.011878245233759799
1135	55-59	-0.008874351403306946
1135	60-64	-0.02922999974382634
1135	65-69	-0.00862760004406482
1135	70-74	-0.028855685045911628
1135	75-79	-0.029140104576534043
1135	80-84	-0.021105390433419302
1135	85-89	-0.031190168355749393
1135	90-94	-0.043091226360438384
1135	95-99	-0.021561077209824475
1135	100-104	-0.00192732169663401
1135	105-109	-0.038621297963757684
1135	110-114	0.028107751809159254
1135	115-119	0.07197743909523524
1135	120-124	0.04779114190917966
1135	125-129	0.03362866290839861
1135	130-134	0.050895954733228166
1135	135-139	0.05363389059330359
1135	140-144	0.02422777311650748
1135	145-149	0.08070088374975626
1135	150	0.151376727402166
1136	1	-0.1516976022599721
1136	2	-0.1342287872383281
1136	3	-0.09249963605953582
1136	4	-0.08560084096213672
1136	5	-0.11131054518904193
1136	6	-0.06779097704633585
1136	7	-0.17564277794219407
1136	8	-0.10322693600521404
1136	9	-0.04843465293996019
1136	10-14	-0.07667976610427019
1136	15-19	-0.07437139354074418
1136	20-24	-0.09415763535611177
1136	25-29	-0.08968307028320055
1136	30-34	-0.09912595478694186
1136	35-39	-0.10845922121239937
1136	40-44	-0.09361633795187885
1136	45-49	-0.04074891580475537
1136	50-54	-0.06844634325283039
1136	55-59	-0.04575328766943443
1136	60-64	-0.10448026552564471
1136	65-69	-0.0133729878689266
1136	70-74	-0.07204460978230287
1136	75-79	-0.1025500270318247
1136	80-84	-0.10755035387234813
1136	85-89	-0.035163823577313735
1136	90-94	-0.023249307603990133
1136	95-99	-0.027547591597631538
1136	100-104	-0.004304053643402028
1136	105-109	-0.02969996775173911
1136	110-114	-0.001469757606052724
1136	115-119	0.02434976017779178
1136	120-124	0.021604993986763077
1136	125-129	0.03581884684614067
1136	130-134	0.04241024583002684
1136	135-139	0.009419525391692218
1136	140-144	0.046974809790093275
1136	145-149	0.09442488681013117
1136	150	0.0897379228282773
1137	1	-0.10401178278439005
1137	2	-0.08158754212430352
1137	3	-0.07757868363849241
1137	4	-0.05159074099305627
1137	5	-0.12845750264921918
1137	6	-0.04741104518266326
1137	7	-0.14810014746421274
1137	8	-0.05415238633334951
1137	9	-0.040471797999323655
1137	10-14	-0.05882552464328228
1137	15-19	-0.07372289089271788
1137	20-24	-0.05789042544577683
1137	25-29	-0.09278642710349772
1137	30-34	-0.09915482013610699
1137	35-39	-0.12321953409453812
1137	40-44	-0.10162174439859939
1137	45-49	-0.0805737523502259
1137	50-54	-0.112851729156489
1137	55-59	-0.06460697802068438
1137	60-64	-0.06388864475771072
1137	65-69	-0.048387375268589494
1137	70-74	-0.08913513603784651
1137	75-79	-0.06732404335138398
1137	80-84	-0.05054048746652029
1137	85-89	-0.07573033923313943
1137	90-94	-0.0707406592315678
1137	95-99	-0.049252205208041744
1137	100-104	-0.03060765836285384
1137	105-109	-0.05691100614879474
1137	110-114	-0.032676434957600975
1137	115-119	-0.06197209413333837
1137	120-124	0.012569420830892852
1137	125-129	-0.008482054235223302
1137	130-134	0.00931991090419615
1137	135-139	-0.015955660209527878
1137	140-144	-0.02782783479015194
1137	145-149	-1.7087146275684972E-4
1137	150	0.04286739739804801
1138	1	-0.11603456420974112
1138	2	-0.08417983572834942
1138	3	-0.10217268173789762
1138	4	-0.06217036737550785
1138	5	-0.11276756351794148
1138	6	-0.09537781290398328
1138	7	-0.11707292341441189
1138	8	-0.09531869494193046
1138	9	-0.07402669917313176
1138	10-14	-0.05332016375195536
1138	15-19	-0.06693305555712215
1138	20-24	-0.05384413686692824
1138	25-29	-0.10446183861044034
1138	30-34	-0.08492248162521321
1138	35-39	-0.05865160150134585
1138	40-44	-0.11339757129523065
1138	45-49	-0.08263637477948294
1138	50-54	-0.043679230795014234
1138	55-59	-0.06186616309235404
1138	60-64	-0.058573067757151875
1138	65-69	0.00768177475886489
1138	70-74	-0.06921149754041522
1138	75-79	-0.025343006011759428
1138	80-84	-0.012688171857924146
1138	85-89	-0.024301333129798763
1138	90-94	0.004507499095275591
1138	95-99	0.03690274584693043
1138	100-104	0.02583323188390807
1138	105-109	0.005124567499983357
1138	110-114	0.016479680711690037
1138	115-119	0.03361091185198717
1138	120-124	0.018375899118218797
1138	125-129	0.03439995299088139
1138	130-134	0.0630315574015512
1138	135-139	0.03573504033842312
1138	140-144	0.06468619652901708
1138	145-149	0.06049227574430205
1138	150	0.042813542666287674
1139	1	-0.156424122485177
1139	2	-0.06714199315815961
1139	3	-0.07590675875862729
1139	4	-0.09366220848707485
1139	5	-0.05302188937704955
1139	6	-0.07920038900896031
1139	7	-0.11221117432068439
1139	8	-0.09636891593199692
1139	9	-0.0692592735575488
1139	10-14	-0.038222824556733315
1139	15-19	-0.03233093357001593
1139	20-24	-0.026623240662637215
1139	25-29	-0.052776547023583475
1139	30-34	-0.08658001456576869
1139	35-39	-0.043999602220253564
1139	40-44	-0.06890919344046864
1139	45-49	-0.034294663324573094
1139	50-54	-0.051718206864435956
1139	55-59	-0.015206025280249946
1139	60-64	-0.04790872869138241
1139	65-69	-0.031046604264197697
1139	70-74	-0.030211821826483742
1139	75-79	-0.016963836905937058
1139	80-84	0.0071877768243737705
1139	85-89	-0.015795277918350337
1139	90-94	0.00931788556597013
1139	95-99	0.010487365675935223
1139	100-104	0.012668327039015992
1139	105-109	-0.018957062191589102
1139	110-114	0.004898199483704957
1139	115-119	0.04574460828833793
1139	120-124	-0.001988960362680814
1139	125-129	0.04040180073282329
1139	130-134	0.07316046630905504
1139	135-139	0.03947433542086287
1139	140-144	0.05498091603636368
1139	145-149	0.1205742886452228
1139	150	0.16639278083482623
1140	1	-0.12112328711243947
1140	2	-0.04341765197052894
1140	3	-0.028716431235700668
1140	4	-0.10338951327899792
1140	5	-0.04749891982847032
1140	6	-0.07466228772559447
1140	7	-0.0869240124177324
1140	8	-0.10651799725043531
1140	9	-0.07008371998162488
1140	10-14	-0.05534636079683963
1140	15-19	-0.0659902695292729
1140	20-24	-0.04294513844009629
1140	25-29	-0.027945452046445496
1140	30-34	-0.06801649385094066
1140	35-39	-0.05029481186762297
1140	40-44	-0.07624819730436627
1140	45-49	-0.02991037501938365
1140	50-54	-0.06904170736039106
1140	55-59	-0.020823291119334897
1140	60-64	-0.041075755126477986
1140	65-69	-0.030557723779971013
1140	70-74	-0.023661857126434427
1140	75-79	-0.021860930517682675
1140	80-84	-0.011505899723708524
1140	85-89	-0.005319676310485022
1140	90-94	-0.07589362747021511
1140	95-99	-0.02154376243780831
1140	100-104	-0.026257146608656967
1140	105-109	-0.05834408553686643
1140	110-114	-0.03129270019969255
1140	115-119	-5.844348606842686E-4
1140	120-124	0.020118203134806834
1140	125-129	-1.5696663115960519E-4
1140	130-134	0.013076404064364056
1140	135-139	-0.006652002086440234
1140	140-144	0.002776270656433155
1140	145-149	0.05328691652320572
1140	150	0.08144530848838372
1141	1	-0.10298054245369315
1141	2	-0.017309237189550686
1141	3	-0.08384241915509705
1141	4	-0.12091787994862813
1141	5	-0.0049501374714608914
1141	6	-0.03832946827748174
1141	7	-0.06707011906905791
1141	8	-0.07243176001637863
1141	9	-0.05095741317776259
1141	10-14	-0.0504622750735777
1141	15-19	-0.042954630991680176
1141	20-24	-0.05626617629483377
1141	25-29	-0.07345300716422543
1141	30-34	-0.07663117153662569
1141	35-39	-0.03365281610768989
1141	40-44	-0.07544761454070681
1141	45-49	-0.04782243554529941
1141	50-54	-0.05392675704675298
1141	55-59	-0.03788901946767709
1141	60-64	-0.05052967460723323
1141	65-69	-0.04715826455869632
1141	70-74	-0.07823707948325165
1141	75-79	-0.06524553739777161
1141	80-84	-0.05563537138741026
1141	85-89	-0.07582338813944034
1141	90-94	-0.01107219934748116
1141	95-99	0.038066992923198484
1141	100-104	-0.03720239464756503
1141	105-109	-0.05290395301250328
1141	110-114	-0.019385544920993425
1141	115-119	0.010455473439478169
1141	120-124	-0.0038144236120700725
1141	125-129	-0.013642462984208237
1141	130-134	0.038472281089170224
1141	135-139	0.0014306593471147266
1141	140-144	0.015946784076419362
1141	145-149	0.039679348636326495
1141	150	0.09768913724011696
1142	1	-0.0945125820692283
1142	2	-0.028538802447975797
1142	3	-0.08034520290740943
1142	4	-0.07552539252272084
1142	5	-0.05583292987844857
1142	6	-0.025912348288890996
1142	7	-0.10072853161112505
1142	8	-0.07119548091995398
1142	9	-0.09178987846707543
1142	10-14	-0.040342558672897155
1142	15-19	-0.06418921603500394
1142	20-24	-0.051438703490305215
1142	25-29	-0.0442350567461105
1142	30-34	-0.05868653886908959
1142	35-39	-0.07877624378640746
1142	40-44	-0.06533927017207475
1142	45-49	-0.06305712563075616
1142	50-54	-0.06324189765992827
1142	55-59	-0.048207809707662364
1142	60-64	-0.04233174122546757
1142	65-69	-0.03167481805194683
1142	70-74	-0.08126619830353832
1142	75-79	-0.05289337720435583
1142	80-84	-0.014452235297362392
1142	85-89	-0.04423795782779649
1142	90-94	-0.06164635588937273
1142	95-99	-0.06322689663447534
1142	100-104	-0.04770885053569174
1142	105-109	-0.006884322426365941
1142	110-114	-0.013761812918389182
1142	115-119	-0.017358600525916756
1142	120-124	0.006328687716241177
1142	125-129	0.03660966075181449
1142	130-134	0.03536314221505421
1142	135-139	0.050539794424523166
1142	140-144	0.03034148055118635
1142	145-149	0.05833293439260956
1142	150	0.09018694080172907
1143	1	-0.13115931067453346
1143	2	0.03654834559131359
1143	3	0.02248257082291616
1143	4	-0.08218531665747975
1143	5	-0.06802576556732731
1143	6	-0.04778920424951849
1143	7	-0.06720904576628328
1143	8	-0.01975128342420618
1143	9	0.019227918125615417
1143	10-14	-0.0053086270529476565
1143	15-19	0.011769748980917427
1143	20-24	-0.014840833811895493
1143	25-29	-0.010118315759584107
1143	30-34	-0.036243190794834845
1143	35-39	-0.039813656333450353
1143	40-44	-0.03787811030457533
1143	45-49	0.0036236196452108516
1143	50-54	-0.031754128858928254
1143	55-59	-0.030979283477478248
1143	60-64	-0.035523883117591026
1143	65-69	-0.015705114929644992
1143	70-74	0.002072419032252526
1143	75-79	-0.014735224839057537
1143	80-84	-0.028954994379063237
1143	85-89	-0.008095978129233572
1143	90-94	0.006791211630947203
1143	95-99	0.02687531624061279
1143	100-104	0.04693197663509352
1143	105-109	0.03564183610022553
1143	110-114	0.08806681385262038
1143	115-119	0.05316857281867016
1143	120-124	0.061375543427146795
1143	125-129	0.06869273033742473
1143	130-134	0.09012419129945926
1143	135-139	0.0564400889171921
1143	140-144	0.040138310656395504
1143	145-149	0.12350846280190808
1143	150	0.170539698634812
1144	1	-0.0951407527473549
1144	2	-0.12741541771462295
1144	3	-0.08097570471444726
1144	4	-0.09175114672520124
1144	5	-0.12843936785314014
1144	6	-0.08247266611226678
1144	7	-0.12618500778890507
1144	8	-0.11239996699927701
1144	9	-0.06272070098259519
1144	10-14	-0.05218973973469332
1144	15-19	-0.01579196314700937
1144	20-24	-0.050928158834381065
1144	25-29	-0.01791167486495482
1144	30-34	-0.041055086509956595
1144	35-39	-0.06555265451704884
1144	40-44	-0.07357095257248147
1144	45-49	-0.07422712745726301
1144	50-54	-0.04811687510283491
1144	55-59	-0.02962481795327676
1144	60-64	-0.07446928770406913
1144	65-69	-0.015688649051128323
1144	70-74	-0.042249572692171
1144	75-79	-0.04308310915744329
1144	80-84	-0.08552884935730987
1144	85-89	-0.03572472990537534
1144	90-94	-0.05384107810382943
1144	95-99	0.003725209910726335
1144	100-104	-0.048230804010742645
1144	105-109	-0.05653385776381015
1144	110-114	-0.014861392711836174
1144	115-119	-0.011141562003061267
1144	120-124	-0.027916857496414593
1144	125-129	0.012893139191071157
1144	130-134	7.997407195077244E-4
1144	135-139	-0.0344400563941889
1144	140-144	0.01914674133320915
1144	145-149	0.029498734702080753
1144	150	0.12594234449566244
1145	1	-0.07077032225971891
1145	2	-0.07085031048664803
1145	3	-0.11061006005674301
1145	4	-0.09761323059714755
1145	5	-0.020519879122574025
1145	6	-0.0700398273983609
1145	7	-0.0192306335375676
1145	8	-0.020606577636030465
1145	9	-0.03158449866135982
1145	10-14	-0.06809012976867024
1145	15-19	-0.10027059076285383
1145	20-24	-0.07275159908192563
1145	25-29	-0.05920025120605743
1145	30-34	-0.04134496947187216
1145	35-39	-0.062436733405156986
1145	40-44	-0.07482826483813199
1145	45-49	-0.06666836089616623
1145	50-54	-0.09278116279926252
1145	55-59	-0.05098066365209064
1145	60-64	-0.06585568629732563
1145	65-69	-0.05791913584756969
1145	70-74	-0.06381436616380398
1145	75-79	-0.041606976253049766
1145	80-84	-4.4890672739938964E-5
1145	85-89	-0.03738557464897241
1145	90-94	-0.03295316162716233
1145	95-99	-0.005984000720168581
1145	100-104	0.014998710838298734
1145	105-109	-0.015340747016189482
1145	110-114	0.011130488668747773
1145	115-119	-0.024396247082343336
1145	120-124	0.02567473216050331
1145	125-129	0.011079153467676406
1145	130-134	0.041820968775752476
1145	135-139	0.023120732152172252
1145	140-144	0.019312432566295
1145	145-149	0.014188346020731046
1145	150	0.13234534428509903
1146	1	-0.04183638105537568
1146	2	-0.0565752263894197
1146	3	-0.04458589521406964
1146	4	-0.010187775843064628
1146	5	-0.06182469353147724
1146	6	0.009434503115777204
1146	7	-0.07496578315684843
1146	8	-0.0569404532422908
1146	9	-0.03844734439491049
1146	10-14	-0.0174158346457034
1146	15-19	-0.06101218786548657
1146	20-24	-0.0460748957003716
1146	25-29	-0.05499138385140867
1146	30-34	-0.059093475802015405
1146	35-39	-0.04223655900687362
1146	40-44	-0.04365644035760141
1146	45-49	-0.03909681387688835
1146	50-54	-0.052148808287562076
1146	55-59	-0.04186044184899629
1146	60-64	-0.03439382011119818
1146	65-69	-0.01893106066759742
1146	70-74	-0.03380234906407509
1146	75-79	0.0015302436806123865
1146	80-84	-0.004644775167577109
1146	85-89	0.021852167269891254
1146	90-94	0.014271213212346368
1146	95-99	0.026845264183783968
1146	100-104	0.019950239795640812
1146	105-109	0.017876051209555044
1146	110-114	0.020905668329064042
1146	115-119	0.039445194941983175
1146	120-124	0.04505477147097281
1146	125-129	0.021931192451880577
1146	130-134	0.0038914766978024318
1146	135-139	0.016704865847842143
1146	140-144	0.004776504479494292
1146	145-149	0.040374854035412966
1146	150	0.05820526506278867
1147	1	-0.03853931668795951
1147	2	-0.009520719794977595
1147	3	0.026045775274283756
1147	4	-0.05327944395403961
1147	5	-0.06455477172355018
1147	6	0.001115785815414938
1147	7	0.004594493255311249
1147	8	-0.015382761039994364
1147	9	-0.045859854173748715
1147	10-14	-0.014468656589052387
1147	15-19	-0.01150905212330855
1147	20-24	-0.0038724358581916363
1147	25-29	-0.003828475933353559
1147	30-34	-0.008104639513177858
1147	35-39	-0.009395242628585265
1147	40-44	-0.008796858048647493
1147	45-49	0.0057974219298841945
1147	50-54	-0.02088597854631047
1147	55-59	-0.012115217700099379
1147	60-64	-0.005362690364407285
1147	65-69	0.050497724008920386
1147	70-74	9.647077138836835E-4
1147	75-79	0.007115711152422932
1147	80-84	0.031564549605398895
1147	85-89	0.06190059177968266
1147	90-94	0.06034282696703741
1147	95-99	0.061188031473442095
1147	100-104	0.05304629339036637
1147	105-109	0.051878222477739655
1147	110-114	0.06566135842908238
1147	115-119	0.06387849403422763
1147	120-124	0.07844742249275072
1147	125-129	0.11064758804246111
1147	130-134	0.12136514515182029
1147	135-139	0.11954640954171936
1147	140-144	0.121615890562083
1147	145-149	0.12994052941743917
1147	150	0.24287892029116875
1148	1	-0.03377022952646058
1148	2	-0.005280487343519269
1148	3	0.013175293361520346
1148	4	0.0016312206356090542
1148	5	0.027019962085361726
1148	6	-0.025850929751328522
1148	7	-0.04352570167377934
1148	8	-0.021723877025358718
1148	9	-0.0656751990611113
1148	10-14	-0.04031044580725762
1148	15-19	-0.027980815695563876
1148	20-24	-0.04587266416885427
1148	25-29	-0.013705287440210157
1148	30-34	-0.03359205087439676
1148	35-39	-0.040418230392695875
1148	40-44	-0.022038557502476408
1148	45-49	-0.023072674265485205
1148	50-54	-0.04554416841144615
1148	55-59	-0.02070281844572719
1148	60-64	0.005063236651338343
1148	65-69	-0.029185463037777026
1148	70-74	-0.024575278913637533
1148	75-79	-0.02637101102256878
1148	80-84	0.02306260081079614
1148	85-89	0.003674884707940862
1148	90-94	0.04201703190351225
1148	95-99	0.04447632899201892
1148	100-104	0.058982122494867895
1148	105-109	0.03866736623476186
1148	110-114	0.06111258751330695
1148	115-119	0.05279202597891697
1148	120-124	0.056347730144921115
1148	125-129	0.09223064597309616
1148	130-134	0.11250126723137299
1148	135-139	0.052839386719874426
1148	140-144	0.0778352644945457
1148	145-149	0.14331843532649202
1148	150	0.15885510082392784
1149	1	-0.06981285049332087
1149	2	0.034858105814706164
1149	3	-0.06206164048163032
1149	4	-0.029764436782322434
1149	5	0.001964418278987523
1149	6	0.056990360725478695
1149	7	-0.06846180695328741
1149	8	-0.039967600633040945
1149	9	0.05179952897389484
1149	10-14	0.005034004054266461
1149	15-19	0.017217444254953307
1149	20-24	-0.03267195888568608
1149	25-29	0.00928470800457859
1149	30-34	-0.010142203761049018
1149	35-39	0.010372891989732125
1149	40-44	0.02403156812053453
1149	45-49	-0.009335269338279772
1149	50-54	0.007584489560201746
1149	55-59	-0.009052483937807665
1149	60-64	-0.0025283757225267323
1149	65-69	0.036728986960696375
1149	70-74	0.0048800316007415745
1149	75-79	-0.020108412392396247
1149	80-84	0.01917215982383169
1149	85-89	0.02421154344227716
1149	90-94	0.05000279141604125
1149	95-99	0.052713105066032995
1149	100-104	0.051205144728939445
1149	105-109	0.039981501299713784
1149	110-114	0.10573720458521052
1149	115-119	0.0485439097370417
1149	120-124	0.061046262144927255
1149	125-129	0.10462443417364398
1149	130-134	0.12660354218402148
1149	135-139	0.10006718560567407
1149	140-144	0.07531088720682533
1149	145-149	0.1246630534513784
1149	150	0.1448430406454122
1150	1	-0.05825284196478009
1150	2	-0.06268542363183371
1150	3	0.012073006304810008
1150	4	-0.054386050327636326
1150	5	-0.05135829763261768
1150	6	-0.05197473713646872
1150	7	-0.11399290152638031
1150	8	-0.07939439863780962
1150	9	-0.032827188719835476
1150	10-14	-0.049424988655026425
1150	15-19	-0.014969294042799675
1150	20-24	-0.05661188385181504
1150	25-29	-0.03881886295281589
1150	30-34	-0.04936810702590577
1150	35-39	-0.02797703343058089
1150	40-44	-0.0364517075027706
1150	45-49	-0.025060173761659144
1150	50-54	-0.0035572878946084074
1150	55-59	-0.049061645091200035
1150	60-64	-9.40863007215853E-4
1150	65-69	0.01518981406344011
1150	70-74	-0.03909214394159477
1150	75-79	-0.03166609143229948
1150	80-84	-0.0186280333119484
1150	85-89	-0.02474763923072487
1150	90-94	-0.0571223708821762
1150	95-99	-0.026725800872732464
1150	100-104	-0.013437597323402883
1150	105-109	-0.03735193440494555
1150	110-114	0.006256982439410308
1150	115-119	0.02215600310835697
1150	120-124	0.0342883858599663
1150	125-129	0.0682581516878642
1150	130-134	0.0484304272044227
1150	135-139	0.03837499098766273
1150	140-144	0.0046880999957323866
1150	145-149	0.032316365344399856
1150	150	0.11127682152893215
1151	1	-0.08031708327576581
1151	2	-0.07408014181378775
1151	3	-0.021725338219454216
1151	4	-0.044222172151158645
1151	5	-0.06533487061732046
1151	6	-0.03601759114095415
1151	7	-0.06794474895550451
1151	8	-0.06298714095043323
1151	9	-0.07188712277051934
1151	10-14	-0.05163479100283297
1151	15-19	-0.04368758910508319
1151	20-24	-0.06347818749273415
1151	25-29	-0.060428139359189004
1151	30-34	-0.05220591782183703
1151	35-39	-0.059770498097023506
1151	40-44	-0.07221142969779493
1151	45-49	-0.05655113509474319
1151	50-54	-0.07961643020548337
1151	55-59	-0.032947157122819704
1151	60-64	-0.05548140378289901
1151	65-69	-0.04807207236540734
1151	70-74	-0.06696375049910586
1151	75-79	-0.06440031808304525
1151	80-84	-0.030811881167402078
1151	85-89	-0.038342888356872606
1151	90-94	-0.022042071282612596
1151	95-99	0.039997554581468364
1151	100-104	-0.012145582367359964
1151	105-109	-0.014605184562107354
1151	110-114	0.027800380221222554
1151	115-119	0.04692973735784278
1151	120-124	0.061679184494870753
1151	125-129	0.08631313627721937
1151	130-134	0.06433934015002052
1151	135-139	0.07451677114066513
1151	140-144	0.08152897660831115
1151	145-149	0.07091484994571573
1151	150	0.17581653032529232
1152	1	-0.14233651195883112
1152	2	-0.04946944760992267
1152	3	-0.1015569316580951
1152	4	-0.07238800165237791
1152	5	-0.05772094005970985
1152	6	-0.02210181838610481
1152	7	-0.02973293408113875
1152	8	-0.00572249248443768
1152	9	0.006099206787865796
1152	10-14	-0.01379026880249512
1152	15-19	-0.03408671999378754
1152	20-24	-0.009684893467891698
1152	25-29	-0.005424734577225365
1152	30-34	-0.014617693554242805
1152	35-39	-0.009797681518811885
1152	40-44	-0.044612461361282385
1152	45-49	-0.008998025539426635
1152	50-54	-0.00801975839593183
1152	55-59	-0.011640580589620697
1152	60-64	-0.010168308373394552
1152	65-69	0.011104534308195468
1152	70-74	8.396577489051538E-4
1152	75-79	0.034047874430953584
1152	80-84	0.03693528505142751
1152	85-89	0.0038742417548078834
1152	90-94	0.03250741672739821
1152	95-99	0.026101413733776724
1152	100-104	0.05314670186664472
1152	105-109	0.06636473454970115
1152	110-114	0.06319570692020449
1152	115-119	0.08051630198463045
1152	120-124	0.10796780967985597
1152	125-129	0.12758414385642425
1152	130-134	0.12752101835449992
1152	135-139	0.13004557991512655
1152	140-144	0.12465984337529079
1152	145-149	0.10096810454021465
1152	150	0.2045682030145528
1153	1	-0.07926006269166663
1153	2	-0.06965606374482292
1153	3	-0.09431456188578835
1153	4	-0.04070686322288708
1153	5	-0.04586198248998841
1153	6	-0.021691998553961866
1153	7	-0.04259551541750284
1153	8	-0.020550877372386367
1153	9	-0.1201814207392431
1153	10-14	-0.04732573326690925
1153	15-19	-0.08409868099867168
1153	20-24	-0.0638459541566192
1153	25-29	-0.06999956722336975
1153	30-34	-0.0444941300213344
1153	35-39	-0.07472178501924276
1153	40-44	-0.06131800044455815
1153	45-49	-0.05369656915034682
1153	50-54	-0.05612208942967101
1153	55-59	-0.07545053398009571
1153	60-64	-0.0386182022258339
1153	65-69	-0.011143736475645483
1153	70-74	-0.061071155753644746
1153	75-79	-0.05886366243893093
1153	80-84	-0.0027997099002377013
1153	85-89	-0.01394580073138485
1153	90-94	-0.020713966220220925
1153	95-99	0.03715880393286142
1153	100-104	0.0461339725175236
1153	105-109	-0.015047741569908624
1153	110-114	0.010332182563402625
1153	115-119	0.041502486667297944
1153	120-124	0.06085545986928764
1153	125-129	0.04772102041918913
1153	130-134	0.06765952142369258
1153	135-139	0.02647402589558112
1153	140-144	0.10697359021492758
1153	145-149	0.11275374023279738
1153	150	0.07586996459439632
1154	1	-0.10108042705554965
1154	2	-0.005144817593581763
1154	3	-0.06834710236371677
1154	4	-0.04854798299857066
1154	5	-0.03761420427778717
1154	6	0.009088202222812924
1154	7	-0.02365603921440851
1154	8	-0.060764687878076984
1154	9	-0.024711812672769895
1154	10-14	-0.03582482287475841
1154	15-19	-0.03453559638347059
1154	20-24	-0.034108361382877206
1154	25-29	-0.009787353853340619
1154	30-34	-0.008586469721578283
1154	35-39	-0.06451556034420491
1154	40-44	-0.032317381368436315
1154	45-49	0.0070760083593910394
1154	50-54	-0.025414596439020443
1154	55-59	-0.02145043416475545
1154	60-64	0.010181640072239873
1154	65-69	-0.012853948092512724
1154	70-74	-0.013564632518878739
1154	75-79	-0.028422662428134515
1154	80-84	0.0028485665001340976
1154	85-89	0.0018854627190734163
1154	90-94	0.025089007271141384
1154	95-99	0.0535171898118989
1154	100-104	-0.00952223205349867
1154	105-109	0.01375616054693296
1154	110-114	0.017796024703976343
1154	115-119	0.06324271009174254
1154	120-124	0.07623911939423067
1154	125-129	0.08491702480159091
1154	130-134	0.0805650542313785
1154	135-139	0.0756901789045088
1154	140-144	0.04741940035095382
1154	145-149	0.08135868958079584
1154	150	0.13704278673966996
1155	1	-0.08951140294818316
1155	2	0.007399517544300238
1155	3	-0.018187591832173666
1155	4	0.0039618727237211715
1155	5	-0.018032597091846014
1155	6	0.016399404151833608
1155	7	-0.030258553707497526
1155	8	-0.042952229792874164
1155	9	0.003746999500684467
1155	10-14	0.0028253784759968426
1155	15-19	-0.004570348611771635
1155	20-24	-0.05601175891553112
1155	25-29	5.098982746929437E-4
1155	30-34	-0.005128026772538874
1155	35-39	-0.005505335140547629
1155	40-44	-0.008739660054366993
1155	45-49	0.02856952099151755
1155	50-54	-0.002682634749611168
1155	55-59	0.007721131940421344
1155	60-64	0.01776710256429226
1155	65-69	0.02628278490130498
1155	70-74	-0.021145934672944122
1155	75-79	-0.021182878889938195
1155	80-84	0.028603587968888178
1155	85-89	7.523582460393641E-4
1155	90-94	0.035139338200096404
1155	95-99	0.05366818639718218
1155	100-104	0.06475536111454971
1155	105-109	0.02499866291739039
1155	110-114	0.0599529932734697
1155	115-119	0.07653973125622571
1155	120-124	0.0621207286424621
1155	125-129	0.10737029300068457
1155	130-134	0.12600661635205768
1155	135-139	0.09057606487742476
1155	140-144	0.11930432102267474
1155	145-149	0.09457799152032464
1155	150	0.17528625807564424
1156	1	-0.054843795931574846
1156	2	0.01413116126355618
1156	3	-0.01217781919739025
1156	4	-0.00255770877370054
1156	5	-0.01376946149471081
1156	6	-0.015346314934390648
1156	7	-0.024154277515549438
1156	8	-0.041131592575219145
1156	9	-0.02482382982981335
1156	10-14	-0.04628025458737994
1156	15-19	-0.010302027406133618
1156	20-24	-0.049507845937768025
1156	25-29	-0.040500518000492036
1156	30-34	-0.03970650677258192
1156	35-39	-0.02145087423130576
1156	40-44	-0.02925161460885306
1156	45-49	-0.01814684189202609
1156	50-54	-0.009629402767131978
1156	55-59	0.0166248622501044
1156	60-64	0.0063066369366282515
1156	65-69	-0.020532629886822917
1156	70-74	-0.03189352742313645
1156	75-79	-0.040480460496461035
1156	80-84	0.029035806322156077
1156	85-89	0.006575559102117268
1156	90-94	0.020315378607158152
1156	95-99	0.003620535071341635
1156	100-104	0.06017785233889583
1156	105-109	0.023366370259523705
1156	110-114	0.020210043844308245
1156	115-119	0.058739934781343095
1156	120-124	0.06286584285668084
1156	125-129	0.09944780597326996
1156	130-134	0.10024647770624284
1156	135-139	0.11536862319010766
1156	140-144	0.09806498006478392
1156	145-149	0.13739731600701788
1156	150	0.16355577461026627
1157	1	-0.09402996341133729
1157	2	-0.06919776971497527
1157	3	-0.03032241716249473
1157	4	-0.07069007989945675
1157	5	0.00546377350066507
1157	6	0.041985015156228656
1157	7	-0.050587559073875354
1157	8	-0.022542957182409396
1157	9	-0.036612368546229845
1157	10-14	-0.013830667911456374
1157	15-19	-0.044982344286239595
1157	20-24	-0.033945205909859055
1157	25-29	-0.027077135563239096
1157	30-34	-0.04283001871925052
1157	35-39	-0.04346619569079735
1157	40-44	-0.038311712725764835
1157	45-49	-0.03797378609668556
1157	50-54	-0.029551577867522383
1157	55-59	-0.04296546647018573
1157	60-64	-0.02004619389344242
1157	65-69	-0.025158361557629405
1157	70-74	-0.03319962986383729
1157	75-79	-0.049538896296240864
1157	80-84	0.004947051416429815
1157	85-89	-0.010168229517816485
1157	90-94	-5.971309548371551E-4
1157	95-99	0.01637020025335545
1157	100-104	0.007099732265075431
1157	105-109	-0.03284941855952894
1157	110-114	0.024928259973862055
1157	115-119	0.029121843332347908
1157	120-124	0.07587689837227174
1157	125-129	0.04426696314822465
1157	130-134	0.06240275326847211
1157	135-139	0.13026498121816132
1157	140-144	0.04783669491225595
1157	145-149	0.038929861725762294
1157	150	0.21565744599108427
1158	1	-0.07824750967714778
1158	2	-0.041710454252893214
1158	3	-0.052172503213569144
1158	4	-0.07299562492431733
1158	5	-0.10256018324894711
1158	6	-0.11427529974834272
1158	7	-0.06434892138600645
1158	8	-0.13902035204137064
1158	9	-0.07261663162776699
1158	10-14	-0.10233053015620186
1158	15-19	-0.10195050196160338
1158	20-24	-0.07596943512843524
1158	25-29	-0.0555617727761657
1158	30-34	-0.06014508086438752
1158	35-39	-0.08619614767006567
1158	40-44	-0.06948228923732103
1158	45-49	-0.05578241564544584
1158	50-54	-0.023975106947091263
1158	55-59	-0.03410795534477984
1158	60-64	-0.035142436223218
1158	65-69	-0.010197427623729993
1158	70-74	0.0010727983335385716
1158	75-79	-0.034536624435318686
1158	80-84	-0.028367331962293463
1158	85-89	0.01087826829586902
1158	90-94	0.00316457500775158
1158	95-99	-0.002252894501069136
1158	100-104	-0.01849280261193087
1158	105-109	-0.017346152450187446
1158	110-114	-0.059359010563987624
1158	115-119	0.010683920337555719
1158	120-124	0.05295774616022442
1158	125-129	0.05540054798042604
1158	130-134	0.054586789029542615
1158	135-139	0.07284283268735692
1158	140-144	0.020995342440244258
1158	145-149	0.052377035818132356
1158	150	0.13619229503024854
1159	1	-0.21743103154964416
1159	2	-0.09752501141370118
1159	3	-0.04846368963293202
1159	4	-0.07169003361737225
1159	5	-0.012479333435059914
1159	6	-0.047610577225086104
1159	7	-0.03905093528006631
1159	8	-0.050537750122245484
1159	9	-0.005319162429955782
1159	10-14	-0.023557727480415735
1159	15-19	-0.024037811732007697
1159	20-24	-0.017342584518800663
1159	25-29	0.003300337187376101
1159	30-34	0.007385388520688707
1159	35-39	-0.03127484340006248
1159	40-44	-0.006034719027297797
1159	45-49	-0.018221114936096683
1159	50-54	0.022343803767356007
1159	55-59	0.004919670528046538
1159	60-64	0.024331673884503857
1159	65-69	-0.001311486152253849
1159	70-74	0.01757403054693185
1159	75-79	0.005112029247619887
1159	80-84	0.05437110023814995
1159	85-89	0.020657201638883294
1159	90-94	0.030200661324663258
1159	95-99	0.0257371721861972
1159	100-104	0.02989398363935436
1159	105-109	0.019191979785134095
1159	110-114	0.040960112476128074
1159	115-119	0.051444930073444084
1159	120-124	0.07744318832886421
1159	125-129	0.06692510608944957
1159	130-134	0.08006347431723526
1159	135-139	0.13160494527458866
1159	140-144	0.11929727268213242
1159	145-149	0.10291177651328098
1159	150	0.21109312008960757
1160	1	-0.09655651130937315
1160	2	-0.011149047374686916
1160	3	-0.012929234898329867
1160	4	-0.02090495060075881
1160	5	0.017024005539347797
1160	6	-0.03976225019665236
1160	7	-0.05088746164931024
1160	8	-0.09523101906908948
1160	9	-0.03486726863268075
1160	10-14	-0.051644481829889344
1160	15-19	-0.05869910971329517
1160	20-24	-0.04953973583232596
1160	25-29	-0.04909102602167792
1160	30-34	-0.05784966579439299
1160	35-39	-0.03279409004859701
1160	40-44	-0.06735966299984852
1160	45-49	-0.07281639638567583
1160	50-54	-0.022865739012615904
1160	55-59	-0.057941714980735526
1160	60-64	-0.07081603249257284
1160	65-69	-0.012856269033534318
1160	70-74	-0.03705593437954491
1160	75-79	-0.0600259789725186
1160	80-84	-1.4380490148369063E-4
1160	85-89	-7.039219081832471E-4
1160	90-94	0.014262424435663945
1160	95-99	0.012893027177845795
1160	100-104	0.029123444409421495
1160	105-109	0.005501849862056929
1160	110-114	0.025809787705682652
1160	115-119	0.023065337530418617
1160	120-124	0.09631649108742835
1160	125-129	0.04258705085928938
1160	130-134	0.056948997327623374
1160	135-139	0.10384035476823783
1160	140-144	0.1044271213406418
1160	145-149	0.07524394730043582
1160	150	0.13780218078749584
1161	1	-0.021440937171462338
1161	2	-0.05949747410030426
1161	3	-0.02259919161989643
1161	4	-0.022675455731139493
1161	5	0.011412438263285196
1161	6	-0.012451694075998887
1161	7	-0.03685983249724245
1161	8	-0.09952134491281583
1161	9	-8.626246128784487E-4
1161	10-14	-0.028296374536949997
1161	15-19	-0.02761532651130949
1161	20-24	-0.056821353726199675
1161	25-29	-0.039404641979551513
1161	30-34	-0.00565825015036836
1161	35-39	-0.02951481331927397
1161	40-44	-0.07928707369161714
1161	45-49	-0.03384526498179241
1161	50-54	-0.04175619879418946
1161	55-59	-0.03315042777466459
1161	60-64	-0.036324312990615226
1161	65-69	-0.008578571240200006
1161	70-74	-0.06527010620457219
1161	75-79	-0.02849171992438926
1161	80-84	-0.022874024221820832
1161	85-89	0.012744472322367528
1161	90-94	0.0061254099080443325
1161	95-99	0.009146485446564157
1161	100-104	0.026931021280354628
1161	105-109	-0.04058218470235175
1161	110-114	-0.0407649501916012
1161	115-119	0.021122644048247707
1161	120-124	0.033640021489581784
1161	125-129	0.08178587614303723
1161	130-134	0.08153370374093782
1161	135-139	0.0767520378609774
1161	140-144	0.036737650436727165
1161	145-149	0.07973068636626834
1161	150	0.1702580794586055
1162	1	-0.11450889683051457
1162	2	-0.061468774048535124
1162	3	-0.034539458501278375
1162	4	-0.039249696913771004
1162	5	0.0035131121563694023
1162	6	0.04361537440280472
1162	7	-0.01109262084010254
1162	8	9.761050837653329E-4
1162	9	-9.729185257825179E-4
1162	10-14	-0.02976635333525479
1162	15-19	-0.03638081299236973
1162	20-24	-0.028426321679162925
1162	25-29	-5.564364221228857E-4
1162	30-34	-0.007263760064795122
1162	35-39	-0.005488180870891313
1162	40-44	-0.007107341339086304
1162	45-49	0.02154553338178289
1162	50-54	-0.004029405237901074
1162	55-59	-7.00505423125719E-5
1162	60-64	-0.010431648799041682
1162	65-69	0.010321431707311035
1162	70-74	0.00987577175737897
1162	75-79	-0.04345605030246702
1162	80-84	0.008593399615271835
1162	85-89	0.01070889764557137
1162	90-94	0.002961197077205213
1162	95-99	0.015105806823868306
1162	100-104	0.03365541838896746
1162	105-109	0.00250530051086173
1162	110-114	0.01477493511630712
1162	115-119	0.05237605422872349
1162	120-124	0.0266204930829943
1162	125-129	0.09413113357950209
1162	130-134	0.04801296583664083
1162	135-139	0.09973359473562482
1162	140-144	0.04789632466586369
1162	145-149	0.08011753004107902
1162	150	0.12948872236753317
1163	1	-0.06174342858858495
1163	2	-0.04371661718830211
1163	3	-0.050556624765164315
1163	4	-0.06956638875114862
1163	5	-0.04176613858393097
1163	6	-0.02879886234280349
1163	7	-0.011601640388910539
1163	8	-0.06786965638759312
1163	9	-0.0707059274959505
1163	10-14	-0.055524130497339286
1163	15-19	-0.0674737663147198
1163	20-24	-0.06612756056921398
1163	25-29	-0.04344150690811688
1163	30-34	-0.03771535409408244
1163	35-39	-0.036929787226611666
1163	40-44	-0.04628011917647257
1163	45-49	-0.031287866415041776
1163	50-54	-0.031898852800878785
1163	55-59	-0.037823819609187126
1163	60-64	-0.009262745596025468
1163	65-69	-0.023867919294097817
1163	70-74	-0.0151601959322889
1163	75-79	-0.042250792373422996
1163	80-84	-0.025355561765962875
1163	85-89	0.01403516823256723
1163	90-94	-0.015666462730109743
1163	95-99	-0.01704073955722407
1163	100-104	0.007059667461014385
1163	105-109	0.02200915726149333
1163	110-114	-0.011287826700446146
1163	115-119	0.03622745575412267
1163	120-124	0.04109239664527564
1163	125-129	0.09420661901651073
1163	130-134	0.09944219770557794
1163	135-139	0.11103169334608509
1163	140-144	0.09335996486831277
1163	145-149	0.048722581586311264
1163	150	0.11527648016711822
1164	1	-0.09069495737229971
1164	2	-0.06292381040156414
1164	3	-0.023912139276333733
1164	4	-0.03353165616773168
1164	5	-0.02067358111133899
1164	6	-0.04187933885445716
1164	7	-0.08348375241281758
1164	8	-0.08564274645227954
1164	9	-0.05908949477867509
1164	10-14	-0.033395375680385087
1164	15-19	-0.03624610302255604
1164	20-24	-0.03433443142750292
1164	25-29	-0.024778408736146673
1164	30-34	-0.07190936445892504
1164	35-39	-0.032449626759095906
1164	40-44	0.003339383622353864
1164	45-49	-0.01137884294981717
1164	50-54	0.024839424001996235
1164	55-59	-0.019186753663397837
1164	60-64	-0.0221587016725735
1164	65-69	-0.011228269488491094
1164	70-74	-0.017517905254159416
1164	75-79	-0.03482314564723055
1164	80-84	0.03812040019830221
1164	85-89	-0.02091144598239225
1164	90-94	-0.01013468638207371
1164	95-99	0.006315259024262332
1164	100-104	0.03726873922569496
1164	105-109	0.0036479755418525883
1164	110-114	0.02477318910857207
1164	115-119	0.06903871028153219
1164	120-124	0.028297270623838244
1164	125-129	0.02933563810000095
1164	130-134	0.08147246751919823
1164	135-139	0.0873718420309757
1164	140-144	0.1315477346702849
1164	145-149	0.10558019068770363
1164	150	0.23088143719063225
1165	1	-0.015968842209218792
1165	2	-0.003875350749943607
1165	3	0.006633801251325622
1165	4	0.009727739980938566
1165	5	-0.04952217896314437
1165	6	0.00859989121735083
1165	7	0.019764343242272275
1165	8	0.03156273098645812
1165	9	-0.023284758980423703
1165	10-14	0.0054104320722458965
1165	15-19	0.008858195230757815
1165	20-24	0.016735810365872794
1165	25-29	0.020912123750896683
1165	30-34	0.013307584644465464
1165	35-39	-0.0015597604869412862
1165	40-44	-0.013753951853281876
1165	45-49	0.023962867979783198
1165	50-54	0.023606574137978953
1165	55-59	-0.0159150997442552
1165	60-64	-0.002488236235826946
1165	65-69	0.005564724810461996
1165	70-74	0.003803560336763212
1165	75-79	-0.03176700358164197
1165	80-84	0.008855048826518441
1165	85-89	-0.017080728123474387
1165	90-94	0.007892954899226368
1165	95-99	0.0093104503092718
1165	100-104	0.022996915114120497
1165	105-109	0.05572364276429198
1165	110-114	0.03778491299254938
1165	115-119	0.09802103330963519
1165	120-124	0.09332215404023714
1165	125-129	0.07442561278644177
1165	130-134	0.14397083387636656
1165	135-139	0.16385293665752698
1165	140-144	0.1273778952445923
1165	145-149	0.11839619770962173
1165	150	0.21253512768433325
1166	1	-0.0900565718200852
1166	2	-0.04781634395008183
1166	3	-0.04940381089586765
1166	4	-0.009738290080889556
1166	5	-0.03856720985309181
1166	6	0.013725494382448744
1166	7	-0.01761138192561873
1166	8	-0.06048622668847514
1166	9	-0.013015061541842954
1166	10-14	-0.057373361589519334
1166	15-19	-0.03609462261493945
1166	20-24	-0.037212174454424485
1166	25-29	-0.06164327874670761
1166	30-34	-0.05307828573608475
1166	35-39	-0.06420205314312
1166	40-44	-0.0339745952430448
1166	45-49	-0.04729646609509075
1166	50-54	3.941222431933511E-4
1166	55-59	-0.042082483590760944
1166	60-64	0.008101780031736894
1166	65-69	0.019637972801604064
1166	70-74	-0.02969383975835882
1166	75-79	-0.06217319225623186
1166	80-84	-0.013379100160612722
1166	85-89	-0.009279699317822576
1166	90-94	0.03895453889732181
1166	95-99	0.020800851475847537
1166	100-104	0.030261041379858966
1166	105-109	-0.012824621857284058
1166	110-114	0.037982019402655
1166	115-119	0.09176078931812981
1166	120-124	0.0750873148064457
1166	125-129	0.046162596405444845
1166	130-134	0.11703936221021394
1166	135-139	0.13215846365643102
1166	140-144	0.13097998957393742
1166	145-149	0.11500943674006692
1166	150	0.20255873444590833
1167	1	-0.08408241572421105
1167	2	-0.015647052648922966
1167	3	-0.019393550535639292
1167	4	-0.02910116614763325
1167	5	-0.004127551316820188
1167	6	-0.02525861278161301
1167	7	-0.06695210790634576
1167	8	-0.03881800840301253
1167	9	0.03831552434660779
1167	10-14	-0.026010254714414316
1167	15-19	-0.030873206870936087
1167	20-24	-0.023760583523774415
1167	25-29	-0.0015184344152245899
1167	30-34	-0.014087440029044274
1167	35-39	-0.01689700385647086
1167	40-44	-0.0086721710698896
1167	45-49	-0.021232586564664757
1167	50-54	-0.018753306155900873
1167	55-59	7.852262972747326E-4
1167	60-64	0.014460576936507152
1167	65-69	-0.03954435983524718
1167	70-74	0.005141854091590403
1167	75-79	-0.010806808963579329
1167	80-84	-0.005325117533580226
1167	85-89	-0.020654315659719202
1167	90-94	0.050996819275098915
1167	95-99	0.047887061715293555
1167	100-104	0.023488991388177283
1167	105-109	0.02978842062803011
1167	110-114	0.03422980942364262
1167	115-119	0.06453320232449045
1167	120-124	0.07107246967245118
1167	125-129	0.0760572845632339
1167	130-134	0.12002000017425729
1167	135-139	0.10963092196224977
1167	140-144	0.11539416412563952
1167	145-149	0.16041656920483405
1167	150	0.18344116964214408
1168	1	-0.024823165450555962
1168	2	-0.05434761755837059
1168	3	-0.03054436413272299
1168	4	-0.12632487650852653
1168	5	-0.056272709643870655
1168	6	0.010529072311534549
1168	7	-0.033790844818845756
1168	8	-0.01138369597123301
1168	9	0.012536659277984086
1168	10-14	-0.016273971021490752
1168	15-19	-0.028761288501264914
1168	20-24	-0.05660644306372831
1168	25-29	-0.017372943490109094
1168	30-34	-0.008051084942216846
1168	35-39	-0.026740477644850102
1168	40-44	-0.004430204647739799
1168	45-49	-0.037081590567979106
1168	50-54	-6.844173312288149E-4
1168	55-59	-0.01849145229190441
1168	60-64	-0.045817451233304496
1168	65-69	-0.01068138428671972
1168	70-74	-0.03488066023957259
1168	75-79	-0.009351590934294052
1168	80-84	-6.524851279081645E-4
1168	85-89	0.006427610436020359
1168	90-94	-0.01510327201292938
1168	95-99	0.04487756083516814
1168	100-104	0.02771433672886303
1168	105-109	0.006085417474743338
1168	110-114	0.014918044825435572
1168	115-119	0.07713069403215655
1168	120-124	0.05600334198588541
1168	125-129	0.10917547752349321
1168	130-134	0.0757046945534583
1168	135-139	0.08996088660053658
1168	140-144	0.08380631048378717
1168	145-149	0.11991501660261861
1168	150	0.22046021749855527
1169	1	0.041156434750106996
1169	2	-0.07761075560825503
1169	3	-0.013548479815426617
1169	4	-0.004229971320178549
1169	5	-0.02054578086110581
1169	6	0.00968709427252179
1169	7	-0.05060618145127194
1169	8	-0.04459460253596603
1169	9	-0.019621230250251642
1169	10-14	-0.02121185686188909
1169	15-19	-0.03315814466913736
1169	20-24	-0.016381156711524625
1169	25-29	-9.237515176678812E-4
1169	30-34	0.005966607086321574
1169	35-39	-0.013729514528954212
1169	40-44	0.021163678670497177
1169	45-49	0.00989080099301276
1169	50-54	0.04112231028354785
1169	55-59	0.026940043451652684
1169	60-64	0.027848955538630094
1169	65-69	0.027152040827985502
1169	70-74	-0.009671834195778217
1169	75-79	-0.004227423619930448
1169	80-84	0.024708126314479273
1169	85-89	0.04398757381355267
1169	90-94	0.0659933342661887
1169	95-99	0.060584115998459254
1169	100-104	0.05737400989887931
1169	105-109	0.06298508703292782
1169	110-114	0.08565049393589419
1169	115-119	0.10684205131047975
1169	120-124	0.11468798898548727
1169	125-129	0.10306345390774396
1169	130-134	0.1411729296618418
1169	135-139	0.09317782675599062
1169	140-144	0.14815304311184718
1169	145-149	0.15879543160804843
1169	150	0.2101076168040521
1170	1	-0.040199791289701636
1170	2	-0.05339177837893061
1170	3	-0.01101471945764132
1170	4	-0.013893984065198595
1170	5	0.007537367900660286
1170	6	-2.470698966448026E-4
1170	7	-0.0437506661171696
1170	8	0.024575648378522885
1170	9	-0.05287242739993303
1170	10-14	0.0077102037844341
1170	15-19	-0.026134919972037096
1170	20-24	-0.046505364482896994
1170	25-29	-0.011066726532177995
1170	30-34	-0.0050450819490848176
1170	35-39	-0.02291922186655171
1170	40-44	0.015806132503783488
1170	45-49	0.028975538831048198
1170	50-54	-0.001441391115079682
1170	55-59	-0.010270635080303236
1170	60-64	0.025869869301331505
1170	65-69	0.027840214628838567
1170	70-74	-0.03591148442002634
1170	75-79	-0.027229544094907965
1170	80-84	0.01196560720052986
1170	85-89	0.04235482277051261
1170	90-94	0.032128998452478186
1170	95-99	0.04041711629491118
1170	100-104	0.09692969895708359
1170	105-109	0.051082089736702585
1170	110-114	0.028257536206531597
1170	115-119	0.08501072650490471
1170	120-124	0.10177810776975349
1170	125-129	0.050364470666345085
1170	130-134	0.09064590510329396
1170	135-139	0.13511132026577855
1170	140-144	0.13714407874142864
1170	145-149	0.12026185699048852
1170	150	0.1798391709667655
1171	1	-0.011324123798893027
1171	2	0.01010392269668614
1171	3	-0.03616424965931486
1171	4	0.002217356537109083
1171	5	-0.03903926000419489
1171	6	0.032486431369555646
1171	7	-0.063415871243933
1171	8	-0.042549424383125256
1171	9	-0.011819377708896184
1171	10-14	-0.04250556939698669
1171	15-19	-0.04481701479826228
1171	20-24	-0.05281068880512407
1171	25-29	-0.024439609387663097
1171	30-34	-0.04957493651929212
1171	35-39	-0.05381241248781521
1171	40-44	-0.04787763080137353
1171	45-49	-0.009529761621742239
1171	50-54	0.029226548235385508
1171	55-59	-0.018513917743568697
1171	60-64	-0.022949197809452926
1171	65-69	-0.019147733246164478
1171	70-74	-0.021293289117046754
1171	75-79	-0.014043541464339171
1171	80-84	-0.0017196953569253992
1171	85-89	-0.014988103147878462
1171	90-94	-0.006921470763657567
1171	95-99	0.05564863968806577
1171	100-104	-5.226664767619127E-4
1171	105-109	0.05460840649648446
1171	110-114	0.03596646456673369
1171	115-119	0.048099579821929694
1171	120-124	0.02734978122280296
1171	125-129	0.09872557272865379
1171	130-134	0.09075724288290843
1171	135-139	0.11180483519736129
1171	140-144	0.11959621439004309
1171	145-149	0.1089543596321434
1171	150	0.20994385864717913
1172	1	0.013132245146877608
1172	2	-0.05423875855262139
1172	3	0.027150908914371996
1172	4	-0.002068950537974956
1172	5	0.005507946554232035
1172	6	-0.01861308214121493
1172	7	0.013848915678039475
1172	8	-0.04212268566432442
1172	9	-0.0473661679854942
1172	10-14	-0.01674464100210571
1172	15-19	-0.01712264231265692
1172	20-24	-0.01145098253747534
1172	25-29	0.0021349096007909907
1172	30-34	-0.012016434965495648
1172	35-39	-0.007818973302079257
1172	40-44	-0.006236120125926448
1172	45-49	-0.01103487187439356
1172	50-54	0.013591649772479286
1172	55-59	-0.008992978590491418
1172	60-64	0.010347862806625585
1172	65-69	0.010844089552023206
1172	70-74	0.018608380640529276
1172	75-79	-0.022430262184862215
1172	80-84	0.029238344365531077
1172	85-89	0.033796068128935985
1172	90-94	0.08681184168542444
1172	95-99	0.048988635598355756
1172	100-104	0.08300642860984908
1172	105-109	0.10788187263974436
1172	110-114	0.04727189911599794
1172	115-119	0.10881303680211829
1172	120-124	0.10686090374591117
1172	125-129	0.09284797465041805
1172	130-134	0.13017101882049076
1172	135-139	0.1397108534273599
1172	140-144	0.14581042251633392
1172	145-149	0.18752557583749763
1172	150	0.27978371974773353
1173	1	0.011344179685210065
1173	2	-0.012097051558789929
1173	3	-0.047111510485258634
1173	4	-0.006380683476450599
1173	5	-0.006417094564369563
1173	6	0.020322021702128268
1173	7	-0.010589993524327213
1173	8	-0.014086924355090957
1173	9	0.03529984251036211
1173	10-14	0.013530850010795348
1173	15-19	0.0024087999248862957
1173	20-24	0.03842571203084333
1173	25-29	0.0030084226040472117
1173	30-34	-0.006318109496127988
1173	35-39	-0.0069150692296418015
1173	40-44	0.013556293906347605
1173	45-49	-0.008815863354243447
1173	50-54	0.08980312671801016
1173	55-59	0.021955720651597233
1173	60-64	0.03646438205070979
1173	65-69	0.03215835939652578
1173	70-74	0.01913032422998384
1173	75-79	0.0634413154022937
1173	80-84	0.0629624159054103
1173	85-89	0.05024419825797111
1173	90-94	0.080513062364588
1173	95-99	0.10665868240808862
1173	100-104	0.06441987234104829
1173	105-109	0.14568583009800307
1173	110-114	0.07601436790111649
1173	115-119	0.14509341168285061
1173	120-124	0.13800058322949127
1173	125-129	0.14123320447568943
1173	130-134	0.1775823530200853
1173	135-139	0.1931984444602719
1173	140-144	0.15408807486380027
1173	145-149	0.18320336718956298
1173	150	0.26436082773243896
1174	1	-0.0057606943655557075
1174	2	0.00663846378878219
1174	3	-0.015132215577686736
1174	4	0.039175916702355096
1174	5	-0.007247022420003191
1174	6	-0.031214457760860626
1174	7	-0.01462224517795363
1174	8	-0.06463210110163686
1174	9	0.00911621929407147
1174	10-14	-0.01188374735671971
1174	15-19	0.016119303493944415
1174	20-24	0.027071316760832076
1174	25-29	0.02080007608780221
1174	30-34	0.01676551765957157
1174	35-39	7.61745769409572E-4
1174	40-44	0.005911382902766604
1174	45-49	0.014472021801260837
1174	50-54	0.02334736913325486
1174	55-59	-0.030178384595899388
1174	60-64	0.06108230697314809
1174	65-69	0.05770369071669279
1174	70-74	0.04372031107444485
1174	75-79	0.056286915079937216
1174	80-84	0.030809919046795642
1174	85-89	0.05415164275323292
1174	90-94	0.06776196634928766
1174	95-99	0.0678970679669888
1174	100-104	0.050936830480566186
1174	105-109	0.10010955932176557
1174	110-114	0.06462867809734263
1174	115-119	0.059943396658312054
1174	120-124	0.09115106745122858
1174	125-129	0.12041896540099373
1174	130-134	0.14635108844710487
1174	135-139	0.11243414238136751
1174	140-144	0.18462906663995682
1174	145-149	0.1340216534433054
1174	150	0.16451660261176926
1175	1	-0.0013918729394859497
1175	2	0.022403380005563633
1175	3	-0.08692741995264441
1175	4	-0.033801367179016495
1175	5	-0.05486568609524767
1175	6	0.06165555556031421
1175	7	0.005117641241454862
1175	8	-0.012016592442869012
1175	9	0.005856386159386773
1175	10-14	0.003215250049159124
1175	15-19	-0.010243803846726962
1175	20-24	-0.004411400760034212
1175	25-29	0.008993583764997481
1175	30-34	0.013069801470827258
1175	35-39	0.02116846244892656
1175	40-44	-0.014527865502195425
1175	45-49	0.011569266420210056
1175	50-54	0.04626155268510246
1175	55-59	0.040510250333632314
1175	60-64	0.06285311255402348
1175	65-69	0.06170544350362661
1175	70-74	0.07391879666653267
1175	75-79	0.03431643201185608
1175	80-84	-0.06950228736140218
1175	85-89	0.05777353155643539
1175	90-94	0.05406106191122717
1175	95-99	0.05060028608379241
1175	100-104	0.055939214270793514
1175	105-109	0.0940132261520219
1175	110-114	0.07072487104413483
1175	115-119	0.09451746943402384
1175	120-124	-0.04716387330456229
1175	125-129	0.09875914628860727
1175	130-134	0.10291380316350285
1175	135-139	0.17392940985665462
1175	140-144	0.16303038473572684
1175	145-149	0.20050633408553153
1175	150	0.2225548834783524
1176	1	0.08667223052791684
1176	2	0.034082611662292095
1176	3	-9.717467715617545E-4
1176	4	-0.025790085109662186
1176	5	0.02586835299126733
1176	6	0.025857179614639847
1176	7	8.985348236194568E-4
1176	8	0.01679183255911454
1176	9	0.020504537080185514
1176	10-14	-0.03594460128469734
1176	15-19	-0.02686977814720848
1176	20-24	-0.0366237079916516
1176	25-29	0.004645944544613201
1176	30-34	-0.053683041064601866
1176	35-39	-0.06481500636905935
1176	40-44	-0.07606644559960074
1176	45-49	-0.022988372535962753
1176	50-54	0.004589895251349674
1176	55-59	0.0035233643080800903
1176	60-64	-0.009821354388016346
1176	65-69	-0.0341745050621185
1176	70-74	0.015122296662134715
1176	75-79	-0.012013020266131491
1176	80-84	-0.013980300096655185
1176	85-89	0.021828567974353064
1176	90-94	0.03209604425271806
1176	95-99	0.01608643670515164
1176	100-104	0.012636773785693833
1176	105-109	0.051156969051191936
1176	110-114	0.024593449468156336
1176	115-119	0.06533883226571646
1176	120-124	-0.014672693751450083
1176	125-129	0.10108711014370897
1176	130-134	0.08302051163518342
1176	135-139	0.10713201151418872
1176	140-144	0.12602398187513586
1176	145-149	0.19697479977693177
1176	150	0.2562223046315708
1177	1	0.04527928556375116
1177	2	-0.04073417869210516
1177	3	-0.024216216834837212
1177	4	0.02611040186680924
1177	5	-0.07228225077335537
1177	6	-0.032514734955178426
1177	7	0.021122033259437956
1177	8	-0.030411986899899546
1177	9	-0.02754998834260647
1177	10-14	-0.03274549086518164
1177	15-19	-0.00792340353077492
1177	20-24	0.03445564955721636
1177	25-29	0.026725080436271753
1177	30-34	0.009946486452037107
1177	35-39	-0.007934498257270661
1177	40-44	0.015256916936671416
1177	45-49	-0.007387707427319867
1177	50-54	0.024648006868360994
1177	55-59	0.035276926548164056
1177	60-64	0.022741220253948313
1177	65-69	0.011888927432835317
1177	70-74	0.08051677946301794
1177	75-79	0.025846130212521246
1177	80-84	0.05442187654940511
1177	85-89	0.026985685120820335
1177	90-94	0.05603345990096642
1177	95-99	0.06815466117601687
1177	100-104	0.08086602554421063
1177	105-109	0.1754724524277549
1177	110-114	0.10157402345409139
1177	115-119	0.11770584881410429
1177	120-124	0.1398961480479315
1177	125-129	0.12162551957541723
1177	130-134	0.1455105447375189
1177	135-139	0.1877291043249727
1177	140-144	0.2408616826377994
1177	145-149	0.24073927595638622
1177	150	0.23444718355907668
1178	1	-0.006739070990306573
1178	2	-0.002032749475816331
1178	3	-0.02082404369090085
1178	4	-0.0011612697199083755
1178	5	-0.02253536935316447
1178	6	0.0012639788112736028
1178	7	-0.07780961250028184
1178	8	-3.4064395696731253E-4
1178	9	-0.006658406740022826
1178	10-14	-0.007730451308304964
1178	15-19	0.020928141854632543
1178	20-24	0.0062039838553573645
1178	25-29	0.0018637543184283345
1178	30-34	-0.017924977505849427
1178	35-39	-0.05533031931229715
1178	40-44	-0.04751951186488412
1178	45-49	-0.06069248088225976
1178	50-54	-0.0382059029361983
1178	55-59	-0.05286670755010903
1178	60-64	-0.02476157592492001
1178	65-69	-0.015463717651968523
1178	70-74	-0.005799616142375896
1178	75-79	-0.028048691552356786
1178	80-84	0.0013271592101276042
1178	85-89	-0.01809455058766929
1178	90-94	0.01901268042846027
1178	95-99	0.008186084900366097
1178	100-104	0.0335309302471245
1178	105-109	0.0679749386476729
1178	110-114	0.02773148434033601
1178	115-119	0.05412067166165002
1178	120-124	0.046820115557245856
1178	125-129	0.07018065690468944
1178	130-134	0.09717624660242308
1178	135-139	0.08972578994716685
1178	140-144	0.12226185010294444
1178	145-149	0.14719237654983885
1178	150	0.21002442750898354
1179	1	-0.08509991620959312
1179	2	-0.072014509455542
1179	3	-0.030160729994655355
1179	4	-0.030539503700673265
1179	5	-0.07799409892100329
1179	6	-0.06053723620663476
1179	7	-0.046520515120960226
1179	8	-0.08546452771024349
1179	9	-0.14006896946460046
1179	10-14	-0.06157040077078335
1179	15-19	-0.07027799033258475
1179	20-24	-0.04463812022036251
1179	25-29	-0.06021687490152061
1179	30-34	-0.044754771737245846
1179	35-39	-0.06311404404245025
1179	40-44	-0.07090472772970458
1179	45-49	-0.05660752334541996
1179	50-54	-0.03498569764485637
1179	55-59	-0.03403683695707116
1179	60-64	-0.033763581285846556
1179	65-69	-0.029915002827131332
1179	70-74	0.006260169819405803
1179	75-79	-0.04116026372582837
1179	80-84	-0.02934879754487696
1179	85-89	-0.02893091018506766
1179	90-94	0.013782480439040512
1179	95-99	-0.008880282914596194
1179	100-104	0.026955932264641547
1179	105-109	0.013653780658039238
1179	110-114	0.02698117911068465
1179	115-119	0.047399727484624066
1179	120-124	0.03794353419869623
1179	125-129	0.06349232262117255
1179	130-134	0.06456262177586325
1179	135-139	0.056803412427328226
1179	140-144	0.1090954624165974
1179	145-149	0.18534591725710925
1179	150	0.28522320641685184
1180	1	0.09208495790092286
1180	2	-0.07325849507169835
1180	3	-0.06471743178445877
1180	4	-0.0055617465033606095
1180	5	-0.04828993601136489
1180	6	-0.020174578474680516
1180	7	-0.06921880603634634
1180	8	0.04052115456827465
1180	9	-0.054541392285521795
1180	10-14	-0.039990340923353074
1180	15-19	-0.050359066883785886
1180	20-24	-0.03395027797407835
1180	25-29	-0.01061042139154722
1180	30-34	-0.039617114664579844
1180	35-39	-0.04208350216159573
1180	40-44	-0.03720741765929603
1180	45-49	-0.09392885285151209
1180	50-54	-0.01673004143078316
1180	55-59	-0.04018584870039632
1180	60-64	-0.0469382060748984
1180	65-69	-0.0324463392148715
1180	70-74	-0.01174809368612273
1180	75-79	0.002491242614567568
1180	80-84	-0.06184627521171393
1180	85-89	-0.03143322493782108
1180	90-94	-0.03549137773770639
1180	95-99	-0.03144774753974389
1180	100-104	-0.02536159629660517
1180	105-109	0.01609294077579193
1180	110-114	0.03643910630292879
1180	115-119	0.02043849650591767
1180	120-124	0.033027448856238095
1180	125-129	0.06078143247717094
1180	130-134	0.05495053475797107
1180	135-139	0.12498362427734833
1180	140-144	0.14177193911790908
1180	145-149	0.12898905434263952
1180	150	0.1303250284621953
1181	1	0.0014545843685311866
1181	2	-0.05681799158866596
1181	3	0.019165810610935807
1181	4	0.019322737708627358
1181	5	-0.03775369831651432
1181	6	-0.05228749576379954
1181	7	-0.052361809148706584
1181	8	0.025364905530381066
1181	9	-0.04584716998639493
1181	10-14	-0.022062297711869405
1181	15-19	-0.033480434665499104
1181	20-24	-0.00863126205559439
1181	25-29	-0.0018421321946888725
1181	30-34	-0.011065760855032636
1181	35-39	-0.010472494420767475
1181	40-44	-0.024760790013303335
1181	45-49	-0.00845012442599824
1181	50-54	0.0363936170203516
1181	55-59	-0.02203456821352745
1181	60-64	-0.024359266687177694
1181	65-69	-0.0423533626660344
1181	70-74	-0.027820242818222596
1181	75-79	-0.0034883835841412747
1181	80-84	-0.02378381918617123
1181	85-89	8.384223201716168E-4
1181	90-94	0.024869227939923633
1181	95-99	0.02323803139883296
1181	100-104	0.03282116793761247
1181	105-109	0.05474056516199255
1181	110-114	0.08156516997910046
1181	115-119	0.06735908771035781
1181	120-124	0.047820008163029115
1181	125-129	0.06732420630995506
1181	130-134	0.0994134516284646
1181	135-139	0.13171611922832227
1181	140-144	0.15958678223939415
1181	145-149	0.173984074539824
1181	150	0.24005438438539528
1182	1	-0.03875327777661397
1182	2	-0.10389014583797263
1182	3	-0.12948100863179235
1182	4	-0.035249327632612903
1182	5	-0.05514431241483919
1182	6	-0.02217389188665919
1182	7	-0.07255700606975779
1182	8	-0.026434014094178337
1182	9	-0.05968067553612855
1182	10-14	-0.07288517378660231
1182	15-19	-0.06854970534624982
1182	20-24	-0.09659456394985
1182	25-29	-0.09188562739571893
1182	30-34	-0.07333245086374518
1182	35-39	-0.0955381596584175
1182	40-44	-0.10287956215066885
1182	45-49	-0.1174781735944066
1182	50-54	-0.08741576644494842
1182	55-59	-0.0915475897575746
1182	60-64	-0.07746974237578286
1182	65-69	-0.08983400281196197
1182	70-74	-0.04197244203044903
1182	75-79	-0.04585192738694133
1182	80-84	-0.04582759653521862
1182	85-89	-0.07229599665431863
1182	90-94	-0.015009841372410904
1182	95-99	-0.024244809344523333
1182	100-104	-0.04790114672935886
1182	105-109	-0.004729086929444293
1182	110-114	0.022279660736302276
1182	115-119	-0.01010147001926498
1182	120-124	-0.00497641083622824
1182	125-129	0.009800668268013624
1182	130-134	0.011998648641863952
1182	135-139	0.021050746984499824
1182	140-144	0.08598123893447962
1182	145-149	0.043710593330274605
1182	150	-0.006432175171120491
1183	1	-0.06172542002951076
1183	2	-0.08619362508993333
1183	3	-0.09808569233643993
1183	4	-0.024550613253403242
1183	5	-0.10985008763429249
1183	6	-0.014401326827290006
1183	7	-0.07634618766076073
1183	8	-0.05128017176971156
1183	9	-0.08524261207278272
1183	10-14	-0.0553642847700786
1183	15-19	-0.0720209538345884
1183	20-24	-0.08383273252196233
1183	25-29	-0.07240584082510537
1183	30-34	-0.04656741299068301
1183	35-39	-0.086942841235782
1183	40-44	-0.05709519885863301
1183	45-49	-0.06369691265012278
1183	50-54	-0.043588182141064635
1183	55-59	-0.08397538175066188
1183	60-64	-0.11104237775759884
1183	65-69	-0.04682417624056967
1183	70-74	-0.0505286018568043
1183	75-79	-0.050073148216220886
1183	80-84	-0.07655559943460588
1183	85-89	-0.06527603688614647
1183	90-94	-0.02111249696429951
1183	95-99	-0.025518747504889916
1183	100-104	0.008071801188876293
1183	105-109	0.0035350813289767302
1183	110-114	6.037660757840513E-5
1183	115-119	0.027156729027062454
1183	120-124	0.014556740928163947
1183	125-129	0.0684472463960617
1183	130-134	0.04986198160990085
1183	135-139	0.06451795712000319
1183	140-144	0.14874656207289405
1183	145-149	0.12593934736154466
1183	150	0.23931802951460668
1184	1	-0.050501435040700926
1184	2	-0.08191748355531558
1184	3	-0.08209785959952853
1184	4	-0.01602538605848025
1184	5	-0.038897239281155294
1184	6	-0.08291091590196942
1184	7	-0.12282135010545403
1184	8	-0.07774817185026706
1184	9	-0.16049576837255586
1184	10-14	-0.07575765441723803
1184	15-19	-0.1404720181636563
1184	20-24	-0.09645003374666317
1184	25-29	-0.07824948939293819
1184	30-34	-0.10217064953869937
1184	35-39	-0.07425213015661569
1184	40-44	-0.11972714878162805
1184	45-49	-0.10390717794653881
1184	50-54	-0.07533577272351977
1184	55-59	-0.10946737399989814
1184	60-64	-0.09870435619870221
1184	65-69	-0.09125312655144313
1184	70-74	-0.07028162287720363
1184	75-79	-0.060970256214694984
1184	80-84	-0.06095661827652776
1184	85-89	-0.07515654448587838
1184	90-94	-0.014738693354921395
1184	95-99	-0.04572363665023005
1184	100-104	-0.025931513812409435
1184	105-109	0.024171778726099546
1184	110-114	0.04977215712051475
1184	115-119	0.0015614341224221562
1184	120-124	0.007773806968138786
1184	125-129	0.03035148961523504
1184	130-134	0.05487884118465303
1184	135-139	0.0589325564347547
1184	140-144	0.1077864375283184
1184	145-149	0.13301686638165222
1184	150	0.0993401295232772
1185	1	-0.11643306680062437
1185	2	-0.14862983594156987
1185	3	-0.1511917997622163
1185	4	-0.09931264929718253
1185	5	-0.09762491395490258
1185	6	-0.10722340622395166
1185	7	-0.11439672769902387
1185	8	-0.14049948449104477
1185	9	-0.12286127828998161
1185	10-14	-0.1447439256388563
1185	15-19	-0.1455310087508579
1185	20-24	-0.127236234462913
1185	25-29	-0.10192628928398761
1185	30-34	-0.0981473630002796
1185	35-39	-0.09399639994836662
1185	40-44	-0.12419461912160301
1185	45-49	-0.11688280088121417
1185	50-54	-0.11805108589582858
1185	55-59	-0.12653700848120053
1185	60-64	-0.11551213243532032
1185	65-69	-0.09201304699679724
1185	70-74	-0.05587195156179092
1185	75-79	-0.11951057550955824
1185	80-84	-0.14229516593189118
1185	85-89	-0.13366914484893755
1185	90-94	-0.1135237387496133
1185	95-99	-0.058509839562908894
1185	100-104	-0.0756786719080722
1185	105-109	-0.02405277097853542
1185	110-114	-0.023377994048694006
1185	115-119	-0.03569643430930114
1185	120-124	-0.04133012694571647
1185	125-129	-0.05639115152452945
1185	130-134	-0.030040764029230616
1185	135-139	-0.0357327352674659
1185	140-144	-0.010494505486441597
1185	145-149	0.05110469937399387
1185	150	0.07804377526566242
1186	1	-0.005208691942662824
1186	2	-0.11424922258035508
1186	3	-0.012215485074307253
1186	4	-0.031829910537901185
1186	5	-0.048155365223685465
1186	6	-0.0668085941914427
1186	7	-0.09493937530211838
1186	8	-0.05159545948028921
1186	9	-0.027294523473777588
1186	10-14	-0.07706560467268986
1186	15-19	-0.0850309303883634
1186	20-24	-0.08858139777763085
1186	25-29	-0.08063130000896734
1186	30-34	-0.07580628842233494
1186	35-39	-0.061667750950839206
1186	40-44	-0.08522355505149903
1186	45-49	-0.06414951044335737
1186	50-54	-0.07389204111149894
1186	55-59	-0.08966665884339875
1186	60-64	-0.0572314298224299
1186	65-69	-0.09755630629024381
1186	70-74	-0.07707534378713632
1186	75-79	-0.053150366816232975
1186	80-84	-0.08820843286761004
1186	85-89	-0.08817641669008935
1186	90-94	-0.06797570937348496
1186	95-99	-0.04251811534775385
1186	100-104	-0.09345505951387878
1186	105-109	-0.02542671349815606
1186	110-114	-1.0020220019413273E-4
1186	115-119	0.01305556525689866
1186	120-124	-0.05097394681205003
1186	125-129	-0.02702341892955218
1186	130-134	-0.029908568373834044
1186	135-139	0.004812394365707462
1186	140-144	0.057615988497062176
1186	145-149	0.09037726617444264
1186	150	0.1498351066323309
1187	1	-0.031053663735050918
1187	2	-0.18922722492712296
1187	3	-0.13796631096735723
1187	4	-0.10234330198959896
1187	5	-0.08054610492155945
1187	6	-0.12208518260366219
1187	7	-0.05149522270956908
1187	8	-0.24169777656643276
1187	9	-0.05019624541955636
1187	10-14	-0.12223029209437186
1187	15-19	-0.11119440738796271
1187	20-24	-0.10762488390609803
1187	25-29	-0.10733076312337175
1187	30-34	-0.12454880220956
1187	35-39	-0.06907083208615461
1187	40-44	-0.13768593417022856
1187	45-49	-0.12863186761116197
1187	50-54	-0.10910509426936699
1187	55-59	-0.10836991107451155
1187	60-64	-0.09108061966151126
1187	65-69	-0.10040235904969563
1187	70-74	-0.07765524584224437
1187	75-79	-0.11357082578896183
1187	80-84	-0.09872074493958394
1187	85-89	-0.06774116562935717
1187	90-94	-0.07728641782578194
1187	95-99	-0.12262384165127571
1187	100-104	-0.10816072659260101
1187	105-109	-0.04024120039682799
1187	110-114	-0.06875055247832762
1187	115-119	-0.018719390064362074
1187	120-124	-0.08777910271981426
1187	125-129	-0.0037943027669484763
1187	130-134	-0.019491178225855776
1187	135-139	-0.03370731745401656
1187	140-144	-0.01906242494876409
1187	145-149	0.030062496467685662
1187	150	0.027605845317843603
1188	1	-0.07256388719974183
1188	2	-0.08970891945967452
1188	3	-0.09415558394551482
1188	4	-0.0775535953430051
1188	5	-0.10081042762822534
1188	6	-0.14065282233629262
1188	7	-0.12866132489045157
1188	8	-0.10313067443930635
1188	9	-0.12459815929515372
1188	10-14	-0.13144606902393008
1188	15-19	-0.1444238394973425
1188	20-24	-0.06889624924487947
1188	25-29	-0.10776220946137727
1188	30-34	-0.10202467268247517
1188	35-39	-0.1241131774797779
1188	40-44	-0.10548508475353202
1188	45-49	-0.09631665158335778
1188	50-54	-0.1277687503452043
1188	55-59	-0.05326871579827497
1188	60-64	-0.09947665571691289
1188	65-69	-0.09519116968711216
1188	70-74	-0.06779065074879043
1188	75-79	-0.09064435230186518
1188	80-84	-0.08210300037387697
1188	85-89	-0.04930846487850715
1188	90-94	-0.06997458871266105
1188	95-99	-0.0838239563404457
1188	100-104	-0.07154563421405413
1188	105-109	-0.035455579552071015
1188	110-114	-0.03290792752984828
1188	115-119	-0.059575222188087196
1188	120-124	-0.019670112163751696
1188	125-129	-0.04268826904115741
1188	130-134	-0.008954289528112724
1188	135-139	-0.03608306786169635
1188	140-144	0.021003646767809414
1188	145-149	0.0485348545846378
1188	150	-0.03767684557691098
1201	1	-0.054750440674418144
1201	2	-0.06267253022713248
1201	3	-0.020723989730250025
1201	4	-0.0905143620907296
1201	5	-0.04102614652531145
1201	6	-0.03672764849559229
1201	7	-0.023473832889258972
1201	8	-0.07573366350405308
1201	9	-0.10278666092335698
1201	10-14	-0.060935880323214064
1201	15-19	-0.05818061892939852
1201	20-24	-0.10392367981524586
1201	25-29	-0.09122400716625378
1201	30-34	-0.05367881144219666
1201	35-39	-0.0894424723050804
1201	40-44	-0.08517613888945164
1201	45-49	-0.07569645619920351
1201	50-54	-0.08251601653122975
1201	55-59	-0.12800801872903378
1201	60-64	-0.07121870312672485
1201	65-69	-0.12461966392085344
1201	70-74	-0.0825729268177895
1201	75-79	-0.062441004890636975
1201	80-84	-0.09738562483529023
1201	85-89	-0.11275427919245828
1201	90-94	-0.07250437270936771
1201	95-99	-0.04545884108654974
1201	100-104	-0.09257306478441762
1201	105-109	-0.08437744010979031
1201	110-114	-0.026130145012032813
1201	115-119	-0.07083259175423251
1201	120-124	-0.037526659808193585
1201	125-129	-0.01963037901939657
1201	130-134	-0.0585481635096059
1201	135-139	-0.016278252936288595
1201	140-144	0.019621638036674938
1201	145-149	0.06872408143786402
1201	150	-0.03306569417551941
1202	1	-0.09363210779564923
1202	2	-0.05649939282995575
1202	3	-0.07590227373781033
1202	4	-0.0780296448092841
1202	5	-0.015152686889052802
1202	6	-0.07542064951454819
1202	7	-0.08273580632649669
1202	8	-0.07483618933700598
1202	9	-0.059731484167897975
1202	10-14	-0.07665875427570512
1202	15-19	-0.06611711473459536
1202	20-24	-0.05249236865207507
1202	25-29	-0.06450792628526614
1202	30-34	-0.04792686820681524
1202	35-39	-0.07462304112318918
1202	40-44	-0.0831788112224956
1202	45-49	-0.06862447622343382
1202	50-54	-0.10533221185654185
1202	55-59	-0.10020623430582276
1202	60-64	-0.10058871629478006
1202	65-69	-0.11283009970389912
1202	70-74	-0.07048656287140886
1202	75-79	-0.10156167818987427
1202	80-84	-0.07756924965119794
1202	85-89	-0.09769601652338622
1202	90-94	-0.07456950953558561
1202	95-99	-0.07857204213087954
1202	100-104	-0.037853402450160445
1202	105-109	-0.05338961511477436
1202	110-114	-0.031908364660580446
1202	115-119	-0.044877871764356314
1202	120-124	-0.05087213706610072
1202	125-129	-0.05023370948561734
1202	130-134	-0.06161317244758635
1202	135-139	-0.07181517722899144
1202	140-144	-0.0677588925387056
1202	145-149	-0.006715748232743124
1202	150	-0.09189050379708164
1203	1	-0.08929994192624946
1203	2	-0.03356982603077796
1203	3	-0.019854737476514117
1203	4	-0.04993164127817806
1203	5	-0.021522600169774364
1203	6	-0.13960560859121074
1203	7	-0.048300898949491966
1203	8	-0.09228915172836594
1203	9	-0.05877096216213573
1203	10-14	-0.06465755561761455
1203	15-19	-0.0645791903573425
1203	20-24	-0.04314808077234744
1203	25-29	-0.057306385437335905
1203	30-34	-0.04803953021995966
1203	35-39	-0.04150754617441521
1203	40-44	-0.051015392450146635
1203	45-49	-0.07859457712768148
1203	50-54	-0.0520830731233346
1203	55-59	-0.05017592151730099
1203	60-64	-0.06783151941394294
1203	65-69	-0.04994007543694323
1203	70-74	-0.05201252455304939
1203	75-79	-0.06160749776947938
1203	80-84	-0.09119708255695969
1203	85-89	-0.07674171328496016
1203	90-94	-0.07327062888026603
1203	95-99	-0.062419116441610356
1203	100-104	-0.056373997925078356
1203	105-109	-0.042732077204924224
1203	110-114	-0.03432594509384046
1203	115-119	-0.05610464328542264
1203	120-124	-0.0467838301878416
1203	125-129	-0.03872283708066249
1203	130-134	-0.01608096123440106
1203	135-139	-0.10171980480302523
1203	140-144	-0.030354893983094655
1203	145-149	-0.04524328094373686
1203	150	-0.09641647469842951
1204	1	0.029692660427635076
1204	2	-0.021809802112954912
1204	3	-0.021076881860814467
1204	4	-0.029274652661847256
1204	5	-0.03259904778889933
1204	6	-0.003155818135184063
1204	7	-0.10302614558548129
1204	8	-0.07808924615429902
1204	9	-0.020896191160197475
1204	10-14	-0.037855204228876005
1204	15-19	-0.04397119177065889
1204	20-24	-0.029434635103775975
1204	25-29	-0.035986766153087046
1204	30-34	-0.0073184754586606005
1204	35-39	-0.03689839851610799
1204	40-44	-0.038873466182842265
1204	45-49	-0.03804033867741197
1204	50-54	-0.04372536837968255
1204	55-59	-0.05312915120324391
1204	60-64	-0.02199557004873043
1204	65-69	-0.038997442913299096
1204	70-74	-0.024178747752060303
1204	75-79	-0.057571777033871285
1204	80-84	-0.02717837327506345
1204	85-89	-0.04590141391029334
1204	90-94	-0.02091602958701344
1204	95-99	0.0036764516477276743
1204	100-104	-0.012113870819220551
1204	105-109	-0.0658454670405959
1204	110-114	-0.0038359211139464833
1204	115-119	0.005464583469667161
1204	120-124	-0.02152892494147096
1204	125-129	-0.008212568816887256
1204	130-134	0.050751352831774454
1204	135-139	0.00190079912016472
1204	140-144	0.011538680129582701
1204	145-149	0.0606390151314713
1204	150	-0.07323089351901757
1205	1	-0.09241237204822284
1205	2	-0.05508388119827856
1205	3	-0.0684531046066752
1205	4	-0.04442228221169131
1205	5	-0.03925854516725025
1205	6	-0.027836783156622857
1205	7	-0.04757776198870545
1205	8	-0.08979734110597093
1205	9	-0.05583476780449104
1205	10-14	-0.045143038720894424
1205	15-19	-0.03827814007892272
1205	20-24	-0.03962964379645939
1205	25-29	-0.019159821949898515
1205	30-34	-0.009109459949073084
1205	35-39	-0.00623989924285695
1205	40-44	0.018418802604905693
1205	45-49	-0.015525099700894884
1205	50-54	-0.024453170302344063
1205	55-59	-0.010926505819696786
1205	60-64	-0.0036284769596477418
1205	65-69	-0.03369744455702062
1205	70-74	-0.021413546371690018
1205	75-79	-0.039656902041684816
1205	80-84	-0.030459290548350282
1205	85-89	-0.02179086463362978
1205	90-94	-0.009539327004667086
1205	95-99	0.008967595542010542
1205	100-104	-0.002200057232116137
1205	105-109	-0.02224100961024078
1205	110-114	-0.021280746629933844
1205	115-119	-0.029366467979329514
1205	120-124	-0.005300353975805194
1205	125-129	-0.0023148377586394986
1205	130-134	-0.008314558888386614
1205	135-139	0.005020697060245993
1205	140-144	0.04637156840846046
1205	145-149	0.0667604438102245
1205	150	0.04338529093977428
1206	1	-0.021585803816677185
1206	2	-0.06765871199655749
1206	3	0.0026537396368198074
1206	4	-0.01701340485624314
1206	5	-0.01679637471934825
1206	6	-0.03858684119994393
1206	7	-0.03873242206275762
1206	8	-0.031832561266668336
1206	9	-0.008627662077522302
1206	10-14	-0.04002792791199994
1206	15-19	-0.05771340435674688
1206	20-24	-0.05375867598519335
1206	25-29	-0.049805126804557176
1206	30-34	-0.04355686531555847
1206	35-39	-0.0282263223616539
1206	40-44	-0.028121434512762278
1206	45-49	-0.07034442434994759
1206	50-54	-0.07224325574109258
1206	55-59	-0.0583946137643494
1206	60-64	-0.08062936430177814
1206	65-69	-0.074778371270952
1206	70-74	-0.08393352044714675
1206	75-79	-0.09738205138088318
1206	80-84	-0.08529622093238487
1206	85-89	-0.07864148366351742
1206	90-94	-0.04053074715249494
1206	95-99	-0.05258121292398954
1206	100-104	-0.0756854231891424
1206	105-109	-0.0321869229046996
1206	110-114	-0.030429869588196823
1206	115-119	-0.05770778580317426
1206	120-124	-0.09321634845430538
1206	125-129	-0.04568619209709368
1206	130-134	-0.027219324244079246
1206	135-139	-0.08504059921245499
1206	140-144	-0.021001168596953335
1206	145-149	-0.03592087505182917
1206	150	-0.10035675102738395
1207	1	-0.009757828450197792
1207	2	-0.05731025058375394
1207	3	-0.007846622064491271
1207	4	-0.00677826662312242
1207	5	0.011882081782005116
1207	6	-0.023276872610829002
1207	7	-0.036907981996044725
1207	8	-0.011113427378404594
1207	9	-0.015420225879211102
1207	10-14	-0.008397887716284913
1207	15-19	-0.017539876572030266
1207	20-24	-0.024298979255974018
1207	25-29	0.005474046496892981
1207	30-34	0.01397960659367925
1207	35-39	-0.011842367062854464
1207	40-44	-0.032149922749049153
1207	45-49	0.014732727178994764
1207	50-54	-0.016761115411085825
1207	55-59	-0.07933065855251442
1207	60-64	-0.018449555181774713
1207	65-69	-0.005306413099951612
1207	70-74	0.0037758056671108875
1207	75-79	-0.001016742152273764
1207	80-84	0.031578708737448835
1207	85-89	-0.032903799446422966
1207	90-94	-5.232271880828421E-4
1207	95-99	0.03359645701348768
1207	100-104	-0.02471126819206404
1207	105-109	0.020141648665152445
1207	110-114	0.034824408852820454
1207	115-119	-0.01251928063130947
1207	120-124	-0.011108932902914148
1207	125-129	0.010902470642392359
1207	130-134	0.026131087136363362
1207	135-139	0.01627868413522293
1207	140-144	-0.008749078834050295
1207	145-149	0.009972417532225109
1207	150	0.013367817627347733
1208	1	-0.011219023864583733
1208	2	-0.10729896695263363
1208	3	-0.0562328055372987
1208	4	-0.02253909527996001
1208	5	-0.004881232766990706
1208	6	-0.044797038422260016
1208	7	-0.020922354044685676
1208	8	-0.04363530465267473
1208	9	-0.06187593006807646
1208	10-14	-0.057166182782872
1208	15-19	-0.07332189074491424
1208	20-24	-0.04449246101584947
1208	25-29	-0.027310423922216387
1208	30-34	-0.0022768757113666993
1208	35-39	-0.023747467677168288
1208	40-44	-0.027238289477608646
1208	45-49	-0.055842534546130196
1208	50-54	-0.030926766008064988
1208	55-59	-0.058375483895332536
1208	60-64	-0.017760296563672284
1208	65-69	-0.053564080487205956
1208	70-74	-0.03242425446976682
1208	75-79	-0.011403791352570636
1208	80-84	-0.015446981096495449
1208	85-89	-0.024165215463412437
1208	90-94	-0.019125543475261964
1208	95-99	0.028141047372130856
1208	100-104	0.02245994165560461
1208	105-109	0.031580439445114905
1208	110-114	0.03727913028827601
1208	115-119	0.013838582992704573
1208	120-124	0.02143444239711556
1208	125-129	0.08408711307402683
1208	130-134	0.03046808960299785
1208	135-139	0.027447970679048694
1208	140-144	0.060958661548070836
1208	145-149	0.09688508364359905
1208	150	0.039092372260270736
1209	1	-0.004528017170606802
1209	2	-0.03457169293849205
1209	3	-0.04532391143349912
1209	4	-0.06690986471152627
1209	5	0.004090943709158523
1209	6	-0.06685872706638918
1209	7	-0.04618994854277503
1209	8	-0.0112469876015453
1209	9	-0.07035610618599009
1209	10-14	-0.05065993456235418
1209	15-19	-0.05513055144226797
1209	20-24	-0.0537328949425131
1209	25-29	-0.07025384968479642
1209	30-34	-0.0518805245260765
1209	35-39	-0.05183564403139229
1209	40-44	-0.04089309009784614
1209	45-49	-0.03511154478976408
1209	50-54	-0.05856086005218941
1209	55-59	-0.10351748641936354
1209	60-64	-0.06634536732782692
1209	65-69	-0.06366896664010824
1209	70-74	-0.014832941383239984
1209	75-79	-0.05886807142821482
1209	80-84	-0.0347308093887051
1209	85-89	-0.06788739564359503
1209	90-94	-0.04229706639826958
1209	95-99	-0.018405225245039958
1209	100-104	-0.05885502945241683
1209	105-109	0.02077897666533346
1209	110-114	0.003918920249851965
1209	115-119	-0.009085066497689809
1209	120-124	-0.06351984030863633
1209	125-129	-0.019883986163399925
1209	130-134	-0.01248506575332442
1209	135-139	-0.021145659485220847
1209	140-144	0.019458971602183794
1209	145-149	0.040209983089518175
1209	150	-0.01760577355850046
1210	1	-0.11009613488434411
1210	2	-0.13222437876184046
1210	3	-0.08269779273702937
1210	4	-0.0010243136059671087
1210	5	-0.09391236109026835
1210	6	-0.059237841503033906
1210	7	-0.12465169955118682
1210	8	-0.07908075698218653
1210	9	-0.099134380230268
1210	10-14	-0.08291689920944378
1210	15-19	-0.08866889391968158
1210	20-24	-0.13661392461352762
1210	25-29	-0.1109159630638814
1210	30-34	-0.06236441358176137
1210	35-39	-0.08678241836508249
1210	40-44	-0.11621571515728846
1210	45-49	-0.13865465768313356
1210	50-54	-0.12088987852450828
1210	55-59	-0.12340375035436324
1210	60-64	-0.1053214751019027
1210	65-69	-0.09795285859838287
1210	70-74	-0.05334318439550145
1210	75-79	-0.06513742709411474
1210	80-84	-0.10042360251718918
1210	85-89	-0.08270895174160131
1210	90-94	-0.08130355706655479
1210	95-99	-0.05308023099838266
1210	100-104	-0.06850738468273221
1210	105-109	-0.03256450817347201
1210	110-114	0.009263425893585975
1210	115-119	-0.04441632014830077
1210	120-124	-0.07769406358936237
1210	125-129	-0.04930009365852328
1210	130-134	-0.0013511109277075661
1210	135-139	-0.02060804058056931
1210	140-144	-0.017259623049476147
1210	145-149	0.06397543770111724
1210	150	-0.07281744827983516
1211	1	0.005295028696451709
1211	2	-0.05625091558290052
1211	3	-0.046502011869485216
1211	4	-0.024582838534236373
1211	5	-0.008319526904465135
1211	6	0.030656078917381535
1211	7	-0.06123185299710343
1211	8	-0.04973263514158788
1211	9	-0.048839886275032995
1211	10-14	-0.017880073123833995
1211	15-19	-0.030822952579384832
1211	20-24	-0.03167110316837807
1211	25-29	-0.039024282562387214
1211	30-34	-0.043678328430004854
1211	35-39	-0.045530517004799265
1211	40-44	-0.003131990999605705
1211	45-49	-0.0284319788086691
1211	50-54	-0.02471942599260757
1211	55-59	-0.04188710400617168
1211	60-64	0.0010500843017737793
1211	65-69	-0.002389708224818321
1211	70-74	0.005980814478725449
1211	75-79	0.022506744492119424
1211	80-84	-0.04721979185054437
1211	85-89	-0.0467132536776802
1211	90-94	0.014114354097870319
1211	95-99	-0.03226487728481686
1211	100-104	-0.04333015219645375
1211	105-109	-0.020745515264465553
1211	110-114	0.05488610111370207
1211	115-119	0.023584269646974576
1211	120-124	0.01602613238017625
1211	125-129	8.278865320576756E-4
1211	130-134	0.08352266594469171
1211	135-139	0.08302502177836857
1211	140-144	0.056304362159181665
1211	145-149	0.1156779049688268
1211	150	0.11917110935203823
1212	1	-0.09358767649455757
1212	2	-0.06362282486890791
1212	3	-0.004971216910682585
1212	4	0.032109389647082764
1212	5	-0.009343421114486716
1212	6	-0.06596859690440482
1212	7	-0.08578395304111552
1212	8	-0.09288428531441184
1212	9	-0.055934891099177264
1212	10-14	-0.025839725211980635
1212	15-19	-0.013380508996071683
1212	20-24	-0.05199395527716888
1212	25-29	-0.06855745160241611
1212	30-34	-0.03656956081614027
1212	35-39	-0.014151127069126801
1212	40-44	-0.008191966656674765
1212	45-49	-0.043142479960593505
1212	50-54	-0.025810098405237625
1212	55-59	-0.04598012899566584
1212	60-64	-0.058052696498563705
1212	65-69	-0.03517984145148745
1212	70-74	-0.021706821805146603
1212	75-79	-0.02382815292491358
1212	80-84	-0.03681271433592315
1212	85-89	-0.0623585923211607
1212	90-94	-0.04238863572484064
1212	95-99	-0.04242775129938536
1212	100-104	-0.03883648666378292
1212	105-109	0.007941758312554725
1212	110-114	0.008756756695582624
1212	115-119	-0.007862959373014178
1212	120-124	-0.006314688770942212
1212	125-129	0.06556435061332166
1212	130-134	0.09374466261008507
1212	135-139	0.07063400945350651
1212	140-144	0.06596569717846279
1212	145-149	0.0423097059015447
1212	150	0.027117830152349143
1213	1	-0.046863527448500975
1213	2	-0.11347343563434009
1213	3	-0.04250412301600903
1213	4	-0.15731407551425036
1213	5	-0.10134053027284295
1213	6	0.010799195901157077
1213	7	-0.08025427320037437
1213	8	-0.06220069626955649
1213	9	-0.074141279936768
1213	10-14	-0.10930134812582537
1213	15-19	-0.10261256980650302
1213	20-24	-0.07568851294301027
1213	25-29	-0.09755115854455454
1213	30-34	-0.08996549996886927
1213	35-39	-0.07949027504638195
1213	40-44	-0.05907499663098292
1213	45-49	-0.07062363302056696
1213	50-54	-0.10606846131832981
1213	55-59	-0.10739908436648449
1213	60-64	-0.03738760903412697
1213	65-69	-0.08658495820242251
1213	70-74	-0.07526894072808687
1213	75-79	-0.05129120671812615
1213	80-84	-0.0672935082219226
1213	85-89	-0.07531286864858089
1213	90-94	-0.041931597732371984
1213	95-99	-0.05867838203507603
1213	100-104	-0.02599963744851408
1213	105-109	-0.05061343160615195
1213	110-114	-0.04158166663240337
1213	115-119	-0.013312457620045848
1213	120-124	-0.03509623585593857
1213	125-129	-0.017150646039709727
1213	130-134	0.006679424302269865
1213	135-139	0.008047413865483577
1213	140-144	0.02226546834439347
1213	145-149	0.03191104216449503
1213	150	0.016613954126995623
1214	1	-0.07436797729360478
1214	2	-0.04166475762612265
1214	3	-0.0489821742140748
1214	4	-0.022114655599686728
1214	5	-0.007313350787562456
1214	6	0.008608352051702184
1214	7	-0.045664562493229255
1214	8	-0.06999439232531302
1214	9	-0.010696265646913616
1214	10-14	-0.03839857641917632
1214	15-19	-0.04202284259519473
1214	20-24	-0.022746527585546517
1214	25-29	-0.058409590264027145
1214	30-34	-0.037490491516464886
1214	35-39	-0.042420586698796114
1214	40-44	-0.03219866172229757
1214	45-49	-0.06135301056129805
1214	50-54	-0.06019117598515322
1214	55-59	-0.069567879611661
1214	60-64	-0.04795861598059048
1214	65-69	-0.06215597531448225
1214	70-74	-0.04664407352380806
1214	75-79	-0.01831434973973245
1214	80-84	-0.026734868633724318
1214	85-89	-0.06738453689769841
1214	90-94	-0.012308970190773039
1214	95-99	-0.03856343413142582
1214	100-104	0.004714771534438
1214	105-109	-0.05686130475180562
1214	110-114	-0.06580630407004406
1214	115-119	-0.04859280772834751
1214	120-124	-0.037122095486601836
1214	125-129	-0.04714870739860544
1214	130-134	-0.058430682978375614
1214	135-139	-0.041331385007019605
1214	140-144	0.035456934448610866
1214	145-149	0.03559974639279062
1214	150	0.03897211908896736
1215	1	-0.06604150950516896
1215	2	-0.04401957009736179
1215	3	-0.07077025965898542
1215	4	-0.02085117316520524
1215	5	-0.06093139574857531
1215	6	-0.03741727704129261
1215	7	-0.07165990780851672
1215	8	-0.01617477290303526
1215	9	-0.06766947323980332
1215	10-14	-0.049135268231871976
1215	15-19	-0.044508883182885484
1215	20-24	-0.060727907418446136
1215	25-29	-0.07607453056652247
1215	30-34	-0.0592275406310705
1215	35-39	-0.09635965589038165
1215	40-44	-0.001921977684077092
1215	45-49	-0.04600962342002646
1215	50-54	-0.04131199949823383
1215	55-59	-0.061865316678556326
1215	60-64	-0.05214747039826051
1215	65-69	-0.05231177180615987
1215	70-74	-0.07402868297567267
1215	75-79	-0.039923179596179637
1215	80-84	-0.044931158073517
1215	85-89	-0.07033477004850397
1215	90-94	-0.054041501257117375
1215	95-99	-0.04268494154085545
1215	100-104	-0.018779584118803427
1215	105-109	-0.051994971614540475
1215	110-114	-0.06331225572978383
1215	115-119	-0.02166000310347016
1215	120-124	-0.06733318451000514
1215	125-129	-0.0365272472406204
1215	130-134	0.017454017762815965
1215	135-139	0.027487659542416054
1215	140-144	0.015442932783749086
1215	145-149	0.031974262600996894
1215	150	-0.029231318769660675
1216	1	-0.01721502038028433
1216	2	0.0330107138481921
1216	3	0.0386608153414727
1216	4	-0.024729556636614802
1216	5	0.034481143545697535
1216	6	0.02149894746253267
1216	7	0.0033223776814850225
1216	8	-0.018750740647604403
1216	9	0.024943475540595728
1216	10-14	-0.012537996704089949
1216	15-19	-0.002580702242440225
1216	20-24	0.007287606115447431
1216	25-29	-0.009136286364871182
1216	30-34	0.005587754106429088
1216	35-39	0.02194539140232621
1216	40-44	0.009563043588713072
1216	45-49	0.010916860003092665
1216	50-54	0.030940697070121814
1216	55-59	0.013920487155630212
1216	60-64	0.024876794754177922
1216	65-69	0.006326528301173084
1216	70-74	0.012105962441943063
1216	75-79	0.06438900649619228
1216	80-84	0.017372426160370935
1216	85-89	0.015590949432670698
1216	90-94	0.060659992392508855
1216	95-99	0.033596466374092415
1216	100-104	0.05133493619592855
1216	105-109	0.039648061904514975
1216	110-114	0.056622502824112075
1216	115-119	0.07302778265021459
1216	120-124	0.1102677538917618
1216	125-129	0.09699596829013757
1216	130-134	0.12730494143699644
1216	135-139	0.10232436783985577
1216	140-144	0.14557125562954099
1216	145-149	0.18414040589606628
1216	150	0.08664961227896129
1217	1	7.602074048449481E-4
1217	2	-0.0193846400805171
1217	3	-0.010532154529400373
1217	4	0.015266064671777713
1217	5	0.03496932107835704
1217	6	-0.0013752909246207423
1217	7	0.013116206521225138
1217	8	-0.09104456948734452
1217	9	-7.89955304028922E-4
1217	10-14	-0.014949025417131168
1217	15-19	0.015477860428745771
1217	20-24	-0.043167498321004416
1217	25-29	-0.04484572756928884
1217	30-34	-0.015641819763033027
1217	35-39	-0.014927663806453495
1217	40-44	0.008499394182166498
1217	45-49	-0.01936617116946593
1217	50-54	-0.007275032680752247
1217	55-59	0.003472230247552943
1217	60-64	0.034491563056171515
1217	65-69	0.012561971480664624
1217	70-74	-0.0037913898470876006
1217	75-79	0.009083289974554987
1217	80-84	0.021479778635729474
1217	85-89	0.009296487080113991
1217	90-94	0.032420459328733386
1217	95-99	0.021588090961842
1217	100-104	0.017268482563473242
1217	105-109	0.062166741216586274
1217	110-114	0.06093649227798181
1217	115-119	0.030661658817088266
1217	120-124	0.038322496853254506
1217	125-129	0.045536047292905835
1217	130-134	0.09725598393824697
1217	135-139	0.07348751602595627
1217	140-144	0.08431517670129551
1217	145-149	0.10910174298079056
1217	150	0.03562877157017397
1218	1	-0.08014419372923953
1218	2	0.002532664975902321
1218	3	0.051340252012217036
1218	4	-0.014142579876562422
1218	5	7.103225992253215E-4
1218	6	-0.03359214629178808
1218	7	-0.003579093803601552
1218	8	0.02325465693447626
1218	9	-0.006048925618898693
1218	10-14	-0.011010489207286867
1218	15-19	-0.012528955320711077
1218	20-24	-0.03457768251522708
1218	25-29	-0.03893667933331102
1218	30-34	-0.01636451451884824
1218	35-39	-0.027504317517561105
1218	40-44	-0.014836473934018102
1218	45-49	0.020101712192975185
1218	50-54	-0.012017893042376215
1218	55-59	-0.009676861924667435
1218	60-64	0.014985657950937536
1218	65-69	-0.01706813798439555
1218	70-74	0.034259737661876954
1218	75-79	0.02460737979974681
1218	80-84	0.012453651596167958
1218	85-89	0.034483263024071675
1218	90-94	0.04541305212994473
1218	95-99	0.0182692622192846
1218	100-104	-0.011525758785403184
1218	105-109	0.011912605765303397
1218	110-114	0.03700753191447603
1218	115-119	0.02724988803655748
1218	120-124	0.030350323136133284
1218	125-129	0.027453798283353592
1218	130-134	0.052006589469712594
1218	135-139	0.08500322229156865
1218	140-144	0.07267409256527912
1218	145-149	0.10490695900060842
1218	150	0.03250371289464482
1219	1	-0.10109584543757677
1219	2	-0.00839493932216584
1219	3	0.011770059038951786
1219	4	-0.029924361831419333
1219	5	-0.055358428646812285
1219	6	0.023332408119522086
1219	7	-0.05473720978987018
1219	8	-0.07956051910444728
1219	9	-0.02303207831731413
1219	10-14	-0.05709109066895479
1219	15-19	-0.04163341423633682
1219	20-24	-0.05456113338035351
1219	25-29	-0.09158090057419344
1219	30-34	-0.09983623367050143
1219	35-39	-0.025296778192789304
1219	40-44	-0.0387180870453534
1219	45-49	-0.03809765489376815
1219	50-54	-0.08059482623010439
1219	55-59	-0.051839635075076274
1219	60-64	-0.05756781945514433
1219	65-69	-0.05069409813121695
1219	70-74	-0.01606821632046973
1219	75-79	-0.0546637054976884
1219	80-84	-0.023269285069567047
1219	85-89	-0.032690181201395774
1219	90-94	-0.03712457598029317
1219	95-99	-0.037908499248516137
1219	100-104	-0.05292785983156989
1219	105-109	-0.011199913649349469
1219	110-114	-0.00644854377634374
1219	115-119	0.006717622222403463
1219	120-124	0.02776202432721675
1219	125-129	-0.0017053304111627199
1219	130-134	0.04479921187244429
1219	135-139	0.03521970779401329
1219	140-144	0.08622824569830101
1219	145-149	0.06728784669056154
1219	150	-0.05299897442844781
1220	1	-0.09117423845939499
1220	2	-0.03238745369464624
1220	3	-0.0843411882704217
1220	4	-0.01757368319263719
1220	5	-0.05858535114165164
1220	6	-0.00923380553008002
1220	7	-0.04115096853940514
1220	8	0.003972185533569927
1220	9	-0.018634983933786486
1220	10-14	-0.02286774261025215
1220	15-19	-0.002701588732477944
1220	20-24	-0.04561775481532493
1220	25-29	-0.041009489038884794
1220	30-34	-0.037951088204735584
1220	35-39	-0.021956390424861638
1220	40-44	0.005995454563574754
1220	45-49	-0.017999319101676292
1220	50-54	-0.015388821532098973
1220	55-59	-0.02647135776707188
1220	60-64	-0.013123859386425352
1220	65-69	-0.0097275523004825
1220	70-74	0.006935418558917661
1220	75-79	0.037946248991346465
1220	80-84	0.038421135131166295
1220	85-89	0.0037118867977170567
1220	90-94	0.0041200741215803305
1220	95-99	-0.018832125707866965
1220	100-104	0.03636062865906098
1220	105-109	0.013814805681036546
1220	110-114	0.037688635318744446
1220	115-119	0.03956468459317364
1220	120-124	0.030301135365775167
1220	125-129	0.010324676976210867
1220	130-134	0.10154818442478586
1220	135-139	0.08697749654207598
1220	140-144	0.05667476608686428
1220	145-149	0.08986712798304097
1220	150	0.09647198965181047
1221	1	-0.01378872859992697
1221	2	-0.051761999217326604
1221	3	-0.05048089872991568
1221	4	0.05601123161183352
1221	5	8.644508054231892E-4
1221	6	-0.026072634546757456
1221	7	-0.04715689237645648
1221	8	-0.016305476965861487
1221	9	-0.018091541577064163
1221	10-14	-0.013844475435085712
1221	15-19	-0.002674875744133942
1221	20-24	-0.009138590679576453
1221	25-29	-0.03514980026236003
1221	30-34	-0.06418980970626365
1221	35-39	-0.0333641999252734
1221	40-44	0.03845372033087102
1221	45-49	-0.037481305562039324
1221	50-54	0.008334575305411818
1221	55-59	0.04790354729110646
1221	60-64	0.011487401125990004
1221	65-69	0.013305823932100225
1221	70-74	0.033772492448790103
1221	75-79	0.06464171621693282
1221	80-84	0.041226054559849956
1221	85-89	0.03374539235176144
1221	90-94	0.042335452645197336
1221	95-99	0.02718234164778721
1221	100-104	0.024619797237242835
1221	105-109	0.028271578164456912
1221	110-114	0.03992891823155276
1221	115-119	0.10412828931988827
1221	120-124	0.098127100895951
1221	125-129	0.09259702660545344
1221	130-134	0.1430906934732974
1221	135-139	0.09285187746219492
1221	140-144	0.13504876318168613
1221	145-149	0.15928080965683478
1221	150	0.1149552442602797
1222	1	-0.028372894705995577
1222	2	-0.004771471586451526
1222	3	-0.011456112163472199
1222	4	0.03213225397587394
1222	5	0.00608142669482703
1222	6	-0.012749013606800474
1222	7	0.04123025142314418
1222	8	0.021323036986885313
1222	9	-0.04382251292317818
1222	10-14	-0.005187520233270959
1222	15-19	0.005672907792060755
1222	20-24	0.022750678750668385
1222	25-29	-0.024046891140557136
1222	30-34	-0.021809493366376387
1222	35-39	0.010746983765706375
1222	40-44	-0.010713330513887342
1222	45-49	-0.019467610715970807
1222	50-54	0.00869274534565534
1222	55-59	0.023632034827251402
1222	60-64	0.04838989974597041
1222	65-69	0.04986860234513557
1222	70-74	0.035933007855611265
1222	75-79	0.05796726849323619
1222	80-84	0.09506130321244655
1222	85-89	0.08764455152405048
1222	90-94	0.10849135512943064
1222	95-99	0.08480823715412811
1222	100-104	0.07043156901085723
1222	105-109	0.09093641377569384
1222	110-114	0.14192832490273588
1222	115-119	0.1243591675811686
1222	120-124	0.0977071466630548
1222	125-129	0.12115382158992105
1222	130-134	0.1173315041888614
1222	135-139	0.12587022655030466
1222	140-144	0.11349377743225375
1222	145-149	0.19408197718679787
1222	150	0.17200622364744333
1223	1	-0.09142761516866926
1223	2	-0.04320512700062551
1223	3	-0.02587080141647391
1223	4	-0.03498388371646399
1223	5	-0.012885104261542324
1223	6	-0.011430368047335548
1223	7	-0.08078107132701007
1223	8	-0.04486494581082212
1223	9	-0.06505655217193151
1223	10-14	-0.010637157661214758
1223	15-19	-0.01795196232172458
1223	20-24	-0.028955536189293696
1223	25-29	-0.030587609776503655
1223	30-34	-0.04517289004350289
1223	35-39	-0.0857006605327939
1223	40-44	-0.0033410812358951603
1223	45-49	-0.039786733295287036
1223	50-54	0.013885494643993468
1223	55-59	-0.005277216769293602
1223	60-64	-0.04154627573817038
1223	65-69	0.007102626802577561
1223	70-74	0.019522822557426878
1223	75-79	0.007770802877502092
1223	80-84	0.020502620526791304
1223	85-89	3.379386977684362E-4
1223	90-94	-0.004201403413482296
1223	95-99	0.05370306722043239
1223	100-104	0.021633289240561737
1223	105-109	0.02049348790605876
1223	110-114	0.03416466050283873
1223	115-119	0.07825102089571345
1223	120-124	0.02986849030592964
1223	125-129	0.08589991021207055
1223	130-134	0.12398770600154307
1223	135-139	0.1173641491695463
1223	140-144	0.14121987189697194
1223	145-149	0.16805004274189628
1223	150	0.13228174883150245
1224	1	-0.022959267615696888
1224	2	-0.07738319305987318
1224	3	0.03251038992210198
1224	4	0.007399086482102746
1224	5	0.013683898347586876
1224	6	0.00874804504810811
1224	7	-0.041386657780392966
1224	8	-0.04433586766096198
1224	9	-0.06413827928795257
1224	10-14	-0.013121866782029201
1224	15-19	-0.0130564758748406
1224	20-24	-0.019075933605641637
1224	25-29	-0.05812132877522913
1224	30-34	-0.03275859628059408
1224	35-39	-0.03642981435608306
1224	40-44	-0.02952490684273812
1224	45-49	-0.008000042419006093
1224	50-54	-0.005784629299348865
1224	55-59	0.001732822215615215
1224	60-64	0.007391310640755933
1224	65-69	-0.0317238490181424
1224	70-74	0.02886980843842224
1224	75-79	0.029125195023240735
1224	80-84	0.004088960385985274
1224	85-89	-0.0055304931169928295
1224	90-94	0.016377907442304718
1224	95-99	-0.014810779302571575
1224	100-104	0.06031309020433895
1224	105-109	0.022723412009625577
1224	110-114	0.06929126605205482
1224	115-119	0.05646579151547115
1224	120-124	0.06339508022654883
1224	125-129	0.08250190429716042
1224	130-134	0.0922743203013141
1224	135-139	0.0836979799275781
1224	140-144	0.12459235968574234
1224	145-149	0.13359061105191472
1224	150	0.10378981000497589
1225	1	-0.03615051685507353
1225	2	-0.030944172756001365
1225	3	-0.07526823719557285
1225	4	-0.014328982805416501
1225	5	-0.004948757491746392
1225	6	-0.03254965324076409
1225	7	-0.03727571304682442
1225	8	-0.007465627018532928
1225	9	0.018184630434198823
1225	10-14	-0.0063199991650364495
1225	15-19	0.0027355405627957907
1225	20-24	-0.01804498854629344
1225	25-29	-0.023072873352198542
1225	30-34	-0.035514841546685716
1225	35-39	-0.006140473339137031
1225	40-44	0.04086189650948313
1225	45-49	0.03441524756076575
1225	50-54	0.030376056501893345
1225	55-59	-0.031196081053877833
1225	60-64	-0.017714916184189633
1225	65-69	-0.0022177715839433176
1225	70-74	-0.00667707221536773
1225	75-79	0.009976512838086649
1225	80-84	0.021389944340434397
1225	85-89	0.03176949024524589
1225	90-94	-0.0026097957448172338
1225	95-99	0.013668988373872537
1225	100-104	0.005152954728814052
1225	105-109	0.010300608280445545
1225	110-114	0.023233178183772907
1225	115-119	0.04021751433747056
1225	120-124	0.05300765790333628
1225	125-129	0.05101240178927924
1225	130-134	0.109782236032828
1225	135-139	0.08516560204346035
1225	140-144	0.10981350103567422
1225	145-149	0.1674353866225715
1225	150	0.20050728581333033
1226	1	-0.03467756286391932
1226	2	0.017870629462564125
1226	3	-0.004797153747901461
1226	4	0.007590059699950302
1226	5	-0.0059336463889181346
1226	6	-0.02037364977454814
1226	7	-0.006175866091290061
1226	8	-0.03287166074422032
1226	9	-0.009369430136004553
1226	10-14	-0.05582908749055804
1226	15-19	-0.019785691153977325
1226	20-24	-0.023147439820149884
1226	25-29	-0.04878113845223453
1226	30-34	-0.07358826096073301
1226	35-39	-0.038355546239074556
1226	40-44	-0.0303677656978536
1226	45-49	0.01434774027541863
1226	50-54	-0.009330452197417571
1226	55-59	-0.016962079092486704
1226	60-64	-0.053755532368697345
1226	65-69	-0.017991032828746256
1226	70-74	-0.015836054434721802
1226	75-79	-0.01865086232119495
1226	80-84	0.024746020811427627
1226	85-89	-0.0017381631428108335
1226	90-94	0.0028707335980300286
1226	95-99	-0.04333746185638887
1226	100-104	-0.03450051719090652
1226	105-109	-0.01157050358644085
1226	110-114	0.016613327128425226
1226	115-119	0.030508242917662187
1226	120-124	0.023155069774645654
1226	125-129	0.015020648020815486
1226	130-134	0.03483733437030878
1226	135-139	-0.005783939871392363
1226	140-144	0.05252518808886464
1226	145-149	0.10867013167657547
1226	150	0.1266834802939485
1227	1	-0.11398378470419601
1227	2	0.024106811378111104
1227	3	0.017521109459117667
1227	4	-0.007453327963325762
1227	5	-0.001042156683482176
1227	6	0.0707119281093398
1227	7	0.02705391575126015
1227	8	0.0026157604983083615
1227	9	-0.04152106482100493
1227	10-14	0.02144564220601808
1227	15-19	-0.015827137180053796
1227	20-24	0.011355756102716441
1227	25-29	-0.03546474956833379
1227	30-34	-0.04148412009779889
1227	35-39	0.007134148723437761
1227	40-44	0.005753997242898379
1227	45-49	0.0188780899496237
1227	50-54	-0.002084035550190322
1227	55-59	-0.02195788692126399
1227	60-64	-0.045264534504795506
1227	65-69	0.014935835660480734
1227	70-74	0.014700659411637673
1227	75-79	0.04654682416872191
1227	80-84	0.010701144011150632
1227	85-89	0.022187747242703892
1227	90-94	0.016637042303386806
1227	95-99	0.046774305691634765
1227	100-104	0.02276764564334144
1227	105-109	0.048013226152022526
1227	110-114	0.07421751810295518
1227	115-119	0.08856158708108097
1227	120-124	0.0845174992444484
1227	125-129	0.07625669530821
1227	130-134	0.13523243061447943
1227	135-139	0.10514999809195302
1227	140-144	0.14217744355925532
1227	145-149	0.1846092752619981
1227	150	0.13297155014501527
1228	1	-0.024189830242512755
1228	2	-0.042131253691259474
1228	3	-0.002807469100240212
1228	4	-0.010974612456237764
1228	5	-0.0748403443658674
1228	6	-0.032175653163378115
1228	7	0.0014546094491052486
1228	8	-0.06682921723169244
1228	9	-0.008501623362960231
1228	10-14	-0.022292198883420156
1228	15-19	-0.051013424488715486
1228	20-24	-0.002125116011143291
1228	25-29	-0.048415109216108476
1228	30-34	-0.07018714830646644
1228	35-39	-0.05487469528414124
1228	40-44	-0.0412019555037304
1228	45-49	0.010846489581012975
1228	50-54	-0.005608359770747029
1228	55-59	-0.007463025660840117
1228	60-64	-0.0069716455476438455
1228	65-69	-0.026540448064494626
1228	70-74	0.01085828368849917
1228	75-79	-0.007266274177659682
1228	80-84	0.038275473351241374
1228	85-89	0.022552674545217144
1228	90-94	0.016309871617870897
1228	95-99	0.016095294531041304
1228	100-104	0.059110309340674405
1228	105-109	0.030988191595128
1228	110-114	0.05203342579762449
1228	115-119	0.11953513185146392
1228	120-124	0.10587590553124926
1228	125-129	0.040849147824467025
1228	130-134	0.15696264358739853
1228	135-139	0.10412001037884977
1228	140-144	0.10884730993922886
1228	145-149	0.15491625575654666
1228	150	0.24096987349524568
1229	1	-0.08253549230627755
1229	2	-0.025102131944343853
1229	3	-0.030287063660203728
1229	4	-0.05634965186020224
1229	5	-0.023486816706409286
1229	6	4.4072180072873834E-4
1229	7	-0.026353387949832552
1229	8	-0.002268378314639108
1229	9	-0.004555907693685413
1229	10-14	8.648664174373266E-4
1229	15-19	-0.009996780299672992
1229	20-24	-0.021829691614605906
1229	25-29	-0.03584035220819004
1229	30-34	-0.01710340604306282
1229	35-39	0.007333644563750852
1229	40-44	0.027072363794928833
1229	45-49	0.005378773431402806
1229	50-54	0.05719858416935608
1229	55-59	0.0096269272892755
1229	60-64	0.04172946849369907
1229	65-69	-0.007575886419651567
1229	70-74	0.02306219555532607
1229	75-79	0.028340155444254833
1229	80-84	0.059511646847973054
1229	85-89	0.04420205259003751
1229	90-94	0.05190020116513239
1229	95-99	0.04440238503431715
1229	100-104	0.11084026374605571
1229	105-109	0.036402854867077394
1229	110-114	0.04752176671393471
1229	115-119	0.03154630795593505
1229	120-124	0.059721919093348674
1229	125-129	0.07231695561923601
1229	130-134	0.0951995426467036
1229	135-139	0.06931868580691969
1229	140-144	0.10579129839653945
1229	145-149	0.18434326855946637
1229	150	0.1541449707876339
1230	1	-0.1024185226178389
1230	2	0.01708957135577549
1230	3	-0.050991161777758975
1230	4	-0.10164399953640668
1230	5	-0.04219724337735187
1230	6	-0.014158279819334041
1230	7	-0.0315548465964568
1230	8	0.00425129429376625
1230	9	-0.02871949993573253
1230	10-14	0.012602548015898662
1230	15-19	0.002787951236399522
1230	20-24	-0.03203151587666753
1230	25-29	-0.0332509410670454
1230	30-34	-0.04707671384539225
1230	35-39	-0.037704944896432835
1230	40-44	0.003038558219671472
1230	45-49	-0.028200892355208396
1230	50-54	0.032031016483955455
1230	55-59	0.01217947712765266
1230	60-64	-0.010252416964661393
1230	65-69	-0.015412773792384371
1230	70-74	-0.022545536779652764
1230	75-79	-0.007277291815150022
1230	80-84	0.027743235385720766
1230	85-89	0.007576960107499531
1230	90-94	-0.027670071256977735
1230	95-99	-0.02750998353147338
1230	100-104	0.031060995549196946
1230	105-109	0.007776755920190226
1230	110-114	0.021290653249153024
1230	115-119	0.0631727788767904
1230	120-124	0.03957230289871916
1230	125-129	0.05868138019277325
1230	130-134	0.05424520006640421
1230	135-139	0.03386556111207284
1230	140-144	0.058998772211893424
1230	145-149	0.09659060444923284
1230	150	0.13720285111739372
1231	1	-0.07476601982342856
1231	2	-0.012138336360813184
1231	3	-0.03559727636906729
1231	4	0.0014857999824116064
1231	5	0.00594868661221426
1231	6	-0.025833166716211053
1231	7	-0.07293451879011315
1231	8	-0.012443531628363758
1231	9	-0.0020663154719571253
1231	10-14	-0.07062641340385056
1231	15-19	-0.07215534882757169
1231	20-24	-0.04281146174493955
1231	25-29	-0.07773165232730861
1231	30-34	-0.07017708874737139
1231	35-39	-0.03873074205678506
1231	40-44	-0.05567541310180957
1231	45-49	-0.0662289811605703
1231	50-54	-0.0554193437930266
1231	55-59	-0.053516296037308564
1231	60-64	-0.06774890712257076
1231	65-69	-0.07657367903119905
1231	70-74	-0.06671106082607992
1231	75-79	-0.0781700930143785
1231	80-84	-0.050893882206381136
1231	85-89	-0.1094899411752408
1231	90-94	-0.07594130573806979
1231	95-99	-0.03890695587381998
1231	100-104	-0.08226127360845226
1231	105-109	-0.06565950014233835
1231	110-114	-0.0382883393627651
1231	115-119	3.185021300566859E-5
1231	120-124	-0.004870248917775655
1231	125-129	-0.030837330936215324
1231	130-134	-0.006374951399159556
1231	135-139	-0.03222842446169949
1231	140-144	-0.011714492083733319
1231	145-149	0.07283532074956156
1231	150	0.046727327269103114
1232	1	-0.013697396601521916
1232	2	0.019668651070865906
1232	3	-0.018747531565153963
1232	4	-0.02787918441575954
1232	5	-0.0756418558459444
1232	6	0.019284590833073878
1232	7	-0.051957381232355715
1232	8	-0.024418174955130212
1232	9	-0.0985035775264933
1232	10-14	-0.029261114622904927
1232	15-19	-0.020756856457687434
1232	20-24	-0.03457723522817702
1232	25-29	-0.06329931451097082
1232	30-34	-0.05474839653011543
1232	35-39	-0.044327705877691415
1232	40-44	-0.044276292335482026
1232	45-49	-0.044833660070409564
1232	50-54	0.002764049280649772
1232	55-59	-0.020434646553852076
1232	60-64	-0.051517371545202195
1232	65-69	-0.00175247039276627
1232	70-74	-0.08322610378115058
1232	75-79	-0.022381074952797064
1232	80-84	-0.03924904089712555
1232	85-89	-0.040077251244206025
1232	90-94	-0.010718285324706756
1232	95-99	0.014955256578573994
1232	100-104	0.054364543367483975
1232	105-109	-0.01109645494238265
1232	110-114	0.016204742520635307
1232	115-119	0.04266722956503344
1232	120-124	0.04936195155102041
1232	125-129	0.02570194265362602
1232	130-134	0.1279489691136746
1232	135-139	0.07611300086001194
1232	140-144	0.08036167094971347
1232	145-149	0.1536019256585064
1232	150	0.15017319362583237
1233	1	-0.05240761719736042
1233	2	-0.04562761150993566
1233	3	-0.0036907058342876553
1233	4	-0.026049050802853913
1233	5	-0.021525666925235498
1233	6	0.010771072618076971
1233	7	-0.03340520301996719
1233	8	-0.06222835004874838
1233	9	0.002117701790048443
1233	10-14	-0.029073471595204126
1233	15-19	3.696719600156939E-4
1233	20-24	0.022735249813294445
1233	25-29	-0.04371158858758406
1233	30-34	-0.026356305242231315
1233	35-39	-0.035498192384402216
1233	40-44	0.008248058385767365
1233	45-49	0.00842133784624366
1233	50-54	0.006445620277133912
1233	55-59	0.028512451334734124
1233	60-64	4.6570086031749724E-4
1233	65-69	0.016842260572026646
1233	70-74	0.019040277727285115
1233	75-79	0.024360274533769655
1233	80-84	0.04108165243057016
1233	85-89	0.06321508077721205
1233	90-94	0.050502469131927796
1233	95-99	0.059656411611861415
1233	100-104	0.07240813400525781
1233	105-109	0.038997996644411614
1233	110-114	0.05506226321282526
1233	115-119	0.11250568342812528
1233	120-124	0.09808153831814082
1233	125-129	0.11618227100017009
1233	130-134	0.13120902131111478
1233	135-139	0.07146247812319473
1233	140-144	0.09982281613194033
1233	145-149	0.15370939418704666
1233	150	0.22511443475812598
1234	1	-0.1434918658028792
1234	2	-0.06957711920048837
1234	3	-0.02241074704144097
1234	4	-0.11438487446727663
1234	5	-0.07910777783639844
1234	6	-0.011042708458667505
1234	7	-0.04969421980869981
1234	8	-0.03925552623294948
1234	9	-0.059534878626777754
1234	10-14	-0.0262332860531842
1234	15-19	-0.042585308601488236
1234	20-24	-0.03591822514583498
1234	25-29	-0.045488958296409976
1234	30-34	-0.06718986417887152
1234	35-39	-0.04801391368624053
1234	40-44	-0.06244888104217239
1234	45-49	-0.024296743678100086
1234	50-54	-0.008477604124124127
1234	55-59	-0.039599760549698715
1234	60-64	-0.03401946322788518
1234	65-69	-0.029690852594434602
1234	70-74	-7.789321064990418E-4
1234	75-79	-0.03052424311169233
1234	80-84	0.024961824397955468
1234	85-89	-0.003368629766697495
1234	90-94	0.002957884334463756
1234	95-99	-0.021608995080903526
1234	100-104	0.014740852123388493
1234	105-109	-0.021178909300886062
1234	110-114	0.00933394524705733
1234	115-119	0.04968366330009388
1234	120-124	0.05225053194798335
1234	125-129	0.06520871719978061
1234	130-134	0.08796274248445712
1234	135-139	0.07847523583036775
1234	140-144	0.034329176864041244
1234	145-149	0.1481720729925584
1234	150	0.27083585191667936
1235	1	-0.04175724589279639
1235	2	-0.03000110756266139
1235	3	-0.053516261674900534
1235	4	0.0012956613231125402
1235	5	0.031704962782860946
1235	6	-0.008486955052177336
1235	7	-0.00922438422852423
1235	8	0.023632285665073027
1235	9	-0.038482607169903815
1235	10-14	0.01482167818742397
1235	15-19	0.027227997244850144
1235	20-24	0.009520679288485212
1235	25-29	-0.04624716820588759
1235	30-34	-0.016386838917284763
1235	35-39	-0.018372471450405214
1235	40-44	-0.020728593215963542
1235	45-49	-0.012720606229883913
1235	50-54	-0.010424317539275307
1235	55-59	-0.03006949496655409
1235	60-64	-0.020052284656408403
1235	65-69	-0.013352773597659962
1235	70-74	-2.0673395807335737E-4
1235	75-79	0.007600240380561729
1235	80-84	0.012619604694386055
1235	85-89	0.025537631010649875
1235	90-94	0.03618234753887606
1235	95-99	0.04122611992248437
1235	100-104	0.035789426520643985
1235	105-109	0.03233705877786264
1235	110-114	0.050712742481366035
1235	115-119	0.06602141121690863
1235	120-124	0.02965723039464052
1235	125-129	0.10793561687685127
1235	130-134	0.12129342717806679
1235	135-139	0.04184269063289037
1235	140-144	0.1048290505938283
1235	145-149	0.18535593990723243
1235	150	0.18077198475184986
1236	1	-0.15823115281450129
1236	2	-0.03893459187250414
1236	3	-0.04416082474136829
1236	4	-0.05982959811314004
1236	5	-0.07668798017655831
1236	6	0.04754172349259278
1236	7	-0.07863231334198417
1236	8	-0.014498334985468375
1236	9	-0.09764268734276982
1236	10-14	-0.03097604450449154
1236	15-19	-0.0270240603594587
1236	20-24	-0.03369243843761183
1236	25-29	-0.07225424532339986
1236	30-34	-0.07217882694904176
1236	35-39	-0.05940709254144849
1236	40-44	-0.042132959423639704
1236	45-49	-0.053607422167523566
1236	50-54	-0.0390534565798788
1236	55-59	-0.002113082878587136
1236	60-64	-0.02227194648749986
1236	65-69	-0.006249248935432661
1236	70-74	-0.04671452818903532
1236	75-79	0.009951900529102886
1236	80-84	0.011303329758824532
1236	85-89	-0.017277843657026892
1236	90-94	-0.014979885659890613
1236	95-99	0.009217951309246075
1236	100-104	0.0075531735048883775
1236	105-109	-0.0020449070456649565
1236	110-114	0.024167446344783627
1236	115-119	0.0875367623890071
1236	120-124	0.07450186080871646
1236	125-129	0.08402107267744441
1236	130-134	0.1294231226417608
1236	135-139	0.05433499791028851
1236	140-144	0.11375893903576184
1236	145-149	0.164197029140567
1236	150	0.14261083668112917
1237	1	-0.07901282268509391
1237	2	-0.02376327178413362
1237	3	0.025289396971395206
1237	4	-0.030023361287732087
1237	5	0.010142347467194668
1237	6	0.02572276969938514
1237	7	-0.04330242481228197
1237	8	-0.04010772874564594
1237	9	-0.028840123704043208
1237	10-14	-0.04171084117641044
1237	15-19	-0.01505528291483671
1237	20-24	-0.019989549470196266
1237	25-29	-0.04949467830765286
1237	30-34	-0.035474159968075014
1237	35-39	-0.054300697597490455
1237	40-44	-0.06396239196831743
1237	45-49	-0.01129407375653102
1237	50-54	0.014417850105431285
1237	55-59	0.009122050744231558
1237	60-64	-0.046137068647439605
1237	65-69	-0.012381586756134766
1237	70-74	-0.011514658657922894
1237	75-79	0.023172541982404482
1237	80-84	0.035586795919876124
1237	85-89	-0.0021746073349362405
1237	90-94	0.050075165276403766
1237	95-99	-0.004692581897991488
1237	100-104	0.035731323527244285
1237	105-109	0.004802479030722395
1237	110-114	0.022828771785000868
1237	115-119	0.06092378916979868
1237	120-124	0.06907159933668794
1237	125-129	0.05785617387050479
1237	130-134	0.09025433694909424
1237	135-139	0.08564618214980158
1237	140-144	0.09987783631119385
1237	145-149	0.14366075700795733
1237	150	0.23686355079960464
1238	1	-0.030309180942289515
1238	2	0.02088022911666343
1238	3	-0.02834311340294704
1238	4	-0.015653348593723138
1238	5	-0.033449813250229
1238	6	-0.0011981659831974412
1238	7	-0.04373243858919551
1238	8	-0.05367213663676296
1238	9	-0.006392775170283471
1238	10-14	-0.014640391017884724
1238	15-19	-0.023554228474033323
1238	20-24	0.006279053646800037
1238	25-29	-0.015659628297498784
1238	30-34	-0.01646427455665389
1238	35-39	0.0064433669212391464
1238	40-44	-0.03002532706687333
1238	45-49	-1.4481427153612003E-4
1238	50-54	0.004442400504558464
1238	55-59	0.0037199448244180644
1238	60-64	0.006252696358274079
1238	65-69	0.033653544610480424
1238	70-74	-0.015407773485769383
1238	75-79	0.04156424788111224
1238	80-84	0.05200773183384655
1238	85-89	0.02932692839549844
1238	90-94	0.08440435165164217
1238	95-99	0.06300711743481457
1238	100-104	0.07038965647878115
1238	105-109	0.0522819235669445
1238	110-114	0.05812597970351874
1238	115-119	0.07357080348492673
1238	120-124	0.10721508010662006
1238	125-129	0.11515087260401913
1238	130-134	0.14113664728743203
1238	135-139	0.12582333375742394
1238	140-144	0.15553853822585495
1238	145-149	0.19520376694704566
1238	150	0.2316627535248159
1239	1	-0.09178913787837217
1239	2	0.013504752913043205
1239	3	-0.06939739880341733
1239	4	-0.06920391942477266
1239	5	-0.015398539090192287
1239	6	-0.033417212120795625
1239	7	-0.053668249714561966
1239	8	-0.06821958918087034
1239	9	-0.06302539324341438
1239	10-14	-0.04317084881451905
1239	15-19	-0.01859513194651896
1239	20-24	-0.03349976151567091
1239	25-29	-0.07068437443839315
1239	30-34	-0.07390091222598016
1239	35-39	-0.027527060367148692
1239	40-44	-0.05358314026292277
1239	45-49	-0.04138130174123944
1239	50-54	-0.03921986108699116
1239	55-59	-0.04924699954986522
1239	60-64	-0.03942967771016015
1239	65-69	-0.03061856983114808
1239	70-74	-0.033169743319838574
1239	75-79	-0.017671774605339863
1239	80-84	-0.03367022656632912
1239	85-89	-0.027924608028463638
1239	90-94	-0.02849068200388416
1239	95-99	-0.015896971685847916
1239	100-104	-0.0072801641569952835
1239	105-109	-0.04690558232200459
1239	110-114	-0.010351947251749039
1239	115-119	0.010186896254104738
1239	120-124	0.0020648609679341234
1239	125-129	9.606423677155362E-5
1239	130-134	0.08343228185297136
1239	135-139	0.04922843842604152
1239	140-144	0.07697733243620064
1239	145-149	0.1260861813809342
1239	150	0.07018366076623295
1240	1	-0.06883412381244369
1240	2	-0.04195466458213559
1240	3	0.008953589985573274
1240	4	9.354042418863173E-4
1240	5	-0.016558317485703355
1240	6	-0.0835378368651476
1240	7	-0.08550372145887764
1240	8	-0.0340342305483432
1240	9	-0.03614513591062973
1240	10-14	-0.019168222061146878
1240	15-19	-0.04207736101388093
1240	20-24	-0.017924338355157943
1240	25-29	-0.03659796426973827
1240	30-34	-0.026453342946751945
1240	35-39	-0.03556025095424786
1240	40-44	-0.017432780893010147
1240	45-49	-0.06780883367827784
1240	50-54	-0.02770343970455258
1240	55-59	-0.026378996689373935
1240	60-64	-0.05227366692488289
1240	65-69	-0.007528239010483162
1240	70-74	-0.016987551260754685
1240	75-79	-0.004592601921352468
1240	80-84	0.04811424052829949
1240	85-89	0.024091286055494265
1240	90-94	0.0073745188008302875
1240	95-99	0.04287730282656099
1240	100-104	0.08931668763456457
1240	105-109	0.009034803732831165
1240	110-114	0.058342383802660436
1240	115-119	0.06393550148702332
1240	120-124	0.022890563081858772
1240	125-129	0.10850863147080503
1240	130-134	0.15916664585309803
1240	135-139	0.10001849571931132
1240	140-144	0.13846829323245657
1240	145-149	0.1373992519832825
1240	150	0.25542264245408575
1241	1	-0.007746962315188455
1241	2	-0.029555901452738453
1241	3	0.05736694522354213
1241	4	-0.007852800195863097
1241	5	0.011608349867202605
1241	6	0.06916956747707559
1241	7	0.01495427201639643
1241	8	-0.006156605526555836
1241	9	-0.004256327997509857
1241	10-14	-0.00267507686609747
1241	15-19	0.014141015545412472
1241	20-24	0.0018110218429114866
1241	25-29	-0.011950421609917328
1241	30-34	-0.010366503980115738
1241	35-39	0.007027954306984441
1241	40-44	0.011974105890509179
1241	45-49	-0.0033941169493658663
1241	50-54	0.024282292089971236
1241	55-59	0.031252201216780406
1241	60-64	0.025647698738360702
1241	65-69	0.04620020119028112
1241	70-74	0.03168673810821332
1241	75-79	0.036273591791918136
1241	80-84	0.051610692005283454
1241	85-89	-0.003673576772918352
1241	90-94	0.006032242448362979
1241	95-99	0.038356823504891224
1241	100-104	0.04388000176703599
1241	105-109	0.03330557573386983
1241	110-114	0.023826941448483296
1241	115-119	0.09857358782366532
1241	120-124	0.10130936702853433
1241	125-129	0.09051663846491209
1241	130-134	0.12287045020465115
1241	135-139	0.10762341081142068
1241	140-144	0.10455986722303834
1241	145-149	0.18296972629542552
1241	150	0.16986830839746148
1242	1	-0.03953358416943331
1242	2	0.024533504782745297
1242	3	-0.0014283112182411628
1242	4	0.01487064708123853
1242	5	0.004644117826323679
1242	6	0.05843808675461304
1242	7	-0.020782537011662328
1242	8	0.022626901318268722
1242	9	0.010553355856359303
1242	10-14	0.0387357491578868
1242	15-19	-0.0038783849518964075
1242	20-24	0.02013405378542643
1242	25-29	0.03078324508408059
1242	30-34	0.016520781862986667
1242	35-39	0.03940197403537837
1242	40-44	0.033605824337378465
1242	45-49	0.0335015302348296
1242	50-54	0.048776704200250265
1242	55-59	0.028185829656273143
1242	60-64	0.013129404889141938
1242	65-69	0.05614216364622848
1242	70-74	0.039118440160301304
1242	75-79	-5.231401806540248E-4
1242	80-84	0.04068487841399815
1242	85-89	0.061297595727552334
1242	90-94	0.05057086583279613
1242	95-99	0.03078210426561867
1242	100-104	0.00918163851321907
1242	105-109	0.048241390144895036
1242	110-114	0.06109207247014581
1242	115-119	0.07630356569070074
1242	120-124	0.10651170601807536
1242	125-129	0.0919783976255033
1242	130-134	0.14334874077491833
1242	135-139	0.1416139018352709
1242	140-144	0.12285213161629827
1242	145-149	0.16153485458463024
1242	150	0.2077776998776386
1243	1	-0.05829450908857581
1243	2	-0.013749935219088627
1243	3	-0.027777266325713867
1243	4	-0.0314691322411349
1243	5	0.023702911669367666
1243	6	-0.007906051065681652
1243	7	0.00710588544148294
1243	8	-0.04524431653780425
1243	9	-0.04761446925317614
1243	10-14	-0.002313226595099138
1243	15-19	-0.046932453265611684
1243	20-24	-0.033339485544289005
1243	25-29	-0.016193930150478764
1243	30-34	-0.028789841402222294
1243	35-39	0.006873632329146062
1243	40-44	0.017328348595860632
1243	45-49	-9.8726383761516E-4
1243	50-54	-0.008602186906117026
1243	55-59	0.02322218870474302
1243	60-64	0.040666578288536925
1243	65-69	0.013596479706144748
1243	70-74	-0.021072920838022924
1243	75-79	0.03156205698402914
1243	80-84	0.054885965744546183
1243	85-89	0.05580795289499463
1243	90-94	0.03713155218151343
1243	95-99	0.015140785705291648
1243	100-104	0.06897252237071427
1243	105-109	0.06170561605272695
1243	110-114	0.059408132388021784
1243	115-119	0.09178825359931153
1243	120-124	0.12179787581596457
1243	125-129	0.11202877268571854
1243	130-134	0.1267470845457055
1243	135-139	0.14994299136799327
1243	140-144	0.13083098143162886
1243	145-149	0.14347204633560295
1243	150	0.2797174608484383
1244	1	-0.03950678217765358
1244	2	-0.050285230308361406
1244	3	0.03991088136608312
1244	4	0.018998516617664052
1244	5	0.0017836967946962545
1244	6	0.04189667745055914
1244	7	-0.03034109777645
1244	8	0.028920516911497884
1244	9	-0.020343853289880087
1244	10-14	0.013685292480978717
1244	15-19	0.01738129959183965
1244	20-24	0.043019308608421625
1244	25-29	0.046451970651631314
1244	30-34	0.06233081877807933
1244	35-39	0.016915438521607484
1244	40-44	0.03935130065094938
1244	45-49	0.07412781704788074
1244	50-54	0.0719499693268233
1244	55-59	0.0817279554941166
1244	60-64	0.09217186178373993
1244	65-69	0.09465853961785342
1244	70-74	0.05286752635296921
1244	75-79	0.08534527156324145
1244	80-84	0.0723715263963669
1244	85-89	0.06859943785430289
1244	90-94	0.082475485208235
1244	95-99	0.0865410223902856
1244	100-104	0.11225678386073668
1244	105-109	0.08801269795511502
1244	110-114	0.11013012132143274
1244	115-119	0.16342304543275077
1244	120-124	0.13774613954822712
1244	125-129	0.16942478003687
1244	130-134	0.15658959589903532
1244	135-139	0.23656505962689778
1244	140-144	0.153448505411113
1244	145-149	0.19146009924917706
1244	150	0.2997649473901802
1245	1	-0.058046632635168294
1245	2	0.09098563309607499
1245	3	1.3436375137132472E-4
1245	4	0.053019007658619444
1245	5	0.04662549081715639
1245	6	-0.006983957027053123
1245	7	-0.021816854954501252
1245	8	0.02645759218366095
1245	9	1.1881668364566167E-4
1245	10-14	0.055177881158385844
1245	15-19	0.024830916262139624
1245	20-24	0.02687626635728435
1245	25-29	0.026895553385664073
1245	30-34	0.03936680860176267
1245	35-39	-0.014557248655705735
1245	40-44	0.001452438291245528
1245	45-49	-0.009932858720070215
1245	50-54	-0.010201568841111452
1245	55-59	0.02555592538599427
1245	60-64	0.018288867928731634
1245	65-69	0.04407030490559549
1245	70-74	0.0031399349641318963
1245	75-79	0.023956218525832185
1245	80-84	0.023911447848782075
1245	85-89	0.006631284121183967
1245	90-94	0.027890979998332455
1245	95-99	0.013226994811446957
1245	100-104	0.047540385969760734
1245	105-109	0.046302952137054376
1245	110-114	0.06591171549798958
1245	115-119	0.08897452039319376
1245	120-124	0.049952103685598104
1245	125-129	0.094642223809835
1245	130-134	0.12429287340358286
1245	135-139	0.07368472270735538
1245	140-144	0.10046118292250839
1245	145-149	0.10855073670461479
1245	150	0.07991953280811259
1246	1	-0.046203490317047624
1246	2	0.025108651484956113
1246	3	-0.010963677094473212
1246	4	-0.07340483837812428
1246	5	-0.09242165289246884
1246	6	-0.03604702088870937
1246	7	-0.06398832735246174
1246	8	-0.011855429627104286
1246	9	-0.010939582075188525
1246	10-14	-0.01132285768019159
1246	15-19	-0.013269029330928106
1246	20-24	-0.01133748506057941
1246	25-29	0.01819865760883488
1246	30-34	-0.0037850621606381196
1246	35-39	0.0050642905419238105
1246	40-44	0.003326710659365517
1246	45-49	0.024910241661864063
1246	50-54	-0.016948587815811322
1246	55-59	0.019133053883884088
1246	60-64	-0.010826538170036315
1246	65-69	0.044619274399444464
1246	70-74	-0.008843537589093842
1246	75-79	0.029740090785082884
1246	80-84	0.04933773563619326
1246	85-89	0.025203299065147178
1246	90-94	0.03765292651289798
1246	95-99	0.022589290359910308
1246	100-104	0.020416306512700544
1246	105-109	0.030867442976195036
1246	110-114	0.07343068152958665
1246	115-119	0.06871740475328636
1246	120-124	0.12872954722796948
1246	125-129	0.12684394991072878
1246	130-134	0.12196831464433444
1246	135-139	0.12103023992601436
1246	140-144	0.13943075844660058
1246	145-149	0.15118213989960338
1246	150	0.1730058518925972
1247	1	-0.010741678851701408
1247	2	0.010484896876270966
1247	3	0.0237309855415333
1247	4	0.01841571254627894
1247	5	0.023293465890418474
1247	6	0.0066645134581975185
1247	7	0.0188082951680002
1247	8	-0.04671799584686909
1247	9	-0.019707961407050334
1247	10-14	0.01227437217516325
1247	15-19	0.0045638999454524765
1247	20-24	0.014720877531992471
1247	25-29	0.026822189318899348
1247	30-34	0.025409604397069074
1247	35-39	0.02764711279231591
1247	40-44	0.013174433691595766
1247	45-49	0.0598063521174339
1247	50-54	0.026083887710484532
1247	55-59	0.05989334976629834
1247	60-64	0.03881280201356674
1247	65-69	0.048038378708156415
1247	70-74	0.04649777546617884
1247	75-79	0.058993947688186665
1247	80-84	0.06478227519458812
1247	85-89	0.045394612476108875
1247	90-94	0.06197924644391861
1247	95-99	0.06276570859797204
1247	100-104	0.07993831848101252
1247	105-109	0.07585735872891064
1247	110-114	0.08562484118446889
1247	115-119	0.1222003598490673
1247	120-124	0.1200137916700541
1247	125-129	0.15935395070783187
1247	130-134	0.1815068160031572
1247	135-139	0.1398861133502436
1247	140-144	0.18167057583755053
1247	145-149	0.1701142767549797
1247	150	0.24020194230187997
1248	1	-0.03188070513358099
1248	2	-0.03144973183879074
1248	3	-6.399796333766972E-6
1248	4	0.04739606492580606
1248	5	-0.036484186493474624
1248	6	-0.022876201793721407
1248	7	0.02375151050110702
1248	8	0.02610803011855012
1248	9	0.02596723275959789
1248	10-14	0.004284129855207652
1248	15-19	0.014314542687841936
1248	20-24	0.03182517117866723
1248	25-29	0.021856200497460065
1248	30-34	0.02696932622642123
1248	35-39	0.014595744803614252
1248	40-44	0.00667411774610116
1248	45-49	0.0342390196957183
1248	50-54	0.004679198868700496
1248	55-59	0.05468883020182602
1248	60-64	0.032860000534633116
1248	65-69	0.06248873905663288
1248	70-74	0.05130601145425828
1248	75-79	0.07566343919741314
1248	80-84	0.0736912762714681
1248	85-89	0.031130953858792054
1248	90-94	0.08055549113656468
1248	95-99	0.04948705888546101
1248	100-104	0.12346145798453279
1248	105-109	0.07662635270006746
1248	110-114	0.13058728647600049
1248	115-119	0.12497013316577466
1248	120-124	0.1717991136459034
1248	125-129	0.128650321446365
1248	130-134	0.19054032932820775
1248	135-139	0.1958989784607681
1248	140-144	0.1729380315319773
1248	145-149	0.16833483474631095
1248	150	0.3150419958653359
1249	1	0.05073261559937947
1249	2	0.023388245155814502
1249	3	0.0032699050506508343
1249	4	9.196940203324289E-4
1249	5	-0.007918834055999469
1249	6	0.014241898998214708
1249	7	-0.027745661147562828
1249	8	0.03445641560851698
1249	9	-0.009996269038815342
1249	10-14	0.034070941016643985
1249	15-19	0.029879870754008664
1249	20-24	0.024939384580278556
1249	25-29	0.05393476023559174
1249	30-34	0.02009545152142067
1249	35-39	0.020606933125151272
1249	40-44	-0.01733155242198592
1249	45-49	0.045861404217738766
1249	50-54	0.01933933877336358
1249	55-59	0.06125352984439303
1249	60-64	0.0362276120920626
1249	65-69	0.06732509241030726
1249	70-74	0.060691069973763945
1249	75-79	0.04726838766323027
1249	80-84	0.08953590173622672
1249	85-89	0.02994313866629028
1249	90-94	0.09535271574553406
1249	95-99	0.13479325541812415
1249	100-104	0.1585936645325745
1249	105-109	0.11624896023623421
1249	110-114	0.11143145734356352
1249	115-119	0.16239155100381453
1249	120-124	0.2027282468942957
1249	125-129	0.18857620819190402
1249	130-134	0.20633797492644135
1249	135-139	0.23627834733741082
1249	140-144	0.17591198973374844
1249	145-149	0.23247241266355445
1249	150	0.212827222780561
1250	1	-0.019642609988487436
1250	2	0.017145061881180368
1250	3	-0.006966027281016807
1250	4	0.010404023807929264
1250	5	-0.03366534915856079
1250	6	-0.004304012037607663
1250	7	0.029310397102747743
1250	8	0.011227827043299499
1250	9	0.011369512651036473
1250	10-14	-0.015326375670348114
1250	15-19	-0.025271601123144194
1250	20-24	-0.0319913530273368
1250	25-29	-0.03938266219877562
1250	30-34	-0.022690833093264473
1250	35-39	9.900263966997613E-4
1250	40-44	0.011370632321757057
1250	45-49	0.028446565311128325
1250	50-54	0.0038987841886779506
1250	55-59	-0.01689842578597478
1250	60-64	-0.006899379373535908
1250	65-69	0.01045358333234958
1250	70-74	0.03740454705260987
1250	75-79	0.052292004102270084
1250	80-84	0.08649069312435387
1250	85-89	0.06897822059195846
1250	90-94	0.06786999073335664
1250	95-99	0.0467864436016967
1250	100-104	0.10620890400826255
1250	105-109	0.08468667834912935
1250	110-114	0.10053323830511829
1250	115-119	0.10967891826176412
1250	120-124	0.11030573219873219
1250	125-129	0.11897731279147905
1250	130-134	0.17944630351448154
1250	135-139	0.1727540623907018
1250	140-144	0.15490557777236091
1250	145-149	0.17024296191087274
1250	150	0.2998678134235959
1251	1	-0.030022979470153643
1251	2	0.03102510542529302
1251	3	-0.03637045502831171
1251	4	-0.03873195576665012
1251	5	-0.005930904635491174
1251	6	0.03957506298593216
1251	7	-0.03899648239541875
1251	8	-0.025488484344286633
1251	9	-0.04783184384959327
1251	10-14	0.016045667750830717
1251	15-19	0.0023562525280311775
1251	20-24	0.001822202115079108
1251	25-29	0.0015238587680883597
1251	30-34	-0.008899403821352792
1251	35-39	-0.0015287346689163428
1251	40-44	0.01084473636873895
1251	45-49	0.018434689318929998
1251	50-54	-0.018016674328976023
1251	55-59	0.038954976651837114
1251	60-64	0.01146652269795112
1251	65-69	0.037240968405399144
1251	70-74	0.030325769518569246
1251	75-79	0.02663387471221057
1251	80-84	0.03826074489553122
1251	85-89	0.027772315975859385
1251	90-94	0.03977122522182697
1251	95-99	0.010457129450074376
1251	100-104	0.056778687166868735
1251	105-109	0.016562280994087075
1251	110-114	0.07792498379362911
1251	115-119	0.07838671524554286
1251	120-124	0.10665791201333974
1251	125-129	0.12341753291369173
1251	130-134	0.13493282964201825
1251	135-139	0.20372422337955243
1251	140-144	0.12458389670655379
1251	145-149	0.1641530581839703
1251	150	0.2944097889625539
1252	1	-0.031437206862534595
1252	2	7.918717053456703E-5
1252	3	-0.017721316458619185
1252	4	-0.02403798814318492
1252	5	-0.002448614003249361
1252	6	-0.028483763325134248
1252	7	-0.021078732044699677
1252	8	0.02279322622143809
1252	9	0.02769849142254799
1252	10-14	-0.04332212279472003
1252	15-19	-0.035656010834777874
1252	20-24	-0.04920839324123705
1252	25-29	-0.022275766080198878
1252	30-34	-0.012165934928994204
1252	35-39	-0.04981561539273116
1252	40-44	-0.03224790088476226
1252	45-49	-0.0709773943493559
1252	50-54	-0.05767077814196142
1252	55-59	-0.03651319062169733
1252	60-64	-0.0283697976626911
1252	65-69	-0.003428125713540453
1252	70-74	-0.025488987499763027
1252	75-79	0.025044870755770887
1252	80-84	0.03147913678720471
1252	85-89	0.017479413909370578
1252	90-94	0.016455577612241257
1252	95-99	0.02219427104619598
1252	100-104	0.015134702992597227
1252	105-109	0.014814641454989896
1252	110-114	0.01982526909808513
1252	115-119	0.04405749597094655
1252	120-124	0.06856456543935252
1252	125-129	0.05503513036644847
1252	130-134	0.08841048604718083
1252	135-139	0.10704794147984131
1252	140-144	0.10080747451900862
1252	145-149	0.0999035034795952
1252	150	0.19538991222669466
1253	1	-0.05373420162354137
1253	2	0.0397381283378877
1253	3	0.004094411460329184
1253	4	0.012817795950155642
1253	5	-0.02317678373017884
1253	6	-0.05973013273561634
1253	7	-0.018927234440774043
1253	8	-0.027004463880103913
1253	9	-0.02332190371325993
1253	10-14	-0.019017011927807914
1253	15-19	-0.04287509553865476
1253	20-24	-0.036689144847350974
1253	25-29	-0.006586767963320028
1253	30-34	-0.0028028486201350233
1253	35-39	-0.03056167702954582
1253	40-44	-0.007326531360284605
1253	45-49	-0.007323395799325283
1253	50-54	0.0018861736675148677
1253	55-59	0.0166254716799088
1253	60-64	-0.0035574392955837197
1253	65-69	0.03443376369767748
1253	70-74	0.037391810614387566
1253	75-79	0.010935595141027932
1253	80-84	0.0504000777083391
1253	85-89	0.021656490925742844
1253	90-94	0.09203437907314793
1253	95-99	0.054567538964327866
1253	100-104	0.07623818334295862
1253	105-109	0.042343123059247034
1253	110-114	0.08406629008597122
1253	115-119	0.09470546215688103
1253	120-124	0.10479367672575535
1253	125-129	0.09774762415398186
1253	130-134	0.12468942475234712
1253	135-139	0.16064196291912225
1253	140-144	0.1223548237896992
1253	145-149	0.1382364735639996
1253	150	0.20927410725033013
1254	1	-0.01218430838847695
1254	2	-0.02209258360911548
1254	3	-0.060206148602524934
1254	4	-0.059654036889654094
1254	5	-0.02449947424509702
1254	6	-0.010069320499958678
1254	7	-0.007775205411505226
1254	8	-0.04136476294121394
1254	9	-0.06945228383607116
1254	10-14	-0.031621532235249106
1254	15-19	-0.029351197507772042
1254	20-24	-0.00782583562158834
1254	25-29	-0.0024731683466470145
1254	30-34	-0.004453344328567255
1254	35-39	-0.06992915844236336
1254	40-44	-0.05377848631338367
1254	45-49	-0.05808831281666471
1254	50-54	-0.025258344424898382
1254	55-59	0.0032905766266608794
1254	60-64	-0.020468801413557003
1254	65-69	-0.011012570256582421
1254	70-74	-0.01798174003474884
1254	75-79	0.0018283364558797643
1254	80-84	0.04808641075970144
1254	85-89	0.012880836212296742
1254	90-94	0.025474784731272848
1254	95-99	0.029844044594916852
1254	100-104	0.07330840779477654
1254	105-109	0.007302697728221119
1254	110-114	0.044953418568447034
1254	115-119	0.08031286430553308
1254	120-124	0.09209156268735796
1254	125-129	0.11685037660733855
1254	130-134	0.11608635752342877
1254	135-139	0.17119546416762432
1254	140-144	0.12666217026882265
1254	145-149	0.16473825490650285
1254	150	0.17982972260146823
1255	1	-0.06832209691192048
1255	2	0.01905486905306475
1255	3	-0.03218760770975848
1255	4	0.007613315849006597
1255	5	0.03612249997416228
1255	6	-0.016417824419292515
1255	7	0.010678275537010506
1255	8	0.03569850196308977
1255	9	-0.04605933410361018
1255	10-14	-0.01662051521929442
1255	15-19	0.007555113209633646
1255	20-24	-0.015052165852679877
1255	25-29	-0.007153105873200616
1255	30-34	-0.006977524572555183
1255	35-39	0.015260547818641612
1255	40-44	0.005118947197779278
1255	45-49	0.02009266573809043
1255	50-54	0.03342533033004713
1255	55-59	0.05810196651801647
1255	60-64	0.007320641825145913
1255	65-69	0.03195476666385133
1255	70-74	0.026019742484194808
1255	75-79	0.029306235464623853
1255	80-84	0.07596977761522083
1255	85-89	0.05595879227159628
1255	90-94	0.04406359346778288
1255	95-99	0.044105366777159816
1255	100-104	0.06360269305142907
1255	105-109	0.07071812401075306
1255	110-114	0.0678803859697581
1255	115-119	0.12452309511524362
1255	120-124	0.07719891281406177
1255	125-129	0.11038278821398961
1255	130-134	0.15804801082146014
1255	135-139	0.13457428872870736
1255	140-144	0.17046802757528923
1255	145-149	0.19508996335313356
1255	150	0.3495862818117459
1256	1	-0.07246902337559646
1256	2	-0.0021239764051230736
1256	3	-0.025898381489419364
1256	4	-0.014790440425151985
1256	5	0.006814741488661014
1256	6	0.06662999538851011
1256	7	0.013970156415062718
1256	8	-0.007358800103894225
1256	9	-0.029920080915424307
1256	10-14	-0.008266282507122469
1256	15-19	-0.018490771321189925
1256	20-24	-0.0057072048514186235
1256	25-29	0.013916841764633148
1256	30-34	0.013694541257741832
1256	35-39	0.011986098089110442
1256	40-44	0.011902537926907542
1256	45-49	0.01989385425144974
1256	50-54	0.025644112040033917
1256	55-59	0.01591375848916954
1256	60-64	0.027376200152509966
1256	65-69	0.07297413273234099
1256	70-74	0.03702490212201326
1256	75-79	-0.007878536762568444
1256	80-84	0.06569976974933667
1256	85-89	0.07288690980306001
1256	90-94	0.04735848217842431
1256	95-99	0.04945439986608591
1256	100-104	0.07887022815761213
1256	105-109	0.04211111019140645
1256	110-114	0.07123168269816205
1256	115-119	0.08451044258266194
1256	120-124	0.11117109669956449
1256	125-129	0.06796688636537596
1256	130-134	0.15593849376245572
1256	135-139	0.14721410273934055
1256	140-144	0.13254988864002115
1256	145-149	0.12731743475395518
1256	150	0.26483983986795323
1257	1	-0.05296875555542613
1257	2	0.06283951571170832
1257	3	0.04495519598493303
1257	4	-0.07807023717112571
1257	5	0.0033674163856858286
1257	6	-0.07099062660852695
1257	7	-0.006405984602324111
1257	8	-0.05075114140403514
1257	9	-5.296048987304403E-4
1257	10-14	-0.006454514130737721
1257	15-19	-0.007482955244988432
1257	20-24	-0.009588748002954617
1257	25-29	0.006065907776580559
1257	30-34	-0.03583192553890058
1257	35-39	0.008538586057234454
1257	40-44	-0.03221831873266723
1257	45-49	0.005727064263638226
1257	50-54	-0.008172128387926136
1257	55-59	0.0099940760546815
1257	60-64	-0.04972802183714009
1257	65-69	-0.033680985881844094
1257	70-74	-0.05298389466334896
1257	75-79	-0.04077649338483269
1257	80-84	-0.0014075209898720686
1257	85-89	0.02503828127152019
1257	90-94	0.018549007909292925
1257	95-99	-0.018821472485498703
1257	100-104	0.024951136774518545
1257	105-109	0.006585155668986431
1257	110-114	0.029096046638059647
1257	115-119	0.06552562232258907
1257	120-124	0.06991458728980149
1257	125-129	0.09303950045710252
1257	130-134	0.13279931206155737
1257	135-139	0.18326814922722434
1257	140-144	0.1299768211344272
1257	145-149	0.16828497877737902
1257	150	0.21307824632572192
1258	1	-0.015764328365577285
1258	2	0.030868212239170134
1258	3	-0.053207077400351466
1258	4	0.008315718318669951
1258	5	-0.031577043669301474
1258	6	-0.018325491751205902
1258	7	-0.0751048773602605
1258	8	-0.007566922360041417
1258	9	-0.012198506442040014
1258	10-14	-0.018846662066529518
1258	15-19	-0.02897088513270063
1258	20-24	-0.006633357800602369
1258	25-29	-0.0016738316498532413
1258	30-34	-0.01803689514576945
1258	35-39	-0.018759376944586847
1258	40-44	-0.01947662304817044
1258	45-49	-0.03909520079865558
1258	50-54	-0.01513462869914406
1258	55-59	0.009831884476554364
1258	60-64	-0.025992458132485297
1258	65-69	0.005739979513727178
1258	70-74	0.030363974260254167
1258	75-79	-0.0014669457784037832
1258	80-84	-0.022280189930533822
1258	85-89	0.02351282679720157
1258	90-94	0.008562114838362334
1258	95-99	0.03169097820789801
1258	100-104	0.05573157703928899
1258	105-109	0.03910195281213191
1258	110-114	0.04916092326931221
1258	115-119	0.10347366766509225
1258	120-124	0.10684511167367106
1258	125-129	0.10829712186069429
1258	130-134	0.12013842761949434
1258	135-139	0.16171587623318828
1258	140-144	0.14076476631652213
1258	145-149	0.11517136286553864
1258	150	0.2240921570990153
1259	1	-0.03469038000987723
1259	2	8.134625372377968E-4
1259	3	-0.0048829649946142695
1259	4	0.017239916179725867
1259	5	-0.007429161887706925
1259	6	-0.013505477575009195
1259	7	0.004273925739170181
1259	8	-0.03263049841633858
1259	9	-0.07865210356357721
1259	10-14	-0.013020201772320661
1259	15-19	-0.015222496306726896
1259	20-24	-0.01838756995871904
1259	25-29	-0.011599943368814536
1259	30-34	-0.006152438274042993
1259	35-39	-0.0011719149889088953
1259	40-44	5.053958638256972E-5
1259	45-49	0.01689660700792217
1259	50-54	0.01201222292638704
1259	55-59	0.008433886633554266
1259	60-64	0.009538861384392305
1259	65-69	0.03595677084420856
1259	70-74	-0.01739300133237265
1259	75-79	-0.017276464306640094
1259	80-84	0.02422353576499603
1259	85-89	0.03046243446343766
1259	90-94	0.05552171480508861
1259	95-99	0.039878212804083546
1259	100-104	0.05962971173876497
1259	105-109	0.051546668125773465
1259	110-114	0.013276869502128363
1259	115-119	0.08510623040756826
1259	120-124	0.08163316186338676
1259	125-129	0.07444282744650366
1259	130-134	0.10246255993163089
1259	135-139	0.14560420703200805
1259	140-144	0.16334764980081928
1259	145-149	0.14380614659319235
1259	150	0.2270950015809987
1260	1	-0.011728354562059451
1260	2	0.12309333262796684
1260	3	-0.03567208887872653
1260	4	0.009967078117817607
1260	5	0.04961508700899486
1260	6	6.815125263983646E-4
1260	7	0.058948132794931496
1260	8	5.974509413420037E-4
1260	9	0.05702580703179905
1260	10-14	0.04056892684814528
1260	15-19	0.030996166728378682
1260	20-24	0.03647619787031431
1260	25-29	0.04297748764366105
1260	30-34	0.0449808086606609
1260	35-39	0.03788300588130511
1260	40-44	0.02488201636032983
1260	45-49	0.015766746037336077
1260	50-54	0.03852372329697573
1260	55-59	0.06264683091495726
1260	60-64	0.0410798156515213
1260	65-69	0.06082680370468552
1260	70-74	0.042054843045782775
1260	75-79	0.04593090450921267
1260	80-84	0.07592642293469254
1260	85-89	0.06751722840989771
1260	90-94	0.079842862259774
1260	95-99	0.05897991984887341
1260	100-104	0.11142663424995192
1260	105-109	0.12402974262909083
1260	110-114	0.09798581561847186
1260	115-119	0.11454488013031039
1260	120-124	0.15824083292807956
1260	125-129	0.14350822019239473
1260	130-134	0.23131923626126394
1260	135-139	0.2565400728802416
1260	140-144	0.24102201265084489
1260	145-149	0.2583081976625792
1260	150	0.22516546768523682
1261	1	-0.1349030927839152
1261	2	-0.10730572850072662
1261	3	-0.11114023853529176
1261	4	-0.10515760620113213
1261	5	-0.059883609169411045
1261	6	-0.09618381784900976
1261	7	-0.07469201571090878
1261	8	-0.11514219734662134
1261	9	-0.1221356918418266
1261	10-14	-0.06760716813200673
1261	15-19	-0.07545070781489471
1261	20-24	-0.08669903025423764
1261	25-29	-0.08122672666264208
1261	30-34	-0.09254807858795999
1261	35-39	-0.09955631082418392
1261	40-44	-0.13639849675286797
1261	45-49	-0.12511073501364223
1261	50-54	-0.11179755761349952
1261	55-59	-0.09482896176803024
1261	60-64	-0.055761182889924044
1261	65-69	-0.057187734974348814
1261	70-74	-0.07028126068730245
1261	75-79	-0.11121229867602977
1261	80-84	-0.07681465069795479
1261	85-89	-0.07052058609062328
1261	90-94	-0.06572407627567145
1261	95-99	-0.06227113378214
1261	100-104	-0.0990534731149495
1261	105-109	-0.07603416245606809
1261	110-114	-0.11327699295559057
1261	115-119	-0.07378629082693777
1261	120-124	-0.03937328650312111
1261	125-129	-0.058404849840009376
1261	130-134	-0.023880332406633897
1261	135-139	0.011812228797765556
1261	140-144	-0.028568066710668916
1261	145-149	0.011460952861739315
1261	150	0.15123180214344245
1262	1	-0.057066432581365234
1262	2	-0.08661836585626759
1262	3	-0.03583070483405493
1262	4	-0.08215560886064566
1262	5	-0.05995857932111903
1262	6	-0.04689951242868062
1262	7	-0.0909299731720381
1262	8	-0.08223639550923423
1262	9	-0.047552397116291445
1262	10-14	-0.027983930721056538
1262	15-19	-0.057439339663694966
1262	20-24	0.0018563086699572295
1262	25-29	-0.021384836696284992
1262	30-34	0.016696547642297332
1262	35-39	-0.0012909166704559993
1262	40-44	0.004725582605878742
1262	45-49	-0.029681677994254585
1262	50-54	-0.018902381741128238
1262	55-59	0.02246895265950144
1262	60-64	0.017733660712529797
1262	65-69	-0.001240837670906103
1262	70-74	-0.03744745035866259
1262	75-79	-0.034073639914048215
1262	80-84	0.016034883199417038
1262	85-89	0.04197753392742243
1262	90-94	0.014777012120454458
1262	95-99	0.05408080947076854
1262	100-104	0.033961924452782455
1262	105-109	0.006864623531548375
1262	110-114	0.058860194356789464
1262	115-119	0.07478579815217756
1262	120-124	0.11409457334375617
1262	125-129	0.061754413157572685
1262	130-134	0.13230819241265834
1262	135-139	0.1431800977088784
1262	140-144	0.12730136754604615
1262	145-149	0.1682023962974455
1262	150	0.22140212278014815
1263	1	-0.06983802964863628
1263	2	-0.07304891781624434
1263	3	-0.07389966531358283
1263	4	-0.028420139665414013
1263	5	-0.01368770902915628
1263	6	-0.07719659693069048
1263	7	-0.06526234564332611
1263	8	-0.07906026257739285
1263	9	-0.03046931435281408
1263	10-14	0.002204190729379718
1263	15-19	-0.02746803864459224
1263	20-24	-0.05192752007307888
1263	25-29	-0.007650054467632117
1263	30-34	0.0050199281921976535
1263	35-39	-0.024915244549994497
1263	40-44	-0.05917765370912775
1263	45-49	-0.006123128525118204
1263	50-54	-0.013914705223911028
1263	55-59	0.015380037477171982
1263	60-64	2.0849954159984918E-4
1263	65-69	0.006653124413880107
1263	70-74	-0.005745365111458511
1263	75-79	-0.02746307280001048
1263	80-84	0.00908291725374255
1263	85-89	0.019807826081709834
1263	90-94	0.050633133584121026
1263	95-99	-0.020143311385325546
1263	100-104	0.018778322435906603
1263	105-109	0.002895986728383093
1263	110-114	-0.019506063149371755
1263	115-119	0.027930616554876053
1263	120-124	0.022880363974557838
1263	125-129	0.026911920866353967
1263	130-134	0.04052109097167289
1263	135-139	0.091939848862026
1263	140-144	0.08723331616439367
1263	145-149	0.07450911663873683
1263	150	0.21429052319974318
1264	1	-0.0645860957979636
1264	2	0.027831297250749287
1264	3	0.0013366348262806582
1264	4	0.020019230111358866
1264	5	0.0077585194292169035
1264	6	-0.032248607189664824
1264	7	0.019882166022192393
1264	8	0.014946031633293444
1264	9	-0.023220728633162935
1264	10-14	0.0344960437916626
1264	15-19	-0.005574288422906193
1264	20-24	0.016545350449469254
1264	25-29	0.009014660543464004
1264	30-34	0.034390791148041444
1264	35-39	0.01581062290495794
1264	40-44	0.03248244866598782
1264	45-49	4.546118499817453E-4
1264	50-54	-0.00114718503664335
1264	55-59	0.054872488059686475
1264	60-64	0.036977805328071156
1264	65-69	0.0444093509865624
1264	70-74	0.011649429573566294
1264	75-79	-0.006841195384502896
1264	80-84	0.04522961325693586
1264	85-89	0.056733482227798504
1264	90-94	0.06449746506067555
1264	95-99	0.029066493384782177
1264	100-104	0.07979451408020566
1264	105-109	0.05020584927956406
1264	110-114	0.07959798780292715
1264	115-119	0.11281071606854454
1264	120-124	0.13567160881380147
1264	125-129	0.0800632159006156
1264	130-134	0.13861276053562932
1264	135-139	0.2115043471178879
1264	140-144	0.1676891634209312
1264	145-149	0.20633850463150338
1264	150	0.26791048943572804
1265	1	-0.03814566941356645
1265	2	-0.011985693131109088
1265	3	0.002877956203754195
1265	4	-0.05695113153579712
1265	5	0.006830072326813763
1265	6	0.002401759086239963
1265	7	-0.0030251410940351775
1265	8	-0.008545655106509287
1265	9	-0.027659934315387602
1265	10-14	-0.033667451993089514
1265	15-19	-0.04447473420106718
1265	20-24	-0.0032185224217471387
1265	25-29	-0.020130521663524803
1265	30-34	-0.0402368838145577
1265	35-39	-0.01190240506721807
1265	40-44	0.006668678397268479
1265	45-49	-0.002515914239594963
1265	50-54	-0.013248833071571653
1265	55-59	0.03655737897737765
1265	60-64	0.01584822513912343
1265	65-69	0.00783373814491739
1265	70-74	0.01701305395402386
1265	75-79	0.021589079943431955
1265	80-84	0.014801954216537183
1265	85-89	0.07369306376100582
1265	90-94	0.08038293309292754
1265	95-99	0.09957951457044345
1265	100-104	0.060595000620942585
1265	105-109	0.1010120042982976
1265	110-114	0.04740841092892367
1265	115-119	0.10237747990704804
1265	120-124	0.10992776572493312
1265	125-129	0.11721821418876033
1265	130-134	0.14935611421255857
1265	135-139	0.20445986892455892
1265	140-144	0.1897376634929273
1265	145-149	0.18798355524105403
1265	150	0.29628502835529247
1266	1	-0.10604377389040565
1266	2	-0.043276269049648874
1266	3	-0.0963408483189312
1266	4	0.009727431658177466
1266	5	-0.08222002824889785
1266	6	-0.04361483303572555
1266	7	-0.07526430016267227
1266	8	-0.07437067191330016
1266	9	-0.1081552244390025
1266	10-14	-0.043990098181232895
1266	15-19	-0.05968994503020042
1266	20-24	-0.0676641545558141
1266	25-29	-0.05585982148516422
1266	30-34	-0.04414747257781926
1266	35-39	-0.10250526747769584
1266	40-44	-0.07888306575436843
1266	45-49	-0.07090517450233591
1266	50-54	-0.053150474704011685
1266	55-59	-0.034743974488179674
1266	60-64	-0.03701058987842032
1266	65-69	-0.05292841110997415
1266	70-74	-0.05019816741590688
1266	75-79	-0.08168771838304423
1266	80-84	-0.029842497157730463
1266	85-89	-0.018898079392208444
1266	90-94	-0.046638621117686796
1266	95-99	-0.057728978578303725
1266	100-104	-0.049585346610413694
1266	105-109	-0.03727563783059651
1266	110-114	-0.031043862647621268
1266	115-119	-0.02519655609879834
1266	120-124	-0.012884308307981485
1266	125-129	-0.010580047799265913
1266	130-134	0.03893775987329917
1266	135-139	0.10953319599748568
1266	140-144	0.07432089486653837
1266	145-149	0.06588817041636474
1266	150	0.14821027811611032
1267	1	-0.06225446251288247
1267	2	-0.09383506568698863
1267	3	-0.0612564338090138
1267	4	-0.08216879855743286
1267	5	-0.0769352496285336
1267	6	-0.09608596247760914
1267	7	-0.0916999723648999
1267	8	-0.061770892846062964
1267	9	-0.14575540671699372
1267	10-14	-0.028996539305914837
1267	15-19	-0.05822480636445704
1267	20-24	-0.076166563884847
1267	25-29	-0.05974377912388462
1267	30-34	-0.043326170147388154
1267	35-39	-0.06820877578547879
1267	40-44	-0.07474627492523211
1267	45-49	-0.07624632243131657
1267	50-54	-0.03185128778182644
1267	55-59	-0.03757764163248112
1267	60-64	-0.06987542944643366
1267	65-69	-0.032069984776043725
1267	70-74	-0.07811122252461189
1267	75-79	-0.09154787420149546
1267	80-84	-0.01616483996100726
1267	85-89	-0.027958478937080145
1267	90-94	-0.03401658303480559
1267	95-99	-0.029951045852754987
1267	100-104	0.021325924836489207
1267	105-109	0.027791207383430105
1267	110-114	-0.013844736505561173
1267	115-119	0.039747499189118685
1267	120-124	0.04519899797384852
1267	125-129	0.03880520505931884
1267	130-134	0.013039760520413779
1267	135-139	0.07763060886365736
1267	140-144	0.13249669457604085
1267	145-149	0.11214252965923066
1267	150	0.23122259480113172
1268	1	-0.06739181153705687
1268	2	0.003257487828236094
1268	3	0.038783620204540625
1268	4	-0.044057766189560255
1268	5	-0.03950639415300117
1268	6	0.05069811621714848
1268	7	0.01630428708977405
1268	8	-0.0011928349649323877
1268	9	-0.04817135019611385
1268	10-14	-0.005726505358651934
1268	15-19	-0.058964721023620825
1268	20-24	-0.05070486929567153
1268	25-29	-0.026590142836283803
1268	30-34	0.006388760787331194
1268	35-39	-0.01949656097171726
1268	40-44	0.022978055446564838
1268	45-49	0.008322902321339143
1268	50-54	-0.006787955218271691
1268	55-59	0.027601459259798844
1268	60-64	-0.007305989917860245
1268	65-69	-0.0243084685330075
1268	70-74	-3.977416398086575E-4
1268	75-79	-0.04223476884426702
1268	80-84	-0.029693669968722247
1268	85-89	-0.016061892383504528
1268	90-94	-0.008387281100304733
1268	95-99	7.267400056605311E-4
1268	100-104	0.023813058589318814
1268	105-109	0.04281068584571557
1268	110-114	-0.00439486369736386
1268	115-119	0.039002478468944446
1268	120-124	0.06903798280322349
1268	125-129	0.08392200308059472
1268	130-134	0.08211051901059818
1268	135-139	0.11611570483394473
1268	140-144	0.06375974036106413
1268	145-149	0.15545331747178182
1268	150	0.13611604907193708
1269	1	-0.029890290243628215
1269	2	-0.06896697082535042
1269	3	-0.08522909936881007
1269	4	-0.05857275555499086
1269	5	0.03093709241525744
1269	6	-0.019238227962063092
1269	7	0.0057727014718267355
1269	8	-0.09952692392972295
1269	9	-0.030339428489341458
1269	10-14	-0.008246721286461423
1269	15-19	-0.03345957804878452
1269	20-24	-0.010758187008164555
1269	25-29	-0.0294733115132928
1269	30-34	0.021396716093178725
1269	35-39	-0.006531440830769952
1269	40-44	-0.030195235589239644
1269	45-49	-2.1636621850262827E-4
1269	50-54	-0.01994920964673952
1269	55-59	-0.0063922380159695535
1269	60-64	-0.004285461261147816
1269	65-69	-0.01827582792872562
1269	70-74	0.012817855841774417
1269	75-79	-0.013885009999917486
1269	80-84	-0.012892509818094311
1269	85-89	0.0265197726537707
1269	90-94	0.03625098541426297
1269	95-99	0.013024800284092919
1269	100-104	0.04722919932310532
1269	105-109	0.021479330082378567
1269	110-114	-7.619837874912605E-4
1269	115-119	0.011994828090486465
1269	120-124	0.08830135135031725
1269	125-129	0.040885586102199056
1269	130-134	0.07306908321274364
1269	135-139	0.10422159309766954
1269	140-144	0.10847327579350008
1269	145-149	0.15377890948339967
1269	150	0.2548506717488124
1270	1	0.00980395440872428
1270	2	-0.05325107117335648
1270	3	0.0675996094416007
1270	4	0.03194592637807858
1270	5	0.013234548638315857
1270	6	-2.739893368541857E-4
1270	7	0.022563249621789794
1270	8	0.0014366185020193711
1270	9	0.029284021656707182
1270	10-14	-0.028271524291312744
1270	15-19	-0.0058070943207439996
1270	20-24	-0.035111817674859935
1270	25-29	-0.00610097532128151
1270	30-34	0.023117168601125115
1270	35-39	0.0016007575825867093
1270	40-44	-0.032846717760193656
1270	45-49	-0.008553986216156773
1270	50-54	-0.02254428412251741
1270	55-59	0.03386056389562242
1270	60-64	-0.008084665535172064
1270	65-69	0.0012388842771926534
1270	70-74	-0.03612328019994493
1270	75-79	-0.043148620715605546
1270	80-84	-0.022382748420156418
1270	85-89	-0.03293869210611433
1270	90-94	-0.0016189296803972297
1270	95-99	-0.01701019634622014
1270	100-104	-0.014231720809611659
1270	105-109	0.007360526716091442
1270	110-114	-0.010230179230894976
1270	115-119	0.05283894930649069
1270	120-124	0.061221580221690886
1270	125-129	0.042728736030390735
1270	130-134	0.07420469760347004
1270	135-139	0.10573486128082976
1270	140-144	0.11575371444878613
1270	145-149	0.1252346037138068
1270	150	0.24645566475572167
1271	1	-0.014000150660798738
1271	2	-0.036245358227517954
1271	3	-0.03424323733895562
1271	4	0.041194213322157225
1271	5	0.04472175368908182
1271	6	-0.030552647029509217
1271	7	0.027637197523773693
1271	8	-0.07912867093317288
1271	9	-0.021329939911232998
1271	10-14	-0.009530717158163782
1271	15-19	-0.03346416005832964
1271	20-24	0.011190402395484966
1271	25-29	9.82093068046197E-4
1271	30-34	0.0014879744500149172
1271	35-39	-0.022949140414908697
1271	40-44	0.019985989626640333
1271	45-49	0.013639271281661536
1271	50-54	-0.02714565993699125
1271	55-59	0.02766992682632008
1271	60-64	-0.026553039388346633
1271	65-69	-0.04188288018047359
1271	70-74	-0.015247199709463644
1271	75-79	-0.04188301997029242
1271	80-84	0.01600869509319125
1271	85-89	0.00851773096421482
1271	90-94	0.021234527240267198
1271	95-99	-0.0011968589199611301
1271	100-104	0.024825014421061553
1271	105-109	0.010021004469962236
1271	110-114	0.003278899417310299
1271	115-119	0.08445382865088646
1271	120-124	0.0635690563812048
1271	125-129	0.05524811963902465
1271	130-134	0.1110432060892137
1271	135-139	0.1380601828270045
1271	140-144	0.13425759117051683
1271	145-149	0.13599716362546133
1271	150	0.182350702632462
1272	1	0.02144627429544954
1272	2	-0.0026811568031703814
1272	3	-0.02486507405620131
1272	4	-0.06105568207862433
1272	5	-0.020485622692639538
1272	6	-0.012706896007138369
1272	7	-0.05861959017806129
1272	8	-0.09603032967429215
1272	9	-0.008185530008276487
1272	10-14	0.01387710281421306
1272	15-19	-0.03213496270547722
1272	20-24	-0.013740742077402501
1272	25-29	-0.021394581081771946
1272	30-34	-0.005818539494306663
1272	35-39	-6.571803830581757E-4
1272	40-44	0.0066292320673753125
1272	45-49	-0.013081667007057263
1272	50-54	-0.011133656895736976
1272	55-59	0.04486882729735697
1272	60-64	0.0318911541179574
1272	65-69	0.02119787041450394
1272	70-74	0.03591139969577739
1272	75-79	0.03617800298755469
1272	80-84	0.014692499535399861
1272	85-89	0.023970431873443943
1272	90-94	0.05969262231982242
1272	95-99	-0.0024775582275822217
1272	100-104	0.0658733460073222
1272	105-109	0.057777227560968925
1272	110-114	0.05930183476375106
1272	115-119	0.1118756941610286
1272	120-124	0.1403204521621504
1272	125-129	0.11403283420689547
1272	130-134	0.11303990390320706
1272	135-139	0.17967051587990568
1272	140-144	0.20890076162900328
1272	145-149	0.22224180432151996
1272	150	0.2860103255354147
1273	1	-0.008037863433536074
1273	2	-0.03121171614409235
1273	3	2.0095400627440085E-4
1273	4	-0.02429214466124563
1273	5	0.0074041870133711996
1273	6	-0.023087173258417693
1273	7	0.028125969850883337
1273	8	0.036208454432809845
1273	9	-0.04456244260265407
1273	10-14	-0.01871807747014742
1273	15-19	0.012371946382209842
1273	20-24	0.0062290736654659895
1273	25-29	0.05280799967221128
1273	30-34	0.02556105861119562
1273	35-39	-0.0147182946260358
1273	40-44	0.02894028083714062
1273	45-49	0.03211441969278894
1273	50-54	0.03237348745159352
1273	55-59	0.039459275755518775
1273	60-64	0.02086963895702354
1273	65-69	0.008193604668747412
1273	70-74	0.03352107286241335
1273	75-79	0.01242854119949044
1273	80-84	0.04230789883317243
1273	85-89	0.02436451398349959
1273	90-94	0.027763848288941517
1273	95-99	-5.917079858832608E-4
1273	100-104	0.00755745000095942
1273	105-109	0.051118358494058214
1273	110-114	0.04855681627588382
1273	115-119	0.01771417287447008
1273	120-124	0.08806684225815786
1273	125-129	0.10255646892411363
1273	130-134	0.14720874931096972
1273	135-139	0.12782523683089408
1273	140-144	0.1867674448674066
1273	145-149	0.20277420135104052
1273	150	0.19112855460728895
1274	1	0.029187094676096592
1274	2	-0.027082176404874758
1274	3	0.0039682224898243135
1274	4	0.004956763897439487
1274	5	-0.025347955102731135
1274	6	-0.022714941746812656
1274	7	-0.04182927069811626
1274	8	-0.0282364287721677
1274	9	-0.007859428347153141
1274	10-14	-0.0010991515735625512
1274	15-19	-0.020716420479587327
1274	20-24	0.0018501925812302034
1274	25-29	-0.0021889020711896023
1274	30-34	0.02369636648446516
1274	35-39	-0.007600440118046947
1274	40-44	-0.01329159215814002
1274	45-49	0.026456165769722872
1274	50-54	0.007349543172608719
1274	55-59	-4.0098978666947005E-4
1274	60-64	0.009402528515416009
1274	65-69	0.008287733494526606
1274	70-74	0.0011343663664789005
1274	75-79	0.016566904138876737
1274	80-84	0.023293893655598197
1274	85-89	0.024247547084165433
1274	90-94	0.06065013654226448
1274	95-99	0.09236960831923113
1274	100-104	0.04078701450860933
1274	105-109	0.05159439702703139
1274	110-114	0.08409830603049073
1274	115-119	0.09168330842121719
1274	120-124	0.12295461309118139
1274	125-129	0.10527771661804763
1274	130-134	0.12213280015588168
1274	135-139	0.19258136481224852
1274	140-144	0.2065869350609688
1274	145-149	0.2289599257481143
1274	150	0.20958363076799458
1275	1	-0.015551399982989267
1275	2	-0.04078594190437457
1275	3	-0.03735005081671261
1275	4	-0.009095658963225617
1275	5	-0.010341080515892997
1275	6	-0.06144565295150528
1275	7	-5.435575186893971E-4
1275	8	-0.0076615964480239995
1275	9	-0.007770019998098121
1275	10-14	-0.0495189470044437
1275	15-19	-0.03187278723403608
1275	20-24	-0.02536225925618396
1275	25-29	0.00562214922315718
1275	30-34	0.01357347576470147
1275	35-39	-0.05643440036582348
1275	40-44	0.012587900875402624
1275	45-49	0.0012882787142913799
1275	50-54	0.026678959434654814
1275	55-59	0.020049762053062636
1275	60-64	-4.007097564269202E-4
1275	65-69	-0.008814077270940857
1275	70-74	-0.013373405471867272
1275	75-79	-0.030672771484816508
1275	80-84	-0.004841576185278029
1275	85-89	-0.005038052046813846
1275	90-94	-0.006243817411721864
1275	95-99	-0.005313272234737099
1275	100-104	0.03483382646735578
1275	105-109	0.048965756364822255
1275	110-114	0.030958911374284526
1275	115-119	0.05881134328906512
1275	120-124	0.03480547855696159
1275	125-129	0.03903302919878371
1275	130-134	0.08615470449739604
1275	135-139	0.11182489273898
1275	140-144	0.1894491497550561
1275	145-149	0.17405242818924194
1275	150	0.18129134431490712
1276	1	-0.022566371054679735
1276	2	-0.06562546193359964
1276	3	0.004716745910421594
1276	4	0.008665977433942373
1276	5	0.002473228606255873
1276	6	-0.0417804924803562
1276	7	-0.01147304868578658
1276	8	-0.0602891443846616
1276	9	-0.04762349461557136
1276	10-14	-0.029822621433268637
1276	15-19	-0.015292195185374169
1276	20-24	-0.040646870208611574
1276	25-29	-0.0576598746377357
1276	30-34	-0.02432670944352111
1276	35-39	-0.0745612649114662
1276	40-44	0.0037876425191925023
1276	45-49	-0.00422822634738651
1276	50-54	-0.03469969917779281
1276	55-59	-0.04061695226126005
1276	60-64	-0.015748886218659663
1276	65-69	-0.04089410063593846
1276	70-74	0.03452728268389649
1276	75-79	-0.017050710970522687
1276	80-84	0.002586517758267348
1276	85-89	-0.0011316144065744993
1276	90-94	-0.00475948687460459
1276	95-99	-0.013694795883417044
1276	100-104	-0.0024706217947851883
1276	105-109	-1.5105893607625376E-4
1276	110-114	0.029394109231205334
1276	115-119	0.051814743037951416
1276	120-124	0.050063618586371206
1276	125-129	0.06609464203683046
1276	130-134	0.08653999760551301
1276	135-139	0.076144453251068
1276	140-144	0.12705580772161085
1276	145-149	0.13460390575204428
1276	150	0.1898293640604507
1277	1	0.00100283215610375
1277	2	0.002116692883099347
1277	3	-0.07562939472382624
1277	4	0.016904314112672125
1277	5	-0.0032931685460937388
1277	6	-0.052668791209150356
1277	7	-0.02244130030216951
1277	8	0.03750781027407868
1277	9	-0.012261461960690667
1277	10-14	-0.012456836529565862
1277	15-19	-0.028440835133601183
1277	20-24	-0.034942831879071434
1277	25-29	0.01244271089690585
1277	30-34	0.008546640088574975
1277	35-39	-0.007583043325027461
1277	40-44	-0.04507278520881641
1277	45-49	-0.01602750960630317
1277	50-54	0.017836080846791447
1277	55-59	0.020551843787778523
1277	60-64	0.017757459847999257
1277	65-69	-0.003326918616437524
1277	70-74	0.007002280795816773
1277	75-79	-0.004552511017870131
1277	80-84	0.034929653404205396
1277	85-89	0.02791900374441525
1277	90-94	0.054455544091077
1277	95-99	0.04046237554731391
1277	100-104	0.029610339252215567
1277	105-109	0.07828824297997983
1277	110-114	0.08035220838119983
1277	115-119	0.09810921018738838
1277	120-124	0.14061200459006074
1277	125-129	0.10094917539878168
1277	130-134	0.13718562049498217
1277	135-139	0.17095434145212351
1277	140-144	0.19436168997293635
1277	145-149	0.21293252275091845
1277	150	0.23173114426354147
1278	1	-0.012886660728021582
1278	2	-0.062261549257279114
1278	3	-0.00899368949843904
1278	4	0.04142201331242745
1278	5	-0.02524170992249708
1278	6	-0.031907363278101286
1278	7	-0.036170519592502615
1278	8	-0.03793245245775978
1278	9	-0.046120531189828284
1278	10-14	-0.03541989514817345
1278	15-19	-0.026597489624840875
1278	20-24	0.004373409366557723
1278	25-29	-0.03684707148443778
1278	30-34	-0.014002424888062137
1278	35-39	-0.03755156733513587
1278	40-44	-0.011605304072553224
1278	45-49	-0.05492217066095151
1278	50-54	-0.003213503160026221
1278	55-59	-0.00625222174380724
1278	60-64	-0.029743313358110868
1278	65-69	-0.01196320876741197
1278	70-74	0.014997724440178217
1278	75-79	0.017320899621687147
1278	80-84	0.016106796778593946
1278	85-89	0.007871074371024633
1278	90-94	0.01780342974443272
1278	95-99	0.032606242896903836
1278	100-104	0.03847905045843447
1278	105-109	0.09143094767100735
1278	110-114	0.04277252554896194
1278	115-119	0.04830004575568125
1278	120-124	0.08539457792402061
1278	125-129	0.07755587004140096
1278	130-134	0.11141417546431853
1278	135-139	0.14949381789836025
1278	140-144	0.18869084638874511
1278	145-149	0.21383395880630474
1278	150	0.20729054989681828
1279	1	0.03662199179522929
1279	2	-0.01765748849575033
1279	3	-0.006258652965833278
1279	4	0.034548978456193424
1279	5	0.008706416642745296
1279	6	-0.07719100163335213
1279	7	-0.05796580934276108
1279	8	-0.06134013496343016
1279	9	-0.037998167398775706
1279	10-14	-0.008954980753017594
1279	15-19	-0.027956467815897668
1279	20-24	-0.03243012011822799
1279	25-29	0.012930451811882904
1279	30-34	-0.011161385224610854
1279	35-39	-0.037855797559643634
1279	40-44	-0.030223243341339412
1279	45-49	-0.02602013118699631
1279	50-54	-0.024251744001865916
1279	55-59	0.01418448805724637
1279	60-64	0.004984314106103227
1279	65-69	-0.010619558462693135
1279	70-74	0.023843560926728458
1279	75-79	0.034582409447253326
1279	80-84	0.005895450934637836
1279	85-89	0.019629465907591737
1279	90-94	0.016399618370805058
1279	95-99	0.03516394675828849
1279	100-104	0.02883878342841939
1279	105-109	0.09011299281549157
1279	110-114	0.07761747506241079
1279	115-119	0.06204724824495855
1279	120-124	0.09170364922071172
1279	125-129	0.07529996270431383
1279	130-134	0.11979604249513187
1279	135-139	0.14073398395193237
1279	140-144	0.11435828811517723
1279	145-149	0.19230189806955167
1279	150	0.22965373252621646
1280	1	0.006892118914230139
1280	2	-0.1072102421930552
1280	3	0.022701827657456874
1280	4	-0.021705938050786244
1280	5	-0.06280203448925192
1280	6	-0.047471659868456584
1280	7	-0.02936316495954827
1280	8	-0.05399535768422936
1280	9	-0.015354627122214026
1280	10-14	-0.04349606608451495
1280	15-19	-0.04301237219033993
1280	20-24	-0.02813532256274698
1280	25-29	-0.014652017857230248
1280	30-34	-0.010619744426620059
1280	35-39	-0.006161953555704258
1280	40-44	-0.047301068799335155
1280	45-49	-0.03745047602385654
1280	50-54	3.0199441022205065E-4
1280	55-59	-6.358297071002994E-4
1280	60-64	0.002963341931554453
1280	65-69	-0.01711372308257353
1280	70-74	0.0036264873536140385
1280	75-79	0.0015599953079430406
1280	80-84	-0.00213809237733642
1280	85-89	0.03113588309307147
1280	90-94	0.04164582976852671
1280	95-99	0.05492173064430261
1280	100-104	0.06702367927601927
1280	105-109	0.0847807849887161
1280	110-114	0.1076473672475089
1280	115-119	0.06919754352304608
1280	120-124	0.08940023916328244
1280	125-129	0.08773143312902221
1280	130-134	0.15883753711014492
1280	135-139	0.16513210128989897
1280	140-144	0.22466173036455217
1280	145-149	0.22811030013097877
1280	150	0.2627358924585721
1281	1	-0.018355892049669364
1281	2	-0.004295634625670175
1281	3	-0.11123467584992852
1281	4	-0.011742543649603476
1281	5	0.018217323758442205
1281	6	0.0066645134581975185
1281	7	-0.017321892947855133
1281	8	-0.03238535923892982
1281	9	-0.08360763295079465
1281	10-14	-0.03896480369822797
1281	15-19	-0.028580322210409292
1281	20-24	-0.04673030192455485
1281	25-29	-0.07195356463750358
1281	30-34	-0.03974417284986487
1281	35-39	-0.05416835451136137
1281	40-44	-0.06562520799248972
1281	45-49	-0.05192849410532574
1281	50-54	-0.03023143029489006
1281	55-59	-0.011172640081412055
1281	60-64	-0.042584630055714
1281	65-69	-0.04566123311627024
1281	70-74	-0.011011928923188918
1281	75-79	-0.017357201908716036
1281	80-84	-0.01577908640589243
1281	85-89	-0.04466212087712762
1281	90-94	-0.010281129787792054
1281	95-99	-0.02179684738889165
1281	100-104	-0.03412558119053699
1281	105-109	0.01082302012036962
1281	110-114	-0.014703615071127274
1281	115-119	0.043251419866983554
1281	120-124	0.046738187011946764
1281	125-129	0.057711669429842516
1281	130-134	0.11026166819784322
1281	135-139	0.11555049077633583
1281	140-144	0.1776693814511603
1281	145-149	0.16987539947817965
1281	150	0.11688154815437457
1282	1	-0.10506130300954197
1282	2	-0.07392305361995
1282	3	0.004109472362628708
1282	4	0.01582108503347257
1282	5	-0.0396946015034203
1282	6	-0.054041103713807104
1282	7	-0.04097839142654891
1282	8	-0.07032070762574705
1282	9	-0.08007120211110674
1282	10-14	-0.04515391952172365
1282	15-19	-0.04857192719660475
1282	20-24	-0.04076927029922928
1282	25-29	-0.019673857358668556
1282	30-34	0.006262254035334536
1282	35-39	-0.011842027923165688
1282	40-44	0.0028736552497292678
1282	45-49	-0.01747012527901859
1282	50-54	-0.01694909961890545
1282	55-59	-0.025540300586918363
1282	60-64	0.01118370008526881
1282	65-69	-0.008346057886882363
1282	70-74	0.006468203502883796
1282	75-79	-0.026857398382063025
1282	80-84	0.013319446718234929
1282	85-89	-0.0065469176286256925
1282	90-94	-0.016059894191144508
1282	95-99	-0.01767140751285723
1282	100-104	-8.130298943811454E-4
1282	105-109	-0.009866873823334288
1282	110-114	0.043932179102000646
1282	115-119	-0.03874088238067941
1282	120-124	0.00836307427877614
1282	125-129	0.031785372218834596
1282	130-134	0.013697905673446087
1282	135-139	0.08660329305446623
1282	140-144	0.1430324264860019
1282	145-149	0.13819531919482841
1282	150	0.15073455750236064
1283	1	0.010099390721833856
1283	2	-0.0489180343834974
1283	3	-0.008163197504053699
1283	4	0.01874831427267054
1283	5	-0.09858355069926006
1283	6	-0.014513145556762197
1283	7	0.029744274988580344
1283	8	0.014880194449169437
1283	9	-0.007482328252116588
1283	10-14	-0.03799732268172562
1283	15-19	-0.033993851326819424
1283	20-24	-0.02279062001450427
1283	25-29	-0.021674279975734123
1283	30-34	-0.006338233888889988
1283	35-39	-0.020974754802750795
1283	40-44	-0.025910572385946296
1283	45-49	0.0011189133409104102
1283	50-54	-0.018289371881969885
1283	55-59	-0.015710782488064012
1283	60-64	-0.01939867010796803
1283	65-69	-0.012394610019406116
1283	70-74	-0.006126145407741035
1283	75-79	-0.026004101837138194
1283	80-84	-0.018921493494097774
1283	85-89	-0.04410438415344231
1283	90-94	0.003947247791508346
1283	95-99	0.005312936509390909
1283	100-104	0.0012397719461745282
1283	105-109	0.020712167777389823
1283	110-114	0.013325744677999296
1283	115-119	0.05332563255837641
1283	120-124	0.04444368207450111
1283	125-129	0.07931633822907003
1283	130-134	0.03850744255645111
1283	135-139	0.10149996528751615
1283	140-144	0.11109589001033271
1283	145-149	0.10736292691343863
1283	150	0.16418198339374612
1284	1	0.059403802946761175
1284	2	-0.0800467346981577
1284	3	-0.08551353431008835
1284	4	0.011206856861157632
1284	5	-0.017511879230333705
1284	6	-0.02543508201922151
1284	7	-0.021677580158360854
1284	8	-0.07292664741408572
1284	9	0.0011727952837432554
1284	10-14	-0.030964163879772855
1284	15-19	-0.02561682899497697
1284	20-24	-0.03292207037003436
1284	25-29	0.004604370242944356
1284	30-34	-1.6648818852615932E-4
1284	35-39	0.016217546983405384
1284	40-44	-0.035827047426622016
1284	45-49	-0.02373774998459055
1284	50-54	-0.0011593450338054367
1284	55-59	0.015322092951471689
1284	60-64	0.02087601001323236
1284	65-69	0.0019912505416712634
1284	70-74	0.02178310000377337
1284	75-79	0.023168745564206006
1284	80-84	0.01680394992380485
1284	85-89	0.011716352835058785
1284	90-94	0.040107289673848356
1284	95-99	0.015840904185346005
1284	100-104	0.06973097291685804
1284	105-109	0.08231310062720354
1284	110-114	0.09526800397058821
1284	115-119	0.0505755571282549
1284	120-124	0.052477991388329315
1284	125-129	0.09151870132475182
1284	130-134	0.07728492379718688
1284	135-139	0.14802035042714579
1284	140-144	0.22547344407866632
1284	145-149	0.24240474554724045
1284	150	0.21915705635633032
1285	1	0.019847189695873624
1285	2	-0.03051223985062279
1285	3	-0.013699922768203976
1285	4	0.027415387564118987
1285	5	-0.014860054976821857
1285	6	-0.05256561744496935
1285	7	0.04868950297584007
1285	8	0.015999954382046155
1285	9	0.030944751402394388
1285	10-14	-0.0022189524978486475
1285	15-19	-0.024223098657429887
1285	20-24	0.013812457855578941
1285	25-29	-0.0051521322533645275
1285	30-34	-0.002818442486542949
1285	35-39	0.008608382746942311
1285	40-44	0.02095727700842076
1285	45-49	-0.011202803232393421
1285	50-54	0.02875787079997849
1285	55-59	0.007416427237394885
1285	60-64	-0.003077494740438169
1285	65-69	-0.005911034015220196
1285	70-74	0.031956481843700146
1285	75-79	0.020310974158611828
1285	80-84	0.03248619050398105
1285	85-89	0.0041774993291028295
1285	90-94	0.023305279185763084
1285	95-99	0.0060671491176762515
1285	100-104	0.04095099630318799
1285	105-109	0.06452799700882395
1285	110-114	0.0655910236907502
1285	115-119	0.024359798118069875
1285	120-124	0.03049929918092431
1285	125-129	0.04379631167022069
1285	130-134	0.0806020991004388
1285	135-139	0.09621157220614407
1285	140-144	0.17572569791254722
1285	145-149	0.1275460118122851
1285	150	0.11884700857581265
1286	1	0.015885249887112707
1286	2	-0.05352370532605022
1286	3	-0.10795330021284144
1286	4	0.019648607533667928
1286	5	-0.09927030059446906
1286	6	-0.08617034562731618
1286	7	0.02521931369223296
1286	8	-0.06424684653679691
1286	9	-0.06377154150144548
1286	10-14	-0.04664696023667858
1286	15-19	-0.05392077146152019
1286	20-24	-0.07600997769451112
1286	25-29	-0.0191752308702533
1286	30-34	-0.04190771897702206
1286	35-39	-0.07150391856989557
1286	40-44	-0.051269899997585355
1286	45-49	-0.03398079374616003
1286	50-54	-0.03348199904925764
1286	55-59	-0.05568573508692509
1286	60-64	-0.059146835127386055
1286	65-69	-0.026931639909648197
1286	70-74	-0.0032039776136443265
1286	75-79	-0.029686550147502544
1286	80-84	-0.007754654777379244
1286	85-89	-0.07046129169394533
1286	90-94	-0.03242745415929704
1286	95-99	-0.04808515714181283
1286	100-104	-0.018943382823778165
1286	105-109	0.03606104533899668
1286	110-114	0.04346165624146181
1286	115-119	0.02057718237937678
1286	120-124	0.007611976436450618
1286	125-129	0.02477348158097925
1286	130-134	0.05039068706856398
1286	135-139	0.032737261132361084
1286	140-144	0.11652673115451506
1286	145-149	0.1197291066217474
1286	150	0.09908127820463619
1287	1	0.01730836826232718
1287	2	-0.08050104814513759
1287	3	-0.1497737324488213
1287	4	-0.021014830784629623
1287	5	-0.05072011730466386
1287	6	-0.10809279928600546
1287	7	-0.0936217297112023
1287	8	-0.06936271704633157
1287	9	-0.11317273284224427
1287	10-14	-0.0821684705762209
1287	15-19	-0.09344450822593586
1287	20-24	-0.05661671943482105
1287	25-29	-0.07543680416791432
1287	30-34	-0.06916168235729003
1287	35-39	-0.051999312639125606
1287	40-44	-0.10602178739125634
1287	45-49	-0.08960652251072077
1287	50-54	-0.07024788127716874
1287	55-59	-0.1119780435130906
1287	60-64	-0.07827225995421117
1287	65-69	-0.12299513415725016
1287	70-74	-0.053648639340693194
1287	75-79	-0.04828789214240459
1287	80-84	-0.06713975928673221
1287	85-89	-0.09553915688248082
1287	90-94	-0.07155165187135992
1287	95-99	-0.03816839613281786
1287	100-104	-0.025120509395819113
1287	105-109	-0.0030678124140521845
1287	110-114	-0.02260537443989108
1287	115-119	-0.034996281691157094
1287	120-124	-0.041471213355428915
1287	125-129	-0.011581629926801895
1287	130-134	-0.015874734506795107
1287	135-139	-0.001146865847502454
1287	140-144	0.05614999811368904
1287	145-149	0.07656872320697516
1287	150	0.018095271673445268
1288	1	-0.002286090730230228
1288	2	0.0118427930764895
1288	3	-0.06909378909097796
1288	4	-0.05238346322986587
1288	5	-0.09152415259065094
1288	6	-0.06921460597580165
1288	7	-0.06603880060989553
1288	8	-0.07699874074260293
1288	9	-0.035065153440903885
1288	10-14	-0.05769401106461913
1288	15-19	-0.03791772730211562
1288	20-24	-0.029691933698593687
1288	25-29	-0.02784170164449762
1288	30-34	-0.017702262795289414
1288	35-39	-0.0218771682385821
1288	40-44	-0.021656136499721867
1288	45-49	-0.03213178291144203
1288	50-54	-0.026340223776777805
1288	55-59	-0.030367879156507627
1288	60-64	-0.0022704560443997934
1288	65-69	-0.017794404103817385
1288	70-74	0.008669569514538011
1288	75-79	0.0023494794277141295
1288	80-84	0.00582827387864171
1288	85-89	-0.0317937171046907
1288	90-94	0.020050263809601176
1288	95-99	-0.025211705033889587
1288	100-104	-0.004603346795079233
1288	105-109	0.02127878107865655
1288	110-114	0.03231410777509325
1288	115-119	-0.0023097173992638886
1288	120-124	0.024604925406627842
1288	125-129	0.01751719043890887
1288	130-134	0.06967411143188684
1288	135-139	0.05140261053589512
1288	140-144	0.04449674951997906
1288	145-149	0.10823355139731916
1288	150	0.18498358552911753
1301	1	-0.08770838535453152
1301	2	-0.06574509597612632
1301	3	-0.06902485989540708
1301	4	-0.054679225573266876
1301	5	0.003328560884696685
1301	6	-6.928452065082524E-4
1301	7	-0.04173892767646237
1301	8	-0.050034359662028294
1301	9	-0.082285669040985
1301	10-14	-0.051848168925168636
1301	15-19	-0.034479143827098824
1301	20-24	-0.042281664287237675
1301	25-29	-0.058773800500411255
1301	30-34	-0.048549024259997964
1301	35-39	-0.06986066955317227
1301	40-44	-0.05069543872203752
1301	45-49	-0.090137432289211
1301	50-54	-0.10586303799008334
1301	55-59	-0.1012522908281639
1301	60-64	-0.07676695147033286
1301	65-69	-0.12506278463590803
1301	70-74	-0.06713895367513345
1301	75-79	-0.10751674691697843
1301	80-84	-0.07799467873553567
1301	85-89	-0.12253992181493345
1301	90-94	-0.10534472229548442
1301	95-99	-0.15232283881874764
1301	100-104	-0.0895619552286604
1301	105-109	-0.09117968163638324
1301	110-114	-0.04633055864373148
1301	115-119	-0.11036975412842054
1301	120-124	-0.10758102229421951
1301	125-129	-0.08637557087597258
1301	130-134	-0.08071841448263939
1301	135-139	-0.1005426551583426
1301	140-144	-0.037876284621546574
1301	145-149	-0.05492525248953939
1301	150	-0.09521050117231056
1302	1	-0.05115319468053059
1302	2	-0.039471654386119326
1302	3	-0.08298484947263063
1302	4	-0.04431834291224135
1302	5	-0.057728816380098635
1302	6	-0.05114209296588257
1302	7	-0.11806235105481022
1302	8	-0.09986055509808978
1302	9	-0.07130139369717625
1302	10-14	-0.029081582247840743
1302	15-19	-0.06428329466643845
1302	20-24	-0.07975221772292684
1302	25-29	-0.08900256436684373
1302	30-34	-0.050773886050954786
1302	35-39	-0.052932181363331665
1302	40-44	-0.052974553812696
1302	45-49	-0.06272178807455475
1302	50-54	-0.06341259761111928
1302	55-59	-0.06921417601314772
1302	60-64	-0.06362281327000119
1302	65-69	-0.050105136294249064
1302	70-74	-0.08498219197961276
1302	75-79	-0.04795772928970621
1302	80-84	-0.06963822162284572
1302	85-89	-0.04083552216795283
1302	90-94	-0.018272289764340144
1302	95-99	-0.02370404818499594
1302	100-104	-0.025183641981151084
1302	105-109	-0.05217661592138256
1302	110-114	0.029772175653526745
1302	115-119	-0.013356666188421684
1302	120-124	-0.028278383842177846
1302	125-129	0.005215464269490155
1302	130-134	-0.012821114938446954
1302	135-139	-0.06780725075707039
1302	140-144	-0.0249076552136529
1302	145-149	0.028772204699436088
1302	150	-0.017047823834694498
1303	1	-0.050515464060602255
1303	2	-0.02197281107562077
1303	3	-0.11071210877418025
1303	4	-0.035337294724975266
1303	5	-0.03646150800932446
1303	6	-0.013516323126360419
1303	7	-0.08495895095050088
1303	8	-0.09745491031861775
1303	9	-0.07468511337778949
1303	10-14	-0.04967026095870608
1303	15-19	-0.030761744932441104
1303	20-24	-0.03839288795533946
1303	25-29	-0.01820346870609768
1303	30-34	-0.022052292291085962
1303	35-39	-0.07430786112586674
1303	40-44	-0.034876069578643865
1303	45-49	-0.07877797571639178
1303	50-54	-0.047498089400676236
1303	55-59	-0.11800941498389506
1303	60-64	-0.07757709235731625
1303	65-69	-0.07123578741639136
1303	70-74	-0.06282093507928721
1303	75-79	-0.08271017560743132
1303	80-84	-0.07474201003232395
1303	85-89	-0.06632435036090811
1303	90-94	-0.015172217577678282
1303	95-99	-0.039286168714106395
1303	100-104	-0.08387658332254233
1303	105-109	-0.05856154198417585
1303	110-114	-0.00873680563518775
1303	115-119	-0.04917039015906255
1303	120-124	-0.064777645379273
1303	125-129	-0.07022653351247499
1303	130-134	-0.029339785961134623
1303	135-139	-0.04031788128442315
1303	140-144	0.007028751252960319
1303	145-149	-0.03819448447083573
1303	150	0.023293580685091797
1304	1	-0.1072996440205145
1304	2	-0.019394941939218313
1304	3	-0.07336219379990183
1304	4	-0.12286790316743179
1304	5	-0.006730324195892479
1304	6	-0.04650930054095426
1304	7	-0.08905221605057534
1304	8	0.009407098179437412
1304	9	-0.023724741215261247
1304	10-14	-0.03238009316443424
1304	15-19	-0.08033314746333531
1304	20-24	-0.09027686323278772
1304	25-29	-0.06901759105684135
1304	30-34	-0.016352258726655577
1304	35-39	-0.037033838465205804
1304	40-44	-0.057416740142677725
1304	45-49	-0.03504626475021411
1304	50-54	-0.06386769054131491
1304	55-59	-0.046778261583114045
1304	60-64	-0.03734644045310631
1304	65-69	-0.025622546677197988
1304	70-74	-0.03525150029061308
1304	75-79	-0.014881453931678834
1304	80-84	-0.03315119644231146
1304	85-89	-0.06161370349953188
1304	90-94	-0.0349082164883896
1304	95-99	-0.028895821047939307
1304	100-104	-0.030841539388504202
1304	105-109	-0.0659708726260746
1304	110-114	-0.02224048700815473
1304	115-119	-0.016601844688388212
1304	120-124	-0.03448477388529625
1304	125-129	0.012345091660215246
1304	130-134	-0.027551252619005595
1304	135-139	-0.018935063369568184
1304	140-144	0.006755777228441673
1304	145-149	0.010400100000481416
1304	150	-0.03852742549631216
1305	1	-0.047345488664447544
1305	2	-0.1255726118708438
1305	3	-0.031949179581282294
1305	4	-0.050964274265396625
1305	5	-0.031142976296159475
1305	6	0.0032204355197009704
1305	7	-0.11007783275579186
1305	8	-0.05078826140638881
1305	9	-0.08567875564085625
1305	10-14	-0.053595005989130584
1305	15-19	-0.08510903921337132
1305	20-24	-0.05837440939134808
1305	25-29	-0.048346374166378325
1305	30-34	-0.05346113346788428
1305	35-39	-0.09583951608157548
1305	40-44	-0.0929223675693649
1305	45-49	-0.05482675882096544
1305	50-54	-0.09680256568728396
1305	55-59	-0.11451752945892224
1305	60-64	-0.06385269726682452
1305	65-69	-0.05798868864985707
1305	70-74	-0.07784946328849429
1305	75-79	-0.0752008668929065
1305	80-84	-0.07998701935530761
1305	85-89	-0.0967844578538859
1305	90-94	-0.06783028500979071
1305	95-99	-0.08979675460671643
1305	100-104	-0.11052564392895903
1305	105-109	-0.10800693777051151
1305	110-114	-0.08035948378288538
1305	115-119	-0.07970607448417155
1305	120-124	-0.13647525359034063
1305	125-129	-0.03904704795234437
1305	130-134	-0.04822828721148653
1305	135-139	-0.06543687722537328
1305	140-144	0.0014207524734572985
1305	145-149	-0.01703040342081863
1305	150	6.828300947248067E-4
1306	1	-0.08708321844320466
1306	2	-0.06375280660701321
1306	3	-0.012076169107480439
1306	4	-0.014690481445406078
1306	5	-0.05608385152233808
1306	6	-0.0076085868782698185
1306	7	-0.05343318138644548
1306	8	-0.08000284441492056
1306	9	-0.002476947173946087
1306	10-14	-0.07532903663103951
1306	15-19	-0.0374750411692375
1306	20-24	-0.04890948505121884
1306	25-29	-0.033176350875514515
1306	30-34	-0.04540258978452982
1306	35-39	-0.01075197929099403
1306	40-44	-0.020786373503092648
1306	45-49	-0.06339084176099874
1306	50-54	-0.03201814080149035
1306	55-59	-0.03922064892262256
1306	60-64	-0.06316874906418235
1306	65-69	-0.05922739399919408
1306	70-74	-0.019937637861296764
1306	75-79	0.0030261457824281024
1306	80-84	-0.02450634415652786
1306	85-89	-0.05114893858105063
1306	90-94	-0.038455954090572675
1306	95-99	-0.05472538441429009
1306	100-104	-0.06146691599739995
1306	105-109	-0.002880170287014039
1306	110-114	-0.024174385210095295
1306	115-119	0.02092495196725963
1306	120-124	-0.019599753403738873
1306	125-129	-4.186765646707613E-4
1306	130-134	-0.009293544143233134
1306	135-139	-0.06154388290872248
1306	140-144	0.07557174150831969
1306	145-149	0.04278737983715786
1306	150	0.08403335992640137
1307	1	-0.06940261344524146
1307	2	-0.07716654657831867
1307	3	-0.017951166893638515
1307	4	0.03638579859638469
1307	5	0.012435591888980468
1307	6	0.02769335126411221
1307	7	-0.01931361045799207
1307	8	-0.014296570689950272
1307	9	-0.03130077870964243
1307	10-14	-0.0010136088287566736
1307	15-19	-0.009458251413114738
1307	20-24	-0.024081662701483708
1307	25-29	-0.021011310642684577
1307	30-34	-0.034683121578204634
1307	35-39	-0.054420316668263524
1307	40-44	-0.017537473043198304
1307	45-49	-0.0070583054097568265
1307	50-54	-0.053145226975914284
1307	55-59	-0.03584087809925052
1307	60-64	-0.03984850985148114
1307	65-69	-0.015550697165281235
1307	70-74	-0.013638621986594046
1307	75-79	-0.045993093955694064
1307	80-84	-0.041774289536689935
1307	85-89	-0.04315540889493974
1307	90-94	-0.023009000628427145
1307	95-99	-0.038549174624989746
1307	100-104	-0.04009622486633191
1307	105-109	0.004098606374988378
1307	110-114	5.8687775748467175E-5
1307	115-119	0.009480761376366331
1307	120-124	-0.012014231321430202
1307	125-129	-0.010012357382201742
1307	130-134	0.03197534580829853
1307	135-139	0.041475226950829835
1307	140-144	0.04824401656749444
1307	145-149	0.029255450373021574
1307	150	0.023252789759510506
1308	1	-0.04741696341645252
1308	2	-0.002742283402135115
1308	3	-0.017948054101623256
1308	4	0.03363097765974743
1308	5	0.05838455247585017
1308	6	0.004302794437499813
1308	7	0.012416116186990678
1308	8	0.008457938967488587
1308	9	0.016708850193673186
1308	10-14	-0.009207930058522606
1308	15-19	-0.010178966525202782
1308	20-24	-7.56059468329795E-4
1308	25-29	0.007898641472195322
1308	30-34	0.01917336833375316
1308	35-39	-0.002077058716380975
1308	40-44	0.03427432755133708
1308	45-49	0.01734909680966723
1308	50-54	-2.719643029607255E-4
1308	55-59	-0.016007619991732724
1308	60-64	0.006411314898322473
1308	65-69	0.024153795112397347
1308	70-74	0.03809058585972025
1308	75-79	0.051741934811694534
1308	80-84	0.04000290718657595
1308	85-89	0.008818256884580933
1308	90-94	0.01078512968342693
1308	95-99	0.021578553607518813
1308	100-104	0.03189850413917128
1308	105-109	0.03879357869708144
1308	110-114	0.08897330907866774
1308	115-119	0.0769084019319024
1308	120-124	0.048143172194990314
1308	125-129	0.039313567506127356
1308	130-134	0.09471574414191508
1308	135-139	0.018733583500406326
1308	140-144	0.09889682093371022
1308	145-149	0.06063861950658378
1308	150	0.05134366253450651
1309	1	-0.05061603852210794
1309	2	0.02784388822945516
1309	3	0.028984603141957166
1309	4	0.056792837785614836
1309	5	-0.01462983956032815
1309	6	0.019164955563880426
1309	7	-0.01943730645710673
1309	8	-0.01574264693616101
1309	9	-0.07143382892694916
1309	10-14	-0.01781247773387662
1309	15-19	-0.034897598596977275
1309	20-24	-0.02403393938469378
1309	25-29	-0.03119095924335369
1309	30-34	0.018479178308510313
1309	35-39	-0.017165714360238837
1309	40-44	-0.009866622028731342
1309	45-49	0.006455272443346871
1309	50-54	-0.01025919860238389
1309	55-59	-0.028596045441261708
1309	60-64	0.03209838582237268
1309	65-69	0.012639331630211359
1309	70-74	0.01108063710704954
1309	75-79	0.020532462804666807
1309	80-84	0.019442720390266288
1309	85-89	0.004789925875442691
1309	90-94	0.0075919705485389954
1309	95-99	0.022596044944741323
1309	100-104	0.017792289096604463
1309	105-109	0.046431708964718155
1309	110-114	0.008748999204939878
1309	115-119	0.03118247290889542
1309	120-124	0.027333587357972533
1309	125-129	0.037051571044024456
1309	130-134	0.06896801133571984
1309	135-139	0.09112093827050671
1309	140-144	0.07263100486866847
1309	145-149	0.1034976023286589
1309	150	0.05056243912102332
1310	1	0.01847096059019293
1310	2	-0.0452153057503466
1310	3	-0.017509764800081484
1310	4	0.010785042526286759
1310	5	-0.007009044279371324
1310	6	-0.02766560418319841
1310	7	-0.013443560949255584
1310	8	-0.020819842530549693
1310	9	-0.058741534647829496
1310	10-14	-0.033688020722536294
1310	15-19	-0.029368213677926747
1310	20-24	-0.04739167900495289
1310	25-29	-0.03987352595918736
1310	30-34	-0.034513514625828634
1310	35-39	-0.05693399535118715
1310	40-44	-0.02359488169867774
1310	45-49	0.015477087674376833
1310	50-54	-0.014948506938807782
1310	55-59	-0.028138706023099758
1310	60-64	-0.00765942825192667
1310	65-69	-0.018163284969269
1310	70-74	0.001786913612143337
1310	75-79	0.00993884088979513
1310	80-84	-0.019565625401092746
1310	85-89	-0.02575678850615759
1310	90-94	-0.01248880903852978
1310	95-99	-0.023810660254689253
1310	100-104	0.0038916680240461687
1310	105-109	0.018223303762027854
1310	110-114	0.06394860909461642
1310	115-119	0.05599151999293639
1310	120-124	0.03839539538073922
1310	125-129	0.04729009586458233
1310	130-134	0.08401782575403871
1310	135-139	0.05581036887533486
1310	140-144	0.1012371529039342
1310	145-149	0.07908220393812826
1310	150	0.11804936624317008
1311	1	-0.030151142865328495
1311	2	-0.07405352833917078
1311	3	0.006963068923440119
1311	4	-0.018888486482062206
1311	5	0.04226549685529335
1311	6	0.04604500044475657
1311	7	-0.03458284115468757
1311	8	-0.02631675804154554
1311	9	0.0158992258166748
1311	10-14	-0.019311281738588093
1311	15-19	-0.019232859934277258
1311	20-24	-0.035326945435677715
1311	25-29	-0.00487796926257289
1311	30-34	-0.036621608997890576
1311	35-39	-0.02835871733363149
1311	40-44	-0.013860070844550876
1311	45-49	-0.023306822571079522
1311	50-54	-0.0365107851361941
1311	55-59	-0.012149840385639266
1311	60-64	-0.00949342067370651
1311	65-69	-0.04438073980691115
1311	70-74	-0.02572574217715129
1311	75-79	-0.04457009689591018
1311	80-84	-0.019642038243382842
1311	85-89	-0.046836375564311084
1311	90-94	-0.012848146815102268
1311	95-99	-0.03497376532379093
1311	100-104	-0.011185632730430939
1311	105-109	0.0014727984754472345
1311	110-114	0.03921432312851181
1311	115-119	0.00825927949954064
1311	120-124	-0.026247464635837048
1311	125-129	0.0075324201024145054
1311	130-134	0.03899905048152874
1311	135-139	0.041207759629863006
1311	140-144	0.028041256648748458
1311	145-149	0.005473358349327384
1311	150	-0.061511643989426545
1312	1	-0.03799574739130662
1312	2	0.009410556258686142
1312	3	0.01575479526245971
1312	4	0.025715323046057392
1312	5	-0.07925606701655852
1312	6	0.0016274666907563073
1312	7	-0.037354541716759115
1312	8	0.07362057184983684
1312	9	-0.020702455491871774
1312	10-14	-0.021600776916159248
1312	15-19	-0.03132788923688423
1312	20-24	-0.019569749496938016
1312	25-29	-0.022528579259173398
1312	30-34	-0.023618466442620445
1312	35-39	-0.04081468422933199
1312	40-44	-0.007695021458850704
1312	45-49	-0.0331332090246832
1312	50-54	-0.027382932835536167
1312	55-59	-0.01962798314828973
1312	60-64	-0.011484497536216054
1312	65-69	-0.03413700512093243
1312	70-74	-0.04084134250928173
1312	75-79	2.02228104789981E-4
1312	80-84	-0.02829243632302081
1312	85-89	-0.016546464094325586
1312	90-94	-0.020605967192466323
1312	95-99	-0.00477001582624581
1312	100-104	-0.023622708095189182
1312	105-109	-0.02471519978396941
1312	110-114	0.04185676187809406
1312	115-119	-8.944402466752877E-4
1312	120-124	0.0035592610508388134
1312	125-129	0.018634757901089927
1312	130-134	0.0216181632809338
1312	135-139	-0.03183873917744506
1312	140-144	0.013029804836477865
1312	145-149	-0.009330098084383565
1312	150	-0.01919423761186323
1313	1	-0.042274248564424965
1313	2	-0.0038524837466908934
1313	3	-0.05109429077316463
1313	4	-0.02539816786133997
1313	5	-0.048120034572257
1313	6	0.029123095098114504
1313	7	-0.03521272505592066
1313	8	0.0071975967034063615
1313	9	-0.09929632092066498
1313	10-14	-0.027825018163632365
1313	15-19	-0.029461041690495904
1313	20-24	-0.04264092412884679
1313	25-29	-0.0763135815814664
1313	30-34	-0.043384508897460705
1313	35-39	-0.04830388604623437
1313	40-44	-0.012021536732838456
1313	45-49	-0.026173844521530043
1313	50-54	-0.034569081280658054
1313	55-59	-0.05817458148896293
1313	60-64	-0.026997528489062006
1313	65-69	-0.036942323053260395
1313	70-74	-0.013900812991302303
1313	75-79	-0.03470975412201227
1313	80-84	-0.010636647815438494
1313	85-89	-0.05700832324934879
1313	90-94	-0.051452888601879465
1313	95-99	-0.03619379073249007
1313	100-104	-0.003710484942537562
1313	105-109	-0.015474538227209678
1313	110-114	0.02712396006427298
1313	115-119	-0.011073714749045394
1313	120-124	-0.03778330330701607
1313	125-129	0.0028644352343505375
1313	130-134	0.005743030736077515
1313	135-139	0.016122757163195445
1313	140-144	0.018803528977230144
1313	145-149	0.05108806367694285
1313	150	-0.01909159464089072
1314	1	-0.021794450701214885
1314	2	-0.023715756827989765
1314	3	-0.02282625070520794
1314	4	-8.987894172847177E-4
1314	5	-0.03495936132435418
1314	6	-0.056458073621207916
1314	7	-0.0673598992759068
1314	8	-0.06073154887824472
1314	9	-0.038660114224342124
1314	10-14	-0.017813100815367022
1314	15-19	-0.0027231952963191475
1314	20-24	-0.012977786024805482
1314	25-29	-0.0344152013914254
1314	30-34	-0.032457985085088126
1314	35-39	-0.026347089896347597
1314	40-44	0.001635964573196702
1314	45-49	0.01007470635520491
1314	50-54	-0.019007058212828554
1314	55-59	-0.053327228786947956
1314	60-64	-0.02315785760533373
1314	65-69	-0.023544387203799033
1314	70-74	0.014588427834432593
1314	75-79	-0.003943917408030018
1314	80-84	-0.012879064933514428
1314	85-89	-0.01698259683505654
1314	90-94	-0.002255944093022322
1314	95-99	-0.023878608774232646
1314	100-104	0.0038985389062560216
1314	105-109	0.02407706074188809
1314	110-114	0.02036777655628441
1314	115-119	0.006695249218225285
1314	120-124	-0.02279106846506096
1314	125-129	0.035100981871643455
1314	130-134	0.033343670889557586
1314	135-139	0.022560668039133702
1314	140-144	0.058891248805061025
1314	145-149	0.053258941191302256
1314	150	0.04756955550218578
1315	1	-0.046364461246213295
1315	2	-0.06580209161842276
1315	3	-0.15879266513997692
1315	4	-0.02074286508965173
1315	5	-0.028525281080781895
1315	6	-0.014469127464074916
1315	7	-0.07197975509412657
1315	8	-0.05298109117497063
1315	9	-0.007407123251660153
1315	10-14	-0.05926237415170732
1315	15-19	-0.04626862616181171
1315	20-24	-0.050846130571812864
1315	25-29	-0.019228567026104315
1315	30-34	-0.033384500468521594
1315	35-39	-0.061211372545187714
1315	40-44	-0.006523115332548457
1315	45-49	-0.015776495928449208
1315	50-54	-0.058975241486123764
1315	55-59	-0.08316152365829765
1315	60-64	-0.05198888180292016
1315	65-69	-0.02897711658781077
1315	70-74	-0.008569256478217824
1315	75-79	0.020901488621021258
1315	80-84	0.02056410786700269
1315	85-89	0.01855045216074558
1315	90-94	0.04426849789108189
1315	95-99	-0.009432500801452193
1315	100-104	0.0034917340036457745
1315	105-109	0.05007579981537447
1315	110-114	0.04048093376065509
1315	115-119	0.06988837553780769
1315	120-124	0.07870412198097654
1315	125-129	0.07439513328814229
1315	130-134	0.14158332707506815
1315	135-139	0.11722520613510312
1315	140-144	0.1333802543739253
1315	145-149	0.162471654275528
1315	150	0.05046302305476047
1316	1	-0.022378908010473708
1316	2	-0.04192561069135792
1316	3	0.01839917749575193
1316	4	0.00510016773902322
1316	5	0.007802066230524929
1316	6	-0.006762651122784291
1316	7	-0.06166928766287327
1316	8	-0.013349164015394877
1316	9	-0.07117481604311848
1316	10-14	-0.01117657691717966
1316	15-19	-0.0103552428548781
1316	20-24	-0.02821256319502652
1316	25-29	-0.018992740529171215
1316	30-34	-0.011868531892496037
1316	35-39	-0.011430659426800105
1316	40-44	0.007475175542914769
1316	45-49	0.015107711348505859
1316	50-54	0.014394009093791738
1316	55-59	-0.02640393461228996
1316	60-64	-0.008869612510302716
1316	65-69	7.393808472997421E-4
1316	70-74	0.0135254221861274
1316	75-79	0.08322084602585988
1316	80-84	0.058283921768939706
1316	85-89	0.03201841666250971
1316	90-94	-0.005631846515520067
1316	95-99	0.04512521725540353
1316	100-104	0.01825582485507482
1316	105-109	0.04634065134052179
1316	110-114	0.05959896457875402
1316	115-119	0.10514619201512687
1316	120-124	0.07566926508997796
1316	125-129	0.08626322200883152
1316	130-134	0.13351528229905796
1316	135-139	0.1490153868598867
1316	140-144	0.15735140393569935
1316	145-149	0.16343453662992147
1316	150	0.11080457307581781
1317	1	-0.041430102397050916
1317	2	-0.02125358300861535
1317	3	-0.011084620918822452
1317	4	-0.06769269046149162
1317	5	-0.04030423611455092
1317	6	-0.03644976289128721
1317	7	-0.01675104517373427
1317	8	0.033500975597931415
1317	9	-0.031524929670254664
1317	10-14	-0.026655923637839862
1317	15-19	-0.005446574865068499
1317	20-24	-0.02902962698503586
1317	25-29	-0.00498754170304494
1317	30-34	0.008709964176119911
1317	35-39	0.002730783423714911
1317	40-44	-0.012062817507725754
1317	45-49	0.0023162381443313507
1317	50-54	0.013178817224869022
1317	55-59	-0.006738378075141327
1317	60-64	0.004243174241956638
1317	65-69	-0.0030946588606326486
1317	70-74	0.00814402496576605
1317	75-79	0.05087012385952505
1317	80-84	0.025648672976942066
1317	85-89	0.011298983440745758
1317	90-94	0.02065075185528542
1317	95-99	0.03919103558768455
1317	100-104	0.046982871727678344
1317	105-109	0.058486256762527944
1317	110-114	0.06335733847163993
1317	115-119	0.1059924126398144
1317	120-124	0.08556551690976733
1317	125-129	0.05915276378750889
1317	130-134	0.10424152142834231
1317	135-139	0.11230331774679314
1317	140-144	0.11986282163355355
1317	145-149	0.17589411502601848
1317	150	0.17227338177676899
1318	1	-0.049092037580948045
1318	2	-0.03496101448968858
1318	3	0.01922596503992935
1318	4	-0.01220783472496123
1318	5	0.03479420402447886
1318	6	-0.003220605430392709
1318	7	0.03953754854115488
1318	8	0.023403422231695004
1318	9	0.01064951058896213
1318	10-14	-0.04375464919743166
1318	15-19	-0.022215009487482007
1318	20-24	0.0036391012174590287
1318	25-29	-0.028328701887929242
1318	30-34	-0.010507105775182879
1318	35-39	0.004807879761330014
1318	40-44	0.03182094174202632
1318	45-49	0.012703252354100414
1318	50-54	0.04476322594339166
1318	55-59	-0.02107471002714334
1318	60-64	-0.0033037800174184895
1318	65-69	0.025852242837892447
1318	70-74	0.026397491704031495
1318	75-79	0.062099588474929135
1318	80-84	0.04073499319122931
1318	85-89	0.02756277259510398
1318	90-94	0.046784231617202465
1318	95-99	0.050644703485687614
1318	100-104	0.03287836851478687
1318	105-109	0.05805546026502384
1318	110-114	0.05068693192567508
1318	115-119	0.05144243230021317
1318	120-124	0.061963670137508586
1318	125-129	0.08865467054637577
1318	130-134	0.09159949904209697
1318	135-139	0.0911133072062924
1318	140-144	0.10135508632308898
1318	145-149	0.14192810254952803
1318	150	0.14832485072901846
1319	1	-0.09656910577097477
1319	2	-0.006102668326974481
1319	3	-0.017844412113717567
1319	4	-0.00973094311918743
1319	5	0.01020205883741454
1319	6	-0.013390179034701077
1319	7	0.021725072436595383
1319	8	0.005907444830370423
1319	9	-0.05729880476224736
1319	10-14	-0.050761251209216596
1319	15-19	-0.026764519723933233
1319	20-24	-0.04122385283793051
1319	25-29	-0.08549170809748574
1319	30-34	-0.061674075776437576
1319	35-39	-0.07762528986261685
1319	40-44	-0.04750120051938467
1319	45-49	-0.03352867056166531
1319	50-54	-0.022757769504742953
1319	55-59	-0.02807538701900114
1319	60-64	-0.025256100215585775
1319	65-69	-0.04199845431067928
1319	70-74	3.008113340854379E-4
1319	75-79	0.03142608679234371
1319	80-84	0.03171520003227357
1319	85-89	0.008301680432907688
1319	90-94	-0.0033175970818888345
1319	95-99	0.01663586344923118
1319	100-104	0.022818067207467152
1319	105-109	0.039519851804897144
1319	110-114	0.09384384413558422
1319	115-119	0.06502208348634753
1319	120-124	0.028700113633554736
1319	125-129	0.07068763073252882
1319	130-134	0.12913807407107214
1319	135-139	0.11473221888088858
1319	140-144	0.1320248370481636
1319	145-149	0.14041794093037652
1319	150	0.12840927246596578
1320	1	-0.05781595079732682
1320	2	-0.0075190130832965
1320	3	-0.048678325067889716
1320	4	0.009711376126716686
1320	5	0.016594148295546063
1320	6	-0.015440368732619447
1320	7	0.06912273139451486
1320	8	0.02897724201961438
1320	9	0.005530365440314711
1320	10-14	-0.010385961550660738
1320	15-19	0.009619371405101163
1320	20-24	-0.026004331899578403
1320	25-29	6.516852322135946E-5
1320	30-34	-0.0025419847427414766
1320	35-39	0.00708598046161768
1320	40-44	0.002784927988145114
1320	45-49	0.02205562696076413
1320	50-54	0.03518598900441816
1320	55-59	0.007486699414172904
1320	60-64	0.05794996884681325
1320	65-69	0.05225772511096238
1320	70-74	0.05488632005614846
1320	75-79	0.08616734788094504
1320	80-84	0.039577792933975786
1320	85-89	0.02728562963149983
1320	90-94	0.05243558246898772
1320	95-99	0.05204940247624279
1320	100-104	0.07303671579425242
1320	105-109	0.06455084668469624
1320	110-114	0.08568705335763838
1320	115-119	0.08367866956306358
1320	120-124	0.06263768241826995
1320	125-129	0.07870666752744881
1320	130-134	0.11262180043919301
1320	135-139	0.1073637217898451
1320	140-144	0.14833625991943933
1320	145-149	0.14881622403784434
1320	150	0.1451379569271083
1321	1	0.019361100380983487
1321	2	-5.319033974160448E-4
1321	3	-0.060735591673065414
1321	4	0.009615361989887106
1321	5	-0.021239306581691153
1321	6	-0.0290410764622564
1321	7	-0.02219226268368857
1321	8	-0.0010685228689553128
1321	9	0.03114782513934955
1321	10-14	-0.024046830739443692
1321	15-19	-0.04924373241560431
1321	20-24	-0.041374363723001295
1321	25-29	-0.05565843952154381
1321	30-34	-0.04230981922990651
1321	35-39	-0.04390718310984454
1321	40-44	0.014970509439770296
1321	45-49	-0.012012075770584829
1321	50-54	-0.019630979191042286
1321	55-59	-0.06027142044032274
1321	60-64	-0.02861304695166922
1321	65-69	-0.026669891329760276
1321	70-74	0.018935297255843864
1321	75-79	0.044034457655634185
1321	80-84	0.017953300338156453
1321	85-89	0.041136973107910535
1321	90-94	-0.017480135988698464
1321	95-99	-0.006335961639344134
1321	100-104	0.0025202707370937105
1321	105-109	0.021781932177241004
1321	110-114	0.05365640431317331
1321	115-119	0.02829760443884055
1321	120-124	0.012037455314306555
1321	125-129	5.639250307041266E-4
1321	130-134	0.05105509392388541
1321	135-139	0.06142678476290797
1321	140-144	0.08122482025127908
1321	145-149	0.09871937740850001
1321	150	0.025872859120340763
1322	1	-0.06649968023059927
1322	2	0.0672829369471728
1322	3	-0.012419946030718165
1322	4	0.008492607083454118
1322	5	0.012328456644112862
1322	6	-0.055659747160405004
1322	7	0.02981742974917978
1322	8	-0.0014919840620422065
1322	9	0.030515130827275527
1322	10-14	-0.005267131568942318
1322	15-19	-0.03242816058759246
1322	20-24	0.0034898789474624436
1322	25-29	-0.054474746162945564
1322	30-34	-0.016435951835973128
1322	35-39	-0.03819128949572814
1322	40-44	0.02953690848784163
1322	45-49	0.02126342708264417
1322	50-54	0.02677648260588228
1322	55-59	0.02150254341174218
1322	60-64	-0.007436990324421799
1322	65-69	-0.004232220044428914
1322	70-74	0.017896679593022213
1322	75-79	0.038696293645720914
1322	80-84	0.05840777465244429
1322	85-89	0.023202753336555304
1322	90-94	0.03537281586326202
1322	95-99	0.022555191629201943
1322	100-104	0.06566316308249043
1322	105-109	0.05120532566093061
1322	110-114	0.07404780899444319
1322	115-119	0.14595776767396984
1322	120-124	0.05477662208920009
1322	125-129	0.06554396186017897
1322	130-134	0.11969066089014291
1322	135-139	0.12686402648209594
1322	140-144	0.1498597212235211
1322	145-149	0.1578351149580186
1322	150	0.12624703675648163
1323	1	0.022061628803299982
1323	2	0.019763507929674518
1323	3	0.007973402929955853
1323	4	0.048158997907769674
1323	5	-0.016367896020142325
1323	6	0.04031217275820609
1323	7	-0.001373788561984668
1323	8	0.012274075565322562
1323	9	0.013189923117238322
1323	10-14	-0.003259326831077658
1323	15-19	0.024299693943355294
1323	20-24	0.007538507608934708
1323	25-29	0.0043929153974744395
1323	30-34	0.013319397216278617
1323	35-39	0.03035445547778437
1323	40-44	-0.004553558124989365
1323	45-49	0.042075788393695746
1323	50-54	0.01707706887324889
1323	55-59	0.019438490658480134
1323	60-64	-0.02066160231176184
1323	65-69	0.02751481502254194
1323	70-74	0.04595181977192908
1323	75-79	0.06981339561098565
1323	80-84	0.033638285422391334
1323	85-89	0.027219181777418555
1323	90-94	0.013706683385230178
1323	95-99	0.023933212168088858
1323	100-104	-0.01758002824600169
1323	105-109	0.027629813165567896
1323	110-114	0.05223336937321221
1323	115-119	0.07714745973190418
1323	120-124	0.06703131876125923
1323	125-129	0.1112055870518347
1323	130-134	0.11048389191983432
1323	135-139	0.09598442440982069
1323	140-144	0.1263580644942479
1323	145-149	0.17146314173223232
1323	150	0.16964604737213307
1324	1	-0.06259270296474995
1324	2	0.05517674702107911
1324	3	0.011540642118809785
1324	4	0.015052837079380765
1324	5	-0.04292234434137043
1324	6	0.010470062958368942
1324	7	-0.02772248867554339
1324	8	-0.01746047551757357
1324	9	-0.023315392981714922
1324	10-14	-0.011132999680185662
1324	15-19	-0.024744345167547976
1324	20-24	-0.010435940637336216
1324	25-29	-0.04434744835337057
1324	30-34	-0.02856715269734167
1324	35-39	-0.037715334014450264
1324	40-44	-0.0024979124166719657
1324	45-49	-0.0018396112412801813
1324	50-54	-0.02168323259097349
1324	55-59	-0.03651392866311909
1324	60-64	-0.02130747929007981
1324	65-69	-0.007135769055025776
1324	70-74	0.02234283131107162
1324	75-79	0.04880759043841465
1324	80-84	0.06602676352276404
1324	85-89	0.05009291084189016
1324	90-94	0.016501336180446913
1324	95-99	-0.02808683048062477
1324	100-104	0.023736760283064484
1324	105-109	0.011232280644982495
1324	110-114	0.08028820558040195
1324	115-119	0.054705127319252256
1324	120-124	0.035431579600512464
1324	125-129	0.03472017118937032
1324	130-134	0.09937067793796217
1324	135-139	0.07231663468524374
1324	140-144	0.12070414871984525
1324	145-149	0.07939951344315688
1324	150	0.13099948831415276
1325	1	-0.08430123760914654
1325	2	0.008229354737260053
1325	3	-0.05273980957362312
1325	4	0.002485595643065608
1325	5	0.01918607317659138
1325	6	0.04739322707234095
1325	7	-0.06146977894601946
1325	8	-0.061733795721409024
1325	9	-0.07964399875208272
1325	10-14	-0.04081803347209956
1325	15-19	-0.02429184985496846
1325	20-24	-0.06537060014417762
1325	25-29	-0.04928309965663402
1325	30-34	-0.07764242060044779
1325	35-39	-0.04314711967307261
1325	40-44	-0.008493132902458456
1325	45-49	-0.019005293195782258
1325	50-54	-0.005797723681340017
1325	55-59	-0.062332751070158565
1325	60-64	-0.033790323573313685
1325	65-69	-0.05315743744552037
1325	70-74	-0.03385419613335472
1325	75-79	-0.01486914060055966
1325	80-84	-0.044574831852635555
1325	85-89	-0.016140293557910468
1325	90-94	-4.6839513718310855E-4
1325	95-99	-0.043193401368085915
1325	100-104	0.025487328204583548
1325	105-109	-0.005023498930619041
1325	110-114	-0.03350824945580655
1325	115-119	0.023062051239023162
1325	120-124	-0.004753602960860803
1325	125-129	0.013720157020841839
1325	130-134	0.0295893454358378
1325	135-139	0.020214923600271106
1325	140-144	0.006099804651498175
1325	145-149	0.048740677245419306
1325	150	0.07068693075453325
1326	1	-0.07392195873310214
1326	2	-0.03840523149488462
1326	3	-0.08252154741999362
1326	4	-0.04040885916654702
1326	5	-0.025427719073562116
1326	6	-0.012278764563241396
1326	7	-0.020303961608213683
1326	8	-0.01588627721159952
1326	9	-0.02859724868656599
1326	10-14	-0.009841779045686394
1326	15-19	-0.026349371950416867
1326	20-24	-0.044946535074799954
1326	25-29	-0.0518172506917125
1326	30-34	-0.043869464507231726
1326	35-39	-0.02324344509752052
1326	40-44	-0.04116606821081348
1326	45-49	-0.015568637215970682
1326	50-54	0.031392073249676855
1326	55-59	-0.02192698463016285
1326	60-64	-0.007994083753551706
1326	65-69	-0.005137039065374438
1326	70-74	0.007562918330982882
1326	75-79	0.0062533054104818575
1326	80-84	0.03238680586885323
1326	85-89	0.022179368378942854
1326	90-94	0.017061481505386666
1326	95-99	-4.4509257760694254E-4
1326	100-104	0.038888523725944424
1326	105-109	0.03350642783397717
1326	110-114	-0.0022514799151309717
1326	115-119	0.04846808230931288
1326	120-124	0.020434405466652095
1326	125-129	0.051524307475254716
1326	130-134	0.07354128390234393
1326	135-139	0.08871513115686014
1326	140-144	0.12205980096420177
1326	145-149	0.1401037825959648
1326	150	0.07098051264639338
1327	1	-0.06063795920435666
1327	2	0.03831086039169662
1327	3	-0.03249143166673463
1327	4	-0.03790039462035111
1327	5	0.00915343968659954
1327	6	0.016787158293603
1327	7	-0.047908498532216015
1327	8	-0.06272576486414749
1327	9	-0.010827694971524693
1327	10-14	0.008933063419128473
1327	15-19	-0.020798017665015323
1327	20-24	0.002412200960925759
1327	25-29	-0.04090236330466723
1327	30-34	-0.039832834199295064
1327	35-39	-0.023665877187355022
1327	40-44	-0.007784129286136476
1327	45-49	0.012009846339950059
1327	50-54	0.018280606157752288
1327	55-59	-0.0028219742587225483
1327	60-64	-0.03357123395163342
1327	65-69	0.010699948004862847
1327	70-74	0.026465779565420178
1327	75-79	0.045571177302726085
1327	80-84	0.029110424594925632
1327	85-89	0.03833005926893662
1327	90-94	0.020630279887292602
1327	95-99	-0.009223930265314095
1327	100-104	0.020831039716398436
1327	105-109	0.03256617455941324
1327	110-114	0.03143205496256485
1327	115-119	0.05948041097202861
1327	120-124	0.05896425858740173
1327	125-129	0.07446730638116605
1327	130-134	0.09584297630786409
1327	135-139	0.06993429072726087
1327	140-144	0.1025316682239179
1327	145-149	0.06157314778088363
1327	150	0.13540784273212125
1328	1	0.013565913676515606
1328	2	0.04160518750187947
1328	3	0.04810667035114591
1328	4	0.010646973581984298
1328	5	0.04928542982953843
1328	6	0.06679067389983828
1328	7	0.008715766274747239
1328	8	-0.005611077626014094
1328	9	0.01438189174345439
1328	10-14	0.007810889331132387
1328	15-19	0.021860366888880378
1328	20-24	0.020743443791729987
1328	25-29	-0.019412659021881495
1328	30-34	0.012428015991176267
1328	35-39	0.018125423440380928
1328	40-44	0.07576305617888579
1328	45-49	0.04176109540051698
1328	50-54	0.04859327619853815
1328	55-59	0.04723786525524787
1328	60-64	0.04199021949459336
1328	65-69	0.051422263162358206
1328	70-74	0.05101513728549634
1328	75-79	0.06031570404183384
1328	80-84	0.06798197250614635
1328	85-89	0.09030042205908728
1328	90-94	0.0645903848991054
1328	95-99	0.06963258309556153
1328	100-104	0.09596366341055074
1328	105-109	0.0755704428207622
1328	110-114	0.145366656523791
1328	115-119	0.14841903368181164
1328	120-124	0.0816488608443322
1328	125-129	0.11930260254826663
1328	130-134	0.17585696823514496
1328	135-139	0.1431821042335386
1328	140-144	0.14490488980488436
1328	145-149	0.1577459605126137
1328	150	0.2371835299867584
1329	1	-0.03240166491598018
1329	2	-0.024284280133116454
1329	3	-0.0025496987148940775
1329	4	-0.07454378354854896
1329	5	-0.047869842981882016
1329	6	0.013323954263078974
1329	7	-0.0047881121046629005
1329	8	-1.6202972226153634E-4
1329	9	0.0013772512218324096
1329	10-14	-0.03640380354243433
1329	15-19	-0.013349840291148496
1329	20-24	-0.02611167489953914
1329	25-29	-0.040247390236544334
1329	30-34	-0.02414304187546179
1329	35-39	-0.013839277960670415
1329	40-44	0.00647919403804309
1329	45-49	0.00911982097038333
1329	50-54	0.05734135774144988
1329	55-59	0.009674859460865548
1329	60-64	-0.0025520763872250996
1329	65-69	0.012050913034713062
1329	70-74	0.02675090861580287
1329	75-79	0.045112780401957764
1329	80-84	0.05946227159651585
1329	85-89	0.030484592100052055
1329	90-94	0.075988674747407
1329	95-99	0.06184427024462025
1329	100-104	0.09641774000944991
1329	105-109	0.08319535870653283
1329	110-114	0.05431054411932479
1329	115-119	0.10873133408436075
1329	120-124	0.0730174887925088
1329	125-129	0.12168559447982119
1329	130-134	0.12130286625142617
1329	135-139	0.13238869207701498
1329	140-144	0.16514849765253103
1329	145-149	0.17301109121225977
1329	150	0.1677072727922848
1330	1	-0.07113293126178633
1330	2	-0.06812810830491856
1330	3	-0.014971349636510922
1330	4	-0.041852457365543216
1330	5	-0.11808057278029338
1330	6	-0.01582591663903088
1330	7	-0.020225167823738843
1330	8	-0.03634744346861396
1330	9	-0.05367191572740637
1330	10-14	-0.034630118895748296
1330	15-19	-0.02818698525805985
1330	20-24	-0.060030390413103873
1330	25-29	-0.08605306690986936
1330	30-34	-0.08819782231635998
1330	35-39	-0.04592390803548341
1330	40-44	-0.05926221085323391
1330	45-49	-0.03164887829355223
1330	50-54	-0.05369279911039371
1330	55-59	-0.07841259525012845
1330	60-64	-0.04251042616638756
1330	65-69	-0.04323705765995811
1330	70-74	-0.05347467295502639
1330	75-79	-0.01563684570824364
1330	80-84	-0.01114558692102463
1330	85-89	-0.03954067130060679
1330	90-94	-0.016371718869983454
1330	95-99	-0.044960273867516776
1330	100-104	-0.013682818595910362
1330	105-109	-0.015717037712505544
1330	110-114	-0.008359300664729119
1330	115-119	0.02780270805776297
1330	120-124	-0.027165233800076294
1330	125-129	0.002686968421720337
1330	130-134	0.07585970556585409
1330	135-139	0.01351950688147241
1330	140-144	0.01935826415286357
1330	145-149	0.09870271087117288
1330	150	0.14342774875349562
1331	1	-0.10293883230294654
1331	2	-0.0306805927139564
1331	3	-0.08786660722175554
1331	4	-0.0564995768976857
1331	5	-0.028713370096383528
1331	6	0.045247485085752714
1331	7	-0.042132998144737144
1331	8	-0.023234978347957735
1331	9	-0.10287549789858019
1331	10-14	-0.02647812875164135
1331	15-19	-0.03187750660318045
1331	20-24	-0.016575651967762894
1331	25-29	-0.05313045715571718
1331	30-34	-0.06506859011768995
1331	35-39	-0.044522927150396185
1331	40-44	-0.05456764953174087
1331	45-49	-0.03556742013847014
1331	50-54	-0.05138337485113453
1331	55-59	-0.04888048567091374
1331	60-64	-0.06549400310382936
1331	65-69	-0.04247926806215929
1331	70-74	-0.07985301350679919
1331	75-79	-0.040482516553076664
1331	80-84	-0.04664735698344913
1331	85-89	-0.020701745510919523
1331	90-94	-0.04951367523000272
1331	95-99	-0.051242709085279614
1331	100-104	-6.356649562562211E-4
1331	105-109	-0.032822948897702986
1331	110-114	-0.029008718043684212
1331	115-119	0.021672911320919752
1331	120-124	-0.04445557549269097
1331	125-129	-0.024133152659956636
1331	130-134	0.060024630102972765
1331	135-139	-0.01663708630702132
1331	140-144	0.030110805309746524
1331	145-149	0.008342935392711581
1331	150	0.060250251480624684
1332	1	-0.09675327651130061
1332	2	-0.0065040546848678105
1332	3	-0.015850665487882054
1332	4	-0.02056427637445779
1332	5	0.016313838860732233
1332	6	-0.031770906044485514
1332	7	-7.629150128138917E-4
1332	8	-0.015215234147568424
1332	9	-0.08454984475081062
1332	10-14	-0.01162829445478053
1332	15-19	-0.019377764822685606
1332	20-24	0.0041787030884776755
1332	25-29	-0.029144042452251995
1332	30-34	-0.03591701084725685
1332	35-39	0.008607357127139892
1332	40-44	-6.439674102765025E-4
1332	45-49	-0.006610833475583888
1332	50-54	0.03534218799359223
1332	55-59	0.007404281739724183
1332	60-64	-0.020844864376513783
1332	65-69	0.016519091137382702
1332	70-74	-0.009210061718597728
1332	75-79	0.023753530003155277
1332	80-84	0.045489232276388236
1332	85-89	0.02691374500283672
1332	90-94	0.043150788455477596
1332	95-99	-0.0022732630915243135
1332	100-104	0.03562705788716869
1332	105-109	0.022803912127081105
1332	110-114	0.019062935652989665
1332	115-119	0.04782552937148665
1332	120-124	0.036976340141841035
1332	125-129	0.056471317045733826
1332	130-134	0.12123526638531956
1332	135-139	0.07936866387225905
1332	140-144	0.06527070957671555
1332	145-149	0.0982194031860999
1332	150	0.06549210723773768
1333	1	0.006530164225239332
1333	2	0.02845431796415454
1333	3	0.02971440539787551
1333	4	-0.0045465182601844845
1333	5	-0.0034202043858826414
1333	6	6.393600830278956E-4
1333	7	-0.012397696724207208
1333	8	0.019091365618621126
1333	9	0.010171084085449422
1333	10-14	0.020348668249617674
1333	15-19	0.026404315815931056
1333	20-24	0.031206873961941994
1333	25-29	0.024298451248512265
1333	30-34	0.012537012701578476
1333	35-39	0.04003065944674944
1333	40-44	0.05459508575224703
1333	45-49	0.05702067114801679
1333	50-54	0.07045001075543667
1333	55-59	0.06046771068478307
1333	60-64	0.038872826481068046
1333	65-69	0.05666007495042891
1333	70-74	0.037577931375423645
1333	75-79	0.03945964529356871
1333	80-84	0.04583972717210116
1333	85-89	0.02932912836683954
1333	90-94	0.07245845224697689
1333	95-99	0.024650782026093054
1333	100-104	0.1356744111448478
1333	105-109	0.058373204228011843
1333	110-114	0.02496911157171411
1333	115-119	0.11035597435807887
1333	120-124	0.10389427836006604
1333	125-129	0.12616436915322282
1333	130-134	0.07369702068856299
1333	135-139	0.11760237083545633
1333	140-144	0.14411502201714654
1333	145-149	0.14317411463326835
1333	150	0.2573344941503919
1334	1	-0.06114348094732236
1334	2	-4.1811127281476956E-4
1334	3	0.038519645929355306
1334	4	0.04244004133879287
1334	5	0.05822693868528006
1334	6	0.007452545122603738
1334	7	0.05054198767118834
1334	8	5.663225290248874E-4
1334	9	-0.013724384802060285
1334	10-14	-0.008362150492587261
1334	15-19	0.008837015641717016
1334	20-24	-0.025929024878820428
1334	25-29	-0.05165996002840245
1334	30-34	-0.04342632078188302
1334	35-39	-0.05612914031799221
1334	40-44	-0.047490702654457095
1334	45-49	-0.004707513858420498
1334	50-54	-0.019948886792924725
1334	55-59	0.00822528222909824
1334	60-64	-6.530150807719792E-4
1334	65-69	0.032204733245016826
1334	70-74	-0.010894577370642367
1334	75-79	0.036615684696279516
1334	80-84	0.016196448290052956
1334	85-89	0.02169480313990846
1334	90-94	0.052353776687247944
1334	95-99	0.043458543170935116
1334	100-104	0.07145728836709253
1334	105-109	0.018746601247976002
1334	110-114	0.03754917688765147
1334	115-119	0.06713951480232794
1334	120-124	0.06160590585353276
1334	125-129	0.09644795596577183
1334	130-134	0.11446576674179454
1334	135-139	0.11266875818336075
1334	140-144	0.12824347114023027
1334	145-149	0.14339701602201416
1334	150	0.23375226478575684
1335	1	-0.10467963393658408
1335	2	0.02273672522603931
1335	3	-0.027615953019704875
1335	4	-0.025864470080072977
1335	5	0.029689080946461388
1335	6	0.005585890956069761
1335	7	-0.05122831029466113
1335	8	-0.049013632544152586
1335	9	-0.03775228313433843
1335	10-14	-0.011077619447839027
1335	15-19	-0.040375982938435584
1335	20-24	-0.011815462596949544
1335	25-29	-0.021178910573745213
1335	30-34	-0.04351700736607711
1335	35-39	-0.006087586621198682
1335	40-44	-3.7339801650659865E-4
1335	45-49	-0.002606473108713203
1335	50-54	0.0083637048524281
1335	55-59	0.021103977488031944
1335	60-64	-0.02415965423804778
1335	65-69	-0.010361974430509235
1335	70-74	-0.013275379821877209
1335	75-79	0.021330589599720895
1335	80-84	0.029202721286502253
1335	85-89	0.005078080171877275
1335	90-94	-0.008151979473858262
1335	95-99	-0.001160247411206683
1335	100-104	0.06591890508619258
1335	105-109	0.06260142578471317
1335	110-114	0.0481743655433462
1335	115-119	0.12739320717986402
1335	120-124	0.0660045734618322
1335	125-129	0.0664899024892307
1335	130-134	0.10192127423317032
1335	135-139	0.07446545464742371
1335	140-144	0.052339836797848704
1335	145-149	0.12915563957916731
1335	150	0.16563389137735385
1336	1	-0.03088796805078431
1336	2	0.022062171366556527
1336	3	-0.022798737338781905
1336	4	-0.0766602014312312
1336	5	-0.06407885548878056
1336	6	-0.04062156643841064
1336	7	-0.03893388184385316
1336	8	0.007160387478677421
1336	9	-0.0693684353505617
1336	10-14	-0.016692346165690708
1336	15-19	0.002061948045401607
1336	20-24	0.011745062858381061
1336	25-29	0.0016789498148099824
1336	30-34	-0.01117165826056521
1336	35-39	0.005558584956986579
1336	40-44	0.025637310396511737
1336	45-49	0.017088777460237736
1336	50-54	0.05386826694910951
1336	55-59	0.046358165194547496
1336	60-64	0.021259086944397154
1336	65-69	0.0669348758203725
1336	70-74	0.02444388356595084
1336	75-79	0.030226172788012207
1336	80-84	0.07842544985835787
1336	85-89	0.036421537561203365
1336	90-94	0.0676522370414645
1336	95-99	0.02415550406951894
1336	100-104	0.06307744911812563
1336	105-109	0.0778865183216908
1336	110-114	0.0614165814211276
1336	115-119	0.11425896044026729
1336	120-124	0.07610588570035759
1336	125-129	0.0820328906032799
1336	130-134	0.13678993687690166
1336	135-139	0.09888469575348324
1336	140-144	0.1287854400922086
1336	145-149	0.13617810004240027
1336	150	0.22455558046077329
1337	1	-0.11058395271980714
1337	2	-0.04359098334174405
1337	3	-0.10225550204543765
1337	4	-0.06465842744783856
1337	5	-0.03883663565443385
1337	6	-0.03947755616103166
1337	7	-0.13760890883803967
1337	8	-0.044649920958555356
1337	9	-0.07293968263667949
1337	10-14	-0.07155581513367082
1337	15-19	-0.038966018039516825
1337	20-24	-0.05979960714823562
1337	25-29	-0.04710946580863151
1337	30-34	-0.014205671863471991
1337	35-39	-0.03310498747158164
1337	40-44	-0.05819024445869303
1337	45-49	-0.00866472693142839
1337	50-54	-0.019770388346842083
1337	55-59	-0.005405488935046776
1337	60-64	-0.014429153669418326
1337	65-69	0.004645030149092122
1337	70-74	-0.0623795123376496
1337	75-79	-0.005928545586066036
1337	80-84	-0.005661558932430921
1337	85-89	-0.013395278965319335
1337	90-94	-4.03745141817069E-4
1337	95-99	-0.02770192521841608
1337	100-104	0.0074478137793931865
1337	105-109	-0.03681839691489586
1337	110-114	-0.019461572083493195
1337	115-119	0.02881216519929808
1337	120-124	0.012023581529945204
1337	125-129	0.07815530180241126
1337	130-134	0.13172548115165483
1337	135-139	0.040508250729615725
1337	140-144	0.022949592713757738
1337	145-149	0.06262903967881783
1337	150	0.024292851392786474
1338	1	-0.05959069067971967
1338	2	0.01754060174032901
1338	3	0.011469745156666988
1338	4	0.018659714131878502
1338	5	-0.04034076094757921
1338	6	-0.0022817674851580705
1338	7	-0.019973493167100287
1338	8	0.01045009713931222
1338	9	0.011330013715898701
1338	10-14	-0.002172661412522814
1338	15-19	0.014368447512374871
1338	20-24	0.029092828057436293
1338	25-29	0.010262608920804439
1338	30-34	0.017893584159359932
1338	35-39	0.037311265318187736
1338	40-44	0.012961031025199077
1338	45-49	-0.006490687809062479
1338	50-54	-0.00920899936779307
1338	55-59	0.02630762891908489
1338	60-64	0.031303972338193375
1338	65-69	0.030627217164642673
1338	70-74	0.007628423897408254
1338	75-79	0.051707997895476865
1338	80-84	0.058780414739892706
1338	85-89	0.04530288000194105
1338	90-94	0.08408052803998345
1338	95-99	0.07712250659740505
1338	100-104	0.064616901492073
1338	105-109	0.11175891818556494
1338	110-114	0.10121125289504107
1338	115-119	0.09657706183932646
1338	120-124	0.11007868442897006
1338	125-129	0.1149224374392972
1338	130-134	0.1626146833002693
1338	135-139	0.14507314442260366
1338	140-144	0.1664403403218344
1338	145-149	0.18053440257880027
1338	150	0.2760315594016802
1339	1	-0.11940613640661013
1339	2	-0.03675957037314248
1339	3	-0.020852881834152015
1339	4	0.06277787823756853
1339	5	-0.058520743786189655
1339	6	-0.06863006771426683
1339	7	-0.06814278206144309
1339	8	-0.06665982879878385
1339	9	-0.09966106269740749
1339	10-14	-0.0552404022478683
1339	15-19	-0.018158223044004274
1339	20-24	-0.04549924672874539
1339	25-29	-0.04925416876561428
1339	30-34	-0.027837822228477194
1339	35-39	-0.04998386996417992
1339	40-44	-0.051490773409042845
1339	45-49	-0.0460751025187065
1339	50-54	-0.05063977102128092
1339	55-59	-0.028218283679244394
1339	60-64	-0.03578800020876827
1339	65-69	-0.021916910853285287
1339	70-74	-0.03274284416307438
1339	75-79	0.013468764424970914
1339	80-84	0.0078061999324390285
1339	85-89	-0.027379791866792402
1339	90-94	-0.019994717801374406
1339	95-99	0.0033054605723634722
1339	100-104	0.031856181779822634
1339	105-109	0.02857527046433006
1339	110-114	0.06204645382886298
1339	115-119	0.09216594398629496
1339	120-124	0.037797123368477514
1339	125-129	0.04519051883763581
1339	130-134	0.09144172841303089
1339	135-139	0.0641005006756572
1339	140-144	0.08665521661793463
1339	145-149	0.06558320815645402
1339	150	0.1995882238903306
1340	1	-0.034267748921649854
1340	2	0.027319852009526358
1340	3	0.05526023489268539
1340	4	5.035100065171605E-4
1340	5	-0.0206146066020807
1340	6	-0.015380970241338332
1340	7	-0.02121137411920415
1340	8	0.018779401044774602
1340	9	0.014358191213538873
1340	10-14	0.013471992457311899
1340	15-19	0.020349598857315243
1340	20-24	0.0075693453290170964
1340	25-29	0.014464242786736747
1340	30-34	0.0022464136319371164
1340	35-39	0.0548897762452043
1340	40-44	0.030398516602993197
1340	45-49	0.013612021428350829
1340	50-54	0.026857220555136507
1340	55-59	0.027196878775619382
1340	60-64	-0.0022139929885582887
1340	65-69	0.01845613367137844
1340	70-74	-0.012586406136598782
1340	75-79	0.02556262724085201
1340	80-84	0.0411997017374901
1340	85-89	0.04710877612357223
1340	90-94	0.07182237004458614
1340	95-99	0.052523270439991165
1340	100-104	0.057548119204611226
1340	105-109	0.0916318288277509
1340	110-114	0.08629434793235191
1340	115-119	0.07736449994296635
1340	120-124	0.09333262276678767
1340	125-129	0.09278377996879072
1340	130-134	0.12952837101230585
1340	135-139	0.11999701090429937
1340	140-144	0.1326239290126381
1340	145-149	0.1540910300577849
1340	150	0.20349917455217792
1341	1	-0.07837151094853567
1341	2	-0.011842472181463393
1341	3	-0.021671009696234478
1341	4	-0.038288546666194634
1341	5	-0.019895852007763892
1341	6	-0.0946868275467736
1341	7	-0.013660639301534161
1341	8	-0.03072699968269177
1341	9	0.03782471195124515
1341	10-14	-0.023280979211783404
1341	15-19	0.010686814554489388
1341	20-24	-0.03699360287164666
1341	25-29	-0.03843326389714008
1341	30-34	-0.02131632220941526
1341	35-39	-0.028214644640065956
1341	40-44	-0.00848714152029828
1341	45-49	-0.022907354997592222
1341	50-54	-0.013112504630129251
1341	55-59	0.0021361930184014
1341	60-64	0.0031894624786161785
1341	65-69	-0.0029959139624367026
1341	70-74	-0.02842056984929542
1341	75-79	-0.024967127565822977
1341	80-84	-0.02188086956351043
1341	85-89	-0.042466287448093
1341	90-94	-0.012807716369316324
1341	95-99	-0.019574676208812036
1341	100-104	0.001988988026454308
1341	105-109	-0.01396264111795631
1341	110-114	0.00710496154186302
1341	115-119	0.029132854049407797
1341	120-124	0.02279992760040983
1341	125-129	0.03921766815889782
1341	130-134	0.08869962518462415
1341	135-139	0.05179215495469691
1341	140-144	0.06514501520329219
1341	145-149	0.10038416213981805
1341	150	0.11471174622344904
1342	1	-0.01600439872368753
1342	2	0.04793755740082872
1342	3	0.028542741509760106
1342	4	0.011872222692247192
1342	5	0.02369288848331763
1342	6	-0.012941855350845799
1342	7	-0.06445700844913205
1342	8	0.00168886313718275
1342	9	-0.008526927020781727
1342	10-14	0.009616772205788493
1342	15-19	0.013063757146241528
1342	20-24	0.03343865969946336
1342	25-29	0.017538145967144203
1342	30-34	0.03844258758648067
1342	35-39	0.03509740476346224
1342	40-44	-3.785661210145008E-4
1342	45-49	0.041954500078361434
1342	50-54	0.04689637735257435
1342	55-59	0.048048055298423265
1342	60-64	0.027679842762431406
1342	65-69	0.03473261471067701
1342	70-74	0.06988557951027019
1342	75-79	0.10148301569491025
1342	80-84	0.07128859392461351
1342	85-89	0.06883854329268502
1342	90-94	0.10250960021409838
1342	95-99	0.07008758959045025
1342	100-104	0.09968649359365145
1342	105-109	0.08512468500401127
1342	110-114	0.06850565203850323
1342	115-119	0.10938765934794503
1342	120-124	0.11269799453808815
1342	125-129	0.13735093802343812
1342	130-134	0.15451974953237624
1342	135-139	0.16790828459882334
1342	140-144	0.165826885198058
1342	145-149	0.14459175979147432
1342	150	0.16644136189075454
1343	1	-0.09120855303618214
1343	2	0.04115035824891322
1343	3	-0.006571524169672216
1343	4	0.0274194225067248
1343	5	-0.0028596873487174435
1343	6	0.05344846450471863
1343	7	3.6613396524387554E-5
1343	8	-0.0160738043687374
1343	9	0.02565090670733383
1343	10-14	0.009507577025608782
1343	15-19	0.014604526352933078
1343	20-24	0.03279103455199106
1343	25-29	0.01837920468003773
1343	30-34	0.017564921893423957
1343	35-39	-0.005057967849218414
1343	40-44	-0.016702187285702053
1343	45-49	-7.768702079573586E-4
1343	50-54	0.004503561817521984
1343	55-59	0.061048704984905555
1343	60-64	0.05317534372959898
1343	65-69	0.031132339376121365
1343	70-74	-0.003593335126815589
1343	75-79	0.028344993208023084
1343	80-84	0.05134102896057158
1343	85-89	0.07176251893221064
1343	90-94	0.06429993737008033
1343	95-99	0.05608887055868195
1343	100-104	0.09796204532101882
1343	105-109	0.090617756548653
1343	110-114	0.053349994152725344
1343	115-119	0.13626426861030438
1343	120-124	0.09296666658261898
1343	125-129	0.08038077758952511
1343	130-134	0.12598551952128645
1343	135-139	0.08345837395371802
1343	140-144	0.1440086280878603
1343	145-149	0.14811462489043237
1343	150	0.2675992025758518
1344	1	-0.0295359848169241
1344	2	0.04377970147122312
1344	3	-0.005259333070995353
1344	4	-0.020681021711716596
1344	5	0.03696190868190996
1344	6	0.08253702086712877
1344	7	0.00485445765203707
1344	8	-0.005856986907581074
1344	9	0.02469673624238311
1344	10-14	0.008831747621471209
1344	15-19	0.02403025326366759
1344	20-24	0.01531124900608205
1344	25-29	0.03311085801738756
1344	30-34	0.018353587053873355
1344	35-39	0.004860195910083576
1344	40-44	-0.0032387097312422952
1344	45-49	0.02252343785791311
1344	50-54	0.011853072226372774
1344	55-59	0.05395945545706127
1344	60-64	0.05547863736784109
1344	65-69	0.07028477582505133
1344	70-74	0.04054815606081519
1344	75-79	0.03228548020152999
1344	80-84	0.1000707516323871
1344	85-89	0.04066094401349574
1344	90-94	0.06047278223539365
1344	95-99	0.02827736470157305
1344	100-104	0.10271437648597015
1344	105-109	0.08903036637163098
1344	110-114	0.04902309843829755
1344	115-119	0.12644576632995097
1344	120-124	0.05461670348024228
1344	125-129	0.11188736507272523
1344	130-134	0.1532278304493886
1344	135-139	0.10873531972626438
1344	140-144	0.12773241475552055
1344	145-149	0.11764075743386115
1344	150	0.2270738300338877
1345	1	-0.029884931850880037
1345	2	0.08063801515910285
1345	3	0.02685217851855981
1345	4	0.05020886873013808
1345	5	0.029406378219647422
1345	6	0.05666697760486272
1345	7	0.023707018740026342
1345	8	0.025390383790487192
1345	9	0.0443440635305592
1345	10-14	0.02495812225405558
1345	15-19	0.01687287673140503
1345	20-24	9.164558493779396E-4
1345	25-29	0.03762408062394229
1345	30-34	-0.0058028427324785525
1345	35-39	0.005922624905537077
1345	40-44	-0.009342916242431443
1345	45-49	0.018838167707386333
1345	50-54	0.0281099470092272
1345	55-59	0.04543569952750204
1345	60-64	0.0336488336804166
1345	65-69	0.04872310374172173
1345	70-74	0.03246947100647901
1345	75-79	0.05673329270684491
1345	80-84	0.07422714197568325
1345	85-89	0.07627553041422885
1345	90-94	0.06386934728661942
1345	95-99	0.06709169758491385
1345	100-104	0.07034025982718362
1345	105-109	0.12090651789740292
1345	110-114	0.09769758993003563
1345	115-119	0.146632304912643
1345	120-124	0.07274589254351582
1345	125-129	0.10790398659963074
1345	130-134	0.1767132144889061
1345	135-139	0.18882213049981544
1345	140-144	0.16773723356936188
1345	145-149	0.18734633760000463
1345	150	0.23138939562525707
1346	1	-0.05622924109975003
1346	2	-0.012090496967608999
1346	3	-0.003103182676511551
1346	4	0.014041416143705021
1346	5	-0.01640281358162099
1346	6	0.006580521936761841
1346	7	-0.026024851856867315
1346	8	-0.032363799917916936
1346	9	-0.013319305778033197
1346	10-14	2.950971504418476E-4
1346	15-19	-0.020203951082514493
1346	20-24	-0.01758107585028057
1346	25-29	-0.013935275865485153
1346	30-34	-0.039089326440262084
1346	35-39	-0.00943032002435018
1346	40-44	0.005007421536809886
1346	45-49	0.021975438997543506
1346	50-54	0.0218030689305877
1346	55-59	0.032130693456736026
1346	60-64	0.01818311892481006
1346	65-69	0.04829969564491421
1346	70-74	0.00799121119191426
1346	75-79	0.049148668155410746
1346	80-84	0.051849521232078644
1346	85-89	0.02165751258566928
1346	90-94	0.05936749639837302
1346	95-99	0.054869840837106665
1346	100-104	0.10086941884360101
1346	105-109	0.05793748466409454
1346	110-114	0.09501877633187661
1346	115-119	0.09565571534609774
1346	120-124	0.07221348919277659
1346	125-129	0.10926994122029754
1346	130-134	0.12922752865370057
1346	135-139	0.13822805783570402
1346	140-144	0.1645733874964037
1346	145-149	0.16119090972082972
1346	150	0.15837282076156356
1347	1	-0.06866752919985686
1347	2	0.04107099432984285
1347	3	-8.358798147156676E-4
1347	4	-0.05126614391147655
1347	5	-0.04771803087520965
1347	6	-0.05144682733521222
1347	7	-0.023841669270368016
1347	8	-0.06458562645989474
1347	9	-0.056952731084095376
1347	10-14	0.018167610075337848
1347	15-19	-0.007633318030201508
1347	20-24	-0.026040612530124463
1347	25-29	0.01094040133941121
1347	30-34	-0.00815543910565708
1347	35-39	-0.012873141812846711
1347	40-44	-0.018596590110504962
1347	45-49	0.01158775919618904
1347	50-54	0.018250422939708244
1347	55-59	0.03460689347327417
1347	60-64	0.035498539134479756
1347	65-69	0.043139691909487965
1347	70-74	0.042695860960769494
1347	75-79	0.05063002895543889
1347	80-84	0.06595319814123712
1347	85-89	0.032117011104062954
1347	90-94	0.07103231828997991
1347	95-99	0.042812818482019566
1347	100-104	0.09642450166216321
1347	105-109	0.06466524448337196
1347	110-114	0.05172538224113765
1347	115-119	0.1152933229984967
1347	120-124	0.06831163856507061
1347	125-129	0.1239423610900019
1347	130-134	0.1355979103175713
1347	135-139	0.10797587497418704
1347	140-144	0.12153752804128004
1347	145-149	0.14369978179544773
1347	150	0.1632084981793014
1348	1	-0.09780945803221641
1348	2	0.02411829170387847
1348	3	0.018389049750361153
1348	4	0.017177918440424378
1348	5	0.034282944011422956
1348	6	-0.007450140894334822
1348	7	0.006279505535701446
1348	8	-0.01659123945743346
1348	9	0.028343218364057066
1348	10-14	-0.002702379305070224
1348	15-19	0.016264716491434683
1348	20-24	0.013522384040570046
1348	25-29	0.015168770769825812
1348	30-34	0.00684583829639962
1348	35-39	0.03969583818476963
1348	40-44	-0.009556635475199471
1348	45-49	0.03431622344228913
1348	50-54	-0.010228289301352333
1348	55-59	0.030433589420965745
1348	60-64	0.034581214178423636
1348	65-69	0.06891444629209076
1348	70-74	0.0056985071963566725
1348	75-79	0.04174992911272568
1348	80-84	0.04396307801725641
1348	85-89	0.06160883452637478
1348	90-94	0.06879509457620969
1348	95-99	0.027381324458517042
1348	100-104	0.0912687853768901
1348	105-109	0.06346801303291727
1348	110-114	0.046148232262211764
1348	115-119	0.13464627039006416
1348	120-124	0.12027940558712658
1348	125-129	0.0940091794847362
1348	130-134	0.12034114791630657
1348	135-139	0.13064666741430386
1348	140-144	0.1774951304534227
1348	145-149	0.10276229832223294
1348	150	0.18527342461941032
1349	1	0.0065975289418744865
1349	2	0.038667918224092546
1349	3	-0.02904007239435913
1349	4	-0.014319271910665066
1349	5	0.028175470961635085
1349	6	0.03289353229916969
1349	7	-0.010119470705035383
1349	8	-0.009089270298893837
1349	9	-0.020682767755999976
1349	10-14	-0.013999924409468179
1349	15-19	-0.002263023415736143
1349	20-24	0.013787819161962034
1349	25-29	-1.9065230566184255E-4
1349	30-34	0.008700199804778208
1349	35-39	4.916830062811073E-4
1349	40-44	0.03247051080602148
1349	45-49	0.03403258334013515
1349	50-54	0.037688195349360853
1349	55-59	0.04096110718402457
1349	60-64	0.05253774572322101
1349	65-69	0.07195554498435541
1349	70-74	0.07030895921220548
1349	75-79	0.05889780191355953
1349	80-84	0.11642085201135899
1349	85-89	0.045110977065689895
1349	90-94	0.10253006175238966
1349	95-99	0.08396782283747228
1349	100-104	0.12582850319968486
1349	105-109	0.1272890949153691
1349	110-114	0.13445300856376008
1349	115-119	0.15467860319445492
1349	120-124	0.1542434791953866
1349	125-129	0.1814641462003621
1349	130-134	0.19731933783461386
1349	135-139	0.18621336178126313
1349	140-144	0.20921936833996568
1349	145-149	0.2078078818873621
1349	150	0.214999422049857
1350	1	-0.02075313820031255
1350	2	0.07052435669812951
1350	3	0.03416802954790654
1350	4	0.02205989808180675
1350	5	0.02176361468166732
1350	6	0.040473535582513875
1350	7	0.00804993868873538
1350	8	-0.010799056371837423
1350	9	-0.02008701006702296
1350	10-14	0.03033689266846551
1350	15-19	0.019025674510658064
1350	20-24	0.026901806787130056
1350	25-29	0.029240420612950402
1350	30-34	0.028417637208903557
1350	35-39	0.034473900850699124
1350	40-44	0.034275464131546585
1350	45-49	0.03914795676426763
1350	50-54	0.022129477213404414
1350	55-59	0.06901235910167003
1350	60-64	0.05657320134425703
1350	65-69	0.08164084860905518
1350	70-74	0.05798339156110899
1350	75-79	0.09572042757234556
1350	80-84	0.08792878922017877
1350	85-89	0.0803020554188052
1350	90-94	0.10342621174473976
1350	95-99	0.10242670117813191
1350	100-104	0.09168638408210938
1350	105-109	0.10020456910429942
1350	110-114	0.09296948813624795
1350	115-119	0.1382781797558863
1350	120-124	0.13235710338799578
1350	125-129	0.1436861163219021
1350	130-134	0.18961746576061955
1350	135-139	0.2106053255059379
1350	140-144	0.2173278320165224
1350	145-149	0.22322176138851546
1350	150	0.2850321309811221
1351	1	-0.015265120368468388
1351	2	0.06030160429973108
1351	3	0.07904633731517663
1351	4	0.04056831836216901
1351	5	0.04233779547547556
1351	6	0.03552273555787622
1351	7	-0.006415716536210425
1351	8	0.06228447437744933
1351	9	0.07047051498099677
1351	10-14	0.045701290591814825
1351	15-19	0.054710136055149405
1351	20-24	0.047709109777215986
1351	25-29	0.06681692111418869
1351	30-34	0.06652434375079253
1351	35-39	0.07045990868013519
1351	40-44	0.08641804269189635
1351	45-49	0.09016549850164068
1351	50-54	0.07514994686735577
1351	55-59	0.10216893767321977
1351	60-64	0.10429765011971881
1351	65-69	0.09573950842077039
1351	70-74	0.0818782016217483
1351	75-79	0.07807989821757388
1351	80-84	0.07728176446057944
1351	85-89	0.1008062171150641
1351	90-94	0.101072498364708
1351	95-99	0.11361661140287538
1351	100-104	0.14092377942365886
1351	105-109	0.15937547363338211
1351	110-114	0.1315196609102074
1351	115-119	0.18767602582183684
1351	120-124	0.18988335662925948
1351	125-129	0.16350455861203983
1351	130-134	0.18014768300217554
1351	135-139	0.1637772089941194
1351	140-144	0.2127851033640482
1351	145-149	0.23274681389275997
1351	150	0.29481755524340514
1352	1	-0.04408394977021857
1352	2	0.016635072682632313
1352	3	0.03385889457316438
1352	4	0.019770061392414107
1352	5	-0.041858483214092246
1352	6	-0.03384864612035443
1352	7	-0.004846344352785081
1352	8	0.022311138649563134
1352	9	0.0032093273358597685
1352	10-14	-0.014236130503064715
1352	15-19	-0.05376481225008689
1352	20-24	-0.09185677891129274
1352	25-29	-0.07097520375000244
1352	30-34	-0.07601543262281041
1352	35-39	-0.10590356636259912
1352	40-44	-0.11365751736293817
1352	45-49	-0.1261474202544619
1352	50-54	-0.07111539809520195
1352	55-59	-0.05422204258353247
1352	60-64	-0.07038458252400659
1352	65-69	-0.0718563812262687
1352	70-74	-0.07225287200092367
1352	75-79	-0.0987988140865852
1352	80-84	-0.06749388400005074
1352	85-89	-0.061937152717270294
1352	90-94	-0.012378313839072064
1352	95-99	-0.05328446781776108
1352	100-104	0.0065286500451051666
1352	105-109	-0.00870946292360486
1352	110-114	-0.05832674960413442
1352	115-119	0.04112011049043929
1352	120-124	-0.3866884831485038
1352	125-129	0.013938017837226369
1352	130-134	0.11526194241920962
1352	135-139	0.09225233902833452
1352	140-144	0.10509761162648346
1352	145-149	0.08176563780701684
1352	150	0.08714071781208332
1353	1	-0.04046335164282766
1353	2	0.02586019449869781
1353	3	-0.061492713631636775
1353	4	-0.010716092800805654
1353	5	-0.03002404026465655
1353	6	0.03781711190544712
1353	7	0.036527475868815884
1353	8	-0.04062101407729557
1353	9	8.830263962522622E-5
1353	10-14	-0.0014280363481802283
1353	15-19	0.014463964719318767
1353	20-24	-0.013370386591503802
1353	25-29	-0.01365658950341242
1353	30-34	-0.016292044386084115
1353	35-39	-0.004959492983800828
1353	40-44	-0.010863567568257793
1353	45-49	0.0039462458473309425
1353	50-54	-0.0023998939964826604
1353	55-59	0.020955133432288164
1353	60-64	0.027736956919511613
1353	65-69	0.019080405121378874
1353	70-74	0.022587086353780705
1353	75-79	-0.01460557526980466
1353	80-84	0.03372914659920667
1353	85-89	0.00918112904733448
1353	90-94	0.07268868835330267
1353	95-99	0.01456598332466541
1353	100-104	0.07541497862575142
1353	105-109	0.07931602915241598
1353	110-114	0.05346031869074608
1353	115-119	0.10437271354508226
1353	120-124	0.07994469361213419
1353	125-129	0.15239409825596795
1353	130-134	0.12933938547696755
1353	135-139	0.12438591729184623
1353	140-144	0.10798358033163424
1353	145-149	0.1720043820742987
1353	150	0.16727129353230197
1354	1	-0.002318801784682023
1354	2	0.08622287500201509
1354	3	-0.06940889233882785
1354	4	-0.038325832399721094
1354	5	0.03152697653116121
1354	6	0.016460324940858584
1354	7	-0.04208194830064116
1354	8	0.01884085236896027
1354	9	0.06908212046683104
1354	10-14	0.019557342156609536
1354	15-19	0.026089798447621604
1354	20-24	0.02814890936372194
1354	25-29	0.0461816664529735
1354	30-34	0.03407249400452628
1354	35-39	0.03384009612400973
1354	40-44	0.0758941255694694
1354	45-49	0.04872032019194705
1354	50-54	0.030811276853881964
1354	55-59	0.044980856109859246
1354	60-64	0.023264614145858786
1354	65-69	0.04956622986378534
1354	70-74	0.032029085302646365
1354	75-79	0.0858621831585964
1354	80-84	0.04949971230532668
1354	85-89	0.08901422828242289
1354	90-94	0.09377249597046244
1354	95-99	0.07199673755240354
1354	100-104	0.13116494857823113
1354	105-109	0.07669046415622205
1354	110-114	0.060564283773587135
1354	115-119	0.13694381942831058
1354	120-124	0.10507056130720827
1354	125-129	0.12317869039966922
1354	130-134	0.16753327886492286
1354	135-139	0.18591564899224267
1354	140-144	0.17628086053361613
1354	145-149	0.16783219205656508
1354	150	0.18906134292809185
1355	1	-0.003660638660328175
1355	2	0.03410476123322326
1355	3	-0.015299733619301037
1355	4	0.01592613822675304
1355	5	-0.022890265769575535
1355	6	0.05804207866167843
1355	7	-0.019786378881221367
1355	8	-0.0313509113167072
1355	9	0.003564563203646287
1355	10-14	0.0038264763851501016
1355	15-19	0.011419803231511594
1355	20-24	0.017207503966147897
1355	25-29	0.019306103071301095
1355	30-34	-0.009075117111756015
1355	35-39	0.040085235759903526
1355	40-44	0.0374369639404577
1355	45-49	0.022131642308302446
1355	50-54	0.020983983292751418
1355	55-59	0.028995577547789253
1355	60-64	5.80461403600907E-5
1355	65-69	0.018815059142816892
1355	70-74	0.027125760172133084
1355	75-79	0.022071826742894984
1355	80-84	0.03567007925966692
1355	85-89	0.0771163231366856
1355	90-94	0.05831780256698238
1355	95-99	0.016222191560167687
1355	100-104	0.06696772139757456
1355	105-109	0.07802469960862624
1355	110-114	0.0734864437902516
1355	115-119	0.11453203189815753
1355	120-124	0.06674380949848313
1355	125-129	0.13429279440651243
1355	130-134	0.13754210729835847
1355	135-139	0.17797958416494453
1355	140-144	0.14330283520128262
1355	145-149	0.13612404733736838
1355	150	0.15242999931613355
1356	1	-0.033975931389235825
1356	2	0.034198814597310445
1356	3	-0.017146345708262345
1356	4	0.04831534976045759
1356	5	0.024579588985375267
1356	6	0.029476772712762056
1356	7	0.018168432712172944
1356	8	-0.00676067923082968
1356	9	-0.023705458084734232
1356	10-14	0.006554369825927608
1356	15-19	0.008908840039268284
1356	20-24	0.0016092878759934592
1356	25-29	0.024024903578279577
1356	30-34	0.043179468627187134
1356	35-39	0.0017634519742202315
1356	40-44	0.023006579338250788
1356	45-49	0.05189825050386787
1356	50-54	0.03903161327325222
1356	55-59	0.05354803751885129
1356	60-64	0.023144657160635518
1356	65-69	0.06709595454770323
1356	70-74	0.09546311641897631
1356	75-79	0.04429126663315941
1356	80-84	0.02967546105436014
1356	85-89	0.05307923657821334
1356	90-94	0.08363623207090853
1356	95-99	0.09005440164460055
1356	100-104	0.10812762863461955
1356	105-109	0.1121962423465277
1356	110-114	0.11508808699697681
1356	115-119	0.12678835148271617
1356	120-124	0.1210995677893223
1356	125-129	0.15227883960999833
1356	130-134	0.17212935614988822
1356	135-139	0.19535935100704904
1356	140-144	0.18018183772123564
1356	145-149	0.21860269271172683
1356	150	0.21256783560762926
1357	1	0.016795191501330464
1357	2	0.058793834128124445
1357	3	0.045138249645539474
1357	4	0.011481428123531146
1357	5	-0.040055971699189286
1357	6	-0.011592026373079989
1357	7	0.036057483606334984
1357	8	0.0069444727352134805
1357	9	0.011560653542261434
1357	10-14	-0.0336457923086968
1357	15-19	-0.014536587388072064
1357	20-24	-0.0016880346006757918
1357	25-29	-0.003003467159217621
1357	30-34	-0.01872302595557329
1357	35-39	0.026024800328748654
1357	40-44	-0.006212086191361266
1357	45-49	0.012413930875069923
1357	50-54	0.02294761654663091
1357	55-59	0.0411116862526697
1357	60-64	0.0419706191806668
1357	65-69	0.07078099601648091
1357	70-74	0.06388949900297547
1357	75-79	0.004290890909111056
1357	80-84	0.05043165685192008
1357	85-89	0.0899091363802782
1357	90-94	0.08413099713688155
1357	95-99	0.06344958480059404
1357	100-104	0.11530268786076903
1357	105-109	0.10486280573318396
1357	110-114	0.0891407960533428
1357	115-119	0.12733875193090682
1357	120-124	0.11787683447361985
1357	125-129	0.14331048302742033
1357	130-134	0.15580168562176766
1357	135-139	0.2038219265768717
1357	140-144	0.21023592478523057
1357	145-149	0.19638133189127416
1357	150	0.2014075525674741
1358	1	0.022762096534826526
1358	2	0.021394870556932233
1358	3	0.023563970127817413
1358	4	-0.02178089732465338
1358	5	0.06287917896796102
1358	6	0.016227986344603096
1358	7	0.06366727823571239
1358	8	0.012453445386611861
1358	9	0.07559424446920815
1358	10-14	0.018605391669446192
1358	15-19	0.04441235851425773
1358	20-24	0.057233928216646746
1358	25-29	0.047518601019788775
1358	30-34	0.0656223215431666
1358	35-39	0.06746050078513122
1358	40-44	0.06969099507040255
1358	45-49	0.08477144008634951
1358	50-54	0.05790940653925247
1358	55-59	0.08944871845815072
1358	60-64	0.11495750619029366
1358	65-69	0.0993652665001008
1358	70-74	0.08570676811532962
1358	75-79	0.10310147669957104
1358	80-84	0.11120197872050142
1358	85-89	0.10776546767440465
1358	90-94	0.11114515168853245
1358	95-99	0.10508030984734518
1358	100-104	0.12181490118599214
1358	105-109	0.14381397924697126
1358	110-114	0.11557945033314354
1358	115-119	0.13632900349364974
1358	120-124	0.13847264917907154
1358	125-129	0.18565291796630135
1358	130-134	0.1981839126331053
1358	135-139	0.22798293900633126
1358	140-144	0.2145895533608453
1358	145-149	0.2082794008943054
1358	150	0.2956007244198062
1359	1	-0.06548193814104764
1359	2	0.001792137622771861
1359	3	0.007126002684906041
1359	4	-0.018280465372200183
1359	5	-0.07565085851516784
1359	6	-0.1134274120876313
1359	7	-0.05586357999968783
1359	8	0.022555422409581638
1359	9	-0.03355315778503609
1359	10-14	1.604949547271417E-4
1359	15-19	-0.05973421904028697
1359	20-24	-0.05252798185335905
1359	25-29	-0.045672609139217
1359	30-34	-0.06934109269656119
1359	35-39	-0.0392538197832053
1359	40-44	-0.03191154201719826
1359	45-49	-0.051571458791656255
1359	50-54	-0.03689308337651198
1359	55-59	-0.020744000203791302
1359	60-64	-0.010252453562479502
1359	65-69	-0.006567390365660231
1359	70-74	-0.023666418391997013
1359	75-79	-0.051217794363680014
1359	80-84	-0.015891382534348963
1359	85-89	-0.0134381336593421
1359	90-94	0.01275550290115035
1359	95-99	0.05970267206990343
1359	100-104	0.021039486091993354
1359	105-109	0.04077798533265309
1359	110-114	0.04416989387355841
1359	115-119	0.09684358381211666
1359	120-124	0.05926414737516694
1359	125-129	0.13116655830203428
1359	130-134	0.13904832800938038
1359	135-139	0.1743985590385293
1359	140-144	0.22778135742924377
1359	145-149	0.21270046416884725
1359	150	0.21845624613757764
1360	1	0.011296787332113922
1360	2	-0.01674758318928582
1360	3	-0.005305990943995198
1360	4	-0.023643662057423853
1360	5	-0.019462219817995674
1360	6	0.0268702304000783
1360	7	-0.04189789754430251
1360	8	-0.010753596089280393
1360	9	-0.011483438428093962
1360	10-14	0.004791418081403265
1360	15-19	0.0026487625450712926
1360	20-24	0.005533894319491139
1360	25-29	-0.0011269314546140663
1360	30-34	-0.006221500481800035
1360	35-39	-0.004763672319654688
1360	40-44	0.018082816647876143
1360	45-49	0.02465337873319129
1360	50-54	0.02391503863723443
1360	55-59	0.015744154092850238
1360	60-64	0.008121075722641535
1360	65-69	0.040836417016855364
1360	70-74	0.027076807841872608
1360	75-79	0.020805427193700154
1360	80-84	0.043764084327754915
1360	85-89	0.04156503900228614
1360	90-94	0.04793769601960918
1360	95-99	0.07537596617893172
1360	100-104	0.04958853789202067
1360	105-109	0.06455368208465018
1360	110-114	0.03724346599511108
1360	115-119	0.10166697231529298
1360	120-124	0.08144776198430037
1360	125-129	0.10282889156444952
1360	130-134	0.11605424685398447
1360	135-139	0.18478119240110402
1360	140-144	0.13866121396647912
1360	145-149	0.12214387026544671
1360	150	0.19634881312097008
1361	1	-0.07280560078781662
1361	2	0.03208520944208715
1361	3	-0.009480389426663294
1361	4	-0.04345348418937789
1361	5	-8.299250680465775E-4
1361	6	-0.04097735448885231
1361	7	0.012727913251644907
1361	8	0.027105299248262327
1361	9	0.013971238835274846
1361	10-14	0.013748340495190803
1361	15-19	0.02538949529373724
1361	20-24	0.03409611577635019
1361	25-29	0.06848677466734188
1361	30-34	0.02255846476537471
1361	35-39	0.061176350390638845
1361	40-44	0.03256367706792673
1361	45-49	0.0654702249996717
1361	50-54	0.06813467355100755
1361	55-59	0.03727746762343287
1361	60-64	0.05655446729917202
1361	65-69	0.09249993255600941
1361	70-74	0.0725602667241958
1361	75-79	0.02278358916937151
1361	80-84	0.07600374355367023
1361	85-89	0.06249204169048994
1361	90-94	0.10676248740024619
1361	95-99	0.04756601067790456
1361	100-104	0.10227174584024112
1361	105-109	0.1391861595466679
1361	110-114	0.12507385056377984
1361	115-119	0.12875007528452898
1361	120-124	0.14363100483910785
1361	125-129	0.1937974540951899
1361	130-134	0.2165897254867275
1361	135-139	0.2582076808764384
1361	140-144	0.22481291807378057
1361	145-149	0.21694519369430765
1361	150	0.34513279016718457
1362	1	0.021181910364553858
1362	2	0.023945323010060804
1362	3	0.00997761108844486
1362	4	-0.0011188075916024331
1362	5	0.04622596239420318
1362	6	0.017591821975003086
1362	7	0.006372089875732456
1362	8	-0.025283413358295093
1362	9	-0.004762890225535443
1362	10-14	-0.01831387029136522
1362	15-19	-0.004007476497889684
1362	20-24	9.310403148816704E-4
1362	25-29	0.011538723604452628
1362	30-34	0.008645788118307962
1362	35-39	-0.0037336366882811944
1362	40-44	-0.03546117351989153
1362	45-49	0.007760423020961582
1362	50-54	0.055062783731493425
1362	55-59	0.03508341988069219
1362	60-64	0.007606656007141055
1362	65-69	0.014170424031185291
1362	70-74	0.01790239743307609
1362	75-79	-0.014248215585659807
1362	80-84	0.039102205869610884
1362	85-89	0.057868544670519384
1362	90-94	0.06064843176383761
1362	95-99	-4.674214676256838E-4
1362	100-104	0.01774630029392199
1362	105-109	0.07820697907730079
1362	110-114	0.028806593449345996
1362	115-119	0.09020112406986414
1362	120-124	0.08009147609536882
1362	125-129	0.1566052213347504
1362	130-134	0.14590420382759817
1362	135-139	0.20164788526664523
1362	140-144	0.1582557792622481
1362	145-149	0.16522211602958237
1362	150	0.2124283347354492
1363	1	0.009185522745731589
1363	2	0.05163179294638809
1363	3	0.03200784081235497
1363	4	0.015360867096973152
1363	5	-0.026925562866011887
1363	6	-0.033674986683436714
1363	7	-0.008406855396948743
1363	8	-0.02080843684401401
1363	9	0.027973664583740288
1363	10-14	0.02639598626485906
1363	15-19	0.011545179248756199
1363	20-24	0.018305997031667687
1363	25-29	0.04140118816755489
1363	30-34	0.015416037010702155
1363	35-39	0.049540168875459756
1363	40-44	0.026733303244618867
1363	45-49	0.02888662559305999
1363	50-54	0.022112045075431297
1363	55-59	0.05901678920702125
1363	60-64	0.049550446098002965
1363	65-69	0.06433515895291464
1363	70-74	0.08722581652013872
1363	75-79	0.060871016244824716
1363	80-84	0.04004669713840059
1363	85-89	0.10017472874076816
1363	90-94	0.09021873214135923
1363	95-99	0.1223573735203729
1363	100-104	0.09369719696253043
1363	105-109	0.07114152850250832
1363	110-114	0.05535983514614884
1363	115-119	0.14649721209203648
1363	120-124	0.11644442623727258
1363	125-129	0.11752713477316945
1363	130-134	0.18003325828664174
1363	135-139	0.19152708921488681
1363	140-144	0.19823950580582306
1363	145-149	0.1885030865913606
1363	150	0.27601214821056175
1364	1	-0.011645732054368807
1364	2	0.026329760642852307
1364	3	0.02997287052308195
1364	4	0.05211823861645826
1364	5	0.07816294024414816
1364	6	0.03412323903830128
1364	7	0.03820335352129689
1364	8	-0.02492815091976297
1364	9	0.07069228053504162
1364	10-14	0.022031767675152025
1364	15-19	0.022046470042930366
1364	20-24	0.031315587155830826
1364	25-29	0.035495255536204695
1364	30-34	0.026047958748961264
1364	35-39	0.04119464036750742
1364	40-44	0.042264308326913635
1364	45-49	0.04794151414072445
1364	50-54	0.06683070082772247
1364	55-59	0.05402383073222694
1364	60-64	0.07541650383624443
1364	65-69	0.07140497224843045
1364	70-74	0.05437472070406102
1364	75-79	0.0684859873470458
1364	80-84	0.07810134051374718
1364	85-89	0.09245121757937369
1364	90-94	0.1226052782849294
1364	95-99	0.09483033233174609
1364	100-104	0.09124146699345204
1364	105-109	0.1151223344529626
1364	110-114	0.10692200841019428
1364	115-119	0.1524624633348992
1364	120-124	0.10308072305702609
1364	125-129	0.14492695525913035
1364	130-134	0.20701110814547263
1364	135-139	0.22262850859208072
1364	140-144	0.23018709244342261
1364	145-149	0.18268361203833194
1364	150	0.2457218587572001
1365	1	0.014893751518059162
1365	2	0.013385986236855274
1365	3	0.03929846877682763
1365	4	0.058558747598603134
1365	5	-0.032420019481719464
1365	6	0.016748015308444053
1365	7	0.027471822299602877
1365	8	0.007024536203708465
1365	9	0.03150077038100818
1365	10-14	-2.2228648307276444E-4
1365	15-19	0.001878041097221228
1365	20-24	-0.015689329094868754
1365	25-29	9.38674719179744E-4
1365	30-34	-0.023419597540808468
1365	35-39	-0.008152596055772676
1365	40-44	0.009892046997585169
1365	45-49	-0.0069301579204434915
1365	50-54	0.03582042049600176
1365	55-59	0.018677740635986595
1365	60-64	0.050813454052864415
1365	65-69	0.021616473136788272
1365	70-74	0.00490930271539014
1365	75-79	-0.0067274597996132
1365	80-84	-0.0048217871577023175
1365	85-89	0.02192144944083907
1365	90-94	0.046674449090851056
1365	95-99	0.03485743754419701
1365	100-104	0.03721503480677768
1365	105-109	0.0383501197170375
1365	110-114	-0.001562002151402453
1365	115-119	0.07484639233108226
1365	120-124	0.09347154834376425
1365	125-129	0.11245941374880175
1365	130-134	0.14240127150223714
1365	135-139	0.19231467651978562
1365	140-144	0.10184077140168313
1365	145-149	0.14009541958422034
1365	150	0.21942506786646732
1366	1	0.014427454791601235
1366	2	-0.06458246696480074
1366	3	-0.04358597811275189
1366	4	0.01415750057861942
1366	5	-0.01688470422881494
1366	6	-0.06156647009204619
1366	7	-0.017168957608610924
1366	8	-0.006981209868790472
1366	9	-0.0047827115849727875
1366	10-14	-0.035261972418780374
1366	15-19	-0.019114657451332562
1366	20-24	-0.011794859406649039
1366	25-29	0.0038294970776888704
1366	30-34	-0.014993002598160388
1366	35-39	0.009312204156138648
1366	40-44	-0.0051802317118330166
1366	45-49	0.0042105755754420215
1366	50-54	0.02196831960239365
1366	55-59	-0.007099656787104891
1366	60-64	0.0027880970741449573
1366	65-69	-0.011789027969179244
1366	70-74	-0.03896267171028711
1366	75-79	-0.04334610668783512
1366	80-84	0.016200941298485816
1366	85-89	0.009298962781556952
1366	90-94	0.006470615206225716
1366	95-99	0.024600286083796163
1366	100-104	-0.0323239436239362
1366	105-109	-0.01544099764275586
1366	110-114	0.02956963000033852
1366	115-119	0.0812304283017724
1366	120-124	0.04330140754461098
1366	125-129	0.09503513036644762
1366	130-134	0.09701198980658177
1366	135-139	0.11198027230690855
1366	140-144	0.09238642188742574
1366	145-149	0.1262493681412522
1366	150	0.1665177317755635
1367	1	0.001656085374271754
1367	2	-0.00929268972667785
1367	3	-0.01005432288773278
1367	4	0.07733656625523366
1367	5	0.08258259756604502
1367	6	-0.017837893993416287
1367	7	0.06608202699575827
1367	8	0.014260092144006364
1367	9	0.003805217865981092
1367	10-14	-0.012941699687260666
1367	15-19	0.015243660704314266
1367	20-24	0.023895609000391005
1367	25-29	0.05062213083601108
1367	30-34	0.05930043285381714
1367	35-39	0.05155071969965519
1367	40-44	0.02978855671887004
1367	45-49	0.02147684684369011
1367	50-54	0.055201215506748724
1367	55-59	0.07876419538991541
1367	60-64	0.025712986938557947
1367	65-69	0.06104286542891657
1367	70-74	0.08514747944399659
1367	75-79	0.039071116494348246
1367	80-84	0.087727334922306
1367	85-89	0.07458441243052505
1367	90-94	0.0698728474950272
1367	95-99	0.07449794949698685
1367	100-104	0.0719809179087676
1367	105-109	0.0773823651119585
1367	110-114	0.12529104533992808
1367	115-119	0.1479028235756772
1367	120-124	0.10795372155946836
1367	125-129	0.11315857562555465
1367	130-134	0.14914767062353462
1367	135-139	0.2045955371771555
1367	140-144	0.19668381132375146
1367	145-149	0.18600733448568008
1367	150	0.22334302482184398
1368	1	-0.05781405240317383
1368	2	-0.09380380691904833
1368	3	-0.03177732876352479
1368	4	-0.07765177338510654
1368	5	0.011929387074211206
1368	6	-0.006140678197986915
1368	7	-0.014236704858355154
1368	8	-0.045873456060590456
1368	9	0.04864899853144067
1368	10-14	-0.012957363544565226
1368	15-19	-0.03966147621161298
1368	20-24	-0.013243028115027755
1368	25-29	0.003378462950323069
1368	30-34	0.018229430431446758
1368	35-39	-0.006247255240019456
1368	40-44	-0.022744703639318686
1368	45-49	0.016732909447512156
1368	50-54	0.02724731147459636
1368	55-59	0.017770056436759774
1368	60-64	0.022822544563588565
1368	65-69	-0.018298073167848372
1368	70-74	0.016103592080035867
1368	75-79	-0.03230760701185176
1368	80-84	-0.01784816901623998
1368	85-89	-2.6394760968173614E-4
1368	90-94	0.017943659186897776
1368	95-99	0.004505938064212955
1368	100-104	0.01834197350532918
1368	105-109	0.04202572211614353
1368	110-114	0.013708544264190436
1368	115-119	0.036100844216953476
1368	120-124	-0.021146316125928877
1368	125-129	0.06631498108358613
1368	130-134	0.1090747323326795
1368	135-139	0.14833464734105917
1368	140-144	0.136237170253672
1368	145-149	0.13828656393447147
1368	150	0.19287958656830995
1369	1	0.07074366066326832
1369	2	0.0030746866961806063
1369	3	-0.006242642224762562
1369	4	0.038699007016468556
1369	5	0.03525480484922383
1369	6	-0.023419283535623947
1369	7	-0.04627436594309842
1369	8	0.024978617854991114
1369	9	-0.009326221234715604
1369	10-14	-0.022051775845170596
1369	15-19	-0.035243205133959066
1369	20-24	-0.021877947684146193
1369	25-29	0.012982806935184499
1369	30-34	0.06184902613779286
1369	35-39	0.009956518129207836
1369	40-44	0.01844249821581201
1369	45-49	0.048730469832875656
1369	50-54	0.05247693960322408
1369	55-59	0.03561068440038895
1369	60-64	0.02868771815199267
1369	65-69	0.0318298260810721
1369	70-74	0.047384295843308166
1369	75-79	0.024064224258530942
1369	80-84	0.0605397722105252
1369	85-89	0.0801155462248957
1369	90-94	0.040341858199212766
1369	95-99	0.030872401036646124
1369	100-104	0.058863477105703055
1369	105-109	0.107053788942018
1369	110-114	0.07960078782305402
1369	115-119	0.1168479588817064
1369	120-124	0.11230057812486649
1369	125-129	0.091650629599485
1369	130-134	0.15939516822862032
1369	135-139	0.18650851478106745
1369	140-144	0.18844484364905867
1369	145-149	0.22962966891564207
1369	150	0.22747929599145067
1370	1	0.01883034831502073
1370	2	-0.024941374301249652
1370	3	0.028261748992989055
1370	4	-3.706193070485142E-5
1370	5	-0.005719123709560847
1370	6	-0.02161126671493463
1370	7	0.023021628421162177
1370	8	-0.04774818505030254
1370	9	-0.07302871896349927
1370	10-14	-0.004278365934396788
1370	15-19	-0.02098548198080863
1370	20-24	-0.006602102566375834
1370	25-29	0.005134049545631569
1370	30-34	0.015567075417422416
1370	35-39	0.0038066724856804512
1370	40-44	0.0019516934519714368
1370	45-49	-0.004738525041055652
1370	50-54	-0.021513099372938882
1370	55-59	0.015320367214265218
1370	60-64	0.02641891234151217
1370	65-69	-0.02885023591947089
1370	70-74	-0.007184392728852629
1370	75-79	-0.015136702514091382
1370	80-84	0.04273758791948268
1370	85-89	0.03880721965412448
1370	90-94	0.06927188251427197
1370	95-99	0.0164178756603377
1370	100-104	0.022456537338605642
1370	105-109	0.0866247678963532
1370	110-114	0.08016067379281822
1370	115-119	0.07768230421601885
1370	120-124	0.06006318168681446
1370	125-129	0.07588837689704064
1370	130-134	0.11110986998229322
1370	135-139	0.15969207773103733
1370	140-144	0.1683791279641369
1370	145-149	0.16054739036589183
1370	150	0.16291440898828569
1371	1	0.06340189534733298
1371	2	0.04706100697617188
1371	3	-0.03215450410479548
1371	4	0.03832951189867373
1371	5	-0.021658777496618598
1371	6	0.022286369132963557
1371	7	0.04833131869461482
1371	8	-8.049674810806096E-4
1371	9	0.03054458215048328
1371	10-14	0.02031420633545622
1371	15-19	-0.00251940540137241
1371	20-24	0.04582022507516115
1371	25-29	0.04514485674635438
1371	30-34	0.03539680264992029
1371	35-39	0.016158942382546115
1371	40-44	0.009664675656814836
1371	45-49	0.007405154450246698
1371	50-54	0.059665413115681076
1371	55-59	0.07368086913794514
1371	60-64	0.027389511523409737
1371	65-69	0.037881652071675376
1371	70-74	0.025127888766633077
1371	75-79	0.011223502189587009
1371	80-84	0.040172763950891976
1371	85-89	0.041431900917537234
1371	90-94	0.10160278862418437
1371	95-99	0.03277252067918823
1371	100-104	0.04594589578526609
1371	105-109	0.08547119374885881
1371	110-114	0.06912392777149279
1371	115-119	0.16495416972660593
1371	120-124	0.0862086757150422
1371	125-129	0.16278517362604106
1371	130-134	0.1613062220464201
1371	135-139	0.13338349082089707
1371	140-144	0.20138341325225184
1371	145-149	0.19615535806036632
1371	150	0.21303045009697996
1372	1	-0.004783133218026592
1372	2	-0.006789738089054254
1372	3	0.08517203507626903
1372	4	0.05987595904014853
1372	5	-0.02596953775078248
1372	6	0.013833816391723985
1372	7	-0.030721008704574615
1372	8	0.012965329611347443
1372	9	0.006243526245917508
1372	10-14	0.009858114087208492
1372	15-19	-0.0021218128154885108
1372	20-24	0.003626492720499641
1372	25-29	0.01061087540790595
1372	30-34	0.0323734846328918
1372	35-39	0.004434980513707387
1372	40-44	-2.8380445841236224E-4
1372	45-49	-0.009107568359652873
1372	50-54	0.04785412317593085
1372	55-59	0.03176514059348534
1372	60-64	0.028512132659159306
1372	65-69	0.023724829028971328
1372	70-74	0.03283212783519929
1372	75-79	0.0032614610155476953
1372	80-84	0.03143566842661727
1372	85-89	0.0663136672287763
1372	90-94	0.03870254816408902
1372	95-99	0.10515406797250648
1372	100-104	0.0675505823149507
1372	105-109	0.08773161388008077
1372	110-114	0.09516607822966705
1372	115-119	0.1529995362873109
1372	120-124	0.12647323387307807
1372	125-129	0.15113313159807973
1372	130-134	0.16309047559288103
1372	135-139	0.19863925005113003
1372	140-144	0.1580999672755894
1372	145-149	0.218727174622245
1372	150	0.18783732944196885
1373	1	0.01264371367084749
1373	2	0.019079547560835408
1373	3	-0.03993451707251694
1373	4	0.031200301698184774
1373	5	-0.0018458528072926583
1373	6	-0.0020574766138778955
1373	7	-0.019477656038276336
1373	8	-0.009150647199611228
1373	9	-0.016779868880178128
1373	10-14	-0.0015767200164518158
1373	15-19	-0.01430979476451455
1373	20-24	0.02296234868001079
1373	25-29	0.010691516992345385
1373	30-34	0.034300782858458945
1373	35-39	-0.017101553097980116
1373	40-44	-0.00231278236575605
1373	45-49	0.021805157820224963
1373	50-54	0.023732808471272904
1373	55-59	0.0037291982383180766
1373	60-64	0.054373363061273494
1373	65-69	0.03976523322509706
1373	70-74	0.03899593392730338
1373	75-79	0.028854328699573273
1373	80-84	0.03941934567885852
1373	85-89	0.032809263095572305
1373	90-94	0.05034489400461695
1373	95-99	0.08272302760985184
1373	100-104	0.06220605016746106
1373	105-109	0.06277708002865268
1373	110-114	0.03509609960125459
1373	115-119	0.09406696042647411
1373	120-124	0.0845920314464692
1373	125-129	0.12590327579347615
1373	130-134	0.11448709761492637
1373	135-139	0.16602849724434066
1373	140-144	0.18451345441574318
1373	145-149	0.21231071532734802
1373	150	0.11193555436698688
1374	1	0.021890622281482308
1374	2	0.002784436716716243
1374	3	-0.04792909588640981
1374	4	5.563661205698622E-4
1374	5	-0.03151010881462213
1374	6	0.008572492093051665
1374	7	-0.005758907033296623
1374	8	-0.021362585477270102
1374	9	-0.010505833754542948
1374	10-14	-0.013724835318718931
1374	15-19	-0.026556077442911885
1374	20-24	-0.013609501368428312
1374	25-29	0.009595837546761743
1374	30-34	-0.033428963400908174
1374	35-39	-0.0070532234356974755
1374	40-44	0.013654226447208373
1374	45-49	-0.015953563812935556
1374	50-54	-0.002770202768232366
1374	55-59	0.016175325445146882
1374	60-64	0.036353658105376496
1374	65-69	-0.008347514257614819
1374	70-74	0.010562643283684281
1374	75-79	0.022674933447753176
1374	80-84	0.0031228446620303885
1374	85-89	0.02053149878843641
1374	90-94	0.013325972920888773
1374	95-99	0.004029875043578102
1374	100-104	0.03044626279431384
1374	105-109	0.07525544222527714
1374	110-114	0.005676818880687051
1374	115-119	0.055185137005572926
1374	120-124	0.04166398560276008
1374	125-129	0.07287019435822373
1374	130-134	0.07616080263104408
1374	135-139	0.09119975892223664
1374	140-144	0.13914363246841788
1374	145-149	0.12373179954994384
1374	150	0.1507227910924982
1375	1	0.032226716971990754
1375	2	-0.007967911877173606
1375	3	-0.02959124060112117
1375	4	0.1034950028382724
1375	5	0.03847908369156272
1375	6	0.013557760787911377
1375	7	-0.024818803505631593
1375	8	0.019838644754415213
1375	9	-0.012046552398047083
1375	10-14	0.01180399169006563
1375	15-19	-0.005070214197147038
1375	20-24	0.005916292917618193
1375	25-29	0.024133632304454977
1375	30-34	-0.00506960103995624
1375	35-39	-0.008317176508342072
1375	40-44	-0.025722058228261346
1375	45-49	-0.023993005505481335
1375	50-54	0.03098253814072649
1375	55-59	0.006591615025548947
1375	60-64	-0.02903568321361405
1375	65-69	-0.05457215676177185
1375	70-74	0.026253387136748074
1375	75-79	-1.0353900415083217E-4
1375	80-84	0.01738268461492254
1375	85-89	-0.031874103454832436
1375	90-94	0.02437318105985753
1375	95-99	-0.017104670876726402
1375	100-104	-0.017283403716746193
1375	105-109	0.026932612250185173
1375	110-114	0.012908797152412887
1375	115-119	0.05517379964196323
1375	120-124	0.0252647754479014
1375	125-129	0.07451672839535917
1375	130-134	0.10344836569733218
1375	135-139	0.10061306533131642
1375	140-144	0.17538528145843912
1375	145-149	0.1442339020494856
1375	150	0.17935302570941758
1376	1	-0.01933361653102139
1376	2	-0.03824968157504571
1376	3	-0.026374869653380983
1376	4	0.045231298987424395
1376	5	-0.03755602060935814
1376	6	0.015280854389430942
1376	7	0.006593028192440897
1376	8	-0.04106618498828141
1376	9	-0.043264052879472104
1376	10-14	-0.02986836975296825
1376	15-19	3.9212195641624703E-4
1376	20-24	-0.013356520902419788
1376	25-29	0.021540811852325703
1376	30-34	0.026604238799606605
1376	35-39	-0.0037382505180758585
1376	40-44	0.0030864748052721325
1376	45-49	-0.0265573498744871
1376	50-54	0.032726993207205624
1376	55-59	0.014354667246053054
1376	60-64	-4.7981553151998924E-5
1376	65-69	-0.026860578099331178
1376	70-74	0.002972507382509093
1376	75-79	-0.004254161458405292
1376	80-84	0.023673363082700405
1376	85-89	0.021974222571486735
1376	90-94	0.02909158174301041
1376	95-99	0.026339829246062152
1376	100-104	0.05981551210526703
1376	105-109	0.08783296894085879
1376	110-114	0.06272410324961442
1376	115-119	0.10707317816069661
1376	120-124	0.08311958246872564
1376	125-129	0.11676176376988678
1376	130-134	0.11140393525906234
1376	135-139	0.13992705412350404
1376	140-144	0.19583471928473273
1376	145-149	0.20969597932955963
1376	150	0.3013114053692192
1377	1	-0.01691001808294601
1377	2	-0.04661234991401386
1377	3	-0.00996215317214677
1377	4	0.00808352484366992
1377	5	0.01554149587816056
1377	6	-0.002682336913565564
1377	7	-0.02806337669136383
1377	8	0.06274781264237106
1377	9	-0.014464714758041453
1377	10-14	-0.021727350784232158
1377	15-19	0.00885634389774026
1377	20-24	0.01232404817966426
1377	25-29	0.020425961920054192
1377	30-34	-0.01921862757201609
1377	35-39	0.0028600834799590302
1377	40-44	-0.03082863607362185
1377	45-49	0.014595656943328095
1377	50-54	0.019960605174198065
1377	55-59	0.013745836401419353
1377	60-64	-0.025220166930729704
1377	65-69	-0.05454208597891608
1377	70-74	0.029209189737592567
1377	75-79	-0.024989567121131984
1377	80-84	-0.03443887225253661
1377	85-89	-0.013369134744557698
1377	90-94	0.02963638947043279
1377	95-99	0.011126981827516147
1377	100-104	0.014229633882763437
1377	105-109	0.07303998824804836
1377	110-114	0.03581913555095895
1377	115-119	0.06540092824692323
1377	120-124	0.0570032814201582
1377	125-129	0.05080539826811048
1377	130-134	0.10385278558456434
1377	135-139	0.1198984012131703
1377	140-144	0.17218029670834056
1377	145-149	0.17415817912192466
1377	150	0.1410892937833026
1378	1	0.029284003030042527
1378	2	0.061444775960410425
1378	3	0.033938843306039246
1378	4	0.034331661266499225
1378	5	0.010863333920667628
1378	6	0.00605857587353853
1378	7	0.041646029912222104
1378	8	0.06416836020624572
1378	9	0.0786012947367638
1378	10-14	-0.01738785945687482
1378	15-19	9.243683128801194E-4
1378	20-24	-0.0072504077467954176
1378	25-29	0.025214676988973395
1378	30-34	0.022617506504978735
1378	35-39	-0.005239367280260865
1378	40-44	-0.003858613410095302
1378	45-49	0.0290535571188002
1378	50-54	0.032655933538379145
1378	55-59	0.006765411711405989
1378	60-64	0.027684030977589202
1378	65-69	0.003672748219472055
1378	70-74	0.035044698432031396
1378	75-79	0.026692152331200703
1378	80-84	0.04929403824480971
1378	85-89	0.011477332743922375
1378	90-94	0.047759310409375644
1378	95-99	0.04665588293232048
1378	100-104	0.034723070373068765
1378	105-109	0.07507843308808049
1378	110-114	0.07214758372961683
1378	115-119	0.1209326182198538
1378	120-124	0.09470775901121442
1378	125-129	0.10247212034399666
1378	130-134	0.14007684236461415
1378	135-139	0.14898514661546614
1378	140-144	0.19955016892411237
1378	145-149	0.17690825260527276
1378	150	0.2558106831967777
1379	1	0.07658943421138531
1379	2	0.06755076509478641
1379	3	0.006156051862348022
1379	4	0.08054279527519981
1379	5	-2.895704840852886E-4
1379	6	0.03238608619884076
1379	7	-0.026264333231516446
1379	8	0.038760833451313204
1379	9	0.02919095205200506
1379	10-14	0.01888998490390037
1379	15-19	0.003708909378779879
1379	20-24	0.023836787377810253
1379	25-29	0.01027258008472387
1379	30-34	0.03817605968184523
1379	35-39	0.03148594942004479
1379	40-44	0.012971329709095869
1379	45-49	-0.018595971927751975
1379	50-54	0.013947545881372037
1379	55-59	0.018283134609369256
1379	60-64	0.011128750512213514
1379	65-69	0.012560059510654753
1379	70-74	0.04873257290918076
1379	75-79	0.023176285670821528
1379	80-84	0.05302350502921627
1379	85-89	0.04608938284888353
1379	90-94	0.09278257021578185
1379	95-99	0.08314547170722619
1379	100-104	0.058793377856062534
1379	105-109	0.09572327600542252
1379	110-114	0.10536036701147822
1379	115-119	0.09329793177425216
1379	120-124	0.0977138771152255
1379	125-129	0.18444013674425008
1379	130-134	0.17783227154183123
1379	135-139	0.15820302931776098
1379	140-144	0.22204304384462858
1379	145-149	0.2197605429129723
1379	150	0.19538608665922652
1380	1	0.032899890360809536
1380	2	-6.983839975305273E-4
1380	3	0.029594823353278343
1380	4	0.06519539998663504
1380	5	-0.002500446092433606
1380	6	0.04029319699682077
1380	7	0.009429258361421944
1380	8	0.018869977238765046
1380	9	0.01840716274242027
1380	10-14	-0.016985115401688233
1380	15-19	0.0033102758496710294
1380	20-24	0.01758620975370917
1380	25-29	0.027949097153154412
1380	30-34	0.028977173738738315
1380	35-39	0.027503201362407026
1380	40-44	0.013198959995037285
1380	45-49	-0.01053235702487143
1380	50-54	0.009314121382828944
1380	55-59	-0.020372875676628155
1380	60-64	0.015697233715030734
1380	65-69	0.04869391774636256
1380	70-74	0.02384549566155414
1380	75-79	0.033950629776988706
1380	80-84	0.014467000712251377
1380	85-89	0.027627562057524813
1380	90-94	0.08052307610758902
1380	95-99	0.05800291451868134
1380	100-104	0.07678628715012081
1380	105-109	0.1266343520217319
1380	110-114	0.09566337691241955
1380	115-119	0.09752611375195386
1380	120-124	0.06451214047011433
1380	125-129	0.09124786650787087
1380	130-134	0.14057758839086176
1380	135-139	0.11344511721486583
1380	140-144	0.20934045571752335
1380	145-149	0.17829514566750504
1380	150	0.14910277862207266
1381	1	0.026389229881985443
1381	2	0.009013213816253085
1381	3	-0.027814909179504355
1381	4	0.032403396508314586
1381	5	-0.025970553378847683
1381	6	0.05850096206685862
1381	7	0.03148550376310766
1381	8	0.0015691878808041793
1381	9	-0.001498209075180057
1381	10-14	0.002460120292646195
1381	15-19	0.004834859674325287
1381	20-24	0.022239775797608274
1381	25-29	0.029190051045112853
1381	30-34	0.037381025560883074
1381	35-39	0.009477379563200827
1381	40-44	0.0249185908959646
1381	45-49	0.018537430154552226
1381	50-54	0.048248381159275766
1381	55-59	0.030493918686282484
1381	60-64	0.0356256534484416
1381	65-69	0.03680707231557534
1381	70-74	0.055044487671075615
1381	75-79	0.05030024835917857
1381	80-84	0.060087410468298685
1381	85-89	0.05628124904330889
1381	90-94	0.05875299794270461
1381	95-99	0.06039842135092499
1381	100-104	0.08828922167052866
1381	105-109	0.10100445964408777
1381	110-114	0.13781782040383206
1381	115-119	0.11180420475860586
1381	120-124	0.1040232877223417
1381	125-129	0.13157994215171698
1381	130-134	0.1423521894992419
1381	135-139	0.13676976713320954
1381	140-144	0.21362459205014517
1381	145-149	0.20895053574132305
1381	150	0.2675809566573619
1382	1	0.029824467701907054
1382	2	-0.03784939091969619
1382	3	-0.020093223781557867
1382	4	0.05566303642058301
1382	5	0.013324960511887696
1382	6	0.030354176178086334
1382	7	0.04504502388972753
1382	8	-0.05403511160481855
1382	9	-0.022232804626199254
1382	10-14	0.005879889915732406
1382	15-19	-0.017263052656701916
1382	20-24	0.004282042831228239
1382	25-29	0.05104048970989794
1382	30-34	0.029385912794268165
1382	35-39	0.03763741766243811
1382	40-44	0.01966048792541386
1382	45-49	-0.01855220260448931
1382	50-54	0.03015109787116188
1382	55-59	0.010708158675939217
1382	60-64	0.053184963427860055
1382	65-69	0.017381097580965843
1382	70-74	0.04179423532399085
1382	75-79	0.04377423403402503
1382	80-84	0.033906593497505355
1382	85-89	0.02989288112733135
1382	90-94	0.061584844962546015
1382	95-99	0.038428992522071326
1382	100-104	0.04492976359153289
1382	105-109	0.1104554623495062
1382	110-114	0.07991496172895296
1382	115-119	0.13895963614121598
1382	120-124	0.11561997715233474
1382	125-129	0.12081564189334415
1382	130-134	0.14227143493446448
1382	135-139	0.20350242677754693
1382	140-144	0.22442484635971027
1382	145-149	0.2212621452109147
1382	150	0.21125923704494198
1383	1	0.04210826770253817
1383	2	-0.02293556728883317
1383	3	-0.0020023118340830592
1383	4	0.024648581838249584
1383	5	-0.04636405113163988
1383	6	-0.04241901987655439
1383	7	-0.03504796474989291
1383	8	-0.08384722427719282
1383	9	-0.07176166524527616
1383	10-14	-0.03532942137589856
1383	15-19	-0.008882424148403345
1383	20-24	-0.031131066031996113
1383	25-29	-0.008468108861841017
1383	30-34	-0.020844828816436234
1383	35-39	-0.015582249551350458
1383	40-44	-0.011019725844654715
1383	45-49	-0.03537655123740535
1383	50-54	0.0047941288954973516
1383	55-59	-0.023129354462263052
1383	60-64	-0.008399621175449568
1383	65-69	-0.01658079818970748
1383	70-74	0.007968337821914417
1383	75-79	0.014841202589543911
1383	80-84	0.0120725869397873
1383	85-89	-0.011584543054169671
1383	90-94	0.0017444063787266373
1383	95-99	0.007105964505790041
1383	100-104	0.012377349357464595
1383	105-109	0.06503970201433162
1383	110-114	0.07176562207256865
1383	115-119	0.07485184586241189
1383	120-124	0.057414095121302466
1383	125-129	0.07840430644471752
1383	130-134	0.11178381476647559
1383	135-139	0.14324135388113035
1383	140-144	0.17513031089865905
1383	145-149	0.199572928087143
1383	150	0.18162453644414
1384	1	0.06551989176639239
1384	2	-0.010978972935610898
1384	3	0.0386608153414727
1384	4	0.022669221056283106
1384	5	0.016899019787103953
1384	6	-0.035991503263211655
1384	7	0.033058817712039
1384	8	0.022983407557127578
1384	9	0.007326974394679553
1384	10-14	-0.006608279362602332
1384	15-19	-0.022302627376134865
1384	20-24	-0.027529047818859453
1384	25-29	-0.006771122117349648
1384	30-34	0.02036391911788371
1384	35-39	-0.0077138904922549045
1384	40-44	-0.026116100796308217
1384	45-49	0.0112751487731515
1384	50-54	0.020261552685099105
1384	55-59	0.021804367980699624
1384	60-64	-0.01673512274008715
1384	65-69	0.017823090562444577
1384	70-74	0.02962467901948429
1384	75-79	0.05613996142361799
1384	80-84	0.028968300873891906
1384	85-89	0.05583235508584039
1384	90-94	0.06629635602887163
1384	95-99	0.062306168436741416
1384	100-104	0.08164509662373831
1384	105-109	0.11213087321084458
1384	110-114	0.12607781222060055
1384	115-119	0.0979292341398974
1384	120-124	0.08960083257777995
1384	125-129	0.11358267570037128
1384	130-134	0.10738439139879574
1384	135-139	0.14328235103313602
1384	140-144	0.22573626708866357
1384	145-149	0.20068280467376098
1384	150	0.24226076583128986
1385	1	0.07928519484193686
1385	2	-0.011909847823638131
1385	3	-0.002246918310362389
1385	4	0.0022914963623392737
1385	5	-0.04418936480531244
1385	6	-0.07992849938145952
1385	7	0.0017882891960709912
1385	8	0.04524975572076073
1385	9	-0.05255358696691559
1385	10-14	-0.043563191276611235
1385	15-19	-0.013889369687269948
1385	20-24	-0.03060608574062229
1385	25-29	-0.010860701096156333
1385	30-34	-0.006301354097999479
1385	35-39	-0.028369608617069275
1385	40-44	-0.022955754424259567
1385	45-49	-0.03873052456217607
1385	50-54	-0.032261887147690516
1385	55-59	-0.05542465560843368
1385	60-64	-0.028550590043764146
1385	65-69	0.0014573097323449247
1385	70-74	0.012398044203116854
1385	75-79	0.031642499494687115
1385	80-84	0.036176721297906056
1385	85-89	-0.016295444257245606
1385	90-94	0.0227436537296839
1385	95-99	0.032846329678903885
1385	100-104	0.05348266007551672
1385	105-109	0.12614102549511585
1385	110-114	0.09989775847320459
1385	115-119	0.12727650198105067
1385	120-124	0.04399109832875325
1385	125-129	0.10638291457765092
1385	130-134	0.14185318805451885
1385	135-139	0.12423965171989693
1385	140-144	0.20681240922065314
1385	145-149	0.2541393588690397
1385	150	0.1774966571421288
1386	1	0.05819585434916519
1386	2	-0.02317364413345757
1386	3	-0.03692689442974739
1386	4	0.002761888260145895
1386	5	-0.09456771461362479
1386	6	-0.052983935733522
1386	7	-0.04116516014592264
1386	8	0.0136462671023736
1386	9	-0.06690418560952338
1386	10-14	-0.04822387688214036
1386	15-19	-0.02409178759054953
1386	20-24	-0.012241061272241893
1386	25-29	0.004500573219509363
1386	30-34	0.005666304991834181
1386	35-39	0.0013625205367304716
1386	40-44	0.007832257820510335
1386	45-49	-0.01593933463784225
1386	50-54	-0.014563343086194891
1386	55-59	9.046264488432598E-5
1386	60-64	-0.028275255171863023
1386	65-69	-0.01377004961203454
1386	70-74	-0.0076539532195951665
1386	75-79	0.024689378093206926
1386	80-84	-0.022323189158683476
1386	85-89	-0.003218620635003333
1386	90-94	0.017618711772840356
1386	95-99	-0.03988095274883818
1386	100-104	0.027340643693065658
1386	105-109	0.06534146775241823
1386	110-114	0.07988298336589139
1386	115-119	0.07213615002119411
1386	120-124	0.03763611268148992
1386	125-129	0.0700068777814451
1386	130-134	0.07474073095665545
1386	135-139	0.10525838718910308
1386	140-144	0.12492584071441826
1386	145-149	0.147033293410054
1386	150	0.15741456886531324
1387	1	-0.019642609988487436
1387	2	-0.0714587567345717
1387	3	-0.13375600341466765
1387	4	-0.07342652511808723
1387	5	-0.0870663038124988
1387	6	-0.016535515617555063
1387	7	-0.11716931650106943
1387	8	-0.1394284975390363
1387	9	-0.10199564248022597
1387	10-14	-0.07069630407129779
1387	15-19	-0.08308783024009614
1387	20-24	-0.08467631722781022
1387	25-29	-0.08520605122026126
1387	30-34	-0.0701848665061533
1387	35-39	-0.07400997360330308
1387	40-44	-0.08212578772597112
1387	45-49	-0.03629090485593167
1387	50-54	-0.06573128741035816
1387	55-59	-0.07268601528478769
1387	60-64	-0.0867323149343946
1387	65-69	-0.07624092740750399
1387	70-74	-0.038639605692019074
1387	75-79	-0.05337625365429233
1387	80-84	-0.06338997513340416
1387	85-89	-0.10214349778513565
1387	90-94	-0.017631202584070138
1387	95-99	-0.042652697209760504
1387	100-104	-0.026786322722053058
1387	105-109	0.015683098396863215
1387	110-114	-0.030612346420426206
1387	115-119	-0.04962895763323161
1387	120-124	-0.014216940832298519
1387	125-129	0.02536156100150322
1387	130-134	0.07157040852641217
1387	135-139	0.03826718888234382
1387	140-144	0.06206548230697706
1387	145-149	0.09751026501350424
1387	150	0.029581417242212638
1388	1	0.0036957681775646734
1388	2	0.014200765626476652
1388	3	-0.05254536410000554
1388	4	0.003111882969534463
1388	5	0.015000624065180546
1388	6	-0.031068746281633253
1388	7	-0.04482294105206819
1388	8	-0.07405164888969296
1388	9	-0.006743138498961798
1388	10-14	-0.048173341751201804
1388	15-19	-0.02028717877244901
1388	20-24	-0.032006172001864286
1388	25-29	-0.034657040120912086
1388	30-34	-0.03295396561175323
1388	35-39	-0.02904009370080729
1388	40-44	-0.023603920166486603
1388	45-49	-0.026706431737842706
1388	50-54	-0.015191210238249653
1388	55-59	0.00803134361942881
1388	60-64	0.045421740005004096
1388	65-69	-0.0076094703407108
1388	70-74	0.007691226850731425
1388	75-79	0.016024691073056374
1388	80-84	0.04058267995886666
1388	85-89	0.023894149500577555
1388	90-94	0.030059873557092942
1388	95-99	0.04811306089069234
1388	100-104	0.0439314899689478
1388	105-109	0.06984923328214876
1388	110-114	0.0775579072889272
1388	115-119	0.07839744566693696
1388	120-124	0.07097397577445719
1388	125-129	0.0820889145595558
1388	130-134	0.07061196121460256
1388	135-139	0.09725858395053422
1388	140-144	0.16525379531208273
1388	145-149	0.16458179457274724
1388	150	0.13830057569462895
1401	1	-0.11630811502687521
1401	2	-0.10957052766774211
1401	3	-0.09874847908496065
1401	4	-0.07149242785525445
1401	5	-0.07136792478599574
1401	6	-0.07004816529810398
1401	7	-0.10758113905806965
1401	8	-0.11788273417515427
1401	9	-0.09510007516529839
1401	10-14	-0.09532620432786842
1401	15-19	-0.07833968156788984
1401	20-24	-0.08963573301262073
1401	25-29	-0.07612545282600536
1401	30-34	-0.06863500013485435
1401	35-39	-0.06370400937444742
1401	40-44	-0.08193947581560934
1401	45-49	-0.08815931162517643
1401	50-54	-0.08398007152363363
1401	55-59	-0.0869373334242809
1401	60-64	-0.09942927126564172
1401	65-69	-0.07988526206995061
1401	70-74	-0.1116932150672838
1401	75-79	-0.06565500538200553
1401	80-84	-0.09666192917087812
1401	85-89	-0.11239182277427062
1401	90-94	-0.07395900910930919
1401	95-99	-0.02178415115567134
1401	100-104	-0.07945850072071181
1401	105-109	-0.06576630140702378
1401	110-114	-0.02004245951014383
1401	115-119	-0.033438374320809316
1401	120-124	-0.04190001658077591
1401	125-129	-0.06757773807144218
1401	130-134	-0.01377849265245601
1401	135-139	-0.04092360851604582
1401	140-144	0.009610282836689521
1401	145-149	0.005144438146047037
1401	150	-0.07491308008502529
1402	1	0.011693199799282183
1402	2	-0.038981367441799364
1402	3	0.008499073225273435
1402	4	-0.010730525939294466
1402	5	0.017562704615876612
1402	6	-0.02456428721550452
1402	7	-0.06711964076812649
1402	8	-0.07242546566958197
1402	9	-0.016854827358272928
1402	10-14	-0.04152343252064128
1402	15-19	-0.005491567468304481
1402	20-24	-0.004279296305348623
1402	25-29	-0.03411439491033974
1402	30-34	0.010895589850704823
1402	35-39	-0.003287035879438349
1402	40-44	0.004762366719724298
1402	45-49	0.02280609663616673
1402	50-54	-0.010366711523801087
1402	55-59	7.399422103873121E-4
1402	60-64	0.03901349928936071
1402	65-69	0.04979137465026895
1402	70-74	0.04132288088086966
1402	75-79	0.05093475676111581
1402	80-84	0.01045949089829179
1402	85-89	-0.015958374109061424
1402	90-94	0.012137686109298329
1402	95-99	0.04669552417902878
1402	100-104	0.019544437005052373
1402	105-109	0.03986015847333846
1402	110-114	0.05451813028331287
1402	115-119	0.031054019537933186
1402	120-124	0.08829776941703926
1402	125-129	0.06724889057341699
1402	130-134	0.07959619224816805
1402	135-139	0.011990944147797222
1402	140-144	0.11053178529594732
1402	145-149	0.1332226076917422
1402	150	0.09519426181032742
1403	1	0.005040958481437485
1403	2	-0.023758123917517082
1403	3	-7.109993813259052E-5
1403	4	-5.946457857533005E-4
1403	5	-0.016530387442244887
1403	6	0.0030286337044529432
1403	7	-0.05049259051509125
1403	8	-0.03710231061602798
1403	9	-0.03870413812742868
1403	10-14	-0.019806247524435605
1403	15-19	-0.04246608150103981
1403	20-24	-0.014062904229575679
1403	25-29	-0.028717514243986386
1403	30-34	-0.031441695649220947
1403	35-39	-0.031293009726681476
1403	40-44	0.010289359768790973
1403	45-49	-0.021800682330294308
1403	50-54	-0.019085401825307713
1403	55-59	-0.06173683570201405
1403	60-64	-0.033024750387603774
1403	65-69	-0.05905790177281034
1403	70-74	-0.007609299845775297
1403	75-79	-0.038336976305977544
1403	80-84	-0.05321769395580134
1403	85-89	-0.042949267663487944
1403	90-94	-0.03479022386137132
1403	95-99	-0.03032029988381879
1403	100-104	-0.008325242167138924
1403	105-109	-0.0269194238547783
1403	110-114	-0.02374744062534262
1403	115-119	-0.01355863379061617
1403	120-124	0.01062913318098424
1403	125-129	0.039803728809353345
1403	130-134	0.05835885736097168
1403	135-139	0.025821513806953078
1403	140-144	-0.0011427750447623453
1403	145-149	0.03916191937284452
1403	150	0.012445581469187061
1404	1	-0.03372062829653544
1404	2	-0.004546132661474189
1404	3	0.011030211916576604
1404	4	-0.03526833884318137
1404	5	0.02809836518773068
1404	6	-0.05988085426952239
1404	7	-0.024689233860264892
1404	8	-0.011519946812590831
1404	9	-0.04537478506717463
1404	10-14	-0.019398970308522223
1404	15-19	-0.03869611031496589
1404	20-24	-0.04745536018210572
1404	25-29	-0.049907846588880034
1404	30-34	-0.060097519192446214
1404	35-39	-0.07897885857601494
1404	40-44	-0.06512776423820554
1404	45-49	-0.07914963558879151
1404	50-54	-0.06495117402869965
1404	55-59	-0.05378847844161072
1404	60-64	-0.06832786066526353
1404	65-69	-0.06007859295141316
1404	70-74	-0.03853878999554183
1404	75-79	-0.030315220218660954
1404	80-84	-0.04266676901633559
1404	85-89	-0.04057899371435525
1404	90-94	-0.006469814564795229
1404	95-99	-0.013041275551621823
1404	100-104	-0.04225291607043147
1404	105-109	-0.032740286442681565
1404	110-114	-0.017029419113370636
1404	115-119	0.01094917952967478
1404	120-124	-0.020863770232288914
1404	125-129	-1.419947395859822E-4
1404	130-134	0.026394246555121015
1404	135-139	0.02142694154686353
1404	140-144	0.027388606106043767
1404	145-149	0.05096171463922161
1404	150	-0.13975502050168842
1405	1	-0.011382478518328298
1405	2	-0.021631523882284398
1405	3	-0.045437320227250666
1405	4	0.006287518498105271
1405	5	-0.015187987005781167
1405	6	-0.0038510205344977066
1405	7	-0.015987287216418622
1405	8	0.005718629409997789
1405	9	-0.05696916666616403
1405	10-14	-0.02579414437200711
1405	15-19	-0.0325778116513149
1405	20-24	-0.02546299781162986
1405	25-29	0.002399133699960032
1405	30-34	0.022157964500173932
1405	35-39	0.021379042012448224
1405	40-44	0.01650263023419285
1405	45-49	0.0033745851078847977
1405	50-54	-0.015347783924234193
1405	55-59	-0.026781410310967146
1405	60-64	0.019600330360063367
1405	65-69	0.010726111230177082
1405	70-74	-0.0029200528781956336
1405	75-79	0.007707818050299409
1405	80-84	0.008527630256757845
1405	85-89	0.018914303344260475
1405	90-94	0.023982004243933375
1405	95-99	0.012101514585019402
1405	100-104	0.03029793662950908
1405	105-109	0.009926074829579079
1405	110-114	0.05216004953813069
1405	115-119	0.04422985561699022
1405	120-124	0.015033409539775278
1405	125-129	0.04867127231837998
1405	130-134	0.04702032144648882
1405	135-139	0.0726335578549282
1405	140-144	0.08701593178009404
1405	145-149	0.11520889225867137
1405	150	0.07159014869008473
1406	1	-0.0014427309709930114
1406	2	-0.08600939734023427
1406	3	-0.006492075203006209
1406	4	-0.024201631188702777
1406	5	0.0324020848311406
1406	6	0.06769369230287481
1406	7	0.04939622571551183
1406	8	0.01215051122613886
1406	9	0.0078068933834885
1406	10-14	-0.02308787286001035
1406	15-19	0.015469275482765
1406	20-24	-0.00859891997306761
1406	25-29	-0.04382115737891468
1406	30-34	-0.02308553025915927
1406	35-39	0.0049436744704038915
1406	40-44	0.02801702518693361
1406	45-49	-0.018129039216219667
1406	50-54	-0.030582898590644447
1406	55-59	0.014333255342585005
1406	60-64	0.008155385568976214
1406	65-69	0.016650580119595304
1406	70-74	0.004252479601746018
1406	75-79	0.03580835801681559
1406	80-84	0.014326775404192915
1406	85-89	1.2189777041982097E-4
1406	90-94	0.05986894965285927
1406	95-99	0.09141614836476464
1406	100-104	0.04031701937377363
1406	105-109	0.0661837836464656
1406	110-114	0.046573409045251424
1406	115-119	0.05755231509684222
1406	120-124	0.04774981722543714
1406	125-129	0.0708693793766173
1406	130-134	0.05123285706849856
1406	135-139	0.06391080259820825
1406	140-144	0.07294655261695482
1406	145-149	0.12590791814368174
1406	150	0.1273830059354495
1407	1	-0.01919117327636144
1407	2	-0.04447284306455401
1407	3	0.03431807870253323
1407	4	-0.022885326754035873
1407	5	-0.03400138321170232
1407	6	-0.031810993751186345
1407	7	-0.016451730848864088
1407	8	-0.030816218931775552
1407	9	-0.006175362283570962
1407	10-14	-0.0029600052876759264
1407	15-19	0.02010843141164287
1407	20-24	-0.021978163634102543
1407	25-29	0.017112642660016775
1407	30-34	0.01225231257340198
1407	35-39	0.02816226109248987
1407	40-44	0.034690933364764476
1407	45-49	0.03890254018239858
1407	50-54	0.028834088003343084
1407	55-59	0.003034452601504256
1407	60-64	0.03341160099573415
1407	65-69	0.023611163227329257
1407	70-74	0.0629065905384536
1407	75-79	0.036849292945994705
1407	80-84	0.04640357533306627
1407	85-89	0.013574811144671628
1407	90-94	0.09535996907852251
1407	95-99	0.09178424476524327
1407	100-104	0.06277363626684718
1407	105-109	0.035717294563532676
1407	110-114	0.039724343839473875
1407	115-119	0.09013622004834332
1407	120-124	0.0977373607117542
1407	125-129	0.08677237108330615
1407	130-134	0.09869180532593447
1407	135-139	0.07767855873389351
1407	140-144	0.10788311592390443
1407	145-149	0.11053629539406273
1407	150	0.021000970100757854
1408	1	-0.0900079989342899
1408	2	-0.023340945429701776
1408	3	0.02835741739309583
1408	4	-0.05711189964195995
1408	5	0.008523344135902278
1408	6	0.013953312896283876
1408	7	-0.07425066449241058
1408	8	-0.004653148681498465
1408	9	-0.0708859564602804
1408	10-14	-0.044938748628965186
1408	15-19	-0.032041275983182516
1408	20-24	-0.0016221133966283219
1408	25-29	-0.04549574615197827
1408	30-34	-0.02698555439477701
1408	35-39	-0.013917441452420576
1408	40-44	-0.02359562528272363
1408	45-49	-0.019690898904961784
1408	50-54	-0.04563855505693937
1408	55-59	-0.040336891786260765
1408	60-64	-0.02903011862054683
1408	65-69	-0.018339382615224054
1408	70-74	0.004846799636240462
1408	75-79	-0.0054128095385408415
1408	80-84	0.026585671787167087
1408	85-89	-0.02206745387575637
1408	90-94	0.030308180490841607
1408	95-99	0.03168786496635789
1408	100-104	0.018101596908934425
1408	105-109	0.03840562445350315
1408	110-114	0.05068756875981251
1408	115-119	0.024018958809200797
1408	120-124	0.04842303105852608
1408	125-129	0.037720404425847676
1408	130-134	0.03007663849927411
1408	135-139	0.03617432832582068
1408	140-144	0.05108574060133009
1408	145-149	0.11601228705929856
1408	150	0.03595382778748757
1409	1	-0.01932873154186865
1409	2	-0.07655315802366403
1409	3	0.0029116080929370014
1409	4	0.013506704721486074
1409	5	-0.042799826039868094
1409	6	-0.0553697759331655
1409	7	-0.009569050586122785
1409	8	0.013031475253988845
1409	9	-0.02870862859904122
1409	10-14	-0.009188966383412378
1409	15-19	-0.007685880444334714
1409	20-24	-0.04272707576391355
1409	25-29	-0.029147420904699572
1409	30-34	0.011216965385330013
1409	35-39	-0.03905380952651427
1409	40-44	0.00510107198238785
1409	45-49	0.01144010504616233
1409	50-54	0.022434459318624533
1409	55-59	0.012685761395601958
1409	60-64	0.0169966119920133
1409	65-69	-0.01913136392403203
1409	70-74	0.03944536640582186
1409	75-79	0.03774920577384222
1409	80-84	0.032982419617560765
1409	85-89	0.005663971933294931
1409	90-94	0.04683517115100955
1409	95-99	0.025564710505108224
1409	100-104	0.0630774774368632
1409	105-109	0.030115319746954583
1409	110-114	0.08953249973487942
1409	115-119	0.059741587355219394
1409	120-124	0.07653128976920698
1409	125-129	0.07916079484611771
1409	130-134	0.09865686944392138
1409	135-139	0.10550942063990476
1409	140-144	0.12672507261553534
1409	145-149	0.1331828366579657
1409	150	0.01789341348411
1410	1	-0.13238391063854493
1410	2	-0.022568454031919316
1410	3	-0.006188063436560753
1410	4	0.0519558638902069
1410	5	0.01943233145431833
1410	6	-0.025077734440763777
1410	7	-0.03751226523310436
1410	8	0.009929206134387414
1410	9	0.029235760008376133
1410	10-14	0.004039393334458907
1410	15-19	-0.029732952729112583
1410	20-24	-0.04176315029963007
1410	25-29	-0.0017435700283741085
1410	30-34	0.02115061611713287
1410	35-39	0.014987441974440685
1410	40-44	0.03388418808535931
1410	45-49	0.031582338315629954
1410	50-54	0.047381871899339956
1410	55-59	0.01620078584802087
1410	60-64	0.022368982990599307
1410	65-69	0.03696464257919274
1410	70-74	0.07086094811275956
1410	75-79	0.037601197114952356
1410	80-84	0.055496196009855225
1410	85-89	0.04930752931760196
1410	90-94	0.08902390450682418
1410	95-99	0.08852662125874389
1410	100-104	0.08824922040952998
1410	105-109	0.07896509124428519
1410	110-114	0.05862072920322703
1410	115-119	0.12040379449810956
1410	120-124	0.09644808639644253
1410	125-129	0.15151341632074633
1410	130-134	0.1458941953203663
1410	135-139	0.14936266013651078
1410	140-144	0.1427285756142922
1410	145-149	0.21138160942586381
1410	150	0.07906013751366459
1411	1	-0.05102394398597454
1411	2	-0.004415810483081373
1411	3	0.03613503889072689
1411	4	0.024006213758589467
1411	5	0.006214940297311955
1411	6	0.04610989764065465
1411	7	-0.07304566824734593
1411	8	-0.023229190654980414
1411	9	-0.01681421650891224
1411	10-14	-0.013957080069836536
1411	15-19	-0.048908362692806406
1411	20-24	-0.0207361975703364
1411	25-29	-0.015747803788336512
1411	30-34	-0.0010698739668981716
1411	35-39	-0.004998392147541608
1411	40-44	-0.00394959800442507
1411	45-49	-0.011936890159894631
1411	50-54	-0.009692288750258626
1411	55-59	-0.008814537456039773
1411	60-64	-9.653472635733351E-4
1411	65-69	-0.008138616862439108
1411	70-74	0.02483692542701732
1411	75-79	0.021059578588072725
1411	80-84	0.04643686848802986
1411	85-89	-0.004150397469253164
1411	90-94	-0.009574306175586855
1411	95-99	0.012587404623893406
1411	100-104	0.016377337258070668
1411	105-109	-2.899933108864161E-4
1411	110-114	0.019131376722612004
1411	115-119	-0.012266675906381863
1411	120-124	0.01680009829849638
1411	125-129	0.024682416808282426
1411	130-134	0.028601346575285902
1411	135-139	0.07559711690267079
1411	140-144	0.04817266713558155
1411	145-149	0.11980760509231914
1411	150	0.15294538655889767
1412	1	-0.018386793907417598
1412	2	0.020620160087510442
1412	3	0.027328253052722573
1412	4	0.017763360220861557
1412	5	0.02587716156965314
1412	6	0.025818613559010828
1412	7	0.012568531977265707
1412	8	0.034005848540836325
1412	9	-0.001038142113742424
1412	10-14	0.013215581777643592
1412	15-19	0.0014535073594217351
1412	20-24	0.0012258496591073254
1412	25-29	-0.008860545358075456
1412	30-34	0.009856858680549863
1412	35-39	6.986721551243136E-4
1412	40-44	0.05229188937735785
1412	45-49	0.05601458949685423
1412	50-54	0.02744201298078508
1412	55-59	0.01758406440430349
1412	60-64	0.04348336977808742
1412	65-69	0.042594090320363875
1412	70-74	0.03386904635947019
1412	75-79	0.0448545045797033
1412	80-84	0.05932444278196414
1412	85-89	0.0635443430360283
1412	90-94	0.05295769710851772
1412	95-99	0.06487219585364556
1412	100-104	0.04946108593669862
1412	105-109	0.07844662493448595
1412	110-114	0.10355433570607886
1412	115-119	0.12493096450740637
1412	120-124	0.08954962983788306
1412	125-129	0.1232883697749827
1412	130-134	0.13098793103139172
1412	135-139	0.13576321388581647
1412	140-144	0.1265432818012755
1412	145-149	0.2061405272232264
1412	150	0.08976755729959507
1413	1	-0.052267094940461334
1413	2	-0.0033649675896469944
1413	3	0.03722565756381613
1413	4	-0.011383754205184005
1413	5	-0.026740450639671565
1413	6	0.010695704099148884
1413	7	-0.09100294789081431
1413	8	-0.034763932916114015
1413	9	-0.03262028355698732
1413	10-14	-0.042636731365547575
1413	15-19	-0.03526511593972259
1413	20-24	-0.03495302930531352
1413	25-29	-0.009926172975752934
1413	30-34	-0.01939199642307443
1413	35-39	-0.03875333939166126
1413	40-44	-0.027463570433752693
1413	45-49	-0.04973310338407089
1413	50-54	-0.04898852355765371
1413	55-59	-0.04007389476081613
1413	60-64	-0.03979792883233557
1413	65-69	-0.001113152553280372
1413	70-74	-0.0014401004147117646
1413	75-79	0.003686846234273844
1413	80-84	-0.010572323060948463
1413	85-89	-0.0013531569963873835
1413	90-94	-0.005379118918654058
1413	95-99	0.04476984997522493
1413	100-104	8.562621512524515E-4
1413	105-109	0.019711017802990227
1413	110-114	0.03665601934974205
1413	115-119	0.04789224294817984
1413	120-124	0.06506808407124964
1413	125-129	0.05348573079248098
1413	130-134	0.10399117610719344
1413	135-139	0.0808706042667211
1413	140-144	0.12973798927800573
1413	145-149	0.13085488009129875
1413	150	0.047460252762384414
1414	1	-0.04613467798047566
1414	2	-0.05218785243584989
1414	3	0.004554723549318851
1414	4	0.0022321069841311214
1414	5	-0.02077638554997918
1414	6	-0.020473682875390864
1414	7	-0.050403609616161305
1414	8	-0.01800204002890382
1414	9	-0.06959788026173186
1414	10-14	-0.024996825204524953
1414	15-19	-0.0022928053994633046
1414	20-24	-0.01862011776432837
1414	25-29	-0.017581507413275688
1414	30-34	-0.00450929794057231
1414	35-39	-0.0026921160366129016
1414	40-44	0.02271168962003145
1414	45-49	0.03397644512962472
1414	50-54	0.007418704311866975
1414	55-59	-0.019403879590896622
1414	60-64	0.014143077527123182
1414	65-69	0.027756539448446915
1414	70-74	0.05889041404277151
1414	75-79	0.05368468391667136
1414	80-84	0.04070184364643836
1414	85-89	0.03175074601495709
1414	90-94	0.06723139376404674
1414	95-99	0.10651311604082281
1414	100-104	0.06093184778828942
1414	105-109	0.08627018639468531
1414	110-114	0.1092039090681709
1414	115-119	0.14802810389038257
1414	120-124	0.13518350689981418
1414	125-129	0.13143975149569798
1414	130-134	0.11685797678138243
1414	135-139	0.13383165952264164
1414	140-144	0.1535941373085734
1414	145-149	0.21598566099124383
1414	150	0.08734743033134862
1415	1	0.008736453972318259
1415	2	-0.07037790938915833
1415	3	-0.013468940877345403
1415	4	0.04113293796471851
1415	5	0.008235022343882292
1415	6	0.049887564935147566
1415	7	-0.01844994456135396
1415	8	-0.033682312156656735
1415	9	-0.004332264610305003
1415	10-14	-0.0054701248554138715
1415	15-19	0.004534680200080743
1415	20-24	-0.011251726748554347
1415	25-29	-0.014462462825086675
1415	30-34	-0.02451735074593131
1415	35-39	-0.008436604932690273
1415	40-44	-0.005009657373783227
1415	45-49	-0.005627977946900842
1415	50-54	-0.008756557788792918
1415	55-59	-0.0208575165739191
1415	60-64	-0.001897495567277474
1415	65-69	0.009164490750656284
1415	70-74	0.002237594273111654
1415	75-79	0.03200299652598204
1415	80-84	0.05349359339356141
1415	85-89	0.018099999481364648
1415	90-94	0.03325926506813204
1415	95-99	0.059007771746330206
1415	100-104	0.050204532713294725
1415	105-109	0.05305308694995148
1415	110-114	0.05227882072541945
1415	115-119	0.04802664008084179
1415	120-124	0.06227065378124763
1415	125-129	0.05893435624582111
1415	130-134	0.09611051486961486
1415	135-139	0.061684971725235016
1415	140-144	0.08097491697059667
1415	145-149	0.10920989048545238
1415	150	0.10859916536254843
1416	1	-0.009939736952013334
1416	2	-0.018765262356325252
1416	3	-0.05828393974687884
1416	4	-0.025529168565725513
1416	5	-0.019905945545033887
1416	6	-0.017453144954110655
1416	7	-0.042229708344770245
1416	8	-0.007571278195499076
1416	9	0.0037080971860063983
1416	10-14	0.015685167293618463
1416	15-19	0.0035833041827970646
1416	20-24	-0.001103415969154753
1416	25-29	-0.03373063900394868
1416	30-34	0.021871859176037844
1416	35-39	0.012975888080774212
1416	40-44	0.03913641541929991
1416	45-49	0.039310263959905
1416	50-54	0.04983189489042417
1416	55-59	0.03711727337098125
1416	60-64	0.0431499141644025
1416	65-69	0.05022143545173208
1416	70-74	0.045296340840103255
1416	75-79	0.040721934136662696
1416	80-84	0.021857363723377432
1416	85-89	0.042148615430285474
1416	90-94	0.047747038202885506
1416	95-99	0.08701853703436058
1416	100-104	0.07278712301604173
1416	105-109	0.09973096267628989
1416	110-114	0.13756539889024566
1416	115-119	0.13516564657560082
1416	120-124	0.11715417634875536
1416	125-129	0.17244020198084797
1416	130-134	0.14223386578931496
1416	135-139	0.15453128863098442
1416	140-144	0.17646406847538287
1416	145-149	0.1934929142689299
1416	150	0.10408026929808045
1417	1	-0.09907401457108733
1417	2	0.017046321001430442
1417	3	-0.017977375704056442
1417	4	0.05461227583422357
1417	5	0.01809309950680671
1417	6	-0.013853574097069554
1417	7	0.02099024143289796
1417	8	-0.0666304557960089
1417	9	0.027595716831790185
1417	10-14	-0.04274261445986127
1417	15-19	-0.0010659064673248508
1417	20-24	-0.02145714838054147
1417	25-29	-0.012445344154954796
1417	30-34	-0.011781541338322654
1417	35-39	-0.03809652337346847
1417	40-44	-0.02620091359769816
1417	45-49	-0.020466240813078684
1417	50-54	-0.04071265671004198
1417	55-59	-0.010011991353955807
1417	60-64	-0.012020751882751313
1417	65-69	-0.030402974564253782
1417	70-74	-0.013577329324540699
1417	75-79	6.161433410056816E-5
1417	80-84	0.033738497193134265
1417	85-89	-0.002912357659553777
1417	90-94	0.07960167127748008
1417	95-99	0.01449528147832524
1417	100-104	0.013289229622344578
1417	105-109	0.013200424764960417
1417	110-114	0.03767569190056008
1417	115-119	0.046221672146728565
1417	120-124	0.05830160376743976
1417	125-129	0.061299412502549444
1417	130-134	0.06635269496216267
1417	135-139	0.09430740115143266
1417	140-144	0.08580496979234198
1417	145-149	0.12493113857901506
1417	150	0.1652863758296661
1418	1	-0.02507050251947618
1418	2	-0.012334842244648314
1418	3	-0.04944403969123101
1418	4	0.012195277387974102
1418	5	0.04823233213024025
1418	6	0.014100568739159769
1418	7	0.003551922432137644
1418	8	0.0454332334884171
1418	9	-0.011770926885418476
1418	10-14	-0.0016362473015831824
1418	15-19	0.006652258692064095
1418	20-24	-0.03309866180912735
1418	25-29	-0.04400070390265398
1418	30-34	-0.03987081726022268
1418	35-39	-0.03172108713141597
1418	40-44	-0.011346726094295434
1418	45-49	-0.01967762328230549
1418	50-54	-0.0327451761725257
1418	55-59	-0.041541169653235954
1418	60-64	-0.0030830082775494816
1418	65-69	-0.028951312791186012
1418	70-74	-0.009310974030547925
1418	75-79	0.02740509460642926
1418	80-84	0.012200734327471707
1418	85-89	-0.004271924215721867
1418	90-94	0.02177033568037956
1418	95-99	0.03839077392597545
1418	100-104	0.04248195780956365
1418	105-109	0.01563689589825401
1418	110-114	-0.009766839327127741
1418	115-119	0.05083000148155037
1418	120-124	0.05689940314533004
1418	125-129	0.037890727840014904
1418	130-134	0.042198421246858686
1418	135-139	0.040820758596801454
1418	140-144	0.06813066090675335
1418	145-149	0.10150108053893092
1418	150	0.05928742937941678
1419	1	-0.0823693603974931
1419	2	-0.006932232052761833
1419	3	-0.0015996618397551288
1419	4	-0.029008614064906624
1419	5	-0.049863614527069444
1419	6	-0.043046859167631624
1419	7	-0.06494144348568653
1419	8	-0.10317410367887447
1419	9	-0.030613526564543747
1419	10-14	-0.058809329557611534
1419	15-19	-0.0781066390129439
1419	20-24	-0.05895036875880777
1419	25-29	-0.0675780249427902
1419	30-34	-0.07247967748474338
1419	35-39	-0.06337465769302497
1419	40-44	-0.04073567981762949
1419	45-49	-0.036242905393848446
1419	50-54	-0.07219274221614569
1419	55-59	-0.028535819541261276
1419	60-64	-0.03625749117299648
1419	65-69	-0.020600058761594653
1419	70-74	0.012069345632106376
1419	75-79	0.001894003233267938
1419	80-84	0.006249890036890804
1419	85-89	-0.0041907744231934885
1419	90-94	0.022069870579386475
1419	95-99	-0.004383942977604249
1419	100-104	-5.625465621577064E-4
1419	105-109	-0.006422631792439404
1419	110-114	0.045249085874743855
1419	115-119	0.04123790680510808
1419	120-124	-0.002182076084068285
1419	125-129	0.007646498013862413
1419	130-134	0.08137115137610351
1419	135-139	0.08654298133026117
1419	140-144	0.09333380642594591
1419	145-149	0.12829138637010828
1419	150	0.14909797659984036
1420	1	-0.11943045200747804
1420	2	-0.03482733046043762
1420	3	-0.0010641655599812339
1420	4	-0.024729556636614802
1420	5	0.0027011588245429152
1420	6	-0.01761487988658672
1420	7	-0.023262801844872172
1420	8	-0.024862276170907194
1420	9	-0.035866302916240045
1420	10-14	-0.03154487218155566
1420	15-19	-0.021770923785609853
1420	20-24	-0.030420568063320275
1420	25-29	-0.05362826497449902
1420	30-34	0.0104769825250699
1420	35-39	-0.056404494006386585
1420	40-44	-0.018244443042298997
1420	45-49	-0.015423858102323607
1420	50-54	-2.892494539423751E-4
1420	55-59	0.008725681960832787
1420	60-64	0.006358842118579844
1420	65-69	0.0014372998825322725
1420	70-74	0.019989843266998264
1420	75-79	0.042265247901852376
1420	80-84	0.02843430545754444
1420	85-89	0.014979795880350366
1420	90-94	0.03823065702199102
1420	95-99	0.03714115697760434
1420	100-104	0.048890321986611696
1420	105-109	0.053276786121465136
1420	110-114	0.08253541344291193
1420	115-119	0.088856659655562
1420	120-124	0.07860999988106698
1420	125-129	0.08055593773246272
1420	130-134	0.0717510835301951
1420	135-139	0.1342265832714844
1420	140-144	0.15149944508713986
1420	145-149	0.15113811407024969
1420	150	0.13798651067468626
1421	1	-0.029602369614998736
1421	2	0.04321488311205712
1421	3	-0.012968730856250943
1421	4	-0.007328053950075741
1421	5	-0.01893628159719185
1421	6	-0.08494746736596426
1421	7	0.007840818220707035
1421	8	-0.017586661112709123
1421	9	-0.04730297146877405
1421	10-14	-0.013372585579226381
1421	15-19	-0.037956734849885265
1421	20-24	-0.03956025807936925
1421	25-29	-0.049338865459283454
1421	30-34	-0.01899785103798024
1421	35-39	-0.0460655236717713
1421	40-44	-0.021502940893682876
1421	45-49	-0.02278592741767227
1421	50-54	-0.009096693145664858
1421	55-59	-0.02502846274270354
1421	60-64	-0.022951378235504194
1421	65-69	-0.04108556765068272
1421	70-74	-0.055855973525666514
1421	75-79	-0.03532296049623085
1421	80-84	-0.02767134596692955
1421	85-89	0.003784540530745062
1421	90-94	-0.00824733470251715
1421	95-99	-0.03624220928372068
1421	100-104	0.005514878260910905
1421	105-109	-0.00920982366086065
1421	110-114	0.0308999973021713
1421	115-119	0.04022360611968878
1421	120-124	0.02576807452089014
1421	125-129	0.023798713196285348
1421	130-134	0.08507475945460641
1421	135-139	0.11746038395105529
1421	140-144	0.09936733928282848
1421	145-149	0.1488789315494614
1421	150	0.14662566064653504
1422	1	-0.09333926667590475
1422	2	0.04992876568982041
1422	3	-0.045708728963226974
1422	4	0.022372253086778926
1422	5	0.010626350816430374
1422	6	-0.07005410346985741
1422	7	-0.055040195363808664
1422	8	-0.028649827202549716
1422	9	-0.026478562356665236
1422	10-14	-0.017633540345258325
1422	15-19	0.03222432598546021
1422	20-24	0.03618581304978363
1422	25-29	0.020379339278591146
1422	30-34	0.005112342533280412
1422	35-39	0.034235445026325806
1422	40-44	0.04898889795666861
1422	45-49	0.025336965141121937
1422	50-54	0.05206106813028555
1422	55-59	0.041428125418249806
1422	60-64	0.038639160225663716
1422	65-69	0.054141649724442686
1422	70-74	0.027396581965994926
1422	75-79	0.08560923138478671
1422	80-84	0.08313165997889627
1422	85-89	0.08974591905776919
1422	90-94	0.08323389833834227
1422	95-99	0.08988435634424263
1422	100-104	0.12058306648157213
1422	105-109	0.13608284527769143
1422	110-114	0.08884223307070727
1422	115-119	0.1298803511100033
1422	120-124	0.0878763518709107
1422	125-129	0.14515013926968123
1422	130-134	0.11982918421598754
1422	135-139	0.14919883658556188
1422	140-144	0.1572676740790797
1422	145-149	0.15082560582814608
1422	150	0.10180097319224757
1423	1	-0.06224073325038404
1423	2	0.003303541987285996
1423	3	-0.05081395220133089
1423	4	-0.002838023375041132
1423	5	0.04173981233415702
1423	6	0.03170696909698023
1423	7	5.324844950465035E-4
1423	8	-0.004946090120533597
1423	9	-0.03808930074156791
1423	10-14	-0.029091145991678502
1423	15-19	-0.020879837173794158
1423	20-24	0.007896221330334185
1423	25-29	-0.014770549364293117
1423	30-34	0.00365816205467695
1423	35-39	0.026273777418360567
1423	40-44	0.0351528694115828
1423	45-49	0.00811765957939059
1423	50-54	0.044013720644933585
1423	55-59	-0.013682695854427607
1423	60-64	0.03664250946295056
1423	65-69	0.029225521183249725
1423	70-74	0.06633968962436398
1423	75-79	0.05116973563362848
1423	80-84	0.034972086413667114
1423	85-89	0.029890185246671308
1423	90-94	5.816234884292726E-5
1423	95-99	0.052963590510998415
1423	100-104	0.059715419960738814
1423	105-109	0.040648427197304215
1423	110-114	0.1040528348174945
1423	115-119	0.08916034895004543
1423	120-124	0.08684156784952535
1423	125-129	0.08730218778635646
1423	130-134	0.13637038579656036
1423	135-139	0.12766081551796304
1423	140-144	0.17148416624833374
1423	145-149	0.21272703194933484
1423	150	0.1989726710406572
1424	1	-0.03942059575547319
1424	2	-0.010365695262080976
1424	3	-0.008459650968028143
1424	4	-0.02253909527996001
1424	5	0.05398762221837217
1424	6	-0.07870056747142229
1424	7	-0.045887679980886276
1424	8	-0.026375326227643825
1424	9	0.005006486328909432
1424	10-14	0.005216310667584878
1424	15-19	0.007491793952262071
1424	20-24	-0.013609428191074358
1424	25-29	-0.011160015538798973
1424	30-34	-0.015715001770857384
1424	35-39	-0.04039101830130676
1424	40-44	-0.00745095706891874
1424	45-49	-0.03919898392200594
1424	50-54	-0.015454428205629256
1424	55-59	-0.012205041608382317
1424	60-64	-0.003644099923199917
1424	65-69	0.006291058979584818
1424	70-74	4.313473178712002E-4
1424	75-79	0.0020343347069129436
1424	80-84	0.02622353824392576
1424	85-89	0.032361213878552064
1424	90-94	0.058914216117884166
1424	95-99	0.022531554383995456
1424	100-104	0.020179158792295482
1424	105-109	0.026217517577329374
1424	110-114	0.07518944004324624
1424	115-119	0.09366598320845299
1424	120-124	0.05700232650869452
1424	125-129	0.1063401566863007
1424	130-134	0.12792532492431263
1424	135-139	0.11559714620686634
1424	140-144	0.09091705267150729
1424	145-149	0.14108295696768636
1424	150	0.1244676226840653
1425	1	-0.09265481512117901
1425	2	0.08221645515018139
1425	3	-0.03033369251293294
1425	4	0.015681630929350376
1425	5	0.0584895944976509
1425	6	-0.09141141023485488
1425	7	-0.005840605658363529
1425	8	0.016759920181755206
1425	9	-0.015348367607892044
1425	10-14	0.014486658907863159
1425	15-19	-0.0025903390430599416
1425	20-24	-0.01606869453042492
1425	25-29	-0.052263779456815485
1425	30-34	-0.025943202394685727
1425	35-39	0.016748582892319064
1425	40-44	0.028963119520057035
1425	45-49	-0.003349393167283665
1425	50-54	0.030139912169332206
1425	55-59	0.003240367578605685
1425	60-64	-0.024606619326917212
1425	65-69	0.022751500764492505
1425	70-74	0.03031067633281026
1425	75-79	0.03818419101541082
1425	80-84	0.024158433288519632
1425	85-89	0.016414321475011207
1425	90-94	0.07641416757791575
1425	95-99	0.03482368207571085
1425	100-104	0.07929621287262734
1425	105-109	0.10170146235997635
1425	110-114	0.0625012740086035
1425	115-119	0.10125160755097085
1425	120-124	0.07945190496261745
1425	125-129	0.09755445648973904
1425	130-134	0.1174855163291113
1425	135-139	0.094324085856627
1425	140-144	0.12243736094861646
1425	145-149	0.1266580580343799
1425	150	0.19250891760093225
1426	1	-0.04295185252782119
1426	2	-0.025090184900825818
1426	3	-0.04322067055551315
1426	4	-0.04831193879596185
1426	5	-0.006528920711986075
1426	6	-0.026817137063481766
1426	7	-0.034652140462107184
1426	8	-0.00405274637934383
1426	9	0.0011342918863945783
1426	10-14	-0.026654142387691593
1426	15-19	-0.04381160941205309
1426	20-24	-0.05757614818825374
1426	25-29	-0.03868001022349432
1426	30-34	-0.05755046026813204
1426	35-39	-0.03879475139487454
1426	40-44	-0.019346508758665948
1426	45-49	-0.029889589623351753
1426	50-54	-3.3371831136719265E-4
1426	55-59	-0.018026919670248276
1426	60-64	-0.057873931096231956
1426	65-69	-0.03671092737453563
1426	70-74	-0.004288201102625067
1426	75-79	0.013894876931971112
1426	80-84	0.00753143704498882
1426	85-89	0.047336008412678154
1426	90-94	-0.011032082117452546
1426	95-99	-0.00890316854540174
1426	100-104	0.03545725511218478
1426	105-109	-0.019604931198429654
1426	110-114	0.05965651002860284
1426	115-119	0.07581090067108676
1426	120-124	0.0852505918827049
1426	125-129	0.051209250604863144
1426	130-134	0.12878994228797325
1426	135-139	0.12240965299030648
1426	140-144	0.15381401205122813
1426	145-149	0.14743142508000773
1426	150	0.14270462923570193
1427	1	-0.10548458599346588
1427	2	-0.05363434309408888
1427	3	-0.004783365823108454
1427	4	0.015889829563121793
1427	5	-0.019669457504257082
1427	6	0.019915040392696426
1427	7	-0.04089021510984736
1427	8	-0.0490978047715771
1427	9	2.0238095185476368E-4
1427	10-14	-0.022550131551490438
1427	15-19	-0.014844211079612535
1427	20-24	-0.011923424040773511
1427	25-29	-0.017439110188668394
1427	30-34	-0.027374352665013646
1427	35-39	-0.029057867139428595
1427	40-44	-0.038766556230442006
1427	45-49	0.005604223579666723
1427	50-54	0.03249604495038483
1427	55-59	-0.012184081741359876
1427	60-64	-0.01030129357970111
1427	65-69	0.023794521193210016
1427	70-74	0.031712702588535535
1427	75-79	0.026920154769150884
1427	80-84	0.052531381428529755
1427	85-89	0.07767975086755996
1427	90-94	0.04671218405406563
1427	95-99	0.034760494385217555
1427	100-104	0.038453075505280765
1427	105-109	0.037112088242423624
1427	110-114	0.07740367060806363
1427	115-119	0.07870449023713633
1427	120-124	0.10627504626693707
1427	125-129	0.069533195102494
1427	130-134	0.16354876212488278
1427	135-139	0.16233474172443607
1427	140-144	0.1178859341847911
1427	145-149	0.13121609956623104
1427	150	0.126708298558583
1428	1	-0.10928073322796195
1428	2	-0.04412903028697457
1428	3	-0.03492956046799378
1428	4	-0.04462700097928263
1428	5	0.024793050729748245
1428	6	0.009418084800479676
1428	7	-0.054919298453818044
1428	8	-0.008965996801570952
1428	9	0.01679527760726529
1428	10-14	-0.02929501448964089
1428	15-19	-0.005304009227820927
1428	20-24	-0.05247865087519443
1428	25-29	-0.02731811862207678
1428	30-34	-0.08524890952347164
1428	35-39	-0.053473087031299826
1428	40-44	-0.02352277161756433
1428	45-49	-0.020615829451394063
1428	50-54	0.02724189968341051
1428	55-59	0.005372435465638148
1428	60-64	-0.013163352253918958
1428	65-69	-0.027007257790621964
1428	70-74	-0.0091400358945819
1428	75-79	0.04048784484230339
1428	80-84	0.019691731840026705
1428	85-89	0.03185926958263963
1428	90-94	0.06082420530768928
1428	95-99	0.02180464659354442
1428	100-104	0.05050408453027444
1428	105-109	0.020192397221649117
1428	110-114	0.04903160599052114
1428	115-119	0.09724495563807523
1428	120-124	0.08009167893936109
1428	125-129	0.11704680626277053
1428	130-134	0.12995683926325086
1428	135-139	0.07137326422936496
1428	140-144	0.09933834799472407
1428	145-149	0.2162169309912585
1428	150	0.18845927379274485
1429	1	-0.08838976444116753
1429	2	0.012862603792285654
1429	3	-0.007243694700697745
1429	4	-0.031326561947075504
1429	5	-0.005384233733011001
1429	6	-0.03599543436177299
1429	7	-0.024283402286528144
1429	8	-0.023161971615195398
1429	9	-0.04894920314801965
1429	10-14	0.0010460698618928177
1429	15-19	0.012511467399072274
1429	20-24	0.010592244440459808
1429	25-29	0.0230113094457991
1429	30-34	-0.028593839441185764
1429	35-39	-0.022311417473886763
1429	40-44	-0.008368548798600273
1429	45-49	0.00842181448682311
1429	50-54	0.02174757941656935
1429	55-59	0.03544456525037276
1429	60-64	0.01685575711124443
1429	65-69	0.02042612108206754
1429	70-74	0.04125158202855772
1429	75-79	0.06635524267586135
1429	80-84	0.05987166732375471
1429	85-89	0.017936279036952385
1429	90-94	0.041089294346370764
1429	95-99	0.018260067371770106
1429	100-104	0.037556468219761996
1429	105-109	0.03633071596690485
1429	110-114	0.12107866991483007
1429	115-119	0.10138188227083589
1429	120-124	0.08820543553683535
1429	125-129	0.06126990320376535
1429	130-134	0.07373947681085014
1429	135-139	0.09155867152487929
1429	140-144	0.08756644363072752
1429	145-149	0.18864535202563104
1429	150	0.13965516222897634
1430	1	-0.021713732902171046
1430	2	-0.01639885723475487
1430	3	0.015520644111347792
1430	4	0.039117624366610926
1430	5	-0.0269454000570164
1430	6	0.022020825662892207
1430	7	-0.06765560829208539
1430	8	-0.003744829343943934
1430	9	-6.719185909531689E-4
1430	10-14	-0.0032246899578041166
1430	15-19	-0.02112854936732589
1430	20-24	-0.021331418972209804
1430	25-29	-0.017456953226243854
1430	30-34	-0.01752252263441534
1430	35-39	-0.02330415233686267
1430	40-44	0.010070841790707163
1430	45-49	-0.04319043111490117
1430	50-54	-0.003453882130500574
1430	55-59	-0.02836195200002578
1430	60-64	-0.030212933351364768
1430	65-69	-0.021406579208026244
1430	70-74	-0.029893448340736484
1430	75-79	-0.0010315633101143362
1430	80-84	-0.00840845896647835
1430	85-89	-0.02219762357734112
1430	90-94	0.012144195118978018
1430	95-99	0.013517572470199468
1430	100-104	0.020190694009755816
1430	105-109	0.01924022658947422
1430	110-114	0.03283730442239374
1430	115-119	0.08829203131521979
1430	120-124	0.07270333853691824
1430	125-129	0.07635356836461682
1430	130-134	0.09454598871339925
1430	135-139	0.052412202032570576
1430	140-144	0.1189030245186089
1430	145-149	0.17258215564194757
1430	150	0.17054038516118908
1431	1	-0.11844450546291085
1431	2	-0.030807150088108415
1431	3	-0.0013205219158223258
1431	4	-0.05299797199543832
1431	5	-0.0012395510774823038
1431	6	-0.006512086115023408
1431	7	-0.007266165240260136
1431	8	-0.02237818308278605
1431	9	-0.015354718172524429
1431	10-14	0.018981427416996155
1431	15-19	0.0055411798233748755
1431	20-24	0.013534907964803722
1431	25-29	0.023672405141020647
1431	30-34	-0.010514808944421361
1431	35-39	0.03514897423875141
1431	40-44	0.04442217577118157
1431	45-49	0.013231040098567348
1431	50-54	0.055032144509382874
1431	55-59	0.05820820102092483
1431	60-64	0.012834916379887318
1431	65-69	0.04060301375807285
1431	70-74	0.05783757784587351
1431	75-79	0.04978192388279723
1431	80-84	0.08353051599789296
1431	85-89	0.06120607650851895
1431	90-94	0.06967194372581531
1431	95-99	0.05143128059264512
1431	100-104	0.09199961695536274
1431	105-109	0.07442280157462733
1431	110-114	0.08093913368634276
1431	115-119	0.14652443207263843
1431	120-124	0.1038495136243327
1431	125-129	0.13001866608188806
1431	130-134	0.17033999560509727
1431	135-139	0.1788012111702315
1431	140-144	0.14327881455304237
1431	145-149	0.18831378482664718
1431	150	0.1550890685984001
1432	1	-0.08876989580300432
1432	2	-0.01846126300654305
1432	3	0.02941623236602453
1432	4	0.06071763114739781
1432	5	-0.029347050822380538
1432	6	-0.019620931852351475
1432	7	-0.049843795387992884
1432	8	0.01671258732176284
1432	9	-0.013006326470446083
1432	10-14	0.003687582712466053
1432	15-19	0.025301166090677896
1432	20-24	0.013881238107948946
1432	25-29	0.007329310890419549
1432	30-34	0.010255640611546823
1432	35-39	0.04575642323914053
1432	40-44	0.023879879049786723
1432	45-49	0.02910186597214448
1432	50-54	0.04499330038945004
1432	55-59	0.04495691245475797
1432	60-64	0.008209046708515189
1432	65-69	0.04170253022028447
1432	70-74	0.05402587975267181
1432	75-79	0.03847963786321884
1432	80-84	0.0965669141864538
1432	85-89	0.0898286537106685
1432	90-94	0.08417716820622445
1432	95-99	0.11987531242731819
1432	100-104	0.08153171765781764
1432	105-109	0.08508143594384165
1432	110-114	0.07648679646761991
1432	115-119	0.14572652629173888
1432	120-124	0.09859665303452658
1432	125-129	0.1242712554526122
1432	130-134	0.10953512060512338
1432	135-139	0.17371946750247957
1432	140-144	0.15010828185874203
1432	145-149	0.19727447569411538
1432	150	0.24366423343540333
1433	1	-0.0747826445139097
1433	2	-0.03161025907115089
1433	3	0.004808110243075703
1433	4	-0.0025221358135922856
1433	5	-0.01305541269010746
1433	6	0.009229875610920146
1433	7	-0.012101359034708992
1433	8	-0.030829654241877336
1433	9	-0.029870556139563575
1433	10-14	0.013081184428358483
1433	15-19	0.007331175440761228
1433	20-24	-0.015000829807441107
1433	25-29	0.009651858524250656
1433	30-34	-0.0039859574979104195
1433	35-39	-0.020296620267487242
1433	40-44	-0.010148171780087978
1433	45-49	-0.006243902282072611
1433	50-54	0.038836897225458245
1433	55-59	0.01765865881106521
1433	60-64	0.027948399010270464
1433	65-69	0.02909255809502298
1433	70-74	0.030931500339555384
1433	75-79	0.025361099765376593
1433	80-84	0.053836310958438105
1433	85-89	0.05548274572824141
1433	90-94	0.06144168212841805
1433	95-99	0.040828061337464305
1433	100-104	0.11296344568076222
1433	105-109	0.04510322980455328
1433	110-114	0.08702673027032404
1433	115-119	0.10655736217439227
1433	120-124	0.12573010536822693
1433	125-129	0.12376086564967892
1433	130-134	0.11884588394675433
1433	135-139	0.17171660997068727
1433	140-144	0.18244022518258163
1433	145-149	0.16442098072564448
1433	150	0.23399264349830418
1434	1	-0.057029722739606825
1434	2	-0.02483248521431136
1434	3	-0.042560629547161
1434	4	0.030179929223045576
1434	5	0.031189425269687376
1434	6	-0.020881566084455017
1434	7	-0.047712884172597114
1434	8	-0.01844363413333383
1434	9	-0.11063633228721415
1434	10-14	-0.04728889044199036
1434	15-19	-0.031190976890705713
1434	20-24	-0.049224507556147046
1434	25-29	-0.026951162094512426
1434	30-34	-0.04338779418879568
1434	35-39	-0.05746703155449495
1434	40-44	-0.039510018557585624
1434	45-49	-0.018586216161175173
1434	50-54	-0.027342816246935797
1434	55-59	-0.008723187701775714
1434	60-64	-0.046781524796060125
1434	65-69	-0.042580107610028506
1434	70-74	5.902701102868946E-4
1434	75-79	-0.01199710311092872
1434	80-84	-0.006802544357391582
1434	85-89	-0.026163789974120277
1434	90-94	-0.013053729636460787
1434	95-99	-0.002322044013290281
1434	100-104	0.025293583202838477
1434	105-109	0.006158571668862578
1434	110-114	0.046267418160056195
1434	115-119	0.05087240946828331
1434	120-124	0.03195705759206646
1434	125-129	0.06954326964668667
1434	130-134	0.10904144451131259
1434	135-139	0.08746010660137671
1434	140-144	0.08047341728855173
1434	145-149	0.10198506052755363
1434	150	0.2951169908455711
1435	1	-0.10455559605585307
1435	2	0.006286017806445443
1435	3	-0.05331326242522749
1435	4	-0.03490519854207008
1435	5	-0.038786067807251356
1435	6	-0.12090889394829674
1435	7	-0.11014015679301536
1435	8	-0.10710418680265121
1435	9	-0.04318719737572252
1435	10-14	-0.05401933191922126
1435	15-19	-0.0526609808870262
1435	20-24	-0.05207968163170307
1435	25-29	-0.05550833903802044
1435	30-34	-0.08842514226937936
1435	35-39	-0.06166332789432971
1435	40-44	-0.05144568347684242
1435	45-49	-0.07234556052752339
1435	50-54	-0.027951522375431637
1435	55-59	0.004170127843963201
1435	60-64	-0.048109570824408365
1435	65-69	-0.03853440836932975
1435	70-74	-0.05622391804647009
1435	75-79	-0.031873569412439906
1435	80-84	-0.06272960540726302
1435	85-89	-0.08208232943203342
1435	90-94	-0.040256414231770066
1435	95-99	0.006602707391294871
1435	100-104	-0.04375570098343928
1435	105-109	-0.07678737205336006
1435	110-114	-0.02169786076046165
1435	115-119	0.04186684986414946
1435	120-124	0.01254443035588082
1435	125-129	0.03724055919274605
1435	130-134	0.06552696368194688
1435	135-139	0.0713629663300992
1435	140-144	0.10798537690207866
1435	145-149	0.08595256681590513
1435	150	0.1881438309217316
1436	1	-0.08209323382210698
1436	2	0.011154867915735167
1436	3	-0.011599457901020571
1436	4	0.05420518850880285
1436	5	-0.04877076186762963
1436	6	-0.03188105147150111
1436	7	-0.04136644922348154
1436	8	-0.05144034926060925
1436	9	-0.03838553471043582
1436	10-14	-0.0405522806417693
1436	15-19	-0.013645424114272942
1436	20-24	-2.7790634746338583E-4
1436	25-29	0.017148290890979467
1436	30-34	-0.007426263339873174
1436	35-39	0.004297977256960905
1436	40-44	0.021909055989446813
1436	45-49	0.014028057970655539
1436	50-54	0.02266596222904127
1436	55-59	0.006377715290021513
1436	60-64	0.0033990112517727766
1436	65-69	0.011916451373991777
1436	70-74	0.012999241529477956
1436	75-79	0.007374775856796134
1436	80-84	0.004404600552341265
1436	85-89	0.03796627588460666
1436	90-94	0.04156855031884987
1436	95-99	0.041400044464943164
1436	100-104	0.0362010686954406
1436	105-109	0.015105982916466587
1436	110-114	0.05570719378294342
1436	115-119	0.0770912431295443
1436	120-124	0.09611102143134076
1436	125-129	0.0929303758798099
1436	130-134	0.0988791948169947
1436	135-139	0.07865709120404318
1436	140-144	0.11355604785509854
1436	145-149	0.1313353176874159
1436	150	0.17768306582951254
1437	1	-0.05380809725610192
1437	2	-0.033618177788824255
1437	3	-0.05836731451083921
1437	4	0.01389570428308673
1437	5	0.06393816325296342
1437	6	0.024952959236337335
1437	7	-0.011115702924939797
1437	8	-8.135808514921905E-4
1437	9	0.031998190947604144
1437	10-14	0.00612656337742834
1437	15-19	0.031286077350692665
1437	20-24	0.01821229475869046
1437	25-29	-0.009908088137642324
1437	30-34	0.009916730297604204
1437	35-39	0.041445391636813156
1437	40-44	0.03762881669186413
1437	45-49	0.0757198459890489
1437	50-54	0.10962864906324654
1437	55-59	0.09281220389591027
1437	60-64	0.0687164354153964
1437	65-69	0.10277188628699463
1437	70-74	0.08221760864068273
1437	75-79	0.08413281160236608
1437	80-84	0.1354225311848083
1437	85-89	0.1164652948179068
1437	90-94	0.15084097019130382
1437	95-99	0.11971139719490509
1437	100-104	0.17345486804611454
1437	105-109	0.13053046877651298
1437	110-114	0.14996511226031828
1437	115-119	0.19615578958712376
1437	120-124	0.1843547776180472
1437	125-129	0.21511071527715586
1437	130-134	0.232388977395253
1437	135-139	0.15402809905610582
1437	140-144	0.2114210249697237
1437	145-149	0.22715815945655748
1437	150	0.2288452817739497
1438	1	-0.058943765545912186
1438	2	0.012084968401623541
1438	3	0.03022938324843949
1438	4	0.11881961136727881
1438	5	-0.03684894827348728
1438	6	-0.003971800149656701
1438	7	-0.012912583299012681
1438	8	0.015522483314974522
1438	9	-0.017846923892236077
1438	10-14	0.033834406548677975
1438	15-19	0.017306239918120525
1438	20-24	0.03246014494297356
1438	25-29	0.019315871684121078
1438	30-34	0.00939880595448983
1438	35-39	0.05838453575951519
1438	40-44	0.04366285992250596
1438	45-49	0.002028064941136165
1438	50-54	0.047848251743715764
1438	55-59	0.050736327038229945
1438	60-64	0.035991159391343786
1438	65-69	0.05505499067140818
1438	70-74	0.027660655511503762
1438	75-79	0.04832841822146605
1438	80-84	0.041244412411742815
1438	85-89	0.05750856665762427
1438	90-94	0.07246984346210894
1438	95-99	0.05056809659093631
1438	100-104	0.05790125496316989
1438	105-109	0.07448381438732099
1438	110-114	0.09422034272201074
1438	115-119	0.11086569472474395
1438	120-124	0.11822406188773016
1438	125-129	0.12440906322471079
1438	130-134	0.1674955719779163
1438	135-139	0.1146296653004768
1438	140-144	0.10635033257516824
1438	145-149	0.1321594485350701
1438	150	0.13573792772550775
1439	1	-0.045052120035748544
1439	2	0.003253375102858058
1439	3	-0.033917026220976254
1439	4	-0.06762445089044888
1439	5	0.04580540489001805
1439	6	-0.0795160568943345
1439	7	-0.0017555035309300138
1439	8	-0.0092479465696087
1439	9	-0.02102117104625023
1439	10-14	-0.021324002778811746
1439	15-19	-0.02030596121459638
1439	20-24	-3.541193537586196E-4
1439	25-29	-0.02280413959771721
1439	30-34	-0.029495988354725
1439	35-39	0.009689887263732544
1439	40-44	-0.0031417820492691817
1439	45-49	-0.0018553879391873807
1439	50-54	3.87177779806791E-4
1439	55-59	0.03701095008315036
1439	60-64	0.0237042486441581
1439	65-69	0.03998863257861984
1439	70-74	0.005318286785360726
1439	75-79	0.03737585277971789
1439	80-84	0.02215485320357402
1439	85-89	0.026585035973319293
1439	90-94	0.07816191498165637
1439	95-99	0.10594836912667915
1439	100-104	0.10143444082027031
1439	105-109	0.07781765284769193
1439	110-114	0.11740128369131497
1439	115-119	0.1372741259684318
1439	120-124	0.11402299101533941
1439	125-129	0.13754794673074855
1439	130-134	0.17788894199915006
1439	135-139	0.15814326578848892
1439	140-144	0.16640114501134207
1439	145-149	0.19108190257629332
1439	150	0.19034590350812408
1440	1	-0.0536529498364402
1440	2	-0.021375010548347007
1440	3	-0.014415330783293712
1440	4	0.016189917892987182
1440	5	0.008419126690220935
1440	6	0.0033053584688715887
1440	7	-0.034818628054289036
1440	8	-0.03519110552419846
1440	9	-0.037592177888626566
1440	10-14	-0.014561889130476402
1440	15-19	9.07219151741856E-4
1440	20-24	-0.019317038201151604
1440	25-29	-0.019549512671261482
1440	30-34	-0.01946594761074749
1440	35-39	-0.03325129317556019
1440	40-44	-0.01663754845758092
1440	45-49	-0.014376566950360825
1440	50-54	-0.022326047983490582
1440	55-59	-0.03732056386410676
1440	60-64	-0.026091916361657752
1440	65-69	-0.006606032492342706
1440	70-74	-0.03738923805015304
1440	75-79	-0.028449954287374624
1440	80-84	-0.026738475317806376
1440	85-89	0.015545361333778374
1440	90-94	0.016927549214244664
1440	95-99	0.02373476412664388
1440	100-104	0.01379318783104111
1440	105-109	0.005375776095263518
1440	110-114	0.004460133877422834
1440	115-119	0.05784889591130593
1440	120-124	0.0325673851310313
1440	125-129	0.046507441291154805
1440	130-134	0.05112642952995827
1440	135-139	0.046015692113073214
1440	140-144	0.06423168616497321
1440	145-149	0.12972182073604444
1440	150	0.04281552686349954
1441	1	-0.02827350282461083
1441	2	0.007155834354229285
1441	3	-0.036249588581895864
1441	4	0.039356411736491737
1441	5	0.007207868017189867
1441	6	-0.026816011719823507
1441	7	-0.06483062207669832
1441	8	0.03553754694078037
1441	9	-0.026150790508808086
1441	10-14	-0.029648653734987818
1441	15-19	-0.013877524306963096
1441	20-24	-0.002415065441660147
1441	25-29	0.014539432704665955
1441	30-34	0.016627973800680707
1441	35-39	-0.010494665284994653
1441	40-44	0.013057621280701426
1441	45-49	0.003063989458304661
1441	50-54	0.006839503517284129
1441	55-59	0.014089853865378643
1441	60-64	0.030132472671873245
1441	65-69	0.04965953618054186
1441	70-74	-0.005317018410750052
1441	75-79	0.03631732123607634
1441	80-84	0.022871249685117334
1441	85-89	0.04119112562108285
1441	90-94	0.07380189347060195
1441	95-99	0.05483635265884601
1441	100-104	0.09230705668948502
1441	105-109	0.08755451220378063
1441	110-114	0.1359750664039936
1441	115-119	0.15893924913994084
1441	120-124	0.18431220297111395
1441	125-129	0.13692971566157297
1441	130-134	0.1635152061617191
1441	135-139	0.18231338406017983
1441	140-144	0.18606436387936753
1441	145-149	0.22365570579022886
1441	150	0.33410940909070064
1442	1	-0.07577167415468011
1442	2	-0.01717634358719522
1442	3	-0.07859367025376685
1442	4	-0.08200422939473384
1442	5	-0.03792173484570327
1442	6	-0.02748876863379479
1442	7	-0.06614644455363816
1442	8	-0.09847045170536717
1442	9	-0.10176609222677513
1442	10-14	-0.04601172865375247
1442	15-19	-0.05472610682403456
1442	20-24	-0.04654426895356778
1442	25-29	-0.03828425993732054
1442	30-34	-0.050831359296836354
1442	35-39	-0.05052528582241678
1442	40-44	-0.0492520828093177
1442	45-49	-0.05308153077110944
1442	50-54	-0.03350107434356886
1442	55-59	-0.01961353514293762
1442	60-64	-0.03011589200518472
1442	65-69	-0.0431419347317572
1442	70-74	-0.05827735611582341
1442	75-79	-0.03925085414726226
1442	80-84	-0.04770545292915784
1442	85-89	-0.03411834128553437
1442	90-94	-0.0057140828501545116
1442	95-99	0.007629559555660137
1442	100-104	0.044102569344353526
1442	105-109	-0.015308389465253924
1442	110-114	-0.003659725809932013
1442	115-119	-0.0030513424074172235
1442	120-124	0.028575832800846968
1442	125-129	0.05882113717020587
1442	130-134	0.09613434901873319
1442	135-139	0.10641610251643385
1442	140-144	0.08257601691245497
1442	145-149	0.08200607980514008
1442	150	0.15450499098988502
1443	1	-0.049702182475854784
1443	2	0.026034197778656676
1443	3	-0.016846572235955648
1443	4	0.011023529806067245
1443	5	0.03333935158006085
1443	6	0.027009962632369877
1443	7	0.0022578040988747716
1443	8	-0.05069026978495117
1443	9	-0.055218678420459355
1443	10-14	-0.01383251669467711
1443	15-19	0.026496035441070376
1443	20-24	0.0062109970518520186
1443	25-29	0.0033649380201268286
1443	30-34	-0.03423573943570801
1443	35-39	-0.019028530677452693
1443	40-44	-0.006487115392701526
1443	45-49	-0.011580639279806348
1443	50-54	0.023016605108743704
1443	55-59	0.018050960220385548
1443	60-64	0.004298601796676849
1443	65-69	0.01849653550644348
1443	70-74	0.02503288624706812
1443	75-79	0.005405082941003059
1443	80-84	0.053674835729140113
1443	85-89	0.007279140394707895
1443	90-94	0.019905819993766727
1443	95-99	0.03522237999049338
1443	100-104	0.024125964004880984
1443	105-109	0.007989360656885935
1443	110-114	0.0377681417789546
1443	115-119	0.06319762710717214
1443	120-124	0.05876401178352353
1443	125-129	0.04377229465690391
1443	130-134	0.11075262615661075
1443	135-139	0.09780113505486554
1443	140-144	0.1406334488150236
1443	145-149	0.14388380219781993
1443	150	0.1868665829340017
1444	1	-0.09756479994161538
1444	2	0.05994058765971033
1444	3	-0.06713294794697333
1444	4	-0.030098319694957354
1444	5	0.019563796541184786
1444	6	-0.027951106381564728
1444	7	-0.04794756074295492
1444	8	-0.019890440777388108
1444	9	-0.017697830708080176
1444	10-14	-0.0264190518643872
1444	15-19	-0.003905037014689583
1444	20-24	0.014600647432729374
1444	25-29	0.009296206018724718
1444	30-34	-0.0017041177354002457
1444	35-39	-0.038730190988353286
1444	40-44	0.021542297502762153
1444	45-49	0.02103347620050755
1444	50-54	0.03349046834775038
1444	55-59	0.046035409795010196
1444	60-64	0.012687272724114962
1444	65-69	0.06359488361701437
1444	70-74	0.026631766191705708
1444	75-79	0.032395808340702104
1444	80-84	0.022971844460002444
1444	85-89	0.02267218499371637
1444	90-94	0.033080905993436716
1444	95-99	0.044985828252464444
1444	100-104	0.06950547933103479
1444	105-109	0.05261634450779695
1444	110-114	0.08076385049132995
1444	115-119	0.04543171465017792
1444	120-124	0.07972273193994539
1444	125-129	0.09015035819505357
1444	130-134	0.10792230777016698
1444	135-139	0.11524478902037316
1444	140-144	0.07532237623111371
1444	145-149	0.1465892540004745
1444	150	0.1742380868801945
1445	1	-0.051435795618047564
1445	2	0.017132351886289143
1445	3	0.0394494519640034
1445	4	0.038633811271928664
1445	5	0.00830318729352797
1445	6	0.011754266577568728
1445	7	-0.01217409297047567
1445	8	0.0018701155249871704
1445	9	0.044027844523753856
1445	10-14	0.0255339381083175
1445	15-19	0.006404656997467839
1445	20-24	0.0239720343658405
1445	25-29	0.013237605461270618
1445	30-34	0.007420131383817363
1445	35-39	0.011503396422511969
1445	40-44	0.003725348192041622
1445	45-49	0.03934008861769911
1445	50-54	0.011571399251465664
1445	55-59	0.017463712010275856
1445	60-64	0.06927069564565613
1445	65-69	0.042836357182963525
1445	70-74	0.04500775487755959
1445	75-79	0.05191446392534971
1445	80-84	0.08436116458872789
1445	85-89	0.07498812834404589
1445	90-94	0.0928341361044076
1445	95-99	0.08046085512892631
1445	100-104	0.10879203715176544
1445	105-109	0.06387752807717106
1445	110-114	0.0697548479984107
1445	115-119	0.15844952400767198
1445	120-124	0.14418970754383054
1445	125-129	0.1682750811296998
1445	130-134	0.1449904761684735
1445	135-139	0.2315689415817559
1445	140-144	0.18447388768434791
1445	145-149	0.17201458410085024
1445	150	0.2254544374605274
1446	1	-0.02735419685561169
1446	2	0.03757240314739363
1446	3	1.113728136843406E-4
1446	4	0.03689614657312745
1446	5	0.12100645593633175
1446	6	0.031068841039967765
1446	7	0.06290226491512385
1446	8	-1.5068992881595022E-4
1446	9	0.04761809394488381
1446	10-14	0.018953981115522822
1446	15-19	0.008611244687685371
1446	20-24	0.02466143126832776
1446	25-29	0.046548144782782686
1446	30-34	0.03852235767428169
1446	35-39	0.03896472221446601
1446	40-44	0.025047664813349968
1446	45-49	0.05470572762310155
1446	50-54	0.07068539667977802
1446	55-59	0.10050849492620273
1446	60-64	0.09175348883690759
1446	65-69	0.10875238761735773
1446	70-74	0.07158687692864163
1446	75-79	0.0759236291823484
1446	80-84	0.07691748964971623
1446	85-89	0.09813061792769417
1446	90-94	0.1060601059962849
1446	95-99	0.1428594085538677
1446	100-104	0.12949705146979085
1446	105-109	0.11838985663874979
1446	110-114	0.11832682806271322
1446	115-119	0.16910029946365057
1446	120-124	0.11773672023171144
1446	125-129	0.15884590860469672
1446	130-134	0.20340145882556016
1446	135-139	0.19591156900781215
1446	140-144	0.18336184389642796
1446	145-149	0.20635921877611452
1446	150	0.19721184036658457
1447	1	-0.040160415909554104
1447	2	0.051084857417258434
1447	3	0.02341880410492081
1447	4	-0.004316493989001913
1447	5	0.013428892356806443
1447	6	0.007768754078654183
1447	7	0.014580980659779641
1447	8	-0.0016273008419247503
1447	9	0.023763888419104262
1447	10-14	-0.014909397700868965
1447	15-19	0.012785049635006374
1447	20-24	0.026168291918487796
1447	25-29	0.008318610792990455
1447	30-34	0.002489045396181666
1447	35-39	0.02594344782722402
1447	40-44	0.016206498143837678
1447	45-49	0.044193231824394275
1447	50-54	0.013744228189771945
1447	55-59	0.06557587959829192
1447	60-64	0.042751434160464896
1447	65-69	0.08589385957508
1447	70-74	0.03613471925130085
1447	75-79	0.04731848791104909
1447	80-84	0.0439729443703456
1447	85-89	0.06337516564182266
1447	90-94	0.0695544954401015
1447	95-99	0.09772351597231932
1447	100-104	0.08861863578329832
1447	105-109	0.10786736364914873
1447	110-114	0.11969249063187704
1447	115-119	0.13543287627165057
1447	120-124	0.1692497523445482
1447	125-129	0.17111198112546333
1447	130-134	0.19797815635281069
1447	135-139	0.20215376871740887
1447	140-144	0.21871870332920196
1447	145-149	0.18086645318589234
1447	150	0.23929805558901762
1448	1	0.0279122127115059
1448	2	0.022641240840272303
1448	3	-0.06566041105703846
1448	4	0.009705366058213372
1448	5	0.00922471157009852
1448	6	0.024227722502409677
1448	7	-0.002471754349414823
1448	8	0.00790412061222412
1448	9	-0.08252078060689882
1448	10-14	0.008304768701812293
1448	15-19	0.022079918947831345
1448	20-24	0.008378796490411844
1448	25-29	0.03247630237545707
1448	30-34	0.031157562098094616
1448	35-39	0.025003524507219765
1448	40-44	0.0530567834201392
1448	45-49	0.0741273339987032
1448	50-54	0.060323118734118
1448	55-59	0.08057656305118854
1448	60-64	0.049400737461731126
1448	65-69	0.0912494468790328
1448	70-74	0.09165034619010726
1448	75-79	0.09129069452021099
1448	80-84	0.09509709381366349
1448	85-89	0.13121282693985847
1448	90-94	0.11931762813604507
1448	95-99	0.13908444627507066
1448	100-104	0.11853395425884372
1448	105-109	0.15260694648534923
1448	110-114	0.1571810434712546
1448	115-119	0.18596959840276384
1448	120-124	0.17110208077581035
1448	125-129	0.15957585456187218
1448	130-134	0.16563916443771376
1448	135-139	0.18322939930850168
1448	140-144	0.16676211006183905
1448	145-149	0.2463750799102158
1448	150	0.2706861024931513
1449	1	0.027466085852012156
1449	2	0.050717852800126195
1449	3	0.03316279036015146
1449	4	0.015267171307158378
1449	5	0.049489852853547234
1449	6	-0.001708203736505709
1449	7	0.07711329975894188
1449	8	0.08223147702084788
1449	9	0.011207263352368102
1449	10-14	0.008731459436724265
1449	15-19	0.010590294583934678
1449	20-24	0.03392979706211463
1449	25-29	0.017213647107936936
1449	30-34	0.07144758162100118
1449	35-39	0.028881817845530122
1449	40-44	0.03118136192743748
1449	45-49	0.043520229019407
1449	50-54	0.026736446816975956
1449	55-59	0.06544480782268636
1449	60-64	0.03469614305115698
1449	65-69	0.05607649791448921
1449	70-74	0.03333600601851572
1449	75-79	0.0590132399546377
1449	80-84	0.06841561591606649
1449	85-89	0.08773712715800741
1449	90-94	0.08969972245711944
1449	95-99	0.10908425462583438
1449	100-104	0.14231610477290957
1449	105-109	0.131773590551866
1449	110-114	0.11018254158965846
1449	115-119	0.16938633531066927
1449	120-124	0.1452891354851502
1449	125-129	0.1682395206525129
1449	130-134	0.23730375369907364
1449	135-139	0.22320384848873687
1449	140-144	0.1827796463278375
1449	145-149	0.2092402937310851
1449	150	0.25956068398367194
1450	1	-0.06068363729281856
1450	2	-0.029760680704129072
1450	3	-0.024640141840919227
1450	4	0.015844757378090435
1450	5	-0.009159697976294012
1450	6	0.018970773526433504
1450	7	-0.05425499004060441
1450	8	0.03630939602863492
1450	9	-0.04868212148220863
1450	10-14	0.008280014102808764
1450	15-19	0.0034354607269548865
1450	20-24	0.017153477873478096
1450	25-29	-0.015349027597792997
1450	30-34	-6.225604604566115E-4
1450	35-39	-0.013881741150647997
1450	40-44	0.0011832346405924454
1450	45-49	0.010562127214505779
1450	50-54	0.03796817540011688
1450	55-59	0.015729168347355937
1450	60-64	0.0031846713687428974
1450	65-69	0.02530446693078403
1450	70-74	0.03994158924176361
1450	75-79	-0.0107514345114339
1450	80-84	0.039889716728218616
1450	85-89	0.03082793054107924
1450	90-94	0.059946552577379464
1450	95-99	0.08963115213114037
1450	100-104	0.05978967875985575
1450	105-109	0.07184671519642905
1450	110-114	0.08631654373358089
1450	115-119	0.12324545688311872
1450	120-124	0.09189442139479098
1450	125-129	0.1286587038341338
1450	130-134	0.1351859743634165
1450	135-139	0.16838672445766178
1450	140-144	0.18672454468919142
1450	145-149	0.16330414472910348
1450	150	0.2108342467669715
1451	1	-0.05561254173044006
1451	2	-0.014415387671924407
1451	3	-0.03688248779840819
1451	4	-0.0363746728250689
1451	5	0.04868753434082862
1451	6	-0.02586852162990283
1451	7	-0.02509430963749537
1451	8	0.026647078746847797
1451	9	-0.0034588907730537244
1451	10-14	0.002801408797502347
1451	15-19	0.006566514437615467
1451	20-24	0.02767502650716125
1451	25-29	0.023806945262982993
1451	30-34	0.013080327409753068
1451	35-39	0.014879500363775833
1451	40-44	0.006714660723140753
1451	45-49	0.04217948445751318
1451	50-54	0.02244840600220499
1451	55-59	-0.011340166765641868
1451	60-64	0.010076305422160203
1451	65-69	0.04233810971678764
1451	70-74	0.021144925340770726
1451	75-79	0.030559137249760226
1451	80-84	0.020564699141054632
1451	85-89	0.05187746625264822
1451	90-94	0.041631932986376796
1451	95-99	0.05290947658897238
1451	100-104	0.06842308523853546
1451	105-109	0.09669927391257715
1451	110-114	0.08342402252456083
1451	115-119	0.08525858146008147
1451	120-124	0.07192180210984844
1451	125-129	0.08692312179968553
1451	130-134	0.13721089241916928
1451	135-139	0.16446290310788925
1451	140-144	0.16634548265560056
1451	145-149	0.1689400815346005
1451	150	0.23563712185148233
1452	1	-0.035170275997465694
1452	2	0.009269310493280614
1452	3	-0.04191184693643635
1452	4	-0.013335238489268875
1452	5	0.06332041144846556
1452	6	0.05441445695480951
1452	7	0.01669476306491191
1452	8	0.050067006339602926
1452	9	0.020375038385623157
1452	10-14	0.0057704280770494165
1452	15-19	0.032443461673203444
1452	20-24	0.04685935736270608
1452	25-29	0.029686866132102807
1452	30-34	0.020657965978507775
1452	35-39	0.048933097544839654
1452	40-44	0.02618672358253349
1452	45-49	0.057053658010779884
1452	50-54	0.0550762337921924
1452	55-59	0.08489844315588613
1452	60-64	0.057653636373657946
1452	65-69	0.0498039074379264
1452	70-74	0.056727673285784874
1452	75-79	0.055225683799214664
1452	80-84	0.0677339977663749
1452	85-89	0.08363103845811537
1452	90-94	0.08042646150066446
1452	95-99	0.058479949140355814
1452	100-104	0.09190431655719777
1452	105-109	0.0909699756388207
1452	110-114	0.09411624925606077
1452	115-119	0.1335618525302209
1452	120-124	0.1414674001434406
1452	125-129	0.12906536841644822
1452	130-134	0.17946820254058338
1452	135-139	0.19394406264918018
1452	140-144	0.19116785199700104
1452	145-149	0.18766503727799488
1452	150	0.18996126841499716
1453	1	-0.07028458709321228
1453	2	0.030568499456485654
1453	3	0.04694978537975203
1453	4	0.03532507921106287
1453	5	-0.01539826561920421
1453	6	0.009754240060296127
1453	7	-0.003213125620263213
1453	8	-0.009223464720577113
1453	9	0.02949512961488665
1453	10-14	0.001999138473635753
1453	15-19	0.007262069706882812
1453	20-24	0.009501837833830962
1453	25-29	0.020247400474936228
1453	30-34	3.4975219456612194E-4
1453	35-39	0.043344405077284875
1453	40-44	0.035622823045478924
1453	45-49	0.04334831521249782
1453	50-54	0.036930961810007545
1453	55-59	0.0696903286476882
1453	60-64	0.03736448568966466
1453	65-69	0.0612218762547343
1453	70-74	0.039569155239284726
1453	75-79	0.04643069132814759
1453	80-84	0.0548313392829769
1453	85-89	0.08182047598864983
1453	90-94	0.06052848238727648
1453	95-99	0.06400791510399273
1453	100-104	0.07225110656698064
1453	105-109	0.07568052343742693
1453	110-114	0.09330131523437046
1453	115-119	0.10847980829625925
1453	120-124	0.07480004943730734
1453	125-129	0.11868839966535205
1453	130-134	0.14542548427574076
1453	135-139	0.14155882602103276
1453	140-144	0.15682448038445074
1453	145-149	0.15725924886400122
1453	150	0.2606955847850543
1454	1	-0.02906318956627274
1454	2	0.01521461178482042
1454	3	-0.016086877208948636
1454	4	-0.014223106728657342
1454	5	0.046636369353663554
1454	6	-0.015486406275826425
1454	7	0.0011079819463546414
1454	8	0.023219280180654778
1454	9	-0.02252761026439032
1454	10-14	-0.011523878861240178
1454	15-19	0.011412765262818425
1454	20-24	0.004303544851651964
1454	25-29	0.006847887936380914
1454	30-34	-0.02299970688682862
1454	35-39	0.01814981001700744
1454	40-44	0.025085105300789223
1454	45-49	0.012126718189470864
1454	50-54	0.02344453584707651
1454	55-59	0.0596113047920781
1454	60-64	0.006400642070971685
1454	65-69	0.01064727736724791
1454	70-74	0.006312680281673977
1454	75-79	0.008447884324567667
1454	80-84	0.034641015556545085
1454	85-89	0.035752696579613996
1454	90-94	0.04226509918103005
1454	95-99	0.0656409655652439
1454	100-104	0.06417151944141608
1454	105-109	0.08092100705606953
1454	110-114	0.09573999108410192
1454	115-119	0.13807308926800488
1454	120-124	0.10121687121496592
1454	125-129	0.11784735090437692
1454	130-134	0.12667202276784195
1454	135-139	0.19484333519433505
1454	140-144	0.1455650994709714
1454	145-149	0.17147560315211763
1454	150	0.1953502063459851
1455	1	-0.07285742657012406
1455	2	9.207438953566793E-4
1455	3	5.121428062295763E-4
1455	4	-0.05953831018464939
1455	5	-0.09499359583291778
1455	6	-0.06206033444346559
1455	7	-0.040932942245042625
1455	8	-0.06610851684904873
1455	9	-0.026213429956619905
1455	10-14	-0.0309079988318004
1455	15-19	-0.007810775081317445
1455	20-24	-0.031274310014026696
1455	25-29	-0.01650925232234357
1455	30-34	-0.013056833126803724
1455	35-39	0.017311286928098468
1455	40-44	-0.022086587899806887
1455	45-49	0.003826985414519868
1455	50-54	0.018293994006675973
1455	55-59	0.014448304909628007
1455	60-64	0.017087835057175482
1455	65-69	0.02067295821169779
1455	70-74	0.017351640756480435
1455	75-79	0.005382756882362116
1455	80-84	0.03728939872550541
1455	85-89	0.0345474360352469
1455	90-94	0.013476133187161565
1455	95-99	0.026360788401035506
1455	100-104	0.050281118890318055
1455	105-109	0.09296191275777232
1455	110-114	0.053165752913386655
1455	115-119	0.12727071664409806
1455	120-124	0.050201300422280326
1455	125-129	0.11944177712236836
1455	130-134	0.15796376227108766
1455	135-139	0.1573595629614104
1455	140-144	0.15920814805214434
1455	145-149	0.10775905804848662
1455	150	0.25171337898898116
1456	1	0.004020968074435416
1456	2	0.03060067385962384
1456	3	-0.014372616104296299
1456	4	-0.037319137244473666
1456	5	0.07839816313376247
1456	6	-0.004572753537779306
1456	7	0.0018996998453317815
1456	8	-0.041226494476873654
1456	9	-0.017194398007902123
1456	10-14	-0.02128534301854046
1456	15-19	0.010300808023423258
1456	20-24	0.012925417761245228
1456	25-29	0.015577777412580929
1456	30-34	0.04629573829814149
1456	35-39	0.04876056366581594
1456	40-44	0.015929675243747
1456	45-49	0.0286962707693732
1456	50-54	0.05786349443267369
1456	55-59	0.025062286532730127
1456	60-64	0.054798945704312985
1456	65-69	0.05905917543702799
1456	70-74	0.04985558004306512
1456	75-79	0.01939199322962537
1456	80-84	0.059171130026470564
1456	85-89	0.03720159464126027
1456	90-94	0.09852207320147954
1456	95-99	0.11106481184928896
1456	100-104	0.10971292599596438
1456	105-109	0.09402078227380883
1456	110-114	0.09070729866790117
1456	115-119	0.15183021379987593
1456	120-124	0.18644268119175678
1456	125-129	0.19005484544953077
1456	130-134	0.20162732950009854
1456	135-139	0.2555585009255026
1456	140-144	0.24935037770677582
1456	145-149	0.2415957774805051
1456	150	0.2773938765811934
1457	1	-4.575283596608415E-5
1457	2	0.04107272246290705
1457	3	0.016657920223693168
1457	4	0.02269181174803947
1457	5	-0.002581832956678909
1457	6	8.297890120871898E-4
1457	7	-0.01716379929897016
1457	8	-0.006318254942321744
1457	9	-0.02138820742748493
1457	10-14	0.02440343270476575
1457	15-19	0.021085888656678264
1457	20-24	0.007569210723936237
1457	25-29	0.020586512659157563
1457	30-34	0.00924113980482133
1457	35-39	0.05535370612133761
1457	40-44	0.02946454577998736
1457	45-49	0.04349881855425508
1457	50-54	0.042879748061686485
1457	55-59	0.04619003276114597
1457	60-64	0.03716275856008622
1457	65-69	0.052488309670224
1457	70-74	0.02628581864311741
1457	75-79	0.018802329279040464
1457	80-84	0.07668216673344119
1457	85-89	0.05374488743658645
1457	90-94	0.06618607836075796
1457	95-99	0.06324607281011652
1457	100-104	0.08561632090763283
1457	105-109	0.056109466885452264
1457	110-114	0.10691296596889543
1457	115-119	0.07806398871286291
1457	120-124	0.09289025662480555
1457	125-129	0.12948582085104476
1457	130-134	0.16161380755004728
1457	135-139	0.1728870358600787
1457	140-144	0.15051900165900634
1457	145-149	0.1474257094419329
1457	150	0.1702541421527357
1458	1	-0.040751830605366024
1458	2	0.014377883711979678
1458	3	-0.0541258328584604
1458	4	-0.020531665695578738
1458	5	0.002516174689937145
1458	6	0.002609162236218765
1458	7	-0.03390074710011248
1458	8	0.004315713024851675
1458	9	-0.011788364321880351
1458	10-14	-0.00397884233679946
1458	15-19	-0.005232880596928169
1458	20-24	-0.020466783552862466
1458	25-29	-0.031360664020290585
1458	30-34	-0.035442197553571475
1458	35-39	-0.02221223109904713
1458	40-44	-0.04492067566935276
1458	45-49	-0.014950067035080394
1458	50-54	0.019684475830374026
1458	55-59	-0.0031271221631214985
1458	60-64	-0.04089980771669843
1458	65-69	0.017131972889245617
1458	70-74	-1.7913802044233762E-4
1458	75-79	-0.012814646985709999
1458	80-84	-2.473941113336764E-4
1458	85-89	0.018802677644011112
1458	90-94	0.021366067965182367
1458	95-99	0.018788350647689356
1458	100-104	0.02944447119364213
1458	105-109	0.0027527319054527766
1458	110-114	0.03313025078820431
1458	115-119	0.08721082576366257
1458	120-124	0.052173432119602126
1458	125-129	0.10614120742047817
1458	130-134	0.11026558581348667
1458	135-139	0.16400058519484872
1458	140-144	0.11924918073924573
1458	145-149	0.10856752693226923
1458	150	0.16157022306598634
1459	1	-0.00273020620025477
1459	2	0.09918550218085898
1459	3	0.0324606150541058
1459	4	9.103931727949544E-4
1459	5	0.05296141365656837
1459	6	0.041518184549737214
1459	7	0.047358682735769264
1459	8	0.04202420522334904
1459	9	0.006385623761161696
1459	10-14	0.02846439011969437
1459	15-19	0.024376869293000425
1459	20-24	0.014897259491640114
1459	25-29	0.05073712885143067
1459	30-34	0.03736805548746247
1459	35-39	0.029817872471994633
1459	40-44	0.01938013293034402
1459	45-49	0.05272387956080138
1459	50-54	0.05525859191530458
1459	55-59	0.07515395652077927
1459	60-64	0.036989351505567925
1459	65-69	0.07422632128479023
1459	70-74	0.06960221200158401
1459	75-79	0.051883158184189426
1459	80-84	0.06474759290158971
1459	85-89	0.060404654471916785
1459	90-94	0.10312946440175352
1459	95-99	0.06142041931843778
1459	100-104	0.07598880716494705
1459	105-109	0.07945790765157312
1459	110-114	0.09377968882616017
1459	115-119	0.15620989770066274
1459	120-124	0.11964563599137534
1459	125-129	0.1295527196765036
1459	130-134	0.2158177087671973
1459	135-139	0.17735375783418306
1459	140-144	0.16775359630013753
1459	145-149	0.1694030554683792
1459	150	0.269069447853326
1460	1	-0.005505611091308538
1460	2	0.05355092026509567
1460	3	-0.008758422664591592
1460	4	0.06123255418349771
1460	5	0.06985260758955292
1460	6	0.002754687208771145
1460	7	0.04979799423563236
1460	8	0.03617024889525311
1460	9	0.005336037758731038
1460	10-14	0.0206735594579186
1460	15-19	0.025725004400406704
1460	20-24	0.06501854367606796
1460	25-29	0.03152899360396333
1460	30-34	0.032711701420474526
1460	35-39	0.04026300057954302
1460	40-44	0.01891139847490564
1460	45-49	0.05180726364643107
1460	50-54	0.03604605486260226
1460	55-59	0.014793246367311497
1460	60-64	0.021836381548659745
1460	65-69	0.05458516400572222
1460	70-74	0.03932650670955695
1460	75-79	0.01593100936404568
1460	80-84	0.0684515919527513
1460	85-89	0.05862793470829786
1460	90-94	0.06217521082953681
1460	95-99	0.07876097087130063
1460	100-104	0.04579399727124667
1460	105-109	0.09034205135984053
1460	110-114	0.08765993460251309
1460	115-119	0.12466834882766875
1460	120-124	0.17041751588122622
1460	125-129	0.12962762150569773
1460	130-134	0.2316628292493803
1460	135-139	0.23718995065505055
1460	140-144	0.20175040098970953
1460	145-149	0.21159083714639593
1460	150	0.29982050364742463
1461	1	-0.02699900648714504
1461	2	0.031725215091150005
1461	3	-0.037940105676860014
1461	4	-0.0685155039415477
1461	5	-0.002736482862992773
1461	6	0.00926481787676181
1461	7	-0.0676210849728136
1461	8	-0.01575410221782647
1461	9	-0.029143613840609817
1461	10-14	-0.017448665147654197
1461	15-19	0.011918938355030662
1461	20-24	0.029210460392114612
1461	25-29	-0.013775727209022648
1461	30-34	0.011999856210600512
1461	35-39	-0.0016157064623598671
1461	40-44	-0.013695907903795046
1461	45-49	0.0038488736840918136
1461	50-54	0.023137475875650182
1461	55-59	0.044805497531477556
1461	60-64	0.03079898100479994
1461	65-69	0.016306972741602976
1461	70-74	0.03912228958512287
1461	75-79	-0.01650944338999949
1461	80-84	0.01751474278892573
1461	85-89	0.04557985704083478
1461	90-94	0.04837490325278537
1461	95-99	0.043696297900638115
1461	100-104	0.05415044026783988
1461	105-109	0.011972736100766213
1461	110-114	0.06939895219800718
1461	115-119	0.10416122649370152
1461	120-124	0.05853757773375179
1461	125-129	0.08073950948263331
1461	130-134	0.09504239817609772
1461	135-139	0.16490247441483774
1461	140-144	0.1445670951362814
1461	145-149	0.13926530532542358
1461	150	0.2605859895692362
1462	1	-0.021017963399494022
1462	2	0.04561730285880117
1462	3	0.030077274718550484
1462	4	0.053685056812859955
1462	5	0.02931554923390678
1462	6	-0.047623602201653625
1462	7	0.0017175081089888522
1462	8	0.023175748936800744
1462	9	-0.009429498295645544
1462	10-14	0.01854205522030128
1462	15-19	0.013847461962761543
1462	20-24	-0.020043324524181116
1462	25-29	0.014030055053936508
1462	30-34	0.02115171297277385
1462	35-39	0.002434587243101305
1462	40-44	0.01021462827912245
1462	45-49	0.03945077852475265
1462	50-54	0.027128139939421203
1462	55-59	0.025522267290504885
1462	60-64	0.021873642981802277
1462	65-69	0.061393738356997574
1462	70-74	0.04499643391559971
1462	75-79	0.03469533401935365
1462	80-84	0.07815328493303042
1462	85-89	0.08147464916845593
1462	90-94	0.10928041516772424
1462	95-99	0.10705174528569472
1462	100-104	0.09130729050664854
1462	105-109	0.08038018127237478
1462	110-114	0.0842903687143064
1462	115-119	0.13634103388064034
1462	120-124	0.16973855461120735
1462	125-129	0.1657781702174148
1462	130-134	0.19111952785957698
1462	135-139	0.23301300303187134
1462	140-144	0.2226030295172805
1462	145-149	0.22821256678705737
1462	150	0.2851691847080744
1463	1	-0.06469441284600919
1463	2	0.03921570913511374
1463	3	-0.024889762310877472
1463	4	0.027608369129303867
1463	5	-0.0060955123585841875
1463	6	0.0022398222505017884
1463	7	-5.662815030547108E-4
1463	8	-0.02115893303727745
1463	9	0.006538545079926905
1463	10-14	-0.01100919655107191
1463	15-19	-0.009636960209718382
1463	20-24	0.011753516781197959
1463	25-29	0.0210711920197042
1463	30-34	0.031712186160838485
1463	35-39	0.024005308731659625
1463	40-44	0.023414192880380824
1463	45-49	0.016893016309971642
1463	50-54	0.04778329181553431
1463	55-59	0.046088696404716245
1463	60-64	0.017921372541678693
1463	65-69	0.020430110581855843
1463	70-74	0.04273236047287554
1463	75-79	0.01730567268563732
1463	80-84	0.01561359587345379
1463	85-89	0.03736547088088571
1463	90-94	0.058137082724350364
1463	95-99	0.06521198023671815
1463	100-104	0.06628254260662914
1463	105-109	0.04569820719091666
1463	110-114	0.05975564977241277
1463	115-119	0.09721347437272243
1463	120-124	0.1163935832612708
1463	125-129	0.1205328476732106
1463	130-134	0.13975726378613018
1463	135-139	0.18536066481742353
1463	140-144	0.19268785012068435
1463	145-149	0.2067120841516683
1463	150	0.27738335159722993
1464	1	-0.05176029539132543
1464	2	0.05921983783304796
1464	3	-0.0070120485615490225
1464	4	-0.006124267414733708
1464	5	-0.019412324877301046
1464	6	-0.03772687713556877
1464	7	0.0019265666796641767
1464	8	-0.02362187752164857
1464	9	0.017737977000003013
1464	10-14	-0.002254983720760606
1464	15-19	-0.008667195016990092
1464	20-24	0.006945634491550834
1464	25-29	0.0012682944326414258
1464	30-34	0.016710196345258055
1464	35-39	-0.020757365670817762
1464	40-44	0.011506287236933588
1464	45-49	0.011954605732192647
1464	50-54	0.0010898142096493757
1464	55-59	0.012487599996006793
1464	60-64	0.04504128049971712
1464	65-69	0.03895200962027445
1464	70-74	0.02667403832330706
1464	75-79	0.025745725030667188
1464	80-84	0.04379216702776745
1464	85-89	0.0744628426529701
1464	90-94	0.12288381149916461
1464	95-99	0.09916973471290191
1464	100-104	0.07807329079987113
1464	105-109	0.07864169326649773
1464	110-114	0.045453261948537715
1464	115-119	0.11862058341235837
1464	120-124	0.11712561856931103
1464	125-129	0.12049432520500858
1464	130-134	0.13542919582253177
1464	135-139	0.17563975847336621
1464	140-144	0.19027640143104918
1464	145-149	0.2260607888291588
1464	150	0.23839416887614817
1465	1	-0.05259665892723575
1465	2	0.012608285355646842
1465	3	0.0780592291486002
1465	4	0.03898202996159483
1465	5	0.014558943218375475
1465	6	0.0664116143042719
1465	7	-0.02178176725183789
1465	8	-0.06332944555646236
1465	9	0.030859392322021506
1465	10-14	-5.671126178441455E-4
1465	15-19	0.014383378936813074
1465	20-24	0.036980151922975324
1465	25-29	0.020987217773537736
1465	30-34	-0.0011212843728003463
1465	35-39	0.031963707406973185
1465	40-44	0.005883757737208839
1465	45-49	0.02189414418432989
1465	50-54	0.036886082972188206
1465	55-59	0.03669937332989548
1465	60-64	0.034214647818970434
1465	65-69	0.0025195919196363548
1465	70-74	0.055397147874757025
1465	75-79	0.019398836234628902
1465	80-84	0.02914432937939182
1465	85-89	0.07672125969322252
1465	90-94	0.07163103918816915
1465	95-99	0.10449687408920738
1465	100-104	0.09402443898144952
1465	105-109	0.09294165295638379
1465	110-114	0.0703544057078318
1465	115-119	0.14305983422300983
1465	120-124	0.12366947034403353
1465	125-129	0.10493299090536112
1465	130-134	0.16650645044336443
1465	135-139	0.1922533946136511
1465	140-144	0.19001930614225415
1465	145-149	0.23753193951782947
1465	150	0.23043191374333816
1466	1	0.005745449092628974
1466	2	-0.006658227965999686
1466	3	-0.027272673266836023
1466	4	-0.007837319755935823
1466	5	0.013939543052082115
1466	6	0.007888590602256329
1466	7	-0.03715772082358626
1466	8	-0.01572226464923432
1466	9	-0.01050711488258571
1466	10-14	-0.002072860908235441
1466	15-19	-0.013188009930466649
1466	20-24	-0.019495056609983408
1466	25-29	0.024997576549971257
1466	30-34	0.02021692158710664
1466	35-39	0.013124384204353134
1466	40-44	0.005784990214664276
1466	45-49	0.0038789874506264255
1466	50-54	0.03294657799025913
1466	55-59	0.029025004374574337
1466	60-64	0.006454727180226882
1466	65-69	0.005600913093658733
1466	70-74	0.005056372625766414
1466	75-79	-0.033697245027873635
1466	80-84	-0.02918754032534565
1466	85-89	0.019506207597970615
1466	90-94	0.04392404634286606
1466	95-99	0.03229781511029017
1466	100-104	0.03365371263340933
1466	105-109	0.047451959668649124
1466	110-114	0.0017635205021235834
1466	115-119	0.05238605777438465
1466	120-124	0.06535326239757921
1466	125-129	0.0639659480328234
1466	130-134	0.13247750384473278
1466	135-139	0.1766365005524193
1466	140-144	0.16416906396448638
1466	145-149	0.19979707187513895
1466	150	0.26669792324859287
1467	1	-0.0016848451313649093
1467	2	0.0018396398300453143
1467	3	0.023717030757538282
1467	4	0.0024787230476093214
1467	5	0.05327004153313197
1467	6	-0.025547242874814913
1467	7	-0.04902009533909535
1467	8	0.03101533932324685
1467	9	-0.006914734272008616
1467	10-14	-0.016056487165805322
1467	15-19	-0.014300230731443264
1467	20-24	0.02542323075584818
1467	25-29	0.024096533752668847
1467	30-34	-0.028459046377477648
1467	35-39	0.009402663978548276
1467	40-44	-0.019628665558592218
1467	45-49	0.015637993731381528
1467	50-54	-0.0015964461165793864
1467	55-59	0.011108283675191899
1467	60-64	0.050047029305865465
1467	65-69	0.02141830432199754
1467	70-74	0.03660018390088737
1467	75-79	-0.024258093064801756
1467	80-84	0.033083375064144604
1467	85-89	0.04421877879852332
1467	90-94	0.033438850654043506
1467	95-99	0.04131448620363187
1467	100-104	0.05432926819530337
1467	105-109	0.031943371008054555
1467	110-114	0.048925977730064574
1467	115-119	0.1182749148927229
1467	120-124	0.09718131402140529
1467	125-129	0.14652864546035715
1467	130-134	0.1603739237006323
1467	135-139	0.1957971362162283
1467	140-144	0.23398523617900224
1467	145-149	0.2074674943435113
1467	150	0.24739187639415405
1468	1	0.024883574014843646
1468	2	0.03422577598186649
1468	3	-0.01724943073799068
1468	4	0.042352434700006825
1468	5	-0.008573304021233241
1468	6	0.014098773100229778
1468	7	0.035659742170338404
1468	8	-0.010383604157986781
1468	9	0.03697109336998494
1468	10-14	-0.010282009339320552
1468	15-19	0.008019817302475474
1468	20-24	0.035859260085970845
1468	25-29	0.016782871028915736
1468	30-34	-0.006905280658969559
1468	35-39	0.008363678997085344
1468	40-44	0.01719615181811207
1468	45-49	0.035544738168447054
1468	50-54	0.06185315286574422
1468	55-59	0.05561474777012165
1468	60-64	0.031511771381090625
1468	65-69	0.050975449082244495
1468	70-74	0.042344410536962585
1468	75-79	0.0012675348976927125
1468	80-84	0.03322203988267347
1468	85-89	0.015344234020773229
1468	90-94	0.07297740906125938
1468	95-99	0.061407752589893505
1468	100-104	0.06268481113967539
1468	105-109	0.10224235721435093
1468	110-114	0.07696850653836407
1468	115-119	0.11923247240043366
1468	120-124	0.12472942437277368
1468	125-129	0.1272819433948058
1468	130-134	0.14211076413967305
1468	135-139	0.18377516522941306
1468	140-144	0.1672089893704154
1468	145-149	0.2172052298714462
1468	150	0.22258941784004094
1469	1	0.009883325647564334
1469	2	-0.03746328608107774
1469	3	-0.015438386830155082
1469	4	-0.011751244068094024
1469	5	-0.024842151463232653
1469	6	0.022032588195585845
1469	7	-0.024785262088194315
1469	8	-0.021289454967558186
1469	9	-0.0071941980737122435
1469	10-14	-0.018560096445007446
1469	15-19	-0.023032696892478555
1469	20-24	0.008631936024464437
1469	25-29	0.008616020404204505
1469	30-34	-0.017022875386935254
1469	35-39	0.023617290937579583
1469	40-44	0.0036827629290385744
1469	45-49	0.009328891258164163
1469	50-54	0.012527637583787055
1469	55-59	0.025205187560111142
1469	60-64	0.05343018521121223
1469	65-69	0.02871151639572389
1469	70-74	0.031220370572242473
1469	75-79	0.038854439790029005
1469	80-84	0.029299203890332137
1469	85-89	0.02585568960822826
1469	90-94	0.08538721449916409
1469	95-99	0.07456685907595073
1469	100-104	0.08796066080237352
1469	105-109	0.08247079856125339
1469	110-114	0.07246582478399688
1469	115-119	0.11850130405646553
1469	120-124	0.0829231656820042
1469	125-129	0.11024992819521628
1469	130-134	0.1882449323908233
1469	135-139	0.18352472729142733
1469	140-144	0.16021787005376353
1469	145-149	0.20668555400600752
1469	150	0.19923167163186406
1470	1	-0.041728962178403606
1470	2	0.028923448023832066
1470	3	0.013118904343727422
1470	4	0.04210232912293321
1470	5	-0.005516811990396775
1470	6	0.0032887390080347245
1470	7	-0.011408781576221827
1470	8	0.012192607553622281
1470	9	-0.002262374084985197
1470	10-14	-0.005205893464129474
1470	15-19	0.003962310785105672
1470	20-24	-0.012087454999345937
1470	25-29	0.0036292916020101984
1470	30-34	0.003643118325506123
1470	35-39	0.008970850100453731
1470	40-44	-0.010081039834062722
1470	45-49	0.022259336279176978
1470	50-54	0.0439481865697644
1470	55-59	0.02295506876167508
1470	60-64	0.02595063462051428
1470	65-69	0.049508847923050325
1470	70-74	0.0319422436850445
1470	75-79	8.186189393768473E-4
1470	80-84	0.0157466630010461
1470	85-89	0.02174584216150066
1470	90-94	0.06610655350974781
1470	95-99	0.030176802251276058
1470	100-104	-0.012478756225405618
1470	105-109	0.052490072769074914
1470	110-114	0.03595754435484366
1470	115-119	0.09581411147034657
1470	120-124	0.08548151135801874
1470	125-129	0.08238318759042329
1470	130-134	0.08560511768663304
1470	135-139	0.13643177208899004
1470	140-144	0.13906830316639684
1470	145-149	0.16956828680581992
1470	150	0.23498662416747607
1471	1	-0.03249542613246348
1471	2	-0.024406789960160324
1471	3	0.017642419873894255
1471	4	-0.028039668920634142
1471	5	-0.03159052347371727
1471	6	-0.029552040438844074
1471	7	-0.008238307558990243
1471	8	-0.021993860401181564
1471	9	-0.04382851277045319
1471	10-14	-0.005082504724576609
1471	15-19	-0.02089477957589736
1471	20-24	-0.0397669298920178
1471	25-29	-0.014911850941579985
1471	30-34	-0.03670791413383512
1471	35-39	0.026109429085281022
1471	40-44	-0.012756514869195712
1471	45-49	-0.014923144575099911
1471	50-54	-0.009535117945098648
1471	55-59	0.016008047074208775
1471	60-64	-0.015151573743800384
1471	65-69	0.008763357751369938
1471	70-74	-0.009804991540775632
1471	75-79	0.011335037313678242
1471	80-84	-0.01975010158815138
1471	85-89	0.006054919260151337
1471	90-94	-0.001597188071286837
1471	95-99	0.021679953146815478
1471	100-104	0.045127085852243454
1471	105-109	0.06592257776424049
1471	110-114	0.0555013975881522
1471	115-119	0.11635631674464264
1471	120-124	0.11445282950021607
1471	125-129	0.12448104598784937
1471	130-134	0.14490331145195512
1471	135-139	0.16927577622722367
1471	140-144	0.1826273631227977
1471	145-149	0.15642722658045471
1471	150	0.19055866049450998
1472	1	0.032431547877664
1472	2	0.027356640884569572
1472	3	0.03449078224183211
1472	4	0.015440859618664149
1472	5	0.05107891327751446
1472	6	0.0031222343895791482
1472	7	0.031697692845611414
1472	8	8.432249444325635E-4
1472	9	0.08168196583742571
1472	10-14	0.0334139086885088
1472	15-19	0.0435818800821437
1472	20-24	0.04380097555070961
1472	25-29	0.06013768447130019
1472	30-34	0.04042537498069976
1472	35-39	0.037922187244120664
1472	40-44	0.06353710882603991
1472	45-49	0.04587367883647886
1472	50-54	0.07898567024528802
1472	55-59	0.08783406209139599
1472	60-64	0.06845943536671228
1472	65-69	0.0530278391876422
1472	70-74	0.06166655310185831
1472	75-79	0.07303723092069703
1472	80-84	0.06783268792247554
1472	85-89	0.07746346353277289
1472	90-94	0.10679003582246338
1472	95-99	0.10099431946143511
1472	100-104	0.10436145618484005
1472	105-109	0.14389749035836985
1472	110-114	0.1345602589875199
1472	115-119	0.14977153738817606
1472	120-124	0.15927321566482533
1472	125-129	0.172320927935246
1472	130-134	0.21445127699220023
1472	135-139	0.2487452507698933
1472	140-144	0.2278927997061473
1472	145-149	0.2362437870640548
1472	150	0.2574815169585065
1473	1	0.06033569910236736
1473	2	0.026813293528896054
1473	3	-0.008817609566627027
1473	4	0.10180546809218782
1473	5	0.03513964707353523
1473	6	0.04198907695029419
1473	7	0.058666622650292766
1473	8	0.06653141929891859
1473	9	0.04146930388754555
1473	10-14	0.02974490863820023
1473	15-19	0.02969077888791105
1473	20-24	0.06366862321718258
1473	25-29	0.04907937285360475
1473	30-34	0.05457273250986816
1473	35-39	0.0508982162416487
1473	40-44	0.05828950211621731
1473	45-49	0.03631617450459146
1473	50-54	0.04675982932229772
1473	55-59	0.08223966033531127
1473	60-64	0.01280155271234662
1473	65-69	0.04475179358868786
1473	70-74	0.0453594838960214
1473	75-79	0.036616350030918454
1473	80-84	0.05723117761158392
1473	85-89	0.0525425039738181
1473	90-94	0.05642230696372508
1473	95-99	0.08868420635953811
1473	100-104	0.07837604927753716
1473	105-109	0.11536497728256734
1473	110-114	0.08050352250170789
1473	115-119	0.15693220484713777
1473	120-124	0.13726417299262295
1473	125-129	0.14447619744295537
1473	130-134	0.1509993454277705
1473	135-139	0.16183855205392916
1473	140-144	0.23771267773384608
1473	145-149	0.24827083721931587
1473	150	0.20588454383042887
1474	1	0.01543181700263574
1474	2	-0.011675956700351264
1474	3	0.05172885418114248
1474	4	0.03477655078563657
1474	5	0.011049684035697283
1474	6	0.06763288173197424
1474	7	2.926193312262626E-4
1474	8	0.005403077298460346
1474	9	0.01888706915097771
1474	10-14	0.005963989668920533
1474	15-19	0.007892976695266896
1474	20-24	0.024479881139953363
1474	25-29	0.055881950086600796
1474	30-34	0.049088318864512814
1474	35-39	0.04467426323509471
1474	40-44	0.08037442791259508
1474	45-49	0.057035125517941765
1474	50-54	0.09691430382834199
1474	55-59	0.07379468409533985
1474	60-64	0.0799788642265824
1474	65-69	0.05432627947629953
1474	70-74	0.07686013800613978
1474	75-79	0.09484691976382464
1474	80-84	0.07013684907204976
1474	85-89	0.0841334926820565
1474	90-94	0.13661207151702115
1474	95-99	0.15121719123204258
1474	100-104	0.1181435216907687
1474	105-109	0.12540577927889984
1474	110-114	0.16381772700935215
1474	115-119	0.1715821935387325
1474	120-124	0.16261325849519181
1474	125-129	0.18519150226684644
1474	130-134	0.14399617693024425
1474	135-139	0.23153397586066404
1474	140-144	0.2405377561162041
1474	145-149	0.2742367905991472
1474	150	0.2730976496333426
1475	1	0.08419636235462491
1475	2	0.06152102706438711
1475	3	-0.01692741995264413
1475	4	0.022963338703341662
1475	5	0.008369608022398722
1475	6	0.06165555556031421
1475	7	0.025411758888516545
1475	8	-0.029075415972279472
1475	9	-0.051202437370022835
1475	10-14	0.017509367696213474
1475	15-19	0.01710913732974717
1475	20-24	0.029118011004669597
1475	25-29	0.025228877882653933
1475	30-34	0.03742274264730128
1475	35-39	0.023344933037158455
1475	40-44	0.01691331096839832
1475	45-49	0.03945161936138675
1475	50-54	0.046202729155687905
1475	55-59	0.03598083856893197
1475	60-64	0.021088406671673
1475	65-69	0.013411325856559131
1475	70-74	0.012301149607715445
1475	75-79	0.00949290260008695
1475	80-84	0.013556536168017885
1475	85-89	0.029950002144659038
1475	90-94	0.060296356028878506
1475	95-99	0.05936499196614875
1475	100-104	0.04682156721197117
1475	105-109	0.08848381438731678
1475	110-114	0.11343075339706843
1475	115-119	0.10669394002225374
1475	120-124	0.09542436198955073
1475	125-129	0.13228855805331108
1475	130-134	0.1409726266929212
1475	135-139	0.18081176279783762
1475	140-144	0.224853914147495
1475	145-149	0.23847692232082096
1475	150	0.18314311877247036
1476	1	0.0059821693926735975
1476	2	0.04269057214511207
1476	3	-0.016933696193824233
1476	4	0.07007367069485326
1476	5	0.017219540931549204
1476	6	0.03725807471367659
1476	7	0.00657849048181447
1476	8	0.04892765722167525
1476	9	-0.005891222376298799
1476	10-14	0.03637947114598461
1476	15-19	0.009350058422242569
1476	20-24	-0.005254667868200613
1476	25-29	0.022558748462223832
1476	30-34	0.04551415934643188
1476	35-39	0.0328179884845099
1476	40-44	0.016152349188537585
1476	45-49	0.037248269147127644
1476	50-54	0.062004746209751715
1476	55-59	0.06300421215677687
1476	60-64	0.06149411155848128
1476	65-69	0.017649823021429256
1476	70-74	0.053688913101638036
1476	75-79	0.08444909876509143
1476	80-84	0.09786355257281087
1476	85-89	0.08406366703667345
1476	90-94	0.12758337503073136
1476	95-99	0.09225002854147846
1476	100-104	0.12600764694187205
1476	105-109	0.13423363042852543
1476	110-114	0.1035093579072992
1476	115-119	0.15659468884275185
1476	120-124	0.12794524672313656
1476	125-129	0.15109191692445023
1476	130-134	0.1788301776603234
1476	135-139	0.22937428714532615
1476	140-144	0.2361283373825671
1476	145-149	0.27366302369294004
1476	150	0.34895838085964215
1477	1	0.021606833082749688
1477	2	0.08409499363079931
1477	3	0.052422443655103734
1477	4	0.038250461876032205
1477	5	0.02607891766778181
1477	6	0.08430051604153732
1477	7	0.05656549743505934
1477	8	0.013975224022125587
1477	9	0.053079929560105654
1477	10-14	0.046403821078044416
1477	15-19	0.03528833576299206
1477	20-24	0.04673723182023082
1477	25-29	0.054707649652947055
1477	30-34	0.03962977908851428
1477	35-39	0.04346971445983172
1477	40-44	0.03468700475031028
1477	45-49	0.05392346660206471
1477	50-54	0.06305703425466191
1477	55-59	0.0727262397020354
1477	60-64	0.050484573699719704
1477	65-69	0.017146235278119093
1477	70-74	0.09227586458288073
1477	75-79	0.03250031674292586
1477	80-84	0.04814526107533368
1477	85-89	0.042915799165015756
1477	90-94	0.0484622649608184
1477	95-99	0.030716814026725103
1477	100-104	0.06290354245153651
1477	105-109	0.1048940403088423
1477	110-114	0.0723266056737657
1477	115-119	0.1429318220954059
1477	120-124	0.11255033247287116
1477	125-129	0.18880922672505562
1477	130-134	0.18277489290260718
1477	135-139	0.2171354670714578
1477	140-144	0.2146130943950908
1477	145-149	0.22818703633075188
1477	150	0.2610105035385004
1478	1	0.011452491610455695
1478	2	0.024126935407103645
1478	3	-0.010754414668056711
1478	4	0.05952142585572773
1478	5	-0.00955814039655678
1478	6	-0.004259284602554203
1478	7	-0.022002691427694288
1478	8	0.017767259242134514
1478	9	0.01562810928162861
1478	10-14	0.006323020992581974
1478	15-19	0.008236400606186578
1478	20-24	0.015226301743645365
1478	25-29	-0.014106476877813634
1478	30-34	0.004074046467806625
1478	35-39	-0.010773060552025981
1478	40-44	0.009617070822848461
1478	45-49	0.02001958262916048
1478	50-54	0.028522230151963868
1478	55-59	0.042939254925165926
1478	60-64	-0.013327862928953493
1478	65-69	0.014412971875799485
1478	70-74	0.031868116600698215
1478	75-79	0.03327120979925979
1478	80-84	0.004798414362589654
1478	85-89	0.028036114940306334
1478	90-94	0.03220071364821564
1478	95-99	0.04647952025168678
1478	100-104	0.015619626641935724
1478	105-109	0.04240723117671763
1478	110-114	0.03486937420621672
1478	115-119	0.08662783935518092
1478	120-124	0.0882312579438107
1478	125-129	0.12126317470409731
1478	130-134	0.11983626699439753
1478	135-139	0.1459906590986222
1478	140-144	0.16423821632196933
1478	145-149	0.21959313994189245
1478	150	0.1945465667495938
1479	1	0.02938719234006726
1479	2	-0.005689723624193732
1479	3	-0.08707382089298221
1479	4	0.057343963604658654
1479	5	-0.08066356683418263
1479	6	0.013418068498687319
1479	7	-0.034396577807335404
1479	8	-0.03966584421038277
1479	9	-0.037732936834942166
1479	10-14	0.004890852231575593
1479	15-19	0.006528866808181988
1479	20-24	0.0067362282289309405
1479	25-29	0.012240754867264059
1479	30-34	0.006806297321780619
1479	35-39	0.026193865512027514
1479	40-44	0.009378294038867807
1479	45-49	0.03325579823543734
1479	50-54	0.010152098464999426
1479	55-59	-0.007769850015478141
1479	60-64	0.002714886908862013
1479	65-69	-0.011901668652313901
1479	70-74	0.03870157240731231
1479	75-79	-0.01658609601395966
1479	80-84	0.022438748760777116
1479	85-89	0.04967028775368476
1479	90-94	0.046846837599375135
1479	95-99	0.05834678175931174
1479	100-104	0.06646143317924214
1479	105-109	0.07618378456328401
1479	110-114	0.11287325440581952
1479	115-119	0.13593060253693778
1479	120-124	0.10250055363530919
1479	125-129	0.1284791161136951
1479	130-134	0.17182122584029713
1479	135-139	0.20272471169347028
1479	140-144	0.20357483132438148
1479	145-149	0.251128831936434
1479	150	0.23244769237643936
1480	1	-0.03186789369552656
1480	2	0.004721034148360559
1480	3	5.136281209559002E-4
1480	4	0.05138449852659477
1480	5	0.019426093841175884
1480	6	0.03336717593028027
1480	7	-0.014919815258529923
1480	8	0.020626481646615957
1480	9	0.05172346428673791
1480	10-14	0.03421595844631753
1480	15-19	0.015245468363744408
1480	20-24	0.020745606616152656
1480	25-29	0.06411088548021127
1480	30-34	0.053188050667237974
1480	35-39	0.029498708351297864
1480	40-44	0.04953094031728966
1480	45-49	0.03723072341607292
1480	50-54	0.054928570598690385
1480	55-59	0.0703069049280316
1480	60-64	0.05216509066455899
1480	65-69	0.04405086681520487
1480	70-74	0.0504130542220409
1480	75-79	0.06629839444909891
1480	80-84	0.054296855478035866
1480	85-89	0.03551584323347612
1480	90-94	0.11530768152852033
1480	95-99	0.14022756291655014
1480	100-104	0.12368134884854243
1480	105-109	0.13620291720231137
1480	110-114	0.10803880610181693
1480	115-119	0.14572652629173888
1480	120-124	0.1452623161385418
1480	125-129	0.18496672436724992
1480	130-134	0.19642357461687965
1480	135-139	0.18883312097229776
1480	140-144	0.2397063550184626
1480	145-149	0.24201329851513265
1480	150	0.3460276234700288
1481	1	0.02410124225983168
1481	2	0.03952287800326104
1481	3	0.025773437187737613
1481	4	-0.03138498377519028
1481	5	0.001366658629144979
1481	6	0.04082864429294375
1481	7	-0.05775330334282103
1481	8	-0.004021185193074928
1481	9	3.226411218975045E-4
1481	10-14	-0.011434092175605315
1481	15-19	-0.026180880574194987
1481	20-24	0.020941635558159533
1481	25-29	0.009235451310424025
1481	30-34	0.008198182245287455
1481	35-39	-9.917648532820067E-4
1481	40-44	0.0017852631899515359
1481	45-49	0.031175535394496023
1481	50-54	0.011108633996670392
1481	55-59	0.01630067907681365
1481	60-64	0.029000279493139658
1481	65-69	0.008859036833314349
1481	70-74	0.021781230391688666
1481	75-79	0.029062749594920945
1481	80-84	0.04159752494994251
1481	85-89	0.007644389648234551
1481	90-94	0.008997567788391336
1481	95-99	0.048947293876764775
1481	100-104	0.058582502022595406
1481	105-109	0.07060203229644912
1481	110-114	0.08560590065049212
1481	115-119	0.0989928493522001
1481	120-124	0.05878917858226629
1481	125-129	0.16740783981983043
1481	130-134	0.13957159570266242
1481	135-139	0.15865083490660226
1481	140-144	0.18552411835621285
1481	145-149	0.22141209188930588
1481	150	0.17771113212690892
1482	1	0.1225131817588192
1482	2	0.09170091792885415
1482	3	-0.023252276570836727
1482	4	0.07926465372557345
1482	5	-0.04153283142652242
1482	6	0.07695319791952215
1482	7	0.0505381263462823
1482	8	0.0019725549249116625
1482	9	0.03441608433958976
1482	10-14	0.015589452637421175
1482	15-19	0.010929507555061946
1482	20-24	0.039756967341759264
1482	25-29	0.047484101854173844
1482	30-34	0.037985791479790976
1482	35-39	0.019035002051893457
1482	40-44	0.013173108362714459
1482	45-49	0.08278813799014273
1482	50-54	0.06083101562340687
1482	55-59	0.039240988434471546
1482	60-64	0.05225358947804182
1482	65-69	0.06563278221540969
1482	70-74	0.08138900197014465
1482	75-79	0.09109140742590682
1482	80-84	0.05578506806013195
1482	85-89	0.06938176632836957
1482	90-94	0.09648594202749905
1482	95-99	0.05624046954288531
1482	100-104	0.14177188182516431
1482	105-109	0.11295104326733707
1482	110-114	0.12625953941657997
1482	115-119	0.2105228826956349
1482	120-124	0.1546921791918905
1482	125-129	0.17017942252160623
1482	130-134	0.21031200860635835
1482	135-139	0.2232700101891183
1482	140-144	0.294029766823229
1482	145-149	0.2948128273885686
1482	150	0.30367286995389975
1483	1	0.013060135485361002
1483	2	0.020636417466072032
1483	3	0.011280042060292317
1483	4	0.09853276852130222
1483	5	-0.027595489013855
1483	6	0.05105001922813557
1483	7	-0.01947239937837253
1483	8	-0.020688925826348736
1483	9	-0.05971379587762016
1483	10-14	-0.027081575586464623
1483	15-19	-0.01298594315768753
1483	20-24	0.00257250175238255
1483	25-29	2.5640909974100623E-4
1483	30-34	-0.016179784808699083
1483	35-39	0.017932566556048357
1483	40-44	-0.0012399160513112406
1483	45-49	0.008536018338368478
1483	50-54	0.04609230339971049
1483	55-59	0.029218238899908044
1483	60-64	0.04547188794141732
1483	65-69	0.0343076700719962
1483	70-74	0.05260105934143411
1483	75-79	0.01664454995980691
1483	80-84	0.022171700903989233
1483	85-89	0.015412917745692312
1483	90-94	0.03795665390762082
1483	95-99	0.05614052980276796
1483	100-104	0.06344921878410759
1483	105-109	0.07565727609937056
1483	110-114	0.06047964763507707
1483	115-119	0.05626412205926101
1483	120-124	0.07749898211893225
1483	125-129	0.06869987142776779
1483	130-134	0.1303583646198021
1483	135-139	0.13297364033657288
1483	140-144	0.19845659204728605
1483	145-149	0.15616317175665273
1483	150	0.10314763208674549
1484	1	-0.04412058246438022
1484	2	-0.00487198205947692
1484	3	-0.027272673266836023
1484	4	0.021040322399464628
1484	5	-0.08996042717715369
1484	6	0.012651913019645633
1484	7	0.03935314550567881
1484	8	-0.04757698331550131
1484	9	-0.015568144951060958
1484	10-14	0.00376220905306468
1484	15-19	-0.009317810466349385
1484	20-24	-0.0058600461902145184
1484	25-29	0.01719763609150249
1484	30-34	-0.011518714018720289
1484	35-39	0.008718310968269805
1484	40-44	0.04442744332570925
1484	45-49	-0.0026110393430585077
1484	50-54	0.00954675661484572
1484	55-59	0.01783119669372013
1484	60-64	-0.021887041203221713
1484	65-69	0.014293976505392436
1484	70-74	0.03298135029769611
1484	75-79	0.02227179337641161
1484	80-84	0.02910361775742132
1484	85-89	0.020101622900142502
1484	90-94	0.07274214696804648
1484	95-99	0.05510222118352459
1484	100-104	0.05669628482750966
1484	105-109	0.1130071844379259
1484	110-114	0.07738126387813082
1484	115-119	0.08209728135283001
1484	120-124	0.05588615909303485
1484	125-129	0.08421006830671018
1484	130-134	0.11759212129040009
1484	135-139	0.16574040052265104
1484	140-144	0.18929558971620253
1484	145-149	0.20849013528686555
1484	150	0.18095811973564224
1485	1	0.05500971613216166
1485	2	0.009129404538597896
1485	3	0.026969290390255196
1485	4	0.08989183047919624
1485	5	-0.03160390745014041
1485	6	0.057938661219644416
1485	7	0.043934898001978695
1485	8	1.154120176778406E-4
1485	9	0.013036480946119866
1485	10-14	0.0029558410722998474
1485	15-19	-0.02028130036192266
1485	20-24	0.011991442841861044
1485	25-29	0.024076940330381547
1485	30-34	0.028758538577044135
1485	35-39	0.017993385783185545
1485	40-44	0.06648691007628571
1485	45-49	0.012157641106568917
1485	50-54	0.04833501240074156
1485	55-59	0.01900049287614536
1485	60-64	0.052484280661076355
1485	65-69	0.055663347044180966
1485	70-74	0.0633447793819002
1485	75-79	0.04839435227948741
1485	80-84	0.04970512830628593
1485	85-89	0.05590121485724353
1485	90-94	0.06521146614875306
1485	95-99	0.07115952778995194
1485	100-104	0.07873305313335521
1485	105-109	0.12522433571433567
1485	110-114	0.07939158417487846
1485	115-119	0.11184880481177117
1485	120-124	0.08184058724742727
1485	125-129	0.09979162468280123
1485	130-134	0.141885506536795
1485	135-139	0.1699691366478575
1485	140-144	0.16767577085226293
1485	145-149	0.15728316709360968
1485	150	0.1231995726336308
1486	1	-0.013242658830250775
1486	2	-0.08214751452561586
1486	3	-0.06267265817304946
1486	4	-0.031315341490810056
1486	5	-0.05747384464016392
1486	6	-0.031080693541646554
1486	7	-0.02253572573536644
1486	8	-0.0382903137276287
1486	9	-0.006861814615113815
1486	10-14	-0.02487602542439049
1486	15-19	-0.06913968427217299
1486	20-24	-0.06616832658666283
1486	25-29	-0.03995859692854964
1486	30-34	-0.03880063606969486
1486	35-39	-0.030662531610893495
1486	40-44	-0.050113297172629245
1486	45-49	-0.018670863948294425
1486	50-54	-7.968327781071594E-4
1486	55-59	0.016000166049700226
1486	60-64	0.004355662099314372
1486	65-69	0.0055724991730699
1486	70-74	-0.011643820516162862
1486	75-79	0.02621474808538693
1486	80-84	0.04608829596755015
1486	85-89	-7.559152535705493E-4
1486	90-94	0.05319821167729799
1486	95-99	0.06341112909839097
1486	100-104	0.06385967897141853
1486	105-109	0.09423359097355899
1486	110-114	0.1069319186531601
1486	115-119	0.11084349582311859
1486	120-124	0.08342047196169489
1486	125-129	0.06443389089601936
1486	130-134	0.11545034664595022
1486	135-139	0.11933074858697523
1486	140-144	0.19254038140642393
1486	145-149	0.18464618233939945
1486	150	0.24109559735103403
1487	1	0.06450599437980031
1487	2	0.03026676607321832
1487	3	0.015970491069118964
1487	4	0.04014103296083249
1487	5	-0.01334003274326534
1487	6	-0.018423545916824935
1487	7	0.049838382435403616
1487	8	0.001003685504862517
1487	9	0.05852354812075333
1487	10-14	-0.009546658874889147
1487	15-19	-0.01898613406261518
1487	20-24	0.007740159418275994
1487	25-29	0.01845184790276022
1487	30-34	0.02341627468121743
1487	35-39	0.02833330817919233
1487	40-44	0.017182212288204823
1487	45-49	0.03802447138480858
1487	50-54	0.01934476219475556
1487	55-59	0.02455937191391655
1487	60-64	0.02462402418762366
1487	65-69	0.007112400937415941
1487	70-74	0.013403369693371303
1487	75-79	0.049104037990360894
1487	80-84	-0.004671328529120444
1487	85-89	0.0173843173269006
1487	90-94	0.02680662611015805
1487	95-99	0.06369686855036605
1487	100-104	0.06610414740600845
1487	105-109	0.09460268511540448
1487	110-114	0.058122825768364805
1487	115-119	0.0737456837509427
1487	120-124	0.06946771484332004
1487	125-129	0.14054465454837128
1487	130-134	0.10837066882210422
1487	135-139	0.14671858912420532
1487	140-144	0.19890085060409746
1487	145-149	0.2002382631127091
1487	150	0.1917621206079687
1488	1	0.021493868777078262
1488	2	-0.05303308374374893
1488	3	-0.04393236502204445
1488	4	-0.06890018088842709
1488	5	-0.03335608091169462
1488	6	-0.07404455754499395
1488	7	-0.018691903443908586
1488	8	-0.032628544780820334
1488	9	-0.025625950999653924
1488	10-14	-0.08115707685149687
1488	15-19	-0.07276976107713296
1488	20-24	-0.06289493034715576
1488	25-29	-0.054337709581076865
1488	30-34	-0.04246734354070725
1488	35-39	-0.0703555746215585
1488	40-44	-0.06229184365269447
1488	45-49	-0.030902549314582473
1488	50-54	-0.04075216023784378
1488	55-59	-0.0150143040402142
1488	60-64	-0.04804065613246422
1488	65-69	-0.04940418973706073
1488	70-74	-0.015234500484787361
1488	75-79	-0.044673467420857094
1488	80-84	-0.059168994944720055
1488	85-89	-0.06849345835176734
1488	90-94	-0.033196213215255455
1488	95-99	-0.017215781884608816
1488	100-104	-0.05655251325939048
1488	105-109	-0.012175896448873402
1488	110-114	0.017164684113488704
1488	115-119	0.026732053881595164
1488	120-124	0.03878183614629904
1488	125-129	0.0856337046079858
1488	130-134	0.10410952795811568
1488	135-139	0.11612236400955567
1488	140-144	0.17904330855184014
1488	145-149	0.15457022543428423
1488	150	0.1828163408709642
2101	1	0.04866441237327024
2101	2	0.015736761139585553
2101	3	0.05518073388909528
2101	4	0.01094366393923707
2101	5	-0.013293473592497662
2101	6	0.03330415356607119
2101	7	0.04179654488482498
2101	8	0.04522917958608019
2101	9	0.009081642132088064
2101	10-14	0.026996198606049404
2101	15-19	-0.0016180832513228438
2101	20-24	-6.444578053788064E-4
2101	25-29	0.03404202498450104
2101	30-34	0.0020715700963691575
2101	35-39	-0.004985656536547367
2101	40-44	0.02772866168205468
2101	45-49	0.029019902647391405
2101	50-54	-0.048663687035364944
2101	55-59	0.003340299759543086
2101	60-64	-0.009172384334149797
2101	65-69	-0.010447585626117473
2101	70-74	-0.062409890439695914
2101	75-79	-0.024857906665594953
2101	80-84	-0.05829081710776762
2101	85-89	-0.03242534799538532
2101	90-94	-0.03855963961171227
2101	95-99	0.023227297297836458
2101	100-104	-0.07003494467605975
2101	105-109	-0.07474420446527574
2101	110-114	-0.06488473115852855
2101	115-119	-0.13860085639461062
2101	120-124	-0.1493577146636369
2101	125-129	-0.14626080571949984
2101	130-134	-0.19068958494941768
2101	135-139	-0.2226407854569601
2101	140-144	-0.2316362628106603
2101	145-149	-0.26812653749313853
2101	150	-0.4396290344574254
2102	1	0.035789958506484254
2102	2	-0.01868606489385627
2102	3	0.0670700667040407
2102	4	0.025562248646579633
2102	5	0.011331587821523215
2102	6	0.04145180531321557
2102	7	0.0252003838920416
2102	8	0.03445526658398279
2102	9	0.008558418484561514
2102	10-14	0.03359246805109706
2102	15-19	0.035686810933995616
2102	20-24	0.02030839440718779
2102	25-29	0.022185680382818873
2102	30-34	0.05475121873288202
2102	35-39	-0.008444285002433105
2102	40-44	0.044198471888257984
2102	45-49	0.03493754181485542
2102	50-54	-4.1391538978530207E-4
2102	55-59	0.013139640447818124
2102	60-64	0.01811760663778017
2102	65-69	0.02407300348968988
2102	70-74	-0.001011413343533718
2102	75-79	0.004198342529306842
2102	80-84	0.010447662277606184
2102	85-89	-0.059318793803868175
2102	90-94	0.02434907034552225
2102	95-99	-0.010602786407801545
2102	100-104	-0.05782730837283623
2102	105-109	-0.06755491180887674
2102	110-114	-0.04942894180122437
2102	115-119	-0.08100171951856794
2102	120-124	-0.10894574899291598
2102	125-129	-0.07918138066629865
2102	130-134	-0.14000754895872092
2102	135-139	-0.20997471597994632
2102	140-144	-0.13485970591406726
2102	145-149	-0.25915319732185793
2102	150	-0.397180038815101
2103	1	0.06313746749514593
2103	2	0.024300046513715756
2103	3	0.07050255769726732
2103	4	0.04561634169920126
2103	5	0.0421030237815927
2103	6	0.05049168661742698
2103	7	0.05539345083772673
2103	8	0.019396456204233914
2103	9	0.061721382117355006
2103	10-14	0.03518914324426703
2103	15-19	0.0492317299399474
2103	20-24	0.05120864774441003
2103	25-29	0.07973912563574714
2103	30-34	0.08558518498882961
2103	35-39	0.07072369569824843
2103	40-44	0.062442746509788094
2103	45-49	0.022454520117484833
2103	50-54	0.037001245490273504
2103	55-59	0.015242001724573129
2103	60-64	0.043413719335134715
2103	65-69	0.04550063110169589
2103	70-74	0.041350771558356314
2103	75-79	0.04578464257821935
2103	80-84	0.018364896051991764
2103	85-89	-7.388560987067194E-4
2103	90-94	0.014294929427514091
2103	95-99	0.03239980103933249
2103	100-104	-0.012137584435755855
2103	105-109	0.009293838639536034
2103	110-114	0.028814176289259308
2103	115-119	-0.014195736139242854
2103	120-124	-0.05046607502600153
2103	125-129	-0.04776555769161206
2103	130-134	-0.029249970672630354
2103	135-139	-0.1346240639176557
2103	140-144	-0.12816244421477307
2103	145-149	-0.16714704933736613
2103	150	-0.20232028890264786
2104	1	0.08224798251448817
2104	2	0.030953851455329584
2104	3	0.044653253000014104
2104	4	0.024432251736413946
2104	5	0.023621606299336406
2104	6	0.038336501331627915
2104	7	0.018196184294154705
2104	8	0.05750645355339401
2104	9	0.03855370104954403
2104	10-14	0.04002006505896816
2104	15-19	0.020379227790662924
2104	20-24	0.03076679289333839
2104	25-29	0.02125778708668946
2104	30-34	0.03737947456708923
2104	35-39	0.02158625788280233
2104	40-44	0.012980630166211427
2104	45-49	-0.0035266030097460543
2104	50-54	-0.01308344324655053
2104	55-59	0.002379680286246355
2104	60-64	0.019678508619691115
2104	65-69	-0.02680396156027598
2104	70-74	-0.01713567133709404
2104	75-79	0.008757871728512612
2104	80-84	-0.031574608234414825
2104	85-89	-0.07761578543968994
2104	90-94	-0.07008549435163047
2104	95-99	-0.05499613376974821
2104	100-104	-0.10649121697411346
2104	105-109	-0.07028428976239809
2104	110-114	-0.08332768244268607
2104	115-119	-0.10165397554756339
2104	120-124	-0.14055563130963122
2104	125-129	-0.0998813553148068
2104	130-134	-0.20449365387953122
2104	135-139	-0.1457483290989714
2104	140-144	-0.21669670089104187
2104	145-149	-0.231119138560814
2104	150	-0.1733049738901471
2105	1	0.018632767298804254
2105	2	0.04943227477586021
2105	3	0.045851306438734696
2105	4	-0.02926343686416999
2105	5	0.04104308573472082
2105	6	1.5745753059093204E-4
2105	7	0.02279078693901937
2105	8	0.04383213214614301
2105	9	0.06929212233097104
2105	10-14	0.05992799087843537
2105	15-19	0.03188605186914373
2105	20-24	0.03887613350863717
2105	25-29	0.05174156558956611
2105	30-34	0.08454174622357158
2105	35-39	0.05663239141674126
2105	40-44	0.040107297706782674
2105	45-49	0.06394808577572064
2105	50-54	0.009674711852973417
2105	55-59	0.01898584724874297
2105	60-64	0.024478248917226608
2105	65-69	0.040747315307982035
2105	70-74	-0.009234670041870174
2105	75-79	-0.023731273766152583
2105	80-84	-4.6572779320541713E-4
2105	85-89	-0.01562621421512489
2105	90-94	-0.008958242375562975
2105	95-99	-0.006558559263730501
2105	100-104	-0.08310658479387456
2105	105-109	-0.03246667746883247
2105	110-114	-0.04640519336673776
2105	115-119	-0.09438726130201758
2105	120-124	-0.14950814415271907
2105	125-129	-0.05208411428606752
2105	130-134	-0.16724884612455782
2105	135-139	-0.20235774496656234
2105	140-144	-0.16016741068626317
2105	145-149	-0.15463884174000242
2105	150	-0.19569549359555793
2106	1	0.04443859375010817
2106	2	-0.04188034128021911
2106	3	-0.002809964003404275
2106	4	0.07676030388317656
2106	5	0.02036211652677622
2106	6	0.06078199365992276
2106	7	0.0033193000726257083
2106	8	0.09184363000868245
2106	9	0.03329953105867389
2106	10-14	0.05536496529587964
2106	15-19	0.047831225775262
2106	20-24	0.06012011321007549
2106	25-29	0.022420790125131873
2106	30-34	0.046619547295087216
2106	35-39	0.008422943968632524
2106	40-44	0.029630870116811536
2106	45-49	0.03210215637930958
2106	50-54	-0.0010581354240599694
2106	55-59	-0.026652613252338142
2106	60-64	-0.010160570892068677
2106	65-69	-0.03228136993521247
2106	70-74	0.007383192951373019
2106	75-79	-0.0025403886891339766
2106	80-84	-0.01704068127646252
2106	85-89	-0.009831827156254747
2106	90-94	-0.004698789787738633
2106	95-99	-0.02037957096623444
2106	100-104	-0.06939996701575524
2106	105-109	-0.030649388991498938
2106	110-114	-0.02306788972489926
2106	115-119	-0.07303709235171141
2106	120-124	-0.08313505397956078
2106	125-129	-0.12517985153274935
2106	130-134	-0.1176535629642288
2106	135-139	-0.17367052134389382
2106	140-144	-0.11940045270646493
2106	145-149	-0.24269670073464056
2106	150	-0.13146797322768577
2107	1	0.0363607199649465
2107	2	0.009688963074182766
2107	3	0.019123136899892756
2107	4	0.06820693776951003
2107	5	0.08560486386839727
2107	6	0.05250997019539483
2107	7	0.09711695235171192
2107	8	-0.020417794172750803
2107	9	0.04457141543720411
2107	10-14	0.039401824353568315
2107	15-19	0.02277739864859285
2107	20-24	-0.001703528281183253
2107	25-29	0.06005057025511462
2107	30-34	0.03818159296686474
2107	35-39	0.03353544932174657
2107	40-44	0.022602334658543555
2107	45-49	0.02329057224898179
2107	50-54	4.743047996100813E-4
2107	55-59	0.017110732556453456
2107	60-64	-0.006438900152161864
2107	65-69	-0.010531955554895944
2107	70-74	0.0019453954648085414
2107	75-79	-0.007168316734741609
2107	80-84	-0.013706083909298172
2107	85-89	-0.027189421484251852
2107	90-94	-0.040329155854472276
2107	95-99	-4.433053280479271E-4
2107	100-104	-0.07194042138307566
2107	105-109	-0.04262744130559071
2107	110-114	-0.041805267881969144
2107	115-119	-0.08449397378998214
2107	120-124	-0.11940398965038668
2107	125-129	-0.14099469044452917
2107	130-134	-0.14579958043326968
2107	135-139	-0.15686897507961817
2107	140-144	-0.2386747704558232
2107	145-149	-0.19341011889775928
2107	150	-0.24190606030059314
2108	1	0.05796919422576252
2108	2	-0.020099376598302854
2108	3	0.03300378480309263
2108	4	-0.029317691067980434
2108	5	0.01260662801377066
2108	6	0.006422083198266648
2108	7	0.014607549674266807
2108	8	0.009409890130598342
2108	9	0.009650192190356677
2108	10-14	0.034913270088466675
2108	15-19	0.012324919486125907
2108	20-24	0.009852657919680041
2108	25-29	0.04747999250943025
2108	30-34	0.0022306433136805026
2108	35-39	-0.0079620327809522
2108	40-44	0.015591747135040634
2108	45-49	-0.017735781760428893
2108	50-54	-0.03731220444610983
2108	55-59	-0.03998191132320983
2108	60-64	-0.03145442855532821
2108	65-69	-0.04121324866763132
2108	70-74	-0.06581287791038193
2108	75-79	-0.0506639122040653
2108	80-84	-0.058293264877100626
2108	85-89	-0.08766810035305639
2108	90-94	-0.07902978616394307
2108	95-99	-0.06546654358205473
2108	100-104	-0.12145361376506258
2108	105-109	-0.12052841055155739
2108	110-114	-0.171738334286907
2108	115-119	-0.14604391893551139
2108	120-124	-0.1811751873656462
2108	125-129	-0.15295129045333056
2108	130-134	-0.24077247134630397
2108	135-139	-0.2416734953641111
2108	140-144	-0.2661174171723175
2108	145-149	-0.2360281594184812
2108	150	-0.41032780504938415
2109	1	0.042488563194005735
2109	2	0.013461448284068922
2109	3	0.0142251024897746
2109	4	0.03597210534992712
2109	5	0.043914392489085685
2109	6	0.05898268436405374
2109	7	0.06422462874635215
2109	8	0.05920610141282623
2109	9	0.045811692514014624
2109	10-14	0.020755340488058494
2109	15-19	0.05695497054357901
2109	20-24	0.04960745183219473
2109	25-29	0.05699018035585368
2109	30-34	0.08417785971118974
2109	35-39	0.05791049168382756
2109	40-44	0.05987558188358122
2109	45-49	0.028207290913286442
2109	50-54	0.04143870204313771
2109	55-59	0.038055073040872855
2109	60-64	0.04205465938436248
2109	65-69	0.06496278329960603
2109	70-74	0.018233698053720104
2109	75-79	0.08845267353918018
2109	80-84	0.03883253735347125
2109	85-89	0.04695056619281246
2109	90-94	0.0180631460213192
2109	95-99	0.05397652531669195
2109	100-104	-0.02914432221546548
2109	105-109	-0.025304906561814278
2109	110-114	-0.0053040388133283045
2109	115-119	-0.06306046959142719
2109	120-124	-0.03572208976520841
2109	125-129	-0.03282020763726479
2109	130-134	-0.0900557477968178
2109	135-139	-0.10198419517580248
2109	140-144	-0.0842609987118621
2109	145-149	-0.12416424267760817
2109	150	-0.18154354770299364
2110	1	0.02406536374491708
2110	2	-0.036888292653721066
2110	3	-0.02078594624825314
2110	4	0.05413789165410776
2110	5	0.05694240633487624
2110	6	0.020766011478627888
2110	7	0.06415930191550245
2110	8	0.07493556250224032
2110	9	0.011280184040401764
2110	10-14	0.01574456593198903
2110	15-19	0.024778057220444794
2110	20-24	0.054384035262785346
2110	25-29	0.041807620871288975
2110	30-34	0.053021189360947574
2110	35-39	0.03396135760210228
2110	40-44	0.047343988373832246
2110	45-49	0.034554356788873974
2110	50-54	0.022215097917381854
2110	55-59	0.007353052001981553
2110	60-64	0.007926174541651676
2110	65-69	2.537439974119593E-4
2110	70-74	-5.480042347514313E-4
2110	75-79	0.02418531354980047
2110	80-84	-0.014348684600001604
2110	85-89	-0.01933884199934255
2110	90-94	-0.042517968723032595
2110	95-99	-0.07224730967822524
2110	100-104	-0.1085440783127467
2110	105-109	-0.08434259148064882
2110	110-114	-0.11801380290955876
2110	115-119	-0.11064049595263015
2110	120-124	-0.184630770087729
2110	125-129	-0.1264150231346619
2110	130-134	-0.20947662782551646
2110	135-139	-0.19120894768683883
2110	140-144	-0.23429997625952836
2110	145-149	-0.2810159344795977
2110	150	-0.39467988328899395
2111	1	0.05625678824884517
2111	2	0.010736681451042784
2111	3	-0.022774329541007887
2111	4	0.07541653530154235
2111	5	0.09833794338061352
2111	6	-0.026142603872585823
2111	7	0.05488613540119047
2111	8	0.08600360213683444
2111	9	0.033565769799004386
2111	10-14	0.038090007302848505
2111	15-19	0.01835048695139818
2111	20-24	0.04572260476931689
2111	25-29	0.0046909807592498964
2111	30-34	0.02166557505428557
2111	35-39	0.04161414945685493
2111	40-44	0.049746334989514196
2111	45-49	0.025653641689260098
2111	50-54	0.020472806547523703
2111	55-59	0.020391608373678594
2111	60-64	0.014090645199217988
2111	65-69	0.013970211567290391
2111	70-74	-0.01030303758675899
2111	75-79	0.007583869089138773
2111	80-84	5.294059794564987E-4
2111	85-89	-0.035523025511665196
2111	90-94	-0.06263887016763903
2111	95-99	-0.009093647889208967
2111	100-104	-0.07556623376953553
2111	105-109	-0.052040823765224786
2111	110-114	-0.03781788578864109
2111	115-119	-0.043411509931345904
2111	120-124	-0.12027259495227582
2111	125-129	-0.11843500292743414
2111	130-134	-0.18132432259582743
2111	135-139	-0.13025957352657258
2111	140-144	-0.13293699398678172
2111	145-149	-0.16371846573845517
2111	150	-0.27646743483261105
2112	1	0.06447234946180203
2112	2	0.04614632924005235
2112	3	0.07443841405218876
2112	4	-0.008035855494888722
2112	5	0.0854203735340846
2112	6	0.0719819052782853
2112	7	0.03884044543162446
2112	8	0.04500597000676976
2112	9	0.1371738720578577
2112	10-14	0.02151581411039416
2112	15-19	0.08285772717663775
2112	20-24	0.05414299085962426
2112	25-29	0.0572224314684604
2112	30-34	0.052887690270182475
2112	35-39	0.04693236252950328
2112	40-44	0.07639477752761792
2112	45-49	0.06239440743551938
2112	50-54	0.08906977186318699
2112	55-59	0.07943531076876553
2112	60-64	0.0812100827393607
2112	65-69	0.07975620901530078
2112	70-74	0.040722181033991944
2112	75-79	0.06937283813594775
2112	80-84	0.05821004140572228
2112	85-89	0.037585779743380954
2112	90-94	0.01185477665740109
2112	95-99	0.002153871901690252
2112	100-104	0.02442994755040928
2112	105-109	-0.01383205990760672
2112	110-114	0.01704235694259637
2112	115-119	0.004130684583081745
2112	120-124	0.0036515980894691324
2112	125-129	-0.042265833566347055
2112	130-134	-0.11317644663504467
2112	135-139	-0.07396664171464806
2112	140-144	-0.08680523170263399
2112	145-149	-0.10813750153091206
2112	150	-0.0938834726860307
2113	1	0.08939845823422132
2113	2	0.036938633214077754
2113	3	0.059077327409667646
2113	4	0.07202604384362132
2113	5	0.010940414122615039
2113	6	0.054901409942829105
2113	7	0.054952101954413024
2113	8	0.06457020627467358
2113	9	0.04835921650064989
2113	10-14	0.04154921129013189
2113	15-19	0.04019001373659847
2113	20-24	0.039185235177214395
2113	25-29	0.046947860672275965
2113	30-34	0.0352550532522784
2113	35-39	0.02872507403097302
2113	40-44	0.020563847068324037
2113	45-49	0.008826394598990817
2113	50-54	0.006875332403687651
2113	55-59	-1.4728313098544277E-4
2113	60-64	0.026727217072107123
2113	65-69	-0.010979327833346986
2113	70-74	0.04030112582333345
2113	75-79	0.06472100432113592
2113	80-84	0.007463406048422883
2113	85-89	-0.017989452336792056
2113	90-94	-0.03304873630209215
2113	95-99	-0.02031771488660894
2113	100-104	-0.07658690573567384
2113	105-109	-0.07560513919509049
2113	110-114	-0.049545129241288066
2113	115-119	-0.08133006317437008
2113	120-124	-0.07291149248809603
2113	125-129	-0.1051572088026731
2113	130-134	-0.13963063081581595
2113	135-139	-0.13844064655989285
2113	140-144	-0.1906793697143243
2113	145-149	-0.19139020386007388
2113	150	-0.20763891165250925
2114	1	0.02678922652644644
2114	2	-0.004444253964379641
2114	3	-0.00696874068753317
2114	4	-0.03363059073135588
2114	5	-0.037074792898600606
2114	6	0.021859961831516728
2114	7	-0.02584806971403708
2114	8	0.013603075271539922
2114	9	0.06908604346002534
2114	10-14	0.04346268720819779
2114	15-19	0.05458027013889222
2114	20-24	0.0429626450414915
2114	25-29	0.023985109431627905
2114	30-34	0.03590565544860169
2114	35-39	0.027149765413511773
2114	40-44	0.02906264362658817
2114	45-49	5.481044715907046E-4
2114	50-54	0.009169624798147424
2114	55-59	-0.051304575450508594
2114	60-64	0.006055101681653241
2114	65-69	-0.005988439116833888
2114	70-74	6.719614049117695E-4
2114	75-79	0.02635461905864389
2114	80-84	-0.003732680314413983
2114	85-89	-0.056227911086565996
2114	90-94	-0.04101811148299106
2114	95-99	-0.03635667347442961
2114	100-104	-0.0877689228089551
2114	105-109	-0.08942718122742832
2114	110-114	-0.04598494752679727
2114	115-119	-0.07872092970994515
2114	120-124	-0.090310191698741
2114	125-129	-0.11954338836827105
2114	130-134	-0.10980392605908662
2114	135-139	-0.15501890339750446
2114	140-144	-0.1540175855324577
2114	145-149	-0.23954203744759184
2114	150	-0.2280455808425117
2115	1	0.0671766486791654
2115	2	0.013443904164198273
2115	3	0.030463620860146534
2115	4	-0.003314442281478591
2115	5	-0.005015679360461434
2115	6	0.023000491964708658
2115	7	0.05214279084987794
2115	8	0.05006051121507937
2115	9	0.029017982495666672
2115	10-14	0.03034986876415502
2115	15-19	0.038400022280391966
2115	20-24	0.04056144843852394
2115	25-29	0.045298842669346584
2115	30-34	0.013997392919577578
2115	35-39	-0.006337223633160249
2115	40-44	0.032205283105625426
2115	45-49	-0.025979541522985983
2115	50-54	-9.98833314241665E-4
2115	55-59	-0.03312145318192705
2115	60-64	-0.0315010408836045
2115	65-69	-0.029205503407041533
2115	70-74	-0.04026413931453021
2115	75-79	-0.011188676803008946
2115	80-84	-0.035386968613686065
2115	85-89	-0.025443713339562635
2115	90-94	-0.07555932716687863
2115	95-99	-0.040990816304166344
2115	100-104	-0.0742246718921109
2115	105-109	-0.023324494412158003
2115	110-114	-0.07170811785309894
2115	115-119	-0.07516233968295438
2115	120-124	-0.0828982919002712
2115	125-129	-0.09664788482609055
2115	130-134	-0.1678120526351421
2115	135-139	-0.13834119377242615
2115	140-144	-0.1230996928105057
2115	145-149	-0.17075967064806719
2115	150	-0.20598713195392548
2116	1	0.05496243902241815
2116	2	0.05374458533479043
2116	3	-0.005781491425878471
2116	4	0.04711946394984068
2116	5	0.007803016708848531
2116	6	0.023065059672674693
2116	7	0.004124423022034307
2116	8	0.042262422515527476
2116	9	0.02285965680534474
2116	10-14	0.015230112249135175
2116	15-19	0.01805060238674372
2116	20-24	0.012234551815602401
2116	25-29	0.0010157087229174522
2116	30-34	0.0033460748583564737
2116	35-39	0.0158566929332693
2116	40-44	0.024568137576061133
2116	45-49	-0.0037097485381849538
2116	50-54	0.020026883837999776
2116	55-59	-0.03851403902233841
2116	60-64	-0.009283340719022704
2116	65-69	0.007537341921199925
2116	70-74	-0.030529618513106982
2116	75-79	0.00855215900912043
2116	80-84	0.0313269656807833
2116	85-89	-0.04442083138906838
2116	90-94	-0.008829515742569072
2116	95-99	9.46974554764779E-4
2116	100-104	-0.04032325506690171
2116	105-109	-0.0019184750648477689
2116	110-114	-0.018633986153695048
2116	115-119	-0.0659707225721391
2116	120-124	-0.07802135971695634
2116	125-129	-0.06402725167204437
2116	130-134	-0.10482262125090358
2116	135-139	-0.15364737817661478
2116	140-144	-0.13178881587992208
2116	145-149	-0.21639314164917067
2116	150	-0.2868626529556835
2117	1	0.07770653857701859
2117	2	-0.008617774317897897
2117	3	0.0855325338438675
2117	4	0.06279398956154125
2117	5	0.06128481889740556
2117	6	0.07184046496711716
2117	7	0.026120180523960812
2117	8	0.09957446851900187
2117	9	0.06673434786013388
2117	10-14	0.07592745196984652
2117	15-19	0.08355391270825407
2117	20-24	0.05183851809747608
2117	25-29	0.05289613641215851
2117	30-34	0.10079147319697057
2117	35-39	0.0890795875610948
2117	40-44	0.08756799718563002
2117	45-49	0.06519696560114596
2117	50-54	0.056818190140468516
2117	55-59	0.047950959041656915
2117	60-64	0.06641186926021447
2117	65-69	0.08523136136832932
2117	70-74	0.06341592326791101
2117	75-79	0.07065652403697698
2117	80-84	0.0634565877173543
2117	85-89	0.08553264338033273
2117	90-94	0.07564713976983484
2117	95-99	0.046120571705351665
2117	100-104	-2.967480790943E-4
2117	105-109	0.047933992900787814
2117	110-114	0.015133676435809207
2117	115-119	-0.022724258805482123
2117	120-124	0.004975309924716953
2117	125-129	-0.0495839050507243
2117	130-134	-0.05086010523140061
2117	135-139	-0.03763870210087816
2117	140-144	-0.09162150445228434
2117	145-149	-0.10233000629288114
2117	150	-0.1155267172242489
2118	1	0.10228053194700237
2118	2	0.029601537525195454
2118	3	0.0712246946905779
2118	4	0.03215746878666437
2118	5	0.07394373293988821
2118	6	0.03988439238696628
2118	7	0.08318341951243013
2118	8	0.07234284429002713
2118	9	0.050153832898693906
2118	10-14	0.04726223042855082
2118	15-19	0.05516948190992821
2118	20-24	0.03655038164361457
2118	25-29	0.03962349011036537
2118	30-34	0.031293156774893305
2118	35-39	0.02366001057248468
2118	40-44	0.013577852309403227
2118	45-49	-5.620031310371587E-4
2118	50-54	0.027498339154448104
2118	55-59	0.019936249778787385
2118	60-64	-0.014401792595542418
2118	65-69	-0.010098742734214738
2118	70-74	-0.012970137928277836
2118	75-79	-9.217579619757998E-5
2118	80-84	0.004302377194292717
2118	85-89	0.011964370812933112
2118	90-94	-0.007930787552581364
2118	95-99	-0.07004664837709385
2118	100-104	-0.019817331509010216
2118	105-109	-0.05392730937264645
2118	110-114	-0.11061020974376135
2118	115-119	-0.094932082382158
2118	120-124	-0.13529942858376387
2118	125-129	-0.11563780013023006
2118	130-134	-0.16408574721771174
2118	135-139	-0.11900571110992075
2118	140-144	-0.23916564905265147
2118	145-149	-0.2009928192918764
2118	150	-0.3603835187486979
2119	1	-0.016719334199223113
2119	2	0.0600712544948081
2119	3	0.019387050789781313
2119	4	0.0032331714070608086
2119	5	0.06020986706179343
2119	6	0.10131826468066407
2119	7	0.03646834666123766
2119	8	0.06592766783004578
2119	9	0.06875940057616248
2119	10-14	0.028936551413735856
2119	15-19	0.05713642898034976
2119	20-24	0.05985858613380657
2119	25-29	0.02044852170347866
2119	30-34	0.06716385744184095
2119	35-39	0.05133676096099293
2119	40-44	0.07758723741971352
2119	45-49	0.05105226695987852
2119	50-54	0.05494438361563425
2119	55-59	0.03223841315839593
2119	60-64	0.05555460048864802
2119	65-69	0.06141949793273227
2119	70-74	0.03325061379705829
2119	75-79	0.0669974126610029
2119	80-84	0.05013775581183211
2119	85-89	0.058181904079752655
2119	90-94	0.01019952463576601
2119	95-99	0.01718482081511752
2119	100-104	0.04807682894969645
2119	105-109	0.01852051163502466
2119	110-114	-0.031584125949166264
2119	115-119	-0.04240797964469323
2119	120-124	-0.027954714411656312
2119	125-129	-0.08615504691161391
2119	130-134	-0.048579373923850255
2119	135-139	-0.08054742307835028
2119	140-144	-0.11934152182506352
2119	145-149	-0.12421859074679276
2119	150	-0.2119605740808197
2120	1	0.0571471855761132
2120	2	-0.02392541783125779
2120	3	0.03367625976559907
2120	4	0.027373708118567208
2120	5	0.032545857288667435
2120	6	0.03471408078620897
2120	7	0.096250809705964
2120	8	0.036594997129981266
2120	9	-0.005718127172855247
2120	10-14	0.03173336477091482
2120	15-19	0.04534206426463072
2120	20-24	0.04835123624307869
2120	25-29	0.03528597894980834
2120	30-34	0.024586761469286955
2120	35-39	0.052731024395015424
2120	40-44	0.04756617708785171
2120	45-49	0.02699284779451716
2120	50-54	0.03699032742745345
2120	55-59	0.018469527091944826
2120	60-64	0.018709782524481966
2120	65-69	0.0073915031065894254
2120	70-74	0.03839992175193885
2120	75-79	0.05039888887813504
2120	80-84	0.07598949004644595
2120	85-89	0.06846191022869874
2120	90-94	0.028145433693637756
2120	95-99	0.02122910990188842
2120	100-104	-0.01633282891585708
2120	105-109	-8.310882791278118E-4
2120	110-114	-0.004073292945825813
2120	115-119	-0.01944611829127041
2120	120-124	-0.014228643658967144
2120	125-129	-0.08059605622099042
2120	130-134	-0.08483812378100453
2120	135-139	-0.057268509716863036
2120	140-144	-0.15006943147081842
2120	145-149	-0.1858343189105085
2120	150	-0.19150098588395537
2121	1	0.07292256530109142
2121	2	0.019336839551776563
2121	3	-0.014867539310309041
2121	4	-0.019843872728856127
2121	5	0.0447644685315467
2121	6	0.020838070912482465
2121	7	0.07249465576234115
2121	8	0.056628525136915187
2121	9	0.0914902695117803
2121	10-14	0.04126292584223279
2121	15-19	0.04319386012590343
2121	20-24	0.0309334775278316
2121	25-29	0.007406415193919713
2121	30-34	0.012375162955393648
2121	35-39	0.018889144382860934
2121	40-44	0.024476478270926805
2121	45-49	0.04146997468586733
2121	50-54	0.012137226594589379
2121	55-59	0.009154378071322355
2121	60-64	0.025455119146570837
2121	65-69	-0.01411360759337299
2121	70-74	0.020164902166406762
2121	75-79	0.03360898320975281
2121	80-84	0.002464682664644613
2121	85-89	-0.008831319630900225
2121	90-94	-0.018710841949157953
2121	95-99	-0.036032943780611504
2121	100-104	-0.036853303291692896
2121	105-109	-0.05608308644588078
2121	110-114	-0.04690200653259069
2121	115-119	-0.0712663798024522
2121	120-124	-0.09983064247915507
2121	125-129	-0.10319482124842239
2121	130-134	-0.11065429893438505
2121	135-139	-0.15990322994652217
2121	140-144	-0.1870660239633537
2121	145-149	-0.2016926433979691
2121	150	-0.24713672785005514
2122	1	0.00245016056265257
2122	2	0.032572838517445746
2122	3	0.021072190487558373
2122	4	-0.050640089422877566
2122	5	-0.04319252676528862
2122	6	0.03703732416179406
2122	7	0.03935994743545734
2122	8	0.05646996774412116
2122	9	0.04370406827859341
2122	10-14	0.02336990528873173
2122	15-19	0.036862935537769204
2122	20-24	0.015959460167124462
2122	25-29	0.00102085295081622
2122	30-34	0.012247051178654544
2122	35-39	-0.015371856990100241
2122	40-44	-0.005628371929930154
2122	45-49	-0.012354379859495168
2122	50-54	-0.014963612877814114
2122	55-59	-0.004942807710776265
2122	60-64	-0.07794665371009302
2122	65-69	-0.04008380464597394
2122	70-74	-0.01247738564745049
2122	75-79	-0.019884970403417412
2122	80-84	-0.014446969870157034
2122	85-89	-0.04111661258069432
2122	90-94	-0.02402074564623291
2122	95-99	-0.017889780141366884
2122	100-104	-0.0675243618881467
2122	105-109	-0.031344000182215837
2122	110-114	-0.09345900118025696
2122	115-119	-0.07690052822862015
2122	120-124	-0.05754408366686192
2122	125-129	-0.12763508822639125
2122	130-134	-0.12333317774807284
2122	135-139	-0.14671842808645863
2122	140-144	-0.2218554742436254
2122	145-149	-0.2135408026499661
2122	150	-0.18761262723454308
2123	1	-0.013363474541570497
2123	2	0.0033807964028014226
2123	3	0.029994116504433066
2123	4	0.04694587019009333
2123	5	0.02331242518207688
2123	6	0.06344318283436223
2123	7	0.024417453044762283
2123	8	0.0681115260727907
2123	9	0.0952206191372369
2123	10-14	0.06682056781203016
2123	15-19	0.04061451782484937
2123	20-24	0.09279450572068981
2123	25-29	0.04533754940703716
2123	30-34	0.0072908119422905315
2123	35-39	0.025262416027075574
2123	40-44	0.06254519341784004
2123	45-49	0.012967809102256922
2123	50-54	0.03987517040454236
2123	55-59	0.03023171923292267
2123	60-64	0.004961060244994542
2123	65-69	0.015393760832189685
2123	70-74	0.010891677041009018
2123	75-79	0.032849221665863126
2123	80-84	0.04192911735800209
2123	85-89	0.03179278552545384
2123	90-94	0.018845407807091874
2123	95-99	-0.015091264367391943
2123	100-104	-0.010243722562670143
2123	105-109	-0.03288287962416803
2123	110-114	-0.06724839537482552
2123	115-119	-0.030195651253144717
2123	120-124	-0.018817301862206648
2123	125-129	-0.08424891239015153
2123	130-134	-0.07305029469877411
2123	135-139	-0.14241846448585704
2123	140-144	-0.11910530990307677
2123	145-149	-0.1874414051414206
2123	150	-0.24593423489254462
2124	1	0.03106172279151309
2124	2	0.0743967480821155
2124	3	0.061694992301532636
2124	4	0.0766415128609097
2124	5	0.02170889185144631
2124	6	0.04615638575044301
2124	7	0.0654427110638025
2124	8	0.07040972218479169
2124	9	0.033770401496312275
2124	10-14	0.019636919451137658
2124	15-19	0.033545961300646354
2124	20-24	0.0490645333238362
2124	25-29	0.04988842314960351
2124	30-34	0.04548831327104352
2124	35-39	0.03192954044840235
2124	40-44	0.022266112980048547
2124	45-49	0.029738644401454906
2124	50-54	0.0559409457345339
2124	55-59	0.026882636194486054
2124	60-64	0.00960167531736289
2124	65-69	0.020302978846686415
2124	70-74	0.04877141632428561
2124	75-79	0.041010403775793236
2124	80-84	0.036490274518953925
2124	85-89	0.033639962122784084
2124	90-94	0.05712005819696486
2124	95-99	-0.023770410604079473
2124	100-104	-0.007981001098762874
2124	105-109	-0.041228373571556176
2124	110-114	0.03333752256582301
2124	115-119	0.006923005314547481
2124	120-124	-0.0691054048853843
2124	125-129	-0.05844792136469579
2124	130-134	-0.0875859808910846
2124	135-139	-0.0981975756414073
2124	140-144	-0.11014648895061185
2124	145-149	-0.15492187126416468
2124	150	-0.20636356593763594
2125	1	0.10832801955412208
2125	2	0.11008074648034238
2125	3	0.0695021862385019
2125	4	0.0788944888691745
2125	5	0.054998406009517
2125	6	0.05101413891588891
2125	7	0.07568872126127957
2125	8	0.07829315556521266
2125	9	0.07208775362536102
2125	10-14	0.0836026161427057
2125	15-19	0.08024565519029636
2125	20-24	0.05049333028338765
2125	25-29	0.048750055115696966
2125	30-34	0.04813495339031704
2125	35-39	0.058911705176996065
2125	40-44	0.066770026305214
2125	45-49	0.08173715937129344
2125	50-54	0.05512415799942261
2125	55-59	0.06607031285507503
2125	60-64	0.06512107793848543
2125	65-69	0.057959913405646546
2125	70-74	0.032992907451493636
2125	75-79	0.04562957295196668
2125	80-84	0.0641968091274876
2125	85-89	0.026757443721429297
2125	90-94	0.06978451888961246
2125	95-99	0.024413636699478047
2125	100-104	-0.0014742659625142096
2125	105-109	0.02036845469839932
2125	110-114	0.0029844112827746017
2125	115-119	-0.007114568993799253
2125	120-124	-0.04419097863794974
2125	125-129	-0.039946659818674846
2125	130-134	-0.07875475693715117
2125	135-139	-0.06255448324692026
2125	140-144	-0.08158499401460517
2125	145-149	-0.15041345547644625
2125	150	-0.21670019638898452
2126	1	0.050694534531736224
2126	2	0.053177396360773344
2126	3	0.09867433361493738
2126	4	0.009667735950181111
2126	5	0.03400539527142854
2126	6	0.09286034788345887
2126	7	0.07154710346168969
2126	8	0.04689732852283157
2126	9	0.11515157955637534
2126	10-14	0.05583534848503291
2126	15-19	0.05296780473261009
2126	20-24	0.0450228118957412
2126	25-29	0.026551688541140095
2126	30-34	0.053480699864820735
2126	35-39	0.04595715850673088
2126	40-44	0.04593332658104288
2126	45-49	0.03579193713601114
2126	50-54	0.026966359288110198
2126	55-59	0.02309831426936171
2126	60-64	-0.007778695372252287
2126	65-69	-0.012380378493084265
2126	70-74	0.021433328810523733
2126	75-79	0.035240958158290425
2126	80-84	0.007001934719077951
2126	85-89	0.010528127293419232
2126	90-94	-4.0344179609519415E-5
2126	95-99	-0.0360024004350592
2126	100-104	-0.022992166211487586
2126	105-109	-0.06748090482290792
2126	110-114	-0.021984781193530978
2126	115-119	0.0015876216573929014
2126	120-124	-0.03886873702704463
2126	125-129	-0.06798852847315828
2126	130-134	-0.09894585431010228
2126	135-139	-0.12206439268134517
2126	140-144	-0.13276293799877692
2126	145-149	-0.16340635881167032
2126	150	-0.2801087875896897
2127	1	0.10233682326339988
2127	2	0.0024868937260151824
2127	3	0.01268507071291225
2127	4	-0.05859908154035054
2127	5	0.016534952900506994
2127	6	0.01127570283182422
2127	7	0.02194468702039387
2127	8	-0.001956048540272093
2127	9	0.03339856838660893
2127	10-14	0.01449788278728903
2127	15-19	0.04919857783036008
2127	20-24	0.03965062720075707
2127	25-29	0.029573519676368676
2127	30-34	0.031500802217586
2127	35-39	0.04846306217857688
2127	40-44	0.05373432126227584
2127	45-49	0.05513832238905536
2127	50-54	0.0028540321965877524
2127	55-59	0.007896190536484937
2127	60-64	-0.028725084078963903
2127	65-69	-0.009987696744609309
2127	70-74	-0.04399243396744623
2127	75-79	-0.024950849703976985
2127	80-84	-0.011223029201445911
2127	85-89	-0.030347036355777846
2127	90-94	-0.021734024627328097
2127	95-99	-0.02013183668657348
2127	100-104	-0.02053981513624592
2127	105-109	-0.05092193846500237
2127	110-114	-0.0023900442133211186
2127	115-119	-0.0010928376809573592
2127	120-124	-0.04602765188686675
2127	125-129	-0.07447309463925933
2127	130-134	-0.117505022634532
2127	135-139	-0.14620036488788912
2127	140-144	-0.14964712091220633
2127	145-149	-0.15538213468781237
2127	150	-0.3281734393468412
2128	1	0.013677933160018085
2128	2	0.018100768402284473
2128	3	-0.035382653728611047
2128	4	0.03347528212820805
2128	5	0.08500238854395548
2128	6	0.021882989885895654
2128	7	0.06340405283320649
2128	8	0.03479058322059814
2128	9	0.08173518393789436
2128	10-14	0.0443880117379436
2128	15-19	0.04795676497930401
2128	20-24	0.060007416619910714
2128	25-29	0.03831894840939043
2128	30-34	0.03185716430881058
2128	35-39	0.09855111325507693
2128	40-44	0.0462514838069481
2128	45-49	0.06690485455941086
2128	50-54	0.07083685487393154
2128	55-59	0.03002697881529315
2128	60-64	0.06573677225769359
2128	65-69	0.044081003201526414
2128	70-74	0.04333807525677713
2128	75-79	0.031104967092666413
2128	80-84	0.06857344721208136
2128	85-89	0.020952788623517904
2128	90-94	0.009971933022164592
2128	95-99	-0.008256950113526784
2128	100-104	-0.02103007681055402
2128	105-109	-0.009802366599288348
2128	110-114	0.006303401705004319
2128	115-119	-0.04222311899344788
2128	120-124	-0.03987648164094537
2128	125-129	-0.06806223080845797
2128	130-134	-0.09929800766341401
2128	135-139	-0.10579930240577085
2128	140-144	-0.15385302514570043
2128	145-149	-0.14115976887967463
2128	150	-0.12634493780266354
2129	1	0.113560864141661
2129	2	0.0649126505324773
2129	3	0.020531784937972475
2129	4	-0.005581356255603964
2129	5	-1.8457305709773664E-4
2129	6	0.054254896322845525
2129	7	0.053640106099692275
2129	8	0.014853993876037919
2129	9	0.08579367236235669
2129	10-14	0.03200603797207435
2129	15-19	0.05597331333081712
2129	20-24	0.06524391769573867
2129	25-29	0.049178285239669606
2129	30-34	0.029452638299979128
2129	35-39	0.05492601062213254
2129	40-44	0.0576282147178091
2129	45-49	0.027725394549911186
2129	50-54	0.052870935320711965
2129	55-59	0.023175735227709993
2129	60-64	0.06371494097980701
2129	65-69	0.03847041768028703
2129	70-74	0.01716620235629307
2129	75-79	0.005211433113778696
2129	80-84	-0.001164341920961931
2129	85-89	-0.008295467993214345
2129	90-94	0.0018017937798049388
2129	95-99	0.006906199098942523
2129	100-104	-0.005503528846972472
2129	105-109	-0.039867057090120284
2129	110-114	-0.04276075125495993
2129	115-119	-0.05737956303917002
2129	120-124	-0.06479094420134146
2129	125-129	-0.09937157053632006
2129	130-134	-0.06507393195334998
2129	135-139	-0.09982236998868643
2129	140-144	-0.18095108379238667
2129	145-149	-0.20369938058345838
2129	150	-0.200423566738678
2130	1	0.07569208410416906
2130	2	0.008503943034909867
2130	3	0.066203863425919
2130	4	-0.007464293193287119
2130	5	0.012898372737943475
2130	6	0.020196169967299227
2130	7	0.08161961619002511
2130	8	0.035738098663586015
2130	9	0.04480155115692952
2130	10-14	0.060380759431360786
2130	15-19	0.07465747769692399
2130	20-24	0.05869252306199968
2130	25-29	0.028454543522407505
2130	30-34	0.030883721719604296
2130	35-39	0.03558308576008784
2130	40-44	0.03833339556766191
2130	45-49	0.022791590582187382
2130	50-54	0.01765787512804451
2130	55-59	0.034591604694455214
2130	60-64	0.018341605702062225
2130	65-69	0.01274204524003153
2130	70-74	2.0348864216401807E-4
2130	75-79	0.012772930027246332
2130	80-84	0.02493460603000841
2130	85-89	-0.0036678525493414327
2130	90-94	0.03456802010412474
2130	95-99	0.03421184412024303
2130	100-104	-0.017364512539259636
2130	105-109	0.00461023041096098
2130	110-114	-0.035952290051803004
2130	115-119	-0.019794582098136004
2130	120-124	-0.029691285977072823
2130	125-129	-0.061962110725119146
2130	130-134	-0.07809748639582637
2130	135-139	-0.10282349462150364
2130	140-144	-0.12650115166803033
2130	145-149	-0.1941844729875868
2130	150	-0.1428221916662693
2131	1	0.0022439207857445354
2131	2	0.036229015043176105
2131	3	0.049265512801319744
2131	4	-0.025620532202651702
2131	5	0.005781985273983992
2131	6	0.042628641833552194
2131	7	0.10026608786383662
2131	8	0.030221592124803465
2131	9	0.08676917496511294
2131	10-14	0.0461920498807018
2131	15-19	0.06437228313476595
2131	20-24	0.06259087714428802
2131	25-29	0.0465803834051286
2131	30-34	0.056000334959847464
2131	35-39	0.03500765006019435
2131	40-44	0.06077075052736092
2131	45-49	0.06229788953232429
2131	50-54	0.029510820501570834
2131	55-59	0.04790340896383327
2131	60-64	0.06377386445387145
2131	65-69	0.0573288236073779
2131	70-74	0.036021417213625284
2131	75-79	0.06900767069411984
2131	80-84	0.05732091663546157
2131	85-89	0.05697697329759421
2131	90-94	0.030280161851891307
2131	95-99	0.0077542073333845
2131	100-104	0.015236643493054203
2131	105-109	-0.026459888834288847
2131	110-114	0.015364139052010728
2131	115-119	0.0314786684922268
2131	120-124	-0.010734593620028932
2131	125-129	-0.02980676937150406
2131	130-134	-0.03729270130616413
2131	135-139	-0.06302621886407422
2131	140-144	-0.07296750963842413
2131	145-149	-0.11744981147064948
2131	150	-0.14704179346122004
2132	1	0.009234737061575515
2132	2	0.05191244425123642
2132	3	0.008462743001167894
2132	4	0.02836396967903454
2132	5	0.01818137658746366
2132	6	0.003529910353897492
2132	7	0.07309562462769037
2132	8	0.02884521037240262
2132	9	0.021176215583693647
2132	10-14	0.028541485709901337
2132	15-19	0.041192206148551236
2132	20-24	0.022507083740542555
2132	25-29	0.0015155376671103227
2132	30-34	-0.013088424850700164
2132	35-39	0.006723528103201204
2132	40-44	0.025303440154395673
2132	45-49	0.03748505914372657
2132	50-54	-0.001675957565844044
2132	55-59	0.0231334690815288
2132	60-64	-0.023635044591721055
2132	65-69	-0.003685163255738644
2132	70-74	-0.021099322176866053
2132	75-79	0.010697728502897519
2132	80-84	-0.051796192753634784
2132	85-89	-0.06809316276767419
2132	90-94	-0.016857924282554393
2132	95-99	-0.029385608618511583
2132	100-104	-0.029452125732483125
2132	105-109	-0.05495689415786842
2132	110-114	-0.06319923820921503
2132	115-119	-0.04247651989535228
2132	120-124	-0.10064168785174132
2132	125-129	-0.11171725001043598
2132	130-134	-0.09421296120470402
2132	135-139	-0.16373820874072464
2132	140-144	-0.1696016136434153
2132	145-149	-0.1942093216371532
2132	150	-0.28317020793593883
2133	1	0.04008479369514362
2133	2	0.02603509147139249
2133	3	8.161725014872445E-4
2133	4	0.038643302569298044
2133	5	0.033001684672697706
2133	6	0.02998690280269045
2133	7	0.11105044729967517
2133	8	0.048133181238860345
2133	9	0.0914902695117803
2133	10-14	0.07151941987914512
2133	15-19	0.03378363303882992
2133	20-24	0.04975393170198572
2133	25-29	0.07471567838621951
2133	30-34	0.04635653854762012
2133	35-39	0.06482935023157665
2133	40-44	0.044277164433324856
2133	45-49	0.07603948947103589
2133	50-54	0.06160626760096477
2133	55-59	0.08966409870519243
2133	60-64	0.07962927369647588
2133	65-69	0.06051472111108325
2133	70-74	0.04715395624253915
2133	75-79	0.03465456399721489
2133	80-84	0.07696231377067875
2133	85-89	0.08095793049162836
2133	90-94	0.08382142402045645
2133	95-99	0.07394908529960986
2133	100-104	0.044244556535133484
2133	105-109	-0.00641799904186513
2133	110-114	0.01236935435615294
2133	115-119	0.016235662347511948
2133	120-124	0.028253003983842007
2133	125-129	0.015543946926719343
2133	130-134	0.03958259046277135
2133	135-139	-0.021298426809778448
2133	140-144	-0.029575417853237695
2133	145-149	-0.12013734197662984
2133	150	-0.07232868994775288
2134	1	-0.023105709718308276
2134	2	0.06407868828141972
2134	3	0.007149235266282972
2134	4	0.0731397423270792
2134	5	0.0069409682627039615
2134	6	0.04964207656325215
2134	7	0.002845153127651656
2134	8	0.053477988215867356
2134	9	0.06283882232786908
2134	10-14	0.061118141958885985
2134	15-19	0.07448969657897919
2134	20-24	0.05073154931315571
2134	25-29	0.05373960655206389
2134	30-34	0.01659157928261834
2134	35-39	0.03842663929260226
2134	40-44	0.016830413701498514
2134	45-49	0.028711049397834643
2134	50-54	0.014357991130374614
2134	55-59	0.01863522522194927
2134	60-64	0.018969487287371578
2134	65-69	-0.003658671177866779
2134	70-74	-0.006660168827608004
2134	75-79	-0.0020437126314547527
2134	80-84	-0.005520358209835763
2134	85-89	0.0018814304974412721
2134	90-94	0.01730908885009086
2134	95-99	-0.002913781244224367
2134	100-104	0.01518022906994787
2134	105-109	-0.006570015503719162
2134	110-114	-0.018042312524691795
2134	115-119	-0.019147401946312925
2134	120-124	-0.04585399030111148
2134	125-129	-0.05175749438945587
2134	130-134	-0.061304807227472224
2134	135-139	-0.03391870509268813
2134	140-144	-0.13176607188562883
2134	145-149	-0.1700284348391179
2134	150	-0.12197076870803869
2135	1	0.11659671593868381
2135	2	0.024433273930348776
2135	3	0.09619858454751551
2135	4	0.011722580104816416
2135	5	0.030941128433845222
2135	6	0.06296220936938113
2135	7	0.07556122851242719
2135	8	0.07963078782071165
2135	9	0.08766770084920239
2135	10-14	0.04909149562935511
2135	15-19	0.06630682296137991
2135	20-24	0.07610483196256723
2135	25-29	0.07849278016487204
2135	30-34	0.05457221227121778
2135	35-39	0.06651818922487962
2135	40-44	0.11987425600214152
2135	45-49	0.08263773315116651
2135	50-54	0.05689318238616892
2135	55-59	0.079997874891653
2135	60-64	0.07377275254116711
2135	65-69	0.04075751679195605
2135	70-74	0.03406440900983654
2135	75-79	0.0417915204078696
2135	80-84	0.0647764011631935
2135	85-89	0.029447269904238738
2135	90-94	0.039468326456393754
2135	95-99	0.02120073609986406
2135	100-104	0.011788458886670128
2135	105-109	0.011417276296675993
2135	110-114	-0.02130341568039995
2135	115-119	-0.005485744966492234
2135	120-124	0.008201604033907017
2135	125-129	-0.029126421053085494
2135	130-134	-0.0433054189515758
2135	135-139	-0.09586454707037717
2135	140-144	-0.1566693902562335
2135	145-149	-0.11233101724845795
2135	150	-0.14006163854029552
2136	1	0.09355475571995697
2136	2	0.019728614106867326
2136	3	0.02213049253056454
2136	4	0.011709851838368479
2136	5	0.05015957900041457
2136	6	0.03526775982250996
2136	7	0.07941158043616525
2136	8	0.062656464070173
2136	9	0.07163875882424264
2136	10-14	0.04942389841350092
2136	15-19	0.049278404078435756
2136	20-24	0.06910576353823217
2136	25-29	0.0711150252842927
2136	30-34	0.013743731461161701
2136	35-39	0.05262081097575333
2136	40-44	0.05429204790144837
2136	45-49	0.06419894022810269
2136	50-54	0.06760515798607258
2136	55-59	0.09171110314801467
2136	60-64	0.05448398856721326
2136	65-69	0.057221508911105445
2136	70-74	0.04567911637801103
2136	75-79	0.08316968782799705
2136	80-84	0.08407663084168604
2136	85-89	0.06072642013642593
2136	90-94	0.06166991314771764
2136	95-99	0.06467564932824388
2136	100-104	0.019846447226242958
2136	105-109	0.011574665417178664
2136	110-114	0.04448204435892933
2136	115-119	0.02102224538239028
2136	120-124	0.01627839736068637
2136	125-129	-0.019911402499324993
2136	130-134	0.0021824490858719514
2136	135-139	-0.018654195068627644
2136	140-144	-0.08244252338010227
2136	145-149	-0.12021721504991945
2136	150	-0.11250442844696096
2137	1	0.06125063961574995
2137	2	0.07760982298641039
2137	3	0.033440851334724186
2137	4	-0.0013874164954259527
2137	5	0.001044886687445512
2137	6	0.01898531783524504
2137	7	0.05365341307060589
2137	8	0.05784438125944291
2137	9	0.005647352041172837
2137	10-14	0.04306921354709914
2137	15-19	0.06173261209206515
2137	20-24	0.04471850473411365
2137	25-29	0.023692889340182433
2137	30-34	0.030570757836080986
2137	35-39	0.07966921152318918
2137	40-44	0.02803297911436431
2137	45-49	0.047125079519119595
2137	50-54	0.07086110418277514
2137	55-59	0.08171749421147467
2137	60-64	0.048732742445388055
2137	65-69	0.044035309424039326
2137	70-74	0.06592370569406825
2137	75-79	0.030051467015766775
2137	80-84	0.05871624445305912
2137	85-89	0.05493192071699582
2137	90-94	0.056942802401756865
2137	95-99	0.03608707128321953
2137	100-104	0.002248841052789885
2137	105-109	-0.05538964388594536
2137	110-114	-0.018987842489153195
2137	115-119	-0.012777383153817823
2137	120-124	-0.0013517920088119695
2137	125-129	0.005850457969458489
2137	130-134	-0.033026195517372514
2137	135-139	-0.07760981054077831
2137	140-144	-0.11494406193866524
2137	145-149	-0.15372925212396638
2137	150	-0.18923903158887612
2138	1	0.04198108327175021
2138	2	0.06616677034572405
2138	3	0.022592407147520532
2138	4	0.049223440188022494
2138	5	0.11837148736838543
2138	6	0.02613873541373124
2138	7	0.08659668653369579
2138	8	0.012032458487404085
2138	9	0.004083223220092691
2138	10-14	0.039428555818744826
2138	15-19	0.049620695307567075
2138	20-24	0.04682821585339525
2138	25-29	0.0524651116732926
2138	30-34	0.045149109871502446
2138	35-39	0.024606350064033222
2138	40-44	-0.0028054449045598062
2138	45-49	0.02779817076149982
2138	50-54	-5.595335768759924E-4
2138	55-59	0.018244886680186312
2138	60-64	0.03618913961661008
2138	65-69	0.020002943973459253
2138	70-74	-0.017439406678697367
2138	75-79	-0.03399685496427196
2138	80-84	0.014442647801168107
2138	85-89	-0.006047742640141962
2138	90-94	-0.03336949625453656
2138	95-99	2.2967905504600594E-4
2138	100-104	0.006357744622235373
2138	105-109	-0.04474941244973962
2138	110-114	-0.07054932553545967
2138	115-119	-0.05788057604615915
2138	120-124	-0.029659268906897296
2138	125-129	-0.07987870373958827
2138	130-134	-0.1150429718787862
2138	135-139	-0.08946074237035617
2138	140-144	-0.12980291727517823
2138	145-149	-0.1904891554841086
2138	150	-0.07832840913582118
2139	1	0.10586977570456924
2139	2	0.0812398366286331
2139	3	0.06725165494969332
2139	4	0.06989704192476154
2139	5	0.04156102510896886
2139	6	0.1252429982370984
2139	7	0.0033974729046306607
2139	8	0.08050043939392282
2139	9	0.05228083274263895
2139	10-14	0.06023800948978675
2139	15-19	0.07522961516476556
2139	20-24	0.062397068922351195
2139	25-29	0.05784878012651262
2139	30-34	0.03723493008242684
2139	35-39	0.053383016412958284
2139	40-44	0.04398946828406736
2139	45-49	0.04106795482723413
2139	50-54	0.034014199460848715
2139	55-59	0.0514022090420454
2139	60-64	0.001695683653693436
2139	65-69	0.005747961762125442
2139	70-74	-0.01966879698497337
2139	75-79	0.021827896655459256
2139	80-84	0.012653612919798718
2139	85-89	1.8842898797544194E-4
2139	90-94	-0.005502281424178079
2139	95-99	-0.02598425032942231
2139	100-104	-0.04315959869038721
2139	105-109	-0.025099117919381797
2139	110-114	-0.04248164351549377
2139	115-119	-0.07118277023836583
2139	120-124	-0.02702841122753341
2139	125-129	-0.05811394057847252
2139	130-134	-0.05134674147783613
2139	135-139	-0.11012144975570948
2139	140-144	-0.12721879905713251
2139	145-149	-0.17426320298821452
2139	150	-0.1980399569602298
2140	1	0.03767107107869805
2140	2	0.03246352966929322
2140	3	0.02670666169933611
2140	4	-0.08339168639848538
2140	5	0.028009657278815325
2140	6	0.04102043194565397
2140	7	-0.06520063099497975
2140	8	0.013701414566696712
2140	9	0.055236418365510076
2140	10-14	0.05104200007284021
2140	15-19	0.06385518260776024
2140	20-24	0.056500032412273526
2140	25-29	0.042147320622063944
2140	30-34	0.06147730360211767
2140	35-39	0.02688609056298219
2140	40-44	0.004747970436042692
2140	45-49	0.026783626560401785
2140	50-54	-0.010058898200568933
2140	55-59	0.019943990979648163
2140	60-64	0.0024246764452868774
2140	65-69	0.029010264949107523
2140	70-74	-0.005070404811156948
2140	75-79	0.02505291017799749
2140	80-84	-0.03858374989810187
2140	85-89	-0.03741269559142779
2140	90-94	-0.02836633223483176
2140	95-99	0.017295938257710475
2140	100-104	-0.010152573168817014
2140	105-109	-0.0815870390748401
2140	110-114	-0.07540565846235836
2140	115-119	-0.05315800655348113
2140	120-124	-0.06773657388237808
2140	125-129	-0.07906068889185036
2140	130-134	-0.09816377569412538
2140	135-139	-0.09140761770798633
2140	140-144	-0.17225634444869797
2140	145-149	-0.1744751000340159
2140	150	-0.2142263990829818
2141	1	0.06541692461197357
2141	2	0.0557707365836535
2141	3	0.08487322996847269
2141	4	0.0338747397178949
2141	5	0.026725912162817167
2141	6	6.16673651364863E-4
2141	7	0.04339827869316082
2141	8	0.02461642884015447
2141	9	0.05770398532431642
2141	10-14	0.046525209523551325
2141	15-19	0.05700490434058736
2141	20-24	0.055505413115028546
2141	25-29	0.05643997944227408
2141	30-34	0.02735735378097104
2141	35-39	0.04195013429544758
2141	40-44	0.04029435084219557
2141	45-49	0.034517584465916684
2141	50-54	0.04555093762166962
2141	55-59	0.07411319387173876
2141	60-64	0.08231295064053512
2141	65-69	0.053775451722103185
2141	70-74	0.05340941154103973
2141	75-79	0.08157169608954717
2141	80-84	0.06703715661597442
2141	85-89	0.027182962969916957
2141	90-94	0.054513909567070584
2141	95-99	0.04836261144110665
2141	100-104	0.013539824516499266
2141	105-109	-0.02386209857237276
2141	110-114	-0.005486882325925535
2141	115-119	-0.010643074308127609
2141	120-124	0.006765391094297968
2141	125-129	-0.015662754541743595
2141	130-134	-0.041237114566683886
2141	135-139	-0.052858118837164625
2141	140-144	-0.057279971492839366
2141	145-149	-0.143282602140971
2141	150	-0.09880560547393458
2142	1	0.05025064505425547
2142	2	0.03154552116696152
2142	3	0.07545849405421023
2142	4	-0.028549266338679047
2142	5	0.0792608165237354
2142	6	0.07670454376546587
2142	7	0.09343018599029307
2142	8	0.11426765219668766
2142	9	0.11268854503190795
2142	10-14	0.0640061080964145
2142	15-19	0.042376424513676625
2142	20-24	0.04593196887481099
2142	25-29	0.07923905235603002
2142	30-34	0.051078543981290636
2142	35-39	0.05654778188970511
2142	40-44	0.04137427113722225
2142	45-49	0.059570095451370264
2142	50-54	-2.9514174155309547E-4
2142	55-59	0.03964662596011692
2142	60-64	0.01461695172197608
2142	65-69	0.05278118680542576
2142	70-74	-0.017577190068962523
2142	75-79	0.02535479354481396
2142	80-84	0.015068199129160575
2142	85-89	0.02762163043723831
2142	90-94	-4.050043358958533E-4
2142	95-99	0.020643847903144774
2142	100-104	2.678497608670227E-4
2142	105-109	-0.03134578202523386
2142	110-114	-0.02531462098586701
2142	115-119	-0.009230881924466416
2142	120-124	-0.031117824391728277
2142	125-129	-0.02858697422238521
2142	130-134	-0.05143657555300507
2142	135-139	-0.06166779404732381
2142	140-144	-0.14863114444993641
2142	145-149	-0.15876860279505678
2142	150	-0.11982368229773499
2143	1	0.05537675609660653
2143	2	0.10837441999795772
2143	3	0.08085017289532459
2143	4	0.06792838697001713
2143	5	0.09093083299743654
2143	6	0.06310284264006327
2143	7	0.08740638535672218
2143	8	0.09926711101425667
2143	9	0.08500351631298741
2143	10-14	0.09119561050376745
2143	15-19	0.09864159251068116
2143	20-24	0.07261527668539713
2143	25-29	0.0691328200577459
2143	30-34	0.0870726546735483
2143	35-39	0.04996379270713902
2143	40-44	0.03864323155425353
2143	45-49	0.044443202413354754
2143	50-54	0.05646769658162043
2143	55-59	0.05294612460249937
2143	60-64	0.05854710656230111
2143	65-69	0.06322092212838015
2143	70-74	0.03016241262545094
2143	75-79	0.06007728607053764
2143	80-84	0.04455729702207378
2143	85-89	0.05067585691665499
2143	90-94	0.009767847778370253
2143	95-99	-0.022377886915400325
2143	100-104	-0.02287323520373974
2143	105-109	-0.026276088603786718
2143	110-114	0.04246009383170701
2143	115-119	-0.026677546971896504
2143	120-124	-0.013667368477904063
2143	125-129	-0.018404199567115143
2143	130-134	-0.03629928352630429
2143	135-139	-0.06413093538087367
2143	140-144	-0.05689324453813782
2143	145-149	-0.09076871465669001
2143	150	-0.0024819703901144408
2144	1	0.037026132083553875
2144	2	0.043471932078773534
2144	3	0.07195533714168789
2144	4	0.018540074877932966
2144	5	0.00637212916826968
2144	6	0.03994882641028852
2144	7	0.05797173232987518
2144	8	0.03168742310740669
2144	9	0.027326204579146918
2144	10-14	0.022049085366361965
2144	15-19	0.06484149171432563
2144	20-24	0.042396713095683936
2144	25-29	0.06355360531983933
2144	30-34	0.019417450165512662
2144	35-39	-6.633809705931526E-4
2144	40-44	0.025514811146415184
2144	45-49	0.01050339907867226
2144	50-54	-0.0058691523697049774
2144	55-59	0.0061024405550611505
2144	60-64	-0.0022291999718362376
2144	65-69	-0.013416610749132474
2144	70-74	-0.028670256556580398
2144	75-79	-0.02334559010109416
2144	80-84	0.005385858441663061
2144	85-89	-0.003646710743005599
2144	90-94	-0.03323195874869356
2144	95-99	-0.027192287120847425
2144	100-104	-0.031317288264787635
2144	105-109	-0.027135685040128976
2144	110-114	-0.04562408633695725
2144	115-119	-0.05321022756659488
2144	120-124	-0.01795839991613235
2144	125-129	-0.05376798489758272
2144	130-134	-0.10616971219912585
2144	135-139	-0.08769546865683253
2144	140-144	-0.1489570480257001
2144	145-149	-0.1592679848682934
2144	150	-0.04263790719918603
2145	1	0.06748446869968205
2145	2	-0.008883645442914201
2145	3	0.05053171457156935
2145	4	-0.028411106626052174
2145	5	-0.01649708139998296
2145	6	0.02421500487195516
2145	7	0.012344477817478605
2145	8	0.04173070531569323
2145	9	0.03849017081444828
2145	10-14	0.05298719983486677
2145	15-19	0.03071091227570122
2145	20-24	0.023974156944674974
2145	25-29	0.04916364482617297
2145	30-34	0.022451149367824996
2145	35-39	0.028869414396439197
2145	40-44	0.014425940391539882
2145	45-49	0.0423925682747992
2145	50-54	0.012912100718629915
2145	55-59	0.04821161946929209
2145	60-64	0.029542041897521187
2145	65-69	0.02711701857852944
2145	70-74	-0.007093036306493161
2145	75-79	0.007890786318377252
2145	80-84	0.0063947430174877695
2145	85-89	-0.0023710051750924777
2145	90-94	0.007282664672246142
2145	95-99	0.0031199508162274014
2145	100-104	0.0033454038259179697
2145	105-109	-0.08921702378160745
2145	110-114	-0.04131669606627497
2145	115-119	-0.0445681299895071
2145	120-124	-0.03331421274400981
2145	125-129	-0.10258510978906799
2145	130-134	-0.10310644942496339
2145	135-139	-0.08801214587588646
2145	140-144	-0.09628777811935407
2145	145-149	-0.16301962639538203
2145	150	-0.11408561411333551
2146	1	0.09110626404471844
2146	2	0.02138001109977239
2146	3	0.06384496728713174
2146	4	0.016393771782858835
2146	5	0.007102566204864047
2146	6	0.008216953873095179
2146	7	0.06672948428953873
2146	8	0.047385761644775926
2146	9	0.03108052129013572
2146	10-14	0.03111901334106193
2146	15-19	0.046589365477522904
2146	20-24	0.04185821106390364
2146	25-29	0.052050725803240994
2146	30-34	0.05078303079373825
2146	35-39	0.04689964360093768
2146	40-44	0.02932251044483536
2146	45-49	0.04069752789209247
2146	50-54	0.024306866961538276
2146	55-59	0.05478605310236162
2146	60-64	0.020867510322226224
2146	65-69	0.06748890374495176
2146	70-74	0.011846234589896198
2146	75-79	0.03681425849342901
2146	80-84	0.03973004503883715
2146	85-89	-0.01172571846029058
2146	90-94	0.003484081143291462
2146	95-99	0.01646125733602588
2146	100-104	0.0036392305124692825
2146	105-109	-0.04479505519202576
2146	110-114	-0.058263654689376665
2146	115-119	-0.061764619818774236
2146	120-124	-0.04054569600278768
2146	125-129	-0.017610628907483772
2146	130-134	-0.0968755518508786
2146	135-139	-0.12422468543421417
2146	140-144	-0.15979962223863708
2146	145-149	-0.21524448994068734
2146	150	-0.2868404484728515
2147	1	-0.011206949815495193
2147	2	0.11498312451715265
2147	3	0.008962199874481769
2147	4	-0.0024485789896147026
2147	5	0.035407013361648865
2147	6	0.04689574526428686
2147	7	0.04303548718347372
2147	8	0.007791026313341831
2147	9	0.06851568394872487
2147	10-14	0.04891654278991808
2147	15-19	0.0528027042233461
2147	20-24	0.01352618051435428
2147	25-29	0.03319353786887547
2147	30-34	0.058625679999089186
2147	35-39	0.0447681717734838
2147	40-44	0.020137092808830914
2147	45-49	0.019929397989088216
2147	50-54	0.01762046035739928
2147	55-59	0.05018882449412132
2147	60-64	0.04852610268635971
2147	65-69	0.03404790506561994
2147	70-74	0.027878025611691726
2147	75-79	-0.02601669733871148
2147	80-84	0.011348550242821887
2147	85-89	0.023107502335903973
2147	90-94	-0.05013567946412678
2147	95-99	0.00977063718912774
2147	100-104	-0.0277890041947515
2147	105-109	-0.02642645869460125
2147	110-114	-0.09309368628778003
2147	115-119	-0.08962006594424565
2147	120-124	-0.04933965545097152
2147	125-129	-0.06816015303059686
2147	130-134	-0.07385006128994576
2147	135-139	-0.10952098408505151
2147	140-144	-0.18530572786276167
2147	145-149	-0.23633991390651943
2147	150	-0.19932991725598725
2148	1	0.07862742243437992
2148	2	0.04764396548097949
2148	3	0.034378241609829274
2148	4	0.01723620526785652
2148	5	0.0315291957533006
2148	6	0.038928936033684636
2148	7	0.028301116216951527
2148	8	0.021761541687340014
2148	9	0.0734934998950294
2148	10-14	0.038594514778829137
2148	15-19	0.020982277978980335
2148	20-24	0.04100293349009121
2148	25-29	0.05710576816310464
2148	30-34	0.023591590254298467
2148	35-39	0.030252096355489755
2148	40-44	0.06304548546899724
2148	45-49	0.06948163544483066
2148	50-54	0.028760339289213732
2148	55-59	0.04644991362816597
2148	60-64	0.027955818188935666
2148	65-69	0.04911959693396284
2148	70-74	0.04235709429590173
2148	75-79	0.025814904560562013
2148	80-84	0.0019261603483826661
2148	85-89	0.03975283245006267
2148	90-94	-0.02340961197554492
2148	95-99	-0.022268505373894243
2148	100-104	-0.004142164146941241
2148	105-109	-0.058310231883510255
2148	110-114	-0.06324069706307256
2148	115-119	-0.0765453701978771
2148	120-124	-0.04191730174276387
2148	125-129	-0.0528302976429913
2148	130-134	-0.08396073645982227
2148	135-139	-0.09404743569470497
2148	140-144	-0.18172728820888295
2148	145-149	-0.23409266474391188
2148	150	-0.17510302453196402
2149	1	0.03224668139421283
2149	2	0.013269829453790294
2149	3	0.03485949263632904
2149	4	-0.052664946240703614
2149	5	0.03380006902975197
2149	6	-0.002873545892327911
2149	7	-0.009454419036664774
2149	8	-0.009468833477761507
2149	9	-0.020835008499368257
2149	10-14	-0.015487432210697705
2149	15-19	-0.011688713759248515
2149	20-24	-0.035120929279649715
2149	25-29	-0.03581136571231269
2149	30-34	-0.012449214839946876
2149	35-39	-0.013781732465837138
2149	40-44	-0.007482327207746664
2149	45-49	-0.03861218855545445
2149	50-54	-0.055180913519976116
2149	55-59	-0.04478782379216284
2149	60-64	-0.0146430376370148
2149	65-69	-0.010207804881787297
2149	70-74	-0.055311377302160736
2149	75-79	-0.031355199647734366
2149	80-84	-0.04552115821339697
2149	85-89	-0.04691359631152636
2149	90-94	-0.06536055520248141
2149	95-99	-0.07725530244241696
2149	100-104	-0.05054248701506481
2149	105-109	-0.09946936728099587
2149	110-114	-0.11778776447496853
2149	115-119	-0.14089320917967285
2149	120-124	-0.15969966586095552
2149	125-129	-0.12223447291970757
2149	130-134	-0.2103207733575161
2149	135-139	-0.16955265992476853
2149	140-144	-0.24581129793140377
2149	145-149	-0.31439033199930577
2149	150	-0.28600972931038626
2150	1	0.03773359071576721
2150	2	0.05263748949617053
2150	3	-0.04847724225859196
2150	4	-0.0724109840201379
2150	5	-0.0442422032917591
2150	6	-0.01861564635062507
2150	7	-0.02949968538546699
2150	8	-0.018216561370685724
2150	9	-0.004184881585743483
2150	10-14	-0.017849302414290946
2150	15-19	0.011931773416200997
2150	20-24	-0.03209248362566086
2150	25-29	0.009431623886953844
2150	30-34	-8.858429856957173E-4
2150	35-39	0.020852477751986953
2150	40-44	-0.03189770217902321
2150	45-49	-0.01443578280978386
2150	50-54	-0.026031283234345892
2150	55-59	-0.0447693410671377
2150	60-64	8.150297078159952E-4
2150	65-69	-0.01986577976944659
2150	70-74	-0.03628416295904202
2150	75-79	-0.04091000653318844
2150	80-84	-0.021045545668350485
2150	85-89	-0.041203979949983705
2150	90-94	-0.05749340180229012
2150	95-99	-0.05584342471184556
2150	100-104	-0.06564117529672586
2150	105-109	-0.12478987329838986
2150	110-114	-0.1305898707654336
2150	115-119	-0.12989614018282225
2150	120-124	-0.09690566345079787
2150	125-129	-0.17763329540250083
2150	130-134	-0.1674985635659496
2150	135-139	-0.15923096145594684
2150	140-144	-0.28561152775723286
2150	145-149	-0.33254147823848257
2150	150	-0.14309287446933183
2151	1	0.046405854398869906
2151	2	0.08228435645112597
2151	3	0.048286658806006244
2151	4	0.02790630558081375
2151	5	0.02883164850869946
2151	6	0.0633892180974982
2151	7	0.03756202793083929
2151	8	0.031905698122841386
2151	9	0.031141118609070872
2151	10-14	0.04746195079130899
2151	15-19	0.05157464311970017
2151	20-24	0.05084731303476531
2151	25-29	0.06381857630496768
2151	30-34	0.07483824218044788
2151	35-39	0.025679238580686103
2151	40-44	0.017363757126240387
2151	45-49	0.021518518973458356
2151	50-54	0.014102331608356167
2151	55-59	0.023518538184859494
2151	60-64	-0.023512775381902884
2151	65-69	-0.01062384697545582
2151	70-74	0.010303724520845492
2151	75-79	-0.025874592851693023
2151	80-84	-0.011146602819529505
2151	85-89	-7.447719849054124E-4
2151	90-94	-0.05346120747762484
2151	95-99	-0.08127043883846596
2151	100-104	-0.05791334668485604
2151	105-109	-0.10970862547522842
2151	110-114	-0.0944286130299119
2151	115-119	-0.09732241428579158
2151	120-124	-0.1116116482908538
2151	125-129	-0.1268926099465446
2151	130-134	-0.1301653693989948
2151	135-139	-0.14089528428216624
2151	140-144	-0.24756345279929093
2151	145-149	-0.2785740994624746
2151	150	-0.24662509091690765
2152	1	0.028016304965817085
2152	2	0.003979181057694348
2152	3	0.008512560917750989
2152	4	0.007176633777469021
2152	5	-0.05023393095416395
2152	6	-0.01989155108721974
2152	7	-0.049444769088530904
2152	8	-0.01248765891823922
2152	9	-0.003777760182074985
2152	10-14	-0.006473415661027104
2152	15-19	-0.005522139571255025
2152	20-24	0.005978843142408152
2152	25-29	0.032861589503887956
2152	30-34	-0.0012190555353939203
2152	35-39	-0.007675631286133466
2152	40-44	-0.042793288744661595
2152	45-49	-0.010032837836128294
2152	50-54	-0.06294982942872451
2152	55-59	-0.0011090705654552835
2152	60-64	-0.011565347512927815
2152	65-69	-0.005698191120956153
2152	70-74	-0.02306781261132329
2152	75-79	-0.042254108399426116
2152	80-84	-0.05301209128296591
2152	85-89	-0.07175635844834716
2152	90-94	-0.0814941748176139
2152	95-99	-0.06268426676173533
2152	100-104	-0.11645915971295295
2152	105-109	-0.09839423439316874
2152	110-114	-0.11955537764070812
2152	115-119	-0.15843996719917186
2152	120-124	-0.1770108364800791
2152	125-129	-0.1458338714062748
2152	130-134	-0.21072369085849374
2152	135-139	-0.1739677685268859
2152	140-144	-0.22840433549383476
2152	145-149	-0.3496462244988834
2152	150	-0.23101756989323974
2153	1	-0.00475794172452737
2153	2	-0.016148571705464576
2153	3	-0.012684418319452107
2153	4	-0.027319938757671025
2153	5	-0.004141399303080107
2153	6	-0.02444756469411402
2153	7	-0.03122372433546161
2153	8	-0.0457081294570898
2153	9	-0.0012819479857668625
2153	10-14	-0.0048147681929222585
2153	15-19	-0.01746158175183865
2153	20-24	-0.010494531138341756
2153	25-29	-0.05244614575563844
2153	30-34	-0.011230151730131865
2153	35-39	-0.05978567449079719
2153	40-44	-0.042993859790804834
2153	45-49	-0.05895725144460329
2153	50-54	-0.06617959035759924
2153	55-59	-0.03869131982195029
2153	60-64	-0.04459478292174879
2153	65-69	-0.0564319260082371
2153	70-74	-0.0978227102625766
2153	75-79	-0.13962113424698686
2153	80-84	-0.05493448128134304
2153	85-89	-0.09091350701934431
2153	90-94	-0.09011106305175787
2153	95-99	-0.12304446144015202
2153	100-104	-0.13981610315086357
2153	105-109	-0.15938532021245067
2153	110-114	-0.1641461450681092
2153	115-119	-0.20477701114437963
2153	120-124	-0.203890366337248
2153	125-129	-0.23245195559003662
2153	130-134	-0.22244482075366534
2153	135-139	-0.24437777331860389
2153	140-144	-0.2882936269926901
2153	145-149	-0.3807922055933801
2153	150	-0.3412236137948881
2154	1	-0.011712798184589701
2154	2	-0.004921987641495207
2154	3	9.769918120596799E-4
2154	4	-0.006553358600584147
2154	5	0.10103734699298883
2154	6	-0.014785161351447584
2154	7	0.034406856927731155
2154	8	-0.014483657393853377
2154	9	0.06714544865938876
2154	10-14	0.021150758627591415
2154	15-19	0.03040831012386036
2154	20-24	0.01585943257330058
2154	25-29	0.042997260235587476
2154	30-34	-0.0035781764703486374
2154	35-39	-0.012347315737351039
2154	40-44	-5.9421874745169134E-5
2154	45-49	-0.05478918946214151
2154	50-54	0.0010141568517667565
2154	55-59	-0.02538542981342573
2154	60-64	-0.0031421386714640676
2154	65-69	-0.004063092035600846
2154	70-74	-0.0845678761275721
2154	75-79	-0.04610789396853221
2154	80-84	-0.06919698711629962
2154	85-89	-0.056067461090627546
2154	90-94	-0.07959840500053872
2154	95-99	-0.07714190141620492
2154	100-104	-0.10807641072920404
2154	105-109	-0.1283156647793433
2154	110-114	-0.15353600518136545
2154	115-119	-0.14459558203657252
2154	120-124	-0.11794497011828753
2154	125-129	-0.15982250199570558
2154	130-134	-0.16217872134630085
2154	135-139	-0.19483851293745857
2154	140-144	-0.3106028873230997
2154	145-149	-0.35784630071839274
2154	150	-0.34475899519812003
2155	1	0.033529508900983274
2155	2	-0.002539817595902605
2155	3	0.03693662786481866
2155	4	-0.02401301119176935
2155	5	0.019806143555030076
2155	6	0.005195647708561069
2155	7	0.018585940138933665
2155	8	0.04721025315613758
2155	9	0.03670885318430095
2155	10-14	0.02332374933553183
2155	15-19	0.01811163740158861
2155	20-24	0.006542189860390124
2155	25-29	0.0016957112207691694
2155	30-34	0.029599759228233324
2155	35-39	0.028693975634169533
2155	40-44	-0.006702209592539532
2155	45-49	0.0071183530797895855
2155	50-54	0.0032758825987926343
2155	55-59	0.0263569892246025
2155	60-64	-0.017846361568793156
2155	65-69	0.011574089154358091
2155	70-74	-0.06423123638038675
2155	75-79	-0.08737973741829563
2155	80-84	-0.031087323329863636
2155	85-89	-0.02955006011765704
2155	90-94	-0.0936955402899855
2155	95-99	-0.07321049391946843
2155	100-104	-0.13628403927097565
2155	105-109	-0.10444469888413721
2155	110-114	-0.10531754396780002
2155	115-119	-0.14323237012076362
2155	120-124	-0.10100513311088122
2155	125-129	-0.1785515427158728
2155	130-134	-0.20971564021130717
2155	135-139	-0.2073083939116458
2155	140-144	-0.20390374172384895
2155	145-149	-0.32270792494490763
2155	150	-0.31263961444783206
2156	1	0.03917151307973654
2156	2	0.04148517893011672
2156	3	-0.009571219854876745
2156	4	-0.06176698555933058
2156	5	0.017615167742135895
2156	6	-0.014300937840367567
2156	7	0.04081097674740164
2156	8	-0.023389413039254237
2156	9	0.04431247219491041
2156	10-14	0.0024342495603164593
2156	15-19	0.027051780314920393
2156	20-24	0.01767789368350492
2156	25-29	0.0388133654172762
2156	30-34	0.022526865182740607
2156	35-39	0.0328779296152959
2156	40-44	0.023320431711432832
2156	45-49	0.014322729024087266
2156	50-54	-0.00445948365187121
2156	55-59	-0.001190580691293519
2156	60-64	0.017449332205316637
2156	65-69	0.003334415313950956
2156	70-74	-0.009318778696020047
2156	75-79	0.019648841984157173
2156	80-84	-0.032033328586742016
2156	85-89	-0.013163571262531093
2156	90-94	-0.049290086858533755
2156	95-99	0.020006510623474583
2156	100-104	-0.06391592667755219
2156	105-109	-0.08011941194476435
2156	110-114	-0.11984055180091246
2156	115-119	-0.09100803162513671
2156	120-124	-0.059578082201419136
2156	125-129	-0.12064512289829565
2156	130-134	-0.16671239856372466
2156	135-139	-0.11460619385850634
2156	140-144	-0.21931636449027536
2156	145-149	-0.2672432178127977
2156	150	-0.23087513118679226
2157	1	0.005691822607694519
2157	2	0.012043580913513097
2157	3	0.02641315765770713
2157	4	0.01841296683045357
2157	5	0.053560373983955856
2157	6	0.04706026916989714
2157	7	0.05561991111492404
2157	8	0.056702136427986716
2157	9	0.06675129584740347
2157	10-14	0.03359707174335114
2157	15-19	0.032633333215002835
2157	20-24	0.036104198583146285
2157	25-29	0.03475577829798482
2157	30-34	0.017542128332607376
2157	35-39	0.045882941343933226
2157	40-44	-2.3683874666602378E-4
2157	45-49	0.0010295194869485158
2157	50-54	-0.007326296247576636
2157	55-59	0.010001025954224474
2157	60-64	-0.0016602652108730354
2157	65-69	0.019402053181977408
2157	70-74	-0.03288126128767743
2157	75-79	-0.06694648694882943
2157	80-84	-0.04854575302352515
2157	85-89	-0.009962293808193579
2157	90-94	-0.05264752497180325
2157	95-99	-0.06667064987679083
2157	100-104	-0.06190479229734791
2157	105-109	-0.09609089825636374
2157	110-114	-0.12450936057955175
2157	115-119	-0.10822666270159687
2157	120-124	-0.10400478898118592
2157	125-129	-0.16144330710654486
2157	130-134	-0.09752123981920136
2157	135-139	-0.17309724908277957
2157	140-144	-0.21202979105873254
2157	145-149	-0.24012449755747411
2157	150	-0.1811445273204484
2158	1	0.05531984569051929
2158	2	0.01542518925145231
2158	3	0.03226778815670883
2158	4	-0.08104833385080212
2158	5	-0.017514280781163905
2158	6	-0.04594081980444997
2158	7	0.08855720505653863
2158	8	0.019774223100057498
2158	9	0.06374150365286368
2158	10-14	0.03544086823377057
2158	15-19	0.018277007088613573
2158	20-24	0.009447607072864628
2158	25-29	0.02704180984395066
2158	30-34	0.02877230492651961
2158	35-39	0.0023476975894496377
2158	40-44	-0.01711195396786991
2158	45-49	-0.00879335068929521
2158	50-54	-0.001649674468943374
2158	55-59	0.006686106576907491
2158	60-64	-0.02548646661967524
2158	65-69	-0.029278122768836568
2158	70-74	-0.02489659267457256
2158	75-79	-0.05204818171875303
2158	80-84	-0.02758998510368116
2158	85-89	-0.08246575580341897
2158	90-94	-0.05272330300967809
2158	95-99	-0.055564204777823534
2158	100-104	-0.0707814123610575
2158	105-109	-0.1347198409651611
2158	110-114	-0.1401029587823217
2158	115-119	-0.13722266265015293
2158	120-124	-0.12351282123883323
2158	125-129	-0.15633254469588564
2158	130-134	-0.166355587099126
2158	135-139	-0.16973193248706764
2158	140-144	-0.2403118054040405
2158	145-149	-0.2554661739777515
2158	150	-0.2620826529983802
2159	1	0.09339044541091823
2159	2	0.03394526366526662
2159	3	0.04629000226616142
2159	4	-0.03578313015535883
2159	5	0.02946498246750906
2159	6	-0.01274621625589134
2159	7	0.027141393571525896
2159	8	0.038057489460392446
2159	9	0.043839071556320164
2159	10-14	0.05961179481537471
2159	15-19	0.06220047618479185
2159	20-24	0.0072142117848912335
2159	25-29	0.03668549528948972
2159	30-34	0.03845631491319068
2159	35-39	0.02491504661019661
2159	40-44	0.019724205139851847
2159	45-49	0.020384109704792763
2159	50-54	9.903994671986993E-4
2159	55-59	0.05413674686494829
2159	60-64	0.042933766703953324
2159	65-69	0.02088596889901595
2159	70-74	0.017594854087228384
2159	75-79	-0.032338352084074984
2159	80-84	0.015126861129097335
2159	85-89	-0.004921108795628015
2159	90-94	-0.024330582495636577
2159	95-99	0.017486271056029068
2159	100-104	0.001380899994408935
2159	105-109	-0.06605849204848369
2159	110-114	-0.05557180247663496
2159	115-119	-0.06123651330903357
2159	120-124	-0.019229634205466084
2159	125-129	-0.01749052221649805
2159	130-134	-0.09204547581106937
2159	135-139	-0.04242132135382093
2159	140-144	-0.14810327016367353
2159	145-149	-0.2059098505523309
2159	150	-0.07015415047825968
2160	1	-0.0018407478235360486
2160	2	0.029738916073348776
2160	3	0.04856833874751487
2160	4	-0.011618221444699373
2160	5	0.026896868056638823
2160	6	0.012044349348030892
2160	7	0.026716711693893558
2160	8	0.03309472374674982
2160	9	-0.004692305110324924
2160	10-14	0.045807434964089566
2160	15-19	0.026603891889031672
2160	20-24	0.02471004290765677
2160	25-29	0.015957195611953523
2160	30-34	0.004647048594684122
2160	35-39	0.03233690947332235
2160	40-44	0.002365848575863083
2160	45-49	-0.026133660889556154
2160	50-54	0.028000294353120125
2160	55-59	0.05634375421153237
2160	60-64	0.010974288450810832
2160	65-69	-0.03927663497238143
2160	70-74	-0.015213902942328161
2160	75-79	-0.030427368613580086
2160	80-84	-0.034482854844441135
2160	85-89	-0.01778119412184509
2160	90-94	-0.0568382275395507
2160	95-99	-0.05551936925679968
2160	100-104	-0.1117527057422052
2160	105-109	-0.10896603116625414
2160	110-114	-0.15177840436781054
2160	115-119	-0.1709436224974752
2160	120-124	-0.12421998087196329
2160	125-129	-0.16411962043512318
2160	130-134	-0.17514845357141695
2160	135-139	-0.15952486348005834
2160	140-144	-0.22850654374075674
2160	145-149	-0.28904953918233645
2160	150	-0.22264962654871567
2161	1	-0.013704014333427494
2161	2	-0.061506845910187735
2161	3	0.0258650715281874
2161	4	-0.05978968790753214
2161	5	0.03967024975128197
2161	6	-5.871489782549588E-5
2161	7	0.05111581605189741
2161	8	0.018156266600072968
2161	9	0.030206113837223825
2161	10-14	-0.003591027437906291
2161	15-19	0.027114108058761133
2161	20-24	0.003763875688221674
2161	25-29	0.004157569279989559
2161	30-34	-0.015924286080021943
2161	35-39	-0.029504246112963983
2161	40-44	-0.021175972838868518
2161	45-49	-0.03738210392823049
2161	50-54	-0.04586998717296353
2161	55-59	-0.05219037003664795
2161	60-64	-0.09091150595223496
2161	65-69	-0.04173850473089402
2161	70-74	-0.09703302997929342
2161	75-79	-0.07564429728729039
2161	80-84	-0.11909120224736824
2161	85-89	-0.07877277292013218
2161	90-94	-0.1464792524485503
2161	95-99	-0.12541522802744254
2161	100-104	-0.17217714156349473
2161	105-109	-0.24167396742486602
2161	110-114	-0.2576393513571631
2161	115-119	-0.26353841243350473
2161	120-124	-0.2539222589826622
2161	125-129	-0.27032909385973625
2161	130-134	-0.2782131931375744
2161	135-139	-0.2956192149406789
2161	140-144	-0.37654591886708033
2161	145-149	-0.4585832167042554
2161	150	-0.40396376160965985
2162	1	-0.030784944749157717
2162	2	-0.05764963546009483
2162	3	-3.940718257950948E-4
2162	4	-0.023136768388866358
2162	5	-0.031023150229003704
2162	6	-0.012215538227373202
2162	7	-0.006615708814983634
2162	8	0.008507339288257754
2162	9	0.033641362377203166
2162	10-14	0.018241338096316895
2162	15-19	-0.00820913877518592
2162	20-24	-0.014166690246668168
2162	25-29	0.004533415311854583
2162	30-34	-0.036640991686851976
2162	35-39	-0.017616311162008458
2162	40-44	-0.0503403190714522
2162	45-49	-0.03172930857810741
2162	50-54	-0.0555385129209327
2162	55-59	-0.08787194341643101
2162	60-64	-0.07001851187072106
2162	65-69	-0.06863513865346249
2162	70-74	-0.11570322573599157
2162	75-79	-0.13028964233521378
2162	80-84	-0.159718121571089
2162	85-89	-0.1649276715424861
2162	90-94	-0.14662666300652205
2162	95-99	-0.23361719792473679
2162	100-104	-0.21938159924404488
2162	105-109	-0.2729001449369406
2162	110-114	-0.2974127858555988
2162	115-119	-0.3380317109729418
2162	120-124	-0.38569991320847663
2162	125-129	-0.4068131988377388
2162	130-134	-0.45812964153929414
2162	135-139	-0.4493868884192551
2162	140-144	-0.5533969228118636
2162	145-149	-0.6480718769922476
2162	150	-0.590206455270696
2163	1	-0.017382946788380593
2163	2	-0.03867414777974432
2163	3	-0.03433612537029518
2163	4	0.027079436755464315
2163	5	-0.013027596020506849
2163	6	-0.04036415554993056
2163	7	0.0972428784331072
2163	8	-0.03156525061582016
2163	9	-0.02381115827773783
2163	10-14	-0.005236401579239214
2163	15-19	-0.02061994139851464
2163	20-24	1.9294420375359778E-4
2163	25-29	-0.012095522845385176
2163	30-34	-0.027436646269556775
2163	35-39	-0.0237171434063157
2163	40-44	-0.10356767497437147
2163	45-49	-0.09083006750691425
2163	50-54	-0.09358374027078753
2163	55-59	-0.06349091142138974
2163	60-64	-0.07526782614403515
2163	65-69	-0.09140678203175412
2163	70-74	-0.11337319109630073
2163	75-79	-0.1443647824093972
2163	80-84	-0.09732194425640728
2163	85-89	-0.11634020426046732
2163	90-94	-0.1119000580206233
2163	95-99	-0.19818049074306288
2163	100-104	-0.2184103578161043
2163	105-109	-0.23604943116896493
2163	110-114	-0.2794164758172002
2163	115-119	-0.2618404285639002
2163	120-124	-0.2522947256455055
2163	125-129	-0.3430034684347021
2163	130-134	-0.3937590853467441
2163	135-139	-0.36633690312014267
2163	140-144	-0.44997732157260373
2163	145-149	-0.5406329990670997
2163	150	-0.3819178733663193
2164	1	-0.009592128029346725
2164	2	-0.04683502869232825
2164	3	-0.012166077052647495
2164	4	-0.010242577088348526
2164	5	-0.037074792898600606
2164	6	-0.015171059769912176
2164	7	-0.03072057255632643
2164	8	-0.03999445599368556
2164	9	0.027832186061935715
2164	10-14	-0.022868318151552103
2164	15-19	-0.009087100333751152
2164	20-24	-0.027721129524039156
2164	25-29	-0.01415034614738886
2164	30-34	-0.03126991707047466
2164	35-39	-0.05035551313123676
2164	40-44	-0.08703285742912925
2164	45-49	-0.0717598377080435
2164	50-54	-0.08802056522946344
2164	55-59	-0.09288326637140898
2164	60-64	-0.1067270974412935
2164	65-69	-0.11370323528379345
2164	70-74	-0.1596008987542632
2164	75-79	-0.1766013659990051
2164	80-84	-0.15568980228940887
2164	85-89	-0.17667618134805707
2164	90-94	-0.18290539425057517
2164	95-99	-0.2285931522790463
2164	100-104	-0.26161982422198093
2164	105-109	-0.2778955911673364
2164	110-114	-0.29506729282482524
2164	115-119	-0.29376072181649704
2164	120-124	-0.32172159335539163
2164	125-129	-0.35855589445888825
2164	130-134	-0.38454811965987545
2164	135-139	-0.44412073870691415
2164	140-144	-0.46475333346163694
2164	145-149	-0.5932207770935278
2164	150	-0.4375632030611243
2165	1	0.016863475753694956
2165	2	-0.06968708572506443
2165	3	-0.001225775912892857
2165	4	-0.005636663231960881
2165	5	-0.0398111105555401
2165	6	-0.07764420349447931
2165	7	-0.04143655207594321
2165	8	-0.038278700181180625
2165	9	-0.08053364509574834
2165	10-14	-0.014327563687622558
2165	15-19	-0.046007842049597514
2165	20-24	-0.014667363911861742
2165	25-29	-0.02166977998484043
2165	30-34	-0.07495665411880736
2165	35-39	-0.07721285994350069
2165	40-44	-0.11437473466604331
2165	45-49	-0.08129989743220278
2165	50-54	-0.12635318658122685
2165	55-59	-0.1035033935512999
2165	60-64	-0.10689884935921157
2165	65-69	-0.11275336841397632
2165	70-74	-0.15729503494276287
2165	75-79	-0.10005730399348067
2165	80-84	-0.14613705701198398
2165	85-89	-0.1736296500814163
2165	90-94	-0.20108126993515185
2165	95-99	-0.2129493108893925
2165	100-104	-0.242895626985991
2165	105-109	-0.26234790135540464
2165	110-114	-0.3102985170905228
2165	115-119	-0.3282361761926822
2165	120-124	-0.3356019290993473
2165	125-129	-0.3655129959948624
2165	130-134	-0.4202405856194744
2165	135-139	-0.3547738114548977
2165	140-144	-0.44833582294162255
2165	145-149	-0.5368225706298446
2165	150	-0.5949683159642802
2166	1	0.0042700242084308115
2166	2	0.016216025089796915
2166	3	5.753011292384258E-4
2166	4	-0.024408818608904426
2166	5	-0.03165793992161525
2166	6	-0.015113773753199666
2166	7	0.03207176331930128
2166	8	-0.02169367467251959
2166	9	0.015198943880037064
2166	10-14	-0.005412178456218442
2166	15-19	-0.01644574183495706
2166	20-24	-0.01476312828582138
2166	25-29	-0.04830856709370579
2166	30-34	-0.030684174198363223
2166	35-39	-0.0418392047410876
2166	40-44	-0.0614400395743786
2166	45-49	-0.033259464351615975
2166	50-54	-0.07566820005765607
2166	55-59	-0.08610497423990182
2166	60-64	-0.08347887869997805
2166	65-69	-0.12378180834816277
2166	70-74	-0.09765502893378653
2166	75-79	-0.15374745802753154
2166	80-84	-0.16934635251325147
2166	85-89	-0.15835421962591312
2166	90-94	-0.20884401326769364
2166	95-99	-0.1861270759597602
2166	100-104	-0.20043232658396448
2166	105-109	-0.24544413714371416
2166	110-114	-0.3203798400395925
2166	115-119	-0.2869598131443212
2166	120-124	-0.2760466596924189
2166	125-129	-0.3017119428184003
2166	130-134	-0.34083687831098786
2166	135-139	-0.27176493318266637
2166	140-144	-0.40573635352991033
2166	145-149	-0.44818873136492243
2166	150	-0.379578637360801
2167	1	0.0528812854227354
2167	2	0.015350048200360789
2167	3	0.06330194310285009
2167	4	0.01359579431588287
2167	5	0.024759396280614965
2167	6	-9.296167414873935E-5
2167	7	0.006444728335424088
2167	8	-0.04083720885309816
2167	9	0.04385524961124787
2167	10-14	-9.829773177827406E-4
2167	15-19	0.012153615520439587
2167	20-24	0.03217473335264742
2167	25-29	0.04055596497661895
2167	30-34	0.00422690298653805
2167	35-39	0.04964767507893697
2167	40-44	0.018769413467843776
2167	45-49	0.002351402557664528
2167	50-54	0.014807582884806436
2167	55-59	0.022942062220593584
2167	60-64	0.05847389705876793
2167	65-69	0.02065851075097669
2167	70-74	0.038952740297567345
2167	75-79	-0.011938068814288272
2167	80-84	0.06021408179708487
2167	85-89	0.04151058780124117
2167	90-94	0.02347880543337766
2167	95-99	0.023602721544094152
2167	100-104	-0.0018716316457556559
2167	105-109	-0.03098785309117602
2167	110-114	-0.04588019280313205
2167	115-119	-0.04156869810655195
2167	120-124	-0.05295677322148151
2167	125-129	-0.06612625336565969
2167	130-134	-0.09190414856663409
2167	135-139	-0.10948574539199285
2167	140-144	-0.1223575984166132
2167	145-149	-0.17822685407526961
2167	150	-0.08988411062878754
2168	1	0.07369584886116343
2168	2	0.10778336517130782
2168	3	0.05956190128506478
2168	4	0.07606483924536178
2168	5	0.014676448896480565
2168	6	0.07964903229145648
2168	7	0.049956080982042295
2168	8	0.058249568337636504
2168	9	0.07729026912091541
2168	10-14	0.05192659064746863
2168	15-19	0.04314580456696149
2168	20-24	0.01447576380511606
2168	25-29	0.04145496715444352
2168	30-34	0.019305780246433812
2168	35-39	0.006779101272833543
2168	40-44	0.03167466012493492
2168	45-49	0.013035081068082377
2168	50-54	0.027517614760753872
2168	55-59	0.03208260536681706
2168	60-64	0.00574581143764874
2168	65-69	0.01831146088633062
2168	70-74	0.012421734990269329
2168	75-79	0.00444261827685466
2168	80-84	-0.0017608788678344922
2168	85-89	0.02239890954468393
2168	90-94	0.03562744520557004
2168	95-99	0.005043868366371385
2168	100-104	-0.03650792442950035
2168	105-109	-0.04152006534110342
2168	110-114	-0.0025392357625122486
2168	115-119	-0.020573723202105043
2168	120-124	-0.017522329781243684
2168	125-129	-0.05186735377796481
2168	130-134	-0.010458859965758904
2168	135-139	-0.06343121470353452
2168	140-144	-0.08366340199332711
2168	145-149	-0.16447202311574216
2168	150	-0.04722127140649235
2169	1	0.1260690384915364
2169	2	0.0615095865076114
2169	3	0.06939777787364676
2169	4	0.04507888832675633
2169	5	0.08276945548164605
2169	6	0.07423397104320628
2169	7	0.1277651767548491
2169	8	0.09732509885277096
2169	9	0.09111570544626346
2169	10-14	0.06360604040095552
2169	15-19	0.07281568704850372
2169	20-24	0.08356590880236325
2169	25-29	0.0739671751464428
2169	30-34	0.07269474188460379
2169	35-39	0.025507960971189902
2169	40-44	0.0710279548810675
2169	45-49	0.0019731180743249865
2169	50-54	0.03427613939498997
2169	55-59	0.0437931180998703
2169	60-64	0.015472904717242386
2169	65-69	-0.009331928981843873
2169	70-74	-0.04028208044281456
2169	75-79	-0.042233763430985505
2169	80-84	-0.012968871401824345
2169	85-89	-0.04452382758171325
2169	90-94	-0.048110927792265556
2169	95-99	-0.02089728279788261
2169	100-104	-0.06125851668544868
2169	105-109	-0.08797971883797118
2169	110-114	-0.10076716823511589
2169	115-119	-0.09831025484856326
2169	120-124	-0.0732294658300745
2169	125-129	-0.11094130179986195
2169	130-134	-0.15210688517667137
2169	135-139	-0.14116936028348448
2169	140-144	-0.15109050381418854
2169	145-149	-0.17690647933806503
2169	150	-0.15104603176619236
2170	1	0.08349747290962029
2170	2	0.06520927841244628
2170	3	0.03616773270145046
2170	4	-0.001968526481327615
2170	5	0.05991088081663776
2170	6	0.07427768355744746
2170	7	0.10805598466358646
2170	8	0.04752223448620185
2170	9	0.08445407439185004
2170	10-14	0.05305162261391416
2170	15-19	0.06128960251630389
2170	20-24	0.05722834879848193
2170	25-29	0.07782302480454462
2170	30-34	0.06391340775263643
2170	35-39	0.007231082263274402
2170	40-44	0.04469016590687147
2170	45-49	0.019850474809807395
2170	50-54	0.04308688580437803
2170	55-59	0.04724438762315941
2170	60-64	0.02052050322195953
2170	65-69	0.03958361297657831
2170	70-74	0.016239053907334267
2170	75-79	-0.00935061869026299
2170	80-84	-0.007500238123014924
2170	85-89	-0.002516090987079167
2170	90-94	-0.014414418054393252
2170	95-99	-0.04681791908557642
2170	100-104	0.0035926096793659212
2170	105-109	-0.01798688716991137
2170	110-114	-0.03872428990136001
2170	115-119	-0.05265873673636179
2170	120-124	-0.007383661203675729
2170	125-129	-0.007766082007883313
2170	130-134	-0.050852205921138705
2170	135-139	0.011074197519675977
2170	140-144	-0.07744365981869095
2170	145-149	-0.10792416651413816
2170	150	0.02395535376439284
2171	1	0.09237741443647707
2171	2	0.08568472644244451
2171	3	0.10169077308728447
2171	4	0.057487860376419064
2171	5	0.059761147689116
2171	6	0.013957934138865369
2171	7	0.07115524272272467
2171	8	0.04836393264852035
2171	9	0.09353596646608509
2171	10-14	0.05142457445688109
2171	15-19	0.04211706592491282
2171	20-24	0.055099495123748454
2171	25-29	0.06704210486835649
2171	30-34	0.04380246063619353
2171	35-39	0.028106647892599312
2171	40-44	0.015902984804029074
2171	45-49	0.04029366465407236
2171	50-54	0.09255291668833365
2171	55-59	0.065501846972289
2171	60-64	0.07612771731118784
2171	65-69	0.01768431640871171
2171	70-74	0.03696817234901317
2171	75-79	0.033739828489096624
2171	80-84	0.02414690790993035
2171	85-89	0.048349470406549244
2171	90-94	0.02308095461406623
2171	95-99	0.05373345799662843
2171	100-104	0.005562297402356364
2171	105-109	0.019988253451082016
2171	110-114	0.01481545643082427
2171	115-119	0.009413258258021528
2171	120-124	0.06199560065450527
2171	125-129	-0.007367996093769591
2171	130-134	0.0014228474591888585
2171	135-139	0.002839963908783716
2171	140-144	-0.041526326084195375
2171	145-149	-0.075512324225258
2171	150	0.02535125626475576
2172	1	0.04927814082873283
2172	2	0.004651635239859786
2172	3	0.02646881989922889
2172	4	0.012935802265033658
2172	5	-0.009003985482799237
2172	6	-0.006703889912785144
2172	7	0.012075339575027044
2172	8	0.05708063967031052
2172	9	0.06318891239021696
2172	10-14	0.02617840819377193
2172	15-19	0.009510124843401968
2172	20-24	0.031402965664504734
2172	25-29	0.04186050680540632
2172	30-34	0.024883977988892525
2172	35-39	0.012029166052400342
2172	40-44	-0.04191783844051855
2172	45-49	-0.020723284498465944
2172	50-54	0.012359212087844185
2172	55-59	-0.005910582406237097
2172	60-64	-6.275887929518831E-5
2172	65-69	-0.05095168036287845
2172	70-74	-0.06659922070989666
2172	75-79	-0.06472667675707555
2172	80-84	-0.07218884673090997
2172	85-89	-0.07639629230531852
2172	90-94	-0.07609580083386902
2172	95-99	-0.0822471715433295
2172	100-104	-0.08915925223445242
2172	105-109	-0.053232085531973894
2172	110-114	-0.12161715051026079
2172	115-119	-0.07646244795667201
2172	120-124	-0.10355726455937742
2172	125-129	-0.08265451748198416
2172	130-134	-0.11589757223411112
2172	135-139	-0.0574667350419773
2172	140-144	-0.1164900064716079
2172	145-149	-0.22405146869660086
2172	150	-0.1709360722259632
2173	1	0.1145946526115651
2173	2	0.06478304186060768
2173	3	0.07411088285635259
2173	4	0.05246315802970969
2173	5	0.07093251097213482
2173	6	-0.0047350608220284585
2173	7	0.07064796588343825
2173	8	0.1180620481307173
2173	9	0.10444836805398694
2173	10-14	0.057616858995352516
2173	15-19	0.054526341262722156
2173	20-24	0.05689412785296355
2173	25-29	0.09208542302253164
2173	30-34	0.07866562505729746
2173	35-39	0.046287669006432
2173	40-44	0.05922073189990584
2173	45-49	0.05409554016928553
2173	50-54	0.08338570399450873
2173	55-59	0.09952521771729295
2173	60-64	0.07538693655889972
2173	65-69	0.0635749591081165
2173	70-74	0.02761733796472754
2173	75-79	-0.007067242699541509
2173	80-84	0.02112951880432945
2173	85-89	0.04043964669308053
2173	90-94	0.05308622309111399
2173	95-99	0.04985473160594012
2173	100-104	0.03022340437748028
2173	105-109	0.04823098541867665
2173	110-114	-0.022972472102637198
2173	115-119	0.02701761207108433
2173	120-124	-0.008275643715933256
2173	125-129	0.01977829769310091
2173	130-134	-0.014532574805720344
2173	135-139	0.0244446339870521
2173	140-144	-0.008332008524199352
2173	145-149	-0.040708686549301376
2173	150	0.11346414728086529
2174	1	0.08402001498680534
2174	2	0.08150017437912993
2174	3	0.05450885613690559
2174	4	0.04520424408902102
2174	5	0.003934052298340873
2174	6	-0.012719053451831996
2174	7	0.040190909994656465
2174	8	0.05408101708111701
2174	9	0.025384262408181257
2174	10-14	0.05818218906453154
2174	15-19	0.05358264494098108
2174	20-24	0.07450513162797989
2174	25-29	0.05941332936223631
2174	30-34	0.05179653650903049
2174	35-39	0.035727485026697536
2174	40-44	0.05642292216059985
2174	45-49	0.025219320447618543
2174	50-54	0.08779394069670587
2174	55-59	0.06759383168754596
2174	60-64	0.05332553961701336
2174	65-69	0.05322922504331018
2174	70-74	0.03193159263249612
2174	75-79	0.04472486028809186
2174	80-84	0.009718599446436826
2174	85-89	0.034152311105628996
2174	90-94	3.764303402604696E-4
2174	95-99	0.019428516828234876
2174	100-104	0.018630480787066972
2174	105-109	0.03961433324003849
2174	110-114	-0.01646399741333937
2174	115-119	0.026194404468427024
2174	120-124	0.04382818371804831
2174	125-129	-0.0024622902718434148
2174	130-134	0.019586321220032232
2174	135-139	0.009362122032733566
2174	140-144	-0.010100475342760262
2174	145-149	-0.017178960979975955
2174	150	0.11193897098380035
2175	1	0.059058476791044257
2175	2	0.08011446053914284
2175	3	0.05274559155215286
2175	4	0.03744906281754368
2175	5	-0.0027048100489182048
2175	6	0.12316016130125007
2175	7	0.11865393295111915
2175	8	0.019718873673397752
2175	9	0.04499543749142276
2175	10-14	0.0616677593179773
2175	15-19	0.004621349232053262
2175	20-24	0.027501529714299977
2175	25-29	0.035676150748912505
2175	30-34	0.051167955352262595
2175	35-39	0.041171481980320834
2175	40-44	0.02833132495761248
2175	45-49	0.01735231882246069
2175	50-54	0.01382165664871593
2175	55-59	0.03286655503874414
2175	60-64	0.02473221663230163
2175	65-69	0.04549640784257036
2175	70-74	0.0036794892476663676
2175	75-79	0.022021014819642915
2175	80-84	0.04423287297954204
2175	85-89	0.015314371674151062
2175	90-94	-0.012820947032700758
2175	95-99	8.826529106897851E-5
2175	100-104	-0.01202504823732653
2175	105-109	-0.02545120835472403
2175	110-114	0.04450845855321006
2175	115-119	-0.018716104697389824
2175	120-124	-0.013674365220630591
2175	125-129	-0.017252626061655008
2175	130-134	0.014250270693985101
2175	135-139	0.009695300618425051
2175	140-144	0.012503380951756071
2175	145-149	-0.06244978715439231
2175	150	-0.02490527017375399
2176	1	0.06659236495456611
2176	2	0.020195060213559657
2176	3	0.05296045785041059
2176	4	0.04090614013330196
2176	5	0.04754412865938207
2176	6	0.005092344640587498
2176	7	0.09840655901850681
2176	8	0.02578158760262994
2176	9	0.023765063442453993
2176	10-14	0.03712717725097292
2176	15-19	0.029711672266373057
2176	20-24	0.06201758851523209
2176	25-29	0.06433450024209719
2176	30-34	0.022948904493247824
2176	35-39	0.04134428305341231
2176	40-44	-0.0013413201658281082
2176	45-49	-0.010771325065007886
2176	50-54	-0.006509003051007767
2176	55-59	0.006685745946242605
2176	60-64	0.03038544924560682
2176	65-69	0.008184806519544452
2176	70-74	-0.010842009313314804
2176	75-79	-0.023894487715146795
2176	80-84	-0.022090197663644062
2176	85-89	-0.026386689438041344
2176	90-94	-0.016977612121927166
2176	95-99	-0.019804003808957304
2176	100-104	-0.009764718130895744
2176	105-109	-0.029318590552556145
2176	110-114	-0.02206030932636338
2176	115-119	-0.06075389878178328
2176	120-124	-0.05187820544626476
2176	125-129	-0.009646443571654117
2176	130-134	-0.07902184844520121
2176	135-139	-0.07638030740041302
2176	140-144	-0.07060692433154259
2176	145-149	-0.06668866103959203
2176	150	-0.016866630983784603
2177	1	0.12222254670165
2177	2	0.07915041193394501
2177	3	0.06991681872257516
2177	4	0.07539773375463454
2177	5	0.05505343635451965
2177	6	0.0393212488787924
2177	7	0.11936630608949628
2177	8	0.05939213695352663
2177	9	0.05211046845853673
2177	10-14	0.08270566385020572
2177	15-19	0.06237666720257096
2177	20-24	0.07861015377948632
2177	25-29	0.07627310118921571
2177	30-34	0.09098496649176724
2177	35-39	0.07445278257802102
2177	40-44	0.058624053658675734
2177	45-49	0.04616249652740834
2177	50-54	0.04565737241077272
2177	55-59	0.062019529159471176
2177	60-64	0.031694969087631364
2177	65-69	0.030236853193557067
2177	70-74	0.06706210938025947
2177	75-79	0.0404037643974533
2177	80-84	0.05311026883024539
2177	85-89	0.0807530912444463
2177	90-94	0.020477245105603004
2177	95-99	0.05151341475786353
2177	100-104	0.01582621623030178
2177	105-109	0.08931072490332781
2177	110-114	0.07549683861626022
2177	115-119	-0.014602675031348156
2177	120-124	0.03529641793145544
2177	125-129	0.009679959290487261
2177	130-134	-0.015068138666137543
2177	135-139	0.017574355490040716
2177	140-144	-0.019007575843673408
2177	145-149	-0.0342617529010667
2177	150	-0.035434896365657664
2178	1	0.11968433891653518
2178	2	0.011617671155399023
2178	3	0.02808323372667587
2178	4	0.11671038991709537
2178	5	0.048516476601655256
2178	6	0.01809075836071372
2178	7	0.0035880772813285944
2178	8	0.0846704937758318
2178	9	0.07590166429651646
2178	10-14	0.046906826032717674
2178	15-19	0.07737654468078858
2178	20-24	0.05108407142625282
2178	25-29	0.07256347951113895
2178	30-34	0.038755365735340774
2178	35-39	0.04283903546468082
2178	40-44	0.032677446117929776
2178	45-49	0.042937807627119184
2178	50-54	0.06285275578989058
2178	55-59	0.05059517537739566
2178	60-64	0.0500459441498009
2178	65-69	0.042038827568759984
2178	70-74	0.06375617586142823
2178	75-79	0.04309087840102421
2178	80-84	0.013788253693320485
2178	85-89	0.003412143534205825
2178	90-94	0.05550402667798693
2178	95-99	0.03453819035288319
2178	100-104	0.01883830870805525
2178	105-109	0.08819662163182329
2178	110-114	0.006684843648955052
2178	115-119	0.04787642232953715
2178	120-124	0.04801548899663288
2178	125-129	0.030140928496955155
2178	130-134	0.005122310887422543
2178	135-139	-0.0369524864982651
2178	140-144	-0.040722449903952906
2178	145-149	-0.009861750535122837
2178	150	-0.0395522620965707
2179	1	0.09010260156264138
2179	2	0.01799315016020131
2179	3	0.039025344714865184
2179	4	0.007328098305812603
2179	5	0.04406355683480001
2179	6	0.06982158909701752
2179	7	0.008538461624404192
2179	8	0.1038218251159364
2179	9	0.02349826482866746
2179	10-14	0.015308838169332262
2179	15-19	0.02570259114963136
2179	20-24	0.042071312873360966
2179	25-29	0.04049705638692558
2179	30-34	0.024109822958877203
2179	35-39	-0.008019481221687386
2179	40-44	-0.023734150756020256
2179	45-49	0.00690306021169107
2179	50-54	0.025990841660963326
2179	55-59	8.704053545471879E-4
2179	60-64	0.024321245012487225
2179	65-69	0.01832955616237797
2179	70-74	0.013923516362631005
2179	75-79	-0.014112062673682146
2179	80-84	-0.00498860791701361
2179	85-89	-0.0300117798283992
2179	90-94	-0.008933374219388668
2179	95-99	-0.007903301652667949
2179	100-104	-0.0532969240201453
2179	105-109	0.03097435580936292
2179	110-114	-0.03037255422735541
2179	115-119	-0.038417183879367656
2179	120-124	-0.0476726028237735
2179	125-129	-0.052395912995372385
2179	130-134	-0.0514965417963964
2179	135-139	-0.0662524327433971
2179	140-144	-0.11905725579995163
2179	145-149	-0.15531220702955295
2179	150	-0.06279871001384407
2180	1	0.04646492551759707
2180	2	-0.043628442559530356
2180	3	0.03520854918910743
2180	4	0.03313691633110949
2180	5	-0.0019679040316020746
2180	6	0.05914350155838832
2180	7	0.03162680228292203
2180	8	0.1178628675378448
2180	9	0.038397369765945655
2180	10-14	0.034874845034686075
2180	15-19	0.02451704475501515
2180	20-24	0.032736140223576626
2180	25-29	0.01459049794051026
2180	30-34	0.010957940332929184
2180	35-39	0.003888809604177368
2180	40-44	-0.01130028594578647
2180	45-49	-0.06973642306870431
2180	50-54	-0.060410578462438025
2180	55-59	-0.012980588624898814
2180	60-64	-0.0577399443408666
2180	65-69	-0.04152599333340845
2180	70-74	-0.05039075010299143
2180	75-79	-0.03164981678273904
2180	80-84	-0.06807220057257979
2180	85-89	-0.05911075002504873
2180	90-94	-0.1116149265169355
2180	95-99	-0.1009079106375168
2180	100-104	-0.07551980212264908
2180	105-109	-0.03922110364547393
2180	110-114	-0.10955671044092696
2180	115-119	-0.17452206769230827
2180	120-124	-0.07626126964014901
2180	125-129	-0.1212794265175603
2180	130-134	-0.17563585932444425
2180	135-139	-0.1489703008472958
2180	140-144	-0.13544791806079814
2180	145-149	-0.16212336697523
2180	150	-0.21651936917353254
2181	1	0.03047505064436251
2181	2	0.017298416441960285
2181	3	-0.02307571560797328
2181	4	0.0765930341275407
2181	5	-0.012259600309739938
2181	6	-0.018277731929060792
2181	7	-0.060773975999694585
2181	8	0.014366557992168794
2181	9	-0.00517868446895875
2181	10-14	-0.0029962911674275006
2181	15-19	-0.03584118883092202
2181	20-24	-0.026081477071123516
2181	25-29	0.002627729873516671
2181	30-34	-0.01733503888713983
2181	35-39	-0.05270660321298948
2181	40-44	-0.028056369938546766
2181	45-49	-0.06610126833046337
2181	50-54	-0.05195650219393855
2181	55-59	-0.053498918458089406
2181	60-64	-0.07570372917925994
2181	65-69	-0.11839003609104282
2181	70-74	-0.08346973088281828
2181	75-79	-0.12020239743906558
2181	80-84	-0.13371350384993974
2181	85-89	-0.1079292563292995
2181	90-94	-0.1003724691241743
2181	95-99	-0.15304933236075868
2181	100-104	-0.13981610315086357
2181	105-109	-0.09788182938601864
2181	110-114	-0.20213932577927096
2181	115-119	-0.2289367773401949
2181	120-124	-0.1616757211026254
2181	125-129	-0.19705659920101937
2181	130-134	-0.2147812390033792
2181	135-139	-0.18527726999015215
2181	140-144	-0.2306219270413976
2181	145-149	-0.2914919945201575
2181	150	-0.24542884191633618
2182	1	0.0795363391034698
2182	2	0.049711724694482484
2182	3	-0.0026957564464851203
2182	4	0.05950701562656491
2182	5	0.007100513960025978
2182	6	-0.02214853435687303
2182	7	-3.9355076167169045E-4
2182	8	0.05468817499788514
2182	9	-0.009185732745521591
2182	10-14	-0.0050593899866768766
2182	15-19	0.023080816654321268
2182	20-24	0.013488809834484528
2182	25-29	0.015768552556998827
2182	30-34	0.027016056985829096
2182	35-39	0.014727443209544333
2182	40-44	0.017274528223801155
2182	45-49	-0.03579530986551305
2182	50-54	-0.007776192333523113
2182	55-59	-0.03233805490454955
2182	60-64	-0.008009553134314729
2182	65-69	-0.017563278921358005
2182	70-74	0.009576956966135697
2182	75-79	-0.01420221179751735
2182	80-84	-0.041901340162489475
2182	85-89	-0.019070723787052657
2182	90-94	-0.027622341143825224
2182	95-99	-0.03138027442162894
2182	100-104	-0.06691498951990127
2182	105-109	-0.039366825496045976
2182	110-114	-0.07696478314250754
2182	115-119	-0.09217228957342627
2182	120-124	-0.10215570681101127
2182	125-129	-0.11352215463286086
2182	130-134	-0.16223259338313056
2182	135-139	-0.10740675999115723
2182	140-144	-0.12143198936019672
2182	145-149	-0.1665270179884999
2182	150	-0.19572872350080672
2183	1	0.05885796144832511
2183	2	-0.020552725563803165
2183	3	0.0635458468797907
2183	4	0.014188964909429558
2183	5	-0.03781766336077652
2183	6	-0.014679806722348587
2183	7	0.023544757477210965
2183	8	0.044852569127421305
2183	9	0.0643442268644634
2183	10-14	0.04452564089391586
2183	15-19	0.04008483794130768
2183	20-24	0.05475328016048309
2183	25-29	0.051323368037131445
2183	30-34	0.04051501503855093
2183	35-39	0.021393378202724023
2183	40-44	0.027910377952522936
2183	45-49	0.0506545686984623
2183	50-54	8.682117352023511E-4
2183	55-59	-1.989154609773891E-4
2183	60-64	0.03721057566330899
2183	65-69	0.010499489145381347
2183	70-74	-0.02351112297554181
2183	75-79	-0.010976869575138437
2183	80-84	-0.0037525297792413426
2183	85-89	-0.04257868956704414
2183	90-94	-0.04228262418406814
2183	95-99	-0.03912290634316662
2183	100-104	-0.0809174855823116
2183	105-109	-0.042702410518835165
2183	110-114	-0.02876245122278931
2183	115-119	-0.0709371720275982
2183	120-124	-0.09665841530286201
2183	125-129	-0.09808786645152878
2183	130-134	-0.16347961459204186
2183	135-139	-0.16595097493966193
2183	140-144	-0.12557102272786125
2183	145-149	-0.18715150633153144
2183	150	-0.221198416764544
2184	1	0.10176606098371366
2184	2	0.02258125321266391
2184	3	0.04536648634088891
2184	4	0.0554198431081403
2184	5	0.009924209284754681
2184	6	0.029460312936073763
2184	7	0.04451730115441421
2184	8	0.12270989687897327
2184	9	0.022007782533712827
2184	10-14	0.04770805922574084
2184	15-19	0.021491591144204847
2184	20-24	0.03530736455108752
2184	25-29	-0.0029654520786337457
2184	30-34	0.006583496218695473
2184	35-39	0.005265291185317267
2184	40-44	0.015169466639875395
2184	45-49	-0.0010215051162418831
2184	50-54	0.01212387507609236
2184	55-59	-0.027630837752752768
2184	60-64	-0.00812179401810198
2184	65-69	0.012431356406750638
2184	70-74	-0.013195814587078303
2184	75-79	-0.08689716954831539
2184	80-84	-0.04433660541003093
2184	85-89	-0.00826352255967322
2184	90-94	-0.042817995836323064
2184	95-99	-0.049541147853815914
2184	100-104	-0.06008708002939045
2184	105-109	-0.08204076506719815
2184	110-114	-0.10029952107431228
2184	115-119	-0.11529615518291081
2184	120-124	-0.10955157252928416
2184	125-129	-0.14197263647839264
2184	130-134	-0.16424789189178313
2184	135-139	-0.20941352084820863
2184	140-144	-0.16873188097408587
2184	145-149	-0.16975331372265146
2184	150	-0.1604186685098128
2185	1	0.10299326551700716
2185	2	-0.015038042245791416
2185	3	0.0812628143583467
2185	4	0.07690238507397851
2185	5	0.03459605403256205
2185	6	-3.229795863290974E-4
2185	7	0.035750117073014565
2185	8	0.03671272100952905
2185	9	0.009394809885428401
2185	10-14	0.0270450059069276
2185	15-19	0.025423408999422747
2185	20-24	0.03974360497485918
2185	25-29	0.01100505353396386
2185	30-34	0.036750286478202554
2185	35-39	0.029567446555098797
2185	40-44	0.054409542330013494
2185	45-49	-4.146759032366276E-4
2185	50-54	0.008128667218933572
2185	55-59	0.02159463506245629
2185	60-64	0.024524913307757856
2185	65-69	-0.012346170456730476
2185	70-74	0.0031911217525575353
2185	75-79	-0.024013078065152627
2185	80-84	-0.06512853674694696
2185	85-89	-0.02457596868934786
2185	90-94	-0.01869889220969867
2185	95-99	-0.055827044737114306
2185	100-104	-0.08497001070053045
2185	105-109	-0.013374615892871589
2185	110-114	-0.042285124040255084
2185	115-119	-0.07310992692843143
2185	120-124	-0.12445930178235898
2185	125-129	-0.11372586108481642
2185	130-134	-0.20697051602378025
2185	135-139	-0.14293393603880133
2185	140-144	-0.10673497656199515
2185	145-149	-0.22435045765624295
2185	150	-0.1918806400346753
2186	1	0.12418696011364005
2186	2	0.060237463250622625
2186	3	0.015590096883926208
2186	4	0.08546739600112829
2186	5	0.027436672482416213
2186	6	0.07618325694320305
2186	7	0.037864164598858
2186	8	0.009221928076854624
2186	9	0.018303932830463054
2186	10-14	0.02795369768328726
2186	15-19	0.03454059086275407
2186	20-24	0.051656334247404345
2186	25-29	0.03985909527606424
2186	30-34	0.05039280124731249
2186	35-39	0.05679448163240863
2186	40-44	0.03735476926325987
2186	45-49	0.03829159176204655
2186	50-54	-0.002338315149032155
2186	55-59	0.02964335885541658
2186	60-64	0.03571597102965285
2186	65-69	0.007993827484334304
2186	70-74	0.05087706723728047
2186	75-79	0.025614913076182688
2186	80-84	-0.015710477757991725
2186	85-89	0.004946124631331372
2186	90-94	-0.013775188465352528
2186	95-99	-0.007259618095950771
2186	100-104	9.550741749677627E-4
2186	105-109	0.003444660248874243
2186	110-114	-0.013463815168833548
2186	115-119	-0.024577680272976465
2186	120-124	-0.014629476165566757
2186	125-129	-0.07860484434316817
2186	130-134	-0.10648754376218506
2186	135-139	-0.08642703954616593
2186	140-144	-0.09627444223388437
2186	145-149	-0.07296201899170285
2186	150	-0.11615027973677883
2187	1	0.12139788597411894
2187	2	0.05724675618363051
2187	3	-0.028618656961199918
2187	4	0.04204422711007538
2187	5	-0.020138252226921338
2187	6	-0.030710703968360065
2187	7	-0.037940349285563
2187	8	-0.012989413318301501
2187	9	0.039883226271356875
2187	10-14	-0.005357400351364561
2187	15-19	0.010259862332411274
2187	20-24	0.01124774628426195
2187	25-29	-0.005475745280634214
2187	30-34	0.005178886039942654
2187	35-39	-0.014495924761583012
2187	40-44	-0.013118783838905301
2187	45-49	-0.046491833336666843
2187	50-54	0.006598289059212448
2187	55-59	-0.0011764245339165313
2187	60-64	-0.01567866261281381
2187	65-69	-0.029663673416990832
2187	70-74	-0.00374024383093996
2187	75-79	0.019945251957423693
2187	80-84	-0.054123019434896946
2187	85-89	-0.021714394751910504
2187	90-94	-0.021511026696977353
2187	95-99	-0.030457840048264018
2187	100-104	-0.030950132016052123
2187	105-109	-0.020691551988448964
2187	110-114	-0.07797864790667575
2187	115-119	-0.03447014207691268
2187	120-124	-0.06556255212402817
2187	125-129	-0.05411240667968542
2187	130-134	-0.0892339675864875
2187	135-139	-0.08922378509495843
2187	140-144	-0.0956184660115511
2187	145-149	-0.13443566570137477
2187	150	-0.05635659548833871
2188	1	0.08070969367947356
2188	2	-0.04645027669398871
2188	3	-0.030293014589986456
2188	4	-0.01515069308094752
2188	5	-0.02041776864401612
2188	6	-0.008224311879615698
2188	7	-0.03280131635438721
2188	8	0.0017519546686770582
2188	9	0.003378793329680718
2188	10-14	-0.024400401076853484
2188	15-19	-0.028584317516980207
2188	20-24	-0.02981985146425359
2188	25-29	0.0039347602355874756
2188	30-34	-0.005688351726433893
2188	35-39	-0.002061107484038871
2188	40-44	-0.014202114202952032
2188	45-49	-0.024044351113865048
2188	50-54	-0.04826469571437997
2188	55-59	-0.03592855361304004
2188	60-64	-0.06674340774423371
2188	65-69	-0.03460644924323475
2188	70-74	-0.07074370239198657
2188	75-79	-0.05900585464928554
2188	80-84	-0.09949309853862331
2188	85-89	-0.06815182808806242
2188	90-94	-0.05137962499093618
2188	95-99	-0.08467756282784933
2188	100-104	-0.08357807126057537
2188	105-109	-0.0735955710160141
2188	110-114	-0.09736844822980828
2188	115-119	-0.09063881587140088
2188	120-124	-0.08260907929989969
2188	125-129	-0.1103365831683476
2188	130-134	-0.18507038001040854
2188	135-139	-0.09567803158342514
2188	140-144	-0.14469929817456517
2188	145-149	-0.12388426620069026
2188	150	-0.2316290436136157
2201	1	-0.030205799278270717
2201	2	-0.06213529590014133
2201	3	-0.07894858437231989
2201	4	-0.043319707165458965
2201	5	-0.05530893381686752
2201	6	-0.05239844760304635
2201	7	-0.06321104746834294
2201	8	-0.05266545890366814
2201	9	-0.04239585455763972
2201	10-14	-0.02568081080796958
2201	15-19	-0.01654846604450455
2201	20-24	-0.0789235646524773
2201	25-29	-0.04683348560308076
2201	30-34	-0.04448476657918121
2201	35-39	-0.05987160684383497
2201	40-44	-0.046852562346366255
2201	45-49	-0.05829531142116906
2201	50-54	-0.10133767906906144
2201	55-59	-0.08387989804325713
2201	60-64	-0.08194827330120802
2201	65-69	-0.0823337219705138
2201	70-74	-0.1347321787043967
2201	75-79	-0.09149625157629515
2201	80-84	-0.14312306012632803
2201	85-89	-0.12359356944529765
2201	90-94	-0.14715427287826088
2201	95-99	-0.07379408011338029
2201	100-104	-0.14779061927593773
2201	105-109	-0.15618199867286364
2201	110-114	-0.17518534963825516
2201	115-119	-0.29083087733106083
2201	120-124	-0.23664236995291077
2201	125-129	-0.2742930492374924
2201	130-134	-0.2923687154777568
2201	135-139	-0.25217611096882564
2201	140-144	-0.3476122303128477
2201	145-149	-0.36162434302526947
2201	150	-0.4083255865073383
2202	1	0.0014691640767523495
2202	2	-0.0314229572119018
2202	3	-0.015717021712205792
2202	4	-0.0788958966375759
2202	5	-0.027281100948535197
2202	6	-0.019081259452086385
2202	7	-0.05654879144140068
2202	8	-0.028569308994882192
2202	9	-0.010368753060980396
2202	10-14	-0.04166289118347066
2202	15-19	-0.015550041855057373
2202	20-24	-0.030471862176099762
2202	25-29	-0.028038191236163357
2202	30-34	-0.0165054711203112
2202	35-39	-0.03010782563194425
2202	40-44	-0.04491417276972953
2202	45-49	-0.03687165266818937
2202	50-54	-0.04818156585109534
2202	55-59	-0.05667567320045919
2202	60-64	-0.05583334914283
2202	65-69	-0.06288770545047129
2202	70-74	-0.08910301062439174
2202	75-79	-0.03952581610457173
2202	80-84	-0.08457931483109604
2202	85-89	-0.053209528015841556
2202	90-94	-0.09277042295001792
2202	95-99	-0.08482851264333391
2202	100-104	-0.11846890028768087
2202	105-109	-0.10002692546948566
2202	110-114	-0.05882634801151454
2202	115-119	-0.1901420841248722
2202	120-124	-0.13877143566125483
2202	125-129	-0.15159547957128439
2202	130-134	-0.16554574103603414
2202	135-139	-0.2064305040373
2202	140-144	-0.21759641108999972
2202	145-149	-0.18669021231346505
2202	150	-0.2958362438556392
2203	1	0.005593362904726007
2203	2	-0.011514132791283771
2203	3	-0.05157442283368141
2203	4	-0.030156946976312327
2203	5	-0.08215410693195935
2203	6	-0.02724643319524489
2203	7	-0.022401868702324634
2203	8	0.02491612738781157
2203	9	-0.02508591848476982
2203	10-14	0.019702276053088497
2203	15-19	-0.012694765591383828
2203	20-24	-6.019222372870559E-4
2203	25-29	-0.044844761083162155
2203	30-34	-0.043903691112127774
2203	35-39	-0.0427643972379812
2203	40-44	-0.04874625566377233
2203	45-49	-0.06714963188566969
2203	50-54	-0.10732459408934147
2203	55-59	-0.06112179725478484
2203	60-64	-0.0877157946094087
2203	65-69	-0.02218579496990003
2203	70-74	-0.1009891406405714
2203	75-79	-0.0751185954465754
2203	80-84	-0.09984043174897295
2203	85-89	-0.10006568040034836
2203	90-94	-0.056555461635902304
2203	95-99	-0.07483607467067799
2203	100-104	-0.12195062564045145
2203	105-109	-0.0918182937122225
2203	110-114	-0.10294579551065652
2203	115-119	-0.1772523645100179
2203	120-124	-0.1518512386929487
2203	125-129	-0.18191361810959705
2203	130-134	-0.19720296746295674
2203	135-139	-0.1790254445530053
2203	140-144	-0.2578797809472846
2203	145-149	-0.2077372674920568
2203	150	-0.29950324076992274
2204	1	0.05509953633325182
2204	2	-0.017551511650097495
2204	3	0.020842316704559494
2204	4	-0.017560255349664544
2204	5	0.012462241731405754
2204	6	0.034012946677300704
2204	7	-0.01400351892829832
2204	8	0.0449519675563792
2204	9	9.67110518885761E-5
2204	10-14	-0.0039639279765637525
2204	15-19	0.004436662319676543
2204	20-24	-0.017143682970569785
2204	25-29	0.0011875074883320735
2204	30-34	-0.025581145195459953
2204	35-39	-0.036739044366512985
2204	40-44	0.03359262015025877
2204	45-49	-0.0037364491770688346
2204	50-54	-0.025967305413324482
2204	55-59	0.005326659840577008
2204	60-64	0.01396862364140361
2204	65-69	-0.016367095210860327
2204	70-74	-0.013972034582344861
2204	75-79	0.002700447825539243
2204	80-84	-0.02323664933361158
2204	85-89	-0.03943283326374569
2204	90-94	-0.055442830615682226
2204	95-99	-0.014779232947894627
2204	100-104	-0.06522928389770044
2204	105-109	-0.061525104230298666
2204	110-114	-0.06054837403986113
2204	115-119	-0.1543291059854468
2204	120-124	-0.14566264137366858
2204	125-129	-0.08374721010010688
2204	130-134	-0.14953501315231676
2204	135-139	-0.1970061737413218
2204	140-144	-0.184241267737967
2204	145-149	-0.18290036237232243
2204	150	-0.18104347894354333
2205	1	-0.06510158759458307
2205	2	-0.012411930734117504
2205	3	-0.0014906298519932193
2205	4	-0.0024896117075954294
2205	5	0.03562789595295612
2205	6	-0.029891678718009018
2205	7	-0.08347317970230961
2205	8	0.012785790048589263
2205	9	-0.06682022294579326
2205	10-14	-0.00579952509166759
2205	15-19	-0.015445484518991748
2205	20-24	-0.01966728773020776
2205	25-29	-0.01890668403441964
2205	30-34	0.004892315091666433
2205	35-39	-1.1355805158075327E-4
2205	40-44	-0.03000713413273104
2205	45-49	-0.034138924548486216
2205	50-54	-0.06723138295069475
2205	55-59	-0.03201777626161828
2205	60-64	-0.018930154598983506
2205	65-69	-0.1082133855664722
2205	70-74	-0.06293160503260253
2205	75-79	-0.053026351255297755
2205	80-84	-0.10548723518667913
2205	85-89	-0.08238871795875724
2205	90-94	-0.0887593277831158
2205	95-99	-0.06637616603550356
2205	100-104	-0.09434493015620404
2205	105-109	-0.11201540068333316
2205	110-114	-0.08615572734908028
2205	115-119	-0.15194019055304864
2205	120-124	-0.1769415074351386
2205	125-129	-0.17463156384160072
2205	130-134	-0.23277665763620092
2205	135-139	-0.2652663607592771
2205	140-144	-0.23649071601226268
2205	145-149	-0.24398743265194156
2205	150	-0.23075567151287402
2206	1	-0.04952118084242585
2206	2	0.016956774397030472
2206	3	-0.029264781863702183
2206	4	0.058449128524884486
2206	5	-0.016120997208453502
2206	6	0.004990934655772605
2206	7	0.006340377526981911
2206	8	0.01001296095152071
2206	9	0.02254177941781421
2206	10-14	-0.015147416365721256
2206	15-19	-0.022443879382556986
2206	20-24	-0.008138527565812126
2206	25-29	-0.03126588181898882
2206	30-34	-0.017367928677408884
2206	35-39	0.0026889043335458496
2206	40-44	-0.013787142246606265
2206	45-49	-0.05255177975107017
2206	50-54	-0.029765734634324303
2206	55-59	-0.023936355274905452
2206	60-64	-0.03915699036354425
2206	65-69	-0.05161803869825121
2206	70-74	-0.05055547394057669
2206	75-79	-0.01976580762556779
2206	80-84	-0.001348099843688999
2206	85-89	-0.07674851546462946
2206	90-94	-0.02051527648929863
2206	95-99	-0.040260067046219206
2206	100-104	-0.12346528011122615
2206	105-109	-0.06407156281974125
2206	110-114	-0.10098507135980128
2206	115-119	-0.11240444539933492
2206	120-124	-0.13711930716350906
2206	125-129	-0.11290471925762091
2206	130-134	-0.13761570302099813
2206	135-139	-0.1479862732705186
2206	140-144	-0.16719962187365667
2206	145-149	-0.19477994671893128
2206	150	-0.24551234341240757
2207	1	0.04215801537026209
2207	2	-0.04551731991997343
2207	3	-0.009980286668955785
2207	4	0.02122469387832382
2207	5	0.013905721201851406
2207	6	0.020680127414372862
2207	7	-0.005176476405601704
2207	8	-1.2530428203660904E-4
2207	9	0.024653854513822182
2207	10-14	0.022848906043194006
2207	15-19	0.01789990426943433
2207	20-24	-0.004613932405597154
2207	25-29	0.004377798210278172
2207	30-34	0.03194694220054117
2207	35-39	0.00781701047572625
2207	40-44	0.010617331817236675
2207	45-49	-0.012967591360869335
2207	50-54	-0.04835870047945434
2207	55-59	-0.015049690098237534
2207	60-64	-0.023555673745299543
2207	65-69	-0.008605055379483417
2207	70-74	-0.010061843690870376
2207	75-79	-0.03604097677444429
2207	80-84	-0.03398255541798534
2207	85-89	-0.025457294951387155
2207	90-94	-0.011053606741043609
2207	95-99	-0.012095916447847799
2207	100-104	-0.06864306421022093
2207	105-109	-0.05108580586585276
2207	110-114	-0.06282315576153508
2207	115-119	-0.13323383361885277
2207	120-124	-0.07533140867314359
2207	125-129	-0.12400779339866119
2207	130-134	-0.16971761902562577
2207	135-139	-0.15230439505771187
2207	140-144	-0.11797333827245637
2207	145-149	-0.1982956018787334
2207	150	-0.2683423614955913
2208	1	0.038004572162925854
2208	2	0.015823821135185767
2208	3	-0.032736969640630775
2208	4	0.013274790458304153
2208	5	-0.006710878456992475
2208	6	0.05816334185418981
2208	7	0.02766041432392541
2208	8	-0.015309229663415636
2208	9	0.008957692307845377
2208	10-14	-0.018296040545450865
2208	15-19	-0.009006673250617325
2208	20-24	-0.02925561866382509
2208	25-29	0.024180061286884325
2208	30-34	0.02620178430537834
2208	35-39	0.03294139500518867
2208	40-44	-0.022236858624772537
2208	45-49	0.005604496823295335
2208	50-54	-0.01255494938562407
2208	55-59	-0.01012187304773704
2208	60-64	0.04152265886888529
2208	65-69	-0.0036671367486178497
2208	70-74	0.019111701863025132
2208	75-79	0.02546226339315183
2208	80-84	-0.007617591973207993
2208	85-89	-0.014260630690813514
2208	90-94	0.0017676376284967432
2208	95-99	0.020897195927695122
2208	100-104	-0.04511112023063646
2208	105-109	-0.012932560254284908
2208	110-114	0.006011492860743317
2208	115-119	-0.03153297750488093
2208	120-124	-0.02936528626860735
2208	125-129	-0.0845535610179482
2208	130-134	-0.09817504116683295
2208	135-139	-0.041616136683074956
2208	140-144	-0.0937231336196902
2208	145-149	-0.0860802708654731
2208	150	-0.07136225011608843
2209	1	-0.013731950814609206
2209	2	-0.00762281013952304
2209	3	-0.0424405613794292
2209	4	-0.03465080861042935
2209	5	0.039939626100554904
2209	6	0.004278046637125499
2209	7	-0.03943573566486691
2209	8	-0.021697907049087917
2209	9	0.015931248255526498
2209	10-14	0.009981253850199323
2209	15-19	-0.011163147470689694
2209	20-24	-0.031807775858531784
2209	25-29	-0.01660897498899061
2209	30-34	0.008311167993802826
2209	35-39	-0.03383135213411492
2209	40-44	-0.010090142422420456
2209	45-49	-0.03443815025804753
2209	50-54	-0.034506768827903045
2209	55-59	-0.07860262223857006
2209	60-64	-0.016820878082420165
2209	65-69	-0.06368031647413375
2209	70-74	-0.038523654545613795
2209	75-79	-0.017490687999263343
2209	80-84	-0.023508545183673846
2209	85-89	-0.049905928880221495
2209	90-94	-0.07559146671250971
2209	95-99	-0.01857071470422511
2209	100-104	-0.021844079661434535
2209	105-109	-0.027643845187149907
2209	110-114	-0.03365282329602337
2209	115-119	-0.10640637055114865
2209	120-124	-0.11079684043941995
2209	125-129	-0.09135794451935197
2209	130-134	-0.12319957930532865
2209	135-139	-0.0891970445075927
2209	140-144	-0.12901791638141447
2209	145-149	-0.16235052402415562
2209	150	-0.1713031798415372
2210	1	0.04801437444152867
2210	2	-0.03673037671067192
2210	3	0.02370583857476305
2210	4	0.01566249783509477
2210	5	-0.03565929624154052
2210	6	-0.06087622143732574
2210	7	-3.126169786611399E-4
2210	8	-9.317979108445229E-4
2210	9	-0.010970430367443385
2210	10-14	-7.462450760442607E-4
2210	15-19	2.4098509814507452E-4
2210	20-24	-0.008995538800249392
2210	25-29	-0.022113997085924098
2210	30-34	0.004062230863034699
2210	35-39	-0.011227620948815797
2210	40-44	-0.0143884191901833
2210	45-49	-0.013553362526891988
2210	50-54	-0.02674382961662758
2210	55-59	-0.057066279851021307
2210	60-64	-0.05799605263049301
2210	65-69	-0.04393601884354581
2210	70-74	-0.05224787776007389
2210	75-79	-0.030946816551782774
2210	80-84	-0.04320574860975768
2210	85-89	-0.06988737412292068
2210	90-94	-0.059552082824261277
2210	95-99	-0.07213423979874278
2210	100-104	-0.07882269802934871
2210	105-109	-0.08153961445549385
2210	110-114	-0.010776027558151213
2210	115-119	-0.07003839755422803
2210	120-124	-0.1181119406112785
2210	125-129	-0.1438443605882611
2210	130-134	-0.12411794124233921
2210	135-139	-0.15769460191363294
2210	140-144	-0.13300937725107076
2210	145-149	-0.16716319445092154
2210	150	-0.1405167532814673
2211	1	-0.05009463521917468
2211	2	-0.006083644077058636
2211	3	-0.025987480182806166
2211	4	0.04438101313950682
2211	5	-0.02825429334363605
2211	6	0.036833791515270775
2211	7	-0.032110355397740875
2211	8	-0.04674281899512067
2211	9	-0.02362283065973969
2211	10-14	-0.024521804714979112
2211	15-19	-0.014864976918744333
2211	20-24	-0.010958343465858889
2211	25-29	-0.014882444065491995
2211	30-34	-0.02248772399482135
2211	35-39	-0.002622157506330325
2211	40-44	-9.248653228226544E-4
2211	45-49	0.010520978448298024
2211	50-54	-0.04610323627332491
2211	55-59	-0.02935841393515659
2211	60-64	-0.04283715527192555
2211	65-69	-0.015555623079968939
2211	70-74	0.008108767117889215
2211	75-79	-0.017467013190973546
2211	80-84	-0.03538410219614008
2211	85-89	-0.0338651535757819
2211	90-94	-8.719202368538959E-4
2211	95-99	-0.021571435951187823
2211	100-104	-0.0762567414345483
2211	105-109	-0.07233050113185868
2211	110-114	-0.08169802396847814
2211	115-119	-0.126552418318866
2211	120-124	-0.1210261180580261
2211	125-129	-0.10695199440262115
2211	130-134	-0.09827207012659045
2211	135-139	-0.11640027945767883
2211	140-144	-0.17218917212890972
2211	145-149	-0.12330260036933538
2211	150	-0.20771973961113588
2212	1	-0.05765129978715322
2212	2	-0.0847497120004661
2212	3	-0.04557749536742506
2212	4	-0.019529119818528784
2212	5	-0.03343280525059811
2212	6	0.019114077430600673
2212	7	0.037451728722601274
2212	8	0.005773754465124625
2212	9	-0.02305387025086958
2212	10-14	-0.0013201948980494649
2212	15-19	0.011184552111039636
2212	20-24	-0.04462934947798658
2212	25-29	-0.06350113720030492
2212	30-34	-0.004709987367782276
2212	35-39	-0.022204086570681625
2212	40-44	-0.012272963541413162
2212	45-49	-0.008503131769842298
2212	50-54	-0.07296921654566546
2212	55-59	-0.0366043801339373
2212	60-64	-0.029687611427881677
2212	65-69	-0.07420632120226145
2212	70-74	-0.02841302837116899
2212	75-79	0.015368468210944286
2212	80-84	-0.004422347693221695
2212	85-89	-0.04795648352651938
2212	90-94	-0.05603169826976995
2212	95-99	-0.06351509853158888
2212	100-104	-0.09353514470356572
2212	105-109	-0.08019567279217199
2212	110-114	-0.013264570886491356
2212	115-119	-0.06797498908785826
2212	120-124	-0.11302209351572401
2212	125-129	-0.09865563500852659
2212	130-134	-0.1282724713462997
2212	135-139	-0.10924856902720137
2212	140-144	-0.12574110847694442
2212	145-149	-0.14584509879531993
2212	150	-0.1982595961596587
2213	1	0.03760205796620397
2213	2	-0.0039224836732429935
2213	3	-0.011572611362545615
2213	4	-0.04918418697359783
2213	5	-0.005673342491135713
2213	6	-0.037406069089541916
2213	7	0.03918860295947724
2213	8	0.017446526137895546
2213	9	0.05307860838161105
2213	10-14	-0.002008839586700617
2213	15-19	0.017189436115927492
2213	20-24	-0.0019034642521020828
2213	25-29	0.003331585632416534
2213	30-34	-0.013288741946539062
2213	35-39	-0.03523583260243157
2213	40-44	-0.003733281001728983
2213	45-49	-0.004735122001832792
2213	50-54	-0.022897177473630848
2213	55-59	-0.048148946678502114
2213	60-64	0.013798957558698532
2213	65-69	-0.0034047339006804123
2213	70-74	-0.020590073548213184
2213	75-79	-0.0013745110320257936
2213	80-84	0.018924416653547382
2213	85-89	-0.0011237606938010458
2213	90-94	-0.03603230877038044
2213	95-99	-0.04663780915429783
2213	100-104	-0.04071157937999459
2213	105-109	-0.05123047132696712
2213	110-114	-0.04015468077660245
2213	115-119	-0.1140745006873658
2213	120-124	-0.08528338777702515
2213	125-129	-0.09899995735285216
2213	130-134	-0.12115342372725024
2213	135-139	-0.11476993654856926
2213	140-144	-0.1337221829580173
2213	145-149	-0.16026023921045862
2213	150	-0.1140837719838359
2214	1	0.02847318718915659
2214	2	-0.06262924794260272
2214	3	0.023297712889714717
2214	4	-0.03008877279101796
2214	5	0.05199224249615497
2214	6	-0.020202839144630502
2214	7	0.042010528348754406
2214	8	0.0706118218388454
2214	9	0.027591726888388735
2214	10-14	0.02768220259880394
2214	15-19	0.024454900357618214
2214	20-24	0.041937252171820205
2214	25-29	0.0030948236270305074
2214	30-34	0.04575163236483348
2214	35-39	0.028448317021499747
2214	40-44	0.04567209720872256
2214	45-49	0.06454940998317937
2214	50-54	-0.006488051118381577
2214	55-59	0.016382535222227546
2214	60-64	0.01737413427491674
2214	65-69	0.019062300033873214
2214	70-74	0.04436542666561394
2214	75-79	0.037588082986033555
2214	80-84	0.06935452255749652
2214	85-89	0.012648986017140373
2214	90-94	-0.0012727686098870095
2214	95-99	0.010628812232766904
2214	100-104	0.03534808907269138
2214	105-109	-0.009573237910622368
2214	110-114	0.04852481511049689
2214	115-119	-0.03888329499219623
2214	120-124	0.022394623945359626
2214	125-129	0.03221640367650025
2214	130-134	-0.07954690346462456
2214	135-139	-0.04576976046122638
2214	140-144	-0.09036776945463743
2214	145-149	-0.1126202623533672
2214	150	-0.17849853313393282
2215	1	0.01201513657090203
2215	2	0.015307190825893713
2215	3	0.01969715284135276
2215	4	0.010315089890951867
2215	5	0.040478934679100576
2215	6	0.010322720435652855
2215	7	0.019435111229938684
2215	8	0.04010011214477771
2215	9	0.05268192427234908
2215	10-14	-0.005922217464153334
2215	15-19	-0.017787980993233532
2215	20-24	-0.029358155898400184
2215	25-29	0.02091970925646791
2215	30-34	0.02752180684005623
2215	35-39	0.02614812791925658
2215	40-44	0.014018777301231466
2215	45-49	0.006855215983719631
2215	50-54	0.026124799165110346
2215	55-59	-0.01606659914705233
2215	60-64	-0.002146716087580103
2215	65-69	0.010989098768604322
2215	70-74	0.005702628049874647
2215	75-79	0.011224126955831082
2215	80-84	0.010627116787382818
2215	85-89	0.004766677220587212
2215	90-94	-0.021144082648618223
2215	95-99	0.007564519778576084
2215	100-104	-0.007844083997539997
2215	105-109	0.03829672909843396
2215	110-114	0.009865032692218278
2215	115-119	-0.022882357303600998
2215	120-124	0.0036624168813617075
2215	125-129	0.013448597275349528
2215	130-134	0.008191222886857474
2215	135-139	-0.030528545456881773
2215	140-144	-0.045046479024833275
2215	145-149	-0.06785691715444386
2215	150	-0.037674736772402184
2216	1	-0.0348405232799891
2216	2	-0.03805520071792046
2216	3	0.03429789635897862
2216	4	-0.0343538455066863
2216	5	0.044322716127943806
2216	6	-0.03782743854025483
2216	7	0.017372701279015246
2216	8	-0.0022302806269465236
2216	9	0.007425234917853629
2216	10-14	0.012187441182945236
2216	15-19	0.008791858273653474
2216	20-24	0.01894429095231942
2216	25-29	-0.005916900518997181
2216	30-34	0.006308377262321585
2216	35-39	0.027102051234322744
2216	40-44	0.053730476209210565
2216	45-49	0.019783277080911432
2216	50-54	0.022922307280396126
2216	55-59	0.021335449036143928
2216	60-64	0.02476932554034761
2216	65-69	0.004470718462364687
2216	70-74	0.051567581688452435
2216	75-79	0.025209028328028182
2216	80-84	-0.021117003676813795
2216	85-89	0.017322045318600487
2216	90-94	-0.03204979416934606
2216	95-99	-0.01300564748601829
2216	100-104	0.0027554025971383567
2216	105-109	0.013406742475041256
2216	110-114	-0.015814575434241362
2216	115-119	-0.04720474541129249
2216	120-124	-0.02762987099031733
2216	125-129	-0.0625596692737389
2216	130-134	-0.11249557142154032
2216	135-139	-0.04297904472156233
2216	140-144	-0.04663901982068097
2216	145-149	-0.04091178530670447
2216	150	-0.19675387840111824
2217	1	0.015856026220177455
2217	2	0.030521960771203283
2217	3	0.033506753716821436
2217	4	0.024784066994655518
2217	5	0.026390149572357302
2217	6	-0.030104481787958548
2217	7	-0.020176476405602273
2217	8	0.021890970582340685
2217	9	0.03244368774669226
2217	10-14	0.033673700095839365
2217	15-19	0.03693546786195867
2217	20-24	0.01701717066853803
2217	25-29	0.00961729991812632
2217	30-34	0.009631892974098832
2217	35-39	0.035748294381697576
2217	40-44	0.025727036458590646
2217	45-49	0.023836306569606336
2217	50-54	-0.021119399695855634
2217	55-59	0.0037240691945115145
2217	60-64	0.007195782955520258
2217	65-69	0.03335717086122969
2217	70-74	0.038965482007341734
2217	75-79	0.00586358420606814
2217	80-84	0.0071783849075188755
2217	85-89	-0.015536459106499478
2217	90-94	-0.0697465944846627
2217	95-99	-0.01997114248762699
2217	100-104	-0.07194967461809654
2217	105-109	-0.0429765030729925
2217	110-114	-0.08447214109406076
2217	115-119	-0.10067767529054095
2217	120-124	-0.08725164174527578
2217	125-129	-0.06903170338459574
2217	130-134	-0.105153423727252
2217	135-139	-0.13419850797713906
2217	140-144	-0.1312459924818299
2217	145-149	-0.1577840487342712
2217	150	-0.15440123230129643
2218	1	0.004776225778229559
2218	2	-0.024688696499730156
2218	3	0.026747901555324916
2218	4	-0.006930476899761118
2218	5	0.02666240305462253
2218	6	-0.009213102220130054
2218	7	-0.03847658803054799
2218	8	0.006591519594799422
2218	9	0.021629787530777378
2218	10-14	-0.012545656833133023
2218	15-19	0.029316572113572192
2218	20-24	0.010107176819303731
2218	25-29	0.01980942137416264
2218	30-34	-0.010791502195914404
2218	35-39	-0.008349571076081475
2218	40-44	0.0038079379628683796
2218	45-49	-0.0289414129910881
2218	50-54	0.022896060738041513
2218	55-59	-0.041218885651808534
2218	60-64	0.019051364075963306
2218	65-69	-0.007589752871851374
2218	70-74	0.020280489613533348
2218	75-79	0.053344591513571515
2218	80-84	0.032902967453004806
2218	85-89	0.011252655816562651
2218	90-94	-0.02078511141697703
2218	95-99	0.006304001599659159
2218	100-104	0.02573143241782816
2218	105-109	0.011527348113993696
2218	110-114	-0.05632213337396763
2218	115-119	-0.06060996122251083
2218	120-124	-0.01067326762201759
2218	125-129	-0.06794401579268339
2218	130-134	-0.022425583555943263
2218	135-139	-0.056947296175778206
2218	140-144	-0.06978061266595148
2218	145-149	-0.060895534459689316
2218	150	-0.06963699885582741
2219	1	0.04049377570940749
2219	2	0.03359598245908302
2219	3	0.004991902231672896
2219	4	0.016555244112367973
2219	5	0.04341985254264813
2219	6	0.049138013890186016
2219	7	0.054586999942031866
2219	8	0.004854981269119207
2219	9	-0.021725729195004817
2219	10-14	0.06475652266380649
2219	15-19	0.036083668396301505
2219	20-24	0.028377849593567817
2219	25-29	0.025834807383162683
2219	30-34	0.020524239351587426
2219	35-39	0.03270633304271087
2219	40-44	0.010928356590603983
2219	45-49	0.010790259107714917
2219	50-54	-0.01688869091069023
2219	55-59	0.016770116656402934
2219	60-64	0.009462009578172115
2219	65-69	-0.004446380922516369
2219	70-74	-0.01836847996028723
2219	75-79	0.020508248672520324
2219	80-84	-0.019455592775976527
2219	85-89	-0.006462751735760719
2219	90-94	-0.026031365818937502
2219	95-99	-0.037415744090651515
2219	100-104	0.014520229515177618
2219	105-109	-0.06255846126882147
2219	110-114	-0.02699170733639278
2219	115-119	-0.09479491558600017
2219	120-124	-0.0676558535950349
2219	125-129	-0.09298329854411236
2219	130-134	-0.09773302454447474
2219	135-139	-0.02080734028894682
2219	140-144	-0.10612073709914682
2219	145-149	-0.11347853246835626
2219	150	-0.08495914523544457
2220	1	0.06835686973187904
2220	2	-0.05096112025840682
2220	3	-0.03163844276517125
2220	4	-0.04998571054319001
2220	5	0.023571845743184383
2220	6	-0.0060382305039468065
2220	7	0.007919886371908547
2220	8	0.018031061006794857
2220	9	0.03925506353303376
2220	10-14	0.01492194746595743
2220	15-19	0.013663992053871254
2220	20-24	0.02385595871091084
2220	25-29	-0.02523387462505866
2220	30-34	-0.024559677907127764
2220	35-39	-0.01417149327829037
2220	40-44	0.007363314210124372
2220	45-49	-0.014043022519935278
2220	50-54	0.021741792017486716
2220	55-59	0.01159087682135862
2220	60-64	0.0016768920422052247
2220	65-69	0.020385475365209516
2220	70-74	0.014877246933750143
2220	75-79	-0.022414467244395553
2220	80-84	-0.052722373128347044
2220	85-89	-0.008672058299723062
2220	90-94	-0.05500935775404514
2220	95-99	-0.04285617746525361
2220	100-104	-0.05101606836186079
2220	105-109	-0.03712065734941916
2220	110-114	-0.07480200290810046
2220	115-119	-0.1127316900313815
2220	120-124	-0.0551359944156502
2220	125-129	-0.08058494959254148
2220	130-134	-0.12193764218554293
2220	135-139	-0.1207320422537066
2220	140-144	-0.12195893607525932
2220	145-149	-0.13431438891316816
2220	150	-0.1696547731759992
2221	1	0.03892081687035187
2221	2	-0.030813692367466672
2221	3	0.05736847314645388
2221	4	-0.00664979964174961
2221	5	0.05692635240402666
2221	6	0.007665227101689709
2221	7	0.008703587136892565
2221	8	-0.041606135964805446
2221	9	0.01247671975747977
2221	10-14	0.022601924814374286
2221	15-19	0.03010086746103724
2221	20-24	0.012120767627578743
2221	25-29	0.016698858726456933
2221	30-34	0.03651707521749614
2221	35-39	0.024696893042765566
2221	40-44	0.0376529035488673
2221	45-49	0.007910994215379219
2221	50-54	0.020411671827275768
2221	55-59	-0.028196099243537276
2221	60-64	-0.006706154838397538
2221	65-69	-0.009708704045785055
2221	70-74	-0.007807643552119714
2221	75-79	0.03206043986122609
2221	80-84	0.012712028388726537
2221	85-89	0.017168055688557615
2221	90-94	-0.03394594645208571
2221	95-99	-0.02482306578276905
2221	100-104	0.013812923563882862
2221	105-109	-0.012950657415700562
2221	110-114	-0.02099404686457973
2221	115-119	-0.07633474754491942
2221	120-124	-0.025033050522715428
2221	125-129	-0.0971870294811481
2221	130-134	-0.0530467631122562
2221	135-139	-0.05413380558043457
2221	140-144	-0.13009758797838344
2221	145-149	-0.0978462800339912
2221	150	-0.07195055968382036
2222	1	0.0337038394454936
2222	2	0.06886619131677207
2222	3	0.03065901634216317
2222	4	0.039397759556742074
2222	5	0.018774945053678493
2222	6	-0.0026840617775363285
2222	7	-0.016621204025867087
2222	8	-0.008619200991866194
2222	9	-0.015253840027291687
2222	10-14	0.005150917084371542
2222	15-19	0.004245954974933852
2222	20-24	0.020378022623212644
2222	25-29	-0.013347813832581323
2222	30-34	0.003710545057209913
2222	35-39	0.014464172959954169
2222	40-44	0.015099872818360893
2222	45-49	0.009172512114787423
2222	50-54	-0.012172662032959636
2222	55-59	-0.018086192894820385
2222	60-64	-0.007410122271600983
2222	65-69	-0.0020105582204195116
2222	70-74	0.02350800641861639
2222	75-79	-0.023215659512231923
2222	80-84	-0.026668245047439143
2222	85-89	-8.805733477146305E-4
2222	90-94	-0.011612419714616351
2222	95-99	-0.011151227136970476
2222	100-104	-0.02191902083593078
2222	105-109	-0.025548042892069134
2222	110-114	0.0030806231570110754
2222	115-119	-0.03478242000248599
2222	120-124	-0.04663193169708535
2222	125-129	-0.034346488701928024
2222	130-134	-0.022418430781364407
2222	135-139	-0.08570661135654234
2222	140-144	-0.1269821333011123
2222	145-149	-0.054796422506122155
2222	150	-0.10481239347384275
2223	1	0.03764076642782754
2223	2	-0.017969351471109007
2223	3	0.03800019492452833
2223	4	-0.0036357873902232996
2223	5	0.024821132639949894
2223	6	0.02636724193549611
2223	7	-0.009183375170245256
2223	8	0.01916813590057842
2223	9	0.03554433738672458
2223	10-14	0.030539180551890865
2223	15-19	0.02627622710806321
2223	20-24	0.0014377890362098356
2223	25-29	0.004263654828889685
2223	30-34	-0.02251863200940818
2223	35-39	-0.0074634587296174
2223	40-44	-0.03425328334460431
2223	45-49	-0.00489911345540861
2223	50-54	-0.03820419414628162
2223	55-59	-0.05746026712090213
2223	60-64	-0.032930987256278854
2223	65-69	-0.06449871651751948
2223	70-74	-0.018498573875454838
2223	75-79	-0.021599376634718226
2223	80-84	-0.024296117166699105
2223	85-89	-0.037278166709910465
2223	90-94	-0.04047464462230721
2223	95-99	-0.05223719185620013
2223	100-104	0.0020070788624835245
2223	105-109	-0.03647399084291436
2223	110-114	-0.02857487131391423
2223	115-119	-0.09187950681196355
2223	120-124	-0.047334294497275664
2223	125-129	-0.0951164494494563
2223	130-134	-0.1040122167872326
2223	135-139	-0.12840710074630124
2223	140-144	-0.12023502423549814
2223	145-149	-0.06820750402472697
2223	150	-0.08275650467389539
2224	1	0.053689805651288225
2224	2	0.025624664073333747
2224	3	-0.01836942768619565
2224	4	0.0030707490857224684
2224	5	0.042155497100168304
2224	6	0.026596713350841128
2224	7	3.2527018061045965E-4
2224	8	0.0509977164880695
2224	9	0.05361281677227936
2224	10-14	0.036551005564440686
2224	15-19	0.019607820385061814
2224	20-24	0.032766751034188246
2224	25-29	0.017859815808783708
2224	30-34	0.028535813089831663
2224	35-39	0.03350195767617237
2224	40-44	0.03198129707042341
2224	45-49	0.048945875240939074
2224	50-54	0.06983252759776803
2224	55-59	0.027545126017791688
2224	60-64	0.05342552583181259
2224	65-69	0.03760615895016883
2224	70-74	0.044603028822407964
2224	75-79	0.033777792294294784
2224	80-84	0.07452892702972491
2224	85-89	0.06101323416977067
2224	90-94	0.04278214983830253
2224	95-99	0.007520578240040265
2224	100-104	0.014711205379086323
2224	105-109	0.02335647237397609
2224	110-114	0.05082126018726996
2224	115-119	-0.02326651427696902
2224	120-124	-0.020762849636923875
2224	125-129	-0.02173019673345067
2224	130-134	-0.045489312671584514
2224	135-139	0.023312276499666496
2224	140-144	-0.05378462656571514
2224	145-149	-0.07227701450320012
2224	150	-0.18342460580863218
2225	1	-0.09192916932315143
2225	2	-0.05720554660896937
2225	3	0.028798076434732423
2225	4	-0.025617244145522022
2225	5	0.02703228749267339
2225	6	-0.10727059462821131
2225	7	0.03428515921169861
2225	8	0.01646898492669635
2225	9	-0.007735341027220954
2225	10-14	-0.005489796478457265
2225	15-19	0.0025183388379446114
2225	20-24	0.004158855002515338
2225	25-29	-0.018373417850924056
2225	30-34	-0.021875386961347942
2225	35-39	0.024271547573093244
2225	40-44	0.03172345788791375
2225	45-49	0.021755302565011903
2225	50-54	-0.0178132815428782
2225	55-59	0.02228654632724414
2225	60-64	-0.047372207381336295
2225	65-69	-0.046295838095218755
2225	70-74	0.011748938385366614
2225	75-79	0.029188086388792556
2225	80-84	-0.0016238163645354575
2225	85-89	0.007913262977893964
2225	90-94	-0.03021431467451663
2225	95-99	-0.028785252280592033
2225	100-104	-0.011771868773095662
2225	105-109	0.0017967288173750262
2225	110-114	0.014529547951205757
2225	115-119	-0.038237410857220766
2225	120-124	-0.04549114535642218
2225	125-129	-0.10066781186440465
2225	130-134	-0.06940945692676337
2225	135-139	-0.09454736348608606
2225	140-144	-0.1019877991086986
2225	145-149	-0.12451851778765644
2225	150	-0.1323904163972074
2226	1	-0.008397800310440573
2226	2	0.03996002766462681
2226	3	0.04944637956716491
2226	4	-0.03492681735908576
2226	5	-0.0153728889764011
2226	6	-0.02795879017797631
2226	7	0.011979135839290223
2226	8	0.021954746092546884
2226	9	0.01562679432265668
2226	10-14	0.029926534562953577
2226	15-19	0.03517951548101195
2226	20-24	0.02726461964812188
2226	25-29	-0.006014219356252681
2226	30-34	-0.012243673919321907
2226	35-39	0.019156457647000025
2226	40-44	-0.0016564669427694412
2226	45-49	0.021406601354186705
2226	50-54	-0.011519059559795153
2226	55-59	0.02240235717636807
2226	60-64	0.02208240427070507
2226	65-69	-0.009461423243081413
2226	70-74	0.014965765454057589
2226	75-79	0.032785069466832795
2226	80-84	0.053356956336081396
2226	85-89	0.048293189419581495
2226	90-94	0.04145947127496896
2226	95-99	4.370207776673851E-4
2226	100-104	0.03995452039323766
2226	105-109	0.03022361030568277
2226	110-114	0.027117428066937066
2226	115-119	-0.037939013159018486
2226	120-124	0.015052213129997938
2226	125-129	-0.01006033150250829
2226	130-134	-0.021303933931328345
2226	135-139	-0.056449641763990144
2226	140-144	-0.044842364363915976
2226	145-149	-0.10489402605853115
2226	150	-0.15616285361648607
2227	1	0.005346958450530792
2227	2	0.05853624295029647
2227	3	0.0349363857032472
2227	4	-0.026322094846470634
2227	5	0.006191471734474874
2227	6	0.04939422786665659
2227	7	0.015750981437221867
2227	8	0.034808565237128164
2227	9	-0.04848818908718755
2227	10-14	0.029354401478101977
2227	15-19	0.034277709881259
2227	20-24	0.029860950496733096
2227	25-29	0.035353786643476326
2227	30-34	0.023280989732320734
2227	35-39	0.029220772905404147
2227	40-44	0.04127354192046084
2227	45-49	0.037228041288734914
2227	50-54	0.05455776649356636
2227	55-59	0.04708632040532024
2227	60-64	0.039153219233668324
2227	65-69	0.0021323679482350144
2227	70-74	0.03294207903070401
2227	75-79	0.07163287752101866
2227	80-84	0.06928719814327167
2227	85-89	0.026647724440721277
2227	90-94	-0.005772330688571969
2227	95-99	-0.05522408553567715
2227	100-104	-0.022930973447941483
2227	105-109	0.004232462176062768
2227	110-114	-0.03150604359343845
2227	115-119	-0.08223217028824337
2227	120-124	-0.031822928908994186
2227	125-129	-0.11100844181567737
2227	130-134	-0.09090716219368034
2227	135-139	-0.07533429473431141
2227	140-144	-0.1954900621958302
2227	145-149	-0.07256879084195589
2227	150	-0.15655275066662
2228	1	0.012374551477755347
2228	2	0.037525597337008776
2228	3	0.050255072531690814
2228	4	-0.0785640501538083
2228	5	-0.009072912370569952
2228	6	0.009298353166542483
2228	7	-0.004312760436810947
2228	8	-0.015127702513389352
2228	9	-0.008064167892513296
2228	10-14	-0.0029523047613437825
2228	15-19	0.03812469311422717
2228	20-24	0.027829643659643466
2228	25-29	0.008655346129557984
2228	30-34	0.0075685980281434695
2228	35-39	-2.6517026223160656E-4
2228	40-44	0.04928995106878631
2228	45-49	0.032549983241253244
2228	50-54	0.004982297789382528
2228	55-59	0.03130529046399744
2228	60-64	0.02167942346368079
2228	65-69	-0.006728610646618449
2228	70-74	0.05286455277506974
2228	75-79	0.0191632154951904
2228	80-84	-0.012746740754920438
2228	85-89	0.008957204070178193
2228	90-94	-0.024354570668826625
2228	95-99	-0.021713358240354808
2228	100-104	-0.013868618876799133
2228	105-109	-0.020851323329608817
2228	110-114	0.014196779788520075
2228	115-119	-0.07819922048985006
2228	120-124	-0.032341448999709144
2228	125-129	-0.06716950875883754
2228	130-134	-0.0675856115044553
2228	135-139	-0.09388203830165054
2228	140-144	-0.11968875890007524
2228	145-149	-0.06369531046340171
2228	150	-0.09143314765194788
2229	1	0.08942497071229383
2229	2	0.06102484882704573
2229	3	0.048889377205675544
2229	4	0.001982326633637399
2229	5	0.0395466365321937
2229	6	0.019476035000906222
2229	7	0.07458166459976923
2229	8	0.03815943180811843
2229	9	0.07398632608983746
2229	10-14	0.041707764601611075
2229	15-19	0.04349313613951722
2229	20-24	0.02481338583497461
2229	25-29	0.025291067538780965
2229	30-34	0.0017691747389534385
2229	35-39	0.018536244338790198
2229	40-44	0.029447976494417105
2229	45-49	0.030630358830613602
2229	50-54	0.020897973804288483
2229	55-59	0.028712180742225257
2229	60-64	0.049906189491409236
2229	65-69	-4.527644523406593E-4
2229	70-74	0.04396571786941905
2229	75-79	0.05906499536385468
2229	80-84	0.03559155504436262
2229	85-89	0.02059544299568472
2229	90-94	0.02459763366923795
2229	95-99	-0.006259024697108373
2229	100-104	0.04824114281963432
2229	105-109	-0.02131131681723275
2229	110-114	0.008886705490212421
2229	115-119	-0.042435720947416655
2229	120-124	-0.009809872077134685
2229	125-129	-0.06700254681734918
2229	130-134	-0.026642426030669242
2229	135-139	-0.02070466799199977
2229	140-144	-0.07605659523488129
2229	145-149	-0.027971042195368057
2229	150	-0.04244111808382911
2230	1	0.041413998219631765
2230	2	0.03536330612634231
2230	3	0.0788839455069521
2230	4	-0.016406635737432396
2230	5	0.05907799032870287
2230	6	0.009332184727682602
2230	7	0.04557677446658204
2230	8	-0.01108442699819534
2230	9	0.03815736935000302
2230	10-14	0.024735576162477457
2230	15-19	0.03087593272535827
2230	20-24	0.03370404484732603
2230	25-29	0.01524145227492113
2230	30-34	0.0043717174798558744
2230	35-39	0.005307806864145448
2230	40-44	0.03572259624292684
2230	45-49	0.022627903385938453
2230	50-54	0.014712234575370076
2230	55-59	-0.02445148545487541
2230	60-64	-0.004961648364613325
2230	65-69	-0.03208532532531905
2230	70-74	-0.0016491404988059344
2230	75-79	0.030822187501492238
2230	80-84	0.02295365562473961
2230	85-89	0.0031869939918394152
2230	90-94	-0.016673028870656026
2230	95-99	3.701301053382622E-5
2230	100-104	-0.003914575770430417
2230	105-109	0.002869478833872563
2230	110-114	-0.014544060505656375
2230	115-119	-0.04679351357003014
2230	120-124	-0.01770505723769844
2230	125-129	-0.04291604633839796
2230	130-134	-0.07028087604024336
2230	135-139	-0.07248089965248994
2230	140-144	-0.10053794421335738
2230	145-149	-0.08781416366637984
2230	150	-0.04143459432989971
2231	1	0.0494917256653693
2231	2	0.030022000092245094
2231	3	-0.06740392156496
2231	4	0.009739279061903972
2231	5	0.053677733510092196
2231	6	0.017959882948936468
2231	7	0.05191558049067169
2231	8	-0.014027657696843221
2231	9	0.04929653319470617
2231	10-14	0.012418673979063044
2231	15-19	0.04280333394718383
2231	20-24	0.023250737644950448
2231	25-29	0.024335910946788886
2231	30-34	-0.015664077760895623
2231	35-39	-0.007973891056330729
2231	40-44	0.028711001084872123
2231	45-49	5.042568779529688E-4
2231	50-54	0.0022348625780210796
2231	55-59	0.014198392555520911
2231	60-64	-0.013767810835311423
2231	65-69	-0.049407296110359766
2231	70-74	-0.01777683833990551
2231	75-79	0.017623081505604432
2231	80-84	-0.008846090537140583
2231	85-89	-0.029222839566735104
2231	90-94	-0.05127453398607429
2231	95-99	-0.026688190822078184
2231	100-104	-0.04473379196222993
2231	105-109	-0.06711759203749068
2231	110-114	-0.053295285204406184
2231	115-119	-0.10489485934598264
2231	120-124	-0.05524782633599301
2231	125-129	-0.051490531719082355
2231	130-134	-0.09244153532797128
2231	135-139	-0.09429715051336984
2231	140-144	-0.1499112994015661
2231	145-149	-0.1155831562735159
2231	150	-0.18540138197492695
2232	1	0.0558448480399818
2232	2	0.033955897726265505
2232	3	-2.6029300796892585E-4
2232	4	-0.04567423839322515
2232	5	0.036083867435088735
2232	6	0.02690870846467419
2232	7	0.0038610822798403888
2232	8	0.032979725333063925
2232	9	-0.014433128707594278
2232	10-14	0.04502625989910314
2232	15-19	0.05058626151275547
2232	20-24	0.030853074983319573
2232	25-29	-0.009977602831696686
2232	30-34	-0.018280470093195333
2232	35-39	0.034595600440269436
2232	40-44	-0.00865794006723064
2232	45-49	-0.019904359649942194
2232	50-54	0.0044383914957393245
2232	55-59	0.007491563046514216
2232	60-64	-0.008073611187114693
2232	65-69	-0.024327604457347718
2232	70-74	0.02429613257742602
2232	75-79	0.0031146461331914566
2232	80-84	-0.011134157010666001
2232	85-89	0.01448723863551038
2232	90-94	0.017675717163001536
2232	95-99	-0.030961529252671482
2232	100-104	0.01303311098440929
2232	105-109	-0.023106169963227785
2232	110-114	-0.01829105457495217
2232	115-119	-0.08006689952484436
2232	120-124	-0.02502763101422545
2232	125-129	-0.05308804141277079
2232	130-134	-0.042650405618601894
2232	135-139	-0.059852878645592966
2232	140-144	-0.061469108958469576
2232	145-149	-0.10056160294844574
2232	150	-0.08186378539765116
2233	1	-0.010243241994906782
2233	2	0.020037992870754806
2233	3	-0.01183421563305842
2233	4	-0.008504722908831752
2233	5	0.016372827127412393
2233	6	-0.03937446446551007
2233	7	-0.0084297376210003
2233	8	-0.00878036253888581
2233	9	0.02246313130733313
2233	10-14	0.007782654739322936
2233	15-19	0.036950315671909095
2233	20-24	0.019043260391732986
2233	25-29	0.002200748145227749
2233	30-34	-0.009744781823513904
2233	35-39	0.018275815857997202
2233	40-44	-0.00874236644733628
2233	45-49	0.007956644534040436
2233	50-54	0.005687260607466271
2233	55-59	0.004388261226189627
2233	60-64	-0.0013813019244537372
2233	65-69	-0.00620361677973591
2233	70-74	0.015761041805127718
2233	75-79	0.029762053467571548
2233	80-84	0.014753313319850747
2233	85-89	0.014811898796430967
2233	90-94	-0.01480828359980535
2233	95-99	-0.008962551969020183
2233	100-104	0.051011120093257034
2233	105-109	-0.0018127175884998792
2233	110-114	-0.007770758833657965
2233	115-119	-0.04341575285267396
2233	120-124	-0.016169094992349642
2233	125-129	-0.00804948540460515
2233	130-134	-0.021801212464133357
2233	135-139	-0.0034284722716932947
2233	140-144	-0.05314198710834006
2233	145-149	-0.04348829450087521
2233	150	-0.05187569053298802
2234	1	-0.008877530280322787
2234	2	-0.005775474816921644
2234	3	0.00939806527627951
2234	4	-2.3116265641931477E-4
2234	5	0.041855433004705844
2234	6	7.959273518451937E-4
2234	7	0.0981009143480378
2234	8	0.019592951944865433
2234	9	0.011768355760402471
2234	10-14	0.028073611633182338
2234	15-19	0.043875966670725575
2234	20-24	0.047807725269102264
2234	25-29	0.016949326416721533
2234	30-34	-0.011782785795865891
2234	35-39	0.002876132977554846
2234	40-44	0.012757646549360402
2234	45-49	0.020429006389655058
2234	50-54	0.008246986503976927
2234	55-59	0.023641718500385878
2234	60-64	0.025175617490134528
2234	65-69	-0.005984345268132074
2234	70-74	0.0164128919614015
2234	75-79	0.038601161736558254
2234	80-84	0.007021685368926001
2234	85-89	0.016939831895442126
2234	90-94	0.005166601530504522
2234	95-99	-0.005459245265150514
2234	100-104	0.027429397931335586
2234	105-109	0.002919533196688917
2234	110-114	-0.02142950812362443
2234	115-119	-0.007435739968812527
2234	120-124	0.03263890581848017
2234	125-129	-0.0048833675883841465
2234	130-134	-0.020498036049701795
2234	135-139	-0.03401221365784579
2234	140-144	-0.07235008689561795
2234	145-149	-0.005185317369239328
2234	150	0.06224120765970298
2235	1	0.0911620190523692
2235	2	0.01705051354935705
2235	3	0.045460359547846
2235	4	0.02275953917781237
2235	5	0.06787794867209129
2235	6	0.021198174132038616
2235	7	0.012710154270799023
2235	8	0.05068015535755421
2235	9	0.018045970154304314
2235	10-14	0.015846019854699023
2235	15-19	0.06736901441490772
2235	20-24	0.02882899301576458
2235	25-29	0.0464403175553727
2235	30-34	0.02370888390596093
2235	35-39	0.0014282834938939004
2235	40-44	0.006703431081213296
2235	45-49	0.007154830464813244
2235	50-54	0.016736306575218407
2235	55-59	0.03408688530644355
2235	60-64	-5.176854735111647E-5
2235	65-69	0.00889863275136804
2235	70-74	0.008147011038985852
2235	75-79	-0.008013252481816835
2235	80-84	0.029879832078947288
2235	85-89	0.044182494252339666
2235	90-94	-0.00339123853895984
2235	95-99	0.013236678589358064
2235	100-104	0.004803298106935472
2235	105-109	-0.006113200538059971
2235	110-114	0.017667878161226724
2235	115-119	-0.009801922343022795
2235	120-124	-0.00844147777284121
2235	125-129	-0.06193343585698585
2235	130-134	-0.03608950320826665
2235	135-139	-0.09234348723485652
2235	140-144	-0.12142514736596866
2235	145-149	-0.0842173130106616
2235	150	-0.17103972171844362
2236	1	0.053172683156446965
2236	2	0.047833877259478186
2236	3	0.07723544041312635
2236	4	0.030955830890405878
2236	5	0.014445019010437932
2236	6	-0.023852978566942795
2236	7	0.010203907121585587
2236	8	0.031205202405217847
2236	9	0.025681912723364064
2236	10-14	0.03251693098560082
2236	15-19	0.024457510945147476
2236	20-24	0.026618464062352132
2236	25-29	0.02186937199289929
2236	30-34	0.03202051989085675
2236	35-39	0.0615531176627826
2236	40-44	0.022666782869571023
2236	45-49	0.014603051578411907
2236	50-54	-0.0394269100624669
2236	55-59	0.01586247031625021
2236	60-64	0.012319558547694953
2236	65-69	0.016512792284068212
2236	70-74	-0.018667866794821464
2236	75-79	0.004116624330215757
2236	80-84	0.051160600742598206
2236	85-89	0.04736687068397316
2236	90-94	-0.01477755709500883
2236	95-99	-0.029815306497148697
2236	100-104	0.01904421269896517
2236	105-109	0.004568693356191034
2236	110-114	-0.014496202610104092
2236	115-119	-0.07420805158231047
2236	120-124	-0.020093325752000624
2236	125-129	-0.011605038115114041
2236	130-134	-0.05622253945904987
2236	135-139	-0.07806687322117511
2236	140-144	-0.03866538241111783
2236	145-149	-0.07451186219015682
2236	150	-0.14332525040481414
2237	1	-0.008112227748078737
2237	2	0.02226799251723577
2237	3	0.01826865847872483
2237	4	0.09240311461370254
2237	5	0.016548879731082877
2237	6	-0.03454892623239658
2237	7	-0.017001873231002662
2237	8	0.0031608118521830875
2237	9	0.04990400520700433
2237	10-14	0.0228800493021879
2237	15-19	0.020173563100051695
2237	20-24	0.02787431352567893
2237	25-29	0.03552206182289552
2237	30-34	0.02575887710107594
2237	35-39	0.015684802318205016
2237	40-44	0.029409576141127047
2237	45-49	0.052280751014038174
2237	50-54	0.0235790130025606
2237	55-59	0.05407327554372188
2237	60-64	0.02471959247932176
2237	65-69	0.057420662924720034
2237	70-74	0.03534643438829477
2237	75-79	0.04891120325368803
2237	80-84	0.062162511891635575
2237	85-89	0.07671750914747122
2237	90-94	0.03552324678518204
2237	95-99	0.0686002860837931
2237	100-104	0.048621753953334235
2237	105-109	0.07289651280001408
2237	110-114	0.07006754144562422
2237	115-119	0.04719534058247632
2237	120-124	0.08836740587376823
2237	125-129	0.049063534710647616
2237	130-134	0.07383070325687413
2237	135-139	0.030817365038728894
2237	140-144	-0.020833294069134922
2237	145-149	-0.018990397940612525
2237	150	0.03290035500029376
2238	1	0.06914597447170223
2238	2	0.014285834414330623
2238	3	-0.028658318678765227
2238	4	0.02272876408315483
2238	5	8.811153695731377E-4
2238	6	0.05904262674444283
2238	7	0.029671414452167255
2238	8	-0.026031249897506825
2238	9	0.004853563515510473
2238	10-14	0.01324577334519006
2238	15-19	0.038956271792748964
2238	20-24	0.03538819152473849
2238	25-29	0.020815738752141044
2238	30-34	-0.003617318602223918
2238	35-39	0.011861827390951873
2238	40-44	-0.012204488291807536
2238	45-49	-0.03368171827663957
2238	50-54	0.009053617919533963
2238	55-59	0.004984362261609476
2238	60-64	-0.002097684888994422
2238	65-69	0.005089193930245983
2238	70-74	0.02884271442244568
2238	75-79	0.02326333678913528
2238	80-84	-0.0013347090238013948
2238	85-89	0.003934486827667172
2238	90-94	0.012489218245114841
2238	95-99	0.02428164095285723
2238	100-104	-0.02514452416420454
2238	105-109	-0.024120545029333584
2238	110-114	5.212901606199694E-4
2238	115-119	-0.0946115696679044
2238	120-124	-0.0015901847731711882
2238	125-129	-0.025271035707355338
2238	130-134	-0.04674602212774914
2238	135-139	-0.0757560498376435
2238	140-144	-0.11943632928247894
2238	145-149	-0.09313721026964572
2238	150	-0.049119055032292636
2239	1	0.02102192411887671
2239	2	0.05747503992830616
2239	3	-0.004904013491326964
2239	4	-0.01426578036591053
2239	5	0.010385811789824118
2239	6	0.0263174418403338
2239	7	0.0504583699522172
2239	8	0.00817347609741148
2239	9	0.025512446056438876
2239	10-14	0.05015623383621204
2239	15-19	0.031957862407047344
2239	20-24	0.03238254714201361
2239	25-29	0.0435151689081863
2239	30-34	-0.009594020819903903
2239	35-39	0.05418259257454139
2239	40-44	0.012888477731401338
2239	45-49	0.025899397536761626
2239	50-54	0.035994043716137014
2239	55-59	0.04440596266629626
2239	60-64	6.292418171511827E-4
2239	65-69	0.005282448100501824
2239	70-74	-0.018520475907259026
2239	75-79	0.031989870128334985
2239	80-84	0.009854856151129354
2239	85-89	-0.022790122824368098
2239	90-94	-0.008037775564808669
2239	95-99	-0.039941283094186986
2239	100-104	0.006297504709102952
2239	105-109	-0.029400135074546085
2239	110-114	-0.035138213543945085
2239	115-119	-0.11312812132451455
2239	120-124	-0.0839488660101253
2239	125-129	-0.041348242666039425
2239	130-134	-0.08224494053987286
2239	135-139	-0.050118348132826895
2239	140-144	-0.06794360298758306
2239	145-149	-0.08731816791930669
2239	150	-0.1074817263925496
2240	1	0.04279531643815204
2240	2	0.06623284369520377
2240	3	0.005095056124794439
2240	4	0.037474873455956015
2240	5	0.006468413748976332
2240	6	-0.014072135263802465
2240	7	0.04781847945820061
2240	8	-0.02049778819986159
2240	9	0.029116159173263156
2240	10-14	0.04416109976357063
2240	15-19	0.03385374084579951
2240	20-24	0.04050410995876064
2240	25-29	0.052547622782874726
2240	30-34	0.04663511561666667
2240	35-39	0.0479871702599155
2240	40-44	0.056659360964687266
2240	45-49	0.051282492442012995
2240	50-54	0.037844150415232036
2240	55-59	0.07974072285050937
2240	60-64	0.048524872809203146
2240	65-69	0.03507173680530684
2240	70-74	0.010731570199659757
2240	75-79	0.031638960014234385
2240	80-84	0.01754696714494486
2240	85-89	0.007789628285159722
2240	90-94	0.048170697694921216
2240	95-99	0.027894107016962266
2240	100-104	0.06314097971846167
2240	105-109	0.01414333519437605
2240	110-114	-0.011034642345087775
2240	115-119	-0.007011348902906889
2240	120-124	0.01551931043551491
2240	125-129	0.022723095550524874
2240	130-134	-0.053012908504776135
2240	135-139	0.014404226264943532
2240	140-144	-0.05298890166735504
2240	145-149	-0.04686233292730435
2240	150	0.016998915820167326
2241	1	0.024648877743160824
2241	2	0.017805564482813452
2241	3	0.06083881321253415
2241	4	-0.0345962484674871
2241	5	0.02946184664877194
2241	6	0.04237962646326565
2241	7	0.051294806049156705
2241	8	0.020137570559860762
2241	9	0.03663136648983567
2241	10-14	0.04366033728940266
2241	15-19	0.06715764012977132
2241	20-24	0.0431778990039291
2241	25-29	0.03373019689963286
2241	30-34	0.03284755867913702
2241	35-39	0.05709436609126328
2241	40-44	0.03563944138909392
2241	45-49	0.07965821907443882
2241	50-54	0.05060065575354855
2241	55-59	0.047014716478862795
2241	60-64	0.07621854968088115
2241	65-69	0.031924678010952334
2241	70-74	0.03745565972018028
2241	75-79	0.039600599179898666
2241	80-84	0.037079699957530465
2241	85-89	0.019990822249262408
2241	90-94	0.02287089205886872
2241	95-99	0.009040884038164165
2241	100-104	0.0518849263085599
2241	105-109	0.0400542313818093
2241	110-114	0.05344436009859521
2241	115-119	0.04081311436389967
2241	120-124	0.045946415027920295
2241	125-129	0.03954666885073266
2241	130-134	-0.022151962560570837
2241	135-139	-0.003605324257286213
2241	140-144	0.0041558533338630355
2241	145-149	-0.04089825701920802
2241	150	-0.03942040230866439
2242	1	0.033351675642734335
2242	2	0.044578808316423135
2242	3	-0.028901093142849277
2242	4	0.014323696800069285
2242	5	-0.014196255532326063
2242	6	0.0065047045222286215
2242	7	0.03349224689767283
2242	8	0.06479557428428251
2242	9	0.028821897945498165
2242	10-14	-0.0018386133566750118
2242	15-19	0.04371604055615563
2242	20-24	0.03937059575950741
2242	25-29	0.018877016207746067
2242	30-34	0.006452438246469683
2242	35-39	0.007896372217487624
2242	40-44	-0.01758699613119319
2242	45-49	0.017307170884315326
2242	50-54	0.024575901680513823
2242	55-59	0.042315642257840125
2242	60-64	0.03805693361734086
2242	65-69	0.008775406372485861
2242	70-74	0.019474051326547226
2242	75-79	0.034634559262755715
2242	80-84	0.005877324948649232
2242	85-89	0.03825967019793097
2242	90-94	-0.017953101893830592
2242	95-99	-0.04696054289896523
2242	100-104	-0.0017388429986269216
2242	105-109	-0.03448628528045106
2242	110-114	0.029083098055863843
2242	115-119	-0.06681003831327104
2242	120-124	-0.052073241703091355
2242	125-129	-0.040871813071881036
2242	130-134	-0.10333852102198904
2242	135-139	-0.058772256856542526
2242	140-144	-0.10663638429746669
2242	145-149	-0.1358721149685138
2242	150	-0.08458843896690382
2243	1	0.027174845375306234
2243	2	0.05041594156828921
2243	3	0.016876372495659098
2243	4	0.029686633853948763
2243	5	0.04358736022205534
2243	6	0.02711393270232776
2243	7	0.010604332625440804
2243	8	0.033923403499059646
2243	9	0.04724396847359458
2243	10-14	0.03255586945778788
2243	15-19	0.019822176637660505
2243	20-24	0.05043776825846891
2243	25-29	0.024333004199213804
2243	30-34	0.03226929236784315
2243	35-39	0.05929011223771852
2243	40-44	0.045767174432874924
2243	45-49	0.046372763736350464
2243	50-54	-0.013122266694018947
2243	55-59	0.044649810955625924
2243	60-64	0.04880100328134063
2243	65-69	0.012465833078074695
2243	70-74	0.01709255572801993
2243	75-79	7.924617464212247E-4
2243	80-84	0.007119611445162377
2243	85-89	0.01884912228189961
2243	90-94	0.003515362540227329
2243	95-99	-0.005698867255809148
2243	100-104	0.030995031141287654
2243	105-109	-0.008175326409173067
2243	110-114	-0.020225638981145266
2243	115-119	-0.014049294995174932
2243	120-124	0.004891648433762441
2243	125-129	-0.015957176364629788
2243	130-134	-0.036482725344413325
2243	135-139	-0.03318155983695448
2243	140-144	-0.09013837552473092
2243	145-149	-0.08127240902037158
2243	150	-0.09595359234847933
2244	1	0.06182718439953305
2244	2	0.09311872608090255
2244	3	0.03639694449344688
2244	4	-0.0075488156852330235
2244	5	-0.01017186534928527
2244	6	-0.015606459655863603
2244	7	0.0980569620802001
2244	8	0.026893223849576486
2244	9	0.013443136948033896
2244	10-14	0.036445719524010656
2244	15-19	0.037911883664875745
2244	20-24	0.038686391038076806
2244	25-29	0.02327229966776656
2244	30-34	0.016203221400317602
2244	35-39	0.028768573786834395
2244	40-44	0.033079297236717764
2244	45-49	0.04194336179968161
2244	50-54	0.013911394956394929
2244	55-59	0.022761874011500538
2244	60-64	0.0390730049273742
2244	65-69	0.021937211920771915
2244	70-74	-0.01152432821748306
2244	75-79	0.029763639285938837
2244	80-84	0.019311778327967488
2244	85-89	0.04014187447720019
2244	90-94	0.003294314833851786
2244	95-99	-0.019033783316835695
2244	100-104	0.007639529728209027
2244	105-109	-0.020721232931293798
2244	110-114	-0.022698769705549182
2244	115-119	-0.07567922754130763
2244	120-124	0.017081441225030858
2244	125-129	-0.012264791362163407
2244	130-134	-0.012991188486154215
2244	135-139	-0.06121087591064622
2244	140-144	-0.046803350651167364
2244	145-149	-0.05053894333143916
2244	150	-0.11342581795048545
2245	1	-0.01949061575624711
2245	2	0.02624773848876316
2245	3	0.014744577964449945
2245	4	-0.010347739759026808
2245	5	0.010144170518913143
2245	6	0.006829813059709977
2245	7	0.07142010911447016
2245	8	0.06471649788463196
2245	9	-0.06859982629713812
2245	10-14	0.026595529381879146
2245	15-19	0.04678115384422199
2245	20-24	0.018110888206138043
2245	25-29	0.030728942973503592
2245	30-34	0.034333196237525954
2245	35-39	0.05255458136060298
2245	40-44	0.031218447566182306
2245	45-49	0.05535372272565553
2245	50-54	0.04144808445872883
2245	55-59	0.039335007172823566
2245	60-64	0.028154687752547147
2245	65-69	0.03008786153564813
2245	70-74	3.362521722962697E-4
2245	75-79	0.025426045000273234
2245	80-84	0.009477106735793939
2245	85-89	0.0027642700585985835
2245	90-94	-0.01270872105728671
2245	95-99	-0.005373789161218667
2245	100-104	0.01966068123253706
2245	105-109	0.007901455866935692
2245	110-114	0.02842511838934314
2245	115-119	-0.07209111139952284
2245	120-124	-0.009873103186841092
2245	125-129	-0.023499543339632112
2245	130-134	-0.029867212625681816
2245	135-139	-0.003379343932557788
2245	140-144	-0.10052703469110469
2245	145-149	-0.10523945825607228
2245	150	-0.05413887337943635
2246	1	-0.1069961263906336
2246	2	0.016097830157804083
2246	3	0.032757914327142146
2246	4	-0.0318609752712149
2246	5	-0.026437707091638174
2246	6	0.01516451265220553
2246	7	-0.020633764433547697
2246	8	0.0313089263959796
2246	9	-0.003548186720891522
2246	10-14	-0.0026995501675273204
2246	15-19	0.022592895011925407
2246	20-24	0.036259923469884825
2246	25-29	0.03094333438611585
2246	30-34	0.009101071902151148
2246	35-39	0.0010472101372656084
2246	40-44	-0.015271799150603727
2246	45-49	0.029574646279357353
2246	50-54	0.006447325946453475
2246	55-59	-0.005862304912668037
2246	60-64	0.0071886252284514285
2246	65-69	0.003881166889193821
2246	70-74	-0.033961594867655265
2246	75-79	-0.002678225489120223
2246	80-84	-0.006131600121754843
2246	85-89	0.01877760381092486
2246	90-94	-0.027271835553882795
2246	95-99	-0.023282851420177053
2246	100-104	-5.952411118670398E-4
2246	105-109	0.004683877899537947
2246	110-114	-0.030347364773028573
2246	115-119	-0.07871268766534456
2246	120-124	-0.05734589187255068
2246	125-129	-0.0776844679306592
2246	130-134	-0.0997922659900965
2246	135-139	-0.03543653264609503
2246	140-144	-0.1514664303129436
2246	145-149	-0.08567809421104045
2246	150	-0.10784505674543965
2247	1	0.05429627578024565
2247	2	0.06369140921501071
2247	3	0.0690935931558414
2247	4	0.031441135197077585
2247	5	0.026807505017707456
2247	6	0.024934889690385376
2247	7	0.06244070484539321
2247	8	0.03744048266040778
2247	9	0.04770808988678965
2247	10-14	0.03478889944172181
2247	15-19	0.058648260481810155
2247	20-24	0.03419458228268013
2247	25-29	0.024307500597139153
2247	30-34	0.04765681343126715
2247	35-39	0.035874354212126036
2247	40-44	0.028996699979096263
2247	45-49	0.05775592831901122
2247	50-54	0.013910728816917128
2247	55-59	0.08044985529095072
2247	60-64	0.04704469601831818
2247	65-69	0.05051012416647893
2247	70-74	0.04585703713630096
2247	75-79	0.04511973877689712
2247	80-84	0.054507772205539595
2247	85-89	0.0072909640613545434
2247	90-94	0.06349573118767182
2247	95-99	0.030612764087315725
2247	100-104	0.032235326892774196
2247	105-109	0.03423425431692806
2247	110-114	0.051523237423154455
2247	115-119	-0.03505304634228423
2247	120-124	0.03095138354845517
2247	125-129	-0.0046148456373913405
2247	130-134	-0.024521204882269387
2247	135-139	-0.017789684500002068
2247	140-144	-0.05926291421879881
2247	145-149	-0.0837445528313907
2247	150	-0.09302474142872086
2248	1	0.0614369123904126
2248	2	0.04509393608262968
2248	3	0.05379191123061133
2248	4	0.03566760385069756
2248	5	0.05361288593081781
2248	6	-0.0046675788443408806
2248	7	-0.030484581951505163
2248	8	0.06801877231134057
2248	9	0.038734407963779915
2248	10-14	0.022525270217755633
2248	15-19	0.03816442903088557
2248	20-24	0.04946030093059761
2248	25-29	0.05222832951984202
2248	30-34	0.04535240349884617
2248	35-39	0.04246937421827823
2248	40-44	0.06602639918045838
2248	45-49	0.05622200405183975
2248	50-54	0.031018228305264017
2248	55-59	0.04452629226945248
2248	60-64	0.03937363898232604
2248	65-69	0.055916526008985556
2248	70-74	0.002683855731717699
2248	75-79	0.015382718852080757
2248	80-84	0.04741872980515183
2248	85-89	0.011008881439785512
2248	90-94	-0.02080323223430014
2248	95-99	0.004808217826557382
2248	100-104	0.03458244384892595
2248	105-109	0.009702648326332053
2248	110-114	-0.01724646538110619
2248	115-119	-0.06061836654043873
2248	120-124	-0.005883808616339081
2248	125-129	-0.026058230306524877
2248	130-134	-0.008769521959877125
2248	135-139	-0.021327967482008603
2248	140-144	-0.0556336361578289
2248	145-149	-0.07328221163771786
2248	150	-0.046573219651037334
2249	1	0.014894159401734441
2249	2	0.08334432211945852
2249	3	0.06331513922241783
2249	4	0.03285084749171574
2249	5	-0.005621486423343924
2249	6	3.021456704672687E-4
2249	7	0.030022726781645304
2249	8	-0.04003276305454051
2249	9	0.0030476212191530294
2249	10-14	0.020847544401163987
2249	15-19	0.008263109675652913
2249	20-24	-0.0019970581305486235
2249	25-29	0.010078186530414257
2249	30-34	-0.009202989717365995
2249	35-39	0.012187679697575504
2249	40-44	-0.013768315467039827
2249	45-49	-0.032394642649400396
2249	50-54	0.006735656270763002
2249	55-59	-0.01793127767198399
2249	60-64	-0.004654972751815478
2249	65-69	-0.007933412835726017
2249	70-74	-0.03201206810965118
2249	75-79	-0.02075856212922389
2249	80-84	-0.0016548535671674358
2249	85-89	-0.03310225939739553
2249	90-94	-0.029200714512491288
2249	95-99	-0.0036387577409087157
2249	100-104	0.025736027019789276
2249	105-109	0.003663097255845571
2249	110-114	-0.004030226213899368
2249	115-119	-0.05404920504453514
2249	120-124	0.0031914114388129633
2249	125-129	-0.03865543069756683
2249	130-134	-0.031837544387464334
2249	135-139	-0.03551539914263202
2249	140-144	-0.035413955550190224
2249	145-149	-0.0925503802336678
2249	150	-0.23868251984951172
2250	1	0.0253257023372484
2250	2	0.026290379892223825
2250	3	0.03675292309015532
2250	4	0.0069585784177235155
2250	5	0.05086762457005989
2250	6	-0.02307998412761947
2250	7	-0.04485213472288052
2250	8	0.012468087749049062
2250	9	0.00894244910094244
2250	10-14	0.019731136557901152
2250	15-19	0.05372049401114509
2250	20-24	0.025249485559818652
2250	25-29	0.03229057269545166
2250	30-34	0.013621616801962944
2250	35-39	0.009719484399134615
2250	40-44	0.006397556689805128
2250	45-49	0.042757675502528514
2250	50-54	0.003246138426909795
2250	55-59	0.061479459597300945
2250	60-64	0.019716197672465796
2250	65-69	0.016042554841419587
2250	70-74	-0.011806882429766574
2250	75-79	-0.0033636843506812397
2250	80-84	-0.01147066546408837
2250	85-89	-0.022029898871615217
2250	90-94	-0.015312242709271118
2250	95-99	0.009820581523740657
2250	100-104	-0.018056289903896072
2250	105-109	-0.05062858124530578
2250	110-114	-0.04580767646428541
2250	115-119	-0.08570052142322027
2250	120-124	-0.04208933327660702
2250	125-129	-0.05127704699410174
2250	130-134	-0.09174228509068172
2250	135-139	-0.05255028336937073
2250	140-144	-0.08515405744191895
2250	145-149	-0.09567119434396432
2250	150	-0.12267538589336624
2251	1	0.010484276878898413
2251	2	-0.018780873968680112
2251	3	0.024641286118395556
2251	4	-0.04713100536949355
2251	5	0.00633083260846945
2251	6	0.012378938738770273
2251	7	0.029767388871057676
2251	8	-0.046799601075356634
2251	9	-0.025935915364264872
2251	10-14	0.004410070559551116
2251	15-19	8.633710200101063E-4
2251	20-24	-0.046607070367088
2251	25-29	-0.023819850830967937
2251	30-34	-0.014594427973960933
2251	35-39	-0.003705022149404158
2251	40-44	0.013401989679650228
2251	45-49	-0.03474395590158963
2251	50-54	-0.0628362821184254
2251	55-59	-0.012793490408853359
2251	60-64	0.017065056513644095
2251	65-69	0.0020667341305440345
2251	70-74	-0.008649390512097455
2251	75-79	-0.028295247784356548
2251	80-84	-0.013856785215068612
2251	85-89	-0.006687386411392993
2251	90-94	-0.004735202063493205
2251	95-99	-0.031239328992384685
2251	100-104	-0.06059727329937914
2251	105-109	-0.07454585682359038
2251	110-114	-0.030594059094092074
2251	115-119	-0.10149507832767313
2251	120-124	-0.03797202463245952
2251	125-129	-0.0755900211249525
2251	130-134	-0.061889819648889954
2251	135-139	-0.08593949905413467
2251	140-144	-0.14587635614827832
2251	145-149	-0.162818964277605
2251	150	-0.16380768079354624
2252	1	0.0771720755461871
2252	2	-0.03687964617709838
2252	3	0.037961098065075305
2252	4	0.01808999698600644
2252	5	0.04953132781400171
2252	6	-0.027112516529470554
2252	7	0.06168174574517593
2252	8	0.03489760709002354
2252	9	0.06125985826998459
2252	10-14	0.013546736381030655
2252	15-19	0.02169415770665495
2252	20-24	0.019145262155895182
2252	25-29	0.03946763276412213
2252	30-34	0.03219211015961321
2252	35-39	0.027610787779636325
2252	40-44	0.046829538735821075
2252	45-49	0.036845872224077425
2252	50-54	0.02581869783860924
2252	55-59	0.018832271571000092
2252	60-64	0.031825161685517855
2252	65-69	0.014939716412271764
2252	70-74	-0.008220153946659536
2252	75-79	-0.011746854579101296
2252	80-84	0.060748826040082804
2252	85-89	0.014096035031379017
2252	90-94	0.028933401330839104
2252	95-99	0.006221247344043945
2252	100-104	0.018214893422054956
2252	105-109	0.009992575036733342
2252	110-114	-0.031092502746730588
2252	115-119	-0.058425314495181624
2252	120-124	-0.02088236002412458
2252	125-129	-0.008712926481990735
2252	130-134	-0.05942113447655828
2252	135-139	-0.028987872214507604
2252	140-144	-0.09187266659893822
2252	145-149	-0.11318182840017244
2252	150	-0.03194080002250388
2253	1	-0.009075383049342634
2253	2	-0.0037376091229148756
2253	3	-0.039795788467820614
2253	4	-0.045530355058545524
2253	5	-0.0890125225682965
2253	6	0.010239939933335052
2253	7	-0.01253935239080306
2253	8	-0.057642106924035375
2253	9	0.001224731020251113
2253	10-14	-0.002512129337539193
2253	15-19	-0.0011979144921099305
2253	20-24	-0.0199105160889701
2253	25-29	-0.015487790834065152
2253	30-34	-0.03005591643736949
2253	35-39	-0.041542727930391266
2253	40-44	-0.03133306755727716
2253	45-49	-0.02776211149045338
2253	50-54	-0.05791650747253385
2253	55-59	0.004116245281075237
2253	60-64	-0.03637359031949927
2253	65-69	-0.060812803428419215
2253	70-74	-0.09070016084086774
2253	75-79	-0.052934417177745274
2253	80-84	-0.06037684384315156
2253	85-89	-0.05688056678871334
2253	90-94	-0.05184401808763539
2253	95-99	-0.08353418391781275
2253	100-104	-0.06498582996275815
2253	105-109	-0.057927316383150185
2253	110-114	-0.05895655275589462
2253	115-119	-0.10345668113983209
2253	120-124	-0.09632738133284136
2253	125-129	-0.12123487390270782
2253	130-134	-0.10656411790680664
2253	135-139	-0.1312193851929635
2253	140-144	-0.1389273781345821
2253	145-149	-0.1783539351951049
2253	150	-0.1521094619123744
2254	1	0.07210835122130987
2254	2	-0.00359095993428582
2254	3	0.01052863519090863
2254	4	0.08309615397616454
2254	5	0.0053184059601179
2254	6	-0.004841838570406765
2254	7	0.03779748358169144
2254	8	-0.005845725874586094
2254	9	0.03297134328863649
2254	10-14	0.009621821696555344
2254	15-19	-0.012338829345011959
2254	20-24	-0.0028636078098926987
2254	25-29	-0.03504586853544822
2254	30-34	-0.011222840450976435
2254	35-39	-0.017879433241589027
2254	40-44	-0.04112127517473141
2254	45-49	-0.022886452482154596
2254	50-54	-0.05198392206878566
2254	55-59	-0.013039186462364682
2254	60-64	-0.01980407086554692
2254	65-69	-0.019491332316903254
2254	70-74	-0.041837110904488384
2254	75-79	-0.08067123914425167
2254	80-84	-0.051034743976941854
2254	85-89	-0.004721919847369804
2254	90-94	-0.003772311895588132
2254	95-99	-0.08018980600893855
2254	100-104	-0.04861048404613655
2254	105-109	-0.06848220657171566
2254	110-114	-0.04762269027319377
2254	115-119	-0.1141525098311078
2254	120-124	-0.07868599984333713
2254	125-129	-0.11966604938508851
2254	130-134	-0.15523843937847914
2254	135-139	-0.07043176922913119
2254	140-144	-0.17299707496203354
2254	145-149	-0.1576374463863317
2254	150	-0.14785775919065713
2255	1	0.05710008993441562
2255	2	0.0601894277792141
2255	3	0.015906111423959146
2255	4	-0.04152388516664729
2255	5	0.03265482775686479
2255	6	-0.02307778775315228
2255	7	-0.07643860460665763
2255	8	-0.006812249213609789
2255	9	0.040651200856380854
2255	10-14	0.01744787759994182
2255	15-19	0.006087383757957809
2255	20-24	-0.0027791437216961867
2255	25-29	-0.007970759090000001
2255	30-34	0.010247413536809802
2255	35-39	0.012691465096779098
2255	40-44	-0.01737290522000734
2255	45-49	0.026621484348893887
2255	50-54	0.004759246338672085
2255	55-59	0.002063913822247798
2255	60-64	0.011189259037436727
2255	65-69	-0.039691846890178795
2255	70-74	0.007342172633755695
2255	75-79	-0.0230653267995109
2255	80-84	-0.013637720889029481
2255	85-89	0.00792700417500214
2255	90-94	-0.019517676662296424
2255	95-99	-0.031164307522054457
2255	100-104	0.005072187071810674
2255	105-109	-0.06847785254444716
2255	110-114	-0.025953615842915667
2255	115-119	-0.053758524914734096
2255	120-124	0.0046605075373236104
2255	125-129	-0.0758423002069577
2255	130-134	-0.043777614233739826
2255	135-139	-0.008539372598264094
2255	140-144	-0.08660849661608694
2255	145-149	-0.09317430476775712
2255	150	-0.1493320166610559
2256	1	0.041007096444310775
2256	2	0.0939913885830137
2256	3	0.047616123817839195
2256	4	0.032268829970021784
2256	5	0.037324916498768346
2256	6	-0.024756700365017537
2256	7	-0.009917924936196698
2256	8	0.030076521982920212
2256	9	0.04646261708921173
2256	10-14	0.0386883699539311
2256	15-19	0.04145969798117477
2256	20-24	0.040024443145540545
2256	25-29	0.03832531748627588
2256	30-34	0.019777459771020744
2256	35-39	0.045290426571014564
2256	40-44	0.009589356462875287
2256	45-49	0.04954889970599652
2256	50-54	0.044330446213280084
2256	55-59	0.06595517235254533
2256	60-64	0.036512404631224626
2256	65-69	0.045553193812992276
2256	70-74	0.0327895303783734
2256	75-79	0.05022433781108049
2256	80-84	0.02830261349729568
2256	85-89	0.07176301757084502
2256	90-94	0.03267353699601472
2256	95-99	0.022154164355832506
2256	100-104	0.031975668422077774
2256	105-109	0.038447199645062824
2256	110-114	-3.4797113273299374E-4
2256	115-119	-0.015589276331581914
2256	120-124	0.023788034421748705
2256	125-129	0.03546941183051189
2256	130-134	-0.010789065747026427
2256	135-139	0.07317367817584142
2256	140-144	0.004708144775023015
2256	145-149	-0.05521451156765522
2256	150	-0.061227317373727885
2257	1	0.053615396127831616
2257	2	0.04780001014050583
2257	3	0.04179210588050353
2257	4	0.02771544486900268
2257	5	0.06350343341567566
2257	6	0.05091187405729869
2257	7	-0.03581652710268912
2257	8	0.0022639562785187195
2257	9	0.02136335700856762
2257	10-14	0.012392391628225141
2257	15-19	0.039466700887487605
2257	20-24	0.013603808365445502
2257	25-29	0.024403708271080404
2257	30-34	0.019907347135486475
2257	35-39	0.038993632060496
2257	40-44	0.02732145977925171
2257	45-49	0.01394397752137877
2257	50-54	0.03799159070791802
2257	55-59	0.03868127844069846
2257	60-64	0.028848266509143627
2257	65-69	0.04822397030596903
2257	70-74	0.04076655630271375
2257	75-79	0.03862307482106786
2257	80-84	0.037241394141624085
2257	85-89	0.043991454467040114
2257	90-94	0.0034099025881815237
2257	95-99	0.027168093434873697
2257	100-104	0.035600811228974294
2257	105-109	0.016625766225089933
2257	110-114	0.025593282286948238
2257	115-119	-0.008284290053055088
2257	120-124	0.0254101966275897
2257	125-129	-0.036241673811304054
2257	130-134	0.03588152104912723
2257	135-139	-0.023745010481817985
2257	140-144	-0.04415950566910709
2257	145-149	-0.07532837850673246
2257	150	-0.062079426519410674
2258	1	-0.014806340551700714
2258	2	-0.007064608919115756
2258	3	-0.0262654433464391
2258	4	-0.003436051023733455
2258	5	0.07615548510138126
2258	6	0.045753896145349415
2258	7	-0.015334977846528375
2258	8	0.023729861758404525
2258	9	0.021512806268255247
2258	10-14	-0.0028818097161575906
2258	15-19	0.021806242300463907
2258	20-24	0.029913927450017752
2258	25-29	-0.006583971752881723
2258	30-34	0.028545757847616926
2258	35-39	0.017563764854230612
2258	40-44	0.022254734185132463
2258	45-49	0.015796235209641907
2258	50-54	0.0015529391724555808
2258	55-59	0.011196920390709408
2258	60-64	-0.0071521425739646816
2258	65-69	0.0019968488265504902
2258	70-74	-0.020745967606124793
2258	75-79	-0.03635552745396353
2258	80-84	0.0022937044262860695
2258	85-89	-3.957061674739748E-4
2258	90-94	-0.024171369197624415
2258	95-99	-0.021050690541251527
2258	100-104	-0.022200074874255904
2258	105-109	-0.054686854840987564
2258	110-114	-0.0385384692583699
2258	115-119	-0.0784781418748679
2258	120-124	-0.03567412928015301
2258	125-129	-0.04517131273458119
2258	130-134	-0.08580609286406826
2258	135-139	-0.06963256863310363
2258	140-144	-0.16666138976466272
2258	145-149	-0.15597022502995372
2258	150	-0.15685217233148308
2259	1	0.035233559449345364
2259	2	0.05077783106987255
2259	3	0.0701564378415398
2259	4	-0.03396103637241765
2259	5	-0.01748458719824697
2259	6	0.005405334121292071
2259	7	0.046705755326840404
2259	8	0.038547447723836115
2259	9	0.052580906685619766
2259	10-14	0.0307975367917237
2259	15-19	0.008417930556973374
2259	20-24	0.034142094247101795
2259	25-29	0.013231003697306676
2259	30-34	0.04593622012578891
2259	35-39	0.008907817059053968
2259	40-44	-0.0047456216488726
2259	45-49	0.03518037286944775
2259	50-54	0.05447600822480325
2259	55-59	0.030937166130861726
2259	60-64	0.04143304038821327
2259	65-69	7.021428966424992E-4
2259	70-74	0.02429220347101335
2259	75-79	-0.003031101390462254
2259	80-84	0.026201730241844245
2259	85-89	0.01817809832846251
2259	90-94	1.888718559328595E-4
2259	95-99	0.003781772848739706
2259	100-104	-0.039211681275247656
2259	105-109	-0.029748235065845563
2259	110-114	-0.03757885938765071
2259	115-119	-0.06439771242570203
2259	120-124	-0.006725228231701408
2259	125-129	-0.03805563744704443
2259	130-134	-0.08035402151273274
2259	135-139	-0.00124766677522814
2259	140-144	-0.05321977143706391
2259	145-149	-0.11783395476420822
2259	150	0.008945007763919932
2260	1	-0.007244907933390721
2260	2	-0.06910285885361844
2260	3	-0.07921140531712467
2260	4	-0.04718676918670894
2260	5	0.0020444368055905215
2260	6	-0.0277820089391696
2260	7	0.003555581010665776
2260	8	-0.030467197565300808
2260	9	-0.052748079550340776
2260	10-14	-0.013883070618824433
2260	15-19	-0.0166120372644869
2260	20-24	-0.04699194302477849
2260	25-29	-0.028617073895183864
2260	30-34	-0.045255932650569264
2260	35-39	-0.04741142309381274
2260	40-44	-0.08348508475352645
2260	45-49	-0.05646657183853421
2260	50-54	-0.04915312036114727
2260	55-59	-0.03245212887642168
2260	60-64	-0.03272067485567476
2260	65-69	-0.03684986187212047
2260	70-74	-0.07437119301354755
2260	75-79	-0.0827719440084067
2260	80-84	-0.019200289050104402
2260	85-89	-0.07281723680832641
2260	90-94	-0.10914205282749379
2260	95-99	-0.08970912380456042
2260	100-104	-0.0838709930657302
2260	105-109	-0.11824345833995409
2260	110-114	-0.15331303119810968
2260	115-119	-0.13987506269845795
2260	120-124	-0.15698111694842964
2260	125-129	-0.18173133124211205
2260	130-134	-0.17487135491886363
2260	135-139	-0.13234144106744594
2260	140-144	-0.28145727827206457
2260	145-149	-0.25847790458601594
2260	150	-0.12630523473161048
2261	1	-0.08900843677879777
2261	2	-0.13812292339009247
2261	3	-0.0019928840886578314
2261	4	-0.05922523568558091
2261	5	-0.013885372432554277
2261	6	-0.026683586341441412
2261	7	-0.10699793357133558
2261	8	-0.022441638361961225
2261	9	-0.024980283176077478
2261	10-14	-0.08300605640777547
2261	15-19	-0.07170534955387353
2261	20-24	-0.10228650084009416
2261	25-29	-0.10773057203022063
2261	30-34	-0.10834017356803116
2261	35-39	-0.09518113487599322
2261	40-44	-0.09856332916724853
2261	45-49	-0.12091121208023736
2261	50-54	-0.14745742249505156
2261	55-59	-0.12500484409485324
2261	60-64	-0.163987512887509
2261	65-69	-0.18859583281155068
2261	70-74	-0.18828913438418482
2261	75-79	-0.18577752550709903
2261	80-84	-0.1708236738823743
2261	85-89	-0.19138527784403436
2261	90-94	-0.21606911281678975
2261	95-99	-0.21724438965680548
2261	100-104	-0.22441867203825439
2261	105-109	-0.31116870763029425
2261	110-114	-0.277275882499886
2261	115-119	-0.31037726988684966
2261	120-124	-0.33091435604369934
2261	125-129	-0.3744945625608267
2261	130-134	-0.3079195223204181
2261	135-139	-0.3245459351252009
2261	140-144	-0.40789590924063646
2261	145-149	-0.46260537881421016
2261	150	-0.3783729175860273
2262	1	-0.14000113960804583
2262	2	-0.1981560536086917
2262	3	-0.08725312959009557
2262	4	-0.1293233917148271
2262	5	-0.20367072378808615
2262	6	-0.10057929399938104
2262	7	-0.13332006862300005
2262	8	-0.10092160838074449
2262	9	-0.10317480856645034
2262	10-14	-0.11456372898094713
2262	15-19	-0.1059083517691235
2262	20-24	-0.10055322420431168
2262	25-29	-0.09071872103149303
2262	30-34	-0.0996133232986196
2262	35-39	-0.07037340639701739
2262	40-44	-0.11502420972247052
2262	45-49	-0.1524826238969439
2262	50-54	-0.15637954717018232
2262	55-59	-0.14478644007431996
2262	60-64	-0.15978053386160695
2262	65-69	-0.17481373396958588
2262	70-74	-0.1689837978493216
2262	75-79	-0.15920328460609312
2262	80-84	-0.2102463733218798
2262	85-89	-0.21864729456465426
2262	90-94	-0.23430773201251753
2262	95-99	-0.2724738415894663
2262	100-104	-0.24813491340246685
2262	105-109	-0.2885327477609394
2262	110-114	-0.2890464180793373
2262	115-119	-0.37699421676482814
2262	120-124	-0.3165441784415748
2262	125-129	-0.39590933644457493
2262	130-134	-0.4010426112401788
2262	135-139	-0.4155752107084041
2262	140-144	-0.4935561479960313
2262	145-149	-0.5017631909941684
2262	150	-0.47936712024836936
2263	1	-0.11801524027669785
2263	2	-0.09667517848428275
2263	3	-0.1195811524342929
2263	4	-0.074207983634345
2263	5	-0.15159035002889
2263	6	-0.08038515375420019
2263	7	-0.08033855095990106
2263	8	-0.11596501459941777
2263	9	-0.09559418110155349
2263	10-14	-0.09451389476922856
2263	15-19	-0.11253277324323818
2263	20-24	-0.11915694370978258
2263	25-29	-0.0953683191809418
2263	30-34	-0.13054674920130083
2263	35-39	-0.11115330321033667
2263	40-44	-0.1372702622988342
2263	45-49	-0.12392639570201425
2263	50-54	-0.1512019805401792
2263	55-59	-0.1704694426780904
2263	60-64	-0.16397604179815772
2263	65-69	-0.19072577014877368
2263	70-74	-0.1879644143163901
2263	75-79	-0.22738773425756875
2263	80-84	-0.2000029070582201
2263	85-89	-0.21334068333536038
2263	90-94	-0.2075274593968075
2263	95-99	-0.25908204778978217
2263	100-104	-0.29425689593990256
2263	105-109	-0.2923233168930608
2263	110-114	-0.33389520713301124
2263	115-119	-0.3596392661937813
2263	120-124	-0.36567679159992394
2263	125-129	-0.3913302807301804
2263	130-134	-0.3945704184019476
2263	135-139	-0.43316287730131364
2263	140-144	-0.4984486885791739
2263	145-149	-0.5708124760965774
2263	150	-0.6748709912475519
2264	1	-0.0153753568819468
2264	2	-0.05942045508222549
2264	3	-0.0851761829199944
2264	4	-0.1420369478679291
2264	5	-0.07305751690356743
2264	6	-0.07291172182156913
2264	7	-0.028049162342597356
2264	8	-0.10163707655726739
2264	9	-0.0669480958152775
2264	10-14	-0.0595042539914985
2264	15-19	-0.09541207849662925
2264	20-24	-0.09234449592079841
2264	25-29	-0.07084601274264202
2264	30-34	-0.06191096004455687
2264	35-39	-0.09488948226191951
2264	40-44	-0.09466226742794959
2264	45-49	-0.06659167200517402
2264	50-54	-0.07459749245942504
2264	55-59	-0.09777379910946138
2264	60-64	-0.10699723992863852
2264	65-69	-0.13793724033185129
2264	70-74	-0.13296141654248572
2264	75-79	-0.16632520106228554
2264	80-84	-0.15165017724161345
2264	85-89	-0.15022178777948625
2264	90-94	-0.22107360748105265
2264	95-99	-0.22290344889509583
2264	100-104	-0.24656711895427463
2264	105-109	-0.25484388941261216
2264	110-114	-0.23959933658630916
2264	115-119	-0.24978129066762023
2264	120-124	-0.25292307701852934
2264	125-129	-0.2908493209371983
2264	130-134	-0.32384706266382324
2264	135-139	-0.30980627590838594
2264	140-144	-0.37829544679857463
2264	145-149	-0.41021106843248845
2264	150	-0.41910302684394907
2265	1	-0.08108241932781368
2265	2	-0.10213487668757182
2265	3	-0.0724238772259369
2265	4	-0.09504655239942394
2265	5	-0.09435615164282041
2265	6	-0.17553903286518846
2265	7	-0.07362837616308582
2265	8	-0.12191316384426898
2265	9	-0.11289462434990583
2265	10-14	-0.0653120693668825
2265	15-19	-0.09686366213765751
2265	20-24	-0.07419151393708034
2265	25-29	-0.10296095520499193
2265	30-34	-0.06309711088829317
2265	35-39	-0.10777266646828565
2265	40-44	-0.10926299318301602
2265	45-49	-0.09427951383563027
2265	50-54	-0.12435687900446624
2265	55-59	-0.08894554880089345
2265	60-64	-0.14859921518386443
2265	65-69	-0.12245409808180341
2265	70-74	-0.1488513303009782
2265	75-79	-0.20178205103535873
2265	80-84	-0.1952486851929578
2265	85-89	-0.1492271341908662
2265	90-94	-0.18049892667595913
2265	95-99	-0.22978289904150273
2265	100-104	-0.2133987000380202
2265	105-109	-0.22417422926667996
2265	110-114	-0.2199812966290864
2265	115-119	-0.2513501419597759
2265	120-124	-0.3118727039669835
2265	125-129	-0.31693289803114766
2265	130-134	-0.3830737378512836
2265	135-139	-0.3262489628667211
2265	140-144	-0.47047448948558923
2265	145-149	-0.4437517381005023
2265	150	-0.4024819703901201
2266	1	-0.004918522376726742
2266	2	-0.014939448243211473
2266	3	-0.06653236030510357
2266	4	-0.07594090685352484
2266	5	-0.02906807574260739
2266	6	-0.051126904128430795
2266	7	-0.03894756841452107
2266	8	-0.06919012279102077
2266	9	-0.021375387161207016
2266	10-14	-0.01849257997874787
2266	15-19	-0.01880565189063077
2266	20-24	-0.01546966246013426
2266	25-29	-0.01094903473416764
2266	30-34	-0.004963458824690292
2266	35-39	-0.04494684365440804
2266	40-44	-0.016153893181659384
2266	45-49	-0.02836672249302552
2266	50-54	-0.05860154823817254
2266	55-59	-0.02724932417429926
2266	60-64	-0.06437469050607092
2266	65-69	-0.07908454469796311
2266	70-74	-0.0866716672171961
2266	75-79	-0.11749949397649573
2266	80-84	-0.10553039755485827
2266	85-89	-0.07637859309475914
2266	90-94	-0.11177870436777937
2266	95-99	-0.08073432072932007
2266	100-104	-0.1050423202723465
2266	105-109	-0.11602876122554306
2266	110-114	-0.15019952545755189
2266	115-119	-0.18609323903275055
2266	120-124	-0.15813389034672554
2266	125-129	-0.24248856425693077
2266	130-134	-0.22150472222180895
2266	135-139	-0.21455089802580574
2266	140-144	-0.25205701717823814
2266	145-149	-0.32513366441626346
2266	150	-0.29593304655517016
2267	1	0.012689614424587603
2267	2	0.005712074309293769
2267	3	-0.04552854022180952
2267	4	-0.017296898320054765
2267	5	-0.03888413482319919
2267	6	-0.049654792832114936
2267	7	0.010173419743942702
2267	8	0.02923125771172863
2267	9	0.008178642110820533
2267	10-14	-0.013732270227528431
2267	15-19	-0.02405754030152707
2267	20-24	-0.029985134583327522
2267	25-29	-0.005371838262576034
2267	30-34	0.022775561646767528
2267	35-39	-0.017906009135522538
2267	40-44	-0.025578070853541135
2267	45-49	-0.060031515512626754
2267	50-54	-0.055420025841819154
2267	55-59	-0.004342263223314546
2267	60-64	-0.025640792693010894
2267	65-69	-0.031863694584593816
2267	70-74	-0.05295686473398575
2267	75-79	-0.07392943511595007
2267	80-84	-0.06574681994035814
2267	85-89	-0.004120202642781123
2267	90-94	-0.04596106152514068
2267	95-99	-0.09135178293681889
2267	100-104	-0.07947490939113777
2267	105-109	-0.08234635017571179
2267	110-114	-0.11703393274900264
2267	115-119	-0.1396491424096311
2267	120-124	-0.08394417085257544
2267	125-129	-0.1661957515996093
2267	130-134	-0.13976379051336352
2267	135-139	-0.1830785410469815
2267	140-144	-0.1818356246812982
2267	145-149	-0.23301528654547354
2267	150	-0.17823550777001884
2268	1	0.032744091724957514
2268	2	-0.00450296946986839
2268	3	0.0076762793560902765
2268	4	-2.3400171217247134E-4
2268	5	-0.052246692292150954
2268	6	-0.04326307471600188
2268	7	-0.02334010112542728
2268	8	-0.03774948502353226
2268	9	-0.03132100737246901
2268	10-14	-0.022222187557972006
2268	15-19	-0.016810472396947773
2268	20-24	-0.03342260793262142
2268	25-29	-0.006712053725344447
2268	30-34	0.024639257687503857
2268	35-39	0.0041791987319115265
2268	40-44	-0.002337004527639408
2268	45-49	-0.01404686437408742
2268	50-54	0.0035382097456135853
2268	55-59	0.01862567479352606
2268	60-64	-0.002092904661694206
2268	65-69	-0.03399418543537536
2268	70-74	-0.0031346963925500404
2268	75-79	-0.0457695524299524
2268	80-84	-0.04202265804568839
2268	85-89	0.009850851629515489
2268	90-94	-0.03256073839391149
2268	95-99	-0.044233527556940544
2268	100-104	-0.04480654301386977
2268	105-109	-0.0504601497497319
2268	110-114	-0.041612436597475266
2268	115-119	-0.06515761673877307
2268	120-124	-0.05418197430096683
2268	125-129	-0.03729427142814501
2268	130-134	-0.06960372334757636
2268	135-139	-0.053494240102843094
2268	140-144	-0.12637960942524273
2268	145-149	-0.11466378891083906
2268	150	-0.14276315536062611
2269	1	0.06404695809531802
2269	2	0.0211682735227825
2269	3	-0.004570256991769384
2269	4	-0.019116593748108812
2269	5	0.045744596295222095
2269	6	0.009219585957161769
2269	7	0.006745373674142741
2269	8	0.07702881519387006
2269	9	0.011047773719198517
2269	10-14	0.033325860800637486
2269	15-19	-0.006787475860988934
2269	20-24	0.04327918935160824
2269	25-29	0.02911817331374067
2269	30-34	0.0015702236492671773
2269	35-39	0.054151575311294664
2269	40-44	0.02681794554950301
2269	45-49	0.04611716021887702
2269	50-54	-0.003539085273430942
2269	55-59	0.030322990740806688
2269	60-64	0.015445194362825987
2269	65-69	0.02484072823952488
2269	70-74	0.020684628358068835
2269	75-79	0.018854850249965693
2269	80-84	-0.0043358552383025994
2269	85-89	-5.36535053946352E-4
2269	90-94	0.022213609054489325
2269	95-99	0.0031138427026178306
2269	100-104	0.014629804382437328
2269	105-109	0.013813957927986564
2269	110-114	0.008409456840169582
2269	115-119	-0.01961987928537212
2269	120-124	-0.02575304677299073
2269	125-129	-0.018605334431917697
2269	130-134	-0.04759862764613132
2269	135-139	0.027275783812946486
2269	140-144	-0.024168602036013453
2269	145-149	-0.0025927371219083284
2269	150	-0.07335467651789429
2270	1	0.08424139561570598
2270	2	0.026759834150119843
2270	3	-0.012146419877900883
2270	4	-0.025009603968008776
2270	5	0.012822855649275766
2270	6	0.005189078245123824
2270	7	0.013216153835820421
2270	8	0.004201734786370537
2270	9	0.030958038001827504
2270	10-14	0.003788461798912124
2270	15-19	0.023425453945343122
2270	20-24	0.020572080815576044
2270	25-29	0.03423971576290796
2270	30-34	0.01689265818657759
2270	35-39	0.045421919359007745
2270	40-44	0.02699429609433679
2270	45-49	-0.023832034125419455
2270	50-54	0.035492810626649884
2270	55-59	0.010529982750114186
2270	60-64	0.060929874643861126
2270	65-69	0.00843980332123806
2270	70-74	0.04395444955540029
2270	75-79	0.0156487438438333
2270	80-84	0.04427295742520698
2270	85-89	0.039581065751811195
2270	90-94	0.016119362232622336
2270	95-99	0.0014211247114914727
2270	100-104	-0.023541090684730648
2270	105-109	0.027215707652885612
2270	110-114	0.0010036661708170413
2270	115-119	0.017662697029500407
2270	120-124	0.031219264448630213
2270	125-129	-0.051209311742638874
2270	130-134	0.04655069680278956
2270	135-139	0.03289263580777657
2270	140-144	-0.00778611873987245
2270	145-149	-0.03855809524402076
2270	150	0.04706344166655896
2271	1	0.026569176345091705
2271	2	0.10552738636486225
2271	3	0.026896109459116246
2271	4	0.0111509380674093
2271	5	0.029641468117787895
2271	6	-0.006651280687698602
2271	7	0.07069792740997372
2271	8	0.04360343935363176
2271	9	0.022366720022667153
2271	10-14	0.04159203860240979
2271	15-19	0.00659403399111369
2271	20-24	0.036342176346487065
2271	25-29	0.032567510633050745
2271	30-34	0.02815088255191256
2271	35-39	0.034613613482314065
2271	40-44	0.012077857868241892
2271	45-49	0.0033435112532771427
2271	50-54	0.013741679871117185
2271	55-59	0.05728926464205841
2271	60-64	0.06108681684655437
2271	65-69	0.035996381500439156
2271	70-74	0.04219701606240278
2271	75-79	0.003990517862412446
2271	80-84	0.0359969177260453
2271	85-89	0.028684501349758307
2271	90-94	0.05145056906543033
2271	95-99	0.051843529327037174
2271	100-104	0.022637147498137722
2271	105-109	0.03683675556379029
2271	110-114	0.04074076929531856
2271	115-119	-6.335639523200598E-4
2271	120-124	0.02602849553485953
2271	125-129	-0.019949915714576605
2271	130-134	-0.013321490954147919
2271	135-139	0.003546262002927847
2271	140-144	-0.026689806043286524
2271	145-149	-0.0580993892849051
2271	150	0.0026820694878892937
2272	1	0.09729095391761433
2272	2	0.031006449709529704
2272	3	0.016264315028330145
2272	4	0.03930390385042415
2272	5	0.04983136291345858
2272	6	0.018022714214659175
2272	7	0.021603278878046694
2272	8	0.013246444918905809
2272	9	-0.004163477180831876
2272	10-14	0.02420674386581112
2272	15-19	-0.0026884528965567256
2272	20-24	0.0031554195164673615
2272	25-29	0.02355179503616256
2272	30-34	0.032434866295425024
2272	35-39	0.02327157421643733
2272	40-44	0.015694089798280686
2272	45-49	0.008945192986608674
2272	50-54	0.00364674257863129
2272	55-59	0.036186734943051135
2272	60-64	0.050107307224102726
2272	65-69	0.03889672980679393
2272	70-74	0.038499638124363855
2272	75-79	-1.2515107299293504E-4
2272	80-84	0.05405713907880738
2272	85-89	0.048468767159022264
2272	90-94	0.07366213125999366
2272	95-99	0.0543018592603417
2272	100-104	0.038151354744336174
2272	105-109	0.04855023739700215
2272	110-114	0.00630689028119491
2272	115-119	0.044495409442056655
2272	120-124	0.036189077219354715
2272	125-129	0.014468552631790033
2272	130-134	-0.004696407995481877
2272	135-139	0.026298905374559922
2272	140-144	-0.02320834924507409
2272	145-149	-0.029223496445126784
2272	150	-0.07649915415449726
2273	1	0.11073462947560841
2273	2	0.08705515669332442
2273	3	0.09020160988971782
2273	4	0.08398142384955776
2273	5	0.014347067115522805
2273	6	0.05214138324594586
2273	7	0.02835312257593614
2273	8	0.03693143616386152
2273	9	0.06404543771890303
2273	10-14	0.051332859664611874
2273	15-19	0.010226971605412416
2273	20-24	0.04119394615275951
2273	25-29	0.03350191491414023
2273	30-34	0.039239644583126676
2273	35-39	0.029386195627495226
2273	40-44	0.05117494649466181
2273	45-49	0.033626330111374614
2273	50-54	0.061649840399930156
2273	55-59	0.03736508240013592
2273	60-64	0.03622814531696861
2273	65-69	0.04247254576145565
2273	70-74	0.043236990398519026
2273	75-79	0.028210729387076583
2273	80-84	0.011982604240053263
2273	85-89	0.041064391630570185
2273	90-94	0.07933810538298047
2273	95-99	0.05379442994120609
2273	100-104	0.0517170627749266
2273	105-109	0.06856401807922907
2273	110-114	0.083672787320765
2273	115-119	0.03813262650893989
2273	120-124	0.02579280471992007
2273	125-129	0.05611774141348036
2273	130-134	0.009569136971123271
2273	135-139	0.040025452092777414
2273	140-144	0.011977027937881246
2273	145-149	-0.009759476376153486
2273	150	0.09157049736234768
2274	1	0.0478130851904055
2274	2	0.01757506143801635
2274	3	0.06340011909344412
2274	4	0.08991265580520036
2274	5	0.006449651339522688
2274	6	0.02075219754991764
2274	7	0.05258022887927183
2274	8	0.04924263811810192
2274	9	0.07566514667359314
2274	10-14	0.03721906830396193
2274	15-19	0.04251629025598902
2274	20-24	0.03219009106666704
2274	25-29	0.0580610893896889
2274	30-34	0.03598827379548197
2274	35-39	0.01792155486189273
2274	40-44	0.02377581178525645
2274	45-49	-0.0051543348755700436
2274	50-54	0.04569418242640921
2274	55-59	0.0540950407963976
2274	60-64	0.030021134436637453
2274	65-69	0.05262711793437802
2274	70-74	0.010882219839338347
2274	75-79	0.019432566705702925
2274	80-84	-0.013974901418919217
2274	85-89	0.021972668948258445
2274	90-94	0.04211612319934943
2274	95-99	0.010314299732428367
2274	100-104	-0.04184256639894102
2274	105-109	0.009097367791540023
2274	110-114	0.0019524072895364952
2274	115-119	0.024291734956761957
2274	120-124	0.01143535931023365
2274	125-129	0.023056466041772694
2274	130-134	-0.024353913445438025
2274	135-139	-0.053386170303348024
2274	140-144	-0.0168396825738526
2274	145-149	0.015670696418297325
2274	150	0.0616588539032108
2275	1	0.022098532723966002
2275	2	-0.05303721428440866
2275	3	-0.02961732726949151
2275	4	-0.0063119628662207106
2275	5	-0.009821440368455114
2275	6	4.1318212637975194E-4
2275	7	0.013806104750372583
2275	8	0.04677503347114964
2275	9	0.01867903065662091
2275	10-14	0.036380030450629874
2275	15-19	0.003597610153562414
2275	20-24	0.01582454539990863
2275	25-29	0.03740269372728022
2275	30-34	-0.02250217934049914
2275	35-39	0.019644686192577865
2275	40-44	0.024773750631190694
2275	45-49	-0.04147651626341542
2275	50-54	-0.04219846315021414
2275	55-59	0.0355233377538795
2275	60-64	0.003860564465909988
2275	65-69	-0.005645355248191208
2275	70-74	-0.010993270773262509
2275	75-79	-0.03890721849347045
2275	80-84	-0.02279831456088033
2275	85-89	0.0068190813678086215
2275	90-94	-0.008700709780825377
2275	95-99	-0.030924654533784235
2275	100-104	-0.04851763450197666
2275	105-109	-0.04029053240603275
2275	110-114	-0.0795289597043265
2275	115-119	-0.06699852888930025
2275	120-124	-0.08335585318440053
2275	125-129	-0.07332096176411795
2275	130-134	-0.05271229715786063
2275	135-139	-0.1081053812569337
2275	140-144	-0.08096691394622013
2275	145-149	-0.12249105774532154
2275	150	-0.19099362381054874
2276	1	0.011582118309902967
2276	2	0.012185549707517396
2276	3	0.013026022326997122
2276	4	0.051643268399310216
2276	5	-0.021104981559140867
2276	6	-0.010012856241786494
2276	7	0.03425454711632625
2276	8	-0.0529251224155729
2276	9	-0.04173102642802462
2276	10-14	-0.021303242153827284
2276	15-19	-0.03428482699469981
2276	20-24	-0.015029328287049282
2276	25-29	-0.04943459767923031
2276	30-34	-0.02383480194713883
2276	35-39	-0.040505633508594485
2276	40-44	-0.08114560605041987
2276	45-49	-0.0911414025899262
2276	50-54	-0.06236845367217825
2276	55-59	-0.06555436953847504
2276	60-64	-0.04413611746728918
2276	65-69	-0.1016967852836359
2276	70-74	-0.05715322756590524
2276	75-79	-0.0555453906574499
2276	80-84	-0.05094385648745714
2276	85-89	-0.05291092302641687
2276	90-94	-0.0482551566295939
2276	95-99	-0.1042414176669979
2276	100-104	-0.0629285543242446
2276	105-109	-0.04401586774872612
2276	110-114	-0.08245189871018255
2276	115-119	-0.24324888186174576
2276	120-124	-0.0721553844672016
2276	125-129	-0.15167322348066392
2276	130-134	-0.14598967838168875
2276	135-139	-0.09045857114629996
2276	140-144	-0.13451892157294054
2276	145-149	-0.10792816724202225
2276	150	-0.04269697696067709
2277	1	0.05546182880610928
2277	2	0.044666815180960384
2277	3	-0.010794728465455705
2277	4	0.04587520543678636
2277	5	0.02810990149077952
2277	6	0.01669673759604251
2277	7	0.051800817823348666
2277	8	0.032045495968652915
2277	9	0.04666843283236233
2277	10-14	-0.025132144537813872
2277	15-19	0.007121529041398844
2277	20-24	0.007271349161129592
2277	25-29	0.030345986977941664
2277	30-34	0.008781267514194724
2277	35-39	-0.017752809371060607
2277	40-44	0.03247948048255722
2277	45-49	-0.010370778471923359
2277	50-54	0.05262389894810582
2277	55-59	0.0022536602803953087
2277	60-64	0.014093712105108125
2277	65-69	0.0037824835911806076
2277	70-74	0.037323938855870153
2277	75-79	-0.00982189881716522
2277	80-84	-0.008660151831684004
2277	85-89	-0.01274701308526005
2277	90-94	-0.0802206825746481
2277	95-99	-0.018520496003873177
2277	100-104	-0.10272776775380521
2277	105-109	0.014250449518193875
2277	110-114	-0.07608908632689548
2277	115-119	-0.11471825134436386
2277	120-124	-0.04759138735654744
2277	125-129	-0.07489778138312175
2277	130-134	-0.1166097466537721
2277	135-139	-0.05070139875817148
2277	140-144	-0.03400306175544898
2277	145-149	-0.0893181599505013
2277	150	-0.1085839296627995
2278	1	0.04718596576837797
2278	2	0.013356478394136673
2278	3	2.5614389605266297E-4
2278	4	0.07421878965877937
2278	5	0.05105306893460693
2278	6	0.048757893154601106
2278	7	0.04024986785147178
2278	8	0.03130872432080878
2278	9	0.05714337311452766
2278	10-14	0.026045460975396395
2278	15-19	0.03478677765090765
2278	20-24	0.0017349562237427563
2278	25-29	-0.009062376258206939
2278	30-34	0.03244420958597516
2278	35-39	-0.005332201959376448
2278	40-44	0.02192896667388311
2278	45-49	0.014129091241002811
2278	50-54	0.023122831717877546
2278	55-59	0.02277833440468413
2278	60-64	-0.01690786889868434
2278	65-69	-0.010085258523290008
2278	70-74	0.012452101302422136
2278	75-79	-0.03819849378029261
2278	80-84	-0.03806246778101041
2278	85-89	0.030911167011510088
2278	90-94	-0.010481207557809569
2278	95-99	-0.028052593330777142
2278	100-104	-0.006386270934420679
2278	105-109	-0.013648543232790189
2278	110-114	-0.0379330241852287
2278	115-119	-0.057287849575551775
2278	120-124	-0.04544049174704412
2278	125-129	-0.11928079307244133
2278	130-134	-0.08721642086374715
2278	135-139	-0.04994453972317103
2278	140-144	-0.05899626645927469
2278	145-149	-0.09267696774300305
2278	150	-0.0948282835969394
2279	1	0.06598191565640832
2279	2	0.0098998115283635
2279	3	0.024424469462125842
2279	4	0.05232101280746093
2279	5	0.004554718081749343
2279	6	-0.029805266316323298
2279	7	-0.01919307921531299
2279	8	0.02407122965914965
2279	9	0.009425990246235472
2279	10-14	-0.0027594325441882006
2279	15-19	0.004570935842252766
2279	20-24	0.01603304368441627
2279	25-29	0.009618029711965903
2279	30-34	0.04874811264203771
2279	35-39	0.015720562216039013
2279	40-44	-0.0012512521748746508
2279	45-49	-0.008264404979378526
2279	50-54	-0.0011522404183494928
2279	55-59	0.01714205861249951
2279	60-64	-0.050979732461378546
2279	65-69	-0.05047388186636681
2279	70-74	0.02362302625109436
2279	75-79	0.01762384693184771
2279	80-84	-1.7684224081904176E-4
2279	85-89	-0.03124855543928362
2279	90-94	-0.007628367883675935
2279	95-99	-0.004234962958356903
2279	100-104	0.001457732789319266
2279	105-109	0.009349714770458206
2279	110-114	-0.01873121790486465
2279	115-119	-0.07634197012724542
2279	120-124	-0.0408539041061573
2279	125-129	-0.0555119077268742
2279	130-134	-0.04254769484565912
2279	135-139	-0.035211826714594
2279	140-144	-0.09482672592463359
2279	145-149	-0.07965195605045494
2279	150	-0.06567289805571619
2280	1	0.05238532287034303
2280	2	-0.006553106698710565
2280	3	-0.01613370520647095
2280	4	0.009047142087709403
2280	5	0.018699986749233233
2280	6	-0.031805363053706515
2280	7	0.06656002641469883
2280	8	0.011806936968895343
2280	9	0.0066339848701062465
2280	10-14	-0.004011986050763028
2280	15-19	0.019038226773737676
2280	20-24	0.01198344210862956
2280	25-29	-0.00569457094893977
2280	30-34	0.019108479955924906
2280	35-39	0.048479501933215374
2280	40-44	-0.0211394690477249
2280	45-49	-0.04081268362008217
2280	50-54	0.0037837122338544305
2280	55-59	0.04907269997102759
2280	60-64	0.001790260015752665
2280	65-69	0.007814226742944186
2280	70-74	0.01757955412020351
2280	75-79	-0.03428550191240021
2280	80-84	-0.0035466064588973722
2280	85-89	0.010381911894867812
2280	90-94	0.001733906391486073
2280	95-99	-0.02466321109589842
2280	100-104	-0.046738465020098374
2280	105-109	0.02323482163953372
2280	110-114	0.03038643429957233
2280	115-119	-0.04131653540079583
2280	120-124	-0.009885871692965509
2280	125-129	-0.038333520915266206
2280	130-134	-0.010485068714011447
2280	135-139	-0.1242486723351206
2280	140-144	-0.12084229858417928
2280	145-149	-0.0878312968572672
2280	150	-0.09807364190440637
2281	1	0.06208304349624427
2281	2	-0.062056190126519084
2281	3	-0.01862951215426989
2281	4	0.017312108808759774
2281	5	0.008314184201587693
2281	6	0.0024200138448478015
2281	7	-0.010482450179281955
2281	8	0.06330728455814949
2281	9	0.03056174474770046
2281	10-14	0.003927560422553711
2281	15-19	-0.0037421611303898317
2281	20-24	-0.003536866196327537
2281	25-29	-0.015613564193749596
2281	30-34	-0.03252470947585806
2281	35-39	-0.01733036146140421
2281	40-44	-0.021246575327069195
2281	45-49	-0.038392298778965994
2281	50-54	-0.016596630899158527
2281	55-59	-0.014191022890564398
2281	60-64	-0.0559695693113369
2281	65-69	-0.04484457601851233
2281	70-74	-0.03363058481504311
2281	75-79	-0.06081498529523088
2281	80-84	-0.03797566583372003
2281	85-89	-0.10024375267634156
2281	90-94	-0.11866662809629247
2281	95-99	-0.07046722241547343
2281	100-104	-0.09197579301429215
2281	105-109	-0.05418706144237717
2281	110-114	-0.07569972113368806
2281	115-119	-0.17977225811314668
2281	120-124	-0.17213032379928705
2281	125-129	-0.18391746238302886
2281	130-134	-0.187309625304529
2281	135-139	-0.17095103848586035
2281	140-144	-0.18647045804917894
2281	145-149	-0.1466163220677572
2281	150	-0.2977614703579903
2282	1	0.03039850536091393
2282	2	-0.05160161211713188
2282	3	-0.05273489105338314
2282	4	0.029902768880056385
2282	5	-0.08174181311914452
2282	6	-0.013274782499401283
2282	7	0.01646760232947031
2282	8	-0.031186058874169476
2282	9	-0.0073301256186013575
2282	10-14	-0.009407170845626922
2282	15-19	-0.03670211108055099
2282	20-24	-0.032751510472834866
2282	25-29	0.006693714737039613
2282	30-34	-0.023426943209628348
2282	35-39	0.02143418383912632
2282	40-44	0.0039871203566193
2282	45-49	-0.013797891866147438
2282	50-54	-0.018218924888309118
2282	55-59	-0.0016848030991667429
2282	60-64	-0.0061470772605360935
2282	65-69	-0.025828618717582685
2282	70-74	-0.006796253729220325
2282	75-79	-0.015951870856234507
2282	80-84	-0.052315092251021156
2282	85-89	-0.048513487026411894
2282	90-94	-0.07981312900424342
2282	95-99	-0.07787922343540998
2282	100-104	-0.08232377378986655
2282	105-109	-0.04219898651619758
2282	110-114	-0.07092423777655199
2282	115-119	-0.14773961539410863
2282	120-124	-0.13654705193903993
2282	125-129	-0.12912377609622183
2282	130-134	-0.18840719222399827
2282	135-139	-0.1929030977833719
2282	140-144	-0.17157580701493202
2282	145-149	-0.16664361940991057
2282	150	-0.29287324324184283
2283	1	0.052977698873760914
2283	2	0.015616676929745665
2283	3	0.0012086971634488464
2283	4	0.07797187209735768
2283	5	0.03830627127570807
2283	6	0.01615568830199976
2283	7	-0.0037741553224321933
2283	8	0.008526321047476415
2283	9	0.07395116372224919
2283	10-14	0.014947225624680982
2283	15-19	0.026004271398839762
2283	20-24	0.043703363907923176
2283	25-29	0.039879312137586
2283	30-34	0.04018164582171835
2283	35-39	0.03486554592447533
2283	40-44	-0.02380745741632495
2283	45-49	0.0118961143740961
2283	50-54	-0.015908015335526215
2283	55-59	0.0032728702752322647
2283	60-64	0.0033009071457499317
2283	65-69	-0.05753804267228446
2283	70-74	-0.025145905423194392
2283	75-79	-0.013708182089096965
2283	80-84	-0.05201918348154777
2283	85-89	-0.037187252757291844
2283	90-94	-0.06389721927358494
2283	95-99	-0.07334684479950226
2283	100-104	-0.05184479604513115
2283	105-109	-0.08025506375581415
2283	110-114	-0.07606846911592413
2283	115-119	-0.12941661483799294
2283	120-124	-0.07257920307283428
2283	125-129	-0.13475790153632516
2283	130-134	-0.16629149133340348
2283	135-139	-0.15416301628207663
2283	140-144	-0.15882807470221394
2283	145-149	-0.14354831756236308
2283	150	-0.18146150063815725
2284	1	0.06550667723796266
2284	2	0.01308487211460374
2284	3	0.012590438538630622
2284	4	0.0733212636448215
2284	5	-0.022091012682878386
2284	6	-0.01381110607224656
2284	7	0.070016078151518
2284	8	0.06693039842022586
2284	9	0.04126716921458495
2284	10-14	-0.007384840564746753
2284	15-19	0.010298142842088964
2284	20-24	0.017288214130850577
2284	25-29	0.018568906577058897
2284	30-34	0.025988475487288554
2284	35-39	0.026792490237191657
2284	40-44	0.033691948739289046
2284	45-49	-0.021741010707330588
2284	50-54	0.003097239463023982
2284	55-59	-0.017384637531655756
2284	60-64	-0.0422157540169934
2284	65-69	-0.004408503487240978
2284	70-74	-0.009754162632717112
2284	75-79	0.02103130024412536
2284	80-84	-0.02871598516400553
2284	85-89	-0.019621998157383302
2284	90-94	-0.034251556075638234
2284	95-99	-0.06630343663764648
2284	100-104	-0.03708645967014945
2284	105-109	0.013764944040723037
2284	110-114	-0.033854906951788166
2284	115-119	-0.06816696762707863
2284	120-124	-0.09409085359604319
2284	125-129	-0.12109103871478766
2284	130-134	-0.07620678884737231
2284	135-139	-0.08912480746569429
2284	140-144	-0.10541845616135248
2284	145-149	-0.08990981029263878
2284	150	-0.20074799351326789
2285	1	0.0789185845768472
2285	2	0.004723641443469262
2285	3	0.01807258004735246
2285	4	0.07355157399745593
2285	5	-0.009538888709627713
2285	6	-0.024651633982166743
2285	7	-0.020372554836974643
2285	8	0.05886576049830694
2285	9	0.05092174563651497
2285	10-14	0.012908060506674701
2285	15-19	0.020782339944126704
2285	20-24	0.04616376263865618
2285	25-29	0.017072015137550522
2285	30-34	-0.0022766037579273757
2285	35-39	0.03214231865807449
2285	40-44	-0.02351479360677189
2285	45-49	0.016680377531322677
2285	50-54	-0.006908381955419429
2285	55-59	0.015072341836898318
2285	60-64	-0.021963880910035982
2285	65-69	0.011986489255257027
2285	70-74	0.011036443725366496
2285	75-79	0.014610549658918615
2285	80-84	-5.937906293738138E-4
2285	85-89	-0.049997710273629536
2285	90-94	-0.06851410148746595
2285	95-99	-0.025386642020784222
2285	100-104	-0.06614575304946868
2285	105-109	-0.009176316331632961
2285	110-114	-0.016464671439536005
2285	115-119	-0.14084200769016064
2285	120-124	-0.04771289291240777
2285	125-129	-0.11546307593361149
2285	130-134	-0.09090319030054417
2285	135-139	-0.11520130909759274
2285	140-144	-0.09859053029695986
2285	145-149	-0.13603614957460763
2285	150	-0.09509217534517944
2286	1	0.09809922240820868
2286	2	0.03838251444317109
2286	3	-0.015389669509296766
2286	4	0.02542306024430019
2286	5	-0.004513461818746123
2286	6	-0.025400815416553257
2286	7	0.030792093190292746
2286	8	-0.0040780571827099266
2286	9	-0.04415323539289062
2286	10-14	0.022493558165216143
2286	15-19	0.005738424580243873
2286	20-24	-0.0059931839543878596
2286	25-29	-0.009503341111425812
2286	30-34	0.013580007862557864
2286	35-39	0.05481216316205462
2286	40-44	-0.003513074723791476
2286	45-49	-0.02207741508754424
2286	50-54	-0.01911689503779712
2286	55-59	-0.022895477319842428
2286	60-64	-0.03973214194546415
2286	65-69	-0.05882947707141284
2286	70-74	0.011539028338425794
2286	75-79	-0.04318743547484161
2286	80-84	-0.09648440259363156
2286	85-89	-0.07930827050371647
2286	90-94	-0.07965791329912975
2286	95-99	-0.09114313918881578
2286	100-104	-0.09047322960348936
2286	105-109	-0.023848449884653178
2286	110-114	-0.10825486709872223
2286	115-119	-0.10357444468890975
2286	120-124	-0.10401155092596781
2286	125-129	-0.10486293423057447
2286	130-134	-0.12996639907775176
2286	135-139	-0.12020019811225069
2286	140-144	-0.14185313788436105
2286	145-149	-0.11629180197454048
2286	150	-0.16358253492711583
2287	1	0.09068763947384184
2287	2	-0.07418985044250803
2287	3	-0.045977222383122296
2287	4	0.04450885424795814
2287	5	-0.054367289017783094
2287	6	-0.059354285638519855
2287	7	-0.007616273617266245
2287	8	-0.002805752213241419
2287	9	-0.00176718798509512
2287	10-14	-0.027975162237432016
2287	15-19	-0.020165745246863764
2287	20-24	-0.004647142204902366
2287	25-29	-0.029208459029298695
2287	30-34	-0.007976049569208499
2287	35-39	-0.05904185589894695
2287	40-44	-0.0607013539089678
2287	45-49	-0.07724740397418373
2287	50-54	-0.07214782627561078
2287	55-59	-0.07253545159733221
2287	60-64	-0.03667771574687606
2287	65-69	-0.05855676480175731
2287	70-74	-0.030019248513511343
2287	75-79	-0.009475784494519246
2287	80-84	-0.06326557670755051
2287	85-89	-0.058986999271866125
2287	90-94	-0.05330746116339924
2287	95-99	-0.05946055041810183
2287	100-104	-0.051978402966213366
2287	105-109	-0.07653012731103104
2287	110-114	-0.03207465180683755
2287	115-119	-0.07431724315824795
2287	120-124	-0.06990032301752791
2287	125-129	-0.12546854326630097
2287	130-134	-0.12463812407126795
2287	135-139	-0.09744589768080658
2287	140-144	-0.12331032949673926
2287	145-149	-0.08667185125705856
2287	150	-0.15935445820509386
2288	1	0.045094418381403045
2288	2	-0.01741528947314208
2288	3	0.011555226418451525
2288	4	0.06455840541279656
2288	5	-0.06576637840646526
2288	6	0.028432182033199638
2288	7	0.0029879818952522896
2288	8	0.01556650782763569
2288	9	0.021363011256816833
2288	10-14	-0.019229342129101212
2288	15-19	-0.030352510462655857
2288	20-24	-6.093742596391394E-4
2288	25-29	0.008354089931607689
2288	30-34	-0.0023667213846110258
2288	35-39	-0.02553352278788168
2288	40-44	0.00872210011148411
2288	45-49	0.011201286960307755
2288	50-54	0.015189845748238895
2288	55-59	-0.026960016962689792
2288	60-64	-0.015502258588973916
2288	65-69	-0.022622143493769897
2288	70-74	-0.02157279014745228
2288	75-79	-0.016850639649234722
2288	80-84	-0.055298399414951405
2288	85-89	-0.030676470735990335
2288	90-94	-0.020455374749175803
2288	95-99	-0.05998895787568159
2288	100-104	-0.0902720094236713
2288	105-109	-0.04436263923700068
2288	110-114	-0.02234834889076609
2288	115-119	-0.08248450204827407
2288	120-124	-0.07551644769363719
2288	125-129	-0.08199056715873354
2288	130-134	-0.1239005565632354
2288	135-139	-0.11844916058944222
2288	140-144	-0.07747697393650554
2288	145-149	-0.11184326015591495
2288	150	0.011830936845917961
2301	1	-0.043421662383359205
2301	2	-0.06458415658210725
2301	3	0.008616438039986463
2301	4	0.0035534623932633735
2301	5	-0.0019957965663977006
2301	6	0.04576140014534502
2301	7	8.829136425489992E-4
2301	8	-0.048092978053297486
2301	9	0.007774524201124677
2301	10-14	-0.008534254246946205
2301	15-19	-0.04279700939860476
2301	20-24	-0.03690257250963214
2301	25-29	-0.010527519058150858
2301	30-34	-0.03406134761802093
2301	35-39	-0.023185895024397496
2301	40-44	-0.02842598654836337
2301	45-49	-0.029566225978996385
2301	50-54	-0.04209318246739713
2301	55-59	-0.09026059283509369
2301	60-64	-0.07010402086113743
2301	65-69	-0.08128096004656982
2301	70-74	-0.0802183952888953
2301	75-79	-0.046924716132785704
2301	80-84	-0.06131599711496705
2301	85-89	-0.10082556201358273
2301	90-94	-0.0966629490414661
2301	95-99	-0.08783631102696177
2301	100-104	-0.12333686919630082
2301	105-109	-0.1146654633012929
2301	110-114	-0.13013434904840437
2301	115-119	-0.15298229451650514
2301	120-124	-0.16594755756479174
2301	125-129	-0.18905239180978128
2301	130-134	-0.2397023803885716
2301	135-139	-0.28564277407308936
2301	140-144	-0.23153349025247394
2301	145-149	-0.27272537208008885
2301	150	-0.3536985392390477
2302	1	-0.040690410361506224
2302	2	-0.05974591226501502
2302	3	-0.05729259325682534
2302	4	-0.09501148083037236
2302	5	-0.04451427157878385
2302	6	-0.12782641665823746
2302	7	-0.0614324840954481
2302	8	-0.04313397563453236
2302	9	-0.048560467413182096
2302	10-14	-0.03574045796298009
2302	15-19	-0.010734540224582645
2302	20-24	-0.019808388904856145
2302	25-29	-0.012710545756078773
2302	30-34	-0.04998845662895235
2302	35-39	0.0062905198588794065
2302	40-44	-0.008318034565654386
2302	45-49	-0.011078489766532584
2302	50-54	-0.010667316267159777
2302	55-59	-0.044926129408906945
2302	60-64	-0.018710545398747058
2302	65-69	-0.040137913640585055
2302	70-74	-0.049267003510628626
2302	75-79	-0.036381402392656526
2302	80-84	-0.07186075090060484
2302	85-89	-0.06500953194131398
2302	90-94	-0.06178842072065294
2302	95-99	-0.0988652698277761
2302	100-104	-0.13771121828287392
2302	105-109	-0.08649023239256337
2302	110-114	-0.11903519831524534
2302	115-119	-0.14826991017658742
2302	120-124	-0.16363005118873275
2302	125-129	-0.18802533078321915
2302	130-134	-0.22005688873388607
2302	135-139	-0.2556844582474511
2302	140-144	-0.22972423765151717
2302	145-149	-0.2138597062107621
2302	150	-0.18113737202045144
2303	1	0.007653430476466383
2303	2	-0.11998079033190123
2303	3	-0.08420832273368717
2303	4	-0.06588874308418724
2303	5	-0.04117045452984058
2303	6	1.4082384933544745E-4
2303	7	-0.02277586966761902
2303	8	-0.026757554770640013
2303	9	-0.026397326119074194
2303	10-14	-0.01821142012394006
2303	15-19	-0.04575592451808319
2303	20-24	-0.03033539884401648
2303	25-29	-0.053936866780212256
2303	30-34	-0.036008783308126624
2303	35-39	-0.06317034342309569
2303	40-44	-0.01992158773641961
2303	45-49	-0.08697461876919022
2303	50-54	-0.06440825411675632
2303	55-59	-0.08462611543732379
2303	60-64	-0.03128960236364975
2303	65-69	-0.07357842722174723
2303	70-74	-0.06762121892455752
2303	75-79	-0.11756478446962859
2303	80-84	-0.088811761302658
2303	85-89	-0.08814792123352788
2303	90-94	-0.1068755123672176
2303	95-99	-0.11568520010494154
2303	100-104	-0.12902789414370375
2303	105-109	-0.15115884887310216
2303	110-114	-0.15663563087658616
2303	115-119	-0.22173681577040583
2303	120-124	-0.25413514247644997
2303	125-129	-0.21164060575654986
2303	130-134	-0.23687231700066746
2303	135-139	-0.27827418548854865
2303	140-144	-0.19363524252428022
2303	145-149	-0.27643627939607995
2303	150	-0.3152826497466563
2304	1	0.005865222045272844
2304	2	-0.092789353669815
2304	3	-0.04161332843254684
2304	4	-0.03963023557864176
2304	5	-0.026478079362817653
2304	6	-0.04370643538990748
2304	7	-0.05297982368593779
2304	8	-0.011499070339084483
2304	9	-0.031460961764651074
2304	10-14	-0.050199070555173364
2304	15-19	-0.029200599696700635
2304	20-24	-0.039949862298499283
2304	25-29	-0.013912037318320358
2304	30-34	-0.012858254721074047
2304	35-39	-0.03247498025162088
2304	40-44	-0.014932549422752572
2304	45-49	-0.044071203865108544
2304	50-54	-0.06542978944557376
2304	55-59	-0.05609638742929235
2304	60-64	-0.030773063632572928
2304	65-69	-0.032190711289160845
2304	70-74	-0.03166107042673616
2304	75-79	-0.03282995470504346
2304	80-84	-0.1252532671224671
2304	85-89	-0.08745010009127441
2304	90-94	-0.12691438253111187
2304	95-99	-0.09426421343341929
2304	100-104	-0.12760150024480765
2304	105-109	-0.08457637228793402
2304	110-114	-0.1098749131244503
2304	115-119	-0.13691421234716472
2304	120-124	-0.17774154421844202
2304	125-129	-0.16734032549238265
2304	130-134	-0.20443302278927433
2304	135-139	-0.2049217800560612
2304	140-144	-0.26281626135753555
2304	145-149	-0.2514271178919856
2304	150	-0.2670397699607534
2305	1	0.021194854059004342
2305	2	-0.033948429949184344
2305	3	-0.022180059469988578
2305	4	-0.0810675813569901
2305	5	0.02425950244170849
2305	6	-0.04082182000529144
2305	7	-0.002291861020985664
2305	8	-0.049995476304104614
2305	9	-0.02113079332779222
2305	10-14	-0.07055096412882733
2305	15-19	-0.06573852481202636
2305	20-24	-0.07527037511900403
2305	25-29	-0.0416421628413417
2305	30-34	-0.04419716685496411
2305	35-39	-0.04713998400657715
2305	40-44	-0.03272168149013055
2305	45-49	-0.040810824077532004
2305	50-54	-0.07636665244311303
2305	55-59	-0.09051463654419223
2305	60-64	-0.09571325245351403
2305	65-69	-0.092026834022775
2305	70-74	-0.08559251555065117
2305	75-79	-0.10123409589160559
2305	80-84	-0.15589670666758337
2305	85-89	-0.1064180219880626
2305	90-94	-0.1358393905774662
2305	95-99	-0.11146381648030967
2305	100-104	-0.1730223241907467
2305	105-109	-0.1339777240742137
2305	110-114	-0.170508160630078
2305	115-119	-0.2215006301134963
2305	120-124	-0.19680414479778108
2305	125-129	-0.20262999398288883
2305	130-134	-0.24000324057707445
2305	135-139	-0.2820049792836059
2305	140-144	-0.27753598027181425
2305	145-149	-0.2623194577696779
2305	150	-0.4604390833391463
2306	1	0.013648234012379135
2306	2	0.02330797515013927
2306	3	-0.029315144149322236
2306	4	-0.014780733986071937
2306	5	-0.02126363224071781
2306	6	0.026198880533108593
2306	7	-0.030699404804636288
2306	8	0.03908439662532004
2306	9	0.010759845531872259
2306	10-14	-0.010999836790084316
2306	15-19	0.009098820733271396
2306	20-24	-0.019537708081031724
2306	25-29	-0.004568860037942102
2306	30-34	-0.0011295265306827673
2306	35-39	-0.02015930244624542
2306	40-44	-0.012399002693996408
2306	45-49	-0.033226815166088386
2306	50-54	-0.06416885761257163
2306	55-59	-0.0765875680374748
2306	60-64	-0.048108460490318805
2306	65-69	-0.0773901506471475
2306	70-74	-0.01654956734842017
2306	75-79	-0.06399055771886708
2306	80-84	-0.07845591000112506
2306	85-89	-0.07618430290478528
2306	90-94	-0.055779362110357056
2306	95-99	-0.06296849911331748
2306	100-104	-0.12294171895527484
2306	105-109	-0.13751940363359694
2306	110-114	-0.1271578604877419
2306	115-119	-0.1659619210349632
2306	120-124	-0.18013618885991178
2306	125-129	-0.23756625241472307
2306	130-134	-0.23011009537418659
2306	135-139	-0.22904579245273737
2306	140-144	-0.23768259619276932
2306	145-149	-0.2508749067454801
2306	150	-0.3816805999346471
2307	1	0.02759134611500258
2307	2	-0.05079677574288155
2307	3	0.040940060911189846
2307	4	-0.046216132891565564
2307	5	-0.015201969785344716
2307	6	-0.01742790281495843
2307	7	-0.00478093233069643
2307	8	-0.014651305352899158
2307	9	0.04634879817101023
2307	10-14	0.006296771065699147
2307	15-19	0.003440995484702114
2307	20-24	0.0011817539057759063
2307	25-29	0.034496594268524916
2307	30-34	0.025714410105372565
2307	35-39	0.023250116421458245
2307	40-44	0.024053589036356016
2307	45-49	-0.011968768490234538
2307	50-54	0.007554739640220021
2307	55-59	-0.03319458736508807
2307	60-64	-0.035811838347228786
2307	65-69	-0.004827083230026119
2307	70-74	-9.151602937009784E-4
2307	75-79	-0.010281850956474159
2307	80-84	-0.029501166732323725
2307	85-89	-0.05269688573544329
2307	90-94	-0.05292068513050907
2307	95-99	-0.014841754600738
2307	100-104	-0.04894648156388115
2307	105-109	-0.048280150740225736
2307	110-114	-0.09568854611480049
2307	115-119	-0.13087123690419133
2307	120-124	-0.16623777784216287
2307	125-129	-0.1180857700440896
2307	130-134	-0.16444914769976293
2307	135-139	-0.13862944216332096
2307	140-144	-0.1759765099821209
2307	145-149	-0.13838866866856137
2307	150	-0.3264754874688691
2308	1	0.027770034541951816
2308	2	-0.04940275419409801
2308	3	-0.005342143155310453
2308	4	0.003714665813845386
2308	5	-0.00512881442472235
2308	6	0.017704698438862465
2308	7	-0.023595225410858234
2308	8	-0.0022740097500744128
2308	9	-0.013673297112930527
2308	10-14	-0.024669321764605456
2308	15-19	-0.0163194982976691
2308	20-24	0.004081039157199484
2308	25-29	-0.012339312659520374
2308	30-34	-0.023221273418457145
2308	35-39	-0.022003280161847272
2308	40-44	-0.05420144781113123
2308	45-49	-0.05138404363212601
2308	50-54	-0.053981165761506134
2308	55-59	-0.08196546845937291
2308	60-64	-0.05757951142665263
2308	65-69	-0.030838105381796765
2308	70-74	-0.07317922694526402
2308	75-79	-0.05510549082380578
2308	80-84	-0.11157434922768061
2308	85-89	-0.05899742836342625
2308	90-94	-0.06707251047364338
2308	95-99	-0.06620474336073556
2308	100-104	-0.10572066158469084
2308	105-109	-0.09925484548853092
2308	110-114	-0.10005997321348303
2308	115-119	-0.15694829720050762
2308	120-124	-0.15948711716521302
2308	125-129	-0.19129948063184088
2308	130-134	-0.17610697185030233
2308	135-139	-0.18410701897557402
2308	140-144	-0.17849423351520244
2308	145-149	-0.21959400202217694
2308	150	-0.2718146103003818
2309	1	0.02330088377360795
2309	2	-0.061702010194586876
2309	3	-0.05195540879467586
2309	4	-0.07898151012873456
2309	5	0.02365470912974388
2309	6	0.04708318374076015
2309	7	-0.020859854978176884
2309	8	0.04541233186515825
2309	9	0.05758798443497426
2309	10-14	0.008037981121468363
2309	15-19	0.021560058237781732
2309	20-24	0.023760082554673545
2309	25-29	0.011016031191992681
2309	30-34	0.009975569238577009
2309	35-39	0.024391527884581876
2309	40-44	-0.007659093723972887
2309	45-49	0.012211074987803272
2309	50-54	-0.06351411392834905
2309	55-59	-0.055183356376169
2309	60-64	-0.011043713811844214
2309	65-69	0.016729731807480164
2309	70-74	0.0012914427391805816
2309	75-79	-0.015568935834785691
2309	80-84	-0.040847526910191334
2309	85-89	-0.034180174147465436
2309	90-94	-0.011585715145436382
2309	95-99	-0.011262399530131972
2309	100-104	-0.04861914434329151
2309	105-109	-0.05880694084181215
2309	110-114	-0.1174850640555718
2309	115-119	-0.1280436974564978
2309	120-124	-0.09306217425037033
2309	125-129	-0.08748285388045218
2309	130-134	-0.12791494832751482
2309	135-139	-0.1737236506011115
2309	140-144	-0.08985111351262987
2309	145-149	-0.13107463162344857
2309	150	-0.21213719229815098
2310	1	-0.036377641440438424
2310	2	0.027378079562808466
2310	3	0.08483412337436391
2310	4	0.007549043953183343
2310	5	0.036275996384198095
2310	6	0.029470229817114557
2310	7	0.057710936624125964
2310	8	0.03331231331298312
2310	9	0.01538516541302215
2310	10-14	0.030091277879634504
2310	15-19	0.05229825813935918
2310	20-24	0.06194280543857644
2310	25-29	0.04096828332225044
2310	30-34	0.06259162310270483
2310	35-39	0.06404828534581952
2310	40-44	0.04662014208793863
2310	45-49	0.022685015945832276
2310	50-54	0.05500601821324835
2310	55-59	0.040931502705554124
2310	60-64	0.018698147342135485
2310	65-69	0.043236752801533385
2310	70-74	0.021687930126368826
2310	75-79	0.012434711581747138
2310	80-84	0.008936042809381206
2310	85-89	0.014362399361615985
2310	90-94	-0.011693523794029659
2310	95-99	-2.5486888142012276E-4
2310	100-104	-0.033474447968302457
2310	105-109	-0.0287419920642904
2310	110-114	-0.04148259258649034
2310	115-119	-0.05710175890247626
2310	120-124	-0.03642257033176577
2310	125-129	-0.05493598337616845
2310	130-134	-0.05549732903131144
2310	135-139	-0.04166768059242543
2310	140-144	-0.06094557984365423
2310	145-149	-0.07503256534521796
2310	150	-0.031461561809443594
2311	1	0.0344908763866556
2311	2	-0.011978259442670947
2311	3	0.00980398959230655
2311	4	0.004588517076577148
2311	5	0.007440481654874986
2311	6	-0.003604472979397144
2311	7	0.03358600972092063
2311	8	0.06603240073931005
2311	9	-7.941608518677867E-4
2311	10-14	0.01914627906453603
2311	15-19	0.010259287956039032
2311	20-24	0.014421958998966034
2311	25-29	0.012647301856013371
2311	30-34	-0.011471501842947873
2311	35-39	-0.012370304001052546
2311	40-44	-0.043919810959629046
2311	45-49	-0.02815199566953197
2311	50-54	-0.02255484179721634
2311	55-59	-0.040780062017724106
2311	60-64	-0.06232097972439732
2311	65-69	-0.06730248419576412
2311	70-74	-0.07688491349677662
2311	75-79	-0.06344240737294626
2311	80-84	-0.10263737535886719
2311	85-89	-0.042361397887042074
2311	90-94	-0.07140683090627675
2311	95-99	-0.09008371581884944
2311	100-104	-0.150983411383244
2311	105-109	-0.12548447481515979
2311	110-114	-0.0660913648842012
2311	115-119	-0.18458035837635123
2311	120-124	-0.16913089407513837
2311	125-129	-0.18018868944946576
2311	130-134	-0.18889783469919053
2311	135-139	-0.180688157925168
2311	140-144	-0.2071427562187722
2311	145-149	-0.25168472346957316
2311	150	-0.3716578959730512
2312	1	-0.04130900387168168
2312	2	-0.03252805154710359
2312	3	0.04538723096315067
2312	4	0.05475767062679893
2312	5	0.010072266913006445
2312	6	0.009849764507755765
2312	7	0.07202498067390195
2312	8	0.06066195569479049
2312	9	0.048081599969968636
2312	10-14	0.03265233663545075
2312	15-19	0.026847831920669307
2312	20-24	0.004357050301102561
2312	25-29	-0.022656940746351495
2312	30-34	0.021510540072263495
2312	35-39	0.060270308952489415
2312	40-44	0.031788909544850696
2312	45-49	0.02159043320178
2312	50-54	0.00952572753464409
2312	55-59	-0.013915321225361765
2312	60-64	-0.013058326079075755
2312	65-69	7.754653039171444E-4
2312	70-74	-0.0010308576963211635
2312	75-79	0.009312146483893002
2312	80-84	0.006985797007608596
2312	85-89	9.396609793839161E-4
2312	90-94	-0.015540421254108594
2312	95-99	-0.02028789890195526
2312	100-104	-0.03883778921352388
2312	105-109	-0.03524060753222358
2312	110-114	-0.05452993154209196
2312	115-119	-0.08989979192729436
2312	120-124	-0.08022359120503353
2312	125-129	-0.08704472559274024
2312	130-134	-0.10045782664141711
2312	135-139	-0.08928568638139467
2312	140-144	-0.04897829811657317
2312	145-149	-0.07404364821338305
2312	150	-0.24411861518940725
2313	1	0.002423464495279859
2313	2	0.003132909398658512
2313	3	-8.186789274589046E-5
2313	4	-0.06339634276645256
2313	5	0.03247726600385903
2313	6	-0.004640597244559785
2313	7	0.024013334735485614
2313	8	-0.032014305224222994
2313	9	-0.049076957754273565
2313	10-14	-0.016296246725396202
2313	15-19	0.0081090533094752
2313	20-24	0.00971746767354631
2313	25-29	0.014512446317162642
2313	30-34	-0.01048054067840809
2313	35-39	-0.013882920618186745
2313	40-44	0.015205743542118455
2313	45-49	-0.008645844159815397
2313	50-54	0.007097134338806654
2313	55-59	-0.005324099022679718
2313	60-64	0.033766571668827794
2313	65-69	0.03720099509673247
2313	70-74	0.023197725314652473
2313	75-79	0.022924075989934067
2313	80-84	-0.041970457679830986
2313	85-89	-0.0032296798852655684
2313	90-94	-0.033808333236137855
2313	95-99	-0.020284017994924852
2313	100-104	-0.06336295998725916
2313	105-109	-0.01623194501595293
2313	110-114	-0.016076477014536295
2313	115-119	-0.05601297858076748
2313	120-124	-0.0771854945224888
2313	125-129	-0.06016841889712765
2313	130-134	-0.10776924434529178
2313	135-139	-0.11096433249983306
2313	140-144	-0.048263266132018146
2313	145-149	-0.1394157977889705
2313	150	-0.3404995336543166
2314	1	0.007179535566606887
2314	2	0.008779112724631943
2314	3	0.0251581841075037
2314	4	0.03899064360810911
2314	5	-0.007418919422960357
2314	6	-0.026294048350017363
2314	7	0.0170855420598528
2314	8	0.08330908128412062
2314	9	0.029563804179126407
2314	10-14	0.02862617201105877
2314	15-19	-0.007726377774105231
2314	20-24	0.005160710032704685
2314	25-29	0.016239758643742164
2314	30-34	-0.01546966703863717
2314	35-39	0.03260807516124942
2314	40-44	0.019439866767413605
2314	45-49	0.013148718449343733
2314	50-54	-0.0042876354715346565
2314	55-59	-0.01757087781963662
2314	60-64	0.013116554320419027
2314	65-69	-0.04909409579634172
2314	70-74	-0.015929865243307972
2314	75-79	-0.04064498904175906
2314	80-84	-0.03453389962425746
2314	85-89	-0.037792155654457815
2314	90-94	-0.05077902273772139
2314	95-99	-0.07392120388755075
2314	100-104	-0.08504868767126084
2314	105-109	-0.008992785421661154
2314	110-114	-0.04093496003252284
2314	115-119	-0.11242243355679449
2314	120-124	-0.14979259776474407
2314	125-129	-0.0921542758137619
2314	130-134	-0.12580271649116526
2314	135-139	-0.15539776208184009
2314	140-144	-0.1541264218264402
2314	145-149	-0.1628923399972848
2314	150	-0.2462673349983433
2315	1	0.02551683897213053
2315	2	-0.03524072142352708
2315	3	0.03253614685584694
2315	4	0.005276784354059316
2315	5	-0.021867937531013126
2315	6	0.0033007254673975694
2315	7	0.02637558327652556
2315	8	0.034550254211460185
2315	9	0.04487519900401793
2315	10-14	0.02597423194227133
2315	15-19	0.023883554913844307
2315	20-24	0.035406309262668856
2315	25-29	0.0183849710691959
2315	30-34	0.02740866163377831
2315	35-39	0.03479504847094006
2315	40-44	0.036087940340088664
2315	45-49	0.05734007789108375
2315	50-54	0.059681922454799974
2315	55-59	0.04051875999763155
2315	60-64	0.028697515446552302
2315	65-69	0.015213886387748232
2315	70-74	0.05311615981549522
2315	75-79	0.02221887615526441
2315	80-84	0.0022544240159803053
2315	85-89	-0.02134770253564966
2315	90-94	-0.03223376169450631
2315	95-99	4.26429450641308E-4
2315	100-104	-0.05638936179148857
2315	105-109	-0.012833733455693164
2315	110-114	0.003496617433242477
2315	115-119	-0.04889727174627012
2315	120-124	-0.0699941570236362
2315	125-129	-0.03509924221762617
2315	130-134	-0.07754617661174024
2315	135-139	-0.10549340214845415
2315	140-144	-0.10068116436656283
2315	145-149	-0.05517924718557765
2315	150	-0.193790921791539
2316	1	0.0944109607019854
2316	2	-0.022072905697939404
2316	3	0.07441148507697193
2316	4	0.025743778653534832
2316	5	0.05000866775148438
2316	6	0.0037845598239840683
2316	7	0.05580812911075128
2316	8	0.011637144869887095
2316	9	0.044044327147204854
2316	10-14	0.030126656305050403
2316	15-19	0.013114947992690418
2316	20-24	-0.009456942774143329
2316	25-29	0.005826998850082532
2316	30-34	-0.009383430238791846
2316	35-39	0.021265017555897714
2316	40-44	0.02098981174189163
2316	45-49	0.01461277092913349
2316	50-54	0.02629683171011976
2316	55-59	0.008855645194593365
2316	60-64	0.028003586085318943
2316	65-69	0.017629791690616514
2316	70-74	0.0305255581652375
2316	75-79	0.08817882494850693
2316	80-84	0.008839522999700478
2316	85-89	0.011134320901028616
2316	90-94	-0.01589909354287755
2316	95-99	0.019055706224911262
2316	100-104	-0.020941478480963838
2316	105-109	-0.005246782148923046
2316	110-114	-0.04725422566190218
2316	115-119	-0.07547951203977732
2316	120-124	-0.026718414299928384
2316	125-129	-0.04508102274886738
2316	130-134	-0.07095421177820072
2316	135-139	-0.053362481627331704
2316	140-144	-0.12091022576120025
2316	145-149	-0.10076903096749135
2316	150	-0.13343500445886747
2317	1	0.016102489022550515
2317	2	-0.04309840537312226
2317	3	0.03760838158842006
2317	4	-0.008604035850318326
2317	5	0.05926605605848323
2317	6	0.04243266512618504
2317	7	0.04985547247618172
2317	8	-0.009373292311316561
2317	9	-0.01093275122079973
2317	10-14	0.0012176931989387185
2317	15-19	0.008023251218112648
2317	20-24	0.0017163947671221536
2317	25-29	0.0022414695007739738
2317	30-34	-0.007502647316997013
2317	35-39	-0.01079301095833074
2317	40-44	0.047929379376590475
2317	45-49	-0.01482163754521082
2317	50-54	-0.001262408976238305
2317	55-59	-0.02935894718563503
2317	60-64	-0.041127154313109315
2317	65-69	-0.044725490531334344
2317	70-74	-0.010666243739400727
2317	75-79	-0.006201327807723089
2317	80-84	-0.02236246401992048
2317	85-89	0.020853215826306837
2317	90-94	-0.026404640024495052
2317	95-99	0.008089103975173373
2317	100-104	-0.048402638764351025
2317	105-109	-0.008199891682963312
2317	110-114	-0.05553335109456725
2317	115-119	-0.03749718946468761
2317	120-124	-0.09937172897079449
2317	125-129	-0.028888288404125717
2317	130-134	-0.060026997437894636
2317	135-139	-0.14524348997419168
2317	140-144	-0.08066553708348323
2317	145-149	-0.10096838871094604
2317	150	-0.2546862366118603
2318	1	0.02359666578308861
2318	2	-0.009886559592324318
2318	3	0.058643611609582535
2318	4	0.06770655882603194
2318	5	0.03388992638596733
2318	6	0.03666538626425364
2318	7	0.0923287461558644
2318	8	0.10699461834065715
2318	9	0.001581116996604237
2318	10-14	0.03731645903668834
2318	15-19	0.04707741440435598
2318	20-24	0.01921032509566345
2318	25-29	0.00514800143758265
2318	30-34	0.0014188481761294724
2318	35-39	0.012788950014027023
2318	40-44	3.195695348168215E-4
2318	45-49	0.023513704037775085
2318	50-54	-0.00119546161667472
2318	55-59	0.015031012969394908
2318	60-64	-0.007834838216830065
2318	65-69	0.02401519575097666
2318	70-74	-0.011532205781684013
2318	75-79	0.002945663231905371
2318	80-84	-0.019771960585018178
2318	85-89	-0.02346932464116236
2318	90-94	-0.03947466419023016
2318	95-99	-0.03266598420385236
2318	100-104	-0.06964796233212667
2318	105-109	-0.03080302475778751
2318	110-114	-0.04789864135295119
2318	115-119	-0.10490129019581218
2318	120-124	-0.05496224934790206
2318	125-129	-0.11130420503616989
2318	130-134	-0.10651353942708397
2318	135-139	-0.14497908897594414
2318	140-144	-0.13280636886334918
2318	145-149	-0.15068986407878526
2318	150	-0.2918565503865338
2319	1	0.06109046021482101
2319	2	0.04557394280060123
2319	3	-0.016214762953275397
2319	4	0.013669447191908546
2319	5	0.03596399608997558
2319	6	0.05838945046378541
2319	7	0.03475224376098396
2319	8	0.014595943008600898
2319	9	0.08605741130755717
2319	10-14	0.01122554864240044
2319	15-19	0.04129372053352398
2319	20-24	0.05349633590503089
2319	25-29	0.020617444842351063
2319	30-34	0.01493724830539378
2319	35-39	0.019826187336093426
2319	40-44	0.024637175814667955
2319	45-49	0.04174305164789871
2319	50-54	0.006212697967818315
2319	55-59	-0.035277540227092175
2319	60-64	-0.022579126848221165
2319	65-69	0.010333563468570617
2319	70-74	0.010245345931132022
2319	75-79	0.024477223863435427
2319	80-84	-0.008238745135280112
2319	85-89	0.014694855203629231
2319	90-94	-0.02404390270796597
2319	95-99	0.004243406378520831
2319	100-104	-0.010693654542279774
2319	105-109	0.03238866782317018
2319	110-114	-0.00835193026745884
2319	115-119	-0.03058933253713292
2319	120-124	-0.04562537842559777
2319	125-129	-0.06853685582199631
2319	130-134	-0.08473210613726678
2319	135-139	-0.06056672228191928
2319	140-144	-0.0747710681856617
2319	145-149	-0.08581318613006061
2319	150	-0.0832002681738544
2320	1	0.10024229864971801
2320	2	0.12130525848378682
2320	3	0.0641883657222948
2320	4	0.06066149061505399
2320	5	0.03516935730538506
2320	6	0.028100027440125075
2320	7	0.07852549324244507
2320	8	0.0983612874788733
2320	9	0.08671043846807436
2320	10-14	0.06293222473053817
2320	15-19	0.07099023668586568
2320	20-24	0.055363219840550926
2320	25-29	0.031848870665037055
2320	30-34	0.06245964743181531
2320	35-39	0.07006961916604837
2320	40-44	0.07261671464178221
2320	45-49	0.0668817319941013
2320	50-54	0.08169100053786593
2320	55-59	0.05560102128845301
2320	60-64	0.07235735764889739
2320	65-69	0.06769471205572586
2320	70-74	0.08445778126263548
2320	75-79	0.07851375769705271
2320	80-84	0.08370516197286548
2320	85-89	0.05702219724808799
2320	90-94	0.03871638299995084
2320	95-99	0.056582204068938324
2320	100-104	0.004976669872988282
2320	105-109	0.03722194806506707
2320	110-114	0.037085105806418994
2320	115-119	-0.01624417846052495
2320	120-124	-0.01389680270493443
2320	125-129	0.006292660695336849
2320	130-134	-0.04058734595614055
2320	135-139	-0.06313703015170091
2320	140-144	-0.035711737621774375
2320	145-149	-0.06179842004085856
2320	150	-0.1314480415534618
2321	1	0.08142562542190745
2321	2	0.05929369608543311
2321	3	0.0473478757302388
2321	4	-0.042020079576658986
2321	5	0.06532874557730395
2321	6	0.00938366426596815
2321	7	0.0735737314773175
2321	8	0.07737076436248458
2321	9	-0.026948370201829164
2321	10-14	0.05053753216339629
2321	15-19	0.017130600629847947
2321	20-24	0.009015840217848847
2321	25-29	0.0063711480619659255
2321	30-34	0.01373359853796785
2321	35-39	-0.026176867766984913
2321	40-44	-0.006774321709819731
2321	45-49	-0.0249414896866611
2321	50-54	0.006817847379927855
2321	55-59	-0.03329742127982627
2321	60-64	-0.02797283319097943
2321	65-69	-0.020513073239520452
2321	70-74	-0.017810466400739244
2321	75-79	-0.03816960314725293
2321	80-84	-0.022402855737759353
2321	85-89	-0.021959135899372484
2321	90-94	-0.027951225192204276
2321	95-99	-0.03956202890040572
2321	100-104	-0.05866231574749747
2321	105-109	-0.0745266629118646
2321	110-114	-0.1061967008442295
2321	115-119	-0.15965936311506823
2321	120-124	-0.11570495586098417
2321	125-129	-0.06361817344021148
2321	130-134	-0.13289065971594738
2321	135-139	-0.14856419713211722
2321	140-144	-0.21108692971042586
2321	145-149	-0.176494546359784
2321	150	-0.31043833709276214
2322	1	0.03849992553074344
2322	2	0.05544419902677333
2322	3	0.04175430863104168
2322	4	0.022597118141042927
2322	5	0.0991238356393751
2322	6	-0.009296400979877717
2322	7	0.021555125325996016
2322	8	0.030613112637816187
2322	9	0.02132936996570578
2322	10-14	0.016008155763628906
2322	15-19	0.0348543391141618
2322	20-24	0.02588553687024131
2322	25-29	0.015647121947957032
2322	30-34	0.013719114394653786
2322	35-39	0.06418440148447502
2322	40-44	0.04909788782943281
2322	45-49	0.02855203528532968
2322	50-54	0.021189402612947106
2322	55-59	0.013502488306265548
2322	60-64	-0.035648533222129686
2322	65-69	0.008368233872289466
2322	70-74	-0.012274537232670468
2322	75-79	0.03838178205759846
2322	80-84	-0.020996699267577412
2322	85-89	0.008940693370654174
2322	90-94	-0.030522608594012013
2322	95-99	-0.013910536427026443
2322	100-104	-0.030039782041534124
2322	105-109	-0.01697041040024061
2322	110-114	-0.026711679333601523
2322	115-119	-0.06422296950250228
2322	120-124	-0.037466167959806285
2322	125-129	-0.06300252268874118
2322	130-134	-0.0793102298840509
2322	135-139	-0.08595544240073849
2322	140-144	-0.07940568464152165
2322	145-149	-0.07651356613045124
2322	150	-0.3115056094056712
2323	1	0.026248328218692052
2323	2	0.014285428161613822
2323	3	0.013039815646259001
2323	4	-0.018695454347557927
2323	5	0.03577969641008849
2323	6	-2.3792203797512457E-4
2323	7	-0.008285284695759287
2323	8	0.005939823284045076
2323	9	0.025649132273379394
2323	10-14	0.03398437531583909
2323	15-19	0.002992709411429928
2323	20-24	0.008117096649293387
2323	25-29	0.027056521893619845
2323	30-34	0.028078640239499464
2323	35-39	0.02649625885245399
2323	40-44	0.03365104336705116
2323	45-49	0.03709471597826308
2323	50-54	0.01174082729649939
2323	55-59	-0.027631017572495864
2323	60-64	0.0024038592775852408
2323	65-69	0.038721139937635485
2323	70-74	0.01877874790091738
2323	75-79	0.020473091566870494
2323	80-84	-0.02372020872683578
2323	85-89	2.6956934978983327E-4
2323	90-94	0.004569138717080534
2323	95-99	-0.015622511843666587
2323	100-104	-0.017967521480507287
2323	105-109	-0.045205304783664246
2323	110-114	-0.02844458948619888
2323	115-119	-0.048086919471806766
2323	120-124	-0.038307731884266616
2323	125-129	-0.0745201892798164
2323	130-134	-0.0765583089974271
2323	135-139	-0.09019250419393643
2323	140-144	-0.05080487890341345
2323	145-149	-0.12817836570113172
2323	150	-0.14548458619552918
2324	1	-0.015561189314688306
2324	2	0.0465448744411745
2324	3	-0.0319274199526447
2324	4	-0.01587608895961523
2324	5	0.010881531710793979
2324	6	-0.04512504857322597
2324	7	-0.05299046686665321
2324	8	0.07794366192914737
2324	9	0.06465606819436687
2324	10-14	0.03097200680591783
2324	15-19	0.042524081685868964
2324	20-24	0.02483184248321635
2324	25-29	0.005286111586947584
2324	30-34	0.015941025636166728
2324	35-39	0.03531313653477497
2324	40-44	0.045972929410368124
2324	45-49	0.010974671825614735
2324	50-54	0.037589056659669495
2324	55-59	-0.013553342671137614
2324	60-64	-3.440257607536523E-4
2324	65-69	0.008842168463871758
2324	70-74	0.002387795076714383
2324	75-79	-0.014006302487345579
2324	80-84	-0.0012685830688710098
2324	85-89	-0.004129489111292628
2324	90-94	-0.019582817262062235
2324	95-99	-0.0181087759193872
2324	100-104	0.010172918563327471
2324	105-109	0.012480634737073615
2324	110-114	-0.04867099541056774
2324	115-119	-0.09195311880127832
2324	120-124	-0.07273144087213268
2324	125-129	-0.040363270245578065
2324	130-134	-0.08181115709086839
2324	135-139	-0.05031701303681757
2324	140-144	-0.0673257360909858
2324	145-149	-0.0776860347539099
2324	150	-0.20558502113214416
2325	1	0.0600573751633533
2325	2	0.0848267738064763
2325	3	0.03600432877716031
2325	4	-0.026631872190115757
2325	5	0.06360985286500664
2325	6	-0.0069271717039640635
2325	7	0.03959298514500631
2325	8	0.07199586332105667
2325	9	0.08663090060751699
2325	10-14	0.05281139907248189
2325	15-19	0.03416223919578698
2325	20-24	0.028157366017168783
2325	25-29	0.038081294263697885
2325	30-34	0.05668089555318545
2325	35-39	0.06676559604419907
2325	40-44	0.0382765390639932
2325	45-49	0.057104734231209875
2325	50-54	0.07323534077920613
2325	55-59	0.02282832280184266
2325	60-64	0.034819943625628014
2325	65-69	0.03033457568704989
2325	70-74	0.036338456524795504
2325	75-79	0.046829830549860674
2325	80-84	0.04632787397836324
2325	85-89	0.06906570792484956
2325	90-94	0.027387540394613552
2325	95-99	0.01118989606326437
2325	100-104	0.014811944414482525
2325	105-109	0.014543817545380477
2325	110-114	0.01584613129620749
2325	115-119	-0.01805263487487707
2325	120-124	-0.028087866208224455
2325	125-129	-0.07393154021811199
2325	130-134	-0.0762122313336775
2325	135-139	-0.1466488775454664
2325	140-144	-0.057592552075192316
2325	145-149	-0.07741684143764616
2325	150	-0.24819218370475227
2326	1	0.0752012643154103
2326	2	0.00782264619688533
2326	3	-0.01654194758187799
2326	4	-0.01096268625209973
2326	5	0.05144967338187456
2326	6	0.006531521098047222
2326	7	-0.020201728930857143
2326	8	-0.014355421914054034
2326	9	0.02931598211898745
2326	10-14	0.01647312289526326
2326	15-19	0.031116564543054892
2326	20-24	0.025692134593498395
2326	25-29	5.25669326499667E-4
2326	30-34	0.03478593337813862
2326	35-39	0.012934802318206096
2326	40-44	-0.008270438288882076
2326	45-49	-0.006296449563151896
2326	50-54	0.025301956725499508
2326	55-59	0.031809567030016694
2326	60-64	-0.0029665547068162823
2326	65-69	0.013457820211876026
2326	70-74	-0.020992670950811032
2326	75-79	0.025865748708227443
2326	80-84	-0.03801209128297245
2326	85-89	-0.03523018205022055
2326	90-94	-0.037787720025789895
2326	95-99	-0.03919011795660765
2326	100-104	-0.050962300880719624
2326	105-109	-0.0195187108652064
2326	110-114	-0.039364998236919746
2326	115-119	-0.11305754542041058
2326	120-124	-0.07232667782030688
2326	125-129	-0.03523877409166687
2326	130-134	-0.04880277437660396
2326	135-139	-0.09108811836675557
2326	140-144	6.147578789210684E-4
2326	145-149	-0.09329847874870012
2326	150	-0.15310613850620314
2327	1	0.044425422684305715
2327	2	0.05018101832499866
2327	3	0.04293753788444832
2327	4	0.03207526797006466
2327	5	0.0392845477299133
2327	6	0.03407985292269444
2327	7	-0.023356498532997705
2327	8	0.06097065176728478
2327	9	0.055699123633708325
2327	10-14	0.038851961063578244
2327	15-19	0.04354975131834493
2327	20-24	0.02544508730698425
2327	25-29	-0.01111976797683667
2327	30-34	0.007787733024670729
2327	35-39	0.01855061549980519
2327	40-44	0.0035433791170405016
2327	45-49	0.030523384625098515
2327	50-54	0.024841448370260366
2327	55-59	0.02007657207332869
2327	60-64	0.04645745063824336
2327	65-69	0.006478442508814908
2327	70-74	0.0036057312791726304
2327	75-79	0.01838931294231827
2327	80-84	-0.011273510597014536
2327	85-89	0.005660858511873812
2327	90-94	-0.004238680555701535
2327	95-99	0.02244571045553556
2327	100-104	-0.017321572832095455
2327	105-109	-0.0075139728736246525
2327	110-114	-0.037506890128810255
2327	115-119	-0.046770474857019906
2327	120-124	-0.04569586040002349
2327	125-129	-0.06683729845335051
2327	130-134	-0.09380866543512667
2327	135-139	-0.1385037756508325
2327	140-144	-0.10172137011510074
2327	145-149	-0.10320282088988364
2327	150	-0.2682538819434157
2328	1	0.06387765758565678
2328	2	0.039175508415290494
2328	3	0.07677549338934853
2328	4	0.04734077422013172
2328	5	-0.001339057778302788
2328	6	0.03959858766274493
2328	7	0.026448129272630183
2328	8	0.042981551925286965
2328	9	0.024799603825002237
2328	10-14	0.04830691826217759
2328	15-19	0.05267529060493814
2328	20-24	0.06379680113271036
2328	25-29	0.03696315140278017
2328	30-34	0.016644861778864595
2328	35-39	0.022333242556555888
2328	40-44	0.048536710485933554
2328	45-49	0.03948279397634735
2328	50-54	0.06305965994062035
2328	55-59	0.010017394516225409
2328	60-64	0.02102884088952095
2328	65-69	0.007173804980702414
2328	70-74	0.03219806925886104
2328	75-79	0.02793398628909216
2328	80-84	0.027829128485691967
2328	85-89	-0.009511122368230929
2328	90-94	-0.01594858737435345
2328	95-99	-0.019538515178034288
2328	100-104	-0.05450558068189082
2328	105-109	-0.0021723370322419555
2328	110-114	0.0049352996950844386
2328	115-119	-0.07870761870849208
2328	120-124	-0.058691429437431
2328	125-129	0.010952874252971867
2328	130-134	-0.060120526025585264
2328	135-139	-0.07389226392325554
2328	140-144	-0.08964246737041748
2328	145-149	-0.08113831241661273
2328	150	-0.17714821542682557
2329	1	0.08229328780517164
2329	2	0.08364663003112582
2329	3	0.040203666642206315
2329	4	0.04483176880567186
2329	5	0.027068408130212163
2329	6	0.027565001342104267
2329	7	0.06400111879111137
2329	8	0.02630602148182959
2329	9	0.05295466392838932
2329	10-14	0.05684348794567029
2329	15-19	0.051626271344041186
2329	20-24	0.04472021560906114
2329	25-29	0.016393284489026883
2329	30-34	0.007747726614660166
2329	35-39	0.0561208199443044
2329	40-44	0.05243815459204626
2329	45-49	0.049585884601683006
2329	50-54	0.012057887019118141
2329	55-59	0.03782697168167459
2329	60-64	0.05302508470835221
2329	65-69	0.009653293270801555
2329	70-74	0.021517794742621277
2329	75-79	0.02391487243084356
2329	80-84	0.0516532060257191
2329	85-89	0.02472352830343283
2329	90-94	0.027166431219640685
2329	95-99	0.002027367771262334
2329	100-104	-0.005803083090555106
2329	105-109	0.008249022161059827
2329	110-114	0.003989116859372643
2329	115-119	-0.08450839656098452
2329	120-124	-0.011824715552670284
2329	125-129	-0.026311034857009474
2329	130-134	-0.09206862134366389
2329	135-139	-0.09957097585616737
2329	140-144	-0.057529670286434964
2329	145-149	-0.0972354427958706
2329	150	-0.2690412240751172
2330	1	0.039549949223676606
2330	2	0.09226198268940067
2330	3	-0.02487907723025984
2330	4	0.03890221313952935
2330	5	0.030372190792704146
2330	6	0.0051689653785871315
2330	7	-0.0033390599245350927
2330	8	0.012855017671107305
2330	9	0.02469030279954154
2330	10-14	0.01942757996998523
2330	15-19	0.029759733425649415
2330	20-24	0.012361745915114852
2330	25-29	0.03306298168006805
2330	30-34	0.0050181834962401695
2330	35-39	0.031193410512777575
2330	40-44	0.021419898904241563
2330	45-49	0.024755880932382013
2330	50-54	0.03063158132016497
2330	55-59	0.051986097688164534
2330	60-64	0.04048952212899337
2330	65-69	0.07365638958361131
2330	70-74	0.010224929810213723
2330	75-79	0.017926227823274132
2330	80-84	0.011571639759559105
2330	85-89	0.07303652494978508
2330	90-94	0.04685254999866828
2330	95-99	-0.0012629019531189556
2330	100-104	-0.009377044081098518
2330	105-109	0.02936768330236106
2330	110-114	0.015900892454922655
2330	115-119	-0.08356847318356131
2330	120-124	-3.243606620912942E-4
2330	125-129	0.005313543548624011
2330	130-134	-0.013401594264955463
2330	135-139	-0.06311666826278639
2330	140-144	-0.07579550285761627
2330	145-149	-0.09579500783209483
2330	150	-0.12091800679134224
2331	1	0.07441749801307651
2331	2	0.07194135486602704
2331	3	0.05040129483756317
2331	4	0.05945507843740927
2331	5	0.05626722358692149
2331	6	0.024991855072997282
2331	7	0.04852620061007684
2331	8	0.08405747507420358
2331	9	0.01730023219138843
2331	10-14	0.04818530250859965
2331	15-19	0.05593466075946196
2331	20-24	0.015569274038000458
2331	25-29	0.044620646502018246
2331	30-34	0.05894762594134306
2331	35-39	0.04831890830760699
2331	40-44	0.05844829946085639
2331	45-49	0.05198292264778104
2331	50-54	0.030916233502459534
2331	55-59	0.022421581759921594
2331	60-64	0.05929352030274515
2331	65-69	0.06295627977983287
2331	70-74	0.002155050521800206
2331	75-79	0.032772512368914875
2331	80-84	0.03228069080689977
2331	85-89	0.0450504577870845
2331	90-94	0.0035324794343551957
2331	95-99	0.01639372818738849
2331	100-104	-0.008815894235468136
2331	105-109	-0.006682033862325909
2331	110-114	-0.01659727466827121
2331	115-119	-0.05800077023948802
2331	120-124	-0.017910865971430212
2331	125-129	-0.030505135631990754
2331	130-134	-0.035688781605550446
2331	135-139	-0.09136926421457758
2331	140-144	-0.08788086282998364
2331	145-149	-0.09698909551353552
2331	150	-0.15976637703916197
2332	1	0.07590766133205307
2332	2	0.06278051881289315
2332	3	0.005371354979011755
2332	4	-0.010304860142461791
2332	5	0.02640544886476448
2332	6	0.02058589878194539
2332	7	0.08419529639990486
2332	8	0.05769131481641665
2332	9	0.1002883999287505
2332	10-14	0.04773757464164419
2332	15-19	0.03398652925037027
2332	20-24	0.06688980405924383
2332	25-29	0.054278994314763906
2332	30-34	0.05433719035409723
2332	35-39	0.038343819338670926
2332	40-44	0.054846944662834574
2332	45-49	0.06540524900601241
2332	50-54	0.04114107075739071
2332	55-59	0.037068112032535794
2332	60-64	0.0455702331371981
2332	65-69	0.0501267252693367
2332	70-74	0.06367995896277279
2332	75-79	0.036070507135882224
2332	80-84	0.05126788576809105
2332	85-89	0.08328320048423876
2332	90-94	0.036308100485690886
2332	95-99	0.038135570076910597
2332	100-104	0.04464317296270082
2332	105-109	0.03799500199488648
2332	110-114	-0.025974531608497387
2332	115-119	0.002695053720742635
2332	120-124	0.034481768084518194
2332	125-129	0.03229321533790852
2332	130-134	0.03596877937085452
2332	135-139	-0.006984126642279875
2332	140-144	0.0021209992948030276
2332	145-149	0.004730389972941396
2332	150	-0.06960872895457726
2333	1	5.951398653181172E-4
2333	2	0.08416523310106783
2333	3	-0.0027373308147460307
2333	4	0.009181011016345053
2333	5	0.01018659940791622
2333	6	0.04543577873242555
2333	7	0.04901735409208641
2333	8	0.026379533379056852
2333	9	0.01881313604013002
2333	10-14	0.03346174018599868
2333	15-19	0.03413496206574962
2333	20-24	0.027630895312476866
2333	25-29	0.0238504861061557
2333	30-34	0.043343594180790035
2333	35-39	0.011386574371698543
2333	40-44	0.008051942378976662
2333	45-49	0.01146078569288278
2333	50-54	-0.017512497243352243
2333	55-59	0.004095763788491524
2333	60-64	0.010177507155241017
2333	65-69	0.0037150494449065263
2333	70-74	-0.045105278983754715
2333	75-79	0.03574436874546194
2333	80-84	-0.02396242784945457
2333	85-89	0.03168962220958349
2333	90-94	-0.021617611402589887
2333	95-99	0.022656574841946053
2333	100-104	-0.030536696048805823
2333	105-109	-0.04178268267103391
2333	110-114	-0.05269791196635509
2333	115-119	-0.0641304966692644
2333	120-124	-0.03314045239223873
2333	125-129	-0.030921210637117724
2333	130-134	-0.043696094603838276
2333	135-139	-0.06429612866531897
2333	140-144	-0.08494542737318511
2333	145-149	-0.08539127425022741
2333	150	0.005347434430994724
2334	1	-3.455241674217291E-4
2334	2	0.051223326588846874
2334	3	0.03564565578928125
2334	4	-0.02965668605074967
2334	5	-0.06482115665556165
2334	6	0.038778078988293885
2334	7	0.01640634276857611
2334	8	0.02524487028175315
2334	9	0.02154456840903407
2334	10-14	0.0067043387078769
2334	15-19	-0.007478390704726223
2334	20-24	-0.005369160608154289
2334	25-29	0.013814526095423219
2334	30-34	-0.014430333466869172
2334	35-39	0.007643247711861534
2334	40-44	0.02373557941065485
2334	45-49	0.02509074943201739
2334	50-54	-0.009849031083291493
2334	55-59	-0.016978773182749762
2334	60-64	0.03628506207802218
2334	65-69	0.039466752678450234
2334	70-74	0.013209219812544859
2334	75-79	0.019826775684208542
2334	80-84	0.0021437384908011836
2334	85-89	0.03547530063615767
2334	90-94	-0.029406985772958194
2334	95-99	-0.01652232109861984
2334	100-104	-0.005535710582869058
2334	105-109	-0.021766778873242743
2334	110-114	-0.01913712026402692
2334	115-119	-0.08294672554630012
2334	120-124	-0.025178762981362013
2334	125-129	-0.01372420984454692
2334	130-134	-0.06612921869641042
2334	135-139	-0.08636282796870631
2334	140-144	-0.08796845200827619
2334	145-149	-0.11182528693497318
2334	150	-0.10293996562408125
2335	1	0.10805985215148439
2335	2	0.050543091645899096
2335	3	0.006637230653090853
2335	4	6.486305177944018E-4
2335	5	0.049595827562683326
2335	6	0.08423766436311553
2335	7	0.03235288929525382
2335	8	0.04681545878012372
2335	9	0.04164730236925607
2335	10-14	0.0037983722565400058
2335	15-19	0.018674663148530612
2335	20-24	0.016576852959623523
2335	25-29	-0.01610439403221875
2335	30-34	0.01540827860013394
2335	35-39	-0.001297012699630784
2335	40-44	-0.00876735142968954
2335	45-49	0.008965093035897098
2335	50-54	0.04126938353866194
2335	55-59	0.023573219609048124
2335	60-64	0.031082372308041784
2335	65-69	-0.027050878759041552
2335	70-74	-0.019260668071588327
2335	75-79	-0.035210261986023283
2335	80-84	-0.011769595850964265
2335	85-89	-0.007685817100806958
2335	90-94	-0.013302796396388317
2335	95-99	-0.031180450016435657
2335	100-104	0.02529630119326498
2335	105-109	0.026997518381051577
2335	110-114	-0.019179776797784598
2335	115-119	-0.003364975634852385
2335	120-124	-0.03267412250996671
2335	125-129	-0.052016476724887184
2335	130-134	-0.028629427754545134
2335	135-139	-0.03329390766141671
2335	140-144	-0.04161349568254025
2335	145-149	-0.035973605110200424
2335	150	-0.09793431455011614
2336	1	0.07267410480295666
2336	2	0.049247577143880505
2336	3	-0.016665098807969514
2336	4	-0.017783879102701405
2336	5	0.032503153332413603
2336	6	0.03341231231707553
2336	7	-0.0011621679795297268
2336	8	0.014032692135828029
2336	9	0.026500265332678907
2336	10-14	0.0256301944052737
2336	15-19	0.040425512528479146
2336	20-24	0.03163629399354306
2336	25-29	0.03250391762827576
2336	30-34	0.006020516892128569
2336	35-39	0.0051700522740461
2336	40-44	0.025686760888909532
2336	45-49	0.0028983602198877634
2336	50-54	-0.0012026762497114873
2336	55-59	0.029817086581644503
2336	60-64	0.03933800921539188
2336	65-69	0.01183103968804744
2336	70-74	0.025090497779409304
2336	75-79	0.0211606291501667
2336	80-84	-0.03192041136775714
2336	85-89	-0.0029212220206744632
2336	90-94	0.009351999908041364
2336	95-99	-0.013848044599832576
2336	100-104	0.04476751315791461
2336	105-109	0.027488583862677274
2336	110-114	0.004937907610106151
2336	115-119	-0.0395524828712297
2336	120-124	-0.011300598264817552
2336	125-129	-0.040363270245578065
2336	130-134	-0.05293993292551846
2336	135-139	-0.06195453290963826
2336	140-144	-0.007103160574288836
2336	145-149	0.02444433090587239
2336	150	-0.21512397184756082
2337	1	0.01589767881501558
2337	2	0.031305479852591134
2337	3	0.04550270103192133
2337	4	0.02649970360391052
2337	5	2.2331404381503717E-4
2337	6	-0.034177430116223206
2337	7	0.08979988293245356
2337	8	0.00982297553562006
2337	9	0.024757095379250416
2337	10-14	-0.03736311179203966
2337	15-19	0.018151273333081974
2337	20-24	0.02839710987826294
2337	25-29	0.008292522252929757
2337	30-34	0.005537330326347956
2337	35-39	0.04856423494231876
2337	40-44	0.022565491935338855
2337	45-49	0.03055790963163929
2337	50-54	0.02632853456059081
2337	55-59	0.012114477840242444
2337	60-64	0.004928530901032957
2337	65-69	0.031638832462043354
2337	70-74	-0.008830983150829752
2337	75-79	0.03098842941601987
2337	80-84	0.01299263684942531
2337	85-89	0.020070430457835187
2337	90-94	0.020736350466364684
2337	95-99	0.05462077465747228
2337	100-104	0.006650798195146024
2337	105-109	0.01869185221237757
2337	110-114	-0.03573320154661985
2337	115-119	-0.03832126416817516
2337	120-124	-0.038487935790087136
2337	125-129	0.002196034992074658
2337	130-134	-0.03141076921863828
2337	135-139	-0.06234125254541567
2337	140-144	-0.051287419927511735
2337	145-149	-0.029710650107688252
2337	150	-0.09596827046407697
2338	1	0.05276988255795345
2338	2	0.004394797737340639
2338	3	0.026229418236603408
2338	4	-0.0382996912425142
2338	5	0.013120427573767302
2338	6	0.017706791333274907
2338	7	0.03253485734517625
2338	8	0.007828889895336033
2338	9	-0.010170539325898176
2338	10-14	0.026827132623090222
2338	15-19	0.043087479073456336
2338	20-24	0.034362550398391534
2338	25-29	0.0337093375680908
2338	30-34	0.03397392316959724
2338	35-39	0.011904658993913131
2338	40-44	0.006639580812581869
2338	45-49	0.041907253086385765
2338	50-54	0.0072665620777172535
2338	55-59	0.02452859355069137
2338	60-64	0.03737478922720072
2338	65-69	0.018227930519714164
2338	70-74	-0.02838452942282288
2338	75-79	0.026752433337875914
2338	80-84	0.01662681499964691
2338	85-89	0.005935268636989122
2338	90-94	-0.02601857269777952
2338	95-99	0.01980880205123725
2338	100-104	0.013089496049126126
2338	105-109	-0.02889752562521153
2338	110-114	-0.04574719054193821
2338	115-119	-0.025656017618914007
2338	120-124	-0.015811779304783613
2338	125-129	0.0016922929975109469
2338	130-134	-0.02776474853268951
2338	135-139	-0.016122194253981093
2338	140-144	-0.011439172154027233
2338	145-149	-0.047487441007483255
2338	150	-0.05316061248835524
2339	1	0.058838301061229004
2339	2	0.07217531047928105
2339	3	0.027079268113361366
2339	4	0.05122518157541833
2339	5	0.06396528991837158
2339	6	0.027519083862031835
2339	7	0.0804619887618756
2339	8	0.0678460848186333
2339	9	0.05036574297649565
2339	10-14	0.07846416081018504
2339	15-19	0.03717464892516631
2339	20-24	0.036182088782346966
2339	25-29	0.044562217382939195
2339	30-34	0.04388598603554783
2339	35-39	0.07700464645861871
2339	40-44	0.02123178039106932
2339	45-49	0.014285768274916677
2339	50-54	0.010041235025092021
2339	55-59	0.04710542345556945
2339	60-64	0.02272178409875636
2339	65-69	-7.085228062848614E-4
2339	70-74	0.021571951528109423
2339	75-79	0.022405707980148293
2339	80-84	0.026249847176963215
2339	85-89	-0.008498255535506871
2339	90-94	-0.002948031268424245
2339	95-99	0.03980016027784927
2339	100-104	0.025705372471769294
2339	105-109	-0.004019094875147289
2339	110-114	-0.030453634640259963
2339	115-119	-0.07336159035155276
2339	120-124	-0.027465382050856135
2339	125-129	-0.061136471779342116
2339	130-134	-0.054965478632560405
2339	135-139	-0.08854449928555397
2339	140-144	-0.014313241250604847
2339	145-149	-0.08730714935156669
2339	150	-0.04993801681118981
2340	1	0.022664603955902862
2340	2	0.03331392965588975
2340	3	0.042500761916130614
2340	4	0.009609043342813095
2340	5	0.026533111834524448
2340	6	0.03246463415864298
2340	7	0.06756871438594203
2340	8	0.04245230769996766
2340	9	0.06968956181375319
2340	10-14	0.03327214433004855
2340	15-19	0.025286145881509015
2340	20-24	0.03243691207503474
2340	25-29	0.05834977127311447
2340	30-34	0.03287461346184983
2340	35-39	0.042543627084313584
2340	40-44	0.0259200355125202
2340	45-49	0.05263773619222434
2340	50-54	0.03698214555801371
2340	55-59	0.06551446128953842
2340	60-64	0.04361121447028893
2340	65-69	0.0125494340799861
2340	70-74	0.0030129959356486324
2340	75-79	0.0205786057555315
2340	80-84	0.023569428742256093
2340	85-89	0.014373769002403947
2340	90-94	0.0051782452083912744
2340	95-99	0.009798646222549223
2340	100-104	0.04422902820961383
2340	105-109	0.030838276702048972
2340	110-114	-8.78248951750038E-5
2340	115-119	-0.04401500315766782
2340	120-124	-0.041284228731505834
2340	125-129	-0.03793783184039512
2340	130-134	-0.04571728370833483
2340	135-139	-0.004406854450387243
2340	140-144	-0.02416389430039345
2340	145-149	-0.07985742201294954
2340	150	-0.13980436485674375
2341	1	1.9666824439923403E-4
2341	2	-0.012750491817357101
2341	3	0.0017501166150850622
2341	4	-0.016933400326337278
2341	5	0.02265966567798472
2341	6	0.04310779040950763
2341	7	-0.01856286153009279
2341	8	-0.002097143415227265
2341	9	-4.01098870554506E-4
2341	10-14	0.015774360929562192
2341	15-19	0.040524980565876945
2341	20-24	0.03570772940069844
2341	25-29	-0.024476837621328684
2341	30-34	0.008826906455901451
2341	35-39	-0.010171835283784958
2341	40-44	-0.0034495577214670448
2341	45-49	0.003284547931485804
2341	50-54	-0.010396184472156733
2341	55-59	-0.01269184084005559
2341	60-64	0.021541327455494752
2341	65-69	-0.0072799108650443145
2341	70-74	0.0014897167458798322
2341	75-79	-0.019898265528041748
2341	80-84	-0.0029059877006574197
2341	85-89	-0.008749391637422832
2341	90-94	-0.0416720168229503
2341	95-99	-0.0434640063838998
2341	100-104	0.009050150293489878
2341	105-109	-0.0355067308380157
2341	110-114	-0.039497408854273885
2341	115-119	-0.07025163013774005
2341	120-124	-0.06203378672849169
2341	125-129	-0.06496811127058066
2341	130-134	-0.09030708632685958
2341	135-139	-0.08825888846929075
2341	140-144	-0.11980393424241242
2341	145-149	-0.071814294008135
2341	150	-0.15721375262405957
2342	1	0.030960836209807496
2342	2	0.007489508492930952
2342	3	0.08898286906040198
2342	4	0.03555387570703061
2342	5	0.018735839715454006
2342	6	0.13572410566890625
2342	7	0.06387527493551204
2342	8	0.08958244603651622
2342	9	0.02784597277977241
2342	10-14	0.044670208933936806
2342	15-19	0.0475162429299516
2342	20-24	0.04620204196638156
2342	25-29	0.053429869102743055
2342	30-34	0.07430830684457845
2342	35-39	0.045972520140161066
2342	40-44	0.02042610030627401
2342	45-49	0.05737035416360925
2342	50-54	0.05936505536733705
2342	55-59	0.036088332118573874
2342	60-64	0.04178974129198565
2342	65-69	0.028995793029359618
2342	70-74	0.0343267746889282
2342	75-79	0.00847166747303163
2342	80-84	0.05329694416460029
2342	85-89	0.04939105796111676
2342	90-94	0.04962629867176105
2342	95-99	0.011692744272501443
2342	100-104	0.02202094352292505
2342	105-109	0.015979554368385607
2342	110-114	0.009393591924713007
2342	115-119	-0.028789753107886895
2342	120-124	0.01287744609476249
2342	125-129	-0.02368504653525605
2342	130-134	-0.028461542556982522
2342	135-139	-0.043137525342793026
2342	140-144	-0.035629389176989434
2342	145-149	-0.03527580167821043
2342	150	-0.07819502835132397
2343	1	0.014894938127937962
2343	2	0.05425302023996892
2343	3	0.034098839226942346
2343	4	0.01698307017726819
2343	5	0.04871305435427331
2343	6	0.05749154695561742
2343	7	0.056015200769678586
2343	8	0.026475730085131488
2343	9	0.0890152764494232
2343	10-14	0.02600220947352483
2343	15-19	0.05730897413710778
2343	20-24	0.039053920803652886
2343	25-29	0.034703991004818135
2343	30-34	0.05987597311981574
2343	35-39	0.026549591445288456
2343	40-44	0.0393201428057921
2343	45-49	0.04831906242939965
2343	50-54	0.00764238496756775
2343	55-59	0.04373820078240698
2343	60-64	0.0705929686477873
2343	65-69	0.055059126464826136
2343	70-74	0.023468014083647404
2343	75-79	0.010894949925962294
2343	80-84	0.022275844824640956
2343	85-89	0.07380476069373998
2343	90-94	0.02477851610601789
2343	95-99	0.034451484066146065
2343	100-104	0.011249428646586068
2343	105-109	0.002730977060714679
2343	110-114	-0.030517618385445644
2343	115-119	-0.09011349266078383
2343	120-124	0.02907542645064609
2343	125-129	0.008032048892275157
2343	130-134	-0.08567369034587813
2343	135-139	-0.0036916123227044295
2343	140-144	-0.03836090671149606
2343	145-149	-0.08273875159061106
2343	150	-0.15513223172082036
2344	1	0.02372511365447849
2344	2	0.00363020518379642
2344	3	0.0667094930065204
2344	4	-0.003863806870612052
2344	5	0.0522774989379613
2344	6	0.047709395156353196
2344	7	0.0019225839543253187
2344	8	0.05004832047882246
2344	9	0.06029737994821005
2344	10-14	0.03362167482642775
2344	15-19	0.03157474163167251
2344	20-24	0.02725829186618256
2344	25-29	0.029344857384820955
2344	30-34	0.023662364917612422
2344	35-39	0.04359221857345119
2344	40-44	0.010659031999281865
2344	45-49	0.013017811055455297
2344	50-54	0.0388837855247246
2344	55-59	0.019978674492598714
2344	60-64	0.015624938341197492
2344	65-69	0.046381750146679224
2344	70-74	0.005011880053743312
2344	75-79	0.0071597566326673245
2344	80-84	0.01020816671989877
2344	85-89	0.040197681149379605
2344	90-94	-0.00970306313678293
2344	95-99	0.01611740664439054
2344	100-104	0.024593936360297164
2344	105-109	0.014665371960177254
2344	110-114	-0.039780735880910356
2344	115-119	-0.04182711522258842
2344	120-124	-0.039658500586917
2344	125-129	-4.8554422973978717E-4
2344	130-134	-0.05423321350269106
2344	135-139	-0.027743552304791308
2344	140-144	-0.1072863386091285
2344	145-149	-0.12053374348396773
2344	150	-0.19155470684607678
2345	1	0.07626581382194075
2345	2	-0.03754371440049198
2345	3	0.05190125956118408
2345	4	0.01638637745083571
2345	5	0.06485105829113991
2345	6	-0.02438382867475042
2345	7	0.05974711480738648
2345	8	0.006581924327733191
2345	9	0.023196405261586506
2345	10-14	0.039705446127591415
2345	15-19	0.008574163454817096
2345	20-24	0.03852588036063764
2345	25-29	0.06055685510984432
2345	30-34	0.02566372996868438
2345	35-39	0.05432090547006396
2345	40-44	0.03892410745508812
2345	45-49	0.03256928514785784
2345	50-54	0.008128792417664954
2345	55-59	0.026300500722229003
2345	60-64	0.04921970618288185
2345	65-69	0.06106190547713908
2345	70-74	-0.01847682481032109
2345	75-79	0.0056460010887775525
2345	80-84	0.003861515848520014
2345	85-89	0.02932022893643449
2345	90-94	-0.05994807717898709
2345	95-99	-0.03648089825239964
2345	100-104	0.029755514812023875
2345	105-109	-0.00619112989794246
2345	110-114	-0.02520748470620049
2345	115-119	-0.06504898561027517
2345	120-124	-0.004934272390663352
2345	125-129	-0.01797407842439469
2345	130-134	-0.036595457656389385
2345	135-139	0.00958154387168264
2345	140-144	-0.02034737056887792
2345	145-149	-0.03458925180881067
2345	150	-0.07848637352110899
2346	1	0.02023311060045785
2346	2	0.017507407545586773
2346	3	-0.006862990599195484
2346	4	-0.024026446657558154
2346	5	0.01258676786363111
2346	6	0.016169090427410993
2346	7	0.02327731316906778
2346	8	0.05678520969787826
2346	9	0.018441931410428936
2346	10-14	0.018769511792228855
2346	15-19	0.014425226797193602
2346	20-24	0.03092662290481485
2346	25-29	0.027775502160757526
2346	30-34	0.03500900273495233
2346	35-39	0.015250875586872326
2346	40-44	-0.004916604944234848
2346	45-49	0.02160117070734202
2346	50-54	0.0034329629825080588
2346	55-59	0.03419662517138278
2346	60-64	0.021164950624715573
2346	65-69	-0.02173030585208835
2346	70-74	-0.03480791000589534
2346	75-79	-0.005219770700762183
2346	80-84	-0.02313894343092926
2346	85-89	-0.025749239752279607
2346	90-94	-0.03792076618937301
2346	95-99	-0.01653562693187638
2346	100-104	-0.01285547712671331
2346	105-109	0.014298333095347004
2346	110-114	-0.056107838374778396
2346	115-119	-0.07015060182390442
2346	120-124	-0.027327194661253884
2346	125-129	-0.05914803781944755
2346	130-134	-0.05171799954158729
2346	135-139	-0.03313244232265333
2346	140-144	-0.054784735939982454
2346	145-149	-0.08230660445733662
2346	150	-0.07543604938344117
2347	1	0.056112062998437295
2347	2	0.029295816444850686
2347	3	-0.023245865444593505
2347	4	-0.05146740284610729
2347	5	-0.007409941968695932
2347	6	-0.02441745608818735
2347	7	-0.009043769698578785
2347	8	0.0827662749816227
2347	9	0.006988296307547159
2347	10-14	0.02115093494921183
2347	15-19	0.03483422143698789
2347	20-24	0.04185305678338125
2347	25-29	0.04310155966206963
2347	30-34	0.03307529304136381
2347	35-39	0.0759433830273224
2347	40-44	0.03827719311517086
2347	45-49	0.07911920128980654
2347	50-54	0.08255675740073087
2347	55-59	0.04382088017741381
2347	60-64	0.04506125807127148
2347	65-69	0.067982224281252
2347	70-74	0.02779941592077506
2347	75-79	0.018025819223808526
2347	80-84	0.06280969194681774
2347	85-89	0.04845344609034896
2347	90-94	0.01630077927340068
2347	95-99	0.09622176131081517
2347	100-104	0.02146876660471264
2347	105-109	-0.013774907932258884
2347	110-114	-0.03421004541090866
2347	115-119	-0.008490617981287585
2347	120-124	-0.039970496925825216
2347	125-129	-0.03342453081454266
2347	130-134	-0.01372558058107387
2347	135-139	-0.040645283936740384
2347	140-144	-0.05855293063599021
2347	145-149	-0.045434523761514356
2347	150	-0.11044327037933499
2348	1	0.033903417425463545
2348	2	0.021487252789128775
2348	3	-0.003613319192723452
2348	4	0.008953581690484214
2348	5	-0.011033713114663612
2348	6	-0.007367335892915605
2348	7	0.06320470381768217
2348	8	0.025992132578238625
2348	9	-0.019255256583832647
2348	10-14	0.01590959285805127
2348	15-19	0.005397532113498471
2348	20-24	0.01954713193534019
2348	25-29	0.03167000744452508
2348	30-34	0.04233577388850307
2348	35-39	0.010770395088009366
2348	40-44	0.02732831237565847
2348	45-49	0.05428302943737151
2348	50-54	0.04890110611412268
2348	55-59	0.07906302263872789
2348	60-64	0.06711983551114997
2348	65-69	0.03626018597477554
2348	70-74	-0.007895913906686758
2348	75-79	0.036590097458898185
2348	80-84	0.016971959753718124
2348	85-89	0.03499775521719073
2348	90-94	0.017875491032164348
2348	95-99	0.027611450358122624
2348	100-104	0.01316249975724304
2348	105-109	0.0173865257110819
2348	110-114	-5.857584708408581E-4
2348	115-119	-0.03856724770643183
2348	120-124	-0.008528166390220804
2348	125-129	0.004616356158201995
2348	130-134	-0.02660979192045687
2348	135-139	-0.11970986212007517
2348	140-144	-0.031122350042394942
2348	145-149	-0.08890852659559556
2348	150	-0.04687939741103975
2349	1	0.04299888336303326
2349	2	0.03464894489818704
2349	3	0.02715754736761511
2349	4	0.004149146359736733
2349	5	0.011786974969176356
2349	6	0.058149486466014366
2349	7	-0.036366952596083024
2349	8	0.03109731978868524
2349	9	0.04863416393716591
2349	10-14	0.030435604857743215
2349	15-19	0.023538642465126713
2349	20-24	0.05796955162092132
2349	25-29	0.06142682372765762
2349	30-34	0.030330305672507052
2349	35-39	0.0016530562864645049
2349	40-44	-0.01224121750966134
2349	45-49	0.008725195458495705
2349	50-54	0.0018647272882788002
2349	55-59	-0.01862513715469305
2349	60-64	0.015513243272977206
2349	65-69	-0.024547591043528882
2349	70-74	-0.060653565611701765
2349	75-79	-0.04194593960345827
2349	80-84	-0.020313678584550132
2349	85-89	-0.016806300376345007
2349	90-94	-0.044540245278312796
2349	95-99	-0.05787590439239665
2349	100-104	-0.004965547633972278
2349	105-109	-0.01465904275553953
2349	110-114	-0.044027696649614256
2349	115-119	-0.0655665641794343
2349	120-124	-0.0732833877770176
2349	125-129	-0.028587258940156346
2349	130-134	-0.08496294753678058
2349	135-139	-0.03527787305650776
2349	140-144	-0.08527773851357523
2349	145-149	-0.11111738206760435
2349	150	-0.1991631370632021
2350	1	0.07783971263685174
2350	2	0.07970640748142443
2350	3	0.057581373255359836
2350	4	0.041259275634814685
2350	5	-0.005683664357128748
2350	6	-0.00786186758657692
2350	7	0.050592754363627535
2350	8	-0.003531030097391863
2350	9	0.04159389607215758
2350	10-14	-0.02220309206960991
2350	15-19	0.04382267000689666
2350	20-24	0.03250057386328109
2350	25-29	0.032554902979441636
2350	30-34	0.010196171765180395
2350	35-39	0.003070827518662611
2350	40-44	-0.0012156016593038999
2350	45-49	0.045319231433964546
2350	50-54	0.002696921440062283
2350	55-59	0.04206466559696764
2350	60-64	0.03769740046745085
2350	65-69	0.033912235498767984
2350	70-74	0.033388451935472574
2350	75-79	0.05222215576052491
2350	80-84	-0.010654174285875229
2350	85-89	0.0398679944010496
2350	90-94	0.04264593852642662
2350	95-99	0.011264838026697532
2350	100-104	-0.02333358509478245
2350	105-109	-0.03279612217096428
2350	110-114	-0.014812284341424231
2350	115-119	-0.038193730827210004
2350	120-124	-0.021536500071370313
2350	125-129	-0.04847059667915943
2350	130-134	-0.0393027383301785
2350	135-139	-0.038085470956886525
2350	140-144	-0.048078539087576644
2350	145-149	-0.03142532612812943
2350	150	-0.047982038665608684
2351	1	0.060134113831594505
2351	2	0.05104152795743744
2351	3	0.06394099748440141
2351	4	0.030319125863051966
2351	5	0.09736016720903962
2351	6	0.036784311767505073
2351	7	0.0764801802510533
2351	8	0.04542879412016276
2351	9	0.050869732839402104
2351	10-14	0.04471045113259464
2351	15-19	0.012574916834743988
2351	20-24	0.016049727034427974
2351	25-29	0.040120946421772885
2351	30-34	0.029669263678144375
2351	35-39	0.054807925441323846
2351	40-44	0.007336646068203834
2351	45-49	0.024475231208526793
2351	50-54	0.00622985432007539
2351	55-59	0.034125708929487075
2351	60-64	0.04855428431402231
2351	65-69	0.024998717169438578
2351	70-74	0.001312209687405641
2351	75-79	0.014332624675105876
2351	80-84	0.00427185933431673
2351	85-89	0.0377209888176111
2351	90-94	0.013140101735366727
2351	95-99	-0.00634799553115073
2351	100-104	0.01618913085404472
2351	105-109	-0.004928931692091965
2351	110-114	0.0032672173119649983
2351	115-119	-0.05120648981935716
2351	120-124	-0.05485238534602388
2351	125-129	-0.050838843858407756
2351	130-134	-0.0723907562979278
2351	135-139	-0.009666166111465202
2351	140-144	-0.07290307813891417
2351	145-149	-0.07635843264199593
2351	150	-0.02873365996705246
2352	1	0.08678800872283432
2352	2	0.06086699677069163
2352	3	0.12411032117902465
2352	4	0.0731936678649916
2352	5	0.03988606610491985
2352	6	0.04435907675937045
2352	7	0.023187001303419663
2352	8	0.024275322704909286
2352	9	0.04053749039546517
2352	10-14	0.04132372313853949
2352	15-19	0.055513015968301715
2352	20-24	0.05376375392821586
2352	25-29	0.058884784033786275
2352	30-34	0.0521219241761699
2352	35-39	0.06618160278359397
2352	40-44	0.016765589528560554
2352	45-49	0.015394279719203041
2352	50-54	-0.019631672763097185
2352	55-59	-0.012432923318499434
2352	60-64	-0.01573494542023468
2352	65-69	-0.0280326737328096
2352	70-74	-0.058584558411808985
2352	75-79	-0.05847173608736966
2352	80-84	-0.04997861516048374
2352	85-89	-0.04577046709967192
2352	90-94	-0.0835589136372974
2352	95-99	-0.07072701837439865
2352	100-104	-0.06498241035239971
2352	105-109	-0.09572085005817854
2352	110-114	-0.12088603319381974
2352	115-119	-0.11662297722536863
2352	120-124	-0.15834788465303973
2352	125-129	-0.027409830202515195
2352	130-134	-0.056326969204462785
2352	135-139	-0.06299501455374923
2352	140-144	-0.0862162485201523
2352	145-149	-0.12509881192337957
2352	150	-0.20704540023341877
2353	1	0.014268673046863967
2353	2	0.020195060213559657
2353	3	0.022411221581315033
2353	4	0.010681895739416802
2353	5	-0.05222837702797278
2353	6	0.026866800279201186
2353	7	-0.05726454920378643
2353	8	-0.022967193677843056
2353	9	-0.009059115953057528
2353	10-14	-0.03313606616794118
2353	15-19	-0.05225127865985968
2353	20-24	-0.09209355870608249
2353	25-29	-0.08223683547451799
2353	30-34	-0.08306344519800746
2353	35-39	-0.10145714691083896
2353	40-44	-0.10462373810537429
2353	45-49	-0.0493803598391338
2353	50-54	-0.0761872610945602
2353	55-59	-0.059482599845111395
2353	60-64	-0.030453029792411712
2353	65-69	0.013644670022955552
2353	70-74	-0.03489140807833735
2353	75-79	-0.0358541887226167
2353	80-84	-0.032814929545345706
2353	85-89	-0.002337290673011694
2353	90-94	-0.032057235131347284
2353	95-99	-0.06270293133577098
2353	100-104	-0.08373286892712883
2353	105-109	-0.10770663085155263
2353	110-114	-0.09713343249828199
2353	115-119	-0.10638275806029185
2353	120-124	-0.06403290157886232
2353	125-129	-0.0986292190022624
2353	130-134	-0.08753663557553182
2353	135-139	-0.06630555926911086
2353	140-144	-0.10863097373031394
2353	145-149	-0.13708190120858887
2353	150	-0.10233949416220867
2354	1	0.014599472085322418
2354	2	0.02937906274485158
2354	3	-0.04915782789174017
2354	4	-0.06552838509499992
2354	5	-0.04238528762549265
2354	6	-0.08120210134661932
2354	7	0.0025666015081142746
2354	8	-0.0319035285437792
2354	9	-0.03191244835445417
2354	10-14	-0.150335335155944
2354	15-19	-0.06179264669358986
2354	20-24	0.02004320323224107
2354	25-29	-0.0028585430483687446
2354	30-34	-1.3901637696989155E-4
2354	35-39	-0.005283073477748701
2354	40-44	-0.018327910955015625
2354	45-49	0.006476807801213624
2354	50-54	-0.034340507842905765
2354	55-59	0.0037724752493559777
2354	60-64	0.00809992138702853
2354	65-69	-0.029127441614370753
2354	70-74	-0.04489931628373256
2354	75-79	-0.04562353238343064
2354	80-84	-0.04291121126578901
2354	85-89	-0.002329987249673593
2354	90-94	-0.05753387767439477
2354	95-99	-0.06255232177196746
2354	100-104	-0.03518699306984274
2354	105-109	-0.1034299010022508
2354	110-114	-0.08720475283375606
2354	115-119	-0.11420606376548648
2354	120-124	-0.07539681902632367
2354	125-129	-0.04729713945815206
2354	130-134	-0.06715581541154592
2354	135-139	-0.050984002514084636
2354	140-144	-0.1189031026321814
2354	145-149	-0.05349794605537994
2354	150	-0.10107300940449448
2355	1	0.08650332268469185
2355	2	0.03319250249271022
2355	3	-0.043291761183624544
2355	4	-0.06650603716012427
2355	5	0.04291807000185344
2355	6	-0.04805709351912668
2355	7	-0.022419646241040425
2355	8	0.012295644994040344
2355	9	0.045564806034768424
2355	10-14	-0.2549209585163936
2355	15-19	0.001633464651348504
2355	20-24	-0.018609515474842908
2355	25-29	0.02166123411320342
2355	30-34	0.0012385749076742059
2355	35-39	0.025423596232755585
2355	40-44	-0.002059936966347209
2355	45-49	0.02157896539485904
2355	50-54	-0.0029515804032484994
2355	55-59	0.03515286379378324
2355	60-64	-0.011197590903584853
2355	65-69	0.016259008722641966
2355	70-74	-0.024262185072700504
2355	75-79	-0.04203935682868831
2355	80-84	-0.03264249017522758
2355	85-89	0.02406321323833538
2355	90-94	-0.017649829698960673
2355	95-99	0.015246715225828211
2355	100-104	0.0072482093179218055
2355	105-109	-0.048283400822782596
2355	110-114	0.0012597243847238815
2355	115-119	-0.034584435587461826
2355	120-124	-0.054802135383638984
2355	125-129	-0.03722946305511954
2355	130-134	-0.03546597936142604
2355	135-139	-0.07488234357134615
2355	140-144	-0.10514605765781226
2355	145-149	-0.09043659985431418
2355	150	-0.05361496135684973
2356	1	0.03800764688806879
2356	2	0.004538511499681874
2356	3	0.054615242261917274
2356	4	0.08070267916388474
2356	5	-0.02569068777921757
2356	6	-0.026139837093715812
2356	7	0.03768709303656692
2356	8	0.005186523385496855
2356	9	0.04172175504537279
2356	10-14	0.03225683933332135
2356	15-19	-0.01407229856867076
2356	20-24	0.005360887805323955
2356	25-29	0.015524814218913718
2356	30-34	0.01221967493240328
2356	35-39	0.01733105711218741
2356	40-44	0.03461018166824914
2356	45-49	0.03373258278552527
2356	50-54	-9.615783471303985E-4
2356	55-59	0.036136793573206205
2356	60-64	0.03421771643582616
2356	65-69	0.04881142785711745
2356	70-74	0.00731861960897362
2356	75-79	-0.015297168704073272
2356	80-84	0.017818379298851994
2356	85-89	0.04542902948274019
2356	90-94	0.003803866541666423
2356	95-99	0.020182160777075353
2356	100-104	-0.011490689213580652
2356	105-109	-0.020068778447623004
2356	110-114	-0.04176346143920284
2356	115-119	-0.04601245233347839
2356	120-124	-0.020183166806361896
2356	125-129	-0.01928409809895726
2356	130-134	0.03287821844049432
2356	135-139	-0.008389072452011703
2356	140-144	-0.022341638243268847
2356	145-149	-0.09317932136428908
2356	150	-0.07764526856021803
2357	1	0.01625764819889497
2357	2	-0.015120844482510165
2357	3	0.02355861754958255
2357	4	-0.022557968527891603
2357	5	0.02124062024486051
2357	6	0.013430814220633636
2357	7	0.04540158132043359
2357	8	0.008505089998244841
2357	9	-0.01121983772834767
2357	10-14	-0.00788930218475059
2357	15-19	0.044178635580330194
2357	20-24	0.017952815473421424
2357	25-29	0.02931348771127773
2357	30-34	-0.006964361389023566
2357	35-39	0.01225320360100568
2357	40-44	-0.009204340780556208
2357	45-49	-4.929996598761477E-4
2357	50-54	0.02468205978126292
2357	55-59	-0.013791043202438402
2357	60-64	-3.3948267893180173E-4
2357	65-69	0.00784638171593599
2357	70-74	-0.040124549455200054
2357	75-79	-0.0335952904829071
2357	80-84	-0.002689442051057256
2357	85-89	0.011125084456331535
2357	90-94	-5.650508205761184E-4
2357	95-99	-0.020358412688331384
2357	100-104	-0.004630551316829212
2357	105-109	-0.03497241268970441
2357	110-114	-0.045797496155032036
2357	115-119	-0.026357051000857723
2357	120-124	-0.03975953775437091
2357	125-129	0.01453086859577013
2357	130-134	-0.04685549903991415
2357	135-139	-0.03800294918167424
2357	140-144	-0.15155385457313741
2357	145-149	-0.09291594587732988
2357	150	-0.10121091051266262
2358	1	0.021743277981862263
2358	2	-0.010414760703632453
2358	3	0.005631460101618302
2358	4	0.07715220707579817
2358	5	-0.006581592188624086
2358	6	-0.02771569966823506
2358	7	0.03929821930227462
2358	8	0.0495655381672222
2358	9	-0.01351260807507515
2358	10-14	0.014870938333430672
2358	15-19	0.030781293187601477
2358	20-24	0.009865344915816365
2358	25-29	0.009091710908236905
2358	30-34	0.03192415576859986
2358	35-39	0.0175343289749037
2358	40-44	0.022348005922609104
2358	45-49	0.04374690518872626
2358	50-54	0.04313855460694782
2358	55-59	0.036507612507200804
2358	60-64	0.03870407536066267
2358	65-69	0.07629175695277013
2358	70-74	0.04052658955948374
2358	75-79	0.02804537650445127
2358	80-84	0.023588378501365526
2358	85-89	0.024931047477593893
2358	90-94	0.027589870744179734
2358	95-99	0.03243116372632926
2358	100-104	0.01910193047835662
2358	105-109	-0.008347703870214218
2358	110-114	-0.04241904122930862
2358	115-119	-7.008756186621667E-5
2358	120-124	0.01603143890103098
2358	125-129	0.013629553644378234
2358	130-134	0.034469894658400335
2358	135-139	0.031285441058379604
2358	140-144	7.60271309189875E-4
2358	145-149	0.022845746980728165
2358	150	0.025916228016164666
2359	1	0.029256383477537895
2359	2	0.021522535843594426
2359	3	-0.03641981004751216
2359	4	0.04253578839498573
2359	5	0.03921395858724708
2359	6	0.003596694311426063
2359	7	0.0296343604010616
2359	8	0.00213189029103944
2359	9	0.027797713507901278
2359	10-14	0.031198446020717086
2359	15-19	0.021960277401035455
2359	20-24	0.01690761174397437
2359	25-29	0.03963530528208281
2359	30-34	0.05130607629496353
2359	35-39	0.036233981186079234
2359	40-44	0.01050891099102813
2359	45-49	0.02658429763307879
2359	50-54	0.013069824567111255
2359	55-59	0.04110391723290974
2359	60-64	0.03967454853463437
2359	65-69	-0.002621678688640827
2359	70-74	-0.06846264157724136
2359	75-79	-0.0408318055454302
2359	80-84	-0.02171146073899166
2359	85-89	-0.019414462333003257
2359	90-94	-0.040524570738753596
2359	95-99	-0.04660971712236517
2359	100-104	0.006712859669967486
2359	105-109	-0.03234529750752557
2359	110-114	-0.07042708188195945
2359	115-119	-0.0910591671199299
2359	120-124	-0.061419837697386015
2359	125-129	-0.09759028697619954
2359	130-134	-0.12107171255608051
2359	135-139	-0.047233047944672535
2359	140-144	-0.10530784584346264
2359	145-149	-0.15838963558800856
2359	150	-0.06823024750254802
2360	1	-0.004559554073203742
2360	2	-0.018292261209182925
2360	3	-0.035631780605015706
2360	4	0.006116432983425568
2360	5	0.0156545394525196
2360	6	0.029004855858119072
2360	7	0.04432757057106329
2360	8	0.013375315470902649
2360	9	0.00551755105384899
2360	10-14	0.02699846839918507
2360	15-19	0.02728061337929688
2360	20-24	0.0338406227282988
2360	25-29	0.03012901511576871
2360	30-34	0.04868467119271713
2360	35-39	0.009034076683825276
2360	40-44	0.023521883837311464
2360	45-49	-0.005789154745436065
2360	50-54	0.009001593948390507
2360	55-59	0.009594167919075858
2360	60-64	-0.006798418015357299
2360	65-69	0.004317325837888575
2360	70-74	0.013231053357820599
2360	75-79	-0.018402697538071777
2360	80-84	-0.0029925176703144984
2360	85-89	0.025845070154417726
2360	90-94	-0.02409558922725097
2360	95-99	-0.011840913725762903
2360	100-104	-0.0055308698428433445
2360	105-109	-0.06428780916449739
2360	110-114	-0.016838260858371257
2360	115-119	-0.04928388796023597
2360	120-124	-0.042206919693093425
2360	125-129	-0.016429329863633768
2360	130-134	-0.04587430703376327
2360	135-139	-0.039229687205434516
2360	140-144	-0.0600709157114494
2360	145-149	-0.09002681191371664
2360	150	-0.09228496453830104
2361	1	0.04606833851886449
2361	2	0.008793924155902744
2361	3	0.06451402737890533
2361	4	0.06531273066717347
2361	5	0.057080870234493375
2361	6	-0.05819210849736578
2361	7	0.03462187227651725
2361	8	0.032261609787532564
2361	9	-0.02418966020453439
2361	10-14	0.015782507628586018
2361	15-19	-0.004526825534277634
2361	20-24	0.02330342934476448
2361	25-29	0.042184998406440855
2361	30-34	0.014690147799264253
2361	35-39	-0.0014297666807721043
2361	40-44	-0.012540773428142415
2361	45-49	-0.027459332761608835
2361	50-54	-6.025311510455822E-4
2361	55-59	-0.01373782094949405
2361	60-64	-0.003417916530835896
2361	65-69	-0.02863709287581173
2361	70-74	-0.01065260788766409
2361	75-79	-0.04110312228175417
2361	80-84	-0.06786548389437996
2361	85-89	-0.014693339345626555
2361	90-94	-0.07192093050466752
2361	95-99	-0.0758709746338937
2361	100-104	-0.06594932177238633
2361	105-109	-0.08391567751488083
2361	110-114	-0.10541881602740233
2361	115-119	-0.097194745461465
2361	120-124	-0.14308739711231055
2361	125-129	-0.13846566831173845
2361	130-134	-0.15447629266524388
2361	135-139	-0.12797384607893036
2361	140-144	-0.16213648429833682
2361	145-149	-0.16246437557020244
2361	150	-0.1770733831982767
2362	1	-0.04308219771805
2362	2	-0.12704131679207364
2362	3	-0.02474292453285898
2362	4	-0.003130990920404031
2362	5	-0.03439063120842434
2362	6	-0.08313322481669871
2362	7	-0.021617917847045476
2362	8	0.01918826787963468
2362	9	-0.05707154176853635
2362	10-14	-0.04832544190330168
2362	15-19	-0.0347891138626224
2362	20-24	-0.058076780425409424
2362	25-29	-0.06337540707457379
2362	30-34	-0.0881819208397161
2362	35-39	-0.0922105215771154
2362	40-44	-0.07286498413343168
2362	45-49	-0.1048826981494031
2362	50-54	-0.13671785529430736
2362	55-59	-0.10550201403156478
2362	60-64	-0.06698268122294593
2362	65-69	-0.11704094153688516
2362	70-74	-0.15034897530711788
2362	75-79	-0.14694293660044622
2362	80-84	-0.16655134482221712
2362	85-89	-0.16498648055652154
2362	90-94	-0.22694522168329456
2362	95-99	-0.20156702408351634
2362	100-104	-0.19440956307798274
2362	105-109	-0.22905543915193505
2362	110-114	-0.21110191372383724
2362	115-119	-0.2597364483493152
2362	120-124	-0.2849110154046457
2362	125-129	-0.2540372803901718
2362	130-134	-0.2700646206384434
2362	135-139	-0.2803821201607519
2362	140-144	-0.3168684721043107
2362	145-149	-0.29562531857553154
2362	150	-0.4357954836955429
2363	1	0.04373724612386809
2363	2	0.03188454325738377
2363	3	0.027557047991834338
2363	4	0.033730027401290386
2363	5	0.035564396049970526
2363	6	-7.875565159736198E-4
2363	7	0.026565096628104357
2363	8	0.01932275228378444
2363	9	0.06234916304542537
2363	10-14	0.026521925528335544
2363	15-19	0.019353873426432244
2363	20-24	-0.003194707341094727
2363	25-29	0.009440378213113831
2363	30-34	0.017816662012805295
2363	35-39	0.01135664109116874
2363	40-44	0.04374094764104086
2363	45-49	0.03431820419756093
2363	50-54	0.056526400197142834
2363	55-59	0.037315651145647166
2363	60-64	0.02813032905860524
2363	65-69	0.029987097738349178
2363	70-74	0.021097816589119134
2363	75-79	-0.06612214791449844
2363	80-84	-0.019004600646262304
2363	85-89	-0.0049668140199941035
2363	90-94	9.935517611054934E-4
2363	95-99	-0.031078686628887908
2363	100-104	-0.027413915745256645
2363	105-109	-0.06002661899952244
2363	110-114	-0.06361749511582104
2363	115-119	-0.0612326958006193
2363	120-124	-0.07811449175419938
2363	125-129	-0.07470247206661185
2363	130-134	-0.09646000478664263
2363	135-139	-0.08705529413730062
2363	140-144	-0.10697490277253507
2363	145-149	-0.11375265939950197
2363	150	-0.1716760673289386
2364	1	0.02943755394694847
2364	2	0.06425579192148945
2364	3	0.05837577073236844
2364	4	0.0070273036209229645
2364	5	-4.3728748644866755E-4
2364	6	0.018731769079145977
2364	7	0.017831235676659674
2364	8	0.05048076125439138
2364	9	-2.875727095030811E-4
2364	10-14	-0.01282240305836524
2364	15-19	0.023676807071169037
2364	20-24	0.04292536016541959
2364	25-29	0.024371778230445784
2364	30-34	0.058822409969238265
2364	35-39	0.03259882688261939
2364	40-44	0.02199867313382242
2364	45-49	0.03317474048644442
2364	50-54	0.04645435474165538
2364	55-59	0.016601736799685796
2364	60-64	0.030442406369232344
2364	65-69	0.012034038694906712
2364	70-74	-0.015083320375651965
2364	75-79	-0.05394683730614247
2364	80-84	-0.0238946962529738
2364	85-89	0.013476843215286749
2364	90-94	-0.008430847963261101
2364	95-99	-0.03516578075425514
2364	100-104	-0.06988854922535381
2364	105-109	-0.0882411213453338
2364	110-114	-0.0914519019787079
2364	115-119	-0.06810237027563915
2364	120-124	-0.12279732257115938
2364	125-129	-0.07989517096528687
2364	130-134	-0.09759337965821402
2364	135-139	-0.11008041926778844
2364	140-144	-0.15940088700175892
2364	145-149	-0.1304245596087128
2364	150	-0.11455384175981465
2365	1	-0.0070109404929468155
2365	2	-0.04621154365460711
2365	3	-0.020680112777739623
2365	4	-0.028891958989063937
2365	5	-0.05783842388699156
2365	6	-0.1051169583388969
2365	7	-0.1040850003141287
2365	8	-0.029302742149837968
2365	9	-0.029271552430088832
2365	10-14	-0.02114001471787219
2365	15-19	-0.050181725409075284
2365	20-24	-0.04142115607748309
2365	25-29	-0.06920613213606686
2365	30-34	-0.054427456316020084
2365	35-39	-0.052443704887224385
2365	40-44	-0.08291692110844195
2365	45-49	-0.08889494370011164
2365	50-54	-0.08032968352151926
2365	55-59	-0.05986334916212854
2365	60-64	-0.12247947133511872
2365	65-69	-0.11849586222257358
2365	70-74	-0.10682472409055777
2365	75-79	-0.1715254227213947
2365	80-84	-0.14179294314073587
2365	85-89	-0.1719758875459263
2365	90-94	-0.15722592504091892
2365	95-99	-0.18874498818455265
2365	100-104	-0.19639070736682385
2365	105-109	-0.1634819620399952
2365	110-114	-0.19743723467453833
2365	115-119	-0.22006292021425367
2365	120-124	-0.22495503237174574
2365	125-129	-0.2026691751759202
2365	130-134	-0.25588628338318387
2365	135-139	-0.2314848289557716
2365	140-144	-0.29428540721355034
2365	145-149	-0.28727427945526784
2365	150	-0.3852578370040547
2366	1	0.06754580371130459
2366	2	0.01773325461906694
2366	3	-0.02955247448913667
2366	4	0.004665825567158777
2366	5	0.018847063112787055
2366	6	0.004094522117597421
2366	7	0.07058134365244229
2366	8	0.015505933497529156
2366	9	0.012262384224527523
2366	10-14	0.027730814288396743
2366	15-19	0.002535811837020674
2366	20-24	0.030359963316072935
2366	25-29	0.049936050142072475
2366	30-34	0.03804007671411114
2366	35-39	-0.01353000294174933
2366	40-44	0.01580722564487047
2366	45-49	-0.02336409473463874
2366	50-54	-0.016290849765724147
2366	55-59	-0.025230174956128337
2366	60-64	0.017739335214649543
2366	65-69	-0.04544866238251899
2366	70-74	-0.012605265780116781
2366	75-79	-0.040834183539104174
2366	80-84	-0.08032371119052328
2366	85-89	-0.005960766677532092
2366	90-94	-0.09125650168305555
2366	95-99	-0.09562415764403198
2366	100-104	-0.09385859288818921
2366	105-109	-0.08727045842790204
2366	110-114	-0.12203837420882735
2366	115-119	-0.14794644163831805
2366	120-124	-0.1532022669916131
2366	125-129	-0.16504273925116308
2366	130-134	-0.17131530699071362
2366	135-139	-0.1431402830317836
2366	140-144	-0.19156001304867232
2366	145-149	-0.183897918812022
2366	150	-0.23899831567941732
2367	1	0.027163921864350016
2367	2	-0.005815114149939404
2367	3	0.032149055367973745
2367	4	0.006780006158734864
2367	5	0.021857848048902895
2367	6	-0.02979468342505953
2367	7	0.021110731961250906
2367	8	0.024281500406495127
2367	9	0.023310127108707945
2367	10-14	0.019635722341050155
2367	15-19	-0.014328371543470553
2367	20-24	0.011805815651875662
2367	25-29	-0.0012864787024611246
2367	30-34	0.011163313372776429
2367	35-39	0.019872877762914243
2367	40-44	-3.636044639137026E-4
2367	45-49	0.006419202533024304
2367	50-54	0.04588745775348002
2367	55-59	0.005793767441204523
2367	60-64	0.03704037297710272
2367	65-69	-0.04205628097699332
2367	70-74	-0.0073460275254007
2367	75-79	-0.05922788676151214
2367	80-84	-0.05644464692791473
2367	85-89	-0.03435003098201861
2367	90-94	-0.0784985897853332
2367	95-99	-0.07069174931442745
2367	100-104	-0.06051211316282945
2367	105-109	-0.05015013573335381
2367	110-114	-0.09285375751107239
2367	115-119	-0.12387020743882715
2367	120-124	-0.08160038837721117
2367	125-129	-0.1653538630341842
2367	130-134	-0.1123948902253531
2367	135-139	-0.09955263074719767
2367	140-144	-0.149637543899928
2367	145-149	-0.20382744093694782
2367	150	-0.1419380416080145
2368	1	0.07062849622244016
2368	2	0.02358311338861796
2368	3	0.02805207105136276
2368	4	-0.009486554090543109
2368	5	0.10397322506351259
2368	6	-0.007524550713569056
2368	7	0.010631764481878747
2368	8	0.010389951791303531
2368	9	0.05548396143672818
2368	10-14	0.027048288177248025
2368	15-19	0.04157058973955685
2368	20-24	0.05626371809892561
2368	25-29	0.04119308036237612
2368	30-34	-0.0761501108998246
2368	35-39	0.04873357851119664
2368	40-44	0.03058493397576001
2368	45-49	0.026070804594908736
2368	50-54	0.007014326060698295
2368	55-59	0.03647762238546903
2368	60-64	0.08044861921944602
2368	65-69	0.03351554884527985
2368	70-74	0.026869388630743174
2368	75-79	0.04906193401614445
2368	80-84	0.03334818341327406
2368	85-89	0.01993900186500497
2368	90-94	0.040628974654772776
2368	95-99	-5.280815865660315E-4
2368	100-104	0.041243493193135805
2368	105-109	0.009380803293815632
2368	110-114	-0.04104729265495166
2368	115-119	-0.009786623042906228
2368	120-124	-0.027177483820089776
2368	125-129	-0.009812122472467877
2368	130-134	-0.029531055604088863
2368	135-139	-0.004755497386746299
2368	140-144	-0.031223553923730663
2368	145-149	-0.04796099135495524
2368	150	-0.01558252679479466
2369	1	0.050099353061739293
2369	2	0.04537309555818325
2369	3	0.0015458570887219025
2369	4	-0.019865568320575733
2369	5	0.01242545971351916
2369	6	0.014303557824575819
2369	7	0.057032825919975494
2369	8	0.043336726109892254
2369	9	0.07382350725000464
2369	10-14	0.008772540487385072
2369	15-19	0.02812880806893503
2369	20-24	0.02344906435624239
2369	25-29	0.00960436729253189
2369	30-34	-0.04487510159064101
2369	35-39	0.02843611658355627
2369	40-44	0.01962492472375743
2369	45-49	-0.007927596639362378
2369	50-54	0.031470053086060545
2369	55-59	0.02614796909394812
2369	60-64	5.774863452359114E-4
2369	65-69	0.011946445437672537
2369	70-74	0.01977081798830227
2369	75-79	0.011993445078509524
2369	80-84	-0.013407707428385152
2369	85-89	0.014547577501993203
2369	90-94	0.005786048938922761
2369	95-99	0.008728594022855418
2369	100-104	0.002851002562699989
2369	105-109	-0.001410331562965439
2369	110-114	-0.03469991314380394
2369	115-119	-0.033106946812026194
2369	120-124	-0.05478036464850078
2369	125-129	-0.04774719835029373
2369	130-134	-0.048930717804466894
2369	135-139	-0.045650806191261495
2369	140-144	-0.14183465606808454
2369	145-149	-0.013917601005751123
2369	150	-0.09548370324743871
2370	1	0.0488186156205046
2370	2	-0.06489972352082418
2370	3	0.018687999514241938
2370	4	0.010099184055604837
2370	5	0.06199114392816085
2370	6	0.030797366328272346
2370	7	0.010645089704794941
2370	8	0.00788033423537371
2370	9	0.015914152526526948
2370	10-14	-0.018938113992227557
2370	15-19	-0.011588891817730484
2370	20-24	-0.021094327589295858
2370	25-29	-0.034640336041690034
2370	30-34	-0.03004490063595
2370	35-39	-0.03976720167551662
2370	40-44	-0.01778430286532995
2370	45-49	-0.031240368858803436
2370	50-54	-0.012307125106943317
2370	55-59	-0.01295588271778314
2370	60-64	-0.042536678278864315
2370	65-69	-0.035730711446163355
2370	70-74	-0.02336135133617745
2370	75-79	-0.06542569590477854
2370	80-84	-0.05169416231419888
2370	85-89	-0.0881714204937083
2370	90-94	-0.0856636228278802
2370	95-99	-0.10115581147717734
2370	100-104	-0.059872082263225934
2370	105-109	-0.05523377226223403
2370	110-114	-0.11363667845371594
2370	115-119	-0.10224912423812071
2370	120-124	-0.15557994217113702
2370	125-129	-0.12186125694329064
2370	130-134	-0.14623246278831914
2370	135-139	-0.10863700258765618
2370	140-144	-0.08224772445403516
2370	145-149	-0.139781440587889
2370	150	-0.156460445374627
2371	1	0.1339810262201766
2371	2	0.006318446031976066
2371	3	0.08260964487328692
2371	4	0.06296859080418216
2371	5	0.08029037632972091
2371	6	0.04028100574038973
2371	7	0.055984237880110754
2371	8	0.03247770527621441
2371	9	0.06345842697571413
2371	10-14	0.0539061263996885
2371	15-19	0.022233086909579924
2371	20-24	0.050351354342012655
2371	25-29	0.04226384186824106
2371	30-34	0.07806244852964994
2371	35-39	0.062077376014350705
2371	40-44	0.044261900404166
2371	45-49	0.06024588706846856
2371	50-54	0.055253899623878056
2371	55-59	0.07042531636004412
2371	60-64	0.06729924100540785
2371	65-69	0.005206944103861133
2371	70-74	0.009481071576509237
2371	75-79	0.010144763344392516
2371	80-84	0.012285527764653636
2371	85-89	0.041724311868556185
2371	90-94	0.01333447127496612
2371	95-99	-3.282853447856837E-4
2371	100-104	0.03810503059732184
2371	105-109	0.003310344999562176
2371	110-114	-0.011275429075922716
2371	115-119	0.01633394602465188
2371	120-124	-0.041389113400605027
2371	125-129	-0.05253482129842979
2371	130-134	-0.03565342372725411
2371	135-139	0.013320766399282036
2371	140-144	-0.05472756844554283
2371	145-149	-0.016309842385055617
2371	150	-0.016813363820567417
2372	1	0.03913797752814929
2372	2	-0.012505145765899783
2372	3	0.056470287591174895
2372	4	0.033154501172774076
2372	5	0.02205975307439445
2372	6	-0.0029867615378975643
2372	7	-0.004168859775965927
2372	8	0.00835331813640039
2372	9	0.03731147978046323
2372	10-14	-4.934325352721203E-4
2372	15-19	0.03901885786664394
2372	20-24	0.03777393722791089
2372	25-29	0.02714961266339344
2372	30-34	0.028188400608357256
2372	35-39	0.028662833983638336
2372	40-44	0.018143835358415572
2372	45-49	0.017911193352830423
2372	50-54	0.006107633294433867
2372	55-59	0.021301819770037866
2372	60-64	0.01361359942093543
2372	65-69	0.013750676576222531
2372	70-74	0.04634325575515419
2372	75-79	0.01566941052474391
2372	80-84	-0.0171589229766127
2372	85-89	-0.00844505451335209
2372	90-94	-0.00232451129615896
2372	95-99	-0.030244525087262275
2372	100-104	0.014405415476758776
2372	105-109	0.04928546465707484
2372	110-114	-0.0572550419620228
2372	115-119	-0.002095557242853374
2372	120-124	-0.023580809104593925
2372	125-129	-0.03677287902548443
2372	130-134	-0.03212336524241266
2372	135-139	-0.0022408628858840984
2372	140-144	0.0037188309806097664
2372	145-149	-0.017530684974715882
2372	150	0.052007718246024126
2373	1	0.08937703196340152
2373	2	0.012729711867841331
2373	3	0.03484352394247736
2373	4	0.058774932096632426
2373	5	0.012206637611065219
2373	6	0.007892171764254385
2373	7	0.04692070624713551
2373	8	0.04376045911849502
2373	9	0.02011247985992526
2373	10-14	0.041731403709100334
2373	15-19	0.05120671102209684
2373	20-24	0.059385370370073076
2373	25-29	0.03823358897886209
2373	30-34	0.07226057293611632
2373	35-39	0.034565460754421906
2373	40-44	0.030268980111650023
2373	45-49	0.05731833071829584
2373	50-54	0.03653537351447511
2373	55-59	0.011539019676135354
2373	60-64	0.033344202437277204
2373	65-69	0.03126139009878415
2373	70-74	0.043500551875744975
2373	75-79	0.023427189325225584
2373	80-84	-0.012315668364323074
2373	85-89	0.023749752624155462
2373	90-94	0.04460062208477922
2373	95-99	0.03151893122466021
2373	100-104	0.006031965141318096
2373	105-109	0.042511671304062304
2373	110-114	-0.020448806404054665
2373	115-119	0.005903611735192271
2373	120-124	-0.018229437611957167
2373	125-129	5.561408699108483E-4
2373	130-134	-0.058031097493817185
2373	135-139	0.05256529611999383
2373	140-144	0.021576871896591854
2373	145-149	0.024756357361688686
2373	150	-0.04248245149362617
2374	1	0.10310381563196813
2374	2	0.012660156770408548
2374	3	0.011991417172197316
2374	4	0.05998733557452596
2374	5	0.011831601336425024
2374	6	0.012259760832741051
2374	7	0.12221389877248612
2374	8	0.04086019195776913
2374	9	0.03145477146887288
2374	10-14	0.032877310409155314
2374	15-19	0.038486987947592866
2374	20-24	0.021018708469036085
2374	25-29	0.05887381358369481
2374	30-34	0.04382794243498722
2374	35-39	0.028791375410214926
2374	40-44	0.03975120404869159
2374	45-49	0.04216929063125008
2374	50-54	0.04670875863729407
2374	55-59	0.021958573718713126
2374	60-64	0.04927005469893686
2374	65-69	0.03939467610658198
2374	70-74	0.029246502483708525
2374	75-79	0.004892980820400794
2374	80-84	0.009794093087251099
2374	85-89	-0.005046468629807066
2374	90-94	0.029540841031995058
2374	95-99	0.0329156256437102
2374	100-104	-0.019807342639133196
2374	105-109	0.029715728270495845
2374	110-114	-0.0549742229040433
2374	115-119	-0.05161192929397629
2374	120-124	0.019485019971277495
2374	125-129	-0.0596271688833383
2374	130-134	-0.03743122286336842
2374	135-139	0.0031412378837387678
2374	140-144	0.02396386954328733
2374	145-149	-8.817317312761475E-4
2374	150	-0.06294828723746093
2375	1	0.13967180676699797
2375	2	0.034822575640127695
2375	3	0.09399236699015034
2375	4	0.09038151002442163
2375	5	0.08813364344502617
2375	6	0.019225092477505257
2375	7	0.11018287138606553
2375	8	0.11399617422782882
2375	9	0.03493743729125498
2375	10-14	0.05978881903666888
2375	15-19	0.06058608562054246
2375	20-24	0.07281544742740209
2375	25-29	0.09477693215263372
2375	30-34	0.05953159923410567
2375	35-39	0.05133372146055848
2375	40-44	0.08299958144301911
2375	45-49	0.06395178232035192
2375	50-54	0.0965425404957756
2375	55-59	0.03791551530490267
2375	60-64	0.05268939932454941
2375	65-69	0.043890481077298205
2375	70-74	0.0498258914341676
2375	75-79	0.016417438632643666
2375	80-84	0.033222935892382566
2375	85-89	0.04978968777354709
2375	90-94	0.02453846648711533
2375	95-99	0.0681855322449465
2375	100-104	0.054721705959885014
2375	105-109	0.03782084145713327
2375	110-114	-0.012105772690333083
2375	115-119	0.004490651044797289
2375	120-124	-0.01318871756235751
2375	125-129	-4.851710995836811E-4
2375	130-134	-0.02964271566058585
2375	135-139	-0.010789425405796749
2375	140-144	-0.014598739290015317
2375	145-149	6.80862202955268E-5
2375	150	0.014936784790400282
2376	1	0.06661580783983112
2376	2	0.034593338791623296
2376	3	0.016442756143270287
2376	4	0.04588203484421882
2376	5	0.05519613481146024
2376	6	0.04267279047976302
2376	7	0.0593139694542657
2376	8	0.011244928726107162
2376	9	0.014805430745376214
2376	10-14	0.039217123409962085
2376	15-19	0.04539164013979047
2376	20-24	0.06158859923996829
2376	25-29	0.03266087488527347
2376	30-34	-0.0035896215340400772
2376	35-39	0.047870223408089885
2376	40-44	0.029595401639056718
2376	45-49	-0.06090881525832259
2376	50-54	0.02138894122013113
2376	55-59	0.045292565807592666
2376	60-64	0.02565903237417899
2376	65-69	0.002593041855064371
2376	70-74	0.009833746085796236
2376	75-79	-3.725900937965321E-4
2376	80-84	-0.02445582801333046
2376	85-89	0.00502081518325781
2376	90-94	0.011759825493093956
2376	95-99	-0.02452073302448099
2376	100-104	-0.013048046875702823
2376	105-109	0.03795515196694055
2376	110-114	0.007498943730531948
2376	115-119	-3.3453506204494943E-4
2376	120-124	-0.02548983808538452
2376	125-129	0.029479266183699337
2376	130-134	-0.018267163490683913
2376	135-139	0.004022703224968893
2376	140-144	-0.028552230475966667
2376	145-149	-0.011664141748127577
2376	150	0.04720831172863171
2377	1	0.06897316532285913
2377	2	0.05460597720738747
2377	3	0.019394370261466065
2377	4	0.02288681400673198
2377	5	0.04129764388851953
2377	6	-0.0010247412627464314
2377	7	-0.004289485604026311
2377	8	0.06382827112673795
2377	9	-0.006278962066630811
2377	10-14	0.044655073810453416
2377	15-19	0.023050854884047567
2377	20-24	0.04570160843839233
2377	25-29	0.03251557495306656
2377	30-34	0.029676279015859564
2377	35-39	0.05295798088442183
2377	40-44	0.050179949292576964
2377	45-49	0.049008239907109896
2377	50-54	0.03650465386775892
2377	55-59	0.026695764749646855
2377	60-64	0.02907843527181342
2377	65-69	0.019982246471855092
2377	70-74	0.0373161067075074
2377	75-79	0.06821416719002826
2377	80-84	0.0012673655720476518
2377	85-89	-0.011782084119538183
2377	90-94	-0.004037106133914392
2377	95-99	0.03573563430981608
2377	100-104	-0.011673137897403763
2377	105-109	0.05326173817181257
2377	110-114	-0.008018268787367333
2377	115-119	-0.016518319388737268
2377	120-124	-0.01610845087278534
2377	125-129	-0.01681123324297573
2377	130-134	-0.04841154274358672
2377	135-139	0.014078362473192385
2377	140-144	-0.00728437139011362
2377	145-149	0.005269494014413567
2377	150	-0.03706481196881839
2378	1	0.11310333459234556
2378	2	-0.008118923403991118
2378	3	0.06828526354595255
2378	4	0.10530900137786148
2378	5	0.049316569484147976
2378	6	-0.01475675739636273
2378	7	0.0296580085694913
2378	8	0.016684478536703296
2378	9	0.0944623639835882
2378	10-14	0.03866629030778057
2378	15-19	0.013203077267931462
2378	20-24	0.02885197703203346
2378	25-29	0.03915089393316862
2378	30-34	0.00450417679576276
2378	35-39	0.032007976207182764
2378	40-44	0.01645326710833217
2378	45-49	0.022292428125837205
2378	50-54	0.029079325463506223
2378	55-59	0.008603245011819638
2378	60-64	0.030667491849051487
2378	65-69	0.025107916303767297
2378	70-74	0.013439672733504437
2378	75-79	0.03945538523094427
2378	80-84	0.008960162185346121
2378	85-89	0.01638283669581142
2378	90-94	0.02101063229056166
2378	95-99	0.015285164759674785
2378	100-104	0.016934072056429272
2378	105-109	0.053529290845617084
2378	110-114	0.003330669268926556
2378	115-119	-0.0070706618815066236
2378	120-124	0.03219828415684134
2378	125-129	0.009280721847964912
2378	130-134	-0.01723184249633647
2378	135-139	-0.013724067282232966
2378	140-144	-0.001004986893235582
2378	145-149	-0.03261176669809629
2378	150	-0.21922277246591904
2379	1	0.04698598147977151
2379	2	0.0012716804211407862
2379	3	0.06749419865838036
2379	4	0.0405902612859208
2379	5	0.058295489518478405
2379	6	0.0401918222155615
2379	7	0.042911651780848103
2379	8	0.04246115058442257
2379	9	-9.57160818032321E-4
2379	10-14	-0.020187731828222866
2379	15-19	0.012549521203617076
2379	20-24	-0.00645218735871822
2379	25-29	0.026840805392183142
2379	30-34	0.0634889780271024
2379	35-39	0.03488137106467093
2379	40-44	0.03980035522528169
2379	45-49	0.019063118440257654
2379	50-54	0.037394109130843844
2379	55-59	0.028652403626125533
2379	60-64	-0.0036221455754414933
2379	65-69	0.013672411499847215
2379	70-74	0.012368434642638704
2379	75-79	-0.008213665241903811
2379	80-84	-0.026510513230043387
2379	85-89	0.007265284266253502
2379	90-94	-0.04351993290475775
2379	95-99	-0.02483015819879597
2379	100-104	-0.008575716537649214
2379	105-109	0.025649145778430693
2379	110-114	0.012659663897906626
2379	115-119	-0.01853295685448586
2379	120-124	-0.03001370835876571
2379	125-129	-0.048133103400779476
2379	130-134	-0.02436557646890236
2379	135-139	-0.03187149841633641
2379	140-144	-0.049803941128637064
2379	145-149	-0.03006849132898992
2379	150	-0.13925909192973052
2380	1	0.04063742415947047
2380	2	0.06107612395694417
2380	3	-0.008787871735698616
2380	4	0.08735159693060979
2380	5	0.04875717825517256
2380	6	-0.010238149290046294
2380	7	0.05413151579712405
2380	8	0.06650249940439323
2380	9	0.061694592787070235
2380	10-14	0.014754179071054807
2380	15-19	0.03078119328662865
2380	20-24	0.032660723996301044
2380	25-29	0.010737879143974283
2380	30-34	0.03479368634641844
2380	35-39	0.04583684910183905
2380	40-44	0.03242489220907174
2380	45-49	0.011504365606086253
2380	50-54	0.03200229342584748
2380	55-59	0.008136210659287713
2380	60-64	0.029189656528338048
2380	65-69	0.019375550142768816
2380	70-74	0.05420580503714234
2380	75-79	0.006634400134778673
2380	80-84	0.03330369819072132
2380	85-89	0.0377055347670705
2380	90-94	0.06261764945853088
2380	95-99	0.07090048101556334
2380	100-104	0.010405101210366752
2380	105-109	0.062086153568600366
2380	110-114	0.06070079123676919
2380	115-119	0.0604651818523152
2380	120-124	0.005662866748181727
2380	125-129	0.03645757536784089
2380	130-134	0.07868171968683413
2380	135-139	0.021612129728232787
2380	140-144	-0.0066389192431799415
2380	145-149	0.06999985547068377
2380	150	0.04799921325704304
2381	1	0.10956552548379506
2381	2	0.0941840046265483
2381	3	0.05429529078113404
2381	4	0.09332113130491848
2381	5	0.01726439274040814
2381	6	0.034777902437213015
2381	7	0.03644723493459878
2381	8	0.07351100003742062
2381	9	0.004554839767635599
2381	10-14	0.05899238770835069
2381	15-19	0.007431908706344359
2381	20-24	0.046717465219344945
2381	25-29	0.05174403858610788
2381	30-34	0.01991167533377336
2381	35-39	0.018612064632065994
2381	40-44	0.038599029585739686
2381	45-49	-0.009468635338436115
2381	50-54	0.04123577948922019
2381	55-59	0.039476441964929165
2381	60-64	0.03373031085602918
2381	65-69	0.04588388498331142
2381	70-74	0.08059602528994958
2381	75-79	0.0542800463235622
2381	80-84	0.05060474720500707
2381	85-89	0.08289436236298542
2381	90-94	0.05107773868503074
2381	95-99	0.04081678092915553
2381	100-104	0.044666018394508455
2381	105-109	0.06314360820174869
2381	110-114	0.02576959511932131
2381	115-119	0.028290210489196
2381	120-124	-0.02295799095162465
2381	125-129	0.00784086248023641
2381	130-134	-0.019655632858331273
2381	135-139	-4.1398007662962755E-4
2381	140-144	0.018106036645974655
2381	145-149	0.03546206483142811
2381	150	-0.004965583471317814
2382	1	0.05690407523662344
2382	2	0.021602974064407476
2382	3	0.007209860241601973
2382	4	0.007245638530719134
2382	5	-0.007918496384149876
2382	6	0.06472012676125871
2382	7	0.03897863484883146
2382	8	-0.32309451796974287
2382	9	0.05902149418905367
2382	10-14	0.007479282524442965
2382	15-19	-0.0658292316973288
2382	20-24	-0.008079249840974967
2382	25-29	-0.0029501156109148496
2382	30-34	0.006824339855029393
2382	35-39	0.00846290257260307
2382	40-44	-0.004379810794986838
2382	45-49	-0.05316093446376158
2382	50-54	-0.026287624999518755
2382	55-59	-0.007751942128003009
2382	60-64	-0.028697298129436888
2382	65-69	-0.01584530862567135
2382	70-74	-0.010638158395394726
2382	75-79	-0.013101194180833886
2382	80-84	-0.04298091854299457
2382	85-89	-0.010539934687855634
2382	90-94	-0.05210783996103174
2382	95-99	-0.03899726309388285
2382	100-104	-0.05045323977628158
2382	105-109	-0.01729303179133268
2382	110-114	-0.040451789236229274
2382	115-119	-0.08932019204141284
2382	120-124	-0.04659149627249093
2382	125-129	-0.06894470635854333
2382	130-134	-0.08269873169243169
2382	135-139	-0.09302741621462474
2382	140-144	-0.04718723007544412
2382	145-149	-0.0778676060097041
2382	150	0.03026966239217188
2383	1	0.06725714730158217
2383	2	-0.01583842050924744
2383	3	0.007943022007438572
2383	4	0.05576251424308509
2383	5	0.02284154502908109
2383	6	0.07938539285289892
2383	7	0.04230051374456423
2383	8	0.07215970717434317
2383	9	0.02724262869127614
2383	10-14	-0.0018360792505305312
2383	15-19	-0.020004548900438124
2383	20-24	-0.0019218157446871942
2383	25-29	0.0065909850054950425
2383	30-34	0.0225405891723085
2383	35-39	0.02685318238889778
2383	40-44	-0.01691314869669469
2383	45-49	-0.004438617243508247
2383	50-54	-0.02237642567757092
2383	55-59	-0.03503931701470009
2383	60-64	-0.013894439235954792
2383	65-69	-0.03535479528591168
2383	70-74	-0.013104284421217471
2383	75-79	-0.0507007600740792
2383	80-84	-0.045898683672220386
2383	85-89	-0.05889455670260446
2383	90-94	-0.030771509967841837
2383	95-99	-0.08867082646262503
2383	100-104	-0.10166437042160226
2383	105-109	-0.08821600799279139
2383	110-114	-0.09384328465348801
2383	115-119	-0.1670834842043476
2383	120-124	-0.12288330986007168
2383	125-129	-0.13169736533266985
2383	130-134	-0.13699508827939155
2383	135-139	-0.19514534247282
2383	140-144	-0.14344282505521733
2383	145-149	-0.15952849651068846
2383	150	-0.12327294870409133
2384	1	0.16287164218315553
2384	2	0.08741290608320185
2384	3	-0.005483028430852244
2384	4	0.1292529314635189
2384	5	4.2009623388139516E-4
2384	6	0.07127332169510936
2384	7	0.10306238999115891
2384	8	0.05899912558523113
2384	9	0.09393330923631282
2384	10-14	0.06450436650545299
2384	15-19	0.03972166412184208
2384	20-24	0.058576453490985614
2384	25-29	0.07492261448660287
2384	30-34	0.0796327926592042
2384	35-39	0.027648814913796116
2384	40-44	0.07904417545994136
2384	45-49	0.04271144312895103
2384	50-54	0.060103657948261
2384	55-59	0.07124852135054027
2384	60-64	0.07705530355188728
2384	65-69	0.07535035895968178
2384	70-74	0.08882448849792723
2384	75-79	0.07956887306924898
2384	80-84	0.04475848901393675
2384	85-89	0.05754419123731225
2384	90-94	0.06112417217557464
2384	95-99	0.06087558972752305
2384	100-104	0.07387848552586007
2384	105-109	0.021755069448047948
2384	110-114	0.04745742641445361
2384	115-119	0.05021596907678827
2384	120-124	0.04153391188238231
2384	125-129	0.02053194933695579
2384	130-134	0.023864505711728157
2384	135-139	0.03399299642488529
2384	140-144	-0.0022856428898947456
2384	145-149	0.050330339801170965
2384	150	0.007813278334268148
2385	1	0.05283444513630542
2385	2	-0.01008370601523012
2385	3	0.020755949108576033
2385	4	0.07509039148303032
2385	5	-0.0116896971252487
2385	6	0.02290507158120647
2385	7	-0.008174549932654429
2385	8	0.03403692384243584
2385	9	0.10018693680957114
2385	10-14	0.01696236270060325
2385	15-19	0.03008074074073619
2385	20-24	0.025184682078304377
2385	25-29	0.03088130061124872
2385	30-34	0.06134477715382758
2385	35-39	0.07780420796562737
2385	40-44	0.03281024938736721
2385	45-49	0.028840681905649035
2385	50-54	0.013997144272835271
2385	55-59	0.06657333287922285
2385	60-64	0.05667397890023551
2385	65-69	0.060196873532042616
2385	70-74	0.001726291024048976
2385	75-79	0.03977444151201581
2385	80-84	7.193797931748236E-4
2385	85-89	0.01912462180791863
2385	90-94	-0.028862965172713473
2385	95-99	0.022920401672173796
2385	100-104	0.014123995134497136
2385	105-109	0.047770056159663454
2385	110-114	-0.00513944482189288
2385	115-119	-0.028898903697353262
2385	120-124	-0.04462880488645027
2385	125-129	-0.011940106730953914
2385	130-134	-0.058365450422662946
2385	135-139	-0.07105776587733459
2385	140-144	-0.03711615941733726
2385	145-149	-0.028296617950964276
2385	150	-0.05567219479878105
2386	1	0.06945712161040518
2386	2	0.010575716032626303
2386	3	0.04495662439991577
2386	4	0.07126816862253094
2386	5	0.004952957016953974
2386	6	0.030611578864210287
2386	7	0.09745930634199595
2386	8	0.08104204315193897
2386	9	0.03315670564821005
2386	10-14	0.02383750150564623
2386	15-19	0.017735711282014677
2386	20-24	0.009895308505143419
2386	25-29	0.022816549372969064
2386	30-34	0.036650707315601494
2386	35-39	0.033871525782885215
2386	40-44	0.0021466317727529827
2386	45-49	-0.03226572700207697
2386	50-54	-0.02931352718710656
2386	55-59	0.005081947383054342
2386	60-64	0.039703516613414536
2386	65-69	-0.0027446598604115025
2386	70-74	-0.0023914833560141346
2386	75-79	-0.006393021098460849
2386	80-84	-0.06881613814132237
2386	85-89	-0.03160684807145486
2386	90-94	-0.007810390823223656
2386	95-99	-0.013124953532816619
2386	100-104	-0.0066135013841588375
2386	105-109	-0.017752607337911286
2386	110-114	-0.053233031605756764
2386	115-119	-0.0471138028832101
2386	120-124	-0.08160815069603444
2386	125-129	-0.07227486987376608
2386	130-134	-0.10929217315673156
2386	135-139	-0.03585051872818923
2386	140-144	-0.051624003537149576
2386	145-149	-0.02703867625087497
2386	150	-0.08535716312943009
2387	1	0.08541010046451447
2387	2	-0.007745926700224004
2387	3	0.04791735786194096
2387	4	0.01643406891014365
2387	5	-0.03220490335898063
2387	6	-0.03397811061733336
2387	7	0.033339211446367756
2387	8	0.011087614646243082
2387	9	-0.03622325985831054
2387	10-14	8.424801849713504E-4
2387	15-19	-0.016001742420378662
2387	20-24	0.02770283898252046
2387	25-29	-0.013708039442612119
2387	30-34	0.008009652873980144
2387	35-39	0.041304897071043456
2387	40-44	-0.03106352401339052
2387	45-49	-0.017394152253771722
2387	50-54	-0.019502727282713295
2387	55-59	-0.019113714457432707
2387	60-64	-0.0510046793157386
2387	65-69	-0.036650005836214916
2387	70-74	-0.004835971210042089
2387	75-79	-0.020740356592561682
2387	80-84	-0.03398286092629377
2387	85-89	-0.03673136646069963
2387	90-94	-0.031322403140123356
2387	95-99	-0.04456141946729275
2387	100-104	-0.04384276481206939
2387	105-109	-0.006224150214450219
2387	110-114	-0.044454722917350864
2387	115-119	-0.05976723076948076
2387	120-124	-0.07767440285830673
2387	125-129	-0.17565152996902356
2387	130-134	-0.1444463785600334
2387	135-139	-0.13269824619369786
2387	140-144	-0.09821356964409489
2387	145-149	-0.08585479411475205
2387	150	-0.054086070570200206
2388	1	0.06444413072267707
2388	2	0.028762958856560772
2388	3	0.008100046286770635
2388	4	0.04982760970356992
2388	5	-1.1408682038338611
2388	6	0.01129506116800627
2388	7	0.017644535267550054
2388	8	0.05564305507372325
2388	9	-0.030700034074072846
2388	10-14	-0.022540987076041574
2388	15-19	0.0015728590051864444
2388	20-24	0.02009443581584236
2388	25-29	0.00593476023558992
2388	30-34	0.02372441351019461
2388	35-39	0.008731062586250005
2388	40-44	0.009472821153792665
2388	45-49	-0.005199330512724032
2388	50-54	-0.0404738558752058
2388	55-59	-0.013795540465174838
2388	60-64	0.007291885728662351
2388	65-69	0.038009632105129754
2388	70-74	-0.019070216837697274
2388	75-79	0.005500913586594436
2388	80-84	-0.04462817429205046
2388	85-89	-0.012497239787123249
2388	90-94	-0.0350893157495662
2388	95-99	-0.029625394850057774
2388	100-104	-0.004850668997690377
2388	105-109	-0.0573449793869969
2388	110-114	-0.036451141773454765
2388	115-119	-0.05544316228949242
2388	120-124	-0.07387433336408122
2388	125-129	-0.05705591436601054
2388	130-134	-0.06168038314914526
2388	135-139	-0.03498956473706727
2388	140-144	-0.052542515241384535
2388	145-149	-0.019372585575723633
2388	150	-0.124778602445204
2401	1	0.0325008826360218
2401	2	-0.05393399463895321
2401	3	0.02073685186294938
2401	4	-0.013463842856303643
2401	5	0.019351496961185433
2401	6	-0.030323190136435585
2401	7	-0.02356070032418245
2401	8	0.04572775720538402
2401	9	0.028299134250993063
2401	10-14	-0.023271653109048884
2401	15-19	-0.038760642643310916
2401	20-24	-0.00462005215952388
2401	25-29	-0.0012815247516897443
2401	30-34	-0.00825275503269296
2401	35-39	0.019195404523458137
2401	40-44	0.00898657844332007
2401	45-49	0.013855451123092166
2401	50-54	-0.0054560045668097246
2401	55-59	-0.03486529224981183
2401	60-64	-0.008496086667648228
2401	65-69	0.00647434037534822
2401	70-74	-0.0010740187802511514
2401	75-79	0.011019769835542093
2401	80-84	-0.032350513674821
2401	85-89	-0.060596921968489426
2401	90-94	-0.0217446557957075
2401	95-99	-0.07657783096454551
2401	100-104	-0.04269691804472586
2401	105-109	-0.12468921360250818
2401	110-114	-0.02600091850833053
2401	115-119	-0.0737036052554032
2401	120-124	-0.13240455583711963
2401	125-129	-0.10830820889774628
2401	130-134	-0.11625593190609607
2401	135-139	-0.23279623001761252
2401	140-144	-0.1651025294986681
2401	145-149	-0.1359742825886272
2401	150	-0.28428915184570513
2402	1	-0.11188737687354688
2402	2	-0.034514941463150706
2402	3	8.37660601867185E-4
2402	4	-0.05125172311756643
2402	5	-0.06964462951975037
2402	6	-0.00700873818265535
2402	7	0.0214158802822908
2402	8	0.002964673949037433
2402	9	-0.0027104928214995994
2402	10-14	-0.02434975557093111
2402	15-19	-0.015882245210526946
2402	20-24	-0.013825413498892658
2402	25-29	-0.025874156961862127
2402	30-34	-0.04658325210728265
2402	35-39	-0.03563296130528926
2402	40-44	-0.07804791046285686
2402	45-49	-0.0427559490162821
2402	50-54	-0.061477300818083336
2402	55-59	-0.0924781348293422
2402	60-64	-0.06293969374046782
2402	65-69	-0.08651523839971276
2402	70-74	-0.049975171111654504
2402	75-79	-0.08215602958424029
2402	80-84	-0.10420105094326004
2402	85-89	-0.08931039500782845
2402	90-94	-0.13785800890180866
2402	95-99	-0.07846977761046503
2402	100-104	-0.12686970292665478
2402	105-109	-0.1395926187337011
2402	110-114	-0.17428449575992033
2402	115-119	-0.17071670066714262
2402	120-124	-0.11134971069684951
2402	125-129	-0.18625321789273386
2402	130-134	-0.21833085775818972
2402	135-139	-0.25897092734827964
2402	140-144	-0.21116369544412095
2402	145-149	-0.2520463073532113
2402	150	-0.3964222615197741
2403	1	0.044425872763440566
2403	2	-0.0066789040708599146
2403	3	0.05969248382281478
2403	4	0.006097150367537552
2403	5	0.034213806166775385
2403	6	-0.015327284087170767
2403	7	-0.010488135953146127
2403	8	0.02840892660195493
2403	9	-0.046482642475318414
2403	10-14	0.0067676198342780935
2403	15-19	-0.0060862059238289135
2403	20-24	0.006654253408612476
2403	25-29	0.020902012252676627
2403	30-34	0.016577418471122485
2403	35-39	0.017515103430902457
2403	40-44	0.02379886053706315
2403	45-49	0.009586873463021561
2403	50-54	-0.0036474806956903194
2403	55-59	-0.027926408050653606
2403	60-64	-0.002632830660466823
2403	65-69	-0.025016715127271993
2403	70-74	0.026624818610194723
2403	75-79	-9.294337763208205E-4
2403	80-84	-0.03873586916621008
2403	85-89	-0.028122231399912323
2403	90-94	-0.04010149613524305
2403	95-99	0.005626073142806831
2403	100-104	-0.04521297683821501
2403	105-109	-0.03556206442932108
2403	110-114	-0.01641603182865481
2403	115-119	-0.04529445533589893
2403	120-124	0.002601651510005354
2403	125-129	-0.052452259203825236
2403	130-134	-0.17054307726309048
2403	135-139	-0.1516056692912784
2403	140-144	-0.10644654091826311
2403	145-149	-0.13245493414269305
2403	150	-0.31081846586138795
2404	1	0.03206166771244057
2404	2	0.011504166817104533
2404	3	0.01930899818148646
2404	4	-0.0015701944551480551
2404	5	0.019208873664965154
2404	6	0.015602726785495236
2404	7	0.10262607136509416
2404	8	0.08513027904457715
2404	9	0.029455112274035855
2404	10-14	0.01431266481123572
2404	15-19	0.005582722942328644
2404	20-24	0.014391147010670124
2404	25-29	4.940991711066545E-5
2404	30-34	0.03781165235130146
2404	35-39	0.040800159713825224
2404	40-44	0.02819412775370722
2404	45-49	0.017562522321298957
2404	50-54	-0.0028148804359133806
2404	55-59	-0.01528068260005
2404	60-64	-0.017270903931553505
2404	65-69	0.01737011191875837
2404	70-74	0.005566230162223462
2404	75-79	0.013958620097277219
2404	80-84	-0.03165328024262948
2404	85-89	-0.041157528765779716
2404	90-94	-0.02441851845594556
2404	95-99	-0.0029920706040940104
2404	100-104	-0.02948116789481503
2404	105-109	-0.05640790535790785
2404	110-114	-0.046067935250363234
2404	115-119	-0.0840924968454857
2404	120-124	-0.039375188403852235
2404	125-129	-0.10695385483541031
2404	130-134	-0.12692958387283682
2404	135-139	-0.27241041779414843
2404	140-144	-0.14963503302373482
2404	145-149	-0.16720554302200696
2404	150	-0.24005283476818562
2405	1	0.07693737542652457
2405	2	-0.019955131580886132
2405	3	0.029228254438322665
2405	4	0.0392267076872983
2405	5	0.020830986513189487
2405	6	0.021051723118247878
2405	7	-0.015782537011666875
2405	8	0.016578921520292056
2405	9	0.04699274979575563
2405	10-14	0.02890999158212537
2405	15-19	0.03319989787638633
2405	20-24	0.008204760856123983
2405	25-29	6.5193195275981E-4
2405	30-34	-0.010100430258219717
2405	35-39	5.601443942282458E-5
2405	40-44	0.002146228377782222
2405	45-49	0.017440924174216832
2405	50-54	-0.018511174587629853
2405	55-59	-0.016233362262916273
2405	60-64	-0.025441302181562264
2405	65-69	-0.031176018171954922
2405	70-74	-0.006156812364942255
2405	75-79	-0.01573778664530323
2405	80-84	-0.006257040777910561
2405	85-89	-0.030369070939116227
2405	90-94	-0.06973216447023844
2405	95-99	-0.05408910785559584
2405	100-104	-0.07722492714334805
2405	105-109	-0.04319295328944861
2405	110-114	-0.042710957832881036
2405	115-119	-0.08868885855171982
2405	120-124	-0.07018021317384893
2405	125-129	-0.08776402661691662
2405	130-134	-0.12702247134630085
2405	135-139	-0.183828017356646
2405	140-144	-0.11845089868673853
2405	145-149	-0.20321009491031106
2405	150	-0.28094704759710964
2406	1	0.03780711728330033
2406	2	0.049801200169049764
2406	3	0.05372733241151195
2406	4	0.0038048197099129766
2406	5	0.029010736408359605
2406	6	0.00334252462587159
2406	7	0.038352133948620803
2406	8	0.013089193740810856
2406	9	0.018235773881777106
2406	10-14	0.047794349263774905
2406	15-19	0.03041992431484175
2406	20-24	0.016139007959310447
2406	25-29	0.026558578155132295
2406	30-34	0.007137119951352133
2406	35-39	0.027782823724777472
2406	40-44	0.03630159434712965
2406	45-49	0.04346636531425929
2406	50-54	-0.023769702323711783
2406	55-59	0.005737690628549785
2406	60-64	0.01902862144968509
2406	65-69	-0.007132671578929717
2406	70-74	0.008721970252047129
2406	75-79	0.025003240795321346
2406	80-84	0.019375577681074674
2406	85-89	-0.029873046420803462
2406	90-94	-0.007952401784876884
2406	95-99	-0.030123868428148626
2406	100-104	-0.06970544032129311
2406	105-109	-0.045471306625664454
2406	110-114	-0.028858395504997247
2406	115-119	-0.14026214268330506
2406	120-124	-0.07446664618483823
2406	125-129	-0.13485970288594018
2406	130-134	-0.12781419811875594
2406	135-139	-0.2045801269280787
2406	140-144	-0.15652627498538862
2406	145-149	-0.23369994897265656
2406	150	-0.26132073761477415
2407	1	0.032722518726707506
2407	2	0.09006242244833373
2407	3	-0.009745457658581813
2407	4	0.06283897326900245
2407	5	0.02744488779745069
2407	6	-0.011426876642595118
2407	7	0.09290661631175112
2407	8	0.04296434699739393
2407	9	0.09110021034931748
2407	10-14	0.03534227641311816
2407	15-19	0.012733625431046391
2407	20-24	0.036474707677569995
2407	25-29	0.042128536302321606
2407	30-34	0.02607034875423153
2407	35-39	0.038304415193834984
2407	40-44	0.03397984364498541
2407	45-49	0.03850138440696327
2407	50-54	0.03670909840214165
2407	55-59	0.016368522805279895
2407	60-64	0.02806719472202701
2407	65-69	0.03757343497354526
2407	70-74	-0.011134950337556404
2407	75-79	0.017079741377955315
2407	80-84	0.01855672488643023
2407	85-89	-0.011810287726817137
2407	90-94	-0.05574289740108895
2407	95-99	-0.01911867445518567
2407	100-104	-0.06234471258194674
2407	105-109	-0.028435659465749552
2407	110-114	-0.04491988541475678
2407	115-119	-0.04365630248091179
2407	120-124	-0.007907461596481369
2407	125-129	-0.06889353634363715
2407	130-134	-0.15003137413744838
2407	135-139	-0.17024336185068023
2407	140-144	-0.10014148112323085
2407	145-149	-0.09457119143863935
2407	150	-0.24552150973533315
2408	1	0.010575209632087024
2408	2	-0.04116212501733685
2408	3	-0.010833125137637012
2408	4	-0.0033741850918218574
2408	5	-2.9767433431260315E-4
2408	6	-0.007352209673300081
2408	7	0.02732112051845803
2408	8	0.040493066980012316
2408	9	-0.023568477666309207
2408	10-14	-0.01869463931510751
2408	15-19	7.361422489893243E-4
2408	20-24	-0.003082980381947209
2408	25-29	-0.0048284566820697705
2408	30-34	0.022296067562017186
2408	35-39	-0.044013869759830015
2408	40-44	0.0019350894330685264
2408	45-49	0.01058123468075678
2408	50-54	-0.042067508513234486
2408	55-59	-0.05748620630733825
2408	60-64	-0.01223826087455393
2408	65-69	-0.008929967469484268
2408	70-74	-0.03388731751255847
2408	75-79	-0.012606971120618482
2408	80-84	-0.05141858492815743
2408	85-89	-0.03232769919540601
2408	90-94	-0.09523923776648502
2408	95-99	-0.04016613493511301
2408	100-104	-0.05293069921847149
2408	105-109	-0.07091830031950508
2408	110-114	-0.09981059081764698
2408	115-119	-0.08143235810995009
2408	120-124	-0.06513597877604127
2408	125-129	-0.074856474647369
2408	130-134	-0.15418056704212546
2408	135-139	-0.19551143677997374
2408	140-144	-0.1352032507883365
2408	145-149	-0.15798018041775208
2408	150	-0.22887848063948724
2409	1	0.012301325384925121
2409	2	0.04443043489315812
2409	3	0.015626207201577813
2409	4	0.08299173368408219
2409	5	0.07925566261948092
2409	6	-0.005300043311379454
2409	7	0.05850442211279727
2409	8	0.06715372121389862
2409	9	0.01527250851083295
2409	10-14	0.061170052361980254
2409	15-19	0.02929017173171644
2409	20-24	0.017319043719815852
2409	25-29	0.06572383144795424
2409	30-34	0.0498348915756921
2409	35-39	0.04541924729369384
2409	40-44	0.07415420442629994
2409	45-49	0.03107077051076601
2409	50-54	0.024630996687008633
2409	55-59	0.010556581945770915
2409	60-64	0.023968379307532928
2409	65-69	0.0064878798491960765
2409	70-74	0.03570127986851901
2409	75-79	0.029878615145428
2409	80-84	0.015908305934388522
2409	85-89	-0.0131683477602067
2409	90-94	-0.029071213716882482
2409	95-99	-0.03785502696383247
2409	100-104	-0.02721691126687631
2409	105-109	-0.032127624197997307
2409	110-114	-0.05428332882654274
2409	115-119	-0.0466617188256464
2409	120-124	-0.022382477171156268
2409	125-129	-0.053434089520926875
2409	130-134	-0.11683216015729414
2409	135-139	-0.13502157834489736
2409	140-144	-0.09067018410101468
2409	145-149	-0.1469479856063458
2409	150	-0.13242829507266407
2410	1	0.06528205068917714
2410	2	0.06274281855080233
2410	3	-0.006042070588449633
2410	4	-0.031050744484851123
2410	5	0.0651694282370201
2410	6	-0.0033714122468637697
2410	7	0.033640779245459385
2410	8	0.05401904626342713
2410	9	0.05630687963280678
2410	10-14	0.02136733724506712
2410	15-19	0.005008420060981678
2410	20-24	0.03247685138897083
2410	25-29	0.06813405982171616
2410	30-34	0.03820750583624033
2410	35-39	0.07488760397372829
2410	40-44	0.06859618641082932
2410	45-49	0.06396056181133503
2410	50-54	0.04213070263733698
2410	55-59	0.018277578086134838
2410	60-64	0.06934068676231675
2410	65-69	0.03552863581779775
2410	70-74	0.06404466516102048
2410	75-79	0.013923619681570187
2410	80-84	0.0046256037186225285
2410	85-89	0.001558369655953129
2410	90-94	-0.008308471957718666
2410	95-99	6.410374368641669E-4
2410	100-104	-0.022648178279347064
2410	105-109	-0.03127868163305436
2410	110-114	0.0026817225526443167
2410	115-119	-0.023979262592128237
2410	120-124	0.005253565877410438
2410	125-129	-0.0268247629197802
2410	130-134	-0.10192497055037819
2410	135-139	-0.10687818233016344
2410	140-144	-0.059697895879288865
2410	145-149	-0.035544361646444145
2410	150	-0.12114794626863556
2411	1	0.07817461672058101
2411	2	0.022039332288571245
2411	3	0.1141067597713743
2411	4	0.06658287424800591
2411	5	0.10031904895579657
2411	6	0.0996502079667323
2411	7	0.09782733796184573
2411	8	0.07549191509237829
2411	9	0.0870038750341493
2411	10-14	0.08085823273491854
2411	15-19	0.09534009353930628
2411	20-24	0.0708575121452455
2411	25-29	0.08165249704423161
2411	30-34	0.0799795655035922
2411	35-39	0.0439826055251018
2411	40-44	0.0733362757041931
2411	45-49	0.07376641686334295
2411	50-54	0.07291444524707913
2411	55-59	0.006473602489506902
2411	60-64	0.04442078018051632
2411	65-69	0.052403659725897
2411	70-74	0.020278431683927067
2411	75-79	-0.013460203117716674
2411	80-84	-0.01725027733933615
2411	85-89	-0.009808570833151009
2411	90-94	-0.021618157265315574
2411	95-99	0.020424825181059703
2411	100-104	-0.03660941891420322
2411	105-109	-0.020176071181658983
2411	110-114	-0.02822430811895771
2411	115-119	-0.005423071308662486
2411	120-124	-0.05015919883464903
2411	125-129	-0.06883787700895283
2411	130-134	-0.1660786802888765
2411	135-139	-0.1862627669504917
2411	140-144	-0.08149921400778481
2411	145-149	-0.12668214054145466
2411	150	-0.10722335966887897
2412	1	0.06933600174203747
2412	2	0.080698822885239
2412	3	0.05335036560231998
2412	4	0.01449146256592826
2412	5	0.04178992141191884
2412	6	0.05483028094785425
2412	7	0.08918731861263751
2412	8	0.06679475789450606
2412	9	0.0532298591087752
2412	10-14	0.053254549729047085
2412	15-19	0.03311098518931743
2412	20-24	0.03174249421061859
2412	25-29	0.05228475230286023
2412	30-34	0.05789695194072664
2412	35-39	0.0759547266928422
2412	40-44	0.04456187701070746
2412	45-49	0.08082344043631196
2412	50-54	0.04884365644521438
2412	55-59	0.010286416678326304
2412	60-64	0.059340415518995826
2412	65-69	0.014867532518188398
2412	70-74	0.06580065497864496
2412	75-79	0.06680194311301335
2412	80-84	0.04933917002117738
2412	85-89	0.07442626461538993
2412	90-94	0.018297345287017208
2412	95-99	-0.0012362996690242767
2412	100-104	-0.007549441924666667
2412	105-109	-0.04114366459094754
2412	110-114	0.0012780156718008584
2412	115-119	-0.025491769863798197
2412	120-124	-0.00749908249533604
2412	125-129	-0.07322928125756079
2412	130-134	-0.11731380087192633
2412	135-139	-0.10037404041445086
2412	140-144	-0.07885467466643092
2412	145-149	-0.07724858187419414
2412	150	-0.18102604437113
2413	1	0.04058213397217969
2413	2	0.050498396913148724
2413	3	0.06374349528647372
2413	4	0.024153558316136525
2413	5	0.020287411151230117
2413	6	0.0470171177467833
2413	7	0.09891385840172262
2413	8	0.0924802675771943
2413	9	0.0445771694821957
2413	10-14	0.05939380157084173
2413	15-19	0.057730221644710866
2413	20-24	0.05829106291653119
2413	25-29	0.04066880950912832
2413	30-34	0.047517202161998284
2413	35-39	0.0615156438988933
2413	40-44	0.039272625003555106
2413	45-49	0.04192837607797628
2413	50-54	0.002910320846822856
2413	55-59	0.012820681012534862
2413	60-64	0.06643792917176228
2413	65-69	0.02581420943576518
2413	70-74	0.02903428847286449
2413	75-79	0.03952452535658324
2413	80-84	0.013056554747784332
2413	85-89	-0.012339916475973212
2413	90-94	-0.008801633640779016
2413	95-99	-0.029681457441157022
2413	100-104	-0.018861164756373228
2413	105-109	-0.034107467987922746
2413	110-114	-0.032173571971739534
2413	115-119	-0.014601849803469236
2413	120-124	-0.04378079575263172
2413	125-129	-0.05135612256056277
2413	130-134	-0.11517129215068422
2413	135-139	-0.12694120067435222
2413	140-144	-0.0540550450141879
2413	145-149	-0.15721121635852597
2413	150	-0.14672162055345694
2414	1	0.06470518214683807
2414	2	0.040419300477942954
2414	3	0.06853973005856773
2414	4	0.02645164126705879
2414	5	0.05094229656414484
2414	6	0.03631995499226548
2414	7	0.04148807251434761
2414	8	0.051533373922325154
2414	9	0.018251557696871146
2414	10-14	0.06255593320933173
2414	15-19	0.05728822395803945
2414	20-24	0.06504476188291619
2414	25-29	0.058445560743848546
2414	30-34	0.07273763912685638
2414	35-39	0.05450705277705481
2414	40-44	0.05336024272711626
2414	45-49	0.012762629152845761
2414	50-54	0.04190958318065441
2414	55-59	0.03416403611732477
2414	60-64	0.019951475660391793
2414	65-69	0.0412860549095555
2414	70-74	0.05208659695056639
2414	75-79	0.03756742236988231
2414	80-84	0.030422893892804836
2414	85-89	0.007497202981795681
2414	90-94	-0.006879367119346114
2414	95-99	0.024419854063467028
2414	100-104	-0.03542164976987294
2414	105-109	-0.0053128819278072115
2414	110-114	-0.032223779826637156
2414	115-119	-0.036022182258939495
2414	120-124	-0.054104750799147894
2414	125-129	-0.07668580475407083
2414	130-134	-0.11259796901678243
2414	135-139	-0.1258113032011181
2414	140-144	-0.09628675406388254
2414	145-149	-0.11530523628596256
2414	150	-0.31030631691032085
2415	1	0.11661580783982828
2415	2	0.015803529874425237
2415	3	0.07822619563371802
2415	4	0.043971206818739006
2415	5	0.004559192136298407
2415	6	0.08885113442880765
2415	7	0.06886810958165768
2415	8	0.0797162663057236
2415	9	0.095378679153022
2415	10-14	0.0767967412443582
2415	15-19	0.07418144905698654
2415	20-24	0.05751216611894705
2415	25-29	0.03584558826106843
2415	30-34	0.06539127018569957
2415	35-39	0.07869824888579302
2415	40-44	0.08367183476008222
2415	45-49	0.06495105735314155
2415	50-54	0.05329976924561208
2415	55-59	0.06815880784581196
2415	60-64	0.06865266294742867
2415	65-69	0.03743380618627157
2415	70-74	0.042954765194082256
2415	75-79	0.03924524430110665
2415	80-84	0.027709777082215226
2415	85-89	0.05094438206223373
2415	90-94	0.0330974051109294
2415	95-99	0.028600286083801052
2415	100-104	-0.0028569640731532786
2415	105-109	-0.008509816185934937
2415	110-114	0.027753720800589576
2415	115-119	-7.167006671480181E-4
2415	120-124	-0.00803760878601878
2415	125-129	-0.057718186045597974
2415	130-134	-0.13463659024225905
2415	135-139	-0.07196455792153245
2415	140-144	-0.06976242155876378
2415	145-149	-0.18083611627041307
2415	150	-0.3228553825388829
2416	1	0.05847176854391023
2416	2	-0.029939564831536813
2416	3	-0.009866015208842782
2416	4	-8.075808660166217E-4
2416	5	0.07813542148038266
2416	6	0.0616807575990066
2416	7	0.051545240524347946
2416	8	0.054870979244491025
2416	9	0.0635323076529275
2416	10-14	0.052821769727394496
2416	15-19	0.052567007217767525
2416	20-24	0.022928953476444747
2416	25-29	0.009064806509719858
2416	30-34	0.07467715652390439
2416	35-39	0.05259326463404079
2416	40-44	0.06487240106685732
2416	45-49	0.044597603461106416
2416	50-54	0.019737697571002855
2416	55-59	0.03554356207862952
2416	60-64	0.03780950411017159
2416	65-69	0.02824181985406682
2416	70-74	0.036833194211105535
2416	75-79	0.027845515258370312
2416	80-84	0.02333703908244189
2416	85-89	0.07238670607468833
2416	90-94	0.01846938186917413
2416	95-99	0.012940480754295436
2416	100-104	-0.019206948167372673
2416	105-109	-0.006958662076698374
2416	110-114	-0.041280122432439725
2416	115-119	-0.05709452241872981
2416	120-124	0.019676044472021204
2416	125-129	-0.056484923957967226
2416	130-134	-0.03712798435092424
2416	135-139	-0.1054051155284057
2416	140-144	-0.04559851172472662
2416	145-149	-0.1019623675167054
2416	150	-0.22237983526314054
2417	1	0.0013000292513822842
2417	2	0.028383173305300602
2417	3	0.05692910963877296
2417	4	-0.030133761252216118
2417	5	0.09582613572269594
2417	6	0.028505551305279653
2417	7	0.038212850069236026
2417	8	0.05997396137389899
2417	9	0.05675897416774944
2417	10-14	0.03611545523651927
2417	15-19	0.03037443418953245
2417	20-24	0.018245085335450995
2417	25-29	0.031687533101688814
2417	30-34	0.04247984525044046
2417	35-39	0.018930511296751718
2417	40-44	0.06676202547429
2417	45-49	0.05555669042050937
2417	50-54	0.013409117385315028
2417	55-59	0.03355659241973541
2417	60-64	0.02308058685832748
2417	65-69	0.03873010380979025
2417	70-74	0.0302302559552885
2417	75-79	-0.006152898623462022
2417	80-84	0.03367922308235194
2417	85-89	0.025926930385821834
2417	90-94	-0.009452710226788952
2417	95-99	0.024546275474563117
2417	100-104	-0.01689200257537493
2417	105-109	0.020473205160506325
2417	110-114	0.043557875006044355
2417	115-119	0.026769991725686282
2417	120-124	0.010688127035834327
2417	125-129	-0.04311254069192927
2417	130-134	-0.024378536823441266
2417	135-139	-0.052971154644978924
2417	140-144	-0.05612278715833696
2417	145-149	-0.050105152624581706
2417	150	-0.13578262609548375
2418	1	0.05602050363572175
2418	2	0.019204704632606706
2418	3	0.011738564783314587
2418	4	0.10496102200724522
2418	5	0.06211116562685959
2418	6	0.051625896245425906
2418	7	0.09046033477432047
2418	8	0.04141954427956307
2418	9	0.047210205438410924
2418	10-14	0.010898077539373219
2418	15-19	0.020944633224154074
2418	20-24	0.05017363973544775
2418	25-29	0.05901654521256461
2418	30-34	0.03176708962858754
2418	35-39	0.03501443018333106
2418	40-44	0.02154790353814917
2418	45-49	0.019708959457979347
2418	50-54	-9.474357220753404E-4
2418	55-59	0.026820388681493057
2418	60-64	-0.028101599773968644
2418	65-69	0.004603826487112883
2418	70-74	-0.006316730989027519
2418	75-79	0.025286408377816372
2418	80-84	0.007092720532185126
2418	85-89	0.01987166418728492
2418	90-94	-0.0394053133001222
2418	95-99	0.00771097371283247
2418	100-104	-0.04176302489071304
2418	105-109	-0.018385806066866905
2418	110-114	-0.037034192562259705
2418	115-119	-0.004552022107233711
2418	120-124	0.030029542794608233
2418	125-129	-0.058287327755991214
2418	130-134	-0.10231923964866496
2418	135-139	-0.10707378494198849
2418	140-144	-0.08370311113999662
2418	145-149	-0.09464526004427398
2418	150	-0.1668172731975659
2419	1	0.0879583054419939
2419	2	0.0038775452837711555
2419	3	0.043066226089543136
2419	4	-0.011883742712036849
2419	5	0.06317988354884108
2419	6	0.013927401408594164
2419	7	0.10073246902566524
2419	8	0.031894856918441405
2419	9	0.027761490976160985
2419	10-14	0.041273697047735425
2419	15-19	0.04432819355520934
2419	20-24	0.04847290072820698
2419	25-29	0.03492371846891018
2419	30-34	0.02594660999548637
2419	35-39	0.048716860780892546
2419	40-44	0.060649103989398157
2419	45-49	0.06988713374956745
2419	50-54	0.06826907388849435
2419	55-59	0.054554266788031214
2419	60-64	0.047626328033203436
2419	65-69	0.060302800257169054
2419	70-74	0.049108605859537136
2419	75-79	0.045484948386238955
2419	80-84	0.018833003932265058
2419	85-89	0.0396410397695206
2419	90-94	-0.0016390877597842746
2419	95-99	-0.0031775983777180272
2419	100-104	-0.004058705396353446
2419	105-109	-0.015514585356640964
2419	110-114	-0.0037896395128598215
2419	115-119	-0.006685828976081609
2419	120-124	-0.0028807785976496803
2419	125-129	-0.03821482601755832
2419	130-134	-0.07663740973644195
2419	135-139	-0.09898095697850806
2419	140-144	-0.059071579813902986
2419	145-149	-0.1016239926491096
2419	150	-0.10145272244447767
2420	1	0.027740524700419655
2420	2	0.010419932651259955
2420	3	0.007023524366850609
2420	4	0.02120277333497711
2420	5	0.049203921591050914
2420	6	0.07100751806984817
2420	7	0.09123609758255924
2420	8	0.059197001617370404
2420	9	0.07266409692566356
2420	10-14	0.06025682457370607
2420	15-19	0.03951532175199901
2420	20-24	0.02030880400720747
2420	25-29	0.019060340142807775
2420	30-34	0.03889021608684118
2420	35-39	0.04758448059190101
2420	40-44	0.0215738876290672
2420	45-49	0.015074757306379638
2420	50-54	0.015126534288043558
2420	55-59	0.02746633265457632
2420	60-64	0.010058613791471771
2420	65-69	0.03284894995434939
2420	70-74	0.05001637164277639
2420	75-79	0.042752117596279504
2420	80-84	0.049004652704660145
2420	85-89	0.03461459228083186
2420	90-94	-0.008876689225061796
2420	95-99	0.0077044294208619135
2420	100-104	-0.02247591930783699
2420	105-109	-0.011518425254337217
2420	110-114	-0.005811589004615314
2420	115-119	-0.011312844774536757
2420	120-124	-0.028879043583195596
2420	125-129	-0.028419036966781164
2420	130-134	-0.019657982997770773
2420	135-139	-0.06354236407127445
2420	140-144	-0.00858302300138547
2420	145-149	-0.0963505358741088
2420	150	-0.23156257537529257
2421	1	0.01612864027063665
2421	2	0.026213233943913394
2421	3	0.04610635086920922
2421	4	-0.02361361432520681
2421	5	-0.017785114764357957
2421	6	0.024225309971605213
2421	7	0.010395044421002808
2421	8	0.0031078163778062162
2421	9	0.06313924053458919
2421	10-14	0.013400419757978455
2421	15-19	0.03463247110627066
2421	20-24	0.014420371923215214
2421	25-29	0.010537924588184922
2421	30-34	0.015575566062750568
2421	35-39	0.04326949000880376
2421	40-44	0.022245387551045326
2421	45-49	0.01134411494534504
2421	50-54	0.023118188138766982
2421	55-59	0.001871605725000336
2421	60-64	0.026635691520390026
2421	65-69	0.03753649442577256
2421	70-74	0.04286914710053935
2421	75-79	0.05093868504610555
2421	80-84	0.03494830049402253
2421	85-89	0.01252752498460552
2421	90-94	0.0051354982727929155
2421	95-99	-0.011096194381174485
2421	100-104	0.006461978235918764
2421	105-109	0.024887430790286658
2421	110-114	-0.03860104207863202
2421	115-119	-0.013661033481518814
2421	120-124	-0.01770694154897967
2421	125-129	-0.04524108163595031
2421	130-134	-0.06422312251410034
2421	135-139	-0.16413799883105895
2421	140-144	-0.04895035563920658
2421	145-149	-0.08175321500372235
2421	150	-0.09722137058155766
2422	1	0.04838094316369279
2422	2	0.014994881722529385
2422	3	0.0739307372637299
2422	4	0.014007291168049107
2422	5	0.0180771189337392
2422	6	0.06757099150213719
2422	7	0.007863390704031303
2422	8	0.02524487028175315
2422	9	0.04780623586671595
2422	10-14	0.04328082976941516
2422	15-19	0.0614347559492856
2422	20-24	0.032789358613484865
2422	25-29	0.06235115004732705
2422	30-34	0.04442111408889815
2422	35-39	0.0342213208015707
2422	40-44	0.048035531949807364
2422	45-49	0.05698443713966128
2422	50-54	0.03330869712427642
2422	55-59	0.042505485637057916
2422	60-64	0.019705406960156324
2422	65-69	0.05275578922329771
2422	70-74	0.040166979660675395
2422	75-79	0.029698631403249465
2422	80-84	0.05454051115335545
2422	85-89	0.062179935978662115
2422	90-94	0.04077178340913434
2422	95-99	0.06935016743167921
2422	100-104	0.04065951169208404
2422	105-109	0.013607370786616002
2422	110-114	0.030728407342373032
2422	115-119	-0.0043515665524722635
2422	120-124	0.03595080512494775
2422	125-129	0.023738216986650684
2422	130-134	-0.050435499348203905
2422	135-139	-0.08433783192377575
2422	140-144	-0.06841458394941924
2422	145-149	-0.11473621874956308
2422	150	-0.16938514834833285
2423	1	0.09908313593918194
2423	2	0.07587793093174611
2423	3	0.0948113975953433
2423	4	0.08098816159722588
2423	5	0.09786623412755802
2423	6	0.10578881038750865
2423	7	0.11794872219623898
2423	8	0.029825965361951035
2423	9	0.058495407449505876
2423	10-14	0.0744051601409339
2423	15-19	0.1233370294398739
2423	20-24	0.07077830372042371
2423	25-29	0.05120199887556964
2423	30-34	0.06936666683280635
2423	35-39	0.08461351749668466
2423	40-44	0.09280171075156574
2423	45-49	0.06641974960681551
2423	50-54	0.052545314998418746
2423	55-59	0.04237596744984273
2423	60-64	0.08718700664549317
2423	65-69	0.0481459190265241
2423	70-74	0.07997530239561712
2423	75-79	0.09188376971910373
2423	80-84	0.0731652204424833
2423	85-89	0.07139234686138707
2423	90-94	0.0416798585242546
2423	95-99	0.039677502480365945
2423	100-104	0.06096590635849708
2423	105-109	0.057896588457857945
2423	110-114	0.018329499168018515
2423	115-119	0.07132843786332899
2423	120-124	0.0179023522323547
2423	125-129	0.007122517566571673
2423	130-134	-0.03656528990365615
2423	135-139	-0.04700296271104776
2423	140-144	-0.02702688736282255
2423	145-149	-0.08444914171776219
2423	150	-0.17670304657641367
2424	1	0.015978865164669287
2424	2	0.06994365726296081
2424	3	-0.040245141945902674
2424	4	-0.018449175346866298
2424	5	0.0058330774866206525
2424	6	0.07292756754982577
2424	7	0.05517384206573439
2424	8	0.07334683955413368
2424	9	-0.005576734859722876
2424	10-14	0.01768846098958221
2424	15-19	0.03558272294232978
2424	20-24	0.008722357201747855
2424	25-29	0.010176798452150138
2424	30-34	0.018384900758945832
2424	35-39	0.01003582850363216
2424	40-44	0.03067820418682743
2424	45-49	0.08093831849963351
2424	50-54	0.013044992175551329
2424	55-59	-6.310010713832526E-4
2424	60-64	-0.019818674632183786
2424	65-69	-0.01594198999207208
2424	70-74	-9.942793919108794E-4
2424	75-79	0.012111486339321687
2424	80-84	0.011276656063110124
2424	85-89	-0.023450522396359474
2424	90-94	-0.04059686240499616
2424	95-99	-0.0426099049990043
2424	100-104	-0.05897161375467874
2424	105-109	-0.04876459325599569
2424	110-114	-0.04632271232043195
2424	115-119	0.0125954012436722
2424	120-124	-0.02784652598347037
2424	125-129	-0.08739971470802033
2424	130-134	-0.08941366030595788
2424	135-139	-0.1280792076030579
2424	140-144	-0.09746942792819624
2424	145-149	-0.09211000162073191
2424	150	-0.1709445545134045
2425	1	0.029707155234127924
2425	2	0.02494484615517223
2425	3	0.04148284963572735
2425	4	0.09628904070773103
2425	5	0.08202563755097003
2425	6	-0.0012307220643137384
2425	7	0.06017300731163289
2425	8	0.016852958554650854
2425	9	0.0757015013301583
2425	10-14	0.025461337046301935
2425	15-19	0.05234074037604586
2425	20-24	0.021461514251882363
2425	25-29	0.04923261567641646
2425	30-34	0.054944398489944035
2425	35-39	0.029843835060248125
2425	40-44	0.057605246678342326
2425	45-49	0.041715601046199424
2425	50-54	0.05904550820535803
2425	55-59	0.04322566406067807
2425	60-64	0.024810922206874864
2425	65-69	0.0300688972250569
2425	70-74	0.04798266621753555
2425	75-79	0.018271718653920743
2425	80-84	0.006230693996350567
2425	85-89	-0.014793818815007853
2425	90-94	-0.025939592202682604
2425	95-99	0.0030085466080151946
2425	100-104	-0.005249824648984713
2425	105-109	-0.05113969633547555
2425	110-114	-0.07170095711080648
2425	115-119	0.030861439905443433
2425	120-124	-0.04657395600325742
2425	125-129	-0.08829108031514465
2425	130-134	-0.09714525397802021
2425	135-139	-0.18852618048114778
2425	140-144	-0.1595813052142816
2425	145-149	-0.20192888527624575
2425	150	-0.2679791538061451
2426	1	0.05098206341295253
2426	2	0.05261296139833149
2426	3	0.03743860443601932
2426	4	0.012488713468385981
2426	5	0.051702725308352626
2426	6	0.049502103277468734
2426	7	0.099345009506564
2426	8	0.05969538244625028
2426	9	0.09067379525745167
2426	10-14	0.05237137823314697
2426	15-19	0.056285756064752945
2426	20-24	0.06226229670573957
2426	25-29	0.03259051342305952
2426	30-34	0.05921357791734749
2426	35-39	0.04202987113958301
2426	40-44	0.05940918137699924
2426	45-49	0.09014959438012937
2426	50-54	0.052955240706516804
2426	55-59	0.07139872358851562
2426	60-64	0.05854075433512662
2426	65-69	0.0536399718876126
2426	70-74	0.06287707483063087
2426	75-79	0.0799392040232263
2426	80-84	0.04429416822697618
2426	85-89	0.08172244869609102
2426	90-94	0.02792224838172075
2426	95-99	0.008411398943863446
2426	100-104	0.04439836742677983
2426	105-109	0.026065744184265327
2426	110-114	0.03555575223966656
2426	115-119	0.007918178686708188
2426	120-124	0.03086894120640693
2426	125-129	0.014695739468294278
2426	130-134	-0.08317343676946365
2426	135-139	-0.07068164930019805
2426	140-144	-0.0490280776859251
2426	145-149	-0.05973076557096135
2426	150	-0.08232284913523813
2427	1	-0.002875502806439556
2427	2	0.04165564440214098
2427	3	0.07799345312111683
2427	4	0.05533529988775143
2427	5	0.05200612274443728
2427	6	0.08130714779350257
2427	7	0.08235687785589363
2427	8	0.04705858275356434
2427	9	0.0032531841502816405
2427	10-14	0.051644963733401994
2427	15-19	0.03848908507089277
2427	20-24	0.0476441635155922
2427	25-29	0.02963716174242137
2427	30-34	0.055194668746260334
2427	35-39	0.03500017231070274
2427	40-44	0.020999154911997664
2427	45-49	0.05171697617119264
2427	50-54	0.048957361820242795
2427	55-59	0.020253960343147526
2427	60-64	0.015012502067165201
2427	65-69	0.004729874057510131
2427	70-74	0.03374854912944869
2427	75-79	0.03386064429729885
2427	80-84	0.04758540780142795
2427	85-89	0.017754409985336395
2427	90-94	-0.0051828096760218045
2427	95-99	-0.0071586214660399605
2427	100-104	-0.010256516383734038
2427	105-109	0.020238013100232877
2427	110-114	0.055699988072568374
2427	115-119	-0.025949998042690936
2427	120-124	-0.0021625899156845207
2427	125-129	-0.10971975165890058
2427	130-134	-0.07831969051649423
2427	135-139	-0.11067059752975439
2427	140-144	-0.09099088812752143
2427	145-149	-0.14337143004790676
2427	150	-0.14764925845153698
2428	1	0.049420918254618584
2428	2	0.039991875170116487
2428	3	0.042595996229856325
2428	4	0.020722698679577434
2428	5	0.061651586007663184
2428	6	0.07135048623059959
2428	7	0.10584435035362816
2428	8	0.03656887708731915
2428	9	0.03131709931811599
2428	10-14	0.05924894039497275
2428	15-19	0.04221488603503332
2428	20-24	0.0530811836514502
2428	25-29	0.04490983123590553
2428	30-34	0.025333866958177964
2428	35-39	0.07134329956585361
2428	40-44	0.045859991123570865
2428	45-49	0.07636688303706762
2428	50-54	0.040810306235115945
2428	55-59	0.00926599068594669
2428	60-64	0.02007942257945672
2428	65-69	0.01940286150521331
2428	70-74	0.01766536730489321
2428	75-79	0.040658477192188514
2428	80-84	0.004322504278199801
2428	85-89	0.028438075947867958
2428	90-94	0.013842139631044859
2428	95-99	0.013333640454256113
2428	100-104	0.010345336075779699
2428	105-109	-0.030154872895735707
2428	110-114	-0.013578954619937633
2428	115-119	-0.0017780775004467841
2428	120-124	0.02221793205247735
2428	125-129	-0.03327797805939525
2428	130-134	-0.10955968077093559
2428	135-139	-0.09160707409634483
2428	140-144	-0.059864163553775995
2428	145-149	-0.05742790013198373
2428	150	-0.14761755911812457
2429	1	0.011149705846506208
2429	2	0.007471764332919406
2429	3	0.11834342286560684
2429	4	-0.01255089099738882
2429	5	0.052136878317028845
2429	6	0.08076047347125126
2429	7	0.03568199776908898
2429	8	0.0020881860978292366
2429	9	0.012935046718538956
2429	10-14	0.042474887500723923
2429	15-19	0.05173686085637286
2429	20-24	0.045091995227963366
2429	25-29	0.02133327547804953
2429	30-34	0.0316534096732255
2429	35-39	0.03832058041189157
2429	40-44	0.03546725653967542
2429	45-49	0.05334649704077776
2429	50-54	0.04294059233129133
2429	55-59	0.04861622745833216
2429	60-64	0.019658068559486708
2429	65-69	0.05869566900466339
2429	70-74	0.055719283533214536
2429	75-79	0.07600146457803447
2429	80-84	0.03038284369308286
2429	85-89	0.018185779412448255
2429	90-94	0.0020677330996790033
2429	95-99	-0.014144935840072037
2429	100-104	0.020239798696636058
2429	105-109	0.04333549658602465
2429	110-114	0.03762444085467109
2429	115-119	0.019808799676425792
2429	120-124	-0.011713716745340719
2429	125-129	-0.023213630059338186
2429	130-134	-0.0042769203538242095
2429	135-139	-0.09073701213782215
2429	140-144	-0.07743159971055746
2429	145-149	-0.08937639980095469
2429	150	-0.033214579574604386
2430	1	0.07127887791566678
2430	2	0.07587793093174611
2430	3	0.0465114293716411
2430	4	-0.017518352543227422
2430	5	0.04956626590385582
2430	6	0.07115264896393114
2430	7	0.07505072410281599
2430	8	0.041265431520194795
2430	9	0.10139340554292886
2430	10-14	0.053369252927716104
2430	15-19	0.05203102372014712
2430	20-24	0.05902107461334083
2430	25-29	0.04459252953969184
2430	30-34	0.06434601224112413
2430	35-39	0.06554774056627366
2430	40-44	0.04685318834928154
2430	45-49	0.038011741980497504
2430	50-54	0.022103624499528962
2430	55-59	0.001638757408535696
2430	60-64	0.03901414360133515
2430	65-69	0.03664290027850825
2430	70-74	0.044258746945985195
2430	75-79	0.018480528537025975
2430	80-84	0.031538274144423895
2430	85-89	0.02868500653727324
2430	90-94	0.009522248101617947
2430	95-99	-0.024002192467207806
2430	100-104	-0.015233648773367747
2430	105-109	-0.009659814465557304
2430	110-114	-0.030224679414757816
2430	115-119	-0.04853174643917413
2430	120-124	-0.018958149833103732
2430	125-129	-0.057891781766116424
2430	130-134	-0.14873561084423415
2430	135-139	-0.1492590796478197
2430	140-144	-0.07488198745814856
2430	145-149	-0.10898044136822449
2430	150	-0.03974721562630634
2431	1	0.03861581793400859
2431	2	0.04893969025074085
2431	3	0.08732306946657786
2431	4	0.02696352514875855
2431	5	0.01617607767840923
2431	6	0.07868781061765162
2431	7	0.07212146337252534
2431	8	0.054130046878469784
2431	9	0.05231438932896282
2431	10-14	0.0012479712200388349
2431	15-19	0.05500957547648255
2431	20-24	0.01892615866944425
2431	25-29	0.0018903862260870596
2431	30-34	0.017669223490031527
2431	35-39	0.051839759176800726
2431	40-44	0.02621092446703699
2431	45-49	0.010222944056081928
2431	50-54	0.02888437360427787
2431	55-59	0.03026526105424665
2431	60-64	0.037596004322459464
2431	65-69	0.008158971983164065
2431	70-74	0.023065902101421898
2431	75-79	0.009252108342614918
2431	80-84	-0.012357046380699899
2431	85-89	0.004851838632042416
2431	90-94	0.0011361061920069915
2431	95-99	-0.015234896166603562
2431	100-104	-0.012005318217319427
2431	105-109	-0.0044385310960421975
2431	110-114	-0.049034614366519236
2431	115-119	-0.04870896852627027
2431	120-124	0.0026164939929032016
2431	125-129	-0.09031925400970664
2431	130-134	-0.07961029490678584
2431	135-139	-0.12298053700639855
2431	140-144	-0.07033607373355011
2431	145-149	-0.1452034636212005
2431	150	-0.17564591823694542
2432	1	0.07688808694295801
2432	2	0.08827103872646802
2432	3	0.06170508459556601
2432	4	0.032377435825139855
2432	5	0.07298405967141974
2432	6	0.020052486100972544
2432	7	0.0496411286697338
2432	8	0.038340500433932334
2432	9	0.08663751224979421
2432	10-14	0.07904988176068883
2432	15-19	0.05530562004654627
2432	20-24	0.018797163871212774
2432	25-29	0.0298269093236172
2432	30-34	0.044074046467798667
2432	35-39	0.03910572046077476
2432	40-44	0.04738075044220125
2432	45-49	0.0427815629169217
2432	50-54	0.02134878504037374
2432	55-59	0.006537306358268324
2432	60-64	-0.00556984774824798
2432	65-69	0.028963781890524842
2432	70-74	0.050073622435078846
2432	75-79	0.015299078837443858
2432	80-84	0.04809285188383683
2432	85-89	0.021469897652437453
2432	90-94	0.01733269506885904
2432	95-99	-0.006562283305576955
2432	100-104	-0.035768160828332896
2432	105-109	-0.029053061108314182
2432	110-114	0.010247192264451144
2432	115-119	-0.015164389034978853
2432	120-124	-0.03688939459952678
2432	125-129	-0.020746568130384446
2432	130-134	-0.14214175498362636
2432	135-139	-0.14352559784031627
2432	140-144	-0.12046553353642508
2432	145-149	-0.13064816514477684
2432	150	-0.22783929481152398
2433	1	0.044742278395460744
2433	2	0.10248103897612992
2433	3	0.07741119921595185
2433	4	0.04596426000209419
2433	5	0.04781924834364304
2433	6	-0.002671058806356541
2433	7	0.11544130559091315
2433	8	0.01606910695316799
2433	9	0.025657841625296385
2433	10-14	0.04511598243513504
2433	15-19	0.07339488883965117
2433	20-24	0.04943229485775191
2433	25-29	0.053428511224360875
2433	30-34	0.045876579996196654
2433	35-39	0.055926747158160595
2433	40-44	0.03721445933471301
2433	45-49	0.07248831310865
2433	50-54	0.06608832060157255
2433	55-59	0.07731010515929171
2433	60-64	0.047802227083550974
2433	65-69	0.05370500611936535
2433	70-74	0.0630114662925294
2433	75-79	0.06380715853502039
2433	80-84	0.06245065195386701
2433	85-89	0.07945568348696952
2433	90-94	0.03564601217039609
2433	95-99	0.06498376970980502
2433	100-104	0.04306419449543597
2433	105-109	0.039995600497121586
2433	110-114	0.04395416276081221
2433	115-119	0.06873813444421017
2433	120-124	0.05183436785236495
2433	125-129	0.019814787149599056
2433	130-134	-0.005189493969297132
2433	135-139	-0.07509878746878229
2433	140-144	-0.034559181323253085
2433	145-149	-0.03430590709001535
2433	150	-0.027319019571244496
2434	1	0.06107094404571001
2434	2	0.078847568300354
2434	3	0.054370639093981765
2434	4	0.03529397007093138
2434	5	0.10254972254608674
2434	6	0.08376122968837763
2434	7	0.08259217087631754
2434	8	0.05754204517146633
2434	9	0.11011049488252667
2434	10-14	0.0754408022169244
2434	15-19	0.07805641181475664
2434	20-24	0.07816255625640878
2434	25-29	0.0927463910826205
2434	30-34	0.10154143083053668
2434	35-39	0.0954929214360618
2434	40-44	0.09711599558205819
2434	45-49	0.06341265156187603
2434	50-54	0.07397963106689787
2434	55-59	0.09658907832501029
2434	60-64	0.0925041127771209
2434	65-69	0.096530088405828
2434	70-74	0.12577430347103302
2434	75-79	0.07829538642548783
2434	80-84	0.08100392220207198
2434	85-89	0.06468801062239748
2434	90-94	0.026542210122727283
2434	95-99	0.04279750479428657
2434	100-104	0.02529066812667935
2434	105-109	0.07543198126468553
2434	110-114	0.09696120628618843
2434	115-119	0.09023621711007479
2434	120-124	0.07411849450981123
2434	125-129	0.01967429464882997
2434	130-134	0.0016253373346941657
2434	135-139	0.0016357384057812396
2434	140-144	0.006439918460714011
2434	145-149	-0.014441163497586729
2434	150	-0.01896367084603412
2435	1	0.0827477805466117
2435	2	0.020438636863651993
2435	3	0.0954816434351784
2435	4	0.031059375217708407
2435	5	0.005380459869080312
2435	6	0.07135538323485235
2435	7	0.033441892557185326
2435	8	0.03347337076331769
2435	9	0.09088805678488399
2435	10-14	0.05930956330889359
2435	15-19	0.03634503691523605
2435	20-24	0.049142043420488335
2435	25-29	0.05976215532664497
2435	30-34	0.040712389147230965
2435	35-39	0.04377770281965354
2435	40-44	0.042889348414249184
2435	45-49	0.023194900997076218
2435	50-54	0.03609132307306595
2435	55-59	0.0869564335575177
2435	60-64	0.05358344649282287
2435	65-69	0.09665076510018622
2435	70-74	0.08883254078651248
2435	75-79	0.030641475093226234
2435	80-84	0.02686122621506115
2435	85-89	0.06959026109860389
2435	90-94	0.03677830842978125
2435	95-99	0.04850527420730799
2435	100-104	0.049471280779108895
2435	105-109	0.0681496892883473
2435	110-114	0.04290967845878413
2435	115-119	0.06234430563167592
2435	120-124	0.03572569867623798
2435	125-129	0.013456552091774654
2435	130-134	0.014366087640233616
2435	135-139	-0.05059152535827849
2435	140-144	0.022596031421961982
2435	145-149	0.012045759356823282
2435	150	-0.016488477333908236
2436	1	0.05377362586191481
2436	2	0.10634123728013378
2436	3	0.09943898240766913
2436	4	0.050805861292310794
2436	5	0.069085079163834
2436	6	0.07425835843695694
2436	7	0.1414536176382839
2436	8	0.08512428898806945
2436	9	0.022580524090422216
2436	10-14	0.0482738891787875
2436	15-19	0.08746539770223194
2436	20-24	0.08271712588573621
2436	25-29	0.05217927434217273
2436	30-34	0.05598368677416943
2436	35-39	0.08776979012733221
2436	40-44	0.05676569894553296
2436	45-49	0.07637509345321547
2436	50-54	0.04260951506754651
2436	55-59	0.06250139914426
2436	60-64	0.051616343238151785
2436	65-69	0.06514320857830569
2436	70-74	0.052161282375557505
2436	75-79	0.0849627532362689
2436	80-84	0.08746857747356529
2436	85-89	0.07386812864291414
2436	90-94	0.061751639082537224
2436	95-99	0.03863163404617609
2436	100-104	0.02535300737424251
2436	105-109	0.007211087114590953
2436	110-114	0.07177963777840546
2436	115-119	0.012077860361543458
2436	120-124	0.06556081782580492
2436	125-129	0.011752692296354894
2436	130-134	-0.04073067406311992
2436	135-139	-0.09045506368197209
2436	140-144	0.01733280037282725
2436	145-149	-0.04470130006532003
2436	150	0.026408838853605232
2437	1	0.0550885192173709
2437	2	0.06716808588791423
2437	3	0.006347089851274745
2437	4	0.020414319095493738
2437	5	0.01738921586553488
2437	6	0.0012045751681597494
2437	7	0.07660783731988374
2437	8	0.0616892899100705
2437	9	0.01979756262997512
2437	10-14	0.029321132402095884
2437	15-19	0.028677764780724146
2437	20-24	0.02259252080858687
2437	25-29	0.012021034745394843
2437	30-34	0.017689409313966564
2437	35-39	0.012835129115586597
2437	40-44	0.009460369791923995
2437	45-49	-0.013411125736652707
2437	50-54	-0.022997270844314244
2437	55-59	-0.0053015143722490166
2437	60-64	-0.017668456073423044
2437	65-69	-0.013498478065010033
2437	70-74	-0.02777139941189688
2437	75-79	-0.03342082289010051
2437	80-84	-0.04127875794963387
2437	85-89	0.008412747242701357
2437	90-94	-0.056456585147600435
2437	95-99	-0.03463108646522528
2437	100-104	-0.06161764847430362
2437	105-109	-0.06863775424012886
2437	110-114	-0.07511042307352511
2437	115-119	-0.05383547174245962
2437	120-124	-0.06500701055946223
2437	125-129	-0.08814281449571126
2437	130-134	-0.10963521644433882
2437	135-139	-0.16358039406490832
2437	140-144	-0.08745588977407692
2437	145-149	-0.10621131297330066
2437	150	-0.11509217534517546
2438	1	0.03967106805275478
2438	2	0.06845752418124107
2438	3	0.06463675535731284
2438	4	0.02451323645761505
2438	5	0.05152688220673696
2438	6	0.09807004681876919
2438	7	0.054962890960510435
2438	8	0.0427938384629698
2438	9	0.04169885405791973
2438	10-14	0.06592947786367631
2438	15-19	0.07492004722455192
2438	20-24	0.04056761583878199
2438	25-29	0.07723573110937565
2438	30-34	0.06991278520362698
2438	35-39	0.09737363552974188
2438	40-44	0.07681671179003757
2438	45-49	0.1043213159402967
2438	50-54	0.06828629430739852
2438	55-59	0.07076514615353346
2438	60-64	0.09149556571443185
2438	65-69	0.11499114199848748
2438	70-74	0.12234684699722465
2438	75-79	0.11617389594951533
2438	80-84	0.10322133600589467
2438	85-89	0.11977067604529879
2438	90-94	0.07388645201089616
2438	95-99	0.052634110073775275
2438	100-104	0.06125114662281561
2438	105-109	0.007086382505079314
2438	110-114	0.03889973886159481
2438	115-119	0.05860416643664479
2438	120-124	0.0596798104890226
2438	125-129	0.013537945500111448
2438	130-134	0.062357291676981674
2438	135-139	-0.028424249803258306
2438	140-144	-0.03860934187211029
2438	145-149	-0.03678529650344586
2438	150	-0.06828537370187604
2439	1	0.08027201903239245
2439	2	0.05493945103774678
2439	3	0.06958941319570755
2439	4	0.047820904371114636
2439	5	0.028795061222545826
2439	6	-0.007325206555847785
2439	7	0.07013798900320012
2439	8	0.05437075494891275
2439	9	0.06896959370655509
2439	10-14	0.04354192411500435
2439	15-19	0.04446466822134454
2439	20-24	0.07907287596952983
2439	25-29	-0.0048073781291861906
2439	30-34	0.031753486265500896
2439	35-39	0.03537452978152089
2439	40-44	0.05980250815670729
2439	45-49	0.04575424607244827
2439	50-54	0.05339991746497219
2439	55-59	0.05153059809538263
2439	60-64	0.04942100008639727
2439	65-69	0.05285342722541486
2439	70-74	0.05702238527179304
2439	75-79	0.05018583637738061
2439	80-84	0.04654765714470699
2439	85-89	0.02966809315466179
2439	90-94	0.013841306084373173
2439	95-99	0.04954368231021533
2439	100-104	0.05193292496262103
2439	105-109	0.04932658168291937
2439	110-114	0.012959425243167288
2439	115-119	0.04862031812066192
2439	120-124	0.07017093986597445
2439	125-129	0.001416933931970732
2439	130-134	-0.02247058455385087
2439	135-139	-0.0567909009091494
2439	140-144	-0.011741350373412729
2439	145-149	-0.025095219743548114
2439	150	0.039887476893078144
2440	1	0.12619357520485863
2440	2	0.0839671177200998
2440	3	0.07177655540308336
2440	4	-0.010202276669993182
2440	5	0.07426589671243988
2440	6	0.11203402116102268
2440	7	0.06976117945474414
2440	8	0.11661843762900759
2440	9	0.03669179763070929
2440	10-14	0.10246521337613501
2440	15-19	0.07576221052909915
2440	20-24	0.08599009549931935
2440	25-29	0.0778749098615279
2440	30-34	0.07376849591120305
2440	35-39	0.09849001151743408
2440	40-44	0.09458904809616087
2440	45-49	0.07824346328099807
2440	50-54	0.07768299906913967
2440	55-59	0.06266251672646916
2440	60-64	0.06545865751515123
2440	65-69	0.06794455161569601
2440	70-74	0.03115599778140421
2440	75-79	0.0492218156116806
2440	80-84	0.05928632933216704
2440	85-89	0.044254975006623454
2440	90-94	0.05392082427003686
2440	95-99	0.03796437585936019
2440	100-104	0.03256514943289801
2440	105-109	0.026852891694048253
2440	110-114	0.05597131376086395
2440	115-119	0.038184771766417214
2440	120-124	0.033307595083279296
2440	125-129	0.04386051052507156
2440	130-134	-0.010693502102746777
2440	135-139	-0.03360146882897652
2440	140-144	0.006005007003587082
2440	145-149	-0.0019784832828193544
2440	150	0.06033909940911286
2441	1	0.06090664489283881
2441	2	0.041715561571102455
2441	3	0.04735002330811966
2441	4	0.043171768531962584
2441	5	0.08083834354810904
2441	6	0.06665092378634796
2441	7	0.07525659446053368
2441	8	0.02522055438436155
2441	9	-0.03166329887998387
2441	10-14	0.023180511744385512
2441	15-19	0.013728868686854412
2441	20-24	0.020769701602176838
2441	25-29	0.04064342165290924
2441	30-34	0.042321306797376224
2441	35-39	0.04754132025346536
2441	40-44	0.02913910994940494
2441	45-49	0.024481725892187
2441	50-54	0.02606470229140001
2441	55-59	0.01842873111176857
2441	60-64	0.044916567857406164
2441	65-69	0.06797084415207166
2441	70-74	0.04450378971888114
2441	75-79	0.040652235624641264
2441	80-84	0.02765982472753592
2441	85-89	0.019747130444805805
2441	90-94	0.0018674537593099672
2441	95-99	0.034364065611349304
2441	100-104	0.016309293010948522
2441	105-109	0.005003499426692315
2441	110-114	0.030056042882947054
2441	115-119	0.035387316585470785
2441	120-124	7.073633790781741E-4
2441	125-129	0.04951597815520614
2441	130-134	-0.035880082894856
2441	135-139	-0.04822575457131961
2441	140-144	-0.027480963110498635
2441	145-149	-0.034615944747265814
2441	150	-0.04924687659575966
2442	1	0.11280337549725061
2442	2	0.00907934510834707
2442	3	0.10643330944414231
2442	4	0.08748237865540887
2442	5	0.07259022434021745
2442	6	0.0664634710880847
2442	7	0.043630016274214256
2442	8	0.045842957487856495
2442	9	-0.018067865909358716
2442	10-14	0.06431821930814863
2442	15-19	0.08953951138898475
2442	20-24	0.07881329688478189
2442	25-29	0.05520783471045121
2442	30-34	0.10964066304269693
2442	35-39	0.1064072013563262
2442	40-44	0.104771381886124
2442	45-49	0.05787839885739743
2442	50-54	0.05528446802565412
2442	55-59	0.07237463045869674
2442	60-64	0.09593533818775057
2442	65-69	0.10167050884228956
2442	70-74	0.07118097512162791
2442	75-79	0.1050407739446868
2442	80-84	0.10536261697079397
2442	85-89	0.08320315674833267
2442	90-94	0.07825599207934886
2442	95-99	0.09886126635114323
2442	100-104	0.09086410287677893
2442	105-109	0.07722092450825357
2442	110-114	0.06839589362247978
2442	115-119	0.07492447883230113
2442	120-124	0.06264831076701682
2442	125-129	0.07018521436064873
2442	130-134	0.00905990718117522
2442	135-139	-0.020127316844209986
2442	140-144	0.0218433551180226
2442	145-149	-0.0019300683557830212
2442	150	0.057515755159933235
2443	1	0.10200193433216498
2443	2	0.05104142316252336
2443	3	0.0646547556311532
2443	4	0.05485884564983934
2443	5	0.050908774442739
2443	6	0.09465363418875228
2443	7	0.11015015676022699
2443	8	0.06669534962038881
2443	9	0.038255883646826305
2443	10-14	0.05519958348101994
2443	15-19	0.060554156543460635
2443	20-24	0.05236749371232463
2443	25-29	0.069512649682828
2443	30-34	0.03941609174573557
2443	35-39	0.01794247959347217
2443	40-44	0.038095545671325226
2443	45-49	0.018565867070513775
2443	50-54	0.04205300997153216
2443	55-59	0.03600256484738651
2443	60-64	0.02263747554545148
2443	65-69	0.013469558194728393
2443	70-74	0.01911950609603963
2443	75-79	0.034926836977867026
2443	80-84	-0.005181270512444769
2443	85-89	-0.021085912723798117
2443	90-94	-0.010764980063349583
2443	95-99	-0.011186146077015735
2443	100-104	-0.017186413869907824
2443	105-109	-0.03223729114031926
2443	110-114	-0.04198574083881823
2443	115-119	-0.04072270201145045
2443	120-124	-0.007631357785797377
2443	125-129	-0.04798368551748666
2443	130-134	-0.08027833399286521
2443	135-139	-0.12077189076408956
2443	140-144	-0.08302947337837452
2443	145-149	-0.06874388761119121
2443	150	-0.060049313979526175
2444	1	0.06934959212737368
2444	2	0.06592847674563274
2444	3	0.0694691632902078
2444	4	0.02046702735343331
2444	5	0.06422607081574938
2444	6	0.051528192736341794
2444	7	0.01976042215883922
2444	8	0.08236918931896042
2444	9	0.012755739369673336
2444	10-14	0.054692037072527455
2444	15-19	0.057857650270179306
2444	20-24	0.06140560507684967
2444	25-29	0.05652191909345561
2444	30-34	0.08383770882307573
2444	35-39	0.044089492858248036
2444	40-44	0.03754404229547248
2444	45-49	0.0640112177393064
2444	50-54	0.05130572368999253
2444	55-59	0.011440142782802809
2444	60-64	0.08182570054805183
2444	65-69	0.05465035966222587
2444	70-74	0.06736857998734536
2444	75-79	0.050985557778588486
2444	80-84	0.03996156386769201
2444	85-89	0.04085344766863841
2444	90-94	0.043430938399446006
2444	95-99	0.027089006702190943
2444	100-104	0.021707158741534727
2444	105-109	0.024949187474554435
2444	110-114	0.03805224685957853
2444	115-119	0.01711028886183641
2444	120-124	0.017440731244299457
2444	125-129	-0.015702366475515817
2444	130-134	-0.021103753882975695
2444	135-139	-0.046370294123363465
2444	140-144	-0.04755894555389517
2444	145-149	-0.04783048838601189
2444	150	-0.010468510450920121
2445	1	0.017702054954249036
2445	2	0.05584107766527069
2445	3	0.04814848137562677
2445	4	0.05909869607209117
2445	5	0.006547976143842504
2445	6	0.053189394902503295
2445	7	0.0962941118296925
2445	8	0.028568480295902532
2445	9	0.039736841567361125
2445	10-14	0.029269013490022644
2445	15-19	0.060647404249415615
2445	20-24	0.0367688648946114
2445	25-29	0.07942495631402124
2445	30-34	0.04361629103439668
2445	35-39	0.013067893188967616
2445	40-44	0.017651135130321904
2445	45-49	0.04007907034177549
2445	50-54	0.030780844272698005
2445	55-59	0.013290768992710866
2445	60-64	0.023726610340240484
2445	65-69	0.012686468171551724
2445	70-74	0.014540555047311443
2445	75-79	0.029006501588078493
2445	80-84	-0.02755984586866589
2445	85-89	0.009618566344535395
2445	90-94	-0.029403833724437334
2445	95-99	0.0018324176460922104
2445	100-104	9.34154182246516E-4
2445	105-109	0.013572998448040607
2445	110-114	-0.009983541353093983
2445	115-119	8.362550127642976E-4
2445	120-124	1.3656945317563896E-4
2445	125-129	-0.03798468672847122
2445	130-134	-0.005022945729599826
2445	135-139	-0.09119329729070813
2445	140-144	-0.0579095267127272
2445	145-149	-0.04138297647740785
2445	150	-0.023238917913175783
2446	1	0.05844401793859788
2446	2	0.10014238865250036
2446	3	0.11130258107786517
2446	4	0.019706825395672922
2446	5	0.08349266058790761
2446	6	0.09198396117005103
2446	7	0.1143608703056529
2446	8	0.01819611471356808
2446	9	0.0634826005247362
2446	10-14	0.06470942765330534
2446	15-19	0.0653380797428369
2446	20-24	0.07204249317211975
2446	25-29	0.06355412637669389
2446	30-34	0.07188660444619899
2446	35-39	0.06703544201667455
2446	40-44	0.07009524795724076
2446	45-49	0.04340481535550822
2446	50-54	0.05780399574928197
2446	55-59	0.04112853912072012
2446	60-64	0.05817948524357064
2446	65-69	0.06192562656011802
2446	70-74	0.04259748285672771
2446	75-79	0.07443161520888708
2446	80-84	0.043398165127293
2446	85-89	0.04688664436008594
2446	90-94	0.04119676167607622
2446	95-99	0.028730880127440628
2446	100-104	5.773732132965392E-4
2446	105-109	0.011289038149065789
2446	110-114	0.0021367669061476136
2446	115-119	0.07239489465159465
2446	120-124	0.04506836674864445
2446	125-129	0.01161829396104963
2446	130-134	0.023740986210633253
2446	135-139	-0.028762822889277118
2446	140-144	0.02846776236236792
2446	145-149	-0.016122212985479223
2446	150	-0.05841248674732924
2447	1	0.03056523005981404
2447	2	0.029658669473128896
2447	3	0.06401305900573817
2447	4	-0.0202149919174488
2447	5	0.10526335366294859
2447	6	0.038069180298748506
2447	7	0.11373656707265667
2447	8	0.057080129249762024
2447	9	0.0698287181752022
2447	10-14	0.07441427353206365
2447	15-19	0.05292266906655385
2447	20-24	0.06433958738225698
2447	25-29	0.053302349168390606
2447	30-34	0.053424602679847055
2447	35-39	0.06494084096554786
2447	40-44	0.04853072552315041
2447	45-49	0.06046068702006835
2447	50-54	0.027577758218704673
2447	55-59	0.06618846470238537
2447	60-64	0.06220977379560111
2447	65-69	0.0752699633827163
2447	70-74	0.08870210287440017
2447	75-79	0.05693931041222555
2447	80-84	0.011451676832969326
2447	85-89	0.05811182497657086
2447	90-94	0.02043120838878565
2447	95-99	0.05014969319841356
2447	100-104	0.004796921780680918
2447	105-109	0.011495672094824272
2447	110-114	0.037524220032736366
2447	115-119	0.03722056173813115
2447	120-124	0.053407621696592855
2447	125-129	0.030223456914050928
2447	130-134	-0.006949019435893433
2447	135-139	-0.04060744203825095
2447	140-144	-0.016296748489104118
2447	145-149	-0.00659689772103178
2447	150	0.0016248672030627631
2448	1	0.11612600315681476
2448	2	0.103264691291713
2448	3	0.06428322004884279
2448	4	0.04231402674683693
2448	5	0.09356149674370329
2448	6	0.01738884792759876
2448	7	0.08617363438894898
2448	8	0.038062453420486975
2448	9	0.07297731050253731
2448	10-14	0.050215101081683144
2448	15-19	0.054182336219938065
2448	20-24	0.0423546644504782
2448	25-29	0.06678692864331026
2448	30-34	0.062384029726231915
2448	35-39	0.05096305492979525
2448	40-44	0.006970467924247714
2448	45-49	0.03788180017064491
2448	50-54	0.010387858478068779
2448	55-59	0.057249687609022715
2448	60-64	0.0573391375433161
2448	65-69	0.061840687344748346
2448	70-74	0.01402920018217202
2448	75-79	0.04735881325684943
2448	80-84	0.040612473452718234
2448	85-89	0.05774785328893017
2448	90-94	0.022251777513709214
2448	95-99	0.03183548709677808
2448	100-104	0.045918005027367315
2448	105-109	0.026114077128681856
2448	110-114	0.025705039749780667
2448	115-119	0.0078029469678639884
2448	120-124	0.05540145824115683
2448	125-129	0.057726131373236456
2448	130-134	-0.024792730922115425
2448	135-139	-0.09659583081890588
2448	140-144	-0.02853392265864585
2448	145-149	-0.0428599769213065
2448	150	0.07242733008282443
2449	1	0.06616999302683269
2449	2	0.07418126361616828
2449	3	0.06869678822771874
2449	4	-0.016264585134017295
2449	5	0.06375065243828004
2449	6	0.036131035738236505
2449	7	0.09974806376103373
2449	8	-0.0012320783542634217
2449	9	-0.008014860499940824
2449	10-14	0.0725828763010341
2449	15-19	0.056908817365261655
2449	20-24	0.049571620777463465
2449	25-29	0.05211114759607227
2449	30-34	0.03735786198665636
2449	35-39	0.055068616882657295
2449	40-44	0.04440732781739598
2449	45-49	0.061743563839222304
2449	50-54	0.06404570612009053
2449	55-59	0.0718009463951148
2449	60-64	0.055611900018078586
2449	65-69	0.056972345674012104
2449	70-74	0.024547822809303455
2449	75-79	0.06047570219690357
2449	80-84	0.013262603471524415
2449	85-89	0.08788218076993104
2449	90-94	0.04144127404953224
2449	95-99	0.045952903596763406
2449	100-104	0.04740234899804108
2449	105-109	0.057694001464824396
2449	110-114	6.443250700414183E-4
2449	115-119	0.029705517928057645
2449	120-124	0.03578473817901795
2449	125-129	0.028547433368885322
2449	130-134	0.005549385804037854
2449	135-139	-0.05925574416092161
2449	140-144	-0.03973150065040443
2449	145-149	-0.02226458613605331
2449	150	-0.029724169944621792
2450	1	0.06864066426254567
2450	2	0.08478174451552434
2450	3	0.08010318134417815
2450	4	0.09106102028191998
2450	5	0.07234964254215726
2450	6	0.030520368733803593
2450	7	0.10229775039852029
2450	8	0.10114779623091863
2450	9	0.10662165182156258
2450	10-14	0.07295947731976327
2450	15-19	0.055940037175808754
2450	20-24	0.04690184269754383
2450	25-29	0.06541771027524135
2450	30-34	0.06545390372394877
2450	35-39	0.08192887668599269
2450	40-44	0.0708541842249204
2450	45-49	0.07843580558146357
2450	50-54	0.06956448686432282
2450	55-59	0.059067044661198054
2450	60-64	0.08933895478941878
2450	65-69	0.07775045913081158
2450	70-74	0.05711565256989104
2450	75-79	0.06725784172403593
2450	80-84	0.03489697559517424
2450	85-89	0.03549051620913701
2450	90-94	0.04283626366520821
2450	95-99	0.04216095222178495
2450	100-104	0.03649195019466589
2450	105-109	0.03362735126281535
2450	110-114	0.07108779496071804
2450	115-119	0.057412930552651176
2450	120-124	0.025981342910391447
2450	125-129	0.012750656294670648
2450	130-134	-0.01900139019377889
2450	135-139	0.015078684475312798
2450	140-144	0.02380092165786607
2450	145-149	-0.0018614879044989152
2450	150	-0.00959980234522817
2451	1	0.013546934484146789
2451	2	0.08407360492456917
2451	3	0.04712571037303093
2451	4	-0.01704246686626476
2451	5	-7.331505595402632E-4
2451	6	0.05425354795689685
2451	7	0.00498748411651917
2451	8	0.004671704652473352
2451	9	-0.017236577864807145
2451	10-14	0.012835022695561804
2451	15-19	0.02933188392599817
2451	20-24	0.02197064317502395
2451	25-29	0.019550806080864902
2451	30-34	0.02177961662898298
2451	35-39	0.008602981242120222
2451	40-44	0.020076606659166885
2451	45-49	0.02403697059834542
2451	50-54	-0.002632111752980393
2451	55-59	0.023753541155215885
2451	60-64	0.013371250277117497
2451	65-69	0.005028795002772313
2451	70-74	-0.00618774489946361
2451	75-79	-0.017849700916961808
2451	80-84	-0.02243584168092383
2451	85-89	-0.017161783161625976
2451	90-94	-0.020088159955172102
2451	95-99	-0.05335450538388642
2451	100-104	-0.0022088277540390777
2451	105-109	-0.02764926425005143
2451	110-114	-0.01705721409174288
2451	115-119	-0.05524319127725619
2451	120-124	-0.013593934918517903
2451	125-129	-0.021730843785746856
2451	130-134	-0.039651809136813654
2451	135-139	-0.051736507704248424
2451	140-144	-0.033145842393139446
2451	145-149	-0.06973729383364713
2451	150	-0.037735020448835144
2452	1	-0.09610698297079523
2452	2	-0.0584546772761243
2452	3	-0.11896194782256941
2452	4	-0.16296433498726515
2452	5	-0.1152738064522083
2452	6	-0.15373270776725434
2452	7	-0.11139172660417529
2452	8	-0.14708667607600745
2452	9	-0.07965989660470996
2452	10-14	-0.06318044214352625
2452	15-19	-0.08777045898852975
2452	20-24	-0.12468622204676905
2452	25-29	-0.12741551776282023
2452	30-34	-0.11134630842030191
2452	35-39	-0.11439762641711582
2452	40-44	-0.14090150471164975
2452	45-49	-0.1384273695654059
2452	50-54	-0.1752992098248285
2452	55-59	-0.11207219138014324
2452	60-64	-0.1940929697708782
2452	65-69	-0.17021704399812876
2452	70-74	-0.22124688104219814
2452	75-79	-0.2412358270172419
2452	80-84	-0.23186303118235685
2452	85-89	-0.22105275447823658
2452	90-94	-0.17888637536392338
2452	95-99	-0.24919161224821806
2452	100-104	-0.2688876324329357
2452	105-109	-0.3189713087262689
2452	110-114	-0.30807903495036015
2452	115-119	-0.3146826426998004
2452	120-124	-0.3472570378142166
2452	125-129	-0.3786802780911529
2452	130-134	-0.4674709092599869
2452	135-139	-0.5376286427527859
2452	140-144	-0.4611539819418411
2452	145-149	-0.47916478678538965
2452	150	-0.31786001162981137
2453	1	0.07330370592899982
2453	2	0.0301347400655132
2453	3	0.08555103639804429
2453	4	-0.005073379168521797
2453	5	0.06634263162674614
2453	6	0.034392535702693294
2453	7	0.12300823697019325
2453	8	0.0953213618471267
2453	9	0.03136594029951567
2453	10-14	0.03934451194499644
2453	15-19	0.04316234077673187
2453	20-24	0.053945287138063236
2453	25-29	0.0671194736113847
2453	30-34	0.03398999630035604
2453	35-39	0.04481289856732218
2453	40-44	0.039531707371544655
2453	45-49	0.0503013758244748
2453	50-54	0.028841170519491754
2453	55-59	0.04752186517065127
2453	60-64	0.034576229826413396
2453	65-69	0.019344634211755363
2453	70-74	0.033082153729111496
2453	75-79	0.04962740990620773
2453	80-84	-0.005220159223512155
2453	85-89	-0.0069537071097300895
2453	90-94	-0.009832531194810201
2453	95-99	0.006434680988256503
2453	100-104	0.011792717455506363
2453	105-109	-0.025134020007584468
2453	110-114	-0.013774941619793424
2453	115-119	-0.03237275162256026
2453	120-124	-0.020457990951626925
2453	125-129	-0.10988379114114366
2453	130-134	-0.09629264119768521
2453	135-139	-0.09769704199796081
2453	140-144	-0.061418472514183975
2453	145-149	-0.04803356849971152
2453	150	-0.02699550992741706
2454	1	0.06219886538509911
2454	2	0.06513427415652018
2454	3	0.08359507030820623
2454	4	-0.032571828643447986
2454	5	0.011324942114505632
2454	6	0.04092467991605275
2454	7	0.03662390113096592
2454	8	0.04824661902387817
2454	9	0.0855016590868729
2454	10-14	0.038604297787181
2454	15-19	0.03857011133710131
2454	20-24	0.03234839159485148
2454	25-29	0.06935083700135891
2454	30-34	0.05016652671118038
2454	35-39	0.07598767054744826
2454	40-44	0.05246983966765839
2454	45-49	0.04576617765285107
2454	50-54	0.06253101941469197
2454	55-59	0.07745177843143125
2454	60-64	0.07846914490372114
2454	65-69	0.09208556176140092
2454	70-74	0.06119291782987091
2454	75-79	0.02942737964716713
2454	80-84	0.05768163217150146
2454	85-89	0.09226060000344205
2454	90-94	0.06935645652022515
2454	95-99	0.023072521414917446
2454	100-104	0.07239178623870401
2454	105-109	0.05334176625140685
2454	110-114	0.06502943572040465
2454	115-119	0.06928275827725372
2454	120-124	0.06516730399881965
2454	125-129	9.558169342156475E-4
2454	130-134	0.04141094850583471
2454	135-139	0.047446412882507616
2454	140-144	0.05957153899828427
2454	145-149	0.02385601808370552
2454	150	0.15478429246704906
2455	1	0.03980849822235655
2455	2	0.07416152494614181
2455	3	0.0671915392945337
2455	4	0.02366779639464056
2455	5	0.07410874497737296
2455	6	0.04593910071834273
2455	7	0.04155711186717781
2455	8	0.035876220514055035
2455	9	0.018083919620188738
2455	10-14	0.06137529953740284
2455	15-19	0.05421489971118376
2455	20-24	0.04797483250956702
2455	25-29	0.051767774894607044
2455	30-34	0.07220083285087497
2455	35-39	0.0770215348442349
2455	40-44	0.0686639389442476
2455	45-49	0.07643043689221685
2455	50-54	0.09904995294004237
2455	55-59	0.1001390135023783
2455	60-64	0.06772144382534862
2455	65-69	0.10052121225854194
2455	70-74	0.09123814582111578
2455	75-79	0.09031931882623923
2455	80-84	0.055184212094985696
2455	85-89	0.04649662232237972
2455	90-94	0.022807959523049703
2455	95-99	0.05652890303727531
2455	100-104	0.04715208871311205
2455	105-109	0.022922310244553046
2455	110-114	0.03862124565516467
2455	115-119	0.06337998958547786
2455	120-124	0.052097777053475625
2455	125-129	0.020142717690390555
2455	130-134	0.028494577729546222
2455	135-139	0.025399173287851795
2455	140-144	-0.004760939824699051
2455	145-149	0.007015125747500406
2455	150	-0.0023092112991420777
2456	1	0.04130113445904726
2456	2	0.014201804893090753
2456	3	0.09552948425918828
2456	4	0.05084105235836489
2456	5	0.03594586161176494
2456	6	-9.944963510477578E-4
2456	7	0.09067739543411335
2456	8	0.07026568380042875
2456	9	0.032169790516199726
2456	10-14	0.046436775962746424
2456	15-19	0.028347078459454167
2456	20-24	0.03946107499128004
2456	25-29	0.06716420847855176
2456	30-34	0.05650943930719876
2456	35-39	0.03485612437965102
2456	40-44	0.04742227152510736
2456	45-49	0.06622306904476716
2456	50-54	0.04214722608309529
2456	55-59	0.057776794158982625
2456	60-64	0.04019817816811866
2456	65-69	0.07673142724740956
2456	70-74	0.07415056455258195
2456	75-79	0.05819626888857243
2456	80-84	0.03824142013909437
2456	85-89	0.028763878848160118
2456	90-94	0.027738407042313895
2456	95-99	0.05999160425838568
2456	100-104	0.04222526928749204
2456	105-109	0.049614995815204566
2456	110-114	0.0528832615111412
2456	115-119	0.029238878430120963
2456	120-124	0.0033041333924686
2456	125-129	-0.03696350670962545
2456	130-134	0.01609083495571184
2456	135-139	-8.202183457086676E-4
2456	140-144	-0.016063252146601315
2456	145-149	0.038952818610319184
2456	150	-0.08178883524622194
2457	1	0.02189438077364514
2457	2	-0.010135474067013206
2457	3	0.06581443442722446
2457	4	-0.008716162921594162
2457	5	0.014047843223401912
2457	6	0.008777095010351843
2457	7	0.019950165987935975
2457	8	0.08898430150343728
2457	9	0.0035934448898018445
2457	10-14	-0.0025825597823896373
2457	15-19	0.04000669667009049
2457	20-24	0.042611236567807964
2457	25-29	0.024173797753398674
2457	30-34	0.033949835738766865
2457	35-39	-0.006478531191021375
2457	40-44	0.028543352220289364
2457	45-49	0.0015804035012791928
2457	50-54	-4.022117600470665E-4
2457	55-59	0.0206921497832937
2457	60-64	0.017102886739458256
2457	65-69	0.03895142772919513
2457	70-74	0.03412223463504205
2457	75-79	0.006349368346121764
2457	80-84	0.025751034673447748
2457	85-89	0.013000072449820266
2457	90-94	-0.005729065569248348
2457	95-99	0.01106981275784591
2457	100-104	0.007357450775472785
2457	105-109	-8.684097697155835E-4
2457	110-114	-0.00855978567118143
2457	115-119	-9.54971877476396E-4
2457	120-124	0.019358377577738395
2457	125-129	-0.0181517849985795
2457	130-134	-0.11037724154312656
2457	135-139	-0.03054563879822325
2457	140-144	-0.02359034923144776
2457	145-149	-0.058124093611908734
2457	150	-0.058832409447369116
2458	1	0.06601361443532028
2458	2	0.07609007770622611
2458	3	0.0670616241062234
2458	4	0.05533790963482943
2458	5	0.06348504508451214
2458	6	0.035417957403545586
2458	7	0.07801696883819886
2458	8	0.06738600312773002
2458	9	0.08340634619136011
2458	10-14	0.037691057638376435
2458	15-19	0.05017059404672608
2458	20-24	0.06027764800096236
2458	25-29	0.05348711834910347
2458	30-34	0.0676302942530711
2458	35-39	0.0679597823341922
2458	40-44	0.07580857123077323
2458	45-49	0.05129456853146763
2458	50-54	0.05513045756120505
2458	55-59	0.05941757153549787
2458	60-64	0.03501124487170415
2458	65-69	0.05249431828615059
2458	70-74	0.029575965049481567
2458	75-79	0.05014541588358412
2458	80-84	0.06951388793365965
2458	85-89	0.06498700783423317
2458	90-94	0.02852450292312625
2458	95-99	0.06794481046429013
2458	100-104	0.05174017350340421
2458	105-109	0.03669004939931142
2458	110-114	0.03823791942895127
2458	115-119	0.022287723818735117
2458	120-124	0.03850284038330187
2458	125-129	0.06527045488878969
2458	130-134	0.03503887957295859
2458	135-139	0.05906539518603893
2458	140-144	0.012936718492248644
2458	145-149	0.02769545337832824
2458	150	0.0050300797918865214
2459	1	0.07540381983555022
2459	2	0.03451283264858773
2459	3	0.041586053017034885
2459	4	-0.02681876859287513
2459	5	0.02810708669254325
2459	6	-0.01665952629008416
2459	7	0.06757615349557256
2459	8	0.08709430406747032
2459	9	0.07949521306407803
2459	10-14	0.03641142848865542
2459	15-19	0.04874869554384986
2459	20-24	0.04332911565691688
2459	25-29	0.05948146090502604
2459	30-34	0.06646000192462509
2459	35-39	0.040798251119255724
2459	40-44	0.055956767624245174
2459	45-49	0.047843451197721265
2459	50-54	0.04757650327483276
2459	55-59	0.039160028128073066
2459	60-64	0.05644888596061293
2459	65-69	0.06489712157746652
2459	70-74	0.0807838607030007
2459	75-79	0.06028626081045019
2459	80-84	0.045217639882686456
2459	85-89	0.06508668199990097
2459	90-94	0.05387125898974432
2459	95-99	0.020968791024820632
2459	100-104	0.07820539214774413
2459	105-109	0.038525892806191564
2459	110-114	0.03899166772135487
2459	115-119	0.037983688564324325
2459	120-124	0.058317909590286376
2459	125-129	0.05993921716936512
2459	130-134	-0.042587368806721315
2459	135-139	-0.0021554782905042202
2459	140-144	0.008261797288000139
2459	145-149	-0.020901211527558416
2459	150	0.024709433535541336
2460	1	0.007096097727945505
2460	2	0.019351460996233527
2460	3	0.037729031254478684
2460	4	0.024606353583934037
2460	5	0.020151272375137808
2460	6	0.06554309853886053
2460	7	0.03331948431037546
2460	8	-0.0011634975220289334
2460	9	0.0426447593575503
2460	10-14	0.02619892519195588
2460	15-19	0.04161500291057507
2460	20-24	0.024756665135740263
2460	25-29	0.06920483785319931
2460	30-34	0.03974914661297646
2460	35-39	0.05376798164833474
2460	40-44	0.030252512988504066
2460	45-49	0.03867704588554233
2460	50-54	0.032690350404095625
2460	55-59	0.05606644157300167
2460	60-64	0.029893868789990563
2460	65-69	0.06701140412641848
2460	70-74	0.01799538000064871
2460	75-79	0.018452854520042195
2460	80-84	0.019481704587988702
2460	85-89	0.015904251545997283
2460	90-94	0.01956289286695778
2460	95-99	0.026088009828448833
2460	100-104	0.015261406572392389
2460	105-109	0.007637623986560982
2460	110-114	0.01742775305230282
2460	115-119	-0.01624566173322961
2460	120-124	-0.01835439519683746
2460	125-129	-0.016122116465190572
2460	130-134	-0.0753529666205992
2460	135-139	-0.02661399730503433
2460	140-144	-0.07634910296938813
2460	145-149	-0.06968036749199058
2460	150	-0.13790672235834478
2461	1	-0.0026833510692014784
2461	2	0.017493877743120834
2461	3	0.04865327386334428
2461	4	0.016368316078903433
2461	5	-0.012919984737777668
2461	6	0.019755103071631197
2461	7	0.05219531846618963
2461	8	0.07949170318307353
2461	9	0.0564333092363114
2461	10-14	0.0458592922814276
2461	15-19	0.02656916749565852
2461	20-24	0.04267834282970995
2461	25-29	0.05637065767148641
2461	30-34	0.045610525452730144
2461	35-39	0.024142067275477075
2461	40-44	-0.010670399438851064
2461	45-49	0.010663534896835358
2461	50-54	-0.021366652443106204
2461	55-59	-0.0037197647493201202
2461	60-64	0.00922264498237979
2461	65-69	-0.009270423766366775
2461	70-74	-0.016297643755777358
2461	75-79	-0.01995204460956046
2461	80-84	-8.967066675822366E-4
2461	85-89	-0.012700073270110579
2461	90-94	-0.04442913416720273
2461	95-99	-0.04069458571107276
2461	100-104	-0.03558642675484691
2461	105-109	-0.06833669843319967
2461	110-114	-0.043072263194183336
2461	115-119	-0.08194934806220999
2461	120-124	-0.04321440120803999
2461	125-129	-0.08666845552134816
2461	130-134	-0.15814426621809474
2461	135-139	-0.14181267159130329
2461	140-144	-0.10606162129746366
2461	145-149	-0.12738356033378295
2461	150	-0.07454164744171266
2462	1	-0.02571237349743427
2462	2	0.06632893396698591
2462	3	0.046950310001122375
2462	4	-0.009988996702368524
2462	5	0.0028634706080836736
2462	6	-0.021192364095348637
2462	7	0.0043923104587335615
2462	8	0.0440084354544652
2462	9	-0.026720530786249697
2462	10-14	0.027940740245227857
2462	15-19	0.017256116446588976
2462	20-24	0.02586087725686781
2462	25-29	0.02052172022283827
2462	30-34	0.04299200775172096
2462	35-39	0.027077756247749107
2462	40-44	-0.010243631483390914
2462	45-49	-0.004333491430898562
2462	50-54	9.443201010128632E-4
2462	55-59	-0.020484807852241715
2462	60-64	-0.06199098118103308
2462	65-69	-0.017135143137537057
2462	70-74	-0.0029728022494524
2462	75-79	-0.005558428501458934
2462	80-84	-0.052706017633994406
2462	85-89	-0.02071985278917765
2462	90-94	-0.017852536048280854
2462	95-99	-0.0714252200536194
2462	100-104	-0.059074176451346716
2462	105-109	-0.04494867405521319
2462	110-114	-0.07100954630004708
2462	115-119	-0.04671160756263504
2462	120-124	-0.03759811529404544
2462	125-129	-0.11983419023300002
2462	130-134	-0.12182459951464608
2462	135-139	-0.11155552558093262
2462	140-144	-0.09113795577120953
2462	145-149	-0.1607388436603685
2462	150	-0.04690151696800626
2463	1	-0.01406140267059186
2463	2	-0.04860924315003956
2463	3	0.005205696107125846
2463	4	0.011390516056799527
2463	5	0.07155507636588965
2463	6	-0.019657994608273555
2463	7	0.057377411507538056
2463	8	-0.02995091258638638
2463	9	-0.015539909545545072
2463	10-14	0.03019988436272314
2463	15-19	0.001314169685969091
2463	20-24	0.005621810161251517
2463	25-29	9.88887650564152E-4
2463	30-34	0.027539037225167817
2463	35-39	0.017430007846257922
2463	40-44	0.024338351589783258
2463	45-49	-2.4302049359903322E-4
2463	50-54	-0.007885820778092523
2463	55-59	-0.02823141641130178
2463	60-64	-0.024647418106901853
2463	65-69	0.008427001486545294
2463	70-74	-0.0021573837018209474
2463	75-79	0.007870310532766212
2463	80-84	-0.00891394875276319
2463	85-89	-0.010102256216754313
2463	90-94	-0.02844664441255418
2463	95-99	-0.011134665217497286
2463	100-104	-0.005955883924954719
2463	105-109	-0.06698193685011233
2463	110-114	-0.0749495379498697
2463	115-119	-0.010911332775030758
2463	120-124	0.005740316568733306
2463	125-129	-0.03019401466601579
2463	130-134	-0.0348605015767518
2463	135-139	-0.09657212577275942
2463	140-144	-0.09317220564099671
2463	145-149	-0.17003359697551446
2463	150	-0.10452103390760215
2464	1	0.06024707937685747
2464	2	0.025278013373608132
2464	3	0.0037507655655133476
2464	4	0.034909282583569734
2464	5	0.0012555627941068792
2464	6	0.049470811271177695
2464	7	0.007609783136381054
2464	8	0.08311744915492625
2464	9	0.025558351402203527
2464	10-14	0.03235338072776983
2464	15-19	0.03963792808918498
2464	20-24	0.046730713906200094
2464	25-29	0.033989981934468005
2464	30-34	0.07079277579943266
2464	35-39	0.035920270529636866
2464	40-44	0.0184730707826688
2464	45-49	0.04758399857585971
2464	50-54	0.03957404253404917
2464	55-59	0.03198273980042643
2464	60-64	0.04626949180671147
2464	65-69	0.010772970660667625
2464	70-74	0.004764863792431129
2464	75-79	-0.012300570156888568
2464	80-84	-0.04154330237061998
2464	85-89	-0.0026303798213405116
2464	90-94	-0.018019898067372253
2464	95-99	0.024387195292824515
2464	100-104	-0.01773481528906018
2464	105-109	-0.02017267416229629
2464	110-114	-0.04676454798156726
2464	115-119	-0.07306882641288581
2464	120-124	-0.025538387248523975
2464	125-129	-0.06315228880679058
2464	130-134	-0.12006866538018812
2464	135-139	-0.09050696576553463
2464	140-144	-0.1290054042753468
2464	145-149	-0.1378041781005095
2464	150	-0.09681283762341053
2465	1	0.013095948568007998
2465	2	0.044755145651869555
2465	3	-0.08801431514237379
2465	4	-0.047939468462693924
2465	5	0.05037553269442441
2465	6	0.023267677627366368
2465	7	0.1048754820276514
2465	8	0.017825651409104637
2465	9	0.02968931981246925
2465	10-14	0.02669185699888743
2465	15-19	0.024910801880466238
2465	20-24	0.002915537689204939
2465	25-29	0.007827645927036997
2465	30-34	-0.008021184563872907
2465	35-39	-0.003918714868042628
2465	40-44	-0.019922843637331766
2465	45-49	-0.03868145065318629
2465	50-54	-0.023782412143035003
2465	55-59	0.002503103110235827
2465	60-64	-0.013909618437658366
2465	65-69	-0.016058839187870433
2465	70-74	-0.04581971840375587
2465	75-79	-0.0585036648518269
2465	80-84	-0.07200489703836155
2465	85-89	-0.04801059408423214
2465	90-94	-0.06503265135345515
2465	95-99	-0.03245486979150769
2465	100-104	-0.08037813185229936
2465	105-109	-0.12375759248718055
2465	110-114	-0.11779725243356154
2465	115-119	-0.10970268385511872
2465	120-124	-0.10672497736249653
2465	125-129	-0.15375432528708188
2465	130-134	-0.21205944176996638
2465	135-139	-0.16929591576519698
2465	140-144	-0.225976151211988
2465	145-149	-0.25598160497499833
2465	150	-0.1983272343567961
2466	1	0.02140413492381299
2466	2	-0.10026862967234251
2466	3	0.05901844425422098
2466	4	0.008633987425554324
2466	5	-0.005578675661254806
2466	6	-0.028826071537821463
2466	7	0.06089036164066641
2466	8	0.009349655855935168
2466	9	-0.006714307928014307
2466	10-14	0.008964229332384832
2466	15-19	-0.004215223777158883
2466	20-24	-0.0023831231250710516
2466	25-29	0.019615994168752593
2466	30-34	0.06306405521345937
2466	35-39	0.013190086522712363
2466	40-44	-0.013348370567968004
2466	45-49	0.018393249483871443
2466	50-54	0.030644586104124016
2466	55-59	0.015059320347241112
2466	60-64	0.01829587680624911
2466	65-69	0.007985195507245635
2466	70-74	-0.00794964428310152
2466	75-79	-0.024897994118497024
2466	80-84	-0.06174816668998773
2466	85-89	0.008142652983920584
2466	90-94	-0.07102724899154111
2466	95-99	-0.032723621371218314
2466	100-104	-0.0938602715903869
2466	105-109	-0.10732852494430034
2466	110-114	-0.1228786371972177
2466	115-119	-0.0729866890417128
2466	120-124	-0.09323434056602053
2466	125-129	-0.15695172623521358
2466	130-134	-0.16411008916978176
2466	135-139	-0.20166139613154144
2466	140-144	-0.2086296787755444
2466	145-149	-0.1873011662925208
2466	150	-0.2790782633536466
2467	1	0.04624790481106089
2467	2	0.04063674192908451
2467	3	6.390051112106221E-4
2467	4	0.07827885186582506
2467	5	0.03937840186200248
2467	6	0.08038610402068969
2467	7	0.04296084133194
2467	8	0.034352343530812846
2467	9	0.0068121624772885525
2467	10-14	0.023158952510115682
2467	15-19	0.034063980539265515
2467	20-24	0.03677847265768719
2467	25-29	0.04880737680344538
2467	30-34	0.054781423854123545
2467	35-39	0.03806376580340043
2467	40-44	0.04197208265845376
2467	45-49	0.020941237352467112
2467	50-54	0.008274851835871289
2467	55-59	0.024512078849042496
2467	60-64	0.013552161537504048
2467	65-69	0.05037747947071125
2467	70-74	0.0704036265863337
2467	75-79	-0.01772099600213295
2467	80-84	-0.021803417459324237
2467	85-89	-0.01104293827777525
2467	90-94	-0.07172897927749489
2467	95-99	-0.04209671760151679
2467	100-104	-0.043202429696520994
2467	105-109	-0.058379508798076074
2467	110-114	-0.016839339065491288
2467	115-119	-0.05839326319744487
2467	120-124	-0.03895502668307671
2467	125-129	-0.03753126720094002
2467	130-134	-0.07886679383734929
2467	135-139	-0.11418790731535466
2467	140-144	-0.06573972186484411
2467	145-149	-0.09166685648537509
2467	150	-0.11823420575131394
2468	1	0.0786427783183612
2468	2	0.009595048839869946
2468	3	0.08079971764907867
2468	4	0.0787966410704044
2468	5	-0.06057171708629028
2468	6	0.02174864017256084
2468	7	0.046165911465529064
2468	8	0.07416062133588497
2468	9	0.008253732969244254
2468	10-14	0.04164269607495186
2468	15-19	0.023996804083125767
2468	20-24	0.016282218949385197
2468	25-29	0.042184918163577834
2468	30-34	0.047390859774125715
2468	35-39	0.05873611136573231
2468	40-44	0.03617723650070559
2468	45-49	0.05020380248353007
2468	50-54	0.05237336569836515
2468	55-59	0.03019275934482124
2468	60-64	0.07149162468660819
2468	65-69	0.08089949054757994
2468	70-74	0.08816252599655883
2468	75-79	0.05973930741596689
2468	80-84	0.05898201273893733
2468	85-89	0.05032590790811042
2468	90-94	0.017856610200034595
2468	95-99	0.039743684694023784
2468	100-104	0.015251279968836684
2468	105-109	0.050857787855413505
2468	110-114	0.053676080586697594
2468	115-119	0.0461056675686109
2468	120-124	0.04086860412102311
2468	125-129	0.017563650023141975
2468	130-134	-0.021046213186686202
2468	135-139	0.039325381764051315
2468	140-144	0.020107936666164505
2468	145-149	0.053906913774120824
2468	150	-0.025432928197169247
2469	1	0.11616642738191274
2469	2	0.10458702601797398
2469	3	0.04916234759350857
2469	4	0.0785482105173756
2469	5	0.0769905811893068
2469	6	0.10080534253991402
2469	7	0.06848934316237631
2469	8	0.0909234628676927
2469	9	0.027463755917963795
2469	10-14	0.040573722281756375
2469	15-19	0.052396229040638787
2469	20-24	0.04681096264530282
2469	25-29	0.0405294235138598
2469	30-34	0.03334755018149593
2469	35-39	0.05787427005786583
2469	40-44	0.05774397843232748
2469	45-49	0.04929376002959884
2469	50-54	0.04578505967366908
2469	55-59	0.0276837311617939
2469	60-64	0.06575833715974966
2469	65-69	0.0311208706655961
2469	70-74	0.03747414459986942
2469	75-79	0.02219258120088341
2469	80-84	-0.019259444099574807
2469	85-89	0.02801816867430773
2469	90-94	-0.006879367119339008
2469	95-99	0.0082826240761662
2469	100-104	0.024743534474097828
2469	105-109	0.026453318834583683
2469	110-114	-0.05439658795879154
2469	115-119	0.0101023412480572
2469	120-124	0.005170979823468258
2469	125-129	0.003936812780871435
2469	130-134	-0.05300457638654166
2469	135-139	0.014087044956440309
2469	140-144	-0.016871252157919514
2469	145-149	-0.02534335572687496
2469	150	-0.002174169515143376
2470	1	0.08442631357780783
2470	2	0.04597409699662336
2470	3	0.03978860309181442
2470	4	0.044374295161333066
2470	5	-0.022268061968105712
2470	6	0.033745111305925946
2470	7	0.006019401530167556
2470	8	0.03434389551329531
2470	9	0.02064069675213176
2470	10-14	0.026977108267438155
2470	15-19	0.028091365274448776
2470	20-24	0.041080530858437214
2470	25-29	0.0017219466871054578
2470	30-34	0.0393916345018539
2470	35-39	0.047280122834443716
2470	40-44	0.024270147711717982
2470	45-49	-0.0039842236129672415
2470	50-54	0.001458069700596809
2470	55-59	0.053941807714529943
2470	60-64	0.03296281810743551
2470	65-69	0.02533394082042406
2470	70-74	0.019323052185647782
2470	75-79	0.0350336580299242
2470	80-84	-0.05648016392502342
2470	85-89	0.02457447701849702
2470	90-94	-0.008255357738590874
2470	95-99	0.06132436341244585
2470	100-104	0.04878839145565195
2470	105-109	-1.6069751553970946E-4
2470	110-114	0.008417417306922914
2470	115-119	-0.014772964106398945
2470	120-124	0.02668052957881173
2470	125-129	0.02329138692092414
2470	130-134	-0.055341358815013564
2470	135-139	-0.02554538878623447
2470	140-144	-0.008836743070816055
2470	145-149	-0.01860403874230343
2470	150	-0.029329931799416897
2471	1	0.14148370422181245
2471	2	-0.024278740194141335
2471	3	0.07284002627281438
2471	4	0.029249986100012393
2471	5	0.07595022291035036
2471	6	0.03174395977969624
2471	7	0.08000220898048127
2471	8	0.056834903484151766
2471	9	0.05464706899282845
2471	10-14	0.0508307386185507
2471	15-19	0.04496476254089998
2471	20-24	0.06868496171603766
2471	25-29	0.0642729861449709
2471	30-34	0.05361884610464074
2471	35-39	0.06249385003854968
2471	40-44	0.035846585490709515
2471	45-49	0.020109602018393957
2471	50-54	0.029079038326457862
2471	55-59	0.03244140390547301
2471	60-64	0.010207705444152282
2471	65-69	0.024767833232964165
2471	70-74	0.02749201638199139
2471	75-79	0.0483745798402353
2471	80-84	0.01591792360748201
2471	85-89	0.025522808931704333
2471	90-94	0.022483224905336385
2471	95-99	0.005983821501793329
2471	100-104	0.034470803294404107
2471	105-109	0.028536143678962844
2471	110-114	-0.00494989152203118
2471	115-119	0.011793268075095398
2471	120-124	0.01650435748488377
2471	125-129	0.04176571560427078
2471	130-134	-0.05859421140160492
2471	135-139	-0.013195519757815077
2471	140-144	-0.026838379106763455
2471	145-149	-0.0014386713576186594
2471	150	-0.09132326510079736
2472	1	0.0234040483034903
2472	2	0.022214659995043462
2472	3	0.025904131703470057
2472	4	0.03368552856938578
2472	5	0.022320046709531027
2472	6	0.10419421075410895
2472	7	0.0601940122561615
2472	8	0.02555935585404967
2472	9	0.0712715889699922
2472	10-14	0.056654237780946914
2472	15-19	0.025843012994350545
2472	20-24	0.025037976435754672
2472	25-29	0.0741838819219538
2472	30-34	0.037239827961144556
2472	35-39	0.027891197151234337
2472	40-44	0.029942516071066905
2472	45-49	0.05786077261068101
2472	50-54	0.074487359136711
2472	55-59	0.042956790623335905
2472	60-64	0.08575590624895568
2472	65-69	0.07494810230460303
2472	70-74	0.03286521483776994
2472	75-79	0.0704867027391245
2472	80-84	0.042199236301406984
2472	85-89	0.029255843165202577
2472	90-94	0.05382648171696758
2472	95-99	0.0425191618423284
2472	100-104	0.05912893001656272
2472	105-109	0.0596003905610587
2472	110-114	-0.007263743756631413
2472	115-119	0.024390090472209636
2472	120-124	0.05516002246262275
2472	125-129	-0.011894544507420335
2472	130-134	-0.03260042833554877
2472	135-139	-0.030708330387952287
2472	140-144	-0.026937150537726495
2472	145-149	-0.061402264933768436
2472	150	0.025893414674925452
2473	1	0.08940336479413702
2473	2	0.04546088411096605
2473	3	0.10533444299812089
2473	4	0.09632682577962726
2473	5	0.06857881741214555
2473	6	0.04055269744111456
2473	7	0.06900861315386209
2473	8	0.084935300788203
2473	9	0.08103873245598692
2473	10-14	0.06811704313689404
2473	15-19	0.052496146223994344
2473	20-24	0.046891164997589385
2473	25-29	0.06213227516216335
2473	30-34	0.055174861794135666
2473	35-39	0.05421003854362283
2473	40-44	0.07012766041641783
2473	45-49	0.05659623392820379
2473	50-54	0.053204428270063886
2473	55-59	0.03823888563155009
2473	60-64	0.030671402238787948
2473	65-69	0.06268531991440796
2473	70-74	0.0575101644061462
2473	75-79	0.02937329064364036
2473	80-84	-0.007579355012730105
2473	85-89	0.02055574116450032
2473	90-94	-4.290803777422525E-4
2473	95-99	-0.009214785725149
2473	100-104	2.0059841233432962E-5
2473	105-109	-0.015237018273644765
2473	110-114	-0.035059711628704804
2473	115-119	0.02023209415754934
2473	120-124	0.013158274983503304
2473	125-129	0.0061178492663245265
2473	130-134	-0.05924807782255925
2473	135-139	-0.025153742332733486
2473	140-144	-0.04379050582801369
2473	145-149	-0.038799050873038254
2473	150	-0.019439819841089445
2474	1	0.0706966250853398
2474	2	0.06735890344958761
2474	3	0.07225281331469091
2474	4	0.10523830515825949
2474	5	0.1146015804732059
2474	6	0.027658154717698835
2474	7	0.09090344064655653
2474	8	0.09038218585932611
2474	9	0.095214337985837
2474	10-14	0.06504707424478084
2474	15-19	0.045213084858666264
2474	20-24	0.05604385526166311
2474	25-29	0.0578907340751158
2474	30-34	0.053750855771639294
2474	35-39	0.05458939457994916
2474	40-44	0.05698156934528242
2474	45-49	0.04303729303107673
2474	50-54	0.06445025901785328
2474	55-59	0.062200340694232636
2474	60-64	0.023386765543051524
2474	65-69	0.049688638121395456
2474	70-74	0.05496989778972505
2474	75-79	0.011407862299080307
2474	80-84	0.008756399172717977
2474	85-89	0.0459254180567612
2474	90-94	0.021518917090311618
2474	95-99	0.05543391186143509
2474	100-104	0.055717966862914636
2474	105-109	0.042453187493073585
2474	110-114	-0.07244366132336211
2474	115-119	-0.010200704962883833
2474	120-124	0.02749862094820088
2474	125-129	-0.019083421716423743
2474	130-134	-0.04840579936246314
2474	135-139	0.004650633806434712
2474	140-144	-0.021802527915696146
2474	145-149	0.0017487594653076144
2474	150	-0.1131239469946621
2475	1	0.08663871791600997
2475	2	0.1018070033702756
2475	3	0.046390410520302794
2475	4	0.01949400442174465
2475	5	-0.02912510478476804
2475	6	0.09171048621855249
2475	7	0.01606914879324961
2475	8	0.08635167691387124
2475	9	0.029144645783951262
2475	10-14	0.053089686237889566
2475	15-19	0.056358524389700904
2475	20-24	0.0513054302930982
2475	25-29	0.06965222762343615
2475	30-34	0.07736944025730708
2475	35-39	0.06250107834605956
2475	40-44	0.051582164255805196
2475	45-49	0.07012654590215561
2475	50-54	0.04698538342006486
2475	55-59	0.059622114232873
2475	60-64	0.05130721223398638
2475	65-69	0.05367547962497099
2475	70-74	0.06507698198966239
2475	75-79	-0.02114472349710894
2475	80-84	0.05986944440480357
2475	85-89	0.02970213105859898
2475	90-94	0.020762826804265444
2475	95-99	0.02514498859731873
2475	100-104	0.001631546437508291
2475	105-109	0.06124805237649866
2475	110-114	-0.003061881964427471
2475	115-119	0.04681650931723169
2475	120-124	0.04924611340727125
2475	125-129	-0.001877038697635669
2475	130-134	-0.03783684720800551
2475	135-139	0.006180181880395708
2475	140-144	0.015327627909165642
2475	145-149	0.01747257091433596
2475	150	-0.062375213281960384
2476	1	0.11799568028808238
2476	2	0.07126365057118988
2476	3	0.03349821218361626
2476	4	0.015973475493481715
2476	5	0.06196421178318445
2476	6	0.04947840667385606
2476	7	0.08798495857197253
2476	8	0.024581553541977996
2476	9	0.07072826316131398
2476	10-14	0.013845954348816747
2476	15-19	0.040710825538660345
2476	20-24	0.01780897079666488
2476	25-29	0.022416502708367148
2476	30-34	0.04531300906777602
2476	35-39	0.04142926811648806
2476	40-44	0.05591623141908997
2476	45-49	0.023055040999096832
2476	50-54	0.013542142050894768
2476	55-59	0.04867929732463239
2476	60-64	-0.0035765140051182698
2476	65-69	0.006785030495365163
2476	70-74	-0.05832030345781192
2476	75-79	0.02804537650445127
2476	80-84	0.010519832697390541
2476	85-89	0.05324623005287066
2476	90-94	0.01631504691329866
2476	95-99	3.3635270775533854E-4
2476	100-104	-0.05002042698480835
2476	105-109	0.0416843268793059
2476	110-114	-0.11256638267708752
2476	115-119	-0.16259411062402052
2476	120-124	0.007062829035568541
2476	125-129	0.038741661267685856
2476	130-134	-0.06943785678298298
2476	135-139	-0.010867025309337919
2476	140-144	-0.00936144553897833
2476	145-149	-0.015527090943685096
2476	150	-0.03718434853732333
2477	1	0.06435397755581107
2477	2	0.014999824768374026
2477	3	0.005125465614334246
2477	4	0.0571283952082382
2477	5	0.03777609453945274
2477	6	0.002834429609535505
2477	7	-0.2768597002479396
2477	8	-0.2739315853267428
2477	9	0.07699322320473101
2477	10-14	0.03168322746605412
2477	15-19	0.038229979577884876
2477	20-24	0.024921398470866052
2477	25-29	-0.019194545965341092
2477	30-34	0.05138453233032436
2477	35-39	0.04889536330381361
2477	40-44	0.05959746320644399
2477	45-49	-0.04001053319712611
2477	50-54	0.0661501923261767
2477	55-59	0.0030411607269584806
2477	60-64	0.035856279467324725
2477	65-69	0.009230227427764248
2477	70-74	0.06239208997361345
2477	75-79	0.03233508475415903
2477	80-84	-0.015201911290446901
2477	85-89	-0.1644798874846316
2477	90-94	-0.0021888414790609545
2477	95-99	0.012766285122403076
2477	100-104	0.004546328515303344
2477	105-109	-0.019475487006694436
2477	110-114	0.03494723359914076
2477	115-119	-0.027180316554279216
2477	120-124	-0.20662046491413122
2477	125-129	-0.09079196260231726
2477	130-134	-0.0427187406407441
2477	135-139	-0.05618438223925182
2477	140-144	-0.12585829260670778
2477	145-149	-0.024498133524303967
2477	150	-0.02273668932766526
2478	1	0.053012440659841786
2478	2	0.052881338922766474
2478	3	0.07054682050757322
2478	4	0.0738198138332038
2478	5	0.01714800501735425
2478	6	0.007344652817366182
2478	7	0.06820698828797589
2478	8	0.03211179367110617
2478	9	-0.1564075675160197
2478	10-14	0.014795253644614093
2478	15-19	-0.058974977384174565
2478	20-24	-0.1592703359377765
2478	25-29	-0.004099661511233421
2478	30-34	0.059504965016699884
2478	35-39	0.05239325405448625
2478	40-44	-0.011259076886538821
2478	45-49	-0.014379451043289748
2478	50-54	0.04386891958231587
2478	55-59	0.0654319924259994
2478	60-64	0.06489711902584361
2478	65-69	-0.0821092486592292
2478	70-74	0.01758357729649873
2478	75-79	0.021570971273270345
2478	80-84	0.006150420110522248
2478	85-89	9.608358170467568E-4
2478	90-94	0.02722949003524633
2478	95-99	0.038968630944658855
2478	100-104	0.011578429326284834
2478	105-109	0.012910708387636305
2478	110-114	0.06309588411076561
2478	115-119	-0.0626009629477764
2478	120-124	-0.07792622321799314
2478	125-129	-0.1326873429392279
2478	130-134	-4.6793003483713846E-4
2478	135-139	0.0302732961645944
2478	140-144	-0.1328151053341955
2478	145-149	-0.11105459467717083
2478	150	0.00938321944519771
2479	1	0.1049159689600927
2479	2	0.023830897201492007
2479	3	0.08577904720104357
2479	4	0.042439709968270733
2479	5	0.032565321340079834
2479	6	-0.012655586286356879
2479	7	0.10074509531602871
2479	8	0.027995706937986142
2479	9	0.07450164416790983
2479	10-14	0.046512031788516595
2479	15-19	-0.07581564615473724
2479	20-24	-0.036293679440795756
2479	25-29	-0.04541824591873933
2479	30-34	-0.04568646657212838
2479	35-39	-0.003650880532070744
2479	40-44	-0.04037721897247337
2479	45-49	0.06562403347457035
2479	50-54	-0.10016025574159926
2479	55-59	-0.00231392885674353
2479	60-64	-0.006969599993205122
2479	65-69	-0.13894239505424366
2479	70-74	-0.07617535625421823
2479	75-79	0.021238662794651475
2479	80-84	0.032235397013288036
2479	85-89	-0.04602950198142963
2479	90-94	-0.04068893112685856
2479	95-99	0.007653465821846339
2479	100-104	0.03672649531861083
2479	105-109	0.06545746122336027
2479	110-114	-0.01315133684789771
2479	115-119	0.019851502052901537
2479	120-124	-0.07134642396409419
2479	125-129	0.01844810655000373
2479	130-134	-0.012656117656327126
2479	135-139	-0.09242070014157377
2479	140-144	-0.05519362179919085
2479	145-149	-0.22792466406725254
2479	150	-0.08029671636941771
2480	1	0.03441837585020835
2480	2	0.0809621381131933
2480	3	0.06017523617176579
2480	4	0.017753334778035423
2480	5	0.023191941150123796
2480	6	0.05685331626612822
2480	7	0.07091980576789325
2480	8	0.03904109087831387
2480	9	0.048326993086618586
2480	10-14	0.02680427040468203
2480	15-19	0.030423143199008962
2480	20-24	0.04796292399370117
2480	25-29	0.05781146821144034
2480	30-34	-0.061233905140511524
2480	35-39	-0.08030545295136449
2480	40-44	-0.0885138278566373
2480	45-49	0.0434772647005488
2480	50-54	-0.1337908782014523
2480	55-59	-0.17834217681453168
2480	60-64	-0.1169439116894182
2480	65-69	-0.024876006616949553
2480	70-74	-0.1357221872770893
2480	75-79	0.025979734129649046
2480	80-84	-0.029408659443120655
2480	85-89	-0.10788950887422999
2480	90-94	-0.03820574681417099
2480	95-99	0.020929488498786952
2480	100-104	-0.0944837282141151
2480	105-109	0.010931224619284308
2480	110-114	-0.09511187356792306
2480	115-119	-0.028322022892936616
2480	120-124	-0.012729996035830027
2480	125-129	-0.014040494826183192
2480	130-134	-0.10634603346895233
2480	135-139	-0.06250979461445638
2480	140-144	-0.13296905450613394
2480	145-149	-0.2472073241136954
2480	150	-0.15700174374832443
2481	1	0.07395180099764076
2481	2	-0.009652128721839404
2481	3	-0.008977624996830968
2481	4	0.09314726286066843
2481	5	0.02227037232103868
2481	6	0.03496292294455827
2481	7	0.09523811061741583
2481	8	0.029858401637838483
2481	9	0.0034437311923980474
2481	10-14	0.022885825025248607
2481	15-19	0.02874615703861849
2481	20-24	0.029703234564394165
2481	25-29	0.060052937662739225
2481	30-34	0.02380538444980118
2481	35-39	0.03952215182356866
2481	40-44	0.014042176264311479
2481	45-49	0.014310115198938433
2481	50-54	0.01850032260942669
2481	55-59	-0.09459935596260038
2481	60-64	-0.08454564865711234
2481	65-69	0.028659964420029382
2481	70-74	-0.029818206941861547
2481	75-79	-0.09675050804704455
2481	80-84	-0.09236592587750891
2481	85-89	0.012751028786205154
2481	90-94	-0.052580532224418164
2481	95-99	-0.11666134650355531
2481	100-104	-0.029144186147817663
2481	105-109	-0.011428277063338044
2481	110-114	-0.03764168923318323
2481	115-119	-0.08378355247209157
2481	120-124	-0.003108127805596439
2481	125-129	-0.014746152659178335
2481	130-134	-0.060181047528345744
2481	135-139	-0.029524547543402946
2481	140-144	-0.047233776572007
2481	145-149	-0.05446945838892958
2481	150	-0.14508223093914552
2482	1	0.0398128143530343
2482	2	0.030954796057308442
2482	3	-0.02600523166423585
2482	4	0.07657811192640196
2482	5	0.04109794992349691
2482	6	0.02892522189186053
2482	7	0.012535551972341352
2482	8	0.05130083836692734
2482	9	-0.009666025965735514
2482	10-14	-0.006451707478774438
2482	15-19	0.01195212915401811
2482	20-24	0.01894429095231942
2482	25-29	-0.014623769271018716
2482	30-34	-0.011814808806683175
2482	35-39	0.014331977064699686
2482	40-44	-0.019987679224520605
2482	45-49	0.02900610842563367
2482	50-54	0.005379579128181433
2482	55-59	-0.008912857961597354
2482	60-64	0.002905410674173936
2482	65-69	0.014725474992509646
2482	70-74	0.004550490427568832
2482	75-79	-0.09372034929208439
2482	80-84	-0.03795028326404548
2482	85-89	-0.03743448483297129
2482	90-94	-0.03127585028028079
2482	95-99	-0.12342164232639163
2482	100-104	-0.064900192372221
2482	105-109	-0.13215920399385084
2482	110-114	-0.0236185096490118
2482	115-119	-0.025018353924672
2482	120-124	-0.006088432744597583
2482	125-129	-0.09506531261459372
2482	130-134	-0.01981579070564976
2482	135-139	-0.03388520402500461
2482	140-144	-0.025226572223125743
2482	145-149	0.03403178128471751
2482	150	-0.22448686775938853
2483	1	0.07581282019443591
2483	2	-0.11978140560203343
2483	3	0.029641778323458823
2483	4	0.0704087059817411
2483	5	0.020320973721517532
2483	6	0.013821028251093992
2483	7	-0.0029485935008679576
2483	8	0.0458090870768757
2483	9	0.03347970817135604
2483	10-14	0.03734413284924187
2483	15-19	-0.0012785290419969897
2483	20-24	0.030516304237544034
2483	25-29	0.02100576136772503
2483	30-34	0.008730712317458256
2483	35-39	0.002394813639568838
2483	40-44	0.02813298826192323
2483	45-49	4.809312316851333E-4
2483	50-54	0.0013763836732962886
2483	55-59	-0.02757733326846079
2483	60-64	-0.022698627986926567
2483	65-69	-0.010138312145173245
2483	70-74	-0.009254106264648954
2483	75-79	0.0017095212223168232
2483	80-84	-0.029476590716903672
2483	85-89	-0.01093785925899482
2483	90-94	-0.021727371268937645
2483	95-99	-0.06476215933105323
2483	100-104	-0.07923933982915798
2483	105-109	-0.07541105865166031
2483	110-114	-0.06927665115621551
2483	115-119	-0.038438263077338775
2483	120-124	-0.08332714831859533
2483	125-129	-0.07261637102166674
2483	130-134	-0.027193302657970264
2483	135-139	-0.08209259545201064
2483	140-144	-0.02765171323689941
2483	145-149	-0.07177189559548225
2483	150	-0.07760494755741121
2484	1	0.14241313030083091
2484	2	0.05836824367736426
2484	3	0.04160997520659748
2484	4	0.056097525477206034
2484	5	0.08720252966303832
2484	6	0.07518473251930402
2484	7	0.07717622996514706
2484	8	0.10864081661687663
2484	9	0.024696398932817942
2484	10-14	0.04827428959983138
2484	15-19	0.02999052287135129
2484	20-24	0.04183448779178178
2484	25-29	0.08031189579362774
2484	30-34	0.08182612009279921
2484	35-39	0.09649754736406635
2484	40-44	0.09286781031563152
2484	45-49	0.07754717589790516
2484	50-54	0.09296041904307373
2484	55-59	0.05256053632700741
2484	60-64	0.04950235037465234
2484	65-69	0.057796313317936665
2484	70-74	0.07263105634288536
2484	75-79	0.024603505487270638
2484	80-84	-0.013193048225865311
2484	85-89	0.03268873851419585
2484	90-94	-0.002899781886611663
2484	95-99	0.014731533090028393
2484	100-104	0.01179918553057746
2484	105-109	-0.019528639708163098
2484	110-114	0.030495137125974736
2484	115-119	-0.05280818731758785
2484	120-124	0.01908855223854289
2484	125-129	-0.029874678884453942
2484	130-134	-0.024833358035316166
2484	135-139	-0.06610749221056977
2484	140-144	-0.05338296725683733
2484	145-149	-0.027354369768104903
2484	150	-0.12527785970993222
2485	1	0.0814553056991798
2485	2	0.05411378870832806
2485	3	-0.00510023903178336
2485	4	0.07541821784219138
2485	5	0.025669012750341835
2485	6	0.050227758447292103
2485	7	0.01018886468718705
2485	8	0.0989867167372509
2485	9	0.03655312072130101
2485	10-14	0.03285125925400223
2485	15-19	-3.0715372595579993E-4
2485	20-24	0.03264582523414106
2485	25-29	0.027617269126636756
2485	30-34	0.02519003501525674
2485	35-39	0.0049038992036471996
2485	40-44	-0.0016263421382447518
2485	45-49	-0.02330504178998183
2485	50-54	-0.005589401081465439
2485	55-59	-0.038205141157583
2485	60-64	-0.014234789920251956
2485	65-69	-0.001669140471584285
2485	70-74	-0.013960418259003404
2485	75-79	0.012848696518041436
2485	80-84	-0.05297329399878237
2485	85-89	-0.04944072834733504
2485	90-94	-0.07578542256035092
2485	95-99	0.012544676643123864
2485	100-104	-0.0345033980796714
2485	105-109	-0.03214405499515749
2485	110-114	-0.015277677404931467
2485	115-119	-0.017663926887848902
2485	120-124	-4.5152473759202394E-4
2485	125-129	-0.03479654873431315
2485	130-134	-0.07809545873718093
2485	135-139	-0.07332452217202245
2485	140-144	-0.05165564253648114
2485	145-149	-0.052800506788550194
2485	150	-0.1810719018623601
2486	1	0.14131703523818828
2486	2	0.04123312942799373
2486	3	0.04623706893083579
2486	4	0.08041650155537639
2486	5	0.041352126518745536
2486	6	-0.011489010582245385
2486	7	0.09703770708938464
2486	8	0.02478945546523903
2486	9	0.03185177493343616
2486	10-14	0.023921272703091745
2486	15-19	0.018615801626886253
2486	20-24	0.03526326929880241
2486	25-29	0.013801193690831326
2486	30-34	0.02636156206121143
2486	35-39	0.03905393007212865
2486	40-44	0.020518153223306967
2486	45-49	0.01941117526197189
2486	50-54	-0.012169835452922939
2486	55-59	-0.016575249091140165
2486	60-64	0.01596539076153647
2486	65-69	-0.008560352049769904
2486	70-74	0.013664000710953417
2486	75-79	0.020734033239030225
2486	80-84	0.008665970942082879
2486	85-89	-0.045715370635065256
2486	90-94	-0.0022186608540124553
2486	95-99	-0.008763364735095536
2486	100-104	-0.005667877476703609
2486	105-109	-0.012843264639549545
2486	110-114	-0.012945964120909537
2486	115-119	0.010157943464307095
2486	120-124	0.004767005073183839
2486	125-129	-0.007706073095377519
2486	130-134	-0.036572545549937274
2486	135-139	-0.024671387052976
2486	140-144	-0.038324342940050826
2486	145-149	-0.062112533591935915
2486	150	-0.1759214477442299
2487	1	0.037626153625978986
2487	2	-0.011205095642758067
2487	3	-0.024274036018425704
2487	4	0.017352965521808983
2487	5	-0.049745508992145915
2487	6	0.029470229817114557
2487	7	0.03652181581450975
2487	8	0.028252224761430966
2487	9	-0.041224575257437834
2487	10-14	0.01332973455263442
2487	15-19	-0.013609395244564837
2487	20-24	0.01773028171941604
2487	25-29	0.0484951650426666
2487	30-34	0.043679542141290995
2487	35-39	0.03735631823639807
2487	40-44	0.02403949692664753
2487	45-49	0.004911454908508972
2487	50-54	-4.652025331139953E-4
2487	55-59	0.024233210485434142
2487	60-64	0.05617442817704443
2487	65-69	0.019327834395461707
2487	70-74	0.03553992253624472
2487	75-79	0.027108968381241993
2487	80-84	0.018486959950429593
2487	85-89	0.06692406919083993
2487	90-94	0.009938354763853852
2487	95-99	0.0036034486391471887
2487	100-104	0.013963882202482125
2487	105-109	0.02091012684778093
2487	110-114	0.01411513037366774
2487	115-119	0.005074079174690382
2487	120-124	0.01664510835261268
2487	125-129	0.006164585883794871
2487	130-134	-0.03841953016982558
2487	135-139	-0.023514612913729138
2487	140-144	-0.03944020349956645
2487	145-149	0.004916833769271989
2487	150	-0.07542108110102674
2488	1	0.09324994418339827
2488	2	0.041218173249596646
2488	3	-0.042803948782001555
2488	4	-0.016438233806852054
2488	5	-0.09888723530899313
2488	6	-0.04751450850491068
2488	7	-0.026339842742238773
2488	8	0.017285242152354385
2488	9	0.008542029723741962
2488	10-14	-0.04261716113313696
2488	15-19	-0.05195361747514937
2488	20-24	-0.01708714333429384
2488	25-29	-0.027686526893120345
2488	30-34	-0.011881858401039835
2488	35-39	0.014846243462322661
2488	40-44	-0.025437154960549435
2488	45-49	-0.06339840975916644
2488	50-54	0.010370463576187205
2488	55-59	0.0034686079340957576
2488	60-64	-0.021068989950343564
2488	65-69	0.03342981741160145
2488	70-74	0.017394917808061905
2488	75-79	0.0012376608994557614
2488	80-84	-0.02367628270210531
2488	85-89	-0.03623840787280841
2488	90-94	-0.05017583383718005
2488	95-99	0.028649791034290217
2488	100-104	-0.0017142510757395257
2488	105-109	0.011241240129891139
2488	110-114	0.05804286754965915
2488	115-119	0.01109361969609779
2488	120-124	0.026175672414709084
2488	125-129	-0.019000900304284585
2488	130-134	-0.023949039003063888
2488	135-139	-0.06616625118003583
2488	140-144	-0.06172835143200217
2488	145-149	-0.07568484238506556
2488	150	-0.07570152304465694
>>END_MODULE
>>Per sequence quality scores	pass
#Quality	Count
11	21.0
12	523.0
13	1596.0
14	2415.0
15	3348.0
16	4540.0
17	6256.0
18	8476.0
19	11283.0
20	15453.0
21	22118.0
22	31372.0
23	43270.0
24	57100.0
25	73514.0
26	91096.0
27	113510.0
28	141834.0
29	181319.0
30	232567.0
31	304427.0
32	415657.0
33	590396.0
34	1004292.0
35	2811998.0
36	3.2090119E7
37	7034178.0
>>END_MODULE
>>Per base sequence content	fail
#Base	G	A	T	C
1	30.725088418789	14.583956911034893	16.010081876138845	38.68087279403727
2	26.51985707932061	25.538457638614993	29.77730768773862	18.16437759432578
3	28.21373909487092	26.75873791344376	21.011934865056997	24.015588126628327
4	28.833819453113367	32.244039533277316	16.100079134203547	22.822061879405762
5	28.647409632082255	30.87334778482297	19.453407016471846	21.025835566622934
6	23.271183037576186	31.059887869734702	21.070562442786006	24.598366649903102
7	21.324153100419455	14.19679799017404	38.074377054940314	26.404671854466187
8	23.409490160859995	18.541043212326723	25.296534684921923	32.752931941891354
9	23.844328657272154	19.728277051756578	27.442517309309906	28.984876981661362
10-14	26.505965048037123	24.1426267618797	23.3310849934729	26.020323196610278
15-19	26.269957364852658	23.549001010715244	24.484390170084446	25.696651454347652
20-24	26.39183048527181	24.181416696093795	23.98162148857703	25.445131330057364
25-29	26.385960662339286	24.180500433204678	23.86594716258553	25.567591741870505
30-34	26.219490819240686	24.13732872951552	23.958253836473997	25.684926614769793
35-39	26.224998394663036	24.15623016594146	23.903529682713614	25.715241756681888
40-44	26.304662442881344	23.975337557471917	23.89943604703941	25.820563952607333
45-49	26.19187563903828	24.010909933108383	23.906715148389353	25.890499279463985
50-54	26.27443535133869	23.99164253436284	23.77485782580575	25.959064288492723
55-59	26.241895433959545	23.890177127525998	23.82489902672569	26.043028411788764
60-64	26.206846526088327	23.919959286630053	23.871106757614953	26.002087429666666
65-69	26.23527827558334	23.995156126025062	23.789225687783983	25.980339910607615
70-74	26.26808035692601	23.970987353232953	23.781694303457233	25.9792379863838
75-79	26.1954791502269	23.86676101493414	23.894627366381226	26.04313246845773
80-84	26.20710375588451	23.927765337694893	23.827698351123562	26.03743255529704
85-89	26.288279531627605	23.910723053293516	23.78072102515113	26.020276389927748
90-94	26.207884544268516	23.964070183230106	23.811369119901045	26.016676152600333
95-99	26.2039037683385	23.911461237661342	23.803901246076478	26.08073374792368
100-104	26.19397097429762	23.9614115585154	23.743657566641126	26.10095990054585
105-109	26.204857667447072	23.892015281993583	23.748064801870154	26.155062248689187
110-114	26.16904698679912	24.00182102959504	23.739234316570503	26.089897667035338
115-119	26.302867664069435	23.97458103047871	23.631728584945048	26.09082272050681
120-124	26.26058168837428	24.061655829329904	23.684894266440985	25.99286821585483
125-129	26.305434854661808	24.01069571563594	23.647653809718683	26.036215619983572
130-134	26.333210530555117	24.015234974691648	23.69443036110353	25.9571241336497
135-139	26.349030541663588	23.994334924843123	23.67718782668639	25.979446706806904
140-144	26.425648037731964	24.049776102987007	23.671973186548296	25.85260267273273
145-149	26.52592958051413	23.978288390116592	23.541520239251266	25.954261790118018
150	26.369088318625987	24.04048672150688	23.776355723023393	25.81406923684374
>>END_MODULE
>>Per sequence GC content	pass
#GC Content	Count
0	1039.0
1	914.5
2	797.0
3	910.0
4	1091.0
5	1223.0
6	1226.0
7	1181.5
8	1174.0
9	1180.0
10	1248.5
11	1334.0
12	1462.5
13	1617.0
14	1783.5
15	2203.5
16	3240.0
17	4569.5
18	6248.5
19	9307.5
20	14821.5
21	22156.5
22	33120.0
23	47852.0
24	65780.5
25	88197.0
26	116118.5
27	152098.0
28	194363.0
29	239712.0
30	286286.5
31	337297.5
32	394683.5
33	449773.0
34	504614.0
35	575126.5
36	659559.0
37	746745.5
38	818045.5
39	896109.5
40	979995.5
41	1041024.0
42	1101836.5
43	1164793.0
44	1200693.0
45	1227811.5
46	1254503.0
47	1269073.5
48	1294375.0
49	1320966.0
50	1343729.0
51	1350845.0
52	1350629.5
53	1356789.5
54	1338546.0
55	1329485.5
56	1322684.5
57	1282913.0
58	1268698.0
59	1283051.5
60	1258759.0
61	1210367.0
62	1154944.0
63	1094020.5
64	1033078.5
65	961142.5
66	875127.5
67	787209.5
68	705671.5
69	615490.5
70	527512.0
71	450764.5
72	393465.5
73	345425.0
74	311308.5
75	277632.0
76	236464.0
77	209084.5
78	188708.5
79	166290.5
80	138477.0
81	114710.0
82	97328.0
83	80999.0
84	67079.0
85	54747.5
86	45146.5
87	34227.0
88	23460.0
89	18718.5
90	14140.5
91	9772.0
92	6435.5
93	3642.0
94	2748.5
95	2590.0
96	2042.5
97	1164.0
98	872.5
99	789.5
100	1697.5
>>END_MODULE
>>Per base N content	pass
#Base	N-Count
1	0.06551610836524173
2	0.010818525678698001
3	0.0
4	0.0
5	0.0
6	0.0
7	0.0
8	0.0
9	0.0
10-14	0.0
15-19	0.0
20-24	0.0
25-29	0.0
30-34	1.8104471543943593E-5
35-39	1.4130319253809633E-5
40-44	7.771675589595298E-5
45-49	1.7662899067262043E-5
50-54	0.0
55-59	0.0
60-64	8.434034304617625E-5
65-69	1.1039311917038777E-5
70-74	3.400108070447943E-4
75-79	1.333548879578284E-4
80-84	3.9741522901339596E-5
85-89	0.0
90-94	1.3247174300446532E-6
95-99	1.3247174300446532E-6
100-104	1.4571891730491186E-5
105-109	3.488422565784253E-4
110-114	1.2982230814437601E-4
115-119	3.488422565784253E-5
120-124	8.83144953363102E-7
125-129	8.83144953363102E-7
130-134	4.41572476681551E-7
135-139	9.714594486994123E-6
140-144	1.5101778702509048E-4
145-149	9.714594486994122E-5
150	2.2078623834077554E-6
>>END_MODULE
>>Sequence Length Distribution	pass
#Length	Count
150	4.5292678E7
>>END_MODULE
>>Sequence Duplication Levels	fail
#Total Deduplicated Percentage	36.23031145583651
#Duplication Level	Percentage of total
1	23.199008283275635
2	12.067916190010486
3	7.590281464510729
4	5.123330032687646
5	3.722265676092566
6	2.916162514166468
7	2.3692471523932235
8	2.0309806710756972
9	1.6617351573874135
>10	19.042465685371287
>50	5.523546254090593
>100	9.543561730575167
>500	2.623097722374678
>1k	2.3535601746317814
>5k	0.20602044069253236
>10k+	0.026820850664135164
>>END_MODULE
>>Overrepresented sequences	pass
>>END_MODULE
>>Adapter Content	pass
#Position	Illumina Universal Adapter	Illumina Small RNA 3' Adapter	Illumina Small RNA 5' Adapter	Nextera Transposase Sequence	PolyA	PolyG
1	4.636511005156286E-5	4.835218619662984E-4	0.0	1.9870761450669798E-5	0.0023028004658942887	0.022182393366097716
2	9.273022010312572E-5	0.0013666668153294005	0.0	7.948304580267919E-5	0.00741620974586665	0.02274981399863351
3	3.2897149512775553E-4	0.0014174476501477788	0.0	8.610663295290246E-5	0.009378999404716145	0.022880077879254567
4	7.109316874572972E-4	0.0014306948244482253	0.0	1.0156166963675674E-4	0.011551535989989375	0.02303462824609311
5	8.102854947106461E-4	0.0014726442097329727	0.0	1.0156166963675674E-4	0.013902909428318634	0.02314060564049668
6	9.736673110828201E-4	0.0015035542831006814	0.0	1.0156166963675674E-4	0.015660367885511207	0.023343728979770197
7	0.0010421110449684605	0.002227733144858425	0.0	1.0597739440357225E-4	0.017985246975239573	0.02357555453002801
8	0.001143672714605217	0.002274098254909988	0.0	1.1922456870401878E-4	0.024869361886704956	0.023913357474689395
9	0.001271728732842867	0.0022961768787440654	0.0	1.236402934708343E-4	0.03464136079566768	0.024414542235722956
10-11	0.0016018041591623264	0.0023348144704537013	0.0	1.324717430044653E-4	0.043384495833962394	0.024949948863699337
12-13	0.001973828970766533	0.0023602048878628903	3.3117935751116333E-6	1.5675822922195062E-4	0.050096397479521965	0.02558802109250418
14-15	0.0023591009566711865	0.002405466066722749	6.623587150223266E-6	2.0312333927351346E-4	0.061678843542879044	0.026292329192811253
16-17	0.002794049846202514	0.00245403903915772	6.623587150223266E-6	2.406569997914453E-4	0.07537531783834905	0.026922673903274165
18-19	0.0033912766209143116	0.002471701938224982	6.623587150223266E-6	2.5500810528359573E-4	0.08508991232534319	0.027427170457882837
20-21	0.004158508799148508	0.0025313142225769913	6.623587150223266E-6	2.715670731591539E-4	0.0961645500405165	0.027990175365651817
22-23	0.005188476601008225	0.0025854068509704813	8.831449533631022E-6	2.79294591501081E-4	0.10754056097102493	0.0285542842046125
24-25	0.006538584448462067	0.002622940511488413	8.831449533631022E-6	2.8481424745960043E-4	0.11685884416019737	0.02916365422243304
26-27	0.00815915543788336	0.002678137071073607	8.831449533631022E-6	2.8812604103471207E-4	0.1275426902335075	0.02976971244667847
28-29	0.00991330210150082	0.002721190387550058	9.935380725334899E-6	2.914378346098237E-4	0.13746261592215855	0.03045194192315146
30-31	0.011937911907085732	0.0027554122544928786	1.3247174300446532E-5	2.9806142176004694E-4	0.14665284309309334	0.031173912922525797
32-33	0.014027653652981174	0.0028492464057877083	1.3247174300446532E-5	3.0026928414345473E-4	0.1565495862267186	0.03190029964666695
34-35	0.016216749206129963	0.0028945075846475675	1.3247174300446532E-5	3.113085960604935E-4	0.16550246819143705	0.032745910939512124
36-37	0.0184477941445635	0.003026979327652032	1.3247174300446532E-5	3.168282520190129E-4	0.17345077277170495	0.03371185073225302
38-39	0.020707541293981335	0.003131852790863901	1.3247174300446532E-5	3.2234790797753225E-4	0.181174979320057	0.034588372098465894
40-41	0.023104175911170456	0.0032190633550085073	1.3247174300446532E-5	3.322832887028671E-4	0.18976246006032144	0.03536664358861713
42-43	0.025637697996130852	0.0034729675291003993	1.3247174300446532E-5	3.742326739876145E-4	0.1975462788930255	0.03611400500540066
44-45	0.028057515168345752	0.00400285450111826	1.3247174300446532E-5	3.8085626113783775E-4	0.2052627579230356	0.03701150106425591
46-47	0.030498307033203026	0.004422348353965734	1.3247174300446532E-5	3.863759170963572E-4	0.21338769149397613	0.03801166272393962
48-49	0.033053907741997506	0.004859505105880469	1.3247174300446532E-5	3.9631129782169205E-4	0.22096065946906474	0.03896987499833858
50-51	0.035650353904885024	0.00521828274318423	1.7662899067262043E-5	4.23909577614289E-4	0.22849940557721052	0.03981879808475887
52-53	0.0381485501917109	0.006081556935096662	2.0974692642373676E-5	4.746904124326674E-4	0.23728669786317338	0.040749412079365235
54-55	0.040675448689521075	0.006400593049499082	2.2078623834077553E-5	5.111201417588953E-4	0.24772767907430865	0.04170431256018909
56-57	0.043231049398315555	0.00647676430172665	2.2078623834077553E-5	6.292407792712102E-4	0.25669380821332755	0.04276960616018333
58-59	0.0458065208685607	0.006609236044731116	2.2078623834077553E-5	6.910609260066273E-4	0.26465204817432075	0.04381061327396009
60-61	0.048450436072691484	0.006676575847425052	2.4286486217485308E-5	7.804793525346415E-4	0.2727703581581111	0.0448372692822447
62-63	0.051128573143765094	0.006884114911465381	2.6494348600893063E-5	8.732095726377672E-4	0.2813467995864586	0.04596769482254946
64-65	0.05393807802665146	0.007028729897578589	3.5325798134524086E-5	9.880184165749705E-4	0.28913834593750454	0.0471731876838901
66-67	0.05685907995989992	0.007399650777991092	3.5325798134524086E-5	0.0010862682926366155	0.29706236403155495	0.04841290241217355
68-69	0.059856253145375946	0.007429456920167096	3.5325798134524086E-5	0.0012121164484908576	0.30548867081783065	0.049692358663358346
70-71	0.06319674893147188	0.0076226448787152755	3.5325798134524086E-5	0.0012695208704594594	0.3139315365719819	0.05116500287309132
72-73	0.06704505306575159	0.007895315883066132	3.5325798134524086E-5	0.0013291331548114685	0.3218036699000223	0.05268070039930074
74-75	0.07128414884189449	0.007967071410526884	3.5325798134524086E-5	0.0013865375767800703	0.32970560937023863	0.05442270381980946
76-77	0.07590410087917521	0.008021164038920375	3.5325798134524086E-5	0.0014240712372980023	0.3389775274493595	0.056533420258347275
78-79	0.08093029959500297	0.008047658387521268	3.5325798134524086E-5	0.0014582931042408224	0.3480628811570824	0.058432181908077946
80-81	0.0865459975672006	0.008084088116847497	3.6429729326227964E-5	0.0014770599344997883	0.3554349336552809	0.060411530534803
82-83	0.09358135105192941	0.008203312685551516	3.753366051793184E-5	0.0014847874528417155	0.3643767763080823	0.062425101028470875
84-85	0.10174161042100446	0.008493646588969634	3.753366051793184E-5	0.0015101778702509045	0.37528913613807513	0.06442100862307149
86-87	0.11085235454613657	0.008663651992492031	4.194938528474735E-5	0.001562062636260987	0.38622688638547714	0.0665339329239927
88-89	0.12064753601012508	0.008712224964927002	4.4157247668155106E-5	0.0015907648472452875	0.3957891383680161	0.06876387393123454
90-91	0.13248167838519065	0.008764109730937084	4.4157247668155106E-5	0.0016260906453798118	0.4054032751165652	0.07129849994738663
92-93	0.14652699493723909	0.008819306290522279	4.636511005156286E-5	0.0016437535444470738	0.4140823821457411	0.07392916797721698
94-95	0.16271062620761795	0.008854632088656802	4.8572972434970616E-5	0.0016625203747060396	0.42383451029325314	0.07677731045181299
96-97	0.1805214520545683	0.008920867960159035	5.188476601008225E-5	0.0016801832737733018	0.4324054320656421	0.07999968560039661
98-99	0.20013830933114618	0.008974960588552525	5.2988697201786126E-5	0.0016912225856903404	0.440077753847984	0.08353447327623242
100-101	0.2216064592162115	0.009033468941712832	5.2988697201786126E-5	0.0017088854847576024	0.44808015105664545	0.08743466217652221
102-103	0.2463179589425028	0.009149381716841737	5.7404421968601636E-5	0.001759666319575981	0.4564170394163931	0.09173557809940053
104-105	0.27359609868950563	0.009174772134250928	6.402800911882491E-5	0.0018016157048607283	0.46410812802899404	0.09632682792569695
106-107	0.3036727040074778	0.009194642895701596	6.402800911882491E-5	0.001812655016777767	0.4718842193433561	0.10111016177934985
108-109	0.3355553407550774	0.009243215868136567	6.402800911882491E-5	0.001867851576362961	0.4806141072073504	0.10612090545849376
110-111	0.37071223741727083	0.009281853459846202	7.065159626904817E-5	0.0019451267597822325	0.48829746830160936	0.11142639876582258
112-113	0.4090252733565456	0.009433092033109634	7.065159626904817E-5	0.001964997521232902	0.49561542817141435	0.11705092818755385
114-115	0.4514416215353837	0.009450754932176897	7.065159626904817E-5	0.0019771407643416447	0.5033550897564503	0.12297241509985345
116-117	0.4978464731098479	0.009473937487202677	7.065159626904817E-5	0.002010258700092761	0.5115440513365096	0.12926371896137384
118-119	0.5476922782088531	0.009481665005544605	7.065159626904817E-5	0.0020334412551185426	0.5207640846496204	0.1355638542724279
120-121	0.6002692090761337	0.009502639698186977	7.065159626904817E-5	0.002100781057812479	0.5292235093716473	0.14183087164773078
122-123	0.6571812777332353	0.009589850262331584	7.065159626904817E-5	0.0021537697550142653	0.5372347380298423	0.1486399192381603
124-125	0.7192575365051279	0.009683684413626416	7.285945865245593E-5	0.0022045505898326432	0.5455793539079319	0.15543682358548105
126-127	0.7875202256753289	0.009720114142952641	7.285945865245593E-5	0.0023039043970859924	0.5548302972944104	0.1623352896024386
128-129	0.8596003089064418	0.009749920285128647	7.285945865245593E-5	0.0023138397778113273	0.5638770134104236	0.1695042187613636
130-131	0.936373203633488	0.009780830358496355	7.506732103586368E-5	0.002327086952111774	0.5739724641585556	0.17711361646577842
132-133	1.0192585653689985	0.009818364019014286	7.727518341927144E-5	0.002353581300712667	0.5839431706820251	0.18495152792687594
134-135	1.1086725761722458	0.009837130849273254	7.727518341927144E-5	0.002363516681438002	0.5930550187383488	0.19295502906672907
136-137	1.2063395765646712	0.009851481954765404	7.727518341927144E-5	0.002369036337396521	0.6007582505940585	0.2010832744312447
138-139	1.3100594316812089	0.00986141733549074	7.727518341927144E-5	0.0023878031676554876	0.6081247834362984	0.20992576327679277
>>END_MODULE
