##FastQC	0.12.1
>>Basic Statistics	pass
#Measure	Value
Filename	Control_siRNA_P2_1_fastq_gz.gz
File type	Conventional base calls
Encoding	Sanger / Illumina 1.9
Total Sequences	39989452
Total Bases	5.9 Gbp
Sequences flagged as poor quality	0
Sequence length	150
%GC	51
>>END_MODULE
>>Per base sequence quality	pass
#Base	Mean	Median	Lower Quartile	Upper Quartile	10th Percentile	90th Percentile
1	36.536675796407515	37.0	37.0	37.0	37.0	37.0
2	36.531471148941975	37.0	37.0	37.0	37.0	37.0
3	36.61279484400036	37.0	37.0	37.0	37.0	37.0
4	36.62829853232297	37.0	37.0	37.0	37.0	37.0
5	36.63913021363734	37.0	37.0	37.0	37.0	37.0
6	36.61986135743996	37.0	37.0	37.0	37.0	37.0
7	36.603480862903545	37.0	37.0	37.0	37.0	37.0
8	36.65879712480181	37.0	37.0	37.0	37.0	37.0
9	36.64588141893017	37.0	37.0	37.0	37.0	37.0
10-14	36.64634668161994	37.0	37.0	37.0	37.0	37.0
15-19	36.628171028700265	37.0	37.0	37.0	37.0	37.0
20-24	36.603206465544964	37.0	37.0	37.0	37.0	37.0
25-29	36.56177978132833	37.0	37.0	37.0	37.0	37.0
30-34	36.51996566494584	37.0	37.0	37.0	37.0	37.0
35-39	36.49159901466017	37.0	37.0	37.0	37.0	37.0
40-44	36.46148889462151	37.0	37.0	37.0	37.0	37.0
45-49	36.436085935861286	37.0	37.0	37.0	37.0	37.0
50-54	36.41150726446564	37.0	37.0	37.0	37.0	37.0
55-59	36.38298651354362	37.0	37.0	37.0	37.0	37.0
60-64	36.35963458564024	37.0	37.0	37.0	37.0	37.0
65-69	36.32062856975384	37.0	37.0	37.0	37.0	37.0
70-74	36.30088244270014	37.0	37.0	37.0	37.0	37.0
75-79	36.269436480399875	37.0	37.0	37.0	37.0	37.0
80-84	36.242504278378206	37.0	37.0	37.0	37.0	37.0
85-89	36.210981295767695	37.0	37.0	37.0	37.0	37.0
90-94	36.19682492273213	37.0	37.0	37.0	37.0	37.0
95-99	36.16881438635368	37.0	37.0	37.0	37.0	37.0
100-104	36.14221680257084	37.0	37.0	37.0	37.0	37.0
105-109	36.12306547236506	37.0	37.0	37.0	37.0	37.0
110-114	36.08480508310041	37.0	37.0	37.0	37.0	37.0
115-119	36.04317459514074	37.0	37.0	37.0	37.0	37.0
120-124	36.00605680718005	37.0	37.0	37.0	37.0	37.0
125-129	35.98649030249277	37.0	37.0	37.0	37.0	37.0
130-134	35.93976363567073	37.0	37.0	37.0	37.0	37.0
135-139	35.90762854164643	37.0	37.0	37.0	37.0	37.0
140-144	35.87045962020185	37.0	37.0	37.0	37.0	37.0
145-149	35.82006215539038	37.0	37.0	37.0	37.0	37.0
150	35.766892829639175	37.0	37.0	37.0	37.0	37.0
>>END_MODULE
>>Per tile sequence quality	pass
#Tile	Base	Mean
1101	1	0.03852042018714741
1101	2	-0.06016055576052537
1101	3	-0.038885180911627515
1101	4	-0.09903291503169953
1101	5	-0.05829561871949096
1101	6	-0.006722376690731835
1101	7	-0.02633845667153878
1101	8	-0.04730048395310149
1101	9	-0.0364808971915096
1101	10-14	-0.05220786630435015
1101	15-19	-0.047942542096947705
1101	20-24	-0.07934289917292858
1101	25-29	-0.09876293499829103
1101	30-34	-0.08711298266523926
1101	35-39	-0.0858386356520171
1101	40-44	-0.09502371998987513
1101	45-49	-0.09374143191455886
1101	50-54	-0.1262375442971262
1101	55-59	-0.12226293110046527
1101	60-64	-0.13242655158751404
1101	65-69	-0.15541269464603857
1101	70-74	-0.09034252632130091
1101	75-79	-0.12703047344560048
1101	80-84	-0.13396677828780668
1101	85-89	-0.17161348291438827
1101	90-94	-0.160332352399422
1101	95-99	-0.18127165110603727
1101	100-104	-0.1567713794612331
1101	105-109	-0.18837259592584843
1101	110-114	-0.1716581386373619
1101	115-119	-0.2521636007478065
1101	120-124	-0.22832432255408008
1101	125-129	-0.22061349068164304
1101	130-134	-0.23271295647137435
1101	135-139	-0.15430153161798188
1101	140-144	-0.15340698059869595
1101	145-149	-0.25899254603390176
1101	150	-0.2527282646849258
1102	1	-0.024473294856385053
1102	2	-0.06793891013980868
1102	3	-0.09951482976130421
1102	4	-0.03348197228822869
1102	5	-0.01168603560238779
1102	6	-0.054364076511980386
1102	7	-0.042238243328981184
1102	8	-0.0578032804704236
1102	9	-0.05859356512669933
1102	10-14	-0.0726749135280258
1102	15-19	-0.05878207389652346
1102	20-24	-0.07011323879122244
1102	25-29	-0.10034109333306418
1102	30-34	-0.05805284312766901
1102	35-39	-0.09545058283531915
1102	40-44	-0.11277266769211991
1102	45-49	-0.1023149197771005
1102	50-54	-0.08858488904716211
1102	55-59	-0.13095808188175795
1102	60-64	-0.1190937948556865
1102	65-69	-0.17686111764091095
1102	70-74	-0.1291610698258765
1102	75-79	-0.1623023410578881
1102	80-84	-0.15554781963013653
1102	85-89	-0.20539108771171755
1102	90-94	-0.23017321038246763
1102	95-99	-0.20232164245701512
1102	100-104	-0.215207636164223
1102	105-109	-0.21257890394637968
1102	110-114	-0.1555058005182346
1102	115-119	-0.24263468418204326
1102	120-124	-0.22577170766624022
1102	125-129	-0.20820358466769306
1102	130-134	-0.2986225453544975
1102	135-139	-0.12451199116938483
1102	140-144	-0.1624238750229594
1102	145-149	-0.24354798626916363
1102	150	-0.17871281176444143
1103	1	-0.09074484664556337
1103	2	-0.10408379750515451
1103	3	-0.044714670469602424
1103	4	-0.06694916328001455
1103	5	-0.03230233610697297
1103	6	-0.07132569718311288
1103	7	-0.08575906308974623
1103	8	-0.06852275723654344
1103	9	-0.09316074521818507
1103	10-14	-0.05049379780288632
1103	15-19	-0.05052398947458414
1103	20-24	-0.09656371248365048
1103	25-29	-0.14979603590850843
1103	30-34	-0.10171514955221994
1103	35-39	-0.12340929398247624
1103	40-44	-0.11148203795757183
1103	45-49	-0.12395948224580167
1103	50-54	-0.1355242757548183
1103	55-59	-0.13237910483722004
1103	60-64	-0.16890153064296243
1103	65-69	-0.15681672696968718
1103	70-74	-0.2017591915695931
1103	75-79	-0.18478937748265167
1103	80-84	-0.18252055426520286
1103	85-89	-0.17116129796686153
1103	90-94	-0.1600912299602868
1103	95-99	-0.19983756830743005
1103	100-104	-0.17851483653292632
1103	105-109	-0.20756081704742257
1103	110-114	-0.1958506243165843
1103	115-119	-0.2282468267580242
1103	120-124	-0.24027136261067028
1103	125-129	-0.2019733550479117
1103	130-134	-0.28615160830381114
1103	135-139	-0.10909219006190085
1103	140-144	-0.10194581644064726
1103	145-149	-0.21447218111637056
1103	150	-0.2602553507722547
1104	1	0.011325905583582596
1104	2	-0.12161534186943612
1104	3	-0.06405659955007792
1104	4	-0.030562425844586016
1104	5	-0.012789153608473214
1104	6	-0.020671476769059893
1104	7	-0.0768603567900783
1104	8	-0.08035757882080219
1104	9	-0.10302735090952808
1104	10-14	-0.06891771748323805
1104	15-19	-0.08693673250253653
1104	20-24	-0.07650943389855769
1104	25-29	-0.12030982851978678
1104	30-34	-0.10254551890713515
1104	35-39	-0.09942604973327462
1104	40-44	-0.10974004675129123
1104	45-49	-0.1434915397711265
1104	50-54	-0.11030321323820402
1104	55-59	-0.12708987890626133
1104	60-64	-0.14447620330505373
1104	65-69	-0.18223308309722341
1104	70-74	-0.16035768906951375
1104	75-79	-0.16054148738108154
1104	80-84	-0.16842173612949551
1104	85-89	-0.16141844054665455
1104	90-94	-0.19677509627044998
1104	95-99	-0.18505592959797923
1104	100-104	-0.16784713875050983
1104	105-109	-0.1963619820020952
1104	110-114	-0.2003344558487541
1104	115-119	-0.2475910687782843
1104	120-124	-0.2502295930751117
1104	125-129	-0.2235680275685894
1104	130-134	-0.23861666883152566
1104	135-139	-0.1570214438248314
1104	140-144	-0.16045045412462144
1104	145-149	-0.22373431856755133
1104	150	-0.2584848732556466
1105	1	-0.05661756007848595
1105	2	-0.01847161617511972
1105	3	-0.11274367052816103
1105	4	-0.04273797312767158
1105	5	-0.02939916262975828
1105	6	-0.14185375895365837
1105	7	-0.05817195588686275
1105	8	-0.13381968339543704
1105	9	-0.06540493815131754
1105	10-14	-0.11254794302011817
1105	15-19	-0.09567234456691409
1105	20-24	-0.1133911279633395
1105	25-29	-0.11644006527716044
1105	30-34	-0.12160752719803014
1105	35-39	-0.1197555380947648
1105	40-44	-0.15068260697764657
1105	45-49	-0.17948299895884645
1105	50-54	-0.16650582579699602
1105	55-59	-0.14311355157364858
1105	60-64	-0.17024604216206995
1105	65-69	-0.22178330855851414
1105	70-74	-0.20802081218255353
1105	75-79	-0.20047097772684452
1105	80-84	-0.1873458503178611
1105	85-89	-0.19969806781801225
1105	90-94	-0.23263807476888587
1105	95-99	-0.2064283816279513
1105	100-104	-0.16110112303377377
1105	105-109	-0.24868173285490514
1105	110-114	-0.2066287458399998
1105	115-119	-0.21643985203851912
1105	120-124	-0.2115606615199468
1105	125-129	-0.2765018353285029
1105	130-134	-0.3288990499691735
1105	135-139	-0.20329788966959228
1105	140-144	-0.19157747000647873
1105	145-149	-0.2717095252669708
1105	150	-0.23896509197754767
1106	1	-0.07268782701651588
1106	2	-0.11139152861692736
1106	3	-0.13569352650926447
1106	4	-0.11968244102154557
1106	5	-0.06440198483730342
1106	6	-0.11322721043426753
1106	7	-0.04502876863912775
1106	8	-0.08732272043126699
1106	9	-0.17191726186975131
1106	10-14	-0.08111154224157957
1106	15-19	-0.0802577354397016
1106	20-24	-0.10546455549006595
1106	25-29	-0.08388852008601333
1106	30-34	-0.12322352773149703
1106	35-39	-0.12480530329703754
1106	40-44	-0.19299188450906968
1106	45-49	-0.1400228386688056
1106	50-54	-0.1697458903140543
1106	55-59	-0.17633377196359135
1106	60-64	-0.21191558778782849
1106	65-69	-0.2298114781387781
1106	70-74	-0.17224531755137917
1106	75-79	-0.2223843493154618
1106	80-84	-0.2283735003849472
1106	85-89	-0.26038466941429306
1106	90-94	-0.24353151213728097
1106	95-99	-0.25094686714648873
1106	100-104	-0.2545140764343543
1106	105-109	-0.24972650533910468
1106	110-114	-0.21860714288758487
1106	115-119	-0.22063920700980333
1106	120-124	-0.2281664030274939
1106	125-129	-0.25124989980488976
1106	130-134	-0.3073436506380318
1106	135-139	-0.20520688192986114
1106	140-144	-0.22531963917860764
1106	145-149	-0.3114118846419345
1106	150	-0.35715718133097596
1107	1	-0.09165196219851168
1107	2	-0.021709839298857503
1107	3	-0.07327618149174242
1107	4	-0.038911089925136366
1107	5	-0.02895796391585037
1107	6	0.0033911810115512253
1107	7	-0.08891219771401637
1107	8	-0.05395406289840565
1107	9	-0.11329349055012727
1107	10-14	-0.07961405929079035
1107	15-19	-0.062327797531715134
1107	20-24	-0.08421570725985106
1107	25-29	-0.09791761392874321
1107	30-34	-0.0746575355668142
1107	35-39	-0.08293327360977543
1107	40-44	-0.09208506412968376
1107	45-49	-0.09715906474652769
1107	50-54	-0.11909728147774246
1107	55-59	-0.11019588385294554
1107	60-64	-0.13593296793399645
1107	65-69	-0.12219729093047249
1107	70-74	-0.1766324515783566
1107	75-79	-0.1139178657941855
1107	80-84	-0.1330870143712346
1107	85-89	-0.16602080811483688
1107	90-94	-0.18611278135158926
1107	95-99	-0.11275440305868756
1107	100-104	-0.1257057250611524
1107	105-109	-0.15556139821718773
1107	110-114	-0.13370618486756314
1107	115-119	-0.233470691378173
1107	120-124	-0.13780361620948867
1107	125-129	-0.19350754459632924
1107	130-134	-0.22580160266290505
1107	135-139	-0.13072558500018516
1107	140-144	-0.18380518923434863
1107	145-149	-0.23019267887286787
1107	150	-0.15979801635452162
1108	1	0.0037799823082096395
1108	2	-0.06791434207271152
1108	3	-0.09310746605014941
1108	4	-0.06810682410469582
1108	5	0.014356469870357103
1108	6	-0.021699000509542543
1108	7	-0.025555935189785828
1108	8	-0.05019745573606116
1108	9	-0.029975074195419893
1108	10-14	-0.04577552584575528
1108	15-19	-0.044459504979109
1108	20-24	-0.054433697571525386
1108	25-29	-0.03805184202187917
1108	30-34	-0.03434422134840531
1108	35-39	-0.03660912901758451
1108	40-44	-0.08840005846476373
1108	45-49	-0.06260529306938878
1108	50-54	-0.05001438203136388
1108	55-59	-0.06796246320674015
1108	60-64	-0.07978058808451749
1108	65-69	-0.06995576039079765
1108	70-74	-0.09500370816697767
1108	75-79	-0.09247225227444744
1108	80-84	-0.07994217986496466
1108	85-89	-0.1465376687728437
1108	90-94	-0.10355293602211901
1108	95-99	-0.0940503124877381
1108	100-104	-0.10649072650106461
1108	105-109	-0.14913454007653115
1108	110-114	-0.15031090635315536
1108	115-119	-0.19314883299685448
1108	120-124	-0.14208560700885187
1108	125-129	-0.12214857900966081
1108	130-134	-0.19091922200961875
1108	135-139	-0.09930224867875381
1108	140-144	-0.07414563646596406
1108	145-149	-0.12992772744102865
1108	150	-0.20652776153957575
1109	1	-0.015330508344419513
1109	2	-0.03145931057903084
1109	3	0.016608582495067026
1109	4	0.0044141808999142995
1109	5	-0.0028937769417751724
1109	6	-0.04947406470820681
1109	7	0.027498649931992247
1109	8	-0.043636557977308144
1109	9	-0.010355594793281853
1109	10-14	-0.013745570897924608
1109	15-19	-0.043017573097557715
1109	20-24	-0.05636201338944602
1109	25-29	-0.056678407055464675
1109	30-34	-0.02831156915821964
1109	35-39	-0.04558551085092688
1109	40-44	-0.038548567170458625
1109	45-49	-0.061228963141665815
1109	50-54	-0.05952943972251035
1109	55-59	-0.046133331127961696
1109	60-64	-0.051038035542234184
1109	65-69	-0.061093725432009194
1109	70-74	-0.05993185477071705
1109	75-79	-0.07782249547518916
1109	80-84	-0.12555659735760827
1109	85-89	-0.12180287585066907
1109	90-94	-0.11579273410765012
1109	95-99	-0.08847681544295938
1109	100-104	-0.13070742319334983
1109	105-109	-0.0959844083546244
1109	110-114	-0.12964121037618526
1109	115-119	-0.1510995492363847
1109	120-124	-0.08207757767621615
1109	125-129	-0.09101603865535424
1109	130-134	-0.1477243740808376
1109	135-139	-0.08644178399941183
1109	140-144	-0.10392606717135067
1109	145-149	-0.08856647987541777
1109	150	-0.12665539269270454
1110	1	0.007622360341500212
1110	2	-0.05574761889759117
1110	3	-0.05392442472967218
1110	4	-0.13424404395959755
1110	5	-0.04150798544523582
1110	6	-0.0921552777325445
1110	7	-0.032279417465232996
1110	8	-0.0485293734046266
1110	9	-0.10260930934068568
1110	10-14	-0.05655478728221652
1110	15-19	-0.041555411443638945
1110	20-24	-0.08500348000018931
1110	25-29	-0.08998404132699989
1110	30-34	-0.07835321859700883
1110	35-39	-0.09714629405732467
1110	40-44	-0.07772924600707398
1110	45-49	-0.05281017658124654
1110	50-54	-0.08953205578895762
1110	55-59	-0.09018746294093205
1110	60-64	-0.113826857286071
1110	65-69	-0.10067689884517961
1110	70-74	-0.0918647363530809
1110	75-79	-0.0952593910288968
1110	80-84	-0.11875030432375411
1110	85-89	-0.10078758105675689
1110	90-94	-0.09187397335195868
1110	95-99	-0.11938597861609423
1110	100-104	-0.13850710962130108
1110	105-109	-0.12480839453989034
1110	110-114	-0.10254222637096433
1110	115-119	-0.13841297950457232
1110	120-124	-0.08653617353073173
1110	125-129	-0.08550846540994428
1110	130-134	-0.127092697846642
1110	135-139	-0.06070863582743158
1110	140-144	-0.12679976573761564
1110	145-149	-0.08137207173226813
1110	150	-0.09625889549296573
1111	1	0.03466326429521871
1111	2	-0.0195446712955345
1111	3	-0.04454463181366464
1111	4	0.004752892177293688
1111	5	-0.019851001194524542
1111	6	-0.015875655484883566
1111	7	-0.07665715059086864
1111	8	-0.005311008001413597
1111	9	-0.07869232069415233
1111	10-14	-0.06269361114792105
1111	15-19	-0.048259326486594034
1111	20-24	-0.07636910299970623
1111	25-29	-0.09169627359928967
1111	30-34	-0.05905722251721102
1111	35-39	-0.04842229515747931
1111	40-44	-0.07575972610037951
1111	45-49	-0.062361622698212216
1111	50-54	-0.1300319302798627
1111	55-59	-0.11259130435990272
1111	60-64	-0.12110436689742698
1111	65-69	-0.09117022764657179
1111	70-74	-0.0712847522308806
1111	75-79	-0.07326090194217727
1111	80-84	-0.0897541488654312
1111	85-89	-0.10036555823451465
1111	90-94	-0.09424432966567764
1111	95-99	-0.09256902131681244
1111	100-104	-0.09642043988797155
1111	105-109	-0.11591848342915512
1111	110-114	-0.136682525118637
1111	115-119	-0.17300129166549993
1111	120-124	-0.10684661937025197
1111	125-129	-0.16294534154268092
1111	130-134	-0.14711129000694712
1111	135-139	-0.13928386141351012
1111	140-144	-0.13628023015728985
1111	145-149	-0.1448046793548201
1111	150	-0.17678829164410104
1112	1	0.01961922494034951
1112	2	-0.007104195269661773
1112	3	-0.013510709986448433
1112	4	-0.012497112541701938
1112	5	0.0024123207118194046
1112	6	-0.02544686164947052
1112	7	-0.031338677266056436
1112	8	-0.03230582984999586
1112	9	-0.008173927249629287
1112	10-14	-0.05621833093272954
1112	15-19	-0.05895686384390331
1112	20-24	-0.03687097334525191
1112	25-29	-0.09226240885690373
1112	30-34	-0.05856430684248437
1112	35-39	-0.03881886756725805
1112	40-44	-0.0504490027498079
1112	45-49	-0.050329829769445666
1112	50-54	-0.0684121087168279
1112	55-59	-0.05046288923444564
1112	60-64	-0.08170198777797566
1112	65-69	-0.08236622805390681
1112	70-74	-0.06268901365869795
1112	75-79	-0.1223027293202179
1112	80-84	-0.0810020161497107
1112	85-89	-0.10475757900724147
1112	90-94	-0.10783390829478634
1112	95-99	-0.15119989687273971
1112	100-104	-0.12762479862929865
1112	105-109	-0.11808724987876928
1112	110-114	-0.07914518222965228
1112	115-119	-0.09209603311681036
1112	120-124	-0.11315139053380818
1112	125-129	-0.11297592183972682
1112	130-134	-0.16545703961016045
1112	135-139	-0.04056953236518979
1112	140-144	-0.0661731888981123
1112	145-149	-0.06938146355314245
1112	150	-0.16033985500241954
1113	1	-0.05256913738310942
1113	2	-0.060153243949990554
1113	3	-0.06642951633092053
1113	4	-0.048367447129386676
1113	5	-0.006858219227780182
1113	6	0.012049299683880577
1113	7	-0.02941069782529837
1113	8	-0.0658666844802056
1113	9	-0.01810240527805007
1113	10-14	-0.02865094525654399
1113	15-19	-0.03466523958685741
1113	20-24	-0.03476479762632323
1113	25-29	-0.08171639881717141
1113	30-34	-0.048639805134016
1113	35-39	-0.0706274151431856
1113	40-44	-0.0587663330819268
1113	45-49	-0.09922535035573077
1113	50-54	-0.04183532672279
1113	55-59	-0.04029967737271534
1113	60-64	-0.05723267916417285
1113	65-69	-0.10879131463261871
1113	70-74	-0.05350660754106684
1113	75-79	-0.03185270097703352
1113	80-84	-0.04291785948103666
1113	85-89	-0.0669333117528268
1113	90-94	-0.061629546759917275
1113	95-99	-0.08669854673948407
1113	100-104	-0.040556261338231536
1113	105-109	-0.09096259290332398
1113	110-114	-0.1383412405775104
1113	115-119	-0.12709167255817277
1113	120-124	-0.04898750376916183
1113	125-129	-0.10068614073792759
1113	130-134	-0.09584126104880397
1113	135-139	-0.035109854600676726
1113	140-144	-0.001997575561183851
1113	145-149	-0.023427324451112952
1113	150	0.047068564783629085
1114	1	-0.11578157267766187
1114	2	-0.011023868943809134
1114	3	-0.08361744312566088
1114	4	-0.07407137948045772
1114	5	-0.009998984253662968
1114	6	-0.010052459112543488
1114	7	-0.08718865410836685
1114	8	-0.14082066062332643
1114	9	-0.029873980036505543
1114	10-14	-0.0625165067227158
1114	15-19	-0.07701238905187324
1114	20-24	-0.06498096062076542
1114	25-29	-0.07096139193632212
1114	30-34	-0.061420720675400275
1114	35-39	-0.06535312883211475
1114	40-44	-0.06802439539477234
1114	45-49	-0.08812769625289718
1114	50-54	-0.0851779433184916
1114	55-59	-0.06848612859614889
1114	60-64	-0.08595020337006076
1114	65-69	-0.07428277869331623
1114	70-74	-0.12361625026846212
1114	75-79	-0.12605161277798516
1114	80-84	-0.1231594032026706
1114	85-89	-0.1314120525133191
1114	90-94	-0.09828099920750333
1114	95-99	-0.07669787082842561
1114	100-104	-0.08764988224832848
1114	105-109	-0.11364481772769608
1114	110-114	-0.05855968366108755
1114	115-119	-0.07586986407724083
1114	120-124	-0.061967697560739055
1114	125-129	-0.09202529709547491
1114	130-134	-0.1341090828421514
1114	135-139	-0.05509649158412344
1114	140-144	-0.04178519612852227
1114	145-149	-0.07803824936580384
1114	150	-0.013986227316259203
1115	1	-0.046662267277206126
1115	2	0.044482707261970234
1115	3	0.023718110251856217
1115	4	0.016624256132942605
1115	5	-0.00982089357285787
1115	6	-0.0055869544302069585
1115	7	-0.055523283850071437
1115	8	0.051934172755984775
1115	9	0.0028602873109591087
1115	10-14	-0.05232975508084792
1115	15-19	-0.03148535095053262
1115	20-24	-0.012370220075943905
1115	25-29	-0.051215530338375004
1115	30-34	-0.06757302121339848
1115	35-39	-0.03733581114604334
1115	40-44	-0.06562746074310866
1115	45-49	-0.035463652055348405
1115	50-54	-0.09407718229412154
1115	55-59	-0.08866858594041815
1115	60-64	-0.06661830994134732
1115	65-69	-0.08498421063769968
1115	70-74	-0.08906531677501306
1115	75-79	-0.07594692052097685
1115	80-84	-0.1291596647788822
1115	85-89	-0.0819305893880653
1115	90-94	-0.1158922789664345
1115	95-99	-0.12079146427652176
1115	100-104	-0.09704163285501011
1115	105-109	-0.11741871634097123
1115	110-114	-0.11756379139588091
1115	115-119	-0.1011964416138511
1115	120-124	-0.10222642854903796
1115	125-129	-0.09444143518229708
1115	130-134	-0.12776001769466916
1115	135-139	-0.07390689172687814
1115	140-144	-0.11271802593649483
1115	145-149	-0.07051322091807322
1115	150	-0.10080252192519623
1116	1	0.04362799356898961
1116	2	-0.08507792504403255
1116	3	0.011828781958961088
1116	4	-0.07071182983045787
1116	5	-0.0035475842796444113
1116	6	-0.049155132864548534
1116	7	-0.07782757657303563
1116	8	-0.08960657379505221
1116	9	-0.09508686073913708
1116	10-14	-0.065673111183294
1116	15-19	-0.06684575302336526
1116	20-24	-0.05791644283561226
1116	25-29	-0.050649389140801304
1116	30-34	-0.05002264408854984
1116	35-39	-0.04688213558598875
1116	40-44	-0.05915151720470391
1116	45-49	-0.0878431518610725
1116	50-54	-0.0677016843331728
1116	55-59	-0.05775052207795284
1116	60-64	-0.07118992734756091
1116	65-69	-0.0761412957549723
1116	70-74	-0.11850937991845001
1116	75-79	-0.10157615795529296
1116	80-84	-0.13303804065451175
1116	85-89	-0.17398899743823648
1116	90-94	-0.1347666784173569
1116	95-99	-0.14101457983251464
1116	100-104	-0.1644981373053369
1116	105-109	-0.17018641687806024
1116	110-114	-0.12195819462350954
1116	115-119	-0.14237186549346603
1116	120-124	-0.091990857160404
1116	125-129	-0.1005433405978593
1116	130-134	-0.12755157314855126
1116	135-139	-0.08875693149113317
1116	140-144	-0.1075929773660107
1116	145-149	-0.13454128467159876
1116	150	-0.09179292403433692
1117	1	0.016709927017949155
1117	2	0.04617491633455728
1117	3	-0.0346780205880961
1117	4	-0.04207532103416867
1117	5	-0.007225541180673645
1117	6	-0.022249299312143478
1117	7	-0.037499379334754224
1117	8	-0.08943513537673198
1117	9	-0.06061685834546893
1117	10-14	-0.061194845634311434
1117	15-19	-0.06453800959403821
1117	20-24	-0.06525598323950277
1117	25-29	-0.04663810655206646
1117	30-34	-0.06899488400353704
1117	35-39	-0.06719601786336682
1117	40-44	-0.09099936457922553
1117	45-49	-0.10831671005809085
1117	50-54	-0.12038785675140673
1117	55-59	-0.09649802769307314
1117	60-64	-0.10564333285558547
1117	65-69	-0.133505225699885
1117	70-74	-0.13117162741436061
1117	75-79	-0.09392968691074088
1117	80-84	-0.17036195457890102
1117	85-89	-0.10894661421485097
1117	90-94	-0.1405687308557546
1117	95-99	-0.17865058813448087
1117	100-104	-0.16622191972498968
1117	105-109	-0.1417188175628752
1117	110-114	-0.20359333485306763
1117	115-119	-0.15606715443630037
1117	120-124	-0.17171770841596867
1117	125-129	-0.09824653629230795
1117	130-134	-0.1732234029640125
1117	135-139	-0.0809649936253436
1117	140-144	-0.14806174822606266
1117	145-149	-0.17532972495839516
1117	150	-0.23758450784890073
1118	1	-0.074189733134844
1118	2	0.009954722069849709
1118	3	-0.0032927592637577163
1118	4	0.0011008098694631485
1118	5	-0.012732452461648336
1118	6	-0.03971334529284576
1118	7	-0.008943817915771035
1118	8	-0.14778963987104987
1118	9	-0.013643414202228143
1118	10-14	-0.04231253216040187
1118	15-19	-0.024888981545814204
1118	20-24	-0.0425387162785924
1118	25-29	-0.05062920261732273
1118	30-34	-0.04484278216437332
1118	35-39	-0.03376016127058534
1118	40-44	-0.017967706062478328
1118	45-49	-0.034106993393194784
1118	50-54	-0.017376681305201203
1118	55-59	-0.06810951187091518
1118	60-64	-0.019919460965461155
1118	65-69	-0.06885983322299438
1118	70-74	-0.015993038010122973
1118	75-79	-0.06993249780826005
1118	80-84	-0.04732532791607724
1118	85-89	-0.09935905311634485
1118	90-94	-0.05110014510408689
1118	95-99	-0.09127975734546112
1118	100-104	-0.030226558829312467
1118	105-109	-0.05605254719491626
1118	110-114	-0.05146428544817638
1118	115-119	-0.06226953817081693
1118	120-124	-0.051492286733299863
1118	125-129	-0.07214090206581147
1118	130-134	-0.03508628479323761
1118	135-139	-0.03835265048004288
1118	140-144	-0.06694649477596926
1118	145-149	-0.04627846347649012
1118	150	-0.005750620421679287
1119	1	-0.05322097304581774
1119	2	-0.002314371994472708
1119	3	-0.039513010902872736
1119	4	-0.026003603615343707
1119	5	-0.024244614402896048
1119	6	0.005404043325420105
1119	7	-0.06360344320596312
1119	8	-0.01356022377358812
1119	9	0.002954013538250422
1119	10-14	-0.07778984568108882
1119	15-19	-0.03922213149190412
1119	20-24	-0.050072873087337655
1119	25-29	-0.038152650424308376
1119	30-34	-0.03885264249553444
1119	35-39	-0.06480654233576644
1119	40-44	-0.08340679352419755
1119	45-49	-0.09280738154441792
1119	50-54	-0.08797741551799731
1119	55-59	-0.14069111538230317
1119	60-64	-0.09501426810430758
1119	65-69	-0.11901098491911455
1119	70-74	-0.08837866565304608
1119	75-79	-0.10120006787165181
1119	80-84	-0.141494142797022
1119	85-89	-0.11877309124994895
1119	90-94	-0.10418342351543686
1119	95-99	-0.10504002623130049
1119	100-104	-0.11086571884456475
1119	105-109	-0.09287661023276428
1119	110-114	-0.10690924949480518
1119	115-119	-0.11019969780144123
1119	120-124	-0.1111285030139939
1119	125-129	-0.10396828015778681
1119	130-134	-0.15015483463430712
1119	135-139	-0.06588818695411192
1119	140-144	-0.08752558761940321
1119	145-149	-0.170030663981386
1119	150	-0.11578966518973033
1120	1	-0.08427814683961543
1120	2	-0.047300920314853556
1120	3	-0.08363125508469693
1120	4	-0.025967985752274103
1120	5	-0.07026799871727007
1120	6	-0.10820732304703995
1120	7	-0.10048461251665941
1120	8	-0.053794339987547346
1120	9	-0.09074269323413375
1120	10-14	-0.06563475125813767
1120	15-19	-0.05978146254094696
1120	20-24	-0.06903959887965527
1120	25-29	-0.07266333222144539
1120	30-34	-0.05852646597815436
1120	35-39	-0.048486295005318425
1120	40-44	-0.09799658259520783
1120	45-49	-0.07849771509383885
1120	50-54	-0.09087892975207978
1120	55-59	-0.06821775160757682
1120	60-64	-0.11308883766243127
1120	65-69	-0.1515772638259847
1120	70-74	-0.11053018641707268
1120	75-79	-0.13425213881293274
1120	80-84	-0.07813149596237423
1120	85-89	-0.09393352597782467
1120	90-94	-0.08791393163987493
1120	95-99	-0.06689699914034009
1120	100-104	-0.0943880405593518
1120	105-109	-0.04824656110385206
1120	110-114	-0.09886848128872572
1120	115-119	-0.1337452542355777
1120	120-124	-0.0969192848735716
1120	125-129	-0.11510248351677888
1120	130-134	-0.11442881198609456
1120	135-139	-0.05639901834626926
1120	140-144	-0.08326869496926292
1120	145-149	-0.1238956532841442
1120	150	-0.09043105267171114
1121	1	-0.08605998165970163
1121	2	-0.06632369082379341
1121	3	-0.03292961651151671
1121	4	-0.05672063035862607
1121	5	-0.07018871291815998
1121	6	-0.052293603693158275
1121	7	-0.0723802416686894
1121	8	-0.028485695856211635
1121	9	-0.10790137427236601
1121	10-14	-0.11445319492796102
1121	15-19	-0.06832671365921783
1121	20-24	-0.05904905263425775
1121	25-29	-0.08295261478392035
1121	30-34	-0.08180103933672456
1121	35-39	-0.09658546163124271
1121	40-44	-0.13062065148188395
1121	45-49	-0.13624597511400083
1121	50-54	-0.12393902396362932
1121	55-59	-0.11673508387910658
1121	60-64	-0.12582092617378748
1121	65-69	-0.11511847497767747
1121	70-74	-0.08299862927191981
1121	75-79	-0.05994667542760368
1121	80-84	-0.11147899828507235
1121	85-89	-0.1021858154862656
1121	90-94	-0.15852578282939334
1121	95-99	-0.13248482009647944
1121	100-104	-0.14102140951889908
1121	105-109	-0.1488667716478247
1121	110-114	-0.09730501422901483
1121	115-119	-0.17296754320845054
1121	120-124	-0.10452430071909191
1121	125-129	-0.15709607312603424
1121	130-134	-0.15745934575066656
1121	135-139	-0.0736376371666978
1121	140-144	-0.09173712851006144
1121	145-149	-0.1487038887618155
1121	150	-0.04502776621130522
1122	1	0.02493614809764466
1122	2	-0.06008043927812423
1122	3	-0.019253856063670582
1122	4	4.2682121090820146E-4
1122	5	-0.0013986345825571789
1122	6	-0.026362409851984125
1122	7	-0.04915319253098005
1122	8	-0.04179160495685608
1122	9	-0.024627141121818852
1122	10-14	-0.027124579995920328
1122	15-19	-0.01278136863431456
1122	20-24	-0.005752984096403679
1122	25-29	-0.012019426175029935
1122	30-34	-0.010931473549376847
1122	35-39	-0.04573929121384879
1122	40-44	-0.05919130973775566
1122	45-49	-0.037776864299729596
1122	50-54	-0.036891712792538556
1122	55-59	-0.03391019564509179
1122	60-64	-0.024615055220621684
1122	65-69	-0.07509905603407674
1122	70-74	-0.028892278656861947
1122	75-79	-0.06260149496558398
1122	80-84	-0.03476641044865403
1122	85-89	-0.06754130144707915
1122	90-94	-0.0522054060913959
1122	95-99	-0.06567715197338941
1122	100-104	-0.07758438759130826
1122	105-109	-0.07652601550632454
1122	110-114	-0.02988296638692134
1122	115-119	-0.039597574316339035
1122	120-124	-0.03104932795324089
1122	125-129	-0.020714402616214045
1122	130-134	-0.052092297565550894
1122	135-139	0.026318639622289197
1122	140-144	-0.023023187814750656
1122	145-149	-0.06550967354451132
1122	150	0.010573161388457208
1123	1	-0.020636789132382205
1123	2	-0.06739068608230525
1123	3	-0.006936458694028147
1123	4	-0.1239295547830821
1123	5	-0.057539493410800446
1123	6	-0.018490646250555187
1123	7	-0.05851794740842564
1123	8	-0.12412605255008202
1123	9	-0.06329166700569289
1123	10-14	-0.07697048457900024
1123	15-19	-0.06725282632606877
1123	20-24	-0.07489447755560974
1123	25-29	-0.05741226859060333
1123	30-34	-0.05335020715352101
1123	35-39	-0.1084376718812905
1123	40-44	-0.1185622939421691
1123	45-49	-0.10014014812015404
1123	50-54	-0.1059747734100327
1123	55-59	-0.06977719805200877
1123	60-64	-0.08526939776341891
1123	65-69	-0.12130446004833573
1123	70-74	-0.09384567568726254
1123	75-79	-0.11246477147458478
1123	80-84	-0.10737059082422462
1123	85-89	-0.12383020183925453
1123	90-94	-0.12843218868788853
1123	95-99	-0.14131188529677985
1123	100-104	-0.1270496890702617
1123	105-109	-0.13035535534389453
1123	110-114	-0.09452068569286354
1123	115-119	-0.13814915343610323
1123	120-124	-0.1629269289897053
1123	125-129	-0.0828529627350747
1123	130-134	-0.12591929774980315
1123	135-139	-0.09882736936782521
1123	140-144	-0.08206223370412857
1123	145-149	-0.1463408353871003
1123	150	4.497739213960017E-4
1124	1	-0.033986052411748346
1124	2	-0.006348440030784275
1124	3	-0.06576762744849418
1124	4	-0.05438689502936711
1124	5	0.014141661199246869
1124	6	0.004665809954587985
1124	7	-0.06280857954892838
1124	8	-0.036829692361642685
1124	9	-0.053544595255381466
1124	10-14	-0.0525419044604476
1124	15-19	-0.06156106369486736
1124	20-24	-0.0616915721318847
1124	25-29	-0.06612626011104084
1124	30-34	-0.06391412369966076
1124	35-39	-0.03737867103852466
1124	40-44	-0.02107826473674379
1124	45-49	-0.10136755321817503
1124	50-54	-0.08923366003436684
1124	55-59	-0.08352628486568392
1124	60-64	-0.08696266519575602
1124	65-69	-0.08066980958092529
1124	70-74	-0.09047866544008087
1124	75-79	-0.0738758827891175
1124	80-84	-0.12021657253864504
1124	85-89	-0.0828756807327693
1124	90-94	-0.09984976686756397
1124	95-99	-0.12432609409206918
1124	100-104	-0.06517162875183402
1124	105-109	-0.1257425847321585
1124	110-114	-0.09129764735292412
1124	115-119	-0.11513807472165638
1124	120-124	-0.11309429382189506
1124	125-129	-0.15027737275912045
1124	130-134	-0.1356038505646069
1124	135-139	-0.1536577278447666
1124	140-144	-0.1367767555665509
1124	145-149	-0.17309400252692342
1124	150	-0.12209968283239903
1125	1	0.017851219687095465
1125	2	0.04328109475505215
1125	3	-0.05340438183118579
1125	4	-0.05251232134278894
1125	5	0.039954609912825845
1125	6	-0.04674561748041128
1125	7	-0.012920466454488633
1125	8	-0.11368649920644458
1125	9	-0.06898863712959269
1125	10-14	-0.06523646841699815
1125	15-19	-0.09610811384554552
1125	20-24	-0.0705665225546781
1125	25-29	-0.08422552739511247
1125	30-34	-0.10887953438648879
1125	35-39	-0.11928271931886059
1125	40-44	-0.1268391025399893
1125	45-49	-0.15421287594788424
1125	50-54	-0.1494272378039696
1125	55-59	-0.18059479615286023
1125	60-64	-0.16502012303406843
1125	65-69	-0.1296264931307718
1125	70-74	-0.20984607956116008
1125	75-79	-0.1987268832889555
1125	80-84	-0.175423648584065
1125	85-89	-0.167976718837771
1125	90-94	-0.18001780467190542
1125	95-99	-0.18841529932271328
1125	100-104	-0.16447809244166933
1125	105-109	-0.1401583611519257
1125	110-114	-0.1748852523326434
1125	115-119	-0.1937953223281781
1125	120-124	-0.21169977457486056
1125	125-129	-0.139553265992717
1125	130-134	-0.22184289513917577
1125	135-139	-0.11808818620279027
1125	140-144	-0.13375903241642817
1125	145-149	-0.19480941364530935
1125	150	-0.06644242814235213
1126	1	-0.01962500437760184
1126	2	-0.06429806098277879
1126	3	-0.08101907769397343
1126	4	-0.050945092407225445
1126	5	-0.05998374746981483
1126	6	-0.014467952100098103
1126	7	-0.036038911793419004
1126	8	-0.02114983158709549
1126	9	-0.017646578561830495
1126	10-14	-0.06610420499489322
1126	15-19	-0.04608068323278758
1126	20-24	-0.04783419418137669
1126	25-29	-0.06764875523439429
1126	30-34	-0.06485670948858768
1126	35-39	-0.06688637723447499
1126	40-44	-0.03503240834415777
1126	45-49	-0.04586974596714555
1126	50-54	-0.04861323613044277
1126	55-59	-0.05027880675717711
1126	60-64	-0.07427125557342862
1126	65-69	-0.1049336150939908
1126	70-74	-0.09999037068514127
1126	75-79	-0.08542390431033198
1126	80-84	-0.1192654173587826
1126	85-89	-0.07389147697672627
1126	90-94	-0.10767593429363131
1126	95-99	-0.09685700586818058
1126	100-104	-0.06335064498103549
1126	105-109	-0.11555028571093118
1126	110-114	-0.028552366242664107
1126	115-119	-0.12935375000264315
1126	120-124	-0.026463240096056495
1126	125-129	-0.08053586855481143
1126	130-134	-0.12347401933438817
1126	135-139	-0.036964530689992614
1126	140-144	-0.03976190171952254
1126	145-149	-0.1264049507855134
1126	150	-0.09522744206415013
1127	1	-0.08527700528710369
1127	2	-0.11068562351120192
1127	3	-0.0728198015078334
1127	4	-0.016554934001888455
1127	5	-0.04567705503385611
1127	6	0.0058623116561520305
1127	7	-0.10321006913766695
1127	8	-0.08980556525391137
1127	9	-0.07398089719151102
1127	10-14	-0.08818516982739055
1127	15-19	-0.06798827380426786
1127	20-24	-0.08146349537889108
1127	25-29	-0.061879466163595964
1127	30-34	-0.05570207480616318
1127	35-39	-0.05965638632952874
1127	40-44	-0.10125000725275157
1127	45-49	-0.08702225847283529
1127	50-54	-0.0575722326440129
1127	55-59	-0.08721889316008458
1127	60-64	-0.08546516947369298
1127	65-69	-0.06539575697666322
1127	70-74	-0.1079407648036792
1127	75-79	-0.07812295312039197
1127	80-84	-0.09067240159403411
1127	85-89	-0.05234010893065033
1127	90-94	-0.10587435781948074
1127	95-99	-0.11358364297595358
1127	100-104	-0.0697371653690908
1127	105-109	-0.15028994009929164
1127	110-114	-0.15121437169969454
1127	115-119	-0.1654071644334394
1127	120-124	-0.07313123312318481
1127	125-129	-0.1468262278090151
1127	130-134	-0.1613494740865491
1127	135-139	-0.07623920099467796
1127	140-144	-0.12276165539544337
1127	145-149	-0.14054234278186328
1127	150	-0.10019608311311146
1128	1	-0.012069839645725722
1128	2	-0.022324094689146534
1128	3	0.010978947258024618
1128	4	-0.04565918136271563
1128	5	0.008876468927560666
1128	6	-0.013907282784494157
1128	7	-0.08032829082825543
1128	8	-0.07246937439798273
1128	9	-0.02455714842565726
1128	10-14	-0.060128332658713646
1128	15-19	-0.05807765445285895
1128	20-24	-0.060226501378735975
1128	25-29	-0.07394447717598496
1128	30-34	-0.1139537171696432
1128	35-39	-0.0498104647072779
1128	40-44	-0.09225308312424829
1128	45-49	-0.0612616922846243
1128	50-54	-0.07417985017267625
1128	55-59	-0.08308497882880062
1128	60-64	-0.09575918101770498
1128	65-69	-0.08500870981329456
1128	70-74	-0.10907722337434933
1128	75-79	-0.10739561393911146
1128	80-84	-0.107797363620314
1128	85-89	-0.10422688078452325
1128	90-94	-0.10242900200569949
1128	95-99	-0.13594052951047786
1128	100-104	-0.08628796471593603
1128	105-109	-0.12188540603686704
1128	110-114	-0.1250874065595653
1128	115-119	-0.1387562093943302
1128	120-124	-0.10811594870001073
1128	125-129	-0.08257525947909983
1128	130-134	-0.10737490698697627
1128	135-139	-0.09984024906940192
1128	140-144	-0.08201067757209302
1128	145-149	-0.1355766615332925
1128	150	-0.07711304407612118
1129	1	-0.03198772163603536
1129	2	-0.051453243384109726
1129	3	-0.06162263705568449
1129	4	-0.044305632056968136
1129	5	-0.06438613456399622
1129	6	-0.06558843935481917
1129	7	-0.03336785365528527
1129	8	-0.08178334784586383
1129	9	-0.07982771020903812
1129	10-14	-0.07743788983509603
1129	15-19	-0.05759122489227053
1129	20-24	-0.0370320492013434
1129	25-29	-0.1093356571899946
1129	30-34	-0.0863193721294877
1129	35-39	-0.10408374046009072
1129	40-44	-0.10645364676747704
1129	45-49	-0.08798015853059837
1129	50-54	-0.10283460506842346
1129	55-59	-0.07685133105725583
1129	60-64	-0.06639502697417754
1129	65-69	-0.11915008973230101
1129	70-74	-0.11292174882062511
1129	75-79	-0.17010290209016432
1129	80-84	-0.16366116050025425
1129	85-89	-0.16506336620005158
1129	90-94	-0.14465059506192546
1129	95-99	-0.13253836567960064
1129	100-104	-0.13295122756819922
1129	105-109	-0.16667786615359148
1129	110-114	-0.1773040597412816
1129	115-119	-0.2106735085505278
1129	120-124	-0.1386668098611068
1129	125-129	-0.1754556327772363
1129	130-134	-0.1733768426596356
1129	135-139	-0.15809650890917482
1129	140-144	-0.15601471239524756
1129	145-149	-0.23731841152825695
1129	150	-0.1907717378406275
1130	1	-0.10631119731793603
1130	2	-0.07636712609012619
1130	3	-0.09700745147287648
1130	4	-0.0551657971393027
1130	5	-0.05367090056277135
1130	6	-0.06978419120616763
1130	7	-0.012685675610491387
1130	8	-0.11363022895434227
1130	9	-0.07779095406014847
1130	10-14	-0.09271112676970716
1130	15-19	-0.0899010838894796
1130	20-24	-0.05036159471951862
1130	25-29	-0.06734943536763183
1130	30-34	-0.13300318808999378
1130	35-39	-0.1324305035431479
1130	40-44	-0.13921336382475857
1130	45-49	-0.07105179568305431
1130	50-54	-0.08663583671739161
1130	55-59	-0.12269719900375975
1130	60-64	-0.112545574355714
1130	65-69	-0.11511625519126056
1130	70-74	-0.18902856638693066
1130	75-79	-0.11544383345065512
1130	80-84	-0.12952568854448288
1130	85-89	-0.13078249165089773
1130	90-94	-0.14722116202889168
1130	95-99	-0.17260113574929647
1130	100-104	-0.1646897551591877
1130	105-109	-0.1911802365341373
1130	110-114	-0.17675148273522723
1130	115-119	-0.1584560246990847
1130	120-124	-0.15743957543081422
1130	125-129	-0.172933890904865
1130	130-134	-0.13386346688822925
1130	135-139	-0.156673084121131
1130	140-144	-0.15397891105869377
1130	145-149	-0.16357495486598594
1130	150	-0.18387581208966708
1131	1	0.02772336483019444
1131	2	-0.059054972104753745
1131	3	-0.09001969806479337
1131	4	-0.03287580197440576
1131	5	-0.06138307750661909
1131	6	-0.016847943440076563
1131	7	-0.07640752671652962
1131	8	-0.09829394451975304
1131	9	-0.06371773430193883
1131	10-14	-0.08499573145667227
1131	15-19	-0.09667376425713314
1131	20-24	-0.0718234581773558
1131	25-29	-0.09447408332945173
1131	30-34	-0.10329704785403493
1131	35-39	-0.10462578047597759
1131	40-44	-0.08828024298900061
1131	45-49	-0.14598272709826432
1131	50-54	-0.13237588067195105
1131	55-59	-0.1429080230997286
1131	60-64	-0.08109099986506862
1131	65-69	-0.10463174946043807
1131	70-74	-0.19769795836553072
1131	75-79	-0.11243939866569974
1131	80-84	-0.18608140493458336
1131	85-89	-0.1451935472254533
1131	90-94	-0.1515227274053288
1131	95-99	-0.11688843457145026
1131	100-104	-0.12334227393682795
1131	105-109	-0.10589778658602711
1131	110-114	-0.07034189134437696
1131	115-119	-0.14815331616255634
1131	120-124	-0.10288842668504827
1131	125-129	-0.09955626994545241
1131	130-134	-0.1398428831515801
1131	135-139	-0.029532106130766067
1131	140-144	-0.09211924090202928
1131	145-149	-0.17516831078096118
1131	150	-0.08349679392812703
1132	1	0.034604190711078786
1132	2	0.039726495633864545
1132	3	-0.06942289761212095
1132	4	-0.04173636116575352
1132	5	-0.017691796583044095
1132	6	0.016568882824870457
1132	7	1.1388493236808017E-4
1132	8	-0.03956729407003934
1132	9	-0.030948079243962923
1132	10-14	-0.04693640144782307
1132	15-19	-0.06811342538831866
1132	20-24	-0.0734822160094879
1132	25-29	-0.06123674977736471
1132	30-34	-0.05442014741492329
1132	35-39	-0.06272539496981011
1132	40-44	-0.10965723781209391
1132	45-49	-0.0850921197734209
1132	50-54	-0.08483424568024134
1132	55-59	-0.08622696501092264
1132	60-64	-0.06049226512323713
1132	65-69	-0.08242338317039355
1132	70-74	-0.153810288829753
1132	75-79	-0.1005671512407531
1132	80-84	-0.12008397124692038
1132	85-89	-0.10636078120592884
1132	90-94	-0.11190512938231478
1132	95-99	-0.0952881109159307
1132	100-104	-0.07869853038349106
1132	105-109	-0.11091181367818592
1132	110-114	-0.06982112476926261
1132	115-119	-0.09538376364520929
1132	120-124	-0.12277974759947341
1132	125-129	-0.12350994768168277
1132	130-134	-0.14393786653766938
1132	135-139	-0.0626807653421011
1132	140-144	-0.0894208375994694
1132	145-149	-0.05710072159042312
1132	150	-0.021557592132360526
1133	1	-0.036250555454998334
1133	2	-0.03249250701242801
1133	3	-0.15192273863908667
1133	4	-0.0292540665688108
1133	5	-0.020532522375880546
1133	6	-0.08493964896076989
1133	7	-0.029042584361612
1133	8	-0.047532134126868186
1133	9	-0.10004206806017635
1133	10-14	-0.12171863168689612
1133	15-19	-0.06699929812464234
1133	20-24	-0.14506882044101843
1133	25-29	-0.10130503480890951
1133	30-34	-0.11631664094734617
1133	35-39	-0.13477241558226893
1133	40-44	-0.11152190412828844
1133	45-49	-0.14295749977952
1133	50-54	-0.1617159448212675
1133	55-59	-0.1789890684489137
1133	60-64	-0.1430754126774545
1133	65-69	-0.15135379863622234
1133	70-74	-0.1620675693869842
1133	75-79	-0.10285673558392006
1133	80-84	-0.11546117523622001
1133	85-89	-0.17975140927401867
1133	90-94	-0.15670365988917467
1133	95-99	-0.11374018642823813
1133	100-104	-0.16170026033617546
1133	105-109	-0.14767014042938342
1133	110-114	-0.15185868619516185
1133	115-119	-0.11268939320054727
1133	120-124	-0.1517039998031393
1133	125-129	-0.13012811728600582
1133	130-134	-0.18532758432500884
1133	135-139	-0.14423846113923133
1133	140-144	-0.11840112051790186
1133	145-149	-0.18806492971488353
1133	150	-0.0701856373976355
1134	1	-0.060673745964585635
1134	2	-0.048034399486148516
1134	3	-0.005224144899045768
1134	4	0.022872134505554698
1134	5	0.030576028750182616
1134	6	0.02591817559011389
1134	7	-0.0691535291433567
1134	8	-0.03092634284192286
1134	9	-0.0062598135972464775
1134	10-14	-0.05732058352887748
1134	15-19	-0.03756739658631858
1134	20-24	-0.05937814572523337
1134	25-29	-0.06432372083672533
1134	30-34	-0.03610978663839859
1134	35-39	-0.05690410907361354
1134	40-44	-0.08694385866180454
1134	45-49	-0.0408578334799472
1134	50-54	-0.08272286363366277
1134	55-59	-0.050686371099160965
1134	60-64	-0.08670686697820429
1134	65-69	-0.08939981333874414
1134	70-74	-0.10934685171894643
1134	75-79	-0.07513079304828096
1134	80-84	-0.0821461538475674
1134	85-89	-0.12399260205144458
1134	90-94	-0.1172696514906022
1134	95-99	-0.09315719122531618
1134	100-104	-0.09127069559018253
1134	105-109	-0.11153744935064935
1134	110-114	-0.04667231362966362
1134	115-119	-0.09522350137243762
1134	120-124	-0.10324782388133258
1134	125-129	-0.08160348371565362
1134	130-134	-0.1419609528796073
1134	135-139	-0.07388366441625038
1134	140-144	-0.07018545034752321
1134	145-149	-0.0988310205501648
1134	150	-0.10444962946476011
1135	1	0.04059295808286123
1135	2	-0.04699514732072174
1135	3	-0.004569648882679189
1135	4	-0.07616650298845684
1135	5	-0.0319560538128556
1135	6	-0.0010287139848728089
1135	7	-0.07712261492520867
1135	8	-0.1300795274028772
1135	9	-0.08646563467625157
1135	10-14	-0.07646889998612494
1135	15-19	-0.0714734691644594
1135	20-24	-0.04668938060477501
1135	25-29	-0.10950004003417746
1135	30-34	-0.08980845453753972
1135	35-39	-0.06024246691560364
1135	40-44	-0.09012363362637643
1135	45-49	-0.08588443796000433
1135	50-54	-0.13209298966476268
1135	55-59	-0.06274544993664222
1135	60-64	-0.07366877142730033
1135	65-69	-0.07789575697666606
1135	70-74	-0.0856910700539828
1135	75-79	-0.03408372845616725
1135	80-84	-0.09401870806534873
1135	85-89	-0.08302768524323056
1135	90-94	-0.0821121478072655
1135	95-99	-0.07073336825068566
1135	100-104	-0.10482797733490656
1135	105-109	-0.054076570135919155
1135	110-114	-0.028645690381011946
1135	115-119	-0.07465090680218367
1135	120-124	-0.08641725265920996
1135	125-129	-0.05563575161853862
1135	130-134	-0.07053674514882147
1135	135-139	-0.0208866368921079
1135	140-144	0.029743686484899
1135	145-149	-0.04416642703095164
1135	150	0.0295467435047172
1136	1	-0.06719572956694009
1136	2	-0.00822506109693677
1136	3	-0.12577333374377275
1136	4	-0.05806299298679818
1136	5	-0.09554845421081382
1136	6	-0.01628275007224289
1136	7	-0.05761250397991802
1136	8	-0.07216581902620334
1136	9	-0.08483480665653076
1136	10-14	-0.08801970343507293
1136	15-19	-0.07141505706901086
1136	20-24	-0.08250259002910099
1136	25-29	-0.061152442843990684
1136	30-34	-0.003021176315080254
1136	35-39	-0.06762792268068551
1136	40-44	-0.05805727748594336
1136	45-49	-0.07134924749889393
1136	50-54	-0.07308320658091105
1136	55-59	-0.06140442128079826
1136	60-64	-0.0890162668673824
1136	65-69	-0.04969788317693258
1136	70-74	-0.08399872090792826
1136	75-79	-0.05436695174865491
1136	80-84	-0.054445549742190735
1136	85-89	-0.06160194020636567
1136	90-94	-0.05038053065897685
1136	95-99	-0.019292662180347975
1136	100-104	-0.010780546713398564
1136	105-109	-0.06926456287020955
1136	110-114	-0.03078055825662318
1136	115-119	-0.05444437293824933
1136	120-124	-0.04673377084609598
1136	125-129	-0.03743322369379598
1136	130-134	-0.06075705296172629
1136	135-139	0.03187465360066
1136	140-144	-0.018678150594347187
1136	145-149	-0.06155485992864129
1136	150	-0.03601141233122007
1137	1	-0.09069024788254865
1137	2	-0.05234908011109951
1137	3	-0.11676401054737795
1137	4	-0.03309052294213899
1137	5	-0.03937783401006101
1137	6	-0.04409381743133167
1137	7	-0.06170765088736374
1137	8	-0.09618557295807051
1137	9	-0.08484590318363416
1137	10-14	-0.11980036842352604
1137	15-19	-0.11504068349439223
1137	20-24	-0.07895835927205752
1137	25-29	-0.09551754183558359
1137	30-34	-0.04898415407340906
1137	35-39	-0.058526656831148216
1137	40-44	-0.06768768915652856
1137	45-49	-0.09105741940417289
1137	50-54	-0.0932283702916763
1137	55-59	-0.09186385977538691
1137	60-64	-0.08625249184999717
1137	65-69	-0.06912050445141205
1137	70-74	-0.04958025290502377
1137	75-79	-0.024123102923510942
1137	80-84	-0.057102058330897876
1137	85-89	-0.07364928116142977
1137	90-94	-0.07666788632486998
1137	95-99	-0.04359680424971657
1137	100-104	-0.0438230453553885
1137	105-109	-0.09356035612394464
1137	110-114	-0.06253670520423071
1137	115-119	-0.10267357857485848
1137	120-124	-0.05204858460410122
1137	125-129	-0.017870997540228473
1137	130-134	-0.026366273435982635
1137	135-139	0.007074443929141694
1137	140-144	-8.147498998027913E-4
1137	145-149	-0.0485483563069522
1137	150	-0.04671797576848036
1138	1	-0.04905222307711199
1138	2	-0.1113189339192715
1138	3	-0.06116182733696007
1138	4	-0.044113488946102564
1138	5	-0.08613919014008076
1138	6	-0.01771345634017507
1138	7	-0.12454059412620211
1138	8	-0.07226535052060967
1138	9	-0.08397440170014647
1138	10-14	-0.10539526076426853
1138	15-19	-0.08308637482826953
1138	20-24	-0.08897572218617
1138	25-29	-0.10371654395666496
1138	30-34	-0.09210271289266814
1138	35-39	-0.09073215432586323
1138	40-44	-0.14710626584972175
1138	45-49	-0.14014324655169474
1138	50-54	-0.08356222194556295
1138	55-59	-0.1041864539120354
1138	60-64	-0.11158029250594126
1138	65-69	-0.10912856302893204
1138	70-74	-0.1045820226364782
1138	75-79	-0.11711471912987292
1138	80-84	-0.10605286544853954
1138	85-89	-0.07796491788678139
1138	90-94	-0.07349089457631663
1138	95-99	-0.10711613953716892
1138	100-104	-0.11997320006265255
1138	105-109	-0.0893970010804992
1138	110-114	-0.037990506500236165
1138	115-119	-0.14161179151582104
1138	120-124	-0.05090041392710987
1138	125-129	-0.07602040479205385
1138	130-134	-0.04650565244510574
1138	135-139	-0.004948508651715144
1138	140-144	-0.0038195607905180395
1138	145-149	-0.0906916435613283
1138	150	0.0155053344323548
1139	1	-0.020925989971324555
1139	2	-0.02577231254922907
1139	3	-0.018870574467158008
1139	4	-0.04791266789737847
1139	5	-0.01906409398297626
1139	6	-0.09101967939530198
1139	7	-0.05305572823248639
1139	8	-0.0526570896616434
1139	9	-0.11050716920436088
1139	10-14	-0.06565889064423658
1139	15-19	-0.04974804693569013
1139	20-24	-0.051464499222184656
1139	25-29	-0.03610306508519301
1139	30-34	-0.07504043452622966
1139	35-39	-0.055244710198053326
1139	40-44	-0.039554515943159174
1139	45-49	-0.05539054706342483
1139	50-54	-0.05281846106138488
1139	55-59	-0.019862801265396968
1139	60-64	-0.05502340672488515
1139	65-69	-0.04819884594586199
1139	70-74	-0.10857669952518023
1139	75-79	-0.041642822047144534
1139	80-84	-0.04325891137433757
1139	85-89	-0.054616359432571926
1139	90-94	-0.05682743531617973
1139	95-99	-0.05292293483622501
1139	100-104	-0.05893011121891334
1139	105-109	-0.022974073639126402
1139	110-114	-0.02518120184940642
1139	115-119	-0.045361166900036665
1139	120-124	-0.04064722291266776
1139	125-129	-0.024987903940491663
1139	130-134	-0.023020335384089208
1139	135-139	0.0328616422336836
1139	140-144	-0.04107136256001098
1139	145-149	-0.04525226792384274
1139	150	0.028564923311485302
1140	1	-0.08637994646357328
1140	2	-0.04925416496286772
1140	3	-0.05443637357525688
1140	4	-0.06386423052752122
1140	5	-0.040196748876304866
1140	6	-0.04915359821657006
1140	7	-0.00879249947822558
1140	8	-0.08719871110874777
1140	9	-0.09375643898717811
1140	10-14	-0.09454503394847791
1140	15-19	-0.08578819640489144
1140	20-24	-0.058801816672328755
1140	25-29	-0.0977102195175732
1140	30-34	-0.07991496610303273
1140	35-39	-0.11900752152044447
1140	40-44	-0.10124570728714843
1140	45-49	-0.09112378066064508
1140	50-54	-0.09590126601174376
1140	55-59	-0.13236638198016948
1140	60-64	-0.10158703049880558
1140	65-69	-0.11118824063679256
1140	70-74	-0.13870744867020335
1140	75-79	-0.10942519770243564
1140	80-84	-0.1485918632383445
1140	85-89	-0.12662824962551866
1140	90-94	-0.15181003033409723
1140	95-99	-0.15573556076061124
1140	100-104	-0.09616023898450266
1140	105-109	-0.10789141928746204
1140	110-114	-0.13422477761644558
1140	115-119	-0.0546140357784779
1140	120-124	-0.08810156336054575
1140	125-129	-0.12366059313409039
1140	130-134	-0.05514182874771478
1140	135-139	-0.05259111017940654
1140	140-144	-0.04397575068267656
1140	145-149	-0.09849018419914302
1140	150	-0.06437844465421705
1141	1	-0.013762527402924718
1141	2	-0.005216517264052811
1141	3	-0.07238422999240157
1141	4	-0.0052466994677686785
1141	5	-0.037532770188136055
1141	6	-0.07812936641042256
1141	7	-0.07073600393018609
1141	8	-0.024871209728758004
1141	9	-0.030628944007141
1141	10-14	-0.04891979895035803
1141	15-19	-0.023419095357695596
1141	20-24	-0.05397185531201387
1141	25-29	-0.03113315213411738
1141	30-34	-0.03576771928100442
1141	35-39	-0.07166790023741498
1141	40-44	-0.06539159412005091
1141	45-49	-0.06531198715499897
1141	50-54	-0.09077370703221277
1141	55-59	-0.09505348048337936
1141	60-64	-0.09591907584243842
1141	65-69	-0.07971689240758195
1141	70-74	-0.14594939073467117
1141	75-79	-0.11542354971562219
1141	80-84	-0.09477589376609785
1141	85-89	-0.14416570932584705
1141	90-94	-0.14798486093545193
1141	95-99	-0.1577363447543405
1141	100-104	-0.12051644413486429
1141	105-109	-0.14267594101128367
1141	110-114	-0.06663331834811714
1141	115-119	-0.06618074324481427
1141	120-124	-0.1566802147313382
1141	125-129	-0.12696416670551258
1141	130-134	-0.1275980490979549
1141	135-139	-0.05626428079403922
1141	140-144	-0.07299031856613425
1141	145-149	-0.09550500808054352
1141	150	-0.02226678154752193
1142	1	0.0371514804956945
1142	2	0.037826281250701754
1142	3	-0.0625526580797171
1142	4	-0.03158540962139256
1142	5	0.04366504271651195
1142	6	-0.018959973372965067
1142	7	0.02781404014633182
1142	8	-0.020355767948899484
1142	9	-0.03162763694256654
1142	10-14	-0.021105333696297635
1142	15-19	-0.013132230067824935
1142	20-24	-0.011576262308210516
1142	25-29	-0.020627895991168543
1142	30-34	0.006243440210397466
1142	35-39	0.0038075568016822103
1142	40-44	-0.03264346391598849
1142	45-49	-0.08090907758896293
1142	50-54	-0.0385585864181337
1142	55-59	-0.08496426828854453
1142	60-64	-0.03345577698768665
1142	65-69	-0.03716477033741228
1142	70-74	-0.042907220210778974
1142	75-79	0.011597913043814856
1142	80-84	0.008462219280687577
1142	85-89	0.0014141019863274096
1142	90-94	-0.00373721039456143
1142	95-99	-0.003963267847488794
1142	100-104	0.0014152698256140184
1142	105-109	-0.021361368670717695
1142	110-114	-0.007129496742514618
1142	115-119	-0.06313533903662005
1142	120-124	-0.024836297643005878
1142	125-129	-0.030939794098841844
1142	130-134	0.003565950716463817
1142	135-139	0.03440314227356822
1142	140-144	0.027723599257981846
1142	145-149	0.010635500657670605
1142	150	0.026277380972764774
1143	1	-0.08107618561497532
1143	2	-0.0653645852598359
1143	3	-0.046482142127139525
1143	4	-0.07816126369223753
1143	5	-0.02093889474242161
1143	6	-3.1938233291839424E-4
1143	7	-0.08102769208848315
1143	8	-0.058527104416029374
1143	9	-0.027714959122299376
1143	10-14	-0.043247783670743445
1143	15-19	-0.03326263628149917
1143	20-24	-0.05547533508745772
1143	25-29	-0.07434759002516955
1143	30-34	-0.057196838011989826
1143	35-39	-0.027504746985258066
1143	40-44	-0.04940574495766725
1143	45-49	-0.09014042787173793
1143	50-54	-0.035887351041097304
1143	55-59	-0.054124630864997414
1143	60-64	-0.06711589807114393
1143	65-69	-0.0682304564302143
1143	70-74	-0.09950952618801523
1143	75-79	-0.05443329009671771
1143	80-84	-0.059667164799869
1143	85-89	-0.07909671184503253
1143	90-94	-0.058301498074484925
1143	95-99	-0.08377831510711076
1143	100-104	-0.04390952420333605
1143	105-109	-0.0471615247987458
1143	110-114	-0.050469836180567995
1143	115-119	-0.08848662709282706
1143	120-124	-0.04759616937091238
1143	125-129	-0.08230436988552015
1143	130-134	-0.052138408512782064
1143	135-139	0.003774460207509378
1143	140-144	-0.009529642644984904
1143	145-149	-0.01555258868351217
1143	150	-0.01132427072695208
1144	1	-0.04407231822961677
1144	2	-0.09129133010989676
1144	3	-0.05181801967076893
1144	4	-0.009676275925805555
1144	5	-0.0707224859788198
1144	6	-0.10856171836366713
1144	7	-0.07222114956813641
1144	8	-0.05011101460726053
1144	9	-0.07681885622105966
1144	10-14	-0.05536485216477871
1144	15-19	-0.0885681968666745
1144	20-24	-0.03279432706019492
1144	25-29	-0.05735572406977241
1144	30-34	-0.06808483936766407
1144	35-39	-0.04254898049548217
1144	40-44	-0.040266574797350074
1144	45-49	-0.04724121202706044
1144	50-54	-0.027656958406311105
1144	55-59	-0.03934116730339099
1144	60-64	-0.061262276053511755
1144	65-69	-0.04647158535389195
1144	70-74	-0.044738296192328164
1144	75-79	-0.006798198565498126
1144	80-84	-0.01996963797655127
1144	85-89	-0.050363036807553385
1144	90-94	-0.07330615240080363
1144	95-99	-0.06194547390203553
1144	100-104	-0.001141453578284768
1144	105-109	9.455455988103267E-4
1144	110-114	-0.0058819587855083455
1144	115-119	-0.07144540902893226
1144	120-124	-0.037575323560268714
1144	125-129	-0.05161736346464352
1144	130-134	-0.019679798357294942
1144	135-139	0.0797576837405316
1144	140-144	0.09301120167998533
1144	145-149	0.06061756234415583
1144	150	0.02167832687461413
1145	1	-0.012249303430820646
1145	2	-0.05358862430837519
1145	3	-0.028523285355532835
1145	4	-0.03800050303350844
1145	5	0.026761780709982474
1145	6	0.023466371558214405
1145	7	-0.046342613836444
1145	8	-0.03508929812412731
1145	9	-0.02647823993910947
1145	10-14	-0.02684745677268552
1145	15-19	-0.010578786464179757
1145	20-24	-0.03403732903489498
1145	25-29	-0.05128993573806184
1145	30-34	-0.06448597849974647
1145	35-39	-0.057410201384755055
1145	40-44	-0.07024129526094924
1145	45-49	-0.052986485212379364
1145	50-54	-0.066369731030683
1145	55-59	-0.020120185723570216
1145	60-64	-0.054852530442452974
1145	65-69	-0.038967246556438795
1145	70-74	-0.07190362970137443
1145	75-79	-0.018281557873081056
1145	80-84	-0.09288017500632861
1145	85-89	-0.05725367705120732
1145	90-94	-0.05005364643504606
1145	95-99	-0.014804389474079471
1145	100-104	-0.0044492093655961185
1145	105-109	-0.07398798132466311
1145	110-114	-0.027567719837712445
1145	115-119	-0.04374607325172519
1145	120-124	-0.052393038916001444
1145	125-129	-0.07065295597210053
1145	130-134	-0.1017834366192929
1145	135-139	0.010030586045530754
1145	140-144	-2.1626857542145217E-4
1145	145-149	-0.05668522229445472
1145	150	-0.006284631304282584
1146	1	-0.04144474978449608
1146	2	-0.008755455596521244
1146	3	-0.04228055523296348
1146	4	-0.0027717008879051264
1146	5	-0.05095889831348899
1146	6	-0.017068536993718908
1146	7	-0.02188277732918209
1146	8	-0.006459231769305518
1146	9	-0.019273424231826652
1146	10-14	-0.058372892011796296
1146	15-19	-0.06551460501975725
1146	20-24	-0.04577160369142774
1146	25-29	-0.06253599743960336
1146	30-34	-0.035701554800112945
1146	35-39	-0.033858507954207084
1146	40-44	-0.06735790378099438
1146	45-49	-0.06532623510091184
1146	50-54	-0.0640632318119998
1146	55-59	-0.06178634267222094
1146	60-64	-0.06512432914391297
1146	65-69	-0.042680474471566754
1146	70-74	-0.07793859023291816
1146	75-79	-0.033998028757643795
1146	80-84	-0.06744633132704081
1146	85-89	-0.07383654452553401
1146	90-94	-0.04891232771584697
1146	95-99	-0.07672140676083927
1146	100-104	-0.07256963832877261
1146	105-109	-0.08350925028762646
1146	110-114	-0.07999500478342014
1146	115-119	-0.07662686226264981
1146	120-124	-0.05753341525767297
1146	125-129	-0.020982683447783756
1146	130-134	-0.06265237288391745
1146	135-139	-8.262216436420999E-4
1146	140-144	-0.059019928218980056
1146	145-149	-0.0010011299386647465
1146	150	-0.00264838437625059
1147	1	-0.005096767435730953
1147	2	0.04236220282315628
1147	3	-0.05145502494396936
1147	4	0.008028375622174622
1147	5	0.014356469870357103
1147	6	0.014149411917905752
1147	7	0.01780357317483805
1147	8	-0.01673893747044275
1147	9	0.008263232393858289
1147	10-14	0.0029100323652428983
1147	15-19	-0.0037630215376651677
1147	20-24	0.001489825815298218
1147	25-29	-0.0208446040566983
1147	30-34	-0.04800075941600568
1147	35-39	-0.013393014302664596
1147	40-44	-0.012469706808907688
1147	45-49	-0.02498153069314668
1147	50-54	0.0048849010003877424
1147	55-59	0.01288424215344719
1147	60-64	0.003660859508514136
1147	65-69	0.017514365932179032
1147	70-74	0.03582592652062999
1147	75-79	0.027363869268739904
1147	80-84	0.003430985037724099
1147	85-89	-0.04308939291077252
1147	90-94	-3.095082310693442E-4
1147	95-99	0.010422203729405055
1147	100-104	0.030962329149325285
1147	105-109	0.017338658967510412
1147	110-114	-0.02077864278197694
1147	115-119	0.022078206948528134
1147	120-124	0.030737882236621772
1147	125-129	0.048967842977369
1147	130-134	0.047523932650669565
1147	135-139	0.12159225456467482
1147	140-144	0.03735999685599012
1147	145-149	0.06597531113869337
1147	150	0.07377268229791412
1148	1	-0.016772605833835996
1148	2	-7.131734855718719E-4
1148	3	0.012068468040546065
1148	4	-0.015517894591901893
1148	5	-0.031043177819896073
1148	6	0.04185774135032716
1148	7	-0.00814717404113452
1148	8	-0.0030329344093331656
1148	9	-0.005357256893091744
1148	10-14	-0.017344610854785003
1148	15-19	-0.009823906528225734
1148	20-24	-0.015043568275984853
1148	25-29	0.014917617952804108
1148	30-34	0.009434642831521955
1148	35-39	-0.011991300048990183
1148	40-44	-0.02223283657104247
1148	45-49	-0.00395406694711653
1148	50-54	-0.04481709282967472
1148	55-59	-0.015786508058425852
1148	60-64	-0.02859127289644192
1148	65-69	-0.014213670866979555
1148	70-74	-0.012715168243509822
1148	75-79	0.017264704206326087
1148	80-84	-0.013544397436625388
1148	85-89	-0.011814345789240122
1148	90-94	-0.025869516997104824
1148	95-99	-0.042080033715748755
1148	100-104	0.002921335969261918
1148	105-109	-0.01872535783378737
1148	110-114	-0.00503954682356067
1148	115-119	-0.016170412625250208
1148	120-124	-0.017854380796748615
1148	125-129	-0.05006260231782278
1148	130-134	-0.01662379921895507
1148	135-139	0.05659097156640769
1148	140-144	0.03225760111119058
1148	145-149	0.007685809447757208
1148	150	0.05569316883745756
1149	1	0.0016969004367979323
1149	2	0.028350571774993227
1149	3	-0.013402713965746216
1149	4	0.016073433001473347
1149	5	0.027870924764123117
1149	6	-0.010446610902768327
1149	7	-0.02142345297605175
1149	8	-0.033039992863344025
1149	9	-0.02637988709049921
1149	10-14	-0.0214153886826125
1149	15-19	-0.02020418289517778
1149	20-24	-0.04600053241593116
1149	25-29	-0.024775089059225763
1149	30-34	-0.04471091319000209
1149	35-39	-0.019222884646026728
1149	40-44	-7.197042224476036E-4
1149	45-49	-0.010707022782590059
1149	50-54	-0.04648637405814782
1149	55-59	-0.030590105281291358
1149	60-64	-0.05202661728514357
1149	65-69	-0.04972656505747608
1149	70-74	-0.04957797019088872
1149	75-79	-0.03641209453454053
1149	80-84	-0.024984270280910437
1149	85-89	-0.05291881263435272
1149	90-94	-0.041110048055166715
1149	95-99	-0.012478844996167027
1149	100-104	-0.005126475133394592
1149	105-109	-0.02895155626090684
1149	110-114	-0.014998041733356615
1149	115-119	-0.013650009551291475
1149	120-124	-0.02345530719726696
1149	125-129	-0.015285823768614648
1149	130-134	-0.01703339664547343
1149	135-139	0.039366859611384086
1149	140-144	0.010561156052375509
1149	145-149	0.019261950147424045
1149	150	0.012061913519886502
1150	1	0.021553073943231027
1150	2	-0.046675295271249695
1150	3	0.020541710471043473
1150	4	-0.02972638750122769
1150	5	0.0854998455509346
1150	6	0.01545130429904873
1150	7	0.02800632871179687
1150	8	-0.029746732014899635
1150	9	0.013528534991095853
1150	10-14	0.00365752494718663
1150	15-19	-0.015240796913111865
1150	20-24	0.00254376740171125
1150	25-29	-0.002675542375641271
1150	30-34	-0.025040525098560806
1150	35-39	-0.037329702684928634
1150	40-44	-0.02897920929009956
1150	45-49	-0.0790514746584492
1150	50-54	-0.04098998401168075
1150	55-59	-0.0854411625432192
1150	60-64	-0.04396238697982824
1150	65-69	-0.027316385160027323
1150	70-74	-0.06115360200420383
1150	75-79	-0.037344680153033494
1150	80-84	-0.04335267418411348
1150	85-89	-0.06248807629530262
1150	90-94	-0.06774287319392869
1150	95-99	-0.03015304025949206
1150	100-104	-0.008427624716382809
1150	105-109	-0.03505366392498388
1150	110-114	0.011470263274837578
1150	115-119	-0.034580079921084916
1150	120-124	-0.06529143874477228
1150	125-129	-0.0596091932872298
1150	130-134	-0.029290546525714944
1150	135-139	0.04734031230469782
1150	140-144	0.012940924306498403
1150	145-149	-0.011573398243108102
1150	150	-0.1436731393289179
1151	1	-0.023370174130022292
1151	2	-0.0389439893469401
1151	3	-0.01870336047378629
1151	4	-0.018397384494605262
1151	5	-0.005408109430632635
1151	6	-0.011249849894916508
1151	7	-0.02412624826829557
1151	8	-0.05406734855238682
1151	9	-0.030837726464397974
1151	10-14	-0.03479501617110259
1151	15-19	-0.02909454488371921
1151	20-24	-0.04637083997972269
1151	25-29	-0.027455936308506068
1151	30-34	-0.04981208601713405
1151	35-39	-0.006025373385085686
1151	40-44	-0.043977241439627335
1151	45-49	-0.06072431742935436
1151	50-54	-0.026001141882233014
1151	55-59	-0.05340756253999501
1151	60-64	-0.02938314565744804
1151	65-69	-0.04960912818236096
1151	70-74	-0.07592139996656755
1151	75-79	-0.06458437182670451
1151	80-84	-0.032976692382199246
1151	85-89	-0.14342044874562276
1151	90-94	-0.07654805254184538
1151	95-99	-0.08115899908924007
1151	100-104	-0.05515490367293552
1151	105-109	-0.06599100278653225
1151	110-114	-0.042468187199098395
1151	115-119	-0.0982508537858493
1151	120-124	-0.031747784853827454
1151	125-129	-0.03608616223895922
1151	130-134	-0.07541280431095743
1151	135-139	0.0010308798373870331
1151	140-144	-0.008252736076769907
1151	145-149	-0.006632127135496546
1151	150	0.060781544399937104
1152	1	0.03906256291646315
1152	2	-0.049055760875383214
1152	3	-0.0390108188847762
1152	4	-0.037760236690999704
1152	5	-0.0019035980352271054
1152	6	-0.05560710510903277
1152	7	-0.0018197141863609545
1152	8	0.016433234029243238
1152	9	0.02881400419526159
1152	10-14	-0.028021334420458288
1152	15-19	-0.028823495425989165
1152	20-24	-0.04214782985692267
1152	25-29	-0.04516907565149353
1152	30-34	-0.07604577847858707
1152	35-39	-0.05367224795200087
1152	40-44	-0.06682381235324186
1152	45-49	-0.07887938423986895
1152	50-54	-0.07101229532110409
1152	55-59	-0.09515075996186795
1152	60-64	-0.0859247155338565
1152	65-69	-0.06665504594812433
1152	70-74	-0.05961083273514589
1152	75-79	-0.0480573087097369
1152	80-84	-0.08801689342161723
1152	85-89	-0.07087961755344452
1152	90-94	-0.057658872447262866
1152	95-99	-0.05010735096448116
1152	100-104	-0.08071448948851412
1152	105-109	-0.06157336632234234
1152	110-114	-0.08094478041443409
1152	115-119	-0.06736081574985064
1152	120-124	-0.003004307303605458
1152	125-129	-0.03311331332385237
1152	130-134	-0.02095873913187063
1152	135-139	0.016397459479343013
1152	140-144	-0.01377149091496932
1152	145-149	-0.04134397398156153
1152	150	0.029409288070432638
1153	1	-0.030315694247669
1153	2	-0.03063165700862669
1153	3	0.00702403985092559
1153	4	-0.043917353606182985
1153	5	-0.04753806240857017
1153	6	0.0022724429298506266
1153	7	-0.07106551954223761
1153	8	-0.04530117767587427
1153	9	-0.008821001682356666
1153	10-14	-0.03926399298512706
1153	15-19	-0.02794044896788961
1153	20-24	-0.025092807512280046
1153	25-29	-0.0184897379529545
1153	30-34	-0.030794529869439202
1153	35-39	-0.0451139345669489
1153	40-44	-0.017408129812586992
1153	45-49	-0.022178393537615193
1153	50-54	-0.01562467610767726
1153	55-59	-0.03908225818017286
1153	60-64	-0.05124774270215937
1153	65-69	-0.023190486224670792
1153	70-74	-0.010846491995813778
1153	75-79	-0.017930863963677268
1153	80-84	-0.05720462353333744
1153	85-89	-0.07273271582629093
1153	90-94	-0.04600327386844327
1153	95-99	-0.04243284090500765
1153	100-104	-0.0048859210038614265
1153	105-109	-0.0059738930218244946
1153	110-114	-0.027215262889640712
1153	115-119	-0.050436387447838626
1153	120-124	-0.0609020086942067
1153	125-129	-0.0036129929309609565
1153	130-134	-0.030124335457003326
1153	135-139	0.032036417179938326
1153	140-144	0.02772912385351134
1153	145-149	0.035615744413284744
1153	150	0.11322404693460442
1154	1	-0.04393591505083805
1154	2	-0.07467829359374889
1154	3	-0.016496561636877516
1154	4	-0.0034301712160456077
1154	5	-0.04081594392274468
1154	6	0.009521933062359267
1154	7	-0.07154464784532166
1154	8	-0.0773823633372217
1154	9	0.026874259844255732
1154	10-14	-0.015100259019909856
1154	15-19	-0.06038550077077076
1154	20-24	-0.053844413872106145
1154	25-29	-0.04984037327054125
1154	30-34	-0.037749410891180446
1154	35-39	-0.013863972438265648
1154	40-44	-0.0012051737770875093
1154	45-49	-0.028902239970122423
1154	50-54	-0.01590817533307387
1154	55-59	-0.03627134121018116
1154	60-64	-0.046741025816800175
1154	65-69	-0.021355406848570624
1154	70-74	0.0010545146346032652
1154	75-79	-9.37795610191472E-4
1154	80-84	-0.001599612429977526
1154	85-89	-0.04884315713256626
1154	90-94	-0.06705615874935233
1154	95-99	-0.010082895751367005
1154	100-104	-0.034362070483432205
1154	105-109	-0.04301481912007432
1154	110-114	-0.018662065978084286
1154	115-119	-0.05505270717943489
1154	120-124	-0.0231795062041229
1154	125-129	-0.042184183971841094
1154	130-134	-0.051030124527770226
1154	135-139	-0.05202200771257992
1154	140-144	-0.07387460491626996
1154	145-149	-0.0451333262717597
1154	150	0.010324068229522254
1155	1	-0.046058193712482876
1155	2	-0.009873190363649087
1155	3	-0.05319761165626602
1155	4	-0.015466705192942243
1155	5	-0.027912718116297697
1155	6	0.012962393286507279
1155	7	-0.002495275746909442
1155	8	0.0383889847470229
1155	9	-0.03299987859480069
1155	10-14	-0.028156446732566565
1155	15-19	-0.029971950078923726
1155	20-24	-0.0577533019055636
1155	25-29	-0.014295912334482352
1155	30-34	-0.03949789805298565
1155	35-39	-0.002194457038299902
1155	40-44	0.03606421331810594
1155	45-49	-0.011458340497263464
1155	50-54	0.01316267512306979
1155	55-59	0.011655522760648296
1155	60-64	-0.0034386489910431806
1155	65-69	0.002117120915578141
1155	70-74	0.026117929298294484
1155	75-79	0.015918371074086224
1155	80-84	0.03838067455676253
1155	85-89	0.02288832705050936
1155	90-94	0.010099952075627527
1155	95-99	0.03231115942228513
1155	100-104	-0.007483616325188791
1155	105-109	-0.011446698529738342
1155	110-114	-0.041897322214801136
1155	115-119	-0.01250521703341434
1155	120-124	-0.002666526523334767
1155	125-129	0.058627946598463154
1155	130-134	0.023695880020298432
1155	135-139	-0.004274724273393815
1155	140-144	0.01926346939578849
1155	145-149	0.005269773696205959
1155	150	0.10540996363199895
1156	1	-0.004128476621453103
1156	2	-0.01998821948617291
1156	3	0.01216191251212706
1156	4	-0.014637020083405616
1156	5	0.04293173069250855
1156	6	0.04290886163078511
1156	7	-0.08251995836479153
1156	8	-0.020532882182713763
1156	9	-0.038933121104925306
1156	10-14	-0.001274866258981433
1156	15-19	-0.039714660579171834
1156	20-24	-0.016425020831285053
1156	25-29	-0.01328146176651046
1156	30-34	-0.027209875414989426
1156	35-39	-0.03974961311795511
1156	40-44	-0.02914828224006527
1156	45-49	-0.019808386495832053
1156	50-54	-0.011830223511594795
1156	55-59	-0.04145215038991523
1156	60-64	-0.023044866750872472
1156	65-69	-0.10628976171199866
1156	70-74	-0.03939455306682049
1156	75-79	-0.0071001009303088836
1156	80-84	-0.02211847380780796
1156	85-89	-0.05634516135750545
1156	90-94	-0.046845945845852555
1156	95-99	-0.008611864690827531
1156	100-104	-0.0017514770552082837
1156	105-109	-0.014606276984117983
1156	110-114	-0.01613298323360368
1156	115-119	-0.04865393003466778
1156	120-124	-0.006922244454159454
1156	125-129	0.009440895478647349
1156	130-134	0.04827201669647252
1156	135-139	0.055936513532635956
1156	140-144	0.006192661364238461
1156	145-149	0.04799002234581451
1156	150	0.14818724599224709
1157	1	0.003545678959007148
1157	2	-0.06876118132053222
1157	3	-0.04613299172644503
1157	4	-0.06819385106296494
1157	5	-0.04108639693153293
1157	6	-0.05056517313086317
1157	7	-0.04170947752170662
1157	8	-0.055171381120487695
1157	9	0.035301838891427906
1157	10-14	-0.029560395204896395
1157	15-19	-0.023143925145262756
1157	20-24	-0.02743994342937839
1157	25-29	-0.01684002509982463
1157	30-34	-0.02560135923257434
1157	35-39	-0.05015587923013243
1157	40-44	-0.05401369893632335
1157	45-49	-0.04412545319899408
1157	50-54	-0.03965415736792721
1157	55-59	-0.02117342324798699
1157	60-64	-0.03460958011151405
1157	65-69	-0.04226779889687293
1157	70-74	-0.0021713823380480335
1157	75-79	-0.03465087175911208
1157	80-84	-0.03125796053026164
1157	85-89	-0.05943372511275413
1157	90-94	-0.036680082408160786
1157	95-99	-0.03056682417947343
1157	100-104	-0.0351908784635242
1157	105-109	-0.038293658828159494
1157	110-114	-0.026546521801108725
1157	115-119	-0.07647446779157008
1157	120-124	-0.05131046458588884
1157	125-129	2.1400207603505805E-4
1157	130-134	-0.024102601199459173
1157	135-139	-0.027175644537607013
1157	140-144	-0.03840299526472535
1157	145-149	-0.02398512506719186
1157	150	0.09431104445055638
1158	1	-0.009887811147912373
1158	2	-0.020896246221823844
1158	3	-0.04955591261894199
1158	4	-0.09368023925219404
1158	5	-0.0381373724941767
1158	6	-0.0030891535453108077
1158	7	-0.10528195558455167
1158	8	-0.015038318611665602
1158	9	-0.06517442588503997
1158	10-14	-0.0351227461399688
1158	15-19	-0.039124568065560084
1158	20-24	-0.04950531467071073
1158	25-29	-0.034774765308895894
1158	30-34	-0.06803647651555877
1158	35-39	-0.07150620317933942
1158	40-44	-0.05358517208791369
1158	45-49	-0.0754448775204466
1158	50-54	-0.049469363291137824
1158	55-59	-0.09035534004652845
1158	60-64	-0.08781712307564504
1158	65-69	-0.1226759767568879
1158	70-74	-0.0740152458781651
1158	75-79	-0.1132046075770532
1158	80-84	-0.08763134542798667
1158	85-89	-0.09992328963883068
1158	90-94	-0.10457093901605674
1158	95-99	-0.11475809352540978
1158	100-104	-0.08305599931292562
1158	105-109	-0.042263383322733716
1158	110-114	-0.06875558049089392
1158	115-119	-0.08289266504394277
1158	120-124	-0.11134857134053533
1158	125-129	-0.06779234502513987
1158	130-134	-0.10288564624772079
1158	135-139	-0.046092680848154544
1158	140-144	-0.061602467361261404
1158	145-149	-0.10659774571227132
1158	150	-0.053557652099677
1159	1	0.010846697915418702
1159	2	-0.027851275292889
1159	3	-0.07856470828876638
1159	4	-0.03263193370118245
1159	5	0.05133561223422589
1159	6	0.002594945846503549
1159	7	0.001296302084703882
1159	8	-0.02093199361055298
1159	9	-0.013627190981921444
1159	10-14	-0.029751569616891516
1159	15-19	-0.011908642921696355
1159	20-24	-0.04146086419560646
1159	25-29	-0.01795825130869133
1159	30-34	8.507931836163607E-4
1159	35-39	-0.04863755457490271
1159	40-44	-0.005495609417835112
1159	45-49	0.004315416312920206
1159	50-54	-0.020388726404348745
1159	55-59	0.0015356174398277744
1159	60-64	0.007492844358807815
1159	65-69	-0.01203817916881178
1159	70-74	-0.006501695490790382
1159	75-79	0.021530388482368323
1159	80-84	0.018277850247791605
1159	85-89	0.04148253052206741
1159	90-94	0.02330847183019813
1159	95-99	0.025955430095763177
1159	100-104	-0.01170707590885911
1159	105-109	0.04491867514653336
1159	110-114	0.03986648080369548
1159	115-119	0.03811796336688644
1159	120-124	0.016521638625413004
1159	125-129	0.032410353156251404
1159	130-134	0.01467753313040987
1159	135-139	0.06881943680415503
1159	140-144	0.06750456397006843
1159	145-149	0.041573974313301676
1159	150	0.06444410257325472
1160	1	-0.013760270949994435
1160	2	0.026878169981159772
1160	3	-0.05428227025724652
1160	4	-0.0648437293739832
1160	5	-0.07323008704573652
1160	6	-0.027582043500899545
1160	7	-0.0870803604025383
1160	8	-0.09712213840378325
1160	9	-0.06139677906899266
1160	10-14	-0.03435024106932616
1160	15-19	-0.04614701504000607
1160	20-24	-0.05723432753739388
1160	25-29	-0.01465151075090887
1160	30-34	-0.04416312435596126
1160	35-39	-0.036482994912390154
1160	40-44	-0.0627011153562762
1160	45-49	-0.08517129557878178
1160	50-54	-0.0776051749925557
1160	55-59	-0.06190767960343635
1160	60-64	-0.10149556948122296
1160	65-69	-0.09579564701219567
1160	70-74	-0.07990797753323875
1160	75-79	-0.037530331548566664
1160	80-84	-0.06386333328448046
1160	85-89	-0.04214881069195542
1160	90-94	-0.054779318439038605
1160	95-99	-0.02791085072422561
1160	100-104	-0.03188428044644098
1160	105-109	-0.0605844475148416
1160	110-114	-0.0331626461033494
1160	115-119	-0.06915961983674634
1160	120-124	-0.041501761704559215
1160	125-129	-0.0018616138125153725
1160	130-134	0.050095536627935644
1160	135-139	0.014171614998105042
1160	140-144	-0.02497770973857172
1160	145-149	-0.003551739105112972
1160	150	0.07642630405582196
1161	1	0.05583115074126255
1161	2	0.010227497056177981
1161	3	-0.050864423257237945
1161	4	-0.048111967098819264
1161	5	-0.016305305624875643
1161	6	-0.04709336210271431
1161	7	0.04919507270630419
1161	8	-0.017411652724362625
1161	9	0.02730160871865195
1161	10-14	-0.013030146186736147
1161	15-19	-0.005537860092687197
1161	20-24	-0.03379564667912405
1161	25-29	-0.02272296498156834
1161	30-34	-9.97523978739423E-4
1161	35-39	-0.023124826045830105
1161	40-44	-0.05384362427402323
1161	45-49	-0.040785910955094096
1161	50-54	-0.03162920663928759
1161	55-59	0.008702738045592184
1161	60-64	-0.062044011081255235
1161	65-69	-0.06697341655113576
1161	70-74	-0.03735577662401113
1161	75-79	-0.036034359739780086
1161	80-84	-0.04879480112123247
1161	85-89	-0.010936149119778804
1161	90-94	0.005819732015041268
1161	95-99	-0.02111396212489325
1161	100-104	-0.06632765000266261
1161	105-109	-0.03948497556028485
1161	110-114	-0.01881969084862334
1161	115-119	-0.04133027318049898
1161	120-124	0.02208354229051679
1161	125-129	0.0548922119072941
1161	130-134	0.009122689034015252
1161	135-139	0.030919664253552526
1161	140-144	0.01165424294971018
1161	145-149	0.04693407565784469
1161	150	0.07169369230059885
1162	1	0.020920832078260787
1162	2	0.0018401053558818603
1162	3	0.02827567256122876
1162	4	0.024819610162474248
1162	5	-0.047853670195799225
1162	6	-0.03908601913953902
1162	7	0.04386195054315323
1162	8	-0.011857377787983125
1162	9	-0.017072637637760124
1162	10-14	0.008552821018298573
1162	15-19	-0.01711639416367916
1162	20-24	-8.6484690805122E-4
1162	25-29	0.01255200811223034
1162	30-34	-0.04714062393301788
1162	35-39	-0.00927947604925805
1162	40-44	-0.005925612057353646
1162	45-49	-0.024403236028796016
1162	50-54	-0.03389006756572144
1162	55-59	0.004883049545597373
1162	60-64	-0.015080411301546803
1162	65-69	-0.051539176025890754
1162	70-74	0.018755531179330376
1162	75-79	0.01349318393105392
1162	80-84	0.012265917265338544
1162	85-89	0.011716863474852346
1162	90-94	0.05620021125137242
1162	95-99	0.007480791975829959
1162	100-104	-0.005154454697837707
1162	105-109	-0.0026585466520430145
1162	110-114	0.00865768886535534
1162	115-119	0.03383479735155248
1162	120-124	0.09600458239966514
1162	125-129	0.08624530549047904
1162	130-134	0.038523890544368555
1162	135-139	0.1422717672566094
1162	140-144	0.060354721322170235
1162	145-149	0.04929887838769531
1162	150	0.20804531945084648
1163	1	0.02145327782714901
1163	2	-0.0361300960423776
1163	3	-0.02998648221786482
1163	4	0.030207016902501493
1163	5	-0.025716516892074992
1163	6	-0.045218325350923294
1163	7	-0.031619447297423164
1163	8	0.0019730972559202087
1163	9	-0.0058663594991159584
1163	10-14	-0.01747984177436024
1163	15-19	0.002993006388969377
1163	20-24	-0.016180661989395162
1163	25-29	0.016012905480032202
1163	30-34	-0.035195741248131185
1163	35-39	-0.010451381273909988
1163	40-44	0.006287067233266441
1163	45-49	-0.0158681044451896
1163	50-54	-0.0445644245325596
1163	55-59	-0.0037402109895481317
1163	60-64	-0.051106529994982
1163	65-69	-0.03428478629921017
1163	70-74	-0.046626446187786996
1163	75-79	-0.008605412956370628
1163	80-84	-0.00177543776975142
1163	85-89	0.011348872644461494
1163	90-94	0.022481444899320024
1163	95-99	-0.024519984398267525
1163	100-104	-0.015029618464247108
1163	105-109	-0.0821731554683538
1163	110-114	-0.04546319205694971
1163	115-119	-0.052311515068211634
1163	120-124	0.006187804063635838
1163	125-129	0.029241348867756756
1163	130-134	0.042546085401149014
1163	135-139	0.05212109560121547
1163	140-144	-0.010658591133001494
1163	145-149	-0.04338759893286692
1163	150	0.10553115259074275
1164	1	-0.023007079586328416
1164	2	-0.028705295919174034
1164	3	-0.019013021703713662
1164	4	0.03593261243512558
1164	5	0.05624585952203631
1164	6	0.031936695310321284
1164	7	-0.01661242476076552
1164	8	0.024930799150006067
1164	9	-0.08933466281123259
1164	10-14	-0.008774286679802401
1164	15-19	0.011500707958653322
1164	20-24	0.012434680912896567
1164	25-29	0.01293309715959623
1164	30-34	-0.001450343971981738
1164	35-39	-0.008525433948570083
1164	40-44	0.01406154289922057
1164	45-49	-0.016630287854795256
1164	50-54	0.010827801128371561
1164	55-59	-0.01215345918507893
1164	60-64	-0.0036680570116871536
1164	65-69	0.018036782705877386
1164	70-74	0.017923385821113413
1164	75-79	-0.008885153390579603
1164	80-84	-0.016142048672726617
1164	85-89	0.018018933622542477
1164	90-94	0.012192173757696878
1164	95-99	0.017045578570815678
1164	100-104	0.007927263877782309
1164	105-109	0.019638293605538593
1164	110-114	0.022769501991625418
1164	115-119	0.01980961199343767
1164	120-124	0.03769070203384928
1164	125-129	0.09769504878671853
1164	130-134	0.12356672820997971
1164	135-139	0.05872702663112506
1164	140-144	0.11333826861671525
1164	145-149	0.14319182641771988
1164	150	0.14781662374267768
1165	1	0.10280843775087334
1165	2	0.0164399039149572
1165	3	0.015285859532959023
1165	4	0.05939355404311897
1165	5	0.05268616578189267
1165	6	0.047977290559110486
1165	7	0.06899720934334397
1165	8	0.055132022650447254
1165	9	-0.006073020960855047
1165	10-14	0.05439622961002755
1165	15-19	0.04361527753187744
1165	20-24	0.02221512628074862
1165	25-29	0.046564978280841274
1165	30-34	0.017290365418872966
1165	35-39	0.033388972320267385
1165	40-44	0.024857587683960958
1165	45-49	0.024370674016623184
1165	50-54	0.05581103036583812
1165	55-59	0.04919355409730031
1165	60-64	0.01623490084979551
1165	65-69	0.041054664964271126
1165	70-74	0.04662217471813079
1165	75-79	0.050222862632068654
1165	80-84	0.0784930344115864
1165	85-89	0.06546280949410743
1165	90-94	0.05458274485281578
1165	95-99	0.026638403437544866
1165	100-104	0.11981645629055038
1165	105-109	0.06280499660957162
1165	110-114	0.08492592365896456
1165	115-119	0.05201354583378048
1165	120-124	0.11290849964755267
1165	125-129	0.14993959497579112
1165	130-134	0.10479978751682495
1165	135-139	0.11143590449056262
1165	140-144	0.1440303628886639
1165	145-149	0.12778413401137811
1165	150	0.29520388172514345
1166	1	0.04066163940154155
1166	2	0.041376577108692913
1166	3	0.029871390846821555
1166	4	0.008147740460401565
1166	5	-9.173809472571293E-4
1166	6	-0.007357961660275691
1166	7	-0.03197785583814294
1166	8	0.03808403979915198
1166	9	-0.027642726814882224
1166	10-14	0.0075685049166622775
1166	15-19	-0.013540248538930655
1166	20-24	-0.015406624898950838
1166	25-29	0.007022571969208968
1166	30-34	-0.030217372542615806
1166	35-39	-0.052616727270631714
1166	40-44	-0.0407914273710972
1166	45-49	-0.03942628073262
1166	50-54	-0.03468808687524216
1166	55-59	-0.01262499347002688
1166	60-64	-0.027284578696956885
1166	65-69	-0.05780805621588314
1166	70-74	-0.035628728549333744
1166	75-79	-0.03302180960579193
1166	80-84	-0.01833929132823897
1166	85-89	-0.026981615927930136
1166	90-94	0.01078620384108575
1166	95-99	0.01601642042217577
1166	100-104	-0.02174894098663316
1166	105-109	0.009836151757568246
1166	110-114	0.012043236077147412
1166	115-119	0.01626730959679179
1166	120-124	0.039941580815003874
1166	125-129	0.0815303515091017
1166	130-134	0.06322065130088106
1166	135-139	0.07366640621862075
1166	140-144	0.07128954447306768
1166	145-149	0.0733261765193376
1166	150	0.2070509700474048
1167	1	0.10552095999302225
1167	2	0.07884275547651498
1167	3	0.03894172011693797
1167	4	0.018231753895001646
1167	5	0.03757431647630938
1167	6	0.05412561342596689
1167	7	-0.023257484874335432
1167	8	-8.576121858610009E-4
1167	9	-0.015870669107492574
1167	10-14	0.023810400946288723
1167	15-19	0.03035818751163788
1167	20-24	0.04275859532865667
1167	25-29	-0.0033306366441934188
1167	30-34	-0.06175412173811168
1167	35-39	-0.016796364911421335
1167	40-44	-0.04400026088818976
1167	45-49	-0.018560486970180534
1167	50-54	-8.397147016481199E-4
1167	55-59	-0.020171068788542357
1167	60-64	-0.02191854752202005
1167	65-69	-0.05691799235035688
1167	70-74	0.001582353597100905
1167	75-79	-0.047895409250863
1167	80-84	-0.062230592140011254
1167	85-89	0.007172370872453371
1167	90-94	-0.02620896872392109
1167	95-99	-0.009619955116647816
1167	100-104	-0.003365021116287892
1167	105-109	-0.046650835150586545
1167	110-114	-0.0020424914156151885
1167	115-119	0.012320802161823963
1167	120-124	0.03342265971113534
1167	125-129	0.03517721036029542
1167	130-134	0.04438473006179322
1167	135-139	0.006331535111741005
1167	140-144	0.010508527409953672
1167	145-149	0.04939882788659844
1167	150	0.17711681377938504
1168	1	0.12253558214504778
1168	2	0.0329580589911771
1168	3	-0.014943272028041577
1168	4	0.07684877638551768
1168	5	-0.0050932647218076
1168	6	0.041696554283873866
1168	7	0.08351056065361462
1168	8	0.04389888842336376
1168	9	0.022376096448091687
1168	10-14	0.03370715339644903
1168	15-19	0.005622965540666769
1168	20-24	0.006828943022242129
1168	25-29	0.013403767380495424
1168	30-34	0.005664792837883681
1168	35-39	-0.0052351871800624394
1168	40-44	-0.012348294981471497
1168	45-49	-0.028953354941968712
1168	50-54	-0.0021095183769475057
1168	55-59	-0.012968361572589515
1168	60-64	-0.008425715423371116
1168	65-69	-0.005882789039780789
1168	70-74	0.026821116642992138
1168	75-79	0.03587590210128866
1168	80-84	-0.008993576029340034
1168	85-89	0.0263605909928728
1168	90-94	-0.00862676861536471
1168	95-99	-0.030757451100861033
1168	100-104	0.02318221752312155
1168	105-109	0.01666672153128701
1168	110-114	0.05856425008980182
1168	115-119	0.040619347326760646
1168	120-124	0.08882890247824804
1168	125-129	0.08112142481254381
1168	130-134	0.07561225860887077
1168	135-139	0.08279414912562544
1168	140-144	0.09883281562837709
1168	145-149	0.05326008153686246
1168	150	0.23143995898488612
1169	1	0.012580906972978312
1169	2	-0.08958684616242607
1169	3	-0.04180242932198297
1169	4	-0.015143837346229816
1169	5	-0.022215977496692574
1169	6	-0.004299752581999883
1169	7	0.0019258703732702998
1169	8	0.029126351911699544
1169	9	-0.05887285436607925
1169	10-14	-0.012289153469417613
1169	15-19	-0.027212354251176407
1169	20-24	-0.030236694043395573
1169	25-29	-0.06012317571165937
1169	30-34	-0.07296539014012637
1169	35-39	-0.0373318801463256
1169	40-44	-0.049346784153875944
1169	45-49	-0.06736194987229993
1169	50-54	-0.07731515879998341
1169	55-59	-0.022570510305179425
1169	60-64	-0.06053248057361316
1169	65-69	-0.0267657838358204
1169	70-74	-0.04193832602950209
1169	75-79	-0.06343583199305414
1169	80-84	-0.026384880377165132
1169	85-89	-0.048845049430155996
1169	90-94	-0.01097694487858547
1169	95-99	-0.04935741752689893
1169	100-104	-0.05786528961134252
1169	105-109	-0.07257282857783309
1169	110-114	-0.0707625922805235
1169	115-119	-0.05963245727286193
1169	120-124	-0.006856845381413734
1169	125-129	0.055806669063009906
1169	130-134	0.014776267338099558
1169	135-139	0.02471122147748872
1169	140-144	0.03235640132587747
1169	145-149	0.02055905753148579
1169	150	0.15421988176480994
1170	1	0.004702076576307945
1170	2	-0.03970812464191198
1170	3	-0.06422687598393395
1170	4	-8.244010605338303E-4
1170	5	-0.04549708367851224
1170	6	-0.009959149221273833
1170	7	-0.030303296184250428
1170	8	-0.025979336548950016
1170	9	-0.05803976949665213
1170	10-14	-0.021427952128007632
1170	15-19	-0.03275808007593639
1170	20-24	-0.026432212399846833
1170	25-29	-0.028620005889216316
1170	30-34	-0.05471845125724428
1170	35-39	-0.03603076443896924
1170	40-44	-0.04027646586876443
1170	45-49	-0.025144431697611935
1170	50-54	-0.0229841880186612
1170	55-59	0.008622920498893905
1170	60-64	-0.05792239094211027
1170	65-69	-0.03948836213270113
1170	70-74	-0.04050314231008656
1170	75-79	-0.03968512332995289
1170	80-84	-0.02117000825769111
1170	85-89	-0.017187368843210038
1170	90-94	-0.00770083151161316
1170	95-99	9.766638631703017E-5
1170	100-104	0.017010818197924493
1170	105-109	0.011258002008347034
1170	110-114	0.01245760930438422
1170	115-119	0.035491655859033244
1170	120-124	0.07194546671096447
1170	125-129	0.10647657635199437
1170	130-134	0.07839752953172763
1170	135-139	0.06373592338343315
1170	140-144	0.08300600252706403
1170	145-149	0.09635527141985278
1170	150	0.23731192608332918
1171	1	0.09229413974252765
1171	2	0.020238702777518824
1171	3	-0.0011870766578567782
1171	4	-0.0369599761204924
1171	5	-0.013174212959981446
1171	6	0.028896388587831723
1171	7	0.00561072645665206
1171	8	0.046830048261313095
1171	9	0.006886354662825056
1171	10-14	0.006668649733526877
1171	15-19	0.012638636442105167
1171	20-24	-0.02538453231653648
1171	25-29	-0.003350262689743033
1171	30-34	-0.0899470382785239
1171	35-39	-0.018023684775229754
1171	40-44	-0.005581607386936582
1171	45-49	-0.04784867298697293
1171	50-54	-8.782634315949167E-4
1171	55-59	0.028148573014576073
1171	60-64	-0.03787352423906043
1171	65-69	0.008511908236343402
1171	70-74	0.012825150810023445
1171	75-79	-0.007420331889633758
1171	80-84	0.007279325082315324
1171	85-89	0.06664906789293923
1171	90-94	0.08772417362037999
1171	95-99	0.06308714702739593
1171	100-104	0.04857014668130688
1171	105-109	0.056030366285590105
1171	110-114	0.07317048237612056
1171	115-119	0.06500318910190828
1171	120-124	0.10481683613022597
1171	125-129	0.13222246949613492
1171	130-134	0.10354185153125428
1171	135-139	0.08766608805821363
1171	140-144	0.08352871603100454
1171	145-149	0.09687498082318768
1171	150	0.27488696601283635
1172	1	0.07272597039970208
1172	2	-0.004071066620582542
1172	3	0.01613836729305973
1172	4	-0.013544401574897336
1172	5	0.017332642978587387
1172	6	-0.023319515500162424
1172	7	-0.004657895899100595
1172	8	0.007316468461134207
1172	9	0.012587379072563465
1172	10-14	-0.023041168680364876
1172	15-19	-0.014540061566812312
1172	20-24	0.00827499205082205
1172	25-29	-0.023671835618863213
1172	30-34	-0.03567515024663237
1172	35-39	-0.0307095115058047
1172	40-44	-0.015721576046111352
1172	45-49	-0.006120843963884681
1172	50-54	0.01890399946896082
1172	55-59	0.002104243862540045
1172	60-64	0.009135839345240981
1172	65-69	0.00595620613045611
1172	70-74	0.03876593025658792
1172	75-79	0.0335588622835985
1172	80-84	0.03360876790258516
1172	85-89	0.058636943494086324
1172	90-94	0.04403435017773916
1172	95-99	0.0672465524885908
1172	100-104	0.039434848602063255
1172	105-109	8.356028577765073E-4
1172	110-114	0.05438238748121904
1172	115-119	0.06676013920883861
1172	120-124	0.08967632502727696
1172	125-129	0.09865763860943844
1172	130-134	0.10309646290222929
1172	135-139	0.12908854763735178
1172	140-144	0.13648609051005423
1172	145-149	0.13184063939221602
1172	150	0.18231182619660302
1173	1	0.110212313823709
1173	2	0.058872092486332406
1173	3	0.05735446870139782
1173	4	0.06321232853613878
1173	5	-0.007353823983223151
1173	6	0.07002708851936035
1173	7	0.0107323058553348
1173	8	0.09073570012115795
1173	9	0.03828066093977611
1173	10-14	0.050559639045815175
1173	15-19	0.03904108347591517
1173	20-24	0.03042131526746772
1173	25-29	0.02756637813524776
1173	30-34	0.0077662861509679715
1173	35-39	-0.0016141527218138663
1173	40-44	0.043053285204834424
1173	45-49	0.018962504111861733
1173	50-54	0.04002846355025014
1173	55-59	0.05118226311965657
1173	60-64	0.04455837141139085
1173	65-69	0.09209521396235942
1173	70-74	0.08798610213549551
1173	75-79	0.05926339036654582
1173	80-84	0.07676902616414338
1173	85-89	0.12260787481237401
1173	90-94	0.07925573531750985
1173	95-99	0.09344191136639068
1173	100-104	0.09115966302742606
1173	105-109	0.12568253876290214
1173	110-114	0.1507823106453472
1173	115-119	0.11573085887879131
1173	120-124	0.16663571444759384
1173	125-129	0.1819560388352528
1173	130-134	0.16646846784748703
1173	135-139	0.20904356959718484
1173	140-144	0.21115843858145666
1173	145-149	0.19286941739507313
1173	150	0.2905656360014319
1174	1	0.0457620242487593
1174	2	-0.00145039144369008
1174	3	0.03047573295067707
1174	4	-0.008454547222704889
1174	5	-0.012123960800380473
1174	6	-0.0353982368670529
1174	7	-0.0059394995174102405
1174	8	-0.01980468621031406
1174	9	0.02633204233028863
1174	10-14	0.02786458404040104
1174	15-19	0.021674349261836312
1174	20-24	-0.009987405364832114
1174	25-29	-0.011966667288781707
1174	30-34	-0.015182208420789323
1174	35-39	-0.045800901097457825
1174	40-44	-0.002281652822368585
1174	45-49	0.006277847012405857
1174	50-54	0.029076853150648674
1174	55-59	0.05189397603822954
1174	60-64	0.026226462031232245
1174	65-69	0.012430192390425532
1174	70-74	0.0030103603721300942
1174	75-79	0.02247602718902897
1174	80-84	0.09415548166897025
1174	85-89	0.09523496139283338
1174	90-94	0.07969666890344485
1174	95-99	0.05168481693965532
1174	100-104	0.04893038034118291
1174	105-109	0.08872904724248087
1174	110-114	0.07074870846908965
1174	115-119	0.06517810279581226
1174	120-124	0.1266806515462875
1174	125-129	0.1528425485622904
1174	130-134	0.1097280575590247
1174	135-139	0.09874392136819665
1174	140-144	0.13606411816292763
1174	145-149	0.15735375426454112
1174	150	0.2445709703327381
1175	1	0.06995470709859575
1175	2	0.02948997914881346
1175	3	0.04912446975844631
1175	4	0.021167599941030346
1175	5	-0.05378352497012884
1175	6	-0.003930913614006215
1175	7	-5.942129448115452E-4
1175	8	-0.0616511249657421
1175	9	0.021568423950078852
1175	10-14	0.024682833774718915
1175	15-19	0.016595232707231844
1175	20-24	0.017426086222663173
1175	25-29	0.023595734723073747
1175	30-34	-0.03632984565681596
1175	35-39	0.0026181356987393656
1175	40-44	0.013157723420569312
1175	45-49	-0.01808470651937455
1175	50-54	0.02231485519195786
1175	55-59	0.05173892063875485
1175	60-64	0.012304642108453834
1175	65-69	0.006899546431483827
1175	70-74	0.022653236304655877
1175	75-79	0.04994524444125403
1175	80-84	0.04558677684874368
1175	85-89	0.09267461121343246
1175	90-94	0.05177457540302299
1175	95-99	0.09417976101406111
1175	100-104	0.06359599478608402
1175	105-109	0.06962069996721709
1175	110-114	0.0898984711930737
1175	115-119	0.1135515152562192
1175	120-124	0.1252100664057636
1175	125-129	0.16778931666313213
1175	130-134	0.1625662574180211
1175	135-139	0.17239338420898775
1175	140-144	0.16763093950619634
1175	145-149	0.1906718093378288
1175	150	0.19758463869348475
1176	1	0.003865522000886301
1176	2	0.013333058268813147
1176	3	0.038657773359226155
1176	4	-0.029043564004687994
1176	5	-0.024359184896717068
1176	6	-0.002749149301024545
1176	7	0.04914876797400325
1176	8	0.01760329984544029
1176	9	-0.01837286472579791
1176	10-14	0.016672967592143095
1176	15-19	-0.006657634285659242
1176	20-24	-0.01224365210993028
1176	25-29	-0.00897154564863456
1176	30-34	-0.037550136658943245
1176	35-39	-0.03771579019182525
1176	40-44	-0.04128149339884146
1176	45-49	-0.019545873082392973
1176	50-54	-0.014935092985460585
1176	55-59	0.0017326181749339753
1176	60-64	-0.03080906815826978
1176	65-69	-0.014777578974992878
1176	70-74	-0.015654520751063217
1176	75-79	-0.0015694616566364061
1176	80-84	-0.0042794894753726
1176	85-89	0.024963452502319683
1176	90-94	-0.010376177019026045
1176	95-99	0.020876369618498813
1176	100-104	-0.01840722554261731
1176	105-109	0.00999763336838555
1176	110-114	0.08836896163364116
1176	115-119	0.00625652854164116
1176	120-124	0.0982650025331111
1176	125-129	0.09692901988199054
1176	130-134	0.07649110106038393
1176	135-139	0.09232922889617612
1176	140-144	0.12669800735294956
1176	145-149	0.06880117107203176
1176	150	0.15519941786645575
1177	1	0.07595506151405829
1177	2	0.03263846301648243
1177	3	-0.018915361173078793
1177	4	0.012852476518922629
1177	5	0.023609072889627214
1177	6	0.0028542977579277817
1177	7	-0.039692220000702605
1177	8	-0.012364735469859056
1177	9	-0.006368067482178219
1177	10-14	0.01446142473287182
1177	15-19	0.001102223468393504
1177	20-24	-0.00653653580331337
1177	25-29	-0.010302091882799402
1177	30-34	-0.03842600628639303
1177	35-39	-0.05086379498229121
1177	40-44	0.013250665242203752
1177	45-49	-0.023994209829027113
1177	50-54	0.04696692150677961
1177	55-59	0.030399073663502918
1177	60-64	0.019042694981202146
1177	65-69	0.0074732746305983255
1177	70-74	0.0388519012652182
1177	75-79	0.024671777134408046
1177	80-84	0.08110826230792867
1177	85-89	0.11028126706874986
1177	90-94	0.06405652464335532
1177	95-99	0.07426227161718657
1177	100-104	0.0800932631596396
1177	105-109	0.05450887182627895
1177	110-114	0.08026763906022438
1177	115-119	0.10863588458396833
1177	120-124	0.08335881021536551
1177	125-129	0.1461523644348759
1177	130-134	0.16820653913918449
1177	135-139	0.15073569252695762
1177	140-144	0.13156944562824435
1177	145-149	0.17751400669134654
1177	150	0.20570762868543824
1178	1	0.09516978186149316
1178	2	0.014925152927887098
1178	3	0.01244207934892927
1178	4	-0.002871031726122908
1178	5	0.015475890079933663
1178	6	-0.012452614716004007
1178	7	0.04635067383421898
1178	8	0.0632441335412679
1178	9	0.004349089421609165
1178	10-14	0.03873835761572053
1178	15-19	0.02927494574058187
1178	20-24	0.04474467061842802
1178	25-29	0.002096437450859412
1178	30-34	-0.01733109087042095
1178	35-39	-0.0020041105597812248
1178	40-44	-0.028408641790903744
1178	45-49	0.0033082301483275955
1178	50-54	-0.002448403996091031
1178	55-59	0.0022807721679001247
1178	60-64	-0.035486923155083616
1178	65-69	-0.02325218267947804
1178	70-74	-0.04888955998440281
1178	75-79	-0.015131821928960676
1178	80-84	0.0013331204943227704
1178	85-89	0.005483686250073561
1178	90-94	-0.00692522796673245
1178	95-99	0.06508352569874631
1178	100-104	0.03078241294416273
1178	105-109	0.033247543167107096
1178	110-114	0.052251157082103816
1178	115-119	0.027599026998949228
1178	120-124	0.07229212698390342
1178	125-129	0.08576078691655198
1178	130-134	0.0764626075734256
1178	135-139	0.06284379766663761
1178	140-144	0.0943476150195579
1178	145-149	0.09091097047114971
1178	150	0.09842757819880177
1179	1	5.879516214335467E-4
1179	2	0.03503824360028318
1179	3	0.025642169115833724
1179	4	0.026671771122749988
1179	5	0.016898818379175395
1179	6	0.06551792744708962
1179	7	-0.06563622287688986
1179	8	0.05677868319386903
1179	9	0.01746220354058181
1179	10-14	0.04053500207511718
1179	15-19	0.013077255340391503
1179	20-24	-0.0093230542705669
1179	25-29	-0.01240861082118272
1179	30-34	0.0016536498718124903
1179	35-39	-0.015807692973950793
1179	40-44	-0.02822039924607367
1179	45-49	0.016549641721780972
1179	50-54	-0.014661705352743581
1179	55-59	0.023504973951396835
1179	60-64	0.04631397518388525
1179	65-69	-0.01669162853630013
1179	70-74	-0.01549648253141811
1179	75-79	0.034800953375757615
1179	80-84	0.04982621994242464
1179	85-89	0.04839215638303074
1179	90-94	0.10158787922991763
1179	95-99	0.06530449297066099
1179	100-104	0.05348038861108506
1179	105-109	0.09916446635052978
1179	110-114	0.09555272588163177
1179	115-119	0.0555619881010756
1179	120-124	0.13859578476208156
1179	125-129	0.1491530604867819
1179	130-134	0.10106069410916518
1179	135-139	0.12288645927776543
1179	140-144	0.12812270425612837
1179	145-149	0.1386651565231105
1179	150	0.28085380799985415
1180	1	0.01160009062168399
1180	2	0.046209916394900574
1180	3	-0.002733310338591366
1180	4	0.02890462893126511
1180	5	-0.006677781615572087
1180	6	0.016941285499214587
1180	7	-0.0066662227258618145
1180	8	-0.01846432335809567
1180	9	0.014379822683288523
1180	10-14	-0.019439221917707528
1180	15-19	-0.007898429180976052
1180	20-24	0.007955798160118377
1180	25-29	-0.02969524975403459
1180	30-34	-0.0315405780478315
1180	35-39	-0.04407204695998246
1180	40-44	-0.04617790799051136
1180	45-49	-0.06260114847952991
1180	50-54	-0.021875273109031923
1180	55-59	-0.002707659088983405
1180	60-64	-0.011825274548591835
1180	65-69	-0.05108908360308817
1180	70-74	0.021706843065757653
1180	75-79	0.04815876496589766
1180	80-84	0.02456555391680837
1180	85-89	0.07024386714805075
1180	90-94	0.10486451989122969
1180	95-99	0.005128211484134226
1180	100-104	0.028988382361731624
1180	105-109	0.02733078424678581
1180	110-114	0.06211812327012467
1180	115-119	0.04196191113105385
1180	120-124	0.06306231706683718
1180	125-129	0.0949594864766965
1180	130-134	0.11077032805965814
1180	135-139	0.12086676815354735
1180	140-144	0.08837334907583028
1180	145-149	0.11621863978017188
1180	150	0.1118966119461362
1181	1	0.05347271591285363
1181	2	-0.015034207206973349
1181	3	0.05639507433321711
1181	4	0.054463917527790784
1181	5	-0.00448272210942946
1181	6	0.035520363401438715
1181	7	-0.0013745193439760328
1181	8	0.003784705553862011
1181	9	-0.11162680254819435
1181	10-14	0.015022819652557473
1181	15-19	0.0103862987023291
1181	20-24	0.01883324080191784
1181	25-29	-0.005720959044914764
1181	30-34	-0.025261686902368297
1181	35-39	-0.045193215815416465
1181	40-44	-0.04889554087603187
1181	45-49	-0.03136659046791834
1181	50-54	-0.021656002764082416
1181	55-59	0.02296079346866975
1181	60-64	-0.01572329184832455
1181	65-69	-0.007828426765897234
1181	70-74	0.0010090418949602054
1181	75-79	0.024060074462219916
1181	80-84	-0.04070318576562926
1181	85-89	0.004741249569036654
1181	90-94	4.374893237510946E-4
1181	95-99	-0.006524216746456091
1181	100-104	-0.024545467105085095
1181	105-109	0.013923564974874125
1181	110-114	0.07201120541639483
1181	115-119	0.03560448476175537
1181	120-124	0.05266032667012155
1181	125-129	0.060577864975634554
1181	130-134	0.012689571859695548
1181	135-139	0.09998974960195994
1181	140-144	0.09576477020212337
1181	145-149	0.13349670316437567
1181	150	0.15969864663671274
1182	1	0.036986613824304015
1182	2	-0.02723926271637822
1182	3	-0.03268551744145043
1182	4	-0.03125292276425995
1182	5	-0.023267383976332212
1182	6	0.010728074103127483
1182	7	0.044442169085151306
1182	8	0.006796866464476636
1182	9	0.030572760619008932
1182	10-14	-2.5310723901839083E-4
1182	15-19	-0.034718245152035365
1182	20-24	-0.013695206326282516
1182	25-29	-0.031147904058968834
1182	30-34	-0.10386521576024421
1182	35-39	-0.08385793801517138
1182	40-44	-0.07935616934249623
1182	45-49	-0.012470042576417484
1182	50-54	-0.04015000297965088
1182	55-59	-0.03141821220451391
1182	60-64	-0.043774594940693135
1182	65-69	-0.07020570339328458
1182	70-74	-0.018244497035574625
1182	75-79	-0.020921894476352065
1182	80-84	0.0017661542592009027
1182	85-89	-0.05384709523711706
1182	90-94	-0.026554941283045252
1182	95-99	-0.029400371040253503
1182	100-104	-0.030922186207071434
1182	105-109	0.01647552094111404
1182	110-114	0.10686416145502875
1182	115-119	0.06294509983685259
1182	120-124	0.010858403700503061
1182	125-129	0.0221785723695902
1182	130-134	0.06662845067343426
1182	135-139	0.09839018056371174
1182	140-144	0.12345955283556265
1182	145-149	0.05856753107390489
1182	150	0.11173017460810541
1183	1	0.08649440067657821
1183	2	-0.029687580865854102
1183	3	-0.059165691063050474
1183	4	-0.041834481728024286
1183	5	-0.01762753812564455
1183	6	0.02762122386671706
1183	7	-0.023375507251941485
1183	8	0.0031817952325070564
1183	9	-0.005413097757895002
1183	10-14	-0.0030932366273290768
1183	15-19	-0.027025317782275238
1183	20-24	-0.019578188032561172
1183	25-29	-0.027603270927890833
1183	30-34	-0.05641536399490121
1183	35-39	-0.07961369933968854
1183	40-44	-0.12255393862039199
1183	45-49	-0.05875441322877606
1183	50-54	-0.06643488465133629
1183	55-59	-0.024482552996829554
1183	60-64	-0.043852017716240255
1183	65-69	-0.12424445762634662
1183	70-74	-0.04266486108887335
1183	75-79	-0.02710856448138088
1183	80-84	0.0025898214610933223
1183	85-89	0.001999283872947899
1183	90-94	-0.006293315007546596
1183	95-99	-0.02283245606940909
1183	100-104	-0.023944540848013673
1183	105-109	-0.011280694721982343
1183	110-114	0.035875208510205425
1183	115-119	0.051164653824095296
1183	120-124	0.025124847169998077
1183	125-129	0.010842021399710688
1183	130-134	0.03936860437421785
1183	135-139	0.09659188346309833
1183	140-144	0.07475219184760817
1183	145-149	0.10173828773620386
1183	150	0.12720636149791886
1184	1	0.014467906934747532
1184	2	0.009504049976442275
1184	3	0.0021675023424805318
1184	4	-0.007439680917542546
1184	5	-0.01753516566041924
1184	6	0.011117119886051796
1184	7	-0.04403704274831455
1184	8	0.03173444275980586
1184	9	-0.002171008638079286
1184	10-14	-0.014465197968576149
1184	15-19	-0.030970890562258546
1184	20-24	0.0028610228662913073
1184	25-29	-0.037768243233195165
1184	30-34	-0.0253378467320573
1184	35-39	-0.024799934355911546
1184	40-44	-0.04516563959089126
1184	45-49	-0.033893624345573414
1184	50-54	-0.016510601573152428
1184	55-59	0.011711135912939596
1184	60-64	-0.010231793276297196
1184	65-69	-0.008059712025314525
1184	70-74	0.007659099149506687
1184	75-79	-0.02157665527105479
1184	80-84	-0.025662640700971906
1184	85-89	-0.0013817942338647526
1184	90-94	-0.043842414772768734
1184	95-99	-0.029096683901826736
1184	100-104	0.01106595345756034
1184	105-109	0.01315884666130529
1184	110-114	0.07471358871627842
1184	115-119	0.045211172999927385
1184	120-124	0.03356557816309902
1184	125-129	0.005083925383424059
1184	130-134	0.02786254928368237
1184	135-139	0.117387658001185
1184	140-144	0.07695374119034426
1184	145-149	0.08231610796173072
1184	150	0.08367596299371627
1185	1	0.10860445712848588
1185	2	0.008742445790247189
1185	3	-0.08930599564783392
1185	4	0.015264390511930515
1185	5	0.025407901975626146
1185	6	-0.04035087886747846
1185	7	-0.022717361842197192
1185	8	-0.02199575216118177
1185	9	-0.012254910992758994
1185	10-14	-0.012531017460148064
1185	15-19	-0.022381586288119593
1185	20-24	-0.012954786570446686
1185	25-29	-0.0034241726103374504
1185	30-34	-0.09803673198908314
1185	35-39	-0.08560471468113207
1185	40-44	-0.06607481628628875
1185	45-49	-0.016482501470726163
1185	50-54	-0.009643619042030593
1185	55-59	-0.04219301582143942
1185	60-64	0.0018064549404854802
1185	65-69	0.0249500583670752
1185	70-74	0.05512212497085045
1185	75-79	0.061562067544571164
1185	80-84	0.0513264959667552
1185	85-89	0.024467314775023397
1185	90-94	0.007011911046532759
1185	95-99	0.06414780006622323
1185	100-104	0.0716904934006024
1185	105-109	0.07394314968261995
1185	110-114	0.10799477808443214
1185	115-119	0.10669275161511393
1185	120-124	0.05321960085591826
1185	125-129	0.08122729815134733
1185	130-134	0.05168516280041757
1185	135-139	0.16589021337485832
1185	140-144	0.17067613289933092
1185	145-149	0.13084500084704587
1185	150	0.04303141144388434
1186	1	0.08359394900051598
1186	2	0.007271917363006253
1186	3	-0.017794985024679022
1186	4	-0.019431769170395796
1186	5	-0.04054901032247926
1186	6	0.05478832099883135
1186	7	-0.05436851925445296
1186	8	-0.04370217019218359
1186	9	-0.00995437066498539
1186	10-14	-0.015306249240140346
1186	15-19	-0.03556439158872138
1186	20-24	-0.005987185735911282
1186	25-29	-0.01802227563975123
1186	30-34	-0.05815223329798869
1186	35-39	-0.07762310304623554
1186	40-44	-0.06575200925474434
1186	45-49	-0.036193721602629125
1186	50-54	-0.013894388132833058
1186	55-59	-0.028378803069990965
1186	60-64	-0.016714335306190264
1186	65-69	-0.05257668790760306
1186	70-74	-0.006739980686226943
1186	75-79	-0.028177799633574807
1186	80-84	0.020612841982874386
1186	85-89	-0.03948537920091866
1186	90-94	-0.0644279113730235
1186	95-99	-0.04159644744709112
1186	100-104	-0.001908711915646677
1186	105-109	-0.02902617633552751
1186	110-114	-0.010690097425417378
1186	115-119	0.024781148879867487
1186	120-124	-8.860712947011962E-4
1186	125-129	-0.03470827652439823
1186	130-134	0.023223223611147148
1186	135-139	0.04744948769401702
1186	140-144	0.04573997123118545
1186	145-149	0.07662962084842206
1186	150	0.12120135599266035
1187	1	0.06742609980402392
1187	2	-0.03750789097560414
1187	3	-0.08804062260730916
1187	4	-0.05150977260732503
1187	5	-0.03403515615475783
1187	6	-0.006795228092336458
1187	7	-0.04467054916647584
1187	8	-0.0618503388583278
1187	9	0.02699665714527555
1187	10-14	-0.022208204100650164
1187	15-19	-0.07968048153052365
1187	20-24	-0.041613948724048555
1187	25-29	-0.04540466329026316
1187	30-34	-0.0908704980698758
1187	35-39	-0.05564905986561541
1187	40-44	-0.047562538414460676
1187	45-49	-0.04993501261387223
1187	50-54	-0.05188699821562892
1187	55-59	-0.03988044930655832
1187	60-64	-0.03428811095432138
1187	65-69	0.030390141311514185
1187	70-74	-0.005309077731858736
1187	75-79	0.02271556228964755
1187	80-84	0.00407413830217962
1187	85-89	-0.005682156000986538
1187	90-94	-0.027484702583386422
1187	95-99	0.021497481338485613
1187	100-104	0.02895818622731383
1187	105-109	0.013580898081421822
1187	110-114	0.04297313868755026
1187	115-119	0.017238522324440453
1187	120-124	0.050178532725425384
1187	125-129	0.06642525410334343
1187	130-134	-0.0010713385261880148
1187	135-139	0.11020947220902144
1187	140-144	0.10007654147268852
1187	145-149	0.055983092097079634
1187	150	0.06198220110013608
1188	1	-0.021894697423313403
1188	2	-0.028502808485839637
1188	3	-0.036734060085919396
1188	4	-0.0711086480779457
1188	5	-0.05412475515832682
1188	6	-0.01613825959726256
1188	7	-0.03026745223971261
1188	8	-0.053897005276951404
1188	9	-0.06324156523290014
1188	10-14	-0.03255886941311559
1188	15-19	-0.03069676968938495
1188	20-24	-0.053540953626310284
1188	25-29	-0.055992676514897255
1188	30-34	-0.10125062902415038
1188	35-39	-0.11941945549298794
1188	40-44	-0.08404761634821512
1188	45-49	-0.09808203805260263
1188	50-54	-0.09404806351584938
1188	55-59	-0.1358461433412188
1188	60-64	-0.06789497032453795
1188	65-69	-0.09897396296229033
1188	70-74	-0.08578395806382133
1188	75-79	-0.03430538963232266
1188	80-84	-0.058628858615350055
1188	85-89	-0.11023203289357042
1188	90-94	-0.08209061671337992
1188	95-99	-0.09859775014867012
1188	100-104	-0.04771201396371083
1188	105-109	-0.04770829266017529
1188	110-114	-0.09670153939740089
1188	115-119	-0.08946474724196918
1188	120-124	-0.061631507139061625
1188	125-129	-0.054777378675652244
1188	130-134	-0.02537454653820248
1188	135-139	0.043373182664687704
1188	140-144	0.04953560769694576
1188	145-149	-0.017123843924373716
1188	150	-0.019663691186828203
1201	1	-0.0950593915843072
1201	2	-0.14391446134587937
1201	3	-0.08136492699986064
1201	4	-0.06820262584491132
1201	5	-0.09469177696378495
1201	6	-0.06246970634922633
1201	7	-0.12617386838939382
1201	8	-0.11591421621459119
1201	9	-0.15162568069827387
1201	10-14	-0.13420208884215867
1201	15-19	-0.09932247915131853
1201	20-24	-0.11283192361070604
1201	25-29	-0.1474759430333208
1201	30-34	-0.12090051882190522
1201	35-39	-0.12335231173581462
1201	40-44	-0.17065986344356787
1201	45-49	-0.186836870304937
1201	50-54	-0.19972050420564358
1201	55-59	-0.13076867101580802
1201	60-64	-0.16472882939808642
1201	65-69	-0.20477448373920026
1201	70-74	-0.17541645559443708
1201	75-79	-0.14428202498601905
1201	80-84	-0.2008509695429055
1201	85-89	-0.26094120893454686
1201	90-94	-0.25090319760278845
1201	95-99	-0.21226853424218461
1201	100-104	-0.2200840952962082
1201	105-109	-0.20581460980582023
1201	110-114	-0.23480653234507542
1201	115-119	-0.302523356607729
1201	120-124	-0.311052381648075
1201	125-129	-0.2899564160470689
1201	130-134	-0.3422635539415708
1201	135-139	-0.3160433632769184
1201	140-144	-0.29257456217278843
1201	145-149	-0.3676507404201246
1201	150	-0.347757489442273
1202	1	-0.09591262677077594
1202	2	-0.01698492459582468
1202	3	-0.09961463891092137
1202	4	-0.03344061590355807
1202	5	-0.07478149116478505
1202	6	-0.026301933457240523
1202	7	-0.05318161226161777
1202	8	-0.07302718571289546
1202	9	-0.03527253727425972
1202	10-14	-0.059602491425124526
1202	15-19	-0.04698744970280444
1202	20-24	-0.08504802257182575
1202	25-29	-0.0964141992610621
1202	30-34	-0.09567765385223481
1202	35-39	-0.09246488061639724
1202	40-44	-0.11473312888141862
1202	45-49	-0.15245027163911828
1202	50-54	-0.10844520018262926
1202	55-59	-0.0785060139767424
1202	60-64	-0.176957276466716
1202	65-69	-0.1476767296580661
1202	70-74	-0.14011018169751566
1202	75-79	-0.11843936216472883
1202	80-84	-0.1855029774500352
1202	85-89	-0.24230058347775696
1202	90-94	-0.2616738087407242
1202	95-99	-0.2554769133779047
1202	100-104	-0.18521155538901013
1202	105-109	-0.20800947492905664
1202	110-114	-0.21216117002925472
1202	115-119	-0.28765827854129356
1202	120-124	-0.2480151097351495
1202	125-129	-0.24452778224321747
1202	130-134	-0.2810402185329224
1202	135-139	-0.17186967486509275
1202	140-144	-0.20995302818896988
1202	145-149	-0.2640785718289038
1202	150	-0.22711308570383437
1203	1	-0.10804369803619096
1203	2	-0.05281633990834678
1203	3	-0.04502409206599367
1203	4	-0.03176804911230846
1203	5	-0.04109415640753156
1203	6	-0.0806193871788281
1203	7	-0.11059845811349334
1203	8	-0.09604089389240755
1203	9	-0.10212165532053064
1203	10-14	-0.07753843447702025
1203	15-19	-0.11068552210890914
1203	20-24	-0.10690124533542189
1203	25-29	-0.1669185897942711
1203	30-34	-0.11364058549995093
1203	35-39	-0.12946837554878954
1203	40-44	-0.1376501985238292
1203	45-49	-0.17685457024469287
1203	50-54	-0.1462859346088834
1203	55-59	-0.12678049114303747
1203	60-64	-0.14307449828607588
1203	65-69	-0.15628321133242906
1203	70-74	-0.16199288617387708
1203	75-79	-0.17947369646937972
1203	80-84	-0.1927780136615027
1203	85-89	-0.23414294756740617
1203	90-94	-0.26462153222392715
1203	95-99	-0.2278747445235183
1203	100-104	-0.17468054478136708
1203	105-109	-0.22687096948548913
1203	110-114	-0.2129073381403117
1203	115-119	-0.26578829380224533
1203	120-124	-0.20750677650695337
1203	125-129	-0.19524345959479916
1203	130-134	-0.24602724751726157
1203	135-139	-0.16167043034609208
1203	140-144	-0.19427563122572877
1203	145-149	-0.25709283400078675
1203	150	-0.48970062580134055
1204	1	-0.06690461171002227
1204	2	-0.0409666984260042
1204	3	-0.03971143159312618
1204	4	-0.07369125016123235
1204	5	-0.11802959840203897
1204	6	-0.06759080161133113
1204	7	-0.11924047259171999
1204	8	-0.09453316638215625
1204	9	-0.11579509269007815
1204	10-14	-0.0946913236809479
1204	15-19	-0.106589890604738
1204	20-24	-0.09781310742378935
1204	25-29	-0.14861043903562177
1204	30-34	-0.09765805923019855
1204	35-39	-0.15769492673268815
1204	40-44	-0.161029508205786
1204	45-49	-0.15745715565991247
1204	50-54	-0.13536122550102192
1204	55-59	-0.15907421863805382
1204	60-64	-0.1868759831204727
1204	65-69	-0.1898488413641175
1204	70-74	-0.24669216067190547
1204	75-79	-0.19074065128555162
1204	80-84	-0.19282101583382172
1204	85-89	-0.20433707893393205
1204	90-94	-0.24152377348016074
1204	95-99	-0.21873450504492098
1204	100-104	-0.22385597541548918
1204	105-109	-0.23061123045913234
1204	110-114	-0.2505162691178171
1204	115-119	-0.2551776524097278
1204	120-124	-0.2151992119059969
1204	125-129	-0.25974094507350287
1204	130-134	-0.25093147171839547
1204	135-139	-0.20418034348875835
1204	140-144	-0.2356393460517836
1204	145-149	-0.28073948510267144
1204	150	-0.3480359168603897
1205	1	-0.058418466013407055
1205	2	0.01965214769195711
1205	3	-0.010942094310550488
1205	4	-0.02515741592168297
1205	5	-0.10444281478943651
1205	6	-0.013841975384103478
1205	7	-0.11208327078519176
1205	8	-0.07936412289787853
1205	9	-0.10947853806245433
1205	10-14	-0.05347868318934701
1205	15-19	-0.040934212041491946
1205	20-24	-0.08582778744681008
1205	25-29	-0.09323499851461037
1205	30-34	-0.049345213027912393
1205	35-39	-0.053794192339502445
1205	40-44	-0.10426514822038513
1205	45-49	-0.10085137147897427
1205	50-54	-0.13411427155030253
1205	55-59	-0.10243455042890304
1205	60-64	-0.14688678644395736
1205	65-69	-0.15506030622832156
1205	70-74	-0.1393510695567386
1205	75-79	-0.13355385674417164
1205	80-84	-0.1607449399782297
1205	85-89	-0.14265363621532856
1205	90-94	-0.20909147504112013
1205	95-99	-0.22002355769924264
1205	100-104	-0.19012644583472849
1205	105-109	-0.1603035727712978
1205	110-114	-0.15283767486711497
1205	115-119	-0.2337849006364081
1205	120-124	-0.1805665987881966
1205	125-129	-0.17993650742381817
1205	130-134	-0.18583310037730882
1205	135-139	-0.18218362610199534
1205	140-144	-0.177050170110995
1205	145-149	-0.22304894157523592
1205	150	-0.32134642441334194
1206	1	-0.06627726816828527
1206	2	0.00968547708466616
1206	3	-0.06981967006723977
1206	4	0.017629477144268435
1206	5	-0.11049698142712572
1206	6	-0.09020104270767604
1206	7	-0.10022089107948062
1206	8	-0.021659096624397023
1206	9	-0.12182965288727132
1206	10-14	-0.07132988591571632
1206	15-19	-0.07046132848355313
1206	20-24	-0.06410545121485711
1206	25-29	-0.09231760145978285
1206	30-34	-0.09054719397896349
1206	35-39	-0.07208759908802165
1206	40-44	-0.07104057858117585
1206	45-49	-0.0543117344630204
1206	50-54	-0.1068458043229441
1206	55-59	-0.07570688825296656
1206	60-64	-0.11011772818383037
1206	65-69	-0.10615329290375541
1206	70-74	-0.12327944338763075
1206	75-79	-0.10735687355502677
1206	80-84	-0.12874745417027356
1206	85-89	-0.17510364731130323
1206	90-94	-0.11557116819451352
1206	95-99	-0.11774220413963832
1206	100-104	-0.11270531293305908
1206	105-109	-0.0781737466187522
1206	110-114	-0.11174320100217727
1206	115-119	-0.13031274627712008
1206	120-124	-0.11210117704187184
1206	125-129	-0.07957859373961895
1206	130-134	-0.1362340254360035
1206	135-139	-0.14548035066169263
1206	140-144	-0.10146148890402884
1206	145-149	-0.16838868873350066
1206	150	-0.14229978973771296
1207	1	-0.05403858740431389
1207	2	-0.10031528531337841
1207	3	-0.10753888690663871
1207	4	-0.032807781272374825
1207	5	-0.004610245521078582
1207	6	0.016374530789811104
1207	7	-0.053174598903709125
1207	8	-0.11685825423545992
1207	9	-0.14446483665564358
1207	10-14	-0.0670185128124956
1207	15-19	-0.04417944630060333
1207	20-24	-0.04704858533333578
1207	25-29	-0.0990565181287053
1207	30-34	-0.038977835365194835
1207	35-39	-0.07672755843977797
1207	40-44	-0.03560546242995599
1207	45-49	-0.08045331592012417
1207	50-54	-0.0818554926239301
1207	55-59	-0.08089650492750877
1207	60-64	-0.10229871514584943
1207	65-69	-0.09336222674733818
1207	70-74	-0.04637437996853322
1207	75-79	-0.07423662194905489
1207	80-84	-0.09584647116395928
1207	85-89	-0.09065746859398871
1207	90-94	-0.1040023016076006
1207	95-99	-0.14238359085643282
1207	100-104	-0.11666245106131612
1207	105-109	-0.10214829080580046
1207	110-114	-0.1326363661402823
1207	115-119	-0.16854915153868433
1207	120-124	-0.11799987261048983
1207	125-129	-0.13734800218937693
1207	130-134	-0.21118978564550162
1207	135-139	-0.08657160775862849
1207	140-144	-0.12488325797439614
1207	145-149	-0.08204352994888353
1207	150	-0.30074357944543806
1208	1	-0.07863515575732549
1208	2	-0.053978465726459035
1208	3	-0.07739899865168098
1208	4	-0.03379304789948634
1208	5	0.0018172849173794248
1208	6	0.004693293892309214
1208	7	-0.05426915133899257
1208	8	-0.07547584564402143
1208	9	0.01977127975032289
1208	10-14	-0.012103882819381795
1208	15-19	-0.02875172730478681
1208	20-24	-0.011554926935836818
1208	25-29	-0.059887128998859396
1208	30-34	-0.019200638024550187
1208	35-39	-0.058572704685488475
1208	40-44	-0.04292102780308227
1208	45-49	-0.04425863081695525
1208	50-54	-0.06188867290872224
1208	55-59	-0.07869181200369724
1208	60-64	-0.11023397825112369
1208	65-69	-0.08124171657262025
1208	70-74	-0.06518693338605175
1208	75-79	-0.05662108095041418
1208	80-84	-0.08990938348187427
1208	85-89	-0.1236560702681686
1208	90-94	-0.13260894507130416
1208	95-99	-0.13799608637546612
1208	100-104	-0.16591597937117797
1208	105-109	-0.09268544689135183
1208	110-114	-0.14968049848478415
1208	115-119	-0.1963691550290534
1208	120-124	-0.16766057829908476
1208	125-129	-0.14733040753733206
1208	130-134	-0.20049328286398094
1208	135-139	-0.13242694045827363
1208	140-144	-0.1227187696413452
1208	145-149	-0.12573282519218054
1208	150	-0.2942192893130411
1209	1	-0.04745080486956965
1209	2	0.01441441128351073
1209	3	-0.05186106223619902
1209	4	-0.040329145321770454
1209	5	-0.06217989660193979
1209	6	-0.0022231093598534812
1209	7	-0.10599147136452558
1209	8	-0.11157763089993722
1209	9	-0.11940829222746885
1209	10-14	-0.10378958295659402
1209	15-19	-0.06883538004411349
1209	20-24	-0.07981480597967305
1209	25-29	-0.09673912749507707
1209	30-34	-0.10490281129421675
1209	35-39	-0.07092726315624276
1209	40-44	-0.012323424093388269
1209	45-49	-0.09108758554311436
1209	50-54	-0.07673078054472882
1209	55-59	-0.07135685419000737
1209	60-64	-0.10068466611020455
1209	65-69	-0.09617602837541028
1209	70-74	-0.12270619045897746
1209	75-79	-0.12942616003294205
1209	80-84	-0.10642498220178709
1209	85-89	-0.12778620612387215
1209	90-94	-0.13984675401525237
1209	95-99	-0.14714618646934952
1209	100-104	-0.12622739385436432
1209	105-109	-0.16892076821341817
1209	110-114	-0.1203853877052623
1209	115-119	-0.15689217371203057
1209	120-124	-0.15552365947439029
1209	125-129	-0.15057187847012443
1209	130-134	-0.22624900435795325
1209	135-139	-0.1552266748986426
1209	140-144	-0.12795230141724545
1209	145-149	-0.14691716880830796
1209	150	-0.17675387132930354
1210	1	0.024501575205484016
1210	2	0.00611046289359507
1210	3	-0.05400088579769147
1210	4	-0.021855315171258383
1210	5	-0.035001789224700985
1210	6	-0.03201873754497342
1210	7	0.0046771446248072834
1210	8	-0.03856009554558426
1210	9	-0.10407236822648258
1210	10-14	-0.04375145628602439
1210	15-19	-0.06626776035518844
1210	20-24	-0.04611794347641052
1210	25-29	-0.07727005661563169
1210	30-34	-0.06799787521376288
1210	35-39	-0.10915579510843543
1210	40-44	-0.11728868176390961
1210	45-49	-0.09105435024187614
1210	50-54	-0.07483670554396582
1210	55-59	-0.08788690088921669
1210	60-64	-0.09360741342209877
1210	65-69	-0.09548206083546518
1210	70-74	-0.061546324204570624
1210	75-79	-0.12433443963286805
1210	80-84	-0.11426398558588602
1210	85-89	-0.12156749592571003
1210	90-94	-0.09278972187708234
1210	95-99	-0.10093104304517198
1210	100-104	-0.09887988277502302
1210	105-109	-0.12283550738313664
1210	110-114	-0.09565826337644978
1210	115-119	-0.0937502913681314
1210	120-124	-0.09669007163811472
1210	125-129	-0.09594271278335498
1210	130-134	-0.11407763495636658
1210	135-139	-0.11288942883108888
1210	140-144	-0.07863520858611395
1210	145-149	-0.10782319442864008
1210	150	-0.14044195658218683
1211	1	-0.005239126499226643
1211	2	-0.033342549918124575
1211	3	-0.06850612906915643
1211	4	-0.04082892390088233
1211	5	0.020136437029634635
1211	6	-0.008753489209645693
1211	7	-0.048234419787014815
1211	8	-0.030509930333280977
1211	9	-0.048284648995263524
1211	10-14	-0.06958470085191948
1211	15-19	-0.044475467166456895
1211	20-24	-0.08216407257947367
1211	25-29	-0.0975735498576924
1211	30-34	-0.06096488144396517
1211	35-39	-0.06836958979273078
1211	40-44	-0.07320455270728843
1211	45-49	-0.11408557016113008
1211	50-54	-0.06310397867576256
1211	55-59	-0.0683563390475257
1211	60-64	-0.11842584768437092
1211	65-69	-0.10093580026671134
1211	70-74	-0.11076507937799107
1211	75-79	-0.15173099785344135
1211	80-84	-0.1947274160240582
1211	85-89	-0.21133920705474907
1211	90-94	-0.19695805190317373
1211	95-99	-0.2617140542313763
1211	100-104	-0.2658441278510537
1211	105-109	-0.28124015654950796
1211	110-114	-0.2318388305741408
1211	115-119	-0.2810054689067556
1211	120-124	-0.2547780585200172
1211	125-129	-0.23600155248434618
1211	130-134	-0.2446216602337401
1211	135-139	-0.166849590605068
1211	140-144	-0.16910021960900679
1211	145-149	-0.1780482951628244
1211	150	-0.17118002972205915
1212	1	-0.10819367195377083
1212	2	-0.13603284573342478
1212	3	-0.020736468174497702
1212	4	-0.034263267335227
1212	5	-0.015121499478304656
1212	6	-0.05906824389940368
1212	7	-0.07821006913766837
1212	8	-0.09536112080947134
1212	9	-0.05280034163595815
1212	10-14	-0.048671280938499706
1212	15-19	-0.03812716269315075
1212	20-24	-0.08368571760111365
1212	25-29	-0.05535168838582649
1212	30-34	-0.03986874147283004
1212	35-39	-0.053475830773969335
1212	40-44	-0.0615972294749767
1212	45-49	-0.07014725847282932
1212	50-54	-0.0854888993106826
1212	55-59	-0.0854133376045283
1212	60-64	-0.033242947251473254
1212	65-69	-0.06081242364332695
1212	70-74	-0.052246320359230936
1212	75-79	-0.14347017534262108
1212	80-84	-0.12060295714959324
1212	85-89	-0.1445623311528692
1212	90-94	-0.15129102448614162
1212	95-99	-0.14511142075373584
1212	100-104	-0.1591816098135297
1212	105-109	-0.17494271787707305
1212	110-114	-0.2064921494774694
1212	115-119	-0.1583238311001125
1212	120-124	-0.20743678867874848
1212	125-129	-0.2377290055868002
1212	130-134	-0.24975225186432937
1212	135-139	-0.21221142321689968
1212	140-144	-0.07428943317321313
1212	145-149	-0.0738756761152004
1212	150	-0.06477941644644147
1213	1	-0.038831181326791864
1213	2	-0.045801632624659305
1213	3	-0.006587838557685188
1213	4	-0.007666009062937462
1213	5	-0.027041934578569737
1213	6	0.01677863224218612
1213	7	-0.10191569150600799
1213	8	-0.04790427273886877
1213	9	-0.06358093372224971
1213	10-14	-0.05358014637081965
1213	15-19	-0.060799686293933064
1213	20-24	-0.06930534614123474
1213	25-29	-0.08606050479004779
1213	30-34	-0.07450419118539031
1213	35-39	-0.05904331890148029
1213	40-44	-0.019140213170729226
1213	45-49	-0.08593235681740197
1213	50-54	-0.07725927000149824
1213	55-59	-0.11446589379455929
1213	60-64	-0.08938522965326712
1213	65-69	-0.10697193797683724
1213	70-74	-0.13588444498672203
1213	75-79	-0.1466912487693932
1213	80-84	-0.1319140980620901
1213	85-89	-0.12094455077949107
1213	90-94	-0.13328115638132232
1213	95-99	-0.12910200687974793
1213	100-104	-0.09064316361946112
1213	105-109	-0.09646416285985993
1213	110-114	-0.1396105042485729
1213	115-119	-0.14213236439115207
1213	120-124	-0.15960753140624462
1213	125-129	-0.14314811164128116
1213	130-134	-0.2254463838748606
1213	135-139	-0.12112614798665788
1213	140-144	-0.11538897221304012
1213	145-149	-0.13142589385760317
1213	150	-0.06776502285662644
1214	1	-0.14501666981738737
1214	2	-0.06989191429011754
1214	3	-0.035405990568015966
1214	4	-0.08843402392240307
1214	5	-0.055851454056124794
1214	6	-0.02066671715613211
1214	7	-0.10000784181507072
1214	8	-0.0874541616894291
1214	9	-0.03664449401195924
1214	10-14	-0.05476487756648396
1214	15-19	-0.050093199512069475
1214	20-24	-0.05482218621939694
1214	25-29	-0.08972095046793527
1214	30-34	-0.0853331760052356
1214	35-39	-0.10321252409729453
1214	40-44	-0.0833931737173188
1214	45-49	-0.08729684851844155
1214	50-54	-0.09838862889476019
1214	55-59	-0.10115842488824
1214	60-64	-0.10108873800151486
1214	65-69	-0.12829741122921234
1214	70-74	-0.17562175581547734
1214	75-79	-0.12882477145093674
1214	80-84	-0.12452112505766877
1214	85-89	-0.11565158524760477
1214	90-94	-0.1302326733496315
1214	95-99	-0.1418773161095146
1214	100-104	-0.09668479754570569
1214	105-109	-0.11902124675671644
1214	110-114	-0.08084173182440679
1214	115-119	-0.15422109951438046
1214	120-124	-0.14978849297268937
1214	125-129	-0.15682261905563166
1214	130-134	-0.13241084454674024
1214	135-139	-0.15259666967069307
1214	140-144	-0.07573431788556917
1214	145-149	-0.11449648996126172
1214	150	-0.16127489588136257
1215	1	-0.07600685184613098
1215	2	-0.043392740195045576
1215	3	0.005944774430183486
1215	4	-0.017577515970664592
1215	5	-0.10388705350707994
1215	6	-0.02658000484447598
1215	7	-0.06182645239656637
1215	8	-0.030275024966115893
1215	9	-0.09554803715868587
1215	10-14	-0.05840962973044839
1215	15-19	-0.0657168846291114
1215	20-24	-0.08552214265551328
1215	25-29	-0.07464789243941539
1215	30-34	-0.07495717519167044
1215	35-39	-0.10337747301221611
1215	40-44	-0.07879638306862091
1215	45-49	-0.06054818026372999
1215	50-54	-0.08479588621857204
1215	55-59	-0.07012353646707936
1215	60-64	-0.0972729197695088
1215	65-69	-0.09292710359294887
1215	70-74	-0.11612175453610973
1215	75-79	-0.13142606106345056
1215	80-84	-0.10887574427887614
1215	85-89	-0.11980864303500027
1215	90-94	-0.11463786024323497
1215	95-99	-0.10024222250189041
1215	100-104	-0.1275557605444817
1215	105-109	-0.08290788353225054
1215	110-114	-0.10873627139051933
1215	115-119	-0.17345907004052918
1215	120-124	-0.16634829293463582
1215	125-129	-0.12175380138052816
1215	130-134	-0.12801850248457924
1215	135-139	-0.15867879792585882
1215	140-144	-0.10831900014142803
1215	145-149	-0.10813888749731859
1215	150	-0.10724752114509783
1216	1	-0.0015171204667510096
1216	2	0.0018971081374132837
1216	3	0.003897327883038315
1216	4	3.106825816843184E-4
1216	5	-0.05133683097793096
1216	6	-0.05580929742068719
1216	7	-0.0797545723180022
1216	8	-0.0378126637009899
1216	9	0.008931973131105053
1216	10-14	-0.06859650012364682
1216	15-19	-0.05158316091674919
1216	20-24	-0.022535210466855915
1216	25-29	-0.0417362078975998
1216	30-34	-0.03919395922539337
1216	35-39	-0.03596225705326361
1216	40-44	-0.06605360017005779
1216	45-49	-0.08164223010768268
1216	50-54	-0.07058824891814908
1216	55-59	-0.11637159214581771
1216	60-64	-0.1025121152074604
1216	65-69	-0.08107501604491318
1216	70-74	-0.11193931789519951
1216	75-79	-0.10679211964380642
1216	80-84	-0.10755520916953998
1216	85-89	-0.0749282485788072
1216	90-94	-0.07677889051100806
1216	95-99	-0.09657175970279042
1216	100-104	-0.08473584023013103
1216	105-109	-0.11329879346013172
1216	110-114	-0.04174621801222145
1216	115-119	-0.08854362509472224
1216	120-124	-0.07843286340225575
1216	125-129	-0.09302401017106376
1216	130-134	-0.12883239053832796
1216	135-139	-0.09786632837992215
1216	140-144	-0.0685377928660742
1216	145-149	-0.0319551199866126
1216	150	-0.06439458892939598
1217	1	0.01647523069500778
1217	2	-0.07230198058034176
1217	3	-0.018316662532939176
1217	4	-2.2473964344271735E-4
1217	5	0.005210887862602931
1217	6	-3.0598899743949914E-4
1217	7	-0.0026005490138274467
1217	8	0.0074005320973071775
1217	9	-0.08481251053860461
1217	10-14	-0.04301424619477956
1217	15-19	-0.026345471946683574
1217	20-24	-0.013806976631045131
1217	25-29	-0.014118888248226824
1217	30-34	-0.03939209028603585
1217	35-39	-0.030600228778780547
1217	40-44	-0.038019013100701216
1217	45-49	-0.02191153435861537
1217	50-54	-0.039279318987318845
1217	55-59	-0.03281357840260313
1217	60-64	-0.023018059050578188
1217	65-69	-0.03791682680810737
1217	70-74	-0.0348202797675512
1217	75-79	-0.01902272092225843
1217	80-84	0.018728398199570506
1217	85-89	-0.034918583302854245
1217	90-94	-0.01311033993161459
1217	95-99	-0.04813322157933442
1217	100-104	-0.04160227544820572
1217	105-109	-0.04046795867514419
1217	110-114	-0.04155191899930344
1217	115-119	-0.020214310976278682
1217	120-124	-0.004957428513627349
1217	125-129	1.7841615382963028E-4
1217	130-134	-0.002991845947569516
1217	135-139	-0.00463789380513191
1217	140-144	0.040716371780341376
1217	145-149	-0.006367721178840213
1217	150	0.08698034447547087
1218	1	0.0025636157521873315
1218	2	-0.0064678276821865666
1218	3	-0.020282666853297826
1218	4	-0.04315638098118768
1218	5	-0.02035275691963534
1218	6	-0.02046056540341823
1218	7	-0.029761587169694792
1218	8	-0.061262650363566706
1218	9	-0.04786853785672207
1218	10-14	-0.05557703044880924
1218	15-19	-0.059585832086710866
1218	20-24	-0.053049987678313926
1218	25-29	-0.03938685948848075
1218	30-34	-0.05129846167868379
1218	35-39	-0.05040978533862983
1218	40-44	-0.03409221257594197
1218	45-49	-0.0995992402679633
1218	50-54	-0.09719651731582246
1218	55-59	-0.08385661063905303
1218	60-64	-0.08961133646682384
1218	65-69	-0.0841760023966458
1218	70-74	-0.08738160860288957
1218	75-79	-0.10622582115434653
1218	80-84	-0.09904042114313683
1218	85-89	-0.06979505285660537
1218	90-94	-0.07912722873394529
1218	95-99	-0.06606873630468613
1218	100-104	-0.07857528516015577
1218	105-109	-0.09881597996563585
1218	110-114	-0.051849957596679985
1218	115-119	-0.09690486482135441
1218	120-124	-0.042485661436742816
1218	125-129	-0.057821446152146905
1218	130-134	-0.10049129630108666
1218	135-139	-0.12131755103499842
1218	140-144	-0.053805962535278695
1218	145-149	-0.06623791542848778
1218	150	0.10146033371678698
1219	1	-0.08300277747679274
1219	2	-0.055476213705254906
1219	3	-0.0347221199906258
1219	4	-0.053096275334610255
1219	5	-0.0407470496754172
1219	6	-0.02735260968957931
1219	7	-0.04586386119186159
1219	8	-0.08124102952459111
1219	9	-0.14914212886755962
1219	10-14	-0.07683582336587591
1219	15-19	-0.07980390035916685
1219	20-24	-0.053158389549672336
1219	25-29	-0.07371243588841025
1219	30-34	-0.07634353287635065
1219	35-39	-0.10905198283888495
1219	40-44	-0.08793188806570384
1219	45-49	-0.12488388150647012
1219	50-54	-0.1050393165036212
1219	55-59	-0.12760886330591603
1219	60-64	-0.09475216185705193
1219	65-69	-0.08285829572967884
1219	70-74	-0.08942978956732617
1219	75-79	-0.11939953003317072
1219	80-84	-0.10085284232584968
1219	85-89	-0.08517178210399123
1219	90-94	-0.1402386170149441
1219	95-99	-0.09619064435383962
1219	100-104	-0.10319008284909614
1219	105-109	-0.10242365235099271
1219	110-114	-0.0775237929880106
1219	115-119	-0.12703639377473763
1219	120-124	-0.08841977562710923
1219	125-129	-0.12150787897448367
1219	130-134	-0.11599474047763891
1219	135-139	-0.07545667716875215
1219	140-144	-0.02616548572421351
1219	145-149	-0.08874599704757458
1219	150	-0.12783284297838549
1220	1	-0.042218076302603436
1220	2	-0.05233927838050789
1220	3	0.048596412155518465
1220	4	-0.07770146611693463
1220	5	0.039614312843390564
1220	6	-0.07888930758974055
1220	7	-0.10529267959336863
1220	8	-0.11483761282890015
1220	9	-0.09589180011386844
1220	10-14	-0.06976658512541434
1220	15-19	-0.07545593707823173
1220	20-24	-0.07155583094832707
1220	25-29	-0.043491001362930604
1220	30-34	-0.06157728685026598
1220	35-39	-0.07321265512435104
1220	40-44	-0.06610947984122362
1220	45-49	-0.09247174378394618
1220	50-54	-0.10146979606447815
1220	55-59	-0.07687740576706403
1220	60-64	-0.07656616029797192
1220	65-69	-0.07272139889199991
1220	70-74	-0.09135091593329037
1220	75-79	-0.10323914365166331
1220	80-84	-0.07731675543782757
1220	85-89	-0.0775735020218633
1220	90-94	-0.05583541881106413
1220	95-99	-0.06268626268449395
1220	100-104	-0.05153766078122146
1220	105-109	-0.1270948209690559
1220	110-114	-0.07094632867401174
1220	115-119	-0.09155475676902114
1220	120-124	-0.08071903865947405
1220	125-129	-0.07634681536394794
1220	130-134	-0.13357694921955954
1220	135-139	-0.0784124603053371
1220	140-144	-0.0463890071573374
1220	145-149	-0.12637148342494697
1220	150	-0.02848348962093894
1221	1	-0.13910900997308318
1221	2	-0.05477492861434996
1221	3	-0.11745622120800192
1221	4	-0.07993349611020051
1221	5	-0.14930214313412904
1221	6	-0.051874201858900904
1221	7	-0.19125670751699886
1221	8	-0.10535437042373275
1221	9	-0.08407409299317692
1221	10-14	-0.07793209584221472
1221	15-19	-0.09451765881674135
1221	20-24	-0.05903645192879026
1221	25-29	-0.10282961569595983
1221	30-34	-0.15654746835245703
1221	35-39	-0.11429800870794082
1221	40-44	-0.10698676363882953
1221	45-49	-0.11746074781507332
1221	50-54	-0.09189700358330555
1221	55-59	-0.1132685960002533
1221	60-64	-0.08697151745548837
1221	65-69	-0.10059312539771526
1221	70-74	-0.14949125816519881
1221	75-79	-0.12246504647811918
1221	80-84	-0.13076832374196812
1221	85-89	-0.12104854703186874
1221	90-94	-0.11846717264699436
1221	95-99	-0.11871854354170353
1221	100-104	-0.14229665686384863
1221	105-109	-0.09529865488299549
1221	110-114	-0.11044011317063251
1221	115-119	-0.1456135214633676
1221	120-124	-0.1049817436285494
1221	125-129	-0.11131434141550756
1221	130-134	-0.11508250883139937
1221	135-139	-0.1155177311964053
1221	140-144	-0.052837433535145806
1221	145-149	-0.12264842741527815
1221	150	-0.09168196563972941
1222	1	-0.021142257184962432
1222	2	-0.012898356430454783
1222	3	-0.07064804512411627
1222	4	-0.047617304602304955
1222	5	-0.01762753812564455
1222	6	-0.02977864762610949
1222	7	-0.042485000124550254
1222	8	0.016032512730902226
1222	9	-0.05304404418944131
1222	10-14	-0.05031724367142232
1222	15-19	-0.06532997497748738
1222	20-24	-0.04061290876743584
1222	25-29	-0.037600653189137745
1222	30-34	-0.062324314281667625
1222	35-39	-0.054902245542770345
1222	40-44	-0.07147947585178116
1222	45-49	-0.07320195136447438
1222	50-54	-0.10202185307189637
1222	55-59	-0.10935916231122178
1222	60-64	-0.1166513323446452
1222	65-69	-0.09859537740454982
1222	70-74	-0.08837295942065992
1222	75-79	-0.052955164990656556
1222	80-84	-0.12061762243600072
1222	85-89	-0.09820061617703857
1222	90-94	-0.10003929915833254
1222	95-99	-0.10744967127132554
1222	100-104	-0.16191841105576543
1222	105-109	-0.05193417750439977
1222	110-114	-0.0837221356748401
1222	115-119	-0.07120987319811434
1222	120-124	-0.05933292394444578
1222	125-129	-0.0679804721154369
1222	130-134	-0.13092720010449455
1222	135-139	-0.08733996013891243
1222	140-144	-0.07757402599585106
1222	145-149	-0.11115526548719146
1222	150	0.007492408950383833
1223	1	-0.08284597473534916
1223	2	-0.1331234940082382
1223	3	-0.07819818348077234
1223	4	-0.0726201604800778
1223	5	-0.1213220998734954
1223	6	-0.07676137735433741
1223	7	-0.03277430762376099
1223	8	-0.09976861054955322
1223	9	-0.11236629010836907
1223	10-14	-0.09228505202833048
1223	15-19	-0.09503332244386797
1223	20-24	-0.11573656119436748
1223	25-29	-0.08222754337898408
1223	30-34	-0.08508372475296255
1223	35-39	-0.0930085295123746
1223	40-44	-0.07079515089159827
1223	45-49	-0.14260336882394853
1223	50-54	-0.09015811195696699
1223	55-59	-0.14861025202921496
1223	60-64	-0.12635683234039163
1223	65-69	-0.09154999774273875
1223	70-74	-0.09765937705477512
1223	75-79	-0.14264653193176713
1223	80-84	-0.1616705586087761
1223	85-89	-0.17090989537236112
1223	90-94	-0.1499000456139683
1223	95-99	-0.15349557868047015
1223	100-104	-0.15444257272582718
1223	105-109	-0.17229290407557585
1223	110-114	-0.1281928258720555
1223	115-119	-0.1664543410560384
1223	120-124	-0.17897843634556665
1223	125-129	-0.13715568517336152
1223	130-134	-0.11617534047961442
1223	135-139	-0.161667837565588
1223	140-144	-0.1110204143253739
1223	145-149	-0.16369926252651368
1223	150	-0.09306021520005459
1224	1	-0.12771558145551865
1224	2	-0.03506101679533913
1224	3	-0.028736880526956554
1224	4	-0.06975799494424706
1224	5	-0.10795169130562243
1224	6	-0.03275354270000719
1224	7	-0.029513448520994245
1224	8	-0.06805665453179444
1224	9	-0.04402241846222665
1224	10-14	-0.08503447526376817
1224	15-19	-0.05312307492167179
1224	20-24	-0.09492577823837678
1224	25-29	-0.10736580371104054
1224	30-34	-0.08786855794023296
1224	35-39	-0.11479918422438118
1224	40-44	-0.07387528612695604
1224	45-49	-0.13250560467727723
1224	50-54	-0.0993223708893396
1224	55-59	-0.10687916717186852
1224	60-64	-0.17194661122950805
1224	65-69	-0.2235163593449485
1224	70-74	-0.12723025529811594
1224	75-79	-0.07968342115235316
1224	80-84	-0.10607525564510212
1224	85-89	-0.09246511369772747
1224	90-94	-0.07747047169549859
1224	95-99	-0.06601381716507859
1224	100-104	-0.07186389105221025
1224	105-109	-0.021953031455623773
1224	110-114	-0.04635102006076863
1224	115-119	-0.06416666284124517
1224	120-124	-0.03568140664492603
1224	125-129	-0.08220020527026861
1224	130-134	-0.053548897746523494
1224	135-139	-0.03658271681184999
1224	140-144	-0.02961765857985199
1224	145-149	-0.055618032101712345
1224	150	-0.0014084112598595766
1225	1	0.015460174200072174
1225	2	-0.05838861496419412
1225	3	-0.09786787843091105
1225	4	0.0017196386476854286
1225	5	-0.09073047383727584
1225	6	-0.014725295181449383
1225	7	-0.009038060590654595
1225	8	-0.06508868491203401
1225	9	-0.03220739291801067
1225	10-14	-0.06820119546841852
1225	15-19	-0.05535259004358295
1225	20-24	-0.0553224697378738
1225	25-29	-0.06919570547984222
1225	30-34	-0.07525015172923588
1225	35-39	-0.07379527521841567
1225	40-44	-0.08446795597070178
1225	45-49	-0.11056819864376877
1225	50-54	-0.1197388993106756
1225	55-59	-0.1927936794848648
1225	60-64	-0.11118952844805818
1225	65-69	-0.13333806466896903
1225	70-74	-0.08480614941905884
1225	75-79	-0.10070735482980098
1225	80-84	-0.07766492296156002
1225	85-89	-0.0527706644862036
1225	90-94	-0.07080598175109998
1225	95-99	-0.10126206177938002
1225	100-104	-0.1020630200699415
1225	105-109	-0.10184976915912358
1225	110-114	-0.06130625204157525
1225	115-119	-0.10350652340780897
1225	120-124	-0.0724923442342984
1225	125-129	-0.11522366370645898
1225	130-134	-0.10032062793270313
1225	135-139	-0.09867509843056865
1225	140-144	-0.0738781083868929
1225	145-149	-0.14922289833742752
1225	150	-0.10388732242935106
1226	1	0.027507829705037068
1226	2	-0.07594557636610233
1226	3	-0.0405525076948976
1226	4	-0.020186671095189013
1226	5	-0.021818213872109027
1226	6	0.006507282845255702
1226	7	-0.08687789260545031
1226	8	-0.004621532019527308
1226	9	-0.09564509019541134
1226	10-14	-0.09680381105898306
1226	15-19	-0.024630531239800746
1226	20-24	-0.06751887632295706
1226	25-29	-0.1132897449599497
1226	30-34	-0.08273473443016144
1226	35-39	-0.08973474323541097
1226	40-44	-0.11477148446595464
1226	45-49	-0.0874693730179672
1226	50-54	-0.13776066754302718
1226	55-59	-0.08714359195526811
1226	60-64	-0.11128577071925605
1226	65-69	-0.11661694608091011
1226	70-74	-0.13060482684896613
1226	75-79	-0.14081717202500244
1226	80-84	-0.17851962381626407
1226	85-89	-0.1367257311295873
1226	90-94	-0.17591131725141196
1226	95-99	-0.15994703131191557
1226	100-104	-0.1281518749319801
1226	105-109	-0.23923659628927396
1226	110-114	-0.16175850475364228
1226	115-119	-0.21063215861306617
1226	120-124	-0.1859960983813238
1226	125-129	-0.2354428682839682
1226	130-134	-0.20826179729242256
1226	135-139	-0.1864810379075479
1226	140-144	-0.17803466773465004
1226	145-149	-0.2092636410182891
1226	150	-0.1843848308577094
1227	1	-0.12319798974306195
1227	2	-0.07557120209496304
1227	3	-0.1011750836034011
1227	4	-0.05772325582111648
1227	5	-0.060505063093728495
1227	6	-0.02018475224712546
1227	7	-0.1196230656834345
1227	8	-0.09138335742431991
1227	9	-0.03273881313855043
1227	10-14	-0.057505477829693064
1227	15-19	-0.059011949682222564
1227	20-24	-0.031116632972441494
1227	25-29	-0.02807405453435763
1227	30-34	-0.07697762172613665
1227	35-39	-0.06301346750395709
1227	40-44	-0.0669279001715708
1227	45-49	-0.09886703394778351
1227	50-54	-0.10777804726692608
1227	55-59	-0.07169859955041602
1227	60-64	-0.08786514068843587
1227	65-69	-0.09297563607856318
1227	70-74	-0.080137799921701
1227	75-79	-0.0729023860507354
1227	80-84	-0.08891686043111235
1227	85-89	-0.10264055510221226
1227	90-94	-0.13668898073254354
1227	95-99	-0.1272807500571247
1227	100-104	-0.11316297135643083
1227	105-109	-0.11465522507338477
1227	110-114	-0.18099200555116113
1227	115-119	-0.18529670099072604
1227	120-124	-0.15168405407886354
1227	125-129	-0.09991344715271566
1227	130-134	-0.13865409412109386
1227	135-139	-0.11301813018293672
1227	140-144	-0.0949223491202531
1227	145-149	-0.14344281773868772
1227	150	-0.10224523394788321
1228	1	-0.09264713889687215
1228	2	-0.014597452582840731
1228	3	-0.032926679723296104
1228	4	-0.07583970901532666
1228	5	-0.04095416092343385
1228	6	-0.007191996107032139
1228	7	-0.15366431355139554
1228	8	-0.05766891279288444
1228	9	-0.09541509054174213
1228	10-14	-0.04686639727114539
1228	15-19	-0.0834176583546764
1228	20-24	-0.07328200877826418
1228	25-29	-0.07737052045217041
1228	30-34	-0.07647834563469758
1228	35-39	-0.09140627114869204
1228	40-44	-0.1446069526570355
1228	45-49	-0.08085014951175395
1228	50-54	-0.14996665021292443
1228	55-59	-0.11602705948120473
1228	60-64	-0.09129495139797683
1228	65-69	-0.13380885303747903
1228	70-74	-0.16865824541490326
1228	75-79	-0.14892254806779448
1228	80-84	-0.1820902296674447
1228	85-89	-0.15118546906272456
1228	90-94	-0.1465497014422965
1228	95-99	-0.17273922348735482
1228	100-104	-0.185785262965652
1228	105-109	-0.17899127619696031
1228	110-114	-0.18351309319243114
1228	115-119	-0.18140631017558917
1228	120-124	-0.1917478153239145
1228	125-129	-0.18336677146255909
1228	130-134	-0.12400223266752164
1228	135-139	-0.14985472737108552
1228	140-144	-0.10135812894224472
1228	145-149	-0.16801887468696464
1228	150	-0.2526736708425119
1229	1	-0.010000557498685225
1229	2	-0.020606394145033846
1229	3	-0.024846610293359106
1229	4	-0.05586229454300451
1229	5	-0.06660253762999702
1229	6	-0.08599530348292461
1229	7	-0.07005200940214706
1229	8	-0.07993276923627946
1229	9	-0.14656601651055468
1229	10-14	-0.07744237076978777
1229	15-19	-0.05604563434538079
1229	20-24	-0.0520566706334904
1229	25-29	-0.06991564187419641
1229	30-34	-0.06237510642191069
1229	35-39	-0.08384300283658774
1229	40-44	-0.08016587592580038
1229	45-49	-0.14369776006881096
1229	50-54	-0.11587630621142608
1229	55-59	-0.10996456119474374
1229	60-64	-0.10741018391357926
1229	65-69	-0.1636430209985491
1229	70-74	-0.20573051248570096
1229	75-79	-0.21364516394270794
1229	80-84	-0.15701939581808233
1229	85-89	-0.16311235775266653
1229	90-94	-0.16022836298743215
1229	95-99	-0.13673771274340396
1229	100-104	-0.21381329776002644
1229	105-109	-0.14301793827530673
1229	110-114	-0.15856218291720126
1229	115-119	-0.14251453257450208
1229	120-124	-0.1764476565918045
1229	125-129	-0.137908079154208
1229	130-134	-0.14196193418686676
1229	135-139	-0.1654298074698204
1229	140-144	-0.15096569476312283
1229	145-149	-0.16246807237603633
1229	150	-0.1310219115064868
1230	1	-0.017583373992451357
1230	2	0.016493545333545967
1230	3	-0.09994578890400874
1230	4	-0.06711161489867834
1230	5	-0.033915787101001627
1230	6	-0.07600408492861987
1230	7	-0.03359482693519311
1230	8	-0.00808491850941806
1230	9	-0.09540521617856257
1230	10-14	-0.07976293453668859
1230	15-19	-0.06318274002951085
1230	20-24	-0.02912264040996604
1230	25-29	-0.052688550208443985
1230	30-34	-0.02824262339186845
1230	35-39	-0.027085163119906497
1230	40-44	-0.06176359847074053
1230	45-49	-0.05461123303285831
1230	50-54	-0.07038210079758045
1230	55-59	-0.04887488723570499
1230	60-64	-0.0699211577411063
1230	65-69	-0.034940756105427795
1230	70-74	-0.06021910888220816
1230	75-79	-0.02754950100911202
1230	80-84	-0.054038006809811634
1230	85-89	-0.057499943686998733
1230	90-94	-0.05817063475506501
1230	95-99	-0.040296593838476724
1230	100-104	-0.0743085555648264
1230	105-109	-0.06308093156122396
1230	110-114	-0.05816527778089409
1230	115-119	-0.03805879508919219
1230	120-124	-0.007054463070339523
1230	125-129	-0.018437571248639983
1230	130-134	-0.01895957602068421
1230	135-139	0.011766549136012827
1230	140-144	-0.03332320067045913
1230	145-149	-0.03127668238807502
1230	150	-0.09184877376769407
1231	1	0.030786146091948297
1231	2	-0.0020769835618708044
1231	3	-0.02456239042167141
1231	4	-0.00839332242053814
1231	5	-0.037430212362892235
1231	6	-0.030963636982065168
1231	7	-0.08827315573869043
1231	8	-0.05967328612299383
1231	9	-0.059407520480895926
1231	10-14	-0.06911551425456253
1231	15-19	-0.0655813262408742
1231	20-24	-0.06345841870090396
1231	25-29	-0.07437980204966976
1231	30-34	-0.049089401824844
1231	35-39	-0.07900392764351238
1231	40-44	-0.11277401830820111
1231	45-49	-0.052064328202774846
1231	50-54	-0.11791689973293984
1231	55-59	-0.107471023637423
1231	60-64	-0.07838610669179502
1231	65-69	-0.08011872294660805
1231	70-74	-0.0909130925900925
1231	75-79	-0.08540926960183981
1231	80-84	-0.08028734420550165
1231	85-89	-0.14052084202598536
1231	90-94	-0.09490921319653012
1231	95-99	-0.06629557508858852
1231	100-104	-0.11802890880971262
1231	105-109	-0.14737046638477835
1231	110-114	-0.07484172530135424
1231	115-119	-0.13857726913393265
1231	120-124	-0.04827146555635409
1231	125-129	-0.0998985776679504
1231	130-134	-0.1723727869788192
1231	135-139	-0.07052462737804177
1231	140-144	-0.09637772082605522
1231	145-149	-0.09350726907886298
1231	150	-0.14738945512132773
1232	1	-0.052423172154611564
1232	2	-0.05210805709127442
1232	3	-0.10026386579504987
1232	4	-0.028087983771406755
1232	5	-0.1193836836369826
1232	6	-0.05675209415093008
1232	7	-0.1571868365101352
1232	8	-0.14161962055124633
1232	9	-0.08759889416938194
1232	10-14	-0.1160698578593724
1232	15-19	-0.07330489217422809
1232	20-24	-0.0925204281077967
1232	25-29	-0.14430482145520074
1232	30-34	-0.10139717675524196
1232	35-39	-0.09950740773309263
1232	40-44	-0.11467099193168906
1232	45-49	-0.11984765154105759
1232	50-54	-0.14448272593985223
1232	55-59	-0.1169654789178125
1232	60-64	-0.11296557593110634
1232	65-69	-0.11214326084996884
1232	70-74	-0.14500520982194587
1232	75-79	-0.07929855945921815
1232	80-84	-0.13546000368657474
1232	85-89	-0.104070983913914
1232	90-94	-0.1358968325234784
1232	95-99	-0.10080810071395518
1232	100-104	-0.09890762165339595
1232	105-109	-0.10467379847996483
1232	110-114	-0.12280220953753229
1232	115-119	-0.13632390521881632
1232	120-124	-0.13781833264309995
1232	125-129	-0.13304057910298894
1232	130-134	-0.16510395707272352
1232	135-139	-0.11789037446112616
1232	140-144	-0.1083363981318115
1232	145-149	-0.17836465155561143
1232	150	-0.18187029315117087
1233	1	-0.022757435119153513
1233	2	0.00866927258899608
1233	3	-0.019229268724835435
1233	4	0.035510904787365405
1233	5	-0.04798930002863955
1233	6	-0.03830044097692564
1233	7	-0.006984442892289167
1233	8	-0.08113983558316562
1233	9	-0.08311720044608961
1233	10-14	-0.05083040419497564
1233	15-19	-0.09707209342661827
1233	20-24	-0.10098361113940513
1233	25-29	-0.08276949368044484
1233	30-34	-0.07095180200987983
1233	35-39	-0.08696388704116487
1233	40-44	-0.07047929845685275
1233	45-49	-0.056844169944504586
1233	50-54	-0.05792354681044287
1233	55-59	-0.06496476563375353
1233	60-64	-0.07509286185437247
1233	65-69	-0.08031356227128583
1233	70-74	-0.07040577571552831
1233	75-79	-0.058324644457336206
1233	80-84	-0.04969525717806533
1233	85-89	-0.06988500170985645
1233	90-94	-0.08413557804909999
1233	95-99	-0.06220928345418031
1233	100-104	-0.06592483734935684
1233	105-109	-0.08947083961538027
1233	110-114	-0.08527180124708167
1233	115-119	-0.11524058079172761
1233	120-124	-0.1163648179035377
1233	125-129	-0.10237205758414092
1233	130-134	-0.09974062837063968
1233	135-139	-0.06063003503965092
1233	140-144	-0.07653899432703071
1233	145-149	-0.10306671653649602
1233	150	-0.01495347233409916
1234	1	-0.06528174503201711
1234	2	-0.04101352768217481
1234	3	-0.10567880127802454
1234	4	-0.07165841843254839
1234	5	-0.08480077673901576
1234	6	-0.07451298996397782
1234	7	-0.0840862756181906
1234	8	-0.06050352859988806
1234	9	-0.065034269591834
1234	10-14	-0.0929887576706605
1234	15-19	-0.07453048625973935
1234	20-24	-0.12220260832845753
1234	25-29	-0.12845880662091957
1234	30-34	-0.1746230646947069
1234	35-39	-0.1198171067707463
1234	40-44	-0.14627327509142418
1234	45-49	-0.15858615885201033
1234	50-54	-0.11523654380108184
1234	55-59	-0.13329136816870601
1234	60-64	-0.13379577386298536
1234	65-69	-0.1978263843465342
1234	70-74	-0.1996589941498783
1234	75-79	-0.17982617327437111
1234	80-84	-0.17679608021060744
1234	85-89	-0.2329632417584122
1234	90-94	-0.160190685522565
1234	95-99	-0.18169614728481776
1234	100-104	-0.15355818972849988
1234	105-109	-0.2007871824295222
1234	110-114	-0.19506433722882122
1234	115-119	-0.20003394542850828
1234	120-124	-0.16475983820189555
1234	125-129	-0.16710285655772594
1234	130-134	-0.1698898480955151
1234	135-139	-0.18960183456930224
1234	140-144	-0.13713162839325577
1234	145-149	-0.18724197222000072
1234	150	-0.19254534486193364
1235	1	-0.0879780462388311
1235	2	-0.03428863197608223
1235	3	-0.09592688036087793
1235	4	-0.08546817849209276
1235	5	-0.07664298578959716
1235	6	-0.07249075400387994
1235	7	-0.04110829036850561
1235	8	-0.09784267537364144
1235	9	-0.08650758826144056
1235	10-14	-0.10108834797122057
1235	15-19	-0.08029805226838249
1235	20-24	-0.09360621634282751
1235	25-29	-0.11187107754162895
1235	30-34	-0.11357789460330991
1235	35-39	-0.10398577319752178
1235	40-44	-0.11529427629872657
1235	45-49	-0.14350547169635064
1235	50-54	-0.11704965962486824
1235	55-59	-0.14141558728042014
1235	60-64	-0.1603457269357591
1235	65-69	-0.14546181737474484
1235	70-74	-0.15282646982922898
1235	75-79	-0.12250958280086621
1235	80-84	-0.16536473935046558
1235	85-89	-0.15381054857070353
1235	90-94	-0.14897395364041444
1235	95-99	-0.15927127166504107
1235	100-104	-0.12173904327650575
1235	105-109	-0.11946575798993564
1235	110-114	-0.13822449524121794
1235	115-119	-0.15314743172544354
1235	120-124	-0.1837547555818233
1235	125-129	-0.19100318960266094
1235	130-134	-0.12027635008746529
1235	135-139	-0.12266221632297913
1235	140-144	-0.12852640221157685
1235	145-149	-0.14593455852197934
1235	150	-0.09042024043790065
1236	1	-0.04063733068667119
1236	2	-0.026185939712192408
1236	3	-0.049448116827292665
1236	4	-0.058511092255692176
1236	5	0.008373431724031377
1236	6	-0.10414616827945622
1236	7	-0.03646974201337372
1236	8	-0.03559805595951815
1236	9	-0.10740573717465196
1236	10-14	-0.10088526277131393
1236	15-19	-0.05876342136473056
1236	20-24	-0.08585744348360436
1236	25-29	-0.03460875978976219
1236	30-34	-0.028402119840848172
1236	35-39	-0.03573678761732424
1236	40-44	-0.004005267687382741
1236	45-49	-0.00875439311695203
1236	50-54	8.025900918013917E-4
1236	55-59	-0.04860572195162405
1236	60-64	-0.023324440869963325
1236	65-69	-0.0056747324854669046
1236	70-74	-0.04015412381635741
1236	75-79	-0.06275771702365773
1236	80-84	-0.03642464853743377
1236	85-89	-0.023663002840429215
1236	90-94	-0.0346718358770417
1236	95-99	-0.013783927556850983
1236	100-104	-0.013861264675355756
1236	105-109	-0.06706842693382953
1236	110-114	-0.0023841716307018146
1236	115-119	-0.05491904113422663
1236	120-124	-0.013540521766785218
1236	125-129	-0.005999793406353149
1236	130-134	0.010290387359923159
1236	135-139	0.059186233063044824
1236	140-144	0.03798575271463278
1236	145-149	-0.03185522366033666
1236	150	-0.05589836071841603
1237	1	-0.0592121264939891
1237	2	-0.051826508523006964
1237	3	-0.1461723403266646
1237	4	-0.015302978665140188
1237	5	-0.021192520188080266
1237	6	-0.048928743218034754
1237	7	-0.008812108925766893
1237	8	-0.014415037720851842
1237	9	-0.04835207048952839
1237	10-14	-0.08037825393325448
1237	15-19	-0.04029198438563952
1237	20-24	-0.07396109619269708
1237	25-29	-0.03292186458205748
1237	30-34	-0.05019494682397152
1237	35-39	-0.062006173281794474
1237	40-44	-0.06281720365972632
1237	45-49	-0.06595273725442752
1237	50-54	-0.06657815383554322
1237	55-59	-0.02821726651183809
1237	60-64	-0.027185553919295558
1237	65-69	-0.018415492682308354
1237	70-74	-0.03618861513284344
1237	75-79	-0.01493077590691172
1237	80-84	-0.01934417612811501
1237	85-89	0.007760380983171444
1237	90-94	-0.0329986932448989
1237	95-99	-0.006250662322997869
1237	100-104	-0.03504393731204658
1237	105-109	-5.659524986612041E-5
1237	110-114	0.038683926797453694
1237	115-119	-0.034517846090231785
1237	120-124	-0.006018917620608022
1237	125-129	-0.03715889896696467
1237	130-134	-0.021258604909377254
1237	135-139	0.009420095372000503
1237	140-144	0.04064076250440252
1237	145-149	0.030866543323966766
1237	150	-0.010578261478208617
1238	1	-0.09910784464039324
1238	2	-0.05200614294704309
1238	3	-0.11807586445932827
1238	4	-0.10514390029015885
1238	5	-0.11587614344114883
1238	6	-0.06566546612162227
1238	7	-0.14948737391922862
1238	8	-0.08238274963643732
1238	9	-0.09031646650695535
1238	10-14	-0.11766164901555953
1238	15-19	-0.06714354556208946
1238	20-24	-0.0808176405457317
1238	25-29	-0.08911028831702339
1238	30-34	-0.07606219692518579
1238	35-39	-0.10111966462329747
1238	40-44	-0.05652606504428803
1238	45-49	-0.10584686287599254
1238	50-54	-0.059850354419033636
1238	55-59	-0.06308533622853929
1238	60-64	-0.10729738481597195
1238	65-69	-0.07912769712114454
1238	70-74	-0.08937824330384814
1238	75-79	-0.10584762632301192
1238	80-84	-0.1108209654055301
1238	85-89	-0.09023334078479195
1238	90-94	-0.13027580260791893
1238	95-99	-0.13014216550777746
1238	100-104	-0.05543096481869014
1238	105-109	-0.06358457374221871
1238	110-114	-0.07436925646062065
1238	115-119	-0.0940361204017961
1238	120-124	-0.0803272255552514
1238	125-129	-0.07612017345745414
1238	130-134	-0.06394815829708023
1238	135-139	-0.03188247584847659
1238	140-144	-0.02079033616599446
1238	145-149	-0.04861058323594136
1238	150	-0.11769801809763436
1239	1	-0.0613405400199909
1239	2	0.026049527538468453
1239	3	-0.025437035677484232
1239	4	0.02754762189501747
1239	5	-0.03747066315811054
1239	6	-0.011048637311247944
1239	7	-0.042893142187672595
1239	8	0.037255900013200005
1239	9	-0.050732475959222256
1239	10-14	-0.03396484639335995
1239	15-19	-0.03278250063478083
1239	20-24	-0.07340452627153127
1239	25-29	-0.038926743856038115
1239	30-34	-0.05193895396642745
1239	35-39	-0.07590894649337798
1239	40-44	-0.10679489545892551
1239	45-49	-0.06557117893706277
1239	50-54	-0.0561184862709041
1239	55-59	-0.10225452210700325
1239	60-64	-0.061839337420437346
1239	65-69	-0.05351126303572329
1239	70-74	-0.08141896074155142
1239	75-79	-0.042152757694559284
1239	80-84	-0.0631415729543292
1239	85-89	-0.07312362574239017
1239	90-94	-0.0787528353753757
1239	95-99	-0.04501061430212161
1239	100-104	-0.04768167381762822
1239	105-109	-0.026618238443717246
1239	110-114	-0.0364578006124745
1239	115-119	-0.03551970496937429
1239	120-124	0.016087276861448174
1239	125-129	-0.10085891256751012
1239	130-134	-0.04160197024630463
1239	135-139	-0.002495388057312198
1239	140-144	0.008121707806466816
1239	145-149	-0.024703355753366907
1239	150	-0.002492230066515333
1240	1	-0.08468472418780948
1240	2	-0.04815693546286326
1240	3	-0.07745594748036666
1240	4	-0.0362377797594462
1240	5	-0.06821702462694645
1240	6	-0.08034599988879165
1240	7	-0.04245985851655121
1240	8	-0.05875498955619918
1240	9	-0.105671143739265
1240	10-14	-0.04449459161190816
1240	15-19	-0.030773568576989874
1240	20-24	-0.06294680062941183
1240	25-29	-0.014092973029370626
1240	30-34	-0.029325544776916956
1240	35-39	-0.009909930574480086
1240	40-44	-0.03150318835785271
1240	45-49	-0.04143880167193714
1240	50-54	-0.02096826812519481
1240	55-59	-0.060261932495393467
1240	60-64	-0.07044684301580162
1240	65-69	-0.03316745821424405
1240	70-74	-0.04137938448489109
1240	75-79	-0.07034434012096114
1240	80-84	-0.08332469034348833
1240	85-89	-0.0801751538631521
1240	90-94	-0.03302104695239194
1240	95-99	-0.05412606497352357
1240	100-104	-0.023595659452332995
1240	105-109	-0.03823761890934918
1240	110-114	-0.0795608506956853
1240	115-119	-0.029689951120253966
1240	120-124	-0.054744857162077665
1240	125-129	-0.04306104856318882
1240	130-134	-0.021496727296707263
1240	135-139	-0.03685828181507844
1240	140-144	-0.008070820561130176
1240	145-149	-0.04947816144435535
1240	150	-0.07244124366934557
1241	1	-0.009247196157517124
1241	2	0.06936425000840529
1241	3	-0.03944466736195551
1241	4	-0.008493844929027716
1241	5	-0.015427879072795747
1241	6	-0.061372798151822394
1241	7	0.01492729144644045
1241	8	-0.018695675828439562
1241	9	-0.014960066253642879
1241	10-14	-0.05066104752467737
1241	15-19	-0.03475514264792423
1241	20-24	-0.00789952696066365
1241	25-29	-0.042611519362019123
1241	30-34	-0.014190322669406896
1241	35-39	-0.019593289859479057
1241	40-44	-0.06747542981224797
1241	45-49	-0.06863711129564365
1241	50-54	-0.04907667862155307
1241	55-59	-0.04598412829863463
1241	60-64	-0.04747069820007965
1241	65-69	-0.05720974455859107
1241	70-74	-0.08023691098434682
1241	75-79	-0.06917372254279996
1241	80-84	-0.07685238223870527
1241	85-89	-0.05581201974280958
1241	90-94	-0.0726849438453101
1241	95-99	-0.060696656083926825
1241	100-104	-0.06829382762810354
1241	105-109	-0.035195367258083365
1241	110-114	-0.018803626615174096
1241	115-119	-0.008420248447087886
1241	120-124	-0.08760054246358351
1241	125-129	-0.04077040396171583
1241	130-134	-0.053800678524865475
1241	135-139	0.019517381734999617
1241	140-144	0.0018353560261203938
1241	145-149	-0.062417486509588116
1241	150	-0.043135338986786564
1242	1	-0.0658683618365501
1242	2	-0.013288189802310058
1242	3	-0.030970217842565262
1242	4	-0.03737961345259322
1242	5	-0.07475244102073475
1242	6	-0.08725038323402146
1242	7	-0.09383862552778766
1242	8	-0.019470245083965665
1242	9	-0.11566985056960988
1242	10-14	-0.05642762553847547
1242	15-19	-0.0680853158360577
1242	20-24	-0.06249105503140839
1242	25-29	-0.08782992327827799
1242	30-34	-0.07278737600869789
1242	35-39	-0.10120455407734141
1242	40-44	-0.10833860404346041
1242	45-49	-0.07510102540124564
1242	50-54	-0.06879212187431705
1242	55-59	-0.0877644434047653
1242	60-64	-0.07329373250241389
1242	65-69	-0.09057713287286617
1242	70-74	-0.10620206938241239
1242	75-79	-0.07867914882617555
1242	80-84	-0.04190872134670798
1242	85-89	-0.048893421589497166
1242	90-94	-0.11386362226316038
1242	95-99	-0.034166393061312306
1242	100-104	-0.062311825852376046
1242	105-109	-0.047120200711560756
1242	110-114	-0.04781858815582041
1242	115-119	-0.06491394054208399
1242	120-124	-0.0520207384530309
1242	125-129	-0.13047906723089397
1242	130-134	-0.05974817387032516
1242	135-139	-0.03306803905089595
1242	140-144	-0.004155878869511298
1242	145-149	-0.02484066701084231
1242	150	-0.050843227568933
1243	1	-0.01227901692895017
1243	2	0.030171036307322652
1243	3	-0.09758921171156487
1243	4	-0.01254609561804898
1243	5	-0.02088784941837929
1243	6	-0.015674026299677735
1243	7	-0.08327929957766145
1243	8	-0.02941618415478331
1243	9	-0.0916940456249975
1243	10-14	-0.06604245025882705
1243	15-19	-0.08997648215900256
1243	20-24	-0.03191162069989417
1243	25-29	-0.041554179397643054
1243	30-34	-0.05542140796829642
1243	35-39	-0.05202092151185411
1243	40-44	-0.06296247087199447
1243	45-49	-0.033327578623492116
1243	50-54	-0.039675896400218846
1243	55-59	-0.008111077717522619
1243	60-64	-0.0038008568559888545
1243	65-69	-0.01769095471677673
1243	70-74	-0.03328167389458514
1243	75-79	-0.025013361440890947
1243	80-84	-0.0912742891132936
1243	85-89	-0.065705435929452
1243	90-94	-0.10008853347432733
1243	95-99	-0.05462231358030323
1243	100-104	-0.04793193082021219
1243	105-109	-0.06294915941105472
1243	110-114	-0.0054916786676741935
1243	115-119	-0.07041882767604335
1243	120-124	-0.05321276881913661
1243	125-129	-0.053823745357377106
1243	130-134	-0.03287200875527674
1243	135-139	-0.003060806884072065
1243	140-144	-0.024714767020164174
1243	145-149	-0.040878436772622706
1243	150	-0.03541854074023121
1244	1	-0.026551827982139287
1244	2	-0.008836332731057439
1244	3	0.03798664057254797
1244	4	0.002611437156502916
1244	5	0.014673417779384579
1244	6	0.02507685066324683
1244	7	-0.029443225166033926
1244	8	-0.023539312298829884
1244	9	-0.01661328489836933
1244	10-14	-0.027259933420765492
1244	15-19	-0.009827221794807883
1244	20-24	-0.024331816891894675
1244	25-29	0.006894056295024598
1244	30-34	0.010917369638285379
1244	35-39	0.01643262076267149
1244	40-44	0.00920318423661115
1244	45-49	-0.02158591095509621
1244	50-54	-0.013858993873327563
1244	55-59	-0.03344194280547441
1244	60-64	-0.008052521719555727
1244	65-69	0.027052115363758844
1244	70-74	-0.025304712794216755
1244	75-79	0.01244223600490102
1244	80-84	-0.007875652185056481
1244	85-89	-0.024348915077226252
1244	90-94	0.011811221376738956
1244	95-99	0.057524335747444866
1244	100-104	0.02613192446542456
1244	105-109	0.08082140741844057
1244	110-114	0.04640584106626733
1244	115-119	0.03989525873440414
1244	120-124	0.05231332952455858
1244	125-129	0.024934765098791445
1244	130-134	0.051743965629761135
1244	135-139	0.04126860042376279
1244	140-144	0.0783776472050306
1244	145-149	0.04509577778550522
1244	150	0.012459649747405876
1245	1	0.042050430089346946
1245	2	0.03192429295792465
1245	3	-0.03298378258169521
1245	4	-0.025253597319796484
1245	5	-0.03600727477272869
1245	6	-0.02623287403071828
1245	7	-0.05836619567565293
1245	8	0.008502534794999406
1245	9	-0.054974331363915496
1245	10-14	-0.024654461884438206
1245	15-19	-0.05550805124340741
1245	20-24	-0.05057391039940029
1245	25-29	-0.02722393694661207
1245	30-34	-0.05036214272202244
1245	35-39	-0.027324717969662515
1245	40-44	-0.028531585308961382
1245	45-49	-0.04183015157588699
1245	50-54	-0.06617920483801498
1245	55-59	-0.056791502935453764
1245	60-64	-0.06778366855184714
1245	65-69	-0.06827630218492686
1245	70-74	-0.07216833939824596
1245	75-79	-0.0721789743041299
1245	80-84	-0.05446499011042505
1245	85-89	-0.08836324453663735
1245	90-94	-0.0880124847713546
1245	95-99	-0.059317430649514336
1245	100-104	-0.04232081382452435
1245	105-109	-0.03699357482103949
1245	110-114	-0.03227219425302508
1245	115-119	-0.0868916481976072
1245	120-124	-0.02344753104996755
1245	125-129	-0.0613738629822862
1245	130-134	-0.009207513933034761
1245	135-139	0.04732609982934832
1245	140-144	-0.008752855493270317
1245	145-149	-0.044309627464116375
1245	150	-0.04341895909610116
1246	1	-0.11666832080612011
1246	2	0.027548788958824844
1246	3	-0.06563590576728018
1246	4	-0.06618630033739237
1246	5	-0.06698929095940542
1246	6	-0.07103260098516273
1246	7	-0.05885947818185855
1246	8	0.0019121320168409284
1246	9	-0.059719449207044306
1246	10-14	-0.0755075262279874
1246	15-19	-0.05102191831722536
1246	20-24	-0.0652247720718222
1246	25-29	-0.061943415004527935
1246	30-34	-0.03890900925859597
1246	35-39	-0.039289394208935846
1246	40-44	-0.0292861497673087
1246	45-49	-0.051583966249459934
1246	50-54	-0.031501375044371116
1246	55-59	-0.08030513844956033
1246	60-64	-0.024685650231944578
1246	65-69	0.003328549292604066
1246	70-74	-0.04804596635671743
1246	75-79	-0.02108451244436793
1246	80-84	-0.015176012990629317
1246	85-89	0.002921467522476462
1246	90-94	-0.023469995594972204
1246	95-99	0.01008263828475009
1246	100-104	0.01868145687596723
1246	105-109	-0.025403848972196386
1246	110-114	-0.02254573518033709
1246	115-119	-0.005718415432646395
1246	120-124	0.012916357375836185
1246	125-129	0.007086927381116936
1246	130-134	0.01953032207651262
1246	135-139	0.012477825384223706
1246	140-144	0.04944336630149593
1246	145-149	-0.025472755594478258
1246	150	-0.03127657586176724
1247	1	-0.006907803744631735
1247	2	9.332661338063986E-4
1247	3	-0.08602665096531581
1247	4	0.051795860864089605
1247	5	0.028119067986068558
1247	6	0.036825933069330574
1247	7	-0.04351679194587632
1247	8	-0.03458258219089316
1247	9	-0.07086523048703697
1247	10-14	-0.010189370991810165
1247	15-19	-0.0026236136779971275
1247	20-24	-0.021191388464217198
1247	25-29	0.002689737269157888
1247	30-34	0.0031939262902085375
1247	35-39	-8.065791388673915E-4
1247	40-44	0.005253055013326957
1247	45-49	-0.012782650329469902
1247	50-54	-0.030769559777198197
1247	55-59	-0.015894321310248927
1247	60-64	0.010991060914562922
1247	65-69	0.04943284118597546
1247	70-74	-0.01418358171041234
1247	75-79	-0.010873345355093988
1247	80-84	-0.027493197594189667
1247	85-89	0.02084197775793939
1247	90-94	-0.025077979610713896
1247	95-99	-0.013262317695250658
1247	100-104	-0.0057685772249698175
1247	105-109	0.02454021755069391
1247	110-114	0.06563106892637194
1247	115-119	0.027161004066805106
1247	120-124	0.055447317782260086
1247	125-129	0.04007039235656862
1247	130-134	0.011972163091627408
1247	135-139	0.08753475840194369
1247	140-144	0.08306555813145877
1247	145-149	0.06010151283796006
1247	150	0.030437801239088458
1248	1	0.032568547258328806
1248	2	0.05833810941576445
1248	3	0.0035891940522390087
1248	4	-0.022205849266967448
1248	5	0.010047584692223666
1248	6	-0.013364604474332964
1248	7	0.007329706796411983
1248	8	-0.06193430909257103
1248	9	-0.028560514906075696
1248	10-14	-0.005419785284367151
1248	15-19	-0.0430461480940707
1248	20-24	-0.020164157605634614
1248	25-29	-0.028510763902254155
1248	30-34	-0.005797293416236471
1248	35-39	-0.0018590897949266605
1248	40-44	0.011156867112305235
1248	45-49	-0.008982200339850976
1248	50-54	-0.007933353161753587
1248	55-59	-0.028278126707888873
1248	60-64	0.012609152308300509
1248	65-69	-0.0044090485445593686
1248	70-74	-0.03552763502980838
1248	75-79	-0.006957165973609847
1248	80-84	-0.06198276864073193
1248	85-89	-0.03309741317868031
1248	90-94	-0.042160808509919434
1248	95-99	0.02087220700710901
1248	100-104	0.02676147537290774
1248	105-109	-0.008209287655446929
1248	110-114	-0.0049779172465846955
1248	115-119	0.009010823864706197
1248	120-124	0.018916166884331176
1248	125-129	0.007640698480628316
1248	130-134	0.07206576747570637
1248	135-139	0.0542343287490894
1248	140-144	0.07082723255278012
1248	145-149	0.060600633287663186
1248	150	0.06291358408032721
1249	1	-0.05455999289874569
1249	2	-0.10058586839740258
1249	3	-0.060802671478057846
1249	4	-0.058439777466787746
1249	5	-0.014195373481953766
1249	6	-0.06858489376015342
1249	7	-0.07374179630562594
1249	8	0.010578269856047484
1249	9	-0.07040964010901973
1249	10-14	-0.03545750969102812
1249	15-19	-0.08545112072638261
1249	20-24	-0.038538065627619744
1249	25-29	-0.06055804102194884
1249	30-34	-0.026705447993521148
1249	35-39	-0.037022779299853426
1249	40-44	-0.043594432490429824
1249	45-49	-0.09349031522879869
1249	50-54	-0.10222387002036726
1249	55-59	-0.08383910347411927
1249	60-64	-0.056547830570401914
1249	65-69	-0.09433374314779996
1249	70-74	-0.06566776470764779
1249	75-79	-0.06834088983411846
1249	80-84	-0.13804713750107567
1249	85-89	-0.12000354646065858
1249	90-94	-0.11018675578355186
1249	95-99	-0.09720021600966788
1249	100-104	-0.033308962641726225
1249	105-109	-0.03965827775414965
1249	110-114	-0.0632184771448081
1249	115-119	-0.07226403805295689
1249	120-124	-0.1218348968128069
1249	125-129	-0.08061692213341587
1249	130-134	-0.06860872934440465
1249	135-139	-0.06877017189643198
1249	140-144	-0.01549723832063421
1249	145-149	-0.07903755309590821
1249	150	-0.047396397623820974
1250	1	-0.05886110956441826
1250	2	-0.06709552300294774
1250	3	0.026457022107798878
1250	4	-0.05324086237072834
1250	5	-0.10612346490955105
1250	6	-0.027251516794535746
1250	7	-0.023302618106882278
1250	8	-0.07421209305548615
1250	9	-0.07418100950187068
1250	10-14	-0.035423322512372124
1250	15-19	-0.01477421073914087
1250	20-24	-0.0500218777290371
1250	25-29	-0.008096891401073947
1250	30-34	-0.04064226716143793
1250	35-39	-0.02862382108482109
1250	40-44	-0.03685262846227033
1250	45-49	-0.0645721199884477
1250	50-54	-0.0782064530388098
1250	55-59	-0.08748265593776239
1250	60-64	-3.3456109419915947E-4
1250	65-69	-0.039000562527462534
1250	70-74	-0.08106739473153368
1250	75-79	-0.03443906632542593
1250	80-84	-0.052244710904375324
1250	85-89	-0.06252026949638889
1250	90-94	-0.0449919600885238
1250	95-99	-0.006984255448116983
1250	100-104	-0.025045983159813545
1250	105-109	-0.006644088920026547
1250	110-114	-0.007904238069400549
1250	115-119	-0.036789450329926865
1250	120-124	-0.05454636741973218
1250	125-129	-0.042014823548839786
1250	130-134	-2.4684573865840775E-4
1250	135-139	3.689310366254972E-4
1250	140-144	0.03178347576021423
1250	145-149	0.009544352723814598
1250	150	0.06855742658555641
1251	1	0.07398814881760529
1251	2	-0.030611348458506882
1251	3	-0.029762287597577597
1251	4	-0.007788210839656529
1251	5	-0.01169271712390696
1251	6	-0.04268743767444505
1251	7	-0.07699143841927025
1251	8	-0.03288835974298365
1251	9	-0.05777830124399941
1251	10-14	-0.0427660225781068
1251	15-19	-0.0035278658018285114
1251	20-24	-0.015047165786612027
1251	25-29	-0.040806525165862695
1251	30-34	-0.013012351776858111
1251	35-39	-0.041838420739601645
1251	40-44	-0.03678025849185218
1251	45-49	-0.08652601139255722
1251	50-54	-0.08885430218578705
1251	55-59	-0.08299917288434244
1251	60-64	-0.08870632957927427
1251	65-69	-0.0836351604974297
1251	70-74	-0.09082514828988053
1251	75-79	-0.05913665685574898
1251	80-84	-0.04894633150156125
1251	85-89	-0.06527466190355113
1251	90-94	-0.12418642223391174
1251	95-99	-0.0641862109130642
1251	100-104	-0.04693435625763698
1251	105-109	-0.06962011157995107
1251	110-114	-0.059430274964093144
1251	115-119	-0.07126256189636848
1251	120-124	-0.06126941937815644
1251	125-129	-0.0444102590287514
1251	130-134	-0.011932458476685781
1251	135-139	-0.06647705207426213
1251	140-144	-0.037029005231175915
1251	145-149	-0.025392973728145307
1251	150	0.06656927276147684
1252	1	0.04045167986954823
1252	2	-0.07220869319105105
1252	3	-0.05684276418545409
1252	4	-0.014258131228395143
1252	5	-0.042117090986607764
1252	6	0.0011039226816649261
1252	7	0.007116180648331749
1252	8	-0.05612393967609819
1252	9	-0.018418921502416197
1252	10-14	-0.01618797328569599
1252	15-19	0.018224168414533892
1252	20-24	-0.004039680963551007
1252	25-29	0.0065197805407208875
1252	30-34	-0.025837432621599987
1252	35-39	-0.01661602509001625
1252	40-44	-0.0026988173880013733
1252	45-49	-0.010043894322848246
1252	50-54	-0.01625524925075439
1252	55-59	0.010515869722986793
1252	60-64	-0.019893991593200155
1252	65-69	0.006140580979163701
1252	70-74	-0.030953305464521463
1252	75-79	0.004365169632556842
1252	80-84	-0.002316918799998291
1252	85-89	-0.006811410933728723
1252	90-94	-0.03236040472925339
1252	95-99	-0.002165542479474425
1252	100-104	0.023836601965271598
1252	105-109	-0.023366896099972223
1252	110-114	-0.024940403201142658
1252	115-119	0.021894132433530444
1252	120-124	-0.029655158820851568
1252	125-129	0.005138761062752906
1252	130-134	0.018899948101434916
1252	135-139	-0.00463587964559764
1252	140-144	0.036644589254450466
1252	145-149	0.04814741496509356
1252	150	-0.057675003674660275
1253	1	-0.026014151962868937
1253	2	0.012550243519456217
1253	3	-0.042699147561783946
1253	4	-0.029321941433309462
1253	5	-0.030169296592937656
1253	6	-0.0406033796365719
1253	7	-0.030117628996620738
1253	8	-0.018263036011653355
1253	9	-0.03489792879400966
1253	10-14	-0.023254400997650748
1253	15-19	-0.04472452709816821
1253	20-24	-0.05522712122962048
1253	25-29	-0.02306773513551974
1253	30-34	-0.028758590095549152
1253	35-39	-0.051687254213277356
1253	40-44	-0.030888720782861867
1253	45-49	-0.05061610622350088
1253	50-54	-0.06954890518756685
1253	55-59	-0.04550068523197126
1253	60-64	-0.027749644060897083
1253	65-69	-0.032650704937758235
1253	70-74	-0.042524761656700605
1253	75-79	-0.026055982656501442
1253	80-84	-0.04184215125754065
1253	85-89	-0.008472725188781283
1253	90-94	-0.03375062087659586
1253	95-99	-0.01318172777376958
1253	100-104	-0.0421865601443443
1253	105-109	0.001670618394705059
1253	110-114	-0.028625862912797118
1253	115-119	0.03190613771446493
1253	120-124	-0.029032411344580566
1253	125-129	0.017863102794407837
1253	130-134	-0.03214950110128001
1253	135-139	0.006545591134084816
1253	140-144	-0.02056892425361667
1253	145-149	0.00989973905853958
1253	150	-0.08840243536623404
1254	1	-0.0582715932957214
1254	2	-0.06709429969843939
1254	3	-0.008859720847432584
1254	4	0.014950907737500074
1254	5	-0.030139303324311584
1254	6	0.005776598180013082
1254	7	-0.09116095035720662
1254	8	-0.07479094909916739
1254	9	-0.02875487807480681
1254	10-14	-0.04652858571012075
1254	15-19	-0.04630009612472463
1254	20-24	-0.02383220972397737
1254	25-29	-0.021769148433435248
1254	30-34	0.0033128813689913272
1254	35-39	-0.04180857379410696
1254	40-44	-0.017235216365293127
1254	45-49	-0.044422873343059166
1254	50-54	-0.03368230480389656
1254	55-59	-0.04117092194847771
1254	60-64	-0.07147951644562056
1254	65-69	-0.06520237037346277
1254	70-74	-0.04538914781777237
1254	75-79	0.011731428420269197
1254	80-84	-0.04314616807558025
1254	85-89	-0.06717876452776039
1254	90-94	-0.04328585806504748
1254	95-99	-0.03281838456044994
1254	100-104	-0.03299637897745811
1254	105-109	0.016141262439525406
1254	110-114	-0.044433939873783856
1254	115-119	9.98985213307435E-4
1254	120-124	-0.03572072460379161
1254	125-129	-0.002245869654196042
1254	130-134	0.016424313174013605
1254	135-139	0.003756832100641816
1254	140-144	0.025906196620127275
1254	145-149	0.025092716154993866
1254	150	0.029218633158755836
1255	1	-0.007005631935584233
1255	2	0.06769375347833773
1255	3	-0.07487992353299688
1255	4	-0.029116988723735915
1255	5	-0.013599027142390696
1255	6	-0.047210107625339504
1255	7	-0.0602544643172962
1255	8	-0.06855774427467765
1255	9	-0.050388734087071896
1255	10-14	-0.016922758883026745
1255	15-19	-0.015112061131844712
1255	20-24	-0.07280008776937308
1255	25-29	-0.04704848238309722
1255	30-34	-0.020586586705505283
1255	35-39	-0.04696823262329275
1255	40-44	-0.038920539312776725
1255	45-49	-0.027315857836178736
1255	50-54	-0.027262622215033616
1255	55-59	-0.02490363622511893
1255	60-64	-0.07420304274942424
1255	65-69	-0.05165939954146381
1255	70-74	-0.006675227438208253
1255	75-79	-0.023623085756447892
1255	80-84	-0.029838405080468533
1255	85-89	-0.0529501400053789
1255	90-94	-0.09348766689935673
1255	95-99	0.01351134338147375
1255	100-104	-0.033746279360300946
1255	105-109	-0.024349740008347
1255	110-114	0.0023480430342814884
1255	115-119	-0.002682535814379605
1255	120-124	-0.010296800805470241
1255	125-129	0.005275864050915402
1255	130-134	0.08464330672291709
1255	135-139	0.04693724284342693
1255	140-144	0.03629539705264051
1255	145-149	0.09931128386661214
1255	150	0.17080257157841316
1256	1	-0.05776674468209109
1256	2	-0.06089693457256118
1256	3	-0.056691697017079434
1256	4	-0.015137882263566382
1256	5	-0.09543967390380459
1256	6	-0.020394433077214558
1256	7	-0.023056626453552553
1256	8	-0.057059824959630134
1256	9	-0.06536366320188591
1256	10-14	-0.03474355003901053
1256	15-19	-0.058648241180804916
1256	20-24	-0.05824730993221294
1256	25-29	-0.0752089726978653
1256	30-34	-0.030923443173840326
1256	35-39	-0.0776735064718892
1256	40-44	-0.08162498572700372
1256	45-49	-0.05181945008065725
1256	50-54	-0.06193770152257372
1256	55-59	-0.037107318049592664
1256	60-64	-0.06431772768887356
1256	65-69	-0.11730616682684314
1256	70-74	-0.05299316803349541
1256	75-79	-0.041691790060490064
1256	80-84	-0.06598877024872962
1256	85-89	-0.024818499474626776
1256	90-94	-0.08993028648794166
1256	95-99	-0.017367546024011915
1256	100-104	-0.0432350391038554
1256	105-109	-0.0528668587606802
1256	110-114	-0.0845166362080434
1256	115-119	-0.0920642999786736
1256	120-124	-0.08668372245598732
1256	125-129	-0.0419598309316882
1256	130-134	-0.01956373417495172
1256	135-139	-0.02194065326492023
1256	140-144	-0.010812224153454508
1256	145-149	0.0026727065838372255
1256	150	0.0043120655771673455
1257	1	-0.0721726253098609
1257	2	-0.06500160758400853
1257	3	-0.06768731193634636
1257	4	-0.043724776626085315
1257	5	-0.010781814229915199
1257	6	-0.11473638003895559
1257	7	-0.1254121453606487
1257	8	-0.06610557473438661
1257	9	-0.0970800629101305
1257	10-14	-0.05226058696808167
1257	15-19	-0.06022210960252039
1257	20-24	-0.06438253216311551
1257	25-29	-0.05072284879538813
1257	30-34	-0.0562853607371423
1257	35-39	-0.06577555584033234
1257	40-44	-0.0629991540104271
1257	45-49	-0.09611284436589074
1257	50-54	-0.08488262323938045
1257	55-59	-0.07564750521923713
1257	60-64	-0.08513287899209132
1257	65-69	-0.06580957950225752
1257	70-74	-0.08230983950978299
1257	75-79	-0.05130436191826959
1257	80-84	-0.04873577853753375
1257	85-89	-0.030724399791481005
1257	90-94	-0.08454140370494656
1257	95-99	-0.06301836993841192
1257	100-104	-0.04704968907027052
1257	105-109	-0.047420201760267844
1257	110-114	-0.07254116350856776
1257	115-119	-0.0640877199889971
1257	120-124	-0.03459928393851186
1257	125-129	0.007658982657417823
1257	130-134	0.009234285867947278
1257	135-139	-3.973352381336781E-4
1257	140-144	-0.008819912885016379
1257	145-149	0.043147219220394106
1257	150	0.1427705930340295
1258	1	0.04410605649157873
1258	2	-0.02511620735369746
1258	3	-0.014296238484519108
1258	4	-0.0686262453845572
1258	5	-0.046111259605027044
1258	6	9.785709908456397E-4
1258	7	-0.0034370718532130695
1258	8	-0.046593724339679454
1258	9	0.005836369158338073
1258	10-14	0.007917313766178324
1258	15-19	-0.024274622525702227
1258	20-24	-0.03472950578848355
1258	25-29	0.008131848613494697
1258	30-34	-0.02595595011731433
1258	35-39	-0.04393422068118724
1258	40-44	-4.777737157510842E-4
1258	45-49	-0.016580557861828993
1258	50-54	-0.008326362537651733
1258	55-59	0.022060638408149202
1258	60-64	-8.931509174630037E-4
1258	65-69	0.00462715544696124
1258	70-74	0.02776669163442591
1258	75-79	3.222550715022976E-4
1258	80-84	0.02854079709344859
1258	85-89	0.01709401077968664
1258	90-94	-0.035472683232463
1258	95-99	-0.012210170470865478
1258	100-104	-0.013090158127631923
1258	105-109	-0.008947441796514966
1258	110-114	-0.026104901231263966
1258	115-119	-0.009125058753426174
1258	120-124	0.003974729764337326
1258	125-129	0.036681918830495874
1258	130-134	0.03944270174508091
1258	135-139	0.016601939534858445
1258	140-144	0.042037083006910336
1258	145-149	0.1116415506329318
1258	150	0.08048888520551145
1259	1	-0.0762134095400171
1259	2	-0.08772512696103973
1259	3	-0.030786825411610153
1259	4	-0.01689909284515778
1259	5	-0.10196287300316698
1259	6	-0.06743751302430923
1259	7	-0.09797416539374382
1259	8	0.006472311494569283
1259	9	-0.050374498971102355
1259	10-14	-0.0369605016148995
1259	15-19	-0.04612892060139018
1259	20-24	-0.04564562032705055
1259	25-29	-0.040314786451659756
1259	30-34	-0.0758018702667087
1259	35-39	-0.057728012842360954
1259	40-44	-0.07128309174545677
1259	45-49	-0.06904854226425527
1259	50-54	-0.02285151854681544
1259	55-59	-0.020018491621797807
1259	60-64	-0.03352331711914047
1259	65-69	-0.016725499087286266
1259	70-74	-0.0018667441423616538
1259	75-79	-0.049650895849346455
1259	80-84	0.009920597878114279
1259	85-89	-0.02797920047383684
1259	90-94	-0.060163653902115755
1259	95-99	0.0016485847132230447
1259	100-104	-0.027522177434093464
1259	105-109	0.013340588121494079
1259	110-114	-0.02062775819442919
1259	115-119	-0.015991350799993143
1259	120-124	-0.023039567399102623
1259	125-129	0.019639952487331414
1259	130-134	0.06354158744495209
1259	135-139	-0.030267591448243536
1259	140-144	0.010645222597247539
1259	145-149	0.048278138498531575
1259	150	0.12770882489126478
1260	1	0.026906148593560886
1260	2	-0.007020863529149324
1260	3	0.01513116678886206
1260	4	-0.03617742914171629
1260	5	-0.042229133693943766
1260	6	-0.04147674173101734
1260	7	0.019907079808049843
1260	8	-0.026060145035579296
1260	9	0.01391539411998366
1260	10-14	0.0017167854589885678
1260	15-19	0.0011224073681574964
1260	20-24	-0.01959307516056441
1260	25-29	-0.01013129807627422
1260	30-34	-0.057548848396706376
1260	35-39	-0.040000150349257524
1260	40-44	-0.04632066674130897
1260	45-49	-0.02270501980077455
1260	50-54	-0.05117511884110826
1260	55-59	-0.060707565210336156
1260	60-64	-0.03992026892038325
1260	65-69	-0.04701587810721719
1260	70-74	-0.011053333967730339
1260	75-79	-0.01940949790878932
1260	80-84	-0.02567081269019411
1260	85-89	-0.022744344761363777
1260	90-94	-0.047878993680100734
1260	95-99	-0.009153124806374535
1260	100-104	-0.05219183487709245
1260	105-109	-0.022825830633159683
1260	110-114	-0.023658853530108104
1260	115-119	-0.05344169037930868
1260	120-124	-0.017589697307428764
1260	125-129	0.017035369319735594
1260	130-134	0.040487392221209006
1260	135-139	0.011676904882399697
1260	140-144	0.025177349389956305
1260	145-149	0.002344321641636782
1260	150	0.004474826861468273
1261	1	-0.01932529911510983
1261	2	-0.029308233152789853
1261	3	-0.07890579238534201
1261	4	-0.012768172102582298
1261	5	-0.013540093699454303
1261	6	-0.09597196636972427
1261	7	-0.11713390687956604
1261	8	-0.08558247944910846
1261	9	-0.01962910895532133
1261	10-14	-0.06108912131409738
1261	15-19	-0.0385097393182221
1261	20-24	-0.057490538395796875
1261	25-29	-0.0412573050124152
1261	30-34	-0.09817943558329034
1261	35-39	-0.05865057503901028
1261	40-44	-0.029878485438942448
1261	45-49	-0.04337195216342593
1261	50-54	-0.02323628470706751
1261	55-59	-0.03590849009125918
1261	60-64	-0.06724887305016836
1261	65-69	-0.08660625165203584
1261	70-74	-0.03024061403456102
1261	75-79	-0.06773660726750563
1261	80-84	-0.04422442170930907
1261	85-89	-0.015445881097519987
1261	90-94	-0.05294084890692119
1261	95-99	-0.014361082000348802
1261	100-104	-0.06970622430264228
1261	105-109	-0.02663856027562872
1261	110-114	-0.016602983860458664
1261	115-119	-0.022583082407415134
1261	120-124	0.02176575721994567
1261	125-129	0.051039053308578275
1261	130-134	0.06717215364732709
1261	135-139	0.052451397883146456
1261	140-144	0.03767893871120265
1261	145-149	0.07489099913957631
1261	150	0.12497508277107983
1262	1	0.02521497554723595
1262	2	-0.08447163085612885
1262	3	-0.08063914553338236
1262	4	0.019768790200018316
1262	5	-0.016439975597734247
1262	6	-0.02507710706192512
1262	7	-0.0528659551191879
1262	8	-0.04349601924293722
1262	9	-0.02941332006024311
1262	10-14	-0.010509520451897458
1262	15-19	-0.020696870139452983
1262	20-24	-0.018221925783826975
1262	25-29	-0.057680617633550924
1262	30-34	-0.060288552207126145
1262	35-39	-0.055713295149175224
1262	40-44	-0.03093885214860137
1262	45-49	-0.06200637076982929
1262	50-54	-0.04174559390336441
1262	55-59	-0.058504470138345255
1262	60-64	-0.0572589138550228
1262	65-69	-0.051272198705014205
1262	70-74	-0.03249014698840824
1262	75-79	-0.07131095401938836
1262	80-84	0.0038410808374393923
1262	85-89	-0.05883083931071553
1262	90-94	-0.07826212775501773
1262	95-99	-0.04875094801985824
1262	100-104	-0.05731698643218408
1262	105-109	-0.025142037419541907
1262	110-114	-0.05291066193897365
1262	115-119	-0.08426675252472648
1262	120-124	-0.033153157914227904
1262	125-129	-0.022246982959075012
1262	130-134	-0.026973469897647817
1262	135-139	0.019276091367750325
1262	140-144	0.0012866006631568894
1262	145-149	0.005694566898505116
1262	150	0.06154509676103004
1263	1	-0.04057088272317344
1263	2	0.0017136949522438272
1263	3	-0.04159291836412393
1263	4	-0.05993447757892767
1263	5	-0.06494571749490063
1263	6	-0.09401588480661616
1263	7	-0.06657008659851726
1263	8	-0.06551467775437914
1263	9	-0.0926748065452756
1263	10-14	-0.036663282740910574
1263	15-19	-0.035785272602652185
1263	20-24	-0.03628653995101416
1263	25-29	-0.04507499017697114
1263	30-34	-0.04645174154792642
1263	35-39	-0.07159693493828456
1263	40-44	-0.0596269927208013
1263	45-49	-0.05162650258682788
1263	50-54	-0.055799580471735055
1263	55-59	-0.0032497876064070397
1263	60-64	-0.08264181511223256
1263	65-69	-0.06879006248528441
1263	70-74	-0.0411371806348555
1263	75-79	-0.0923176181724017
1263	80-84	2.344597705388196E-4
1263	85-89	-0.023865704101687868
1263	90-94	-0.012605423119310899
1263	95-99	-0.011621197893163071
1263	100-104	-0.020222666289072322
1263	105-109	-0.07205095170230891
1263	110-114	-0.07259532810387981
1263	115-119	-0.07828846348342466
1263	120-124	-0.047104938579238365
1263	125-129	-0.039321721782208385
1263	130-134	-0.0588160309188126
1263	135-139	-0.061538851777598325
1263	140-144	-0.07991410460876835
1263	145-149	0.01920637581675777
1263	150	-0.027641189380240405
1264	1	0.02326878365251872
1264	2	0.010114943037081048
1264	3	-6.911231719612942E-4
1264	4	-0.03594600029649797
1264	5	0.008769714795334949
1264	6	0.08518858427580511
1264	7	0.003392438049885982
1264	8	0.02377626714926606
1264	9	3.02461509654961E-4
1264	10-14	0.023484139321936937
1264	15-19	0.014268089293992148
1264	20-24	-0.003842575372125623
1264	25-29	0.006201034428308105
1264	30-34	-0.04087468177386455
1264	35-39	-0.03169955392634449
1264	40-44	-0.027457093334270155
1264	45-49	0.01584187563845063
1264	50-54	-0.0192038071408831
1264	55-59	-0.03340209119830462
1264	60-64	-0.05064506969355165
1264	65-69	-0.04716579756519934
1264	70-74	0.012288179894447637
1264	75-79	0.0011529009300019766
1264	80-84	0.0022346464357312357
1264	85-89	-0.031653803332815755
1264	90-94	-0.03521056617395146
1264	95-99	-0.025523753748828426
1264	100-104	-0.05850777673387597
1264	105-109	-0.043356488382734426
1264	110-114	-0.02208596818201869
1264	115-119	-0.018618415067635397
1264	120-124	0.0011278147374511605
1264	125-129	0.04116759935147485
1264	130-134	0.05381911630749414
1264	135-139	9.390503159991681E-4
1264	140-144	0.037242889674750757
1264	145-149	0.037166413348693084
1264	150	0.14277544149368993
1265	1	0.06466840186983802
1265	2	-0.03503931469181509
1265	3	0.01803707132019383
1265	4	-0.04831886985236622
1265	5	-0.06076522541049201
1265	6	0.00244761737607746
1265	7	-0.06984767832334882
1265	8	-0.01939694075875309
1265	9	-0.010398432647512834
1265	10-14	0.003646273302123859
1265	15-19	-0.03382765344172611
1265	20-24	-0.011146269869357184
1265	25-29	-2.8089379579654405E-4
1265	30-34	-0.03995532689595649
1265	35-39	-0.05160235702548732
1265	40-44	-0.009210700405752448
1265	45-49	-0.012241158162879628
1265	50-54	-0.015753175632646332
1265	55-59	0.01814423729920378
1265	60-64	0.003078903974227387
1265	65-69	-0.04813772654556203
1265	70-74	-0.04935653920022531
1265	75-79	-0.03417142921694705
1265	80-84	-0.005152478141418726
1265	85-89	-0.014268175522175852
1265	90-94	0.012544445599331766
1265	95-99	-0.004811981944683907
1265	100-104	-0.045214705990858306
1265	105-109	0.015584249813358042
1265	110-114	0.025365298629978383
1265	115-119	0.012074579250224815
1265	120-124	0.0436609383805191
1265	125-129	0.0514373675699602
1265	130-134	0.06180053295769028
1265	135-139	0.05479911965903028
1265	140-144	-0.00384147835026738
1265	145-149	0.04593817990058113
1265	150	0.1282682143415741
1266	1	0.0619628424286347
1266	2	0.003791956861050494
1266	3	-0.027961157965812333
1266	4	-0.0023117726933747917
1266	5	-0.009682272179937002
1266	6	0.05153701554786494
1266	7	-0.02049539062667094
1266	8	-0.046772922839927844
1266	9	-0.042854275646107
1266	10-14	0.005719582005660584
1266	15-19	0.003190166692064622
1266	20-24	-0.02022125059603752
1266	25-29	0.007065824304532953
1266	30-34	-0.017720193813495655
1266	35-39	-0.01958658937520852
1266	40-44	0.012730534202411548
1266	45-49	-0.024502165410225984
1266	50-54	0.02258710181735779
1266	55-59	-0.0012438508588985542
1266	60-64	-0.012686686676175896
1266	65-69	-0.05755100232353527
1266	70-74	0.009165129161353036
1266	75-79	0.026840738362963634
1266	80-84	0.005710494627059859
1266	85-89	-0.007432819026533366
1266	90-94	0.0053805773187107775
1266	95-99	0.025615807108643196
1266	100-104	0.020351314608348048
1266	105-109	0.07827604974842473
1266	110-114	0.03686303946781777
1266	115-119	0.036183007591375826
1266	120-124	0.04089513461510563
1266	125-129	0.1478142121233006
1266	130-134	0.10068627041429323
1266	135-139	0.07490293098501866
1266	140-144	0.12426844894748257
1266	145-149	0.1410196284533214
1266	150	0.2227611221886363
1267	1	0.042425993412798846
1267	2	0.026852178195881038
1267	3	0.0013068141913024078
1267	4	-0.05197377927161284
1267	5	-0.0342363271684647
1267	6	-0.04753948869430502
1267	7	0.03726089773814323
1267	8	0.007658952956852261
1267	9	-0.03592505900637377
1267	10-14	-0.004813669723759517
1267	15-19	-0.02163312382216276
1267	20-24	-0.019645386359243844
1267	25-29	-0.04285359613552231
1267	30-34	-0.06459926593912968
1267	35-39	-0.0765018868665237
1267	40-44	-0.08969540321680114
1267	45-49	-0.05489084278123357
1267	50-54	-0.025594155278874098
1267	55-59	-0.04140145774094606
1267	60-64	-0.07733973375308523
1267	65-69	-0.09586993876401095
1267	70-74	-0.05516508319532676
1267	75-79	-0.044506366061064284
1267	80-84	-0.026057920125118983
1267	85-89	0.02500417394388421
1267	90-94	-0.031169046267457645
1267	95-99	-0.009325863596615136
1267	100-104	-0.03202449838210697
1267	105-109	4.8347576187524055E-4
1267	110-114	-0.02361114124352781
1267	115-119	-0.05477111832713888
1267	120-124	0.01648012764405138
1267	125-129	0.07664912689111247
1267	130-134	0.04837895421032101
1267	135-139	0.06770885168748464
1267	140-144	0.03868638551048065
1267	145-149	0.059910182513476684
1267	150	0.1503185971386145
1268	1	-0.049398317596363484
1268	2	0.021840232711248575
1268	3	0.06037542003619478
1268	4	0.03185519089920774
1268	5	-0.022979389158422237
1268	6	-0.07764692876433088
1268	7	-0.09560473682162751
1268	8	0.020939955826676737
1268	9	0.004493444393204982
1268	10-14	0.009692571214770851
1268	15-19	-0.01783645680414736
1268	20-24	-0.007367474128749052
1268	25-29	-0.021273611071478626
1268	30-34	-0.07637567885272745
1268	35-39	-0.03828854977476226
1268	40-44	-0.05140684007743346
1268	45-49	0.004352148105674303
1268	50-54	0.0027225000337338656
1268	55-59	0.023545348955885004
1268	60-64	-0.022420210730622614
1268	65-69	0.028642476322758625
1268	70-74	-0.013396145158601769
1268	75-79	-0.03555859514594317
1268	80-84	-0.0010357309712318852
1268	85-89	-0.034683629333045474
1268	90-94	0.0064083368792893225
1268	95-99	0.009805853463518588
1268	100-104	-0.030449765685581553
1268	105-109	-0.01706935685072608
1268	110-114	-0.07981008211000074
1268	115-119	0.004064195914700974
1268	120-124	0.007150924670405345
1268	125-129	0.07619767859993232
1268	130-134	0.01965913052518431
1268	135-139	0.030174837662499954
1268	140-144	0.03154693791302776
1268	145-149	0.062473721985846
1268	150	0.02707128153026872
1269	1	-0.01604217996577262
1269	2	-0.026213127616294685
1269	3	-0.0903980223522538
1269	4	-0.04046242555578772
1269	5	-0.10353039950283716
1269	6	-0.06015426441541649
1269	7	-0.07851706619332788
1269	8	-0.06628593395708293
1269	9	-0.09162122522126026
1269	10-14	-0.0554979045724906
1269	15-19	-0.046149417472989285
1269	20-24	-0.027620800552249136
1269	25-29	-0.04590906056181154
1269	30-34	-0.11383099115668927
1269	35-39	-0.07239497700955155
1269	40-44	-0.07458744567639997
1269	45-49	-0.08943332664563286
1269	50-54	-0.04694906106067265
1269	55-59	-0.030829461644316325
1269	60-64	-0.053278831402998605
1269	65-69	-0.048603460390964415
1269	70-74	-0.06833511299083028
1269	75-79	-0.032163836516957645
1269	80-84	-0.031325240712241964
1269	85-89	-0.016988923172952752
1269	90-94	-0.013760189123864563
1269	95-99	-0.029843728758187638
1269	100-104	-0.030339044745488764
1269	105-109	0.008784149703096489
1269	110-114	-0.051093129980650076
1269	115-119	0.011798130189362155
1269	120-124	0.06449038607541269
1269	125-129	0.08042463567549873
1269	130-134	0.0702398682496721
1269	135-139	0.045245143040204994
1269	140-144	0.03968598111061539
1269	145-149	0.023831100114904302
1269	150	0.04689183895623472
1270	1	0.0555064177725626
1270	2	0.07373283768215799
1270	3	0.01008406046315713
1270	4	-0.00993247624803928
1270	5	0.01328903588883179
1270	6	-0.010857630021725129
1270	7	0.0081304983813979
1270	8	-0.052305097929256306
1270	9	-0.006945978692932897
1270	10-14	-0.0028592576096571065
1270	15-19	-0.02465148226845315
1270	20-24	-0.007210840974828159
1270	25-29	0.01968027662091032
1270	30-34	-0.0797561162298166
1270	35-39	-0.07586825263728514
1270	40-44	-0.05338661559729729
1270	45-49	-0.09868079369041283
1270	50-54	-0.0381872318962877
1270	55-59	-0.029011737484893274
1270	60-64	-0.061925652500463
1270	65-69	-0.053879942710175044
1270	70-74	-0.009370965192495362
1270	75-79	0.004412843948543355
1270	80-84	-0.02042182211145871
1270	85-89	0.0018182393570711497
1270	90-94	-0.028228926385352793
1270	95-99	0.01022776348434462
1270	100-104	-0.024399102710198406
1270	105-109	0.014657345679083278
1270	110-114	0.007027552930189529
1270	115-119	0.035050907198076686
1270	120-124	0.07709401736282473
1270	125-129	0.11999633836415313
1270	130-134	0.08180636934099539
1270	135-139	0.06356115791066941
1270	140-144	0.14065514212213515
1270	145-149	0.11102534452185608
1270	150	0.1922271821777528
1271	1	0.1038231742921667
1271	2	0.09697749432700675
1271	3	0.034258436619985844
1271	4	-0.025834443436927756
1271	5	-0.016735218764544868
1271	6	0.013463431888752098
1271	7	-0.025322370317759635
1271	8	0.008588019775444877
1271	9	0.050714815709689276
1271	10-14	0.03536241155337194
1271	15-19	0.026590391893236642
1271	20-24	-0.006845030069051461
1271	25-29	-0.01978836531416306
1271	30-34	-0.030587949328705122
1271	35-39	-0.00917045337244815
1271	40-44	-0.04134535529448158
1271	45-49	-0.018762574019262956
1271	50-54	-0.0053755220801861014
1271	55-59	-0.008840023654357765
1271	60-64	-0.03639007398312799
1271	65-69	0.004435994348803263
1271	70-74	-0.00913461065055543
1271	75-79	0.022212012103935308
1271	80-84	0.010226741841343312
1271	85-89	0.058172155193403796
1271	90-94	0.02814850290682358
1271	95-99	0.03973461852567084
1271	100-104	4.0432456876970946E-4
1271	105-109	-4.8619458877396937E-4
1271	110-114	-0.010430422665997696
1271	115-119	0.03790304450561166
1271	120-124	0.0844777258871261
1271	125-129	0.12924568941348724
1271	130-134	0.09651919788198171
1271	135-139	0.1209294324925807
1271	140-144	0.12293866813229926
1271	145-149	0.15397760334435162
1271	150	0.18719791523361806
1272	1	0.07546666559897375
1272	2	-0.05309596106394565
1272	3	-0.05188713624763608
1272	4	-0.028032606294438267
1272	5	-0.023263201306711778
1272	6	-0.03911131703583237
1272	7	-0.0802011028929428
1272	8	-0.026555741062630034
1272	9	-3.3462433638220546E-4
1272	10-14	0.00659876125558867
1272	15-19	0.014383210021335913
1272	20-24	0.005134957504374427
1272	25-29	0.00322320612893634
1272	30-34	-0.022270816015719674
1272	35-39	-0.022374740759907752
1272	40-44	-0.06155591442574604
1272	45-49	-0.020118777460169213
1272	50-54	-0.023108800857791323
1272	55-59	0.02367456675552404
1272	60-64	-0.00746130168185033
1272	65-69	0.0014259729811385569
1272	70-74	-0.008601453973859918
1272	75-79	0.014779824657381369
1272	80-84	0.024214553398927308
1272	85-89	0.03231513016920928
1272	90-94	0.02568823008488863
1272	95-99	0.033727011032482324
1272	100-104	-0.01662236227485181
1272	105-109	0.020003308845858214
1272	110-114	0.03746600804714717
1272	115-119	0.0670683981544542
1272	120-124	0.07631778234797792
1272	125-129	0.1164543629082857
1272	130-134	0.08333143308644964
1272	135-139	0.10130932221207445
1272	140-144	0.09116960339499514
1272	145-149	0.10199510447552029
1272	150	0.20406464121881385
1273	1	0.03418948314157433
1273	2	-0.015354114995382417
1273	3	-0.008932504029566246
1273	4	-0.018794284517746007
1273	5	0.01594861217978405
1273	6	-0.04322068217624775
1273	7	-0.04051043551575617
1273	8	-0.059560216888229434
1273	9	-0.02715405209824695
1273	10-14	-0.013937223336512261
1273	15-19	-0.029162652328949434
1273	20-24	-0.03133962469102869
1273	25-29	-0.03587218575469109
1273	30-34	-0.07852836113747941
1273	35-39	-0.020873567905937307
1273	40-44	-0.07940100029298236
1273	45-49	-0.06298640575965209
1273	50-54	-0.045772359013803054
1273	55-59	-0.04064396247485291
1273	60-64	-0.03603810087564341
1273	65-69	-0.06189359265821537
1273	70-74	-0.05993832699836332
1273	75-79	-0.031307200748607045
1273	80-84	-0.036766667328961944
1273	85-89	-0.02418408231754654
1273	90-94	-0.02026910309947283
1273	95-99	0.011276206794882171
1273	100-104	-0.022472069365775837
1273	105-109	-0.005294891154569825
1273	110-114	-0.01295622367728555
1273	115-119	0.002593658384782316
1273	120-124	0.030423742451603175
1273	125-129	0.09898418921129348
1273	130-134	0.08951579355334616
1273	135-139	0.09871440054439518
1273	140-144	0.03737095036852622
1273	145-149	0.032152834890290194
1273	150	0.13087809548324003
1274	1	0.06700528211626278
1274	2	-0.035648674898197896
1274	3	0.04074081316550604
1274	4	0.044211797087996274
1274	5	-0.050775016228342906
1274	6	0.017592075185028477
1274	7	-0.026148052311839365
1274	8	-0.05627943595271745
1274	9	-0.09711451853454633
1274	10-14	-0.0025980658407291912
1274	15-19	-0.0046754990581661104
1274	20-24	-0.029826008642494628
1274	25-29	-0.014306326857862928
1274	30-34	-0.022019056009739302
1274	35-39	-0.057200156224936904
1274	40-44	-0.07261767437417177
1274	45-49	-0.06346865456195872
1274	50-54	-0.06102797010043304
1274	55-59	-0.047686719444762105
1274	60-64	-0.024339468397450048
1274	65-69	-0.030104147154027316
1274	70-74	-0.07454698732907161
1274	75-79	-0.004523495033382119
1274	80-84	-0.06135272977351747
1274	85-89	-0.01434168161520688
1274	90-94	-0.008289849709726127
1274	95-99	-0.0060657371096510815
1274	100-104	-0.016147370765480673
1274	105-109	0.021080000782930597
1274	110-114	-0.014023034728339212
1274	115-119	0.025489360502128022
1274	120-124	0.0561424897811591
1274	125-129	0.09497572762526119
1274	130-134	0.08819037357147153
1274	135-139	0.052189630292275524
1274	140-144	0.10764601096805393
1274	145-149	0.08546408059239496
1274	150	0.155795750296015
1275	1	0.06135717741061342
1275	2	0.027990689909884736
1275	3	-0.011988413462681535
1275	4	-0.02222779277865783
1275	5	-0.02792360507697822
1275	6	-0.017441068926586922
1275	7	0.011678065073155608
1275	8	-0.01906914477167021
1275	9	-0.061024340398475374
1275	10-14	-0.005155137390296716
1275	15-19	-0.0014188949840061582
1275	20-24	-0.03516366787673775
1275	25-29	-0.04570816830482727
1275	30-34	-0.07537571169819302
1275	35-39	-0.02471558871449986
1275	40-44	0.006179118633184544
1275	45-49	-0.01651088205252904
1275	50-54	0.003588659094837965
1275	55-59	0.025056812768596615
1275	60-64	-0.02112220813571497
1275	65-69	-0.01756205802290367
1275	70-74	0.02540236528219708
1275	75-79	0.013752937493471507
1275	80-84	0.025822821903169313
1275	85-89	0.06868941726277455
1275	90-94	0.06685842052079494
1275	95-99	0.08651064490794624
1275	100-104	0.08396359305892531
1275	105-109	0.024737340809693364
1275	110-114	0.08439101135802218
1275	115-119	0.10130546259621553
1275	120-124	0.09861216695930608
1275	125-129	0.1456979593886416
1275	130-134	0.15383017210537275
1275	135-139	0.1367110746268807
1275	140-144	0.12556701393368996
1275	145-149	0.13869400270130683
1275	150	0.16238957987859948
1276	1	-0.024487709894152943
1276	2	0.02195326537768949
1276	3	0.009217800118186403
1276	4	-0.01929036760622438
1276	5	-0.02868857264903113
1276	6	-0.02603131978015938
1276	7	-0.016175855045524656
1276	8	-0.11254438639212339
1276	9	-0.07408252320777109
1276	10-14	-5.339475964660778E-5
1276	15-19	-0.013105143722967227
1276	20-24	-0.012784633590278816
1276	25-29	-0.03883068567579784
1276	30-34	-0.08983655990100914
1276	35-39	-0.07147549202058201
1276	40-44	-0.08637873354001613
1276	45-49	-0.05538099831021981
1276	50-54	-0.04133239524563237
1276	55-59	-0.020433662807782582
1276	60-64	-0.03828021012410687
1276	65-69	-0.009382884347942877
1276	70-74	-0.04702274312346333
1276	75-79	0.01921613902052144
1276	80-84	-0.011649705117072529
1276	85-89	0.013847221692657286
1276	90-94	0.0332990839149403
1276	95-99	0.036722928839765245
1276	100-104	0.017266560918173468
1276	105-109	0.03539434174352607
1276	110-114	0.002434002284047665
1276	115-119	0.00970631795138388
1276	120-124	0.09758353652450324
1276	125-129	0.1241697071503296
1276	130-134	0.08711089176710374
1276	135-139	0.0838963003603368
1276	140-144	0.11653881885929707
1276	145-149	0.12912398513140744
1276	150	0.14517146431236227
1277	1	0.040285724038326975
1277	2	0.02202853115998238
1277	3	0.044506322774793716
1277	4	0.03598322810178445
1277	5	-0.009994606073462364
1277	6	-0.0036088286204503106
1277	7	0.019795681638512974
1277	8	-0.02745521479761237
1277	9	-0.03641503963200421
1277	10-14	0.020734589792517966
1277	15-19	-0.009178943199316336
1277	20-24	-0.018066891747317015
1277	25-29	-0.022154186268970477
1277	30-34	-0.030875009701254896
1277	35-39	-0.018879855141264557
1277	40-44	0.016961254389919134
1277	45-49	-0.00982373321175345
1277	50-54	0.02028104612163162
1277	55-59	0.03332337328078694
1277	60-64	0.00295201464522421
1277	65-69	-0.0309429627344997
1277	70-74	0.02212967926443099
1277	75-79	0.018252587852416013
1277	80-84	0.0034504580352745506
1277	85-89	0.004426814110090049
1277	90-94	0.03864488199612026
1277	95-99	0.04098928251092104
1277	100-104	0.043420410602308834
1277	105-109	0.00728908897211511
1277	110-114	0.05298651737736293
1277	115-119	0.02673361786028039
1277	120-124	0.08174869443349309
1277	125-129	0.10569211822541291
1277	130-134	0.11274539607997269
1277	135-139	0.09836000871461437
1277	140-144	0.1118332618122011
1277	145-149	0.13343398377755022
1277	150	0.31064013148844793
1278	1	-0.01292871323869349
1278	2	-0.026646063506674977
1278	3	-0.027393544108591072
1278	4	0.005157235624473344
1278	5	-0.08397848209715875
1278	6	-0.022985527954752172
1278	7	-0.031805179984857546
1278	8	-0.04273026739922159
1278	9	-0.01372706089848208
1278	10-14	-0.012121682476788465
1278	15-19	0.006127611465117866
1278	20-24	0.005117867966127676
1278	25-29	-0.029524151908049134
1278	30-34	-0.04947000735526785
1278	35-39	-0.03139614993092721
1278	40-44	0.0034369625470489495
1278	45-49	-0.005797778775963991
1278	50-54	-0.041039506331003395
1278	55-59	-0.03284509494721277
1278	60-64	-0.04383889228031279
1278	65-69	-0.04651850892780374
1278	70-74	-0.030234575835613953
1278	75-79	-0.05338350528266744
1278	80-84	-0.029373599610856616
1278	85-89	-0.0032761125878550956
1278	90-94	-0.04638693181185971
1278	95-99	-0.026447784475784886
1278	100-104	0.019780163930008143
1278	105-109	7.85447300323483E-4
1278	110-114	0.022195451849682968
1278	115-119	0.03212537807682736
1278	120-124	0.022973327069848892
1278	125-129	0.08356937223622651
1278	130-134	0.05322601228377266
1278	135-139	0.06359056939328411
1278	140-144	0.07661061112795409
1278	145-149	0.1034528924856346
1278	150	0.20303966981830968
1279	1	0.058168116664113256
1279	2	0.07649256077063882
1279	3	0.06206332857347263
1279	4	0.06268795217697232
1279	5	-0.05307881655146929
1279	6	-9.635691026517179E-4
1279	7	0.005504361756642595
1279	8	0.022618215233890737
1279	9	-0.06967872916982998
1279	10-14	0.006450670281012094
1279	15-19	0.008846075789229246
1279	20-24	0.023461978875850775
1279	25-29	0.004529747928536665
1279	30-34	-0.014430055835973121
1279	35-39	-0.03617738903955825
1279	40-44	-0.026690386656547105
1279	45-49	-0.017169616196405002
1279	50-54	-0.012877110692791405
1279	55-59	0.008631377842625909
1279	60-64	-0.019852025842261867
1279	65-69	-0.05118505236962534
1279	70-74	-0.0015620385164183404
1279	75-79	-6.34809488957444E-4
1279	80-84	0.007591487294853039
1279	85-89	0.022316056381001204
1279	90-94	-0.009587094946844843
1279	95-99	0.03455490715953857
1279	100-104	0.023025368506253585
1279	105-109	0.010191089711000245
1279	110-114	0.04084863643038972
1279	115-119	0.06688788976709503
1279	120-124	0.05761063679550915
1279	125-129	0.07843799983325539
1279	130-134	0.0906339269974552
1279	135-139	0.15401825157984916
1279	140-144	0.13225697604087117
1279	145-149	0.16604810437259943
1279	150	0.1563503261009842
1280	1	0.049786363936760836
1280	2	-0.009039706059425612
1280	3	-0.025245683816791598
1280	4	0.023714899256667366
1280	5	-0.018675970840646983
1280	6	-0.004801102430882054
1280	7	0.03269308249983993
1280	8	-0.048940360378779246
1280	9	-0.012329558773686244
1280	10-14	0.023452990035025323
1280	15-19	0.0089958932362606
1280	20-24	-0.001490787139026395
1280	25-29	0.003529536378643172
1280	30-34	-0.004924353107341517
1280	35-39	-0.018331240524233294
1280	40-44	0.0026026172425375194
1280	45-49	-0.0021801207428993052
1280	50-54	0.04074951103775959
1280	55-59	0.06136511312076465
1280	60-64	0.05106223444435898
1280	65-69	0.013885871556311713
1280	70-74	0.054491753515442554
1280	75-79	0.03980988297950461
1280	80-84	0.047949644914112355
1280	85-89	0.03156251930323606
1280	90-94	0.06827174656216073
1280	95-99	0.07597473522054088
1280	100-104	0.034752983427082995
1280	105-109	0.08053890691731169
1280	110-114	0.0620073645048862
1280	115-119	0.1394250660136862
1280	120-124	0.11888405773967747
1280	125-129	0.13614707860641317
1280	130-134	0.11316572331138275
1280	135-139	0.16679130595911573
1280	140-144	0.18614639380449916
1280	145-149	0.1656013875904918
1280	150	0.2484182992706181
1281	1	0.0456198275094124
1281	2	-0.00520764701801113
1281	3	0.018389925658730988
1281	4	0.027166165148621246
1281	5	-0.01477763234451146
1281	6	0.019396032060740254
1281	7	0.0248379404119774
1281	8	-0.02036906707154884
1281	9	-0.011043440748800037
1281	10-14	0.012530900222145647
1281	15-19	-0.00346301293142659
1281	20-24	-0.02065737946470847
1281	25-29	0.02504901512324409
1281	30-34	-0.011524942618031275
1281	35-39	-0.019006629308556455
1281	40-44	0.016839923243942678
1281	45-49	0.015160067627647322
1281	50-54	0.00946657807720186
1281	55-59	0.03524077514528301
1281	60-64	0.038990270243019154
1281	65-69	0.04319574158240869
1281	70-74	0.01750933502491847
1281	75-79	0.047432590662921825
1281	80-84	0.06832447405343345
1281	85-89	0.05950538983562126
1281	90-94	0.0388195639375013
1281	95-99	0.055986517220681264
1281	100-104	0.07792219544536749
1281	105-109	0.061739076118144
1281	110-114	0.09706648098720905
1281	115-119	0.09793635188758998
1281	120-124	0.13378013132652455
1281	125-129	0.11697371003354817
1281	130-134	0.10907075956886558
1281	135-139	0.13172796858209068
1281	140-144	0.15717817668532064
1281	145-149	0.1437615999767914
1281	150	0.23612545679007724
1282	1	-0.017036506608292257
1282	2	-0.10469353659379266
1282	3	-0.056987604303877504
1282	4	-0.012920901187662537
1282	5	-0.014909382951252326
1282	6	-0.0732365386277607
1282	7	-0.012752326123106172
1282	8	-0.05936696074874703
1282	9	0.018118904161532612
1282	10-14	-0.00375954765014086
1282	15-19	0.001940454574139494
1282	20-24	-0.00357454089903797
1282	25-29	-0.04998463660643182
1282	30-34	-0.04284737989789278
1282	35-39	-0.038075105056677216
1282	40-44	-0.07511786017903432
1282	45-49	-0.03571642415563048
1282	50-54	-0.0396990199980749
1282	55-59	0.0022147521988884478
1282	60-64	-0.0066885114275549995
1282	65-69	-0.04817636922155799
1282	70-74	0.026417357233015082
1282	75-79	-0.03695593741604597
1282	80-84	-0.015839014382400762
1282	85-89	0.030057768264306617
1282	90-94	-6.40291741255794E-4
1282	95-99	-0.020652604858234724
1282	100-104	-0.024197082255952296
1282	105-109	0.024762204725575998
1282	110-114	0.06592110645851079
1282	115-119	0.07832752710157109
1282	120-124	0.10041393563301426
1282	125-129	0.04865038432343738
1282	130-134	0.12365899417679316
1282	135-139	0.05205365333713985
1282	140-144	0.13255199830295084
1282	145-149	0.07121599898459152
1282	150	0.05498964475930279
1283	1	-0.0237278238024885
1283	2	-0.0372432723963243
1283	3	-0.021200705167629508
1283	4	-0.008047254540038296
1283	5	-0.005930253829603771
1283	6	0.0021490037250231353
1283	7	-0.032702201511362716
1283	8	-0.014923462045707936
1283	9	0.050968533611005284
1283	10-14	-0.011441532138050547
1283	15-19	-0.019475302217095702
1283	20-24	-0.002351396404392858
1283	25-29	-0.010706260782100685
1283	30-34	-0.05614173281726664
1283	35-39	-0.05254623956125215
1283	40-44	-0.014469736295929181
1283	45-49	0.015239772292069631
1283	50-54	0.03498045340359113
1283	55-59	0.017946573958177225
1283	60-64	-0.005921821087213175
1283	65-69	-0.0016796265786993558
1283	70-74	0.022739332101018306
1283	75-79	0.017710674219898692
1283	80-84	0.007582549483203138
1283	85-89	0.017365002086378922
1283	90-94	0.004639801555818224
1283	95-99	0.028186572942757948
1283	100-104	0.0490427645396494
1283	105-109	0.046916523349764816
1283	110-114	0.04397720323679977
1283	115-119	0.06527722497289545
1283	120-124	0.07382320755796457
1283	125-129	0.056377977666571155
1283	130-134	0.09045919794279911
1283	135-139	0.14394849304991908
1283	140-144	0.11488152599509505
1283	145-149	0.11514439868016524
1283	150	0.05966638043002348
1284	1	6.218072444781342E-4
1284	2	0.03554037446757263
1284	3	-0.06312547637168109
1284	4	0.018925773145376468
1284	5	-0.08144252300309063
1284	6	-0.020412532541250528
1284	7	-0.07283856416882628
1284	8	0.018313188606057906
1284	9	-0.0029903576373015994
1284	10-14	-0.026859759968317576
1284	15-19	-0.059815761031266845
1284	20-24	-0.04575199686674125
1284	25-29	-0.04097553039357393
1284	30-34	-0.05460959684310751
1284	35-39	-0.09440815489951149
1284	40-44	-0.03541920044796143
1284	45-49	-0.04448046547973661
1284	50-54	-0.08770206813893111
1284	55-59	-0.06392956353231938
1284	60-64	-0.054261769889173195
1284	65-69	-0.09483086730174506
1284	70-74	-0.05433505765641655
1284	75-79	-0.054922718714692564
1284	80-84	-0.05542715287133859
1284	85-89	-0.0445842628243156
1284	90-94	-0.08472198007538623
1284	95-99	-0.0625590303770025
1284	100-104	-0.010816659782662441
1284	105-109	-0.02516319258371169
1284	110-114	-0.020790546535465637
1284	115-119	0.0018950996168598522
1284	120-124	-0.03754472759290195
1284	125-129	-0.04161020961801398
1284	130-134	7.496165540743505E-5
1284	135-139	0.012626387686481166
1284	140-144	0.04759012861443779
1284	145-149	0.025143504447378007
1284	150	-0.025950006250496926
1285	1	0.09726151011906126
1285	2	0.06606157536835155
1285	3	0.04912055796929593
1285	4	-0.031060652956142576
1285	5	-0.07140417921686293
1285	6	0.04365292790265585
1285	7	0.04415162554020213
1285	8	0.03413992961070278
1285	9	0.0068617732099838236
1285	10-14	0.0499365621987522
1285	15-19	0.003982897997786949
1285	20-24	0.027010360830253433
1285	25-29	0.02305797547971622
1285	30-34	0.02393249568870459
1285	35-39	0.026365322353946397
1285	40-44	0.019745791066576146
1285	45-49	0.06521058466443463
1285	50-54	0.021198542332648174
1285	55-59	0.0634694821900581
1285	60-64	0.03585579224432678
1285	65-69	0.03190046151072323
1285	70-74	0.06824994481350899
1285	75-79	0.09025321401312425
1285	80-84	0.09007421371875779
1285	85-89	0.04590347183498977
1285	90-94	0.05576616505633325
1285	95-99	0.06765900408286285
1285	100-104	0.10482457599411532
1285	105-109	0.11011202068502257
1285	110-114	0.11241377956081777
1285	115-119	0.1471727842126782
1285	120-124	0.08158048489735137
1285	125-129	0.07941887023019945
1285	130-134	0.14517818697787988
1285	135-139	0.19891766175042136
1285	140-144	0.20524966579970538
1285	145-149	0.2023886796270915
1285	150	0.2843738281847408
1286	1	0.011883358858554516
1286	2	-0.08150144984173124
1286	3	-0.056425660518101495
1286	4	0.007258674774952567
1286	5	-0.03375712039333223
1286	6	0.008022675801811374
1286	7	-0.013663500510212145
1286	8	-0.019641582994339046
1286	9	-0.019692848638754867
1286	10-14	-0.021055034439903864
1286	15-19	-0.013227186035827287
1286	20-24	-0.030670311438647957
1286	25-29	-0.04416891527658606
1286	30-34	-0.054185151370120366
1286	35-39	-0.017735517982181648
1286	40-44	-0.04062395683258302
1286	45-49	6.772752156791739E-5
1286	50-54	7.615675427317115E-4
1286	55-59	-0.0016061480620450652
1286	60-64	0.02913310316869655
1286	65-69	0.037681974115770345
1286	70-74	0.06078775993955077
1286	75-79	0.04043808796269843
1286	80-84	0.010343121281771062
1286	85-89	-0.003239385307864495
1286	90-94	0.01865692135886121
1286	95-99	0.04896992845260684
1286	100-104	0.07168171885125929
1286	105-109	0.09444815513880656
1286	110-114	0.109119661913752
1286	115-119	0.11671900270007285
1286	120-124	0.05542922439314424
1286	125-129	0.07478021476801189
1286	130-134	0.10853953151568874
1286	135-139	0.10903530880923995
1286	140-144	0.14084630445515955
1286	145-149	0.13106094853466033
1286	150	0.11731500465533173
1287	1	0.04380739678286716
1287	2	0.018540808033407075
1287	3	-8.510526796925433E-4
1287	4	-0.0104154404330572
1287	5	-0.02691111773307142
1287	6	-0.04072827783647881
1287	7	-0.03692132743443466
1287	8	-0.03763141274331616
1287	9	-0.037737131488583486
1287	10-14	-0.017507482985976708
1287	15-19	-0.03287350180141857
1287	20-24	-0.061353340505831966
1287	25-29	-0.03079085477124721
1287	30-34	-0.04668857028746487
1287	35-39	-0.0641350959706557
1287	40-44	-0.04957518443803366
1287	45-49	-0.036625630618175364
1287	50-54	-0.07936780394937415
1287	55-59	-0.05479468908763607
1287	60-64	-0.044206919576822656
1287	65-69	-0.03997177790139972
1287	70-74	-0.027044479132250387
1287	75-79	-0.003661844821756688
1287	80-84	-0.04370130904518987
1287	85-89	-0.021421956345065496
1287	90-94	-0.052075092810291324
1287	95-99	-0.042210246080919944
1287	100-104	-0.022617574676466745
1287	105-109	0.04329960878134642
1287	110-114	0.0023795365014507297
1287	115-119	0.023141439646501283
1287	120-124	0.0012783836316003772
1287	125-129	-0.024872408481755315
1287	130-134	0.033749173117854525
1287	135-139	0.08750418971294494
1287	140-144	0.0751451442070632
1287	145-149	0.07166734053458157
1287	150	-0.013445722180122743
1288	1	0.03670751492339974
1288	2	0.03979374610026554
1288	3	-0.012123094345511731
1288	4	-0.020713086317790896
1288	5	-0.017705429982534326
1288	6	0.01599765484280624
1288	7	0.0893995910347698
1288	8	-0.006300195381186313
1288	9	-0.023137859831010132
1288	10-14	-0.01099520883010996
1288	15-19	-0.03177986582457493
1288	20-24	-0.02494229581184726
1288	25-29	-0.04330894401229557
1288	30-34	-0.043817464086934876
1288	35-39	-0.03726961553118002
1288	40-44	-0.06502646005758805
1288	45-49	-0.036304323751075174
1288	50-54	-0.07214049674283984
1288	55-59	-0.05836364178846054
1288	60-64	-0.07304434127230053
1288	65-69	0.002707618905098741
1288	70-74	0.023930013011423057
1288	75-79	-0.0013563303084680456
1288	80-84	0.013261811633292098
1288	85-89	-0.009091195968309762
1288	90-94	-0.03805683085347766
1288	95-99	0.030414719469455065
1288	100-104	0.08248727291703517
1288	105-109	0.030141422570061138
1288	110-114	0.050339625613041505
1288	115-119	0.06656058367240547
1288	120-124	0.05538717653604408
1288	125-129	0.03866279917563986
1288	130-134	0.022647908625359037
1288	135-139	0.07536588242263065
1288	140-144	0.10650930623632604
1288	145-149	0.12733142555314458
1288	150	0.10194405143695917
1301	1	-0.06429812103267096
1301	2	-0.05845456685496231
1301	3	-0.07781886013371775
1301	4	-0.08578105206468933
1301	5	-0.022811077742694863
1301	6	-0.06960475473244543
1301	7	-0.11137721373273024
1301	8	-0.0972044037430777
1301	9	-0.053918042365886265
1301	10-14	-0.06160315441781705
1301	15-19	-0.07039261571134858
1301	20-24	-0.10504042736823038
1301	25-29	-0.14866894594577929
1301	30-34	-0.09553574124110753
1301	35-39	-0.10431966404937754
1301	40-44	-0.14119178688431333
1301	45-49	-0.1648609359146107
1301	50-54	-0.1559145452381543
1301	55-59	-0.1877076835667566
1301	60-64	-0.16609444186391187
1301	65-69	-0.2184827399450313
1301	70-74	-0.19303562634927118
1301	75-79	-0.22710547252718527
1301	80-84	-0.2935700235381944
1301	85-89	-0.29527234447694184
1301	90-94	-0.3364333892179232
1301	95-99	-0.33069500029260723
1301	100-104	-0.33201608727848964
1301	105-109	-0.2689108994319298
1301	110-114	-0.2899000686061939
1301	115-119	-0.30262091428861737
1301	120-124	-0.337086018200246
1301	125-129	-0.37500923093727323
1301	130-134	-0.3924445818376796
1301	135-139	-0.3196542166359677
1301	140-144	-0.3274050194320566
1301	145-149	-0.34011155550345507
1301	150	-0.3236974879329466
1302	1	-0.09920884452731826
1302	2	-0.004762818322411988
1302	3	0.01198856271114579
1302	4	-0.01369728787418012
1302	5	0.019712200622073794
1302	6	-0.06944895774389437
1302	7	-0.12231983865353158
1302	8	-0.09705283380460372
1302	9	-0.050302223730007256
1302	10-14	-0.08355777618982785
1302	15-19	-0.08038514470226232
1302	20-24	-0.06706248387398972
1302	25-29	-0.11003636524475269
1302	30-34	-0.059825646345032624
1302	35-39	-0.060535758578772914
1302	40-44	-0.07869093845496877
1302	45-49	-0.09921634580199168
1302	50-54	-0.13293262952456075
1302	55-59	-0.12551082042438821
1302	60-64	-0.14788592848844218
1302	65-69	-0.1804365839398372
1302	70-74	-0.13650641610473002
1302	75-79	-0.1517904787940907
1302	80-84	-0.20689581098327636
1302	85-89	-0.19308971320830892
1302	90-94	-0.20831084921010046
1302	95-99	-0.21840860822960906
1302	100-104	-0.216801436467847
1302	105-109	-0.19339221019426134
1302	110-114	-0.14875867329802617
1302	115-119	-0.24429619809880165
1302	120-124	-0.21661001854516826
1302	125-129	-0.21969685555977492
1302	130-134	-0.27762480996794636
1302	135-139	-0.24348613173361855
1302	140-144	-0.2513599779187956
1302	145-149	-0.25438543404894887
1302	150	-0.2877136975830368
1303	1	-0.13587012895140305
1303	2	-0.03195612833416561
1303	3	-0.11179599232782778
1303	4	-0.03834209057017546
1303	5	-0.048370960384367834
1303	6	-0.026350115421763576
1303	7	-0.12651824074281848
1303	8	-0.11879239355249638
1303	9	-0.05999887019830652
1303	10-14	-0.11257383970936985
1303	15-19	-0.11338247421243608
1303	20-24	-0.10037765429608214
1303	25-29	-0.1495808081224368
1303	30-34	-0.11165909891136039
1303	35-39	-0.09801722789366352
1303	40-44	-0.09726239678663262
1303	45-49	-0.1213455632149234
1303	50-54	-0.11817183024889744
1303	55-59	-0.12996314603364567
1303	60-64	-0.1630326284159196
1303	65-69	-0.20911759894512727
1303	70-74	-0.12477221612157052
1303	75-79	-0.22380251231483328
1303	80-84	-0.1961479955600396
1303	85-89	-0.22949736311344537
1303	90-94	-0.20160001676554629
1303	95-99	-0.199742995774443
1303	100-104	-0.2261432739772573
1303	105-109	-0.2165408787003429
1303	110-114	-0.24254538019042116
1303	115-119	-0.28657602357590406
1303	120-124	-0.2381415096013697
1303	125-129	-0.28517847756353376
1303	130-134	-0.3517112325917253
1303	135-139	-0.26676914958821385
1303	140-144	-0.28159325352016396
1303	145-149	-0.2922452899891681
1303	150	-0.3842514774218202
1304	1	-0.09541986038200889
1304	2	-0.03764495317459904
1304	3	-0.034901259255789796
1304	4	-0.0869908702176545
1304	5	0.002053486663868398
1304	6	-0.08225663151718976
1304	7	-0.04154745230184176
1304	8	-0.1653728402314556
1304	9	-0.0528904772515304
1304	10-14	-0.05560602490317734
1304	15-19	-0.08387126833758884
1304	20-24	-0.08296391589230723
1304	25-29	-0.09043920773900282
1304	30-34	-0.09439252198394144
1304	35-39	-0.04693196119046661
1304	40-44	-0.09041438020991421
1304	45-49	-0.09667193018565712
1304	50-54	-0.1270524685138028
1304	55-59	-0.16758868213881328
1304	60-64	-0.16949337732200576
1304	65-69	-0.17036414679258627
1304	70-74	-0.18791383760984104
1304	75-79	-0.1995058568610517
1304	80-84	-0.1993235689966042
1304	85-89	-0.21816669254592114
1304	90-94	-0.21066983538891293
1304	95-99	-0.18989783100279567
1304	100-104	-0.21639968663369302
1304	105-109	-0.1935239271398288
1304	110-114	-0.217460501064906
1304	115-119	-0.23872043975504198
1304	120-124	-0.230554847818226
1304	125-129	-0.20835656211718145
1304	130-134	-0.21263606592093964
1304	135-139	-0.20726936327461942
1304	140-144	-0.14760110767672785
1304	145-149	-0.19126124151458868
1304	150	-0.24867261798705442
1305	1	-0.0549830062085519
1305	2	-0.08266932542320404
1305	3	0.019250238037585632
1305	4	-0.026427131268263793
1305	5	0.0010292530364779395
1305	6	-0.05349469133854967
1305	7	-0.11392692585270936
1305	8	-0.10846366054685319
1305	9	-0.13618910574560772
1305	10-14	-0.05591961081641017
1305	15-19	-0.03448884011003628
1305	20-24	-0.08779479385082567
1305	25-29	-0.09989989156481727
1305	30-34	-0.07143342510947548
1305	35-39	-0.07744635407889433
1305	40-44	-0.07522201831011444
1305	45-49	-0.17152050196511226
1305	50-54	-0.1311000296185867
1305	55-59	-0.10973818594976592
1305	60-64	-0.15452922921415535
1305	65-69	-0.147906987107973
1305	70-74	-0.1584301873637628
1305	75-79	-0.17511466969876466
1305	80-84	-0.18285042317124578
1305	85-89	-0.20432990582845179
1305	90-94	-0.18296988112440005
1305	95-99	-0.18248352203607965
1305	100-104	-0.16574379786544569
1305	105-109	-0.2213547869087833
1305	110-114	-0.21164025283307097
1305	115-119	-0.2331685769344105
1305	120-124	-0.1925771173280637
1305	125-129	-0.22234396565743708
1305	130-134	-0.17908170744291851
1305	135-139	-0.2053488531485641
1305	140-144	-0.22858687807838862
1305	145-149	-0.20768715388530978
1305	150	-0.2516370433373325
1306	1	-0.10421827637039627
1306	2	-0.06290154248181778
1306	3	-0.034591123886549724
1306	4	-0.05611164153101811
1306	5	-0.026835766562285812
1306	6	-0.034018795977303284
1306	7	-0.1203358950809772
1306	8	-0.07517495753351966
1306	9	-0.05899872017882046
1306	10-14	-0.11245410131756728
1306	15-19	-0.10206093508056568
1306	20-24	-0.05904869795235612
1306	25-29	-0.10981547729210206
1306	30-34	-0.0899229711720082
1306	35-39	-0.08683231225545285
1306	40-44	-0.11629739031656072
1306	45-49	-0.1635699240962012
1306	50-54	-0.11839513300916593
1306	55-59	-0.16364364537708553
1306	60-64	-0.15434210391988046
1306	65-69	-0.1322178313985063
1306	70-74	-0.15740238017492203
1306	75-79	-0.13920243929671727
1306	80-84	-0.14791625048988521
1306	85-89	-0.229830654053238
1306	90-94	-0.16808180000344208
1306	95-99	-0.18516912810898134
1306	100-104	-0.1952682686554752
1306	105-109	-0.21476872639732392
1306	110-114	-0.20782996029297607
1306	115-119	-0.22287401802412177
1306	120-124	-0.2395012122572524
1306	125-129	-0.25443316573285557
1306	130-134	-0.277813023903974
1306	135-139	-0.2183562241210808
1306	140-144	-0.22508766391569424
1306	145-149	-0.17856736017014896
1306	150	-0.29077869917988153
1307	1	-0.050304763887957904
1307	2	-0.03032303577676032
1307	3	-0.02213530509391859
1307	4	-0.01738565447901408
1307	5	-0.03156499466489038
1307	6	-0.029574490783147667
1307	7	0.0036184747583192234
1307	8	-0.042760370032802086
1307	9	-0.06802694099161499
1307	10-14	-0.05777437609441449
1307	15-19	-0.03206675058100927
1307	20-24	-0.0536733484836347
1307	25-29	-0.057991919659556856
1307	30-34	-0.008178798811840693
1307	35-39	-0.0320374414440181
1307	40-44	-0.037101750435354575
1307	45-49	-0.1045562735458958
1307	50-54	-0.06428904697300908
1307	55-59	-0.12182869065173918
1307	60-64	-0.08729498384105483
1307	65-69	-0.16396539798459742
1307	70-74	-0.09465062749688258
1307	75-79	-0.0947854727767492
1307	80-84	-0.10745760563653306
1307	85-89	-0.13412900453145937
1307	90-94	-0.12962172099210534
1307	95-99	-0.15810103165389933
1307	100-104	-0.14873845501738003
1307	105-109	-0.16720024961488633
1307	110-114	-0.14047006724680955
1307	115-119	-0.2109499913041546
1307	120-124	-0.14916798570249057
1307	125-129	-0.16686966354713206
1307	130-134	-0.17524538652470767
1307	135-139	-0.13614197397821926
1307	140-144	-0.14965127780176601
1307	145-149	-0.15619869705640355
1307	150	-0.20988079047321406
1308	1	-0.049754167706936414
1308	2	-0.008554621604460522
1308	3	-0.020792262072923506
1308	4	-0.03363057536088121
1308	5	-0.08630042996885123
1308	6	-0.024063802055060535
1308	7	-0.0036277108433324656
1308	8	-0.02950752833243797
1308	9	-0.05875512149381734
1308	10-14	-0.020171540948894062
1308	15-19	-0.05302001674064627
1308	20-24	-0.03370955188781721
1308	25-29	-0.06623377366923222
1308	30-34	-0.042458120047975
1308	35-39	-0.07250285018808
1308	40-44	-0.06503272522814285
1308	45-49	-0.04683754275085761
1308	50-54	-0.10295401458195386
1308	55-59	-0.07905131645701147
1308	60-64	-0.0875259685723293
1308	65-69	-0.14390264725227553
1308	70-74	-0.06931123628920943
1308	75-79	-0.09572251543622201
1308	80-84	-0.1025272507880075
1308	85-89	-0.13395769863423368
1308	90-94	-0.07270483103840775
1308	95-99	-0.11710450881059842
1308	100-104	-0.13360796186761803
1308	105-109	-0.09786880992074742
1308	110-114	-0.11106941590146135
1308	115-119	-0.10895164787945077
1308	120-124	-0.09102103204848788
1308	125-129	-0.16519206244240792
1308	130-134	-0.16637948362026833
1308	135-139	-0.12565591099641438
1308	140-144	-0.10638500866290457
1308	145-149	-0.06623451213530984
1308	150	-0.20384652079728482
1309	1	-0.05357842005591351
1309	2	-0.1198686807920808
1309	3	-0.06961284843674775
1309	4	-0.07384228734902365
1309	5	-0.02452884937478217
1309	6	0.0023124496823783147
1309	7	-0.10563199805415735
1309	8	-0.09300820500546791
1309	9	-0.044762470690479006
1309	10-14	-0.04866092897162133
1309	15-19	-0.029167104032012503
1309	20-24	-0.07056459958869254
1309	25-29	-0.10074765111874484
1309	30-34	-0.07343542539277337
1309	35-39	-0.0547642193177964
1309	40-44	-0.0708583578393629
1309	45-49	-0.09514812113672377
1309	50-54	-0.07917851283725241
1309	55-59	-0.11398304084814015
1309	60-64	-0.11133732268280028
1309	65-69	-0.150769290448018
1309	70-74	-0.16166488488649833
1309	75-79	-0.10195447485953224
1309	80-84	-0.1423567528707821
1309	85-89	-0.17984312825431914
1309	90-94	-0.1415851928781393
1309	95-99	-0.21545519232033428
1309	100-104	-0.1844856988404473
1309	105-109	-0.20528131346022604
1309	110-114	-0.1398988092428297
1309	115-119	-0.24553699535132267
1309	120-124	-0.1777594249796408
1309	125-129	-0.15486798074208252
1309	130-134	-0.22023016766832626
1309	135-139	-0.15090103674346977
1309	140-144	-0.1053172972173897
1309	145-149	-0.1637432572056099
1309	150	-0.2849506552318104
1310	1	-0.02711336016536592
1310	2	0.02779199954012057
1310	3	-0.05906940009485595
1310	4	-4.0152856018949024E-4
1310	5	-0.05139573022507449
1310	6	-0.05176927881502991
1310	7	-0.06913174981729497
1310	8	-0.10274474753919094
1310	9	-0.103713921071936
1310	10-14	-0.03670508720929888
1310	15-19	-0.04640725406934365
1310	20-24	-0.04697832576366778
1310	25-29	-0.04895017323431006
1310	30-34	-0.06621613885707234
1310	35-39	-0.06652908732794316
1310	40-44	-0.13588172909544483
1310	45-49	-0.08726956535669927
1310	50-54	-0.11306779520604238
1310	55-59	-0.12263774935205873
1310	60-64	-0.10531051600256802
1310	65-69	-0.13005353417056398
1310	70-74	-0.11247826407383599
1310	75-79	-0.1487458365792591
1310	80-84	-0.16016264360957422
1310	85-89	-0.16415876514598438
1310	90-94	-0.15124336581853726
1310	95-99	-0.1407161311525158
1310	100-104	-0.13741973528792784
1310	105-109	-0.15810785917444292
1310	110-114	-0.1692873704735547
1310	115-119	-0.16442403107676284
1310	120-124	-0.16231753253348558
1310	125-129	-0.13673733308139902
1310	130-134	-0.14436412201088444
1310	135-139	-0.13270881038336313
1310	140-144	-0.14502515016977213
1310	145-149	-0.13075614992848017
1310	150	-0.12931330299984012
1311	1	-0.057056261218917825
1311	2	-0.01321528257593485
1311	3	0.013030473006487853
1311	4	-0.005694581164604529
1311	5	0.013296011847813816
1311	6	0.008011873968982286
1311	7	-0.017520567870676018
1311	8	-0.07909254790000375
1311	9	-0.06569843539315912
1311	10-14	-0.04396384025663025
1311	15-19	-0.036009227117631326
1311	20-24	-0.049923335661468116
1311	25-29	-0.045096850790798726
1311	30-34	-0.08774303119102456
1311	35-39	-0.06251891800425113
1311	40-44	-0.041980829643897266
1311	45-49	-0.07027654895888702
1311	50-54	-0.1026273274762346
1311	55-59	-0.15369119216952498
1311	60-64	-0.11651955402410152
1311	65-69	-0.06110671067396822
1311	70-74	-0.08980544652063571
1311	75-79	-0.13738142851009627
1311	80-84	-0.18900107970200253
1311	85-89	-0.20502099083189762
1311	90-94	-0.18870588665307508
1311	95-99	-0.14882768236780208
1311	100-104	-0.1332628027030367
1311	105-109	-0.09322762726814915
1311	110-114	-0.11682339035898792
1311	115-119	-0.08085344217283108
1311	120-124	-0.06583212769433544
1311	125-129	-0.10264804305896291
1311	130-134	-0.10955855609530829
1311	135-139	-0.17279874948579987
1311	140-144	-0.1576815567238583
1311	145-149	-0.08626351877818905
1311	150	-0.12689620021362202
1312	1	-0.05413182709003905
1312	2	-0.06749467312685198
1312	3	-0.020511538055700385
1312	4	-0.04624789347079172
1312	5	-0.04018701310513251
1312	6	-0.04889397765202119
1312	7	-0.06546766871837661
1312	8	-0.16028730878990416
1312	9	-0.008179010399061326
1312	10-14	-0.076214956689725
1312	15-19	-0.06732571265821008
1312	20-24	-0.05085028783172163
1312	25-29	-0.05851119222928958
1312	30-34	-0.07184768976074452
1312	35-39	-0.05342909772016213
1312	40-44	-0.09589536015282363
1312	45-49	-0.10891298174327346
1312	50-54	-0.0520463765992929
1312	55-59	-0.07835708323695201
1312	60-64	-0.06541712614734507
1312	65-69	-0.06147804209196295
1312	70-74	-0.11908943706083619
1312	75-79	-0.08180438219097397
1312	80-84	-0.19794659796021108
1312	85-89	-0.19975319418571758
1312	90-94	-0.12932299513604306
1312	95-99	-0.09296039000600587
1312	100-104	-0.10162352106441119
1312	105-109	-0.11857610362130089
1312	110-114	-0.1484165030763549
1312	115-119	-0.13095005402114168
1312	120-124	-0.13357410524059787
1312	125-129	-0.12603482319686066
1312	130-134	-0.15777286681890246
1312	135-139	-0.07694849519452873
1312	140-144	-0.054471561055812856
1312	145-149	-0.09636475717739756
1312	150	-0.07838659673994641
1313	1	-0.0464449553361348
1313	2	0.010609511171850272
1313	3	-0.017662418934911273
1313	4	-0.014587621798703765
1313	5	0.007220048463480566
1313	6	-0.07008760759169519
1313	7	-0.09014894985520527
1313	8	-0.08528098151201391
1313	9	-0.0109766769304116
1313	10-14	-0.016065005342959182
1313	15-19	-0.08101079548237067
1313	20-24	-0.030475098693578673
1313	25-29	-0.06924098584212857
1313	30-34	-0.06488314948266805
1313	35-39	-0.07067162829757478
1313	40-44	-0.05797046061837818
1313	45-49	-0.07008186365249713
1313	50-54	-0.07109903466665912
1313	55-59	-0.09605440391742093
1313	60-64	-0.12150151274722987
1313	65-69	-0.14331040483961743
1313	70-74	-0.06064651454892811
1313	75-79	-0.13014859433090464
1313	80-84	-0.08823872169939762
1313	85-89	-0.07283934226590816
1313	90-94	-0.10663294734862205
1313	95-99	-0.09906220760652218
1313	100-104	-0.10524776649192802
1313	105-109	-0.09736397251550954
1313	110-114	-0.09835769234340574
1313	115-119	-0.11963712299990448
1313	120-124	-0.06194357570456788
1313	125-129	-0.03842411094912279
1313	130-134	-0.13304285385236625
1313	135-139	-0.09343969704358557
1313	140-144	-0.06423825409572004
1313	145-149	-0.04172179280206478
1313	150	-0.021736298163773426
1314	1	-0.04914715105638123
1314	2	-0.030698292911040426
1314	3	-0.042189154846475674
1314	4	-0.002127595619775491
1314	5	-0.015944061449225444
1314	6	0.009800502067271566
1314	7	0.06435092904021644
1314	8	-0.06925397185148796
1314	9	-0.11188992425752531
1314	10-14	-0.024934235043957642
1314	15-19	-0.06613054594487267
1314	20-24	-0.021259741060859483
1314	25-29	-0.0392639705860276
1314	30-34	-0.05286998943243759
1314	35-39	-0.05556530900347667
1314	40-44	-0.07372609198113622
1314	45-49	-0.04779345480582009
1314	50-54	-0.07327099512361457
1314	55-59	-0.08530638319538753
1314	60-64	-0.08970049764436538
1314	65-69	-0.11084972007881788
1314	70-74	-0.1393446956392026
1314	75-79	-0.16184151687547654
1314	80-84	-0.12936804654715672
1314	85-89	-0.13863392986980472
1314	90-94	-0.10895354394101986
1314	95-99	-0.14374186812116818
1314	100-104	-0.12074575873354831
1314	105-109	-0.1440938918132204
1314	110-114	-0.1222721954099768
1314	115-119	-0.12116322391793943
1314	120-124	-0.11088296033725697
1314	125-129	-0.06962801576027289
1314	130-134	-0.10376498769547737
1314	135-139	-0.07640603848471272
1314	140-144	-0.05788623782720492
1314	145-149	-0.0967262199029264
1314	150	-0.15148449464558666
1315	1	-0.04768380730591559
1315	2	0.004594543958404529
1315	3	-0.01673588508969459
1315	4	-0.026505371793433596
1315	5	-0.06442227565020886
1315	6	-0.030030381622118796
1315	7	-0.08394891405622218
1315	8	-0.10145411805654447
1315	9	-0.04126028084219513
1315	10-14	-0.07522209534548097
1315	15-19	-0.06061851200875168
1315	20-24	-0.042578238821583625
1315	25-29	-0.07050223897082475
1315	30-34	-0.0173403041401059
1315	35-39	-0.006352589587152124
1315	40-44	-0.03801015866362434
1315	45-49	-0.04207057804153891
1315	50-54	-0.0542226494062632
1315	55-59	-0.09167375666088873
1315	60-64	-0.09709274078210228
1315	65-69	-0.11324933577913754
1315	70-74	-0.06363406219605139
1315	75-79	-0.03552253826989471
1315	80-84	-0.08551664148085791
1315	85-89	-0.09844964284515356
1315	90-94	-0.059845834457853186
1315	95-99	-0.06281927614870142
1315	100-104	-0.0936660576991315
1315	105-109	-0.12109918533902686
1315	110-114	-0.09191550728125009
1315	115-119	-0.10313796086993676
1315	120-124	-0.043222328175581026
1315	125-129	-0.13761023790307547
1315	130-134	-0.09826433414619373
1315	135-139	-0.10088590895522032
1315	140-144	-0.270876714277442
1315	145-149	-0.23994859995094941
1315	150	-0.10921740872296226
1316	1	-0.10581426886510314
1316	2	-0.06804615621985732
1316	3	-0.09132018469945535
1316	4	-0.11838322800385725
1316	5	-0.06732991234197527
1316	6	-0.009560428236262908
1316	7	-0.10364441322928286
1316	8	-0.03093232938139323
1316	9	-0.02100863158910471
1316	10-14	-0.09177296408963542
1316	15-19	-0.08108608888900193
1316	20-24	-0.09308403444997992
1316	25-29	-0.11360715428900647
1316	30-34	-0.09221058455224806
1316	35-39	-0.03326453312806876
1316	40-44	-0.07579234631226939
1316	45-49	-0.1445024120386833
1316	50-54	-0.04793648158841535
1316	55-59	-0.14168596760048047
1316	60-64	-0.08376979958532615
1316	65-69	-0.08812155083403184
1316	70-74	-0.12230517280877251
1316	75-79	-0.08311640994265446
1316	80-84	-0.10723730557923261
1316	85-89	-0.12394933300376465
1316	90-94	-0.12657220037832673
1316	95-99	-0.12912600372556682
1316	100-104	-0.10180788229892812
1316	105-109	-0.1376103461378122
1316	110-114	-0.10568274754560036
1316	115-119	-0.11623764190466801
1316	120-124	-0.09784094739237759
1316	125-129	-0.11276714399850363
1316	130-134	-0.11899989487433515
1316	135-139	-0.08465408907380123
1316	140-144	-0.0853924104998427
1316	145-149	-0.0975160327003124
1316	150	-0.14530912464240942
1317	1	-0.04479207038676947
1317	2	-0.08873537002577336
1317	3	-0.03583745427120277
1317	4	-0.005479229235596961
1317	5	-0.045586078730906365
1317	6	-0.08682765838647555
1317	7	-0.06571042920219128
1317	8	-0.0761261138962297
1317	9	-0.08969363291375743
1317	10-14	-0.0724453332486803
1317	15-19	-0.05322565234250476
1317	20-24	-0.08049554592235353
1317	25-29	-0.07761707034227783
1317	30-34	-0.04438522282628554
1317	35-39	-0.0401090594485467
1317	40-44	-0.054486267190526405
1317	45-49	-0.05881113103878732
1317	50-54	-0.07790858091762232
1317	55-59	-0.08046912360138236
1317	60-64	-0.04661099080487929
1317	65-69	-0.08770175421137338
1317	70-74	-0.0716194240194099
1317	75-79	-0.08182208800537438
1317	80-84	-0.08473001671867308
1317	85-89	-0.09592709571867886
1317	90-94	-0.027208804952401522
1317	95-99	-0.09586479575853701
1317	100-104	-0.07899007949130521
1317	105-109	-0.07379005531994665
1317	110-114	-0.025994444288699015
1317	115-119	-0.05673894708890259
1317	120-124	-0.024580372809026585
1317	125-129	-0.02740319520157186
1317	130-134	-0.013038824818195849
1317	135-139	-0.05239255967654799
1317	140-144	-2.974938176905084E-4
1317	145-149	-0.04439208065489453
1317	150	-0.04026106275746599
1318	1	-0.07722916844439709
1318	2	0.033536128876328064
1318	3	-0.03628787671973299
1318	4	-0.07986408043689863
1318	5	-0.09749526736078451
1318	6	-0.06478332751080274
1318	7	-0.12064800780985507
1318	8	-0.11179730479290129
1318	9	-0.09184468348384911
1318	10-14	-0.08290382034708443
1318	15-19	-0.048635614923433934
1318	20-24	-0.07928605127963095
1318	25-29	-0.056127922421033816
1318	30-34	-0.06147531244663185
1318	35-39	-0.06800568445402888
1318	40-44	-0.06216215775327072
1318	45-49	-0.032688824460635146
1318	50-54	-0.07402325477418259
1318	55-59	-0.0625259636928206
1318	60-64	-0.07548966799706847
1318	65-69	-0.12834233964839825
1318	70-74	-0.11039104862219062
1318	75-79	-0.13489593187236437
1318	80-84	-0.06700196186711338
1318	85-89	-0.06743932555320953
1318	90-94	-0.07977705409532376
1318	95-99	-0.0783633720059882
1318	100-104	-0.14963593516927176
1318	105-109	-0.13758340460280039
1318	110-114	-0.11347662575560946
1318	115-119	-0.10042185875323639
1318	120-124	-0.09766643237146155
1318	125-129	-0.11495388860755185
1318	130-134	-0.09923572135384262
1318	135-139	-0.09900010307728735
1318	140-144	-0.11126674207515208
1318	145-149	-0.1399750173877905
1318	150	-0.08233505350393955
1319	1	-0.05792254580419609
1319	2	-0.01529585255857313
1319	3	-0.055227871668051876
1319	4	-0.061468426685102884
1319	5	-0.030543516367650625
1319	6	-0.04148824361020331
1319	7	-0.020354460079886394
1319	8	-0.032320495267214255
1319	9	-0.060224317863614374
1319	10-14	-0.05005857922064649
1319	15-19	-0.015009392723811743
1319	20-24	0.0043652107348179925
1319	25-29	-0.03684158080297095
1319	30-34	-0.010794655348703941
1319	35-39	-0.006334114943101099
1319	40-44	0.00708115707139001
1319	45-49	-0.025467187329319074
1319	50-54	0.006757254313008332
1319	55-59	-0.05138577672767042
1319	60-64	-0.03039482127541504
1319	65-69	-0.056540776931548464
1319	70-74	-0.05157812092607372
1319	75-79	-0.07235812432752198
1319	80-84	-0.04123001770832957
1319	85-89	-0.05669269583561487
1319	90-94	-0.056955681204279074
1319	95-99	-0.05853776843144942
1319	100-104	-0.06758959321338409
1319	105-109	-0.09763116862610133
1319	110-114	-0.10714032172572274
1319	115-119	-0.06543077048353751
1319	120-124	-0.06903650526154337
1319	125-129	-0.08854364929089087
1319	130-134	-0.09047308592066372
1319	135-139	-0.0834047397765616
1319	140-144	-0.08608649344275676
1319	145-149	-0.06690697491790587
1319	150	-0.06618366915047602
1320	1	-0.03960249108680358
1320	2	-0.03411970997780145
1320	3	-0.036685095095656095
1320	4	-0.013323096395055245
1320	5	-0.0823475065305388
1320	6	-0.03308718242226405
1320	7	-0.07751837947456153
1320	8	-0.006967493696670601
1320	9	-0.0767054957120763
1320	10-14	-0.07066794645534458
1320	15-19	-0.07159543240302213
1320	20-24	-0.044946784635726544
1320	25-29	-0.04550907024163564
1320	30-34	-0.022400050161643037
1320	35-39	-0.031942375751171426
1320	40-44	-0.04753752018824997
1320	45-49	-0.03821282705970219
1320	50-54	-0.024792442678126747
1320	55-59	-0.043431523952307316
1320	60-64	-0.04609091206692284
1320	65-69	-0.04831012399977652
1320	70-74	-0.04160289925617633
1320	75-79	-0.013361373456916681
1320	80-84	-0.08982237189031395
1320	85-89	-0.028975179453055944
1320	90-94	-0.036051622010198514
1320	95-99	0.01029334046660324
1320	100-104	-0.05863532469605559
1320	105-109	-0.043198126830347405
1320	110-114	-0.06019721060966532
1320	115-119	-0.06167999318665096
1320	120-124	-0.07649326409172374
1320	125-129	-0.06864208385133708
1320	130-134	-0.08905421422683446
1320	135-139	-0.07720562619876858
1320	140-144	-0.06536022865824975
1320	145-149	-0.04758478557823764
1320	150	0.02826859340369481
1321	1	-0.054809195419473156
1321	2	-0.10846905999048317
1321	3	-0.06933629769716276
1321	4	-0.09974089039407374
1321	5	-0.04067841598738653
1321	6	-0.07953286627061118
1321	7	-0.05396808443764911
1321	8	-0.09901259493702241
1321	9	-0.08527466259177885
1321	10-14	-0.05532505436122648
1321	15-19	-0.05213327265820311
1321	20-24	-0.0524475364080601
1321	25-29	-0.06422202532927201
1321	30-34	-0.05514719972736515
1321	35-39	-0.07357614737473739
1321	40-44	-0.08083785322146753
1321	45-49	-0.06396989041368784
1321	50-54	-0.08289699913304105
1321	55-59	-0.10213745083585479
1321	60-64	-0.06929911881756823
1321	65-69	-0.06745975044408681
1321	70-74	-0.10128090290464087
1321	75-79	-0.11469997592710257
1321	80-84	-0.07379210103819389
1321	85-89	-0.10655967371203445
1321	90-94	-0.07292810832088037
1321	95-99	-0.09065805848223363
1321	100-104	-0.12688815241854456
1321	105-109	-0.06598918369564899
1321	110-114	-0.07654078565878564
1321	115-119	-0.07389689997869198
1321	120-124	-0.1260862930051445
1321	125-129	-0.08360334659877111
1321	130-134	-0.09004951276628503
1321	135-139	-0.10061688708717043
1321	140-144	-0.07527666169880831
1321	145-149	-0.08957932490324083
1321	150	-0.03138788444254459
1322	1	-0.02281424678727717
1322	2	-0.019056198344706843
1322	3	-0.004274629758796777
1322	4	-0.0955846833885019
1322	5	-0.01691128216319271
1322	6	-0.02605803534699902
1322	7	-0.06306701796346204
1322	8	-0.07037974155955595
1322	9	-0.06224325260686214
1322	10-14	-0.11991032755609154
1322	15-19	-0.09303405894272032
1322	20-24	-0.10546542317418783
1322	25-29	-0.05207925585866491
1322	30-34	-0.09363166646406995
1322	35-39	-0.08211213466461231
1322	40-44	-0.10994699288191612
1322	45-49	-0.07436080561618041
1322	50-54	-0.1142064772987581
1322	55-59	-0.10767323946222263
1322	60-64	-0.08375950876566662
1322	65-69	-0.09781119686449813
1322	70-74	-0.09404705642653255
1322	75-79	-0.08092855248948183
1322	80-84	-0.09895425403006897
1322	85-89	-0.04436407493135164
1322	90-94	-0.07575343247773247
1322	95-99	-0.0691617624992773
1322	100-104	-0.08760892316790603
1322	105-109	-0.11848219386725845
1322	110-114	-0.07732329213433076
1322	115-119	-0.09505161764059977
1322	120-124	-0.032535807255683835
1322	125-129	-0.11883551627730071
1322	130-134	-0.11793749546755805
1322	135-139	-0.04201031911594555
1322	140-144	-0.10938297505895633
1322	145-149	-0.03940165753827074
1322	150	-0.12126929552110255
1323	1	-0.07738794386543191
1323	2	0.0147068885660957
1323	3	0.023554853426610123
1323	4	-0.023117649667867113
1323	5	-0.03143016062391979
1323	6	0.006798301994315636
1323	7	0.019281735555225055
1323	8	-0.05194540307309836
1323	9	0.0028565769285719966
1323	10-14	-0.08047597383015415
1323	15-19	-0.06760740768970663
1323	20-24	-0.06173092118979895
1323	25-29	-0.09929837575642608
1323	30-34	-0.07150305824301029
1323	35-39	-0.04938119654347162
1323	40-44	-0.09915373396082572
1323	45-49	-0.17044142686481933
1323	50-54	-0.11037243968334565
1323	55-59	-0.14000098425738372
1323	60-64	-0.10975002109550047
1323	65-69	-0.1250964126012306
1323	70-74	-0.11673734865460972
1323	75-79	-0.11706834649513809
1323	80-84	-0.1289682090474571
1323	85-89	-0.10951876662561233
1323	90-94	-0.13164730467937602
1323	95-99	-0.10427506809673304
1323	100-104	-0.12251192382318976
1323	105-109	-0.11370091318418218
1323	110-114	-0.09317693208616618
1323	115-119	-0.10060945911943975
1323	120-124	-0.13842195085956632
1323	125-129	-0.13561332235698131
1323	130-134	-0.14245238989055053
1323	135-139	-0.10956218236113813
1323	140-144	-0.06653192799723939
1323	145-149	-0.1642953621055412
1323	150	-0.06255590022836088
1324	1	-0.06125171022580389
1324	2	-0.14309008667150636
1324	3	-0.05378846676126159
1324	4	-0.058752400676198135
1324	5	-0.033046951141720626
1324	6	-0.046453060178379246
1324	7	-0.07142258489336939
1324	8	-0.06696755772937024
1324	9	0.013803660312021293
1324	10-14	-0.07141162699098658
1324	15-19	-0.05102924340053505
1324	20-24	-0.11218491549271903
1324	25-29	-0.06496109024213581
1324	30-34	-0.0736873742599613
1324	35-39	-0.059657388965021596
1324	40-44	-0.1012886803362889
1324	45-49	-0.12890212841668358
1324	50-54	-0.25686246219979836
1324	55-59	-0.15557213596975572
1324	60-64	-0.14879253473857545
1324	65-69	-0.19060416192681373
1324	70-74	-0.11771278458902401
1324	75-79	-0.11427987512490745
1324	80-84	-0.1882595115210819
1324	85-89	-0.12923191501140252
1324	90-94	-0.15968074413015643
1324	95-99	-0.1149069069842028
1324	100-104	-0.15085126051442188
1324	105-109	-0.15218033771588324
1324	110-114	-0.15969795712423007
1324	115-119	-0.1608976202983854
1324	120-124	-0.18323326322135358
1324	125-129	-0.16797983156746454
1324	130-134	-0.17709851442113944
1324	135-139	-0.16682645892981895
1324	140-144	-0.17139121977418625
1324	145-149	-0.16361348693221345
1324	150	-0.17176790523602392
1325	1	-0.15995940420271637
1325	2	-0.11363343743517618
1325	3	-0.05400088579769147
1325	4	-0.05577121757652037
1325	5	-0.07272457863463444
1325	6	-0.0953514940772493
1325	7	-0.11991188461900748
1325	8	-0.06659262712543779
1325	9	-0.1407569157260511
1325	10-14	-0.07773657481863694
1325	15-19	-0.08814005660021706
1325	20-24	-0.05975352056587724
1325	25-29	-0.11783070724722222
1325	30-34	-0.1376292993355861
1325	35-39	-0.1077022564339245
1325	40-44	-0.14656710363620107
1325	45-49	-0.12372436235469308
1325	50-54	-0.15422760362322663
1325	55-59	-0.16395542485530257
1325	60-64	-0.15320249907705374
1325	65-69	-0.18373262321649975
1325	70-74	-0.1904267533445676
1325	75-79	-0.18496776719818087
1325	80-84	-0.2182266088771101
1325	85-89	-0.1776325590854242
1325	90-94	-0.18325520033355502
1325	95-99	-0.1971414600723449
1325	100-104	-0.23682762459885964
1325	105-109	-0.1798695963258652
1325	110-114	-0.20688858004023558
1325	115-119	-0.16635800896633413
1325	120-124	-0.2201024267168492
1325	125-129	-0.18481622031060851
1325	130-134	-0.18806967510172967
1325	135-139	-0.24384634179181575
1325	140-144	-0.23776308538140967
1325	145-149	-0.18693722799846313
1325	150	-0.18820108445898143
1326	1	-0.08287781871735689
1326	2	0.026453092307420434
1326	3	0.024842668204875906
1326	4	0.005075604246641774
1326	5	-0.02918562201205077
1326	6	0.004601062088831043
1326	7	-0.0566574125090753
1326	8	-0.045894393568211456
1326	9	-0.02730817306552069
1326	10-14	-0.08584158208077497
1326	15-19	-0.07555079543804766
1326	20-24	-0.05747855249207845
1326	25-29	-0.07161293795314805
1326	30-34	-0.06913081312391967
1326	35-39	-0.06724075808445207
1326	40-44	-0.09379500552204689
1326	45-49	-0.06859871226306069
1326	50-54	-0.10257309799533942
1326	55-59	-0.14470634556575845
1326	60-64	-0.10044916047403518
1326	65-69	-0.07547060986694021
1326	70-74	-0.11069128401447159
1326	75-79	-0.11825167413113036
1326	80-84	-0.08866154143481708
1326	85-89	-0.07326495316740989
1326	90-94	-0.1159280096020936
1326	95-99	-0.11445310472743131
1326	100-104	-0.10693710479449692
1326	105-109	-0.10203189233189391
1326	110-114	-0.10870961226735432
1326	115-119	-0.09150897301773142
1326	120-124	-0.14277687175248133
1326	125-129	-0.130887321613109
1326	130-134	-0.1624633975894909
1326	135-139	-0.11475945021585687
1326	140-144	-0.12882711922375734
1326	145-149	-0.0937850305631045
1326	150	-0.17114083043052375
1327	1	-0.007341415517046812
1327	2	-0.07480304710200159
1327	3	-0.03937399278409259
1327	4	-0.040199196383142066
1327	5	-0.08602495820108658
1327	6	-0.02101458782203025
1327	7	-0.0824901669070357
1327	8	-0.043920922116882366
1327	9	-0.054954815803050394
1327	10-14	-0.0690930367731255
1327	15-19	-0.0744441222856409
1327	20-24	-0.06011856925545089
1327	25-29	-0.10922468855785183
1327	30-34	-0.045536509597909
1327	35-39	-0.08175047142614744
1327	40-44	-0.09220347362123249
1327	45-49	-0.07912505249770874
1327	50-54	-0.09870221907289789
1327	55-59	-0.13449045402940385
1327	60-64	-0.1288947191420604
1327	65-69	-0.11325078020046675
1327	70-74	-0.13114452744297722
1327	75-79	-0.1861564675612115
1327	80-84	-0.1742762612381341
1327	85-89	-0.1956654023343205
1327	90-94	-0.15816682489518996
1327	95-99	-0.18026425109568578
1327	100-104	-0.1647224115605752
1327	105-109	-0.17122907078339722
1327	110-114	-0.18140338769831743
1327	115-119	-0.15181178673594786
1327	120-124	-0.1788087614600684
1327	125-129	-0.21358621978103542
1327	130-134	-0.21050291608437277
1327	135-139	-0.17809337841310935
1327	140-144	-0.23705577824269852
1327	145-149	-0.15568580714336377
1327	150	-0.07045138970561737
1328	1	0.004377895663310483
1328	2	-0.08839445781785571
1328	3	0.007662397240210339
1328	4	0.0033774823117056485
1328	5	-0.024189355121649214
1328	6	0.020139335588368112
1328	7	-0.006175473351568428
1328	8	0.01713136459073894
1328	9	0.002012938451066759
1328	10-14	-0.04563051602380597
1328	15-19	-0.02717342877201645
1328	20-24	-0.04340603135354826
1328	25-29	-0.021332880416053968
1328	30-34	-0.054689226033310945
1328	35-39	-0.040993412551891595
1328	40-44	-0.023282813848418016
1328	45-49	-0.0485248205935207
1328	50-54	-0.05016861036835252
1328	55-59	-0.08029186350246675
1328	60-64	-0.09143300221539619
1328	65-69	-0.07210951513537367
1328	70-74	-0.06150134917713501
1328	75-79	-0.08601211396623398
1328	80-84	-0.06559164946609286
1328	85-89	-0.08064684296629565
1328	90-94	-0.08674366580832782
1328	95-99	-0.11467025410615861
1328	100-104	-0.11965469561833686
1328	105-109	-0.15518545137835815
1328	110-114	-0.13807326898584193
1328	115-119	-0.10963220641978211
1328	120-124	-0.12797659935854
1328	125-129	-0.1302045056058816
1328	130-134	-0.13165986284185038
1328	135-139	-0.1579230438894399
1328	140-144	-0.172970322710988
1328	145-149	-0.13781940965465367
1328	150	-0.07839145793657565
1329	1	-0.0526307702873865
1329	2	-0.018843716555622336
1329	3	-0.028708361006586358
1329	4	0.0027544960346972402
1329	5	0.032277384860741165
1329	6	-0.050499301834150856
1329	7	-0.0857395365209328
1329	8	-0.05818796349842614
1329	9	-0.04479385099158151
1329	10-14	-0.07478144416435129
1329	15-19	-0.061922957400163625
1329	20-24	-0.06648799821306994
1329	25-29	-0.0518682811174358
1329	30-34	-0.035378620807037464
1329	35-39	-0.03919791792254301
1329	40-44	-0.05968926676478503
1329	45-49	-0.06679082043608986
1329	50-54	-0.06545404082995532
1329	55-59	-0.12726147690575118
1329	60-64	-0.07586430026290714
1329	65-69	-0.08424599584374448
1329	70-74	-0.044299202878328
1329	75-79	-0.08884390280664434
1329	80-84	-0.0868856591913314
1329	85-89	-0.08470544997977214
1329	90-94	-0.09128346510112095
1329	95-99	-0.10012934763386738
1329	100-104	-0.07535496144105025
1329	105-109	-0.09838056740976242
1329	110-114	-0.11884937425898556
1329	115-119	-0.10882070070901761
1329	120-124	-0.10963299145036132
1329	125-129	-0.14470301220303838
1329	130-134	-0.10333189318453861
1329	135-139	-0.09227713536310489
1329	140-144	-0.11925515527221364
1329	145-149	-0.08046026776622739
1329	150	-0.13242222721063257
1330	1	-0.09911948653316927
1330	2	-0.07096700414454205
1330	3	-0.09204216927587083
1330	4	-0.06540243777176613
1330	5	-0.062392992539820114
1330	6	-0.034208480876628755
1330	7	-0.00864960558615735
1330	8	-0.11932661213398177
1330	9	-0.1286090156896691
1330	10-14	-0.10190926982929227
1330	15-19	-0.10124975283612514
1330	20-24	-0.06622666131067945
1330	25-29	-0.08799792614566115
1330	30-34	-0.0841915119971759
1330	35-39	-0.09695402991882673
1330	40-44	-0.0980740065655823
1330	45-49	-0.09707469075822672
1330	50-54	-0.08154401107078257
1330	55-59	-0.10226320112549558
1330	60-64	-0.09148959731160033
1330	65-69	-0.0967703060232239
1330	70-74	-0.09014926754280594
1330	75-79	-0.09055007284018757
1330	80-84	-0.12139312779610378
1330	85-89	-0.06299815498993411
1330	90-94	-0.12551483578240408
1330	95-99	-0.08617759161020899
1330	100-104	-0.10621635231673565
1330	105-109	-0.0961971439016196
1330	110-114	-0.1205252718886598
1330	115-119	-0.11167060952688246
1330	120-124	-0.08955035259484134
1330	125-129	-0.09398121263408399
1330	130-134	-0.1412785741838931
1330	135-139	-0.08900877094256998
1330	140-144	-0.07307394662069555
1330	145-149	-0.06809212661053721
1330	150	-0.036356763313150964
1331	1	0.00893279428014182
1331	2	-0.02591523858921363
1331	3	-0.018615529974596257
1331	4	-0.01681840532254597
1331	5	-0.012185947339212078
1331	6	-0.01992276407553817
1331	7	-0.02174404875274405
1331	8	-0.03508929812412731
1331	9	-0.0626927940901183
1331	10-14	-0.06073881311023399
1331	15-19	-0.03729556131897738
1331	20-24	-0.035677233373803574
1331	25-29	-0.08825611271107192
1331	30-34	-0.04801860576314709
1331	35-39	-0.06547306438442035
1331	40-44	-0.060470198574918754
1331	45-49	-0.06740397752533056
1331	50-54	-0.08311042115708034
1331	55-59	-0.07867843649228234
1331	60-64	-0.07781119118724433
1331	65-69	-0.07900824416491048
1331	70-74	-0.0753884264215614
1331	75-79	-0.09146228899709996
1331	80-84	-0.06821328057517206
1331	85-89	-0.1278378929719537
1331	90-94	-0.07103075610364584
1331	95-99	-0.09912280423321818
1331	100-104	-0.09040752846365052
1331	105-109	-0.09838155836600038
1331	110-114	-0.11133949981721258
1331	115-119	-0.09970780881715058
1331	120-124	-0.11628097878617893
1331	125-129	-0.0904001373865242
1331	130-134	-0.059897546629535725
1331	135-139	-0.06677160049358832
1331	140-144	-0.07490024534343576
1331	145-149	-0.05340541361662332
1331	150	0.03949603149038694
1332	1	-0.07744904554640186
1332	2	-0.05083190464392118
1332	3	2.1876531519637865E-5
1332	4	-0.06234810754902753
1332	5	0.013909405787252638
1332	6	-0.05656731986892538
1332	7	-0.0375509510892158
1332	8	-0.06153200958463145
1332	9	-0.072361711475601
1332	10-14	-0.060993014135362955
1332	15-19	-0.061507905897975945
1332	20-24	-0.047234847590878815
1332	25-29	-0.0497379899893744
1332	30-34	-0.04225110528495435
1332	35-39	-0.05930283805248848
1332	40-44	-0.09261387623944017
1332	45-49	-0.07678279242028196
1332	50-54	-0.055175724057626496
1332	55-59	-0.04525156119147056
1332	60-64	-0.06421062040056569
1332	65-69	-0.05613910395721433
1332	70-74	-0.09548611337640267
1332	75-79	-0.05963573317271198
1332	80-84	-0.11082941569615912
1332	85-89	-0.12331496108577511
1332	90-94	-0.11631050020546496
1332	95-99	-0.12439927757165492
1332	100-104	-0.12139196179806788
1332	105-109	-0.13130921679666585
1332	110-114	-0.14378388722340674
1332	115-119	-0.09970013895863161
1332	120-124	-0.10616958749598382
1332	125-129	-0.15248897090011582
1332	130-134	-0.12606096333935568
1332	135-139	-0.1108400198278332
1332	140-144	-0.1154937292041538
1332	145-149	-0.08536300978971667
1332	150	0.014860282746091968
1333	1	-0.06904077939179132
1333	2	-0.0855995353569341
1333	3	-0.05213855724704075
1333	4	0.01970826618176602
1333	5	-0.059204373674809574
1333	6	-0.09091799137414824
1333	7	-0.059830248201024006
1333	8	-0.06284562494170132
1333	9	-0.031200823729619742
1333	10-14	-0.04156384292196691
1333	15-19	-0.026480583262490143
1333	20-24	-0.10899563495649289
1333	25-29	-0.05583722557590676
1333	30-34	-0.061276569755662535
1333	35-39	-0.08074109707332866
1333	40-44	-0.09563705959434543
1333	45-49	-0.08015758905134618
1333	50-54	-0.0851043722216076
1333	55-59	-0.07907495376614548
1333	60-64	-0.058480550557256095
1333	65-69	-0.07371187267914081
1333	70-74	-0.07194099437208479
1333	75-79	-0.0783358778219565
1333	80-84	-0.04711466513857232
1333	85-89	-0.11903145420153294
1333	90-94	-0.08227013376070857
1333	95-99	-0.06453577796218468
1333	100-104	-0.10044940136541669
1333	105-109	-0.08445660676595423
1333	110-114	-0.06939963340767719
1333	115-119	-0.05917036461709557
1333	120-124	-0.06666314313237365
1333	125-129	-0.07449151706521917
1333	130-134	-0.07991524543641049
1333	135-139	-0.06961385664205011
1333	140-144	-0.008894001584607736
1333	145-149	-0.08286844471024324
1333	150	-0.00856098210301326
1334	1	-0.015166679665853167
1334	2	0.006414847782714617
1334	3	-0.024052485026828663
1334	4	-0.06812502111985452
1334	5	-0.019907632011864962
1334	6	0.012712140276548212
1334	7	-0.10605122166551695
1334	8	-0.08909237616508392
1334	9	-0.09077966897100254
1334	10-14	-0.07250589961887499
1334	15-19	-0.08544632150493214
1334	20-24	-0.04359360106299448
1334	25-29	-0.052259357623185565
1334	30-34	-0.03389634073018044
1334	35-39	-0.06932112497562315
1334	40-44	-0.04143638257408355
1334	45-49	-0.044769152217469355
1334	50-54	-0.07288143001618863
1334	55-59	-0.08484421449684021
1334	60-64	-0.056080350850443494
1334	65-69	-0.0670784904813786
1334	70-74	-0.08750410384966756
1334	75-79	-0.13848838442573452
1334	80-84	-0.068014053979077
1334	85-89	-0.05266555166129905
1334	90-94	-0.1092405389105977
1334	95-99	-0.07733096516961524
1334	100-104	-0.08183460181582092
1334	105-109	-0.03525780642320342
1334	110-114	-0.03454449166541451
1334	115-119	-0.06585292992902225
1334	120-124	-0.06662773412291045
1334	125-129	-0.04374782163935009
1334	130-134	-0.09781637640017493
1334	135-139	-0.002884445210611375
1334	140-144	-0.05256903185930639
1334	145-149	-0.06427574038256267
1334	150	0.003032458732079135
1335	1	-0.042148300316746656
1335	2	-0.08319189346104139
1335	3	-0.02074264312509655
1335	4	-0.013796631068316856
1335	5	-2.5506840974998113E-4
1335	6	-0.048375604440515474
1335	7	-0.04987417082485024
1335	8	-0.046075040098116915
1335	9	-0.06995862936965835
1335	10-14	-0.05623854040042886
1335	15-19	-0.015484758832386092
1335	20-24	-0.07339729990845711
1335	25-29	-0.05042179782494571
1335	30-34	-0.03583611873380477
1335	35-39	-0.061749979580781655
1335	40-44	-0.021821142683670303
1335	45-49	-0.053889278536665586
1335	50-54	-0.03153978090362841
1335	55-59	-0.05387700989514599
1335	60-64	-0.06370293357158374
1335	65-69	-0.06035984726393906
1335	70-74	-0.06763201727365953
1335	75-79	-0.07582026654188923
1335	80-84	-0.03861994301370686
1335	85-89	-0.0371205656869904
1335	90-94	-0.09839525765227108
1335	95-99	-0.052127589624383575
1335	100-104	-0.0699692485124288
1335	105-109	-0.11777854019048561
1335	110-114	-0.06273454953826985
1335	115-119	-0.07254189235563047
1335	120-124	-0.08657077560685167
1335	125-129	-0.06868783291618286
1335	130-134	-0.09928067563693332
1335	135-139	-0.09518356943972606
1335	140-144	-0.0690231503034866
1335	145-149	-0.07211239522144552
1335	150	-0.04689058455709727
1336	1	-0.06826066569910694
1336	2	0.024325063927832957
1336	3	-0.040012531658362605
1336	4	0.012538630103613002
1336	5	0.0035290380018508927
1336	6	0.013828040123478047
1336	7	-0.027732541450745885
1336	8	-0.09135279321435519
1336	9	0.007770360435543466
1336	10-14	-0.02655358999915336
1336	15-19	-0.054781910593916905
1336	20-24	-0.021664859163060157
1336	25-29	-0.05058817487231693
1336	30-34	-0.05154350142386477
1336	35-39	-0.07079334335024612
1336	40-44	-0.04911754039098071
1336	45-49	-0.07267946424547489
1336	50-54	-0.07514204768197885
1336	55-59	-0.0776471797269025
1336	60-64	-0.08617955424062984
1336	65-69	-0.06766056159018774
1336	70-74	-0.06306339539604977
1336	75-79	-0.039773684265561826
1336	80-84	-0.04993753854627414
1336	85-89	-0.014348140050948643
1336	90-94	-0.05615849546030205
1336	95-99	-0.03456606249739025
1336	100-104	-0.026192868683871495
1336	105-109	-0.015364106622499207
1336	110-114	0.0034845868129593782
1336	115-119	0.022464182231693997
1336	120-124	-0.026542725826089963
1336	125-129	-0.016049702876443916
1336	130-134	-0.006797880295309255
1336	135-139	0.03821222495356835
1336	140-144	0.058508153426117815
1336	145-149	0.07909790654388615
1336	150	-0.06343338490535189
1337	1	-0.1098291319630178
1337	2	-0.12202115286857662
1337	3	0.009996791958037932
1337	4	0.027325575321576423
1337	5	-0.06626670675215252
1337	6	-0.03280215898647043
1337	7	-0.04773301180988199
1337	8	-0.08123577406882987
1337	9	-0.09280698749818583
1337	10-14	-0.09131806780859364
1337	15-19	-0.07327385324640545
1337	20-24	-0.06228604122571113
1337	25-29	-0.06389364400302355
1337	30-34	-0.06245128500803787
1337	35-39	-0.08258923422596354
1337	40-44	-0.06777219865357864
1337	45-49	-0.12052116046080386
1337	50-54	-0.14267124635953365
1337	55-59	-0.08908840309997856
1337	60-64	-0.08161846736242495
1337	65-69	-0.1120063672401912
1337	70-74	-0.07388255090323526
1337	75-79	-0.07630940326679791
1337	80-84	-0.09789086745934839
1337	85-89	-0.07960962272322547
1337	90-94	-0.07029029247812701
1337	95-99	-0.04986224907859338
1337	100-104	-0.0743481416366194
1337	105-109	-0.05982646344649112
1337	110-114	-0.051122485430617814
1337	115-119	-0.10053709585584869
1337	120-124	-0.058476625325383225
1337	125-129	-0.06962673636196115
1337	130-134	-0.03372089109996068
1337	135-139	-0.07614442522029208
1337	140-144	-0.003617430553404688
1337	145-149	-0.049460223040767914
1337	150	-0.030726114705032614
1338	1	-0.014904989218671005
1338	2	-0.09264512007209191
1338	3	-0.09376217237271334
1338	4	-0.048336634963298764
1338	5	-0.014320365632471521
1338	6	-0.06131118987554629
1338	7	-0.10156402989137803
1338	8	-0.08616385620048561
1338	9	-0.07554414979733792
1338	10-14	-0.07017090523768132
1338	15-19	-0.05406878697306183
1338	20-24	-0.06451558292681625
1338	25-29	-0.05635069133363402
1338	30-34	-0.04888106975828066
1338	35-39	-0.046693335060815855
1338	40-44	-0.10172469079704882
1338	45-49	-0.12473145880806413
1338	50-54	-0.13891343642799114
1338	55-59	-0.1064811467870328
1338	60-64	-0.08673718168878963
1338	65-69	-0.12622352704775608
1338	70-74	-0.10314766517551988
1338	75-79	-0.037538076041997215
1338	80-84	-0.07750812159095233
1338	85-89	-0.08177122322076968
1338	90-94	-0.09776914232133294
1338	95-99	-0.08344633154887049
1338	100-104	-0.09545618690927427
1338	105-109	-0.08925835232980006
1338	110-114	-0.0791727989582327
1338	115-119	-0.06839845347261786
1338	120-124	-0.11393896581687102
1338	125-129	-0.057052370806530917
1338	130-134	-0.09349071592228597
1338	135-139	-0.08515573761105344
1338	140-144	-0.03141937990076116
1338	145-149	-0.02622962241888871
1338	150	-0.058343312078683596
1339	1	-0.034428293087493955
1339	2	-0.0248061535790427
1339	3	-0.0073646397662372465
1339	4	-0.03643451412530396
1339	5	0.005613859457731962
1339	6	0.033832445035479
1339	7	-0.055441801344173314
1339	8	-0.07457701422099206
1339	9	-0.08222464024467513
1339	10-14	-0.06459688746949155
1339	15-19	-0.03558301432781974
1339	20-24	-0.06378086535321614
1339	25-29	-0.02826174357726785
1339	30-34	-0.046477318185104366
1339	35-39	-0.017385632046440946
1339	40-44	-0.032290883416941085
1339	45-49	-0.02703655938118743
1339	50-54	-0.06266757203307094
1339	55-59	-0.042672641579081017
1339	60-64	-0.006077114205595535
1339	65-69	-0.005605743178804801
1339	70-74	-0.05712549325410521
1339	75-79	-0.03543795158729779
1339	80-84	-0.011588498140739034
1339	85-89	-0.0211793878007569
1339	90-94	-0.03839725843654662
1339	95-99	-0.001227873745186514
1339	100-104	-0.029245880059974638
1339	105-109	-0.03988664011079379
1339	110-114	0.0020311439953815125
1339	115-119	0.010344842963739609
1339	120-124	0.003810288857572175
1339	125-129	-0.029042221829953974
1339	130-134	0.009807462213323959
1339	135-139	0.03379816821309589
1339	140-144	0.04412580100714791
1339	145-149	0.03347764974428458
1339	150	-0.03554651525445962
1340	1	-0.0616754071135901
1340	2	0.02872647694542252
1340	3	0.017053676422150943
1340	4	-0.047543328218026204
1340	5	-0.03465156036110528
1340	6	0.0017241838022741263
1340	7	-0.04842981799611579
1340	8	-0.044890230398507924
1340	9	-0.031153652138243615
1340	10-14	-0.0450868060526588
1340	15-19	-0.05231570911629291
1340	20-24	-0.03753274956459052
1340	25-29	-0.061293469207747364
1340	30-34	-0.030992219402811827
1340	35-39	-0.059308212813540706
1340	40-44	-0.09135274697877094
1340	45-49	-0.09007305755959294
1340	50-54	-0.04998851879317101
1340	55-59	-0.10027254612811731
1340	60-64	-0.047951851361062836
1340	65-69	-0.05315260629173224
1340	70-74	-0.10039320011570396
1340	75-79	-0.11075898812800489
1340	80-84	-0.08374793431853789
1340	85-89	-0.060371882142220556
1340	90-94	-0.10606461657138055
1340	95-99	-0.1027874100992463
1340	100-104	-0.07212776658674613
1340	105-109	-0.04571231452851521
1340	110-114	-0.03736163197366693
1340	115-119	-0.023060322728717608
1340	120-124	-0.10832339446261585
1340	125-129	-0.07647234653047974
1340	130-134	-0.013675387328561328
1340	135-139	0.012916050146877467
1340	140-144	-0.004844037435013604
1340	145-149	-0.03245729711976253
1340	150	-0.03597899787718717
1341	1	-0.11828027047733514
1341	2	-0.016736872801374147
1341	3	-0.10064194328333542
1341	4	-0.03995132336399365
1341	5	-0.04967454698918772
1341	6	-0.06517332150681909
1341	7	-0.057744069705528034
1341	8	-0.04122462166125729
1341	9	-0.07076066247638835
1341	10-14	-0.09361449502140573
1341	15-19	-0.03291149451219866
1341	20-24	-0.05671666592593283
1341	25-29	-0.08144410746589159
1341	30-34	-0.04706150600055281
1341	35-39	-0.0762499411279336
1341	40-44	-0.07696976875189421
1341	45-49	-0.06664711650803667
1341	50-54	-0.09648241625180987
1341	55-59	-0.0942326637449753
1341	60-64	-0.09432684844398409
1341	65-69	-0.10760827827137831
1341	70-74	-0.10190039948094665
1341	75-79	-0.1143013792040577
1341	80-84	-0.0801437010451096
1341	85-89	-0.0805079349764597
1341	90-94	-0.09782116834379906
1341	95-99	-0.03103785933030423
1341	100-104	-0.10820335408762105
1341	105-109	-0.06888306900331997
1341	110-114	-0.06159128822439186
1341	115-119	-0.04156642527009069
1341	120-124	-0.08886258841374683
1341	125-129	-0.09386342258471103
1341	130-134	-0.071975893734475
1341	135-139	-0.03206259679251389
1341	140-144	-0.02003108091124517
1341	145-149	-0.07232719513848451
1341	150	-0.01209332426397225
1342	1	-0.1033655154970532
1342	2	-0.03575932210193855
1342	3	-0.05174530002187794
1342	4	-0.04009684033876937
1342	5	-0.05772707420747736
1342	6	-0.008106267578817494
1342	7	-0.055330251766370964
1342	8	-0.021986983622241496
1342	9	-0.021017374998052674
1342	10-14	-0.030369584073390854
1342	15-19	-0.010737470909049307
1342	20-24	-0.017288679924959638
1342	25-29	-0.04838123972319153
1342	30-34	-0.0462657192314353
1342	35-39	-0.06252272225129474
1342	40-44	-0.0771063489266055
1342	45-49	-0.08994629499856899
1342	50-54	-0.060587523603643945
1342	55-59	-0.06910449856704304
1342	60-64	-0.03995670911515248
1342	65-69	-0.06539036439684764
1342	70-74	-0.10617906889724793
1342	75-79	-0.04846550177344966
1342	80-84	-0.08390932758388203
1342	85-89	-0.04686058875041965
1342	90-94	-0.055811564223468224
1342	95-99	-0.0765501011295413
1342	100-104	-0.08133474709663346
1342	105-109	-0.0417401845629044
1342	110-114	-0.02052951406380288
1342	115-119	-0.03652948012705082
1342	120-124	-0.08174054670769948
1342	125-129	-0.03441394710726797
1342	130-134	-0.0645233668101639
1342	135-139	-0.018656514770917454
1342	140-144	0.01740305795898678
1342	145-149	0.005895498748188288
1342	150	-0.053116764255861426
1343	1	-0.03376567925720764
1343	2	-0.016998387404846937
1343	3	-0.009522533639142239
1343	4	-0.028228423864568697
1343	5	-0.014660517698850128
1343	6	-0.03443567419343907
1343	7	-0.12051329006656886
1343	8	-0.1173366856845135
1343	9	-0.0505362054953693
1343	10-14	-0.03995223494968059
1343	15-19	-0.017251202215391004
1343	20-24	-0.034645719883442894
1343	25-29	-0.039144481949669796
1343	30-34	-0.03410447219670942
1343	35-39	-0.039121609426636894
1343	40-44	-0.052384036694711256
1343	45-49	-0.033568318612047676
1343	50-54	-0.03819939609640244
1343	55-59	-0.03915815482846341
1343	60-64	-0.026970694598276168
1343	65-69	-0.038386599154002
1343	70-74	-0.05123249328327262
1343	75-79	-0.06267949292791997
1343	80-84	-0.04621333601528477
1343	85-89	-0.04714123772976819
1343	90-94	-0.09233428402435351
1343	95-99	-0.06926042318821146
1343	100-104	-0.06975601831138079
1343	105-109	-0.08969739188520975
1343	110-114	-0.04292397457541597
1343	115-119	0.0017185107538892908
1343	120-124	-0.033382906827029046
1343	125-129	-0.05138146003542232
1343	130-134	-0.020360586148633786
1343	135-139	0.015271126518733524
1343	140-144	2.689610220727445E-4
1343	145-149	-0.02512688859951595
1343	150	-0.1355087376454236
1344	1	0.009796624266861897
1344	2	-0.01913174199945189
1344	3	0.010688384282659058
1344	4	-0.016518402961146705
1344	5	6.549447391535068E-4
1344	6	0.04170032663742518
1344	7	0.0028303207159225963
1344	8	-0.03960375785407422
1344	9	-0.014633206804496979
1344	10-14	-0.044144552984811014
1344	15-19	-0.04012700663822244
1344	20-24	-0.030804376096178032
1344	25-29	-0.025593006056915613
1344	30-34	0.01049734920927392
1344	35-39	0.006407198961596805
1344	40-44	-0.009476939496529724
1344	45-49	-0.011606655817054445
1344	50-54	6.796683887912991E-4
1344	55-59	-0.03457376207394702
1344	60-64	-0.01068208582825747
1344	65-69	-0.015346812475470983
1344	70-74	-0.03591474619057777
1344	75-79	0.0025142475378672202
1344	80-84	-0.003238724939855331
1344	85-89	0.027062271616394185
1344	90-94	-0.0024190179034633275
1344	95-99	0.034989092808849875
1344	100-104	0.021564403692309497
1344	105-109	0.013406859355932
1344	110-114	0.030800013727613873
1344	115-119	0.04484656669809084
1344	120-124	-0.03119714505146476
1344	125-129	-8.37974489307669E-4
1344	130-134	0.04728242070405031
1344	135-139	0.07180131654022404
1344	140-144	0.07241035969932597
1344	145-149	0.06247157448063945
1344	150	-0.05107885748605412
1345	1	0.012210844913006724
1345	2	0.010480042583708382
1345	3	-0.015486444351360262
1345	4	-0.010182840424604933
1345	5	0.023678052646722847
1345	6	0.01925925276535878
1345	7	-0.020032181773459
1345	8	4.203972008198775E-4
1345	9	-0.03489904089267526
1345	10-14	-0.034929142573716376
1345	15-19	-0.024980245407085988
1345	20-24	-0.0275036135416471
1345	25-29	-0.027772357339514997
1345	30-34	-0.024867192968919483
1345	35-39	-0.011426683642270064
1345	40-44	-0.015722562998888634
1345	45-49	-0.029027332801021544
1345	50-54	-0.025076044345929915
1345	55-59	-0.016353398591760993
1345	60-64	-0.0013068409049878937
1345	65-69	-0.008232377902906762
1345	70-74	-0.023546587178365996
1345	75-79	-0.02876963217509143
1345	80-84	-0.037570510036957216
1345	85-89	-0.04501461340939983
1345	90-94	-0.032559130070289655
1345	95-99	-0.030424337658637057
1345	100-104	-0.04545174036432087
1345	105-109	-0.04379051185458849
1345	110-114	-0.009081009778590499
1345	115-119	-6.571882565822307E-4
1345	120-124	-0.04324820472601232
1345	125-129	-0.04396888075355321
1345	130-134	0.02956211825192412
1345	135-139	0.008183326163702986
1345	140-144	0.06422102518393302
1345	145-149	0.04752190821869817
1345	150	0.0801897325911014
1346	1	-0.009064903503322341
1346	2	-0.02428445806981472
1346	3	-0.04905369001679105
1346	4	-0.04484722280719211
1346	5	0.027845365702830804
1346	6	-0.04283155339200562
1346	7	-0.0221009407966406
1346	8	-0.03540909909635559
1346	9	-0.01654396590221552
1346	10-14	-0.046594287720289174
1346	15-19	-0.06787207397903217
1346	20-24	-0.05806666591136889
1346	25-29	-0.017991242155702025
1346	30-34	-0.03424371772707957
1346	35-39	-0.014738950300575482
1346	40-44	-0.032120668904319416
1346	45-49	-0.02205235621033097
1346	50-54	-0.061935134184643914
1346	55-59	-0.05020651212628735
1346	60-64	-0.01195020490235521
1346	65-69	0.023951781064027955
1346	70-74	-0.016141905549481805
1346	75-79	0.010485985254632624
1346	80-84	-0.008530451878030476
1346	85-89	-0.019746063889712673
1346	90-94	-0.04141139169040997
1346	95-99	-0.007251257098033648
1346	100-104	-0.016468527330296467
1346	105-109	0.005762519010531264
1346	110-114	0.006093928864508769
1346	115-119	0.007442456109480133
1346	120-124	-0.03926706355954934
1346	125-129	0.010895462508415221
1346	130-134	0.028870827104533703
1346	135-139	0.042205262446373126
1346	140-144	0.07636909582509332
1346	145-149	0.0319826258737379
1346	150	0.116775775799141
1347	1	-0.05896580403461371
1347	2	-0.013192384114674383
1347	3	-0.03460074609460406
1347	4	0.01945625064561085
1347	5	-0.037741648448793796
1347	6	-0.004824779149423364
1347	7	-0.043192811807749365
1347	8	0.03158433179514475
1347	9	-0.03939388703874869
1347	10-14	-0.011069516065170149
1347	15-19	-0.029574228354036336
1347	20-24	-0.053981049226507594
1347	25-29	-0.041983840392660454
1347	30-34	-0.04137024778272291
1347	35-39	-0.02848395535884407
1347	40-44	-0.02696093808111044
1347	45-49	-0.05363323911614515
1347	50-54	-0.053687850824104544
1347	55-59	-0.06585289543734518
1347	60-64	-0.01777433068443912
1347	65-69	0.002077556430684524
1347	70-74	-0.022924990062243467
1347	75-79	-0.021911322510284492
1347	80-84	-0.053930953164396556
1347	85-89	-0.012156564476711651
1347	90-94	-0.04273506566652685
1347	95-99	-0.014523544769303953
1347	100-104	-0.050416724625179654
1347	105-109	0.003577836729633077
1347	110-114	-0.02843149381754273
1347	115-119	-0.02663255346466542
1347	120-124	-0.008832793992347376
1347	125-129	-0.036718769795925255
1347	130-134	0.009157749084529598
1347	135-139	-5.787967817525441E-4
1347	140-144	0.0011382046482069086
1347	145-149	-0.04192239544341447
1347	150	-0.09727627335886524
1348	1	-0.03017916540707688
1348	2	-0.010501407672244056
1348	3	-0.09172367520762492
1348	4	-0.011472896067608929
1348	5	-0.07756970754967085
1348	6	0.011933503327149708
1348	7	-0.05034967662454193
1348	8	-0.034753208540912794
1348	9	0.022939225474843283
1348	10-14	-0.009074176479828111
1348	15-19	-0.036020312699882595
1348	20-24	-0.0356663082454034
1348	25-29	-0.06231937310636937
1348	30-34	-0.023768769832216208
1348	35-39	-0.033225703397064876
1348	40-44	-0.028484390364013734
1348	45-49	-0.04371051912922752
1348	50-54	-0.03545272907745556
1348	55-59	-0.07598172698369865
1348	60-64	-0.022037937734246782
1348	65-69	-0.012838004770401312
1348	70-74	-0.02084724131825766
1348	75-79	0.0033693153420415456
1348	80-84	-0.04933925812438389
1348	85-89	-0.05041331700202534
1348	90-94	-0.009038207774288765
1348	95-99	-0.016279719286735883
1348	100-104	-0.04018460677571056
1348	105-109	-0.03804575136997812
1348	110-114	-0.0458226516789324
1348	115-119	0.02391712513991706
1348	120-124	0.016824377228459753
1348	125-129	-0.0376627335481885
1348	130-134	-0.015444653471675451
1348	135-139	-0.01391036670961654
1348	140-144	0.02055150191743138
1348	145-149	0.024448824951882386
1348	150	0.004565830232145629
1349	1	0.022838325534380033
1349	2	-0.02683743318180376
1349	3	-0.06590074906353749
1349	4	-0.004799508320175505
1349	5	0.01254935835503801
1349	6	0.06810934311130978
1349	7	-0.014253448426359228
1349	8	-0.0072782941268201284
1349	9	-0.0832830512894347
1349	10-14	-0.03618084307814229
1349	15-19	-0.005530887170330345
1349	20-24	-0.0272626714174109
1349	25-29	-0.024522993403813587
1349	30-34	0.003995088425746474
1349	35-39	-0.0032994901715071023
1349	40-44	-0.008158296343346194
1349	45-49	-0.01887085554994883
1349	50-54	-0.022969513380822093
1349	55-59	-0.05449675181168345
1349	60-64	-0.03395732471336288
1349	65-69	-0.05012666124109444
1349	70-74	-0.026476163749464376
1349	75-79	-0.009447154848238881
1349	80-84	-0.04347366845860989
1349	85-89	-0.029895210165634012
1349	90-94	-0.004764103019368804
1349	95-99	-0.02766021858821688
1349	100-104	-0.00850863261042889
1349	105-109	-0.009562218457460858
1349	110-114	0.034679402919245206
1349	115-119	-0.030969035282716106
1349	120-124	0.012673152140642685
1349	125-129	-6.186865633779348E-4
1349	130-134	0.010802685244385657
1349	135-139	6.743686804995264E-4
1349	140-144	0.005853844309605449
1349	145-149	0.03042810735228585
1349	150	-0.04167751305735834
1350	1	-0.046901339136169895
1350	2	-0.029046677319009007
1350	3	-0.11781489491222175
1350	4	-0.09767797136364464
1350	5	-0.021424505036719665
1350	6	-0.038274485662050495
1350	7	-0.0023951086769500307
1350	8	-0.08044632366317472
1350	9	-0.07427242776282839
1350	10-14	-0.032289125188114554
1350	15-19	-0.015138258045858777
1350	20-24	-0.04942192183010263
1350	25-29	-0.046137101829181404
1350	30-34	-0.04992113818362043
1350	35-39	-0.019733960680561324
1350	40-44	-0.05051294347416757
1350	45-49	-0.07098381511715246
1350	50-54	-0.04734602784198927
1350	55-59	-0.06803052286611688
1350	60-64	-0.09432920305344084
1350	65-69	-0.06725345854104603
1350	70-74	-0.05273354172190636
1350	75-79	-0.03727174831838198
1350	80-84	-0.06423390953054309
1350	85-89	-0.09707024617206628
1350	90-94	-0.06715193503568173
1350	95-99	-0.015223985936245299
1350	100-104	-0.049391160842127135
1350	105-109	-0.05374919744844675
1350	110-114	-0.049103962554085
1350	115-119	-0.038827276461411486
1350	120-124	-0.04075020911310645
1350	125-129	-0.02082184410608079
1350	130-134	-0.027130482338229456
1350	135-139	-0.039829539657212365
1350	140-144	0.01246616106207199
1350	145-149	-3.2369485338534787E-4
1350	150	0.022935650025388554
1351	1	0.03332028965181166
1351	2	-0.05142022633729937
1351	3	0.01604744829982252
1351	4	0.0020978953812829104
1351	5	0.011945413955992024
1351	6	-0.00223774182580172
1351	7	0.03905176022674084
1351	8	0.02994446524018457
1351	9	0.002129322553649615
1351	10-14	-7.962035304061033E-4
1351	15-19	-1.796852587858666E-4
1351	20-24	-0.021610758416294118
1351	25-29	9.042227778266465E-4
1351	30-34	-0.014096783376409405
1351	35-39	-0.002667350130685975
1351	40-44	0.042009155050919844
1351	45-49	0.014280554959590575
1351	50-54	0.005055936396495042
1351	55-59	-0.018406966683706116
1351	60-64	0.0025062927417707215
1351	65-69	0.005359816406205198
1351	70-74	0.008147991787730291
1351	75-79	0.03659055482683726
1351	80-84	-0.0022205752321227124
1351	85-89	0.02930616187570223
1351	90-94	0.06563111235260521
1351	95-99	0.05473980323245087
1351	100-104	0.03440120042873218
1351	105-109	0.053407211282795686
1351	110-114	0.05741022718563471
1351	115-119	0.05302425433966107
1351	120-124	0.06806476886596613
1351	125-129	0.07389563786682629
1351	130-134	0.08517198203009713
1351	135-139	0.11171919567255628
1351	140-144	0.13005556532553442
1351	145-149	0.12423616450856656
1351	150	0.1635082578390552
1352	1	-0.010542077901810387
1352	2	-0.03039104213065258
1352	3	-0.014763775837131732
1352	4	-0.003642618913843876
1352	5	0.017229534292845017
1352	6	0.01321744386699919
1352	7	0.0072740409705360776
1352	8	-0.02168738795059255
1352	9	-0.10376281198254134
1352	10-14	-0.04957361270960803
1352	15-19	-0.04312469157510179
1352	20-24	-0.06089815178500402
1352	25-29	-0.041241073909169756
1352	30-34	-0.027905890212437612
1352	35-39	-0.05969710553336682
1352	40-44	-0.061424022180709414
1352	45-49	-0.11419683030641892
1352	50-54	-0.10946537426680436
1352	55-59	-0.12396562405171352
1352	60-64	-0.12075010746671211
1352	65-69	-0.09908023015840683
1352	70-74	-0.11738253320808667
1352	75-79	-0.07020634672490189
1352	80-84	-0.1153824369852714
1352	85-89	-0.17786715622182214
1352	90-94	-0.10724458675348814
1352	95-99	-0.06780285405042719
1352	100-104	-0.11304119485857456
1352	105-109	-0.11095229617173175
1352	110-114	-0.10846723578578832
1352	115-119	-0.08703165333390928
1352	120-124	-0.07252960628371596
1352	125-129	-0.10690940202646004
1352	130-134	-0.08677557921876655
1352	135-139	-0.07027351216750333
1352	140-144	-0.0773436748172216
1352	145-149	-0.05359212435914884
1352	150	0.0548703718812007
1353	1	0.0759275659792209
1353	2	0.04663621067392398
1353	3	0.04348071429757994
1353	4	-0.0011097560726867073
1353	5	-0.05717028804540547
1353	6	0.06906858649999492
1353	7	-0.012769623368214411
1353	8	-0.021803838015600263
1353	9	0.04235688437199059
1353	10-14	0.0060788610262818565
1353	15-19	-0.025211324154447823
1353	20-24	-0.0015888976124784904
1353	25-29	0.021451974305826127
1353	30-34	0.008883979519033858
1353	35-39	-0.0038819683851727405
1353	40-44	-0.01162053536177865
1353	45-49	-0.009066196576178243
1353	50-54	-0.004216658159812425
1353	55-59	-0.040263328140206056
1353	60-64	0.01551982957987974
1353	65-69	0.01866088697563839
1353	70-74	0.0482188509449486
1353	75-79	0.05551122726953395
1353	80-84	0.004898888392709466
1353	85-89	0.04398950965727266
1353	90-94	0.012093652780556852
1353	95-99	0.01359587150444952
1353	100-104	0.005459337564850841
1353	105-109	-0.0011488270953208257
1353	110-114	0.04300837106011102
1353	115-119	0.026985533844047893
1353	120-124	0.050421909030887946
1353	125-129	0.037516475200632726
1353	130-134	0.04100536691287715
1353	135-139	0.07369549520066698
1353	140-144	0.07482411500016894
1353	145-149	0.0863099428512939
1353	150	0.19915028732035722
1354	1	0.04841014196789928
1354	2	0.07748031628698726
1354	3	0.012366868294350297
1354	4	0.0244477525610165
1354	5	0.0626217164158902
1354	6	0.03432883294912159
1354	7	0.07113735261707888
1354	8	0.03218986687652148
1354	9	0.012404571139825293
1354	10-14	0.018806913007111348
1354	15-19	0.016602363844668844
1354	20-24	0.002185241865277021
1354	25-29	0.026115517018645562
1354	30-34	0.02167817004875161
1354	35-39	0.05664107390649775
1354	40-44	0.009963007968735837
1354	45-49	0.03747139211721873
1354	50-54	0.05448423506022948
1354	55-59	0.03809002594373112
1354	60-64	0.06930515433909079
1354	65-69	0.04042025978406372
1354	70-74	0.04244739721673341
1354	75-79	0.06366916962060998
1354	80-84	0.06899192056548031
1354	85-89	0.05174150699774316
1354	90-94	0.1178355218909175
1354	95-99	0.11874949795101486
1354	100-104	0.080240137806328
1354	105-109	0.08578026684444495
1354	110-114	0.05887007331484284
1354	115-119	0.07368207648782032
1354	120-124	0.09200295249905821
1354	125-129	0.12616718761769619
1354	130-134	0.14782756114519202
1354	135-139	0.05491267176058301
1354	140-144	0.1310111839523742
1354	145-149	0.1512411573036374
1354	150	0.23884833425191943
1355	1	0.07094012442192366
1355	2	-0.02065425382046726
1355	3	1.7488169945067966E-5
1355	4	-0.007716458135355708
1355	5	0.004870902244292097
1355	6	-0.005717677482358852
1355	7	-0.045685452148013894
1355	8	-0.028676053925572376
1355	9	-0.03963453960085417
1355	10-14	-0.03211865989008089
1355	15-19	-0.025392509307998523
1355	20-24	-0.045472575201294774
1355	25-29	-0.030573991592824257
1355	30-34	-0.01977321516706354
1355	35-39	-0.01648290265033836
1355	40-44	-0.025643336012819873
1355	45-49	0.010037887013943703
1355	50-54	-0.01145726284656945
1355	55-59	-0.00863067215739477
1355	60-64	-0.02239425062996503
1355	65-69	-0.03452519446594948
1355	70-74	0.027340323822251378
1355	75-79	0.009432771550422103
1355	80-84	-0.01006367000616848
1355	85-89	0.010967440279515017
1355	90-94	0.006067657081729294
1355	95-99	-0.006473048738257603
1355	100-104	0.006289161828455292
1355	105-109	0.013578321491060308
1355	110-114	-8.278599521318597E-4
1355	115-119	0.0041715837324858285
1355	120-124	0.010710994243943617
1355	125-129	0.07344802474914758
1355	130-134	0.03261979219139022
1355	135-139	0.05144930297834094
1355	140-144	0.04341258811148663
1355	145-149	0.10232076674765977
1355	150	0.07901625658467282
1356	1	-0.018116584400317493
1356	2	-0.01267048734194276
1356	3	3.6812519334716853E-4
1356	4	0.055289587342542745
1356	5	0.025963259318309895
1356	6	0.04555818156387659
1356	7	-0.01816125639852828
1356	8	-0.010749794003253044
1356	9	-0.014911387100731588
1356	10-14	0.0024214491987919473
1356	15-19	-0.008904555970971728
1356	20-24	-0.005734445937825683
1356	25-29	-0.010759352126541444
1356	30-34	0.005666323048146182
1356	35-39	0.009203899513373415
1356	40-44	0.021530208817473806
1356	45-49	0.008345032771821081
1356	50-54	-0.007681580682124434
1356	55-59	-0.029767565228503656
1356	60-64	0.023084702984853323
1356	65-69	0.020555458418343164
1356	70-74	0.041177980038391127
1356	75-79	0.01817032657049822
1356	80-84	0.04704868588439126
1356	85-89	0.07108048713807591
1356	90-94	0.06357233735645451
1356	95-99	0.038791863438625285
1356	100-104	0.04386508348678575
1356	105-109	0.04065592980843036
1356	110-114	0.013145013850611065
1356	115-119	0.0260675804836481
1356	120-124	0.07231431793089627
1356	125-129	0.0884162885087818
1356	130-134	0.12050639469580204
1356	135-139	0.07710426063034959
1356	140-144	0.08869845976698798
1356	145-149	0.1348314193158089
1356	150	0.1947747042677861
1357	1	-0.008659946864348456
1357	2	-0.020231484522952314
1357	3	-0.006877919091436979
1357	4	0.03608533880796472
1357	5	0.020229874506824785
1357	6	0.01631943139725678
1357	7	0.013189926604113111
1357	8	-0.03536867914706221
1357	9	-0.02333719651587529
1357	10-14	0.04395092992847793
1357	15-19	-0.008792260916067107
1357	20-24	-0.02843320525228421
1357	25-29	0.016480835886014233
1357	30-34	0.015981447308192287
1357	35-39	-0.027096132539710993
1357	40-44	0.014771539332159023
1357	45-49	-0.012988980496331237
1357	50-54	-0.03559287080900475
1357	55-59	-0.023800182548605164
1357	60-64	0.014672016127846632
1357	65-69	-0.03082647576392361
1357	70-74	-0.02361732473101341
1357	75-79	0.0189031426611308
1357	80-84	-0.025564420273418875
1357	85-89	0.03832477638133014
1357	90-94	0.05303866097345633
1357	95-99	0.021093051794949247
1357	100-104	-0.012586942522325728
1357	105-109	-0.025050202405545008
1357	110-114	0.04799423841783579
1357	115-119	0.014948219373970062
1357	120-124	0.0409758894567247
1357	125-129	0.062005742894434945
1357	130-134	0.04424465383032583
1357	135-139	-0.005504232505487039
1357	140-144	0.04270955195140402
1357	145-149	0.05052274408578228
1357	150	0.11075623193827511
1358	1	0.04362136139666717
1358	2	-0.021031741178383356
1358	3	-0.037915327703601065
1358	4	-0.07474841641452201
1358	5	-0.016393163009453815
1358	6	0.0049120380115468265
1358	7	-0.011298084359147254
1358	8	-0.005094210428076451
1358	9	0.02950735889422873
1358	10-14	-0.02059790997903832
1358	15-19	-0.006315371746232756
1358	20-24	-0.009923531864849622
1358	25-29	-0.012605194457314894
1358	30-34	-0.05521596369505488
1358	35-39	-0.08668028747541001
1358	40-44	-0.045997313563674425
1358	45-49	-0.05570459556877694
1358	50-54	-0.01755270696132527
1358	55-59	-0.02176973119668446
1358	60-64	-0.016140373281913867
1358	65-69	-0.053713484016171265
1358	70-74	-0.06071661851783006
1358	75-79	-0.028480650800112528
1358	80-84	-0.02055827611658856
1358	85-89	-0.011333574240495636
1358	90-94	-0.008040995981495769
1358	95-99	-6.279605747252504E-4
1358	100-104	-0.015535473618335516
1358	105-109	-0.010884689543452453
1358	110-114	0.030479445642541236
1358	115-119	-0.02188830148378429
1358	120-124	0.051366728794597805
1358	125-129	0.026492140585034463
1358	130-134	0.02407178895432338
1358	135-139	0.08631339007766314
1358	140-144	0.06554171242851936
1358	145-149	0.0638801174541399
1358	150	0.11160359335915615
1359	1	-0.07380893675127709
1359	2	-0.019583598589079543
1359	3	0.0025575113402780403
1359	4	-0.013414593682810505
1359	5	-0.06732401529063026
1359	6	-0.021221021677177987
1359	7	-0.03959583096150965
1359	8	-0.04467346150615725
1359	9	0.025475111493470592
1359	10-14	-0.008262048426466606
1359	15-19	0.008288217746759585
1359	20-24	6.466245116030223E-4
1359	25-29	-0.015214687536207805
1359	30-34	-0.033692316003175904
1359	35-39	-0.025556627054527326
1359	40-44	-0.009068613879769316
1359	45-49	0.02582590776902549
1359	50-54	0.009862157991314291
1359	55-59	0.011024168295598713
1359	60-64	0.013436109672909424
1359	65-69	0.012525865793087121
1359	70-74	0.0457289935272982
1359	75-79	0.05002423134103395
1359	80-84	0.04364973330637412
1359	85-89	0.030724473812668407
1359	90-94	0.025793252866819216
1359	95-99	0.044426658638315075
1359	100-104	-0.013715795124582542
1359	105-109	0.0020330562190267187
1359	110-114	0.035987200093003935
1359	115-119	0.0386650412684304
1359	120-124	-0.01650480529349352
1359	125-129	-0.003223140864811569
1359	130-134	-0.006153885018292726
1359	135-139	-0.019613599182150665
1359	140-144	-0.005544448277532865
1359	145-149	0.005630306609241131
1359	150	9.476556766543354E-4
1360	1	0.006666965133831582
1360	2	0.005988153508141636
1360	3	-0.0035234894107532
1360	4	0.03545611074592614
1360	5	-0.008734032659944546
1360	6	-0.017466755465576966
1360	7	-0.05988313512173704
1360	8	-0.06201001159445241
1360	9	-0.03803569430944975
1360	10-14	0.009514157059214767
1360	15-19	-0.01394224612129591
1360	20-24	-0.019058300081212565
1360	25-29	-0.005262097942136279
1360	30-34	-0.014647135481169471
1360	35-39	-0.017652688946128592
1360	40-44	0.016318252132919042
1360	45-49	-0.032563356311278824
1360	50-54	-0.040650541328119516
1360	55-59	-0.04554511614074386
1360	60-64	-0.047248919947719514
1360	65-69	-0.040280569263352106
1360	70-74	0.010386406224007771
1360	75-79	-0.011713918232267417
1360	80-84	0.027646474022191114
1360	85-89	0.011664678706814868
1360	90-94	0.04160194100494152
1360	95-99	0.016776851904587886
1360	100-104	-0.07278347746616731
1360	105-109	-0.010491874115224675
1360	110-114	0.006776242634778384
1360	115-119	0.047652894345468155
1360	120-124	0.02335293449151976
1360	125-129	0.09284669596799944
1360	130-134	0.02486568518534682
1360	135-139	0.029363756912033523
1360	140-144	0.01752820998188298
1360	145-149	0.04314721922040832
1360	150	0.08372622443334166
1361	1	0.015504599988020118
1361	2	-0.015866955935031513
1361	3	-0.024743497884969656
1361	4	-0.02979911696384363
1361	5	-0.06134800395003026
1361	6	-0.060511608307464826
1361	7	-0.05582063075658539
1361	8	-0.021831959827203207
1361	9	-0.022421476242598715
1361	10-14	-0.0234029771640607
1361	15-19	-0.04110114707999202
1361	20-24	-0.05267730468615639
1361	25-29	-0.028153530132065896
1361	30-34	-0.04712137524575866
1361	35-39	-0.06497641816217481
1361	40-44	-0.04662858842601025
1361	45-49	-0.03516033259742812
1361	50-54	-0.03572101239237924
1361	55-59	-0.04250254481992499
1361	60-64	-0.05769553933878058
1361	65-69	-0.041836752883895656
1361	70-74	-0.009813017342708008
1361	75-79	-0.006297028457666443
1361	80-84	-0.02595027411184958
1361	85-89	-0.00922571981438125
1361	90-94	0.008285866524921914
1361	95-99	0.027563185127725376
1361	100-104	-0.040294710465346384
1361	105-109	-0.03089817111338533
1361	110-114	-0.008566008807470382
1361	115-119	-0.01850791098490845
1361	120-124	0.04543307641144878
1361	125-129	0.06025540020370812
1361	130-134	0.046171273980753824
1361	135-139	0.04270804775475767
1361	140-144	0.03404437386027581
1361	145-149	0.07093474907807007
1361	150	0.23048879258796262
1362	1	-0.05896580403461371
1362	2	-0.06955446780382601
1362	3	-0.08515582722184689
1362	4	-0.08404503031083976
1362	5	-0.04218229746672364
1362	6	-0.057087802206638116
1362	7	0.016243567355360256
1362	8	-0.026485693823985912
1362	9	-0.06877048823430698
1362	10-14	-0.06387908053998359
1362	15-19	-0.03558618394754376
1362	20-24	-0.019412304563822147
1362	25-29	0.0138317018789067
1362	30-34	-0.06644283531474571
1362	35-39	-0.04870598780974689
1362	40-44	-0.05722566908024618
1362	45-49	-0.01708328181469909
1362	50-54	-0.04180057499148404
1362	55-59	-0.04146348467730121
1362	60-64	-0.014016858438495206
1362	65-69	-0.028118856891261146
1362	70-74	-0.02012396529708127
1362	75-79	-0.021296463415495737
1362	80-84	0.0064618734795018895
1362	85-89	0.0033515482474442138
1362	90-94	0.003379366442786136
1362	95-99	0.028038368125663737
1362	100-104	0.0069701242219508686
1362	105-109	0.03261284953919841
1362	110-114	0.056419061263589754
1362	115-119	0.04516932527145201
1362	120-124	0.06966421710927051
1362	125-129	0.08044604660031496
1362	130-134	0.07112188230399852
1362	135-139	0.11289686504574092
1362	140-144	0.09159080925964957
1362	145-149	0.08528511950107998
1362	150	0.2033215063166267
1363	1	-0.02730456711460505
1363	2	-0.028109641876362446
1363	3	-0.0014424260548082657
1363	4	-0.015390152205561947
1363	5	-0.06907350687694702
1363	6	-0.06367496793372851
1363	7	-0.05211382808082732
1363	8	-0.006093438707054588
1363	9	-0.012641864648742285
1363	10-14	-0.007795555627247097
1363	15-19	-0.027741820552805052
1363	20-24	-0.021013896295272616
1363	25-29	-0.022644869051703154
1363	30-34	-0.049514876432354527
1363	35-39	-0.03938083847306473
1363	40-44	-0.03052371014273092
1363	45-49	-0.04652457524371556
1363	50-54	-0.05185194458512399
1363	55-59	-0.015725385752048737
1363	60-64	-0.0264512876266636
1363	65-69	-0.04403886159049364
1363	70-74	-0.03903124327437979
1363	75-79	-0.03641458692506916
1363	80-84	-0.020782031567939896
1363	85-89	0.030011225735947278
1363	90-94	0.02011168991491985
1363	95-99	0.03143420813102438
1363	100-104	-0.023953606226882584
1363	105-109	0.006680512269589656
1363	110-114	0.03621190005964792
1363	115-119	-0.029316721172030213
1363	120-124	0.03505832896720307
1363	125-129	0.05210073405228144
1363	130-134	0.06328677880061662
1363	135-139	0.04453624827579006
1363	140-144	0.06792937374845565
1363	145-149	0.031448988692417856
1363	150	0.22767986988484523
1364	1	0.06202907793316115
1364	2	0.052557818370303266
1364	3	0.019897954409550778
1364	4	0.006299072480850043
1364	5	-0.007166011765349367
1364	6	0.019891597047376308
1364	7	-0.01605634910148268
1364	8	0.06425132830857905
1364	9	0.023032143664813987
1364	10-14	0.02266974122341736
1364	15-19	0.03230297826869588
1364	20-24	0.015290989771109764
1364	25-29	0.02361880008093209
1364	30-34	0.012784940873018513
1364	35-39	0.013290809509463486
1364	40-44	0.016779165067468682
1364	45-49	0.007555703987598861
1364	50-54	0.016025309946073207
1364	55-59	0.017035403538237404
1364	60-64	0.0034073241189460646
1364	65-69	-0.003056883163907287
1364	70-74	0.04104366908747181
1364	75-79	0.07510456459405646
1364	80-84	0.08493582620635465
1364	85-89	0.04672036521377976
1364	90-94	0.10349319833912318
1364	95-99	0.0429063502397824
1364	100-104	0.059208918604980454
1364	105-109	0.07530142127565398
1364	110-114	0.09508990238443715
1364	115-119	0.05604796522131039
1364	120-124	0.11821412342738569
1364	125-129	0.1509813253343566
1364	130-134	0.1494965797352421
1364	135-139	0.14209413233865575
1364	140-144	0.14969528339545235
1364	145-149	0.1987297626003084
1364	150	0.24240012147003398
1365	1	0.04767943122217844
1365	2	-0.0575488124320529
1365	3	-0.019231407626556063
1365	4	-0.03182160583957483
1365	5	-0.030391168156967296
1365	6	-0.01993484804373935
1365	7	-0.049673973069523925
1365	8	-0.07696175120378257
1365	9	-0.033105631589137374
1365	10-14	0.0018699837989046841
1365	15-19	-0.01528468840722752
1365	20-24	-0.021442388216563302
1365	25-29	-0.010133165793163812
1365	30-34	-0.034321283264070246
1365	35-39	-0.04079582052594333
1365	40-44	-0.03474340715121116
1365	45-49	-0.07334033964843911
1365	50-54	0.00516224959588385
1365	55-59	-0.007643598411952723
1365	60-64	-0.02890782286494442
1365	65-69	-0.06579874394569885
1365	70-74	-0.0021208526169971265
1365	75-79	-0.03487911368525687
1365	80-84	-0.015942763659438697
1365	85-89	0.005159197682608863
1365	90-94	0.025080212421769943
1365	95-99	0.03197831759266734
1365	100-104	0.015065242915824228
1365	105-109	-0.010807653192316025
1365	110-114	0.01633872527103364
1365	115-119	0.04807677484938466
1365	120-124	0.09021787182030039
1365	125-129	0.0933775573774227
1365	130-134	0.047249449871252125
1365	135-139	0.03587480588748093
1365	140-144	0.039278441161599176
1365	145-149	0.07775365343858454
1365	150	0.14643435115852554
1366	1	0.00767782931849581
1366	2	-0.04115106032205773
1366	3	-0.0018777955705928662
1366	4	-0.026672088369998903
1366	5	0.044340968715083307
1366	6	0.008295517763023952
1366	7	-0.05242815649983612
1366	8	-0.03350520477893326
1366	9	-0.017736198294144856
1366	10-14	-0.024341340310854775
1366	15-19	-0.010095462099428687
1366	20-24	-0.003908363911548918
1366	25-29	-0.0384019428387532
1366	30-34	-0.023256676163242673
1366	35-39	-0.0564110512998397
1366	40-44	0.00936280021119984
1366	45-49	-0.02314026101736033
1366	50-54	-0.02926222416224533
1366	55-59	-0.03158170062403798
1366	60-64	-0.05566555115308347
1366	65-69	-0.008329387171741587
1366	70-74	-0.031196702038620572
1366	75-79	-7.994798379584722E-4
1366	80-84	-0.01797679090701365
1366	85-89	0.011785739245766536
1366	90-94	0.05214515023820354
1366	95-99	0.005792417244570913
1366	100-104	0.029625111984600494
1366	105-109	-0.01779418098139729
1366	110-114	-0.020876161351935707
1366	115-119	0.04130668204662413
1366	120-124	0.0390835675553447
1366	125-129	0.06364238966340707
1366	130-134	0.08284528842405336
1366	135-139	0.06356147754646457
1366	140-144	0.07624650830260293
1366	145-149	0.06502646553025215
1366	150	0.14655699152641688
1367	1	0.01005272329643958
1367	2	0.05859448675173695
1367	3	0.0456200839883536
1367	4	0.06764512961134272
1367	5	-0.02520949778195103
1367	6	0.015759470265145126
1367	7	-0.005608818077448063
1367	8	0.017046109894515382
1367	9	0.03451146922070336
1367	10-14	0.022206581656917024
1367	15-19	0.025935072251712654
1367	20-24	0.029882984688960335
1367	25-29	0.016084910426727106
1367	30-34	0.0401869201047802
1367	35-39	0.05744815141432724
1367	40-44	0.03385813524088377
1367	45-49	0.03609638020402173
1367	50-54	0.008600371257600159
1367	55-59	0.030301251029911214
1367	60-64	0.038176688032670825
1367	65-69	0.0339437256357229
1367	70-74	0.0663775133981872
1367	75-79	0.05490874747332697
1367	80-84	0.0790545916205474
1367	85-89	0.09416063322372281
1367	90-94	0.0727728007895081
1367	95-99	0.0865388124947799
1367	100-104	0.04767430621699731
1367	105-109	0.0644450047692402
1367	110-114	0.06651993703652437
1367	115-119	0.07034824269123874
1367	120-124	0.1474465870634063
1367	125-129	0.12640744479487864
1367	130-134	0.13217522905170398
1367	135-139	0.10956656660498965
1367	140-144	0.09131012153415696
1367	145-149	0.12738439597978868
1367	150	0.20728642324821323
1368	1	-0.023074624334725513
1368	2	0.034765056760910795
1368	3	-0.026001490850234177
1368	4	0.00530589366250922
1368	5	-0.037414583378527766
1368	6	-0.001152994466295354
1368	7	0.03894554310723208
1368	8	-0.042278637816274056
1368	9	-0.05201377701011012
1368	10-14	-0.008773321754830476
1368	15-19	-0.01263254818067594
1368	20-24	-0.030505445492273964
1368	25-29	0.010524161954307942
1368	30-34	-0.038345215395729326
1368	35-39	-0.03369550197578519
1368	40-44	-0.01817177596023356
1368	45-49	0.016323829962544778
1368	50-54	-0.021376087519293208
1368	55-59	-0.008604947581851263
1368	60-64	-0.033285464258277386
1368	65-69	-0.03334643724877395
1368	70-74	0.020276355377731647
1368	75-79	-0.03191405289364013
1368	80-84	0.02148037618373877
1368	85-89	0.04137446023035096
1368	90-94	0.05581498458415268
1368	95-99	-0.024132112363716374
1368	100-104	-7.816665028741454E-4
1368	105-109	0.018774685751040465
1368	110-114	0.041974403810506544
1368	115-119	0.026796633752496746
1368	120-124	0.08923554692216129
1368	125-129	0.11305472457193844
1368	130-134	0.047294233396442564
1368	135-139	0.053182567712809714
1368	140-144	0.09954418360682382
1368	145-149	0.10721701095962288
1368	150	0.09785522074176356
1369	1	0.0735425574613302
1369	2	0.0016617643366103607
1369	3	-0.027047394731376073
1369	4	0.017288881065304906
1369	5	-0.03740878889719568
1369	6	0.028523441695902818
1369	7	-0.004251735804331247
1369	8	0.008519841711823517
1369	9	0.033498281305554656
1369	10-14	0.003216850804818705
1369	15-19	0.02248884620330216
1369	20-24	0.00876885366520952
1369	25-29	-0.01616301717628943
1369	30-34	-0.009719086920490838
1369	35-39	0.005862494987908917
1369	40-44	-0.015913550693973377
1369	45-49	-0.01867437374823311
1369	50-54	-0.029225176047376067
1369	55-59	-0.03079143716916377
1369	60-64	-0.01207812612710768
1369	65-69	-0.024405552547364096
1369	70-74	0.013329583483276508
1369	75-79	-0.004931702883794742
1369	80-84	0.027113539159323352
1369	85-89	0.050871962808898274
1369	90-94	0.036488882763521246
1369	95-99	0.035878665371569696
1369	100-104	0.05615780434509077
1369	105-109	0.02917485263211006
1369	110-114	0.05847685487611187
1369	115-119	0.07032454576908975
1369	120-124	0.1042549584346304
1369	125-129	0.07445003567763564
1369	130-134	0.08168679791798894
1369	135-139	0.061566023309701734
1369	140-144	0.10160435350101693
1369	145-149	0.11349903995521515
1369	150	0.24208044064233292
1370	1	0.04387263140681341
1370	2	0.019531224808510217
1370	3	0.024183869397404578
1370	4	0.016728255522785673
1370	5	0.0018952277393822214
1370	6	0.006844373418189775
1370	7	0.014958073459972354
1370	8	-0.01963734696750663
1370	9	-0.010671027376190523
1370	10-14	0.01593816501971901
1370	15-19	0.006122572396158432
1370	20-24	-0.007652565920828636
1370	25-29	0.014508665837610124
1370	30-34	-0.04892622709196104
1370	35-39	0.03655047107282883
1370	40-44	0.011794951875323534
1370	45-49	-0.01398127300506502
1370	50-54	0.03351844249979763
1370	55-59	0.03291621129041289
1370	60-64	0.022543837489671148
1370	65-69	0.04701909315957664
1370	70-74	0.052799849789124664
1370	75-79	0.04014131421232747
1370	80-84	0.03430962232361878
1370	85-89	0.06699439757858272
1370	90-94	0.08804329280116718
1370	95-99	0.06932337337281069
1370	100-104	0.07502687489733262
1370	105-109	0.03661514618590189
1370	110-114	0.07797840759186414
1370	115-119	0.07273789309002154
1370	120-124	0.10217341416715442
1370	125-129	0.10535587936627877
1370	130-134	0.1320877420805715
1370	135-139	0.11055462280187811
1370	140-144	0.14575579086553603
1370	145-149	0.14288124940704705
1370	150	0.23969473583935752
1371	1	0.09894195557659202
1371	2	0.08009541562510236
1371	3	0.008726813426939373
1371	4	-0.03086695604417855
1371	5	-0.0510723541791549
1371	6	0.01103268952390124
1371	7	-0.029015568462902763
1371	8	-0.03817910326560536
1371	9	-0.032544774834335044
1371	10-14	-0.013806233705025761
1371	15-19	-0.008850565752084094
1371	20-24	-0.025099347830540353
1371	25-29	-0.0025632268473643194
1371	30-34	-0.04347507300678899
1371	35-39	-0.03735712856973805
1371	40-44	-0.03851383991132451
1371	45-49	-0.022794019606429572
1371	50-54	0.0018283521513069445
1371	55-59	0.014729487406718533
1371	60-64	-0.03574463416104834
1371	65-69	-0.03669299044494778
1371	70-74	-0.006759365793335803
1371	75-79	0.030256207923237355
1371	80-84	0.032276597506275095
1371	85-89	0.04565218751559286
1371	90-94	0.024258345734274656
1371	95-99	-0.006491031639924927
1371	100-104	0.05635623319141558
1371	105-109	0.02711559296413668
1371	110-114	0.04688448120179345
1371	115-119	0.023860997959715746
1371	120-124	0.06875192027312238
1371	125-129	0.12190184236642665
1371	130-134	0.08362269190535443
1371	135-139	0.11780263436295257
1371	140-144	0.14945522494643626
1371	145-149	0.14208164507238052
1371	150	0.25620714450722204
1372	1	0.05402280379706781
1372	2	0.019825646221519833
1372	3	0.043269784081346074
1372	4	-0.005524261617246395
1372	5	-0.020709942896928624
1372	6	0.018375490547128948
1372	7	-0.06997237181048632
1372	8	-0.027886445651319036
1372	9	-0.006285802113531247
1372	10-14	-0.0020738568774092414
1372	15-19	0.00817511357439571
1372	20-24	-0.019701133341698096
1372	25-29	-0.0023304454383108464
1372	30-34	-0.013248675839570012
1372	35-39	-0.024586787537707266
1372	40-44	-0.02883805649193505
1372	45-49	-0.004750253286758266
1372	50-54	-0.016183723687113627
1372	55-59	-0.008079652834098283
1372	60-64	0.029014062493779136
1372	65-69	-0.009147894094112985
1372	70-74	0.013538381679104816
1372	75-79	0.027377761626659947
1372	80-84	0.024227284487146505
1372	85-89	0.0722354714154676
1372	90-94	0.04256877585959984
1372	95-99	0.004237886345293873
1372	100-104	0.05691153763807222
1372	105-109	0.01027611107754467
1372	110-114	-0.01127656181765957
1372	115-119	0.01858966075983659
1372	120-124	0.09648263724400863
1372	125-129	0.12277783556363886
1372	130-134	0.019638479694727096
1372	135-139	0.09048702001176423
1372	140-144	0.07130840168934327
1372	145-149	0.10194330291255227
1372	150	0.09762720339360698
1373	1	0.01203602254263103
1373	2	0.005251646227506512
1373	3	-0.002125628653629974
1373	4	0.018631176164561225
1373	5	-0.04550902333100737
1373	6	-0.004829251570058091
1373	7	-0.019487239970288783
1373	8	-0.02929083089279061
1373	9	0.01947141628502891
1373	10-14	0.013665339817606537
1373	15-19	-0.0010726533504481495
1373	20-24	0.03200534967768931
1373	25-29	0.026308105866853282
1373	30-34	-0.00969082624676787
1373	35-39	-0.0068056098175901525
1373	40-44	0.018514913679062772
1373	45-49	-0.032282878832177175
1373	50-54	0.006137501150313085
1373	55-59	0.007280695912065482
1373	60-64	-1.1571548817101984E-4
1373	65-69	-0.001462114738949083
1373	70-74	0.009713144206507707
1373	75-79	0.0016791048251505458
1373	80-84	0.022761337471500553
1373	85-89	0.0020520602960445444
1373	90-94	0.026354760433278557
1373	95-99	0.061984819020295845
1373	100-104	-0.028250374101546072
1373	105-109	0.03993692041196084
1373	110-114	0.030560198951562256
1373	115-119	0.07204899145462917
1373	120-124	0.08367588112419355
1373	125-129	0.10701849814461895
1373	130-134	0.09446504867035799
1373	135-139	0.08104159025398161
1373	140-144	0.0655075708321533
1373	145-149	0.11964218507620927
1373	150	0.2072141385989923
1374	1	0.08644519365114434
1374	2	0.00705152373663509
1374	3	0.05433134639195458
1374	4	0.07992598478361401
1374	5	0.0017657828165695832
1374	6	-0.04804415663107875
1374	7	-0.004251735804331247
1374	8	0.0339007190899423
1374	9	-0.03015697058258837
1374	10-14	0.007848696708890657
1374	15-19	-0.025202870525880883
1374	20-24	0.011843061387430964
1374	25-29	-0.003129349743751675
1374	30-34	0.020782918674328243
1374	35-39	0.018115686875276538
1374	40-44	0.04176549987214884
1374	45-49	0.042649961420991644
1374	50-54	0.03978573513096961
1374	55-59	0.05305387856385835
1374	60-64	0.023623146629496716
1374	65-69	0.06309858501830234
1374	70-74	0.08223933671443007
1374	75-79	0.05652109316813636
1374	80-84	0.08678353349024803
1374	85-89	0.10670926473052589
1374	90-94	0.1160456384550912
1374	95-99	0.06488083732580208
1374	100-104	0.09551424331117175
1374	105-109	0.07763196546092388
1374	110-114	0.11825440449477753
1374	115-119	0.06853591789867863
1374	120-124	0.1387923721669253
1374	125-129	0.1533197626911189
1374	130-134	0.1850281802861815
1374	135-139	0.16186781213747992
1374	140-144	0.13146502570729268
1374	145-149	0.18955702156571164
1374	150	0.17813730843015207
1375	1	0.09189136205983317
1375	2	-0.0026499092254894663
1375	3	0.012433883299422632
1375	4	0.037958954886995855
1375	5	-0.046598256847914854
1375	6	0.05190823002349987
1375	7	0.035204046508589215
1375	8	0.007721362183730207
1375	9	-0.0254831647652054
1375	10-14	0.022451168041087044
1375	15-19	0.0026055470574135597
1375	20-24	-0.014927214199751404
1375	25-29	0.019503753791049405
1375	30-34	-0.03324317457941106
1375	35-39	-0.04138257680570234
1375	40-44	-0.04932823854526447
1375	45-49	-0.022927870717722953
1375	50-54	-0.03552574738323955
1375	55-59	-0.025951886357361786
1375	60-64	-0.046686824802499416
1375	65-69	-0.045047117520887525
1375	70-74	-0.04863520924811837
1375	75-79	-0.05307051547867303
1375	80-84	-0.02695499796591605
1375	85-89	-0.014135743851291238
1375	90-94	0.01452246757735054
1375	95-99	-0.006785173588198745
1375	100-104	-0.01527146242124644
1375	105-109	-0.02442259316051576
1375	110-114	0.004559437824120494
1375	115-119	-0.00844146148559588
1375	120-124	0.021956635357533116
1375	125-129	0.03842887423179775
1375	130-134	0.005049335437256275
1375	135-139	0.051413860229814645
1375	140-144	0.02566663258641455
1375	145-149	0.058373473544655496
1375	150	0.15193685339482244
1376	1	0.067752342173371
1376	2	0.007938241271844504
1376	3	0.0028112249525378274
1376	4	0.06755868579853797
1376	5	-0.030321493872293104
1376	6	7.096880436421316E-4
1376	7	0.07755115689663938
1376	8	-0.028964593732439425
1376	9	0.008983841007839999
1376	10-14	0.005064003286179286
1376	15-19	0.017795796719326518
1376	20-24	0.023802509778633407
1376	25-29	0.005760403776974954
1376	30-34	-0.011085455790571075
1376	35-39	-0.028851223194642728
1376	40-44	0.003589380570993228
1376	45-49	0.007763521883717317
1376	50-54	0.029698481561624135
1376	55-59	0.012846276702006776
1376	60-64	-8.089580150141273E-4
1376	65-69	0.011956664819500418
1376	70-74	0.010981339692342829
1376	75-79	0.004925805148467077
1376	80-84	0.013609538645901864
1376	85-89	0.043319928629614424
1376	90-94	0.09798313741541875
1376	95-99	0.02463049257735861
1376	100-104	0.022852881160794425
1376	105-109	0.04340245815163257
1376	110-114	0.06094884727104244
1376	115-119	0.09610736914655149
1376	120-124	0.11621804930756952
1376	125-129	0.13583690707157103
1376	130-134	0.13649088077385585
1376	135-139	0.13265921811060366
1376	140-144	0.17751675305842696
1376	145-149	0.13425731244853267
1376	150	0.14111565306807705
1377	1	-0.01733318315540089
1377	2	0.04107523867481433
1377	3	-0.06623106536843437
1377	4	-0.021783068195148303
1377	5	-0.0980460864889352
1377	6	-0.10492774265477323
1377	7	-0.09237121985049868
1377	8	-0.06933642630845327
1377	9	-0.1038038209299117
1377	10-14	-0.014893276865180383
1377	15-19	-0.013412436510762404
1377	20-24	-0.047424685693442825
1377	25-29	-0.07000800203144308
1377	30-34	-0.05480863171949579
1377	35-39	-0.05533951599686304
1377	40-44	-0.03876697941839069
1377	45-49	-0.03857648454207663
1377	50-54	-0.02652052411267647
1377	55-59	0.008007685251321561
1377	60-64	-0.018408425866546452
1377	65-69	-0.003994704702392937
1377	70-74	-0.02124892275796242
1377	75-79	0.04886264882573954
1377	80-84	0.005187097161339693
1377	85-89	0.05341444526713701
1377	90-94	0.023794119211530074
1377	95-99	0.024721261979912867
1377	100-104	-0.008813172384250834
1377	105-109	0.024793223512389773
1377	110-114	0.0993533472412409
1377	115-119	0.07634676745160363
1377	120-124	0.05652055461158767
1377	125-129	0.10314491950937565
1377	130-134	0.09626551233571234
1377	135-139	0.1037709823047166
1377	140-144	0.11936226970073704
1377	145-149	0.09154650650530272
1377	150	0.23527503591834176
1378	1	0.061967956929521506
1378	2	0.029453965069826893
1378	3	0.011789595357548421
1378	4	0.027043757573814275
1378	5	0.0092260376053801
1378	6	0.0180736886502757
1378	7	0.009854057646549563
1378	8	-8.68572530713152E-4
1378	9	-0.02408235255115443
1378	10-14	0.025203614107674355
1378	15-19	0.0092617611803405
1378	20-24	-0.02278941197558737
1378	25-29	-0.0015827966981731834
1378	30-34	-0.016794469152650038
1378	35-39	-0.018639383810629795
1378	40-44	0.007551420119206398
1378	45-49	-0.003693648061407373
1378	50-54	0.031278173177433644
1378	55-59	0.006703231105241514
1378	60-64	0.016881947794708196
1378	65-69	0.011150212796636083
1378	70-74	0.004832464975216055
1378	75-79	0.014618615589370165
1378	80-84	0.011774246880627004
1378	85-89	0.037725837053116607
1378	90-94	0.07264649300615389
1378	95-99	0.02047334694847791
1378	100-104	0.043389583861241476
1378	105-109	0.044791923880559636
1378	110-114	0.04202135458074707
1378	115-119	0.04790220444424875
1378	120-124	0.1115647506439501
1378	125-129	0.12964102659903887
1378	130-134	0.0858277929159641
1378	135-139	0.0709690273848409
1378	140-144	0.12569045067788664
1378	145-149	0.0958708604087235
1378	150	0.17736566471784698
1379	1	0.0018801677086770496
1379	2	0.08597576889386005
1379	3	0.03047573295067707
1379	4	-0.017568471273342823
1379	5	-0.054655606370005216
1379	6	-0.03843621155059651
1379	7	-0.013703212597583558
1379	8	-0.03735742882634696
1379	9	-0.04590424458954345
1379	10-14	-0.02897929781613584
1379	15-19	-0.024097802636902088
1379	20-24	-0.023692046715041215
1379	25-29	0.013282277858898794
1379	30-34	-0.07344381179631654
1379	35-39	-0.05214689265864081
1379	40-44	-0.04326055577595156
1379	45-49	-0.04212721627873606
1379	50-54	-0.026349307186912085
1379	55-59	-0.017304336198058934
1379	60-64	-0.0026005421881833968
1379	65-69	-0.007147866681307846
1379	70-74	0.02083314518225876
1379	75-79	0.00883889638733848
1379	80-84	0.03373354074070534
1379	85-89	0.025023990928701778
1379	90-94	0.04175574063340548
1379	95-99	0.04020802369070253
1379	100-104	-0.013179324300168105
1379	105-109	0.025876726567375385
1379	110-114	0.06980356078975802
1379	115-119	0.047827891825342306
1379	120-124	0.10541482876147512
1379	125-129	0.059475459954697385
1379	130-134	0.09906139089235211
1379	135-139	0.13587472305595583
1379	140-144	0.12688268356377108
1379	145-149	0.12575881755568474
1379	150	0.12777772138759502
1380	1	0.06901903022924216
1380	2	0.04970276581127564
1380	3	0.03538215999727612
1380	4	0.06691495533943481
1380	5	-0.04190179393971505
1380	6	0.046576738757160285
1380	7	-0.033841148766668994
1380	8	-0.01592334510536375
1380	9	0.04124409621044123
1380	10-14	0.025679471238852614
1380	15-19	0.02920192432566182
1380	20-24	0.01142937118974885
1380	25-29	0.03521965535356486
1380	30-34	0.0015649434421476371
1380	35-39	-0.0408294719533302
1380	40-44	0.001468859391295041
1380	45-49	-0.011294894486852058
1380	50-54	-0.0039170088759661326
1380	55-59	-0.006988291418203119
1380	60-64	0.011743055463149688
1380	65-69	0.01225312324051231
1380	70-74	0.00770230913214931
1380	75-79	-0.003027210745848663
1380	80-84	0.012703088546601293
1380	85-89	0.005274956295764355
1380	90-94	0.01740675668492031
1380	95-99	0.016986216202866444
1380	100-104	-0.04577803084433896
1380	105-109	0.02840675710690732
1380	110-114	0.024299286257551955
1380	115-119	0.06748336925429754
1380	120-124	0.07522985913635694
1380	125-129	0.029005408883662653
1380	130-134	0.05614423420436765
1380	135-139	0.09270492297320487
1380	140-144	0.1351786464180762
1380	145-149	0.10671044253653861
1380	150	0.0947939962519655
1381	1	0.013261928449864513
1381	2	0.00894732300746881
1381	3	-0.024770342487762775
1381	4	0.0221500076956076
1381	5	0.003987285138805419
1381	6	-0.028553682289356175
1381	7	0.03247883937225993
1381	8	-0.027955511996822224
1381	9	-0.05156106312939812
1381	10-14	0.0023731186578643815
1381	15-19	0.014835823628175149
1381	20-24	-0.006739030752811459
1381	25-29	-0.029692001201162554
1381	30-34	-0.0550814194636331
1381	35-39	-0.03759659823668926
1381	40-44	-0.019955859926817254
1381	45-49	-0.011543575324495237
1381	50-54	-0.004341208986645029
1381	55-59	-0.030678782161096763
1381	60-64	0.008878226646942267
1381	65-69	0.027967428358010693
1381	70-74	0.016497653180408633
1381	75-79	0.016698425397379424
1381	80-84	0.033051180085514886
1381	85-89	0.06780697874734187
1381	90-94	0.07073793055366195
1381	95-99	0.041583065735778746
1381	100-104	0.02305469750790934
1381	105-109	0.1111454786696271
1381	110-114	0.07669052234672336
1381	115-119	0.11675990866891794
1381	120-124	0.08957829148718588
1381	125-129	0.10738080212707501
1381	130-134	0.08516225648862275
1381	135-139	0.08381966210657765
1381	140-144	0.1274662989716404
1381	145-149	0.1323064210929985
1381	150	0.19863331199844936
1382	1	0.050618170446050215
1382	2	0.035907447901379896
1382	3	0.05684939295527158
1382	4	0.05094306055075748
1382	5	0.012642753189410882
1382	6	-0.012087374934395712
1382	7	0.02771602779539961
1382	8	0.03243228080235383
1382	9	0.016612155565745468
1382	10-14	-0.012014688146926744
1382	15-19	-8.185196814451956E-4
1382	20-24	-0.02050293273430981
1382	25-29	0.01971295231263781
1382	30-34	-0.015099554471859733
1382	35-39	-0.03883340670113
1382	40-44	-0.018887683545557366
1382	45-49	-0.05994550114128572
1382	50-54	-0.05533116854432052
1382	55-59	0.008551478453981076
1382	60-64	-0.0016840150822261535
1382	65-69	0.01428439748941912
1382	70-74	-0.009893324314155905
1382	75-79	0.026290010464407487
1382	80-84	0.055216664520429504
1382	85-89	0.030464019492598027
1382	90-94	0.011318015883979626
1382	95-99	0.029608516191267142
1382	100-104	0.01484901290119467
1382	105-109	0.0380808904357437
1382	110-114	0.10200674985840408
1382	115-119	0.07612718934612417
1382	120-124	0.07940915565375661
1382	125-129	0.02656586979564679
1382	130-134	0.0891476436658536
1382	135-139	0.09585504570333114
1382	140-144	0.11430773308303088
1382	145-149	0.0962543048563731
1382	150	0.1506800175510179
1383	1	-0.0407524688782388
1383	2	0.005746420812634767
1383	3	-0.019789969606733848
1383	4	0.009012776687086443
1383	5	-0.022769810951238867
1383	6	0.008697567196634282
1383	7	-0.07168728532943192
1383	8	0.0187967828540323
1383	9	-0.06923379934740126
1383	10-14	-0.006638264203992605
1383	15-19	-0.001346953888692326
1383	20-24	-0.01991932230486526
1383	25-29	-0.03764307237496922
1383	30-34	-0.012045452614088958
1383	35-39	-0.04288286755973303
1383	40-44	-0.07894675080769531
1383	45-49	0.006945120541196559
1383	50-54	-0.006837647991517315
1383	55-59	6.853356956355583E-4
1383	60-64	0.04974382344052941
1383	65-69	-0.012554847885752451
1383	70-74	0.056240412642424076
1383	75-79	0.03948719688713709
1383	80-84	0.06804301752249842
1383	85-89	0.053436783124226395
1383	90-94	0.04426660403790095
1383	95-99	0.039039321745882205
1383	100-104	0.04815057396454847
1383	105-109	0.07258771706941047
1383	110-114	0.11869912897873292
1383	115-119	0.06439260565550597
1383	120-124	0.07350584662955839
1383	125-129	0.06217535518510431
1383	130-134	0.08694569778138828
1383	135-139	0.15050661537801346
1383	140-144	0.1393153648065848
1383	145-149	0.17518837861116765
1383	150	0.15759686502498482
1384	1	0.08772305030551308
1384	2	0.08480998467203449
1384	3	-0.043009881931816096
1384	4	0.05941770516496092
1384	5	-0.052757238118879
1384	6	-0.016150974979382227
1384	7	-0.03653992793241656
1384	8	-5.458272804474973E-4
1384	9	0.002841614112320201
1384	10-14	0.027044751972326253
1384	15-19	0.007066253287867141
1384	20-24	0.044513637524524086
1384	25-29	0.04543800474292681
1384	30-34	-0.02995467839373589
1384	35-39	0.009295970797452924
1384	40-44	0.009698958724563056
1384	45-49	0.022110635678828316
1384	50-54	0.04868063964121205
1384	55-59	0.06983442015990704
1384	60-64	0.06282359711143215
1384	65-69	0.011376257699787118
1384	70-74	0.09162718790553726
1384	75-79	0.044056231150598535
1384	80-84	0.09690843933695703
1384	85-89	0.07259795162823934
1384	90-94	0.053005265633196075
1384	95-99	0.062363238278216215
1384	100-104	0.09097242806356576
1384	105-109	0.07074130295162462
1384	110-114	0.12510901055514267
1384	115-119	0.1289609791437556
1384	120-124	0.09184032198762537
1384	125-129	0.09526127497061054
1384	130-134	0.11396226151496336
1384	135-139	0.12024623373959287
1384	140-144	0.1524392655889173
1384	145-149	0.11942583044471888
1384	150	0.1636017728649506
1385	1	0.11435914890484611
1385	2	0.037200137333933014
1385	3	-0.05608827944294603
1385	4	-0.04711634293273903
1385	5	-0.04438978074000488
1385	6	0.02544114959726329
1385	7	0.0026262142968107582
1385	8	-0.011963868617961282
1385	9	0.043237391562513494
1385	10-14	-7.271946401488094E-5
1385	15-19	0.012309218141496103
1385	20-24	-0.008834627468502276
1385	25-29	-0.02964450699675325
1385	30-34	-0.036515132047490795
1385	35-39	5.681023196046908E-4
1385	40-44	-0.02801163908011972
1385	45-49	0.002481141167542944
1385	50-54	0.014224987705141245
1385	55-59	0.019247447590643674
1385	60-64	0.007528293476774195
1385	65-69	-0.004922897907206902
1385	70-74	0.0226437298393094
1385	75-79	0.03747076644205549
1385	80-84	0.03836057398099513
1385	85-89	0.011964182295841397
1385	90-94	0.010823401976729485
1385	95-99	0.04424128959315965
1385	100-104	0.043813679390027005
1385	105-109	0.055805249831031745
1385	110-114	0.092513713263223
1385	115-119	0.09488733058416443
1385	120-124	0.08501900663105744
1385	125-129	0.08271917565242859
1385	130-134	0.09291145533579481
1385	135-139	0.14792690374795825
1385	140-144	0.18511319475815213
1385	145-149	0.1904549318865918
1385	150	0.10278937241997
1386	1	0.02036105274235922
1386	2	0.025799491035371602
1386	3	0.051866117292000524
1386	4	0.04899351490492165
1386	5	0.038565672612293156
1386	6	0.02791357754983892
1386	7	0.025390341157525143
1386	8	0.0015915972211146823
1386	9	-0.04181146721709439
1386	10-14	0.03956907082310579
1386	15-19	-0.014238052086163577
1386	20-24	0.024518085681243917
1386	25-29	0.0047774915839227106
1386	30-34	-0.026671741435485785
1386	35-39	-2.3871142894194008E-4
1386	40-44	-0.013103057160329001
1386	45-49	-0.010861494175507858
1386	50-54	-0.014935747646156017
1386	55-59	-0.013399717111241216
1386	60-64	0.018212060310283107
1386	65-69	0.022061183033414977
1386	70-74	0.008399462795786405
1386	75-79	0.01951538730791924
1386	80-84	0.03305266095380688
1386	85-89	0.05799226984789385
1386	90-94	0.06563752627096875
1386	95-99	0.033977586229212875
1386	100-104	0.0662345784088032
1386	105-109	0.09787269363172868
1386	110-114	0.11597664661655926
1386	115-119	0.0879573144589898
1386	120-124	0.05451129661036447
1386	125-129	0.04543039572764229
1386	130-134	0.0742848380738721
1386	135-139	0.14038853664045803
1386	140-144	0.17710733254309474
1386	145-149	0.11913834813842783
1386	150	0.12590521405449806
1387	1	0.047285990578352255
1387	2	0.050038340060147846
1387	3	-0.05121112549188922
1387	4	-0.04406138258087822
1387	5	-0.04309552823384166
1387	6	-0.03221666364834874
1387	7	0.0038609024792748414
1387	8	-0.049185919669675116
1387	9	-0.03947937001901636
1387	10-14	-0.03232140944447792
1387	15-19	-0.05570969053611918
1387	20-24	-0.0539323932073259
1387	25-29	-0.04254620732648817
1387	30-34	-0.06522825557123468
1387	35-39	-0.05354243505005485
1387	40-44	-0.04135644372610159
1387	45-49	-0.013515372228560807
1387	50-54	-0.07061549632337716
1387	55-59	-0.06425054474127023
1387	60-64	0.019837424857144015
1387	65-69	-0.02590321591061695
1387	70-74	0.034471283097389005
1387	75-79	0.016070695145707248
1387	80-84	0.04163905313088634
1387	85-89	0.002096397010419082
1387	90-94	0.02149052466274526
1387	95-99	0.053208805901014955
1387	100-104	0.047032888081943725
1387	105-109	0.06583113488115089
1387	110-114	0.07058373423392794
1387	115-119	0.051923007466577076
1387	120-124	0.06947524991029752
1387	125-129	0.08205940187027494
1387	130-134	0.0806490033969709
1387	135-139	0.1450609442729558
1387	140-144	0.12097202527651518
1387	145-149	0.1254252932668507
1387	150	0.15618952328611613
1388	1	0.10638755487467222
1388	2	0.05857836368124936
1388	3	-3.268934076174901E-4
1388	4	-0.0425937919953725
1388	5	-0.07020590010744598
1388	6	-0.00713271699230944
1388	7	-0.018811897583908888
1388	8	0.022195544171992765
1388	9	0.02480435165693251
1388	10-14	-0.01127829138676617
1388	15-19	-0.05052906978224314
1388	20-24	-0.036740149687396695
1388	25-29	-0.015601519865434454
1388	30-34	-0.03465647599703914
1388	35-39	-0.09444194413201501
1388	40-44	-0.030450377997603084
1388	45-49	-0.0431009996255014
1388	50-54	-0.041126608556830035
1388	55-59	-0.052139267275350676
1388	60-64	-0.022390655374159962
1388	65-69	0.0023178426188863455
1388	70-74	0.03089293365717083
1388	75-79	-0.005841678544506124
1388	80-84	0.00961654065964268
1388	85-89	-0.015951430692254576
1388	90-94	-3.6992011585113005E-4
1388	95-99	0.011813011894282965
1388	100-104	0.01213586855968174
1388	105-109	0.05884470769309047
1388	110-114	0.043785206999331194
1388	115-119	0.03255535382292862
1388	120-124	0.043734147171157645
1388	125-129	0.023579063731254735
1388	130-134	0.01591986362831932
1388	135-139	0.10186831501476235
1388	140-144	0.1235510482333595
1388	145-149	0.14164779034923924
1388	150	0.07688268612630367
1401	1	-0.05752092511022511
1401	2	-0.11031724915849139
1401	3	-0.025042472227951862
1401	4	-0.01341708514326001
1401	5	-0.05868991843836824
1401	6	-0.07819431544572808
1401	7	-0.11952490738750754
1401	8	-0.07327447828895828
1401	9	-0.14436282345361207
1401	10-14	-0.07374575583232001
1401	15-19	-0.06449936018738356
1401	20-24	-0.08439337455114071
1401	25-29	-0.10032092385448976
1401	30-34	-0.11430713725646058
1401	35-39	-0.10551568405454503
1401	40-44	-0.12306227815517445
1401	45-49	-0.1160789946687899
1401	50-54	-0.10916098189247947
1401	55-59	-0.10993919047782441
1401	60-64	-0.13050403121027898
1401	65-69	-0.15006258364798697
1401	70-74	-0.1263357969015786
1401	75-79	-0.1260605779725097
1401	80-84	-0.090569428901496
1401	85-89	-0.13382013986488062
1401	90-94	-0.15406591733150776
1401	95-99	-0.16351153178727174
1401	100-104	-0.10895693661091599
1401	105-109	-0.11100719732858977
1401	110-114	-0.08094970945496982
1401	115-119	-0.17161433894518296
1401	120-124	-0.11394902661051987
1401	125-129	-0.14043520552473154
1401	130-134	-0.18875852598624476
1401	135-139	-0.08765800590536799
1401	140-144	-0.1514651934377511
1401	145-149	-0.18483043116263076
1401	150	-0.06746319148959401
1402	1	-0.03059185545487253
1402	2	0.0026698375555582743
1402	3	-0.06780044576715483
1402	4	-0.0684855666911588
1402	5	-0.024710425005700642
1402	6	-0.08772570755014186
1402	7	-0.05860786214935132
1402	8	-0.039326974679653404
1402	9	-0.05751911694545697
1402	10-14	-0.04908722447662939
1402	15-19	-0.053257590978091685
1402	20-24	-0.06567837061511739
1402	25-29	-0.10925961965968867
1402	30-34	-0.05364243598477003
1402	35-39	-0.07514912611894431
1402	40-44	-0.12143830992543059
1402	45-49	-0.09249005032750546
1402	50-54	-0.13093439470193857
1402	55-59	-0.10537158898328869
1402	60-64	-0.128879444995313
1402	65-69	-0.12213169935778012
1402	70-74	-0.09502650856548911
1402	75-79	-0.1717683646287469
1402	80-84	-0.13147577330139626
1402	85-89	-0.16138603723486256
1402	90-94	-0.18685106343865954
1402	95-99	-0.24751522055318986
1402	100-104	-0.12717365057869756
1402	105-109	-0.16520692494252387
1402	110-114	-0.17278110200167163
1402	115-119	-0.2009082684096981
1402	120-124	-0.16821420007139665
1402	125-129	-0.22368813918238573
1402	130-134	-0.21507380302325885
1402	135-139	-0.16073474652284858
1402	140-144	-0.11948050783865227
1402	145-149	-0.19707819549505246
1402	150	-0.1953582326368135
1403	1	-0.12436608674794059
1403	2	-0.05511422189707815
1403	3	-0.04752011746130336
1403	4	0.04730691981761481
1403	5	-0.058164837843662553
1403	6	-0.03160248832062251
1403	7	-0.09789395841363557
1403	8	-0.08843778428273197
1403	9	-0.0942040967889497
1403	10-14	-0.0379469588111192
1403	15-19	-0.040317632317112384
1403	20-24	-0.045208826234919286
1403	25-29	-0.11822117976362989
1403	30-34	-0.03789029453172077
1403	35-39	-0.04222787503648817
1403	40-44	-0.08921595395192838
1403	45-49	-0.06199152195770097
1403	50-54	-0.1182286707403506
1403	55-59	-0.09616151349336377
1403	60-64	-0.06082590318249714
1403	65-69	-0.10060412659867524
1403	70-74	-0.08448030011498275
1403	75-79	-0.08246780932044118
1403	80-84	-0.11472121471215502
1403	85-89	-0.1272982922707584
1403	90-94	-0.16105918818197296
1403	95-99	-0.1695180402934966
1403	100-104	-0.12895755138391962
1403	105-109	-0.16538472614121957
1403	110-114	-0.13182032014072576
1403	115-119	-0.15539237074671064
1403	120-124	-0.15148926695392362
1403	125-129	-0.11917526688467461
1403	130-134	-0.15019879621393528
1403	135-139	-0.14427583804977218
1403	140-144	-0.1179204667717002
1403	145-149	-0.11721608574186604
1403	150	-0.12988064977783864
1404	1	-0.09009201220273155
1404	2	-0.056769648407467344
1404	3	-0.015928665039410816
1404	4	-0.06992486254038965
1404	5	-0.020483993715274096
1404	6	-0.012299859851452766
1404	7	-0.06552421159963018
1404	8	-0.08318529093394744
1404	9	-0.10333198064010674
1404	10-14	-0.05599493239078157
1404	15-19	-0.05088275282685828
1404	20-24	-0.023052937518130534
1404	25-29	-0.07184719322676614
1404	30-34	-0.024579725797401863
1404	35-39	-0.04589947070020628
1404	40-44	-0.044524557736842496
1404	45-49	-0.036756871197582086
1404	50-54	-0.07495697215530583
1404	55-59	-0.01798479910753059
1404	60-64	-0.05327925430541569
1404	65-69	-0.05601643470834006
1404	70-74	-0.02769468366029315
1404	75-79	-0.0824483911102476
1404	80-84	-0.08965378702511373
1404	85-89	-0.09000810109294832
1404	90-94	-0.07832479580933693
1404	95-99	-0.10227053785839502
1404	100-104	-0.07841426310999111
1404	105-109	-0.10482313512004282
1404	110-114	-0.06027557501919745
1404	115-119	-0.08592727738872696
1404	120-124	-0.09422678406833285
1404	125-129	-0.06856550858356769
1404	130-134	-0.12634169400355688
1404	135-139	-0.03902619961155551
1404	140-144	-0.03167042671863385
1404	145-149	-0.021336775700262933
1404	150	-0.01528800335285041
1405	1	-0.049125044502794424
1405	2	-0.0062666500394570335
1405	3	-0.08126006486807569
1405	4	-0.051891102783130805
1405	5	0.011779211786596022
1405	6	-0.042328288113168355
1405	7	-0.08072232403962687
1405	8	-0.05787193395826051
1405	9	-0.06454702560365888
1405	10-14	-0.046104960292595365
1405	15-19	-0.03698793739519601
1405	20-24	-0.04202770145348467
1405	25-29	-0.06133352229586109
1405	30-34	-0.04527363382192107
1405	35-39	-0.06289023869400268
1405	40-44	-0.03973616642229416
1405	45-49	-0.07218733921100551
1405	50-54	-0.08219641565055014
1405	55-59	-0.054893345293876905
1405	60-64	-0.06303100953520158
1405	65-69	-0.08323745247839298
1405	70-74	-0.08618999586865783
1405	75-79	-0.12584762632301505
1405	80-84	-0.10027279567323433
1405	85-89	-0.1286076502609106
1405	90-94	-0.1161646307914097
1405	95-99	-0.13897075370260836
1405	100-104	-0.11262475668012684
1405	105-109	-0.13705752948798988
1405	110-114	-0.10842457931214255
1405	115-119	-0.14927803140768248
1405	120-124	-0.15670918391135302
1405	125-129	-0.13727317129229277
1405	130-134	-0.16072591583971985
1405	135-139	-0.12596815139836082
1405	140-144	-0.08389319134315798
1405	145-149	-0.13721982259732357
1405	150	-0.1682312138320654
1406	1	0.02710858890581136
1406	2	0.03499815740347145
1406	3	-0.0310609048723407
1406	4	-0.061140144212103564
1406	5	-0.009898402177178411
1406	6	-0.021634173682684832
1406	7	-0.0965912090355232
1406	8	-0.07207236629061953
1406	9	-0.14475158826475365
1406	10-14	-0.05533651304959619
1406	15-19	-0.05843141997591772
1406	20-24	-0.039912406073028706
1406	25-29	-0.0735869698456284
1406	30-34	-0.07020420033934016
1406	35-39	-0.06452720460002581
1406	40-44	-0.06702079396302452
1406	45-49	-0.06111120809123349
1406	50-54	-0.09614394129533821
1406	55-59	-0.03970605388769144
1406	60-64	-0.027443110790812852
1406	65-69	-0.07606131903553859
1406	70-74	-0.04887850987358888
1406	75-79	-0.06766144463738755
1406	80-84	-0.05992204534607026
1406	85-89	-0.061240892676174497
1406	90-94	-0.06614300226009817
1406	95-99	-0.09722744999954358
1406	100-104	-0.07707942402903001
1406	105-109	-0.07375625673439856
1406	110-114	-0.09766879586907606
1406	115-119	-0.1396979799304674
1406	120-124	-0.0679267850445413
1406	125-129	-0.12932221105340602
1406	130-134	-0.09590099615001435
1406	135-139	-0.050133445557712264
1406	140-144	-0.05166571470952874
1406	145-149	-0.07617838885979467
1406	150	-0.1677542662962921
1407	1	-0.02496364440555965
1407	2	-0.04255545822194762
1407	3	0.01638761355185636
1407	4	0.020052618798843014
1407	5	-0.015643767614207604
1407	6	0.00240156785449841
1407	7	0.032456253176384564
1407	8	-0.050448930726822994
1407	9	-0.06598043805468734
1407	10-14	-0.05334070242611233
1407	15-19	-0.028684440011794266
1407	20-24	-0.030070015121779647
1407	25-29	-0.04550664706351171
1407	30-34	0.003048499114868264
1407	35-39	-0.0560165791669931
1407	40-44	-0.04935606785880964
1407	45-49	-0.06287108767392624
1407	50-54	-0.08476001960453061
1407	55-59	-0.06344134495071785
1407	60-64	-0.09670369105311494
1407	65-69	-0.03968983411165539
1407	70-74	-0.058717853876224524
1407	75-79	-0.057261497656668325
1407	80-84	-0.1088915246427078
1407	85-89	-0.09410032472494834
1407	90-94	-0.10541062962847292
1407	95-99	-0.11956332617155141
1407	100-104	-0.05892047574558035
1407	105-109	-0.09988360401113994
1407	110-114	-0.15934453698894657
1407	115-119	-0.11495548858404447
1407	120-124	-0.11680088417920587
1407	125-129	-0.0780039137594315
1407	130-134	-0.12137530053282575
1407	135-139	-0.096886583914781
1407	140-144	-0.049940833540532026
1407	145-149	-0.07487946399398737
1407	150	-0.15973178100108498
1408	1	-0.009324562906641631
1408	2	-0.047190181474739745
1408	3	-0.08608412039328073
1408	4	-0.03428046719762534
1408	5	3.9492639029248267E-4
1408	6	-0.009937911942060396
1408	7	-0.06486405090581115
1408	8	-0.03422313491335416
1408	9	-0.10166837569168763
1408	10-14	-0.022099213515041072
1408	15-19	-0.04306373820055143
1408	20-24	-0.019930127645828577
1408	25-29	-0.05037619818974548
1408	30-34	-0.04241926606862734
1408	35-39	-0.022069097027838325
1408	40-44	-0.06264921605907148
1408	45-49	-0.06326000357086059
1408	50-54	-0.08867732380327453
1408	55-59	-0.10168182745660914
1408	60-64	-0.08562555819057849
1408	65-69	-0.1163481993571196
1408	70-74	-0.09784057560519699
1408	75-79	-0.1271754557003817
1408	80-84	-0.17129568160780195
1408	85-89	-0.15387283166887045
1408	90-94	-0.12669823122849522
1408	95-99	-0.1392924923051666
1408	100-104	-0.12395521662467957
1408	105-109	-0.16643975090080687
1408	110-114	-0.13401837926762283
1408	115-119	-0.14123254283041575
1408	120-124	-0.1900279479494671
1408	125-129	-0.1368700874581421
1408	130-134	-0.15792820645669536
1408	135-139	-0.12400493886877229
1408	140-144	-0.09358015384744789
1408	145-149	-0.06292086875366465
1408	150	-0.20748129983137886
1409	1	-0.0986231372552524
1409	2	-0.010052802123261984
1409	3	-0.05471802865989872
1409	4	-0.05464627833256941
1409	5	-0.06300024426404605
1409	6	-0.016101567752265566
1409	7	-0.18752818631627832
1409	8	-0.13026939725997977
1409	9	-0.06363296393402607
1409	10-14	-0.06045171324794296
1409	15-19	-0.05319139287897201
1409	20-24	-0.061515637965165126
1409	25-29	-0.051610220809038765
1409	30-34	-0.09799184537877892
1409	35-39	-0.07806224526012784
1409	40-44	-0.07576365912988337
1409	45-49	-0.07317769078226632
1409	50-54	-0.10003620685713344
1409	55-59	-0.08363385334210705
1409	60-64	-0.1111397049306504
1409	65-69	-0.10376179793230023
1409	70-74	-0.08681495896370706
1409	75-79	-0.08516101720837099
1409	80-84	-0.09023748502217188
1409	85-89	-0.13823293221468447
1409	90-94	-0.060787137493342414
1409	95-99	-0.11387161225923847
1409	100-104	-0.08889269248322762
1409	105-109	-0.13137924612887275
1409	110-114	-0.09110771640958859
1409	115-119	-0.10360990428934969
1409	120-124	-0.13149348189072896
1409	125-129	-0.09984954976578564
1409	130-134	-0.16134591891021444
1409	135-139	-0.07971474138147983
1409	140-144	-0.07550933268023385
1409	145-149	-0.08818383880007019
1409	150	-0.1761713864881571
1410	1	-0.02526563970123874
1410	2	-0.10008024523019543
1410	3	-0.05467042625764407
1410	4	0.010681548813913366
1410	5	0.009896013531360381
1410	6	-7.029225178030174E-4
1410	7	-0.02250529559159986
1410	8	-0.04218358178047765
1410	9	-0.06413000795951262
1410	10-14	-0.06038598328882472
1410	15-19	-0.027106869046448878
1410	20-24	-0.05879937345974895
1410	25-29	-0.06875085633915745
1410	30-34	-0.0668817725816524
1410	35-39	-0.06106078674126536
1410	40-44	-0.028581024579906966
1410	45-49	-0.05822433001168292
1410	50-54	-0.058737240935883506
1410	55-59	-0.059282068661886456
1410	60-64	-0.022346352638329847
1410	65-69	-0.05885625620466328
1410	70-74	-0.050638983480403965
1410	75-79	-0.09175783188748454
1410	80-84	-0.09431993261708271
1410	85-89	-0.0842033859364264
1410	90-94	-0.05919024962481956
1410	95-99	-0.11484018354895653
1410	100-104	-0.09721039548288957
1410	105-109	-0.09390505418404871
1410	110-114	-0.09158643380297349
1410	115-119	-0.10080413789945197
1410	120-124	-0.04912161169012563
1410	125-129	-0.05739450710221661
1410	130-134	-0.07464603009958637
1410	135-139	-0.07654542847794943
1410	140-144	-0.06881483061130922
1410	145-149	-0.07070285487656491
1410	150	-0.04970518272996571
1411	1	-0.0157707979357653
1411	2	-0.017345624084626365
1411	3	-0.04728729056492398
1411	4	-0.04536004276194916
1411	5	-0.07983194254651949
1411	6	-0.045442594015042914
1411	7	-0.07354469985043721
1411	8	-0.009859336016759812
1411	9	-0.07353386276675877
1411	10-14	-0.05973470200621733
1411	15-19	-0.06666844707490327
1411	20-24	-0.04621868967520726
1411	25-29	-0.09725152495902734
1411	30-34	-0.05386267508905718
1411	35-39	-0.07404360750046379
1411	40-44	-0.08126247929816799
1411	45-49	-0.09722242046606056
1411	50-54	-0.0658104248186433
1411	55-59	-0.08425821594235572
1411	60-64	-0.10935231418765312
1411	65-69	-0.11669134445300955
1411	70-74	-0.10884967108653143
1411	75-79	-0.11865259692643093
1411	80-84	-0.10849267272961072
1411	85-89	-0.13414811349895928
1411	90-94	-0.10986130278956097
1411	95-99	-0.1209489233819454
1411	100-104	-0.14717553387264104
1411	105-109	-0.14583770659966433
1411	110-114	-0.15016306428527315
1411	115-119	-0.15662857668949925
1411	120-124	-0.12031916916692609
1411	125-129	-0.1674826587970344
1411	130-134	-0.14609555327687218
1411	135-139	-0.10508460497426597
1411	140-144	-0.10762175106223992
1411	145-149	-0.07696569704530276
1411	150	-0.04155064998430191
1412	1	-0.0687512508646293
1412	2	-0.005333126112660125
1412	3	-0.053956710399035046
1412	4	-0.039044166861181395
1412	5	0.017179200024528996
1412	6	-0.04473819129216139
1412	7	-0.05170230812483112
1412	8	-0.056060695904854185
1412	9	-0.10406096425128908
1412	10-14	-0.06982806206926995
1412	15-19	-0.07426045844988494
1412	20-24	-0.08623948104197154
1412	25-29	-0.08383807409516209
1412	30-34	-0.0523023320613305
1412	35-39	-0.029376729721825257
1412	40-44	-0.04932059344768902
1412	45-49	-0.08156201740450086
1412	50-54	-0.06377034803307424
1412	55-59	-0.09578418972616021
1412	60-64	-0.0813130998702718
1412	65-69	-0.09583930536376783
1412	70-74	-0.09517006876945544
1412	75-79	-0.08505229466277342
1412	80-84	-0.1038751562477529
1412	85-89	-0.13651768726340663
1412	90-94	-0.1251187791398607
1412	95-99	-0.09248431068320428
1412	100-104	-0.08570093285665337
1412	105-109	-0.09830502854882184
1412	110-114	-0.13553669219916742
1412	115-119	-0.10964443174758998
1412	120-124	-0.16165085966961357
1412	125-129	-0.15234738632445044
1412	130-134	-0.1711792954531859
1412	135-139	-0.12157218746710186
1412	140-144	-0.17862049745811248
1412	145-149	-0.11322336081864393
1412	150	-0.1889877786848544
1413	1	-0.028473367093262425
1413	2	0.011177692565880193
1413	3	0.029704225431103737
1413	4	-0.05700797062350205
1413	5	-0.0466830707562238
1413	6	-0.12165242806199217
1413	7	-0.06671938032547331
1413	8	-0.07755212598634387
1413	9	-0.10971452771590862
1413	10-14	-0.08669400167477193
1413	15-19	-0.06119476167695126
1413	20-24	-0.05069679036499508
1413	25-29	-0.0942828790674497
1413	30-34	-0.05675752251011801
1413	35-39	-0.040917890499791554
1413	40-44	-0.08594155168759698
1413	45-49	-0.06323361165085828
1413	50-54	-0.07149347701176367
1413	55-59	-0.08808637949887554
1413	60-64	-0.07039674362765425
1413	65-69	-0.09286232298184416
1413	70-74	-0.058482778992150486
1413	75-79	-0.10610139478466607
1413	80-84	-0.0849447029074284
1413	85-89	-0.0802686991904551
1413	90-94	-0.06720069278256346
1413	95-99	-0.06384949716059651
1413	100-104	-0.08513112328299854
1413	105-109	-0.08115347187956701
1413	110-114	-0.09687118792056282
1413	115-119	-0.09319902283628068
1413	120-124	-0.09174917483539957
1413	125-129	-0.12697650103307012
1413	130-134	-0.12892371193527907
1413	135-139	-0.10279801606513672
1413	140-144	-0.07377899553540601
1413	145-149	-0.07023910004387801
1413	150	-0.004799249156633323
1414	1	-0.0440636730996431
1414	2	6.019037031919083E-4
1414	3	0.006713423922825257
1414	4	-0.08522197785048036
1414	5	-0.03476575485434097
1414	6	0.005111051200096028
1414	7	-0.05698463370739404
1414	8	-0.057342256938724745
1414	9	-0.024010021365533873
1414	10-14	-0.043154493955576356
1414	15-19	-0.04449778929259196
1414	20-24	-0.05842073536208403
1414	25-29	-0.07231757013212814
1414	30-34	-0.031336050781106906
1414	35-39	-0.0577323288068925
1414	40-44	-0.05859359611489623
1414	45-49	-0.06461886956483909
1414	50-54	-0.0488872129732556
1414	55-59	-0.07451335288278926
1414	60-64	-0.05315829616862544
1414	65-69	-0.03893692232558266
1414	70-74	-0.07666775193174402
1414	75-79	-0.0709660215669885
1414	80-84	-0.06395562702468993
1414	85-89	-0.07010506729740484
1414	90-94	-0.10467902532644757
1414	95-99	-0.03921079148059903
1414	100-104	-0.08986810479080987
1414	105-109	-0.07057153744086975
1414	110-114	-0.06413247070278061
1414	115-119	-0.0726198616184277
1414	120-124	-0.06305450763524334
1414	125-129	-0.10094648677544882
1414	130-134	-0.09397716687903568
1414	135-139	-0.04204130939390183
1414	140-144	-0.08063838374806664
1414	145-149	-0.04075339755441121
1414	150	-0.004356423627221773
1415	1	-0.07943403185094411
1415	2	0.01806866097894755
1415	3	-0.045989074572666766
1415	4	-0.028707711779667022
1415	5	-0.032246963631401115
1415	6	-0.04967003624444288
1415	7	-0.03338626879490647
1415	8	-0.12371105654211334
1415	9	-0.022570585851894975
1415	10-14	-0.04755302901048708
1415	15-19	-0.08558342518958284
1415	20-24	-0.07080868246830363
1415	25-29	-0.08118823508676343
1415	30-34	-0.09771810594011754
1415	35-39	-0.06575642917442792
1415	40-44	-0.039722586515821945
1415	45-49	-0.06739126018662489
1415	50-54	-0.018451267205570332
1415	55-59	-0.02938577405125642
1415	60-64	-0.03784556079046553
1415	65-69	-0.0442507269852328
1415	70-74	-0.04273975080768366
1415	75-79	-0.01660320876164434
1415	80-84	-0.04998491944608219
1415	85-89	-0.05718997325512731
1415	90-94	-0.03890634867922671
1415	95-99	-0.03009874580371985
1415	100-104	-0.0010805315501869472
1415	105-109	-0.0539039075371619
1415	110-114	-0.04804920460457396
1415	115-119	-0.06365927097444057
1415	120-124	-0.07787023626515577
1415	125-129	-0.0493690727104763
1415	130-134	-0.04496290596315333
1415	135-139	-0.017348883942410964
1415	140-144	-0.020760977017836524
1415	145-149	-0.06084814826601814
1415	150	0.10894505513310548
1416	1	-0.1323295377990803
1416	2	-0.04113137984248283
1416	3	-0.05284988934720758
1416	4	-0.10304036065030431
1416	5	-0.01898158389536775
1416	6	-0.03942772941160655
1416	7	-0.06934413826839858
1416	8	-0.10828249315717642
1416	9	-0.03431343198503356
1416	10-14	-0.0765049565031859
1416	15-19	-0.06523602078122792
1416	20-24	-0.07399201465792515
1416	25-29	-0.09038505594229918
1416	30-34	-0.07985662077923905
1416	35-39	-0.04509529803384282
1416	40-44	-0.07490674921032081
1416	45-49	-0.07847118044408319
1416	50-54	-0.1024621482269481
1416	55-59	-0.0849302210177143
1416	60-64	-0.11435434355536955
1416	65-69	-0.12842193767481547
1416	70-74	-0.14481590740007277
1416	75-79	-0.13612503502776718
1416	80-84	-0.1251999797368697
1416	85-89	-0.13946379704380973
1416	90-94	-0.13994120700953516
1416	95-99	-0.17347027884180477
1416	100-104	-0.14240300497665714
1416	105-109	-0.15028480662906674
1416	110-114	-0.14971454281536722
1416	115-119	-0.18755110123472463
1416	120-124	-0.15493450713642432
1416	125-129	-0.17675264806911883
1416	130-134	-0.18877974444932022
1416	135-139	-0.19681757197346172
1416	140-144	-0.1570445381241683
1416	145-149	-0.21013551526647234
1416	150	-0.20519622570950702
1417	1	-0.06110431659703863
1417	2	-0.04564633697759035
1417	3	-0.11687353133883249
1417	4	-0.10496373380306778
1417	5	-0.04446356952495023
1417	6	-0.07166837198688114
1417	7	-0.12283397943819097
1417	8	-0.09663649933665397
1417	9	-0.05984252447606053
1417	10-14	-0.09889725019750983
1417	15-19	-0.07514019129298077
1417	20-24	-0.05875167309549312
1417	25-29	-0.058939954043083276
1417	30-34	-0.04012075837272988
1417	35-39	-0.051775851803249395
1417	40-44	-0.046613049234856874
1417	45-49	-0.05122405360932447
1417	50-54	-0.06771198182195093
1417	55-59	-0.0813502879754111
1417	60-64	-0.059171199144110176
1417	65-69	-0.06720666544190834
1417	70-74	-0.05214060039288171
1417	75-79	-0.07014056992853313
1417	80-84	-0.0824884239997914
1417	85-89	-0.09239320788300631
1417	90-94	-0.04807708015640344
1417	95-99	-0.0985384778004601
1417	100-104	-0.08919255460209286
1417	105-109	-0.06948184191163165
1417	110-114	-0.07464090301421322
1417	115-119	-0.0842804247378055
1417	120-124	-0.07629183953139318
1417	125-129	-0.07587589516391802
1417	130-134	-0.11856715589430422
1417	135-139	-0.029860444399126607
1417	140-144	-0.11051883402968343
1417	145-149	-0.07704426409409137
1417	150	0.010018654594311727
1418	1	-0.027607639212568813
1418	2	-0.0038217259145412186
1418	3	-0.00773686002402485
1418	4	-0.09788221543693254
1418	5	-0.027789123999376386
1418	6	-0.021430008093062725
1418	7	4.156274837185947E-4
1418	8	-0.044476193954714915
1418	9	-0.06869963630680331
1418	10-14	-0.04331252092457305
1418	15-19	-0.08016238561199884
1418	20-24	-0.04088268729808675
1418	25-29	-0.03313686776582614
1418	30-34	-0.024076987728491872
1418	35-39	-0.020955149826562547
1418	40-44	-0.05963994107371917
1418	45-49	-0.037989038340462855
1418	50-54	-0.05241462205536607
1418	55-59	-0.02762946438961933
1418	60-64	-0.028520289640887597
1418	65-69	-0.031293963176594275
1418	70-74	-0.04721410162012063
1418	75-79	-0.07389729133007705
1418	80-84	-0.05277946359333896
1418	85-89	-0.09509459343082227
1418	90-94	-0.054308701253816594
1418	95-99	-0.05140604806129545
1418	100-104	-0.06762270176756147
1418	105-109	-0.0863461922762383
1418	110-114	-0.060512961041382596
1418	115-119	-0.0635931188047465
1418	120-124	-0.07076054346802607
1418	125-129	-0.05161462906293934
1418	130-134	-0.055944345211599966
1418	135-139	-0.07850844516046607
1418	140-144	-0.010353740034943826
1418	145-149	-0.03266420798563274
1418	150	-0.07060382431826895
1419	1	-0.040552745868062345
1419	2	-0.012290814768029179
1419	3	-0.08625781080703376
1419	4	-0.043202966309436874
1419	5	-0.056346573776068
1419	6	-0.06643241080573858
1419	7	-0.09191351319864083
1419	8	-0.10378163418306485
1419	9	-0.07589226714645747
1419	10-14	-0.07661634852550492
1419	15-19	-0.05898596098670339
1419	20-24	-0.04551991374722064
1419	25-29	-0.09442092911059063
1419	30-34	-0.06504052509855995
1419	35-39	-0.05858829602178872
1419	40-44	-0.07365509784808921
1419	45-49	-0.08138719232385228
1419	50-54	-0.08764533205921055
1419	55-59	-0.09084738036169426
1419	60-64	-0.08351149772602184
1419	65-69	-0.09941970003102085
1419	70-74	-0.08933696363408927
1419	75-79	-0.08912123947837358
1419	80-84	-0.1510706735717875
1419	85-89	-0.12610131351314635
1419	90-94	-0.10682105516393392
1419	95-99	-0.08966485522789469
1419	100-104	-0.08257719748490189
1419	105-109	-0.11794380837654472
1419	110-114	-0.11281596790331605
1419	115-119	-0.09451049824611601
1419	120-124	-0.07732294532719663
1419	125-129	-0.0631283560805116
1419	130-134	-0.012409475524570723
1419	135-139	-0.026594392251503507
1419	140-144	-0.00551324920235885
1419	145-149	-0.01826325880143287
1419	150	0.05663302004094817
1420	1	-0.05188316019719963
1420	2	6.300749673613382E-4
1420	3	0.012425415181887445
1420	4	-0.06162610735366769
1420	5	-0.01702617905414172
1420	6	-0.010916733987002658
1420	7	-0.09975657674485916
1420	8	-0.08664310559508692
1420	9	-0.07428633748657631
1420	10-14	-0.06816643999798089
1420	15-19	-0.06319257302050119
1420	20-24	-0.045874514281614154
1420	25-29	-0.05255258741762958
1420	30-34	-0.07285081846683994
1420	35-39	-0.09721344027143175
1420	40-44	-0.039199523158700345
1420	45-49	-0.06600998323077079
1420	50-54	-0.04701782969333834
1420	55-59	-0.0626597645293856
1420	60-64	-0.06517413673971362
1420	65-69	-0.0322266698397371
1420	70-74	-0.058953328196956534
1420	75-79	-0.059626814346771084
1420	80-84	-0.03550440943175204
1420	85-89	-0.05861114396984135
1420	90-94	-0.026111794426206814
1420	95-99	-0.04058312430376532
1420	100-104	-0.03657470571026522
1420	105-109	-0.027229774124187145
1420	110-114	-0.03593255980480592
1420	115-119	-0.019883017361067346
1420	120-124	-0.025139647138871624
1420	125-129	-0.04477574371496473
1420	130-134	-0.024820255552661763
1420	135-139	0.007031891674756707
1420	140-144	-0.040384119664693685
1420	145-149	-0.013971630472049412
1420	150	0.013584749067618418
1421	1	-0.035649181878483205
1421	2	-0.05208278299100755
1421	3	-0.017942291811273492
1421	4	-0.019878142991167636
1421	5	-0.0063190240048811575
1421	6	0.0074579653180322225
1421	7	-0.012875965783798904
1421	8	-0.02751589493677642
1421	9	-0.059980783114397695
1421	10-14	-0.05104294418285349
1421	15-19	-0.025605630637478782
1421	20-24	-0.04319119330268961
1421	25-29	-0.021254323567205802
1421	30-34	-0.006892897302165579
1421	35-39	-0.02285026038838822
1421	40-44	-0.04793891895706537
1421	45-49	-0.052119366617937146
1421	50-54	-0.06652785664583405
1421	55-59	-0.07172009096980503
1421	60-64	-0.06733175628637866
1421	65-69	-0.01938703007728293
1421	70-74	-0.09608216338912001
1421	75-79	-0.02134064077725384
1421	80-84	-0.09070305981899907
1421	85-89	-0.10715715775565826
1421	90-94	-0.07074202836476928
1421	95-99	-0.06156062791778538
1421	100-104	-0.06163640675626425
1421	105-109	-0.09429575803221013
1421	110-114	-0.08373233884547915
1421	115-119	-0.13957026619023338
1421	120-124	-0.11804196777982412
1421	125-129	-0.1320572339691779
1421	130-134	-0.1142417567696441
1421	135-139	-0.09955542276058793
1421	140-144	-0.07100757713853767
1421	145-149	-0.05606296222061502
1421	150	-0.040925178481579394
1422	1	-0.07719717250344615
1422	2	-0.041500224564259725
1422	3	-0.04080092216589293
1422	4	-0.0650902842497274
1422	5	0.0075089996634361
1422	6	-0.03434374342687363
1422	7	-0.028830801938681816
1422	8	-0.06959573719551315
1422	9	-0.05411865298236762
1422	10-14	-0.04679631710121157
1422	15-19	-0.03632031733451413
1422	20-24	0.0036045387201184553
1422	25-29	2.1006304621806748E-4
1422	30-34	-0.03776528962226422
1422	35-39	-0.039839441933295916
1422	40-44	-0.05885502374293594
1422	45-49	-0.06823258798738152
1422	50-54	-0.059821215266630645
1422	55-59	-0.0924433188963576
1422	60-64	-0.05826095627768524
1422	65-69	-0.08158326782547931
1422	70-74	-0.09724714004717327
1422	75-79	-0.11131032172924193
1422	80-84	-0.08510991485369601
1422	85-89	-0.08149499861029597
1422	90-94	-0.09891269992828455
1422	95-99	-0.0634286134671953
1422	100-104	-0.09700231272005766
1422	105-109	-0.09033087627935288
1422	110-114	-0.10728688515221307
1422	115-119	-0.1144574474668687
1422	120-124	-0.1257842495748065
1422	125-129	-0.12079588006847075
1422	130-134	-0.06900088732499654
1422	135-139	-0.015213626730947283
1422	140-144	-0.01596544187156468
1422	145-149	-0.0464405881675134
1422	150	0.06528523041270518
1423	1	-0.04849446601556906
1423	2	0.012401507508997156
1423	3	-0.11231484581417561
1423	4	-0.04472704545824513
1423	5	-0.04682319405221591
1423	6	0.030082275405504788
1423	7	-0.07827210521568873
1423	8	0.007579389288927985
1423	9	-0.09157612706665219
1423	10-14	-0.0755217901737808
1423	15-19	-0.06969892315117932
1423	20-24	-0.0676987505719353
1423	25-29	-0.058905762268089745
1423	30-34	-0.029805986135926332
1423	35-39	-0.024120610393048025
1423	40-44	-0.050803347490969486
1423	45-49	-0.06945612261920786
1423	50-54	-0.02787446522356163
1423	55-59	-0.027082737454918515
1423	60-64	-0.0970870263124084
1423	65-69	0.01479477469949586
1423	70-74	-0.05439388351016561
1423	75-79	-0.02781226924905411
1423	80-84	-0.022331120450132858
1423	85-89	-0.021116829397882952
1423	90-94	-0.03200906062171072
1423	95-99	-0.0364002966959589
1423	100-104	-0.04934340709761642
1423	105-109	-0.05262077041173541
1423	110-114	-0.02879313054657473
1423	115-119	0.0011738025381831108
1423	120-124	0.003509036742734395
1423	125-129	-0.0014943617637896978
1423	130-134	-0.0064268303786292336
1423	135-139	-0.004677833827400946
1423	140-144	0.05188853305038066
1423	145-149	0.0026592582883822047
1423	150	-0.02663334216138935
1424	1	-0.0803655199675859
1424	2	-0.040683464616556364
1424	3	-0.026218261496318007
1424	4	-0.04356090694374615
1424	5	0.006507026716285225
1424	6	0.01884806295149133
1424	7	-0.0609011313138339
1424	8	-0.02782549904780751
1424	9	-0.0838614383544396
1424	10-14	-0.06296316349462927
1424	15-19	-0.046853055036272906
1424	20-24	-0.045693489621839944
1424	25-29	-0.04886852776406414
1424	30-34	-0.045336861795220784
1424	35-39	-0.059282897555775094
1424	40-44	-0.05469992089696518
1424	45-49	-0.04643180078716114
1424	50-54	-0.032268548130481634
1424	55-59	-0.06188858227925209
1424	60-64	-0.012908318581345668
1424	65-69	-0.06679256181259063
1424	70-74	-0.06818615916176896
1424	75-79	-0.05874003717336507
1424	80-84	-0.02169751673508813
1424	85-89	-0.03431585734746534
1424	90-94	-0.02352835897087857
1424	95-99	-0.038161579072678364
1424	100-104	-0.04138404216816838
1424	105-109	-0.08266904199911806
1424	110-114	-0.045240710214365265
1424	115-119	-0.10439860081801555
1424	120-124	-0.06111410589233657
1424	125-129	-0.027374587049095567
1424	130-134	-0.06190107166859349
1424	135-139	-0.03543609218638011
1424	140-144	-0.056096787807653925
1424	145-149	-0.07684523570069501
1424	150	-0.039723645001423336
1425	1	-0.04788935762403668
1425	2	-0.05748518694212379
1425	3	-0.09348032624674829
1425	4	-0.041993108115910616
1425	5	-0.10683203705748667
1425	6	-0.08175860085882647
1425	7	-0.07437671440388982
1425	8	-0.08420132368569
1425	9	-0.08655793879398033
1425	10-14	-0.08939461598387766
1425	15-19	-0.09641373605388281
1425	20-24	-0.10703574328164933
1425	25-29	-0.07517855878473512
1425	30-34	-0.11171313883629352
1425	35-39	-0.10899746662398968
1425	40-44	-0.11069402368828918
1425	45-49	-0.11981961765789606
1425	50-54	-0.09302292601843476
1425	55-59	-0.11740743108167351
1425	60-64	-0.11261784024924992
1425	65-69	-0.1207554984592889
1425	70-74	-0.12073245287079004
1425	75-79	-0.1556759192220909
1425	80-84	-0.12496714992480662
1425	85-89	-0.11042380607155167
1425	90-94	-0.12124929361814196
1425	95-99	-0.1247472921798547
1425	100-104	-0.1247680890122993
1425	105-109	-0.13519706216742833
1425	110-114	-0.11376081066561738
1425	115-119	-0.13294236816567917
1425	120-124	-0.04657007065100771
1425	125-129	-0.11449828738786039
1425	130-134	-0.12997866857379847
1425	135-139	-0.09729124687722646
1425	140-144	-0.10237270230521034
1425	145-149	-0.10668908563412316
1425	150	-0.008368378096847096
1426	1	-0.0661679974542082
1426	2	-0.0042724381326095795
1426	3	-0.046172535769507306
1426	4	-0.12409500507818905
1426	5	-0.07040689257375021
1426	6	0.015332503126998631
1426	7	-0.10729786287134857
1426	8	-0.10380596415150478
1426	9	-0.052813940417507865
1426	10-14	-0.09901505813606803
1426	15-19	-0.09489627351415209
1426	20-24	-0.0776957263043343
1426	25-29	-0.06721744121437467
1426	30-34	-0.09246574611454861
1426	35-39	-0.11488375795703121
1426	40-44	-0.1152382579054958
1426	45-49	-0.08989595298979935
1426	50-54	-0.07046242701593286
1426	55-59	-0.08619735269010675
1426	60-64	-0.11276753384851901
1426	65-69	-0.12422191015333794
1426	70-74	-0.10753860350400402
1426	75-79	-0.1332863198160723
1426	80-84	-0.0929495628937147
1426	85-89	-0.06741064127761831
1426	90-94	-0.09897995689112804
1426	95-99	-0.07587204593505703
1426	100-104	-0.11204913954954066
1426	105-109	-0.1598569548947637
1426	110-114	-0.13011667805304228
1426	115-119	-0.12314777220832696
1426	120-124	-0.1254879926242083
1426	125-129	-0.1842522504373889
1426	130-134	-0.07994009636679067
1426	135-139	-0.1150076953375816
1426	140-144	-0.12589390807894318
1426	145-149	-0.15610424443548254
1426	150	-0.1263175292981984
1427	1	-0.1491331678971477
1427	2	-0.06562369532201018
1427	3	-0.06294491658925239
1427	4	-0.08857306651814412
1427	5	-0.025072805652420982
1427	6	-0.1200989778311552
1427	7	-0.13696362946910057
1427	8	-0.0801126528308771
1427	9	-0.11505273676801409
1427	10-14	-0.08898631632604292
1427	15-19	-0.05996303501031974
1427	20-24	-0.07191073054777775
1427	25-29	-0.08956345258399523
1427	30-34	-0.07827828028403871
1427	35-39	-0.10684113516432348
1427	40-44	-0.10604242914123319
1427	45-49	-0.10197813194081107
1427	50-54	-0.10610681461074734
1427	55-59	-0.12906789195172763
1427	60-64	-0.1296090356340045
1427	65-69	-0.09830724497943066
1427	70-74	-0.11191157727850509
1427	75-79	-0.1310403030829974
1427	80-84	-0.0988372485357516
1427	85-89	-0.15127391553632208
1427	90-94	-0.08345045540851714
1427	95-99	-0.12692334175034148
1427	100-104	-0.11507791426142688
1427	105-109	-0.10979321991975866
1427	110-114	-0.15128579410603749
1427	115-119	-0.10025896114211719
1427	120-124	-0.07116729676321398
1427	125-129	-0.12191555976137636
1427	130-134	-0.10033326918407681
1427	135-139	-0.13172772162301527
1427	140-144	-0.0530657220851225
1427	145-149	-0.0920757667418286
1427	150	-0.04493128795803614
1428	1	-0.1465201182347613
1428	2	-0.07526895684453194
1428	3	-0.06522395669608017
1428	4	-0.03676556301933687
1428	5	-0.048873795162414524
1428	6	-0.13465077374329582
1428	7	-0.09702033084565187
1428	8	-0.07971890317861607
1428	9	-0.08767465293072263
1428	10-14	-0.09941508259139908
1428	15-19	-0.08288554194017195
1428	20-24	-0.07270086911626805
1428	25-29	-0.06541022833072674
1428	30-34	-0.05741982044436611
1428	35-39	-0.052779664566443785
1428	40-44	-0.08551309265219942
1428	45-49	-0.06232012348660021
1428	50-54	-0.059966631174773966
1428	55-59	-0.074736110790937
1428	60-64	-0.06543647342227388
1428	65-69	-0.07102592226591753
1428	70-74	-0.04439278500569799
1428	75-79	-0.10319813677512713
1428	80-84	-0.12287224089615023
1428	85-89	-0.09795707403624476
1428	90-94	-0.09253184174968965
1428	95-99	-0.096629441874029
1428	100-104	-0.1073364537070205
1428	105-109	-0.14616459574667573
1428	110-114	-0.1333803496611239
1428	115-119	-0.10875714147660887
1428	120-124	-0.08560253707176457
1428	125-129	-0.13812788070158177
1428	130-134	-0.13521827573944023
1428	135-139	-0.09606013763379906
1428	140-144	-0.07280584731463335
1428	145-149	-0.06620177804357752
1428	150	0.06754094627164875
1429	1	-0.020754530934816273
1429	2	-0.03681912203319371
1429	3	-0.007813172225965559
1429	4	-0.028290393052493812
1429	5	-0.03170448504602774
1429	6	-0.09592107384202109
1429	7	-0.005225479501078212
1429	8	-0.04248499057124633
1429	9	-0.01761461306701051
1429	10-14	-0.04317919260603986
1429	15-19	-0.04113240091260195
1429	20-24	-0.04006069586576899
1429	25-29	-0.02503022255380216
1429	30-34	-0.045548079848757084
1429	35-39	-0.03404149326745198
1429	40-44	-0.09612698516963292
1429	45-49	-0.07454192896491918
1429	50-54	-0.07193364805002744
1429	55-59	-0.08518772466764801
1429	60-64	-0.054185609397187307
1429	65-69	-0.06210828523261824
1429	70-74	-0.0926484243411494
1429	75-79	-0.06651942764656837
1429	80-84	-0.04609048105848501
1429	85-89	-0.07737021239092456
1429	90-94	-0.07223759899491711
1429	95-99	-0.079378830769393
1429	100-104	-0.06332599774606962
1429	105-109	-0.08435662415423906
1429	110-114	-0.08479048889670082
1429	115-119	-0.05594652715296888
1429	120-124	-0.06457511244853009
1429	125-129	-0.029637478026373287
1429	130-134	-0.027074021991261077
1429	135-139	-0.023885697256190497
1429	140-144	-0.04424954880527565
1429	145-149	-0.01769099084307868
1429	150	0.012820674842025426
1430	1	-0.006222307567718133
1430	2	-0.01918495525208641
1430	3	0.007804179515503051
1430	4	0.032101023930962924
1430	5	0.048315603594744516
1430	6	-0.05664159837057525
1430	7	-0.054686815142332534
1430	8	-0.021334184279865553
1430	9	-0.005892639594215154
1430	10-14	-0.04912029418994024
1430	15-19	-0.03858223056173671
1430	20-24	-0.042055307545943776
1430	25-29	-0.03644429203708199
1430	30-34	-0.05667191546664441
1430	35-39	-0.030052720857192128
1430	40-44	-0.053819961185517684
1430	45-49	-0.028026104517294925
1430	50-54	-0.04675416026348955
1430	55-59	-0.04809409932512665
1430	60-64	-0.06535414841168574
1430	65-69	-0.07591977164992869
1430	70-74	-0.030513159541015966
1430	75-79	-0.03492818876467396
1430	80-84	-0.04846218196901475
1430	85-89	-0.01987009765080927
1430	90-94	-0.05606763162561634
1430	95-99	-0.03351955408328422
1430	100-104	-0.059384990446339714
1430	105-109	-0.047536001636004244
1430	110-114	-0.023097796030008055
1430	115-119	-0.05770314397808818
1430	120-124	-0.02097917810792893
1430	125-129	-0.013189618584199536
1430	130-134	-0.001984000333493441
1430	135-139	0.001563506165652484
1430	140-144	-0.020705419732209407
1430	145-149	-0.04033059706157616
1430	150	0.08358186765372722
1431	1	-0.03710023804821816
1431	2	0.021452330942295816
1431	3	-0.04035485487661816
1431	4	-0.007760945696780652
1431	5	-0.01848197478801694
1431	6	-0.07761082573475164
1431	7	-0.07000516046186789
1431	8	-0.027207726497003648
1431	9	-0.004449993390188922
1431	10-14	-0.03486658756818173
1431	15-19	-0.013701178164325256
1431	20-24	-0.005004572002590635
1431	25-29	1.084728765263776E-4
1431	30-34	9.195198030198526E-4
1431	35-39	-0.04378020865193122
1431	40-44	-0.05247898245649196
1431	45-49	-0.043718800580222705
1431	50-54	-0.042502824324650135
1431	55-59	-0.01659038902737109
1431	60-64	0.013349518501946989
1431	65-69	0.009306211117667829
1431	70-74	-0.018320198555095146
1431	75-79	-0.0344862293279391
1431	80-84	-0.011546616475641258
1431	85-89	-0.034536959305384585
1431	90-94	-0.04699751062374702
1431	95-99	-0.0112424127002555
1431	100-104	-0.0077849540325658495
1431	105-109	-0.03883352139517626
1431	110-114	-0.03519846221469436
1431	115-119	-0.028377645426836295
1431	120-124	-0.037157276897154645
1431	125-129	-0.007459861703019044
1431	130-134	-0.014489502119616304
1431	135-139	-0.006431964418752045
1431	140-144	-0.03578906951408811
1431	145-149	-0.029628269895908943
1431	150	-0.008057201449240381
1432	1	-0.07774363773063442
1432	2	-0.007592707700112555
1432	3	-0.07680608373461695
1432	4	-0.032540702881654227
1432	5	-0.023088360076066294
1432	6	-0.03600541592768991
1432	7	0.0021822135454243607
1432	8	-0.0795350598922866
1432	9	-0.01925525265580319
1432	10-14	-0.06055697566813478
1432	15-19	-0.03792595917957442
1432	20-24	-0.04319119330268961
1432	25-29	-0.07635357065824877
1432	30-34	-0.04351165158006154
1432	35-39	-0.035033696391124636
1432	40-44	-0.03685062326917432
1432	45-49	-0.08203038646735195
1432	50-54	-0.07337248361367443
1432	55-59	-0.11018689452900787
1432	60-64	-0.0504255276758343
1432	65-69	-0.06127614712040241
1432	70-74	-0.0628857225951478
1432	75-79	-0.030923118532214744
1432	80-84	-0.08112058206403105
1432	85-89	-0.017971668364836546
1432	90-94	0.009545445967887645
1432	95-99	-0.03876802011490099
1432	100-104	-0.07046597554477074
1432	105-109	-0.06349493667697459
1432	110-114	-0.0738760760118069
1432	115-119	-0.04011783634766175
1432	120-124	-0.023723008163116788
1432	125-129	-0.007074345536601356
1432	130-134	-0.00965585670120106
1432	135-139	-0.009617024403297592
1432	140-144	-0.007215653798361643
1432	145-149	0.02114442997651622
1432	150	0.0025382027641427385
1433	1	0.014092652832552233
1433	2	-0.07274758932316416
1433	3	-0.03325249381552453
1433	4	-0.0406735237454825
1433	5	0.02038063727383843
1433	6	0.013992653536497812
1433	7	0.031987580434986285
1433	8	-0.03295193277528341
1433	9	-0.014771495482108321
1433	10-14	-0.04228666555388827
1433	15-19	-0.057061991752988206
1433	20-24	-0.03590366631905795
1433	25-29	-0.061674337958478986
1433	30-34	-0.04523305771214581
1433	35-39	-0.06251322393636372
1433	40-44	-0.09663889614164134
1433	45-49	-0.057645121720689474
1433	50-54	-0.055533771105551466
1433	55-59	-0.06629795298914587
1433	60-64	0.002656625398103074
1433	65-69	-0.03631242364333076
1433	70-74	-0.024498457111370442
1433	75-79	-0.05325436337680145
1433	80-84	-0.034861504158136825
1433	85-89	-0.04675357046910733
1433	90-94	-0.024447007392126352
1433	95-99	-0.05319368571100114
1433	100-104	-0.037994644001557276
1433	105-109	0.014663051353700496
1433	110-114	-0.012759243494556927
1433	115-119	-0.004908232809519575
1433	120-124	-0.018304310046268313
1433	125-129	0.01154556706277532
1433	130-134	-0.009106952719022843
1433	135-139	-0.0010340727895368218
1433	140-144	0.010087703578918195
1433	145-149	0.015084793970267185
1433	150	0.1255143869723625
1434	1	-0.056249419179344784
1434	2	-0.05870147941367776
1434	3	-0.0550436649046091
1434	4	-0.0402999146432208
1434	5	-0.03998792943249185
1434	6	-0.01521791662283789
1434	7	-0.017223962818306404
1434	8	-0.04877290707823079
1434	9	-0.07263944663279176
1434	10-14	-0.02609724839293648
1434	15-19	-0.05711254545818889
1434	20-24	-0.0445397512967034
1434	25-29	-0.0667064839697531
1434	30-34	-0.043876765259078354
1434	35-39	-0.090686157475524
1434	40-44	-0.0244538195694588
1434	45-49	-0.05908543051582882
1434	50-54	-0.05056626212286375
1434	55-59	-0.0685235191160416
1434	60-64	-0.03723876405326365
1434	65-69	-0.0488494830418702
1434	70-74	-0.08188919119280058
1434	75-79	-0.08414674655761445
1434	80-84	-0.05781351145929392
1434	85-89	-0.08466179591434297
1434	90-94	-0.04613205816256283
1434	95-99	-0.1092890725084743
1434	100-104	-0.04133575324021166
1434	105-109	-0.06522970779522552
1434	110-114	-0.08334284332294573
1434	115-119	-0.03887812882115327
1434	120-124	-0.05825440507036461
1434	125-129	-0.06586179218139421
1434	130-134	-0.07600400085326697
1434	135-139	-0.018894309959080147
1434	140-144	-0.07495063484842035
1434	145-149	-0.04068936566726933
1434	150	-0.06129659247618946
1435	1	-0.16325349955953072
1435	2	-0.014718316037004797
1435	3	-0.03532913480335509
1435	4	-0.07069478221178827
1435	5	-0.03720927498773108
1435	6	-0.013531331306303684
1435	7	-0.0060890954504699835
1435	8	0.026322487560726415
1435	9	-0.030035016128415748
1435	10-14	-0.03883857140010605
1435	15-19	-0.046175842327194516
1435	20-24	-0.043171653860618164
1435	25-29	-0.05488086497649647
1435	30-34	-0.08683669637056113
1435	35-39	-0.06912913783229868
1435	40-44	-0.08926889122689374
1435	45-49	-0.09151691368435166
1435	50-54	-0.07248442878026395
1435	55-59	-0.11824205863586457
1435	60-64	-0.08577654711537264
1435	65-69	-0.07258144938905531
1435	70-74	-0.11251634795743826
1435	75-79	-0.12302033412678526
1435	80-84	-0.05655070014607588
1435	85-89	-0.08939960101034217
1435	90-94	-0.09210758151612453
1435	95-99	-0.06845115743666241
1435	100-104	-0.07885466092691473
1435	105-109	-0.06828046975790869
1435	110-114	-0.0816979545510037
1435	115-119	-0.09635039436803794
1435	120-124	-0.08875138926095616
1435	125-129	-0.059419229963950215
1435	130-134	-0.061998575254747834
1435	135-139	-0.011682662489512552
1435	140-144	0.007665762282528021
1435	145-149	-0.0554479937969532
1435	150	0.03350006731598398
1436	1	-0.03390968299586916
1436	2	0.044382526937383204
1436	3	0.031491361363116255
1436	4	-0.015181141731360981
1436	5	-0.0014094566901690087
1436	6	-0.08429900649429811
1436	7	-0.02592185312662565
1436	8	-0.07230427125805505
1436	9	-0.0651213388754357
1436	10-14	-0.04962711254650998
1436	15-19	-0.04510913301751884
1436	20-24	-0.01811463409524805
1436	25-29	-0.01634461454179359
1436	30-34	-0.03078532187310401
1436	35-39	-0.010526814210820135
1436	40-44	-0.04490942754259919
1436	45-49	-0.0220632350083676
1436	50-54	-0.041773405866926794
1436	55-59	-0.039655918694933234
1436	60-64	-0.05681696381461876
1436	65-69	-0.016607799764791764
1436	70-74	-0.020464056729132096
1436	75-79	-0.0656535776890621
1436	80-84	-0.014958547211705309
1436	85-89	-0.06673063688096192
1436	90-94	-0.0511780155144308
1436	95-99	-0.040713991492175694
1436	100-104	-0.051497431069577715
1436	105-109	-0.034473860044080595
1436	110-114	-0.03182427508133401
1436	115-119	-0.0058544556687749605
1436	120-124	-0.03435017722257072
1436	125-129	-0.024088132570923904
1436	130-134	0.032771902725045265
1436	135-139	0.009140371124026103
1436	140-144	-0.0024877596052448325
1436	145-149	-6.652723884954526E-4
1436	150	2.4603213879004215E-4
1437	1	0.009479873744695055
1437	2	-0.04327860461527422
1437	3	-0.007329075831819409
1437	4	-0.04350476606978759
1437	5	-0.05390037618854393
1437	6	-0.054514393829947494
1437	7	-0.04953346212733578
1437	8	-0.06173967450016704
1437	9	-0.06478673342678576
1437	10-14	-0.060020541656662374
1437	15-19	-0.0969163983880037
1437	20-24	-0.08309414941022197
1437	25-29	-0.10104294545038783
1437	30-34	-0.06526334623772101
1437	35-39	-0.09002666948303784
1437	40-44	-0.09550201958362692
1437	45-49	-0.1014877420031155
1437	50-54	-0.07660883518249761
1437	55-59	-0.07525373074643227
1437	60-64	-0.06841527984266804
1437	65-69	-0.08335152851288541
1437	70-74	-0.083472224718804
1437	75-79	-0.08226784332229897
1437	80-84	-0.05936680084429469
1437	85-89	-0.07332730470237436
1437	90-94	-0.035522794576152705
1437	95-99	-0.03896352394872338
1437	100-104	-0.0340609532132774
1437	105-109	-0.04532176632524454
1437	110-114	-0.01889141400145178
1437	115-119	-0.05487723874221473
1437	120-124	-0.025895095847019434
1437	125-129	-0.017402382401698446
1437	130-134	0.009364082743950064
1437	135-139	0.019992745114819854
1437	140-144	0.012978351930776455
1437	145-149	0.00857505032197281
1437	150	0.10492293222436899
1438	1	-0.11836974837236625
1438	2	-0.07560400104185305
1438	3	-0.07946395367967796
1438	4	-0.01365210870011424
1438	5	-0.08529840756688856
1438	6	-0.03045968720326897
1438	7	-0.14317389149295678
1438	8	-0.07159347752460832
1438	9	-0.03219423242580888
1438	10-14	-0.07889511897671042
1438	15-19	-0.10499028169324731
1438	20-24	-0.10060117240578847
1438	25-29	-0.09104779617025827
1438	30-34	-0.09769101359525223
1438	35-39	-0.1083714561898006
1438	40-44	-0.10621365139304118
1438	45-49	-0.12695043782840543
1438	50-54	-0.08509884608379537
1438	55-59	-0.11834342980108659
1438	60-64	-0.10834025264069425
1438	65-69	-0.06470820351216133
1438	70-74	-0.08773415421532604
1438	75-79	-0.09217882946294509
1438	80-84	-0.1032187968986662
1438	85-89	-0.12021216244267663
1438	90-94	-0.06320208332085997
1438	95-99	-0.10233203904096655
1438	100-104	-0.09206970267543113
1438	105-109	-0.08263311090054515
1438	110-114	-0.08800970959532606
1438	115-119	-0.04795427259806928
1438	120-124	-0.09663719738514942
1438	125-129	-0.12638639319253286
1438	130-134	-0.09994353596279382
1438	135-139	-0.05979637236621471
1438	140-144	-0.05157195146995974
1438	145-149	-0.018965318259482444
1438	150	0.032176374352907544
1439	1	-0.09159791812877671
1439	2	-0.019419721843675575
1439	3	-0.06899247785875673
1439	4	-0.049543193986991696
1439	5	-0.05064919130111889
1439	6	-0.010768898589674336
1439	7	-0.06393885975138147
1439	8	-0.038844123216208004
1439	9	-0.05880053503461369
1439	10-14	-0.03579608753985042
1439	15-19	-0.04243755321518705
1439	20-24	-0.05884258540238818
1439	25-29	-0.06167775852507873
1439	30-34	-0.04228833777103347
1439	35-39	-0.019183848939121617
1439	40-44	-0.03504105074595287
1439	45-49	-0.05186743210185085
1439	50-54	-0.06515589547135647
1439	55-59	-0.02450293132408632
1439	60-64	-0.0490825123193801
1439	65-69	-0.016230594521793762
1439	70-74	-0.04565085305077332
1439	75-79	-0.02393153858827901
1439	80-84	-0.043879775096989704
1439	85-89	-0.03339481209952311
1439	90-94	-0.030982088035507616
1439	95-99	-0.05861404954291771
1439	100-104	-0.03419432398464295
1439	105-109	0.021959930968264985
1439	110-114	0.00865777029790138
1439	115-119	0.04547734791541558
1439	120-124	0.004083897814865622
1439	125-129	0.002351613002396391
1439	130-134	-0.03668867384588026
1439	135-139	0.05547731954855806
1439	140-144	0.08246788016126771
1439	145-149	0.05427489548527831
1439	150	0.025686208732629723
1440	1	-0.11979114487795783
1440	2	-0.18067122605546615
1440	3	-0.08583964994058846
1440	4	-0.13790489245699433
1440	5	-0.06955928241337972
1440	6	-0.09259802012999074
1440	7	-0.06565795894340454
1440	8	-0.11070246944278495
1440	9	-0.07461624760123442
1440	10-14	-0.10098432890136877
1440	15-19	-0.07915751195680798
1440	20-24	-0.11399128748249865
1440	25-29	-0.14254418451785256
1440	30-34	-0.15533630063849557
1440	35-39	-0.09482421338814362
1440	40-44	-0.09018975282607755
1440	45-49	-0.1178120771078639
1440	50-54	-0.10758326353049341
1440	55-59	-0.12868034236070258
1440	60-64	-0.09955526459718556
1440	65-69	-0.08788264884531571
1440	70-74	-0.12988671345991065
1440	75-79	-0.11071166580161673
1440	80-84	-0.1510140367438879
1440	85-89	-0.12065628708663922
1440	90-94	-0.1013963909407849
1440	95-99	-0.1383114880851224
1440	100-104	-0.10570885037281386
1440	105-109	-0.12945832586514427
1440	110-114	-0.04442801275177999
1440	115-119	-0.0732092603018728
1440	120-124	-0.0909479055201885
1440	125-129	-0.13118801223397725
1440	130-134	-0.08461715931948532
1440	135-139	-0.04230504249372302
1440	140-144	-0.04330141672716792
1440	145-149	-0.08345933177963616
1440	150	-0.025886767028069357
1441	1	-0.08166413608878997
1441	2	-0.08680105856650755
1441	3	0.00785513767185364
1441	4	-0.0026386046978998934
1441	5	-0.04451077799732417
1441	6	-0.00815225670967834
1441	7	-0.05002662461719609
1441	8	-0.02157455734727165
1441	9	-0.09507746844631271
1441	10-14	-0.02250923281443562
1441	15-19	-0.021296114873187832
1441	20-24	-0.05734149363030383
1441	25-29	-0.0752204020361873
1441	30-34	-0.052228165770543455
1441	35-39	-0.02882747197212865
1441	40-44	-0.027417472186030523
1441	45-49	-0.04294646590811624
1441	50-54	-0.05905178181343729
1441	55-59	-0.09310682222839262
1441	60-64	-0.01666280698461975
1441	65-69	-0.08503953049702062
1441	70-74	-0.045451265811010444
1441	75-79	-0.06631129177550577
1441	80-84	-0.046007364721724286
1441	85-89	-0.065250384712769
1441	90-94	-0.10896612046819598
1441	95-99	-0.0545503295992944
1441	100-104	-0.06837011002259885
1441	105-109	-0.06064260288866308
1441	110-114	-0.05540569910304072
1441	115-119	-0.04162449727262185
1441	120-124	-0.08030304100702068
1441	125-129	-0.06748451267615962
1441	130-134	-0.027832895799406288
1441	135-139	0.006223451531269575
1441	140-144	0.052496094443007735
1441	145-149	-0.06412463551764347
1441	150	0.0901998903920429
1442	1	-0.046420167680267355
1442	2	-0.03240570898128681
1442	3	-0.11974822031125143
1442	4	-0.03520343827539563
1442	5	-0.013465516572317426
1442	6	-0.014725295181449383
1442	7	-0.050747462300059
1442	8	0.01627883645549133
1442	9	-0.06605354676415942
1442	10-14	-0.06368837495560342
1442	15-19	-0.025061991752984625
1442	20-24	-0.0417840081994072
1442	25-29	-0.05162305590719285
1442	30-34	-0.051318527797612035
1442	35-39	-0.05027390769704709
1442	40-44	-0.049391032893773
1442	45-49	-0.03891007898564425
1442	50-54	-0.07016624973802976
1442	55-59	-0.07053726922845982
1442	60-64	-0.06640320366172858
1442	65-69	-0.05367994501084894
1442	70-74	-0.06477196138487074
1442	75-79	-0.04614325226569349
1442	80-84	-0.0538700511666903
1442	85-89	-0.04805271576826442
1442	90-94	-0.05159230653742242
1442	95-99	-0.053467189984502284
1442	100-104	-0.05652455853147842
1442	105-109	-0.013644640953991427
1442	110-114	-0.012759243494571137
1442	115-119	0.015194331293052699
1442	120-124	-0.02815046389242326
1442	125-129	-0.02961682609961258
1442	130-134	0.049833218221145614
1442	135-139	0.0036154998600252952
1442	140-144	0.05713043862164824
1442	145-149	0.01891385379933297
1442	150	0.06295028440825945
1443	1	0.01183403916495962
1443	2	0.044045978591412904
1443	3	0.021128866263474322
1443	4	-0.028776275372401017
1443	5	0.020822725943553166
1443	6	-0.03123130621609249
1443	7	-0.022832469434774794
1443	8	-0.035343337127606844
1443	9	-0.07337191916995067
1443	10-14	-0.017522269396962997
1443	15-19	-0.021897565123353502
1443	20-24	-0.05525610955631777
1443	25-29	-0.03965876757677478
1443	30-34	-4.5650763288307417E-4
1443	35-39	-0.003667213663547386
1443	40-44	-0.028919702144762027
1443	45-49	-0.02519511014692455
1443	50-54	0.02443449039716228
1443	55-59	-1.3859449651931754E-5
1443	60-64	0.011130124397482177
1443	65-69	0.03714752379124775
1443	70-74	0.02041747044562925
1443	75-79	0.0020553360275101795
1443	80-84	0.0035624239497096255
1443	85-89	0.04153413877437373
1443	90-94	-0.019303870637052967
1443	95-99	-0.0030949131165129984
1443	100-104	-0.007466686757126695
1443	105-109	0.0067529692824876975
1443	110-114	0.00835067800890954
1443	115-119	0.02797261597260814
1443	120-124	0.05029727980866738
1443	125-129	0.01914937497922864
1443	130-134	0.04535183147852706
1443	135-139	0.02106225026804509
1443	140-144	0.15353607724463814
1443	145-149	0.1149419590122065
1443	150	0.09949549975360839
1444	1	0.05943311183155231
1444	2	0.043064945025953705
1444	3	0.07172372238020586
1444	4	0.013796125846120333
1444	5	0.06172541715520197
1444	6	0.05096045538234506
1444	7	-0.024514399969433498
1444	8	0.0023261766491700087
1444	9	0.005486620385759977
1444	10-14	-2.7086022100775153E-4
1444	15-19	0.02063990526598758
1444	20-24	-0.005815315645349983
1444	25-29	-0.011654135938272248
1444	30-34	-0.006139836570142165
1444	35-39	0.012019874401616448
1444	40-44	-0.01159240875368539
1444	45-49	0.006423254347687646
1444	50-54	-0.008741950460070314
1444	55-59	-0.008843559144501967
1444	60-64	-0.006577630860547856
1444	65-69	-0.004709035161894803
1444	70-74	0.018652299990606025
1444	75-79	0.012339208363101761
1444	80-84	-0.02499185077629562
1444	85-89	0.017382575228012342
1444	90-94	0.005558261052165392
1444	95-99	0.027972194479268353
1444	100-104	0.05261062065248012
1444	105-109	0.08329170183601065
1444	110-114	0.010311084551375416
1444	115-119	0.03017460305380837
1444	120-124	0.026441534894701135
1444	125-129	0.03150667912144911
1444	130-134	0.09559773013199191
1444	135-139	0.13047039022711004
1444	140-144	0.061556538267261374
1444	145-149	0.07804565966284116
1444	150	0.07954095660868177
1445	1	-0.013013849640429953
1445	2	0.01158821042011482
1445	3	0.04965602997459939
1445	4	-4.8286981827772024E-4
1445	5	0.030463741708551595
1445	6	0.06509368872774246
1445	7	-0.0026798923052737678
1445	8	-0.026268881786748466
1445	9	-0.019025461232743623
1445	10-14	0.008761659433957902
1445	15-19	0.02051950710580286
1445	20-24	-0.007594396910867829
1445	25-29	-0.006678144903851546
1445	30-34	-0.02302734247516014
1445	35-39	-0.004473787662178097
1445	40-44	-0.013690208858761821
1445	45-49	-0.02636992206415556
1445	50-54	-0.03456593957492515
1445	55-59	-0.030069781593368816
1445	60-64	-0.019980304162459106
1445	65-69	-0.020979432015103328
1445	70-74	-0.02474318806240916
1445	75-79	-0.022031383270181948
1445	80-84	-0.008828866939445845
1445	85-89	-0.03716886483930182
1445	90-94	-0.014251543308397174
1445	95-99	-0.009344684322279306
1445	100-104	-0.044302310024257
1445	105-109	0.0235777345974455
1445	110-114	0.027354097461419258
1445	115-119	0.050872129660753274
1445	120-124	-0.02919899039866891
1445	125-129	-0.031132139307395335
1445	130-134	0.05240063269629047
1445	135-139	0.03581530097013541
1445	140-144	0.07777272156224768
1445	145-149	0.05996669104693808
1445	150	0.054668053511981896
1446	1	-0.04467575202635743
1446	2	0.03223643047541458
1446	3	0.028297949238833553
1446	4	0.02457571795833502
1446	5	-0.011690391013594592
1446	6	0.02457686876174847
1446	7	0.0020769474212514183
1446	8	-0.031180064327671175
1446	9	-0.024250735760944053
1446	10-14	-0.03305429103264146
1446	15-19	-0.03345042551875821
1446	20-24	-0.01717641738562037
1446	25-29	0.010379427640039296
1446	30-34	-0.012389605523331682
1446	35-39	-0.002099535926888052
1446	40-44	-0.0010075778549989423
1446	45-49	-0.005977614603033032
1446	50-54	0.010128704938686894
1446	55-59	0.0181989076792064
1446	60-64	0.05488354135009388
1446	65-69	0.02541106507165125
1446	70-74	0.020862352280737184
1446	75-79	0.020770070772840654
1446	80-84	0.03640608787705446
1446	85-89	0.0024683812965662355
1446	90-94	-0.0017367070690283981
1446	95-99	0.023961227728364065
1446	100-104	0.055136492526642655
1446	105-109	0.04611218080351165
1446	110-114	0.05100024211453302
1446	115-119	0.07602116058262709
1446	120-124	0.05810128171556528
1446	125-129	0.06667808204694126
1446	130-134	0.09478944788237698
1446	135-139	0.13877667742201538
1446	140-144	0.08864568742713885
1446	145-149	0.08847851181720046
1446	150	0.14510265322955718
1447	1	0.043484151595833964
1447	2	0.04003313721656809
1447	3	0.039849339698257324
1447	4	-0.017653815452860044
1447	5	-0.03456808947715473
1447	6	-0.026301694523041874
1447	7	-0.056706250050815754
1447	8	0.032800353615520805
1447	9	0.005343110131981632
1447	10-14	-0.020296752960469178
1447	15-19	-0.0011533241532788452
1447	20-24	0.007839342474404987
1447	25-29	-0.0075620385403070145
1447	30-34	0.015501509700079907
1447	35-39	-0.0015517690964301778
1447	40-44	0.028388681384399206
1447	45-49	0.024121107472936387
1447	50-54	0.0411023868776752
1447	55-59	-0.006076170880646714
1447	60-64	0.031621882820616065
1447	65-69	-0.0017006831695951519
1447	70-74	0.0012927001236633373
1447	75-79	0.03826901106315006
1447	80-84	0.008504063104439297
1447	85-89	0.0015824651624924968
1447	90-94	-0.031483123124431245
1447	95-99	0.026932362859945158
1447	100-104	0.002882485048580463
1447	105-109	-0.026020286820880756
1447	110-114	0.010126599807342984
1447	115-119	0.04159714097907141
1447	120-124	-0.02727572906094622
1447	125-129	0.01785193902929194
1447	130-134	0.03283757534702403
1447	135-139	0.04245458547974579
1447	140-144	0.08944175746643879
1447	145-149	0.08388844163282982
1447	150	0.04231986550801281
1448	1	-0.012445084383152505
1448	2	-0.08444974780498882
1448	3	-0.04900506516131742
1448	4	-0.010741610084750164
1448	5	-0.02318882527868027
1448	6	-0.03613627591446544
1448	7	-0.029675464617895386
1448	8	0.016979980885444945
1448	9	-0.003524211692457868
1448	10-14	-0.007614783763358446
1448	15-19	-0.008891051582054388
1448	20-24	-0.02987498313783732
1448	25-29	-0.029389823979045104
1448	30-34	-0.016797884599000668
1448	35-39	-0.030646499323879084
1448	40-44	-0.009987295388341977
1448	45-49	0.012405001414180106
1448	50-54	-0.0161984096684904
1448	55-59	-0.0037118310131916132
1448	60-64	0.021261290036662217
1448	65-69	0.010625429464013791
1448	70-74	0.01606535572363299
1448	75-79	0.024971915052866223
1448	80-84	-0.022677815906654075
1448	85-89	0.07664553137066576
1448	90-94	0.04776217702045216
1448	95-99	0.04954135702404017
1448	100-104	0.03805403048778544
1448	105-109	0.03604621809279962
1448	110-114	0.021408509656247077
1448	115-119	0.003030924078792907
1448	120-124	-0.010345451578935183
1448	125-129	0.014685071626004742
1448	130-134	0.07038428297560273
1448	135-139	0.07541616623696967
1448	140-144	0.07686852351228168
1448	145-149	0.08122531258536725
1448	150	0.01900707131250101
1449	1	-0.06693113956670516
1449	2	0.017259487449706512
1449	3	-0.017260373585486377
1449	4	-0.03188446068132578
1449	5	0.032384461619663796
1449	6	0.010749238545869844
1449	7	-0.024664037257522864
1449	8	-0.0283399565647926
1449	9	-0.03927838883658552
1449	10-14	-0.054034016096778714
1449	15-19	-0.0177386352251645
1449	20-24	-0.04047714488510934
1449	25-29	0.005550221043037595
1449	30-34	-0.003937378587465901
1449	35-39	0.00444226749496579
1449	40-44	-0.010759131957044588
1449	45-49	0.03265872891029886
1449	50-54	-0.005309550056047385
1449	55-59	0.0014815405449937202
1449	60-64	0.005293298101683774
1449	65-69	4.2250932951759523E-4
1449	70-74	0.010299115411108062
1449	75-79	0.012379914777916667
1449	80-84	0.018348687550194143
1449	85-89	0.044873734897969086
1449	90-94	0.054376665424115345
1449	95-99	0.0723260815931539
1449	100-104	0.04642147024354415
1449	105-109	0.06448166066673622
1449	110-114	0.04514715246387624
1449	115-119	0.04492883965952643
1449	120-124	0.02879908304969092
1449	125-129	0.05496688923501836
1449	130-134	0.04953138374830246
1449	135-139	0.10446317593446963
1449	140-144	0.11853131614149248
1449	145-149	0.09639461508677272
1449	150	0.1774956811841335
1450	1	-0.03230983356993278
1450	2	-0.0242716961015077
1450	3	-0.002057624654554502
1450	4	-0.02316071640216677
1450	5	-0.024654327761126638
1450	6	0.015142614686453726
1450	7	-0.015140282286097317
1450	8	0.05481596787397791
1450	9	0.0332845539298674
1450	10-14	-0.030158183866085153
1450	15-19	-0.012044621176293901
1450	20-24	-0.04115661299573503
1450	25-29	-0.002862174603933454
1450	30-34	-0.016592440325766233
1450	35-39	0.01488543014026078
1450	40-44	-0.006602258579576414
1450	45-49	-0.031341617315490566
1450	50-54	-0.011735475239454729
1450	55-59	-0.05454148346996135
1450	60-64	-0.025509468395114254
1450	65-69	0.00949617077542797
1450	70-74	0.006574515114138535
1450	75-79	-0.013919370685883337
1450	80-84	0.0029561508798536806
1450	85-89	0.003666247001554268
1450	90-94	-0.0016807265919425163
1450	95-99	0.03549924094802748
1450	100-104	0.027192191761535867
1450	105-109	0.009093299072084449
1450	110-114	0.03162525336450983
1450	115-119	0.04017867275197062
1450	120-124	-0.002536514753053609
1450	125-129	0.007672573766051016
1450	130-134	0.01574980257840508
1450	135-139	0.04932748279234289
1450	140-144	0.05308013111371679
1450	145-149	0.06280243978960698
1450	150	0.007382349518287867
1451	1	-0.05763863490416554
1451	2	-0.016208772444961994
1451	3	-0.05766935229313219
1451	4	-0.03936442313212041
1451	5	-0.007691898445060019
1451	6	-0.015247833148414713
1451	7	-0.051562104037827794
1451	8	-0.035667946704599274
1451	9	-0.036188648384076316
1451	10-14	-0.03485460578719568
1451	15-19	-0.0710427569952472
1451	20-24	-0.050675507747619974
1451	25-29	-0.01718161372097171
1451	30-34	-0.035033826696349024
1451	35-39	-0.016690084502499758
1451	40-44	-0.02319341468529501
1451	45-49	-0.01315669056739921
1451	50-54	-0.0484087712868444
1451	55-59	-0.05834105787527477
1451	60-64	-0.00200652267994883
1451	65-69	0.004673604978194135
1451	70-74	-0.02126262030078152
1451	75-79	0.007912467906436405
1451	80-84	-0.02706309346952196
1451	85-89	-0.04644421314092284
1451	90-94	-0.02874678650134399
1451	95-99	-0.01003101697901343
1451	100-104	-0.022513399413249147
1451	105-109	9.766756595155357E-4
1451	110-114	0.0065000776469972266
1451	115-119	-0.027491758678969802
1451	120-124	-0.018799940817821437
1451	125-129	-0.009376570022951114
1451	130-134	0.008867343889576773
1451	135-139	0.022010982839255178
1451	140-144	0.03421223783004024
1451	145-149	0.057181687140634097
1451	150	0.032153090576954924
1452	1	-0.034933154154416
1452	2	-0.033255549539866536
1452	3	-0.057270891814503955
1452	4	-0.03162033313888912
1452	5	-0.07736240716823772
1452	6	-0.02482712431240941
1452	7	-0.07789944731612053
1452	8	-0.09094451193291064
1452	9	0.06079911513704417
1452	10-14	-0.04471612606101871
1452	15-19	-0.05545138445305753
1452	20-24	-0.08205025759186668
1452	25-29	-0.055433172435755296
1452	30-34	-0.04386598681109888
1452	35-39	0.005205495316332076
1452	40-44	-0.016454584229173008
1452	45-49	-0.0455558345246061
1452	50-54	-0.04315668325273947
1452	55-59	-0.03631447799595833
1452	60-64	-0.03647283629446463
1452	65-69	-0.019357268765851643
1452	70-74	-0.0032168088782640325
1452	75-79	-0.04454796082574575
1452	80-84	-0.026670340413581073
1452	85-89	-0.055961911211433346
1452	90-94	-0.02972163783180548
1452	95-99	0.007488652447072752
1452	100-104	0.011990277226075818
1452	105-109	0.063127766789286
1452	110-114	0.025091106802385355
1452	115-119	0.03815915934525549
1452	120-124	0.06163433167878196
1452	125-129	0.03245370746605403
1452	130-134	0.05691711167396818
1452	135-139	0.11809968018886252
1452	140-144	0.11697896334396773
1452	145-149	0.08542188514230986
1452	150	0.07086889222977533
1453	1	-0.006126296067243686
1453	2	0.006482816205114261
1453	3	-0.009672933895537028
1453	4	0.03699441587990293
1453	5	-0.024815943922746442
1453	6	0.02031089321643975
1453	7	-0.030464501761777285
1453	8	-0.026262716554150245
1453	9	-0.02069839128134987
1453	10-14	-0.025149295122901094
1453	15-19	0.026870650545610886
1453	20-24	0.023123502257035966
1453	25-29	0.02670682225247134
1453	30-34	0.0555131143191403
1453	35-39	0.01881559948607503
1453	40-44	0.044471269342999165
1453	45-49	0.02546089755553993
1453	50-54	0.004864410381991036
1453	55-59	0.02708571676899396
1453	60-64	0.019590031471935276
1453	65-69	0.03529041323610471
1453	70-74	0.0612314574185433
1453	75-79	0.04682521472829393
1453	80-84	0.02671158185749789
1453	85-89	0.034612787050441796
1453	90-94	0.05443249797248484
1453	95-99	0.09408603787510827
1453	100-104	0.07324681808245259
1453	105-109	0.06529800316312162
1453	110-114	0.0792909474492447
1453	115-119	0.07373355660674008
1453	120-124	0.08438141463093984
1453	125-129	0.10316455233282795
1453	130-134	0.11730992307656862
1453	135-139	0.133183494040793
1453	140-144	0.15470105146034996
1453	145-149	0.1485851394876292
1453	150	0.18233199017294055
1454	1	0.027059963535393194
1454	2	-0.022823135535190886
1454	3	0.0015920249128882347
1454	4	-0.008948757442546196
1454	5	-0.09201268471378654
1454	6	0.011778469071423103
1454	7	-0.03677592524585549
1454	8	-0.06193672342362788
1454	9	-0.01051850635049334
1454	10-14	-0.012647119788731231
1454	15-19	-0.011372803406857201
1454	20-24	-0.022920001537066526
1454	25-29	-0.036686987995402376
1454	30-34	-0.012189878706649893
1454	35-39	0.01518143124530269
1454	40-44	0.008597641703289582
1454	45-49	-0.02204259316416568
1454	50-54	-0.021939393473147106
1454	55-59	-0.020545507204111857
1454	60-64	0.008436521429572963
1454	65-69	0.011438609005338662
1454	70-74	-0.002698469588757746
1454	75-79	-0.03816511960788205
1454	80-84	0.0038376443328900223
1454	85-89	-0.001980721258306062
1454	90-94	0.024477119952642568
1454	95-99	0.013516912956816896
1454	100-104	0.014805133146538196
1454	105-109	0.02994530575596599
1454	110-114	0.019024764270433536
1454	115-119	-0.02510961779921672
1454	120-124	0.0020414644003352578
1454	125-129	0.020152072422973788
1454	130-134	0.04945468338529224
1454	135-139	0.045820155085223746
1454	140-144	0.06561742804634463
1454	145-149	0.08857789005918448
1454	150	0.1149215516027482
1455	1	-0.014755750226377984
1455	2	-0.017070576277731675
1455	3	0.031331401821006466
1455	4	0.0025338536724248684
1455	5	-0.025431328538132902
1455	6	-0.05678107565828583
1455	7	-0.09547980597977102
1455	8	-0.013550223373570702
1455	9	-0.04401575998953433
1455	10-14	-0.003819728981689252
1455	15-19	0.0020806083369819817
1455	20-24	0.014846671062855421
1455	25-29	-0.02064689756261373
1455	30-34	-0.008387353708542378
1455	35-39	-0.019880745303886727
1455	40-44	-0.01138833383844684
1455	45-49	-0.016586192345968698
1455	50-54	-0.039804576323724916
1455	55-59	-0.039251619205963095
1455	60-64	0.024714205245153664
1455	65-69	0.003725363131295012
1455	70-74	-0.046165573620584155
1455	75-79	-1.0816454639694939E-4
1455	80-84	0.04388253542800413
1455	85-89	-0.016156179555927963
1455	90-94	0.023111247218764674
1455	95-99	0.027989400208923598
1455	100-104	0.047651779750118806
1455	105-109	0.03507780618950562
1455	110-114	0.04917867823282762
1455	115-119	0.023253710510324765
1455	120-124	0.01450090812736704
1455	125-129	0.047745297157248956
1455	130-134	0.06945265141952461
1455	135-139	0.09553542788520986
1455	140-144	0.11112863925144012
1455	145-149	0.039585018891550305
1455	150	0.043319155303443324
1456	1	0.023857171639477315
1456	2	0.018723291217483506
1456	3	0.026794976573945917
1456	4	0.010485174677242526
1456	5	0.031550677144288386
1456	6	0.022075831947994118
1456	7	-0.04782218724071896
1456	8	0.007618530353319386
1456	9	0.03264054983691267
1456	10-14	-0.014651673095357864
1456	15-19	7.943109350563304E-4
1456	20-24	-0.006502635065771756
1456	25-29	-0.005688555690881003
1456	30-34	-0.02065144021123899
1456	35-39	-0.014896354409778212
1456	40-44	-0.009098844462045008
1456	45-49	0.01074820436346613
1456	50-54	0.007584706100480787
1456	55-59	0.025808352621950803
1456	60-64	0.019334002132936234
1456	65-69	0.03389459870049194
1456	70-74	0.0286060128221024
1456	75-79	0.0728117444020242
1456	80-84	0.03860303920243524
1456	85-89	-0.0037416327184587317
1456	90-94	0.016652621964688308
1456	95-99	0.030088552646475364
1456	100-104	0.038101886918489924
1456	105-109	0.07934868279173202
1456	110-114	0.03692345319770851
1456	115-119	0.07191775196722716
1456	120-124	0.06520761016606258
1456	125-129	0.06147632577054907
1456	130-134	0.08963861300875209
1456	135-139	0.09264132796109692
1456	140-144	0.0750260973025334
1456	145-149	0.14054150354735384
1456	150	0.18840353308996072
1457	1	0.015131526424944752
1457	2	0.07866008351625453
1457	3	0.009797144411372471
1457	4	0.05000439645804278
1457	5	0.023852663715551614
1457	6	-0.0031357331003718514
1457	7	-0.05843909665379243
1457	8	-0.052491515568846125
1457	9	-0.04800303758845814
1457	10-14	-0.007751317474436803
1457	15-19	-0.002927701693359097
1457	20-24	-0.01876806617678284
1457	25-29	-0.008218831732285992
1457	30-34	9.808736629466352E-4
1457	35-39	-0.04111418446847637
1457	40-44	0.0013638821118675537
1457	45-49	-0.02414573138485565
1457	50-54	-0.020503337665800814
1457	55-59	-0.05031795407234796
1457	60-64	-0.04354800804956227
1457	65-69	-0.029986226235095614
1457	70-74	-0.025380085653900153
1457	75-79	-0.03219077533120185
1457	80-84	-0.011892918330161706
1457	85-89	-0.03982841790669056
1457	90-94	-0.021136769571874936
1457	95-99	0.003303987611474213
1457	100-104	-0.015359120707714169
1457	105-109	-0.025866380128974242
1457	110-114	-0.030674253528765405
1457	115-119	-0.003909607298474782
1457	120-124	0.04089716310142677
1457	125-129	0.05418521821484035
1457	130-134	0.03368331548929149
1457	135-139	0.053423127029532225
1457	140-144	0.063740468731595
1457	145-149	0.028098941399207433
1457	150	0.13746275068643854
1458	1	0.015860000362614812
1458	2	0.05046550643230319
1458	3	0.021503409414954433
1458	4	-0.012097542288145746
1458	5	-0.03776509646512238
1458	6	-0.02427186913480739
1458	7	-0.0412008883467081
1458	8	-0.017935273351838532
1458	9	-0.004541160844993897
1458	10-14	0.020791995897653237
1458	15-19	-0.011263932937971788
1458	20-24	-0.0053326102564810185
1458	25-29	0.035559328563323334
1458	30-34	-0.012933477819345285
1458	35-39	-0.0010871772899818666
1458	40-44	-0.020563566574779202
1458	45-49	-0.018984829094300437
1458	50-54	-0.0010797656006928946
1458	55-59	0.003339016444435572
1458	60-64	-0.01819633708198154
1458	65-69	-0.00401863833259597
1458	70-74	0.041353491316847624
1458	75-79	0.03066683030709072
1458	80-84	0.038000150195038884
1458	85-89	0.03318790425201712
1458	90-94	0.039084210918751694
1458	95-99	0.033812543464719624
1458	100-104	0.03479979319964599
1458	105-109	0.035097065550424134
1458	110-114	-0.018455897123416776
1458	115-119	-0.007680940327986718
1458	120-124	0.029654548421063964
1458	125-129	0.04560032586329754
1458	130-134	0.08862157111119018
1458	135-139	0.06260260691492903
1458	140-144	0.10127530317330269
1458	145-149	0.09275073631417996
1458	150	0.09934605436335175
1459	1	0.01577317636593989
1459	2	0.028386810639574378
1459	3	-0.011919672836924633
1459	4	-0.04594204420473602
1459	5	0.008026017930113483
1459	6	-0.025512574810697686
1459	7	-0.06644519629479362
1459	8	0.01714739417690936
1459	9	-0.005221436095538934
1459	10-14	0.006333260387563655
1459	15-19	-0.012065438503022108
1459	20-24	-0.006017688536630317
1459	25-29	0.03964490561961753
1459	30-34	-0.017659197119215264
1459	35-39	-0.00840865699255744
1459	40-44	-0.015112405072912338
1459	45-49	0.04255823653171831
1459	50-54	0.03937675312650413
1459	55-59	0.037820843443007846
1459	60-64	0.014778169914734463
1459	65-69	0.048722090434779375
1459	70-74	0.04660093970737478
1459	75-79	-0.009926805678681205
1459	80-84	0.037579377092008315
1459	85-89	0.04042764008539734
1459	90-94	0.07775718925893926
1459	95-99	0.060604027323762466
1459	100-104	0.02999962694093483
1459	105-109	0.04458517343385893
1459	110-114	0.02579857107959782
1459	115-119	0.042560781373403245
1459	120-124	0.06443499454861978
1459	125-129	0.05249484394393278
1459	130-134	0.07548011265277665
1459	135-139	0.054900671848194804
1459	140-144	0.1057012949527305
1459	145-149	0.11113738019724195
1459	150	0.10107075763772144
1460	1	-0.06147006770546426
1460	2	-0.02840549344929144
1460	3	-1.9699287111762942E-4
1460	4	0.0029160742145393215
1460	5	-0.033387080402555114
1460	6	-0.10205250915375075
1460	7	-0.09394333573617786
1460	8	-0.01504984546443211
1460	9	-0.05106789857353533
1460	10-14	-0.019333801526904892
1460	15-19	-0.036660688658201934
1460	20-24	-0.017536600772587008
1460	25-29	-0.03191562602426501
1460	30-34	-0.03910873361611067
1460	35-39	-0.056107158749583164
1460	40-44	-0.018870129931222834
1460	45-49	-0.025247715677345184
1460	50-54	-0.06006778365591714
1460	55-59	-0.06600112465891783
1460	60-64	0.006758117665889074
1460	65-69	-0.030863681665707077
1460	70-74	-0.021137055104880176
1460	75-79	-0.012349385315928885
1460	80-84	0.020719315242068603
1460	85-89	0.018168696752695723
1460	90-94	0.018570370602937203
1460	95-99	0.025792847908348904
1460	100-104	0.005382614169356259
1460	105-109	0.029508009579814143
1460	110-114	0.03290920131104258
1460	115-119	0.02069333300129017
1460	120-124	0.029678610499608737
1460	125-129	0.10577742414758973
1460	130-134	0.13025091922292376
1460	135-139	0.057437461696302705
1460	140-144	0.07764309602918473
1460	145-149	0.08912245672969021
1460	150	0.12809244086409421
1461	1	0.04429476376575536
1461	2	0.0534682801385955
1461	3	0.13510942838630768
1461	4	0.06125674921204194
1461	5	0.003455506407256337
1461	6	0.03218903078516888
1461	7	0.014973175348146128
1461	8	-0.028899473322582026
1461	9	-0.01550536081573739
1461	10-14	0.04438140705156712
1461	15-19	0.03446992320218101
1461	20-24	0.03839853241299096
1461	25-29	0.018162654142521717
1461	30-34	0.015771795090991247
1461	35-39	0.041451598665119604
1461	40-44	0.0441870379325664
1461	45-49	0.02759044390208487
1461	50-54	0.03311960278593773
1461	55-59	0.029046196815656344
1461	60-64	0.05597963694213348
1461	65-69	0.005346965988302088
1461	70-74	0.06624943000273475
1461	75-79	0.017041685096259584
1461	80-84	-0.004705667704115513
1461	85-89	0.05031066155128627
1461	90-94	0.0325941741750313
1461	95-99	0.010045672475044398
1461	100-104	0.02853621939238593
1461	105-109	0.015254286222145197
1461	110-114	0.026425034291172267
1461	115-119	0.03595966535539219
1461	120-124	0.09285791243631536
1461	125-129	0.11172245499123079
1461	130-134	0.09280707383469888
1461	135-139	0.08630635098816697
1461	140-144	0.04645393616921467
1461	145-149	0.1034094327582622
1461	150	0.3119445897775819
1462	1	0.021493294951724806
1462	2	0.09451098174297812
1462	3	-0.02659020125763334
1462	4	0.032158886650904606
1462	5	-0.016455657331135853
1462	6	0.007574611212618265
1462	7	-0.07030427759894309
1462	8	-0.02911986355938012
1462	9	0.06956937006653163
1462	10-14	0.015431414387322206
1462	15-19	-0.0014601406301508746
1462	20-24	0.006876377247060361
1462	25-29	9.614300038052193E-4
1462	30-34	-0.025192081061142346
1462	35-39	-0.03439666268572239
1462	40-44	2.5545163500595436E-4
1462	45-49	-0.013391458404591106
1462	50-54	-0.027608340911953633
1462	55-59	0.02373513276963024
1462	60-64	-0.011191173112955255
1462	65-69	-0.02952702616806846
1462	70-74	-0.006438006928100037
1462	75-79	-0.009072785373327008
1462	80-84	-0.015025935655224032
1462	85-89	-0.005402985650768244
1462	90-94	0.002420308392281356
1462	95-99	-0.024774576104583446
1462	100-104	-0.04278397817473234
1462	105-109	0.01069010084236055
1462	110-114	0.01582034341461025
1462	115-119	-0.041017095628710365
1462	120-124	0.0675595151993349
1462	125-129	0.09629983837999845
1462	130-134	0.039684516019221405
1462	135-139	0.09127529917591204
1462	140-144	0.08648511760581101
1462	145-149	0.10426510348219864
1462	150	0.1677091397914694
1463	1	0.038700781922855754
1463	2	0.06402079980515651
1463	3	0.04668772065780047
1463	4	0.003889911310317018
1463	5	0.001968436382853156
1463	6	0.07589273044506228
1463	7	-0.05654375617784524
1463	8	-0.02057865052084651
1463	9	0.05427556385357235
1463	10-14	0.004404553809649769
1463	15-19	0.013078388146304576
1463	20-24	0.011779760610544088
1463	25-29	-0.009874184141345665
1463	30-34	-0.006772273825212949
1463	35-39	-0.03366247008730738
1463	40-44	0.03227715743316395
1463	45-49	-0.007947909293427813
1463	50-54	-0.014776062110151145
1463	55-59	0.01859958448564214
1463	60-64	0.04703931081304091
1463	65-69	0.013770202276305099
1463	70-74	0.007029759625673648
1463	75-79	0.01657722137498041
1463	80-84	0.04275938014526304
1463	85-89	0.017919393993324206
1463	90-94	0.037724019845114753
1463	95-99	0.0361967050715748
1463	100-104	0.026139438101949963
1463	105-109	0.0694624651072715
1463	110-114	0.054254643580449624
1463	115-119	0.05438426642865579
1463	120-124	0.08221280573739875
1463	125-129	0.11078129907270551
1463	130-134	0.09858721238769874
1463	135-139	0.09385983692269662
1463	140-144	0.1118882927275564
1463	145-149	0.14204290056844115
1463	150	0.10250682671522071
1464	1	0.07294998866462521
1464	2	0.026852178195881038
1464	3	-0.021755759998967505
1464	4	0.010769988746019976
1464	5	0.016976153754036716
1464	6	-0.009554072380929313
1464	7	-0.012934116675964447
1464	8	-0.06525948014472505
1464	9	-0.01184501830771012
1464	10-14	0.02428587241631419
1464	15-19	0.02394937575388667
1464	20-24	-7.883404036661545E-4
1464	25-29	-0.003375895609835311
1464	30-34	-0.020848206078184717
1464	35-39	-0.016810518374064998
1464	40-44	-0.01012952226037811
1464	45-49	-0.034948499216710616
1464	50-54	0.006693448587505202
1464	55-59	-0.0021272505169349643
1464	60-64	-0.027348212640653458
1464	65-69	-0.004637108511346355
1464	70-74	-0.0034777845689077935
1464	75-79	-0.007199260753282033
1464	80-84	0.024340587590671703
1464	85-89	0.014083366753780524
1464	90-94	0.026351727007082104
1464	95-99	0.013397555090854496
1464	100-104	-0.01995056248249938
1464	105-109	-0.017016948182501324
1464	110-114	0.012814159756977972
1464	115-119	-0.01624305320927988
1464	120-124	0.07718896264490382
1464	125-129	0.07169745655026105
1464	130-134	0.040307053243736846
1464	135-139	0.03331848370375923
1464	140-144	0.09491836787439212
1464	145-149	0.10915556151975636
1464	150	0.15744086269737778
1465	1	-0.02237396259864255
1465	2	0.029749208459733723
1465	3	-0.0023828880957807996
1465	4	0.006510271871555062
1465	5	-0.040679704140728745
1465	6	0.007866171783312836
1465	7	0.02619785547631892
1465	8	-0.014868954596934714
1465	9	-4.5304372496701717E-4
1465	10-14	0.020638437499279405
1465	15-19	0.020836468853921986
1465	20-24	0.023273864596895066
1465	25-29	0.014644905619626059
1465	30-34	-0.029307698481609634
1465	35-39	-0.03681465154296859
1465	40-44	-0.006324939132859697
1465	45-49	-0.010302798890627685
1465	50-54	-0.005991094284944154
1465	55-59	0.014183241263175717
1465	60-64	0.01688988653599921
1465	65-69	0.01241418852742271
1465	70-74	0.03815407322235842
1465	75-79	0.03911951584721152
1465	80-84	0.013260576002089408
1465	85-89	0.022171509295205283
1465	90-94	0.05561822468128241
1465	95-99	0.08948686111123294
1465	100-104	0.023868836750196465
1465	105-109	0.029258197957020116
1465	110-114	0.06905470186978846
1465	115-119	0.03677059063770827
1465	120-124	0.06382191552955163
1465	125-129	0.12885724176409497
1465	130-134	0.09509864126313516
1465	135-139	0.1183884102678121
1465	140-144	0.153862057895509
1465	145-149	0.15064691698197663
1465	150	0.2533187140409936
1466	1	-0.05868735283844728
1466	2	-0.035633434389104934
1466	3	0.03520204269588589
1466	4	-0.019702972443177202
1466	5	-0.018608767213201816
1466	6	-0.024403147608119014
1466	7	-0.08190914948070116
1466	8	-0.01406668952984802
1466	9	0.004743807540300793
1466	10-14	-0.0017100983612010623
1466	15-19	0.011122489379360445
1466	20-24	-0.03952243617480633
1466	25-29	-0.03207731465528951
1466	30-34	-0.04666258973882975
1466	35-39	-0.04176849420584716
1466	40-44	-0.009044523163382223
1466	45-49	-0.00107114698558064
1466	50-54	-0.024861595466553865
1466	55-59	-0.009441585554576193
1466	60-64	-0.012162209269071411
1466	65-69	-0.03945212122852837
1466	70-74	0.012114057283135082
1466	75-79	6.042435244566491E-4
1466	80-84	-0.024536324335329596
1466	85-89	-0.007092187092091251
1466	90-94	0.011204932032320869
1466	95-99	0.023989562846651324
1466	100-104	0.005173454882175577
1466	105-109	2.816013134818718E-4
1466	110-114	0.0015623716990873504
1466	115-119	0.016034148663671033
1466	120-124	0.046734015503894
1466	125-129	0.10960629306662639
1466	130-134	0.06143164191435346
1466	135-139	0.052893049061736974
1466	140-144	0.053176385302670326
1466	145-149	0.09855563171598192
1466	150	0.13846359679360631
1467	1	0.06562828423573563
1467	2	0.028972000873245918
1467	3	0.06938406021176036
1467	4	0.046619168845225545
1467	5	0.009039719177948768
1467	6	0.045615453106314874
1467	7	0.037792753922275324
1467	8	0.0360761987694076
1467	9	0.05626263594937342
1467	10-14	0.030020347521343638
1467	15-19	0.03060971255447953
1467	20-24	0.02998595840499263
1467	25-29	0.015793030581740197
1467	30-34	0.03158994562741668
1467	35-39	0.018275138547359404
1467	40-44	0.05671187082502627
1467	45-49	0.02883792576897548
1467	50-54	0.06907504759598027
1467	55-59	0.07854248398373898
1467	60-64	0.07173094475056274
1467	65-69	-0.0012178405222584843
1467	70-74	0.06892634619422466
1467	75-79	0.11168456230384294
1467	80-84	0.08699234765597197
1467	85-89	0.10649667009238328
1467	90-94	0.1102044897494423
1467	95-99	0.08347241492861457
1467	100-104	0.08298616768122713
1467	105-109	0.1423433592724237
1467	110-114	0.12862027764654727
1467	115-119	0.12758828612408735
1467	120-124	0.13408738067655435
1467	125-129	0.165577830604974
1467	130-134	0.16784170862699455
1467	135-139	0.19156772717649062
1467	140-144	0.17461229745450169
1467	145-149	0.18920920671720154
1467	150	0.220500519309482
1468	1	-0.011305324097968139
1468	2	0.06967807886365307
1468	3	0.0028424301112792705
1468	4	-0.034311675558925
1468	5	0.014745306717948381
1468	6	0.024772485925758758
1468	7	-0.031041416310053194
1468	8	-0.03036934308864403
1468	9	0.05034067579100565
1468	10-14	0.018602766558508677
1468	15-19	-0.02704584399619847
1468	20-24	0.010310950774076844
1468	25-29	-0.006473121838759255
1468	30-34	-0.042436192637474335
1468	35-39	-0.019850517544284685
1468	40-44	-0.02093435715877945
1468	45-49	-0.022747847914132535
1468	50-54	-0.03278907301077538
1468	55-59	-0.006833834215953516
1468	60-64	-0.035903762218147506
1468	65-69	-0.03690289007080594
1468	70-74	-0.018114108957682618
1468	75-79	-0.010276727538077068
1468	80-84	-0.04744154419896773
1468	85-89	-0.0057319948580953906
1468	90-94	0.026548046645466172
1468	95-99	-0.019527496555312496
1468	100-104	-0.013480509238334548
1468	105-109	0.048385525473925384
1468	110-114	0.016282851946300525
1468	115-119	0.039595861080535144
1468	120-124	0.08691240546669832
1468	125-129	0.10595995021934357
1468	130-134	0.11329248302946127
1468	135-139	0.09875738195424333
1468	140-144	0.11980244990667899
1468	145-149	0.13473176878485305
1468	150	0.18554111006417884
1469	1	0.07455974265284482
1469	2	0.007542308535306574
1469	3	0.042871280066464124
1469	4	0.002176135155650627
1469	5	0.0025975338964201455
1469	6	-0.022169209960281933
1469	7	-0.022131857714256853
1469	8	0.012227560192904718
1469	9	0.008012461727851417
1469	10-14	0.01848810499671316
1469	15-19	0.05150176927809724
1469	20-24	0.03144437608891337
1469	25-29	0.034950123331071836
1469	30-34	-0.007287303575395754
1469	35-39	-0.016149641775967893
1469	40-44	-2.8912001942416055E-4
1469	45-49	-0.0024126100926480376
1469	50-54	0.003106267562934306
1469	55-59	0.04371645507335131
1469	60-64	0.025003327723126745
1469	65-69	3.3189287094614883E-4
1469	70-74	-0.006404709191684788
1469	75-79	0.021894848926486077
1469	80-84	0.003103584220767175
1469	85-89	0.03618805922226187
1469	90-94	0.02184190059945479
1469	95-99	0.02351358865288944
1469	100-104	0.06584037818360855
1469	105-109	0.05809616442717669
1469	110-114	0.03647145627186177
1469	115-119	0.05222111848035382
1469	120-124	0.10777495455788255
1469	125-129	0.10665864633027411
1469	130-134	0.11249922497655263
1469	135-139	0.055114789297682876
1469	140-144	0.08606597281691819
1469	145-149	0.12555153068014846
1469	150	0.19633722105967166
1470	1	0.05671074104942875
1470	2	0.011959441336365728
1470	3	0.0675802672698893
1470	4	0.017578291252164036
1470	5	-0.0464079937795745
1470	6	-0.022096884907767844
1470	7	-0.009843785661161064
1470	8	0.00248027636082071
1470	9	-0.06901697040469656
1470	10-14	0.008579013823165837
1470	15-19	0.0361923238600923
1470	20-24	0.003700588614144351
1470	25-29	-0.018876827344904257
1470	30-34	-0.01573474422393417
1470	35-39	0.005911872050134548
1470	40-44	-0.011097152275489464
1470	45-49	0.01029467347934343
1470	50-54	0.014841303934503003
1470	55-59	-0.0016085259712710354
1470	60-64	-0.031219829515244157
1470	65-69	0.04005207020879453
1470	70-74	-0.014112723144030781
1470	75-79	0.009958534443470057
1470	80-84	-0.02376132838084999
1470	85-89	0.0037903371420071608
1470	90-94	0.04167182150790438
1470	95-99	0.012024092412275422
1470	100-104	-0.0153980982195705
1470	105-109	0.014183278698084223
1470	110-114	0.03634268573672017
1470	115-119	0.01503304807567929
1470	120-124	0.055128339612757316
1470	125-129	0.09293585741921362
1470	130-134	0.06044215047130308
1470	135-139	0.04988426203379248
1470	140-144	0.0908442973865462
1470	145-149	0.10215209464443831
1470	150	0.1970582470761002
1471	1	-0.022301635200328462
1471	2	0.04169122692269411
1471	3	0.06839329616104806
1471	4	0.0503802582730799
1471	5	-0.005287613141732095
1471	6	-0.02040427844083581
1471	7	0.03433938211297516
1471	8	-0.029201196528369167
1471	9	0.04204556188624764
1471	10-14	0.023983985353822845
1471	15-19	0.02235958649861658
1471	20-24	0.020936113264973244
1471	25-29	-0.005279159884892692
1471	30-34	-0.01294950121419447
1471	35-39	-0.004908428187619052
1471	40-44	0.0031208452230018224
1471	45-49	0.010192838515429514
1471	50-54	0.0228263550708121
1471	55-59	0.019118311195875037
1471	60-64	0.005847787817437222
1471	65-69	0.04721590713767654
1471	70-74	0.044296558660676055
1471	75-79	0.04100000502150891
1471	80-84	0.06024164894195394
1471	85-89	0.09905101324052623
1471	90-94	0.12921412269779609
1471	95-99	0.09978127534972003
1471	100-104	0.05425158314205447
1471	105-109	0.1111066057574348
1471	110-114	0.11925546835475842
1471	115-119	0.06402866592218004
1471	120-124	0.1056536486191888
1471	125-129	0.15009694728031775
1471	130-134	0.09986617590494262
1471	135-139	0.13521136902404152
1471	140-144	0.1323684067110733
1471	145-149	0.19365271847387788
1471	150	0.23918253267726186
1472	1	-0.001089152179758912
1472	2	0.06538076066959064
1472	3	0.040486460262414425
1472	4	0.03197025432202594
1472	5	0.05986202217894743
1472	6	0.019795927475364294
1472	7	0.023544874365157398
1472	8	0.030200319868498582
1472	9	0.008340195087207292
1472	10-14	0.04872419928748428
1472	15-19	0.03978691451965233
1472	20-24	0.03507416940453112
1472	25-29	0.015288142122642512
1472	30-34	5.580476043860472E-4
1472	35-39	-0.025900736612008757
1472	40-44	-0.014122888608675055
1472	45-49	-0.011594998585820804
1472	50-54	0.00610667507726248
1472	55-59	-0.02086437338606828
1472	60-64	0.002413832409544625
1472	65-69	0.010286446413161343
1472	70-74	-0.01993464427637548
1472	75-79	0.0063278472562586785
1472	80-84	0.02681370951707862
1472	85-89	0.04640824323507786
1472	90-94	0.057118109223843305
1472	95-99	0.05123627227828109
1472	100-104	0.0281557254030389
1472	105-109	0.024385201143644508
1472	110-114	0.040798340164712954
1472	115-119	0.03801397492625114
1472	120-124	0.07290878570920256
1472	125-129	0.09251558010058858
1472	130-134	0.10041818128068769
1472	135-139	0.10226362386408283
1472	140-144	0.11049564215634433
1472	145-149	0.13078463461925338
1472	150	0.24104096961758614
1473	1	0.042965328661750846
1473	2	0.06384608987920615
1473	3	0.028031379642264653
1473	4	0.018765848737373858
1473	5	0.03855286588084539
1473	6	-0.009000105108434298
1473	7	-0.04440617595876972
1473	8	-0.03667858345845332
1473	9	-0.008176194973763984
1473	10-14	0.0125555670274764
1473	15-19	-0.023854959589428404
1473	20-24	-0.008346480848835824
1473	25-29	-0.03783007515768588
1473	30-34	-0.008570560527900284
1473	35-39	0.01954238542359832
1473	40-44	0.003028572569313326
1473	45-49	-0.0198212414620329
1473	50-54	-0.020440893230059487
1473	55-59	0.021679951336587067
1473	60-64	0.03871210562748928
1473	65-69	0.024333762915901502
1473	70-74	0.02755974346857215
1473	75-79	-0.004681425412563556
1473	80-84	0.03787565344858734
1473	85-89	0.07497566569490743
1473	90-94	0.09337088120836512
1473	95-99	0.05270738019007126
1473	100-104	0.049974226923822584
1473	105-109	0.07441390971325035
1473	110-114	0.05802706694392157
1473	115-119	0.09944090180049159
1473	120-124	0.12294003224155148
1473	125-129	0.16022164304319375
1473	130-134	0.14584895493253214
1473	135-139	0.0985739040358169
1473	140-144	0.14892514398157886
1473	145-149	0.12752565145460437
1473	150	0.2720644343919716
1474	1	0.07599998526620055
1474	2	0.0730103953821839
1474	3	0.04685096997214799
1474	4	0.050104703874851
1474	5	0.018765702501006842
1474	6	0.03633633324859886
1474	7	0.03643652330497815
1474	8	-0.04593888734117968
1474	9	-0.03220739291801067
1474	10-14	0.04354869207094225
1474	15-19	-0.008378231069229969
1474	20-24	0.03367258199402556
1474	25-29	0.02206565304467034
1474	30-34	0.024945979624796166
1474	35-39	-0.01643944975732836
1474	40-44	0.028490208671676953
1474	45-49	0.05662568349747943
1474	50-54	0.05425750194887513
1474	55-59	0.06445958187364909
1474	60-64	0.039086674880778105
1474	65-69	0.049676780135342824
1474	70-74	0.07502201072488646
1474	75-79	0.06959493936723504
1474	80-84	0.07215514001639889
1474	85-89	0.08020009574771336
1474	90-94	0.08404242130783501
1474	95-99	0.07265876593092457
1474	100-104	0.08570845991205545
1474	105-109	0.10545567393579347
1474	110-114	0.12016383342852066
1474	115-119	0.11691093048332846
1474	120-124	0.14628228464558646
1474	125-129	0.1376238396673628
1474	130-134	0.13422997935474257
1474	135-139	0.14857186513217613
1474	140-144	0.13919881469003315
1474	145-149	0.2073313076904597
1474	150	0.2393380486907546
1475	1	0.00827826438276702
1475	2	0.01254247108415285
1475	3	0.040719521833565864
1475	4	0.00989529142599821
1475	5	-0.06632632016705031
1475	6	-1.6483811045020502E-4
1475	7	0.023553224546603246
1475	8	-0.002811664929595281
1475	9	-0.028223018931946342
1475	10-14	9.7918866388369E-4
1475	15-19	0.017270581621936287
1475	20-24	0.01734698584638039
1475	25-29	0.00390910965702318
1475	30-34	-0.0033403661471069768
1475	35-39	0.01201977080449268
1475	40-44	0.0016118959023074808
1475	45-49	-0.010744595517984123
1475	50-54	0.07002740554656839
1475	55-59	0.05316374842363558
1475	60-64	0.005174253693354558
1475	65-69	0.021833237455595622
1475	70-74	0.06540112166690193
1475	75-79	0.03668455442511487
1475	80-84	0.02797044985788233
1475	85-89	0.09067653570876644
1475	90-94	0.08567626737970357
1475	95-99	0.11450845673721233
1475	100-104	0.030171081729875482
1475	105-109	0.07644126174537291
1475	110-114	0.08122425661142074
1475	115-119	0.11501469269870057
1475	120-124	0.12994238947020875
1475	125-129	0.1442922413434502
1475	130-134	0.1542528190915533
1475	135-139	0.15570135352982106
1475	140-144	0.15387891834431855
1475	145-149	0.17106130015159948
1475	150	0.256378994685285
1476	1	0.0772441238542072
1476	2	0.06240852794248042
1476	3	0.029255784473690483
1476	4	0.09745861682073809
1476	5	0.028217186570827835
1476	6	0.006568024975962317
1476	7	0.02522764215374451
1476	8	0.06518020779093803
1476	9	0.03327344132550536
1476	10-14	0.054415264024306964
1476	15-19	0.05454370162958355
1476	20-24	0.04754315325757119
1476	25-29	0.06963732446069315
1476	30-34	0.044310743539568875
1476	35-39	0.07945872523234243
1476	40-44	0.047811858873011204
1476	45-49	0.056685905827372096
1476	50-54	0.07440939908914146
1476	55-59	0.10648039690077127
1476	60-64	0.08939312441857794
1476	65-69	0.06800941543712469
1476	70-74	0.09471840806087073
1476	75-79	0.09489611945115684
1476	80-84	0.11999288463539415
1476	85-89	0.13421062918068571
1476	90-94	0.11646393381901277
1476	95-99	0.0885677261923945
1476	100-104	0.11565428718894566
1476	105-109	0.12560086449840924
1476	110-114	0.14519113878036194
1476	115-119	0.15888726310769385
1476	120-124	0.23029873081640773
1476	125-129	0.2617420615757027
1476	130-134	0.21910226695469248
1476	135-139	0.21156674897152072
1476	140-144	0.21230694388334825
1476	145-149	0.27168762679217195
1476	150	0.29207980712804016
1477	1	0.1191437264202122
1477	2	0.014839444239477473
1477	3	0.04241563209650678
1477	4	0.03050638036125264
1477	5	-0.009040876172065282
1477	6	0.03867057723881118
1477	7	0.025152058233608443
1477	8	-0.02243598530811397
1477	9	0.03160853370279426
1477	10-14	0.0416132719070319
1477	15-19	0.020092688255353153
1477	20-24	0.035995854214604606
1477	25-29	0.030478257413626864
1477	30-34	0.0346891853564415
1477	35-39	0.04444591719351365
1477	40-44	0.04451557540307505
1477	45-49	0.05837238922364918
1477	50-54	0.036987387952194695
1477	55-59	0.04704601198896796
1477	60-64	0.08285800125801046
1477	65-69	0.09854394492035823
1477	70-74	0.1062292893968646
1477	75-79	0.08242752113434193
1477	80-84	0.09614162279620331
1477	85-89	0.09975508077124573
1477	90-94	0.11053485627266468
1477	95-99	0.12676357924627268
1477	100-104	0.07675165576911525
1477	105-109	0.1206924447245541
1477	110-114	0.1618513464574889
1477	115-119	0.13538382472643917
1477	120-124	0.16248868557599394
1477	125-129	0.19097187517201775
1477	130-134	0.1719347400055895
1477	135-139	0.17637597515708592
1477	140-144	0.2223653771248877
1477	145-149	0.2388800826923827
1477	150	0.25899260252374745
1478	1	0.03187562022591095
1478	2	0.04474144401002178
1478	3	0.06714800035120305
1478	4	0.014739749849610462
1478	5	-6.708239466490795E-5
1478	6	0.03841804055928577
1478	7	-0.018486851338145982
1478	8	0.017880467148025048
1478	9	0.002939278592300809
1478	10-14	0.04791864428779036
1478	15-19	0.010980764913142593
1478	20-24	0.04263898583397463
1478	25-29	-0.007819010025222894
1478	30-34	-0.017210678936521617
1478	35-39	-0.012573334100366651
1478	40-44	-0.016288377972941248
1478	45-49	0.012116262638095066
1478	50-54	0.014880167048652027
1478	55-59	0.004036307267192285
1478	60-64	-0.015256566748867328
1478	65-69	-0.017547258072973193
1478	70-74	0.02371875713181737
1478	75-79	0.0046699691449347824
1478	80-84	-3.8952880304776727E-4
1478	85-89	0.079712010126336
1478	90-94	0.054343685320652924
1478	95-99	0.060103003170098646
1478	100-104	0.042593270248680426
1478	105-109	0.10578767276403767
1478	110-114	0.07455662678234631
1478	115-119	0.13122008908504057
1478	120-124	0.07740836977030341
1478	125-129	0.1338586825187491
1478	130-134	0.17533718611471727
1478	135-139	0.14657212188157587
1478	140-144	0.18099187011944906
1478	145-149	0.18766059335126073
1478	150	0.22533877614739595
1479	1	0.06607342673893157
1479	2	0.015968489152214715
1479	3	0.025378862671409763
1479	4	0.03868834948947608
1479	5	0.01951060043005981
1479	6	0.013520604311707984
1479	7	0.017024143677232928
1479	8	0.01987568696699782
1479	9	0.0103780304113954
1479	10-14	0.032914591249124214
1479	15-19	0.02611652290036659
1479	20-24	0.027125453357754736
1479	25-29	0.022634551304463457
1479	30-34	0.015165004716557462
1479	35-39	0.020387447480722187
1479	40-44	0.017886080947889127
1479	45-49	0.018879069866962084
1479	50-54	0.0542092201604234
1479	55-59	0.03051837048801076
1479	60-64	0.04268639965982146
1479	65-69	0.038529297727933454
1479	70-74	0.04285556110478694
1479	75-79	0.03811506563813083
1479	80-84	0.05809598522823478
1479	85-89	0.0631625304491763
1479	90-94	0.10796272535021245
1479	95-99	0.05768476722434457
1479	100-104	0.0886053672198912
1479	105-109	0.0974417829551868
1479	110-114	0.11820007872952942
1479	115-119	0.1773228169576413
1479	120-124	0.14429697294013266
1479	125-129	0.09820168556134945
1479	130-134	0.13113625362483106
1479	135-139	0.15211769739504177
1479	140-144	0.1870162416103014
1479	145-149	0.19154951184417968
1479	150	0.23209651867484382
1480	1	0.06900482050853896
1480	2	0.0121263530382123
1480	3	0.003689481015896945
1480	4	0.03460887113490685
1480	5	-0.0022899807736678213
1480	6	0.017639949847108483
1480	7	0.016518783458650432
1480	8	0.06229696126758455
1480	9	0.020414691864878876
1480	10-14	0.008070762612589988
1480	15-19	0.02015417454860824
1480	20-24	0.051159341025346805
1480	25-29	0.003938512619200196
1480	30-34	-0.017494020646473984
1480	35-39	-0.0074725504836266055
1480	40-44	0.005395721390470953
1480	45-49	0.004356510371401612
1480	50-54	0.04345931397798353
1480	55-59	0.04870028606939769
1480	60-64	0.040486114725077016
1480	65-69	0.04552342225281336
1480	70-74	0.05421236194116119
1480	75-79	0.04267932214482073
1480	80-84	0.09920231923231881
1480	85-89	0.1012483193217264
1480	90-94	0.10549638478241974
1480	95-99	0.15791656640427476
1480	100-104	0.18506217857284213
1480	105-109	0.12017488402130994
1480	110-114	0.14471737034385512
1480	115-119	0.1644214927413188
1480	120-124	0.15712909630171623
1480	125-129	0.2140071055243169
1480	130-134	0.19782033328363724
1480	135-139	0.2222113852699863
1480	140-144	0.24111222790998
1480	145-149	0.2248251195296902
1480	150	0.3632792798126303
1481	1	0.03249197847343055
1481	2	0.09600219123445441
1481	3	0.03316561174025168
1481	4	0.034846862995415506
1481	5	-0.02513100078915187
1481	6	0.016870983075833124
1481	7	-0.01878237576359254
1481	8	0.012753481974442593
1481	9	-0.007462997947847327
1481	10-14	0.023068378428888536
1481	15-19	0.02916360806827356
1481	20-24	-7.166404778260471E-4
1481	25-29	0.020756569974388128
1481	30-34	-0.030726629682718
1481	35-39	0.02760716541607877
1481	40-44	-0.007494702550665977
1481	45-49	-0.02340059689867502
1481	50-54	0.04609659362581198
1481	55-59	0.04531767391964081
1481	60-64	0.032065786410043984
1481	65-69	0.0644007546512455
1481	70-74	0.06676342143143899
1481	75-79	0.0586605466627006
1481	80-84	0.08137965757342869
1481	85-89	0.08846232746007843
1481	90-94	0.09034030107639524
1481	95-99	0.07014566868589611
1481	100-104	0.10674198597288154
1481	105-109	0.08603085999124005
1481	110-114	0.09717787919149856
1481	115-119	0.14477664938801382
1481	120-124	0.13818133878498884
1481	125-129	0.094299076327232
1481	130-134	0.141459436398371
1481	135-139	0.17374410687608588
1481	140-144	0.19496728375845152
1481	145-149	0.2075390172022864
1481	150	0.1383471160230485
1482	1	0.14774315645930614
1482	2	0.0982266884444627
1482	3	0.08187011384865173
1482	4	0.059449736472792836
1482	5	0.054806723196357154
1482	6	0.12224691181450709
1482	7	0.08967429066326105
1482	8	0.04311974956718245
1482	9	0.027331642868055894
1482	10-14	0.04461398090970903
1482	15-19	0.08077980013155894
1482	20-24	0.03742190597088069
1482	25-29	0.08890136556735229
1482	30-34	0.08341088847099343
1482	35-39	0.0705380204118029
1482	40-44	0.03960934123724513
1482	45-49	0.08487069764073141
1482	50-54	0.07494284860622002
1482	55-59	0.06868188163915079
1482	60-64	0.09087437544958021
1482	65-69	0.08934847444511718
1482	70-74	0.11635517645485294
1482	75-79	0.13304336950525197
1482	80-84	0.1689297597376367
1482	85-89	0.15695463054075276
1482	90-94	0.13942915234151343
1482	95-99	0.14837406825580501
1482	100-104	0.1363054438757132
1482	105-109	0.19182718466034743
1482	110-114	0.15636579457109434
1482	115-119	0.20633644017387098
1482	120-124	0.18469711397177946
1482	125-129	0.16561891414324492
1482	130-134	0.20565220841542953
1482	135-139	0.2398376002721534
1482	140-144	0.2762034173715904
1482	145-149	0.2679591700560451
1482	150	0.23629382658790377
1483	1	0.03515103075803694
1483	2	-0.053056560011114584
1483	3	0.04029375893234999
1483	4	0.05463404331549526
1483	5	0.01928174851450848
1483	6	-5.371746163760349E-4
1483	7	-0.0091700447145584
1483	8	-0.04602907179481264
1483	9	-6.322643241816195E-4
1483	10-14	-0.009477243545873648
1483	15-19	-0.0038278883682991705
1483	20-24	-0.0058665328276603645
1483	25-29	0.007264321383416927
1483	30-34	-0.030691793238588616
1483	35-39	-0.03970039003509385
1483	40-44	-0.022213877894493805
1483	45-49	0.018851183501233493
1483	50-54	-0.010289233373896423
1483	55-59	0.019681687941485393
1483	60-64	0.018434878249621534
1483	65-69	0.0023899512935088296
1483	70-74	0.01647511583188077
1483	75-79	0.0028168804094477196
1483	80-84	0.026364998046631172
1483	85-89	0.04461903850632609
1483	90-94	0.01741714743008771
1483	95-99	0.023814558977889533
1483	100-104	0.05305398195559263
1483	105-109	0.056359461955615586
1483	110-114	0.047257289071744424
1483	115-119	0.10430372350097628
1483	120-124	0.06307848278270711
1483	125-129	0.062078522064652475
1483	130-134	0.14250379776792244
1483	135-139	0.14744195110234415
1483	140-144	0.15646666558597389
1483	145-149	0.18077766311336063
1483	150	0.26914852836294045
1484	1	0.03352088743320536
1484	2	0.11690578911581895
1484	3	0.03445416567524262
1484	4	0.12241672600143971
1484	5	0.00502780087152388
1484	6	0.014294553868381854
1484	7	-0.01637900550282012
1484	8	0.035498969978469574
1484	9	0.016575907739351692
1484	10-14	0.018962402219912633
1484	15-19	0.041607032709144676
1484	20-24	0.02333368936206881
1484	25-29	0.04296144671329216
1484	30-34	0.020945955345425205
1484	35-39	0.04312493134496975
1484	40-44	0.0237062646113273
1484	45-49	0.030267742360088334
1484	50-54	0.06536588163218227
1484	55-59	0.05880913449276193
1484	60-64	0.06076234177068329
1484	65-69	0.06379485605015844
1484	70-74	0.07754170229610224
1484	75-79	0.06291309135736611
1484	80-84	0.06389250345343811
1484	85-89	0.057038430966066755
1484	90-94	0.08646030818085393
1484	95-99	0.08911157191659669
1484	100-104	0.12104962873385716
1484	105-109	0.10652706806329348
1484	110-114	0.11063782720086124
1484	115-119	0.13139120721405817
1484	120-124	0.12667407255730012
1484	125-129	0.14784018898258466
1484	130-134	0.15551053340970356
1484	135-139	0.177284870303005
1484	140-144	0.17730091748479282
1484	145-149	0.18043227407636664
1484	150	0.26213889523105394
1485	1	0.057682367793894684
1485	2	0.08019774331735618
1485	3	0.061365624811976716
1485	4	0.04739344380566024
1485	5	0.03059587989235979
1485	6	0.026409191017513933
1485	7	0.03065029065689373
1485	8	0.0509549275911354
1485	9	0.03453828813013615
1485	10-14	0.01971787777304712
1485	15-19	0.010968268464843334
1485	20-24	0.02214314970196085
1485	25-29	0.030204123036050134
1485	30-34	-0.020827530713418696
1485	35-39	-0.032240054615122915
1485	40-44	0.012585614921086119
1485	45-49	-0.012565962765798133
1485	50-54	0.011662727068674883
1485	55-59	0.04035430786710492
1485	60-64	0.022766724495305368
1485	65-69	0.042748816796581934
1485	70-74	0.05043473995078074
1485	75-79	0.02926226757593753
1485	80-84	0.06869748107962437
1485	85-89	0.01742401721610065
1485	90-94	0.03105236206738482
1485	95-99	0.05010742635916188
1485	100-104	0.09949371211281033
1485	105-109	0.07374274565965067
1485	110-114	0.10136957571279481
1485	115-119	0.05375183787400317
1485	120-124	0.07024845853463546
1485	125-129	0.07131743880182029
1485	130-134	0.09258855276546285
1485	135-139	0.11651215277075266
1485	140-144	0.16569590103471654
1485	145-149	0.20100245010597462
1485	150	0.18858063165642136
1486	1	0.0986678398431664
1486	2	0.09001394598449508
1486	3	-0.036745614061409526
1486	4	0.015706914184775655
1486	5	0.006953261042028203
1486	6	0.0030661302852479366
1486	7	-0.0078075895446900745
1486	8	-0.06521289034989053
1486	9	-0.016931156239557765
1486	10-14	0.02431373527529246
1486	15-19	-0.0038658922395455875
1486	20-24	-0.01210039947520869
1486	25-29	0.011745342811764203
1486	30-34	0.002035517910670137
1486	35-39	0.014515731528021547
1486	40-44	0.00334157275396052
1486	45-49	0.04822646958263732
1486	50-54	0.05635085431413245
1486	55-59	0.009161655872681251
1486	60-64	-0.012781273316548436
1486	65-69	0.04085004979958029
1486	70-74	0.07065809277580826
1486	75-79	0.06316001027742146
1486	80-84	0.04726590676632014
1486	85-89	0.046119044410886545
1486	90-94	0.05189726989679855
1486	95-99	0.05973256802705862
1486	100-104	0.09103911682555577
1486	105-109	0.03422560278340825
1486	110-114	0.09061429317787173
1486	115-119	0.10170228336557585
1486	120-124	0.04916437051466005
1486	125-129	0.08606346245152707
1486	130-134	0.10857372003175669
1486	135-139	0.15254364592470182
1486	140-144	0.1619587730588421
1486	145-149	0.16175253868967587
1486	150	0.17492051180283852
1487	1	0.07102189105265211
1487	2	0.020798380400506744
1487	3	0.0409197789150042
1487	4	0.003815339351930902
1487	5	-0.02136917108116876
1487	6	0.03745458603447105
1487	7	0.01284801272877445
1487	8	0.04261823794995934
1487	9	0.016112937212881207
1487	10-14	0.009256911293960002
1487	15-19	0.010538956800182575
1487	20-24	-0.0048543401213763104
1487	25-29	0.0019670458974943017
1487	30-34	-0.02635874100714375
1487	35-39	-0.04666218403837519
1487	40-44	-0.020531231058278365
1487	45-49	-0.012069233884950847
1487	50-54	-0.015402865036669766
1487	55-59	2.12302704682088E-4
1487	60-64	-0.007759921266561776
1487	65-69	0.028496740927785424
1487	70-74	-0.027333169572237637
1487	75-79	0.030100305238555336
1487	80-84	0.024017397698123943
1487	85-89	-0.014732478773254343
1487	90-94	0.01612946075182009
1487	95-99	0.012843955515236871
1487	100-104	0.030937545909665687
1487	105-109	0.05610639966041475
1487	110-114	0.04878248496418536
1487	115-119	0.025954191159357265
1487	120-124	0.029890444254100146
1487	125-129	0.010419511224235123
1487	130-134	0.11213631104895683
1487	135-139	0.13316705773682003
1487	140-144	0.12650274574081521
1487	145-149	0.13524017328406757
1487	150	0.053745020081450434
1488	1	0.039582358199830026
1488	2	0.0399396244624981
1488	3	-0.01130774053936534
1488	4	-0.04870431099748629
1488	5	-0.034966598573312524
1488	6	-0.02183316246956224
1488	7	-0.039211776613718996
1488	8	0.016959806753874318
1488	9	-0.01997765700182441
1488	10-14	-0.010480213659690207
1488	15-19	-0.0428342585196404
1488	20-24	-0.0023425503393141867
1488	25-29	-0.036810411392117715
1488	30-34	-0.04696339893848034
1488	35-39	-0.05822543637770394
1488	40-44	-0.014948782971167418
1488	45-49	0.010498960990986461
1488	50-54	-0.04949929531287012
1488	55-59	-0.04067033282454702
1488	60-64	-0.03187902104844653
1488	65-69	0.015609811804161211
1488	70-74	-0.011235674021683906
1488	75-79	-0.02919999736835166
1488	80-84	0.010654552911056214
1488	85-89	-0.02637847872792065
1488	90-94	-0.023296659393281516
1488	95-99	0.03239801405515408
1488	100-104	0.028814750877202755
1488	105-109	0.034359637636924845
1488	110-114	0.0775590086777953
1488	115-119	-0.021948627997844028
1488	120-124	0.05334090407947656
1488	125-129	0.022611084439468243
1488	130-134	0.05467589716550236
1488	135-139	0.10063009561021374
1488	140-144	0.05550927122323657
1488	145-149	0.1290963595363266
1488	150	0.12355489697341682
2101	1	-0.028057164596361872
2101	2	-0.026123267923217952
2101	3	-0.03525912312605328
2101	4	-0.1405646982809472
2101	5	0.022810469794876553
2101	6	-0.06886786589461735
2101	7	-0.036575705158583105
2101	8	0.020881810602425332
2101	9	0.031357280278186295
2101	10-14	-0.002860141451698439
2101	15-19	-0.014005973143518702
2101	20-24	-0.017652943674328014
2101	25-29	-0.003941163030120265
2101	30-34	0.02215239335226471
2101	35-39	0.03067819350751222
2101	40-44	0.005932590339369881
2101	45-49	0.021123111221932334
2101	50-54	0.00690717470934743
2101	55-59	-0.00855766854620299
2101	60-64	-0.030289189498830638
2101	65-69	4.994455041824608E-4
2101	70-74	-0.0015672291921760007
2101	75-79	-0.03698911611849098
2101	80-84	-0.010381474722251482
2101	85-89	-0.042700049544379226
2101	90-94	-0.09013172536578651
2101	95-99	-0.04138166377128982
2101	100-104	-0.046841349770566865
2101	105-109	-0.04637135807326587
2101	110-114	-0.09123945378651399
2101	115-119	-0.08472982141184815
2101	120-124	-0.12529107948908091
2101	125-129	-0.14440223413274111
2101	130-134	-0.16098791200458606
2101	135-139	-0.16700838499077975
2101	140-144	-0.15638627029672847
2101	145-149	-0.26170577157914465
2101	150	-0.2413711155424778
2102	1	0.003463360801525539
2102	2	-0.016261249715441295
2102	3	0.03245275790128943
2102	4	0.017607317122063648
2102	5	0.026091570528123498
2102	6	-0.00453027023209529
2102	7	0.09517022951358456
2102	8	0.05686069999978116
2102	9	0.018231691119339644
2102	10-14	0.04295203312700835
2102	15-19	0.058030913735876766
2102	20-24	0.04100118027942301
2102	25-29	0.038716230689324505
2102	30-34	0.06894106906025144
2102	35-39	0.059734268776445276
2102	40-44	0.048244212400426534
2102	45-49	0.012509292586905474
2102	50-54	0.054319225287905226
2102	55-59	-0.0017540569365763758
2102	60-64	0.045232486274542794
2102	65-69	3.1956094240825905E-4
2102	70-74	0.0231037117538051
2102	75-79	0.015934930630400856
2102	80-84	0.015146079459270823
2102	85-89	-0.0014485707161355776
2102	90-94	0.013170279303189147
2102	95-99	4.951142494746819E-4
2102	100-104	-0.024381112061448107
2102	105-109	-0.01001055666962003
2102	110-114	-0.0318574352834986
2102	115-119	7.099678722752856E-4
2102	120-124	-0.06366190107437575
2102	125-129	-0.014605611238692973
2102	130-134	-0.0761844933543756
2102	135-139	-0.05566598326828398
2102	140-144	-0.1236050240531128
2102	145-149	-0.20942360482425926
2102	150	-0.12181417880996293
2103	1	0.009166053543538055
2103	2	0.02743525743686348
2103	3	0.024439643339704276
2103	4	0.005973949747627216
2103	5	0.07150039926607832
2103	6	0.05336631733968744
2103	7	0.06235446771461994
2103	8	0.0564091267871234
2103	9	0.030623119576937086
2103	10-14	0.02576883031369448
2103	15-19	0.05541876158682868
2103	20-24	0.048083887574534856
2103	25-29	0.03568064428241513
2103	30-34	0.028706885328475096
2103	35-39	0.04452320433496482
2103	40-44	0.01994308180946547
2103	45-49	0.015593188349832587
2103	50-54	0.01067156484474907
2103	55-59	0.015553720057155829
2103	60-64	0.056980388500385004
2103	65-69	-0.005411401816132866
2103	70-74	0.01600715123316121
2103	75-79	0.012450300502358402
2103	80-84	0.01902557238665281
2103	85-89	-0.025268477735693295
2103	90-94	-0.030309228932196675
2103	95-99	-0.0354686193953313
2103	100-104	-0.036251779815749785
2103	105-109	-0.025161909384010528
2103	110-114	-0.012299760780045688
2103	115-119	-0.08555334668952241
2103	120-124	-0.08874798242283077
2103	125-129	-0.08013401546244125
2103	130-134	-0.10290424614048277
2103	135-139	-0.11871667847215406
2103	140-144	-0.09270316989651661
2103	145-149	-0.11429374099216005
2103	150	-0.29255020317276603
2104	1	0.10060514730145087
2104	2	-0.010986486363151471
2104	3	0.01664526812583489
2104	4	0.02615150711224601
2104	5	-0.005575253641183053
2104	6	0.016199505116645696
2104	7	0.07894535774698141
2104	8	0.0629012543040659
2104	9	0.052680471261410844
2104	10-14	0.030888210432976848
2104	15-19	0.05314346249606672
2104	20-24	0.04016759756691357
2104	25-29	0.017805668562402843
2104	30-34	0.07877132059196157
2104	35-39	0.08018353192660754
2104	40-44	0.06780312626223406
2104	45-49	0.07445651082780813
2104	50-54	0.021097915705972525
2104	55-59	0.016935284859897592
2104	60-64	0.09995074030529594
2104	65-69	0.0759200922513088
2104	70-74	0.07118313770919116
2104	75-79	0.06510498360379557
2104	80-84	0.019409531497096566
2104	85-89	-0.010244476172552197
2104	90-94	0.02101786137519923
2104	95-99	-0.013328761050438231
2104	100-104	0.05131661150041822
2104	105-109	0.012913965441121888
2104	110-114	0.00967686354099584
2104	115-119	0.014876857667672994
2104	120-124	-0.00973848410714595
2104	125-129	0.03802163776772716
2104	130-134	-0.04900671750162644
2104	135-139	-0.06263792942337432
2104	140-144	-0.06011160241330771
2104	145-149	-0.0666918659426301
2104	150	-0.08968764381550187
2105	1	0.0604796760235331
2105	2	0.040990424447798546
2105	3	-0.011104054665437957
2105	4	0.010684563526936586
2105	5	0.03848114558851279
2105	6	0.03830671033819755
2105	7	0.03257784501207084
2105	8	0.024534655320863408
2105	9	0.007176433945225824
2105	10-14	0.011498039947461791
2105	15-19	0.011965620576106062
2105	20-24	0.03062647350267156
2105	25-29	0.004633438833650416
2105	30-34	0.07657975294416275
2105	35-39	0.08013333543507173
2105	40-44	0.05534206669929631
2105	45-49	0.03396517974793056
2105	50-54	0.008627199902207394
2105	55-59	0.03423108853495904
2105	60-64	0.023399694154349504
2105	65-69	0.015055689115222037
2105	70-74	0.05494158006178651
2105	75-79	0.03956913456036659
2105	80-84	-0.007038752500129419
2105	85-89	-0.0039213143123078
2105	90-94	-0.02670814877682659
2105	95-99	0.005085929603211525
2105	100-104	0.0527469321963423
2105	105-109	0.022476397078079913
2105	110-114	-0.0317701560672532
2105	115-119	-0.028748162969051805
2105	120-124	0.017992005024346724
2105	125-129	0.02319619576776688
2105	130-134	-0.060013555177519606
2105	135-139	-0.10592893191175534
2105	140-144	-0.1124627125069182
2105	145-149	-0.07495601201123492
2105	150	-0.2424879785917824
2106	1	0.043337888394731294
2106	2	0.061352928246549254
2106	3	0.06844125426096781
2106	4	0.06129411603973978
2106	5	0.0696574613048142
2106	6	0.0665874228484995
2106	7	0.08136332542761693
2106	8	0.06922773406166982
2106	9	0.06288139692493644
2106	10-14	0.06800178309610772
2106	15-19	0.06542443004836684
2106	20-24	0.06084377121872109
2106	25-29	0.020544628558063494
2106	30-34	0.09719980429374431
2106	35-39	0.09355044666870782
2106	40-44	0.08046494431003737
2106	45-49	0.061786498305338
2106	50-54	0.04507744545667691
2106	55-59	0.01950710147831103
2106	60-64	0.029708752620578593
2106	65-69	0.035692937960277504
2106	70-74	0.0916340894784895
2106	75-79	0.028806754530044998
2106	80-84	0.029681192609743334
2106	85-89	0.05674805035364727
2106	90-94	0.017710706865024406
2106	95-99	0.03897290518708019
2106	100-104	0.08199643249032817
2106	105-109	0.04762923981906653
2106	110-114	0.03066348426813903
2106	115-119	0.008078246013560886
2106	120-124	0.003552010850079057
2106	125-129	-0.012130712059310156
2106	130-134	-0.026427194491105865
2106	135-139	-0.03486620398011553
2106	140-144	0.013792359206810545
2106	145-149	-0.02793773820013712
2106	150	-0.2066917598124718
2107	1	-0.0023214064736052364
2107	2	0.014414024245567703
2107	3	0.019757213076275093
2107	4	0.01645357854291518
2107	5	0.03623262856520171
2107	6	0.02208635689159877
2107	7	0.08354952485566258
2107	8	0.040904869179406944
2107	9	0.06468088750753509
2107	10-14	0.041834836970288336
2107	15-19	0.05401588204791352
2107	20-24	0.05272974402291197
2107	25-29	0.02321755521817437
2107	30-34	0.021239357031682005
2107	35-39	0.051255274775407145
2107	40-44	0.022123185183296812
2107	45-49	0.023376564293208446
2107	50-54	0.02474855588645397
2107	55-59	-0.013463331424823366
2107	60-64	-0.03207081154513958
2107	65-69	0.023330142170536305
2107	70-74	0.006818999131560588
2107	75-79	0.0013041109013585128
2107	80-84	0.0036086668770991537
2107	85-89	4.3017595378813667E-4
2107	90-94	-0.04803910877733131
2107	95-99	-0.008649225104250036
2107	100-104	0.02771780002455415
2107	105-109	-0.002652750629508205
2107	110-114	-0.024823474406403534
2107	115-119	-0.0349664741602993
2107	120-124	-0.05573149885054107
2107	125-129	-0.05199215291098369
2107	130-134	-0.09375515632607545
2107	135-139	-0.06044572676404414
2107	140-144	-0.086534906538688
2107	145-149	-0.029529411747382994
2107	150	-0.2970170106869574
2108	1	0.039343684896003595
2108	2	0.012971290568046356
2108	3	0.05650921690521926
2108	4	-0.04061291111826648
2108	5	0.016725852880490777
2108	6	0.024195109133032133
2108	7	0.018382840715965187
2108	8	0.03476989609297476
2108	9	0.00994978850061301
2108	10-14	0.023324248487668342
2108	15-19	0.019979056814058538
2108	20-24	0.013118281419032485
2108	25-29	0.032297356258673915
2108	30-34	0.02968819455101368
2108	35-39	0.03954679512678183
2108	40-44	0.04791635321022625
2108	45-49	0.008955794377932591
2108	50-54	8.468887555466154E-4
2108	55-59	0.03011338377053363
2108	60-64	0.032458641945659394
2108	65-69	-0.007958452181519249
2108	70-74	0.030531916724072516
2108	75-79	-0.0027232679998547837
2108	80-84	-0.006384159305270032
2108	85-89	0.02771468877077865
2108	90-94	0.032718840375970615
2108	95-99	-0.009922174116866245
2108	100-104	0.03451065803304232
2108	105-109	0.005899508121665065
2108	110-114	-0.02554860833389938
2108	115-119	-0.03787790922287826
2108	120-124	-0.03232895394708635
2108	125-129	-0.024905258980552958
2108	130-134	-0.04509116831155069
2108	135-139	-0.04257424906865026
2108	140-144	-0.10916558654044195
2108	145-149	-0.05575565192511078
2108	150	-0.1571678945120567
2109	1	2.935353839035315E-4
2109	2	-0.005361884674606188
2109	3	-0.0226279618586247
2109	4	0.03168330921960916
2109	5	0.07098709735168995
2109	6	0.01961894935830344
2109	7	0.019571580633034102
2109	8	-2.3304332938067773E-4
2109	9	0.06095252464451306
2109	10-14	0.029316891883127028
2109	15-19	0.02701046905517046
2109	20-24	0.02502475789972891
2109	25-29	0.02445732682054569
2109	30-34	0.06631432836384477
2109	35-39	0.022414878454448228
2109	40-44	0.0526149456799061
2109	45-49	0.09640264497877382
2109	50-54	0.04744365761265357
2109	55-59	0.04187385364174645
2109	60-64	0.05458923956967254
2109	65-69	0.07183722636874279
2109	70-74	0.10628634518103297
2109	75-79	0.10185778748625296
2109	80-84	0.060823847098532724
2109	85-89	0.036159418384499986
2109	90-94	0.05497969319026197
2109	95-99	0.06755728750919587
2109	100-104	0.08181701236041761
2109	105-109	0.09060373598084226
2109	110-114	0.024955975874533465
2109	115-119	0.017172236564221066
2109	120-124	-0.01946893124854654
2109	125-129	0.003072999803819698
2109	130-134	-0.029989801144239436
2109	135-139	0.020479360434244143
2109	140-144	-0.005691547180781242
2109	145-149	0.014785469190137235
2109	150	-0.15481808609001746
2110	1	0.03670358832020071
2110	2	0.016717344525325473
2110	3	0.02483906455000806
2110	4	0.007456671781973512
2110	5	0.02164980950190909
2110	6	-3.9910386895769534E-4
2110	7	0.02862497652443352
2110	8	-0.016054613960150732
2110	9	0.00464543461975353
2110	10-14	0.013634655134559637
2110	15-19	0.00362036394307097
2110	20-24	0.04589190796966136
2110	25-29	0.022382329879015117
2110	30-34	0.012144766898558146
2110	35-39	0.021449778054041246
2110	40-44	0.022058211925333637
2110	45-49	-0.011493148883793936
2110	50-54	6.142209328530157E-4
2110	55-59	0.04967722556137488
2110	60-64	0.06814403904989064
2110	65-69	0.02542273617402202
2110	70-74	0.006889904907133371
2110	75-79	0.009957906849159315
2110	80-84	6.219286951605341E-4
2110	85-89	0.0015367936568679852
2110	90-94	0.014337209912646642
2110	95-99	-0.011371884985095448
2110	100-104	-0.013657446952045404
2110	105-109	0.04560275396463709
2110	110-114	-0.05753058174535397
2110	115-119	-0.057128815879416095
2110	120-124	-0.042702389896398074
2110	125-129	-0.08838558853961587
2110	130-134	-0.050693652168739334
2110	135-139	-0.09044468044672982
2110	140-144	-0.06422303286879583
2110	145-149	-0.02354862132068547
2110	150	-0.2838100481055008
2111	1	0.01023695719538864
2111	2	0.040305986818296446
2111	3	0.02470637497469852
2111	4	0.03436555699430954
2111	5	0.12019264368916538
2111	6	-0.03488811467919106
2111	7	-0.013533665276284523
2111	8	-1.0543380051331042E-4
2111	9	0.018404702824732055
2111	10-14	0.0044479711474991745
2111	15-19	0.020807468425260822
2111	20-24	0.027931159187971843
2111	25-29	0.0266163821422154
2111	30-34	0.06598508387178725
2111	35-39	0.07447944715606525
2111	40-44	0.06309084785414854
2111	45-49	0.07300465394570921
2111	50-54	0.06055011544864897
2111	55-59	0.04866674238409985
2111	60-64	0.042063329013828366
2111	65-69	0.06260419734455525
2111	70-74	0.05677437720659384
2111	75-79	0.016784331631008342
2111	80-84	0.02081042064442329
2111	85-89	0.008704780628185915
2111	90-94	0.022747259412597032
2111	95-99	-0.0010086155686792608
2111	100-104	-0.012951949562200582
2111	105-109	0.03294853362017136
2111	110-114	-0.017469396366237788
2111	115-119	-0.0027575537182187304
2111	120-124	-0.044834874230041066
2111	125-129	-0.021110745745552606
2111	130-134	-0.03728585114971139
2111	135-139	-0.023783813943090593
2111	140-144	-0.033451773043701394
2111	145-149	-0.010613563623579125
2111	150	-0.03294999372479879
2112	1	-0.04488327440025586
2112	2	-0.07708852870997873
2112	3	0.01987069288564669
2112	4	-0.01953339985306002
2112	5	0.028541854242391196
2112	6	-0.006175150117549322
2112	7	0.02070239263603213
2112	8	0.05424323698869671
2112	9	0.03754560637627691
2112	10-14	0.041509147196052254
2112	15-19	0.04567775575740285
2112	20-24	0.040838747230687034
2112	25-29	0.026577210696743236
2112	30-34	0.024832965968556664
2112	35-39	0.050420830795857796
2112	40-44	0.06380962577478044
2112	45-49	0.040562986175494586
2112	50-54	0.04923153901756194
2112	55-59	0.021910311732881382
2112	60-64	0.02538319953751511
2112	65-69	-0.0017925459674899002
2112	70-74	-0.0042070746915428
2112	75-79	-0.018370022437416367
2112	80-84	0.009492608599643404
2112	85-89	-0.09160450750353277
2112	90-94	-0.00291921001112172
2112	95-99	-0.036440294352104274
2112	100-104	-0.006783164349727144
2112	105-109	-0.03438015416656981
2112	110-114	-0.11791850014005689
2112	115-119	-0.05788588512661619
2112	120-124	-0.010094790717488422
2112	125-129	-0.03538738988853396
2112	130-134	-0.014021874698173065
2112	135-139	-0.07979577591822107
2112	140-144	-0.0892250855687351
2112	145-149	-0.054756027797161266
2112	150	-0.07390849391840959
2113	1	0.10328176280240342
2113	2	0.014737731711953472
2113	3	0.05959676888416254
2113	4	0.06775343378764376
2113	5	-0.005281467454302913
2113	6	0.0365681063782759
2113	7	0.08381831162361664
2113	8	0.03401570334229831
2113	9	0.0853521726532307
2113	10-14	0.0504780562863516
2113	15-19	0.06968611003780012
2113	20-24	0.07019820554128842
2113	25-29	0.08069947907130626
2113	30-34	0.0761472857272949
2113	35-39	0.0852568144487833
2113	40-44	0.09794280558928392
2113	45-49	0.09394324985746749
2113	50-54	0.07958138120331881
2113	55-59	0.10359118223819053
2113	60-64	0.06945542925345194
2113	65-69	0.06273950387704019
2113	70-74	0.060818761322231296
2113	75-79	0.05181059201722604
2113	80-84	0.07090272812342135
2113	85-89	0.04507813360045532
2113	90-94	0.08144799006652903
2113	95-99	0.041142962277604056
2113	100-104	0.09274274362600465
2113	105-109	0.09562061565894453
2113	110-114	0.03601337364872137
2113	115-119	0.09885281266331702
2113	120-124	0.07631417406801688
2113	125-129	0.05399251231015967
2113	130-134	0.059004791388339584
2113	135-139	0.0394855953083777
2113	140-144	0.002898662209652514
2113	145-149	0.01790021163866129
2113	150	-0.025756376396181224
2114	1	-0.02247773555147603
2114	2	0.050794086231817914
2114	3	0.06810677919100527
2114	4	-0.06612682806733972
2114	5	0.05265789597372361
2114	6	-0.010941857321476789
2114	7	0.025254642454122234
2114	8	0.02250435802211115
2114	9	0.06436953726957029
2114	10-14	0.036929569495953274
2114	15-19	0.03537221334677554
2114	20-24	0.0826689690322766
2114	25-29	0.05860121418396602
2114	30-34	0.050829516060915125
2114	35-39	0.05037111413266615
2114	40-44	0.06695807187463743
2114	45-49	0.05097009223894844
2114	50-54	0.033256478762901054
2114	55-59	0.08448913974803673
2114	60-64	0.05749309453074147
2114	65-69	0.04311667600540403
2114	70-74	0.08224295677147353
2114	75-79	0.04991238150707744
2114	80-84	0.050506074094627706
2114	85-89	0.027013399111503134
2114	90-94	0.029447328259280425
2114	95-99	0.014751192483458908
2114	100-104	0.04850176511713755
2114	105-109	0.019966576816962345
2114	110-114	0.014240656956253872
2114	115-119	0.012151880676555038
2114	120-124	-0.020359232753442313
2114	125-129	-0.0284776421185029
2114	130-134	-0.04123357928159521
2114	135-139	-0.026929716801660675
2114	140-144	-0.06511664245405058
2114	145-149	-0.01086830414256923
2114	150	-0.04761415946733649
2115	1	-0.04294744248561244
2115	2	0.01356752114288895
2115	3	-0.013228288511960784
2115	4	0.036798791242866
2115	5	0.05033628175961269
2115	6	-0.007372331440869573
2115	7	0.024251653094729875
2115	8	0.033829779538578464
2115	9	0.07543418697123627
2115	10-14	0.018501888750691364
2115	15-19	0.003715652942595682
2115	20-24	0.03131168729599665
2115	25-29	0.007688016688362609
2115	30-34	0.0053567907776894685
2115	35-39	0.017905361853905788
2115	40-44	0.037184229787001755
2115	45-49	-9.322770965027871E-4
2115	50-54	0.023005355843906727
2115	55-59	0.0164398202794942
2115	60-64	0.03174216907019911
2115	65-69	0.043952337912507744
2115	70-74	0.03937602602085377
2115	75-79	0.023309836259024053
2115	80-84	-0.0037867667606334976
2115	85-89	0.03880426783758395
2115	90-94	-0.009655168305727102
2115	95-99	-0.011491799231691857
2115	100-104	-0.025804452316236848
2115	105-109	-0.03478786401698386
2115	110-114	0.002927183530204047
2115	115-119	-0.016500249756361995
2115	120-124	0.012588195547102998
2115	125-129	-0.05190240171144467
2115	130-134	-0.05306640179004063
2115	135-139	-0.09977250990350939
2115	140-144	-0.09036539590550063
2115	145-149	-0.07294437764784334
2115	150	-0.037307644550899965
2116	1	0.02504788458073648
2116	2	0.07542854682653655
2116	3	0.04873703892290848
2116	4	0.021439131098453856
2116	5	0.10698141290544783
2116	6	0.03553375071636111
2116	7	0.10316382954074754
2116	8	0.09378627272944584
2116	9	0.053949841917642516
2116	10-14	0.0561525076077487
2116	15-19	0.027202927859946158
2116	20-24	0.07903454671606625
2116	25-29	0.04860022057159341
2116	30-34	0.1044756662608961
2116	35-39	0.07308773995534779
2116	40-44	0.09124265060334125
2116	45-49	0.07186999556535767
2116	50-54	0.06048821767414836
2116	55-59	0.04092905103961897
2116	60-64	0.09490866802018871
2116	65-69	0.04237773788383237
2116	70-74	0.038266406023531374
2116	75-79	0.02621594800539384
2116	80-84	0.06244953917933316
2116	85-89	0.09867524838701769
2116	90-94	0.04788726724171255
2116	95-99	0.09723592383755175
2116	100-104	0.04025702210031312
2116	105-109	0.06675484697853307
2116	110-114	0.01738511435024037
2116	115-119	0.05202094374080701
2116	120-124	0.0472829861621733
2116	125-129	0.06936687057570623
2116	130-134	0.02449762576661385
2116	135-139	0.0034010339539349843
2116	140-144	-0.03445983209636694
2116	145-149	0.03935762050740976
2116	150	0.009677570827172133
2117	1	0.09759826303549346
2117	2	0.08332503272921343
2117	3	0.06632495214646639
2117	4	0.06328860836752881
2117	5	0.0784112869880147
2117	6	0.0726152248729619
2117	7	0.10246399556640995
2117	8	0.023650493725952515
2117	9	0.06905932564401951
2117	10-14	0.05772399658373217
2117	15-19	0.03204731088345625
2117	20-24	0.06635491410695238
2117	25-29	0.06187807242374532
2117	30-34	0.10586345979468348
2117	35-39	0.0826508047161667
2117	40-44	0.11027023193768315
2117	45-49	0.057601514909570994
2117	50-54	0.05157705693996206
2117	55-59	0.06715514854491289
2117	60-64	0.08860502882948396
2117	65-69	0.07706629454127523
2117	70-74	0.0794482007488071
2117	75-79	0.07634621533508579
2117	80-84	0.04622125321532167
2117	85-89	0.05073787072794289
2117	90-94	0.06411899800185239
2117	95-99	0.017986619213552046
2117	100-104	0.03690809937587858
2117	105-109	0.026185834203076297
2117	110-114	0.031134984326072868
2117	115-119	-3.988190252357526E-5
2117	120-124	0.04792838560316426
2117	125-129	0.05776055538632363
2117	130-134	0.03468222631209983
2117	135-139	0.011615751473890157
2117	140-144	-0.0167120668234233
2117	145-149	7.147486011405135E-4
2117	150	-0.10512714975933335
2118	1	0.034515236568225305
2118	2	0.041218250959623504
2118	3	0.06620655747124715
2118	4	0.041087981207631685
2118	5	0.07462672127143577
2118	6	0.09532600574781469
2118	7	0.040143625874300426
2118	8	0.027583730101632398
2118	9	0.04245032558289097
2118	10-14	0.05938228062969131
2118	15-19	0.05555584700069005
2118	20-24	0.07160831884284136
2118	25-29	0.022866837290600017
2118	30-34	0.06162556032482769
2118	35-39	0.05922981834560659
2118	40-44	0.09362161063791774
2118	45-49	0.0674293566569375
2118	50-54	0.03400501135868694
2118	55-59	0.04817936746940177
2118	60-64	0.04952923202332471
2118	65-69	0.06175199748680171
2118	70-74	0.026726469382467144
2118	75-79	0.07367619866805342
2118	80-84	0.05722490038767347
2118	85-89	0.043988155073279245
2118	90-94	0.08313754475123147
2118	95-99	0.06738416946652848
2118	100-104	0.05530720084969687
2118	105-109	0.05142136120753804
2118	110-114	0.005409270855061266
2118	115-119	0.059832765930373455
2118	120-124	0.017836387589731828
2118	125-129	-0.0034786297968736335
2118	130-134	-0.0180415640920657
2118	135-139	-0.016243802503964844
2118	140-144	-0.007121393722947289
2118	145-149	-0.01871427817668092
2118	150	-0.06991374217194846
2119	1	0.061457540951046497
2119	2	-0.0034951605140349784
2119	3	0.019639691370713308
2119	4	0.011484382789966219
2119	5	0.11647995559701485
2119	6	-0.022772554739610484
2119	7	0.030029756622710124
2119	8	0.01614723715137245
2119	9	0.019567208542589754
2119	10-14	0.0382558216350688
2119	15-19	0.02164459673712571
2119	20-24	0.041435880724215224
2119	25-29	0.07424334301424551
2119	30-34	0.07065523443326072
2119	35-39	0.09046659729318662
2119	40-44	0.10499768391829178
2119	45-49	0.0628183553678312
2119	50-54	0.10173891540836166
2119	55-59	0.12347175454340231
2119	60-64	0.07657373172894921
2119	65-69	0.11958069296792218
2119	70-74	0.09869640015958936
2119	75-79	0.09760312228082313
2119	80-84	0.07103092414580914
2119	85-89	0.10108001071799322
2119	90-94	0.10064310718894376
2119	95-99	0.07350146045958184
2119	100-104	0.08980879058871949
2119	105-109	0.09456383406644875
2119	110-114	0.023199647509770216
2119	115-119	0.0862410572551795
2119	120-124	0.04101239656116462
2119	125-129	0.07355642211093993
2119	130-134	0.012238984847073198
2119	135-139	0.0408196587516656
2119	140-144	0.05567698619221062
2119	145-149	0.0603457097978648
2119	150	0.018958859833162478
2120	1	0.09366845287048164
2120	2	-0.02214070939664481
2120	3	0.03474401402694127
2120	4	0.043032614646151046
2120	5	-0.030693075776774492
2120	6	-0.03383792980114464
2120	7	0.029711220366579028
2120	8	0.040829393586278684
2120	9	0.09530181161301954
2120	10-14	0.04058020142593932
2120	15-19	0.0533389135747484
2120	20-24	0.059885863791386384
2120	25-29	0.054236840864128055
2120	30-34	0.05655125924032944
2120	35-39	0.05793339605325798
2120	40-44	0.03260062542651099
2120	45-49	0.03373355636915676
2120	50-54	0.05715569489841954
2120	55-59	0.08025963547858339
2120	60-64	0.04801988971900073
2120	65-69	0.02440228996997007
2120	70-74	0.08112333345008693
2120	75-79	0.04167829033377046
2120	80-84	0.06088376269880058
2120	85-89	0.04333659553377345
2120	90-94	0.059433525710488766
2120	95-99	0.022719424143055278
2120	100-104	0.0644047315480023
2120	105-109	0.08311934530935616
2120	110-114	0.04887021476647391
2120	115-119	0.09502836290114658
2120	120-124	0.014957255374469014
2120	125-129	0.02335975544179547
2120	130-134	-0.012698081886540535
2120	135-139	-0.025529194270546895
2120	140-144	-0.03089786227442204
2120	145-149	-0.016666303598547927
2120	150	-0.14103948990243964
2121	1	0.022661789353009
2121	2	0.01756864841700434
2121	3	-0.02068582226304727
2121	4	0.014294316617899483
2121	5	0.012512472083152204
2121	6	-0.04460291361890967
2121	7	0.06419746205663301
2121	8	0.052825422616678
2121	9	0.06290033910656234
2121	10-14	0.049694629689071235
2121	15-19	0.03535383132409464
2121	20-24	0.06164358967038197
2121	25-29	0.05330565072536331
2121	30-34	0.0356316606211351
2121	35-39	0.06261073211659607
2121	40-44	0.06256384117062908
2121	45-49	0.05383385591650125
2121	50-54	0.03018418549273605
2121	55-59	0.03879953145114712
2121	60-64	0.05434487314314396
2121	65-69	0.039740929359311394
2121	70-74	0.0668678948148127
2121	75-79	0.031825248469537826
2121	80-84	0.029458739943031276
2121	85-89	0.018352248210746325
2121	90-94	0.025683922755035837
2121	95-99	0.04178550233106648
2121	100-104	0.018721470174988042
2121	105-109	0.03707053073481603
2121	110-114	-0.028501159455551317
2121	115-119	0.006179659690140227
2121	120-124	0.017144879934363644
2121	125-129	0.013527666099648172
2121	130-134	-0.04149150033278204
2121	135-139	-0.08319629731283129
2121	140-144	-0.05015540782849115
2121	145-149	-0.06060692112104249
2121	150	-0.10477924997442045
2122	1	-0.03516253642263223
2122	2	-0.032137088712666184
2122	3	0.01358511302208143
2122	4	0.05957067649872272
2122	5	0.01815841505161586
2122	6	0.009181908725750532
2122	7	0.028348996796403014
2122	8	0.1155706557473053
2122	9	0.03665707594645795
2122	10-14	0.041200513933290495
2122	15-19	0.02737268468169418
2122	20-24	0.06405237763697613
2122	25-29	0.07340746912333174
2122	30-34	0.05657890809982291
2122	35-39	0.018434273011131097
2122	40-44	0.05844779494505303
2122	45-49	0.005397613322038808
2122	50-54	0.017027889456109335
2122	55-59	0.0520072973161092
2122	60-64	0.0010107157521872523
2122	65-69	0.03351907818817779
2122	70-74	0.04184098122807001
2122	75-79	0.045270667148223254
2122	80-84	0.03466718937055191
2122	85-89	0.04963714992160817
2122	90-94	0.04697668003155542
2122	95-99	0.04829593577861857
2122	100-104	0.03091378090685737
2122	105-109	0.02999394268459099
2122	110-114	-7.152874506033413E-4
2122	115-119	0.02111374521246745
2122	120-124	0.010862967121013867
2122	125-129	0.05818292970013772
2122	130-134	-0.010078869690950398
2122	135-139	-0.05120257095804703
2122	140-144	-0.03658873109752392
2122	145-149	-0.006268075382600102
2122	150	-0.04513274367477038
2123	1	0.016751411890048473
2123	2	0.03461749820156257
2123	3	-0.008194765412703475
2123	4	-0.018163809793406926
2123	5	0.0064831093536596995
2123	6	-0.024042629250971004
2123	7	-0.00781587168701492
2123	8	0.032349687618228984
2123	9	0.026809328248333486
2123	10-14	0.02338706941110047
2123	15-19	0.03155075276174557
2123	20-24	0.032384606017480166
2123	25-29	0.0373833682319642
2123	30-34	0.07269691298337477
2123	35-39	0.030987679631735432
2123	40-44	0.021158104869023475
2123	45-49	0.02854488619643547
2123	50-54	0.06545228110307733
2123	55-59	0.034801325266997196
2123	60-64	0.02564395640548156
2123	65-69	0.03205760296393123
2123	70-74	0.02426126993015032
2123	75-79	0.04565217166560842
2123	80-84	0.04525365754008703
2123	85-89	0.0584399454183
2123	90-94	-0.005257956194164137
2123	95-99	0.0382289382380705
2123	100-104	-0.007514466175557288
2123	105-109	-0.04062113866373096
2123	110-114	-0.019807512594432808
2123	115-119	0.0044365049970807036
2123	120-124	-0.00771590713264203
2123	125-129	-0.014691613614353116
2123	130-134	-0.06844761931271393
2123	135-139	-0.07605140320988113
2123	140-144	-0.08945254446995676
2123	145-149	-0.043500892685962356
2123	150	-0.06771362792262892
2124	1	-0.02081384204066694
2124	2	0.00457482204250681
2124	3	0.0011812846448790992
2124	4	0.005975224067995555
2124	5	0.03527945263854093
2124	6	-0.04606849810535607
2124	7	0.05668374210286231
2124	8	-0.00115990524282239
2124	9	0.06584855372362597
2124	10-14	0.036929569495953274
2124	15-19	0.023392180068910307
2124	20-24	0.03393537687106374
2124	25-29	0.040557213444458284
2124	30-34	0.06798610692798235
2124	35-39	0.04822654027428541
2124	40-44	0.07257833440005612
2124	45-49	0.08905476593094619
2124	50-54	0.09744579286902422
2124	55-59	0.08818668088318304
2124	60-64	0.07036053768105432
2124	65-69	0.09983695701852469
2124	70-74	0.08727161271526995
2124	75-79	0.08348605501419115
2124	80-84	0.056274238265459076
2124	85-89	0.10244323826846369
2124	90-94	0.11315965955896701
2124	95-99	0.04618029213219188
2124	100-104	0.08629063551832417
2124	105-109	0.08238107117821158
2124	110-114	0.06437931474881964
2124	115-119	0.08307071964863866
2124	120-124	0.045383048629439315
2124	125-129	0.07601487036069443
2124	130-134	0.056603359154344446
2124	135-139	0.004943087783289002
2124	140-144	0.013567032901839582
2124	145-149	0.01353546734939215
2124	150	0.03521076195991668
2125	1	0.08425131544557729
2125	2	0.05850539929290477
2125	3	0.059712481258983985
2125	4	0.0626070586426053
2125	5	0.14675551099151107
2125	6	0.10402330802962467
2125	7	0.09111982974978616
2125	8	0.0502438257145954
2125	9	0.06843233246816993
2125	10-14	0.06525797101306097
2125	15-19	0.06515283556528573
2125	20-24	0.04069577480775166
2125	25-29	0.05581348771596595
2125	30-34	0.06019371114668104
2125	35-39	0.08739406237660319
2125	40-44	0.06934975302753799
2125	45-49	0.07456039104466328
2125	50-54	0.04855040345327666
2125	55-59	0.06018990578269978
2125	60-64	0.07234229154624217
2125	65-69	0.06769593581330469
2125	70-74	0.07048213047773544
2125	75-79	0.0752698363360409
2125	80-84	0.08654891143483212
2125	85-89	0.055379723777768675
2125	90-94	0.09000256557265374
2125	95-99	0.07947681710149368
2125	100-104	0.11136391900405584
2125	105-109	0.08877622868796209
2125	110-114	0.06790304485941334
2125	115-119	0.028897712428474165
2125	120-124	0.027249987808232845
2125	125-129	0.08905781546346248
2125	130-134	0.061551096016096096
2125	135-139	0.026853490627424037
2125	140-144	0.013425635874256159
2125	145-149	-0.027857520420319304
2125	150	-0.09113366634912268
2126	1	-0.016993366143374544
2126	2	0.049516975877175184
2126	3	0.03932023417004871
2126	4	0.031842746935929256
2126	5	0.06156937717817357
2126	6	0.0074028315338310335
2126	7	0.12418863116814549
2126	8	0.04800470487860764
2126	9	0.05626120270655122
2126	10-14	0.036151349030916435
2126	15-19	0.04134748052805293
2126	20-24	0.05735250869857822
2126	25-29	0.09505427491692586
2126	30-34	0.0637320485373678
2126	35-39	0.07398046382337498
2126	40-44	0.05067201109587671
2126	45-49	0.06896665590026174
2126	50-54	0.0635434656230629
2126	55-59	0.03350664200810627
2126	60-64	0.06252081421641975
2126	65-69	0.038060665041683706
2126	70-74	0.028526870262581383
2126	75-79	0.04174006930570329
2126	80-84	0.021602700342768344
2126	85-89	0.022303749377201143
2126	90-94	0.03774134044760302
2126	95-99	0.032550531335964195
2126	100-104	0.04429940445761815
2126	105-109	0.010243699044437449
2126	110-114	-0.004890977204276226
2126	115-119	0.03884805982750805
2126	120-124	-0.024480111818405703
2126	125-129	0.00769517891881577
2126	130-134	-0.02180169121193387
2126	135-139	-0.06269485848702772
2126	140-144	4.6298782576315034E-4
2126	145-149	-0.0545358443109194
2126	150	-0.10546812694593655
2127	1	-0.0033691105502597907
2127	2	-0.005093518248045825
2127	3	0.011847596152989581
2127	4	-0.0069971854638808395
2127	5	-0.01362296146660924
2127	6	-0.0411771620280561
2127	7	0.014900310979292897
2127	8	0.05027118913205442
2127	9	0.036253020937145664
2127	10-14	0.04473515181003762
2127	15-19	0.03565573204368633
2127	20-24	0.06397510111233373
2127	25-29	0.043719949041076234
2127	30-34	0.05180158016459302
2127	35-39	0.05378659612661352
2127	40-44	0.03690788748409801
2127	45-49	0.06626356024062119
2127	50-54	0.06286636384721334
2127	55-59	0.033650989880854354
2127	60-64	0.0645421404678288
2127	65-69	0.09874897986544084
2127	70-74	0.059215667944855
2127	75-79	0.03332076032989306
2127	80-84	0.040266925891337735
2127	85-89	0.0510334290810448
2127	90-94	0.05535371235595932
2127	95-99	0.07142732193631929
2127	100-104	0.07533958901687754
2127	105-109	0.0743884224738025
2127	110-114	0.021906973329549828
2127	115-119	0.030985379426205384
2127	120-124	0.061042743484989614
2127	125-129	0.03462114061203181
2127	130-134	0.004472894334504929
2127	135-139	-0.033856160059002605
2127	140-144	0.010195215949593717
2127	145-149	-0.015509448045030183
2127	150	0.0026365192260726644
2128	1	0.006588705965548058
2128	2	0.03509652692859078
2128	3	0.07056465153028313
2128	4	0.05427681961250386
2128	5	-0.006603023085624216
2128	6	0.048660688968865884
2128	7	0.0416081368071346
2128	8	0.08714854707042008
2128	9	0.08562000261639469
2128	10-14	0.04114825197019911
2128	15-19	0.0672690940048497
2128	20-24	0.05509878346045127
2128	25-29	0.07578912144128935
2128	30-34	0.10199362077567997
2128	35-39	0.11704326486853489
2128	40-44	0.1075693740029422
2128	45-49	0.10771253831212846
2128	50-54	0.10574770467273709
2128	55-59	0.07349956301219152
2128	60-64	0.07203798996417277
2128	65-69	0.14477826486137246
2128	70-74	0.10447367761873494
2128	75-79	0.09854567239775491
2128	80-84	0.09596020633236435
2128	85-89	0.08817848120178695
2128	90-94	0.059199446649230936
2128	95-99	0.04686619778837553
2128	100-104	0.11565795393129008
2128	105-109	0.09622431528438824
2128	110-114	0.053161196999120364
2128	115-119	0.04453830366886535
2128	120-124	0.058464283002578554
2128	125-129	0.07016725111121502
2128	130-134	0.049286520757249264
2128	135-139	-0.024702955923402214
2128	140-144	-0.04124051243719862
2128	145-149	-0.06488359998538584
2128	150	-0.04460545779716796
2129	1	-0.017803143048482184
2129	2	-0.026591220067167853
2129	3	-0.08880868014662013
2129	4	-0.08553428004535135
2129	5	0.02892575349422799
2129	6	0.043723627769317375
2129	7	0.0031283379964079927
2129	8	-0.012646637414633233
2129	9	0.05609802859774504
2129	10-14	0.012626382038121164
2129	15-19	0.018710424432718753
2129	20-24	0.03341452840135162
2129	25-29	0.03242967692782628
2129	30-34	0.049556484029423586
2129	35-39	0.024948472219058715
2129	40-44	0.021268442931756226
2129	45-49	0.04410704657022535
2129	50-54	0.038585003928353956
2129	55-59	0.05198621139096815
2129	60-64	0.037416646844462775
2129	65-69	0.056804427525179335
2129	70-74	0.05795765668054287
2129	75-79	0.0166051629107713
2129	80-84	0.008835849738474622
2129	85-89	-0.0028108448880033166
2129	90-94	0.018686937793475522
2129	95-99	0.007327334883818537
2129	100-104	-0.008383895586391077
2129	105-109	-0.032248734687236436
2129	110-114	-0.028359205648030184
2129	115-119	-0.022759306704863036
2129	120-124	-0.0863472027828891
2129	125-129	-0.05366817122845191
2129	130-134	-0.02785700791189072
2129	135-139	-0.09196490825175374
2129	140-144	-0.1454213007418943
2129	145-149	-0.10232662937473691
2129	150	-0.12729351033738112
2130	1	-0.004341470695912619
2130	2	0.022638638704570724
2130	3	-0.003928191283669946
2130	4	0.025501286768950138
2130	5	0.03371235796404903
2130	6	0.05657288253181747
2130	7	0.0739050131071366
2130	8	-0.018388152739802877
2130	9	0.014236728997808257
2130	10-14	0.013082468456758534
2130	15-19	0.026841894716937986
2130	20-24	0.02741128288267447
2130	25-29	0.05730614905974818
2130	30-34	0.050323465429286784
2130	35-39	0.07448306698445606
2130	40-44	0.04669992017831248
2130	45-49	0.036103951009515356
2130	50-54	0.028491708655778325
2130	55-59	0.048826704324191894
2130	60-64	0.050198634751431825
2130	65-69	0.0814021385240693
2130	70-74	0.04142768383363915
2130	75-79	0.05636956824712769
2130	80-84	0.02368163404536716
2130	85-89	0.054990664331725725
2130	90-94	0.05502630336420822
2130	95-99	0.0539970899703377
2130	100-104	0.07621338696118585
2130	105-109	0.032584999426589434
2130	110-114	0.06764811015806771
2130	115-119	0.016144500620576707
2130	120-124	0.05982212117449848
2130	125-129	0.01669215632256993
2130	130-134	0.034693402062458745
2130	135-139	-0.008921832828249876
2130	140-144	0.03726364294353601
2130	145-149	0.020522304049279683
2130	150	0.011598889471954976
2131	1	0.014484036494259556
2131	2	0.01016720881277422
2131	3	0.010260108669370993
2131	4	-0.00418945154843442
2131	5	-0.015196564220048003
2131	6	0.017978831506887616
2131	7	0.026506201431857335
2131	8	0.06777144938689617
2131	9	0.05290349545953177
2131	10-14	0.029926932801018324
2131	15-19	0.026164921991082224
2131	20-24	0.02447709514739671
2131	25-29	0.049038337306967605
2131	30-34	0.04361562619911297
2131	35-39	0.03382047486825002
2131	40-44	0.04838065892452903
2131	45-49	0.05023086901233853
2131	50-54	0.04392105868365803
2131	55-59	0.05725753982456183
2131	60-64	0.059185250582991955
2131	65-69	0.04095288497598659
2131	70-74	0.07920231445653059
2131	75-79	0.07273883854372087
2131	80-84	0.08048814519334258
2131	85-89	0.05783980430521041
2131	90-94	0.08964765437441002
2131	95-99	0.0224941924066826
2131	100-104	0.08379078828193798
2131	105-109	0.0690318008929367
2131	110-114	0.03472731484829694
2131	115-119	-7.964511287639198E-5
2131	120-124	0.04558461178208262
2131	125-129	0.0033262466511274624
2131	130-134	0.02395337200141512
2131	135-139	0.04456247515385314
2131	140-144	-0.06676581772899937
2131	145-149	-0.0022022421517817747
2131	150	-0.11929508955670087
2132	1	0.027970025150906963
2132	2	0.032470464090877726
2132	3	-0.011462000221023061
2132	4	0.017914411457155666
2132	5	0.05480395214258493
2132	6	0.03876413051287386
2132	7	0.042741582681188106
2132	8	-0.013992802323947728
2132	9	0.06064852621853589
2132	10-14	0.01810303235028954
2132	15-19	0.06145787195173824
2132	20-24	0.04960121632613124
2132	25-29	0.06455458481387666
2132	30-34	0.06015151960116327
2132	35-39	0.06054869904538407
2132	40-44	0.06995452132927937
2132	45-49	0.02730727010920475
2132	50-54	0.032883718853149446
2132	55-59	0.053617224137617825
2132	60-64	0.04550519677228948
2132	65-69	0.06046263203595004
2132	70-74	0.009241553929307145
2132	75-79	0.03427202955716524
2132	80-84	0.002029745151816087
2132	85-89	0.031997462215102246
2132	90-94	0.03921225440522136
2132	95-99	0.047655685160634675
2132	100-104	0.0318439717256922
2132	105-109	-0.026642946780810917
2132	110-114	0.015184106399793507
2132	115-119	0.002088968949387038
2132	120-124	0.01399911827497391
2132	125-129	0.002277335665368696
2132	130-134	-0.012187911354558878
2132	135-139	-0.06499569691152374
2132	140-144	-0.06301979075796993
2132	145-149	-0.07846318539508701
2132	150	-0.15692941025985618
2133	1	0.007197732964662862
2133	2	0.068296906315922
2133	3	-0.030609601442904477
2133	4	-0.0027033290185300984
2133	5	0.023537598809177496
2133	6	0.042036830769859534
2133	7	0.02796155857112126
2133	8	0.07787436129425629
2133	9	0.09455554465574068
2133	10-14	0.05927734336147239
2133	15-19	0.05606146850561089
2133	20-24	0.054940408525006035
2133	25-29	0.03925842848781258
2133	30-34	0.05737230024456608
2133	35-39	0.04688518902961647
2133	40-44	0.053854083324317514
2133	45-49	0.043687961882660886
2133	50-54	0.06573208518733509
2133	55-59	0.04722382658668778
2133	60-64	0.06627586209841496
2133	65-69	0.06264934894006302
2133	70-74	0.058367469105910175
2133	75-79	0.09927848548036167
2133	80-84	0.08980275261422577
2133	85-89	0.08013153501058667
2133	90-94	0.10593434277301128
2133	95-99	0.09126524307225736
2133	100-104	0.12024858051192666
2133	105-109	0.08278834088439169
2133	110-114	0.09706630762828894
2133	115-119	0.10222345605190242
2133	120-124	0.06333039742627733
2133	125-129	0.0326338403672608
2133	130-134	0.07134972849441112
2133	135-139	-0.024487313972514357
2133	140-144	-0.018132008857016046
2133	145-149	0.014435895591638825
2133	150	-0.04613264467467104
2134	1	-0.09046581454840208
2134	2	0.012520458811472679
2134	3	0.0615934809863532
2134	4	0.021420917400782002
2134	5	0.032098425794266916
2134	6	0.021924880564640148
2134	7	0.039261678381627974
2134	8	0.008253129466162079
2134	9	0.03892030334750274
2134	10-14	0.001212952799093614
2134	15-19	0.019326515488884866
2134	20-24	0.028851033593298325
2134	25-29	0.027739546454306208
2134	30-34	0.05724269121123626
2134	35-39	0.03181687717653858
2134	40-44	0.01644109895820378
2134	45-49	0.048619279564654505
2134	50-54	0.04748687552700659
2134	55-59	0.02993242988291911
2134	60-64	0.07733083077130942
2134	65-69	0.06762289425449808
2134	70-74	0.023794044702633244
2134	75-79	0.06285332704620572
2134	80-84	0.052057369936036935
2134	85-89	0.05322762045805973
2134	90-94	0.05095340158269579
2134	95-99	0.04394782523425533
2134	100-104	0.0375203533127646
2134	105-109	0.04263821131563361
2134	110-114	-0.005214279821707635
2134	115-119	0.049260313822095725
2134	120-124	-6.908006841328529E-4
2134	125-129	0.03010412867756429
2134	130-134	0.035558601988427085
2134	135-139	-0.040577679495228836
2134	140-144	-0.022954522601125404
2134	145-149	-0.014086306398191084
2134	150	-0.0379828189945286
2135	1	0.06835080910059332
2135	2	0.039892126809135675
2135	3	0.09762741156190913
2135	4	0.023131936765089733
2135	5	0.09669092043749572
2135	6	0.06503195287892538
2135	7	0.03440834107649948
2135	8	0.04686670730695397
2135	9	0.058064224536472864
2135	10-14	0.04386121036664292
2135	15-19	0.051357895882716775
2135	20-24	0.053983603284848414
2135	25-29	0.06540590817284198
2135	30-34	0.07526179577777015
2135	35-39	0.09214138961776541
2135	40-44	0.0464092459048544
2135	45-49	0.05688299047463374
2135	50-54	0.07349998042572992
2135	55-59	0.04990013484650291
2135	60-64	0.05634862331415036
2135	65-69	0.07480308065833441
2135	70-74	0.07544313598342711
2135	75-79	0.06482998024954156
2135	80-84	0.08390029198091753
2135	85-89	0.08921432544606489
2135	90-94	0.13078773260702548
2135	95-99	0.11696584906138696
2135	100-104	0.14170904092781456
2135	105-109	0.08346852594500831
2135	110-114	0.08157416024246089
2135	115-119	0.12179183336996147
2135	120-124	0.10197516446054777
2135	125-129	0.11303694261016517
2135	130-134	0.06563169468518737
2135	135-139	0.0824657230397392
2135	140-144	0.050231777699927704
2135	145-149	0.07865921771601592
2135	150	0.042703308246949234
2136	1	0.01341450185358184
2136	2	0.0485308000682565
2136	3	0.018937706341858984
2136	4	0.028174694783686505
2136	5	0.03575652645100291
2136	6	-0.015022297885018077
2136	7	0.030752822080806652
2136	8	0.0874186193910802
2136	9	0.05304609561715523
2136	10-14	0.03598535838084871
2136	15-19	0.05271332398768891
2136	20-24	0.058780857907841266
2136	25-29	0.06856923230697021
2136	30-34	0.054780997714864554
2136	35-39	0.08665362582483738
2136	40-44	0.07032474206356909
2136	45-49	0.07531042916011188
2136	50-54	0.07365966242334565
2136	55-59	0.06762651856887203
2136	60-64	0.06918298711498494
2136	65-69	0.07299417009717502
2136	70-74	0.07028305267834156
2136	75-79	0.10169808658384483
2136	80-84	0.08980003586164997
2136	85-89	0.08420735637877641
2136	90-94	0.09686391828707741
2136	95-99	0.09860243268493463
2136	100-104	0.07791849906928405
2136	105-109	0.029318841426082543
2136	110-114	0.02482596558380834
2136	115-119	0.11718848785055513
2136	120-124	0.04494673203430466
2136	125-129	0.04955860962640912
2136	130-134	0.02564099233703132
2136	135-139	0.04472858995032425
2136	140-144	-0.033020758504932246
2136	145-149	0.03764228954872806
2136	150	-0.10127319999754292
2137	1	-0.0176781428819055
2137	2	0.07455950108251841
2137	3	0.04558222389243127
2137	4	0.0032893990906828208
2137	5	0.06160370215886957
2137	6	0.01836005452361178
2137	7	0.036412764015096855
2137	8	0.052628902664707766
2137	9	0.04652139003612632
2137	10-14	0.04486970858840067
2137	15-19	0.04600963458624818
2137	20-24	0.05954739904749573
2137	25-29	0.06435623866364892
2137	30-34	0.049370529623836035
2137	35-39	0.05628393508614238
2137	40-44	0.046470288883043054
2137	45-49	0.09215817670232695
2137	50-54	0.04757734000556724
2137	55-59	0.04274454129278382
2137	60-64	0.10539600182761433
2137	65-69	0.13346439109123054
2137	70-74	0.03360386623038636
2137	75-79	0.053895750984573
2137	80-84	0.044665641622529506
2137	85-89	0.04267847479391662
2137	90-94	0.03808435170261504
2137	95-99	0.08407367916200315
2137	100-104	0.06210503097134534
2137	105-109	0.04036282263093227
2137	110-114	0.045768744948915696
2137	115-119	0.06671040207672263
2137	120-124	0.027221631930373746
2137	125-129	0.06319453781033246
2137	130-134	0.023467021038044322
2137	135-139	0.06139712981067191
2137	140-144	0.0022360122342703903
2137	145-149	0.03925428957638388
2137	150	-0.05523437912852103
2138	1	0.04539149533912479
2138	2	-0.022777455681534775
2138	3	-0.005328412171635932
2138	4	0.02310835549533863
2138	5	-0.011544160061589537
2138	6	0.0789042243417839
2138	7	0.004264993485342927
2138	8	0.05846279670708299
2138	9	0.009591745499484716
2138	10-14	0.026997890648544853
2138	15-19	0.017414190858460188
2138	20-24	0.017452679249835512
2138	25-29	0.029099242013174376
2138	30-34	0.06967220950230057
2138	35-39	0.055661872750810915
2138	40-44	0.043782646173617934
2138	45-49	0.06994913623105248
2138	50-54	0.02300434635044013
2138	55-59	0.051758338902899936
2138	60-64	0.07196661617668809
2138	65-69	0.08955481557656242
2138	70-74	0.032724604672083046
2138	75-79	0.044601259618914924
2138	80-84	0.05422326399909139
2138	85-89	0.06614005299455528
2138	90-94	0.050764575800130274
2138	95-99	0.052085640437894654
2138	100-104	0.024330087270030276
2138	105-109	-6.983315825621617E-4
2138	110-114	0.024715356337530636
2138	115-119	0.038252591336814135
2138	120-124	0.03581826589273618
2138	125-129	-0.012151420151113257
2138	130-134	0.027905200273799835
2138	135-139	0.04718448839520306
2138	140-144	-0.034348813205426154
2138	145-149	0.025112403147630857
2138	150	-0.1758396463623484
2139	1	-0.01842777461033762
2139	2	-0.012145384299756756
2139	3	-0.02244177630448263
2139	4	-1.4658664443345515E-4
2139	5	0.04869000631165932
2139	6	0.021404293865550983
2139	7	0.03620985813724786
2139	8	0.031044171292947453
2139	9	0.008736877380748354
2139	10-14	0.05021860967335101
2139	15-19	0.052897624941579124
2139	20-24	0.06291693896817918
2139	25-29	0.069003252111834
2139	30-34	0.08114657987989915
2139	35-39	0.046185812252034
2139	40-44	0.04537368549878096
2139	45-49	0.0799953367910291
2139	50-54	0.07179437792616739
2139	55-59	0.053883553047391786
2139	60-64	0.05971639281343499
2139	65-69	0.09912597039441096
2139	70-74	0.0601663293983421
2139	75-79	0.1047079410175158
2139	80-84	0.055643136130846926
2139	85-89	0.0263692962462585
2139	90-94	0.030456731654425084
2139	95-99	0.04692325388664642
2139	100-104	0.05805691544991731
2139	105-109	0.04005054553599763
2139	110-114	0.042190334394796025
2139	115-119	0.058472683905698375
2139	120-124	0.011016250548728124
2139	125-129	0.00989603448212506
2139	130-134	0.03332694435316341
2139	135-139	0.017157240885360636
2139	140-144	-0.022390041219054524
2139	145-149	0.026258129029649524
2139	150	-0.05120569464494906
2140	1	0.011975865182932921
2140	2	0.012863443586034862
2140	3	0.07039833926480554
2140	4	0.008177828227509565
2140	5	0.05455542313860917
2140	6	-0.0022759194166823704
2140	7	0.052368285724192276
2140	8	0.019315278544674186
2140	9	0.051008637553131564
2140	10-14	0.055686451390165814
2140	15-19	0.06848964450693984
2140	20-24	0.0500916415664463
2140	25-29	0.08448101703218214
2140	30-34	0.05343132729884559
2140	35-39	0.08186361725856273
2140	40-44	0.06714342654703387
2140	45-49	0.08621128117553667
2140	50-54	0.07093302988439376
2140	55-59	0.08476038563431132
2140	60-64	0.08271462361325632
2140	65-69	0.08739622364766575
2140	70-74	0.06688685749031009
2140	75-79	0.1058368752494161
2140	80-84	0.10228410779478736
2140	85-89	0.07561206485239325
2140	90-94	0.07006093700171334
2140	95-99	0.08874480158809206
2140	100-104	0.12270265941263858
2140	105-109	0.1126998338511882
2140	110-114	0.08209698459740622
2140	115-119	0.08623161980288785
2140	120-124	0.04953277237853371
2140	125-129	0.06854603627422762
2140	130-134	0.06962312189479292
2140	135-139	0.08154515494360481
2140	140-144	0.044899733792455265
2140	145-149	0.10754543080980028
2140	150	0.07259911183964363
2141	1	-0.014678611529895136
2141	2	0.049564042487460824
2141	3	0.07677629725534985
2141	4	0.001826083082782759
2141	5	0.0181383282579759
2141	6	0.06797555329093541
2141	7	0.0882241250082032
2141	8	0.0034336277786195524
2141	9	0.05253551948021595
2141	10-14	0.017706626391309044
2141	15-19	0.010897616663534393
2141	20-24	0.0209865056332319
2141	25-29	0.051857502723670734
2141	30-34	0.04240959044353332
2141	35-39	0.06939664397350498
2141	40-44	0.005953035195780387
2141	45-49	0.018458513677536814
2141	50-54	0.018941046439415743
2141	55-59	0.031297305904715245
2141	60-64	0.06092561715006184
2141	65-69	0.06141126616051906
2141	70-74	0.04406898702320916
2141	75-79	0.09107884694437729
2141	80-84	0.02338722017474737
2141	85-89	0.04274416314886764
2141	90-94	0.04235735813769281
2141	95-99	0.08098970827199281
2141	100-104	0.08140024834722936
2141	105-109	0.09151199710845503
2141	110-114	0.03290773615238152
2141	115-119	0.058408180903690265
2141	120-124	0.06108657117226812
2141	125-129	0.016011113540344013
2141	130-134	0.05306545425498399
2141	135-139	-0.0069767366720867585
2141	140-144	0.04652979366429122
2141	145-149	7.262929744911162E-4
2141	150	0.026137202144269622
2142	1	-0.012654456267497949
2142	2	0.04648820755969041
2142	3	0.02776309190594617
2142	4	-0.030155675580573416
2142	5	-0.006788794601476411
2142	6	-0.03208075018396528
2142	7	-2.6983535184399443E-4
2142	8	0.06353876606836195
2142	9	0.01611839893719491
2142	10-14	0.014389050886535415
2142	15-19	0.014547862445112969
2142	20-24	1.1443322843973647E-4
2142	25-29	-0.017459154449170455
2142	30-34	0.005863975973127822
2142	35-39	0.019461637803203757
2142	40-44	0.004702481435039374
2142	45-49	0.0477626208635229
2142	50-54	-0.009798225605301525
2142	55-59	0.010049960535241098
2142	60-64	4.685912100654832E-4
2142	65-69	2.0039686948791768E-4
2142	70-74	-0.03579659688010395
2142	75-79	-0.015458486051514342
2142	80-84	-0.017530181885639706
2142	85-89	-0.00888127283211304
2142	90-94	0.004797839264483628
2142	95-99	-0.02555366560039829
2142	100-104	-0.014187705841685272
2142	105-109	-4.182546881992266E-5
2142	110-114	0.010420243684926334
2142	115-119	0.026174723449912563
2142	120-124	-0.030000639860254807
2142	125-129	-0.06646348271097935
2142	130-134	-0.011693176952320528
2142	135-139	-0.03818641064776784
2142	140-144	-0.0642732818408902
2142	145-149	-0.05262360220871898
2142	150	-0.07203211880943883
2143	1	0.02656324697838386
2143	2	-0.009355412881760117
2143	3	0.0396707589460803
2143	4	0.023018959785353843
2143	5	0.03442285108092591
2143	6	0.037485811533692015
2143	7	0.07906935163137518
2143	8	0.053929382496924916
2143	9	0.07209939507724528
2143	10-14	0.01611074208378227
2143	15-19	0.04568646494991668
2143	20-24	0.04257867132859161
2143	25-29	0.03075503461196405
2143	30-34	0.06430399711807411
2143	35-39	0.02376174984485857
2143	40-44	0.0799678472659835
2143	45-49	0.07746264845835782
2143	50-54	0.08442241998069022
2143	55-59	0.053659443847017485
2143	60-64	0.09517090285874019
2143	65-69	0.10723006962142279
2143	70-74	0.11250610841046438
2143	75-79	0.1162209218898056
2143	80-84	0.07773802986975653
2143	85-89	0.0945696898284325
2143	90-94	0.0807657760690077
2143	95-99	0.10191461198363072
2143	100-104	0.1146027297243819
2143	105-109	0.10179737315077375
2143	110-114	0.08682108017392665
2143	115-119	0.11410478552165415
2143	120-124	0.11598573560895176
2143	125-129	0.07330174182116167
2143	130-134	0.08964504587426347
2143	135-139	0.05829545489559962
2143	140-144	0.02926927570097604
2143	145-149	0.08216415366682384
2143	150	0.022000881945260176
2144	1	-0.04269777303331779
2144	2	-0.07277363086902255
2144	3	0.028255286946823333
2144	4	-0.07343360285982214
2144	5	0.04653705046842305
2144	6	0.01728087808761103
2144	7	0.02158506535361937
2144	8	-0.023569800925265838
2144	9	0.09838229964019973
2144	10-14	0.020156594340427603
2144	15-19	0.0390662489426532
2144	20-24	-0.007486302608050721
2144	25-29	0.017009221691978382
2144	30-34	0.024417351545281463
2144	35-39	0.01905863387432305
2144	40-44	0.026461680823963718
2144	45-49	0.05967233925951376
2144	50-54	0.059605008374823854
2144	55-59	0.029302652585037947
2144	60-64	0.0449185779882697
2144	65-69	0.06051454698570069
2144	70-74	-6.477537267457478E-4
2144	75-79	0.03366215986032728
2144	80-84	0.010395399403087424
2144	85-89	0.006170372443612848
2144	90-94	0.004289584845821537
2144	95-99	0.044232871407977825
2144	100-104	0.0329517682497098
2144	105-109	0.04702671752087184
2144	110-114	0.06495420980927236
2144	115-119	0.05249270338715206
2144	120-124	0.041294037769198155
2144	125-129	0.030037501760972418
2144	130-134	0.03957172336836834
2144	135-139	-0.0047757790056550675
2144	140-144	0.03899955975040825
2144	145-149	-0.028150184588760396
2144	150	-0.1547859877228035
2145	1	-0.06168565530852277
2145	2	-0.08105960613160335
2145	3	-0.015580788697519665
2145	4	0.020273378728866476
2145	5	0.04451543114610246
2145	6	-0.013730660010203621
2145	7	0.03701868828232335
2145	8	-0.024488966412555158
2145	9	0.0263569544291542
2145	10-14	0.02202420893360113
2145	15-19	0.009368540854154617
2145	20-24	0.001208872693240437
2145	25-29	0.02635177223470464
2145	30-34	0.04419043738199946
2145	35-39	0.05127157095582646
2145	40-44	0.04886243996590167
2145	45-49	0.02008214915216655
2145	50-54	0.027713194604423563
2145	55-59	0.06094485140879158
2145	60-64	0.08533585759522566
2145	65-69	0.09204985528695886
2145	70-74	0.07310030265445278
2145	75-79	0.06508078543088658
2145	80-84	0.07524697553505888
2145	85-89	0.06623763773927749
2145	90-94	0.0410665678684623
2145	95-99	0.03644423934458274
2145	100-104	0.07072966907597333
2145	105-109	0.06220057455709593
2145	110-114	0.07214963601096969
2145	115-119	0.02842926183585348
2145	120-124	0.022471978634555967
2145	125-129	-4.228559223591333E-4
2145	130-134	0.03987593286528579
2145	135-139	-7.643218563089249E-4
2145	140-144	0.039348744314899875
2145	145-149	-0.018865311082471692
2145	150	-0.06067821649948257
2146	1	-0.03617701438960097
2146	2	0.10229794648697776
2146	3	0.0700849939894681
2146	4	0.01702321849522548
2146	5	0.05042745676904303
2146	6	-0.012264167499132839
2146	7	0.041479194470561254
2146	8	0.03207777869899786
2146	9	0.06258458008259282
2146	10-14	0.039723949354595334
2146	15-19	0.03351564785359784
2146	20-24	0.051479492666494764
2146	25-29	0.044126966265544354
2146	30-34	0.055106264595501386
2146	35-39	0.08398711448970886
2146	40-44	0.07369765340627765
2146	45-49	0.06618602934803164
2146	50-54	0.09392163834331058
2146	55-59	0.05677232293312784
2146	60-64	0.07540009844304763
2146	65-69	0.10766427397181388
2146	70-74	0.10687908166758575
2146	75-79	0.12198244617567156
2146	80-84	0.09783209655511627
2146	85-89	0.07175825110333278
2146	90-94	0.06257063277461583
2146	95-99	0.09136549683835682
2146	100-104	0.1218694627636836
2146	105-109	0.10111138886484383
2146	110-114	0.10433109525825301
2146	115-119	0.07733955108327706
2146	120-124	0.09031049574385008
2146	125-129	0.061303664781547695
2146	130-134	0.11147127504870724
2146	135-139	0.043341174028086016
2146	140-144	0.020812476833455662
2146	145-149	0.05037416459114752
2146	150	-0.0024726548104254675
2147	1	0.03422556446326297
2147	2	0.03174279058571727
2147	3	0.05387653965712502
2147	4	-0.003524158182017345
2147	5	0.06916937178944238
2147	6	0.03443242913045452
2147	7	0.03561610560535655
2147	8	0.10149552383076355
2147	9	0.07010255851088232
2147	10-14	0.07193811700570052
2147	15-19	0.05275358865290514
2147	20-24	0.06552500192898947
2147	25-29	0.06901138063032874
2147	30-34	0.09537140781743147
2147	35-39	0.12866776932392554
2147	40-44	0.06495777541979209
2147	45-49	0.10902124372982058
2147	50-54	0.12987147758604323
2147	55-59	0.11398338290452159
2147	60-64	0.10584846244015722
2147	65-69	0.10162883920541788
2147	70-74	0.08738534875481463
2147	75-79	0.08451257061920359
2147	80-84	0.08513676384893643
2147	85-89	0.06864587981139181
2147	90-94	0.0917932877997103
2147	95-99	0.07352079902111086
2147	100-104	0.12917038480222942
2147	105-109	0.03202650630306181
2147	110-114	0.056885848564625974
2147	115-119	0.08160978368207594
2147	120-124	0.03248856619153884
2147	125-129	0.026121642969243908
2147	130-134	0.010694395223296738
2147	135-139	-0.02134199100935774
2147	140-144	-0.03379903914483151
2147	145-149	-0.019966902253237606
2147	150	-0.09715062300542598
2148	1	0.03234328377253348
2148	2	0.07817963444708909
2148	3	0.04180431423799291
2148	4	0.03576356520532897
2148	5	0.04158434879587958
2148	6	0.022759951612243867
2148	7	0.13486279035739557
2148	8	0.095691522805609
2148	9	0.14274827709803617
2148	10-14	0.08998770186427407
2148	15-19	0.08753778120244249
2148	20-24	0.10071329447352895
2148	25-29	0.11924993986152543
2148	30-34	0.11126775383146992
2148	35-39	0.12215252329359316
2148	40-44	0.10317278821010945
2148	45-49	0.15002425634605743
2148	50-54	0.1291051060558317
2148	55-59	0.11248610135144332
2148	60-64	0.13709230704783693
2148	65-69	0.10572343438813903
2148	70-74	0.09137210871747925
2148	75-79	0.1127615297433735
2148	80-84	0.0821463110538545
2148	85-89	0.08835288716643674
2148	90-94	0.10254191245738298
2148	95-99	0.1256262454250674
2148	100-104	0.12739182902047474
2148	105-109	0.07980427870788276
2148	110-114	0.05868729313748844
2148	115-119	0.0875624812550555
2148	120-124	0.046262138019628196
2148	125-129	0.051621448736902664
2148	130-134	0.08915523685380577
2148	135-139	0.037794827545383214
2148	140-144	0.038091268741652584
2148	145-149	0.06023679186869657
2148	150	-0.04592002810640139
2149	1	-0.09033862772788126
2149	2	-0.03722077227102005
2149	3	0.03314727906782622
2149	4	-0.02729743157925668
2149	5	0.019232302505159282
2149	6	0.05627016407157015
2149	7	0.01608598919102633
2149	8	0.05027756447537257
2149	9	0.15088637358640966
2149	10-14	0.01979813206328629
2149	15-19	0.0691605349831832
2149	20-24	0.055009618577521735
2149	25-29	0.08102727802723564
2149	30-34	0.05748274354809979
2149	35-39	0.10546337924232319
2149	40-44	0.08273357040544482
2149	45-49	0.12464127681510462
2149	50-54	0.08947179737599242
2149	55-59	0.07160966192125784
2149	60-64	0.07018370889994685
2149	65-69	0.12277806933619217
2149	70-74	0.07105057042652163
2149	75-79	0.061122126877954486
2149	80-84	0.09925609214836584
2149	85-89	0.05885853903536997
2149	90-94	0.05679641185538031
2149	95-99	0.06220047745454593
2149	100-104	0.09323270896340574
2149	105-109	0.05776984217323644
2149	110-114	0.0854939693654373
2149	115-119	0.048582534232558316
2149	120-124	0.06183338100847635
2149	125-129	0.03274898713500107
2149	130-134	0.08910565828185923
2149	135-139	0.02993046561013557
2149	140-144	-0.010989127509418495
2149	145-149	0.004086105600634937
2149	150	0.05821153992558692
2150	1	-0.04882483566186124
2150	2	0.020021970177161563
2150	3	-0.02847603096213902
2150	4	-0.006666291661325374
2150	5	0.028562754302107862
2150	6	-0.025067175523332708
2150	7	-0.011796114502558908
2150	8	0.019487251971597175
2150	9	0.06357663075063158
2150	10-14	0.04019952774000046
2150	15-19	0.032425516465295345
2150	20-24	0.0664868662253113
2150	25-29	0.05586872581535118
2150	30-34	0.05822091993414347
2150	35-39	0.0752869075560767
2150	40-44	0.07855768505493899
2150	45-49	0.0932575738743111
2150	50-54	0.05275485479846509
2150	55-59	0.041047872125908214
2150	60-64	0.0892644491982324
2150	65-69	0.06718560397008133
2150	70-74	0.0748066053475398
2150	75-79	0.06753820730037319
2150	80-84	0.09431075093718988
2150	85-89	0.07029015076691536
2150	90-94	0.08455627991884995
2150	95-99	0.08494076530806183
2150	100-104	0.07956551378936183
2150	105-109	0.06307790999932905
2150	110-114	0.06363030285651661
2150	115-119	0.0755128717269784
2150	120-124	0.06377294176174786
2150	125-129	0.03501302268408324
2150	130-134	0.05072276457222813
2150	135-139	0.019682889735108233
2150	140-144	0.019277710153538408
2150	145-149	0.034991434338444094
2150	150	-0.1599080324885236
2151	1	0.06737554480397279
2151	2	0.04745417612450353
2151	3	0.05060346807322702
2151	4	0.004079173466230657
2151	5	0.048801542416050836
2151	6	0.0028226941698150654
2151	7	0.09483751738328294
2151	8	0.08327617427249834
2151	9	0.032189412462400924
2151	10-14	0.057330540555113885
2151	15-19	0.044187272643824826
2151	20-24	0.061419018282308
2151	25-29	0.09710049740652238
2151	30-34	0.06390971936506418
2151	35-39	0.065614560847159
2151	40-44	0.09340846269260084
2151	45-49	0.07487778706451564
2151	50-54	0.06268733019751238
2151	55-59	0.03941817423518046
2151	60-64	0.06809812742976362
2151	65-69	0.08483876032752846
2151	70-74	0.06794038273730507
2151	75-79	0.09556670990328797
2151	80-84	0.10097035796879794
2151	85-89	0.07960092021324527
2151	90-94	0.08548265493097063
2151	95-99	0.06451403461966265
2151	100-104	0.1348746288021374
2151	105-109	0.11817545152182873
2151	110-114	0.081447285859511
2151	115-119	0.08370827272502623
2151	120-124	0.04530000549247859
2151	125-129	0.04963552082486444
2151	130-134	0.05550731097719819
2151	135-139	-0.006703681868991396
2151	140-144	-0.002598859402723974
2151	145-149	0.013837210952189594
2151	150	-0.04468037273059622
2152	1	-0.004100507675929066
2152	2	-0.08376767055273149
2152	3	0.028517406013911284
2152	4	-0.010552621739243762
2152	5	0.021073067470126716
2152	6	-0.013723778016760946
2152	7	0.10284124471753131
2152	8	0.04279925221515413
2152	9	0.02091221808473165
2152	10-14	0.045314386095668624
2152	15-19	0.011608764661986015
2152	20-24	0.03759781786378369
2152	25-29	0.05368588971045796
2152	30-34	0.06084430826378906
2152	35-39	0.07937292274802132
2152	40-44	0.10265940105302462
2152	45-49	0.09132416747351613
2152	50-54	0.04322373697500126
2152	55-59	0.04500041959258283
2152	60-64	0.06387989361585511
2152	65-69	0.08467544846251229
2152	70-74	0.06407335378018075
2152	75-79	0.08431602458387744
2152	80-84	0.08586846879675392
2152	85-89	0.03668958297183167
2152	90-94	0.08336795505569228
2152	95-99	0.03490703140846563
2152	100-104	0.08353284871886757
2152	105-109	0.09019425688711635
2152	110-114	0.024407182875833655
2152	115-119	0.02412249684304868
2152	120-124	0.03782445106154597
2152	125-129	0.008420923973417871
2152	130-134	0.0018210055165326366
2152	135-139	-0.026171211285010543
2152	140-144	0.02195543697255431
2152	145-149	0.019724792462525897
2152	150	-0.09274209867111693
2153	1	-0.027638368785801504
2153	2	0.017551625867923804
2153	3	0.026323153345074957
2153	4	0.016576678552880253
2153	5	0.06298198447993997
2153	6	0.01788492053616153
2153	7	0.07010770450095549
2153	8	0.042811807593217566
2153	9	0.07873908382894257
2153	10-14	0.058101691379626175
2153	15-19	0.04997502146901667
2153	20-24	0.031025197657228887
2153	25-29	0.06671786458527862
2153	30-34	0.06634197439932166
2153	35-39	0.05749569738239302
2153	40-44	0.06356236781540048
2153	45-49	0.06264992791035695
2153	50-54	0.07119243107476336
2153	55-59	0.07196056955721986
2153	60-64	0.1193808488597341
2153	65-69	0.0818069052075927
2153	70-74	0.11507670546506432
2153	75-79	0.06762566631950762
2153	80-84	0.08710518689304791
2153	85-89	0.06913165142228905
2153	90-94	0.09785623357511497
2153	95-99	0.09881266358409846
2153	100-104	0.10757522231843097
2153	105-109	0.07125997206982504
2153	110-114	0.0545595243570034
2153	115-119	0.054876481355719875
2153	120-124	0.05967726022387154
2153	125-129	0.010627130964977027
2153	130-134	0.0516264405660678
2153	135-139	-0.003817188758922896
2153	140-144	-0.048550757804228795
2153	145-149	0.00845029002447717
2153	150	-0.07617768153417614
2154	1	0.01589678349895962
2154	2	0.0446956593775667
2154	3	0.09471236899963742
2154	4	0.03015637822214501
2154	5	0.06740397986604307
2154	6	0.08917636536691731
2154	7	0.04045884303798175
2154	8	0.09913001056414572
2154	9	0.05264388355003291
2154	10-14	0.06048948843184121
2154	15-19	0.07301422876634689
2154	20-24	0.0543450390673641
2154	25-29	0.12067421435415326
2154	30-34	0.09669838941691467
2154	35-39	0.07897748229686385
2154	40-44	0.07310355834333393
2154	45-49	0.12085732327276588
2154	50-54	0.09066598788462699
2154	55-59	0.08552312280798446
2154	60-64	0.11926272322575215
2154	65-69	0.10263295832000807
2154	70-74	0.13319748899176176
2154	75-79	0.1263617517123592
2154	80-84	0.10788937636520046
2154	85-89	0.095576519932834
2154	90-94	0.09720645026133212
2154	95-99	0.07497775695145492
2154	100-104	0.07483804028021979
2154	105-109	0.06545720198018046
2154	110-114	0.08041396254091637
2154	115-119	0.05850709039024338
2154	120-124	0.017192286504212007
2154	125-129	0.09976286672917922
2154	130-134	0.10999295469225956
2154	135-139	0.08842873585889066
2154	140-144	0.022766644066244623
2154	145-149	0.03504613934478584
2154	150	-0.020559711916114054
2155	1	-0.03580213513739494
2155	2	0.0458660874573269
2155	3	0.035606782156492045
2155	4	0.040586513701541094
2155	5	-0.01001851037554502
2155	6	0.048439839917691074
2155	7	0.08227438701876366
2155	8	0.01087455746733923
2155	9	0.028668303338072576
2155	10-14	0.015030216158962162
2155	15-19	0.06467448462326786
2155	20-24	0.05040303889139608
2155	25-29	0.058116460101793166
2155	30-34	0.06323194342380134
2155	35-39	0.03177311260112958
2155	40-44	0.06614916781598623
2155	45-49	0.03685969233683295
2155	50-54	0.05778956590980755
2155	55-59	0.06395701579194935
2155	60-64	0.03034435797309243
2155	65-69	0.012983023958256013
2155	70-74	0.04945217235896848
2155	75-79	0.061288837795181905
2155	80-84	-0.005222954094286081
2155	85-89	0.01662458961298796
2155	90-94	0.034333911861757827
2155	95-99	0.036654097628989746
2155	100-104	0.04247671842762912
2155	105-109	0.03713978797892281
2155	110-114	-0.0027278914063799675
2155	115-119	-0.030852156285980925
2155	120-124	-0.0036759678212234803
2155	125-129	0.05305385162880327
2155	130-134	0.053982598935135684
2155	135-139	-0.04623767334420137
2155	140-144	-0.062296167565726535
2155	145-149	-0.010581488825259555
2155	150	-0.019544094621409158
2156	1	0.027138007575814527
2156	2	0.014725530476304982
2156	3	0.05424324210358833
2156	4	0.007455463523527328
2156	5	-0.003182720842993092
2156	6	-0.007476074966412227
2156	7	0.07123521752165374
2156	8	0.03287642972342297
2156	9	0.07677403359373614
2156	10-14	0.06839413618754975
2156	15-19	0.04960949968587158
2156	20-24	0.026425454761984213
2156	25-29	0.03589831161417578
2156	30-34	0.05805121748834097
2156	35-39	0.042033709223581184
2156	40-44	0.0709798714683032
2156	45-49	0.08742854086565188
2156	50-54	0.04616383252810863
2156	55-59	0.07844400650915873
2156	60-64	0.08982623687201396
2156	65-69	0.01764126985170833
2156	70-74	0.07656875988087108
2156	75-79	0.05388603560924565
2156	80-84	0.08814704285040165
2156	85-89	0.040364702413214104
2156	90-94	0.026844618047242363
2156	95-99	0.08025800531510185
2156	100-104	0.04670815191622779
2156	105-109	0.05572163652694684
2156	110-114	0.007281126278989802
2156	115-119	0.0032478184159927537
2156	120-124	0.017023275023319684
2156	125-129	0.04664216616377814
2156	130-134	0.05944687835740581
2156	135-139	0.03299821172123529
2156	140-144	0.0303347092989128
2156	145-149	0.026119500290533892
2156	150	-0.010786935128301423
2157	1	-0.008445339538376118
2157	2	0.08563765841768856
2157	3	0.03105038442529917
2157	4	0.0030161729275093307
2157	5	0.011836892500973306
2157	6	0.039142481168426
2157	7	0.03151106940954662
2157	8	0.09043668073266531
2157	9	0.06160571521490965
2157	10-14	0.026577173868425064
2157	15-19	0.03213336552828849
2157	20-24	0.0233127831026394
2157	25-29	0.030610997496310688
2157	30-34	0.008574502004719875
2157	35-39	0.036290847621884836
2157	40-44	0.007077971451124654
2157	45-49	0.04255323415308254
2157	50-54	0.028741283460675504
2157	55-59	0.019968166995354864
2157	60-64	0.034959503638923195
2157	65-69	0.02243355273510872
2157	70-74	0.0899903338643
2157	75-79	0.0476032748746249
2157	80-84	0.03214067849081914
2157	85-89	0.05720514278793587
2157	90-94	0.036880777525155395
2157	95-99	0.09504530415090073
2157	100-104	0.042897835038886
2157	105-109	0.07174711393656708
2157	110-114	0.05621425873908237
2157	115-119	0.08431323466493978
2157	120-124	0.047733590531009895
2157	125-129	0.0746276305839757
2157	130-134	0.05889557670594314
2157	135-139	-0.010604600909005057
2157	140-144	-0.038859443678489924
2157	145-149	0.05346808344663856
2157	150	0.10601904804980933
2158	1	0.043700825712647884
2158	2	0.0036121534477757677
2158	3	-0.04057470407067143
2158	4	-0.012642862848203151
2158	5	0.016516406851017962
2158	6	0.0512181824495741
2158	7	0.018445390208931656
2158	8	0.07556509510799714
2158	9	0.06353547880128474
2158	10-14	0.03125625529338549
2158	15-19	0.03765279513865494
2158	20-24	0.02591573167424599
2158	25-29	0.07045984440709674
2158	30-34	0.02896482726539773
2158	35-39	0.054765438774872166
2158	40-44	0.03204955059544545
2158	45-49	0.050320992571137424
2158	50-54	0.06835280624896711
2158	55-59	0.07256525078489062
2158	60-64	0.04766070050091997
2158	65-69	0.02610663801227986
2158	70-74	0.04792091946718102
2158	75-79	0.02495128130193791
2158	80-84	0.034769494336522655
2158	85-89	0.05855857484893079
2158	90-94	0.03774596478758241
2158	95-99	0.027035830126479254
2158	100-104	0.011754841099431701
2158	105-109	0.043368251991111606
2158	110-114	-0.015472846275955021
2158	115-119	-0.015790004439992344
2158	120-124	0.0013892573377844997
2158	125-129	0.06654947840566905
2158	130-134	0.04699445246712486
2158	135-139	-0.002968505833784718
2158	140-144	-0.036540466907766245
2158	145-149	-0.019228629934907815
2158	150	0.12858702709731773
2159	1	-0.04107882220469605
2159	2	-0.03169770102495306
2159	3	0.07160089855464946
2159	4	0.019759547425849178
2159	5	0.07041206260727506
2159	6	-0.0075805355534726004
2159	7	0.032243820154313596
2159	8	0.03536795138352744
2159	9	0.04150648616499808
2159	10-14	0.06741584645735088
2159	15-19	0.0711633652508965
2159	20-24	0.05171167643721475
2159	25-29	0.07319198112261205
2159	30-34	0.06832233970902024
2159	35-39	0.07753608298542503
2159	40-44	0.06790245057420208
2159	45-49	0.0734926985983364
2159	50-54	0.0698770790838239
2159	55-59	0.0655446505850108
2159	60-64	0.06960509374254542
2159	65-69	0.04711898091558453
2159	70-74	0.06396651999789782
2159	75-79	0.10162135074723011
2159	80-84	0.06807327781020689
2159	85-89	0.08218662837712998
2159	90-94	0.09035102864081068
2159	95-99	0.05080019975939365
2159	100-104	0.05785306328237283
2159	105-109	0.09281378443060362
2159	110-114	0.052855327193832125
2159	115-119	0.024513767404428677
2159	120-124	0.0680450522225513
2159	125-129	0.04604048118184778
2159	130-134	0.08711933448712728
2159	135-139	-0.00204698864810382
2159	140-144	-0.0051283467512277525
2159	145-149	-0.005460075111514584
2159	150	0.06406144202948383
2160	1	0.009677988905693269
2160	2	0.011235413838271313
2160	3	0.0596844138068775
2160	4	0.043032614646151046
2160	5	0.03605917069306486
2160	6	-0.02540220634617185
2160	7	0.05025037312653069
2160	8	-2.4891193361753494E-4
2160	9	0.028182794558183843
2160	10-14	0.049456049582921935
2160	15-19	0.02348378795582562
2160	20-24	0.06421375669437879
2160	25-29	0.05944498317111879
2160	30-34	0.08149165902027278
2160	35-39	0.04854406907728759
2160	40-44	0.051452633495458144
2160	45-49	0.060434454957089656
2160	50-54	0.0741004959253786
2160	55-59	0.06881639322661215
2160	60-64	0.06855904247895239
2160	65-69	0.048755856813912146
2160	70-74	0.06087759715813945
2160	75-79	0.029354798677800886
2160	80-84	0.07452762846077832
2160	85-89	0.06673655885670371
2160	90-94	0.07461782792945115
2160	95-99	0.06900587196993513
2160	100-104	0.05824298572001396
2160	105-109	0.05619838437041835
2160	110-114	0.018795026796553316
2160	115-119	0.060625282028233585
2160	120-124	0.06329761847734972
2160	125-129	0.057396065729705015
2160	130-134	0.11295752053415242
2160	135-139	-0.034258334193523865
2160	140-144	-0.05004328681138048
2160	145-149	0.019864046667358082
2160	150	0.03867809674710543
2161	1	0.03837495549721126
2161	2	-0.0990434666484532
2161	3	0.011841146204588426
2161	4	0.018351111749744575
2161	5	-0.0709630027462751
2161	6	-0.07783866873599976
2161	7	-0.010869382863155863
2161	8	0.045999173308175045
2161	9	0.010863874050315303
2161	10-14	0.02733362102227943
2161	15-19	0.022726595476783018
2161	20-24	0.032539772594965655
2161	25-29	0.037810076320056396
2161	30-34	0.03252913434415916
2161	35-39	0.015613221513611109
2161	40-44	0.028602933923714602
2161	45-49	0.027622349370311383
2161	50-54	0.037435937290631216
2161	55-59	0.021629146055595072
2161	60-64	0.01035999392500031
2161	65-69	0.03078071361157697
2161	70-74	0.048619692712662754
2161	75-79	0.007828844265219459
2161	80-84	0.03966665069354747
2161	85-89	0.03825221133078571
2161	90-94	0.0686191062328092
2161	95-99	0.0032913570240395984
2161	100-104	0.054793063389084296
2161	105-109	0.003067903037965891
2161	110-114	0.02121209888854736
2161	115-119	0.059441691775710126
2161	120-124	0.01732628321667562
2161	125-129	0.07878651728902497
2161	130-134	0.07474121218795915
2161	135-139	-0.0061411617789914885
2161	140-144	-0.06131966193138538
2161	145-149	0.020915990551465313
2161	150	-0.006098860890887181
2162	1	-0.03541769292201025
2162	2	0.03124507337440008
2162	3	0.01162586351426853
2162	4	0.047888032901184374
2162	5	0.054651216114258716
2162	6	-0.03787227052084319
2162	7	0.06309331507448235
2162	8	0.11366697817295801
2162	9	0.051945457007271045
2162	10-14	0.06955412763380764
2162	15-19	0.06161773657706249
2162	20-24	0.06297401104520617
2162	25-29	0.027831706618805185
2162	30-34	0.04718304956428199
2162	35-39	0.0674254052215062
2162	40-44	0.07245720828841229
2162	45-49	0.10173101781456495
2162	50-54	0.06059947051150516
2162	55-59	0.06167295081154833
2162	60-64	0.06335395376610364
2162	65-69	0.07091668520650529
2162	70-74	0.04878076361650585
2162	75-79	0.08744834146281022
2162	80-84	0.05879150785195009
2162	85-89	0.05575765291537493
2162	90-94	0.07254017604834218
2162	95-99	0.024360968494903545
2162	100-104	0.0763224887577465
2162	105-109	0.017558502700588008
2162	110-114	0.012537940973764705
2162	115-119	0.006495073720522271
2162	120-124	0.06074108160597547
2162	125-129	0.030029307189437304
2162	130-134	-0.0010486338151949326
2162	135-139	-0.06283648745782955
2162	140-144	-0.11003456371079068
2162	145-149	-0.1112128253597291
2162	150	-0.03006393952178854
2163	1	0.02169186426738179
2163	2	-0.04230277148108996
2163	3	0.034001103301086744
2163	4	0.045116797661279406
2163	5	0.03448949850598382
2163	6	0.06778305088853642
2163	7	0.038102947646244445
2163	8	0.07059477515498713
2163	9	0.06510699206761217
2163	10-14	0.055846181729634736
2163	15-19	0.07151620498959232
2163	20-24	0.07833914973196698
2163	25-29	0.06359175848570686
2163	30-34	0.0667882322817519
2163	35-39	0.04970696674958219
2163	40-44	0.038508415553621944
2163	45-49	0.06711872326232537
2163	50-54	0.008697153180172279
2163	55-59	0.06640090814807564
2163	60-64	0.050446889845900955
2163	65-69	0.03348197349353654
2163	70-74	0.05219658144668671
2163	75-79	0.02526285563355657
2163	80-84	0.049149140838800065
2163	85-89	0.03654407491072931
2163	90-94	0.061251192388262155
2163	95-99	-0.013924026167373427
2163	100-104	-0.01703891060747509
2163	105-109	-0.006611981318584981
2163	110-114	-0.043350154743002633
2163	115-119	-0.0560832771900408
2163	120-124	-0.08061328709497673
2163	125-129	0.021559863762000475
2163	130-134	-0.0673166313122664
2163	135-139	-0.08621019939033658
2163	140-144	-0.14352600707589147
2163	145-149	-0.11792749334339447
2163	150	-0.14183793901010233
2164	1	-0.010716866728841978
2164	2	0.008239863273878711
2164	3	0.027570529424636447
2164	4	0.015313529751189492
2164	5	0.021150728847807443
2164	6	-0.005033510232387073
2164	7	0.05588377051319071
2164	8	0.02368701597866618
2164	9	0.08762132258915756
2164	10-14	0.047630068020787064
2164	15-19	0.05805273160784452
2164	20-24	0.04609438982731717
2164	25-29	0.07493878039279167
2164	30-34	0.059366225159244834
2164	35-39	0.05199723327616823
2164	40-44	0.035316097856203044
2164	45-49	0.04995994106327828
2164	50-54	0.024090517361081254
2164	55-59	0.05174413253728716
2164	60-64	0.07796310475365686
2164	65-69	0.055464662360456884
2164	70-74	0.03595491466081313
2164	75-79	0.051475423754006044
2164	80-84	0.0799190015881237
2164	85-89	0.10785665244800668
2164	90-94	0.07231146488291529
2164	95-99	0.02902863041719428
2164	100-104	0.0057947249033460935
2164	105-109	0.02472821896803623
2164	110-114	0.011684593691263956
2164	115-119	0.042746193213709205
2164	120-124	0.029867174779305117
2164	125-129	0.015874895306403403
2164	130-134	-0.027828560639676425
2164	135-139	-0.031070123292181506
2164	140-144	-0.049632713300987064
2164	145-149	-0.07475627643260196
2164	150	-0.06760430861108802
2165	1	0.007812138108889144
2165	2	0.05026337873982101
2165	3	0.011233008717070447
2165	4	0.04020997392940018
2165	5	-0.005115998677261757
2165	6	0.026524917362792166
2165	7	0.038018751510868753
2165	8	0.012311926279416241
2165	9	0.038117062695732784
2165	10-14	0.053743697463879414
2165	15-19	0.03666835706916771
2165	20-24	0.025267406448286067
2165	25-29	0.027794643061518798
2165	30-34	0.041103315978858745
2165	35-39	0.034944438030152014
2165	40-44	0.04973785549592691
2165	45-49	0.07025298183866369
2165	50-54	0.08098321137456566
2165	55-59	0.08717690595167937
2165	60-64	0.0364374232540996
2165	65-69	0.031812903362812506
2165	70-74	0.04550362387227125
2165	75-79	0.032311977726678265
2165	80-84	0.0036547389020000765
2165	85-89	0.054163041989028216
2165	90-94	0.039440987640965375
2165	95-99	0.04020023638159387
2165	100-104	0.02209316914045445
2165	105-109	0.016201968399819577
2165	110-114	-0.03331261042938394
2165	115-119	0.005008830476413095
2165	120-124	-0.016248260764086808
2165	125-129	-0.01727597532985925
2165	130-134	-0.012723546301671718
2165	135-139	-0.09878011478672732
2165	140-144	-0.14884106718997003
2165	145-149	-0.11524183934449894
2165	150	-0.08704314816959169
2166	1	0.022406425227956106
2166	2	0.01268050865595427
2166	3	0.04537848971342129
2166	4	-0.032133367756344455
2166	5	0.04795956628133524
2166	6	0.057350406894251194
2166	7	0.12278908052219606
2166	8	0.0496552786074389
2166	9	0.07616892464198344
2166	10-14	0.08069217873108414
2166	15-19	0.0690681320914237
2166	20-24	0.08702613856992514
2166	25-29	0.027224842226416968
2166	30-34	0.0455371947111729
2166	35-39	0.011809843019349842
2166	40-44	0.0640196720475501
2166	45-49	0.04744141985564454
2166	50-54	0.06220505922511421
2166	55-59	0.031118084488113595
2166	60-64	0.046097431757274876
2166	65-69	0.03170701270263265
2166	70-74	0.054372565290272235
2166	75-79	-7.28435789660864E-4
2166	80-84	0.02791866578529323
2166	85-89	0.028760271697791495
2166	90-94	0.030265907810587578
2166	95-99	-9.251152791591721E-4
2166	100-104	0.0426294122143247
2166	105-109	0.00806040003676145
2166	110-114	-0.00763201018365578
2166	115-119	0.016699452022663763
2166	120-124	-0.0057741712508274645
2166	125-129	0.05270972943101526
2166	130-134	-0.03888166553456074
2166	135-139	-0.06898458486250547
2166	140-144	-0.06700586498403993
2166	145-149	-0.11975091906952429
2166	150	0.04996892336566816
2167	1	0.0544468029420031
2167	2	-0.016473415789612034
2167	3	0.016002814950390132
2167	4	0.026902221154898598
2167	5	0.056845828779806595
2167	6	0.0119129279331176
2167	7	0.08362210867636577
2167	8	0.028700302971572
2167	9	0.09719682620888648
2167	10-14	0.030718786126932685
2167	15-19	0.053762564513654354
2167	20-24	0.04848076780761801
2167	25-29	0.05540166488587772
2167	30-34	0.0256975762723215
2167	35-39	0.02245413569331589
2167	40-44	0.07541983142769482
2167	45-49	0.05216717872130516
2167	50-54	0.0740214777058199
2167	55-59	0.07399077695048106
2167	60-64	0.02245512235157321
2167	65-69	0.020097944310265348
2167	70-74	0.05594336606454675
2167	75-79	0.07119019261097748
2167	80-84	0.03659728754860936
2167	85-89	0.09183256190495115
2167	90-94	0.0935483356733613
2167	95-99	0.14801154009455075
2167	100-104	0.1403601474820988
2167	105-109	0.11440599972307552
2167	110-114	0.07515888369273682
2167	115-119	0.1113953323945438
2167	120-124	0.09916689085722652
2167	125-129	0.14295399695080846
2167	130-134	0.1158826040356189
2167	135-139	0.1113437245083162
2167	140-144	0.09335659274666597
2167	145-149	0.0940034928171869
2167	150	0.10007637021297455
2168	1	0.0934866904566789
2168	2	0.048481870920198844
2168	3	0.034684199355048406
2168	4	0.01694878090589924
2168	5	-0.0034671991150858616
2168	6	0.04971992107159906
2168	7	0.052240949765469225
2168	8	0.1522701551522445
2168	9	0.09559022034104458
2168	10-14	0.09328796293604569
2168	15-19	0.09818137030706708
2168	20-24	0.0731403314025556
2168	25-29	0.08675617688417248
2168	30-34	0.09242114424547054
2168	35-39	0.08553272028657233
2168	40-44	0.0855366100490329
2168	45-49	0.0923625994526418
2168	50-54	0.06503472459316129
2168	55-59	0.12326248965852926
2168	60-64	0.12921167619082752
2168	65-69	0.1397232153910437
2168	70-74	0.09171034490274366
2168	75-79	0.08490973856984851
2168	80-84	0.11186626505256214
2168	85-89	0.12049251453171195
2168	90-94	0.12839279446917118
2168	95-99	0.08379456273110009
2168	100-104	0.10530646786591547
2168	105-109	0.10356789507017794
2168	110-114	0.10484960698912715
2168	115-119	0.11971939577765767
2168	120-124	0.1354814080984923
2168	125-129	0.16777268255158617
2168	130-134	0.17361414189081614
2168	135-139	0.11510298189617174
2168	140-144	0.10497612629540498
2168	145-149	0.131444932216624
2168	150	0.1897912872037466
2169	1	0.08283803829570502
2169	2	0.06856182163457447
2169	3	0.0669341685352478
2169	4	0.07084143159273992
2169	5	0.04322373146047909
2169	6	0.03216040302976353
2169	7	0.11044619025518188
2169	8	0.03712028135464607
2169	9	0.09956759494354372
2169	10-14	0.08060584560192297
2169	15-19	0.0851576409337369
2169	20-24	0.07887139090505002
2169	25-29	0.08228244146088315
2169	30-34	0.06260790164910901
2169	35-39	0.07575126320458736
2169	40-44	0.05249886560568484
2169	45-49	0.09130637843730227
2169	50-54	0.08843743572588636
2169	55-59	0.05089690185043594
2169	60-64	0.06329109242391695
2169	65-69	0.07355712850575458
2169	70-74	0.10715679556101065
2169	75-79	0.08670528302828728
2169	80-84	0.11163967885882897
2169	85-89	0.0901456765617894
2169	90-94	0.13340176681733595
2169	95-99	0.10023567623053253
2169	100-104	0.1375523722523937
2169	105-109	0.05007149663049404
2169	110-114	0.07723580864296054
2169	115-119	0.09748126107502486
2169	120-124	0.11659211624059651
2169	125-129	0.15499899010501395
2169	130-134	0.10398059053623854
2169	135-139	0.10302289699149725
2169	140-144	0.05134258015210236
2169	145-149	0.1320915992079108
2169	150	0.09824626985753326
2170	1	0.08134469735078653
2170	2	0.052009220613498996
2170	3	0.06240451903573074
2170	4	0.0587023601627763
2170	5	0.03616247334343825
2170	6	0.0589948056609515
2170	7	0.03207919944746607
2170	8	0.04117215257182494
2170	9	0.031184970114644273
2170	10-14	0.07443423464903276
2170	15-19	0.064058588705727
2170	20-24	0.0767759130943233
2170	25-29	0.07467529003143625
2170	30-34	0.029843988343323247
2170	35-39	0.04806243861052195
2170	40-44	0.051645676200486434
2170	45-49	0.05178019956074564
2170	50-54	0.06862880652465009
2170	55-59	0.06090760564087816
2170	60-64	0.06333079375572481
2170	65-69	0.06892978259167393
2170	70-74	0.07241994662717843
2170	75-79	0.0920364193815999
2170	80-84	0.08639644333001684
2170	85-89	0.1141821732436128
2170	90-94	0.11764682523408254
2170	95-99	0.0988219325636166
2170	100-104	0.07805110401540816
2170	105-109	0.06114291361773638
2170	110-114	0.06935217506289604
2170	115-119	0.09735112893186226
2170	120-124	0.13089854305586357
2170	125-129	0.15767617027250935
2170	130-134	0.09857108946261661
2170	135-139	0.0797200316192388
2170	140-144	0.09741870031998445
2170	145-149	0.08052929990398638
2170	150	0.1765000599724189
2171	1	-0.0870721541824011
2171	2	0.02619598071550655
2171	3	0.04212276173264229
2171	4	0.04096087611658561
2171	5	0.049385785183879705
2171	6	0.08627177371187145
2171	7	0.009581117221607371
2171	8	0.03497929705796565
2171	9	0.052696176135413
2171	10-14	0.07950835402787249
2171	15-19	0.06397638357645263
2171	20-24	0.06774319690416775
2171	25-29	0.05866488221936095
2171	30-34	0.07523552525788091
2171	35-39	0.06858448782993776
2171	40-44	0.031927226176641454
2171	45-49	0.06819448023994568
2171	50-54	0.0637045845189732
2171	55-59	0.06039758138362572
2171	60-64	0.04312232652374348
2171	65-69	0.07467989143832199
2171	70-74	0.0791553767269022
2171	75-79	0.05156464694365326
2171	80-84	0.023401605770679623
2171	85-89	0.0910234437430617
2171	90-94	0.06515029796022276
2171	95-99	0.05072291322000666
2171	100-104	0.08269419069879547
2171	105-109	0.06782485336852773
2171	110-114	0.04803274645593092
2171	115-119	0.08040795724443228
2171	120-124	0.11834531186559616
2171	125-129	0.12207626978944575
2171	130-134	0.08955050189808134
2171	135-139	0.049154651070644206
2171	140-144	0.03692474390010858
2171	145-149	0.09018472253993792
2171	150	0.11949551951256865
2172	1	0.10045493991340493
2172	2	0.03852618015419296
2172	3	0.12519685457394303
2172	4	0.04539862100929781
2172	5	0.12728421938700052
2172	6	0.06123225359046813
2172	7	0.08981467682495747
2172	8	0.07808119909617517
2172	9	0.06643448416698305
2172	10-14	0.09844993118271361
2172	15-19	0.08593384408117544
2172	20-24	0.06015160774818895
2172	25-29	0.096504372220231
2172	30-34	0.0683913670979095
2172	35-39	0.04791233985447718
2172	40-44	0.05452253856470435
2172	45-49	0.09661489903034948
2172	50-54	0.11585197953768755
2172	55-59	0.08058753942928831
2172	60-64	0.08602011752805794
2172	65-69	0.09072949252433204
2172	70-74	0.10692276571104742
2172	75-79	0.0767881715998655
2172	80-84	0.14345460953521894
2172	85-89	0.13832738184537163
2172	90-94	0.13117487704413833
2172	95-99	0.1328982795426441
2172	100-104	0.14437170023304446
2172	105-109	0.08701408820773082
2172	110-114	0.0668411082494984
2172	115-119	0.11679052352397434
2172	120-124	0.10233109978673838
2172	125-129	0.1805467535010905
2172	130-134	0.14679208370695562
2172	135-139	0.11796965402256632
2172	140-144	0.13541407647415582
2172	145-149	0.10116844019763249
2172	150	0.13222562649796998
2173	1	0.09206102905596225
2173	2	0.0680664926989678
2173	3	0.04112747210806589
2173	4	0.08614808361303972
2173	5	0.046105877227262226
2173	6	0.09290921594298851
2173	7	0.08121896980060228
2173	8	0.06910638780652789
2173	9	0.1238572933480171
2173	10-14	0.08780401986565778
2173	15-19	0.06731790905644175
2173	20-24	0.04126364451267506
2173	25-29	0.09227415054034793
2173	30-34	0.06476710662359153
2173	35-39	0.06019525222178146
2173	40-44	0.044104155634968834
2173	45-49	0.08582718073147788
2173	50-54	0.07930933012681152
2173	55-59	0.07454156696447001
2173	60-64	0.09869996042129969
2173	65-69	0.12576944345867247
2173	70-74	0.0871843687191074
2173	75-79	0.0771700538127078
2173	80-84	0.09557191738937831
2173	85-89	0.1346444553316033
2173	90-94	0.12822514436727062
2173	95-99	0.10557981158598295
2173	100-104	0.0897050494967786
2173	105-109	0.12263420888189813
2173	110-114	0.0991459130817347
2173	115-119	0.13893422813362122
2173	120-124	0.16033600088934463
2173	125-129	0.13180140989580025
2173	130-134	0.1658423528074522
2173	135-139	0.09365408154961585
2173	140-144	0.1286645065047196
2173	145-149	0.0634679132795597
2173	150	0.3753257264481249
2174	1	0.13889214826688345
2174	2	0.06849573839873102
2174	3	0.014639692372917068
2174	4	0.04754477510765298
2174	5	0.06473659722393421
2174	6	0.021390662171619113
2174	7	0.03474265739516369
2174	8	0.11727396238821797
2174	9	0.06338646881800969
2174	10-14	0.07576623036553087
2174	15-19	0.08801978220344608
2174	20-24	0.07477196009828901
2174	25-29	0.09717521521338313
2174	30-34	0.06791661000724503
2174	35-39	0.06293155904938885
2174	40-44	0.08170124975575277
2174	45-49	0.058406503509452534
2174	50-54	0.04952232936238232
2174	55-59	0.08348444379053888
2174	60-64	0.0844168917790924
2174	65-69	0.07397732133767221
2174	70-74	0.09495676036664236
2174	75-79	0.08831789664147038
2174	80-84	0.0509612949755649
2174	85-89	0.11417549817129213
2174	90-94	0.12119895260435243
2174	95-99	0.08249849212984373
2174	100-104	0.10950188479067435
2174	105-109	0.09919776111250656
2174	110-114	0.07756049717352198
2174	115-119	0.144771024811142
2174	120-124	0.11195837018059507
2174	125-129	0.15873490440295512
2174	130-134	0.2027185083695855
2174	135-139	0.13922742949908695
2174	140-144	0.14617670747909983
2174	145-149	0.14830408062200462
2174	150	0.2627913091217735
2175	1	0.015589327625278315
2175	2	0.11496346843659921
2175	3	0.05635469535508264
2175	4	0.08444401111407274
2175	5	0.05934642302656101
2175	6	0.0468287708539421
2175	7	0.08472535241504175
2175	8	0.05144397119846644
2175	9	0.06844623813432094
2175	10-14	0.0882290137274424
2175	15-19	0.08144631085706777
2175	20-24	0.0830147755133197
2175	25-29	0.08886601863203936
2175	30-34	0.058705498810212475
2175	35-39	0.05603991230538696
2175	40-44	0.05275729925997297
2175	45-49	0.07554994220069489
2175	50-54	0.0627121600835494
2175	55-59	0.0955788547501939
2175	60-64	0.09967041194030202
2175	65-69	0.10335875321636934
2175	70-74	0.07742889562889843
2175	75-79	0.11180261616618736
2175	80-84	0.10072747462621834
2175	85-89	0.10771876161678762
2175	90-94	0.08206969574157341
2175	95-99	0.09492111527769254
2175	100-104	0.11117019777161374
2175	105-109	0.1091644768830875
2175	110-114	0.07945922563027352
2175	115-119	0.04449247124318134
2175	120-124	0.12623445833951052
2175	125-129	0.14624596534751788
2175	130-134	0.09908978113023892
2175	135-139	0.08051195662153532
2175	140-144	0.043159689343674756
2175	145-149	0.12045617637141959
2175	150	0.17360639799419175
2176	1	0.06253215376443677
2176	2	0.028841716272587803
2176	3	0.07294677507143632
2176	4	0.04841108413504003
2176	5	0.018743274855253844
2176	6	0.10069261387200612
2176	7	0.03022237277836126
2176	8	0.08493754878379178
2176	9	-0.012401182285778134
2176	10-14	0.0862331567369452
2176	15-19	0.06564397798254618
2176	20-24	0.055040167843543486
2176	25-29	0.07538944223592381
2176	30-34	0.0597694033240046
2176	35-39	0.015525555377458033
2176	40-44	0.04601526778755982
2176	45-49	0.0512566864593893
2176	50-54	0.08118311785072052
2176	55-59	0.09352417857139272
2176	60-64	0.07294702766341032
2176	65-69	0.0664925694881191
2176	70-74	0.021736886553107126
2176	75-79	0.034015564966765055
2176	80-84	0.07242704046134207
2176	85-89	0.0633158990527889
2176	90-94	0.10287068986213654
2176	95-99	0.08128835576979299
2176	100-104	0.0771071252797384
2176	105-109	0.030013619597298202
2176	110-114	0.050889417943743354
2176	115-119	0.08753743679293535
2176	120-124	0.1142887583160146
2176	125-129	0.08621638701508516
2176	130-134	0.10734479366713856
2176	135-139	0.09134157903280027
2176	140-144	0.06224380708639643
2176	145-149	0.06302022814329433
2176	150	0.05291722045654268
2177	1	0.07672518060341815
2177	2	0.045269430986344616
2177	3	0.08323693682410749
2177	4	0.08706663245317259
2177	5	0.04405649589040195
2177	6	0.0029255827065810536
2177	7	0.10541409243857203
2177	8	0.043649164853484024
2177	9	0.09010112859999708
2177	10-14	0.07811216618091521
2177	15-19	0.062018039327043084
2177	20-24	0.08588698571664821
2177	25-29	0.09288717255560641
2177	30-34	0.06453490467242062
2177	35-39	0.09059678770329072
2177	40-44	0.11023490111951162
2177	45-49	0.08775773014856014
2177	50-54	0.08442191835211332
2177	55-59	0.13114183866408524
2177	60-64	0.10297291692387489
2177	65-69	0.08870278775923168
2177	70-74	0.09393515846058165
2177	75-79	0.10350326459030867
2177	80-84	0.1076703390535485
2177	85-89	0.13402280379342812
2177	90-94	0.12916237312634138
2177	95-99	0.05943715292774243
2177	100-104	0.08708203952570415
2177	105-109	0.10312573842508499
2177	110-114	0.07673163979868747
2177	115-119	0.10309158292152887
2177	120-124	0.10171630350793492
2177	125-129	0.11073725284735048
2177	130-134	0.11153582654826266
2177	135-139	0.09762772917660811
2177	140-144	0.11297688115584492
2177	145-149	0.09544033478430691
2177	150	0.14135218115007575
2178	1	-0.0025146035932124278
2178	2	0.078375931237737
2178	3	0.09284426886926411
2178	4	0.08018521018040303
2178	5	0.03105338457090312
2178	6	0.047744495564202794
2178	7	0.06761759268931655
2178	8	0.06315181022501548
2178	9	0.13534810059029923
2178	10-14	0.05629847102761687
2178	15-19	0.062143431176572506
2178	20-24	0.0926134354539343
2178	25-29	0.03872952758514003
2178	30-34	0.08508651664372735
2178	35-39	0.05639548904857605
2178	40-44	0.08260207986158719
2178	45-49	0.06720225755862685
2178	50-54	0.07438733581737011
2178	55-59	0.05856679951989463
2178	60-64	0.07611957543455361
2178	65-69	0.08612193812315638
2178	70-74	0.09447428863451535
2178	75-79	0.11725048406452032
2178	80-84	0.11880644998894496
2178	85-89	0.11977057366664923
2178	90-94	0.10542731590506094
2178	95-99	0.07876095774999214
2178	100-104	0.10583968984365555
2178	105-109	0.11169886812817253
2178	110-114	0.12207737058705703
2178	115-119	0.11983242520156523
2178	120-124	0.1053636751244369
2178	125-129	0.14388006378202078
2178	130-134	0.12078263420141155
2178	135-139	0.10443533016080409
2178	140-144	0.12703026333817036
2178	145-149	0.1329872246712398
2178	150	0.22567291769350106
2179	1	0.13722269256157915
2179	2	0.02513592592075753
2179	3	0.08120006997714313
2179	4	0.059109547103581406
2179	5	0.007842504228086966
2179	6	0.10466730319591733
2179	7	0.04839510973591388
2179	8	0.044960217116567947
2179	9	0.06959435862993502
2179	10-14	0.08250952640981524
2179	15-19	0.09315390853398497
2179	20-24	0.0740886357950643
2179	25-29	0.08636966766929532
2179	30-34	0.07325877645482137
2179	35-39	0.08161234705215747
2179	40-44	0.058585018127963906
2179	45-49	0.07955874829536214
2179	50-54	0.11185468702402801
2179	55-59	0.10507473749014196
2179	60-64	0.06425795920247879
2179	65-69	0.1330315454163653
2179	70-74	0.08976459737503006
2179	75-79	0.07977281474682485
2179	80-84	0.11986084512258088
2179	85-89	0.12194595786493068
2179	90-94	0.1172780875918491
2179	95-99	0.10350799951860523
2179	100-104	0.1227540218841483
2179	105-109	0.15596519647310458
2179	110-114	0.09661648399284672
2179	115-119	0.155622214746316
2179	120-124	0.15578515153557504
2179	125-129	0.18485554642351332
2179	130-134	0.16625552349623973
2179	135-139	0.1617097958629472
2179	140-144	0.10687420190856045
2179	145-149	0.13673633137815244
2179	150	0.1118353305521893
2180	1	0.07292721272801828
2180	2	-0.013688019772438054
2180	3	0.047883362251567974
2180	4	0.01765771061718624
2180	5	0.026981877116725173
2180	6	0.0826546704106903
2180	7	0.007464642120297071
2180	8	0.06717962307336478
2180	9	0.06985753625890823
2180	10-14	0.020150234808355094
2180	15-19	0.06098214005931624
2180	20-24	0.057063374498660835
2180	25-29	0.06747537894762701
2180	30-34	0.06382910387654306
2180	35-39	0.06353845501119082
2180	40-44	0.05987921225073478
2180	45-49	0.06332352500041338
2180	50-54	0.040227126368513666
2180	55-59	0.07455367039293037
2180	60-64	0.0868372009892866
2180	65-69	0.06545908317336568
2180	70-74	0.09628114486273631
2180	75-79	0.09833379262784803
2180	80-84	0.05668904439829703
2180	85-89	0.09057334535681605
2180	90-94	0.13576095404176414
2180	95-99	0.08276514698653159
2180	100-104	0.09668482714941007
2180	105-109	0.09588065584045324
2180	110-114	0.11082058990059807
2180	115-119	0.10140254612995392
2180	120-124	0.08817944239426367
2180	125-129	0.14027965419371924
2180	130-134	0.13240770725535356
2180	135-139	0.09934542721273942
2180	140-144	0.09568257323665108
2180	145-149	0.10540272925480565
2180	150	0.15781545416537313
2181	1	0.07039828206922039
2181	2	0.06445805464971954
2181	3	0.07041535174887059
2181	4	0.04657964454217023
2181	5	0.07470129745656351
2181	6	0.06017265648374348
2181	7	0.028650563046241473
2181	8	0.06099663781122189
2181	9	0.06181891123760863
2181	10-14	0.0630528569925346
2181	15-19	0.05300550014209193
2181	20-24	0.050366006536812336
2181	25-29	0.054935667936014454
2181	30-34	0.04578978343138829
2181	35-39	0.06703901596932837
2181	40-44	0.06002872837943585
2181	45-49	0.08311423578004451
2181	50-54	0.07605324628318755
2181	55-59	0.07815467005831067
2181	60-64	0.04519096079450691
2181	65-69	0.07038010509230475
2181	70-74	0.06505731948750793
2181	75-79	0.10272235339301261
2181	80-84	0.07284531871248134
2181	85-89	0.09560768800422181
2181	90-94	0.07423100616519918
2181	95-99	0.06905285127692196
2181	100-104	0.0869989457420175
2181	105-109	0.06389109438346452
2181	110-114	0.09240631795548637
2181	115-119	0.07609906162019797
2181	120-124	0.06460823047834197
2181	125-129	0.07729733540936934
2181	130-134	0.053758284534140444
2181	135-139	0.04712286797084175
2181	140-144	0.08661813387658412
2181	145-149	0.032755071011237646
2181	150	5.821735918729587E-4
2182	1	0.11852254589067712
2182	2	0.06299991477423816
2182	3	0.09298655981915971
2182	4	0.06874394193440736
2182	5	0.0725402823559449
2182	6	0.05779578656428441
2182	7	0.06392104568853085
2182	8	0.09791501781334233
2182	9	0.05311285343603345
2182	10-14	0.047049244394344214
2182	15-19	0.03841420777092708
2182	20-24	0.055412270229474814
2182	25-29	0.06047810557766553
2182	30-34	0.05751371881594025
2182	35-39	0.07713204972083787
2182	40-44	0.039593567661398765
2182	45-49	0.09918139084339117
2182	50-54	0.06697146476747662
2182	55-59	0.07237392869664916
2182	60-64	0.09472131264370631
2182	65-69	0.08974047110936567
2182	70-74	0.10674282557324943
2182	75-79	0.1163252189582451
2182	80-84	0.13113758444929857
2182	85-89	0.12680673977509116
2182	90-94	0.12841314946007998
2182	95-99	0.12742677180806794
2182	100-104	0.12348796616493729
2182	105-109	0.10337247932356775
2182	110-114	0.057200818974443735
2182	115-119	0.16082823880369546
2182	120-124	0.13092159636453005
2182	125-129	0.15212385954563246
2182	130-134	0.12858595124027516
2182	135-139	0.05779086105725639
2182	140-144	0.11240410509213916
2182	145-149	0.13437410549814643
2182	150	0.13445215121827658
2183	1	0.06951748943386349
2183	2	8.773478311852045E-4
2183	3	0.02414318240368374
2183	4	0.11826061401218624
2183	5	0.039184056077253615
2183	6	0.05443508692010823
2183	7	0.0623545990372989
2183	8	0.08019034977876771
2183	9	0.03276998264760067
2183	10-14	0.03531212780961823
2183	15-19	0.06674695746772841
2183	20-24	0.0544130757623833
2183	25-29	0.03169921659154795
2183	30-34	0.027366238416561828
2183	35-39	0.00288245228284012
2183	40-44	-0.010645934854558448
2183	45-49	0.004106512266240259
2183	50-54	0.006636163534970763
2183	55-59	-1.581842611386719E-4
2183	60-64	-0.030735028699439226
2183	65-69	-0.016161594080742248
2183	70-74	0.009524670088225662
2183	75-79	0.02066821078106784
2183	80-84	0.026994704992191032
2183	85-89	-0.014093942515373215
2183	90-94	0.03028200216041199
2183	95-99	0.02092597240866212
2183	100-104	9.435158777648667E-4
2183	105-109	0.049550934712172534
2183	110-114	2.1209888853945813E-4
2183	115-119	0.12043716688882711
2183	120-124	0.061510672356945406
2183	125-129	0.05335552181390568
2183	130-134	0.03391768277619178
2183	135-139	0.018211779397475425
2183	140-144	0.05322898060254744
2183	145-149	0.024335673809382286
2183	150	0.05466471376974624
2184	1	0.0592295398486371
2184	2	0.024170247460439498
2184	3	0.06108031085285148
2184	4	-0.027038928902832993
2184	5	-0.0025064935327563376
2184	6	0.011646745418772753
2184	7	0.04784331226387195
2184	8	0.03319127806591382
2184	9	0.04622261168649544
2184	10-14	0.05820126274611681
2184	15-19	0.04794551652969403
2184	20-24	0.05091356288743043
2184	25-29	0.04199299690348823
2184	30-34	0.03131889330961002
2184	35-39	0.010639656357454896
2184	40-44	0.06151754217587069
2184	45-49	0.05005718254537328
2184	50-54	0.06436284001254222
2184	55-59	0.05843418441413917
2184	60-64	0.046242133466826374
2184	65-69	0.03942806852668923
2184	70-74	0.05903272714464691
2184	75-79	0.04981652578804585
2184	80-84	0.04427498287096654
2184	85-89	0.0766723893058412
2184	90-94	0.09492204260779857
2184	95-99	0.05050997665037471
2184	100-104	0.048928702680164804
2184	105-109	0.05922045956211264
2184	110-114	0.08572309428978997
2184	115-119	0.09322408846374941
2184	120-124	0.04983355213185803
2184	125-129	0.015929833621541434
2184	130-134	0.12717012353120083
2184	135-139	0.051644286519682225
2184	140-144	0.009673031808546284
2184	145-149	0.043805297643785934
2184	150	0.014360734610654902
2185	1	0.12248759765762429
2185	2	-0.020206200387860918
2185	3	-0.017197114646457123
2185	4	0.025166292565010906
2185	5	0.08112467881439756
2185	6	0.10325399642564292
2185	7	0.07496622219711213
2185	8	0.08955696391174683
2185	9	0.036694740430178285
2185	10-14	0.042712981673133754
2185	15-19	0.02997933219782567
2185	20-24	0.011266611628919065
2185	25-29	0.02764342385168561
2185	30-34	0.010919686799759631
2185	35-39	0.03269728250948134
2185	40-44	0.07180393916289773
2185	45-49	0.05433168190854332
2185	50-54	0.07220832090011697
2185	55-59	0.056935403243485894
2185	60-64	0.04452406940313125
2185	65-69	0.058079080097918734
2185	70-74	0.06892211636134249
2185	75-79	0.10040956156300496
2185	80-84	0.09109176889433712
2185	85-89	0.06555840462634421
2185	90-94	0.05946919355231728
2185	95-99	0.060243746596810865
2185	100-104	0.12280180598822454
2185	105-109	0.06344949992001858
2185	110-114	0.1106909505305751
2185	115-119	0.08885941976480183
2185	120-124	0.013043740728285513
2185	125-129	0.0767876992969434
2185	130-134	0.05096602796510297
2185	135-139	0.030906587081602765
2185	140-144	0.07953654840213176
2185	145-149	0.10863050901635063
2185	150	0.05300233389549902
2186	1	0.08696495824894157
2186	2	0.026311347821412312
2186	3	0.0025536591694717004
2186	4	0.0974527776049996
2186	5	0.04864069515605962
2186	6	0.03656955047107857
2186	7	0.06001598639790018
2186	8	0.05509880182457039
2186	9	0.13866203991616288
2186	10-14	0.07318250339639576
2186	15-19	0.07560696928877064
2186	20-24	0.07363855971686917
2186	25-29	0.07008327023238081
2186	30-34	0.04184532933602014
2186	35-39	0.01975812128712562
2186	40-44	0.06838385384836698
2186	45-49	0.07318772413481867
2186	50-54	0.061677597430758624
2186	55-59	0.0975560558623485
2186	60-64	0.09824454825050566
2186	65-69	0.11325888498087977
2186	70-74	0.07881591225841333
2186	75-79	0.10857567448345407
2186	80-84	0.13185581099242683
2186	85-89	0.15820082805707614
2186	90-94	0.12063977596166353
2186	95-99	0.11446399106506533
2186	100-104	0.12944451968948556
2186	105-109	0.12677345200818024
2186	110-114	0.09387693812399078
2186	115-119	0.12762872477529896
2186	120-124	0.12454304019654217
2186	125-129	0.11936874640233697
2186	130-134	0.10009671459043545
2186	135-139	0.11908225756356217
2186	140-144	0.10093334380491115
2186	145-149	0.07192939465365811
2186	150	0.004833578835629737
2187	1	0.05408773899364405
2187	2	-0.009707212923103725
2187	3	0.02394839927470116
2187	4	0.04538499393358819
2187	5	0.007046075480772629
2187	6	0.010830721046502845
2187	7	-0.028973259340084212
2187	8	0.041852542503505674
2187	9	0.0933350488299638
2187	10-14	0.0499411277331987
2187	15-19	0.025079483811424552
2187	20-24	0.03306628862717531
2187	25-29	0.05307402128000405
2187	30-34	0.022134617212842045
2187	35-39	0.023762436283959687
2187	40-44	0.03894492627222945
2187	45-49	0.028972246857144057
2187	50-54	0.020749622268759538
2187	55-59	0.026219093425140727
2187	60-64	0.04332505490447147
2187	65-69	0.04357163432768374
2187	70-74	0.056924738050959434
2187	75-79	0.07425425273259378
2187	80-84	0.11320393589149802
2187	85-89	0.014511485072617347
2187	90-94	0.031138657711331064
2187	95-99	0.05016658160182885
2187	100-104	0.09563396191162354
2187	105-109	0.05461693497556297
2187	110-114	0.04741076304699021
2187	115-119	0.05781669970198067
2187	120-124	0.05845363732037612
2187	125-129	0.036932006710081566
2187	130-134	0.0726569188946442
2187	135-139	0.03647070438321265
2187	140-144	0.09443573850402487
2187	145-149	0.07194051444653837
2187	150	0.06625336692082584
2188	1	0.06775977360120322
2188	2	0.06695881801080361
2188	3	-0.003428874218101896
2188	4	0.03778360857803875
2188	5	0.02427260596327585
2188	6	0.026683589930748042
2188	7	0.011389154954919434
2188	8	0.0840603459624063
2188	9	-0.02388518733120293
2188	10-14	0.03540815093946037
2188	15-19	0.04384259737464902
2188	20-24	0.03721337059807439
2188	25-29	0.0419302246424067
2188	30-34	0.0134496508937616
2188	35-39	0.022014883177753575
2188	40-44	0.05418792015388618
2188	45-49	0.075331656133514
2188	50-54	0.04029102645938565
2188	55-59	0.03958826973663321
2188	60-64	0.051578857062047234
2188	65-69	0.06772825670034877
2188	70-74	0.11749489771312938
2188	75-79	0.07968320884114632
2188	80-84	0.05546249086022925
2188	85-89	0.03620893689318905
2188	90-94	0.056067018064567264
2188	95-99	0.047777373155895475
2188	100-104	0.10218064835468965
2188	105-109	0.07058021595891972
2188	110-114	0.04110962444269006
2188	115-119	0.06136555021965506
2188	120-124	0.10558866576043613
2188	125-129	0.08516263770035692
2188	130-134	0.08267088800357669
2188	135-139	0.042260711332176015
2188	140-144	0.07372787496868938
2188	145-149	0.08403211364456808
2188	150	0.022150525397030663
2201	1	-0.0414401210320392
2201	2	-0.012296759806154967
2201	3	-0.03417739947297349
2201	4	-0.012025934807773808
2201	5	-0.018694457068711756
2201	6	-0.04044132992740401
2201	7	-0.02020821812527629
2201	8	-0.008039611289973436
2201	9	-0.002623739943601322
2201	10-14	-0.007838703120427226
2201	15-19	-0.020260045235716007
2201	20-24	-0.008580700979784694
2201	25-29	-0.027274852483742507
2201	30-34	0.012623262657328382
2201	35-39	0.01930515794366272
2201	40-44	-0.007213289211044582
2201	45-49	0.012889535120400808
2201	50-54	-0.013272091614489057
2201	55-59	-0.02245196961823126
2201	60-64	-0.03586420745093477
2201	65-69	-0.053685648182465684
2201	70-74	-0.02820607657965013
2201	75-79	-0.05234861293705961
2201	80-84	-0.08971938205137775
2201	85-89	-0.06776653433610846
2201	90-94	-0.04973604815895527
2201	95-99	-0.06249853418176343
2201	100-104	-0.017650872934311224
2201	105-109	-0.031943763006509585
2201	110-114	-0.04619737260630785
2201	115-119	-0.12963622406878272
2201	120-124	-0.055862546712390326
2201	125-129	-0.10214883282564102
2201	130-134	-0.15796797665529283
2201	135-139	-0.07744349232135761
2201	140-144	-0.15115360412113432
2201	145-149	-0.1632170556860686
2201	150	-0.23904877022905424
2202	1	-0.018514531587072725
2202	2	-0.02197018918598559
2202	3	0.02725878530711867
2202	4	0.043068663333045265
2202	5	-0.05488267070362696
2202	6	-0.09804699101892567
2202	7	-0.044287804334537384
2202	8	-0.014818402144001652
2202	9	-0.049395434812993244
2202	10-14	-0.017139871260113182
2202	15-19	-0.010207552934616615
2202	20-24	-0.032219682133721506
2202	25-29	0.0027874008837898145
2202	30-34	-0.007148635771990541
2202	35-39	0.03823999178889892
2202	40-44	0.035258108166544844
2202	45-49	-0.012787399741242211
2202	50-54	0.012693522290369685
2202	55-59	-0.0031337564002384966
2202	60-64	0.008106241206597531
2202	65-69	0.011014297126131112
2202	70-74	0.013017931719708997
2202	75-79	-0.03001248072284568
2202	80-84	-0.05946942844505543
2202	85-89	-0.06530968863208386
2202	90-94	-0.049898503696645946
2202	95-99	-0.05940363846739416
2202	100-104	-0.05361083784679721
2202	105-109	-0.06895465305390758
2202	110-114	-0.08283632841745003
2202	115-119	-0.08769457300974182
2202	120-124	-0.10912474579726705
2202	125-129	-0.12474853018353116
2202	130-134	-0.18038370161885808
2202	135-139	-0.13329811292734917
2202	140-144	-0.20546535492454865
2202	145-149	-0.1846622330734249
2202	150	-0.2142875443895349
2203	1	0.0028570526839075683
2203	2	-0.07019649307641629
2203	3	-0.006983448850824914
2203	4	0.038683592568155234
2203	5	0.0019376792656586872
2203	6	-0.009264499938048232
2203	7	-0.015845938702881313
2203	8	0.023434169045600584
2203	9	-0.03563548656349269
2203	10-14	-0.0012799765906734706
2203	15-19	-0.001789602306679683
2203	20-24	-0.011258181369235842
2203	25-29	-0.002145166646691621
2203	30-34	0.029566645000606684
2203	35-39	0.003296512221197645
2203	40-44	0.013278978254497531
2203	45-49	-0.014295809197470533
2203	50-54	0.0177055451337651
2203	55-59	-0.022961646783272727
2203	60-64	-0.021848019715243083
2203	65-69	-0.027297930889702116
2203	70-74	0.018248848722890898
2203	75-79	-0.017872349255668496
2203	80-84	-0.009316725265534842
2203	85-89	-0.019021872215674307
2203	90-94	-0.04447339163589703
2203	95-99	-0.03640067196146646
2203	100-104	-0.015410474547834951
2203	105-109	-0.03452907053407017
2203	110-114	-0.08155857459824034
2203	115-119	-0.0742326475252284
2203	120-124	-0.0831010398864791
2203	125-129	-0.043529126359743486
2203	130-134	-0.08432954655031466
2203	135-139	-0.10421021548742715
2203	140-144	-0.12071757326983601
2203	145-149	-0.1001890819123119
2203	150	-0.1377111797314683
2204	1	-0.04899670225680097
2204	2	-0.035056835632410355
2204	3	0.01085317829014798
2204	4	0.03601956094760084
2204	5	0.03882041971361616
2204	6	-0.08667556713172786
2204	7	0.006293718741119392
2204	8	-0.024258848082197915
2204	9	0.04622617351555647
2204	10-14	0.003904476637252685
2204	15-19	0.014163493872501931
2204	20-24	0.013153676338284015
2204	25-29	0.013352857068717583
2204	30-34	0.04553555145646726
2204	35-39	0.06306937124623602
2204	40-44	0.04294090183816479
2204	45-49	0.03190577183020338
2204	50-54	0.01469342392164208
2204	55-59	0.0305735310823394
2204	60-64	0.0477525072939855
2204	65-69	0.061481515750614335
2204	70-74	0.06515873014581786
2204	75-79	0.04151921859678254
2204	80-84	0.03030461860798539
2204	85-89	-0.01889591701146287
2204	90-94	0.021400389655276797
2204	95-99	0.0024140842967668164
2204	100-104	-0.017851054257974397
2204	105-109	-0.004814182523539046
2204	110-114	-0.017328008063323352
2204	115-119	-0.05965135635263863
2204	120-124	0.019968261826306843
2204	125-129	-0.09108380356660462
2204	130-134	-0.06135932257139842
2204	135-139	-0.055178594934069736
2204	140-144	-0.04933918064796927
2204	145-149	-0.055679463993989486
2204	150	-0.14016704270907354
2205	1	-0.03609359956868019
2205	2	-0.11594032854196712
2205	3	-0.008726198540038865
2205	4	0.05062634540455235
2205	5	0.08303494279459045
2205	6	-0.015357829494767827
2205	7	-0.028790280864051
2205	8	-0.006986844660353597
2205	9	0.027037018117930245
2205	10-14	0.0075013574979792
2205	15-19	0.02344336752761933
2205	20-24	0.02363874855885939
2205	25-29	0.028153107126293264
2205	30-34	-8.547621025769558E-4
2205	35-39	0.034895278527514506
2205	40-44	0.023618794774030505
2205	45-49	0.010866585175378418
2205	50-54	0.011156504236190301
2205	55-59	0.012041421715046852
2205	60-64	-0.055442096726679324
2205	65-69	-0.0814720327638554
2205	70-74	-0.0625186692553612
2205	75-79	-0.024227051926040133
2205	80-84	-0.02991303677319479
2205	85-89	-0.049562557356274795
2205	90-94	-0.025387568098160784
2205	95-99	-0.08497185325464329
2205	100-104	-0.06585800322649504
2205	105-109	-0.07219638237218362
2205	110-114	-0.11536610894182076
2205	115-119	-0.09960708300021537
2205	120-124	-0.10777428415468648
2205	125-129	-0.10593498640474763
2205	130-134	-0.13817335211767556
2205	135-139	-0.10406945796174227
2205	140-144	-0.19022433183409504
2205	145-149	-0.17791634748690655
2205	150	-0.24497643960967252
2206	1	-0.06983740284061923
2206	2	-0.10828118926043828
2206	3	-0.08728527041710521
2206	4	-0.06907468425673358
2206	5	-0.025770072363116014
2206	6	-0.011679737273510682
2206	7	-0.007187515620849183
2206	8	-0.04814208411222154
2206	9	-0.0064910908714281845
2206	10-14	-0.03863764179477158
2206	15-19	-0.03483600571048129
2206	20-24	-0.016922720659223955
2206	25-29	-0.02861544985372433
2206	30-34	0.034374250372231074
2206	35-39	-0.006826875626160245
2206	40-44	-0.0031261540417446554
2206	45-49	0.03160885773512234
2206	50-54	0.01774530048545131
2206	55-59	-0.01067684423041726
2206	60-64	-0.00617643349000474
2206	65-69	-0.003920986334463805
2206	70-74	-0.013234597627331368
2206	75-79	-0.03855350867594609
2206	80-84	-0.02691106112513353
2206	85-89	-0.013512764384273623
2206	90-94	-0.043653154965248575
2206	95-99	-0.045100844810825436
2206	100-104	-0.05206756801944579
2206	105-109	-0.03489391563446276
2206	110-114	-0.03226712399326459
2206	115-119	-0.07278496769542642
2206	120-124	-0.06227827695602173
2206	125-129	-0.09953417887935245
2206	130-134	-0.12455398478991242
2206	135-139	-0.14467650986317437
2206	140-144	-0.1508764617155265
2206	145-149	-0.1662422663292773
2206	150	-0.1913396865789636
2207	1	0.06526931806327241
2207	2	0.050765861757852804
2207	3	0.018331231281713656
2207	4	0.017749556299222036
2207	5	0.0016237931115838933
2207	6	0.04021068029506125
2207	7	0.07580670101086184
2207	8	0.029298758664602076
2207	9	0.014204923764580712
2207	10-14	0.042841989088287846
2207	15-19	0.03487812299793802
2207	20-24	0.0685269680575189
2207	25-29	0.06928034229350288
2207	30-34	0.05759143830154301
2207	35-39	0.05543157325168124
2207	40-44	0.052539254982463035
2207	45-49	0.09986035048748931
2207	50-54	0.04527919986958295
2207	55-59	0.06957590839822814
2207	60-64	0.057583385838370305
2207	65-69	0.10275161336665661
2207	70-74	0.04536527772533816
2207	75-79	0.03404839052054598
2207	80-84	0.04414899074424028
2207	85-89	0.02388610038677541
2207	90-94	0.024853261691930584
2207	95-99	0.04721849362010033
2207	100-104	0.03799876312697137
2207	105-109	0.04232084636284128
2207	110-114	0.017446146927042605
2207	115-119	-0.03327690917819126
2207	120-124	0.00745019289742288
2207	125-129	-0.05078471332156198
2207	130-134	-0.029307685676513984
2207	135-139	-0.017986218282231903
2207	140-144	-0.11236137335664154
2207	145-149	-0.07037053245802838
2207	150	-0.06256799894786269
2208	1	-0.07498683356064362
2208	2	8.963298773281281E-4
2208	3	-0.028247264964846863
2208	4	-0.05777854894618173
2208	5	0.06994762553447487
2208	6	-0.028948712569544455
2208	7	0.019299322153351284
2208	8	0.0056192149771021604
2208	9	0.016805415800412504
2208	10-14	-0.006231845182590234
2208	15-19	-0.014098043302368524
2208	20-24	0.01064194262580287
2208	25-29	0.0044723686518963746
2208	30-34	0.025569071570210156
2208	35-39	0.049605726519295956
2208	40-44	0.0400586404013481
2208	45-49	0.026322766059521996
2208	50-54	-0.010318067255077779
2208	55-59	0.011589371176015106
2208	60-64	-0.03525881661669672
2208	65-69	0.005161970714226527
2208	70-74	0.006513518136110008
2208	75-79	-0.00402176994550274
2208	80-84	-0.013392362240054467
2208	85-89	-0.008728550615202835
2208	90-94	0.03629931078933879
2208	95-99	-0.004239691734007067
2208	100-104	-0.0024663256471200157
2208	105-109	0.0038859261993948735
2208	110-114	-0.017512669767775435
2208	115-119	-0.006295631672536217
2208	120-124	0.020844668951831125
2208	125-129	-0.07272702511045992
2208	130-134	-0.06791206991605492
2208	135-139	-0.09193530648379067
2208	140-144	-0.13115548908653807
2208	145-149	-0.08465783649545244
2208	150	-0.20926698416595713
2209	1	0.055434421204886064
2209	2	0.0355389034174749
2209	3	-0.016349944642229275
2209	4	0.016852695789474126
2209	5	0.06587983482543791
2209	6	-0.016781429246321977
2209	7	0.03293894832957989
2209	8	-0.03507636826216043
2209	9	-0.011493027225476737
2209	10-14	-0.018911455610989947
2209	15-19	0.0029138974718065924
2209	20-24	0.03543728094327747
2209	25-29	0.01733935964910671
2209	30-34	0.004027122185590315
2209	35-39	0.020170760686482936
2209	40-44	0.03151927950125355
2209	45-49	0.00677595841218448
2209	50-54	-0.004208574225764039
2209	55-59	0.0022734649185167655
2209	60-64	0.03742481111824958
2209	65-69	-0.004615189291072852
2209	70-74	-0.007281497457732655
2209	75-79	-0.010655400961248063
2209	80-84	-0.01796649426750463
2209	85-89	-0.018608607232444285
2209	90-94	0.005331367556550504
2209	95-99	-0.018711918085131174
2209	100-104	-0.009680457460305547
2209	105-109	-0.02197480181690281
2209	110-114	-0.03918562351919519
2209	115-119	-0.07385482333688742
2209	120-124	-0.012144454860212761
2209	125-129	-0.0837367081583622
2209	130-134	-0.03342643915205201
2209	135-139	-0.05259291278506595
2209	140-144	-0.12348733467734263
2209	145-149	-0.08543590173383109
2209	150	-0.23087142275406336
2210	1	-0.08494928570369353
2210	2	-0.03459560785892535
2210	3	0.013011813586587095
2210	4	-0.023506339195236592
2210	5	-0.02586199774250275
2210	6	-0.021437745534861108
2210	7	0.001672049639047657
2210	8	0.0366840977204248
2210	9	0.019375663721937997
2210	10-14	-0.009728110750074848
2210	15-19	0.007085108793603467
2210	20-24	0.013035581538005658
2210	25-29	-0.01625989680193385
2210	30-34	-0.0035152834229421615
2210	35-39	0.01256902153273387
2210	40-44	0.006360160708233309
2210	45-49	-0.00523537779135097
2210	50-54	-0.0012105345724506833
2210	55-59	-0.028227486863059426
2210	60-64	-0.027840879344665836
2210	65-69	-0.01328382813433393
2210	70-74	0.018891128720696315
2210	75-79	-0.061089900223720406
2210	80-84	-0.011594092541805878
2210	85-89	-0.03171987484881811
2210	90-94	0.005004678160695164
2210	95-99	-0.020160647671644938
2210	100-104	-0.062004350266647634
2210	105-109	-0.018519878092192243
2210	110-114	-0.01904419832060711
2210	115-119	-0.05293727751112698
2210	120-124	-0.05610248209475799
2210	125-129	-0.09287387695717797
2210	130-134	-0.04925022509492294
2210	135-139	-0.047439911367320065
2210	140-144	-0.15234733406219192
2210	145-149	-0.07400928486843839
2210	150	-0.25991071749193395
2211	1	0.0020798649419049298
2211	2	-0.06286437669186284
2211	3	-0.007911964963547291
2211	4	-0.0031170174866872458
2211	5	0.004040471926039402
2211	6	-0.03779681229877241
2211	7	0.005344774555538834
2211	8	-0.0473910644663178
2211	9	0.00707902041420283
2211	10-14	-0.007891564471762536
2211	15-19	-0.0031549556169423454
2211	20-24	-0.0053914609671608105
2211	25-29	0.019976828517123124
2211	30-34	-0.006651805207226857
2211	35-39	-0.001182649506553446
2211	40-44	-6.456815530029303E-4
2211	45-49	0.046056394744177
2211	50-54	0.002760070760814415
2211	55-59	0.019589994517126286
2211	60-64	0.003837659800510096
2211	65-69	-0.014339322952672262
2211	70-74	-0.006003438982759235
2211	75-79	-0.06728197105326927
2211	80-84	-0.06677843879263179
2211	85-89	-0.06215101102685594
2211	90-94	-0.07529941537430318
2211	95-99	-0.12945537143833263
2211	100-104	-0.14875850609367092
2211	105-109	-0.16341880233120776
2211	110-114	-0.09056233607628172
2211	115-119	-0.2725864477243718
2211	120-124	-0.09167373282026858
2211	125-129	-0.0891553808442751
2211	130-134	-0.06407825453003113
2211	135-139	-0.1300069218234583
2211	140-144	-0.10496274893719004
2211	145-149	-0.07565934568990684
2211	150	-0.1736538408981616
2212	1	-0.050721545673702906
2212	2	-0.010970041495809824
2212	3	0.02691881924798878
2212	4	0.036080508543911094
2212	5	0.04469578121813811
2212	6	-0.009150489046746202
2212	7	-0.007087583831960842
2212	8	-9.243138652763605E-4
2212	9	0.04010113839797924
2212	10-14	0.02687286255056165
2212	15-19	0.015246377976218639
2212	20-24	0.01496831499901674
2212	25-29	-0.005912268280390265
2212	30-34	0.042996482526845625
2212	35-39	0.016758280700706507
2212	40-44	0.024415780785787433
2212	45-49	0.04450863742488309
2212	50-54	-0.011525200791218992
2212	55-59	0.02486262232194747
2212	60-64	0.02677273171598671
2212	65-69	0.02080107087281391
2212	70-74	-0.004168142654172868
2212	75-79	0.040044564401675586
2212	80-84	-0.023299360833767935
2212	85-89	-0.012277986387275064
2212	90-94	0.002200032695377274
2212	95-99	-0.009942373206826005
2212	100-104	-0.03863389374171078
2212	105-109	-0.05715399511959163
2212	110-114	-0.15197037060897856
2212	115-119	-0.05881231551708055
2212	120-124	-0.10666819105003356
2212	125-129	-0.10338973141442409
2212	130-134	-0.1612829331546024
2212	135-139	-0.10943286275313824
2212	140-144	-0.020039132722800446
2212	145-149	-0.055018612248026955
2212	150	-0.04211617592451944
2213	1	0.06358632076423021
2213	2	0.0404009867200017
2213	3	0.05697740250940342
2213	4	0.07345868181217696
2213	5	0.09630402694926943
2213	6	0.0529096901378594
2213	7	0.07534047246073072
2213	8	0.05574426331578053
2213	9	0.08151776777602038
2213	10-14	0.04613210518929378
2213	15-19	0.020917796042198233
2213	20-24	0.06924756111725117
2213	25-29	0.04835052352023439
2213	30-34	0.07556867129493128
2213	35-39	0.07211746220497872
2213	40-44	0.07697455127629382
2213	45-49	0.058976854034000326
2213	50-54	0.06646851618783245
2213	55-59	0.07162759327719925
2213	60-64	0.027484569588139607
2213	65-69	0.10671761458714712
2213	70-74	0.011557763626441897
2213	75-79	-0.005088371228289645
2213	80-84	0.06418927842295119
2213	85-89	0.05260660355190794
2213	90-94	0.09461141194810807
2213	95-99	0.09988543130039318
2213	100-104	0.06900217712742318
2213	105-109	0.07067264865002443
2213	110-114	0.03580751979858121
2213	115-119	0.04289571347176491
2213	120-124	0.0020527131114107533
2213	125-129	-0.0532421207636915
2213	130-134	-0.06438891064216534
2213	135-139	-0.07979736593186004
2213	140-144	0.004719267294042595
2213	145-149	0.04025219117043832
2213	150	-0.0752926074774507
2214	1	0.026243264983165204
2214	2	-0.047836524412105064
2214	3	-0.06971357027659764
2214	4	-0.022581585653540515
2214	5	0.049274146167341826
2214	6	-0.017257057713216284
2214	7	0.07827078671819265
2214	8	0.022977843154492916
2214	9	0.0720476313370142
2214	10-14	0.013535926268701814
2214	15-19	0.007865705174708637
2214	20-24	0.02012959771420242
2214	25-29	0.019105518821383782
2214	30-34	0.046838090359003104
2214	35-39	0.06345397403083552
2214	40-44	0.02994368644094436
2214	45-49	0.051296435220869796
2214	50-54	0.026471310899538025
2214	55-59	0.02581939512820952
2214	60-64	0.01912416986564125
2214	65-69	0.0338137024827887
2214	70-74	-0.012815389428304513
2214	75-79	-0.02853549065793004
2214	80-84	-0.024357461654098245
2214	85-89	-0.007605499321044817
2214	90-94	0.016380897435773534
2214	95-99	0.05505487053756042
2214	100-104	-0.0249717749787024
2214	105-109	-0.019240390549740027
2214	110-114	-0.012099506834829299
2214	115-119	-0.024484116385394827
2214	120-124	-0.04164549738744938
2214	125-129	-0.03658748907027842
2214	130-134	-0.03353753714961272
2214	135-139	-0.052050011805484075
2214	140-144	-0.08411788662667163
2214	145-149	-0.04289256800709751
2214	150	-0.05243895098097795
2215	1	0.04559024010453072
2215	2	-0.038470928796279225
2215	3	-0.008161001724211303
2215	4	0.019280529998759732
2215	5	0.04318185141070785
2215	6	0.028971886645436484
2215	7	0.033448062101236076
2215	8	0.03476989609297476
2215	9	0.03787556472695286
2215	10-14	0.037213647716036746
2215	15-19	0.012483190563827407
2215	20-24	0.02575836960568978
2215	25-29	-0.0010665974433337055
2215	30-34	0.03248077217365619
2215	35-39	0.015148485371128118
2215	40-44	0.01565473278031959
2215	45-49	0.022551238067073598
2215	50-54	-0.021861176649558445
2215	55-59	0.0179877177775154
2215	60-64	-0.0074458225040885395
2215	65-69	0.00982585794157842
2215	70-74	0.008558740167025292
2215	75-79	0.013664753311921629
2215	80-84	0.006843839959842057
2215	85-89	-0.0251973082896626
2215	90-94	0.006189352960930705
2215	95-99	-0.012200329545862587
2215	100-104	-1.0260671066930627E-4
2215	105-109	-0.030110045433367816
2215	110-114	-0.030325385846303732
2215	115-119	-0.06308459671139843
2215	120-124	-0.05511050823700003
2215	125-129	-0.051875679704423305
2215	130-134	-0.07433974446440317
2215	135-139	-0.07233724741516312
2215	140-144	-0.13856114046290458
2215	145-149	-0.086327028004483
2215	150	-0.013497124715982523
2216	1	0.02178921616786056
2216	2	0.05353200020919502
2216	3	0.06121321331237084
2216	4	-0.027035896406232496
2216	5	0.07424856634438015
2216	6	0.04768684675821788
2216	7	0.06465613263106462
2216	8	0.047173065089133104
2216	9	0.025313679504030517
2216	10-14	0.023938507661654285
2216	15-19	0.058334098336182194
2216	20-24	0.05421255001049019
2216	25-29	0.07333243845408077
2216	30-34	0.06765035164809063
2216	35-39	0.03605284802749509
2216	40-44	0.075192387804492
2216	45-49	0.052909786169486495
2216	50-54	0.07431799894683877
2216	55-59	0.08177339892302626
2216	60-64	0.08071103239599609
2216	65-69	0.11044582943075199
2216	70-74	0.12132784120920093
2216	75-79	0.09248483404619634
2216	80-84	0.09953477075639938
2216	85-89	0.08010748278699964
2216	90-94	0.12605903204867275
2216	95-99	0.13544722654975772
2216	100-104	0.11186379218941056
2216	105-109	0.1077491597856195
2216	110-114	0.07927331683383443
2216	115-119	0.10059699743786155
2216	120-124	0.08486352226275784
2216	125-129	0.0560568965473891
2216	130-134	0.04799205931946915
2216	135-139	0.06240123755399907
2216	140-144	0.03256863161971779
2216	145-149	0.10163582518710967
2216	150	0.037760170546512484
2217	1	-0.028498653986780198
2217	2	8.395150477866764E-4
2217	3	0.06636542851023819
2217	4	0.0332692661118017
2217	5	-0.013920274271733035
2217	6	-0.010404284969709465
2217	7	0.016066188551597804
2217	8	-0.012530063802344671
2217	9	-0.035313550418464956
2217	10-14	-0.010388498795862233
2217	15-19	0.049895719841302366
2217	20-24	0.012290742597436122
2217	25-29	0.003301929374089241
2217	30-34	0.014605584511301117
2217	35-39	0.03983665526862268
2217	40-44	0.03765689937981875
2217	45-49	0.016801474702148766
2217	50-54	0.02685744232604037
2217	55-59	0.008907926378256548
2217	60-64	0.02525353548194431
2217	65-69	0.055149419343450745
2217	70-74	0.036383366791831406
2217	75-79	0.020219376396227062
2217	80-84	0.01189392146664403
2217	85-89	0.006585284922003609
2217	90-94	0.012149780881628658
2217	95-99	0.003522720079040198
2217	100-104	-0.017921801562934547
2217	105-109	0.006929896675174518
2217	110-114	-0.036398685604311254
2217	115-119	0.0020661261648413642
2217	120-124	-0.04943929593660101
2217	125-129	-0.041355584042648275
2217	130-134	-0.05943092697650343
2217	135-139	-0.06295794147825973
2217	140-144	-0.09623269758233732
2217	145-149	-0.047448937276051595
2217	150	-0.08593738637965487
2218	1	-0.03907483058939931
2218	2	-0.04289664137801452
2218	3	0.004258832011991842
2218	4	0.046080232634700735
2218	5	4.3106790123204064E-5
2218	6	0.00736587599472216
2218	7	0.03516353219783497
2218	8	0.0011687248862557453
2218	9	-2.359353915935003E-4
2218	10-14	0.005404698126653784
2218	15-19	0.018970345277722345
2218	20-24	0.015188583066631622
2218	25-29	0.026152778316927083
2218	30-34	0.06173043587180871
2218	35-39	0.03472617097060038
2218	40-44	0.022768671686073105
2218	45-49	0.020078106984676936
2218	50-54	0.039711500737453775
2218	55-59	0.03814543638332424
2218	60-64	0.043240765074813226
2218	65-69	0.07788501364235856
2218	70-74	0.06363333433606755
2218	75-79	0.0825596477939996
2218	80-84	0.053568446929084246
2218	85-89	0.07657686604378
2218	90-94	0.040012966971474384
2218	95-99	0.03740997279737002
2218	100-104	0.08534649131141236
2218	105-109	0.04247445260959637
2218	110-114	0.056851185059016984
2218	115-119	0.06538710404998938
2218	120-124	0.03460240400608683
2218	125-129	0.008268069249268706
2218	130-134	-0.019719014783177613
2218	135-139	0.018786065202760938
2218	140-144	0.006744939382883786
2218	145-149	0.0437699429066285
2218	150	0.012962454756106467
2219	1	0.02965746014454851
2219	2	0.04285975123150365
2219	3	-0.008350863581526369
2219	4	0.022945030683096945
2219	5	0.050793209727814315
2219	6	-0.01896893304659386
2219	7	0.057934969607941866
2219	8	0.05169095874011731
2219	9	0.048012786466721025
2219	10-14	0.039155937853116995
2219	15-19	0.02029165818910883
2219	20-24	0.022869252734274426
2219	25-29	0.03938541659056227
2219	30-34	0.04034039906073161
2219	35-39	0.05614168244393625
2219	40-44	0.04326052671019909
2219	45-49	0.015481903653338236
2219	50-54	0.022072296556459037
2219	55-59	0.03382557348236759
2219	60-64	0.040041197318089417
2219	65-69	0.02401352380793753
2219	70-74	0.014704178086908826
2219	75-79	0.03623908122597186
2219	80-84	0.04838435971685584
2219	85-89	0.0164893750665982
2219	90-94	0.07186770134830311
2219	95-99	0.04014796799389586
2219	100-104	0.055894241782702636
2219	105-109	0.020407783596070317
2219	110-114	-0.0091924864835633
2219	115-119	0.02463730725401092
2219	120-124	0.003956136211279215
2219	125-129	-0.007278764435731944
2219	130-134	-0.047788434614460584
2219	135-139	0.017339319407312814
2219	140-144	9.109795078998673E-4
2219	145-149	0.008144014525306886
2219	150	-0.06710730622325656
2220	1	-0.050878756330469344
2220	2	-0.00574890603705569
2220	3	-0.014523704308288643
2220	4	-0.03299005618177375
2220	5	-0.00662977081442051
2220	6	0.03038485747360653
2220	7	0.059693101793200753
2220	8	0.01747513849011284
2220	9	0.05627298897555022
2220	10-14	0.030077584966051063
2220	15-19	0.009940376470936485
2220	20-24	0.030465525367489477
2220	25-29	0.015865649665350645
2220	30-34	0.049229690451205954
2220	35-39	0.05756576028633731
2220	40-44	0.07927303756670057
2220	45-49	0.02729898540306408
2220	50-54	0.04515700584870075
2220	55-59	0.07093411899741398
2220	60-64	0.025268892704978896
2220	65-69	0.056325573090468595
2220	70-74	0.0015335441541637351
2220	75-79	0.047392417653206564
2220	80-84	0.010629350961458783
2220	85-89	0.01217967725455793
2220	90-94	0.06302027715300795
2220	95-99	0.04623524198139961
2220	100-104	-0.008776548723588462
2220	105-109	0.012690009093233812
2220	110-114	0.008993167766831789
2220	115-119	0.003997926899039328
2220	120-124	-0.010388914729681176
2220	125-129	-0.014336207848934635
2220	130-134	-0.059776597113220475
2220	135-139	-0.02262189016178695
2220	140-144	-0.056783346860996176
2220	145-149	-0.06925435058444407
2220	150	-0.09277890988381188
2221	1	-0.054695608179343935
2221	2	0.011505714904721742
2221	3	0.024175708364900572
2221	4	-0.03386291236053296
2221	5	0.01683517243230881
2221	6	-0.023834926197054074
2221	7	0.014916897341429092
2221	8	-0.011684977226238402
2221	9	0.05507635256141441
2221	10-14	0.040561187144028565
2221	15-19	0.02767093788973085
2221	20-24	4.1832426976640136E-4
2221	25-29	0.032993973258761855
2221	30-34	0.02387885085084207
2221	35-39	-0.008598042407456319
2221	40-44	0.03597771102643321
2221	45-49	0.03828719726627128
2221	50-54	0.040531526860632994
2221	55-59	0.030148520768641163
2221	60-64	0.01880211537332599
2221	65-69	0.020739430897720013
2221	70-74	0.01493107622413703
2221	75-79	0.042715687185364004
2221	80-84	0.05131035137585371
2221	85-89	0.049582414314144785
2221	90-94	0.045108780882848976
2221	95-99	0.044571308013331645
2221	100-104	0.037814656397308966
2221	105-109	0.018331255519996148
2221	110-114	-0.004840937319585237
2221	115-119	0.014180568266574767
2221	120-124	0.021920676882658086
2221	125-129	-0.05762113916618716
2221	130-134	-0.057496196117163834
2221	135-139	0.03142976493985827
2221	140-144	-0.0029757621097061815
2221	145-149	-0.025053559276102533
2221	150	-0.0369903566251395
2222	1	0.03190964135407626
2222	2	-0.008752481330240869
2222	3	0.017654628069209366
2222	4	0.02212061518191888
2222	5	0.008920083748833463
2222	6	-0.041756248329285484
2222	7	0.06805847719402891
2222	8	0.042636671835715845
2222	9	0.0531179862358826
2222	10-14	0.006954970654433623
2222	15-19	0.018369097698865744
2222	20-24	0.022934071221015984
2222	25-29	0.010993887802044355
2222	30-34	0.009885073989273963
2222	35-39	0.036071585634793735
2222	40-44	0.031534900812062006
2222	45-49	0.012080804516429566
2222	50-54	0.0320246785763274
2222	55-59	0.022182845416281793
2222	60-64	0.042631119742885915
2222	65-69	0.03659200016879538
2222	70-74	0.05306513664665147
2222	75-79	0.04908967355597582
2222	80-84	0.02646854294143708
2222	85-89	0.0014141768269695376
2222	90-94	0.013198704866375977
2222	95-99	0.013448147484631079
2222	100-104	0.03230092098323922
2222	105-109	0.004406491723031536
2222	110-114	-0.004753193836954495
2222	115-119	-0.056503521918727984
2222	120-124	-0.026711168192065315
2222	125-129	-0.0686071307764351
2222	130-134	-0.053684377600113464
2222	135-139	-0.02467266176292071
2222	140-144	-0.08572311391841225
2222	145-149	-0.03708259856195184
2222	150	-0.024318640610530906
2223	1	-0.031395941483346235
2223	2	-0.08856650379504316
2223	3	-0.03415171001295647
2223	4	0.0380201281909649
2223	5	0.018571099571474292
2223	6	-0.05065761554761394
2223	7	-0.022677134960140677
2223	8	-0.0023331569628908255
2223	9	-0.003987677232700548
2223	10-14	-0.009639960206868636
2223	15-19	0.01728255825461389
2223	20-24	0.01926512964914906
2223	25-29	0.01079278766483327
2223	30-34	-0.037500174865293445
2223	35-39	-0.02571338455550176
2223	40-44	0.0020602331583319256
2223	45-49	-0.024278215223304755
2223	50-54	0.013383345341758002
2223	55-59	-0.042063436501372564
2223	60-64	0.003835645150800815
2223	65-69	-0.0031653018472823646
2223	70-74	3.621602998080675E-4
2223	75-79	-3.020863966369802E-4
2223	80-84	0.020146798157192336
2223	85-89	0.02238375732411413
2223	90-94	0.03473849673080309
2223	95-99	0.008179639277663853
2223	100-104	0.03614901914998825
2223	105-109	-0.005697507236988031
2223	110-114	0.027900374125231053
2223	115-119	0.019226649620101455
2223	120-124	0.07729685256021668
2223	125-129	0.003032614792068955
2223	130-134	-0.040645636991051504
2223	135-139	-0.009979642665932431
2223	140-144	-0.007305366270017544
2223	145-149	0.004771514500809815
2223	150	-0.09617158065598375
2224	1	0.0031214581555119025
2224	2	-0.037496512239087565
2224	3	-0.03480541452076835
2224	4	-0.0011040167968729975
2224	5	0.030258136859721674
2224	6	0.04369475445033544
2224	7	0.0939913361029312
2224	8	0.04015497681777447
2224	9	0.08180484009440647
2224	10-14	0.027547097374601037
2224	15-19	0.03356140268348895
2224	20-24	0.0418493605852035
2224	25-29	0.027059333168232058
2224	30-34	0.05167288494348554
2224	35-39	0.052798860304541506
2224	40-44	0.025980114102068796
2224	45-49	0.06151918178557736
2224	50-54	0.02925568701628123
2224	55-59	0.010336274985782268
2224	60-64	-0.06512643756119729
2224	65-69	-0.09491146970986364
2224	70-74	-0.040675298603915166
2224	75-79	0.03536933138925491
2224	80-84	0.0568242148603062
2224	85-89	0.06415243720631736
2224	90-94	0.002048019366618803
2224	95-99	0.04084365733195483
2224	100-104	0.02068283453029096
2224	105-109	0.005048615717889504
2224	110-114	0.03809304543488423
2224	115-119	0.008547672150100993
2224	120-124	0.01352564767537956
2224	125-129	-0.02529736830288698
2224	130-134	-0.07564575948170216
2224	135-139	-0.045018709537806956
2224	140-144	-0.05731403368842791
2224	145-149	-0.06655751968219192
2224	150	-0.025888074801414973
2225	1	-0.03320120661320658
2225	2	-0.059461241353275796
2225	3	0.00313396079877748
2225	4	0.013606935598268421
2225	5	-0.006096233253671812
2225	6	0.040985126604915934
2225	7	0.08182421356275427
2225	8	0.04859796598980637
2225	9	0.01352914902106761
2225	10-14	-0.014888881902933804
2225	15-19	0.01899321604905424
2225	20-24	-0.0016257417120257855
2225	25-29	0.01904478539355381
2225	30-34	0.023578490795607365
2225	35-39	0.05809301089772134
2225	40-44	0.006557406852131464
2225	45-49	0.013144634233626107
2225	50-54	0.011644665085547956
2225	55-59	-0.045822720767077385
2225	60-64	0.01941754099446058
2225	65-69	0.015207769243950509
2225	70-74	0.005951891414930799
2225	75-79	0.05812641899131421
2225	80-84	0.06700177461652856
2225	85-89	0.008401929445874146
2225	90-94	0.023238561609893793
2225	95-99	0.022742080351349614
2225	100-104	0.003814045199526106
2225	105-109	0.007041283529403586
2225	110-114	0.00639186699832095
2225	115-119	-0.027523524690636236
2225	120-124	-0.053596623920867614
2225	125-129	-0.022593256139337825
2225	130-134	-0.04515560729933554
2225	135-139	-0.009099357715591339
2225	140-144	-0.13342834717764163
2225	145-149	-0.0678566134268408
2225	150	-0.1457123328619545
2226	1	-0.03464884187423678
2226	2	0.03472742782646776
2226	3	0.006888411314534437
2226	4	0.048443408972318025
2226	5	0.017896998955052368
2226	6	0.03713038830112936
2226	7	0.02770777251092227
2226	8	0.057379750484820136
2226	9	0.003167210786315877
2226	10-14	0.024506593248048603
2226	15-19	0.013480604238637284
2226	20-24	0.031200399535542545
2226	25-29	0.044936634101517825
2226	30-34	0.025839712371471535
2226	35-39	0.0440827676834914
2226	40-44	0.007688893687237908
2226	45-49	0.023176132705771124
2226	50-54	0.05140402669558597
2226	55-59	0.044727057671437365
2226	60-64	0.06700199128793116
2226	65-69	0.030631900290146064
2226	70-74	0.04669378569041527
2226	75-79	0.04304012834501236
2226	80-84	0.011935907637102616
2226	85-89	0.03239973802043039
2226	90-94	0.06104658698649956
2226	95-99	0.05918705478254083
2226	100-104	0.0021697700370353346
2226	105-109	0.0071377533208121235
2226	110-114	0.03687221542973873
2226	115-119	0.019252844002323855
2226	120-124	0.052927756994904485
2226	125-129	-0.0018280354735082938
2226	130-134	0.011498049413091849
2226	135-139	-0.0186795480662596
2226	140-144	-0.04808357031469512
2226	145-149	-0.050196626946728884
2226	150	-0.09513989487498264
2227	1	-0.10868546534020851
2227	2	-0.06510120400842823
2227	3	0.05738652040061254
2227	4	0.016476937025544203
2227	5	0.029350602058428876
2227	6	0.028308304897763037
2227	7	0.017761298228975875
2227	8	0.027283249212253224
2227	9	0.025108933044229786
2227	10-14	0.015196689131499852
2227	15-19	0.008835233718464508
2227	20-24	0.03074525029654751
2227	25-29	0.04560142529990685
2227	30-34	0.025257123439878626
2227	35-39	0.04558649322635233
2227	40-44	0.052325300495262184
2227	45-49	0.01747433216198857
2227	50-54	0.033033809676368264
2227	55-59	-3.4193202081667096E-4
2227	60-64	0.01918011574635159
2227	65-69	0.05098277307401844
2227	70-74	0.015772224978277904
2227	75-79	0.04074265352535633
2227	80-84	0.023821674759652467
2227	85-89	0.01631872323605421
2227	90-94	0.01616723844731638
2227	95-99	0.013538460572192434
2227	100-104	0.03598066188973803
2227	105-109	-0.02460263621321701
2227	110-114	0.01923548347772197
2227	115-119	-0.032284678714560755
2227	120-124	-0.01758623754832911
2227	125-129	-0.01937450200645685
2227	130-134	-0.021952147270241085
2227	135-139	0.025982618942570923
2227	140-144	-0.03646634804971427
2227	145-149	-0.07732169952819135
2227	150	-0.10702663062296836
2228	1	-0.016720222235640847
2228	2	-0.026419165973464942
2228	3	-0.03613301754710818
2228	4	0.004316474436009798
2228	5	-0.014338402551587137
2228	6	0.013257974503943615
2228	7	-0.035966593051107054
2228	8	0.0014979672065322802
2228	9	0.030531286841949168
2228	10-14	0.0031135890378521935
2228	15-19	-0.010269484024306053
2228	20-24	0.007701352775313808
2228	25-29	0.012621352167002442
2228	30-34	0.03141796974738753
2228	35-39	0.044876483283132984
2228	40-44	0.009026861268800701
2228	45-49	0.017625291081635908
2228	50-54	0.01698996048201451
2228	55-59	0.05381697699812804
2228	60-64	0.039716454457924044
2228	65-69	0.027181302488699544
2228	70-74	0.0037234014083651346
2228	75-79	0.011788735368426728
2228	80-84	0.03664677007353134
2228	85-89	-0.01867864775589112
2228	90-94	0.0010368987726394607
2228	95-99	0.04627167162669821
2228	100-104	-0.051034105721882383
2228	105-109	-0.01064773242516992
2228	110-114	-0.011169136202326513
2228	115-119	-0.022374681254682116
2228	120-124	-0.010541444070639727
2228	125-129	-0.05055008669244643
2228	130-134	-0.040759253137288454
2228	135-139	-0.038875134800825606
2228	140-144	-0.05610033060911945
2228	145-149	-0.04382919039052524
2228	150	0.049798802320601965
2229	1	-0.06899206150102088
2229	2	0.018995704352668952
2229	3	0.018937706341858984
2229	4	0.05479274400884293
2229	5	0.05325880539356831
2229	6	-4.370654328766932E-4
2229	7	0.051536778325107946
2229	8	0.05642500043027354
2229	9	0.024240261524177242
2229	10-14	0.04364260541822773
2229	15-19	0.03652371596581361
2229	20-24	0.039455424908759085
2229	25-29	0.01766677104900083
2229	30-34	0.0528849174960726
2229	35-39	0.046981793555005424
2229	40-44	0.05486439566429624
2229	45-49	0.03505518759219939
2229	50-54	0.055209343371380726
2229	55-59	0.06660555229721865
2229	60-64	0.07560048939392772
2229	65-69	0.0895484089303551
2229	70-74	0.05168688130186894
2229	75-79	0.06319307291019527
2229	80-84	0.038970500765934446
2229	85-89	0.08034226977895997
2229	90-94	0.11983565939920737
2229	95-99	0.10363433788091925
2229	100-104	0.06274985731904792
2229	105-109	0.06578192255643955
2229	110-114	0.10708667661389626
2229	115-119	0.04965886159714472
2229	120-124	0.052202885179248426
2229	125-129	0.047297898596326604
2229	130-134	0.048831511935937044
2229	135-139	0.070982008364183
2229	140-144	0.05405307923435032
2229	145-149	0.03778814187324997
2229	150	0.050413217504733154
2230	1	-0.01181421116060477
2230	2	0.05152137835435866
2230	3	-0.031987308177704676
2230	4	0.01888210587694772
2230	5	0.014356469870357103
2230	6	-0.018404628826480973
2230	7	0.027811813572810706
2230	8	-0.005813707016365299
2230	9	0.07112978263436531
2230	10-14	0.016255902066852457
2230	15-19	0.018987626879770403
2230	20-24	0.01324588858532394
2230	25-29	0.028243500276381894
2230	30-34	0.01651780292949212
2230	35-39	0.03253406621907118
2230	40-44	-0.005508447404395156
2230	45-49	0.06400654486110824
2230	50-54	0.008100622464205287
2230	55-59	-0.003875404564070095
2230	60-64	0.019556068816413585
2230	65-69	0.01910167035678967
2230	70-74	0.01198704506973769
2230	75-79	0.03516954602706335
2230	80-84	0.017496504245364974
2230	85-89	0.026492098547635123
2230	90-94	0.029700555421982244
2230	95-99	0.014087303945871099
2230	100-104	0.043761222326239135
2230	105-109	0.00411684211169927
2230	110-114	-0.012640847597857885
2230	115-119	0.004115926878668574
2230	120-124	-0.03355366697607565
2230	125-129	-4.720423363124837E-4
2230	130-134	-0.08697973977830742
2230	135-139	-0.056849720342327714
2230	140-144	-0.10732744896026247
2230	145-149	-0.0020635635196626367
2230	150	0.073542094155151
2231	1	0.01759266210262922
2231	2	-0.026371632187988325
2231	3	0.06184141203760163
2231	4	0.007228658430022961
2231	5	0.06742700618571718
2231	6	0.05954542806974672
2231	7	0.06169186506334512
2231	8	0.03604930941467899
2231	9	0.05125108641899345
2231	10-14	0.0182159207968553
2231	15-19	0.053899982402043634
2231	20-24	0.04949396424993324
2231	25-29	0.05505955528734319
2231	30-34	0.06257145496005023
2231	35-39	0.045745819021163925
2231	40-44	0.07218636295694125
2231	45-49	0.052026458085386196
2231	50-54	0.06116541498192163
2231	55-59	0.08160341341982047
2231	60-64	0.09028471001533944
2231	65-69	0.0329457108469029
2231	70-74	0.07163955575549608
2231	75-79	0.05916449566244353
2231	80-84	0.09436540872169985
2231	85-89	0.07556676621998548
2231	90-94	0.10573205336394409
2231	95-99	0.05535480604790166
2231	100-104	0.07794706577094246
2231	105-109	0.045749466986748644
2231	110-114	0.0657948473892418
2231	115-119	0.03306340076299108
2231	120-124	0.06926904405202805
2231	125-129	0.026877676746295265
2231	130-134	0.0071596546191656785
2231	135-139	0.04155183298941978
2231	140-144	-0.043600562360978756
2231	145-149	2.73365822614835E-4
2231	150	0.014223807221910079
2232	1	-0.0724798172591079
2232	2	0.019257956020538813
2232	3	0.06861027130575081
2232	4	0.006701412043646826
2232	5	0.04636725665654495
2232	6	-0.0024664959711699908
2232	7	-0.06225318403025426
2232	8	0.004473690921159346
2232	9	-0.02594103075012555
2232	10-14	0.007738325626782228
2232	15-19	-0.01614666345750493
2232	20-24	0.020100789760689963
2232	25-29	0.03539143254104715
2232	30-34	0.02026074400468758
2232	35-39	0.040952170271978616
2232	40-44	0.0025787400318293408
2232	45-49	0.024570639185874654
2232	50-54	0.010369073977607002
2232	55-59	0.03847052272212892
2232	60-64	0.011866574833973687
2232	65-69	0.01217031833108706
2232	70-74	-0.004937405724106725
2232	75-79	0.0075058685868967245
2232	80-84	0.013611682000778558
2232	85-89	-0.018873166698774924
2232	90-94	8.160436609401245E-4
2232	95-99	-0.00492641994916454
2232	100-104	-0.04048566685754196
2232	105-109	0.0042170596593322784
2232	110-114	-0.039055609932852065
2232	115-119	-0.014399088562491613
2232	120-124	-0.02120680235643846
2232	125-129	-0.10004068593114823
2232	130-134	-0.06872984459101161
2232	135-139	-0.01941926375113212
2232	140-144	-0.0512382524668098
2232	145-149	-0.09238324912992368
2232	150	-0.1642315545911046
2233	1	-0.02994954264605809
2233	2	-0.04412379063532512
2233	3	-7.109903865512024E-4
2233	4	0.036800064981541425
2233	5	-0.03935208298953796
2233	6	0.04355482461742355
2233	7	0.033442683225857195
2233	8	0.01879430005055127
2233	9	0.07024879682089136
2233	10-14	0.0032058157373171525
2233	15-19	0.026296505600022613
2233	20-24	0.014218369010656318
2233	25-29	0.010500324422963558
2233	30-34	0.0015574428313271937
2233	35-39	0.040179310529268264
2233	40-44	0.01013837335109713
2233	45-49	0.04008642557719355
2233	50-54	0.03643229109290047
2233	55-59	2.624273644613595E-4
2233	60-64	0.023551426033066036
2233	65-69	0.005636951166067661
2233	70-74	0.049321484865934906
2233	75-79	0.06829370083914199
2233	80-84	0.026469702197765343
2233	85-89	0.0034676195434784063
2233	90-94	0.025341968296210382
2233	95-99	0.014390396365307367
2233	100-104	0.0026107938664523545
2233	105-109	-0.020469110578098082
2233	110-114	-0.022933264654859897
2233	115-119	-0.020043804161005596
2233	120-124	-0.031422505868945905
2233	125-129	-0.045242665747409205
2233	130-134	-0.0759261361786514
2233	135-139	-0.022416389161804773
2233	140-144	-0.003535837056517721
2233	145-149	-0.027799700207914668
2233	150	-0.12007987644441442
2234	1	-0.08251929815801162
2234	2	-0.07406471792353386
2234	3	-0.05678134614495178
2234	4	-0.006236613513770806
2234	5	-0.03785351617707988
2234	6	0.03304198410316417
2234	7	-0.006708383203175572
2234	8	0.04782890809226359
2234	9	-0.02439836668412454
2234	10-14	-0.016657793462577786
2234	15-19	5.887172040814903E-4
2234	20-24	-0.025256045154101514
2234	25-29	-0.004564116131490437
2234	30-34	-0.012489566777901473
2234	35-39	0.024907679181076503
2234	40-44	-0.003489891645813259
2234	45-49	0.016555535361469254
2234	50-54	0.03343772239773557
2234	55-59	0.010601434392903286
2234	60-64	0.055420347546217386
2234	65-69	0.011952508919293336
2234	70-74	0.011254000771153017
2234	75-79	0.01615169363618918
2234	80-84	-0.02979611707252161
2234	85-89	0.023840446624902256
2234	90-94	0.03152288045925644
2234	95-99	0.04955580789109604
2234	100-104	-0.02271926235046351
2234	105-109	-0.049605932392168484
2234	110-114	0.02392291153730497
2234	115-119	-0.014969222879180677
2234	120-124	-0.0022457161032818362
2234	125-129	-0.019518906036374517
2234	130-134	-0.03160356849888046
2234	135-139	-0.04042031852839045
2234	140-144	-0.0931859489086122
2234	145-149	-0.05740048343697168
2234	150	-0.05895290713366563
2235	1	0.0029360112169314334
2235	2	0.025125573934886347
2235	3	-0.04790701489577742
2235	4	0.013865472174074966
2235	5	-0.018481285447862206
2235	6	-0.03321957606821968
2235	7	0.013023291300832796
2235	8	-0.029616406317238386
2235	9	-0.04007484169618891
2235	10-14	-0.009057378998974741
2235	15-19	0.010574073101729198
2235	20-24	0.007624064352860671
2235	25-29	-0.0027717281400754246
2235	30-34	-0.001391123314377296
2235	35-39	0.0044953724947092155
2235	40-44	0.001446956968429447
2235	45-49	-0.019492066327295277
2235	50-54	-0.00752816164855119
2235	55-59	0.006335347292875326
2235	60-64	0.042705281877545076
2235	65-69	0.006652038469667332
2235	70-74	0.02047453656563647
2235	75-79	0.017845479397770703
2235	80-84	0.002735646633084343
2235	85-89	-0.004696777805889951
2235	90-94	-0.0014256970155486215
2235	95-99	-0.02221144384331808
2235	100-104	-0.017471148222561794
2235	105-109	0.01251062609755138
2235	110-114	-0.0081302553281688
2235	115-119	-0.02030745255134292
2235	120-124	-0.030144193409107345
2235	125-129	-0.023361886163435486
2235	130-134	-0.02896188524182719
2235	135-139	0.011429152215782779
2235	140-144	-0.04650123998364819
2235	145-149	-0.022213301100144633
2235	150	-0.12375110158478009
2236	1	-0.05159457285467539
2236	2	-0.002431119006693905
2236	3	0.012808952245926264
2236	4	0.04300399993203996
2236	5	-0.045500628607427984
2236	6	0.013013212557055454
2236	7	0.024577093024497287
2236	8	0.03486973504638513
2236	9	0.054389973679356274
2236	10-14	0.006184574917348584
2236	15-19	0.03575759706659909
2236	20-24	0.01594941753401713
2236	25-29	0.032294708010567774
2236	30-34	0.028099351620269886
2236	35-39	0.0479584785353353
2236	40-44	0.024033776531034334
2236	45-49	0.025854993779425683
2236	50-54	0.05047131089953183
2236	55-59	0.021495070803879912
2236	60-64	0.029286332027808726
2236	65-69	0.028912801581888914
2236	70-74	0.042247673634761895
2236	75-79	0.016653698531250427
2236	80-84	0.0036785743819436334
2236	85-89	0.01934945563391466
2236	90-94	0.013281798336677753
2236	95-99	0.043379194861870474
2236	100-104	0.05654173853481126
2236	105-109	0.02039924908989832
2236	110-114	0.04988247514715738
2236	115-119	0.054290658389376745
2236	120-124	0.04257071882875607
2236	125-129	0.005358456875669049
2236	130-134	0.03139939978732542
2236	135-139	0.057283321527847875
2236	140-144	0.03753977103098549
2236	145-149	0.013323648209116357
2236	150	-0.06036687890890846
2237	1	0.022538322255421406
2237	2	0.00856202397341832
2237	3	0.030723674786052868
2237	4	0.028186967916312256
2237	5	0.018974139320107497
2237	6	0.06028458816719251
2237	7	0.05010946578813957
2237	8	0.025948370685284772
2237	9	0.08603086538539628
2237	10-14	0.023498462094430295
2237	15-19	0.01663916919247299
2237	20-24	0.012636215080753743
2237	25-29	0.02127652370248967
2237	30-34	0.053072128957857956
2237	35-39	0.023530819606051523
2237	40-44	0.030061067665826613
2237	45-49	0.032654496865582416
2237	50-54	0.025343981615854716
2237	55-59	0.0330330974298505
2237	60-64	0.07029080229611395
2237	65-69	0.02449973705157049
2237	70-74	0.022606195022596864
2237	75-79	0.0378793541543061
2237	80-84	0.03878041237628338
2237	85-89	0.04547906406970981
2237	90-94	0.005231324409983529
2237	95-99	0.028889891225993836
2237	100-104	0.02360996637177948
2237	105-109	0.016620121428033485
2237	110-114	0.028535447337581843
2237	115-119	0.02865929412609347
2237	120-124	0.047853656489550644
2237	125-129	-0.03934070482675622
2237	130-134	-0.009834589902695257
2237	135-139	-0.024590630600179963
2237	140-144	-0.05044872560898028
2237	145-149	-0.057322789759794546
2237	150	-0.07251896584926953
2238	1	0.03666376643442959
2238	2	-0.022179372386901264
2238	3	-0.0240005069704452
2238	4	-0.039932752254571824
2238	5	0.050855219955650455
2238	6	6.534161713531716E-4
2238	7	0.02122047142718486
2238	8	-0.0031339891311077395
2238	9	0.0358042859949137
2238	10-14	-0.0033276939624329316
2238	15-19	0.002985185151182179
2238	20-24	0.026349810371534943
2238	25-29	0.053383470815475675
2238	30-34	0.06509344447188425
2238	35-39	0.055967152076661364
2238	40-44	0.06091270186760056
2238	45-49	0.04643598491627188
2238	50-54	0.06788813192996201
2238	55-59	0.08699971630205283
2238	60-64	0.06236395147131901
2238	65-69	0.10810779582060093
2238	70-74	0.06856572617191858
2238	75-79	0.10494568182593156
2238	80-84	0.08879464133934079
2238	85-89	0.031384519299848535
2238	90-94	0.08773450468576982
2238	95-99	0.0821407454032439
2238	100-104	0.04301284212625944
2238	105-109	0.07992097913079022
2238	110-114	0.06632183085472576
2238	115-119	0.07222816416282996
2238	120-124	0.05447077862952199
2238	125-129	-0.012868231766567817
2238	130-134	0.04889303805592249
2238	135-139	-0.015371239131034997
2238	140-144	-0.010844081791077542
2238	145-149	-0.011771318317045143
2238	150	-0.10611572543486858
2239	1	-0.09053638217760351
2239	2	-0.006923524297647532
2239	3	-0.028026874506416277
2239	4	0.029731489672236933
2239	5	-0.07166893847809774
2239	6	-0.02702864418171913
2239	7	-0.01768186284607509
2239	8	-0.011984305927434491
2239	9	0.013025051588485326
2239	10-14	0.006135131644683156
2239	15-19	-0.04500720403213876
2239	20-24	0.013411983548309081
2239	25-29	0.03016328439094451
2239	30-34	0.002836062923222471
2239	35-39	0.03614140556400969
2239	40-44	0.0488452740539671
2239	45-49	0.01849082380182665
2239	50-54	0.04208243563588354
2239	55-59	0.041797289538045845
2239	60-64	0.004105056378286065
2239	65-69	0.047283462624065464
2239	70-74	0.0652909855492183
2239	75-79	0.03354812471787483
2239	80-84	0.01985908156788696
2239	85-89	0.06597747021837108
2239	90-94	0.025645101748985155
2239	95-99	0.02576640239609418
2239	100-104	0.024823355905361666
2239	105-109	0.027923913500224273
2239	110-114	-0.007940778233269441
2239	115-119	0.009995764584502354
2239	120-124	0.04220578038759726
2239	125-129	-0.010312313713441768
2239	130-134	-0.010832610807668175
2239	135-139	-0.021081911218516325
2239	140-144	0.005287976586807019
2239	145-149	-9.510693396421743E-4
2239	150	-0.09519822568217506
2240	1	0.005929704669604519
2240	2	0.04143378485820648
2240	3	0.05893975837673082
2240	4	0.008738175666216819
2240	5	0.037394734287929055
2240	6	0.03426238380622948
2240	7	0.06241493086233163
2240	8	0.03526207543873028
2240	9	0.06272545201483837
2240	10-14	0.01800260073537885
2240	15-19	0.046722224031228166
2240	20-24	0.025134628719229113
2240	25-29	0.03827926399512904
2240	30-34	0.040815782336693474
2240	35-39	0.032095056671920474
2240	40-44	0.048804105301364586
2240	45-49	0.012073159997591176
2240	50-54	0.05198404441227211
2240	55-59	0.03362345893226859
2240	60-64	0.024009938751412108
2240	65-69	0.0647178793869756
2240	70-74	0.030354689741777463
2240	75-79	0.017974629852183455
2240	80-84	0.019243723947084845
2240	85-89	0.015994126278584986
2240	90-94	0.07967398272885617
2240	95-99	0.06143168891438222
2240	100-104	0.036989926983004295
2240	105-109	0.0471090497997011
2240	110-114	0.040576753841442326
2240	115-119	0.07993825403696775
2240	120-124	0.0372854335434738
2240	125-129	-0.023078031560821444
2240	130-134	-0.0011700007820678593
2240	135-139	0.005297595542124611
2240	140-144	0.01528939078060887
2240	145-149	-0.023003562118091736
2240	150	-0.16422476276679276
2241	1	0.08768451247392761
2241	2	0.02075723619457648
2241	3	0.011912512210621173
2241	4	-0.03093232606025964
2241	5	0.0488144830596724
2241	6	0.04723968876415796
2241	7	-0.01580537771319257
2241	8	0.07134254801005113
2241	9	0.052802681327804635
2241	10-14	0.04786442053261197
2241	15-19	0.029092443215233743
2241	20-24	0.028204307515501625
2241	25-29	0.062019588973342366
2241	30-34	0.03247689601072068
2241	35-39	0.06004804495859872
2241	40-44	0.0599672514483629
2241	45-49	0.019472852757886017
2241	50-54	0.043591802758449205
2241	55-59	0.03675177422420006
2241	60-64	0.03190730391465735
2241	65-69	0.02481997678723502
2241	70-74	0.009477456700928144
2241	75-79	0.028908278191643433
2241	80-84	0.05707420467316382
2241	85-89	0.05272006628762682
2241	90-94	0.018248952789306827
2241	95-99	0.058963674928598664
2241	100-104	0.042760068813429086
2241	105-109	-0.0013295884667101632
2241	110-114	0.05188528743199328
2241	115-119	0.04173933419112075
2241	120-124	0.033027569651594035
2241	125-129	0.03747319809697558
2241	130-134	0.032235249630709006
2241	135-139	0.01875362283022497
2241	140-144	0.00657895876555159
2241	145-149	0.020426665111919817
2241	150	0.04245917642521846
2242	1	0.02779418876072981
2242	2	-0.04616328782832824
2242	3	0.014909567229238974
2242	4	-0.02559909077840672
2242	5	0.06133478804905934
2242	6	0.031408654809354175
2242	7	0.03500364102559672
2242	8	0.09719208269676471
2242	9	0.04949817785316668
2242	10-14	0.04777217951092183
2242	15-19	0.0122439565509751
2242	20-24	0.0024211261846502907
2242	25-29	0.009366592835938548
2242	30-34	-1.765034865996995E-4
2242	35-39	0.046696481313105664
2242	40-44	0.02079725463049442
2242	45-49	0.003753955455721325
2242	50-54	0.04195790973404456
2242	55-59	0.006948300646769212
2242	60-64	0.038187786527672074
2242	65-69	0.015422741125625805
2242	70-74	0.00950805239415331
2242	75-79	0.054731147026203075
2242	80-84	0.009323017306705594
2242	85-89	0.04439213648574025
2242	90-94	0.011731421645158946
2242	95-99	0.03633694711982827
2242	100-104	0.024373561682736522
2242	105-109	0.06310499333044106
2242	110-114	0.07375603314397239
2242	115-119	9.149910176873277E-4
2242	120-124	0.045217638294758444
2242	125-129	-0.033959639460320545
2242	130-134	0.08622195340907979
2242	135-139	0.0392114285613161
2242	140-144	0.01784419184435393
2242	145-149	-0.011803375072972244
2242	150	-0.13592558238013197
2243	1	0.007782930437052471
2243	2	-0.017293045268871765
2243	3	0.023193681902590413
2243	4	0.021679745419824314
2243	5	0.03480128440668295
2243	6	0.008622193316512039
2243	7	0.06595911299725543
2243	8	0.01066642919953864
2243	9	0.07668263577738799
2243	10-14	0.04230877552813439
2243	15-19	0.0252448287567546
2243	20-24	0.05581614459627815
2243	25-29	0.06581361166823996
2243	30-34	0.052383003085751056
2243	35-39	0.09826343405853066
2243	40-44	0.10546967196873425
2243	45-49	0.03592267905345636
2243	50-54	0.03992246109459785
2243	55-59	0.04719458974975055
2243	60-64	0.0775457083621518
2243	65-69	0.06238740215110994
2243	70-74	0.05748361095972143
2243	75-79	0.07635584436063425
2243	80-84	0.030863448208727107
2243	85-89	0.08019519522825647
2243	90-94	0.058265226890483746
2243	95-99	0.056861594904745516
2243	100-104	0.034267597751394874
2243	105-109	0.06479400896059673
2243	110-114	0.07769556702800884
2243	115-119	-0.005630340280951884
2243	120-124	0.04744542233023452
2243	125-129	0.006978812138115131
2243	130-134	0.044838315004582796
2243	135-139	0.0024563597670237414
2243	140-144	0.016149847678185836
2243	145-149	0.042091652832951354
2243	150	-0.014466359539291318
2244	1	0.056514980373364665
2244	2	0.08980274081010009
2244	3	0.06895028497493172
2244	4	0.08656753430126685
2244	5	0.04019025367112761
2244	6	0.021141355282352947
2244	7	0.09935745121717332
2244	8	0.06559061998527937
2244	9	0.048361327461137193
2244	10-14	0.0297726369129947
2244	15-19	0.03177245552696206
2244	20-24	0.06606060637506772
2244	25-29	0.07053192444683987
2244	30-34	0.07687785086322663
2244	35-39	0.03809713779248369
2244	40-44	0.05939982869329441
2244	45-49	0.057243524125304646
2244	50-54	0.07214897689947719
2244	55-59	0.04570658381160797
2244	60-64	0.06316199259541122
2244	65-69	0.060709328695949694
2244	70-74	0.07717837684982243
2244	75-79	0.10239581688001209
2244	80-84	0.07548450791298933
2244	85-89	0.04663938938829659
2244	90-94	0.09874203947465077
2244	95-99	0.11142250904737239
2244	100-104	0.08083097271978801
2244	105-109	0.11514541049008642
2244	110-114	0.05779902604000853
2244	115-119	0.09940480644191041
2244	120-124	0.07421175103851141
2244	125-129	0.006569992873934893
2244	130-134	0.04515123985196112
2244	135-139	0.08611527707070366
2244	140-144	0.01837611448343779
2244	145-149	0.07051542547672796
2244	150	-0.08498830675308255
2245	1	-0.018909480016127134
2245	2	0.07253581723901448
2245	3	0.022945914198743367
2245	4	-2.8242862292415793E-4
2245	5	0.029991509493406454
2245	6	0.07260433455226689
2245	7	-0.0024979908280826635
2245	8	0.030281690662945948
2245	9	0.05573279988151825
2245	10-14	0.011088188066494808
2245	15-19	0.037093603149415344
2245	20-24	0.032309593566829165
2245	25-29	0.050878216619651084
2245	30-34	0.050861249799041275
2245	35-39	0.056290057465382404
2245	40-44	0.04191312756639576
2245	45-49	0.0380187688076532
2245	50-54	0.06714958361872903
2245	55-59	0.09100620122549685
2245	60-64	0.10486857996810528
2245	65-69	0.10144521854397937
2245	70-74	0.09488933100275432
2245	75-79	0.0846529217222951
2245	80-84	0.08634458273592571
2245	85-89	0.08038502097638656
2245	90-94	0.08397807590763762
2245	95-99	0.1425117625775698
2245	100-104	0.12443729064520426
2245	105-109	0.12714673022100698
2245	110-114	0.0911408529988833
2245	115-119	0.09789255038001698
2245	120-124	0.08177047393643733
2245	125-129	0.035855845020108745
2245	130-134	0.090280123404618
2245	135-139	0.07353366467333444
2245	140-144	0.10983717036675245
2245	145-149	0.10856624630593359
2245	150	0.01514474524721976
2246	1	0.04107103392858136
2246	2	0.019411507933966732
2246	3	0.07349238077248543
2246	4	0.06809693600536804
2246	5	0.021493424268975048
2246	6	0.05779132400183329
2246	7	0.050432360056234415
2246	8	0.05215839625661545
2246	9	0.027426147107689758
2246	10-14	0.03222559633092459
2246	15-19	0.05324402467067557
2246	20-24	0.04769590912364663
2246	25-29	0.04490339512906161
2246	30-34	0.07695542337829409
2246	35-39	0.07881765143373087
2246	40-44	0.07924200436671214
2246	45-49	0.06702322083000922
2246	50-54	0.05742595181495602
2246	55-59	0.06976640095756181
2246	60-64	0.10198671868897691
2246	65-69	0.08692359669073113
2246	70-74	0.06767561137642275
2246	75-79	0.08137096481715389
2246	80-84	0.03230100072985209
2246	85-89	0.054604789399050446
2246	90-94	0.08041104523063325
2246	95-99	0.13142951969651762
2246	100-104	0.08349041269917024
2246	105-109	0.0391635820503069
2246	110-114	0.07632829351454262
2246	115-119	0.07813450223321894
2246	120-124	0.03525202758850554
2246	125-129	-0.015477280822821626
2246	130-134	0.034167501222086116
2246	135-139	0.0369743066305972
2246	140-144	0.0020472589110269723
2246	145-149	0.028322490188351424
2246	150	-0.0038158180441172362
2247	1	0.023355237816133467
2247	2	0.012837897751296623
2247	3	0.0319628802975771
2247	4	0.018202299062402005
2247	5	0.0028414467530737397
2247	6	0.030387218293910223
2247	7	0.0871107506430846
2247	8	0.06832360091080858
2247	9	0.06220199242017799
2247	10-14	0.04804417503066105
2247	15-19	0.05784548618449037
2247	20-24	0.07354383305543166
2247	25-29	0.09256618295497532
2247	30-34	0.075876675745981
2247	35-39	0.1049651954076154
2247	40-44	0.1298170328629027
2247	45-49	0.13359792283062433
2247	50-54	0.1228657667938009
2247	55-59	0.10745569423902168
2247	60-64	0.13197163532893086
2247	65-69	0.16046483210898543
2247	70-74	0.12961801325519673
2247	75-79	0.14361345915924772
2247	80-84	0.13659903658609807
2247	85-89	0.1428998972935034
2247	90-94	0.17204737851751162
2247	95-99	0.1595738832257041
2247	100-104	0.14082303320137157
2247	105-109	0.15887853357857296
2247	110-114	0.13794853036030474
2247	115-119	0.13726392439119905
2247	120-124	0.1304629623552671
2247	125-129	0.17526478532192868
2247	130-134	0.14017436340291312
2247	135-139	0.1510026975717622
2247	140-144	0.1264658724124601
2247	145-149	0.12726266565084643
2247	150	0.1483847856577185
2248	1	0.04303893542675041
2248	2	-0.03886544807260606
2248	3	0.02678256288015035
2248	4	0.003597188401819551
2248	5	0.026334691285967438
2248	6	-0.019769116051044477
2248	7	0.04039436219929371
2248	8	0.042099178646068935
2248	9	0.03407768316743187
2248	10-14	0.00969230042871061
2248	15-19	0.03963889397149245
2248	20-24	0.04970962420166103
2248	25-29	0.05172408293903885
2248	30-34	0.02773624441142175
2248	35-39	0.05770220411208982
2248	40-44	0.05668556443508521
2248	45-49	0.07395361872015371
2248	50-54	0.040194958321905006
2248	55-59	0.032214712405554735
2248	60-64	0.11074752461785664
2248	65-69	0.0774830996476581
2248	70-74	0.06006412529513483
2248	75-79	0.07420148224964151
2248	80-84	0.11902423583286037
2248	85-89	0.051966580926176675
2248	90-94	0.07065417615914527
2248	95-99	0.09582084885707332
2248	100-104	0.08006836497977332
2248	105-109	0.07423970297391236
2248	110-114	0.05928245225675255
2248	115-119	0.08034059217070677
2248	120-124	0.09490995461626994
2248	125-129	0.04362598029744902
2248	130-134	0.08869551986384039
2248	135-139	0.07931736282867519
2248	140-144	0.1000974139733799
2248	145-149	0.03491099962587185
2248	150	-0.05962653784188632
2249	1	-0.017455298445128165
2249	2	-0.06282069777465438
2249	3	-0.01234809669490744
2249	4	0.0170190961093013
2249	5	0.03741634241765013
2249	6	0.0018615203242831058
2249	7	0.04184030217959389
2249	8	0.015054784961165524
2249	9	0.013474463574659978
2249	10-14	0.019175078934885903
2249	15-19	0.034074616789027345
2249	20-24	0.024772402681328742
2249	25-29	0.06226792447026952
2249	30-34	0.04919114611746522
2249	35-39	0.035051733952926156
2249	40-44	0.017184981790343556
2249	45-49	-0.004960686765983269
2249	50-54	-0.023895380115810383
2249	55-59	-0.019540234771966425
2249	60-64	0.0058668043920633295
2249	65-69	0.0157538047472201
2249	70-74	-0.006278257701978873
2249	75-79	0.007751823683427972
2249	80-84	0.02990501704081794
2249	85-89	0.045507722008395035
2249	90-94	0.03033171311632543
2249	95-99	0.030783139346908683
2249	100-104	0.02477743368942953
2249	105-109	0.032386587779932086
2249	110-114	0.016058272566198184
2249	115-119	0.04838854005482318
2249	120-124	0.029217906557029494
2249	125-129	-0.01725659060424789
2249	130-134	0.03395016677052354
2249	135-139	-0.02594823435236293
2249	140-144	-0.01689022653415151
2249	145-149	-0.02573941485394471
2249	150	-0.10201284920352549
2250	1	0.03011370982246575
2250	2	-0.07084505105930816
2250	3	-0.016353854705990045
2250	4	0.0689794126056924
2250	5	0.0820032147004568
2250	6	0.030572822795591037
2250	7	0.05810484769594382
2250	8	0.09279279013571795
2250	9	0.058836693208938584
2250	10-14	0.018630060650764335
2250	15-19	0.037180702196863535
2250	20-24	0.05827461142213508
2250	25-29	0.056513864336807274
2250	30-34	0.07105126146127105
2250	35-39	0.07429060268280097
2250	40-44	0.10208499547898953
2250	45-49	0.13098512482104496
2250	50-54	0.10466936471733135
2250	55-59	0.10850858513773431
2250	60-64	0.13376374551851455
2250	65-69	0.11889330694611289
2250	70-74	0.10666376483067808
2250	75-79	0.14529059986529802
2250	80-84	0.1320491857509154
2250	85-89	0.13625849433934434
2250	90-94	0.13682389588860389
2250	95-99	0.16663842495338343
2250	100-104	0.13821115663257189
2250	105-109	0.10374378174858379
2250	110-114	0.09602269805080965
2250	115-119	0.06434425961398205
2250	120-124	0.12582223113144408
2250	125-129	0.07734711645129266
2250	130-134	0.13684101186014885
2250	135-139	0.0921305555766807
2250	140-144	0.056613091665404625
2250	145-149	0.08565761320672038
2250	150	0.04078353757933684
2251	1	-0.05720527123997243
2251	2	0.02667092377819813
2251	3	-0.01116981330197575
2251	4	0.047127621430597344
2251	5	0.044249590505906156
2251	6	-0.022550170652628765
2251	7	0.02284813497284688
2251	8	0.04807793678698857
2251	9	0.04891897563682335
2251	10-14	0.021151191524729995
2251	15-19	0.05440228421267079
2251	20-24	0.062159922667177625
2251	25-29	0.05302956507549794
2251	30-34	0.09362410768517293
2251	35-39	0.08087565785238127
2251	40-44	0.05945471861026874
2251	45-49	0.07188100132657382
2251	50-54	0.0492842172154937
2251	55-59	0.07500843131225565
2251	60-64	0.07599856096340574
2251	65-69	0.08680910733937708
2251	70-74	0.08093712476209447
2251	75-79	0.06383822106376158
2251	80-84	0.08056597091637485
2251	85-89	0.04991807261714598
2251	90-94	0.09933219357223066
2251	95-99	0.05206304799690287
2251	100-104	0.03130737291574093
2251	105-109	0.01842167764731073
2251	110-114	0.09819974127797337
2251	115-119	0.04913731231670937
2251	120-124	0.07890338525927376
2251	125-129	0.07385573022433078
2251	130-134	0.13044829989658524
2251	135-139	0.06680338100027683
2251	140-144	0.03714710662945464
2251	145-149	0.09404664404971186
2251	150	-0.022455931225024983
2252	1	-0.004711769288086032
2252	2	0.02582544276417309
2252	3	0.03284504115949005
2252	4	-0.03516405807460643
2252	5	0.04407033634137747
2252	6	0.05889636643727414
2252	7	0.07806667945612134
2252	8	0.10203662313770678
2252	9	0.0717770305821901
2252	10-14	0.03201226026962445
2252	15-19	0.03559904379579848
2252	20-24	0.021673172102971705
2252	25-29	0.026360527314835736
2252	30-34	0.05772118475200472
2252	35-39	0.07744039772525468
2252	40-44	0.0782896112358813
2252	45-49	0.06914688434938654
2252	50-54	0.10929639864318119
2252	55-59	0.10958197502284861
2252	60-64	0.10557858613076831
2252	65-69	0.1316190999565663
2252	70-74	0.12121561002309278
2252	75-79	0.0802902183966765
2252	80-84	0.12106462661171946
2252	85-89	0.1206031025309997
2252	90-94	0.15518906437013413
2252	95-99	0.15507327191765796
2252	100-104	0.13366530671047627
2252	105-109	0.15788259597309917
2252	110-114	0.15384707364146522
2252	115-119	0.13287486254952086
2252	120-124	0.12358200157151344
2252	125-129	0.10806433223010714
2252	130-134	0.15262261566644497
2252	135-139	0.1369950861170821
2252	140-144	0.11012174111552753
2252	145-149	0.10571147844581219
2252	150	0.04872964241064892
2253	1	-0.09601136501340335
2253	2	-0.02443806730396858
2253	3	0.006345846911848696
2253	4	-0.03156694931632842
2253	5	0.043201651385174955
2253	6	-0.030678499683041593
2253	7	-0.023973143428968058
2253	8	0.03329540411721865
2253	9	1.3526442464950605E-4
2253	10-14	0.01699831827949083
2253	15-19	-0.0153280017286761
2253	20-24	-0.006278581726235188
2253	25-29	0.02578100956138485
2253	30-34	0.03324933444766032
2253	35-39	0.03677201054241408
2253	40-44	0.045120960489192896
2253	45-49	0.059829525495885605
2253	50-54	0.06382480222076481
2253	55-59	0.04418995336973097
2253	60-64	0.016526114332101827
2253	65-69	0.06772374448961216
2253	70-74	0.05646254246253335
2253	75-79	0.03853740041495257
2253	80-84	0.02556151010358576
2253	85-89	0.02446361378032691
2253	90-94	0.005661973232989226
2253	95-99	0.04486393766920571
2253	100-104	0.02532372580067488
2253	105-109	0.07556294357617332
2253	110-114	0.023466713344298284
2253	115-119	0.041249523412759004
2253	120-124	0.014028672383489038
2253	125-129	0.0018370175477713246
2253	130-134	0.0286535806544137
2253	135-139	0.007563340549808117
2253	140-144	-0.010024811146500667
2253	145-149	0.04183607852800009
2253	150	0.02064234145515087
2254	1	0.018562526393338885
2254	2	0.003955101924979942
2254	3	0.01181920216526322
2254	4	0.042550323114731725
2254	5	-0.010329258890607207
2254	6	0.078319841500047
2254	7	0.0567216342599437
2254	8	0.040023980200629694
2254	9	0.00419862530619497
2254	10-14	0.05510741511292139
2254	15-19	0.017977635286641203
2254	20-24	0.054103538597225054
2254	25-29	0.029139817582951366
2254	30-34	0.04101911435820682
2254	35-39	0.046990767022172975
2254	40-44	0.05838038760492026
2254	45-49	0.06396086824893388
2254	50-54	0.02728773062504075
2254	55-59	0.050015955324759886
2254	60-64	0.07719897194044734
2254	65-69	0.03137536331718849
2254	70-74	0.12774679258841815
2254	75-79	0.08981380078227374
2254	80-84	0.09218744689081149
2254	85-89	0.05157460640452172
2254	90-94	0.05055814906757661
2254	95-99	0.11571215592211104
2254	100-104	0.06875170056296298
2254	105-109	0.08173714897325368
2254	110-114	0.10541212049498228
2254	115-119	0.08149538377592336
2254	120-124	0.11864447853888294
2254	125-129	0.12019626989529542
2254	130-134	0.10848236705210468
2254	135-139	0.09470202949200512
2254	140-144	0.10535760539427486
2254	145-149	0.09213614665798531
2254	150	0.021122213489277897
2255	1	0.0045350144714007
2255	2	0.01048845259563791
2255	3	0.09668905627970759
2255	4	0.04783820845450748
2255	5	0.013410181214467798
2255	6	0.0575202882386634
2255	7	0.08766191220151853
2255	8	0.06093118617918947
2255	9	0.07542299352686399
2255	10-14	0.073449099595706
2255	15-19	0.07070646030965122
2255	20-24	0.055415087375095595
2255	25-29	0.07490306829181037
2255	30-34	0.06750631951022257
2255	35-39	0.1058334599931996
2255	40-44	0.08173114898581701
2255	45-49	0.08262579311882945
2255	50-54	0.07612303507156781
2255	55-59	0.09463026527387797
2255	60-64	0.08184166672584325
2255	65-69	0.08786759831056656
2255	70-74	0.11449688003106218
2255	75-79	0.0996623713094138
2255	80-84	0.10461246546292102
2255	85-89	0.08308395193043339
2255	90-94	0.0748068228123131
2255	95-99	0.11786920188316685
2255	100-104	0.055383047461745605
2255	105-109	0.08207284804560544
2255	110-114	0.05554056792708906
2255	115-119	0.024262078766945194
2255	120-124	0.08636458953810688
2255	125-129	0.04013224273616345
2255	130-134	0.10035172423031469
2255	135-139	0.07958041115314529
2255	140-144	0.03670085527659239
2255	145-149	0.07026240474831269
2255	150	0.03128450903227531
2256	1	-0.011034927285884066
2256	2	-0.037441412664158236
2256	3	0.02633531224394403
2256	4	-0.005307346148953229
2256	5	0.03998844364581089
2256	6	0.0255797095842496
2256	7	0.02719250551194108
2256	8	0.037734171695099405
2256	9	0.0394281013865907
2256	10-14	0.02641403289452171
2256	15-19	0.030267997778096856
2256	20-24	0.04323232018072076
2256	25-29	0.05695864068182033
2256	30-34	0.061663987554183564
2256	35-39	0.061299585638792564
2256	40-44	0.09061927976735973
2256	45-49	0.0779293716307663
2256	50-54	0.08834235195887885
2256	55-59	0.0778260489483884
2256	60-64	0.10835440192585821
2256	65-69	0.09744016624088658
2256	70-74	0.08435686875309756
2256	75-79	0.1079474054008287
2256	80-84	0.12578263090647113
2256	85-89	0.11277554717334937
2256	90-94	0.10436838034831197
2256	95-99	0.12928541552495432
2256	100-104	0.09084949418809174
2256	105-109	0.13705771377030374
2256	110-114	0.14201917491822513
2256	115-119	0.08307864198540216
2256	120-124	0.13382819202407603
2256	125-129	0.13100893367788302
2256	130-134	0.1337400292650699
2256	135-139	0.13063160948673413
2256	140-144	0.09519703341219099
2256	145-149	0.06068975654780928
2256	150	0.06543907329558607
2257	1	-0.005087693529134185
2257	2	0.026332622134553674
2257	3	-0.006559619001151873
2257	4	0.01909557876453505
2257	5	0.0037329622425019693
2257	6	0.00886395391493977
2257	7	0.08188097075867518
2257	8	0.013937039559358766
2257	9	0.009612837114119088
2257	10-14	0.0562678500203333
2257	15-19	0.033303849882429404
2257	20-24	0.06136415282617946
2257	25-29	0.07762675131766628
2257	30-34	0.05822946510021865
2257	35-39	0.07365035446478885
2257	40-44	0.048887852085535144
2257	45-49	0.05468271500996735
2257	50-54	0.06924263908904749
2257	55-59	0.07752941938134938
2257	60-64	0.05865431364167506
2257	65-69	0.07954751729561593
2257	70-74	0.10978340100921713
2257	75-79	0.06027274335803412
2257	80-84	0.1154356585317231
2257	85-89	0.07305171041083725
2257	90-94	0.0918657534724403
2257	95-99	0.080671351600067
2257	100-104	0.05292847928025424
2257	105-109	0.023686887478604035
2257	110-114	0.018416572071778603
2257	115-119	0.011056015321067036
2257	120-124	0.0471168885747133
2257	125-129	0.05237268136955464
2257	130-134	0.07748116985969489
2257	135-139	0.0791850743021314
2257	140-144	0.04528502342493823
2257	145-149	0.07339226066536497
2257	150	-0.05397786107168656
2258	1	-0.0576306088907117
2258	2	-0.014245095145000164
2258	3	-0.03353144220258031
2258	4	-0.04507002003386873
2258	5	-0.028325074675123574
2258	6	-0.022974126132986328
2258	7	-0.0038134596903773854
2258	8	0.004828342302289457
2258	9	0.06497190696399713
2258	10-14	0.016837606327143817
2258	15-19	0.024578634320072013
2258	20-24	0.045006149942103946
2258	25-29	0.034437391234334314
2258	30-34	0.047949363794600686
2258	35-39	0.07646882672137423
2258	40-44	0.007908137378365154
2258	45-49	0.03959738481911046
2258	50-54	0.047470580439345156
2258	55-59	0.025821343022045085
2258	60-64	0.039979295261311165
2258	65-69	0.0018750611387474692
2258	70-74	0.07589851366398648
2258	75-79	0.10095854391718007
2258	80-84	0.06460187606199241
2258	85-89	0.08495257226405784
2258	90-94	0.08380139901844075
2258	95-99	0.05854062656385395
2258	100-104	0.016888463638295548
2258	105-109	0.06693735476314089
2258	110-114	0.07186543107604848
2258	115-119	0.10711753932436352
2258	120-124	0.038275612912030965
2258	125-129	0.05980695943227943
2258	130-134	0.10268647064196301
2258	135-139	0.067988946071317
2258	140-144	-0.018570284970962803
2258	145-149	-0.02902648570858446
2258	150	-0.039558502965398645
2259	1	0.037828987019665306
2259	2	0.010934312779220079
2259	3	0.03814242852782712
2259	4	0.06620754245761873
2259	5	0.038953259106463634
2259	6	0.04448399094452782
2259	7	0.028636832533209144
2259	8	0.06169689397596301
2259	9	0.020637346187101002
2259	10-14	0.0743080434995349
2259	15-19	0.04186264477569068
2259	20-24	0.04697752317301962
2259	25-29	0.06482005701626292
2259	30-34	0.052080586371062054
2259	35-39	0.04755616926610173
2259	40-44	0.10429903710354438
2259	45-49	0.07278293145384396
2259	50-54	0.05376336458321873
2259	55-59	0.04652689960346379
2259	60-64	0.05358584827683899
2259	65-69	0.05852012834608189
2259	70-74	0.07084068929737697
2259	75-79	0.02493873798830748
2259	80-84	0.06458651874895338
2259	85-89	0.078875607100926
2259	90-94	0.03839037752531027
2259	95-99	0.08341802489277939
2259	100-104	0.029423666261315873
2259	105-109	0.04899392815410408
2259	110-114	0.048320878931399136
2259	115-119	0.05753507121185919
2259	120-124	0.08140932663959433
2259	125-129	0.08923249319109772
2259	130-134	0.12182315784036035
2259	135-139	0.010593952028521869
2259	140-144	0.026798563180513213
2259	145-149	-4.277707179269896E-4
2259	150	0.01334533312281394
2260	1	0.027919950710483477
2260	2	-0.001956720557615199
2260	3	0.036045353203846275
2260	4	-0.03883429405814809
2260	5	0.022113531664956554
2260	6	0.03013521702083466
2260	7	0.027213001989515817
2260	8	0.026898146821636715
2260	9	0.07175699712232841
2260	10-14	0.00514728446233903
2260	15-19	0.024490503571662714
2260	20-24	0.030779321579110785
2260	25-29	0.025337732952330327
2260	30-34	0.057502541428519294
2260	35-39	0.06344563295920125
2260	40-44	0.06876355513422538
2260	45-49	0.03658043893524621
2260	50-54	0.048028028557517644
2260	55-59	0.040542559522251054
2260	60-64	0.021225859258471758
2260	65-69	0.027432000708685678
2260	70-74	0.025698726857960708
2260	75-79	0.07707759439818318
2260	80-84	0.04797826647909886
2260	85-89	0.04717227302635507
2260	90-94	0.06989317282146601
2260	95-99	0.021729422123499376
2260	100-104	0.04526069981073988
2260	105-109	0.00559462891818896
2260	110-114	-0.00445804258576743
2260	115-119	0.03670794004717237
2260	120-124	0.040218927616209044
2260	125-129	0.03071596628380746
2260	130-134	0.038388696498138586
2260	135-139	-0.01618796531052169
2260	140-144	-0.05885330196968397
2260	145-149	-0.06221466044311086
2260	150	-0.03865989163229955
2261	1	-0.05181120567245756
2261	2	-0.08418032485995042
2261	3	0.05882559027123335
2261	4	-0.08101985050799243
2261	5	-0.08807027918285826
2261	6	-0.07750714884480914
2261	7	-0.04355809418583334
2261	8	0.009895382080706838
2261	9	-0.013198944718809003
2261	10-14	-0.015284961092646654
2261	15-19	-0.008226311697654864
2261	20-24	0.010365342129134092
2261	25-29	0.022603513926313212
2261	30-34	-0.03409361302067282
2261	35-39	0.008433690741767919
2261	40-44	-0.01606214598107414
2261	45-49	0.011642240563780604
2261	50-54	0.01811980332259111
2261	55-59	0.017176578901576534
2261	60-64	-0.030779074419093888
2261	65-69	-0.036168878363938006
2261	70-74	0.008147064354957934
2261	75-79	0.008131462422312552
2261	80-84	0.02909116616446994
2261	85-89	-0.01770579614965584
2261	90-94	-0.024763246708367603
2261	95-99	0.013428640261039959
2261	100-104	-0.043528510905382234
2261	105-109	-0.041079920831471384
2261	110-114	-0.0025221751678969895
2261	115-119	-0.06280159282137276
2261	120-124	-0.03324282592987515
2261	125-129	-0.014316593897646612
2261	130-134	-0.043814551157836945
2261	135-139	-0.05588274627405099
2261	140-144	-0.11320039977565699
2261	145-149	-0.051403373610391156
2261	150	-0.044140768405341646
2262	1	-0.10146290272300007
2262	2	-0.035433792009371246
2262	3	-0.052715253278279306
2262	4	-0.07669305976501306
2262	5	-0.0327573358641402
2262	6	-0.08971919017534447
2262	7	0.004539472986877513
2262	8	0.04890398908064242
2262	9	-0.07946014017075242
2262	10-14	-0.011400218667432682
2262	15-19	0.03169502900403387
2262	20-24	-2.6996668536583E-4
2262	25-29	0.014066809782669054
2262	30-34	-0.02847603695512646
2262	35-39	4.8555506241143576E-4
2262	40-44	-0.037889201391941185
2262	45-49	-0.019217771293341457
2262	50-54	0.013950966379191243
2262	55-59	0.029443194752005297
2262	60-64	2.78115019590075E-4
2262	65-69	-0.0023050976360110553
2262	70-74	0.054075413462506106
2262	75-79	-0.011579149701596236
2262	80-84	0.016571951275317076
2262	85-89	-0.007578967294506356
2262	90-94	-0.026210133155245785
2262	95-99	-0.007821280338596637
2262	100-104	-0.03751112751804442
2262	105-109	-0.03484122215057539
2262	110-114	-0.056099902835214266
2262	115-119	-0.03646867236995632
2262	120-124	-0.020638864380821076
2262	125-129	-0.06386835235115029
2262	130-134	-0.022240041852121806
2262	135-139	-0.07867509843057974
2262	140-144	-0.15102096552975297
2262	145-149	-0.122898112012642
2262	150	-0.0026419011839280415
2263	1	-0.03523895880121586
2263	2	-0.06450064841435221
2263	3	-0.019360837909481177
2263	4	-0.012031821722480629
2263	5	-0.02856728131437336
2263	6	0.00799867948497024
2263	7	-0.03295492709744963
2263	8	-0.051320007546230784
2263	9	0.03438548662450813
2263	10-14	0.03445637078627328
2263	15-19	0.0035752830425650473
2263	20-24	0.02514337297257896
2263	25-29	0.01641851083940793
2263	30-34	0.04720056462075917
2263	35-39	0.037138254880588306
2263	40-44	0.0018836396758672436
2263	45-49	0.02693607486050098
2263	50-54	0.06156000003138473
2263	55-59	0.02619076372978668
2263	60-64	0.03376429311008877
2263	65-69	0.03168388700046165
2263	70-74	0.03948137440803379
2263	75-79	0.05495838949781273
2263	80-84	0.04785927306623705
2263	85-89	0.05016630901191377
2263	90-94	-0.036804383030073495
2263	95-99	0.009692620628541704
2263	100-104	-0.04762681518769085
2263	105-109	-0.045805988798790054
2263	110-114	-0.043237752994656375
2263	115-119	-0.09555423908141591
2263	120-124	-0.03685832837007297
2263	125-129	0.006812860920000219
2263	130-134	-0.04086443903766224
2263	135-139	-0.0970591604117601
2263	140-144	-0.12238576380102018
2263	145-149	-0.06468007106078488
2263	150	-0.07096350763503523
2264	1	0.03168422400563742
2264	2	0.038743207713203276
2264	3	0.0380449492919297
2264	4	-0.00281370847873319
2264	5	-0.019689958226798865
2264	6	0.036948793103675825
2264	7	0.053918078976522565
2264	8	0.10391393420611905
2264	9	0.07843036470305975
2264	10-14	0.046521884902929855
2264	15-19	0.04791070891675986
2264	20-24	0.04352789570042148
2264	25-29	0.05988510787311441
2264	30-34	0.060292319207327694
2264	35-39	0.06908322183723214
2264	40-44	0.09165068961136313
2264	45-49	0.054272709129101315
2264	50-54	0.12456812842125231
2264	55-59	0.12383198097647607
2264	60-64	0.07992893061391726
2264	65-69	0.09020093291880471
2264	70-74	0.09087943101106077
2264	75-79	0.06537167012471201
2264	80-84	0.09169249183872807
2264	85-89	0.06204189536871496
2264	90-94	0.10902090880236415
2264	95-99	0.06599835317295089
2264	100-104	0.046359618766047106
2264	105-109	0.04570874563943761
2264	110-114	0.0033906622265860165
2264	115-119	0.06289925965523224
2264	120-124	0.06997284312433294
2264	125-129	-0.004148038433143597
2264	130-134	0.10158763239918045
2264	135-139	0.03550143107329973
2264	140-144	-0.016153684757462372
2264	145-149	-0.03089700229651271
2264	150	0.01960602632715336
2265	1	0.02214167529388078
2265	2	0.02553355749697772
2265	3	0.034227500050413084
2265	4	0.03039151927122674
2265	5	-0.0025881885217913236
2265	6	0.009683408934314741
2265	7	0.042031676865022405
2265	8	0.014956757257174047
2265	9	0.026153872327185468
2265	10-14	0.034137824395315874
2265	15-19	0.035407740069366866
2265	20-24	0.06424696883852477
2265	25-29	0.06943913914987121
2265	30-34	0.07145314407988224
2265	35-39	0.0342113971441691
2265	40-44	0.08110535708266298
2265	45-49	0.0663111511451362
2265	50-54	0.055830163710602676
2265	55-59	0.0990094420040819
2265	60-64	0.053019868566906325
2265	65-69	0.049060943865519846
2265	70-74	0.0796499121970129
2265	75-79	0.08418834412522358
2265	80-84	0.06246658392205262
2265	85-89	0.06858138401047853
2265	90-94	0.09778343948716639
2265	95-99	0.03005398975929552
2265	100-104	0.022647517693691555
2265	105-109	0.05930331023635915
2265	110-114	0.07505027494988781
2265	115-119	0.06847178202491477
2265	120-124	0.06548837101041727
2265	125-129	0.08760651965832977
2265	130-134	0.11041506576454196
2265	135-139	0.005459200079414472
2265	140-144	0.00960929643335362
2265	145-149	-0.011033386965934255
2265	150	0.1212102749567876
2266	1	-6.111215192561303E-6
2266	2	-0.021576051110812955
2266	3	-0.06467981932448197
2266	4	0.009411821748031457
2266	5	-0.03768183313557216
2266	6	-0.016993616429367364
2266	7	-0.022619082743105423
2266	8	-0.021408861334251128
2266	9	0.015308866332944149
2266	10-14	0.01108576473691869
2266	15-19	-0.010669477238025138
2266	20-24	-0.006705639855731249
2266	25-29	-0.01606961841497423
2266	30-34	-0.011095458350055765
2266	35-39	-0.02434176047918868
2266	40-44	0.027649409656866908
2266	45-49	0.0038554140247413216
2266	50-54	0.04237998633882256
2266	55-59	-0.010718650205760127
2266	60-64	-0.020885075531360542
2266	65-69	-0.0029868648483812876
2266	70-74	-0.017711982814688554
2266	75-79	0.0173473659596155
2266	80-84	0.024128578321743532
2266	85-89	-0.007609990692870383
2266	90-94	0.019405849501545447
2266	95-99	0.002281881805380692
2266	100-104	-0.04483414463698665
2266	105-109	-0.028018317164409723
2266	110-114	-0.04997894895916488
2266	115-119	-0.011434658764514438
2266	120-124	-0.0012552208135119258
2266	125-129	-0.04831067873224981
2266	130-134	-0.05652014949957618
2266	135-139	-0.11067554696163029
2266	140-144	-0.1366122789782125
2266	145-149	-0.12361389283046265
2266	150	0.024094287797154834
2267	1	-0.07213034948606634
2267	2	-0.05768776645457763
2267	3	-0.0589954272875417
2267	4	-0.06441941043957655
2267	5	-0.0497257592070639
2267	6	0.010796363328253733
2267	7	-0.018594365286404013
2267	8	0.0018172113165704218
2267	9	-0.014850248070821692
2267	10-14	-0.008902477364920003
2267	15-19	-0.02382042499746717
2267	20-24	0.015546142835923149
2267	25-29	-0.03096152177952405
2267	30-34	-0.011560283385989578
2267	35-39	-0.006445442227146714
2267	40-44	-0.01623099240305237
2267	45-49	0.03306911844374838
2267	50-54	-0.01533743446299951
2267	55-59	0.02536788095557796
2267	60-64	0.00526529251672514
2267	65-69	0.012725847514460042
2267	70-74	-0.0035983868407853947
2267	75-79	0.03129364815128355
2267	80-84	0.040869486409505384
2267	85-89	0.027774709573115786
2267	90-94	0.06477858596095842
2267	95-99	0.07575649646627625
2267	100-104	0.04010244085249326
2267	105-109	0.07329722638628056
2267	110-114	0.030211289292701338
2267	115-119	0.07434762952204466
2267	120-124	0.07056645088822933
2267	125-129	0.038201238084973
2267	130-134	0.08392224207909038
2267	135-139	0.037403802747931536
2267	140-144	0.024900297801863758
2267	145-149	0.0237080043145923
2267	150	0.016716695067096055
2268	1	0.04143466771211024
2268	2	-0.042377394212607555
2268	3	0.031873886548780206
2268	4	0.04561832404446875
2268	5	0.01252221421005828
2268	6	0.005701359361360403
2268	7	0.033164584079869996
2268	8	0.040117552069126816
2268	9	0.020944268158388013
2268	10-14	0.04555916354614453
2268	15-19	0.02205883081347082
2268	20-24	0.026383789666240887
2268	25-29	0.02098968125412881
2268	30-34	-0.004893305230538658
2268	35-39	-0.014594342423848161
2268	40-44	0.021250897397152357
2268	45-49	0.018203187821121958
2268	50-54	0.00597736227386747
2268	55-59	0.03979659143071501
2268	60-64	0.026608464002372045
2268	65-69	0.03185523813822044
2268	70-74	0.0671648028138776
2268	75-79	0.033517415876247014
2268	80-84	0.047087999366901556
2268	85-89	0.04387618029597462
2268	90-94	0.03924525700070092
2268	95-99	0.054147834317326726
2268	100-104	-0.006129107451393168
2268	105-109	0.010334117557064815
2268	110-114	-0.00799675816612222
2268	115-119	-0.002944242514779205
2268	120-124	0.05793959593818698
2268	125-129	0.06759856562925393
2268	130-134	0.07459976751528075
2268	135-139	0.03278528486262644
2268	140-144	0.021630281661025208
2268	145-149	-0.010274302555103532
2268	150	0.00768913440493435
2269	1	0.03689708712213502
2269	2	0.08259932998414854
2269	3	0.054190712043521216
2269	4	0.10954611360286748
2269	5	0.07295543321496467
2269	6	0.08786988741373136
2269	7	0.07639632900215076
2269	8	0.07726770457306742
2269	9	0.14502725362356728
2269	10-14	0.06554264045363567
2269	15-19	0.028282665789689077
2269	20-24	0.05459886085672139
2269	25-29	0.08234295607861952
2269	30-34	0.061267684669786604
2269	35-39	0.08278998330744258
2269	40-44	0.08210057780576108
2269	45-49	0.08185356660968779
2269	50-54	0.10935120970022183
2269	55-59	0.08611556528575903
2269	60-64	0.08909616165941969
2269	65-69	0.07205361296033175
2269	70-74	0.09144279855266291
2269	75-79	0.060427589433857065
2269	80-84	0.10826105425154964
2269	85-89	0.09499931251149007
2269	90-94	0.10227095671197617
2269	95-99	0.14561696458480355
2269	100-104	0.07403877472492582
2269	105-109	0.05335467436215424
2269	110-114	0.06427055179266006
2269	115-119	0.09175386416941222
2269	120-124	0.12652235723583516
2269	125-129	0.12680638545230494
2269	130-134	0.13421439480033825
2269	135-139	0.12669359228465282
2269	140-144	0.10160159342944297
2269	145-149	0.12548057200961438
2269	150	0.2126286368588879
2270	1	0.01906823280813086
2270	2	0.050326281250704596
2270	3	0.024729801666772744
2270	4	5.780025060460048E-4
2270	5	0.026684056077250773
2270	6	0.04985040689425091
2270	7	-0.02782316437576071
2270	8	0.06937102204767598
2270	9	0.017050848840234778
2270	10-14	0.04363824287102602
2270	15-19	0.01668037698937752
2270	20-24	0.04848094906554934
2270	25-29	0.055255454471314636
2270	30-34	0.036331655352569214
2270	35-39	0.027474566051424176
2270	40-44	0.035607135604387
2270	45-49	0.054483693908117914
2270	50-54	0.06389602132423988
2270	55-59	0.05143586874468298
2270	60-64	0.04400705274852612
2270	65-69	0.022711385880477053
2270	70-74	0.0409600288471168
2270	75-79	0.05380363418119316
2270	80-84	0.09459942380279074
2270	85-89	0.06384044662490851
2270	90-94	0.11023675329163751
2270	95-99	0.03389849988118954
2270	100-104	0.05939180288487478
2270	105-109	0.06673386942451032
2270	110-114	0.05182134258602389
2270	115-119	0.07262656572527959
2270	120-124	0.06598384624188469
2270	125-129	0.08407853409574528
2270	130-134	0.08893028781820789
2270	135-139	0.0710941323386578
2270	140-144	0.07801017000138444
2270	145-149	0.1139517048371772
2270	150	0.19729399625197175
2271	1	0.0017077617379825938
2271	2	0.03378122236693315
2271	3	0.03059641713016248
2271	4	-0.02619875120619497
2271	5	0.016173303389081184
2271	6	0.09598327939809081
2271	7	0.06313177674046955
2271	8	0.06661244549877665
2271	9	0.03484526768303908
2271	10-14	0.05321043949160753
2271	15-19	0.032757693937668364
2271	20-24	0.030032920391718676
2271	25-29	0.06399867003711535
2271	30-34	0.03145070297161823
2271	35-39	0.04841261008624542
2271	40-44	0.06843637267557057
2271	45-49	0.05797550138380103
2271	50-54	0.08044748061764295
2271	55-59	0.056441501105148006
2271	60-64	0.02775615669118281
2271	65-69	0.04136499571150409
2271	70-74	0.06161568680921903
2271	75-79	0.06643573863587449
2271	80-84	0.08377428299377243
2271	85-89	0.07336553623063935
2271	90-94	0.08038012246726822
2271	95-99	0.08065246813515614
2271	100-104	0.047433533555640395
2271	105-109	0.05853622477525988
2271	110-114	0.07374530571965465
2271	115-119	0.09118109721530487
2271	120-124	0.05018865934992789
2271	125-129	0.1014623026569268
2271	130-134	0.10287319616434587
2271	135-139	0.06105470581536565
2271	140-144	0.06570832668340643
2271	145-149	0.08704950309626724
2271	150	0.14912067315928823
2272	1	-0.008971410302478944
2272	2	-0.013375178751324768
2272	3	-0.00879118586237837
2272	4	0.03452862604857643
2272	5	-0.03471232433438587
2272	6	0.03740211529940041
2272	7	0.01498176313108246
2272	8	0.025316221277115858
2272	9	0.0074825126342119574
2272	10-14	-0.002575941454239228
2272	15-19	0.008724278439245836
2272	20-24	0.01627583905845853
2272	25-29	0.019148843906585
2272	30-34	-0.018830820567536932
2272	35-39	0.027690727462768905
2272	40-44	0.0022542510865051213
2272	45-49	0.01704726482975616
2272	50-54	0.05523689124211728
2272	55-59	0.07753299943514236
2272	60-64	0.03332287957606894
2272	65-69	0.03002209256202093
2272	70-74	0.05417056316730395
2272	75-79	0.06897807400680023
2272	80-84	0.0845511119301321
2272	85-89	0.06341638700816077
2272	90-94	0.04863987607375009
2272	95-99	0.04274220869189094
2272	100-104	0.05603283502519929
2272	105-109	0.09069716659576699
2272	110-114	0.057406103814862774
2272	115-119	0.08536579314088044
2272	120-124	0.08787292664338509
2272	125-129	0.05609369175568446
2272	130-134	0.05190357180888583
2272	135-139	0.058382279961087136
2272	140-144	0.08189230525434965
2272	145-149	0.06369721837261721
2272	150	0.019766114268797708
2273	1	0.08559630672426977
2273	2	0.010107731144096022
2273	3	0.03222269434623115
2273	4	0.019124555455583447
2273	5	0.007727055366522961
2273	6	0.04437954690846624
2273	7	0.09048884699595305
2273	8	0.01065567023530889
2273	9	0.02191758658010201
2273	10-14	0.052782166111960294
2273	15-19	0.07914022062833226
2273	20-24	0.06264512817003265
2273	25-29	0.05693598041303716
2273	30-34	0.04570798797517739
2273	35-39	0.056506548993858985
2273	40-44	0.060130589762174225
2273	45-49	0.040866423119219064
2273	50-54	0.05967071926311718
2273	55-59	0.0646156839543437
2273	60-64	0.03317407478121481
2273	65-69	0.06676931054288104
2273	70-74	0.07244510347398148
2273	75-79	0.09000086232617832
2273	80-84	0.10484924611977675
2273	85-89	0.10524591926171922
2273	90-94	0.12781315698743612
2273	95-99	0.09890880549596659
2273	100-104	0.11218107083087148
2273	105-109	0.12419655599168067
2273	110-114	0.1656397505462266
2273	115-119	0.0812854143393622
2273	120-124	0.10435484837408637
2273	125-129	0.10810802947598575
2273	130-134	0.14841109805275465
2273	135-139	0.09841964761939437
2273	140-144	0.07173120767018304
2273	145-149	0.10859278514989512
2273	150	0.18861062738203316
2274	1	0.0823248432141952
2274	2	0.06328571416445072
2274	3	0.002201369812759424
2274	4	0.08180432006400906
2274	5	0.008179894687714295
2274	6	0.031393416535230756
2274	7	0.03931620340319597
2274	8	0.057848690118703416
2274	9	0.03614238648659551
2274	10-14	0.06061253789027887
2274	15-19	0.011637263959840993
2274	20-24	0.04078581608201404
2274	25-29	0.04328025480216269
2274	30-34	0.04989229274304563
2274	35-39	0.0511917983396728
2274	40-44	0.05504861767940383
2274	45-49	0.07646264141258285
2274	50-54	0.1075876390967423
2274	55-59	0.08669364227203857
2274	60-64	0.09058530496491812
2274	65-69	0.08258800455762128
2274	70-74	0.1037850307856516
2274	75-79	0.14004898815777267
2274	80-84	0.08175418355362041
2274	85-89	0.0749237648807437
2274	90-94	0.1449083653777592
2274	95-99	0.10147911711088398
2274	100-104	0.07709868339355808
2274	105-109	0.11114830246749818
2274	110-114	0.11431190837991778
2274	115-119	0.1322466386142196
2274	120-124	0.15441146132627637
2274	125-129	0.16624159077851886
2274	130-134	0.18771719107236606
2274	135-139	0.16768667802347892
2274	140-144	0.13706360896336633
2274	145-149	0.1238309986933146
2274	150	0.23385160952705775
2275	1	0.05660301028362369
2275	2	0.08048322904598848
2275	3	-0.017733239244883237
2275	4	0.02813741937376335
2275	5	0.03291743732051344
2275	6	0.06077682237599902
2275	7	0.07379353907888486
2275	8	0.004482797623879264
2275	9	0.04877881455040978
2275	10-14	0.03693358191932816
2275	15-19	0.04757319563319129
2275	20-24	0.04887656530701889
2275	25-29	0.07793927460375016
2275	30-34	0.07581769303030228
2275	35-39	0.09181849090127514
2275	40-44	0.11964920223341835
2275	45-49	0.10708938663437095
2275	50-54	0.09721386948398703
2275	55-59	0.13078251419408815
2275	60-64	0.10520072863785401
2275	65-69	0.08158816325330775
2275	70-74	0.07970590944872669
2275	75-79	0.12333797533410973
2275	80-84	0.12412739977937548
2275	85-89	0.14106556340535548
2275	90-94	0.1258565880023781
2275	95-99	0.1215284213431218
2275	100-104	0.07414635860583729
2275	105-109	0.1346025619967719
2275	110-114	0.1081365984763778
2275	115-119	0.08972471263766835
2275	120-124	0.15245291867143607
2275	125-129	0.17383462977871034
2275	130-134	0.18232274713754748
2275	135-139	0.14175277409216136
2275	140-144	0.11089279922985895
2275	145-149	0.14473965206780548
2275	150	0.11799609060030747
2276	1	0.04436956607296594
2276	2	-0.017687886293671795
2276	3	0.07684896060529667
2276	4	0.06739011235268322
2276	5	0.019317125669054747
2276	6	-0.0394911169837755
2276	7	0.016320103792864415
2276	8	0.05920808886504858
2276	9	0.031962028741070014
2276	10-14	0.02111263082796455
2276	15-19	0.009303517740022471
2276	20-24	0.02763343962480036
2276	25-29	0.022519422925093124
2276	30-34	7.212178670243929E-4
2276	35-39	0.015057169385876534
2276	40-44	0.003755837019859598
2276	45-49	0.04985761175434078
2276	50-54	0.016860673108354263
2276	55-59	0.06568263833904808
2276	60-64	0.008695777797981918
2276	65-69	-0.007637485083122897
2276	70-74	-0.0025619610313754038
2276	75-79	0.029644297474014536
2276	80-84	0.03041162356131366
2276	85-89	0.025829747110428514
2276	90-94	0.01685246988936484
2276	95-99	0.036590448913983664
2276	100-104	0.02891923885476899
2276	105-109	0.04071722288098556
2276	110-114	0.014550104114007922
2276	115-119	0.050391690189023564
2276	120-124	0.06200121208050291
2276	125-129	0.03857103287550956
2276	130-134	0.08608417843397831
2276	135-139	0.046023281772214375
2276	140-144	0.02164686175775188
2276	145-149	0.07051296052089384
2276	150	0.13784894525908697
2277	1	0.011666337659299586
2277	2	0.017947817969215407
2277	3	0.07107314289655875
2277	4	0.015848885192212947
2277	5	0.05745370279679207
2277	6	0.025138026628518162
2277	7	-0.008361324845431284
2277	8	0.05927343218260006
2277	9	0.02400135867646469
2277	10-14	0.01795573179882126
2277	15-19	0.018188977257175054
2277	20-24	0.022517719072759235
2277	25-29	0.043829097482955603
2277	30-34	0.003135394151620119
2277	35-39	0.0011460049225746616
2277	40-44	0.01844177356916532
2277	45-49	0.0046097110056635415
2277	50-54	3.142930309039116E-4
2277	55-59	0.023155716308792762
2277	60-64	0.03872803328205521
2277	65-69	0.02017111396782667
2277	70-74	0.010360224541834384
2277	75-79	-0.0014114755108494137
2277	80-84	0.038807941672807544
2277	85-89	0.05231016544249911
2277	90-94	0.09086400635580105
2277	95-99	0.056145538711135146
2277	100-104	0.07853193060143582
2277	105-109	0.07394882462072871
2277	110-114	0.06651363839403501
2277	115-119	0.08294905001820752
2277	120-124	0.08108900640256422
2277	125-129	0.09619888634622953
2277	130-134	0.09029361050849616
2277	135-139	0.058640635583067535
2277	140-144	0.020635414619782466
2277	145-149	0.04073304174108472
2277	150	-0.0038773396219653478
2278	1	-0.07757988153927897
2278	2	0.01327552159106915
2278	3	0.0032041197726329074
2278	4	0.03837884571538552
2278	5	-0.004681338920043743
2278	6	0.006995641990265256
2278	7	0.03800127841196854
2278	8	0.0035810917152758748
2278	9	0.06880172932559248
2278	10-14	0.03634971360291672
2278	15-19	0.007675441129855187
2278	20-24	0.04615577361116863
2278	25-29	0.013008263026804912
2278	30-34	-0.033885509613114095
2278	35-39	-0.03906606481312025
2278	40-44	-0.0015221864861487688
2278	45-49	-0.011621900066010937
2278	50-54	0.01616304618349318
2278	55-59	0.0899769109308508
2278	60-64	0.03955465037314809
2278	65-69	0.011231694885843524
2278	70-74	0.03371617939082938
2278	75-79	0.022302348801105154
2278	80-84	0.0015295633950600518
2278	85-89	0.043709530663065266
2278	90-94	0.02103934461788981
2278	95-99	0.06596388716619828
2278	100-104	0.030771439893541697
2278	105-109	0.04386053077827512
2278	110-114	0.05853031968054978
2278	115-119	0.02238699658469301
2278	120-124	0.037865282782675536
2278	125-129	-0.004528075328657621
2278	130-134	0.08236074875551225
2278	135-139	0.013886466331811675
2278	140-144	-0.025363091522045522
2278	145-149	0.05078349999899956
2278	150	0.0056914486286387955
2279	1	0.006959487718198432
2279	2	0.016687145422707772
2279	3	0.034470860174110385
2279	4	0.04603903206982807
2279	5	0.04261386794411237
2279	6	0.011919354589103648
2279	7	0.02418531195254303
2279	8	1.2432012525209757E-5
2279	9	0.008703216009969594
2279	10-14	0.015296398752759899
2279	15-19	0.02270084422114138
2279	20-24	0.034192960642975834
2279	25-29	0.04342363722922471
2279	30-34	0.003587702489220135
2279	35-39	0.018206011162035907
2279	40-44	0.02698805352873279
2279	45-49	0.0217744733168459
2279	50-54	0.04168287267838622
2279	55-59	0.0676140783787531
2279	60-64	0.058918774890351244
2279	65-69	0.04955540076574039
2279	70-74	0.056208013134899204
2279	75-79	0.06446819899409206
2279	80-84	0.06711472254167461
2279	85-89	0.05218704575659672
2279	90-94	0.0721615000354845
2279	95-99	0.10204497496904708
2279	100-104	0.07079959697212246
2279	105-109	0.08719076419400551
2279	110-114	0.09716297996455836
2279	115-119	0.09021039867959502
2279	120-124	0.08502622788338954
2279	125-129	0.1298537046560071
2279	130-134	0.1227517680745649
2279	135-139	0.0955673595456048
2279	140-144	0.06625918798773967
2279	145-149	0.12119999923452696
2279	150	0.13309252839999175
2280	1	0.06541393628498327
2280	2	0.03188140645337256
2280	3	-0.019189762375745545
2280	4	0.01748216391840174
2280	5	-0.017324681087224292
2280	6	0.027130626674470193
2280	7	0.056710253026508894
2280	8	0.06951288837806402
2280	9	0.050120115639010976
2280	10-14	0.0394662918712001
2280	15-19	0.017082646850667516
2280	20-24	0.04224729747124201
2280	25-29	0.014712939609133002
2280	30-34	0.001806794967052383
2280	35-39	0.0010584248156177978
2280	40-44	0.03190843266799703
2280	45-49	0.005126190755539994
2280	50-54	0.027436824783073632
2280	55-59	0.04848000493635851
2280	60-64	0.03523277784310608
2280	65-69	0.012672383898845396
2280	70-74	0.010731871758302702
2280	75-79	0.037823360356654234
2280	80-84	0.0671538284145683
2280	85-89	0.04492448553681072
2280	90-94	0.0630002193337873
2280	95-99	0.07955036441009611
2280	100-104	0.0763578450394391
2280	105-109	0.08872089878859413
2280	110-114	0.07482665694379875
2280	115-119	0.04436481108648138
2280	120-124	0.005055004591731915
2280	125-129	0.034940270719779676
2280	130-134	0.02005504011509629
2280	135-139	0.030519641255970953
2280	140-144	0.019793902662165408
2280	145-149	0.016199948396895536
2280	150	0.05912474746796903
2281	1	0.09687029069931441
2281	2	0.07170873201202
2281	3	0.10384077708640405
2281	4	0.06427155340767143
2281	5	0.10781992366546689
2281	6	0.05466111728244272
2281	7	0.07854200737500605
2281	8	0.06218594175874159
2281	9	0.051207555175004416
2281	10-14	0.037826233309104396
2281	15-19	0.04095252790140336
2281	20-24	0.07238164022597005
2281	25-29	0.04950325886772333
2281	30-34	0.0032537828794687584
2281	35-39	0.05454165538261435
2281	40-44	0.03301245182328216
2281	45-49	0.06583506843392684
2281	50-54	0.07894538992581346
2281	55-59	0.10253268317070052
2281	60-64	0.11076078137711676
2281	65-69	0.08657541435836436
2281	70-74	0.12014859092163732
2281	75-79	0.10099978343026095
2281	80-84	0.13473368041557876
2281	85-89	0.07131680166309451
2281	90-94	0.1329395543101839
2281	95-99	0.10738784665663559
2281	100-104	0.12501049539643816
2281	105-109	0.1664922231115682
2281	110-114	0.12623970250911043
2281	115-119	0.11938990823944806
2281	120-124	0.1293997377349001
2281	125-129	0.1104057959571989
2281	130-134	0.15700363916675286
2281	135-139	0.14454957067988516
2281	140-144	0.0754408980583392
2281	145-149	0.15951320772133926
2281	150	0.18163076806509793
2282	1	0.0067785904678387965
2282	2	4.4598389429495455E-5
2282	3	0.007336272619845374
2282	4	-0.0049739925322001
2282	5	0.00751980137392394
2282	6	-0.02787804049049214
2282	7	0.06470629603358447
2282	8	0.034382909581267995
2282	9	-0.03833006908409686
2282	10-14	0.05458728153135439
2282	15-19	0.03384411484342564
2282	20-24	0.05235504457929352
2282	25-29	0.0438577906300921
2282	30-34	0.017191175716433804
2282	35-39	0.027033796979686997
2282	40-44	0.06244391459964049
2282	45-49	0.04275855435881937
2282	50-54	0.06433120842368822
2282	55-59	0.052708144948937274
2282	60-64	0.06702297170655669
2282	65-69	0.06764512580191706
2282	70-74	0.07726445307700658
2282	75-79	0.11671132489858138
2282	80-84	0.08882239258509372
2282	85-89	0.057975757768176095
2282	90-94	0.07954210785024429
2282	95-99	0.08409996773315953
2282	100-104	0.05806443054665067
2282	105-109	0.060056176639733394
2282	110-114	0.09267672815558825
2282	115-119	0.10815540591548256
2282	120-124	0.12040973005416333
2282	125-129	0.06400710552431121
2282	130-134	0.0799876580890384
2282	135-139	0.11011149847468715
2282	140-144	0.0999060765550297
2282	145-149	0.15216960849647165
2282	150	0.20508963404398628
2283	1	0.05213591003979445
2283	2	0.025168699461289634
2283	3	0.0321027154625142
2283	4	0.06261061619461117
2283	5	0.04371424543059277
2283	6	-0.03958472299908067
2283	7	0.03490510592485663
2283	8	0.062843818454553
2283	9	0.030864583337248064
2283	10-14	0.05081603596038775
2283	15-19	0.058783117764143356
2283	20-24	0.07458062752213834
2283	25-29	0.05826344201788913
2283	30-34	0.031672210652928356
2283	35-39	0.060529840894488984
2283	40-44	0.0717269488029828
2283	45-49	0.0678792688583627
2283	50-54	0.09357728504087959
2283	55-59	0.054950185082141445
2283	60-64	0.11074731712866281
2283	65-69	0.0701370225874669
2283	70-74	0.10096107513915342
2283	75-79	0.10786735591855034
2283	80-84	0.09322028329341947
2283	85-89	0.061653058271922134
2283	90-94	0.09155508126591627
2283	95-99	0.08806225734559092
2283	100-104	0.08040060704963281
2283	105-109	0.08423756972564433
2283	110-114	0.10760440286265549
2283	115-119	0.11882760691346306
2283	120-124	0.06122255394361531
2283	125-129	0.07302818448108894
2283	130-134	0.09701534370551457
2283	135-139	0.05329456106320407
2283	140-144	0.09671248715547165
2283	145-149	0.10035194982263107
2283	150	0.09259933489332184
2284	1	0.029022563027815806
2284	2	0.012132178215537692
2284	3	0.0448902927786321
2284	4	-0.0032775360868626535
2284	5	-0.02516660503486179
2284	6	0.0690524795001437
2284	7	-0.0041792851613351445
2284	8	-0.002228649336906585
2284	9	0.05391134253961383
2284	10-14	0.02051938500365935
2284	15-19	0.04174832534242512
2284	20-24	0.05112304288913805
2284	25-29	0.06161828987897877
2284	30-34	0.01820068787773721
2284	35-39	0.05823265852949788
2284	40-44	0.07597105777170299
2284	45-49	0.07789302710346391
2284	50-54	0.08424572505285965
2284	55-59	0.1011893813071012
2284	60-64	0.10317640612654344
2284	65-69	0.09548882009271153
2284	70-74	0.07901316363118127
2284	75-79	0.10796487567471047
2284	80-84	0.10674270788693718
2284	85-89	0.05632776776238302
2284	90-94	0.09732061491090604
2284	95-99	0.09293566964856836
2284	100-104	0.07197788977390474
2284	105-109	0.10466824984214185
2284	110-114	0.11431112187031545
2284	115-119	0.11410825900031796
2284	120-124	0.053011248110074405
2284	125-129	0.08171223140730888
2284	130-134	0.12047813111782091
2284	135-139	0.05583258551743597
2284	140-144	0.099179355190401
2284	145-149	0.09645642706658464
2284	150	-0.019005263716465493
2285	1	0.05804985292274978
2285	2	0.04572550165444511
2285	3	0.050032992332269544
2285	4	0.06012495898288961
2285	5	-0.0401654198894974
2285	6	0.030025816053210974
2285	7	0.09506159993834729
2285	8	0.09362175775937942
2285	9	0.0759352775665505
2285	10-14	0.03937052125399987
2285	15-19	0.04324483566045956
2285	20-24	0.05966598701278514
2285	25-29	0.07608624077933257
2285	30-34	0.06510688897331107
2285	35-39	0.0840038654473716
2285	40-44	0.07040250449282581
2285	45-49	0.08278476778907162
2285	50-54	0.12568470427122236
2285	55-59	0.09365012864451927
2285	60-64	0.11447976687934869
2285	65-69	0.09042507786251264
2285	70-74	0.08299712420568284
2285	75-79	0.11983319172158957
2285	80-84	0.08556904020012013
2285	85-89	0.046911462165205364
2285	90-94	0.10945251042932824
2285	95-99	0.12654171842627449
2285	100-104	0.1241985301294406
2285	105-109	0.06281781800213793
2285	110-114	0.1038321588387987
2285	115-119	0.10603877079524437
2285	120-124	0.05521901584279476
2285	125-129	0.09582857281741042
2285	130-134	0.10237168902632732
2285	135-139	0.14138939796930572
2285	140-144	0.08642250414357022
2285	145-149	0.09596523160676185
2285	150	0.0822481756107365
2286	1	0.031525385836665976
2286	2	0.06447531751170033
2286	3	0.012365589695050971
2286	4	0.011021729302569838
2286	5	-0.022802415976855173
2286	6	-0.006055482339334617
2286	7	0.0757055443665493
2286	8	0.07130295003425147
2286	9	0.02738129180417559
2286	10-14	0.008815962445851255
2286	15-19	0.03226950377573701
2286	20-24	0.040407969357467266
2286	25-29	0.025787952055608798
2286	30-34	0.010192841336404967
2286	35-39	0.02074782038697265
2286	40-44	0.015993673772527472
2286	45-49	0.01302839715788906
2286	50-54	0.04499224265364177
2286	55-59	0.014793240458047308
2286	60-64	0.04825981173748772
2286	65-69	0.07792704473213519
2286	70-74	0.06122120465955305
2286	75-79	0.06436995163019787
2286	80-84	0.06901805269969685
2286	85-89	0.049636993438717525
2286	90-94	0.07357245994880657
2286	95-99	0.06706360693504365
2286	100-104	0.04407219244903615
2286	105-109	0.0697471430857064
2286	110-114	0.06334463506428278
2286	115-119	0.11874602867600004
2286	120-124	0.07614465588436303
2286	125-129	0.04262939103517027
2286	130-134	0.09239392510652067
2286	135-139	0.09814610813076285
2286	140-144	0.043574402315883276
2286	145-149	0.0952231283229068
2286	150	0.09916769304289375
2287	1	0.03012981533588288
2287	2	0.026369066785967732
2287	3	0.01809088294138661
2287	4	0.04834205549565951
2287	5	-0.00350838932195785
2287	6	0.053322479933989086
2287	7	0.02159860433172156
2287	8	0.051867441668150605
2287	9	-0.02174166816656964
2287	10-14	0.02696602661609404
2287	15-19	0.009490616874813895
2287	20-24	0.04517661680633012
2287	25-29	0.05079269041832646
2287	30-34	0.02061647454340232
2287	35-39	0.00644055244598718
2287	40-44	0.03879206220661047
2287	45-49	0.040971162579801046
2287	50-54	0.0706790503253174
2287	55-59	0.030832932833462223
2287	60-64	0.047674077453145
2287	65-69	0.05236068770646796
2287	70-74	0.07669239547797702
2287	75-79	0.074738292254942
2287	80-84	0.056210057529959556
2287	85-89	0.04520188593747321
2287	90-94	-0.003200411047792784
2287	95-99	0.0699280380122218
2287	100-104	0.07014207141334339
2287	105-109	0.043873146187856094
2287	110-114	0.09341013599813408
2287	115-119	0.074351234540174
2287	120-124	0.02950407538617128
2287	125-129	0.026824864206737686
2287	130-134	0.0561377708114108
2287	135-139	0.08450372775576653
2287	140-144	0.10423090039879668
2287	145-149	0.03988797408171507
2287	150	0.042162417304602684
2288	1	0.0408304047175676
2288	2	-0.024836511776747727
2288	3	-0.037020849505339015
2288	4	-0.0014286093953757018
2288	5	-0.029665873796517417
2288	6	0.03761488295115356
2288	7	0.010404645682342561
2288	8	0.0858581989661289
2288	9	-0.004885135932354956
2288	10-14	0.019404922895063237
2288	15-19	0.0032968867068845498
2288	20-24	0.012872253413377166
2288	25-29	0.030358339664665834
2288	30-34	0.045999557576571704
2288	35-39	0.011791135877118109
2288	40-44	0.006306093729023132
2288	45-49	0.05472943624432958
2288	50-54	0.026291332885044483
2288	55-59	0.018230499079280094
2288	60-64	0.05434646368821916
2288	65-69	0.06846644498686771
2288	70-74	0.04073832978880887
2288	75-79	0.06878730478828032
2288	80-84	0.02444905313559076
2288	85-89	0.02862656163192412
2288	90-94	0.021975883726419454
2288	95-99	0.011378664176916686
2288	100-104	0.03716549553164583
2288	105-109	0.07759341660944585
2288	110-114	0.042525109366231106
2288	115-119	0.05114369656079276
2288	120-124	0.03540760901488227
2288	125-129	0.03104777873609521
2288	130-134	0.010892519835849157
2288	135-139	0.06053733009461837
2288	140-144	0.043618565112588215
2288	145-149	0.04320035240279907
2288	150	0.024467408393824996
2301	1	-0.05366567656906085
2301	2	0.016406818949477042
2301	3	0.03305248599647115
2301	4	0.028424734931938644
2301	5	0.04619444048243082
2301	6	0.03226777409618364
2301	7	-0.02254286351429613
2301	8	0.011814024936569467
2301	9	-0.01778694362781863
2301	10-14	0.006629927539059111
2301	15-19	0.017966299483717307
2301	20-24	-0.030388972595957853
2301	25-29	-0.011760642658003917
2301	30-34	0.0015278269164724634
2301	35-39	0.021956308757616227
2301	40-44	-0.007164108181875406
2301	45-49	-0.008213011190385089
2301	50-54	-0.00860495465368416
2301	55-59	-0.008345616303344627
2301	60-64	-0.034392291394304664
2301	65-69	-0.044181738029678286
2301	70-74	0.028692780063835244
2301	75-79	-0.012765204795464058
2301	80-84	-0.018733384671300257
2301	85-89	-0.09316401684749565
2301	90-94	-0.04705783588672574
2301	95-99	-0.0812985045172212
2301	100-104	-0.06259683673201977
2301	105-109	-0.1027674709185078
2301	110-114	-0.10015839611214972
2301	115-119	-0.15146611313893743
2301	120-124	-0.1423020242002977
2301	125-129	-0.14999362320587295
2301	130-134	-0.21459714366814353
2301	135-139	-0.13508750366060696
2301	140-144	-0.15984659547762448
2301	145-149	-0.1952292544840688
2301	150	-0.3845022585953899
2302	1	0.005310435070448705
2302	2	-0.0199222756824895
2302	3	0.03534397866570771
2302	4	0.0081830292966103
2302	5	0.016730713080335136
2302	6	0.03270179042646504
2302	7	-0.0086728265816447
2302	8	-0.021921072793524843
2302	9	0.020463798908828323
2302	10-14	0.0158328562844261
2302	15-19	-0.00772779736932705
2302	20-24	0.006207529967888092
2302	25-29	0.016402026055196472
2302	30-34	3.49658096340022E-4
2302	35-39	0.002553177601143375
2302	40-44	-0.018198276866804974
2302	45-49	0.013286259072621931
2302	50-54	0.00513654108713979
2302	55-59	0.010841972334866057
2302	60-64	-0.021387765153271232
2302	65-69	0.00997228977093556
2302	70-74	-0.030506321164530448
2302	75-79	9.811896389564367E-4
2302	80-84	-0.06482752983787776
2302	85-89	-0.05257964759506706
2302	90-94	-0.10855107058949898
2302	95-99	-0.1482444737424018
2302	100-104	-0.08434889807026735
2302	105-109	-0.10216965864733396
2302	110-114	-0.11841246012150464
2302	115-119	-0.11594856434486189
2302	120-124	-0.186720525668143
2302	125-129	-0.11974900971395641
2302	130-134	-0.17223372999039555
2302	135-139	-0.16610481674632638
2302	140-144	-0.16211111232201603
2302	145-149	-0.23515553508724452
2302	150	-0.34995531133480995
2303	1	-0.047904992939159285
2303	2	-0.09439451464146487
2303	3	-0.09142506721274657
2303	4	0.03533043236117095
2303	5	0.004150129798141222
2303	6	-0.047408441446116
2303	7	0.0025701970766505156
2303	8	0.006719729181362766
2303	9	-0.027933104946676224
2303	10-14	0.0026561229370329897
2303	15-19	-0.009818981162091234
2303	20-24	0.0014959866595347648
2303	25-29	-0.040023199480629046
2303	30-34	0.011951956104446992
2303	35-39	0.020816212851357818
2303	40-44	0.007733579763574028
2303	45-49	-0.0037503974177468535
2303	50-54	-0.009376489220414896
2303	55-59	-0.04319534343211018
2303	60-64	-0.01785210734683318
2303	65-69	-0.013375080284930618
2303	70-74	-0.04181816664160465
2303	75-79	-0.043045714801024815
2303	80-84	-0.08714484540681866
2303	85-89	-0.09134156327790777
2303	90-94	-0.07297065547418669
2303	95-99	-0.13059068038655397
2303	100-104	-0.12301503738653707
2303	105-109	-0.09388413901121595
2303	110-114	-0.09769131099915995
2303	115-119	-0.07896760262241287
2303	120-124	-0.1376926621021468
2303	125-129	-0.12114785504784464
2303	130-134	-0.18023888511412167
2303	135-139	-0.2051734268030998
2303	140-144	-0.20746122189299143
2303	145-149	-0.2098076936590587
2303	150	-0.3378119087544533
2304	1	-0.10923135337722556
2304	2	-0.06958334319298842
2304	3	-0.033626326173326504
2304	4	0.0032835434580817946
2304	5	0.002470629223545018
2304	6	0.002025471308790827
2304	7	0.008428169460742652
2304	8	0.0395057720671943
2304	9	-0.04292813510167548
2304	10-14	-0.024195359398447636
2304	15-19	0.0030273306369323905
2304	20-24	-5.11034902388019E-4
2304	25-29	-0.02371181773543185
2304	30-34	-0.021208554938141333
2304	35-39	0.015762102162611313
2304	40-44	0.00850359085254837
2304	45-49	0.011025465763523812
2304	50-54	-0.04708190856150196
2304	55-59	-0.03304956966461248
2304	60-64	-0.03410079931924059
2304	65-69	-0.05248926216886929
2304	70-74	-0.024723142690767475
2304	75-79	-0.07004339754460176
2304	80-84	-0.07200356138836383
2304	85-89	-0.07450852404370778
2304	90-94	-0.05317916946296464
2304	95-99	-0.07328247245310138
2304	100-104	-0.0920375363129935
2304	105-109	-0.10641112185675183
2304	110-114	-0.10883028534517081
2304	115-119	-0.10023638094727971
2304	120-124	-0.1388041192995857
2304	125-129	-0.14212333717927805
2304	130-134	-0.17152918957813768
2304	135-139	-0.16824472719859784
2304	140-144	-0.1546726111453225
2304	145-149	-0.21723690615102953
2304	150	-0.30689249361087434
2305	1	-0.03135183427582433
2305	2	-0.02463575292514264
2305	3	-0.03875215961468825
2305	4	0.0263117003112896
2305	5	-0.08267210957259152
2305	6	-0.08489268002438166
2305	7	-0.0250319169838491
2305	8	-0.028521709642895132
2305	9	-0.03731284394692125
2305	10-14	-0.023414301829610906
2305	15-19	-0.021274116843642332
2305	20-24	-0.008068690424188674
2305	25-29	-0.06312183998500842
2305	30-34	0.0107481701559351
2305	35-39	0.012804096199587889
2305	40-44	0.00794531535772336
2305	45-49	-0.024016041981788305
2305	50-54	-0.00985685087289312
2305	55-59	-0.01578817583710901
2305	60-64	-7.801537591447527E-4
2305	65-69	-0.02380881854072925
2305	70-74	-0.01137878477040033
2305	75-79	-0.030250310302875505
2305	80-84	-0.009024338181212954
2305	85-89	-0.04272222669733594
2305	90-94	-0.06380465916907241
2305	95-99	-0.06681656495783983
2305	100-104	-0.05295876363124563
2305	105-109	-0.07661319763302998
2305	110-114	-0.10555967582244818
2305	115-119	-0.11459982943621583
2305	120-124	-0.06931467738275643
2305	125-129	-0.1298642200441833
2305	130-134	-0.13626038645482197
2305	135-139	-0.142145098572783
2305	140-144	-0.14476167850507693
2305	145-149	-0.12475257110504145
2305	150	-0.2923913826139426
2306	1	-0.07448630832860204
2306	2	0.015714296449395704
2306	3	-0.04094398059086757
2306	4	-0.029520419574275536
2306	5	-0.04310630225300116
2306	6	-0.023511380007434468
2306	7	-0.055304561810984865
2306	8	-0.001953981910318703
2306	9	-0.02513172016077192
2306	10-14	-0.016195600603566618
2306	15-19	-0.008203944082964654
2306	20-24	-0.007622117059305822
2306	25-29	-0.011312622999788857
2306	30-34	0.020636763801562097
2306	35-39	0.007200989609394526
2306	40-44	-0.0014670371751748235
2306	45-49	-0.03108633617261347
2306	50-54	-0.006203456220745807
2306	55-59	-0.04571923178833259
2306	60-64	-0.062103771041641664
2306	65-69	-0.021830463293625257
2306	70-74	-0.06118538779756477
2306	75-79	-0.026815052820758467
2306	80-84	-0.05649031708063745
2306	85-89	-0.062422021051489196
2306	90-94	-0.07608389687460004
2306	95-99	-0.022767471937910955
2306	100-104	-0.11203827258084686
2306	105-109	-0.11031241270119096
2306	110-114	-0.11230090660918535
2306	115-119	-0.06883836646110808
2306	120-124	-0.10726983469113804
2306	125-129	-0.16475166802574392
2306	130-134	-0.19481679646064265
2306	135-139	-0.22456637745077757
2306	140-144	-0.14240206811144418
2306	145-149	-0.1684684756472805
2306	150	-0.2019498952462655
2307	1	-0.029042408860732394
2307	2	-0.057816707922782484
2307	3	0.0984801317433508
2307	4	0.00604275032753776
2307	5	0.0689807289053519
2307	6	0.006135725088071808
2307	7	0.07633976142302146
2307	8	-0.006642313046064885
2307	9	0.061834978758376735
2307	10-14	0.021239378334449555
2307	15-19	0.024491573186899984
2307	20-24	0.03474157753135643
2307	25-29	0.024585927140975627
2307	30-34	0.07375507758652589
2307	35-39	0.07759022488427547
2307	40-44	0.05329250661046814
2307	45-49	0.08470563739901138
2307	50-54	0.059680283273017665
2307	55-59	0.04850584497916799
2307	60-64	0.02203662760989289
2307	65-69	0.043825592376393274
2307	70-74	0.03947323191022889
2307	75-79	0.018023201120719534
2307	80-84	0.053815557945910086
2307	85-89	0.0034938662182497637
2307	90-94	0.04445117103655605
2307	95-99	0.041814924491689
2307	100-104	0.05597075720228162
2307	105-109	0.030031994589549527
2307	110-114	-0.048587292217249
2307	115-119	0.035690468550740206
2307	120-124	-0.01359154324847367
2307	125-129	-0.10377477987309902
2307	130-134	-0.06875666755543364
2307	135-139	-0.05149181960219096
2307	140-144	-0.01898071988507155
2307	145-149	-0.08724713329326761
2307	150	-0.17565754850641468
2308	1	-0.013985612543010006
2308	2	0.009129630932434907
2308	3	-0.027322530588264726
2308	4	-0.03593926765987021
2308	5	0.03924249289244841
2308	6	0.020123025072273037
2308	7	0.06667594863686332
2308	8	-0.032790357478567955
2308	9	0.017491994619213358
2308	10-14	0.027940601213920502
2308	15-19	0.02238725375030981
2308	20-24	0.03266137273246272
2308	25-29	0.01917077326501726
2308	30-34	0.019899692501681443
2308	35-39	0.04162587566219855
2308	40-44	0.03252464577865766
2308	45-49	0.018194901254467766
2308	50-54	-0.0069487037096749305
2308	55-59	0.032322438712334645
2308	60-64	-0.01093377997609224
2308	65-69	0.007353512563142317
2308	70-74	-0.02548936069686647
2308	75-79	-0.011751463387419392
2308	80-84	-0.029116166304696378
2308	85-89	-0.013586507356095012
2308	90-94	-0.01700210719047135
2308	95-99	-0.05329282851284489
2308	100-104	-0.05966376426528086
2308	105-109	-0.050374551737959905
2308	110-114	-0.07481097505980472
2308	115-119	-0.008441262720928933
2308	120-124	-0.08619480345027597
2308	125-129	-0.07642386598773498
2308	130-134	-0.10242675068747786
2308	135-139	-0.0471315798600358
2308	140-144	-0.11367620169850312
2308	145-149	-0.07972042288900383
2308	150	-0.21450371845114802
2309	1	0.027315366766153204
2309	2	0.042432887542908304
2309	3	0.021875930547054168
2309	4	-0.023357766744858566
2309	5	0.05027969550561551
2309	6	-0.03345993703079131
2309	7	0.04103957969584826
2309	8	0.010688485273348647
2309	9	-0.0015678236195881823
2309	10-14	0.0012914648780366633
2309	15-19	7.901503234180041E-4
2309	20-24	-0.0022471564676180833
2309	25-29	0.0022596161213215282
2309	30-34	0.03473151401350805
2309	35-39	-0.004683105518481057
2309	40-44	-5.033967727214872E-4
2309	45-49	0.02014482043276189
2309	50-54	-0.019164492731142957
2309	55-59	-0.002577846378599702
2309	60-64	-0.0528687259249736
2309	65-69	-0.004826409230233253
2309	70-74	-0.018861177246172645
2309	75-79	0.03212146384145598
2309	80-84	0.02597530717189045
2309	85-89	0.014849057837800217
2309	90-94	0.003094943104748893
2309	95-99	-0.025790266281198626
2309	100-104	-0.0085236815939993
2309	105-109	-0.027112646829472453
2309	110-114	-0.07294531710093821
2309	115-119	-0.0069312524184610425
2309	120-124	-0.06234406036964657
2309	125-129	-0.06558248773329467
2309	130-134	-0.08375748373599379
2309	135-139	-0.10966475370018003
2309	140-144	-0.0867048224081799
2309	145-149	-0.13546775807441236
2309	150	-0.15480030830752156
2310	1	-0.005933849278115133
2310	2	0.09110166318340163
2310	3	0.002810183209078332
2310	4	0.03389021133929759
2310	5	0.05202428198361275
2310	6	-5.250843479771561E-4
2310	7	0.02773951943341757
2310	8	0.048614899412797286
2310	9	0.07876980623554175
2310	10-14	0.013625737340476007
2310	15-19	0.024451998153793397
2310	20-24	-0.0019684952776870546
2310	25-29	0.014838009191144863
2310	30-34	0.042190971387235265
2310	35-39	0.032595769497284266
2310	40-44	0.06454294228268509
2310	45-49	0.028223498192019747
2310	50-54	0.023604919640355604
2310	55-59	0.046309147770259074
2310	60-64	0.00401178949474712
2310	65-69	0.037946154118252196
2310	70-74	-0.004828808567971521
2310	75-79	0.02046489176128574
2310	80-84	-0.010207241475825413
2310	85-89	0.010024177723465755
2310	90-94	0.014592737988301963
2310	95-99	0.02837538872380918
2310	100-104	0.0044463405316008675
2310	105-109	0.03131888360873347
2310	110-114	-0.06394050578605004
2310	115-119	-0.04368691838579508
2310	120-124	-0.02596024974228328
2310	125-129	-0.054748587680272465
2310	130-134	-0.06010634388675129
2310	135-139	0.004099962180156069
2310	140-144	-0.020149018505506433
2310	145-149	8.720390120231514E-4
2310	150	-0.06386097603025576
2311	1	6.662891380884162E-4
2311	2	0.0129962872432543
2311	3	0.01953263379725456
2311	4	0.019659970146285843
2311	5	0.06117201887134627
2311	6	0.08806221742550235
2311	7	0.06782559412453537
2311	8	0.04501424395434839
2311	9	0.011718588086210957
2311	10-14	0.051189804841790476
2311	15-19	0.0041565500958711254
2311	20-24	0.011092840365940049
2311	25-29	-0.022463898854553577
2311	30-34	0.0848290238421896
2311	35-39	0.04623082565903758
2311	40-44	0.048123054939487986
2311	45-49	0.06754644631165974
2311	50-54	0.05217055820446603
2311	55-59	0.0594750548002807
2311	60-64	0.04402565570311623
2311	65-69	0.03184685655607211
2311	70-74	0.007241743758136465
2311	75-79	0.02618185517595606
2311	80-84	-0.04066321917159854
2311	85-89	0.009758283575472149
2311	90-94	0.00993947078206503
2311	95-99	0.007144858756674921
2311	100-104	-0.014358659583528777
2311	105-109	0.02346636727502016
2311	110-114	0.021437233261103472
2311	115-119	0.055966994583315
2311	120-124	-0.021275370558086593
2311	125-129	-0.025277957397449313
2311	130-134	-0.034921917700145855
2311	135-139	-0.012848417360409314
2311	140-144	-0.02140786235837311
2311	145-149	-0.046888815211801216
2311	150	-0.024796426092422053
2312	1	-0.0082810314189814
2312	2	-0.029500193550703102
2312	3	-0.005127927204171101
2312	4	-0.09251810375779002
2312	5	-0.04920245258272615
2312	6	0.026180983792279733
2312	7	0.005228665289557455
2312	8	0.010116887394723051
2312	9	0.06617280482408461
2312	10-14	0.001272505144754632
2312	15-19	0.007790808035089469
2312	20-24	0.006128168755616059
2312	25-29	0.035023197667044315
2312	30-34	0.021380815399453468
2312	35-39	0.004757545606061342
2312	40-44	-0.005883097498873724
2312	45-49	-0.005200053975713104
2312	50-54	0.0028483588681922356
2312	55-59	0.013077749197861976
2312	60-64	0.04249201172756045
2312	65-69	0.006485510115410875
2312	70-74	-0.01737419435902865
2312	75-79	0.0219168650706294
2312	80-84	-0.0860978675111781
2312	85-89	-0.09562855975613616
2312	90-94	-0.05511420386424959
2312	95-99	-0.10252792283010592
2312	100-104	-0.04700401688332079
2312	105-109	-0.04696192429862833
2312	110-114	-0.036796641526485985
2312	115-119	-0.020350254173138183
2312	120-124	-0.08766949403679547
2312	125-129	-0.09118888353675914
2312	130-134	-0.11313749444510535
2312	135-139	-0.11585481934775999
2312	140-144	-0.08056861629891188
2312	145-149	-0.12571231391526538
2312	150	-0.10273172324275492
2313	1	0.007364013332832542
2313	2	-0.030864064548076442
2313	3	-0.002344339051944644
2313	4	0.04124482564274956
2313	5	0.0656462685635617
2313	6	0.01368222768390126
2313	7	0.08614621965386249
2313	8	0.06044505845303405
2313	9	0.017249174610846296
2313	10-14	-0.004580371847595188
2313	15-19	-0.005743917591537695
2313	20-24	0.008186315987792625
2313	25-29	0.03202828605740393
2313	30-34	0.050296997239598795
2313	35-39	0.03792530406843042
2313	40-44	-0.01730970057147374
2313	45-49	0.026132862009099256
2313	50-54	0.01261792191360911
2313	55-59	0.03881478701516272
2313	60-64	0.06407496074415064
2313	65-69	0.03198695569219012
2313	70-74	0.002157050700759555
2313	75-79	-0.023529047193655117
2313	80-84	-0.03277300096120683
2313	85-89	-0.022056778639793606
2313	90-94	0.020244055226648072
2313	95-99	-0.04793217346153966
2313	100-104	-0.040709615776776786
2313	105-109	0.035030432299386405
2313	110-114	-0.02698700769823148
2313	115-119	-0.01079089633073238
2313	120-124	-0.003435024044456725
2313	125-129	-0.0495927484369858
2313	130-134	-0.07294106773386488
2313	135-139	-0.06789126379131716
2313	140-144	-0.09650062643110147
2313	145-149	-0.13168851839341045
2313	150	-0.2709286345309039
2314	1	-0.05967052213969026
2314	2	0.023432614464091728
2314	3	0.02954178439437527
2314	4	0.04851431053051414
2314	5	0.04900053682572292
2314	6	-0.031080683426012
2314	7	0.014675936020061897
2314	8	0.041424818377286954
2314	9	0.017395397238935573
2314	10-14	0.013448786231947452
2314	15-19	0.048978685733537475
2314	20-24	0.044347447806103446
2314	25-29	0.04323908167535251
2314	30-34	0.036015894287444894
2314	35-39	0.03746233143466071
2314	40-44	0.014191698396764707
2314	45-49	0.030366565444651883
2314	50-54	0.021231393760373862
2314	55-59	0.025875595265006268
2314	60-64	0.038438862752130376
2314	65-69	0.0169652541784302
2314	70-74	0.03347586188058216
2314	75-79	0.031209715505404745
2314	80-84	0.010157358311602138
2314	85-89	0.04787337213768694
2314	90-94	0.026505195177200847
2314	95-99	0.00435244014747127
2314	100-104	-0.0038408347545626498
2314	105-109	-0.0025536440695432816
2314	110-114	-0.009325652736031032
2314	115-119	-0.011126223047654094
2314	120-124	0.013567869271760458
2314	125-129	-0.018162739743765144
2314	130-134	-0.03448406986440489
2314	135-139	-0.021831740277391987
2314	140-144	-0.06905586094499938
2314	145-149	-0.03091335453670041
2314	150	-0.1480991307721382
2315	1	-0.02529201333265263
2315	2	-0.05606794186743258
2315	3	0.05300164400935614
2315	4	7.018686139446118E-4
2315	5	0.03241094059266203
2315	6	-0.01334876025868681
2315	7	0.04261049962084229
2315	8	0.014468762220609221
2315	9	0.04642952901635056
2315	10-14	0.0372137295825965
2315	15-19	0.03869157002954182
2315	20-24	0.034767989540860356
2315	25-29	0.0569900308863609
2315	30-34	0.0679428430879696
2315	35-39	0.0779845655209499
2315	40-44	0.05782444503095263
2315	45-49	0.025401231439282412
2315	50-54	0.03505484578978724
2315	55-59	0.020954302780005207
2315	60-64	0.040457851114659604
2315	65-69	0.04441439898322841
2315	70-74	0.03445923313336152
2315	75-79	0.016115633544629304
2315	80-84	0.004201009925530741
2315	85-89	0.03394534822163564
2315	90-94	0.014570210402666817
2315	95-99	-0.02563873952255591
2315	100-104	-0.028617931346730074
2315	105-109	-0.047920525567789696
2315	110-114	-0.05250986000270075
2315	115-119	-0.018540003687483875
2315	120-124	-0.04666885122774289
2315	125-129	-0.06894870583847279
2315	130-134	-0.08061384777141001
2315	135-139	-0.05116617215446695
2315	140-144	-0.20820851866235301
2315	145-149	-0.2048122864630173
2315	150	-0.1474212708426137
2316	1	0.013111702047680751
2316	2	0.07278841425205229
2316	3	0.03645534373545445
2316	4	0.029244357937109555
2316	5	0.03892261816875475
2316	6	0.07667295072659641
2316	7	-0.052690370517474605
2316	8	0.03618163518181916
2316	9	0.07898751239454072
2316	10-14	0.06091114462431335
2316	15-19	0.03632318225964326
2316	20-24	0.04355647557245135
2316	25-29	0.055578776392685825
2316	30-34	0.06896704284089594
2316	35-39	0.07627589399000101
2316	40-44	0.04554556282713662
2316	45-49	0.06578865292877367
2316	50-54	0.08887112247581541
2316	55-59	0.06475550771137506
2316	60-64	0.05093370489086624
2316	65-69	0.06695264534722867
2316	70-74	0.05177147194287102
2316	75-79	0.010056513110548337
2316	80-84	0.04137870588598247
2316	85-89	0.029114593320613835
2316	90-94	0.03923457464239988
2316	95-99	0.004414269151851613
2316	100-104	0.016678502750011148
2316	105-109	-0.004772510905397098
2316	110-114	-0.005007944684443544
2316	115-119	0.018439513126466522
2316	120-124	0.006566479295109673
2316	125-129	0.0012256966644770273
2316	130-134	-0.0040314820749287605
2316	135-139	-0.031144792861056203
2316	140-144	-0.048279538474602646
2316	145-149	-0.06107475018927744
2316	150	0.009619185586963397
2317	1	0.006378318366856206
2317	2	0.034818762453710406
2317	3	-0.0029815024556043568
2317	4	0.008315881686755233
2317	5	-0.014318666245792144
2317	6	0.026328887578721094
2317	7	0.09375189395973393
2317	8	0.03592857973499264
2317	9	0.049322692241837274
2317	10-14	0.003521701517641418
2317	15-19	0.00726139850870311
2317	20-24	0.011306720390415137
2317	25-29	0.023629709073340166
2317	30-34	0.0532171881500787
2317	35-39	0.06198532570918758
2317	40-44	0.028083023600245838
2317	45-49	0.028000805653000782
2317	50-54	0.021465375744774917
2317	55-59	0.03947424053622939
2317	60-64	0.02871485674126717
2317	65-69	0.047428653186678105
2317	70-74	-0.004400484505239888
2317	75-79	-0.016397428821143478
2317	80-84	0.007372693183135937
2317	85-89	-0.02222579656928758
2317	90-94	-0.014064517125788711
2317	95-99	-0.06323541248593756
2317	100-104	-0.0749225606100623
2317	105-109	-0.04467136780648673
2317	110-114	-0.023403573151597357
2317	115-119	-0.011565033963584881
2317	120-124	-0.07510819420406278
2317	125-129	-0.11564806688947726
2317	130-134	-0.0877836089927797
2317	135-139	-0.08453018708058124
2317	140-144	-0.051263747551125505
2317	145-149	-0.0870490729694069
2317	150	-0.2073579353010544
2318	1	-0.06891015411859058
2318	2	-0.0387683418383844
2318	3	0.0646968549087319
2318	4	-0.003984464547194477
2318	5	0.03556781991489544
2318	6	-0.031184121308179158
2318	7	0.098331290025925
2318	8	0.0434419234709722
2318	9	0.03543382195567801
2318	10-14	0.016537821152518006
2318	15-19	0.04483588568731989
2318	20-24	0.008986484120903526
2318	25-29	-0.023585083219771263
2318	30-34	-0.008008091616332536
2318	35-39	0.012697549709841383
2318	40-44	0.03019833223064694
2318	45-49	-0.01958299033014299
2318	50-54	-0.005695438876074377
2318	55-59	0.0051965434942786715
2318	60-64	0.020590078578791804
2318	65-69	-0.00858302634935626
2318	70-74	0.03286540575802377
2318	75-79	-0.00996310277188428
2318	80-84	3.487648676241406E-4
2318	85-89	-0.008272099500558738
2318	90-94	0.01352088613296587
2318	95-99	0.0043015046255163725
2318	100-104	-0.009933711084542551
2318	105-109	-0.017267184871741392
2318	110-114	-0.004004962105597087
2318	115-119	0.0070561914501183765
2318	120-124	-0.05254646477551006
2318	125-129	-0.008133115877903663
2318	130-134	-0.023207561417422085
2318	135-139	-0.04458483445100825
2318	140-144	-0.060919455723450255
2318	145-149	-0.08129341904263043
2318	150	-0.16456288303110966
2319	1	-0.12575034425636034
2319	2	0.03243190106766747
2319	3	0.008083106731049838
2319	4	0.020738089460230924
2319	5	-0.02819148403170857
2319	6	0.0394966187511514
2319	7	0.07111929556895547
2319	8	-0.05850631618801572
2319	9	-0.010169502197044267
2319	10-14	-0.008229487463637497
2319	15-19	0.012288734253019129
2319	20-24	0.02666637082019463
2319	25-29	-0.007084968491028576
2319	30-34	0.01649798207488118
2319	35-39	0.034447111071692404
2319	40-44	0.012860926431265796
2319	45-49	0.013434916365923755
2319	50-54	-0.012345491249227791
2319	55-59	0.028052492023711295
2319	60-64	0.054576656355514785
2319	65-69	-0.0017885336063869772
2319	70-74	-0.008412277317511041
2319	75-79	-0.003223055923740503
2319	80-84	-0.016255236565967834
2319	85-89	0.010913056055677828
2319	90-94	-0.018324208571975475
2319	95-99	-0.06070850207797207
2319	100-104	-0.02360480214451144
2319	105-109	-0.06476689545029046
2319	110-114	-0.09003669933448322
2319	115-119	-0.028570154706265782
2319	120-124	-0.023803760102545368
2319	125-129	-0.09634420013038891
2319	130-134	-0.10537183772860459
2319	135-139	-0.07236200142050109
2319	140-144	-0.0631627319604533
2319	145-149	-0.06985495628303084
2319	150	-0.24609862606090616
2320	1	0.020434129230814335
2320	2	-0.021970123114300577
2320	3	0.04722234347191545
2320	4	-0.011928081810808067
2320	5	0.020660516967524245
2320	6	-0.009204168773720767
2320	7	0.036341779491507964
2320	8	0.07376383339460091
2320	9	0.016815392320204126
2320	10-14	0.0017955322751461722
2320	15-19	0.012508472140247306
2320	20-24	0.0442810956125399
2320	25-29	0.009886221487775515
2320	30-34	0.014809071415164965
2320	35-39	0.025965446118419777
2320	40-44	0.001060397583295014
2320	45-49	0.015847352872363274
2320	50-54	-0.014217578759492255
2320	55-59	0.03702967190066886
2320	60-64	0.0074886427833362745
2320	65-69	0.03266821994218816
2320	70-74	0.016294875627004046
2320	75-79	0.0141506495947894
2320	80-84	-0.0017351089478481185
2320	85-89	0.016602399363506493
2320	90-94	0.05746335156970872
2320	95-99	0.040898748487677494
2320	100-104	0.0227758737508168
2320	105-109	-0.00994814978360381
2320	110-114	-0.039791263071734306
2320	115-119	-0.02631889786040631
2320	120-124	-0.027272584815605683
2320	125-129	-0.07637574847824169
2320	130-134	-0.04522613800546793
2320	135-139	-0.0010731144098272694
2320	140-144	-0.04273762525154012
2320	145-149	-0.020993470888363674
2320	150	-0.03767401201746878
2321	1	-0.04535120620034405
2321	2	0.04059862306414175
2321	3	0.0020993385226120154
2321	4	0.032631709833722766
2321	5	0.04145194039993072
2321	6	-0.022286470687831184
2321	7	0.02208007545898738
2321	8	-0.0034518742341234088
2321	9	-0.01403036446700412
2321	10-14	-0.003625618838043465
2321	15-19	0.012509252831961248
2321	20-24	0.0031674026424042268
2321	25-29	-0.014329998888108264
2321	30-34	0.012744462484555186
2321	35-39	0.044573065725273864
2321	40-44	-0.0038565521538131975
2321	45-49	0.053496196626106496
2321	50-54	0.03535394696025662
2321	55-59	0.010298230127588681
2321	60-64	0.04386702230712558
2321	65-69	0.019830650938096994
2321	70-74	0.009903603537274819
2321	75-79	0.06536734368325625
2321	80-84	0.02916682976060514
2321	85-89	0.014270431404206363
2321	90-94	0.05845593137382821
2321	95-99	0.023148662960110755
2321	100-104	0.018534333869880015
2321	105-109	0.022354656552153074
2321	110-114	-0.025299227103040778
2321	115-119	0.04442065139608076
2321	120-124	0.004332617713949105
2321	125-129	0.006168444945927831
2321	130-134	-0.010090912442720423
2321	135-139	-0.033628850918574926
2321	140-144	-0.024265650829235597
2321	145-149	-0.04560037170120523
2321	150	-0.1337339446047423
2322	1	-0.09279432840891388
2322	2	0.006514412958530613
2322	3	0.026893759153487906
2322	4	0.030300311560957027
2322	5	0.05320302033691604
2322	6	0.036692909759729275
2322	7	0.07189706069457458
2322	8	0.027927081232839157
2322	9	0.0690381886339182
2322	10-14	0.012878682591768609
2322	15-19	0.027564090649903505
2322	20-24	0.01152763032010995
2322	25-29	0.029406699652106738
2322	30-34	0.0640400538104231
2322	35-39	0.06287187771132352
2322	40-44	0.09525801608788242
2322	45-49	0.08390179331419034
2322	50-54	0.09019642770123681
2322	55-59	0.049364804870549506
2322	60-64	0.0816248499768264
2322	65-69	0.11431339692559561
2322	70-74	0.05324662882627251
2322	75-79	0.07773241400821718
2322	80-84	0.07640378975047923
2322	85-89	0.03513694553081592
2322	90-94	0.04064521426902701
2322	95-99	0.04456688583513113
2322	100-104	0.01001590416652931
2322	105-109	0.07329321088538876
2322	110-114	-0.0012298713349920831
2322	115-119	0.01608733471559276
2322	120-124	0.02004740777152847
2322	125-129	0.018456412599441308
2322	130-134	0.005613053265747681
2322	135-139	-0.03737340960152835
2322	140-144	-0.052634771126051305
2322	145-149	-0.03339017283293089
2322	150	-0.13981056767426026
2323	1	-0.0393861213092066
2323	2	-0.05514925150383476
2323	3	-0.01831742274785597
2323	4	0.03722230663653647
2323	5	-0.02166308941077233
2323	6	0.04434067261379937
2323	7	-0.007566652931402018
2323	8	0.001260656354432399
2323	9	0.03564924399940139
2323	10-14	0.011927245764994154
2323	15-19	0.01678113994650232
2323	20-24	0.012571188476229622
2323	25-29	0.029489471835169923
2323	30-34	0.030161568533316085
2323	35-39	0.016404847556302116
2323	40-44	0.030982957756464202
2323	45-49	9.323916192514048E-4
2323	50-54	0.040182524875937986
2323	55-59	0.03902650278834585
2323	60-64	0.04176395882588224
2323	65-69	0.07378702387048008
2323	70-74	0.0443297999599821
2323	75-79	0.06329547843269978
2323	80-84	0.015145201229778138
2323	85-89	0.039526450308144945
2323	90-94	0.043551670418708
2323	95-99	0.020996237318698263
2323	100-104	0.04889811701274027
2323	105-109	0.06651024406276917
2323	110-114	-0.02205461111037721
2323	115-119	0.051897547045989256
2323	120-124	0.012362167736228002
2323	125-129	-0.025845564825594636
2323	130-134	8.846419355492685E-4
2323	135-139	-0.021276033407197303
2323	140-144	-0.018136501927060067
2323	145-149	0.006111662742988244
2323	150	-0.0724777743347218
2324	1	-0.01306552515364956
2324	2	-0.030053609559125505
2324	3	0.08985491540653356
2324	4	0.05172904891186647
2324	5	0.02069452013548556
2324	6	0.007532390515720522
2324	7	0.0037555435405280946
2324	8	0.04310851067369725
2324	9	0.012462586783819063
2324	10-14	0.024114585000234
2324	15-19	0.02453933968273958
2324	20-24	-0.7117801974312599
2324	25-29	0.011148539093703391
2324	30-34	0.0412110912033512
2324	35-39	0.025978660682916654
2324	40-44	0.00806072978091521
2324	45-49	-0.06961230245220662
2324	50-54	-0.08198659923990448
2324	55-59	-2.1820063338395812E-5
2324	60-64	-0.0012650127655788879
2324	65-69	-0.029270870716430863
2324	70-74	0.015083322750662376
2324	75-79	0.029027928994658225
2324	80-84	0.022875583948369638
2324	85-89	0.06524854489605758
2324	90-94	0.04413120279117777
2324	95-99	0.005301138643694969
2324	100-104	-0.019082719408110904
2324	105-109	0.011128773883122278
2324	110-114	-0.04867683757776575
2324	115-119	-0.04215869360137248
2324	120-124	-0.03653116740688489
2324	125-129	-0.036183977278234636
2324	130-134	-0.027292187159041248
2324	135-139	-0.0533835746677056
2324	140-144	-0.11607217758733412
2324	145-149	-0.08024301763780528
2324	150	-0.19929153605012573
2325	1	-0.0460456558630753
2325	2	0.0026931934571692295
2325	3	0.04089709524355811
2325	4	-0.03902038320040191
2325	5	-0.026261180711919963
2325	6	0.0024761807364228616
2325	7	0.008840237134045026
2325	8	0.024879668183032777
2325	9	0.04485633691587765
2325	10-14	-0.007070439834087949
2325	15-19	0.0017544046256716683
2325	20-24	0.01990954661538069
2325	25-29	0.013005643850419801
2325	30-34	0.01302320251449629
2325	35-39	0.02245437432141273
2325	40-44	0.01761770165198584
2325	45-49	-0.0017346144794032625
2325	50-54	-0.03008838428659999
2325	55-59	-0.010770959351347642
2325	60-64	-0.014177990220936465
2325	65-69	0.00759176359382252
2325	70-74	0.008910960069847818
2325	75-79	0.029720764500126506
2325	80-84	0.03146391979317542
2325	85-89	0.06364891252360394
2325	90-94	-0.002981385307741391
2325	95-99	-0.0045416563239228935
2325	100-104	-0.03428579552694799
2325	105-109	0.05222743053518997
2325	110-114	-0.0273670047221799
2325	115-119	0.032452781016672816
2325	120-124	-0.028918016203583363
2325	125-129	-0.04688153956620056
2325	130-134	-0.06734337150838599
2325	135-139	-0.09064494244648813
2325	140-144	-0.07313996191095384
2325	145-149	-0.018505521607984576
2325	150	-0.04155895414376687
2326	1	-0.04792500164411706
2326	2	0.02086036920282197
2326	3	-0.03609962846593362
2326	4	0.019379719914319082
2326	5	0.021479138044469437
2326	6	-0.021221021677177987
2326	7	0.0172418889679804
2326	8	0.07781169339818206
2326	9	0.017617463464226546
2326	10-14	-0.04583885835198487
2326	15-19	0.013586179747647975
2326	20-24	0.035845247790504686
2326	25-29	0.0364083298291078
2326	30-34	0.06434687783500692
2326	35-39	0.039093613670473815
2326	40-44	0.006559646663461649
2326	45-49	0.04362095646342112
2326	50-54	0.047896801964370184
2326	55-59	0.024773365492016808
2326	60-64	-4.6289260666299015E-4
2326	65-69	0.029319634644465964
2326	70-74	0.010599763429475217
2326	75-79	0.017023904803096457
2326	80-84	-5.232668035120014E-4
2326	85-89	-0.009943706380553863
2326	90-94	0.00424403926613337
2326	95-99	-0.009438606546090966
2326	100-104	-0.02490679196289136
2326	105-109	-0.003937481082900263
2326	110-114	-0.04358003654485998
2326	115-119	-0.020481162611950765
2326	120-124	-0.05393496718512125
2326	125-129	-0.06788724784544797
2326	130-134	-0.057133854778712134
2326	135-139	-0.07766907349011376
2326	140-144	-0.06926552606939396
2326	145-149	-0.10608992930281858
2326	150	-0.14049093739362206
2327	1	-0.027215411084206664
2327	2	0.0308904634453242
2327	3	0.012219449699898632
2327	4	0.05064011430728499
2327	5	0.029111592309135403
2327	6	0.06827173194601244
2327	7	0.024371452601464227
2327	8	0.0042312704948770374
2327	9	0.07740799169737755
2327	10-14	0.023647559641204907
2327	15-19	0.023935035374478275
2327	20-24	0.009176601239467175
2327	25-29	0.06068092030982797
2327	30-34	0.011885485580307886
2327	35-39	0.03105013540960755
2327	40-44	0.02110506521102451
2327	45-49	0.005414335730073105
2327	50-54	0.013502646583042122
2327	55-59	0.0873282082891933
2327	60-64	0.023586762893458513
2327	65-69	-0.012370394657821748
2327	70-74	0.005422761766375572
2327	75-79	-0.03287234925566196
2327	80-84	-0.015693536859743062
2327	85-89	0.06873175097273077
2327	90-94	-0.020922666998224315
2327	95-99	0.006208023690703612
2327	100-104	0.017343148640570405
2327	105-109	-0.005905882128281803
2327	110-114	0.01010809206842822
2327	115-119	-0.0030732272353759527
2327	120-124	-0.02781118481401279
2327	125-129	-0.004326227809016814
2327	130-134	-0.032517952347419055
2327	135-139	-0.035007316936706445
2327	140-144	-0.04296395008142895
2327	145-149	-0.08794270510071556
2327	150	-0.08118944060103672
2328	1	-0.0532665374933714
2328	2	-0.0306028355332586
2328	3	-0.014891760646570162
2328	4	-0.042814237865833604
2328	5	-0.05710389156863016
2328	6	-0.05714176336051224
2328	7	-0.009632575651636444
2328	8	-0.014739983743481844
2328	9	-0.02206937605394188
2328	10-14	0.04279723993649043
2328	15-19	-0.015657094119767123
2328	20-24	-0.017316724084786017
2328	25-29	-0.011802106491622055
2328	30-34	0.031653090416327245
2328	35-39	0.006651027474028126
2328	40-44	0.0045648445923660574
2328	45-49	0.014623162056778938
2328	50-54	-0.016106186066622286
2328	55-59	0.021445061878395677
2328	60-64	-0.013874423346727838
2328	65-69	-0.021663935489655728
2328	70-74	-0.0014050086785317717
2328	75-79	0.0077595253178728285
2328	80-84	0.0017142730509789317
2328	85-89	-0.009005854047700268
2328	90-94	0.007508158490686867
2328	95-99	-0.023394472825074786
2328	100-104	0.0010679786451390783
2328	105-109	0.02370403069389937
2328	110-114	-0.022175787805849723
2328	115-119	-0.026454562381296398
2328	120-124	-0.04507938901404174
2328	125-129	-0.029366826488043785
2328	130-134	-0.06231910839546373
2328	135-139	-0.03744595128250694
2328	140-144	-0.08664520434614076
2328	145-149	-0.10526402217349329
2328	150	-0.1551865267698176
2329	1	-0.015716104353430183
2329	2	-0.029055182138577607
2329	3	-0.0016521294250537721
2329	4	-0.06814023269636493
2329	5	0.01942414338172682
2329	6	-0.01227231305585974
2329	7	0.0057882787464151875
2329	8	0.05600187482530572
2329	9	0.03156404844528282
2329	10-14	0.012507935746356225
2329	15-19	0.024655692688604347
2329	20-24	0.03498622371087379
2329	25-29	0.05175862445521062
2329	30-34	0.058910385280334765
2329	35-39	0.01285376887842915
2329	40-44	0.03795970537002091
2329	45-49	0.04291764391592068
2329	50-54	0.047370271701005606
2329	55-59	0.0502955060153738
2329	60-64	0.023019784651033603
2329	65-69	0.07842699675195774
2329	70-74	0.027751355563324864
2329	75-79	0.03923186782458998
2329	80-84	0.021528878669492713
2329	85-89	0.05625677983697841
2329	90-94	0.027955923899128265
2329	95-99	-3.604254423095199E-4
2329	100-104	0.036905730027214645
2329	105-109	0.05234162289330868
2329	110-114	0.03311492986451725
2329	115-119	0.08905160340132312
2329	120-124	0.008483040754178717
2329	125-129	0.05205730559706723
2329	130-134	0.0015289210874556147
2329	135-139	0.001370232738807431
2329	140-144	-0.012081837481858315
2329	145-149	-0.014440957429620482
2329	150	-0.07373481942126148
2330	1	0.005309245624637526
2330	2	0.0010439534399324657
2330	3	0.05132847833656484
2330	4	0.009877262691517785
2330	5	-0.004054455957756886
2330	6	-0.03223488017462728
2330	7	0.019745346617256132
2330	8	0.01589207029191897
2330	9	-0.029065385399633215
2330	10-14	0.021120841599788776
2330	15-19	0.012392682918324738
2330	20-24	0.027647251034920828
2330	25-29	0.060843607018988166
2330	30-34	0.07476215446688173
2330	35-39	0.015898865311612553
2330	40-44	0.037489963571466944
2330	45-49	0.030218350571665553
2330	50-54	0.03053194921837843
2330	55-59	0.03433927605946252
2330	60-64	0.042821057124889705
2330	65-69	0.03466350633478754
2330	70-74	0.006565374267559321
2330	75-79	0.016171509558915886
2330	80-84	0.006017210611162227
2330	85-89	0.021132569163199832
2330	90-94	0.04699094731060427
2330	95-99	0.05682071515678899
2330	100-104	0.048382060256976445
2330	105-109	0.022746164933529656
2330	110-114	-0.02442461969386045
2330	115-119	0.025642404008074493
2330	120-124	0.05491246977006625
2330	125-129	0.01823759421869653
2330	130-134	0.011521149545835385
2330	135-139	-1.0134541480510961E-4
2330	140-144	-0.039140970980170664
2330	145-149	0.02094972505182824
2330	150	0.06733749943004597
2331	1	-0.026898578158679243
2331	2	0.024478517902942087
2331	3	-0.0013055518685831657
2331	4	0.06645823338627821
2331	5	0.03991998681318165
2331	6	0.045806395350240336
2331	7	0.04545966390706724
2331	8	0.014338554515205715
2331	9	0.0681367074260919
2331	10-14	0.02875296148573625
2331	15-19	0.0427539700629751
2331	20-24	0.04778975137435282
2331	25-29	0.029260504976363677
2331	30-34	0.006111597632511234
2331	35-39	0.0725712471481117
2331	40-44	0.054431810929067126
2331	45-49	0.06423766216209259
2331	50-54	0.08048332291154026
2331	55-59	0.06277208808089796
2331	60-64	0.05972422446570391
2331	65-69	0.05483331950240711
2331	70-74	0.05510216448924865
2331	75-79	0.0657379776155338
2331	80-84	0.06253376723713444
2331	85-89	0.10452226480673232
2331	90-94	0.06228581534069377
2331	95-99	0.0580406355233265
2331	100-104	0.035763375756445726
2331	105-109	0.09645969915034414
2331	110-114	0.0713126845773644
2331	115-119	0.04328601738473736
2331	120-124	-0.01220951595147568
2331	125-129	0.03420912572633483
2331	130-134	0.04507819546611813
2331	135-139	0.021675661920184552
2331	140-144	-0.013859238368027604
2331	145-149	0.028944489829960673
2331	150	0.027333678791649163
2332	1	-0.08290710266994239
2332	2	0.013973282960698441
2332	3	0.041829256786620306
2332	4	-0.018644818697907795
2332	5	-0.004784294500957742
2332	6	0.05903866588622009
2332	7	0.024881962714637496
2332	8	0.029823374017070137
2332	9	0.0943434755683441
2332	10-14	0.0029040893191591977
2332	15-19	0.021342261463203727
2332	20-24	0.030944531942402875
2332	25-29	0.055050269414948616
2332	30-34	0.02082380096309322
2332	35-39	0.06485948910160033
2332	40-44	0.05201383936928039
2332	45-49	0.03886547230420234
2332	50-54	0.06147000039852912
2332	55-59	0.060269187586520445
2332	60-64	0.04746130310356733
2332	65-69	0.07677177193387053
2332	70-74	0.047757568191521216
2332	75-79	0.03421419268334347
2332	80-84	0.061204458147628316
2332	85-89	0.08331752108220059
2332	90-94	0.06377905396114159
2332	95-99	0.04065923083211942
2332	100-104	0.033513198125874055
2332	105-109	0.05878238694473481
2332	110-114	0.03550631200896959
2332	115-119	0.02192972776916946
2332	120-124	0.008138209630587312
2332	125-129	-0.03431912697720918
2332	130-134	-0.015436129594768033
2332	135-139	-0.005004670663986133
2332	140-144	-0.03780151304066948
2332	145-149	-0.03364299707281049
2332	150	0.0069755456824509565
2333	1	-0.04268428736614993
2333	2	0.01918601518217855
2333	3	-0.028226278978806363
2333	4	-0.08422115700616217
2333	5	0.02206079312832543
2333	6	0.027939779622222716
2333	7	0.06692675183327879
2333	8	-0.017600450352873054
2333	9	0.04524321999551972
2333	10-14	0.03767324171084141
2333	15-19	0.01810407565130845
2333	20-24	0.0423316980278301
2333	25-29	-0.019759511883385983
2333	30-34	0.015529389129355309
2333	35-39	0.02772382482369551
2333	40-44	0.029193504748697308
2333	45-49	0.017334919834333107
2333	50-54	0.00513290481614348
2333	55-59	0.034319412199955934
2333	60-64	0.02028461997465314
2333	65-69	0.04547209178709011
2333	70-74	-0.013609040686489493
2333	75-79	0.014196536442256047
2333	80-84	0.008233669813051847
2333	85-89	0.031819602012021164
2333	90-94	0.01799528063327216
2333	95-99	-0.002221862611399672
2333	100-104	-0.02849577542743731
2333	105-109	0.04882709653669792
2333	110-114	0.01050576004548276
2333	115-119	0.01622630275057446
2333	120-124	0.015327904818214222
2333	125-129	-0.007252594890772457
2333	130-134	-0.026071658710264956
2333	135-139	-0.0032316211354483926
2333	140-144	-0.04039456612154879
2333	145-149	-0.05563449672519738
2333	150	0.02270798805334806
2334	1	-0.0031988479372060397
2334	2	-0.12951021856661526
2334	3	-0.046473157777874974
2334	4	-0.02439642204638659
2334	5	-0.02152474918398184
2334	6	-0.040658361830629985
2334	7	0.024173547352411617
2334	8	0.06937558909188368
2334	9	0.004216541204137059
2334	10-14	-0.00791071584289682
2334	15-19	0.021748334607217146
2334	20-24	0.021714051001978874
2334	25-29	0.008203755530871604
2334	30-34	0.04903443211544811
2334	35-39	0.040506352679123836
2334	40-44	-5.421154003570905E-4
2334	45-49	0.06074438079156863
2334	50-54	0.026740376457603077
2334	55-59	0.03795541569389371
2334	60-64	0.05583679334041847
2334	65-69	0.04386392515705495
2334	70-74	0.02415495029395487
2334	75-79	-0.0037650541637077595
2334	80-84	0.03979726815791906
2334	85-89	0.0785582032927934
2334	90-94	0.002355861804602455
2334	95-99	0.04700573407921382
2334	100-104	0.034630933319661494
2334	105-109	0.07519203529956542
2334	110-114	-0.008238028988692747
2334	115-119	0.005309430175408636
2334	120-124	0.0160781100343641
2334	125-129	-0.029690373467289533
2334	130-134	0.032844975432389845
2334	135-139	-0.006627095282823348
2334	140-144	0.030918646435431185
2334	145-149	-0.08514950086249229
2334	150	-0.12625094346304877
2335	1	0.013612283857945329
2335	2	0.009625375528180768
2335	3	-0.03244496161029531
2335	4	-0.021359008609643126
2335	5	-6.862609256259589E-4
2335	6	0.01602681693953656
2335	7	-0.02716239862854053
2335	8	0.04902828841243689
2335	9	-0.00458048092509955
2335	10-14	0.012721610512024029
2335	15-19	0.039912983000085944
2335	20-24	-0.010642970242805916
2335	25-29	0.017670645908118843
2335	30-34	0.05016347914836672
2335	35-39	0.034074401374610375
2335	40-44	0.035457485542643497
2335	45-49	0.05212819781920075
2335	50-54	0.0352463712624953
2335	55-59	0.042890376772675154
2335	60-64	0.0738139691750348
2335	65-69	0.05962225455071035
2335	70-74	0.04846373407560378
2335	75-79	0.0173427449263599
2335	80-84	0.041124948710155707
2335	85-89	0.06184476939147743
2335	90-94	0.032585456461660556
2335	95-99	0.036169599098968774
2335	100-104	0.05956738954605356
2335	105-109	0.04736375826766448
2335	110-114	0.028508250778699562
2335	115-119	0.048779715169494864
2335	120-124	-0.005646042601263446
2335	125-129	-0.0016269002393727305
2335	130-134	-0.03256765372151449
2335	135-139	0.0073679075547943285
2335	140-144	0.03022445571566834
2335	145-149	-0.014282136249690325
2335	150	-0.019193241294345853
2336	1	-0.030580371164283804
2336	2	-0.05972776477558739
2336	3	-0.01885395998831285
2336	4	0.023073159672151178
2336	5	-0.012177361387941232
2336	6	-0.04212140135535947
2336	7	0.03523479466031887
2336	8	0.03997211459100214
2336	9	0.05300462883351997
2336	10-14	-0.00491457630401726
2336	15-19	0.003074234984580926
2336	20-24	0.01594741082653428
2336	25-29	0.027798510493219908
2336	30-34	0.012885042753453035
2336	35-39	0.011021535083116873
2336	40-44	0.01157091120683873
2336	45-49	-0.010043374304800068
2336	50-54	-0.026219302693625934
2336	55-59	-0.012942466353599968
2336	60-64	0.013165251989164517
2336	65-69	-0.0039816817642233104
2336	70-74	-0.05322509654999408
2336	75-79	-0.014578097357919262
2336	80-84	-0.06391708057513057
2336	85-89	-0.023567345817689045
2336	90-94	-0.017409242007587977
2336	95-99	-0.011319246845062025
2336	100-104	-0.04087011048650879
2336	105-109	-0.03604914578843932
2336	110-114	0.009810533380765207
2336	115-119	0.0052704430918097955
2336	120-124	-0.028529468322773255
2336	125-129	-0.03809920436539471
2336	130-134	-0.02477881929236503
2336	135-139	-0.03761116507590856
2336	140-144	-0.06182038246910082
2336	145-149	-0.09887315246064787
2336	150	-0.15739496466959224
2337	1	-0.028664686446525423
2337	2	0.043933941706193025
2337	3	0.023813652598448698
2337	4	0.06187199836526247
2337	5	0.07186521549754588
2337	6	-0.022307978198917056
2337	7	0.08705261202175762
2337	8	0.04553561832096875
2337	9	0.031755817784329565
2337	10-14	-0.00961330992400633
2337	15-19	0.016978513635343973
2337	20-24	0.03410413747135266
2337	25-29	0.03256497828084548
2337	30-34	0.023117369638285368
2337	35-39	0.02662984555453818
2337	40-44	0.020815210138557916
2337	45-49	0.023675205295283774
2337	50-54	0.028212791510576096
2337	55-59	0.029574585100789363
2337	60-64	0.027137487531135207
2337	65-69	0.05574554737115989
2337	70-74	0.07237928350550504
2337	75-79	0.09270736088927123
2337	80-84	0.07104559357504314
2337	85-89	0.08032595387128083
2337	90-94	0.08313530401626679
2337	95-99	0.03490367586461929
2337	100-104	0.05777793124926234
2337	105-109	0.02981875555288127
2337	110-114	0.06235446888002372
2337	115-119	0.09946300464867619
2337	120-124	0.028638090548298578
2337	125-129	0.029586815669240707
2337	130-134	0.016395091130839035
2337	135-139	0.05687674103430851
2337	140-144	0.027398368759151026
2337	145-149	0.05640512098624839
2337	150	-0.03626190436914811
2338	1	-0.016985293542902014
2338	2	0.020671059984408657
2338	3	0.056534062137636454
2338	4	-0.012768295984500355
2338	5	0.06563915885403304
2338	6	-0.03917991096675877
2338	7	0.0167363637268636
2338	8	0.03789595636327192
2338	9	0.03217719472658587
2338	10-14	0.01668092485546424
2338	15-19	0.0012568027273687221
2338	20-24	-0.0017062128529445886
2338	25-29	0.0437598334317002
2338	30-34	0.014215458350875565
2338	35-39	0.0031998764424443493
2338	40-44	-0.005113151861472431
2338	45-49	0.010900493660848554
2338	50-54	0.032270396678420354
2338	55-59	0.008589647529902322
2338	60-64	0.07890139101033355
2338	65-69	0.05664490295841773
2338	70-74	0.015521540361206121
2338	75-79	0.007701089232448055
2338	80-84	0.01770588405728546
2338	85-89	0.04324632473525014
2338	90-94	0.05959484921663005
2338	95-99	0.0056682953579780815
2338	100-104	0.06801003481522372
2338	105-109	0.053898363783389414
2338	110-114	0.039089000099799875
2338	115-119	0.08140813287793236
2338	120-124	0.02169061044774878
2338	125-129	-0.007846482647337893
2338	130-134	0.003467586257244193
2338	135-139	0.060431672908435985
2338	140-144	0.04360346761613698
2338	145-149	0.05337677309744038
2338	150	-0.04471452984148527
2339	1	0.038179229724889296
2339	2	0.059203465217812834
2339	3	0.03722466292062876
2339	4	-0.04849188444153896
2339	5	0.02105455967437564
2339	6	-0.013667064842650234
2339	7	-0.01468339048059164
2339	8	0.03973330365096217
2339	9	-0.02924668456161328
2339	10-14	0.005729198677798308
2339	15-19	0.010101754173348354
2339	20-24	0.03699174043246245
2339	25-29	0.022085361973879003
2339	30-34	0.05696629050159174
2339	35-39	0.04827826594864604
2339	40-44	0.06833632368250164
2339	45-49	0.0440104153880867
2339	50-54	0.025823051128966767
2339	55-59	0.07220256966965621
2339	60-64	0.06541712469097405
2339	65-69	0.08713122144060037
2339	70-74	0.037959514972499164
2339	75-79	0.04923066398591658
2339	80-84	0.024957594409151795
2339	85-89	0.04670015885512413
2339	90-94	0.010308695737677454
2339	95-99	0.049469414577998805
2339	100-104	0.02279930545425657
2339	105-109	0.011070971171690758
2339	110-114	0.01294929736506134
2339	115-119	0.06389789152179048
2339	120-124	0.021042427947946862
2339	125-129	-0.011316635482884863
2339	130-134	0.03022576572160318
2339	135-139	0.04497183018037987
2339	140-144	-0.0020777025577132235
2339	145-149	-0.021269261247098825
2339	150	-0.048679796142685916
2340	1	0.0035700616680571784
2340	2	0.08161588508357909
2340	3	0.10269345629559012
2340	4	0.05755265605300508
2340	5	0.03498643617101749
2340	6	0.04809019361312039
2340	7	0.06974754295513463
2340	8	0.05989379264166672
2340	9	0.07436976594908629
2340	10-14	0.05144471858066879
2340	15-19	0.07049589396429923
2340	20-24	0.0572912628051796
2340	25-29	0.046067803139600016
2340	30-34	0.0625385741099791
2340	35-39	0.0629185926342899
2340	40-44	0.042344475257174
2340	45-49	0.08663074970122864
2340	50-54	0.043161128737565946
2340	55-59	0.059581353263766346
2340	60-64	0.05964426876006712
2340	65-69	0.08636001294760831
2340	70-74	0.07386989953899104
2340	75-79	0.06150563304781542
2340	80-84	0.08074230670423788
2340	85-89	0.08154419707567939
2340	90-94	0.039400114272524434
2340	95-99	0.04389404364502525
2340	100-104	0.09202734458803263
2340	105-109	0.09486482609856495
2340	110-114	0.0892152171932068
2340	115-119	0.05443373691687725
2340	120-124	0.04989111531612167
2340	125-129	0.08678027537645505
2340	130-134	0.05366592740401899
2340	135-139	0.07795781787778822
2340	140-144	0.06834201792266725
2340	145-149	0.022435554200939123
2340	150	-0.07392477145706522
2341	1	-0.0360981676864327
2341	2	0.03148966799017927
2341	3	0.01614459224943232
2341	4	-0.03079930932744901
2341	5	0.01334922015947626
2341	6	-0.00419974508143639
2341	7	0.03837357973839772
2341	8	-0.0035753743255142467
2341	9	0.09059767795774576
2341	10-14	0.04329470054965867
2341	15-19	0.01762896284276394
2341	20-24	0.018344273984411075
2341	25-29	0.01303498669530967
2341	30-34	0.04825801154235876
2341	35-39	0.05599468351060466
2341	40-44	0.06311620262824391
2341	45-49	0.038812502315728636
2341	50-54	0.029241186436813393
2341	55-59	0.04501229448266031
2341	60-64	0.04038714650979358
2341	65-69	0.08513390404029053
2341	70-74	0.029946351035569307
2341	75-79	0.03438698898001746
2341	80-84	0.016551899203328446
2341	85-89	0.026585668406362117
2341	90-94	9.250518488812531E-5
2341	95-99	0.036537390201111464
2341	100-104	0.019903291216238017
2341	105-109	0.08188249649164447
2341	110-114	0.004830074748198854
2341	115-119	0.04303813648412813
2341	120-124	0.037485778136179704
2341	125-129	-0.0019323102708455053
2341	130-134	-0.021775832422882502
2341	135-139	-0.005561835926755521
2341	140-144	-8.970733142561471E-4
2341	145-149	-0.0030963606926732723
2341	150	-0.08943144293199623
2342	1	0.0791374906125597
2342	2	0.04671608898276958
2342	3	-0.04150598497783875
2342	4	-0.008591937539435435
2342	5	0.037548744933985745
2342	6	0.0057688480767978945
2342	7	0.06940962454299182
2342	8	0.03872444358995608
2342	9	0.04886240559028465
2342	10-14	0.04134560280485999
2342	15-19	0.04491502656556179
2342	20-24	0.023194407820973595
2342	25-29	0.04183174142604429
2342	30-34	0.059521132301092905
2342	35-39	0.06856780566275944
2342	40-44	0.047031468868809156
2342	45-49	0.054118901681540876
2342	50-54	0.02807939945118676
2342	55-59	0.04438687143229458
2342	60-64	0.0685425086095961
2342	65-69	0.04535858455734143
2342	70-74	0.007148678836777833
2342	75-79	0.06179091968873962
2342	80-84	0.02615958505976579
2342	85-89	0.053634223759495114
2342	90-94	-0.006854418922550565
2342	95-99	0.013405322291767163
2342	100-104	0.07239149277530998
2342	105-109	0.006944743933516406
2342	110-114	0.0016492317735341544
2342	115-119	7.747981007213411E-4
2342	120-124	0.02135039575605191
2342	125-129	-0.02173819114717901
2342	130-134	0.009437730447942272
2342	135-139	-0.011596171568726277
2342	140-144	-0.0062444299572632644
2342	145-149	-0.05072474750931377
2342	150	-0.05540240647699335
2343	1	-0.044963524717466896
2343	2	-0.043015758678954796
2343	3	0.00235393531733763
2343	4	-0.06752016652260551
2343	5	0.01486834282598437
2343	6	-0.028534562589562995
2343	7	-0.045236529432138184
2343	8	-0.020146149773985655
2343	9	0.0037476006763768055
2343	10-14	0.00954860803084756
2343	15-19	-0.026573890104856446
2343	20-24	-0.009877486850449202
2343	25-29	-0.019061862172939925
2343	30-34	0.04097037470707221
2343	35-39	0.029728419366833236
2343	40-44	0.022347023884108808
2343	45-49	0.031956591394418865
2343	50-54	0.048385004462765835
2343	55-59	0.06178696008635853
2343	60-64	0.06371306288610867
2343	65-69	0.04642086141580393
2343	70-74	0.022723709409859794
2343	75-79	0.04479768611043511
2343	80-84	0.044893361942854426
2343	85-89	0.024139143221574955
2343	90-94	-0.004469980958909048
2343	95-99	0.024544977588845995
2343	100-104	0.011433232490759337
2343	105-109	0.03448498145514378
2343	110-114	0.04291397732276181
2343	115-119	-0.0070855476501137105
2343	120-124	-0.02699970604941626
2343	125-129	-0.062169578038322015
2343	130-134	-0.02810710744402911
2343	135-139	0.018162198957057285
2343	140-144	-0.00851558773111094
2343	145-149	-0.004910403365990135
2343	150	-0.11644009912405551
2344	1	-0.0210157476867181
2344	2	-0.014006841378879642
2344	3	-0.014078668624001978
2344	4	0.004667762303768086
2344	5	-0.033808539190943065
2344	6	0.017933755277852015
2344	7	0.07897022554657696
2344	8	-0.07817954685245354
2344	9	0.008178264408229552
2344	10-14	0.007682039150594733
2344	15-19	0.02572336055449398
2344	20-24	0.01715333483401338
2344	25-29	0.001005770526944616
2344	30-34	-0.0025039054204114564
2344	35-39	-0.008308710090886962
2344	40-44	0.04132494308137069
2344	45-49	0.0404211148942224
2344	50-54	0.025807706352232174
2344	55-59	-0.0030152780857335415
2344	60-64	0.04353351111948456
2344	65-69	0.019296991804267805
2344	70-74	0.007043557833931402
2344	75-79	-0.005680833942342645
2344	80-84	-0.0017692776600952698
2344	85-89	0.020077127137817286
2344	90-94	-0.01934063518587692
2344	95-99	-0.0364871782838847
2344	100-104	-0.022921814597516743
2344	105-109	0.018467660285992338
2344	110-114	-0.058921388134585584
2344	115-119	-0.004607857247442837
2344	120-124	-0.026194589734274132
2344	125-129	-0.05133513756761943
2344	130-134	-0.034946450487730374
2344	135-139	-0.02916286603590379
2344	140-144	-0.04586367865312013
2344	145-149	-0.037382952919735146
2344	150	-0.16310739439278166
2345	1	-0.008484404934883116
2345	2	0.012398802917417129
2345	3	0.0691246302850459
2345	4	0.0069271943963187255
2345	5	0.014494677319738969
2345	6	0.0683399183847655
2345	7	0.08348737878849022
2345	8	0.046428708849852285
2345	9	0.04451948741608902
2345	10-14	0.03198973806920691
2345	15-19	0.02933449041103131
2345	20-24	0.04051647466219066
2345	25-29	0.04464307386594868
2345	30-34	0.06492735324185617
2345	35-39	0.04870070664430415
2345	40-44	0.06454294228268509
2345	45-49	0.07901599227108846
2345	50-54	0.08161184257713927
2345	55-59	0.1084698327766489
2345	60-64	0.1363491915716324
2345	65-69	0.1052808234569298
2345	70-74	0.10710414825476278
2345	75-79	0.10623643484745315
2345	80-84	0.06113544389492631
2345	85-89	0.08741532365168325
2345	90-94	0.11202396407684745
2345	95-99	0.07129759677626879
2345	100-104	0.09429877266860132
2345	105-109	0.10419190237352893
2345	110-114	0.10213710397894005
2345	115-119	0.13871424758250583
2345	120-124	0.08426019113947092
2345	125-129	0.1169402445295944
2345	130-134	0.1082303294599356
2345	135-139	0.13694747538839636
2345	140-144	0.0928041605799379
2345	145-149	0.08839253454855367
2345	150	0.032695773833104624
2346	1	-0.012575264539592013
2346	2	0.011303508249056904
2346	3	0.05723254540190936
2346	4	-0.028195547887222006
2346	5	0.023350875173647978
2346	6	0.07148064285546951
2346	7	0.027356092986593694
2346	8	0.04781212320004613
2346	9	0.05571876543068299
2346	10-14	0.019649858016435928
2346	15-19	0.0390072473021732
2346	20-24	0.07428102223182265
2346	25-29	0.043653936271205396
2346	30-34	0.05111901587936529
2346	35-39	0.07137213327293779
2346	40-44	0.0306710646331112
2346	45-49	0.0542514824576088
2346	50-54	0.07972828764946627
2346	55-59	0.033997419869606915
2346	60-64	0.07301711311070136
2346	65-69	0.12924138405132624
2346	70-74	0.11372562240848794
2346	75-79	0.10248472070030346
2346	80-84	0.092951627936678
2346	85-89	0.08138343180873164
2346	90-94	0.0938164130684811
2346	95-99	0.10526844683563752
2346	100-104	0.08406429236723056
2346	105-109	0.10863070498332661
2346	110-114	0.07018470457614256
2346	115-119	0.09452577918788307
2346	120-124	0.034728678874039076
2346	125-129	0.035408239601501634
2346	130-134	0.08282081278619557
2346	135-139	0.024525081671015414
2346	140-144	0.058850758989862584
2346	145-149	0.021517097191299683
2346	150	0.007360303184469785
2347	1	-0.006330847033680698
2347	2	0.05821967472171963
2347	3	0.03440690627014931
2347	4	0.00147140890062758
2347	5	-0.009551243361862305
2347	6	0.02705109701288677
2347	7	0.05379060181100925
2347	8	-0.004753082995101465
2347	9	0.017687528516624695
2347	10-14	0.012485163184294379
2347	15-19	0.04644819213064011
2347	20-24	0.029930017276150522
2347	25-29	0.03937216723205239
2347	30-34	0.03237827066958232
2347	35-39	0.053797190053082034
2347	40-44	0.053094573894348684
2347	45-49	0.06444889073409854
2347	50-54	0.05627589674102751
2347	55-59	0.05702112553601779
2347	60-64	0.08030848209537567
2347	65-69	0.03735550953319233
2347	70-74	0.04400576536136924
2347	75-79	0.06109114484313949
2347	80-84	0.01394162701299706
2347	85-89	0.06435745404303361
2347	90-94	0.030126386003772154
2347	95-99	0.04814095897808102
2347	100-104	0.026655404942317773
2347	105-109	0.02010433648233345
2347	110-114	0.011833167652575582
2347	115-119	0.012326247805461321
2347	120-124	-0.01421528012478035
2347	125-129	0.03351135737884192
2347	130-134	-0.010437323130631171
2347	135-139	0.02026493023987541
2347	140-144	-0.010502882804324543
2347	145-149	0.011003063104382704
2347	150	-0.05274147894770209
2348	1	0.05297503822774274
2348	2	0.01778609784953744
2348	3	0.07925313894975972
2348	4	0.06728940325819366
2348	5	0.038953259106463634
2348	6	0.02068305333183673
2348	7	0.1252830640514162
2348	8	0.06061503317538808
2348	9	0.11331675476986192
2348	10-14	0.0745965397130135
2348	15-19	0.11102961195924621
2348	20-24	0.07654838505545314
2348	25-29	0.08544753628059709
2348	30-34	0.11720860656579646
2348	35-39	0.0951580444914839
2348	40-44	0.11829110345767191
2348	45-49	0.13026580199116466
2348	50-54	0.11398694914867491
2348	55-59	0.09795134965756347
2348	60-64	0.08560892797391517
2348	65-69	0.11607512293677757
2348	70-74	0.12702532687400492
2348	75-79	0.12418143542790716
2348	80-84	0.10923130778609647
2348	85-89	0.09791635719107461
2348	90-94	0.13207952285528535
2348	95-99	0.1365013281744254
2348	100-104	0.12945972828800478
2348	105-109	0.12320957907368069
2348	110-114	0.13335513785675346
2348	115-119	0.13564542101352828
2348	120-124	0.0729708123950985
2348	125-129	0.13431002654847646
2348	130-134	0.12117404136002108
2348	135-139	0.14092211647136565
2348	140-144	0.10851511565076066
2348	145-149	0.10732556501954349
2348	150	0.12081017264679872
2349	1	0.012938736964116515
2349	2	-0.026261344011473398
2349	3	0.0852433442235423
2349	4	0.0026136585302793947
2349	5	0.03183223443505767
2349	6	0.05722741044172608
2349	7	0.04773303852954314
2349	8	0.07111465859963317
2349	9	0.019618432154146603
2349	10-14	0.03970917945664354
2349	15-19	0.04578721559214216
2349	20-24	0.07081174478786068
2349	25-29	0.06395703918350648
2349	30-34	0.0659368367399722
2349	35-39	0.09031710469820098
2349	40-44	0.052726338587383736
2349	45-49	0.08406857440736104
2349	50-54	0.08888462796863905
2349	55-59	0.09552421903858033
2349	60-64	0.08147270437078191
2349	65-69	0.14204827963742872
2349	70-74	0.12344381920937053
2349	75-79	0.08387824771338614
2349	80-84	0.09300475537532549
2349	85-89	0.1130034881329749
2349	90-94	0.05657171794633342
2349	95-99	0.029033834819948368
2349	100-104	0.06865451036047432
2349	105-109	0.10367553026504339
2349	110-114	0.07914655815348937
2349	115-119	0.07383868929139936
2349	120-124	0.0800260534456001
2349	125-129	0.05645771273837852
2349	130-134	0.08412621469359038
2349	135-139	0.06385414683929724
2349	140-144	0.0337589853513407
2349	145-149	0.011639889409529758
2349	150	0.041348800881813474
2350	1	0.008060906800807288
2350	2	9.734352176593575E-5
2350	3	0.054244453681427274
2350	4	0.0346622515902979
2350	5	0.05075914765234302
2350	6	0.01467641422025423
2350	7	0.014429582876985592
2350	8	0.0716146117912615
2350	9	0.07292081221019941
2350	10-14	0.043032015764794096
2350	15-19	0.01850821581722073
2350	20-24	0.05672637031096883
2350	25-29	0.0449825606984291
2350	30-34	0.03855693007785277
2350	35-39	0.08041229498915925
2350	40-44	0.07778845428571657
2350	45-49	0.10144156936599558
2350	50-54	0.07146012388835032
2350	55-59	0.10219044749925388
2350	60-64	0.0887030234445021
2350	65-69	0.07520405987315115
2350	70-74	0.08235380174088647
2350	75-79	0.1151607770383336
2350	80-84	0.06983202453538695
2350	85-89	0.09908769937215567
2350	90-94	0.10624407929896762
2350	95-99	0.08016406764675565
2350	100-104	0.06974161973469961
2350	105-109	0.11680712949777927
2350	110-114	0.11672060998528622
2350	115-119	0.08741411151283529
2350	120-124	0.07950765576569552
2350	125-129	0.130417361934569
2350	130-134	0.11563541602334482
2350	135-139	0.09641647666099828
2350	140-144	0.09205595754716711
2350	145-149	0.06596635685183827
2350	150	-0.020590619132647703
2351	1	-0.041109617605251
2351	2	0.06262920376560288
2351	3	0.0030181116071688052
2351	4	0.030588577395491257
2351	5	0.061933527332783456
2351	6	0.10537001850740069
2351	7	0.06427354779497563
2351	8	0.09675277555661665
2351	9	0.06938549602346455
2351	10-14	0.07712536073297827
2351	15-19	0.03809606627990547
2351	20-24	0.04308717863678879
2351	25-29	0.0616625877149275
2351	30-34	0.09173013641390781
2351	35-39	0.08760992463631112
2351	40-44	0.0945657012648411
2351	45-49	0.07520884291793095
2351	50-54	0.06852301613293577
2351	55-59	0.07958276357259564
2351	60-64	0.08119105582485986
2351	65-69	0.11054036107755394
2351	70-74	0.12298819650717974
2351	75-79	0.0831861567729959
2351	80-84	0.06986850667146882
2351	85-89	0.056250079387837104
2351	90-94	0.06383990653139904
2351	95-99	0.08076227607807596
2351	100-104	0.11250726145053846
2351	105-109	0.1379413295283456
2351	110-114	0.1064988084579781
2351	115-119	0.11630451227402716
2351	120-124	0.11162583816651761
2351	125-129	0.10372062215573408
2351	130-134	0.08181598287685432
2351	135-139	0.12620295756457267
2351	140-144	0.14364495177412095
2351	145-149	0.07818550602925001
2351	150	0.03288282532329845
2352	1	0.0482119837939905
2352	2	0.03540764725312329
2352	3	0.06295328870604777
2352	4	0.01648919657513659
2352	5	0.02351972041292072
2352	6	0.049003490652594905
2352	7	0.11860435547281156
2352	8	0.07659209045295512
2352	9	0.06790302298188067
2352	10-14	0.03315732904800228
2352	15-19	0.0355182233535416
2352	20-24	0.06504296599598547
2352	25-29	0.028537251621536086
2352	30-34	0.044403714871997124
2352	35-39	0.06829248497460583
2352	40-44	0.0941447295893525
2352	45-49	0.06369230109041979
2352	50-54	0.09299508016014357
2352	55-59	0.0970874802910231
2352	60-64	0.09321500269332006
2352	65-69	0.10367628939801676
2352	70-74	0.10642306581015504
2352	75-79	0.1178896271356038
2352	80-84	0.10785014676403648
2352	85-89	0.07614537853509518
2352	90-94	0.10851794578335472
2352	95-99	0.11522409533836253
2352	100-104	0.09755976650021836
2352	105-109	0.08190028195934929
2352	110-114	0.08110114173425131
2352	115-119	0.06566568450124777
2352	120-124	0.09147919300039575
2352	125-129	0.047867981490455236
2352	130-134	0.07490597003074129
2352	135-139	0.06566792696508372
2352	140-144	0.07096792277492625
2352	145-149	0.04547386688565069
2352	150	-0.01115268864208474
2353	1	-0.10123944116077155
2353	2	-8.746803132311243E-4
2353	3	0.03489383705656479
2353	4	-0.007717539333903289
2353	5	0.030609978569373197
2353	6	-0.01358148894956912
2353	7	0.06865759110091574
2353	8	0.03528682560254737
2353	9	0.04979349141923706
2353	10-14	0.028426500135729782
2353	15-19	0.016204442577048894
2353	20-24	0.0100183123142088
2353	25-29	0.02358605498520916
2353	30-34	0.031835151948683915
2353	35-39	0.03455686850698925
2353	40-44	0.012163213589083455
2353	45-49	0.011928966881022518
2353	50-54	-0.006803695239561591
2353	55-59	-0.025224564091537616
2353	60-64	-0.02500054969909371
2353	65-69	0.04115787736414944
2353	70-74	-0.035289514211349626
2353	75-79	-0.05119508108462867
2353	80-84	-0.04310952430454762
2353	85-89	-0.06031262216797728
2353	90-94	-0.05420418867016252
2353	95-99	-0.09209780485247165
2353	100-104	-0.05609974700784193
2353	105-109	-0.09849486623811288
2353	110-114	-0.06022860311077949
2353	115-119	-0.04894586944199375
2353	120-124	-0.08181133799164542
2353	125-129	-0.07777854253798466
2353	130-134	-0.08736773077732352
2353	135-139	-0.11510037906501225
2353	140-144	-0.09951780276755073
2353	145-149	-0.055490694039676214
2353	150	-0.09630027939635966
2354	1	-0.10067351435802152
2354	2	-0.0518357517868111
2354	3	0.08851216507942894
2354	4	-0.008037013593849451
2354	5	0.027133478837015446
2354	6	0.028769815779298824
2354	7	0.04280708772508035
2354	8	0.03481743425741968
2354	9	0.05700758854545995
2354	10-14	0.024976327637638462
2354	15-19	0.02498470432779243
2354	20-24	0.024361286247149394
2354	25-29	0.03369930116887332
2354	30-34	0.04762442479680118
2354	35-39	0.05642914601425275
2354	40-44	0.02893828301662893
2354	45-49	0.06431925243059311
2354	50-54	0.06333409561938197
2354	55-59	0.05653568811167986
2354	60-64	0.06839004706775142
2354	65-69	0.09774218511606847
2354	70-74	0.08076922542294085
2354	75-79	0.08337722249502377
2354	80-84	0.06864915023541585
2354	85-89	0.06213300663957
2354	90-94	0.06803957535503713
2354	95-99	0.09257965645596045
2354	100-104	0.05890086071362077
2354	105-109	0.08597128401651588
2354	110-114	0.12581077948227914
2354	115-119	0.12124121532343679
2354	120-124	0.08113125847781077
2354	125-129	0.07744855687121088
2354	130-134	0.12200710920096469
2354	135-139	0.08868566614845008
2354	140-144	0.08114987261139817
2354	145-149	0.0682861114970379
2354	150	-0.028245873901703078
2355	1	-0.07263386965745866
2355	2	0.015117547729666114
2355	3	0.032814229211965085
2355	4	0.023530269432342266
2355	5	0.004422589877215444
2355	6	0.021070376370346366
2355	7	0.005621168966342793
2355	8	0.059772766646787545
2355	9	0.05622084857709808
2355	10-14	0.051724433434927164
2355	15-19	0.007653431748224193
2355	20-24	0.042340407529351864
2355	25-29	0.049823528044449006
2355	30-34	0.043856916516162414
2355	35-39	0.06737383716161105
2355	40-44	0.059624463183794774
2355	45-49	0.051372742141154504
2355	50-54	0.06424849349749451
2355	55-59	0.045256777620288346
2355	60-64	0.027507881630462805
2355	65-69	0.028952879973054735
2355	70-74	0.05386126032883709
2355	75-79	0.05521550955945287
2355	80-84	0.026797500270440366
2355	85-89	0.040494066076007584
2355	90-94	0.07398882549646402
2355	95-99	0.054002583769296564
2355	100-104	0.04749696563518313
2355	105-109	0.08131824434228463
2355	110-114	0.0051811431280839315
2355	115-119	0.041195020847247577
2355	120-124	0.07443981024473345
2355	125-129	0.02789548275769249
2355	130-134	0.056243276266492614
2355	135-139	0.03340929166819251
2355	140-144	0.04111043840124751
2355	145-149	0.038977097569329544
2355	150	-0.07271909481978867
2356	1	-0.017570430535648995
2356	2	-0.02956927573404755
2356	3	0.004151177983196419
2356	4	-0.011375128774602672
2356	5	0.02341215587091483
2356	6	-0.008765572418127476
2356	7	0.02133445815552193
2356	8	0.026126991177022774
2356	9	0.017386419759652938
2356	10-14	0.029829000434595798
2356	15-19	0.04254019959034139
2356	20-24	0.0328472968427036
2356	25-29	0.08842129041740066
2356	30-34	0.05665798115582277
2356	35-39	0.07657251068791737
2356	40-44	0.06917064553284291
2356	45-49	0.07818349560708526
2356	50-54	0.07844180474734941
2356	55-59	0.08010548312954313
2356	60-64	0.04629818011675013
2356	65-69	0.063235128410696
2356	70-74	0.08801457503250276
2356	75-79	0.07215892801509938
2356	80-84	0.03892550842910225
2356	85-89	0.03511178408504634
2356	90-94	0.030174851209473275
2356	95-99	0.05677827317485651
2356	100-104	0.04742030196037206
2356	105-109	0.10028828162270997
2356	110-114	0.10220501490695
2356	115-119	0.10646564710910411
2356	120-124	0.08719476887767996
2356	125-129	0.08697652964736591
2356	130-134	0.13723064690388753
2356	135-139	0.0934072068087346
2356	140-144	0.08359155382109407
2356	145-149	0.11037317494463394
2356	150	0.03374943211230175
2357	1	0.04629088753760158
2357	2	0.04314612035800991
2357	3	0.06532828356634468
2357	4	0.05485268785702857
2357	5	0.033298497494151036
2357	6	-0.040476244202153566
2357	7	0.050607483087581784
2357	8	0.09051251679271388
2357	9	0.024705902687387038
2357	10-14	0.04934415957012561
2357	15-19	0.04427879401287527
2357	20-24	0.06647095814820148
2357	25-29	0.049122653121891346
2357	30-34	0.046219095342188155
2357	35-39	0.08258135209008799
2357	40-44	0.05661329883263022
2357	45-49	0.07220401309847091
2357	50-54	0.07457657147346453
2357	55-59	0.06605426760285837
2357	60-64	0.050250467825733836
2357	65-69	0.06080655909963184
2357	70-74	0.08448014043398899
2357	75-79	0.06663086916237404
2357	80-84	0.07296084848164952
2357	85-89	0.08966469730610527
2357	90-94	0.11627671696102482
2357	95-99	0.08381928617936296
2357	100-104	0.08328754701359742
2357	105-109	0.09763694455102723
2357	110-114	0.08030356653827653
2357	115-119	0.0595635061690345
2357	120-124	0.079562151678509
2357	125-129	0.10617785938443802
2357	130-134	0.1146263433521355
2357	135-139	0.047225830794602075
2357	140-144	0.09436614508896923
2357	145-149	0.09701385612820701
2357	150	-0.01103187633139413
2358	1	0.011073747322754457
2358	2	-0.05108226104458424
2358	3	0.06347212816765335
2358	4	-0.026741215057164425
2358	5	1.1632119014848286E-4
2358	6	0.007693763464843073
2358	7	0.07418963346005114
2358	8	-0.013498866621560524
2358	9	0.055612653022940606
2358	10-14	0.04170623787674543
2358	15-19	0.04015483334148229
2358	20-24	0.0664204974996423
2358	25-29	0.044055631351973545
2358	30-34	0.04031693263901559
2358	35-39	0.04144855419001914
2358	40-44	0.0704816023612338
2358	45-49	0.04249810447934266
2358	50-54	0.04445111444670857
2358	55-59	0.06453669071949975
2358	60-64	0.02300341108792736
2358	65-69	0.023802167276798514
2358	70-74	0.05644369339815114
2358	75-79	0.026314663210420974
2358	80-84	0.052992879218457745
2358	85-89	0.038124860317552134
2358	90-94	0.05012750347371764
2358	95-99	0.024297365764027745
2358	100-104	-0.007324615802048129
2358	105-109	0.050642931957028736
2358	110-114	-0.01285949187448665
2358	115-119	0.02692466165703422
2358	120-124	0.09240398982736053
2358	125-129	0.05595903560443105
2358	130-134	0.08165565458545387
2358	135-139	0.007097773999255708
2358	140-144	2.1717239447127668E-4
2358	145-149	-0.01297785504213067
2358	150	-0.058780033505598794
2359	1	0.010991707739577805
2359	2	0.04589789091593843
2359	3	0.035535539753389855
2359	4	0.0456856239682466
2359	5	0.015830198779170246
2359	6	0.07273044518265692
2359	7	0.007845330476001777
2359	8	0.02282409288122267
2359	9	0.07968071897010276
2359	10-14	0.052089916695209126
2359	15-19	0.07382535551683134
2359	20-24	0.06668703381744479
2359	25-29	0.023004432584833978
2359	30-34	0.01256141165204383
2359	35-39	0.0488243875446841
2359	40-44	0.06670997101599596
2359	45-49	0.06494162840390771
2359	50-54	0.08824822290752365
2359	55-59	0.07440808378063934
2359	60-64	0.0686481248238664
2359	65-69	0.05959292466042143
2359	70-74	0.08035670189518385
2359	75-79	0.08699810305892441
2359	80-84	0.1008477551527136
2359	85-89	0.11165736078643818
2359	90-94	0.10222878516414369
2359	95-99	0.07655330921528503
2359	100-104	0.06806332459026976
2359	105-109	0.05641928361193038
2359	110-114	0.0715006771956368
2359	115-119	0.036752555273587006
2359	120-124	0.03775225313380304
2359	125-129	0.0775348128767206
2359	130-134	0.12463212980092919
2359	135-139	0.06449543621405951
2359	140-144	0.021568171760584676
2359	145-149	0.03573263307228558
2359	150	0.006213254284773484
2360	1	0.04049433265983993
2360	2	0.011107234498872742
2360	3	0.06632689561271121
2360	4	0.07152903926750298
2360	5	0.015712921493388876
2360	6	0.08120112365153886
2360	7	0.02313853919111608
2360	8	0.08732930443183307
2360	9	0.06102208749049254
2360	10-14	0.054106294487951345
2360	15-19	0.047816287700413795
2360	20-24	0.03918883469658141
2360	25-29	0.05534832071998608
2360	30-34	0.04642915255578117
2360	35-39	0.060522618709022424
2360	40-44	0.07637018943273688
2360	45-49	0.046847444981310105
2360	50-54	0.060888632610243576
2360	55-59	0.04207259897856375
2360	60-64	0.05800341042472468
2360	65-69	0.08363561253708696
2360	70-74	0.09224016257243761
2360	75-79	0.09590068910222982
2360	80-84	0.0914008521140488
2360	85-89	0.05889553677241821
2360	90-94	0.08284465713428801
2360	95-99	0.04119679319231295
2360	100-104	0.06529183410479789
2360	105-109	0.11000857868902614
2360	110-114	0.06171200783045094
2360	115-119	0.06922497350944923
2360	120-124	0.07329992189815471
2360	125-129	0.06255928181278847
2360	130-134	0.10784811439155817
2360	135-139	0.07537586608479074
2360	140-144	0.08582452856214928
2360	145-149	0.057611719926811134
2360	150	0.07866370512623178
2361	1	-0.04303176196474823
2361	2	0.020733604443428533
2361	3	0.04656099188160567
2361	4	0.021493532274483584
2361	5	-0.058305881720038144
2361	6	0.05495900027671752
2361	7	0.05729235493843987
2361	8	0.07190813458753098
2361	9	0.06298245199741359
2361	10-14	0.039932817122235065
2361	15-19	0.04458132309778762
2361	20-24	0.0424622882532546
2361	25-29	0.05111968007373946
2361	30-34	0.06040789287282422
2361	35-39	0.06112069014321264
2361	40-44	0.07192507507436119
2361	45-49	0.05876922524469563
2361	50-54	0.07239087261272914
2361	55-59	0.04720984814983353
2361	60-64	0.08074397188500626
2361	65-69	0.021127751987847887
2361	70-74	0.047391135428057396
2361	75-79	0.012578580603225475
2361	80-84	0.024407562425970752
2361	85-89	0.03610261274272375
2361	90-94	0.05387744118039706
2361	95-99	0.010807365073802089
2361	100-104	0.005474522031811091
2361	105-109	-0.009182183055756354
2361	110-114	0.02341469891867831
2361	115-119	0.04380104693379394
2361	120-124	0.032138464400894406
2361	125-129	-0.0010679036231380223
2361	130-134	0.05124817501699397
2361	135-139	-0.021992951452048715
2361	140-144	-0.04386994604064398
2361	145-149	-5.02322657460752E-4
2361	150	0.07299691298397448
2362	1	-0.061646312788163016
2362	2	-0.026234635093274505
2362	3	-0.03628731156381804
2362	4	-0.029289847490055365
2362	5	-0.061408994677705664
2362	6	-0.04108640279414999
2362	7	0.06575008336976396
2362	8	0.022841421486326396
2362	9	-0.03725909944324712
2362	10-14	-0.02939500903261205
2362	15-19	0.023282861461439097
2362	20-24	0.031864430964766655
2362	25-29	0.019598511723323497
2362	30-34	-0.01778948864805585
2362	35-39	0.021132301439557466
2362	40-44	0.058462108446725836
2362	45-49	0.04966362322021922
2362	50-54	0.03904961159425824
2362	55-59	0.02887208070444558
2362	60-64	0.026910090769263206
2362	65-69	0.005987497525794083
2362	70-74	0.021080393201700076
2362	75-79	0.004687531891633512
2362	80-84	0.02365125727039441
2362	85-89	0.01464679554250381
2362	90-94	0.01580888354449428
2362	95-99	0.02808601774807329
2362	100-104	-0.001373120839751607
2362	105-109	0.013043544831887743
2362	110-114	-0.054729698241445135
2362	115-119	0.004120393527465183
2362	120-124	-0.01949301126479952
2362	125-129	0.0983804000486046
2362	130-134	-0.00812313092966832
2362	135-139	-0.06766573668080156
2362	140-144	-0.04816375603619605
2362	145-149	-0.059846470791086404
2362	150	0.11558455733723605
2363	1	-0.05179556056197754
2363	2	0.06437677875031511
2363	3	0.03861171639585592
2363	4	0.0013897259684370056
2363	5	-0.009274983980489537
2363	6	0.023311638012465608
2363	7	0.07384281489938616
2363	8	0.016025788248633432
2363	9	0.042411600502859415
2363	10-14	0.04501992560546597
2363	15-19	0.058586393383670554
2363	20-24	0.04347806202116544
2363	25-29	0.04037323041604424
2363	30-34	0.0684457709374584
2363	35-39	0.05942321790480776
2363	40-44	0.056423215410546845
2363	45-49	0.06275948397875197
2363	50-54	0.058864573162161093
2363	55-59	0.07888464948396745
2363	60-64	0.06464003723066725
2363	65-69	0.04031743320738457
2363	70-74	0.07103759238787433
2363	75-79	0.03872112142148154
2363	80-84	0.022803604861721283
2363	85-89	0.05635127304136489
2363	90-94	0.09175606040097506
2363	95-99	0.05104983771693128
2363	100-104	0.06621448164963795
2363	105-109	0.04255229495424118
2363	110-114	0.03795154313249327
2363	115-119	0.0596293496609519
2363	120-124	0.035930126594521994
2363	125-129	0.04598112212482164
2363	130-134	0.0686748101670247
2363	135-139	0.00497756792148607
2363	140-144	0.016980139584312326
2363	145-149	-0.008858008005013573
2363	150	0.06081967032528013
2364	1	0.02360640679115278
2364	2	-0.038781283454262905
2364	3	0.0739335476754448
2364	4	0.00858103981037317
2364	5	0.017552218897535
2364	6	0.06912969611311581
2364	7	0.0025082133143286
2364	8	0.043175245717883115
2364	9	0.027857746376639625
2364	10-14	0.03963903464693175
2364	15-19	0.06087816520879841
2364	20-24	0.053776424260895794
2364	25-29	0.03240930561744193
2364	30-34	0.0502053216644498
2364	35-39	0.052334876012231746
2364	40-44	0.05789273307070886
2364	45-49	0.03248456356363505
2364	50-54	0.04109975435297741
2364	55-59	0.03031056047127123
2364	60-64	0.07431452140199468
2364	65-69	0.037903579748757465
2364	70-74	0.05590897877053891
2364	75-79	0.039640930720743484
2364	80-84	0.048726120929025285
2364	85-89	0.04805224019204957
2364	90-94	0.049882401120086683
2364	95-99	0.035356367018586354
2364	100-104	0.03299771913835059
2364	105-109	0.006131860130885514
2364	110-114	-0.016892410951008685
2364	115-119	0.040484331619218494
2364	120-124	-0.005668914589868734
2364	125-129	0.019858459331331346
2364	130-134	0.02923865208705223
2364	135-139	0.002433946985220814
2364	140-144	-0.051022137051909056
2364	145-149	-0.031382528438179236
2364	150	0.0546600433431621
2365	1	-0.03946618004142266
2365	2	-0.017396467068543586
2365	3	0.010723798056758937
2365	4	0.056331658299072274
2365	5	0.007233863804778196
2365	6	0.039280717930950004
2365	7	0.023289007649246685
2365	8	0.031011681790786838
2365	9	0.02719282963914793
2365	10-14	0.042209815319814936
2365	15-19	0.021575895863477967
2365	20-24	0.008225867578644852
2365	25-29	7.399157159824199E-4
2365	30-34	0.020984976303722647
2365	35-39	0.013689231078764408
2365	40-44	0.012829373812998313
2365	45-49	0.030183343370552507
2365	50-54	0.046723734720536925
2365	55-59	0.03746103420364477
2365	60-64	0.02793563725685999
2365	65-69	0.003386288436267648
2365	70-74	-0.0016206209553786266
2365	75-79	0.013240668214727691
2365	80-84	-0.0235052796790427
2365	85-89	0.05526555191697469
2365	90-94	0.0356881358223049
2365	95-99	-0.001588472677482855
2365	100-104	-0.01757095903732875
2365	105-109	0.013594726933604306
2365	110-114	-0.02376678883940997
2365	115-119	0.011909350144669872
2365	120-124	0.015584076445662731
2365	125-129	0.03125669351185678
2365	130-134	0.008062301839714792
2365	135-139	-0.056559960318367075
2365	140-144	-0.0809090363187508
2365	145-149	-0.08303314880030399
2365	150	-0.014866714763805078
2366	1	0.058315337055240946
2366	2	0.04946077288519746
2366	3	0.009205348642318256
2366	4	-9.599640319208902E-4
2366	5	0.04170657859977922
2366	6	0.06058078012462431
2366	7	0.054847363294769025
2366	8	0.0882030683797197
2366	9	0.01583141512080033
2366	10-14	0.07919358392636866
2366	15-19	0.0543521916612022
2366	20-24	0.04758905717365991
2366	25-29	0.039862275578137485
2366	30-34	0.05440565792657992
2366	35-39	3.055060740564386E-5
2366	40-44	0.041114857612114974
2366	45-49	0.067728867653301
2366	50-54	0.08578662621484767
2366	55-59	0.05241398972280109
2366	60-64	-0.002641595900122695
2366	65-69	0.023939828608924074
2366	70-74	0.07049992588701315
2366	75-79	0.04605910393666335
2366	80-84	0.06940830411166843
2366	85-89	0.08522332950778377
2366	90-94	0.11180432085919989
2366	95-99	0.06716297864566201
2366	100-104	0.05070390069697339
2366	105-109	0.0513181680088195
2366	110-114	0.05550409676877166
2366	115-119	0.004921289020010988
2366	120-124	0.06368783594587057
2366	125-129	0.07173683525404329
2366	130-134	0.04855255294047822
2366	135-139	0.008346384590907974
2366	140-144	0.005467698958916856
2366	145-149	0.03321554010101124
2366	150	0.05386735532533038
2367	1	0.022122262946332683
2367	2	0.06923975755395873
2367	3	0.0866141547885988
2367	4	0.1016621187905642
2367	5	0.017409598070329935
2367	6	0.034453964659128644
2367	7	0.07109896559847328
2367	8	0.10254093329874792
2367	9	0.037596550633431036
2367	10-14	0.06791613632026383
2367	15-19	0.051269269059233125
2367	20-24	0.044160125600434696
2367	25-29	0.06978426533980553
2367	30-34	0.06062784513472508
2367	35-39	0.05525927833313915
2367	40-44	0.04705341777913219
2367	45-49	0.08528307188485229
2367	50-54	0.08715019200326424
2367	55-59	0.08004935545836389
2367	60-64	0.05385693432987182
2367	65-69	0.10761276005740683
2367	70-74	0.08961462375120988
2367	75-79	0.11315937163011824
2367	80-84	0.12570093852053077
2367	85-89	0.11306662625689512
2367	90-94	0.1139915355834944
2367	95-99	0.07450400960192383
2367	100-104	0.0806715181595834
2367	105-109	0.10470201350488395
2367	110-114	0.07910923004925507
2367	115-119	0.0721083084314742
2367	120-124	0.11647006543351779
2367	125-129	0.09631718021915248
2367	130-134	0.12222194906278361
2367	135-139	0.028366677428842024
2367	140-144	0.03348552330539434
2367	145-149	0.06441731137493178
2367	150	0.06293807662049744
2368	1	0.06550094352371616
2368	2	0.004246315399818457
2368	3	0.07501398959040273
2368	4	0.0634328170142453
2368	5	0.030317703306515398
2368	6	0.03252762011926791
2368	7	0.07303910084905141
2368	8	0.12459881218582325
2368	9	0.07424790477234922
2368	10-14	0.06078241941160911
2368	15-19	0.07672285642230037
2368	20-24	0.06567290850053809
2368	25-29	0.03865093747436532
2368	30-34	0.05732780064154497
2368	35-39	0.052591138721787445
2368	40-44	0.0550475298714872
2368	45-49	0.07421363130141145
2368	50-54	0.049783898387424586
2368	55-59	0.06687458142642555
2368	60-64	0.048293180962950544
2368	65-69	0.06328723831489924
2368	70-74	0.10592714738594822
2368	75-79	0.10764279701039214
2368	80-84	0.07520487213931659
2368	85-89	0.08601447777304116
2368	90-94	0.08904515604425711
2368	95-99	0.09676337803092139
2368	100-104	0.0798706407800509
2368	105-109	0.08466991744025165
2368	110-114	0.12879875760128812
2368	115-119	0.08825563386830027
2368	120-124	0.10251139837103551
2368	125-129	0.06913206025086538
2368	130-134	0.06907254993856071
2368	135-139	0.08383625475806866
2368	140-144	0.028522173933708928
2368	145-149	0.05355226364091692
2368	150	0.09748453280704439
2369	1	0.06849994367365042
2369	2	-0.02493693373691741
2369	3	-0.004766293179955028
2369	4	0.01967535057516301
2369	5	0.013641801297907818
2369	6	0.06146613215523189
2369	7	0.018045923656089258
2369	8	0.03563707018570739
2369	9	0.05653520270327306
2369	10-14	0.05819459959273132
2369	15-19	0.03800192679923242
2369	20-24	0.05358350400570089
2369	25-29	0.0666290602295021
2369	30-34	0.03573752329202762
2369	35-39	0.022715792218505726
2369	40-44	0.0766466338049625
2369	45-49	0.04785204174752522
2369	50-54	0.05939960742905015
2369	55-59	0.07407473140069953
2369	60-64	0.06670099593237211
2369	65-69	0.04036960839763992
2369	70-74	0.08620369254450821
2369	75-79	0.06080257494027563
2369	80-84	0.09989142972432319
2369	85-89	0.09825754507049567
2369	90-94	0.12851976204633075
2369	95-99	0.1270936171633963
2369	100-104	0.10270267095195607
2369	105-109	0.10546507746964551
2369	110-114	0.11789430259010913
2369	115-119	0.12818313939995818
2369	120-124	0.16246757476992002
2369	125-129	0.13367835798099037
2369	130-134	0.15030070309170185
2369	135-139	0.14272840069670423
2369	140-144	0.08687980679660967
2369	145-149	0.15540299251679812
2369	150	0.1495682375547105
2370	1	0.022891459940716175
2370	2	0.04697324939047576
2370	3	0.07499444709328884
2370	4	0.06122034577428792
2370	5	-0.0242691813328193
2370	6	0.02050559702785648
2370	7	0.07164754477120994
2370	8	0.051244095017871416
2370	9	0.03334324349593487
2370	10-14	0.043211213066285836
2370	15-19	0.027943480792060882
2370	20-24	0.017495337554755963
2370	25-29	0.052085361973887245
2370	30-34	0.026966290501590606
2370	35-39	0.06777466882635252
2370	40-44	0.052508985553004095
2370	45-49	0.05552120675498884
2370	50-54	0.06603887846710421
2370	55-59	0.09299393657612853
2370	60-64	0.09412216066220225
2370	65-69	0.11648373942621504
2370	70-74	0.10033361569192323
2370	75-79	0.11815152729527512
2370	80-84	0.11474176707102401
2370	85-89	0.1593620293587179
2370	90-94	0.1426827964571089
2370	95-99	0.1149370404772796
2370	100-104	0.12193599610173322
2370	105-109	0.1448119783659365
2370	110-114	0.11359677937944923
2370	115-119	0.12497702821244161
2370	120-124	0.012409334422770257
2370	125-129	0.11782005516460714
2370	130-134	0.16173655708850987
2370	135-139	0.11302938413722075
2370	140-144	0.13849783701063245
2370	145-149	0.11182426393275335
2370	150	0.19808279378536753
2371	1	-0.010568159040424518
2371	2	0.06994586333407682
2371	3	0.11097087956063945
2371	4	0.006339355562836602
2371	5	0.036591731674647576
2371	6	0.013826045665325637
2371	7	0.07424210923549168
2371	8	0.048644581580106205
2371	9	0.012436956215843509
2371	10-14	0.06240885422924691
2371	15-19	0.06828490786762842
2371	20-24	0.04812396137547381
2371	25-29	0.06783169322170579
2371	30-34	0.057190505047408635
2371	35-39	0.03624543602143149
2371	40-44	0.05283217956839792
2371	45-49	0.07663436112649435
2371	50-54	0.09255589512169848
2371	55-59	0.09038942207042311
2371	60-64	0.07153348287162942
2371	65-69	0.08045417061204319
2371	70-74	0.1212754834866061
2371	75-79	0.10641969914446747
2371	80-84	0.05155520118977108
2371	85-89	0.10386398029615407
2371	90-94	0.10045398718012422
2371	95-99	0.10050442726299735
2371	100-104	0.11881918469929786
2371	105-109	0.12210264981140284
2371	110-114	0.11583215255809165
2371	115-119	0.13114761672352415
2371	120-124	0.07032107599258097
2371	125-129	0.10372470146928237
2371	130-134	0.13018398596655345
2371	135-139	0.08832874493822374
2371	140-144	0.09706008207337646
2371	145-149	0.1039237747657964
2371	150	0.19094585308449297
2372	1	0.09042142735228254
2372	2	0.09094903789105047
2372	3	0.10976749010898601
2372	4	0.0687079378972868
2372	5	0.04726732958766178
2372	6	0.06076031357049061
2372	7	0.08096003734713975
2372	8	0.07160540826447459
2372	9	0.0781797074188404
2372	10-14	0.07173192557022645
2372	15-19	0.05588999651558879
2372	20-24	0.057577144327574103
2372	25-29	0.0709306159932126
2372	30-34	0.05026381615659403
2372	35-39	0.018466669425443172
2372	40-44	0.02799442921531181
2372	45-49	0.07283222226418928
2372	50-54	0.0714660141454928
2372	55-59	0.08981059954152215
2372	60-64	0.05717431764443148
2372	65-69	0.06507355386325031
2372	70-74	0.05438465196269959
2372	75-79	0.07539049706704759
2372	80-84	0.07713962480780623
2372	85-89	0.06659888165721384
2372	90-94	0.09298621488531467
2372	95-99	0.01999361833057378
2372	100-104	0.054384983071528836
2372	105-109	0.06073961242523751
2372	110-114	0.046765707266565926
2372	115-119	0.05311256716103685
2372	120-124	0.10590631573219156
2372	125-129	0.05693603589043761
2372	130-134	0.07213954840687364
2372	135-139	0.04837553937383632
2372	140-144	0.011846853418468584
2372	145-149	0.06724675149905579
2372	150	0.06320749230365408
2373	1	-0.0027973013711530825
2373	2	0.07957822558144301
2373	3	0.07168334239538154
2373	4	0.07401435125758127
2373	5	0.017135345475537633
2373	6	0.07899387803628599
2373	7	-0.02473884182152375
2373	8	0.08185055540829467
2373	9	0.03149108625324715
2373	10-14	0.048983924410109125
2373	15-19	0.042240753575555345
2373	20-24	0.0884608917589631
2373	25-29	0.05559745201531996
2373	30-34	0.028618802303043367
2373	35-39	0.040788933632271096
2373	40-44	0.050218474122608825
2373	45-49	0.05174505289298281
2373	50-54	0.05846008190549412
2373	55-59	0.047744096333708796
2373	60-64	0.04251994673133197
2373	65-69	0.06395596222104416
2373	70-74	0.056126013292470134
2373	75-79	0.07428889820084095
2373	80-84	0.07895411066320435
2373	85-89	0.02924875608049149
2373	90-94	0.10317371604234893
2373	95-99	0.06607430831343919
2373	100-104	0.0712933583494717
2373	105-109	0.053174720836707934
2373	110-114	0.010666000793143837
2373	115-119	0.06794666396515225
2373	120-124	0.053442708296735475
2373	125-129	0.0907979364698761
2373	130-134	0.07920269878832897
2373	135-139	0.1030540177254764
2373	140-144	0.03717287978443551
2373	145-149	0.0633336123279733
2373	150	0.15384025085695896
2374	1	0.09567715458731385
2374	2	0.08349606157000267
2374	3	0.020257074158813282
2374	4	0.009401326438045032
2374	5	0.042936999384622254
2374	6	0.00819393938059676
2374	7	0.04762292458327977
2374	8	0.07058424687754439
2374	9	-0.0239730986847988
2374	10-14	0.05500589107139575
2374	15-19	0.0371839348334575
2374	20-24	0.05728134754409098
2374	25-29	0.051765002431054086
2374	30-34	-0.04961311396975532
2374	35-39	0.016718440090812692
2374	40-44	0.03655790797999714
2374	45-49	0.09673019428331742
2374	50-54	0.09735929143575817
2374	55-59	0.07583165625729293
2374	60-64	0.06064787868586308
2374	65-69	0.1079503306886096
2374	70-74	0.11292006455492754
2374	75-79	0.12520812870857867
2374	80-84	0.13883834273569562
2374	85-89	0.1220405009628891
2374	90-94	0.11137603965279652
2374	95-99	0.11307694840241567
2374	100-104	0.12008511672554079
2374	105-109	0.13879250269489063
2374	110-114	0.09757502333744128
2374	115-119	0.1606940224489648
2374	120-124	0.14524091664838323
2374	125-129	0.17437660380361564
2374	130-134	0.167643499710465
2374	135-139	0.10908380812202978
2374	140-144	0.08541373302050914
2374	145-149	0.1661539456320682
2374	150	0.15704979877221348
2375	1	0.0804763375973252
2375	2	0.06202808231496704
2375	3	0.11860311316902283
2375	4	0.019931256701710254
2375	5	0.04184881252424333
2375	6	0.024910783480414977
2375	7	0.07160786304953604
2375	8	0.055346257414029765
2375	9	0.08020168797244764
2375	10-14	0.07964295019807821
2375	15-19	0.06344419197096585
2375	20-24	0.06081046195953377
2375	25-29	0.0709269649092974
2375	30-34	0.04702854442338378
2375	35-39	0.03885483621106545
2375	40-44	0.06454512168707538
2375	45-49	0.06822069759212468
2375	50-54	0.0644056406447504
2375	55-59	0.0685893685400174
2375	60-64	0.060714789138209824
2375	65-69	0.05450037482849268
2375	70-74	0.07747271816353418
2375	75-79	0.04355823917504864
2375	80-84	0.10617474103570146
2375	85-89	0.07666995951889533
2375	90-94	0.10303044956670249
2375	95-99	0.06636084126473207
2375	100-104	0.08347100877927005
2375	105-109	0.05747271510605856
2375	110-114	0.08129637328598704
2375	115-119	0.13793233731758647
2375	120-124	0.08596419826807988
2375	125-129	0.07905008546700287
2375	130-134	0.11437461855909703
2375	135-139	0.0712488601323571
2375	140-144	0.05350525800793804
2375	145-149	0.0944224375428604
2375	150	0.04352506461054162
2376	1	0.0880456519966657
2376	2	0.09216458098777736
2376	3	0.0519642966917786
2376	4	0.008607336939206789
2376	5	0.08455395863950343
2376	6	0.0702261093224621
2376	7	0.04172444607946346
2376	8	0.07773636204870371
2376	9	0.0409680783087083
2376	10-14	0.05519675707424909
2376	15-19	0.04949220356050432
2376	20-24	0.03373428721062055
2376	25-29	0.07978138631644782
2376	30-34	0.06317691492879618
2376	35-39	-0.0013490664690607446
2376	40-44	0.09590354742065443
2376	45-49	0.013246672719283481
2376	50-54	0.0935812819315558
2376	55-59	0.11605534598342615
2376	60-64	0.10765699861644151
2376	65-69	0.10650292580933751
2376	70-74	0.10979616330089925
2376	75-79	0.030420868805101975
2376	80-84	0.09772240673829913
2376	85-89	0.11293734305219516
2376	90-94	-1.1905247046657834
2376	95-99	0.12293724298578468
2376	100-104	0.09277529002206819
2376	105-109	0.11256312137069813
2376	110-114	0.127594271389448
2376	115-119	0.14335363692186576
2376	120-124	-0.7858670585371996
2376	125-129	0.13677866813709016
2376	130-134	0.1454701908960061
2376	135-139	0.16672422977640622
2376	140-144	0.14567014319312221
2376	145-149	0.14718674118299901
2376	150	0.2748218356085701
2377	1	0.07145714690170024
2377	2	0.06736912771864212
2377	3	-0.024908518634262578
2377	4	0.017472000531185472
2377	5	-0.06076737302792168
2377	6	0.014497267132831837
2377	7	0.021378751772729743
2377	8	-0.006213096337212676
2377	9	0.024367640492442888
2377	10-14	0.031157164170160456
2377	15-19	0.0549497853318357
2377	20-24	0.04203428364429129
2377	25-29	0.01759082048770466
2377	30-34	0.03156403505953875
2377	35-39	-0.960707121119988
2377	40-44	0.040378518807401065
2377	45-49	0.013585305821337101
2377	50-54	0.0524315554706547
2377	55-59	0.05674749640339627
2377	60-64	0.04237843328280633
2377	65-69	0.06135442983447348
2377	70-74	-0.3396670294112738
2377	75-79	-1.1330605140934793
2377	80-84	0.07653984439471628
2377	85-89	0.10298531865927885
2377	90-94	0.0881127106987023
2377	95-99	0.04142254514285071
2377	100-104	0.03355578302952722
2377	105-109	0.05452309309082182
2377	110-114	0.07049985396815117
2377	115-119	0.07954388845485738
2377	120-124	0.09009486543005352
2377	125-129	0.08839529906065025
2377	130-134	0.15514131768129857
2377	135-139	0.10199512243767117
2377	140-144	0.117782834195026
2377	145-149	0.13613899634260918
2377	150	0.03981814826286012
2378	1	0.0851597686181691
2378	2	0.09284989927700593
2378	3	0.01046419461966508
2378	4	0.057083172938831694
2378	5	0.025314529714428602
2378	6	0.053488540431843035
2378	7	0.03292431424034703
2378	8	0.07878152887775514
2378	9	-0.024714439044359438
2378	10-14	0.05365669046453547
2378	15-19	0.05575595467354333
2378	20-24	0.020288813229974778
2378	25-29	0.022529232078873918
2378	30-34	0.05330950547384816
2378	35-39	0.03155116505563882
2378	40-44	0.026008705883974415
2378	45-49	0.01385296494093069
2378	50-54	0.08001564343581435
2378	55-59	0.050002956705874624
2378	60-64	0.03368176231062847
2378	65-69	0.008112956160061913
2378	70-74	-0.8141043781489259
2378	75-79	-0.045745644511519856
2378	80-84	0.01658314651439241
2378	85-89	0.04689451275537948
2378	90-94	0.032193857849279084
2378	95-99	0.03883536953520661
2378	100-104	0.052245817949355455
2378	105-109	0.07959611888193763
2378	110-114	0.051192911588962886
2378	115-119	0.11909369198597375
2378	120-124	0.07287673530099426
2378	125-129	0.07388199381743732
2378	130-134	0.05725028015830702
2378	135-139	0.08183497237440207
2378	140-144	0.05261945124739498
2378	145-149	0.07339253210642482
2378	150	0.05731155019043399
2379	1	0.07858019410721084
2379	2	-0.02214245123506231
2379	3	0.04559430418882471
2379	4	0.06734845175532911
2379	5	0.0015544876279420805
2379	6	-0.03749192814011337
2379	7	0.016644402952636028
2379	8	0.08049643132763862
2379	9	0.014600847365350944
2379	10-14	0.048721175527873584
2379	15-19	0.0779848517836399
2379	20-24	0.08302998891688418
2379	25-29	0.07711243509135812
2379	30-34	0.04144588502130375
2379	35-39	0.032912871706130886
2379	40-44	0.00905610466134732
2379	45-49	0.06223100224710976
2379	50-54	0.0811452175131464
2379	55-59	0.040261921073522444
2379	60-64	0.051511079178425234
2379	65-69	0.0666672721375221
2379	70-74	0.06148386295230068
2379	75-79	-0.723867570208057
2379	80-84	0.020640676273217196
2379	85-89	0.060426756763249045
2379	90-94	0.024849596570597043
2379	95-99	0.03168878630341254
2379	100-104	0.0011546859856750302
2379	105-109	0.04406049695763414
2379	110-114	0.027569181882796556
2379	115-119	0.06646359118175837
2379	120-124	-0.01009107780165408
2379	125-129	0.05691439439484469
2379	130-134	0.08533005478673772
2379	135-139	0.028538485012617798
2379	140-144	0.03850444745632586
2379	145-149	0.03574693211660929
2379	150	0.08382086861561788
2380	1	-0.052908269137269315
2380	2	0.06065033688625476
2380	3	0.016080480261180696
2380	4	0.017442835078576024
2380	5	0.009194778787957603
2380	6	0.0047708290626857774
2380	7	0.005870503097661128
2380	8	0.07952428021991409
2380	9	0.04187828978873398
2380	10-14	0.03345860683045743
2380	15-19	0.057491105827345734
2380	20-24	0.01838465912345555
2380	25-29	0.055628099304506406
2380	30-34	0.02304552747658306
2380	35-39	0.008826975597699516
2380	40-44	0.04103232172001725
2380	45-49	0.03511392888866993
2380	50-54	0.06525826512805111
2380	55-59	0.041242308498361524
2380	60-64	0.06893135041098475
2380	65-69	0.03559207274669518
2380	70-74	0.05158067466066285
2380	75-79	0.05889105490972213
2380	80-84	0.06478583046925479
2380	85-89	0.0692913366098864
2380	90-94	0.07049195380632511
2380	95-99	0.03631811018723852
2380	100-104	0.06690056487133234
2380	105-109	0.08194020501473176
2380	110-114	0.11589344515640931
2380	115-119	0.0717604464274686
2380	120-124	0.0891309311963866
2380	125-129	0.0592569446836535
2380	130-134	0.1180053314749614
2380	135-139	0.053878391399351244
2380	140-144	0.08574665172682927
2380	145-149	0.06999410549891394
2380	150	0.18425203981681193
2381	1	0.05973848277575655
2381	2	0.033396803203821435
2381	3	0.04451707015530815
2381	4	0.023513503088871346
2381	5	0.09009974057408243
2381	6	0.028099014587553484
2381	7	0.06972831859276596
2381	8	0.0851607513573498
2381	9	0.02892657737280757
2381	10-14	0.05323110648972573
2381	15-19	0.04994847697643223
2381	20-24	0.04538122105104492
2381	25-29	0.0325619562197943
2381	30-34	0.07093695259386124
2381	35-39	0.062097542349832224
2381	40-44	0.043049630099922354
2381	45-49	0.06148427673418411
2381	50-54	0.09283851581977842
2381	55-59	0.07647822077161948
2381	60-64	0.07503334467962475
2381	65-69	0.025951704492058525
2381	70-74	0.06738775841582623
2381	75-79	0.05499499540382402
2381	80-84	0.09276475212814006
2381	85-89	0.09963147110359216
2381	90-94	0.079656517570875
2381	95-99	0.08618686926338626
2381	100-104	0.09063561845280788
2381	105-109	0.06865460508051768
2381	110-114	0.0578824098052948
2381	115-119	0.1318324975993903
2381	120-124	0.09615921212713374
2381	125-129	0.07924735937744742
2381	130-134	0.0892849698542193
2381	135-139	0.09321833904763821
2381	140-144	0.088048571762819
2381	145-149	0.06960252726950245
2381	150	0.08261940746812968
2382	1	0.0737308315159595
2382	2	-0.006681974312826355
2382	3	-0.026987714485414926
2382	4	0.03281418341056508
2382	5	-0.032416805372854185
2382	6	0.05214581249367711
2382	7	0.030708781065733604
2382	8	0.04432615485456637
2382	9	0.011058386528674191
2382	10-14	0.06010234911653356
2382	15-19	0.04102998215807929
2382	20-24	0.010125600896138565
2382	25-29	0.02484303523226572
2382	30-34	0.00546841055716385
2382	35-39	0.07202015111963078
2382	40-44	0.017944177959023477
2382	45-49	0.017842990390541047
2382	50-54	0.04626859849581422
2382	55-59	0.044081956325442206
2382	60-64	0.05559499244701982
2382	65-69	0.03011303699318546
2382	70-74	0.07175722913426341
2382	75-79	0.10905883877559575
2382	80-84	0.039881907650588744
2382	85-89	0.03558667778068525
2382	90-94	0.022921606127241034
2382	95-99	-0.001470846852484442
2382	100-104	0.06457880934574689
2382	105-109	0.10496071795287776
2382	110-114	0.07390138565853022
2382	115-119	0.1414112031983663
2382	120-124	0.10267587782838916
2382	125-129	0.0603818363211559
2382	130-134	0.032010330890720695
2382	135-139	0.05641574037885988
2382	140-144	0.09684326404301657
2382	145-149	0.04391581108268383
2382	150	0.07146305583560064
2383	1	0.08449600297536364
2383	2	0.07884569245285178
2383	3	0.0749352218120336
2383	4	0.096640578432023
2383	5	-0.02257820192889426
2383	6	0.08096823108200368
2383	7	0.043658522925539955
2383	8	0.11755558355094564
2383	9	0.07848000182945469
2383	10-14	0.06010593394600505
2383	15-19	0.04644819213064011
2383	20-24	0.058661698115663796
2383	25-29	0.053412333687631985
2383	30-34	0.027746463179077807
2383	35-39	-0.009745418957230356
2383	40-44	0.008079194846040139
2383	45-49	0.040710877345283336
2383	50-54	0.025228312156258426
2383	55-59	0.07106129199159739
2383	60-64	0.04983987344691343
2383	65-69	0.09641105503708758
2383	70-74	0.07020442647951342
2383	75-79	0.06514397639732294
2383	80-84	0.06221374570306892
2383	85-89	0.04575785208899674
2383	90-94	0.019704819150149433
2383	95-99	0.047634355033807196
2383	100-104	0.08375690666114366
2383	105-109	0.11122067445953832
2383	110-114	0.09947565001191094
2383	115-119	0.11820647215863289
2383	120-124	0.08117100538272837
2383	125-129	0.1578464397019843
2383	130-134	0.11418724716066464
2383	135-139	0.10732843666288261
2383	140-144	0.11491777939940562
2383	145-149	0.08091440741413436
2383	150	-0.008594563803860922
2384	1	0.10205837164296128
2384	2	0.0736638315296716
2384	3	0.06351175313945845
2384	4	0.024334976685366883
2384	5	0.040564619201688856
2384	6	0.0859542735090173
2384	7	0.10691992632100522
2384	8	0.03347346138853169
2384	9	0.1511364203985579
2384	10-14	0.06823607600972537
2384	15-19	0.0654958693988803
2384	20-24	0.060149432262647906
2384	25-29	0.0746994015324347
2384	30-34	0.030451611236834708
2384	35-39	0.036150834378922525
2384	40-44	0.040918475944344834
2384	45-49	0.054402014915005736
2384	50-54	0.035557497903980106
2384	55-59	0.06910603872002241
2384	60-64	0.047562002793945624
2384	65-69	0.07330428843659575
2384	70-74	0.06784072172371935
2384	75-79	0.09416947043394686
2384	80-84	0.05973650697392685
2384	85-89	0.08901074635242878
2384	90-94	0.08961005029436109
2384	95-99	0.040149894717046664
2384	100-104	0.08982705655037648
2384	105-109	0.054330859174100965
2384	110-114	0.07260147752828061
2384	115-119	0.12801037265405313
2384	120-124	0.039453159852889996
2384	125-129	0.047612918421677364
2384	130-134	0.1215291589742975
2384	135-139	0.06698968183911092
2384	140-144	0.07140520049313892
2384	145-149	0.06678678982485309
2384	150	0.0787047267567047
2385	1	0.07381083255073406
2385	2	0.016307619732039313
2385	3	0.016772916209887967
2385	4	0.031472468400508546
2385	5	0.0244092813024821
2385	6	0.07283303237687733
2385	7	0.06565817410557884
2385	8	0.015410275586930311
2385	9	0.11889447818386145
2385	10-14	0.05663502536780385
2385	15-19	0.035469308778317554
2385	20-24	-0.0010595914749913504
2385	25-29	0.049447861163720574
2385	30-34	0.04972097324188951
2385	35-39	0.061868388445248
2385	40-44	0.06194368644094794
2385	45-49	0.06679193071635581
2385	50-54	0.08434518477340447
2385	55-59	0.04895453026334451
2385	60-64	0.053070115811593155
2385	65-69	0.05550739617648759
2385	70-74	0.08145488084196728
2385	75-79	0.06443748231503577
2385	80-84	0.07423713294050316
2385	85-89	0.07333143761589156
2385	90-94	0.03749801455288804
2385	95-99	0.05224405972674617
2385	100-104	0.021802999796072697
2385	105-109	0.042885735576383865
2385	110-114	0.042459051723739094
2385	115-119	0.028633000731723257
2385	120-124	0.03341756567560594
2385	125-129	0.019772871290079763
2385	130-134	0.08509309348101368
2385	135-139	0.06254458278910846
2385	140-144	0.07458481607603318
2385	145-149	0.06053085541633152
2385	150	-0.023610122152149415
2386	1	0.06106907419412266
2386	2	0.17476822561724248
2386	3	0.01492963083991583
2386	4	0.08430317524513953
2386	5	0.009371455684608065
2386	6	-0.02457636702788335
2386	7	0.0816308271083912
2386	8	0.047027443352590126
2386	9	0.006164907635266559
2386	10-14	0.06222258544260484
2386	15-19	0.0430703976415856
2386	20-24	0.04538278736646362
2386	25-29	0.055459261105518465
2386	30-34	0.06169759451780976
2386	35-39	0.039795618548815526
2386	40-44	0.02545220584737251
2386	45-49	0.07645716475283137
2386	50-54	0.04432908014477732
2386	55-59	0.04431294990018131
2386	60-64	0.03390210896841239
2386	65-69	0.06718165690875821
2386	70-74	0.0945690265779291
2386	75-79	0.08200761929121114
2386	80-84	0.054974337751950486
2386	85-89	0.07572113554155635
2386	90-94	0.05991906633821742
2386	95-99	0.07815816944596321
2386	100-104	0.074096259680978
2386	105-109	0.10250424753827758
2386	110-114	0.09254767541792575
2386	115-119	0.1520572023740172
2386	120-124	0.06697984328427964
2386	125-129	0.059447048412053505
2386	130-134	0.10572660866674255
2386	135-139	0.07870844609914229
2386	140-144	0.14553768077367835
2386	145-149	0.08696565144740731
2386	150	0.13145802827563102
2387	1	0.06631327494367412
2387	2	0.07395687619443692
2387	3	0.04672190440684432
2387	4	0.07704997101792799
2387	5	-0.007470836186961094
2387	6	0.015303174719853985
2387	7	0.03933710206214869
2387	8	0.07550275238021698
2387	9	0.05781244242150052
2387	10-14	0.06143763228414656
2387	15-19	0.047336429873269026
2387	20-24	0.04231952200797906
2387	25-29	0.07729711062512479
2387	30-34	0.014818182072048103
2387	35-39	0.03504321922800102
2387	40-44	0.03699178010154469
2387	45-49	0.04787096241496158
2387	50-54	0.05788628221136349
2387	55-59	0.06897959382919794
2387	60-64	0.04740302590288792
2387	65-69	0.06168168915544925
2387	70-74	0.041655618492377755
2387	75-79	0.06692441431945895
2387	80-84	0.07010865829843027
2387	85-89	0.06320374581247279
2387	90-94	0.05873198465864249
2387	95-99	0.09983453964502331
2387	100-104	0.08761047876922134
2387	105-109	0.14798481558186438
2387	110-114	0.10055311328794403
2387	115-119	0.11182891724166666
2387	120-124	0.1272104698478813
2387	125-129	0.12336775547133527
2387	130-134	0.08266670099881424
2387	135-139	0.06878081548948956
2387	140-144	0.10274300039952777
2387	145-149	0.05808351086231056
2387	150	0.16665149234118815
2388	1	0.009648208388107093
2388	2	-0.026189068478934985
2388	3	-0.03382462010193166
2388	4	-0.015939527582915503
2388	5	0.009279991887474637
2388	6	0.03899178139276671
2388	7	0.02665703796158425
2388	8	-0.009494755032385171
2388	9	0.03250567179505737
2388	10-14	0.030720834882188797
2388	15-19	0.013390476413768226
2388	20-24	0.03762293406467876
2388	25-29	0.04531746389046987
2388	30-34	0.03290543871206353
2388	35-39	0.05957154843412127
2388	40-44	0.04889607682191155
2388	45-49	0.06740354389940251
2388	50-54	0.026611004753505085
2388	55-59	0.0335980874783246
2388	60-64	0.04913560673423234
2388	65-69	0.052992303375681615
2388	70-74	0.06150607803602526
2388	75-79	0.0826647016851112
2388	80-84	0.04460962788441947
2388	85-89	0.01815624986927844
2388	90-94	0.04398348275265107
2388	95-99	0.04768194659320102
2388	100-104	0.07877354019519345
2388	105-109	0.05622453748661371
2388	110-114	0.036542692664518484
2388	115-119	0.08858278411007348
2388	120-124	0.05936811276901466
2388	125-129	0.06302158311022055
2388	130-134	0.054986541088752006
2388	135-139	0.037846792377024485
2388	140-144	0.07458168578718727
2388	145-149	0.07574134376967123
2388	150	-9.524149441375585E-5
2401	1	0.04436518012728641
2401	2	-0.008301962547726305
2401	3	-0.01940938913877943
2401	4	0.06113575381916547
2401	5	0.04829945469392527
2401	6	-0.008552656187553964
2401	7	0.01897360092664968
2401	8	-0.042129185971461425
2401	9	0.043343557769453867
2401	10-14	0.005343401745633969
2401	15-19	0.01275437979764149
2401	20-24	0.027443089582483537
2401	25-29	0.00619317874194536
2401	30-34	0.018998330686699205
2401	35-39	0.030914994570849785
2401	40-44	2.4708047931909505E-4
2401	45-49	0.015165658648875535
2401	50-54	0.01880189266440624
2401	55-59	-0.010472290805999762
2401	60-64	0.027304468110742164
2401	65-69	0.012172954344777054
2401	70-74	-0.009140002355756849
2401	75-79	-0.0405571490108656
2401	80-84	-0.022616214035899418
2401	85-89	-0.047077827856341514
2401	90-94	-0.016144753807019185
2401	95-99	-0.03168907617580885
2401	100-104	-0.0038797400970764784
2401	105-109	-0.03773594179811823
2401	110-114	-0.02817514709102653
2401	115-119	-0.08282088344003569
2401	120-124	-0.09561914923369841
2401	125-129	-0.07154076487975658
2401	130-134	-0.09913167588245386
2401	135-139	-0.18770200890633504
2401	140-144	-0.13384543871461574
2401	145-149	-0.15458956095927334
2401	150	-0.10636050996260593
2402	1	-0.056099077359178295
2402	2	0.02639770982213463
2402	3	0.022899042336014475
2402	4	-0.046365369437324944
2402	5	0.06981468670788615
2402	6	0.013733933277777055
2402	7	0.05592844437584432
2402	8	-0.06495008477343589
2402	9	0.016912496201882732
2402	10-14	0.004598989331768166
2402	15-19	0.004045885354891254
2402	20-24	0.015589057173663434
2402	25-29	0.00851092422679045
2402	30-34	0.009937189458106843
2402	35-39	0.00284136141821989
2402	40-44	6.103531076178115E-4
2402	45-49	0.008125264049695602
2402	50-54	-0.011582743154527009
2402	55-59	0.003404980713796135
2402	60-64	0.01898002572149693
2402	65-69	-0.01231242364332985
2402	70-74	0.006788214175294627
2402	75-79	-0.02060756272999953
2402	80-84	-0.05506016435680294
2402	85-89	-0.05416405787959633
2402	90-94	-0.05266414760926352
2402	95-99	-0.07409828261560136
2402	100-104	-0.07477357678050822
2402	105-109	-0.082303453612802
2402	110-114	-0.10636977710509399
2402	115-119	-0.12091654881782432
2402	120-124	-0.08052838027033715
2402	125-129	-0.10981271429550077
2402	130-134	-0.15822222183429346
2402	135-139	-0.21824821000368644
2402	140-144	-0.21990167041045083
2402	145-149	-0.2292709463854763
2402	150	-0.23784435638638257
2403	1	0.006474044817906588
2403	2	0.0055516252136698085
2403	3	-0.029337640791759156
2403	4	-0.04958979998848889
2403	5	-0.03433529585794304
2403	6	-0.049663865961605325
2403	7	0.002948984267675314
2403	8	-0.002300252222610766
2403	9	-0.03535078418020987
2403	10-14	0.006712757465336949
2403	15-19	0.02432226975008689
2403	20-24	-0.002070806109962575
2403	25-29	0.0032790496879755437
2403	30-34	0.02411196909822877
2403	35-39	0.039153619671076
2403	40-44	0.012901657913772624
2403	45-49	0.014526833936407968
2403	50-54	0.00652492707195762
2403	55-59	-0.016782724543219274
2403	60-64	-0.06557530548730028
2403	65-69	-0.07779337173813872
2403	70-74	-0.02304865059225847
2403	75-79	-0.021156568981986368
2403	80-84	-0.05519529138302204
2403	85-89	-0.04059024644440257
2403	90-94	-0.09150042042573858
2403	95-99	-0.06716431354301022
2403	100-104	-0.06522315146769131
2403	105-109	-0.04759942104739423
2403	110-114	-0.06397427268979783
2403	115-119	-0.08956026724372634
2403	120-124	-0.033045599559834216
2403	125-129	-0.09137543272950666
2403	130-134	-0.17253628026716683
2403	135-139	-0.1955386309376692
2403	140-144	-0.18361892862275653
2403	145-149	-0.19747172321991258
2403	150	-0.43075570157495946
2404	1	0.005921081155008778
2404	2	0.026339759804024254
2404	3	0.02901616271608276
2404	4	-0.025665335828925606
2404	5	0.023073951042846375
2404	6	-0.013470206755052061
2404	7	0.02523033590881596
2404	8	0.02861909469216073
2404	9	-0.027526814532251365
2404	10-14	-0.0015862875786041286
2404	15-19	0.011601523571890482
2404	20-24	-0.0032876130496219957
2404	25-29	-0.01871958045391864
2404	30-34	0.017342288146068086
2404	35-39	0.014344126769593402
2404	40-44	-0.021591369078173273
2404	45-49	-0.006047143780079978
2404	50-54	-0.03974887959157769
2404	55-59	-5.647521483709284E-4
2404	60-64	-0.03377853218447058
2404	65-69	-0.15771964324975585
2404	70-74	-0.010697264059182032
2404	75-79	-0.03274112185957989
2404	80-84	-0.05735579428589688
2404	85-89	-0.02133793077459245
2404	90-94	-0.04373282294885428
2404	95-99	-0.03246516235299168
2404	100-104	-0.017557827166349682
2404	105-109	-0.06889763054961406
2404	110-114	-0.07989374511511471
2404	115-119	-0.08421810752974324
2404	120-124	-0.10886129268293132
2404	125-129	-0.13470712844888055
2404	130-134	-0.13831607737038354
2404	135-139	-0.2041028977229118
2404	140-144	-0.18741408104637713
2404	145-149	-0.21193125682268033
2404	150	-0.3530768579933863
2405	1	0.07091350359080195
2405	2	-0.01868374725273725
2405	3	0.05113281152529936
2405	4	-0.01237968688491975
2405	5	0.04616922905913157
2405	6	0.052950678853662225
2405	7	0.04465911903732689
2405	8	0.04064302068787384
2405	9	0.006810334732335832
2405	10-14	0.0180878257794177
2405	15-19	0.03971594091292019
2405	20-24	0.04951719288762746
2405	25-29	0.05713206596160347
2405	30-34	0.09810638666189675
2405	35-39	0.0567029858103254
2405	40-44	0.049630918978266436
2405	45-49	0.07013578198113635
2405	50-54	0.05753805474386553
2405	55-59	0.03064331624866412
2405	60-64	0.020324460766104835
2405	65-69	0.04119517291533725
2405	70-74	0.052305665729001305
2405	75-79	-0.004069891615735344
2405	80-84	0.03733247210173829
2405	85-89	0.019289375784708795
2405	90-94	0.011732268576274407
2405	95-99	0.021267514812805643
2405	100-104	-0.002680488634695166
2405	105-109	0.008857506358694422
2405	110-114	0.008573977192860127
2405	115-119	-0.007001869723580967
2405	120-124	0.02787668377228414
2405	125-129	-0.008947315123684518
2405	130-134	-0.03570456744185435
2405	135-139	-0.018577659716981998
2405	140-144	-0.08786084540093242
2405	145-149	-0.04801110994277025
2405	150	-0.10556687297216172
2406	1	0.07534270938101884
2406	2	0.009014975746573839
2406	3	0.05832189355006534
2406	4	-0.024765386537836775
2406	5	-0.01570187201181028
2406	6	0.01520898379827429
2406	7	0.04531935381056229
2406	8	0.04881493777786261
2406	9	0.03300664108594731
2406	10-14	0.02198607746024095
2406	15-19	0.009656128560315835
2406	20-24	0.02424532212632613
2406	25-29	0.018960914278899565
2406	30-34	0.04402355689873616
2406	35-39	0.011363492602150416
2406	40-44	-0.0049436557287521055
2406	45-49	0.010242030935224022
2406	50-54	0.005567989618768365
2406	55-59	0.0113966540808903
2406	60-64	-0.03715264792678141
2406	65-69	0.017430716832429027
2406	70-74	0.03148646745687245
2406	75-79	-0.00973949151953235
2406	80-84	-0.04022188091914103
2406	85-89	-0.05519998046032981
2406	90-94	-0.034806137746876686
2406	95-99	-0.012218088130182991
2406	100-104	-0.0052840894833749985
2406	105-109	-0.02869673574326015
2406	110-114	-0.04346044762595369
2406	115-119	-0.059163463737853306
2406	120-124	-0.10516959677431004
2406	125-129	-0.09882370301738774
2406	130-134	-0.13486262277548633
2406	135-139	-0.16769780049580163
2406	140-144	-0.1307355734867386
2406	145-149	-0.1550301218778145
2406	150	-0.2093282366893945
2407	1	0.027454476194378685
2407	2	-0.019804178340542933
2407	3	-0.010022506663965203
2407	4	-0.014328626812350365
2407	5	0.05816735309976906
2407	6	0.012765906427397056
2407	7	0.07112952781222504
2407	8	0.026014605406942337
2407	9	-0.007432240691876757
2407	10-14	0.05110722305568771
2407	15-19	0.028480045004741328
2407	20-24	0.027434471215151746
2407	25-29	0.0016208969446012134
2407	30-34	0.03047757297888154
2407	35-39	0.0277646376356131
2407	40-44	0.010033580256319397
2407	45-49	-0.001531608509132809
2407	50-54	0.02641651100159237
2407	55-59	0.025321956513117527
2407	60-64	0.029728185646128225
2407	65-69	-0.02012070251043241
2407	70-74	0.0033328372297276587
2407	75-79	-0.023639928429034285
2407	80-84	-0.05593429338778577
2407	85-89	3.564233859805199E-4
2407	90-94	-0.07572548345491725
2407	95-99	-0.03712530964262584
2407	100-104	-0.005688962754710758
2407	105-109	-0.061054282873435284
2407	110-114	-0.02831949152539437
2407	115-119	-0.03413855513787212
2407	120-124	-0.06532894554149493
2407	125-129	-0.07873073035078448
2407	130-134	-0.07679836660651773
2407	135-139	-0.24893709496707572
2407	140-144	-0.15031294442957233
2407	145-149	-0.1466956652219551
2407	150	-0.1808310685887804
2408	1	0.026517919079580565
2408	2	0.012233321267366648
2408	3	0.018343212586088953
2408	4	-0.05589925542829377
2408	5	-0.02609022859560639
2408	6	0.017926053227142802
2408	7	0.005735506769021015
2408	8	0.06709844270429244
2408	9	0.015247430370607162
2408	10-14	0.023343481226618223
2408	15-19	0.010547621645578431
2408	20-24	0.013560045110750707
2408	25-29	0.02241188916110559
2408	30-34	0.030441043777159393
2408	35-39	0.019665875379971
2408	40-44	3.651740849548446E-4
2408	45-49	-0.0033901507636997508
2408	50-54	-0.006561814078914097
2408	55-59	-0.033285732963250325
2408	60-64	0.0025414066759879006
2408	65-69	0.0029396266573797902
2408	70-74	-0.047585455284206546
2408	75-79	-0.03913378933933842
2408	80-84	-0.0672748634736351
2408	85-89	-0.04879715133391471
2408	90-94	0.00854730550596372
2408	95-99	-0.06369720685421498
2408	100-104	-0.007017593350376217
2408	105-109	-0.06477827616636489
2408	110-114	-0.08011654957466874
2408	115-119	-0.06781653354832429
2408	120-124	-0.09540395349254993
2408	125-129	-0.07832021359359942
2408	130-134	-0.11927126650499531
2408	135-139	-0.1191324031087575
2408	140-144	-0.20908664324551296
2408	145-149	-0.14353430104686282
2408	150	-0.37069586289563006
2409	1	0.02806106545824605
2409	2	0.030014385512437514
2409	3	0.025554626994846785
2409	4	0.06448846219614524
2409	5	0.04624415353258371
2409	6	0.02685694258919824
2409	7	-0.00923278615625378
2409	8	-0.00568924298958251
2409	9	0.12934356289390792
2409	10-14	0.02287446892614753
2409	15-19	0.004460329035168797
2409	20-24	0.01894241811445596
2409	25-29	0.024492428199629046
2409	30-34	0.03754707546755043
2409	35-39	0.06071425976324463
2409	40-44	0.0022669571941023037
2409	45-49	0.0355987711247181
2409	50-54	0.04483692936044292
2409	55-59	0.05756431384226346
2409	60-64	0.03580528411470851
2409	65-69	0.03096207554453656
2409	70-74	0.032158871242764064
2409	75-79	0.04061776004810014
2409	80-84	-0.018404121199402823
2409	85-89	0.03434622175574731
2409	90-94	0.034237836128660604
2409	95-99	0.0146703951038063
2409	100-104	0.00788754888225185
2409	105-109	-0.01433839705652673
2409	110-114	-0.018225515897491107
2409	115-119	0.008718632654925784
2409	120-124	-0.020261339000590795
2409	125-129	-0.06428201196349903
2409	130-134	-0.020801851816194983
2409	135-139	-0.13432709126718123
2409	140-144	-0.1079635969824011
2409	145-149	-0.09598822348932146
2409	150	-0.24294803071583004
2410	1	0.04245948119937992
2410	2	-6.293172048970064E-4
2410	3	0.006682826119799756
2410	4	-0.019338342410300413
2410	5	0.07522009211329106
2410	6	0.03715735670120068
2410	7	-0.034161645714242184
2410	8	0.05901387919053036
2410	9	-0.01515957587019301
2410	10-14	0.042508899241681775
2410	15-19	0.035397236706245394
2410	20-24	0.06567914726375079
2410	25-29	0.026745158461025653
2410	30-34	0.02564890116981644
2410	35-39	0.06201253258939943
2410	40-44	0.04659233508959204
2410	45-49	0.04286400278843416
2410	50-54	0.05284968927790601
2410	55-59	0.02942299873181753
2410	60-64	0.007664710406189101
2410	65-69	0.015867756536849242
2410	70-74	0.0447701961572875
2410	75-79	0.0257347796123355
2410	80-84	0.01434524104860202
2410	85-89	0.006664770949228682
2410	90-94	0.00232684338172362
2410	95-99	0.006838654321342119
2410	100-104	-0.029656459663385704
2410	105-109	-0.0165737238830701
2410	110-114	-0.02197338070870103
2410	115-119	-0.0496372695385503
2410	120-124	-0.06236621810817411
2410	125-129	-0.10210100258379384
2410	130-134	-0.10042042003249918
2410	135-139	-0.16368965144512515
2410	140-144	-0.15092869743747883
2410	145-149	-0.05255022566475276
2410	150	-0.15622273476476067
2411	1	0.0701481938027726
2411	2	-0.005310571119132135
2411	3	0.061736075884738284
2411	4	0.02712128049624596
2411	5	0.011420449107610864
2411	6	0.02814129195673587
2411	7	0.07708471111501325
2411	8	0.11196160687151036
2411	9	0.04631853597616242
2411	10-14	0.03210442111527101
2411	15-19	0.021836449765181953
2411	20-24	0.04836400996010326
2411	25-29	0.010893820865113923
2411	30-34	0.05979511348595423
2411	35-39	0.057116486552338586
2411	40-44	0.05002761085395235
2411	45-49	0.041785485075457984
2411	50-54	0.006696324129038089
2411	55-59	0.03810855729197726
2411	60-64	0.008655516912355665
2411	65-69	0.02105228505674006
2411	70-74	0.02556873063571885
2411	75-79	-0.042100122651163474
2411	80-84	-0.04109072734298991
2411	85-89	-0.036795892516465756
2411	90-94	-0.05013148813104351
2411	95-99	-0.03684987703380216
2411	100-104	-0.07042313976184289
2411	105-109	-0.04970868747969348
2411	110-114	-0.03606909596769725
2411	115-119	-0.060362194571354166
2411	120-124	-0.12776256757423
2411	125-129	-0.13253501770184073
2411	130-134	-0.10126328912757288
2411	135-139	-0.16330374802778636
2411	140-144	-0.13013121160964403
2411	145-149	-0.12782457887551857
2411	150	-0.16813294567623416
2412	1	0.08770699842391139
2412	2	0.04621455306149613
2412	3	0.06975410713325658
2412	4	0.10589455074502041
2412	5	0.085885438731232
2412	6	0.06453943801037809
2412	7	0.08797308014108296
2412	8	0.04129436042594392
2412	9	0.04966064028779016
2412	10-14	0.049242467789582633
2412	15-19	0.05701306046680088
2412	20-24	0.049063279825112716
2412	25-29	0.044301974749387796
2412	30-34	0.052259944606859676
2412	35-39	0.09204147983435718
2412	40-44	0.09638646249047156
2412	45-49	0.08808409664778338
2412	50-54	0.09553789085711628
2412	55-59	0.08378166050005831
2412	60-64	0.03574452805827377
2412	65-69	0.07587623979115676
2412	70-74	0.06466819650994182
2412	75-79	0.04695412285573752
2412	80-84	0.07189038396491298
2412	85-89	0.04200573662311058
2412	90-94	0.09224609069512013
2412	95-99	0.061647659771395524
2412	100-104	0.06364982561273536
2412	105-109	0.07545690254151793
2412	110-114	0.05628181253446485
2412	115-119	0.05650484600130312
2412	120-124	0.07001822019976345
2412	125-129	0.04219888142663564
2412	130-134	0.08676333042652828
2412	135-139	-0.028035154786493877
2412	140-144	-0.015977734982840275
2412	145-149	-0.01832287639053476
2412	150	0.046054802244327675
2413	1	0.04896475609361772
2413	2	-0.027558631509279508
2413	3	0.034705768781023494
2413	4	0.01805396962029704
2413	5	0.017491831650048084
2413	6	0.046467955411038986
2413	7	0.02050020357867055
2413	8	0.07417534410122784
2413	9	0.03705529460194157
2413	10-14	0.05301342650030705
2413	15-19	0.023427187638588975
2413	20-24	0.05364439846118785
2413	25-29	0.047949547407064586
2413	30-34	0.06411773045372371
2413	35-39	0.05575125995106589
2413	40-44	0.05513868118311649
2413	45-49	0.06645739303959886
2413	50-54	0.06985630585298708
2413	55-59	0.030126933407956358
2413	60-64	0.03991937459590389
2413	65-69	0.04966941531270663
2413	70-74	0.05152234682860524
2413	75-79	0.06525742403196944
2413	80-84	0.07330550096574484
2413	85-89	0.013690257196799394
2413	90-94	0.07550285468077078
2413	95-99	0.05508709038142712
2413	100-104	0.033017572839256104
2413	105-109	0.06124818606583915
2413	110-114	0.06481011864849506
2413	115-119	0.08302756054500549
2413	120-124	0.06323608200900566
2413	125-129	0.022341942255323488
2413	130-134	0.03017403153615561
2413	135-139	-0.014959809570058269
2413	140-144	0.010902788748325065
2413	145-149	0.012067217323973978
2413	150	0.025672066404801797
2414	1	-0.020330243107736123
2414	2	-3.5305608163582747E-4
2414	3	0.015264325261753697
2414	4	0.005821032138157989
2414	5	0.0712042398941577
2414	6	0.04646685001141293
2414	7	0.06415698648797274
2414	8	-0.015284192534103624
2414	9	-0.006936034253243406
2414	10-14	0.032793547559123226
2414	15-19	0.041896477702515256
2414	20-24	0.04990516964583236
2414	25-29	0.03907005427050336
2414	30-34	0.09260646677289941
2414	35-39	0.034035645267763925
2414	40-44	0.035547163408629956
2414	45-49	0.048465479558053914
2414	50-54	0.023487067329959643
2414	55-59	0.06262079266919329
2414	60-64	0.029825398396390312
2414	65-69	0.013946241581635377
2414	70-74	0.031893414527935704
2414	75-79	0.014074352199877183
2414	80-84	0.021348220239723048
2414	85-89	0.07305877425150697
2414	90-94	0.025322354300826078
2414	95-99	-0.004843216773039671
2414	100-104	0.009614507104423353
2414	105-109	0.03531121926876324
2414	110-114	0.026515174164437383
2414	115-119	0.08043922180231533
2414	120-124	-0.011952667415656038
2414	125-129	0.009501789251110893
2414	130-134	0.02897960172290226
2414	135-139	-0.028612301252984196
2414	140-144	-0.029984590959401203
2414	145-149	-0.025091623433041832
2414	150	-0.07105313193071794
2415	1	0.06819221230799144
2415	2	-0.001963566543473405
2415	3	0.020177727186357686
2415	4	0.10736584149236705
2415	5	0.03828987904462622
2415	6	0.05463980399435542
2415	7	0.05862910068385929
2415	8	0.06787632736071458
2415	9	0.09749542634673958
2415	10-14	0.052652858235823885
2415	15-19	0.04206622262022819
2415	20-24	0.06759200008411881
2415	25-29	0.06056029106252225
2415	30-34	0.09145791407672021
2415	35-39	0.0761947494195212
2415	40-44	0.054259727739136565
2415	45-49	0.08931213399156945
2415	50-54	0.05155176831746644
2415	55-59	0.08838165668668552
2415	60-64	0.039052662988297016
2415	65-69	0.07709229963051456
2415	70-74	0.06020921115930378
2415	75-79	0.10655123262565525
2415	80-84	0.06362928550409919
2415	85-89	0.08866602802025625
2415	90-94	0.06794903019807208
2415	95-99	0.09487396924686209
2415	100-104	0.06533971552748596
2415	105-109	0.03572998057855159
2415	110-114	0.05626512172017328
2415	115-119	0.049909035013698144
2415	120-124	0.024245351817612004
2415	125-129	-0.03982379406104286
2415	130-134	0.002071406569662315
2415	135-139	-0.03550637243870369
2415	140-144	-0.009707038785869315
2415	145-149	0.02841306104001262
2415	150	-0.14796270621268093
2416	1	-0.004533425978010541
2416	2	0.1256489306577251
2416	3	0.016086608632640775
2416	4	0.055141085471191786
2416	5	0.06980080413296008
2416	6	0.028263514405296064
2416	7	0.08104397770625127
2416	8	0.08435661747954981
2416	9	0.0539815131298198
2416	10-14	0.05478594459956554
2416	15-19	0.03998216238069574
2416	20-24	0.05364698270635415
2416	25-29	0.03843041506868161
2416	30-34	0.04968546513475758
2416	35-39	0.07385577681027655
2416	40-44	0.05551206545479204
2416	45-49	0.039524246320084444
2416	50-54	0.05140332050002172
2416	55-59	0.04868610774423843
2416	60-64	0.04542249857959746
2416	65-69	0.04366442569651241
2416	70-74	-0.005893302935952249
2416	75-79	0.04896177437704807
2416	80-84	0.030342738274534042
2416	85-89	0.03495683295155061
2416	90-94	0.06230946083368849
2416	95-99	0.03995915409403494
2416	100-104	0.04127978314481595
2416	105-109	0.005148204230600584
2416	110-114	0.024892745319661458
2416	115-119	0.036541688583987764
2416	120-124	0.015955476348082698
2416	125-129	-0.005490091075429859
2416	130-134	0.0019588773332372966
2416	135-139	-0.059940593651575114
2416	140-144	0.0012680440679986305
2416	145-149	-0.029304890258806893
2416	150	0.013921712449679546
2417	1	8.533717787031492E-4
2417	2	0.0028215508817339696
2417	3	-0.011554749203874337
2417	4	0.04159835587739025
2417	5	-0.009529027867621664
2417	6	-0.006400903545802805
2417	7	0.027751127986611834
2417	8	0.014331580998302229
2417	9	0.05099399491913914
2417	10-14	0.036188512629905745
2417	15-19	0.005259655416345765
2417	20-24	0.03843781321446471
2417	25-29	0.034108442274636275
2417	30-34	0.04246317239469022
2417	35-39	0.026075297340902637
2417	40-44	0.035802525412364616
2417	45-49	0.05459552238750831
2417	50-54	0.03168054662532427
2417	55-59	0.05477852644494874
2417	60-64	0.06431813203973746
2417	65-69	0.042377869298618975
2417	70-74	0.026400886450218763
2417	75-79	0.02380840290450692
2417	80-84	0.05118027475781872
2417	85-89	0.035382866528252066
2417	90-94	0.051641800723174924
2417	95-99	0.04464785424974593
2417	100-104	0.0228869446680946
2417	105-109	0.05211191539858362
2417	110-114	0.04387042336026781
2417	115-119	0.02303238024368426
2417	120-124	0.05860078863366169
2417	125-129	0.04805042036232976
2417	130-134	0.048656604011412696
2417	135-139	0.020463561370341665
2417	140-144	0.024299988201796907
2417	145-149	0.02706173066243167
2417	150	0.005505085771005724
2418	1	0.06314489414751279
2418	2	0.0023053244017035013
2418	3	0.03752907475023903
2418	4	0.004998531453821897
2418	5	0.023926026485050045
2418	6	0.03846862105108073
2418	7	0.08719539519530883
2418	8	0.02937836854455611
2418	9	-1.7230422467662265E-4
2418	10-14	0.013478965663210829
2418	15-19	0.031231647804453644
2418	20-24	0.03568304217273521
2418	25-29	0.0657792210331607
2418	30-34	0.05321661178913217
2418	35-39	0.0996253110119909
2418	40-44	0.03996706239719572
2418	45-49	0.0730084915572391
2418	50-54	0.04341888568470864
2418	55-59	0.058964043204646543
2418	60-64	0.050637871947373014
2418	65-69	0.08297351404463171
2418	70-74	0.0446933123445703
2418	75-79	0.055393802763965994
2418	80-84	0.07938967487253734
2418	85-89	0.05165982591036311
2418	90-94	0.030406367149453217
2418	95-99	0.03105705532790637
2418	100-104	0.06787453217291528
2418	105-109	0.01115568723139404
2418	110-114	0.05613992277883284
2418	115-119	0.07601332656458482
2418	120-124	0.07122424424157714
2418	125-129	0.02454481754163851
2418	130-134	0.006098123050463755
2418	135-139	-0.044679595557411744
2418	140-144	0.007525069212597657
2418	145-149	0.06851478160162827
2418	150	0.0604587897767388
2419	1	0.010328048711194526
2419	2	-0.0851130291658535
2419	3	0.02318252931771525
2419	4	0.04184197879186513
2419	5	0.016992574460942933
2419	6	0.01256128629515274
2419	7	0.011692931105024229
2419	8	0.05142742123639721
2419	9	0.12743529420920652
2419	10-14	0.0511388149236538
2419	15-19	0.03379551558213478
2419	20-24	0.042150042622161266
2419	25-29	0.02876325518898426
2419	30-34	0.07382177444353033
2419	35-39	0.04831579544453035
2419	40-44	0.03417500184808375
2419	45-49	0.028489284422455796
2419	50-54	1.6337792105503013E-4
2419	55-59	0.0405652046435776
2419	60-64	-0.0033471518382910403
2419	65-69	0.07493232820716855
2419	70-74	0.04153345960273924
2419	75-79	0.047102115641486364
2419	80-84	0.06023780853418259
2419	85-89	0.05470593624994535
2419	90-94	0.06576278168624583
2419	95-99	0.02852206324901374
2419	100-104	0.036455170714717156
2419	105-109	0.059825033811641504
2419	110-114	0.04623329848596569
2419	115-119	0.010954143862477395
2419	120-124	0.0309188922661221
2419	125-129	-0.02596377179640541
2419	130-134	-4.175961014851737E-5
2419	135-139	-0.08468053093036332
2419	140-144	-0.05856331275902704
2419	145-149	-0.04654442080638432
2419	150	-0.10526840948936211
2420	1	0.034901370874734994
2420	2	0.06326302784655269
2420	3	0.09816825359209957
2420	4	0.04980513677145382
2420	5	0.04024838995733404
2420	6	-0.0021213315003976163
2420	7	0.08957002472054398
2420	8	0.028826162769902908
2420	9	0.07684757616976867
2420	10-14	0.062271857388452645
2420	15-19	0.053922872237897934
2420	20-24	0.07574338755652832
2420	25-29	0.07198360412374427
2420	30-34	0.062225261017907485
2420	35-39	0.09934511722433115
2420	40-44	0.05919513581267921
2420	45-49	0.08037146760700153
2420	50-54	0.10162116386895548
2420	55-59	0.0929034414489962
2420	60-64	0.10620461061256492
2420	65-69	0.11564237861655613
2420	70-74	0.0815197023611347
2420	75-79	0.11657971530801348
2420	80-84	0.12539872865320945
2420	85-89	0.10159468391303506
2420	90-94	0.11352270189743052
2420	95-99	0.07750928120847789
2420	100-104	0.06384079921387098
2420	105-109	0.06891955507110481
2420	110-114	0.0851468001610769
2420	115-119	0.07273385828692369
2420	120-124	0.09442655498202868
2420	125-129	0.07958027847857352
2420	130-134	0.07274622939440434
2420	135-139	0.02447977112123567
2420	140-144	0.05101906114669674
2420	145-149	0.036892161500979626
2420	150	-0.04064301069952592
2421	1	0.012992219687284035
2421	2	0.038988561386041454
2421	3	0.007904311571984124
2421	4	0.027773937108413804
2421	5	0.08979334915265014
2421	6	-0.01247034368043387
2421	7	0.051145118290769176
2421	8	-0.02981635042436892
2421	9	0.06240618370605233
2421	10-14	0.033921077284844614
2421	15-19	0.03583503773273122
2421	20-24	0.06187039039622988
2421	25-29	0.0173844804805654
2421	30-34	0.046079763418795494
2421	35-39	0.07198700244887846
2421	40-44	0.03435160185953379
2421	45-49	0.05273008438259552
2421	50-54	0.037928229398218605
2421	55-59	0.031751079117384506
2421	60-64	0.04968667668633486
2421	65-69	0.05568203184994758
2421	70-74	0.026615800213704688
2421	75-79	0.027150342345564127
2421	80-84	0.027567280299940933
2421	85-89	0.030310795567224602
2421	90-94	0.04760612591864799
2421	95-99	-0.007920223160368778
2421	100-104	0.03636727877402279
2421	105-109	0.01088630892137843
2421	110-114	0.03649648528819682
2421	115-119	0.014455039005753179
2421	120-124	0.022021969030326716
2421	125-129	-0.06124149328241657
2421	130-134	-0.05030765675393667
2421	135-139	-0.04788055578283945
2421	140-144	-0.07180049456456317
2421	145-149	-0.06690786589403075
2421	150	-0.03915233223422376
2422	1	-0.017244354568248355
2422	2	-0.043569669663185095
2422	3	0.015707769874715893
2422	4	0.06357209974624567
2422	5	0.011231899498781672
2422	6	0.059460384629453245
2422	7	0.03257320076689041
2422	8	0.043254546098829394
2422	9	0.053024156974650793
2422	10-14	0.04556515738456568
2422	15-19	0.024751572557136114
2422	20-24	0.02483941227685449
2422	25-29	0.049816397877314955
2422	30-34	0.02353237507503536
2422	35-39	0.04711584394714663
2422	40-44	0.032081815871570996
2422	45-49	0.06284280435186673
2422	50-54	0.059181321381203134
2422	55-59	0.052849217266398796
2422	60-64	0.048663087543744155
2422	65-69	0.0433415572676239
2422	70-74	0.0571470790205737
2422	75-79	0.052824526844169384
2422	80-84	0.08000399585269946
2422	85-89	0.06180257058286287
2422	90-94	0.022491193306137802
2422	95-99	0.03425320914436725
2422	100-104	0.06611502040674822
2422	105-109	0.009143127437255316
2422	110-114	0.04348796610386785
2422	115-119	8.561002357154734E-4
2422	120-124	0.026548854267566924
2422	125-129	-0.016076258013193012
2422	130-134	-0.016385794613313465
2422	135-139	-0.04614435986866283
2422	140-144	-0.06477373203351533
2422	145-149	-0.006270943120156858
2422	150	0.06911181326641724
2423	1	-0.05404219823757472
2423	2	0.01936033516397373
2423	3	0.021854752832290103
2423	4	0.03218563370802485
2423	5	0.05799900594051621
2423	6	0.0506112481496217
2423	7	0.06393422590943487
2423	8	0.05897741610939988
2423	9	0.038825493976318626
2423	10-14	0.017462113166629933
2423	15-19	0.034190078773470134
2423	20-24	0.06629225262069838
2423	25-29	0.030355923282357367
2423	30-34	0.07738810801568263
2423	35-39	0.06441114633531697
2423	40-44	0.0959947511793402
2423	45-49	0.07655017391854813
2423	50-54	0.08051472167584706
2423	55-59	0.08148248939840386
2423	60-64	0.07027687954888506
2423	65-69	0.10624850008805709
2423	70-74	0.06175069169384528
2423	75-79	0.11190774930035019
2423	80-84	0.056035222734941215
2423	85-89	0.04519185956930016
2423	90-94	0.10794869495070714
2423	95-99	0.06826514918448368
2423	100-104	0.0033150350765680514
2423	105-109	0.04915475756099141
2423	110-114	0.04816233750724308
2423	115-119	0.07554764919969159
2423	120-124	0.07856569283649861
2423	125-129	0.0929496761715356
2423	130-134	0.03344409169892515
2423	135-139	0.006150650114413736
2423	140-144	-0.012382654585152864
2423	145-149	0.03997592674107153
2423	150	0.07447885105077034
2424	1	0.015238114895119281
2424	2	0.02151369615552312
2424	3	-0.050106622922847066
2424	4	4.956689072557197E-4
2424	5	0.08405368384204337
2424	6	0.016973547644887788
2424	7	0.040776136880438685
2424	8	0.06424315450072982
2424	9	0.05749700446486372
2424	10-14	0.020249476718994686
2424	15-19	0.04555599031689894
2424	20-24	0.04453687425886699
2424	25-29	0.03007202137860787
2424	30-34	0.059056049731786686
2424	35-39	0.06022890108881285
2424	40-44	0.07748358382799125
2424	45-49	0.09078550242149674
2424	50-54	0.08181301980858535
2424	55-59	0.028063505089626517
2424	60-64	0.05257277833744922
2424	65-69	0.06745692239755385
2424	70-74	0.05886583972387882
2424	75-79	0.040433723836187596
2424	80-84	0.018399395544761887
2424	85-89	0.012306999403179475
2424	90-94	0.07346099353620161
2424	95-99	0.046660580185346134
2424	100-104	0.010217566493679442
2424	105-109	0.03611373429979636
2424	110-114	0.01001854504189481
2424	115-119	0.018670776684260204
2424	120-124	-0.05251056637660412
2424	125-129	-0.02343220395239598
2424	130-134	0.003077524954385069
2424	135-139	-0.10265501349842054
2424	140-144	-0.08588775431849882
2424	145-149	-0.08399162498530899
2424	150	-0.10994821352530693
2425	1	0.04275514315509099
2425	2	0.018544949085935514
2425	3	0.020206808420397238
2425	4	0.042890989050356154
2425	5	-0.015409953305642432
2425	6	0.02222899636684872
2425	7	0.04352884882215591
2425	8	0.03731774061240145
2425	9	0.009210590037326938
2425	10-14	0.01730429947770773
2425	15-19	-8.145449057508358E-4
2425	20-24	0.03294035000384099
2425	25-29	0.0012537789544850853
2425	30-34	0.029975904463256597
2425	35-39	0.03358417062945307
2425	40-44	0.04104970404281261
2425	45-49	0.08888723569294399
2425	50-54	0.0602359192466011
2425	55-59	0.026268265507063404
2425	60-64	0.05843289179579614
2425	65-69	0.043926238692762354
2425	70-74	0.05400403049685565
2425	75-79	0.050269298974711774
2425	80-84	0.021360082667555957
2425	85-89	0.024232904221442197
2425	90-94	-0.011888833139259702
2425	95-99	-0.04046946939241991
2425	100-104	-0.024005655484970134
2425	105-109	-0.03438743799416244
2425	110-114	-0.03054358498009435
2425	115-119	-0.028569856401851723
2425	120-124	-0.047866336776110074
2425	125-129	-0.05492107924653311
2425	130-134	-0.100000758219835
2425	135-139	-0.1260220711979798
2425	140-144	-0.15508770595881316
2425	145-149	-0.09330405636301009
2425	150	-0.00991291718825238
2426	1	0.02046033610444198
2426	2	-0.032610047709887624
2426	3	0.046251862953852196
2426	4	-0.012976158469186316
2426	5	0.03300689569478976
2426	6	0.0215716898508731
2426	7	0.03781934483792071
2426	8	0.06731985068611124
2426	9	0.07818825509264826
2426	10-14	0.057992679612340226
2426	15-19	0.036633032848769176
2426	20-24	0.05436602934697987
2426	25-29	0.06129971879440177
2426	30-34	0.06902482047718195
2426	35-39	0.08584326788901109
2426	40-44	0.044458544073251005
2426	45-49	0.09474532376302847
2426	50-54	0.07786640868538797
2426	55-59	0.06281681253479121
2426	60-64	0.06459915089033075
2426	65-69	0.07889546618768861
2426	70-74	0.06725390013909305
2426	75-79	0.09390617019830216
2426	80-84	0.02777059207164001
2426	85-89	0.08303898532236786
2426	90-94	0.06330729271071789
2426	95-99	0.079983355941593
2426	100-104	0.013317049656862423
2426	105-109	0.02415635853562037
2426	110-114	0.02764612802969424
2426	115-119	0.046946016254914014
2426	120-124	0.04454584206673928
2426	125-129	0.03886728954019247
2426	130-134	0.006648864659013043
2426	135-139	-0.08784452903604745
2426	140-144	-0.07446614504204518
2426	145-149	-0.0482611247290734
2426	150	-0.08329419735128596
2427	1	-0.003871799938487186
2427	2	0.08387621985078653
2427	3	-0.010694881100320686
2427	4	0.028885411429499186
2427	5	0.04650497298269585
2427	6	0.014882130185284836
2427	7	0.061221043565296895
2427	8	-0.05496892883239468
2427	9	0.03149108625324715
2427	10-14	0.028640084868563065
2427	15-19	0.035865395409359735
2427	20-24	0.02621160809133727
2427	25-29	0.05803298210128105
2427	30-34	0.051684704881836296
2427	35-39	0.023740223030550567
2427	40-44	0.052582370970746695
2427	45-49	0.013421270658021456
2427	50-54	0.06068071227798555
2427	55-59	0.02854638859732006
2427	60-64	0.06601564873706423
2427	65-69	0.05077544646173493
2427	70-74	0.008919709567543066
2427	75-79	0.018271706223764284
2427	80-84	0.004455543327964051
2427	85-89	0.04464990221229925
2427	90-94	0.0018843177615437412
2427	95-99	0.026532761035504393
2427	100-104	-0.02204475053304833
2427	105-109	-0.02390264306013279
2427	110-114	-0.03310190751631126
2427	115-119	-0.03964645924401111
2427	120-124	-0.023204856173180133
2427	125-129	-0.05203873974789275
2427	130-134	-0.03798927828903231
2427	135-139	-0.11628695648655452
2427	140-144	-0.08782712021556449
2427	145-149	-0.045620542399831265
2427	150	-0.07753510730922386
2428	1	0.04495013069364262
2428	2	-0.04082250678436594
2428	3	-0.015305010091864801
2428	4	0.029415031902644273
2428	5	0.029942178820938636
2428	6	0.0780569566621736
2428	7	0.10008039415956915
2428	8	-0.02163594030405136
2428	9	0.02172207111976121
2428	10-14	0.027002605944772995
2428	15-19	0.03082013975370046
2428	20-24	0.057286003217178916
2428	25-29	0.057197950603352865
2428	30-34	0.06346032992708928
2428	35-39	0.0769516160772099
2428	40-44	0.08989620213353788
2428	45-49	0.05189395693030008
2428	50-54	0.08387281348515074
2428	55-59	0.06713880840430164
2428	60-64	0.07483015744166721
2428	65-69	0.10268637298723604
2428	70-74	0.061785970053918504
2428	75-79	0.07038511948288573
2428	80-84	0.049398547062196485
2428	85-89	0.07551012171515481
2428	90-94	0.08752917206420108
2428	95-99	0.0673030898760274
2428	100-104	0.06383558834129843
2428	105-109	0.04918358577315729
2428	110-114	0.05741829978045132
2428	115-119	0.08269928362111045
2428	120-124	0.041072036030442405
2428	125-129	0.02332118494669544
2428	130-134	-0.01348771115033287
2428	135-139	-0.03743655358191944
2428	140-144	0.013617957520722257
2428	145-149	-0.015857475152508016
2428	150	-0.13274597280424416
2429	1	-0.006036137707198463
2429	2	0.0028360659865143134
2429	3	0.08255595952717698
2429	4	0.012205530229465467
2429	5	-0.011226902826855678
2429	6	0.053299526268027364
2429	7	0.08378479387603477
2429	8	0.06211890202158088
2429	9	0.06053584557865577
2429	10-14	0.04431958664140723
2429	15-19	0.04446054659147336
2429	20-24	0.041143049522169406
2429	25-29	0.05343255818952031
2429	30-34	0.07789819155608768
2429	35-39	0.06360502919558542
2429	40-44	0.07787556352350578
2429	45-49	0.07654338079657208
2429	50-54	0.08324435791915619
2429	55-59	0.053184074876440945
2429	60-64	0.06492942717775207
2429	65-69	0.043030042110096645
2429	70-74	0.06519127477014308
2429	75-79	0.05532776986286336
2429	80-84	0.07265845837552831
2429	85-89	0.10301624571166457
2429	90-94	0.03245593137382485
2429	95-99	0.06672857163591317
2429	100-104	0.0455936946004698
2429	105-109	0.029602753964631745
2429	110-114	0.0848621123185751
2429	115-119	0.0532638781845165
2429	120-124	0.0588501215191215
2429	125-129	0.04655505072979338
2429	130-134	0.005635114954543496
2429	135-139	-0.0821159133234346
2429	140-144	-0.04004038446698388
2429	145-149	-0.033996109905160665
2429	150	-0.09970045906440106
2430	1	-0.051967487958123115
2430	2	0.03344543255848009
2430	3	-0.004362209116855809
2430	4	0.005115550786108258
2430	5	0.03474203103642992
2430	6	0.03582851561187539
2430	7	0.02739406350613649
2430	8	0.01638640686245907
2430	9	0.04066783564584142
2430	10-14	0.04444884245108227
2430	15-19	0.032513412217632265
2430	20-24	0.06581301221198288
2430	25-29	0.019131844548304855
2430	30-34	0.06142348468092251
2430	35-39	0.050525295760834865
2430	40-44	0.04762723825623283
2430	45-49	0.07259022111345104
2430	50-54	0.07818186522086279
2430	55-59	0.019908896714710522
2430	60-64	0.0753505475770524
2430	65-69	0.09312470210517176
2430	70-74	0.02011456393278621
2430	75-79	0.07642526105730951
2430	80-84	0.04829946527827644
2430	85-89	0.095576519932834
2430	90-94	0.04211662990204701
2430	95-99	0.047178809392029564
2430	100-104	0.07287832335044442
2430	105-109	0.014504561805992466
2430	110-114	0.02017081247741004
2430	115-119	0.04899883417539996
2430	120-124	-0.008356615691390346
2430	125-129	-0.026747748404190475
2430	130-134	0.02086212544166699
2430	135-139	-0.06834861852325247
2430	140-144	-0.046113776909990634
2430	145-149	-0.043269955737777366
2430	150	-0.03979397067132595
2431	1	0.05047263474169483
2431	2	0.023993102190743798
2431	3	-0.010904004771568054
2431	4	0.03579912767317239
2431	5	0.08812574074248403
2431	6	0.025287257660473017
2431	7	0.08365323179825879
2431	8	0.03447824204150152
2431	9	0.03059373683776556
2431	10-14	0.009438870249397269
2431	15-19	0.04461506792839032
2431	20-24	0.05005258333481066
2431	25-29	0.05231299843922699
2431	30-34	0.06515840635534431
2431	35-39	0.06277971878206756
2431	40-44	0.07231910721808532
2431	45-49	0.015560984867711625
2431	50-54	0.03794672583930492
2431	55-59	0.015512388337398875
2431	60-64	0.03901497211497684
2431	65-69	0.015431276860631726
2431	70-74	0.02999690018312151
2431	75-79	0.024622877213168692
2431	80-84	0.03825503421109744
2431	85-89	0.05495095778400838
2431	90-94	0.06395165609940534
2431	95-99	0.02140600785197222
2431	100-104	0.03940625315742352
2431	105-109	0.04947067905117564
2431	110-114	0.033682136579642474
2431	115-119	0.016747413200349115
2431	120-124	0.009615647126388183
2431	125-129	0.011991266791412158
2431	130-134	-0.0283261659511993
2431	135-139	-0.14548686118186538
2431	140-144	-0.07445516991428036
2431	145-149	-0.058130985690432624
2431	150	-0.11836037996936
2432	1	0.04312746625760866
2432	2	0.04363348217985674
2432	3	0.01143098891674299
2432	4	0.03524892778672495
2432	5	0.07264385734193013
2432	6	0.029366150861214635
2432	7	0.019596502678055572
2432	8	0.06837250611013701
2432	9	0.020339337677505398
2432	10-14	0.02930974887179616
2432	15-19	0.045183022492032876
2432	20-24	0.04671852810800914
2432	25-29	0.06357672173161433
2432	30-34	0.053185120315795587
2432	35-39	0.0878379677806862
2432	40-44	0.0957079873271951
2432	45-49	0.07564429527604943
2432	50-54	0.0703387881328581
2432	55-59	0.09316615652374338
2432	60-64	0.09036477632576378
2432	65-69	0.122473484215746
2432	70-74	0.05933227042667255
2432	75-79	0.07094603965285984
2432	80-84	0.03279022261553877
2432	85-89	0.09510286758244746
2432	90-94	0.06361525374330768
2432	95-99	0.035973154675346564
2432	100-104	0.07164777139694678
2432	105-109	0.09627961726295098
2432	110-114	0.06813409261828696
2432	115-119	0.07020315625309337
2432	120-124	0.03284098909903577
2432	125-129	0.03348316695159781
2432	130-134	0.02731414379962871
2432	135-139	-0.01641535275619077
2432	140-144	0.022437644514219812
2432	145-149	0.025989387118755758
2432	150	0.06077670369808885
2433	1	0.1258699019293914
2433	2	0.060899428035192216
2433	3	0.07468671715135855
2433	4	0.03271388344550985
2433	5	0.08463169579510321
2433	6	0.02428449469105942
2433	7	0.08719337181006637
2433	8	0.07169610020699224
2433	9	0.08147292206452761
2433	10-14	0.049794083503527986
2433	15-19	0.05307675453118321
2433	20-24	0.02384050775609836
2433	25-29	0.06736874026312023
2433	30-34	0.01720219510401222
2433	35-39	0.023069016094055428
2433	40-44	0.045962418140625516
2433	45-49	0.0776504897637409
2433	50-54	0.04178132737287399
2433	55-59	0.015985800274535222
2433	60-64	0.05815536166515045
2433	65-69	0.028037730091526214
2433	70-74	0.01450821632612076
2433	75-79	0.010835530933377413
2433	80-84	-0.0027192982601107474
2433	85-89	0.04602574233841494
2433	90-94	0.046972148480634246
2433	95-99	0.011888978655441917
2433	100-104	0.016609860916553032
2433	105-109	-0.008669846049734531
2433	110-114	0.021275454670359295
2433	115-119	0.028583649155507374
2433	120-124	-0.02846485282537259
2433	125-129	-0.04802942911124575
2433	130-134	-0.03349057102993669
2433	135-139	-0.08106557104350998
2433	140-144	-0.06152812160391363
2433	145-149	-0.046089118871584844
2433	150	-0.12534397754851057
2434	1	0.02196169527786651
2434	2	-0.0013267762939861427
2434	3	0.045715454131872946
2434	4	0.06007699792101562
2434	5	-0.02415528759386376
2434	6	-0.010330289618039501
2434	7	0.028636832533209144
2434	8	0.02888044969179049
2434	9	0.013785561116776535
2434	10-14	0.049280996979511826
2434	15-19	0.02974580380922731
2434	20-24	0.07178819753291776
2434	25-29	0.03092175193152258
2434	30-34	0.030731866573006528
2434	35-39	0.0588075215921009
2434	40-44	0.07595428412843575
2434	45-49	0.0318885931920434
2434	50-54	0.06205763072097881
2434	55-59	0.044507426109063886
2434	60-64	0.07341996295408393
2434	65-69	0.07871486329019461
2434	70-74	0.0986084498455142
2434	75-79	0.06071226846071909
2434	80-84	0.11240476613445338
2434	85-89	0.06632602181422698
2434	90-94	0.1299158012541355
2434	95-99	0.0772153563028013
2434	100-104	0.10089860315277122
2434	105-109	0.08808516508161546
2434	110-114	0.07608863947953637
2434	115-119	0.08111963666444666
2434	120-124	0.04001012000419024
2434	125-129	0.03095625806668778
2434	130-134	0.05611814521865455
2434	135-139	0.006266508826215045
2434	140-144	-0.020803312044876066
2434	145-149	0.02957583548474929
2434	150	-0.0191104908944979
2435	1	0.05421178455622311
2435	2	0.018351608615574833
2435	3	0.037863050103908336
2435	4	0.00464362983747435
2435	5	0.02783163396308197
2435	6	-0.0011958100798423743
2435	7	0.060794185319380745
2435	8	0.07573276988024702
2435	9	0.008449770915817112
2435	10-14	0.0486553893298165
2435	15-19	0.049625065831961024
2435	20-24	0.06023873764829801
2435	25-29	0.05887688175643291
2435	30-34	0.08078259564224766
2435	35-39	0.08451050544069005
2435	40-44	0.06904307756626338
2435	45-49	0.07332541395649628
2435	50-54	0.0764044466284588
2435	55-59	0.04681113565316508
2435	60-64	0.05741998269630244
2435	65-69	0.1074916462288158
2435	70-74	0.08769470251128553
2435	75-79	0.06695774650142283
2435	80-84	0.08584198252265196
2435	85-89	0.09100459213183854
2435	90-94	0.08833327769286115
2435	95-99	0.04250732136763702
2435	100-104	0.09565530266620925
2435	105-109	0.0560125090273047
2435	110-114	0.07383267494176238
2435	115-119	0.09295531980930605
2435	120-124	0.05338483927010884
2435	125-129	0.039614885102920994
2435	130-134	0.07935228622319102
2435	135-139	0.004105657640295135
2435	140-144	0.044108842533603365
2435	145-149	0.029152754462863584
2435	150	-0.07767391041367233
2436	1	0.07881561029761741
2436	2	0.07157685136168368
2436	3	0.02930627255310725
2436	4	0.007688173285956168
2436	5	0.028215627556498646
2436	6	0.00914435611636577
2436	7	0.039948335142810265
2436	8	0.033586422645655034
2436	9	0.017892205957750207
2436	10-14	0.02997303737768675
2436	15-19	0.03212349258254932
2436	20-24	0.04358311295345629
2436	25-29	0.08236869118139367
2436	30-34	0.07769168677202032
2436	35-39	0.07546584968797276
2436	40-44	0.08247205730915397
2436	45-49	0.07655177782846323
2436	50-54	0.06592536303610075
2436	55-59	0.06608827841375131
2436	60-64	0.056311415997910785
2436	65-69	0.07111763429684004
2436	70-74	0.07589594837278213
2436	75-79	0.040904455140996276
2436	80-84	0.045909842897707165
2436	85-89	0.02897968039575005
2436	90-94	0.06522433754136614
2436	95-99	0.08126182527519177
2436	100-104	0.09122251793074554
2436	105-109	0.047484388858968885
2436	110-114	0.12362023276998002
2436	115-119	0.06318436230968416
2436	120-124	0.04243304301886042
2436	125-129	0.02095992567330285
2436	130-134	-0.0040003106716284265
2436	135-139	0.023417296581300207
2436	140-144	0.019617857631239133
2436	145-149	-0.029982821083869737
2436	150	-0.014920694874568596
2437	1	0.02413123542043394
2437	2	0.09314564815128534
2437	3	0.07277736095581844
2437	4	0.040707849353353254
2437	5	0.03290223463587694
2437	6	0.01771766602450242
2437	7	0.05978555354668913
2437	8	0.009146543227821269
2437	9	0.05265897771386818
2437	10-14	0.06579567256932961
2437	15-19	0.056515904316121635
2437	20-24	0.05786890173676085
2437	25-29	0.055833772352798405
2437	30-34	0.03674053206209038
2437	35-39	0.07951431404097775
2437	40-44	0.06920087119831209
2437	45-49	0.06704603063915471
2437	50-54	0.08349316315695177
2437	55-59	0.03458477004058835
2437	60-64	0.03979981000919963
2437	65-69	0.04436356536108832
2437	70-74	0.013269894134211313
2437	75-79	0.029123795017127918
2437	80-84	0.010962866921161663
2437	85-89	-0.026854246813606153
2437	90-94	0.01099329685563788
2437	95-99	-0.011620349680875108
2437	100-104	0.042554252303517615
2437	105-109	0.018731513229262475
2437	110-114	0.007039930917741799
2437	115-119	-0.011602958425719123
2437	120-124	-0.0109596562935792
2437	125-129	-0.03891508881057604
2437	130-134	0.016047815862059167
2437	135-139	-0.05254552345194696
2437	140-144	-0.04697167192865237
2437	145-149	-0.046006293421285704
2437	150	0.01606634169068144
2438	1	0.02933633104652955
2438	2	0.03903497354850316
2438	3	0.0037856715394752882
2438	4	0.01953711270277836
2438	5	0.053513489020545535
2438	6	0.0050616065856488035
2438	7	-0.04385569620037444
2438	8	-0.005900612258614046
2438	9	0.03737648854706066
2438	10-14	0.049269013090899705
2438	15-19	0.033467184241537495
2438	20-24	0.04761416238688554
2438	25-29	0.0502277445574677
2438	30-34	0.0702685847597948
2438	35-39	0.04383408771788311
2438	40-44	0.04674504225219778
2438	45-49	0.044121793432360334
2438	50-54	0.025102784857743643
2438	55-59	0.05752870659988929
2438	60-64	0.051724424485705356
2438	65-69	0.02748115571461085
2438	70-74	0.07682533680648618
2438	75-79	0.09859140581549752
2438	80-84	0.10811703985010723
2438	85-89	0.10328014059430046
2438	90-94	0.042721001716479634
2438	95-99	0.051719574845826344
2438	100-104	0.07864723557100461
2438	105-109	0.05738707760248474
2438	110-114	0.1059627210095826
2438	115-119	0.10341903068606939
2438	120-124	0.06510021502162289
2438	125-129	0.04118982379613101
2438	130-134	0.00899387274812824
2438	135-139	0.015946517577184238
2438	140-144	-0.0075613228621875805
2438	145-149	0.034967520704483945
2438	150	-0.0764802740321997
2439	1	0.07912258203743505
2439	2	0.044565069301619076
2439	3	-0.00388674580166537
2439	4	0.0542852396029474
2439	5	-0.03336971222203999
2439	6	0.0379150708585172
2439	7	0.028497224976440805
2439	8	0.023091233248003107
2439	9	0.046967904945162786
2439	10-14	0.005986529772989968
2439	15-19	0.059668500198178265
2439	20-24	0.05208676869323625
2439	25-29	0.05794783266965453
2439	30-34	0.04269354892618793
2439	35-39	0.06621572946058762
2439	40-44	0.049786952805085605
2439	45-49	0.06397445066627938
2439	50-54	0.05966982009009314
2439	55-59	0.06037320576153604
2439	60-64	0.05409235909228727
2439	65-69	0.06754636303056571
2439	70-74	0.0805002808416404
2439	75-79	0.0723707638705875
2439	80-84	0.06448296670124165
2439	85-89	0.09384089845936217
2439	90-94	0.06110789010710249
2439	95-99	0.06409765559624248
2439	100-104	0.07765387977418925
2439	105-109	0.10489064306837292
2439	110-114	0.06414099609354906
2439	115-119	0.10415012566435422
2439	120-124	0.0697974322582553
2439	125-129	0.01910379809616103
2439	130-134	0.03908658380850483
2439	135-139	-0.04689014382256573
2439	140-144	0.05138838125334644
2439	145-149	0.011475135680690585
2439	150	-0.048088965716480914
2440	1	0.03225084217153551
2440	2	0.04138427137024081
2440	3	0.04069449053461227
2440	4	0.0028995270664182726
2440	5	0.045978537353008164
2440	6	0.005010836412765229
2440	7	0.018754893831932407
2440	8	-0.002143619465620361
2440	9	0.08184716030515204
2440	10-14	0.026530594472120583
2440	15-19	0.019415703479772617
2440	20-24	0.05525518307379684
2440	25-29	0.039625242271768
2440	30-34	0.045148367667316336
2440	35-39	0.03767212409273668
2440	40-44	0.04752037439928358
2440	45-49	0.07254319425368294
2440	50-54	0.0545212293002848
2440	55-59	0.03231650969483724
2440	60-64	0.057465931085737054
2440	65-69	0.0657758520539744
2440	70-74	0.055995979905553384
2440	75-79	0.047274837498569866
2440	80-84	0.060601202797847975
2440	85-89	0.05679377040200251
2440	90-94	0.03234569434162182
2440	95-99	0.02782123518208124
2440	100-104	0.03876274255262757
2440	105-109	0.08111557265230829
2440	110-114	0.08235331330299545
2440	115-119	0.10373525080476753
2440	120-124	0.04813573914383085
2440	125-129	0.032677594683960365
2440	130-134	0.05738958850677278
2440	135-139	0.009850806769762244
2440	140-144	0.0471210692257884
2440	145-149	0.05492132113737824
2440	150	-0.0029867394072837783
2441	1	8.227956539030856E-4
2441	2	0.06248891503386034
2441	3	0.051715350500856516
2441	4	-0.039855015435115604
2441	5	0.0776060611442091
2441	6	-0.00450006619401222
2441	7	0.024774684753033682
2441	8	0.022691041695054537
2441	9	0.050562171936249456
2441	10-14	0.045431143961963016
2441	15-19	0.035531677335796985
2441	20-24	0.03746430049515226
2441	25-29	0.0607263970285814
2441	30-34	0.052999743869193594
2441	35-39	0.046114967271634555
2441	40-44	0.02340163950802321
2441	45-49	0.039024384668692846
2441	50-54	0.07507253753333742
2441	55-59	0.039909680853668306
2441	60-64	0.05480039332037023
2441	65-69	0.06170567262883253
2441	70-74	0.07479584395492367
2441	75-79	0.07211750109603798
2441	80-84	0.06302941708131726
2441	85-89	0.09129882519891908
2441	90-94	0.038600850287657806
2441	95-99	0.03815518257598427
2441	100-104	0.05234684657445143
2441	105-109	-0.015301702676204343
2441	110-114	0.07182173036328265
2441	115-119	0.04690033647137426
2441	120-124	0.06551561812545259
2441	125-129	0.027398346928585227
2441	130-134	0.01926421574334114
2441	135-139	-0.01793120244237656
2441	140-144	0.012888226978787998
2441	145-149	0.007461864601410184
2441	150	-0.018592074788827517
2442	1	0.0018677824159851752
2442	2	0.031536321889532815
2442	3	0.019036676618242154
2442	4	0.04587101625077139
2442	5	0.0652902347328066
2442	6	0.041036633695171076
2442	7	0.04785915384959338
2442	8	0.016129298650575663
2442	9	0.030610564627252757
2442	10-14	0.00684572093382485
2442	15-19	0.034743664852094014
2442	20-24	0.046287254555672064
2442	25-29	0.04742213839438847
2442	30-34	0.05782383820142911
2442	35-39	0.08466950302241116
2442	40-44	0.07957305852003316
2442	45-49	0.08924204816484149
2442	50-54	0.08725286650840758
2442	55-59	0.09252343636821081
2442	60-64	0.0505093176515885
2442	65-69	0.10520693372817647
2442	70-74	0.07168610499963535
2442	75-79	0.08135806950850366
2442	80-84	0.12665643464843868
2442	85-89	0.06236871261511823
2442	90-94	0.06894485258499117
2442	95-99	0.08672562953717033
2442	100-104	0.09213234853238106
2442	105-109	0.10047574812925575
2442	110-114	0.0937274202916214
2442	115-119	0.09408948602658285
2442	120-124	0.11391364718926411
2442	125-129	0.07159000097639279
2442	130-134	0.06846204823029467
2442	135-139	0.07886709845571005
2442	140-144	0.07372871373342349
2442	145-149	0.08997582929035985
2442	150	0.09613999578604648
2443	1	0.03848489732242655
2443	2	0.047666919729927315
2443	3	0.052742496348692214
2443	4	-0.005854701474120816
2443	5	0.08834695609533583
2443	6	0.013926329615536304
2443	7	0.069948228035841
2443	8	0.08336390631040302
2443	9	0.01431361455038882
2443	10-14	0.051422433278332846
2443	15-19	0.031278899602185106
2443	20-24	0.04769573843456243
2443	25-29	0.05730492886240768
2443	30-34	0.09757135625914515
2443	35-39	0.06931117529284592
2443	40-44	0.05366094917466313
2443	45-49	0.07775268427410964
2443	50-54	0.05535726573884148
2443	55-59	0.08743721182394637
2443	60-64	0.09466950076878078
2443	65-69	0.09010618661400827
2443	70-74	0.09343915946158177
2443	75-79	0.09505849638642871
2443	80-84	0.09569239329938739
2443	85-89	0.10595715246471826
2443	90-94	0.08810513152342025
2443	95-99	0.11596334219851201
2443	100-104	0.10188888427030918
2443	105-109	0.12471744253193151
2443	110-114	0.09579860063804091
2443	115-119	0.12626122233607617
2443	120-124	0.10706988080034563
2443	125-129	0.08853250780238398
2443	130-134	0.07574549819091203
2443	135-139	0.020389196522351938
2443	140-144	0.07732262964444203
2443	145-149	0.06854684392336452
2443	150	0.058840797398751477
2444	1	-0.027067814243409316
2444	2	0.025805438243942547
2444	3	0.006940114827791888
2444	4	0.004733963915526829
2444	5	0.0027376855463785432
2444	6	0.04869591584539279
2444	7	0.0017432082187838205
2444	8	0.02373760616777787
2444	9	-0.011261202957733474
2444	10-14	0.029485093203788892
2444	15-19	0.021090891357644637
2444	20-24	0.055863758744131076
2444	25-29	0.01878021843974409
2444	30-34	0.05038172500123039
2444	35-39	0.03454323447220986
2444	40-44	0.07745620437599854
2444	45-49	0.06709497699123546
2444	50-54	0.05617250071340152
2444	55-59	0.03689405375216381
2444	60-64	0.04364085556542818
2444	65-69	0.03906207978751297
2444	70-74	0.0467494061364917
2444	75-79	0.017926086845896805
2444	80-84	0.02870320030797302
2444	85-89	0.020287720008795418
2444	90-94	0.008398544552015608
2444	95-99	0.011917666160911722
2444	100-104	0.0017222212927592295
2444	105-109	-0.016047433779320386
2444	110-114	0.0023595719622804268
2444	115-119	0.04171943060688221
2444	120-124	-0.029333080962366864
2444	125-129	-0.04023630364867614
2444	130-134	-0.010046882898400611
2444	135-139	-0.105088966252886
2444	140-144	-0.043628920954603245
2444	145-149	-0.07002703942325894
2444	150	-0.14732538671248818
2445	1	0.07028481103697004
2445	2	-0.014669726167767294
2445	3	0.01758707331686793
2445	4	0.06368320058960819
2445	5	0.100979945006209
2445	6	0.02861669920273613
2445	7	0.043422263474425904
2445	8	0.0649424763776949
2445	9	-0.02516142770399199
2445	10-14	0.04401594108337292
2445	15-19	0.04611796392462253
2445	20-24	0.07618776478859246
2445	25-29	0.09994447100833526
2445	30-34	0.0944895297536874
2445	35-39	0.08650315808687026
2445	40-44	0.0816520843448032
2445	45-49	0.10632061627173073
2445	50-54	0.09862452578047254
2445	55-59	0.0855460124776144
2445	60-64	0.04283936432443625
2445	65-69	0.09472640313872915
2445	70-74	0.07697123383398008
2445	75-79	0.10896326016645475
2445	80-84	0.0900463095891979
2445	85-89	0.0668308901878305
2445	90-94	0.06262405945823701
2445	95-99	0.05312592247662451
2445	100-104	0.12873848775428343
2445	105-109	0.054763852423846515
2445	110-114	0.11842545880877964
2445	115-119	0.16233132076108348
2445	120-124	0.06409955383036703
2445	125-129	0.06290721371039609
2445	130-134	0.044001304252191176
2445	135-139	0.02061919544721036
2445	140-144	0.08644515531899089
2445	145-149	0.09001579221031619
2445	150	0.04616177740698646
2446	1	0.010241665674477929
2446	2	0.022231639671808523
2446	3	0.020370715870676293
2446	4	0.061342395593271704
2446	5	0.056392359584769736
2446	6	0.06847117588903728
2446	7	0.0732715283331018
2446	8	0.13035246186769456
2446	9	0.05677449133946766
2446	10-14	0.06280211443252881
2446	15-19	0.06216120324973673
2446	20-24	0.08918173646712546
2446	25-29	0.07763059507874459
2446	30-34	0.075540419029835
2446	35-39	0.08178032328631701
2446	40-44	0.078197022095857
2446	45-49	0.08281772601774406
2446	50-54	0.1085156143296615
2446	55-59	0.09940273652257048
2446	60-64	0.06621034551874772
2446	65-69	0.10118888869262577
2446	70-74	0.14255543737559861
2446	75-79	0.09136488788811192
2446	80-84	0.09590175532952117
2446	85-89	0.11024882171438577
2446	90-94	0.08606352494518177
2446	95-99	0.08623427040986797
2446	100-104	0.09075252484008445
2446	105-109	0.07852955405484607
2446	110-114	0.07373283660381702
2446	115-119	0.11654220127083903
2446	120-124	0.09176725967884636
2446	125-129	0.02109371969753937
2446	130-134	0.04117811479438416
2446	135-139	0.005766286955690703
2446	140-144	0.0621500104758681
2446	145-149	0.07064666342189696
2446	150	0.05976996516494637
2447	1	0.013791241454548242
2447	2	-0.009945800265349192
2447	3	-0.00877078496316841
2447	4	0.03778041534048526
2447	5	0.07066414891782102
2447	6	0.008130879768991406
2447	7	0.08723192782716183
2447	8	0.0508510511241127
2447	9	0.042463338956792995
2447	10-14	0.02691075798311715
2447	15-19	0.015958082501150272
2447	20-24	0.048185823195169064
2447	25-29	0.020401078977144493
2447	30-34	0.044909013987506796
2447	35-39	0.08947747369548154
2447	40-44	0.09282917503612254
2447	45-49	0.07114246657627632
2447	50-54	0.07013100487309742
2447	55-59	0.07938863228180537
2447	60-64	0.05932467460176838
2447	65-69	0.08088950458376587
2447	70-74	0.058574217639929316
2447	75-79	0.03764145650883677
2447	80-84	0.08200528245048133
2447	85-89	0.09910602420033854
2447	90-94	0.07622318428609987
2447	95-99	0.08731675427452501
2447	100-104	0.1084538198716416
2447	105-109	0.0713057570976332
2447	110-114	0.11275032210498637
2447	115-119	0.0822111552118514
2447	120-124	0.0807181538910342
2447	125-129	0.03261092627060691
2447	130-134	0.05632359768635098
2447	135-139	-0.006852484336938858
2447	140-144	0.039633489816722545
2447	145-149	0.08471865971768011
2447	150	0.10285378149440305
2448	1	0.058330864252091885
2448	2	0.06280704554924199
2448	3	0.032827390792192546
2448	4	0.07470341927957946
2448	5	0.02597041155301838
2448	6	0.059568924462858774
2448	7	0.017292249833012363
2448	8	0.027703286730925925
2448	9	0.08633976907619001
2448	10-14	0.03249269272996003
2448	15-19	0.019439289531057113
2448	20-24	0.03971793290756409
2448	25-29	0.05772955039334704
2448	30-34	0.06310839297759685
2448	35-39	0.05003317082188374
2448	40-44	0.0970399388872849
2448	45-49	0.07976671519563894
2448	50-54	0.0818378012678167
2448	55-59	0.0720278153976679
2448	60-64	0.08999987141998389
2448	65-69	0.08876716941471585
2448	70-74	0.06557185239160646
2448	75-79	0.07587378037252535
2448	80-84	0.08989449946322026
2448	85-89	0.10547868719941533
2448	90-94	0.0917986922503431
2448	95-99	0.07169575558776842
2448	100-104	0.12957300319264675
2448	105-109	0.09656972477203851
2448	110-114	0.12695663368630505
2448	115-119	0.12165734284761953
2448	120-124	0.12706001961967672
2448	125-129	0.07131410731965104
2448	130-134	0.10919997235270529
2448	135-139	0.08771352192573545
2448	140-144	0.013886933274022795
2448	145-149	0.01801428498593083
2448	150	0.024006614872128296
2449	1	0.044820369121616466
2449	2	-0.056325480405995165
2449	3	0.03479158154308237
2449	4	0.05047317559234443
2449	5	-0.01264996583760336
2449	6	0.04251168893895141
2449	7	0.05588837556624071
2449	8	0.05519853879174974
2449	9	0.026199980201056405
2449	10-14	0.04417555458033462
2449	15-19	0.03872166621928841
2449	20-24	0.024437298984715028
2449	25-29	0.03927535490499423
2449	30-34	0.05641807019513578
2449	35-39	0.07673207843306784
2449	40-44	0.08645656720386796
2449	45-49	0.08425000815790895
2449	50-54	0.059723088993415274
2449	55-59	0.04105448867334616
2449	60-64	0.06470006514299342
2449	65-69	0.08895241079771665
2449	70-74	0.08125401894179873
2449	75-79	0.07156971747816954
2449	80-84	0.056125008241700414
2449	85-89	0.061425770856985196
2449	90-94	0.057718341220500236
2449	95-99	0.021565786698914735
2449	100-104	0.06365266408224102
2449	105-109	0.049087791773054334
2449	110-114	0.04375845926851696
2449	115-119	0.04741578279526237
2449	120-124	0.056394069752883524
2449	125-129	0.02381490146467513
2449	130-134	0.0400695651925318
2449	135-139	-0.018881258356508113
2449	140-144	0.05194171815504234
2449	145-149	0.021483845769715515
2449	150	0.04131559033957899
2450	1	6.200009684818042E-4
2450	2	0.007059014558507215
2450	3	0.07516482017820181
2450	4	0.02920113540531588
2450	5	0.03139138404865349
2450	6	-0.017646401480575946
2450	7	-0.003179349745352056
2450	8	0.015153289378197599
2450	9	0.019253389373872665
2450	10-14	0.03206598447704323
2450	15-19	0.005639779517146337
2450	20-24	0.003273621094145085
2450	25-29	5.095716677914197E-4
2450	30-34	0.04923443844971587
2450	35-39	0.048709341999341405
2450	40-44	0.07212130642017911
2450	45-49	0.06697182106247368
2450	50-54	0.047200630030999946
2450	55-59	0.042424761889066076
2450	60-64	0.045120546939770634
2450	65-69	0.03570902407785326
2450	70-74	0.07032815089485922
2450	75-79	0.06678339927757548
2450	80-84	0.03109610451260636
2450	85-89	0.025446791575753025
2450	90-94	0.03791325016383951
2450	95-99	0.04991669214469141
2450	100-104	0.04316628264997746
2450	105-109	0.04327797768443986
2450	110-114	0.06670676324222313
2450	115-119	0.03609101102083656
2450	120-124	0.006531784452015188
2450	125-129	-0.024634538800974326
2450	130-134	0.04809925245500324
2450	135-139	-0.047637771146597174
2450	140-144	-0.026308162693631232
2450	145-149	-0.016759389251937762
2450	150	-0.056361372061573434
2451	1	0.03336782553427753
2451	2	0.087243905572997
2451	3	0.06835084242010225
2451	4	0.08583741260747502
2451	5	0.019253059164235253
2451	6	0.04611146424982593
2451	7	0.05436457071464673
2451	8	0.011430803105547227
2451	9	0.08075373348056303
2451	10-14	0.023886978246771662
2451	15-19	0.016360446511292537
2451	20-24	0.03012776221245872
2451	25-29	0.0383678957797855
2451	30-34	0.04811918550900174
2451	35-39	0.09740727507112013
2451	40-44	0.03652237335374764
2451	45-49	0.039622958221073645
2451	50-54	0.047233721394285055
2451	55-59	0.03916079027312236
2451	60-64	0.059615914197593156
2451	65-69	0.07243450450872047
2451	70-74	0.03850721554456982
2451	75-79	0.06912326633766241
2451	80-84	0.06609026662621176
2451	85-89	0.027379124671028876
2451	90-94	0.07127361546704947
2451	95-99	0.013198520633991961
2451	100-104	0.033450053423152326
2451	105-109	0.036978233740065036
2451	110-114	0.0042675149899693565
2451	115-119	0.0322151672454325
2451	120-124	0.017355243684100685
2451	125-129	-0.013485177025167161
2451	130-134	-0.0026265229939994583
2451	135-139	-0.072387436573635
2451	140-144	-0.05684654482908513
2451	145-149	0.0061777029175473785
2451	150	-0.04980119428475405
2452	1	0.028281614363287133
2452	2	-0.007381675349655836
2452	3	0.06425511812246754
2452	4	0.07436642926915482
2452	5	0.04742998736116277
2452	6	0.06123829116187807
2452	7	0.01817141066944572
2452	8	0.10212418660463385
2452	9	0.08224524305361314
2452	10-14	0.05541853220194071
2452	15-19	0.03013245655537844
2452	20-24	-0.003144729053801143
2452	25-29	0.06946069859428405
2452	30-34	0.0774663750632385
2452	35-39	0.07559753169338279
2452	40-44	0.07440550811795532
2452	45-49	0.07730376624085267
2452	50-54	0.08773869763527387
2452	55-59	0.09103080545354203
2452	60-64	0.07590940356226383
2452	65-69	0.11951156671230478
2452	70-74	0.043709576767547276
2452	75-79	0.08387687107087771
2452	80-84	0.04703794098181646
2452	85-89	0.08058999454534188
2452	90-94	0.0724248183910916
2452	95-99	0.04487589590289076
2452	100-104	0.02826250812900355
2452	105-109	0.06787310993085072
2452	110-114	0.08899584529850557
2452	115-119	0.06491770496578653
2452	120-124	0.0034739004914285943
2452	125-129	0.013790107332631862
2452	130-134	0.029057774255825564
2452	135-139	-0.006712377607094311
2452	140-144	0.035540911411871434
2452	145-149	0.006429100858873937
2452	150	0.03801280276191221
2453	1	0.015823452985927133
2453	2	0.0409273769711902
2453	3	0.04460110619437074
2453	4	-0.010400910043053102
2453	5	0.0845820300280522
2453	6	0.06365596819257746
2453	7	0.06434450153285809
2453	8	0.05536699062323436
2453	9	0.04886240559028465
2453	10-14	0.04583185461383721
2453	15-19	0.01872110471317967
2453	20-24	0.04432320666323619
2453	25-29	0.037200771816777944
2453	30-34	0.07580188483365191
2453	35-39	0.05091223402744305
2453	40-44	0.07597502892669894
2453	45-49	0.0971000883674975
2453	50-54	0.08155262665812302
2453	55-59	0.08613795681579717
2453	60-64	0.05790575028832734
2453	65-69	0.05367985807399123
2453	70-74	0.05837878013924325
2453	75-79	0.06642188929799886
2453	80-84	0.026955532961352446
2453	85-89	0.08597865212418299
2453	90-94	0.0923496331758571
2453	95-99	0.06203050318902115
2453	100-104	0.08874460420801
2453	105-109	0.09240060500442127
2453	110-114	0.11814706100653183
2453	115-119	0.07848825685615424
2453	120-124	0.06860075755054851
2453	125-129	0.04027338627684429
2453	130-134	0.0903349808097289
2453	135-139	0.0055528877655817155
2453	140-144	0.04201895643925724
2453	145-149	0.08552706146318911
2453	150	-0.014881422395951915
2454	1	0.014178673548492782
2454	2	0.024737008318908238
2454	3	0.015359978576476863
2454	4	-0.03314579338310608
2454	5	0.020601378911898394
2454	6	-0.026374922894071062
2454	7	0.027816982878562158
2454	8	-0.02462248444583537
2454	9	0.10151321718055328
2454	10-14	0.045479279786860616
2454	15-19	0.05614831849669599
2454	20-24	0.06863771356089643
2454	25-29	0.04584820424123137
2454	30-34	0.08735144265187955
2454	35-39	0.08922484726628
2454	40-44	0.07526216168067634
2454	45-49	0.08181557855890986
2454	50-54	0.11145047474484215
2454	55-59	0.06182220681605344
2454	60-64	0.06749882082296921
2454	65-69	0.05895553149863986
2454	70-74	0.06832494346006257
2454	75-79	0.09608929733693117
2454	80-84	0.10377577107755798
2454	85-89	0.08841632350392814
2454	90-94	0.09315013911840708
2454	95-99	0.10098015444708608
2454	100-104	0.08266376320802493
2454	105-109	0.10057679814933351
2454	110-114	0.11589461183645966
2454	115-119	0.10737971021858783
2454	120-124	0.06807363047339976
2454	125-129	0.03970502964743616
2454	130-134	0.06344010477290851
2454	135-139	0.03776342367723373
2454	140-144	0.04539983152097449
2454	145-149	0.0583345660704353
2454	150	0.020399886424790736
2455	1	0.11259473774973117
2455	2	0.06352259751305667
2455	3	0.09504202089408409
2455	4	0.02520064401547728
2455	5	0.0569378745857918
2455	6	7.017096795109978E-4
2455	7	0.019467940745535373
2455	8	0.07773804810337737
2455	9	0.04333341847186034
2455	10-14	0.005825574407417378
2455	15-19	0.03450517483305049
2455	20-24	0.04550790324344689
2455	25-29	0.05077701781363686
2455	30-34	0.06093857359156374
2455	35-39	0.06802443128053426
2455	40-44	0.058765716017688874
2455	45-49	0.07300974961342632
2455	50-54	0.03912063947339561
2455	55-59	0.10100999273389988
2455	60-64	0.10323616326066087
2455	65-69	0.09722216755163515
2455	70-74	0.0847700018929416
2455	75-79	0.0878651795540577
2455	80-84	0.0956942126617264
2455	85-89	0.07776901805347336
2455	90-94	0.08821518994931665
2455	95-99	0.11371026987220034
2455	100-104	0.12158901761982577
2455	105-109	0.09285246780726908
2455	110-114	0.08542197151684405
2455	115-119	0.1204765208016525
2455	120-124	0.11370352279175222
2455	125-129	0.06148239752791085
2455	130-134	0.07621734981282202
2455	135-139	0.08027023296759239
2455	140-144	0.07060181420623479
2455	145-149	0.02768036611301028
2455	150	0.021838021409202213
2456	1	0.014257813612431391
2456	2	-0.03224629668663681
2456	3	-0.05031300898487956
2456	4	0.041876269417223
2456	5	-0.04219001732719363
2456	6	-0.03271984648282
2456	7	0.02727963284510082
2456	8	0.020807406581603516
2456	9	0.02877754512351771
2456	10-14	0.024953440329504417
2456	15-19	0.01247578985712039
2456	20-24	0.030555980705400998
2456	25-29	0.039514294257458005
2456	30-34	0.06300256218936084
2456	35-39	0.034019184694400906
2456	40-44	0.06769096183059986
2456	45-49	0.07796964323271283
2456	50-54	0.056080462267502185
2456	55-59	0.06581363561711129
2456	60-64	0.05590616683277716
2456	65-69	0.10370228135274573
2456	70-74	0.04679298336322546
2456	75-79	0.09730040562525488
2456	80-84	0.07399649743969405
2456	85-89	0.060106492547888024
2456	90-94	0.05729695940264179
2456	95-99	0.07662145103959261
2456	100-104	0.08626783925133452
2456	105-109	0.07365976760877402
2456	110-114	0.0912424625075019
2456	115-119	0.06298152607861596
2456	120-124	0.08378295257760726
2456	125-129	0.0282902369652831
2456	130-134	0.06222172310503282
2456	135-139	0.03644415945852586
2456	140-144	0.06293101872416429
2456	145-149	0.03810027006692707
2456	150	-0.07061138123079047
2457	1	0.07520510640573974
2457	2	0.0591039744908457
2457	3	0.07850194981109837
2457	4	0.028631158052434103
2457	5	0.08332198711173788
2457	6	0.045866900330402416
2457	7	0.05489251406026341
2457	8	0.07615054645899022
2457	9	0.04224370211441908
2457	10-14	0.04095350091140659
2457	15-19	0.06065579802979215
2457	20-24	0.037365765819480146
2457	25-29	0.09850889114116512
2457	30-34	0.07364002715768692
2457	35-39	0.08799534081737193
2457	40-44	0.10173112652591243
2457	45-49	0.10979098248523655
2457	50-54	0.08407101423168228
2457	55-59	0.07989422894378606
2457	60-64	0.11394133691534591
2457	65-69	0.10330459507243717
2457	70-74	0.08860737364890525
2457	75-79	0.09611917592415864
2457	80-84	0.08768967990883425
2457	85-89	0.09155799491882277
2457	90-94	0.08321201958518998
2457	95-99	0.06377136244017834
2457	100-104	0.07878559495667758
2457	105-109	0.1068790735614158
2457	110-114	0.08369423093616746
2457	115-119	0.1093334751725834
2457	120-124	0.09354508731170341
2457	125-129	0.122293799873475
2457	130-134	0.1146451022509325
2457	135-139	0.06252200740635772
2457	140-144	0.08469277129609765
2457	145-149	0.04104891165635394
2457	150	0.03237942941422034
2458	1	0.04278124787438742
2458	2	0.029657829626088983
2458	3	0.04196478079184374
2458	4	0.0659737186069691
2458	5	0.0063069458939182255
2458	6	0.06982998576518895
2458	7	0.10785572471481686
2458	8	0.06455390460349264
2458	9	0.05906981780011478
2458	10-14	0.04644247231374976
2458	15-19	0.071018187844345
2458	20-24	0.059739435179189115
2458	25-29	0.034663967813123975
2458	30-34	0.09365557983976913
2458	35-39	0.07780602366624123
2458	40-44	0.060446761670824856
2458	45-49	0.08570052091847202
2458	50-54	0.07603706325562598
2458	55-59	0.09259179541012941
2458	60-64	0.05575982094602239
2458	65-69	0.047677169144222376
2458	70-74	0.07795521853672227
2458	75-79	0.08795075707100608
2458	80-84	0.08158807873109453
2458	85-89	0.09271183889210732
2458	90-94	0.1038490241211818
2458	95-99	0.08399770118813166
2458	100-104	0.050956787455575636
2458	105-109	0.08012105403152248
2458	110-114	0.11801257511461216
2458	115-119	0.12338369043030895
2458	120-124	0.07913614248439416
2458	125-129	0.052162850668622696
2458	130-134	0.09149636151579443
2458	135-139	0.04304711836152819
2458	140-144	0.058450994107388965
2458	145-149	0.06432745361190939
2458	150	0.09697225001853127
2459	1	-0.003546091551008601
2459	2	-0.00862483300925021
2459	3	0.04060414148385405
2459	4	0.030083992458386888
2459	5	0.01653301910700833
2459	6	0.020257788061321946
2459	7	-0.00821927412714274
2459	8	0.09050170606158758
2459	9	-0.0014242896371570168
2459	10-14	0.04157969591751964
2459	15-19	0.013741951123087404
2459	20-24	0.027149118587637133
2459	25-29	0.032507869774676124
2459	30-34	0.03483513338940725
2459	35-39	0.025183183853826563
2459	40-44	0.05776487101596217
2459	45-49	0.08899799250403362
2459	50-54	0.0768233689991078
2459	55-59	0.07138382700823342
2459	60-64	0.07122616906953994
2459	65-69	0.062087335899803975
2459	70-74	0.06942911296407317
2459	75-79	0.09492890791556619
2459	80-84	0.06309143719968091
2459	85-89	0.052634405146093854
2459	90-94	0.0718688542835153
2459	95-99	0.08256209642891577
2459	100-104	0.08784993762660065
2459	105-109	0.09378655524184865
2459	110-114	0.07471101152844284
2459	115-119	0.05874365963228456
2459	120-124	0.08391402787270152
2459	125-129	0.04636057712035324
2459	130-134	0.09921954454885906
2459	135-139	0.022229389326938076
2459	140-144	0.04333536644606539
2459	145-149	0.11405733410420993
2459	150	0.014206594474302392
2460	1	-0.037811683628561354
2460	2	-0.0026400226205467447
2460	3	0.0066478245177279405
2460	4	0.04596280636440042
2460	5	-0.022473282792574878
2460	6	-0.029959061034460888
2460	7	-0.02273882733710053
2460	8	0.10395339895944034
2460	9	0.05776997039389187
2460	10-14	0.0575629972103755
2460	15-19	0.0519899738738161
2460	20-24	0.023572662371201147
2460	25-29	0.043841983757154424
2460	30-34	0.05529736602752422
2460	35-39	0.0860455303822718
2460	40-44	0.026916177979245504
2460	45-49	0.06025135439351459
2460	50-54	0.018860687457895153
2460	55-59	0.03764833618335928
2460	60-64	0.04714227571295737
2460	65-69	0.05744794224702332
2460	70-74	0.07120351013563919
2460	75-79	0.09323056787216188
2460	80-84	0.10603234103901116
2460	85-89	0.04822887413889987
2460	90-94	0.042554861253364606
2460	95-99	0.05192806942699946
2460	100-104	0.0374062846118548
2460	105-109	0.01978754079377154
2460	110-114	0.0374765021042478
2460	115-119	0.09893448618540646
2460	120-124	0.05296014418117778
2460	125-129	0.05643353628798309
2460	130-134	0.04741274984075261
2460	135-139	-0.017564650835197426
2460	140-144	-0.034101234842189854
2460	145-149	0.0476204949746446
2460	150	0.10928861879858687
2461	1	0.02269000298330326
2461	2	0.026627842867796403
2461	3	0.0934457055040383
2461	4	0.05701684773129756
2461	5	0.09129480760547892
2461	6	0.041130650383230716
2461	7	0.006679583864851679
2461	8	0.11103833082663073
2461	9	0.025187567389572507
2461	10-14	0.07165773740021564
2461	15-19	0.07387773662364339
2461	20-24	0.06804477502743111
2461	25-29	0.0950856542966676
2461	30-34	0.07502495683713306
2461	35-39	0.1187771807326854
2461	40-44	0.10906552672783931
2461	45-49	0.08691449988747024
2461	50-54	0.08334200683819404
2461	55-59	0.10857173970579481
2461	60-64	0.07892758493119345
2461	65-69	0.12179185539299198
2461	70-74	0.07947698061163777
2461	75-79	0.0786733881237538
2461	80-84	0.08210605040164154
2461	85-89	0.04826061922468483
2461	90-94	0.05136943937578309
2461	95-99	0.068448225057125
2461	100-104	0.06646451568089162
2461	105-109	0.04849017496722752
2461	110-114	0.07986842225931667
2461	115-119	0.1221834055054245
2461	120-124	0.07820596572614136
2461	125-129	0.0825436031870197
2461	130-134	0.06173552231761903
2461	135-139	0.014711895733121594
2461	140-144	0.0012061169885910772
2461	145-149	0.10120500529436782
2461	150	0.062174691788001724
2462	1	0.04030426669058329
2462	2	-0.015595742342291885
2462	3	0.02672182474010043
2462	4	0.05335849411338245
2462	5	-0.03768753359171484
2462	6	0.06048141557273112
2462	7	-0.016037839842162782
2462	8	0.02617284608758297
2462	9	0.0024625569938478975
2462	10-14	0.030841875360756887
2462	15-19	0.0018110218992219984
2462	20-24	0.049318708250709165
2462	25-29	0.03182410281097248
2462	30-34	0.055418206306164564
2462	35-39	0.04421062591735847
2462	40-44	0.07324526375489171
2462	45-49	0.039498218670374285
2462	50-54	0.07756306908187582
2462	55-59	0.03901867807793735
2462	60-64	0.07351087231928233
2462	65-69	0.10330877194294175
2462	70-74	0.05525226498492941
2462	75-79	0.050363188304764606
2462	80-84	0.0944281147553383
2462	85-89	0.061276787112362285
2462	90-94	0.11715199519777997
2462	95-99	0.08396114603823435
2462	100-104	0.08848812362488445
2462	105-109	0.0819523904451458
2462	110-114	0.05610510811115432
2462	115-119	0.047290963168507005
2462	120-124	0.07156052347517061
2462	125-129	0.05067498475312249
2462	130-134	0.07515569445958192
2462	135-139	0.04167579839904079
2462	140-144	0.020220818029237364
2462	145-149	0.025428085858848704
2462	150	0.07140886919277989
2463	1	-0.013248663493534707
2463	2	0.03855144441241265
2463	3	0.021011527555096166
2463	4	-0.01521967697183868
2463	5	0.025971583270873566
2463	6	2.4380790947731157E-4
2463	7	0.01431244113548047
2463	8	0.06381445932105834
2463	9	0.07031952179164591
2463	10-14	0.04211793830248922
2463	15-19	0.04580075407422868
2463	20-24	0.024124893953150206
2463	25-29	0.03292514265115898
2463	30-34	0.060858486389548716
2463	35-39	0.09053185394120788
2463	40-44	0.05916514865732836
2463	45-49	0.11045069898426618
2463	50-54	0.0774094368427356
2463	55-59	0.09564761638790031
2463	60-64	0.054468256519378144
2463	65-69	0.08437309726554076
2463	70-74	0.10354269744755129
2463	75-79	0.11610348914855706
2463	80-84	0.09085431865413085
2463	85-89	0.11114102675543336
2463	90-94	0.06847460680867812
2463	95-99	0.05702504085290627
2463	100-104	0.11441464552446945
2463	105-109	0.08178100503003805
2463	110-114	0.06652221278181969
2463	115-119	0.08723932859692951
2463	120-124	0.1501288788742272
2463	125-129	0.10958361023787688
2463	130-134	0.1313751754179222
2463	135-139	0.021390724071800093
2463	140-144	0.07772264280777819
2463	145-149	0.07654778895610548
2463	150	0.04221966702789359
2464	1	-0.01978150570996462
2464	2	0.10177284574094614
2464	3	-0.028511150023796006
2464	4	0.021165430663245388
2464	5	0.023192754881165456
2464	6	-0.027890104678263583
2464	7	0.01046374081763446
2464	8	0.046879047729859735
2464	9	-0.012216872383810085
2464	10-14	0.014539423422981201
2464	15-19	0.007498944793454143
2464	20-24	0.02106993058058748
2464	25-29	0.028649308352122205
2464	30-34	0.06289446278798039
2464	35-39	0.013480468811224
2464	40-44	0.04549247190637118
2464	45-49	0.05914581268822161
2464	50-54	0.03112767875705913
2464	55-59	0.026172885262049306
2464	60-64	0.021769285441529007
2464	65-69	0.045588748278859725
2464	70-74	0.03880710076759186
2464	75-79	0.040791181429163714
2464	80-84	0.0327404945841252
2464	85-89	0.03331398776300176
2464	90-94	0.08352780077260746
2464	95-99	0.007866837270512406
2464	100-104	0.015516977637631157
2464	105-109	-0.00260025784726281
2464	110-114	-0.0063851763390587735
2464	115-119	-0.020310989289463066
2464	120-124	0.017052659994284625
2464	125-129	-0.01027705540356294
2464	130-134	-0.01892294575502973
2464	135-139	-0.046941750227489365
2464	140-144	-0.02454176392912899
2464	145-149	0.0028628009900373286
2464	150	0.0593256588626474
2465	1	0.06917349731565992
2465	2	0.028774302893395998
2465	3	0.05479025503498036
2465	4	0.034907438103658706
2465	5	0.0030540973624795242
2465	6	0.0011089011373925928
2465	7	0.006590123825894523
2465	8	0.03601621270336608
2465	9	-0.04249418026456908
2465	10-14	0.014169322184812927
2465	15-19	0.0131839798306288
2465	20-24	0.057947292630444736
2465	25-29	0.053202206785591954
2465	30-34	0.056505450772725396
2465	35-39	0.10439607283400676
2465	40-44	0.08347670249415984
2465	45-49	0.0612566636237446
2465	50-54	0.0769740786106965
2465	55-59	0.09488598029172124
2465	60-64	0.1315988675035129
2465	65-69	0.092175819042005
2465	70-74	0.10725780816347452
2465	75-79	0.1174199251779271
2465	80-84	0.10904095776694334
2465	85-89	0.08176317144988587
2465	90-94	0.0915668556071978
2465	95-99	0.10105455034660338
2465	100-104	0.10177299887431701
2465	105-109	0.06971230366304582
2465	110-114	0.1036911659057651
2465	115-119	0.08928151354178482
2465	120-124	0.04931199968958566
2465	125-129	0.050948408701479764
2465	130-134	0.059684563788160006
2465	135-139	-0.05226056161215098
2465	140-144	0.01430271814611217
2465	145-149	-0.02909365762660343
2465	150	-0.0874251488104747
2466	1	-0.03354215680225536
2466	2	-0.033602290177867644
2466	3	3.077237446973413E-4
2466	4	-0.035980439052394786
2466	5	0.004638601531802067
2466	6	-0.0037664762226370385
2466	7	0.0590209914683939
2466	8	-0.0228043026276481
2466	9	-0.00868291739353566
2466	10-14	0.012413567546353477
2466	15-19	-0.015291051582039472
2466	20-24	0.022099130883731277
2466	25-29	0.009789220705080481
2466	30-34	-0.0029008121799023456
2466	35-39	-0.035112446935578134
2466	40-44	-0.015968189070932226
2466	45-49	-0.012021500897070325
2466	50-54	-0.014688394260168991
2466	55-59	0.018355349264155052
2466	60-64	-0.002356583615110708
2466	65-69	0.011881515750602034
2466	70-74	0.0026132756003605095
2466	75-79	-0.01811714503958939
2466	80-84	0.028340982244337454
2466	85-89	-0.008714098829635475
2466	90-94	0.031945844200727436
2466	95-99	-0.0132950066123243
2466	100-104	0.0234580366511139
2466	105-109	-0.015796000705350366
2466	110-114	0.02332653739122037
2466	115-119	0.017148643647360018
2466	120-124	-0.02635901090096837
2466	125-129	-0.027083803566597453
2466	130-134	-0.05248659529867439
2466	135-139	-0.10557859493407307
2466	140-144	-0.08679372610250624
2466	145-149	-0.09357037308490135
2466	150	-0.05653067907270781
2467	1	-0.060231428839202295
2467	2	-0.024291134871411657
2467	3	0.020560250823471904
2467	4	-0.06804960293859352
2467	5	0.031214430331459653
2467	6	-0.015001531530728585
2467	7	0.028364427638081224
2467	8	0.005620279479806811
2467	9	0.023353571158594377
2467	10-14	0.015262606845510618
2467	15-19	0.009221405478164968
2467	20-24	-0.00950910698218621
2467	25-29	0.008055245260891297
2467	30-34	0.020840204568671084
2467	35-39	0.011961690570373662
2467	40-44	0.0485985734740666
2467	45-49	0.029949393729914675
2467	50-54	0.01825728381876246
2467	55-59	0.020975450840396093
2467	60-64	0.010272465874543002
2467	65-69	-0.009405655729146645
2467	70-74	0.013815221656479082
2467	75-79	0.007624036071831597
2467	80-84	0.03443764732217147
2467	85-89	0.09409672939475655
2467	90-94	0.034010031179896316
2467	95-99	0.04834446676910886
2467	100-104	0.01713025111175881
2467	105-109	0.040682005902034746
2467	110-114	0.040184787584344406
2467	115-119	0.02183164359805545
2467	120-124	0.031351204249993714
2467	125-129	0.039933701076655836
2467	130-134	0.06533146817825752
2467	135-139	-0.004995001633496088
2467	140-144	0.012162622412468238
2467	145-149	0.005122508360180689
2467	150	0.0924694359812861
2468	1	0.120853947093849
2468	2	0.037826281250701754
2468	3	0.04651551595248549
2468	4	0.03414943107747348
2468	5	0.00632691322011425
2468	6	0.02306469260853561
2468	7	0.05289112133852569
2468	8	0.06687102204767115
2468	9	0.014550848840229946
2468	10-14	0.06520967144245304
2468	15-19	2.518055608149439E-4
2468	20-24	0.018766663351264867
2468	25-29	0.03896974018559973
2468	30-34	0.016903083923992313
2468	35-39	0.030260280337145673
2468	40-44	0.05882142131867596
2468	45-49	0.06269797962241341
2468	50-54	0.07553887846710694
2468	55-59	0.07029301160182655
2468	60-64	0.0352213384628115
2468	65-69	0.07699710016619576
2468	70-74	0.06946002884711788
2468	75-79	0.07594649132405351
2468	80-84	0.08217085237421173
2468	85-89	0.0860547323391927
2468	90-94	0.0450938961487779
2468	95-99	0.060041357024040565
2468	100-104	0.03489180288487859
2468	105-109	4.4815513880536173E-4
2468	110-114	0.04196419972887355
2468	115-119	0.06184085143956963
2468	120-124	0.058698131956177235
2468	125-129	0.05793567695288715
2468	130-134	0.07321600210392631
2468	135-139	0.011094132338655527
2468	140-144	0.03643874142995429
2468	145-149	0.0030945619800419877
2468	150	0.04336542482339922
2469	1	0.0935339703226532
2469	2	0.03640674324579862
2469	3	0.09381581276497997
2469	4	0.0800547091778725
2469	5	-0.008295618719493802
2469	6	0.08031466034631052
2469	7	0.012731100690700714
2469	8	0.06801116916343375
2469	9	0.05575035845437526
2469	10-14	0.04918328094045421
2469	15-19	0.041136048688962035
2469	20-24	0.04657399332932499
2469	25-29	0.056639052354917396
2469	30-34	0.06901167858137569
2469	35-39	0.0511984013850153
2469	40-44	0.039917562756286884
2469	45-49	0.05222966112970795
2469	50-54	0.04345531929816815
2469	55-59	0.05378042933314475
2469	60-64	0.04483632104121682
2469	65-69	0.08814647427898592
2469	70-74	0.07573696780697503
2469	75-79	0.08113574154988612
2469	80-84	0.11466917473838834
2469	85-89	0.10558163903682782
2469	90-94	0.11702085446598431
2469	95-99	0.09935165512701616
2469	100-104	0.11797116796424234
2469	105-109	0.12988395330630453
2469	110-114	0.12457492369326673
2469	115-119	0.11009475516908651
2469	120-124	0.06630079036370518
2469	125-129	0.08298632864988065
2469	130-134	0.1208281456063176
2469	135-139	0.08743288572619434
2469	140-144	0.04375652436969091
2469	145-149	0.08387556598054857
2469	150	0.10088510478210111
2470	1	0.011363142141874505
2470	2	0.09171234484550439
2470	3	-0.059736603018080814
2470	4	0.016383981855717877
2470	5	0.054617353452300677
2470	6	0.018117345816527575
2470	7	0.103766962505631
2470	8	0.02689593600462814
2470	9	0.04568379176929227
2470	10-14	0.04476093768789724
2470	15-19	0.049282267367971144
2470	20-24	0.03834322882102725
2470	25-29	0.03388464746458908
2470	30-34	0.014399282619223186
2470	35-39	0.034275203026822965
2470	40-44	0.06440533255307201
2470	45-49	0.0670655246986982
2470	50-54	0.09412949335383303
2470	55-59	0.11662639630414162
2470	60-64	0.09942380931091321
2470	65-69	0.06015934910028875
2470	70-74	0.08961721793634325
2470	75-79	0.09356011951534526
2470	80-84	0.10490360523803588
2470	85-89	0.13909125568639524
2470	90-94	0.1478095688256218
2470	95-99	0.09699910603518447
2470	100-104	0.07121100974777761
2470	105-109	0.1081809336871089
2470	110-114	0.08015608856640455
2470	115-119	0.1426077133083723
2470	120-124	0.1561635349458399
2470	125-129	0.11835805841895564
2470	130-134	0.14559025083254085
2470	135-139	0.09676870982877261
2470	140-144	0.09894074482031101
2470	145-149	0.14421111820338695
2470	150	0.17939871192464807
2471	1	0.051845327508303285
2471	2	0.048968984701097895
2471	3	0.04223851090625175
2471	4	0.060731054582177535
2471	5	0.04539528075001442
2471	6	0.04526633711787298
2471	7	0.11638660021861824
2471	8	0.050686821632702106
2471	9	0.013874730087188425
2471	10-14	0.037270085387476115
2471	15-19	0.04971751933422297
2471	20-24	0.037080375280368116
2471	25-29	0.02721981062797596
2471	30-34	0.026404979464352607
2471	35-39	0.052111365149769995
2471	40-44	0.03698515502087929
2471	45-49	0.046946833332803806
2471	50-54	0.02688521162112778
2471	55-59	0.03555656855768774
2471	60-64	0.04880138661978606
2471	65-69	0.05221115534178722
2471	70-74	0.04262532508933248
2471	75-79	0.0519496292117978
2471	80-84	0.035932590635951556
2471	85-89	0.04472308962293425
2471	90-94	0.04535061379011296
2471	95-99	0.07910205273859106
2471	100-104	0.0744686875386833
2471	105-109	0.05816935701385262
2471	110-114	0.0972482874360523
2471	115-119	0.06747763773021376
2471	120-124	0.08618866706208905
2471	125-129	0.09465978617699022
2471	130-134	0.06219398565882983
2471	135-139	0.06229316407615215
2471	140-144	-0.008523975340459344
2471	145-149	0.042782361360131915
2471	150	0.11267355259306555
2472	1	0.10858124890867771
2472	2	0.09227120919500464
2472	3	0.07294677507143632
2472	4	0.06668737870590746
2472	5	0.07572231087030445
2472	6	0.10463455975983749
2472	7	0.08146766932019744
2472	8	0.08386247263256763
2472	9	0.04565292988049663
2472	10-14	0.08107279121105648
2472	15-19	0.04471582890531778
2472	20-24	0.10707385356295873
2472	25-29	0.0735259769071277
2472	30-34	0.11954363733224938
2472	35-39	0.12288982701336693
2472	40-44	0.11245497393341708
2472	45-49	0.13303414569607952
2472	50-54	0.09716591663230645
2472	55-59	0.08270174531569552
2472	60-64	0.08255104128104307
2472	65-69	0.09494625162393788
2472	70-74	0.06703342839148974
2472	75-79	0.09171131841596747
2472	80-84	0.13987015101501044
2472	85-89	0.05636373994151711
2472	90-94	0.10724266621046041
2472	95-99	0.07182768563898634
2472	100-104	0.13645132882749067
2472	105-109	0.1580193533367691
2472	110-114	0.16040384188210055
2472	115-119	0.17963562708141723
2472	120-124	0.2370624547861766
2472	125-129	0.21056686184038398
2472	130-134	0.21241556951376594
2472	135-139	0.19540895047160944
2472	140-144	0.1534819364538933
2472	145-149	0.19260274023789492
2472	150	0.24284734050671375
2473	1	0.071816302656309
2473	2	0.03875897206369672
2473	3	0.07854981824794294
2473	4	0.040135233450655505
2473	5	0.01460661683169917
2473	6	0.051249054492572554
2473	7	0.0511708249501126
2473	8	0.061538362324370155
2473	9	0.10104781759508796
2473	10-14	0.06188185652975875
2473	15-19	0.07274115734069397
2473	20-24	0.048001805068452086
2473	25-29	0.06796214911870635
2473	30-34	0.0499708335483291
2473	35-39	0.06818320380467924
2473	40-44	0.07226740297576129
2473	45-49	0.1136245043128099
2473	50-54	0.08223039098070473
2473	55-59	0.0566489885954482
2473	60-64	0.0761644702312978
2473	65-69	0.0913393717864821
2473	70-74	0.07989580272141694
2473	75-79	0.03267463786013991
2473	80-84	0.1368231400575155
2473	85-89	0.08884316697311334
2473	90-94	0.15692880987487712
2473	95-99	0.15242855325182347
2473	100-104	0.1463546766089081
2473	105-109	0.13713389015097732
2473	110-114	0.12947160943922853
2473	115-119	0.1270403177331616
2473	120-124	0.1302367090845209
2473	125-129	0.15749640548803967
2473	130-134	0.15062527201428821
2473	135-139	0.13931937716999698
2473	140-144	0.13921974044544783
2473	145-149	0.09783791655799234
2473	150	0.07334210755307424
2474	1	0.031224922272514277
2474	2	0.08447194328098107
2474	3	0.03076280712285495
2474	4	0.08691000383804948
2474	5	0.06368468365480595
2474	6	-0.030401584703895423
2474	7	0.06223562299071972
2474	8	0.00621846947204574
2474	9	0.10101835569235362
2474	10-14	0.05290573179235025
2474	15-19	0.039963171118330365
2474	20-24	0.04066653271267029
2474	25-29	0.055980793235114845
2474	30-34	0.051508081490531765
2474	35-39	0.052828596636224745
2474	40-44	0.06710887745229144
2474	45-49	0.11400797731702283
2474	50-54	0.06174266186318533
2474	55-59	0.10340666717701197
2474	60-64	0.07885338590255486
2474	65-69	0.09079820931344784
2474	70-74	0.10861062184386583
2474	75-79	0.07776996272443881
2474	80-84	0.10794263187676023
2474	85-89	0.07807435374342475
2474	90-94	0.10186845492334129
2474	95-99	0.12149043358849809
2474	100-104	0.1386609055770549
2474	105-109	0.10070118416106766
2474	110-114	0.05629436955904765
2474	115-119	0.05865569044672014
2474	120-124	0.0741391780895242
2474	125-129	0.1122319575953199
2474	130-134	0.16576221230398858
2474	135-139	0.11881100520937338
2474	140-144	0.11469639403376419
2474	145-149	0.11056073683082701
2474	150	0.1646728353615785
2475	1	0.09606813087653165
2475	2	0.03864173408185678
2475	3	0.030826713139177286
2475	4	0.02559125361455017
2475	5	0.03132105215289016
2475	6	0.04306724089862968
2475	7	0.07073934518032843
2475	8	0.0839300404463259
2475	9	0.07484823429459198
2475	10-14	0.07486481134358058
2475	15-19	0.07842254099733736
2475	20-24	0.06305140928674291
2475	25-29	0.0713603166088248
2475	30-34	0.09174562507887885
2475	35-39	0.09227472914199097
2475	40-44	0.07153361743508668
2475	45-49	0.11353376780853353
2475	50-54	0.09313841467830031
2475	55-59	0.05810382654500046
2475	60-64	0.05077908271641718
2475	65-69	0.09833283738651488
2475	70-74	0.09867362652307321
2475	75-79	0.11039547455629162
2475	80-84	0.0967330816183889
2475	85-89	0.04855949764167633
2475	90-94	0.1205364322070821
2475	95-99	0.09689776087705582
2475	100-104	0.05296621295572379
2475	105-109	0.0378439045909289
2475	110-114	0.08856399076909582
2475	115-119	0.07870928322184767
2475	120-124	0.08731119958779487
2475	125-129	0.08728573556356167
2475	130-134	0.10402475293211921
2475	135-139	0.025736658203804552
2475	140-144	0.09354946463469105
2475	145-149	0.057154395831524596
2475	150	0.10886055758930979
2476	1	0.07721161037773783
2476	2	0.13014998668916178
2476	3	0.07719727499490148
2476	4	0.02265840843890743
2476	5	0.036051087042643815
2476	6	0.024316318942126713
2476	7	0.07079380153628989
2476	8	0.051946483926414544
2476	9	0.0871985199305243
2476	10-14	0.0843615059467453
2476	15-19	0.04972461326313038
2476	20-24	0.020690420832394807
2476	25-29	0.08114421325351628
2476	30-34	0.019610994410598437
2476	35-39	0.05577849527338685
2476	40-44	0.035557825169838964
2476	45-49	0.047773961927902064
2476	50-54	0.05394416079861486
2476	55-59	0.057414531247928835
2476	60-64	0.02081215293068084
2476	65-69	0.016059161056126925
2476	70-74	0.11923364321089736
2476	75-79	0.08274339478487747
2476	80-84	0.10322901006352225
2476	85-89	0.06714190381980956
2476	90-94	0.011894312490177583
2476	95-99	0.09081640256138002
2476	100-104	0.023326359221066184
2476	105-109	0.09471461363477118
2476	110-114	0.10417952629666871
2476	115-119	0.09128568620407407
2476	120-124	0.145700734089921
2476	125-129	0.08985410005983852
2476	130-134	0.16013390478413214
2476	135-139	0.0883782853441204
2476	140-144	0.1249785540763213
2476	145-149	0.1334000524822443
2476	150	0.130911612697453
2477	1	0.10965632505990897
2477	2	0.09012105689254923
2477	3	0.041052849251691725
2477	4	0.054144823608254455
2477	5	0.05422078784575746
2477	6	0.020778619964104905
2477	7	0.07931751701774203
2477	8	0.09461323414483758
2477	9	0.07790521441732068
2477	10-14	0.07842093670469552
2477	15-19	0.05539491867418178
2477	20-24	0.08148704116373295
2477	25-29	0.07202087029541815
2477	30-34	0.07826071312511118
2477	35-39	0.07608817856326766
2477	40-44	0.04651696999147248
2477	45-49	0.04401784037445111
2477	50-54	0.022913990454199507
2477	55-59	0.09416922426213148
2477	60-64	0.06771499039411566
2477	65-69	0.07122290455352243
2477	70-74	0.11161325279571344
2477	75-79	0.05580377496497135
2477	80-84	0.11277823200408932
2477	85-89	0.14867694546023813
2477	90-94	0.0592225981223109
2477	95-99	0.02373594580741667
2477	100-104	0.10498743346823147
2477	105-109	0.07050815462686444
2477	110-114	-0.04608245089696794
2477	115-119	0.10430862475207903
2477	120-124	-0.0487644579534674
2477	125-129	0.1050660555332712
2477	130-134	-0.0267530382626191
2477	135-139	-0.013729196813827116
2477	140-144	0.14982667753971413
2477	145-149	0.10150795435722415
2477	150	-0.2481041018871224
2478	1	0.07056045345876782
2478	2	0.022833353386488398
2478	3	0.013506643636681304
2478	4	0.07174233322483303
2478	5	0.013549492620910542
2478	6	0.043945494974487076
2478	7	0.04183287265651359
2478	8	0.030463024105024772
2478	9	0.02801555245345355
2478	10-14	0.03702778896848713
2478	15-19	0.039875825105632146
2478	20-24	0.04509391036167898
2478	25-29	0.07334205598861132
2478	30-34	0.04528208610993545
2478	35-39	0.05211491580068639
2478	40-44	0.013765744322405737
2478	45-49	0.041025483801398366
2478	50-54	0.06737101168042159
2478	55-59	0.021237077436985885
2478	60-64	0.03883513555680196
2478	65-69	0.06031643924295338
2478	70-74	0.04017367163996255
2478	75-79	0.06482002867777936
2478	80-84	0.03935016316243889
2478	85-89	0.060651877768016504
2478	90-94	0.0412808577020769
2478	95-99	0.03919032192052896
2478	100-104	0.04862023287073214
2478	105-109	0.028800218916614995
2478	110-114	0.05181330606807677
2478	115-119	0.041780866869686406
2478	120-124	-0.04082237723760329
2478	125-129	-0.004246719858223003
2478	130-134	0.012018175178369006
2478	135-139	0.044389361861611576
2478	140-144	0.04680411368146764
2478	145-149	0.10661468542095065
2478	150	0.049532327227922224
2479	1	0.09667607746032303
2479	2	0.06834470819963201
2479	3	0.005034406472461228
2479	4	0.021553690780272916
2479	5	-0.004255641056332138
2479	6	0.00920984185265894
2479	7	0.08494963430563729
2479	8	0.07977465077878065
2479	9	0.03764325400132407
2479	10-14	0.0369326491137798
2479	15-19	0.06153620639524604
2479	20-24	0.04884312681929259
2479	25-29	0.03532142320602816
2479	30-34	0.06571426886308984
2479	35-39	0.051893325226266995
2479	40-44	0.07610937619777047
2479	45-49	0.07027481652266232
2479	50-54	0.09460206577556107
2479	55-59	0.08895854509482604
2479	60-64	0.06457997504886492
2479	65-69	0.07983251956921578
2479	70-74	0.10268262020924368
2479	75-79	0.10972411887046718
2479	80-84	0.04134697073935456
2479	85-89	0.04950972731717229
2479	90-94	0.0786935767998358
2479	95-99	0.10576273795066982
2479	100-104	0.0783918157618615
2479	105-109	0.0912554898628457
2479	110-114	0.13710160991199416
2479	115-119	0.08740678154335768
2479	120-124	0.10010617748914541
2479	125-129	0.08824543254792871
2479	130-134	0.10180099012833921
2479	135-139	0.08196252967054818
2479	140-144	0.07062467204881528
2479	145-149	0.10557188562987818
2479	150	0.2133136593903444
2480	1	0.023465150155807635
2480	2	0.07030791981489415
2480	3	0.03421490562870133
2480	4	0.10988750907478817
2480	5	0.02754031965437065
2480	6	0.013101932703705188
2480	7	0.020657750075464776
2480	8	0.07254030931363076
2480	9	0.05334933854748414
2480	10-14	0.04879553055075547
2480	15-19	0.0809568846960147
2480	20-24	0.052106582664393386
2480	25-29	0.06891786266413646
2480	30-34	0.10505437181062405
2480	35-39	0.054927550431273175
2480	40-44	0.07643826211727855
2480	45-49	0.054910972277838255
2480	50-54	0.05186074667854257
2480	55-59	0.09799260816745914
2480	60-64	0.1060736711409973
2480	65-69	0.10608776945345255
2480	70-74	0.14966071158219307
2480	75-79	0.14646314592216214
2480	80-84	0.1210700455054905
2480	85-89	0.1463694111433682
2480	90-94	0.14317665191581597
2480	95-99	0.13077234905879465
2480	100-104	0.08630651272247292
2480	105-109	0.09668628485847108
2480	110-114	0.14153816269567443
2480	115-119	0.18574573402982253
2480	120-124	0.12180550756391284
2480	125-129	0.10394193535776708
2480	130-134	0.1338045507746628
2480	135-139	0.14089934595197917
2480	140-144	0.1436205455056836
2480	145-149	0.1604045857723122
2480	150	0.08196685236038093
2481	1	-0.1590696786853485
2481	2	-0.007096700563728575
2481	3	-0.040472789647431284
2481	4	0.01896628749909013
2481	5	-0.020909705192131867
2481	6	4.883183877311126E-4
2481	7	0.040897921606415366
2481	8	0.04727208330159982
2481	9	0.039028979796910335
2481	10-14	0.06125358983923235
2481	15-19	0.05787418462423233
2481	20-24	0.06320543518167199
2481	25-29	0.0948236632189392
2481	30-34	0.06383680707067185
2481	35-39	0.06529868639556469
2481	40-44	0.0646308077490545
2481	45-49	0.07184531876001188
2481	50-54	0.06681781824351418
2481	55-59	0.027774645726800884
2481	60-64	0.028775173916940844
2481	65-69	0.0942936588185006
2481	70-74	0.0889438266936935
2481	75-79	0.09684641919999848
2481	80-84	0.07937194969017014
2481	85-89	0.07519728037896556
2481	90-94	0.07885197146689649
2481	95-99	0.015332918509791682
2481	100-104	0.07587155663275524
2481	105-109	0.06781830608414197
2481	110-114	0.11294403075253001
2481	115-119	0.015126127829248048
2481	120-124	0.042462337818818696
2481	125-129	0.035139453162251755
2481	130-134	0.08951158192979136
2481	135-139	0.045862614127337054
2481	140-144	0.0799539905155271
2481	145-149	0.06772945971842859
2481	150	0.14677483186064677
2482	1	0.07837121469004416
2482	2	-0.019981507208356675
2482	3	0.05130327915446742
2482	4	0.05521796023909076
2482	5	0.02398650962226867
2482	6	0.03023126048049818
2482	7	0.0067892167484373545
2482	8	-0.0019567143508751883
2482	9	0.06411645281951195
2482	10-14	0.07350774365708901
2482	15-19	0.06419933268639966
2482	20-24	0.09225165085158693
2482	25-29	0.0978142416159713
2482	30-34	0.05069539597781869
2482	35-39	0.050699843750457774
2482	40-44	0.06127254371242685
2482	45-49	0.07944674898402582
2482	50-54	0.07974264898847139
2482	55-59	0.06101273532028273
2482	60-64	0.06553727104187601
2482	65-69	0.07124617879819084
2482	70-74	0.09864484367147242
2482	75-79	0.11144180072329135
2482	80-84	0.09091329457930897
2482	85-89	0.10887337103407191
2482	90-94	0.10573918879587296
2482	95-99	0.09376650586041535
2482	100-104	0.0763154259873744
2482	105-109	0.06370173107756472
2482	110-114	0.08198493373058113
2482	115-119	0.10294457299313109
2482	120-124	0.08358607298861642
2482	125-129	0.055031821382151236
2482	130-134	0.11489349752930877
2482	135-139	0.08621284061936763
2482	140-144	0.06560240989211508
2482	145-149	0.15834179787601954
2482	150	0.050929147407863695
2483	1	0.08868933084534802
2483	2	0.07190065782999255
2483	3	0.09457263839052388
2483	4	0.049334096331818955
2483	5	0.0372258641887413
2483	6	0.046815426420018014
2483	7	0.10416348663625996
2483	8	0.052074447352048026
2483	9	0.07047123986603765
2483	10-14	0.05126231443998108
2483	15-19	0.058870249114761464
2483	20-24	0.06358886401999087
2483	25-29	0.06591439165705282
2483	30-34	0.07240002105869081
2483	35-39	0.08389142202018718
2483	40-44	0.10266056984211502
2483	45-49	0.10038018182256536
2483	50-54	0.08977302175814827
2483	55-59	0.08100701655345688
2483	60-64	0.07241834451197349
2483	65-69	0.10654791820647347
2483	70-74	0.11893551316268969
2483	75-79	0.07709701839212357
2483	80-84	0.07630736683349681
2483	85-89	0.10633329993918039
2483	90-94	0.11615599574294322
2483	95-99	0.10608236113338165
2483	100-104	0.13936516871862636
2483	105-109	0.1467729209572184
2483	110-114	0.08573421682987714
2483	115-119	0.15626961429722286
2483	120-124	0.1593944999083874
2483	125-129	0.13153435226364252
2483	130-134	0.125573170484941
2483	135-139	0.14165639783803385
2483	140-144	0.14648316573889275
2483	145-149	0.16233527766956257
2483	150	0.19387768904658031
2484	1	0.05801434764703828
2484	2	0.07736938425741613
2484	3	0.10217858003075264
2484	4	0.10094449331176492
2484	5	0.0608692479022821
2484	6	-0.022081545162301097
2484	7	0.08882822116949285
2484	8	0.07476145896823283
2484	9	0.07488916774613585
2484	10-14	0.07662392642374982
2484	15-19	0.06139220406514312
2484	20-24	0.0899234015574919
2484	25-29	0.08179289748724727
2484	30-34	0.13254548007212463
2484	35-39	0.10697935527439739
2484	40-44	0.10656193251060841
2484	45-49	0.102972886142922
2484	50-54	0.0960424639816182
2484	55-59	0.08800893640845686
2484	60-64	0.10813971678582135
2484	65-69	0.13873430756259353
2484	70-74	0.09781632654726735
2484	75-79	0.08907359781382951
2484	80-84	0.09988362705023945
2484	85-89	0.10874991238323872
2484	90-94	0.10156339366452727
2484	95-99	0.09917204902833987
2484	100-104	0.133984872597523
2484	105-109	0.14867055948239738
2484	110-114	0.12693953651113787
2484	115-119	0.1386301000181689
2484	120-124	0.09667748963686051
2484	125-129	0.09217132208938494
2484	130-134	0.09127191051963734
2484	135-139	0.06061331484134769
2484	140-144	0.14384941089674186
2484	145-149	0.14546018201794197
2484	150	0.13940804122456285
2485	1	0.11986447314004778
2485	2	0.02000115191606966
2485	3	0.04373469333301472
2485	4	0.0744116858538888
2485	5	0.0418660209392101
2485	6	0.07723720707864601
2485	7	0.01998634235988561
2485	8	0.05647533490942891
2485	9	0.040826779793469825
2485	10-14	0.07755616019930045
2485	15-19	0.06375864364921568
2485	20-24	0.0721392495316664
2485	25-29	0.06458242778484902
2485	30-34	0.08363906200114002
2485	35-39	0.08984059586241244
2485	40-44	0.07314493717177584
2485	45-49	0.07830454623614713
2485	50-54	0.07653726498556779
2485	55-59	0.09338720819046387
2485	60-64	0.08849109720890169
2485	65-69	0.10115811537901465
2485	70-74	0.10427025268566581
2485	75-79	0.10169460892892346
2485	80-84	0.08417907344679065
2485	85-89	0.10315650972996337
2485	90-94	0.07581939940135385
2485	95-99	0.03879198448908028
2485	100-104	0.08973962340426311
2485	105-109	0.07000437088433387
2485	110-114	0.02554118584782117
2485	115-119	0.07710267083208322
2485	120-124	0.05702169903090493
2485	125-129	0.04240438053327722
2485	130-134	0.043297726224196253
2485	135-139	0.03594497493456572
2485	140-144	0.05557404338150462
2485	145-149	0.08708800561062446
2485	150	0.08275691178749156
2486	1	0.11268371424299772
2486	2	0.1009351547560513
2486	3	0.022833955222466784
2486	4	0.02274603271372655
2486	5	0.014162029645532925
2486	6	0.012611577441759891
2486	7	0.03380993820447742
2486	8	0.039806830732381115
2486	9	0.06765028244627302
2486	10-14	0.05343591436252382
2486	15-19	0.054562692911346744
2486	20-24	0.04376288739153722
2486	25-29	0.05260315742915367
2486	30-34	0.03808212734753624
2486	35-39	0.026112703244635327
2486	40-44	0.04877862710848291
2486	45-49	0.07004914387665906
2486	50-54	0.04380099300454532
2486	55-59	0.0670582727723712
2486	60-64	0.0888616782991889
2486	65-69	0.0771207628471231
2486	70-74	0.1169565675507016
2486	75-79	0.0853583855971678
2486	80-84	0.046373180882710585
2486	85-89	0.07627877261609939
2486	90-94	0.05042177531806402
2486	95-99	0.07246646715620386
2486	100-104	0.10240973869356651
2486	105-109	0.084942805862525
2486	110-114	0.10425148733114753
2486	115-119	0.10382417428412083
2486	120-124	0.0728762313897775
2486	125-129	0.07282648878423004
2486	130-134	0.11549322048026056
2486	135-139	0.09516021163381083
2486	140-144	0.09966938963637517
2486	145-149	0.09948977909771628
2486	150	0.220558628095894
2487	1	0.014224877704663186
2487	2	-0.03876956991162217
2487	3	0.01239670605333032
2487	4	0.025522451121013034
2487	5	0.02497491261955531
2487	6	-0.016386549790681215
2487	7	-0.002920504415300229
2487	8	0.044041029304388246
2487	9	0.027657597582823712
2487	10-14	0.02894563971310049
2487	15-19	0.04551777658400624
2487	20-24	0.02637953025314488
2487	25-29	0.03239507111671713
2487	30-34	0.007421976399534458
2487	35-39	0.007949805648053143
2487	40-44	-0.0033191086715689266
2487	45-49	0.02693607486050098
2487	50-54	0.027342083932154537
2487	55-59	0.021065175853756557
2487	60-64	0.013169077621533631
2487	65-69	0.043847324123355236
2487	70-74	0.09253136983753762
2487	75-79	0.043091613061662315
2487	80-84	0.06712759986564265
2487	85-89	0.07910625499765445
2487	90-94	0.08046096068347453
2487	95-99	0.07942750170786894
2487	100-104	0.08952018413753393
2487	105-109	0.09461591031233496
2487	110-114	0.08848106532956024
2487	115-119	0.0681911379545923
2487	120-124	0.09068649619309355
2487	125-129	0.09195420659280273
2487	130-134	0.10555705507793078
2487	135-139	0.013726642410475165
2487	140-144	0.08906137987052176
2487	145-149	0.12091664740906083
2487	150	0.04024353707723094
2488	1	0.03729094431395197
2488	2	0.02038427775737972
2488	3	0.024933927229518815
2488	4	0.03514625756766776
2488	5	0.012016844091718326
2488	6	-0.01660590199404055
2488	7	-0.0061804425375839855
2488	8	0.03248727336997348
2488	9	-0.03436659070317205
2488	10-14	0.01926023849206615
2488	15-19	0.04143786179835729
2488	20-24	0.016903370281326602
2488	25-29	-0.0015048225342653154
2488	30-34	0.04085200025649982
2488	35-39	0.009944885124468783
2488	40-44	0.02927565143504296
2488	45-49	0.01162122496669582
2488	50-54	0.010182153824430884
2488	55-59	0.024266885497858937
2488	60-64	0.024678311574078293
2488	65-69	0.060823676465730614
2488	70-74	0.03200769299628803
2488	75-79	0.04413565956926391
2488	80-84	0.04194992443011358
2488	85-89	0.03655570407281061
2488	90-94	0.009811404574570304
2488	95-99	0.06102060620605698
2488	100-104	0.06952542240811965
2488	105-109	0.003478930803638036
2488	110-114	0.03471876933699036
2488	115-119	0.04239411228238765
2488	120-124	0.06940375817084288
2488	125-129	0.0453830311313439
2488	130-134	0.04353252895575821
2488	135-139	0.017322305233442137
2488	140-144	0.06592275087668042
2488	145-149	0.053094611181741413
2488	150	0.11004652398942483
>>END_MODULE
>>Per sequence quality scores	pass
#Quality	Count
13	18.0
14	269.0
15	1279.0
16	3355.0
17	5434.0
18	7764.0
19	10820.0
20	14963.0
21	19762.0
22	25804.0
23	34762.0
24	46069.0
25	61229.0
26	83584.0
27	115683.0
28	158886.0
29	215435.0
30	281684.0
31	361684.0
32	464420.0
33	625379.0
34	958708.0
35	2119750.0
36	2.632743E7
37	8045281.0
>>END_MODULE
>>Per base sequence content	fail
#Base	G	A	T	C
1	31.647644313781733	15.060361829621954	14.352957622743348	38.93903623385297
2	25.774746596585423	26.490236237114644	30.955372221407284	16.779644944892645
3	26.66092281494613	27.287318402619732	21.701141696807554	24.350617085626585
4	27.482467126581277	33.24389391482534	17.018537788414807	22.255101170178577
5	27.727877239181936	31.644794099001693	20.27827748612715	20.34905117568922
6	22.589429332514985	31.90046965384772	22.211904779290297	23.298196234346996
7	21.030915981408796	14.765980634840986	38.57238135851191	25.630722025238306
8	23.074127147328753	19.265040191098393	26.08690411661555	31.5739285449573
9	23.4295408699274	20.25559390011146	28.352539064551323	27.962326165409817
10-14	26.062793758714175	24.90871842904974	23.76960954603729	25.2588782661988
15-19	25.836570103536303	24.18620590249649	24.918538018475473	25.058685975491734
20-24	25.86125787231351	24.848217723495864	24.463717827028166	24.826806577162465
25-29	25.821958250390626	24.778211014244455	24.368845564575377	25.03098517078954
30-34	25.662719259068616	24.782096538857296	24.491071295500625	25.064112906573467
35-39	25.653180743762128	24.800089783675954	24.44241846574942	25.104311006812495
40-44	25.721001628129336	24.642085117845575	24.451431842576888	25.185481411448198
45-49	25.606247867562676	24.665121692590336	24.465764622130855	25.26286581771613
50-54	25.624369146143838	24.6427973056495	24.385830543514324	25.347003004692336
55-59	25.616249004862585	24.566301133608935	24.41081363155464	25.406636229973845
60-64	25.622425133507704	24.61348557614643	24.406022868230355	25.35806642211551
65-69	25.648532518025004	24.715235407576976	24.312009576925437	25.324222497472583
70-74	25.679954303949952	24.604996337534207	24.331383685877967	25.38366567263787
75-79	25.646497481385843	24.520831643304337	24.41458912715283	25.41808174815699
80-84	25.63063729905576	24.62518816211835	24.35279983331605	25.391374705509843
85-89	25.646827428353518	24.586299586871988	24.3085372937357	25.458335691038798
90-94	25.544769976662945	24.654055479457146	24.326245493348512	25.474929050531404
95-99	25.596129699401732	24.64233668418362	24.335974396448343	25.425559219966303
100-104	25.611999884369506	24.620065811354454	24.276962835099617	25.490971469176422
105-109	25.548398112582287	24.580445863574223	24.318630322816126	25.552525701027363
110-114	25.50722525529982	24.72656439503097	24.29185526223265	25.474355087436557
115-119	25.645655759423757	24.69956077417615	24.15308866948214	25.501694796917945
120-124	25.634430723078516	24.73816672017254	24.177883436946683	25.44951911980226
125-129	25.53728420459791	24.79121826184067	24.147426316861996	25.52407121669943
130-134	25.63285353536212	24.778666081125454	24.089458171589808	25.499022211922618
135-139	25.592086633245188	24.773371738127345	24.13025364788695	25.50428798074052
140-144	25.61092610121289	24.86563756862685	24.07297654391463	25.450459786245634
145-149	25.632811908867403	24.81127506010849	23.948817910231497	25.60709512079261
150	25.39624357257163	24.87410465124479	24.196253555275447	25.533398220908133
>>END_MODULE
>>Per sequence GC content	pass
#GC Content	Count
0	688.0
1	721.0
2	716.5
3	771.0
4	911.5
5	986.5
6	951.5
7	919.0
8	948.5
9	963.0
10	1015.0
11	1128.0
12	1244.0
13	1324.0
14	1569.0
15	1998.0
16	3266.0
17	5078.0
18	6872.0
19	9180.5
20	13039.0
21	19574.5
22	29895.0
23	44183.5
24	61922.0
25	82395.5
26	109793.0
27	145621.5
28	189150.0
29	235339.5
30	283941.0
31	340468.0
32	401440.5
33	462037.0
34	522057.0
35	593452.0
36	671849.5
37	752179.5
38	828614.0
39	904112.0
40	968491.5
41	1013395.5
42	1063287.5
43	1121393.0
44	1155470.0
45	1177561.0
46	1204630.0
47	1213597.0
48	1211332.0
49	1211091.0
50	1229334.0
51	1244657.5
52	1230861.5
53	1211304.5
54	1185849.5
55	1171507.0
56	1134009.0
57	1075179.5
58	1042242.0
59	1035247.5
60	1023658.0
61	977884.0
62	907385.5
63	842197.5
64	801367.0
65	734920.0
66	656080.0
67	587628.5
68	516740.5
69	443845.5
70	378897.0
71	328002.5
72	292512.0
73	260013.0
74	229518.0
75	205924.5
76	181734.0
77	162820.5
78	146689.5
79	129020.0
80	108682.0
81	88209.5
82	75512.5
83	65023.0
84	52603.5
85	41912.5
86	32679.0
87	24676.5
88	18046.0
89	13517.5
90	9750.5
91	6576.0
92	4091.5
93	2700.0
94	2104.5
95	1618.0
96	1123.5
97	616.5
98	410.0
99	233.5
100	95.5
>>END_MODULE
>>Per base N content	pass
#Base	N-Count
1	0.004618717955924978
2	1.350356088900643E-4
3	6.501714502114207E-5
4	0.0
5	3.75098913583512E-5
6	0.0
7	1.25032971194504E-5
8	0.0
9	0.0
10-14	0.0
15-19	0.0
20-24	1.000263769556032E-6
25-29	0.0
30-34	0.0
35-39	0.0
40-44	0.0
45-49	0.0
50-54	0.0
55-59	0.0
60-64	0.0
65-69	0.0
70-74	0.0
75-79	0.0
80-84	0.0
85-89	1.700448408245254E-5
90-94	1.3003429004228415E-5
95-99	0.0
100-104	0.0
105-109	0.0
110-114	0.0
115-119	0.0
120-124	1.850487973678659E-4
125-129	2.750725366279088E-5
130-134	2.4006330469344767E-5
135-139	0.0
140-144	0.0
145-149	2.5506726123678817E-5
150	7.151885952325628E-4
>>END_MODULE
>>Sequence Length Distribution	pass
#Length	Count
150	3.9989452E7
>>END_MODULE
>>Sequence Duplication Levels	fail
#Total Deduplicated Percentage	38.6586765895604
#Duplication Level	Percentage of total
1	24.87929799404622
2	13.153320855336526
3	7.990543370784526
4	5.304380778007722
5	3.9438102862984117
6	3.0073813340156104
7	2.450738414364296
8	2.012569758066673
9	1.6289789115945617
>10	18.43817036581259
>50	5.0279226192287
>100	8.049109361102847
>500	1.9605182512356798
>1k	1.6932304877913922
>5k	0.3481281645115504
>10k+	0.11189904780232654
>>END_MODULE
>>Overrepresented sequences	pass
>>END_MODULE
>>Adapter Content	pass
#Position	Illumina Universal Adapter	Illumina Small RNA 3' Adapter	Illumina Small RNA 5' Adapter	Nextera Transposase Sequence	PolyA	PolyG
1	1.1503033349894367E-4	2.1755736987843694E-4	0.0	1.5003956543340479E-5	0.003050804497145897	0.0
2	2.4256396411733775E-4	6.426694719397505E-4	0.0	7.001846386892223E-5	0.010230197703134316	0.0
3	6.451701313636406E-4	6.626747473308712E-4	0.0	7.001846386892223E-5	0.012968419772293955	1.0252703637949328E-4
4	0.0013378527917811927	6.651754067547612E-4	0.0	7.752044214059248E-5	0.01626929021182886	1.8254813794397584E-4
5	0.0015229015891490586	6.851806821458819E-4	0.0	7.752044214059248E-5	0.01872493776608892	2.8757583374735917E-4
6	0.0019505143506342623	7.351938706236835E-4	2.50065942389008E-6	8.002110156448256E-5	0.02095552597219887	5.601477109513778E-4
7	0.002098053256643777	0.0011102927842071954	2.50065942389008E-6	8.252176098837264E-5	0.023611226280370132	9.4024794338267E-4
8	0.002353120517880565	0.0011202954219027557	2.50065942389008E-6	8.75230798361528E-5	0.03186590303863129	0.0014828910383668174
9	0.0026256923950845838	0.001132798719022206	2.50065942389008E-6	9.002373926004287E-5	0.043686520135359695	0.0023956317280866965
10-11	0.003328377693197696	0.0011540543241252718	2.50065942389008E-6	9.377472839587798E-5	0.053934222454461236	0.0032095963705629175
12-13	0.00390728034982825	0.0011803112480761177	2.50065942389008E-6	1.0252703637949328E-4	0.06202135503132176	0.0041836032161681035
14-15	0.00453744652464855	0.0012265734474180843	2.50065942389008E-6	1.162806632108887E-4	0.07567120449662576	0.005218876217658597
16-17	0.005222627206794431	0.0012778369656078307	2.50065942389008E-6	1.4253758716173455E-4	0.09108651951519615	0.006396686806310824
18-19	0.00612536525881875	0.001281587954743666	2.50065942389008E-6	1.5754154370507502E-4	0.10306967947447743	0.00735318903594878
20-21	0.007179393205988419	0.0012990925707108965	2.50065942389008E-6	1.600422031289651E-4	0.115591731539607	0.00851224467892183
22-23	0.008393463356287052	0.0013128461975422919	2.50065942389008E-6	1.725455002484155E-4	0.1290752871532223	0.009731316148068245
24-25	0.009786330655393827	0.001347855429476753	2.50065942389008E-6	1.9380110535148118E-4	0.14059707544879585	0.010719076620504827
26-27	0.011396755324379039	0.0013878659802589943	2.50065942389008E-6	2.0005275391120637E-4	0.1520888558312827	0.011804362810473121
28-29	0.013199730769003788	0.001447881806432356	1.2503297119450398E-5	2.0255341333509647E-4	0.1632205412567294	0.012957166804886448
30-31	0.015155246438485828	0.0014903930166384875	1.2503297119450398E-5	2.063044024709316E-4	0.17347324489467875	0.014248757397325675
32-33	0.017157024307309837	0.0015204009297251685	1.2503297119450398E-5	2.0755473218287662E-4	0.18333709599221315	0.015596612826802428
34-35	0.019198812726916085	0.0015641624696432449	1.5003956543340479E-5	2.1755736987843694E-4	0.19289336598060908	0.01702073836870783
36-37	0.02112181982388756	0.0016541862089032877	1.5003956543340479E-5	2.288103372859423E-4	0.20183572408044	0.018546140617280778
38-39	0.02320361879427605	0.001690445770549694	1.5003956543340479E-5	2.4381429382928278E-4	0.2108631046006832	0.020244088366102142
40-41	0.025360437547381244	0.0017392086293155505	1.5003956543340479E-5	2.575679206606782E-4	0.22122208626414785	0.02201455523821632
42-43	0.027531009927317836	0.0018117277526083627	1.5003956543340479E-5	2.888261634593042E-4	0.2305320412992906	0.02377376914292299
44-45	0.02959905527087493	0.0019542653397700976	1.5003956543340479E-5	2.975784714429195E-4	0.2399170161171501	0.025669268986231668
46-47	0.031760875342827906	0.002081798970388491	1.5003956543340479E-5	3.100817685623699E-4	0.25021973294357724	0.027632286633985384
48-49	0.03395395365757951	0.0023056079888266537	1.7504615967230557E-5	3.2133473596987526E-4	0.25933338621394464	0.02952653614758212
50-51	0.03608451548673385	0.002428140300597267	2.125560510306568E-5	3.3883935193710583E-4	0.2686883531187174	0.03146704786052082
52-53	0.03825258720724655	0.002756977014838813	2.2505934815010718E-5	3.650962758879517E-4	0.2791636154453929	0.03337255034152506
54-55	0.040439413873438426	0.002900764931712493	2.750725366279088E-5	3.988551781104677E-4	0.29271843985258916	0.03541308843141937
56-57	0.04270501131148284	0.002953278779614184	3.2508572510571036E-5	4.676233122674449E-4	0.30344251779194176	0.037761207630452154
58-59	0.044983112046646706	0.003002041638380041	3.2508572510571036E-5	5.32640457288587E-4	0.31349766933540374	0.04002805539820851
60-61	0.04756129191267737	0.0030408018594503374	3.2508572510571036E-5	6.2766551539641E-4	0.3239204178141776	0.0424349400937027
62-63	0.05015697639467528	0.0031220732907267647	3.2508572510571036E-5	6.951833198414422E-4	0.33538844193213746	0.044800563908702726
64-65	0.05283518263766155	0.0031870904357479066	3.2508572510571036E-5	7.627011242864743E-4	0.34538607830885004	0.047475019162553166
66-67	0.05571844295340682	0.0033383803308932565	3.2508572510571036E-5	8.389712367151218E-4	0.3560376371249099	0.050040695731464385
68-69	0.05891303536742639	0.0033708889034038273	3.5009231934461115E-5	9.765075050290761E-4	0.36689550034344054	0.05289019714498713
70-71	0.06267652780038097	0.0034596623129519253	3.5009231934461115E-5	0.001030271682642713	0.37771210268147715	0.05675496628460926
72-73	0.06738151850643015	0.0035571880304836384	4.126088049418632E-5	0.0011090424544952504	0.38789853884469333	0.0602708934345987
74-75	0.07266541186910988	0.0036109522080972753	4.251121020613136E-5	0.0011753099292283375	0.39719223959358085	0.06431320939331703
76-77	0.07865449118932663	0.003625956164640616	4.251121020613136E-5	0.001225323117706139	0.40878154569359937	0.06799167940585932
78-79	0.0855688144963827	0.003638459461760066	4.251121020613136E-5	0.0012428277336733696	0.4200120071662897	0.07144884105938737
80-81	0.09375222246106299	0.0036547137480153515	4.251121020613136E-5	0.0012778369656078307	0.42936447341163864	0.07553116756888792
82-83	0.10354480476501654	0.0036934739690856477	4.251121020613136E-5	0.001280337625031721	0.43977471859329303	0.07925965076990803
84-85	0.11578553264495847	0.00376099177353068	4.251121020613136E-5	0.0012978422409989515	0.45391594763539145	0.08292436715561893
86-87	0.12992801201676882	0.0038097546322965366	4.5011869630021436E-5	0.0013391031214931377	0.46890615055190055	0.08667535629145406
88-89	0.14658365410958868	0.003826008918551822	5.501450732558176E-5	0.0013666103751559288	0.48122439887398305	0.09085895950762216
90-91	0.16605128772457295	0.003858517491062393	5.62648370375268E-5	0.001377863342563434	0.4938014654464382	0.09563396867754027
92-93	0.1885972330903659	0.003879773096165459	5.7515166749471836E-5	0.0013941176288187196	0.5054445357240704	0.10023518201749801
94-95	0.21490166957026569	0.003898528041844634	5.7515166749471836E-5	0.0014128725744978951	0.5184517157174346	0.10517648503910482
96-97	0.24505086991439642	0.003928535954931315	5.7515166749471836E-5	0.0014216248824815104	0.5294796237767899	0.11065668016655993
98-99	0.2791573637968332	0.0039610445274418865	5.7515166749471836E-5	0.0014303771904651257	0.539761084998114	0.1163331770587904
100-101	0.31818640575519763	0.0039747981542732815	5.8765496461416876E-5	0.0014353785093129058	0.550246349962485	0.12189464361752195
102-103	0.3624705834928671	0.0040060563970719075	6.376681530919704E-5	0.0014553837847040263	0.5606378401984604	0.12774368601000086
104-105	0.41303516737363644	0.004042315958718314	6.751780444503215E-5	0.0014666367521115318	0.5701816068897367	0.13357397345680055
106-107	0.4690586907767578	0.00407107354209305	6.87681341569772E-5	0.001500395654334048	0.5799479322697395	0.1394442714543825
108-109	0.530821227557707	0.004099831125467785	7.001846386892223E-5	0.001566663129067135	0.5908032948288464	0.1456121479234074
110-111	0.5990217120254611	0.004119836400858907	7.001846386892223E-5	0.0016391822523599475	0.6001920206358416	0.1520300903348213
112-113	0.6739589729811751	0.004192355524151719	7.001846386892223E-5	0.0016516855494793977	0.609740788645966	0.15865808813784193
114-115	0.7569058460716092	0.004208609810407004	7.126879358086726E-5	0.0016729411545824634	0.6206686703283656	0.16509103450579918
116-117	0.8487188071494454	0.00422986541551007	7.50197827167024E-5	0.0017367079698916606	0.6313402344198165	0.171715281319684
118-119	0.9470384840482435	0.00423986805320563	7.50197827167024E-5	0.001751711926435001	0.6428232624943198	0.1791384888195017
120-121	1.055178250504658	0.00426487464744453	7.50197827167024E-5	0.0017754681909619568	0.6547551589354113	0.18686052512047427
122-123	1.1743959382089058	0.004327391133041783	7.50197827167024E-5	0.001816729071456143	0.665680539958387	0.1949839172589812
124-125	1.3037575508661634	0.004369902343247915	7.50197827167024E-5	0.0018617409410861645	0.6763583556983976	0.20183072276159225
126-127	1.4449185250150465	0.004401160586046541	7.50197827167024E-5	0.001950514350634262	0.6880414365268122	0.20912139531194376
128-129	1.5970248854622964	0.004429918169421276	7.50197827167024E-5	0.0019580163289059324	0.6997332696632101	0.21685718523974773
130-131	1.7612806997205164	0.004448673115100452	7.50197827167024E-5	0.001961767318041768	0.7122840793117144	0.2253544259621262
132-133	1.942035864857563	0.0044824320173229674	7.50197827167024E-5	0.0019680189666014926	0.7246085792823567	0.23415174581537151
134-135	2.1360507765897867	0.004498686303578254	7.50197827167024E-5	0.001970519626025383	0.735750267345499	0.24286154258878068
136-137	2.3463587347983665	0.004522442568105209	7.50197827167024E-5	0.001970519626025383	0.74537405513834	0.25141754880762057
138-139	2.5720094889022236	0.004541197513784385	7.50197827167024E-5	0.0019817725934328885	0.754608990390766	0.2601623548129642
>>END_MODULE
