##FastQC	0.12.1
>>Basic Statistics	pass
#Measure	Value
Filename	Control_siRNA_P5_2_gz.gz
File type	Conventional base calls
Encoding	Sanger / Illumina 1.9
Total Sequences	45023981
Total Bases	6.7 Gbp
Sequences flagged as poor quality	0
Sequence length	150
%GC	50
>>END_MODULE
>>Per base sequence quality	pass
#Base	Mean	Median	Lower Quartile	Upper Quartile	10th Percentile	90th Percentile
1	36.41781905069656	37.0	37.0	37.0	37.0	37.0
2	36.30362124131138	37.0	37.0	37.0	37.0	37.0
3	36.41838172861702	37.0	37.0	37.0	37.0	37.0
4	36.406442624431634	37.0	37.0	37.0	37.0	37.0
5	36.44813933712348	37.0	37.0	37.0	37.0	37.0
6	36.422507218986254	37.0	37.0	37.0	37.0	37.0
7	36.427094552123236	37.0	37.0	37.0	37.0	37.0
8	36.50974539545937	37.0	37.0	37.0	37.0	37.0
9	36.48823614686582	37.0	37.0	37.0	37.0	37.0
10-14	36.48335656946905	37.0	37.0	37.0	37.0	37.0
15-19	36.45333713160549	37.0	37.0	37.0	37.0	37.0
20-24	36.430338254629234	37.0	37.0	37.0	37.0	37.0
25-29	36.39352822221562	37.0	37.0	37.0	37.0	37.0
30-34	36.36697715379722	37.0	37.0	37.0	37.0	37.0
35-39	36.34849761952414	37.0	37.0	37.0	37.0	37.0
40-44	36.319574561831836	37.0	37.0	37.0	37.0	37.0
45-49	36.29171450210056	37.0	37.0	37.0	37.0	37.0
50-54	36.26395576170842	37.0	37.0	37.0	37.0	37.0
55-59	36.23074070238258	37.0	37.0	37.0	37.0	37.0
60-64	36.21276907077586	37.0	37.0	37.0	37.0	37.0
65-69	36.19802950343285	37.0	37.0	37.0	37.0	37.0
70-74	36.16093489378471	37.0	37.0	37.0	37.0	37.0
75-79	36.112723368464465	37.0	37.0	37.0	37.0	37.0
80-84	36.080252783511085	37.0	37.0	37.0	37.0	37.0
85-89	36.046773385054514	37.0	37.0	37.0	37.0	37.0
90-94	36.022976693242654	37.0	37.0	37.0	37.0	37.0
95-99	36.01184236018579	37.0	37.0	37.0	37.0	37.0
100-104	35.98858934308807	37.0	37.0	37.0	37.0	37.0
105-109	35.93807815439511	37.0	37.0	37.0	37.0	37.0
110-114	35.914827718144245	37.0	37.0	37.0	37.0	37.0
115-119	35.86329322145014	37.0	37.0	37.0	37.0	37.0
120-124	35.78301428298844	37.0	37.0	37.0	37.0	37.0
125-129	35.78311636636485	37.0	37.0	37.0	37.0	37.0
130-134	35.744191860777484	37.0	37.0	37.0	37.0	37.0
135-139	35.73353025801961	37.0	37.0	37.0	37.0	37.0
140-144	35.67329614855692	37.0	37.0	37.0	37.0	37.0
145-149	35.59566928122148	37.0	37.0	37.0	37.0	37.0
150	35.58635428084425	37.0	37.0	37.0	37.0	37.0
>>END_MODULE
>>Per tile sequence quality	pass
#Tile	Base	Mean
1101	1	-0.27595657729265355
1101	2	-0.9701296342479182
1101	3	-0.2613963070798775
1101	4	-0.12194117375526758
1101	5	-0.4558827174511393
1101	6	-0.2814061967350199
1101	7	-0.4621353827332868
1101	8	-0.6627565979958376
1101	9	-0.1367332581020193
1101	10-14	-0.9386299112362622
1101	15-19	-1.278852472855526
1101	20-24	-0.6810058834629586
1101	25-29	-0.9680611337562368
1101	30-34	-1.2090922416518168
1101	35-39	-0.6312201777919668
1101	40-44	-1.1358780170332778
1101	45-49	-0.775403020636233
1101	50-54	-0.674425675692703
1101	55-59	-0.7749891637011004
1101	60-64	-0.7121719558426491
1101	65-69	-0.7612890853462346
1101	70-74	-0.6939641861998922
1101	75-79	-0.9347454671650581
1101	80-84	-0.6143526468499445
1101	85-89	-0.560699054236224
1101	90-94	-1.02906932970064
1101	95-99	-0.5630059960296379
1101	100-104	-0.8664395941676517
1101	105-109	-1.257803946757491
1101	110-114	-0.6929229248277977
1101	115-119	-0.6138870172881212
1101	120-124	-0.6823479091757179
1101	125-129	-0.6965433393812646
1101	130-134	-0.6692407726503262
1101	135-139	-1.2567067064164803
1101	140-144	-0.658370315939365
1101	145-149	-1.205460172080734
1101	150	-0.4393089390623075
1102	1	-0.7187768800560903
1102	2	-1.0274365388393178
1102	3	-0.7067864332121729
1102	4	-0.6211571304439971
1102	5	-0.4426122667646908
1102	6	-1.328559338888688
1102	7	-1.3801076716807827
1102	8	-1.0238693721199752
1102	9	-0.3555020827199584
1102	10-14	-0.7236014816570062
1102	15-19	-0.805790955766561
1102	20-24	-0.8322973946969654
1102	25-29	-0.6839761668830135
1102	30-34	-0.8317552782994895
1102	35-39	-0.7803498824154147
1102	40-44	-1.1768504552606132
1102	45-49	-1.0546249202488553
1102	50-54	-0.9881822221345615
1102	55-59	-1.2317194408984165
1102	60-64	-1.0379389325516684
1102	65-69	-0.843057171672065
1102	70-74	-0.9025613474158263
1102	75-79	-0.7571719153047667
1102	80-84	-0.952274728755917
1102	85-89	-0.9092722636255175
1102	90-94	-1.371501169623869
1102	95-99	-0.9014490702915197
1102	100-104	-0.7202826972154668
1102	105-109	-0.9999873296138162
1102	110-114	-1.1217070025298455
1102	115-119	-0.8881623912420551
1102	120-124	-0.8275823083667717
1102	125-129	-0.8767858591314592
1102	130-134	-0.9811986202951033
1102	135-139	-0.9588117927633419
1102	140-144	-1.061888736217341
1102	145-149	-1.2875708345475942
1102	150	-1.8638016285498367
1103	1	-0.4820711447760573
1103	2	-0.6788570278878012
1103	3	-0.17503327335274577
1103	4	-1.2249596660235085
1103	5	-0.18787391188865854
1103	6	-0.40600178032519807
1103	7	-0.7768369511338662
1103	8	-0.4115007452911925
1103	9	-0.305026422277173
1103	10-14	-0.6454431116834414
1103	15-19	-0.6964342849286638
1103	20-24	-0.9727758184980644
1103	25-29	-0.6107707296233116
1103	30-34	-0.6955493381858489
1103	35-39	-0.4749581500128457
1103	40-44	-0.9397472936887965
1103	45-49	-0.9652056545376126
1103	50-54	-0.8220698722293136
1103	55-59	-1.1213198920523197
1103	60-64	-1.1128244730766639
1103	65-69	-0.640792809695995
1103	70-74	-0.8399481620689073
1103	75-79	-0.8697154909207896
1103	80-84	-0.890648172420633
1103	85-89	-0.813712102892346
1103	90-94	-0.7921072476236546
1103	95-99	-0.6574514502712745
1103	100-104	-0.6343581662071642
1103	105-109	-0.6976430937140563
1103	110-114	-0.6474256419931592
1103	115-119	-0.8537839015508624
1103	120-124	-0.7979448387268988
1103	125-129	-0.8258848279976476
1103	130-134	-1.012257954417251
1103	135-139	-0.7909825180538377
1103	140-144	-0.800701220671094
1103	145-149	-0.6605366732747768
1103	150	-1.5959762317793107
1104	1	-0.20895149427313697
1104	2	-0.5341721025316488
1104	3	-0.41874338784079157
1104	4	-1.174452791690058
1104	5	-0.2971796329828038
1104	6	-1.3153028911662403
1104	7	-0.31971517260017634
1104	8	-0.7590517131769872
1104	9	-0.5500354423315841
1104	10-14	-0.35846888590742765
1104	15-19	-0.6841932649966083
1104	20-24	-0.4965305549166814
1104	25-29	-0.7527117453690195
1104	30-34	-0.5278837417868516
1104	35-39	-0.5789523940675139
1104	40-44	-0.604771600167787
1104	45-49	-0.5404215544361648
1104	50-54	-0.5301929414953435
1104	55-59	-0.6693597684144166
1104	60-64	-0.6683014967138874
1104	65-69	-0.7406387568693091
1104	70-74	-0.8436467708723896
1104	75-79	-0.672607011748255
1104	80-84	-0.6334018561001429
1104	85-89	-0.6393243862024889
1104	90-94	-0.6561108540384879
1104	95-99	-0.5868046187383769
1104	100-104	-0.39020831558185876
1104	105-109	-0.5137910205560985
1104	110-114	-0.6990853123329117
1104	115-119	-0.7655779679722414
1104	120-124	-0.45434413740321844
1104	125-129	-0.6050488721903662
1104	130-134	-0.7326131999086485
1104	135-139	-0.48761181627329364
1104	140-144	-0.4031091248392329
1104	145-149	-0.4304123873341297
1104	150	-0.7530961789564472
1105	1	-0.3050307919085711
1105	2	-0.5424338695943618
1105	3	-0.3019720243849662
1105	4	-0.6149845032442016
1105	5	-0.4943066017779145
1105	6	-0.6017479618362032
1105	7	-0.42764381934621554
1105	8	-0.8629811507766618
1105	9	-0.580900908489177
1105	10-14	-0.5137378675046875
1105	15-19	-0.4269605158951322
1105	20-24	-0.3996328900796797
1105	25-29	-0.4765761412584837
1105	30-34	-0.5299420172151699
1105	35-39	-0.5854747029456959
1105	40-44	-0.7085762902140047
1105	45-49	-0.5092784337446332
1105	50-54	-0.46041324622372315
1105	55-59	-0.4463141460791107
1105	60-64	-0.624086610683797
1105	65-69	-0.5384619933320423
1105	70-74	-0.5245271469406774
1105	75-79	-0.4441339720180295
1105	80-84	-0.5812871205362455
1105	85-89	-0.6175430801599688
1105	90-94	-0.5827525541509715
1105	95-99	-0.675718666204709
1105	100-104	-0.4939274293876892
1105	105-109	-0.3389085889895753
1105	110-114	-0.6352616911000197
1105	115-119	-0.4783252029110727
1105	120-124	-0.617863615833798
1105	125-129	-0.45352710731334156
1105	130-134	-0.5818702864623191
1105	135-139	-0.37047618866966303
1105	140-144	-0.48967240912831755
1105	145-149	-0.5614186640822538
1105	150	-0.7292318718725141
1106	1	-0.29249575120581994
1106	2	-0.9899000484614433
1106	3	-0.21444587925859793
1106	4	-0.8117217445846805
1106	5	-1.3007870790114282
1106	6	-0.24192052830927224
1106	7	-0.20804799031757426
1106	8	-0.7323395969702702
1106	9	-0.3247720517391386
1106	10-14	-0.7466963328584129
1106	15-19	-0.7501141980151615
1106	20-24	-0.600648269684612
1106	25-29	-0.6365231234637747
1106	30-34	-0.4772575361455864
1106	35-39	-0.4684158609341651
1106	40-44	-0.6982090694440615
1106	45-49	-0.5307945376751562
1106	50-54	-0.4599567847338264
1106	55-59	-0.4064022825939446
1106	60-64	-0.4271164708463573
1106	65-69	-0.5546760307084
1106	70-74	-0.5930359772057443
1106	75-79	-0.4668379125098312
1106	80-84	-0.4825742239148809
1106	85-89	-0.3622492087535605
1106	90-94	-0.5202870804972193
1106	95-99	-0.40136819213814334
1106	100-104	-0.6700755142988797
1106	105-109	-0.4621225478434994
1106	110-114	-0.5739113370233824
1106	115-119	-0.5690299489356576
1106	120-124	-0.5438762801148798
1106	125-129	-0.6048033999018685
1106	130-134	-0.4590401784410787
1106	135-139	-0.4647312385739326
1106	140-144	-0.7193723688995277
1106	145-149	-0.5457077550832707
1106	150	-0.5303171082673046
1107	1	-0.21470576481957693
1107	2	-0.9181510197578149
1107	3	-0.25763828169286995
1107	4	-0.4362260970687757
1107	5	-0.4510131686192693
1107	6	-0.08982754771467683
1107	7	-0.27075919348536104
1107	8	-0.3207922218106205
1107	9	-0.07159315416182466
1107	10-14	-0.40903114232349935
1107	15-19	-0.337259999164786
1107	20-24	-0.23632077658939465
1107	25-29	-0.26798669689206633
1107	30-34	-0.2045040509857401
1107	35-39	-0.25758468923651634
1107	40-44	-0.3217602081219155
1107	45-49	-0.246349603211101
1107	50-54	-0.28803145367217553
1107	55-59	-0.1891143694723283
1107	60-64	-0.33089303530204717
1107	65-69	-0.31469930873443275
1107	70-74	-0.39391549959995587
1107	75-79	-0.33129955371118314
1107	80-84	-0.37881983598812496
1107	85-89	-0.27544325924526447
1107	90-94	-0.41048128532415973
1107	95-99	-0.37856841687705867
1107	100-104	-0.3733708334178729
1107	105-109	-0.3520219870223329
1107	110-114	-0.39921611770924414
1107	115-119	-0.16579736908078502
1107	120-124	-0.16968761334727134
1107	125-129	-0.36791920431199543
1107	130-134	-0.285854093909343
1107	135-139	-0.19787587247169824
1107	140-144	-0.34982937082965293
1107	145-149	-0.2423406292430883
1107	150	-0.0745112238855512
1108	1	-0.23620081515184665
1108	2	-0.19346993826934522
1108	3	-0.36302639069369036
1108	4	-0.73189890617315
1108	5	-0.5648141562590254
1108	6	-0.26178856478045986
1108	7	-0.4778489658104803
1108	8	-0.24939928602358918
1108	9	-0.12935074660150292
1108	10-14	-0.22873220434752994
1108	15-19	-0.3931007217736706
1108	20-24	-0.2419382234718057
1108	25-29	-0.15494917215191606
1108	30-34	-0.25223819763092337
1108	35-39	-0.27421637562976287
1108	40-44	-0.2781614343156633
1108	45-49	-0.38249106605827876
1108	50-54	-0.24899887532291842
1108	55-59	-0.43115271178420755
1108	60-64	-0.38603456204761954
1108	65-69	-0.402510117065475
1108	70-74	-0.3970414826521278
1108	75-79	-0.23842127523216305
1108	80-84	-0.2982542451082253
1108	85-89	-0.33275475079756944
1108	90-94	-0.47393767221417704
1108	95-99	-0.3969005377793664
1108	100-104	-0.3734613970999945
1108	105-109	-0.5014444438663332
1108	110-114	-0.3063862135896045
1108	115-119	-0.2671046646387012
1108	120-124	-0.20122998944993498
1108	125-129	-0.18989513100252253
1108	130-134	-0.35155401067758874
1108	135-139	-0.30180689333861466
1108	140-144	-0.3782817681662465
1108	145-149	-0.3629605173717607
1108	150	-0.14091885630268308
1109	1	-0.219290262359074
1109	2	-0.24955353561793459
1109	3	-0.8675283107554961
1109	4	-0.7710336062994259
1109	5	-0.14382021589617722
1109	6	-0.07877237775053914
1109	7	-0.285425662784796
1109	8	-0.21995350301816075
1109	9	-0.20670992313357317
1109	10-14	-0.41635483551388575
1109	15-19	-0.29096587029848564
1109	20-24	-0.392374122541149
1109	25-29	-0.19365542907014088
1109	30-34	-0.18471258192893458
1109	35-39	-0.39415988150356185
1109	40-44	-0.46291859031948235
1109	45-49	-0.32370285755871464
1109	50-54	-0.3429025167858626
1109	55-59	-0.24364465742519315
1109	60-64	-0.23854740033069533
1109	65-69	-0.46834324210807665
1109	70-74	-0.38562264340496455
1109	75-79	-0.41482898242192334
1109	80-84	-0.47501134308818393
1109	85-89	-0.23151134644520965
1109	90-94	-0.428794359401536
1109	95-99	-0.3547174859360709
1109	100-104	-0.30678289911419654
1109	105-109	-0.4849148297938868
1109	110-114	-0.4123011258802691
1109	115-119	-0.4638458750404695
1109	120-124	-0.329983726510207
1109	125-129	-0.42022536175077363
1109	130-134	-0.28167274856561164
1109	135-139	-0.35589265461147335
1109	140-144	-0.5216194742523328
1109	145-149	-0.4349529040751179
1109	150	-0.2542761484799314
1110	1	-0.14886974722849544
1110	2	-0.26419259756206515
1110	3	-0.27569451137708256
1110	4	-0.14549769492528952
1110	5	-0.12176260357688307
1110	6	-0.08407477888442827
1110	7	-0.3186860640085385
1110	8	-0.1377791608742882
1110	9	-0.23045034674689902
1110	10-14	-0.1809643472046787
1110	15-19	-0.32384765795272585
1110	20-24	-0.1822334732511095
1110	25-29	-0.16649221494155597
1110	30-34	-0.21893310078301909
1110	35-39	-0.23044365661849753
1110	40-44	-0.25287614844559414
1110	45-49	-0.2016553634566236
1110	50-54	-0.1253003501113099
1110	55-59	-0.17070943141862926
1110	60-64	-0.2532692039960054
1110	65-69	-0.21648685279793511
1110	70-74	-0.2725138758078671
1110	75-79	-0.3758174168949324
1110	80-84	-0.2733258099937217
1110	85-89	-0.1836763312618146
1110	90-94	-0.25369746735360366
1110	95-99	-0.19171735763708853
1110	100-104	-0.215033455312593
1110	105-109	-0.2680650233958559
1110	110-114	-0.2445053066466727
1110	115-119	-0.21969787749635827
1110	120-124	-0.16873206661667695
1110	125-129	-0.2602320539396388
1110	130-134	-0.2059825950884573
1110	135-139	-0.16988359921180773
1110	140-144	-0.2683986737070896
1110	145-149	-0.3036163503156146
1110	150	-0.10165715925744934
1111	1	-0.2299059360891107
1111	2	-0.1985188832984477
1111	3	0.017400281399645223
1111	4	-0.0947968015611238
1111	5	-0.0656869056436804
1111	6	-0.14486709890066152
1111	7	-0.01720525913502513
1111	8	-0.20854480320481628
1111	9	-0.30257464204761675
1111	10-14	-0.2229713114338665
1111	15-19	-0.19422340494001133
1111	20-24	-0.24994036426164712
1111	25-29	-0.21535992358449363
1111	30-34	-0.34776058749854855
1111	35-39	-0.1913621156921721
1111	40-44	-0.21689878823160313
1111	45-49	-0.2063122386393701
1111	50-54	-0.23983902429798576
1111	55-59	-0.20237879243489232
1111	60-64	-0.22558313076284975
1111	65-69	-0.14509818743132996
1111	70-74	-0.10773947623702895
1111	75-79	-0.1888007385084478
1111	80-84	-0.11120039104048374
1111	85-89	-0.24841798783977964
1111	90-94	-0.17154729179800654
1111	95-99	-0.21218994414019932
1111	100-104	-0.11904380741454901
1111	105-109	-0.15023628253913301
1111	110-114	-0.1306766479494783
1111	115-119	-0.0932094607831715
1111	120-124	-0.1343421374430278
1111	125-129	-0.18806716216066377
1111	130-134	-0.13787245780953583
1111	135-139	-0.1381064642115959
1111	140-144	-0.16026711453650933
1111	145-149	-0.1818392998914078
1111	150	-0.4635647950200479
1112	1	0.09381914524518464
1112	2	-0.2490367025085476
1112	3	-0.08053095284027023
1112	4	-0.06862550364860454
1112	5	-0.07952335763394558
1112	6	0.018934465048090487
1112	7	-0.11284022773079272
1112	8	-0.05744566141020613
1112	9	-0.07252104421115746
1112	10-14	-0.15839692881640843
1112	15-19	-0.08908552990604335
1112	20-24	-0.09966354885665396
1112	25-29	-0.14171982210091016
1112	30-34	-0.17834854123216815
1112	35-39	-0.1566308494621964
1112	40-44	-0.1523159687836113
1112	45-49	-0.169236571901358
1112	50-54	-0.1100605520043132
1112	55-59	-0.07551630842930024
1112	60-64	-0.09882462445327889
1112	65-69	-0.12159340721799339
1112	70-74	-0.08505360774345405
1112	75-79	-0.14028946218521554
1112	80-84	-0.0652453545546905
1112	85-89	-0.0845826166624164
1112	90-94	-0.0728725980611955
1112	95-99	-0.1238675310109798
1112	100-104	-0.04649159778616507
1112	105-109	-0.1676485528557805
1112	110-114	-0.06973591338908847
1112	115-119	-0.08684842004971216
1112	120-124	-0.1629874135992182
1112	125-129	-0.12802418624391976
1112	130-134	-0.13400787023749672
1112	135-139	-0.11351025766020939
1112	140-144	-0.20645952050041672
1112	145-149	-0.09380962980493734
1112	150	-0.0596565256331516
1113	1	-0.13533109601379323
1113	2	-0.053053663612971036
1113	3	-0.01527164307314166
1113	4	-0.15809058390202324
1113	5	-0.06222588144799346
1113	6	-0.13324828894483431
1113	7	-0.17390781246249531
1113	8	-0.0305824294735757
1113	9	-0.1438980874829099
1113	10-14	-0.10944555970862524
1113	15-19	-0.13349065656034753
1113	20-24	-0.05064268449524434
1113	25-29	-0.10314269608817028
1113	30-34	-0.1472947196081975
1113	35-39	-0.17457695797448025
1113	40-44	-0.08270022883569084
1113	45-49	-0.10206910054014884
1113	50-54	-0.09704303930995195
1113	55-59	-0.10619834339333778
1113	60-64	-0.11357470819765325
1113	65-69	-0.13973101110670427
1113	70-74	-0.08279461363297713
1113	75-79	-0.16422556758377027
1113	80-84	-0.09917684536083016
1113	85-89	-0.06956485966902903
1113	90-94	-0.17848885130596415
1113	95-99	-0.09478601814770826
1113	100-104	-0.11738226391530304
1113	105-109	-0.07548565649916839
1113	110-114	-0.129051168030486
1113	115-119	-0.11864180143847847
1113	120-124	-0.10098616441755581
1113	125-129	-0.1139130445304204
1113	130-134	-0.12146352879490507
1113	135-139	-0.13038394027674372
1113	140-144	-0.12745109566989754
1113	145-149	-0.037497938513247675
1113	150	-0.04676026612205675
1114	1	-0.1864622760122785
1114	2	-0.20026874876587186
1114	3	-0.06955809133189916
1114	4	-0.14291402813629617
1114	5	-0.044410035034090356
1114	6	-0.24172688324434688
1114	7	-0.11874384594524656
1114	8	-0.0765570060446592
1114	9	-0.07391051516807323
1114	10-14	-0.12910161726187397
1114	15-19	-0.12674325476460524
1114	20-24	-0.09416399765070338
1114	25-29	-0.12365746026696911
1114	30-34	-0.1327894570124002
1114	35-39	-0.08791977977702459
1114	40-44	-0.15908010530856842
1114	45-49	-0.1302409607680488
1114	50-54	-0.11068715474660706
1114	55-59	-0.17701309063971848
1114	60-64	-0.16012224395915808
1114	65-69	-0.1608951622259127
1114	70-74	-0.1324948990240955
1114	75-79	-0.11372220020873414
1114	80-84	-0.07709032873784594
1114	85-89	-0.041194955021168767
1114	90-94	-0.11806861973153104
1114	95-99	-0.06930168327389197
1114	100-104	-0.09019123461391843
1114	105-109	-0.08720451308183641
1114	110-114	-0.10557361559476419
1114	115-119	-0.03514364016089644
1114	120-124	-0.05467384728368785
1114	125-129	-0.08760805583082032
1114	130-134	-0.11617225672388543
1114	135-139	-0.05703052070114012
1114	140-144	-0.0782223994659077
1114	145-149	-0.02498946192994822
1114	150	-0.05430502929096548
1115	1	-0.03480505162255554
1115	2	-0.06350115971314096
1115	3	-0.017965978469099753
1115	4	2.074624937193903E-4
1115	5	0.024595301553951288
1115	6	0.051122327188267036
1115	7	0.020932636382639203
1115	8	-0.010488609812803418
1115	9	-0.07418017090853368
1115	10-14	-0.040168327304172635
1115	15-19	-0.022853107802710326
1115	20-24	0.009093289879800182
1115	25-29	-0.07923812280679954
1115	30-34	-0.057364987152695335
1115	35-39	-0.07159999325592281
1115	40-44	-0.06417841573509975
1115	45-49	-0.1075922819177535
1115	50-54	-0.03299090497059609
1115	55-59	-0.08931915000128754
1115	60-64	-0.04245780298578694
1115	65-69	-0.03585233454948167
1115	70-74	-0.04027905753282823
1115	75-79	-0.03672186412443068
1115	80-84	-0.04229964311817014
1115	85-89	-0.07571945533609892
1115	90-94	-0.023890395840943768
1115	95-99	-0.042684373701803224
1115	100-104	-0.02838226470076677
1115	105-109	-0.022573492500718828
1115	110-114	-0.012562919346528645
1115	115-119	0.02408606538465108
1115	120-124	0.03314025118363162
1115	125-129	-0.030067039318083744
1115	130-134	-0.0439777338982239
1115	135-139	-0.026225933342679753
1115	140-144	-0.00417589447347666
1115	145-149	0.022232459072561994
1115	150	0.03022161481113983
1116	1	-0.16932044458256712
1116	2	-0.15946752151316446
1116	3	-0.08420433555584594
1116	4	-0.024343186516865956
1116	5	-0.01572939077388469
1116	6	-0.09163662242457349
1116	7	0.014900765661060689
1116	8	-0.03870513994410629
1116	9	0.008493864927324069
1116	10-14	-0.06179141487385209
1116	15-19	-0.0013333569330029604
1116	20-24	-0.0219563491431245
1116	25-29	-0.013921379455894112
1116	30-34	-0.012645913348784177
1116	35-39	-0.062327277885408705
1116	40-44	-0.07970323524656919
1116	45-49	-0.041440895990248805
1116	50-54	0.02097516692556667
1116	55-59	-0.07424929252176327
1116	60-64	-0.06156714350125014
1116	65-69	-0.08866299927099419
1116	70-74	-0.11264186754292638
1116	75-79	-0.0924357757692178
1116	80-84	-0.05332160099795402
1116	85-89	-0.09280554743201463
1116	90-94	-0.0553767610075937
1116	95-99	-0.16298091729959197
1116	100-104	-0.06359857039036143
1116	105-109	-0.12249259997088302
1116	110-114	-0.06187650181015414
1116	115-119	-0.011863884115960843
1116	120-124	-0.038631529013130717
1116	125-129	-0.03669181020052292
1116	130-134	-0.07864181948532689
1116	135-139	-0.04786959473496921
1116	140-144	-0.04829832742152007
1116	145-149	-0.05824672395964825
1116	150	-0.007751115522161456
1117	1	-0.13912212902623367
1117	2	-0.3652463581396148
1117	3	0.05223939003720801
1117	4	-0.0942461415789424
1117	5	0.050570078830361354
1117	6	-0.09872032004070519
1117	7	-0.04078204601930224
1117	8	-0.042263745760969584
1117	9	-0.026648642504049747
1117	10-14	-0.03761550999536922
1117	15-19	-0.07031330680769088
1117	20-24	-0.029149681310755682
1117	25-29	-0.04606266289705019
1117	30-34	-0.035707229429689846
1117	35-39	-0.11100292048027427
1117	40-44	-0.06717587032262884
1117	45-49	-0.10853281182635044
1117	50-54	-0.0378428082449247
1117	55-59	-0.03227686144407471
1117	60-64	-0.027605436909190928
1117	65-69	-0.09223547697688161
1117	70-74	-0.09015710913528352
1117	75-79	-0.07946928978681456
1117	80-84	-0.03197614433302931
1117	85-89	-0.0013389740217490953
1117	90-94	-0.027599177513977224
1117	95-99	0.011050498449080237
1117	100-104	-0.04066787155023377
1117	105-109	-0.06654150129396186
1117	110-114	-0.009988234630576187
1117	115-119	-0.024338092893721353
1117	120-124	-0.026368021406902642
1117	125-129	-0.04171669800140876
1117	130-134	0.008027819728994245
1117	135-139	-0.018642223982496375
1117	140-144	0.03799916048428997
1117	145-149	0.052459926387143696
1117	150	0.10447071813174347
1118	1	-0.2622089157605103
1118	2	-0.13095874958334264
1118	3	-0.05600884683404672
1118	4	-0.10924293589030043
1118	5	-0.10595495468366067
1118	6	-0.12453135926667613
1118	7	-0.08785612656951969
1118	8	-0.1035547640042509
1118	9	-0.013122676426064572
1118	10-14	-0.08071372063825777
1118	15-19	-0.08541856996558295
1118	20-24	-0.05804657470703489
1118	25-29	-0.09061310877919482
1118	30-34	-0.10525242963950632
1118	35-39	-0.06784106234656662
1118	40-44	-0.11917691945708953
1118	45-49	-0.01368400375967127
1118	50-54	-0.04963886816215535
1118	55-59	-0.023058816331285925
1118	60-64	-0.055238822699251955
1118	65-69	-0.05626951556171633
1118	70-74	-0.10462181741761611
1118	75-79	-0.055781640430872415
1118	80-84	-0.13527648821600025
1118	85-89	-0.01642710131672942
1118	90-94	-0.07223139759906161
1118	95-99	-0.06254232080836886
1118	100-104	-0.06810984858585556
1118	105-109	-0.04141490573529438
1118	110-114	-0.05492161459210365
1118	115-119	0.004426842701079181
1118	120-124	0.06243363389414469
1118	125-129	-0.03656649691730962
1118	130-134	-0.014418761841213268
1118	135-139	-0.04617786541165714
1118	140-144	-0.014526397596959839
1118	145-149	0.07283097027593044
1118	150	-0.02780124083544422
1119	1	-0.056653185430498354
1119	2	-0.10642165428815531
1119	3	0.02149299121062853
1119	4	-0.034726682448699364
1119	5	-0.1568510233070981
1119	6	-0.005424899486357049
1119	7	0.017150986750742447
1119	8	-0.024968887411333185
1119	9	-0.05553126064812375
1119	10-14	-0.1310805722162982
1119	15-19	-0.0795716362668557
1119	20-24	-0.06023544996352115
1119	25-29	-0.06057310873258359
1119	30-34	-0.11740301181321655
1119	35-39	-0.11114341399509442
1119	40-44	-0.037259026165052944
1119	45-49	-0.11397858610116174
1119	50-54	-0.07101620154676169
1119	55-59	-0.05812282456199824
1119	60-64	-0.062123479716028385
1119	65-69	-0.045142558233479235
1119	70-74	-0.04627094838077994
1119	75-79	-0.027383733762761153
1119	80-84	-0.007295098199811889
1119	85-89	-0.01068823648844841
1119	90-94	0.003552873632237663
1119	95-99	-0.01068557527182179
1119	100-104	-0.07365049005469615
1119	105-109	0.008927215257557464
1119	110-114	-0.013259055125097063
1119	115-119	0.02951117137492787
1119	120-124	0.1031439056218062
1119	125-129	-0.020923542483330948
1119	130-134	0.054231128808240214
1119	135-139	0.024727227399402807
1119	140-144	0.020252116563845846
1119	145-149	0.0759638023561422
1119	150	0.06819741456642703
1120	1	-0.1845264411554126
1120	2	-0.10695142072624009
1120	3	-0.17649145292693902
1120	4	-0.16111651942680538
1120	5	-0.15289010109026435
1120	6	-0.01467083277447756
1120	7	-0.02811121054882193
1120	8	-0.04202453063105338
1120	9	-0.16004279817576617
1120	10-14	-0.05822072136390943
1120	15-19	-0.06268996878171862
1120	20-24	-0.025937912624804937
1120	25-29	-0.08887789321800454
1120	30-34	-0.03056491898112057
1120	35-39	-0.09710874116349544
1120	40-44	-0.05191144229633693
1120	45-49	-0.13642424831757438
1120	50-54	-0.08106348201965119
1120	55-59	-0.09764585878491516
1120	60-64	-0.1043528677838097
1120	65-69	-0.05605864112079928
1120	70-74	-0.08101437671356138
1120	75-79	-0.0886752599795102
1120	80-84	-0.07447090786436661
1120	85-89	-0.10659706517522949
1120	90-94	0.007899096397537164
1120	95-99	-0.07388696585599774
1120	100-104	-0.03999527543312098
1120	105-109	-0.05981428875408312
1120	110-114	-0.06282329041470547
1120	115-119	0.01046610792185021
1120	120-124	-0.033480306282434924
1120	125-129	-0.04931663834313582
1120	130-134	-0.007058855740908143
1120	135-139	-0.041698430080018056
1120	140-144	-0.051299789311819666
1120	145-149	0.1387825103179665
1120	150	-0.001369899695170318
1121	1	-0.15419448366532862
1121	2	-0.13574714491787887
1121	3	-0.10837864118293083
1121	4	-0.18578079361056865
1121	5	-0.1292401290142564
1121	6	-0.09897556442465572
1121	7	-0.12514736213039868
1121	8	-0.017030077443514813
1121	9	-0.12161191009553818
1121	10-14	-0.10543508194938056
1121	15-19	-0.08576868248223946
1121	20-24	-0.07336366569104058
1121	25-29	-0.042236719487156904
1121	30-34	-0.09378345521091092
1121	35-39	-0.0906224866420473
1121	40-44	-0.09356588065211469
1121	45-49	-0.09839991870269671
1121	50-54	-0.08843612593922501
1121	55-59	-0.11642048950551498
1121	60-64	-0.12413054141072166
1121	65-69	-0.16684920263743663
1121	70-74	-0.1374553801538525
1121	75-79	-0.16153707821586494
1121	80-84	-0.12376405208208041
1121	85-89	-0.09356601023284838
1121	90-94	-0.0748298145630244
1121	95-99	-0.07877749154966551
1121	100-104	-0.04356545522387023
1121	105-109	-0.08482659498331913
1121	110-114	-0.0733977551302516
1121	115-119	-0.10245774111212569
1121	120-124	-0.048537598670456816
1121	125-129	-0.0682958826481368
1121	130-134	-0.049895529726050825
1121	135-139	-0.07024246339478424
1121	140-144	-0.030122283326221577
1121	145-149	0.03899825648648658
1121	150	0.016356475997113762
1122	1	-0.09247540210684946
1122	2	-0.07614776475874407
1122	3	-0.002804715816843384
1122	4	-0.11541984134125016
1122	5	-0.014053486194164577
1122	6	-0.012690713850716406
1122	7	-0.11368783071338129
1122	8	-0.009398707506996118
1122	9	-0.07518574416063473
1122	10-14	-0.045363228844934156
1122	15-19	-0.0390340275284089
1122	20-24	-0.00945631994618168
1122	25-29	0.005901243270550083
1122	30-34	-0.05858210751546267
1122	35-39	-0.04880558922760514
1122	40-44	-0.023406622325637727
1122	45-49	-0.038920148641913954
1122	50-54	-0.002261629632464235
1122	55-59	-0.04794383876622277
1122	60-64	-0.011485567240008265
1122	65-69	-0.03637378368776467
1122	70-74	0.006893282073889395
1122	75-79	3.0200998127583034E-4
1122	80-84	-0.03288747747852483
1122	85-89	0.017940796526666247
1122	90-94	0.043028852280052376
1122	95-99	-0.025257122724617886
1122	100-104	-0.0086474694319989
1122	105-109	-0.03976276746791285
1122	110-114	0.024312234242465536
1122	115-119	0.015805242101258443
1122	120-124	0.016166638353098506
1122	125-129	-0.06500233488127805
1122	130-134	0.017005792087879
1122	135-139	0.003623653763732193
1122	140-144	-0.009952579547650942
1122	145-149	0.14461866411444646
1122	150	0.11445619679404473
1123	1	-0.2115649845591676
1123	2	-0.07773563418581375
1123	3	-0.08625448490075627
1123	4	-0.16954951737649537
1123	5	-0.03788305827080052
1123	6	-0.06363600302888273
1123	7	-0.002764221117672605
1123	8	-0.06475784129227691
1123	9	-0.18244163962434357
1123	10-14	-0.06358111181958748
1123	15-19	-0.08795966210205108
1123	20-24	-0.05648979069628268
1123	25-29	-0.10877915488735113
1123	30-34	-0.06911923786018548
1123	35-39	-0.07453038075548335
1123	40-44	-0.04997542050402615
1123	45-49	-0.09110139118120486
1123	50-54	-0.03319730415315547
1123	55-59	-0.05533820797464273
1123	60-64	-0.07735896220669503
1123	65-69	-0.08259274708625242
1123	70-74	-0.06236257745256779
1123	75-79	-0.026158150062514096
1123	80-84	-0.05256235676922216
1123	85-89	-0.03188298119582811
1123	90-94	-0.09773079021918818
1123	95-99	-0.07437099549538573
1123	100-104	-0.07208293471906302
1123	105-109	-0.08217228557524692
1123	110-114	-0.0760623492000434
1123	115-119	-0.09433351318399019
1123	120-124	0.011978583493629458
1123	125-129	-0.07299560711935271
1123	130-134	-0.03038855021564757
1123	135-139	-0.04558267576727104
1123	140-144	0.04293024664277567
1123	145-149	0.08724331570803656
1123	150	-0.11839483741582058
1124	1	-0.18315548766761225
1124	2	-0.10966094468893317
1124	3	0.02019623922164726
1124	4	-0.047052995621093885
1124	5	-0.021756953879389584
1124	6	-0.09549892982544606
1124	7	0.0034669707451726595
1124	8	-0.0807985659119339
1124	9	-0.03546466981274676
1124	10-14	-0.04280869193622294
1124	15-19	-0.00878728689949071
1124	20-24	-0.03406762687327358
1124	25-29	-0.020360810851954625
1124	30-34	-0.06604285727907921
1124	35-39	-0.036929263275929713
1124	40-44	-0.05390576152203863
1124	45-49	-0.05118279677346038
1124	50-54	-0.04407741501668738
1124	55-59	7.216428624943205E-4
1124	60-64	-0.027754185840194623
1124	65-69	-0.05001680347824333
1124	70-74	-0.027938008638365375
1124	75-79	-0.03908529838435726
1124	80-84	-0.046702624343879506
1124	85-89	-0.031907867676380874
1124	90-94	-0.12614400093939082
1124	95-99	-0.07703127412155908
1124	100-104	-0.0496873611433557
1124	105-109	-0.044580845107944356
1124	110-114	-0.0027050256185106036
1124	115-119	-0.023483952389689478
1124	120-124	-0.05517682812660496
1124	125-129	0.005006548337014749
1124	130-134	0.003300881534599398
1124	135-139	-0.023478991893334467
1124	140-144	0.035400688802312175
1124	145-149	0.08000733219264333
1124	150	0.04552331688409339
1125	1	0.012729589699432609
1125	2	-0.3477339274817197
1125	3	-0.08800431076434734
1125	4	-0.04666338035540463
1125	5	-0.03782597690690892
1125	6	-0.09415015122338843
1125	7	-0.14367554373685465
1125	8	-0.1574582630920034
1125	9	-0.10844105351251443
1125	10-14	-0.09654394534996413
1125	15-19	-0.06796812391227292
1125	20-24	-0.08237633264128874
1125	25-29	-0.06895386019405692
1125	30-34	-0.07622539915758608
1125	35-39	-0.10857798967260379
1125	40-44	-0.10992353096267493
1125	45-49	-0.11236751702505643
1125	50-54	-0.13479067736057715
1125	55-59	-0.11634074603963995
1125	60-64	-0.1334528663090495
1125	65-69	-0.11592367414208837
1125	70-74	-0.1045853467974851
1125	75-79	-0.11579273850061611
1125	80-84	-0.05826487107422906
1125	85-89	-0.0900054250239819
1125	90-94	-0.10095910945985764
1125	95-99	-0.11179636782699731
1125	100-104	-0.13941783261083174
1125	105-109	-0.13092107068398917
1125	110-114	-0.07942316987134035
1125	115-119	-0.08806884783903257
1125	120-124	-0.038588047047007024
1125	125-129	-0.09618528887401112
1125	130-134	-0.09493977070030013
1125	135-139	-0.10436806657143904
1125	140-144	-0.057911889921278714
1125	145-149	-0.03855448718533694
1125	150	0.016091915548564373
1126	1	-0.0807291400985477
1126	2	-0.1705197093427131
1126	3	-0.09889993313643686
1126	4	-0.16499390875526387
1126	5	-0.0991567912454343
1126	6	-0.021721101095408812
1126	7	-0.13752135196907744
1126	8	-0.05143335184865094
1126	9	-0.08640102543854056
1126	10-14	-0.09623976766447839
1126	15-19	-0.09043695027834531
1126	20-24	-0.09385628104354993
1126	25-29	-0.07934523843987051
1126	30-34	-0.11791004768554814
1126	35-39	-0.1094447630038573
1126	40-44	-0.12159878572591509
1126	45-49	-0.07813570352288934
1126	50-54	-0.0755995904430975
1126	55-59	-0.11458432428417353
1126	60-64	-0.08349664902713982
1126	65-69	-0.09738855293295501
1126	70-74	-0.08187036039208806
1126	75-79	-0.039467701363172125
1126	80-84	-0.026294381661223554
1126	85-89	-0.0670620883368187
1126	90-94	-0.03561492778698039
1126	95-99	-0.05610731646368805
1126	100-104	0.002209155992396461
1126	105-109	-0.06624378668632147
1126	110-114	-0.0397935498692803
1126	115-119	-0.07469203147866921
1126	120-124	-0.07317384259680892
1126	125-129	-0.046740346136871835
1126	130-134	0.007649717488575902
1126	135-139	-0.037972823026336755
1126	140-144	0.027888997084779987
1126	145-149	0.10986803524200894
1126	150	0.09746457375504036
1127	1	-0.0736314939451006
1127	2	-0.1342918104964923
1127	3	-0.06659781926511954
1127	4	-0.019235308125239214
1127	5	-0.032821032922733195
1127	6	0.05519513087170935
1127	7	-0.048567688081995186
1127	8	0.0025583448548545107
1127	9	-0.07065509442758611
1127	10-14	-0.013945713664298864
1127	15-19	-0.055373348215560725
1127	20-24	-0.053747784252642816
1127	25-29	-0.011861882888382524
1127	30-34	-0.04321091280394285
1127	35-39	-0.0902024004744888
1127	40-44	0.004949701442981791
1127	45-49	-0.023097210690046666
1127	50-54	0.016415942778245096
1127	55-59	-0.02949011196167106
1127	60-64	-0.07719915832090862
1127	65-69	-0.04455980650647007
1127	70-74	-0.041542924533239045
1127	75-79	-0.01513600460216935
1127	80-84	-0.022466201629967486
1127	85-89	-0.024935873246555218
1127	90-94	-0.045934677538049584
1127	95-99	0.009965034536513429
1127	100-104	0.038440222243401934
1127	105-109	-0.024574434993226646
1127	110-114	0.015077295727166984
1127	115-119	0.05907324130628666
1127	120-124	0.020577907621934344
1127	125-129	0.014215893842198568
1127	130-134	0.035838402809545755
1127	135-139	0.04016571092047627
1127	140-144	0.08549485117714539
1127	145-149	0.0962536574285977
1127	150	0.12044982160326612
1128	1	-0.07543297481043965
1128	2	0.016317887398798803
1128	3	-0.04228387854064408
1128	4	-0.09872955034080633
1128	5	-0.01039635456096022
1128	6	-0.11495472833699694
1128	7	-0.08920898731633287
1128	8	-0.08319582604464415
1128	9	-0.07830793650271062
1128	10-14	-0.03589613331099173
1128	15-19	-0.09922387081374495
1128	20-24	-0.0748586377956002
1128	25-29	-0.10423938082594475
1128	30-34	-0.09803797473165332
1128	35-39	-0.1278456291972816
1128	40-44	-0.09064029248901306
1128	45-49	-0.11803908740731828
1128	50-54	-0.07415260860546624
1128	55-59	-0.09992455367134312
1128	60-64	-0.07736865331310838
1128	65-69	-0.13342590818983524
1128	70-74	-0.07122500210821414
1128	75-79	-0.10743911837380438
1128	80-84	-0.06668816779914266
1128	85-89	-0.0905372532057811
1128	90-94	-0.07163062288510957
1128	95-99	-0.01953909375060192
1128	100-104	-0.09056128453026702
1128	105-109	-0.11639633570978702
1128	110-114	-0.11670601522045843
1128	115-119	-0.058602850081918234
1128	120-124	-0.059834852910135794
1128	125-129	-0.07401040856250063
1128	130-134	-0.055457967979499756
1128	135-139	-0.05928850975026734
1128	140-144	-0.08456201077920866
1128	145-149	-0.0012720974922757478
1128	150	-0.037538124207429746
1129	1	-0.10541775444012558
1129	2	-0.17717353277247128
1129	3	-0.05635912579778335
1129	4	-0.025594745061468416
1129	5	-0.008682092880910375
1129	6	-0.12284608452203116
1129	7	-0.139140115436156
1129	8	-0.08432326817926139
1129	9	-0.17524988515139484
1129	10-14	-0.10200706077251454
1129	15-19	-0.1017094542113739
1129	20-24	-0.07282063296827346
1129	25-29	-0.08853835531261467
1129	30-34	-0.08205372937124622
1129	35-39	-0.10043227656300502
1129	40-44	-0.06334308235177133
1129	45-49	-0.07775341094598076
1129	50-54	-0.08422218575260842
1129	55-59	-0.11997116630169558
1129	60-64	-0.04542975228451951
1129	65-69	-0.10585720967136325
1129	70-74	-0.0477045556702862
1129	75-79	-0.058346154731694355
1129	80-84	-0.08247220993234095
1129	85-89	-0.11566451646263687
1129	90-94	-0.12877083035180448
1129	95-99	-0.0680765710067277
1129	100-104	-0.06775012389724822
1129	105-109	-0.03138496278747738
1129	110-114	-0.088948578988024
1129	115-119	-0.09019460413208691
1129	120-124	-0.07822722050315889
1129	125-129	-0.11245659905708294
1129	130-134	-0.1521635635439651
1129	135-139	-0.11719602009483765
1129	140-144	-0.012692982400679398
1129	145-149	0.005339849257310902
1129	150	0.010347680462778897
1130	1	-0.09056813097088678
1130	2	-0.10307169342245004
1130	3	-0.04155872010966277
1130	4	-0.1778885097875076
1130	5	-0.03360525026935335
1130	6	-0.05962009769078236
1130	7	-0.12498307750958304
1130	8	-0.10762754370138339
1130	9	-0.10926495188324026
1130	10-14	-0.10336034345115763
1130	15-19	-0.06015461636873454
1130	20-24	-0.08052065167298394
1130	25-29	-0.07281634912904877
1130	30-34	-0.07131136411990724
1130	35-39	-0.08641894276860995
1130	40-44	-0.10171815681700025
1130	45-49	-0.1293477133934715
1130	50-54	-0.08281190475739919
1130	55-59	-0.09876085685643687
1130	60-64	-0.08851065570685535
1130	65-69	-0.11979641225293136
1130	70-74	-0.10326596845834501
1130	75-79	-0.13168768251449592
1130	80-84	-0.12492475652518209
1130	85-89	-0.08265873843266291
1130	90-94	-0.07202386829724361
1130	95-99	-0.07002960329359098
1130	100-104	-0.07136003692815507
1130	105-109	-0.11506507353828965
1130	110-114	-0.08704120822743278
1130	115-119	-0.10064926640183813
1130	120-124	-0.11811372292456213
1130	125-129	-0.10773593599827791
1130	130-134	-0.05978561971156893
1130	135-139	-0.08747404063231556
1130	140-144	-0.07610709707791585
1130	145-149	-0.028675964091576134
1130	150	0.07798813877560917
1131	1	-0.02027710676588157
1131	2	-0.12726320206351716
1131	3	-0.02502504568894892
1131	4	-0.08620513611226244
1131	5	-0.12312765182240071
1131	6	-0.07592744478839819
1131	7	-0.07970708828465689
1131	8	-0.1192042248998959
1131	9	-0.11868993033796471
1131	10-14	-0.07111714856291229
1131	15-19	-0.11372412123378695
1131	20-24	-0.09684003930694729
1131	25-29	-0.09363385713101735
1131	30-34	-0.10480758585850225
1131	35-39	-0.1772832896156089
1131	40-44	-0.06899979041749305
1131	45-49	-0.12480620074774151
1131	50-54	-0.08640839461759242
1131	55-59	-0.14276387075619823
1131	60-64	-0.09271851900746952
1131	65-69	-0.10587814123146444
1131	70-74	-0.10401086922602332
1131	75-79	-0.06599320306178669
1131	80-84	-0.09956183501407168
1131	85-89	-0.0812069027264144
1131	90-94	-0.1083471635535389
1131	95-99	-0.08976874463920836
1131	100-104	-0.028107717157581646
1131	105-109	-0.08141060612997819
1131	110-114	-0.08508683703236386
1131	115-119	-0.08364818357428305
1131	120-124	-0.12907556432134726
1131	125-129	-0.05583571100824969
1131	130-134	-0.09639422836676914
1131	135-139	-0.06399752453012297
1131	140-144	-0.008321185152361465
1131	145-149	0.02618245749839332
1131	150	0.12947060446696668
1132	1	-0.011827718010891886
1132	2	-0.030821971157088512
1132	3	-0.05622485889215767
1132	4	-0.0072834918255964
1132	5	-0.07057337719681556
1132	6	-0.012034499401394783
1132	7	-0.045631976450629
1132	8	0.003110208450195273
1132	9	-0.06396058121133308
1132	10-14	-0.062285248525576264
1132	15-19	-0.0591369276313074
1132	20-24	-0.08382220258792472
1132	25-29	-0.04597260308605655
1132	30-34	-0.06182775489904202
1132	35-39	-0.1229791406425278
1132	40-44	-0.08987470120750629
1132	45-49	-0.12225341680277069
1132	50-54	-0.09802314470432805
1132	55-59	-0.12894819011540193
1132	60-64	-0.07768707620012805
1132	65-69	-0.14250012705548443
1132	70-74	-0.11147598664020109
1132	75-79	-0.08048567908227966
1132	80-84	-0.08635593508491013
1132	85-89	-0.0665986549093347
1132	90-94	-0.05935068182361647
1132	95-99	-0.02684935879961614
1132	100-104	-0.05990886827960651
1132	105-109	-0.0658885315247133
1132	110-114	-0.060596933425316024
1132	115-119	-0.060988677451284445
1132	120-124	-0.11182292825716189
1132	125-129	-0.03831206129445519
1132	130-134	-0.05791620007549625
1132	135-139	-0.07118540173497934
1132	140-144	-0.012691069182679371
1132	145-149	0.09890086529319575
1132	150	0.19745566600041542
1133	1	0.015481730531433868
1133	2	-0.024134442551755342
1133	3	-0.022139537820535793
1133	4	-0.010811926860874621
1133	5	0.041681415194965155
1133	6	-0.038577058820671084
1133	7	0.007168951692761993
1133	8	-0.05874863286070564
1133	9	-0.09732797485270339
1133	10-14	-0.04130058630804001
1133	15-19	-0.08439881946853944
1133	20-24	-0.036252831319927736
1133	25-29	-0.02598516282464658
1133	30-34	-0.07454310651851159
1133	35-39	-0.10201725625598357
1133	40-44	-0.07034047591985626
1133	45-49	-0.15556056627429626
1133	50-54	-0.050640360061272816
1133	55-59	-0.06660728900737922
1133	60-64	-0.04897487515916765
1133	65-69	-0.11535480662249853
1133	70-74	-0.03751764665446444
1133	75-79	-0.05313110063180915
1133	80-84	-0.08335309317796913
1133	85-89	-0.05433811484057571
1133	90-94	-0.055838531873106945
1133	95-99	-0.04745744173646216
1133	100-104	-0.040327597191485154
1133	105-109	-0.04366843807174803
1133	110-114	-0.012376584520033873
1133	115-119	-0.030851265396066196
1133	120-124	-0.031040711995487413
1133	125-129	-0.04930459995822645
1133	130-134	-0.0346402370735035
1133	135-139	-0.0046135717384956365
1133	140-144	0.006490419039899109
1133	145-149	0.07368069733330884
1133	150	0.17793804511293132
1134	1	-0.08269236738021135
1134	2	-0.05900930822293304
1134	3	-0.013171027987858963
1134	4	-0.1105686801575132
1134	5	-0.0580150113674236
1134	6	-0.08195295062826347
1134	7	-0.1735575296098304
1134	8	-0.10021346683610233
1134	9	-0.1512911115325224
1134	10-14	-0.11934440950997072
1134	15-19	-0.10248776163635398
1134	20-24	-0.11170970449411755
1134	25-29	-0.10102230935071077
1134	30-34	-0.09230709902325174
1134	35-39	-0.1565689568491706
1134	40-44	-0.12208770108405531
1134	45-49	-0.1476269218024484
1134	50-54	-0.10720743912226283
1134	55-59	-0.11903075552506692
1134	60-64	-0.07685009386782582
1134	65-69	-0.1270183502652955
1134	70-74	-0.10286333242007117
1134	75-79	-0.1084850110068416
1134	80-84	-0.11544466566898137
1134	85-89	-0.10605736857365855
1134	90-94	-0.1251446386456081
1134	95-99	-0.09776120915072539
1134	100-104	-0.115626069043536
1134	105-109	-0.14186802451354907
1134	110-114	-0.13150442676271723
1134	115-119	-0.10042734885256976
1134	120-124	-0.15169584869082797
1134	125-129	-0.1165114527648683
1134	130-134	-0.102236905330777
1134	135-139	-0.11313298686013695
1134	140-144	-0.10517580148050598
1134	145-149	0.020761310144294498
1134	150	0.0668875840304608
1135	1	0.019570171548522808
1135	2	-0.07566873121079709
1135	3	-0.05556852148183111
1135	4	-0.06747617982792065
1135	5	-0.04484088443595624
1135	6	0.01640577662839604
1135	7	-0.010924046718670866
1135	8	-0.027609494692391934
1135	9	-0.07275929898540312
1135	10-14	-0.045465974859297376
1135	15-19	-0.05012749582230924
1135	20-24	-0.021553777064198698
1135	25-29	-0.037032326875596766
1135	30-34	-0.08557974964468684
1135	35-39	-0.04689433807191534
1135	40-44	-0.05385217914560769
1135	45-49	-0.04143941965951825
1135	50-54	-0.016330273081209157
1135	55-59	-0.04715744843316827
1135	60-64	-0.02698253246195037
1135	65-69	-0.04584005483813769
1135	70-74	-0.03544737961795619
1135	75-79	-0.058485044810673514
1135	80-84	-0.03461827781633531
1135	85-89	-0.03411584534389789
1135	90-94	-0.04610668611488222
1135	95-99	-0.022404928808761326
1135	100-104	-0.01979445849848105
1135	105-109	-0.042555575189119565
1135	110-114	0.00667550718458898
1135	115-119	-0.05571879344012842
1135	120-124	-0.045396571754842796
1135	125-129	0.0010765760417896786
1135	130-134	-0.01806891186360815
1135	135-139	0.07989872934604847
1135	140-144	0.043594072155940466
1135	145-149	0.11659832930286029
1135	150	0.17008991784719285
1136	1	-0.1109939098706505
1136	2	-0.05398656858559292
1136	3	-0.048471942960404135
1136	4	-0.019076133934483153
1136	5	0.013551827539075134
1136	6	0.04974019748780023
1136	7	-0.060260556400912435
1136	8	-0.036432897177974155
1136	9	-0.08409447615439092
1136	10-14	-0.058375158857586484
1136	15-19	-0.0795949186890823
1136	20-24	-0.05604429528985122
1136	25-29	-0.05121854822295546
1136	30-34	-0.1018302290999955
1136	35-39	-0.06534135615633119
1136	40-44	-0.05260741499801469
1136	45-49	-0.11865956971927716
1136	50-54	-0.05412233692130286
1136	55-59	-0.08383712524424425
1136	60-64	-0.06445993983231801
1136	65-69	-0.09095847350728548
1136	70-74	-0.05184996138713416
1136	75-79	-0.04564007878411047
1136	80-84	-0.07472789754630327
1136	85-89	-0.001595789121289215
1136	90-94	-0.04019458528474473
1136	95-99	-0.06664855148866877
1136	100-104	-0.031926013862729974
1136	105-109	-0.04029590047951359
1136	110-114	0.019419499917177063
1136	115-119	-0.027462586433365743
1136	120-124	-0.03749926815378046
1136	125-129	-0.026362551940366075
1136	130-134	-0.02474200725026776
1136	135-139	-0.0024899241845375286
1136	140-144	0.012625109852145044
1136	145-149	0.07027236547603621
1136	150	0.15672291032763752
1137	1	-0.07719015584296329
1137	2	-0.10081589985546913
1137	3	-0.011739519669980325
1137	4	-0.03467040990076953
1137	5	-0.014224148377948609
1137	6	0.008567660472017735
1137	7	0.01758128352376076
1137	8	-0.0427259167381564
1137	9	-0.07852100953694219
1137	10-14	-0.02864419771853477
1137	15-19	-0.06017980737864548
1137	20-24	-0.05494117807937471
1137	25-29	-0.04779600685277785
1137	30-34	-0.07457773995672312
1137	35-39	-0.07291587956712675
1137	40-44	-0.020497528672443366
1137	45-49	-0.06663702240094693
1137	50-54	-0.06066532483638554
1137	55-59	-0.046812727737020055
1137	60-64	-0.03902150425521711
1137	65-69	-0.08605551903193032
1137	70-74	-0.07653347526045451
1137	75-79	-0.013624101613416428
1137	80-84	-0.08509927002258166
1137	85-89	-0.06243820896751373
1137	90-94	-0.04999496331809894
1137	95-99	-2.564285629631513E-4
1137	100-104	-0.001976319496854728
1137	105-109	-0.0034661136367120093
1137	110-114	-0.02934954833177983
1137	115-119	-0.05338929527700742
1137	120-124	-0.06923800081393239
1137	125-129	-0.03207227319231265
1137	130-134	-0.05316800180502668
1137	135-139	0.01417382742992146
1137	140-144	0.014735737029539564
1137	145-149	0.07644132753001998
1137	150	0.14983589935230412
1138	1	6.999788493118331E-4
1138	2	-0.033751307306452816
1138	3	-0.02970041506240051
1138	4	-0.029467632365729912
1138	5	-0.02682712893882666
1138	6	-0.030592092062825316
1138	7	-0.009337828351789312
1138	8	-0.08031062150957524
1138	9	-0.04737123044398572
1138	10-14	-0.021508228539659058
1138	15-19	-0.06530547821271426
1138	20-24	-0.05226063271980763
1138	25-29	-0.05014125547473469
1138	30-34	-0.09108544542991126
1138	35-39	-0.06606808850280288
1138	40-44	-0.04669921716676129
1138	45-49	-0.03541346647703847
1138	50-54	-0.027042125997724042
1138	55-59	-0.05895836123805509
1138	60-64	-0.025441678417038815
1138	65-69	-0.07175786560865305
1138	70-74	-0.020732783956340484
1138	75-79	-0.04063646909709462
1138	80-84	-0.10499481989191395
1138	85-89	-0.08004094123171512
1138	90-94	-0.08931466510033204
1138	95-99	-0.06924325113170227
1138	100-104	0.0092697871536771
1138	105-109	-0.04964863901782479
1138	110-114	-0.043401157082449515
1138	115-119	-0.017046959232679626
1138	120-124	-0.047778701641860266
1138	125-129	-0.06456789720417788
1138	130-134	-0.061826991934374576
1138	135-139	0.029430887620492285
1138	140-144	0.01859882894281384
1138	145-149	0.05015004051023908
1138	150	-0.010052140024079392
1139	1	-0.03461241440454188
1139	2	0.04304640824439332
1139	3	-0.06658227683428208
1139	4	-0.03473236664779478
1139	5	-0.016272012482019704
1139	6	0.010565475141383729
1139	7	-0.07556962074948359
1139	8	0.009872844494765332
1139	9	-0.0547248751151983
1139	10-14	-0.008847468124791646
1139	15-19	-0.024043282975959812
1139	20-24	-0.00900962111696657
1139	25-29	0.0187686764267454
1139	30-34	-0.05093227659914845
1139	35-39	-0.06584150329974392
1139	40-44	-0.05026852007816984
1139	45-49	-0.058348100277001436
1139	50-54	-0.0033444914058406994
1139	55-59	-0.04851642211136209
1139	60-64	-0.0361683379701816
1139	65-69	-0.07115215267984354
1139	70-74	-0.04417007802873485
1139	75-79	-0.032019776180568726
1139	80-84	-0.07892820376535781
1139	85-89	-0.05581557483187538
1139	90-94	-0.04900561087549704
1139	95-99	-0.031359296414933624
1139	100-104	-0.06834430946606318
1139	105-109	-0.066375406926106
1139	110-114	-0.04405176823235024
1139	115-119	-0.054025629791937035
1139	120-124	-0.08567003373000404
1139	125-129	-0.07947712287604958
1139	130-134	-0.0945521852349458
1139	135-139	-0.01798991418450413
1139	140-144	0.042928535196637085
1139	145-149	0.04802887333323724
1139	150	0.02412391710136319
1140	1	-0.018767706412162966
1140	2	-0.0471319183285388
1140	3	-0.1176415955542609
1140	4	-0.014714083770904551
1140	5	0.0739973798057818
1140	6	0.05192122256958953
1140	7	0.012647996333157607
1140	8	-0.05948944804259071
1140	9	-0.040473974518619116
1140	10-14	-0.019116707385386178
1140	15-19	-0.05373419271930402
1140	20-24	-0.06913044578057992
1140	25-29	-0.08031965431423771
1140	30-34	-0.06687151278904224
1140	35-39	-0.0656529311680174
1140	40-44	-0.027369839051608835
1140	45-49	-0.03615450662534414
1140	50-54	-0.02807466594450858
1140	55-59	-0.10215773593127153
1140	60-64	-0.050314434301860445
1140	65-69	-0.06422533750479431
1140	70-74	-0.1101768035743973
1140	75-79	-0.07069070972350744
1140	80-84	-0.11367477400681025
1140	85-89	-0.06447162647913984
1140	90-94	-0.1447591592059183
1140	95-99	-0.06752096152138876
1140	100-104	-0.06906575525547254
1140	105-109	-0.11656946333977913
1140	110-114	-0.037910302232688764
1140	115-119	-0.0315753765876039
1140	120-124	-0.09931575047190222
1140	125-129	-0.050166882833025284
1140	130-134	-0.0867454345753984
1140	135-139	-0.049911640962854165
1140	140-144	0.04091612091305308
1140	145-149	0.09638235145516916
1140	150	0.05701890658873765
1141	1	-0.08703893115313832
1141	2	-0.008424869449640937
1141	3	-0.1798783411663294
1141	4	-0.015078120309880205
1141	5	0.007692397620679969
1141	6	-0.09128655106724182
1141	7	-0.10405751073823666
1141	8	-0.08240274602827924
1141	9	-0.14011274012211317
1141	10-14	-0.09562728600553783
1141	15-19	-0.09544906325378832
1141	20-24	-0.10277722706020143
1141	25-29	-0.07791360606154285
1141	30-34	-0.11443796337132284
1141	35-39	-0.08856949106047551
1141	40-44	-0.08970050241261873
1141	45-49	-0.1023559982846649
1141	50-54	-0.08458533264582258
1141	55-59	-0.05993514041269776
1141	60-64	-0.06504257252114343
1141	65-69	-0.08533308781947824
1141	70-74	-0.0861791006536663
1141	75-79	-0.07077596454497126
1141	80-84	-0.062026961790436985
1141	85-89	-0.07326765330247298
1141	90-94	-0.08303514274945911
1141	95-99	-0.013514345464599842
1141	100-104	-0.029772042280718836
1141	105-109	-0.09431387029487581
1141	110-114	-0.010356917668062238
1141	115-119	-0.017869812263455742
1141	120-124	-0.0918172075617818
1141	125-129	0.004149575649947224
1141	130-134	-0.07221446264961884
1141	135-139	-0.07080939997966595
1141	140-144	0.0017901977123742085
1141	145-149	0.08099642118186523
1141	150	0.20237169850265246
1142	1	-0.044455211049857724
1142	2	0.005199523280865037
1142	3	0.012953302929389565
1142	4	0.05762998206543557
1142	5	0.06161562388246011
1142	6	0.03827043949456055
1142	7	0.02890710320066603
1142	8	0.03719767819850972
1142	9	-0.02452352893138965
1142	10-14	-0.01413142949893853
1142	15-19	-0.013554370814340189
1142	20-24	0.0040735010434360674
1142	25-29	-0.011065736608124155
1142	30-34	-0.008222916955055837
1142	35-39	-0.007136307941841835
1142	40-44	0.019866137062010125
1142	45-49	0.01623930826102793
1142	50-54	0.025868166256806546
1142	55-59	0.005724801066321561
1142	60-64	0.016623970193201387
1142	65-69	0.002637727608551188
1142	70-74	0.015188306395657492
1142	75-79	-0.012411681868634616
1142	80-84	-0.02656627752718066
1142	85-89	0.022395797576386656
1142	90-94	-0.024462349042508436
1142	95-99	0.050999482577900324
1142	100-104	0.06883194480035826
1142	105-109	0.0323161800839884
1142	110-114	0.04560323243818942
1142	115-119	-0.0065615072261095975
1142	120-124	0.021638222672827112
1142	125-129	0.08988866842747711
1142	130-134	0.05146618118968149
1142	135-139	0.057202311964459795
1142	140-144	0.06281924206329137
1142	145-149	0.15599289628797663
1142	150	0.1551999029217086
1143	1	0.04605596475715856
1143	2	0.08069100964358711
1143	3	-0.02899374895984863
1143	4	0.00919956258530874
1143	5	0.07834367347786753
1143	6	0.06323222174876264
1143	7	0.01874652715081737
1143	8	0.008806968263513681
1143	9	0.010268653424930108
1143	10-14	0.04361166266272676
1143	15-19	-0.021427707054378686
1143	20-24	-0.006941476160484683
1143	25-29	-0.0035142330051201043
1143	30-34	-0.045727982536554634
1143	35-39	0.022441535915980637
1143	40-44	0.01352729714360379
1143	45-49	-0.022763304694713327
1143	50-54	0.019200842121875894
1143	55-59	-0.00801044146257368
1143	60-64	0.009807581470290927
1143	65-69	-0.03274006288283715
1143	70-74	0.027198540600458898
1143	75-79	-0.033940903064788586
1143	80-84	-0.034504437831017754
1143	85-89	-0.06972773263600374
1143	90-94	-0.008312986863629135
1143	95-99	0.018519723757250972
1143	100-104	0.09814772411555595
1143	105-109	0.012088707599616555
1143	110-114	0.053644319206313185
1143	115-119	0.01702355186529303
1143	120-124	0.03469975247458024
1143	125-129	0.03964913466859343
1143	130-134	0.00867528224216585
1143	135-139	0.052149764486401295
1143	140-144	0.06651286800460099
1143	145-149	0.1524978757449773
1143	150	0.25419943615769114
1144	1	-0.014100255815243656
1144	2	0.12656157526500778
1144	3	0.02108603272434806
1144	4	0.12718708481869356
1144	5	0.05189147281099338
1144	6	0.07160109914362778
1144	7	0.06287573094235199
1144	8	0.05509051384434116
1144	9	0.0347945213524099
1144	10-14	0.05537254705140526
1144	15-19	0.017249473808504945
1144	20-24	0.024823163502865953
1144	25-29	0.019689354299075035
1144	30-34	0.035952679044875424
1144	35-39	0.03157026206292812
1144	40-44	0.02583546054074759
1144	45-49	0.04891807156332817
1144	50-54	0.03928929874838616
1144	55-59	0.04353177766414973
1144	60-64	0.09058084723731241
1144	65-69	0.060059276692953745
1144	70-74	0.06943294908526099
1144	75-79	0.08617930582702371
1144	80-84	0.06670792008763016
1144	85-89	0.08613704825832968
1144	90-94	0.04341375918513535
1144	95-99	0.11119159596219674
1144	100-104	0.10051334665259759
1144	105-109	0.04663374003146714
1144	110-114	0.07892339039597829
1144	115-119	0.07234373199817412
1144	120-124	0.03921819865021092
1144	125-129	0.11801928244051396
1144	130-134	0.13375159437911321
1144	135-139	0.10614322412127564
1144	140-144	0.17084247628304894
1144	145-149	0.2232311812073533
1144	150	0.30849380472085386
1145	1	-0.09424218244782878
1145	2	0.11544318690582145
1145	3	-0.003988580813185649
1145	4	0.026367626095186836
1145	5	-0.026390406609351658
1145	6	0.04383665815515059
1145	7	-0.00235914441375229
1145	8	0.016342357075600944
1145	9	-0.06639372858830228
1145	10-14	-0.021913161187200103
1145	15-19	-0.03691505462291644
1145	20-24	-0.04944454528892095
1145	25-29	-0.010965487854221578
1145	30-34	-0.040426272486328685
1145	35-39	-0.03580122492528659
1145	40-44	-3.1375029824687317E-4
1145	45-49	-0.05784895734213791
1145	50-54	-0.006670726835054097
1145	55-59	-0.03256150563882443
1145	60-64	0.026955896308010097
1145	65-69	-0.04118498776281854
1145	70-74	-0.036218834304406755
1145	75-79	-0.021715435592930987
1145	80-84	-0.06158523761759227
1145	85-89	-0.04293837012544799
1145	90-94	-0.04438110707876319
1145	95-99	-0.02114669691717097
1145	100-104	0.0406235955112777
1145	105-109	-0.04057314778236076
1145	110-114	-0.01780776254626204
1145	115-119	-0.01086278586472389
1145	120-124	-0.022617477029236
1145	125-129	0.03660801238966371
1145	130-134	0.01881131710146633
1145	135-139	0.04014632521472805
1145	140-144	0.040075228190353585
1145	145-149	0.1253395826307937
1145	150	0.13802296387108015
1146	1	0.05130270841247153
1146	2	5.129181346674727E-4
1146	3	-0.027962528851141144
1146	4	0.045337794228714756
1146	5	-0.0074931934807125344
1146	6	-0.05398706211580162
1146	7	-0.0023047106457951827
1146	8	-0.013907637372945203
1146	9	-0.0012110600642074587
1146	10-14	-0.018285297936614597
1146	15-19	-0.023596899860848453
1146	20-24	-0.029639889806524877
1146	25-29	-0.01198516792123172
1146	30-34	0.0030114714953484167
1146	35-39	-0.013435332927784316
1146	40-44	0.0157991362969625
1146	45-49	-9.410070043003316E-5
1146	50-54	0.008276451776282556
1146	55-59	0.03211518430859428
1146	60-64	0.03293594682332923
1146	65-69	0.04751012084237516
1146	70-74	0.03361919870682328
1146	75-79	0.06118420602849994
1146	80-84	0.027729050185328674
1146	85-89	0.03153193723668579
1146	90-94	0.029982749842574208
1146	95-99	0.05736456114544808
1146	100-104	0.09988374234882968
1146	105-109	0.05586975286539797
1146	110-114	0.11755993952142063
1146	115-119	0.11279070055916662
1146	120-124	0.059049622945948954
1146	125-129	0.1218339311953116
1146	130-134	0.06512706479053065
1146	135-139	0.05727373344224418
1146	140-144	0.1813331454050413
1146	145-149	0.22774511302301192
1146	150	0.2573091622776431
1147	1	0.026981577874970242
1147	2	0.03521444151505193
1147	3	-0.02201158569977224
1147	4	0.10906327046084385
1147	5	-0.01724768767623175
1147	6	0.06897909901359611
1147	7	0.026226353412340586
1147	8	0.010020647843234087
1147	9	-0.008071329962454854
1147	10-14	0.012492729361454735
1147	15-19	0.018608580276605835
1147	20-24	-0.010492655105245774
1147	25-29	0.003159373470509763
1147	30-34	-0.024618972446646126
1147	35-39	-0.03052852345873447
1147	40-44	0.007204172483895377
1147	45-49	0.0028812783551259713
1147	50-54	0.030596552175232716
1147	55-59	0.019274569337056846
1147	60-64	-0.0012674092468216713
1147	65-69	-0.01244382604791383
1147	70-74	0.03346036599916147
1147	75-79	0.04806983861477221
1147	80-84	-0.03848288006569334
1147	85-89	-0.016196507430620954
1147	90-94	0.02349454719330879
1147	95-99	-0.008580502108486598
1147	100-104	0.0028612566714940613
1147	105-109	0.0072401134832844605
1147	110-114	0.055544167031328584
1147	115-119	0.03181759335962653
1147	120-124	-0.015184367024630774
1147	125-129	0.0957142629870873
1147	130-134	0.0791724086604475
1147	135-139	0.10703687096525272
1147	140-144	0.1107279505704426
1147	145-149	0.17551523313726136
1147	150	0.19784146220987253
1148	1	-0.04477813707844547
1148	2	0.057632644846336234
1148	3	-0.0704558917782876
1148	4	0.033236364312486444
1148	5	-0.007995848675683703
1148	6	0.03712005777919103
1148	7	-0.019019447018145286
1148	8	-0.028607362963690264
1148	9	0.006843861393541317
1148	10-14	0.020430136836232293
1148	15-19	-0.011175614420537272
1148	20-24	0.00871903780581107
1148	25-29	0.018303434205158453
1148	30-34	-3.974233602477284E-4
1148	35-39	-0.008266964411923539
1148	40-44	-0.026239315142618125
1148	45-49	-0.003965428579860486
1148	50-54	0.05672016934484958
1148	55-59	0.024249530457588264
1148	60-64	0.05576509707849908
1148	65-69	0.012813713117353132
1148	70-74	0.06660301798977031
1148	75-79	0.04186282322284285
1148	80-84	0.024519422384798872
1148	85-89	0.067180643642196
1148	90-94	0.00946810604072823
1148	95-99	0.09532632042594713
1148	100-104	0.07557283969667594
1148	105-109	0.02594886703719368
1148	110-114	0.07591061783277553
1148	115-119	0.033959459492514554
1148	120-124	0.05726806269934315
1148	125-129	0.13991293376351877
1148	130-134	0.10536279617529942
1148	135-139	0.09253700745380655
1148	140-144	0.10982610513492119
1148	145-149	0.20390513073130734
1148	150	0.1818239609977752
1149	1	-0.0182978460563632
1149	2	-0.007789486138300106
1149	3	-0.014044892739590864
1149	4	0.045850588705746986
1149	5	0.06191802789732748
1149	6	-0.052275688957656996
1149	7	-0.06848484656377707
1149	8	0.0056971952837585604
1149	9	-0.04844877186391017
1149	10-14	-0.02747742316980606
1149	15-19	-0.060488483229434564
1149	20-24	-0.0484570654419727
1149	25-29	0.0014743639499528172
1149	30-34	-0.013335136406425363
1149	35-39	-0.01590268589484367
1149	40-44	-0.03441270506058203
1149	45-49	-0.06776480039634691
1149	50-54	-0.008984071144702455
1149	55-59	-0.00838811092518199
1149	60-64	-0.037144240040852594
1149	65-69	-4.1084647305211774E-4
1149	70-74	0.011361556334321676
1149	75-79	0.025200157151502367
1149	80-84	-0.02332818657772151
1149	85-89	-0.01492341994642743
1149	90-94	-0.034045256655176104
1149	95-99	0.03323994307050526
1149	100-104	0.03239967553578538
1149	105-109	-0.01153892375045018
1149	110-114	0.031583564919557716
1149	115-119	0.019024201602697133
1149	120-124	-0.012547561310562116
1149	125-129	0.06333549966817742
1149	130-134	0.024575205018649626
1149	135-139	0.07384221904606392
1149	140-144	0.13015168927650933
1149	145-149	0.15226102111910933
1149	150	0.1770040476035888
1150	1	0.0026343689217824817
1150	2	-0.03173974619251396
1150	3	-0.11651938789257343
1150	4	-0.0020071994904782287
1150	5	0.030210753704963622
1150	6	-0.004741295872896956
1150	7	0.027916540392006084
1150	8	-0.06235676901678744
1150	9	-0.037395564528672764
1150	10-14	-0.014297680538007285
1150	15-19	-0.046156444062596336
1150	20-24	-0.02530472007045148
1150	25-29	-0.027474792400013825
1150	30-34	-0.04562533248485323
1150	35-39	-0.01577701988747293
1150	40-44	-0.01132251874944501
1150	45-49	-0.09608739458968074
1150	50-54	-0.0353804279439629
1150	55-59	-0.03070823399308864
1150	60-64	0.0034884071400540506
1150	65-69	-0.00885745600105281
1150	70-74	0.0036570267516253807
1150	75-79	0.007197012082770016
1150	80-84	-0.025649833343521777
1150	85-89	0.015017067929917971
1150	90-94	-0.002250887500295562
1150	95-99	0.028332395393903198
1150	100-104	0.09977462730977038
1150	105-109	0.015624663776719672
1150	110-114	0.024280803217124003
1150	115-119	0.006401897986350491
1150	120-124	-0.015311021862899565
1150	125-129	0.0516392527509808
1150	130-134	0.03642800212752917
1150	135-139	0.0907575024196845
1150	140-144	0.058805726831757
1150	145-149	0.1577834101992721
1150	150	0.1693790628649836
1151	1	-0.04090165424914716
1151	2	0.011744080360408304
1151	3	-0.06913617131319683
1151	4	-0.020549154941008396
1151	5	-0.106316248555693
1151	6	-0.037066532404331554
1151	7	-0.00914707733723219
1151	8	-0.0605922057820365
1151	9	-0.039079401625109256
1151	10-14	-0.07245572787840615
1151	15-19	-0.04965391516870454
1151	20-24	-0.062037494597305454
1151	25-29	-0.02093955751212917
1151	30-34	-0.050667099082367884
1151	35-39	-0.018750361531580495
1151	40-44	-0.01792610540631756
1151	45-49	-0.045852605320504836
1151	50-54	-0.017081345540169934
1151	55-59	-0.04649121117257948
1151	60-64	-0.04473833060233545
1151	65-69	-0.06843384224113436
1151	70-74	-0.016398303151959226
1151	75-79	-0.04674894680371722
1151	80-84	-0.06970519797870622
1151	85-89	-0.07299217563465987
1151	90-94	-0.0465812866344848
1151	95-99	0.008719655102474633
1151	100-104	0.04278820550081264
1151	105-109	-0.025851572683386337
1151	110-114	0.030906846327710014
1151	115-119	0.021634736704633895
1151	120-124	-0.003142710097264967
1151	125-129	0.03913967108058358
1151	130-134	0.014172366461913555
1151	135-139	0.030901249027927236
1151	140-144	0.1143264656222911
1151	145-149	0.14552993657513014
1151	150	0.18476471065565647
1152	1	-0.12674084762300453
1152	2	0.013707524193357301
1152	3	-0.11558140018771468
1152	4	-0.08957315941627542
1152	5	-0.02913487477317034
1152	6	-0.0682769625242372
1152	7	-0.07890048884345902
1152	8	-0.051865239175761246
1152	9	-0.09478132852934351
1152	10-14	-0.05541313532038572
1152	15-19	-0.07131825859293173
1152	20-24	-0.08123174639310093
1152	25-29	-0.06113824883810537
1152	30-34	-0.07345241553073834
1152	35-39	-0.024129672848580697
1152	40-44	-0.03948427502349716
1152	45-49	-0.07786369654127157
1152	50-54	-0.048031242765596005
1152	55-59	-0.06290912623427403
1152	60-64	0.00945326326232987
1152	65-69	-0.02945639205709938
1152	70-74	-0.012797544068099853
1152	75-79	-0.03276327551937186
1152	80-84	-0.06827916692215297
1152	85-89	-0.08330960272270715
1152	90-94	0.005263463478563324
1152	95-99	0.012513026708198538
1152	100-104	-0.013958147989555414
1152	105-109	-0.021369728288156864
1152	110-114	-0.03613036359518418
1152	115-119	0.04759770966520449
1152	120-124	-0.07099275851377485
1152	125-129	0.10570040959839844
1152	130-134	-0.03212060048786469
1152	135-139	0.038711498341747586
1152	140-144	0.1344647373945449
1152	145-149	0.15394138901237397
1152	150	0.12510869232427524
1153	1	-0.03273361234433736
1153	2	0.005196570188367389
1153	3	-0.13813843116138003
1153	4	0.010487007075518306
1153	5	-0.04160924026560053
1153	6	0.012560477329003561
1153	7	-0.06170975037900206
1153	8	-0.06088159171181928
1153	9	-0.05645788391208839
1153	10-14	-0.03185734301148102
1153	15-19	-0.11336429816245186
1153	20-24	-0.05502527709275995
1153	25-29	-0.05606447597649833
1153	30-34	-0.09102577159822545
1153	35-39	-0.06534507241054399
1153	40-44	-0.08100759102653399
1153	45-49	-0.0940296594036738
1153	50-54	-0.044078405038199264
1153	55-59	-0.09533924173086916
1153	60-64	-0.08547186375817972
1153	65-69	-0.10420403581949955
1153	70-74	-0.09970162168056618
1153	75-79	-0.09789808428160285
1153	80-84	-0.07001179674668379
1153	85-89	-0.09037771204139489
1153	90-94	-0.09597760307237024
1153	95-99	-0.057340466973592186
1153	100-104	-0.0043265551293529825
1153	105-109	-0.026172702152102545
1153	110-114	-0.056156239436560895
1153	115-119	-0.02023716239630602
1153	120-124	-0.044898078676617104
1153	125-129	0.002163792854332769
1153	130-134	-0.025851638177101677
1153	135-139	0.04308093347249553
1153	140-144	0.07051655027590442
1153	145-149	0.09952853808114526
1153	150	0.06030174297912083
1154	1	-0.06652411895051102
1154	2	4.1225635909114544E-4
1154	3	-0.009936316554046698
1154	4	-0.016869671202634606
1154	5	0.00913233752051923
1154	6	0.014895829930168247
1154	7	-0.028532662991906932
1154	8	-0.011485609708756783
1154	9	-0.05473527686596924
1154	10-14	-0.012211442479660661
1154	15-19	-0.04393169048959322
1154	20-24	-0.03364140997491205
1154	25-29	-0.05609000784328089
1154	30-34	-0.031096561658173982
1154	35-39	-0.04255639444131276
1154	40-44	-0.04552510984010638
1154	45-49	-0.07115134562323533
1154	50-54	-0.024785206121698877
1154	55-59	-0.043860646623521404
1154	60-64	-0.06656875481071012
1154	65-69	-0.06774526147180637
1154	70-74	-0.040232659006491645
1154	75-79	-0.018362113689924797
1154	80-84	-0.028881181591579264
1154	85-89	-0.02563300725119433
1154	90-94	-0.048197115534499346
1154	95-99	0.041615207015844646
1154	100-104	0.042379678873388116
1154	105-109	-2.2607968099919162E-4
1154	110-114	-0.03857243412738853
1154	115-119	0.033820776800460806
1154	120-124	-0.02168419359479401
1154	125-129	0.07507602922765244
1154	130-134	0.03812075892041378
1154	135-139	0.057087977351720554
1154	140-144	0.09842733646708979
1154	145-149	0.1459044168668555
1154	150	0.1361589112877013
1155	1	-0.03799308205860541
1155	2	-0.03173974619251396
1155	3	0.036578651323111444
1155	4	-0.029301317137537808
1155	5	0.012955851744173685
1155	6	0.04169007667611879
1155	7	-0.08251483215701683
1155	8	0.005407936865566398
1155	9	-0.0863367409992577
1155	10-14	-0.05483101387134326
1155	15-19	-0.08292507151357142
1155	20-24	-0.05485766124691338
1155	25-29	-0.06016498847844076
1155	30-34	-0.0566057246417202
1155	35-39	-0.049031921848254
1155	40-44	-0.055808793259245704
1155	45-49	-0.07487955145243319
1155	50-54	-0.04240787892436515
1155	55-59	-0.05724941046366894
1155	60-64	-0.040872377173670316
1155	65-69	-0.10448098541281325
1155	70-74	-0.02589591442483652
1155	75-79	-0.026120634976059875
1155	80-84	-0.03888904902979817
1155	85-89	-0.05393979481517874
1155	90-94	-0.059725397304219996
1155	95-99	-0.046522506566880395
1155	100-104	0.022974627309771734
1155	105-109	0.044675644168883366
1155	110-114	0.012798450275951723
1155	115-119	0.08753130975105705
1155	120-124	0.02522231147043641
1155	125-129	0.05251768412352931
1155	130-134	0.053243688402048406
1155	135-139	0.08981632594910849
1155	140-144	0.07304886408665823
1155	145-149	0.1491873317679051
1155	150	0.24341827855126041
1156	1	-0.13519209950086264
1156	2	-0.21524799707885478
1156	3	-0.12218317742226503
1156	4	-0.07998590248950421
1156	5	-0.07414341257499046
1156	6	-0.008468877407246111
1156	7	-0.03459125881477121
1156	8	-0.051079184079370066
1156	9	-0.12139420330257877
1156	10-14	-0.0691625169743233
1156	15-19	-0.09721306488068393
1156	20-24	-0.10067570986744556
1156	25-29	-0.11790332864884334
1156	30-34	-0.12919187354747663
1156	35-39	-0.10942830593675268
1156	40-44	-0.11534986206923037
1156	45-49	-0.14655442136253072
1156	50-54	-0.09626262620035675
1156	55-59	-0.14698139494569773
1156	60-64	-0.10770261866755249
1156	65-69	-0.11628868624007538
1156	70-74	-0.08258943684486297
1156	75-79	-0.05696515696914162
1156	80-84	-0.07940859190532734
1156	85-89	-0.08860895623802634
1156	90-94	-0.10890289252445484
1156	95-99	-0.07283279929237096
1156	100-104	-0.015185292006648865
1156	105-109	-0.022129926958278645
1156	110-114	-0.013546679937704198
1156	115-119	-0.020972249855176983
1156	120-124	-0.07806319827780328
1156	125-129	-0.001302374161696207
1156	130-134	-0.04624770308039672
1156	135-139	0.024806612982189336
1156	140-144	0.032636140335128516
1156	145-149	0.1102753622593653
1156	150	0.10815339014086334
1157	1	-0.0029774778150368775
1157	2	0.12493910268078423
1157	3	0.032980700872251134
1157	4	0.04460914670457328
1157	5	0.03337205469117066
1157	6	0.0845685055999823
1157	7	0.04429226658007224
1157	8	0.005890915445696976
1157	9	0.0017986222937338425
1157	10-14	0.019816171059453325
1157	15-19	-0.02735691176138033
1157	20-24	0.028725459969095368
1157	25-29	0.0035148117088823483
1157	30-34	-0.012851215082669398
1157	35-39	-0.022216855090988474
1157	40-44	-0.007395945010365779
1157	45-49	-0.009259756284919263
1157	50-54	-0.015520615145909744
1157	55-59	-0.024508311126652416
1157	60-64	-3.197188202861412E-4
1157	65-69	-0.012788427577945072
1157	70-74	0.001346408642376673
1157	75-79	0.04012920677769216
1157	80-84	-0.01574858635081
1157	85-89	-0.033946176087638946
1157	90-94	-0.05000859504163202
1157	95-99	0.02586821536660011
1157	100-104	0.07478747433431465
1157	105-109	0.043564460413449524
1157	110-114	0.041853299590009385
1157	115-119	0.1387002408389364
1157	120-124	0.03993541989207472
1157	125-129	0.09911782002553338
1157	130-134	0.10172133864416111
1157	135-139	0.1031407362752077
1157	140-144	0.15262886567830236
1157	145-149	0.19200085095640418
1157	150	0.26000988078691023
1158	1	0.056759578570186875
1158	2	0.036883435584087465
1158	3	0.039700781045922895
1158	4	0.09177866944496316
1158	5	-0.016004963063863897
1158	6	-3.6402023480519574E-4
1158	7	0.034446714514530186
1158	8	-0.030862730654938275
1158	9	-0.03019500343331316
1158	10-14	0.02503876321523535
1158	15-19	1.1074710625536E-4
1158	20-24	-0.03468989373555331
1158	25-29	-0.005672920049207164
1158	30-34	-0.006881015100049126
1158	35-39	0.028143377758368615
1158	40-44	-0.012715938076738098
1158	45-49	-0.0010972686481736105
1158	50-54	0.03538467436445103
1158	55-59	-0.00386421240311563
1158	60-64	-0.010306390530182341
1158	65-69	0.03113351768235617
1158	70-74	0.060908318185774135
1158	75-79	0.05076596887232654
1158	80-84	0.06931282332100608
1158	85-89	0.0189521516368103
1158	90-94	0.03178476645024375
1158	95-99	0.0641794603162964
1158	100-104	0.09627026967246621
1158	105-109	0.12931165795230726
1158	110-114	0.11561736894761054
1158	115-119	0.14429922973398135
1158	120-124	0.07942724545024049
1158	125-129	0.11604563216121733
1158	130-134	0.12855663933668637
1158	135-139	0.11763245744057826
1158	140-144	0.17606206812410363
1158	145-149	0.27940600038621
1158	150	0.2867119082893126
1159	1	0.006940128725709371
1159	2	-0.019193790310161774
1159	3	-0.024722819265122098
1159	4	0.036277114235012675
1159	5	-0.05305395217739317
1159	6	0.0244167923623948
1159	7	0.015671442352790166
1159	8	0.026997397649878963
1159	9	-0.02055610374435446
1159	10-14	0.03191065279531813
1159	15-19	-0.012146640141025955
1159	20-24	-0.018033886737107707
1159	25-29	-0.014677488478440637
1159	30-34	-0.05739763640642792
1159	35-39	-0.008037804201194376
1159	40-44	-0.004231587376899881
1159	45-49	0.010502556390704854
1159	50-54	-0.04391596715965562
1159	55-59	-0.04844352811073804
1159	60-64	-0.0153738477619072
1159	65-69	-0.013804759922621201
1159	70-74	-0.02925449285621795
1159	75-79	-0.007667448701546675
1159	80-84	-0.0010667451082326806
1159	85-89	-0.01112337324655499
1159	90-94	-0.01959966201009422
1159	95-99	0.04640175813899816
1159	100-104	0.0420947253489814
1159	105-109	0.014230301031624037
1159	110-114	0.041997714981832246
1159	115-119	0.028950182300079064
1159	120-124	0.02014118401945808
1159	125-129	0.12706915471176217
1159	130-134	0.09126231585302236
1159	135-139	0.07967269849812197
1159	140-144	0.14439935428273287
1159	145-149	0.2021721356894659
1159	150	0.34955308247283057
1160	1	0.009056517136713182
1160	2	0.05223015205768888
1160	3	-0.012781741692393211
1160	4	0.03105737698133737
1160	5	-0.037045975949681065
1160	6	-0.00926038546056418
1160	7	-0.0020553327488670448
1160	8	-0.060082970664161905
1160	9	0.002402236105503164
1160	10-14	-0.002515801693256492
1160	15-19	-0.03688279903998648
1160	20-24	-0.004324217515971895
1160	25-29	0.0033175263792344367
1160	30-34	0.017271682486288853
1160	35-39	0.047706800115342674
1160	40-44	0.013264639554606106
1160	45-49	0.017102083290929215
1160	50-54	0.028605048636414665
1160	55-59	0.01665985005629267
1160	60-64	0.019465572006630794
1160	65-69	0.057807591500591116
1160	70-74	0.03918007470713292
1160	75-79	0.028525016891194355
1160	80-84	0.06725541238316879
1160	85-89	0.052155149587356675
1160	90-94	0.019061524258276563
1160	95-99	0.046767393891265385
1160	100-104	0.09660993492045833
1160	105-109	0.013993418798278867
1160	110-114	0.059971616295563024
1160	115-119	0.07595379897195897
1160	120-124	0.015886902661925717
1160	125-129	0.06261126450218768
1160	130-134	0.11587906593122455
1160	135-139	0.11609180234547978
1160	140-144	0.13621695672252088
1160	145-149	0.18108318511079347
1160	150	0.31758776342372386
1161	1	-0.027994347080742443
1161	2	0.008027441079420328
1161	3	-0.032292608347006535
1161	4	0.0047944839620583934
1161	5	-0.104983232574412
1161	6	-0.04278931805944097
1161	7	-0.056481163106269605
1161	8	-0.02754121897542916
1161	9	-0.07024050200738685
1161	10-14	-0.05546806928904857
1161	15-19	-0.06585259547600941
1161	20-24	-0.08256195745671846
1161	25-29	-0.03875952942136962
1161	30-34	-0.049873597944888104
1161	35-39	-0.04064450395306096
1161	40-44	-0.0613294471783874
1161	45-49	-0.052769621028652125
1161	50-54	-0.07307151926883648
1161	55-59	-0.10175742389237996
1161	60-64	-0.04280964180657065
1161	65-69	-0.05014393486058566
1161	70-74	-0.03138926332767511
1161	75-79	-0.03448460130699971
1161	80-84	-0.062297359252148965
1161	85-89	-0.013608329822233145
1161	90-94	-0.07214262106715807
1161	95-99	0.027992483945460833
1161	100-104	0.059439328326647
1161	105-109	0.032238520634599865
1161	110-114	0.03812038867909706
1161	115-119	0.06810511406186492
1161	120-124	0.021942517766355252
1161	125-129	0.09616810012119714
1161	130-134	0.07190809749074845
1161	135-139	0.148824373436085
1161	140-144	0.14839222028770394
1161	145-149	0.208614753555473
1161	150	0.2464342859467763
1162	1	-0.09901609414671952
1162	2	-0.09380545419947595
1162	3	-0.08595140785603661
1162	4	-0.06592603256393659
1162	5	-0.09785592086441852
1162	6	-0.020797757707363473
1162	7	-0.0540181406575968
1162	8	-0.06636317629214261
1162	9	-0.03803600027202947
1162	10-14	-0.045713998421540225
1162	15-19	-0.07027941025418016
1162	20-24	-0.015353188008234042
1162	25-29	-0.052967840749403194
1162	30-34	0.008235162771995874
1162	35-39	-0.021533928833044058
1162	40-44	-0.03909477719243171
1162	45-49	0.006057092509131223
1162	50-54	-0.03586212860749072
1162	55-59	-0.04957567816498454
1162	60-64	-0.058419518975675544
1162	65-69	-0.0021259019936152868
1162	70-74	0.02197007504022963
1162	75-79	0.041344438990279286
1162	80-84	0.01170012243169083
1162	85-89	-0.0294654035519315
1162	90-94	-0.01919612961201267
1162	95-99	-0.001446937799613579
1162	100-104	0.07836086625736982
1162	105-109	0.03619190582157472
1162	110-114	0.03643833465319801
1162	115-119	0.0882588844392771
1162	120-124	0.002719999319410249
1162	125-129	0.031211438853759432
1162	130-134	0.058756386539741357
1162	135-139	0.061793009302647306
1162	140-144	0.09617506735047954
1162	145-149	0.19491176907964558
1162	150	0.27736010851530324
1163	1	-0.011984264221098329
1163	2	-0.035892190788743505
1163	3	-0.015687729825295094
1163	4	-0.023849592182685342
1163	5	-0.02518677816201631
1163	6	-0.07647657614537451
1163	7	-0.01964198931204919
1163	8	0.005255135371520225
1163	9	-0.01654224645579916
1163	10-14	6.612608292186906E-4
1163	15-19	-0.011006439293694825
1163	20-24	0.010723105652651554
1163	25-29	-0.019828820268813274
1163	30-34	-0.0419480345705594
1163	35-39	0.016274058343917375
1163	40-44	-0.017377839142156404
1163	45-49	-0.030563160304730275
1163	50-54	-0.017798410671339582
1163	55-59	-0.018533046390984964
1163	60-64	0.050063877799054524
1163	65-69	0.0360778993430344
1163	70-74	0.04557177616936059
1163	75-79	0.0317120919386511
1163	80-84	0.005811246026247829
1163	85-89	0.011018936105401167
1163	90-94	-0.017057952846435853
1163	95-99	0.06085655768395526
1163	100-104	0.0922070939352011
1163	105-109	0.04473150729240416
1163	110-114	0.07535140437457954
1163	115-119	0.0741463320725515
1163	120-124	0.027922693904905316
1163	125-129	0.11818058182615232
1163	130-134	0.06811744687452403
1163	135-139	0.10645551271434783
1163	140-144	0.11734268944671555
1163	145-149	0.21852355966561987
1163	150	0.21637590924201078
1164	1	0.01801404362925041
1164	2	0.052856322477644824
1164	3	-0.05225432206537306
1164	4	0.02161469979817099
1164	5	-0.027072309364697844
1164	6	-0.016101448147871622
1164	7	0.05108058983256569
1164	8	0.014400750170104004
1164	9	-0.05992235296650961
1164	10-14	0.03459259118984903
1164	15-19	-0.016363503862237394
1164	20-24	0.005258233673593793
1164	25-29	0.014173281590004194
1164	30-34	-0.009819268329266606
1164	35-39	0.0431323887048336
1164	40-44	0.034484848528521184
1164	45-49	-0.008537230479241487
1164	50-54	0.039023710811726176
1164	55-59	0.04586294357563503
1164	60-64	0.046009397415446074
1164	65-69	0.01290903130326626
1164	70-74	0.037578697871850864
1164	75-79	0.05622983661270098
1164	80-84	9.076248357615668E-4
1164	85-89	0.015176136709882826
1164	90-94	0.013194636371977708
1164	95-99	0.08760014799587879
1164	100-104	0.07930777762029351
1164	105-109	0.05559126089472244
1164	110-114	0.06914188890839768
1164	115-119	0.10945341036480016
1164	120-124	0.0581637026877857
1164	125-129	0.0895049823408911
1164	130-134	0.11806209805588708
1164	135-139	0.1531173935821286
1164	140-144	0.1808054681595337
1164	145-149	0.20743030308212695
1164	150	0.26551489018906693
1165	1	-0.027411640032980245
1165	2	-0.04059569802205942
1165	3	-0.016258155840695565
1165	4	-0.0543030154546571
1165	5	0.03754007283419014
1165	6	-0.022710108594836242
1165	7	-0.04007543119978152
1165	8	-0.0026723472165670614
1165	9	-0.10838645537319991
1165	10-14	-0.0031196660251211483
1165	15-19	-0.05624753561731666
1165	20-24	-0.0505435652148023
1165	25-29	-0.02147151927974278
1165	30-34	-0.047849572101959836
1165	35-39	-0.021171122095289263
1165	40-44	-0.0045727271792728175
1165	45-49	-0.02687065844640557
1165	50-54	-0.048250583880353304
1165	55-59	-0.07554627629662747
1165	60-64	0.0010028119570932859
1165	65-69	0.003891656242267061
1165	70-74	-0.008888534464979614
1165	75-79	0.013069360392172769
1165	80-84	-0.0023634970767290042
1165	85-89	-0.039161595031330876
1165	90-94	-0.05588114842355907
1165	95-99	0.008708989496113873
1165	100-104	0.0639590336707414
1165	105-109	0.00864711244122418
1165	110-114	0.10470075072368701
1165	115-119	0.14947751941602405
1165	120-124	0.031322913601051994
1165	125-129	0.09069091246998795
1165	130-134	0.09833962788019335
1165	135-139	0.1370421403693598
1165	140-144	0.15084537481693872
1165	145-149	0.19114058172930015
1165	150	0.10066576967369656
1166	1	-0.04735317319023835
1166	2	-0.013355757244646327
1166	3	0.0738224526755431
1166	4	-0.012471340647557838
1166	5	-0.005504508419669207
1166	6	0.059333742300587744
1166	7	0.04968565743313036
1166	8	-0.02499541755407364
1166	9	-0.018941069751775785
1166	10-14	-0.0015453113579582123
1166	15-19	0.007685869129687717
1166	20-24	-0.04224827178037316
1166	25-29	-0.004096756092778264
1166	30-34	-0.020504481276638842
1166	35-39	-0.024658941407622592
1166	40-44	-0.006587968711876613
1166	45-49	-0.008033985636494378
1166	50-54	-0.015361038235056412
1166	55-59	-0.05660978274609363
1166	60-64	0.032963760396313546
1166	65-69	0.003211232042772849
1166	70-74	-0.012698173325929929
1166	75-79	0.008498265142705463
1166	80-84	0.018923597907836154
1166	85-89	-0.007049593889320249
1166	90-94	-0.04302294692975295
1166	95-99	-0.0052753895742228
1166	100-104	0.06291626428594554
1166	105-109	0.019696231192313007
1166	110-114	0.09133308271977114
1166	115-119	0.10786033372158244
1166	120-124	0.06995924644220253
1166	125-129	0.11182270848185283
1166	130-134	0.10195545553163754
1166	135-139	0.09228626462914491
1166	140-144	0.16958770409732438
1166	145-149	0.19366054730875248
1166	150	0.28506528890051896
1167	1	0.012950879961039163
1167	2	-0.016466701829614294
1167	3	-0.008629937856845515
1167	4	-0.03309441139809621
1167	5	0.020783293035705697
1167	6	-0.005508508749400676
1167	7	-0.06364140508389937
1167	8	-0.07717744021299922
1167	9	-0.03775981745652501
1167	10-14	-0.03371295745791514
1167	15-19	-0.055290864971162534
1167	20-24	-0.05842228235168534
1167	25-29	-0.0672142781634335
1167	30-34	-0.04468164659790119
1167	35-39	-0.027760781347588193
1167	40-44	-0.03290634803162362
1167	45-49	-0.07374184601818712
1167	50-54	-0.020577293595728463
1167	55-59	-0.054182564552981205
1167	60-64	-0.04389986690952696
1167	65-69	-0.0024086434927284017
1167	70-74	0.011548278916478694
1167	75-79	-0.006646023439046189
1167	80-84	0.022261891395785938
1167	85-89	-0.07551030190622043
1167	90-94	-0.004589663554256163
1167	95-99	0.018687158077234756
1167	100-104	0.026011263335398382
1167	105-109	-0.011713916077709996
1167	110-114	0.02697019027522174
1167	115-119	-0.004041517823459628
1167	120-124	-0.012282572929287028
1167	125-129	0.06902213494647924
1167	130-134	0.04831497181348965
1167	135-139	0.06818296718248718
1167	140-144	0.09698806645074143
1167	145-149	0.15241016842572463
1167	150	0.1841566186062451
1168	1	0.02849465925120853
1168	2	-0.04742480847090036
1168	3	0.03286122246594658
1168	4	-0.0744840913291327
1168	5	0.033271395581493834
1168	6	-0.05118260871952174
1168	7	-0.0076631789764221026
1168	8	0.024921953291304533
1168	9	-0.02776099168871582
1168	10-14	0.01442977953411173
1168	15-19	-0.03687075142386931
1168	20-24	-0.026734910693832603
1168	25-29	-0.026790027118316573
1168	30-34	-0.017121844288958243
1168	35-39	0.00962912006464478
1168	40-44	0.03907183225216215
1168	45-49	-0.05499502861702865
1168	50-54	-0.002920507345123724
1168	55-59	-0.03213672749249952
1168	60-64	-0.006466776664531437
1168	65-69	0.008218520602881085
1168	70-74	0.01473459137871913
1168	75-79	0.026216535069707447
1168	80-84	0.0065264735934675855
1168	85-89	-0.011303724869428322
1168	90-94	-0.04711057777517169
1168	95-99	0.0526549459288006
1168	100-104	0.07628541313878401
1168	105-109	0.08317475620936676
1168	110-114	0.09238517634195631
1168	115-119	0.09449683995077152
1168	120-124	0.023050283710340125
1168	125-129	0.11877607124963419
1168	130-134	0.12490566979429474
1168	135-139	0.1602996304919415
1168	140-144	0.16261361239710936
1168	145-149	0.2364377848393957
1168	150	0.1993994889643247
1169	1	0.0881486195464376
1169	2	0.04868278134982518
1169	3	0.09528123041090453
1169	4	0.04185023981353453
1169	5	0.045035372105239446
1169	6	0.059519480575907835
1169	7	-0.024483602386489167
1169	8	0.003263307091415868
1169	9	-0.004543588317019953
1169	10-14	0.017153517651848915
1169	15-19	0.020923554243431397
1169	20-24	0.011152340507564418
1169	25-29	0.03702131204608605
1169	30-34	0.04869818664202086
1169	35-39	0.040071267073095385
1169	40-44	0.05717405517169993
1169	45-49	0.04879874198157097
1169	50-54	0.026593424231890594
1169	55-59	0.027052152234830373
1169	60-64	0.04122939969258255
1169	65-69	0.06004773544917441
1169	70-74	0.07038576092348592
1169	75-79	0.0934124841895354
1169	80-84	0.06832917821790829
1169	85-89	0.03775465436838488
1169	90-94	0.04315953653973281
1169	95-99	0.10437497242471494
1169	100-104	0.08986906197348787
1169	105-109	0.1140605810377906
1169	110-114	0.1395843587646084
1169	115-119	0.13796046076350876
1169	120-124	0.08709978090313086
1169	125-129	0.12636431824154215
1169	130-134	0.10824372591164888
1169	135-139	0.17617512830373272
1169	140-144	0.22000607288810414
1169	145-149	0.2992076571334721
1169	150	0.30994782946449817
1170	1	0.06237519435215688
1170	2	0.04105020361116374
1170	3	-0.04537279216275181
1170	4	0.011817225741907578
1170	5	0.021690898372398237
1170	6	-0.001964992909407215
1170	7	0.01718569045561935
1170	8	0.012210780412772237
1170	9	-0.0452670279351608
1170	10-14	0.023449467260249435
1170	15-19	-0.0030482198219843326
1170	20-24	0.02942368837516085
1170	25-29	0.009781054575611847
1170	30-34	-0.002207677834327626
1170	35-39	0.04085572220425604
1170	40-44	0.05474730181312282
1170	45-49	0.03359763731063481
1170	50-54	0.028479253143892436
1170	55-59	0.026455883380670286
1170	60-64	0.050964873780607434
1170	65-69	0.06676685808884031
1170	70-74	0.056865851343879115
1170	75-79	0.07285927617068921
1170	80-84	0.06365482644202558
1170	85-89	0.02218508075685577
1170	90-94	0.05365472276611882
1170	95-99	0.12597279538539397
1170	100-104	0.10314205770146856
1170	105-109	0.0679996889052461
1170	110-114	0.0981246024682747
1170	115-119	0.09735026167130201
1170	120-124	0.0768885608972596
1170	125-129	0.15906011413564158
1170	130-134	0.11531446855551764
1170	135-139	0.15075747083822222
1170	140-144	0.1508455947969125
1170	145-149	0.24423596176969653
1170	150	0.20345882430340367
1171	1	0.020670879657814112
1171	2	-0.06197597242139352
1171	3	0.06514833577604406
1171	4	0.11035082869827306
1171	5	-0.015384618636922198
1171	6	0.015491293294502384
1171	7	-0.012505115049727067
1171	8	0.022836540495930535
1171	9	-0.06036341887563168
1171	10-14	0.03514564192069258
1171	15-19	0.006983156348027819
1171	20-24	0.028918468785647633
1171	25-29	0.04464557544885395
1171	30-34	0.04415282382349517
1171	35-39	0.04671992455442364
1171	40-44	0.04670253371988764
1171	45-49	0.06082354248670896
1171	50-54	0.0489513914701476
1171	55-59	0.045947570226992696
1171	60-64	0.0439436332074834
1171	65-69	0.04993334594968246
1171	70-74	0.08462585707387404
1171	75-79	0.11475135081686005
1171	80-84	0.07695305254596008
1171	85-89	0.03786667452414605
1171	90-94	0.053012162209263636
1171	95-99	0.10607496576677278
1171	100-104	0.14853407986195322
1171	105-109	0.12324695281040476
1171	110-114	0.10840987320771234
1171	115-119	0.16346362994649866
1171	120-124	0.0948361603282919
1171	125-129	0.12985820628858846
1171	130-134	0.15725109168026563
1171	135-139	0.14038527811595003
1171	140-144	0.16060191370483778
1171	145-149	0.23924897660915434
1171	150	0.2285932991886881
1172	1	0.058971378725708234
1172	2	0.01127495968984249
1172	3	0.09558968073488217
1172	4	0.027214614235013812
1172	5	0.003821047822611945
1172	6	0.05347929236239679
1172	7	-0.014016057647211255
1172	8	-0.06175260235011848
1172	9	-0.006806103744359859
1172	10-14	0.003035652795325916
1172	15-19	-0.017396640141015496
1172	20-24	-0.014971386737116177
1172	25-29	-0.02436498847843893
1172	30-34	-0.0018351364064272957
1172	35-39	0.012024695798793061
1172	40-44	0.04620591262310825
1172	45-49	0.042377556390704285
1172	50-54	0.026021532840353245
1172	55-59	-0.013568528110731393
1172	60-64	0.025313652238097006
1172	65-69	0.014695240077379879
1172	70-74	0.06905800714378785
1172	75-79	0.06027005129845264
1172	80-84	0.012870754891778802
1172	85-89	0.00306412675345058
1172	90-94	2.5337989896456747E-5
1172	95-99	0.07140175813900385
1172	100-104	0.10171972534899254
1172	105-109	0.045292801031621366
1172	110-114	0.017810214981828665
1172	115-119	0.11076268230007003
1172	120-124	0.02739118401945717
1172	125-129	0.08463165471176382
1172	130-134	0.09894981585302531
1172	135-139	0.11248519849812055
1172	140-144	0.12971185428273913
1172	145-149	0.18129713568947636
1172	150	0.12017808247282602
1173	1	-0.031721454503816915
1173	2	0.04571166165185048
1173	3	0.01566627291799705
1173	4	0.035089789414087136
1173	5	-0.06343000325182402
1173	6	-0.03160674002626962
1173	7	0.03813562796474912
1173	8	-0.03898876320343447
1173	9	-0.004712227226136179
1173	10-14	0.01408392436181316
1173	15-19	-0.01296710105662413
1173	20-24	-0.026476525323218425
1173	25-29	-0.019144496419897905
1173	30-34	0.005646489255362042
1173	35-39	0.02238153556834277
1173	40-44	0.02378774071404166
1173	45-49	4.448835473525037E-4
1173	50-54	-0.02173664218300786
1173	55-59	0.007375998516479854
1173	60-64	0.013174073446442947
1173	65-69	0.005504742568817278
1173	70-74	0.03751199344088718
1173	75-79	0.06155497032679591
1173	80-84	0.011007861712073463
1173	85-89	-0.0022700370584445295
1173	90-94	0.012041785358327672
1173	95-99	0.032755094327100664
1173	100-104	0.09251137903942208
1173	105-109	0.059878638776872606
1173	110-114	0.08276505770994902
1173	115-119	0.10911459759125819
1173	120-124	0.013353092303475478
1173	125-129	0.09268636897523663
1173	130-134	0.11600048153349718
1173	135-139	0.11034324505682491
1173	140-144	0.1526989883531229
1173	145-149	0.21994802326343432
1173	150	0.19561603015267792
1174	1	0.04704987089280621
1174	2	0.06709607011834606
1174	3	0.03724951601363813
1174	4	0.03726582564647174
1174	5	0.07003505104791685
1174	6	0.03419097259584447
1174	7	-0.004312815057751607
1174	8	0.004827176101734665
1174	9	0.005443118725310114
1174	10-14	0.030324241337794433
1174	15-19	-0.002959802481676377
1174	20-24	0.03668841974422321
1174	25-29	0.034591085857293535
1174	30-34	0.01912531513711002
1174	35-39	0.051035533227768326
1174	40-44	0.012784049622027283
1174	45-49	0.04075114531713808
1174	50-54	0.009249685197900703
1174	55-59	0.04874377030732546
1174	60-64	0.04751662605164597
1174	65-69	0.04266069277282014
1174	70-74	0.07585124166997304
1174	75-79	0.070420316234717
1174	80-84	0.10629622716945875
1174	85-89	0.04417486243153235
1174	90-94	0.07528698174662196
1174	95-99	0.07477671014330411
1174	100-104	0.10061881919017424
1174	105-109	0.10054892528288661
1174	110-114	0.11413489629038054
1174	115-119	0.09554351473749279
1174	120-124	0.0450889167026034
1174	125-129	0.12551169426021858
1174	130-134	0.17694949908140245
1174	135-139	0.171213264463411
1174	140-144	0.1575597943073106
1174	145-149	0.19602728466812636
1174	150	0.16742216940264143
1175	1	0.02318048366397818
1175	2	-0.0999750403101558
1175	3	0.02383427950031347
1175	4	0.024703040160936496
1175	5	-0.05944284106627862
1175	6	0.026951514584617087
1175	7	0.016998602846612698
1175	8	-0.03546788012789648
1175	9	-0.06149360374435986
1175	10-14	0.016751702178034122
1175	15-19	-0.024609603103982636
1175	20-24	0.0028310823986856803
1175	25-29	-0.008525482305600462
1175	30-34	6.772092725881862E-4
1175	35-39	0.012412813082754326
1175	40-44	-0.00610581577196001
1175	45-49	-0.03523278311546818
1175	50-54	-0.05368834370285924
1175	55-59	-0.04095587378974841
1175	60-64	-0.004001934181665945
1175	65-69	-0.006663556218917677
1175	70-74	0.011320352822799862
1175	75-79	8.827056194462557E-4
1175	80-84	-0.009836035231685969
1175	85-89	-0.06802229299963614
1175	90-94	-0.052747038553306425
1175	95-99	0.054657159373569186
1175	100-104	0.02532466362059438
1175	105-109	0.03068014671063679
1175	110-114	0.058180585352197056
1175	115-119	0.07370095390501064
1175	120-124	0.022614177846612904
1175	125-129	0.01843489545250776
1175	130-134	0.08850614301351101
1175	135-139	0.11077609355984919
1175	140-144	0.1239842308259469
1175	145-149	0.12775392581292522
1175	150	0.1580638849419671
1176	1	0.016379375135322505
1176	2	-0.021954434627986075
1176	3	-0.0022987246663106475
1176	4	-0.04842863037941214
1176	5	0.030562188940308488
1176	6	-0.02876274635131182
1176	7	-0.0896446675441851
1176	8	-0.04812094843191517
1176	9	-0.1084105566010507
1176	10-14	0.022438712426918528
1176	15-19	-0.04515272818348137
1176	20-24	-0.005742226574760423
1176	25-29	-0.03432471373601231
1176	30-34	-0.01922024411793899
1176	35-39	-0.01322528468823947
1176	40-44	0.0025322473093396525
1176	45-49	-0.047848579263366275
1176	50-54	-0.08676632229546044
1176	55-59	-0.05554171730835833
1176	60-64	-0.002192962654191888
1176	65-69	-0.03495514627915952
1176	70-74	0.0037816256264591175
1176	75-79	0.016838541776124316
1176	80-84	0.005668834816837887
1176	85-89	0.004267998124042549
1176	90-94	0.028854970365799204
1176	95-99	0.047722726762167156
1176	100-104	0.0978283734913461
1176	105-109	0.09008334895543868
1176	110-114	0.04628664333025512
1176	115-119	0.052031492790241884
1176	120-124	0.03918612235850816
1176	125-129	0.07326705511763976
1176	130-134	0.10965140420769615
1176	135-139	0.08528247839196723
1176	140-144	0.13395886880037722
1176	145-149	0.17102052001666834
1176	150	0.18976323701544828
1177	1	-0.037146962796676064
1177	2	-0.020299482674843716
1177	3	-0.06423469338772492
1177	4	0.01103729205438242
1177	5	-0.08071227381208246
1177	6	-0.060732414079659236
1177	7	-0.006457320710694603
1177	8	-0.08856672066239213
1177	9	-0.07548128117377217
1177	10-14	-0.023469416616627825
1177	15-19	-0.07619819216098733
1177	20-24	-0.05988528472494892
1177	25-29	-0.08442379365704511
1177	30-34	-0.04453931672151157
1177	35-39	-0.03547868705878443
1177	40-44	-0.005608897858877526
1177	45-49	-0.040331196143995385
1177	50-54	-0.09254834705358661
1177	55-59	-0.08390812021805516
1177	60-64	-0.0063787806896868915
1177	65-69	-0.01751669058866412
1177	70-74	0.0368798368115435
1177	75-79	-0.00962140479263951
1177	80-84	0.02510258299970758
1177	85-89	-0.028308202056415155
1177	90-94	0.005451139346945411
1177	95-99	0.05213886038514204
1177	100-104	0.03459010438501764
1177	105-109	0.04373846083507971
1177	110-114	0.04004855533434437
1177	115-119	0.07321908535732291
1177	120-124	0.028939099711230654
1177	125-129	0.06704682980145549
1177	130-134	0.12520932100042614
1177	135-139	0.10454918032622373
1177	140-144	0.11891972941922546
1177	145-149	0.07415441224539165
1177	150	0.15920962981333986
1178	1	-0.05189161732141656
1178	2	-0.062337464740480186
1178	3	-0.12532514836138375
1178	4	-0.04143370579289041
1178	5	-0.012907850797759579
1178	6	-0.08063344209737977
1178	7	-0.06579925986392254
1178	8	-0.038460525540322976
1178	9	-0.1304247772058389
1178	10-14	-0.09029623373389484
1178	15-19	-0.07275964587656603
1178	20-24	-0.08715600927625644
1178	25-29	-0.11670989624467865
1178	30-34	-0.073364589204445
1178	35-39	-0.032570977352648356
1178	40-44	-0.06240899204284034
1178	45-49	-0.10108908637786129
1178	50-54	-0.10344854931745573
1178	55-59	-0.09676216088084999
1178	60-64	-0.03665545138925097
1178	65-69	-0.06034943322908504
1178	70-74	-0.052685017193532246
1178	75-79	-0.06251542769705054
1178	80-84	-0.021535034908261252
1178	85-89	-0.052903630183458006
1178	90-94	-0.03581370828199226
1178	95-99	0.007915951674888788
1178	100-104	0.014990846105455091
1178	105-109	-0.007212217570149448
1178	110-114	-0.029721950573900813
1178	115-119	0.004426920402700318
1178	120-124	0.0034020641155549924
1178	125-129	-0.010890560836209318
1178	130-134	0.055222050777842924
1178	135-139	0.055592420246689755
1178	140-144	0.03987371872236167
1178	145-149	0.13551012592353828
1178	150	0.0755309347437958
1179	1	-0.08341025372975253
1179	2	-0.015544366413955402
1179	3	0.059467246575316324
1179	4	-0.002617153774281178
1179	5	-0.016584161317595658
1179	6	-0.05636675721157758
1179	7	-0.06044590853799292
1179	8	-0.07500226346553518
1179	9	-0.018174471288894267
1179	10-14	-0.08198681041148603
1179	15-19	-0.06834687251902238
1179	20-24	-0.03692568573014654
1179	25-29	-0.08069109227395188
1179	30-34	-0.06177045786266433
1179	35-39	-0.01640612333364544
1179	40-44	-0.10501387823669717
1179	45-49	-0.11917613261007176
1179	50-54	-0.1347154927212344
1179	55-59	-0.07862439565527524
1179	60-64	-0.061735292378486406
1179	65-69	-0.06954231801712751
1179	70-74	-0.05448517643483797
1179	75-79	-0.05901277209427036
1179	80-84	-0.03303300188591862
1179	85-89	-0.09776313893206634
1179	90-94	-0.11456427277693848
1179	95-99	-0.05133599360383556
1179	100-104	-0.034893752575108294
1179	105-109	-0.09119432135412353
1179	110-114	-0.03844849919322968
1179	115-119	-0.07270129910968137
1179	120-124	-0.06970898058163044
1179	125-129	-0.06769701492417113
1179	130-134	-0.04999697926704272
1179	135-139	-0.026010396002263292
1179	140-144	0.04135529928661441
1179	145-149	0.07439395985678487
1179	150	0.12624411655493617
1180	1	-0.06166990344629397
1180	2	-0.06001898255748728
1180	3	-0.01170139741955012
1180	4	0.002418043299670103
1180	5	0.024941967471072246
1180	6	-0.09321483820885845
1180	7	-0.060224665619593054
1180	8	-0.0597930527581525
1180	9	-0.12491168284040555
1180	10-14	-0.036206029565001074
1180	15-19	-0.0737433130851457
1180	20-24	-0.09256649031526365
1180	25-29	-0.047736614341587824
1180	30-34	-0.08386244337440729
1180	35-39	-0.05714671819993811
1180	40-44	-0.054273842555801366
1180	45-49	-0.07474732590684852
1180	50-54	-0.12551299321112452
1180	55-59	-0.11708790978054395
1180	60-64	-0.04873409572173415
1180	65-69	0.013672288099982666
1180	70-74	-0.033272658267392785
1180	75-79	-0.011611540038650503
1180	80-84	-0.05340372721745723
1180	85-89	-0.032506494715477174
1180	90-94	-0.08507388517394077
1180	95-99	-0.009408544748630732
1180	100-104	-0.0145288622216313
1180	105-109	-0.01788963776311192
1180	110-114	-0.01369637635526999
1180	115-119	0.010325770812322332
1180	120-124	-0.031586491749536094
1180	125-129	-0.018087389544355403
1180	130-134	0.06918620160318056
1180	135-139	0.02441493013653684
1180	140-144	0.04759795754701912
1180	145-149	0.11287529011508468
1180	150	0.10852946351489123
1181	1	-0.11856506668372191
1181	2	-0.022214494404451557
1181	3	-0.08036953142393344
1181	4	-0.10190526789898513
1181	5	-0.05907752537838462
1181	6	-0.027900980590459312
1181	7	-0.07509158494249846
1181	8	-0.07530796835508369
1181	9	-0.09319335560540054
1181	10-14	-0.09225466978531927
1181	15-19	-0.11926450614598139
1181	20-24	-0.06835600212172466
1181	25-29	-0.1038960058481706
1181	30-34	-0.09745424310618489
1181	35-39	-0.05689760569003255
1181	40-44	-0.06319048936200744
1181	45-49	-0.13105746221972225
1181	50-54	-0.09261246219687536
1181	55-59	-0.16199315590230867
1181	60-64	-0.08424884776190567
1181	65-69	-0.089598029153386
1181	70-74	-0.03728256357581472
1181	75-79	-0.0824994896444764
1181	80-84	-0.07085815329681111
1181	85-89	-0.1057919526510176
1181	90-94	-0.1266091223078618
1181	95-99	-0.028273024739412733
1181	100-104	-0.012086726263916603
1181	105-109	-0.011123762243812507
1181	110-114	-0.037872167152166014
1181	115-119	-0.032143024895951555
1181	120-124	-0.03351653930560161
1181	125-129	0.009133360667107127
1181	130-134	-0.012397113427368822
1181	135-139	0.006268542170580815
1181	140-144	-0.005826141995171952
1181	145-149	0.057063885069119635
1181	150	0.05071468296910808
1182	1	-0.07130682906548458
1182	2	-0.016231506840959753
1182	3	-0.025470683350398815
1182	4	-0.024831601864690356
1182	5	-0.06508679431565412
1182	6	-0.07178348393482992
1182	7	-0.06830841342397775
1182	8	-0.04539193649340234
1182	9	-0.1402010814054293
1182	10-14	-0.06870537244374475
1182	15-19	-0.06064491573280861
1182	20-24	-0.07515746605988483
1182	25-29	-0.07172241127198475
1182	30-34	-0.09830927028320247
1182	35-39	-0.045079895438064455
1182	40-44	-0.08130510007481462
1182	45-49	-0.07382244556885098
1182	50-54	-0.08593700298030882
1182	55-59	-0.051210654619595175
1182	60-64	-0.041542310687127326
1182	65-69	-0.01737697931437765
1182	70-74	-0.058397432580314046
1182	75-79	-0.013444030062260026
1182	80-84	-0.046938893956010475
1182	85-89	-0.07174258276214829
1182	90-94	-0.08503332128270813
1182	95-99	-0.027311588388670316
1182	100-104	0.03613703213688524
1182	105-109	-0.012498212450111623
1182	110-114	-0.004774829696017946
1182	115-119	-0.012514947422445744
1182	120-124	-0.037549137739439686
1182	125-129	-0.02143423531801858
1182	130-134	-0.005634023698632973
1182	135-139	0.02634508053291995
1182	140-144	0.01991058253167921
1182	145-149	0.010080957605133278
1182	150	0.06136498480861974
1183	1	-0.11202286829996666
1183	2	-0.11008775164390983
1183	3	0.020158599019161727
1183	4	-0.08594423830098918
1183	5	-0.05419515443161771
1183	6	-0.12722123988557144
1183	7	-0.1121760842596089
1183	8	-0.06435885626370919
1183	9	-0.10045728564792711
1183	10-14	-0.08434568721720126
1183	15-19	-0.10167794884483783
1183	20-24	-0.015134818171055997
1183	25-29	-0.09568558960555151
1183	30-34	-0.07711096608707635
1183	35-39	-0.05417712793319396
1183	40-44	-0.043032190069446585
1183	45-49	-0.10083201624549076
1183	50-54	-0.14463626302689647
1183	55-59	-0.10815830581893948
1183	60-64	-0.10511609885771378
1183	65-69	-0.09154759805662138
1183	70-74	-0.08211278183554782
1183	75-79	-0.10177683348551625
1183	80-84	-0.09647943296045014
1183	85-89	-0.13641990580759966
1183	90-94	-0.11001931604891979
1183	95-99	-0.02669220710833997
1183	100-104	-0.025290919610313267
1183	105-109	-0.06520445945678688
1183	110-114	-0.09384288457984269
1183	115-119	-0.059734499916579864
1183	120-124	-0.07459954077703657
1183	125-129	-0.04379613959005724
1183	130-134	-0.005043413639775451
1183	135-139	-0.007032451783658189
1183	140-144	-0.019194337013445306
1183	145-149	-0.03472290188096849
1183	150	0.08737830163375548
1184	1	-0.08867276515297107
1184	2	-0.19970787073605578
1184	3	-0.13166932641583884
1184	4	-0.1348391045297177
1184	5	-0.21625959417016105
1184	6	-0.1554585121323413
1184	7	-0.11424015594990067
1184	8	-0.09986360541471129
1184	9	-0.09469728125496601
1184	10-14	-0.1478196041589399
1184	15-19	-0.13616652070049895
1184	20-24	-0.1474433339318324
1184	25-29	-0.15496706297160756
1184	30-34	-0.14887654769041347
1184	35-39	-0.16784850670001816
1184	40-44	-0.14276104478692275
1184	45-49	-0.143499673296553
1184	50-54	-0.16275726646815514
1184	55-59	-0.2049727596053117
1184	60-64	-0.13340412043203287
1184	65-69	-0.1460508997151706
1184	70-74	-0.17620527275563092
1184	75-79	-0.15194056083419127
1184	80-84	-0.13543943684168624
1184	85-89	-0.17471742283008496
1184	90-94	-0.1874768131180673
1184	95-99	-0.07123401704566135
1184	100-104	-0.13768684387935792
1184	105-109	-0.15357422317079994
1184	110-114	-0.16889259815663138
1184	115-119	-0.16703646904363012
1184	120-124	-0.12557806201230193
1184	125-129	-0.12758323016957718
1184	130-134	-0.0980147154215345
1184	135-139	-0.1936585721289461
1184	140-144	-0.096539805704694
1184	145-149	-0.07641715002480964
1184	150	-0.0841074353646718
1185	1	-0.10416675152639243
1185	2	-0.1536943057941329
1185	3	-0.11283186844034532
1185	4	-0.10866141673292873
1185	5	-0.15890595964704346
1185	6	-0.11432610757535855
1185	7	-0.1314659681669781
1185	8	-0.11273211915683845
1185	9	-0.07908619633695224
1185	10-14	-0.06154324543064149
1185	15-19	-0.1383568797924397
1185	20-24	-0.10827017291825314
1185	25-29	-0.08542038841619615
1185	30-34	-0.07749635644999842
1185	35-39	-0.09599314189183161
1185	40-44	-0.10714274906379018
1185	45-49	-0.12634596913061813
1185	50-54	-0.12266334110923083
1185	55-59	-0.1067754608838527
1185	60-64	-0.08413213440989864
1185	65-69	-0.10909275011869823
1185	70-74	-0.08424038999284988
1185	75-79	-0.10039439781452586
1185	80-84	-0.10694258155392333
1185	85-89	-0.10030468743889287
1185	90-94	-0.07443912279440923
1185	95-99	-0.09170345894783338
1185	100-104	-0.03775864377644211
1185	105-109	-0.06386441185352254
1185	110-114	-0.09631676914516163
1185	115-119	-0.113275910914993
1185	120-124	-0.04941870938234416
1185	125-129	-0.0628536199536569
1185	130-134	-0.039528922864683125
1185	135-139	-0.03870206807517462
1185	140-144	-0.04575848107363356
1185	145-149	-0.0029655471614447038
1185	150	-0.07564552474783426
1186	1	-0.14050739522968314
1186	2	-0.12985251439121726
1186	3	-0.19039612275239648
1186	4	-0.06443369317937453
1186	5	-0.11096394275232058
1186	6	-0.11207089613901644
1186	7	-0.0843843226487806
1186	8	-0.11874885195740603
1186	9	-0.10289322674152857
1186	10-14	-0.10729171132657456
1186	15-19	-0.12817821412782848
1186	20-24	-0.1349145221439585
1186	25-29	-0.13795625457960625
1186	30-34	-0.17012118730180958
1186	35-39	-0.12737349380220309
1186	40-44	-0.10548800820630078
1186	45-49	-0.17200056566395716
1186	50-54	-0.23880080457718122
1186	55-59	-0.21701578698601764
1186	60-64	-0.16004997877038818
1186	65-69	-0.14899591213751506
1186	70-74	-0.14512523193883453
1186	75-79	-0.18280366060855613
1186	80-84	-0.17075561959769914
1186	85-89	-0.22017935423931334
1186	90-94	-0.21677247460827687
1186	95-99	-0.15568516850252934
1186	100-104	-0.10666984423945536
1186	105-109	-0.1479724754371219
1186	110-114	-0.12161485570619845
1186	115-119	-0.12381978706844876
1186	120-124	-0.059565166121920754
1186	125-129	-0.1785358170130209
1186	130-134	-0.09058963199491643
1186	135-139	-0.11612352361937894
1186	140-144	-0.1460085549224175
1186	145-149	-0.05818637043682173
1186	150	0.010535057025137462
1187	1	-0.10511301680134721
1187	2	-0.11104792113593476
1187	3	-0.07502759718191498
1187	4	-0.10156695833301654
1187	5	-0.09585110575887512
1187	6	-0.11248215587032462
1187	7	-0.09902123828531018
1187	8	-0.10012050585340404
1187	9	-0.22218331284663861
1187	10-14	-0.08659462559066355
1187	15-19	-0.14629787567432828
1187	20-24	-0.15665452718128847
1187	25-29	-0.12405188244153464
1187	30-34	-0.1435040447580036
1187	35-39	-0.10162069441076937
1187	40-44	-0.11623176332309271
1187	45-49	-0.12196579284294984
1187	50-54	-0.1373630464527409
1187	55-59	-0.1625706785642933
1187	60-64	-0.11866392439625173
1187	65-69	-0.131619996863499
1187	70-74	-0.11971889307517358
1187	75-79	-0.09640460462897948
1187	80-84	-0.10384249190210681
1187	85-89	-0.16686267962753476
1187	90-94	-0.16755092491281687
1187	95-99	-0.12220351633707338
1187	100-104	-0.10989616454779849
1187	105-109	-0.10405475136124664
1187	110-114	-0.07928393578451676
1187	115-119	-0.07581348285475542
1187	120-124	-0.10948062939937842
1187	125-129	-0.00845536045870432
1187	130-134	-0.127661753587077
1187	135-139	-0.0824693487336603
1187	140-144	-0.033004188100747456
1187	145-149	-0.02704943922451264
1187	150	-0.07590613710802785
1188	1	-0.1497470419190563
1188	2	-0.1513389584750655
1188	3	-0.03067097487578252
1188	4	-0.10519064769927411
1188	5	-0.12038346240677811
1188	6	-0.1502769072656278
1188	7	-0.20457189304708834
1188	8	-0.15803108189134463
1188	9	-0.11172608979519083
1188	10-14	-0.12882547553697776
1188	15-19	-0.17458526382360162
1188	20-24	-0.12763040719588048
1188	25-29	-0.15032345097069566
1188	30-34	-0.20933637633203261
1188	35-39	-0.16544666966927224
1188	40-44	-0.15497775135705893
1188	45-49	-0.16853917485541814
1188	50-54	-0.20920754341506864
1188	55-59	-0.20725970913987624
1188	60-64	-0.12598784342216618
1188	65-69	-0.1601533727558504
1188	70-74	-0.12762379694797232
1188	75-79	-0.11835045397123878
1188	80-84	-0.17371340505863486
1188	85-89	-0.1839315335069358
1188	90-94	-0.21321354142732218
1188	95-99	-0.13861501960433742
1188	100-104	-0.10487915871797071
1188	105-109	-0.16743015309113218
1188	110-114	-0.11535159530954786
1188	115-119	-0.15348778267202334
1188	120-124	-0.1493851256519676
1188	125-129	-0.16243603747670932
1188	130-134	-0.17856548947865747
1188	135-139	-0.1289064242545166
1188	140-144	-0.12837009705018687
1188	145-149	-0.12560677007618892
1188	150	-0.16682207251787418
1201	1	-0.09860725543420301
1201	2	-0.08522380839154664
1201	3	-0.020953247654887264
1201	4	-0.1034959743041668
1201	5	-0.027655366896830458
1201	6	-0.060550472380889175
1201	7	-0.11861046831324273
1201	8	-0.059589641374117264
1201	9	-0.03489608347730666
1201	10-14	-0.05251100115476248
1201	15-19	-0.04659179989304363
1201	20-24	-0.02895692162822172
1201	25-29	-0.0757077002889659
1201	30-34	-0.08296635560846255
1201	35-39	-0.04385142683671006
1201	40-44	-0.0572299083910508
1201	45-49	-0.05822223895184919
1201	50-54	-0.03549038895268808
1201	55-59	-0.054029841892329955
1201	60-64	-0.06793586095535176
1201	65-69	-0.07128523798651543
1201	70-74	-0.11912896631035608
1201	75-79	-0.1293387748023207
1201	80-84	-0.10209852662150354
1201	85-89	-0.11090312805500702
1201	90-94	-0.0917991235424438
1201	95-99	-0.10627062105349694
1201	100-104	-0.1256857745715365
1201	105-109	-0.11972545918138167
1201	110-114	-0.15237417541715814
1201	115-119	-0.12170465198700242
1201	120-124	-0.08878173165373227
1201	125-129	-0.17458052339981833
1201	130-134	-0.1477419362531549
1201	135-139	-0.16716276088830995
1201	140-144	-0.13106001227266262
1201	145-149	-0.10696419001391178
1201	150	-0.0761370899957754
1202	1	-0.09424578025604546
1202	2	-0.13410888597137927
1202	3	-0.060529935819715774
1202	4	-0.05604196997888522
1202	5	-0.0747566418988157
1202	6	-0.03282274093891857
1202	7	-0.11494895470132604
1202	8	-0.05299910010868558
1202	9	-0.12690346605623404
1202	10-14	-0.10895025818770421
1202	15-19	-0.1109485933911003
1202	20-24	-0.052306961504960725
1202	25-29	-0.09024427121939027
1202	30-34	-0.10902838008237836
1202	35-39	-0.09844302354157008
1202	40-44	-0.10739855423567946
1202	45-49	-0.10705546074026273
1202	50-54	-0.10031196059544811
1202	55-59	-0.04128870902652437
1202	60-64	-0.11312332742888742
1202	65-69	-0.12050334701836363
1202	70-74	-0.15032727943962954
1202	75-79	-0.13463264642809492
1202	80-84	-0.11192199246654155
1202	85-89	-0.06882316111079234
1202	90-94	-0.02427619499120226
1202	95-99	-0.14260366533201818
1202	100-104	-0.15502827337019198
1202	105-109	-0.11354353422294139
1202	110-114	-0.16989071361247454
1202	115-119	-0.1743336993841993
1202	120-124	-0.12760907614705275
1202	125-129	-0.18755720615919813
1202	130-134	-0.1124647894944033
1202	135-139	-0.13524304757936534
1202	140-144	-0.1524148868315791
1202	145-149	-0.11327731195702029
1202	150	-0.1268980462495506
1203	1	-0.07371290596784519
1203	2	-0.10149933373664055
1203	3	-0.026950312119993214
1203	4	-0.038568074713857925
1203	5	0.04380774995026826
1203	6	-0.07571688102598273
1203	7	-0.10132839886664868
1203	8	-0.04563865744697182
1203	9	-0.09748121886026695
1203	10-14	-0.08344132402271498
1203	15-19	-0.09254851375168727
1203	20-24	-0.04664398121154534
1203	25-29	-0.08580766869438605
1203	30-34	-0.07848280233211824
1203	35-39	-0.10487378387728796
1203	40-44	-0.08003265517619695
1203	45-49	-0.08474111223425496
1203	50-54	-0.0367884068230353
1203	55-59	-0.07298989203579254
1203	60-64	-0.09727679314138271
1203	65-69	-0.11203921927479144
1203	70-74	-0.10637411416456644
1203	75-79	-0.07745966448433705
1203	80-84	-0.09136813046866621
1203	85-89	-0.0716110082100343
1203	90-94	-0.03223960723079955
1203	95-99	-0.11635723281050758
1203	100-104	-0.13870961729947595
1203	105-109	-0.1373334692128978
1203	110-114	-0.0892618713947968
1203	115-119	-0.09934465336203857
1203	120-124	-0.037977563995788444
1203	125-129	-0.07859038006117913
1203	130-134	-0.07320394327685875
1203	135-139	-0.06851978324211672
1203	140-144	-0.09634536626346346
1203	145-149	-0.04068698625400202
1203	150	0.014118619151140877
1204	1	-0.024520875973244927
1204	2	-0.038108203738005386
1204	3	-0.12000654815967238
1204	4	-0.046651366172760333
1204	5	-0.028542164984017404
1204	6	-0.0672920520147926
1204	7	-0.025426837354125098
1204	8	-0.08621829604237519
1204	9	0.020037138530256016
1204	10-14	-0.06388884545252438
1204	15-19	-0.036610004269725493
1204	20-24	-0.004333285430973888
1204	25-29	-0.08744654311367128
1204	30-34	-0.03150971429747784
1204	35-39	-0.07473149645988286
1204	40-44	-0.02856399817651578
1204	45-49	-0.0766356046478407
1204	50-54	-0.015559703222088217
1204	55-59	-0.02241979443758879
1204	60-64	-0.056397621256650154
1204	65-69	-0.08679765176715648
1204	70-74	-0.07320648791833406
1204	75-79	-0.0780565256368746
1204	80-84	-0.0055923703073403885
1204	85-89	-0.04480844412898932
1204	90-94	0.017353567521602997
1204	95-99	-0.03488684890145777
1204	100-104	-0.05687600577557106
1204	105-109	-0.028967751692178467
1204	110-114	-0.07434333710482122
1204	115-119	-0.007271086416075434
1204	120-124	-0.03300283079418165
1204	125-129	-0.0755202447785166
1204	130-134	-0.08910460036233303
1204	135-139	-0.04984366817917163
1204	140-144	-0.13746393816708746
1204	145-149	-0.08780385188619277
1204	150	-0.10024840685498049
1205	1	-0.08985538529858417
1205	2	-0.07734438664226673
1205	3	-0.04853005516091713
1205	4	-0.03954796167996477
1205	5	-0.014197071883323531
1205	6	-7.405813790128946E-4
1205	7	-0.030312655457663595
1205	8	-0.08720105008865175
1205	9	-0.09924731958261646
1205	10-14	-0.06296850255068875
1205	15-19	-0.050655749938052
1205	20-24	-0.04507223378841729
1205	25-29	-0.06325247449411364
1205	30-34	-0.09774459780965827
1205	35-39	-0.07992441120135396
1205	40-44	-0.08753202089135215
1205	45-49	-0.0774889031745829
1205	50-54	-0.07185772239379418
1205	55-59	-0.04720883097153461
1205	60-64	-0.03418092383670057
1205	65-69	-0.11766228948950186
1205	70-74	-0.0646442063770678
1205	75-79	-0.08808161483548105
1205	80-84	-0.06375338607035275
1205	85-89	-0.06958027152047919
1205	90-94	-0.015221994997148158
1205	95-99	-0.08704035669239119
1205	100-104	-0.057400619864367286
1205	105-109	-0.09235409444544729
1205	110-114	-0.06430741327451983
1205	115-119	-0.06737444411833593
1205	120-124	-0.0057569600591804715
1205	125-129	-0.10127659804514622
1205	130-134	-0.08825586378578265
1205	135-139	-0.049347698657065564
1205	140-144	-0.03467234541359687
1205	145-149	-0.036699348248518504
1205	150	-0.04843407191425797
1206	1	-0.04683816694659981
1206	2	0.015579095748606164
1206	3	-0.03588878061932377
1206	4	-0.013806724794051206
1206	5	-0.03641949034410885
1206	6	-0.0044291234791913325
1206	7	-0.07230923474718054
1206	8	-0.049370076799178264
1206	9	-0.08055300968494805
1206	10-14	-0.07131886652757657
1206	15-19	-0.03478301829496644
1206	20-24	-0.0228611982989122
1206	25-29	-0.056392136354517675
1206	30-34	-0.08859863049776351
1206	35-39	-0.07295109069113437
1206	40-44	-0.06762505192496349
1206	45-49	-0.0718769349858519
1206	50-54	-0.002797215163482747
1206	55-59	-0.03173432977155244
1206	60-64	-0.06060624156580019
1206	65-69	-0.0948243024010651
1206	70-74	-0.1140637590650897
1206	75-79	-0.06558243193374835
1206	80-84	-0.04514321827973333
1206	85-89	-0.007759252358653157
1206	90-94	-0.018451246966982637
1206	95-99	-0.028882316437808697
1206	100-104	-0.06810716701767205
1206	105-109	-0.10299045511657567
1206	110-114	-0.05929933468281945
1206	115-119	-0.06864709093532184
1206	120-124	-0.01621191802462363
1206	125-129	-0.056786841774986385
1206	130-134	-0.008803397976421934
1206	135-139	-0.029067919515298968
1206	140-144	-0.07133359844802101
1206	145-149	-0.06460896459797283
1206	150	0.05876998601802086
1207	1	-0.04337331045493187
1207	2	-0.038981683777414844
1207	3	0.042117777065151074
1207	4	-0.10416499269317114
1207	5	-0.0757342748600891
1207	6	-0.07829032168379513
1207	7	-0.024107899627601626
1207	8	-0.012909969480773498
1207	9	-0.05308645410816837
1207	10-14	-0.0728023731458336
1207	15-19	0.002260351317374898
1207	20-24	-0.0058897669965318755
1207	25-29	-0.01920427984193651
1207	30-34	-0.05754582922514828
1207	35-39	-0.08016640274596654
1207	40-44	-0.04081472957872023
1207	45-49	-0.011426283375193691
1207	50-54	0.0038049874433170316
1207	55-59	-0.02517193684215613
1207	60-64	-0.04910965130508771
1207	65-69	-0.04016321057115135
1207	70-74	-0.06076064201786835
1207	75-79	-0.04177214262752216
1207	80-84	-0.033544699078490225
1207	85-89	-0.040000726141201426
1207	90-94	-0.022384362263181856
1207	95-99	-0.08741785986163109
1207	100-104	-0.05505597854218536
1207	105-109	-0.03608449254635815
1207	110-114	-0.031139484480362967
1207	115-119	-0.015998469234254742
1207	120-124	0.041649508125750856
1207	125-129	-0.06107838562357415
1207	130-134	-0.024176864786021213
1207	135-139	0.03646307337948684
1207	140-144	-0.06916237460052344
1207	145-149	-0.0339170370406805
1207	150	-0.0799029836454892
1208	1	-0.02504246329281301
1208	2	0.008139855310624
1208	3	-0.01995678959944769
1208	4	-0.042566473898716595
1208	5	-0.0018245533389062984
1208	6	0.03852696933618205
1208	7	-0.04431403873338269
1208	8	-0.04261397615329088
1208	9	-0.03931105783319566
1208	10-14	-0.048222234506511086
1208	15-19	-0.024869054204742724
1208	20-24	-0.015194742568226616
1208	25-29	-0.044512061151493754
1208	30-34	-0.05289721457312169
1208	35-39	-0.024861458258648383
1208	40-44	-0.026325047979625538
1208	45-49	-0.030482012358312716
1208	50-54	-0.019354624748729066
1208	55-59	0.008529709999443469
1208	60-64	-0.06512704584698525
1208	65-69	-0.08062860037152575
1208	70-74	-0.03485413380739999
1208	75-79	-0.042831365276654765
1208	80-84	-0.04865989178849617
1208	85-89	0.014112941696154735
1208	90-94	-0.0014238360016207707
1208	95-99	-0.0046682367597625785
1208	100-104	-0.05072855592553793
1208	105-109	-0.010149025212292884
1208	110-114	-0.0021913546304830334
1208	115-119	0.0124716761785848
1208	120-124	0.07871769280928476
1208	125-129	0.03765962324104066
1208	130-134	0.10484954705691507
1208	135-139	0.04336884117587658
1208	140-144	0.026552097180243095
1208	145-149	0.012530537039339151
1208	150	0.09451197825057278
1209	1	0.07420987729917528
1209	2	0.013703831143317302
1209	3	0.05780382917361493
1209	4	-0.012730256188191902
1209	5	-0.04818511400969783
1209	6	-0.04477538349748755
1209	7	-0.04562709941294685
1209	8	-0.1261716366661716
1209	9	-0.041890655575073765
1209	10-14	-0.03788303479382904
1209	15-19	-0.02929761493892613
1209	20-24	-0.023691786166502027
1209	25-29	-0.04351271394999401
1209	30-34	-0.06766228809448904
1209	35-39	-0.06126280023860886
1209	40-44	-0.030769083414305953
1209	45-49	-0.04721496025219096
1209	50-54	-0.013497963117806933
1209	55-59	-0.009127709438999432
1209	60-64	-0.00595197028528105
1209	65-69	-0.009949602607676411
1209	70-74	-0.051145789020417
1209	75-79	-0.020296738208600118
1209	80-84	-0.041413323409067004
1209	85-89	-0.013837442433434433
1209	90-94	0.008137588346542657
1209	95-99	-0.029977313425426644
1209	100-104	-0.03310227496802298
1209	105-109	-0.053129314200589306
1209	110-114	-6.665642224845669E-4
1209	115-119	-6.88894811986529E-4
1209	120-124	0.016205784193807915
1209	125-129	-0.04152283688753755
1209	130-134	0.037089824174472596
1209	135-139	-0.002912992578124829
1209	140-144	-0.06399502279762714
1209	145-149	0.0019742636019728366
1209	150	-0.02179865710554907
1210	1	0.005862454635369829
1210	2	-0.01954844056110261
1210	3	0.063640574712295
1210	4	-0.10009365113512558
1210	5	0.03405708922787909
1210	6	0.03832402260078993
1210	7	-0.07143332552676185
1210	8	-0.07952197186078536
1210	9	-0.042641658951382055
1210	10-14	-0.020550294507060585
1210	15-19	0.01836590691041806
1210	20-24	-0.012413042947898134
1210	25-29	-0.05742521432536307
1210	30-34	-0.019985073671172415
1210	35-39	-0.046412333686767226
1210	40-44	-0.022317613098351785
1210	45-49	-0.04740373281883592
1210	50-54	-0.043790888740581124
1210	55-59	-0.061259713807096716
1210	60-64	-0.04300041614333594
1210	65-69	-0.0634977492576283
1210	70-74	-0.10160667290639935
1210	75-79	-0.08375614067144
1210	80-84	-0.08629141574813559
1210	85-89	-0.05478530862923492
1210	90-94	-0.062448077944843305
1210	95-99	-0.10577021488484206
1210	100-104	-0.1345864227062208
1210	105-109	-0.11702103209260173
1210	110-114	-0.07028263319885042
1210	115-119	-0.024976339029912253
1210	120-124	-0.061917708703255414
1210	125-129	-0.045982131361007816
1210	130-134	-0.03514954111059154
1210	135-139	-0.10472896398619724
1210	140-144	-0.08616416516518655
1210	145-149	-0.012409263306764728
1210	150	-0.04435297147949058
1211	1	-0.039545269745907774
1211	2	-0.00521521498264832
1211	3	0.02944085821460618
1211	4	0.0323391853516668
1211	5	0.05600562361799177
1211	6	0.031382442705499614
1211	7	0.03199864135466157
1211	8	-0.06820164321100464
1211	9	-0.008327664879729468
1211	10-14	-0.0011140664810298517
1211	15-19	0.02938891818711653
1211	20-24	0.0314796425829158
1211	25-29	0.0019600271173132455
1211	30-34	-0.029710682257956478
1211	35-39	-0.005801684425769338
1211	40-44	-0.008932421749946684
1211	45-49	0.009692395754399286
1211	50-54	0.06322708493018325
1211	55-59	0.040055848058941024
1211	60-64	0.0031653755693454855
1211	65-69	-0.0060347583630431245
1211	70-74	0.030767146257943523
1211	75-79	0.0013735291524739068
1211	80-84	0.030420505359643357
1211	85-89	0.07228184353448341
1211	90-94	0.06318273817704778
1211	95-99	0.0592096573904044
1211	100-104	0.03630238286613974
1211	105-109	0.02867653465607134
1211	110-114	0.011765299198927437
1211	115-119	0.08436467855709395
1211	120-124	0.11134576137441599
1211	125-129	0.031356038679327014
1211	130-134	0.12239160468645593
1211	135-139	0.11702024996412774
1211	140-144	0.059096250726909716
1211	145-149	0.07561029850918288
1211	150	0.15909339750714224
1212	1	0.06271080359375958
1212	2	0.01048754894783599
1212	3	0.061825030781449186
1212	4	-0.11342406552282824
1212	5	0.048702489921332415
1212	6	0.05659982946267661
1212	7	0.04290133990013345
1212	8	0.0017790066222502787
1212	9	-0.012727692536657287
1212	10-14	0.015589518054561324
1212	15-19	-0.0025935510382524285
1212	20-24	0.046291264613401495
1212	25-29	0.00546829311112873
1212	30-34	-0.016983071830203755
1212	35-39	-0.006208713856587167
1212	40-44	0.02236013491431521
1212	45-49	-0.015542402473002426
1212	50-54	0.0528403779195159
1212	55-59	0.05272117229286266
1212	60-64	0.0154018818251771
1212	65-69	-0.002694177029106015
1212	70-74	-0.0050064914591345655
1212	75-79	-0.00665881396078305
1212	80-84	0.03849191291723031
1212	85-89	-0.0031476087324264768
1212	90-94	0.028584539324889136
1212	95-99	0.025854548421527568
1212	100-104	-0.038251712092801426
1212	105-109	0.01854609969662846
1212	110-114	-0.0030311386350660996
1212	115-119	0.06356864318178879
1212	120-124	0.03150615219703923
1212	125-129	0.02638710721098647
1212	130-134	0.02696605692722187
1212	135-139	0.05557362212432082
1212	140-144	0.06427326766367969
1212	145-149	0.06536667930946294
1212	150	0.04789268973765104
1213	1	0.02129824812340786
1213	2	0.0636041388060562
1213	3	-0.1107321171106932
1213	4	-0.027736488532717374
1213	5	-0.06829337661519475
1213	6	-0.09647765841602762
1213	7	-0.09391457746164633
1213	8	-0.059978197962635704
1213	9	8.471731073527167E-4
1213	10-14	-0.019665400829453006
1213	15-19	-0.032241073227986305
1213	20-24	-0.016051273511763497
1213	25-29	-0.030459185679262646
1213	30-34	-0.024445373865141562
1213	35-39	-0.07747034076354709
1213	40-44	-0.045529855579445666
1213	45-49	-0.04792139981309873
1213	50-54	-0.04041241903887993
1213	55-59	-0.06858529568425098
1213	60-64	-0.04189549031575979
1213	65-69	-0.09903135805125629
1213	70-74	-0.04864969060743363
1213	75-79	-0.08692520345858412
1213	80-84	-0.03615279440843722
1213	85-89	-0.025278694444857308
1213	90-94	-3.2030401355598315E-4
1213	95-99	-0.03818562784935864
1213	100-104	-0.07569684958418321
1213	105-109	-0.04828738060071203
1213	110-114	-0.04928681285273484
1213	115-119	-0.01160687266139604
1213	120-124	0.03014074173292869
1213	125-129	-0.06753937257239784
1213	130-134	-0.022503488518736958
1213	135-139	-0.0017810481601543415
1213	140-144	-0.0023912377914854233
1213	145-149	0.03392364929224101
1213	150	0.007103109992876
1214	1	0.028765799409995907
1214	2	0.09131578395111717
1214	3	0.07018289613145612
1214	4	0.025215683441857095
1214	5	-0.03560060847598834
1214	6	0.09450378691916228
1214	7	0.03724609243054999
1214	8	0.04005484321753272
1214	9	0.053475292056575086
1214	10-14	0.04849132931165201
1214	15-19	0.03208586374699962
1214	20-24	0.021111039390412145
1214	25-29	0.04110779534737219
1214	30-34	-0.002837469221354638
1214	35-39	0.036168261117616396
1214	40-44	-0.0033846783566815475
1214	45-49	-0.02025745527336653
1214	50-54	0.037064301114064335
1214	55-59	-0.02924523884168906
1214	60-64	-0.019264399861434356
1214	65-69	-0.015087322131016379
1214	70-74	-0.046463376993074235
1214	75-79	-0.00746109178085419
1214	80-84	-0.021262604361730553
1214	85-89	-0.003629496885743322
1214	90-94	0.06015179599923215
1214	95-99	0.03108459250913853
1214	100-104	-0.02142801959659124
1214	105-109	0.015034830580610503
1214	110-114	-0.004133797459850541
1214	115-119	0.00607216908079522
1214	120-124	0.05703222212209624
1214	125-129	0.011286689703986497
1214	130-134	0.04911651491990199
1214	135-139	0.0765749146723067
1214	140-144	0.05139643826407081
1214	145-149	0.006186715782789065
1214	150	0.08951128620532955
1215	1	0.11756671192913615
1215	2	0.09191895813099649
1215	3	0.08363600770292123
1215	4	0.060039779862449905
1215	5	0.04407971890600493
1215	6	0.039744880826930284
1215	7	0.06685811421560572
1215	8	0.07453904807856304
1215	9	0.0499054609477696
1215	10-14	0.025816634868590427
1215	15-19	0.047589525096697116
1215	20-24	0.07407070211714029
1215	25-29	0.07700601697752063
1215	30-34	0.048855042860914466
1215	35-39	-0.00561808479356074
1215	40-44	0.037658172950457924
1215	45-49	0.012576845167011186
1215	50-54	0.06616221873279216
1215	55-59	0.048255224812102426
1215	60-64	0.023673989338639956
1215	65-69	0.009433987154537249
1215	70-74	0.022978311118841077
1215	75-79	0.06339466158684104
1215	80-84	0.08963790220276024
1215	85-89	0.11696591942686752
1215	90-94	0.10127343814578182
1215	95-99	0.05079073904312992
1215	100-104	0.028466412800263186
1215	105-109	0.07449321022881605
1215	110-114	0.12082658286959003
1215	115-119	0.13343142742868253
1215	120-124	0.15033677053543215
1215	125-129	0.07599501207730697
1215	130-134	0.08881512177664064
1215	135-139	0.13171332593382346
1215	140-144	0.08656546885794825
1215	145-149	0.13646782937614432
1215	150	0.0711377473208401
1216	1	0.0162906117467827
1216	2	0.04569240699663624
1216	3	0.07661061164822769
1216	4	0.06169670830215068
1216	5	-0.005741305807369201
1216	6	0.04421016667933486
1216	7	-0.06226961931778163
1216	8	-0.005113989937939323
1216	9	0.018580557067508607
1216	10-14	0.03660005560562496
1216	15-19	0.010211283356248657
1216	20-24	0.04687638843853392
1216	25-29	0.024466393254570562
1216	30-34	-0.003022880356461144
1216	35-39	-0.007583861968562644
1216	40-44	0.02447113510553578
1216	45-49	0.03565512274511917
1216	50-54	0.02770264134932887
1216	55-59	-0.04380535480862591
1216	60-64	-0.020240260720527203
1216	65-69	-0.017537439469847982
1216	70-74	-0.023515568187981728
1216	75-79	-0.026201748077035347
1216	80-84	0.013082113205584278
1216	85-89	0.01760901356063016
1216	90-94	0.09609125329044588
1216	95-99	0.015663028630804376
1216	100-104	-0.008918838273189067
1216	105-109	0.03859598214013005
1216	110-114	0.009839879306575483
1216	115-119	0.05948087121498702
1216	120-124	0.06654267699369143
1216	125-129	-0.0060373050852717824
1216	130-134	0.10366415035731791
1216	135-139	0.06436385774870246
1216	140-144	0.05520839019218471
1216	145-149	0.050109001419372134
1216	150	-0.0037143843499691798
1217	1	0.03319008033611226
1217	2	0.08280600645354497
1217	3	0.05506523431184007
1217	4	0.07508556886492812
1217	5	0.04561978582199089
1217	6	0.10311114432894897
1217	7	0.05474468484272421
1217	8	0.022505004494107084
1217	9	0.04029487566103285
1217	10-14	0.052761264439794786
1217	15-19	0.05154320191534367
1217	20-24	0.0518675726930482
1217	25-29	0.02331447884890281
1217	30-34	0.038399146653347316
1217	35-39	0.028562846154947863
1217	40-44	0.03855485966553118
1217	45-49	0.035932314055614256
1217	50-54	0.08204243714509118
1217	55-59	0.0720654529979683
1217	60-64	0.07480194195627377
1217	65-69	0.04743236844529264
1217	70-74	0.05605839426053194
1217	75-79	0.05421837121174633
1217	80-84	0.06546033370874227
1217	85-89	0.08451596942920503
1217	90-94	0.15345757320204712
1217	95-99	0.03864918381258775
1217	100-104	0.010498913952268651
1217	105-109	0.08351512218367674
1217	110-114	0.08440358754299382
1217	115-119	0.10413895978536658
1217	120-124	0.1356596301327997
1217	125-129	0.07052784935407175
1217	130-134	0.15110615295429852
1217	135-139	0.1380473888047149
1217	140-144	0.09825654691203312
1217	145-149	0.15906486563682165
1217	150	0.10454437234585612
1218	1	0.09816113940546956
1218	2	0.15543500022616996
1218	3	-0.00998727982015879
1218	4	0.010376740053537503
1218	5	0.05678468206021137
1218	6	0.036854331339633006
1218	7	-0.018035292913815226
1218	8	0.06605483060903339
1218	9	-0.014713123544794371
1218	10-14	0.04719280901608869
1218	15-19	0.05131562989328131
1218	20-24	0.05590762791833015
1218	25-29	0.024101179279583107
1218	30-34	4.939873852833898E-4
1218	35-39	-0.001230663571327284
1218	40-44	0.02920068967330991
1218	45-49	0.029243767023700684
1218	50-54	0.0750999550417859
1218	55-59	0.018644248627651905
1218	60-64	0.05305236832789717
1218	65-69	0.024152540513924237
1218	70-74	0.01686366663863481
1218	75-79	0.03089910493113024
1218	80-84	0.03668592483252553
1218	85-89	0.08883400514447004
1218	90-94	0.1065619960815809
1218	95-99	0.05488501741557883
1218	100-104	0.021078627749986367
1218	105-109	0.02700456436183174
1218	110-114	0.033616264249062056
1218	115-119	0.09841344625392878
1218	120-124	0.08730744142513203
1218	125-129	0.0690817443594085
1218	130-134	0.08595119954494379
1218	135-139	0.09567694701698315
1218	140-144	0.11730382107413817
1218	145-149	0.11787212789402446
1218	150	0.11395926426266101
1219	1	0.03568287253375502
1219	2	0.07680514544835404
1219	3	0.08495016835097857
1219	4	0.06410219163439024
1219	5	0.025343880639944416
1219	6	0.14536396728499312
1219	7	0.04097329993792442
1219	8	0.04710865925979135
1219	9	0.03982218572932794
1219	10-14	0.039840606355696195
1219	15-19	0.035536022397678835
1219	20-24	0.05048062564678446
1219	25-29	0.0316071477444666
1219	30-34	-0.008412535787229558
1219	35-39	0.00770368186691428
1219	40-44	0.02191256896985294
1219	45-49	-0.0023726371077472663
1219	50-54	0.05803546472889565
1219	55-59	0.022530156099790588
1219	60-64	0.04065827298112623
1219	65-69	0.008347910356022226
1219	70-74	0.032648564419332615
1219	75-79	0.017758828388238612
1219	80-84	0.020524779659567116
1219	85-89	0.043547098889668234
1219	90-94	0.1032492156988809
1219	95-99	0.036528886621972845
1219	100-104	0.020159353831957105
1219	105-109	0.01898978245576899
1219	110-114	0.05567399207161117
1219	115-119	0.10699797641772335
1219	120-124	0.16509764686774986
1219	125-129	0.06283347359720892
1219	130-134	0.14513305888708317
1219	135-139	0.12985265205848862
1219	140-144	0.14024803849326872
1219	145-149	0.12056648553467397
1219	150	0.13126554377313937
1220	1	0.01638489921305819
1220	2	0.03744541599901652
1220	3	0.08891203639218048
1220	4	-0.0350890971571971
1220	5	0.1198658833029782
1220	6	0.07623713032607782
1220	7	0.017219246170881775
1220	8	-0.008078120354156226
1220	9	-0.00861062997437756
1220	10-14	0.013060175533183838
1220	15-19	0.023132189596680064
1220	20-24	0.04196497831022583
1220	25-29	0.008231472797362471
1220	30-34	0.013538990553065844
1220	35-39	0.0011573688548409677
1220	40-44	0.030099013662990615
1220	45-49	0.024055064927104297
1220	50-54	0.05543027100580389
1220	55-59	0.0252060916316168
1220	60-64	0.007886027296301279
1220	65-69	0.020339708880733554
1220	70-74	-0.010400358524378817
1220	75-79	-0.03656777657675292
1220	80-84	0.008332845532777355
1220	85-89	0.05653859516878157
1220	90-94	0.0942917996537318
1220	95-99	0.013339296940806378
1220	100-104	-0.006177837897951122
1220	105-109	0.032863672520058174
1220	110-114	-0.002923915081808559
1220	115-119	0.08683035263997851
1220	120-124	0.09178691388132165
1220	125-129	0.04153398087969862
1220	130-134	0.029702522278604704
1220	135-139	0.05234740360443624
1220	140-144	0.055591985820839795
1220	145-149	0.08382763390459047
1220	150	0.17847875762415555
1221	1	0.001197764140741242
1221	2	0.017673857610738253
1221	3	-0.020005666693606372
1221	4	0.0028727840802531546
1221	5	0.05296097669551614
1221	6	0.06636365221857687
1221	7	0.04698729353302866
1221	8	0.0364712232712705
1221	9	0.052978023580948275
1221	10-14	0.03455855415533904
1221	15-19	0.02642120416099658
1221	20-24	0.06635407832463613
1221	25-29	0.06775647470742285
1221	30-34	-0.015640904735327865
1221	35-39	0.01553816891119908
1221	40-44	0.05622416336564129
1221	45-49	0.019053234442914402
1221	50-54	0.08308883001089384
1221	55-59	0.04684105841419495
1221	60-64	0.002819309186662622
1221	65-69	0.023391533261687414
1221	70-74	0.017233753587433398
1221	75-79	-0.013090723283383454
1221	80-84	0.07247177880923061
1221	85-89	0.0296928589716714
1221	90-94	0.06303279265615203
1221	95-99	0.026575110882468778
1221	100-104	0.010749583094799675
1221	105-109	0.03393370692500497
1221	110-114	0.013494129316669046
1221	115-119	0.07013676390081969
1221	120-124	0.055907803137785095
1221	125-129	0.04870869277647927
1221	130-134	0.06632871416472597
1221	135-139	0.07723903818860123
1221	140-144	0.04123238148298469
1221	145-149	0.12969732327740502
1221	150	0.19554446515221002
1222	1	-0.0035742673417118453
1222	2	-0.01907616390566602
1222	3	-0.0043006906758549235
1222	4	0.031049274035261476
1222	5	0.07473318889626768
1222	6	0.07941718249972496
1222	7	0.0041951627023522065
1222	8	0.025705652955750224
1222	9	-0.044546038201282556
1222	10-14	0.0073003219588727575
1222	15-19	0.03174911516484258
1222	20-24	0.04122336981718888
1222	25-29	0.029858482183229285
1222	30-34	-0.015145373609918522
1222	35-39	0.0032749298812007055
1222	40-44	0.015354164807874326
1222	45-49	0.0075692698738478725
1222	50-54	0.05568882372674011
1222	55-59	0.01874935578439363
1222	60-64	0.015345409416624989
1222	65-69	0.009064700127325409
1222	70-74	0.049548955957760654
1222	75-79	0.00924586278409123
1222	80-84	0.025930367875545812
1222	85-89	0.08721144260863412
1222	90-94	0.08530054086131855
1222	95-99	0.059814601459848404
1222	100-104	0.043619850192932574
1222	105-109	0.036830098160216096
1222	110-114	0.061280876654734584
1222	115-119	0.11741436769332836
1222	120-124	0.11355605605441355
1222	125-129	0.04690763785782792
1222	130-134	0.08916088014765222
1222	135-139	0.09501523907240284
1222	140-144	0.07609270634266352
1222	145-149	0.11585144280557813
1222	150	0.0918307041956723
1223	1	-0.005681555921434267
1223	2	0.058647798138196094
1223	3	0.003249508979152438
1223	4	0.03949996826212043
1223	5	0.026326403018124722
1223	6	0.020140571377815775
1223	7	0.07153567354144741
1223	8	0.014353829726530876
1223	9	-0.007447023280107601
1223	10-14	0.012103108785353811
1223	15-19	0.020046770047486007
1223	20-24	0.042600353409326885
1223	25-29	0.03895126015841299
1223	30-34	-0.006052070508310692
1223	35-39	-0.010005634081238668
1223	40-44	0.028090513028153907
1223	45-49	0.056071696833136286
1223	50-54	0.049320566957810286
1223	55-59	0.047335954674743164
1223	60-64	0.025772183551389105
1223	65-69	0.022454830745701315
1223	70-74	0.04336736218351689
1223	75-79	0.03792433934955142
1223	80-84	0.05133535218106999
1223	85-89	0.04738380271543008
1223	90-94	0.10306760508758117
1223	95-99	0.0929401694959111
1223	100-104	0.08977518570106469
1223	105-109	0.06383246842529644
1223	110-114	0.08410247234279211
1223	115-119	0.09243147806265739
1223	120-124	0.1310004981649584
1223	125-129	0.0847450972261754
1223	130-134	0.09602446727847536
1223	135-139	0.12207776548675042
1223	140-144	0.1207416389065088
1223	145-149	0.17907435955612527
1223	150	0.24427548861085313
1224	1	-0.0732015279543603
1224	2	0.04438865228300415
1224	3	0.006009262844045793
1224	4	0.017054522616021472
1224	5	0.08096529940758046
1224	6	0.017490232520117388
1224	7	-0.07658887928011637
1224	8	-0.011169304453105156
1224	9	0.0029141587421150916
1224	10-14	-0.013699773213637911
1224	15-19	-0.005721172381633721
1224	20-24	0.019624098031712833
1224	25-29	0.017263432736953632
1224	30-34	-0.014023245266791662
1224	35-39	-0.03773928866076659
1224	40-44	0.00438269474773989
1224	45-49	-0.03209380784309701
1224	50-54	0.007126295481448608
1224	55-59	0.013755404933952775
1224	60-64	0.012461373360714845
1224	65-69	-0.05616824956233302
1224	70-74	-0.014225161249591167
1224	75-79	-0.04420112931079245
1224	80-84	-0.0022490456339738785
1224	85-89	-0.02065877412795203
1224	90-94	0.061582367911043434
1224	95-99	-0.026518133232578123
1224	100-104	-0.002578403613433977
1224	105-109	0.038803257966826266
1224	110-114	0.002793978705355471
1224	115-119	0.013418627869889121
1224	120-124	0.006103908234699418
1224	125-129	-0.017376202486317993
1224	130-134	0.04990964073318338
1224	135-139	0.0034840677574337064
1224	140-144	0.05253096476673136
1224	145-149	0.012668095949251779
1224	150	0.05533831905857056
1225	1	-0.008951988156908897
1225	2	-0.0058210992334934986
1225	3	3.3878415921861915E-4
1225	4	-0.005572723802934831
1225	5	0.002541065561310063
1225	6	0.02844130840435355
1225	7	-0.028401903320514066
1225	8	0.027093176995862223
1225	9	-0.014644151330351463
1225	10-14	-9.088173573843505E-4
1225	15-19	0.005641652316178636
1225	20-24	0.01130055526504492
1225	25-29	-0.013175878498493887
1225	30-34	-0.02253612360370738
1225	35-39	-0.0032090983551427144
1225	40-44	-0.00535459177301334
1225	45-49	-0.010577759435300038
1225	50-54	0.022137605646143754
1225	55-59	-0.018428951525820025
1225	60-64	0.016726780805115027
1225	65-69	0.005990136344536268
1225	70-74	-0.006990157286260512
1225	75-79	-0.0076523804461174905
1225	80-84	0.052851049508461756
1225	85-89	0.04974251638788019
1225	90-94	0.0456487087287627
1225	95-99	0.029114400819864272
1225	100-104	-0.005869970779350808
1225	105-109	0.030851049527690577
1225	110-114	0.048846772131291516
1225	115-119	0.05778165499790333
1225	120-124	0.09023619211755829
1225	125-129	0.021025945549340008
1225	130-134	0.09133022422876991
1225	135-139	0.09761471993881088
1225	140-144	0.10572422317060415
1225	145-149	0.09496735009638257
1225	150	0.14229457946495927
1226	1	-0.05839330195965431
1226	2	0.05345175096709909
1226	3	0.09679781936416276
1226	4	0.009680541026291678
1226	5	0.0566267331808632
1226	6	0.01773552289198932
1226	7	0.012112252321635708
1226	8	0.003213324441162513
1226	9	0.07051574205003419
1226	10-14	0.01187054376106289
1226	15-19	0.028166443971123556
1226	20-24	0.018072226970055283
1226	25-29	0.054304793453027855
1226	30-34	0.002210034933142424
1226	35-39	-0.017877368064127097
1226	40-44	0.00981261044241677
1226	45-49	0.04252884143743785
1226	50-54	0.05397636150078
1226	55-59	0.05293186129735972
1226	60-64	0.05087576282999606
1226	65-69	0.06095672761632187
1226	70-74	0.05445753985407009
1226	75-79	0.07033118837010477
1226	80-84	0.0823123436768256
1226	85-89	0.12440992114597549
1226	90-94	0.13747218378429693
1226	95-99	0.09563442947856515
1226	100-104	0.09664807425863842
1226	105-109	0.12330331505031467
1226	110-114	0.12824635205348045
1226	115-119	0.09870037700412837
1226	120-124	0.10618577124687079
1226	125-129	0.11489041639401165
1226	130-134	0.14742041554149665
1226	135-139	0.15602589164453917
1226	140-144	0.15008899602729286
1226	145-149	0.21496691762093434
1226	150	0.1609685809151955
1227	1	-0.03515564731515752
1227	2	-0.06291865684111286
1227	3	5.169449075594912E-4
1227	4	-0.005002268158598611
1227	5	0.0886294861387853
1227	6	0.04662128806065624
1227	7	0.05634858169830892
1227	8	0.035711341804130825
1227	9	-0.051250094756802866
1227	10-14	-0.005284519274113109
1227	15-19	0.02083761243233795
1227	20-24	0.03603230046521588
1227	25-29	-0.003624936243078025
1227	30-34	-0.020210232427324115
1227	35-39	-0.023139432715566954
1227	40-44	-0.019255026077154014
1227	45-49	-0.015438803649239219
1227	50-54	0.058249448034693785
1227	55-59	0.004582051855464897
1227	60-64	0.02682428175107532
1227	65-69	-0.0037863719213930835
1227	70-74	-0.0029216748350151533
1227	75-79	-0.044011846842579416
1227	80-84	-2.0779019963867995E-4
1227	85-89	0.04026922738334804
1227	90-94	0.08539447111327547
1227	95-99	0.04241680461311148
1227	100-104	0.0029346585184413243
1227	105-109	0.0405193911376287
1227	110-114	0.06289087253291115
1227	115-119	0.0852060683808844
1227	120-124	0.0670967935600899
1227	125-129	0.027096520666589186
1227	130-134	0.05715196864147032
1227	135-139	0.07039967268770653
1227	140-144	0.09986330803907606
1227	145-149	0.12529037581852265
1227	150	0.11480379302744836
1228	1	0.030942089057809596
1228	2	0.020904418484427367
1228	3	0.09047475146058304
1228	4	0.07417686823255565
1228	5	0.024003243394567164
1228	6	0.03667886185809266
1228	7	-0.010161890980548094
1228	8	0.03074778202872608
1228	9	0.0055113163048403635
1228	10-14	0.04978596029840077
1228	15-19	0.04208029712835071
1228	20-24	0.03229921596890506
1228	25-29	0.04282935346497396
1228	30-34	0.050071997664908
1228	35-39	0.029476955946400096
1228	40-44	0.04994607252470473
1228	45-49	0.029697743967581403
1228	50-54	0.05944773210234189
1228	55-59	0.050608747412020705
1228	60-64	0.027959024316814407
1228	65-69	0.03378403159029375
1228	70-74	0.06383322239593525
1228	75-79	0.010743759785540874
1228	80-84	0.04828250150923452
1228	85-89	0.09829905910277859
1228	90-94	0.09774451080663482
1228	95-99	0.06302898753629904
1228	100-104	0.06833227147444632
1228	105-109	0.06439227827639371
1228	110-114	0.08541169099659385
1228	115-119	0.11391643383758776
1228	120-124	0.13429132239583907
1228	125-129	0.07390571682739022
1228	130-134	0.08980813381120356
1228	135-139	0.15330354105655175
1228	140-144	0.12856033214251994
1228	145-149	0.14582850100313038
1228	150	0.18576080080001134
1229	1	0.013127464709036474
1229	2	0.06171066515449297
1229	3	0.045273128558278586
1229	4	0.0032229308450766325
1229	5	0.08454793111992132
1229	6	0.15212818090824243
1229	7	0.09061509780200083
1229	8	0.047419499378811736
1229	9	0.02662773000062657
1229	10-14	0.060437319976557546
1229	15-19	0.06141294615103732
1229	20-24	0.05915426932956791
1229	25-29	0.04630095780127874
1229	30-34	0.011039670632783327
1229	35-39	0.01789566291827782
1229	40-44	0.019985551400509394
1229	45-49	0.016589948332658366
1229	50-54	0.04072560817224513
1229	55-59	0.045054001991147175
1229	60-64	0.04416269901178538
1229	65-69	0.06051418496777927
1229	70-74	0.029155799672345495
1229	75-79	0.031049728668008925
1229	80-84	0.040076451094293475
1229	85-89	0.06096100850707842
1229	90-94	0.0919169905061139
1229	95-99	0.11432513340914596
1229	100-104	0.0568194474854522
1229	105-109	0.04974899893220197
1229	110-114	0.07391703807537908
1229	115-119	0.08201677306882971
1229	120-124	0.05200663246034054
1229	125-129	0.11284697965773915
1229	130-134	0.11457298272551242
1229	135-139	0.15222151757808433
1229	140-144	0.1423211279783203
1229	145-149	0.2370834895023748
1229	150	0.2598681874435016
1230	1	0.006051381054177796
1230	2	0.028028685240911955
1230	3	0.005010376947232942
1230	4	0.03000965071436923
1230	5	0.03907814965433687
1230	6	0.04324993812458189
1230	7	-0.0806627706245493
1230	8	-0.03299280337464694
1230	9	0.0537113015645545
1230	10-14	0.005468437644744029
1230	15-19	0.0069686967108850695
1230	20-24	0.043993841452888205
1230	25-29	0.014906355824564343
1230	30-34	-0.021515825633379393
1230	35-39	-0.023159971230072074
1230	40-44	0.04874945500124994
1230	45-49	0.008239031864157198
1230	50-54	0.05873916711541938
1230	55-59	-0.002106520970095005
1230	60-64	0.0429088672334359
1230	65-69	-0.01765847383133945
1230	70-74	0.0037485535579406815
1230	75-79	0.007746650180784798
1230	80-84	0.007135191402170449
1230	85-89	0.03007188831818297
1230	90-94	0.06745445549999829
1230	95-99	0.05075364808001126
1230	100-104	0.08096592218227272
1230	105-109	0.0610173819071278
1230	110-114	0.06781642423361234
1230	115-119	0.08772263262606117
1230	120-124	0.12979860795611842
1230	125-129	0.07630949156366995
1230	130-134	0.09619921433175449
1230	135-139	0.10145999281665041
1230	140-144	0.07246948002008935
1230	145-149	0.08300095437931532
1230	150	0.15344997008536865
1231	1	0.10152659398308828
1231	2	-0.02373450854327075
1231	3	0.0349402855424259
1231	4	0.04753271788317903
1231	5	0.10491752718572656
1231	6	0.004369885962638875
1231	7	0.0917987417808277
1231	8	0.044327210990431354
1231	9	0.02625952656944719
1231	10-14	0.06115962868031488
1231	15-19	0.053871987158402135
1231	20-24	0.01837271590626699
1231	25-29	0.04972327864166459
1231	30-34	0.019815273239579767
1231	35-39	0.06752928499341948
1231	40-44	0.0642001543915427
1231	45-49	0.032318940298573295
1231	50-54	0.10894493676676831
1231	55-59	0.05807734064795511
1231	60-64	0.03972317264310021
1231	65-69	0.049709258859259364
1231	70-74	0.03402233702475854
1231	75-79	0.06738770858706289
1231	80-84	0.07483423456405092
1231	85-89	0.07301125923142138
1231	90-94	0.14033298793579263
1231	95-99	0.13932407032017124
1231	100-104	0.11503368422980031
1231	105-109	0.17849343095895875
1231	110-114	0.14330565477159496
1231	115-119	0.13965926600698708
1231	120-124	0.12050005903877548
1231	125-129	0.1301690349096276
1231	130-134	0.17679419867880597
1231	135-139	0.18288291259612777
1231	140-144	0.13584468972870667
1231	145-149	0.19717779730640927
1231	150	0.26908343878756114
1232	1	0.015118326822324946
1232	2	0.019700850226456623
1232	3	0.03119303840190213
1232	4	0.0028437707095605447
1232	5	0.013550160343626771
1232	6	0.016206895175422176
1232	7	0.05153866449007438
1232	8	-0.009448243307154769
1232	9	-0.07784049259927173
1232	10-14	-0.007305885195805217
1232	15-19	0.019504559981278646
1232	20-24	-0.00977844987730947
1232	25-29	0.0331878321911816
1232	30-34	-0.028309910905733204
1232	35-39	-0.013286007839788283
1232	40-44	0.03702119316125163
1232	45-49	0.009151339069191522
1232	50-54	0.05430520506172343
1232	55-59	0.043076346526163434
1232	60-64	0.01979869848484128
1232	65-69	0.011665303905537883
1232	70-74	0.0012745260246873613
1232	75-79	0.017979442064401496
1232	80-84	-0.01703052167144392
1232	85-89	0.05721976044860355
1232	90-94	0.10041391580675452
1232	95-99	0.036595908498270546
1232	100-104	0.03509260411370718
1232	105-109	0.00897020127623449
1232	110-114	0.07035111086931067
1232	115-119	0.06822300946717519
1232	120-124	0.10716825365712168
1232	125-129	0.06251910502517433
1232	130-134	0.05299779207989985
1232	135-139	0.11271074696166039
1232	140-144	0.07066122173419842
1232	145-149	0.08870395421874377
1232	150	0.09883864660675101
1233	1	0.006060318024829314
1233	2	0.052653245046535346
1233	3	-7.65528902164192E-4
1233	4	0.06842667618744969
1233	5	0.04005305658355951
1233	6	0.10288323479043271
1233	7	0.016538150738270474
1233	8	0.012334928938990686
1233	9	0.015696634052886793
1233	10-14	-0.007560091885522979
1233	15-19	0.018065500034197157
1233	20-24	0.0014403779687626184
1233	25-29	0.025155662335073714
1233	30-34	-0.030356413002174065
1233	35-39	-0.04422240995839388
1233	40-44	-0.015543461594674568
1233	45-49	-0.036494236475377306
1233	50-54	-0.015296990313586889
1233	55-59	0.004220426832944213
1233	60-64	0.00758469416550156
1233	65-69	-0.010698924503344642
1233	70-74	0.002320522788338053
1233	75-79	-0.016675662093284416
1233	80-84	0.015235273039458264
1233	85-89	0.04655348845557228
1233	90-94	0.057559208452978794
1233	95-99	0.05898788141809774
1233	100-104	0.011779800442852206
1233	105-109	0.04119846436078234
1233	110-114	-0.00417977250252477
1233	115-119	0.0057839588958188415
1233	120-124	0.05981538614711468
1233	125-129	0.02720604457409337
1233	130-134	0.04305612060896635
1233	135-139	0.054154081476845306
1233	140-144	0.100048446898505
1233	145-149	0.09215070264816916
1233	150	0.1304487332863431
1234	1	-0.06663687240059346
1234	2	0.021447982837273116
1234	3	-0.05260838319241401
1234	4	0.03826756009488719
1234	5	-0.059815254026077014
1234	6	-0.01588978484748793
1234	7	-0.013747930025651556
1234	8	-0.016312131245562966
1234	9	-0.02836093324567912
1234	10-14	-0.017425431560745608
1234	15-19	-0.0509320215298672
1234	20-24	-0.02943169433382309
1234	25-29	-0.03936871692337007
1234	30-34	-0.032156015698028284
1234	35-39	-0.08160072170935706
1234	40-44	-0.02631284611543805
1234	45-49	-0.045623560200873214
1234	50-54	-0.04251979075760204
1234	55-59	-0.06758357782334201
1234	60-64	-0.05498443887577764
1234	65-69	-0.055457364008375976
1234	70-74	-0.027848898246922715
1234	75-79	-0.048678818516677325
1234	80-84	-0.0290590649000535
1234	85-89	-0.012094487507845031
1234	90-94	0.0011867777133787172
1234	95-99	-0.028024770135040455
1234	100-104	-0.045593619376823824
1234	105-109	0.019782606065014363
1234	110-114	0.038750093807365715
1234	115-119	0.03259521298206636
1234	120-124	0.006720578535535537
1234	125-129	0.00961585736828141
1234	130-134	-0.0299168436933428
1234	135-139	0.04139506528388637
1234	140-144	0.005871449202729195
1234	145-149	0.09924586957171755
1234	150	0.0163826420502744
1235	1	0.0867809536087023
1235	2	0.05135101273196341
1235	3	0.1291120091280149
1235	4	0.11890191922721272
1235	5	0.10046788869624379
1235	6	0.07114894914866454
1235	7	0.05741481208757904
1235	8	0.06984499905394159
1235	9	0.0014939157564199945
1235	10-14	0.014885886804677284
1235	15-19	0.06903978731607907
1235	20-24	0.05302705320048773
1235	25-29	0.0862637166697624
1235	30-34	9.082333283600974E-4
1235	35-39	0.05271336584561226
1235	40-44	0.05400271449518357
1235	45-49	0.07973880834078528
1235	50-54	0.04442012878418922
1235	55-59	0.10179282134323842
1235	60-64	0.02494772010081192
1235	65-69	0.07171542338470971
1235	70-74	0.08592735191757583
1235	75-79	0.05133030870874933
1235	80-84	0.08736490465776114
1235	85-89	0.09122637324330896
1235	90-94	0.1444565977402945
1235	95-99	0.0989192113371331
1235	100-104	0.08560740085601282
1235	105-109	0.1147801255245966
1235	110-114	0.16269321030164008
1235	115-119	0.14612617683985007
1235	120-124	0.12772357481507868
1235	125-129	0.15285796126403284
1235	130-134	0.09732588839592893
1235	135-139	0.16140339272589443
1235	140-144	0.16734221699724827
1235	145-149	0.23194924177371234
1235	150	0.23296084378328175
1236	1	-0.0017392865533594204
1236	2	0.02642027267165048
1236	3	0.0308274042933121
1236	4	-0.04722966960710551
1236	5	-0.011696412861944339
1236	6	0.08173360935283824
1236	7	0.030464072633392902
1236	8	0.04272617887097141
1236	9	0.025069763508184906
1236	10-14	0.007842313294865733
1236	15-19	0.016068438489867276
1236	20-24	0.02031723490951265
1236	25-29	0.05377839727548661
1236	30-34	0.015758295600967642
1236	35-39	0.019727999067377766
1236	40-44	0.026909967510547972
1236	45-49	0.04205322321154625
1236	50-54	0.04436272926341189
1236	55-59	0.0065439834526301865
1236	60-64	0.04422016241385762
1236	65-69	0.05088620908755104
1236	70-74	0.028431966440734868
1236	75-79	0.04425829520841518
1236	80-84	0.0011415689528249118
1236	85-89	0.048496134154000003
1236	90-94	0.04830125920482686
1236	95-99	0.04127643051025842
1236	100-104	0.06065157857130998
1236	105-109	0.04545287657894903
1236	110-114	0.06739701732534087
1236	115-119	0.112614054486329
1236	120-124	0.05517462142309171
1236	125-129	0.07708360892083022
1236	130-134	0.07491024986474315
1236	135-139	0.1827078896791221
1236	140-144	0.08260907522014094
1236	145-149	0.15817163461021977
1236	150	0.17680196468066356
1237	1	0.020427834598919503
1237	2	0.07743328784397363
1237	3	0.052016226726181
1237	4	0.0033762441293561096
1237	5	-0.013297892513001841
1237	6	0.01384986414610978
1237	7	0.00418449393762188
1237	8	0.031153900135898027
1237	9	-0.019122565832610405
1237	10-14	-0.017322333531588185
1237	15-19	0.00540743071044858
1237	20-24	-0.021942797551282922
1237	25-29	0.0433149369410728
1237	30-34	-0.022005117761302984
1237	35-39	0.011137770690034188
1237	40-44	0.00831887098233608
1237	45-49	0.03418430747833412
1237	50-54	0.04312625627104438
1237	55-59	0.0024536129706760335
1237	60-64	0.056381978838466296
1237	65-69	0.030922360959912965
1237	70-74	2.3218365092958493E-4
1237	75-79	-0.0020875465884344635
1237	80-84	0.00932616197691516
1237	85-89	0.0036035922599779724
1237	90-94	0.05143859933235717
1237	95-99	0.03421604496311659
1237	100-104	0.030686785634877367
1237	105-109	0.007997819676745621
1237	110-114	0.07096745550389016
1237	115-119	0.02962657291536175
1237	120-124	0.04786201217358865
1237	125-129	0.07679918889449056
1237	130-134	0.07976495724518884
1237	135-139	0.07955111677033955
1237	140-144	0.11088622500989942
1237	145-149	0.14727103251979656
1237	150	0.19267264431248066
1238	1	0.020162905987170632
1238	2	-0.02255868343283396
1238	3	0.006884212952968483
1238	4	0.10280437569721812
1238	5	0.005499331589646772
1238	6	0.012814794221128523
1238	7	-0.013879363099505326
1238	8	0.009038522185200293
1238	9	-0.05402768057211205
1238	10-14	0.017734537553685925
1238	15-19	-0.004558659967543122
1238	20-24	0.03311907175111628
1238	25-29	0.04642931139763817
1238	30-34	0.030221245254047346
1238	35-39	0.013003707570803158
1238	40-44	0.010164091061760416
1238	45-49	0.0023898705170992685
1238	50-54	0.0602774188378703
1238	55-59	0.03030554252123352
1238	60-64	0.025323642944421465
1238	65-69	0.0323279073636229
1238	70-74	0.006124611852577289
1238	75-79	0.004145361087793731
1238	80-84	0.019159788349021767
1238	85-89	0.0682611527757544
1238	90-94	0.06392008706053787
1238	95-99	0.058800534471096455
1238	100-104	0.037573504778968925
1238	105-109	0.02088093609977193
1238	110-114	0.08526994236720498
1238	115-119	0.06961770088743435
1238	120-124	0.1065751214420061
1238	125-129	0.14712414232018745
1238	130-134	0.1065253270054356
1238	135-139	0.1437688880891912
1238	140-144	0.1478747260299471
1238	145-149	0.14207284820496113
1238	150	0.10909536871817949
1239	1	0.05147162229546609
1239	2	0.03548871650979635
1239	3	0.025335150337376433
1239	4	-0.004184694026875491
1239	5	-0.027003679379262735
1239	6	0.050968575293026674
1239	7	-0.009213592721259545
1239	8	0.021538268655341142
1239	9	-0.06856686952767888
1239	10-14	-3.719855522987814E-4
1239	15-19	-0.023930350195577432
1239	20-24	0.026182939061790478
1239	25-29	0.04981973482630764
1239	30-34	0.03881607169957135
1239	35-39	0.04214497054548616
1239	40-44	0.018952015506968678
1239	45-49	0.047682067302631026
1239	50-54	0.04951373860807706
1239	55-59	0.03391383743875309
1239	60-64	0.051982640936458324
1239	65-69	0.048405148495156425
1239	70-74	0.059205902701080504
1239	75-79	0.03764251817296582
1239	80-84	0.05977040415132251
1239	85-89	0.05373910726787301
1239	90-94	0.0864955737654256
1239	95-99	0.09150780841180506
1239	100-104	0.0705552670481282
1239	105-109	0.05017520555227151
1239	110-114	0.1121593965874439
1239	115-119	0.1083028225962579
1239	120-124	0.12321284224236706
1239	125-129	0.14290070186687132
1239	130-134	0.14724068685847413
1239	135-139	0.12691207885665534
1239	140-144	0.1797844867846905
1239	145-149	0.206678273647384
1239	150	0.1453388385133607
1240	1	0.06086295877535264
1240	2	0.060403489010347755
1240	3	0.0730081379176255
1240	4	0.07597227402403206
1240	5	0.05987577168236413
1240	6	0.08981306524480459
1240	7	0.005067191654681835
1240	8	0.08213304378702446
1240	9	0.04623987438161237
1240	10-14	0.06082901301871857
1240	15-19	0.07556403314472959
1240	20-24	0.03420670820549532
1240	25-29	0.05871257900526672
1240	30-34	0.06409272583372427
1240	35-39	0.04775322899768497
1240	40-44	0.06701517418066061
1240	45-49	0.03715786588496428
1240	50-54	0.04774368611369795
1240	55-59	0.03405554107946074
1240	60-64	0.030155433963194866
1240	65-69	0.06048132834917652
1240	70-74	0.052112537084838095
1240	75-79	0.03224689740456199
1240	80-84	0.006524881481901446
1240	85-89	0.06924346277579474
1240	90-94	0.08403094224060226
1240	95-99	0.07510322028607419
1240	100-104	0.05368249295680272
1240	105-109	0.1194757439419476
1240	110-114	0.11486575330016535
1240	115-119	0.06522870774220735
1240	120-124	0.058492778031244086
1240	125-129	0.10165319908036707
1240	130-134	0.13973741669074968
1240	135-139	0.12855747200106293
1240	140-144	0.11513674956663777
1240	145-149	0.19825152600904516
1240	150	0.2386255692863557
1241	1	0.025015078944356617
1241	2	0.10233637621334424
1241	3	-0.00475961842176531
1241	4	0.10900669411944364
1241	5	0.03593909795535666
1241	6	0.1461825174131519
1241	7	0.07746630413632971
1241	8	0.056889001195095545
1241	9	0.10588496879976361
1241	10-14	0.04488291189262128
1241	15-19	0.05208598519085683
1241	20-24	0.038216337767025266
1241	25-29	0.06626424781704543
1241	30-34	0.0254513699187342
1241	35-39	0.03918763699824268
1241	40-44	0.06674523013052891
1241	45-49	0.05855836031074091
1241	50-54	0.051031762420237214
1241	55-59	0.0457099155875369
1241	60-64	0.07439944210221938
1241	65-69	0.059044734455014236
1241	70-74	0.08372609241631324
1241	75-79	0.03254693322879376
1241	80-84	0.05740179502920739
1241	85-89	0.0613580514762333
1241	90-94	0.12861214300318125
1241	95-99	0.10263025454693064
1241	100-104	0.07684638472739636
1241	105-109	0.0432100468538934
1241	110-114	0.11570339005601227
1241	115-119	0.058956341522311106
1241	120-124	0.07155473040396032
1241	125-129	0.12127060325151007
1241	130-134	0.1670237167588482
1241	135-139	0.1930520714483066
1241	140-144	0.18631082156370127
1241	145-149	0.1759377728907836
1241	150	0.24353920226042902
1242	1	0.11242047068861183
1242	2	0.19677921007623667
1242	3	0.10828626110582462
1242	4	0.042362894760515246
1242	5	0.1022049349941696
1242	6	0.08823006515991949
1242	7	0.13205861391384133
1242	8	0.043159974929636746
1242	9	0.10701489702844214
1242	10-14	0.058510150476934086
1242	15-19	0.07904887763332624
1242	20-24	0.07292505839426155
1242	25-29	0.06378184305169299
1242	30-34	0.04334183422726312
1242	35-39	0.04666157756077638
1242	40-44	0.046119745698845804
1242	45-49	0.010043611259327179
1242	50-54	0.02205630872906994
1242	55-59	0.043164663543052484
1242	60-64	0.06623801468013113
1242	65-69	0.017306619520965683
1242	70-74	0.032910789214888325
1242	75-79	0.016633845734311592
1242	80-84	0.060375005278174854
1242	85-89	0.09800075735623182
1242	90-94	0.09347674834538822
1242	95-99	0.07280950543420772
1242	100-104	0.06045851978483796
1242	105-109	0.057765173520031965
1242	110-114	0.08978857665107398
1242	115-119	0.13672249682866777
1242	120-124	0.1067597118401622
1242	125-129	0.0905844174629209
1242	130-134	0.09801231585301906
1242	135-139	0.17958865676705926
1242	140-144	0.18542659539556894
1242	145-149	0.1924810615009065
1242	150	0.14499454306015735
1243	1	0.06049241680924666
1243	2	0.10804093020581007
1243	3	0.1414488637815623
1243	4	0.08987048032837919
1243	5	0.0694951878717518
1243	6	0.09784968548278528
1243	7	0.10879797797932156
1243	8	0.0976538779938636
1243	9	0.05773244048168635
1243	10-14	0.08549756925724239
1243	15-19	0.09472928123489766
1243	20-24	0.09856423979851314
1243	25-29	0.07159569948224487
1243	30-34	0.09882702575573177
1243	35-39	0.10524352258013181
1243	40-44	0.106068934736129
1243	45-49	0.05154202199267388
1243	50-54	0.10070089401970961
1243	55-59	0.09215966599246173
1243	60-64	0.11968235616929235
1243	65-69	0.09621750666214268
1243	70-74	0.07793454277032197
1243	75-79	0.08319971960312245
1243	80-84	0.11176571803673596
1243	85-89	0.10088722257654581
1243	90-94	0.14723187975894803
1243	95-99	0.12669859474834055
1243	100-104	0.12649613812540395
1243	105-109	0.1338668182306435
1243	110-114	0.14161856879017876
1243	115-119	0.12684622038361226
1243	120-124	0.1634512270169921
1243	125-129	0.21130594832355598
1243	130-134	0.21108356892428048
1243	135-139	0.24736465181507583
1243	140-144	0.23992668843507658
1243	145-149	0.19676642315875625
1243	150	0.32301899156373537
1244	1	0.054898077923361654
1244	2	0.11585584998454834
1244	3	0.06619804557055176
1244	4	0.12662775456829678
1244	5	0.04804271500359647
1244	6	0.0902986489431683
1244	7	0.10009629962790001
1244	8	0.0803364367642132
1244	9	0.10924779418805741
1244	10-14	0.07996760774054934
1244	15-19	0.07651259454498671
1244	20-24	0.0823510943614778
1244	25-29	0.10426840143051663
1244	30-34	0.079775494669029
1244	35-39	0.09589391929826974
1244	40-44	0.13928688006640044
1244	45-49	0.11609358208118437
1244	50-54	0.1367133242305698
1244	55-59	0.09235904865210642
1244	60-64	0.15257803080621812
1244	65-69	0.14633926684793863
1244	70-74	0.1367378790771312
1244	75-79	0.13353029277352846
1244	80-84	0.09288475736052249
1244	85-89	0.153521154989825
1244	90-94	0.17040266209112076
1244	95-99	0.2057041323867992
1244	100-104	0.1584813362115085
1244	105-109	0.1735957442502638
1244	110-114	0.19850300930369968
1244	115-119	0.17008500910149849
1244	120-124	0.13784297579541516
1244	125-129	0.15872177390633624
1244	130-134	0.18756022512628334
1244	135-139	0.22303628050706692
1244	140-144	0.211379199214079
1244	145-149	0.28070586890965643
1244	150	0.3159493754831644
1245	1	0.040877258172344
1245	2	0.0903806909151399
1245	3	-0.02782311570781104
1245	4	0.022334426487979897
1245	5	0.06084920987794362
1245	6	0.045341940583739415
1245	7	0.03657065183895014
1245	8	0.019266419389012412
1245	9	0.01105580337026879
1245	10-14	0.00962853817081566
1245	15-19	-0.0043739128682886985
1245	20-24	0.014937704171970267
1245	25-29	0.03636623681799733
1245	30-34	0.011589764779344591
1245	35-39	0.02408670172765426
1245	40-44	0.06273852131876367
1245	45-49	0.0515250366278579
1245	50-54	0.06796422058738472
1245	55-59	-0.003038389770814831
1245	60-64	0.05702783207998863
1245	65-69	0.05889360964259538
1245	70-74	-0.014735471117084842
1245	75-79	0.01830611849213426
1245	80-84	-0.007414818230756737
1245	85-89	0.048882308571627675
1245	90-94	0.05935611862231838
1245	95-99	0.07340941624176622
1245	100-104	0.07041537752289173
1245	105-109	0.09218558759288698
1245	110-114	0.06267187506087879
1245	115-119	0.06941880878228801
1245	120-124	0.07458807137123102
1245	125-129	0.08163091360503927
1245	130-134	0.13877120913365104
1245	135-139	0.15252595936768643
1245	140-144	0.14494036218788153
1245	145-149	0.1535817206697061
1245	150	0.14594389274950714
1246	1	0.01828874533033087
1246	2	0.05817603771062352
1246	3	0.017557601860985983
1246	4	0.06457515983761652
1246	5	0.017452097147874213
1246	6	-0.0010059333239738066
1246	7	0.07340410870923364
1246	8	0.07475134328350919
1246	9	0.019943498783952407
1246	10-14	0.020136940215827792
1246	15-19	8.739120538052703E-4
1246	20-24	0.022129435350677795
1246	25-29	0.011706207426627202
1246	30-34	-0.011078272748910933
1246	35-39	0.03227404627189401
1246	40-44	0.04949026968840542
1246	45-49	0.0015868688616222926
1246	50-54	0.016456541371454136
1246	55-59	0.019155432646208226
1246	60-64	0.06718980587545076
1246	65-69	0.08131957116160038
1246	70-74	0.04572044703830613
1246	75-79	0.008058538191576758
1246	80-84	-0.012566619080622843
1246	85-89	0.04729307044819109
1246	90-94	0.01827887645741555
1246	95-99	0.07263928140564246
1246	100-104	0.0739958227586257
1246	105-109	0.05584105991172095
1246	110-114	0.09590700418610965
1246	115-119	0.0802238270185498
1246	120-124	0.04148672264206965
1246	125-129	0.08823859398584233
1246	130-134	0.09679004192716434
1246	135-139	0.13828920617610407
1246	140-144	0.10086897193436073
1246	145-149	0.16263977567706434
1246	150	0.2022016981080057
1247	1	0.06186278654134014
1247	2	0.12857436619515994
1247	3	0.12679666200511264
1247	4	0.107024377993298
1247	5	0.17430114262760554
1247	6	0.14254723594186203
1247	7	0.08018547040889956
1247	8	0.12449734947661284
1247	9	0.1185626626345524
1247	10-14	0.11952894707619066
1247	15-19	0.052284298659657225
1247	20-24	0.09045007156410634
1247	25-29	0.11145603819027627
1247	30-34	0.09743255281816943
1247	35-39	0.1326667587709025
1247	40-44	0.11654416605303908
1247	45-49	0.11707540400902161
1247	50-54	0.10853648582323672
1247	55-59	0.10260788240259444
1247	60-64	0.14250080539055432
1247	65-69	0.10717628871311291
1247	70-74	0.110320956118656
1247	75-79	0.11943104636551283
1247	80-84	0.11578970818297307
1247	85-89	0.13705888550170897
1247	90-94	0.16245759673817162
1247	95-99	0.15259889279291627
1247	100-104	0.15304452880204167
1247	105-109	0.1435292161695898
1247	110-114	0.14894787491708428
1247	115-119	0.1398417635394793
1247	120-124	0.12201064409344298
1247	125-129	0.1751783538793319
1247	130-134	0.17603297255103456
1247	135-139	0.23121819333395166
1247	140-144	0.2136477934688017
1247	145-149	0.23753823326924817
1247	150	0.2861340328350934
1248	1	0.08708414286492427
1248	2	0.16957126174080628
1248	3	0.020941024737368252
1248	4	0.0708094324450812
1248	5	0.02368159785368107
1248	6	0.09682065345624125
1248	7	0.0734821943726729
1248	8	0.047623757189967364
1248	9	0.06353747145762867
1248	10-14	0.06117362669215254
1248	15-19	0.04437573400440442
1248	20-24	0.056055959440641345
1248	25-29	0.061587155710491004
1248	30-34	0.043439257627134964
1248	35-39	0.034133420161758465
1248	40-44	0.06624304748948617
1248	45-49	0.046055034638065706
1248	50-54	0.04001873607216311
1248	55-59	0.05882402937838549
1248	60-64	0.06160261277258883
1248	65-69	0.07560850141982911
1248	70-74	0.025092345241979785
1248	75-79	0.049745890328907194
1248	80-84	0.07396258211365137
1248	85-89	0.0651324921978258
1248	90-94	0.07921982991035748
1248	95-99	0.09829311146404507
1248	100-104	0.10986640030236572
1248	105-109	0.10159632806704622
1248	110-114	0.09762997881029634
1248	115-119	0.12471669100113303
1248	120-124	0.060478544181044924
1248	125-129	0.13254810126242234
1248	130-134	0.10698683418738852
1248	135-139	0.17973756798227214
1248	140-144	0.1492330242640918
1248	145-149	0.2124668062923334
1248	150	0.176824291298189
1249	1	0.04977625890253279
1249	2	0.10253775633944429
1249	3	0.05447399708356926
1249	4	0.009665899716630122
1249	5	0.04289028545251483
1249	6	0.034669574664242475
1249	7	0.011980190607786767
1249	8	0.08126600126396966
1249	9	-0.02348755441909134
1249	10-14	0.06406434831261976
1249	15-19	0.05572112781306515
1249	20-24	0.07710073983338361
1249	25-29	0.07344034733667115
1249	30-34	0.042031700882233736
1249	35-39	0.04921215702107418
1249	40-44	0.06946855416180853
1249	45-49	0.057674971855256274
1249	50-54	0.059018973510426065
1249	55-59	0.05538933988987793
1249	60-64	0.05006556204109813
1249	65-69	0.018592721464067097
1249	70-74	0.03418019575864406
1249	75-79	0.01078849010720262
1249	80-84	0.037068870294284295
1249	85-89	0.03916525906304713
1249	90-94	0.08689994051821515
1249	95-99	0.08368317779154921
1249	100-104	0.11475896840777011
1249	105-109	0.099334157476477
1249	110-114	0.07537032045724601
1249	115-119	0.11161827404818325
1249	120-124	0.08597252999432214
1249	125-129	0.10902345516159073
1249	130-134	0.15765556077313647
1249	135-139	0.15473096203155023
1249	140-144	0.19213622802246277
1249	145-149	0.17405593823328758
1249	150	0.109445377338659
1250	1	-0.06930568066126597
1250	2	0.08396493414705475
1250	3	-0.06506525221531234
1250	4	0.04641440669988839
1250	5	0.015174017171268872
1250	6	-0.01541757864654869
1250	7	-0.0717838577749248
1250	8	-3.4655190312093964E-4
1250	9	-0.033747754446785905
1250	10-14	0.0014111317225271591
1250	15-19	-0.03466068867231087
1250	20-24	0.008043938933383288
1250	25-29	0.044011767587967654
1250	30-34	8.411088043018822E-4
1250	35-39	0.0026320553134908664
1250	40-44	0.014160254896417257
1250	45-49	0.009024347578446168
1250	50-54	0.006060485586196762
1250	55-59	-0.02355910920908144
1250	60-64	0.08826073078216012
1250	65-69	0.0015676059777618434
1250	70-74	0.004760114423476125
1250	75-79	-0.026835472328620824
1250	80-84	-0.04534476234960749
1250	85-89	0.007490691248982273
1250	90-94	-0.006638056007545856
1250	95-99	-0.005313040711577344
1250	100-104	0.06257030006162978
1250	105-109	0.043807009205309555
1250	110-114	0.06526870795756423
1250	115-119	0.05728120081860055
1250	120-124	0.05072188325317484
1250	125-129	0.08972480605275734
1250	130-134	0.06624986374573893
1250	135-139	0.09305791561178722
1250	140-144	0.0985265892763465
1250	145-149	0.13317963888232498
1250	150	0.08921543879466753
1251	1	0.06456726381887279
1251	2	0.09288210254698726
1251	3	0.016010876387049677
1251	4	0.0615100334896681
1251	5	0.03550194844372356
1251	6	0.10084730478475734
1251	7	0.022239765334155948
1251	8	0.07367635727721478
1251	9	-0.04301534287478859
1251	10-14	0.021706460248736903
1251	15-19	0.015620440604322994
1251	20-24	0.027432339970957287
1251	25-29	0.01056047736007315
1251	30-34	0.031074801481771885
1251	35-39	0.062219959773955225
1251	40-44	0.020663987157263364
1251	45-49	0.052306516018035154
1251	50-54	0.030639545262708623
1251	55-59	-0.00427272065732609
1251	60-64	0.036962332362321604
1251	65-69	0.0363097587109209
1251	70-74	0.0689539698767021
1251	75-79	0.03318697676429139
1251	80-84	0.0301424940222077
1251	85-89	0.03431878513854514
1251	90-94	0.07891004295884585
1251	95-99	0.04797745689676702
1251	100-104	0.08713587441729942
1251	105-109	0.09896593767758333
1251	110-114	0.08849344479548904
1251	115-119	0.13503597422554492
1251	120-124	0.05772076476479526
1251	125-129	0.12111030378008536
1251	130-134	0.1451551729958851
1251	135-139	0.17625266744222046
1251	140-144	0.1868613108044741
1251	145-149	0.22550831581369124
1251	150	0.19032559800077564
1252	1	0.024958132227318686
1252	2	0.06711746392256401
1252	3	-2.5181341626989706E-4
1252	4	0.01512312008386374
1252	5	0.027433580530015433
1252	6	0.07364956325665162
1252	7	0.06062719115993076
1252	8	0.06565143990015088
1252	9	0.0846930978102094
1252	10-14	0.016034267540590008
1252	15-19	-6.384825298155761E-4
1252	20-24	0.0016730645480933504
1252	25-29	0.0150071832931431
1252	30-34	0.011022259314678706
1252	35-39	-0.004810853300782014
1252	40-44	0.05658943578764308
1252	45-49	0.014372409784584761
1252	50-54	0.012724549617324499
1252	55-59	0.07291794641596994
1252	60-64	0.056689277526693616
1252	65-69	0.08442341269550724
1252	70-74	0.10467525356521179
1252	75-79	0.04519749858181399
1252	80-84	0.03650362390823858
1252	85-89	0.09423605225752851
1252	90-94	0.10036433098667175
1252	95-99	0.1315391580928278
1252	100-104	0.08430614985260121
1252	105-109	0.12567965265544956
1252	110-114	0.12225688267460555
1252	115-119	0.14027107078706536
1252	120-124	0.07666424273886463
1252	125-129	0.15628119488415138
1252	130-134	0.19746129230369291
1252	135-139	0.1897803443346575
1252	140-144	0.20416207169077438
1252	145-149	0.16829359559404367
1252	150	0.1761260199824477
1253	1	-0.012856484402789192
1253	2	0.04903178774694794
1253	3	0.002396594142702213
1253	4	0.0897764935025478
1253	5	0.007580746767359869
1253	6	0.02231153941391284
1253	7	-0.00814451047154563
1253	8	0.01124223781127398
1253	9	0.02716251047041851
1253	10-14	0.01841492033101133
1253	15-19	0.021599790647314876
1253	20-24	-0.007114775936365447
1253	25-29	0.010745501900210286
1253	30-34	0.027105583643226794
1253	35-39	0.03179863279446238
1253	40-44	0.04553257308244696
1253	45-49	0.018823358687406255
1253	50-54	0.044673612294104714
1253	55-59	-0.013349487142392036
1253	60-64	0.029298638271612276
1253	65-69	0.020585564410097845
1253	70-74	0.033928118875628854
1253	75-79	0.010255076127755558
1253	80-84	-0.01567161009892004
1253	85-89	-0.0029743586593369287
1253	90-94	-0.01190215269910766
1253	95-99	0.03540272803347477
1253	100-104	0.04947391529311318
1253	105-109	0.07157158749965475
1253	110-114	0.07645081088499239
1253	115-119	0.07222016212627835
1253	120-124	0.0783059496929468
1253	125-129	0.09180961095012208
1253	130-134	0.12356166408393676
1253	135-139	0.08766967242736001
1253	140-144	0.12462910288608953
1253	145-149	0.11885641563981153
1253	150	0.31802491673725797
1254	1	0.05282165131137617
1254	2	0.013420598319122234
1254	3	0.015489408149207406
1254	4	0.05703256594841122
1254	5	0.043231094551579474
1254	6	0.09405951043093097
1254	7	0.06881007163627828
1254	8	0.06863388518882374
1254	9	0.06459673893476747
1254	10-14	0.046761509493144615
1254	15-19	0.004490431510063786
1254	20-24	1.9060703235851406E-4
1254	25-29	0.043837503733399785
1254	30-34	0.037910969512573445
1254	35-39	0.048290856234942225
1254	40-44	0.0637066914393074
1254	45-49	0.03704597539382348
1254	50-54	0.05185798143848075
1254	55-59	0.0189131697085827
1254	60-64	0.06719975036893544
1254	65-69	0.06849566842629429
1254	70-74	0.041747259480231946
1254	75-79	0.035253306750163915
1254	80-84	0.07913477358336252
1254	85-89	0.0634753417067202
1254	90-94	0.06594570403351696
1254	95-99	0.08572788742249315
1254	100-104	0.14001256023995268
1254	105-109	0.11084225586027685
1254	110-114	0.11784136762980069
1254	115-119	0.12549165426269582
1254	120-124	0.10867798308486698
1254	125-129	0.17401814225070922
1254	130-134	0.141127580650533
1254	135-139	0.21222526859157398
1254	140-144	0.18205161284971183
1254	145-149	0.2286117774340184
1254	150	0.15941094851644522
1255	1	0.0772498968287536
1255	2	0.09318603040004092
1255	3	-0.029935278649304564
1255	4	0.0507344096086797
1255	5	0.03549200171399036
1255	6	0.08274646704906985
1255	7	0.05359848861613159
1255	8	0.09837519240463877
1255	9	-0.001115296456717374
1255	10-14	0.028365685287980114
1255	15-19	0.03732133138922222
1255	20-24	0.04329582663129372
1255	25-29	0.05570293663372894
1255	30-34	0.05588194544410641
1255	35-39	0.08190100130708089
1255	40-44	0.04697618184792418
1255	45-49	0.05211288634583866
1255	50-54	0.06676894116466059
1255	55-59	0.02485904035592057
1255	60-64	0.042058594602316646
1255	65-69	0.07475497433391354
1255	70-74	0.017180357445504058
1255	75-79	0.04551937436824005
1255	80-84	0.06853797599652012
1255	85-89	0.0956489944619392
1255	90-94	0.07970467614556043
1255	95-99	0.13104547042432557
1255	100-104	0.1268869851354637
1255	105-109	0.10568992697932345
1255	110-114	0.13939616577867753
1255	115-119	0.15228581397267504
1255	120-124	0.12362558561314074
1255	125-129	0.15261601762372834
1255	130-134	0.17213888246295994
1255	135-139	0.19357191325907053
1255	140-144	0.19718314277105975
1255	145-149	0.22959730588906524
1255	150	0.23676577394737564
1256	1	0.03982370916796185
1256	2	0.04742299063217814
1256	3	0.03519152281958071
1256	4	0.004309228627889183
1256	5	0.025925966559910307
1256	6	0.024955108896229206
1256	7	0.010270989156978771
1256	8	0.08849680185366537
1256	9	0.019991784597571893
1256	10-14	0.04383640291252533
1256	15-19	0.0484002421843428
1256	20-24	0.0220676818673482
1256	25-29	0.07423901214665563
1256	30-34	0.07251421505473132
1256	35-39	0.06005697623324835
1256	40-44	0.059358319249142255
1256	45-49	0.0899055197443559
1256	50-54	0.0908576791132063
1256	55-59	0.08551154299411934
1256	60-64	0.11020731726387822
1256	65-69	0.10589856286219401
1256	70-74	0.07718845721410617
1256	75-79	0.10027167264554038
1256	80-84	0.07023741374472081
1256	85-89	0.06861311878345333
1256	90-94	0.13258035635215037
1256	95-99	0.1433944620771186
1256	100-104	0.14189600289235216
1256	105-109	0.1650894294110543
1256	110-114	0.15322668630547298
1256	115-119	0.22887051164840955
1256	120-124	0.178853433980386
1256	125-129	0.22072587841859104
1256	130-134	0.2059729346997159
1256	135-139	0.23738650143607742
1256	140-144	0.27185889874280633
1256	145-149	0.26668110193419636
1256	150	0.38126672913637094
1257	1	0.012365977009636708
1257	2	0.06944773660092096
1257	3	0.010235254057811005
1257	4	0.00626541376699663
1257	5	0.019656656246944237
1257	6	0.0396356886182474
1257	7	0.019973314427673472
1257	8	0.021795077057056744
1257	9	-0.005682371295058886
1257	10-14	0.03441786808393488
1257	15-19	0.03871217421155393
1257	20-24	-1.506848438026509E-5
1257	25-29	0.043642811833571216
1257	30-34	0.02749169666689255
1257	35-39	0.05814238300629171
1257	40-44	0.034470733215925975
1257	45-49	0.02420058681191506
1257	50-54	0.0569630305002633
1257	55-59	0.03071637828551843
1257	60-64	0.10981511479659645
1257	65-69	0.10460153882932843
1257	70-74	0.05559973881305069
1257	75-79	0.08509005909876066
1257	80-84	0.012856324314547862
1257	85-89	0.0957817554585958
1257	90-94	0.047420716305040855
1257	95-99	0.061852128653818284
1257	100-104	0.10451535717425031
1257	105-109	0.10161319884753794
1257	110-114	0.09916746927199682
1257	115-119	0.15005753409414524
1257	120-124	0.09483745937045995
1257	125-129	0.11479243864312139
1257	130-134	0.14275490555660042
1257	135-139	0.18268264389593725
1257	140-144	0.13445610155262955
1257	145-149	0.18995236189851994
1257	150	0.23296084378328175
1258	1	0.0712612360458067
1258	2	0.04571354529777949
1258	3	0.0874344387993986
1258	4	0.06186644425982735
1258	5	0.06344108504345058
1258	6	0.11198735687852235
1258	7	0.10139724880440326
1258	8	0.0918756544737036
1258	9	0.012575875163832961
1258	10-14	0.10414731532634391
1258	15-19	0.07186452611207983
1258	20-24	0.03561422120333191
1258	25-29	0.05249357231560481
1258	30-34	0.05974178667050012
1258	35-39	0.07554656304446183
1258	40-44	0.09164822031540609
1258	45-49	0.08848348070831946
1258	50-54	0.07196570157483961
1258	55-59	0.06660485898603952
1258	60-64	0.13305884454579342
1258	65-69	0.14390073015182026
1258	70-74	0.12909460764007008
1258	75-79	0.07029207363096646
1258	80-84	0.1277150476957445
1258	85-89	0.08788050392466573
1258	90-94	0.14175316057055198
1258	95-99	0.14480389833751417
1258	100-104	0.17277679730928241
1258	105-109	0.16567524520035448
1258	110-114	0.19140822987016293
1258	115-119	0.21525151604696902
1258	120-124	0.1785182001484813
1258	125-129	0.21998944007156496
1258	130-134	0.21694531833441033
1258	135-139	0.3060204032127629
1258	140-144	0.2632185230172297
1258	145-149	0.3090489967316543
1258	150	0.27000748693932763
1259	1	0.090347824642663
1259	2	0.06987328204314025
1259	3	0.10017864771818097
1259	4	0.06836498002327573
1259	5	0.09083336205579684
1259	6	0.05850974279903909
1259	7	1.6699927020624727E-4
1259	8	0.06945100382423419
1259	9	0.03181496068034306
1259	10-14	0.06688305589015897
1259	15-19	0.042699920300222516
1259	20-24	2.4984813342854295E-4
1259	25-29	0.06136980545445425
1259	30-34	0.05881899259617995
1259	35-39	0.06654630794833594
1259	40-44	0.07454883433292991
1259	45-49	0.054099241314865765
1259	50-54	0.02384817601485878
1259	55-59	0.046413297383359975
1259	60-64	0.0754454987985369
1259	65-69	0.07186117580589269
1259	70-74	0.07570773136623643
1259	75-79	0.06409453038531865
1259	80-84	0.05008007770469902
1259	85-89	0.08532305122104589
1259	90-94	0.07174520354836034
1259	95-99	0.09693773370204894
1259	100-104	0.12228415004639004
1259	105-109	0.10990359082785517
1259	110-114	0.11731841170313828
1259	115-119	0.14553455299105167
1259	120-124	0.12770050491726437
1259	125-129	0.11954799261584981
1259	130-134	0.17696436120310466
1259	135-139	0.17592681600999782
1259	140-144	0.19567400190032913
1259	145-149	0.18895088166772211
1259	150	0.2449377346867081
1260	1	0.029611121571797128
1260	2	0.0683157562868999
1260	3	0.046975266581746666
1260	4	0.13876164633091292
1260	5	0.10154581580404454
1260	6	0.07795048339100674
1260	7	-0.0022345901298095328
1260	8	0.019610748384607746
1260	9	0.07669278450003247
1260	10-14	0.061680664396249085
1260	15-19	0.046327064422008846
1260	20-24	0.07606573623272794
1260	25-29	0.03929239744576307
1260	30-34	0.050431298241683464
1260	35-39	0.08430519657219548
1260	40-44	0.07074632252256663
1260	45-49	0.05695707108521475
1260	50-54	0.06734829231444195
1260	55-59	0.08485848271679686
1260	60-64	0.1000164267933954
1260	65-69	0.12132260860019528
1260	70-74	0.09483700946397278
1260	75-79	0.11006519824354655
1260	80-84	0.07925880593585077
1260	85-89	0.089418341757316
1260	90-94	0.11933368099068531
1260	95-99	0.1539562341637506
1260	100-104	0.157416554428643
1260	105-109	0.15690755354516028
1260	110-114	0.16883109665236873
1260	115-119	0.1692344533750969
1260	120-124	0.1761226708717345
1260	125-129	0.1789934586560804
1260	130-134	0.2038437156983477
1260	135-139	0.21438412541227336
1260	140-144	0.2420813921791094
1260	145-149	0.2527310103994509
1260	150	0.21609358904668596
1261	1	0.07218328872107804
1261	2	0.047703503573842454
1261	3	0.13669540917850043
1261	4	0.020341204933764345
1261	5	0.05436892303470131
1261	6	0.05558923374755409
1261	7	0.10486973018249302
1261	8	0.07429354719484849
1261	9	0.019907753651907
1261	10-14	0.06973748836527704
1261	15-19	0.060060902663231275
1261	20-24	0.04054627483931483
1261	25-29	0.05241104113748207
1261	30-34	0.024725946425597556
1261	35-39	0.06928820227728494
1261	40-44	0.040550081989138675
1261	45-49	0.07259361184342339
1261	50-54	0.04860683285577494
1261	55-59	0.027660821727295115
1261	60-64	0.08175840196815898
1261	65-69	0.06417307634146141
1261	70-74	0.08790418175430403
1261	75-79	0.06712781390835687
1261	80-84	0.09924932191320579
1261	85-89	0.06905456327974946
1261	90-94	0.07415403033913037
1261	95-99	0.13147441932980541
1261	100-104	0.1253038684925869
1261	105-109	0.15073381985007472
1261	110-114	0.19526046949362552
1261	115-119	0.20863774014366498
1261	120-124	0.14249594840322288
1261	125-129	0.16669924494776467
1261	130-134	0.19955172661964582
1261	135-139	0.1997896389577889
1261	140-144	0.20222275779963184
1261	145-149	0.24539153642987088
1261	150	0.1987499242127626
1262	1	0.06510537857219134
1262	2	0.06539186174694578
1262	3	0.10197755684786358
1262	4	0.0961673506488907
1262	5	0.024817555344867515
1262	6	0.050407830894783956
1262	7	0.08253588816181434
1262	8	0.02685088628973631
1262	9	0.056030191158924936
1262	10-14	0.060269917456054145
1262	15-19	0.05090171724307169
1262	20-24	0.0653046341410004
1262	25-29	0.05051404130356474
1262	30-34	0.04507751327118825
1262	35-39	0.07133140058848397
1262	40-44	0.07922763506707042
1262	45-49	0.07698242667009936
1262	50-54	0.06589549661068617
1262	55-59	0.06006906016067859
1262	60-64	0.09729091275389834
1262	65-69	0.06032816531532603
1262	70-74	0.10445108359451183
1262	75-79	0.05391101691098754
1262	80-84	0.05472299621815324
1262	85-89	0.09715807824254341
1262	90-94	0.07115979838290798
1262	95-99	0.09220777210891384
1262	100-104	0.09354778798331154
1262	105-109	0.18155880502303035
1262	110-114	0.14878657359405167
1262	115-119	0.17456249808147106
1262	120-124	0.10789611570505286
1262	125-129	0.19743010804305072
1262	130-134	0.21730000390952142
1262	135-139	0.230730228433643
1262	140-144	0.24879707457748879
1262	145-149	0.2525271019160584
1262	150	0.3482234463045728
1263	1	0.11338940022190513
1263	2	0.11706671042707484
1263	3	0.014722994020615943
1263	4	0.14091586947325396
1263	5	0.09844728948021952
1263	6	0.05357687889041074
1263	7	0.06564389307450114
1263	8	0.07138796687229387
1263	9	0.0367098728969566
1263	10-14	0.07700554259821502
1263	15-19	0.06149940983569735
1263	20-24	0.04289622151991068
1263	25-29	0.05802194307518249
1263	30-34	0.0842513916084684
1263	35-39	0.10390453632340524
1263	40-44	0.07343286435366281
1263	45-49	0.05478609084670438
1263	50-54	0.056485679976773895
1263	55-59	0.06754661623196512
1263	60-64	0.0841238047291668
1263	65-69	0.09285251347486678
1263	70-74	0.08384145429573664
1263	75-79	0.05047242208844693
1263	80-84	0.0666286704590533
1263	85-89	0.06758934792371463
1263	90-94	0.035437228801640686
1263	95-99	0.12173600654812589
1263	100-104	0.144745644951648
1263	105-109	0.14424036039837773
1263	110-114	0.13316175929348617
1263	115-119	0.11296724539180047
1263	120-124	0.14014947790428778
1263	125-129	0.1785508984646782
1263	130-134	0.15610326727316703
1263	135-139	0.23822354825754388
1263	140-144	0.22501616710285077
1263	145-149	0.2829274321352244
1263	150	0.22224718847935065
1264	1	0.12760689852768792
1264	2	0.13071802899677465
1264	3	0.1109393094477511
1264	4	0.10403701522511
1264	5	0.12994109732755987
1264	6	0.0989124606792231
1264	7	0.09142639284783627
1264	8	0.09750791745186405
1264	9	0.04166233684970422
1264	10-14	0.10925842507255368
1264	15-19	0.06475187471046695
1264	20-24	0.078464256827246
1264	25-29	0.0658132293433411
1264	30-34	0.06587278438565392
1264	35-39	0.04201417599681889
1264	40-44	0.09651779381122338
1264	45-49	0.06261084846990883
1264	50-54	0.09360569125617957
1264	55-59	0.04069261050312889
1264	60-64	0.09557788491136421
1264	65-69	0.09009066086946405
1264	70-74	0.09552582892595751
1264	75-79	0.0949693087241883
1264	80-84	0.10109600241652572
1264	85-89	0.07913590893167566
1264	90-94	0.09209650135623804
1264	95-99	0.1324159908122695
1264	100-104	0.12968507188363532
1264	105-109	0.1974846327147901
1264	110-114	0.1822409080511349
1264	115-119	0.174963177349575
1264	120-124	0.10752051570262466
1264	125-129	0.1406520755038443
1264	130-134	0.18493063268471133
1264	135-139	0.1848892826565418
1264	140-144	0.21505653250056156
1264	145-149	0.2657946604419479
1264	150	0.3062548151460973
1265	1	0.12444376244663857
1265	2	0.05986992093015431
1265	3	0.04200683189767318
1265	4	0.0350561840024568
1265	5	0.0905700788303605
1265	6	0.09290758693603607
1265	7	-0.02527817005031352
1265	8	0.04300757206848971
1265	9	0.040328101682000295
1265	10-14	0.06154728070230675
1265	15-19	0.05043087923881728
1265	20-24	0.05159450473575333
1265	25-29	0.06364276345954067
1265	30-34	0.06537804188814533
1265	35-39	0.10698157564376487
1265	40-44	0.13276211417349515
1265	45-49	0.08532765328993008
1265	50-54	0.10131998245275042
1265	55-59	0.09150608429236229
1265	60-64	0.11868913673422554
1265	65-69	0.1288497943409439
1265	70-74	0.15139327846161166
1265	75-79	0.15420512881783566
1265	80-84	0.13869052233363988
1265	85-89	0.14973079342011175
1265	90-94	0.15770314806741936
1265	95-99	0.19337607984441973
1265	100-104	0.22097553930247216
1265	105-109	0.20793911886108418
1265	110-114	0.2301357963771835
1265	115-119	0.2489642326876691
1265	120-124	0.219337404949691
1265	125-129	0.2547174105257284
1265	130-134	0.24647743213209594
1265	135-139	0.29819498531982447
1265	140-144	0.29468133102692207
1265	145-149	0.3332661279375344
1265	150	0.34664126076740587
1266	1	0.11386158670135416
1266	2	0.03606366735333211
1266	3	0.027759914463615587
1266	4	0.07716013280845146
1266	5	0.04469109230520729
1266	6	0.06841354396220822
1266	7	0.04843287516065686
1266	8	-0.010265410606713488
1266	9	0.03496729839392998
1266	10-14	0.055605030038961445
1266	15-19	0.053020130578502744
1266	20-24	0.018696320458147397
1266	25-29	0.07103551097527827
1266	30-34	0.08351986593476113
1266	35-39	0.09507293405383876
1266	40-44	0.06363438928924836
1266	45-49	0.10497782757847318
1266	50-54	0.047028946606552324
1266	55-59	0.008704981332058992
1266	60-64	0.0833373860448674
1266	65-69	0.07923863987447533
1266	70-74	0.07527195282819577
1266	75-79	0.10637702414065586
1266	80-84	0.06674546224310518
1266	85-89	0.07409019199459266
1266	90-94	0.0976159517717079
1266	95-99	0.09725329747097788
1266	100-104	0.15465932266442195
1266	105-109	0.12419862669105441
1266	110-114	0.1831122284046458
1266	115-119	0.15714882245926987
1266	120-124	0.14050987256323566
1266	125-129	0.19500022619607904
1266	130-134	0.2171507581817167
1266	135-139	0.2303088191474174
1266	140-144	0.22017657060862916
1266	145-149	0.25206286067776773
1266	150	0.2236674300614041
1267	1	0.09607474966363583
1267	2	0.05841091379426189
1267	3	0.08224709063784985
1267	4	0.060967165058976036
1267	5	0.052366885647955996
1267	6	0.06409707304928958
1267	7	0.032281252918011205
1267	8	0.07863363090107356
1267	9	0.023440171090079787
1267	10-14	0.03827175321115561
1267	15-19	0.04307074781524278
1267	20-24	0.05842935252054815
1267	25-29	0.03909858768049901
1267	30-34	0.022649770416308
1267	35-39	0.07111197248138268
1267	40-44	0.09076324359492105
1267	45-49	0.01825562700521033
1267	50-54	0.08632578357190113
1267	55-59	0.044333231476514356
1267	60-64	0.0878403251935822
1267	65-69	0.08595108290811737
1267	70-74	0.08358322661089801
1267	75-79	0.0797302584446129
1267	80-84	-0.127850059831772
1267	85-89	0.06512111119823771
1267	90-94	0.10542818528698916
1267	95-99	0.11640991114993682
1267	100-104	0.10504884902064049
1267	105-109	0.12891945666076055
1267	110-114	0.15505185983012382
1267	115-119	0.16362022118811126
1267	120-124	0.16430090410261755
1267	125-129	0.1511917675255674
1267	130-134	0.18485660970794981
1267	135-139	0.20525592273961024
1267	140-144	0.13169842636035867
1267	145-149	0.21477996335002558
1267	150	0.268694754273227
1268	1	0.12421753580738226
1268	2	0.09739418575285441
1268	3	0.1230167417627186
1268	4	0.12126105427783784
1268	5	0.07723589181159696
1268	6	0.1441220730292656
1268	7	0.10024394158802608
1268	8	0.10503550181017829
1268	9	0.03599033629846815
1268	10-14	0.09701056867174174
1268	15-19	0.0780566330312098
1268	20-24	0.07462879680524992
1268	25-29	0.08180723544324309
1268	30-34	0.09680557940880874
1268	35-39	0.11788556686029494
1268	40-44	0.09784395177881322
1268	45-49	0.13210860946504255
1268	50-54	0.08886383935610809
1268	55-59	0.10129140611991261
1268	60-64	0.1438254868970148
1268	65-69	0.10619285020280245
1268	70-74	0.12502443418568987
1268	75-79	0.12935666035320992
1268	80-84	0.1342050314289409
1268	85-89	0.05943855318354707
1268	90-94	0.16051790070021354
1268	95-99	0.18238047869574814
1268	100-104	0.19065456780844414
1268	105-109	0.1518926404320453
1268	110-114	0.1849041274932972
1268	115-119	0.20128944889535916
1268	120-124	0.16820529001517315
1268	125-129	0.1879602911449183
1268	130-134	0.2180000796951731
1268	135-139	0.24494246754063909
1268	140-144	0.24475416462228594
1268	145-149	0.2754335688494578
1268	150	0.3319458249017089
1269	1	0.01985766331522143
1269	2	0.06847015155652514
1269	3	0.0449524024135215
1269	4	0.046567971902035765
1269	5	0.07898358030999475
1269	6	0.10977057045442962
1269	7	0.051232900845370466
1269	8	-0.015257752556507853
1269	9	0.04782836537351187
1269	10-14	0.05085036002662946
1269	15-19	0.018648421776113366
1269	20-24	0.03651416593068291
1269	25-29	0.06828949860304334
1269	30-34	0.06647681895207569
1269	35-39	0.027808626008251736
1269	40-44	0.06631335032376029
1269	45-49	0.06198729687380933
1269	50-54	0.06439540533691002
1269	55-59	0.042403666507823345
1269	60-64	0.09819649698660271
1269	65-69	0.12039485596180555
1269	70-74	0.06071497855488417
1269	75-79	0.07900986554703593
1269	80-84	0.0752489462998156
1269	85-89	0.05795359319589011
1269	90-94	0.06372227844243383
1269	95-99	0.07402137860987779
1269	100-104	0.17751730981619573
1269	105-109	0.12986914639166258
1269	110-114	0.16831778263203745
1269	115-119	0.13420680399401164
1269	120-124	0.11756421757701929
1269	125-129	0.12471143035769217
1269	130-134	0.20190468705008868
1269	135-139	0.20609096405384264
1269	140-144	0.17021786444938414
1269	145-149	0.21773621228326334
1269	150	0.22359021364542997
1270	1	0.11659357733466891
1270	2	0.00929853001441927
1270	3	0.03749800762822986
1270	4	0.17281111732620502
1270	5	0.1040596490590815
1270	6	0.0239333109095341
1270	7	0.025103436170404336
1270	8	0.05552473536240399
1270	9	0.13112617987233222
1270	10-14	0.08725821848311455
1270	15-19	0.06946618829792328
1270	20-24	0.08485705221188766
1270	25-29	0.07936144119697985
1270	30-34	0.04637120053329369
1270	35-39	0.07157656983280702
1270	40-44	0.07171479979466255
1270	45-49	0.09770976272764642
1270	50-54	0.0846838203210254
1270	55-59	0.025483056124187442
1270	60-64	0.09127665455648781
1270	65-69	0.06113969525512175
1270	70-74	0.11105607514997473
1270	75-79	0.12179613321499261
1270	80-84	0.11471812738018627
1270	85-89	0.09973182381681767
1270	90-94	0.1094272893036603
1270	95-99	0.1559006955424067
1270	100-104	0.12024213647726611
1270	105-109	0.15946532807953417
1270	110-114	0.1492012505305098
1270	115-119	0.16305943655046207
1270	120-124	0.13476589422037932
1270	125-129	0.19549940973494984
1270	130-134	0.23723951832597834
1270	135-139	0.23362265985824848
1270	140-144	0.2690123759210721
1270	145-149	0.2477515406353774
1270	150	0.31500999901069804
1271	1	0.07320937133654581
1271	2	-0.009950409768286761
1271	3	0.06338986546393954
1271	4	0.09877711423501268
1271	5	0.05536969314280782
1271	6	0.09112091797815935
1271	7	0.09749410245130719
1271	8	0.038492163659732626
1271	9	-0.012971436256670188
1271	10-14	0.03978688432241739
1271	15-19	0.04952331059789117
1271	20-24	0.03440546055352911
1271	25-29	0.022366538615152365
1271	30-34	0.056061415317714136
1271	35-39	0.07606071796629266
1271	40-44	0.08149285843590803
1271	45-49	0.10127256870597279
1271	50-54	0.0759747348107922
1271	55-59	0.08321657041143027
1271	60-64	0.11618218672084879
1271	65-69	0.1075268287473321
1271	70-74	0.12796071650339513
1271	75-79	0.10596647986988472
1271	80-84	0.15237691252723806
1271	85-89	0.11405427453670569
1271	90-94	0.10392342912290786
1271	95-99	0.14661635173505516
1271	100-104	0.15626898643272824
1271	105-109	0.16802248083457272
1271	110-114	0.179189525326656
1271	115-119	0.24645972663505233
1271	120-124	0.13590934904409124
1271	125-129	0.16498479510585184
1271	130-134	0.18196551782346404
1271	135-139	0.2806240531779238
1271	140-144	0.2812053887654926
1271	145-149	0.30738826869439606
1271	150	0.3498886736058324
1272	1	0.04706768765871061
1272	2	0.025707341823839158
1272	3	0.07874957527582183
1272	4	0.15926098520275644
1272	5	0.07584803293427456
1272	6	0.06235956531524778
1272	7	0.07348161605005998
1272	8	0.0738855800320195
1272	9	0.04638480816631585
1272	10-14	0.08640537984246777
1272	15-19	0.04841539459842892
1272	20-24	0.053356156687208056
1272	25-29	0.05323798918904288
1272	30-34	0.07580878418910686
1272	35-39	0.06568303947125997
1272	40-44	0.09723134686628043
1272	45-49	0.04189539137829712
1272	50-54	0.0338763715500221
1272	55-59	0.0314311617155667
1272	60-64	0.08808365844156896
1272	65-69	0.0952034596803557
1272	70-74	0.0681764934961393
1272	75-79	0.051123339139643065
1272	80-84	0.08919147449474707
1272	85-89	0.026217972907296883
1272	90-94	0.06985489754325158
1272	95-99	0.08742176434247284
1272	100-104	0.15211922907106867
1272	105-109	0.11945936430705473
1272	110-114	0.09866629438629104
1272	115-119	0.1750530048807235
1272	120-124	0.11294748054550752
1272	125-129	0.11155271550580892
1272	130-134	0.17823564091505517
1272	135-139	0.1830055148752905
1272	140-144	0.16737485056065537
1272	145-149	0.1949050761361235
1272	150	0.1729231196936709
1273	1	0.06641319438538318
1273	2	0.03186836289575723
1273	3	0.0612073595264917
1273	4	0.10001015985770323
1273	5	0.06708476545516362
1273	6	0.060308823805058864
1273	7	0.06638969142800022
1273	8	0.03238388038724338
1273	9	0.09427088454170729
1273	10-14	0.06416512258570606
1273	15-19	0.05840268168388718
1273	20-24	0.038428120044642355
1273	25-29	0.05438100412328595
1273	30-34	0.09356991908062895
1273	35-39	0.07633519209966266
1273	40-44	0.09030609757995478
1273	45-49	0.07524338561388788
1273	50-54	0.05024902975773671
1273	55-59	0.04679260012601105
1273	60-64	0.11535041241072008
1273	65-69	0.13206800518218387
1273	70-74	0.12849789616967655
1273	75-79	0.13372982318502125
1273	80-84	0.10678968214208595
1273	85-89	0.09180888630954342
1273	90-94	0.11498811542516307
1273	95-99	0.10075510277525268
1273	100-104	0.17290591523800458
1273	105-109	0.17492920670362366
1273	110-114	0.13818012866863683
1273	115-119	0.1440031261965018
1273	120-124	0.14394320313166276
1273	125-129	0.18316887727650055
1273	130-134	0.2669518966175133
1273	135-139	0.27243857396051396
1273	140-144	0.28940567364155356
1273	145-149	0.2798889975883583
1273	150	0.35412536977246134
1274	1	0.09770567181852385
1274	2	0.043534056205416505
1274	3	0.04100316747555155
1274	4	0.09584772786436702
1274	5	0.08913614958024141
1274	6	0.0885174514743241
1274	7	0.013812823789727702
1274	8	0.053210298513278076
1274	9	0.05436362721463439
1274	10-14	0.09510719149406555
1274	15-19	0.027045928468290015
1274	20-24	0.033268206232357045
1274	25-29	0.07332819684378933
1274	30-34	0.06898062060868426
1274	35-39	0.06986675947441512
1274	40-44	0.11084459594101759
1274	45-49	0.055374222286481256
1274	50-54	0.030856716312442245
1274	55-59	0.05557266060340993
1274	60-64	0.06204316580578251
1274	65-69	0.08782731300368596
1274	70-74	0.11440174750765664
1274	75-79	0.06368475219268532
1274	80-84	0.04949186189146815
1274	85-89	-5.942142887960244E-4
1274	90-94	0.04046900511910678
1274	95-99	0.1268761838250967
1274	100-104	0.12004103278037803
1274	105-109	0.1243921303563198
1274	110-114	0.1242579485618478
1274	115-119	0.171756823527339
1274	120-124	0.0870586793941115
1274	125-129	0.1425785210392405
1274	130-134	0.195662639627308
1274	135-139	0.184928056191616
1274	140-144	0.16167167158153717
1274	145-149	0.15231286186893556
1274	150	0.1589172899967295
1275	1	0.12514939676455583
1275	2	0.0601853050490746
1275	3	0.0770808733034869
1275	4	0.1306920078520335
1275	5	0.11380466638566844
1275	6	0.04318905184435806
1275	7	0.0878183742060088
1275	8	0.023299721886701263
1275	9	0.10215887852514527
1275	10-14	0.09140691397324474
1275	15-19	0.050296005557399326
1275	20-24	0.06885254172418342
1275	25-29	0.0479196245342024
1275	30-34	0.06077833877088068
1275	35-39	0.10797961793879551
1275	40-44	0.12139038687534054
1275	45-49	0.1121734822309719
1275	50-54	0.04929643262449446
1275	55-59	0.07173053911097327
1275	60-64	0.10330126016285135
1275	65-69	0.10484858959943466
1275	70-74	0.0845528421730819
1275	75-79	0.10839643890252404
1275	80-84	0.09864388162627336
1275	85-89	0.03221491306242541
1275	90-94	0.0637190822082232
1275	95-99	0.1301447623018177
1275	100-104	0.09950449253985738
1275	105-109	0.10644578438036945
1275	110-114	0.16742785297134333
1275	115-119	0.16022429192079812
1275	120-124	0.1154891450123614
1275	125-129	0.16761706559674394
1275	130-134	0.21453405498346
1275	135-139	0.21779885483484662
1275	140-144	0.18399667929044483
1275	145-149	0.22730515295742748
1275	150	0.2014704814860906
1276	1	0.1500326677461601
1276	2	0.11936987742011951
1276	3	0.04149844399798752
1276	4	0.1060814353175914
1276	5	0.10819047347230537
1276	6	0.08057505585616553
1276	7	0.01404488537908577
1276	8	0.09895298545551157
1276	9	0.06356021756888453
1276	10-14	0.07499444104689701
1276	15-19	0.01309271092770814
1276	20-24	0.050607730593348776
1276	25-29	0.07478909425260838
1276	30-34	0.07144880946470522
1276	35-39	0.06899348904806857
1276	40-44	0.09831851449915519
1276	45-49	0.07812443283234671
1276	50-54	0.014317780725939144
1276	55-59	0.004734159110540759
1276	60-64	0.11272562555809884
1276	65-69	0.11947204501356623
1276	70-74	0.09219267575826962
1276	75-79	0.07088843896568164
1276	80-84	0.12540454698772407
1276	85-89	0.07208703925537208
1276	90-94	0.1131093088495092
1276	95-99	0.13700606576625063
1276	100-104	0.15485458618244508
1276	105-109	0.15145943566179199
1276	110-114	0.14117020267981673
1276	115-119	0.142545551744945
1276	120-124	0.11579429604466895
1276	125-129	0.1375157755021661
1276	130-134	0.2173849131158221
1276	135-139	0.2207315367266247
1276	140-144	0.21861073749049353
1276	145-149	0.18007985135916016
1276	150	0.22217043215758991
1277	1	0.09068610873649163
1277	2	0.11120967699071826
1277	3	0.10057981130027827
1277	4	0.14183673524872376
1277	5	0.11260349659783486
1277	6	0.029120757467921976
1277	7	-0.015951959280243955
1277	8	-0.022248721977291552
1277	9	0.04732244925209983
1277	10-14	0.043731385348088736
1277	15-19	0.011671800777172336
1277	20-24	0.0029329423339063965
1277	25-29	0.019388362314955998
1277	30-34	0.04224181629731305
1277	35-39	0.07308937188876996
1277	40-44	0.016447054203759137
1277	45-49	0.03850129502881572
1277	50-54	0.01759887069275834
1277	55-59	0.005717078883556326
1277	60-64	0.08904109215490053
1277	65-69	0.08289494929014296
1277	70-74	0.10590375510249572
1277	75-79	0.08145259250936476
1277	80-84	0.065139781235942
1277	85-89	0.04703762852512483
1277	90-94	0.025972004528185266
1277	95-99	0.10714364113083974
1277	100-104	0.1213456689632153
1277	105-109	0.16406419604008704
1277	110-114	0.14638362431783492
1277	115-119	0.16177916666303815
1277	120-124	0.1009959733431387
1277	125-129	0.11530623297397113
1277	130-134	0.15839746452040515
1277	135-139	0.19124766768622692
1277	140-144	0.2091598110690569
1277	145-149	0.18230591707908417
1277	150	0.2769692163505084
1278	1	0.09854663539135089
1278	2	0.10272186437877906
1278	3	0.015519863848581394
1278	4	0.09617214947865449
1278	5	0.0800359957233141
1278	6	0.07314026386101347
1278	7	0.029499974378531135
1278	8	-0.014585597293418573
1278	9	-0.0077930214581201085
1278	10-14	0.04431913425410272
1278	15-19	0.004314132154412675
1278	20-24	3.461124967216733E-4
1278	25-29	0.018564524239920388
1278	30-34	0.0074892583223515885
1278	35-39	0.045555361597152455
1278	40-44	0.04693476643861061
1278	45-49	0.07189623168950732
1278	50-54	5.083547833422131E-4
1278	55-59	-0.005429583887625711
1278	60-64	0.051737974181087054
1278	65-69	0.07101337139825148
1278	70-74	0.03440117294213252
1278	75-79	0.024617699168508977
1278	80-84	0.05926280208760204
1278	85-89	0.02788055335473416
1278	90-94	0.06345395046309221
1278	95-99	0.07816771354813312
1278	100-104	0.08046811640016216
1278	105-109	0.12753203639784516
1278	110-114	0.1334737148285967
1278	115-119	0.129691275619102
1278	120-124	0.12618460648344154
1278	125-129	0.10534355710220211
1278	130-134	0.17594060270560874
1278	135-139	0.17085585050546825
1278	140-144	0.1396005878101647
1278	145-149	0.1792634243808564
1278	150	0.16078680144310198
1279	1	0.00474668284298474
1279	2	0.07151591415022551
1279	3	0.052210664827207154
1279	4	0.0070740574664540645
1279	5	-0.016982523605960864
1279	6	0.034189679137192286
1279	7	0.01765054403713151
1279	8	-0.03420289087164008
1279	9	-0.026106828947099814
1279	10-14	-0.00847526423524414
1279	15-19	-0.050960426791050395
1279	20-24	-0.016243376755831207
1279	25-29	5.87600417375711E-4
1279	30-34	0.022192000212406526
1279	35-39	0.018091016759505862
1279	40-44	0.010655850240070208
1279	45-49	0.029904498062570894
1279	50-54	-0.01250591569365156
1279	55-59	-0.02869025300157091
1279	60-64	0.05007741549448497
1279	65-69	0.049361373888977766
1279	70-74	0.01985011569026085
1279	75-79	-0.007484861365306017
1279	80-84	0.016945770487524214
1279	85-89	-0.015740614356971605
1279	90-94	-1.1273051896409925E-5
1279	95-99	0.09582849706600882
1279	100-104	0.06949015579190387
1279	105-109	0.10933779479331207
1279	110-114	0.08849642833179416
1279	115-119	0.06708457874424312
1279	120-124	0.012967720201608302
1279	125-129	0.06055129756890665
1279	130-134	0.16287819233461676
1279	135-139	0.14216061178570527
1279	140-144	0.12902762939190637
1279	145-149	0.1670638231504853
1279	150	0.16002914298437076
1280	1	0.1141567895892166
1280	2	0.022835235146359878
1280	3	0.05724928689396336
1280	4	-0.026725826031160693
1280	5	0.014675079082280718
1280	6	0.08205055512934223
1280	7	0.07642121022651338
1280	8	0.0017496995687906747
1280	9	-0.031526101423096975
1280	10-14	0.004829524661623452
1280	15-19	-0.01623964540254974
1280	20-24	0.008054611405874823
1280	25-29	0.009563516628332991
1280	30-34	0.018094761458009145
1280	35-39	0.041267828729786515
1280	40-44	0.011161112251706129
1280	45-49	0.03604064444393629
1280	50-54	-0.019500441780515132
1280	55-59	0.034214008255709416
1280	60-64	0.052341990987713416
1280	65-69	0.041772944348494434
1280	70-74	0.05004554970027897
1280	75-79	0.05454995690043063
1280	80-84	0.04575012660331623
1280	85-89	0.004646299455394853
1280	90-94	0.06619480951574985
1280	95-99	0.0737166180894846
1280	100-104	0.11783609798903427
1280	105-109	0.03194171003811874
1280	110-114	0.04348957121828789
1280	115-119	0.0958038460264774
1280	120-124	0.1027192364799916
1280	125-129	0.08671303431560062
1280	130-134	0.1651618051752166
1280	135-139	0.16635503368846116
1280	140-144	0.12266540968354889
1280	145-149	0.15791985311441437
1280	150	0.12237747894450735
1281	1	0.024859096522845903
1281	2	0.07821413206071526
1281	3	-0.09488033326636724
1281	4	0.05459540919456174
1281	5	-0.02956141950782154
1281	6	0.02870253442835491
1281	7	0.015921909060942596
1281	8	-0.0017784657601964682
1281	9	-0.011695843943485329
1281	10-14	-0.0010639116104016466
1281	15-19	-0.039014406164668
1281	20-24	-0.009303060663683027
1281	25-29	-0.012958018970046226
1281	30-34	0.01768539875226338
1281	35-39	0.023032824299114907
1281	40-44	-0.02015111911305212
1281	45-49	-0.003932376714459451
1281	50-54	-0.03104473971720978
1281	55-59	-0.028997043978819192
1281	60-64	-0.041482824115369965
1281	65-69	-0.021814055193310367
1281	70-74	0.020341610130714116
1281	75-79	-0.01856792318817213
1281	80-84	-0.01800961225197284
1281	85-89	-0.02321838724779468
1281	90-94	-0.034285139608101645
1281	95-99	0.039435866726428515
1281	100-104	0.05006073343859185
1281	105-109	0.0823491949333004
1281	110-114	0.03043622618282882
1281	115-119	0.024201387962804688
1281	120-124	-0.026714953192744417
1281	125-129	0.006244248053391743
1281	130-134	0.03921953427243352
1281	135-139	0.1141005920886542
1281	140-144	0.03525475254036081
1281	145-149	0.09224673120907312
1281	150	0.13359205260350393
1282	1	-0.018467302163251986
1282	2	0.014412446138656776
1282	3	-0.042585119869116284
1282	4	0.04217187960593094
1282	5	-0.057602891313216276
1282	6	-0.06112559380765248
1282	7	0.0013888807916941914
1282	8	0.009423108119136714
1282	9	0.008937711107741109
1282	10-14	-0.01477261729914403
1282	15-19	-0.03445599433027269
1282	20-24	-0.05965792847475626
1282	25-29	-0.02998973681358308
1282	30-34	-0.034606624713688916
1282	35-39	1.5570671718734275E-4
1282	40-44	0.011879096764346286
1282	45-49	-0.023023084386743164
1282	50-54	-0.060602363706038886
1282	55-59	-0.05543973377901068
1282	60-64	0.014539289143783662
1282	65-69	-0.02008462092617691
1282	70-74	-0.036366299809913016
1282	75-79	-0.008540754803455286
1282	80-84	0.009140346033163382
1282	85-89	-0.04769257140358718
1282	90-94	-0.022975291172244283
1282	95-99	0.025244903175398292
1282	100-104	0.0027239068574189673
1282	105-109	0.004936346795901159
1282	110-114	0.029609812318049933
1282	115-119	0.06284507350342494
1282	120-124	0.020577580565834808
1282	125-129	-0.006155930467116377
1282	130-134	0.051136057528722745
1282	135-139	0.08224268068799034
1282	140-144	0.06956946036915923
1282	145-149	0.0964893302070493
1282	150	0.052614779081160634
1283	1	0.0015885357794829247
1283	2	0.02255029094471439
1283	3	0.011305532254752393
1283	4	0.009533154765023255
1283	5	0.05343279762774955
1283	6	-0.055968291425600114
1283	7	0.003880717489188612
1283	8	-0.014626969068743279
1283	9	-0.030219246768517394
1283	10-14	0.02575428101044963
1283	15-19	-0.029292781996048234
1283	20-24	-0.03218027216189512
1283	25-29	-0.01459180063744725
1283	30-34	-0.03588385035810404
1283	35-39	-0.011853470608052419
1283	40-44	-0.0086707436512512
1283	45-49	0.0036602434522734484
1283	50-54	-0.04064994026955304
1283	55-59	-0.01110564814191406
1283	60-64	-2.0476756446896616E-5
1283	65-69	-6.673378649395545E-4
1283	70-74	-0.0101315875561383
1283	75-79	0.00802443555410548
1283	80-84	-8.998998237430555E-4
1283	85-89	-0.0036887960836438083
1283	90-94	0.02513937735077576
1283	95-99	0.04941895416394004
1283	100-104	0.05340795605825832
1283	105-109	0.0726849483426193
1283	110-114	0.06583047998572766
1283	115-119	0.02188037520732422
1283	120-124	0.02382079235928103
1283	125-129	0.05036757637972755
1283	130-134	0.10446594017102484
1283	135-139	0.08725502507645189
1283	140-144	0.10047037922428359
1283	145-149	0.06949978572843918
1283	150	0.03746666392255804
1284	1	0.11517672204510632
1284	2	0.059368511323221185
1284	3	0.09199484213757358
1284	4	0.034293448032812535
1284	5	0.07914027293485759
1284	6	-0.038632683175613636
1284	7	-0.014535633045881013
1284	8	0.022887386425232137
1284	9	-0.03301783350128318
1284	10-14	0.017905446881094633
1284	15-19	-0.04350296464945558
1284	20-24	0.005315499777829302
1284	25-29	-0.0096031058340742
1284	30-34	0.02691103173105347
1284	35-39	0.05516524580654192
1284	40-44	0.026516680543828386
1284	45-49	0.0539343279497686
1284	50-54	-0.03211494339436172
1284	55-59	-0.0775395956134517
1284	60-64	0.01620400871743044
1284	65-69	-0.002984538139060078
1284	70-74	0.02818817435233001
1284	75-79	0.010997389121641277
1284	80-84	-0.007111556611548053
1284	85-89	-0.0558044287504984
1284	90-94	-0.01845340291426112
1284	95-99	0.014334497340115604
1284	100-104	0.01814765536911267
1284	105-109	0.015854981709743754
1284	110-114	0.036935466568763786
1284	115-119	0.07339652654840734
1284	120-124	0.027142025868037933
1284	125-129	-0.01382775270423764
1284	130-134	0.05429657038159519
1284	135-139	0.10478078411508562
1284	140-144	0.07832041404431322
1284	145-149	0.06500235321540515
1284	150	0.08369120369902561
1285	1	0.06915045612051784
1285	2	-0.08246223174005962
1285	3	0.010199261933450998
1285	4	0.042962799687579434
1285	5	-0.13364586337130646
1285	6	-0.10929415120227048
1285	7	-0.04288196550313472
1285	8	-0.07468280534654781
1285	9	-0.11186233530777656
1285	10-14	-0.0410016084995064
1285	15-19	-0.08720012562464063
1285	20-24	-0.03905662194902959
1285	25-29	-0.03803476025301222
1285	30-34	-0.06552423747768188
1285	35-39	-0.012459244971267935
1285	40-44	-0.02717589920735719
1285	45-49	0.0011744920373431
1285	50-54	-0.08755500806945093
1285	55-59	-0.05706307476498296
1285	60-64	-0.023470241955358517
1285	65-69	-0.024182661257817983
1285	70-74	-0.007560025770359857
1285	75-79	-0.03965005039383129
1285	80-84	-0.06877173074710896
1285	85-89	-0.02285855605978071
1285	90-94	-0.06893942873886516
1285	95-99	0.016637930705371673
1285	100-104	0.01921576633641564
1285	105-109	0.03987071983304702
1285	110-114	0.011393509501310461
1285	115-119	-0.004972762506639583
1285	120-124	-0.06506098761538937
1285	125-129	-0.030559222093074823
1285	130-134	0.034040882845729925
1285	135-139	0.00806337929302714
1285	140-144	0.043893435170801354
1285	145-149	0.016780445734497107
1285	150	0.039607324826498314
1286	1	0.036726357457339986
1286	2	-0.05774766211990112
1286	3	-0.06563107525893486
1286	4	-0.05056549984077918
1286	5	-0.08994683694150751
1286	6	-0.07177882828725757
1286	7	-0.11020056074079321
1286	8	-0.0691750211436215
1286	9	-0.04457558363608172
1286	10-14	-0.07456063490769793
1286	15-19	-0.10006117997087927
1286	20-24	-0.0767571562653444
1286	25-29	-0.0611252359649157
1286	30-34	-0.0644024217892607
1286	35-39	-0.07000261471937819
1286	40-44	-0.032517405242323605
1286	45-49	-0.05639173015222099
1286	50-54	-0.12804227226406084
1286	55-59	-0.08460787459179642
1286	60-64	-0.025397339641251904
1286	65-69	-0.07320175334876211
1286	70-74	-0.07691859765125741
1286	75-79	-0.06750634081291906
1286	80-84	-0.08018434951658548
1286	85-89	-0.06284770619318891
1286	90-94	-0.101238631460987
1286	95-99	-0.05646913319897351
1286	100-104	-0.036736577821933736
1286	105-109	-0.05463150291269869
1286	110-114	-0.05768089097331597
1286	115-119	-0.023495631698374098
1286	120-124	-0.07773657120095834
1286	125-129	-0.09342726833541093
1286	130-134	-0.05063424253831528
1286	135-139	3.0833268218799503E-4
1286	140-144	-0.012210951208366794
1286	145-149	-0.03033163461215338
1286	150	-0.0468607806362229
1287	1	0.04729448443378459
1287	2	-0.08530154876370233
1287	3	-0.051311639646691276
1287	4	-0.012049626884888198
1287	5	-0.04428204276216263
1287	6	-0.0013161551325637788
1287	7	-0.06867747962643023
1287	8	-1.2112587434387478E-5
1287	9	-0.051097295383875974
1287	10-14	-0.019323273837215993
1287	15-19	-0.09206854180070678
1287	20-24	-0.06659400190696374
1287	25-29	-0.028808760775632436
1287	30-34	-0.07821027212846587
1287	35-39	-0.06116476247635916
1287	40-44	-0.0433280954426607
1287	45-49	-0.10035201744208422
1287	50-54	-0.14690626303369925
1287	55-59	-0.11203737020783677
1287	60-64	-3.1445967442067513E-4
1287	65-69	-0.06522921121779035
1287	70-74	-0.07092295299271001
1287	75-79	-0.06577425225358269
1287	80-84	-0.11363688432026464
1287	85-89	-0.15351350625414995
1287	90-94	-0.13404003156182398
1287	95-99	-0.04921584500974774
1287	100-104	-0.045749795358325684
1287	105-109	-0.07705796288958311
1287	110-114	-0.06391927160107969
1287	115-119	-0.04361671897183328
1287	120-124	-0.07106174951552191
1287	125-129	-0.07965344882475733
1287	130-134	0.02779671169604825
1287	135-139	-0.01334721386421478
1287	140-144	-0.030230764377101593
1287	145-149	-0.022593666233902354
1287	150	-0.09343968548125758
1288	1	0.06402975784658338
1288	2	-0.06355431817515012
1288	3	-0.06903110026983228
1288	4	-0.050830421086807576
1288	5	-0.05748487839403538
1288	6	-0.03188766211169991
1288	7	-0.02180500976652411
1288	8	-0.13845933311935
1288	9	-0.08900537768469974
1288	10-14	-0.05848397043858711
1288	15-19	-0.08740802161668881
1288	20-24	-0.09217860808719536
1288	25-29	-0.07626294766211572
1288	30-34	-0.06374329967173509
1288	35-39	-0.013853345802459671
1288	40-44	-0.045965594441263136
1288	45-49	-0.10695633293425288
1288	50-54	-0.09897140279544203
1288	55-59	-0.10126063957071096
1288	60-64	-0.06965701102721056
1288	65-69	-0.05068908095872615
1288	70-74	-0.05037645125495516
1288	75-79	-0.12209866926669122
1288	80-84	-0.11901660774559275
1288	85-89	-0.11692959381169743
1288	90-94	-0.10047907723772909
1288	95-99	-0.03929849696303478
1288	100-104	-0.06533835942338584
1288	105-109	-0.07392874527921123
1288	110-114	-0.08496843493968242
1288	115-119	-0.09150419368108942
1288	120-124	-0.11678336464616024
1288	125-129	-0.10698402425213516
1288	130-134	-0.0016109180559311653
1288	135-139	-0.006682285803293553
1288	140-144	-0.028848879626210078
1288	145-149	-0.009195799946326133
1288	150	-0.05875637592591687
1301	1	-0.9842365876800372
1301	2	-0.04557190919469889
1301	3	-1.0813075387693587
1301	4	-0.5382091871348536
1301	5	-0.3666237499595155
1301	6	-0.987785384741322
1301	7	-0.3847541936550414
1301	8	-0.2735087585797302
1301	9	-0.39549556069152203
1301	10-14	-0.4849434731016089
1301	15-19	-0.44714566166744163
1301	20-24	-0.3999870423144074
1301	25-29	-0.5769488110485668
1301	30-34	-0.5427219596288637
1301	35-39	-0.7200537859363578
1301	40-44	-0.5408973163397164
1301	45-49	-0.30582445763408117
1301	50-54	-0.6446924267160767
1301	55-59	-0.5971326996697712
1301	60-64	-0.7146630682446187
1301	65-69	-0.5228297517686684
1301	70-74	-0.24862480433696987
1301	75-79	-0.3703136897322068
1301	80-84	-0.4042983579588437
1301	85-89	-0.7930115418701575
1301	90-94	-0.7977498169350739
1301	95-99	-0.8858402917631523
1301	100-104	-0.9794961911546025
1301	105-109	-0.6690791004687
1301	110-114	-0.686684240334543
1301	115-119	-0.5182497116986227
1301	120-124	-0.43199249993357824
1301	125-129	-0.7568003006046098
1301	130-134	-0.9578389561626324
1301	135-139	-0.6294519753440255
1301	140-144	-0.5348486072306358
1301	145-149	-0.7141862302596493
1301	150	-0.4549564576445846
1302	1	-0.9845056178740634
1302	2	-0.21554976248630453
1302	3	-0.4459559217696807
1302	4	-0.7035947550633779
1302	5	-1.6432650153719521
1302	6	-1.0739446170753268
1302	7	-0.21103821098939335
1302	8	-0.35194288058863066
1302	9	-0.2527898386091749
1302	10-14	-0.5772655580190715
1302	15-19	-0.4161847061552848
1302	20-24	-0.6879481656390851
1302	25-29	-0.5005373221987952
1302	30-34	-0.6788435125882089
1302	35-39	-0.8160352332939169
1302	40-44	-0.6225294083256401
1302	45-49	-0.32770648532433455
1302	50-54	-0.5433446141160303
1302	55-59	-0.5435797861966591
1302	60-64	-0.7056827505650176
1302	65-69	-0.542058253453888
1302	70-74	-0.27449411592803585
1302	75-79	-0.46754399331922514
1302	80-84	-0.6318610828922715
1302	85-89	-0.4171037286122825
1302	90-94	-1.1559776994126452
1302	95-99	-1.0136261175451935
1302	100-104	-0.9318102132809685
1302	105-109	-1.038158870058112
1302	110-114	-0.5021715398697282
1302	115-119	-0.6651849043643807
1302	120-124	-0.7703573957616072
1302	125-129	-0.6032380065090024
1302	130-134	-0.8856931079320134
1302	135-139	-0.6248650565192975
1302	140-144	-0.5907383343886892
1302	145-149	-0.8196628908489245
1302	150	-0.30277452160744645
1303	1	-0.6049854409572504
1303	2	-0.17646116976854387
1303	3	-0.4506136713126736
1303	4	-0.9302849729512488
1303	5	-0.7952897513847859
1303	6	-0.41927995466534895
1303	7	-0.7171191785190771
1303	8	-0.8491696267886937
1303	9	-0.2840497464127836
1303	10-14	-0.48519155988631724
1303	15-19	-0.3176968382916172
1303	20-24	-0.5061748213474146
1303	25-29	-0.25569788147711847
1303	30-34	-0.6780643305940117
1303	35-39	-0.4483872097494128
1303	40-44	-0.7021735457652696
1303	45-49	-0.48212467280347937
1303	50-54	-0.5209804486655969
1303	55-59	-0.6536938583617271
1303	60-64	-0.4933968002057654
1303	65-69	-0.4631347632251348
1303	70-74	-0.32948855824591305
1303	75-79	-0.7032357280938868
1303	80-84	-0.756233934672295
1303	85-89	-0.5907086605649141
1303	90-94	-0.9476415213231775
1303	95-99	-0.5571366335386756
1303	100-104	-0.6453952019958038
1303	105-109	-0.6373612610555597
1303	110-114	-0.3568397189679757
1303	115-119	-0.6215411486114206
1303	120-124	-1.0957616396265237
1303	125-129	-0.698488143835128
1303	130-134	-0.8365055177004805
1303	135-139	-0.7264608880276384
1303	140-144	-0.4541662005389284
1303	145-149	-0.6700952024875448
1303	150	-0.6352793151493614
1304	1	-0.7258843592456827
1304	2	-0.5216915552646455
1304	3	-1.505024347223511
1304	4	-0.23087178043338952
1304	5	-1.110378399511589
1304	6	-0.1016751289640041
1304	7	-0.679429337881281
1304	8	-0.3370138994892571
1304	9	-0.2930605738353833
1304	10-14	-0.5799240351110484
1304	15-19	-0.5591889028198267
1304	20-24	-0.41743822678912323
1304	25-29	-0.3416250665018481
1304	30-34	-0.29818559154296764
1304	35-39	-0.48509437117128584
1304	40-44	-0.6110375854263097
1304	45-49	-0.4317127394480451
1304	50-54	-0.5144446570166039
1304	55-59	-0.504251720568476
1304	60-64	-0.3627599010779008
1304	65-69	-0.5350291584921862
1304	70-74	-0.575312278942036
1304	75-79	-0.5143312165819154
1304	80-84	-0.5099293101277311
1304	85-89	-0.36314133488504297
1304	90-94	-0.8350768239086648
1304	95-99	-0.45139318659441585
1304	100-104	-0.34505790794099767
1304	105-109	-0.3537483238058243
1304	110-114	-0.33735233378279617
1304	115-119	-0.4834739887012276
1304	120-124	-0.7271405942640357
1304	125-129	-0.37339817298654765
1304	130-134	-0.6286586854473697
1304	135-139	-0.6161928736735334
1304	140-144	-0.2149993778368966
1304	145-149	-0.7297145678215813
1304	150	-0.3542773791656657
1305	1	-0.6290035967804997
1305	2	-0.5031102460580357
1305	3	-0.7275057225962769
1305	4	-0.49658539392958545
1305	5	-0.6421574792838598
1305	6	-0.3647514391856106
1305	7	-0.9764693153219355
1305	8	-0.3274157718471784
1305	9	-0.3019736821244976
1305	10-14	-0.30349863851754577
1305	15-19	-0.37437688181313433
1305	20-24	-0.41307915943470164
1305	25-29	-0.25818406098007074
1305	30-34	-0.31891972164483207
1305	35-39	-0.12269717716004891
1305	40-44	-0.3840388620339823
1305	45-49	-0.3139456392330686
1305	50-54	-0.4225947310394673
1305	55-59	-0.43311596442687517
1305	60-64	-0.55013715605714
1305	65-69	-0.397653347447104
1305	70-74	-0.4889787335485778
1305	75-79	-0.2792101087276748
1305	80-84	-0.3605072660095985
1305	85-89	-0.4467647432661508
1305	90-94	-0.5155528380388361
1305	95-99	-0.42134117948346983
1305	100-104	-0.2565611368325946
1305	105-109	-0.3441094687267068
1305	110-114	-0.3260369437379609
1305	115-119	-0.37240648817672906
1305	120-124	-0.3832040560197427
1305	125-129	-0.42632935933134064
1305	130-134	-0.46622021190661656
1305	135-139	-0.5919581800126537
1305	140-144	-0.3290558220725899
1305	145-149	-0.4799255945522063
1305	150	-0.488749905770149
1306	1	-0.3979134041447381
1306	2	-0.1290005660767335
1306	3	-0.550969307465472
1306	4	-0.8242442375068393
1306	5	-0.6203813723090335
1306	6	-0.8282013546114371
1306	7	-0.5274867692381591
1306	8	-0.6073850774665104
1306	9	-0.13956793349230878
1306	10-14	-0.30119231317031847
1306	15-19	-0.323760944202661
1306	20-24	-0.4140044578560733
1306	25-29	-0.14551493228964318
1306	30-34	-0.24039405437078898
1306	35-39	-0.22109230733170904
1306	40-44	-0.18841525449842322
1306	45-49	-0.1863468275392961
1306	50-54	-0.14254621479170027
1306	55-59	-0.3238130095684397
1306	60-64	-0.26219474597991876
1306	65-69	-0.20663712667491296
1306	70-74	-0.4486857318191326
1306	75-79	-0.34670793473462425
1306	80-84	-0.4256166828992036
1306	85-89	-0.3544237525209155
1306	90-94	-0.4915551424242821
1306	95-99	-0.2012416135900068
1306	100-104	-0.14685179495925382
1306	105-109	-0.1547802644684637
1306	110-114	-0.3020758020353469
1306	115-119	-0.292478287357973
1306	120-124	-0.31526633524527625
1306	125-129	-0.3545646348210596
1306	130-134	-0.22017037799831485
1306	135-139	-0.3200356214569311
1306	140-144	-0.4169861209139185
1306	145-149	-0.43780512791624915
1306	150	-0.25953475265319526
1307	1	-0.49080494867243374
1307	2	-0.16683419975834823
1307	3	-0.5738002575070169
1307	4	-0.779150380150611
1307	5	-1.039073361866194
1307	6	-0.4369534153694019
1307	7	-0.08130401481756877
1307	8	-0.27894451364302597
1307	9	-0.3803017526054404
1307	10-14	-0.2922572570538904
1307	15-19	-0.1880598579786863
1307	20-24	-0.25344459815834597
1307	25-29	-0.27535600548197436
1307	30-34	-0.1452408149434845
1307	35-39	-0.23893433933113073
1307	40-44	-0.21915605401147786
1307	45-49	-0.2366377427751658
1307	50-54	-0.19663502795528842
1307	55-59	-0.20583348640397503
1307	60-64	-0.17998994497076382
1307	65-69	-0.20640351272980695
1307	70-74	-0.35666536468810506
1307	75-79	-0.3105540985250954
1307	80-84	-0.5079480612776237
1307	85-89	-0.22684155178360754
1307	90-94	-0.39271650111821543
1307	95-99	-0.20522675084399822
1307	100-104	-0.11942111520283305
1307	105-109	-0.21392251016504105
1307	110-114	-0.22948205322478543
1307	115-119	-0.2809999099360496
1307	120-124	-0.0832999252201958
1307	125-129	-0.15510019883330983
1307	130-134	-0.07814424494260663
1307	135-139	-0.1852994301512254
1307	140-144	-0.28642166753311216
1307	145-149	-0.223426637169041
1307	150	-0.40384541768758453
1308	1	-0.23865810195447779
1308	2	-0.043069404033616365
1308	3	-0.6591333453708188
1308	4	-0.19285628828774293
1308	5	-0.355980265445794
1308	6	-0.3431511163874035
1308	7	-0.09615635582699866
1308	8	-0.28878542408092045
1308	9	-0.27493364845136625
1308	10-14	-0.1012421693346468
1308	15-19	-0.06323852901216753
1308	20-24	-0.12310151606810393
1308	25-29	-0.10552753039126372
1308	30-34	-0.10853711628827512
1308	35-39	-0.20280476891458932
1308	40-44	-0.21037587725395213
1308	45-49	-0.12967945502554556
1308	50-54	-0.20130554683392177
1308	55-59	-0.06238979986548543
1308	60-64	-0.08838025443602504
1308	65-69	-0.10317501978211396
1308	70-74	-0.17796981498618436
1308	75-79	-0.21149405935139498
1308	80-84	-0.12418381160991032
1308	85-89	-0.15101921988553357
1308	90-94	-0.1031712032044112
1308	95-99	-0.1627129133443148
1308	100-104	-0.06787056684326132
1308	105-109	-0.11985622898594528
1308	110-114	-0.03452732293929728
1308	115-119	-0.04980509671955957
1308	120-124	-0.06426609883221346
1308	125-129	-0.16764833291397707
1308	130-134	0.009984214304239458
1308	135-139	-0.12204283319595532
1308	140-144	-0.15254035112999986
1308	145-149	0.008179460453959564
1308	150	-0.3692429218382074
1309	1	-0.13117192292850177
1309	2	-0.11149086661841068
1309	3	-0.06332916967072322
1309	4	-0.4452820554802699
1309	5	-0.3719099248193487
1309	6	-0.026601230939654386
1309	7	-0.017889477004615628
1309	8	-0.14869535127647282
1309	9	-0.03142759451897348
1309	10-14	-0.06680815188099132
1309	15-19	-0.06472123851862221
1309	20-24	-0.0022993651051734787
1309	25-29	-0.10763666018196716
1309	30-34	-0.12299793265264469
1309	35-39	-0.18795660490105348
1309	40-44	-0.12673281013815085
1309	45-49	-0.07169076912226302
1309	50-54	-0.07625705790244552
1309	55-59	-0.07676061098015197
1309	60-64	-0.07236321073311558
1309	65-69	-0.19469921475004526
1309	70-74	-0.17006673438636
1309	75-79	-0.19475581556969246
1309	80-84	-0.08340962525774387
1309	85-89	-0.10935451488803238
1309	90-94	-0.15521395539327187
1309	95-99	-0.17377267919199824
1309	100-104	-0.15497758656448468
1309	105-109	-0.222150395246409
1309	110-114	-0.11944284689188578
1309	115-119	-0.003149199360485966
1309	120-124	-0.11162839010174963
1309	125-129	-0.12024126758822007
1309	130-134	-0.059054647722611264
1309	135-139	-0.020024991178985374
1309	140-144	-0.09267085010726817
1309	145-149	0.008501843817356303
1309	150	-0.18651728097555775
1310	1	-0.26775768243903286
1310	2	-0.08126954893494087
1310	3	0.06180066150715646
1310	4	-0.11019582452112076
1310	5	-0.10831704760388305
1310	6	-0.2567954742145986
1310	7	0.04239125561437618
1310	8	-0.059043164543503224
1310	9	-0.07519434753292842
1310	10-14	-0.026113896183943552
1310	15-19	-0.034460376491701084
1310	20-24	-8.722785121051402E-5
1310	25-29	-0.10135074571851277
1310	30-34	-0.096299213000826
1310	35-39	-0.08988327025595311
1310	40-44	-0.03172694858911029
1310	45-49	-0.05608004172608361
1310	50-54	0.0026960857759377177
1310	55-59	-0.07764775346285546
1310	60-64	-0.012793712455689388
1310	65-69	-0.14178283200681108
1310	70-74	-0.10613320190827835
1310	75-79	-0.06835783681675878
1310	80-84	-0.013109740439766426
1310	85-89	-0.07459246447933765
1310	90-94	-0.10540517910140323
1310	95-99	-0.09552555433132426
1310	100-104	-0.1137371507390057
1310	105-109	-0.15846275760107886
1310	110-114	-0.1208620432868841
1310	115-119	-0.0752901741645502
1310	120-124	-0.08108136899526386
1310	125-129	-0.14391369463148607
1310	130-134	-0.10657068778679246
1310	135-139	-0.033310269534794656
1310	140-144	0.0425325438697044
1310	145-149	0.0010363349298572189
1310	150	-0.23221845970156352
1311	1	-0.3010102868544777
1311	2	-0.10473384083167048
1311	3	-0.29469429905651623
1311	4	-0.299853915751946
1311	5	-0.1443805493090764
1311	6	-0.08259143775494948
1311	7	-0.11718057850770691
1311	8	-0.125356334423131
1311	9	-0.315046406873428
1311	10-14	-0.12750932764796374
1311	15-19	-0.14851756582550024
1311	20-24	-0.17445117813215916
1311	25-29	-0.13504165079916675
1311	30-34	-0.1831526070713565
1311	35-39	-0.35768513145022496
1311	40-44	-0.23886025426085666
1311	45-49	-0.15731287711647468
1311	50-54	-0.17338589871115317
1311	55-59	-0.16058107700251867
1311	60-64	-0.2893661880487386
1311	65-69	-0.2444546132472567
1311	70-74	-0.24009094983144763
1311	75-79	-0.34758865143948725
1311	80-84	-0.18172474706390318
1311	85-89	-0.21269988889192604
1311	90-94	-0.338148635282586
1311	95-99	-0.3654518109613889
1311	100-104	-0.2541420738687492
1311	105-109	-0.2888080790205336
1311	110-114	-0.2567790940142487
1311	115-119	-0.2576519200467331
1311	120-124	-0.18049155718002652
1311	125-129	-0.28243622338471397
1311	130-134	-0.37132275585493346
1311	135-139	-0.22938776434411778
1311	140-144	-0.2859792311149221
1311	145-149	-0.2405724862140488
1311	150	-0.07661950553238484
1312	1	-0.050451096394802164
1312	2	-0.10031713329725278
1312	3	0.05067010174249731
1312	4	-0.049644593119985814
1312	5	0.036641662812499476
1312	6	-0.2503126917769336
1312	7	0.007474039149556688
1312	8	-0.15984373320068812
1312	9	-0.2605567354501588
1312	10-14	-0.06619215003471624
1312	15-19	-0.04023317411707694
1312	20-24	0.0021016967646758644
1312	25-29	-0.032820438641714134
1312	30-34	-0.046588129720063876
1312	35-39	-0.08256641561466438
1312	40-44	-0.12210846305718803
1312	45-49	-0.09720797657461588
1312	50-54	-0.08249681578350021
1312	55-59	-0.07576952717775498
1312	60-64	-0.151621729117835
1312	65-69	-0.14962009773945084
1312	70-74	-0.12376258840900789
1312	75-79	-0.18365494092670787
1312	80-84	-0.0932040002007497
1312	85-89	-0.12756687931092614
1312	90-94	-0.07915463985180082
1312	95-99	-0.14027926930618406
1312	100-104	-0.10318277814969434
1312	105-109	-0.16508464804317668
1312	110-114	-0.33591859857749284
1312	115-119	-0.22634383301636518
1312	120-124	-0.1559108005086216
1312	125-129	-0.09351716545617705
1312	130-134	-0.04362040067628925
1312	135-139	-0.21719083361197278
1312	140-144	-0.12106828294319882
1312	145-149	-0.2380049946168583
1312	150	-0.12642334032300084
1313	1	-0.034712463787201386
1313	2	0.07962126699699468
1313	3	0.05828873995879036
1313	4	-0.12442739210202092
1313	5	0.002732700928540055
1313	6	0.08966513964763578
1313	7	0.04743212143274178
1313	8	-0.024667101254827628
1313	9	-0.16025357870915258
1313	10-14	-0.0065159040815387925
1313	15-19	-0.006864915841219954
1313	20-24	-0.001465362640729495
1313	25-29	-0.011174095034533593
1313	30-34	-0.0906704516935477
1313	35-39	-0.04314240442025152
1313	40-44	-0.09457639843932952
1313	45-49	-0.0946928649048644
1313	50-54	-0.06579844838324789
1313	55-59	-0.027444232225896315
1313	60-64	-0.06858228540858846
1313	65-69	-0.06296231546948405
1313	70-74	-0.081553673344402
1313	75-79	-0.024390662987258338
1313	80-84	-0.029469528318990967
1313	85-89	-0.03110392206520629
1313	90-94	-0.060188077359804026
1313	95-99	-0.11703012849845607
1313	100-104	-0.022299676935482182
1313	105-109	-0.08977094094929328
1313	110-114	-0.1740893312550682
1313	115-119	-0.057169096764233984
1313	120-124	0.032877404876913374
1313	125-129	-0.030185676300590103
1313	130-134	0.01789339862567374
1313	135-139	-0.03973027052081335
1313	140-144	-0.013303254855117075
1313	145-149	-0.014830543859893908
1313	150	0.05889757081580882
1314	1	-0.09122216651610415
1314	2	-0.07470202938971937
1314	3	-0.04031076778306186
1314	4	0.04214684902440524
1314	5	-0.1307333593536768
1314	6	0.09735799751059915
1314	7	-0.09921545312302982
1314	8	-0.26244829267773184
1314	9	0.050479875194803014
1314	10-14	-0.0977506186555388
1314	15-19	-0.017637279766603342
1314	20-24	-0.016177314974243018
1314	25-29	-0.050834567261595964
1314	30-34	-0.06854574483076448
1314	35-39	-0.03128039390478676
1314	40-44	-0.12652770672166724
1314	45-49	-0.03620502941272008
1314	50-54	-0.045002648126889255
1314	55-59	-0.010781281620879213
1314	60-64	-0.01236897256689673
1314	65-69	0.006816827440886186
1314	70-74	-0.04549230486870215
1314	75-79	-0.028607288795157615
1314	80-84	-0.03924975992882196
1314	85-89	0.003675671215226828
1314	90-94	0.009792011156832814
1314	95-99	-0.008662691939001377
1314	100-104	-0.09436139789594478
1314	105-109	-0.03947884483422115
1314	110-114	0.0516791697400123
1314	115-119	-0.03621391676388441
1314	120-124	-0.00781464671377563
1314	125-129	-0.08757885620867256
1314	130-134	0.045157401656453544
1314	135-139	-0.045648089333390374
1314	140-144	-0.008445614516013222
1314	145-149	0.0708259968439151
1314	150	0.027968644095295758
1315	1	-0.15809127769537668
1315	2	0.0255372387450592
1315	3	0.06940249357705142
1315	4	-0.15298262297756082
1315	5	-0.10971788147506345
1315	6	0.0785561342206762
1315	7	-0.03061394791782135
1315	8	-0.1286818120325819
1315	9	0.020154292392042805
1315	10-14	-0.10896372152033962
1315	15-19	-0.04341889104043872
1315	20-24	-0.0408291999703323
1315	25-29	0.0217430984916831
1315	30-34	-0.07530134945194789
1315	35-39	-0.03748102334713366
1315	40-44	-0.0444657986235697
1315	45-49	-0.06503366486692386
1315	50-54	-0.028881407876063747
1315	55-59	-0.05807132413764293
1315	60-64	-0.054861236311879225
1315	65-69	-0.03728811085332495
1315	70-74	-0.03558969346624963
1315	75-79	-0.04118581840278068
1315	80-84	-0.10769474643780796
1315	85-89	-0.06833646764667378
1315	90-94	-0.043375735449792785
1315	95-99	-0.05061150832432304
1315	100-104	-0.05044420394867899
1315	105-109	-0.05812494103000887
1315	110-114	-0.03135136799955518
1315	115-119	0.017223498818140115
1315	120-124	-0.04527445613383918
1315	125-129	-0.04562510072386772
1315	130-134	0.006893905091246211
1315	135-139	0.0013486526667421117
1315	140-144	-0.02414508885819089
1315	145-149	0.06276186273467488
1315	150	-0.015134955224652913
1316	1	0.003903292133529135
1316	2	0.07386108631926191
1316	3	-0.07457423143147679
1316	4	-0.17217260643538168
1316	5	-0.08335655925374397
1316	6	0.0819018559874749
1316	7	0.03592749449431665
1316	8	-0.022898047725661286
1316	9	0.013196030023486571
1316	10-14	-0.06451493690050825
1316	15-19	-0.02427233846504606
1316	20-24	-0.015929176929539324
1316	25-29	-0.05368652789495343
1316	30-34	-0.1075933611115758
1316	35-39	0.004176038132754911
1316	40-44	0.0030744725237923376
1316	45-49	-0.022641569928353533
1316	50-54	0.020651265925387463
1316	55-59	0.01377652154786091
1316	60-64	-0.07827429779294448
1316	65-69	-0.008464714919519167
1316	70-74	-0.0025088767792453837
1316	75-79	-0.07826137328255811
1316	80-84	-0.03572126869605796
1316	85-89	-0.07336542011184832
1316	90-94	-0.03735218373573446
1316	95-99	-0.020401120507798964
1316	100-104	-0.061761342310852285
1316	105-109	0.006146385761596207
1316	110-114	-0.04316433498713934
1316	115-119	0.02007863512440622
1316	120-124	-0.023370027960687878
1316	125-129	0.024149772340571474
1316	130-134	-0.007847398610046241
1316	135-139	-0.0313868142268916
1316	140-144	-0.030802306176596517
1316	145-149	0.011345552821694582
1316	150	-0.04758650474008164
1317	1	0.04936605698186014
1317	2	0.004345851744972151
1317	3	-0.006655121417821874
1317	4	-0.09659225234389623
1317	5	9.002755241738214E-6
1317	6	0.008566213533214295
1317	7	-0.021531980289303476
1317	8	0.018095866366003577
1317	9	0.005530556082185001
1317	10-14	-0.04834858136914022
1317	15-19	-0.08996164711020072
1317	20-24	-0.019701292265992265
1317	25-29	-5.023587742485347E-4
1317	30-34	-0.04823524481590624
1317	35-39	-0.015207465034400514
1317	40-44	-0.04077693544875416
1317	45-49	-0.002827947326188962
1317	50-54	-0.015318176002764972
1317	55-59	0.018526504412108125
1317	60-64	-0.03929376025996589
1317	65-69	-0.03724429260033446
1317	70-74	-0.03649019635629003
1317	75-79	-0.011142582277514634
1317	80-84	-0.013408825408681935
1317	85-89	-0.013497124601663302
1317	90-94	0.023671758541254917
1317	95-99	-0.026667749759397452
1317	100-104	0.0021044241255054885
1317	105-109	-0.018232307377857637
1317	110-114	-0.0074972033238935865
1317	115-119	-5.899582450652474E-4
1317	120-124	0.016922632447510466
1317	125-129	0.02308365447945704
1317	130-134	0.002073025160747477
1317	135-139	-0.00696283270831799
1317	140-144	-0.022113983954838545
1317	145-149	0.07387821049201193
1317	150	-0.06353823315362206
1318	1	0.041373258672933844
1318	2	0.12824162894329305
1318	3	0.034279101423997815
1318	4	-0.04191821402822171
1318	5	0.008116698140781864
1318	6	0.015085492890101193
1318	7	0.02094421900962118
1318	8	0.017686275113796057
1318	9	0.0360890440905024
1318	10-14	-0.04182109095758335
1318	15-19	0.03325169914191406
1318	20-24	0.06263857756523805
1318	25-29	0.041507896823439694
1318	30-34	0.026328063966069237
1318	35-39	4.7445716773353297E-4
1318	40-44	0.00961166304992389
1318	45-49	0.036719972578822535
1318	50-54	0.04363452368312437
1318	55-59	0.03485997957201903
1318	60-64	-0.07325629770758013
1318	65-69	-0.020386660822822478
1318	70-74	0.016978191840358647
1318	75-79	-0.021729968102448538
1318	80-84	-0.002966238744726013
1318	85-89	0.05123050887358005
1318	90-94	0.09804781393278716
1318	95-99	0.07951964770907693
1318	100-104	0.08905730101249532
1318	105-109	0.0927736523431193
1318	110-114	0.12304224974824507
1318	115-119	0.01798043800393856
1318	120-124	0.07325517400858672
1318	125-129	0.02384035989567934
1318	130-134	0.0959449559275285
1318	135-139	-3.609620637305966E-4
1318	140-144	0.10836243436965276
1318	145-149	0.12877563949204074
1318	150	0.12074167862368768
1319	1	-0.033275755722868894
1319	2	-0.10356859669182228
1319	3	0.005954844923230951
1319	4	0.009557783379996465
1319	5	0.069935514984941
1319	6	-0.21952721321381574
1319	7	-0.01976536062119294
1319	8	0.03320209095843296
1319	9	-0.07571293459937323
1319	10-14	-0.1255120547635329
1319	15-19	-0.06397625600223478
1319	20-24	0.03342886109435739
1319	25-29	-0.08975408389355977
1319	30-34	-0.027771319801722427
1319	35-39	-0.09430732092982197
1319	40-44	-0.050120915134016286
1319	45-49	-0.020720414489098005
1319	50-54	-0.007566447333132942
1319	55-59	-0.025518497131798767
1319	60-64	-0.06253261480031824
1319	65-69	-0.07399179523860511
1319	70-74	-0.08297080326513395
1319	75-79	-0.05335154101877748
1319	80-84	-0.06789101710327117
1319	85-89	-0.05763723631965689
1319	90-94	-0.031309157053470926
1319	95-99	-0.0626988459502158
1319	100-104	-0.012984116038872173
1319	105-109	-0.0477064244950256
1319	110-114	-0.03362720757083082
1319	115-119	0.030150538557819573
1319	120-124	0.044679210661335844
1319	125-129	-0.02047189237622149
1319	130-134	0.028148623164057085
1319	135-139	-0.051398398156152325
1319	140-144	-0.013153774589632405
1319	145-149	-0.05687386802799921
1319	150	0.010892146909014855
1320	1	-0.29833744305881993
1320	2	-0.1881256493909973
1320	3	-0.1778697699058398
1320	4	-0.12990505630762073
1320	5	-0.10462688367557149
1320	6	-0.12933572899498813
1320	7	0.04857090446321166
1320	8	-0.0063453784140321545
1320	9	-0.053176090692623745
1320	10-14	-0.09915767104584461
1320	15-19	-0.024340834097671404
1320	20-24	-0.026294436887404515
1320	25-29	-0.034111389364383626
1320	30-34	-0.0773993667497237
1320	35-39	-0.06398757480711481
1320	40-44	-0.06067310177335372
1320	45-49	-0.0660888947246221
1320	50-54	-0.05174567171589217
1320	55-59	-0.06624110760765234
1320	60-64	-0.06885966883452
1320	65-69	-0.10370454832635545
1320	70-74	-0.07254723727956502
1320	75-79	-0.08083742773967373
1320	80-84	-0.05274374439631657
1320	85-89	-0.05667452219450553
1320	90-94	-0.036654706702393014
1320	95-99	-0.04095013436217698
1320	100-104	-0.0617430178878422
1320	105-109	-0.0372081679606282
1320	110-114	-0.08251093673467125
1320	115-119	-0.038899080079296766
1320	120-124	0.034217329012342645
1320	125-129	-0.007365171344247301
1320	130-134	-0.024063305093029896
1320	135-139	-0.04093489919211635
1320	140-144	-0.014645674193765501
1320	145-149	0.015846732272287056
1320	150	0.09957908706071095
1321	1	-0.06645588554228254
1321	2	-0.04547752169973762
1321	3	-0.06672188874402707
1321	4	-0.031185664921316913
1321	5	-0.04015692984488339
1321	6	-0.019836464461427283
1321	7	0.036881119772139925
1321	8	-0.0024171494965230522
1321	9	-0.037982437491258736
1321	10-14	-0.006956903035934658
1321	15-19	-0.001708674880475769
1321	20-24	-0.047636399144060704
1321	25-29	-0.024305435128567865
1321	30-34	-0.03033265501684923
1321	35-39	-0.03903160072724887
1321	40-44	-0.005063938493528042
1321	45-49	-0.006615774874809688
1321	50-54	-0.004212958474788309
1321	55-59	-0.015032858135555216
1321	60-64	-0.027859269598131675
1321	65-69	-0.10702979093998977
1321	70-74	-0.035483556131651994
1321	75-79	-0.029087578974504424
1321	80-84	-0.03636683816033326
1321	85-89	-0.05970014123662537
1321	90-94	-0.03994659129050149
1321	95-99	-0.008049699677378896
1321	100-104	-0.011342309390464322
1321	105-109	0.011394848178021277
1321	110-114	-0.026892018268789286
1321	115-119	0.030574096692134844
1321	120-124	0.07907651280357442
1321	125-129	0.07972889416586781
1321	130-134	0.025444077639619422
1321	135-139	0.028042735718969425
1321	140-144	0.03697782822815299
1321	145-149	0.12524006372917285
1321	150	0.15214148197654964
1322	1	-0.08248581706212832
1322	2	-0.1926427470184251
1322	3	0.054541026288703165
1322	4	-0.009647222738465189
1322	5	0.02121671864944119
1322	6	0.033395439008259586
1322	7	0.052422612399588786
1322	8	-0.017518495485845165
1322	9	0.10789017160665537
1322	10-14	-0.043023629575969835
1322	15-19	0.049944623509531993
1322	20-24	0.018643277849470508
1322	25-29	0.038525807153391156
1322	30-34	0.005026798070950633
1322	35-39	0.03736235180504366
1322	40-44	0.019993354120764195
1322	45-49	0.03480901114889434
1322	50-54	0.03955273408839588
1322	55-59	0.025224958628733418
1322	60-64	0.012404818384737837
1322	65-69	0.00999935474196434
1322	70-74	0.0034312520735824137
1322	75-79	0.059879450674422685
1322	80-84	0.053854764252150744
1322	85-89	0.060773955146579794
1322	90-94	-0.005995820356432091
1322	95-99	3.856699954738474E-4
1322	100-104	0.04342331349251083
1322	105-109	-0.03018087291533078
1322	110-114	-0.01727558845031041
1322	115-119	0.023567674499766156
1322	120-124	-0.0030096545140807507
1322	125-129	0.0376005509676105
1322	130-134	0.03810591959717158
1322	135-139	0.02368108383353018
1322	140-144	0.06269323103781232
1322	145-149	0.1141957316333091
1322	150	0.08725101539014446
1323	1	-0.07077047751075582
1323	2	-0.04463613594618465
1323	3	0.005253000914386519
1323	4	0.02557996165067067
1323	5	0.06048133101666764
1323	6	0.03964882191980479
1323	7	0.0467090468096103
1323	8	0.02774784255857554
1323	9	0.008399618168361656
1323	10-14	0.011329060409067893
1323	15-19	-0.013268429060865117
1323	20-24	0.018453868601795875
1323	25-29	0.06217880601242598
1323	30-34	0.00336248043046794
1323	35-39	0.04578655358277217
1323	40-44	0.034930842985218646
1323	45-49	0.009794900092337855
1323	50-54	0.013306738658982908
1323	55-59	0.034647310638874274
1323	60-64	0.04516155149528345
1323	65-69	0.00686115233364859
1323	70-74	-0.024172958501523567
1323	75-79	-0.02740609385784154
1323	80-84	0.013685750249251782
1323	85-89	0.037886782278050646
1323	90-94	0.04186797571816214
1323	95-99	0.016458803171495617
1323	100-104	0.02931861114285539
1323	105-109	0.0199330439904557
1323	110-114	0.08539610170420531
1323	115-119	0.017376114673957943
1323	120-124	0.01395414827200625
1323	125-129	-0.054295941233760914
1323	130-134	0.03764710384435688
1323	135-139	-0.0026328957451511315
1323	140-144	0.08552520541242359
1323	145-149	0.058631707029611846
1323	150	0.14620911001848214
1324	1	0.03268153617577951
1324	2	0.027674729275098287
1324	3	0.05498436199447809
1324	4	0.045474502867882904
1324	5	0.08992991879035372
1324	6	0.023047264712623416
1324	7	0.1068119953481812
1324	8	0.012740005176766545
1324	9	0.004443416224923169
1324	10-14	0.040018755713909115
1324	15-19	0.010473175527181411
1324	20-24	0.03654474229514193
1324	25-29	0.05686849846471631
1324	30-34	0.029353035636582092
1324	35-39	0.015151903940122224
1324	40-44	0.054217049335861134
1324	45-49	0.040156646252462735
1324	50-54	0.030888660336515272
1324	55-59	0.020122524116601426
1324	60-64	0.018953917215050353
1324	65-69	-0.046672943486370855
1324	70-74	-0.012315648770190535
1324	75-79	-0.039935977887417096
1324	80-84	-0.012416111467672408
1324	85-89	0.050332943957748455
1324	90-94	0.0787116859161685
1324	95-99	0.012516293469268192
1324	100-104	0.005363350540996237
1324	105-109	0.011798369387989283
1324	110-114	0.0814200460110186
1324	115-119	0.035106768321583104
1324	120-124	0.0332647439272904
1324	125-129	4.284097040851975E-4
1324	130-134	0.07417207007728877
1324	135-139	0.02738871232300255
1324	140-144	0.05771751864526209
1324	145-149	0.024965338454450148
1324	150	0.07076371995362507
1325	1	0.015533106166991217
1325	2	-0.03514191299247926
1325	3	-0.0711095621575808
1325	4	-0.016797669448550323
1325	5	0.01798127649998804
1325	6	0.009889984575004007
1325	7	0.02496377857033849
1325	8	0.006215954510203403
1325	9	0.023395147800762572
1325	10-14	-0.002410577118155288
1325	15-19	0.008736548981353565
1325	20-24	0.010594744288844993
1325	25-29	0.011169004104985447
1325	30-34	0.022944220824719253
1325	35-39	0.026824371324146057
1325	40-44	0.014611042412965958
1325	45-49	-6.11797032377126E-5
1325	50-54	0.02845849204924633
1325	55-59	0.04746932726627051
1325	60-64	0.020911844450701267
1325	65-69	0.033062900769593284
1325	70-74	0.04360590578408363
1325	75-79	0.07432026761490107
1325	80-84	0.10582100211055945
1325	85-89	0.10623841599942807
1325	90-94	0.06012909262525312
1325	95-99	0.05560223712540591
1325	100-104	0.04109920618952145
1325	105-109	0.037434179276367274
1325	110-114	0.04738994304116062
1325	115-119	0.12102473421602866
1325	120-124	0.10679484594776767
1325	125-129	0.05953593468704099
1325	130-134	0.12074408346735765
1325	135-139	0.13876339689119987
1325	140-144	0.11730093030251254
1325	145-149	0.1851933037982505
1325	150	0.25354489335045827
1326	1	0.013789187606015219
1326	2	0.08766974733462973
1326	3	0.13490797224066853
1326	4	0.048661284119184245
1326	5	0.0719750053515682
1326	6	0.12382195645506044
1326	7	0.019657928839272643
1326	8	0.0756303609703437
1326	9	0.06964539239464074
1326	10-14	0.048302062061736706
1326	15-19	0.04741127491688957
1326	20-24	0.03408266731694454
1326	25-29	0.07143037831691856
1326	30-34	0.06579227672098398
1326	35-39	0.026867601204202174
1326	40-44	0.09417985084704128
1326	45-49	0.037148550599198416
1326	50-54	0.027058212377028212
1326	55-59	0.05614527497806421
1326	60-64	0.027940341427289184
1326	65-69	0.008957064401712955
1326	70-74	0.0744315592673388
1326	75-79	0.08007265747605885
1326	80-84	0.0777829170539377
1326	85-89	0.08504096073028222
1326	90-94	0.025899131426200483
1326	95-99	0.10267613072587523
1326	100-104	0.082013161642422
1326	105-109	0.06194193230574996
1326	110-114	0.021184732356346103
1326	115-119	0.1184692460066401
1326	120-124	0.07883206239782936
1326	125-129	0.06810342112102319
1326	130-134	0.11311656295727346
1326	135-139	0.12087781432823164
1326	140-144	0.15468169019007405
1326	145-149	0.19780678819912367
1326	150	0.284661673206422
1327	1	-0.007701037083464257
1327	2	0.07716870774098084
1327	3	0.027742685879871942
1327	4	0.016613098020485495
1327	5	0.06177376843377402
1327	6	-0.0800773805406294
1327	7	0.03092011712671905
1327	8	0.04609848511480408
1327	9	0.0685422553139503
1327	10-14	0.03559318319757665
1327	15-19	0.030922739341356476
1327	20-24	0.0660728914044526
1327	25-29	0.039629710617290925
1327	30-34	0.015960155143304178
1327	35-39	0.020284771414644354
1327	40-44	0.029200689673302804
1327	45-49	0.050821565589338036
1327	50-54	0.03693344428406675
1327	55-59	0.026190241767650946
1327	60-64	0.028418754358462195
1327	65-69	-0.008713065971889478
1327	70-74	-0.02566829469594012
1327	75-79	0.0252240191812092
1327	80-84	-0.015948936408506142
1327	85-89	0.023570519020360337
1327	90-94	0.0398329658352381
1327	95-99	-0.001678749344627306
1327	100-104	0.02762680361527714
1327	105-109	0.0033687676671050326
1327	110-114	0.04708679745766631
1327	115-119	0.059935117597859744
1327	120-124	0.10872933104159443
1327	125-129	0.014326521409614656
1327	130-134	0.09842391547883977
1327	135-139	-0.007659504495329372
1327	140-144	0.01035028194098686
1327	145-149	0.1276632099021242
1327	150	0.20189191159661846
1328	1	0.03023105964268069
1328	2	0.1039902632834
1328	3	0.011840842444918565
1328	4	0.005220732574542808
1328	5	0.044532788838715476
1328	6	0.04627204329176493
1328	7	0.03258903838748495
1328	8	0.044354507315311764
1328	9	-0.04907105108016907
1328	10-14	-0.001472401727603767
1328	15-19	0.06842770930136055
1328	20-24	0.03708437534466924
1328	25-29	0.05188160383877971
1328	30-34	0.041125830136323316
1328	35-39	0.039645591090007315
1328	40-44	0.057437944841197464
1328	45-49	0.04222878005860764
1328	50-54	0.021305919457446976
1328	55-59	0.027827227775254926
1328	60-64	0.026129095236861133
1328	65-69	0.013864462506127495
1328	70-74	-0.031112067205654625
1328	75-79	-0.005458108552851115
1328	80-84	0.03669386517677964
1328	85-89	0.039822491065720556
1328	90-94	0.05406878594529019
1328	95-99	0.036371786020040986
1328	100-104	0.014401261904133378
1328	105-109	0.02478428182467951
1328	110-114	0.08929720382941753
1328	115-119	0.047498741779627096
1328	120-124	0.08018106939739766
1328	125-129	0.11750828110581324
1328	130-134	0.12424527743914382
1328	135-139	0.09203406776701684
1328	140-144	0.10456617584407724
1328	145-149	0.14907408736232952
1328	150	0.2286740552113642
1329	1	-0.031799118794445747
1329	2	0.06921280841891786
1329	3	0.0617034826567604
1329	4	0.017561987142634905
1329	5	0.06405547125720545
1329	6	0.014323216726928933
1329	7	0.0406233952356132
1329	8	0.08623426218800745
1329	9	0.011026545046718184
1329	10-14	0.0781181078480202
1329	15-19	0.05889272749692509
1329	20-24	0.04840803049785336
1329	25-29	0.074351068558137
1329	30-34	0.08495996588743537
1329	35-39	0.04118693231460924
1329	40-44	0.061575255462528844
1329	45-49	0.043302114667206126
1329	50-54	0.03784763327432472
1329	55-59	0.05278368825628377
1329	60-64	0.07339219377560369
1329	65-69	0.044620340821339255
1329	70-74	0.032388602308067505
1329	75-79	0.057718981862613816
1329	80-84	0.027402527985387337
1329	85-89	0.0722370963752681
1329	90-94	0.01592471027756659
1329	95-99	0.06355485020348084
1329	100-104	0.04787967575196461
1329	105-109	0.05761634411903316
1329	110-114	0.028045800846669522
1329	115-119	0.06945084101054988
1329	120-124	0.06453303925813714
1329	125-129	0.0571237889337155
1329	130-134	0.0761772259584177
1329	135-139	0.12664224282546144
1329	140-144	0.11918104988099998
1329	145-149	0.1455649596200317
1329	150	0.2514978282880804
1330	1	0.08266741945843137
1330	2	0.06252302739736848
1330	3	0.0782236369104865
1330	4	0.07195689472658984
1330	5	0.04772167002078476
1330	6	0.0034423855761858135
1330	7	0.08685207305305198
1330	8	0.11852724190710973
1330	9	0.07201621230139921
1330	10-14	0.07470113432260916
1330	15-19	0.04793598468507554
1330	20-24	0.06994173739335707
1330	25-29	0.08694696081820297
1330	30-34	0.06414979171229618
1330	35-39	0.08088529055842741
1330	40-44	0.07873099377938786
1330	45-49	0.0644104536700354
1330	50-54	0.0817382587639841
1330	55-59	0.06246750914385757
1330	60-64	0.06470384971838428
1330	65-69	0.04680309098169033
1330	70-74	0.07594535449268847
1330	75-79	0.055763037076779653
1330	80-84	0.06852723193613741
1330	85-89	0.082533596532393
1330	90-94	0.07837596212037568
1330	95-99	0.11953739540906128
1330	100-104	0.10402734631048816
1330	105-109	0.12748090970374903
1330	110-114	0.12926948225652524
1330	115-119	0.10837158630378951
1330	120-124	0.10974105455585459
1330	125-129	0.06938684291705499
1330	130-134	0.10345983478948995
1330	135-139	0.1338490588320198
1330	140-144	0.12626051906864433
1330	145-149	0.2066383012482902
1330	150	0.16458506191323607
1331	1	0.03249830329801995
1331	2	0.13315093169606484
1331	3	0.11901648866645331
1331	4	0.09053450148228848
1331	5	0.1671987694400272
1331	6	0.06962042766566157
1331	7	0.12122742991110869
1331	8	0.09479823357523287
1331	9	0.0908003309368226
1331	10-14	0.06080859214213774
1331	15-19	0.06312785441573965
1331	20-24	0.061857540168020364
1331	25-29	0.08770188554954927
1331	30-34	0.09066175317366287
1331	35-39	0.10416204027780651
1331	40-44	0.10367597483150348
1331	45-49	0.056943166810611956
1331	50-54	0.10505808027424735
1331	55-59	0.0804281670681064
1331	60-64	0.10334835286017352
1331	65-69	0.09894067164814402
1331	70-74	0.11415870698826325
1331	75-79	0.09673797509316984
1331	80-84	0.09991935520281459
1331	85-89	0.13273131182342723
1331	90-94	0.09940529522163644
1331	95-99	0.12234431257135014
1331	100-104	0.11866529300061757
1331	105-109	0.17379066261793952
1331	110-114	0.12631721342661706
1331	115-119	0.11717636814766763
1331	120-124	0.15700111792302351
1331	125-129	0.12207984678019557
1331	130-134	0.13235135162285872
1331	135-139	0.10699482135971294
1331	140-144	0.16050996859066657
1331	145-149	0.17707318545619444
1331	150	0.3134615194868289
1332	1	-0.0029008796242990798
1332	2	0.07296631723947655
1332	3	0.08409480810135506
1332	4	0.10377942299290055
1332	5	0.09361797332668687
1332	6	0.09981548599022005
1332	7	0.0763267448000704
1332	8	0.03271316069436381
1332	9	0.06006634700214164
1332	10-14	0.07544630386504991
1332	15-19	0.05040045851990271
1332	20-24	0.04181466836524805
1332	25-29	0.049053666285288955
1332	30-34	0.0803465628393738
1332	35-39	0.04641278837998897
1332	40-44	0.07826097649873986
1332	45-49	0.037029020527995726
1332	50-54	0.04904900705921733
1332	55-59	0.04866059687002178
1332	60-64	0.09042792613374218
1332	65-69	0.07980589691899809
1332	70-74	0.07327614628493251
1332	75-79	0.056772071461608675
1332	80-84	0.06174604348650803
1332	85-89	0.07077907211284895
1332	90-94	0.07850808964451517
1332	95-99	0.06486223027999216
1332	100-104	0.09003186941547625
1332	105-109	0.07765748857972454
1332	110-114	0.05120870659334287
1332	115-119	0.06023413066085226
1332	120-124	0.07438626828911055
1332	125-129	0.09705385919075837
1332	130-134	0.0984617540552648
1332	135-139	0.09730689505037304
1332	140-144	0.09063275046558772
1332	145-149	0.11214460375165913
1332	150	0.24877493486624047
1333	1	-0.027091121274295915
1333	2	0.1167941904590748
1333	3	0.0954021807348795
1333	4	0.02431557577347121
1333	5	0.06675374013030222
1333	6	0.063729292362396
1333	7	0.10178682696817276
1333	8	0.11046374380372725
1333	9	0.06304485779410385
1333	10-14	0.07934334510301966
1333	15-19	0.08010720601282628
1333	20-24	0.07732092095519505
1333	25-29	0.07281962690617405
1333	30-34	0.08503409436280407
1333	35-39	0.07370834964495288
1333	40-44	0.09287898954617901
1333	45-49	0.06201697946762863
1333	50-54	0.08419845591727437
1333	55-59	0.09410262573541672
1333	60-64	0.1059511522380987
1333	65-69	0.11410966315430215
1333	70-74	0.0866772379130154
1333	75-79	0.04435658975999246
1333	80-84	0.08263613950715865
1333	85-89	0.07137181906114165
1333	90-94	0.10144745337451866
1333	95-99	0.08652002736976527
1333	100-104	0.10485818688744786
1333	105-109	0.10002164718546425
1333	110-114	0.11821021498182915
1333	115-119	0.1619626823000786
1333	120-124	0.16063829940406293
1333	125-129	0.1737556931732982
1333	130-134	0.14742770046840548
1333	135-139	0.15864769849812177
1333	140-144	0.13846666197504476
1333	145-149	0.1897279049202325
1333	150	0.22254346708821515
1334	1	-0.019360923254488682
1334	2	0.02289005869974403
1334	3	0.06298138865567182
1334	4	0.10960632215580546
1334	5	0.0575401072285473
1334	6	0.08777384681783928
1334	7	0.008505600768629051
1334	8	0.0062331649766136366
1334	9	0.06796184180019793
1334	10-14	0.03376337556760234
1334	15-19	0.03269741926492031
1334	20-24	0.018377623163885914
1334	25-29	0.022929565977001687
1334	30-34	0.027692091316346534
1334	35-39	0.036259225501773074
1334	40-44	0.04552769480132213
1334	45-49	-0.013379250539991006
1334	50-54	0.02398935462252183
1334	55-59	0.07553171941401615
1334	60-64	0.05535511263413184
1334	65-69	0.060449571760550214
1334	70-74	0.04973374971803679
1334	75-79	0.07467227902122175
1334	80-84	0.03166530934721834
1334	85-89	0.06549110695146965
1334	90-94	0.08751729343544667
1334	95-99	0.09906203041622774
1334	100-104	0.08135586396284111
1334	105-109	0.04482374162567737
1334	110-114	0.08397358131846033
1334	115-119	0.12211664269611333
1334	120-124	0.05554031768281931
1334	125-129	0.0600208873850363
1334	130-134	0.08455934555598787
1334	135-139	0.12857740146841223
1334	140-144	0.13937583943125276
1334	145-149	0.13708178915481994
1334	150	0.21436125078965773
1335	1	0.07793861850265671
1335	2	0.00780067220532743
1335	3	0.04746661691827114
1335	4	-0.012127470647264715
1335	5	0.05134815439014062
1335	6	0.033880469561900384
1335	7	0.023295358090088314
1335	8	0.055197134328942354
1335	9	0.017223868374600215
1335	10-14	0.027771712274876847
1335	15-19	0.02796922107334865
1335	20-24	0.04148338401877538
1335	25-29	0.061299199873481314
1335	30-34	0.032699560000018835
1335	35-39	0.011764550197810308
1335	40-44	-0.001545946112955221
1335	45-49	0.045078842016479825
1335	50-54	0.03592797645868728
1335	55-59	-0.02049990977121041
1335	60-64	0.06063962807452583
1335	65-69	0.02253856411703481
1335	70-74	0.04633526860598636
1335	75-79	0.03376122230217504
1335	80-84	0.030436120443198433
1335	85-89	0.0550021688847977
1335	90-94	0.04787299908036147
1335	95-99	0.05972990250083399
1335	100-104	0.0735710264642293
1335	105-109	0.04653149372058607
1335	110-114	0.07374577879843258
1335	115-119	0.07228188923935619
1335	120-124	0.07906582776170978
1335	125-129	0.10802872720248047
1335	130-134	0.1246789825196899
1335	135-139	0.1280935473209155
1335	140-144	0.0994856306148364
1335	145-149	0.1414532695184718
1335	150	0.18282523241087034
1336	1	0.07751358057842594
1336	2	0.17799475573530543
1336	3	0.07336014430330806
1336	4	0.10866346017927242
1336	5	0.09360220538138009
1336	6	0.05598649304743475
1336	7	0.010506021210019867
1336	8	0.08159839212287068
1336	9	0.037716267032536166
1336	10-14	0.05302288617536988
1336	15-19	0.05126477197169521
1336	20-24	0.08920127401331968
1336	25-29	0.0706309635688882
1336	30-34	0.08178396681636713
1336	35-39	0.08432005038388724
1336	40-44	0.08548167939875384
1336	45-49	0.07453962045733675
1336	50-54	0.10430434461054716
1336	55-59	0.1009095000692426
1336	60-64	0.11580175164647244
1336	65-69	0.08528041250459495
1336	70-74	0.1305533753517878
1336	75-79	0.09979696629144996
1336	80-84	0.12131653567956846
1336	85-89	0.11200013796316455
1336	90-94	0.14764328326470633
1336	95-99	0.11367636696665784
1336	100-104	0.1256611857257539
1336	105-109	0.11253421859350965
1336	110-114	0.1418348140788268
1336	115-119	0.1283936958451477
1336	120-124	0.12707052973018307
1336	125-129	0.14996879273138575
1336	130-134	0.09867867113871398
1336	135-139	0.14782708507760134
1336	140-144	0.14715299354787703
1336	145-149	0.16252771330117355
1336	150	0.21666823504950372
1337	1	0.0539491264037224
1337	2	0.08655746742977755
1337	3	0.07751982779370081
1337	4	0.12137773343005875
1337	5	0.14794449983499192
1337	6	0.16951257409613874
1337	7	0.09824884173359294
1337	8	0.08426036204616594
1337	9	0.08099865631756131
1337	10-14	0.0826269840646674
1337	15-19	0.08253292642245214
1337	20-24	0.07654873710189491
1337	25-29	0.11513655950917467
1337	30-34	0.09109210817561575
1337	35-39	0.07705352706815205
1337	40-44	0.0764017330565423
1337	45-49	0.09385027310896987
1337	50-54	0.08778778671031517
1337	55-59	0.08348990842176818
1337	60-64	0.05892452685109362
1337	65-69	0.07590208992258596
1337	70-74	0.07815940033263757
1337	75-79	0.08048328659256754
1337	80-84	0.08467338647071898
1337	85-89	0.09181335275963676
1337	90-94	0.07863621260291609
1337	95-99	0.12067749343312073
1337	100-104	0.09793025166477776
1337	105-109	0.08388142332264437
1337	110-114	0.10403312519854069
1337	115-119	0.08235401356942873
1337	120-124	0.06067040228570875
1337	125-129	0.08797279248265966
1337	130-134	0.08934358520286878
1337	135-139	0.1481808254331014
1337	140-144	0.11733782177499563
1337	145-149	0.1364797982281729
1337	150	0.11423767999605161
1338	1	0.059427213094878084
1338	2	-0.005537501466157835
1338	3	0.05419149086539221
1338	4	0.1080996748316565
1338	5	0.10603088312403486
1338	6	0.09930666961534484
1338	7	0.029976911588335042
1338	8	0.08677851169587569
1338	9	0.045513854304118695
1338	10-14	0.06975038244107168
1338	15-19	0.05680581479992952
1338	20-24	0.08539095011807518
1338	25-29	0.08856043103678246
1338	30-34	0.08041874799381787
1338	35-39	0.07092645931651731
1338	40-44	0.07854882747705005
1338	45-49	0.12616690536521702
1338	50-54	0.09129281935371125
1338	55-59	0.07827710582338199
1338	60-64	0.10168962333815301
1338	65-69	0.07225237960503961
1338	70-74	0.08867220851109892
1338	75-79	0.08075894191374289
1338	80-84	0.12293710044801998
1338	85-89	0.12367817274474646
1338	90-94	0.14211603873570766
1338	95-99	0.15180460928878148
1338	100-104	0.14653513864917045
1338	105-109	0.18375916212546173
1338	110-114	0.16058833803963068
1338	115-119	0.15684844985756285
1338	120-124	0.17558109234760622
1338	125-129	0.18034176192121265
1338	130-134	0.16192779130361146
1338	135-139	0.20037150210283983
1338	140-144	0.1985182946183528
1338	145-149	0.25305102008971403
1338	150	0.3452518860775555
1339	1	-0.007792984628331112
1339	2	0.033410052857540506
1339	3	0.019427025455378555
1339	4	0.06026779746482447
1339	5	0.06873176210832099
1339	6	0.023518112238171796
1339	7	0.050811193905580865
1339	8	0.026781947339323153
1339	9	0.019407017373652025
1339	10-14	0.025246832919549433
1339	15-19	0.013508639362079577
1339	20-24	-0.016294368103572765
1339	25-29	0.04652321027931805
1339	30-34	0.06393194433891125
1339	35-39	0.05315163679259172
1339	40-44	0.009359639331179892
1339	45-49	0.019759932167097816
1339	50-54	0.03014265085277401
1339	55-59	0.03908131660976011
1339	60-64	0.08131015844927703
1339	65-69	0.07935323697179086
1339	70-74	0.0765937214294965
1339	75-79	0.07324908856553236
1339	80-84	0.044303984705436505
1339	85-89	0.038449219921147915
1339	90-94	0.03394109885947216
1339	95-99	0.12046192894645458
1339	100-104	0.08676320360985557
1339	105-109	0.09095351531733087
1339	110-114	0.11029468703151935
1339	115-119	0.09547075683423856
1339	120-124	0.0921307026530016
1339	125-129	0.0922283162024442
1339	130-134	0.08428560777848304
1339	135-139	0.10532099042358567
1339	140-144	0.10605385738832496
1339	145-149	0.16848968227331795
1339	150	0.12200261663431888
1340	1	0.05177445661515634
1340	2	0.08224857778029104
1340	3	0.07869112545849788
1340	4	0.04978213936064435
1340	5	0.12102896239547078
1340	6	0.09951572452320079
1340	7	0.08322169360906884
1340	8	0.036593817247869254
1340	9	0.04114458721041814
1340	10-14	0.06677434626266177
1340	15-19	0.024421199054955878
1340	20-24	0.01292057306189065
1340	25-29	0.09004204669743388
1340	30-34	0.0360995369603998
1340	35-39	0.03417827620081226
1340	40-44	0.055187068401991723
1340	45-49	0.05220890061181649
1340	50-54	0.056292889624266707
1340	55-59	0.0656444115877548
1340	60-64	0.06292451907226138
1340	65-69	0.031642790328632486
1340	70-74	0.026792931766898676
1340	75-79	0.027143795017046557
1340	80-84	0.007100654389262218
1340	85-89	0.058267644341391645
1340	90-94	0.04497288824116197
1340	95-99	0.06245106718422733
1340	100-104	0.08407148414295307
1340	105-109	0.04750950957433275
1340	110-114	0.087056446137602
1340	115-119	0.0478079084307339
1340	120-124	-9.659139704965014E-4
1340	125-129	0.05846048637005197
1340	130-134	0.026605280677145515
1340	135-139	0.052904482417723386
1340	140-144	0.07191757036314073
1340	145-149	0.12160869347841441
1340	150	0.2609758211662978
1341	1	0.0662172899406599
1341	2	0.16014957028173882
1341	3	0.04710934584391424
1341	4	0.10874596158704009
1341	5	0.09930586090671767
1341	6	0.055430226941830085
1341	7	0.1012088255303567
1341	8	0.0773566266218424
1341	9	0.07518863924629926
1341	10-14	0.07735340980466532
1341	15-19	0.04611036920476863
1341	20-24	0.036888426347005066
1341	25-29	0.11019264392031403
1341	30-34	0.09703869536927101
1341	35-39	0.07184225810410538
1341	40-44	0.09355092819942712
1341	45-49	0.06994317165550257
1341	50-54	0.10973960137617667
1341	55-59	0.043149929833191436
1341	60-64	0.1221530213969757
1341	65-69	0.08145516998392566
1341	70-74	0.09289990745531185
1341	75-79	0.08833741889969815
1341	80-84	0.08511608199457044
1341	85-89	0.1097058713017276
1341	90-94	0.11404539250703749
1341	95-99	0.10822009926049958
1341	100-104	0.13558888422749504
1341	105-109	0.13302294121854175
1341	110-114	0.14488186607216846
1341	115-119	0.16299944242469167
1341	120-124	0.1236312541129152
1341	125-129	0.17258512044385554
1341	130-134	0.13159487037015793
1341	135-139	0.20699162373176705
1341	140-144	0.1528304290490894
1341	145-149	0.24306660609445885
1341	150	0.26532995163170625
1342	1	0.1429768682657766
1342	2	0.07381360759016786
1342	3	0.05056107936585619
1342	4	0.10039225036791777
1342	5	0.13820239300027026
1342	6	0.1161083109749157
1342	7	0.08955353741508532
1342	8	0.07114392318441531
1342	9	0.0874181021470477
1342	10-14	0.11946635576410358
1342	15-19	0.08559378440904197
1342	20-24	0.0665063859132502
1342	25-29	0.08477714350125609
1342	30-34	0.11231476360894987
1342	35-39	0.07330529686017684
1342	40-44	0.09370825841605779
1342	45-49	0.0966960939233914
1342	50-54	0.09592823950086427
1342	55-59	0.11445010363822661
1342	60-64	0.14974207671125583
1342	65-69	0.12319911448132359
1342	70-74	0.11380469996027642
1342	75-79	0.13031960136767395
1342	80-84	0.1182677322798682
1342	85-89	0.11371664175113239
1342	90-94	0.12367157510727367
1342	95-99	0.14923400510100038
1342	100-104	0.12991723342466344
1342	105-109	0.12225924850124414
1342	110-114	0.1410635606209638
1342	115-119	0.1536834637183162
1342	120-124	0.16609281646061902
1342	125-129	0.1632717581573857
1342	130-134	0.1939298669989995
1342	135-139	0.2320380076813251
1342	140-144	0.1843661093973381
1342	145-149	0.24719899694159153
1342	150	0.23534017292045206
1343	1	0.13682482433757315
1343	2	0.11983336512865606
1343	3	0.09885335502412573
1343	4	0.0845620338889077
1343	5	0.14406285870023794
1343	6	0.10228800682469341
1343	7	0.12107008264945307
1343	8	0.09830495327410915
1343	9	0.09292543210236914
1343	10-14	0.0649565427829657
1343	15-19	0.044397859240937976
1343	20-24	0.08982836604409528
1343	25-29	0.12859792870325748
1343	30-34	0.09222728633770316
1343	35-39	0.1055635555021297
1343	40-44	0.1270337865415243
1343	45-49	0.08770149025967555
1343	50-54	0.1400777751147615
1343	55-59	0.08096747312535513
1343	60-64	0.1075002251676338
1343	65-69	0.07805672029987676
1343	70-74	0.05998415053068129
1343	75-79	0.07926464338744665
1343	80-84	0.09166772646161547
1343	85-89	0.07916795864466764
1343	90-94	0.06989423477606493
1343	95-99	0.11320421487570798
1343	100-104	0.12255779704243963
1343	105-109	0.11623516815152612
1343	110-114	0.14664828667527274
1343	115-119	0.1354870333507563
1343	120-124	0.11180102641747425
1343	125-129	0.16701430304303955
1343	130-134	0.17809884242903706
1343	135-139	0.20143335980838373
1343	140-144	0.17113282152624265
1343	145-149	0.20929713568946795
1343	150	0.2322222728312937
1344	1	0.09604388102950168
1344	2	0.14404277569352786
1344	3	0.1321658115135591
1344	4	0.10668680552667098
1344	5	0.09215146941683372
1344	6	0.11712754147927029
1344	7	0.06357230243572332
1344	8	0.1316894092456451
1344	9	0.03646753893725929
1344	10-14	0.07603150596688124
1344	15-19	0.07739651759204236
1344	20-24	0.07397915849403347
1344	25-29	0.06106935340451969
1344	30-34	0.10384348438914515
1344	35-39	0.10712522759114762
1344	40-44	0.085461057762096
1344	45-49	0.0967179706895891
1344	50-54	0.10189290436545662
1344	55-59	0.04554917654292723
1344	60-64	0.1170604749227806
1344	65-69	0.11091441723910123
1344	70-74	0.09999499838936998
1344	75-79	0.1047621992019998
1344	80-84	0.10672626863773615
1344	85-89	0.11568461515768291
1344	90-94	0.11024320966861012
1344	95-99	0.15906483792705473
1344	100-104	0.15142514694320397
1344	105-109	0.1726115884682642
1344	110-114	0.19129662259970814
1344	115-119	0.13959204798891278
1344	120-124	0.2084432401552263
1344	125-129	0.2145917126905772
1344	130-134	0.19009648111181576
1344	135-139	0.23608809167888722
1344	140-144	0.18459097231375665
1344	145-149	0.2832028337389261
1344	150	0.3372885493749962
1345	1	0.0963294043827787
1345	2	0.14088853916418742
1345	3	0.045542355953905655
1345	4	0.07687473626254615
1345	5	0.08855117923687317
1345	6	0.061894498870529446
1345	7	0.047201479899719345
1345	8	0.07021978500907977
1345	9	0.04260526984763402
1345	10-14	0.05395430110571198
1345	15-19	0.02388527475260105
1345	20-24	0.0255955719612615
1345	25-29	0.10143851590203923
1345	30-34	0.06995647811172034
1345	35-39	0.05934454873997197
1345	40-44	0.07588332188468172
1345	45-49	0.07145319781748327
1345	50-54	0.08814481193922319
1345	55-59	0.05127925036235581
1345	60-64	0.12479370542958179
1345	65-69	0.09280545597225398
1345	70-74	0.08091877059809605
1345	75-79	0.11411282351371455
1345	80-84	0.09276969106198862
1345	85-89	0.06382507794243253
1345	90-94	0.09704606702620566
1345	95-99	0.11324320056703385
1345	100-104	0.12323161521130999
1345	105-109	0.09764402130696936
1345	110-114	0.12491910108946058
1345	115-119	0.15077770107354382
1345	120-124	0.11150499816212545
1345	125-129	0.21744384182065346
1345	130-134	0.15888841097192596
1345	135-139	0.20809650951188274
1345	140-144	0.23114982361941117
1345	145-149	0.19039851241037553
1345	150	0.21148753178447066
1346	1	-0.010351636026335598
1346	2	0.08295025786937771
1346	3	-0.06490290401088572
1346	4	0.05609035968385001
1346	5	0.03404429013271226
1346	6	0.023859863611612298
1346	7	-0.057399806862527214
1346	8	-0.01773404459744654
1346	9	-0.013800571729291278
1346	10-14	-4.8725994793130667E-4
1346	15-19	-0.003937914466192183
1346	20-24	-0.03173786507986165
1346	25-29	0.03437261353035126
1346	30-34	0.010487839111469555
1346	35-39	0.04511316880570604
1346	40-44	0.020490752547772217
1346	45-49	0.035296616340481535
1346	50-54	0.0662007544348242
1346	55-59	0.06703010654086938
1346	60-64	0.07242095763671585
1346	65-69	0.0541619302845362
1346	70-74	0.02636324882615071
1346	75-79	0.07300867339512251
1346	80-84	0.054819750497543396
1346	85-89	0.08080172876223202
1346	90-94	0.04047539291771329
1346	95-99	0.09435793359411804
1346	100-104	0.10235751568168894
1346	105-109	0.10835016135804665
1346	110-114	0.11091128215069546
1346	115-119	0.1294092610822517
1346	120-124	0.1117280091920847
1346	125-129	0.14669603795093877
1346	130-134	0.16717741315371626
1346	135-139	0.13822535072662134
1346	140-144	0.17791810820615694
1346	145-149	0.2517955663234943
1346	150	0.29214528272392926
1347	1	0.01095264715656441
1347	2	0.07516076599125654
1347	3	0.047006091956362184
1347	4	0.11763478923113269
1347	5	0.0823057405123464
1347	6	0.059785166954974045
1347	7	0.09420201817150797
1347	8	0.08194205658205789
1347	9	0.07178670046175739
1347	10-14	0.06483729799165872
1347	15-19	0.0667764546905758
1347	20-24	0.047304106045750416
1347	25-29	0.1061361755755641
1347	30-34	0.06618527334058655
1347	35-39	0.08372760011356917
1347	40-44	0.07219120674075441
1347	45-49	0.09029749857602098
1347	50-54	0.08752712029961174
1347	55-59	0.10100928889997363
1347	60-64	0.09740954118734635
1347	65-69	0.06261815060042863
1347	70-74	0.11848370169601452
1347	75-79	0.06170942348532549
1347	80-84	0.08308063383014996
1347	85-89	0.07665344849798572
1347	90-94	0.1374394017024585
1347	95-99	0.11999768589004844
1347	100-104	0.11873291796111829
1347	105-109	0.12791256278856622
1347	110-114	0.11099817090298103
1347	115-119	0.16716560019546023
1347	120-124	0.13946656621718745
1347	125-129	0.19078122595186642
1347	130-134	0.1161839750180107
1347	135-139	0.21394914192509873
1347	140-144	0.15107545625387075
1347	145-149	0.21426376614112996
1347	150	0.30605907735099436
1348	1	-0.0221393046518088
1348	2	0.0705223867910405
1348	3	0.06851055435097209
1348	4	0.1213094703865778
1348	5	0.08383946743901305
1348	6	0.06390206641509621
1348	7	0.10786659282838684
1348	8	0.0875071532244931
1348	9	0.12866310918251145
1348	10-14	0.09146665232751872
1348	15-19	0.04967879257377206
1348	20-24	0.04803048446201785
1348	25-29	0.03137008091185578
1348	30-34	0.04399372684009961
1348	35-39	0.03889802926208574
1348	40-44	-0.01874173278465463
1348	45-49	0.02383573703938424
1348	50-54	0.054974518962289665
1348	55-59	1.7393147970778955E-6
1348	60-64	0.016386580274897256
1348	65-69	-0.008465653810034723
1348	70-74	0.015300366414017219
1348	75-79	0.036628249489623954
1348	80-84	-0.011355075452840424
1348	85-89	0.07385408465147236
1348	90-94	0.024342457512744886
1348	95-99	0.07020776741703116
1348	100-104	0.04044668620974079
1348	105-109	0.0021426178100369953
1348	110-114	0.08098033816911254
1348	115-119	0.09531967590680779
1348	120-124	0.09367994318053263
1348	125-129	0.12335453207025893
1348	130-134	0.13872337152119485
1348	135-139	0.1456421160873873
1348	140-144	0.1640193254350919
1348	145-149	0.20299743196266462
1348	150	0.27156101557746126
1349	1	0.1016790650611128
1349	2	0.14070818950350628
1349	3	0.048930131045437975
1349	4	0.08511251796171848
1349	5	0.02587461925117651
1349	6	0.12227587621332248
1349	7	-0.026828557647213813
1349	8	0.10659561193559597
1349	9	0.12033869439228795
1349	10-14	0.10443937950339688
1349	15-19	0.06431609277822758
1349	20-24	0.0924012840703341
1349	25-29	0.06776544630416481
1349	30-34	0.07995678905940196
1349	35-39	0.09340008399755817
1349	40-44	0.0706018753560258
1349	45-49	0.04559844148386816
1349	50-54	0.09983209184655806
1349	55-59	0.07690740356628112
1349	60-64	0.13143438205176494
1349	65-69	0.04146503821403513
1349	70-74	0.11398502577733183
1349	75-79	0.08219318794441932
1349	80-84	0.14939715240729612
1349	85-89	0.0750641267534462
1349	90-94	0.12064917339363035
1349	95-99	0.15213894757999213
1349	100-104	0.15726009801979757
1349	105-109	0.1307050681123627
1349	110-114	0.13625741995077334
1349	115-119	0.18584342764168582
1349	120-124	0.1679692119697549
1349	125-129	0.1719798689974823
1349	130-134	0.1090061046729005
1349	135-139	0.17687378545463872
1349	140-144	0.2290352238479585
1349	145-149	0.21650210463356956
1349	150	0.3098908153920803
1350	1	0.10997484178638928
1350	2	0.15586851083061504
1350	3	-0.010420572640875037
1350	4	0.0875245921179868
1350	5	0.08975568618983232
1350	6	0.07996210316481722
1350	7	0.06502306426804694
1350	8	0.022652905565450965
1350	9	0.09724068152647902
1350	10-14	0.0879321295918487
1350	15-19	0.04653743560010071
1350	20-24	0.05823069303939121
1350	25-29	0.0795026197785802
1350	30-34	0.10504915662477288
1350	35-39	0.11495528907833119
1350	40-44	0.13228743520575392
1350	45-49	0.08148172952433441
1350	50-54	0.09181083906415921
1350	55-59	0.06065541648029438
1350	60-64	0.11386150455844302
1350	65-69	0.11563693067182612
1350	70-74	0.07130071240530356
1350	75-79	0.12726894544714185
1350	80-84	0.1320640266595845
1350	85-89	0.10216951244334638
1350	90-94	0.14004688268957466
1350	95-99	0.1776726820098702
1350	100-104	0.15387182840656521
1350	105-109	0.1321962815531208
1350	110-114	0.18127599179387488
1350	115-119	0.16207480398252727
1350	120-124	0.16280972933995486
1350	125-129	0.22318848964889781
1350	130-134	0.27170159103538793
1350	135-139	0.2716862209255595
1350	140-144	0.2518980544224263
1350	145-149	0.2608259266253725
1350	150	0.38862930860972256
1351	1	0.1182006298562186
1351	2	0.14225168665070242
1351	3	0.058218959153713
1351	4	0.14875372424592825
1351	5	0.08165640179110767
1351	6	0.15527895710588524
1351	7	0.03925595818001426
1351	8	0.03199491246353858
1351	9	0.012960629843668414
1351	10-14	0.07325364749359409
1351	15-19	0.04768284683854773
1351	20-24	0.03580531683375909
1351	25-29	0.04371999514856384
1351	30-34	0.050480550479584
1351	35-39	0.06765212251016806
1351	40-44	0.06926699947793225
1351	45-49	0.034064958932418676
1351	50-54	0.06551560737644735
1351	55-59	0.07597242386182756
1351	60-64	0.12198458432915515
1351	65-69	0.11353652925561164
1351	70-74	0.07792316385670972
1351	75-79	0.1140335200338285
1351	80-84	0.09162324982393955
1351	85-89	0.11433435909400913
1351	90-94	0.13742525807410289
1351	95-99	0.2162236726096083
1351	100-104	0.1982511459009899
1351	105-109	0.1590738512421339
1351	110-114	0.19649569759526742
1351	115-119	0.22592937495561216
1351	120-124	0.16996249424867926
1351	125-129	0.23144746829355967
1351	130-134	0.18244705778347736
1351	135-139	0.25691609082620204
1351	140-144	0.16720036395059878
1351	145-149	0.24809333091791075
1351	150	0.2550320899576235
1352	1	-0.018188743301827515
1352	2	0.020425460315621535
1352	3	0.069322080609723
1352	4	0.03964069370935874
1352	5	0.030666323166791187
1352	6	-0.08015806683660287
1352	7	0.009028764004852974
1352	8	-0.0305311536642634
1352	9	0.01600952516677978
1352	10-14	-0.015945573737838004
1352	15-19	0.01155736486524006
1352	20-24	0.013517974965019164
1352	25-29	0.002439767466491105
1352	30-34	0.011696152704963936
1352	35-39	0.019982846612315086
1352	40-44	0.016997214250139336
1352	45-49	-0.023477966137456008
1352	50-54	0.03501590080029615
1352	55-59	0.01291879979914512
1352	60-64	0.04713413096149566
1352	65-69	0.049876795146218456
1352	70-74	0.02215781940911654
1352	75-79	0.05691632789419998
1352	80-84	0.05541049206323834
1352	85-89	0.0794696336370535
1352	90-94	0.08183955889102634
1352	95-99	0.12575884512273205
1352	100-104	0.1484506389910436
1352	105-109	0.14357643682636478
1352	110-114	0.11841096592050349
1352	115-119	0.14245479744401024
1352	120-124	0.1407916064224608
1352	125-129	0.20123608212102795
1352	130-134	0.19205486904451163
1352	135-139	0.19339062715894073
1352	140-144	0.21925996129149894
1352	145-149	0.2686212908834662
1352	150	0.31411581714116465
1353	1	0.017966213517148333
1353	2	0.13089513622475835
1353	3	0.07066979517012584
1353	4	0.13947388036530128
1353	5	0.017967372615608213
1353	6	-0.037049335976931275
1353	7	0.010759319247021892
1353	8	0.02738254254911965
1353	9	0.035143640436238854
1353	10-14	0.03929811178610976
1353	15-19	0.003938424692599085
1353	20-24	0.024864107716872752
1353	25-29	-0.006831321863856488
1353	30-34	0.04513229055810797
1353	35-39	0.05668044294769459
1353	40-44	0.01768501745048212
1353	45-49	0.010924433831732472
1353	50-54	-0.017047753208700556
1353	55-59	0.036983983215613137
1353	60-64	0.06261492352383158
1353	65-69	0.08412032014299342
1353	70-74	0.05036924757496308
1353	75-79	0.05377569494788048
1353	80-84	0.06694211092989377
1353	85-89	0.06782775743616298
1353	90-94	0.039734826741657514
1353	95-99	0.061359372183680705
1353	100-104	0.11042336540522513
1353	105-109	0.07694744483727334
1353	110-114	0.09858978067469337
1353	115-119	0.16172784399356033
1353	120-124	0.09744165464904597
1353	125-129	0.14423688241055999
1353	130-134	0.1914289695008975
1353	135-139	0.22314862022910376
1353	140-144	0.19463937537319254
1353	145-149	0.2186706710745625
1353	150	0.3022267858004355
1354	1	-0.03729261381160853
1354	2	0.06445282038635725
1354	3	0.059148449391592806
1354	4	0.06861542269272292
1354	5	0.11321470453902549
1354	6	0.029045212760401284
1354	7	0.04643014882044838
1354	8	0.0734666140677902
1354	9	0.0399367445143497
1354	10-14	0.019595354287858413
1354	15-19	0.009796145928625322
1354	20-24	0.09043657346189349
1354	25-29	0.0364335189842393
1354	30-34	0.058617599911976015
1354	35-39	0.05395970823661145
1354	40-44	0.06386884794649461
1354	45-49	0.049621648430509424
1354	50-54	0.05065337363637212
1354	55-59	0.017024133580804346
1354	60-64	0.06320140099431626
1354	65-69	0.04729443161966884
1354	70-74	0.05250701211890885
1354	75-79	0.12671097169646117
1354	80-84	0.09016304344898884
1354	85-89	0.0717307934201088
1354	90-94	0.020450400178958716
1354	95-99	0.10078577555193391
1354	100-104	0.12982669052311024
1354	105-109	0.13302352242465787
1354	110-114	0.15049678214600704
1354	115-119	0.18372536886723623
1354	120-124	0.13674721635776166
1354	125-129	0.18187325918937347
1354	130-134	0.153099380529639
1354	135-139	0.21811486267722557
1354	140-144	0.2478763443324894
1354	145-149	0.23031703618698884
1354	150	0.33525892824397374
1355	1	0.055844533062042956
1355	2	0.11221022546541093
1355	3	0.08573354536030564
1355	4	0.14929001445260326
1355	5	0.09874197570572818
1355	6	0.14360868309910302
1355	7	0.06804244017684624
1355	8	0.0748402053900108
1355	9	0.11064658898178692
1355	10-14	0.07508165839059444
1355	15-19	0.07294148544181667
1355	20-24	0.06086914792251008
1355	25-29	0.08870961518957188
1355	30-34	0.07869159657461466
1355	35-39	0.10829589178885612
1355	40-44	0.10285550851990166
1355	45-49	0.09204046049391224
1355	50-54	0.09084263946142812
1355	55-59	0.05039560773010976
1355	60-64	0.11210645220700854
1355	65-69	0.0878779996359782
1355	70-74	0.13338665184381426
1355	75-79	0.08504581287756707
1355	80-84	0.13182715837327663
1355	85-89	0.13380208136954508
1355	90-94	0.12245848610926657
1355	95-99	0.16795683662827798
1355	100-104	0.16877101537074424
1355	105-109	0.20083006400955128
1355	110-114	0.2169367303688361
1355	115-119	0.20994701552979222
1355	120-124	0.1750697859777972
1355	125-129	0.28894065766482413
1355	130-134	0.21349879393820004
1355	135-139	0.2804869275935431
1355	140-144	0.32207059301448027
1355	145-149	0.32232169273019196
1355	150	0.36512484964721637
1356	1	0.05430931364337965
1356	2	0.04795910072743226
1356	3	0.024532966693250557
1356	4	0.11974635934218725
1356	5	0.03596204657998925
1356	6	-0.003060393875564671
1356	7	0.055930063042445965
1356	8	0.039995514301018886
1356	9	0.03509695232895638
1356	10-14	0.08610617158997513
1356	15-19	0.035212632925151865
1356	20-24	0.05609198698143558
1356	25-29	0.07231938555075601
1356	30-34	0.04940173839941764
1356	35-39	0.059923829846646015
1356	40-44	0.07985526024658895
1356	45-49	0.07105189236461484
1356	50-54	0.1061571339587104
1356	55-59	0.04786231221234516
1356	60-64	0.0622640444406386
1356	65-69	0.07962497369030785
1356	70-74	0.10276156414906268
1356	75-79	0.12120912399183936
1356	80-84	0.11722125194054911
1356	85-89	0.1074717067472335
1356	90-94	0.11329912255032326
1356	95-99	0.14597617954316178
1356	100-104	0.1144342329600434
1356	105-109	0.1523465832621298
1356	110-114	0.1622432687252342
1356	115-119	0.15317709671448654
1356	120-124	0.1942343612484123
1356	125-129	0.23285414228553947
1356	130-134	0.17910582315342793
1356	135-139	0.24842017442232134
1356	140-144	0.2806345593153523
1356	145-149	0.28515920465498823
1356	150	0.2095167746132418
1357	1	0.07535473859831399
1357	2	0.11310558731140219
1357	3	0.013571514275348306
1357	4	0.06654160079707339
1357	5	-0.008549136269358826
1357	6	0.030715776749531187
1357	7	0.035032557779231865
1357	8	-0.002641166510443327
1357	9	-0.0013297075194103058
1357	10-14	0.00799013469683274
1357	15-19	-0.003083644956930698
1357	20-24	0.03817744035625026
1357	25-29	0.03339809991677356
1357	30-34	0.05291466940372658
1357	35-39	0.033235382065690544
1357	40-44	0.016874974297792278
1357	45-49	-0.0018143322996806432
1357	50-54	0.05274197714670237
1357	55-59	0.007358165224665925
1357	60-64	0.05699319045465501
1357	65-69	0.06155366597453593
1357	70-74	0.07953031567259927
1357	75-79	0.07094212291566748
1357	80-84	0.11628814653384723
1357	85-89	0.04227866768867017
1357	90-94	0.06705597143715636
1357	95-99	0.09930162414801202
1357	100-104	0.11945220942541113
1357	105-109	0.11106736604637746
1357	110-114	0.10673207299021925
1357	115-119	0.16128870373863435
1357	120-124	0.1070157470923192
1357	125-129	0.1795708053253975
1357	130-134	0.12618071728225289
1357	135-139	0.20998291676750824
1357	140-144	0.15668704653068488
1357	145-149	0.1955640302055528
1357	150	0.23418596658033408
1358	1	0.07217543220617983
1358	2	0.07724366628036705
1358	3	0.04196060024406023
1358	4	0.04190105311447212
1358	5	0.07566845868848304
1358	6	0.025631437755201603
1358	7	0.03605151643829174
1358	8	-0.006223826690295198
1358	9	0.04738508123789131
1358	10-14	0.012846426062800731
1358	15-19	-0.007905322036378948
1358	20-24	-0.003924465916000486
1358	25-29	-0.02424043221976291
1358	30-34	0.06663862497650541
1358	35-39	0.014042532270480024
1358	40-44	0.05762468866878834
1358	45-49	0.029353391781967275
1358	50-54	0.01971909419241058
1358	55-59	0.02250854782690226
1358	60-64	0.0681705070768075
1358	65-69	0.03506953587920236
1358	70-74	0.05940941168152136
1358	75-79	0.06661985450882213
1358	80-84	0.06836531423734726
1358	85-89	0.0509122514640552
1358	90-94	0.06581551587230194
1358	95-99	0.07852883214734163
1358	100-104	0.13136133670876404
1358	105-109	0.09096167354281448
1358	110-114	0.11908047273765021
1358	115-119	0.15095592199755714
1358	120-124	0.10534332748294872
1358	125-129	0.1667294996724138
1358	130-134	0.1671649628664511
1358	135-139	0.20678500363780472
1358	140-144	0.1956609108501084
1358	145-149	0.23954871772373565
1358	150	0.18009570093246907
1359	1	0.09652957906657633
1359	2	0.028038594644904435
1359	3	0.10184035860906704
1359	4	0.08188836307294167
1359	5	0.1268042752784524
1359	6	0.09630815818204042
1359	7	0.09501835899362732
1359	8	0.05785064757240832
1359	9	0.07439886604182533
1359	10-14	0.09901705967478591
1359	15-19	0.06369268430893271
1359	20-24	0.08240977223407242
1359	25-29	0.10029909581037089
1359	30-34	0.07062829712317154
1359	35-39	0.11357995222891759
1359	40-44	0.12548054850783075
1359	45-49	0.10486630367920924
1359	50-54	0.10760334257075499
1359	55-59	0.08851975047618055
1359	60-64	0.08024603912994621
1359	65-69	0.12145951417096512
1359	70-74	0.08965848746606753
1359	75-79	0.12646152170439962
1359	80-84	0.1226291217960167
1359	85-89	0.13138888659231185
1359	90-94	0.13181083922945191
1359	95-99	0.1341239652973556
1359	100-104	0.1708935710260775
1359	105-109	0.15362162811560154
1359	110-114	0.16521957351916683
1359	115-119	0.17173448273391045
1359	120-124	0.0901159089962178
1359	125-129	0.18670562046943928
1359	130-134	0.22547435489857293
1359	135-139	0.2798317084144557
1359	140-144	0.2965010354107207
1359	145-149	0.2589407675456812
1359	150	0.4052512928849765
1360	1	0.06544229380848066
1360	2	0.0792401650853023
1360	3	0.03465907834370796
1360	4	0.10889360718412178
1360	5	0.06302973880973184
1360	6	0.03251899193320895
1360	7	0.020136494468054877
1360	8	0.036454594155095776
1360	9	0.011973594293657186
1360	10-14	0.06035999369048284
1360	15-19	0.0010204352728351296
1360	20-24	0.023285510871708937
1360	25-29	0.03904580244737588
1360	30-34	0.034948125396148555
1360	35-39	0.09245667771173771
1360	40-44	0.023686139477796075
1360	45-49	0.034790454919210845
1360	50-54	0.05816040469809991
1360	55-59	0.04399454668999425
1360	60-64	0.047710073145516674
1360	65-69	0.04571183265862544
1360	70-74	0.0804441199580026
1360	75-79	0.07959462211390189
1360	80-84	0.03943927113947154
1360	85-89	0.04635781160936858
1360	90-94	0.05992329169929178
1360	95-99	0.10314873085513199
1360	100-104	0.12929299328276755
1360	105-109	0.08947589422598412
1360	110-114	0.11405178457103204
1360	115-119	0.17542730523079797
1360	120-124	0.10077250682754624
1360	125-129	0.20095595728687954
1360	130-134	0.14838631953175252
1360	135-139	0.1909974225937674
1360	140-144	0.2336560219712709
1360	145-149	0.2658268720475334
1360	150	0.3225730855384299
1361	1	0.06579913198741139
1361	2	0.08882004794770637
1361	3	0.09038606408100236
1361	4	0.14106414416593793
1361	5	0.09949593270365398
1361	6	0.08425730464175274
1361	7	0.0700248575484892
1361	8	0.07174197746569178
1361	9	0.09662228267160344
1361	10-14	0.06690978940315517
1361	15-19	0.08124668295951665
1361	20-24	0.06605777673180313
1361	25-29	0.10714613968733033
1361	30-34	0.08912840925742671
1361	35-39	0.12121353885329
1361	40-44	0.08607410141819116
1361	45-49	0.074255482330841
1361	50-54	0.11806335939445489
1361	55-59	0.09990221248787634
1361	60-64	0.15197908777147973
1361	65-69	0.13000495803593992
1361	70-74	0.1608037861153946
1361	75-79	0.16958806741510557
1361	80-84	0.17451868275055915
1361	85-89	0.1515645104833041
1361	90-94	0.15707066607892273
1361	95-99	0.20549984908297603
1361	100-104	0.17780261099748884
1361	105-109	0.17340609727106937
1361	110-114	0.2225454413824508
1361	115-119	0.2638586147636204
1361	120-124	0.20531937857048632
1361	125-129	0.25505409331498896
1361	130-134	0.26620878553836036
1361	135-139	0.29646135928092576
1361	140-144	0.2961772706296273
1361	145-149	0.33951969900489587
1361	150	0.44416599498241993
1362	1	0.03883379340147286
1362	2	0.0801056298729037
1362	3	0.08572920524620287
1362	4	0.1268565433383344
1362	5	0.018299600413364203
1362	6	0.12983788683958863
1362	7	0.09473520282439551
1362	8	0.0802714241779583
1362	9	0.11667114959104197
1362	10-14	0.12164192024800968
1362	15-19	0.0890297483169391
1362	20-24	0.09694328903080418
1362	25-29	0.07844574686130557
1362	30-34	0.11199840377353354
1362	35-39	0.10924873008362823
1362	40-44	0.13285445435441545
1362	45-49	0.10535519756352585
1362	50-54	0.09658017385802964
1362	55-59	0.12477847002764975
1362	60-64	0.12100247088531546
1362	65-69	0.10354679530543365
1362	70-74	0.13166574837865141
1362	75-79	0.15077001251471245
1362	80-84	0.13094312535407937
1362	85-89	0.12105854189461951
1362	90-94	0.15011843836223449
1362	95-99	0.20839518429475845
1362	100-104	0.18635391709580063
1362	105-109	0.18618377993326618
1362	110-114	0.22476336422166554
1362	115-119	0.24543348589920555
1362	120-124	0.1827869139294762
1362	125-129	0.26721323631275595
1362	130-134	0.23356304498737046
1362	135-139	0.27612185301254755
1362	140-144	0.28634369961316963
1362	145-149	0.2964829873804433
1362	150	0.3497022059602628
1363	1	0.11433877086746236
1363	2	0.09817596123067318
1363	3	0.09095225777647897
1363	4	0.14577249173886742
1363	5	0.0542919646176756
1363	6	0.09159369914205229
1363	7	0.06901119581966242
1363	8	0.029752116448030108
1363	9	0.057420109660881735
1363	10-14	0.1091743276797672
1363	15-19	0.08561067881121431
1363	20-24	0.08629671803946337
1363	25-29	0.09979063555853429
1363	30-34	0.10057857699880657
1363	35-39	0.10517251937353223
1363	40-44	0.11206068920245826
1363	45-49	0.09429907025819517
1363	50-54	0.08497607829488629
1363	55-59	0.07851101734380705
1363	60-64	0.09694529707631006
1363	65-69	0.08235230864440979
1363	70-74	0.09531262963992759
1363	75-79	0.0939012146266549
1363	80-84	0.13557761159439963
1363	85-89	0.0805494888489875
1363	90-94	0.11926098899144222
1363	95-99	0.12765474350109685
1363	100-104	0.17396625847686664
1363	105-109	0.20805454987599603
1363	110-114	0.19653132438089926
1363	115-119	0.22979503977311566
1363	120-124	0.16504536352638155
1363	125-129	0.289435294927479
1363	130-134	0.2760092341889262
1363	135-139	0.27539592654126466
1363	140-144	0.3198036300916769
1363	145-149	0.34310299085126417
1363	150	0.4068402550460206
1364	1	0.034010675132890356
1364	2	0.07619569514201174
1364	3	0.10190363935609525
1364	4	0.13263248042570552
1364	5	0.0735616627466058
1364	6	0.033744339191812855
1364	7	0.028414801787761235
1364	8	0.07775439327402012
1364	9	0.0780695775852891
1364	10-14	0.06910474537938427
1364	15-19	0.06568792150491731
1364	20-24	0.06547249473071304
1364	25-29	0.0594564455765223
1364	30-34	0.07262371512128851
1364	35-39	0.08856122850262693
1364	40-44	0.07280897572766776
1364	45-49	0.07541111427493519
1364	50-54	0.0649936654981147
1364	55-59	0.07451509310836713
1364	60-64	0.12537421380726244
1364	65-69	0.10682834885981407
1364	70-74	0.118893298100339
1364	75-79	0.15659242578026067
1364	80-84	0.16347949894213087
1364	85-89	0.05569363696379526
1364	90-94	0.1153622698953285
1364	95-99	0.1610396650175474
1364	100-104	0.1941281392903349
1364	105-109	0.2265633944601504
1364	110-114	0.23345738218587542
1364	115-119	0.23607574847542168
1364	120-124	0.19161904560397147
1364	125-129	0.24161554270500574
1364	130-134	0.2515329668587043
1364	135-139	0.2641651558910283
1364	140-144	0.2929116182164151
1364	145-149	0.2860052579065808
1364	150	0.3984206358276552
1365	1	0.11535983177080311
1365	2	0.11254626760863573
1365	3	0.002587055986701614
1365	4	-0.01303134694583008
1365	5	0.13293667233833872
1365	6	0.1222676466162298
1365	7	0.06302112467108856
1365	8	0.014392649858159245
1365	9	0.03682888192122391
1365	10-14	0.05977639353606179
1365	15-19	0.06163400452037848
1365	20-24	0.04520388058041647
1365	25-29	0.05676766300148728
1365	30-34	0.06961078022149536
1365	35-39	0.11554184867343764
1365	40-44	0.09712808060698563
1365	45-49	0.05487311078400836
1365	50-54	0.09324848154638232
1365	55-59	0.059155960499211346
1365	60-64	0.08633460179643748
1365	65-69	0.06835503978294355
1365	70-74	0.11892353480533302
1365	75-79	0.1166113073034154
1365	80-84	0.15504799803449743
1365	85-89	0.11049570896327765
1365	90-94	0.14996539494016048
1365	95-99	0.16262916205965894
1365	100-104	0.1803089086745686
1365	105-109	0.178398778871383
1365	110-114	0.18447843131532693
1365	115-119	0.19768101485857414
1365	120-124	0.22203434417752277
1365	125-129	0.26359528596854176
1365	130-134	0.22444653249644375
1365	135-139	0.34364865929155286
1365	140-144	0.2943571839743555
1365	145-149	0.28981782374154363
1365	150	0.3449679089101423
1366	1	0.11548026329370487
1366	2	0.09737595306732771
1366	3	0.08655942700008978
1366	4	0.13489293126874458
1366	5	0.04004592461299694
1366	6	-0.0055163567982390305
1366	7	0.09080581783407382
1366	8	0.10851196141085495
1366	9	0.004342681485887567
1366	10-14	0.10326482267058168
1366	15-19	0.08071128377704895
1366	20-24	0.09551544523577604
1366	25-29	0.09072341441698484
1366	30-34	0.054807478717556535
1366	35-39	0.08220083741284157
1366	40-44	0.07135772996485912
1366	45-49	0.0872530088009924
1366	50-54	0.10061809837246471
1366	55-59	0.054559629135525256
1366	60-64	0.09024291259540007
1366	65-69	0.09389810277566824
1366	70-74	0.09559616361998735
1366	75-79	0.1433064173850056
1366	80-84	0.1175834839846388
1366	85-89	0.11157113430003562
1366	90-94	0.1392492233279583
1366	95-99	0.18867234761997764
1366	100-104	0.20805208327289648
1366	105-109	0.2080200265052099
1366	110-114	0.19595745046619584
1366	115-119	0.24635547453786444
1366	120-124	0.18690986760176997
1366	125-129	0.2270272826957509
1366	130-134	0.21442691619184728
1366	135-139	0.2407402905203
1366	140-144	0.2633478950189172
1366	145-149	0.30595507500873964
1366	150	0.3287594393186595
1367	1	0.06516797804711416
1367	2	0.04672452785764136
1367	3	0.1256600462499904
1367	4	0.17465620121835457
1367	5	0.07233623906258657
1367	6	0.051660199210019186
1367	7	-0.011961191823644413
1367	8	0.026548022264314852
1367	9	0.06656006682936066
1367	10-14	0.09022627586750787
1367	15-19	0.08197458132720925
1367	20-24	0.03137469592791575
1367	25-29	0.039480168831850904
1367	30-34	0.06621452429684638
1367	35-39	0.057101924361411704
1367	40-44	0.05977330929182756
1367	45-49	0.05529539260292182
1367	50-54	0.08307489496249332
1367	55-59	0.025184787743668835
1367	60-64	0.06848094866005283
1367	65-69	0.08069689800458946
1367	70-74	0.09591689054909125
1367	75-79	0.03949406425341806
1367	80-84	0.07895696710645694
1367	85-89	0.062158512934821886
1367	90-94	0.06750787191957386
1367	95-99	0.10828790095207808
1367	100-104	0.12926568463338128
1367	105-109	0.12872825753994732
1367	110-114	0.15085771652408653
1367	115-119	0.16504275632845378
1367	120-124	0.13365541134826486
1367	125-129	0.17852080492767897
1367	130-134	0.22611842319416553
1367	135-139	0.19872073983062677
1367	140-144	0.1856170439804572
1367	145-149	0.21793377973635586
1367	150	0.2415036531082393
1368	1	0.12367996679256521
1368	2	0.06312664673519208
1368	3	0.06366839339546004
1368	4	0.06697089228794795
1368	5	0.05545208403991353
1368	6	0.08444992384358585
1368	7	0.06427189119971644
1368	8	0.04253432111374167
1368	9	0.09251893301465941
1368	10-14	0.10231997410781446
1368	15-19	0.08421468163579249
1368	20-24	0.05576178150310085
1368	25-29	0.051507631858967784
1368	30-34	0.10064876701409986
1368	35-39	0.08890562560842596
1368	40-44	0.11469418843180534
1368	45-49	0.11301403874637828
1368	50-54	0.09268667755479498
1368	55-59	0.06709764198676993
1368	60-64	0.13729193539860063
1368	65-69	0.08189632156631177
1368	70-74	0.1273722386868883
1368	75-79	0.13818478972903847
1368	80-84	0.15141830944988044
1368	85-89	0.08943961042471216
1368	90-94	0.11787190779334367
1368	95-99	0.12186452512553814
1368	100-104	0.12165967272554923
1368	105-109	0.19448083307000275
1368	110-114	0.19246893654194963
1368	115-119	0.21190925403819705
1368	120-124	0.17411410810240824
1368	125-129	0.25425196310055753
1368	130-134	0.25463822515498435
1368	135-139	0.2786127813026411
1368	140-144	0.2886446529981086
1368	145-149	0.3092816582092013
1368	150	0.2719995884316617
1369	1	0.1618379030028052
1369	2	0.062171240809369976
1369	3	0.04064665266931655
1369	4	0.15220219541639324
1369	5	0.11189154032299342
1369	6	0.06511664352986202
1369	7	0.0993814315286059
1369	8	0.046044241240416284
1369	9	0.08703353403204517
1369	10-14	0.06874958506685402
1369	15-19	0.061945442741304646
1369	20-24	0.09217705921928143
1369	25-29	0.06544651608317764
1369	30-34	0.08172439660733488
1369	35-39	0.10953147057845314
1369	40-44	0.1269124612546193
1369	45-49	0.09167300830039693
1369	50-54	0.09427644238109423
1369	55-59	0.09280287671376186
1369	60-64	0.10097227486063787
1369	65-69	0.11281273079950438
1369	70-74	0.11974731439599395
1369	75-79	0.1354803304077734
1369	80-84	0.15733035748958457
1369	85-89	0.12784903474787512
1369	90-94	0.08224109684254444
1369	95-99	0.14289581450207578
1369	100-104	0.15761952432841753
1369	105-109	0.1943003972895454
1369	110-114	0.17598092783168084
1369	115-119	0.19885236839873244
1369	120-124	0.17576526589667196
1369	125-129	0.23727046521122475
1369	130-134	0.23311669191610918
1369	135-139	0.26233670421947153
1369	140-144	0.2516959562620258
1369	145-149	0.26385102466426247
1369	150	0.37264155085074435
1370	1	-0.008562017486184459
1370	2	0.06975086052138124
1370	3	0.08509605200066517
1370	4	0.10663051737637375
1370	5	0.04905645743147602
1370	6	0.07002802965835997
1370	7	0.04191181808423039
1370	8	0.054367181296328226
1370	9	0.03737458227350743
1370	10-14	0.04844741750120107
1370	15-19	0.05041680303729379
1370	20-24	0.0351638149875555
1370	25-29	0.03413547348644386
1370	30-34	0.038266341881225685
1370	35-39	0.07982499222626416
1370	40-44	0.07477821012849262
1370	45-49	0.05556586482926207
1370	50-54	0.050454701919498746
1370	55-59	0.03218797789480732
1370	60-64	0.07821650487129261
1370	65-69	0.05126039637549695
1370	70-74	0.09256978724850029
1370	75-79	0.10036625548693223
1370	80-84	0.10391025288992495
1370	85-89	0.043884576399278785
1370	90-94	0.12441109792214178
1370	95-99	0.11401903947561465
1370	100-104	0.1540338614746375
1370	105-109	0.14877436093306784
1370	110-114	0.13677849339266857
1370	115-119	0.17442637185967413
1370	120-124	0.10785744133389841
1370	125-129	0.20586785351065373
1370	130-134	0.21255497061125794
1370	135-139	0.25759096920954505
1370	140-144	0.24540324248723522
1370	145-149	0.2814252539524844
1370	150	0.3024405555248748
1371	1	0.08621476288610097
1371	2	0.135883002399936
1371	3	0.0493723758493374
1371	4	0.09178679314113936
1371	5	0.009354635931380528
1371	6	0.028799810107052792
1371	7	0.04313610666374501
1371	8	0.02342066735337056
1371	9	0.055678772964817824
1371	10-14	0.057152106935745906
1371	15-19	0.017027503352608164
1371	20-24	0.03363561894732214
1371	25-29	0.029129711168202732
1371	30-34	0.012974588589734992
1371	35-39	0.05969971308256561
1371	40-44	0.044656481066795095
1371	45-49	0.024628795060245068
1371	50-54	-0.019919241472138083
1371	55-59	-0.018770229600981736
1371	60-64	0.059456022417847976
1371	65-69	0.07260016979007844
1371	70-74	0.08704606214455168
1371	75-79	0.12836486232933453
1371	80-84	0.07734636558465979
1371	85-89	-0.0061895220405290274
1371	90-94	0.06572939199205052
1371	95-99	0.07971900157117062
1371	100-104	0.15294234018997344
1371	105-109	0.12938096741662264
1371	110-114	0.1317801028294241
1371	115-119	0.1352905667677362
1371	120-124	0.09352174362922483
1371	125-129	0.19861288262696064
1371	130-134	0.1480415062048479
1371	135-139	0.18464149170751654
1371	140-144	0.19868033062319057
1371	145-149	0.24924182765444414
1371	150	0.21865999213637366
1372	1	0.13850789015604192
1372	2	0.059462710693857446
1372	3	0.09375126939722378
1372	4	0.16257075031780488
1372	5	0.08642009786894533
1372	6	0.10336228587490837
1372	7	0.09062587546986833
1372	8	0.061046382049013914
1372	9	0.11807853094826015
1372	10-14	0.07665072848269006
1372	15-19	0.04782818222537344
1372	20-24	0.030972079435272803
1372	25-29	0.06090563246687708
1372	30-34	0.07330372673846597
1372	35-39	0.1098724522090535
1372	40-44	0.11639335469909895
1372	45-49	0.09499937057049834
1372	50-54	0.07489379110418071
1372	55-59	0.10676051884631477
1372	60-64	0.10690808767214577
1372	65-69	0.11306647501713485
1372	70-74	0.14839388913327412
1372	75-79	0.1666327714096667
1372	80-84	0.13912894148429444
1372	85-89	0.07993283234504389
1372	90-94	0.13332042217278683
1372	95-99	0.13009543669939916
1372	100-104	0.14964805404839865
1372	105-109	0.17201225577367296
1372	110-114	0.1636829366376844
1372	115-119	0.17917046728617692
1372	120-124	0.1830733936271116
1372	125-129	0.2796033298739431
1372	130-134	0.27574478418789994
1372	135-139	0.2768944702003182
1372	140-144	0.29425906234575905
1372	145-149	0.3155683744908231
1372	150	0.277072969714105
1373	1	0.03990119823415483
1373	2	0.08466397658692415
1373	3	0.05682767996682969
1373	4	0.07558202974960437
1373	5	0.08685772216976773
1373	6	-0.05345043113990755
1373	7	-0.043418419398363994
1373	8	0.021034936052338082
1373	9	0.03270762513429304
1373	10-14	0.01316775725001662
1373	15-19	-0.006178130156378359
1373	20-24	2.9282217225556906E-4
1373	25-29	0.04285928187486121
1373	30-34	0.044099579415394885
1373	35-39	0.06581242621354733
1373	40-44	0.05728924595643292
1373	45-49	0.007898581736327515
1373	50-54	0.0017642363733756383
1373	55-59	0.041812232257925075
1373	60-64	0.046788018597546
1373	65-69	0.04186776311885154
1373	70-74	0.056685887328121964
1373	75-79	0.1212314568284043
1373	80-84	0.09474210665828053
1373	85-89	0.07942664595467619
1373	90-94	0.09014025734474274
1373	95-99	0.12735500314668258
1373	100-104	0.14883493272225223
1373	105-109	0.13099959826664076
1373	110-114	0.15718041467460608
1373	115-119	0.16346314312956878
1373	120-124	0.0814675089042467
1373	125-129	0.1749906216856516
1373	130-134	0.2406851269129362
1373	135-139	0.2598311086363694
1373	140-144	0.2487467045131524
1373	145-149	0.2607871510504509
1373	150	0.29380519460800514
1374	1	0.1564469863779081
1374	2	0.1628374117677467
1374	3	0.08194534896060901
1374	4	0.07922489831720725
1374	5	0.10666196562662833
1374	6	0.10188847040257087
1374	7	0.04288467651932848
1374	8	0.021216507065616952
1374	9	0.10743370801764485
1374	10-14	0.057327325851602495
1374	15-19	0.03677538102137845
1374	20-24	0.059837231572956284
1374	25-29	0.0554069790112095
1374	30-34	0.09049096388493183
1374	35-39	0.06821453439717828
1374	40-44	0.10343145318437053
1374	45-49	0.10471401743962616
1374	50-54	0.07925470259959155
1374	55-59	0.06328803146601558
1374	60-64	0.0961951025524641
1374	65-69	0.1157813369183529
1374	70-74	0.10413901465796016
1374	75-79	0.13037963955178355
1374	80-84	0.10988053099972461
1374	85-89	0.06851298429064201
1374	90-94	0.12697410926731578
1374	95-99	0.09856955257236422
1374	100-104	0.17262173424332872
1374	105-109	0.1823249088371739
1374	110-114	0.1694848047686719
1374	115-119	0.15793152143518085
1374	120-124	0.11546978584433276
1374	125-129	0.20594749008977686
1374	130-134	0.21510478633300778
1374	135-139	0.2241159395654364
1374	140-144	0.21867498302066224
1374	145-149	0.27278433090492626
1374	150	0.2914008627212539
1375	1	0.06913722154767754
1375	2	0.01376553516298884
1375	3	0.054397718509918036
1375	4	0.07346552783710791
1375	5	0.06914061621774437
1375	6	0.05041709048518328
1375	7	0.02047102690425362
1375	8	0.048857058751586635
1375	9	0.03743315421840521
1375	10-14	0.052686983769319795
1375	15-19	0.030796812697872156
1375	20-24	0.0339766052616568
1375	25-29	0.02325264500363744
1375	30-34	0.0546676332504461
1375	35-39	0.031889646175777386
1375	40-44	0.0643528967745084
1375	45-49	0.027511836664594114
1375	50-54	0.011286419746028287
1375	55-59	-0.0214657623006147
1375	60-64	0.0764258714256627
1375	65-69	0.06334946572748379
1375	70-74	0.0817602305627716
1375	75-79	0.04256469278175956
1375	80-84	0.07856766980175678
1375	85-89	0.05240217876144726
1375	90-94	0.05151992369539471
1375	95-99	0.12558702702652624
1375	100-104	0.16294268272704215
1375	105-109	0.12615387581235638
1375	110-114	0.17086914712523793
1375	115-119	0.13393116975969122
1375	120-124	0.09566525503037582
1375	125-129	0.1498375613897167
1375	130-134	0.1820929436419121
1375	135-139	0.1838961367193903
1375	140-144	0.18758309408886475
1375	145-149	0.24973412599567268
1375	150	0.27529136913231156
1376	1	0.12386791783873008
1376	2	0.010927331109613192
1376	3	0.05491434581033161
1376	4	0.11525386200218435
1376	5	0.07523446790268196
1376	6	0.06294456800144843
1376	7	-0.06249224720680502
1376	8	-0.009999926803459402
1376	9	0.032754933366824446
1376	10-14	0.028244152949312706
1376	15-19	0.0071152939519834035
1376	20-24	0.003934988378375692
1376	25-29	1.1666895744610883E-5
1376	30-34	0.02225155900472231
1376	35-39	0.04816499838580768
1376	40-44	0.017371373048106875
1376	45-49	0.012325951062713614
1376	50-54	-0.01003190109867802
1376	55-59	-0.03421177572391798
1376	60-64	0.03509978174225381
1376	65-69	0.0630251022578534
1376	70-74	0.05967788703291177
1376	75-79	0.0884167636483113
1376	80-84	0.06923208843041806
1376	85-89	3.9828135769681694E-4
1376	90-94	0.0596744179098323
1376	95-99	0.10428697911221008
1376	100-104	0.09373204441273941
1376	105-109	0.06740694485669252
1376	110-114	0.09255305452602158
1376	115-119	0.0916422634519094
1376	120-124	0.03388146350820875
1376	125-129	0.13269261482879813
1376	130-134	0.17251801342001016
1376	135-139	0.15127744903708162
1376	140-144	0.18491663946906556
1376	145-149	0.18348869713079807
1376	150	0.15276393094834617
1377	1	0.09243876538926799
1377	2	0.12480372075178536
1377	3	0.06857529050044064
1377	4	0.18486623083181541
1377	5	0.07998556032066517
1377	6	0.09098530850895514
1377	7	0.04499258813760321
1377	8	0.044553338109437846
1377	9	0.0856225272911999
1377	10-14	0.07525363137007446
1377	15-19	0.03408538904699299
1377	20-24	0.0856445114153388
1377	25-29	0.06114238615283085
1377	30-34	0.09532035187179133
1377	35-39	0.08646949280237948
1377	40-44	0.09485484136087763
1377	45-49	0.09246466437083001
1377	50-54	0.05950290219293919
1377	55-59	0.04540548601750061
1377	60-64	0.12023415177232266
1377	65-69	0.12014275405037012
1377	70-74	0.14620491756141973
1377	75-79	0.13920416479015074
1377	80-84	0.16336613604376282
1377	85-89	0.1358745599159974
1377	90-94	0.12481930437711242
1377	95-99	0.16121175464575543
1377	100-104	0.2018582131614366
1377	105-109	0.21245261705397667
1377	110-114	0.17261071179909493
1377	115-119	0.18301046991069114
1377	120-124	0.21352929339688842
1377	125-129	0.23635585320578656
1377	130-134	0.2569876302451988
1377	135-139	0.24498311225375602
1377	140-144	0.28503611487891334
1377	145-149	0.2759327512771108
1377	150	0.2765270577872201
1378	1	0.1256244863753082
1378	2	0.01325753217596315
1378	3	0.016468189371522612
1378	4	0.09075737333433409
1378	5	0.0704855296239657
1378	6	0.10348006349132532
1378	7	0.058982669990051306
1378	8	0.050607244966350606
1378	9	0.006412010074271279
1378	10-14	0.05469265464603268
1378	15-19	0.052363230309318
1378	20-24	0.024527071005024936
1378	25-29	0.035038466179180716
1378	30-34	0.04764573959604235
1378	35-39	0.058088969395349466
1378	40-44	0.05446794223445295
1378	45-49	0.011186817649189607
1378	50-54	0.019904012790995296
1378	55-59	0.030860296688771882
1378	60-64	0.08168267598886558
1378	65-69	0.0677419319342576
1378	70-74	0.109550450080242
1378	75-79	0.10963595197704024
1378	80-84	0.10998719536061685
1378	85-89	0.05080749504463
1378	90-94	0.0909501914754074
1378	95-99	0.1055735271087812
1378	100-104	0.11674255076539453
1378	105-109	0.1252119096065698
1378	110-114	0.10835308975048719
1378	115-119	0.12512912276891797
1378	120-124	0.1315579406511631
1378	125-129	0.10288847920281796
1378	130-134	0.19527326588386984
1378	135-139	0.198227217313665
1378	140-144	0.20696189283918898
1378	145-149	0.23064198454820684
1378	150	0.2621699085061451
1379	1	0.1568873236833639
1379	2	0.10187253474757796
1379	3	0.02019971730146608
1379	4	0.13072476627504415
1379	5	0.04574704859243184
1379	6	0.14832051638087052
1379	7	0.06601208900405453
1379	8	0.1418864950324874
1379	9	0.06762494898851656
1379	10-14	0.06551756195621294
1379	15-19	0.044150126602630735
1379	20-24	0.051320376157420355
1379	25-29	0.06156803692572055
1379	30-34	0.09089119153814096
1379	35-39	0.10873548294275537
1379	40-44	0.10837469630285312
1379	45-49	0.10573605331141778
1379	50-54	0.051546167174450375
1379	55-59	0.05527356195855049
1379	60-64	0.12051250712647033
1379	65-69	0.1527466738726062
1379	70-74	0.1612302550267799
1379	75-79	0.15271260326149871
1379	80-84	0.17159612055767326
1379	85-89	0.12008337232696675
1379	90-94	0.1511479804071456
1379	95-99	0.1578798662991261
1379	100-104	0.1688236514459831
1379	105-109	0.16000113436496122
1379	110-114	0.15398419496643356
1379	115-119	0.19502134280816108
1379	120-124	0.20053066631352578
1379	125-129	0.18976497842231765
1379	130-134	0.23316243132646264
1379	135-139	0.24715393406393815
1379	140-144	0.22654032810875435
1379	145-149	0.2685427092075656
1379	150	0.23609898316566813
1380	1	0.10588190227162642
1380	2	0.04993919639652944
1380	3	-0.0029068789875594803
1380	4	0.11351280735835445
1380	5	0.06886987442481995
1380	6	0.08323779072509296
1380	7	0.04954755337726624
1380	8	0.0990462145062665
1380	9	0.06535420539333359
1380	10-14	0.09121715911062012
1380	15-19	0.07487760748099959
1380	20-24	0.07578660484249156
1380	25-29	0.06137164024445951
1380	30-34	0.09825850151654691
1380	35-39	0.12054468449363753
1380	40-44	0.09571328046966698
1380	45-49	0.07859949814963585
1380	50-54	0.06801053954547598
1380	55-59	0.09331220243658578
1380	60-64	0.1178679462502501
1380	65-69	0.0907702732132023
1380	70-74	0.07811028376938367
1380	75-79	0.12183018306205184
1380	80-84	0.08906594435067916
1380	85-89	0.09917764616714209
1380	90-94	0.12382787775288051
1380	95-99	0.20081746646583554
1380	100-104	0.16307260231764076
1380	105-109	0.15670366568154748
1380	110-114	0.1707978962542427
1380	115-119	0.1856985937299811
1380	120-124	0.17538897171632328
1380	125-129	0.20512593391026712
1380	130-134	0.1606164013044591
1380	135-139	0.22248602689357
1380	140-144	0.21529018150868495
1380	145-149	0.22083619697124135
1380	150	0.2693779499295559
1381	1	0.14197241974976293
1381	2	0.023282208301807827
1381	3	0.014617479932901745
1381	4	0.13116452941083168
1381	5	0.030078373547468118
1381	6	0.005700914817666103
1381	7	-0.011344288677442194
1381	8	0.05029879339325305
1381	9	-0.024741598809129073
1381	10-14	0.03785119875460907
1381	15-19	0.017014680031714136
1381	20-24	0.007747305428217999
1381	25-29	0.016284610534519572
1381	30-34	0.021489046196904837
1381	35-39	0.02045787747677963
1381	40-44	0.011037960741553832
1381	45-49	0.02463530623647614
1381	50-54	-0.013593828047994805
1381	55-59	-0.025092818672121098
1381	60-64	0.06305220097344488
1381	65-69	0.07933971108293036
1381	70-74	0.0636528560025198
1381	75-79	0.07317697603626527
1381	80-84	0.13127035390472486
1381	85-89	0.032547161916930634
1381	90-94	0.044435694251475866
1381	95-99	0.11784989971826576
1381	100-104	0.14869813373886842
1381	105-109	0.12132541978547806
1381	110-114	0.14215938216257484
1381	115-119	0.1588120345517794
1381	120-124	0.09886207390223944
1381	125-129	0.18499828796284845
1381	130-134	0.17176925601341964
1381	135-139	0.13629014143457852
1381	140-144	0.14872623583733713
1381	145-149	0.15667529731809537
1381	150	0.11473005656289814
1382	1	0.07320792066068549
1382	2	0.02937944374826884
1382	3	0.03903277599167154
1382	4	0.003206201717340207
1382	5	0.030180302573668882
1382	6	-0.010187465922513184
1382	7	-0.041246650940756524
1382	8	-0.054572464530110665
1382	9	-0.02677945265278936
1382	10-14	0.006894927178862531
1382	15-19	-0.0060678746313556076
1382	20-24	-0.0170086099191451
1382	25-29	0.03059197712544659
1382	30-34	0.029094579315263047
1382	35-39	0.05600656520354619
1382	40-44	0.07280466399738117
1382	45-49	0.014096959170665002
1382	50-54	-0.002680446113636492
1382	55-59	-0.0012485383196292332
1382	60-64	0.041827012140714714
1382	65-69	0.046159361720228276
1382	70-74	0.05700880814896436
1382	75-79	0.0906489385294833
1382	80-84	0.050179573801770516
1382	85-89	0.0299816703375555
1382	90-94	0.004807113158747711
1382	95-99	0.046096797011308865
1382	100-104	0.10195594334804525
1382	105-109	0.10118955381943096
1382	110-114	0.07515119189402952
1382	115-119	0.07314308123206814
1382	120-124	0.07982230346345887
1382	125-129	0.13863023135697006
1382	130-134	0.1296944267372666
1382	135-139	0.14902256892375476
1382	140-144	0.09609554165511724
1382	145-149	0.14578213647477156
1382	150	0.19671432403086442
1383	1	0.08913158751519745
1383	2	0.011723427002948483
1383	3	0.0416442827054766
1383	4	0.042317933753309944
1383	5	0.0039299389705576004
1383	6	0.012322348352384438
1383	7	0.006390084830108833
1383	8	0.011233888891673871
1383	9	0.08810758486996662
1383	10-14	0.008244285888849845
1383	15-19	0.004280791826445807
1383	20-24	-0.007076798060225542
1383	25-29	0.008259659629160865
1383	30-34	0.029157825745592447
1383	35-39	0.022620781973344606
1383	40-44	0.010574617659074192
1383	45-49	0.007968520575879268
1383	50-54	0.012027006722114209
1383	55-59	-0.024628858107611507
1383	60-64	0.005014524149260069
1383	65-69	0.024338714428338903
1383	70-74	0.0546320609442148
1383	75-79	0.014574438223696973
1383	80-84	0.0766392096931483
1383	85-89	-0.014469811313489345
1383	90-94	0.02150131155887891
1383	95-99	0.04432760659067725
1383	100-104	0.07953142381629874
1383	105-109	0.058847969939968436
1383	110-114	0.03738794410288193
1383	115-119	0.060501812734855775
1383	120-124	0.06180495083209081
1383	125-129	0.0727457655969701
1383	130-134	0.11969514350394661
1383	135-139	0.13955129562042856
1383	140-144	0.136842543209859
1383	145-149	0.19559679161690013
1383	150	0.20936130111530815
1384	1	0.15428242860969732
1384	2	0.006134781808945888
1384	3	0.027795065498992244
1384	4	0.03729219544150908
1384	5	0.035652544342326564
1384	6	0.03247484533996925
1384	7	-0.0022345901298095328
1384	8	0.018373316056688793
1384	9	-0.025086024471349333
1384	10-14	4.277641642289609E-4
1384	15-19	-0.003232100311166164
1384	20-24	-0.019154681400685547
1384	25-29	0.04052982977368913
1384	30-34	0.019681104892875112
1384	35-39	0.02899197151419486
1384	40-44	0.00924593582495703
1384	45-49	-0.006337592487874133
1384	50-54	-0.017230207298865707
1384	55-59	-0.011784982093722363
1384	60-64	-0.007454570886423539
1384	65-69	0.008778138375916456
1384	70-74	0.04119431804866025
1384	75-79	0.07065297859930553
1384	80-84	0.044796315603299774
1384	85-89	-0.014433166363339467
1384	90-94	-5.735115847258498E-4
1384	95-99	0.04716582426429028
1384	100-104	0.043139678945273374
1384	105-109	0.07115349322032927
1384	110-114	0.019349271439679683
1384	115-119	0.044068173406031974
1384	120-124	0.026424295001667986
1384	125-129	0.020973350380749878
1384	130-134	0.09928068398913581
1384	135-139	0.05091931489409518
1384	140-144	0.0694595824343267
1384	145-149	0.07683000498568049
1384	150	0.10565275377986438
1385	1	9.287483314182055E-4
1385	2	-0.04865557430581191
1385	3	-0.055219365368813556
1385	4	0.0033098680381797863
1385	5	-0.10373464140433697
1385	6	-0.10204655364815807
1385	7	0.002541203296594574
1385	8	-0.05627749756899192
1385	9	-0.09624212904705587
1385	10-14	-0.05879731833166346
1385	15-19	-0.06853580499665668
1385	20-24	-0.07398194246515288
1385	25-29	-0.06053605336512646
1385	30-34	-0.05293463966628309
1385	35-39	0.0111150986240105
1385	40-44	-0.014460728171677317
1385	45-49	-0.023241874686604547
1385	50-54	-0.028066172841114678
1385	55-59	-0.09288578206913911
1385	60-64	-0.04551087818723687
1385	65-69	-0.02790373927685863
1385	70-74	-0.047974513812441444
1385	75-79	-0.055463532992135356
1385	80-84	-0.016025317756472646
1385	85-89	-0.02767415328381162
1385	90-94	-0.040276062972530724
1385	95-99	0.014553710172528156
1385	100-104	-0.010372171577436973
1385	105-109	-0.012065511604212986
1385	110-114	-0.026440017865112964
1385	115-119	-0.03093616898834739
1385	120-124	-0.03809956031461326
1385	125-129	-0.032662877265885015
1385	130-134	0.015727311196080507
1385	135-139	0.03818771712587221
1385	140-144	0.07501527325200641
1385	145-149	0.12280225832219571
1385	150	0.02616030848959383
1386	1	0.007659303173923604
1386	2	-0.024006526650644844
1386	3	0.0015222609941787368
1386	4	-0.011810939476980309
1386	5	-0.004282150973502041
1386	6	0.004949233711364798
1386	7	-0.07785495060908687
1386	8	0.006123757813490727
1386	9	-0.007870359416529027
1386	10-14	-0.03234573322103529
1386	15-19	-0.044577648012605664
1386	20-24	-0.013308630138872957
1386	25-29	-0.023746528839609482
1386	30-34	0.013914439145359836
1386	35-39	-5.893553664932938E-4
1386	40-44	0.0329295196612307
1386	45-49	-0.007071982504179175
1386	50-54	-0.08418582940691266
1386	55-59	-0.0858415061937805
1386	60-64	-0.01159488881762627
1386	65-69	0.008337015428516281
1386	70-74	-4.7637316181692313E-4
1386	75-79	0.004079338997172499
1386	80-84	0.006565653795917115
1386	85-89	-0.02138285580559085
1386	90-94	0.003460214128196526
1386	95-99	0.010925806989135367
1386	100-104	0.008749822586210598
1386	105-109	0.012307560253724148
1386	110-114	-0.004951013602834564
1386	115-119	0.0017353632693613008
1386	120-124	0.03743161271215456
1386	125-129	0.040537186043763995
1386	130-134	0.057271460782793326
1386	135-139	0.010952313407820213
1386	140-144	0.05773839194286978
1386	145-149	0.07205373392994119
1386	150	0.047050477904221566
1387	1	-0.013360589753901309
1387	2	-0.006557240557377497
1387	3	-0.05905764621196852
1387	4	0.013486632158375755
1387	5	-0.08306940335167923
1387	6	-0.02935599811968359
1387	7	-0.061253773963649394
1387	8	-0.035193192584976885
1387	9	-0.02882982129688827
1387	10-14	-0.03139698008477865
1387	15-19	-0.06814849428193526
1387	20-24	-0.05930636819569912
1387	25-29	-0.010339030505640778
1387	30-34	-0.008205346542396796
1387	35-39	-0.04227328009736908
1387	40-44	-0.03866460653635073
1387	45-49	-0.07107477673660867
1387	50-54	-0.08699268223999468
1387	55-59	-0.11507702625659277
1387	60-64	-0.04070743861480963
1387	65-69	-0.054699769193327086
1387	70-74	-0.07135083092791206
1387	75-79	-0.05763276081526669
1387	80-84	-0.07155847872998322
1387	85-89	-0.06582586088561015
1387	90-94	-0.0545804252981128
1387	95-99	-0.0029886157794223323
1387	100-104	0.011432951554176896
1387	105-109	-0.023443447423254327
1387	110-114	-0.05223922877590326
1387	115-119	-0.037133485808695355
1387	120-124	-0.03785904774816373
1387	125-129	-0.030328094979211073
1387	130-134	-0.007191639647594172
1387	135-139	-0.0365147242460111
1387	140-144	-0.02342836512393376
1387	145-149	0.009915182661039523
1387	150	-0.010361163509863047
1388	1	0.1266786807059006
1388	2	-0.02584137694382349
1388	3	-0.10935772025521828
1388	4	0.10496523304689731
1388	5	-0.007435140296202292
1388	6	0.10355354978813835
1388	7	-0.07503400319176734
1388	8	-0.00521485482536832
1388	9	-0.04280548493247238
1388	10-14	-0.014503951165067974
1388	15-19	-0.010681293606360498
1388	20-24	-0.0069936639648346954
1388	25-29	-0.025647166696266765
1388	30-34	-0.0010826611589038748
1388	35-39	0.011816156194839778
1388	40-44	-0.014373295297687605
1388	45-49	-0.02915895351028297
1388	50-54	-0.049525496862614204
1388	55-59	-5.821419721243615E-4
1388	60-64	0.003374914614326485
1388	65-69	0.007850561859562788
1388	70-74	-0.004536052262153589
1388	75-79	-0.014127225929271958
1388	80-84	0.03667768558484141
1388	85-89	-0.05824032869209361
1388	90-94	-0.031975280821981755
1388	95-99	0.029445693782570004
1388	100-104	-0.0065154231658723916
1388	105-109	-0.032651505899067956
1388	110-114	-8.036464043144065E-4
1388	115-119	0.008193375369380362
1388	120-124	0.03657373352440629
1388	125-129	-0.04387762746645052
1388	130-134	-0.011789664344995288
1388	135-139	0.013416510379308022
1388	140-144	0.03591049289660475
1388	145-149	0.010967927768682273
1388	150	-0.15321300663607929
1401	1	0.006276669460028472
1401	2	-0.0733756075966383
1401	3	0.007921563022932787
1401	4	-0.04351724441610827
1401	5	-0.008743362829768841
1401	6	0.04584968315974436
1401	7	-0.0580923458602598
1401	8	0.02366823360954129
1401	9	-0.013124552373412257
1401	10-14	-0.021462298670172686
1401	15-19	-0.01080201360462496
1401	20-24	-0.02053363067030034
1401	25-29	-0.03832370262908569
1401	30-34	-0.03550658298695453
1401	35-39	-0.05343978970388008
1401	40-44	-0.060891235186538495
1401	45-49	-0.02873848127081402
1401	50-54	-0.008099015536579657
1401	55-59	-0.015881441757130688
1401	60-64	-0.06213255403357465
1401	65-69	-0.12930990095634343
1401	70-74	-0.06743041075725387
1401	75-79	-0.07499621879293983
1401	80-84	-0.07139973045333647
1401	85-89	-0.023568082512227306
1401	90-94	-0.055150146567299885
1401	95-99	-0.12380926061296549
1401	100-104	-0.09582959705883098
1401	105-109	-0.07395621409602171
1401	110-114	-0.11200068952494746
1401	115-119	-0.04100409992494747
1401	120-124	-0.06381987412741097
1401	125-129	-0.09254851783787643
1401	130-134	-0.07832553476153947
1401	135-139	-0.12004779472595573
1401	140-144	-0.1347157182038714
1401	145-149	-0.017995647165868434
1401	150	-0.04242237450794306
1402	1	-0.019037451187472243
1402	2	-0.033045284982613055
1402	3	0.009447958161871384
1402	4	0.009037572009283679
1402	5	0.04079174632300209
1402	6	-0.0030647092161402156
1402	7	-0.021619402161810797
1402	8	-0.036814017109392694
1402	9	-0.034244195693844404
1402	10-14	-0.05719165580767793
1402	15-19	-0.03090473011734929
1402	20-24	-0.025035317281705716
1402	25-29	-0.04172015817063368
1402	30-34	-0.06710782780342583
1402	35-39	-0.04784798573237481
1402	40-44	-0.03137163275968646
1402	45-49	-0.03444273761087402
1402	50-54	-0.03212803306335843
1402	55-59	-0.05624108138619022
1402	60-64	-0.06216123923783101
1402	65-69	-0.07322045644984598
1402	70-74	-0.06566357928084443
1402	75-79	-0.08014441200067779
1402	80-84	-0.04648184968597491
1402	85-89	-0.06245757806107122
1402	90-94	-0.0719128526178352
1402	95-99	-0.08931089971419226
1402	100-104	-0.07868753589806232
1402	105-109	-0.09355319344351898
1402	110-114	-0.08996405494713855
1402	115-119	-0.021710877289500274
1402	120-124	-0.024566047630109722
1402	125-129	-0.006488954996207497
1402	130-134	-0.06290323268683551
1402	135-139	-0.11058923914986707
1402	140-144	-0.12823117057914146
1402	145-149	-0.06372575302402339
1402	150	-0.08757152289418002
1403	1	-0.0779428141689067
1403	2	0.006335562137785189
1403	3	-0.04543266269224233
1403	4	-0.006214143116757498
1403	5	-0.047683979200122906
1403	6	-0.05196678139376587
1403	7	0.014913613708692708
1403	8	-0.048144720057955226
1403	9	-0.011052497401962569
1403	10-14	-0.0743199345516814
1403	15-19	-0.04614671961964234
1403	20-24	-0.09425655602657201
1403	25-29	-0.029037854477486746
1403	30-34	-0.07412833303653343
1403	35-39	-0.07468913149416068
1403	40-44	-0.048201137130511995
1403	45-49	-0.0519911151241601
1403	50-54	-0.07681927148328782
1403	55-59	-0.03400122958903751
1403	60-64	-0.0886638851168513
1403	65-69	-0.11700134035498166
1403	70-74	-0.05783505437267422
1403	75-79	-0.12272615359743355
1403	80-84	-0.08105258797899495
1403	85-89	-0.0781897279596322
1403	90-94	-0.02427408777707285
1403	95-99	-0.10264639597004788
1403	100-104	-0.10762823205048022
1403	105-109	-0.07566251211414254
1403	110-114	-0.14862278454130262
1403	115-119	-0.09684373957244219
1403	120-124	0.025667481507930745
1403	125-129	-0.10972596927487643
1403	130-134	-0.055228822280824375
1403	135-139	-0.058690339969530214
1403	140-144	-0.10689851171630949
1403	145-149	-0.008029203525275364
1403	150	-0.009375048984807677
1404	1	-0.028432885422255083
1404	2	-0.06380684555833938
1404	3	-0.08747989324552208
1404	4	-0.005712294554108155
1404	5	0.051126414563043454
1404	6	-0.016856227713482497
1404	7	-0.03321489972751834
1404	8	-0.04926455698179666
1404	9	0.009554451899020933
1404	10-14	-0.03392040158342979
1404	15-19	-0.00694224557889811
1404	20-24	-0.010393138238846689
1404	25-29	-0.035057685285273976
1404	30-34	-0.039591854711837016
1404	35-39	-0.047517886401642784
1404	40-44	-0.04642663559061333
1404	45-49	-0.03208871376420319
1404	50-54	-0.010272966053108235
1404	55-59	-0.012779759536599045
1404	60-64	-0.052498926800794266
1404	65-69	-0.07446937816479249
1404	70-74	-0.08105588789257467
1404	75-79	-0.06691810077236227
1404	80-84	-0.03730241930993827
1404	85-89	-0.03349104238976963
1404	90-94	-0.035724326094822345
1404	95-99	-0.03166224359985392
1404	100-104	-0.10313136538766088
1404	105-109	-0.0682041559712303
1404	110-114	-0.08013161239723843
1404	115-119	-0.054977437839035304
1404	120-124	-0.002309515474699708
1404	125-129	-0.1387396107008101
1404	130-134	-0.03228170880710479
1404	135-139	-0.027379743803493284
1404	140-144	-0.024458020045429407
1404	145-149	0.003985722474169506
1404	150	-0.10804472814999855
1405	1	-0.0595988768931619
1405	2	0.030192734302062263
1405	3	-0.08136515069912065
1405	4	-0.00426182213725923
1405	5	-0.043211438723766094
1405	6	-0.003999735811078153
1405	7	-0.037781390822267724
1405	8	-0.06704432837101137
1405	9	-0.03825048883457782
1405	10-14	-0.030695274713380627
1405	15-19	-0.05354597537368733
1405	20-24	-0.032023301900139245
1405	25-29	-0.03207407363196779
1405	30-34	-0.018415858153815634
1405	35-39	-0.0638534104056987
1405	40-44	-0.04393265970990967
1405	45-49	0.003880860442620815
1405	50-54	-0.026227121797191444
1405	55-59	-0.036440204274079235
1405	60-64	-0.04058787910093287
1405	65-69	-0.018729083284441117
1405	70-74	-0.06835992574636407
1405	75-79	-0.03628411932516684
1405	80-84	-0.0501051077229846
1405	85-89	-0.011697506674849478
1405	90-94	-0.04334216359287524
1405	95-99	-0.08385819358623081
1405	100-104	-0.09669496284348611
1405	105-109	-0.06856486753437707
1405	110-114	-0.04666271949110268
1405	115-119	-0.01286758044129499
1405	120-124	-0.04817562905430606
1405	125-129	-0.09525298045759456
1405	130-134	-0.0705726793986372
1405	135-139	-0.09581459969751194
1405	140-144	-0.0637808847169481
1405	145-149	-0.05224132584899621
1405	150	-0.06660373139231979
1406	1	0.026381503017717023
1406	2	0.026645475737673507
1406	3	0.023930815096115055
1406	4	0.01067138736276263
1406	5	-0.016982523605960864
1406	6	-0.08893024193590549
1406	7	-0.1269544229713162
1406	8	-0.04954032261443331
1406	9	-0.05697818524215137
1406	10-14	-0.04119090478805987
1406	15-19	-0.045227508611759504
1406	20-24	-0.03111801983969542
1406	25-29	-0.03887914832740336
1406	30-34	-0.060251435965902544
1406	35-39	-0.048740447373006646
1406	40-44	-0.08174578655876985
1406	45-49	-0.08427706129337764
1406	50-54	-0.08130917829873141
1406	55-59	-0.058535724460639926
1406	60-64	-0.0898026551879596
1406	65-69	-0.060880161118340936
1406	70-74	-0.11999532828730253
1406	75-79	-0.12778902673804993
1406	80-84	-0.13692046600186814
1406	85-89	-0.10742800666380248
1406	90-94	-0.10072029605666444
1406	95-99	-0.09864579535376805
1406	100-104	-0.10264276678443451
1406	105-109	-0.0829231366650447
1406	110-114	-0.16278764530765955
1406	115-119	-0.07401264809640651
1406	120-124	-0.10711082195914656
1406	125-129	-0.13026053377155478
1406	130-134	-0.1506094588480451
1406	135-139	-0.06877483139489726
1406	140-144	-0.13234710575501651
1406	145-149	-0.08711570257359114
1406	150	-0.09393850028362039
1407	1	0.03407883920001353
1407	2	-0.015864368373399884
1407	3	0.0787381491143222
1407	4	0.056484624116436066
1407	5	0.05294407153802183
1407	6	0.015618620425634333
1407	7	-0.008962944998991418
1407	8	0.03634151820324405
1407	9	0.011688214437462818
1407	10-14	-5.532800109975256E-4
1407	15-19	-0.0065873516034713475
1407	20-24	0.02524600456723647
1407	25-29	0.019607343537373367
1407	30-34	-0.025659247078365865
1407	35-39	-0.021952823964049628
1407	40-44	-0.005688356151594576
1407	45-49	0.0023866967069139378
1407	50-54	0.010541295686202545
1407	55-59	-0.016540366055394884
1407	60-64	-8.377805682329154E-4
1407	65-69	-0.06411034292657547
1407	70-74	-0.024031913804833493
1407	75-79	-0.07883222142882573
1407	80-84	-0.018102565266339354
1407	85-89	-0.02492006296986915
1407	90-94	-0.037529256871764005
1407	95-99	-0.06439295529973066
1407	100-104	-0.06776644065892157
1407	105-109	-0.07154563770355793
1407	110-114	-0.04856923165849025
1407	115-119	0.012248848307983451
1407	120-124	0.01128372354514795
1407	125-129	-0.038337465841593144
1407	130-134	-0.04393234817860048
1407	135-139	-0.04130803272717998
1407	140-144	-0.11460113978840525
1407	145-149	-0.009770057986422387
1407	150	-0.010577846380925848
1408	1	-0.002937468881349048
1408	2	0.0019771007477729086
1408	3	-0.06017464546159346
1408	4	-0.011739258560957921
1408	5	0.021700455883063796
1408	6	0.04792828480572098
1408	7	-1.9127805023799738E-4
1408	8	-0.03508304945339091
1408	9	-0.04505783548238895
1408	10-14	-0.028697344685781445
1408	15-19	0.014978044997519646
1408	20-24	0.04702861326288854
1408	25-29	-0.03865717991421036
1408	30-34	-0.06062732784219804
1408	35-39	-0.06398112913822729
1408	40-44	-0.02020025866153219
1408	45-49	0.020448872511607874
1408	50-54	0.038451003873092304
1408	55-59	1.3455753157387562E-4
1408	60-64	0.028471555260765058
1408	65-69	-0.049586403499446874
1408	70-74	-0.008888466407853457
1408	75-79	-0.02691855071666538
1408	80-84	0.01851999922426728
1408	85-89	-0.015024034455613844
1408	90-94	0.043687019350109324
1408	95-99	-0.04763114488366682
1408	100-104	-0.00983191193061117
1408	105-109	-0.027475775794577828
1408	110-114	-0.0031847472347905637
1408	115-119	0.03183573015902397
1408	120-124	0.07612119031667675
1408	125-129	0.06970926806189226
1408	130-134	-0.002881890696095013
1408	135-139	0.025659789178213543
1408	140-144	0.041227754786518744
1408	145-149	0.1016145160421118
1408	150	0.03263085325368564
1409	1	0.010487365279800542
1409	2	0.07557217670047578
1409	3	0.03868673358040553
1409	4	0.02685716426628204
1409	5	-0.006842257368134597
1409	6	0.002493520004669847
1409	7	0.02908138606760957
1409	8	0.02045248676807887
1409	9	0.012255614517059144
1409	10-14	0.07394497111927478
1409	15-19	0.05829707468075185
1409	20-24	0.05426751257495255
1409	25-29	0.0302109965121673
1409	30-34	0.025720523380940108
1409	35-39	0.03763980680567869
1409	40-44	0.030109758776951878
1409	45-49	0.01750666051828631
1409	50-54	0.0704158417834364
1409	55-59	0.03622094968788048
1409	60-64	-0.025634088537387356
1409	65-69	-0.018131487564900794
1409	70-74	0.013915261677873048
1409	75-79	0.004466658552992442
1409	80-84	0.036066033190707
1409	85-89	-0.03480454116400011
1409	90-94	0.017798672886712552
1409	95-99	-0.0533754072768744
1409	100-104	-0.006355321555325588
1409	105-109	-0.054407871263563834
1409	110-114	-0.04114538226645692
1409	115-119	-0.006015303941325101
1409	120-124	0.03449370903508964
1409	125-129	-0.0450950885652901
1409	130-134	0.06176466106877854
1409	135-139	0.025207798560650474
1409	140-144	0.023707437459719927
1409	145-149	0.08584497809096803
1409	150	0.10498499304193132
1410	1	0.006644609765579901
1410	2	0.04920400581963236
1410	3	0.00857809942134935
1410	4	0.033648107198267496
1410	5	0.09721383515646664
1410	6	0.04556197414503771
1410	7	0.04650998809164264
1410	8	0.051027645890698636
1410	9	0.0706604228389125
1410	10-14	0.035470367416124304
1410	15-19	0.033513641328880794
1410	20-24	0.053310865022076825
1410	25-29	0.03499935866776127
1410	30-34	0.014178546158071015
1410	35-39	0.004079865853526599
1410	40-44	0.02600438799449023
1410	45-49	0.017523324568969656
1410	50-54	0.07587806137826902
1410	55-59	0.035792984789964066
1410	60-64	0.03947671908719741
1410	65-69	0.049667923814674
1410	70-74	0.03605312051359988
1410	75-79	0.019214832377421942
1410	80-84	0.04749878460248169
1410	85-89	0.0796301939934807
1410	90-94	0.04936041422133286
1410	95-99	0.01720419168082543
1410	100-104	0.02619822417619133
1410	105-109	0.005651381954216106
1410	110-114	0.06720036353538461
1410	115-119	0.06173375344940979
1410	120-124	0.13279144789748187
1410	125-129	0.04440252062263994
1410	130-134	0.09404046284285528
1410	135-139	0.1008225225794348
1410	140-144	0.11213479212479882
1410	145-149	0.14287023967695944
1410	150	0.10603128810222984
1411	1	-0.03582377910749557
1411	2	0.06308029873894583
1411	3	-0.008024163770187442
1411	4	-0.0035611554454249017
1411	5	0.016332252031496353
1411	6	0.055645114653898986
1411	7	0.04908726464429236
1411	8	-0.03208604934933845
1411	9	0.019663839747458667
1411	10-14	0.03903565279532728
1411	15-19	0.021899735540976906
1411	20-24	0.015832198609729176
1411	25-29	0.028868838489600535
1411	30-34	0.01549572875335059
1411	35-39	0.023251751527560316
1411	40-44	0.04906892899099091
1411	45-49	0.02691823254034631
1411	50-54	0.05780680174136421
1411	55-59	3.674617567526184E-4
1411	60-64	0.03683065340722891
1411	65-69	0.04223211653879133
1411	70-74	6.556299029440993E-4
1411	75-79	0.0037843732002471597
1411	80-84	0.04305957016846662
1411	85-89	0.045695459567163255
1411	90-94	0.054882167685931904
1411	95-99	0.011008977546644871
1411	100-104	-0.011751825703235852
1411	105-109	0.05254465216179227
1411	110-114	0.007529622620175758
1411	115-119	0.05006431908885389
1411	120-124	0.07476389446372167
1411	125-129	-0.014168666800316032
1411	130-134	0.024840063319892636
1411	135-139	0.023841151343013678
1411	140-144	0.06548986480495245
1411	145-149	0.12424647317972415
1411	150	0.02686650803791224
1412	1	-0.050840217328371295
1412	2	0.09854720461988364
1412	3	-0.08284526463534547
1412	4	-0.022508847091820883
1412	5	0.03723177333746719
1412	6	0.03610407620141132
1412	7	0.0546995039783198
1412	8	-0.011070074052682344
1412	9	-0.009681781703797299
1412	10-14	-0.010377961416281778
1412	15-19	0.02145507342603281
1412	20-24	0.0578956153065846
1412	25-29	0.029606556876061063
1412	30-34	-2.790131553567221E-4
1412	35-39	-0.004736200679737124
1412	40-44	0.0222360572544531
1412	45-49	0.005705030451387927
1412	50-54	0.07006704455234569
1412	55-59	0.024054742601414603
1412	60-64	-0.006922169566649927
1412	65-69	-0.002032878536041949
1412	70-74	0.03457337422443629
1412	75-79	0.012548722104931187
1412	80-84	0.0790994532096434
1412	85-89	0.03835291782403516
1412	90-94	0.07167491156324246
1412	95-99	0.004961133630281722
1412	100-104	0.01437999889088104
1412	105-109	0.04072848331428247
1412	110-114	0.10488300227942915
1412	115-119	0.08540629179542947
1412	120-124	0.07145195473160726
1412	125-129	0.08158348028950968
1412	130-134	0.13278043407343176
1412	135-139	0.10923005976207634
1412	140-144	0.1458663209546458
1412	145-149	0.15245072789196001
1412	150	0.10187022993392247
1413	1	0.022495885686261374
1413	2	0.04294839356455071
1413	3	0.022535978105338472
1413	4	0.09576087293570623
1413	5	0.08205625663931215
1413	6	0.04392109437322489
1413	7	0.044169122167176056
1413	8	0.048690408090720894
1413	9	0.06431846122084295
1413	10-14	0.042129233615128214
1413	15-19	0.05467973263546355
1413	20-24	0.05175019098910383
1413	25-29	0.05432720022999149
1413	30-34	0.027476928558776592
1413	35-39	0.020948661382718115
1413	40-44	0.0398105143245715
1413	45-49	0.00492304169619473
1413	50-54	0.03703120028040274
1413	55-59	0.028679055029243727
1413	60-64	0.018840866081866636
1413	65-69	-0.007927198051000062
1413	70-74	0.08345263204711273
1413	75-79	7.380520718385242E-4
1413	80-84	0.03662926223902474
1413	85-89	0.07166118785167441
1413	90-94	0.08109702205796054
1413	95-99	0.030027386522604615
1413	100-104	0.04920309735207695
1413	105-109	0.07969177628297075
1413	110-114	0.07831292186504868
1413	115-119	0.08292354850270556
1413	120-124	0.1020623460457486
1413	125-129	0.07418294048129326
1413	130-134	0.12223505367204268
1413	135-139	0.10821243167677608
1413	140-144	0.11258409906231748
1413	145-149	0.17136983483873536
1413	150	0.17649575455326527
1414	1	0.014193923995762248
1414	2	0.01800810049533652
1414	3	0.03735160315136454
1414	4	0.06896131654534798
1414	5	0.06271954142236069
1414	6	0.10985729735771343
1414	7	-0.06747794884296354
1414	8	0.030243085286471683
1414	9	0.07797720487256754
1414	10-14	0.05728104773756826
1414	15-19	0.026779835038496458
1414	20-24	0.03902830105558053
1414	25-29	0.053780187918683
1414	30-34	-0.0013619862347198364
1414	35-39	0.020118455555284243
1414	40-44	0.02332525386569273
1414	45-49	-0.005887917383887498
1414	50-54	0.07832890093276035
1414	55-59	0.045176359494632834
1414	60-64	0.038144221235910436
1414	65-69	0.03860089493220187
1414	70-74	0.042682655910567746
1414	75-79	0.06448137661846687
1414	80-84	0.10270286541315699
1414	85-89	0.03679999937286027
1414	90-94	0.12888619109636323
1414	95-99	0.04035463434880171
1414	100-104	0.06242406503053388
1414	105-109	0.12592474764417005
1414	110-114	0.032049990192561495
1414	115-119	0.07769493331474564
1414	120-124	0.13853048701664505
1414	125-129	0.10929577818975389
1414	130-134	0.13075661806969663
1414	135-139	0.11719006502949725
1414	140-144	0.08138315852875877
1414	145-149	0.1770149002851582
1414	150	0.21349099224492107
1415	1	0.029283878725706813
1415	2	0.05971245968984107
1415	3	0.0612146807348779
1415	4	0.0659646142350141
1415	5	0.014133547822609671
1415	6	0.09129179236239082
1415	7	0.023483942352790166
1415	8	-0.018002602350115637
1415	9	0.005068896255643551
1415	10-14	0.024348152795319322
1415	15-19	0.013978359858981548
1415	20-24	0.054528613262888825
1415	25-29	0.030197511521564024
1415	30-34	0.02060236359356793
1415	35-39	-0.02535030420120421
1415	40-44	0.01489341262310262
1415	45-49	0.002565056390700704
1415	50-54	0.06283403284034961
1415	55-59	-0.01044352811074134
1415	60-64	0.0021261522380910947
1415	65-69	-0.05030475992261785
1415	70-74	-0.0013169928562177802
1415	75-79	-0.03585494870154804
1415	80-84	0.033370754891770105
1415	85-89	0.03556412675345655
1415	90-94	0.045962837989904415
1415	95-99	-0.019535741860998712
1415	100-104	-0.06090527465101303
1415	105-109	-0.04226969896838284
1415	110-114	-0.03762728501816781
1415	115-119	-0.0074873176999190605
1415	120-124	0.04495368401945399
1415	125-129	-0.01405584528822601
1415	130-134	0.06626231585302378
1415	135-139	0.07336019849811493
1415	140-144	0.057086854282736965
1415	145-149	0.1175471356894704
1415	150	0.03486558247282545
1416	1	0.12334647598683546
1416	2	0.045652099434626336
1416	3	0.08760386140714616
1416	4	0.14841919328885922
1416	5	0.0795005140535423
1416	6	0.10260510935585643
1416	7	0.026641719352475945
1416	8	0.03883962065019375
1416	9	0.02673390948315557
1416	10-14	0.04757595780621671
1416	15-19	0.0476997650877351
1416	20-24	0.08289073588971974
1416	25-29	0.05102530097066449
1416	30-34	0.03473520284038756
1416	35-39	-0.016067838437116677
1416	40-44	0.02108632034175173
1416	45-49	0.05410843485319816
1416	50-54	0.02971761127172101
1416	55-59	0.02646450176787596
1416	60-64	0.02648099973264806
1416	65-69	-9.072536979104484E-4
1416	70-74	-0.02635056739714514
1416	75-79	-0.011941238773133023
1416	80-84	-0.0029276422448631934
1416	85-89	0.08497386842789467
1416	90-94	0.040033332854520154
1416	95-99	0.04748110376613823
1416	100-104	-0.01267305398497598
1416	105-109	0.01008516797839576
1416	110-114	0.018155686503767754
1416	115-119	0.04962480492689991
1416	120-124	0.006759317383910002
1416	125-129	-0.002971889483688983
1416	130-134	0.04139233452715274
1416	135-139	0.06742927335028526
1416	140-144	0.002483037756128681
1416	145-149	0.08642131869600433
1416	150	-0.08031405882813658
1417	1	-0.020476450893603726
1417	2	0.07034374644317154
1417	3	0.0157760587912108
1417	4	-0.02394031071082736
1417	5	0.07936093485448481
1417	6	0.055433408735034106
1417	7	0.04701854851187193
1417	8	-0.019605917887105306
1417	9	-0.010170483967200994
1417	10-14	0.020118908753232745
1417	15-19	0.004682669670181383
1417	20-24	0.04209979865440516
1417	25-29	0.051036744731092654
1417	30-34	-0.016074226471424424
1417	35-39	-0.04068822202849276
1417	40-44	0.0018141608434660839
1417	45-49	0.014189824264434492
1417	50-54	0.028039019686524114
1417	55-59	-9.453851209570985E-4
1417	60-64	0.030676871829548702
1417	65-69	0.01298928603838334
1417	70-74	0.00943892636384902
1417	75-79	0.02576629859031243
1417	80-84	0.048102339540484707
1417	85-89	0.10213933566709699
1417	90-94	0.05251483427588255
1417	95-99	0.010949672871284122
1417	100-104	-0.02298717653898308
1417	105-109	0.052430722727692114
1417	110-114	0.06602129514276811
1417	115-119	0.10316998654024445
1417	120-124	0.08637754660069419
1417	125-129	0.08776534010328874
1417	130-134	0.060055027087933865
1417	135-139	0.09083661833717827
1417	140-144	0.10124789188719063
1417	145-149	0.11972734305561517
1417	150	0.12330598405128512
1418	1	0.10103791098377002
1418	2	0.09244588045401514
1418	3	0.07322366523222001
1418	4	0.09392274530297584
1418	5	0.08122337322191697
1418	6	0.09617150971284616
1418	7	0.08491588331740019
1418	8	0.06387269126090445
1418	9	0.032767279437607044
1418	10-14	0.03660533647837383
1418	15-19	0.039427584725871156
1418	20-24	0.03222278802016376
1418	25-29	0.0416447202594199
1418	30-34	-0.018580986703952362
1418	35-39	0.011558030437072375
1418	40-44	-0.021650100530671068
1418	45-49	0.019803194505328747
1418	50-54	0.022265034249684845
1418	55-59	0.026579804178652466
1418	60-64	-0.0012313093967293298
1418	65-69	-0.005765004989953582
1418	70-74	0.005289529223333034
1418	75-79	-0.010261541247743367
1418	80-84	0.0076796336891433725
1418	85-89	0.04707790689750624
1418	90-94	0.005705556436510051
1418	95-99	-0.014545881228364976
1418	100-104	-0.004695558083518847
1418	105-109	0.011296676697142516
1418	110-114	0.0259248407256365
1418	115-119	0.03741598640279875
1418	120-124	0.012310871617323471
1418	125-129	7.195227042444685E-4
1418	130-134	0.0186136312304086
1418	135-139	0.03729073012981843
1418	140-144	0.0345638939006534
1418	145-149	0.1450941917495996
1418	150	-0.005739941329238718
1419	1	0.021944769814815857
1419	2	0.015464316125488153
1419	3	0.0029566361804214125
1419	4	-0.011061994675877429
1419	5	9.188200998337948E-4
1419	6	0.06704364879804103
1419	7	-0.00603647843929167
1419	8	0.07894356101621725
1419	9	0.006699465562576279
1419	10-14	0.056906939924033395
1419	15-19	0.05150930045303426
1419	20-24	0.05463999940150188
1419	25-29	0.05052857587798343
1419	30-34	0.009684665573765017
1419	35-39	-0.010584833904161428
1419	40-44	0.03568858589044055
1419	45-49	0.02071728411347351
1419	50-54	0.07702153284034807
1419	55-59	0.004801521394206532
1419	60-64	0.04718679580245322
1419	65-69	0.030746601463519596
1419	70-74	0.040142165559622356
1419	75-79	0.05165247704102427
1419	80-84	0.08989550736701801
1419	85-89	0.07944531487225959
1419	90-94	0.11561135284138402
1419	95-99	0.08520064427761298
1419	100-104	0.02368259663611383
1419	105-109	0.09630889014052713
1419	110-114	0.09009981894222108
1419	115-119	0.08399783081492274
1419	120-124	0.05721110976202226
1419	125-129	0.1005530656028526
1419	130-134	0.10906429605104506
1419	135-139	0.1493075994882176
1419	140-144	0.12619514636195106
1419	145-149	0.22068327430332602
1419	150	0.22519045871045051
1420	1	0.015597362825737093
1420	2	0.12453869849811383
1420	3	0.052374085643798196
1420	4	0.0927567375755487
1420	5	0.07899066035734137
1420	6	0.061976899648591655
1420	7	-0.029483698122668045
1420	8	0.01747198471379363
1420	9	0.08868392018278115
1420	10-14	0.03592358116827654
1420	15-19	0.05789334133474
1420	20-24	0.06891036689054886
1420	25-29	0.04315183770247444
1420	30-34	-0.018166874597227434
1420	35-39	-0.004765652302459955
1420	40-44	0.04338783605626162
1420	45-49	0.027827984763661107
1420	50-54	0.04325725374186362
1420	55-59	0.04011420575773883
1420	60-64	0.0912760055878934
1420	65-69	0.045447806455896966
1420	70-74	0.02217833749265452
1420	75-79	0.03747146377143906
1420	80-84	0.07650744831566669
1420	85-89	0.09677453119926582
1420	90-94	0.059067345553970085
1420	95-99	0.02460608431992739
1420	100-104	0.02477251942122649
1420	105-109	0.03196573249194756
1420	110-114	0.04736563332082255
1420	115-119	0.04910538066376802
1420	120-124	0.08973432619296773
1420	125-129	0.070426479503368
1420	130-134	0.09413457580980378
1420	135-139	0.032678448729669185
1420	140-144	0.12040078219258987
1420	145-149	0.17786768215442805
1420	150	0.11229177497051523
1421	1	-0.015588556374559914
1421	2	0.015429902951147767
1421	3	0.029072940877888698
1421	4	0.019265222427144124
1421	5	0.05328018430636661
1421	6	0.03628144532368793
1421	7	-0.01473466677203561
1421	8	0.0315606360301075
1421	9	-0.024034408967423815
1421	10-14	0.026823621083842397
1421	15-19	0.01734139032687665
1421	20-24	0.03697498354114259
1421	25-29	0.060212813480205796
1421	30-34	-0.03275842258705808
1421	35-39	-0.03747515846826133
1421	40-44	-0.004805163080291663
1421	45-49	-0.017864544883977374
1421	50-54	-0.004268300829785687
1421	55-59	0.04070764552520245
1421	60-64	0.03396582657355651
1421	65-69	0.0020833851885271315
1421	70-74	-0.007746399820305783
1421	75-79	-0.021157334835535835
1421	80-84	0.008402349793058761
1421	85-89	0.024860489259275198
1421	90-94	0.051938043959125935
1421	95-99	-0.039166143695290145
1421	100-104	-0.06304072856054432
1421	105-109	0.014157308259974855
1421	110-114	0.007008100882657686
1421	115-119	0.05435416372397839
1421	120-124	0.07423885423553145
1421	125-129	0.01837812797462135
1421	130-134	0.008952779089462126
1421	135-139	0.06612526728406465
1421	140-144	-0.005833760127330834
1421	145-149	0.12081586722996462
1421	150	0.0742731780736392
1422	1	0.06102550403588225
1422	2	0.05377806142681152
1422	3	0.06044932713686535
1422	4	0.1369284789992804
1422	5	0.10624505526677552
1422	6	0.015213163330138002
1422	7	-0.023912924892869114
1422	8	0.02425778846873783
1422	9	0.05165776101991071
1422	10-14	0.021951285549668853
1422	15-19	0.06553698268776031
1422	20-24	0.056706032617725555
1422	25-29	0.0169476666084023
1422	30-34	0.020721935553872584
1422	35-39	0.007060210687136248
1422	40-44	0.04152415083650851
1422	45-49	0.017577773512293504
1422	50-54	0.08300788519766655
1422	55-59	0.0916048589860381
1422	60-64	0.05334420434727605
1422	65-69	0.034533484494254196
1422	70-74	0.008933317317485034
1422	75-79	0.03158239621160419
1422	80-84	0.06661082933346307
1422	85-89	0.037074052311758976
1422	90-94	0.02773330945392871
1422	95-99	0.02613144176182658
1422	100-104	0.03723089160208559
1422	105-109	0.0850300839100342
1422	110-114	0.06982014054014485
1422	115-119	0.09831603217600815
1422	120-124	0.12640901900704904
1422	125-129	0.07569663610134825
1422	130-134	0.08729271287535312
1422	135-139	0.11476730147578706
1422	140-144	0.09324333691300524
1422	145-149	0.1672375823395953
1422	150	0.18222833061178534
1423	1	0.0637382685140011
1423	2	0.06272732581686569
1423	3	0.03670230526788032
1423	4	0.07137985396104085
1423	5	0.13726049365075
1423	6	0.034274746907847486
1423	7	0.08780406999911605
1423	8	0.09847428121152291
1423	9	0.09040552452463402
1423	10-14	0.0420119915250865
1423	15-19	0.07120516558750012
1423	20-24	0.08563384364894233
1423	25-29	0.07949428923014779
1423	30-34	0.07794755350639804
1423	35-39	0.06093417587351979
1423	40-44	0.08333324761687066
1423	45-49	0.12077816348908499
1423	50-54	0.13326374952777087
1423	55-59	0.10076506466634783
1423	60-64	0.10762537390683491
1423	65-69	0.06633884219444042
1423	70-74	0.10376504325836322
1423	75-79	0.102908749928595
1423	80-84	0.1314040674696031
1423	85-89	0.13224345427524042
1423	90-94	0.1391801480770738
1423	95-99	0.09556871019379543
1423	100-104	0.10824027329419295
1423	105-109	0.11305634399550968
1423	110-114	0.1582958936866845
1423	115-119	0.17612258267367764
1423	120-124	0.18337398289865092
1423	125-129	0.13680997040292908
1423	130-134	0.16747682394766628
1423	135-139	0.11605890646823269
1423	140-144	0.19391258591412708
1423	145-149	0.2680767122772636
1423	150	0.19225934025614322
1424	1	0.06419604458470474
1424	2	0.08176640099045329
1424	3	0.004693410999067282
1424	4	0.02632127556063324
1424	5	0.14425377019247065
1424	6	0.14984028188873566
1424	7	0.11170513001888338
1424	8	0.06617264581308291
1424	9	0.052978023580948275
1424	10-14	0.02868079895759479
1424	15-19	0.0539341008313059
1424	20-24	0.08923980600948056
1424	25-29	0.04568362806055859
1424	30-34	0.038384419635470124
1424	35-39	8.437809168313493E-4
1424	40-44	0.05722463233546904
1424	45-49	0.0383122621121359
1424	50-54	0.0975956300734282
1424	55-59	0.020766335888012577
1424	60-64	0.011198236808986906
1424	65-69	8.809814405168481E-4
1424	70-74	0.032741022619788396
1424	75-79	0.025802507918747608
1424	80-84	0.03351601829649553
1424	85-89	0.038321903836454396
1424	90-94	0.05534168745059276
1424	95-99	0.021135060859023724
1424	100-104	0.0017453623663428175
1424	105-109	0.06019601738302782
1424	110-114	0.01211848448316033
1424	115-119	0.05050256036792433
1424	120-124	0.08098205669414682
1424	125-129	0.02901195993296568
1424	130-134	0.07151864694572652
1424	135-139	0.0563542484434052
1424	140-144	0.08844201099682891
1424	145-149	0.1744057803666692
1424	150	0.13364044764400518
1425	1	-0.01618061543771887
1425	2	0.01706776124625975
1425	3	0.049861324703748267
1425	4	0.08391330100543826
1425	5	0.07164449140237394
1425	6	0.04058532349080224
1425	7	0.04492241511543682
1425	8	0.07830211554871624
1425	9	0.05685269975759155
1425	10-14	0.06966600298987657
1425	15-19	0.027201608886215922
1425	20-24	0.028713438165610228
1425	25-29	0.024541626307552633
1425	30-34	0.010610388885403665
1425	35-39	0.010722896187914444
1425	40-44	0.01345007604722781
1425	45-49	0.036138499970469695
1425	50-54	0.04791063789871686
1425	55-59	0.07353896216163491
1425	60-64	0.02580173589567636
1425	65-69	-0.01759294085646701
1425	70-74	0.016346917649627812
1425	75-79	0.0035448567459255287
1425	80-84	0.037644101195269286
1425	85-89	0.049787862162006036
1425	90-94	0.037396690129980925
1425	95-99	0.006182643353007222
1425	100-104	0.00783645686649237
1425	105-109	0.018387645389601914
1425	110-114	0.06486858074058688
1425	115-119	0.08450587296155021
1425	120-124	0.051706602307397986
1425	125-129	0.0567291741670104
1425	130-134	0.055957841144852694
1425	135-139	0.09133563624131114
1425	140-144	0.10089108580025652
1425	145-149	0.14318040417196443
1425	150	0.12365570893197031
1426	1	0.0046347334602288015
1426	2	0.03388347552409243
1426	3	0.14035822295954858
1426	4	0.06876293430748603
1426	5	0.11014165204507265
1426	6	0.08658292399938716
1426	7	0.07340777447819846
1426	8	0.018700318321066334
1426	9	0.022880903897046778
1426	10-14	0.06855511080698307
1426	15-19	0.06466027651251238
1426	20-24	0.07377747099094734
1426	25-29	0.10590931434178685
1426	30-34	0.01986952721419044
1426	35-39	0.019083749288640206
1426	40-44	0.06029118913168929
1426	45-49	0.06055404725253055
1426	50-54	0.061720997154196766
1426	55-59	0.05536307343329838
1426	60-64	0.04936151934065691
1426	65-69	0.0044436743770503995
1426	70-74	0.05755930697046807
1426	75-79	0.04193538531451679
1426	80-84	0.0755350451076211
1426	85-89	0.07527840121382212
1426	90-94	0.09739997364454922
1426	95-99	0.07041066982956323
1426	100-104	0.06479897538837065
1426	105-109	0.06846392518476563
1426	110-114	0.09256836844015481
1426	115-119	0.10690511179432605
1426	120-124	0.109755716475739
1426	125-129	0.07025441940374577
1426	130-134	0.07055367397497037
1426	135-139	0.1330779490101719
1426	140-144	0.133610339787694
1426	145-149	0.1912728722579331
1426	150	0.13584394823617885
1427	1	0.07295388575805362
1427	2	0.14728234365608728
1427	3	0.08519933654047662
1427	4	0.17464834411467933
1427	5	0.11812787310780948
1427	6	0.04527078322033873
1427	7	0.01839725888662258
1427	8	0.11975168542922177
1427	9	0.10594271443035552
1427	10-14	0.03727287736165863
1427	15-19	0.07096626812588624
1427	20-24	0.07232553465685498
1427	25-29	0.07673940283270042
1427	30-34	0.0710764904102632
1427	35-39	0.1203789015340746
1427	40-44	0.07992403264186265
1427	45-49	0.07008992355745391
1427	50-54	0.10992315809429698
1427	55-59	0.10101396524760275
1427	60-64	0.09182944572145146
1427	65-69	0.07014297605175557
1427	70-74	0.06606171866121002
1427	75-79	0.045513116621158645
1427	80-84	0.08548979692958625
1427	85-89	0.07517664433432714
1427	90-94	0.1003253165021718
1427	95-99	0.09857495902976865
1427	100-104	0.09232575754150929
1427	105-109	0.1372100732616559
1427	110-114	0.1521640202639034
1427	115-119	0.1735493677196729
1427	120-124	0.12840805188942994
1427	125-129	0.12464836630732634
1427	130-134	0.09226766825183574
1427	135-139	0.1620622320189824
1427	140-144	0.15990390577515967
1427	145-149	0.22492457747725325
1427	150	0.13341550238219213
1428	1	0.04509823151167325
1428	2	0.05964004582983762
1428	3	-0.01166223025379054
1428	4	0.03351248595625833
1428	5	0.11210552322226874
1428	6	0.05668102292268884
1428	7	0.029014993493561292
1428	8	0.006821771000808496
1428	9	0.07054504284884189
1428	10-14	0.028332564172018238
1428	15-19	0.048710336422693956
1428	20-24	0.06698437921042455
1428	25-29	0.04169414546537098
1428	30-34	0.051906210792090235
1428	35-39	0.014753519716229846
1428	40-44	0.005079612762791896
1428	45-49	0.01219723472377865
1428	50-54	0.10193034860940031
1428	55-59	0.06531163252871863
1428	60-64	0.06748559271613175
1428	65-69	0.036605423609898935
1428	70-74	0.02728395002753814
1428	75-79	0.029115911146348594
1428	80-84	0.05626082939123478
1428	85-89	0.08695920668515811
1428	90-94	0.1279407209636716
1428	95-99	0.07411843709290622
1428	100-104	0.09414809722543538
1428	105-109	0.06582968214290474
1428	110-114	0.0696509723929708
1428	115-119	0.1394145525468602
1428	120-124	0.12971955395582313
1428	125-129	0.12217964283841098
1428	130-134	0.12593098727937502
1428	135-139	0.12026607503078424
1428	140-144	0.1829860569057402
1428	145-149	0.25883927444471055
1428	150	0.23093879176973786
1429	1	-0.017370946383600483
1429	2	-0.002817014076555324
1429	3	0.08996058173425325
1429	4	0.1278214615179607
1429	5	-0.009264133314182743
1429	6	0.06067869898325284
1429	7	0.08097906259013854
1429	8	0.02822495074170206
1429	9	-0.016474865455784027
1429	10-14	0.014038775843417284
1429	15-19	0.04529277272593646
1429	20-24	0.04223473443714454
1429	25-29	0.045486979041861275
1429	30-34	0.031230759908375205
1429	35-39	0.044405356323480305
1429	40-44	0.07752243354752153
1429	45-49	0.019684591056538636
1429	50-54	0.05432478081036862
1429	55-59	0.024961531227177147
1429	60-64	0.04652879121373843
1429	65-69	0.04935478879693278
1429	70-74	0.05704879415190334
1429	75-79	0.02980760595178822
1429	80-84	0.08389558312412504
1429	85-89	0.07517655648486965
1429	90-94	0.053104936678224135
1429	95-99	0.03612298705842676
1429	100-104	0.07018443490551363
1429	105-109	0.06267029947009206
1429	110-114	0.040839571633924265
1429	115-119	0.10709497461737527
1429	120-124	0.09568791262657328
1429	125-129	0.1100739173601113
1429	130-134	0.06987989861379162
1429	135-139	0.1290726828828852
1429	140-144	0.12833837676868853
1429	145-149	0.21285741051769946
1429	150	0.15377817616427336
1430	1	-0.014719834145580535
1430	2	0.05893585077895125
1430	3	0.07226356687349522
1430	4	0.024519688492439684
1430	5	-0.039303952177391466
1430	6	-0.006285559122751749
1430	7	-0.0017047952709745573
1430	8	0.0684237590360226
1430	9	-0.027025781962180417
1430	10-14	0.005669316161657889
1430	15-19	0.005655340056996749
1430	20-24	0.004392474649030476
1430	25-29	0.05325134815522148
1430	30-34	0.03289011111832707
1430	35-39	0.03483595817503726
1430	40-44	-0.0010688398521452314
1430	45-49	-0.005149052520188491
1430	50-54	0.03754133482055266
1430	55-59	0.023551521394210795
1430	60-64	-0.013085481425271439
1430	65-69	-0.0052063688335124425
1430	70-74	0.016256026945768554
1430	75-79	-0.0014415823649116533
1430	80-84	-0.026255482731997404
1430	85-89	0.008591354476216395
1430	90-94	0.004348976603765209
1430	95-99	0.007849159129101224
1430	100-104	0.009202398616309893
1430	105-109	0.021680177269246315
1430	110-114	-0.013551171156784392
1430	115-119	0.010482979329779596
1430	120-124	0.05318883253430329
1430	125-129	0.06596148144443958
1430	130-134	0.08059894951638569
1430	135-139	0.08816898562682951
1430	140-144	0.08943772061937239
1430	145-149	0.15948277925382115
1430	150	0.1178265973243171
1431	1	0.01998188276422752
1431	2	0.04112468009990522
1431	3	0.050628027271066856
1431	4	-0.012592876445324919
1431	5	0.06423169553929142
1431	6	0.09945591553729116
1431	7	0.03604811212601078
1431	8	0.011725865341709607
1431	9	0.030437120082915214
1431	10-14	0.047771284979234
1431	15-19	0.04490508399690896
1431	20-24	0.046337404813058924
1431	25-29	0.05523333398194552
1431	30-34	0.04542534821612776
1431	35-39	0.04153302524894542
1431	40-44	0.05456790392474886
1431	45-49	0.07459336487159618
1431	50-54	0.02470326629795494
1431	55-59	0.03052773625707772
1431	60-64	0.054062739687608996
1431	65-69	-0.0036928268688711796
1431	70-74	0.02236392513074037
1431	75-79	0.004899711130697426
1431	80-84	0.041048527491952314
1431	85-89	0.04496782355369788
1431	90-94	0.06402916293554028
1431	95-99	0.07440115624400079
1431	100-104	0.04571724010511957
1431	105-109	0.08822729155662756
1431	110-114	0.06159089221078062
1431	115-119	0.11776237164459502
1431	120-124	0.11396098442330072
1431	125-129	0.09964507114544574
1431	130-134	0.12542455567906075
1431	135-139	0.13906944438193136
1431	140-144	0.14413254005471288
1431	145-149	0.17959847150805075
1431	150	0.16757828439889266
1432	1	0.0092648506226638
1432	2	-0.0011460004975134552
1432	3	0.04538500665213263
1432	4	-0.025110473586998694
1432	5	0.14788867077342616
1432	6	0.08823826972383131
1432	7	0.051391582868006935
1432	8	0.029234175557768083
1432	9	0.04949390601364456
1432	10-14	0.04840333429415722
1432	15-19	0.08477802808693014
1432	20-24	0.05212229007787528
1432	25-29	0.06618380152936254
1432	30-34	-0.013889390895108988
1432	35-39	0.02582753537725324
1432	40-44	0.048389948532552296
1432	45-49	0.0015567620893719436
1432	50-54	0.022519190919972232
1432	55-59	0.007654442224939828
1432	60-64	0.021352245134274028
1432	65-69	0.010628056236626549
1432	70-74	-0.04306279691554238
1432	75-79	6.522722196109498E-4
1432	80-84	-0.005403444952101211
1432	85-89	0.005399802007161725
1432	90-94	0.029393361018790642
1432	95-99	-0.05034790033094083
1432	100-104	0.007318476324783774
1432	105-109	0.029103398221316468
1432	110-114	-0.010394312730895194
1432	115-119	0.04080795942731896
1432	120-124	0.031913481053024384
1432	125-129	0.06490726946586989
1432	130-134	0.04371098876480772
1432	135-139	0.015027401854872835
1432	140-144	0.05933017005166619
1432	145-149	0.15234163217659358
1432	150	0.21143003407313898
1433	1	0.005070419576902907
1433	2	0.07747137161901207
1433	3	0.030124765388499952
1433	4	0.09116605489981566
1433	5	0.04217515624137036
1433	6	0.056896114356803196
1433	7	0.04226122178739189
1433	8	0.07882744968467392
1433	9	0.07548216512796557
1433	10-14	0.049635217877643356
1433	15-19	0.03949967859150405
1433	20-24	0.022976112486247757
1433	25-29	0.0226145082596787
1433	30-34	0.02604044607260647
1433	35-39	0.0053727270196830546
1433	40-44	0.02319170013475258
1433	45-49	0.052785349960132066
1433	50-54	0.051668162228359904
1433	55-59	0.013938733461174024
1433	60-64	0.055243230523281284
1433	65-69	0.03240534026377162
1433	70-74	0.020251467845866955
1433	75-79	0.025837890689565768
1433	80-84	0.03421410686443238
1433	85-89	0.1064776092014128
1433	90-94	0.07061505917660327
1433	95-99	0.025441852112287222
1433	100-104	0.029687417178749342
1433	105-109	0.12059759289244454
1433	110-114	0.08495218453758469
1433	115-119	0.10782139618637387
1433	120-124	0.10513836870413229
1433	125-129	0.10418064119825488
1433	130-134	0.07665164483718456
1433	135-139	0.1029091461526761
1433	140-144	0.11648420206155663
1433	145-149	0.16617815463945362
1433	150	0.0930209684622696
1434	1	0.026567807849815495
1434	2	0.10392468113830944
1434	3	0.0015389804872754098
1434	4	0.0036053407902585377
1434	5	0.050267774842104984
1434	6	0.052028890010184625
1434	7	0.029995954887603204
1434	8	0.04569894128962204
1434	9	-0.037406633766025266
1434	10-14	0.02185211828588507
1434	15-19	0.028514300744149068
1434	20-24	0.018825270644505565
1434	25-29	0.04298970047234718
1434	30-34	0.023108689034614827
1434	35-39	0.047891165158134186
1434	40-44	0.023850682044340488
1434	45-49	0.039135661466531246
1434	50-54	0.03385765168899724
1434	55-59	0.0330069516169047
1434	60-64	0.027953256849670538
1434	65-69	-0.012513654227788606
1434	70-74	0.01593846211129346
1434	75-79	0.02121662356709919
1434	80-84	0.03770308234457076
1434	85-89	0.0379796327887334
1434	90-94	0.047439006358828806
1434	95-99	0.05192769825042376
1434	100-104	0.08911434001936414
1434	105-109	0.05800175336835878
1434	110-114	0.012353699970994114
1434	115-119	0.06485367580054202
1434	120-124	0.07650444229862785
1434	125-129	0.1301051729723568
1434	130-134	0.10289006268062906
1434	135-139	0.13206224507812436
1434	140-144	0.09146763809580705
1434	145-149	0.19184123968204148
1434	150	0.07966624403271538
1435	1	0.002814702765356003
1435	2	0.023445034039283996
1435	3	0.01122126375842214
1435	4	0.05137934471828487
1435	5	0.02904332167639012
1435	6	0.0732237161542173
1435	7	0.04745892686332098
1435	8	0.026386725407007816
1435	9	0.038909122401861396
1435	10-14	0.036755603229032374
1435	15-19	0.04513155068921293
1435	20-24	0.0197981299915142
1435	25-29	0.03738346257484437
1435	30-34	0.0071729181164954525
1435	35-39	0.03053778439856103
1435	40-44	0.06258044793908368
1435	45-49	0.04687562020730951
1435	50-54	0.08660951301383335
1435	55-59	0.027517438432006713
1435	60-64	0.08282054505097847
1435	65-69	0.026379951973289906
1435	70-74	0.029234896858781667
1435	75-79	0.035310169018401893
1435	80-84	0.04028742155843901
1435	85-89	0.06683612179682541
1435	90-94	0.06441575000972932
1435	95-99	0.0757150326123579
1435	100-104	0.07580150973560507
1435	105-109	0.02837783820633888
1435	110-114	0.053237724275511766
1435	115-119	0.055677180441342955
1435	120-124	0.056760995047959284
1435	125-129	0.10288622410458004
1435	130-134	0.09487724769936534
1435	135-139	0.14810593889465196
1435	140-144	0.11596642367554466
1435	145-149	0.16004063011326508
1435	150	0.06603465000690534
1436	1	0.03465334209879245
1436	2	0.036094341755813275
1436	3	0.048788583088914095
1436	4	0.03442834545694495
1436	5	0.08487813702812019
1436	6	0.06462940077187085
1436	7	-0.02370016985102552
1436	8	-0.01597568388952908
1436	9	0.04022158906964535
1436	10-14	0.05250320738723957
1436	15-19	0.038952709402110486
1436	20-24	0.07092903141373341
1436	25-29	0.0781719481794454
1436	30-34	0.061722940099691925
1436	35-39	0.043209756585547154
1436	40-44	0.04811883658160099
1436	45-49	0.03180113738807222
1436	50-54	0.045638924818049986
1436	55-59	0.03382772789049682
1436	60-64	0.04018587424521769
1436	65-69	0.01188068804082576
1436	70-74	0.02508638719643841
1436	75-79	0.08809855137588585
1436	80-84	0.057088309483688704
1436	85-89	0.05811507920815018
1436	90-94	0.06907984279089874
1436	95-99	0.07591859064635287
1436	100-104	0.05519409425095745
1436	105-109	0.05480470671538029
1436	110-114	0.027875260668679402
1436	115-119	0.07616395223967487
1436	120-124	0.0550517945971194
1436	125-129	0.12393544323584393
1436	130-134	0.10143805536053208
1436	135-139	0.09141102512038657
1436	140-144	0.10580920018641393
1436	145-149	0.19963320507153526
1436	150	0.09319089802184521
1437	1	0.040779826453331225
1437	2	0.05755559409343647
1437	3	0.03430957952501501
1437	4	0.06705693430636472
1437	5	0.04040851098376663
1437	6	0.10105704170317154
1437	7	0.06564856349440618
1437	8	0.12655838531856745
1437	9	0.05034523602608232
1437	10-14	0.04892552405326711
1437	15-19	0.03059316131702161
1437	20-24	0.04235589727095146
1437	25-29	0.05054597786249104
1437	30-34	0.06523629216500382
1437	35-39	0.02085788371566366
1437	40-44	0.039439083089988
1437	45-49	0.021068798441270076
1437	50-54	0.023715731692526276
1437	55-59	0.06388941744533838
1437	60-64	0.028846390333335137
1437	65-69	0.026720532849211054
1437	70-74	0.04150143044144272
1437	75-79	0.020343321811864712
1437	80-84	0.03185714390993155
1437	85-89	0.05095368778959397
1437	90-94	0.04328275423002026
1437	95-99	0.07828531832203112
1437	100-104	0.059105175946164934
1437	105-109	0.048271647782044624
1437	110-114	0.0815747566291094
1437	115-119	0.11583729064503956
1437	120-124	0.019895284763990162
1437	125-129	0.07142457196009389
1437	130-134	0.0587568481936529
1437	135-139	0.07134333988170738
1437	140-144	0.058368584157094006
1437	145-149	0.10177425683107799
1437	150	0.17335106990884697
1438	1	0.09832960282058423
1438	2	0.03054930425913227
1438	3	0.025661856140622774
1438	4	0.05383329401029613
1438	5	0.055694487273292737
1438	6	0.059130041426065816
1438	7	0.03353348979348425
1438	8	0.0625346167510088
1438	9	0.08310689563142404
1438	10-14	0.04906062158433855
1438	15-19	0.035494433516909396
1438	20-24	0.028770186296597444
1438	25-29	0.014377832994725281
1438	30-34	0.03909932052241061
1438	35-39	0.07025370641053286
1438	40-44	0.05942407741711264
1438	45-49	0.04726964440568082
1438	50-54	0.03952153284034665
1438	55-59	0.02580303868077749
1438	60-64	0.03619434824308598
1438	65-69	0.00575633558300126
1438	70-74	0.021896022125062586
1438	75-79	0.002317023832787868
1438	80-84	0.008951591346203713
1438	85-89	0.03864714797691704
1438	90-94	0.039701289924991556
1438	95-99	0.043147934793182685
1438	100-104	0.044930711616153474
1438	105-109	0.036330722379929625
1438	110-114	0.053602974033012174
1438	115-119	0.09881261987810319
1438	120-124	0.019392510486369474
1438	125-129	0.1110774256231224
1438	130-134	0.09640182896163907
1438	135-139	0.0812824051148553
1438	140-144	0.13283427937637526
1438	145-149	0.14518976989671728
1438	150	0.1829667840957967
1439	1	0.05564362343305618
1439	2	0.08109594350055005
1439	3	-0.0068842451679884675
1439	4	0.024991310997151572
1439	5	0.09491927322734028
1439	6	0.06540799721918233
1439	7	0.08904940001156803
1439	8	0.10407826626756389
1439	9	0.012883731249416996
1439	10-14	0.05994474370442049
1439	15-19	0.045426834329710175
1439	20-24	0.05322413007483817
1439	25-29	0.015359793588807236
1439	30-34	0.04687656969569076
1439	35-39	0.013175769895937606
1439	40-44	0.03719377065548457
1439	45-49	0.018785635469164674
1439	50-54	0.057018419515316054
1439	55-59	0.041425089572953766
1439	60-64	0.06758801400646064
1439	65-69	0.050460884535667105
1439	70-74	0.02829804450368556
1439	75-79	0.003780480937308539
1439	80-84	0.06259958428155699
1439	85-89	0.06782875938109356
1439	90-94	0.07112286289650172
1439	95-99	0.04594230919753528
1439	100-104	0.044043511152224823
1439	105-109	0.0971161198361088
1439	110-114	0.04254246902915071
1439	115-119	0.07823964369484315
1439	120-124	0.04772641129218158
1439	125-129	0.11271283466194859
1439	130-134	0.08354158110832088
1439	135-139	0.12353088654295163
1439	140-144	0.1220570441955644
1439	145-149	0.1784129513806363
1439	150	0.231487235648423
1440	1	0.03589843770965473
1440	2	0.06296714451141128
1440	3	0.09937537693247833
1440	4	0.0150152317354042
1440	5	0.07789937492250232
1440	6	0.08604065281119944
1440	7	0.04738057434592946
1440	8	0.04319037139150339
1440	9	0.031972969420671404
1440	10-14	0.04629137977054398
1440	15-19	0.061459172544033436
1440	20-24	0.0563359219741244
1440	25-29	0.057224695174355134
1440	30-34	0.07472002955897494
1440	35-39	0.03560338326958856
1440	40-44	0.03617657648472061
1440	45-49	0.02706908864876567
1440	50-54	0.04985346364914278
1440	55-59	0.04025298116151532
1440	60-64	0.06555246126100656
1440	65-69	0.04901485009763462
1440	70-74	0.04455204641447352
1440	75-79	0.043642908552619986
1440	80-84	0.05280884901674909
1440	85-89	-0.004823671283013198
1440	90-94	0.030299210126415232
1440	95-99	0.03699591233878152
1440	100-104	0.03849765896281809
1440	105-109	0.03846147408756906
1440	110-114	0.04090356078204849
1440	115-119	0.045541550930281005
1440	120-124	0.0038103927618564626
1440	125-129	0.0875710442239992
1440	130-134	0.06624045984553817
1440	135-139	0.10370563834539581
1440	140-144	0.11487907611537196
1440	145-149	0.14440700011209628
1440	150	0.08402314246971088
1441	1	0.1174532574239322
1441	2	0.11189042216258827
1441	3	0.013797696150639638
1441	4	0.13879580000268277
1441	5	0.04961889117358709
1441	6	0.06306781618674506
1441	7	-0.0057759260682672675
1441	8	0.07281441337706696
1441	9	0.07532514430921111
1441	10-14	0.06054919997688302
1441	15-19	0.024529006075113102
1441	20-24	0.05505570762601053
1441	25-29	0.09141296231570095
1441	30-34	0.07372496947959206
1441	35-39	0.052777050984097684
1441	40-44	0.07349188272587526
1441	45-49	0.07649595797899167
1441	50-54	0.0796647903925205
1441	55-59	0.09164881072451436
1441	60-64	0.08542570845111896
1441	65-69	0.06212261861989532
1441	70-74	0.028916540311023198
1441	75-79	0.0570703860851296
1441	80-84	0.05909257052553585
1441	85-89	0.03659635970268482
1441	90-94	0.09631459756636218
1441	95-99	0.08121351849403169
1441	100-104	0.1475098218921147
1441	105-109	0.10783877580583123
1441	110-114	0.11552743703103374
1441	115-119	0.12649236152773113
1441	120-124	0.02767884751991545
1441	125-129	0.08384177227639356
1441	130-134	0.11307304459796796
1441	135-139	0.15593651818046084
1441	140-144	0.09502225213388016
1441	145-149	0.1573507015567941
1441	150	0.0953357436375768
1442	1	0.070274350630541
1442	2	0.08459218460767204
1442	3	-0.005735399481118009
1442	4	0.059412581444277635
1442	5	0.117757990223609
1442	6	0.024712857865601734
1442	7	0.12364882535482025
1442	8	0.0384047481742229
1442	9	0.11469594078530321
1442	10-14	0.06475485767871447
1442	15-19	0.052751544238375914
1442	20-24	0.06227747850001464
1442	25-29	0.09049445744423679
1442	30-34	0.08133539106265886
1442	35-39	0.0695836545560411
1442	40-44	0.07415782215510802
1442	45-49	0.07296854285180387
1442	50-54	0.10981422340225322
1442	55-59	0.03397367332923551
1442	60-64	0.0563013165830597
1442	65-69	0.08276703339401337
1442	70-74	0.09658880226039201
1442	75-79	0.06209727386850261
1442	80-84	0.07535029003030047
1442	85-89	0.11656044855654812
1442	90-94	0.09688168287955534
1442	95-99	0.15421509942871836
1442	100-104	0.12030917596723611
1442	105-109	0.12905628123196067
1442	110-114	0.13748935099685866
1442	115-119	0.09628342106983467
1442	120-124	0.11392684100803052
1442	125-129	0.14610235630826196
1442	130-134	0.16876517232508093
1442	135-139	0.18005098539747877
1442	140-144	0.16602243692477003
1442	145-149	0.26019712003756723
1442	150	0.23064431349489922
1443	1	0.07466361328019389
1443	2	0.1149582102331479
1443	3	0.06989705810215696
1443	4	0.11631825052808864
1443	5	0.08564753804303393
1443	6	0.08050544883553812
1443	7	0.09630090525250523
1443	8	0.0753586402763986
1443	9	0.1313269488790496
1443	10-14	0.08960379933366625
1443	15-19	0.057822468831346896
1443	20-24	0.08267748007443743
1443	25-29	0.10164960326325456
1443	30-34	0.06591043950167119
1443	35-39	0.08922748608132736
1443	40-44	0.06948835596367786
1443	45-49	0.0736845456797468
1443	50-54	0.07283416866773251
1443	55-59	0.05241070970360795
1443	60-64	0.04185329442996277
1443	65-69	0.054555124430066826
1443	70-74	0.06683455169516606
1443	75-79	0.05102513512335349
1443	80-84	0.03669122989953877
1443	85-89	0.026656799836338507
1443	90-94	0.02218900998617812
1443	95-99	0.0752801926313893
1443	100-104	0.05370730684541769
1443	105-109	0.06772337383510063
1443	110-114	0.10898376356922768
1443	115-119	0.11187662207033355
1443	120-124	0.10098767967297562
1443	125-129	0.13579412366550514
1443	130-134	0.09936593274218808
1443	135-139	0.19956617102218388
1443	140-144	0.15027140488813728
1443	145-149	0.17849924683508078
1443	150	0.11246890830331324
1444	1	0.039454333271159214
1444	2	0.019598243548841765
1444	3	0.03856606447018862
1444	4	0.12165899425974658
1444	5	0.03898531807616479
1444	6	-0.009633725572051333
1444	7	0.027407682303312697
1444	8	0.032817009585563994
1444	9	0.024328907078157158
1444	10-14	0.04735970969080938
1444	15-19	0.022812234317854063
1444	20-24	0.012350196441609285
1444	25-29	0.058789618819020006
1444	30-34	0.0249765519052616
1444	35-39	0.04900950563182249
1444	40-44	0.06917545498551192
1444	45-49	0.034749580200227115
1444	50-54	0.05640464972346848
1444	55-59	0.05066933521641204
1444	60-64	0.06521002669696685
1444	65-69	0.09999452115344809
1444	70-74	0.05207918834354075
1444	75-79	0.038503585621270986
1444	80-84	0.0684568711564566
1444	85-89	0.08734613046402018
1444	90-94	0.10563290601711373
1444	95-99	0.11383693902953951
1444	100-104	0.0855193542914705
1444	105-109	0.11465790616458094
1444	110-114	0.09690112407274398
1444	115-119	0.10889255242994977
1444	120-124	0.0870585077671393
1444	125-129	0.1792278591026104
1444	130-134	0.13160538944610067
1444	135-139	0.18716767376095333
1444	140-144	0.2446271681355512
1444	145-149	0.29420746345694226
1444	150	0.2426231968822279
1445	1	0.07503057937372404
1445	2	0.005857107627250002
1445	3	0.0335365256060669
1445	4	0.010188525646427138
1445	5	0.06005692185453171
1445	6	0.04993634151681192
1445	7	0.026308790226977408
1445	8	0.024473640339941483
1445	9	0.005524730379242726
1445	10-14	0.025089074638216857
1445	15-19	0.02532506840964288
1445	20-24	0.03673542533812224
1445	25-29	0.026747861213351598
1445	30-34	0.021586627462703234
1445	35-39	0.032251511430224866
1445	40-44	0.03941663650488181
1445	45-49	0.06286039778473196
1445	50-54	0.06343491991163575
1445	55-59	0.06074415957695578
1445	60-64	0.06566817452353746
1445	65-69	0.013420475180907943
1445	70-74	0.02435321024162107
1445	75-79	0.040709023165064195
1445	80-84	0.0518647883989658
1445	85-89	0.07723893313877994
1445	90-94	0.06938333743671876
1445	95-99	0.04259439485466032
1445	100-104	0.047637854003959035
1445	105-109	0.03679582379122337
1445	110-114	0.05838078555240145
1445	115-119	0.11938541029122263
1445	120-124	0.06704764640289085
1445	125-129	0.1392683604965015
1445	130-134	0.08829523034646769
1445	135-139	0.13119405538132156
1445	140-144	0.11522195978297134
1445	145-149	0.20335435079931585
1445	150	0.1548795602664086
1446	1	0.06718616856259274
1446	2	0.06435996596336935
1446	3	0.03352765124930812
1446	4	0.08968050193890065
1446	5	0.07765809299199589
1446	6	0.10670545296465406
1446	7	0.03207984887725246
1446	8	0.04594854256832548
1446	9	-0.01252873548839517
1446	10-14	0.040616581277134856
1446	15-19	0.044401038654456215
1446	20-24	0.04448783534569145
1446	25-29	0.052424221057314924
1446	30-34	0.08741768668014771
1446	35-39	0.0729728607925253
1446	40-44	0.09167234926049161
1446	45-49	0.08785348173575613
1446	50-54	0.11850522167346611
1446	55-59	0.058690097987124545
1446	60-64	0.11942116478514464
1446	65-69	0.12891128461942003
1446	70-74	0.1284435152993737
1446	75-79	0.10099919182543005
1446	80-84	0.1509105917801037
1446	85-89	0.06071029990275889
1446	90-94	0.07814163347295988
1446	95-99	0.15514571987048953
1446	100-104	0.11842486964008003
1446	105-109	0.13517470190991077
1446	110-114	0.07645513342599486
1446	115-119	0.15055691065641952
1446	120-124	0.0792993552867074
1446	125-129	0.17290118106057406
1446	130-134	0.16064719665603633
1446	135-139	0.1928870962396516
1446	140-144	0.1722423593015563
1446	145-149	0.25220805162422266
1446	150	0.24548391685174664
1447	1	0.013680699174585698
1447	2	0.0675436629317332
1447	3	-0.01167263223270254
1447	4	0.045472874833514254
1447	5	0.11304953909442617
1447	6	0.036400115305035285
1447	7	0.025166454821615503
1447	8	0.06868146872220393
1447	9	0.07429193241524246
1447	10-14	0.054696500675618154
1447	15-19	0.05209400823802923
1447	20-24	0.06641764069430423
1447	25-29	0.041552717257211214
1447	30-34	0.05368481371826306
1447	35-39	0.08475895390353827
1447	40-44	0.05153696000465402
1447	45-49	0.0783964154929464
1447	50-54	0.07667864007226655
1447	55-59	0.0615228060538513
1447	60-64	0.06618756121564928
1447	65-69	0.06616640591279577
1447	70-74	0.09567459068493633
1447	75-79	0.06645365478972565
1447	80-84	0.06694993194913224
1447	85-89	0.10157285493299639
1447	90-94	0.08189675320187462
1447	95-99	0.1130942456701689
1447	100-104	0.14707384006219826
1447	105-109	0.16118151674233872
1447	110-114	0.08269799553045232
1447	115-119	0.16769036309808172
1447	120-124	0.13815941968029932
1447	125-129	0.1300382943626346
1447	130-134	0.1652442360525228
1447	135-139	0.18837438178989174
1447	140-144	0.23320577572912526
1447	145-149	0.25867369429296616
1447	150	0.24684578820848913
1448	1	0.055251788827654025
1448	2	0.06116181480260252
1448	3	-0.03723421098585078
1448	4	-0.033289614217260066
1448	5	0.09815936262025815
1448	6	0.09594801340039538
1448	7	-0.04437566917022906
1448	8	0.027991083933478933
1448	9	0.03096082937272371
1448	10-14	0.04452221442645765
1448	15-19	-0.015687418639629414
1448	20-24	0.03418493084088681
1448	25-29	0.014690000709080664
1448	30-34	0.04803341472116074
1448	35-39	0.027759384553824873
1448	40-44	-0.005262499486875072
1448	45-49	0.007943454598922983
1448	50-54	0.03535100457343532
1448	55-59	0.00537034275734527
1448	60-64	-0.018887401978773255
1448	65-69	0.05529693531988755
1448	70-74	0.040825152648878316
1448	75-79	-0.014831547404050127
1448	80-84	0.04163125844443982
1448	85-89	0.08543175109697643
1448	90-94	0.03952987537019226
1448	95-99	0.07053411448747227
1448	100-104	0.08409352825290028
1448	105-109	0.02502430396643973
1448	110-114	0.0484527852629455
1448	115-119	0.10119703509587907
1448	120-124	0.09397855272504074
1448	125-129	0.14775285103551994
1448	130-134	0.11386650182769387
1448	135-139	0.1899621254366437
1448	140-144	0.12027080161050918
1448	145-149	0.11847229787668567
1448	150	0.15103033764737006
1449	1	0.031105973837370016
1449	2	0.04142742728316051
1449	3	-0.02037729763463858
1449	4	0.10275962243429149
1449	5	0.05561737376357456
1449	6	0.08215003264039211
1449	7	-0.019675660567720854
1449	8	0.052516051015494725
1449	9	0.04122777685848433
1449	10-14	0.0690590793141439
1449	15-19	0.04927480293253694
1449	20-24	0.057957084292091565
1449	25-29	0.059767293264492594
1449	30-34	0.0403818712462396
1449	35-39	0.07360900198340659
1449	40-44	0.07111818031012263
1449	45-49	0.08004828690765464
1449	50-54	0.10225775023844363
1449	55-59	0.03184141644649685
1449	60-64	0.09526466153061364
1449	65-69	0.09565257452997855
1449	70-74	0.024378911407410442
1449	75-79	0.07658878860908658
1449	80-84	0.0424088229848536
1449	85-89	0.05773474989884875
1449	90-94	0.08881829636878535
1449	95-99	0.0840139809251994
1449	100-104	0.11557822917531979
1449	105-109	0.08662719506566674
1449	110-114	0.12688564837242922
1449	115-119	0.14197992421792804
1449	120-124	0.07667732918577741
1449	125-129	0.1849282637231724
1449	130-134	0.13834965772402086
1449	135-139	0.20585856840285288
1449	140-144	0.18449917077501254
1449	145-149	0.23466024673117403
1449	150	0.16607551336459636
1450	1	0.11035915280557873
1450	2	0.1618887028378424
1450	3	0.010496934062992125
1450	4	0.09916865691316445
1450	5	0.15945779410295557
1450	6	0.112070717577744
1450	7	0.10927167727839304
1450	8	0.07790112709388808
1450	9	0.07967710886331503
1450	10-14	0.0884640004852244
1450	15-19	0.06722571694589874
1450	20-24	0.083132763615275
1450	25-29	0.08377988231247002
1450	30-34	0.09163745560610437
1450	35-39	0.08162194521149502
1450	40-44	0.10810626501151432
1450	45-49	0.09656260924896998
1450	50-54	0.1381119791990031
1450	55-59	0.11551535990805206
1450	60-64	0.09280283587160199
1450	65-69	0.11927643624026274
1450	70-74	0.08346697347111132
1450	75-79	0.11251055638850005
1450	80-84	0.13295513233890688
1450	85-89	0.11108605314342412
1450	90-94	0.11480896171739374
1450	95-99	0.13884415242247883
1450	100-104	0.168927242968401
1450	105-109	0.12270538912871842
1450	110-114	0.08596213354094573
1450	115-119	0.18559118660704854
1450	120-124	0.1240088915370734
1450	125-129	0.22442868877597988
1450	130-134	0.19038506448262638
1450	135-139	0.23925913154432266
1450	140-144	0.21910638247381087
1450	145-149	0.31629791877482205
1450	150	0.15096801982600283
1451	1	0.04674810299846399
1451	2	0.031898591219402306
1451	3	-0.02466788495170391
1451	4	0.09017530003419694
1451	5	0.10183422423799726
1451	6	0.06080530112060245
1451	7	0.02672164566839541
1451	8	0.03594455514127759
1451	9	0.08716920513897009
1451	10-14	0.05866655676780397
1451	15-19	0.07178157380955952
1451	20-24	0.02407740900889621
1451	25-29	0.06149706970109747
1451	30-34	0.048425889555410606
1451	35-39	0.05465081012473405
1451	40-44	0.05198844312044315
1451	45-49	0.034430828990011264
1451	50-54	0.051564072721483
1451	55-59	0.052380838482939396
1451	60-64	0.08659100209733595
1451	65-69	0.10128585237015386
1451	70-74	0.10261454452257368
1451	75-79	0.059303872067928864
1451	80-84	0.03779028882983937
1451	85-89	0.08737566882413716
1451	90-94	0.10407872788668726
1451	95-99	0.1011934182891423
1451	100-104	0.14327868687541212
1451	105-109	0.089564266467967
1451	110-114	0.13141359314886358
1451	115-119	0.16366102449588737
1451	120-124	0.11141395927750608
1451	125-129	0.22075952849969127
1451	130-134	0.1885096571104512
1451	135-139	0.23977025089098447
1451	140-144	0.15723666269687442
1451	145-149	0.3419840296525649
1451	150	0.2381382795325706
1452	1	0.05193149179103074
1452	2	0.021161894363210365
1452	3	0.09313836163940437
1452	4	0.06862636046616899
1452	5	0.007649565410545733
1452	6	0.06433984512621294
1452	7	-0.06910242699394331
1452	8	0.020890299659932055
1452	9	0.07412197414509336
1452	10-14	0.04742761259431916
1452	15-19	0.03849155081375244
1452	20-24	-0.01000656261651045
1452	25-29	0.014539534134627274
1452	30-34	0.03408948670914924
1452	35-39	0.02469335157769592
1452	40-44	0.010589078452255762
1452	45-49	0.06150538302387076
1452	50-54	0.048880829322762054
1452	55-59	0.043596672894281596
1452	60-64	0.044519996459200684
1452	65-69	0.022723192338688136
1452	70-74	0.038978861415131405
1452	75-79	0.032482990996946626
1452	80-84	0.023620754891773288
1452	85-89	0.057325433286116834
1452	90-94	0.0493070590954332
1452	95-99	0.0665967958274436
1452	100-104	0.09751369519823783
1452	105-109	0.0645321226396618
1452	110-114	0.14183031548434144
1452	115-119	0.13650137576740917
1452	120-124	0.11988835738628723
1452	125-129	0.17768159189768795
1452	130-134	0.11906759223493424
1452	135-139	0.21282910553330225
1452	140-144	0.1627467160917817
1452	145-149	0.24466145729751787
1452	150	0.25783511764871037
1453	1	0.007033604516990977
1453	2	0.028918723400273905
1453	3	-0.022050655366655292
1453	4	0.10269438154933397
1453	5	0.12323326186209727
1453	6	0.11279102849526623
1453	7	0.04669071530797453
1453	8	0.07833308787238025
1453	9	0.012096180022489023
1453	10-14	0.07146435853019995
1453	15-19	0.0690051931400788
1453	20-24	0.052881010630486
1453	25-29	0.04335766899570359
1453	30-34	0.05521704159419727
1453	35-39	0.05490375017047455
1453	40-44	0.1193680091445728
1453	45-49	0.06994977121364343
1453	50-54	0.06819592958117937
1453	55-59	0.0727744286426315
1453	60-64	0.09604729764705411
1453	65-69	0.11036761942555273
1453	70-74	0.07991377336126959
1453	75-79	0.10725638003552262
1453	80-84	0.09629389810707067
1453	85-89	0.0808554147509426
1453	90-94	0.07560542652014135
1453	95-99	0.13161229167081245
1453	100-104	0.16339067489457904
1453	105-109	0.1772287537110273
1453	110-114	0.17091895832247417
1453	115-119	0.23622429308039017
1453	120-124	0.19444302905235844
1453	125-129	0.2485935592871371
1453	130-134	0.2469186148188669
1453	135-139	0.3027675355398003
1453	140-144	0.21244154325171394
1453	145-149	0.3350257474099365
1453	150	0.3164664716925074
1454	1	0.05073087153033384
1454	2	0.00895660367545048
1454	3	0.0528218585074427
1454	4	0.09979385129116736
1454	5	0.037005096782408486
1454	6	0.02881422901185715
1454	7	0.0332058549916141
1454	8	0.030867695240999637
1454	9	0.06989619760086185
1454	10-14	0.04914671176607044
1454	15-19	0.04136133733433667
1454	20-24	0.04282479658839833
1454	25-29	0.06366394942238429
1454	30-34	0.040950801337977794
1454	35-39	0.055182827739990614
1454	40-44	0.040502135053891664
1454	45-49	0.021561048100387836
1454	50-54	0.052082146011002806
1454	55-59	0.029180357389030576
1454	60-64	0.11125795655531334
1454	65-69	0.10649415099557302
1454	70-74	0.05094245106681683
1454	75-79	0.0787578700064131
1454	80-84	0.08232558830331982
1454	85-89	0.062400275666320226
1454	90-94	0.07666180561074754
1454	95-99	0.0768403921918761
1454	100-104	0.12268265355170627
1454	105-109	0.11212376849604055
1454	110-114	0.10454727113700102
1454	115-119	0.15474891724453954
1454	120-124	0.115995683080925
1454	125-129	0.1821865682891115
1454	130-134	0.14166631241176475
1454	135-139	0.22090128836203604
1454	140-144	0.1916534407835968
1454	145-149	0.25002918636990756
1454	150	0.15192276415591977
1455	1	0.0664595559793284
1455	2	0.07804146288149383
1455	3	0.07709671599877765
1455	4	0.11551384162096667
1455	5	0.09142253855902283
1455	6	0.005231394183972782
1455	7	0.09426750338345613
1455	8	0.06167000974703285
1455	9	0.040207314829515894
1455	10-14	0.06915242066080651
1455	15-19	0.058426534388019036
1455	20-24	0.04286778498949673
1455	25-29	0.06546203939015527
1455	30-34	0.050832697938894
1455	35-39	0.05517479115922441
1455	40-44	0.057457391682731895
1455	45-49	0.09602490770628691
1455	50-54	0.08879757207435546
1455	55-59	0.0596203828343107
1455	60-64	0.0923236261599385
1455	65-69	0.10813577604188396
1455	70-74	0.09150620113413055
1455	75-79	0.10571320480927682
1455	80-84	0.11851410690795916
1455	85-89	0.13183510604660853
1455	90-94	0.06002067700593727
1455	95-99	0.10913020473716273
1455	100-104	0.1762294560044424
1455	105-109	0.16590491764379323
1455	110-114	0.1757753403126756
1455	115-119	0.2136498066967718
1455	120-124	0.1707884185671773
1455	125-129	0.2043359109004541
1455	130-134	0.18131918180351647
1455	135-139	0.2452893301344261
1455	140-144	0.2363947808746758
1455	145-149	0.290256189091302
1455	150	0.19798537657216286
1456	1	0.03636594589104902
1456	2	0.058292062697475444
1456	3	0.08940186906275471
1456	4	0.10540014680474741
1456	5	0.09878140702473104
1456	6	0.020277835295232194
1456	7	0.08166450764809952
1456	8	0.07903266529831399
1456	9	0.05503670636940683
1456	10-14	0.01019974816699687
1456	15-19	0.05030131061478471
1456	20-24	0.06487573808757219
1456	25-29	0.07187328485800748
1456	30-34	0.099279792688165
1456	35-39	0.09569376818464548
1456	40-44	0.06123501500739792
1456	45-49	0.0914605488326643
1456	50-54	0.08625676737361943
1456	55-59	0.048792797274956
1456	60-64	0.057324317268481195
1456	65-69	0.08872187830395717
1456	70-74	0.08438374346916788
1456	75-79	0.10890705067510709
1456	80-84	0.10192837527513632
1456	85-89	0.07085031967849176
1456	90-94	0.05249026513654087
1456	95-99	0.1063741264575313
1456	100-104	0.13561469184423203
1456	105-109	0.16356666342838366
1456	110-114	0.13272216760766753
1456	115-119	0.2010036048495465
1456	120-124	0.1542233583220849
1456	125-129	0.21099320411179434
1456	130-134	0.17252065308225895
1456	135-139	0.2035653858909825
1456	140-144	0.21380380729817006
1456	145-149	0.22363405325219787
1456	150	0.17316136905534307
1457	1	-0.020827555382822993
1457	2	0.10080015348829363
1457	3	0.06402233577363603
1457	4	0.04621897470013181
1457	5	0.08002744317144561
1457	6	0.038023866005808316
1457	7	0.019372992740386508
1457	8	-0.008155218629184446
1457	9	0.03908779160448006
1457	10-14	0.0562139473689669
1457	15-19	0.039082042029519926
1457	20-24	0.03819915589854617
1457	25-29	0.021410205320009368
1457	30-34	0.03846331320597329
1457	35-39	0.06915211827942613
1457	40-44	0.03862257928977186
1457	45-49	0.028397420731785417
1457	50-54	0.0912114553209662
1457	55-59	0.07321151064895304
1457	60-64	0.08476665611406276
1457	65-69	0.11278777883707392
1457	70-74	0.08875761954688954
1457	75-79	0.09845319083333948
1457	80-84	0.11028742155843219
1457	85-89	0.1115292430325141
1457	90-94	0.09779617132323892
1457	95-99	0.15287995581342528
1457	100-104	0.12187476410866793
1457	105-109	0.13197012661300533
1457	110-114	0.16036835451671294
1457	115-119	0.22800299237759702
1457	120-124	0.14659321890317045
1457	125-129	0.26761663533191893
1457	130-134	0.2551596026747234
1457	135-139	0.2953422721415251
1457	140-144	0.27272784265483097
1457	145-149	0.3498242674724139
1457	150	0.26757149332554064
1458	1	0.08179458411343887
1458	2	0.0944503723338741
1458	3	0.06518355725309988
1458	4	0.11606144933310958
1458	5	0.14024486439065242
1458	6	0.14653091179559397
1458	7	0.033152756585117515
1458	8	0.12326598609585204
1458	9	0.12546528756676167
1458	10-14	0.08714527596567478
1458	15-19	0.0820811705098663
1458	20-24	0.07305633048493121
1458	25-29	0.0653774593571228
1458	30-34	0.08163527779475999
1458	35-39	0.12596297437245596
1458	40-44	0.07012844454462908
1458	45-49	0.13224183153863578
1458	50-54	0.09149910991914112
1458	55-59	0.07302532894313885
1458	60-64	0.12709497036328798
1458	65-69	0.16912978149750302
1458	70-74	0.15492090032348216
1458	75-79	0.1415923418621361
1458	80-84	0.1447979582552179
1458	85-89	0.12024631298826449
1458	90-94	0.11475122167099983
1458	95-99	0.14262740824800346
1458	100-104	0.20281969420604185
1458	105-109	0.15554976926581077
1458	110-114	0.18435334796220815
1458	115-119	0.21917376918889175
1458	120-124	0.17243126109824658
1458	125-129	0.19215693889114505
1458	130-134	0.1977195721594711
1458	135-139	0.26680540637728
1458	140-144	0.23778151716034301
1458	145-149	0.2968088142942662
1458	150	0.31894209679858676
1459	1	0.042804440902280305
1459	2	0.08139551010539492
1459	3	-0.0353840823982523
1459	4	0.1596991779013166
1459	5	0.0858871643350767
1459	6	0.06883075072839517
1459	7	0.10147628789144392
1459	8	0.03127806449949588
1459	9	0.08195551025909253
1459	10-14	0.07437515412823359
1459	15-19	0.08086080850254262
1459	20-24	0.0656463018311797
1459	25-29	0.05527136090214668
1459	30-34	0.07646414225124687
1459	35-39	0.07180938099560308
1459	40-44	0.06140612432140102
1459	45-49	0.09466281003661692
1459	50-54	0.13955289555008932
1459	55-59	0.0954337652874031
1459	60-64	0.08477655603298473
1459	65-69	0.11622126132561306
1459	70-74	0.11544584625308829
1459	75-79	0.12677759795047905
1459	80-84	0.1414347740230255
1459	85-89	0.13712465678325003
1459	90-94	0.11679653722151784
1459	95-99	0.14837685418729762
1459	100-104	0.18154158515766738
1459	105-109	0.20939949304980843
1459	110-114	0.22012948736696103
1459	115-119	0.260983162149536
1459	120-124	0.153745200406469
1459	125-129	0.23121148260889868
1459	130-134	0.21482586454363428
1459	135-139	0.2683263561741427
1459	140-144	0.2714674701679485
1459	145-149	0.3316744290876201
1459	150	0.2538214492597177
1460	1	0.10546757301321463
1460	2	0.09691761505707319
1460	3	0.05609521274994478
1460	4	0.11478464719169779
1460	5	0.10529350544972971
1460	6	0.08035703875285094
1460	7	0.06375524649591569
1460	8	0.015222640901605189
1460	9	0.08914983630586448
1460	10-14	0.07233132134523146
1460	15-19	0.07647639815150598
1460	20-24	0.06499785368975353
1460	25-29	0.07618052313486601
1460	30-34	0.10182493892314426
1460	35-39	0.07574719266007435
1460	40-44	0.07874561758229959
1460	45-49	0.0627919082425592
1460	50-54	0.1034261153889986
1460	55-59	0.06608848695518077
1460	60-64	0.08585473039251212
1460	65-69	0.09640926236237135
1460	70-74	0.06038710318898666
1460	75-79	0.09617251520303682
1460	80-84	0.11571115037200741
1460	85-89	0.1017056835644965
1460	90-94	0.10839755236529669
1460	95-99	0.1367935895890966
1460	100-104	0.12646297707529186
1460	105-109	0.15499171816909296
1460	110-114	0.14185917920028146
1460	115-119	0.16506525606028077
1460	120-124	0.09000798408222721
1460	125-129	0.17739283644434067
1460	130-134	0.12323516582163307
1460	135-139	0.20056056729912086
1460	140-144	0.20114472465311195
1460	145-149	0.2130636140322224
1460	150	0.25385275290597065
1461	1	0.06026535733698779
1461	2	0.018685840037022672
1461	3	0.046824375403197394
1461	4	0.06901889972787956
1461	5	0.10528299760562021
1461	6	0.0704298503289138
1461	7	0.02884410199320797
1461	8	-0.007690102350117911
1461	9	0.0457444619717009
1461	10-14	0.0556754544072291
1461	15-19	0.04060382483107361
1461	20-24	0.024663455172373006
1461	25-29	0.06362571207952072
1461	30-34	0.060285446358605554
1461	35-39	0.0899160085700359
1461	40-44	0.09468126910171293
1461	45-49	0.07529219526237085
1461	50-54	0.08663870580996758
1461	55-59	0.042492305739230574
1461	60-64	0.09087514479853809
1461	65-69	0.10382678843447479
1461	70-74	0.08812325822871969
1461	75-79	0.10657205067849418
1461	80-84	0.10774970715463894
1461	85-89	0.08407838589789662
1461	90-94	0.056284288702862284
1461	95-99	0.11042403805220857
1461	100-104	0.13690633415245657
1461	105-109	0.12246445323248878
1461	110-114	0.13715925403948148
1461	115-119	0.19090155396778385
1461	120-124	0.12274754638770702
1461	125-129	0.20467493586489383
1461	130-134	0.1364376103353564
1461	135-139	0.23160194524331956
1461	140-144	0.2014501137371738
1461	145-149	0.23880736507570788
1461	150	0.14207439369415908
1462	1	0.03841901913132517
1462	2	0.21000935906581475
1462	3	0.06015725093768509
1462	4	0.08021237164530959
1462	5	0.07987506498329822
1462	6	0.05055612543571897
1462	7	0.04150217558211722
1462	8	0.026475264264547604
1462	9	0.06951263650525163
1462	10-14	0.08034610521342245
1462	15-19	0.06573245502278269
1462	20-24	0.07517993931593026
1462	25-29	0.053939223690044
1462	30-34	0.06624364674489414
1462	35-39	0.08859480110301376
1462	40-44	0.05443953196787987
1462	45-49	0.0759946585747926
1462	50-54	0.08866349851897581
1462	55-59	0.08868829716227111
1462	60-64	0.0848541163566594
1462	65-69	0.08232384772168899
1462	70-74	0.11806463740899176
1462	75-79	0.10044107313932216
1462	80-84	0.16187348500098153
1462	85-89	0.08542294110602455
1462	90-94	0.09952680054841068
1462	95-99	0.15058847810779952
1462	100-104	0.15269008416333207
1462	105-109	0.17618418168684258
1462	110-114	0.19146076100367537
1462	115-119	0.2537704826120901
1462	120-124	0.1966783330054156
1462	125-129	0.21176591758227659
1462	130-134	0.23585942973758023
1462	135-139	0.27235503079140955
1462	140-144	0.2614451811158034
1462	145-149	0.304148929761233
1462	150	0.33155678762103236
1463	1	0.08366779898633325
1463	2	0.054198090313484215
1463	3	9.470322945048792E-5
1463	4	0.10761980737805033
1463	5	0.006819612824159549
1463	6	0.0882617155705887
1463	7	0.11366166884984352
1463	8	0.1168832764894745
1463	9	0.04096528548927836
1463	10-14	0.07634250976087742
1463	15-19	0.0688001485651526
1463	20-24	0.03228303460945625
1463	25-29	0.08043147444430332
1463	30-34	0.0676298030909308
1463	35-39	0.07487082130299427
1463	40-44	0.10399935041398578
1463	45-49	0.08766981127745765
1463	50-54	0.10017930510221618
1463	55-59	0.10734129968945183
1463	60-64	0.10735059375221567
1463	65-69	0.16336683874322233
1463	70-74	0.1385537409321813
1463	75-79	0.10640141183212393
1463	80-84	0.10816931213658165
1463	85-89	0.13694436255860154
1463	90-94	0.13938309861664777
1463	95-99	0.18922050232144016
1463	100-104	0.20484600521246676
1463	105-109	0.22471930584080724
1463	110-114	0.19857658172089288
1463	115-119	0.23364322837516482
1463	120-124	0.2559485645655286
1463	125-129	0.2763972263841197
1463	130-134	0.24684259819866838
1463	135-139	0.306962684535975
1463	140-144	0.32165241819834023
1463	145-149	0.3615776197105731
1463	150	0.33449897915294
1464	1	0.03151232968171058
1464	2	-0.006021985747743486
1464	3	0.013528093994636947
1464	4	0.055640164133968995
1464	5	0.09960382801847345
1464	6	0.10778774098667299
1464	7	0.09314657059777431
1464	8	0.05923046348230798
1464	9	0.05897507338917052
1464	10-14	0.055301780573962844
1464	15-19	0.04519775594167186
1464	20-24	0.08373388296597994
1464	25-29	0.07196471772395086
1464	30-34	0.09570419205618208
1464	35-39	0.12512393993062432
1464	40-44	0.0729190713359884
1464	45-49	0.11240127199773298
1464	50-54	0.08539437599284128
1464	55-59	0.08429539618585835
1464	60-64	0.10335802306040875
1464	65-69	0.15212224730573354
1464	70-74	0.1598270495812102
1464	75-79	0.13366934012171328
1464	80-84	0.18430783712401677
1464	85-89	0.13093852439062914
1464	90-94	0.1528551899252335
1464	95-99	0.20588282257239143
1464	100-104	0.21421716044924466
1464	105-109	0.21238519571528514
1464	110-114	0.25398462816386314
1464	115-119	0.2485403909896462
1464	120-124	0.23285847183229436
1464	125-129	0.2759251511364482
1464	130-134	0.24256073805106837
1464	135-139	0.3360459885649618
1464	140-144	0.31090803996593763
1464	145-149	0.35075524232711786
1464	150	0.3114875415121574
1465	1	0.04889028848558041
1465	2	0.17004819748999722
1465	3	0.06132627058770623
1465	4	0.11883908170209168
1465	5	0.07915557532066941
1465	6	0.07841248368694664
1465	7	0.027857732050698303
1465	8	0.03437031593028195
1465	9	0.08035380136795567
1465	10-14	0.08173123761329748
1465	15-19	0.0943796960324903
1465	20-24	0.11117656059054326
1465	25-29	0.061958016943712835
1465	30-34	0.09432559171131061
1465	35-39	0.07927164583752955
1465	40-44	0.10976536266183246
1465	45-49	0.1271445490320673
1465	50-54	0.09617528961803856
1465	55-59	0.10455143703256198
1465	60-64	0.14759081141702524
1465	65-69	0.14616643488760417
1465	70-74	0.16568523409963376
1465	75-79	0.12899652302579767
1465	80-84	0.15355104149131193
1465	85-89	0.10245374720270917
1465	90-94	0.13392527021299117
1465	95-99	0.1668514579840803
1465	100-104	0.1775307245743889
1465	105-109	0.20587771582635384
1465	110-114	0.1818458462754009
1465	115-119	0.24742263582447066
1465	120-124	0.18460550431379374
1465	125-129	0.25880956911920805
1465	130-134	0.23647862104279227
1465	135-139	0.29981454590323864
1465	140-144	0.34090603515029017
1465	145-149	0.3200329993610467
1465	150	0.25544628541628356
1466	1	0.03312593298927169
1466	2	0.09211798294565199
1466	3	0.08138667685891221
1466	4	0.1383119979559453
1466	5	0.13894217185361413
1466	6	0.11058200554069231
1466	7	0.0919311322752705
1466	8	0.08455795966538915
1466	9	0.12280872183703906
1466	10-14	0.08467906364803923
1466	15-19	0.0636401815644092
1466	20-24	0.08049372954195633
1466	25-29	0.07796834485488802
1466	30-34	0.06612222793466316
1466	35-39	0.059229637659264256
1466	40-44	0.06473110642154722
1466	45-49	0.08569974631318189
1466	50-54	0.06776959485585365
1466	55-59	0.017707634679958062
1466	60-64	0.041975958439650185
1466	65-69	0.07005909666652599
1466	70-74	0.07846304590347586
1466	75-79	0.09287179548449842
1466	80-84	0.07462850682975386
1466	85-89	0.03183932055189587
1466	90-94	0.03857136512169035
1466	95-99	0.07573266899171216
1466	100-104	0.12454143077533786
1466	105-109	0.12310190955875555
1466	110-114	0.11398075761748316
1466	115-119	0.16195648074968716
1466	120-124	0.11043818014348261
1466	125-129	0.1667174105257132
1466	130-134	0.1688340212793804
1466	135-139	0.18098568299424045
1466	140-144	0.1901231914920416
1466	145-149	0.2160568256119575
1466	150	0.1454009506898828
1467	1	-0.015277514564132844
1467	2	0.010525115017586018
1467	3	0.07703374333195967
1467	4	0.030277580218239564
1467	5	0.14593408758651094
1467	6	0.05720676983987261
1467	7	0.027660414083136686
1467	8	0.009861932443293142
1467	9	0.07703544254331263
1467	10-14	0.06498159874126941
1467	15-19	0.02639001720598344
1467	20-24	0.04764215784194192
1467	25-29	0.030505157529631788
1467	30-34	0.049960918268944
1467	35-39	0.055326128697217314
1467	40-44	0.04027775170356307
1467	45-49	0.09217646521332057
1467	50-54	0.06173339987980597
1467	55-59	0.07383311059692943
1467	60-64	0.0921491019119074
1467	65-69	0.15474146949645018
1467	70-74	0.10443910375764176
1467	75-79	0.10847224918599352
1467	80-84	0.15276023920366555
1467	85-89	0.06665157627192997
1467	90-94	0.07136063233598122
1467	95-99	0.11677456413465137
1467	100-104	0.13531028142229928
1467	105-109	0.15669576002509444
1467	110-114	0.15491179932479326
1467	115-119	0.14721251143956238
1467	120-124	0.15105324910177131
1467	125-129	0.19010794781521412
1467	130-134	0.1512710918704201
1467	135-139	0.1724959743601886
1467	140-144	0.20601511228211677
1467	145-149	0.21836827579508622
1467	150	0.2586003409381874
1468	1	0.06025006979270131
1468	2	0.026327689218376804
1468	3	0.02291830976713527
1468	4	0.09164311919779067
1468	5	0.05785795849258335
1468	6	0.081280160848749
1468	7	0.029436951037652648
1468	8	0.1111064237044701
1468	9	0.0566205401762403
1468	10-14	0.0823731217779482
1468	15-19	0.09227395539247141
1468	20-24	0.07959685147628903
1468	25-29	0.07315114055381144
1468	30-34	0.08492789088885644
1468	35-39	0.04632820076158595
1468	40-44	0.10970032949655462
1468	45-49	0.08079117301601713
1468	50-54	0.08964560231926555
1468	55-59	0.08155523119447139
1468	60-64	0.09968415471948333
1468	65-69	0.11468236786894437
1468	70-74	0.11184895007182405
1468	75-79	0.1152052249957265
1468	80-84	0.1574917226337078
1468	85-89	0.10252070243583233
1468	90-94	0.12649261466484063
1468	95-99	0.17606940702237495
1468	100-104	0.17469987423236688
1468	105-109	0.16927326008869414
1468	110-114	0.17391443334410894
1468	115-119	0.2423606971884098
1468	120-124	0.16046609096734699
1468	125-129	0.19139142518322672
1468	130-134	0.19641181957511122
1468	135-139	0.25484174316313357
1468	140-144	0.26266021036214227
1468	145-149	0.3291482523147806
1468	150	0.2513970651030988
1469	1	0.0458378829202033
1469	2	0.0835887316332915
1469	3	0.04339907369743656
1469	4	0.11066153244225063
1469	5	0.1194608062504443
1469	6	0.10435256407281912
1469	7	0.11332990126221887
1469	8	0.03681820897503485
1469	9	0.08224959961124512
1469	10-14	0.05944267469993747
1469	15-19	0.05458296992577516
1469	20-24	0.0192245119734622
1469	25-29	0.02171563914311747
1469	30-34	0.07286184976726418
1469	35-39	0.0847500628175979
1469	40-44	0.047323941207849884
1469	45-49	0.05460946760710783
1469	50-54	0.045409368788774884
1469	55-59	0.04936531141077438
1469	60-64	0.08377585318574177
1469	65-69	0.09361829235329111
1469	70-74	0.09854538480418995
1469	75-79	0.09188355525991909
1469	80-84	0.10081510008363637
1469	85-89	0.05663318066055467
1469	90-94	0.040646153198856894
1469	95-99	0.08867555610389388
1469	100-104	0.107148341163807
1469	105-109	0.10702821737464063
1469	110-114	0.11791740777350412
1469	115-119	0.15246471740960033
1469	120-124	0.1052758061260235
1469	125-129	0.16403561812640532
1469	130-134	0.16470798153579125
1469	135-139	0.2281280154159404
1469	140-144	0.2090095570169268
1469	145-149	0.21675402554499357
1469	150	0.1773271814319699
1470	1	0.10083244560468785
1470	2	0.12693190391851772
1470	3	0.08720830159863624
1470	4	0.07027004572483975
1470	5	0.07036961470159042
1470	6	0.12703393738336644
1470	7	0.0922020466715665
1470	8	0.10424092141872165
1470	9	0.06547159743631425
1470	10-14	0.07715278810681525
1470	15-19	0.05849783709993517
1470	20-24	0.06725931079279945
1470	25-29	0.07571594984686669
1470	30-34	0.055711003099553125
1470	35-39	0.09935313878466445
1470	40-44	0.09902504420614378
1470	45-49	0.0945038283341546
1470	50-54	0.07772255816270501
1470	55-59	0.09062676861133667
1470	60-64	0.10813502671378217
1470	65-69	0.11586468042226272
1470	70-74	0.15074361379284795
1470	75-79	0.12947870828152475
1470	80-84	0.14089588305706968
1470	85-89	0.1193953369445353
1470	90-94	0.10378115397561771
1470	95-99	0.18549084272809324
1470	100-104	0.17867234302803325
1470	105-109	0.2055834449651357
1470	110-114	0.17539760040982344
1470	115-119	0.22815214944315443
1470	120-124	0.15492626441405122
1470	125-129	0.24127656887986149
1470	130-134	0.18683008810717894
1470	135-139	0.26100047152903727
1470	140-144	0.23088310059313955
1470	145-149	0.3182298683288991
1470	150	0.2543817099390395
1471	1	0.041403401417412056
1471	2	0.12647253402474234
1471	3	0.11110171125130819
1471	4	0.010357708914199293
1471	5	0.015791900717758267
1471	6	-0.003369299186900321
1471	7	0.045158922790975
1471	8	-0.04164941377421627
1471	9	-0.04549203879913222
1471	10-14	0.005858813984687572
1471	15-19	-0.014588737167628096
1471	20-24	-5.276388891672923E-5
1471	25-29	0.048885402757868235
1471	30-34	0.02940351774067551
1471	35-39	0.03142776700380523
1471	40-44	0.035880795252218434
1471	45-49	0.022551949974435104
1471	50-54	0.0197719240766574
1471	55-59	-0.036959177563005596
1471	60-64	0.04395928995327836
1471	65-69	0.07962491535124627
1471	70-74	0.08149423562579017
1471	75-79	0.05433949574289443
1471	80-84	0.07761136522040601
1471	85-89	0.03212202972684963
1471	90-94	0.046002744093193826
1471	95-99	0.08041789663665355
1471	100-104	0.11274945930829716
1471	105-109	0.14785715940407584
1471	110-114	0.12762242155459091
1471	115-119	0.13525720499178107
1471	120-124	0.043176688714289924
1471	125-129	0.11509634563508797
1471	130-134	0.1650545693741492
1471	135-139	0.21552657173755563
1471	140-144	0.22974149043297132
1471	145-149	0.17931278514173954
1471	150	0.3200313688578049
1472	1	0.04953004340949008
1472	2	0.0027801256259749607
1472	3	-0.025552108557540976
1472	4	0.0668422363389567
1472	5	0.02845982365229105
1472	6	-0.017640776516756773
1472	7	0.01587651436280879
1472	8	0.02549712369872026
1472	9	0.03135235743285136
1472	10-14	0.05835938479281566
1472	15-19	0.028628876452586383
1472	20-24	0.054495739123879616
1472	25-29	0.02378842417027016
1472	30-34	0.05995853923540295
1472	35-39	0.05440145691339637
1472	40-44	0.06999223071953509
1472	45-49	0.07643786478143966
1472	50-54	0.06519466997247036
1472	55-59	0.017264361682627793
1472	60-64	0.0963241015179861
1472	65-69	0.06843987846185229
1472	70-74	0.05245202718135289
1472	75-79	0.09546800057835014
1472	80-84	0.10383365407774647
1472	85-89	0.0628286853007296
1472	90-94	0.11978656998739723
1472	95-99	0.0854555699736963
1472	100-104	0.1124673771961966
1472	105-109	0.1576508943315602
1472	110-114	0.1580043289455091
1472	115-119	0.1937407662074051
1472	120-124	0.11619570029997561
1472	125-129	0.217694154711765
1472	130-134	0.21443060013605475
1472	135-139	0.15489616437162823
1472	140-144	0.22689207500910413
1472	145-149	0.23327960281532967
1472	150	0.287754006079588
1473	1	0.08790381037982797
1473	2	0.09443442060214124
1473	3	0.08363256009288733
1473	4	0.11835935966582412
1473	5	0.07894305289095627
1473	6	0.07627360199224853
1473	7	0.04575629874965159
1473	8	0.038308976132448436
1473	9	0.05090464537251904
1473	10-14	0.07234543623872725
1473	15-19	0.05331419536811666
1473	20-24	0.03711846121251483
1473	25-29	0.03778567962170598
1473	30-34	0.056293184895992
1473	35-39	0.07732949728858785
1473	40-44	0.07065534435402299
1473	45-49	0.0977009226170864
1473	50-54	0.02208949475096489
1473	55-59	0.024600013587928515
1473	60-64	0.0561788899128004
1473	65-69	0.10096202897308615
1473	70-74	0.09630892866121599
1473	75-79	0.14942507740811095
1473	80-84	0.09640527339892202
1473	85-89	0.0911722514654727
1473	90-94	0.10053655938447292
1473	95-99	0.13909862689956043
1473	100-104	0.1691182816383403
1473	105-109	0.1808438108611341
1473	110-114	0.14724808934828815
1473	115-119	0.1856064850953416
1473	120-124	0.10658484666728185
1473	125-129	0.20930834608021343
1473	130-134	0.25275966649040527
1473	135-139	0.263856483630974
1473	140-144	0.24504251585546655
1473	145-149	0.3123842190867947
1473	150	0.13301885193988738
1474	1	-0.002848772742126471
1474	2	0.0646408247741661
1474	3	0.02937344869240377
1474	4	0.08378648337929917
1474	5	1.0501097064263831E-4
1474	6	0.055994126840843705
1474	7	-0.01583542835302154
1474	8	0.015732758361934884
1474	9	-0.036150068453913775
1474	10-14	0.04826738296396371
1474	15-19	0.007254046929560332
1474	20-24	0.0338649655427119
1474	25-29	0.016567553682698133
1474	30-34	0.0659590547241109
1474	35-39	0.06270641815982003
1474	40-44	0.05972105940635686
1474	45-49	0.03049033746503227
1474	50-54	0.01759773521386876
1474	55-59	0.034642980321493155
1474	60-64	0.07494852887769099
1474	65-69	0.08814304613609636
1474	70-74	0.05017808834303139
1474	75-79	0.08471079146084293
1474	80-84	0.10107234764630135
1474	85-89	0.02245950464226354
1474	90-94	0.04685884048834765
1474	95-99	0.0672285460840314
1474	100-104	0.10347612759758107
1474	105-109	0.07641171108783595
1474	110-114	0.1127945997413562
1474	115-119	0.12139853489220798
1474	120-124	0.06392651350102341
1474	125-129	0.1573568655175137
1474	130-134	0.12915535145576484
1474	135-139	0.2611776172988698
1474	140-144	0.23564630931084452
1474	145-149	0.22328839115480292
1474	150	0.15783813868769414
1475	1	0.08147781197585857
1475	2	0.03892078002670729
1475	3	0.06718259246289193
1475	4	0.08255752596302557
1475	5	0.03448347764170023
1475	6	0.09626079579346225
1475	7	-0.008550329325316852
1475	8	0.04221632310215995
1475	9	0.061229415594382886
1475	10-14	0.08491213439233292
1475	15-19	0.05034961687707096
1475	20-24	0.06017583721796882
1475	25-29	0.037455972220250544
1475	30-34	0.06991501955115353
1475	35-39	0.08602613840641737
1475	40-44	0.07971386645965595
1475	45-49	0.0937223396096698
1475	50-54	0.05904742179856015
1475	55-59	0.05290675261290545
1475	60-64	0.09854903121501479
1475	65-69	0.12259905324019371
1475	70-74	0.1016966534319863
1475	75-79	0.07935231892165717
1475	80-84	0.11688338745571514
1475	85-89	0.09430305376530157
1475	90-94	0.07790513368548346
1475	95-99	0.1584610610086159
1475	100-104	0.11920943214874313
1475	105-109	0.1421512695281919
1475	110-114	0.11956317817583795
1475	115-119	0.18255557063444883
1475	120-124	0.11639878695145711
1475	125-129	0.17302790393197398
1475	130-134	0.19731362589669033
1475	135-139	0.286639713470052
1475	140-144	0.2639621272085009
1475	145-149	0.2856539666314575
1475	150	0.20026619850526828
1476	1	0.06573164395923214
1476	2	0.013974851431257207
1476	3	0.0820102846631201
1476	4	0.15893795555886214
1476	5	0.11275102771744372
1476	6	0.0783373962906353
1476	7	0.12312504581706207
1476	8	0.05278004921189705
1476	9	0.09562826448948414
1476	10-14	0.07338146164160264
1476	15-19	0.0744900749842472
1476	20-24	0.055233067330320296
1476	25-29	0.03950417329081546
1476	30-34	0.05553278812187301
1476	35-39	0.11915969038587093
1476	40-44	0.09422501253031612
1476	45-49	0.07635917176342844
1476	50-54	0.06157535282179083
1476	55-59	0.0850886401540265
1476	60-64	0.12146565888826188
1476	65-69	0.12260366491499042
1476	70-74	0.11153163844598168
1476	75-79	0.07764636586696838
1476	80-84	0.0791419426430835
1476	85-89	0.06276595168385768
1476	90-94	0.07573039134591397
1476	95-99	0.10768901069081238
1476	100-104	0.15290933252497751
1476	105-109	0.1742459018667617
1476	110-114	0.12956709713462544
1476	115-119	0.1619609501627437
1476	120-124	0.15141563886015774
1476	125-129	0.17346279065361614
1476	130-134	0.21353350360433865
1476	135-139	0.20631958219747304
1476	140-144	0.2162677041126173
1476	145-149	0.27759283627716513
1476	150	0.2048343614706667
1477	1	0.027597850225085097
1477	2	0.0541141790206936
1477	3	-0.028741561520384096
1477	4	0.10094563963773595
1477	5	0.08666413952025209
1477	6	0.03821752036735404
1477	7	0.03104009167125099
1477	8	0.10135574647268442
1477	9	0.02341965523953604
1477	10-14	0.06259203445578976
1477	15-19	0.05969164982180786
1477	20-24	0.05907941871517863
1477	25-29	0.05014678351660251
1477	30-34	0.04979993174723063
1477	35-39	0.06994298885952333
1477	40-44	0.09281588783996142
1477	45-49	0.07525232404869797
1477	50-54	0.00476316852807912
1477	55-59	0.0843947618520886
1477	60-64	0.12891719932607515
1477	65-69	0.12272443772298658
1477	70-74	0.08004034915121849
1477	75-79	0.14181574522658025
1477	80-84	0.13601232862163215
1477	85-89	0.08244950469644863
1477	90-94	0.1098308677296771
1477	95-99	0.11103101774246937
1477	100-104	0.1318114229945806
1477	105-109	0.15607300549258696
1477	110-114	0.13427861646881922
1477	115-119	0.1573500428948691
1477	120-124	0.1825354684060727
1477	125-129	0.19569911134125562
1477	130-134	0.24066411263121523
1477	135-139	0.21687917309539273
1477	140-144	0.230526522808141
1477	145-149	0.2688386474614646
1477	150	0.25531593873057545
1478	1	0.07550132158062439
1478	2	0.07912618811465677
1478	3	0.08114747695630342
1478	4	0.1409944987786318
1478	5	0.08422368738099806
1478	6	0.13967331350995948
1478	7	0.07931356643924659
1478	8	0.07744440239253692
1478	9	0.08371320701602514
1478	10-14	0.08812288650702982
1478	15-19	0.06998296645204505
1478	20-24	0.07468760875347868
1478	25-29	0.055999340552808974
1478	30-34	0.08626834672217143
1478	35-39	0.09205650461547066
1478	40-44	0.10146485368981217
1478	45-49	0.10095716104005703
1478	50-54	0.035867357750937856
1478	55-59	0.0271693625750018
1478	60-64	0.11477540974082245
1478	65-69	0.10315552036038156
1478	70-74	0.11663548343052099
1478	75-79	0.10538253380507001
1478	80-84	0.1217547931439853
1478	85-89	0.1115872180300741
1478	90-94	0.12423519065667676
1478	95-99	0.15140165123494143
1478	100-104	0.19064399840138435
1478	105-109	0.1700731812213263
1478	110-114	0.08609975004635828
1478	115-119	0.14681741717800634
1478	120-124	0.1635729500744958
1478	125-129	0.18967362913253538
1478	130-134	0.19317014511752006
1478	135-139	0.22672146618587874
1478	140-144	0.1907961238364564
1478	145-149	0.2115984885117399
1478	150	0.17710643731655296
1479	1	0.12595888651507892
1479	2	0.1309332008489008
1479	3	0.046558435603238024
1479	4	0.0890403951198877
1479	5	0.09830023071714322
1479	6	0.08899864895999343
1479	7	0.03165407204588888
1479	8	0.08788553248396624
1479	9	0.003458102128831797
1479	10-14	0.06332604070621528
1479	15-19	0.025966695269481477
1479	20-24	0.0434104484397011
1479	25-29	0.05490390075663498
1479	30-34	0.004354534881940708
1479	35-39	0.062217453627127384
1479	40-44	0.07152406965691682
1479	45-49	0.024602620653048746
1479	50-54	0.003830615251942504
1479	55-59	-0.007251987372306701
1479	60-64	0.07250843530398754
1479	65-69	0.0902535532881572
1479	70-74	0.09446566409970103
1479	75-79	0.07618575078435441
1479	80-84	0.09433270379346226
1479	85-89	0.05772809310334992
1479	90-94	0.08555708943094231
1479	95-99	0.07194001370839942
1479	100-104	0.11233321654698614
1479	105-109	0.1300110009069968
1479	110-114	0.0968770478218417
1479	115-119	0.1360519796984221
1479	120-124	0.13290110573623792
1479	125-129	0.13733895919844485
1479	130-134	0.17136330510368936
1479	135-139	0.18825629796844368
1479	140-144	0.1878548964232536
1479	145-149	0.2043742505048627
1479	150	0.2505069888445348
1480	1	0.03925704180119993
1480	2	0.057178889313156844
1480	3	-0.013714545354098107
1480	4	0.12660225762363808
1480	5	0.08258122066402507
1480	6	0.061360047284111374
1480	7	0.0030272786572353994
1480	8	0.03935686711198372
1480	9	0.012188771081248717
1480	10-14	0.07767772379207116
1480	15-19	0.07940280955669721
1480	20-24	0.023214475919836275
1480	25-29	0.0621150921292184
1480	30-34	0.06546659975850844
1480	35-39	0.08598428539731628
1480	40-44	0.07846839130858285
1480	45-49	0.05652988742465226
1480	50-54	0.08579342867044915
1480	55-59	0.06742943732098183
1480	60-64	0.07501715750859717
1480	65-69	0.1010518998975698
1480	70-74	0.07616322338932946
1480	75-79	0.11184513655655337
1480	80-84	0.07624825450424311
1480	85-89	0.04748390663253588
1480	90-94	0.10990013453307768
1480	95-99	0.07153399538903926
1480	100-104	0.1493576109481154
1480	105-109	0.1319910067361576
1480	110-114	0.11202351524535459
1480	115-119	0.13284111975163881
1480	120-124	0.13745879950542417
1480	125-129	0.1914966659503321
1480	130-134	0.1782417376480936
1480	135-139	0.20546065772924038
1480	140-144	0.19371033320074105
1480	145-149	0.2186600251639632
1480	150	0.19737250969341602
1481	1	0.1314005180443516
1481	2	0.08899198578767198
1481	3	0.0755103226320486
1481	4	0.09244800031095934
1481	5	0.05999378965726976
1481	6	0.04839627157790005
1481	7	0.0921587841249405
1481	8	0.07818269027372793
1481	9	0.10656781210187205
1481	10-14	0.038148014101778926
1481	15-19	0.04427459755237351
1481	20-24	0.03644492831210755
1481	25-29	0.04804741971032911
1481	30-34	0.0760147620151983
1481	35-39	0.08187288496898049
1481	40-44	0.09948958976015376
1481	45-49	0.09540637925366013
1481	50-54	0.0022813390600688876
1481	55-59	0.06019508729792733
1481	60-64	0.07082616395868513
1481	65-69	0.10402326984765864
1481	70-74	0.10125471756729354
1481	75-79	0.0860819555022303
1481	80-84	0.09911692616852719
1481	85-89	0.10280596141511467
1481	90-94	0.10832656669751373
1481	95-99	0.10195048645592664
1481	100-104	0.14339623730398188
1481	105-109	0.15590049363984093
1481	110-114	0.16922918669616394
1481	115-119	0.1651730589214182
1481	120-124	0.1666640293859203
1481	125-129	0.20991168870145316
1481	130-134	0.21859990766424175
1481	135-139	0.24269983164391817
1481	140-144	0.2080989362486676
1481	145-149	0.28905959857429053
1481	150	0.2609354273704696
1482	1	0.009504649869981563
1482	2	0.0013309298390922208
1482	3	0.0330290464065186
1482	4	0.08012039781710456
1482	5	0.03672216722559085
1482	6	0.14502779982507974
1482	7	-0.02695293575666824
1482	8	-0.05246622175310023
1482	9	-0.05054833011251958
1482	10-14	0.06605057816846482
1482	15-19	0.019435449411218997
1482	20-24	0.04472761823801363
1482	25-29	0.02094844435737997
1482	30-34	0.06614247553387287
1482	35-39	0.07410896196795846
1482	40-44	0.07972705690171011
1482	45-49	0.06174851410214188
1482	50-54	0.02776780149706326
1482	55-59	0.03518333756090186
1482	60-64	0.07601234626794451
1482	65-69	0.09772975500275294
1482	70-74	0.10760651460646642
1482	75-79	0.06694729010442302
1482	80-84	0.06497647628480507
1482	85-89	0.019429798395243836
1482	90-94	0.009194181273485924
1482	95-99	0.1267808004275608
1482	100-104	0.13318489947833712
1482	105-109	0.09720262690226633
1482	110-114	0.11050921995695973
1482	115-119	0.09964576687719529
1482	120-124	0.07763651984034681
1482	125-129	0.15252002535854103
1482	130-134	0.14868395764406728
1482	135-139	0.16718202685633088
1482	140-144	0.17971714035239472
1482	145-149	0.17674116554022135
1482	150	0.16081862973651084
1483	1	0.02203928644434683
1483	2	-0.009747838318247659
1483	3	-0.021017364861137366
1483	4	0.02641483599037997
1483	5	0.06176008454841053
1483	6	0.06712425034558578
1483	7	-0.028135747189693916
1483	8	0.050355338048262865
1483	9	-0.028977263875077597
1483	10-14	0.006492857899587534
1483	15-19	0.018692606668821554
1483	20-24	-0.022462516522367082
1483	25-29	0.034716555250163594
1483	30-34	0.06069225232683806
1483	35-39	0.024081554653456294
1483	40-44	0.0314193424394702
1483	45-49	0.012838593583360591
1483	50-54	-0.02331693588047301
1483	55-59	-0.007989279744727185
1483	60-64	0.024924821705880618
1483	65-69	0.03376439273844056
1483	70-74	0.054134960147216304
1483	75-79	0.05341823835105686
1483	80-84	0.05788779504116803
1483	85-89	-0.0116025399132198
1483	90-94	0.025716495008268225
1483	95-99	0.08246398580784842
1483	100-104	0.11555601542057303
1483	105-109	0.14609512751777487
1483	110-114	0.13278375995537317
1483	115-119	0.14822424470281703
1483	120-124	0.08593765538577713
1483	125-129	0.17517937102051206
1483	130-134	0.14484704974658058
1483	135-139	0.13434492850122837
1483	140-144	0.17403610342684317
1483	145-149	0.18962704543114484
1483	150	0.1920170958559595
1484	1	0.058970259003004344
1484	2	-0.023763792452236032
1484	3	0.02942180996061694
1484	4	-0.007859433513857539
1484	5	0.016667577655915977
1484	6	-0.041551280935628654
1484	7	-0.008850679473042078
1484	8	0.02930943028736266
1484	9	0.02059472777145288
1484	10-14	0.004313733493255256
1484	15-19	-0.025193921649048434
1484	20-24	-0.013857038707826064
1484	25-29	0.009600894057776088
1484	30-34	0.03295712095453496
1484	35-39	0.018223061977337807
1484	40-44	0.04815594378059984
1484	45-49	0.025163455674082513
1484	50-54	-0.027077625907118374
1484	55-59	0.030978266561334067
1484	60-64	0.07213454528996976
1484	65-69	0.04557369661266364
1484	70-74	0.05227840751766877
1484	75-79	0.061417095230531515
1484	80-84	0.06940670285874972
1484	85-89	0.06324297081015828
1484	90-94	0.05770228338638361
1484	95-99	0.08739413428793341
1484	100-104	0.08229738542064524
1484	105-109	0.12951248088828748
1484	110-114	0.09307583267928976
1484	115-119	0.12072248912357253
1484	120-124	0.18537033770382294
1484	125-129	0.11858214349506113
1484	130-134	0.1736066451878031
1484	135-139	0.14737765643548784
1484	140-144	0.14784866492301774
1484	145-149	0.20188165041139428
1484	150	0.10842878351660801
1485	1	0.07056043902051812
1485	2	-0.01959241525135269
1485	3	-0.003394118465372742
1485	4	0.03142569507240012
1485	5	-0.023568692650968615
1485	6	0.02617746548455102
1485	7	-0.005156925218173569
1485	8	-0.07566877570749853
1485	9	-0.017777906708133173
1485	10-14	0.032223672240206724
1485	15-19	0.002391308737763609
1485	20-24	0.0017290993848888547
1485	25-29	-0.03505324314364344
1485	30-34	0.04516415793259654
1485	35-39	0.0010551078263958402
1485	40-44	0.047042003261339005
1485	45-49	0.021713147185749904
1485	50-54	-0.020773276631196325
1485	55-59	-0.016656559316629682
1485	60-64	0.04519681634346995
1485	65-69	0.04000987666198341
1485	70-74	0.02480761510991414
1485	75-79	0.06267221924576205
1485	80-84	0.06766968071896429
1485	85-89	0.032373206257922504
1485	90-94	0.07828312966310591
1485	95-99	0.05522960626507967
1485	100-104	0.06970216223152903
1485	105-109	0.07598252582383935
1485	110-114	0.09185600453805165
1485	115-119	0.11715377529051096
1485	120-124	0.13025453081261418
1485	125-129	0.13292075028962813
1485	130-134	0.10486820420177168
1485	135-139	0.12430879305669151
1485	140-144	0.1525400748409922
1485	145-149	0.17404544994382576
1485	150	0.20991365562635167
1486	1	0.12272530984854768
1486	2	0.0016245869611566377
1486	3	-0.01451675077622383
1486	4	0.0881388163626724
1486	5	-0.014275803396522235
1486	6	0.05418184710691776
1486	7	0.011904164825217833
1486	8	-0.03603301273992798
1486	9	0.024921212220853306
1486	10-14	-0.019805782210106315
1486	15-19	-0.061058039426626465
1486	20-24	-0.0410790121447846
1486	25-29	-0.030781046872604634
1486	30-34	-0.023002786662679853
1486	35-39	-0.0390677001477755
1486	40-44	-0.021308880046561285
1486	45-49	-0.029982447103627408
1486	50-54	-0.09700587824833207
1486	55-59	-0.05797319110188681
1486	60-64	-0.013783713424274424
1486	65-69	-0.044008353260096555
1486	70-74	-0.06764695480683258
1486	75-79	-0.03677058001075295
1486	80-84	-0.07231029030157998
1486	85-89	-0.06574655813550834
1486	90-94	-0.06078580310342829
1486	95-99	0.01322949730657541
1486	100-104	-0.010414456977464681
1486	105-109	0.03023357211408495
1486	110-114	-0.026834916249725893
1486	115-119	-0.01821821535484247
1486	120-124	-0.026013158657981705
1486	125-129	-0.05887052924537528
1486	130-134	-0.017092514089519284
1486	135-139	0.03283089464659383
1486	140-144	0.008426163569893674
1486	145-149	0.030045699131001413
1486	150	0.11605574204729407
1487	1	0.02366516013274378
1487	2	0.015822698383310296
1487	3	-0.008306361978689836
1487	4	0.05009620971240025
1487	5	0.0019962990788897628
1487	6	0.02413884010108802
1487	7	0.025746819237213003
1487	8	0.026543565991588025
1487	9	-0.059671995704157155
1487	10-14	-0.008414095948396039
1487	15-19	-0.003059956723930668
1487	20-24	-0.007305557591379852
1487	25-29	0.01680084066728682
1487	30-34	0.012607074648848027
1487	35-39	0.036439582733478915
1487	40-44	0.03898103825124366
1487	45-49	0.03920638804899568
1487	50-54	-0.03865057771241709
1487	55-59	-0.012527698965008938
1487	60-64	0.013050147212965157
1487	65-69	0.02152972500200434
1487	70-74	0.06561202724428483
1487	75-79	0.03034731260498802
1487	80-84	0.04133432273097526
1487	85-89	-0.004295169728962378
1487	90-94	0.01632967216075798
1487	95-99	0.041157097334981074
1487	100-104	0.0790463585148089
1487	105-109	0.10812508746378313
1487	110-114	0.037590365735596265
1487	115-119	0.06941594863173606
1487	120-124	0.04762076944658844
1487	125-129	0.08820294868161227
1487	130-134	0.09946960228518265
1487	135-139	0.12777885427701818
1487	140-144	0.1258748567952992
1487	145-149	0.14566648242313818
1487	150	0.14210019302559118
1488	1	0.024011935091856174
1488	2	0.008886885661276267
1488	3	0.021890892146338103
1488	4	-0.005431148704630573
1488	5	0.03194566385700881
1488	6	0.0470922166443799
1488	7	-0.016292541674246763
1488	8	0.059811049546674155
1488	9	-0.06950696574712367
1488	10-14	0.0043374497543169355
1488	15-19	-0.0036048646840995957
1488	20-24	0.009257917517224712
1488	25-29	0.02316426970001828
1488	30-34	0.04892104543968401
1488	35-39	0.037888551197355014
1488	40-44	0.028326976975733942
1488	45-49	-0.0011471805928593426
1488	50-54	-0.06551609578812645
1488	55-59	-0.014656629016897682
1488	60-64	0.0459193291694433
1488	65-69	-0.009804366357876404
1488	70-74	9.011571975392485E-4
1488	75-79	-0.004652637228659273
1488	80-84	0.002779102303840375
1488	85-89	-0.08953731695719824
1488	90-94	0.0010433939720897456
1488	95-99	0.030543873405477484
1488	100-104	0.0227198789352272
1488	105-109	0.03383106320332985
1488	110-114	-0.013986744010644259
1488	115-119	0.006033454838863861
1488	120-124	0.07012347360630855
1488	125-129	-0.004883022373164181
1488	130-134	0.08786948065105804
1488	135-139	0.11183682459242306
1488	140-144	0.04568757805789403
1488	145-149	0.06888859629459887
1488	150	0.02458696743673272
2101	1	8.57842043089363E-4
2101	2	-0.01991124445689252
2101	3	-0.07847979693656981
2101	4	-0.0018608442976812967
2101	5	0.01632802549406165
2101	6	-0.08087676824366952
2101	7	-0.013431428460606298
2101	8	0.05243748935642145
2101	9	-0.021421833409426938
2101	10-14	-0.01263898835300381
2101	15-19	2.8001007308375847E-5
2101	20-24	-0.00264443298910777
2101	25-29	-2.9640793618312955E-4
2101	30-34	-0.007099091749324771
2101	35-39	-0.03361914391411602
2101	40-44	-0.030557643995720696
2101	45-49	-0.019267280132417852
2101	50-54	-0.04063795679282123
2101	55-59	-0.008697914075654012
2101	60-64	-0.036744860521075395
2101	65-69	-0.07485689309646659
2101	70-74	-0.14250857977805964
2101	75-79	-0.056771615368212736
2101	80-84	-0.109489292955125
2101	85-89	-0.11504751598977236
2101	90-94	-0.068340989761289
2101	95-99	-0.16008618045749046
2101	100-104	-0.2035051550337883
2101	105-109	-0.09256664872914655
2101	110-114	-0.2108819700261435
2101	115-119	-0.15552758883229956
2101	120-124	-0.1626404148641214
2101	125-129	-0.2550969138687833
2101	130-134	-0.19060012433836704
2101	135-139	-0.28367957422914714
2101	140-144	-0.2468970970729245
2101	145-149	-0.30566299190223845
2101	150	-0.39723619184933767
2102	1	-0.07134610135397423
2102	2	-0.018381414812154162
2102	3	-0.04002411408583839
2102	4	-0.052696989350643264
2102	5	-0.031051960145518365
2102	6	-3.5038891250849247E-4
2102	7	-0.04547397597390557
2102	8	0.018365674542309307
2102	9	-0.005059340796151446
2102	10-14	-0.06455000457519589
2102	15-19	-0.011200425001575809
2102	20-24	-0.024497283151454496
2102	25-29	-0.028815187681637155
2102	30-34	-0.026219598557823076
2102	35-39	-0.0630955731254943
2102	40-44	-0.04777317104223755
2102	45-49	-0.03551412687622246
2102	50-54	-0.03077328787677658
2102	55-59	-0.059963448429463995
2102	60-64	-0.03595801110851227
2102	65-69	-0.07791706071942883
2102	70-74	-0.09729358648171171
2102	75-79	-0.10280614392066667
2102	80-84	-0.05684139650264797
2102	85-89	-0.11113507643380416
2102	90-94	-0.09427819786667158
2102	95-99	-0.15725735540681285
2102	100-104	-0.1109974061251151
2102	105-109	-0.13161108343052774
2102	110-114	-0.15222165752813055
2102	115-119	-0.19758791530949082
2102	120-124	-0.1557375510403105
2102	125-129	-0.26692735923246147
2102	130-134	-0.2074856921150996
2102	135-139	-0.23584473178076593
2102	140-144	-0.27356030707183976
2102	145-149	-0.30569888024677994
2102	150	-0.3052751047781683
2103	1	-0.042313780597659445
2103	2	-0.013114300735018958
2103	3	-0.09543338181429561
2103	4	-0.09107339717332508
2103	5	-0.010778185064879153
2103	6	-0.05064049520645142
2103	7	-2.353239729373513E-4
2103	8	0.010169850442956374
2103	9	0.0341987644696502
2103	10-14	-0.01773854075305792
2103	15-19	-0.030592352178786086
2103	20-24	-0.030079962661581305
2103	25-29	-0.05408725441078133
2103	30-34	-0.04538076976598404
2103	35-39	-0.11689185612880948
2103	40-44	-0.0734949134980667
2103	45-49	-0.054504475473969194
2103	50-54	-0.06387736566475866
2103	55-59	-0.03550371693842891
2103	60-64	-0.08717174311988884
2103	65-69	-0.13447032837266448
2103	70-74	-0.12996579301357514
2103	75-79	-0.10440864657723381
2103	80-84	-0.07836193590287621
2103	85-89	-0.15612391415921678
2103	90-94	-0.17969451842237305
2103	95-99	-0.1929162493354326
2103	100-104	-0.2240458135967316
2103	105-109	-0.18469333193454673
2103	110-114	-0.24650921853508834
2103	115-119	-0.26384943414367257
2103	120-124	-0.23081303509935225
2103	125-129	-0.28990616000105973
2103	130-134	-0.2693519642413875
2103	135-139	-0.3017469513838691
2103	140-144	-0.3547645914293014
2103	145-149	-0.36102544495569333
2103	150	-0.4976376138292977
2104	1	0.021089149762580917
2104	2	-0.05131446672049833
2104	3	-0.048491925788916035
2104	4	-0.08480309377002726
2104	5	-2.3406563468597597E-4
2104	6	0.008030584514933992
2104	7	0.011872986632646132
2104	8	-0.01793277489975509
2104	9	-0.03739180733717262
2104	10-14	-0.040056688837204035
2104	15-19	-0.024605984609976872
2104	20-24	-0.01460863854927652
2104	25-29	-0.014308574989634337
2104	30-34	-0.04256614806731562
2104	35-39	-0.054133139845689016
2104	40-44	-0.016390762447805685
2104	45-49	-0.0342222505743095
2104	50-54	-0.07358908802319064
2104	55-59	-0.038289257704185786
2104	60-64	-0.061376172060676026
2104	65-69	-0.10340381838464907
2104	70-74	-0.10663620968571763
2104	75-79	-0.04322817593129713
2104	80-84	-0.05992793719773459
2104	85-89	-0.07556934314885666
2104	90-94	-0.10015487395462941
2104	95-99	-0.11246353101952877
2104	100-104	-0.14997393995199815
2104	105-109	-0.15469998970269927
2104	110-114	-0.17509555243071162
2104	115-119	-0.12597100821363938
2104	120-124	-0.19889708812047502
2104	125-129	-0.22806695464846172
2104	130-134	-0.2745436248970563
2104	135-139	-0.30157946822107107
2104	140-144	-0.2829665848915468
2104	145-149	-0.35572019806407695
2104	150	-0.32133822701346304
2105	1	0.04954573251574601
2105	2	0.03874998347671266
2105	3	0.020763423995262542
2105	4	-0.04632279061750921
2105	5	0.02098585118448426
2105	6	0.032631290459441686
2105	7	0.07015843886404838
2105	8	0.04479959000637024
2105	9	0.05267544160927429
2105	10-14	0.029723886223806062
2105	15-19	0.026818313871025623
2105	20-24	-0.021564789845264443
2105	25-29	0.0034336160252053105
2105	30-34	0.003680404348408217
2105	35-39	-0.023670693512961805
2105	40-44	0.02959498652098347
2105	45-49	0.028478908277797643
2105	50-54	0.02115806947212917
2105	55-59	0.00794388070625729
2105	60-64	-0.027897753565902406
2105	65-69	-0.029366625606094487
2105	70-74	-0.055376737543809895
2105	75-79	-0.013054520537892245
2105	80-84	-0.027156282850064883
2105	85-89	-0.08616644730300749
2105	90-94	-0.026641507078288384
2105	95-99	-0.1095618677728254
2105	100-104	-0.05491332254192116
2105	105-109	-0.07586312189891942
2105	110-114	-0.15931950274732287
2105	115-119	-0.156004206377375
2105	120-124	-0.11338710253303219
2105	125-129	-0.13619103399739885
2105	130-134	-0.20357981862208163
2105	135-139	-0.1808730119363844
2105	140-144	-0.2341479419430783
2105	145-149	-0.22831783418050122
2105	150	-0.3367855236166122
2106	1	0.013931958080746654
2106	2	0.08826397328453339
2106	3	-0.006227917273342598
2106	4	0.02685172694446436
2106	5	0.12099679078814773
2106	6	0.03625790443953747
2106	7	0.07522645341823164
2106	8	0.012069619432999446
2106	9	-0.028700369473092735
2106	10-14	0.005725504202217735
2106	15-19	0.024293922615854058
2106	20-24	0.03544941629797904
2106	25-29	0.04929261506249816
2106	30-34	0.02857128155120847
2106	35-39	0.02696836083199372
2106	40-44	-0.007539503121435587
2106	45-49	0.06079778639386291
2106	50-54	0.03474758405754841
2106	55-59	0.030280626173173175
2106	60-64	-2.0679907395049213E-4
2106	65-69	0.008426606659739377
2106	70-74	0.022263745366984722
2106	75-79	0.03456783030573263
2106	80-84	0.054129765324908874
2106	85-89	0.033533933898567625
2106	90-94	-0.010748037760961893
2106	95-99	-0.01003720408040465
2106	100-104	-0.0055025320016355295
2106	105-109	0.008242255663297726
2106	110-114	-0.01911359153097436
2106	115-119	-0.03120254058958949
2106	120-124	-0.03259721702385576
2106	125-129	-0.11028561133312564
2106	130-134	-0.09652451626838854
2106	135-139	-0.1729377583466487
2106	140-144	-0.11532112469291889
2106	145-149	-0.21978917477527915
2106	150	-0.2161699257472165
2107	1	0.029423780437817015
2107	2	-0.07010820454605238
2107	3	0.010478908699369072
2107	4	0.055023151013706695
2107	5	0.059836028799146845
2107	6	-0.04645967402949225
2107	7	0.02212515192793063
2107	8	0.022747437282092164
2107	9	-0.010272931582022693
2107	10-14	0.029244910880294128
2107	15-19	0.04429502124134643
2107	20-24	0.035757211867831984
2107	25-29	0.0516280362520547
2107	30-34	0.016056112800932
2107	35-39	0.015351859717632976
2107	40-44	-8.887291016890231E-4
2107	45-49	0.008086537050182585
2107	50-54	0.009781520158036017
2107	55-59	0.04299940150245618
2107	60-64	-0.04590071840236476
2107	65-69	-0.03531653068990437
2107	70-74	-0.09066599412444276
2107	75-79	-0.034772038111825054
2107	80-84	-0.032371635723322356
2107	85-89	-0.016210445218654
2107	90-94	-0.015478823392463426
2107	95-99	-0.1038232339345555
2107	100-104	-0.08678756697822365
2107	105-109	-0.07023771577244275
2107	110-114	-0.11612130055399916
2107	115-119	-0.07366597971640942
2107	120-124	-0.09596990507376546
2107	125-129	-0.22682074700034605
2107	130-134	-0.17185451991108636
2107	135-139	-0.221821039612216
2107	140-144	-0.2703036419125695
2107	145-149	-0.24415879328959988
2107	150	-0.3206946188588162
2108	1	0.06581768276483757
2108	2	0.03672423390883495
2108	3	0.04285311162790606
2108	4	-0.0020433338558660807
2108	5	0.06186163633633868
2108	6	-0.052646851531577
2108	7	0.021262322756697927
2108	8	-0.0037456403747313516
2108	9	-0.06680284956322424
2108	10-14	-0.017221841682427907
2108	15-19	0.008877184409307404
2108	20-24	0.02340128603032099
2108	25-29	-0.022100236190659928
2108	30-34	-0.019946054677170366
2108	35-39	-0.050987157309435815
2108	40-44	-0.002317359702551869
2108	45-49	-0.005184904164678983
2108	50-54	-0.012640032322160266
2108	55-59	-0.008704335936556618
2108	60-64	-0.056329945900117195
2108	65-69	-0.05967776796931901
2108	70-74	-0.07451117871926272
2108	75-79	-0.04585755204645636
2108	80-84	-0.04198353668285648
2108	85-89	-0.06771908561638185
2108	90-94	-0.06188490577784478
2108	95-99	-0.06980345249526465
2108	100-104	-0.0955260935213218
2108	105-109	-0.06390966820157473
2108	110-114	-0.13812856696831233
2108	115-119	-0.17408048589178549
2108	120-124	-0.11693981550721588
2108	125-129	-0.20628817409858868
2108	130-134	-0.15252728654520809
2108	135-139	-0.1953890323317964
2108	140-144	-0.2672060811858614
2108	145-149	-0.30026424013886555
2108	150	-0.2657816051257811
2109	1	-0.0010505596518299853
2109	2	0.04791887544647011
2109	3	0.06265335078168022
2109	4	-0.025559859243927008
2109	5	0.07238676545131284
2109	6	0.092365797822616
2109	7	0.014981114739683221
2109	8	-0.028438932303316733
2109	9	0.021462714508373892
2109	10-14	0.044839084932611684
2109	15-19	0.028415762355081142
2109	20-24	0.00335466630500747
2109	25-29	0.03390802244199165
2109	30-34	0.03466798371837854
2109	35-39	-0.005320955527253091
2109	40-44	0.012193042108286534
2109	45-49	0.023139744378219973
2109	50-54	0.002735261389496202
2109	55-59	0.006067392326080778
2109	60-64	-0.04481827053881915
2109	65-69	-0.04572607427519415
2109	70-74	-0.016350339190069008
2109	75-79	-0.009824137469095717
2109	80-84	-0.007861304390601731
2109	85-89	-0.029709664198193764
2109	90-94	-0.04849192020041926
2109	95-99	-0.0853553596457104
2109	100-104	-0.08862036825475883
2109	105-109	-0.050024866675087765
2109	110-114	-0.10619914539257991
2109	115-119	-0.12232936138167361
2109	120-124	-0.09056035654216998
2109	125-129	-0.11796887180929616
2109	130-134	-0.19346974342934686
2109	135-139	-0.18911142786694057
2109	140-144	-0.24420224478122066
2109	145-149	-0.2525437379454729
2109	150	-0.29808439802638986
2110	1	0.007221505857607724
2110	2	0.02376146414923852
2110	3	0.04827465765554706
2110	4	-0.026164209501494895
2110	5	0.09661472252140157
2110	6	0.02207008410077549
2110	7	0.02521337632243359
2110	8	0.016953928318010014
2110	9	0.011550520805791109
2110	10-14	-0.015653754183240665
2110	15-19	0.05140452556074848
2110	20-24	0.010927064209525383
2110	25-29	0.005411728780195801
2110	30-34	0.03807309391746827
2110	35-39	0.022011718565188687
2110	40-44	0.019083435702434315
2110	45-49	0.05783412617633843
2110	50-54	0.04479457305315293
2110	55-59	0.015804085721214278
2110	60-64	-9.872298617281672E-4
2110	65-69	-0.019401057450394887
2110	70-74	-0.03123290977062254
2110	75-79	0.00483793973531732
2110	80-84	0.010774564937150899
2110	85-89	-0.01167034359547614
2110	90-94	-0.019067751902134944
2110	95-99	-0.06514466456480505
2110	100-104	-0.13852561966744048
2110	105-109	-0.04539603874305698
2110	110-114	-0.11400483743563683
2110	115-119	-0.11393642582071806
2110	120-124	-0.0836927719342313
2110	125-129	-0.18678088831750017
2110	130-134	-0.12743597080007874
2110	135-139	-0.17285497713949383
2110	140-144	-0.21646394958207793
2110	145-149	-0.25591957531037224
2110	150	-0.17080044201473044
2111	1	0.11772801928921695
2111	2	0.07197521940965856
2111	3	0.11559169749861553
2111	4	-0.02329119994726625
2111	5	0.023358372708486286
2111	6	0.01338268446061619
2111	7	0.07545382862699057
2111	8	0.09722096328816576
2111	9	0.05104771531750174
2111	10-14	0.038632693563464215
2111	15-19	0.05598754843131104
2111	20-24	0.051077881325220176
2111	25-29	0.08459912296497407
2111	30-34	0.09455877198330143
2111	35-39	0.07213054146227194
2111	40-44	0.03437303839045569
2111	45-49	0.047883232842771406
2111	50-54	0.04895014924204588
2111	55-59	0.06479265951715973
2111	60-64	0.03677665200198277
2111	65-69	0.009669730475607707
2111	70-74	-0.013161849616800225
2111	75-79	-0.013489176625363086
2111	80-84	0.009029223331879166
2111	85-89	-0.009078797849099374
2111	90-94	-0.006850242444542687
2111	95-99	-0.07051203258978944
2111	100-104	-0.0349187131839912
2111	105-109	-0.03567754762255504
2111	110-114	-0.07825306221003814
2111	115-119	-0.08056676835315812
2111	120-124	-0.015308947808030382
2111	125-129	-0.11641571464129896
2111	130-134	-0.14648949431539648
2111	135-139	-0.10258774932181325
2111	140-144	-0.1813301632680222
2111	145-149	-0.22627660899807722
2111	150	-0.3317039024162014
2112	1	0.044657306398661945
2112	2	0.04184885906091296
2112	3	-8.745488248678157E-4
2112	4	0.02645007020985446
2112	5	0.07142717989808034
2112	6	0.03601860053849748
2112	7	0.08323433543454684
2112	8	0.05551744481969223
2112	9	0.10658815726193183
2112	10-14	0.053689740845641154
2112	15-19	0.054453988789788355
2112	20-24	0.05806634911193953
2112	25-29	0.08976708699324831
2112	30-34	0.07226234787029995
2112	35-39	0.06258169265415603
2112	40-44	0.05301251639669147
2112	45-49	0.06559414444102174
2112	50-54	0.028012098878086533
2112	55-59	0.08041496245530055
2112	60-64	0.045908384942499936
2112	65-69	0.009475507372975756
2112	70-74	0.039226246137502585
2112	75-79	0.06486360475757635
2112	80-84	0.005884905835166876
2112	85-89	0.00952953555847813
2112	90-94	0.06253830968802276
2112	95-99	-0.04079124500565001
2112	100-104	-0.02860731867617261
2112	105-109	-0.027105783874041833
2112	110-114	-0.0569067661502487
2112	115-119	-0.07639455040432352
2112	120-124	-0.02350858013149093
2112	125-129	-0.09953854969074882
2112	130-134	-0.11324554578219193
2112	135-139	-0.15573217571571263
2112	140-144	-0.1628105513776461
2112	145-149	-0.2707028643105289
2112	150	-0.32915367853345856
2113	1	0.0797915743641866
2113	2	-8.095545598862941E-4
2113	3	0.02412017790067722
2113	4	0.0029654310355198277
2113	5	0.09751013221876548
2113	6	0.031469175845309394
2113	7	0.038137589416244566
2113	8	0.07599750590055265
2113	9	0.03515653009283426
2113	10-14	0.03319090393687674
2113	15-19	0.0647759704714801
2113	20-24	0.04115158602308355
2113	25-29	0.03713446042724655
2113	30-34	0.02813077447374468
2113	35-39	0.008839301766371932
2113	40-44	0.008471736902748717
2113	45-49	0.012908250375893715
2113	50-54	0.02996398284822277
2113	55-59	0.029551512040413286
2113	60-64	0.009645814496010985
2113	65-69	-0.015647530746115024
2113	70-74	-0.03755343199965466
2113	75-79	-0.00986876542332027
2113	80-84	0.0375870594107397
2113	85-89	0.02450201055126655
2113	90-94	-9.259196860469388E-4
2113	95-99	-0.07342829815134166
2113	100-104	-0.03361140360708248
2113	105-109	-0.049628845165834434
2113	110-114	-0.0702436348056068
2113	115-119	-0.09008316874700739
2113	120-124	-0.08094767009800563
2113	125-129	-0.13761996904827356
2113	130-134	-0.1461130187399533
2113	135-139	-0.15201984991946205
2113	140-144	-0.2270905488821171
2113	145-149	-0.2774293640743437
2113	150	-0.201250629541029
2114	1	0.059427213094878084
2114	2	0.03563714116901906
2114	3	0.10142579788838901
2114	4	0.09131906575769477
2114	5	0.08987177808985791
2114	6	0.09122711709825637
2114	7	0.1306605660320912
2114	8	0.041408716792204814
2114	9	0.052039646721773636
2114	10-14	0.038737330856235985
2114	15-19	0.04524583966009743
2114	20-24	0.035235574108128276
2114	25-29	0.042506981689363954
2114	30-34	0.024048331586108418
2114	35-39	0.01710420947188851
2114	40-44	0.07488195364236816
2114	45-49	0.05662060331426488
2114	50-54	0.006208916308345636
2114	55-59	0.008668653368438584
2114	60-64	0.023007211902474012
2114	65-69	-0.043720274217214694
2114	70-74	-0.028108400562864233
2114	75-79	-0.004884314767423348
2114	80-84	-0.03921330352960695
2114	85-89	-8.090864224357119E-4
2114	90-94	-0.04222205946193469
2114	95-99	-0.06211708120220294
2114	100-104	-0.04799562580079453
2114	105-109	-0.09430174527043533
2114	110-114	-0.0878889770629172
2114	115-119	-0.13009996530713153
2114	120-124	-0.047041654700251456
2114	125-129	-0.13519583907319088
2114	130-134	-0.15566077302205628
2114	135-139	-0.1893115308368678
2114	140-144	-0.20098450214982932
2114	145-149	-0.2830583646212901
2114	150	-0.2485952239286604
2115	1	-0.06008096026131682
2115	2	-0.06689703499516497
2115	3	0.07003654059106168
2115	4	0.05883651708009552
2115	5	0.07734740783511285
2115	6	0.1023180058218287
2115	7	0.11170513001888338
2115	8	0.06867381823765584
2115	9	0.04797567873180242
2115	10-14	0.06444756462899903
2115	15-19	0.04342917664809676
2115	20-24	0.03402642473701434
2115	25-29	0.04543351081810698
2115	30-34	0.0248155592321595
2115	35-39	0.047115470771444734
2115	40-44	0.053472873698609646
2115	45-49	0.009861425782609956
2115	50-54	0.029251093571943443
2115	55-59	0.06297362055269673
2115	60-64	0.027956092053628367
2115	65-69	0.03302104709629816
2115	70-74	0.019797455322617452
2115	75-79	0.06944796672756581
2115	80-84	0.03951883211546914
2115	85-89	0.05270364527775229
2115	90-94	0.029829728719931836
2115	95-99	-0.007065658228043503
2115	100-104	-0.017075960128586587
2115	105-109	-0.02040426399886286
2115	110-114	-0.008891363883265058
2115	115-119	-0.0629881383971238
2115	120-124	-0.03288381793458228
2115	125-129	-0.08247780089242696
2115	130-134	-0.062356607079600224
2115	135-139	-0.1445524265605016
2115	140-144	-0.12803446235006533
2115	145-149	-0.22221763686016516
2115	150	-0.1580587863719387
2116	1	0.01910091619642884
2116	2	0.02149256312466008
2116	3	0.028210923904275376
2116	4	-0.0038770621896588864
2116	5	0.05265057553533126
2116	6	0.01548261008292684
2116	7	0.022976282321565122
2116	8	-0.009485574637395189
2116	9	0.012959948168209223
2116	10-14	0.0375992749655083
2116	15-19	0.02913399998387689
2116	20-24	0.0050965289537501235
2116	25-29	0.017284504105475662
2116	30-34	0.02888968794954394
2116	35-39	-0.019761847917045827
2116	40-44	-0.003257202130988901
2116	45-49	0.01404700408781423
2116	50-54	0.008842375931685353
2116	55-59	-0.013329164332432697
2116	60-64	-0.03435423417877104
2116	65-69	-0.02072245117945215
2116	70-74	0.05111362775267736
2116	75-79	-0.019457017397876086
2116	80-84	0.05067774162088767
2116	85-89	0.0028705280024752255
2116	90-94	0.0027891455621187333
2116	95-99	-0.020121514694729115
2116	100-104	-0.011791593932827027
2116	105-109	-0.08593173058430637
2116	110-114	-0.10432093255915476
2116	115-119	-0.04375097890211066
2116	120-124	-0.05074069537165116
2116	125-129	-0.11214191086200742
2116	130-134	-0.10579720795649905
2116	135-139	-0.13560491664630092
2116	140-144	-0.16012338186089892
2116	145-149	-0.1724046597828135
2116	150	-0.2032460002750227
2117	1	0.023921841399449306
2117	2	0.039084775401228455
2117	3	0.017729839644765377
2117	4	0.08151957870479265
2117	5	0.07029799222367217
2117	6	0.035921702170298886
2117	7	0.017182062374651252
2117	8	0.02940188578044456
2117	9	0.03560541234185166
2117	10-14	0.05812670386513474
2117	15-19	0.06839084228909087
2117	20-24	0.06739016253666819
2117	25-29	0.07544744319421426
2117	30-34	0.08429878519281431
2117	35-39	0.06936099323750256
2117	40-44	0.03519751812052618
2117	45-49	0.037943023749754445
2117	50-54	0.05396788611224679
2117	55-59	0.059515944011707234
2117	60-64	0.03910348708114242
2117	65-69	0.0060695665649603825
2117	70-74	0.0073868764238085305
2117	75-79	0.05166297258534769
2117	80-84	0.041471762232077936
2117	85-89	0.04605272584762332
2117	90-94	0.0434020852177639
2117	95-99	0.01935678898391302
2117	100-104	-0.0647747303749
2117	105-109	-0.042937071684292505
2117	110-114	-0.006426861388618477
2117	115-119	-0.021068646764426546
2117	120-124	0.01701779459261843
2117	125-129	-0.06807813952531205
2117	130-134	-0.08554539147166906
2117	135-139	-0.14079143940598016
2117	140-144	-0.16627390434602773
2117	145-149	-0.14516171172580528
2117	150	-0.18938286552030092
2118	1	0.045106711980537284
2118	2	0.0511004817498204
2118	3	0.030725151373914628
2118	4	-0.0022591551950412736
2118	5	0.023436470180904223
2118	6	0.058140345902984336
2118	7	0.08141449463729344
2118	8	0.02598865412656437
2118	9	0.03085605868302821
2118	10-14	0.06408197089864132
2118	15-19	0.0649493717917835
2118	20-24	0.04152146928423406
2118	25-29	0.04245507746598065
2118	30-34	0.02985060703839082
2118	35-39	0.01813482886521456
2118	40-44	0.011636867247069915
2118	45-49	0.051056244175285315
2118	50-54	0.01953409368192638
2118	55-59	0.06895849732495662
2118	60-64	-0.04806184823294046
2118	65-69	-0.020488943075392285
2118	70-74	-0.014843822028765885
2118	75-79	-0.0018618964170400432
2118	80-84	0.02055904975753009
2118	85-89	0.03203068351275107
2118	90-94	0.01767433115994521
2118	95-99	-0.045928955081286915
2118	100-104	-0.06701508388323418
2118	105-109	-0.03290827056517287
2118	110-114	-0.04932277292836318
2118	115-119	-0.0889967775837377
2118	120-124	-0.0802842654231597
2118	125-129	-0.16293074715666478
2118	130-134	-0.1293954404666522
2118	135-139	-0.17149241768967016
2118	140-144	-0.15887865246871513
2118	145-149	-0.17606948387404486
2118	150	-0.21584111206320244
2119	1	0.08577000288415348
2119	2	-0.015804068022703177
2119	3	0.11996081546166693
2119	4	0.057051734557539646
2119	5	0.04841817871348297
2119	6	0.033620007878283786
2119	7	0.14480131553268194
2119	8	0.10683941072331038
2119	9	0.04599426223340686
2119	10-14	0.050208347331100356
2119	15-19	0.06743900257072966
2119	20-24	0.0780877959777726
2119	25-29	0.08018660068704975
2119	30-34	0.08642218314891892
2119	35-39	0.052240965174092935
2119	40-44	0.06532431719489296
2119	45-49	0.080847681253708
2119	50-54	0.08055801319106592
2119	55-59	0.08171468388237457
2119	60-64	0.02613552674881703
2119	65-69	0.06281341958262487
2119	70-74	0.02220467224476863
2119	75-79	0.032841661600635064
2119	80-84	0.09067884163046358
2119	85-89	0.0604344101415748
2119	90-94	0.04512543388782575
2119	95-99	-0.028980727769877035
2119	100-104	-0.022322234882736325
2119	105-109	-0.0027544629420717115
2119	110-114	-0.03240271753735158
2119	115-119	-0.06098680885383345
2119	120-124	-0.025326807604159285
2119	125-129	-0.09403279064599701
2119	130-134	-0.08346255497835386
2119	135-139	-0.10167408011469092
2119	140-144	-0.12994272728920464
2119	145-149	-0.14523550874454116
2119	150	-0.09382203495319175
2120	1	0.0547471871834162
2120	2	0.08342048207789787
2120	3	0.06785491705328894
2120	4	0.011401492344468522
2120	5	0.05289132145444597
2120	6	-0.009512001169944995
2120	7	0.05420378066124698
2120	8	0.04859099217724605
2120	9	0.026877043021812597
2120	10-14	0.03445853836745982
2120	15-19	0.07372649418733346
2120	20-24	0.05927985704398253
2120	25-29	0.07542605629767252
2120	30-34	0.03523451533486366
2120	35-39	0.03791493211721075
2120	40-44	0.03582158426489457
2120	45-49	0.07667388723647406
2120	50-54	0.052021532840349494
2120	55-59	0.019387317660402914
2120	60-64	0.02582577910376216
2120	65-69	0.0367844813709155
2120	70-74	0.0035020369945328866
2120	75-79	0.047855250303427965
2120	80-84	0.031705332006197295
2120	85-89	0.02372084317136114
2120	90-94	0.05334841012921032
2120	95-99	0.004454929780791872
2120	100-104	-0.05207629455151164
2120	105-109	0.02425486570823665
2120	110-114	-0.02083406362513074
2120	115-119	0.009782582797583927
2120	120-124	-0.020902037373581095
2120	125-129	-0.05562674081062369
2120	130-134	-0.13203743539075674
2120	135-139	-0.10669857015860629
2120	140-144	-0.11624057109039398
2120	145-149	-0.14200883445978718
2120	150	-0.19023858419383544
2121	1	0.022844280878970835
2121	2	0.10186156513632483
2121	3	0.08593542962658063
2121	4	0.045578887509236665
2121	5	0.03576333724629421
2121	6	0.011964884509325202
2121	7	0.07222147401839862
2121	8	0.04012497048078956
2121	9	0.07462102576798912
2121	10-14	0.05222121327663842
2121	15-19	0.07849902167025391
2121	20-24	0.05347256513116605
2121	25-29	0.0856457778293418
2121	30-34	0.036158213815227214
2121	35-39	0.06353186014332124
2121	40-44	0.03892741357307017
2121	45-49	0.08136437558006548
2121	50-54	0.035088347279867094
2121	55-59	0.017704983605540292
2121	60-64	0.040276168070903395
2121	65-69	0.01926225242696944
2121	70-74	0.0029159868777952624
2121	75-79	0.024917217226253285
2121	80-84	0.030840514233126726
2121	85-89	0.04790769863438271
2121	90-94	0.07520634653962333
2121	95-99	0.041450879418292175
2121	100-104	-0.016932586240621106
2121	105-109	0.022779263982855014
2121	110-114	4.764594403496858E-4
2121	115-119	0.022296564504003413
2121	120-124	0.014817205235409858
2121	125-129	-0.04430711191268699
2121	130-134	-0.020011750011448726
2121	135-139	-0.09067364412378964
2121	140-144	-0.028693663449999463
2121	145-149	-0.10837227533016858
2121	150	-0.10570459643787444
2122	1	0.08066759691609349
2122	2	0.06603187140834876
2122	3	0.1228303931131407
2122	4	-0.015109156578688498
2122	5	0.045178061646048207
2122	6	0.0987365182499218
2122	7	0.00860970813977957
2122	8	0.03959233560149755
2122	9	0.06864305978061935
2122	10-14	0.047279447957123466
2122	15-19	0.04298106956679959
2122	20-24	0.07212286396976708
2122	25-29	0.0659394413047778
2122	30-34	0.015866874275317855
2122	35-39	0.044728296961231706
2122	40-44	0.028913499805007348
2122	45-49	0.013736160694818977
2122	50-54	0.03634842570871655
2122	55-59	0.07164271128606003
2122	60-64	0.02964527727736055
2122	65-69	0.019587185569051258
2122	70-74	0.03822380984563978
2122	75-79	-0.004167154168086995
2122	80-84	0.010519906635416021
2122	85-89	0.016766922857755162
2122	90-94	0.05806258665468533
2122	95-99	-0.004192865643595667
2122	100-104	-0.05294694131767841
2122	105-109	-0.024818218446860385
2122	110-114	-0.021206435976388605
2122	115-119	-0.016122646006550667
2122	120-124	-0.00819853087215705
2122	125-129	-0.061350771458513975
2122	130-134	-0.06030373818405366
2122	135-139	-0.06309179254805741
2122	140-144	-0.13450996868301957
2122	145-149	-0.10581439431366846
2122	150	-0.1176459043320719
2123	1	-0.008431818765217258
2123	2	0.057607411954322174
2123	3	-0.01561943832776791
2123	4	0.030684957062845797
2123	5	0.07756424255197913
2123	6	-0.028129315811817435
2123	7	0.0672538157155742
2123	8	0.0693968473106068
2123	9	0.0669228393675283
2123	10-14	0.03344310111471316
2123	15-19	0.03517677788011753
2123	20-24	0.03088927288100507
2123	25-29	0.0345463260236869
2123	30-34	0.01851747523946301
2123	35-39	0.03215873990484397
2123	40-44	0.041696168264579114
2123	45-49	0.020455600023332465
2123	50-54	0.05408678453673588
2123	55-59	0.038323948613268044
2123	60-64	-0.019600749292600028
2123	65-69	-0.03494434687227965
2123	70-74	0.019331835453712642
2123	75-79	0.03346456368601736
2123	80-84	0.017324400149782093
2123	85-89	-0.019845136304780908
2123	90-94	0.04039656057156549
2123	95-99	-0.043585982511146426
2123	100-104	-0.04646648263587139
2123	105-109	-0.04603537081625575
2123	110-114	-0.042566935089183744
2123	115-119	-0.028351093934730898
2123	120-124	-0.04765425349041408
2123	125-129	-0.09668173293222537
2123	130-134	-0.04841028159056293
2123	135-139	-0.06287592466741643
2123	140-144	-0.11596700598236964
2123	145-149	-0.12575099434050685
2123	150	-0.22375536395292528
2124	1	0.08979076848948608
2124	2	0.13073362110716147
2124	3	-0.011873409816303138
2124	4	-0.015081153481524723
2124	5	0.038540536011588244
2124	6	0.026343465590741744
2124	7	0.032699001407905826
2124	8	0.024908322846734166
2124	9	-0.03924950925616599
2124	10-14	-0.017153323582633107
2124	15-19	0.06331398978024083
2124	20-24	0.026768770743203163
2124	25-29	0.030682255616042653
2124	30-34	0.025515257294365767
2124	35-39	0.041178731231873655
2124	40-44	0.0159244165601109
2124	45-49	0.03723926898912566
2124	50-54	0.06304909189546493
2124	55-59	0.03308796795224822
2124	60-64	0.03018422310423574
2124	65-69	0.041168173148250276
2124	70-74	0.05037099926977362
2124	75-79	0.02318638988113264
2124	80-84	0.009605006860276433
2124	85-89	0.05446570155660169
2124	90-94	0.04811638129699247
2124	95-99	0.02271917939884105
2124	100-104	-0.0016503533911702561
2124	105-109	0.002919769535559169
2124	110-114	-0.007244903128409419
2124	115-119	0.010069768914256372
2124	120-124	0.020768644649372447
2124	125-129	-0.047943640563829604
2124	130-134	-0.03981445580052423
2124	135-139	-0.058700332997936755
2124	140-144	-0.0770366693393072
2124	145-149	-0.13690758871997843
2124	150	-0.19048136634607005
2125	1	0.041471378725702834
2125	2	0.07830620968984192
2125	3	0.11558968073487819
2125	4	0.12158961423501324
2125	5	0.07163354782260711
2125	6	0.057541792362393096
2125	7	0.024421442352789313
2125	8	0.07824739764988209
2125	9	0.05038139625564497
2125	10-14	0.05866065279532506
2125	15-19	0.05241585985898212
2125	20-24	0.06802861326288223
2125	25-29	0.0506350115215497
2125	30-34	0.05253986359357299
2125	35-39	0.06739969579879812
2125	40-44	0.024143412623104155
2125	45-49	0.03475255639071406
2125	50-54	0.0846465328403525
2125	55-59	0.09311897188926821
2125	60-64	0.046251152238092175
2125	65-69	0.044132740077380106
2125	70-74	0.03462050714378506
2125	75-79	0.05014505129845048
2125	80-84	0.059870754891775846
2125	85-89	0.05031412675345592
2125	90-94	0.020712837989904642
2125	95-99	-0.012535741861000815
2125	100-104	-0.059405274651012974
2125	105-109	-0.010707198968383125
2125	110-114	-0.005002285018171904
2125	115-119	-0.019799817699926336
2125	120-124	-0.05254631598054971
2125	125-129	-0.09311834528823226
2125	130-134	-0.0034876841469753117
2125	135-139	-0.08676480150187871
2125	140-144	-0.09916314571726303
2125	145-149	-0.151577864310525
2125	150	-0.14107191752717085
2126	1	0.06728393747550854
2126	2	0.04171382072696872
2126	3	0.06201725201797359
2126	4	-0.003447545016122433
2126	5	0.035881109705734104
2126	6	0.0642976771344479
2126	7	0.09283304348078047
2126	8	0.09563121991214274
2126	9	0.02282803185018878
2126	10-14	0.0108106802119039
2126	15-19	0.03749639604885857
2126	20-24	0.02789576037240238
2126	25-29	0.017564981754986775
2126	30-34	0.01701892908002378
2126	35-39	0.017836314551743726
2126	40-44	0.010228825046723955
2126	45-49	0.012083719245161717
2126	50-54	0.015661279041204068
2126	55-59	0.0073976907518726875
2126	60-64	-0.010502176917476902
2126	65-69	-0.03127514022968114
2126	70-74	-0.03721572777709525
2126	75-79	7.833483374639627E-4
2126	80-84	-0.06763727424813482
2126	85-89	-0.019461958159602943
2126	90-94	-0.04689107083039801
2126	95-99	-0.04835661370808708
2126	100-104	-0.1099525290768284
2126	105-109	-0.07950171173666831
2126	110-114	-0.06744593416433986
2126	115-119	-0.10272251274927413
2126	120-124	-0.04572209539461625
2126	125-129	-0.17707319606373773
2126	130-134	-0.12008575715340442
2126	135-139	-0.08291846161468186
2126	140-144	-0.16400866310720374
2126	145-149	-0.14877900405673472
2126	150	-0.17153329932256867
2127	1	-0.016177234540393215
2127	2	0.033927209495892896
2127	3	0.043759046522310996
2127	4	0.0408252135367988
2127	5	0.04986885620119352
2127	6	0.03325916047721478
2127	7	0.019874312794989635
2127	8	0.049796321234055085
2127	9	0.08061268019667978
2127	10-14	0.0408975612514908
2127	15-19	0.07946274698078781
2127	20-24	0.036667868499499434
2127	25-29	0.0305124358815263
2127	30-34	0.051777353896135025
2127	35-39	0.04306654025186418
2127	40-44	0.020930311381839317
2127	45-49	0.028488543590086124
2127	50-54	0.06346257240590347
2127	55-59	0.02953436172634838
2127	60-64	-0.033577784922492526
2127	65-69	0.004446549231765573
2127	70-74	0.03877038107706454
2127	75-79	0.03130699854438035
2127	80-84	-0.01093316287393975
2127	85-89	0.06947840138494854
2127	90-94	0.014070285623731138
2127	95-99	-0.0357602375941255
2127	100-104	-0.04185824206761879
2127	105-109	-0.04017471254478977
2127	110-114	0.026956840272752913
2127	115-119	-0.012020870841901399
2127	120-124	-0.03912738657790982
2127	125-129	-0.07800793993524735
2127	130-134	-0.09081623340997425
2127	135-139	-0.0992067623242221
2127	140-144	-0.11927995138056247
2127	145-149	-0.16600154545869827
2127	150	-0.16465997028124235
2128	1	0.07300596912558177
2128	2	0.06395836563351764
2128	3	0.061852468583019515
2128	4	0.06135685594965423
2128	5	0.07241710741495666
2128	6	0.09832272631291517
2128	7	-0.027108626108393707
2128	8	0.07843094946255036
2128	9	0.03147745584799111
2128	10-14	0.058167440565661366
2128	15-19	0.07043209021529151
2128	20-24	0.06647392211615966
2128	25-29	0.06990776708402535
2128	30-34	0.07254474534244792
2128	35-39	0.030652175571638907
2128	40-44	0.05784730829761031
2128	45-49	0.06802734439443725
2128	50-54	0.07046909780066812
2128	55-59	0.07836221329271353
2128	60-64	0.05273963831247386
2128	65-69	0.02958995184025781
2128	70-74	0.018595544097259165
2128	75-79	0.06095464364324954
2128	80-84	-7.918793076981956E-4
2128	85-89	0.01359843513994008
2128	90-94	0.08704444682761903
2128	95-99	0.011716767085630408
2128	100-104	0.021654998415726823
2128	105-109	-0.010537738100161675
2128	110-114	-0.051943947146689595
2128	115-119	-0.04337517362026233
2128	120-124	-0.01097622106845364
2128	125-129	-0.10373108256845853
2128	130-134	-0.09739456138363778
2128	135-139	-0.09861995359461417
2128	140-144	-0.13902492998674632
2128	145-149	-0.11327949415337457
2128	150	-0.08194868740424965
2129	1	0.079688370700147
2129	2	0.05330530876261719
2129	3	0.010860494588705194
2129	4	0.10789352377217654
2129	5	0.03488862223432676
2129	6	0.03928983467188374
2129	7	0.06389919675515898
2129	8	0.03010014231249869
2129	9	0.05004995243454147
2129	10-14	0.03133111796596921
2129	15-19	0.028733599846511026
2129	20-24	0.05508923349039918
2129	25-29	0.055167659176227346
2129	30-34	0.050721276247458036
2129	35-39	0.030367291637979577
2129	40-44	0.0046976922709163205
2129	45-49	0.04938481250727733
2129	50-54	0.05677258473376412
2129	55-59	0.06655810816789653
2129	60-64	0.06748482841075543
2129	65-69	0.06378810862966589
2129	70-74	0.03401752872707675
2129	75-79	0.04838032479074883
2129	80-84	0.03579155121403943
2129	85-89	0.03993244528236062
2129	90-94	0.03079788551990248
2129	95-99	0.004831349458932266
2129	100-104	0.014311902378743468
2129	105-109	0.028674969490403157
2129	110-114	0.009611679840801912
2129	115-119	-0.0015832737541501274
2129	120-124	-0.01800665570315374
2129	125-129	-0.04015219093261635
2129	130-134	-0.06603318827663429
2129	135-139	-0.13054712774466992
2129	140-144	-0.13558064026300087
2129	145-149	-0.18041768431988459
2129	150	-0.256946157826377
2130	1	0.1115672792216742
2130	2	0.11540003718518932
2130	3	0.08154229232818011
2130	4	0.07769837895912701
2130	5	0.08420426232974165
2130	6	0.07693945975235295
2130	7	0.1314479457625808
2130	8	0.07941467136345892
2130	9	0.10247105837591874
2130	10-14	0.05232765527517813
2130	15-19	0.07197394262401247
2130	20-24	0.08362191766461535
2130	25-29	0.06281976043662496
2130	30-34	0.046770257269955096
2130	35-39	0.05885587217821353
2130	40-44	0.027911275301342187
2130	45-49	0.04503801051345846
2130	50-54	0.06686189241877827
2130	55-59	0.056627457630121114
2130	60-64	0.04574185279606269
2130	65-69	0.0459842589862518
2130	70-74	0.047267709561637616
2130	75-79	0.02715481571259204
2130	80-84	0.01903303015525637
2130	85-89	0.03249748075220538
2130	90-94	0.026588070475952463
2130	95-99	-0.03526722047227793
2130	100-104	-0.034203399263539325
2130	105-109	-5.981630105438285E-4
2130	110-114	-0.04560578005846594
2130	115-119	-0.011206319559818212
2130	120-124	-0.014760203147318407
2130	125-129	-0.09420913109108398
2130	130-134	-0.07329580565968996
2130	135-139	-0.12028894130349244
2130	140-144	-0.16197208093115734
2130	145-149	-0.12399486679038318
2130	150	-0.10405083879189192
2131	1	0.07512950147644659
2131	2	0.012808561630066606
2131	3	0.11962499406612892
2131	4	0.0680307521633523
2131	5	0.1416780928859822
2131	6	0.06588169417744894
2131	7	0.09468607230115111
2131	8	0.11146183005482868
2131	9	0.07883263628067994
2131	10-14	0.05644763840008693
2131	15-19	0.0656120048284663
2131	20-24	0.056553726703661766
2131	25-29	0.06724868700270292
2131	30-34	0.06667581649609389
2131	35-39	0.09079594638556898
2131	40-44	0.05494636795091168
2131	45-49	0.10446219690079772
2131	50-54	0.08460055020852764
2131	55-59	0.07125706647539687
2131	60-64	0.08263035737031288
2131	65-69	0.08756185915108006
2131	70-74	0.04374753147487809
2131	75-79	0.04214039631487765
2131	80-84	0.03862623134303078
2131	85-89	0.050729906756579624
2131	90-94	0.056601157501717125
2131	95-99	0.03080276150310368
2131	100-104	-0.010095014128410185
2131	105-109	0.008367065622444159
2131	110-114	0.0440298989123562
2131	115-119	-0.02743978992649687
2131	120-124	-0.030117431611905943
2131	125-129	-0.05960204306636285
2131	130-134	-0.06666300882230303
2131	135-139	-0.07509249865412215
2131	140-144	-0.08765781595666056
2131	145-149	-0.10520763664663235
2131	150	-0.01151394537883732
2132	1	0.1083210252254716
2132	2	0.017595659736201696
2132	3	0.02367416342688955
2132	4	0.1252799731439893
2132	5	0.10134760863237346
2132	6	0.09016044674348223
2132	7	0.018388564899531445
2132	8	-0.0059129427148221225
2132	9	0.02980990421422547
2132	10-14	0.075951121810931
2132	15-19	0.06416235383208857
2132	20-24	0.09049561990791233
2132	25-29	0.0926096676798025
2132	30-34	0.0795330447093221
2132	35-39	0.06560869556700055
2132	40-44	0.04362211568290775
2132	45-49	0.05416366943351392
2132	50-54	0.04930363761550183
2132	55-59	0.07183564048762037
2132	60-64	0.030744970813273653
2132	65-69	0.02385697126266706
2132	70-74	0.02512364614857887
2132	75-79	0.035189441655425924
2132	80-84	0.045611173683298034
2132	85-89	0.01987636597459641
2132	90-94	0.04193710780909754
2132	95-99	0.014289536303117245
2132	100-104	-0.012705865749758516
2132	105-109	-0.01798681185665174
2132	110-114	-0.028307850232202725
2132	115-119	-0.04887446806308304
2132	120-124	-0.01484225169372877
2132	125-129	-0.11631913535160265
2132	130-134	-0.08558218267889117
2132	135-139	-0.09865435682563373
2132	140-144	-0.12093326432334806
2132	145-149	-0.1337719417328742
2132	150	-0.20375079250785433
2133	1	0.028742342983363756
2133	2	-0.05739844957960116
2133	3	0.017180656775728664
2133	4	0.0589499343449873
2133	5	0.0020501326615729454
2133	6	0.1577340056381189
2133	7	0.11881166230565299
2133	8	0.057745875654596546
2133	9	0.03149539861227879
2133	10-14	0.06907493009305199
2133	15-19	0.07199829308757444
2133	20-24	0.05683615450405455
2133	25-29	0.09897279628196287
2133	30-34	0.10243077089915431
2133	35-39	0.07674577788835535
2133	40-44	0.08178780578886347
2133	45-49	0.0993453981031962
2133	50-54	0.09499678814278667
2133	55-59	0.11194099663396173
2133	60-64	0.09274643896237222
2133	65-69	0.07376078406795727
2133	70-74	0.05814461358525591
2133	75-79	0.0787088769072497
2133	80-84	0.07768202747622155
2133	85-89	0.08084574497811303
2133	90-94	0.13634657718863963
2133	95-99	0.033922722396660276
2133	100-104	0.03838586831834334
2133	105-109	0.05105114745738604
2133	110-114	0.013309036662903395
2133	115-119	0.0075136642325190905
2133	120-124	0.006502387868629
2133	125-129	-0.05891228676506444
2133	130-134	-0.014006537249883877
2133	135-139	-0.11087374690642804
2133	140-144	-0.07233640769684513
2133	145-149	-0.09976806462474741
2133	150	-0.16281975727579834
2134	1	0.1024747507457846
2134	2	-0.007001389118187262
2134	3	0.07179615815018536
2134	4	0.09658138023250018
2134	5	0.05350501896438686
2134	6	0.007270070279581375
2134	7	0.11018524410937403
2134	8	0.005170625378866589
2134	9	0.0247987425542604
2134	10-14	0.06069186358578804
2134	15-19	0.07432575634580729
2134	20-24	0.11023438490654769
2134	25-29	0.09351581453284297
2134	30-34	0.09438130023096392
2134	35-39	0.10076457973858055
2134	40-44	0.09393081852022078
2134	45-49	0.09450341900048898
2134	50-54	0.08550647637861886
2134	55-59	0.08202761367094524
2134	60-64	0.08341112714399657
2134	65-69	0.06040438374112256
2134	70-74	0.0807019845590915
2134	75-79	0.07502679533860146
2134	80-84	0.06991937471611465
2134	85-89	0.06924229488394218
2134	90-94	0.0857325995959215
2134	95-99	0.03996378762457198
2134	100-104	0.0367435647467218
2134	105-109	0.06415839074303165
2134	110-114	0.035112598921600124
2134	115-119	0.011786521697814578
2134	120-124	0.008596720405904534
2134	125-129	-0.00633344880141351
2134	130-134	0.02551545261587762
2134	135-139	0.03172022045546896
2134	140-144	-0.024244466294433664
2134	145-149	-0.04459245025783076
2134	150	-0.01047593258363122
2135	1	0.14618719085726184
2135	2	0.0869315684394536
2135	3	0.14716265234518033
2135	4	0.08993442109197503
2135	5	0.0806638573168712
2135	6	0.07802280772075676
2135	7	0.11273085904530689
2135	8	0.1060238287699562
2135	9	0.08130037701890558
2135	10-14	0.08589882375406432
2135	15-19	0.08133505393281837
2135	20-24	0.08465659961100869
2135	25-29	0.057161229331050833
2135	30-34	0.09778804075770609
2135	35-39	0.08585437699644416
2135	40-44	0.08426618255795404
2135	45-49	0.10138374239753034
2135	50-54	0.12251874041093203
2135	55-59	0.1036180604713266
2135	60-64	0.10213805884684035
2135	65-69	0.07915957842674715
2135	70-74	0.1183861951673677
2135	75-79	0.06712123808095782
2135	80-84	0.08260306950548113
2135	85-89	0.10926828437057878
2135	90-94	0.1024609763702955
2135	95-99	0.04829589791560096
2135	100-104	0.06584507440265952
2135	105-109	0.05748381096026378
2135	110-114	0.04970906698306976
2135	115-119	0.038421385371741223
2135	120-124	0.06047850561424184
2135	125-129	7.082241266687106E-5
2135	130-134	0.004149455164217386
2135	135-139	0.006683441594617534
2135	140-144	-0.01877575431173284
2135	145-149	0.001230117383542506
2135	150	0.01678256587338467
2136	1	0.09396571820103361
2136	2	0.09852589660427213
2136	3	-0.003730861113965034
2136	4	0.01570403490958938
2136	5	0.08442730953403554
2136	6	0.07879237793391525
2136	7	0.0784806241141851
2136	8	0.03696948540753198
2136	9	0.056292155156327794
2136	10-14	0.047268007573592286
2136	15-19	0.07514911251357148
2136	20-24	0.036176021132966696
2136	25-29	0.05854132007870305
2136	30-34	0.06876979800956207
2136	35-39	0.0301017960486476
2136	40-44	0.048228242416982425
2136	45-49	0.05541226126265286
2136	50-54	0.05982134545746476
2136	55-59	0.07948995096484168
2136	60-64	0.05464871626057999
2136	65-69	0.0399856445121074
2136	70-74	0.013638425632223061
2136	75-79	0.048046206826249716
2136	80-84	0.011940555016700216
2136	85-89	0.07655069764664546
2136	90-94	0.05629044573505837
2136	95-99	0.011138602298899514
2136	100-104	-0.030252791827777514
2136	105-109	0.01601196093168511
2136	110-114	-0.015437755036913359
2136	115-119	-0.06966954755626631
2136	120-124	-0.05912158143963353
2136	125-129	-0.06887673847998599
2136	130-134	-0.09732809638931883
2136	135-139	-0.08910345702967248
2136	140-144	-0.1578577506516723
2136	145-149	-0.1187478362030916
2136	150	-0.17133113051905013
2137	1	0.1031048351798276
2137	2	0.015732580218610792
2137	3	0.0969325073289724
2137	4	0.1057755590250622
2137	5	0.11494371500767642
2137	6	0.046603320356176425
2137	7	0.07363800533879328
2137	8	0.12714660060478167
2137	9	0.04476611631785232
2137	10-14	0.09869350660558496
2137	15-19	0.11401432408914758
2137	20-24	0.07622768013692394
2137	25-29	0.09224309861331648
2137	30-34	0.0797130751021271
2137	35-39	0.07094275567438757
2137	40-44	0.09633538385172358
2137	45-49	0.10440817458665919
2137	50-54	0.11625559193832657
2137	55-59	0.12465833814120941
2137	60-64	0.10944477587728585
2137	65-69	0.07722994069946765
2137	70-74	0.10669369921220806
2137	75-79	0.1167690792922329
2137	80-84	0.08088358537388274
2137	85-89	0.088127890361541
2137	90-94	0.09343328900079229
2137	95-99	0.07618568115611168
2137	100-104	0.08059375334276808
2137	105-109	0.0547859969880804
2137	110-114	0.08868113255569199
2137	115-119	0.059633599873947674
2137	120-124	0.028105316989908147
2137	125-129	0.0243504533120813
2137	130-134	-0.025969021627531674
2137	135-139	-0.01860393447233122
2137	140-144	-0.019272302015856724
2137	145-149	-0.02709477721877107
2137	150	-0.03677176200617538
2138	1	0.11266081671020345
2138	2	0.07552883565883661
2138	3	0.1427820256961212
2138	4	0.11381587392493486
2138	5	0.1181669780551644
2138	6	0.0650006101918521
2138	7	0.07363655863185414
2138	8	0.10905408369639247
2138	9	0.12125833424013877
2138	10-14	0.07295813341548296
2138	15-19	0.06754715830859226
2138	20-24	0.09215264427064085
2138	25-29	0.099301678188219
2138	30-34	0.07753308064783937
2138	35-39	0.07243893998484907
2138	40-44	0.05127374208046831
2138	45-49	0.08737416491783989
2138	50-54	0.0840176568713602
2138	55-59	0.08332003778073727
2138	60-64	0.08309223750941896
2138	65-69	0.07129940674404622
2138	70-74	0.03561033272517733
2138	75-79	0.06155396602713381
2138	80-84	0.0652021502406086
2138	85-89	0.05447497946662594
2138	90-94	0.06281942713718536
2138	95-99	0.01235282403047222
2138	100-104	-0.04017174751923136
2138	105-109	-0.0032856873404725206
2138	110-114	0.046941997927561374
2138	115-119	0.03184795361790549
2138	120-124	0.01691880029852655
2138	125-129	-0.06714305459055936
2138	130-134	-0.06632876941829124
2138	135-139	-0.09634765033908366
2138	140-144	-0.1175357232366423
2138	145-149	-0.11950906586091747
2138	150	-0.0967695919457725
2139	1	0.03817552455252837
2139	2	-0.003945030932229088
2139	3	0.08105769808405228
2139	4	0.10268458531972868
2139	5	0.12493682619084723
2139	6	0.08676274031488163
2139	7	0.1080260844284382
2139	8	0.015598425314777842
2139	9	0.1155695409883748
2139	10-14	0.08214912575562039
2139	15-19	0.10659030890555954
2139	20-24	0.08068756918661535
2139	25-29	0.04858499589166598
2139	30-34	0.09343260351230498
2139	35-39	0.06915459967500937
2139	40-44	0.05688495294820939
2139	45-49	0.06742645839132422
2139	50-54	0.06818674071781317
2139	55-59	0.047392201804861145
2139	60-64	0.059585162866412134
2139	65-69	0.08090657565099946
2139	70-74	0.058750645468258256
2139	75-79	0.07213950268950953
2139	80-84	0.06385207717998753
2139	85-89	0.07385124772875429
2139	90-94	0.05023464167855707
2139	95-99	-1.5769403355392342E-4
2139	100-104	-0.037796373431881136
2139	105-109	0.017652483744974745
2139	110-114	-0.008219794396097768
2139	115-119	0.0487345485082642
2139	120-124	0.05727769152179718
2139	125-129	-0.021067958448597324
2139	130-134	-0.025451266516469673
2139	135-139	-0.021480591592528242
2139	140-144	-0.053533241841051904
2139	145-149	-0.0651011137634896
2139	150	-0.13780683468878152
2140	1	-0.009194007096127166
2140	2	0.06561467110766017
2140	3	0.05830807784905545
2140	4	0.04984361360766343
2140	5	0.04440840666828194
2140	6	0.032991525737550376
2140	7	-0.010893802314718926
2140	8	0.050967363145488775
2140	9	-0.06397164640433317
2140	10-14	0.0041046615782605045
2140	15-19	0.016421113936765153
2140	20-24	0.0193309972026654
2140	25-29	0.04589975430700122
2140	30-34	0.028634750670114784
2140	35-39	0.016385658785004864
2140	40-44	-0.011715354629089347
2140	45-49	0.029572427783428168
2140	50-54	0.021516514019772615
2140	55-59	9.736613497395297E-4
2140	60-64	-0.0040418214130966135
2140	65-69	-0.04028570408824095
2140	70-74	-0.031907802141034836
2140	75-79	-0.0168176212235025
2140	80-84	-0.02669292139430013
2140	85-89	-0.012689951038275638
2140	90-94	-0.017090486978723618
2140	95-99	-0.02321061639048594
2140	100-104	-0.09412218180283816
2140	105-109	-0.08602981502860985
2140	110-114	-0.0999564098613348
2140	115-119	-0.07723480828963858
2140	120-124	-0.06154129715996959
2140	125-129	-0.1220799983622669
2140	130-134	-0.12486095892739968
2140	135-139	-0.14851817352195695
2140	140-144	-0.19689189414888375
2140	145-149	-0.23900901236573446
2140	150	-0.19115347336155253
2141	1	0.01999376150662613
2141	2	-0.09528627717353544
2141	3	0.03174494548831319
2141	4	-0.01561253814978869
2141	5	0.043209184443462334
2141	6	0.011257182418979994
2141	7	0.04835333402618858
2141	8	0.013732694739616136
2141	9	0.0012994439516802458
2141	10-14	0.023643575188202703
2141	15-19	0.02502272121710547
2141	20-24	0.05180225918043391
2141	25-29	0.024964841755995337
2141	30-34	0.09729542139471192
2141	35-39	0.05252444317147109
2141	40-44	0.028240472041048292
2141	45-49	0.0516029504893325
2141	50-54	0.04396777374576999
2141	55-59	0.03850513801699407
2141	60-64	0.009570877379566411
2141	65-69	-0.0017051742314322382
2141	70-74	0.0031810871761237536
2141	75-79	0.09280531807290515
2141	80-84	0.025253737915214458
2141	85-89	0.034773100076002095
2141	90-94	0.047366637504858033
2141	95-99	0.03810865991749779
2141	100-104	0.009354325187302948
2141	105-109	-0.011683047796189783
2141	110-114	-0.03451799843773529
2141	115-119	0.01695184964041374
2141	120-124	0.007195802046936706
2141	125-129	-0.002871730494376834
2141	130-134	-0.00957054590929829
2141	135-139	-0.057516569893145686
2141	140-144	-0.09680850747959369
2141	145-149	-0.13708928306557766
2141	150	-0.1139619741156892
2142	1	0.01526101334708585
2142	2	0.07911501889832095
2142	3	0.04772128325902969
2142	4	0.10204916160179067
2142	5	0.08576421547608248
2142	6	0.05931794926485878
2142	7	0.05276009925525216
2142	8	0.0619577630285022
2142	9	-0.017188524280349782
2142	10-14	0.03583216261147015
2142	15-19	0.024389508191795528
2142	20-24	0.02805852912452167
2142	25-29	0.052262309745302105
2142	30-34	0.03610394118783944
2142	35-39	0.026475595611827885
2142	40-44	0.040079315552368655
2142	45-49	0.05372597100583931
2142	50-54	0.03849317509649808
2142	55-59	0.017556316077481426
2142	60-64	0.05083217436337151
2142	65-69	0.04015782577386062
2142	70-74	0.04822885475986283
2142	75-79	0.028255911379474696
2142	80-84	0.040541914131416945
2142	85-89	0.028420312481081567
2142	90-94	0.047773526677971745
2142	95-99	0.010656413015901478
2142	100-104	0.012535555825763822
2142	105-109	0.009516040358512612
2142	110-114	-0.03908289813752219
2142	115-119	0.033683218292594574
2142	120-124	-0.0064705914557734445
2142	125-129	-0.07055763712369867
2142	130-134	-0.04513508209025474
2142	135-139	-0.0702480322591228
2142	140-144	-0.1193970386745633
2142	145-149	-0.13155671286148163
2142	150	-0.14637107614355926
2143	1	0.08998938521312283
2143	2	0.05956849572235967
2143	3	0.08473092858543652
2143	4	0.07947118958283284
2143	5	0.07422094230440024
2143	6	0.05948542805099777
2143	7	0.0845048799016368
2143	8	0.0752393958521651
2143	9	0.05704242877088461
2143	10-14	0.04187448349721734
2143	15-19	0.06712778537094266
2143	20-24	0.07154401110562958
2143	25-29	0.06950729540462675
2143	30-34	0.08822028019510242
2143	35-39	0.0900105778528868
2143	40-44	0.07492042723932713
2143	45-49	0.06926427086623477
2143	50-54	0.04807241606686574
2143	55-59	0.051530756710270964
2143	60-64	0.039148838653602525
2143	65-69	0.10205340601454083
2143	70-74	0.052000050289002786
2143	75-79	0.09946203582244806
2143	80-84	0.09416944959241391
2143	85-89	0.06752309189335648
2143	90-94	0.07835247375667365
2143	95-99	0.04220743853606734
2143	100-104	0.028507907309283098
2143	105-109	0.09346161062987335
2143	110-114	0.0439459035858647
2143	115-119	0.034682644782485283
2143	120-124	0.013575459851871585
2143	125-129	-0.002440283306050617
2143	130-134	0.004549755277750478
2143	135-139	-0.04206688646358003
2143	140-144	-0.028112623988320706
2143	145-149	-0.029502301546735055
2143	150	-0.03831515654545825
2144	1	0.03998942395494964
2144	2	0.11483289029703059
2144	3	0.058619033275149945
2144	4	0.11085889862162901
2144	5	0.06095162403078547
2144	6	0.053087408843190076
2144	7	0.07038333826356791
2144	8	0.06944744411828196
2144	9	0.04231680517757752
2144	10-14	0.025727102609451435
2144	15-19	0.07282671797545959
2144	20-24	0.08095054634839016
2144	25-29	0.05516537087719087
2144	30-34	0.09168345095417152
2144	35-39	0.08623790831429545
2144	40-44	0.08866471064045811
2144	45-49	0.08590907745638532
2144	50-54	0.1011076542777758
2144	55-59	0.10292016457822939
2144	60-64	0.04601757107327842
2144	65-69	0.06423620971802535
2144	70-74	0.03995360813510729
2144	75-79	0.022918595288544452
2144	80-84	0.023125091942581832
2144	85-89	0.033626704200777624
2144	90-94	0.030029132909355383
2144	95-99	-0.01740764396756589
2144	100-104	-0.04421088183813282
2144	105-109	-0.0078055570848576394
2144	110-114	0.02579038846386794
2144	115-119	-0.016317862929163596
2144	120-124	0.030057153660095537
2144	125-129	-0.06415218977397785
2144	130-134	-0.12959611041710417
2144	135-139	-0.1128606038562836
2144	140-144	-0.11104720705554882
2144	145-149	-0.1514215755868591
2144	150	-0.00521689893981403
2145	1	-0.005957558559245513
2145	2	0.045192304075200695
2145	3	0.06416539624942175
2145	4	0.039815587803985864
2145	5	0.07430841879539685
2145	6	0.1042835619901723
2145	7	0.08427560250292743
2145	8	0.08567868088416475
2145	9	-0.012611839590462637
2145	10-14	0.058478880821596135
2145	15-19	0.059457520009118525
2145	20-24	0.04415873525225322
2145	25-29	0.0633112705143688
2145	30-34	0.06425322768490815
2145	35-39	0.07667145447882007
2145	40-44	0.06237317881014803
2145	45-49	0.024421445192707836
2145	50-54	0.11456063199580768
2145	55-59	0.05926228984359483
2145	60-64	0.07051342937290173
2145	65-69	0.039853259314163836
2145	70-74	0.06051257392513776
2145	75-79	0.03440552987211731
2145	80-84	0.02271365448514473
2145	85-89	0.05084141796395869
2145	90-94	0.07361266595361826
2145	95-99	0.035256602524363245
2145	100-104	0.005524542364938156
2145	105-109	0.03895431964281926
2145	110-114	0.02844205733403271
2145	115-119	0.028096432691064877
2145	120-124	-0.05305272824203655
2145	125-129	-0.003888579101179346
2145	130-134	-0.03607589184169058
2145	135-139	-0.03067078758257935
2145	140-144	-0.06759912085019693
2145	145-149	-0.11894809421355745
2145	150	-0.0042764843085265625
2146	1	0.01603813897386175
2146	2	0.08325096879931237
2146	3	0.037776297273282466
2146	4	0.08079376257803261
2146	5	0.08138181034813385
2146	6	0.0444693583275253
2146	7	-0.0032381697094052697
2146	8	0.04563171326162774
2146	9	0.06902704962457307
2146	10-14	0.019773834042382532
2146	15-19	0.04551057675861614
2146	20-24	0.05800316956883478
2146	25-29	0.05056998874788121
2146	30-34	0.04366973244859906
2146	35-39	0.05273972053571896
2146	40-44	0.025749535993611516
2146	45-49	0.04890141967010919
2146	50-54	0.026846803768577843
2146	55-59	5.733558220413215E-4
2146	60-64	0.05005694774618519
2146	65-69	0.03774095430699731
2146	70-74	-0.032892244151952355
2146	75-79	0.023427327095532746
2146	80-84	0.0559593759063759
2146	85-89	-0.0051369098414966174
2146	90-94	0.038732038555316706
2146	95-99	0.012046223742899542
2146	100-104	-0.06333383205638654
2146	105-109	-0.028918817470028557
2146	110-114	-0.035356111388516354
2146	115-119	0.026213601100138817
2146	120-124	0.003742517064843298
2146	125-129	-0.014785820158664364
2146	130-134	-0.04803448797923693
2146	135-139	-0.08091303654192927
2146	140-144	-0.09614570225880215
2146	145-149	-0.1195861688495583
2146	150	-0.09353225991762315
2147	1	0.008148646641650714
2147	2	0.07982737461848899
2147	3	0.023891439006796134
2147	4	0.0828605390429189
2147	5	0.12289516182605809
2147	6	0.031509126140029764
2147	7	0.03310558066233682
2147	8	0.05417284260832389
2147	9	0.03208880177547968
2147	10-14	0.08528937711710682
2147	15-19	0.08870148593707228
2147	20-24	0.09161462549434418
2147	25-29	0.10344448305990284
2147	30-34	0.12212824762995211
2147	35-39	0.08278632940393749
2147	40-44	0.07370030653873982
2147	45-49	0.10582793470339169
2147	50-54	0.10681022658348382
2147	55-59	0.11506682158347559
2147	60-64	0.023870173721554977
2147	65-69	0.06648000368095097
2147	70-74	0.019977757810238472
2147	75-79	0.05257342671008303
2147	80-84	0.03166528993960327
2147	85-89	0.026790643924535118
2147	90-94	0.09183182026997372
2147	95-99	-0.007809440308541582
2147	100-104	-0.005129263203627943
2147	105-109	0.016456102740889378
2147	110-114	0.0014686750727861408
2147	115-119	0.003746216877459574
2147	120-124	-0.01417074753143055
2147	125-129	-0.040703210820616675
2147	130-134	-0.05382710707311844
2147	135-139	-0.0539568490947957
2147	140-144	-0.12909705860733567
2147	145-149	-0.13713535607781324
2147	150	-0.12002205081869022
2148	1	0.03512942062867097
2148	2	-0.03737264585521416
2148	3	0.0733202651709206
2148	4	-0.051191379778849466
2148	5	0.054130987961237054
2148	6	0.02112815814689384
2148	7	0.028748001899103315
2148	8	-0.029114172923527804
2148	9	-0.03060198433666983
2148	10-14	0.012230359789654699
2148	15-19	0.01583918216521596
2148	20-24	0.004731826873474176
2148	25-29	0.011029466468002624
2148	30-34	-0.01910073186956396
2148	35-39	0.021137054021863833
2148	40-44	0.033483322831045825
2148	45-49	0.044966521419055994
2148	50-54	0.011796265039464515
2148	55-59	0.03997518644502662
2148	60-64	0.0385772391946162
2148	65-69	0.001482141463647224
2148	70-74	-0.06266993866591974
2148	75-79	0.02064489376852663
2148	80-84	-0.026032679260715952
2148	85-89	0.021730793420118744
2148	90-94	-0.02873690996220546
2148	95-99	0.008929837849144917
2148	100-104	-0.059878258267907825
2148	105-109	-0.06370396960479496
2148	110-114	-0.08843427147059657
2148	115-119	-0.1300463914239316
2148	120-124	-0.13644612694462666
2148	125-129	-0.17008152266694054
2148	130-134	-0.15603935396424617
2148	135-139	-0.15710226999589594
2148	140-144	-0.15845059845828757
2148	145-149	-0.23991521465709553
2148	150	-0.17617903788003986
2149	1	-0.005458312499854401
2149	2	-0.05994960715167963
2149	3	0.006705312192515578
2149	4	0.015404041591551731
2149	5	0.04673662165824766
2149	6	-0.005551267167092533
2149	7	0.03971094322704971
2149	8	0.057720802116577374
2149	9	0.023918095508541626
2149	10-14	-0.018875649064476363
2149	15-19	-0.002783184410617423
2149	20-24	0.0019443659254179124
2149	25-29	-0.023887639885217027
2149	30-34	-0.0074298749217618365
2149	35-39	0.00472590586079491
2149	40-44	-0.014057121870614253
2149	45-49	-0.0214077420515153
2149	50-54	6.246960894458198E-4
2149	55-59	-0.03787978625729238
2149	60-64	-0.03404617728026693
2149	65-69	-0.01825710255495494
2149	70-74	-0.03990467764401018
2149	75-79	-0.03021303962508881
2149	80-84	-0.03813413304337132
2149	85-89	-0.06162638349928784
2149	90-94	-0.055175375330712484
2149	95-99	-0.12343800302773644
2149	100-104	-0.12714818118416105
2149	105-109	-0.14999091777302453
2149	110-114	-0.12605085638996627
2149	115-119	-0.15667524489750662
2149	120-124	-0.16520837288723556
2149	125-129	-0.197915446305565
2149	130-134	-0.24184462263052353
2149	135-139	-0.2062026591556716
2149	140-144	-0.27011580626408005
2149	145-149	-0.32677026218050287
2149	150	-0.34477482644467017
2150	1	-0.009059375242550516
2150	2	-0.011562341897459305
2150	3	-0.04485178751908592
2150	4	-0.030429234971336427
2150	5	-0.016982523605960864
2150	6	-0.003445310812210778
2150	7	-0.020479351298007487
2150	8	-0.03880121346122678
2150	9	-0.04903328628403614
2150	10-14	-0.0015357757761051971
2150	15-19	8.612963669136775E-4
2150	20-24	-0.0489872597529839
2150	25-29	-0.02088879800225385
2150	30-34	-0.04352561259690191
2150	35-39	-0.0551727248361189
2150	40-44	-0.050964722297536014
2150	45-49	-0.03712343567278964
2150	50-54	-0.06809751477869952
2150	55-59	-0.05068955985677093
2150	60-64	-0.08035995887301794
2150	65-69	-0.06095456150992362
2150	70-74	-0.11210469126891098
2150	75-79	-0.09581923441583484
2150	80-84	-0.07434749907648097
2150	85-89	-0.08125333356400688
2150	90-94	-0.14258478105771388
2150	95-99	-0.13194248789274354
2150	100-104	-0.150280274651017
2150	105-109	-0.13269727833345968
2150	110-114	-0.16114216597055275
2150	115-119	-0.18542779389040476
2150	120-124	-0.2260225064567365
2150	125-129	-0.27875028973267746
2150	130-134	-0.2865591127184075
2150	135-139	-0.24619039673997634
2150	140-144	-0.3230034234950452
2150	145-149	-0.35514730875497236
2150	150	-0.31051636197161514
2151	1	-0.052707980726047765
2151	2	-0.04201275224170331
2151	3	-0.05611612064366511
2151	4	-0.028064907631566882
2151	5	0.028697355063933117
2151	6	0.05049462273792926
2151	7	0.03126049321635804
2151	8	0.012829625109873177
2151	9	0.01564551842328399
2151	10-14	-0.0017059095561293702
2151	15-19	-0.03266391157185922
2151	20-24	-0.027876314640778332
2151	25-29	-0.043052518188474664
2151	30-34	-0.0025999121947322124
2151	35-39	-0.0409443958665463
2151	40-44	-0.061852992463251155
2151	45-49	-0.005396498830336327
2151	50-54	-0.009836730509356073
2151	55-59	-0.03759160290078967
2151	60-64	-0.08137687818497596
2151	65-69	-0.052600661919129266
2151	70-74	-0.06347554538353961
2151	75-79	-0.044473511528352105
2151	80-84	-0.08008705686548012
2151	85-89	-0.0610664389255291
2151	90-94	-0.09987308341716528
2151	95-99	-0.1472265396743353
2151	100-104	-0.17170255321225625
2151	105-109	-0.10468380727134274
2151	110-114	-0.17969097341936902
2151	115-119	-0.23401500744797943
2151	120-124	-0.13622513074841436
2151	125-129	-0.26036003638315464
2151	130-134	-0.2476127831804078
2151	135-139	-0.3165013428582384
2151	140-144	-0.36689637935693753
2151	145-149	-0.40347421591883403
2151	150	-0.3791316544943726
2152	1	0.10572265024370608
2152	2	0.0915742554644865
2152	3	0.0015555453671183272
2152	4	0.057619054767094724
2152	5	0.07275590697754097
2152	6	-0.01526288291147182
2152	7	-0.02463763432952959
2152	8	-0.007533607827426181
2152	9	-0.04079720311838031
2152	10-14	0.04210294544007809
2152	15-19	0.010199995226741976
2152	20-24	0.024861164123613833
2152	25-29	0.023408094463647444
2152	30-34	0.003175035737548626
2152	35-39	0.0030709594920708128
2152	40-44	-0.0036810200842509744
2152	45-49	0.03144083886331828
2152	50-54	0.023715586048489
2152	55-59	0.006859288790664664
2152	60-64	-0.008059489389445673
2152	65-69	-0.012957244273167134
2152	70-74	-0.05108792399862239
2152	75-79	-0.06109086419450449
2152	80-84	-0.03619145168099891
2152	85-89	-0.02352742254232254
2152	90-94	-0.03963105872371386
2152	95-99	-0.09679650085943337
2152	100-104	-0.07892503208450563
2152	105-109	-0.105976956401868
2152	110-114	-0.12226803227951422
2152	115-119	-0.1485612613618983
2152	120-124	-0.2037090702841411
2152	125-129	-0.15019316923189763
2152	130-134	-0.26273885785589357
2152	135-139	-0.2402480761497685
2152	140-144	-0.24061844696921497
2152	145-149	-0.26738518042946424
2152	150	-0.21330196447552652
2153	1	-0.05872234477044458
2153	2	-0.014126131876047054
2153	3	-0.02818883544228612
2153	4	0.04686883718145651
2153	5	-0.022591803598785987
2153	6	-0.02777816797999577
2153	7	-0.01674531593211981
2153	8	-0.030699368880668487
2153	9	0.03384564550960789
2153	10-14	8.638293305835987E-4
2153	15-19	0.03080977575343269
2153	20-24	0.014843125592086892
2153	25-29	0.004205924039226261
2153	30-34	-8.096141824651681E-4
2153	35-39	-0.05688804764395883
2153	40-44	-0.05730370729208545
2153	45-49	-0.0340889996796605
2153	50-54	-0.04175693425561633
2153	55-59	-0.03548758339579905
2153	60-64	-0.052848659290098965
2153	65-69	-0.05938485062468146
2153	70-74	-0.10093056675287215
2153	75-79	-0.08431572300656143
2153	80-84	-0.10191717505954045
2153	85-89	-0.09246218076972212
2153	90-94	-0.068068652507975
2153	95-99	-0.10863855715862769
2153	100-104	-0.15367465190875151
2153	105-109	-0.17441905305978622
2153	110-114	-0.14931873114664285
2153	115-119	-0.155221925835626
2153	120-124	-0.11882698191426755
2153	125-129	-0.2191520837050689
2153	130-134	-0.246935069100644
2153	135-139	-0.28081880063805187
2153	140-144	-0.3220605758256312
2153	145-149	-0.3645995189359468
2153	150	-0.42461440221383384
2154	1	-0.08207464472169335
2154	2	-0.04490533181839851
2154	3	0.08086732648899897
2154	4	-0.013073329364480912
2154	5	0.01674009091512829
2154	6	-0.04669656315091686
2154	7	-0.021568735087008406
2154	8	-0.10718313150093906
2154	9	-0.0584200929712253
2154	10-14	-0.04218107724269515
2154	15-19	-0.0074134335503970306
2154	20-24	-0.017451741616710592
2154	25-29	-0.010946737527874006
2154	30-34	-0.028164033744829453
2154	35-39	-0.0367152439984082
2154	40-44	-0.03581595049477215
2154	45-49	-0.03202572307697693
2154	50-54	-0.038868834713511546
2154	55-59	-0.07130347741365028
2154	60-64	-0.0627976437061406
2154	65-69	-0.09086789363618664
2154	70-74	-0.052305427583718256
2154	75-79	-0.10414804122372345
2154	80-84	-0.09767202077362214
2154	85-89	-0.14024639289166885
2154	90-94	-0.15673614806839709
2154	95-99	-0.19869401182297963
2154	100-104	-0.2050381960705323
2154	105-109	-0.20234360581248723
2154	110-114	-0.22366000048078405
2154	115-119	-0.23462134811817492
2154	120-124	-0.26750575831261614
2154	125-129	-0.22134260067480227
2154	130-134	-0.31809668287954196
2154	135-139	-0.3646024916159476
2154	140-144	-0.406804859912441
2154	145-149	-0.41072821285299455
2154	150	-0.36522274135479904
2155	1	-0.023923433076902256
2155	2	0.02345730292416448
2155	3	0.03680466384033565
2155	4	-0.02262788340760835
2155	5	-0.0047241549119476645
2155	6	0.0196161381898321
2155	7	0.06334903154027671
2155	8	0.034664133073427195
2155	9	-0.04629244077091954
2155	10-14	0.025306279858028802
2155	15-19	-0.0020788262167741323
2155	20-24	-0.008829472545698991
2155	25-29	0.008666443236151622
2155	30-34	0.02638669291935969
2155	35-39	-0.022571121818671713
2155	40-44	-0.022314714439602312
2155	45-49	-0.05310206210685209
2155	50-54	-0.06475318034525657
2155	55-59	-0.033418461318348136
2155	60-64	-0.0470926321403482
2155	65-69	-0.07350650241830436
2155	70-74	-0.10422664632156398
2155	75-79	-0.12157752453055792
2155	80-84	-0.08716032321603961
2155	85-89	-0.11053386161681544
2155	90-94	-0.11072056606478498
2155	95-99	-0.18338237473857077
2155	100-104	-0.14365886965337182
2155	105-109	-0.1582889803608083
2155	110-114	-0.22414955242348356
2155	115-119	-0.19853104707286207
2155	120-124	-0.24024095687320113
2155	125-129	-0.25173850283971433
2155	130-134	-0.34682816819538687
2155	135-139	-0.2584079042050078
2155	140-144	-0.3519539185445453
2155	145-149	-0.3827506405167185
2155	150	-0.4059681928689898
2156	1	-0.0025125049220946494
2156	2	-0.005949883077455809
2156	3	0.008873878848085326
2156	4	0.02833686266268387
2156	5	0.030232211344618065
2156	6	-0.01744051895835952
2156	7	0.061850687635804036
2156	8	-0.06335047970861041
2156	9	-0.023600521983347278
2156	10-14	0.001928734556329914
2156	15-19	0.0181017875319327
2156	20-24	-0.02080157541634975
2156	25-29	-0.013125994767747784
2156	30-34	0.028866121455202176
2156	35-39	0.027738925358555377
2156	40-44	-0.020446603100161553
2156	45-49	-0.011324094552684016
2156	50-54	0.00625109258877643
2156	55-59	-0.015496987230235959
2156	60-64	-0.028179665371972362
2156	65-69	-0.04807166243833905
2156	70-74	-0.042031615497734265
2156	75-79	-0.0230609235443211
2156	80-84	-0.03153647781262947
2156	85-89	-0.03153964683146171
2156	90-94	-0.018405086538400894
2156	95-99	-0.05538243997420267
2156	100-104	-0.0827582620723959
2156	105-109	-0.034275595194792174
2156	110-114	-0.08627783533263766
2156	115-119	-0.11457065103325448
2156	120-124	-0.17067839145224895
2156	125-129	-0.1687209396278604
2156	130-134	-0.20550969672559916
2156	135-139	-0.25422274175345194
2156	140-144	-0.2980935702455625
2156	145-149	-0.24196072594575213
2156	150	-0.2278958168982399
2157	1	0.05983420493227953
2157	2	0.11961307476608596
2157	3	0.07530596944734214
2157	4	0.06835736891194699
2157	5	0.054524651815690106
2157	6	0.017867949806195327
2157	7	0.012882179658241455
2157	8	0.044895969022306303
2157	9	-0.027917908099020394
2157	10-14	0.04389023540812076
2157	15-19	0.04182922843310166
2157	20-24	0.012997014457667433
2157	25-29	0.007157256451598926
2157	30-34	0.025251563797937138
2157	35-39	0.0420488960031733
2157	40-44	0.00701832419360926
2157	45-49	-0.00712314121973634
2157	50-54	0.031456763150053746
2157	55-59	-0.016945100190596918
2157	60-64	-0.010192095678903001
2157	65-69	0.003941024938256987
2157	70-74	-0.03038496565923765
2157	75-79	-0.05014582277795654
2157	80-84	-0.0784858321228512
2157	85-89	4.972347553362511E-4
2157	90-94	-0.07044110793054159
2157	95-99	-0.09062132195846573
2157	100-104	-0.11220387156973999
2157	105-109	-0.09019432756451096
2157	110-114	-0.07433410194947498
2157	115-119	-0.14323700328395716
2157	120-124	-0.14895364187270133
2157	125-129	-0.13674697089741272
2157	130-134	-0.18528276353701756
2157	135-139	-0.18091299950534534
2157	140-144	-0.2213715347284193
2157	145-149	-0.26062897655702955
2157	150	-0.2748001049190876
2158	1	-0.009903980413909608
2158	2	0.043711867594794285
2158	3	-0.011100071167589931
2158	4	0.019805224189973103
2158	5	0.03883803415588716
2158	6	-0.007318385848506637
2158	7	0.029608777342694736
2158	8	-0.021434472593945486
2158	9	0.02305756879796661
2158	10-14	0.0029927889966003818
2158	15-19	0.03721809040720103
2158	20-24	-0.02682213995966265
2158	25-29	0.006181214348082165
2158	30-34	0.044150498008853845
2158	35-39	0.017649181355565702
2158	40-44	0.009006386299141411
2158	45-49	-0.0048232608945895095
2158	50-54	0.005805117247867031
2158	55-59	0.026915766810837738
2158	60-64	-0.01322462039740202
2158	65-69	-0.02152038929052935
2158	70-74	-0.03478470911650078
2158	75-79	0.07076164549010144
2158	80-84	-0.012860065111333085
2158	85-89	-0.05266999345155199
2158	90-94	-0.047647116972044046
2158	95-99	-0.09337090648282498
2158	100-104	-0.06818740308710147
2158	105-109	-0.02666967373154705
2158	110-114	-0.030065231516076096
2158	115-119	-0.05061455018944372
2158	120-124	-0.0714239367291114
2158	125-129	-0.07579862366996792
2158	130-134	-0.10443526917570267
2158	135-139	-0.05252397412186127
2158	140-144	-0.11485384885439487
2158	145-149	-0.21008475590860343
2158	150	-0.21986598492894416
2159	1	0.07424427285244661
2159	2	0.08796931826789489
2159	3	0.13796168614446458
2159	4	0.10820524406499743
2159	5	0.13960833530328642
2159	6	0.10090394460350893
2159	7	0.10578349799421005
2159	8	0.047487641081104925
2159	9	0.11783406240711258
2159	10-14	0.06351787845220258
2159	15-19	0.10897159788061117
2159	20-24	0.05610898420569299
2159	25-29	0.0779394937472162
2159	30-34	0.07468650192433302
2159	35-39	0.07819171666433533
2159	40-44	0.080308308295443
2159	45-49	0.10772521867818341
2159	50-54	0.06613667967188519
2159	55-59	0.061649980390036774
2159	60-64	0.06475424342820446
2159	65-69	0.08475638768170768
2159	70-74	0.05949502414532759
2159	75-79	0.05057511312225671
2159	80-84	0.10309525257337526
2159	85-89	0.06659426585700601
2159	90-94	0.067387103832246
2159	95-99	0.0517275888963411
2159	100-104	0.006980930913130123
2159	105-109	0.017950644926521875
2159	110-114	0.027841126882911738
2159	115-119	-0.006894195597915598
2159	120-124	0.042092014776791586
2159	125-129	0.023134649302186006
2159	130-134	-0.02854100717634367
2159	135-139	-0.014970848642533952
2159	140-144	-0.03985933968944266
2159	145-149	-0.03898725380047807
2159	150	0.021965176754129345
2160	1	0.05564362343305618
2160	2	0.05572234449681446
2160	3	0.14722534387311015
2160	4	0.12399504698719
2160	5	0.05226672030081403
2160	6	0.1217591802826945
2160	7	0.07472810486835613
2160	8	0.05239707075075728
2160	9	0.015374391274320942
2160	10-14	0.07532456935821585
2160	15-19	0.07170329759247807
2160	20-24	0.05988664564146973
2160	25-29	0.054338622978590934
2160	30-34	0.08666486359357606
2160	35-39	0.08048585706904277
2160	40-44	0.07256114300916039
2160	45-49	0.10838712986516441
2160	50-54	0.09244805836961234
2160	55-59	0.14130055657170715
2160	60-64	0.09977979482838606
2160	65-69	0.08819438391299173
2160	70-74	0.06715234089222832
2160	75-79	0.07239816462349324
2160	80-84	0.15151614717072448
2160	85-89	0.0657739648605471
2160	90-94	0.07292859141455921
2160	95-99	0.07172064045531812
2160	100-104	0.11695758338136386
2160	105-109	0.08154949468043782
2160	110-114	0.07921743789589897
2160	115-119	0.07276019164005021
2160	120-124	0.07686713358358332
2160	125-129	0.025415200788977188
2160	130-134	0.03254531709835362
2160	135-139	0.028325407090896704
2160	140-144	0.0184455871594551
2160	145-149	0.04117758400827398
2160	150	-0.015710771823556513
2161	1	0.06034939018680063
2161	2	0.09406830913627573
2161	3	0.09813787385822081
2161	4	0.14282826034447993
2161	5	0.08259200135449873
2161	6	0.023983151710595507
2161	7	0.10537166065935111
2161	8	0.029811846815640308
2161	9	0.13396484004169906
2161	10-14	0.05210909736104696
2161	15-19	0.0686402770584209
2161	20-24	0.05713698687898017
2161	25-29	0.08014600481642731
2161	30-34	0.06825694218393608
2161	35-39	0.07962779692152111
2161	40-44	0.0460017570017186
2161	45-49	0.041425008831055266
2161	50-54	0.08453946516531374
2161	55-59	0.03811182819676873
2161	60-64	0.06516250417946168
2161	65-69	0.05253543772278846
2161	70-74	0.06731970213832739
2161	75-79	0.07667191080258107
2161	80-84	0.07509432420410178
2161	85-89	0.03468364959767456
2161	90-94	0.028084855766294936
2161	95-99	0.05448969475212806
2161	100-104	0.06146648973383151
2161	105-109	0.03782014782718335
2161	110-114	0.02553047071238268
2161	115-119	0.07872837698275248
2161	120-124	0.06174481141692212
2161	125-129	0.07033722347833304
2161	130-134	0.06686932505307652
2161	135-139	0.06343410111779946
2161	140-144	-0.002579770152003391
2161	145-149	0.06022493858983324
2161	150	0.1181226871820158
2162	1	0.06543240630438873
2162	2	0.04203181540813716
2162	3	0.13279451479533577
2162	4	0.09768643177942238
2162	5	0.13718210266835484
2162	6	0.10730797731097397
2162	7	0.01630014288254955
2162	8	0.021758323950912484
2162	9	0.06819633081469334
2162	10-14	0.10308052658778166
2162	15-19	0.0904537026448935
2162	20-24	0.06483010905596842
2162	25-29	0.06291983545424529
2162	30-34	0.07630338026542915
2162	35-39	0.08462455167290273
2162	40-44	0.08320801608213202
2162	45-49	0.10869636676777361
2162	50-54	0.07944051071507374
2162	55-59	0.06803933259353556
2162	60-64	0.07906526878530684
2162	65-69	0.05648690025189751
2162	70-74	0.051158116212036475
2162	75-79	0.06128800860602723
2162	80-84	0.07500747972816413
2162	85-89	0.03508905663814943
2162	90-94	0.0622951845153068
2162	95-99	0.032345412704287924
2162	100-104	-0.015635213884422683
2162	105-109	0.06267901947973797
2162	110-114	0.005229971915454712
2162	115-119	0.038980818791195304
2162	120-124	0.010170106581000482
2162	125-129	-0.0072980546992624795
2162	130-134	-0.03597334946327635
2162	135-139	0.03651419896555552
2162	140-144	-0.06193365444272558
2162	145-149	-0.1048817362332457
2162	150	-0.17753343201766825
2163	1	0.05591091092830425
2163	2	0.06410187074189366
2163	3	0.055029506043617005
2163	4	0.08634941375041194
2163	5	0.1057982441646459
2163	6	0.09794095407882253
2163	7	0.12608687146018127
2163	8	0.05741854232707766
2163	9	0.10456470483779157
2163	10-14	0.07976724572951355
2163	15-19	0.07538165437203759
2163	20-24	0.04077959028336409
2163	25-29	0.07844898682247958
2163	30-34	0.044637350696902445
2163	35-39	0.06943843466077482
2163	40-44	0.05372299094106836
2163	45-49	0.08220783816340571
2163	50-54	0.06001551439420183
2163	55-59	0.05590780845327714
2163	60-64	0.05059170249602829
2163	65-69	0.0831695542090003
2163	70-74	0.011918762185210596
2163	75-79	0.05900557185496069
2163	80-84	0.07741159434776534
2163	85-89	0.044074600412976395
2163	90-94	0.08798198759127729
2163	95-99	0.07478520936614075
2163	100-104	0.01919104002774219
2163	105-109	0.02480442757531165
2163	110-114	0.049948717404838305
2163	115-119	0.0019172860205642905
2163	120-124	4.443046228601588E-4
2163	125-129	0.023321792667054808
2163	130-134	0.005612753558196459
2163	135-139	-0.016492398422307986
2163	140-144	-0.06025268964410202
2163	145-149	-0.05832831373994907
2163	150	-0.09521682920451724
2164	1	0.08298075902803248
2164	2	0.03567203666037955
2164	3	-0.012926679360752757
2164	4	0.09499799962758004
2164	5	0.11174976523738422
2164	6	0.0885986429716823
2164	7	0.04502089476679316
2164	8	0.05239010742930361
2164	9	0.13713743127029687
2164	10-14	0.08534754543762091
2164	15-19	0.080113347519017
2164	20-24	0.07293868576018525
2164	25-29	0.10615159335095825
2164	30-34	0.08624067726008633
2164	35-39	0.05528234079340422
2164	40-44	0.08133366983427237
2164	45-49	0.10239462989062531
2164	50-54	0.09204351340490291
2164	55-59	0.08639906019714516
2164	60-64	0.0636186518524724
2164	65-69	0.10421626622268576
2164	70-74	0.09419756444750504
2164	75-79	0.11136659225171286
2164	80-84	0.0782713796025547
2164	85-89	0.08454122069143466
2164	90-94	0.056569578696368694
2164	95-99	0.06687469697904902
2164	100-104	0.05724895564360111
2164	105-109	0.08958928799753352
2164	110-114	0.06828221868381945
2164	115-119	0.044886390459872416
2164	120-124	0.08924899483235293
2164	125-129	0.0776046899577949
2164	130-134	0.03518337863259546
2164	135-139	0.058435327682140326
2164	140-144	0.04112450081983354
2164	145-149	0.0010602083410162777
2164	150	0.01241643662985581
2165	1	0.04806677346255128
2165	2	0.13500947981368228
2165	3	0.0487272581342566
2165	4	0.09289476129383445
2165	5	0.08881137290001107
2165	6	0.08189647502493358
2165	7	0.0682178819812691
2165	8	0.06878048588517771
2165	9	0.05127729408845738
2165	10-14	0.055939677563124235
2165	15-19	0.027858003821819466
2165	20-24	0.06552706527526908
2165	25-29	0.07005916012836622
2165	30-34	0.07833669021896128
2165	35-39	0.0698708645294559
2165	40-44	0.02692804884601685
2165	45-49	0.05193076846500588
2165	50-54	0.06620883934189692
2165	55-59	0.08643108489235374
2165	60-64	0.05186570332168827
2165	65-69	0.06302283295663358
2165	70-74	0.02534206287133145
2165	75-79	0.10537492745944377
2165	80-84	0.11247524405585807
2165	85-89	0.07735514842527635
2165	90-94	0.061391630559562316
2165	95-99	0.08402114668389515
2165	100-104	0.051181025658586066
2165	105-109	0.009578017749895196
2165	110-114	0.07536439454839439
2165	115-119	0.043778162176231206
2165	120-124	-0.02214693517559141
2165	125-129	0.06927310208018866
2165	130-134	0.017331201301942656
2165	135-139	0.014930051439300485
2165	140-144	0.012631939422057314
2165	145-149	-0.05014558876873565
2165	150	-0.0229140227903315
2166	1	0.1135732728998633
2166	2	0.03129239074035439
2166	3	0.02839753245473986
2166	4	0.08219824841536649
2166	5	0.045614315563547336
2166	6	0.03278166298526486
2166	7	0.06464959543614412
2166	8	0.08171181893900581
2166	9	0.03969170769040886
2166	10-14	0.039023257381622045
2166	15-19	0.06363070724044917
2166	20-24	0.0548299767583913
2166	25-29	0.0511512805020331
2166	30-34	0.034371712059645176
2166	35-39	0.045529131032765235
2166	40-44	0.026069330658437195
2166	45-49	0.034584308017599596
2166	50-54	0.06012890811150129
2166	55-59	0.028154085772122528
2166	60-64	0.03872140324522633
2166	65-69	0.08235198395714605
2166	70-74	0.037101933391078035
2166	75-79	0.04570540146889357
2166	80-84	0.04639732755988035
2166	85-89	0.02361076449748367
2166	90-94	-0.010550487079818538
2166	95-99	0.011843209177115455
2166	100-104	0.032312845894381326
2166	105-109	0.003575145314229644
2166	110-114	0.015792861402658787
2166	115-119	0.01685378859075115
2166	120-124	0.0370015613048551
2166	125-129	0.0023858187960570376
2166	130-134	-0.025966611943694318
2166	135-139	-0.03972205669246165
2166	140-144	-0.07976174735965458
2166	145-149	-0.03520239948251458
2166	150	-0.032926581301573776
2167	1	0.042436342751699385
2167	2	-0.036939298394642606
2167	3	0.07961137151315256
2167	4	-0.06500131683414878
2167	5	0.0429188932504303
2167	6	0.050253816577154
2167	7	0.01584512330590826
2167	8	0.013275393549619707
2167	9	-0.01565962571557833
2167	10-14	0.04012493022067076
2167	15-19	0.027975826205882015
2167	20-24	0.0418723390868081
2167	25-29	0.025067009045926625
2167	30-34	0.0760583341180947
2167	35-39	0.026818222411826298
2167	40-44	0.04066332404195094
2167	45-49	0.05984923169629042
2167	50-54	0.010757800827349229
2167	55-59	0.008643660501363115
2167	60-64	0.024791071780107643
2167	65-69	0.0667710659322509
2167	70-74	2.2228843729976688E-4
2167	75-79	0.046385845047481666
2167	80-84	0.0045429272575461255
2167	85-89	0.016057473496445596
2167	90-94	0.017690131816301857
2167	95-99	0.034743443501838556
2167	100-104	0.02340562972775473
2167	105-109	0.024489246180934288
2167	110-114	0.026754977476031172
2167	115-119	-0.027383070446326485
2167	120-124	-0.011853294164055228
2167	125-129	0.022459743447647895
2167	130-134	0.032080086238288175
2167	135-139	1.0138873484777378E-4
2167	140-144	0.015471863179527645
2167	145-149	-0.07886625592433205
2167	150	-0.05876261844006336
2168	1	0.12172818565640142
2168	2	0.11540243493736568
2168	3	0.010072972814086256
2168	4	0.13683404492807938
2168	5	0.02536188940676709
2168	6	0.07756345077823568
2168	7	0.08400065027358039
2168	8	0.026653957055820854
2168	9	0.056513821998215974
2168	10-14	0.053441593389379705
2168	15-19	0.06518504302729866
2168	20-24	0.07660782118367848
2168	25-29	0.08023154617502115
2168	30-34	0.08957327943515736
2168	35-39	0.06416764134335295
2168	40-44	0.08674056608845149
2168	45-49	0.06360094747982004
2168	50-54	0.02770222590964977
2168	55-59	0.07212825406747925
2168	60-64	0.0541174888717606
2168	65-69	0.04151392819618849
2168	70-74	-0.03399149780670996
2168	75-79	0.04633069486280306
2168	80-84	0.07374451726801112
2168	85-89	0.01774977031781333
2168	90-94	7.598676928779469E-4
2168	95-99	-0.014613712158030978
2168	100-104	-0.02916393801735495
2168	105-109	3.930485563685693E-4
2168	110-114	-0.0013605770973796893
2168	115-119	0.0034904050723483238
2168	120-124	0.029859624613514768
2168	125-129	0.0448599962959193
2168	130-134	-0.03505699107766702
2168	135-139	-0.027425073779106413
2168	140-144	-0.03896574472716452
2168	145-149	-0.07826474549864315
2168	150	-0.10556449178459815
2169	1	0.14432557124820278
2169	2	0.05450836024832739
2169	3	0.07486975752668457
2169	4	0.16284785578015715
2169	5	0.0685633298579802
2169	6	0.07802280772075676
2169	7	0.09690709236829775
2169	8	0.06413738756610599
2169	9	0.08843658552030575
2169	10-14	0.07522553799545051
2169	15-19	0.08865742439512303
2169	20-24	0.07336277398270852
2169	25-29	0.06864121692025549
2169	30-34	0.07222179812661977
2169	35-39	0.10142992772557591
2169	40-44	0.09214703890296505
2169	45-49	0.08134030460664832
2169	50-54	0.07448895449719117
2169	55-59	0.08549829627647654
2169	60-64	0.09022369334886093
2169	65-69	0.154431064619736
2169	70-74	0.08307747658219
2169	75-79	0.07711192998290528
2169	80-84	0.08533344493210393
2169	85-89	0.0696778406845695
2169	90-94	0.09805514329552523
2169	95-99	0.02831451411169894
2169	100-104	0.07900051964001875
2169	105-109	0.06102088821747742
2169	110-114	0.017565101733303834
2169	115-119	0.017198921828466496
2169	120-124	0.04378598311966897
2169	125-129	0.026133496939500844
2169	130-134	-0.026753430346175833
2169	135-139	0.02933314683817656
2169	140-144	-0.005558255087414921
2169	145-149	-0.07639942031425306
2169	150	-0.01269307793672425
2170	1	0.09840542612055714
2170	2	0.06035138781287941
2170	3	0.10380393842477531
2170	4	0.06833141429778777
2170	5	1.4598504797191936E-4
2170	6	0.10954724590916243
2170	7	0.03268180016822697
2170	8	0.017105880072982416
2170	9	0.07785040127761533
2170	10-14	0.06548888568923417
2170	15-19	0.10309284510694283
2170	20-24	0.07447682418567325
2170	25-29	0.10474298390071368
2170	30-34	0.11406599353708202
2170	35-39	0.12063105957783193
2170	40-44	0.08313984231550364
2170	45-49	0.10340709970520123
2170	50-54	0.08490759687048666
2170	55-59	0.09352100421819642
2170	60-64	0.09483150377607075
2170	65-69	0.09176393907298319
2170	70-74	0.10050009753926759
2170	75-79	0.0941637267535711
2170	80-84	0.06699803047244046
2170	85-89	0.06579859003028332
2170	90-94	0.04235863208909052
2170	95-99	0.07502334476799888
2170	100-104	0.06676429534270767
2170	105-109	0.09108713562044102
2170	110-114	0.0691661471852214
2170	115-119	0.04453794909229458
2170	120-124	0.024408486279341446
2170	125-129	0.07036207687121276
2170	130-134	0.053492541841720254
2170	135-139	0.06791775499529962
2170	140-144	0.084132797471689
2170	145-149	0.05110504529398696
2170	150	0.012170392579548661
2171	1	0.09673450865305
2171	2	0.05232052314632796
2171	3	0.04761612415735783
2171	4	0.08772440129638426
2171	5	0.047412503225295666
2171	6	0.07393241494703062
2171	7	0.08159623752978717
2171	8	0.02917803801160801
2171	9	0.059649540481956365
2171	10-14	0.09009764073781668
2171	15-19	0.108161676445782
2171	20-24	0.07420823917105679
2171	25-29	0.06505795169778139
2171	30-34	0.09704513875202281
2171	35-39	0.08774879341822128
2171	40-44	0.061726820027651286
2171	45-49	0.0888346305134462
2171	50-54	0.04222674230085488
2171	55-59	0.05084283763358144
2171	60-64	0.04361867426622723
2171	65-69	0.08742760790857318
2171	70-74	0.03600100451586741
2171	75-79	0.04049019737976067
2171	80-84	0.03996022003322253
2171	85-89	0.05279175080662668
2171	90-94	0.04770661600814208
2171	95-99	0.04138002951015096
2171	100-104	0.06698916421125034
2171	105-109	0.067749884815818
2171	110-114	0.07133162478241672
2171	115-119	0.05340173006634785
2171	120-124	0.06485003585126492
2171	125-129	0.016148320734330923
2171	130-134	0.009102128807114696
2171	135-139	-0.01213950199655045
2171	140-144	0.014094805666260868
2171	145-149	-0.009345622078349436
2171	150	-0.008857510354502551
2172	1	0.10189119207677777
2172	2	0.09007035020479037
2172	3	0.04435068597826586
2172	4	0.11231600921075113
2172	5	0.07800215989022519
2172	6	0.09984198605467753
2172	7	0.11926629287712842
2172	8	0.06939551355221596
2172	9	0.08057479506609866
2172	10-14	0.10757846074649535
2172	15-19	0.092632589785417
2172	20-24	0.09758816874887799
2172	25-29	0.08260589898438297
2172	30-34	0.1001176731099207
2172	35-39	0.09769447002011589
2172	40-44	0.0599458954060168
2172	45-49	0.12637283147288514
2172	50-54	0.07224965930771532
2172	55-59	0.08280760665213904
2172	60-64	0.08228347341511721
2172	65-69	0.13955213278358514
2172	70-74	0.07204662038529364
2172	75-79	0.10241657266330151
2172	80-84	0.09619862310275096
2172	85-89	0.135780983851582
2172	90-94	0.1038937348438651
2172	95-99	0.0817154907262605
2172	100-104	0.10634767964543101
2172	105-109	0.09850376910174674
2172	110-114	0.09879784997947638
2172	115-119	0.1079284359391437
2172	120-124	0.11117210630776242
2172	125-129	0.08499733204780568
2172	130-134	0.08618573892393044
2172	135-139	0.051893214228279305
2172	140-144	0.06941889959499292
2172	145-149	0.03919226794803876
2172	150	0.10981163232413849
2173	1	-4.122221917270963E-4
2173	2	0.041309363359566476
2173	3	0.06811166085720544
2173	4	0.15718690016773706
2173	5	0.13028702641587842
2173	6	0.09685467462539066
2173	7	0.05665768088489642
2173	8	0.1158572982615027
2173	9	0.0890415644513638
2173	10-14	0.08343932252009267
2173	15-19	0.040402289522589285
2173	20-24	0.07582066219255523
2173	25-29	0.0814178861392918
2173	30-34	0.0940348941746123
2173	35-39	0.09688727225140781
2173	40-44	0.0755767077301357
2173	45-49	0.12347828269039951
2173	50-54	0.09811480501160474
2173	55-59	0.07868338320424328
2173	60-64	0.09209671798732444
2173	65-69	0.09772142509267212
2173	70-74	0.06879118757191804
2173	75-79	0.10500208493759544
2173	80-84	0.11267274265936322
2173	85-89	0.10381030412347769
2173	90-94	0.1142243058798087
2173	95-99	0.09449292786376873
2173	100-104	0.08399495470678175
2173	105-109	0.11302865730073108
2173	110-114	0.08199981742830431
2173	115-119	0.1078146700676541
2173	120-124	0.060209035701412006
2173	125-129	0.10882565318271276
2173	130-134	0.08834870729032929
2173	135-139	0.04176941103634846
2173	140-144	0.05744102094940473
2173	145-149	0.04250814486377408
2173	150	0.014845513665491694
2174	1	0.13852755576850484
2174	2	0.09893546552641652
2174	3	0.08628155816678884
2174	4	0.12188995470194186
2174	5	0.09343437467085636
2174	6	0.10533240520285858
2174	7	0.08227650071854953
2174	8	0.12001417780552259
2174	9	0.046580326216734136
2174	10-14	0.08560374618053856
2174	15-19	0.08952067503407335
2174	20-24	0.07976402182320186
2174	25-29	0.08449493370054739
2174	30-34	0.12472712040290901
2174	35-39	0.06127542537079478
2174	40-44	0.06892089316785643
2174	45-49	0.09621632098214405
2174	50-54	0.09310908147848096
2174	55-59	0.08076075204490252
2174	60-64	0.08619084095404617
2174	65-69	0.11943429649760873
2174	70-74	0.07922629508152568
2174	75-79	0.10577053767977418
2174	80-84	0.11204098835480636
2174	85-89	0.12717307616978957
2174	90-94	0.10226828546072397
2174	95-99	0.05841610638802308
2174	100-104	0.040645795387902695
2174	105-109	0.0730491239888238
2174	110-114	0.05167013716081925
2174	115-119	0.0624669624557157
2174	120-124	0.06677275016731699
2174	125-129	0.0881066060736373
2174	130-134	0.10283721857675943
2174	135-139	-0.002360861813166082
2174	140-144	-0.0018949064176538855
2174	145-149	-0.00766784485527694
2174	150	-0.0385232793948731
2175	1	0.11441271344162374
2175	2	0.06299256025330635
2175	3	0.09600196160825192
2175	4	0.08821208058342478
2175	5	0.03918544365919985
2175	6	0.09577249161110046
2175	7	0.0979797065568917
2175	8	0.024631074672889497
2175	9	0.08527036557791234
2175	10-14	0.05598979272332372
2175	15-19	0.06107835594600175
2175	20-24	0.050382033203405285
2175	25-29	0.053994222665707525
2175	30-34	0.08646921482225167
2175	35-39	0.07528094677704189
2175	40-44	0.06795966907951367
2175	45-49	0.08016841763659954
2175	50-54	0.05584646631977108
2175	55-59	0.03773012973869072
2175	60-64	0.05110488521665246
2175	65-69	0.06661427083336946
2175	70-74	0.03166471398367321
2175	75-79	0.06691805959395936
2175	80-84	0.10552715651957101
2175	85-89	0.05608150036433557
2175	90-94	0.06132056220339166
2175	95-99	0.07770860388951206
2175	100-104	0.019197890946102802
2175	105-109	0.047290746719518495
2175	110-114	0.05447166434792905
2175	115-119	0.013829202882327252
2175	120-124	0.04374371375806163
2175	125-129	0.015440280866094724
2175	130-134	0.02439203098840892
2175	135-139	0.00932004158780586
2175	140-144	0.01532592729886062
2175	145-149	-0.028674377849426946
2175	150	-0.007890668505417864
2176	1	0.12218958048008943
2176	2	0.07408511006578067
2176	3	0.03891596519603269
2176	4	0.12509290370869763
2176	5	0.16064905534140905
2176	6	0.06939094649773381
2176	7	0.04121655513474565
2176	8	0.08002919589549862
2176	9	0.05955902783458811
2176	10-14	0.06753189339681853
2176	15-19	0.08156137990910395
2176	20-24	0.08575041777415748
2176	25-29	0.10581546264937458
2176	30-34	0.08591298389432467
2176	35-39	0.07551733364341118
2176	40-44	0.10901856926470543
2176	45-49	0.1435215100247902
2176	50-54	0.08344383860475801
2176	55-59	0.11409657213989277
2176	60-64	0.1085456384536343
2176	65-69	0.10926933155607799
2176	70-74	0.09136815751972449
2176	75-79	0.1103837731029671
2176	80-84	0.12111448922761525
2176	85-89	0.12774583101410286
2176	90-94	0.09888389062147951
2176	95-99	0.11508925813900106
2176	100-104	0.08677736945926284
2176	105-109	0.10520163561808715
2176	110-114	0.11588039042042908
2176	115-119	0.06219626625997421
2176	120-124	0.1331729822650658
2176	125-129	0.14789465596489748
2176	130-134	0.09585692738184548
2176	135-139	0.03446123233270271
2176	140-144	0.06605004350579691
2176	145-149	0.02602645899774103
2176	150	-0.024355125547224077
2177	1	0.06970538582066865
2177	2	0.08985811110103725
2177	3	0.14398225246417695
2177	4	0.09261775044271303
2177	5	0.027703493635797827
2177	6	0.0660851320630016
2177	7	8.963760811511179E-4
2177	8	0.06910702847788741
2177	9	0.04913714629462618
2177	10-14	0.07393975384007945
2177	15-19	0.05678934925551715
2177	20-24	0.0284452669351154
2177	25-29	0.0525146310443958
2177	30-34	0.062081985065582046
2177	35-39	0.055988314619945356
2177	40-44	0.06833139991454118
2177	45-49	0.01791027313792881
2177	50-54	0.03339335570016999
2177	55-59	0.03330908377137831
2177	60-64	0.046887126041305294
2177	65-69	0.031079021069118085
2177	70-74	-0.003723491374849175
2177	75-79	0.045111018864332664
2177	80-84	0.03860594123201366
2177	85-89	-0.005983744757543263
2177	90-94	0.009934224236594957
2177	95-99	0.055425294315519125
2177	100-104	0.028471011798387735
2177	105-109	-0.015696147198539734
2177	110-114	0.007878825616472795
2177	115-119	-0.034978156620873335
2177	120-124	-0.029507332665403396
2177	125-129	-0.003138528899647497
2177	130-134	-0.08288897839303644
2177	135-139	-0.06149962724645519
2177	140-144	-0.05952659691014617
2177	145-149	-0.05360634162224187
2177	150	-0.07055655810100347
2178	1	0.07124252622806182
2178	2	0.03068785632823534
2178	3	0.00847286876503972
2178	4	0.02573281640277969
2178	5	0.1039276689347659
2178	6	0.06103623549780224
2178	7	0.017720609804875664
2178	8	-0.001877975425834677
2178	9	1.5421278093441515E-4
2178	10-14	0.04929012970390545
2178	15-19	0.04097038782002471
2178	20-24	0.04334498146898369
2178	25-29	0.04708929992871447
2178	30-34	0.06707642501361732
2178	35-39	0.053273694385040926
2178	40-44	0.02803382654079911
2178	45-49	0.04232554178184955
2178	50-54	0.013665422252849169
2178	55-59	0.06020695885125349
2178	60-64	0.025121243347115296
2178	65-69	0.048365068069841755
2178	70-74	-0.0031208335725239067
2178	75-79	0.0437750387316882
2178	80-84	0.04313065121599635
2178	85-89	-0.020430689457668905
2178	90-94	0.0018891653540293873
2178	95-99	-0.03831162153426959
2178	100-104	0.02685199050764453
2178	105-109	0.03405705645103296
2178	110-114	-0.02774115165341584
2178	115-119	-0.045905869380732156
2178	120-124	-0.007318857607948814
2178	125-129	-0.062167610918145044
2178	130-134	-0.05722488175929641
2178	135-139	-0.08282160718833609
2178	140-144	-0.1351383067288836
2178	145-149	-0.17983261611699675
2178	150	-0.07397641014419776
2179	1	0.028427397244222163
2179	2	0.03937681154169326
2179	3	0.10222934122870697
2179	4	0.07562896608686742
2179	5	0.0772855539954449
2179	6	0.055963860263631204
2179	7	0.07409736827871427
2179	8	0.07471730505729113
2179	9	0.0866545444037925
2179	10-14	0.08465293674594676
2179	15-19	0.04508175492070876
2179	20-24	0.07165824289251077
2179	25-29	0.02740044362032279
2179	30-34	0.05462782655653342
2179	35-39	0.08661034394695122
2179	40-44	0.05648677682063408
2179	45-49	0.06384129095861368
2179	50-54	0.047175853828008485
2179	55-59	0.07311820028431981
2179	60-64	0.08636843618871382
2179	65-69	0.09185496229960677
2179	70-74	0.08891294541538741
2179	75-79	0.0912530759898047
2179	80-84	0.09220100180534985
2179	85-89	0.05537276872875907
2179	90-94	0.06138876391582926
2179	95-99	0.08101518406493113
2179	100-104	0.07680614510206851
2179	105-109	0.08833446769828868
2179	110-114	0.11089663473491385
2179	115-119	0.0304910773618019
2179	120-124	0.1158240543898188
2179	125-129	0.05590403125497545
2179	130-134	0.018506143013510723
2179	135-139	0.02818350096725908
2179	140-144	-0.002805892630846074
2179	145-149	-0.055332493940163374
2179	150	-0.02280031258889892
2180	1	0.10715712228542174
2180	2	0.06879935469374487
2180	3	0.1378127974405743
2180	4	0.08074432734976966
2180	5	0.05421185578514098
2180	6	0.07918284427496047
2180	7	0.022664026271598914
2180	8	0.06795392575292425
2180	9	0.0519919544133316
2180	10-14	0.05602238191320197
2180	15-19	0.0799068337075326
2180	20-24	0.07266873816530506
2180	25-29	0.07929855562772303
2180	30-34	0.06773434056469085
2180	35-39	0.0630484565325986
2180	40-44	0.05838214213130044
2180	45-49	0.06850445920100157
2180	50-54	0.005532461802097544
2180	55-59	0.051058033169510963
2180	60-64	0.05988464169945473
2180	65-69	0.06951954725926868
2180	70-74	0.041558592623879065
2180	75-79	0.08115188189954381
2180	80-84	0.10257469712441036
2180	85-89	0.051769825426362104
2180	90-94	0.06011935633494403
2180	95-99	0.03158808717881101
2180	100-104	0.09855969412338084
2180	105-109	0.12377943256947788
2180	110-114	0.09970717048534539
2180	115-119	0.0570452740252918
2180	120-124	0.049493496665817815
2180	125-129	0.0807698768038847
2180	130-134	0.0651317537921301
2180	135-139	0.001100782026618674
2180	140-144	0.03128957676516819
2180	145-149	0.017634372223426453
2180	150	-0.11831235468564216
2181	1	0.08615343379727136
2181	2	0.015519670330789381
2181	3	0.05633310792840973
2181	4	0.0480614950688647
2181	5	0.007464093871149657
2181	6	0.019679510159534175
2181	7	0.028678598544452427
2181	8	0.03898071283345672
2181	9	0.08569059040623728
2181	10-14	0.023827189820835315
2181	15-19	0.033605382260965655
2181	20-24	0.06642811544086413
2181	25-29	0.03016581425957554
2181	30-34	0.06715646284684595
2181	35-39	0.0019998435897150557
2181	40-44	0.029568855995847798
2181	45-49	0.03309313666450464
2181	50-54	-0.010634036543599734
2181	55-59	0.01580693859742155
2181	60-64	0.02360740612733281
2181	65-69	0.00506833435242271
2181	70-74	-0.030747375556899215
2181	75-79	0.03389007307816172
2181	80-84	0.011424115190465045
2181	85-89	0.032786590972492036
2181	90-94	0.022528799408696898
2181	95-99	-0.004185788531806622
2181	100-104	0.03487716156553233
2181	105-109	0.0327536753315556
2181	110-114	-0.017416916318730102
2181	115-119	-0.04549369604466591
2181	120-124	0.024809626769915383
2181	125-129	0.009168952471569014
2181	130-134	-0.028484261620533857
2181	135-139	-0.07675192813535858
2181	140-144	-0.06337623688092009
2181	145-149	-0.08659583257437475
2181	150	-0.07549319941889365
2182	1	0.00871691861352275
2182	2	0.039071391600096206
2182	3	0.016558927384927813
2182	4	0.11233273904024799
2182	5	-0.0030484987651107076
2182	6	0.010704674101255307
2182	7	0.006016565444092237
2182	8	0.05946477455857746
2182	9	0.055419764906311286
2182	10-14	0.042438582056774976
2182	15-19	0.027942016761443256
2182	20-24	0.034789597993331256
2182	25-29	0.045468916164750794
2182	30-34	0.050625599025174495
2182	35-39	0.06038023880284982
2182	40-44	0.03403381851278198
2182	45-49	0.015458597992449086
2182	50-54	-0.016539545377163734
2182	55-59	0.0161851724190214
2182	60-64	-0.01411017527826175
2182	65-69	0.04053177404434649
2182	70-74	0.02117992986114814
2182	75-79	-0.02191548157782819
2182	80-84	0.009192584122061476
2182	85-89	0.006108065675228147
2182	90-94	0.009256854817571991
2182	95-99	-0.03677269262448135
2182	100-104	0.011413711014306216
2182	105-109	0.015873160956829224
2182	110-114	0.0018644374810534714
2182	115-119	-0.013122640230314175
2182	120-124	0.02587593394154908
2182	125-129	0.018005778270506312
2182	130-134	-0.060653935315563956
2182	135-139	-0.06276906684934147
2182	140-144	-0.0999517286091276
2182	145-149	-0.09671719899423437
2182	150	-0.12892015685406477
2183	1	0.06016564810012426
2183	2	-0.038381514010751516
2183	3	0.07173084553413389
2183	4	0.03263954809744973
2183	5	0.044642126253982894
2183	6	0.016392846673007
2183	7	0.01263611711158319
2183	8	0.03168120172706779
2183	9	0.06719453817908061
2183	10-14	0.037989901161338935
2183	15-19	-0.009380844934042898
2183	20-24	0.009501380147419525
2183	25-29	0.04336890507897806
2183	30-34	0.02938195042830216
2183	35-39	0.024579531622023865
2183	40-44	0.013243183086842691
2183	45-49	0.015141737062975835
2183	50-54	-0.024997608149377015
2183	55-59	-0.031051838101404883
2183	60-64	0.03793447000965244
2183	65-69	0.012289135969069775
2183	70-74	-0.013776648940869052
2183	75-79	-0.01119427332028522
2183	80-84	0.03784422205641391
2183	85-89	-0.01219388756339157
2183	90-94	-0.00901739854915462
2183	95-99	0.01031957248696358
2183	100-104	0.04154418846756158
2183	105-109	0.011392357520882967
2183	110-114	-0.0416015497240565
2183	115-119	-0.0019780584406703383
2183	120-124	0.03707366534531076
2183	125-129	-0.03297500183975188
2183	130-134	-0.09997087742429045
2183	135-139	-0.03708364292733535
2183	140-144	-0.11317211319313714
2183	145-149	-0.09608724028313986
2183	150	-0.08467135730307973
2184	1	0.06149204349931381
2184	2	0.01619113364347413
2184	3	0.08394675829828202
2184	4	0.07473790465044772
2184	5	0.11473856377094904
2184	6	-0.00748091457708
2184	7	0.06873702505077972
2184	8	0.06442752640357696
2184	9	0.030855081489811198
2184	10-14	0.055242281082243494
2184	15-19	0.03533017641413494
2184	20-24	0.03286570677462919
2184	25-29	0.07806087117614169
2184	30-34	0.10017816684548109
2184	35-39	0.030403225828358416
2184	40-44	0.06263959085556792
2184	45-49	0.06497771003937203
2184	50-54	0.047939146034686075
2184	55-59	0.043073587184110806
2184	60-64	0.03973201422657979
2184	65-69	0.06201565590124858
2184	70-74	0.04529540406302601
2184	75-79	0.051432315963147346
2184	80-84	0.05478615087746164
2184	85-89	0.047517837660564055
2184	90-94	0.062149472500564684
2184	95-99	-1.7058315553697412E-4
2184	100-104	0.028563353791490442
2184	105-109	0.015664222379065507
2184	110-114	0.02784444557153165
2184	115-119	0.03243002320562738
2184	120-124	0.04366824757942567
2184	125-129	-0.032593693428886183
2184	130-134	-0.001424435352824105
2184	135-139	-0.0072553978143048425
2184	140-144	-0.10442091567213652
2184	145-149	-0.06971328908102947
2184	150	-0.12395895658116274
2185	1	0.10538217780712955
2185	2	0.013896982109272926
2185	3	0.012952235226549647
2185	4	0.15879579709348945
2185	5	-0.014135611837986062
2185	6	0.02827358630603527
2185	7	0.07589602588073063
2185	8	0.07163420093495176
2185	9	0.04300974360111809
2185	10-14	0.03838798036810687
2185	15-19	0.0505174576326084
2185	20-24	0.059931462398807867
2185	25-29	0.03021371306289211
2185	30-34	0.02156288632438219
2185	35-39	0.0378620089702153
2185	40-44	0.03516251389977043
2185	45-49	0.011017901634360783
2185	50-54	0.018300919419822037
2185	55-59	0.02244149446438115
2185	60-64	0.01398017294492604
2185	65-69	0.019890407833877077
2185	70-74	0.0031985567312062813
2185	75-79	0.045928057681763335
2185	80-84	0.009842146764732718
2185	85-89	-0.02883747685856264
2185	90-94	-0.014087994954202543
2185	95-99	-0.019470137781908647
2185	100-104	-0.0044960616664226905
2185	105-109	-0.005167789813775414
2185	110-114	-0.025065388318814996
2185	115-119	0.0024712297078295364
2185	120-124	0.012544607264040053
2185	125-129	-0.02596145793030047
2185	130-134	-0.03832895769516398
2185	135-139	-0.06223052040270005
2185	140-144	-0.093669052225124
2185	145-149	-0.12985902186930076
2185	150	-0.10747935953246213
2186	1	0.03063564104635219
2186	2	0.01646288857318723
2186	3	0.04410087069121005
2186	4	-0.016319579464301626
2186	5	-0.05690766396778457
2186	6	-0.06780657788090139
2186	7	0.03917269001342305
2186	8	-0.029836078644564168
2186	9	-0.09940689133013336
2186	10-14	-0.03261749754777554
2186	15-19	-0.04497165573678075
2186	20-24	-0.035332584491321484
2186	25-29	-0.02941863788579724
2186	30-34	-0.009560962981595367
2186	35-39	-0.033936431774499454
2186	40-44	-0.015482640090560551
2186	45-49	-0.024306356584965272
2186	50-54	-0.04787709473295365
2186	55-59	-0.020580458865573803
2186	60-64	-0.06919894133644533
2186	65-69	-0.055005438338085355
2186	70-74	-0.0933127040227788
2186	75-79	-0.04934387571340437
2186	80-84	-0.06546221454054546
2186	85-89	-0.06839189320911743
2186	90-94	-0.08722275152975101
2186	95-99	-0.1156499807880138
2186	100-104	-0.09083423597353857
2186	105-109	-0.10875328443313492
2186	110-114	-0.1163070651179936
2186	115-119	-0.12917243934683142
2186	120-124	-0.10755629726563853
2186	125-129	-0.139323936367461
2186	130-134	-0.13556223186999716
2186	135-139	-0.16307956288678582
2186	140-144	-0.2581214660541349
2186	145-149	-0.20798296412338146
2186	150	-0.4569390416694077
2187	1	0.030590019970418325
2187	2	-0.02610766297829059
2187	3	-0.03769830523470574
2187	4	0.08364935126275697
2187	5	-0.06884913951083149
2187	6	0.0015822473710187523
2187	7	0.03264784931312903
2187	8	-0.01717434752961111
2187	9	0.002454507244827653
2187	10-14	-0.0044319753595587486
2187	15-19	-0.02201817172904441
2187	20-24	-0.03421060918577723
2187	25-29	-0.008326894733343693
2187	30-34	-0.003247348351877122
2187	35-39	-0.05348246637395704
2187	40-44	-0.03063885144649703
2187	45-49	-0.06303705600935672
2187	50-54	-0.020346785077812513
2187	55-59	-0.02851117194205699
2187	60-64	-0.009311553515154003
2187	65-69	-0.029730012705194042
2187	70-74	-0.039209472084934305
2187	75-79	-0.028995056868971858
2187	80-84	-0.040480201370968416
2187	85-89	-0.059138726358327176
2187	90-94	-0.07782215965862349
2187	95-99	-0.0739646688087916
2187	100-104	-0.06920863332792493
2187	105-109	-0.05206554275266484
2187	110-114	-0.10171792422494264
2187	115-119	-0.09453407267719882
2187	120-124	-0.08727480006896116
2187	125-129	-0.06902790203693598
2187	130-134	-0.10489723109790106
2187	135-139	-0.10320500568748514
2187	140-144	-0.13409474745734684
2187	145-149	-0.08899413253438837
2187	150	-0.17284100359081833
2188	1	0.007291550205849262
2188	2	-0.06641672921300312
2188	3	-0.06547554646650156
2188	4	-0.03722979205912935
2188	5	-0.06555081295277887
2188	6	0.033190287496594806
2188	7	0.03667795624385661
2188	8	0.01860090377137169
2188	9	2.4317227196490876E-4
2188	10-14	9.380229099065218E-4
2188	15-19	-0.009172931147141128
2188	20-24	-0.014378544169225904
2188	25-29	5.672042699487179E-4
2188	30-34	0.014658899066809283
2188	35-39	-0.0025729635168474374
2188	40-44	-0.014772701409228262
2188	45-49	-0.025396468487649315
2188	50-54	-0.01238554611115461
2188	55-59	-0.05168061804952373
2188	60-64	-0.015841219446102173
2188	65-69	9.912395280053943E-4
2188	70-74	-0.030019727905653326
2188	75-79	-0.07598157717431775
2188	80-84	-0.0328381997464362
2188	85-89	-0.01677702848120788
2188	90-94	-0.07513282988013259
2188	95-99	-0.09639637990839134
2188	100-104	-0.0868924234502586
2188	105-109	-0.07588438857754198
2188	110-114	-0.06409686396967373
2188	115-119	-0.10079154780508759
2188	120-124	-0.10712440419275282
2188	125-129	-0.06712769429153553
2188	130-134	-0.13285254052745188
2188	135-139	-0.19138237527366186
2188	140-144	-0.2113383438808185
2188	145-149	-0.23101050832245562
2188	150	-0.2602204028512958
2201	1	-0.6070554069885787
2201	2	-0.6375437216288375
2201	3	-1.2754577093750115
2201	4	-0.20582453411663693
2201	5	-1.209633622507063
2201	6	-0.43125971862662027
2201	7	-0.4158395466581979
2201	8	-0.1886653770753952
2201	9	-1.1290073400080942
2201	10-14	-0.7047967647870905
2201	15-19	-0.2915504862948666
2201	20-24	-1.2386856724514033
2201	25-29	-0.6809254280388828
2201	30-34	-0.6655329386042226
2201	35-39	-0.6105487932121889
2201	40-44	-0.6499726588054671
2201	45-49	-0.9913264271257773
2201	50-54	-0.7543658297970168
2201	55-59	-0.9715177039349143
2201	60-64	-0.9218175290805846
2201	65-69	-0.7674826445380063
2201	70-74	-0.4714969379111622
2201	75-79	-0.6886763772729765
2201	80-84	-1.155500124229107
2201	85-89	-0.7759111479718257
2201	90-94	-0.9803888103617453
2201	95-99	-0.5056525001027552
2201	100-104	-0.7078462087169513
2201	105-109	-0.7730300011661768
2201	110-114	-1.3847859388643258
2201	115-119	-1.1824598451724526
2201	120-124	-1.040741370925602
2201	125-129	-0.7925393617717518
2201	130-134	-0.8502294423887378
2201	135-139	-1.524358894908481
2201	140-144	-1.1679893819809948
2201	145-149	-0.9542330840907454
2201	150	-1.2169098296150835
2202	1	-0.4143760694330325
2202	2	-0.47373263773597074
2202	3	-0.9321501968124934
2202	4	-0.25642488791014273
2202	5	-0.8613565978692037
2202	6	-0.8553797530434011
2202	7	-0.8440613070215406
2202	8	-0.6821627516171915
2202	9	-0.694216163629946
2202	10-14	-0.8735278080555915
2202	15-19	-0.34431735876812297
2202	20-24	-0.7342280903481253
2202	25-29	-0.6633707088931757
2202	30-34	-0.6156769311865489
2202	35-39	-0.5021330848590466
2202	40-44	-0.6933054388248792
2202	45-49	-1.206828981864568
2202	50-54	-1.1756018136022632
2202	55-59	-0.829732230291647
2202	60-64	-0.5661312217340182
2202	65-69	-0.6991927872733541
2202	70-74	-0.6554395795562513
2202	75-79	-0.5583709479864964
2202	80-84	-0.7910735604460868
2202	85-89	-0.44436383177354344
2202	90-94	-0.9199304405227906
2202	95-99	-0.590103805858142
2202	100-104	-0.7633986157307433
2202	105-109	-0.7745191850248645
2202	110-114	-0.8880925379677649
2202	115-119	-1.010683152522951
2202	120-124	-0.8023564697166918
2202	125-129	-1.2159132818273903
2202	130-134	-0.7064496076364293
2202	135-139	-1.1818639925994816
2202	140-144	-1.0795938974155135
2202	145-149	-1.0783682200488158
2202	150	-1.3007662328650298
2203	1	-0.43143942621320264
2203	2	-0.12496213375362686
2203	3	-1.18462397655302
2203	4	-0.26028328844954984
2203	5	-0.4302381717609407
2203	6	-1.8508334335023449
2203	7	-0.849991524434337
2203	8	-0.7745976914053614
2203	9	-0.27981661183246587
2203	10-14	-1.004626367510987
2203	15-19	-0.32943015416614685
2203	20-24	-0.7894582220494613
2203	25-29	-0.5345073047751185
2203	30-34	-1.0914370121593109
2203	35-39	-0.6672055033923883
2203	40-44	-0.5947912909563087
2203	45-49	-0.7970275911742633
2203	50-54	-0.9438376136060427
2203	55-59	-0.8789139290744288
2203	60-64	-0.7982352528556902
2203	65-69	-0.8000480377577617
2203	70-74	-0.5942777784352913
2203	75-79	-0.834007891396439
2203	80-84	-0.4006951976121016
2203	85-89	-0.6400485905069146
2203	90-94	-0.8299656596869198
2203	95-99	-0.787917969532657
2203	100-104	-1.1742685727064242
2203	105-109	-0.9690575474454022
2203	110-114	-1.092881576448221
2203	115-119	-1.1585355451994985
2203	120-124	-0.894982557591284
2203	125-129	-1.2655273217982952
2203	130-134	-0.6458940685902661
2203	135-139	-1.4433253870293328
2203	140-144	-1.181013634015315
2203	145-149	-1.2310745731386135
2203	150	-0.8676069373172268
2204	1	-0.8365530186304397
2204	2	-0.38516598553221115
2204	3	-0.3528342111780276
2204	4	-0.4445959633526826
2204	5	-0.4474547643425879
2204	6	-1.0293946060305572
2204	7	-0.7034831282364635
2204	8	-0.4612066048557324
2204	9	-0.18737488938458569
2204	10-14	-0.9826750781533633
2204	15-19	-0.6136995172794357
2204	20-24	-0.6045395567734033
2204	25-29	-0.6933867614177913
2204	30-34	-1.0539520363545876
2204	35-39	-0.7310893853313161
2204	40-44	-0.6027902425522882
2204	45-49	-1.092688766833767
2204	50-54	-0.8353186261366687
2204	55-59	-0.9432041121784778
2204	60-64	-0.7363267810606757
2204	65-69	-0.7190582915452168
2204	70-74	-0.5159778058854201
2204	75-79	-0.6181747603483387
2204	80-84	-0.5271482100296012
2204	85-89	-0.9447112318088458
2204	90-94	-1.2167377840940787
2204	95-99	-1.003413420278143
2204	100-104	-0.8711947381035827
2204	105-109	-0.6935533843839607
2204	110-114	-1.0977090523414788
2204	115-119	-0.9702402553187213
2204	120-124	-0.6722022689786513
2204	125-129	-0.8888895674240587
2204	130-134	-0.5848769186380736
2204	135-139	-1.1291551700002387
2204	140-144	-1.2501138434017278
2204	145-149	-1.1046824737800307
2204	150	-0.9593223063296605
2205	1	-0.22179429034679998
2205	2	-0.20788942557646095
2205	3	-0.7831151579078934
2205	4	-0.8437315965663785
2205	5	-1.754828881661382
2205	6	-0.5375761664064811
2205	7	-0.11606034792429654
2205	8	-0.6233363608535214
2205	9	-0.36686526460382396
2205	10-14	-0.7434166451970441
2205	15-19	-0.5260783640500932
2205	20-24	-0.6466871657316347
2205	25-29	-0.8612836876654342
2205	30-34	-0.6277784747173598
2205	35-39	-0.6802029775876264
2205	40-44	-0.3971126123478541
2205	45-49	-0.5818424224544927
2205	50-54	-0.6621708514304316
2205	55-59	-0.36834057473426896
2205	60-64	-0.6871317082231698
2205	65-69	-0.560358134321163
2205	70-74	-0.577436476015329
2205	75-79	-1.1116314129457834
2205	80-84	-0.6972188004425561
2205	85-89	-1.0174263328450195
2205	90-94	-1.0754190269511952
2205	95-99	-0.8065591573247417
2205	100-104	-0.9199786320427492
2205	105-109	-0.5584856749929301
2205	110-114	-0.7890107573095264
2205	115-119	-0.676601512158193
2205	120-124	-0.8188361782669205
2205	125-129	-0.7063144731296092
2205	130-134	-0.6231225771285551
2205	135-139	-0.918110091447133
2205	140-144	-1.0706193739402607
2205	145-149	-0.9737790216027165
2205	150	-1.03903359000104
2206	1	-0.2756135461141156
2206	2	-0.29915361760603787
2206	3	-0.16080678920104674
2206	4	-0.5384004773536191
2206	5	-0.4881036482509913
2206	6	-0.3264642348266946
2206	7	-0.25909404146518256
2206	8	-0.34586982963777757
2206	9	-0.5622287770645471
2206	10-14	-0.514314108992096
2206	15-19	-0.35337162781968345
2206	20-24	-0.799681588807104
2206	25-29	-0.6686444364823814
2206	30-34	-0.8913127937088774
2206	35-39	-0.6692912131054172
2206	40-44	-0.7870478659213376
2206	45-49	-0.43044321944304187
2206	50-54	-0.8200644701167761
2206	55-59	-0.4663718179086729
2206	60-64	-0.9073595755424222
2206	65-69	-0.5931001332592345
2206	70-74	-0.7485577723863628
2206	75-79	-0.7486132450708567
2206	80-84	-0.6455594652495193
2206	85-89	-0.5414366125269794
2206	90-94	-1.129542090546316
2206	95-99	-0.7671639043384175
2206	100-104	-0.9917345214063928
2206	105-109	-0.675536897506241
2206	110-114	-0.8577787450970291
2206	115-119	-0.5984477661967205
2206	120-124	-1.0307045219933642
2206	125-129	-0.738869012694181
2206	130-134	-0.5495776299330686
2206	135-139	-0.8088231738527938
2206	140-144	-0.8290416470315378
2206	145-149	-0.7402675102773415
2206	150	-0.6590142536533392
2207	1	-0.14661621466392916
2207	2	-0.30760862809641765
2207	3	-0.3232081814544969
2207	4	-0.34876227182962793
2207	5	-0.4168061854078573
2207	6	-0.05921824702367218
2207	7	-0.6647691131125342
2207	8	-0.23174402471490652
2207	9	-0.6662889586249818
2207	10-14	-0.3357312791520499
2207	15-19	-0.2750346537840258
2207	20-24	-0.5954230677505876
2207	25-29	-0.6659467653178126
2207	30-34	-0.27592243541568706
2207	35-39	-0.8553245509934655
2207	40-44	-0.2845027523111199
2207	45-49	-0.3615952692548987
2207	50-54	-0.27701249347116175
2207	55-59	-0.3402129775179219
2207	60-64	-0.7486998791083437
2207	65-69	-0.5419971121233615
2207	70-74	-0.648353029075146
2207	75-79	-0.7212792218865474
2207	80-84	-0.7109415319362284
2207	85-89	-0.6477294415428005
2207	90-94	-0.5884181105239819
2207	95-99	-0.6377814581189156
2207	100-104	-0.7498664367429413
2207	105-109	-0.4968858777080314
2207	110-114	-0.5990502690201183
2207	115-119	-0.503595609075596
2207	120-124	-0.629863028665298
2207	125-129	-0.47131023054080146
2207	130-134	-0.559106410799572
2207	135-139	-0.38623896708576666
2207	140-144	-0.5900961995584169
2207	145-149	-0.9087798498554349
2207	150	-0.43340016180197694
2208	1	-0.13601756068059245
2208	2	-0.23881046683111862
2208	3	-0.1508989120721651
2208	4	-0.28525485444872345
2208	5	-0.3830845344641318
2208	6	-0.2537399622453336
2208	7	-0.9750262415486972
2208	8	-0.16402675216254892
2208	9	-0.16566502765562774
2208	10-14	-0.39272425586557347
2208	15-19	-0.24505717675821614
2208	20-24	-0.4169128318521018
2208	25-29	-0.5921478950189751
2208	30-34	-0.4244344676737555
2208	35-39	-0.6550356022765484
2208	40-44	-0.6942205675595758
2208	45-49	-0.5757668429731808
2208	50-54	-0.360592641030145
2208	55-59	-0.6349356990453359
2208	60-64	-0.8046818929421349
2208	65-69	-0.2633822656313143
2208	70-74	-0.5168829894309965
2208	75-79	-0.4705355472988373
2208	80-84	-0.4562520227953897
2208	85-89	-0.26294272367878335
2208	90-94	-0.4166991258006618
2208	95-99	-0.34633220654865227
2208	100-104	-0.8047764416710734
2208	105-109	-0.7017875896061199
2208	110-114	-0.7190075961419709
2208	115-119	-0.3529352462597046
2208	120-124	-0.3390309025080285
2208	125-129	-0.3406813142166314
2208	130-134	-0.3691936864304495
2208	135-139	-0.4530857218248272
2208	140-144	-0.47115029096273275
2208	145-149	-0.4445603100779394
2208	150	-0.39915298097522367
2209	1	-0.5591506874769507
2209	2	-0.22584101635418818
2209	3	-0.04819380502102888
2209	4	-0.3015142421910184
2209	5	-0.419979332559393
2209	6	-0.05089550530675524
2209	7	-0.5954915553811091
2209	8	-0.4465052528842719
2209	9	-0.8419484434983247
2209	10-14	-0.6474259852752482
2209	15-19	-0.42717270035468147
2209	20-24	-0.4207845948950961
2209	25-29	-0.5664378275849486
2209	30-34	-0.692567897817888
2209	35-39	-0.5740547999927159
2209	40-44	-0.8355002220483101
2209	45-49	-0.7597624363253814
2209	50-54	-0.7755318825044242
2209	55-59	-0.5614854510631488
2209	60-64	-0.23896720321674536
2209	65-69	-0.1657136503402299
2209	70-74	-0.38682763545899945
2209	75-79	-0.3444202611003817
2209	80-84	-0.32455017421149535
2209	85-89	-0.25069825589465466
2209	90-94	-0.23844295676568095
2209	95-99	-0.3619340503750834
2209	100-104	-0.3403754510835171
2209	105-109	-0.4153004734908734
2209	110-114	-0.3074633363292776
2209	115-119	-0.3392560940029412
2209	120-124	-0.26170882812039764
2209	125-129	-0.30817182133226595
2209	130-134	-0.5274198628455835
2209	135-139	-0.44846605999978095
2209	140-144	-0.4086235091034638
2209	145-149	-0.6522761890110829
2209	150	-0.5119378935712007
2210	1	-0.2996940386162734
2210	2	-0.09867844387579794
2210	3	0.05179764264735809
2210	4	-0.11046113535979885
2210	5	-0.41443563775275294
2210	6	-0.5706758940233456
2210	7	-0.31272807142354964
2210	8	-0.1167662773906386
2210	9	-0.7325227771641281
2210	10-14	-0.29645867459527153
2210	15-19	-0.29223010853648645
2210	20-24	-0.4710832181795723
2210	25-29	-0.580279088964673
2210	30-34	-0.514907259583083
2210	35-39	-0.2811245140877432
2210	40-44	-0.35422885236879154
2210	45-49	-0.7985575124909801
2210	50-54	-0.4555514007090835
2210	55-59	-0.27264855242192
2210	60-64	-0.22033474727567892
2210	65-69	-0.05585348358550135
2210	70-74	-0.09655747097614409
2210	75-79	-0.12987804432553673
2210	80-84	-0.21881036342265503
2210	85-89	-0.22801528977815622
2210	90-94	-0.29123894483019086
2210	95-99	-0.25334672241204714
2210	100-104	-0.8051457527709545
2210	105-109	-0.5678864939440729
2210	110-114	-0.24321085471023451
2210	115-119	-0.22350636146004632
2210	120-124	-0.14920595941652692
2210	125-129	-0.27831881125257496
2210	130-134	-0.38931345400111184
2210	135-139	-0.33717596438680175
2210	140-144	-0.23849631022294204
2210	145-149	-0.4503463002910806
2210	150	-0.32156624491776853
2211	1	-0.12173669089455075
2211	2	-0.945861116259529
2211	3	-0.17261047749296665
2211	4	-0.3170456705751121
2211	5	-0.2686552180001769
2211	6	-0.4734352645996296
2211	7	-0.005942481697843505
2211	8	-0.0605382036159412
2211	9	-0.6396581607063823
2211	10-14	-0.39279979024264833
2211	15-19	-0.11778588064734663
2211	20-24	-0.3074017664839488
2211	25-29	-0.1989599251873031
2211	30-34	-0.23270222501402316
2211	35-39	-0.12637957635309505
2211	40-44	-0.20775294813638823
2211	45-49	-0.22374348791309018
2211	50-54	-0.10933922665332574
2211	55-59	-0.13713340152845888
2211	60-64	-0.10000834143279036
2211	65-69	-0.14910143713781565
2211	70-74	-0.08984389159039097
2211	75-79	-0.10232013857496725
2211	80-84	-0.3230881058677184
2211	85-89	-0.15670802514528503
2211	90-94	-0.2083346303645186
2211	95-99	-0.1707968178103627
2211	100-104	-0.35238786958772295
2211	105-109	-0.2063068825126848
2211	110-114	-0.1458606710941197
2211	115-119	-0.23111073542144567
2211	120-124	-0.1601792273729501
2211	125-129	-0.24762230098443183
2211	130-134	-0.23660793731152552
2211	135-139	-0.2988004027677036
2211	140-144	-0.3272636204008066
2211	145-149	-0.3446269149434329
2211	150	-0.28417318334995656
2212	1	-0.18481021348188165
2212	2	-0.3026730247570697
2212	3	-0.07046228522290221
2212	4	-0.04429541393511727
2212	5	0.06531733809399753
2212	6	-0.20935180587598268
2212	7	-0.33811248083400613
2212	8	-0.053000370561512966
2212	9	-0.12290052328093992
2212	10-14	-0.12746490267205957
2212	15-19	-0.07954697342145067
2212	20-24	-0.17509089157762503
2212	25-29	-0.08344561060191324
2212	30-34	-0.06297011498125471
2212	35-39	-0.09867238601361095
2212	40-44	-0.1018241222919869
2212	45-49	-0.09661430006065075
2212	50-54	0.018620088625148412
2212	55-59	-0.07639599597298741
2212	60-64	-0.04143421516391044
2212	65-69	-0.0934469298162881
2212	70-74	-0.06738886636835417
2212	75-79	-0.11305686109640334
2212	80-84	-0.13183076074066946
2212	85-89	-0.1086400471872011
2212	90-94	-0.13777236277188365
2212	95-99	-0.14287376360358195
2212	100-104	-0.2587767037892448
2212	105-109	-0.21636663794631517
2212	110-114	-0.13980444935717173
2212	115-119	-0.23974866510509685
2212	120-124	-0.1595177490863975
2212	125-129	-0.2418202080877876
2212	130-134	-0.23724240561976018
2212	135-139	-0.219604896328093
2212	140-144	-0.23012074173377073
2212	145-149	-0.2110171001461083
2212	150	-0.32325649140433654
2213	1	-0.15641001264096843
2213	2	-0.23721619991513165
2213	3	-0.0808220945120155
2213	4	-0.024032697807037096
2213	5	-0.08938956861575065
2213	6	0.04102269790556079
2213	7	-0.09391998803905466
2213	8	-0.2773619723724181
2213	9	-0.09369334888612002
2213	10-14	-0.06000225736715237
2213	15-19	-0.27101586600913663
2213	20-24	-0.24071429849244907
2213	25-29	-0.18684125480529445
2213	30-34	-0.024755971067150995
2213	35-39	-0.16832818330281896
2213	40-44	-0.04213519919594688
2213	45-49	-0.023051660716653544
2213	50-54	-0.03123348468115239
2213	55-59	-0.04070587280650528
2213	60-64	-0.12170504400274496
2213	65-69	-0.11814521468528483
2213	70-74	-0.18865726842167874
2213	75-79	-0.13508105574200613
2213	80-84	-0.1509252788769473
2213	85-89	-0.08909006247878892
2213	90-94	-0.25929504668674497
2213	95-99	-0.17015285718435536
2213	100-104	-0.3269620204299315
2213	105-109	-0.1982573343618128
2213	110-114	-0.10581832914050437
2213	115-119	-0.21708312846768507
2213	120-124	-0.22529336918220366
2213	125-129	-0.3782281135265251
2213	130-134	-0.1787509845611197
2213	135-139	-0.2541762581759812
2213	140-144	-0.3598914628564813
2213	145-149	-0.17827852534907151
2213	150	-0.2913920831850234
2214	1	-0.10299119933830525
2214	2	-0.229249044993999
2214	3	-0.048916320436077854
2214	4	-0.052276749933604094
2214	5	-0.011049658656702377
2214	6	-0.10567273730192994
2214	7	0.011110552423048148
2214	8	-0.15780719836885027
2214	9	0.01545799656789626
2214	10-14	-0.04121415204465251
2214	15-19	-0.03375436847825597
2214	20-24	-0.1251766950899622
2214	25-29	-0.11311362235822031
2214	30-34	-0.08152405131664864
2214	35-39	0.007529330849543214
2214	40-44	0.02340946453567483
2214	45-49	-0.02985619653669147
2214	50-54	-0.02725442344380724
2214	55-59	0.02439136650284013
2214	60-64	-0.05327695080639927
2214	65-69	-0.044641264606454456
2214	70-74	-0.04256318723560071
2214	75-79	-0.0881533483892909
2214	80-84	-0.05967354643532019
2214	85-89	-9.389958070471494E-4
2214	90-94	-0.017320144055375408
2214	95-99	-0.2189661673098655
2214	100-104	-0.21788058690706436
2214	105-109	-0.23456561036572765
2214	110-114	-0.14185410976446633
2214	115-119	-0.16159641215737253
2214	120-124	-0.17308261574635964
2214	125-129	-0.12132223873085479
2214	130-134	-0.07688229773011557
2214	135-139	-0.16252138815293193
2214	140-144	-0.19390948646667994
2214	145-149	-0.2321080165353493
2214	150	-0.13767222978322025
2215	1	-0.02277005949517985
2215	2	-0.4496037336266383
2215	3	-0.04544913858887156
2215	4	-0.014273920683613994
2215	5	-0.020684304523733488
2215	6	-0.08799072659794405
2215	7	-0.047779734768397475
2215	8	0.029677570267992337
2215	9	-0.05751588214536696
2215	10-14	-0.05963396325776671
2215	15-19	-0.03783719157095078
2215	20-24	-0.029519814608811146
2215	25-29	-0.026978829527578796
2215	30-34	-0.07750799151781251
2215	35-39	-0.012677794721021485
2215	40-44	-0.03893869947991391
2215	45-49	-0.06769795909357157
2215	50-54	-0.03184835181757961
2215	55-59	-0.022645850752546437
2215	60-64	-0.13590392755333625
2215	65-69	-0.07563270470062378
2215	70-74	-0.04408794798340665
2215	75-79	-0.13857706119956958
2215	80-84	-0.04563189165587289
2215	85-89	-0.04591549087967195
2215	90-94	-0.13377321825911537
2215	95-99	-0.10765130119106914
2215	100-104	-0.13818420892183525
2215	105-109	-0.16916724399919048
2215	110-114	-0.12596763301942815
2215	115-119	-0.2335868199909612
2215	120-124	-0.24138862914218606
2215	125-129	-0.23232954571484044
2215	130-134	-0.20370359503337454
2215	135-139	-0.2437979327232469
2215	140-144	-0.3163104932445222
2215	145-149	-0.3154619099733509
2215	150	-0.22298138189753303
2216	1	-0.08353528689537626
2216	2	-0.19646186590614434
2216	3	-0.06151626343073957
2216	4	0.0150255458535824
2216	5	0.026842534648203298
2216	6	0.010406833140308436
2216	7	0.050273073469476515
2216	8	0.03747928284435886
2216	9	0.0034687551013163898
2216	10-14	-0.2659078854731831
2216	15-19	0.001992004777420675
2216	20-24	-0.07850463642343186
2216	25-29	-0.04575645648345983
2216	30-34	-0.05630878759839675
2216	35-39	-0.023921743975350296
2216	40-44	-0.03392363568304546
2216	45-49	-0.025352289907914383
2216	50-54	-0.006526145955128015
2216	55-59	-0.043380165500956025
2216	60-64	-0.0786340422412053
2216	65-69	-0.1609256037118243
2216	70-74	-0.10223402547855187
2216	75-79	-0.16782138533893942
2216	80-84	-0.12631650985101572
2216	85-89	-0.11243901000941037
2216	90-94	-0.15535899387960228
2216	95-99	-0.11618426758244738
2216	100-104	-0.053344264613379266
2216	105-109	-0.0312933031089031
2216	110-114	-0.15622993558278608
2216	115-119	-0.15753593752426553
2216	120-124	-0.1718298793431572
2216	125-129	-0.20300848016903217
2216	130-134	-0.0847103943100862
2216	135-139	-0.21326095896738195
2216	140-144	-0.19839754032203416
2216	145-149	-0.33775430722144506
2216	150	-0.15100290874423195
2217	1	0.08224513695196833
2217	2	-0.23306811458154897
2217	3	-0.04242044540112744
2217	4	-0.14268324301976776
2217	5	0.004775098277008283
2217	6	-0.12193162897887788
2217	7	-0.06675334611477979
2217	8	9.278857413903552E-4
2217	9	-0.03679131606024555
2217	10-14	-0.049438179859016884
2217	15-19	0.03459591705107812
2217	20-24	-0.011048791939245461
2217	25-29	0.012646293251421525
2217	30-34	-0.2547171483149242
2217	35-39	0.006392311749912949
2217	40-44	0.027045853080643667
2217	45-49	-0.1439016860097908
2217	50-54	-0.05960099928124407
2217	55-59	0.04726518389176704
2217	60-64	-0.019151699532507394
2217	65-69	-0.034790638173952004
2217	70-74	-0.04355849238614695
2217	75-79	-0.043793447604713265
2217	80-84	-0.012950852754741504
2217	85-89	-0.05784718631455377
2217	90-94	-0.04774148667321043
2217	95-99	-0.1289956682163762
2217	100-104	-0.07991863253256071
2217	105-109	-0.058998134411815784
2217	110-114	-0.15907164023597176
2217	115-119	-0.10667761854605828
2217	120-124	-0.10326928683607406
2217	125-129	-0.05663990984479739
2217	130-134	-0.060571200286112514
2217	135-139	-0.04458439175571982
2217	140-144	-0.1102786071713524
2217	145-149	-0.2620911438467246
2217	150	-0.283345499476404
2218	1	-0.0565707292414146
2218	2	-0.2819541740439533
2218	3	-0.15735026947061925
2218	4	-0.31807397650162983
2218	5	-0.39971139764055863
2218	6	-0.10727671459302712
2218	7	-0.2624276724116754
2218	8	-0.13936888831280925
2218	9	-0.2702432085499211
2218	10-14	-0.2737560006981994
2218	15-19	-0.13751448712173442
2218	20-24	-0.2407440708977191
2218	25-29	-0.08659103969564796
2218	30-34	-0.3391808524987354
2218	35-39	-0.12965509790970486
2218	40-44	-0.16599666404461288
2218	45-49	-0.2169132474347819
2218	50-54	-0.18207189112423805
2218	55-59	-0.14613416990650308
2218	60-64	-0.19350430144512387
2218	65-69	-0.19612603323908928
2218	70-74	-0.2773252524199208
2218	75-79	-0.2617331497764752
2218	80-84	-0.2801098805808806
2218	85-89	-0.3117079250960657
2218	90-94	-0.2235839530312731
2218	95-99	-0.16489019175034514
2218	100-104	-0.21207856741105502
2218	105-109	-0.1916945132269916
2218	110-114	-0.12072598482847496
2218	115-119	-0.3290210673047298
2218	120-124	-0.24024818129827707
2218	125-129	-0.25141744819686807
2218	130-134	-0.22564244228798458
2218	135-139	-0.2087897975499331
2218	140-144	-0.49337992962494326
2218	145-149	-0.527598216823975
2218	150	-0.6591038492375745
2219	1	-0.10598305143003017
2219	2	-0.23406344679120394
2219	3	-0.09238828646662967
2219	4	-0.09840709215164622
2219	5	-0.08421998961643595
2219	6	-0.07498204946551112
2219	7	-0.8831758912951599
2219	8	-0.19323359770956472
2219	9	-0.13522728315288646
2219	10-14	-0.22313832864246308
2219	15-19	-0.10063201059878679
2219	20-24	-0.1677543032071398
2219	25-29	-0.05513720807888234
2219	30-34	-0.14691229544370543
2219	35-39	-0.08814548077820206
2219	40-44	-0.11780592472155149
2219	45-49	-0.09050716714241247
2219	50-54	-0.13265087552838395
2219	55-59	-0.07822557939279307
2219	60-64	-0.14415525015296993
2219	65-69	-0.13927161732390658
2219	70-74	-0.10203680959367034
2219	75-79	-0.12983123468549707
2219	80-84	-0.21427447870898675
2219	85-89	-0.06415877713202889
2219	90-94	-0.022274302170551152
2219	95-99	-0.19191483184054903
2219	100-104	-0.13323638602430066
2219	105-109	-0.08708396867107382
2219	110-114	-0.18826340465007263
2219	115-119	-0.08835702825521707
2219	120-124	-0.08355764207776417
2219	125-129	-0.21411330163557096
2219	130-134	-0.12597384113927035
2219	135-139	-0.17207232667098538
2219	140-144	-0.22241111055917173
2219	145-149	-0.6027211119115918
2219	150	-0.19846770170209993
2220	1	-0.07743089086702781
2220	2	-0.06405097735380849
2220	3	-0.08899762455475013
2220	4	0.029573804158751216
2220	5	-0.1491074163993602
2220	6	-0.08488209819415005
2220	7	-0.6285160475060465
2220	8	-0.18008990763974708
2220	9	-0.2114652084823092
2220	10-14	-0.2563010338832399
2220	15-19	-0.3360211330827667
2220	20-24	-0.2186901925135203
2220	25-29	-0.19006691935625497
2220	30-34	-0.17118845459562237
2220	35-39	-0.30671953387830087
2220	40-44	-0.1623851550387485
2220	45-49	-0.2040039643783942
2220	50-54	-0.3289840650827429
2220	55-59	-0.2809107518654059
2220	60-64	-0.24627626947211212
2220	65-69	-0.3222859683438486
2220	70-74	-0.21776014148512957
2220	75-79	-0.24786253429297744
2220	80-84	-0.24769191750803543
2220	85-89	-0.17217909894831962
2220	90-94	-0.14041984901318472
2220	95-99	-0.17142299238833658
2220	100-104	-0.2896714802327125
2220	105-109	-0.21030769791369863
2220	110-114	-0.26224657554227093
2220	115-119	-0.163525164527762
2220	120-124	-0.10260326876328207
2220	125-129	-0.15008127933009519
2220	130-134	-0.2093899233162091
2220	135-139	-0.18809979460588977
2220	140-144	-0.3301699910036433
2220	145-149	-0.2513875957724778
2220	150	-0.37610923701443255
2221	1	-0.0954965266796961
2221	2	-0.15639395922907795
2221	3	-0.18990863007593362
2221	4	-0.1562904533325522
2221	5	-0.27494584406928624
2221	6	-0.15405449142139105
2221	7	-0.328517746836404
2221	8	-0.42154145370147234
2221	9	-0.41656117131192616
2221	10-14	-0.5610319147722436
2221	15-19	-0.41806555905994003
2221	20-24	-0.30607949484522123
2221	25-29	-0.4631893128027684
2221	30-34	-0.29502432559561953
2221	35-39	-0.261537804201204
2221	40-44	-0.4078008441336536
2221	45-49	-0.18885724090659295
2221	50-54	-0.26270819688938474
2221	55-59	-0.20440974432695214
2221	60-64	-0.20999209100514804
2221	65-69	-0.259826719382076
2221	70-74	-0.2810703712345912
2221	75-79	-0.27294278653938164
2221	80-84	-0.4000954613244474
2221	85-89	-0.477739927300604
2221	90-94	-0.2339966214695579
2221	95-99	-0.09937020132046115
2221	100-104	-0.19709108546182819
2221	105-109	-0.2512376043737845
2221	110-114	-0.1224600552884425
2221	115-119	-0.3292102906728971
2221	120-124	-0.20680982949406257
2221	125-129	-0.30372476420715344
2221	130-134	-0.25840660306589314
2221	135-139	-0.2225063555559288
2221	140-144	-0.40983375382536735
2221	145-149	-0.38522989133755914
2221	150	-0.7266124580677129
2222	1	-0.027207565019374158
2222	2	-0.3004471095469796
2222	3	0.039893132741170234
2222	4	-0.17636057262572535
2222	5	-0.9590079254268034
2222	6	-0.13876008607977752
2222	7	-0.09999928935452829
2222	8	-0.6104438395649083
2222	9	-0.040702887772681606
2222	10-14	-0.024221624938739694
2222	15-19	-0.058161195609152117
2222	20-24	0.024239470855334844
2222	25-29	-0.02387482325421786
2222	30-34	-0.01573482169360574
2222	35-39	-3.851684812872236E-4
2222	40-44	-0.030505141664853852
2222	45-49	-0.0361881890852942
2222	50-54	0.004478259826974806
2222	55-59	0.074456943958495
2222	60-64	0.03865044413424101
2222	65-69	-0.007704002644885577
2222	70-74	-0.02214517932355875
2222	75-79	-0.02585632557015316
2222	80-84	-0.013090496091706427
2222	85-89	-0.037603064434591715
2222	90-94	-0.05185816909112617
2222	95-99	-0.06180688662890077
2222	100-104	-0.02262960588625873
2222	105-109	-0.06623542477482403
2222	110-114	-0.009908117040204445
2222	115-119	-0.10000993768419164
2222	120-124	-0.08176504139360219
2222	125-129	-0.07162134489484373
2222	130-134	-0.08417493827758449
2222	135-139	-0.11304514178511482
2222	140-144	-0.12823430031993865
2222	145-149	-0.23281144023499678
2222	150	-0.1760011071416514
2223	1	-0.05663640309823137
2223	2	-0.12391424233675963
2223	3	-0.42578084649754544
2223	4	-0.4243387819017812
2223	5	-0.7175615519240637
2223	6	-0.2584594346800344
2223	7	-0.12062209786253675
2223	8	-0.08273760076684056
2223	9	-0.021642432116742327
2223	10-14	-0.03568252326547139
2223	15-19	-0.037460446347481025
2223	20-24	-0.10453883448884937
2223	25-29	-0.09871141026438579
2223	30-34	-0.07030157085861077
2223	35-39	-0.09308625258625369
2223	40-44	-0.2100909524813943
2223	45-49	-0.252834484457928
2223	50-54	-0.08327770718498329
2223	55-59	-0.036253217787745484
2223	60-64	-0.02698159000382816
2223	65-69	-0.04356232008727545
2223	70-74	0.010072414996855628
2223	75-79	-0.024987785940304263
2223	80-84	0.02843392778601128
2223	85-89	0.04866767330189958
2223	90-94	0.03296442127046362
2223	95-99	-0.17165868359627012
2223	100-104	-0.11401935001516961
2223	105-109	-0.14770838642879625
2223	110-114	-0.18654063998967274
2223	115-119	-0.027165120106509733
2223	120-124	-0.004182161452355615
2223	125-129	-0.021761196776516556
2223	130-134	-0.038187810809418465
2223	135-139	-0.07908403044424972
2223	140-144	-0.15611608270269528
2223	145-149	-0.14041787381021464
2223	150	-0.27384899162470333
2224	1	-0.4491196613401556
2224	2	-0.5289228213984458
2224	3	-0.09465960380330785
2224	4	-1.5806175854670386
2224	5	-0.32151443516312384
2224	6	-0.17172123296299446
2224	7	-0.023347296866283784
2224	8	-0.055283014377714323
2224	9	-0.06388109002317321
2224	10-14	-0.1404594075778931
2224	15-19	-0.15523767040603786
2224	20-24	-0.0867764674960867
2224	25-29	-0.18408883981918933
2224	30-34	-0.21006557391623204
2224	35-39	-0.13919893012248252
2224	40-44	-0.09145572294220727
2224	45-49	-0.06691787053418352
2224	50-54	-0.12709286264342268
2224	55-59	-0.04663930982627562
2224	60-64	-0.09066644224206755
2224	65-69	-0.06574518057496448
2224	70-74	0.004108226682753013
2224	75-79	-0.05437341349691138
2224	80-84	0.014478525003113418
2224	85-89	-0.03449209090376115
2224	90-94	-0.015177745356496075
2224	95-99	0.022424211879005895
2224	100-104	-0.07362542127168581
2224	105-109	-0.07825928066824162
2224	110-114	-0.04488540992015544
2224	115-119	-0.051765779359008945
2224	120-124	-0.0066436971942849254
2224	125-129	-0.05111563045367262
2224	130-134	-0.0493108768708268
2224	135-139	-0.10269450002783032
2224	140-144	-0.11799465936003628
2224	145-149	-0.1500567924899201
2224	150	-0.17522041995778181
2225	1	-0.5974830430161688
2225	2	-0.2966616922508365
2225	3	-0.0436094948725696
2225	4	-0.17749300252106082
2225	5	0.043559332770541914
2225	6	-0.28868345613871327
2225	7	-0.46059315215651964
2225	8	-0.15805299285185015
2225	9	-0.05859836865442247
2225	10-14	-0.002201330480154695
2225	15-19	-0.017250931715651063
2225	20-24	0.01759503800255402
2225	25-29	-0.026518033603089464
2225	30-34	0.03047994721616476
2225	35-39	0.0465830541137322
2225	40-44	0.06458071540000532
2225	45-49	0.019617872736553466
2225	50-54	0.02434324315906622
2225	55-59	0.06040263787222244
2225	60-64	0.03745358202667859
2225	65-69	-0.005023302838360166
2225	70-74	-0.012598903553595164
2225	75-79	-0.0239578991591074
2225	80-84	-0.011311400362252755
2225	85-89	-0.01805042042231264
2225	90-94	0.007600736380567241
2225	95-99	-0.028907270734457313
2225	100-104	0.023438879656339395
2225	105-109	0.0030515182925867634
2225	110-114	0.026718387907038732
2225	115-119	-0.04287190274252595
2225	120-124	-0.09844817776659909
2225	125-129	-0.10695084371045027
2225	130-134	-0.0849980975265936
2225	135-139	-0.09314857792977449
2225	140-144	-0.02536322855096529
2225	145-149	-0.25968361533608686
2225	150	-0.062247367195837455
2226	1	-0.36297537765263854
2226	2	-0.20367759164805221
2226	3	-0.028918914473585744
2226	4	-0.0543031595671053
2226	5	-0.18108599947048276
2226	6	-0.16078097521694446
2226	7	0.03707934527749046
2226	8	0.03773615776189132
2226	9	0.10560347155122685
2226	10-14	0.06539532921100744
2226	15-19	0.04269063428337461
2226	20-24	0.055787169579005536
2226	25-29	0.019275957383406706
2226	30-34	0.03349124816109139
2226	35-39	0.04151446711180995
2226	40-44	-0.010754728322751816
2226	45-49	-0.00573698156822644
2226	50-54	0.0341699460326339
2226	55-59	0.06278889254888043
2226	60-64	0.10257442541793438
2226	65-69	0.0740789130705295
2226	70-74	0.021835076216589755
2226	75-79	0.05915454103087825
2226	80-84	0.057410425084675865
2226	85-89	0.07385690833402947
2226	90-94	0.06621268242052025
2226	95-99	0.024563433621260344
2226	100-104	0.03506384482627567
2226	105-109	0.042585660396895264
2226	110-114	0.042632865884129956
2226	115-119	-0.01176625360533734
2226	120-124	0.03949537661435443
2226	125-129	-0.0235628459105115
2226	130-134	-0.0972459293243233
2226	135-139	-0.07631633386031211
2226	140-144	0.04633129267726588
2226	145-149	-0.06120690911451021
2226	150	-0.10038430085013061
2227	1	-0.4302877372855747
2227	2	-0.08878907759670085
2227	3	0.03757733348437142
2227	4	-0.066114002794599
2227	5	0.01269452032769891
2227	6	0.009464526578277344
2227	7	0.06055981772487229
2227	8	-0.005575109400091094
2227	9	0.00402809451664865
2227	10-14	0.01670132724307649
2227	15-19	0.017944461221972574
2227	20-24	0.016114466310042985
2227	25-29	0.015246322817191071
2227	30-34	-0.05028484657406551
2227	35-39	0.04678821804539979
2227	40-44	0.013487480851210876
2227	45-49	0.01014105905402829
2227	50-54	0.030011897872462612
2227	55-59	0.03490826571662353
2227	60-64	0.034805672056364756
2227	65-69	0.030764652971008388
2227	70-74	0.043248004010465024
2227	75-79	0.0033526731063844295
2227	80-84	0.03576238108635721
2227	85-89	0.01481659424522519
2227	90-94	0.06214856570414895
2227	95-99	-0.04628862060140193
2227	100-104	-0.03600610889822775
2227	105-109	0.003030013157577116
2227	110-114	-0.05046332410637433
2227	115-119	-0.005965501939307671
2227	120-124	0.01506436865050631
2227	125-129	-0.0531816090356898
2227	130-134	-0.0526566485837634
2227	135-139	-0.04337592675646107
2227	140-144	-0.12170880410673846
2227	145-149	-0.13154572816765153
2227	150	-0.011107167409669216
2228	1	-0.20622443379380684
2228	2	-0.025544818642970313
2228	3	-0.062242527351287436
2228	4	-0.14490068782555454
2228	5	-0.11461420818738333
2228	6	-0.01877211257048117
2228	7	0.10517269118201256
2228	8	0.033052951037333855
2228	9	0.02053106063279131
2228	10-14	0.01950396375380592
2228	15-19	-0.011371897712052714
2228	20-24	0.04951846652545555
2228	25-29	0.0015166849527119552
2228	30-34	0.007067611017866682
2228	35-39	0.003946117122559656
2228	40-44	0.04992531630715291
2228	45-49	0.04949765863860023
2228	50-54	0.05372696524747056
2228	55-59	0.06759284404036947
2228	60-64	0.01716389029616039
2228	65-69	0.012000832490741686
2228	70-74	-0.05272789669636779
2228	75-79	-0.033239510050279364
2228	80-84	-0.021305876391394918
2228	85-89	-0.018335810805091057
2228	90-94	0.0062511614366798085
2228	95-99	0.02636774705563738
2228	100-104	0.0024802623455499884
2228	105-109	0.0019784473007362635
2228	110-114	-0.027206956419981054
2228	115-119	-0.11112804514295505
2228	120-124	-0.03255911648007981
2228	125-129	-0.0743445589941345
2228	130-134	-0.05656776532087804
2228	135-139	-0.02686238579785538
2228	140-144	-0.07865430634792148
2228	145-149	-0.19070286431053063
2228	150	-0.0465776933623232
2229	1	-0.012939242278505958
2229	2	-0.061085285125379585
2229	3	-0.027232467635620594
2229	4	-0.050217116234342996
2229	5	0.09038866438272208
2229	6	-0.05273601248713078
2229	7	0.08541220330710075
2229	8	0.09842248146401289
2229	9	0.12304951180218637
2229	10-14	0.06109085316955998
2229	15-19	0.0839841098979548
2229	20-24	0.0671167155551089
2229	25-29	0.10765263198000241
2229	30-34	0.09139743805170752
2229	35-39	0.05548932818614105
2229	40-44	0.0774379023315106
2229	45-49	0.0553342556734151
2229	50-54	0.059028783736962964
2229	55-59	0.08651351227598525
2229	60-64	0.08069345693168373
2229	65-69	0.06101820709749717
2229	70-74	0.0415595274930709
2229	75-79	0.06151519787572113
2229	80-84	0.010038967896612405
2229	85-89	0.0306917581272117
2229	90-94	0.054032150324232475
2229	95-99	0.05511342779438877
2229	100-104	0.06421091511975874
2229	105-109	0.05073142180192747
2229	110-114	0.0659483718506948
2229	115-119	-0.008718995541812546
2229	120-124	0.01951808445606673
2229	125-129	0.0025998150891197724
2229	130-134	-0.05014299367449837
2229	135-139	-0.08994185397342136
2229	140-144	-0.02921317105641208
2229	145-149	-0.057286366571560166
2229	150	-7.472432586297373E-5
2230	1	-0.09506006537367284
2230	2	-0.12901230739090153
2230	3	0.025017087567178464
2230	4	-0.14439058762834378
2230	5	0.04978766272944313
2230	6	0.034698236461771614
2230	7	0.06696026222856233
2230	8	0.0528689038610608
2230	9	0.01816478134880839
2230	10-14	0.0240045968947058
2230	15-19	0.03406764557325914
2230	20-24	0.036935445561020686
2230	25-29	0.047951781707887164
2230	30-34	0.06610585738238939
2230	35-39	0.043151636792593706
2230	40-44	0.021781999579623346
2230	45-49	0.04298974583169013
2230	50-54	0.05250289929997365
2230	55-59	0.07125522965323938
2230	60-64	0.0300058106231873
2230	65-69	0.06773833013949115
2230	70-74	0.00622105062205236
2230	75-79	0.005112442602801082
2230	80-84	-0.00892582895916405
2230	85-89	0.03040574166028165
2230	90-94	0.06220196842468795
2230	95-99	-0.0038858971404991394
2230	100-104	0.00421661975892107
2230	105-109	0.008779602273854437
2230	110-114	0.01867978019922134
2230	115-119	-0.08303855993595022
2230	120-124	-0.0060680551109868475
2230	125-129	-0.0793865906298521
2230	130-134	-0.11807464066871631
2230	135-139	-0.09225664932797173
2230	140-144	-0.08270390658682913
2230	145-149	-0.16169665313040582
2230	150	-0.11029552001163978
2231	1	-0.03023699340340613
2231	2	-0.12182482305379949
2231	3	-0.030812592697770924
2231	4	0.03173800808976068
2231	5	0.045755793322300065
2231	6	-0.015553140908863838
2231	7	0.05237690479847146
2231	8	0.07641914656360171
2231	9	0.07061378297196796
2231	10-14	0.042933852671176
2231	15-19	0.06933411715258586
2231	20-24	0.03503295839013987
2231	25-29	0.05872812139120498
2231	30-34	0.06863258550541929
2231	35-39	0.050730972955847164
2231	40-44	0.05589880523638868
2231	45-49	0.055074134602996594
2231	50-54	0.06751656698062902
2231	55-59	0.026129097587585193
2231	60-64	0.04698951350437852
2231	65-69	0.020709710902956147
2231	70-74	0.0020224702102069614
2231	75-79	0.03359461678572018
2231	80-84	0.026041611502577666
2231	85-89	0.044263381874493746
2231	90-94	0.07127599751814984
2231	95-99	0.01901539097574556
2231	100-104	-0.037366556463553025
2231	105-109	0.0020495514971727857
2231	110-114	-0.024914800536478765
2231	115-119	0.02206497901018878
2231	120-124	0.016418923001445762
2231	125-129	-0.08367145670970899
2231	130-134	-0.09046688960942362
2231	135-139	-0.07887284774644598
2231	140-144	-0.03465084745531044
2231	145-149	-0.0937444533856322
2231	150	-0.0817267902770169
2232	1	0.047560606083315804
2232	2	0.08938070198676229
2232	3	0.06550613342706413
2232	4	0.1204079888070666
2232	5	0.08541399055526
2232	6	0.06463436550276214
2232	7	0.07270458894475951
2232	8	0.03977332746624995
2232	9	0.004324945897721477
2232	10-14	0.05672628460359874
2232	15-19	0.07477726275347152
2232	20-24	0.059859301093567296
2232	25-29	0.07741808030462494
2232	30-34	0.07737448077378417
2232	35-39	0.06311049956475046
2232	40-44	0.06833188523437173
2232	45-49	0.07745110525469556
2232	50-54	0.07602946934829191
2232	55-59	0.08883611708067463
2232	60-64	0.023306396558048448
2232	65-69	0.023057887914291086
2232	70-74	0.021704210069401597
2232	75-79	0.02428658568998543
2232	80-84	0.017178177860962762
2232	85-89	0.07015905361308938
2232	90-94	0.05596859584859715
2232	95-99	0.0318570763774062
2232	100-104	-0.014353726253872878
2232	105-109	0.07973969645646406
2232	110-114	0.04448621871664926
2232	115-119	0.010969342742036758
2232	120-124	0.06527161119031888
2232	125-129	0.04178379056610737
2232	130-134	-0.03573184847937938
2232	135-139	-0.04436655609260498
2232	140-144	-0.02994771232167892
2232	145-149	-0.05089583038584777
2232	150	-0.10365672922962688
2233	1	0.12063984556363039
2233	2	0.08800565406941274
2233	3	0.11446243295346648
2233	4	0.005284976604620795
2233	5	0.15369873348351604
2233	6	0.07031001788006819
2233	7	0.16401684169888853
2233	8	0.0906284403869222
2233	9	0.12583708285069406
2233	10-14	0.09076226029961276
2233	15-19	0.10021386118234688
2233	20-24	0.09848042705706206
2233	25-29	0.08831740292744428
2233	30-34	0.11354482622785866
2233	35-39	0.07298578290762947
2233	40-44	0.0803127552200209
2233	45-49	0.08830265953564975
2233	50-54	0.07011471359700039
2233	55-59	0.07444211722634009
2233	60-64	0.0730180057333456
2233	65-69	0.034027104081737036
2233	70-74	0.04355353104227788
2233	75-79	0.011053388524047136
2233	80-84	0.05225223550830549
2233	85-89	0.03742439454108393
2233	90-94	0.05061697157235301
2233	95-99	0.032343656395269704
2233	100-104	0.04003141770458285
2233	105-109	0.09378908392123719
2233	110-114	0.06174762740592854
2233	115-119	0.029125441135505525
2233	120-124	0.017838083832621976
2233	125-129	-0.009769647249932234
2233	130-134	0.043003752876224155
2233	135-139	-0.05089625292644939
2233	140-144	0.016559812791221873
2233	145-149	-0.06291211232547766
2233	150	-0.13052155165452461
2234	1	0.02451037312172133
2234	2	0.07953928098498153
2234	3	0.034211645242976374
2234	4	0.011604013363282206
2234	5	0.05039872528213607
2234	6	0.08564460992154466
2234	7	0.05168949963796621
2234	8	0.06235971085038017
2234	9	0.1324354124449343
2234	10-14	0.06305806873555753
2234	15-19	0.06093119298475358
2234	20-24	0.07470607278965957
2234	25-29	0.11224646855767162
2234	30-34	0.12651542399207472
2234	35-39	0.09549208371910112
2234	40-44	0.07324607451600684
2234	45-49	0.0994830202761321
2234	50-54	0.11691879311432274
2234	55-59	0.15506145320931353
2234	60-64	0.12630532409364292
2234	65-69	0.10083448353940128
2234	70-74	0.1123578203442861
2234	75-79	0.09836329538313038
2234	80-84	0.09012137755677685
2234	85-89	0.09665814916938587
2234	90-94	0.08177043450297816
2234	95-99	0.06169573385506766
2234	100-104	0.09124151862420149
2234	105-109	0.1038409019033466
2234	110-114	0.12473424985107329
2234	115-119	0.04411760135362641
2234	120-124	0.09399042125482282
2234	125-129	0.041729023952115085
2234	130-134	0.006455653337454237
2234	135-139	0.038786179195504644
2234	140-144	0.05935467806854433
2234	145-149	0.059110336187600865
2234	150	0.09792559181280325
2235	1	0.0969225200216286
2235	2	0.06709983180269319
2235	3	0.003647104002588719
2235	4	0.11792143294528756
2235	5	0.13063578584772273
2235	6	0.14258776391719152
2235	7	0.09386590832705366
2235	8	0.051448015771100586
2235	9	0.08163536850801023
2235	10-14	0.13379305474850867
2235	15-19	0.10501124235781845
2235	20-24	0.1017759392588573
2235	25-29	0.10514718017758184
2235	30-34	0.11829561851529036
2235	35-39	0.09026269184592906
2235	40-44	0.09992242944220209
2235	45-49	0.09621365738280474
2235	50-54	0.1053252841967307
2235	55-59	0.10742323673192544
2235	60-64	0.10229974935482034
2235	65-69	0.08226411505800968
2235	70-74	0.13041837762898467
2235	75-79	0.07867198510716378
2235	80-84	0.0831309083563454
2235	85-89	0.05628874309199716
2235	90-94	0.14146113282791362
2235	95-99	0.08635340323278484
2235	100-104	0.0683159119867156
2235	105-109	0.063474497667805
2235	110-114	0.11090740921527953
2235	115-119	0.060914286702498543
2235	120-124	0.11315249040605835
2235	125-129	0.07114323237414055
2235	130-134	0.029861641538964534
2235	135-139	0.03544050581481173
2235	140-144	0.08216173608401789
2235	145-149	0.052112203120870504
2235	150	0.01011472020341131
2236	1	0.11337946696099976
2236	2	0.036495547925134986
2236	3	0.025911984656445952
2236	4	0.11438495737226617
2236	5	0.05028918507751001
2236	6	0.0451410570682782
2236	7	0.07874006980377146
2236	8	0.09293734863027225
2236	9	0.07554561194191933
2236	10-14	0.08960820181494
2236	15-19	0.07387492848642552
2236	20-24	0.08537763287073119
2236	25-29	0.10968599191370743
2236	30-34	0.09128447143670115
2236	35-39	0.07859160756350292
2236	40-44	0.06240297144663742
2236	45-49	0.05895574266521919
2236	50-54	0.016948983820746832
2236	55-59	0.0721309816931921
2236	60-64	0.07953546596358052
2236	65-69	0.0481150930185521
2236	70-74	0.045257026751627905
2236	75-79	0.018491129729831357
2236	80-84	0.049393303911372755
2236	85-89	0.03101706792991621
2236	90-94	0.0737334262251963
2236	95-99	1.5984637429511395E-4
2236	100-104	0.09525698025094442
2236	105-109	0.07617368338456032
2236	110-114	0.04875139145242002
2236	115-119	0.05120189798635266
2236	120-124	0.06086152715671034
2236	125-129	0.055717684123528954
2236	130-134	-0.013517095911680599
2236	135-139	-0.031783674050899435
2236	140-144	-0.013413881011373974
2236	145-149	-0.014765609408570413
2236	150	-0.1079542704683476
2237	1	0.10871097018817011
2237	2	0.02404556215589082
2237	3	0.08176334820795716
2237	4	0.10494224612201464
2237	5	0.06779082697041616
2237	6	0.0990050844647854
2237	7	0.14020749666838128
2237	8	0.13020594884388714
2237	9	0.07180201042763912
2237	10-14	0.06478249218973531
2237	15-19	0.10327766140415662
2237	20-24	0.057029393659327354
2237	25-29	0.08951529870743968
2237	30-34	0.11161413782487983
2237	35-39	0.0923259385801316
2237	40-44	0.13087334667959993
2237	45-49	0.1075375279062385
2237	50-54	0.11532924315719129
2237	55-59	0.1344424559691788
2237	60-64	0.10731116472443603
2237	65-69	0.08392101852282963
2237	70-74	0.05947672885440625
2237	75-79	0.07578548363807869
2237	80-84	0.08266554964750128
2237	85-89	0.08757544250185134
2237	90-94	0.08662796987690058
2237	95-99	0.08052159776752887
2237	100-104	0.10071832063538722
2237	105-109	0.026180833652190927
2237	110-114	0.07092243599010573
2237	115-119	-0.005922817934042257
2237	120-124	0.09299933721128184
2237	125-129	0.005395106795425875
2237	130-134	0.03266503943660837
2237	135-139	-0.04551449909826033
2237	140-144	-0.010134027175041638
2237	145-149	-0.008714414177859453
2237	150	-0.032302602715247986
2238	1	0.11301084432766828
2238	2	0.08254952971441298
2238	3	0.0984513207840223
2238	4	0.11474763020552814
2238	5	0.10082196919852748
2238	6	0.13132634395944365
2238	7	0.08637783055917936
2238	8	0.11208876742875162
2238	9	0.06541057315981647
2238	10-14	0.069465628225295
2238	15-19	0.07826736477298368
2238	20-24	0.07602124225552132
2238	25-29	0.08345073633727651
2238	30-34	0.12075577268448257
2238	35-39	0.06101747835408844
2238	40-44	0.07099522466241837
2238	45-49	0.08594005639070446
2238	50-54	0.077359370678181
2238	55-59	0.08306875690154669
2238	60-64	0.11605827754522124
2238	65-69	0.07238458282922267
2238	70-74	0.07553896537474714
2238	75-79	0.0565412429446468
2238	80-84	0.031974563245583454
2238	85-89	0.08405675574607585
2238	90-94	0.04618765371471767
2238	95-99	0.09610891415865552
2238	100-104	0.10960424623350207
2238	105-109	0.09516902953284756
2238	110-114	0.0562377334093469
2238	115-119	0.0010476945850896868
2238	120-124	0.08986400342977419
2238	125-129	0.05203076404836793
2238	130-134	0.01814745098815962
2238	135-139	-0.00638227693185911
2238	140-144	0.015848064356454472
2238	145-149	0.01795806935039934
2238	150	-0.10879919025444451
2239	1	0.09574814784927099
2239	2	0.0728958175405694
2239	3	0.09563507017433182
2239	4	0.07508556886492812
2239	5	0.10446153249278467
2239	6	0.05232142614994473
2239	7	0.10615378982878809
2239	8	0.092186020288473
2239	9	0.12267332100014272
2239	10-14	0.08304927930507233
2239	15-19	0.05259615948734364
2239	20-24	0.09231353119412944
2239	25-29	0.11702770275723395
2239	30-34	0.10281537458769208
2239	35-39	0.074892979323117
2239	40-44	0.10656353108083749
2239	45-49	0.06541512607171995
2239	50-54	0.07448591809894367
2239	55-59	0.11371921577281796
2239	60-64	0.07610265425110185
2239	65-69	0.052511340263194484
2239	70-74	0.08281590432557095
2239	75-79	0.0804803718311291
2239	80-84	0.02854488000790667
2239	85-89	0.027718199221702378
2239	90-94	0.0631509767325511
2239	95-99	0.038649183812580645
2239	100-104	0.05565221218702021
2239	105-109	0.07583472577612582
2239	110-114	0.015218081194277033
2239	115-119	0.036563859135007704
2239	120-124	0.029310915360426293
2239	125-129	0.07616426929832443
2239	130-134	0.0075322910775526
2239	135-139	0.009091055574607765
2239	140-144	0.07267587178041879
2239	145-149	-0.1208360324740454
2239	150	-0.0862267642289396
2240	1	0.10691073803776163
2240	2	0.01843214902978474
2240	3	0.12415210326354043
2240	4	0.13147001786067136
2240	5	0.10418264528154708
2240	6	0.11087276927593592
2240	7	0.1219783837844588
2240	8	0.05165294072394744
2240	9	0.014900880296551122
2240	10-14	0.07515588830818842
2240	15-19	0.08154208003251284
2240	20-24	0.08237878369983065
2240	25-29	0.07922689252558968
2240	30-34	0.10254648739277172
2240	35-39	0.08569027141082586
2240	40-44	0.06777989774860771
2240	45-49	0.07908384318958639
2240	50-54	0.0923569837235263
2240	55-59	0.1109864378018699
2240	60-64	0.055145326393656546
2240	65-69	0.07925313053290495
2240	70-74	0.056500755826768057
2240	75-79	0.06529015511004133
2240	80-84	0.05036385994289816
2240	85-89	0.06098293679373512
2240	90-94	0.11265992506768896
2240	95-99	0.08596778308477582
2240	100-104	0.07160630731365103
2240	105-109	0.05985032349830277
2240	110-114	0.04424033583710951
2240	115-119	0.04331799683370008
2240	120-124	0.02999815256609395
2240	125-129	0.056739707857104804
2240	130-134	0.015867909283457493
2240	135-139	0.049524921925453214
2240	140-144	0.03247872366607396
2240	145-149	-0.0029743238704895703
2240	150	0.005809086501336935
2241	1	0.13869746619062795
2241	2	0.0648519007562598
2241	3	0.08043991070057643
2241	4	0.10579301694782828
2241	5	0.13037370607019483
2241	6	0.0914224635504226
2241	7	0.1409918352433408
2241	8	0.08694662979830525
2241	9	0.17611943024379428
2241	10-14	0.09758258138901965
2241	15-19	0.09609268009595695
2241	20-24	0.10841776200002329
2241	25-29	0.08521748735567058
2241	30-34	0.13538641021035147
2241	35-39	0.09474688553999044
2241	40-44	0.09156426934278272
2241	45-49	0.11268623662144961
2241	50-54	0.0997959325909008
2241	55-59	0.08774309490142684
2241	60-64	0.06695944659418984
2241	65-69	0.06319214138700602
2241	70-74	0.034450196105431985
2241	75-79	0.05278872139511748
2241	80-84	0.02558520765136052
2241	85-89	0.0772343793259509
2241	90-94	0.08697983206536009
2241	95-99	0.05120556621508143
2241	100-104	0.04140915472222417
2241	105-109	0.06953652569641378
2241	110-114	0.039228986419310274
2241	115-119	-0.00916372867590809
2241	120-124	0.013157145198128717
2241	125-129	0.0406439520301376
2241	130-134	0.05838649733104262
2241	135-139	0.007869026842364235
2241	140-144	0.02656481265505306
2241	145-149	-0.028121012112208632
2241	150	-0.1707304769284832
2242	1	0.10770664547508346
2242	2	0.0888276892183768
2242	3	0.1451267464917052
2242	4	0.07272252366429655
2242	5	0.12671651928663152
2242	6	0.13928264223832798
2242	7	0.16126077237760228
2242	8	0.11979128722804688
2242	9	0.09322103645415325
2242	10-14	0.10247237736107451
2242	15-19	0.06113251618651816
2242	20-24	0.07426186388323686
2242	25-29	0.11285337380444105
2242	30-34	0.12525047153401658
2242	35-39	0.0971346523744856
2242	40-44	0.08197080096057618
2242	45-49	0.09270184299120388
2242	50-54	0.10503021770387022
2242	55-59	0.1235837671746225
2242	60-64	0.08163204553834191
2242	65-69	0.04818112717415346
2242	70-74	0.0999382800966373
2242	75-79	0.05174368653418071
2242	80-84	0.07492348442031016
2242	85-89	0.03595742700159121
2242	90-94	0.06873827223307671
2242	95-99	0.048215809007487564
2242	100-104	0.060990196813001774
2242	105-109	0.08292090276859909
2242	110-114	0.042959098356526226
2242	115-119	0.05228625550106614
2242	120-124	0.0790144780641171
2242	125-129	0.05057256662243503
2242	130-134	0.040084276150786025
2242	135-139	0.04621891437901127
2242	140-144	0.020228448575537072
2242	145-149	0.02449564685572625
2242	150	-0.08948382819714595
2243	1	0.07898433865710786
2243	2	0.18053634104312977
2243	3	0.049569938764193466
2243	4	0.11452391810155405
2243	5	0.07798829914783312
2243	6	0.07177793595453608
2243	7	0.10045550845818241
2243	8	0.12810659238015631
2243	9	0.07540224907759807
2243	10-14	0.11136493249597379
2243	15-19	0.1003334035134884
2243	20-24	0.09619450038480437
2243	25-29	0.11427891548164837
2243	30-34	0.10495298333164982
2243	35-39	0.1188815908720855
2243	40-44	0.12330733139454253
2243	45-49	0.11823659521202501
2243	50-54	0.1090257423819807
2243	55-59	0.12578487849980036
2243	60-64	0.07818489093469339
2243	65-69	0.07847121840603677
2243	70-74	0.08789578388217478
2243	75-79	0.07972978781232598
2243	80-84	0.09094223914496524
2243	85-89	0.059523122699822295
2243	90-94	0.11417035280125276
2243	95-99	0.10596078916488239
2243	100-104	0.07820366672722656
2243	105-109	0.1319624689455594
2243	110-114	0.059684240550900824
2243	115-119	0.07876891865804225
2243	120-124	0.09067507472727954
2243	125-129	0.06590120179626524
2243	130-134	0.04566432707846957
2243	135-139	0.018657926125186464
2243	140-144	0.062423870964998684
2243	145-149	-0.002115399390049788
2243	150	-0.03696059853746192
2244	1	0.10604001607809721
2244	2	0.07137362345615372
2244	3	0.056677507024502916
2244	4	0.10685666675210115
2244	5	0.09484381040806511
2244	6	0.10521095799322211
2244	7	0.032152175727553356
2244	8	0.07248391878101756
2244	9	0.0778320643724868
2244	10-14	0.07708413011042836
2244	15-19	0.08607865507340051
2244	20-24	0.05151897995027355
2244	25-29	0.06798864732018473
2244	30-34	0.0913572190938865
2244	35-39	0.06533292295852533
2244	40-44	0.08923869696120335
2244	45-49	0.08645279722351518
2244	50-54	0.09365453470486074
2244	55-59	0.10220501135476923
2244	60-64	0.10280833060975425
2244	65-69	0.05553392093505494
2244	70-74	0.061636782780823296
2244	75-79	0.09809890462349813
2244	80-84	0.05954368839083912
2244	85-89	0.07725182097345851
2244	90-94	0.054235367511346055
2244	95-99	0.08051809592644332
2244	100-104	0.07537292609478641
2244	105-109	0.08618302788060106
2244	110-114	0.03821419260768266
2244	115-119	0.017258642523813705
2244	120-124	0.05681167034636303
2244	125-129	0.0019079521014475631
2244	130-134	0.0429719180904371
2244	135-139	-9.958067846653762E-4
2244	140-144	0.022321899341775975
2244	145-149	-0.05179671142053621
2244	150	0.0397826505275205
2245	1	0.06691542180094956
2245	2	0.1393457261643718
2245	3	0.02879865993724451
2245	4	0.06411439418516096
2245	5	0.08209833010956658
2245	6	0.06843469818884529
2245	7	0.07839032379849442
2245	8	0.06856788175955586
2245	9	0.07730137989795338
2245	10-14	0.07416885111283023
2245	15-19	0.07338841204779101
2245	20-24	0.09388560033251991
2245	25-29	0.049918700569691055
2245	30-34	0.05040532160883515
2245	35-39	0.06053494856402608
2245	40-44	0.035007478287539584
2245	45-49	0.07426767751548624
2245	50-54	0.05704762724757728
2245	55-59	0.0620422952262345
2245	60-64	0.05886144979223218
2245	65-69	0.07311692764554323
2245	70-74	0.045112182248942645
2245	75-79	0.040416939443026934
2245	80-84	0.06535622770685734
2245	85-89	0.056170218044925946
2245	90-94	0.07546205905237713
2245	95-99	0.048883462843782866
2245	100-104	0.045656164046604886
2245	105-109	0.03516756735036353
2245	110-114	0.041915215760766955
2245	115-119	0.019959130344936682
2245	120-124	0.05628481036312394
2245	125-129	0.034519205342711246
2245	130-134	-0.06917260391641378
2245	135-139	0.005174821102890803
2245	140-144	-0.007128745888628885
2245	145-149	-0.02737524318574458
2245	150	-0.08412457370414472
2246	1	0.08467585091771923
2246	2	0.09275449208070796
2246	3	0.06328411331216444
2246	4	0.09761197519508613
2246	5	0.12256784369024842
2246	6	0.109945231464458
2246	7	0.10494090017475344
2246	8	0.10237669895483492
2246	9	0.16272186930209642
2246	10-14	0.09908847243179508
2246	15-19	0.10789973239276662
2246	20-24	0.1113792424379696
2246	25-29	0.1049221017809927
2246	30-34	0.1499163782743338
2246	35-39	0.08158088462900537
2246	40-44	0.1065440748104578
2246	45-49	0.13334179633167054
2246	50-54	0.0959297975599398
2246	55-59	0.12934045511126158
2246	60-64	0.10950212318729058
2246	65-69	0.10548717537332664
2246	70-74	0.0726948333050359
2246	75-79	0.11046363914993407
2246	80-84	0.10758844170240422
2246	85-89	0.07819602049276853
2246	90-94	0.0950193083953792
2246	95-99	0.10421074330289315
2246	100-104	0.032703724106170284
2246	105-109	0.1069039358770496
2246	110-114	0.08193791422060315
2246	115-119	0.002767653559985206
2246	120-124	0.07687748392623917
2246	125-129	0.0643618570575768
2246	130-134	0.02563698573029427
2246	135-139	0.003427067769521841
2246	140-144	0.029609215242814457
2246	145-149	-0.0292611989384568
2246	150	-0.09018874213490591
2247	1	0.06888968665017359
2247	2	0.09191476003034893
2247	3	0.07574082800310578
2247	4	0.12888081335279367
2247	5	0.06164307614639597
2247	6	0.04482757436208118
2247	7	0.1459929870053216
2247	8	0.06265504545982026
2247	9	0.04546739300537439
2247	10-14	0.06913625641705323
2247	15-19	0.09839205355964964
2247	20-24	0.053223474739446885
2247	25-29	0.040116206383032704
2247	30-34	0.09037172011733219
2247	35-39	0.05157394320632136
2247	40-44	0.03743060694286271
2247	45-49	0.06305273244704068
2247	50-54	0.061236437653846565
2247	55-59	0.08635162743794211
2247	60-64	0.10287001928653439
2247	65-69	0.05936111029870972
2247	70-74	0.017729768481039798
2247	75-79	0.01975111073197411
2247	80-84	0.06387768106419145
2247	85-89	0.04814569307445282
2247	90-94	0.0432704529101926
2247	95-99	0.045777232136835266
2247	100-104	0.07039825808385558
2247	105-109	0.035434245854396806
2247	110-114	0.027169447298817317
2247	115-119	0.015778624104754613
2247	120-124	0.041131597655116536
2247	125-129	0.05688313474581719
2247	130-134	0.002541026578917638
2247	135-139	0.030849277201106418
2247	140-144	-0.006356120875906868
2247	145-149	-0.006087479695146669
2247	150	-0.03724046728726904
2248	1	-0.014907128634000344
2248	2	0.016798955396680526
2248	3	0.11912741839203989
2248	4	0.06949161898815248
2248	5	0.09906426309400018
2248	6	0.04891052511308658
2248	7	0.048792417513780606
2248	8	0.01454234168545554
2248	9	0.09277655878247515
2248	10-14	0.0714428898391759
2248	15-19	0.0525545251457018
2248	20-24	0.05543861019634733
2248	25-29	0.07941084715479718
2248	30-34	0.052120245378297625
2248	35-39	0.06309114397421212
2248	40-44	0.0786201260545667
2248	45-49	0.09137550563939811
2248	50-54	0.09113146844293141
2248	55-59	0.12178385612722309
2248	60-64	0.08053956070175872
2248	65-69	0.07025678178238337
2248	70-74	0.029551184083373983
2248	75-79	0.07879416200069755
2248	80-84	0.10516015998223338
2248	85-89	0.07815520311039137
2248	90-94	0.11269221548146646
2248	95-99	0.08061363716384307
2248	100-104	0.0801410684952586
2248	105-109	0.11499653454894343
2248	110-114	0.04524658419373395
2248	115-119	0.0011975182399694972
2248	120-124	0.06326263832794865
2248	125-129	0.04106122002914958
2248	130-134	0.052799191044684335
2248	135-139	0.017407097455496512
2248	140-144	0.03565015925053672
2248	145-149	-0.022717583721750145
2248	150	-0.05402653267589841
2249	1	0.062036123066064874
2249	2	0.14233565445955065
2249	3	0.09628274279577198
2249	4	0.0838668878493749
2249	5	0.11229148107787523
2249	6	0.10322656012195353
2249	7	0.10572413556121774
2249	8	0.08762605690046854
2249	9	0.06729250086142002
2249	10-14	0.09361801032849826
2249	15-19	0.082279979687236
2249	20-24	0.06248919093658145
2249	25-29	0.11139847756371068
2249	30-34	0.09677415321105798
2249	35-39	0.08496883123986976
2249	40-44	0.06924865266994118
2249	45-49	0.07031554429077858
2249	50-54	0.07223035407375988
2249	55-59	0.05998855619839105
2249	60-64	0.0741235175776751
2249	65-69	0.06308707263007562
2249	70-74	0.08508708598844095
2249	75-79	0.0449926313140665
2249	80-84	0.03743808510254354
2249	85-89	0.048522362506766115
2249	90-94	0.0847875842818624
2249	95-99	0.025155612549617956
2249	100-104	0.0673965403372776
2249	105-109	0.07300659884582217
2249	110-114	0.04668609320196282
2249	115-119	0.04318110540702236
2249	120-124	0.07703448027238124
2249	125-129	0.03549274955953763
2249	130-134	-0.03785029148499319
2249	135-139	-0.0050194365526223805
2249	140-144	0.05083680549272884
2249	145-149	-0.003661490383905175
2249	150	-0.1076956489869687
2250	1	0.1173885789130864
2250	2	0.11570266112644134
2250	3	0.0937082394481834
2250	4	0.1043986008059079
2250	5	0.1415790896714526
2250	6	0.13313341478588114
2250	7	0.12688786958576515
2250	8	0.055083164358187275
2250	9	0.14529902586213694
2250	10-14	0.10254595885403717
2250	15-19	0.10075810689207998
2250	20-24	0.11512667697306966
2250	25-29	0.08939703525672371
2250	30-34	0.1457841640308004
2250	35-39	0.14459273920916615
2250	40-44	0.15235066590231128
2250	45-49	0.12399439742755902
2250	50-54	0.12696687949868846
2250	55-59	0.15869045065252863
2250	60-64	0.09762185804696344
2250	65-69	0.14910494494933602
2250	70-74	0.09883517766220962
2250	75-79	0.13293065404673854
2250	80-84	0.12805548318658566
2250	85-89	0.12651946716568574
2250	90-94	0.15635290669695934
2250	95-99	0.1291898202876638
2250	100-104	0.133207545461417
2250	105-109	0.14830427823336834
2250	110-114	0.12953413753023568
2250	115-119	0.0403866673094484
2250	120-124	0.07217136047167827
2250	125-129	0.12912451073924558
2250	130-134	0.10698170998169587
2250	135-139	0.06767355733634872
2250	140-144	0.09679559100977997
2250	145-149	-0.025431159126270586
2250	150	-0.02236173639037986
2251	1	0.09561319147780267
2251	2	0.08770724327656154
2251	3	0.07455948759184139
2251	4	0.09551927991915932
2251	5	0.12999677695695766
2251	6	0.05413202273781792
2251	7	0.08759899432300244
2251	8	0.040867142452860605
2251	9	0.08812631558546258
2251	10-14	0.10414269592283887
2251	15-19	0.09542130897471424
2251	20-24	0.10494825334976099
2251	25-29	0.07695645117405547
2251	30-34	0.10107690206704234
2251	35-39	0.08970172418850098
2251	40-44	0.09636671001683794
2251	45-49	0.07010853296532815
2251	50-54	0.07430279253627958
2251	55-59	0.10051536112290194
2251	60-64	0.053922110972195014
2251	65-69	0.11999110185212203
2251	70-74	0.08090558703830197
2251	75-79	0.06302567494102362
2251	80-84	0.025451347507349453
2251	85-89	0.1049245052827672
2251	90-94	0.07788759753070451
2251	95-99	0.09036850108036276
2251	100-104	0.07205047309953017
2251	105-109	0.1277909781957547
2251	110-114	0.03940810514627202
2251	115-119	0.01794356967209154
2251	120-124	0.05259764926921662
2251	125-129	0.06677885840397835
2251	130-134	0.04951091963831544
2251	135-139	0.013447326174201635
2251	140-144	0.03254289291134427
2251	145-149	-0.018627158446420822
2251	150	-0.15883021724793167
2252	1	0.03355169180404971
2252	2	0.05782878448934525
2252	3	0.14324178591686376
2252	4	0.18514355470385624
2252	5	0.117061717162521
2252	6	0.12137025473130336
2252	7	0.12869272551132838
2252	8	0.056467824855310766
2252	9	0.10048973987069587
2252	10-14	0.10848660899520723
2252	15-19	0.1246642790446657
2252	20-24	0.09041232701981983
2252	25-29	0.08907918178682905
2252	30-34	0.12482032318641245
2252	35-39	0.11805195520657463
2252	40-44	0.0798843518581478
2252	45-49	0.13635646601439788
2252	50-54	0.10701073703528863
2252	55-59	0.1404222954549681
2252	60-64	0.09075115223809149
2252	65-69	0.12024038967638973
2252	70-74	0.10035859320177565
2252	75-79	0.12055513766488701
2252	80-84	0.12405258709411271
2252	85-89	0.13408941978244826
2252	90-94	0.14579288117312217
2252	95-99	0.13339585900266115
2252	100-104	0.10273884934650823
2252	105-109	0.11268877573859015
2252	110-114	0.10533026433408565
2252	115-119	0.013778104878731767
2252	120-124	0.08294597273012982
2252	125-129	0.06914387710534697
2252	130-134	0.040430576186153644
2252	135-139	0.04757946901015231
2252	140-144	0.06556769172875931
2252	145-149	0.012196580476640406
2252	150	0.010781876427181203
2253	1	0.03639618599871852
2253	2	0.0893724133574949
2253	3	0.08566039596615127
2253	4	0.11224853613191499
2253	5	0.045491056388250684
2253	6	0.06703656537283109
2253	7	0.07729852536166248
2253	8	0.012945312694270683
2253	9	0.09145375647990761
2253	10-14	0.08452389450222597
2253	15-19	0.06824122779232766
2253	20-24	0.09646405945507297
2253	25-29	0.12409989238123842
2253	30-34	0.1356214124177484
2253	35-39	0.12743821199565986
2253	40-44	0.086416588530291
2253	45-49	0.12025324748243804
2253	50-54	0.12503780756391336
2253	55-59	0.1536513947984659
2253	60-64	0.1268670220403081
2253	65-69	0.0836235514774728
2253	70-74	0.10653476310080379
2253	75-79	0.07805888870695554
2253	80-84	0.0899188393022996
2253	85-89	0.11307689734993431
2253	90-94	0.10527205773760073
2253	95-99	0.07646209726063802
2253	100-104	0.08022027043541868
2253	105-109	0.11360753004579038
2253	110-114	0.09313648814800501
2253	115-119	0.07350804906537434
2253	120-124	0.11159213597397866
2253	125-129	0.13343936573808435
2253	130-134	0.05078602711294877
2253	135-139	0.05478200779573683
2253	140-144	0.08698055269420024
2253	145-149	0.06227953718456547
2253	150	0.08827787222520556
2254	1	0.11324864706547544
2254	2	0.10651144617632724
2254	3	0.11452187185457063
2254	4	0.12557248103038177
2254	5	0.08278581616237801
2254	6	0.03826211089521081
2254	7	0.057959087140432075
2254	8	0.07315931849930024
2254	9	0.08694268969193786
2254	10-14	0.09247194623161903
2254	15-19	0.09269312819874642
2254	20-24	0.0864687677030389
2254	25-29	0.09743810032465205
2254	30-34	0.11657219950090081
2254	35-39	0.1359023502389647
2254	40-44	0.06446556513275681
2254	45-49	0.08063889808955338
2254	50-54	0.0470736563924774
2254	55-59	0.09858542941822179
2254	60-64	0.08811022559716974
2254	65-69	0.07561343505808082
2254	70-74	0.09253194536772469
2254	75-79	0.07315373855713858
2254	80-84	0.06777519504621665
2254	85-89	0.0646239723132922
2254	90-94	0.04968291520997781
2254	95-99	0.00414331219305808
2254	100-104	0.0899204975497554
2254	105-109	0.06756355392737134
2254	110-114	0.022790909962523642
2254	115-119	0.005357276894663698
2254	120-124	0.00463901220478391
2254	125-129	0.028319637337247627
2254	130-134	0.0013636672043730869
2254	135-139	-0.039554618104197914
2254	140-144	-0.00439166888328657
2254	145-149	-0.053312902920566785
2254	150	-0.06746187891712907
2255	1	0.1120251792326954
2255	2	0.17290865918285192
2255	3	0.11113301496440897
2255	4	0.11575360832012649
2255	5	0.09876929256066092
2255	6	0.13880134644136177
2255	7	0.151908575552973
2255	8	0.11160625653757705
2255	9	0.10914320682562106
2255	10-14	0.1258569771154896
2255	15-19	0.14595667834107218
2255	20-24	0.12679893128408537
2255	25-29	0.11879018128649221
2255	30-34	0.1621219230497175
2255	35-39	0.14954454331762435
2255	40-44	0.12190336998983042
2255	45-49	0.12147930973222998
2255	50-54	0.1225296754121743
2255	55-59	0.13424866731098462
2255	60-64	0.13332297586691055
2255	65-69	0.14179666694787585
2255	70-74	0.13596294645858364
2255	75-79	0.10556566122316724
2255	80-84	0.1454367020418701
2255	85-89	0.11634850223354931
2255	90-94	0.12245085458231131
2255	95-99	0.1043618038449452
2255	100-104	0.12160112034053583
2255	105-109	0.1449901239690874
2255	110-114	0.1458529250755447
2255	115-119	0.06554098925967367
2255	120-124	0.04792334141689736
2255	125-129	0.08596885128574172
2255	130-134	0.13022002825124446
2255	135-139	0.04465070971335905
2255	140-144	0.09783534675469951
2255	145-149	0.042451230020390085
2255	150	0.05089228588349215
2256	1	0.13963524688490736
2256	2	0.1334826711326258
2256	3	0.12071561357070237
2256	4	0.1618990047822777
2256	5	0.11321470453902549
2256	6	0.16337357096936245
2256	7	0.12634308414383355
2256	8	0.08745915138122484
2256	9	0.15374271466360057
2256	10-14	0.08383664782019906
2256	15-19	0.09064191707290803
2256	20-24	0.10268781724298748
2256	25-29	0.07175690206882024
2256	30-34	0.1152096397129796
2256	35-39	0.13492985749034858
2256	40-44	0.08874446983703876
2256	45-49	0.097445031515079
2256	50-54	0.08939715473089649
2256	55-59	0.05769577537185455
2256	60-64	0.09591284378038267
2256	65-69	0.0478541331122031
2256	70-74	0.06867616634777107
2256	75-79	0.06868858363675656
2256	80-84	0.0869292126032164
2256	85-89	0.06961636555941908
2256	90-94	0.07828622107447814
2256	95-99	0.04755194470617141
2256	100-104	0.06875703878182549
2256	105-109	0.07755088560873702
2256	110-114	0.09477538911118444
2256	115-119	0.01730745841948078
2256	120-124	0.07343875864631855
2256	125-129	0.07329116963714455
2256	130-134	0.05994017654953865
2256	135-139	0.005925807950852402
2256	140-144	0.062179826919553705
2256	145-149	0.021113056087479265
2256	150	-0.022017191159008576
2257	1	0.04785461515981382
2257	2	0.09614899069759275
2257	3	0.03239442879689136
2257	4	0.10141277314973962
2257	5	0.07010496255129084
2257	6	0.07523316833138693
2257	7	0.03146601599620169
2257	8	0.10192230075065822
2257	9	0.07784748152695897
2257	10-14	0.09943875357052434
2257	15-19	0.06934560792099376
2257	20-24	0.06573403961947122
2257	25-29	0.10680555415721216
2257	30-34	0.08299044498892272
2257	35-39	0.0897412655662464
2257	40-44	0.07942878084016058
2257	45-49	0.09270749825117974
2257	50-54	0.04469982741399292
2257	55-59	0.10967662692802094
2257	60-64	0.06975890417607644
2257	65-69	0.05809010441846851
2257	70-74	0.07461808466316455
2257	75-79	0.09398807455426805
2257	80-84	0.040085871170845166
2257	85-89	0.0931726538852331
2257	90-94	0.04768764419144844
2257	95-99	0.05402724263512226
2257	100-104	0.04702205093038714
2257	105-109	0.07355152196185344
2257	110-114	0.0714381219585718
2257	115-119	0.009522372222555475
2257	120-124	0.04972500184890549
2257	125-129	0.04708950354896757
2257	130-134	-0.00784814926325339
2257	135-139	0.030598086095018573
2257	140-144	-0.005163630213374404
2257	145-149	-0.021214492217509928
2257	150	-0.09211842915507873
2258	1	0.07329547264620828
2258	2	0.05528606647082057
2258	3	0.04217069203651391
2258	4	0.06346924206042104
2258	5	0.09053334322400985
2258	6	0.0051384895564723365
2258	7	0.1432415904432034
2258	8	0.07983912602088594
2258	9	0.097917931719401
2258	10-14	0.06204422645082275
2258	15-19	0.06623332868204557
2258	20-24	0.09246509026989713
2258	25-29	0.06341287590191058
2258	30-34	0.10734296180090297
2258	35-39	0.08859859486349109
2258	40-44	0.108118032654275
2258	45-49	0.11514894181548385
2258	50-54	0.08112714468758497
2258	55-59	0.09184057165543891
2258	60-64	0.09481974148204841
2258	65-69	0.10034591232991374
2258	70-74	0.07965796817262571
2258	75-79	0.1185154721869992
2258	80-84	0.10715933634149621
2258	85-89	0.0643392631525117
2258	90-94	0.0708447553710414
2258	95-99	0.1161999362372157
2258	100-104	0.0917555788174127
2258	105-109	0.1625992117876649
2258	110-114	0.09470031630685583
2258	115-119	0.076315293367891
2258	120-124	0.10612788511064508
2258	125-129	0.16696929111083136
2258	130-134	0.10053764710788471
2258	135-139	0.0816431778434108
2258	140-144	0.11418822801617523
2258	145-149	0.07174452462166414
2258	150	0.03902551037617741
2259	1	0.14194659721696468
2259	2	0.21704427891707212
2259	3	0.09428841195229865
2259	4	0.18326040157018753
2259	5	0.13187628394649664
2259	6	0.17801202771964597
2259	7	0.16225454569531905
2259	8	0.08783274340272129
2259	9	0.09154994118051007
2259	10-14	0.11290256478551441
2259	15-19	0.14859868337936888
2259	20-24	0.09659163074218924
2259	25-29	0.09639950094197758
2259	30-34	0.129397154301941
2259	35-39	0.09608715746700369
2259	40-44	0.09701939008400728
2259	45-49	0.10321236549834367
2259	50-54	0.10039243133774534
2259	55-59	0.10228063625601891
2259	60-64	0.08980052359657265
2259	65-69	0.15109088175171337
2259	70-74	0.11657970294262299
2259	75-79	0.11166751373329475
2259	80-84	0.13968944547748663
2259	85-89	0.11483106940907817
2259	90-94	0.14298967024994624
2259	95-99	0.10520732008318845
2259	100-104	0.1303097284155328
2259	105-109	0.15535225365351124
2259	110-114	0.1236274489591409
2259	115-119	0.07559187579900595
2259	120-124	0.13213721667815292
2259	125-129	0.10245343100737614
2259	130-134	0.11744193866810804
2259	135-139	0.0783699922730321
2259	140-144	0.05190284247653665
2259	145-149	0.07308125099152107
2259	150	0.0787548227365491
2260	1	0.11535983177080311
2260	2	0.0882164985089986
2260	3	0.07635119669645007
2260	4	0.07158046151534592
2260	5	0.06227186527186035
2260	6	0.05687170674330133
2260	7	0.11632966333527861
2260	8	0.10520312560586831
2260	9	0.059454017517069246
2260	10-14	0.08159570238466785
2260	15-19	0.07682073937237988
2260	20-24	0.07898661729202416
2260	25-29	0.10189396084744828
2260	30-34	0.12124567871831715
2260	35-39	0.0918009529660182
2260	40-44	0.10320277454778903
2260	45-49	0.12095090405845355
2260	50-54	0.12424181797904765
2260	55-59	0.1249858070821972
2260	60-64	0.10877377737369187
2260	65-69	0.11496901777767476
2260	70-74	0.1239444553074307
2260	75-79	0.045140673489683536
2260	80-84	0.06349368221239615
2260	85-89	0.06301391754843166
2260	90-94	0.09256573586686301
2260	95-99	0.1103743968341746
2260	100-104	0.06885687086269598
2260	105-109	0.12521421355292972
2260	110-114	0.08306823450762124
2260	115-119	0.09986604507708563
2260	120-124	0.10946654625407604
2260	125-129	0.15053159466217636
2260	130-134	0.08559638527809454
2260	135-139	0.05919181751253433
2260	140-144	0.09116487032178355
2260	145-149	0.06555004131476494
2260	150	0.042782878691639326
2261	1	0.07097699018081727
2261	2	0.10002495968983993
2261	3	0.10476440983704549
2261	4	0.1371672071142669
2261	5	0.12100951531486714
2261	6	0.051555917749389835
2261	7	0.1388061172753865
2261	8	0.10995695647341108
2261	9	0.11691196901106338
2261	10-14	0.1109241976869626
2261	15-19	0.1237713165153238
2261	20-24	0.10589858230313354
2261	25-29	0.11482696198595477
2261	30-34	0.14459056018799998
2261	35-39	0.11816807815174002
2261	40-44	0.08463702717418897
2261	45-49	0.12920631026067042
2261	50-54	0.1220602325307496
2261	55-59	0.15138464526387452
2261	60-64	0.11768613675821626
2261	65-69	0.13113428806499883
2261	70-74	0.10676621147815268
2261	75-79	0.09503437018390315
2261	80-84	0.10132973321994143
2261	85-89	0.1026183063200179
2261	90-94	0.08975076368649582
2261	95-99	0.11615736959411294
2261	100-104	0.11000455507035412
2261	105-109	0.09372662456102887
2261	110-114	0.11796501374344359
2261	115-119	0.09182769777995503
2261	120-124	0.08794594408137613
2261	125-129	0.08877774604303568
2261	130-134	0.05900302792731793
2261	135-139	0.10322726506158375
2261	140-144	0.11814277533537165
2261	145-149	0.05028784776376938
2261	150	0.019500837890788603
2262	1	0.0644164367746356
2262	2	0.0794857669206337
2262	3	0.02363905154678747
2262	4	0.1346973261720521
2262	5	0.06418580160163145
2262	6	0.12624635641101634
2262	7	0.1140784082246924
2262	8	0.09648630407032499
2262	9	0.1036575572342926
2262	10-14	0.07745859186342585
2262	15-19	0.07779079168071235
2262	20-24	0.062382361120135954
2262	25-29	0.07935341576029487
2262	30-34	0.07515637052827628
2262	35-39	0.06384087742573286
2262	40-44	0.0631673821571539
2262	45-49	0.08965285053126593
2262	50-54	0.08737878700896573
2262	55-59	0.08974651396499667
2262	60-64	0.07901669688511959
2262	65-69	0.09059191102953434
2262	70-74	0.07017149475481688
2262	75-79	0.08453429081847474
2262	80-84	0.091019851042617
2262	85-89	0.10837564303832181
2262	90-94	0.09618669649076139
2262	95-99	0.1150386114193509
2262	100-104	0.11130426641178559
2262	105-109	0.1259166712201818
2262	110-114	0.09818889660876096
2262	115-119	0.10631761451138999
2262	120-124	0.11021525484694905
2262	125-129	0.11936160055873302
2262	130-134	0.11361462222672003
2262	135-139	0.07104240007206641
2262	140-144	0.12123718738232014
2262	145-149	0.10264293590764595
2262	150	0.10771022366029825
2263	1	0.02110699630015489
2263	2	0.03346115780741599
2263	3	0.11680751941717915
2263	4	0.12076446186654977
2263	5	0.15574214410404608
2263	6	0.15602924607323843
2263	7	0.07448296835185886
2263	8	0.02108632104133079
2263	9	0.07931414197389586
2263	10-14	0.0912004421796766
2263	15-19	0.07509306052246245
2263	20-24	0.07624092617756162
2263	25-29	0.0989605785636769
2263	30-34	0.12081854358122257
2263	35-39	0.11928537123468885
2263	40-44	0.09114616104155715
2263	45-49	0.10979825728563242
2263	50-54	0.07067413274776868
2263	55-59	0.0916801410761181
2263	60-64	0.09993183423161156
2263	65-69	0.13479783805608747
2263	70-74	0.09649717548200698
2263	75-79	0.07625518090807759
2263	80-84	0.08992225157437872
2263	85-89	0.1056890303177127
2263	90-94	0.12164475436083677
2263	95-99	0.07041636815288399
2263	100-104	0.10713123591833806
2263	105-109	0.11095109064741848
2263	110-114	0.10370282414707788
2263	115-119	0.048930866222313796
2263	120-124	0.10414447247801917
2263	125-129	0.14625456205631338
2263	130-134	0.06054278954535164
2263	135-139	0.11416419286627644
2263	140-144	0.08078206914155572
2263	145-149	0.0655538861909406
2263	150	0.004886267938033484
2264	1	0.16770258825392403
2264	2	0.1306447561745756
2264	3	0.0770808733034869
2264	4	0.11157390732783057
2264	5	0.11472973576587009
2264	6	0.09869321465656355
2264	7	0.0952189292476362
2264	8	0.08867129142107899
2264	9	0.11449313692786234
2264	10-14	0.10053426519125708
2264	15-19	0.1148041770036059
2264	20-24	0.11683280691073605
2264	25-29	0.10835749070749046
2264	30-34	0.12306634370458625
2264	35-39	0.14270055534242942
2264	40-44	0.12071200266318272
2264	45-49	0.18630237523127846
2264	50-54	0.16172319796523738
2264	55-59	0.13648539572521656
2264	60-64	0.13882392436267565
2264	65-69	0.14567498491241082
2264	70-74	0.15232959209599528
2264	75-79	0.1566233892571276
2264	80-84	0.1455140635565897
2264	85-89	0.10418531084226146
2264	90-94	0.14111655368525078
2264	95-99	0.18478552702583073
2264	100-104	0.14070091560491704
2264	105-109	0.14554538351697488
2264	110-114	0.10520151932965405
2264	115-119	0.12827856265776916
2264	120-124	0.14317955512645852
2264	125-129	0.15324765455758893
2264	130-134	0.09624851690143288
2264	135-139	0.10568044595418513
2264	140-144	0.14835067250660217
2264	145-149	0.07861566791272168
2264	150	0.0645602132159695
2265	1	0.17538212339010784
2265	2	0.09841654645136089
2265	3	0.17263818444660473
2265	4	0.17811519032532885
2265	5	0.1359492955801116
2265	6	0.0678208481928948
2265	7	0.15869572320648473
2265	8	0.07969003993259349
2265	9	0.10861929449257701
2265	10-14	0.10790048422124698
2265	15-19	0.11333944089826531
2265	20-24	0.09995932776953254
2265	25-29	0.11237766540340033
2265	30-34	0.10595035694340282
2265	35-39	0.1212011379577902
2265	40-44	0.14928223492437098
2265	45-49	0.10784695400901256
2265	50-54	0.12665422693252992
2265	55-59	0.11490614711351554
2265	60-64	0.12486807150812496
2265	65-69	0.08672367728740227
2265	70-74	0.11815087754279574
2265	75-79	0.13319848464210082
2265	80-84	0.11106275922211495
2265	85-89	0.10761593621834464
2265	90-94	0.14619126360079093
2265	95-99	0.07187088511085449
2265	100-104	0.13750568266416963
2265	105-109	0.12191060956858024
2265	110-114	0.09585228117421707
2265	115-119	0.09081959538389839
2265	120-124	0.10532841337299459
2265	125-129	0.15459486612530782
2265	130-134	0.08597396138348756
2265	135-139	0.06304707987764147
2265	140-144	0.12217552966164646
2265	145-149	0.07654118146738398
2265	150	-0.03178797072853001
2266	1	0.15651419886179951
2266	2	0.07923931168489418
2266	3	0.08046373347227131
2266	4	0.08501280863649896
2266	5	0.15945687368094497
2266	6	0.0365805141378317
2266	7	0.08074954318792749
2266	8	0.12206554256172808
2266	9	0.028817253045005486
2266	10-14	0.0935484891702103
2266	15-19	0.05611704683701646
2266	20-24	0.05220182699626008
2266	25-29	0.09988153178137793
2266	30-34	0.07588540179339276
2266	35-39	0.09416742314183324
2266	40-44	0.0773366735262897
2266	45-49	0.11805419186858757
2266	50-54	0.13655215455393233
2266	55-59	0.15251827207484325
2266	60-64	0.11107283488579611
2266	65-69	0.12167573420048683
2266	70-74	0.0991592289192269
2266	75-79	0.11315518120876078
2266	80-84	0.11211441403189326
2266	85-89	0.11565800241073276
2266	90-94	0.12169389273781661
2266	95-99	0.09290398130634259
2266	100-104	0.14604264523763533
2266	105-109	0.1151057843288612
2266	110-114	0.12319530622834662
2266	115-119	0.10987310605510459
2266	120-124	0.11238068680324176
2266	125-129	0.15960569198364993
2266	130-134	0.10484188591178878
2266	135-139	0.14501429299239277
2266	140-144	0.10961753399199381
2266	145-149	0.18603700577916982
2266	150	0.08420336858480226
2267	1	0.17815547104292762
2267	2	0.11405841693891006
2267	3	0.09083712497280061
2267	4	0.16290350828705868
2267	5	0.09998508127985417
2267	6	0.10420265047887511
2267	7	0.06170923665266059
2267	8	0.07502365229672137
2267	9	0.09436141484300009
2267	10-14	0.1287010803046158
2267	15-19	0.11464827931374799
2267	20-24	0.14594435056152122
2267	25-29	0.12988656046827174
2267	30-34	0.14416176570014727
2267	35-39	0.11752663198219437
2267	40-44	0.15954451237526968
2267	45-49	0.13869718154560218
2267	50-54	0.11523404832982465
2267	55-59	0.10099947065010895
2267	60-64	0.15679824021827216
2267	65-69	0.12495492099435523
2267	70-74	0.12551742473982586
2267	75-79	0.13091116034429717
2267	80-84	0.13458729764270316
2267	85-89	0.13121034732346004
2267	90-94	0.13294115273588147
2267	95-99	0.12614873769290824
2267	100-104	0.1440171231185019
2267	105-109	0.1545860166450055
2267	110-114	0.1326057540152803
2267	115-119	0.08857680869412121
2267	120-124	0.13910300248289076
2267	125-129	0.1525144768926836
2267	130-134	0.11191566157792465
2267	135-139	0.1486635597124959
2267	140-144	0.16231090942523707
2267	145-149	0.18209763135241985
2267	150	0.10042126710727928
2268	1	0.1306161054088406
2268	2	0.01457097574913746
2268	3	0.11582960507088558
2268	4	0.09167396414236606
2268	5	0.08687347215861507
2268	6	0.10196524047851341
2268	7	0.15068842814648775
2268	8	0.1263432515720595
2268	9	0.16668737216669882
2268	10-14	0.10767061264708389
2268	15-19	0.11592593552296648
2268	20-24	0.13039797706770884
2268	25-29	0.13371221967473446
2268	30-34	0.16767165791105754
2268	35-39	0.16649493205575538
2268	40-44	0.13318383109129428
2268	45-49	0.12372572655747405
2268	50-54	0.134518444514228
2268	55-59	0.1633591278497306
2268	60-64	0.13466714976743077
2268	65-69	0.10376800876174741
2268	70-74	0.14323450498196166
2268	75-79	0.13084625574563802
2268	80-84	0.09681408410733638
2268	85-89	0.12751625769847408
2268	90-94	0.116472720633503
2268	95-99	0.1403054409679072
2268	100-104	0.14898840972205818
2268	105-109	0.15950288441642613
2268	110-114	0.12351126501270926
2268	115-119	0.11751499854467085
2268	120-124	0.13435115159202837
2268	125-129	0.1890962547735313
2268	130-134	0.1554181219061448
2268	135-139	0.1339025471701376
2268	140-144	0.1350362443383304
2268	145-149	0.15827798806748206
2268	150	0.12856674831594006
2269	1	0.17483254284784522
2269	2	0.05712419633105981
2269	3	0.12202813493335185
2269	4	0.14350993866249695
2269	5	0.18375902492184792
2269	6	0.13240104808758701
2269	7	0.08889663319248342
2269	8	0.12803508848957534
2269	9	0.12175067106480242
2269	10-14	0.12752420241364604
2269	15-19	0.12575794001165264
2269	20-24	0.13954006364456006
2269	25-29	0.12057394281926292
2269	30-34	0.1253976880210601
2269	35-39	0.14109578358506525
2269	40-44	0.13439866071470874
2269	45-49	0.13701639226856344
2269	50-54	0.1517352732983639
2269	55-59	0.1706137237976577
2269	60-64	0.1246137476579392
2269	65-69	0.12054113702394886
2269	70-74	0.14307136592241676
2269	75-79	0.16555917343585946
2269	80-84	0.161971899929938
2269	85-89	0.11646870690611877
2269	90-94	0.18040176928761298
2269	95-99	0.17860834210846832
2269	100-104	0.16101743527265455
2269	105-109	0.20975177049727023
2269	110-114	0.18240563482915206
2269	115-119	0.13748023955198363
2269	120-124	0.15749185195838322
2269	125-129	0.1410529333377184
2269	130-134	0.17782910974615618
2269	135-139	0.13768891987216136
2269	140-144	0.1562400031376967
2269	145-149	0.11708339523144673
2269	150	0.08843189926672324
2270	1	0.1408447741668155
2270	2	0.0644251464021508
2270	3	0.11288716595348802
2270	4	0.16155912761605862
2270	5	0.12936436118809524
2270	6	0.1443784288179728
2270	7	0.14560025828556888
2270	8	0.09150081098425034
2270	9	0.11269730959001123
2270	10-14	0.09445186564735764
2270	15-19	0.09762984966760513
2270	20-24	0.09989542515023686
2270	25-29	0.10476073114190854
2270	30-34	0.09339428634135061
2270	35-39	0.12151883186539436
2270	40-44	0.11118479079332388
2270	45-49	0.12777528277937478
2270	50-54	0.06605023985761704
2270	55-59	0.12186618092924562
2270	60-64	0.12873154744580972
2270	65-69	0.11921185941766055
2270	70-74	0.09041754503082444
2270	75-79	0.09300692308933378
2270	80-84	0.08285523443121434
2270	85-89	0.1118091088601858
2270	90-94	0.1066492391101761
2270	95-99	0.11409734900565383
2270	100-104	0.1033105142084807
2270	105-109	0.15420475450913784
2270	110-114	0.11416776905060289
2270	115-119	0.11228065335966875
2270	120-124	0.06713176088268114
2270	125-129	0.14111098993815574
2270	130-134	0.14371326497392545
2270	135-139	0.0996685169204028
2270	140-144	0.09542349073831247
2270	145-149	0.08799637328088039
2270	150	0.07675677393073954
2271	1	0.14105278154458034
2271	2	0.15213522288871673
2271	3	0.1305132226286645
2271	4	0.12719947835275036
2271	5	0.08940944916196258
2271	6	0.14054536462528233
2271	7	0.09629868110064876
2271	8	0.12850363694282407
2271	9	0.07587985833320232
2271	10-14	0.11000279187022954
2271	15-19	0.07110682505131649
2271	20-24	0.12293968630446983
2271	25-29	0.07563392134868963
2271	30-34	0.12590329997420469
2271	35-39	0.10065110718332448
2271	40-44	0.09744290841815939
2271	45-49	0.10866626726127748
2271	50-54	0.12086400286059273
2271	55-59	0.1137822155428978
2271	60-64	0.11428331233776845
2271	65-69	0.10978770036393826
2271	70-74	0.09980683910142574
2271	75-79	0.07438344874433511
2271	80-84	0.11564691904065683
2271	85-89	0.06442403953961673
2271	90-94	0.10975734040386698
2271	95-99	0.07577684574217614
2271	100-104	0.0926793889527886
2271	105-109	0.1207092276006918
2271	110-114	0.09095614240746386
2271	115-119	0.05313739028948561
2271	120-124	0.07290657297756553
2271	125-129	0.13867219551537602
2271	130-134	0.037205587929022954
2271	135-139	0.09234625012559405
2271	140-144	0.10361347591488368
2271	145-149	0.07299437910950246
2271	150	0.05775303185765779
2272	1	0.16860385702700853
2272	2	0.09292638560428657
2272	3	0.1069607672196895
2272	4	0.18991164616309675
2272	5	0.10404307200116136
2272	6	0.055550743075350795
2272	7	0.11935867111905907
2272	8	0.08313444817684967
2272	9	0.08666200691900627
2272	10-14	0.11940763047666536
2272	15-19	0.07079601329976981
2272	20-24	0.10587858226475078
2272	25-29	0.12531201090159527
2272	30-34	0.11781799440571916
2272	35-39	0.11452853181864242
2272	40-44	0.14272838627469042
2272	45-49	0.11410186668209121
2272	50-54	0.14968892279694757
2272	55-59	0.08000005527426168
2272	60-64	0.13470651491633134
2272	65-69	0.12825332284241142
2272	70-74	0.09457087137192843
2272	75-79	0.14742759934556915
2272	80-84	0.13676396629908538
2272	85-89	0.1474385842860002
2272	90-94	0.15076661976299732
2272	95-99	0.08909731765543683
2272	100-104	0.1312026763719274
2272	105-109	0.17168949972970182
2272	110-114	0.15829998559559044
2272	115-119	0.09121153536889182
2272	120-124	0.1106582717441924
2272	125-129	0.10845670895851356
2272	130-134	0.08963041876684485
2272	135-139	0.1025876860988646
2272	140-144	0.14044577399755553
2272	145-149	0.07532317412716338
2272	150	0.04443025234263587
2273	1	0.15611678728301115
2273	2	0.13545900355762086
2273	3	0.0733620200923113
2273	4	0.09367980190878455
2273	5	0.05738086401044029
2273	6	0.08976945300496197
2273	7	0.10298299626072804
2273	8	0.08545169561095634
2273	9	0.06525183956735248
2273	10-14	0.13522348103134618
2273	15-19	0.10182880008140671
2273	20-24	0.1267397655644018
2273	25-29	0.11002518761053182
2273	30-34	0.1619042828088979
2273	35-39	0.13687276113707725
2273	40-44	0.10953515266017178
2273	45-49	0.13565429797240824
2273	50-54	0.12537262953482298
2273	55-59	0.10119981449042825
2273	60-64	0.1615883471716728
2273	65-69	0.13506215002485789
2273	70-74	0.1166360887007798
2273	75-79	0.1262249864235656
2273	80-84	0.12609217904994097
2273	85-89	0.12936131550846852
2273	90-94	0.1396225537761282
2273	95-99	0.12175438016556228
2273	100-104	0.14692948747440226
2273	105-109	0.13747410316322117
2273	110-114	0.12241015319623472
2273	115-119	0.12510806382618256
2273	120-124	0.12666313721685896
2273	125-129	0.09962186555514307
2273	130-134	0.08451833994941182
2273	135-139	0.09159944394142627
2273	140-144	0.03815773395528055
2273	145-149	-0.004110340368612242
2273	150	0.02931269785744206
2274	1	0.15929856089982053
2274	2	0.1288595981053149
2274	3	0.1577918629089936
2274	4	0.17562342162024436
2274	5	0.1196233854550357
2274	6	0.10007321989195361
2274	7	0.14817528082968323
2274	8	0.16680705717698174
2274	9	0.1305799414729023
2274	10-14	0.13666193868508003
2274	15-19	0.13312228355005828
2274	20-24	0.13358242870891956
2274	25-29	0.13598032090278878
2274	30-34	0.12568681968139828
2274	35-39	0.11220624615961583
2274	40-44	0.1167825670066378
2274	45-49	0.10789998269195422
2274	50-54	0.1004304841684629
2274	55-59	0.1116101337962192
2274	60-64	0.1323755956589494
2274	65-69	0.09792308246951364
2274	70-74	0.12380654852256612
2274	75-79	0.13810632106661558
2274	80-84	0.1408785469998648
2274	85-89	0.13209468102951405
2274	90-94	0.10682549728669954
2274	95-99	0.12590992449858618
2274	100-104	0.13664310935021007
2274	105-109	0.1726404710761429
2274	110-114	0.15404697223655006
2274	115-119	0.09524970824818269
2274	120-124	0.11067324489769703
2274	125-129	0.13125165509561043
2274	130-134	0.13416769739762913
2274	135-139	0.04792072168251593
2274	140-144	0.06610369560010554
2274	145-149	0.03199021107715794
2274	150	0.06861870123530167
2275	1	0.13857157037817558
2275	2	0.16850877570347222
2275	3	0.13706487238734866
2275	4	0.14717420266617154
2275	5	0.16850830583716458
2275	6	0.1609589655852517
2275	7	0.1605959428948367
2275	8	0.1255761203539265
2275	9	0.10464779318920137
2275	10-14	0.1390449450363036
2275	15-19	0.11322868895918248
2275	20-24	0.13597471826521002
2275	25-29	0.12481899789293749
2275	30-34	0.14485752272319274
2275	35-39	0.11469806384898362
2275	40-44	0.1357136948749229
2275	45-49	0.15755613196760265
2275	50-54	0.11545462870530088
2275	55-59	0.12198012064255437
2275	60-64	0.1041784404524293
2275	65-69	0.16606994001543285
2275	70-74	0.12500895185495153
2275	75-79	0.11938242933779009
2275	80-84	0.11036382442870973
2275	85-89	0.12316076605962678
2275	90-94	0.0972043588200151
2275	95-99	0.13328269162204265
2275	100-104	0.11819548808710323
2275	105-109	0.1520634956266278
2275	110-114	0.07836310332006491
2275	115-119	0.07350017649242346
2275	120-124	0.08587106051008675
2275	125-129	0.10107653042804543
2275	130-134	0.054976850466616156
2275	135-139	0.06687950893639538
2275	140-144	0.05234784042180962
2275	145-149	0.05752386636935114
2275	150	-0.04681219939181602
2276	1	0.14131952979543172
2276	2	0.1274530034023229
2276	3	0.14720085704702512
2276	4	0.18196935680850856
2276	5	0.12255440552616648
2276	6	0.1047408361518336
2276	7	0.12280973695029473
2276	8	0.09828188472084065
2276	9	0.07668940379758737
2276	10-14	0.12439197109608102
2276	15-19	0.0905420623370432
2276	20-24	0.11003076810358436
2276	25-29	0.12755143448600137
2276	30-34	0.10842105876057673
2276	35-39	0.10028380577264073
2276	40-44	0.11163022384366883
2276	45-49	0.09767239439285902
2276	50-54	0.07028957963117932
2276	55-59	0.10086930858311405
2276	60-64	0.10286443529180644
2276	65-69	0.07352607546293655
2276	70-74	0.05215870746701512
2276	75-79	0.09937635035954884
2276	80-84	0.04653902486252548
2276	85-89	0.07773612921612028
2276	90-94	0.07659951645688778
2276	95-99	0.0704648160888226
2276	100-104	0.0455190173299016
2276	105-109	0.06577508131483256
2276	110-114	0.07251084604232005
2276	115-119	0.038439456195725086
2276	120-124	0.10467717178303104
2276	125-129	0.05561935095619219
2276	130-134	0.060105589671707094
2276	135-139	0.033154209195359385
2276	140-144	0.061757885143137514
2276	145-149	0.03260019864160313
2276	150	0.10070659563275086
2277	1	0.1697734069100747
2277	2	0.1459919481669516
2277	3	0.1455323582496746
2277	4	0.11761859663924668
2277	5	0.06892751776966577
2277	6	0.11569939513411498
2277	7	0.1817046095904118
2277	8	0.12513456286320945
2277	9	0.07937372730516046
2277	10-14	0.07830067926683171
2277	15-19	0.0622119708835811
2277	20-24	0.09454496330960183
2277	25-29	0.12087418934778071
2277	30-34	0.12019024509466192
2277	35-39	0.12010810050139042
2277	40-44	0.09336108235216045
2277	45-49	0.0959291563595599
2277	50-54	0.11535460664912733
2277	55-59	0.08797394308203366
2277	60-64	0.10299033006431557
2277	65-69	0.09245584814340191
2277	70-74	0.07351323915872854
2277	75-79	0.05520180931775798
2277	80-84	0.11228472250310517
2277	85-89	0.10704170383224465
2277	90-94	0.0772551145392697
2277	95-99	0.04639570472885168
2277	100-104	0.06741016446452619
2277	105-109	0.1260885422337381
2277	110-114	0.07591360956296
2277	115-119	0.004038297373263333
2277	120-124	0.07370812188926834
2277	125-129	0.09168979469930605
2277	130-134	0.06592262416818784
2277	135-139	0.012678966016032689
2277	140-144	0.03803066072932637
2277	145-149	0.03296577474272766
2277	150	0.04332702361266172
2278	1	0.18410417429983283
2278	2	0.08210481112902102
2278	3	0.1463857771446584
2278	4	0.07045770847827981
2278	5	0.12083416295724447
2278	6	0.15045043132865743
2278	7	0.08818227491236996
2278	8	0.08500565747656452
2278	9	0.08608454543546173
2278	10-14	0.08796168188848696
2278	15-19	0.08434840783174735
2278	20-24	0.12560335792398547
2278	25-29	0.12407914646429674
2278	30-34	0.12419194499251773
2278	35-39	0.12229537438128091
2278	40-44	0.12728615093941897
2278	45-49	0.14077602048850224
2278	50-54	0.05973199399788598
2278	55-59	0.1213077872714905
2278	60-64	0.12018476412296053
2278	65-69	0.10441608888579879
2278	70-74	0.09702790810324302
2278	75-79	0.13198728280572425
2278	80-84	0.09873681803012602
2278	85-89	0.08140272161572426
2278	90-94	0.11367237064233393
2278	95-99	0.10429538627271029
2278	100-104	0.1190122044576114
2278	105-109	0.15512338753734412
2278	110-114	0.13101665261723383
2278	115-119	0.1052126977751584
2278	120-124	0.0957863983493823
2278	125-129	0.0998978068318479
2278	130-134	0.10709928583136019
2278	135-139	0.09015571459220695
2278	140-144	0.12142740287450948
2278	145-149	0.05528908864521043
2278	150	0.0979268444660164
2279	1	0.06847547724748893
2279	2	0.06030173276737116
2279	3	0.0861541857671142
2279	4	0.14964989297380527
2279	5	0.0877059943550833
2279	6	0.09631995127102755
2279	7	0.07529441766337186
2279	8	0.11740818354389404
2279	9	-0.021168867150549886
2279	10-14	0.06468748484439146
2279	15-19	0.05242632730669072
2279	20-24	0.07257901426932989
2279	25-29	0.08056456019273384
2279	30-34	0.07506712810057081
2279	35-39	0.07406291918297825
2279	40-44	0.10820500839288627
2279	45-49	0.11336182081907253
2279	50-54	0.07488872894036547
2279	55-59	0.08483505342724129
2279	60-64	0.12838285533606353
2279	65-69	0.11100166600913042
2279	70-74	0.12779314631660554
2279	75-79	0.12222717899147995
2279	80-84	0.13123201452378908
2279	85-89	0.08700311087044099
2279	90-94	0.13001465431322856
2279	95-99	0.0844751678732436
2279	100-104	0.09200247420886853
2279	105-109	0.1124926162541442
2279	110-114	0.09595614987724588
2279	115-119	0.0333058494647247
2279	120-124	0.13021937044813825
2279	125-129	0.05178756562543185
2279	130-134	0.09543958429145505
2279	135-139	0.02841237847925271
2279	140-144	0.03912472383769483
2279	145-149	-0.00954230447408122
2279	150	-0.03504188135796227
2280	1	0.07305610268078766
2280	2	0.04625078626501278
2280	3	0.05532981641797363
2280	4	0.10626307805285506
2280	5	0.04664816884569234
2280	6	-0.011973764406164378
2280	7	0.09781273991985273
2280	8	0.09305849403166633
2280	9	0.007891923392264744
2280	10-14	0.04754469833493857
2280	15-19	0.08703083958449298
2280	20-24	0.0593648578043684
2280	25-29	0.07014468089148806
2280	30-34	0.05082581181565615
2280	35-39	0.05745470983498535
2280	40-44	0.0580045713879187
2280	45-49	0.04481404266643807
2280	50-54	0.04182970501752692
2280	55-59	0.09120993414752832
2280	60-64	0.06567317344832446
2280	65-69	0.0623370445065774
2280	70-74	0.04761056484809245
2280	75-79	0.06400609309508098
2280	80-84	0.06030197759919531
2280	85-89	0.0319824049817683
2280	90-94	0.05844162775908046
2280	95-99	0.07624022507599904
2280	100-104	0.07198547706451563
2280	105-109	0.09648689023936186
2280	110-114	0.016693558712333356
2280	115-119	8.520257456723357E-5
2280	120-124	0.011844825628934075
2280	125-129	-5.21690578317191E-4
2280	130-134	-0.0010644152761045689
2280	135-139	-0.03294855851996914
2280	140-144	0.035764996827964524
2280	145-149	-6.031908282722043E-5
2280	150	-0.10884172413977211
2281	1	0.1539199018587567
2281	2	0.06270156270179683
2281	3	0.07633806025669543
2281	4	0.13828961229432224
2281	5	0.09054292718916912
2281	6	0.07049159635246127
2281	7	0.05523944421585014
2281	8	0.08802484874443195
2281	9	0.0250729231924538
2281	10-14	0.061529054441031406
2281	15-19	0.020981833698442642
2281	20-24	0.04919054463999828
2281	25-29	0.050585019284326904
2281	30-34	0.06470398795315191
2281	35-39	0.06510635043317592
2281	40-44	0.1059090254937729
2281	45-49	0.053340304799334604
2281	50-54	0.046896164108787275
2281	55-59	0.045157077385304945
2281	60-64	0.10942837627163726
2281	65-69	0.10176051526757135
2281	70-74	0.07056448905652957
2281	75-79	0.09045397072090111
2281	80-84	0.09356331039557375
2281	85-89	0.08029312846125691
2281	90-94	0.06426970027836632
2281	95-99	0.06296614061066919
2281	100-104	0.09970016316919583
2281	105-109	0.08582631679004038
2281	110-114	0.09051165885700385
2281	115-119	0.04123124308256365
2281	120-124	0.041754724230600004
2281	125-129	0.06700326820345026
2281	130-134	0.07533881794897468
2281	135-139	0.04004599068877468
2281	140-144	0.05382978045879838
2281	145-149	0.04081398089984134
2281	150	0.04923315932425254
2282	1	0.10654684987508034
2282	2	0.035995178396213134
2282	3	0.0637806513413608
2282	4	0.09621778431412054
2282	5	0.07112047003448652
2282	6	0.0722064135040128
2282	7	0.0262503938030747
2282	8	0.054276703916364966
2282	9	0.02087416420972943
2282	10-14	0.0805061041680517
2282	15-19	0.05559703908962632
2282	20-24	0.051166196634994776
2282	25-29	0.039688214561735435
2282	30-34	0.02664469917601764
2282	35-39	0.06906635277103845
2282	40-44	0.07108170756648491
2282	45-49	0.07957663154193284
2282	50-54	0.0845192061767861
2282	55-59	0.06848070021251829
2282	60-64	0.05831746214968092
2282	65-69	0.05662591519758564
2282	70-74	0.03777876873832042
2282	75-79	-0.007018241706049366
2282	80-84	0.020503025715413514
2282	85-89	0.009508054161550206
2282	90-94	0.02144313890506311
2282	95-99	-0.012671715957480956
2282	100-104	0.02423624466029395
2282	105-109	0.10287068609444106
2282	110-114	0.013884357994086827
2282	115-119	-0.0058317026851852916
2282	120-124	-0.018168931150391643
2282	125-129	-5.0532739763298196E-5
2282	130-134	0.04355597957258084
2282	135-139	-0.037606559296200714
2282	140-144	-0.05703392863954804
2282	145-149	-0.06220899119124823
2282	150	-0.0652095008992788
2283	1	0.1963249050703837
2283	2	0.07292757847610432
2283	3	0.11421604305258626
2283	4	0.11265511329413158
2283	5	0.07459658882935116
2283	6	0.04907224359337903
2283	7	0.09018571238571838
2283	8	0.08051751878834779
2283	9	0.12617693098984262
2283	10-14	0.07437515412823359
2283	15-19	0.08217804231153991
2283	20-24	0.10930319378664421
2283	25-29	0.09447474807479495
2283	30-34	0.09340000550983518
2283	35-39	0.0929478473590919
2283	40-44	0.07947104513055336
2283	45-49	0.06135561229474007
2283	50-54	0.041575790328195694
2283	55-59	0.09342655186417659
2283	60-64	0.0836474984824136
2283	65-69	0.07156076265852818
2283	70-74	0.07649336075833446
2283	75-79	0.10864995172185843
2283	80-84	0.07645123944563892
2283	85-89	0.05093993042289213
2283	90-94	0.0626645002135291
2283	95-99	0.06514022254232543
2283	100-104	0.07622560585705429
2283	105-109	0.07987150183137004
2283	110-114	0.03032236803185384
2283	115-119	-0.0341399364861914
2283	120-124	0.04755106523318631
2283	125-129	0.042219793726978594
2283	130-134	0.02194519965418351
2283	135-139	0.011967566774735872
2283	140-144	-0.01462316806318853
2283	145-149	-0.0630566356763751
2283	150	-0.1353897785903655
2284	1	0.11561949915798664
2284	2	-0.055067560913485636
2284	3	0.04445022924988251
2284	4	0.11145010443871683
2284	5	0.062143140032219435
2284	6	0.014653876408424082
2284	7	0.024889682128872437
2284	8	0.02053256908511969
2284	9	0.05821172979630518
2284	10-14	0.048440100004157216
2284	15-19	0.05331370817183512
2284	20-24	0.0600709083958435
2284	25-29	0.04604754456462956
2284	30-34	0.07774712140728468
2284	35-39	0.06699041847024034
2284	40-44	0.03920393003875233
2284	45-49	0.08845521732990846
2284	50-54	0.06292380309380974
2284	55-59	0.04402521702998996
2284	60-64	0.035783029084612394
2284	65-69	0.0752282928685446
2284	70-74	0.030241454508114884
2284	75-79	0.06775230522474374
2284	80-84	0.07323978770159556
2284	85-89	0.01915991278983853
2284	90-94	0.05046750289427848
2284	95-99	0.06463442996297886
2284	100-104	0.06755272177255023
2284	105-109	0.07049302261458479
2284	110-114	0.040508084675501266
2284	115-119	-0.023109499320199234
2284	120-124	0.05640454702676578
2284	125-129	0.022670052705855426
2284	130-134	-0.006363364445533648
2284	135-139	-0.05920607229958108
2284	140-144	-0.003139500483243296
2284	145-149	-0.05535843887125225
2284	150	-0.16343158165405924
2285	1	0.15854872546900367
2285	2	0.03994833133734943
2285	3	0.00531788954713619
2285	4	0.07249358933079719
2285	5	0.030308116788127393
2285	6	0.06202814293710901
2285	7	0.10512546534129541
2285	8	0.038976564316548945
2285	9	0.0022420284395536783
2285	10-14	0.04455289417463604
2285	15-19	0.0232345859126184
2285	20-24	0.022327463837598316
2285	25-29	-0.003227057443965009
2285	30-34	0.045216587731495395
2285	35-39	0.04129361342332771
2285	40-44	0.032492311090535964
2285	45-49	0.03526189547116587
2285	50-54	-0.015543601259267348
2285	55-59	0.018113943153629464
2285	60-64	0.014904408943074543
2285	65-69	0.028602088736377596
2285	70-74	-0.0013395024347602202
2285	75-79	-0.03375245828009099
2285	80-84	0.049505812363037194
2285	85-89	-0.03620024106264452
2285	90-94	-0.01601225779553772
2285	95-99	-0.007734496650272149
2285	100-104	-0.06624962331001427
2285	105-109	-0.014098482493281494
2285	110-114	-0.048925417202084986
2285	115-119	-0.07686950160797323
2285	120-124	-0.036803020961386324
2285	125-129	-0.020190902759502194
2285	130-134	-0.09732868031555597
2285	135-139	-0.11682203330264684
2285	140-144	-0.13172373000844573
2285	145-149	-0.13896340070899527
2285	150	-0.23266195584134408
2286	1	0.17502470884153354
2286	2	0.0391755388404178
2286	3	0.06664542397812312
2286	4	0.08912460458250138
2286	5	0.06641515979172397
2286	6	0.045057477690576775
2286	7	0.11788186706321113
2286	8	-0.01857813323815094
2286	9	0.01620909895834899
2286	10-14	0.03922098098065163
2286	15-19	0.00209853360414769
2286	20-24	0.047364520598790705
2286	25-29	0.039831922718470025
2286	30-34	0.02230192923063612
2286	35-39	0.03353941587602094
2286	40-44	-0.0010788364116436355
2286	45-49	0.037457430908069966
2286	50-54	0.041513810832626064
2286	55-59	0.04848504331783943
2286	60-64	0.04980906729601031
2286	65-69	0.04003042347506636
2286	70-74	0.03094121177699094
2286	75-79	0.02997227137568359
2286	80-84	0.04053195180297564
2286	85-89	0.01359694528626676
2286	90-94	0.015736969264040113
2286	95-99	0.03589620794595305
2286	100-104	-0.017755178125923976
2286	105-109	0.03438980875363029
2286	110-114	-0.008406001234384064
2286	115-119	-0.003970908433508669
2286	120-124	-0.007932416366649875
2286	125-129	-0.007973798956186329
2286	130-134	-0.03211895827824662
2286	135-139	-0.0965121470617234
2286	140-144	-0.06737236386398138
2286	145-149	-0.0806796982873621
2286	150	-0.17495222640747699
2287	1	0.08743253803169893
2287	2	-0.0425617910988052
2287	3	0.026304388936772227
2287	4	0.06912411738958468
2287	5	0.06958800365857343
2287	6	0.012536863340315563
2287	7	-0.007270198025764785
2287	8	0.023224724148306564
2287	9	0.10088809972567248
2287	10-14	0.03802618907292299
2287	15-19	0.04314831254036022
2287	20-24	0.03852703597581808
2287	25-29	0.026899995748685512
2287	30-34	0.05931470586487109
2287	35-39	0.06664831567262297
2287	40-44	-0.00405670567342753
2287	45-49	0.037217658914364904
2287	50-54	0.014978946089563294
2287	55-59	0.009586440343525737
2287	60-64	-0.005841907698815874
2287	65-69	0.0022983552193380774
2287	70-74	0.006661319446628511
2287	75-79	-0.002975611162113978
2287	80-84	0.02371539211574003
2287	85-89	-0.020172466306483727
2287	90-94	-0.006130221947003633
2287	95-99	-0.018301909053427323
2287	100-104	0.00933486730482258
2287	105-109	0.014554236362847917
2287	110-114	-0.021432687226372593
2287	115-119	-0.05104804325197421
2287	120-124	-0.022480069923766166
2287	125-129	-0.04590205979927475
2287	130-134	-0.06965329928893738
2287	135-139	-0.0876715444040812
2287	140-144	-0.08004583499170792
2287	145-149	-0.1451192680960105
2287	150	-0.2270813812495689
2288	1	0.09885186049856998
2288	2	0.026711359440582783
2288	3	0.026929209867141424
2288	4	0.03264531800507342
2288	5	0.026014828006438506
2288	6	-0.04715963114593791
2288	7	0.024799421788834763
2288	8	-0.014311071348402038
2288	9	-0.0015270980581121307
2288	10-14	0.004189103488577928
2288	15-19	0.021885062616412654
2288	20-24	-2.7236819839515647E-4
2288	25-29	-0.008813189132759192
2288	30-34	-0.003871045426521391
2288	35-39	-0.022530949550940704
2288	40-44	0.009520642331786178
2288	45-49	-0.03207287397228242
2288	50-54	-0.0495110267483696
2288	55-59	-0.03118094826964324
2288	60-64	-0.0680118949655224
2288	65-69	-0.08248363318948293
2288	70-74	-0.03832760588004902
2288	75-79	-0.07424266485671183
2288	80-84	-0.05849483943755729
2288	85-89	-0.07378771932849304
2288	90-94	-0.08453170944738986
2288	95-99	-0.09874077769212164
2288	100-104	-0.11352750942278789
2288	105-109	-0.04453332063842197
2288	110-114	-0.07645213117801575
2288	115-119	-0.07762616331451255
2288	120-124	-0.12682782400360537
2288	125-129	-0.1207697804806287
2288	130-134	-0.1915281110047431
2288	135-139	-0.21741436724420993
2288	140-144	-0.14437753853545843
2288	145-149	-0.21107987007466278
2288	150	-0.25891815525890394
2301	1	-0.04443963487328517
2301	2	-0.046970612732678774
2301	3	-0.10382109567245834
2301	4	-0.06820580796612319
2301	5	-0.1349910173260298
2301	6	-0.07808221933905912
2301	7	-0.04004803898813236
2301	8	-0.09624165200223445
2301	9	-0.014324090777883214
2301	10-14	-0.054209128988354394
2301	15-19	-0.05379717777542936
2301	20-24	-0.03619403063338211
2301	25-29	-0.049176500179903826
2301	30-34	-0.04575132868978926
2301	35-39	-0.09562066315123019
2301	40-44	-0.07050329041295811
2301	45-49	-0.07299416245812296
2301	50-54	-0.01955500099899865
2301	55-59	-0.023654470552230578
2301	60-64	-0.08420140943173493
2301	65-69	-0.14710666536221595
2301	70-74	-0.08349844446911447
2301	75-79	-0.07809988861299644
2301	80-84	-0.06980112999120536
2301	85-89	-0.08687135711752347
2301	90-94	-0.11137776922071652
2301	95-99	-0.12705179182937343
2301	100-104	-0.10076477812982176
2301	105-109	-0.13352195228906538
2301	110-114	-0.1314181215140593
2301	115-119	-0.1672461728548953
2301	120-124	-0.12673164172374385
2301	125-129	-0.28255884971581224
2301	130-134	-0.2882874943936571
2301	135-139	-0.26169233945255144
2301	140-144	-0.27055391896204384
2301	145-149	-0.2982297460309553
2301	150	-0.2540036063317217
2302	1	-0.01156563294652102
2302	2	0.043521862977122794
2302	3	-0.05245616450888946
2302	4	-0.021518264516771524
2302	5	0.025940410217401677
2302	6	-0.015474773065584202
2302	7	-0.0734856959670438
2302	8	-0.023173665951830458
2302	9	-0.07026365297414827
2302	10-14	-0.03119461558644332
2302	15-19	0.014765937276791874
2302	20-24	-0.02819371482985389
2302	25-29	-0.06787761353799482
2302	30-34	-0.025364674281604493
2302	35-39	-0.023050429260742078
2302	40-44	-0.016949280325924576
2302	45-49	-0.04014776320592972
2302	50-54	-0.02465188307198929
2302	55-59	0.012757917021872345
2302	60-64	-0.08598380091420665
2302	65-69	-0.09338218766599482
2302	70-74	-0.04300245815715442
2302	75-79	-0.10225994314334486
2302	80-84	-0.10042244028053204
2302	85-89	-0.0986439882219301
2302	90-94	-0.05958797985987019
2302	95-99	-0.13793996212461934
2302	100-104	-0.12339318556097822
2302	105-109	-0.14654483990852185
2302	110-114	-0.13683644215648627
2302	115-119	-0.1717661409490887
2302	120-124	-0.16877928406058373
2302	125-129	-0.24763854339845182
2302	130-134	-0.2130373903562841
2302	135-139	-0.19780953510517918
2302	140-144	-0.21815370669868628
2302	145-149	-0.3190814572913183
2302	150	-0.28783466169105765
2303	1	-0.13334068525082898
2303	2	0.059466849653375675
2303	3	-0.03686101888459348
2303	4	-0.06841806572376186
2303	5	-0.07025666345057857
2303	6	-0.03767993547968729
2303	7	-0.05438524069779049
2303	8	-0.016331294676106722
2303	9	-0.07853419356518998
2303	10-14	-0.020111326751212744
2303	15-19	0.020368581041793732
2303	20-24	-0.0028881458935998694
2303	25-29	-0.03078150980395833
2303	30-34	-0.018543634900161976
2303	35-39	-0.029461539733148356
2303	40-44	-0.05357381624957469
2303	45-49	-0.016061687703164296
2303	50-54	0.0021186471577721022
2303	55-59	-0.017303445662662398
2303	60-64	-0.05288290515844807
2303	65-69	-0.07388319459838044
2303	70-74	-0.052126747890298475
2303	75-79	-0.09719865410824013
2303	80-84	-0.03620166464207841
2303	85-89	-0.07629785200031591
2303	90-94	-0.07277959105718423
2303	95-99	-0.13710275074001999
2303	100-104	-0.11765810880353911
2303	105-109	-0.1310490215464668
2303	110-114	-0.08536245031070422
2303	115-119	-0.10728139570848327
2303	120-124	-0.096876266828815
2303	125-129	-0.1735219543733777
2303	130-134	-0.14785418168938946
2303	135-139	-0.2174910679518547
2303	140-144	-0.17250771326126113
2303	145-149	-0.26021293248874144
2303	150	-0.3225551900814736
2304	1	-0.09063821927619387
2304	2	0.02289207037807728
2304	3	0.012834467445948405
2304	4	-0.05139732280907339
2304	5	-5.80910629658149E-4
2304	6	-0.06093039682250634
2304	7	-0.01674292491647833
2304	8	-0.0072143649571572155
2304	9	0.0038330692654753307
2304	10-14	-0.013155910794914405
2304	15-19	0.02846753683328984
2304	20-24	0.007550338603834916
2304	25-29	-0.0177525558745657
2304	30-34	0.025437461119743432
2304	35-39	-0.007622485457147832
2304	40-44	-0.011381860925894216
2304	45-49	0.03196764915949757
2304	50-54	-5.35555646806074E-4
2304	55-59	0.046256598752563605
2304	60-64	-0.010263754200217079
2304	65-69	0.006028236430061895
2304	70-74	0.009323547898617335
2304	75-79	-0.009819506265770883
2304	80-84	-0.014469952371158001
2304	85-89	1.640316059763336E-4
2304	90-94	-0.037298024680566755
2304	95-99	-0.013906935961855993
2304	100-104	-0.049141042174007055
2304	105-109	-0.05816569088084833
2304	110-114	-0.09601471365756709
2304	115-119	-0.08020338176589803
2304	120-124	-0.022933566218412693
2304	125-129	-0.08715836669641419
2304	130-134	-0.1273349724438404
2304	135-139	-0.1324746611593497
2304	140-144	-0.12206421216191643
2304	145-149	-0.1557520238411314
2304	150	-0.13190128638223086
2305	1	-0.0663355373559753
2305	2	-0.033542366410991065
2305	3	-0.039763103247253184
2305	4	-0.04895741033422496
2305	5	0.04551177851820398
2305	6	-0.0029126987033336604
2305	7	0.03839160827493515
2305	8	-0.05746674561751064
2305	9	-0.03499392282540015
2305	10-14	0.013994172259259585
2305	15-19	0.0012569973829101855
2305	20-24	-0.013357474803484592
2305	25-29	-0.0029795385741664404
2305	30-34	-0.044636987076493995
2305	35-39	-0.012077051169924857
2305	40-44	-0.02976457238008834
2305	45-49	0.029063859836774952
2305	50-54	0.04915778044723851
2305	55-59	0.012175808200687754
2305	60-64	-0.01352453378615337
2305	65-69	-0.02504179725509914
2305	70-74	-0.0305701038964159
2305	75-79	-0.0426512154533043
2305	80-84	-0.04702378882232949
2305	85-89	-0.04040492238502935
2305	90-94	-0.006454839100072718
2305	95-99	-0.049732056474915964
2305	100-104	-0.04422539271099879
2305	105-109	-0.08559767439913912
2305	110-114	-0.1492031864221275
2305	115-119	-0.04949513518556614
2305	120-124	-0.06391134469783566
2305	125-129	-0.18217821286960145
2305	130-134	-0.10701640144117164
2305	135-139	-0.15188401815790797
2305	140-144	-0.15097420985254928
2305	145-149	-0.2328215624598613
2305	150	-0.12659521044356836
2306	1	0.028142733139098652
2306	2	-7.487652430526737E-4
2306	3	-0.0021023195019722607
2306	4	-0.02272928083841208
2306	5	0.007154085087726969
2306	6	0.017594443159801187
2306	7	-0.037913351583732435
2306	8	-0.012979854442335181
2306	9	-0.07294552226638729
2306	10-14	0.002692687376089964
2306	15-19	-0.028877020687360755
2306	20-24	-0.006528152882694371
2306	25-29	0.0033610497340959
2306	30-34	-0.014022014663176208
2306	35-39	-0.022931298595644023
2306	40-44	-0.050293258385899264
2306	45-49	-0.05691088313243142
2306	50-54	-0.05409918403948666
2306	55-59	-0.031680619536601284
2306	60-64	-0.10904357380012186
2306	65-69	-0.0779189731706822
2306	70-74	-0.0510442745552524
2306	75-79	-0.10476782569507748
2306	80-84	-0.05973626389869224
2306	85-89	-0.10326525900369887
2306	90-94	-0.09308840154902498
2306	95-99	-0.15034971233313144
2306	100-104	-0.12994046729273379
2306	105-109	-0.16838667551978403
2306	110-114	-0.1617081807232097
2306	115-119	-0.13292530127800717
2306	120-124	-0.03449657652057425
2306	125-129	-0.2106968132339162
2306	130-134	-0.21244402395433326
2306	135-139	-0.21467249730166316
2306	140-144	-0.18528438565094518
2306	145-149	-0.2700333553890033
2306	150	-0.17047109643132075
2307	1	0.04850799628007252
2307	2	0.06277314752469465
2307	3	-0.003739325725881315
2307	4	-0.048244631746705124
2307	5	-0.0040159754991719865
2307	6	-0.038612970480343733
2307	7	-0.030988658498145583
2307	8	-0.0018596579757073073
2307	9	-0.004615255178329392
2307	10-14	-0.007721359495882041
2307	15-19	0.06136943297590136
2307	20-24	0.05163781591022598
2307	25-29	0.020611059425746703
2307	30-34	4.2156072562704594E-4
2307	35-39	0.012239378275957336
2307	40-44	0.023004131973877406
2307	45-49	0.025405861622353143
2307	50-54	0.07573331979275366
2307	55-59	0.009362806588285366
2307	60-64	-0.042970877386864004
2307	65-69	-0.05707542254474163
2307	70-74	-0.009062935182093668
2307	75-79	-0.07688717372518994
2307	80-84	-0.022423997708287402
2307	85-89	-0.01776915405335444
2307	90-94	0.01601279071603301
2307	95-99	-0.026425081602567957
2307	100-104	-0.10711229482119933
2307	105-109	-0.09103784031726292
2307	110-114	-0.05476778690912454
2307	115-119	-0.023544282717253395
2307	120-124	-0.03192576760361732
2307	125-129	-0.14461281030556705
2307	130-134	-0.1051140629682763
2307	135-139	-0.12792677361029092
2307	140-144	-0.09601417392400435
2307	145-149	-0.2401828517041622
2307	150	-0.17447406060942683
2308	1	0.038565877464669995
2308	2	0.059419663346837126
2308	3	0.009001171907641492
2308	4	0.02595239796767146
2308	5	0.04877139460697322
2308	6	0.024874311277905292
2308	7	0.011380774004742022
2308	8	-0.04867370890749356
2308	9	-0.008561699582941174
2308	10-14	-0.005050097519934127
2308	15-19	0.017394973982561623
2308	20-24	-0.007605686863215055
2308	25-29	-0.02219727095007329
2308	30-34	-0.012389360870486144
2308	35-39	-0.040043478854414616
2308	40-44	-0.022916722938056466
2308	45-49	-0.013650107543718093
2308	50-54	0.03668420623252899
2308	55-59	0.027974504676144818
2308	60-64	-0.0678238792877579
2308	65-69	-0.06276952978390682
2308	70-74	-0.027490227408549117
2308	75-79	-0.036208353493478285
2308	80-84	-0.016543179534451724
2308	85-89	-0.02375050124150846
2308	90-94	-0.04236187827743265
2308	95-99	-0.07933066619895612
2308	100-104	-0.08609111954382342
2308	105-109	-0.11466889505917521
2308	110-114	-0.12612421124767792
2308	115-119	-0.10436468213876537
2308	120-124	-0.11510747613187533
2308	125-129	-0.12379386546478344
2308	130-134	-0.15421971441179494
2308	135-139	-0.16783754740351498
2308	140-144	-0.1481033254146169
2308	145-149	-0.18723502067874875
2308	150	-0.17402904236953987
2309	1	-0.009879699835693145
2309	2	0.10149164716058579
2309	3	0.08191989020593837
2309	4	-0.014423073001687214
2309	5	0.03923306607818944
2309	6	0.0776228795054763
2309	7	0.0785544974315826
2309	8	0.07570824372571394
2309	9	0.07849313365617405
2309	10-14	0.0456388670253105
2309	15-19	0.04013054818789641
2309	20-24	0.044707658355719104
2309	25-29	0.08505879058225219
2309	30-34	0.03613435961479183
2309	35-39	0.04026200856210238
2309	40-44	0.0429822817914598
2309	45-49	0.04756043398471377
2309	50-54	0.0967379472575729
2309	55-59	0.054317198991782334
2309	60-64	0.01596569428834016
2309	65-69	0.003134846490233656
2309	70-74	0.043056953937352205
2309	75-79	-0.031933627122512576
2309	80-84	0.027505916383418594
2309	85-89	0.039227022681053825
2309	90-94	0.036103343528985476
2309	95-99	-0.02242439453691958
2309	100-104	-0.01489628338873672
2309	105-109	-0.02972789252432051
2309	110-114	-0.04241290875042125
2309	115-119	-0.0056904305100360375
2309	120-124	0.001105891852191121
2309	125-129	-0.08054269971169958
2309	130-134	-0.07873288620658059
2309	135-139	-0.0876694180567199
2309	140-144	-0.06944408853205175
2309	145-149	-0.13528080158624078
2309	150	-0.08053283186637827
2310	1	-4.032772736621837E-4
2310	2	8.584240710334257E-4
2310	3	-0.04594205578029431
2310	4	-0.021446191316172758
2310	5	0.046819062447546855
2310	6	0.0227234738374662
2310	7	0.10611687402443692
2310	8	-0.01814772147262289
2310	9	0.07381462081925605
2310	10-14	0.03411664037198392
2310	15-19	0.03236027918592299
2310	20-24	0.053330704786716865
2310	25-29	0.07037427870193369
2310	30-34	0.04078500827041154
2310	35-39	0.039780799352818974
2310	40-44	0.036369814179955995
2310	45-49	0.029700867839046907
2310	50-54	0.0701081030557873
2310	55-59	0.09150276847677219
2310	60-64	0.037236448668352295
2310	65-69	-0.018452650707331486
2310	70-74	0.0552031164376956
2310	75-79	0.04737264211461678
2310	80-84	0.058012954923221116
2310	85-89	0.04913552162685875
2310	90-94	0.029873122625858173
2310	95-99	-0.0070486566274681195
2310	100-104	-0.04500019916744691
2310	105-109	-0.012306880522082508
2310	110-114	-0.07237220363745678
2310	115-119	-0.0165762074624638
2310	120-124	4.505388708437863E-4
2310	125-129	-0.09257475549424043
2310	130-134	-0.07848713374597338
2310	135-139	-0.06210499846681472
2310	140-144	-0.009750885534842268
2310	145-149	-0.09389519014791858
2310	150	-0.15392849875063064
2311	1	0.06247648854280641
2311	2	0.047375280152557764
2311	3	0.01501074725043594
2311	4	-0.04183567300901103
2311	5	0.09297973548870431
2311	6	0.03634958312368752
2311	7	0.08481752645471374
2311	8	0.05272884403100164
2311	9	0.03484452350279099
2311	10-14	-0.0010831528948429536
2311	15-19	0.043679293890562576
2311	20-24	0.04127982476827441
2311	25-29	0.027675186603630664
2311	30-34	0.006807117775217364
2311	35-39	-0.007222500152423095
2311	40-44	0.021707983906516404
2311	45-49	-0.016275826054190645
2311	50-54	0.05970286784113199
2311	55-59	0.03320966870026609
2311	60-64	0.010760531634680603
2311	65-69	-0.05645839639284134
2311	70-74	-0.02391053279681188
2311	75-79	-0.041479030302305375
2311	80-84	5.005422921158242E-4
2311	85-89	-0.024394994709737716
2311	90-94	0.0282039666439573
2311	95-99	-0.04833500323351814
2311	100-104	-0.07085116725691876
2311	105-109	-0.06561295557303737
2311	110-114	-0.06247898307976385
2311	115-119	-0.04441693314466022
2311	120-124	-0.05533184044514172
2311	125-129	-0.157450444319025
2311	130-134	-0.15858921611508947
2311	135-139	-0.11078659882875286
2311	140-144	-0.11990565197019265
2311	145-149	-0.16025109004133498
2311	150	-0.13961263974071159
2312	1	0.025033781145687328
2312	2	0.08269474891700668
2312	3	0.08348024474737059
2312	4	0.09760615404766071
2312	5	0.11041794477811351
2312	6	0.047020471128981
2312	7	0.10728541581102036
2312	8	0.05546368375448907
2312	9	0.1066367631565015
2312	10-14	0.06108092992257497
2312	15-19	0.08452822324696285
2312	20-24	0.07997552973439781
2312	25-29	0.08879113954652951
2312	30-34	0.0800996801431495
2312	35-39	0.05430528713369398
2312	40-44	0.07399494462934797
2312	45-49	0.05001890104331608
2312	50-54	0.11126236031887515
2312	55-59	0.1102617802421122
2312	60-64	0.06975193287821924
2312	65-69	0.016311116345917753
2312	70-74	0.05130098138265993
2312	75-79	0.09064446581835739
2312	80-84	0.062231215469445544
2312	85-89	0.058389653685537724
2312	90-94	0.0782302072326857
2312	95-99	0.008668493111677833
2312	100-104	-0.03845826059949076
2312	105-109	-0.0054321209043664
2312	110-114	-0.0757807295927222
2312	115-119	-0.05268150193100496
2312	120-124	-0.0347531856136456
2312	125-129	-0.08010444013601159
2312	130-134	-0.08525075986906216
2312	135-139	-0.09519898378135139
2312	140-144	-0.1352678002840051
2312	145-149	-0.10239685338156335
2312	150	-0.24852312751936267
2313	1	0.0673280067144546
2313	2	-0.01914991138376365
2313	3	-0.031068830360602817
2313	4	0.039314698232509215
2313	5	0.05905614315000207
2313	6	0.013703350809024073
2313	7	0.06371684007118006
2313	8	0.07411955540890602
2313	9	0.027180407819948016
2313	10-14	0.072028307897682
2313	15-19	0.0196457492948241
2313	20-24	0.07976419694783488
2313	25-29	0.060736902442009466
2313	30-34	0.06976378530008986
2313	35-39	0.05111807953063874
2313	40-44	0.0376674300477049
2313	45-49	0.07502819516238901
2313	50-54	0.058727658797529614
2313	55-59	0.10526462941387393
2313	60-64	0.03532061621684335
2313	65-69	0.056390827278498534
2313	70-74	0.05418486290250257
2313	75-79	0.028197911120301455
2313	80-84	0.042608096663926176
2313	85-89	0.05373579420148644
2313	90-94	0.08157238635683939
2313	95-99	-0.020693676694563123
2313	100-104	0.02562783599127272
2313	105-109	0.002126466448089559
2313	110-114	0.03958392962474022
2313	115-119	-1.0276542612785988E-4
2313	120-124	0.01145227754969369
2313	125-129	-0.03812706735418203
2313	130-134	-0.026750928403899366
2313	135-139	-0.06284791019074021
2313	140-144	0.038759977036292526
2313	145-149	-0.08799931688124474
2313	150	0.05496574460753578
2314	1	0.030749502234534987
2314	2	0.04724939105615533
2314	3	0.039422540206807355
2314	4	0.005489377635683468
2314	5	0.036233863951125045
2314	6	-0.017375845223099873
2314	7	0.12653552697184267
2314	8	0.01895217536580418
2314	9	-0.014567406830089169
2314	10-14	0.04784112440340493
2314	15-19	0.04674687027729618
2314	20-24	0.04420930357623121
2314	25-29	0.04346879552029037
2314	30-34	0.023272148467121667
2314	35-39	0.01722869810514993
2314	40-44	0.03493412162581677
2314	45-49	0.040668066570439976
2314	50-54	0.07898391553479911
2314	55-59	0.06562844580368932
2314	60-64	0.007484093227439814
2314	65-69	0.039561959100765876
2314	70-74	0.0012073231927729466
2314	75-79	-0.030480326465188057
2314	80-84	0.03206675457365549
2314	85-89	1.4023365508819552E-5
2314	90-94	0.022295190463260894
2314	95-99	-0.030492895511386564
2314	100-104	-0.014051866825340653
2314	105-109	-0.06862725225293076
2314	110-114	-0.0517476027372723
2314	115-119	-0.019754893650294036
2314	120-124	-0.04406039264668493
2314	125-129	-0.08613915211183354
2314	130-134	-0.06471712585208422
2314	135-139	-0.059535091385768624
2314	140-144	-0.05354248999911704
2314	145-149	-0.1278429947383941
2314	150	-0.14484398687662292
2315	1	0.09146318584181046
2315	2	0.07424468503316461
2315	3	0.08215374128419484
2315	4	0.014507451313662045
2315	5	0.02011396292872547
2315	6	0.015122550789357092
2315	7	0.03727880814554396
2315	8	-0.027977243423777054
2315	9	-0.04610658751464314
2315	10-14	0.05137023456811107
2315	15-19	0.043297180083698095
2315	20-24	0.051803894161764674
2315	25-29	0.04671241476749799
2315	30-34	0.017126786190324594
2315	35-39	0.0228130072844408
2315	40-44	0.048812342086272054
2315	45-49	0.048205973993702855
2315	50-54	0.02510205718491676
2315	55-59	0.0985246366832655
2315	60-64	0.06353517221312899
2315	65-69	0.03684247790509687
2315	70-74	0.0659035127617642
2315	75-79	0.060244614344654224
2315	80-84	0.07412013067204981
2315	85-89	0.0860878471030091
2315	90-94	0.06916446096118989
2315	95-99	0.05844131806409081
2315	100-104	0.025080524350229894
2315	105-109	-0.016852798219318288
2315	110-114	-7.041420718536529E-4
2315	115-119	0.01198365608284746
2315	120-124	0.03836879013680772
2315	125-129	-0.05402869173018132
2315	130-134	-0.026819144821139673
2315	135-139	-0.05529687079026502
2315	140-144	0.034644516579867
2315	145-149	-0.08202621012825517
2315	150	-0.12633408981181304
2316	1	0.0941322549464445
2316	2	0.06167431637872767
2316	3	0.098516116558784
2316	4	0.052815247857708414
2316	5	-0.030579529607244638
2316	6	0.07345119594323535
2316	7	0.13633994336038313
2316	8	0.012074275265753442
2316	9	0.0031979169501070714
2316	10-14	0.05287536756822675
2316	15-19	0.07276817926682355
2316	20-24	0.08515836058888482
2316	25-29	0.06738559282677414
2316	30-34	0.051143239039234345
2316	35-39	0.08170587894870351
2316	40-44	0.0925437284656141
2316	45-49	0.06496268854075993
2316	50-54	0.0864754934666152
2316	55-59	0.1140578670217991
2316	60-64	0.12679207612586652
2316	65-69	0.038115920979564066
2316	70-74	0.06283195691901255
2316	75-79	0.0786099792166084
2316	80-84	0.044749262099955445
2316	85-89	0.091570094820419
2316	90-94	0.08038533062670439
2316	95-99	0.025959665827734568
2316	100-104	0.021749488176453724
2316	105-109	0.01436583234460187
2316	110-114	0.004753324577237095
2316	115-119	0.05403163285037493
2316	120-124	0.055549018076185064
2316	125-129	-0.005372036576403616
2316	130-134	0.012934033416193813
2316	135-139	-0.014288218413987863
2316	140-144	0.03776551844332943
2316	145-149	-0.008653569627533386
2316	150	-0.014687636020425998
2317	1	0.03745098481731901
2317	2	0.023336780876682894
2317	3	0.10457328100246599
2317	4	-0.02329119994726625
2317	5	-0.04464099766771312
2317	6	0.02723440805576871
2317	7	-0.013323127141937618
2317	8	-0.030277856167209904
2317	9	0.06364019131309817
2317	10-14	0.010614434473268375
2317	15-19	0.03099148358006687
2317	20-24	0.04515941760729447
2317	25-29	0.018236774468192607
2317	30-34	-0.011910612559425715
2317	35-39	-0.02766483080279869
2317	40-44	-5.08120117338251E-4
2317	45-49	-0.031197516409548598
2317	50-54	0.0751424993128893
2317	55-59	0.010204276076265728
2317	60-64	-0.04520036672932548
2317	65-69	-0.030374343190366915
2317	70-74	-0.00888040777829957
2317	75-79	-0.04679627563370303
2317	80-84	-0.04178141731033236
2317	85-89	-0.04484142967658045
2317	90-94	0.009708863489670705
2317	95-99	-0.04274562301950624
2317	100-104	-0.06073328897495145
2317	105-109	-0.18489838817033188
2317	110-114	-0.06446430099487799
2317	115-119	-0.04530783556550233
2317	120-124	-0.08311943104429531
2317	125-129	-0.14789690463027227
2317	130-134	-0.1430265634166119
2317	135-139	-0.14061702682849386
2317	140-144	-0.13568243778399847
2317	145-149	-0.19536208042889314
2317	150	-0.21333462805763048
2318	1	0.013881716690114843
2318	2	-0.031945068408816724
2318	3	0.04578120040393685
2318	4	-0.027198533595147012
2318	5	0.024630250132943843
2318	6	0.07332904259654782
2318	7	0.07332754600561486
2318	8	0.09299675372231064
2318	9	0.023965340994948292
2318	10-14	0.04654111642317105
2318	15-19	0.009358667383175145
2318	20-24	0.05120438597596433
2318	25-29	0.03055196437825458
2318	30-34	0.04403295600693724
2318	35-39	0.025425979751346972
2318	40-44	0.05504551611983288
2318	45-49	0.03794598832951124
2318	50-54	0.0906298687754159
2318	55-59	0.06940364641315
2318	60-64	0.023720243714834055
2318	65-69	-9.245499632086762E-4
2318	70-74	0.05023807270731595
2318	75-79	0.08171521989039121
2318	80-84	0.04319615295609225
2318	85-89	0.06433668373129109
2318	90-94	0.04814938185502626
2318	95-99	0.024681827605128603
2318	100-104	0.01415681557689652
2318	105-109	-0.06302311373578817
2318	110-114	0.045849553102343066
2318	115-119	0.04678641005530437
2318	120-124	-0.051166671896879734
2318	125-129	-0.09313943879432429
2318	130-134	-0.031653622329926634
2318	135-139	-0.06326575763674924
2318	140-144	-0.05792374125270072
2318	145-149	-0.09722799699863316
2318	150	-0.10339942299079752
2319	1	0.0695027162607218
2319	2	0.06385938234779331
2319	3	0.03189268804891299
2319	4	0.01894518146190194
2319	5	0.0552241368359887
2319	6	-0.0010363472267727047
2319	7	0.056209101861036004
2319	8	0.10326539095831322
2319	9	0.07435295710220657
2319	10-14	0.061519312926044734
2319	15-19	0.0638217694450347
2319	20-24	0.08731028148573472
2319	25-29	0.06459517336407572
2319	30-34	0.03890575995212231
2319	35-39	-0.011212562993598851
2319	40-44	0.03590113515656412
2319	45-49	0.03306890793132311
2319	50-54	0.06395352786058339
2319	55-59	0.043831448546590934
2319	60-64	0.007931357653596649
2319	65-69	0.02878462305279328
2319	70-74	0.0374527317002773
2319	75-79	0.0336859009716548
2319	80-84	0.016119976802755787
2319	85-89	0.03903549307775478
2319	90-94	0.04551107950873501
2319	95-99	-0.02528578076545074
2319	100-104	-0.008440249752162288
2319	105-109	-0.06834620457061646
2319	110-114	-0.04614558956221515
2319	115-119	-0.04218969865230093
2319	120-124	-0.0062503309198547186
2319	125-129	-0.17359124833834016
2319	130-134	-0.0639297943243804
2319	135-139	-0.09615616082339074
2319	140-144	-0.0400939930561961
2319	145-149	-0.11675328447859101
2319	150	-0.11330503299558359
2320	1	0.017842357460708058
2320	2	-8.409156424704634E-5
2320	3	0.044377410521448724
2320	4	0.0011762418249787743
2320	5	0.08334463015630433
2320	6	0.07248517334073767
2320	7	0.08773757414901695
2320	8	0.06981418180629362
2320	9	0.04427442865944187
2320	10-14	0.058216210514594025
2320	15-19	0.07681573717631807
2320	20-24	0.0984345955031074
2320	25-29	0.039574410181785424
2320	30-34	0.07944411269779295
2320	35-39	0.054241133328012836
2320	40-44	0.036689983350626676
2320	45-49	0.004412559895918378
2320	50-54	0.03854007155354111
2320	55-59	0.06553193535709312
2320	60-64	0.027080798600451317
2320	65-69	-0.0017233901609685631
2320	70-74	0.04529912725595864
2320	75-79	-0.008126447377357238
2320	80-84	0.02634703624401169
2320	85-89	0.0334252421919885
2320	90-94	0.07614752407808112
2320	95-99	-0.02128322978746411
2320	100-104	-0.04912495450768972
2320	105-109	-0.06204383629506083
2320	110-114	0.04041965570467454
2320	115-119	-0.033694086667054535
2320	120-124	-0.013445677251773702
2320	125-129	-0.08375466909257057
2320	130-134	-0.07665040419682612
2320	135-139	-0.06723521161248414
2320	140-144	-0.08034887363438514
2320	145-149	-0.07878512011361494
2320	150	0.035831805794217075
2321	1	-0.04797043708043702
2321	2	-0.09408337100385467
2321	3	-0.05232794280012598
2321	4	-0.10157131782073492
2321	5	-0.016665767191646808
2321	6	-0.08609269053275881
2321	7	-0.047671129709293325
2321	8	-0.09432298166592545
2321	9	-0.05317082895816583
2321	10-14	-0.004562700071318204
2321	15-19	-0.03061401423034482
2321	20-24	-0.029428466242976015
2321	25-29	-0.07923321781009207
2321	30-34	-0.23447862706210998
2321	35-39	-0.10472595751130598
2321	40-44	-0.08208779976207126
2321	45-49	-0.07543941779364616
2321	50-54	-0.059781603048151055
2321	55-59	-0.03131476662832
2321	60-64	-0.0895149231499417
2321	65-69	-0.056311194037284906
2321	70-74	-0.0747651635879194
2321	75-79	-0.14621517993372635
2321	80-84	-0.06548282445571374
2321	85-89	-0.0460128450552304
2321	90-94	-0.10297080154129645
2321	95-99	-0.11076598417965755
2321	100-104	-0.15834235890822157
2321	105-109	-0.1570255787593169
2321	110-114	-0.050422284226279146
2321	115-119	-0.11065131833343145
2321	120-124	-0.053667316930820164
2321	125-129	-0.050155069235024996
2321	130-134	-0.05741372152424162
2321	135-139	-0.24403434141319025
2321	140-144	-0.10444895898935869
2321	145-149	-0.26666105246383864
2321	150	-0.143879963140094
2322	1	0.04749813672011527
2322	2	0.0837567200127225
2322	3	0.06834474515586919
2322	4	0.04646416794503949
2322	5	0.06453608197349325
2322	6	-0.01263332794185601
2322	7	0.06680695927300206
2322	8	0.03810312956543527
2322	9	0.03384169585203978
2322	10-14	0.029001501910506988
2322	15-19	0.07545674390119927
2322	20-24	0.05523258718402957
2322	25-29	0.014782170788862459
2322	30-34	0.03442953295091655
2322	35-39	0.030115409086604927
2322	40-44	0.04552064407296541
2322	45-49	0.04586709768222619
2322	50-54	0.06525888148983938
2322	55-59	0.10376122196687732
2322	60-64	0.012173070896899674
2322	65-69	0.03921827252072063
2322	70-74	0.06242598292769941
2322	75-79	-0.031247451030019135
2322	80-84	0.04414233204172291
2322	85-89	0.03643637139797562
2322	90-94	0.05472548934041299
2322	95-99	-0.028538497216473502
2322	100-104	0.016513888652305297
2322	105-109	0.03282737880250153
2322	110-114	0.01572080175612456
2322	115-119	0.048976901486661006
2322	120-124	0.013064674395117493
2322	125-129	-0.013165826660483049
2322	130-134	0.006785988625452433
2322	135-139	-0.03228729063568636
2322	140-144	0.02000130243548881
2322	145-149	-0.08849857992679944
2322	150	0.06341581920055006
2323	1	0.08265557647240485
2323	2	0.05200631167119241
2323	3	0.08332448065717557
2323	4	0.012918528376424376
2323	5	0.10471799809455717
2323	6	0.04235555498866006
2323	7	0.01279848197982858
2323	8	-0.006524601184615619
2323	9	0.08491276766201139
2323	10-14	0.03294396670364108
2323	15-19	0.0781746496802711
2323	20-24	0.0662943475286184
2323	25-29	0.05808334096989398
2323	30-34	0.07243797936668273
2323	35-39	0.06580096813757308
2323	40-44	0.042712711379905954
2323	45-49	0.028173933624579206
2323	50-54	0.08416799748680859
2323	55-59	0.046964785797577235
2323	60-64	-0.0138486923617549
2323	65-69	0.02272131816595646
2323	70-74	0.037086561922336614
2323	75-79	0.04315068455408522
2323	80-84	0.04194243321345681
2323	85-89	0.06685899854831945
2323	90-94	0.07367185119891673
2323	95-99	-0.034619366569621945
2323	100-104	-0.035790764161504285
2323	105-109	-0.012679518315700022
2323	110-114	-0.008133840962230465
2323	115-119	0.03865390219129239
2323	120-124	0.03655314011890454
2323	125-129	-0.06870833169071489
2323	130-134	-0.008125990285286377
2323	135-139	-0.001690452240033835
2323	140-144	0.025537369045750324
2323	145-149	-0.04624287985054565
2323	150	-0.04123897269422372
2324	1	0.001125094941919258
2324	2	0.013075152740036344
2324	3	0.08610488343758504
2324	4	0.049896805354705975
2324	5	0.11830705168361533
2324	6	0.02343585606895715
2324	7	0.13734132652267306
2324	8	0.0799546852946662
2324	9	0.043699446448691504
2324	10-14	0.0605337222933926
2324	15-19	0.07366610117171746
2324	20-24	0.06410583334010056
2324	25-29	0.11387053275707615
2324	30-34	0.06424787517658359
2324	35-39	0.10421123054783266
2324	40-44	0.10789413656133462
2324	45-49	0.08088600233665488
2324	50-54	0.1148419961608127
2324	55-59	0.145844116676912
2324	60-64	0.0863804958674308
2324	65-69	0.0953817748264143
2324	70-74	0.11946630830208704
2324	75-79	0.08649736790077611
2324	80-84	0.09106477033579097
2324	85-89	0.09841547810479767
2324	90-94	0.10194546347253208
2324	95-99	0.08327844732818335
2324	100-104	0.07410582573508151
2324	105-109	0.06805776242158146
2324	110-114	0.05435847753008716
2324	115-119	0.07831480585219452
2324	120-124	0.017488433054197117
2324	125-129	0.05401847903608825
2324	130-134	0.11503162087232965
2324	135-139	-0.008419482969060255
2324	140-144	0.09815659366498153
2324	145-149	0.020262386654721354
2324	150	0.15184314038788926
2325	1	0.09333058802077687
2325	2	0.11767935769358218
2325	3	0.04098171910044357
2325	4	0.09596987780332
2325	5	0.12306738281949237
2325	6	0.07099566790824241
2325	7	0.08783145482939148
2325	8	0.03285886832986051
2325	9	0.11082392588757983
2325	10-14	0.06931637643850053
2325	15-19	0.07355610471238094
2325	20-24	0.08494190084866204
2325	25-29	0.08000119991831411
2325	30-34	0.11913523165345907
2325	35-39	0.060012414139414716
2325	40-44	0.09212808979091136
2325	45-49	0.0935975735460346
2325	50-54	0.1287916513681111
2325	55-59	0.12308766340517252
2325	60-64	0.07284722210708594
2325	65-69	0.03195650801249883
2325	70-74	0.07499671581502554
2325	75-79	0.1004377836752468
2325	80-84	0.09330260142952085
2325	85-89	0.10958689656006015
2325	90-94	0.1193274668108728
2325	95-99	0.09439368733426079
2325	100-104	0.07766233295971858
2325	105-109	0.06579443858620238
2325	110-114	0.08936979077721219
2325	115-119	0.09253685572490866
2325	120-124	0.06349797597204088
2325	125-129	0.04395741110602103
2325	130-134	0.03599110562220176
2325	135-139	0.010532414655330058
2325	140-144	0.07307004985354126
2325	145-149	0.022148040243429534
2325	150	0.09265546862379637
2326	1	0.025076502503452502
2326	2	0.1488841867579751
2326	3	0.032727029407858765
2326	4	0.1275680501344354
2326	5	0.1198658833029782
2326	6	0.16843020808488518
2326	7	0.10227279265544098
2326	8	0.02886119363001427
2326	9	0.09817192473616387
2326	10-14	0.098672467943544
2326	15-19	0.09595540859403684
2326	20-24	0.10833157772043478
2326	25-29	0.091484615743191
2326	30-34	0.06370195811475554
2326	35-39	0.07931971558772233
2326	40-44	0.0692733113504076
2326	45-49	0.08259922137595055
2326	50-54	0.08032550614471035
2326	55-59	0.09219351984827995
2326	60-64	0.04761907090951922
2326	65-69	0.015310995548432516
2326	70-74	0.0641611811310554
2326	75-79	0.045505791636806237
2326	80-84	0.09549720995928368
2326	85-89	0.07938509524638704
2326	90-94	0.10670837578285841
2326	95-99	0.07610508927356818
2326	100-104	0.02914732118942709
2326	105-109	0.058131404942841414
2326	110-114	0.025199629850675365
2326	115-119	0.0349911473008504
2326	120-124	0.06558793824884646
2326	125-129	-0.03737336042093631
2326	130-134	0.05484608894009568
2326	135-139	-0.058408455467422016
2326	140-144	0.02094973842056902
2326	145-149	-0.0056337971058155745
2326	150	0.04531097863920763
2327	1	0.0023272302031571712
2327	2	0.06860971863229537
2327	3	0.0617847623834038
2327	4	0.09053450148228848
2327	5	0.11649892496102154
2327	6	0.09792524881651588
2327	7	0.10878575028436188
2327	8	0.08826635177118902
2327	9	0.09453283482484665
2327	10-14	0.06149288452161272
2327	15-19	0.07438757447795297
2327	20-24	0.07884043285853437
2327	25-29	0.07942816859776514
2327	30-34	0.053336714293415355
2327	35-39	0.030756130479986155
2327	40-44	0.05589992506479291
2327	45-49	0.06714534410454576
2327	50-54	0.07619338354018623
2327	55-59	0.06412956675706738
2327	60-64	0.03728303404214017
2327	65-69	-0.005507228818416365
2327	70-74	0.017113605899623963
2327	75-79	0.011823511640599804
2327	80-84	0.018239728453202986
2327	85-89	0.07304235381410251
2327	90-94	0.07682364669908281
2327	95-99	0.013977283022363451
2327	100-104	0.011106972627366929
2327	105-109	-0.01774899523587692
2327	110-114	0.015213014359744648
2327	115-119	0.020691142642228044
2327	120-124	-0.005922676789253956
2327	125-129	-0.10093726052929242
2327	130-134	-0.04761754417808106
2327	135-139	-0.028650590770929796
2327	140-144	-0.08396903607495432
2327	145-149	-0.0881834241861057
2327	150	-0.09369244629855444
2328	1	0.12851217423324357
2328	2	0.09113330727262081
2328	3	0.03466908575586558
2328	4	0.07615936201987239
2328	5	0.08281539338455701
2328	6	0.04405386876531736
2328	7	0.08164338390416503
2328	8	0.009797850393546526
2328	9	0.03441421531362465
2328	10-14	0.034844762075593394
2328	15-19	0.0749195031824641
2328	20-24	0.0562505936763813
2328	25-29	0.05803653491655325
2328	30-34	0.07331961254429586
2328	35-39	0.06257147607239943
2328	40-44	0.04282424777000671
2328	45-49	0.050843678340029896
2328	50-54	0.07227452522337074
2328	55-59	0.0757768200938358
2328	60-64	0.03141647168469319
2328	65-69	1.558241749961553E-4
2328	70-74	0.0247112404719374
2328	75-79	0.051965624903303365
2328	80-84	0.023636299738662103
2328	85-89	0.018207294793249673
2328	90-94	0.04547138765569514
2328	95-99	-0.01908220152211726
2328	100-104	-0.026665786853719453
2328	105-109	0.0212457584387451
2328	110-114	-0.01997775330668361
2328	115-119	-0.009255349722309347
2328	120-124	-0.021703940727952897
2328	125-129	-0.05356342340108711
2328	130-134	-0.05782788312102127
2328	135-139	-0.060036710020455075
2328	140-144	-0.0901490096221238
2328	145-149	-0.07853124920093535
2328	150	-0.03112088379485556
2329	1	0.08090148045197054
2329	2	0.1263504837342282
2329	3	0.12594225471761433
2329	4	0.1570385199070259
2329	5	0.12257181847612486
2329	6	0.15895247362010423
2329	7	0.054367496606793964
2329	8	0.027143436490817408
2329	9	0.07207606333332706
2329	10-14	0.1076916330665938
2329	15-19	0.12344583828068068
2329	20-24	0.11438373040222416
2329	25-29	0.147044382668291
2329	30-34	0.10442072056028451
2329	35-39	0.1030922821120015
2329	40-44	0.11071300263543549
2329	45-49	0.12135929190242223
2329	50-54	0.13514422087980904
2329	55-59	0.12015881467594625
2329	60-64	0.09420367998162504
2329	65-69	0.09415185228453282
2329	70-74	0.11937335856178777
2329	75-79	0.0769480722602296
2329	80-84	0.0643112604404763
2329	85-89	0.07152528581633533
2329	90-94	0.09199181456203576
2329	95-99	0.1011250164620634
2329	100-104	0.12241269698893831
2329	105-109	0.10248777637071527
2329	110-114	0.12498654050587277
2329	115-119	0.10799819401400867
2329	120-124	0.028406828285788777
2329	125-129	0.056288482701909004
2329	130-134	0.08587914692576959
2329	135-139	0.04216730392351309
2329	140-144	0.09082367610764663
2329	145-149	0.047829811398479194
2329	150	0.09087012932856453
2330	1	-0.015617763157813158
2330	2	0.055043547050438235
2330	3	0.033526096472179745
2330	4	0.012965466155705485
2330	5	0.018510484006000638
2330	6	0.09026213003277661
2330	7	0.0868021734556379
2330	8	0.06944744411828196
2330	9	0.07360552884548355
2330	10-14	0.07132809393534956
2330	15-19	0.07301259158140994
2330	20-24	0.07456888587751109
2330	25-29	0.0404193981386598
2330	30-34	0.07346783757126474
2330	35-39	0.08053778439855108
2330	40-44	0.08674401671233056
2330	45-49	0.07494253470544976
2330	50-54	0.12390814994071775
2330	55-59	0.07225101959681979
2330	60-64	0.021792044431407476
2330	65-69	0.042488997822111685
2330	70-74	0.0451580691016602
2330	75-79	0.008730243367850221
2330	80-84	0.05695408822511183
2330	85-89	0.058285935923208854
2330	90-94	0.07135503129845233
2330	95-99	0.013137585276545849
2330	100-104	0.01421538829818303
2330	105-109	0.02670497575280706
2330	110-114	0.04797130544031347
2330	115-119	0.006234801259182632
2330	120-124	0.0511228290008674
2330	125-129	-0.029022078249823835
2330	130-134	0.004294843734058418
2330	135-139	-0.0014603560248005465
2330	140-144	0.06677187596800138
2330	145-149	-0.0460931988830211
2330	150	-0.021016155445387597
2331	1	0.10856329163093648
2331	2	0.05662492866765945
2331	3	0.13730321997793737
2331	4	0.10614488218909912
2331	5	0.06863869556574542
2331	6	0.05545443583998377
2331	7	0.10411606775995352
2331	8	0.12997082521309267
2331	9	0.14558333126417722
2331	10-14	0.09620332768287199
2331	15-19	0.11894433240434665
2331	20-24	0.12363401112236261
2331	25-29	0.14367456480215424
2331	30-34	0.11201774090084626
2331	35-39	0.10803021193033402
2331	40-44	0.08535191076177284
2331	45-49	0.1159966718707679
2331	50-54	0.11938813746265708
2331	55-59	0.1176198346936701
2331	60-64	0.1181282268464372
2331	65-69	0.0872137855248738
2331	70-74	0.11707146301473159
2331	75-79	0.07090947661255598
2331	80-84	0.07007647072859413
2331	85-89	0.07266921439110519
2331	90-94	0.1182943875478415
2331	95-99	0.02002566266823891
2331	100-104	0.06425485796881247
2331	105-109	0.02258528203053345
2331	110-114	0.09789242376110963
2331	115-119	0.12030448468878063
2331	120-124	0.09037767967635091
2331	125-129	0.04244985503749632
2331	130-134	0.051001302978811225
2331	135-139	0.05384682987705958
2331	140-144	0.10353687948826007
2331	145-149	0.048788371923372154
2331	150	0.15256620873310567
2332	1	0.07970297351980093
2332	2	0.08168774135262424
2332	3	0.056284853617555086
2332	4	0.033431348889244816
2332	5	0.06182755520411831
2332	6	0.08120559383869619
2332	7	0.11038977957112195
2332	8	0.04786545320543922
2332	9	0.140546023295272
2332	10-14	0.09846067222034094
2332	15-19	0.08227721378283093
2332	20-24	0.09700141823569197
2332	25-29	0.10582226870882039
2332	30-34	0.09326160019030993
2332	35-39	0.07052513286173934
2332	40-44	0.08361403228122555
2332	45-49	0.09847696392760241
2332	50-54	0.09902425234307088
2332	55-59	0.1282079870407813
2332	60-64	0.05533545682240515
2332	65-69	0.0641820796267254
2332	70-74	0.05871826355404153
2332	75-79	0.0755360769394855
2332	80-84	0.08831383958486327
2332	85-89	0.08880150049081692
2332	90-94	0.10835716588423594
2332	95-99	0.06160440965415148
2332	100-104	0.04769019931946161
2332	105-109	0.008641383005205228
2332	110-114	0.045696772868389246
2332	115-119	0.035110778648167695
2332	120-124	0.012062075627845559
2332	125-129	0.017631994649605076
2332	130-134	0.04321822105892181
2332	135-139	-0.011138781688359245
2332	140-144	0.023921207429594915
2332	145-149	-0.028216461824129624
2332	150	0.00879987734462162
2333	1	0.08498600351361318
2333	2	0.0034338753153235757
2333	3	0.20703321574953293
2333	4	0.11381644787684309
2333	5	0.06454939503840507
2333	6	0.10988508443396938
2333	7	0.1557720902010047
2333	8	0.06596407010091099
2333	9	0.13466943805727993
2333	10-14	0.11243377095050278
2333	15-19	0.1119504599669483
2333	20-24	0.11544986885443365
2333	25-29	0.08918414001145436
2333	30-34	0.1339963459319975
2333	35-39	0.10994839046176708
2333	40-44	0.11619407396815973
2333	45-49	0.09850754058012257
2333	50-54	0.10574087573715474
2333	55-59	0.1207658656884334
2333	60-64	0.07811811197895224
2333	65-69	0.08805091067740989
2333	70-74	0.07013463062057212
2333	75-79	0.04800086650745783
2333	80-84	0.06037842880816413
2333	85-89	0.09231539931244725
2333	90-94	0.09297247858839341
2333	95-99	0.038739574350628914
2333	100-104	0.0598403485172625
2333	105-109	0.08693619529353924
2333	110-114	0.04779787501576749
2333	115-119	-0.10041670995659757
2333	120-124	0.07592183148204157
2333	125-129	0.061315934751867474
2333	130-134	0.0018654702568454695
2333	135-139	0.07281138814796861
2333	140-144	0.09233535998997411
2333	145-149	-0.04361046881462016
2333	150	0.042032355186080395
2334	1	0.07516304994042855
2334	2	0.03512553664290863
2334	3	0.09938533994273513
2334	4	0.08139055568206999
2334	5	0.07417160528401467
2334	6	0.06951566379542129
2334	7	0.008381172588244112
2334	8	0.05008317068902102
2334	9	0.06722540452010861
2334	10-14	0.03975918312434601
2334	15-19	0.06658195801896483
2334	20-24	0.0555776542733355
2334	25-29	0.049645459050012164
2334	30-34	0.060210785938814126
2334	35-39	0.03309731196908672
2334	40-44	0.09976754524434028
2334	45-49	0.06587534408757278
2334	50-54	0.07162819119057673
2334	55-59	0.08638876566752174
2334	60-64	0.03784299692856763
2334	65-69	0.027336622815568035
2334	70-74	0.017857671887277604
2334	75-79	0.007936529545766291
2334	80-84	0.05713081258707575
2334	85-89	0.10173495164040247
2334	90-94	0.06282678622006443
2334	95-99	0.029353253149132286
2334	100-104	-0.011510276210351833
2334	105-109	-0.01756734632531476
2334	110-114	0.04124854337727868
2334	115-119	0.009369262683676993
2334	120-124	1.1998684183822661E-4
2334	125-129	0.022309779224471527
2334	130-134	-0.05550709783791774
2334	135-139	-0.04216390293646555
2334	140-144	0.016319341028413703
2334	145-149	-0.08909675172671427
2334	150	0.008657538265751441
2335	1	0.0964067034615681
2335	2	0.13476703551333458
2335	3	0.025291553015797774
2335	4	0.10002012231456803
2335	5	0.09919433868650174
2335	6	0.10210343779434083
2335	7	0.1082864206001446
2335	8	0.08864302381520162
2335	9	0.09803094566521509
2335	10-14	0.10082558442987732
2335	15-19	0.09521476445810606
2335	20-24	0.1121156238284513
2335	25-29	0.11105887727667607
2335	30-34	0.14176119671973453
2335	35-39	0.11020551463037265
2335	40-44	0.10819457017437628
2335	45-49	0.11417187739754553
2335	50-54	0.09924807106285272
2335	55-59	0.1450887900993294
2335	60-64	0.09684189182789993
2335	65-69	0.06417282708794403
2335	70-74	0.05809420975410262
2335	75-79	0.07236863737676202
2335	80-84	0.07197376918636422
2335	85-89	0.13989942818290757
2335	90-94	0.11818813320432753
2335	95-99	0.07765917734347738
2335	100-104	0.09171848234090163
2335	105-109	0.10855717331254056
2335	110-114	0.07873625600110046
2335	115-119	0.11669928888802161
2335	120-124	0.11585455412510726
2335	125-129	0.0676630795097708
2335	130-134	0.03538956880517219
2335	135-139	0.07414403162429295
2335	140-144	0.10560344067179983
2335	145-149	0.04304480504932684
2335	150	0.10255455854492368
2336	1	0.07896293277975985
2336	2	0.0933840330489133
2336	3	0.11853731587001448
2336	4	0.02147981693771328
2336	5	0.09050782388438705
2336	6	0.05957485220795178
2336	7	0.03386642304776899
2336	8	0.12196240730239083
2336	9	0.10084230359154844
2336	10-14	0.06819395395362449
2336	15-19	0.03728000078561422
2336	20-24	0.06114058237485409
2336	25-29	0.05981647870302709
2336	30-34	0.042564477493186814
2336	35-39	0.047068373404975716
2336	40-44	0.07181691648411004
2336	45-49	0.06908677453741774
2336	50-54	0.07159875291757345
2336	55-59	0.058554541387330516
2336	60-64	0.019353468840407118
2336	65-69	0.05022347366811175
2336	70-74	0.02377518861096206
2336	75-79	-0.0012864158830154793
2336	80-84	0.060547395818403515
2336	85-89	0.027434783124107298
2336	90-94	0.015026544553606414
2336	95-99	0.004699296749031134
2336	100-104	0.002507370136633824
2336	105-109	0.03927011763394006
2336	110-114	0.047624886796498345
2336	115-119	-0.01799407445668777
2336	120-124	0.0034034909692621795
2336	125-129	-0.03932515030753336
2336	130-134	0.005502663343364134
2336	135-139	-0.038875081424656344
2336	140-144	0.05423381374220071
2336	145-149	0.004262386654723116
2336	150	0.01037595892070442
2337	1	0.08616319042216247
2337	2	0.09497635511160496
2337	3	0.10519584646080915
2337	4	0.11868931241625802
2337	5	0.046763388681810625
2337	6	0.07580956831096586
2337	7	0.13573023821356145
2337	8	0.04420704409077558
2337	9	0.05286042573197136
2337	10-14	0.10906387480849133
2337	15-19	0.10721193621520797
2337	20-24	0.07619919965360822
2337	25-29	0.09537066533153649
2337	30-34	0.09774984321100533
2337	35-39	0.07397019203586552
2337	40-44	0.06627011770306979
2337	45-49	0.06860703663529222
2337	50-54	0.12083228856314321
2337	55-59	0.10914929095480375
2337	60-64	0.04136262919011102
2337	65-69	0.04483342994881667
2337	70-74	0.07165890084087323
2337	75-79	0.055589626400362135
2337	80-84	0.048299337519551955
2337	85-89	0.050893540362729084
2337	90-94	0.07566509575095637
2337	95-99	0.04684686240366176
2337	100-104	0.04495208659075445
2337	105-109	0.03273866964246963
2337	110-114	0.15560576217531263
2337	115-119	0.04588090117746901
2337	120-124	0.03337309449295134
2337	125-129	-0.012722903927304685
2337	130-134	0.022703441597769825
2337	135-139	0.017056478679997156
2337	140-144	0.04454042515133949
2337	145-149	0.02503874747999646
2337	150	0.02164209940603712
2338	1	0.037701226766436946
2338	2	0.08308574339856989
2338	3	0.16964099591537973
2338	4	0.07332200778638764
2338	5	0.048429386298387556
2338	6	0.05982802732074077
2338	7	0.12454447536728708
2338	8	0.10755210684457239
2338	9	0.08709479489803584
2338	10-14	0.108977028913813
2338	15-19	0.12724876251247963
2338	20-24	0.13253462992441456
2338	25-29	0.08663562861504914
2338	30-34	0.10769232425386122
2338	35-39	0.10381702455535446
2338	40-44	0.15732832854411782
2338	45-49	0.11525971081834996
2338	50-54	0.1182318074469535
2338	55-59	0.10357174495313615
2338	60-64	0.08232782610418354
2338	65-69	0.12780460061425458
2338	70-74	0.0979698399114497
2338	75-79	0.13259792078316934
2338	80-84	0.11319187491645977
2338	85-89	0.14389473459053903
2338	90-94	0.13535330389548506
2338	95-99	0.11554436458762751
2338	100-104	0.08264906814441986
2338	105-109	0.0848720589766927
2338	110-114	0.12107155407470316
2338	115-119	0.12605055641300567
2338	120-124	0.10382301447301501
2338	125-129	0.043550371928667175
2338	130-134	0.04215301316865805
2338	135-139	0.07892119433274303
2338	140-144	0.10294343789890803
2338	145-149	0.06662512087922323
2338	150	0.11216936602728822
2339	1	0.11218724202390717
2339	2	0.08285199006802202
2339	3	0.07069294328912434
2339	4	0.05475975527654953
2339	5	0.11427245823798415
2339	6	0.09894813923158097
2339	7	0.1109891732889281
2339	8	0.08313444817684967
2339	9	0.06310342043419581
2339	10-14	0.07904805205136256
2339	15-19	0.09516055142748314
2339	20-24	0.10959835907813442
2339	25-29	0.13746328182533318
2339	30-34	0.10901452261403222
2339	35-39	0.11403256157685604
2339	40-44	0.09678914262930505
2339	45-49	0.10505040976949687
2339	50-54	0.1035016940306761
2339	55-59	0.08985746382974469
2339	60-64	0.11492970152514204
2339	65-69	0.058383515030882904
2339	70-74	0.09612077837751087
2339	75-79	0.05883491490664028
2339	80-84	0.0711719018229573
2339	85-89	0.12109016519114135
2339	90-94	0.09645787828749519
2339	95-99	0.06039303991209266
2339	100-104	0.031140680091702677
2339	105-109	0.036971582804717684
2339	110-114	0.05166638361170328
2339	115-119	0.061267332021088805
2339	120-124	0.08127203491839907
2339	125-129	0.048754291103584535
2339	130-134	0.04908485150089348
2339	135-139	0.042513290562595785
2339	140-144	0.047575346223226234
2339	145-149	0.02287432105834597
2339	150	0.08937755550444848
2340	1	0.07313958800084208
2340	2	0.0538831046625603
2340	3	0.0019524535330077697
2340	4	-0.04346762465820575
2340	5	0.10674534634170385
2340	6	0.01916810763908927
2340	7	0.02258687493267786
2340	8	-0.009015121835695084
2340	9	0.05582907747154309
2340	10-14	0.05256644001278232
2340	15-19	0.05120604886911195
2340	20-24	0.05255862105712339
2340	25-29	0.04844794994711776
2340	30-34	0.03906548713215585
2340	35-39	0.06976772970371314
2340	40-44	0.06272442392473465
2340	45-49	0.07430716473053423
2340	50-54	0.08567897633216148
2340	55-59	0.08055452333118751
2340	60-64	0.036705945690933106
2340	65-69	0.036932038596475536
2340	70-74	0.03152078968470562
2340	75-79	0.04225670367569734
2340	80-84	0.03501592246776397
2340	85-89	0.05093318365134536
2340	90-94	0.05457039839520661
2340	95-99	-2.147169194515186E-4
2340	100-104	-0.02628027465101468
2340	105-109	-0.022467039186622628
2340	110-114	-0.02177669070795929
2340	115-119	0.05162316554247326
2340	120-124	-0.03379417256667949
2340	125-129	-0.043786749419176374
2340	130-134	-0.043624472923283975
2340	135-139	-0.048614031821436754
2340	140-144	-0.0020393635660553855
2340	145-149	-0.08682133664100888
2340	150	0.08360851894983767
2341	1	0.06640770776552074
2341	2	0.09299919856572103
2341	3	0.11907743444292151
2341	4	0.06700506115148386
2341	5	0.03735002908724283
2341	6	0.04108760617972251
2341	7	0.09167261331297283
2341	8	0.06764166970296515
2341	9	0.026699214366495028
2341	10-14	0.045655481054495795
2341	15-19	0.06910277437889079
2341	20-24	0.09739941732220814
2341	25-29	0.11289730660352859
2341	30-34	0.13249624532659965
2341	35-39	0.06548405372230093
2341	40-44	0.11352656055441201
2341	45-49	0.11459345217524941
2341	50-54	0.09658632597071914
2341	55-59	0.10557793949269723
2341	60-64	0.07268713974784902
2341	65-69	0.06096373149033951
2341	70-74	0.09383025538734557
2341	75-79	0.061105043492048594
2341	80-84	0.07378468931800342
2341	85-89	0.09048957562151827
2341	90-94	0.08453777944190222
2341	95-99	0.04907442597662737
2341	100-104	0.05721699310854689
2341	105-109	0.038908238190096256
2341	110-114	0.1087001447242173
2341	115-119	0.03325136301825893
2341	120-124	0.028697243738427858
2341	125-129	0.0787089868741333
2341	130-134	0.036279294775738435
2341	135-139	-0.012825837801642592
2341	140-144	0.10248395615627004
2341	145-149	0.01888339642326997
2341	150	0.14929108013090797
2342	1	-5.2822071545222116E-5
2342	2	0.05737996985085658
2342	3	0.054404212937477325
2342	4	0.08009648268897251
2342	5	0.08016122681276272
2342	6	0.08793626438053082
2342	7	0.07262431088491184
2342	8	0.04366209399191945
2342	9	0.036095109715077456
2342	10-14	0.07082555431166071
2342	15-19	0.08507369751725236
2342	20-24	0.07148148179500424
2342	25-29	0.07713587129957489
2342	30-34	0.0733383042688871
2342	35-39	0.06074686048537359
2342	40-44	0.07723401173205957
2342	45-49	0.05463241218247816
2342	50-54	0.05788951783330987
2342	55-59	0.045402884270060895
2342	60-64	0.04039942486588899
2342	65-69	0.035897395384552055
2342	70-74	0.02880167605108852
2342	75-79	0.06332009428735574
2342	80-84	0.057464744261793044
2342	85-89	0.07471396261400542
2342	90-94	0.06816019612652724
2342	95-99	0.0350165678154184
2342	100-104	0.03920041942433272
2342	105-109	0.020802551695993543
2342	110-114	0.059265584686379214
2342	115-119	0.0765772828941067
2342	120-124	0.025643616800444136
2342	125-129	0.011128577097260006
2342	130-134	0.015242267392814313
2342	135-139	0.041534801827801004
2342	140-144	0.044734022877392476
2342	145-149	0.016831917618503667
2342	150	0.11081724926976477
2343	1	0.12500504748636843
2343	2	0.10858708160701269
2343	3	0.10379926464987932
2343	4	0.11296976197814956
2343	5	0.053127605136090494
2343	6	0.12308279011328693
2343	7	0.11404316563493211
2343	8	0.1184926182951429
2343	9	0.08788207486585264
2343	10-14	0.0904332020430374
2343	15-19	0.0950572531426701
2343	20-24	0.07796936089744833
2343	25-29	0.11507211404986606
2343	30-34	0.12641203281956592
2343	35-39	0.10343892916316122
2343	40-44	0.1043374854476724
2343	45-49	0.08553289026693278
2343	50-54	0.11442458852516779
2343	55-59	0.10694820447806563
2343	60-64	0.10081784992694054
2343	65-69	0.06791798903038426
2343	70-74	0.11235609152411286
2343	75-79	0.07388760597504529
2343	80-84	0.11723018563475307
2343	85-89	0.08067293705281742
2343	90-94	0.13479818776499286
2343	95-99	0.08883285981419675
2343	100-104	0.08839011467735247
2343	105-109	0.05590310427344036
2343	110-114	0.10329028323062772
2343	115-119	0.09685171595914
2343	120-124	0.07635565392794064
2343	125-129	0.11864033122797224
2343	130-134	0.05925320308739401
2343	135-139	0.10999697723242008
2343	140-144	0.12922324523977124
2343	145-149	0.08216823852799848
2343	150	0.01761972199508932
2344	1	0.032758761446579854
2344	2	0.14771847024496054
2344	3	0.1421199289756956
2344	4	0.08462543323422977
2344	5	0.16851954274051195
2344	6	0.12687550033737693
2344	7	0.15878520310337052
2344	8	0.05696978818936316
2344	9	0.12132500454336537
2344	10-14	0.07988006249039614
2344	15-19	0.11238776173544807
2344	20-24	0.10309976259831188
2344	25-29	0.1161252382611977
2344	30-34	0.14621920292117352
2344	35-39	0.12361074935626704
2344	40-44	0.15960876641512556
2344	45-49	0.11291034567921088
2344	50-54	0.10946680258233954
2344	55-59	0.10503457978605724
2344	60-64	0.09996147280103429
2344	65-69	0.10039505438543017
2344	70-74	0.10804686562697441
2344	75-79	0.12310849930470624
2344	80-84	0.11536430453993773
2344	85-89	0.11640892737893438
2344	90-94	0.15144016402587113
2344	95-99	0.09482733476136218
2344	100-104	0.12108485435602745
2344	105-109	0.12574520525366495
2344	110-114	0.11298613366830068
2344	115-119	0.14379786603737443
2344	120-124	0.11652874265902113
2344	125-129	0.12027429544671264
2344	130-134	0.07971677245974718
2344	135-139	0.07492729193049286
2344	140-144	0.15060234490040614
2344	145-149	0.13874201450104096
2344	150	0.1416841418942525
2345	1	0.017290428772774646
2345	2	0.08283010559507886
2345	3	0.09767893002888428
2345	4	0.06912540416284685
2345	5	0.08472530731429373
2345	6	0.0651387683586293
2345	7	0.12510115681779865
2345	8	0.010038168751229648
2345	9	0.08771411511350635
2345	10-14	0.08445767977994478
2345	15-19	0.09017952866977197
2345	20-24	0.1067634736331371
2345	25-29	0.10063375642271666
2345	30-34	0.08956727965883715
2345	35-39	0.08088610543168784
2345	40-44	0.10824207515840101
2345	45-49	0.12499716338788147
2345	50-54	0.124209327004138
2345	55-59	0.1392943131192581
2345	60-64	0.08061622911289845
2345	65-69	0.06450095469928385
2345	70-74	0.122006783422421
2345	75-79	0.07426907075247868
2345	80-84	0.059861733868864064
2345	85-89	0.10787241040578266
2345	90-94	0.16879041878689094
2345	95-99	0.07800893181330792
2345	100-104	0.05896603849614479
2345	105-109	0.05850965857790413
2345	110-114	0.11542238944056749
2345	115-119	0.08586026623481047
2345	120-124	0.061746435823657464
2345	125-129	0.10046792314602726
2345	130-134	0.012828757647817213
2345	135-139	0.07387982902839951
2345	140-144	0.1276993621271032
2345	145-149	0.06132098256740903
2345	150	0.06438305580197579
2346	1	-0.009643650457171304
2346	2	0.1548109519077414
2346	3	0.00565899007339965
2346	4	0.0057810052855984395
2346	5	0.1248740633868124
2346	6	0.10377598496939555
2346	7	0.07356054741115514
2346	8	0.09044219336972503
2346	9	0.03661923672257217
2346	10-14	0.10658429092762134
2346	15-19	0.0740187295087793
2346	20-24	0.10914923583097647
2346	25-29	0.0984404589923713
2346	30-34	0.09067264569473821
2346	35-39	0.08935324638246556
2346	40-44	0.11773023168925079
2346	45-49	0.09279219646852255
2346	50-54	0.12984059898820277
2346	55-59	0.10740666644178987
2346	60-64	0.09011301994237897
2346	65-69	0.07996347937699255
2346	70-74	0.08663485539280913
2346	75-79	0.0587043898198516
2346	80-84	0.07586978212913209
2346	85-89	0.10700186994410643
2346	90-94	0.09703871347629445
2346	95-99	0.0870542386837414
2346	100-104	0.040272254531863894
2346	105-109	0.05418531075924449
2346	110-114	0.07943667412580169
2346	115-119	0.0076187134284779745
2346	120-124	0.031224112035026508
2346	125-129	0.07615329868063014
2346	130-134	0.026323599899718886
2346	135-139	-0.003232457143901968
2346	140-144	0.06247863443838497
2346	145-149	2.3876993071780817E-4
2346	150	0.11089306301757773
2347	1	0.09978337516202629
2347	2	0.1237931654537121
2347	3	0.08541643546062971
2347	4	0.1240327696425112
2347	5	0.12308565116936876
2347	6	0.08918079530630507
2347	7	0.1300354026874615
2347	8	0.10960149975710465
2347	9	0.06293310837215671
2347	10-14	0.08401860910149139
2347	15-19	0.06592385877438289
2347	20-24	0.09846183297159428
2347	25-29	0.07110789655409633
2347	30-34	0.13037419114238702
2347	35-39	0.12293848957010312
2347	40-44	0.11469653859150242
2347	45-49	0.12122824975916302
2347	50-54	0.10276913122893916
2347	55-59	0.1547112596178053
2347	60-64	0.0949346043608088
2347	65-69	0.10082115036557582
2347	70-74	0.08463834491880817
2347	75-79	0.0871680602851228
2347	80-84	0.08358356865068117
2347	85-89	0.11601857360810897
2347	90-94	0.09970671775438689
2347	95-99	0.07072142423754002
2347	100-104	0.03652728655134041
2347	105-109	0.09381375702790251
2347	110-114	0.0788235400515589
2347	115-119	0.1253136584389054
2347	120-124	0.10610599266525611
2347	125-129	0.10824265176785275
2347	130-134	0.052806242100317036
2347	135-139	0.0814431121950534
2347	140-144	0.15668076890933236
2347	145-149	0.02225034300276718
2347	150	0.17469659812203986
2348	1	0.11374456969414837
2348	2	0.050561256907315055
2348	3	0.10772986610717794
2348	4	0.0453805651910173
2348	5	0.11452688102639996
2348	6	0.0801179135344725
2348	7	0.15594775200613498
2348	8	0.05891956654464536
2348	9	0.0645712182671474
2348	10-14	0.09509658859511205
2348	15-19	0.07118873993048425
2348	20-24	0.1015171878004324
2348	25-29	0.10728260984271287
2348	30-34	0.13531246191472945
2348	35-39	0.10379641000679385
2348	40-44	0.13024846664144718
2348	45-49	0.1186192107510351
2348	50-54	0.11573791710896586
2348	55-59	0.13658826110113864
2348	60-64	0.06878628359204697
2348	65-69	0.07986979899234825
2348	70-74	0.10815597854126935
2348	75-79	0.10494246308144994
2348	80-84	0.0758048058788745
2348	85-89	0.10034626572438299
2348	90-94	0.1051635996874083
2348	95-99	0.08830160074742821
2348	100-104	0.08444877866781297
2348	105-109	0.08037835598265275
2348	110-114	0.11445408253973
2348	115-119	0.07313233875895975
2348	120-124	0.07249783138460231
2348	125-129	0.12159591127946356
2348	130-134	0.03531683940346397
2348	135-139	0.11916428484974517
2348	140-144	0.12505385062969765
2348	145-149	0.09115629937670633
2348	150	0.11500067690777627
2349	1	0.13965566515903305
2349	2	0.06226748717939046
2349	3	0.07976271968485804
2349	4	0.16978532238120891
2349	5	0.07248848238974404
2349	6	0.11140034703174706
2349	7	0.08718723916245352
2349	8	0.051547933889622755
2349	9	0.07243469112942336
2349	10-14	0.09530946416283115
2349	15-19	0.08628119012071522
2349	20-24	0.12098323615277451
2349	25-29	0.09861487833276783
2349	30-34	0.1131400068489512
2349	35-39	0.08514873753644991
2349	40-44	0.073641525136658
2349	45-49	0.11555520274350073
2349	50-54	0.11087045648909566
2349	55-59	0.11665256914805155
2349	60-64	0.08243459656208074
2349	65-69	0.06720049600118472
2349	70-74	0.07885748832700301
2349	75-79	0.09547039588572659
2349	80-84	0.10986823824317327
2349	85-89	0.10860292185953568
2349	90-94	0.11628442696310515
2349	95-99	0.09413138296477541
2349	100-104	0.10091191986656867
2349	105-109	0.06137122367371006
2349	110-114	0.1052486538853401
2349	115-119	0.14839563878140893
2349	120-124	0.09553499112801944
2349	125-129	0.07251837648658466
2349	130-134	0.055596333198543846
2349	135-139	0.034790303423008595
2349	140-144	0.11280935505709522
2349	145-149	0.05002812531313339
2349	150	0.0900934843622494
2350	1	0.16868934783501288
2350	2	0.17909900537433998
2350	3	0.10662769046966503
2350	4	0.16431444368465264
2350	5	0.08472352750986545
2350	6	0.13208250407479483
2350	7	0.12981715751452327
2350	8	0.0851352847417104
2350	9	0.1345396631573763
2350	10-14	0.12026208235227642
2350	15-19	0.10383396694160751
2350	20-24	0.09347580014009793
2350	25-29	0.12125190558869292
2350	30-34	0.10378122109779042
2350	35-39	0.11745115793279126
2350	40-44	0.09937826430177665
2350	45-49	0.11796136560425907
2350	50-54	0.15991092422468256
2350	55-59	0.13120456325826524
2350	60-64	0.14442277572422313
2350	65-69	0.11544065054802388
2350	70-74	0.13594590381709537
2350	75-79	0.12865022529815207
2350	80-84	0.11705935676207702
2350	85-89	0.12268638644990659
2350	90-94	0.11803757354103084
2350	95-99	0.08811164047840947
2350	100-104	0.13394048266923164
2350	105-109	0.10441117064682714
2350	110-114	0.08974184153403542
2350	115-119	0.06606607031172729
2350	120-124	0.10011028374350417
2350	125-129	0.10164325788515072
2350	130-134	0.03421958244815215
2350	135-139	0.08186388736827155
2350	140-144	0.09257107358367023
2350	145-149	0.0783144590069682
2350	150	0.1516254609796519
2351	1	0.16565422034061328
2351	2	0.11198148142896969
2351	3	0.12998603166655442
2351	4	0.07144792168843139
2351	5	0.07960132732571168
2351	6	0.05550568987792559
2351	7	0.10640125601738504
2351	8	0.05690617094180794
2351	9	0.08555608569663775
2351	10-14	0.06077478323010155
2351	15-19	0.06593099961053639
2351	20-24	0.0573702281697237
2351	25-29	0.06546730965820302
2351	30-34	0.06859032943208376
2351	35-39	0.11172306536402488
2351	40-44	0.046440384672798984
2351	45-49	0.09907670235343602
2351	50-54	0.10610538377203227
2351	55-59	0.12113100605075289
2351	60-64	0.09360829509524393
2351	65-69	0.15196193262396207
2351	70-74	0.08901608167794706
2351	75-79	0.10958449229224954
2351	80-84	0.11194373625822607
2351	85-89	0.0766790335857479
2351	90-94	0.1335063162507737
2351	95-99	0.09748056248682246
2351	100-104	0.08160792410674134
2351	105-109	0.11617090662168295
2351	110-114	0.07905245100667457
2351	115-119	0.13093659534355595
2351	120-124	0.15486362190764424
2351	125-129	0.10284943421487469
2351	130-134	0.057825980449294434
2351	135-139	0.10768123887078929
2351	140-144	0.11804143502808273
2351	145-149	0.10867601767704826
2351	150	0.14249951104425662
2352	1	0.1386253059586835
2352	2	0.08244219891532367
2352	3	0.03405802083482001
2352	4	0.12282458456605383
2352	5	0.11191013276951622
2352	6	0.11408282140673975
2352	7	0.16623827558201754
2352	8	0.03228491326512284
2352	9	0.06253825134621138
2352	10-14	0.10185888827314926
2352	15-19	0.06321906879089312
2352	20-24	0.07415228596744328
2352	25-29	0.11475618578764823
2352	30-34	0.11930071618570537
2352	35-39	0.11148842940280446
2352	40-44	0.07608583142386038
2352	45-49	0.11193943178108867
2352	50-54	0.08418112059800364
2352	55-59	0.06793467301355349
2352	60-64	0.09724709227557327
2352	65-69	0.13748720603615538
2352	70-74	0.13724866922998302
2352	75-79	0.07946407066135208
2352	80-84	0.11075379674061026
2352	85-89	0.18292171576031535
2352	90-94	0.12299875304299235
2352	95-99	0.14630412384793345
2352	100-104	0.10185214258820707
2352	105-109	0.12944106773992559
2352	110-114	0.11079584896059202
2352	115-119	0.10166087093218579
2352	120-124	0.07092214123369445
2352	125-129	0.08321570374362608
2352	130-134	0.09886178493484721
2352	135-139	0.10502521255183694
2352	140-144	0.12596486021651998
2352	145-149	0.07300731682626349
2352	150	0.15658891944971742
2353	1	0.07253758627142304
2353	2	0.10174618298783145
2353	3	0.09131673429258313
2353	4	0.11867875861798183
2353	5	0.10047340297859364
2353	6	0.06182549645029667
2353	7	0.10260128713532879
2353	8	0.08444144828765587
2353	9	0.05492333186344922
2353	10-14	0.10735592327327481
2353	15-19	0.08989323998806498
2353	20-24	0.09254498025228486
2353	25-29	0.10019794374839108
2353	30-34	0.0990284720152701
2353	35-39	0.1078958825976386
2353	40-44	0.11736608628224587
2353	45-49	0.119269547707745
2353	50-54	0.14797396867867718
2353	55-59	0.12163492586190472
2353	60-64	0.09961852583575848
2353	65-69	0.08079687101329824
2353	70-74	0.10623915821186358
2353	75-79	0.10206655890564065
2353	80-84	0.07647153097906312
2353	85-89	0.07219951940751201
2353	90-94	0.07780416271712198
2353	95-99	0.08171366262647695
2353	100-104	0.06507979911570061
2353	105-109	0.0976805565257024
2353	110-114	0.0768374164571668
2353	115-119	0.09336541781566865
2353	120-124	0.0801432491032088
2353	125-129	0.10658304360065785
2353	130-134	0.028075324920180833
2353	135-139	-0.0037969303631015805
2353	140-144	0.12825399159640227
2353	145-149	-0.006654915947223117
2353	150	0.03356846974806871
2354	1	0.15784822553752775
2354	2	0.11044486637724305
2354	3	0.09848771728231043
2354	4	0.14496684984931818
2354	5	0.13640561236382354
2354	6	0.12934048987406044
2354	7	0.16104080471670557
2354	8	0.11003929111799948
2354	9	0.0845794911234492
2354	10-14	0.10223938529921384
2354	15-19	0.11376549049661122
2354	20-24	0.11989797562681304
2354	25-29	0.07675320747801351
2354	30-34	0.14739581227164678
2354	35-39	0.12437976967127184
2354	40-44	0.1194146995593357
2354	45-49	0.1338327469039271
2354	50-54	0.12477814248265418
2354	55-59	0.11532707842114576
2354	60-64	0.13432813513078656
2354	65-69	0.11007597491408205
2354	70-74	0.1286532637534208
2354	75-79	0.11975508240265498
2354	80-84	0.1355025589353147
2354	85-89	0.11456645956837974
2354	90-94	0.12391540408633261
2354	95-99	0.13422611661489015
2354	100-104	0.10796544852161105
2354	105-109	0.07357293322446168
2354	110-114	0.13608393193361223
2354	115-119	0.10964915197347835
2354	120-124	0.13479271978928153
2354	125-129	0.055081401990143775
2354	130-134	0.07785679485768782
2354	135-139	0.04795905153078195
2354	140-144	0.17208073064354323
2354	145-149	0.11797520722912935
2354	150	0.1504755163764031
2355	1	0.09588355255532832
2355	2	0.12043938793235753
2355	3	0.11709366193211679
2355	4	0.09286767448060118
2355	5	0.10717052978730379
2355	6	0.15731946887812853
2355	7	0.14861273168509825
2355	8	0.031527088747346
2355	9	0.08004515297091785
2355	10-14	0.11031731050829308
2355	15-19	0.09070178656657646
2355	20-24	0.09104626483618006
2355	25-29	0.08964805833660705
2355	30-34	0.1317991690425373
2355	35-39	0.11010072227616519
2355	40-44	0.1362966647336208
2355	45-49	0.1420375237736664
2355	50-54	0.1527525382125674
2355	55-59	0.154115566286805
2355	60-64	0.14633058431790147
2355	65-69	0.11932191889548704
2355	70-74	0.12378152978384804
2355	75-79	0.12016366219638286
2355	80-84	0.12300678712507818
2355	85-89	0.13725906151937295
2355	90-94	0.1799102669998831
2355	95-99	0.1127907163124462
2355	100-104	0.16012033931675518
2355	105-109	0.11722804661872743
2355	110-114	0.15869279364644484
2355	115-119	0.1472047390920963
2355	120-124	0.1411597469511534
2355	125-129	0.11193820689902623
2355	130-134	0.12033004417228454
2355	135-139	0.12252429097701878
2355	140-144	0.12868686387598416
2355	145-149	0.08300396608088079
2355	150	0.11200943320191215
2356	1	0.10852789703621823
2356	2	0.11470414110236504
2356	3	0.13871838322756957
2356	4	0.09870017932195196
2356	5	0.06113938525913909
2356	6	0.053186747355468356
2356	7	0.05555334726123817
2356	8	0.09378704798070459
2356	9	0.07805478831595991
2356	10-14	0.09213920718831048
2356	15-19	0.09425272899269288
2356	20-24	0.0956476315733994
2356	25-29	0.0936019295089423
2356	30-34	0.10205953969759918
2356	35-39	0.11196350369232277
2356	40-44	0.09765032714841482
2356	45-49	0.12408053954195708
2356	50-54	0.10637797229257018
2356	55-59	0.1168324374224241
2356	60-64	0.09753681157030059
2356	65-69	0.07215081978195315
2356	70-74	0.11068775787467189
2356	75-79	0.07106138458049571
2356	80-84	0.08952320142201131
2356	85-89	0.08274530847371153
2356	90-94	0.11786859272139338
2356	95-99	0.09075089839134876
2356	100-104	0.06545076089291513
2356	105-109	0.06479058915287084
2356	110-114	0.12760095201829813
2356	115-119	0.10691162829176193
2356	120-124	0.07787790313008713
2356	125-129	0.08034994791071881
2356	130-134	0.041763662214002295
2356	135-139	0.037350514315939165
2356	140-144	0.07679681927735516
2356	145-149	0.06853701874840112
2356	150	0.12449893952776137
2357	1	0.07830847493629989
2357	2	0.11577274661327408
2357	3	0.07618056247117266
2357	4	0.1244798631090589
2357	5	0.08946701381111666
2357	6	0.12903819125973826
2357	7	0.14763952745916953
2357	8	0.10374024397695081
2357	9	0.0985351274250803
2357	10-14	0.09188858026853097
2357	15-19	0.08474099769094323
2357	20-24	0.07822522764400475
2357	25-29	0.07799360757683615
2357	30-34	0.11329166899813714
2357	35-39	0.0855479233962555
2357	40-44	0.07883089321015291
2357	45-49	0.08419677327221109
2357	50-54	0.08730845627567163
2357	55-59	0.09183267937490314
2357	60-64	0.11884557683818286
2357	65-69	0.07420876119867614
2357	70-74	0.10511279049524092
2357	75-79	0.07411620365130034
2357	80-84	0.1005736978953422
2357	85-89	0.0900229712945233
2357	90-94	0.07926700012688315
2357	95-99	0.08541461921991811
2357	100-104	0.03760542188571492
2357	105-109	0.07260039926115525
2357	110-114	0.0667199835794392
2357	115-119	0.07126772966768158
2357	120-124	0.077978144339383
2357	125-129	0.06285644699317317
2357	130-134	0.07546844258077812
2357	135-139	0.06855072691868713
2357	140-144	0.032995196028352325
2357	145-149	0.016223677077888965
2357	150	0.12894594238896673
2358	1	0.11900329402962484
2358	2	0.08293147002616053
2358	3	0.11101711439732753
2358	4	0.13256298279409862
2358	5	0.1841899540243972
2358	6	0.09191688878325266
2358	7	0.08690177249780362
2358	8	0.07052649746475481
2358	9	0.12103493682953825
2358	10-14	0.11588847599804097
2358	15-19	0.08750794177814214
2358	20-24	0.10044576846189557
2358	25-29	0.09811356752278755
2358	30-34	0.12200889321405839
2358	35-39	0.12405769101632558
2358	40-44	0.11919195088289314
2358	45-49	0.13432789964895875
2358	50-54	0.15272733351914525
2358	55-59	0.13189633612869045
2358	60-64	0.09911276902303712
2358	65-69	0.1397762143137271
2358	70-74	0.13826604478649074
2358	75-79	0.10452016700348565
2358	80-84	0.15521594156255247
2358	85-89	0.1126080946645871
2358	90-94	0.11215058868413763
2358	95-99	0.12017256576011448
2358	100-104	0.10011281390190874
2358	105-109	0.11665237369437875
2358	110-114	0.13236436493554748
2358	115-119	0.12068184305292817
2358	120-124	0.08259499842858276
2358	125-129	0.13932328152447582
2358	130-134	0.1265096932056835
2358	135-139	0.11279962691527601
2358	140-144	0.15687740889551094
2358	145-149	0.12444678086071548
2358	150	0.15228044285542808
2359	1	0.09263924359893139
2359	2	0.010785627593364211
2359	3	0.05340836502677604
2359	4	0.015289173604216444
2359	5	0.019195584000719634
2359	6	0.02685359662955733
2359	7	0.0935796056180962
2359	8	0.06683061502774024
2359	9	0.07534931524141797
2359	10-14	0.06090330894869567
2359	15-19	0.0829235515720228
2359	20-24	0.08297480992336403
2359	25-29	0.10195597627109976
2359	30-34	0.1488479186337699
2359	35-39	0.12724079814883993
2359	40-44	0.11809320390325695
2359	45-49	0.13332719306355756
2359	50-54	0.09629333246928695
2359	55-59	0.14819561845698104
2359	60-64	0.11994100999937984
2359	65-69	0.09987083531547825
2359	70-74	0.14849229904235983
2359	75-79	0.11821910819394077
2359	80-84	0.15039873881261911
2359	85-89	0.12191632217707138
2359	90-94	0.09635646816924748
2359	95-99	0.151870334205789
2359	100-104	0.11594607043247152
2359	105-109	0.14743465322704452
2359	110-114	0.14637545926136397
2359	115-119	0.10122403047571282
2359	120-124	0.12286555785990316
2359	125-129	0.08930825489728988
2359	130-134	0.10427081925438131
2359	135-139	0.14177497122539506
2359	140-144	0.14054553548248805
2359	145-149	0.1581530416882302
2359	150	0.20304372873133048
2360	1	0.11658589735924352
2360	2	0.0823230963358057
2360	3	0.10762578321934768
2360	4	0.08666531299277835
2360	5	0.07276902918906814
2360	6	0.1132696650332008
2360	7	0.10360622496148153
2360	8	0.05442169889212067
2360	9	0.10481074408173185
2360	10-14	0.08164434844749735
2360	15-19	0.12145894992109163
2360	20-24	0.10973047661691737
2360	25-29	0.11167848978242034
2360	30-34	0.1250499567612806
2360	35-39	0.0865056740596728
2360	40-44	0.09550870765416164
2360	45-49	0.14646800670126225
2360	50-54	0.10821718501426147
2360	55-59	0.08032355263460289
2360	60-64	0.10435363671014386
2360	65-69	0.07599919970471092
2360	70-74	0.12466825559098993
2360	75-79	0.0990875978823027
2360	80-84	0.1198940468172367
2360	85-89	0.1035734435236364
2360	90-94	0.10164296221350355
2360	95-99	0.12002714633776179
2360	100-104	0.09955823466575708
2360	105-109	0.14014606190118428
2360	110-114	0.11569841373959378
2360	115-119	0.13814156428765045
2360	120-124	0.15579529892628585
2360	125-129	0.13732148390431576
2360	130-134	0.08776386864805374
2360	135-139	0.12730856806334145
2360	140-144	0.16282404372373094
2360	145-149	0.09780645245965047
2360	150	0.255853548311336
2361	1	0.09000304359140188
2361	2	0.09489992109768508
2361	3	0.14252536690344897
2361	4	0.08781694134214746
2361	5	0.07868192309275202
2361	6	0.0909982025198488
2361	7	0.09370247044788016
2361	8	0.05019813476010171
2361	9	0.06892473524916198
2361	10-14	0.07964077783391588
2361	15-19	0.06925487267157848
2361	20-24	0.06514377226258006
2361	25-29	0.08341117700473433
2361	30-34	0.11162627143549742
2361	35-39	0.09829084661695475
2361	40-44	0.07210040166292941
2361	45-49	0.07549701841602285
2361	50-54	0.09703928523305905
2361	55-59	0.10105894178738595
2361	60-64	0.0755304050939074
2361	65-69	0.08595413556982123
2361	70-74	0.0953490691999761
2361	75-79	0.1159524764296691
2361	80-84	0.12121260422798485
2361	85-89	0.13962726352406207
2361	90-94	0.1325468145258739
2361	95-99	0.10969407444033408
2361	100-104	0.11294788218751961
2361	105-109	0.10896480628014871
2361	110-114	0.14307418534305327
2361	115-119	0.15080343561899667
2361	120-124	0.1251773641676479
2361	125-129	0.14112731309398185
2361	130-134	0.0492441775387249
2361	135-139	0.10029190967440371
2361	140-144	0.14133316873163437
2361	145-149	0.10037462874288394
2361	150	0.14594413681058427
2362	1	0.1680995402043024
2362	2	0.05551134101279587
2362	3	0.1152309745091955
2362	4	0.076753767931514
2362	5	0.07102192330899015
2362	6	0.09039077096161918
2362	7	0.1370624929364439
2362	8	0.054644528000075354
2362	9	0.08673596824007745
2362	10-14	0.10297339598598398
2362	15-19	0.1351549162792125
2362	20-24	0.11126596734849414
2362	25-29	0.06363890257215132
2362	30-34	0.10231466904104991
2362	35-39	0.11711978334744089
2362	40-44	0.10210377254528424
2362	45-49	0.11420853888098037
2362	50-54	0.10524915929949685
2362	55-59	0.09788137461299584
2362	60-64	0.09920251410580505
2362	65-69	0.07666386848205065
2362	70-74	0.13438582815545885
2362	75-79	0.09307014857471785
2362	80-84	0.12766744749878
2362	85-89	0.10532093609197091
2362	90-94	0.1763538885735585
2362	95-99	0.15024490016234893
2362	100-104	0.13502711834509284
2362	105-109	0.13374951309387484
2362	110-114	0.1422537947483704
2362	115-119	0.10380548385649746
2362	120-124	0.13201788635408462
2362	125-129	0.09433228700748941
2362	130-134	0.10551426137831044
2362	135-139	0.08828505258371422
2362	140-144	0.1282218250998568
2362	145-149	0.10339830300463859
2362	150	0.20645726535220632
2363	1	0.07936700680452446
2363	2	0.04408284146324348
2363	3	0.07047114625211748
2363	4	0.03689287778180983
2363	5	0.038744077379256225
2363	6	-0.005553958869136011
2363	7	0.05346700885525024
2363	8	0.03726063656613832
2363	9	0.04183151940835472
2363	10-14	0.04231151486428786
2363	15-19	0.04084104458804205
2363	20-24	0.021597578780131244
2363	25-29	0.012822203639785812
2363	30-34	0.013943188716730504
2363	35-39	0.06947204801555529
2363	40-44	0.04159138060340695
2363	45-49	0.05749178052863613
2363	50-54	0.05195995648567475
2363	55-59	0.06856139799764094
2363	60-64	0.06741371381445305
2363	65-69	0.04244062185077979
2363	70-74	0.04698781009944497
2363	75-79	0.0911881547467317
2363	80-84	0.1209113952858587
2363	85-89	0.05660353562044662
2363	90-94	0.07455150794064025
2363	95-99	0.03787250937052988
2363	100-104	0.07424928199923642
2363	105-109	0.030399328125220393
2363	110-114	0.04421415586852362
2363	115-119	0.09067154929515198
2363	120-124	0.04871723081748769
2363	125-129	0.053531593135403455
2363	130-134	0.05782758678897437
2363	135-139	0.022742279778903196
2363	140-144	0.11845908334677802
2363	145-149	0.08719122435942239
2363	150	0.05339852582257976
2364	1	0.09009223011051404
2364	2	-0.05132890074649055
2364	3	0.09694078509817672
2364	4	0.08415542152265232
2364	5	0.12832814591946828
2364	6	0.131949623477972
2364	7	0.06504827973481042
2364	8	0.00708631726925546
2364	9	0.05675256676469331
2364	10-14	0.07602157264678766
2364	15-19	0.10793869174819548
2364	20-24	0.07906868753180163
2364	25-29	0.10038806737797046
2364	30-34	0.07642967869491457
2364	35-39	0.08183911054427284
2364	40-44	0.09785038887252995
2364	45-49	0.10886671583678265
2364	50-54	0.10260369282796944
2364	55-59	0.08922543367171443
2364	60-64	0.10079292850299026
2364	65-69	0.07716871408326398
2364	70-74	0.10438444223584753
2364	75-79	0.09181366494536292
2364	80-84	0.16836777639881717
2364	85-89	0.09082151496325963
2364	90-94	0.09356820701357549
2364	95-99	0.08617466739166701
2364	100-104	0.09513702381718758
2364	105-109	0.05165929105172751
2364	110-114	0.08796494188884196
2364	115-119	0.09745059812863843
2364	120-124	0.10932881940549066
2364	125-129	0.09406735601146465
2364	130-134	0.05572235762928557
2364	135-139	0.01959697901800439
2364	140-144	0.07457754165702113
2364	145-149	0.0663294736130311
2364	150	0.15104706746431873
2365	1	0.04812035489414512
2365	2	0.10662684153466273
2365	3	0.059262122120038896
2365	4	0.11998643090939254
2365	5	0.1413656837936088
2365	6	0.0802691658777448
2365	7	0.11505020218619677
2365	8	0.04344363203211543
2365	9	0.0988835364685059
2365	10-14	0.0870751406867285
2365	15-19	0.10386778219432102
2365	20-24	0.07158128949303233
2365	25-29	0.0730187844661856
2365	30-34	0.06520103511909525
2365	35-39	0.09618932829918947
2365	40-44	0.10533490383087951
2365	45-49	0.12392787067421551
2365	50-54	0.12986550939441344
2365	55-59	0.1081174004717127
2365	60-64	0.09051977787436982
2365	65-69	0.10730125773896049
2365	70-74	0.10172494374721452
2365	75-79	0.10198821804224423
2365	80-84	0.1334310279135167
2365	85-89	0.10311286961940169
2365	90-94	0.12487129086666471
2365	95-99	0.11790045665819804
2365	100-104	0.09346675604464849
2365	105-109	0.13925765140952961
2365	110-114	0.1267119580020406
2365	115-119	0.11016481094422659
2365	120-124	0.0746878348755402
2365	125-129	0.13116014268030085
2365	130-134	0.0353684781235728
2365	135-139	0.08225146218777013
2365	140-144	0.12775106259679347
2365	145-149	0.09620134670289104
2365	150	0.1861014589960419
2366	1	0.16494277180843397
2366	2	0.0805518430668215
2366	3	0.15665745727162061
2366	4	0.13690683230618816
2366	5	0.07100744052019081
2366	6	0.07564671648810872
2366	7	0.15074038396424783
2366	8	0.019963571968169447
2366	9	0.019899864134245604
2366	10-14	0.07984292440215768
2366	15-19	0.1015192819048849
2366	20-24	0.07595712967022195
2366	25-29	0.042743777505222624
2366	30-34	0.06553560770080225
2366	35-39	0.05367787905253607
2366	40-44	0.09082696484926345
2366	45-49	0.11023138284271283
2366	50-54	0.09302638571355715
2366	55-59	0.09180550901759688
2366	60-64	0.1022285825261875
2366	65-69	0.09953337172119348
2366	70-74	0.12346653433527877
2366	75-79	0.10123382806628456
2366	80-84	0.1179513665078602
2366	85-89	0.11303670416833711
2366	90-94	0.0904921092886255
2366	95-99	0.11188867271302883
2366	100-104	0.07599056189189213
2366	105-109	0.09393632668251684
2366	110-114	0.1309776776224112
2366	115-119	0.09947751822674888
2366	120-124	0.12989752934374366
2366	125-129	0.11247153878201743
2366	130-134	0.09535633064272986
2366	135-139	0.14293461884938097
2366	140-144	0.13015811641492547
2366	145-149	0.11076070062554066
2366	150	0.050809918861673964
2367	1	0.12291602935527379
2367	2	0.010611000417341643
2367	3	-0.019737878335540415
2367	4	0.17222651575841041
2367	5	0.11203970552507769
2367	6	0.13203770212455623
2367	7	0.06889660945989107
2367	8	0.04586189516270878
2367	9	0.032859730625297345
2367	10-14	0.06742676114291157
2367	15-19	0.07230796890607394
2367	20-24	0.0686242917954516
2367	25-29	0.05324872207650344
2367	30-34	0.07132987214323094
2367	35-39	0.10404512755692252
2367	40-44	0.049788339173701956
2367	45-49	0.09803783347760486
2367	50-54	0.09298026127186887
2367	55-59	0.060045435047975104
2367	60-64	0.032846597597959715
2367	65-69	0.052510868477817496
2367	70-74	0.07551180008642433
2367	75-79	0.1010873410543951
2367	80-84	0.12349639611669971
2367	85-89	0.03325470657623697
2367	90-94	0.09185721075532882
2367	95-99	0.07686059344134577
2367	100-104	0.0927808165972337
2367	105-109	0.13111673620961284
2367	110-114	0.12807136840946498
2367	115-119	0.13102134855221692
2367	120-124	0.148854119275164
2367	125-129	0.06818381738858648
2367	130-134	0.10856415791737817
2367	135-139	0.1281802960420393
2367	140-144	0.1192089882015992
2367	145-149	0.09824474955547657
2367	150	0.1404942257963171
2368	1	0.04122858132793539
2368	2	0.055043547050438235
2368	3	0.06698334554280905
2368	4	0.17312655661419285
2368	5	0.10989834026374723
2368	6	0.056185302275650884
2368	7	0.1397761511508051
2368	8	0.07688238835620353
2368	9	0.09002436403755354
2368	10-14	0.060671340527669315
2368	15-19	0.1079568294996136
2368	20-24	0.10734459839299859
2368	25-29	0.07970068686232423
2368	30-34	0.10196845714995817
2368	35-39	0.1115167187232089
2368	40-44	0.10917276516337182
2368	45-49	0.1236414194638158
2368	50-54	0.10129352788371904
2368	55-59	0.0858197928310318
2368	60-64	0.11057767020588471
2368	65-69	0.08455839063499582
2368	70-74	0.0936091223854163
2368	75-79	0.12353817397503519
2368	80-84	0.12343488128582436
2368	85-89	0.07482868685257671
2368	90-94	0.10190026054256407
2368	95-99	0.1238562965528871
2368	100-104	0.13992790378764397
2368	105-109	0.14671736732654495
2368	110-114	0.12678171436225227
2368	115-119	0.1105718520646306
2368	120-124	0.11704600124374309
2368	125-129	0.14222947069689695
2368	130-134	0.11730599615042081
2368	135-139	0.1583909450904315
2368	140-144	0.1849255314822429
2368	145-149	0.102419812269396
2368	150	0.1348078842076461
2369	1	0.22615751981903998
2369	2	0.13735994959510833
2369	3	0.10972614408322556
2369	4	0.1549193723496245
2369	5	0.07145179405649316
2369	6	0.18805356631797565
2369	7	0.11254090966137653
2369	8	0.08106591566509991
2369	9	0.0777244425361232
2369	10-14	0.12599325490745628
2369	15-19	0.09536376520142653
2369	20-24	0.11152232346633184
2369	25-29	0.08985880403592716
2369	30-34	0.08956127607998354
2369	35-39	0.1070419442069408
2369	40-44	0.0988961207299539
2369	45-49	0.1373727322720555
2369	50-54	0.10109941760506302
2369	55-59	0.09711300240641663
2369	60-64	0.09070456115252057
2369	65-69	0.07924059844047804
2369	70-74	0.07989148283876091
2369	75-79	0.13617552963359714
2369	80-84	0.148407212416231
2369	85-89	0.0695850150901478
2369	90-94	0.08299428697266364
2369	95-99	0.06640545630641981
2369	100-104	0.08854500877809102
2369	105-109	0.09999595757766855
2369	110-114	0.1326308393023794
2369	115-119	0.15326804027491647
2369	120-124	0.12040709293388119
2369	125-129	0.10721116045799306
2369	130-134	0.09000486127932561
2369	135-139	0.14204039922805123
2369	140-144	0.04442554235541962
2369	145-149	0.06685265673311136
2369	150	0.05067291862751233
2370	1	0.16225092665598595
2370	2	0.13124189090677163
2370	3	0.05336794481829088
2370	4	0.10266755930192772
2370	5	0.04682077549145447
2370	6	0.03942428146914523
2370	7	0.07488323818223108
2370	8	0.13314400907222534
2370	9	0.11014505171782929
2370	10-14	0.08212311000042405
2370	15-19	0.10110779496636013
2370	20-24	0.08961342496534996
2370	25-29	0.09490952132547648
2370	30-34	0.0870850316607985
2370	35-39	0.08340306103378481
2370	40-44	0.07785569475818477
2370	45-49	0.09593850021267514
2370	50-54	0.056048143484609625
2370	55-59	0.048562229747957986
2370	60-64	0.00998551264891745
2370	65-69	0.03693899591304728
2370	70-74	0.046852046981939566
2370	75-79	0.06437373165947946
2370	80-84	0.08123046544265833
2370	85-89	0.054846261829702314
2370	90-94	0.09611798893917722
2370	95-99	0.0796628653596656
2370	100-104	0.03507048787621869
2370	105-109	0.07668958752399391
2370	110-114	0.08357741074902947
2370	115-119	0.06780096427953453
2370	120-124	0.06446239861639924
2370	125-129	0.07496150609676278
2370	130-134	0.05477546555734847
2370	135-139	0.01856528330981888
2370	140-144	0.07805104273589336
2370	145-149	0.025481387167836544
2370	150	0.1580924148724563
2371	1	0.17877029556030521
2371	2	0.12709053091910505
2371	3	0.09169546859722288
2371	4	0.16752614539296928
2371	5	0.18520096954016907
2371	6	0.12088570222132944
2371	7	0.16889303590417626
2371	8	0.1029129049355717
2371	9	0.07977519179122083
2371	10-14	0.10948674564914995
2371	15-19	0.09143195232525869
2371	20-24	0.11200691120119188
2371	25-29	0.09175390781670956
2371	30-34	0.11910169509256008
2371	35-39	0.0941690629511811
2371	40-44	0.12670897416395377
2371	45-49	0.126286514304212
2371	50-54	0.10563531364952894
2371	55-59	0.09812235314797846
2371	60-64	0.07948158162888319
2371	65-69	0.0729632314740627
2371	70-74	0.05886357992319802
2371	75-79	0.10074608214637948
2371	80-84	0.116304059805735
2371	85-89	0.05647476076368463
2371	90-94	0.11027216987643129
2371	95-99	0.05287022233060412
2371	100-104	0.06242535238355629
2371	105-109	0.07122523398775371
2371	110-114	0.07035555678930194
2371	115-119	0.06302248698151658
2371	120-124	0.09802305310952164
2371	125-129	0.10375833080849617
2371	130-134	0.07940434809608377
2371	135-139	0.07301607549393196
2371	140-144	0.07627117648084436
2371	145-149	0.06420335178000158
2371	150	0.08452178887493744
2372	1	0.1174938491030062
2372	2	0.10273777540546547
2372	3	0.06422537998651734
2372	4	0.14227571105446657
2372	5	0.10168645942223264
2372	6	0.12322788918184813
2372	7	0.1328845698863077
2372	8	0.06293665162556294
2372	9	0.08257406073958151
2372	10-14	0.08037023340025229
2372	15-19	0.07482669942866949
2372	20-24	0.09613213680513866
2372	25-29	0.10118256375105261
2372	30-34	0.10482825617230418
2372	35-39	0.0813387159110519
2372	40-44	0.05788793632126499
2372	45-49	0.06809627715777111
2372	50-54	0.08264594818179205
2372	55-59	0.049327129825030624
2372	60-64	0.07338289530014919
2372	65-69	0.0712370431643734
2372	70-74	0.08515178637671283
2372	75-79	0.082723239636465
2372	80-84	0.10796749639473546
2372	85-89	0.07642365279024688
2372	90-94	0.07294802663973599
2372	95-99	0.13115567535135142
2372	100-104	0.07009640137018636
2372	105-109	0.07901578980617074
2372	110-114	0.11998982209128428
2372	115-119	0.06854129159224698
2372	120-124	0.08967725745257127
2372	125-129	0.0812426423949546
2372	130-134	0.10010773212991353
2372	135-139	0.04297972219627866
2372	140-144	0.1418127078842346
2372	145-149	0.06816835489745188
2372	150	0.15137741206434896
2373	1	0.15476807724032682
2373	2	0.09210294205097114
2373	3	0.15388028687753774
2373	4	0.14697454576835867
2373	5	0.11594999335873979
2373	6	0.07036831448834135
2373	7	0.13158084974873674
2373	8	0.07083380295701147
2373	9	0.08924521723660916
2373	10-14	0.09793090267928051
2373	15-19	0.106020078101281
2373	20-24	0.10314419426241983
2373	25-29	0.11462294282280538
2373	30-34	0.1074988416223519
2373	35-39	0.10882348312667034
2373	40-44	0.12458719840370236
2373	45-49	0.15268537590177544
2373	50-54	0.07462906804072134
2373	55-59	0.10482190589823404
2373	60-64	0.10685822325774552
2373	65-69	0.11294157498377189
2373	70-74	0.134525243721221
2373	75-79	0.13495152661951693
2373	80-84	0.1247347886222343
2373	85-89	0.10530395345931964
2373	90-94	0.1247611514666147
2373	95-99	0.12139051142695223
2373	100-104	0.1117237482485649
2373	105-109	0.11082686029202904
2373	110-114	0.16155305886238125
2373	115-119	0.12610602130672532
2373	120-124	0.1290100819770572
2373	125-129	0.12922130928394182
2373	130-134	0.10077883295034695
2373	135-139	0.13471379783279502
2373	140-144	0.1521885582127993
2373	145-149	0.05073300138651149
2373	150	0.10803298731578082
2374	1	0.1543447125756785
2374	2	0.09060152509592001
2374	3	0.09673138098286671
2374	4	0.16232330146377905
2374	5	0.08730407634089943
2374	6	0.03261211939277331
2374	7	0.08867051240858359
2374	8	0.11165273707951684
2374	9	0.1009211513703363
2374	10-14	0.10446652694287195
2374	15-19	0.09323866674056802
2374	20-24	0.0800881296919016
2374	25-29	0.0694533624205036
2374	30-34	0.10758860816890348
2374	35-39	0.07342499803066715
2374	40-44	0.10119087852515207
2374	45-49	0.13617254244154253
2374	50-54	0.0709536469135017
2374	55-59	0.07001865415833208
2374	60-64	0.0906271596776449
2374	65-69	0.05819752619021301
2374	70-74	0.0880612619484964
2374	75-79	0.08884111453465238
2374	80-84	0.11289539841315843
2374	85-89	0.05909388496795742
2374	90-94	0.09441200104011926
2374	95-99	0.11011405665109208
2374	100-104	0.11750149844259994
2374	105-109	0.10299762124240885
2374	110-114	0.11471660059869748
2374	115-119	0.09629523034719512
2374	120-124	0.0830079307646514
2374	125-129	0.09060178025423227
2374	130-134	0.0732634007879227
2374	135-139	0.0900024412135565
2374	140-144	0.08216927058775525
2374	145-149	0.06850358330261486
2374	150	0.1464141333097757
2375	1	0.13192008669582123
2375	2	0.1545704142352946
2375	3	0.11889408608979579
2375	4	0.12088172195606006
2375	5	0.08651329564327881
2375	6	0.08408794740598324
2375	7	0.07535076987458211
2375	8	0.13676817909446726
2375	9	0.1196707798172838
2375	10-14	0.12165084582147756
2375	15-19	0.13104327268587213
2375	20-24	0.1440709544833112
2375	25-29	0.1618106030533113
2375	30-34	0.1406499196334252
2375	35-39	0.1580076503442598
2375	40-44	0.1574303833578483
2375	45-49	0.1834182631154917
2375	50-54	0.15483909199352297
2375	55-59	0.15780117923670645
2375	60-64	0.12705252210110984
2375	65-69	0.13651318839618654
2375	70-74	0.19342880415499053
2375	75-79	0.22588508865835877
2375	80-84	0.18900058054556723
2375	85-89	0.16166437581944848
2375	90-94	0.19079907709326704
2375	95-99	0.2062162818002733
2375	100-104	0.1848903355606879
2375	105-109	0.2205905905708505
2375	110-114	0.2153942747576707
2375	115-119	0.1926854718393045
2375	120-124	0.15202279983514444
2375	125-129	0.2031860600666846
2375	130-134	0.21691642544206502
2375	135-139	0.21138891892153566
2375	140-144	0.20960374407103188
2375	145-149	0.1640293897367897
2375	150	0.23273256566087497
2376	1	0.21253180387446946
2376	2	0.11530839219845745
2376	3	0.1508935681448378
2376	4	0.20071886180782883
2376	5	0.06368500804810395
2376	6	0.06140796445760088
2376	7	0.06393248212729219
2376	8	0.07733965023366096
2376	9	0.08099778366560173
2376	10-14	0.12154113353443563
2376	15-19	0.10469535797986396
2376	20-24	0.14315294774456788
2376	25-29	0.09613892633521459
2376	30-34	0.14865985263209325
2376	35-39	0.1373331635407382
2376	40-44	0.150288515191221
2376	45-49	0.1626155966349856
2376	50-54	0.10613600199162221
2376	55-59	0.08060423261584759
2376	60-64	0.1370712274025223
2376	65-69	0.14995062294615735
2376	70-74	0.11978999900097165
2376	75-79	0.12058719035263721
2376	80-84	0.14410305993404648
2376	85-89	0.11917311516559437
2376	90-94	0.10354457929901884
2376	95-99	0.13396648958278945
2376	100-104	0.12978612058857664
2376	105-109	0.10431264913685112
2376	110-114	0.14136486578044583
2376	115-119	0.12066058395995327
2376	120-124	0.15211669686004115
2376	125-129	0.1094573867819193
2376	130-134	0.1365591370243422
2376	135-139	0.16306586323347716
2376	140-144	0.1181843135686762
2376	145-149	0.06711110374459395
2376	150	0.13237468441457878
2377	1	0.10411581800699565
2377	2	0.08431863998723799
2377	3	0.03755335793438519
2377	4	0.10001627160799842
2377	5	0.061880992060530104
2377	6	0.04720141132150246
2377	7	0.1453523593292445
2377	8	0.047142611404531465
2377	9	0.018153236404344852
2377	10-14	0.09028720174203642
2377	15-19	0.07784530533605505
2377	20-24	0.07029379294070992
2377	25-29	0.0940749123889617
2377	30-34	0.10791641254028406
2377	35-39	0.11659726395245684
2377	40-44	0.11301415301963402
2377	45-49	0.11719780112428424
2377	50-54	0.07099613011420303
2377	55-59	0.042944947725693794
2377	60-64	0.10438188334094178
2377	65-69	0.1055621081071223
2377	70-74	0.11746290181541497
2377	75-79	0.08159269689944892
2377	80-84	0.06581406344195528
2377	85-89	0.0629947339405561
2377	90-94	0.09390769548680566
2377	95-99	0.09411651960120793
2377	100-104	0.08800720985951926
2377	105-109	0.08928242308862622
2377	110-114	0.11680649750970673
2377	115-119	0.08213319035459676
2377	120-124	0.0768973023589794
2377	125-129	0.09130010266715516
2377	130-134	0.08044106430408249
2377	135-139	0.06477260556131625
2377	140-144	0.1294732390411042
2377	145-149	4.991183412670352E-4
2377	150	0.09577442695857741
2378	1	0.16673264292589351
2378	2	0.09471332321455606
2378	3	0.09031037846285273
2378	4	0.09524625761849137
2378	5	0.11354951727302165
2378	6	0.032907063317260565
2378	7	0.1166163302864689
2378	8	0.11896018932934282
2378	9	0.12112076530691951
2378	10-14	0.1096405038852879
2378	15-19	0.07724497791240736
2378	20-24	0.10521866545816039
2378	25-29	0.09589322460108463
2378	30-34	0.12103698517785944
2378	35-39	0.12272839168458916
2378	40-44	0.0973424646648624
2378	45-49	0.08091242359979134
2378	50-54	0.06221112448910304
2378	55-59	0.07867513937467407
2378	60-64	0.08414998552025565
2378	65-69	0.042704585333751766
2378	70-74	0.07976579037989495
2378	75-79	0.06318335341696724
2378	80-84	0.12208559984111389
2378	85-89	0.0563229538949912
2378	90-94	0.07607229454501407
2378	95-99	0.06746107269227508
2378	100-104	0.06787999553627344
2378	105-109	0.09000215780165632
2378	110-114	0.09401224138649411
2378	115-119	0.06888242439403314
2378	120-124	0.06497318048860024
2378	125-129	0.045326945623649806
2378	130-134	0.08183792223927355
2378	135-139	0.05977536199213063
2378	140-144	0.06789440340769914
2378	145-149	0.0049372953455986135
2378	150	0.03627994001043788
2379	1	0.19474798763659606
2379	2	0.08817471216509176
2379	3	0.12084029954676367
2379	4	0.11146275779936587
2379	5	0.10580743396122472
2379	6	0.0794198864218032
2379	7	0.1010179770062507
2379	8	0.1436094026003758
2379	9	0.09518956457247185
2379	10-14	0.09731535576561612
2379	15-19	0.1328211816411624
2379	20-24	0.11577861326288996
2379	25-29	0.10207560558096418
2379	30-34	0.1225559527024771
2379	35-39	0.09758348292751151
2379	40-44	0.1443519522270691
2379	45-49	0.11539550193525372
2379	50-54	0.06507846353342472
2379	55-59	0.1114228085229243
2379	60-64	0.12125857798066164
2379	65-69	0.10673670047341943
2379	70-74	0.10115701704476976
2379	75-79	0.10140495228854718
2379	80-84	0.07758115093137974
2379	85-89	0.11341808714949053
2379	90-94	0.09853214492059692
2379	95-99	0.11614123833702195
2379	100-104	0.10121972534898305
2379	105-109	0.1823237416256802
2379	110-114	0.09139932389272332
2379	115-119	0.07056961299314679
2379	120-124	0.13542893154420454
2379	125-129	0.119550590355324
2379	130-134	0.09427469209065009
2379	135-139	0.09509967869613689
2379	140-144	0.11709861170847802
2379	145-149	0.13305951192709387
2379	150	0.017579072571841436
2380	1	0.16439131865176648
2380	2	0.16167006135342632
2380	3	0.1317694019301996
2380	4	0.13143269032866556
2380	5	0.12098948590024605
2380	6	0.11269293992862828
2380	7	0.15142159638852348
2380	8	0.11492234373737631
2380	9	0.1305735558366692
2380	10-14	0.11601655236402308
2380	15-19	0.13892637279798237
2380	20-24	0.08034654302258559
2380	25-29	0.12126594189740558
2380	30-34	0.13235186297742985
2380	35-39	0.13898283658746635
2380	40-44	0.14520052137233108
2380	45-49	0.15795176310665937
2380	50-54	0.08961395428212171
2380	55-59	0.12037625007780406
2380	60-64	0.11237776961332457
2380	65-69	0.1274916433429354
2380	70-74	0.13010837682955412
2380	75-79	0.10246436737978115
2380	80-84	0.1661962324025552
2380	85-89	0.1314658519536991
2380	90-94	0.10036425511867719
2380	95-99	0.11627533330844386
2380	100-104	0.11994276909513246
2380	105-109	0.13388899634893647
2380	110-114	0.12015771960290067
2380	115-119	0.09144290411153833
2380	120-124	0.0833618787206305
2380	125-129	0.09575946586395645
2380	130-134	0.0908527348302215
2380	135-139	0.0954186165511075
2380	140-144	0.082468747381931
2380	145-149	0.06203897179545237
2380	150	0.13111847064288185
2381	1	0.10005098153670389
2381	2	0.054272513657849686
2381	3	0.09885489078302356
2381	4	0.1583360519582584
2381	5	0.13730052833200546
2381	6	0.12251543927961706
2381	7	0.07029832540916203
2381	8	0.10032356436831691
2381	9	0.021504532612219407
2381	10-14	0.06163543537024907
2381	15-19	0.056040888978401426
2381	20-24	0.05884333604593195
2381	25-29	0.07060115533271016
2381	30-34	0.057692973548533644
2381	35-39	0.091884311034093
2381	40-44	0.1192719554868944
2381	45-49	0.08394828748249239
2381	50-54	0.10675246932117233
2381	55-59	0.11866914466453693
2381	60-64	0.08952425365135497
2381	65-69	0.11272405860510304
2381	70-74	0.11070372076390811
2381	75-79	0.11896788869556474
2381	80-84	0.09902066170960211
2381	85-89	0.1164867078995897
2381	90-94	0.10504740081022135
2381	95-99	0.1031192317373879
2381	100-104	0.10382688484579461
2381	105-109	0.04737909160468945
2381	110-114	0.078523058591081
2381	115-119	0.026726651860563777
2381	120-124	0.07866148026110409
2381	125-129	0.02166992734726847
2381	130-134	0.09447760549427642
2381	135-139	0.01320051725879523
2381	140-144	0.06623017040324441
2381	145-149	-0.04179775482147363
2381	150	-0.018281888019480164
2382	1	0.19850963084103057
2382	2	0.046624771661008424
2382	3	0.010227627303351028
2382	4	0.07072948026446824
2382	5	0.046454822501395654
2382	6	0.0551288536284531
2382	7	0.053898487166328835
2382	8	0.02317796408673445
2382	9	0.05189561593599734
2382	10-14	0.07547564026006626
2382	15-19	0.046191028301471704
2382	20-24	0.019537231250978948
2382	25-29	0.03251467306965594
2382	30-34	0.06217410834443626
2382	35-39	0.07220240263051636
2382	40-44	0.06878825358205631
2382	45-49	0.06205256030796846
2382	50-54	0.043564152708732706
2382	55-59	0.04294052077676014
2382	60-64	0.056623919395725864
2382	65-69	0.03716172785550498
2382	70-74	0.045379144718218356
2382	75-79	0.0588076178919934
2382	80-84	0.07843115915376586
2382	85-89	0.046258109830858984
2382	90-94	0.008103076159756029
2382	95-99	0.027569671802432083
2382	100-104	-0.002325401570473673
2382	105-109	0.03965432563206406
2382	110-114	-0.011907741771537417
2382	115-119	0.0025671323157467896
2382	120-124	0.03524528539833227
2382	125-129	0.025716718171501896
2382	130-134	0.02535797552083352
2382	135-139	-0.03317730933641627
2382	140-144	-0.023095905823808494
2382	145-149	-0.04717418991378963
2382	150	-0.036400967981570886
2383	1	0.08816873591291596
2383	2	-0.02863073729866983
2383	3	-0.01051275251566608
2383	4	0.08899754267338267
2383	5	0.03597352376176133
2383	6	0.0842309999066373
2383	7	0.038554863650517746
2383	8	0.10298981072035929
2383	9	0.02483828076356076
2383	10-14	0.043220688498529114
2383	15-19	0.022057178548827494
2383	20-24	0.05591560488039704
2383	25-29	0.04353100655415432
2383	30-34	7.132957574995658E-4
2383	35-39	0.022974769533668393
2383	40-44	0.047383419608515
2383	45-49	0.05592608557419254
2383	50-54	-0.011301193021182598
2383	55-59	0.025338371920305747
2383	60-64	0.052905762607544204
2383	65-69	0.014753820487193536
2383	70-74	0.030137873644868307
2383	75-79	0.0540676684980852
2383	80-84	0.05271109950524533
2383	85-89	0.01007809756996636
2383	90-94	0.006976343112526706
2383	95-99	0.02666175115358982
2383	100-104	0.0483673503101798
2383	105-109	0.04971654365812839
2383	110-114	0.00820760709608237
2383	115-119	-0.014605836793371907
2383	120-124	0.06354589140845945
2383	125-129	0.023282481318403825
2383	130-134	0.008152024018194481
2383	135-139	-0.007264005941493679
2383	140-144	-0.03122502479207867
2383	145-149	-0.04590311268059821
2383	150	-0.013268440346173804
2384	1	0.14191415986891798
2384	2	0.08477177547113968
2384	3	0.024532966693250557
2384	4	0.10048571939189088
2384	5	0.012662885349790542
2384	6	0.08143789751927244
2384	7	0.03356286826145549
2384	8	0.017628319520028413
2384	9	3.035382251965757E-4
2384	10-14	0.04565882769436058
2384	15-19	0.045091477286753445
2384	20-24	0.034097578780134086
2384	25-29	0.028641224631215323
2384	30-34	0.0489668207231162
2384	35-39	0.04942367451889851
2384	40-44	0.05854429410803874
2384	45-49	0.048933221970074214
2384	50-54	0.02582162603699345
2384	55-59	0.035311830696343804
2384	60-64	0.054187001880841024
2384	65-69	0.026502886085452815
2384	70-74	0.03597063528917488
2384	75-79	0.04429082638387882
2384	80-84	0.07161702702597239
2384	85-89	0.05615142094419667
2384	90-94	0.05489589173329534
2384	95-99	0.05209609255962988
2384	100-104	0.0035302255043205832
2384	105-109	0.07250812411332674
2384	110-114	0.07960891022879935
2384	115-119	0.04202456487229966
2384	120-124	0.05120857684331526
2384	125-129	0.017507761421924783
2384	130-134	1.0613380890589497E-4
2384	135-139	0.01940495230365258
2384	140-144	-0.02616879576386566
2384	145-149	-0.027732997892385924
2384	150	-0.030309258316236765
2385	1	0.08764026627057575
2385	2	0.020611817813765754
2385	3	0.05772713781307459
2385	4	0.08433978006925713
2385	5	-0.02335947738419719
2385	6	0.04031927207208952
2385	7	0.02658177480167012
2385	8	0.03780701018305166
2385	9	0.07461143761665312
2385	10-14	0.05260830770401981
2385	15-19	-0.0024816643333167576
2385	20-24	0.014419747959315998
2385	25-29	0.00929054453233391
2385	30-34	0.016156045113788764
2385	35-39	0.03463903363242338
2385	40-44	0.013002268171717901
2385	45-49	0.011205391180780566
2385	50-54	-0.021802019524251648
2385	55-59	-0.0023766481357085922
2385	60-64	0.023465371061256235
2385	65-69	0.025047910984199007
2385	70-74	-0.029550897179603908
2385	75-79	0.014040517195127222
2385	80-84	0.04576840589847819
2385	85-89	-0.029390376134017515
2385	90-94	0.021324395661203255
2385	95-99	-0.0076944159674425805
2385	100-104	-0.03388445757594383
2385	105-109	-0.009155517214047393
2385	110-114	-0.05572029851903437
2385	115-119	-0.05477563516519268
2385	120-124	-0.005112103400556123
2385	125-129	-0.04376986901228719
2385	130-134	-0.039131433171476715
2385	135-139	-0.1289544866119101
2385	140-144	-0.08036970690034195
2385	145-149	-0.1732844157386566
2385	150	-0.12470154137608347
2386	1	0.1482913457544086
2386	2	0.001498970550976253
2386	3	0.07354958182099125
2386	4	0.10071660221018419
2386	5	0.05142044658133926
2386	6	-0.001186145961888485
2386	7	0.036941806976528824
2386	8	0.022798648619627215
2386	9	0.003033161189698319
2386	10-14	0.036242790111074896
2386	15-19	-0.008698618418755188
2386	20-24	0.026520467413391202
2386	25-29	-0.010480581961765267
2386	30-34	0.03502017779062072
2386	35-39	0.047286866085840984
2386	40-44	0.041100986323655775
2386	45-49	0.026223221635078175
2386	50-54	-0.03459793961891933
2386	55-59	-0.023778283735254035
2386	60-64	0.03618171856857799
2386	65-69	0.032561366919892976
2386	70-74	0.020151296515393824
2386	75-79	-0.01676127143234396
2386	80-84	0.011223547754454444
2386	85-89	-0.0295440966755649
2386	90-94	0.027072613009302415
2386	95-99	4.8491368593062134E-4
2386	100-104	-0.008343889856604392
2386	105-109	-0.05401489873563747
2386	110-114	0.013458003965538978
2386	115-119	-0.04745919512428287
2386	120-124	-0.053743367958823285
2386	125-129	-0.08188691588559749
2386	130-134	-0.05975339399957136
2386	135-139	-0.06913694075711163
2386	140-144	-0.061964202738209906
2386	145-149	-0.14117609937647302
2386	150	-0.20732870573508677
2387	1	0.07036256641244876
2387	2	0.023031721759352308
2387	3	0.01916252041093003
2387	4	0.04554547404001141
2387	5	0.020399814138066574
2387	6	-0.08546963828707987
2387	7	0.03849617894659474
2387	8	-0.020034810637582723
2387	9	0.009968104071340633
2387	10-14	0.011534473364591236
2387	15-19	-0.03925475462443728
2387	20-24	-0.014573053665870361
2387	25-29	-0.02684226477974505
2387	30-34	-0.004882549521695978
2387	35-39	-0.016831875596075463
2387	40-44	-0.06282817292493803
2387	45-49	-0.02288601689126324
2387	50-54	-0.031480196991381604
2387	55-59	0.0024007084044370686
2387	60-64	-0.013023026091836698
2387	65-69	-0.03002679758577642
2387	70-74	-0.0025103605240914817
2387	75-79	-0.03864717232161752
2387	80-84	0.002280921584642215
2387	85-89	-0.005055388893666191
2387	90-94	-0.05070558471807374
2387	95-99	-0.03296468115963336
2387	100-104	-0.07450169311304222
2387	105-109	-0.08036789640508601
2387	110-114	-0.07114559568022116
2387	115-119	-0.10426295066108082
2387	120-124	-0.13856502961476735
2387	125-129	-0.13560038845540134
2387	130-134	-0.06411380460616556
2387	135-139	-0.12161121013531329
2387	140-144	-0.14536969352352713
2387	145-149	-0.22835029315154998
2387	150	-0.19025496517617313
2388	1	0.09716454115201856
2388	2	0.02782514585179996
2388	3	-0.05637442491203615
2388	4	0.052702028910779575
2388	5	-0.018932791767838353
2388	6	-0.004508994947563849
2388	7	0.03795580474807281
2388	8	-0.01094793666597127
2388	9	0.013661531223064571
2388	10-14	0.014722900701002573
2388	15-19	-0.03656752130763152
2388	20-24	0.004606956421433495
2388	25-29	0.022473050615573698
2388	30-34	0.037595673398101326
2388	35-39	0.040617020496284795
2388	40-44	0.04504806279375373
2388	45-49	0.011405461292966379
2388	50-54	-0.037332330020340976
2388	55-59	-0.02427520667108496
2388	60-64	0.03753985841246532
2388	65-69	0.04794642298151075
2388	70-74	-0.018380792111564404
2388	75-79	0.004322603268668956
2388	80-84	0.04487424542854512
2388	85-89	-0.04865911246467647
2388	90-94	-0.020654133775529715
2388	95-99	-0.04590205430282168
2388	100-104	-0.012467057151795302
2388	105-109	-0.08356490141951411
2388	110-114	-0.07446096094122368
2388	115-119	-0.08084637758202717
2388	120-124	-0.03303685274753576
2388	125-129	-0.058073763376967236
2388	130-134	-0.08458774620096676
2388	135-139	-0.08391537937963989
2388	140-144	-0.161624032313604
2388	145-149	-0.1952328053592396
2388	150	-0.1569685976388655
2401	1	-2.0397477146808853
2401	2	-0.6148788864640053
2401	3	-0.7084934236607268
2401	4	-1.5928437648858633
2401	5	-0.5056501060235448
2401	6	-0.6280316966485913
2401	7	-0.7599329532516066
2401	8	-0.2312477946578113
2401	9	-0.3951474498982037
2401	10-14	-0.7197006109409401
2401	15-19	-0.6847510357454212
2401	20-24	-0.7003614966272167
2401	25-29	-1.3610078456213017
2401	30-34	-0.8025521693734632
2401	35-39	-0.7538180239814167
2401	40-44	-1.5771017796845825
2401	45-49	-0.837274229323576
2401	50-54	-0.9739400056211949
2401	55-59	-0.752492978660193
2401	60-64	-1.2085620345750883
2401	65-69	-0.49371890827426057
2401	70-74	-0.8258238609880806
2401	75-79	-0.6511763772729822
2401	80-84	-1.4938243000532765
2401	85-89	-0.6877930161036971
2401	90-94	-0.854289909262846
2401	95-99	-1.0598420605423158
2401	100-104	-0.9600440109147499
2401	105-109	-1.2992662649024496
2401	110-114	-1.3824507740291594
2401	115-119	-1.64530325176586
2401	120-124	-1.1595600522442808
2401	125-129	-0.846866284848673
2401	130-134	-1.3945975742568777
2401	135-139	-1.7847984553480316
2401	140-144	-1.095873997365615
2401	145-149	-0.7630929742006458
2401	150	-0.42501422521947774
2402	1	-2.594813060914852
2402	2	-0.7770859253559337
2402	3	-0.6224303048534594
2402	4	-0.725739671115953
2402	5	-0.3434854543815291
2402	6	-0.8170153668441174
2402	7	-0.5221150954566411
2402	8	-0.2899891867855189
2402	9	-0.15044748641644645
2402	10-14	-0.4808965276048127
2402	15-19	-0.32516308639398517
2402	20-24	-0.530378982532298
2402	25-29	-0.9960445408690859
2402	30-34	-0.873881084185335
2402	35-39	-0.6082536400777698
2402	40-44	-0.9207236397675373
2402	45-49	-0.8910945316052263
2402	50-54	-1.6294849100216382
2402	55-59	-0.6060890011524478
2402	60-64	-0.7787300278229452
2402	65-69	-0.4958080873217412
2402	70-74	-0.7276479101163034
2402	75-79	-0.6814172579589268
2402	80-84	-1.129549811401887
2402	85-89	-0.5933251577497671
2402	90-94	-1.39023909486869
2402	95-99	-0.8736611657335018
2402	100-104	-0.9289727127656278
2402	105-109	-1.3008127008334256
2402	110-114	-1.3990666924444142
2402	115-119	-1.2516747541190512
2402	120-124	-1.2205771738984836
2402	125-129	-1.1886130680756253
2402	130-134	-0.8663688302982138
2402	135-139	-1.1805962486025905
2402	140-144	-0.8914026548729126
2402	145-149	-0.8977900124963583
2402	150	-1.5338508256316103
2403	1	-0.40709112127429137
2403	2	-0.5558048275442005
2403	3	-0.48485313841405997
2403	4	-0.2921165027862642
2403	5	-0.3711709734539852
2403	6	-0.5518451757227112
2403	7	-0.503934940625939
2403	8	-0.8101581874565014
2403	9	-0.6119404122549952
2403	10-14	-0.3426494535876543
2403	15-19	-0.757450895460174
2403	20-24	-0.63464372716264
2403	25-29	-1.1005054140103567
2403	30-34	-0.7025010938532361
2403	35-39	-0.7833378042012029
2403	40-44	-0.49180578950456066
2403	45-49	-1.2838854755241869
2403	50-54	-1.289346552266025
2403	55-59	-0.5786371451320065
2403	60-64	-1.2942871456342502
2403	65-69	-0.8298183237524057
2403	70-74	-0.6675473120051549
2403	75-79	-0.9003347359355942
2403	80-84	-1.3127707344699289
2403	85-89	-1.0096677881401703
2403	90-94	-0.8798946088186099
2403	95-99	-0.9691277631375925
2403	100-104	-0.8110292108212249
2403	105-109	-0.9327194330109378
2403	110-114	-0.7468791467202962
2403	115-119	-1.1381394453594993
2403	120-124	-1.4075633372571374
2403	125-129	-0.9643654197563194
2403	130-134	-1.0882004501044236
2403	135-139	-1.041079961076342
2403	140-144	-1.0466213903981156
2403	145-149	-0.7079454175020174
2403	150	-1.1641144707186584
2404	1	-1.2114458356100783
2404	2	-0.6529368349123317
2404	3	-0.3188060211578687
2404	4	-0.23753553911234349
2404	5	-0.5759430163204016
2404	6	-0.4700428772835892
2404	7	-1.010074263921311
2404	8	-0.8270031062057086
2404	9	-0.20713853890033107
2404	10-14	-0.4491381992901964
2404	15-19	-0.8049589429801358
2404	20-24	-0.6415711063305238
2404	25-29	-1.0299208945422365
2404	30-34	-0.7199422166728127
2404	35-39	-0.7763310043414009
2404	40-44	-0.8450311185721233
2404	45-49	-0.9093193197046361
2404	50-54	-0.9699071387334328
2404	55-59	-0.9477286665614884
2404	60-64	-1.025862938193029
2404	65-69	-0.712366909414385
2404	70-74	-0.6545724695474178
2404	75-79	-1.058720441165626
2404	80-84	-1.4179845728334257
2404	85-89	-0.7697168055984633
2404	90-94	-0.679754477117001
2404	95-99	-1.200517121110913
2404	100-104	-0.8704022515174685
2404	105-109	-1.2991225950426823
2404	110-114	-1.2615763956035195
2404	115-119	-0.8050157964941747
2404	120-124	-1.0157187660331246
2404	125-129	-1.1724215130064266
2404	130-134	-1.090953684848003
2404	135-139	-1.4059610642078013
2404	140-144	-1.1977920670281605
2404	145-149	-0.9704434882151887
2404	150	-0.5972881811093629
2405	1	-0.9251593522611472
2405	2	-0.27218339444561934
2405	3	-0.8005219330943802
2405	4	-0.44765324023328645
2405	5	-0.7815499581684051
2405	6	-0.6580806593766653
2405	7	-0.643004294042619
2405	8	-0.0568663379966452
2405	9	-0.313919132118464
2405	10-14	-0.7406747815531531
2405	15-19	-0.6474529307051782
2405	20-24	-0.5636678420541372
2405	25-29	-0.7846084566095755
2405	30-34	-0.5729207579740745
2405	35-39	-0.6483850333574566
2405	40-44	-0.9496603296800998
2405	45-49	-0.7182494926191154
2405	50-54	-0.5649218021571585
2405	55-59	-0.37535424536818596
2405	60-64	-0.7259071935765107
2405	65-69	-0.5585890938384139
2405	70-74	-0.5989967024584786
2405	75-79	-0.6432052981773353
2405	80-84	-0.5813218312290473
2405	85-89	-0.5132001435078237
2405	90-94	-0.637243935183669
2405	95-99	-0.8635303125050271
2405	100-104	-0.44056551345946815
2405	105-109	-0.5973029095691444
2405	110-114	-1.0736808817064656
2405	115-119	-0.8033907542118257
2405	120-124	-1.0010806810995305
2405	125-129	-0.8506699657741663
2405	130-134	-0.5018146104242334
2405	135-139	-0.8789303344524555
2405	140-144	-0.7573601106864771
2405	145-149	-0.5736617593013804
2405	150	-0.725529397973169
2406	1	-0.3776789337232387
2406	2	-0.6507347201010418
2406	3	-1.5116803221241284
2406	4	-0.43144670540230123
2406	5	-0.7113601929877191
2406	6	-0.5204177424358392
2406	7	-0.481558176990454
2406	8	-0.30265824481050174
2406	9	-0.060582804855286554
2406	10-14	-0.4843298103642937
2406	15-19	-0.5365674047219784
2406	20-24	-0.3029918082368681
2406	25-29	-0.40858439707181304
2406	30-34	-0.30082900995650164
2406	35-39	-0.6080963730624944
2406	40-44	-0.5455817446224458
2406	45-49	-0.43299067388213075
2406	50-54	-0.5207954088358449
2406	55-59	-0.2976836032618593
2406	60-64	-0.4621813751267183
2406	65-69	-0.6205592220203187
2406	70-74	-0.5930130188323659
2406	75-79	-0.39551582927661855
2406	80-84	-0.31382410705889185
2406	85-89	-0.4721536481199422
2406	90-94	-0.6071208901590879
2406	95-99	-0.5404449682945867
2406	100-104	-0.501196138072018
2406	105-109	-0.6874246675192737
2406	110-114	-0.8259947188525132
2406	115-119	-0.912013334690613
2406	120-124	-0.42934210098299275
2406	125-129	-0.5558069072062253
2406	130-134	-0.5873070764031425
2406	135-139	-0.7248748631748114
2406	140-144	-0.7616941966076425
2406	145-149	-0.8957510590499567
2406	150	-1.1153971911752691
2407	1	0.007705432734987028
2407	2	-0.5841036022717248
2407	3	-0.5100371830822183
2407	4	-0.3998975047179343
2407	5	-0.4535062384596955
2407	6	-1.9772620926608013
2407	7	-0.730009472160134
2407	8	-0.23565564244289305
2407	9	-0.17767981978146707
2407	10-14	-0.7621439363365425
2407	15-19	-0.5485982637327993
2407	20-24	-0.374359723383904
2407	25-29	-0.24007274195756878
2407	30-34	-0.23682751546540715
2407	35-39	-0.535338334353618
2407	40-44	-0.40729657246635753
2407	45-49	-0.3559916864853676
2407	50-54	-0.6148190900887371
2407	55-59	-0.36736765004579297
2407	60-64	-0.3701501068739006
2407	65-69	-0.2361227271194366
2407	70-74	-0.3826754255931277
2407	75-79	-0.18088029661407035
2407	80-84	-0.11488156452505649
2407	85-89	-0.4181631760961224
2407	90-94	-0.3974032985243454
2407	95-99	-0.5380088200584865
2407	100-104	-0.31431208379614617
2407	105-109	-0.45553233150648254
2407	110-114	-0.3341248413468705
2407	115-119	-0.6774069664739457
2407	120-124	-0.5843176877499303
2407	125-129	-0.3555331481378019
2407	130-134	-0.3606092878580398
2407	135-139	-0.38197947181334513
2407	140-144	-0.6552428756708792
2407	145-149	-0.6589599882336543
2407	150	-1.8484973648432756
2408	1	-0.8235830685656538
2408	2	-0.21228999069246157
2408	3	-0.2313041800915414
2408	4	0.018006006377518702
2408	5	-0.4327021545525369
2408	6	-0.8593466796564755
2408	7	-1.1730462248019222
2408	8	-0.2234864257599085
2408	9	-0.08320744789597256
2408	10-14	-0.7945156730546827
2408	15-19	-0.7694276715384518
2408	20-24	-0.2791833600574378
2408	25-29	-0.3140264493536691
2408	30-34	-0.7154743913275254
2408	35-39	-0.6276180059256191
2408	40-44	-0.40555116399963964
2408	45-49	-0.5332440984815818
2408	50-54	-0.4574200646869002
2408	55-59	-0.21884201517760715
2408	60-64	-0.4492683694798174
2408	65-69	-0.38651741446955157
2408	70-74	-0.6283931478911882
2408	75-79	-0.3174581291147618
2408	80-84	-0.37711130952989436
2408	85-89	-0.4102197515611792
2408	90-94	-0.22493817063219268
2408	95-99	-0.3362162567463045
2408	100-104	-0.38930614092725335
2408	105-109	-0.5461514603967217
2408	110-114	-0.34261112876308886
2408	115-119	-0.658406668602801
2408	120-124	-0.24377276790831104
2408	125-129	-0.2424652726511738
2408	130-134	-0.2882378874982052
2408	135-139	-0.6366624039909041
2408	140-144	-0.48891004461103904
2408	145-149	-0.6431512130985624
2408	150	-1.3389595049682015
2409	1	-0.47286889905207374
2409	2	-0.28762936129781025
2409	3	-0.555692469470884
2409	4	-0.321716712925479
2409	5	-0.669916092095086
2409	6	-0.5238098022878148
2409	7	-0.6166227963303399
2409	8	-0.3764966867122581
2409	9	-0.41093804818880386
2409	10-14	-0.4557133183980966
2409	15-19	-0.4647165989887583
2409	20-24	-0.4125310575190042
2409	25-29	-0.557653054322067
2409	30-34	-0.39839686480149084
2409	35-39	-0.3405789564645687
2409	40-44	-0.30731980754150356
2409	45-49	-0.7692903962841839
2409	50-54	-0.45389410501973515
2409	55-59	-0.4701369437485994
2409	60-64	-0.25701839508700886
2409	65-69	-0.17189400889381545
2409	70-74	-0.30067141672452635
2409	75-79	-0.4203930145451693
2409	80-84	-0.26452739325637253
2409	85-89	-0.25691941234119753
2409	90-94	-0.4673725529565971
2409	95-99	-0.5519683550297216
2409	100-104	-0.5963543487250789
2409	105-109	-0.48888775452393674
2409	110-114	-0.30570418831035084
2409	115-119	-0.2564636551484867
2409	120-124	-0.23100310610399788
2409	125-129	-0.3639354749178665
2409	130-134	-0.34435805451734325
2409	135-139	-0.338590161584186
2409	140-144	-0.28476474036746424
2409	145-149	-0.510834551553323
2409	150	-0.49718302863828256
2410	1	-0.6844409664755347
2410	2	-0.08651569535334147
2410	3	-0.2746717967785628
2410	4	-0.5411935554733134
2410	5	-1.2441526160196617
2410	6	-0.3617730703555466
2410	7	-0.08936725733761364
2410	8	-0.39020598959144337
2410	9	-0.4785092465665812
2410	10-14	-0.3933319535269817
2410	15-19	-0.21781903707763206
2410	20-24	-0.17198311885378104
2410	25-29	-0.3014513498928153
2410	30-34	-0.16737619881477173
2410	35-39	-0.28452053191832505
2410	40-44	-0.2578071637986028
2410	45-49	-0.11317596120747453
2410	50-54	-0.28716903258249005
2410	55-59	-0.2568278364046961
2410	60-64	-0.14592800696021158
2410	65-69	-0.1373910500480875
2410	70-74	-0.21240928143370041
2410	75-79	-0.2565282825780315
2410	80-84	-0.1262081517401299
2410	85-89	-0.2163551334714171
2410	90-94	-0.12131327411698578
2410	95-99	-0.30878641401351814
2410	100-104	-0.16868209964693648
2410	105-109	-0.4312627839447529
2410	110-114	-0.32408484775240964
2410	115-119	-0.3781348246251355
2410	120-124	-0.2244216622409354
2410	125-129	-0.19661250978229106
2410	130-134	-0.2189308159703387
2410	135-139	-0.29718987686443654
2410	140-144	-0.3551959895334562
2410	145-149	-0.48055132447021265
2410	150	-0.7910580671116563
2411	1	-0.18404712062483952
2411	2	-0.1010791156470674
2411	3	-0.08066666160965497
2411	4	-1.714585444621946
2411	5	-0.21840668801112884
2411	6	-0.3593842000876819
2411	7	-0.13506041346796138
2411	8	-0.11168425724539333
2411	9	-0.4100201502616514
2411	10-14	-0.10035061120856881
2411	15-19	-0.195143961134697
2411	20-24	-0.22927029889817874
2411	25-29	-0.10888406625080904
2411	30-34	-0.2123041248785782
2411	35-39	-0.20343015685584476
2411	40-44	-0.2793822916308315
2411	45-49	-0.0854229895583174
2411	50-54	-0.30292042202245284
2411	55-59	-0.12754427498524024
2411	60-64	-0.08906700005935164
2411	65-69	-0.14136498682633913
2411	70-74	-0.0394585133952603
2411	75-79	-0.2271044616094784
2411	80-84	-0.16603665702574233
2411	85-89	-0.31429778264742936
2411	90-94	-0.1576439975353452
2411	95-99	-0.30427671036238024
2411	100-104	-0.23856148913388608
2411	105-109	-0.1312539395106782
2411	110-114	-0.22181797141206516
2411	115-119	-0.19476548785741699
2411	120-124	-0.15600353306124504
2411	125-129	-0.20221167415655827
2411	130-134	-0.11448321913642445
2411	135-139	-0.13890813848839656
2411	140-144	-0.27143379639107224
2411	145-149	-0.3916445756273035
2411	150	-0.6331574833657783
2412	1	-0.16553303032137734
2412	2	-0.3091346096497034
2412	3	-0.061302945410069754
2412	4	-0.39045637443604875
2412	5	-0.2917696037923676
2412	6	-0.08972274041921935
2412	7	-0.619179513777695
2412	8	-0.04312317321625869
2412	9	-0.2571829818578095
2412	10-14	-0.29433410455643383
2412	15-19	-0.2890562496541236
2412	20-24	-0.2565749541483342
2412	25-29	-0.14939166371546975
2412	30-34	-0.03195155935355842
2412	35-39	-0.3104458871193998
2412	40-44	-0.20391167535696297
2412	45-49	-0.10056564825335812
2412	50-54	-0.14301100773494113
2412	55-59	-0.10002724978838273
2412	60-64	-0.13471887829380336
2412	65-69	-0.2056195498149549
2412	70-74	-0.22913663370467674
2412	75-79	-0.07176331283459803
2412	80-84	-0.27290825041113465
2412	85-89	-0.22051035500776095
2412	90-94	-0.23052864521754657
2412	95-99	-0.15469621510541742
2412	100-104	-0.4514899805806323
2412	105-109	-0.2543027919299661
2412	110-114	-0.20854202670224709
2412	115-119	-0.4049300703915506
2412	120-124	-0.17919278874288125
2412	125-129	-0.16247618113911244
2412	130-134	-0.18180770664416457
2412	135-139	-0.16601577571045567
2412	140-144	-0.3188480143497543
2412	145-149	-0.2614083118438728
2412	150	-0.42891299096442026
2413	1	-0.19302785629257357
2413	2	0.06244746803509571
2413	3	-0.05910298537543923
2413	4	-0.14768608716381237
2413	5	-0.09696072375583498
2413	6	-0.2296809762753398
2413	7	-0.2584928399552737
2413	8	-0.18898083514299913
2413	9	-0.09339234798216012
2413	10-14	-0.09803635483461903
2413	15-19	-0.1380240046299761
2413	20-24	-0.20730694547181372
2413	25-29	-0.09999636663771838
2413	30-34	-0.2109587256609231
2413	35-39	-0.18729444066598688
2413	40-44	-0.08705028670927817
2413	45-49	-0.007991750953117105
2413	50-54	-0.02073915703407181
2413	55-59	-0.183166704076406
2413	60-64	-0.0765831348386854
2413	65-69	-0.10345818346418412
2413	70-74	-0.14704185774255762
2413	75-79	-0.03529967132116951
2413	80-84	-0.02414589587916538
2413	85-89	-0.0028757874096427827
2413	90-94	-0.09688575523851739
2413	95-99	-0.05413264616873903
2413	100-104	-0.02312656299945104
2413	105-109	-0.04647796275792615
2413	110-114	-0.09317849905409759
2413	115-119	-0.09646224219523702
2413	120-124	-0.21270479634933537
2413	125-129	-0.17782325110607644
2413	130-134	-0.12173653170698628
2413	135-139	-0.17860768220447198
2413	140-144	-0.2510409374038005
2413	145-149	-0.33598978212964425
2413	150	-0.3047176018380924
2414	1	-0.11499585293513803
2414	2	-0.3558657992812613
2414	3	-0.15365720319653065
2414	4	-0.21735499119528612
2414	5	-0.07686547964642898
2414	6	-0.025224661273682614
2414	7	-0.18516453732330262
2414	8	-0.08406355423960576
2414	9	-0.24101884985423538
2414	10-14	-0.011100898490802535
2414	15-19	-0.2534884946980256
2414	20-24	-0.1214613835615026
2414	25-29	-0.05398804341651697
2414	30-34	-0.10592008400883657
2414	35-39	-0.05393697854226076
2414	40-44	-0.06243976854552358
2414	45-49	-5.239004209798281E-4
2414	50-54	-0.0011580479789543574
2414	55-59	-0.03850275326157515
2414	60-64	-0.0862891780254813
2414	65-69	-0.10600555779496545
2414	70-74	-0.08649478739416594
2414	75-79	-0.03611320529093831
2414	80-84	-0.0858425667976519
2414	85-89	-0.11016292945487294
2414	90-94	-0.08012782571286436
2414	95-99	-0.12569353004771955
2414	100-104	-0.15909704187871654
2414	105-109	-0.15283045238216175
2414	110-114	-0.2192713982287131
2414	115-119	-0.16228526943063315
2414	120-124	-0.14054980915298643
2414	125-129	-0.2560435397944332
2414	130-134	-0.3472591989135694
2414	135-139	-0.2807141306539833
2414	140-144	-0.22165498836572795
2414	145-149	-0.369362756339747
2414	150	-0.3355161855487623
2415	1	-0.18230213632392633
2415	2	-0.5976055238196025
2415	3	-0.023706368736782224
2415	4	0.012481885288487149
2415	5	-0.113501438568683
2415	6	-0.14329344218771922
2415	7	-0.1405653491937997
2415	8	-0.26433435467160393
2415	9	-0.18229891914621277
2415	10-14	-0.1325173411207814
2415	15-19	-0.1202985773808507
2415	20-24	-0.18442351609990482
2415	25-29	-0.16546040954793284
2415	30-34	-0.06861851777050276
2415	35-39	-0.15140491915476417
2415	40-44	-0.0867773566692378
2415	45-49	-0.12409036307774812
2415	50-54	-0.1529536512774854
2415	55-59	-0.09316190787378531
2415	60-64	-0.24703302963830964
2415	65-69	-0.21381106395719485
2415	70-74	-0.22397441360549664
2415	75-79	-0.05278826602463482
2415	80-84	-0.13952365753218743
2415	85-89	-0.08694676021421088
2415	90-94	-0.07467645115514898
2415	95-99	-0.15499559616775116
2415	100-104	-0.19332478313644685
2415	105-109	-0.20451375516434922
2415	110-114	-0.24385805270949845
2415	115-119	-0.27500612973963
2415	120-124	-0.13676693717811617
2415	125-129	-0.18060875915310248
2415	130-134	-0.23324608952641768
2415	135-139	-0.2295113793116812
2415	140-144	-0.31431050002401406
2415	145-149	-0.25413546117252395
2415	150	-0.4022742870436602
2416	1	-0.3156462362623955
2416	2	-0.16547860890651123
2416	3	-0.10367157025639528
2416	4	-0.17457736633596
2416	5	-0.11042310364447872
2416	6	-0.11622629843855492
2416	7	-0.03713783599772569
2416	8	0.04060490161499075
2416	9	-0.19799241421223712
2416	10-14	-0.03829979526177141
2416	15-19	-0.08891864648519032
2416	20-24	-0.15463276659436787
2416	25-29	-0.11073057134917264
2416	30-34	-0.14068644489176307
2416	35-39	-0.11380188033124483
2416	40-44	-0.10779666469647964
2416	45-49	-0.018766525687013313
2416	50-54	-0.05185039420167925
2416	55-59	-0.03931466213136048
2416	60-64	-0.17013703174287542
2416	65-69	-0.01611270004950427
2416	70-74	-0.04168882077055969
2416	75-79	-0.030644203261417147
2416	80-84	-0.08764014915264084
2416	85-89	0.00978260415234189
2416	90-94	-0.011670389607232323
2416	95-99	-0.2555887751679009
2416	100-104	-0.05565378773587071
2416	105-109	-0.13199992299693264
2416	110-114	-0.18241976122753556
2416	115-119	-0.10190345568565107
2416	120-124	-0.2625597973445508
2416	125-129	-0.21348744719148982
2416	130-134	-0.07794327494792697
2416	135-139	-0.14551217461845312
2416	140-144	-0.131303361815597
2416	145-149	-0.19895028699094297
2416	150	-0.1676738207785604
2417	1	-0.3614802729614581
2417	2	-0.12810496777783698
2417	3	-0.07285767420047051
2417	4	-0.0700970579504201
2417	5	-0.05356404363119083
2417	6	-0.5136166552881889
2417	7	0.0017428709242182094
2417	8	-0.04379858547846993
2417	9	-0.11405588693578039
2417	10-14	-0.04362596814444686
2417	15-19	-0.06217959504483872
2417	20-24	-0.07924858635868759
2417	25-29	0.004220000484025377
2417	30-34	-0.02016263561803555
2417	35-39	-0.05211963958436172
2417	40-44	0.020821254786461907
2417	45-49	-0.03992717792024081
2417	50-54	0.012180000200807228
2417	55-59	-0.11978490307132006
2417	60-64	-0.17619933656670383
2417	65-69	-0.11703234979962929
2417	70-74	-0.12268726248724704
2417	75-79	-0.1155291051190801
2417	80-84	-0.11724963299847957
2417	85-89	-0.011634075706346891
2417	90-94	-0.11389225504068179
2417	95-99	-0.05891736437755668
2417	100-104	-0.04872114503891112
2417	105-109	-0.050834564152864914
2417	110-114	-0.2092569562575335
2417	115-119	-0.18088411681691952
2417	120-124	-0.10442805675632627
2417	125-129	-0.08183280839136131
2417	130-134	-0.11240711019554794
2417	135-139	-0.123762140669335
2417	140-144	-0.16326538081659692
2417	145-149	-0.21315634901566227
2417	150	-0.13605614963061186
2418	1	0.09135689655725798
2418	2	-0.3080947664684146
2418	3	-0.07541011030158273
2418	4	-0.26223227917368064
2418	5	0.0628045894561069
2418	6	-0.2341538472650555
2418	7	-0.0022146426655211826
2418	8	-0.03212888598329755
2418	9	-0.2201347436902239
2418	10-14	-0.054503592547774815
2418	15-19	-0.04352691398275965
2418	20-24	-0.11900784589967373
2418	25-29	-0.05036833189509338
2418	30-34	-0.03322846549415459
2418	35-39	-0.13061677251834425
2418	40-44	-0.10821093978893259
2418	45-49	-0.15529143540996415
2418	50-54	-0.06340793698929303
2418	55-59	-0.16450124185058712
2418	60-64	-0.1691596899844825
2418	65-69	-0.14566179900874943
2418	70-74	-0.04844187344847484
2418	75-79	-0.18910510791186397
2418	80-84	0.00867090614157462
2418	85-89	-0.1155934118550519
2418	90-94	-0.04612528492046408
2418	95-99	-0.08789195504360947
2418	100-104	-0.1723971350235658
2418	105-109	-0.16179900361732535
2418	110-114	-0.1100245247093028
2418	115-119	-0.1407151078607356
2418	120-124	-0.10710562182356398
2418	125-129	-0.23704235221387648
2418	130-134	-0.17405264195623715
2418	135-139	-0.23548979553149252
2418	140-144	-0.19624363648306087
2418	145-149	-0.4065283698032829
2418	150	-0.3533064343238621
2419	1	-0.06116294187959426
2419	2	0.07653429009598511
2419	3	0.13366092309021838
2419	4	-1.2767129281046437
2419	5	-0.06277207982361688
2419	6	-0.15384448841226117
2419	7	0.056000358771164827
2419	8	0.05229108002404104
2419	9	0.014212057224753494
2419	10-14	0.002491823408469429
2419	15-19	-0.10775452786251805
2419	20-24	-0.08533378284813864
2419	25-29	-0.09784138803937026
2419	30-34	-0.031988108023178086
2419	35-39	-0.017009812982749395
2419	40-44	-0.12833826959423789
2419	45-49	-0.1659613078871658
2419	50-54	-0.20788320292881934
2419	55-59	-0.11099559020890837
2419	60-64	-0.11431392538461438
2419	65-69	-0.13969845013745896
2419	70-74	-0.12146806310868641
2419	75-79	-0.13986816024302584
2419	80-84	-0.07252163181043869
2419	85-89	-0.09169767346609348
2419	90-94	-0.11246487096414626
2419	95-99	-0.11437992799867658
2419	100-104	-0.26951690629599057
2419	105-109	-0.21180169873315435
2419	110-114	-0.04607719289021617
2419	115-119	-0.10646234514229747
2419	120-124	-0.10574985996675679
2419	125-129	-0.16609132435362994
2419	130-134	-0.12608679030974912
2419	135-139	-0.15895920129802477
2419	140-144	-0.22117797439845788
2419	145-149	-0.26923508949478503
2419	150	-0.20093784194303765
2420	1	-0.3763265451633586
2420	2	-0.18163277746742068
2420	3	-0.08126847794775216
2420	4	-1.604185381825495
2420	5	-0.31287194776516003
2420	6	-0.2585940609310171
2420	7	-0.27303088982495893
2420	8	-0.03463621013455054
2420	9	0.04612536883679752
2420	10-14	-0.1294988571321909
2420	15-19	-0.07868729567206856
2420	20-24	-0.15220712578533124
2420	25-29	-0.4049168321595005
2420	30-34	-0.24180976609441984
2420	35-39	-0.22841615276722393
2420	40-44	-0.16936901646609215
2420	45-49	-0.272608635698802
2420	50-54	-0.19227802593683663
2420	55-59	-0.2959003513064573
2420	60-64	-0.13159363187788387
2420	65-69	-0.17973536581609295
2420	70-74	-0.2645309465278203
2420	75-79	-0.23402552859439396
2420	80-84	-0.19260994160996603
2420	85-89	-0.12233896180627823
2420	90-94	-0.07292512293036424
2420	95-99	-0.1674903195477384
2420	100-104	-0.27376845618268675
2420	105-109	-0.27527988254859537
2420	110-114	-0.11017276642377993
2420	115-119	-0.1361821648477317
2420	120-124	-0.22732444393516005
2420	125-129	-0.135536226630812
2420	130-134	-0.08677180012555397
2420	135-139	-0.11966960373950997
2420	140-144	-0.4651285766974098
2420	145-149	-0.4413804564945849
2420	150	-0.3793275116021775
2421	1	-0.135863151016423
2421	2	-0.6178044976744985
2421	3	5.830065535761264E-4
2421	4	-1.125000769011308
2421	5	-0.32737644861782655
2421	6	-0.2394448889380314
2421	7	-0.3744634255478587
2421	8	-0.03482188529585528
2421	9	-0.10475020871192697
2421	10-14	-0.10757406085757992
2421	15-19	-0.06072748177999898
2421	20-24	-0.13719461091049823
2421	25-29	-0.0444894940946412
2421	30-34	-0.13688362556953138
2421	35-39	-0.211211115386142
2421	40-44	-0.07915119068333354
2421	45-49	-0.06267171389880843
2421	50-54	-0.22918595015284637
2421	55-59	-0.06728524619332177
2421	60-64	-0.18181647946575197
2421	65-69	-0.21071293307559813
2421	70-74	-0.04508322842021073
2421	75-79	-0.17620208523058523
2421	80-84	-0.17842006143475686
2421	85-89	-0.27673463926458197
2421	90-94	-0.07965423209394373
2421	95-99	-0.19744435995940535
2421	100-104	-0.06509691758725467
2421	105-109	-0.15516418757777473
2421	110-114	-0.11763196188891811
2421	115-119	-0.07218495256782376
2421	120-124	-0.22121693771761386
2421	125-129	-0.1820843613458223
2421	130-134	-0.1193014003311248
2421	135-139	-0.16496590694405455
2421	140-144	-0.2414452312258888
2421	145-149	-0.3776353117080973
2421	150	-0.3531973723602704
2422	1	-0.08971423685218127
2422	2	-0.7169034322699588
2422	3	0.029068009880610646
2422	4	-0.40970278526247483
2422	5	-0.7476896305693543
2422	6	-0.09615010462253082
2422	7	-0.08103710036078127
2422	8	-0.04349412245061757
2422	9	-0.3608654630408381
2422	10-14	-0.14622816630015478
2422	15-19	-0.03405870044252879
2422	20-24	0.04727986954429042
2422	25-29	-0.055937852800056476
2422	30-34	-0.06766930726070086
2422	35-39	-0.03435187455296074
2422	40-44	-0.09123252958794836
2422	45-49	-0.0033187375791428053
2422	50-54	0.0067325881167334956
2422	55-59	-0.013689759266519275
2422	60-64	-0.0816106568071362
2422	65-69	-0.07432454635478081
2422	70-74	-0.01780505818284439
2422	75-79	-0.03265519995782995
2422	80-84	-0.10596467224390693
2422	85-89	-0.0840690390756933
2422	90-94	-0.012564800201047888
2422	95-99	-0.01776250065496754
2422	100-104	-0.042059169123376705
2422	105-109	-0.07510355575229966
2422	110-114	-0.016021443309632843
2422	115-119	-0.039126764936106895
2422	120-124	0.022652176481770425
2422	125-129	-0.03971790558973254
2422	130-134	-0.1008444680665761
2422	135-139	-0.13026134672801248
2422	140-144	-0.1648914748629906
2422	145-149	-0.20998678390851921
2422	150	-0.17118498285380213
2423	1	-0.008826364466486325
2423	2	0.00712396803236004
2423	3	-0.011592310056869337
2423	4	-0.34943632823311077
2423	5	-0.21778754260711253
2423	6	-0.21863368575817788
2423	7	-0.18678448398122782
2423	8	-0.06333310565564432
2423	9	-0.15295039581109648
2423	10-14	-0.006763182400646883
2423	15-19	0.0049880206491579315
2423	20-24	0.01071899575934765
2423	25-29	-0.05014037018787576
2423	30-34	-0.07638408965686239
2423	35-39	-0.07073109870772498
2423	40-44	-0.021033855990154393
2423	45-49	-0.04807143424363147
2423	50-54	-0.027738029571111156
2423	55-59	-0.03871749316661521
2423	60-64	-0.06698535020170482
2423	65-69	-0.036103919768365245
2423	70-74	0.02763777260891942
2423	75-79	0.002188455989148963
2423	80-84	-0.09624387599127715
2423	85-89	-0.0021529360515302187
2423	90-94	0.09042663462141576
2423	95-99	-0.0038348721931242835
2423	100-104	-0.009355986912943592
2423	105-109	-0.014018488910139126
2423	110-114	-0.0037056043161385332
2423	115-119	-0.03831901138794791
2423	120-124	-0.045342003057513125
2423	125-129	-0.046275623345849226
2423	130-134	-0.10298248975063018
2423	135-139	-0.08332126104854609
2423	140-144	-0.0878939913807315
2423	145-149	-0.2622281279654999
2423	150	-0.08489137290258242
2424	1	-0.29491471554111115
2424	2	-0.05883470324920381
2424	3	-0.06331383753571629
2424	4	-0.32231282118788585
2424	5	-0.5685654500510751
2424	6	-0.15739466416619052
2424	7	0.058444713734104425
2424	8	-0.037852332622598794
2424	9	-0.045321765659622315
2424	10-14	-0.050376853111117725
2424	15-19	0.0136549821617038
2424	20-24	0.05761689488203814
2424	25-29	0.04930283322576656
2424	30-34	-0.052829544974706266
2424	35-39	-0.02368381144643905
2424	40-44	0.018528286225247825
2424	45-49	0.02724183619854159
2424	50-54	-0.0032726079692295684
2424	55-59	-0.01232705307530324
2424	60-64	0.03964074114973215
2424	65-69	-0.017417976570911264
2424	70-74	0.028699564869413052
2424	75-79	-0.03585703564437637
2424	80-84	-0.09568937268737443
2424	85-89	-0.012395315678425334
2424	90-94	0.03070697092422847
2424	95-99	-0.033316002531968536
2424	100-104	0.0043639212853463505
2424	105-109	0.028583063277643816
2424	110-114	0.0036709804567109927
2424	115-119	0.02217739327817725
2424	120-124	0.01988666559135055
2424	125-129	0.013410015477241188
2424	130-134	-0.05406832676786877
2424	135-139	-0.09280456170034057
2424	140-144	-0.07744741292470536
2424	145-149	-0.06822688384116304
2424	150	0.0067773500740244685
2425	1	-0.09054210166645049
2425	2	0.0310053518467015
2425	3	-0.12812723102982915
2425	4	-0.12781112105910353
2425	5	-0.014965716883274638
2425	6	0.011258704127101282
2425	7	-0.021024636078585957
2425	8	0.04619225059105503
2425	9	-0.03802301550906151
2425	10-14	0.050957221422777366
2425	15-19	0.05103571280015018
2425	20-24	0.025518809341321003
2425	25-29	0.052525207599991575
2425	30-34	5.550596720027556E-4
2425	35-39	0.0344190585438966
2425	40-44	0.015846108701531136
2425	45-49	0.06334789952796172
2425	50-54	0.04361565048741056
2425	55-59	0.029401569928481308
2425	60-64	0.001857034591040474
2425	65-69	0.014609210665618377
2425	70-74	0.06219820322220926
2425	75-79	0.049047992474925195
2425	80-84	-0.0030615980494062
2425	85-89	0.033213146361291024
2425	90-94	0.09927068112715176
2425	95-99	0.048724552256651066
2425	100-104	-0.015676353082390904
2425	105-109	-0.01643808132131852
2425	110-114	-0.003389785018171665
2425	115-119	-0.02189614122933392
2425	120-124	-0.04109925715701479
2425	125-129	-0.035952904111759665
2425	130-134	-0.04702297826462143
2425	135-139	-0.011077791697957196
2425	140-144	-0.09943741042314258
2425	145-149	-0.12080482509484369
2425	150	-0.16285623125266113
2426	1	-0.046902144896343145
2426	2	-0.010841182042440778
2426	3	-0.04494427595803785
2426	4	0.01609994888067945
2426	5	-0.03327048761046569
2426	6	0.04555606401594048
2426	7	0.078998214006333
2426	8	0.010420133870354675
2426	9	0.07917568759422267
2426	10-14	0.06618525909453865
2426	15-19	0.042715564583382104
2426	20-24	0.07867428255422482
2426	25-29	0.09134367293888346
2426	30-34	0.06034990296365095
2426	35-39	0.05875353438147357
2426	40-44	0.03992441656011181
2426	45-49	0.057711709934011424
2426	50-54	0.07867113913956558
2426	55-59	0.03756040889714285
2426	60-64	0.001837766411320274
2426	65-69	0.014522503856902347
2426	70-74	0.04022926698630158
2426	75-79	0.05146985444805807
2426	80-84	0.01766799898625493
2426	85-89	-0.018983117341043965
2426	90-94	0.05044708995841063
2426	95-99	0.015664061288610753
2426	100-104	-0.006374762839989501
2426	105-109	0.001974887645793899
2426	110-114	-0.0178905724197449
2426	115-119	-0.018591648408580852
2426	120-124	-0.023136867161646535
2426	125-129	-0.07509324686304097
2426	130-134	-0.01197193611547931
2426	135-139	-0.00931450622629626
2426	140-144	-0.10739887406371906
2426	145-149	-0.06427766746013219
2426	150	-0.09347349233031821
2427	1	-0.07245789243416567
2427	2	-0.020351215858745775
2427	3	0.04829246286654154
2427	4	0.005360186335323647
2427	5	0.03156203528342161
2427	6	0.007002019635123702
2427	7	0.04934699094212647
2427	8	-0.017721450312500053
2427	9	0.041092603152193874
2427	10-14	0.044615590099397195
2427	15-19	0.08684865766461769
2427	20-24	0.07165243771429886
2427	25-29	0.023493945690830742
2427	30-34	0.0582949576374574
2427	35-39	0.05120514250727126
2427	40-44	0.06069572453533567
2427	45-49	0.06304036987032902
2427	50-54	0.08196667390618018
2427	55-59	0.1239655627983538
2427	60-64	0.08742826822555827
2427	65-69	0.0354791350617063
2427	70-74	0.07158700400898965
2427	75-79	0.03992639926083541
2427	80-84	0.024561193763247502
2427	85-89	0.02302650919859417
2427	90-94	-0.008816158875298186
2427	95-99	-0.010976572582002575
2427	100-104	0.024001857010425454
2427	105-109	0.008297895075500605
2427	110-114	0.039910528461447825
2427	115-119	0.00471879515274054
2427	120-124	0.03305556489719663
2427	125-129	-0.06964126848572505
2427	130-134	-0.013335646529419876
2427	135-139	0.012495974360184903
2427	140-144	-0.07217235418120538
2427	145-149	-0.0491981621161699
2427	150	-0.07071141595977082
2428	1	0.04110982064093349
2428	2	0.02498571322202281
2428	3	0.08136136440835173
2428	4	-0.03827155138507976
2428	5	0.0213220289843008
2428	6	0.01897576018028957
2428	7	0.06108353026487379
2428	8	0.0188405098947797
2428	9	0.12669320944245754
2428	10-14	0.04098227759908468
2428	15-19	0.06433452155442865
2428	20-24	0.015231125036834214
2428	25-29	0.028038465210720176
2428	30-34	0.044576951505653994
2428	35-39	0.004294220916541747
2428	40-44	0.011114468353092377
2428	45-49	0.025602536767465267
2428	50-54	0.06919186251067799
2428	55-59	0.017703253678902797
2428	60-64	0.02459730608424593
2428	65-69	0.017756758915687954
2428	70-74	0.007394349372987108
2428	75-79	-0.0385821857502151
2428	80-84	0.025410393824266464
2428	85-89	0.004985633817817359
2428	90-94	0.03113787723637529
2428	95-99	0.007232115281858853
2428	100-104	0.01579193884976604
2428	105-109	-0.03675449096209604
2428	110-114	-0.03212699066965996
2428	115-119	-0.08823888755863862
2428	120-124	-0.004978027126540496
2428	125-129	-0.10444085313752538
2428	130-134	-0.09765487409988793
2428	135-139	-0.09898997811098553
2428	140-144	-0.08260084194959916
2428	145-149	-0.18053017985212705
2428	150	-0.15090708236233752
2429	1	0.01253839206950147
2429	2	-0.06653704972931251
2429	3	-0.08284585694173074
2429	4	-0.0794018496582396
2429	5	0.04486990967504312
2429	6	0.03436037556490845
2429	7	0.08651524141087208
2429	8	-0.00439339905341285
2429	9	0.022768562660665737
2429	10-14	0.02145323521290976
2429	15-19	0.04725445876007939
2429	20-24	0.031683244346091044
2429	25-29	0.032496863954840194
2429	30-34	0.037418395775674185
2429	35-39	0.036821693444011316
2429	40-44	0.06568275720708527
2429	45-49	0.07495889469525707
2429	50-54	0.041750732212413766
2429	55-59	0.020026644573725605
2429	60-64	0.0011750140905206763
2429	65-69	0.03835330522652214
2429	70-74	0.059827630377697005
2429	75-79	0.07752456464225332
2429	80-84	0.0033695774977360315
2429	85-89	0.033557062389242276
2429	90-94	0.040557029512669374
2429	95-99	-0.01788562412158967
2429	100-104	0.008884560513813256
2429	105-109	-0.025388713882044556
2429	110-114	-0.06641270495536844
2429	115-119	-0.070656469976214
2429	120-124	-0.015213505933452609
2429	125-129	-0.03285529583768465
2429	130-134	-0.02594372810301593
2429	135-139	-0.017985268534850718
2429	140-144	-0.10244385607833095
2429	145-149	-0.10153488942827238
2429	150	-0.11354444499969674
2430	1	0.12632016271124513
2430	2	0.009941665646152842
2430	3	0.07986611284237455
2430	4	0.13484500673855138
2430	5	0.07259786300412685
2430	6	0.0749359558858913
2430	7	0.01871599680823266
2430	8	-0.003996875884617168
2430	9	0.004626936881130916
2430	10-14	0.037564648552042
2430	15-19	0.04651460455487921
2430	20-24	0.08024800663078935
2430	25-29	0.09717815154984066
2430	30-34	0.09264474729622663
2430	35-39	0.020741780900166873
2430	40-44	0.08656474493491118
2430	45-49	0.06539550193526367
2430	50-54	0.07140900730208699
2430	55-59	0.0584878721721509
2430	60-64	0.017153792502121235
2430	65-69	0.007775911537386548
2430	70-74	0.01816845033096115
2430	75-79	0.04922241260600657
2430	80-84	0.011660987486457941
2430	85-89	0.0022431303680932047
2430	90-94	0.08107575642460318
2430	95-99	0.029787513678840583
2430	100-104	0.030158512084803135
2430	105-109	0.033004434694987594
2430	110-114	0.011148263072350062
2430	115-119	0.022936813998960304
2430	120-124	-0.003497282505776411
2430	125-129	0.00600155688055537
2430	130-134	-0.03357970049147241
2430	135-139	7.151509576530657E-4
2430	140-144	-0.04524324747743691
2430	145-149	-0.013302267107953014
2430	150	-0.042303254946624236
2431	1	-0.0019212328568798398
2431	2	0.03933031879718385
2431	3	0.05880686406035096
2431	4	0.11221417222652263
2431	5	0.05656768855811123
2431	6	0.105739036193917
2431	7	0.09320916041031069
2431	8	0.022720081525413605
2431	9	-7.164546008695538E-4
2431	10-14	0.05812098990045911
2431	15-19	0.07876354373451022
2431	20-24	0.05051360461916232
2431	25-29	0.0639233975030109
2431	30-34	0.07428862596981389
2431	35-39	0.05324217379659757
2431	40-44	0.09316540500091008
2431	45-49	0.05332572352885023
2431	50-54	0.1125216899989212
2431	55-59	0.08633637130777316
2431	60-64	0.06436422783136919
2431	65-69	0.062404231512239505
2431	70-74	0.03224985847177919
2431	75-79	0.07311051570203375
2431	80-84	0.024736580760070126
2431	85-89	0.034869250122923745
2431	90-94	0.06781157286339123
2431	95-99	0.031359099408845736
2431	100-104	0.030598556089209694
2431	105-109	0.04482275938460134
2431	110-114	0.04188847995119005
2431	115-119	-0.012832477215880544
2431	120-124	0.0027261969850300716
2431	125-129	-0.025555884577876498
2431	130-134	-0.06897181113110662
2431	135-139	-0.030842290500778802
2431	140-144	-0.07208593174586042
2431	145-149	-0.13060542599527025
2431	150	-0.04073166921662619
2432	1	0.12109049625684065
2432	2	0.09510615155488722
2432	3	0.06314362799957962
2432	4	0.054239829038735365
2432	5	0.04932228934870153
2432	6	0.11559560167975036
2432	7	0.1307940184208931
2432	8	0.03164459731880953
2432	9	0.13419061507954666
2432	10-14	0.06297385238542574
2432	15-19	0.09046277180915752
2432	20-24	0.07983249155391547
2432	25-29	0.05747625383591526
2432	30-34	0.08210077719912334
2432	35-39	0.06288991139079059
2432	40-44	0.07547412167245682
2432	45-49	0.07376521798616409
2432	50-54	0.04735694195274931
2432	55-59	0.07710818243631934
2432	60-64	0.05810098670128383
2432	65-69	0.02140713705041719
2432	70-74	0.026416473169319943
2432	75-79	0.04512128494183543
2432	80-84	0.01792944163306487
2432	85-89	0.06066084754802148
2432	90-94	0.055537723690676444
2432	95-99	-8.613961255434788E-4
2432	100-104	0.016525968451617246
2432	105-109	-0.041451385473180835
2432	110-114	-0.015390163388026679
2432	115-119	-0.04484129058341324
2432	120-124	-0.05036454079530017
2432	125-129	-0.0414576661931676
2432	130-134	-0.07202079150942353
2432	135-139	-0.06098540886432602
2432	140-144	-0.08924771729222414
2432	145-149	-0.13161410504834947
2432	150	-0.23261140988094553
2433	1	0.07364236745919328
2433	2	0.01626427592916002
2433	3	9.623982950941468E-4
2433	4	0.03685015230804822
2433	5	0.1183932117697708
2433	6	0.06566557829867747
2433	7	0.09205256123390626
2433	8	0.010880216220201078
2433	9	0.04948153223077867
2433	10-14	0.05923767299734095
2433	15-19	0.07425856576418255
2433	20-24	0.05647305770732913
2433	25-29	0.10700330988986195
2433	30-34	0.0744892614179733
2433	35-39	0.06604960838621565
2433	40-44	0.09057595924315365
2433	45-49	0.057637803088447015
2433	50-54	0.09684865016746613
2433	55-59	0.054796953629747236
2433	60-64	0.07901844050538642
2433	65-69	0.046715102159744504
2433	70-74	0.07102595586173521
2433	75-79	0.09238145378485996
2433	80-84	0.06065261192362925
2433	85-89	0.050262261951580456
2433	90-94	0.10338436091142
2433	95-99	0.06247465052439338
2433	100-104	0.031217782847043907
2433	105-109	0.07192032628415035
2433	110-114	0.0425887697603855
2433	115-119	0.014535798073190165
2433	120-124	0.010197273763047576
2433	125-129	-0.031660934643326755
2433	130-134	0.010459868300571884
2433	135-139	0.04772679717721218
2433	140-144	0.010370313878702575
2433	145-149	-0.07340682701449452
2433	150	-0.006429337884590325
2434	1	0.06587017710273813
2434	2	0.014787756194209578
2434	3	0.007871593968339141
2434	4	0.09284702684425383
2434	5	-1.7317814493367223E-4
2434	6	0.062251140052779874
2434	7	-0.03232169123023709
2434	8	0.08157331837397663
2434	9	0.07405570961394403
2434	10-14	0.03769982258309312
2434	15-19	0.052161100183575115
2434	20-24	0.03033073560995092
2434	25-29	0.05251765821319054
2434	30-34	0.08941143038507704
2434	35-39	0.020690660218278367
2434	40-44	0.08139661174919866
2434	45-49	0.06630834602865576
2434	50-54	0.05356647666057768
2434	55-59	0.0347293807531841
2434	60-64	0.04499584637043341
2434	65-69	0.0221108923869906
2434	70-74	-0.001075263767575052
2434	75-79	0.026411905231036314
2434	80-84	0.006954088225100463
2434	85-89	0.019546024381419613
2434	90-94	0.045693799288287096
2434	95-99	-0.016090517141897465
2434	100-104	-0.01630524344003703
2434	105-109	-0.030710476121932118
2434	110-114	0.021205970287695664
2434	115-119	-0.04669299809942373
2434	120-124	-0.08154381910164687
2434	125-129	-0.023691613078490548
2434	130-134	-0.0316880586788173
2434	135-139	0.01205643757428021
2434	140-144	-0.08657895408180849
2434	145-149	-0.004622964185685419
2434	150	-0.10885593750220579
2435	1	0.09431936247123218
2435	2	-0.03539267913424027
2435	3	0.08845739927586749
2435	4	0.02668192058125385
2435	5	0.0753668753229988
2435	6	0.10936065027186714
2435	7	0.06640522676715932
2435	8	0.0029647428824191024
2435	9	0.039093579332323714
2435	10-14	0.0777850695008766
2435	15-19	0.06771873550059837
2435	20-24	0.06165374936492185
2435	25-29	0.07567498663432559
2435	30-34	0.07278245575409414
2435	35-39	0.0711632379515521
2435	40-44	0.07160562486451738
2435	45-49	0.09765649751685856
2435	50-54	0.050331923258760014
2435	55-59	0.038758758403496074
2435	60-64	0.02783312455105147
2435	65-69	0.04159027624163514
2435	70-74	-0.017296908084091456
2435	75-79	0.006896140114754701
2435	80-84	-0.010085886887665652
2435	85-89	0.031747903390559884
2435	90-94	0.06940357527408025
2435	95-99	-0.01566591373843096
2435	100-104	-0.011260831502781343
2435	105-109	-0.04504475146487863
2435	110-114	-0.03752809579745531
2435	115-119	-0.07722736280803133
2435	120-124	-0.0726245552090461
2435	125-129	-0.07109103738653744
2435	130-134	-0.1027591882689265
2435	135-139	-0.061610257638136545
2435	140-144	-0.07479416337163514
2435	145-149	-0.09003402001125949
2435	150	-0.1772991690437351
2436	1	0.056868551063452344
2436	2	0.06517933902191686
2436	3	0.013458891509927184
2436	4	0.10665361076935653
2436	5	0.09855442841492135
2436	6	0.0715377359666789
2436	7	0.08199311847125301
2436	8	0.027911661985108083
2436	9	0.04312202322476821
2436	10-14	0.0895460497707532
2436	15-19	0.09718763837189925
2436	20-24	0.05722079977832806
2436	25-29	0.11121850238482267
2436	30-34	0.10900260776497106
2436	35-39	0.1124414018479527
2436	40-44	0.10645118672518095
2436	45-49	0.13204906710273434
2436	50-54	0.12628901866265352
2436	55-59	0.05799661051560179
2436	60-64	0.08104730850778452
2436	65-69	0.0625407425978608
2436	70-74	0.07387700525342211
2436	75-79	0.05725484966013994
2436	80-84	0.0022596962906362705
2436	85-89	0.09614793267657262
2436	90-94	0.052107450466266414
2436	95-99	0.002565628649399798
2436	100-104	-0.031081786938351286
2436	105-109	-0.011656080505865418
2436	110-114	0.02706667370899396
2436	115-119	-0.05859081486438811
2436	120-124	-0.012249529591130681
2436	125-129	0.01618186737717764
2436	130-134	-0.028629146024741203
2436	135-139	0.008367169197548208
2436	140-144	-0.049250850506169286
2436	145-149	-0.0532737527793401
2436	150	-0.04826473416233057
2437	1	0.05637562923663353
2437	2	-8.082426368360984E-4
2437	3	0.12938551668834464
2437	4	0.044147339042432066
2437	5	0.0693022025152672
2437	6	0.05559786648596088
2437	7	0.15657027901369247
2437	8	0.00873813220420061
2437	9	0.11765668709041677
2437	10-14	0.09545445487047033
2437	15-19	0.10930289609542143
2437	20-24	0.06525294905914336
2437	25-29	0.08940847481348868
2437	30-34	0.10152887868554217
2437	35-39	0.10090756602360784
2437	40-44	0.09360848297367141
2437	45-49	0.09298690437057644
2437	50-54	0.13722629624233207
2437	55-59	0.11504672499412294
2437	60-64	0.05602390809409741
2437	65-69	0.05946688565198599
2437	70-74	0.07890602632316046
2437	75-79	0.12108511575372916
2437	80-84	0.07105040431796539
2437	85-89	0.06595864019473652
2437	90-94	0.12198146713625846
2437	95-99	0.07450994670998057
2437	100-104	0.022806346949359124
2437	105-109	0.03374844872852378
2437	110-114	0.049231375176759684
2437	115-119	-0.009547331848644092
2437	120-124	0.009512008182319676
2437	125-129	0.011720251237470336
2437	130-134	-0.030401455566568814
2437	135-139	0.02339449931560722
2437	140-144	-0.05014059619674782
2437	145-149	-0.058585272736877414
2437	150	-0.07325946665466887
2438	1	0.05058897948137542
2438	2	0.016303297221327284
2438	3	0.022319057309189816
2438	4	0.05753026284962459
2438	5	0.10419415865383996
2438	6	0.0025882344278826963
2438	7	0.08482131640820256
2438	8	0.014979922838797677
2438	9	0.011302366028942856
2438	10-14	0.08219686186333774
2438	15-19	0.08248434222674206
2438	20-24	0.06913188782208124
2438	25-29	0.07979370169788069
2438	30-34	0.100644712460074
2438	35-39	0.07795841746126797
2438	40-44	0.04724306627549879
2438	45-49	0.06094005639070588
2438	50-54	0.06187669656830508
2438	55-59	0.05636881445853703
2438	60-64	0.051141580449680646
2438	65-69	0.08309621614790785
2438	70-74	0.08689239001532201
2438	75-79	0.053308149535226335
2438	80-84	0.023494810307390424
2438	85-89	0.029056570078388688
2438	90-94	0.06106737199494461
2438	95-99	0.01710437148912547
2438	100-104	0.01434944827089879
2438	105-109	-0.0022238866258135204
2438	110-114	0.02773464823120264
2438	115-119	-0.038000541881281436
2438	120-124	0.013085925833053125
2438	125-129	-0.07103380498597289
2438	130-134	-0.04645871689256609
2438	135-139	-0.01848378764798042
2438	140-144	0.03914966914420148
2438	145-149	-0.04580361997803095
2438	150	-0.10559332810651512
2439	1	0.07123578985062551
2439	2	0.016836643965788767
2439	3	0.03678937775165991
2439	4	0.011145044626559297
2439	5	0.006900988779726447
2439	6	0.09122711709825637
2439	7	-0.02689070805119087
2439	8	0.028667883976794428
2439	9	-0.021608581991714004
2439	10-14	0.03662421712099473
2439	15-19	0.0578623716675537
2439	20-24	0.05630456105654247
2439	25-29	0.04704396117973175
2439	30-34	0.06904522406592406
2439	35-39	0.018222916743489748
2439	40-44	0.03367623580520274
2439	45-49	0.05997672512905439
2439	50-54	0.057482999589886674
2439	55-59	0.027438075369680348
2439	60-64	0.05582262520267278
2439	65-69	0.004446288865452175
2439	70-74	0.05312217743588832
2439	75-79	0.022710464598631575
2439	80-84	0.002489617539374933
2439	85-89	0.0038521938758790952
2439	90-94	0.028256498648694617
2439	95-99	0.009169432160135216
2439	100-104	0.01763520079957459
2439	105-109	0.008059970080729784
2439	110-114	0.006828238598984626
2439	115-119	-0.04240574529470109
2439	120-124	-0.09657552667041358
2439	125-129	-0.023200811105510866
2439	130-134	-0.07082547159259889
2439	135-139	-0.0014930100164818327
2439	140-144	-0.06363210935927555
2439	145-149	-0.04868919122165494
2439	150	-0.12056539173475045
2440	1	0.018195064487137813
2440	2	0.10816577377124759
2440	3	0.007573169262300894
2440	4	0.057522988822469756
2440	5	0.07354081444212568
2440	6	0.08467978741190052
2440	7	0.1645591525523784
2440	8	0.0871550964554757
2440	9	0.09829344638922777
2440	10-14	0.08477508388128996
2440	15-19	0.09931988508293443
2440	20-24	0.07402452713998997
2440	25-29	0.04845899391979458
2440	30-34	0.1022628519638431
2440	35-39	0.07675309631741811
2440	40-44	0.08430166148370688
2440	45-49	0.09959320742009226
2440	50-54	0.08989085548689957
2440	55-59	0.0807415261089659
2440	60-64	0.11289479517382262
2440	65-69	0.08189189456425794
2440	70-74	0.07047082342540989
2440	75-79	0.12497284479209014
2440	80-84	0.028382659653672704
2440	85-89	0.08050809972216655
2440	90-94	0.1082327578390263
2440	95-99	0.11660190940412463
2440	100-104	0.06705934502523547
2440	105-109	0.00930492188656018
2440	110-114	0.06068464528200934
2440	115-119	0.0041406486681410115
2440	120-124	0.03692390246987287
2440	125-129	0.047680010440195986
2440	130-134	-0.014217764297846713
2440	135-139	0.025420478633272126
2440	140-144	0.04873757917665955
2440	145-149	-0.0546035400923941
2440	150	-0.016529248974599398
2441	1	0.02504750506471254
2441	2	0.042967618795074713
2441	3	0.032047423330972435
2441	4	0.10980420938309265
2441	5	0.039323174476670886
2441	6	0.08287989097613035
2441	7	0.1409093125481249
2441	8	0.0843073771709939
2441	9	0.10959965397461247
2441	10-14	0.08217364901459945
2441	15-19	0.12037604416899228
2441	20-24	0.06572741603541488
2441	25-29	0.09685177270618794
2441	30-34	0.10175623095336306
2441	35-39	0.08238469107291024
2441	40-44	0.09403782818706219
2441	45-49	0.09770754221301559
2441	50-54	0.08804075149189572
2441	55-59	0.10651582916714375
2441	60-64	0.10757534883545361
2441	65-69	0.0651872454333926
2441	70-74	0.06707171224775266
2441	75-79	0.11383960076285149
2441	80-84	0.09551741525724822
2441	85-89	0.08291541849888517
2441	90-94	0.1318806073660852
2441	95-99	0.13728522537277854
2441	100-104	0.07534543423366813
2441	105-109	0.03037290500137857
2441	110-114	0.09927839393582616
2441	115-119	0.018409815255331807
2441	120-124	0.02423440235593688
2441	125-129	0.08360467771112923
2441	130-134	0.029593916357114836
2441	135-139	0.07383660839099804
2441	140-144	0.0027970385927602592
2441	145-149	0.03538409221120986
2441	150	-0.013608149411226123
2442	1	-0.005443223027050692
2442	2	0.05709026138055151
2442	3	0.0612988768726197
2442	4	0.05930138909153726
2442	5	0.06801825194855837
2442	6	0.07748018425009207
2442	7	0.08767431190451447
2442	8	0.06916735072883284
2442	9	0.07050965358463657
2442	10-14	0.05308249628841821
2442	15-19	0.08091113867082811
2442	20-24	0.06853861791621085
2442	25-29	0.05004962296873572
2442	30-34	0.0868277300430833
2442	35-39	0.07663576490070767
2442	40-44	0.05128955617824715
2442	45-49	0.07026997728414841
2442	50-54	0.07173806766274282
2442	55-59	0.0336117689266473
2442	60-64	0.04615676725282469
2442	65-69	0.07610784477724053
2442	70-74	0.03554517171645699
2442	75-79	0.06780725852662783
2442	80-84	0.06318954657782427
2442	85-89	0.07242103694424173
2442	90-94	0.06121357476670397
2442	95-99	0.04391274192990835
2442	100-104	0.021630381468114024
2442	105-109	0.007260324686036768
2442	110-114	0.002964550331611804
2442	115-119	-0.060989140253049356
2442	120-124	-0.02918180535544934
2442	125-129	0.002493286090697211
2442	130-134	-0.057328152581916925
2442	135-139	-0.01874507333373998
2442	140-144	-0.040964438954425475
2442	145-149	-0.0574936197006366
2442	150	-0.049698410469623866
2443	1	0.10353261609944298
2443	2	0.024835565750450428
2443	3	0.039841574674269964
2443	4	0.05490085160874969
2443	5	0.07622635085291307
2443	6	0.04121919135229035
2443	7	0.1066310383123863
2443	8	0.05039070573069182
2443	9	-0.0010138057645576737
2443	10-14	0.04908615784582793
2443	15-19	0.03118164268726531
2443	20-24	0.03629629003056323
2443	25-29	0.010465819602366366
2443	30-34	0.07542748985619596
2443	35-39	0.03130310488970878
2443	40-44	0.07372863989583323
2443	45-49	0.06908399578464497
2443	50-54	0.041983654052465624
2443	55-59	0.06188222946502009
2443	60-64	0.014362263349205762
2443	65-69	0.06214536634000467
2443	70-74	0.05291406774984608
2443	75-79	0.04532434422775111
2443	80-84	-0.010217628946612933
2443	85-89	0.06491261160193318
2443	90-94	0.07074061576768287
2443	95-99	0.014079157128904285
2443	100-104	0.02363134151060109
2443	105-109	-0.009784219170398956
2443	110-114	0.009843043264659457
2443	115-119	-0.031565600528203674
2443	120-124	-0.04015237658661164
2443	125-129	0.018577993095604484
2443	130-134	-0.03150788616717648
2443	135-139	0.033252243952667015
2443	140-144	-0.03784938309100028
2443	145-149	-0.04051347037113118
2443	150	-0.093016361971614
2444	1	0.1138932413856324
2444	2	0.033147689116475476
2444	3	0.07637327534868632
2444	4	0.08258693890726221
2444	5	0.15356151141445906
2444	6	0.12166579528452104
2444	7	0.029813363060419817
2444	8	0.0926889846819492
2444	9	0.12494218838958915
2444	10-14	0.06078261220142167
2444	15-19	0.06950325718957373
2444	20-24	0.045855812757437775
2444	25-29	0.053462053063178416
2444	30-34	0.10404758354302857
2444	35-39	0.08982296029098791
2444	40-44	0.09624465057919451
2444	45-49	0.12070154746636064
2444	50-54	0.06784249319416347
2444	55-59	0.04318757282118213
2444	60-64	0.05405868659286028
2444	65-69	0.1023740131779931
2444	70-74	0.04647796449648922
2444	75-79	0.02342845834316165
2444	80-84	0.03889480322536798
2444	85-89	0.03969530666183374
2444	90-94	0.0699589681431192
2444	95-99	0.05810378980856257
2444	100-104	0.04445736553221025
2444	105-109	0.008951800399813692
2444	110-114	0.05669348776653749
2444	115-119	0.04370660900991652
2444	120-124	0.0333426431096413
2444	125-129	0.012260573918844386
2444	130-134	-0.027155904017455157
2444	135-139	0.06260321895302212
2444	140-144	-0.041204795930497085
2444	145-149	-0.027632259350809818
2444	150	-0.03797525033399296
2445	1	0.07233026237350515
2445	2	0.06637716094770241
2445	3	0.01013174048330967
2445	4	0.08934315197085851
2445	5	0.0764586264389635
2445	6	0.02941482695359099
2445	7	0.12757395807605576
2445	8	0.021869646077554705
2445	9	0.07765733965187138
2445	10-14	0.049601690531176246
2445	15-19	0.07250430325520085
2445	20-24	0.06687138055848152
2445	25-29	0.08479853353414057
2445	30-34	0.10999819692690949
2445	35-39	0.07226722724534085
2445	40-44	0.08408169878662619
2445	45-49	0.11584571676806377
2445	50-54	0.08266618692839955
2445	55-59	0.12318225805278615
2445	60-64	0.1121348000368414
2445	65-69	0.09633085328492541
2445	70-74	0.06186775557145552
2445	75-79	0.08134159217895842
2445	80-84	0.04814905677856984
2445	85-89	0.08644777455219099
2445	90-94	0.15203516503392223
2445	95-99	0.0820389436735951
2445	100-104	0.07353104610370309
2445	105-109	0.07691937335866328
2445	110-114	0.06642656718308615
2445	115-119	0.03574381437555019
2445	120-124	0.026365633704983793
2445	125-129	0.02052434339101694
2445	130-134	0.02008778755113383
2445	135-139	0.03640618906416648
2445	140-144	0.016686303968270977
2445	145-149	0.02269336210456885
2445	150	0.11707273656087835
2446	1	0.13514362050974427
2446	2	0.0543285590638618
2446	3	0.027846625179321904
2446	4	0.0538631862224932
2446	5	0.08903133733747381
2446	6	0.09553523915425899
2446	7	0.04578490088174192
2446	8	0.06320191642922168
2446	9	0.12289606761714822
2446	10-14	0.05524848534618343
2446	15-19	0.06096681838792506
2446	20-24	0.08088620324723905
2446	25-29	0.057398704792291255
2446	30-34	0.05782292306148662
2446	35-39	0.06028535698816029
2446	40-44	0.06930802529916491
2446	45-49	0.06987589363640012
2446	50-54	0.06797223706570321
2446	55-59	0.08754786469052078
2446	60-64	0.06605631655734356
2446	65-69	0.09884244273779075
2446	70-74	0.02058656739417586
2446	75-79	0.09077142062552213
2446	80-84	0.09100729636281812
2446	85-89	0.033373985908383474
2446	90-94	0.07016549839678987
2446	95-99	0.08016750540033968
2446	100-104	0.04201393505164219
2446	105-109	0.0753062986841968
2446	110-114	0.048686584308896386
2446	115-119	-0.022489273881461713
2446	120-124	0.04524241641382076
2446	125-129	0.08986942857717395
2446	130-134	0.003927808810765043
2446	135-139	0.10391467815383493
2446	140-144	0.04238624786646028
2446	145-149	-0.017807715640735466
2446	150	0.07057909968722953
2447	1	-0.023487111249231418
2447	2	0.041660298035708365
2447	3	0.08935456168725864
2447	4	0.10128337989917213
2447	5	0.02499742626872603
2447	6	0.13706011943006047
2447	7	0.17154236967108005
2447	8	-0.019908147462899706
2447	9	0.06488484237092962
2447	10-14	0.07699304627902848
2447	15-19	0.08889220697676592
2447	20-24	0.07466019221025277
2447	25-29	0.06139190375213133
2447	30-34	0.10113854780410492
2447	35-39	0.08184565444542358
2447	40-44	0.11490829357548193
2447	45-49	0.11106536967390923
2447	50-54	0.13513556792806725
2447	55-59	0.07217927890680897
2447	60-64	0.07514964847869265
2447	65-69	0.0789435170197379
2447	70-74	0.06987692944954915
2447	75-79	0.08864191846637226
2447	80-84	0.019736043112324353
2447	85-89	0.07636738489881623
2447	90-94	0.12570093322800346
2447	95-99	0.09196895738711675
2447	100-104	0.07581245717855722
2447	105-109	0.03283321456545707
2447	110-114	0.09131898691165219
2447	115-119	0.08469000059581333
2447	120-124	0.06155644091168
2447	125-129	0.08974929255637676
2447	130-134	0.030067453697633084
2447	135-139	0.08038855062844874
2447	140-144	0.09255380290429116
2447	145-149	0.07652771213057008
2447	150	-0.0346934714118845
2448	1	0.07171193979083057
2448	2	0.11030139261190897
2448	3	0.10456413606831916
2448	4	0.05934247422251815
2448	5	0.10434453290772439
2448	6	0.16461137888433797
2448	7	0.08090219356315487
2448	8	0.09124789546340395
2448	9	0.09963789711461857
2448	10-14	0.07974157189574527
2448	15-19	0.09206724397580501
2448	20-24	0.0793220694553014
2448	25-29	0.08925347161837749
2448	30-34	0.11316025637820104
2448	35-39	0.08985138836478512
2448	40-44	0.07936431493451579
2448	45-49	0.06942826504290167
2448	50-54	0.07133474539696039
2448	55-59	0.043898264798833964
2448	60-64	0.04922374321107981
2448	65-69	0.06616639617608655
2448	70-74	0.07523007492451939
2448	75-79	0.06272028946806074
2448	80-84	0.03322562760768477
2448	85-89	0.03899353484340651
2448	90-94	0.06770319407299041
2448	95-99	0.06983312819991028
2448	100-104	0.07116154949391529
2448	105-109	0.05220583008050994
2448	110-114	0.0655394044242783
2448	115-119	0.004419405710983426
2448	120-124	0.029386996529218834
2448	125-129	0.03712254765257228
2448	130-134	0.05944914234061116
2448	135-139	0.09715952108128789
2448	140-144	0.030508853736122887
2448	145-149	0.004580596567187456
2448	150	0.09579595690669152
2449	1	0.09627786100577396
2449	2	-0.06710692050460665
2449	3	0.04427720033657323
2449	4	0.062161150615757776
2449	5	0.06989218236863337
2449	6	0.11336579855652928
2449	7	0.09269472916476929
2449	8	0.01967386189639342
2449	9	0.053729071494785785
2449	10-14	0.06295912778356438
2449	15-19	0.08537703870483426
2449	20-24	0.06000101407830982
2449	25-29	0.08293327089116076
2449	30-34	0.09245912421769731
2449	35-39	0.07870917713798775
2449	40-44	0.09082434605575429
2449	45-49	0.07829147555332128
2449	50-54	0.12161342557988775
2449	55-59	0.08282595597268028
2449	60-64	0.08082485460597866
2449	65-69	0.09997537768126818
2449	70-74	0.06501460899418987
2449	75-79	0.04266281043284437
2449	80-84	0.0676069552994889
2449	85-89	0.06611948193613415
2449	90-94	0.07646409249828423
2449	95-99	0.04901978973693133
2449	100-104	0.07566107708176872
2449	105-109	0.07855426802236565
2449	110-114	0.10490289178910217
2449	115-119	0.04301232946959033
2449	120-124	0.016125630075599418
2449	125-129	0.0952854986038858
2449	130-134	0.00820833278888955
2449	135-139	0.0466547237450996
2449	140-144	0.029598252667554448
2449	145-149	0.06151604740344396
2449	150	0.10516220510102414
2450	1	0.07423078051837706
2450	2	0.1383725824490014
2450	3	0.032505844024043995
2450	4	0.10368748056392718
2450	5	0.06902126216399296
2450	6	0.1242343586133714
2450	7	0.022275105641952564
2450	8	0.09667466772003053
2450	9	0.004387144501940554
2450	10-14	0.06079714928792157
2450	15-19	0.062180327902623844
2450	20-24	0.058918714587903764
2450	25-29	0.09271918923005273
2450	30-34	0.09331334371827893
2450	35-39	0.02636944443481326
2450	40-44	0.1028803085701071
2450	45-49	0.10049578515142343
2450	50-54	0.06479043385360228
2450	55-59	0.06116247344810688
2450	60-64	0.05466385683668307
2450	65-69	0.06343242830809004
2450	70-74	0.0073898465826047754
2450	75-79	0.046621473745844355
2450	80-84	0.06750228256129986
2450	85-89	0.03989655075968557
2450	90-94	0.08063431109980712
2450	95-99	0.0893877772348759
2450	100-104	0.047421985676344036
2450	105-109	0.01039344405578646
2450	110-114	0.011644977257745381
2450	115-119	0.0017400790265043042
2450	120-124	0.02070309945203519
2450	125-129	0.02536367926359162
2450	130-134	-0.048176304567860484
2450	135-139	0.03194715290186423
2450	140-144	0.016604440019293065
2450	145-149	-0.0022695049964127634
2450	150	0.015954582862541145
2451	1	0.08039867141442159
2451	2	0.09518242131351684
2451	3	0.09724930844495816
2451	4	0.09964750511964837
2451	5	0.0787378661482947
2451	6	0.02805972439277582
2451	7	0.13512744804989296
2451	8	0.021032796842789026
2451	9	0.03558267414771166
2451	10-14	0.0844099208757143
2451	15-19	0.08030461796943911
2451	20-24	0.07783649425671513
2451	25-29	0.0644982810262249
2451	30-34	0.07638633851048837
2451	35-39	0.061659695403172066
2451	40-44	0.06651644435281412
2451	45-49	0.09419690082811627
2451	50-54	0.06935220225006589
2451	55-59	0.08737835826369178
2451	60-64	0.07418207485243045
2451	65-69	0.07344109582986391
2451	70-74	0.04427034295641619
2451	75-79	0.05109144313259861
2451	80-84	0.032467091337409215
2451	85-89	0.07372214226223406
2451	90-94	0.0941200622342464
2451	95-99	0.05848615638239352
2451	100-104	0.05755577535689582
2451	105-109	0.0970207049721239
2451	110-114	0.03998619219341748
2451	115-119	0.051818545569574326
2451	120-124	0.02748011225176583
2451	125-129	0.0620682645392705
2451	130-134	0.09390407087754937
2451	135-139	0.07765665561159096
2451	140-144	0.057978025749740425
2451	145-149	0.03990324425095082
2451	150	0.0026288262614002633
2452	1	0.09953882709059059
2452	2	0.0638177933621904
2452	3	0.06298284103843343
2452	4	0.07960953482646715
2452	5	0.054680752876592464
2452	6	0.16570957713786072
2452	7	0.1791798917347336
2452	8	0.09863128710379954
2452	9	0.10449372218273112
2452	10-14	0.12460598607649587
2452	15-19	0.11680900060377297
2452	20-24	0.1005531008235181
2452	25-29	0.13240280998815734
2452	30-34	0.11662105198349337
2452	35-39	0.10550412976844825
2452	40-44	0.10820876820125847
2452	45-49	0.14627099051681824
2452	50-54	0.13335661342241423
2452	55-59	0.12677263524398086
2452	60-64	0.10822885525796266
2452	65-69	0.12486431573064749
2452	70-74	0.12060561315223595
2452	75-79	0.1368986501092735
2452	80-84	0.1413331629656227
2452	85-89	0.12064071883606431
2452	90-94	0.13821592827311235
2452	95-99	0.1357628616439328
2452	100-104	0.10512952037323231
2452	105-109	0.1198363192603793
2452	110-114	0.11237601063196223
2452	115-119	-0.055541808389961034
2452	120-124	0.07678289697517471
2452	125-129	0.10168727003017608
2452	130-134	0.04242790026860632
2452	135-139	0.050584234251523696
2452	140-144	2.783442686506987E-4
2452	145-149	0.0028818642139540884
2452	150	0.11241032312374699
2453	1	0.03814628879764825
2453	2	0.14200181298981107
2453	3	0.045085008385804315
2453	4	0.09705675139485237
2453	5	0.08619456205470044
2453	6	0.10397076874650679
2453	7	0.11273978767653148
2453	8	0.004665230774683948
2453	9	0.08372847945864237
2453	10-14	0.10452204628922601
2453	15-19	0.08936055410358534
2453	20-24	0.09282936396667196
2453	25-29	0.09396500839362432
2453	30-34	0.11630202343091867
2453	35-39	0.09800395369683912
2453	40-44	0.10854146157524269
2453	45-49	0.07715838607479242
2453	50-54	0.07233354410090698
2453	55-59	0.11037270585860881
2453	60-64	0.12506457106824342
2453	65-69	0.10197399750622083
2453	70-74	0.09348098180753084
2453	75-79	0.15770862652522766
2453	80-84	0.08364577835126141
2453	85-89	0.13104160563990774
2453	90-94	0.10226452707341593
2453	95-99	0.10069294909927606
2453	100-104	0.10674443601523365
2453	105-109	0.11083420703725722
2453	110-114	-0.020916716516445888
2453	115-119	0.044486798659164606
2453	120-124	0.07419156328125354
2453	125-129	0.10020901239084168
2453	130-134	0.08234763021023639
2453	135-139	0.12134672883906461
2453	140-144	0.04519412281573665
2453	145-149	0.02068280975890957
2453	150	0.05014954008934325
2454	1	0.12140295233768228
2454	2	0.025976300925023565
2454	3	0.05595364673612835
2454	4	0.05074217973719897
2454	5	0.036978798914311994
2454	6	0.05352841899994587
2454	7	0.05102546605834135
2454	8	0.0921227485544378
2454	9	0.10458562270604688
2454	10-14	0.08091962035614841
2454	15-19	0.08684369048904728
2454	20-24	0.07240291145377853
2454	25-29	0.05411224171494666
2454	30-34	0.10572287981316464
2454	35-39	0.1071116031599999
2454	40-44	0.09911498935423424
2454	45-49	0.1332731817806021
2454	50-54	0.09572864450597507
2454	55-59	0.09963164344259923
2454	60-64	0.07247292391619453
2454	65-69	0.1019502697093202
2454	70-74	0.1129879821905746
2454	75-79	0.10386885042508709
2454	80-84	0.09411358084311416
2454	85-89	0.05674846861246152
2454	90-94	0.13055641253762928
2454	95-99	0.06856711216271094
2454	100-104	0.09525434793163612
2454	105-109	0.094428250189452
2454	110-114	0.074023564950636
2454	115-119	-0.16267212743167647
2454	120-124	0.08190097035757304
2454	125-129	0.09124374922205902
2454	130-134	0.08583514804266912
2454	135-139	0.11352680018246275
2454	140-144	0.07937073606689893
2454	145-149	0.07336450936382732
2454	150	0.14380955471237655
2455	1	0.15111395107672365
2455	2	0.06286921050670458
2455	3	0.0534504147476369
2455	4	0.11394748921556186
2455	5	0.13838878938165777
2455	6	0.14095536984800106
2455	7	0.08554113272154495
2455	8	0.11172797762498732
2455	9	0.10429525575462861
2455	10-14	0.13366145021247178
2455	15-19	0.1077123142700529
2455	20-24	0.09292483233866733
2455	25-29	0.12623264649899113
2455	30-34	0.09569707146660278
2455	35-39	0.09811755599796612
2455	40-44	0.09724360517017061
2455	45-49	0.12254733817069052
2455	50-54	0.13525826848684375
2455	55-59	0.14620101833395438
2455	60-64	0.14914542639399286
2455	65-69	0.1515753260428383
2455	70-74	0.11966913986512395
2455	75-79	0.12493472766378488
2455	80-84	0.11727253643837088
2455	85-89	0.10807486271112765
2455	90-94	0.11722960319917775
2455	95-99	0.11776935771889896
2455	100-104	0.1590752567010938
2455	105-109	0.11157211097404485
2455	110-114	0.13545297210023222
2455	115-119	0.09311152312783122
2455	120-124	0.1049098844239964
2455	125-129	0.0905741920542269
2455	130-134	0.086330349150046
2455	135-139	0.11217824151974298
2455	140-144	0.11036047533455928
2455	145-149	0.05774897947350155
2455	150	0.022921391948479197
2456	1	0.11798159178277956
2456	2	0.08235490495958686
2456	3	0.09771023390141664
2456	4	0.16718993675260663
2456	5	0.10753439809626286
2456	6	0.11999512504417709
2456	7	0.0633981819931293
2456	8	0.07448347075386863
2456	9	0.10443681064187871
2456	10-14	0.10521235334262968
2456	15-19	0.0762345170130061
2456	20-24	0.09659468050291764
2456	25-29	0.08403766984837091
2456	30-34	0.09674304967644787
2456	35-39	0.10128080408653517
2456	40-44	0.07885818001950895
2456	45-49	0.10202684294269204
2456	50-54	0.08644881978327135
2456	55-59	0.08239189018480175
2456	60-64	0.08457445169079136
2456	65-69	0.09414016775524914
2456	70-74	0.11330097039632392
2456	75-79	0.11566518421479088
2456	80-84	0.09140808874634843
2456	85-89	0.08550978742584903
2456	90-94	0.0836997418210288
2456	95-99	0.05435821826409892
2456	100-104	0.06760557366798281
2456	105-109	0.05981870017156865
2456	110-114	0.0713911375776064
2456	115-119	0.08762898409835884
2456	120-124	0.07024258159568575
2456	125-129	0.11946116018478392
2456	130-134	-0.21526368101953608
2456	135-139	0.10369977042931566
2456	140-144	0.09981266546334666
2456	145-149	0.08964115445412801
2456	150	0.03597655784421505
2457	1	0.08162865379599538
2457	2	0.008522304269661163
2457	3	0.05637937536155846
2457	4	0.023956745600209217
2457	5	0.11302149299599051
2457	6	0.06395297246235998
2457	7	0.05614551295572312
2457	8	0.09337206572235601
2457	9	0.03271914227251216
2457	10-14	0.09760484992122542
2457	15-19	0.08887194780024288
2457	20-24	0.08743005031380591
2457	25-29	0.08411142514229653
2457	30-34	0.0978957289481528
2457	35-39	0.12731411707340357
2457	40-44	0.12288124845565562
2457	45-49	0.1460540832573045
2457	50-54	0.12833752784191432
2457	55-59	0.1266334790745134
2457	60-64	0.11383768769577074
2457	65-69	0.11890952858097137
2457	70-74	0.1089746738104509
2457	75-79	0.12338458581891132
2457	80-84	0.1341799551416969
2457	85-89	0.12219939698150029
2457	90-94	0.11941941405989098
2457	95-99	0.11098897697686283
2457	100-104	0.08557227142833312
2457	105-109	0.10790491443368211
2457	110-114	0.14073117718114503
2457	115-119	0.1256417825812406
2457	120-124	0.09311847627187575
2457	125-129	0.11316432028502277
2457	130-134	0.04832784225102671
2457	135-139	0.1409002445774732
2457	140-144	0.04673811560732588
2457	145-149	0.060906007916898375
2457	150	0.031859978755242935
2458	1	0.05716149714059071
2458	2	0.11396899595683863
2458	3	0.07066183369720846
2458	4	0.09416557757720767
2458	5	0.10329707174007297
2458	6	0.15609321295016798
2458	7	0.12389834558867818
2458	8	0.09243495627111287
2458	9	0.11081763589922389
2458	10-14	0.10415367686911026
2458	15-19	0.11521282523337817
2458	20-24	0.10362154745078556
2458	25-29	0.08457685926268255
2458	30-34	0.11435753203190302
2458	35-39	0.08507076231435207
2458	40-44	0.09911927044707625
2458	45-49	0.11534837278901477
2458	50-54	0.11435348531806966
2458	55-59	0.0972396827693629
2458	60-64	0.08635846816743253
2458	65-69	0.12675248370720027
2458	70-74	0.10640055052348885
2458	75-79	0.15011077742007473
2458	80-84	0.12837298249846185
2458	85-89	0.15894094401154035
2458	90-94	0.07841500306728477
2458	95-99	0.14319227517823663
2458	100-104	0.1503150043860373
2458	105-109	0.11741033659516376
2458	110-114	0.10316116073764903
2458	115-119	0.09133420019909266
2458	120-124	0.11874976030520656
2458	125-129	0.12393145344555023
2458	130-134	0.09065261599371155
2458	135-139	0.08586808305337712
2458	140-144	0.0607415263946649
2458	145-149	0.06960665577700809
2458	150	0.11675753377812725
2459	1	0.05149187213643813
2459	2	0.024311122225142867
2459	3	0.10144422654598628
2459	4	0.14286246095606714
2459	5	0.12551601958288217
2459	6	0.1313452321176527
2459	7	0.06046356660757368
2459	8	0.05082888101982519
2459	9	0.06857385781824377
2459	10-14	0.06964751347936016
2459	15-19	0.08597494755900925
2459	20-24	0.08843903058324543
2459	25-29	0.09655468519585497
2459	30-34	0.07419231888067657
2459	35-39	0.09833197929425097
2459	40-44	0.12537417431121156
2459	45-49	0.15580983988615316
2459	50-54	0.11379200664016054
2459	55-59	0.11262346278979862
2459	60-64	0.08237336748754132
2459	65-69	0.08244886809746532
2459	70-74	0.09138237175000086
2459	75-79	0.10263430451463762
2459	80-84	0.0803198449451088
2459	85-89	0.09619999120277356
2459	90-94	0.1148211687084455
2459	95-99	0.1265185019419448
2459	100-104	0.13333064470888445
2459	105-109	0.14749616626538398
2459	110-114	0.14661159559055648
2459	115-119	0.0897510726358135
2459	120-124	0.07153620676812267
2459	125-129	0.12331072201644133
2459	130-134	0.0959790557337854
2459	135-139	0.146110767214779
2459	140-144	0.09663566586102945
2459	145-149	0.09031376574908734
2459	150	0.05810756160681052
2460	1	0.09777337272227271
2460	2	0.0011320858398491396
2460	3	0.1396161211683733
2460	4	0.12972986645706186
2460	5	0.10816505608707416
2460	6	0.17679774706378026
2460	7	0.1325040479975712
2460	8	0.09686314885836822
2460	9	0.06753727104123186
2460	10-14	0.11791293331926056
2460	15-19	0.09726962369805392
2460	20-24	0.09948846044829196
2460	25-29	0.06829507701353066
2460	30-34	0.1296946468463389
2460	35-39	0.12422470944296293
2460	40-44	0.11760631025292412
2460	45-49	0.11989062554710728
2460	50-54	0.08734626385547983
2460	55-59	0.12543445411287024
2460	60-64	0.10040342106703548
2460	65-69	0.11478399534012595
2460	70-74	0.13773916260925034
2460	75-79	0.14833883735802544
2460	80-84	0.11607358508044996
2460	85-89	0.08133888115856536
2460	90-94	0.13611541868536392
2460	95-99	0.09197605059183189
2460	100-104	0.1351293620244931
2460	105-109	0.10917520786149737
2460	110-114	0.11129376402283953
2460	115-119	0.12001950438022391
2460	120-124	0.0719116600057319
2460	125-129	0.13414511370132232
2460	130-134	0.15631264331287298
2460	135-139	0.08701121011515056
2460	140-144	0.07994011133872192
2460	145-149	-0.002085992331728903
2460	150	0.08319363681557235
2461	1	0.09989015213394481
2461	2	0.06722221312305265
2461	3	0.0565607325451154
2461	4	0.11968847503401747
2461	5	0.044146422354444326
2461	6	0.06693278799285451
2461	7	0.09689179191583719
2461	8	0.11247219477846926
2461	9	0.10214559725439187
2461	10-14	0.11753752545450169
2461	15-19	0.1122110377615968
2461	20-24	0.09980639104066569
2461	25-29	0.12030792038547844
2461	30-34	0.11169607457983943
2461	35-39	0.13123997357658368
2461	40-44	0.15780110613121678
2461	45-49	0.16262544964912706
2461	50-54	0.1651769635519571
2461	55-59	0.13198281396167033
2461	60-64	0.1688410398785436
2461	65-69	0.13521950661920812
2461	70-74	0.18288228929110062
2461	75-79	0.15106858438209514
2461	80-84	0.1939703179379677
2461	85-89	0.15600045634145943
2461	90-94	0.15824061576768145
2461	95-99	0.18547003217147306
2461	100-104	0.15235892634773762
2461	105-109	0.1785903977856762
2461	110-114	0.15828462197309534
2461	115-119	0.12652797568335217
2461	120-124	0.13443620586714644
2461	125-129	0.21101500365058712
2461	130-134	0.13916088014765648
2461	135-139	0.19114507677527826
2461	140-144	0.12272191982580694
2461	145-149	0.14668789723753406
2461	150	0.18203045450778177
2462	1	0.044889897390682165
2462	2	0.0731663706357466
2462	3	0.08102951385730961
2462	4	0.06413617782248338
2462	5	0.03910280201431959
2462	6	0.12196276278314855
2462	7	0.09294366633253759
2462	8	0.029798034315497546
2462	9	0.06554688977035283
2462	10-14	0.053043878040497816
2462	15-19	0.06869502388934734
2462	20-24	0.024670182386579143
2462	25-29	0.059568260493399805
2462	30-34	0.06140387023703653
2462	35-39	0.09180449254034073
2462	40-44	0.05750858582779017
2462	45-49	0.11340762994337439
2462	50-54	0.029239976370881493
2462	55-59	0.04373030928249477
2462	60-64	0.07363631516122382
2462	65-69	0.06916927914729598
2462	70-74	0.03952407800743174
2462	75-79	0.09071757581600792
2462	80-84	0.07591433287342397
2462	85-89	0.07641812865158215
2462	90-94	0.04803639066311405
2462	95-99	0.07234170989477207
2462	100-104	0.07079027264414606
2462	105-109	0.05040712403067005
2462	110-114	0.06275485275467929
2462	115-119	0.026329907861608604
2462	120-124	0.02481939107418185
2462	125-129	0.04452110820749766
2462	130-134	0.021378339263335988
2462	135-139	0.049496923426936235
2462	140-144	0.0013216494425023484
2462	145-149	-0.07845990322226726
2462	150	-0.1947400605198979
2463	1	0.06814910218939474
2463	2	0.150055996313057
2463	3	0.05236555751948657
2463	4	0.01373676662483092
2463	5	0.09231072814539232
2463	6	0.06545244568331299
2463	7	0.08124096438879036
2463	8	0.08169537251021808
2463	9	0.13734252288506354
2463	10-14	0.09966879990891897
2463	15-19	0.11353026861130644
2463	20-24	0.10083059960676621
2463	25-29	0.1139733107145986
2463	30-34	0.08713041294180357
2463	35-39	0.08598857692853557
2463	40-44	0.12076534775656711
2463	45-49	0.11112627612999404
2463	50-54	0.13455567312588812
2463	55-59	0.106203585483307
2463	60-64	0.1133458139389063
2463	65-69	0.0960666320699346
2463	70-74	0.0964358780314285
2463	75-79	0.08387394639466095
2463	80-84	0.12386904787749842
2463	85-89	0.14010447436363194
2463	90-94	0.15526109993901116
2463	95-99	0.1131184325648249
2463	100-104	0.10093263658423979
2463	105-109	0.10676711822591045
2463	110-114	0.10450791827170747
2463	115-119	0.10629837441677381
2463	120-124	0.07451948166067268
2463	125-129	0.16201445266334957
2463	130-134	0.10916067091199011
2463	135-139	0.1260930119680168
2463	140-144	0.09315796694568235
2463	145-149	0.11848397616122952
2463	150	0.05359288694210562
2464	1	0.10618050097909304
2464	2	0.08275832419038665
2464	3	-0.01594330781117037
2464	4	0.06768782017236674
2464	5	0.09036625975964796
2464	6	0.042718228002101455
2464	7	0.010603264076337382
2464	8	0.017633257475345943
2464	9	0.01670103549516
2464	10-14	0.07004079538532437
2464	15-19	0.08290221446393531
2464	20-24	0.05172317458438158
2464	25-29	0.04245143664233808
2464	30-34	0.04249313225493978
2464	35-39	0.06820428711873205
2464	40-44	0.07526026044919121
2464	45-49	0.08466609659641477
2464	50-54	0.07416388908158922
2464	55-59	0.03813361073919452
2464	60-64	0.06567713010937126
2464	65-69	0.09264894702766924
2464	70-74	0.045175390656325476
2464	75-79	0.09369745117378159
2464	80-84	0.11975602059224855
2464	85-89	0.06255984126178049
2464	90-94	0.09070126716241589
2464	95-99	0.07283820624559212
2464	100-104	0.06255874669852801
2464	105-109	0.053920411285631076
2464	110-114	0.03990620999507399
2464	115-119	0.019610430469001017
2464	120-124	0.04482644387609014
2464	125-129	0.06793570060548859
2464	130-134	-0.005568796816454835
2464	135-139	0.09815787459287151
2464	140-144	0.04469051448221251
2464	145-149	-0.02271159112991228
2464	150	-0.04656747619944923
2465	1	0.13952281469557448
2465	2	0.14588183351281714
2465	3	0.17348378776564033
2465	4	0.03945508033670819
2465	5	0.15174673834363972
2465	6	0.10075879644274721
2465	7	0.09890904436157655
2465	8	0.054142917110020505
2465	9	0.13717243517591982
2465	10-14	0.16052968920461552
2465	15-19	0.13686560091359468
2465	20-24	0.14170846260375214
2465	25-29	0.13211272652469574
2465	30-34	0.12360773867204244
2465	35-39	0.14561536591807567
2465	40-44	0.11515490822888808
2465	45-49	0.16021814804167178
2465	50-54	0.1498165736438679
2465	55-59	0.1359566602131821
2465	60-64	0.13092692122742733
2465	65-69	0.17249212488592036
2465	70-74	0.14161748611428493
2465	75-79	0.15147697220241696
2465	80-84	0.16341987604682373
2465	85-89	0.13447404514641903
2465	90-94	0.14901274382794583
2465	95-99	0.12781681620553798
2465	100-104	0.14968959352224687
2465	105-109	0.15392454930531585
2465	110-114	0.12114354831516749
2465	115-119	0.11911422027873186
2465	120-124	0.11649888175956846
2465	125-129	0.16552842966468262
2465	130-134	0.10772982997731617
2465	135-139	0.15335403873666564
2465	140-144	0.13058603036560612
2465	145-149	0.10232915075538784
2465	150	0.06427334298758325
2466	1	0.1328242489808389
2466	2	0.020809029384928124
2466	3	0.11171580861291375
2466	4	0.14046970913233991
2466	5	0.09333839380892073
2466	6	0.13013377276065086
2466	7	0.10926353942808475
2466	8	0.13014437182536653
2466	9	0.15289656427057707
2466	10-14	0.1054077747617228
2466	15-19	0.12283998089196047
2466	20-24	0.10936526540974967
2466	25-29	0.10365679123530924
2466	30-34	0.13255783185741876
2466	35-39	0.14008322877950974
2466	40-44	0.13772069171458412
2466	45-49	0.15624186099555715
2466	50-54	0.11873746314526556
2466	55-59	0.09701415701682237
2466	60-64	0.08689303151625438
2466	65-69	0.09442738849057264
2466	70-74	0.10721155412574035
2466	75-79	0.1468334458224092
2466	80-84	0.10134321911080946
2466	85-89	0.09040949078580951
2466	90-94	0.14654871228984234
2466	95-99	0.12213655123171918
2466	100-104	0.09984293630107288
2466	105-109	0.09603930072047717
2466	110-114	0.13000063190777666
2466	115-119	0.06502279431003188
2466	120-124	0.09095772882343311
2466	125-129	0.15695986721954114
2466	130-134	0.059256870924585314
2466	135-139	0.12368366613969073
2466	140-144	0.10165176560818878
2466	145-149	0.07687647607528447
2466	150	-0.008909503090329451
2467	1	0.07640255751453395
2467	2	0.10099265127716706
2467	3	0.11516431589954124
2467	4	0.077472291385007
2467	5	-0.04614705347285053
2467	6	0.1121157446801746
2467	7	0.13177921510134638
2467	8	0.038431327336162724
2467	9	0.11425557683937626
2467	10-14	0.0978088695894499
2467	15-19	0.07093803287286704
2467	20-24	0.07476000080775691
2467	25-29	0.07309575758055331
2467	30-34	0.06173119729109544
2467	35-39	0.0501845307449571
2467	40-44	0.09603644953585899
2467	45-49	0.07900623400893636
2467	50-54	0.0725635181688915
2467	55-59	0.03985840727243328
2467	60-64	0.04494188112836639
2467	65-69	0.0683755214102959
2467	70-74	0.07208793534731228
2467	75-79	0.08121704287016485
2467	80-84	0.08235339107095285
2467	85-89	0.06628622758066882
2467	90-94	0.09149764367118962
2467	95-99	0.06909659386555234
2467	100-104	0.08816954585780934
2467	105-109	0.11464657424841818
2467	110-114	0.11606056616022187
2467	115-119	0.03802910964517281
2467	120-124	0.05666407890005587
2467	125-129	0.07219704217860112
2467	130-134	0.07961368935075086
2467	135-139	0.08915071082838466
2467	140-144	0.06890452440915595
2467	145-149	0.04853546876267245
2467	150	0.09911615801520668
2468	1	0.0816121754290009
2468	2	0.06564505388136155
2468	3	0.1061651320692576
2468	4	0.08511934343438554
2468	5	0.11896724091523225
2468	6	0.09370103490556403
2468	7	0.07050268254116787
2468	8	0.0323412948241355
2468	9	0.10188944178154458
2468	10-14	0.12393361197899821
2468	15-19	0.0987458245371613
2468	20-24	0.09529391938533394
2468	25-29	0.09993799425311067
2468	30-34	0.08934932199231582
2468	35-39	0.09484367146598771
2468	40-44	0.10072200367490325
2468	45-49	0.14660724634360633
2468	50-54	0.1230066191825756
2468	55-59	0.1075619663947549
2468	60-64	0.10516245522082812
2468	65-69	0.12450715138036372
2468	70-74	0.13373657857235344
2468	75-79	0.1330347687238742
2468	80-84	0.09291431847105258
2468	85-89	0.13427919739709893
2468	90-94	0.10950522417515174
2468	95-99	0.12063870868845328
2468	100-104	0.06803683680895034
2468	105-109	0.17027847607086954
2468	110-114	0.11713517573536336
2468	115-119	0.10102327884638385
2468	120-124	0.0339544689488136
2468	125-129	0.1220583619331137
2468	130-134	0.06366380721880205
2468	135-139	0.09410264355307163
2468	140-144	0.025279848788230197
2468	145-149	0.0457178578244779
2468	150	-0.009305826475362267
2469	1	0.08059650613671465
2469	2	0.020395039664748538
2469	3	0.04114092936276137
2469	4	0.12582745138413998
2469	5	0.06330601332362562
2469	6	0.043740582937900285
2469	7	0.10774882983906764
2469	8	0.07299046845120216
2469	9	0.056865342468597646
2469	10-14	0.06383728365622687
2469	15-19	0.05639789490680869
2469	20-24	0.08013587373019249
2469	25-29	0.07760161023568202
2469	30-34	0.10669779443879435
2469	35-39	0.09200696606694692
2469	40-44	0.09283155947899502
2469	45-49	0.11686760853120859
2469	50-54	0.06591325308497886
2469	55-59	0.07291533969544162
2469	60-64	0.08709739655360238
2469	65-69	0.11082687525065893
2469	70-74	0.04613425773182911
2469	75-79	0.10946538217503843
2469	80-84	0.06704242652420334
2469	85-89	0.07709643034448277
2469	90-94	0.10958311398174914
2469	95-99	0.10089371164378491
2469	100-104	0.10200575326179262
2469	105-109	0.10765886265934199
2469	110-114	0.11638164355326097
2469	115-119	0.08867643484829557
2469	120-124	0.07903922581026279
2469	125-129	0.060033812858229396
2469	130-134	0.04145280511129101
2469	135-139	0.13378033139760248
2469	140-144	0.11176855218143089
2469	145-149	0.09758316360228037
2469	150	0.09293074830315362
2470	1	0.06388228627054104
2470	2	0.13292539259027336
2470	3	0.07876396181094236
2470	4	0.12134977966481841
2470	5	0.06928834837919595
2470	6	0.15363158055039605
2470	7	0.08399395317530178
2470	8	0.08290977396404742
2470	9	0.10719841851909706
2470	10-14	0.09565902941869808
2470	15-19	0.09745663753368916
2470	20-24	0.07846027683741141
2470	25-29	0.08711367571451234
2470	30-34	0.1064855191285119
2470	35-39	0.1266223689589836
2470	40-44	0.10832202270349711
2470	45-49	0.12627710029917694
2470	50-54	0.04613872517182216
2470	55-59	0.08802245828381672
2470	60-64	0.09687360121768762
2470	65-69	0.06146638262531212
2470	70-74	0.06772544684693571
2470	75-79	0.07635145204056215
2470	80-84	0.07971228241186878
2470	85-89	-0.018838161434551637
2470	90-94	0.03432802042651417
2470	95-99	0.0465518431730203
2470	100-104	0.05206233512016212
2470	105-109	0.0980221609574059
2470	110-114	0.08552202697935485
2470	115-119	-0.010526124131587267
2470	120-124	0.030101179381233578
2470	125-129	0.013983579572624194
2470	130-134	0.012743299155438592
2470	135-139	0.08531238619137582
2470	140-144	0.033062542285207996
2470	145-149	2.0697841598860123E-5
2470	150	-0.09040092185617254
2471	1	0.1092111678445491
2471	2	0.12805882610564367
2471	3	0.06443071632597253
2471	4	0.08827225377719117
2471	5	0.11449622029046935
2471	6	0.09117488659256168
2471	7	0.09872804316808725
2471	8	0.09563382364549255
2471	9	0.06665785439299299
2471	10-14	0.10605352673699997
2471	15-19	0.10495417516158057
2471	20-24	0.05130111247893865
2471	25-29	0.05366480142434682
2471	30-34	0.10013303543427554
2471	35-39	0.05484193866490017
2471	40-44	0.07837422557388152
2471	45-49	0.08623011597050834
2471	50-54	0.0998225676475002
2471	55-59	0.04699814639537436
2471	60-64	0.04732060974829011
2471	65-69	0.041258641613914904
2471	70-74	0.07993735803747626
2471	75-79	0.036398657444571825
2471	80-84	0.05845926226085396
2471	85-89	0.0069926309867511804
2471	90-94	0.02925556298206544
2471	95-99	0.07945896651153106
2471	100-104	0.04131458267102772
2471	105-109	0.034682852771979356
2471	110-114	0.0311153263019861
2471	115-119	0.008000687944480944
2471	120-124	0.039268359466298364
2471	125-129	0.025220024890501236
2471	130-134	0.0012547115883592141
2471	135-139	0.08096365961445429
2471	140-144	-0.017108994729490234
2471	145-149	0.06429870357909095
2471	150	-0.09594962213676439
2472	1	0.05451350444847236
2472	2	-0.03149559039611205
2472	3	-0.027318244331539177
2472	4	0.082133888731029
2472	5	0.07405848726627084
2472	6	0.09371585276245753
2472	7	0.055903119177294514
2472	8	0.060992504307172624
2472	9	0.12031996087511487
2472	10-14	0.08252994877907582
2472	15-19	0.052650906350621085
2472	20-24	0.05776075891064636
2472	25-29	0.046922243901619254
2472	30-34	0.06882613879282218
2472	35-39	0.08412323658642862
2472	40-44	0.08404967727383195
2472	45-49	0.11334668242601964
2472	50-54	0.07591784476408492
2472	55-59	0.07225947235808405
2472	60-64	0.08307807832029113
2472	65-69	0.08402014435930028
2472	70-74	0.06431144518097653
2472	75-79	0.0877697192153093
2472	80-84	0.08611489460109567
2472	85-89	0.03492035428899953
2472	90-94	0.08057223008242431
2472	95-99	0.09176139441029108
2472	100-104	0.053069623770610974
2472	105-109	0.07119975915006904
2472	110-114	0.017392962286095326
2472	115-119	0.037903173001744506
2472	120-124	0.036956262547349183
2472	125-129	0.047386294108548555
2472	130-134	0.0425098935995436
2472	135-139	0.04723178976238529
2472	140-144	0.03844742820054137
2472	145-149	0.018767365412863057
2472	150	-0.004418534186022782
2473	1	0.11341427163787898
2473	2	0.15010200129230356
2473	3	0.068456109856605
2473	4	0.10663535768647847
2473	5	-0.00949848222361993
2473	6	0.10176319066747652
2473	7	0.1167769893481676
2473	8	0.1222020394064316
2473	9	0.1276820511092609
2473	10-14	0.08926677760272383
2473	15-19	0.09633486987438289
2473	20-24	0.0988699075618058
2473	25-29	0.09245627500383335
2473	30-34	0.0985446786937274
2473	35-39	0.07830040843362696
2473	40-44	0.06145976470322978
2473	45-49	0.10508489460333692
2473	50-54	0.048735708495200925
2473	55-59	0.08461271225905875
2473	60-64	0.09429506595149917
2473	65-69	0.08093474315904103
2473	70-74	0.13444976369232364
2473	75-79	0.10986423465747208
2473	80-84	0.12183338971457403
2473	85-89	0.01836150733896602
2473	90-94	0.10866006449221288
2473	95-99	0.08888740914053983
2473	100-104	0.11227134322263055
2473	105-109	0.08873251597769638
2473	110-114	0.08281791914207304
2473	115-119	0.06843910756972349
2473	120-124	0.06747987816429202
2473	125-129	0.06108398522023606
2473	130-134	0.048150990737454435
2473	135-139	0.04162088802046071
2473	140-144	0.027230440569333325
2473	145-149	-0.04882304921036962
2473	150	-0.03075604695706602
2474	1	0.056194771359912465
2474	2	0.019937568928291682
2474	3	0.021916537788563062
2474	4	0.05633017291166453
2474	5	0.015744424851320105
2474	6	0.017619429690732602
2474	7	0.04289678567363353
2474	8	-1.994656459984867E-4
2474	9	-0.0011627672899265917
2474	10-14	0.08158246927472135
2474	15-19	0.058840251244738795
2474	20-24	0.02446307019172167
2474	25-29	0.020120654467874033
2474	30-34	0.0809220421204202
2474	35-39	0.06925495484998123
2474	40-44	0.037950918865305994
2474	45-49	0.044835187476849114
2474	50-54	0.06349157029352881
2474	55-59	0.04415509860587008
2474	60-64	0.06927799368628484
2474	65-69	0.044457958554282584
2474	70-74	0.016527732487105595
2474	75-79	0.006748983882729931
2474	80-84	0.04990040532872797
2474	85-89	0.03652480091075461
2474	90-94	0.0351444859299761
2474	95-99	0.03746753529255642
2474	100-104	0.051797128594927244
2474	105-109	0.05767903698667709
2474	110-114	0.030444422222778655
2474	115-119	-0.0198515499096672
2474	120-124	0.009342572908344948
2474	125-129	0.019005016134983066
2474	130-134	0.029797584267498678
2474	135-139	-0.0036114775318409897
2474	140-144	0.0059304092140735065
2474	145-149	-0.035209730727501665
2474	150	-0.1466212308854722
2475	1	0.09639047671249301
2475	2	0.14481892005473895
2475	3	0.13514801275752575
2475	4	0.143602531032748
2475	5	0.09832777163512674
2475	6	0.0729661593016857
2475	7	0.11925511646414577
2475	8	0.12489876207265382
2475	9	0.07814936574290243
2475	10-14	0.1350784335439883
2475	15-19	0.09588402988099887
2475	20-24	0.12780086868912122
2475	25-29	0.09620972054955246
2475	30-34	0.10674979596224432
2475	35-39	0.11480223983780746
2475	40-44	0.10547211268601586
2475	45-49	0.113142006689543
2475	50-54	0.10460489238737836
2475	55-59	0.14537481098960825
2475	60-64	0.1288448924079546
2475	65-69	0.1230347532890832
2475	70-74	0.1308893220226821
2475	75-79	0.1295930695431906
2475	80-84	0.12538231513084241
2475	85-89	0.11240920382170572
2475	90-94	0.1382483051179335
2475	95-99	0.1003125988121738
2475	100-104	0.1268370578434812
2475	105-109	0.09114090578154332
2475	110-114	0.09907161793873343
2475	115-119	0.07540942655927552
2475	120-124	0.03404286300655457
2475	125-129	0.0938816350514955
2475	130-134	0.1029950148149581
2475	135-139	0.13284134429869
2475	140-144	0.029421727670595033
2475	145-149	0.03565762640982939
2475	150	0.12106869272762566
2476	1	0.10015516488677179
2476	2	0.10643621848577567
2476	3	0.03328490161056408
2476	4	0.16781542541562544
2476	5	0.07876191959743295
2476	6	0.07120700932877355
2476	7	0.09967652444817787
2476	8	0.051653134553710345
2476	9	0.08598489508285212
2476	10-14	0.1247901484950873
2476	15-19	0.10582013077375763
2476	20-24	0.08095746392746861
2476	25-29	0.06758731801100026
2476	30-34	0.1028728385740294
2476	35-39	0.07845046788636978
2476	40-44	0.086238946243121
2476	45-49	0.09327000166044996
2476	50-54	0.06762161102643205
2476	55-59	0.08214169471959565
2476	60-64	0.09470736803167767
2476	65-69	0.09338958135963082
2476	70-74	0.09184670925480987
2476	75-79	0.11059872604435128
2476	80-84	0.12968799492304584
2476	85-89	0.05454809860646748
2476	90-94	0.041604354799908094
2476	95-99	0.08763421513665293
2476	100-104	0.10400901385562378
2476	105-109	0.06726201526148401
2476	110-114	0.06995251365266597
2476	115-119	0.02013875735871551
2476	120-124	0.06436298816331032
2476	125-129	-0.012079105647892163
2476	130-134	0.03311786706490949
2476	135-139	0.02232369537068024
2476	140-144	-0.010898827890834184
2476	145-149	-0.028263458524762086
2476	150	0.0431696774689172
2477	1	0.09170681590339314
2477	2	0.06836376262779709
2477	3	-0.02919353734607455
2477	4	0.08807231661038628
2477	5	0.10437572433456666
2477	6	0.05996057850085634
2477	7	0.050277240133688395
2477	8	-0.04339880683519226
2477	9	0.0831266494202012
2477	10-14	0.04958730149042623
2477	15-19	0.049775457061670636
2477	20-24	0.06832490955918047
2477	25-29	0.05086035923213217
2477	30-34	0.038133843121620714
2477	35-39	0.08718621517683545
2477	40-44	0.09648912093690853
2477	45-49	0.08015399606877338
2477	50-54	0.052976760219628716
2477	55-59	0.06425822216274213
2477	60-64	0.08476584203337012
2477	65-69	0.06645489978983221
2477	70-74	0.037682284374596975
2477	75-79	0.10227198519437763
2477	80-84	0.0719876872249472
2477	85-89	0.04285909471719407
2477	90-94	0.056443459962096654
2477	95-99	0.06094407920479483
2477	100-104	0.09201320870575813
2477	105-109	0.08132634142855721
2477	110-114	0.09102946799011136
2477	115-119	-0.0072913886485039825
2477	120-124	0.0515835480607123
2477	125-129	0.023445053289663065
2477	130-134	0.011880107695503739
2477	135-139	0.0029748746193902775
2477	140-144	0.025132847797344482
2477	145-149	-0.06762113278998072
2477	150	-0.05973967811475944
2478	1	0.10795685614809258
2478	2	0.04386315348099856
2478	3	0.034954391459244505
2478	4	0.1447162801177342
2478	5	0.11136044104932807
2478	6	0.09870075677130075
2478	7	0.09308364053403295
2478	8	0.049537868800712204
2478	9	0.06383565307596228
2478	10-14	0.0985276565582609
2478	15-19	0.06669766841965696
2478	20-24	0.09833780109606494
2478	25-29	0.060124506661097143
2478	30-34	0.07347891188457112
2478	35-39	0.04781779316474655
2478	40-44	0.06288347612262868
2478	45-49	0.08340791465348474
2478	50-54	0.044632853003413686
2478	55-59	0.02862248004228718
2478	60-64	0.07253227484706315
2478	65-69	0.08265092759697268
2478	70-74	0.039485805826757314
2478	75-79	0.09033406039220893
2478	80-84	0.07231940650670055
2478	85-89	0.03935387275533486
2478	90-94	0.034649103276834126
2478	95-99	0.05675592480566394
2478	100-104	0.01710636692941847
2478	105-109	0.030041899495081736
2478	110-114	0.013680393721244855
2478	115-119	0.002544432064887303
2478	120-124	-0.003629100552508646
2478	125-129	0.0299236937522096
2478	130-134	0.03154633905778326
2478	135-139	0.07531925698040709
2478	140-144	0.012367330137237786
2478	145-149	-0.02996282040962228
2478	150	-0.042954952961473225
2479	1	0.15020767729022566
2479	2	0.06950537785180444
2479	3	0.08816111348569677
2479	4	0.11383406539744101
2479	5	0.10133323771182745
2479	6	0.10289983378851275
2479	7	0.08417159838337085
2479	8	0.021409601191777483
2479	9	0.07599664434426501
2479	10-14	0.09937579946407027
2479	15-19	0.04556041244128295
2479	20-24	0.08677350326132682
2479	25-29	0.052354780596289174
2479	30-34	0.03713295533955829
2479	35-39	0.043132971270800624
2479	40-44	0.02831540708402258
2479	45-49	0.04887109087346175
2479	50-54	0.01866024402774258
2479	55-59	0.027043053259212968
2479	60-64	0.024391345716018975
2479	65-69	0.04401485897268742
2479	70-74	0.04411796189491923
2479	75-79	0.03865460817160482
2479	80-84	0.023137060087591976
2479	85-89	-0.03448182425294277
2479	90-94	0.04190768117916832
2479	95-99	0.02432236782850339
2479	100-104	0.010505495359907968
2479	105-109	-0.0018296244637809878
2479	110-114	0.01026301573077859
2479	115-119	1.7631937293316469E-4
2479	120-124	0.05165980041827112
2479	125-129	0.061133068738911334
2479	130-134	0.002652665361523532
2479	135-139	0.06299371191675363
2479	140-144	-0.030124381869548245
2479	145-149	-0.035670878041223375
2479	150	-0.002829602033337153
2480	1	0.07285594032961029
2480	2	0.07153906083998862
2480	3	0.10128464489117306
2480	4	0.10279476036704693
2480	5	0.14102238309911996
2480	6	8.731398493964093E-4
2480	7	0.07309266497765066
2480	8	0.09464170795396143
2480	9	0.010906742876095166
2480	10-14	0.09571754975451796
2480	15-19	0.05722369229950175
2480	20-24	0.07932339820065692
2480	25-29	0.0789359410945778
2480	30-34	0.07728247821464862
2480	35-39	0.11204105195131575
2480	40-44	0.09986894240095978
2480	45-49	0.10050993192244562
2480	50-54	0.07520768377780485
2480	55-59	0.08983605279362905
2480	60-64	0.10973649964632415
2480	65-69	0.09235922503090421
2480	70-74	0.095939644137637
2480	75-79	0.08151313858378728
2480	80-84	0.11391538227478293
2480	85-89	0.06872412360235103
2480	90-94	0.09733695174443824
2480	95-99	0.062217822815220813
2480	100-104	0.0855962024247674
2480	105-109	0.07312754579292147
2480	110-114	0.08929122963441927
2480	115-119	0.02680427675414876
2480	120-124	0.03740657514912016
2480	125-129	0.0364746809446288
2480	130-134	0.010304737469539305
2480	135-139	0.017810893708457343
2480	140-144	0.024519430696791744
2480	145-149	-0.030438172330065072
2480	150	-0.04944043808806953
2481	1	0.03398440363952915
2481	2	0.05790650152625432
2481	3	0.07917153203541005
2481	4	0.0760569638119506
2481	5	0.03517309263614976
2481	6	-0.02979750174603879
2481	7	0.06016611486924006
2481	8	0.08209366449413125
2481	9	0.019303951880836223
2481	10-14	0.03341985837351302
2481	15-19	0.05270936111250535
2481	20-24	0.04341689279908678
2481	25-29	0.0906782581527068
2481	30-34	0.06079523024979494
2481	35-39	0.041553703163266675
2481	40-44	0.04960931281114256
2481	45-49	0.061300444983622526
2481	50-54	0.045131059634449855
2481	55-59	0.054723660858236656
2481	60-64	0.061011258787765144
2481	65-69	0.02982860344310012
2481	70-74	-0.007644985648447289
2481	75-79	0.01531028163377357
2481	80-84	0.018637990867958365
2481	85-89	0.0023220396334195925
2481	90-94	-0.011639951104427837
2481	95-99	-0.018497391813994568
2481	100-104	-0.0741524150458801
2481	105-109	-0.009546551835818207
2481	110-114	-0.05640789846223271
2481	115-119	-0.0717042559637946
2481	120-124	-0.007374582981483968
2481	125-129	-0.05732934889211805
2481	130-134	0.004988185486368479
2481	135-139	-0.08457185650031818
2481	140-144	-0.06433689610899052
2481	145-149	-0.0628432591710748
2481	150	-0.14514430862713823
2482	1	0.15405281099287294
2482	2	-0.00787720399783609
2482	3	0.13247712585874183
2482	4	0.09705243565238675
2482	5	0.07937549278967992
2482	6	0.03222223685909853
2482	7	0.03413099080057691
2482	8	0.10378684967245988
2482	9	0.04188519838797333
2482	10-14	0.06823602908883686
2482	15-19	0.018845677199834654
2482	20-24	0.04948236051907884
2482	25-29	0.06451459759869493
2482	30-34	0.038609046723088625
2482	35-39	0.01921948648554661
2482	40-44	0.047392726671397156
2482	45-49	0.07337342108183265
2482	50-54	0.036918836070199745
2482	55-59	0.034078735921873715
2482	60-64	0.0888383269009978
2482	65-69	0.07004509504758971
2482	70-74	0.06820954367560716
2482	75-79	0.0854422447760328
2482	80-84	0.06059159214483145
2482	85-89	0.015333803768193377
2482	90-94	0.06211852942923457
2482	95-99	0.021572481720056658
2482	100-104	0.0567426165374485
2482	105-109	0.05080075807144624
2482	110-114	0.07589425386548498
2482	115-119	-0.05258256699438135
2482	120-124	-0.023008216262759618
2482	125-129	0.029672831412923983
2482	130-134	0.01549114934314133
2482	135-139	-0.02132545923157636
2482	140-144	-0.018739599934889384
2482	145-149	-0.06464453881664411
2482	150	-0.03229330354159288
2483	1	-0.01531017932467904
2483	2	-0.07700523902710188
2483	3	0.013851249738166871
2483	4	0.04956728791675147
2483	5	-0.014479003030153592
2483	6	-0.12031764864840255
2483	7	0.04805800157669893
2483	8	-0.022476520750991824
2483	9	0.03908924713969952
2483	10-14	0.021711290410721062
2483	15-19	0.012850308693280965
2483	20-24	-0.01730013028272026
2483	25-29	-0.01486678788385376
2483	30-34	0.020736213929986036
2483	35-39	-0.024804116202439275
2483	40-44	-0.007453882401151191
2483	45-49	0.02172084187028389
2483	50-54	-0.03606914154550367
2483	55-59	-0.02124801880077598
2483	60-64	0.023609859795591603
2483	65-69	0.0011903992856403534
2483	70-74	-0.020217419237070544
2483	75-79	0.020860471420505178
2483	80-84	-0.04993580902623762
2483	85-89	0.0013479633987358852
2483	90-94	-0.03102206265162266
2483	95-99	0.0195369189119603
2483	100-104	-0.02217450090668649
2483	105-109	-0.008656874293059502
2483	110-114	-0.03451805915368311
2483	115-119	-0.049283006950432195
2483	120-124	-0.03343459637485324
2483	125-129	-0.027619567710395643
2483	130-134	-0.15297188067334133
2483	135-139	-0.0435481393989221
2483	140-144	-0.06218449409779225
2483	145-149	-0.1445129096868456
2483	150	-0.17173926223065905
2484	1	0.07981403627390904
2484	2	-0.014036805477111614
2484	3	-0.006345428608277359
2484	4	0.0635835102218465
2484	5	0.009533052055246571
2484	6	0.06805034581904579
2484	7	0.04487547119743596
2484	8	0.08597661657134381
2484	9	0.08365845770727987
2484	10-14	0.03946205191744667
2484	15-19	-0.014054541065931403
2484	20-24	0.01325764602664492
2484	25-29	-0.002557965434078824
2484	30-34	0.021646835689509203
2484	35-39	0.012985632074077103
2484	40-44	0.02159504101312848
2484	45-49	-0.009799871497676804
2484	50-54	0.010441739769333935
2484	55-59	-0.027445174136765615
2484	60-64	0.010691581772498182
2484	65-69	-0.0022021870271800026
2484	70-74	0.011331365036866714
2484	75-79	0.04399443991736263
2484	80-84	-0.013642138978738672
2484	85-89	-0.036690066693800816
2484	90-94	-0.010476180665051515
2484	95-99	0.01482667779725233
2484	100-104	-0.009700873490956496
2484	105-109	-0.0592139986234983
2484	110-114	-0.04616062684291222
2484	115-119	-0.04719122897128614
2484	120-124	-0.05736415576734544
2484	125-129	-0.05811710097094647
2484	130-134	-0.05297686740453855
2484	135-139	-0.1292905990406794
2484	140-144	-0.12004865872870596
2484	145-149	-0.20136284236352253
2484	150	-0.2615696444436182
2485	1	0.0754689794179626
2485	2	0.02286951601457332
2485	3	0.01921086544223982
2485	4	0.09940644085553174
2485	5	0.05224340465080246
2485	6	-0.027570896435591408
2485	7	0.02943324222692212
2485	8	0.06499712231948251
2485	9	0.009730436532549902
2485	10-14	0.06264798759708867
2485	15-19	0.058988979745699055
2485	20-24	0.06900784548441408
2485	25-29	0.04727566602124256
2485	30-34	0.10475800393340506
2485	35-39	0.07769127068866766
2485	40-44	0.0511679956942217
2485	45-49	0.07273993052538685
2485	50-54	0.013530343413037826
2485	55-59	-0.008126662157309283
2485	60-64	0.03411175639164554
2485	65-69	0.029239410939560173
2485	70-74	0.027644696885758435
2485	75-79	0.07844130680506112
2485	80-84	0.01606883544558002
2485	85-89	-0.022028384259769496
2485	90-94	0.007272152023887202
2485	95-99	0.029610969907409412
2485	100-104	0.011076553542821443
2485	105-109	0.011098260440050467
2485	110-114	-0.038558570417791316
2485	115-119	-0.07841793444001155
2485	120-124	-0.02775273511207388
2485	125-129	-0.03302957090182446
2485	130-134	-0.09132689119543613
2485	135-139	-0.06644632289898311
2485	140-144	-0.13461268158887663
2485	145-149	-0.18069657104432224
2485	150	-0.25819274823830796
2486	1	0.06100294507051274
2486	2	-0.09175202208869848
2486	3	-0.03612748754108708
2486	4	0.03873973687946375
2486	5	0.07881919842220242
2486	6	-0.03917741998770907
2486	7	0.054872112030409426
2486	8	0.006404275472654319
2486	9	0.07432246851853108
2486	10-14	0.05854663239350799
2486	15-19	-0.00283804334924298
2486	20-24	0.0411455732379693
2486	25-29	0.00567597087368199
2486	30-34	0.05040104175896687
2486	35-39	0.03536532615233057
2486	40-44	0.03564568057201711
2486	45-49	0.03690174460125917
2486	50-54	-0.011887904941922045
2486	55-59	-0.042953495405555486
2486	60-64	-0.00463897391048107
2486	65-69	-7.869764776700094E-4
2486	70-74	-9.87429704053966E-4
2486	75-79	-0.03463383828260902
2486	80-84	0.0015836890141827098
2486	85-89	-0.05001296404238076
2486	90-94	-0.03433236524946892
2486	95-99	-0.01723047398994737
2486	100-104	-0.07128261073573583
2486	105-109	-0.010236108016812295
2486	110-114	-0.10309462850050011
2486	115-119	-0.17336938435620652
2486	120-124	-0.10270470252469721
2486	125-129	-0.1111954263503776
2486	130-134	-0.12432688364860667
2486	135-139	-0.19788891573642076
2486	140-144	-0.1975234186498227
2486	145-149	-0.22097852230773185
2486	150	-0.23410181941161312
2487	1	0.04335307969612501
2487	2	-0.04876201792794177
2487	3	-0.033282746483777714
2487	4	0.06410815195609842
2487	5	-0.04032621700756778
2487	6	-0.030381836139717677
2487	7	-0.03067892546690132
2487	8	0.08066488278057449
2487	9	0.06367074122355376
2487	10-14	0.033325839052956496
2487	15-19	0.0037923957018364263
2487	20-24	-0.038959021734761734
2487	25-29	0.006036795838355147
2487	30-34	0.01634869517910431
2487	35-39	-0.016063551579499347
2487	40-44	-0.037534148419311464
2487	45-49	-0.016247296872720085
2487	50-54	-0.02078524443308538
2487	55-59	-0.011166411191027237
2487	60-64	-0.015321785623854112
2487	65-69	-0.030615342564665582
2487	70-74	-0.07439257197657412
2487	75-79	-0.05773368559307812
2487	80-84	-0.050741430113703245
2487	85-89	-0.08315781721274362
2487	90-94	-0.03440646863084851
2487	95-99	-0.07881041317106252
2487	100-104	-0.07477612689706348
2487	105-109	-0.10403183897463464
2487	110-114	-0.10987330356567071
2487	115-119	-0.15608784203863735
2487	120-124	-0.1537832857723771
2487	125-129	-0.176577249263822
2487	130-134	-0.13926425325011849
2487	135-139	-0.1905860470019647
2487	140-144	-0.27235602605847475
2487	145-149	-0.2709032086523635
2487	150	-0.2245129881172474
2488	1	0.1121192326942051
2488	2	-0.05297675557602588
2488	3	-0.05561232105835501
2488	4	0.042719107062083594
2488	5	-0.0056662241250009515
2488	6	-0.050241080318095044
2488	7	0.030211829067276597
2488	8	-0.02538852742418385
2488	9	-0.019785354874869654
2488	10-14	0.006451838667771881
2488	15-19	-0.03945265916487983
2488	20-24	0.01254007435754545
2488	25-29	-0.029443890708293452
2488	30-34	-0.011269020703949195
2488	35-39	-0.03975470736664022
2488	40-44	-0.02285837086356679
2488	45-49	-0.037976207448366495
2488	50-54	-0.06447035863010342
2488	55-59	-0.0807716896575954
2488	60-64	-0.056340692452373276
2488	65-69	-0.06840639917102465
2488	70-74	-0.07008868707109173
2488	75-79	-0.09435568938453542
2488	80-84	-0.07840637749556834
2488	85-89	-0.10702849760333066
2488	90-94	-0.12429312645731017
2488	95-99	-0.07824069664034994
2488	100-104	-0.10775228463074171
2488	105-109	-0.13701222391770074
2488	110-114	-0.11905084848300618
2488	115-119	-0.1725736657429593
2488	120-124	-0.1705957468241479
2488	125-129	-0.19350185339676074
2488	130-134	-0.17401637586691265
2488	135-139	-0.2345231731688031
2488	140-144	-0.2684147927623286
2488	145-149	-0.3118318211170106
2488	150	-0.36028055622980304
>>END_MODULE
>>Per sequence quality scores	pass
#Quality	Count
11	22.0
12	634.0
13	1623.0
14	1943.0
15	2119.0
16	2685.0
17	3777.0
18	5416.0
19	7914.0
20	12051.0
21	19226.0
22	30367.0
23	45334.0
24	63349.0
25	85135.0
26	109188.0
27	137662.0
28	173201.0
29	220708.0
30	280766.0
31	370204.0
32	515471.0
33	786093.0
34	1472626.0
35	4494235.0
36	3.2224734E7
37	3957498.0
>>END_MODULE
>>Per base sequence content	fail
#Base	G	A	T	C
1	30.130886421132136	15.709131463817128	16.000210567957087	38.15977154709365
2	25.52902256539821	27.036771341535687	30.648366366285103	16.785839726780992
3	26.632437472993537	28.055213731271216	21.971710830759054	23.340637964976192
4	27.169885310674776	33.62127840272498	16.888782002639882	22.320054283960364
5	27.40772967188308	32.261556347049805	20.10205850077984	20.228655480287273
6	22.09065209049373	32.26555643757934	22.039672591368586	23.604118880558342
7	20.442772486066925	14.642223662985288	39.28679252063473	25.62821133031306
8	22.58719858645996	19.188152198269627	26.302467567228227	31.922181648042187
9	22.952654941818672	20.415689141304497	28.459093832684406	28.17256208419242
10-14	25.497657357267585	25.173229353898837	24.230008878690825	25.099104410142754
15-19	25.290790253023566	24.472720132125904	25.438766560503055	24.797723054347475
20-24	25.384417578748426	25.19703772010406	24.926812606588566	24.49173209455895
25-29	25.3509474876988	25.19618815331363	24.781131040316648	24.67173331867092
30-34	25.158781620552006	25.142898971998406	24.92897784186847	24.76934156558112
35-39	25.177420041139776	25.170457083748822	24.85206180897562	24.800061066135786
40-44	25.241015241962785	25.005396790992584	24.890087122510202	24.863500844534435
45-49	25.130001297220016	25.060795944226495	24.870612375844978	24.93859038270851
50-54	25.183796507829925	25.053072673097088	24.779902791236054	24.983228027836933
55-59	25.160382569101124	24.96824140638303	24.794614864416182	25.076761160099657
60-64	25.10868241719776	25.037484802376493	24.823244747251376	25.03058803317437
65-69	25.136188206411624	25.12349319349591	24.7523172063285	24.988001393763966
70-74	25.208320107047673	25.039392342992063	24.779121695740685	24.97316585421958
75-79	25.12022329652802	24.945602530307344	24.93101430071163	25.003159872453008
80-84	25.175389579714754	25.04226537647092	24.841488763462856	24.940856280351472
85-89	25.212416787002294	24.987495723261503	24.800533254020014	24.99955423571619
90-94	25.107605780028656	25.090299871430588	24.816558768116394	24.985535580424354
95-99	25.14994931789614	25.070422806741067	24.78751578320063	24.99211209216216
100-104	25.117559371681576	25.088898196128103	24.764301343356344	25.02924108883398
105-109	25.099371971768136	25.055302994739474	24.744901621632458	25.10042341185993
110-114	25.083563731406045	25.136332525250975	24.792807424121932	24.987296319221045
115-119	25.166020086647546	25.126120850331834	24.700756727100927	25.007102335919697
120-124	25.19631707293064	25.17048362300711	24.716113235479064	24.91708606858318
125-129	25.16729020078653	25.16134891792315	24.701866314863356	24.969494566426963
130-134	25.255676508130858	25.126875766630626	24.73897611734963	24.878471607888887
135-139	25.23407553819036	25.06560875027296	24.76223553613421	24.938080175402476
140-144	25.29840370163261	25.13863358396356	24.752211594601757	24.810751119802074
145-149	25.405995158260282	25.06581449109949	24.659170899437207	24.869019451203016
150	25.227660788906014	25.10343785687302	24.917127890295937	24.75177346392503
>>END_MODULE
>>Per sequence GC content	pass
#GC Content	Count
0	1259.0
1	1110.0
2	916.5
3	976.5
4	1221.5
5	1383.5
6	1385.0
7	1294.5
8	1237.5
9	1315.0
10	1404.0
11	1438.0
12	1566.5
13	1731.5
14	1966.5
15	2395.0
16	3115.5
17	4361.0
18	6392.5
19	9635.0
20	15451.5
21	23639.0
22	35924.0
23	52375.0
24	71648.0
25	94940.0
26	125182.0
27	166374.5
28	214861.5
29	264223.5
30	317650.0
31	379101.5
32	446211.5
33	513296.0
34	581041.0
35	668872.0
36	769782.0
37	866805.0
38	960701.0
39	1056866.0
40	1148669.0
41	1228908.5
42	1302195.5
43	1379115.0
44	1419336.5
45	1434095.5
46	1450374.0
47	1451887.0
48	1459687.5
49	1460216.5
50	1473827.5
51	1477132.5
52	1461469.0
53	1446570.0
54	1394095.0
55	1340315.0
56	1285265.5
57	1216706.0
58	1175412.0
59	1143234.0
60	1091213.5
61	1034880.5
62	969081.0
63	896600.0
64	824139.0
65	741070.0
66	661732.0
67	587428.0
68	515682.5
69	444853.5
70	373783.0
71	313063.5
72	266584.5
73	227360.0
74	199324.0
75	177996.5
76	153140.0
77	132604.0
78	117238.0
79	103471.0
80	85053.0
81	64307.5
82	51967.0
83	41894.5
84	32880.5
85	25434.0
86	18985.5
87	13830.0
88	9643.5
89	7333.0
90	5431.0
91	3526.0
92	2324.5
93	1662.0
94	1458.0
95	1401.5
96	1139.5
97	755.5
98	692.0
99	751.5
100	1879.5
>>END_MODULE
>>Per base N content	pass
#Base	N-Count
1	0.006409917417120445
2	0.03160093728717592
3	7.995738981855025E-5
4	0.0
5	0.0
6	0.0
7	0.0
8	0.0
9	0.0
10-14	1.776830884856672E-6
15-19	3.686924086077595E-5
20-24	8.528788247312027E-5
25-29	1.9100932012209227E-5
30-34	9.328362145497529E-6
35-39	1.9545139733423393E-5
40-44	6.2189080969983524E-6
45-49	1.599147796371005E-5
50-54	1.2659920054603792E-4
55-59	2.3187643047379574E-4
60-64	1.776830884856672E-6
65-69	3.553661769713344E-6
70-74	5.774700375784185E-6
75-79	2.6208255551635914E-5
80-84	2.6652463272850086E-5
85-89	4.117805575655338E-4
90-94	1.154940075156837E-4
95-99	3.553661769713344E-6
100-104	1.7324101127352554E-5
105-109	3.9534487188060955E-5
110-114	4.930705705477265E-5
115-119	1.3681597813396376E-4
120-124	4.091153112382488E-4
125-129	7.729214349126525E-5
130-134	3.686924086077595E-5
135-139	7.196165083669523E-5
140-144	9.372782917618947E-5
145-149	1.821251656978089E-4
150	1.9545139733423395E-4
>>END_MODULE
>>Sequence Length Distribution	pass
#Length	Count
150	4.5023981E7
>>END_MODULE
>>Sequence Duplication Levels	fail
#Total Deduplicated Percentage	43.02962552640826
#Duplication Level	Percentage of total
1	32.032491014194
2	10.223095134976539
3	6.270559062771771
4	4.29914806984967
5	3.1664632005947393
6	2.534710935433674
7	2.000830990698116
8	1.687441014128589
9	1.4086561293470297
>10	16.100865898712627
>50	4.93633035116798
>100	9.429263940890326
>500	2.7197437079031195
>1k	2.89857416409327
>5k	0.2556993872060904
>10k+	0.03612699803274064
>>END_MODULE
>>Overrepresented sequences	pass
>>END_MODULE
>>Adapter Content	pass
#Position	Illumina Universal Adapter	Illumina Small RNA 3' Adapter	Illumina Small RNA 5' Adapter	Nextera Transposase Sequence	PolyA	PolyG
1	4.886284933355849E-5	1.53251663818888E-4	0.0	4.442077212141681E-6	0.002598615169102883	0.023243169012531345
2	1.154940075156837E-4	4.2643941236560133E-4	0.0	3.5536617697133446E-5	0.008979659084344407	0.023751786853321567
3	2.598615169102883E-4	4.397656440020264E-4	0.0	3.7757656303204285E-5	0.011371717663082703	0.02386505982223118
4	5.641438059419934E-4	4.397656440020264E-4	0.0	4.886284933355849E-5	0.014103595148549836	0.024007206293019712
5	6.507643115787563E-4	4.575339528505931E-4	0.0	5.108388793962933E-5	0.016726641742319498	0.024084942644232193
6	8.262263614583526E-4	4.73081223093089E-4	0.0	5.108388793962933E-5	0.01866338740681327	0.024242636385263222
7	8.795312880040528E-4	7.418268944276606E-4	0.0	5.5525965151771005E-5	0.02116649791585511	0.02439366701047604
8	9.750359480650989E-4	7.50711048851944E-4	0.0	6.885219678819605E-5	0.028911259535224127	0.02468018099065918
9	0.0011038561872172077	7.662583190944399E-4	0.0	7.329427400033773E-5	0.039341256829332795	0.025022220935994086
10-11	0.0014148015920671252	7.862476665490776E-4	0.0	7.662583190944398E-5	0.04904275346065023	0.02541645528857166
12-13	0.0017035366108563346	8.106790912158567E-4	1.1105193030354202E-6	8.995206354586903E-5	0.0571750863167786	0.025967272862877228
14-15	0.0020433555175851732	8.384420737917423E-4	2.2210386060708404E-6	1.2326764263693164E-4	0.07059015949744649	0.026371501889182122
16-17	0.0023976111752534723	8.606524598524506E-4	2.2210386060708404E-6	1.488095866067463E-4	0.0842695362722368	0.026916766866972516
18-19	0.0028540346088010296	8.673155756706631E-4	2.2210386060708404E-6	1.643568568492422E-4	0.09489054288646755	0.027268801486034742
20-21	0.003491472688743361	8.917470003374423E-4	2.2210386060708404E-6	1.6879893406138385E-4	0.10675088904288584	0.02776853517240068
22-23	0.004344351513474563	9.32836214549753E-4	2.2210386060708404E-6	1.7768308848566724E-4	0.11895105410603296	0.028172764198705576
24-25	0.005370471349479293	9.717043901559927E-4	2.2210386060708404E-6	1.7990412709173806E-4	0.12908454274623116	0.028564777512677077
26-27	0.006596484660030396	9.99467372731878E-4	2.2210386060708404E-6	1.87677762212986E-4	0.13897926973627678	0.028945685633618226
28-29	0.008064591178643221	0.0010283408746107991	2.2210386060708404E-6	1.9323035872816313E-4	0.1492260313453846	0.029430982569044705
30-31	0.009630423395923165	0.0010660985309140034	2.2210386060708404E-6	2.0211451315244646E-4	0.15867766113351905	0.029857421981410306
32-33	0.011408364800082872	0.00111051930303542	2.2210386060708404E-6	2.1099866757672985E-4	0.1679604919875921	0.030258319449806094
34-35	0.013373983966455566	0.0011693768260962975	2.2210386060708404E-6	2.198828220010132E-4	0.17698235080545188	0.03065255380238367
36-37	0.015378471308434498	0.0012904234301271582	2.2210386060708404E-6	2.2765645712226112E-4	0.18527348792191434	0.03113674021850711
38-39	0.01730078022198881	0.0013492809531880355	2.2210386060708404E-6	2.29877495728332E-4	0.19427979946953158	0.03158761105553949
40-41	0.019264178349755433	0.0013892596480973105	2.2210386060708404E-6	2.3209853433440281E-4	0.20377251847187836	0.032074018510269
42-43	0.02128088140406776	0.001495869501188711	2.2210386060708404E-6	2.476458045768987E-4	0.21244456370928194	0.03252155778939228
44-45	0.02343084677474433	0.0017424047864625742	2.2210386060708404E-6	2.498668431829696E-4	0.2205480230635314	0.03303128614948554
46-47	0.025574149029602693	0.0019167563170391353	2.2210386060708404E-6	2.5208788178904035E-4	0.2293322307505416	0.03354767762539701
48-49	0.02772300388097623	0.0020999920020399795	2.2210386060708404E-6	2.6430359412243E-4	0.2378510243241263	0.03402520092570224
50-51	0.03000956312592616	0.002255464704464938	2.2210386060708404E-6	2.798508643649259E-4	0.24638314412934742	0.034564913306977446
52-53	0.03227724354272449	0.002587509976072529	2.2210386060708404E-6	3.0428228903170516E-4	0.2561301720520893	0.03510129413034356
54-55	0.034491619032977115	0.0026996724256791067	2.2210386060708404E-6	3.287137136984843E-4	0.26738528518835325	0.03573762169098285
56-57	0.036841477878200066	0.0027651930645581965	2.2210386060708404E-6	3.7202396651686575E-4	0.2772766806204898	0.036373949251622156
58-59	0.039313493846756906	0.002842929415770676	2.2210386060708404E-6	3.953448718806096E-4	0.2867049895032605	0.0370213820052918
60-61	0.041606716207525055	0.0028718029176495966	2.2210386060708404E-6	4.51981356335416E-4	0.2966841159603368	0.037679919951991804
62-63	0.04394769089832372	0.0029850758865592095	2.2210386060708404E-6	5.019547249720099E-4	0.30728735426571896	0.03839731542175269
64-65	0.04628533403121328	0.003073917430802043	2.2210386060708404E-6	5.641438059419935E-4	0.31590498405727385	0.03911360037221054
66-67	0.04861187197107249	0.0032527110385907458	2.2210386060708404E-6	6.007909429421623E-4	0.3251844833534378	0.039844322073607844
68-69	0.05117606104178127	0.003298242330015198	2.2210386060708404E-6	6.740852169425E-4	0.33493373231478574	0.04068720622461172
70-71	0.05399122747497606	0.003388194393561067	2.2210386060708404E-6	7.16284950457846E-4	0.34420323693722243	0.041414596368099924
72-73	0.0570462660776265	0.0034481624359249795	2.2210386060708404E-6	7.451584523367669E-4	0.35308517032289966	0.042195291438133824
74-75	0.06053995980497593	0.0034714833412887234	2.2210386060708404E-6	7.818055893369358E-4	0.3618638254133947	0.043289152951623715
76-77	0.06415803169426533	0.0034925832080463966	2.2210386060708404E-6	8.173422070340692E-4	0.37251814760671653	0.04445519821981091
78-79	0.06842242581792135	0.003514793594107105	4.442077212141681E-6	8.306684386704944E-4	0.38336125808155436	0.04561791193008899
80-81	0.0731743379156099	0.003552551250410309	4.442077212141681E-6	8.573209019433444E-4	0.3917456788194718	0.046859472510882585
82-83	0.07853703562996794	0.0035980825418347614	8.884154424283362E-6	8.662050563676277E-4	0.40141719142960725	0.048158780095434034
84-85	0.08504134718784641	0.003721350184471693	1.2215712333389622E-5	8.895259617313716E-4	0.4136850981702396	0.049534713511894916
86-87	0.0921897599414854	0.003805749651502385	1.3326231636425042E-5	9.406098496710009E-4	0.4267225947878754	0.0509417414688408
88-89	0.1003820608399777	0.003826849518260058	1.3326231636425042E-5	9.472729654892134E-4	0.43835417396786835	0.052400963833029335
90-91	0.10973263337153594	0.0038601650973511207	1.7768308848566723E-5	9.605991971256384E-4	0.4494549249210104	0.05410561096318871
92-93	0.1208744735388903	0.003892370157139148	1.7768308848566723E-5	9.80588544580276E-4	0.45943294085878367	0.05598572014322767
94-95	0.13366543487125226	0.00391124898529075	1.9989347454637562E-5	9.93914776216701E-4	0.470384882225319	0.05807238591363123
96-97	0.14758468381549822	0.003967885469745556	2.1099866757672982E-5	0.0010061304885500906	0.4797665492973622	0.0604544498186422
98-99	0.16285987682875044	0.004006753645351796	2.2210386060708405E-5	0.0010139041236713387	0.4884008368784626	0.06323741119204897
100-101	0.18004294200461748	0.004028964031412504	2.2210386060708405E-5	0.0010238987973986574	0.4976137050164445	0.06606368281827411
102-103	0.19992012700964848	0.0040600585718974964	2.7762982575885506E-5	0.0010594354150957907	0.5074584586378534	0.06929640450941021
104-105	0.2224503426296311	0.004082268957958204	2.8873501878920926E-5	0.00108386683976257	0.5163936969500764	0.07277788252442627
106-107	0.24654861150549973	0.004103368824715878	2.8873501878920926E-5	0.0011038561872172077	0.5251723520405714	0.07655697971265579
108-109	0.2732110694520771	0.004143347519625152	2.9984021181956345E-5	0.0011360612470052347	0.5350282108550108	0.08055262816497724
110-111	0.302366643233969	0.0041677789442919316	3.109454048499177E-5	0.0011838135770357579	0.5433060217398369	0.08462490244920812
112-113	0.33464499729599656	0.0042843834711106515	3.109454048499177E-5	0.0011882556542478996	0.5514039284975711	0.08909141108601659
114-115	0.36990953776388635	0.004304372818565288	3.109454048499177E-5	0.001200471366581289	0.5600026794609744	0.09370117671291661
116-117	0.40895317542000564	0.004341019955565458	3.109454048499177E-5	0.0012471131773087768	0.5690023278927734	0.09865964540096976
118-119	0.45087305807098665	0.004348793590686705	3.109454048499177E-5	0.0012648814861573436	0.5788015502227579	0.103714729268387
120-121	0.49544597133691926	0.004380998650474733	3.109454048499177E-5	0.0012893129108241229	0.5878900401987999	0.10890973856798669
122-123	0.5443188153442051	0.0044554034437781056	3.109454048499177E-5	0.0013070812196726896	0.5963799602705057	0.11445456144804254
124-125	0.5968219469531137	0.004502045254505593	3.109454048499177E-5	0.0013326231636425043	0.6054095927234866	0.11992386901549199
126-127	0.653075302248373	0.004516482005445054	3.109454048499177E-5	0.0013837070515821336	0.6155497444795031	0.1256863536789428
128-129	0.7141771848206848	0.004542023949414869	3.109454048499177E-5	0.0013925912060064169	0.62501692153788	0.1317286892067585
130-131	0.7801686838842616	0.004569786931990754	3.2205059788027184E-5	0.0014025858797337355	0.6354602450636251	0.13802533365496933
132-133	0.8518438207407737	0.004593107837354498	3.331557909106261E-5	0.0014103595148549837	0.6457958482169757	0.1444674561318778
134-135	0.9290071439928869	0.004617539262021277	3.331557909106261E-5	0.0014203541885823025	0.6556250545681424	0.1509362310720591
136-137	1.0124560065001804	0.004645302244597162	3.331557909106261E-5	0.0014303488623096212	0.6643082049985762	0.1579802550112128
138-139	1.102111561392139	0.004669733669263942	3.331557909106261E-5	0.0014336804202187275	0.6720873927163393	0.1651220046490336
>>END_MODULE
