ENTREZID	mean	SD
653635	9.28934590045049	0.180037446242078
102466751	8.34096081498109	0.0841471466740581
729737	8.81629964297995	0.533674245185764
102723897	9.20880720337543	0.142750604941827
102465432	8.39493707905367	0.0747212388543693
100133331	8.75122084659123	0.113645395460021
100288069	8.85074484780391	0.133449849724165
400728	8.37280819915397	0.0715611213072156
79854	8.6135305916389	0.165150039549181
643837	9.93782300320802	0.566304477441811
100130417	8.44301317477327	0.182326272421838
148398	8.78435977995244	0.543892475423578
26155	12.612041712793	0.59431042771078
339451	9.71253066871652	0.23892763254357
84069	9.46432945897996	0.380754059910828
84808	9.00574580506494	0.253090678410561
57801	10.3745517076478	0.483004382643401
9636	12.1863234576882	1.2569145361305
375790	14.0832738080624	1.16039782279274
105369174	8.77807172103054	0.226953006478599
105378948	8.75420104458026	0.213557810039877
401934	9.17461708331949	0.598906267735477
54991	10.0926958944031	0.258553948923011
254099	8.2588393063198	0.135146651555928
406984	8.31405345412258	0.1305516317409
406983	8.34235731553739	0.171339243375686
554210	8.37566824705547	0.19569438459614
254173	8.43527186191496	0.174123565621996
8784	8.55422866669537	0.340847635809727
7293	8.32129945367035	0.121585005590692
51150	13.1233799012188	0.375915100827372
126792	11.0512339253662	0.385266453023868
388581	8.7966680601097	0.724820799695126
118424	11.7925016778276	0.361228387686049
6339	8.91033808729584	0.376675317465737
116983	10.7427564436655	0.687620801003914
126789	10.2024116034682	0.333247116623334
54973	11.557806214419	0.275983122389275
80772	11.1606189632108	0.399685641265479
83756	8.91486294617191	0.363694480652405
1855	12.1771898474092	0.368732206447247
54587	9.88682740110705	1.20926884004898
54998	12.6651196384646	0.376864052105097
81669	11.2310282347106	0.352504278903734
148413	10.2274444177099	0.226696134857848
55052	11.7547134537469	0.402023615682084
441869	8.63813584296243	0.790279906783566
643965	8.53376190624073	0.679329662217458
102724312	8.56596900737404	0.350414195437527
64856	11.0553139654646	2.007605968567
219293	9.04160267340041	0.847268321277857
83858	11.0203470865728	0.527747055959364
55210	11.4973967498313	0.416450413485972
339453	8.62605176990078	0.142326776420256
29101	12.3869405377063	0.291201768343178
643988	9.41350033075672	0.776179504512859
142678	10.4477410536687	0.282866160867393
984	11.448803073366	0.190657868447297
728661	11.4139352988575	0.361368752309999
8511	8.35182933465889	0.123298365929743
728642	10.445278884374	0.347808108392526
9906	10.1160764440129	0.556947093736817
65220	11.6935043649103	0.170712153749003
2782	13.4513104795866	0.615923433895021
105378949	8.63593004028741	0.122364758432695
163688	8.32083156385336	0.127045066080999
339456	8.73591750772539	0.260612738703672
2563	8.68702712277978	0.896222470484452
5590	10.5999643334633	0.516084340221292
100506504	8.6280810995119	0.0930428625985582
199990	11.0169467346934	0.385901851850252
105378592	8.31012334165519	0.098244280499912
6497	11.4309807673686	0.55215613438697
79906	9.40996363750831	0.266709443726319
100129534	8.70264460728119	0.286780179405383
11079	12.2552765446928	0.277000885431236
5192	10.2821100405349	0.259585147271566
9651	8.4800998739965	0.21878938613728
55229	8.54032138262853	0.205679865551664
8764	8.39464742482887	0.206707069938353
127281	8.54038254312543	0.214727283739221
440556	8.37183622485896	0.264767114356228
63976	9.037727806235	0.920187593921074
27237	10.6593082333734	0.762396824314021
1953	10.0445815535612	0.992458977499468
127262	11.6755136635258	0.510316441096615
49856	10.2402386246884	0.261102028169448
7161	9.55738150731589	0.378906643310972
57212	9.38394971919669	0.752102281924055
148870	8.31067952496182	0.110777736962696
388588	8.76594162029266	0.366212169026638
57470	11.5134641430382	0.272341334113036
9731	10.9168449398801	0.346054271312176
1677	9.29737531312232	0.257415437688597
339448	10.7027853419018	0.356485027441446
100133612	8.64519836354057	0.241610335579792
261734	9.77526548916582	0.277066996747546
8514	10.0499636945053	1.1070442229392
26038	9.46522875923596	1.47641572116283
6146	14.4148863104223	0.453711907594848
102724450	8.39073240887464	0.0792923212055759
388591	9.75606740782413	0.461289586935191
23463	12.1971374341322	0.50855394766131
148645	8.68908303986766	0.203041006869353
387509	9.7726879947463	0.8025973238043
11332	11.1596158676725	0.617550945432847
54626	8.81251839855907	0.618356924359184
83715	9.22907393209441	1.12732023668582
8718	9.0710051389753	0.53857781544871
57449	10.0526285895534	0.958122170247143
79707	10.6679406308759	0.314569261740051
3104	9.87193902813006	0.238490752316283
9903	10.7704245407356	0.276725364512917
148479	10.9009667333905	0.408184603727008
90326	9.71220162807526	0.283870016064643
55735	11.5411242866671	0.377601696551334
23261	10.8761345620468	0.35846866212199
9341	12.1866643074892	0.373874917264178
8863	10.6340419609867	0.659274663966151
3604	8.55806419681633	0.157716861952331
11315	13.4331579644037	0.41564542517057
54206	13.5561660863142	1.09377932360439
102724539	8.31344726927284	0.14362093590433
50651	9.01171535321646	0.846740543983129
473	12.1513162152769	0.859131499502794
2023	15.8332026666738	0.549426105264334
100505975	8.36807378024965	0.0991673019118246
765	8.27898115207183	0.221794209573075
6518	8.37058078059826	0.356641295701817
80045	9.64687431489837	0.902603552054794
9563	11.0352671871268	0.888881026785771
80176	10.817337123017	0.663844627031145
100506022	8.47309324084554	0.140448846780633
84275	10.3720628178933	0.507449990244083
199953	10.3648184290261	0.369357487674264
5293	9.18837238436255	0.636662147836343
101929074	8.57957933304607	0.383655199147612
22883	13.4442788701949	0.354033870986059
56998	10.9154190616644	0.6580001933571
84328	10.7691346851545	0.351724492290341
64802	9.94266922321644	0.370948351961243
116362	8.56522199165175	0.542674287789535
10277	11.9857561901219	0.45549727492845
23095	12.0501369850142	0.584117542667822
5226	12.9550497269597	0.670244222120365
378708	8.99817521156502	0.163595659423096
1676	11.5187213807209	0.477917541890133
5195	10.9573810015449	0.254213510841053
54897	10.4630324250796	0.622329868436766
148345	8.47066764243417	0.680992489776322
23435	12.8526328618764	0.168544964349858
10747	8.58772581522406	0.0743246703367507
6723	12.0012724050182	0.672057342278911
5394	11.6998744549316	0.375734901402483
2475	12.3804653284203	0.521806814999759
29914	10.6455862927733	0.305037009285254
57540	8.49709634560408	0.363650042628238
26232	10.671412694182	1.23345685746876
93611	10.1915277013935	0.695014316064874
26270	9.62728100836629	0.761310509876905
10459	10.9255386793611	0.398399786484228
57085	10.7084549066914	0.488699102790383
4524	10.5191377889074	0.45355947356708
1185	10.0121772435669	0.197398696776922
100379251	8.37712498571294	0.0821828675430946
4878	8.50410867662914	0.229955715642087
90231	11.701066094583	0.336195115718965
5351	12.1373645493512	0.805983079475054
9927	12.700847591737	0.369368243362093
60672	10.2902122522002	0.31408129712687
943	8.34161559360529	0.0863102052074431
7133	9.55157692489732	0.948309893024189
55187	11.5634528112813	0.391854183753787
9249	11.5207315310608	1.89589315272907
7799	11.2043244989004	0.436921855772834
23254	9.33392890585125	0.547985108332656
200197	8.65458695680577	0.203045548938293
55092	10.5047219509694	0.467387664475958
114827	8.60612191970809	0.343874275704597
79180	12.5755461771432	0.673543982127979
842	9.8900374284369	0.243749372258141
23341	10.7031783672354	0.494203318712349
79814	9.82503539828462	0.753887014807648
84301	10.0412618791587	0.342354362053396
6248	9.59848179666353	0.268571347118937
23207	11.6264291973309	0.301538682268311
284723	8.52742259220573	0.123243139633649
54751	10.672053933037	1.28331233432214
440567	9.51967719972457	0.203996282332429
729614	9.34620478016839	0.272394493332851
23013	12.6117967830856	0.262524914037998
7709	10.4123865747568	0.218260603966067
348487	8.86205780081019	0.490541540905697
1969	13.5518010238889	0.847085412339458
128272	9.88585550261287	0.395682097117001
101927546	8.37739877938854	0.06480594979556
79363	9.35268533070325	0.31966822643363
54455	10.7140268388975	0.266506444877593
26099	13.2398063710763	0.270481861133259
55707	11.2220300356664	0.321103764080337
114819	8.81036378257325	0.158281948041042
26871	8.24127321729235	0.107145004628852
55672	9.9560078083816	0.349810069591646
84809	9.60622933576416	0.290900835047126
11209	8.5712307027985	0.126677259219769
284729	8.26489222902724	0.135652176718809
11223	8.39602218476804	0.0948436522188015
9696	9.54380536874079	0.600013483668598
4237	8.50958486348844	0.242992605482845
23400	11.439409959124	0.376328747826064
6390	11.9183608872721	0.313305558276054
11240	9.61196830625037	1.7655757228967
29943	10.5702173061595	1.68199542194539
51702	8.74091235504722	0.502488179877073
23569	8.35300956924493	0.238554657763856
55920	13.7645627069529	0.617678608905316
55160	10.3127991116189	0.607425852434216
81569	8.3744134564299	0.164605587488477
127707	9.05793733161444	0.788709952484334
5081	8.87745009413154	1.26569864004921
8659	10.4503576559137	0.869365039475665
126917	11.4769106558757	1.40327059600596
23352	13.3476769745571	0.369633191990737
23065	12.4705007433986	0.457823692913334
51154	11.8152780949555	0.452564820131543
246181	8.44195882554592	0.279991036171328
22977	8.96185255232059	1.30238491952149
100506730	8.83557398035787	0.17265476092492
8574	11.1794487805587	0.285219408258218
54896	10.4053285859071	0.37923108651824
832	13.5694912002505	0.572221456261351
440574	12.187822084246	0.381898924992455
644068	8.508602191044	0.0868741924678441
4681	8.6619163492292	0.197628119432565
3362	8.45086598791876	0.445180799282483
255104	10.159884155795	0.37680876241159
54546	8.46353711821033	0.773493083350763
23252	10.3233068222735	0.453312020081312
5320	8.28923927488118	0.205587847233771
64600	8.31701939392464	0.156759776561512
127733	8.39352858402874	0.279054760962831
101928017	8.22506844854478	0.128475824348847
55450	11.3313252582243	1.74462673934595
79594	10.8437377719756	0.290476792225123
163933	8.37926441523587	0.538075398536903
978	9.85607502025022	1.13888141728379
65018	10.2666999069719	0.477673840583791
100861548	9.11476845928345	0.206098641566528
1650	13.7382762527858	0.381690058333813
57576	8.54013962765195	0.258572761034046
400745	9.28971415494004	0.474742108097217
50809	13.0516817402686	0.39391050523367
8672	12.4563587849697	0.323516684296874
1889	12.7493106741615	0.744301902335282
100506801	8.31980959140251	0.107388757175678
84224	9.31728648405628	0.634404141112874
249	8.36854858269912	0.230216003917152
5909	9.82750443991802	0.596325101792272
84196	11.5902001926374	0.426327316393641
401944	8.36064326756731	0.140513090201423
3339	12.8877324121501	1.28897846248171
23436	8.26200995293958	0.17960182508538
101928043	8.36739442720265	0.08800747198274
29092	9.39427645022261	0.291948793988371
998	13.8207220337128	0.368121258878388
54361	9.30715946202461	0.964254009207857
9923	11.0352765087812	0.400877342375838
2046	8.33545795863073	0.251904582629172
714	8.28284509804893	0.120148277554049
2048	11.0349137746223	0.770417123169508
23028	12.3406664855289	0.744415023155987
7798	11.3900308526941	0.487667132429
3352	9.19544962135516	0.841830952559323
100996511	8.42011853612666	0.0498135127674971
10236	13.4835005744016	0.376115692225342
80818	10.0799498947413	0.38236759918953
148898	8.58166696491637	0.108185086237832
6920	9.21013523470868	0.73253793540138
55616	9.58047629531604	0.50357819913292
1870	9.94042767946226	0.375291071636887
3399	10.6085083826193	1.80679571757255
259283	8.25629432187951	0.124709596055913
6135	14.5733054313309	0.260666465562686
6924	11.8011898593519	0.452248689501893
100506963	8.54571136588142	0.0969408675930926
57095	11.0082976633409	0.444785567244877
11313	12.1347523046521	0.330733166987546
2582	11.678194532023	0.490052792942602
3155	10.6485127260912	0.269540486534646
2517	10.5575121998704	0.558339168746453
55629	12.456882858996	0.346723633712204
10772	12.2156951555917	0.205965697808415
58985	8.9681793159166	0.49729700640197
163702	9.43673988339825	0.541986446459439
57822	9.11352275092926	0.585241369904951
90529	9.73884758253002	0.246889926745957
57185	11.1457954244676	0.684830301358391
100750325	8.29287574409395	0.0820041895145525
11123	10.0414312464359	0.429530279405559
100506985	8.89536367591892	0.204739172521521
400746	8.53373722684021	0.334798077403114
10250	12.1809314944164	0.294596128208111
25932	11.8815362274732	1.45865034704162
25949	11.2968541247396	0.341098692525837
57035	10.1660537767833	0.34350807808578
6007	8.3821217107109	0.1433109181733
23585	11.6918816847528	0.392531734201898
6006	8.42649310757351	0.0835811207249444
55219	10.7836015119421	0.447689191120371
26119	10.3677710737953	0.604585429724183
57134	8.63616453455997	0.333095098150129
57190	11.6115865533432	0.985287827109139
56181	10.3524649305291	0.424367434349657
646471	8.73052720205813	0.146190896206006
79000	9.7941969319884	0.352162470056951
164091	11.1678784494121	1.01821763242633
3925	13.440654211363	0.62628117816916
5051	10.2735019970438	0.399886880802041
2134	8.46717575113821	0.311325161744985
7780	8.47035231066643	0.693928830896722
105376910	8.25368324639875	0.206832190748526
149420	9.90864481535865	0.454805794263335
79927	8.32688755494995	0.155028493545334
51042	10.6409370767452	0.590829199244538
10256	9.91811533384226	0.749275525452086
101928303	8.25316615412997	0.112879138247877
64793	10.9187615534296	0.520208257566726
83442	12.6259398687056	0.632389118278693
91544	9.69882463908406	0.346300523158215
1043	8.30856217878415	0.101672600830684
55057	10.0279263526761	1.35421978929574
79727	8.40326335003858	0.139716393644427
79947	10.7626218613523	0.381772300672743
3151	14.2573994970874	0.588217485985867
6195	11.192878315052	0.459340982733664
101928728	9.10915967882212	0.218270584402227
8289	12.5112880948595	0.681763481497738
55650	10.0931401973906	0.368032005288914
84243	11.1072788266623	0.523710295354642
2810	12.8910165928655	1.4947995335412
54707	10.1801344187468	0.277269899670142
63906	10.237080865585	0.4594870337675
10726	12.8359367992038	0.758827464642381
8431	8.88707331040915	1.32182779799366
126695	9.81727013153333	0.82111867382052
388610	10.6158469346002	1.38121868207917
115572	9.49862994092436	0.751426986697259
6548	11.3893539412768	0.573853708195121
23038	11.1687495167952	0.444208286153576
84065	10.6200377057606	0.365920560188716
644961	8.5400534166701	0.0856618041933161
84958	9.99162928206516	0.694837062621475
9064	10.0359136719672	0.406477551510789
2827	8.90338151607116	0.461473032656329
10163	12.973731147856	0.462386534027647
27245	10.6995058605985	0.483448303759811
2537	11.4612162215756	1.38025068167662
199870	9.55593177937543	0.287380076392808
23673	10.8194305712077	0.272979745739809
5511	11.3979901050634	0.323244475242731
9473	8.87837525757555	0.39488027622349
6118	11.4073159565548	0.337755151854245
27293	9.44761684918144	0.68423084945598
55113	9.61623642966724	0.652030621660907
2140	10.7877634819211	0.336874887476888
5724	9.21219267786007	0.908655550943875
22826	12.4325816157422	0.297778439991434
93974	12.4929093286837	0.451830991982008
83667	11.0649664906028	0.707669864295368
54797	9.9377425022707	0.286310883328053
65979	11.4724786002321	0.354698259304219
1104	12.2251138320402	0.348031935979716
8420	10.8314962671616	0.791116809264703
6080	8.79160738577135	0.226387208698193
26768	8.65913377218866	0.185916569607496
54952	10.0261184119676	0.167390208571015
85028	9.78242822111522	0.438015341087014
692212	8.4484891500377	0.102054450871974
677838	8.70981841696754	0.19781210618528
677825	8.57213212503449	0.102605206190516
692073	8.54822634914875	0.134106319451609
115273	8.45570617133309	0.190633911810471
6883	10.4852532472415	0.407039388343529
26824	8.32627167385579	0.0739736078016084
10691	9.85862681542748	0.199083516582462
51441	11.999969927538	0.404800839674523
4985	8.53695295792215	0.642249929164625
2035	11.5313347432156	0.681430049387132
399474	8.79689954445649	0.520748080171015
6429	12.276157163351	0.362786823268907
51102	10.316357139405	0.307499420251761
10076	10.6018970036809	1.47236914826631
4146	8.43464669553925	0.158841008247372
100129196	8.6232270328699	0.170629825853521
7805	8.89952789653113	0.555581313189658
9672	10.8436091918611	1.06319591397612
9698	12.5614811586344	0.255241368866262
79570	8.66745757896308	0.528162982954916
9410	11.3779432701567	0.328308245399195
51538	10.9868988396703	0.238777539934855
2170	8.46553416513378	0.0865752606381336
347735	11.4502894343275	1.92434682428661
64129	11.892331606303	2.54269344136413
553115	11.0251911610154	0.254039272107851
1307	8.74493191896513	0.33552021116172
576	9.42946343790267	0.66765374295127
90853	9.01584232548003	0.730388721340652
8073	13.5622430206148	0.843149657829548
10657	13.3155157746252	0.375770255938375
55116	10.481949729547	0.217683824950934
23633	12.6077701017251	0.329797324349402
200081	12.4805080992274	0.382645456824471
79140	9.57421704016758	0.671616140816656
56063	9.45749062952769	0.234432471455752
55721	9.25874738684298	0.165680513431431
149069	8.42460835920723	0.0940695019331438
8668	13.2290275950655	0.373125190267991
339483	8.69930378944009	0.239649712175157
84734	8.50461248233866	0.272311043679254
3932	8.72586655010261	0.448319014059819
3065	13.3886936693567	0.39449508446475
65108	11.9339849683031	1.73097092696689
100128071	8.46444367961815	0.0735020856623512
81629	8.64224795721952	0.160452716217742
55108	11.2497997880906	0.356681008285371
728116	8.28962475221145	0.140957913861342
653121	9.71499325105003	0.160961210702123
339487	10.5895570109671	0.336450903824094
5928	12.2818512305907	0.415147729697404
81493	8.43272881872157	0.159912031310542
57648	13.32920476664	1.27307933893239
8565	12.9543073413127	0.58446532863607
64766	10.6061555946106	0.441689841307184
252995	8.62289703169873	0.355134938129896
3208	8.38454224654916	0.137458507647011
113452	11.0983826638223	1.15997216221769
127544	10.9060314421798	0.539741372575664
204	13.308623838859	0.422965428815478
113451	8.79174518210455	0.434491339756853
55223	9.61524628440598	0.341889383279823
149076	10.2883780860442	0.757953304576329
1912	12.2397246555266	0.629260270991001
101929464	8.37169312101907	0.0984477840625179
7579	9.7338161670222	0.253339663982469
2709	9.4111139128162	1.0241212862074
127534	9.0480197363666	0.832925751695375
2707	10.7038252740784	1.75013523143771
113444	11.0496116994166	0.310110596627802
58512	8.66409518042532	0.47370025414908
653160	8.62488046572054	0.115246995015339
100506144	10.217044573493	0.307894126165282
9204	10.0420427299337	0.256435249791737
79830	10.4295963172137	0.407600070796216
6421	13.6914931586016	0.249978686872102
9202	11.9455627346222	0.446234622672545
79932	12.0608689926367	0.395501309131493
23154	11.3567664398279	0.289890462056558
339488	8.54070458886929	0.172827239239043
5690	12.8905407122031	0.379334345792684
127703	10.1513042951127	0.689763125664184
63967	11.3093625197862	0.391867283745641
192670	10.040467432147	0.403653232614711
26523	11.3742103403468	0.56972272053928
192669	10.7011030699921	0.514761021227309
54936	10.6019167505003	0.243464606518513
1296	8.45022612111593	0.214063523034096
27095	11.4441631259161	0.203915159508345
55700	13.2827264586138	0.474914587454021
9967	13.1667432085243	0.318125355986397
79729	9.10241256948285	0.385555356561319
55194	9.81796351673602	0.76264880503829
83931	11.8742924836266	0.670937063435556
84967	10.5002777239835	0.333797619696482
127700	8.99325856906555	0.333933906699779
64960	12.2135240851229	0.285482128405876
1441	8.38850031506645	0.238801237786224
728431	8.95056581886968	0.268327032078371
80149	10.1387031924551	0.661931884361703
64769	11.0584944275212	0.278292285822799
79753	10.5577728703974	0.197789991144652
7802	8.77600937336592	0.983861420156009
29889	11.7330883731583	0.391303214228853
284654	8.22339341047964	0.124439864060189
54955	10.4732393582552	0.321214128964241
55143	11.7077544094048	0.398414127252809
284656	9.25831073571207	0.564883784601114
149175	11.5705401609717	0.829184728678615
79693	10.6907675828169	0.566039621125436
127687	11.4265559095977	0.401862743962394
4520	10.9808343894442	0.295904626176328
3633	10.1786609791559	0.313305563112211
10946	12.3831058727392	0.378951098559801
2275	9.77352446101067	0.272882575201486
51118	11.2975651303497	0.318016898262054
5453	8.43136715574287	0.336369911753196
64121	11.1172278060036	0.471974089203485
54933	9.82043725551756	0.877386048263347
79647	12.5267456119742	0.527943969748702
4725	12.6946739478421	0.570000549359107
23499	13.1383922790373	0.49640492559769
643314	10.7658800873144	0.45965865759843
105378950	8.25557178525789	0.115808914307479
353500	8.63674042531324	0.235739641069289
8761	13.0374058949901	0.354048673993095
101929516	8.3178763711498	0.073165818314613
677834	8.36060245346155	0.0770287668800553
26508	8.54071289664709	0.320103550055371
51440	8.44787341899371	0.187490082298094
10450	10.9708368293291	0.251455872140343
656	9.41682842016909	0.677769758110087
64064	8.43202618039504	0.133387643526991
105378951	8.34283010497605	0.201900122456709
54802	10.343461378841	0.329462677875442
4610	9.26884744015011	0.726823225659928
84879	9.16320397460758	0.576441252140101
10487	13.7626242767422	0.449039581027276
5538	12.7644842817403	0.498992253149178
6018	10.7578530624284	0.269853868094922
10269	12.5075521599101	0.469659261392802
1298	8.63652660310907	0.205040510256458
64744	10.6706244502691	0.448602069746351
65243	9.15160038275654	0.534754651083001
339559	9.1091370003753	0.368948870558917
64789	9.60165783493158	0.602692498938911
127396	9.11897144765364	0.141466606924423
9783	8.92011897562497	0.593502992220339
100130557	8.58630156289713	0.145348843746195
4802	10.8766561617492	0.326885969288471
9132	8.89737283565152	0.481590436978781
163732	10.8652560539357	1.17945142848232
1503	12.0184930922079	0.642791124869343
100507178	8.5474845482183	0.127049767630435
200172	8.51294374880596	0.133480296226243
22955	10.408312565157	0.304286420460462
100132074	9.20898986528022	0.626739475203648
1907	8.36691083911303	0.20407177019209
59269	9.99569400152306	0.847032453220129
2980	8.34072220954772	0.170109695741585
22887	11.7608213457779	0.461667987980325
284716	9.77664692333324	1.27723172270872
84217	8.6014736065299	0.303825383291237
79717	11.2601576206849	0.184426183491221
728621	8.55182735842879	0.118416888419557
10465	10.7867566817329	0.340417451327045
4904	15.7552526538433	0.466658527611873
64175	10.8805795076517	0.943419077225169
79078	9.69075187853762	0.211349913187086
100129924	8.38074105395724	0.103045429617549
374969	9.54386204967344	0.273334827804777
114625	9.67659552176965	0.202245909424684
51058	9.43995314182846	0.132626390948197
6513	12.6809633849469	1.19355837602258
440584	8.49108102249352	0.165011773788767
105378684	8.26985797367968	0.131384636196327
440585	8.37541846364758	0.176351948205455
10969	12.5470235028651	0.432440923049233
149465	8.74673392924934	0.376202564756716
128218	9.91027334751173	1.08720990947021
149466	9.65236901874767	0.99291944547571
4352	8.56260872909009	0.23850354747317
991	12.855005899785	0.58405171682117
64834	12.5181825347523	0.642408079435339
112950	10.8254329805368	0.293938158505687
23334	10.8697336751462	0.171604060198574
81888	8.36881412248313	0.0721798928431799
5792	13.84057709189	1.2090276401776
9682	11.7296610280413	0.452682119159192
100132774	8.67480376428344	0.193232671508322
6487	9.36140146386525	0.40431095801114
9048	8.88547304927506	0.509046552675841
9670	10.7461896188598	0.37563293137755
1802	10.8946817218906	0.513655148722783
533	12.0036041828815	0.714297767698025
8704	11.3074614686517	0.307466080326007
149473	9.52686274561192	0.234402585318438
6536	10.3891256698501	0.95364169069313
55929	10.5482518107778	0.313835674932653
79033	11.2703120790474	0.32119333580894
100874278	8.36342482244787	0.0461791799910881
55182	11.7575047689707	0.417177374199317
79639	9.61613898783969	0.452633072582415
339541	8.42325472691985	0.0896878659405399
26830	8.33649039277978	0.0818424586445776
11004	11.8001973894945	0.709420989421569
6202	15.022951637134	0.498940107729129
26811	8.76452204826792	0.150732542064536
94161	8.42876314422767	0.0787791027223876
94163	8.49900621584317	0.0678253023642714
266675	8.45085253056959	0.118346662852388
1263	9.69169595824281	0.439837867043761
343521	8.43656946947888	0.12918826744365
149478	8.60091275424156	0.193550990212886
8643	8.47096562304016	0.250581321810131
8891	10.5769670289904	0.492789236444298
79654	10.9237943401212	0.450450729402245
7389	11.227377405941	0.378973675437463
57643	9.33993599241619	0.698327123539496
400752	8.53222407991901	0.132102371978804
84842	9.31997554269836	0.706704294887044
4595	9.81688628251522	0.411201520204288
114034	10.1193423076515	0.242671765711876
10420	9.23336877887447	0.349615900918057
126661	9.18041736179095	0.28630639694132
25974	9.96067334489696	0.301299148638015
5052	14.3864434011443	0.487421419996423
10327	11.3263784413647	0.614974152739574
4678	12.6338702590391	0.555345423169882
149483	8.61124664741003	0.0933758353081359
60313	12.1634899801097	0.429442707348781
51249	10.7710424354269	0.323425413328362
3652	10.2025544690758	0.445688214604004
23139	11.6962962232772	0.422915816877198
8503	11.3342795457298	0.792034344834555
101929626	8.48685170729069	0.159990768710899
10103	11.6469803892356	1.48737490161991
55624	11.4410201092852	0.46535734107732
541468	8.30220666033668	0.181923981483332
8438	10.501796299856	0.300250744722431
10489	11.6020514555842	0.369319731623775
7388	13.2802604599776	0.493649435572918
387338	10.580909211938	0.270988687606973
2166	9.76336577560929	0.835565505443577
729041	8.37579803410373	0.171346458190787
127343	8.97987675669108	0.646521644277834
100507423	8.2926939233218	0.0817434717819776
8569	10.3999950188854	0.306240763945922
148932	9.83506861123385	0.561452687905786
64756	11.2326966673585	0.518332692089084
9813	12.7480585618935	0.497580985113209
1580	8.48804430150493	0.642590827793617
260293	8.42845657595686	0.253507361080618
100874253	8.46197809681049	0.146842276307488
10158	8.67976788341292	0.486668011009113
6491	11.1946716786862	0.407358571640406
51727	12.8359202010869	0.364296858787922
102724077	8.40019477428693	0.113520844856793
2301	8.27204315764399	0.121207959892587
84793	8.9497460874077	0.434411874506688
2306	9.20989923731114	0.599216857242656
388630	8.31726912419583	0.193444736627016
200010	8.27769241281686	0.192779578801126
54558	9.1524233249531	0.485930031180976
79656	8.22448616383624	0.119781221453959
1996	8.33040816790965	0.266994440262656
63950	8.38262384486487	0.442672051170391
11124	11.6667639101143	0.237492028351707
1031	10.8199205798848	0.700173507000381
26994	11.7099028213638	0.401874467893653
22996	9.80561717180053	0.955412891015267
102724097	8.31263810508868	0.170261144933512
2060	11.7843495302058	0.375392512747478
114883	12.3757354726636	0.537850511476678
4898	13.1185801201278	0.427400251826294
5865	10.0294340372613	2.03042494924303
51060	12.1900623014074	0.329553541645608
91408	11.9203056891939	0.447503809605313
9372	10.3418038045507	0.353178477767649
200014	11.3753149796122	0.312035622651649
4998	10.7112621579193	0.348906719002245
84950	11.4991151120158	0.371729125292272
23318	11.1926900017978	0.417444777553061
105378722	8.5041079485281	0.118550926592461
2882	8.58058611259074	0.627884434779761
65260	10.8941698948099	0.330140867692105
79699	10.9182930219148	0.363442706758655
440590	8.4586767439921	0.311968691483873
55268	10.0951605669564	0.535552948681111
6342	12.3981848139234	0.436869556816359
127435	8.39873413516568	0.321668477758561
6512	8.40634494784808	0.299258150247549
1376	11.0457402976578	0.377724092904691
54987	10.411459503441	0.183713883946949
4116	11.3150702522466	0.260366486273007
100507564	8.51801716846755	0.0979285126144379
7804	10.977362632065	0.769076202813009
148979	8.27423372097277	0.176798809172383
105369175	8.2085745839035	0.0978815792623017
55706	11.9690262154055	0.568827442144607
54432	10.226817371154	0.229588113692268
51668	10.8730412318007	0.447893384094726
115353	11.7404965081894	0.387391285799702
388633	8.47416260830842	0.315817935781079
9528	13.0414528381503	0.475013182415194
127428	10.2147359358285	0.202512115517206
606495	9.58904549373066	0.340434052572562
51253	12.820647874148	0.443313819459693
23648	10.5686229987119	0.481458222570611
619518	8.35489936713508	0.106079410977457
26027	9.38305969724738	0.523641395594717
338094	8.44254816683523	0.12502152496038
7268	8.6182265131969	0.101945020917307
25973	9.76074586967448	0.22089287911058
55001	9.82491822332753	1.16904718414
163747	8.36414494318031	0.176278536822885
1718	14.234204515312	0.56221040157396
199964	8.89011701219054	1.16957877736604
7809	8.62248292395718	1.14487412845036
255738	10.8240370718	1.90137332842071
23358	12.5890515042709	0.25228329399581
100507634	8.73696800711857	0.166365198628697
8613	10.2497784545161	0.674200190900184
5563	10.0156864275774	1.2386334149496
1600	8.30100993901462	0.220627429044056
115209	10.1114566526295	0.326418306246594
4070	11.8256622881617	3.25776441398204
114803	10.8061710499327	0.246184008163544
3725	13.3127526640325	1.02919488003572
100131060	8.3886539369408	0.16060561534018
55277	9.50657284926904	0.294144330307375
51361	10.9290347746095	1.47909580233657
1573	8.8707131016559	0.544933548001245
4774	10.0126791155435	0.38704132151241
83941	10.3599337058152	0.316624234088678
10207	11.592969631702	0.518859335926172
163782	8.89747416034537	0.99114075905606
7398	12.163428783755	0.319700773740975
85440	11.5235484897948	0.43022188585184
84938	9.91586428404315	0.203646771327553
199899	8.28501906393525	0.0936418704435965
100996301	8.76323300232537	0.382498964626271
27022	8.38988157335114	0.214037538005917
29929	10.2659687848035	0.234105468003375
23421	10.1705718642705	0.588834682896804
84455	9.53169990166892	0.21303649397656
5236	11.9607519450726	0.626770730133335
4919	10.6877716244408	0.978350627807473
101927034	8.35279568000005	0.28879371673935
148581	8.25636686335113	0.199076090334667
57685	9.42592849967648	1.00856810831469
55225	10.2566435920082	0.706823547144921
3716	12.3413610501359	0.497212075948289
205	10.7879697160195	1.21628570422286
9829	9.61860217197856	1.16849421904591
54741	11.5713253154323	0.47389716407968
3953	9.32377486986899	0.282302428830061
5142	8.42704818449299	0.25116530543085
84251	8.48147031793736	0.551701457398894
79819	8.83259972799185	0.285663014660392
57708	11.2569885233191	0.245328675181902
23169	10.8683116776143	0.747114535930369
400757	8.23598523457303	0.145153518633485
149233	8.24515213116982	0.151246124595642
3595	8.63865166965893	0.893579424192558
26135	14.439363465709	0.417977631751264
1647	11.4705682733593	0.862750583508866
55970	12.2115823848979	0.564879575142282
100289178	8.41932823323815	0.104961189415106
9077	8.90941296353046	1.58050201264845
79971	11.0269277496128	1.19879382138486
6121	8.83736755712431	0.740094816919097
55635	11.6746687656813	0.477904047007677
101927220	8.45390626952406	0.084585206925355
57554	8.49070179148886	0.0755850673665168
55631	10.7827062840715	0.327087572599705
9295	12.4538452105389	0.263199425713308
81573	10.780205650107	0.20533435083438
11147	9.37920106185804	0.308935999171124
1491	9.65216632436465	0.848120070860465
100132618	8.4354145478303	0.0700635044974227
9406	11.6874033488637	0.114823027562132
100852410	8.33863875221524	0.099627712567277
257194	8.74361903903912	0.86419853966241
127255	8.62531447799845	0.162758752814078
8790	9.82843305695442	0.24670441831817
127254	8.2828427103036	0.186436684872406
1429	10.9208243352014	0.454779756106778
127253	10.6048845353418	0.260927161569753
204962	9.25702919989399	0.683119491323597
34	11.4294930689375	0.75222317618958
1744	8.536202087837	0.0919348147145479
5876	11.3515019121451	0.431785777184965
692085	8.51923858352447	0.104442203423646
26805	8.44107438114466	0.0750201775568639
26804	8.35770984055001	0.0613224340456168
256435	8.47905906749814	0.360639946492623
81849	8.30500808787142	0.135016326928741
10026	11.1498747688928	0.36985219989529
26289	8.92336007706488	0.934836825850855
26009	11.2558694203314	0.246153954676524
23032	11.5921348730133	0.346328040968439
374986	11.1247966932259	0.343297196425137
374987	8.35349069074111	0.119942608279022
91624	9.38963948919196	0.523145201295436
8880	12.3803580256565	0.342352148490998
11080	10.3690739581375	0.289419494793862
54810	9.2929468416921	0.869459738603192
5737	8.28323706426172	0.21100283732828
10964	9.63787025579729	1.50913440462004
10561	10.3522489497194	1.84615225397069
64123	8.22521485443979	0.118978161990082
23266	10.1741407049336	1.10418445288197
101927587	8.30395768280634	0.15973657050085
79739	9.59518746080252	0.930715675799513
5567	11.0233236673031	1.00836542698544
148418	8.71526138308005	0.333236502314598
80135	11.3713370584874	0.544062525470282
2787	12.1579518645529	0.566685279567343
100505741	8.4454136596159	0.0815186016832861
1486	10.4187029028498	0.618145646564248
103695366	8.31622021898756	0.143536089138095
117178	11.0803184317867	0.809056272773197
23566	9.16969319533477	1.21091251869174
255231	9.08393809114116	0.669306790972926
55283	9.15343709825185	0.508867986096307
126820	8.3932390606059	0.134273365132373
84144	9.65788148884832	0.405553951009365
148423	10.7295524064182	0.371578361886
8915	10.9431839881344	0.475241659847325
646626	8.4058976217385	0.0809917213415181
23576	12.3079527945382	0.873797790570584
3491	12.723706130072	1.67469803071705
54680	11.4700731562715	0.65193822430473
255631	8.34568561420763	0.104452574662783
57489	10.3856126775432	0.630367782749906
9635	8.28636896392439	0.261065861875101
22802	8.31313412158818	0.255127663502505
9629	8.30373584213	0.166675720687235
105378828	8.65829824862782	0.151593401685002
51100	12.1323175272488	0.553573556453466
9403	13.0972645730604	0.48319856951306
9653	12.3329824117	0.544945371632008
339524	8.41762057386382	0.0840692113278873
8543	11.3578040446342	1.38274355339937
101927891	8.42447208177599	0.177907344481385
5586	12.7473920661376	0.512272767371926
2959	10.5599818244145	0.318069313966224
56267	10.6853655598968	0.357455222090761
494115	10.6161055798181	0.488000140400406
2635	10.3541766690087	1.5332297392327
2633	9.49979692201219	1.33950243268873
2634	9.7314365837056	1.09336290916727
388646	8.34733725367555	0.128127684681137
115361	9.71612833300337	1.24656633099001
115362	8.33215593502535	0.142041611163671
163351	8.42166921260454	0.399391464600696
23507	10.9677926891246	0.577344108402299
84230	10.0138083060528	0.562147126047468
400761	8.4459967448125	0.148585313349214
55144	11.2921276818671	0.304357301519615
492303	9.41155725878306	0.160139525224995
284695	11.3569329954044	0.263373126435768
84146	11.4394458074332	0.481804801165688
8317	10.5790620376134	0.448912582306995
7049	10.7997519874006	1.0231900561765
253152	9.2814538233468	0.654130240716471
646817	8.56743762900679	0.0760962469268686
284697	8.68538283145671	0.244168287117194
23285	9.1778302343015	0.448691822040309
11146	10.0732072082543	0.27138182371269
79871	10.2087243401653	0.285328819058856
2672	9.12808092727593	0.790357891439733
7813	10.6156727387522	0.271104315523272
6125	14.8528579775361	0.580725196623258
388650	9.62197706415443	0.437887515552913
6083	8.34266682517602	0.114353638195933
26782	8.40486597168204	0.115122039708611
22823	11.075457307874	0.331320525880988
50999	12.8588498088677	0.554924763217389
343099	10.1977237529188	0.509062348449115
100131564	9.00743003404052	0.405038415832019
1810	11.8974389219857	0.378890030645811
54874	11.571114385093	0.565980873138905
8412	11.6488770743314	0.896721992989729
100129046	8.56360386006364	0.477646424891675
100189133	8.45307970585792	0.177279197491586
30836	12.0674174546811	0.618089275393123
2730	12.0507342071551	0.778032882121773
24	8.54611085474222	0.235252284571882
9411	11.9786561637586	1.44352507251166
5825	11.7227138002386	0.229601348170894
2152	12.6512276101089	2.65388214581047
101928079	8.9032085918559	0.35349810207312
126969	10.2823247460167	1.10973866791789
1266	11.7180491153495	1.58714200455441
105378862	8.39986800725076	0.118674544898469
729970	8.79853551334752	0.434324156160487
199857	9.74236625947451	0.25649268853871
148534	10.1547456571854	1.03107018285481
100527978	8.52629549939915	0.144091768276925
25950	9.30500495486083	0.244246118605978
58155	9.92358801319784	0.45526701084155
1806	10.6686229151316	1.22170415220547
400765	8.3641162857438	0.33565696097284
100616452	8.33744176649981	0.283853441676303
729987	8.39381967655144	0.389382389967648
51375	10.7801186583792	0.617405916093859
54873	8.42337927484564	0.351013375450226
391059	9.62742191274232	0.627227098919619
178	11.3227868388366	0.302593406467631
23443	10.9899742208386	0.396298729028699
64645	11.5251020148251	0.695197973129068
163786	10.4882754308254	0.325793536073053
54482	9.86364042782077	0.211517742479194
127495	8.39835739248409	0.0608082167131759
1629	11.2979734111267	0.344204872866828
100506007	8.61896009991035	0.213800610401435
8634	11.3037442071801	0.461811531121542
8556	9.42491763582687	0.21754100361595
2135	10.3193265381155	0.410523653011506
148867	10.9793423260268	0.389083488629709
51611	10.198033900697	0.507629869531358
102606465	9.03168761840826	0.291241570936666
101928370	8.24122815355245	0.132065148965044
1901	8.34842368166147	0.217985236860387
1301	8.84455850605899	1.31283999700671
55599	9.5748167488825	0.257850005523834
280	8.513844594054	0.145902050765763
55170	11.0576799926646	0.457357457330168
22854	8.41480883689277	0.521732720516406
10451	8.58938021624523	0.644400172665487
29957	12.0442129186895	0.877878934080825
148545	8.24624752179183	0.13586716408871
284611	10.2318381225436	0.968310146015969
113802	10.6024918480487	0.264905919081141
55119	12.0771871380248	0.358554629258994
6814	11.0876712728801	0.335693733061259
254268	8.51833509171359	0.271098860217117
29899	11.4349376217657	0.476364516265496
23155	10.7860858358049	0.440504734655133
22911	10.0928302336698	0.407954912330666
6884	10.4907604085381	0.205088288488334
56900	10.7754598959784	0.322231321306132
677766	8.75516974019167	0.238974193790639
57535	8.90079909655181	1.28190934744915
6301	12.740695102219	0.565775749088303
1952	10.1113362368855	0.924728915256069
84722	10.5280444189921	0.514961765284448
6272	12.0825396349755	0.662553819288327
5686	12.4932883486935	0.351402246678424
284612	8.50725672097751	0.372244685771117
127002	9.36768173890224	0.267575659287428
284613	10.1687551864145	0.283115333412641
57463	8.87677630818762	0.400290529136586
83873	8.3369504574404	0.103882029373615
2773	12.2466782170002	0.361679980787299
2780	8.59474878748661	0.164329122145514
271	10.8095267771029	0.525379841685426
2948	9.46395705916744	0.641840204011654
2946	8.44813912803209	0.467688606279386
2944	8.49527159959753	0.771463128015924
2947	9.982608924314	1.3411023606765
79574	8.96260565759657	1.09716557159371
1435	10.5188016072426	1.50386574119911
10768	13.05828360278	0.537987927332708
85369	10.824322723837	0.343881294404925
257	9.05236843761632	0.194692467674215
104355139	8.26177940151115	0.17415062141236
164153	8.28316463718164	0.190439154484171
388662	9.07833917399034	1.27425466697228
100873974	8.3037623238293	0.133049399726415
3749	9.41817693391502	0.582865807537188
440600	8.64765444825341	0.123300731547621
64783	10.5342040195705	0.186133986640343
9122	8.58526865478584	0.281632493047111
10542	11.788199451206	0.337551815692352
101410535	8.46536876716411	0.132685181925199
3744	8.23785376801998	0.15489071309343
3737	8.50189005059548	0.785742847933389
55791	11.0703690770521	0.481904256877485
128338	10.8929860894213	0.469606186668186
10390	10.9380762286007	0.280774519027552
79961	10.3395958448913	1.06861126424101
1117	8.32395167170332	0.193751983723155
128344	8.55404854909606	0.315817724257419
5016	8.58272116306911	0.199895417449647
79084	11.6421448977413	0.480664004812344
515	12.8671213336903	0.508756019705447
128346	8.4164368988427	0.103443468751959
5906	11.5401049271803	0.628115217882076
55924	9.41999365329934	0.663736293312341
100506343	8.29100353691103	0.138932963904133
11218	10.5105384328593	0.349716513185519
3752	8.53925394977941	0.764303075081546
643355	8.329306139919	0.358201397075417
55917	11.0039096075099	0.439811565359348
7482	8.61484434883611	0.166709386940849
54879	10.0026162435673	0.207594191366166
829	13.0879785596925	0.509227360003451
4343	11.8760951430515	0.541508392027819
389	13.0033543216022	0.489260597306873
333926	8.73346083992694	0.203407626649898
284467	8.31134630170226	0.151958588536884
100996702	8.90780908844538	0.494806861513777
6566	12.3839875669393	0.795576614077145
100506392	8.7587822483535	0.146907174725277
9860	9.74672556954276	0.307067990478508
260425	10.2183650274428	0.304016371034018
10745	10.5677999076251	0.365495355535466
54665	10.4281509383476	0.273426036908567
100287722	8.34466425531745	0.0989716199287678
440603	8.59481622980469	0.585954364199197
10717	9.79082046699795	0.40486844261537
64858	10.1001141780146	0.283709710545624
101928846	8.35397151176729	0.118999511710413
204851	11.8844302570425	0.404838126119638
56944	8.5852519698052	0.488074974010247
51592	11.8450220787541	0.448118622883528
10286	11.2302929356701	0.383686032932399
163259	9.06279804901237	0.408266646950666
4893	12.2102519418972	0.316975802479442
7812	14.5910814400998	0.495648090656556
80143	11.1441544563373	0.354181038580911
10100	9.03823786964217	0.856139402577216
4803	8.52540620263179	0.591206812932787
81839	11.3390425188683	1.28286518839588
4808	8.30602395559583	0.264507866610157
55356	8.83679929068537	0.512776337213806
476	14.0513551377131	0.597008005791389
84852	8.77849656285174	0.172432087304342
965	9.82106039107229	0.325290282483564
3321	10.4504206973991	0.996440650315033
5738	11.315018819276	0.931630482726631
9398	8.4127960744554	0.111148949278827
101929099	8.52439185940487	0.203099169782237
8458	11.0512809366854	0.243933183247806
80263	9.1544985992439	0.149376582848171
79679	8.70588721224224	0.640518417071608
10905	11.7367646690893	0.401391713252116
54855	8.98791623000462	0.506678832728847
54834	10.3154687859617	0.246418764505511
10885	11.386149463525	0.421240767975957
200162	8.38997821422432	0.242337564990152
6913	8.60942924849029	0.623798661531086
10352	9.75659410679258	0.279521224536622
101929147	9.39949778720083	0.247118650447268
3283	8.37644725876243	0.157329401622295
90874	9.82914200824903	0.618738304343179
26227	11.1393117144005	1.8055583573678
3158	8.28031562962088	0.149647352464504
83998	8.49186523830966	0.581539060275308
4853	12.3893521128944	1.40098343907801
9554	11.9974069315523	0.372926018653487
105378954	8.6609978375142	0.264462198728109
728841	9.91791324327795	0.370357382637831
767846	8.41042022377406	0.11306309541685
100996724	9.08577025827086	0.394028374975918
101929796	8.79185550842442	0.396969733210408
101060684	9.38664318659598	0.471263120413528
101954277	8.2621735758142	0.130420900935961
728855	9.628622329775	0.819146922290758
337875	8.44866251973857	0.392447827130886
653820	10.0961122876845	0.351027018613106
653464	10.2227541900564	0.479435403737499
647121	8.79898756454356	0.377867214159548
554282	9.0374864910204	0.310461595911015
100996712	9.69962559553703	0.386300680969005
101954267	8.47504651475669	0.111822744351325
284565	10.0059658171031	0.442161734988557
645166	8.35542654480016	0.168068526977619
647135	9.77005004633322	0.28777660268127
728833	9.2946129772646	0.281289444082368
102724235	8.5266664698904	0.161536269909026
103091866	9.09817362143057	0.364360152429122
101954266	8.43218098618527	0.0762149551112827
100288142	9.28516800143777	0.0972798821182001
101929780	8.64913396156439	0.120908759548259
653519	9.9186720244701	0.23572045788742
5174	8.68636148582938	0.367071575157054
11126	8.39308212352764	0.067953045948341
27246	10.5721989835969	0.428425860250895
10623	10.7791054144677	0.401376670362851
200035	8.8465401519626	0.302954189106992
10401	10.9756089330781	0.400268549045787
148741	8.45514848702035	0.184826152213172
8515	8.57411818901803	0.242176202562057
8799	10.4535493983632	0.374247785025311
114814	8.66550545462247	0.206326927011505
9939	12.6505880718214	0.26850860438558
128077	10.1508651859306	1.1000160040207
84265	10.2264295476582	0.584192678718675
284615	8.8052222044256	0.359759378480809
10628	12.6685312680335	1.1618077796687
101928979	8.50251042225618	0.106855604581533
100132406	8.88657042780824	0.273966301371246
388677	9.53102658453587	0.700166015384559
102724558	8.24611029708709	0.105422928956459
105373468	8.39969248544706	0.0944571056272214
149013	9.53940125439914	0.215485457783178
5565	10.5306765495127	0.520629440006968
171423	10.6760025568853	0.365487868360414
2330	8.67790065490962	0.273635568475639
9557	11.3148981626368	0.393029960939555
100289211	8.29383188702358	0.0937680299800108
607	10.7956469003696	0.563048690138271
51205	10.4388419912565	0.611972847961001
2702	8.85038965764713	1.42139514582418
51463	9.42178992384698	0.348432494583932
100034743	8.36981155779381	0.0899667627238174
26864	8.28072430926836	0.0950970411213348
200030	9.46167142437733	0.180408270175443
100847044	8.24204127847976	0.0848959078278158
101954273	8.30591903886808	0.133512298213345
100132057	8.51559225598325	0.109526631861179
388685	9.26338996806691	0.47243585788703
25832	9.65957866858196	0.521858298093337
100996763	9.13846951274466	0.522508626784697
440672	8.46334973874797	0.135514489964067
9659	10.8239600122786	0.513086257613315
400818	9.80696241092364	0.354513549921021
653513	8.43549572306765	0.178336055664224
101060226	9.38852173715286	0.405697973462998
57234	9.24504164751237	0.665340402523168
440689	8.73351387918625	0.203934854701313
2209	8.42930644509318	0.201550507279804
101927767	8.45335432276639	0.242705736472088
653604	8.41671990374196	0.15299045454282
105371405	8.3648457189291	0.0730160437985119
8337	8.34158044727226	0.0891671025269896
337873	8.68796193651131	0.151969498706186
723790	8.34578280345289	0.118282072512332
554313	8.36126032426307	0.18694066704748
8349	9.92634313358561	0.545098863055728
8338	8.96175786955061	0.37481466466183
317772	8.41609331867509	0.102700630681224
51027	9.53960448290859	0.548485284299085
9900	8.70698381909466	0.64635223158728
10262	11.898218384962	0.253745437467915
10903	9.76407172409752	0.384410129642986
56957	11.6455212625513	0.206359670880963
11311	10.6962123369394	0.281333516296523
51177	9.30797050039843	0.68556695081687
81611	12.8645050103801	0.31175053191935
23632	8.64577256064112	0.16060866481915
51107	13.0042956144314	0.354056565899861
79630	8.45369509486881	0.102389909698208
148523	9.19459725694759	0.478378333550905
54460	11.7042954500037	0.386616210736549
9129	11.3533652753784	0.306069678526637
23248	11.7203738222819	0.421798112586565
80222	10.8078441943424	0.560712586806583
1893	9.76326242278822	1.12768506359354
100874054	8.36910021088351	0.0994224508717527
54507	10.4250790446005	1.43919505196707
105371437	8.42795179794302	0.184642287259785
574406	8.41768487735779	0.0704141146116304
4170	13.8146778094172	0.553865064438022
2029	13.3614823148509	0.389227421990862
55204	11.2091191403291	0.536319528450108
84072	8.26011204276139	0.164448787934205
1520	9.66224136555393	1.47473874346424
1513	8.77874652838573	0.144399492386222
405	11.1088471840031	0.29026786230489
9869	10.8882217339887	0.182004044413792
29956	13.2345921341154	0.382008010947614
8416	10.1919190197591	0.958882775541448
55793	10.1341656571064	0.402112440364106
58497	10.5892107971762	0.208457163688685
149428	8.53396254745957	0.104365644369464
54964	9.45592639104999	0.419592047381918
56882	11.9720152682237	0.406266729369155
10962	10.2624710683633	1.58402449794618
126626	9.44677711555536	0.160868632333074
10500	8.8975072458056	0.478972123593039
388695	9.90371597511438	0.464283841821805
79005	8.50391574504251	0.06107914550871
29765	8.43737618709647	0.0751592567261055
6944	11.2807709759638	0.220398766604924
8394	12.4444287302459	0.36915013803182
5710	13.0567068933352	0.295059108219554
57592	11.3092233112221	0.247384194473078
5298	11.77030423542	0.230250266908382
5993	11.6109385161601	0.274869703544029
8991	8.80353650958208	0.631537453203865
5692	13.2817047046519	0.286121956618082
23126	11.6304406354512	0.329073814804187
57530	12.2118456331389	1.3615813436272
7286	11.3212923717167	0.559518240802275
81609	11.2428832417532	0.454069287915147
11189	8.91796624167621	1.57875553126241
284485	8.31260117995243	0.230059850762845
65005	11.1813607947383	0.30101626805928
51686	8.80852933078318	0.183229460845189
11022	10.1385904534532	0.373979714460105
6097	8.46362161467962	0.391446199493729
100191040	8.57411132177721	0.134070715550061
100132111	8.41151958585784	0.117724893922366
284486	8.41110145626057	0.131171215403406
117145	10.4637318677718	0.49319968878066
6281	14.2487418858435	0.921817671496606
441908	8.262361937504	0.117941464282442
6282	14.2825534110358	1.38913063572372
7062	8.52228559573627	0.440376139425412
126638	8.25901392531845	0.111014411312774
388697	8.42525833626995	0.307829748967547
2312	8.90633063310538	1.27507083969382
339400	8.41040569021898	0.353486897040319
49860	8.25691847510904	0.194395477086946
54544	8.60458694530604	0.728030492898486
353145	8.25889794965934	0.153471501377271
3713	8.99205523296072	0.995342139317129
6698	8.71806964056498	0.500225678256708
6707	9.2133968595118	1.39024953824056
6699	9.31376292525705	1.47199258189475
6703	8.43948745578177	0.292000258616848
6700	8.31884099563914	0.177004164038806
574414	8.29931534418962	0.166937401599062
114771	8.24109429275311	0.10314884263927
57115	8.28623008447072	0.226680890392363
6280	9.93031476866294	2.27014470942376
6283	8.28168516631707	0.18552707749833
6279	8.57267001106914	0.714794578854425
6278	8.25347638348485	0.108757592997006
6277	15.8170252276268	0.695047491702236
6276	9.03086185905984	0.331005825097416
6275	13.8408006554484	1.86880856099974
101928034	8.77315213265495	0.288001680072263
6274	8.92525992686567	0.528210955279812
6273	11.1443538776562	2.17952681129584
140576	13.0641116376213	1.40290808200462
57402	11.3218726325077	2.01165978760537
6284	11.5449827746152	0.498899288334143
6271	8.63486719326677	0.211527116526799
26097	11.9181955799209	0.210315701449119
23557	10.9507427729853	0.340530477084444
3608	13.3943733824684	0.398837447976474
4881	8.6166188418328	0.414700943410407
65123	9.1684611042505	0.491766945803332
11000	8.32838781442242	0.123050455209218
57459	9.1764417122732	0.182797076054094
9909	11.2607450366031	0.447542632787482
200186	11.1601550872109	0.203276907739635
27173	13.0854203578476	0.575555032259792
148327	9.7601802610043	0.433652201530149
10899	12.4453114282376	0.49673124757318
5872	12.0547484390689	0.566486812010318
6232	15.3786746104992	0.327393585609363
91181	8.31905134148198	0.0827217074445681
7170	14.4085445765966	0.351622833914668
25912	13.3160642459389	0.505485300870824
9898	13.0831723817863	0.251954493700495
10456	12.111826247294	0.473160966262393
89872	8.23015373407067	0.127945046026273
57198	9.62632589069367	1.24405521769827
3570	9.91207231110687	1.08229894519388
55585	12.132576897386	0.485471345932508
1141	9.05205478092528	1.46685505429246
103	14.0506664073799	0.391437329518309
3782	8.2975206338857	0.141821229544863
10654	11.1103216007821	0.380906650775576
57326	11.2949613179867	0.693773697114489
90780	11.4911287399916	0.175271593836699
101928120	8.68669354066305	0.152164355852527
6464	13.0256473955964	0.813375099054815
1163	12.5247540359832	0.455693286745294
100423020	8.4629377502829	0.0659605188040969
80308	11.0932372899907	0.429383519292989
51043	11.6460714259346	0.569152629935474
127579	8.42311933521034	0.120898598416416
149095	8.32904709391858	0.0838591898070034
100505666	8.62591158392911	0.068538932641183
8751	11.7004936594874	0.637158631940647
1945	9.39492257380058	0.394108185737296
1944	9.29029257604933	0.54821444774265
1942	10.0397663482194	0.565626845298772
55974	11.8579113906836	0.475499901371158
54344	11.198979763726	0.549171451082297
200185	11.7697622166552	0.358989511077204
80128	8.9691792948411	0.735331486679334
4582	11.7513194431429	1.91504544169607
693235	8.33659825551002	0.110541471012248
7059	10.0502169641714	0.690537604454547
4580	10.287112893338	0.232519900155535
2630	8.62544879401576	0.122538259627543
2629	8.7906221832898	0.384402878202315
2224	12.512839627217	0.436991914471444
284618	8.47314340175817	0.0913855225771498
23623	11.3218554385876	0.314152069674552
55870	11.8906655485595	0.519584236452695
645676	9.15689644400027	0.215020764571346
55154	10.2114864927444	0.421463112096647
55249	11.8301699277445	0.250992731740741
7818	11.8574581833079	0.468682286251426
100129405	9.01206172677531	0.210621119451502
54856	11.2773594561834	0.242449383354087
23208	9.41534682430405	1.29851676774384
6016	10.4984186798002	0.345970759894229
22889	10.8434057389689	0.413779912565499
339403	8.50889059383238	0.433132004859242
9181	11.8680696647752	0.537843852762475
105371729	8.33956322966141	0.0667967297843173
6746	12.9259272389629	0.534742832454893
56893	12.0562451688913	0.432480563222803
28956	10.9564651334897	0.400792506947074
57111	11.1836959167597	1.72413370797117
92312	9.82420031985895	0.864937897644198
4000	14.4952578682961	0.338418347159973
64218	8.68657218633016	0.526900768230578
9673	11.2695099760406	0.322159688860926
11243	10.0125728677151	0.24265490809972
79957	9.07023379880789	0.375811342946536
23381	12.604340535095	0.437378679851367
84283	9.82145298249974	0.278194889044694
112770	10.69996556224	0.552485678257361
7203	14.2265530615615	0.554582797744353
128229	8.70870799150244	0.190764440312317
57127	8.33524212633065	0.116856410811644
10485	8.53610243636777	0.450069537491041
4209	11.6235538113788	0.660459357448237
128239	11.3962147518382	0.501337593403317
128240	12.5938187071014	0.784733320881959
54865	11.7038068804037	0.610693743677826
63827	9.85578447276234	1.24631361870754
10763	9.90371676685169	1.57838124845943
1382	10.9722893401949	2.00292716475309
81875	11.5309843336367	0.390637138783577
51093	10.5744152103926	0.263954549768461
79590	11.6913825113264	0.432886763993114
3068	15.0202638490371	0.509606846555219
5546	11.7281100582292	0.439115239275539
9047	8.94079066622748	0.579669308597893
4914	8.26897775734449	0.0924412292798286
375033	9.21237410731311	0.565639738145348
149499	8.35476795417048	0.140221304016806
9826	11.4283087852705	0.318066605905661
2117	11.21419804998	0.32497765035488
55243	10.9896587486114	1.84497593503781
3428	10.2403098479631	1.90857576732565
54935	9.98162495484933	0.732374495341676
284677	8.36666486696968	0.0854345854385152
391123	8.2936823276126	0.113194121849438
25790	8.88016627625324	0.455875744386329
8407	13.6756271748792	1.18750458974512
57549	9.26975349720139	0.837730611944003
100505633	8.79478589375763	0.779150221649875
93183	10.5872154344563	0.38387083027914
3765	8.26777040902383	0.11398385186951
93185	10.8679389849927	0.830137836702604
477	8.30131966265446	0.15794677259608
729867	8.44935780358755	0.107831337662211
8682	12.509857512897	0.952216206611768
50717	12.1544942911813	0.37876047443427
5824	11.7007127461268	0.309620624797834
4807	8.43767347751177	0.102952867860632
1314	13.4382749973696	0.321695031453814
474338	8.43782208367927	0.0681005662135817
23385	12.3096275883935	0.322918426216138
57216	9.06082876266027	0.905705016209636
114836	8.22134967016103	0.0964558721208462
57823	8.66514963059026	0.638187536625331
4063	8.40544135618341	0.350737619404628
51744	8.24720657070355	0.128610145378766
55600	8.44072804948621	0.514508043206056
142683	8.33229687576698	0.289464325154093
50848	13.372302577579	1.04067206011023
100131187	10.0893506608433	0.783586613399301
7391	11.2860037770651	0.227697967163876
257106	8.74220311028187	0.217175839654877
81607	9.77102573357758	1.28903762544445
126823	8.9089114483134	0.242391197612367
5202	12.0074360541795	0.60638557194011
4817	10.5851319355334	0.23119518466378
9191	10.7608062272707	0.32634287141006
51506	11.9178087117522	0.563449466445397
27005	10.8377602249948	0.185181999484004
5498	9.58973666290066	0.271495933195672
8703	11.38483878541	0.494885864912535
9507	8.40968764960783	0.376780134531631
4720	12.3275536161104	0.371186175675986
2207	8.34441593477621	0.0857619555760015
336	8.29724992439487	0.298478528644097
84134	10.0316072724104	0.385998150240437
9970	8.52988909963966	0.175340100618356
654790	8.28235110455417	0.176082747181619
4359	8.55597474016544	0.422072104160388
6391	12.2509692342848	0.314791464540805
257177	9.61168092241232	0.252782593113169
2212	8.28433259610733	0.108612920116752
3310	8.96793679861151	0.556393505230681
3311	8.29722527960949	0.116400292075689
127943	8.66510900089901	0.250293301518654
11266	10.3503742408789	0.52825403950595
22926	11.6896795837367	0.445161130623123
25903	8.47503968112449	0.288701842286666
9722	9.34920362510644	0.446162123159546
400793	9.9351558866113	0.670172663360662
117157	8.42336913329862	0.269708674711629
127933	12.989484786311	0.525271305766729
6675	11.7330809353376	0.636580971939129
4921	9.14155204526967	1.24471443603492
51478	10.251557397196	0.325005712297262
339512	8.71020471489831	0.964494250990157
5999	9.35874550576	1.93583280938549
8490	9.58116585021443	1.72065417027091
101928404	8.21622357012855	0.108761439380716
83540	10.9995965934502	0.557776743856809
5087	10.8454313946547	1.51649690597215
4259	11.3776940034152	0.492731409403296
223	11.325482021657	0.452447836173553
54499	12.470283268477	0.196303073795347
100147773	8.55411587178851	0.117146073679118
7371	12.0452354157989	0.374179623872885
149297	8.38308733747404	0.169816945290305
57645	11.656931329029	0.352021065456744
117143	9.97166204763142	0.167073933890235
387597	8.3438300669734	0.236142819261219
5451	10.9899424595837	0.353814337760358
919	8.35568957616857	0.193745247244466
8804	11.4422733584359	0.670218957797646
92241	8.37730851270775	0.241199646314939
9019	12.2327378650063	0.295152303692547
55811	8.34882923989488	0.0699543052177073
25874	11.6249054204935	0.312957925025801
55827	11.8077807064956	0.397229424721085
23432	9.49389848125688	0.61624094558346
261726	11.5667253253061	0.293234536014376
375035	9.66127531895644	0.170255553724339
84832	9.72615235825856	0.165064304461641
9095	8.709416684947	0.190455520014412
6375	8.23254005558475	0.119945190663086
101928596	9.64843431605365	0.519896537227719
481	11.8598746727354	0.850970899865124
29922	10.1642356268658	0.328660320156412
8548	10.6130681623576	0.385341160062218
57821	8.55652005354578	0.205627218578871
10560	10.4484045350429	0.586026182020246
2153	9.38177456555436	1.88013531444559
6403	8.33858598683791	0.368137400381073
6402	8.74819642153987	0.489618313327134
92342	9.58166510026207	0.203188481661378
55732	10.4276151332552	0.279737266669311
57147	9.82554566573224	0.251519080824494
22920	10.3932695809661	0.525458363591551
149281	8.34648361547311	0.322063117678923
92344	9.58401510576115	0.163607210520187
2328	8.31070413494114	0.380217974581213
2327	8.29295977126013	0.232427881796167
2329	8.62711916858196	0.297204215291864
23215	13.5546427405421	0.36100270415334
8674	9.94810095830864	0.302287264119746
51603	11.3528587812807	0.237725741218255
26052	8.74958392477592	0.343098298368713
102724541	8.35672947499674	0.108361355539897
92346	8.38096962685534	0.29849995239968
5279	10.5522181733116	0.376442766054619
51430	12.3023646033735	0.760252792787916
356	8.35709990773992	0.474501566572771
8995	8.54994633798744	0.303079016840378
7292	8.52772203855046	0.149108631735881
100506023	8.67620731593694	0.105957196883301
101928673	8.56921299119841	0.118819063393715
9588	13.1705472485772	0.448135798655271
284525	8.23228491237177	0.117232789302695
27252	10.2892771828249	0.170096167352253
91687	10.3275672674171	0.207708900248314
55157	11.4678154729098	0.311545224455223
100506046	8.44602011190207	0.103234485240403
60674	12.2403616428076	0.680663733462343
26802	8.45572489112818	0.0948169482561111
26774	8.81388212366376	0.19138775389816
26770	8.40374419162944	0.0862458829724963
692198	8.48859240266183	0.0953422680794749
26806	8.55990243165604	0.117244710557809
692197	8.32785433521678	0.0920262968988784
692196	8.65755660578651	0.154693667591781
619498	8.88029854592748	0.343447288084876
84614	9.05903676092133	0.14955865227976
149041	10.6429465766146	0.177415842655857
102724601	8.3811036659193	0.130884671648298
9910	11.2007767501123	0.788929355358518
27101	12.7306712248333	0.41232071469836
63931	10.707436496579	0.303303757201486
9674	9.85639756800861	1.10143134121764
7143	8.55665178812701	0.934194458666832
64326	11.2354010848171	0.377033403990685
60676	8.59832256274917	0.626268209613267
57795	8.32648965925546	0.31217792552644
89866	8.87985387112407	0.533730459729734
730102	9.27986568885256	0.521552209255226
100302401	8.81993312004453	0.232420164237715
9462	11.1707746736532	0.544203847173698
105373472	8.389750369219	0.150834215817945
400798	8.64964620291988	0.25505395620915
55103	11.0661254315211	1.48013612765414
9917	12.1631062275367	0.47065865883718
64222	11.4855718087397	0.452568132087666
27	11.4325983641545	0.582252025469274
6646	11.9265252853058	0.349717740035216
126859	8.3563883949584	0.0745231526424435
163589	8.55648542833094	0.513689952858499
148753	8.47720962503647	0.727526752548552
163590	11.6895546598797	0.224477633864454
26092	11.9857394804736	0.304053674595947
9857	11.8350887694209	0.277608878962107
5768	13.3819075347021	0.905152870807872
200058	11.2839207188145	1.32186268179606
89884	8.52982044090806	0.122117781149007
100527964	8.64667977036339	0.102852064118481
84320	11.0300442382506	0.339533454020923
9213	11.4967379305115	0.680250503152758
57710	8.53215321433208	0.107938413949434
10228	11.4541467024855	0.314813458628406
3140	10.2559222613158	0.733149773193026
51278	11.3825724751419	0.85381108606098
2752	12.211996705911	2.28223476675581
6041	9.46183260989766	0.636667728849587
6004	8.9511450784728	0.952494106187308
80896	8.93677008521054	0.295769826073475
1660	13.4614232573715	0.244250863738547
3915	13.6770798628767	0.564105285068605
3918	12.9579196309411	2.20997984120796
23057	9.33338480144026	1.03942268055435
284649	8.84063628448135	0.160658642621291
9887	12.6135179736463	0.344420557239261
4688	9.68243786852535	1.28550348587113
10092	12.9762118244014	0.456862661354743
23179	9.18106393241344	0.46420050296314
23127	8.79522017328641	0.477217324840232
116461	10.7728345881527	0.577648090869571
81563	9.02040407779905	0.460816780982857
80267	11.4934964418875	0.828966174959689
116496	10.1449699297874	1.24076917828076
6045	10.5900766822526	0.265996571744834
81627	10.9475379420254	0.298686819648176
54823	9.32152722551379	0.261045346114537
10625	11.532728237927	0.645319002903542
83872	8.38564894643583	0.202186248479407
7175	13.1984303923146	0.302630546115952
54953	10.8479188623845	0.329111477334031
10896	8.40719833498622	0.0628060746858384
5743	9.61951092630036	1.43177825468056
103752588	8.28105553227979	0.112409512134601
5321	9.04568872721002	0.87380465444786
339479	8.65187923502581	1.15641351004522
101929120	8.3420801521597	0.305384533756098
100616345	8.81847745740642	0.0833723215599149
5997	10.2566081390376	1.00983934381281
51377	11.8450741524396	0.602438630068739
6738	10.8238307160185	0.411548615434336
51022	10.1871049762141	0.321542551818856
79577	11.8642318262553	0.296550229652607
8707	9.00007495493799	1.43152244990908
343450	8.31829896369749	0.143395540959972
3075	9.3763774577314	1.56956441250248
10878	8.4192564209125	0.457810506612395
259266	12.4093125473011	0.456591317049969
360023	10.9487565228877	0.285605293490179
23418	8.29619208151094	0.0907680034881926
163486	9.94004273498994	0.736603408471987
388722	8.89824717473421	0.222249543062243
56956	8.45910428220862	0.381652403176656
140609	11.5133344796525	0.691017088267733
100131234	8.28198562088319	0.128452556137051
2494	9.11622475226526	0.725618455367664
23528	11.2831748917936	0.471860708461671
9928	11.4784590999628	0.291034801570806
83479	10.1820798006443	0.296508471172239
101929224	8.35816481951317	0.163738917437574
23271	12.06131427205	0.384168667511975
55765	10.4624012687592	1.6222331217761
23046	9.24600958094175	1.11502614187331
647219	8.38469209749913	0.176351346565882
252839	11.588571405722	0.534287537857257
91156	8.57489320626327	0.428720539966256
5317	8.50281666152995	0.389416856847531
7139	8.37573674141831	0.188707560277018
3898	11.1417481505804	1.80492126785423
7135	8.68291705393926	0.379248452001245
23612	10.4821337381606	1.837439389008
1465	11.5142720418212	1.02186023440843
376693	8.50938899863972	0.245130587069997
89796	10.6988216342188	0.752004119576043
100873949	8.36896215149733	0.0778569682310124
55705	12.5792221723391	0.260118199766059
149345	9.70434313375022	0.619178132819392
25802	8.4230814711104	0.15073670521122
10440	11.8481684652066	0.590398453412888
6051	12.2561987042823	0.311648242302868
1999	12.6946064128898	1.52551792232226
9283	8.56780101994917	0.209019431376141
127829	10.8832827135934	0.348262617619612
59352	9.10024198404762	1.05385471270965
29089	11.167256815599	0.644584420271296
4660	10.340696526815	0.498590544796845
127833	8.45361707626542	0.0726178251238227
10765	12.1386466590502	0.747861910284558
100506696	8.74934425501508	0.303038432979194
148709	8.57849208157981	0.169192523738855
5877	10.2693847655513	0.252889356870725
59349	11.3059586311021	0.34407916246153
51094	12.2935858215368	0.362701159186115
51706	10.9263352331144	0.44281229814794
100506747	8.37967613170303	0.0987877517474277
92703	11.807746001183	0.269810322432027
8497	8.48187585220946	0.263932143184526
134	8.88301162135671	0.734903097555687
4608	8.33259667240722	0.389865353365114
100506775	8.26107425211288	0.197215538310449
730227	8.32375890887057	0.150309707995476
7832	10.7017568989435	2.02247644286305
2331	8.35365592449516	0.295921547573767
493	12.0592482893479	1.11878781409301
84719	8.34048342048503	0.129634115757568
9877	12.7134746606692	0.200433885052088
100381270	10.3035424271501	0.312400660019681
6635	11.968330019782	0.226491133810187
9580	11.149210788625	0.73759195020746
55224	9.43172507174083	0.658868095983831
5972	8.50649939459975	0.238153463474601
3814	8.74615206167257	0.376005472981974
127845	9.38892994195535	1.20754873759421
22874	10.920055928183	1.40736105930557
127841	8.33532450064917	0.117331466165411
84919	12.5143128008066	0.431915023206449
5287	11.4349188178745	0.736867761168483
100189122	8.35889214168019	0.0665824241263825
4194	10.1852391634319	0.290264433186462
10446	8.56249117550123	0.339979200019174
23114	9.23032885182526	1.19159727581163
388730	8.92946389303353	0.15883757551691
5929	11.2269627391571	0.218472017723715
25778	10.5726290436108	0.438118612007793
9911	8.74534955384593	0.226904291256454
81788	9.44974970655826	0.598214273312157
93273	8.70257885531416	0.490980713361729
101669762	8.88014164048443	0.564226688888991
105371697	8.4546122111197	0.195841545147091
5129	9.76770900876878	0.800978537659348
148808	8.53810514792148	0.0738911613706775
2005	11.6677607698902	0.166670569656044
85414	10.9074803651801	1.16177374992199
64710	14.5242435670631	0.354756888387969
8934	10.8445197557727	0.574755603992838
254428	10.9312878094523	0.845078090637105
284581	8.78861393183535	0.326293523302267
115019	9.15646965096907	1.74018551750159
103021296	8.33393553867262	0.210713124255269
338382	8.62621864819462	0.465312776620209
1510	9.69020254778893	2.26130277493499
440712	8.23418295537944	0.120095192674894
729533	9.45317453653898	0.198091760533285
23380	11.2907045818431	0.266897962898655
9641	9.79689335441485	0.625969009852062
83593	9.67132936623545	0.829618920844001
1939	10.9187511189232	0.224784130832359
8444	9.44637413447068	0.522414014958431
9261	11.9560934616616	0.446937043017461
9214	8.49427560353099	0.246711370571241
5284	8.46758734143408	0.312578516866723
79098	11.3181929725069	1.95669167045657
5208	11.3005971401007	0.579866439591063
55432	11.1599584083385	0.451032404149393
725	8.75012541793876	0.920670242101784
722	8.30501713346149	0.202507657843081
1604	11.1983952582736	1.10720235676691
1380	8.31828399909901	0.12148897717695
4179	13.1147598360322	0.662284608136532
947	8.26154849824865	0.147339077634305
105372883	8.35196489743829	0.14031252864527
5362	10.3445893719191	1.61404173780463
642587	8.68416805939139	0.911734410296472
406988	8.22277967983777	0.109933090924247
57172	8.39165315147531	0.122822486399483
3914	12.6827151043691	2.45234560899472
50486	9.31181915404991	1.01838634680644
3290	8.39840187613843	0.277673744431201
80342	8.87137566434638	0.102468740054117
148304	9.36519509013866	0.105498502597059
3664	10.8691245470139	1.51961366338642
27042	10.813909250034	0.312098063909692
255928	8.41145776590947	0.250403749163421
574036	8.48571306699165	0.32279319147176
56256	9.04267704528212	0.821486177976626
55733	9.11330475565019	0.253343857643677
55758	10.6904489865224	0.256346180029766
7188	9.50431779440121	0.692433571384628
84791	9.40345159764179	0.345496255535585
7779	10.1087753914421	0.391945894882831
4751	11.4567073451404	0.456289815864371
9926	12.1304772739077	0.707620244006325
25896	11.2993811313123	0.332599600200241
51514	11.4419234966114	0.458122227649467
100131205	9.58781981375918	0.231738852281881
101929541	8.52206394381831	0.417140301420889
5525	11.6652628807518	0.385929646857772
55248	9.88304471451521	0.275605948706947
29937	10.9009539985582	0.358189809392715
467	11.2307824726626	1.63915225095778
55509	8.65206086199722	0.356786527731402
25936	10.6122462945612	0.2507957875458
128387	9.79578589226806	0.423258363576529
642946	9.3640415891989	0.251414133242036
28982	10.9839445719683	0.663093639730669
79805	8.74197138541904	0.309596159666907
90806	10.8212645018184	0.294428808903443
26750	11.0068555193753	0.357142264308343
100505832	8.55515241365073	0.587959833013913
5629	9.29630532417562	1.78532807956075
56950	10.6805190527851	0.386789542828499
5784	12.4544866490066	1.10847721144421
1063	13.3887915716	0.520178266448908
3776	8.36853579205794	0.300963881779542
51133	11.8045597830371	0.579063213199561
2104	8.53308092864369	0.457671813260894
55105	10.2678210546784	0.245257409747763
128153	8.66341798769285	0.220966991256704
51018	10.8970668545383	0.287259766166036
728463	8.31145286819843	0.102759531797502
7042	9.82629172857774	1.10957264255369
643723	8.28850544970555	0.100644084452856
127018	10.401410230611	0.433796538675235
2058	13.5957403398499	0.607446410120268
10380	11.1171443739984	0.309928473502749
55699	13.1159056990855	0.41003772035264
25782	11.8516560667443	0.430703734995962
6791	8.62599658274371	0.134039182572349
4139	8.99031941312259	0.928945552637603
79762	9.75229782350239	0.402159819904191
54996	9.7883661574698	0.289208944593227
64757	9.89403194516484	0.656647215747929
3142	8.39609932423602	0.131224232730482
11221	10.0647796987385	1.16295791132218
101929771	8.27012857998619	0.13006396153676
79802	8.64673317851094	0.784981851344543
9015	10.2409467898609	0.821916482649883
100506161	8.84588678834862	0.53410350996054
375056	12.3002042113722	1.30062092753777
64853	11.4052655687257	0.297611884305281
148362	11.8222417830034	0.41162866876104
400823	8.32838946290701	0.282595393907673
84976	9.47301598688585	0.343381654302019
7100	8.61957464792782	0.237401455734594
55061	8.67278685734292	0.366500812305209
388743	9.55462714739484	1.06644693114003
824	14.0177149977514	0.457028537920528
7159	11.6713157798363	0.552468830259399
105369195	9.24116811334257	0.200285993026076
441124	8.70198661684626	0.122754299600691
23219	11.8774013444181	0.306169297423556
8560	11.2029363919176	0.624744111574757
4931	10.6034842297249	0.339956002777104
29097	11.3460519613443	0.404045870536197
80232	12.6933886153186	0.472113323086163
149111	9.15156411627052	0.5984057893867
127602	9.82844306088553	0.793697579018817
3930	12.3358796525842	0.636024276429152
55740	12.6998649165897	1.02797715297237
6726	13.2300253481233	0.423893867585014
2052	11.7022949066765	0.729684810377196
9725	11.2505281818565	0.612340838060669
29920	11.8257193589296	0.371380856025896
7044	8.24782167365453	0.180047324652158
163859	11.1210181259228	0.457327163058141
3020	13.0940494449784	0.455102592736231
64746	11.6845231834777	0.479103442958884
83881	8.24393760370133	0.152132437346143
286826	10.2493417878727	0.295709460709848
142	13.3454722719371	0.599650540298935
3707	9.43453822892619	0.679669195108043
5664	10.1659745272245	0.258448106188224
56997	10.1599827164955	0.994231096931792
105379282	8.30868728231013	0.115612263862387
8476	12.3675172456753	0.530148704032281
339500	9.89145591177329	0.367101424738021
100130093	8.67853117724271	0.15881503413877
65094	9.54903719579496	0.245227563609458
116841	10.8057765656395	0.258415491823567
105373289	8.38493302754692	0.174822814700156
7483	9.65094323393204	0.9117774398693
89780	8.34193701817948	0.142554780313074
375	13.9441334483746	0.442090343928374
79169	10.6558281897888	0.308932315915309
128308	10.4193495389826	0.317149965671656
2987	12.2661331423478	0.406961476343924
57165	8.8752722256487	0.35539883949477
574432	8.38568658266061	0.0961068885228823
200205	9.90531981395536	0.266870948729385
574407	8.47378245071347	0.188891185861321
84033	9.66117832666835	0.700033302789948
101927401	8.28802336506756	0.12733862859996
81559	11.0568242965184	0.351713611994833
51127	8.52621179117454	0.120953759211437
92815	10.0171801912987	0.637889704005171
128312	8.62632391598762	0.153947612639052
149603	11.9681542423215	0.686473543450583
100129094	8.33208109677052	0.116409594841937
58480	10.1252023652584	1.40788174033816
574029	8.42410765841835	0.141397771206862
105373132	8.61763230777028	0.234451716866195
5867	10.6091120912264	0.598563243988396
126731	10.6458313834196	0.567027423423375
55746	11.6439241244241	0.273520259923358
23456	10.5531047839209	0.53835299505335
27097	10.7086673510534	0.308624275401952
9816	10.8974664565227	0.401366750794805
2590	13.6710219790879	0.61781272833709
79605	8.854208617773	0.668661497827362
22796	10.6953419920419	0.375460827192266
183	8.40695973541629	0.427038724230648
10753	8.73598201235878	0.870444895703324
84886	11.0822079916538	0.411814462584039
101927604	8.35312312657546	0.0977757350320901
79573	10.3847900519816	0.424994717580287
64801	10.4581074730414	0.212057093166879
375061	9.41938983526142	0.726085580174758
440730	8.65466110379547	0.878237105524656
128061	10.2298544680592	0.301735807593255
8443	11.3794045016581	0.380717440669337
149371	10.5805107827936	0.266765534757376
83932	10.3916013835223	0.145277902379593
54583	11.3924993677335	0.387173095472894
7257	10.7622640743987	0.301122863188615
27185	8.32217893395565	0.130861448892526
57568	9.26505528347842	0.844596660600218
54627	9.05408805509006	0.532822131027382
84284	10.5775078060274	0.26153999794945
80003	10.0068302132595	0.648470800760682
84451	10.0821440632999	0.772841139749933
3775	10.7842194011134	1.55989120673049
148641	9.2485532524019	0.676332610148771
101927765	8.6490278804619	0.186362345327164
388753	10.7344681099318	0.215138848221031
6894	10.7158020470268	0.507015895053163
359948	12.4453644122775	0.817120732880761
100302691	8.32737023808337	0.107599436588543
101927787	8.43334220861948	0.303972832727088
100506810	8.47071502643477	0.260251539274939
101927851	8.52349785609906	0.232844028265517
731656	8.52018861368132	0.124707927640478
9804	13.1453527645793	0.415123110421697
677802	8.41215211282382	0.0783965117927859
23029	11.4826473520385	0.366440439964858
51742	11.5598749330375	0.36435615635198
9453	11.18134253592	0.350525530311173
6905	10.6380390928131	0.549486906241474
148789	11.2848275644663	0.272714718616681
2786	10.5228428292055	1.51384821564505
1130	11.144046361471	1.05227383657719
4811	10.5973641810437	1.66246487324551
7107	9.79488197223743	0.48893250479615
56605	10.2050734001931	1.01578340656382
128178	9.39082747608934	1.2839187565463
3964	11.5658117128462	0.639315152095087
100287902	8.47804682466158	0.180133119179724
55127	12.227139429936	0.503979414757165
88	8.36152231702535	0.210185725692707
4548	11.2818074376172	0.311065780794152
6262	9.12627832997366	1.04487624410416
339535	8.32894062336263	0.247014891285731
1131	8.48480583251173	0.441148372914814
56776	8.35504995901191	0.243564034788275
64388	8.30076108518588	0.147332199247483
6000	8.77647561190924	0.841302162860619
2271	11.7391276269774	0.37504844535276
8564	8.63294669941413	0.489653555457225
23596	9.9250180432809	0.69760233354633
1122	10.5076929787091	0.618029032660375
9156	10.9327367326161	0.520099700032257
440738	8.28522255509528	0.112840352767685
200150	8.37379953169667	0.382065294958934
9859	9.37143451482682	0.364004496522735
10806	8.95108100805223	0.313657108987119
10000	8.79468613700523	0.436053933211822
10472	11.0105613106631	0.396169400007937
159	12.1751961860607	0.388864200177959
257044	8.45983793612423	0.0931115060709608
51029	12.0286239485814	0.359258888984322
116228	9.07159429082542	0.211477412628695
284702	9.03019593802082	0.190914527525876
3192	15.0068558702043	0.304088359240499
101928068	8.47552111025985	0.126807432461323
84288	9.58537128406854	0.295635634033097
55083	8.43233718030921	0.305943016311357
64754	10.3905627731465	0.979444770082454
64216	10.5843566112686	0.359166368421634
163882	10.8027296991529	0.446538621130135
51097	11.4575732217565	0.515970492414227
100130097	8.42042054677069	0.140337169804508
25909	12.5528767987413	0.365391270773702
57116	8.70370112619254	0.412167536743379
93474	9.44521162926969	0.215918397338745
79862	9.44114931113237	0.252886795314186
388759	8.3911203684686	0.135737094760022
7678	9.35170013822319	0.291163479030497
100500849	8.96951815925476	0.16005422771525
84838	10.9979320083502	0.615646138384267
114548	8.36045860211954	0.157071408783757
80851	11.0343229903941	0.308158701340715
100422879	8.44065528108056	0.0903690951227742
79894	10.8405383093134	0.295816887090256
55657	10.0946458621343	0.180458603374048
267002	9.40347680149786	0.200337680096804
347688	8.28419233964935	0.121229481527095
10771	11.8231981069856	0.386437935539868
22982	10.3552258411802	0.721738823755934
414235	8.75220915147128	0.99690320577715
23185	12.3690690184268	0.429615882441173
105376341	8.36020264540391	0.129305483249843
23560	12.1214284644017	0.501831109149301
91734	9.01216760069556	0.126022309218057
55853	8.50683432374705	0.118418351158244
3422	11.234510397849	0.468261145136607
22884	10.3047920126882	0.261905485691238
105	8.34477532957428	0.223196421856125
101927824	8.57575592181071	0.130923799442867
5214	13.0615837281777	0.547957429606631
10531	11.7911139424871	0.647293603560976
100507034	8.61485496427073	0.100372349412892
105376501	8.25580472097576	0.212191521083228
1316	12.9450384245185	0.713936569353616
100216001	8.61163450832636	0.399035284690215
83592	9.36653233834091	0.557092309761176
389932	8.24754846752425	0.127346814600025
1645	10.1765155758907	2.07549683283502
1646	10.4082017916384	2.37579202849048
8644	10.1634028632603	1.52347792168127
1109	8.26743395424215	0.229157014882061
114131	8.45357621666147	0.733196777139393
79861	8.27833083410572	0.121943930385183
10276	12.4596418929883	0.906794863531029
51806	8.26072007474878	0.146658866872472
100132159	8.46429812388293	0.141080566237038
79754	10.5032640854747	0.421457273016198
54906	12.2472613706569	0.440335280497338
2665	12.8917730315756	0.35005336521916
54522	9.1613775801942	0.190884031525252
84893	11.4319953227824	0.406046313408823
3601	9.6744673696971	0.709849922442478
84991	11.4889692661667	0.338228612129172
5209	10.8885221378785	0.623910702032809
5588	8.67035085300805	0.553699956709149
439949	8.74134867622023	0.329415089516499
100507127	8.88526819958306	0.849495089642808
57713	9.1863509007586	0.946824878363797
3698	8.30134862916783	0.101651973728969
22944	9.83298493594976	0.21887550471843
509	12.6982757244728	0.414624058796409
83860	10.6344307875948	0.238987397539745
2625	10.4759534652771	1.63157745796108
105376502	8.5333971944252	0.207324710781118
399717	8.59966455747496	0.572387106941204
207107	8.94513130458097	1.37504577417252
10659	8.3274930562066	0.127593621490777
9712	11.0369438917202	0.417709305601812
79746	8.98480014623302	1.11763911414227
254427	10.4411032956096	1.52411412727012
219731	8.38173407752454	0.222554618962509
26019	11.5960129817248	0.269229724788089
55526	11.0997707501409	0.604976491925416
55176	9.53558390360865	0.304997090211284
11164	11.4429460392733	0.303375969731411
8872	12.1053421923269	0.311693512663023
57118	9.6709407390715	0.998998568515333
83643	8.52794831637244	0.351117822477104
10133	11.8199782560583	0.580878662346108
55388	10.7632846244239	0.462334262399048
5264	10.4995999982272	0.488653168619693
22929	11.8071394994123	0.274027584201914
222389	9.3542178745744	0.644844117824423
8559	10.0614250656893	0.209529922943606
55691	9.4774150465496	0.514501285640679
83641	11.1746713190634	1.00838032213157
441549	8.64916393332336	0.176299103795939
51182	11.1776210745552	0.337854014870967
79723	10.4328009732227	0.198012412332392
64421	10.228682389247	0.337310099721685
644890	8.41522104347071	0.118718674111167
55301	8.34832247586935	0.164465233886195
414149	9.53672574968664	0.660970176529039
10557	10.225866804131	0.216925368257862
9397	10.2122991227133	0.790459434911674
221061	10.0505848721819	1.01687842636387
80013	10.2293214353478	0.685058065615652
9317	10.3918276547754	0.535820986315376
389941	8.67012475540489	0.228896209529279
6251	11.156542093806	0.534559504357718
8029	9.19689529744977	1.82200898823161
1787	9.16308925217987	0.463731591989047
100507347	8.48883202422656	0.21974839552903
7431	10.7906452895538	3.27610714858788
338596	8.33941488681051	0.288263839325295
9200	9.99373550798268	0.49935328819037
102723166	8.41921372653483	0.113751940286586
8027	10.7989457167512	0.341194943144521
653567	8.42640362290677	0.0935374784815291
4360	8.52115522939727	0.453114963605683
783	8.60927202049094	0.527000845041115
221078	9.68919031912094	0.4780966789583
221079	11.446083556369	0.663156014791775
340895	8.33170388837538	0.356393832836775
84898	8.86014121407282	1.22133076004017
10529	10.2342852634681	0.823437753133575
100128511	8.37650358666871	0.0959334835599338
399726	9.77581041025837	0.699694303432184
100302129	8.42514115076839	0.100018420172716
387640	8.93356818226438	0.458157730406188
8028	10.928280207682	0.354185262789296
64215	10.9351867317807	0.681819936269889
100130992	8.65077081040236	0.344783272011527
23412	9.49799263359993	0.485228117148107
648	9.75227885684516	0.580507177793183
100499489	8.90507421226209	0.381067035050581
5305	10.791665767839	0.606367226598663
219681	8.46027122902752	0.254293375811919
22921	10.1275622432186	0.609100065175074
256815	8.43059833281255	0.264157860119555
220213	10.1225240092248	1.02371040134703
56243	10.5556711857862	0.954383246435846
57584	11.7664340726408	0.456168374643628
56952	9.81033240931817	0.792806966668014
219670	8.47028524861038	0.127008153655298
79896	9.73781720399826	0.407433510452579
57512	8.48111268198575	0.506362989689201
23590	9.5967903467138	0.387622795150463
10006	11.6129125092118	0.349303126718226
22852	10.0210685900513	0.334921807394396
10730	13.1859912439059	0.325594671346465
84930	10.8606012130601	0.367557723289806
91452	11.02172668928	0.50251220036794
387646	8.82123363164441	0.326348348453707
22931	11.5231528938404	0.30825251372562
283078	8.34210585311963	0.191363007837405
55130	8.28577845265532	0.1420822328965
143098	9.85598475792152	0.926155920764152
220906	10.0579258043028	0.209785929849188
51322	12.6023885858252	0.315453115738241
25805	9.35082971523273	0.811680477247039
102724316	9.83941905907075	0.262883712542295
6840	12.1750751781593	0.635697177286203
57608	10.5589487858014	1.21437764471908
55149	10.6280489923691	0.246799126400109
1326	9.4016632097797	0.714539512242689
645954	8.28095927172728	0.131374411852356
220929	9.10063041209808	0.142176771875693
220930	9.14708555936372	0.399309153810205
6935	9.72461191319891	0.951871434971196
94134	11.2436436197141	0.539835140991213
3799	13.6114539241812	0.454971548129356
80314	10.3698271275504	0.300965485842546
79741	8.94589177141218	0.145054384478405
3688	15.0749859756516	0.753433144313258
8829	11.5484138739793	1.25194663064961
56288	11.5808049727613	0.361845844146162
8453	11.3699488258707	0.30239445429919
1390	9.95900853840512	0.324830293250584
219771	11.7139745261609	0.355781976736501
8325	8.90905933204454	0.55811674750546
57209	9.61545269536694	0.275616358044541
219749	9.11649895482472	0.333372369094599
7581	10.4026200820314	0.19276669147023
7587	10.4821656422925	0.3921676469714
158160	8.70577189675563	0.25821834208958
399744	8.92908396251303	0.350901099594437
441666	8.79330977405237	0.75306188821945
414194	8.28685595683921	0.29824197396811
84856	8.4201100600057	0.580060341709404
100129482	9.58527201659868	0.225904696529306
7582	10.0082217939383	0.333029149582455
9790	12.2177296078107	0.4429573204747
5979	9.3203390831709	1.77535999551735
55454	10.4048582654854	0.62615815961884
221002	8.83172116760171	0.714465818742441
53828	8.29069589354818	0.128956412546009
3185	13.6975221913731	0.414896367147383
642819	8.73066552454666	0.249021770907295
8187	9.25562567649743	0.371960845844062
220992	8.90938231826346	0.302886983499514
7580	9.44031499046766	0.487913316128425
414208	8.38262906040091	0.132487639717715
10151	8.36339283448876	0.0721564755829581
6387	8.40060305410245	0.298809000847853
83937	8.8088557186406	0.499702870229978
11067	9.37673764277347	0.645500688151218
220979	8.71319173537664	0.299032611815434
7570	9.77346813418906	0.87909911034111
220972	9.44021148034683	0.497666331124041
93550	9.56274982029633	0.56952913723347
253725	11.1676567108727	0.687154427584381
119016	9.10905507772336	0.119271169462193
728407	8.98830138691233	0.0720093561245799
100287932	11.8625412630427	0.271842311042534
8031	12.5590747501072	0.438299790137519
4477	8.32159842171424	0.293561638232683
653268	8.46014118272454	0.1561081542414
105378577	8.25423874122517	0.139484818143728
728113	9.33374349617194	1.66462060504543
643650	8.60791393438006	0.45379492623352
728643	8.466888360139	0.277609533644142
5540	8.39922564965414	0.182442924273631
9721	8.74388796566973	0.49164588607729
83849	8.50586071519085	0.280837466844439
414241	8.56027132280125	0.104377687961273
399761	8.79441349815531	0.0808794348552079
26095	9.26778571048371	0.714668797381979
5949	8.40596649445303	0.223056256739982
118738	10.3191625511055	0.834392646388458
653145	9.70046020949888	1.80238323713948
642517	9.00195144839731	0.163109721651366
642826	8.82478818230717	0.119468213866266
439965	8.36507540812044	0.113031377806713
102724593	8.36793422833678	0.291823246805605
102724488	8.66991646067398	0.500774151851818
100996758	8.40557165810323	0.2055846122596
414224	8.58121621367261	0.190936733133065
143162	8.28211077538451	0.162862961148894
5599	11.0546620258545	0.390991338731139
58504	8.50967976809052	0.182109739190147
170371	8.26234832093233	0.15587663396272
2074	10.2090248573763	0.476838146869968
6572	8.2484686873102	0.193072256747509
55753	9.07193019759408	0.832053356075685
8505	10.9625020630556	0.314004516285328
100652748	9.77925086939459	0.251137540940086
414189	9.316968221065	0.180577331738386
100421577	8.45161583873243	0.152165819515439
387680	11.2747104531438	0.618676150116308
56624	8.87002587697607	0.332680276147671
259230	10.4293167409222	0.410033671273626
104355295	8.70542742924578	0.175380485818068
653308	9.48874912812992	0.433817019480607
29974	8.75828374544285	1.35198653665283
5592	8.67012559007889	0.466033025610912
23283	11.0580210713249	0.379426573110522
100506939	8.46502801221712	0.193518998881442
22943	11.3201186911473	1.28439024625051
101928687	8.5425747159373	0.523028599184306
65217	8.35288872898365	0.143601710059638
11130	12.158774386513	0.501118069781488
253430	10.3611308406608	0.517973516774034
55847	10.913521743857	0.490191926738359
7321	10.3803602194726	0.332867098295074
7019	11.995866439124	0.369990207713096
80114	8.71452233544446	0.517808309477536
84457	8.26354171941396	0.110950284703891
220965	8.3192869901719	0.279885780270948
220963	9.02936227911848	0.69652728977376
8030	12.4947669940286	0.46345224884628
288	10.1407233743195	0.908243381426509
983	12.2838086416307	0.506805402897053
9886	8.98742709765014	0.68688029798966
219623	8.30541133087327	0.339322088629037
219621	8.25574721493805	0.226864935718481
84159	9.98283798916637	1.12955318708326
219790	10.4728498002089	1.08824378998701
22891	9.08336978262279	0.85153338849743
84890	10.9935173322202	0.340741699630945
1959	9.26085334080575	0.764724415938181
29982	10.4658923615366	0.267699094903678
221037	11.7949540106665	0.443297269501712
84989	8.77725580723908	0.166420730086462
221035	12.4498262975103	0.607902104251074
101928913	8.50451818880258	0.318443272016202
29119	8.29101614992006	0.109836583999555
56521	8.97124272266897	1.45000349688109
23411	10.7477384726614	0.48698249343202
26091	12.0309302916451	0.468148531321019
84665	9.48097136017518	1.1774338628828
220202	8.40129472060986	0.10292518923269
64081	9.35996687365166	0.442780764030011
3189	12.6349887568132	0.324120460527595
55680	10.0950787895953	0.457452468160108
1763	10.5785964604548	0.305996004134723
8034	9.80037961254888	0.293437842287661
80312	9.03131296552434	0.564794370425541
55749	12.5288482846296	0.205361025432202
100302273	8.41671985937407	0.0874104860795392
219736	8.91357818762791	0.422587608799316
79009	11.2148663361194	0.249402184370686
9188	13.7932504164802	0.710859678713179
26128	11.3726520688666	0.38636522301361
5552	9.28608700157042	1.60942768269334
9559	12.5163949093506	0.404815306883062
6832	11.0008730508426	0.342211130975553
101928994	8.56996524898121	0.36248656478295
80201	9.71837073887619	1.07685018408643
3098	12.2539789571473	0.483505884241012
6865	8.50445763336018	0.170708178580384
23555	11.8042545929963	0.935318381220949
219738	9.77175480322207	0.432267200042734
1305	8.6745769109874	0.513662843080027
55506	10.2890148283492	0.885528580285175
84883	11.507936161321	0.751475397810621
219743	11.0069892166297	0.605834714826675
56681	12.7044618427347	0.656025345045441
5464	12.8633356024671	0.506579297417257
55222	10.2389405821535	0.666511686375019
1979	13.041664538819	0.184776420342759
4838	8.32467517186016	0.122643174091123
27143	9.09396580795821	1.00064252719452
140766	8.51136221165819	0.349125773845479
8879	12.1486687630618	0.894801902881886
5092	11.6886848269539	0.524168300576042
219699	10.3900362176158	2.08484584965116
728978	8.7657966324664	0.766774306159375
55315	10.0436713033219	0.587061205578353
64072	8.69159178993467	0.48020587837889
414152	8.29665932852264	0.11633320152523
64115	10.9624303816806	1.41467434961734
5660	15.4231270225198	0.603005576940717
9469	10.5776954487278	1.2259252257568
9806	9.18059149430851	0.853659678653509
51008	11.1668837621822	0.509801519735099
119504	11.8446029982809	0.532638262050577
54541	13.1433544228765	1.08356364161652
54788	11.7449157648222	0.525809815022907
10367	11.6390914656025	0.325044696450961
90550	11.4738106916986	0.356880314870909
170392	8.27331025229753	0.100720587648304
5033	11.5953610119546	0.354964204577636
25961	9.21696094461133	0.192801343040613
11319	11.1959163260261	0.354566578002013
317662	10.1133344128788	0.332979840013288
23234	11.671363946977	0.464474657361337
414245	8.67901588817408	0.12664172342936
51021	12.5367093582236	0.392728856024034
118491	8.79686776585379	0.162496967046222
310	12.5250805048654	0.459164813500654
118490	8.55276843264066	0.0569436387136971
5532	11.030481865273	0.318095064919186
159195	10.8009935156927	0.485386412172679
79933	8.32677468249327	0.219638649431501
729092	8.90022294476762	0.15169241732082
729096	8.97800971156261	0.167707726359382
2749	8.85374294206085	0.140198743344596
9632	12.7677184345093	0.474472000384289
170384	10.2182194067635	0.722698062100995
118487	11.0307944277112	0.248256605381012
23053	11.1110984098054	0.692331744996717
8509	10.4399344419091	0.396986806298146
818	11.4054571185695	0.545165908189484
5328	11.7889588503682	1.45077250426889
414236	8.65379208364761	0.250429577942463
7414	13.2761550677812	0.990766326977525
26985	11.8268070572196	0.314972368581577
132	11.6263103386878	0.50452385762359
102723439	8.39516982528083	0.0784934697966427
23522	11.0301811909406	0.334713945650068
51207	8.53504654489709	0.298454589340807
142891	11.4126709963355	0.370201507739783
7417	12.8662774728094	0.434636153415522
118881	10.1626558202068	0.556554601683883
84858	10.6805362416689	1.19837278536569
253264	8.35959923317794	0.169207816359344
100131213	9.3447494853399	0.405241488556515
101929234	8.45721617370836	0.128405910494856
83938	8.58341155373358	0.435910862830801
3778	9.64943818131812	1.61121110830894
11128	11.2671064710445	0.416718907836799
6229	14.9811092447191	0.34555534005104
283050	8.36813671745538	0.116683223983724
57178	11.2274195642852	0.772081804075282
10105	12.1144104860608	0.629504184426432
219654	9.61772522738568	0.700088401851126
143244	9.61902852734687	0.273126194316148
729238	8.25902451250738	0.177979240185342
653509	8.25255284367917	0.133765358362928
650623	9.16421753668405	0.284535783198965
101060691	9.58376390499602	0.233632362123337
729262	8.50822442815009	0.120879759069432
642361	9.09505071008023	0.149938894374938
6441	8.36712876544406	0.187843739831573
219347	8.51182235735623	0.20450560136131
80195	9.96154096955134	0.254337504326434
219348	8.41865658088279	0.105897557633934
311	13.5321343908599	0.583404552495836
439990	9.96317658496853	0.740007566302637
4143	8.41322803909877	0.22958189383592
84293	11.4834618190206	0.780763481323626
81619	11.9335935783116	0.772404122432272
101929574	8.46566102546734	0.155130685047681
102723703	8.39996840030617	0.119732086881367
10718	8.31435723298684	0.331318756954982
27069	13.6346554600551	0.357250453809217
5995	8.26675527776758	0.241636632448092
170425	8.23270401455206	0.154053164676211
54462	11.2949670492395	0.616460344094548
2894	9.13747933103486	0.908989235761547
23063	12.3227669619011	0.273531201475389
11155	8.68069559558428	0.194582339688793
657	11.0499698242502	0.369062245154754
79812	9.27908220529525	0.74592693900814
6623	10.5261192265166	1.54351565331784
10974	11.0143026159244	1.57822384488298
119385	8.53407735426024	0.20873886319503
643161	8.51079568097007	0.301748390614946
2746	12.8592531750967	0.524820368559488
54537	10.6068828979676	0.489359667640689
728118	8.61261728080504	0.153517419849299
728190	9.77270130715088	0.239205701073998
439994	9.22167802717183	0.122930484089466
728130	8.58530658667845	0.179396557483726
728218	8.23179856389574	0.146659022403605
9562	10.6796849584296	0.491966501088718
9060	10.2898783449167	0.871340367679155
84896	11.8214193330043	0.451406560265502
142913	8.48777795801721	0.0757186972740518
100144748	8.86757366201159	0.204313945968988
5728	12.031264805907	0.521653955341598
55328	9.35686764486571	0.585775666478411
142910	8.50493453425188	0.177877597908061
643414	8.47770296959234	0.380931834605175
118932	9.84181496217579	1.03879177066208
57559	10.2432120465506	0.723121927396043
59	8.68085091416397	0.162718736138454
355	9.79201686138757	0.55540609179335
9023	8.39577742842838	0.248932902792935
3988	13.0834759071929	0.649105104170149
3433	11.584701230372	1.59857245149795
3437	11.6145360756513	2.05848682647768
3434	11.8859586496134	1.545896356974
24138	10.8549659266319	0.525668960858376
387700	8.45794415044099	0.323945263160813
53354	10.3450182535693	0.219504367318989
283011	8.60845073803208	0.153752627024861
9585	11.9065983495312	0.490903811298048
105378423	8.49774623770469	0.0585939563888989
643529	8.42999450287847	0.375858639805925
3363	8.67669052904136	0.34045920950751
10556	10.769763869937	0.329653041973051
27063	9.7241213595143	1.31566233041996
84333	11.1754344875643	0.887624806724545
100188947	8.2741119922757	0.13618766135242
143279	9.53748604635941	0.277039787200308
5507	8.9542701179377	0.748005420065222
100507633	8.46105379191572	0.0787297205252963
80351	12.3329661351846	0.344173349206232
143282	9.10070199950237	0.541365157526571
9044	11.6050062298955	0.302826646172072
22849	9.79801260063354	0.573554664237305
54708	11.6439155194332	0.434692415491765
100507674	8.38004539098401	0.105090499971242
3416	11.8745288107722	0.354740414022585
3832	12.1760797234177	0.442679985461966
3087	9.55556921692592	0.570897559659005
54536	10.5970305419307	0.401559535501902
340665	8.26231214248315	0.203524908952763
1592	8.57129141855939	0.357396179122515
26509	14.4537578031984	1.27597786780119
55165	12.5307231709703	0.487988889480769
338557	9.45326600008031	1.02981627419818
5950	8.91060299427742	0.535806308653949
118924	10.5996972728453	0.409122123332965
159371	10.0415470042483	0.34048293595223
266971	8.73199719394439	0.0916276438374686
51196	9.87935528189784	1.41387440129578
64318	10.9872457957389	0.469737427082485
23232	10.0013885028908	0.324995415022943
3070	11.0578973152041	0.342970904414358
1562	8.3628164030085	0.212078071384756
1559	8.24520402905011	0.151457112569319
1558	8.25654925926518	0.162984042446275
142827	8.28755670761065	0.116566199566734
9124	12.2294788897853	1.38727161222442
10580	9.85498628962289	1.26974797720943
5832	11.9393175202229	0.386797810382249
26123	11.1629601702241	0.339786874661371
953	10.3634958192613	0.623961747092363
728558	8.45203711729746	0.0647377313505351
100127889	8.51727843358222	0.13562540072918
54619	10.2985714829807	0.560843892928363
9849	11.153841739767	0.515412719595337
29760	8.54998164525196	0.275290718342913
7093	8.55783550119345	0.199548886638445
56889	13.9257112768649	0.41543392091479
118788	9.64297024507984	1.33770471218583
728658	11.6927986477206	0.359313991230827
102723665	8.69809036216837	0.114523430219957
84458	11.0195403514094	0.6171452728131
26148	10.1622954021439	0.308901072802633
6585	8.7836731235379	0.62621935623434
84986	10.3934325883715	0.579418643594863
10023	9.16364632452938	0.543653336284389
23401	10.1202455119406	0.63548714633922
23223	11.6845235222062	0.52760503956382
644215	8.44332182311822	0.085509457076976
5223	13.8989809617029	0.326464667608199
51013	10.7262175642111	0.219286148995029
84287	11.2412224289972	0.270887112374486
64210	11.3651729361419	0.366388004502984
80019	10.4950619056096	0.512409124748301
26287	8.82389285169606	0.804488164624031
112817	8.53289332879068	0.375950826284289
118812	9.52420884276502	0.324439022898013
55361	11.2370678937689	0.527056827184161
60370	10.3769955011246	0.564891880320523
83742	11.4177208283957	0.569363741328846
118813	10.6233730372067	0.304941237995073
6425	8.58702695972343	0.595840252206862
100505561	8.43394114050338	0.260623752411654
401647	9.76156198044142	1.14913091265293
55118	8.33304139514449	0.152526920711488
27291	10.0854586536782	0.17486970746634
84171	10.4432004796669	1.74652000567906
84795	9.24457094956483	0.659462409567102
3257	10.8605543281028	0.623635447934968
101927278	8.26876204132139	0.100948911165684
60495	8.26471039931518	0.188996160648254
26507	10.3364127541592	0.927705719355485
2805	12.0590797840975	0.415565542627756
159296	8.26758400579612	0.136670873371279
81894	10.422245733249	0.341113534299509
57089	10.6726844523559	0.386562610570437
1355	11.64866807709	0.374318190087479
51076	10.0040286780079	0.309734246786313
1244	9.65539690005079	1.60806812649077
23268	11.2076073913473	0.623188735711469
100188954	8.35002682905559	0.171784691991882
10613	12.1920925563781	0.471845404490844
1147	11.2802320422335	0.484553469175659
55280	10.7710623541888	0.258001735560126
282991	11.111173533256	0.213615891181518
9033	8.32840140232897	0.101635717576255
6319	16.2116393559891	0.457466695033991
90271	9.57992307713955	0.43890691975817
7479	8.31379449370872	0.113192328464207
25956	8.78680007165141	0.238181456947741
4714	12.5001448322942	0.26121703228362
55662	12.2572057625397	0.487617784097
5076	8.79340215484105	1.21093145541893
55719	11.3168511316088	0.294813697593666
57715	9.54625285295386	0.522467781071031
84545	11.3859951866147	0.273668357476678
56652	11.0995383649555	0.365638770877574
84445	10.9676084500967	0.447211571563928
79955	8.7908623278504	0.360141385562215
81855	10.5432310666669	0.843354933874449
81621	9.88106623051221	0.641009417093663
10660	8.29372785860316	0.185603182731822
399806	8.2638237887125	0.20876407682361
8945	10.6674577570292	0.531875789270423
27343	10.3745506347061	0.16715593486808
25911	10.1000022448175	0.242486605369362
6468	11.1761949495179	0.388829319044842
10360	11.3327611833469	0.394559663588152
10724	12.4630992066755	0.5565439461303
30819	8.49420813649775	0.0708018802080345
79591	10.8584327221403	0.383103113230457
79803	10.4175502033388	0.398076059048782
8861	11.5845442518878	0.405808779222984
23082	11.8073401173875	0.381556326163359
9221	13.1127664663571	0.501688681088269
83401	8.61443200744911	0.272825675260398
5309	8.3291745811322	0.153292097937683
8729	12.5138306995421	0.438063693927523
4791	11.8536907278585	0.69164781532527
5662	8.93408631634002	0.829466336805131
79176	10.3179344505716	0.629026936105379
79004	11.0875593639625	0.394036197237012
100505761	9.34267298231913	0.568060489600862
79946	8.72934317984224	0.252908249309206
79847	10.1968521531798	0.307449467737785
10121	11.980002481586	0.308725280229968
51684	10.2758749652111	0.37344509705559
81603	12.2811441269758	0.991622600016462
403	10.9441253197951	0.485946753201142
118980	9.8399755342192	0.389628162427822
54838	11.83646005588	0.828597508133317
119032	9.77030157702592	0.364755564383156
54805	10.252180037613	0.526716828048124
22978	12.256889179215	0.582681611102444
729020	8.37938573536022	0.055648210021885
9118	8.3818422443966	0.0942485789253966
84108	10.1004431050536	0.324078354371864
6877	10.0792209997815	0.334429780097779
84833	12.3232969708443	0.459282836297913
22984	12.1850894228229	0.576149590291198
51063	9.24622601847106	0.245288305743181
255022	8.42526563050257	0.435579171446333
119395	8.81628509649964	0.931866666793008
9148	9.18597818032421	1.51643166218039
9644	10.5867420532348	1.16426537728785
100505839	8.61573697641361	0.403203890451904
79991	10.6060276407032	0.26206495174949
9748	12.809866977296	0.516534376245761
1308	11.1037690108226	2.11441649554059
119392	10.0686866772366	0.408506422978451
80217	8.58500969589518	0.196458066070797
9446	12.1372822226776	0.385745936704087
119391	10.4720786768604	0.850501538355817
85450	10.2934738225416	1.01376781651788
159686	8.48542397770845	0.262858305009047
100505869	8.28587653926627	0.114990258613994
114815	8.48488791165781	0.715385895474188
7511	11.4075292523038	0.318266083968832
120	11.3903561279181	0.908462391847859
4601	10.048040682329	0.528492487164827
10285	11.2819683384194	0.225985826225384
1847	11.6935472678064	1.59051565476308
9126	12.5713383421803	0.415870307735068
282996	8.83052197895022	0.975111871248398
282997	8.73642928378456	0.160198069978255
27250	11.5927924033127	0.890783726643987
92482	9.97626827505522	0.405859624247291
8036	11.1920846867853	0.419568198782429
57678	10.4613406765592	0.274620680079622
6975	8.2580870990071	0.216451135375707
51703	9.99779667334534	1.45358609942676
64429	11.2697422562383	0.444100936461372
143187	11.0308771668589	0.305854296008212
6934	11.1288458254444	0.690526785274702
840	11.1857990409875	0.477969738177109
79949	8.61653773332736	0.773219917511882
9937	10.5549001650762	0.443936761061237
374354	10.627813132788	0.438319945281749
153	8.96174352013636	0.63352697402982
55088	11.0721759378356	0.447816618275264
340706	8.84353971937534	0.568826160136653
84632	10.6030979103734	1.67666686347501
3983	12.6618012306335	1.01056906197669
57700	10.7307011539651	0.589230890601461
142940	10.9910012975193	0.302863835589978
26033	8.64950105792897	0.662969828591913
259217	8.92847017125582	0.484579006199128
387712	8.48691890868972	0.0773617035937063
57698	11.5486155748787	0.739254127173145
11023	8.4880487675113	0.486012487518613
6571	9.62244414922035	0.312767029423615
118987	11.7227016195079	0.470297437064224
2018	8.34535584092072	0.314486040165392
22841	10.57946470629	0.392335161617567
255082	8.63574043894687	0.201881599289419
63877	10.9482746571746	0.343111078608105
143384	11.8830491856009	0.361058605606669
340719	10.1282063106481	0.898038480144529
8661	14.5242582276961	0.403915532288854
404636	10.6460280336858	0.439450003426555
119559	10.6417093824868	0.459199588127996
10935	13.240724225507	0.216159643116469
105378579	8.47836216238636	0.134093586958308
2869	10.0981872222296	0.731106974573519
105378510	8.55107033913671	0.131301668376937
6001	9.98981943685614	0.588967990504488
7073	12.2937019883527	0.24320052106053
9531	12.051630007101	0.452500821540307
22876	10.512610032793	0.327258987911243
79892	12.1753129462609	0.328982748774062
11196	12.1092344010281	0.404091264444899
55717	11.2216538052098	0.483270797635429
2263	9.41169722669337	1.1901388977135
11101	10.7420553766367	0.556171071996258
100130887	8.40915874824016	0.181814706690921
54780	10.5836372615163	0.431069760746197
10579	10.9553264606849	0.981337807226379
118663	8.86043516870903	1.03874114456281
59338	11.4064572030458	0.708500679182114
5654	10.0062321352401	0.952666821565345
1755	9.09182386238195	0.999631861542063
196792	8.89008287138094	0.188015253063562
399815	9.16627279668288	0.253844789841968
80007	9.93709783213521	0.35932858902076
118672	9.22559149949361	0.320753034492485
64376	10.1264004132574	0.254492572183663
36	10.5195333674713	0.721399333504503
340784	8.40108667174658	0.597376779927026
3167	8.50155405462973	0.507911342447895
9184	12.7661882222266	0.376241183537678
51363	10.2748092964065	0.916813170453417
4942	11.904582664368	0.776542838594097
390010	8.28276426873132	0.161035178679469
64077	9.79421933290551	0.621265730785636
9679	11.0803396522165	0.538720957533797
101927944	8.2382066384661	0.152895767215454
399818	10.1048682743095	0.493092933963927
23172	10.623215485205	0.227108163437478
54764	11.4401624162148	0.299982284555151
1488	12.3320075126977	0.469093832057733
387718	8.22411109015392	0.110631393670766
399821	8.40397106126056	0.090069291210117
26098	10.7387365122471	0.265737010027725
7390	10.9129179312552	0.407986825684276
56647	12.0240583438665	0.409295902366076
55760	11.2388764761483	0.575924068907409
92565	9.8671687100131	0.430513772144029
8038	8.35938310465673	0.180362465952475
118611	8.26995127044269	0.16475130631379
1793	11.6428922424985	0.485004416814907
642938	8.33227357009043	0.0923036421468048
119467	8.38939348936525	0.43757463199809
5791	9.91496456747198	0.892793323483154
4288	14.2926855517639	0.477043854612775
101927381	8.23841571447969	0.162897628484834
4255	10.1287118946076	0.828191798919995
105378559	8.30803943594006	0.129765904732877
253738	8.37722689900683	0.163811447395394
387723	8.76653113767867	0.181792217514773
119437	8.37456281089248	0.0868575956917867
10539	12.7807285986582	0.330497815575503
55844	10.7923279642365	0.202900410861727
664	9.78242162322032	1.37638719228012
282973	8.88448016026184	0.294088366770408
10570	8.62745860812925	0.556337821505179
282974	10.2123532019975	0.346874660347199
80313	9.23693085758096	0.370625824157285
170394	10.9358290015839	0.618858863578376
170393	8.75689037465812	0.312875806711937
3632	10.675031518748	0.521159426062416
84504	8.32222978211633	0.367743211441343
54777	8.4286169991596	0.208198097589701
101927590	8.24491410062227	0.16653400303647
399829	8.26780902720602	0.123464354392918
85442	8.86863404958071	0.606410219869347
101	9.7143968334354	1.06753486536352
10844	11.8288018884044	0.241936425635906
118472	10.711392892268	0.589992183946912
50632	8.36416647072882	0.220940389254381
118471	8.35702470356133	0.147644971322749
282969	9.30388015850665	0.521315937774346
1892	12.6064190702059	0.340670723102265
196743	9.04947785107424	0.494883788107203
92170	10.6108314974262	0.405568856506382
503542	9.30976362217246	0.155744175287938
619207	8.61797855499837	0.188579885033863
1571	8.44541880068237	0.191447176830513
399833	8.39942576080114	0.0937788247230785
51272	11.2344039605595	0.541686035024356
60626	12.2977087220073	0.587388730180227
23410	9.99232224680677	0.448788535261114
5719	12.5524176461025	0.451484731028725
171389	8.32286465522829	0.218991201772886
80162	9.65059908400304	0.602221616681046
10581	10.7409033256615	1.64943348685665
8519	10.9821191102491	1.87320697106821
10410	12.6041546514749	2.19631484859645
338707	9.84878130217306	1.40192732839423
11187	12.2019165905795	0.918124351584399
59307	10.6180838335957	0.803148003794159
338440	9.36324675469471	0.537976952997282
81490	9.79077266375613	0.368870732618701
6050	9.53144258222338	0.651343130124215
115399	8.74290994654588	0.377940180468917
3265	9.11281280698029	0.63407637609745
256329	8.50734779524887	0.2599943838919
8045	9.81793740611957	0.683146459630451
100506211	8.44837285762189	0.264319871016991
57661	8.74163884164082	0.365546064221312
3665	8.41680472455591	0.174122738495866
10522	10.4692000796915	0.417077487139448
283232	9.90956885635623	0.299645344772461
64787	12.4197009928051	1.05777808929665
6888	12.718458512825	0.3820605899778
347862	11.095522023343	0.650252695433422
171391	9.21662645596414	0.326853537275588
105369190	8.98191050421904	0.30213827383523
51286	8.87064959495316	0.832484684616395
79751	11.259889833336	0.60426157856349
101927423	8.60480516464188	0.151034303236137
55367	10.0857848802559	0.311677703491957
6181	14.9097870665393	0.288958272029882
619565	8.50383171569867	0.127284861131799
57104	12.1408221550262	0.626917862311489
283229	10.3969671819058	0.982573264276973
977	13.2752006680111	0.492117076608306
5441	12.9346987252679	0.370347557120134
7106	10.9613917704817	0.976330940465262
66005	11.7942605527412	0.437626250001276
161	10.2043529251283	0.444092064357185
4583	8.44055628546644	0.388294037054599
4586	9.57358218335678	1.84626703427154
727897	8.9619242032703	1.09246229270883
54472	11.5819979818985	0.707718185755482
255512	8.72622790624374	0.153123486704029
9024	9.58420975023839	1.05806545901434
81532	10.4327169195485	0.372259937229434
402778	9.70838888297193	0.79195353312112
1509	15.6638506516808	1.26645322119688
90019	9.34503362506697	1.13880133333701
7136	8.59538338998149	0.483552381238119
4046	8.41007648217094	0.210263209291801
7140	8.28386975124638	0.144920127563733
6150	10.1629324437373	0.384400043342453
100133545	8.31479558314537	0.150150942082464
283120	9.43147313209929	1.39985165700235
3481	9.21880172257934	1.38149252696012
51214	8.38770940174111	0.351316499674839
7054	8.76109349092267	0.480589121990243
430	8.3150678725245	0.185263270844419
101927682	8.34495212101849	0.0838234506215811
975	11.8244541116748	1.43057755198139
10078	11.4311455944238	0.618068109847871
3784	8.56049128317692	0.337830319644667
10984	8.97564603839924	0.209022582308652
1028	8.39436004241252	0.179881390791887
5003	8.4838742081965	0.197563777576541
5002	8.89544154525215	0.289312413099127
7262	8.33494846506856	0.118672373988202
4676	9.95667500496841	0.675834255363254
833	9.79970530611122	0.665499677906452
114879	10.1164970736207	0.619701734434341
7748	10.4046007698784	0.571923701955795
105376526	8.58575108893113	0.349854172259787
116969	8.37350011073832	0.477741884773842
57053	8.66404747936313	0.155795285805898
4928	12.8153035606935	0.501694407802084
27315	10.6842798504306	0.455321640715706
391	10.8602138962298	0.535152583139001
6786	11.3520039050406	0.784131599788903
6240	12.7068078398251	0.467998159322349
6737	10.2162472123326	0.630596890935857
55128	10.0478739749524	0.512787208516965
143503	8.90631170445534	1.87645535469437
81285	8.26523656314626	0.25936800327584
3043	8.5823861107689	0.941126371979975
3048	8.21217417818772	0.107972317575014
143630	8.30209001514661	0.117987164859607
117854	9.20548787916385	0.971872892606003
85363	10.8346680797544	0.670327606662576
10346	9.25441972461105	1.32142856932223
160298	8.38548970952396	0.0711514441391972
84067	10.4537377002674	0.384753316102199
1262	8.38011241084313	0.167651730142218
112464	9.39611079517039	1.02986306780844
6609	10.4449973041704	0.736142784267947
322	9.17488543784287	0.725386085538171
10612	9.48476155829924	0.458699754362837
23647	11.7712544473671	0.515561074283679
26515	10.6583041383303	0.396714438194093
144132	9.3164691305647	0.338612275174498
23378	9.91901399533416	0.275643968166556
3611	11.7080468066341	0.325294517834266
6881	11.943983441145	0.648742371346174
1200	12.3720410955079	0.939678483162956
8642	8.65827701789488	0.359712970141905
63875	11.5924990727525	0.474468712581374
387751	8.37209101799487	0.16284113060876
338755	8.32725184517336	0.125208568308811
7762	9.08458018478977	0.612153853224609
7761	8.72967555704948	0.435492034250938
338323	8.30339865554154	0.111248177383835
143425	8.47708773015934	0.640953806112462
100506258	8.28803796188967	0.102541757145174
8495	9.88471528778047	0.712836091554288
51700	9.19749885039897	1.16308557550595
341277	8.26369214404215	0.185281781291209
8665	12.4054342015215	0.520058130575055
7275	8.75858918278157	0.774413815855181
79608	8.25816023787296	0.118148145513509
65975	8.64842713545308	0.568762629441726
9866	9.57597997149873	0.445546506951815
6157	15.2158895555784	0.375980127236313
619562	8.66737573604534	0.147794485885088
677826	8.43558589421688	0.105144542318731
6764	10.428849197987	0.607592851712446
56672	10.7941950818345	0.409219464180426
56673	8.37845924031363	0.0642466372871985
56674	11.4107490135436	0.558514264394927
493900	8.58353719431107	0.305083894355617
56675	9.10296443542783	1.0685436021778
57758	8.46626265976957	0.214741748485155
23258	11.1541342725436	0.661852008952629
440026	11.7135311455385	0.446549629612762
10527	14.0021293772615	0.373081018059084
677808	8.39394705688587	0.068209997473251
644656	8.66141866629428	0.152032602201842
7702	10.5839429587507	0.573736418263258
7465	11.5964722093506	0.552204989593292
23075	11.4386658329936	0.816014537259615
440028	8.80738018814712	0.349020019656552
283104	9.28232109139302	0.307724588137518
81846	11.1051524488255	0.452580500707692
105376544	8.63948547692975	0.235164047048206
133	10.7535838153846	1.24425152563711
100130460	8.32121897454796	0.0875444521837699
272	9.81184088810497	0.718688213492107
100463486	8.37126872967935	0.106932074455364
50862	11.3108775041644	0.36631582959282
100129827	8.32118944554224	0.088699568217613
10335	8.41300380180948	0.191412635247309
9646	12.1945386940267	0.535024534045579
1982	15.6217803857897	0.570807874218273
101928053	8.56367687593245	0.203238592951812
58486	10.590657238317	0.48909707343378
729013	9.38086058573492	0.149544995997482
374378	9.57034559276818	0.979105233096062
283106	10.2025970607185	0.143773163548454
55031	11.778977800096	0.343219970275483
27122	9.36828508232928	1.25664029838681
9645	11.6570427757203	0.82305067286236
84953	8.86893782097537	0.43742341681191
55742	11.0627949924372	0.523063333270102
7003	12.3164546843366	0.647632942394193
644943	8.55527342643565	0.58707942642836
406	10.1699071460164	0.676725268301306
84280	11.2692820241817	0.474751868571845
84188	11.8863401772313	0.619046955809728
101928132	8.33622434933593	0.32325035938569
10418	8.98876050779601	0.901322893110986
22800	11.540812908099	0.499155701515853
1315	12.8061399689582	0.365365064490996
5682	12.5880549854754	0.387733696650266
5140	9.48339331562662	1.23300756995587
120227	9.7034636489978	0.385632670772937
796	9.30465184111293	2.62156652823039
797	8.60803112814906	1.06051980780167
387755	8.46021910535522	0.322978363402977
55553	8.84237962179589	0.763537693024497
10944	12.8815132056863	0.29999373060345
144100	10.9867196587065	1.25681943672508
10819	8.9171675137664	0.370305740555094
6207	13.9052319540583	0.28189284893365
26822	8.4512464928998	0.0889319831699992
85388	8.44010069200447	0.0945660443087441
5286	11.9676894585608	0.346022769546226
4925	11.6645016285211	0.729790666195673
374383	10.1703286291752	1.03357716517204
3767	9.00404760903957	1.0700276824593
6833	8.64144837589517	0.987909845124691
10083	8.76856282372204	0.969448376416548
3746	8.64952990426142	0.528543587014051
26297	9.92951485935158	0.556588461148254
7166	8.54216362329856	0.753861168082009
113174	10.3110054061061	0.489406626363817
6289	8.40024287962391	0.331049124345103
6288	8.62541337109544	0.651482591818766
11234	10.947068938817	0.385582867527891
2965	11.4469017308092	0.38935279880334
3939	14.9458277438927	0.332102697674475
3948	8.34146994392051	0.205087200556954
7251	11.6090553356472	0.535793791784631
55293	10.8036602254304	0.378597831287741
100506540	8.46169673273086	0.0900562585676345
144108	11.2178170290094	0.468835022480574
144110	8.82133602668759	0.331649881922575
283284	8.4081040340246	0.223076125784061
117194	8.25012521079928	0.132944732374905
54503	10.7732766571912	0.690268342227601
79733	10.096934058075	0.513063430315051
89797	10.7357297854608	1.5307311345423
100126784	8.82881768973024	0.616183142817676
10553	12.3209014041395	0.598354807374159
10196	10.9395097699519	0.524688401233778
4745	8.24937196022212	0.152635436285942
203859	8.86851540951296	0.892284976576794
2188	10.1947682710716	0.450172109697726
2620	8.49030979312617	0.18383022734836
258010	10.9444393085743	1.25086139969726
338645	8.716343901057	0.492871848467795
103695435	8.63464909846771	0.462089338743172
91057	10.9657751600595	0.6919052475393
55366	11.0233923856051	1.48019686249025
55327	11.0704078835917	0.47672619509645
497258	8.49048973463245	0.148809259716881
627	9.78311473278452	1.22598025297551
81930	11.0534538281068	0.491432579487766
196074	10.3916122904608	0.250450992923601
3739	8.30601176441356	0.362196140536519
120534	10.257384171143	0.281915336623702
744	8.29036922044203	0.233498450975391
120526	10.0273886278364	0.280018265066656
196294	9.53048351683898	0.288345448980641
26610	10.3310036853166	0.169159820970691
5080	9.38894263768578	0.694549729562776
5954	13.1016461540307	0.951079062140582
7490	8.67159061299509	0.775323370861583
51352	8.47730501970926	0.497770563105105
10480	12.5130102141482	0.368419181240816
493860	8.43225379241092	0.0982740581100222
79056	10.9159791503728	0.815853781941738
79832	11.8369048959076	0.390001740575614
91614	8.76343243426201	0.440739682526186
55346	9.95801187948273	0.600429272578948
283267	9.62364651566567	0.521237646199996
1479	11.2599490102696	0.363408106236531
338739	8.46379363578715	0.179766436226375
10114	11.2985292163009	1.0500114101712
25758	9.58047555787451	1.08266987935584
100131378	8.59599591391829	0.222840073433099
966	13.3932842520979	1.16586124753466
26273	10.6798071374135	0.363545962764013
4005	8.7234793601339	0.460052882715454
4076	13.997036831729	0.16108716495645
55226	11.9498239690538	0.293920788361339
25841	10.8462143758523	0.475677991933624
847	11.1617190883949	0.683584062556892
2001	9.05217962801896	1.31278080722614
26298	11.8884053994979	2.2572744266659
51074	10.6058869245838	0.418333639347362
8050	11.5874170848825	0.537205051218016
100507144	8.4308158867975	0.216460303986027
960	13.2999999821244	2.02419512422665
6506	8.34684329237342	0.18930926986019
24147	10.6484638050248	0.860248382924004
54765	12.9531703335751	0.609241320785087
143458	10.5558757004472	0.692502478914375
29099	10.559702335658	0.230895301704737
79899	8.6292208523689	0.387750674405747
7189	9.93862149009988	0.302453032576667
5896	8.49749193302133	0.116745118040619
119710	9.32065048335621	0.21195904478591
57689	8.31665811797333	0.197529220180506
8539	12.2901081199933	0.452946569482613
55761	11.8304423147098	0.632385909034069
51144	12.586158354291	0.303620901943612
221120	10.0437051759754	0.578537527973241
729799	8.51948257370731	0.119830251861283
100507300	8.36217401794428	0.0827022460017195
387763	8.52504376477115	0.287231762979395
84680	9.09102295344044	0.334913224277455
2132	11.8338169102669	0.654671886368489
60529	8.60420869302497	0.696974940721357
3732	10.7265684380452	1.85364480700274
90139	8.73720610966564	0.759743141747631
9537	10.2975881039026	1.54799522835624
56981	9.63175166860073	0.439973976567821
57586	9.58445222200969	2.27843577679789
101928812	8.23764031101505	0.177327178655011
8534	8.28764896966788	0.150472285658221
55343	11.0812192429557	0.713544651313536
1408	10.0779139336298	0.364915586030087
9479	10.1294189802086	1.12917667543419
143678	8.37037425927361	0.112454779800883
9409	10.4875393344445	0.362618696006633
120071	9.66277014867834	1.46311511978946
51317	11.0490811864189	0.553963163536326
90993	9.75683741139345	0.990319316691278
8525	11.8124083835294	0.432712144490142
4192	11.9942251430228	1.69982883036443
1132	8.91621362321542	0.570155579481249
55626	10.9599585224269	0.343182722668693
283254	9.2418761823364	0.173644568670397
9776	11.7632036959629	0.351712711745324
392	11.5084693309705	0.36803301944071
79797	10.1256163367651	0.260595849708113
2147	8.55430314139145	0.836584995827813
9793	13.2616515836078	0.471737394558673
692108	8.3526096050518	0.0736052879714978
100507401	8.43618762560151	0.0959233369050422
4038	9.52094517458947	0.885650211171398
79096	10.2264839236164	0.243961773656367
84364	11.664111525864	0.453415291466161
29763	10.9032490724141	1.00468997470648
1643	10.2364484893383	0.498432384761322
53	10.7964363479295	0.311249553380131
10062	10.0117716996422	0.762343378590631
8567	11.8269740831591	0.43558865380429
6688	8.3123483821946	0.0687262288145737
91252	10.3201533534385	0.502277204816743
5702	12.9448791953722	0.498153042306134
10658	12.9100950055579	0.391846481364861
114971	11.2776386619704	0.489716818205265
55709	9.95699886619072	0.488067696040888
4722	11.8440290299224	0.380020457500744
23788	12.3986878743373	0.507591421050282
79841	8.61399781487798	0.245493650209147
23360	11.4526606548042	0.258213121464049
23279	12.100765543546	0.311590739373239
5795	11.9963402706436	1.51805725522435
441601	8.37878117825733	0.0582199246476921
219432	8.28357879286088	0.150231645643389
85456	12.8150377190565	0.756533648433671
6749	13.2211202634045	0.645423837243825
29015	8.93111915140924	0.583967356653957
349667	8.8177888563208	0.397991223352649
8501	9.18550763316669	0.930624213485765
26519	11.0636903236229	0.430505108003696
219537	8.34369637354321	0.183633970569257
9246	11.0188025860531	1.7210646972795
710	8.37221141478445	0.195502019145359
219539	8.37447695442748	0.13449819148424
10978	10.1870661256485	0.279768813569429
25921	12.8515977863263	0.527465696802809
219541	10.6459932513132	0.449150500904118
51075	12.0543347621766	0.409006670789741
280636	11.7887263313155	0.518121275613286
643376	8.32135387518459	0.0861469861136212
1500	10.8758333055391	0.605494597546667
9404	9.96918618910597	0.471807685296028
80829	12.5021647684046	0.511118818855225
374393	11.0860733604074	0.711651514166863
101927204	9.22562279512109	0.465952341731547
63901	11.0820783675244	0.908344949246007
23220	10.7439775782753	2.15178506858262
341112	8.25177403252474	0.172173254194377
105369316	8.38844708291113	0.454681690105289
5007	12.4666462912128	0.330378755933443
219988	12.1173076659204	0.612238340827765
6809	11.4232396314904	0.960194215320742
54948	11.157910344599	0.434312767102091
6947	8.82707893297384	0.524700819565542
83661	8.31919471964994	0.298560905378663
79080	11.72145279793	0.403010832537795
11251	8.3818616785986	0.207017675590584
27339	12.8764287734891	0.295170816752737
79073	11.5967236413914	0.529000225039659
54972	11.2312097165534	0.640508836834815
51296	9.36477927026683	1.10390841488888
921	8.35875102836629	0.264694346927545
55048	10.9144630458603	0.415799826656461
220001	8.40542288459946	0.116843523297558
1642	13.6977603602703	0.370815668232329
26007	10.9074101823714	0.333423308814087
220002	11.2446477581803	0.612553653800588
51524	10.4358241842076	0.312657096263389
51259	9.77172507460607	0.407035009404244
79869	12.3455183157447	0.424186386151683
54949	11.0624100080023	0.308015376473386
220004	8.5801615578286	0.165349366263054
9066	10.2782927819417	1.06604004058068
101927495	8.27922432780509	0.200939667464958
113157	8.52512843983677	0.213097686450607
747	10.2420726431117	0.6342018406854
745	10.3207470991867	1.28831251391932
26070	8.30200524548591	0.138468769130455
746	12.0082612404219	0.397318574767206
2237	11.8460197435783	0.557492025620706
3992	12.7140118952206	0.682105517769828
9415	11.808689756943	1.75240962130204
3995	10.0013442183587	0.768983582543535
5866	9.01665094858574	0.522283359481695
7439	8.76035963627124	0.258764571520515
2495	16.5457491314541	0.809890078040195
3619	12.2237479753176	0.519629342959793
80150	9.66662170801865	0.709064435502908
7356	8.5976435991001	1.03567162539257
79026	15.1878400041527	1.6552521024075
1937	15.4549458336379	0.289051605092405
64852	10.7951581867387	0.19722651633939
9219	12.7969436305945	0.448221286307149
256364	11.0865027150296	0.382710753121431
6094	9.14383986709818	0.245797132629334
26229	10.57488123266	0.451327498655626
23193	14.6250826738427	0.377917581333484
80789	10.911088522761	0.309592823951889
102288414	8.94020217689972	0.150370434456064
79081	8.91866742904156	0.0980882534661211
751071	9.13846558529194	0.202694121372931
790955	10.3882616070309	0.890621121076585
51035	12.1043757836556	0.313162898963741
221091	8.31714672210576	0.0665075294035011
26580	8.84406326045865	0.311214460790059
2785	8.4476896505645	0.0900538041493985
221092	11.5526416691877	0.55822521283186
283237	10.4632571314751	0.245299309687541
79842	9.16542995341764	0.20209503916877
5436	11.2212604842201	0.373856644635384
10629	10.3229937318569	0.280314474741274
374395	10.8715723863859	0.437096910993952
79064	10.3571370649283	0.375090139341549
10482	11.397385992143	0.288459534511377
6811	11.1674139578675	0.536834523048198
54663	11.1127876258131	0.282543173159103
26855	8.41143755153636	0.0909723792671743
23642	11.116894040847	0.537670112134689
9304	8.60336980205069	0.141106705737576
9298	8.66549683312583	0.168177232067958
9299	8.32325208270717	0.111483670144217
9297	8.3742873665965	0.0756582239303947
9300	8.47943404594241	0.127752547234975
9301	8.33321340559852	0.0720408954187921
9302	8.4082805261035	0.0985663092937104
9303	8.8227393887798	0.198786429232699
6520	13.9839047522724	0.847829388001625
1128	8.23267941305794	0.134953390173394
117245	8.30481530342403	0.199428817790203
5920	9.90339086532928	1.27539353519272
54979	8.76664979809145	0.48170319477901
11145	11.1126567407926	1.56107770796767
25923	12.0284362215895	0.949322487010497
10313	13.2393698557794	0.477538302912801
65998	10.0906407678575	0.451058085379517
144097	11.1526314237804	0.539941482837311
2011	12.1044710502504	0.599890152097102
283248	8.8393211116421	0.413828872282952
79829	10.9680859276492	0.619269025342796
1351	13.5031249467309	0.474316030696984
55611	12.2952131135767	0.488714984003556
28992	10.134439271709	0.282930581125643
23769	8.50575736788545	0.180715153852339
10963	13.7938316159224	0.261025978797157
83706	8.78695266862012	0.146163283944496
83707	10.2921698496038	0.325183667422356
84304	10.8227082857394	0.374358605816159
3338	10.2594327623996	0.271263766386841
7423	11.3324534099952	0.702008103964549
2286	12.2203048952323	0.588996665712045
26472	12.5727590428247	0.747313438276684
5331	11.9739996430961	0.6726984709206
56834	10.9005892230703	0.692226930946214
572	10.2470909514277	0.518662758574525
25858	8.54787932449763	0.263460150222145
2101	11.8078687000136	0.501480291363939
51504	13.1433400070815	0.481806669519909
25824	13.4500058623772	0.630625927554748
283234	9.2868350825184	0.312548865541114
8986	12.1421704809888	0.801262571166359
9379	8.37507961317281	0.186215812554527
10235	8.4943397033255	0.305504081115622
5837	8.54256882832277	0.214807911804814
7536	13.3345693610968	0.266828361838742
5871	10.3515025078224	0.356447946630758
4221	11.5418865786717	0.383960694401219
55561	10.9251115710608	1.23185889121829
10938	12.6099207511642	0.910305922149853
23130	11.1062147000875	0.386851124783206
5526	9.93233805260727	0.381815195201829
116071	9.01842244210582	0.681605215666031
402	10.475885074274	0.448693128337694
29901	10.1892569357035	0.465420257834909
113130	11.9970857717998	0.576790156748059
7542	10.8806879926728	0.421210041244218
738	11.4940227114535	0.615830914218809
7108	10.7065704183819	0.807227657213304
741	9.97200447393807	0.289971097546374
2197	13.7442553885452	0.297263382617578
740	12.1357056643459	0.435005765503812
84447	11.6171952379705	0.415676592834271
728975	9.22000673483934	0.539388342304267
823	13.6789511037051	1.18203679749052
440044	8.77642464478306	0.471160069623289
23649	11.0851639143154	0.460308254760776
10435	9.86519165546357	0.677822438752008
5977	11.6078425201018	0.385731969789657
220359	8.80584585968622	0.282932685890608
283130	9.16123761671394	0.325889770710426
83786	11.1559569559856	0.507447775944326
283131	12.8930643247243	0.679696729313492
693197	8.34478782117447	0.104508541014574
101927789	9.07451467494644	0.541844449696003
378938	13.0746254328915	0.860968005759304
57410	11.7307934663198	0.343191537737767
4054	11.8480549088852	0.970961898740631
254100	8.74382304159479	0.085910330417659
10534	10.594712791103	0.431235211150509
23625	11.2191531380398	0.403734857069624
254102	12.3323850774942	0.939807957387296
10089	8.47759729694673	0.135113798146599
4296	12.1985990390526	0.65230638957596
399909	12.2407971339843	0.453178949680853
6494	10.6873316912278	0.690649617439719
5970	12.0226557604919	0.497396031740276
10524	10.458242638632	0.507975193749174
84153	11.0123288148946	0.414945705672023
91056	11.2713136714205	0.650037724619994
5017	9.56874854238277	1.08576812361371
101927828	8.28044800792319	0.123118210347715
254122	8.38273568773971	0.115233486450946
1072	14.8493023177179	0.42077550807595
80198	10.8510811701699	0.395011725622516
30008	8.64742881898965	0.292257182878992
9158	11.2282462189499	0.374818231131625
11007	11.7110984444325	0.668979264984733
8061	11.9450375444858	1.382761289159
83638	10.9218816449703	0.710059248237677
10589	13.2395395626072	0.961824257518326
9092	12.3729018483827	0.300149286168912
84285	10.9908858092034	0.326867601218227
8815	13.1045015050429	0.484369675681144
1474	10.280430042135	2.32910931599189
117144	8.92914285986357	0.616866536155519
10992	13.6166623960868	0.280373482808274
55690	12.0740674694842	0.648681697201231
64837	11.6104539122047	0.529034619916651
81876	13.4296995796423	0.657469499626479
254263	8.82523499524797	0.377845329944493
10897	11.9956047324726	0.553657356481822
256472	9.0354157352225	0.742442225235127
9610	9.90637959258079	0.532085137268298
25855	11.1995146221997	0.333188162893017
11041	10.3447488438957	0.581497269383157
102724064	8.6472207018256	0.187412791468698
3177	10.706584276171	0.455825042920947
65003	11.760880414516	0.436291171845957
246330	9.6663528935802	0.442100628872828
101928069	8.71134180751859	0.115543245058077
10072	11.9687579619271	0.634086449185536
582	9.81812062770828	0.361836529464581
254359	10.0936853400121	0.38713293086706
89	8.26150377742934	0.104628361473917
8722	9.06684864036308	0.786108118976189
55231	8.63307766424895	0.168195855749288
9973	10.5326546651791	0.432791867627066
10432	11.3831235865302	0.174508782441037
5936	11.2124584529504	0.235095743881435
83759	10.0672984781597	0.367007029922416
6712	11.7349259780054	1.1737715550265
105369445	8.56982619907816	0.158500460757056
79703	9.9198049094062	0.435459544096863
9986	11.0473549487536	0.405551144002421
5091	10.9218807694232	0.752026084817122
78999	10.6141904991505	0.405391439327247
254439	8.42826396719341	0.207494235515943
91683	9.21375891048031	0.981052647089013
29984	11.3584097566891	1.0976615520993
22992	13.1149525849572	0.501773415210113
156	12.2035101606227	0.561995502432785
338692	10.4007256524054	0.449617072495964
54961	11.1121981366244	1.10631604342012
100130987	9.0248433393554	0.222855859319558
57804	11.2560503084111	0.593884721429571
23529	9.91415834763452	0.785121503235835
5883	10.0120245664504	0.329894742746612
5499	13.3114363586272	0.534961033581409
57571	8.48366519002509	0.109440083044426
6199	11.4009208640736	0.3577143009322
5790	8.58957416500589	0.113660302032016
57175	12.4440983048688	0.391315875308618
390212	8.23691762305723	0.179228370794261
57010	8.49652258737346	0.443391772740498
80194	10.2776739232945	0.276873315267609
9049	11.3461211674115	0.497709392793672
9600	11.5122515514746	0.569593706722573
10263	11.1890395986139	0.393511378368776
2950	12.7179408693415	1.8622696788782
4723	12.4498985738432	0.223520420251322
254552	9.21488595605931	0.245090846300845
347853	8.38402715973787	0.34677970788576
91703	8.58563452758347	0.316441132722703
222	8.67232962599732	0.53385955831247
645332	9.21740846589747	0.285051260776019
81622	11.7083394071008	0.949149220793075
221	10.8104881305291	1.14612985996963
4728	11.6398524677841	0.302026067505509
100616403	8.3704049559683	0.0643429430551773
10312	10.816831185745	0.860030467404233
1119	11.409129705944	0.951228209063422
51111	11.3187341885945	0.552923415558813
53838	10.8690214954392	0.32048733958034
4041	12.9283678798753	0.685316158461153
55291	12.5176003731517	0.535766829438796
51083	9.86662826118572	1.32004056700726
9633	9.70616383343229	0.358794340051794
1374	12.1356080158572	0.952572362588374
219927	11.2109065783573	0.222106105738183
3508	10.5874853036529	0.319110938650302
116535	8.33943989244256	0.163394359739386
219931	10.0345663441623	0.338592202227628
26579	11.4632475280853	1.92454019204195
595	13.2578468037316	1.12686958246837
220064	10.2188895384158	0.333810789017755
9965	8.60423109266112	0.39028952409251
55107	10.5836312781315	2.21991122969903
8772	11.3059313166034	0.405976786250382
8500	12.1816800923213	0.462652196538085
2017	13.9545440233311	0.88085590384291
22941	9.62704271585574	0.894388253931299
1717	13.0138687230522	0.64566845793283
55191	10.4812087673247	0.367768951694946
55199	9.44837660383457	0.194096887804121
285407	8.41152684251807	0.0960296062362206
100133315	8.81195976302855	0.112864291746435
100129216	8.41327821923902	0.0999531293379804
55298	10.6349756646767	0.424254941732164
10068	9.19131964015147	0.247774956603962
4926	12.7340270832058	0.501669192625358
100128494	8.41197952493007	0.0690573319869966
220074	9.5283043973024	0.273970266735097
55004	11.6123435564151	0.5957721777266
25906	9.79029123486844	0.314167154277884
2348	8.48763826988271	0.33139153575786
3636	12.003543029343	0.533702966971942
81570	10.730898581944	0.561631954077433
101928555	8.27648820692397	0.141540964301523
5138	8.59233231547592	0.292193572181613
116985	11.757791106672	0.629865705542855
10809	11.3603783396146	1.27556781302287
89849	9.27919292817102	0.281125355363137
9873	10.5969659793142	0.49623250739027
5029	10.3242395346914	1.35220441974541
5031	8.81568158695938	0.481624175657896
9828	10.5227415857919	0.847123155103065
84957	9.9339836923668	0.362485405080414
23201	11.7755561884798	0.498005708874762
58473	9.52453493785116	0.830836796988104
5870	12.7395836147452	0.502753634403621
51642	10.3422276641499	0.352371345961996
51287	11.5419457520863	0.457480030229616
80227	10.2830102031517	0.312011863924668
374407	8.40029651016913	0.157110193609024
7351	10.6489171184263	1.2002596228056
7352	8.51826723046609	0.0931868359452336
26005	10.8557578296034	0.425690829175205
51400	11.708767071847	0.463636382975063
283208	8.42384208720873	0.264279808154863
283209	10.8964673453138	1.5190622207974
10008	8.8855172797774	1.21129814199051
387787	8.96355615956393	0.170121615056234
100287896	9.18051747351501	0.227371627953738
10714	10.5638948822415	0.521873909949606
254225	10.5019621779973	0.467562865580786
143570	9.87227282850875	0.479220413804917
9789	12.4352166564201	0.54853803483832
10825	9.79447122448961	0.398592038833811
11309	8.33917926749075	0.126306875404328
100507050	8.27969586028356	0.191508099316406
408	11.3000201246617	1.42916737519801
6188	15.7540444727143	0.390392422966549
114599	8.36865621049892	0.0946281095970078
283212	8.95334371171933	0.491067899059814
81544	9.40692376036861	0.397932547609691
871	13.095305063741	0.791492062179477
4135	8.57631206482289	0.410220397825106
84649	9.73583952994442	0.646444492091904
7405	10.8098859436626	0.342033503770975
7481	9.08931128275006	0.781175791774696
5612	11.3841483281966	0.434873458540072
100506127	8.61297503274282	0.117787310530225
56946	10.8470002781497	0.3706174282218
25987	10.7655182224554	0.86365674207707
101928837	8.39387217961749	0.0806959033105532
55331	10.7537469416617	0.58794855792291
192134	8.50974981140298	0.616206162099542
726	10.2388784549279	1.07439270638536
4647	9.12146838053022	0.426056436811088
5058	11.0891036581888	0.519376237558093
282679	8.93946188585606	0.160236777798422
1207	12.0298577541707	0.436216990855711
51773	11.9714227484534	0.341130950349962
28971	9.69112027853549	0.430963605035301
92105	10.759055017482	0.353082239908146
4718	10.4990220271952	0.31304269486795
79053	11.1656073581903	0.430937996764711
100289388	8.61318565569006	0.159377592108831
283219	9.76014121676281	0.301033649843062
57558	9.80557121573585	0.277327970094841
9846	9.694964570515	0.782019304050816
79731	10.6567250893107	0.276485715252628
26011	8.49441542646032	0.419647923907973
220382	8.2998149289667	0.178292706729074
5547	11.5412077391284	0.496720863166926
220042	10.4912945761672	0.423534071276395
27314	10.228385459902	1.43950095540572
100506233	9.74906159522056	0.392248083318299
51585	11.3023667959909	0.214116218488259
338699	9.93194015377465	0.276541213033712
60492	10.8999344651622	0.317218953654794
1740	8.95939068013517	0.382576904785784
55863	11.1567279842835	0.382410483941833
84233	10.6792288718452	0.400318213928751
58487	11.5727263300882	0.354766522742289
220388	8.37610595908292	0.224122484256782
54843	10.5526708721859	1.50484968529253
220047	8.27991131935609	0.147194241389752
8301	12.9898291857031	0.459027730102052
8726	10.9702249032741	0.418258775594149
51501	11.0106327098122	0.365124162659808
60494	8.42664500229244	0.087173462795748
10873	9.86048338635371	0.629293616572632
11098	12.7714639181133	1.31164279701997
8322	9.72229044794016	0.879710021136845
100506368	8.5079225633828	0.150567288092188
65084	11.2820754570763	0.463760714824205
23682	8.84397238986467	0.905586911078463
1075	12.0961668039848	0.621152477520802
10003	8.53023024675534	0.130323914158062
26973	11.6395459811163	0.409532121755089
120114	8.75438162684962	0.693008773081739
120103	10.7606313359514	0.762513513365536
105369447	8.29936046460396	0.231004081535514
159989	8.24526478840513	0.128214829620015
56935	9.92810974854106	0.84283732711922
85459	11.1069496433275	0.223479202334069
619383	8.75703165371773	0.212837383083675
684959	8.46153568632379	0.0768203437368342
692063	8.71713505070125	0.117447884516055
692075	8.42336539570188	0.065862327854719
677792	8.41865531906699	0.0643495900530963
654320	8.77830564650398	0.106349883584315
692072	8.51718390462121	0.0597858640937654
677805	8.83267878851564	0.144205115670183
100302240	8.39735955356943	0.058857792859076
677822	9.23140540751346	0.18961564989496
79101	11.1448968862886	0.331241053089022
28970	10.7213612240739	0.441183857033278
9440	10.9080366866901	0.214004502940687
387804	8.35173260566696	0.267411188786485
341208	8.37295215080861	0.173024302583792
24145	11.3395956832593	0.743349376530251
4361	10.929414893909	0.378875455504798
54851	9.7906277471233	0.253518872841141
2526	9.88828443617591	0.636052975597341
143689	8.55930466100659	0.197234496933942
154810	11.5130301044599	1.36109621440662
51503	11.1417314802301	0.426565978333662
55693	8.80315953900023	0.22649263681617
10929	11.0285291699509	0.278661857643152
23052	10.3871208703772	0.949896240157352
101929295	8.33003352313065	0.123232180907486
143686	8.97505125935176	0.918691766096691
100129203	8.26846475483218	0.108170493037096
143684	10.0282628912447	0.313209812807246
9702	11.5760895436901	0.285243846468648
8898	11.9953772188098	0.73668054241341
84441	10.2625925450098	1.07009822138687
79780	10.4570695061471	0.524787350222754
8690	10.1650502294405	0.350849511933323
143872	10.2869857013254	0.924485026529724
83935	9.2445915584912	0.518967366426707
57562	9.73502474779229	0.432252656642662
85016	9.13287436016836	0.619543704958093
10413	13.0657014267968	1.74013439506876
330	11.5077522192705	1.30679749231289
329	11.5391387953703	0.446354656849081
114908	14.1511417909141	0.718761981752594
4316	9.02498903287782	0.91718187018536
4319	8.50417486121441	0.417122646764955
100288077	8.35295729440424	0.260193077222214
4312	8.99276772533105	0.742700263516569
4314	8.26821995113015	0.103620959103593
4321	8.33947060032055	0.249161599690683
4322	8.87902890911147	1.18443078319382
84259	11.4163559452907	0.377602337428217
79659	9.77941962375333	0.638815284422989
80310	9.33744089227638	0.918827934184542
100506742	8.25383157512256	0.174052292746757
837	11.0356147406695	0.81733004729181
834	8.82948057401673	0.712735101236537
114769	8.79276654352221	0.556251956470569
59082	8.29522776227278	0.191688439471307
2893	8.30631103521124	0.101438946430704
84437	10.6842484862353	0.343963164999504
143879	9.14173471575585	0.185569895487861
60496	11.5162938439828	0.382872926009246
2977	8.59734054929083	0.673710113773324
143884	10.4172139722757	0.354022774053022
91801	9.94813902968696	0.381951684671303
55531	8.47039242367139	0.462451120459347
54733	11.3614130408097	0.919880004149084
54734	8.95429150295951	0.834427003360664
8065	11.6532912884367	0.422911102889172
38	11.6749053887119	0.696535062151065
4863	10.7132693727403	0.269891376705248
472	11.5238385273257	0.48793020404687
160140	8.53017710474657	0.173886078021153
143888	11.3460579826841	1.43303640631846
23086	9.86068959146983	1.0944337423333
1662	11.2423429039275	0.292931414143335
85463	10.1831542803112	0.761795805650672
5962	11.7570978724905	0.910235143545738
2230	10.9458506303577	0.702172165073846
57569	8.27401480435008	0.208752586493681
341032	8.39889719019686	0.44127184124787
399948	8.62064484447764	0.792924225403251
120376	8.50697399876748	0.507178876565372
5450	8.33860557312795	0.353610736905847
143903	8.44570071190412	0.338261816927635
23235	10.6208043687914	0.441960491497089
5519	11.8126087449448	0.509599178217262
79796	10.6220404992125	0.267389206128003
91893	9.37230877840815	0.374665171327421
64776	9.80156092654422	0.407184913373248
1410	8.33438150526267	0.100174132663568
85458	9.32090860659776	0.831430803460602
1737	12.037603714775	0.392191790822961
120379	8.78679988450443	0.20177833708948
55216	11.0512806766252	0.301763137041473
26521	11.8671386565107	0.331977916202261
6392	12.1756515425956	0.257216589159933
3606	10.4074068212318	1.32278738944677
83875	8.72287815871317	0.561105855935649
5805	10.4063007112493	0.422817432210969
283140	8.32280071876687	0.100351381302623
4684	8.65449363622388	0.671913417019851
54970	9.41504542138993	0.329539869214852
1813	8.72199691890734	0.949844611378396
80975	8.4042911144426	0.12607362397475
9183	11.0106206155036	0.362193289759507
57646	10.9441747591669	0.485688887477251
3359	8.29130397768149	0.10928092208844
7704	8.23535884552626	0.143476969888648
4837	9.20575334438663	1.60459682375951
54494	9.85360593679551	0.274100665648926
10179	11.1943795119276	0.433317169490731
25996	11.5852841387754	0.487241624510545
120406	8.26289547990956	0.119895641142373
23705	9.252335556972	1.42951492867975
84811	10.5302247926397	0.325891645046633
8882	11.2344285950564	0.455833890108269
23387	10.9184774722833	0.331609947880089
5049	12.5606046578349	0.57705888249227
51092	10.2843921338847	0.587911033464401
100652768	8.56602766387127	0.12721617339098
6876	8.9128655251174	0.304239140669636
9159	11.2215467131763	0.368548573056976
257160	10.4743742978841	0.319150388615451
23621	10.5765445169127	0.813588903677021
100379571	8.71302151317143	0.115152785801127
22897	10.8979903811011	0.452310868869859
57453	8.61955399526447	0.870657276561718
53826	8.44726233288251	0.265112254102369
84000	8.97313304969073	0.755578772168714
3587	8.39770598696224	0.150106204990451
56649	10.3694433469203	2.41425977895046
196264	10.6266055034027	0.995591487558582
10205	11.0890416596142	2.04437218801705
9354	12.0836423879206	0.326493799048215
10632	13.240485061655	0.46637432498152
4297	12.4813875354095	0.50691995285451
101929089	8.31857574361591	0.102983295666104
143941	8.31606143634341	0.126691150551369
84866	9.53972833931189	0.742699316316635
56912	9.71713094845662	0.567193689148811
372	13.4382285550064	0.450687974372278
23187	10.8012728183776	1.02318938788258
11181	8.31574150743623	0.074335106478947
1656	12.8409259606422	0.493431774759302
283149	13.2937053423681	0.918026799883335
7379	9.58653000226823	1.5578601212483
338657	9.45933054265915	0.309606366581555
649946	8.43609451673695	0.112424649936434
6230	14.5886636746571	0.335019956171557
51399	10.9952926842654	0.322345385304866
2542	10.6326288861949	0.359269293414567
10525	14.0037530558105	0.74197518335926
55823	10.6082120006941	0.348618797543334
3145	10.9357310662807	0.476964448983829
3014	12.3236230387894	0.714001097204045
1798	11.7029157347303	0.305611281088151
9854	9.87670674764052	0.361457712972528
25988	10.0414129716084	0.214808347762461
64137	8.33676526463696	0.216430500771425
79671	10.526930766978	0.461119666993724
283152	8.76930444463849	0.167944918451776
867	11.9091040328294	0.649967949147014
4162	9.25466634207133	1.0042566469124
79102	12.0608002571283	0.53373280024748
9099	9.0222859511722	0.504957444519002
100499227	8.77141151309761	0.245272886315099
7070	8.38285650585859	0.307085733004442
5818	11.4885941346581	1.4486997995892
102724301	8.38002995509904	0.131090312650179
23650	11.0259475074539	2.24607942434752
220323	10.0759136964321	0.8947861502159
25833	8.50308124623029	0.324860682552188
219902	9.30465151315905	0.640499430656473
23365	13.0478387233668	0.713554232374362
2900	8.29959127084222	0.115366114418234
219899	10.3063117908726	0.451041736940763
7007	8.44895177174739	0.148367021187191
6309	11.591789891771	0.671771767377193
6653	11.95494752667	1.95760726640239
399959	8.95062137530661	0.931541782422446
84959	10.640119019232	1.48990895381371
79864	9.52251967733224	0.444251183160734
3312	15.8352038026179	0.521649902720986
85391	8.38659353357586	0.128474553360639
85390	8.32762511095748	0.0969549886497191
79827	8.79066025957942	0.830979951802176
57476	9.12424775560006	1.09903870698614
55800	8.4955043370818	0.251895986220965
7753	9.91872166748396	0.226877355370363
4013	8.87119575646638	0.559274057946501
84897	10.5788211130813	0.390707543479186
54414	10.2957700819939	0.791761631682753
53340	9.6215567915669	0.504537617568446
4900	9.5680782141214	0.912152246504364
23584	8.92117329596143	1.17759120730102
90952	9.43446480310286	1.08477371240449
101929340	8.59447609740938	0.172966979874393
79684	9.5440284583213	0.231961378241311
100507283	8.54158164264922	0.121714073895403
64221	8.88940817956062	0.433940549696026
54538	8.46162858957732	0.413579552638758
80071	9.17217421351654	0.438990323762585
219855	9.61652896841606	1.42253440707679
219854	9.90148407504023	0.417366359437566
63876	8.27665902962296	0.1268003060077
9638	8.45784875880547	0.251507227745809
9538	12.8032814172687	0.533464554972032
3703	13.3938852084207	0.378057904457847
1111	11.4758523160046	0.530060206809252
56	8.45799612543951	0.0826986628153213
399967	8.35290591523338	0.132472820511245
219844	10.1298993464244	0.393294579283684
83480	9.82968299241527	0.225238059079297
29118	8.42923779063808	0.283358569820474
50937	9.59648606234685	0.557461819841681
84881	10.6058658463802	0.383410355245678
79607	10.3173800314913	0.319713608390758
6734	13.2646667552023	0.548567246308084
55572	10.8486687873006	0.296682842964481
114609	9.86156898004032	0.412482336599819
28960	10.4312935232957	0.48622737944771
399972	8.95048950399393	0.34622791073859
6484	11.0500022013838	0.979978285621251
84623	8.48501462071964	0.183274600311438
2113	12.368673402118	1.22667120234635
2313	8.60562267950454	0.528874998570293
100507392	8.39640597912208	0.31513376389009
3762	8.30345366403676	0.123371688140404
219833	8.92500450598378	0.394127337598826
63970	8.32265179392688	0.1249665601843
9743	11.6556509467251	0.72635983732511
8538	9.26025413385972	0.74191145830129
120224	10.3217810779769	1.41220431553546
4798	11.083406168541	0.412264298740846
56980	9.96522920126458	0.206599626261215
440072	8.34093711588281	0.0473148866246739
334	15.1629563274575	0.641871880519247
6768	12.9552360605258	2.56133391203127
29068	11.260218371726	0.614429030457607
170689	9.77986301077504	1.43743091141232
283171	8.28190257688225	0.132177599031371
100507431	8.46385233903591	0.250566896830687
103611081	8.95344877901612	0.180222140376437
399979	11.9165547198521	0.386887796603784
50863	8.33024924183633	0.242722405165229
283174	8.92967046127071	0.332315132083517
22997	9.00196101359565	0.335228961276035
100128239	8.28071550674794	0.099763915305122
83700	9.7847520828738	1.27358663566622
23310	12.1556547027699	0.4498202846504
112936	11.2145341413339	0.440201006404182
29087	10.3956410909453	0.293540278661426
27034	10.131515259365	0.258570852962921
89944	10.1670949278052	0.842678957099752
27087	8.55560968043129	0.351526797407943
100288778	8.5351728539159	0.188504060339952
440073	8.37879205585873	0.179665298764289
6539	8.54696676132833	0.325793150790044
6540	8.33686438590712	0.119887637511756
5927	12.0019499515601	0.403650337774812
84318	10.1994885595945	0.363939025452544
283358	9.39019167518708	0.756946668451505
4815	8.94605705720882	0.412317519365822
100049716	9.30685317944086	0.404815287117675
65125	13.6064521954088	0.591617482088699
5893	9.81306509641637	0.377452279610918
23085	11.8668959319433	0.925146925338334
100292680	8.53074081669657	0.332869437504205
81029	9.18249403825546	0.892812316029612
144699	10.748943561068	0.326897643021212
79602	13.0863353154509	0.443053346491913
93589	8.47094492307613	0.0996405212807205
654429	8.29852200356462	0.10669437050609
196513	9.44722784361586	0.641556931707525
775	8.71731019698444	0.789098147552531
2288	13.7526739175529	0.782436442770989
55846	10.0191603089178	0.400221557591512
83714	8.8039537223566	0.1194327784867
100507424	8.49643584380482	0.143429889132643
101929469	8.39166189690403	0.111744201597645
2305	12.9225848123923	0.613426363061565
83695	11.4765141757265	0.442897341708913
7289	10.8333490689877	0.456484967846792
7004	10.7917330081672	0.588195729671732
10867	10.3422528712143	0.575214297601771
84766	9.46524110941662	0.923893200888684
57097	9.63149378249601	0.359539573412607
894	8.42808854737985	0.0920395001962044
57103	10.7116981440177	0.245670902585855
57102	10.7285107776234	0.355573264382096
10635	11.0077046902499	0.482313640887993
8798	9.75293845161888	0.525386285849532
10566	8.63841933778297	0.33202781602044
4704	12.0627749647332	0.512413119402147
4908	8.4177375837491	0.458828787024512
57101	8.4530516967599	0.568823296134393
7450	8.58578759657501	0.330128250668792
928	13.3066667669173	0.844940963466125
55200	10.3552733669764	1.3467004265602
7132	12.5190777586637	1.02982765573404
6337	12.008026617455	2.09024009450021
4055	12.4015398109203	1.55774650938341
678655	9.45016938850803	0.646086061834496
55080	10.0395653341874	0.586865151929985
6843	9.3213223383596	0.330457765419807
51258	12.8596382671136	0.513559641001804
9918	13.4543313976595	0.672537618454713
692148	8.39515536315072	0.117147893287152
2597	17.5272674288441	0.747699295497955
25900	8.50951507974497	0.201176477278674
4839	12.0001138772689	0.524792062671665
1108	13.5521835623654	0.548955223395377
57121	8.97565761643659	0.767625046940586
84519	8.40797148454498	0.105934842159299
51147	9.98502044410302	0.36816652331205
171017	11.6121713070944	0.330480218045296
196500	8.54150392596576	0.383380602739087
50813	11.7709257480018	0.351618719270389
8079	13.5374545773795	0.386993889921425
5763	13.614903284231	0.895156573947594
3902	8.52403200349458	0.257174085771142
920	8.38620217324777	0.167795044428047
27239	8.5767229498737	0.719275435460703
10536	9.24651911484655	1.14437394637245
2784	8.5248728313463	0.211328416171356
83461	11.1229454687872	0.620905550655224
8078	12.8928416814405	0.386045919417256
7167	14.7202977466466	0.64133898596539
84727	9.99514516584484	0.361106826244475
283345	9.04288995241787	0.15278478560062
171220	9.45126576517476	0.203927490454757
10233	9.27429355248646	0.330520677094671
2026	10.107298627206	0.629380727727876
1822	13.0780019262011	0.380679103957447
113246	11.2907931752148	0.615618542522304
5777	10.4849507087549	0.865552995108515
11331	13.1803431038686	0.536430817587385
677777	8.83387125728962	0.253790093701855
10436	11.6297360217648	0.601513402349707
10162	12.1528894090974	0.660088039380521
716	9.06018378392861	0.889461272250956
715	9.29827032095999	0.571547244415903
51279	10.415203540433	0.457077333775222
283314	9.53507300807914	0.496301206882691
83758	9.24662157227954	0.442276176859604
9746	11.1924180296053	0.803013764476824
5830	11.1989276487928	0.556025741687133
341392	8.41524694714611	0.288673348772672
283316	8.98612034439378	0.715535856774945
144195	8.38754074067677	0.334919055265683
6515	10.2585912564722	2.69747019921006
55810	11.1463840660352	0.481115592427178
25977	11.3536486187811	0.609422700479046
50856	8.36500780816636	0.0839225065658117
440078	8.63373375451623	0.3403308385006
55138	8.3830920155975	0.213956220256825
653113	8.75745601491953	0.38941689232222
101927905	8.45278993347891	0.190565218484672
8076	8.30948593991698	0.139499280799559
57494	10.0469513938929	0.756102774026209
144568	8.64086717071724	0.410190505767813
1911	10.2462289763693	0.551476614544626
4074	12.8200388474014	0.44262916776646
10219	8.44871283607506	0.130653911680956
144571	8.34654715391298	0.102610213719251
2	8.68266707614857	0.832792712994525
100422872	8.80597733756739	0.241106497015423
100499405	9.1073306713353	0.222782083836976
642846	9.43628944091043	0.307346114947319
728715	8.48567170225151	0.120240312474309
105369647	8.39371968685711	0.093934103457829
440081	9.79944690993988	0.354874789169167
105376678	8.39916306124932	0.0642068467769296
408186	8.46748777079181	0.256499022681779
374443	9.35095546196744	0.513139971662116
29121	8.82502428159459	0.206859337587615
969	8.39226232698845	0.286877546849082
51348	8.28505191483924	0.115484730196295
9976	8.79271910600021	0.563993704491386
64581	8.76713196254738	0.562716510709582
4973	8.65474602345765	0.806151122261662
120939	8.24759778250121	0.110977931438877
23710	11.4419920324741	0.596099444032622
101928100	8.89959401606242	0.725091753028471
3823	8.57607229255423	0.574203483176791
3822	8.504226403648	0.35220671352117
10748	8.52139501488204	0.141920632512961
55110	10.8336813236938	0.448281668933274
55359	10.1211668430567	1.08163702708365
8531	13.0737360719393	0.721650183271319
105369660	8.44314265246549	0.0793269337028494
100129361	8.37662915625831	0.0742595041192275
338817	8.4550588519432	0.143777907106248
2120	10.9247077230351	0.733433554352401
79370	8.75981581362897	0.71379905578863
100506248	8.58506799398718	0.113416565773795
4040	11.5294185801582	0.533268889750365
54682	11.0176932613795	0.972190010927558
503693	8.61189439106867	0.212459491929271
118426	9.8077356776735	0.438628419578745
80824	11.0435243342131	0.951260212095373
1389	11.4236103257005	0.376251378581672
2842	9.04261814019117	0.31221614791069
1027	12.2084218888778	0.552324338612211
81575	9.87088781895024	0.352641920785623
51202	12.2925093480518	0.613431707276912
387841	8.81829103610032	0.433543826231017
9052	13.7018124563124	1.73244067231353
693199	10.3978996628619	0.782446556354315
55507	8.68451060581522	0.160324469994181
50865	10.7165710245989	0.674451237664777
100506314	9.07088367709543	0.439105706384969
93164	9.29090620442761	0.545421043328983
57613	10.4522791233961	0.42028228199577
83445	8.36584078028769	0.310049477528825
2012	12.6503901004167	1.58892274881019
283422	8.85289894422778	0.704041137386451
55729	11.7447617247077	0.614949944710759
79887	11.9063254367818	0.95517601497903
101928290	8.80482688739232	0.144358275636535
2984	9.34666812714181	1.36550122845043
105369669	8.72997741546049	0.248962356612828
121504	8.65390007083518	0.227409261900284
55766	12.2971884001587	1.38970803886239
144608	9.09112449342263	0.222135449152609
51729	12.628609716824	0.543172780878132
440087	8.33111332187607	0.0889903232859347
4256	8.62531552182945	0.52746164606472
121506	8.82536791773792	0.553863904619303
397	11.0333860369654	2.03458760070336
85004	9.06487915134059	1.07529119530979
2059	11.9471399035656	1.09833143984434
11171	13.2943225530105	0.539884539286367
51071	11.0615294637364	0.425578351109251
4257	12.9290150658845	1.62053952868958
55885	8.33236531235899	0.126255276690655
102724196	8.37332253612293	0.145829905873245
5288	8.54068207189685	0.56052172182675
54477	10.3690868053109	0.978684071597605
121536	11.6297614474445	0.445400562795665
5139	8.7444648349052	1.01544235074751
28234	10.1912720353234	1.17602532859993
338821	8.60411326129836	0.289429131078485
10599	8.36435652205406	0.175788297051867
79912	10.0836463685759	0.687952254294976
5965	11.2785078783454	0.329577764910471
51026	11.5804037852236	0.410596388093579
80763	8.34144247243865	0.173374774595326
2998	8.34237696028746	0.165625409724772
3945	12.1534297698291	2.87438400016177
10060	8.38880116878065	0.474151133816778
55907	11.977316487346	0.595469471510701
6489	8.45930824393407	0.575854780097725
9847	11.2748156964154	0.481579763520475
55500	11.876334298236	0.656674678088646
101928441	8.24760801000606	0.147547660035118
6660	8.79161983529489	0.823595211002595
586	10.6741041840879	1.94277972785312
4033	8.84660322747599	0.931561027656333
55259	8.42681535499395	0.164431185622897
144363	9.82843891049318	0.310415151170356
3845	11.1973512301611	1.22595926709517
160492	8.35544331537582	0.402899385500335
100506451	8.81096944360735	0.386396921383813
11228	10.4872039088484	1.26015886587591
79365	11.0015594113741	1.00468083230875
8082	9.71948729177662	0.721857922986059
3709	11.5210723078159	0.900512318995843
55726	11.6486220065645	0.588540885761091
26127	11.2400286636262	0.231865199785335
51768	12.517853178408	0.813442168567776
9412	11.0639256406309	0.264058801264725
23012	11.5356611858779	0.470983618962662
56938	12.020380982704	1.2132896047873
101928646	8.31652669762344	0.0930485924745112
341346	8.45747466602668	0.128413529251557
8496	11.7124679022756	0.47360515180283
387849	8.52285433136667	0.174709895509775
60488	12.377648853524	0.500364984918834
57542	11.2560921846061	0.590379172945328
5744	9.41991121813944	0.887576263719209
55297	11.0860644900008	0.321780897692015
55711	9.72839529353115	0.912998688134038
100506606	8.42795378948578	0.139774127230616
51290	11.6785444085185	0.59805399502963
341350	8.33364499032958	0.435758800207996
83857	9.03595507118532	1.26365861119956
10526	12.0102403129743	0.380676885527131
65981	10.4872078023511	0.401897165508612
100287314	9.46011147181461	0.438999630019895
441631	8.50751564923636	0.252901629338888
100506660	8.80623734883882	0.138912203818096
1663	11.272635269309	0.397723320632327
58516	9.06601182589271	0.505394513994892
160518	10.7926171765671	1.28946364508472
100874249	8.38738290959838	0.15101161302911
254013	8.711976712128	0.144689959738219
196394	10.0350155265637	0.47730047001664
440093	8.37456369272122	0.061922341693368
55196	11.327395334863	0.255165785628772
636	10.5295123546587	0.568485834870705
121512	10.5107011119819	0.748336277813036
10059	12.6125799835389	0.541284526583469
51067	11.0496884594793	0.359790919219073
5318	11.4733066917888	1.59915006106009
84920	9.78686759703027	0.315456392359916
144245	9.89743114246756	0.350531185060942
144402	10.0730266279226	0.805628193530396
55605	11.423069419009	0.580882343048387
114134	9.78500279982793	0.826152578472138
120892	8.34919480157631	0.116102008801759
1272	8.32022244736118	0.170251551766368
283464	11.3352134028763	0.407927304167766
10138	9.993800750605	0.261977182087285
85437	11.5309552145896	0.357867829162937
51535	11.2660866647441	0.382337095818537
144165	9.24119978412961	0.707214285724208
83448	10.264527464738	0.407425026936312
51135	10.1116802982506	0.328638840518436
5756	12.8088600100763	0.312283785185356
84216	9.11630882209663	0.344893374506365
4753	8.43630082131227	0.218628361395574
51054	9.37673254015496	0.314078520188541
196527	12.3784168189895	0.511551140599425
400027	9.72879846239358	0.422488731733666
196528	10.9503268881321	0.436598940858499
9169	12.4731969607079	0.352401826601072
105369970	8.31020496528642	0.0842072520935297
81539	13.6593195917028	0.841106962529007
54407	14.5042450293325	0.670187829015916
100288798	9.23896066153079	0.455411248044444
55089	8.82758633802947	0.602459706764753
347902	10.579894453308	1.7622643867044
91523	8.78572779690777	0.416462646161943
79657	11.2618997595884	0.310975750089704
8909	8.34363262609221	0.102342858173336
10411	9.39236319823625	0.798581455631961
55652	10.5951157773252	0.544279778346482
51564	11.4253951642908	0.726051178637078
7421	9.56775489002516	0.841783387735841
79022	11.7617981638451	0.464013945794148
1280	8.34096207617571	0.138692745702978
29843	10.7593696283032	0.432530303039549
5213	11.5679865195999	0.615588813502272
140461	10.0508410241693	0.315904876480609
387856	8.46760068730301	0.2173046386604
121274	9.86540980226494	0.500414137418415
121273	8.35477763889702	0.466565655042325
54934	10.5475231580663	0.359110041599771
904	11.37451389991	0.400994371214663
112	11.2564717344816	0.383465222408138
100506125	8.49846128990364	0.15244506951007
784	10.1557502272046	0.396510438947243
9416	12.7149249584419	0.26397150104307
27289	9.04468177563633	0.613911700502897
85478	8.44317961965778	0.100899879847219
51303	9.94856329150126	1.0681187567058
377	13.9021897108558	0.461269726476175
7480	8.63796009464893	0.247030281273416
23109	8.96873232173125	0.591093736336902
5571	11.2146384356994	0.366971183228889
8085	12.8633488881531	0.363607624055555
121268	9.15743608340942	0.391252220107797
50846	8.28893222746875	0.23586216043034
55716	10.2040835819392	0.258233149189617
10376	15.4786121723216	0.480768784444464
7846	10.487565559245	1.55150302436953
84790	14.2264200548286	0.433660713734911
101927267	8.4379972779508	0.0715238668311072
5630	8.42609713086201	0.107966263159096
10024	11.0445908092348	0.45461071906031
338761	8.63654775778966	0.463955267407893
79962	9.32432683838547	0.823744389487871
65244	11.2367062647112	0.503580480181846
100335030	8.40084346718762	0.100645589677879
23416	8.9114831709165	0.649641399130325
10445	11.1650854879694	0.407779447664795
84070	8.54599783412926	0.0960394282586363
25766	9.52033174841949	0.154959577815749
91010	9.58529056791333	0.630665107367291
7009	15.2013919657636	0.571351997782937
57701	10.0284135906909	0.764167691902235
100286844	8.50693023862653	0.0912840300003974
144233	9.36095533417447	0.177159082527428
359	8.31258155965699	0.170538434062276
101927318	8.52481657095757	0.397617455184411
362	8.76963186765039	0.608321151329604
363	8.34192693891599	0.0962957713871241
29127	12.4374254719563	0.388481074963651
41	9.42123766520253	0.777241512712708
6602	11.80973508031	0.432340349254986
2819	8.45709224884514	0.190027936125408
84987	10.7949560388724	0.356466893036693
91012	10.5330727941059	0.434054168050585
51474	13.1156304951171	0.595364089898223
113251	12.2797271088844	0.501850979777063
57609	11.9888727715372	0.610301995572437
466	10.542619119846	0.425615576937125
25840	9.57506319869408	1.40282018046172
4891	11.2813098855351	0.34494156361108
25875	10.6827116737886	0.237852445092976
81566	10.6450522628391	0.454882329666787
7024	11.0493798075895	0.292682806735709
5463	8.8198888161853	0.30620730747913
9802	12.8854574049741	0.56963010094499
57228	10.1359586379212	0.904878428060087
51411	8.2548984152962	0.0981135125420146
11226	9.9039785779469	0.786876865404103
9498	8.90399061649731	0.709626725515877
6334	9.30530210721791	0.682166184936305
401720	8.34701680849784	0.131153965463037
94	8.30339215073194	0.174779775868709
91	10.7844231078482	0.40187859337683
160622	8.49389640138355	0.248113041413956
3164	10.7813376752262	1.57481740532687
60673	11.3746927823782	0.424364638681792
144501	11.8025389698297	0.941065563010994
283404	8.36032416523612	0.0998320100852144
3855	13.5209104260647	2.72201257883473
3892	8.53983639940659	0.0761012838601138
3887	8.51025703993115	0.101063693646254
3891	8.2884317779609	0.203655153766448
9119	8.29955005835168	0.122349738129966
3854	8.42768394552696	0.264745346172101
3853	9.14837448376293	1.52984496498696
3852	9.2624740346866	2.20611429694915
3850	8.42676344582599	0.327272266717422
3851	9.54749888291847	2.22470986000937
196374	8.34794444406636	0.204919791716675
3856	16.7207430491676	0.891302610918872
3875	16.0292020804796	0.82013953855543
1975	14.3616017926644	0.379219350387346
283335	9.27436187528129	0.28242538038086
23371	9.71620243704106	0.62183330796346
84926	11.0848731610922	0.281471634572025
3489	12.9743736554429	2.23300689691131
8435	8.49696391370211	0.25126264932124
51380	9.10351438810628	0.204243795728452
283337	11.1775124692402	0.412264041150077
3695	8.72859103038169	0.627112645509598
5916	11.3567243273724	1.12955569867908
84975	10.9390161571782	0.362769501957927
9700	11.4526174421974	0.329097107058132
5204	12.2829302794544	0.232984387585382
60314	10.9935765286889	0.360585201448729
8086	10.660950147335	0.328487313637513
6667	12.3980792567661	0.645870133391754
54458	12.8547842862343	0.409964509260479
5094	14.2769141558504	0.262199207600627
7786	9.19246486229009	0.539236001577081
6895	10.4362955929311	0.293828308429226
8620	8.45866020896488	0.070873254751013
11016	10.7168028246682	0.33278510883133
517	12.2218069112763	0.261898610723645
57658	10.4389926529132	0.634063257908491
100874366	8.47207452482365	0.582235489493916
3229	9.04723136648991	1.50989292443662
3228	8.51509492384933	0.89078158141996
100124700	8.8281826750934	1.02118858434513
3227	9.13251097087934	1.19929903381517
100874365	8.39895313045706	0.252269909762274
3226	9.94328078885231	1.70983697227853
100874364	8.51813642228485	0.305546214673223
100874363	8.49623769890794	0.310444193617581
3225	8.86998742662897	0.75900083824424
3224	9.01953234107699	0.730423761767794
3223	9.192465556313	0.796121806595333
3221	9.05392835997669	0.757117864970161
3222	8.63259864026409	0.372986967740808
440101	8.42993306621471	0.215495330988348
100240735	8.3986568547826	0.352126230945881
100240734	8.29683289348604	0.166171595503826
400043	9.0135656954986	0.863786483643619
23583	10.653738657773	0.247256039196342
23468	13.1045477206874	0.454794015942592
3178	15.4696383534126	0.4556466423713
4778	8.43368172628059	0.280935897124578
22818	11.9527356200683	0.22199012783541
25946	10.6246678029343	1.00190563578892
3678	10.4319060593463	1.14971523184522
118430	8.28730068487213	0.279403385386471
196410	8.88263567199667	0.861374223507487
3679	8.78101455083928	0.339822991308745
2647	10.2966961356281	0.430071022446208
5959	8.45151108026464	0.327438275168272
967	14.1162995870055	0.681106548455738
10220	10.0578744980641	0.590143882720848
84324	11.2961664841517	0.254978969763882
29095	11.4693923280087	0.636475868091423
85406	11.5697173008741	0.456991861542151
440104	9.1052820433468	0.113692870197506
4327	8.44814129352802	0.326975907891719
84305	10.9662421976176	0.32536108050567
102724112	8.80763105984338	0.184888236974897
1606	10.1853569496131	1.10924926453002
6490	8.77954953209328	0.237869562311236
1017	11.719146591501	0.392609574699734
5869	12.5535417668614	0.429359045317889
6821	10.2428675538557	0.369693570291631
64375	9.62006473995997	0.178143396964726
6231	14.0394494228164	0.398264625858041
2065	11.454930151446	1.41313190472692
5036	13.485336216358	0.350119387428498
6171	15.7262471538673	0.516116268363391
84872	9.48300279591744	0.292229541876715
23344	12.3959110405805	0.603671937231499
140465	11.119338365606	0.440221766335835
4637	14.3478555288352	0.318399246747434
6601	12.5923615565763	0.320525589506421
10193	11.2450683263102	0.40424733257202
79035	11.6269432786552	0.450585748222019
283375	8.35365917094203	0.129194252110451
283373	13.1451494066944	0.434511220665981
93058	9.47564860051298	0.413513359961062
1431	12.9760796200623	0.269532596636879
10330	11.9300603134044	0.405519763420153
9924	10.1875973169533	0.421349834513842
51561	8.77444103931828	0.215088950173125
6773	11.2992124656978	0.944104446507537
8914	12.078772082745	0.284636913631816
4284	8.32164239284006	0.138070338866625
283377	10.4076989828464	0.367549336279169
27165	9.16134699472524	0.624021768666962
5939	11.3192160461695	1.07192572081239
11176	13.3320696346485	0.255689598393302
506	14.938097771117	0.298509520193022
10728	14.1828618129832	0.348629429873275
4666	14.1775081188412	0.228925770454825
5557	10.27681086024	0.348359762703806
8630	8.64308539230133	0.165599525749188
8608	8.39346504374688	0.184326571641611
9880	9.68572134554974	0.262377468390768
6866	8.30321382611045	0.17072638260735
4640	8.4003280867714	0.302709209442242
23306	11.5438791221842	0.380786750475961
4665	10.2046317626634	0.623477619346185
6778	11.8542536491521	1.26737534905474
4035	10.8800084304954	1.39104758767558
11247	9.20997380563607	0.680883114480752
6472	12.8908759889087	0.851277409983334
56901	8.61455885119339	0.321544742906609
246329	8.53664362207628	0.117022886115092
22864	10.9119719697189	0.562421902385169
3626	8.31474273757239	0.10496990217643
83729	9.22644515112195	1.21805566964836
2735	8.62545157318557	0.299418888587016
64333	8.41346347124125	0.150208526369234
4141	12.9984399003747	0.612680231698463
102465454	8.33816997916185	0.0833221821244305
1649	10.8015399660745	0.700625959621772
693201	8.42145834454056	0.0938585902633643
114785	11.8420981243486	0.456875727609101
10540	12.1297300767653	0.432251394677094
3798	8.62805025668719	0.390652239620005
79837	12.0099969041728	0.600989451420399
196403	9.70100418953989	0.790715161858118
115557	9.08391311941007	0.73071695315665
65012	8.94710864647613	0.696000872255693
2583	9.36494404968993	0.951486535537927
10956	13.3321416258623	0.642762584495102
116986	8.57028436968611	0.184381477476226
100130776	8.77991699375074	0.232862722363094
6302	10.2431084444934	0.428248219600488
1019	12.8205428083674	0.438779872676815
102466729	8.38558049428378	0.0956709493940879
92979	10.1320281936157	0.636515120159668
1594	8.88476623688463	0.57633145319128
4234	10.0139099672267	0.339320886538005
25895	9.43062287648143	0.160556373790119
10102	10.8013912189004	0.312005459922267
10677	8.91701266671497	0.530710857197096
10106	12.8330949556467	0.586537760169495
100506844	8.82354158852298	0.513299099416069
91419	8.34583421432225	0.183196456908223
121227	9.86711888978757	0.872008026821732
9194	10.0511446662016	1.26778719261029
338811	8.55949380390618	0.17768460865152
9958	10.9595909896206	0.504365770442245
23041	11.1508866402769	0.349950105876451
283416	8.69752360126093	0.179532987850318
406891	8.37279118078934	0.104650206256372
57460	10.7253869639231	0.641030663458707
552	8.29281865574799	0.223252414190201
283417	8.64060306641587	0.392519713123719
10329	10.1875631825417	0.498855672095217
57522	11.1926317945389	0.712687418360736
144577	9.57404576781338	0.214621443541741
115749	8.58425136093275	0.363056037025625
11260	12.8760846413974	0.470038621197181
29110	11.147017976504	0.390552205384155
283349	11.8292299524441	0.669283339716005
2799	12.9092066432216	0.722118663052088
23329	9.69213508877285	0.661053070469511
23592	11.2545393927193	0.338997607324128
253827	9.28882571054295	1.15619701740884
204010	8.44950072651617	0.324441121492191
8091	10.905340623266	1.2387147183264
100129940	8.51339072505014	0.229860933665203
84298	11.2838554844356	0.333352856851187
103625681	8.55510588543557	0.266731886193748
51643	11.2595955338216	0.426334313836801
11213	9.40580082247	1.01259185217865
92797	9.30865444718197	0.179307548999685
23426	9.15508828603405	0.499097213339519
55832	12.9045709000549	0.400147520645408
8445	11.0738516375699	0.893589727058489
56890	9.7412740086204	0.364592988623063
5908	11.7808913362165	0.85241364471738
100507250	8.5193310616049	0.144234031798104
57122	11.7645518037802	0.338835280122443
55508	10.4105329753839	0.309980959861739
4193	11.9206687849414	0.633977004049327
1368	9.10056794360565	0.605397854423819
11052	11.868707252822	0.148269003532273
4069	9.15305203885077	0.971492212408094
8089	10.3688061721637	0.251658461933099
10818	10.9181448053682	0.31989420468513
10576	13.2829555567784	0.392542010868715
144453	8.49512551639942	0.419205141330556
117177	10.7431643638056	0.849767979336768
196446	8.39129745207261	0.20342346274339
101928062	8.59675438510161	0.120800311737072
4848	11.5293962692775	0.488628144679308
27345	10.0614899089058	1.35565329368206
5787	9.04643910289377	0.592635540147499
5801	9.02031025542841	0.666688350584042
7103	9.95602887618533	1.76797536326362
8549	8.43288168770099	0.245277056047287
196441	11.363222585233	0.330404455874195
83591	9.37040777241733	0.197817296418624
55266	10.9041646804714	0.626686743250097
23011	11.67568206303	0.469356536829391
64786	11.3349769203544	0.36405319311407
283392	8.58027103988381	0.51837950810566
29953	8.87743739520278	0.757345176996292
552889	12.5576214791399	0.563420730272071
84698	9.11432964297189	0.289253646601577
256710	8.49409297618609	0.107234562199649
144321	8.52026757400534	0.17741799536313
11010	9.14500790425738	0.636285663615518
11103	11.2454948785379	0.484737050789308
22822	13.7781090416145	0.809149236487415
4673	14.1499840831562	0.606826421063281
79738	10.3098696027634	0.361931131042635
114882	12.0925346887399	0.421321227347066
23390	10.5291566722501	0.337614909459406
1466	9.22276184481279	0.836888829759249
144455	11.0192560581064	0.723425597003634
89795	9.02930492675836	0.788256460249846
6857	9.01458914326855	0.872102296379309
5074	11.6749249530012	0.687113016286596
4659	11.866661217606	0.62545571171267
283310	8.44488774033055	0.328188297360383
374462	8.28966192335178	0.303745082907138
8825	8.34639082650551	0.223740886727947
8499	8.37726794592363	0.24798543504664
29080	10.9186555668711	0.225188760210585
84190	9.08667094565311	0.273329860265488
160335	10.1945234536164	0.952138879144403
55117	8.29228970139777	0.224385927523706
84125	8.45463893002935	0.267960573591781
8092	8.29635907250357	0.163244138721623
9182	8.77794417490051	0.823819755327536
4922	9.34273018150832	2.41947614188598
25834	8.44371095288627	0.667648850058967
91298	10.4131497399755	0.316000531382005
80184	10.421059069862	0.249508611207317
160418	11.5161124033979	0.378521123405825
4254	10.154056017974	1.65913969599361
1848	11.1864838570756	1.44451932642017
105369889	8.55443145299274	0.184280418244509
282809	10.3915904288845	0.592455792799607
8693	9.0648474587602	0.212784766938527
490	11.9959668067972	1.02817190336351
338758	8.80415984376125	0.236329574119113
4060	8.94780698864175	1.07166920596153
1634	8.2893899966007	0.107278997111579
256021	8.39117232745374	0.244943843816579
694	11.7284071785626	1.05294138716636
8411	11.2060343578174	0.48503816158226
643339	8.40829764206218	0.138162273850796
11163	12.1379131723261	1.11200478873783
7334	12.4754345868161	0.457908706109706
28977	11.6748681944389	0.546148021130845
144481	8.46526305571754	0.14593529717224
8835	9.4137366974007	0.634886369871782
8738	9.40775716563843	0.174358638898775
10154	8.82052875811447	0.237671068040161
51134	10.2098564187342	0.340067811721282
144486	8.64697758035018	0.17935719160035
57458	9.58363066979079	0.858902120235597
105369914	8.43918126861259	0.169170526450694
55967	11.5329188670626	0.340943667203637
7181	10.2392315980727	0.280672440068019
55785	11.2190921757648	0.479193980874108
55591	11.7882440797925	0.442561495496584
10988	12.8359162049286	0.457321732783451
84101	8.5011100217297	0.510506189588756
59277	11.2175315688987	1.60266488342855
6636	12.3014596145069	0.538026859249233
120935	8.30940149522635	0.0850704835426505
144193	8.48801406092404	0.16300236676653
3034	8.45863734624698	0.19668329454479
4048	12.1031017839346	0.577467393898998
2004	11.4851566192492	0.615504656256628
5128	10.7655741840077	0.450816771888073
144535	8.51080532679021	0.161932610383822
121441	11.2049327484354	0.35416706845962
121456	8.62495772599656	0.41356083208981
643770	8.40639913157489	0.0949257955955921
100128191	9.38573494881286	0.256231989393741
7112	13.0833762046466	0.379028820349058
5250	14.0517165682633	0.389757517130451
677832	8.33319929611647	0.08078412213531
121457	10.7237643113699	0.495329617153696
317	10.9996478328116	0.446343488991952
56899	8.39588669161168	0.280032482564411
23074	10.6322960509947	0.623938245041729
55592	9.14640266133854	0.283667154394551
64431	10.3930762408968	0.340188726343716
120863	8.79344002069062	0.141257975319879
55681	11.9062895190265	0.319132122365242
283431	10.7159461951424	0.392624769660101
121601	8.24184702550056	0.126593638703804
27340	11.6806671446426	0.497924919034368
400	11.7838151943069	0.427187941286764
56994	9.96121240626117	1.22425955949368
50511	8.35271383791171	0.111937555093185
79158	11.2587662526638	0.482692705425463
101929005	8.28601202112873	0.0990134143724493
55332	10.6558259593382	0.735342207935389
51019	10.0308410773637	0.365089764209873
79023	10.9995441865707	0.374753380414805
55010	10.3367112307672	0.271259901888871
5367	8.3786700217146	0.0518738280133403
5053	8.51544967634437	0.821106318955672
429	9.14072044430894	2.23024715271821
374470	8.31517161689366	0.289257731275445
55576	8.39128673502119	0.1565782541623
51559	9.68626457288003	0.503078970008856
253724	8.60176177478463	0.122777467406189
7184	15.421588359717	0.54096050602711
728568	9.7379440858152	0.446569430736191
6996	11.7276181406445	0.716922490649388
83468	8.5225811447595	0.120555987481911
29915	9.8627496497222	0.354547729230681
4801	10.4317251775675	0.288619535212919
7296	14.3440555141734	0.90727659208641
493861	8.82827024907378	0.565815615087293
50515	10.3479091241666	1.04844899031044
84102	10.0122717063543	0.407981154275512
121053	9.87930960210996	0.325629836091208
160428	8.83140791542581	0.480166161980663
414300	8.32945302089171	0.0797432289559185
23325	11.7636585290707	0.418243685917013
55198	10.5373964934842	0.363357339257951
387882	10.5373691814122	1.15410321801866
101929110	8.27352162014351	0.120725471048937
9891	10.5020027024336	1.31625059111367
10970	11.8043196848861	1.13745875024436
255394	9.51070023491772	0.679112854949451
55703	10.4337110024406	0.538821838744637
55188	10.0546802518486	0.590500504553723
90488	11.302905583487	0.579723438300088
80298	9.5210025093511	0.386735298908973
1407	10.7054306128672	0.414470203360936
121551	9.00287917529964	0.92122791297247
11137	11.4433020069775	0.397699785870428
11108	11.0983818069921	0.357421532609478
101929162	8.35815699118505	0.0723935052456532
9671	8.32852205779488	0.154400036953991
11153	10.1024570978314	0.648185006999594
9733	12.0128911291618	0.240242426106617
23479	11.5279609807006	0.307530789186519
6404	8.79793566751094	0.879772676523225
23603	13.0089131776956	0.533988731759865
54434	11.6382275929223	0.608017910297859
84749	9.81233431796607	0.261184843536298
100131733	8.367081790699	0.187546732989093
121642	10.2068357441995	0.367882137483787
7374	11.6320329168654	0.592362332555766
32	9.34320618353261	0.767780250803268
121643	8.30284810207547	0.213388864249995
83892	11.6968233547024	0.30717155913016
89910	11.5494748655168	0.397698012625598
326625	10.7129042578687	0.294264457609094
4598	10.9385961773581	0.358997238859275
84915	9.48342354653019	0.820923381678692
84983	8.47409202503698	0.221683887391244
59341	8.92962575339952	0.678588135683789
51228	11.1932860034304	0.49408184071442
84260	10.2898084085242	0.351711904655238
9815	11.1496170487703	0.397563541314278
88455	10.9904802635486	0.562240523261648
400073	9.49849176834437	0.254417785565678
28981	10.1224906809655	0.335444369694929
488	14.3358019175278	0.421207764731052
51434	11.8608413254617	0.281563978364043
10094	13.0480334652765	0.371350838501648
51184	10.940770552876	0.287016498717208
29902	9.98497525826205	0.680247346328046
51699	11.7630223626836	0.339993044423346
144715	8.703006724844	0.150781843839438
160760	11.2633721183696	0.363186914716899
79600	9.74972780352172	0.636851803846212
84329	8.39995048910586	0.171916032986896
5501	13.0854139718708	0.372355127509172
160762	8.24169562665285	0.10319525021884
23316	8.28588592937196	0.136629718867755
144717	10.0423483739506	0.285891182160871
10019	10.9304367283326	0.464296033801873
6311	11.2822040642221	0.277406505354961
8315	10.7576477539315	0.158757318330431
80724	10.1720106791061	0.426981330368285
217	9.51137760127837	1.07286413343381
51275	10.1082775318567	0.289024354998387
8550	10.7360180285313	0.331507622619024
89894	9.52865053239617	0.342211989074199
8759	8.7853508276681	0.116123288323213
10961	12.784735823492	0.470693037497479
80018	11.6300608391238	0.395501956071074
10906	11.376671096549	0.686520783415139
283450	11.7690318720043	0.487064533405676
6128	15.2582339269037	0.356000094317313
5781	13.7190274773488	0.393669826669636
4938	11.022336110347	1.82105930505162
4940	11.7672904948148	1.46789146851794
4939	10.8799000120716	2.00863404529159
1840	8.49309000189212	0.389339561419987
8437	8.91265891917112	0.844472658446669
387885	8.33027124721034	0.104791732747267
79039	12.1943653511145	0.302441038663689
84934	10.8664332170615	0.406594531449257
115811	9.01623853688069	0.382224268044585
53373	11.412676280659	0.624867487423342
80024	10.3694891157502	0.527538134164722
196463	11.3922094257497	0.40987790428195
113675	9.74741538561486	0.610556346059737
64211	8.55461807456919	0.420294077798203
104355219	8.23477254063357	0.111554946017248
100506465	8.65987949184185	0.636995354603614
9904	11.1101833652862	0.4005326841389
6926	8.75211919140053	0.570126307143943
23389	11.8849594620147	0.626724629681902
100287569	8.38169733930054	0.2189095930896
643246	8.9285907155869	0.194633759081401
79794	11.780175430852	0.469993389809038
84900	9.30766928883182	0.317348727831794
8739	8.71895542453632	0.515169529846584
26259	10.2107537637027	0.305157021226209
100506551	8.34443121400423	0.0741870865677127
54997	8.7118844562478	0.653526581286395
23014	11.5868037202899	0.294515093875482
283455	8.94930099775469	0.627582557242811
5985	11.0330035822688	0.356351409642955
55884	12.40617645754	0.496599525420116
54621	11.3524920536316	0.526680555193864
5037	13.0399189502454	0.592281133082454
51347	11.4699577614835	0.751002507637295
64426	12.3456910893804	0.449993010108648
84530	8.54871107077053	0.897551783160287
26353	9.18201003982435	0.760472062339299
160777	8.33555972271962	0.400798865036614
387890	8.3898957082064	0.506699012064732
5564	11.0063678180601	0.505052668496554
11113	11.8518838439778	0.431696459265913
92558	10.2226268339502	0.676479378785629
11021	11.9631870788877	0.373820313076538
10985	13.4560629975589	0.388581357885533
6175	16.0519167946392	0.313032588149148
100506649	8.86537364105737	0.16860536355891
5829	13.4603738794448	0.911022605035334
26834	8.31827287792114	0.095140772651584
23409	8.65448176194211	0.272112325665729
4440	8.58633313174108	0.485813216436852
1337	13.3730056130709	0.37588217497528
51499	10.6756565503373	0.249307284050466
283459	11.503297060334	0.304164540740581
8683	12.9401249268014	0.430650053796833
8655	12.7483577258439	0.31013896293096
100506668	9.66485003352118	0.357832767129038
84274	10.8401340337289	0.491254606941619
9921	12.8479112847475	0.33521513995728
51367	10.4164174689621	0.271819574017334
9478	8.57658522085148	0.356306144554629
9761	13.9705220012825	0.676895221062549
84747	11.6328563865487	0.42526936754541
35	9.7195092886924	0.433256259980021
121665	11.4524019516088	0.22108773671221
283460	8.2733964931846	0.28308072278327
6927	9.082125717723	0.816944615345121
64897	10.5753136282321	0.324505291392799
8638	11.2493660379167	1.7144507897387
5025	10.1182537730154	0.438565734079452
10645	11.3610327809597	0.321431756283187
51433	12.0444100376644	0.504972235494258
80196	11.1524294597705	0.390957843696438
84678	10.810210940935	0.582738764001809
84876	10.7275381376956	0.441829738321477
283385	8.5121695421831	0.163353461601305
144404	10.4600679765232	0.420683539964681
54509	10.0637810839253	0.759775448593083
338799	9.14334016638287	0.245600465751571
23067	11.3695129273562	0.279815882539179
3242	8.58000319722774	0.143179604086984
5715	11.0565387283573	0.262801214385328
144406	8.82943212587719	0.301461530301998
605	10.7021851458134	0.546693991879797
22877	12.4756719878037	0.849144614730452
254050	8.40975137019313	0.127326180897368
79369	8.66374100000086	0.214468444248787
56616	11.2741581881512	0.281694903054478
101593348	8.61827366227402	0.295868971197143
65082	11.4246789004237	0.476677607552679
6249	12.497930621671	0.729771351109152
100507066	8.61618263797279	0.196764284123337
55596	10.9554428300147	0.17644083098404
65117	11.8321272260598	0.205674875369408
9735	11.3701563387102	0.34533034037968
338442	8.9018289519637	0.811883265835727
8843	8.54625683136021	0.576355790439387
27198	9.34179845969188	1.14312442103947
8562	12.6971394017687	0.359708779878501
84660	8.43187416876517	0.0933141574796643
9026	11.5695229614431	0.565588094869713
79720	11.9141688022243	0.620155087131076
23457	9.8753970273201	0.563222842792413
79676	10.0921898667363	0.17847296156182
51329	12.3114910141963	0.299507928821649
57605	10.6053940749699	0.645377591819403
10198	10.6925033863008	0.314220974246087
91574	10.6015149882878	0.209983440876385
8099	12.1931899210412	0.390862804829803
55206	11.9419188784957	0.523985130423689
100293704	8.56965898641627	0.161315955118075
387893	11.7872809904183	0.444519309947878
196383	10.3926834073001	0.75951109044865
11066	10.0466369233802	0.2233177328941
353116	9.76803939139301	0.47951795412971
101927415	8.44800695357566	0.128003745986512
10959	13.9171726997002	0.715928286037833
57696	10.8658504152328	0.333880602288363
1967	11.3384991630194	0.364460667969115
2967	11.3271184441887	0.339441551580452
79867	10.0811717659848	0.461753218749452
23545	10.4996325676513	0.348355248329126
196385	8.34584747383273	0.125379430351011
80212	9.25232259967722	0.342637145468294
144348	13.0435331250998	0.53073913276586
105370045	8.51642990059948	0.394033094125794
9612	13.7978350841116	0.828981079030887
949	11.7069423188074	1.10188895409675
7316	15.2940393871943	0.394888554458414
57647	11.6570570216585	0.448836639365655
140707	10.0906755954127	0.368727422367164
102659353	10.4124270990675	0.490126544864883
65985	11.310722832309	0.643873612624592
114795	8.40548143216214	0.187738985825682
387895	8.41972650790651	0.211309401926444
121260	10.5318926481793	0.296769144126419
100190940	8.47748539839107	0.775440762995654
23504	8.79134293378283	1.36837585945076
2054	9.86636272509455	0.509188200053458
5901	14.4818577258684	0.37273669847512
283383	8.41948617992713	0.449225797382182
6433	11.3923752576169	0.214623918853171
4326	9.11536346263666	0.874404808831476
8408	10.8603276997211	0.526669219797199
80324	11.1490862143274	0.38015027569352
57634	12.3601473187374	0.339636299720603
347918	9.15669157712163	0.142067871419441
317781	10.4482386405742	0.312483171466552
79050	10.7928584951405	0.307650727560439
50614	9.12851025371499	0.924391376385959
100130238	9.00650612158587	0.717028471854881
57666	11.3326527012742	0.40516295264349
100996573	8.67855953371253	0.17791898305818
22953	8.4568170197229	0.146856094168842
5426	11.9670587019204	0.483471884049377
5827	10.1189210217106	0.452654728905235
192111	12.0084130825105	0.577223145517911
23141	12.2021757883992	0.363250540775622
2802	12.2989858706838	0.539871550494621
55743	11.0065899590129	0.587888916752821
101928530	8.4009941197441	0.104285666186904
100289635	9.79306071792588	0.448836380277395
7574	9.68919880363697	0.154983275081598
7637	10.1013119229195	0.284042408541421
7699	9.89889086479017	0.196881239501617
101060200	8.92999986579526	0.169266794436116
7556	9.39959248062046	0.305672815274281
10795	10.142099402667	0.220987691185241
54737	11.4096186935566	0.476521832189699
55269	11.587952253525	0.424245810468329
9205	9.95415860759656	0.225543065019767
7750	11.9130902635904	0.153424876800982
2700	9.40567697508311	0.975082828618591
2706	10.6133847643157	1.84194019350645
10804	9.37501775827993	1.36251101376725
51084	9.52530717026584	0.41902144359434
8100	9.7959842942426	0.415749576688438
53342	9.17551632863338	0.296483061026657
221143	9.43710054972334	0.296408525413235
64328	11.347477007691	0.260449544121304
26524	10.9238294717061	0.67426337808709
10284	12.7228881433462	0.515536247897841
221150	10.5433293226252	0.454912320697729
78988	11.1407139971037	0.465314988499461
101928764	8.370781008647	0.0984688352264765
650794	8.71289495299332	0.251690356755714
253832	12.1918282757682	1.00930027131806
221154	11.3395569503844	0.403046090180071
2254	8.3688456985114	0.229926262320787
100506622	8.2892374260779	0.27098534392965
26278	10.4925831490701	0.711301281750602
55504	8.68888293503359	0.553853488933024
4285	10.1940719203607	0.399324014513775
542767	8.36016560617961	0.113450942062889
221178	10.0748948407175	0.659306810421689
143	12.4544989089266	0.432736011714198
105370295	8.32272899693801	0.157111551453235
101927375	8.28949223709249	0.119785311512963
56163	8.59697692120776	0.241722949579434
55835	10.2476705478104	0.319451946737594
646405	8.34934559198488	0.279844266864482
5042	8.8990680351524	0.125138111939023
9107	10.7195495393927	0.423429472476323
9818	11.7238466625085	0.410711591510475
51761	8.39774471547702	0.348718253659945
387914	9.27503638337033	1.43465495749222
6049	11.5509100882308	0.396909430562372
1024	11.0756556012751	0.404225313101081
10810	9.9662489334744	1.09073890955275
219333	11.831219744767	0.710771968875886
100874071	8.39274426287542	0.107545234183003
6144	14.2703345994684	0.309562680841791
26771	8.48261540487816	0.0539975265253867
619499	8.44985264415273	0.0834843947038504
387496	9.24144709035851	1.08074120974064
2971	11.929903765534	0.346483375236481
219402	10.1709717472278	0.247209429485721
222484	10.3954758630346	0.313985753310131
51082	11.9667039546127	0.486587736051349
100861550	8.36731397361295	0.211170697634241
3651	9.01348727605733	0.656972601468113
432369	8.43261425022327	0.0443095134905887
1045	8.97482091436526	0.515598944681028
255967	10.8893659838596	0.290536812864463
2321	8.49519789879762	0.530570724259955
51371	12.7073141169965	0.42849873424178
283537	9.25435715392309	0.523437537493049
23281	8.49523626970241	0.306942185451828
6541	12.8540423069791	0.472199813559852
5412	11.0836275927576	0.936796505320241
84056	10.3014209405122	0.642497455282631
103724387	8.31572114285761	0.0957546537749057
3146	14.1154135888391	0.551932205212581
10208	10.3062638129957	0.28455837828654
241	8.37483168889081	0.197994449173441
10808	13.404076500119	0.70106473399254
145173	10.1080725646462	0.451019368497324
196549	8.5871354685305	0.505308651515085
10129	9.42761663285018	1.40952564467271
675	10.7810781783025	0.188013065488008
90634	8.73173574741003	0.22139068663422
10443	10.8893983833346	0.374251970487148
116828	8.44136684251031	0.063964488363307
23047	11.5999985786177	0.474009803757247
9365	8.50165023440387	0.350552797300333
90627	9.99388289640676	0.639056937287856
5983	11.3946620595173	0.536066606043919
100874179	8.27344359232545	0.27562656134414
26960	10.0708737044008	1.03006400154962
9201	8.5454772519987	0.39045857415624
23111	9.61991958153404	1.4015992037317
8900	8.27083042823834	0.179804262450414
4093	9.0015812143149	0.94089676953906
5994	9.35580685958808	0.237824859120196
29880	10.7629579203917	0.372565245193717
11340	11.0257094249963	0.318263178005204
55578	10.9670629591049	0.461489469446084
10631	8.34659252472517	0.211997373978006
7223	8.5608707061199	0.463497007149684
100874188	8.41848454506678	0.123012702041587
51569	11.5966183493341	0.453312682571613
341640	8.82037471886872	0.606373627118237
80209	11.4885967177298	0.52030549538541
387921	10.4684927205763	0.448616682799505
10186	9.1728520991839	0.829242382830385
57511	10.7079229821475	0.345432579477962
105370172	8.25588060398466	0.123269650008314
2308	9.83632230643426	0.87668267036382
10240	9.99665003239357	0.291252986443034
10166	10.4020671985705	0.535588589367497
100616668	8.47362276378379	0.0969038858630779
283507	8.39159879568357	0.108792661411625
1997	11.6568714641748	0.698259517366471
11193	10.3081042632029	0.235409572292399
89890	10.2838259484491	0.421055415474241
101929140	8.49222653986199	0.0871112705398032
84078	9.70942634859938	0.266743811280226
9617	9.62510403612324	0.316002288321791
79612	10.1899138702141	0.309765622192327
28984	8.65922082488264	0.328210430288752
23078	10.811033486382	0.325087250643557
100507240	8.30493635438649	0.108824250445046
160851	10.9251852571126	0.575450309994858
11215	11.7449706974717	0.445229528667523
8600	8.23532109995324	0.134743623546543
94240	9.42553435286337	1.32331910688899
29103	10.410508270788	1.04114711822792
55068	8.64521156611461	0.455603858318998
160857	9.0325085919749	0.175413407869914
144811	9.65545903482827	0.509925988629849
101929212	8.42973588279716	0.131794918746441
387923	8.45328384280793	0.442210869858276
400128	8.3004566943657	0.339116357188676
8848	12.1050439102907	0.800637248279553
641467	9.10387745310892	0.28520015741681
26747	10.013230386164	0.223166585950741
55425	10.3368733449973	0.2649824944889
2963	11.0125128290611	0.516504296559484
7178	15.6791196683146	0.458299170926119
100190939	9.04057212010688	0.215466370557072
253512	10.1987470399921	0.62021068808698
83548	10.8060706105335	0.520990128711724
220082	8.3770550491562	0.285820811861594
283514	8.22159661044175	0.0993067788323481
23091	12.0426707744201	0.360860891888452
100509894	8.47811787603993	0.449159694755817
3936	8.89933142014063	0.413115114995317
23143	10.4103375673673	0.40150890332334
2098	11.5734839868079	0.303990431286786
100861549	8.37081068966532	0.0989510447654054
8803	11.2379170086393	0.401903962941954
101929410	8.35708708483908	0.105828546299722
55270	10.4290172003056	0.577997254257913
29079	10.5504250637026	0.374737211697129
9445	12.8800995694738	0.59937313122223
5925	11.7878037615804	0.4396085074336
10161	8.76200470364281	0.611145412707056
1102	9.23111584166165	0.284889741823768
22862	11.819470693166	0.390807332805083
2862	8.28691972852879	0.111459888730325
81602	9.71081459598529	0.309403993637695
81617	10.0642546202935	0.641259897507023
83852	9.69598917673002	0.280315814623643
51131	9.75295953066182	0.461284485031115
55213	10.5520750167562	0.400801934842082
84650	11.2440627677004	0.421081893995701
3839	11.758904547727	0.434196784697466
57213	10.2027895950597	0.445350771790882
8847	9.30742017318989	0.247401904533003
10206	9.99229943540656	0.286783152348683
283518	8.43906816373375	0.0543885545054938
10301	10.1012314806124	0.358998732127131
145165	8.82110823284714	0.128292623495733
220107	8.57300205606929	0.124719415574078
100874255	8.43204644811715	0.0851793048145942
79621	10.522973787373	0.308427483670969
2974	8.59228533011642	0.142366000822093
220108	8.4029620708118	0.182642664499148
647174	8.32860905877074	0.0830813655963246
26512	11.0635041977306	0.40721967371756
100507398	8.47503461536982	0.132098724553938
115825	10.1537904525188	0.565948235661574
79758	9.28024101144416	0.203705005744735
540	9.74478454882443	0.563172700085445
440138	9.78223217392579	0.161665193576688
9724	10.7305703602448	0.294220759957559
341676	8.41649991458664	0.171190411666645
4752	9.21714966144522	0.682843611413005
100887750	8.96160071243856	0.157774047238516
55901	8.8862231278076	0.744565407398914
51028	11.1586403808916	0.297209174821917
26586	12.0202488861108	0.45312916563244
144983	9.90549839519505	0.279109204721843
10910	11.4559635464656	0.342036731316863
10562	8.4041812454003	0.358142194750378
81624	11.3260427408259	0.524684665638324
81550	9.80416267763272	0.219296821554925
64881	9.25141643135249	1.44355066014691
104355293	8.21461512959703	0.114436189229156
5101	8.86080524404728	0.585123795259205
1602	8.89622392348216	0.580733598254361
440145	11.0687656664762	0.716651938310805
79866	10.4531674261298	0.477376621727976
22894	11.616610221749	0.391567201669937
10464	10.1213821306403	0.271782314708308
688	12.3689692438908	2.42552778961683
11278	9.66228827040514	0.729605740138451
9882	10.3442131601141	0.723415736297077
170622	10.7759320101997	0.434076942325238
7347	10.7734188568056	0.472102820720526
101927155	8.34111441971859	0.195741094481129
4008	11.6195875476773	1.44474329903911
115207	9.69134649432285	1.34187837996936
1203	10.3946539589115	0.391550018586221
26224	10.9596329059138	0.437832982544797
23077	11.8653719633723	0.483471836910193
8796	10.2443944114066	1.63002041192686
122060	9.37410903402273	0.700631928564
79596	9.91112017473116	0.304564818235986
64062	11.8471079383558	0.286086498478912
100505538	8.60887109138067	0.208171704524726
54602	11.7723727054238	0.731984447784061
101515984	8.21445960218824	0.114036897318534
10253	10.7267258237915	0.80872520036485
114798	8.31096525386266	0.183240817803984
84189	10.2645423822294	1.68838659779441
26050	8.53464271431921	0.488592332996345
101930749	8.34591387890228	0.218471990184463
101927224	8.23954179117175	0.131560126584955
407975	8.77883642924456	0.213686646356791
2262	8.34831861643296	0.21257595393041
100873969	8.22077931557309	0.131605033224484
10082	8.74340382280606	0.743667317117969
1638	8.38071977664123	0.0882080969008294
23483	9.84565572364726	0.255956383532805
160897	10.7029489005921	0.496663178099658
11166	9.36837043733218	1.2588645194533
105376685	8.44935008520882	0.31321947378909
100507533	8.86872781986373	0.717254786336104
10257	10.2893348348876	0.81967495108671
9071	8.5498166565501	0.501332922604603
100874194	8.43465755785753	0.32164335514167
22873	9.31538662592488	1.15601118700959
5611	12.2622549251207	0.675593139463582
55757	10.5250925947758	0.348305260193546
266722	8.45945952491039	0.398449526038606
27199	8.27388919959395	0.198768722526176
10150	11.7735237255536	0.635778727160871
5911	11.0586888189214	0.797825476773206
3843	13.1920219225018	0.530408642972067
10160	10.8702520014439	0.689178334837406
8428	12.5521611502672	0.968824111014525
6564	9.05547601829081	1.00128785048386
23348	10.8709485393506	0.763980196551369
100861541	8.54857073797909	0.130056603979292
100289373	8.66864845261376	0.150546109258807
337867	11.5725243884946	0.573778743767648
102725509	9.01391538052909	0.247181845241992
9375	12.9336718837972	0.773345132613468
171425	8.77790848698286	0.234208286842313
85416	9.06189456019816	0.38767773423035
7546	9.25440684211812	0.560856922139821
5095	9.91060698662939	0.360691092917002
87769	8.83225795571363	0.342303802900614
84899	9.68675441252109	0.337851700307693
105370368	8.41535462534335	0.121998581970525
259232	9.09352311663475	0.79853685134303
9358	10.0246828083289	1.23099106727755
2259	8.69988633739962	0.896774864494868
283481	8.36863243327242	0.221654309780533
7174	11.4658250466198	0.391013215397119
93081	10.0845803673947	0.355841012296669
79070	9.64111444317946	0.464291158036408
54841	9.53189743169252	0.362337020457475
2073	9.17089688652482	0.244854945024564
728192	8.46816359913545	0.261726873023645
1948	11.0562196447778	1.54985149274562
55082	11.2624700725875	0.528747525001908
728215	8.78694311698688	0.787741482914334
3981	10.3055652287468	0.31183195608462
84945	10.3061891867497	0.364333626333344
10673	8.75532435195405	0.747273952691452
23026	8.48009317054708	0.0938140587885963
100885782	8.3807704306802	0.165668661196509
8660	10.9846451980263	1.12468085488507
1282	9.08777820632881	0.673514041009318
1284	9.46290510916519	1.11995346955783
55647	10.2944884472672	1.00485489078128
55739	10.7413214487375	0.532268235893573
79587	10.9214096306822	0.643625809157468
105376684	8.47237700197839	0.134628882980032
3621	10.367573176257	0.414556556771571
283487	9.67004068655824	0.390275200218781
55608	10.6558663540297	0.41456560393874
104355135	8.60667390566373	0.349152612628758
8874	11.2923755502913	0.295002420592795
101060553	8.3761573464207	0.100030530168119
10426	10.54610887678	0.462424206170453
23250	12.1357820606643	1.07855082015337
23263	9.71001344554592	1.23758731687679
100289410	8.473393944437	0.440592278150813
2159	8.47093994729961	0.191740785811999
102724474	8.51559740936624	0.147255563560909
8858	8.39568173085487	0.176734926323342
55795	10.8039154241487	0.446344206104376
8451	12.2125264448265	0.426349338023181
3916	13.909295761846	0.552485534897421
79774	9.58166194284466	0.443074610419696
101928841	8.86046924224027	0.406289871605918
113622	9.18991658765914	0.301005043390224
55208	9.85018574616765	0.258490548151826
55002	11.8432267063946	0.492928127219575
7027	12.7987911094491	0.591603338483201
348013	8.72460568559097	0.283973083089942
650669	8.41015946373633	0.143045369327138
2621	10.1986724637158	1.10663442879407
100506394	8.60045517414559	0.245820308201505
100861555	8.39339285128343	0.215650506604394
100507747	8.41589309621033	0.137649601075219
22821	10.1842550203032	0.778556648940211
8881	11.1604098650901	0.234534246499369
65110	11.1491094188302	0.24114787863996
283489	10.6543102939288	0.267910886310754
641455	8.22172990089922	0.104073457643156
642477	9.44919103363343	0.463466438045453
503639	9.02658206980992	0.336222513382933
91875	9.76008831439727	0.42642441791959
57820	10.7000120645394	0.466167224241763
85495	8.76698107407026	0.210839172762776
10038	11.0149531515707	0.334542911458332
7011	10.7049787270348	0.664091995477048
123103	8.27612151510579	0.14589615784002
55644	10.1428825624374	0.363624766503484
328	12.9651301767268	0.306482293976208
90809	11.2828565163694	0.464729519593895
4860	11.3991893480016	0.673038971695195
283	8.81038663611009	0.278380686754645
6038	9.21763698006939	0.442127470704069
6035	8.98571801855355	1.06631430227697
64745	10.3486503881031	0.401032683331183
101929718	8.35357507071129	0.127318984544267
57447	9.1026258711582	0.984260584211503
84659	8.32596866978403	0.244645244512128
55701	9.68504512733429	0.79586948675931
51222	10.4034468310895	0.861105134275687
643382	8.39358298869132	0.145244720490307
283624	9.33921684552762	0.177439677911123
3183	14.8979966354074	0.342023579587179
57096	8.39159383199054	0.0616354688805443
11198	13.1563165230252	0.459981912949944
57680	12.5158427538651	0.236674383305196
84932	10.2564712399186	0.265441998215687
9878	11.8580624982949	0.253751063607508
56339	10.8224337848627	0.292377257016539
6297	9.03671102120318	0.937157604879131
28670	8.23411275264932	0.146345829261411
28655	8.22367921196421	0.119404660590483
28652	8.34136110605279	0.288717585144396
28644	8.24938137271191	0.126599221588545
28642	8.31750690295265	0.247525396632086
1603	12.4567249496716	0.284884942895984
63874	10.893248341113	0.64122752454906
5018	11.7984063403038	0.467445130963292
9056	9.07673349704814	0.999603806610729
122704	11.7141631479097	0.288988865610951
4323	10.7100869751768	2.01026444133305
26020	13.1897186242802	0.740231199834016
161253	8.40375085491588	0.104018080711633
55147	11.3869101912571	0.235109216770231
100505758	8.28910763263165	0.0875551719946483
10419	11.5995616459567	0.387400986498032
54930	10.533448627683	0.440261849974342
84962	11.7662503868504	0.972997156569597
60686	9.63285002424267	0.189062374766783
5693	12.6765510484661	0.457480319385602
64403	9.83272910056888	0.487655825870713
105370705	8.39778509359863	0.118652460157346
22985	13.1340798782474	0.348133514963093
55017	10.8656399635421	0.337250170017516
23428	8.75861018333073	0.435492932663599
100507650	8.44655907358394	0.113795443612102
57594	10.0409118790811	0.382789485679696
90673	9.18980529432848	0.178216765646773
105378176	8.55816177411387	0.0926902633963504
599	11.2513913103377	0.433846140116103
100529063	8.38151074372346	0.0929126990826643
8106	11.1835974863547	0.139387968715645
51310	8.74734934741447	0.602446669507448
25983	10.6057329873248	0.27863547699565
79178	9.71138524216657	0.193444445118078
85446	9.33428423938564	0.620129949952236
8906	10.6507319697194	0.465090513961658
102724814	8.71569270589457	0.10023278047404
10202	9.23108809804474	0.528193104026452
55449	9.63395329001801	0.379133123426139
10901	9.60925384018278	0.521479302193739
317749	9.5180723906173	0.616588482458775
728635	8.60273938908374	0.200559510937208
90668	8.5881046572371	0.328714670881062
4901	8.73199644650217	0.148846100672178
5106	11.2069959878497	0.934643564805528
80344	11.4244075477987	0.394368664242928
161247	8.37689184314804	0.0471168169911364
5720	12.3456352740854	0.887840036747105
51016	10.4050611710476	0.325050426772225
5721	12.5893017271707	0.790173259511296
55072	11.1408383928985	0.36226398770273
10379	10.7618614552564	0.898410272958491
9985	8.91798574328467	0.162610968418271
79711	11.7274076980707	0.628023399234905
10548	11.8209885689428	0.308386965777309
283629	8.66002026287074	0.102453117972304
29082	11.3602945687907	0.287174553176454
145553	8.79126177644221	0.161859789025342
4738	11.655906211411	0.404726811476178
51292	11.1473252252059	0.242246124530252
26277	10.6811419386656	0.270722978621993
7051	8.74998175169931	0.409747002593481
5875	10.2441970103758	0.225764408750776
115817	9.77935162617806	0.361587398163751
161424	11.0199529523869	0.400405712579119
56413	8.62275943385607	0.110407605999237
1241	9.14294003218921	0.316875139535919
196883	8.36301092410758	0.15496974023289
11035	8.79975729106789	0.667139995748171
4776	8.81871176639408	0.390854944388268
57523	9.54899001640127	1.34095079668603
23351	11.9297893885803	0.509084525063691
643866	8.77357778555984	0.166218610315034
56948	10.3947374483623	0.418009398968582
101927045	9.2563101705043	0.306958331483464
29091	9.11734849380633	1.03192925763699
4857	8.58301537480486	0.636741692674342
103695363	8.25139866040981	0.184745200990705
5587	8.73157906569759	0.629590361424704
55632	11.3164431083087	0.482615771991758
23256	11.7118294970279	0.531887064924241
1690	9.31405972813395	0.788282611078655
29966	11.455625123115	0.44608543930909
11154	9.90932957193915	0.419851627155418
25831	13.4168776386942	0.551041927586383
25938	11.3336198492775	0.326974887118933
101927124	8.41453310310062	0.0679500851875903
112487	10.6615988901837	0.298236323770366
80224	10.2971360724719	0.459367217124648
84837	9.39905118207182	0.579182216020702
394	12.9961926571133	0.680520523645977
101954278	8.5310285465298	0.0708376929122698
9472	9.09987573050175	0.509110567890224
64067	8.41909729832135	0.29301276953732
112399	9.53058502680686	0.905723361647229
171546	12.2090921285844	0.614102879852569
55837	10.6647690805804	0.516152259332815
58533	12.1983332564443	0.609857077061896
1073	11.54693418952	0.651591735195289
11177	12.0906362240314	0.564862595798726
6729	12.1594865556565	0.521210507338123
283635	11.1936611108069	0.467134100362105
55012	10.3259096783929	0.481303028190247
9692	10.9638432222268	0.525717388848386
5687	12.9452479022179	0.661176561832801
4792	11.6862183621518	0.948530281344486
84684	8.30840959409295	0.0858341183584515
253959	11.1477164130932	0.503454818626903
84312	9.95961568975007	0.568213244836231
51562	10.4915594931692	0.574513097061908
7080	8.56653512724294	0.547289884731085
100506237	8.24887491415418	0.139991738875258
26257	8.58869991406078	0.67920340893212
5083	8.85262924971193	0.846091404076692
89874	8.91736384478755	0.601035384987926
100129794	8.60915341545992	0.211926695131007
145282	9.73521938149339	0.641369925787417
3169	10.4472224884057	1.55507710441985
319089	8.97290982512182	0.557858145622464
6751	8.2627980842244	0.135483276402874
283547	8.32232536674606	0.175810875595165
10484	12.7339093693155	0.884669618411845
8487	10.1106017347373	0.435956828801459
122553	11.0437878270063	0.630668614801695
5411	12.5269688494427	0.525292145871174
117153	8.52237254465143	0.292940348079838
4253	11.6515040120633	0.726426973441263
254170	10.6084224666224	0.569692266814724
644919	8.51976307716572	0.536564208656183
145581	8.455692521476	0.487060106561165
122525	9.17922252250409	0.237551773540175
54813	10.3352677658036	0.275552265669013
23116	10.3156069073006	0.32194087932525
55015	10.5117794541832	0.2743873977528
2287	12.205402650733	0.431041282859669
57697	10.3203804961974	0.310988502138681
55320	11.2756410201123	0.496984313639775
161357	8.24801966431439	0.140228271811833
100506433	8.31847781339723	0.370188746176397
6235	14.6042709420644	0.538465114957649
6029	14.0825223240969	0.992700224754779
122769	10.8575681587535	0.473536291841834
6166	13.1386988817895	0.551667802984847
4247	12.0046498156641	0.438686188648715
55172	10.5313177153966	0.279822335135581
5427	10.0229019364417	0.359953774763609
122773	8.62487943325019	0.114283915472051
23588	10.9138323452764	0.487085768131687
9147	11.6802566638165	0.301566166661445
378706	15.0116606579562	1.09458888892997
382	13.5404927176226	0.474783749493214
283551	9.30846061255596	0.653750087902878
100506499	8.79477487086318	0.40269614300363
79609	9.70814281153025	0.174760605412241
6655	10.9484395340322	0.331777965999899
79944	11.2456712981526	0.356348330237812
27109	9.98662250364992	0.10901404647823
8814	9.03046759667631	0.173616561120153
11183	11.4597046793304	0.472963482688641
51062	9.24938548619771	0.460406834122499
60485	11.2963673915568	0.612525791878496
51199	11.5218581398194	0.515167102581928
145447	8.32344013439983	0.139246985489454
5836	11.153822808713	1.56542444481951
114088	9.13220919496612	1.00733619850342
81542	12.2960626976199	0.328487918724508
122786	10.6965910494368	1.08195939112994
145438	8.62491247982424	0.160220912603623
54331	8.69701038529107	0.592562731877044
51637	12.1929269659216	0.368408808163875
22795	9.35137678953266	1.67000802792483
5732	8.46268793051228	0.324264417980204
57544	9.82746634002564	0.39598735715597
283554	9.00011795996928	0.292712969795966
30001	13.0061725775096	0.549978172957678
5706	12.1346049618597	0.384064050391676
6815	11.3975854286833	0.373480760630728
64841	12.3097364260494	0.414848488777574
10979	10.6311693926659	0.761050199879859
80821	10.4878393441492	0.179350234836803
652	9.76209270588543	2.00795716101675
1033	10.7680743652233	0.693473435326177
10175	12.0941179058944	0.316784460994961
2764	12.3380507266754	0.436908244415813
10668	9.8252824649131	0.160850921561352
23034	10.0185339584353	0.935383622038665
2643	10.1619299637747	0.648610571264949
11169	11.4329897122745	0.419729954937359
122809	11.0408030661865	0.419114656756801
93487	12.0106497169235	0.384142527319862
3958	12.7373110615158	1.23959977068733
9787	12.131392399175	0.672929559496314
55030	11.141783899506	0.60413198945918
22863	10.6635359619736	0.353455110063216
100129075	9.00060097452197	0.241777722923681
3895	14.2437275504671	0.501993575008985
645687	8.36872238854904	0.160357612701444
57161	9.27910366795656	1.25670408397804
54916	10.2767490522975	0.437326444760744
10640	12.3675063399454	0.360949118729476
55745	11.0976117013999	0.359040262682088
122830	11.2879997391863	0.246165127848738
55195	8.24720745651272	0.114181694342604
145407	8.39670299117206	0.149711018295724
55860	11.2523159952072	0.28726358611077
5684	12.4510289851601	0.422312016678875
379025	10.2470555428275	0.428413349473443
5926	11.0825732856917	0.342746556330195
387990	8.33819364712858	0.0742114622678453
26520	10.4889056548513	0.381965022987951
9786	10.7597360118778	0.425995483658205
51339	8.39600292258935	0.256916493281293
23002	11.3346978467262	0.926239780530827
64582	9.08905888845185	0.137295818231697
112849	9.57419828713916	0.385258708788913
51528	11.2940447198661	0.245179407185862
6252	8.38549483366377	0.209370038967405
341883	8.23822368442161	0.131695797068748
64430	10.9662538564594	0.800159351428823
51635	11.5060036656049	0.518159655291337
5494	11.3110499614493	0.415155224644835
317761	8.28719898885667	0.111492022355415
105378189	8.38368633373418	0.116244648770428
6495	10.3150701471102	0.499504655769631
51804	10.897162809848	0.513220854865519
4331	10.672251956956	0.275381968682652
57570	10.5792632091698	0.319230423225734
145389	10.1488390672326	0.391780065828554
161291	10.9699882925944	1.65636803873412
5583	10.4608059549405	0.914291222273622
101927780	8.48471182469019	0.230605010781524
400221	8.4851996003774	0.243116655517328
3091	12.5923059411643	0.437826228056612
6617	10.2149752414351	0.288712338571025
83851	8.7347351429985	0.644178139891841
27133	8.44664405649698	0.664086606615782
57381	8.28312905987789	0.144183425819427
5529	12.0428630792095	0.281505674060578
112840	10.3485422561689	0.244336783693601
81537	10.9756699379202	0.53290371237773
23224	12.1029725504145	0.380890670835655
2100	8.60304329961867	0.100484880897153
441687	8.32334698762514	0.0893554342200472
4522	13.1339287243384	0.363690327896296
7597	9.56964516540774	0.257600193829228
9495	9.01894197606807	0.274566452737577
22890	10.956409355278	0.332837961662642
3306	10.4158652839051	0.93252346912643
145376	8.73968070687122	0.34239515053537
26030	11.1577347976087	0.76616721179079
6710	9.56157269732604	0.812627719647345
91612	10.8081600378645	0.531654402544618
2877	10.420310377425	2.19968995853254
376267	10.9161877459123	1.17266407540034
2342	8.86948678585776	0.116383844076091
4149	11.452236216045	0.448418637619186
100128233	8.24104916782032	0.131704266636442
645431	8.57880031753126	0.274351002102064
2530	11.1401798561486	1.03084998404097
10243	10.4224524869085	0.296608744592857
161142	8.51205487786186	0.489866231704933
64398	11.9141793646181	0.487598468132791
51382	11.6588330893283	0.367210784171755
1965	12.6493213016771	0.402346020038177
26499	10.5247984109826	1.38760319536289
161145	8.87135726398066	0.43072807179615
57475	9.70237414992021	0.394684243734557
5283	10.0281279528473	0.319529339954599
384	10.4598140961052	0.754383791287346
10490	11.3900904659447	0.372615736931799
51109	12.5968997831143	0.602186989281113
145226	8.41119427706564	0.130175316244033
23503	11.2819400001762	0.415735318626715
5890	9.51914370711653	0.25334895055031
100996664	8.46638867383897	0.209435706667666
677	12.8972679561261	1.42516989128887
105370548	8.45985913029672	0.137425845022692
87	13.395403495792	0.690146407657326
8816	11.4383070053821	0.310242332723827
55218	10.9106657152483	0.377013252766014
57452	8.40061464400703	0.173215101168031
2079	13.5382272944519	0.475725046845022
55334	12.0351396349534	0.432261987184849
400224	8.37632454439798	0.219697358061186
9766	11.0243476173573	0.874189279753616
100289511	8.49906361387444	0.118393296257578
6430	12.5501206520364	0.638365591122892
64093	8.76356184029697	1.16427912425577
51241	9.51626532693105	0.193549707753927
55333	11.1251120666906	0.386518657357418
8747	8.58394701283824	0.335656714481678
10001	10.7813950904244	0.318957349474687
23508	10.3274127231665	1.2071063282575
103695436	8.55462571085759	0.342428021565972
4293	11.4798290870251	0.607567576741429
22990	11.7362986496677	0.49104502153612
26037	11.567738662975	0.493974238789684
9628	8.67306361147483	0.63893329769236
8110	8.47188689476515	0.205004404918324
26094	9.74001637848812	0.320468751637555
53349	10.4606371430396	0.50311848777373
58517	12.693428351675	0.21163692927268
5663	12.0364630338109	0.319678342507588
89932	9.01971365385715	0.69903665187889
101928123	8.42380059510907	0.287351456034036
8650	12.0081248474471	0.341857099924154
101928143	8.28790194953094	0.156460159249415
399671	8.5321830648254	0.219077265223025
79697	10.4324407320695	0.238743611749311
641371	9.24946863285283	0.426054915639699
10965	10.6529004338606	0.41713020206587
122970	9.14586675797721	0.391324184322659
641372	8.40549011953936	0.210213015073487
83544	10.1645713724833	0.25046477848509
9240	11.5312136574884	0.434713362779042
91748	11.5537651097739	0.454309911423543
100506476	8.69080433386981	0.258789533091203
145482	10.2572109839715	0.471974545266971
57862	11.1483687203536	0.326817141046845
145483	9.25334211260684	0.315482085245383
51004	10.1397939523133	0.202769782323292
957	10.5116421477668	0.326261849292185
80127	8.86654605222279	0.26250498557776
4329	10.1109817930406	0.634072288341589
91750	9.95364429362037	0.175318109317818
5826	10.0686201397831	0.416707866803501
55237	8.26518511738241	0.16072324265012
10577	11.9426968912237	1.05250804085601
122961	10.7322081208545	0.410950237607992
4053	10.4982844275998	1.04362688259431
9870	11.9770062188844	0.415643870404702
51077	11.7889846862112	0.436069567334752
56252	12.1420642468447	0.233451654346485
283571	8.71515883422996	0.200286821496716
1743	11.8972844009726	0.322037000750654
83694	9.07488008945485	0.398548922524466
5228	8.65956987723194	0.288327471005778
8892	10.9515942162203	0.390771122567783
27030	10.2570738950367	0.222478875443377
97	9.78056494061951	0.31975302203689
79696	9.17026565024277	0.214197029254197
91754	11.4498357550859	0.711703990416548
10972	13.8615139121849	0.356789034969603
2353	12.7532157710418	1.94591741377842
731223	8.4188762185967	0.0712582158867786
101928377	8.52920984042307	0.253998917427538
122953	10.3187985915293	1.28519167457906
10538	8.91450493899882	0.788068196676915
55640	9.1761527396325	0.527975663658382
11161	11.7153557656557	0.448956314406055
23093	11.18494402509	0.382195430345891
7043	9.35628831178042	1.12788270015695
112752	9.93989726380709	0.177098608340658
55668	11.2025905138929	0.379542941984446
22846	9.10328881668524	0.746458156923764
100506603	8.92198000272405	0.143793414377344
23357	10.6474801536488	0.321716744188523
64207	11.8795099768992	0.782213062179172
105370579	8.58598016971558	0.145818886802941
283575	8.33308516798356	0.0887501302684237
85457	10.3606171467684	0.237376826977577
283576	8.36947581527864	0.248140310920943
57156	8.92705806863593	0.95755553214419
29954	10.3544058494994	0.190301627995913
2954	10.0668896710266	0.3461490560671
283578	11.1040542544565	0.209031343621564
161394	8.63671300032403	0.184612530740595
122945	8.56342191583696	0.112934167655644
63894	10.474495934879	0.316044981881943
10598	12.7664712644724	0.39773944819363
145501	8.46404863478679	0.264473089626592
9517	12.3521558739617	0.66191480687649
8846	10.1412454685411	0.21730169143874
81892	11.3734446328553	0.372524371317815
22938	12.1209754997078	0.294844039077207
283579	8.36567689378355	0.066170903981945
57143	9.42925322912493	0.298047098140892
1734	9.22845868140158	1.75854839140545
145508	10.1012030650119	0.412035191878419
2957	11.7101524772746	0.35828182390312
85439	9.80738168633228	1.28119359155251
6400	12.6395169534303	0.576662531882964
23768	9.34348400021468	1.00154632827841
101928767	8.40924336302396	0.179900254509435
2581	10.5972096756223	0.95691990253821
8477	8.2464745626727	0.182996330039258
55812	9.30026826944438	0.247064774875859
11099	10.0160129755315	0.608598050408142
79882	11.5049062906964	0.342355174656659
161436	9.33356982866506	0.303788741082133
123016	9.93923104797318	0.603328470994759
1112	10.4253998533696	1.07917954882412
400236	8.78279535115895	0.213389453331103
90141	9.89057493894929	0.400231339417079
55775	10.5187957786276	0.294030063653412
56659	8.27729992804068	0.116075510257383
5700	12.990096673054	0.375234099933927
55051	10.1059141305438	0.421626331473691
801	13.7330977266249	0.462386327517053
145567	9.33659932752224	0.681784904574162
9252	9.47616438273464	0.429174496593188
80017	9.67575636943164	0.907370135660448
8111	8.43011028687559	0.177226361243267
440193	10.6866505100561	0.689040797944593
55671	12.2643357845268	0.512894892025468
10516	8.46206159061388	0.237656181149298
9321	11.4721423717082	0.400277159637174
4287	10.1486126158497	0.414043663071292
4707	11.5960652690611	0.346626598051056
53981	12.3442527736013	0.292270113340016
105370707	8.38845248495119	0.191676844613667
79890	9.37078897901236	0.929687442474023
5641	12.0070982291156	0.994010818648164
9950	11.4560224985561	0.335957766885941
1113	8.43031833215239	0.651293251500511
3705	9.87252171749777	0.57058348969239
64112	8.33444610535274	0.0763140935934996
26175	8.38259535254723	0.150442994884624
55148	8.74240696770726	0.328227484562671
55727	8.97264046578112	0.212588152580948
57578	8.26673902018738	0.171077849936696
78990	8.40801667821993	0.287592385780421
57062	9.24245850905856	0.524993556729094
122509	8.67834067554977	0.371959955648498
3429	8.83055447018969	0.822984230946566
83982	8.39411987697908	0.15523612984652
5265	8.98711785467938	0.945505476423853
5104	8.48909189352624	0.240351442279434
12	9.20870356063653	1.35435634251626
145258	8.28499424750438	0.17374686621135
23405	12.2236831352762	0.663587745893737
400242	8.58167206210348	0.166793703949629
79789	11.1610685298764	0.834138694747882
79686	8.65374390250981	0.346777975388632
161176	9.1132879995595	0.509657912675701
105370641	8.31977034725842	0.142580021510523
283596	9.75663018750604	0.402173479169137
51218	12.0853504236387	0.433791586725077
56967	9.35154814305514	1.19379302269254
624	9.31725906871509	1.36613525080615
623	8.46978406495642	0.367908299070294
55102	10.7171778573838	0.584205788929332
51527	10.995655091744	0.461710293278412
122481	8.80743259011206	0.354040639786452
730202	8.6534838950579	0.150038872157382
10914	13.73448843582	0.362789920267919
7443	10.8945800336301	0.451114625414663
145249	8.40270836327569	0.0827745560749439
64919	8.58293339729237	0.556613965404563
84193	11.841162720304	0.425124401318798
8812	11.8598469299191	0.411938224384821
317762	11.8227664550842	0.535362632236622
84439	8.65456238277777	0.420371638622059
10858	8.28775305561261	0.104853163056495
2009	9.16020767368682	1.1239485704419
51466	8.840678913197	0.841228632458617
123099	8.66644230117896	0.463844759567014
7528	12.5781286646344	0.336300911469338
123096	10.2433604793466	0.549688837353944
7453	13.1743752829629	0.872836443904711
79446	9.67109429638625	0.528161570943052
57596	9.2421164823794	1.06779873640484
55384	8.3546796938597	0.447692592986707
388015	8.28934134602785	0.173106913386206
338002	8.22192090405991	0.134400963556638
64150	8.33990421833127	0.145264480584263
100302145	8.32866991590097	0.218635555833157
1735	8.63334630531013	0.400134588537293
145200	8.79302476345807	0.434708352327804
5527	12.2184740874854	0.4840451796024
1778	14.4555940513414	0.403331248350095
3320	16.0113546615766	0.616058104096845
91833	10.8404623647764	0.444295834661781
5891	9.91490741141056	1.15765382311621
55778	9.91049176056279	0.345693963096551
51550	10.5197891478834	0.33864768265392
9895	10.5008715405165	0.35822430352728
122416	10.5894599139537	0.650474002964754
23186	11.9511960129615	0.407090694368682
7187	11.2398965995522	0.579586085723869
81693	8.93498117126067	0.536224673290809
9578	12.7216299565692	0.540355263933971
91828	8.56362915972224	0.286277227243346
7127	11.7892382742751	1.40065306389876
1983	13.4441726751121	0.733298731734429
4140	11.8101336929667	0.451236704186707
1152	10.8880610809015	1.12529322453253
115708	10.6385073417116	0.312338348485511
9529	11.3571628809061	0.423340897826154
84334	11.1297889790184	0.440890023054682
3831	12.0003777137156	0.546942329062901
7517	10.7256782407976	0.299930126313339
79038	10.4635257493606	0.42503264475348
23368	10.2927076371474	0.472506519027126
145216	8.26492891007684	0.123489878898983
9556	11.8922582997325	0.506329094517542
122402	8.27702423221275	0.126697196345422
374569	8.33006631551593	0.104625722937992
105370708	8.26805857563004	0.127905888151196
26153	8.9610629059522	0.706018183153858
64423	12.7489648884014	0.582377850938539
122622	9.14526552348555	0.365321379286531
10572	11.2432037839304	0.505675061988227
207	12.3604173646644	0.496388177151924
100128927	9.79946688553057	0.601199569258297
196872	8.78475888521317	0.258835730346247
283638	12.106477515911	0.640441336361647
113146	12.0589666660484	1.25146770905087
122616	9.3828478723912	0.255669270310698
55038	11.2263013671526	0.617949385836216
29933	8.36584900184037	0.15407524364955
102723354	8.622309653731	0.426967643626881
3714	10.8290623001381	1.44491395683296
256281	10.4807389815031	0.90119105094796
2972	10.3963352378406	0.338420383290259
23241	10.665893439696	0.427261457379423
647310	8.56443988026389	0.156524050544642
100507437	9.00583285476211	0.307670316200102
9112	11.8920811428628	0.451181356783393
1397	10.7724080393025	0.940113307237773
105378191	8.39500174392978	0.109761553475557
1396	10.4365580094166	1.63107548189464
283643	10.4846130115583	0.32882305519369
80757	8.74390017366649	0.409204130675078
283755	8.98907722837584	0.641185822793714
646214	8.2356030117464	0.104503358643701
101928039	8.21769229496318	0.125135833166341
646396	8.30905588868625	0.300650973115437
400322	9.74596178384442	0.591129200883782
339005	8.93564856925966	0.320871040243608
283683	8.59977845813311	0.607992287670113
123606	11.8300587201124	0.741019114989619
81614	12.3215230094037	0.288106180656462
23191	11.8287656135445	0.316122079075697
114791	9.37106836842184	0.214666249984236
7681	8.49932494205333	0.367793629729153
347746	8.52726560823627	0.295248446738139
8123	8.68449227540496	0.427853048528311
338428	8.3533296725107	0.171583336033036
100033416	8.44866461488601	0.245419870941208
100033431	8.28198052061611	0.107237394079573
100033432	8.29137587456069	0.134946158811191
100033433	8.30425830153015	0.14499784318236
100033435	8.28333789264158	0.105822255964855
3653	8.92904612063731	0.602652036354036
7337	12.1623185115257	0.295891266299846
57194	8.22735006312131	0.100830446886989
2562	8.77757889506269	1.07177954911031
8924	10.7157900230974	0.300443162235005
646278	8.50372754505604	0.514747985145997
728310	8.26111686072748	0.15826509129251
321	8.33586657789416	0.23873428463305
56160	8.33647303180215	0.0772526341808865
7082	9.68492450397755	0.591165402156011
728498	8.28314447837853	0.114409944997314
101927579	8.28994836572771	0.0921967523360837
89839	8.50963253043914	0.234399558408121
100288637	9.00492381740905	0.395936797259206
22909	8.86156678123494	0.272579107914495
54893	8.91007019572319	0.317760049052727
51621	9.15869891304997	0.648684564166067
161725	8.42134946221201	0.166073377440396
1139	8.30580229179343	0.14960658713542
653125	8.29864471597669	0.181466765363219
728047	8.3219450724678	0.14973691013862
100288615	8.63613681786371	0.148759098983089
100996255	8.31960077076563	0.158537181956652
9824	9.22431710686189	0.202427709271942
6447	8.27804310626816	0.146048720884534
342184	9.72488387963994	0.733833379175864
6263	8.63040376311636	0.153212812270644
57099	10.184476734452	0.467395192087492
1133	8.40579422042808	0.49111370953315
56851	11.6375742778893	0.43272743317552
161779	9.03645020048432	0.169396411099204
79768	10.3888295931117	0.304120512849984
51234	11.8062276174551	0.399859207087545
9990	11.1425525206341	0.471243700225008
55505	12.127724422399	0.541016538469952
254531	11.0114895304909	0.522016081655148
23015	9.61928778243449	0.509987631306128
440270	9.60309798224629	0.324943859300801
70	8.37173026356981	0.131542309405297
9716	11.6543412405414	0.35379572988565
54989	11.6841770826551	0.555670865843053
723972	8.70864851885245	0.117993882183138
89978	9.64865913171591	0.472860226878576
100507466	8.49831078369627	0.178573068031365
84529	10.3730568205194	0.380584146615967
4212	10.7391351941465	0.717669234464594
161742	10.7084047321483	0.507227843631141
283742	11.250890333907	0.44496997743184
10125	8.46184990793376	0.171787839909167
7057	11.6961177307534	1.4392795778032
161835	8.58024133725131	0.176977678923662
105370941	8.37010684136144	0.0701581495165196
11245	9.55944370072724	1.07698758567049
440275	11.5488831393342	0.365980901519804
6727	13.0950164805176	0.436207607106599
100131089	8.95314359727058	0.203832825308006
90427	9.5753747464094	0.612253177997362
701	11.7433919773686	0.343945802556448
56924	9.56664285051405	0.830015145577253
644809	8.39983886707752	0.169391488579825
100131244	8.289027624256	0.122299816971653
5330	8.48372144864985	0.376506261306216
100505573	10.1184545180293	0.507928263102128
388115	10.8446733901425	0.832627630320847
644844	8.96039028706804	1.36738846154482
85455	10.3751083968942	0.980848654360451
90417	11.4022827732331	0.389113811965822
3712	11.8925740301087	0.248596108072796
22893	11.2228666586893	0.419848343086616
113189	10.2079404363378	0.453993792944626
90416	10.0483218682114	0.20142980672231
27079	10.0397861232224	0.193378677218063
57082	11.2921671565053	0.304111256782376
100505648	8.66198671339912	0.118075777605303
5888	10.1082036872972	0.519870022037159
55177	10.8465128932241	0.365241917915763
2644	9.54205683446396	0.510191915332038
55192	9.73802415999395	0.169970774795826
643338	8.7975369844459	0.266331762221071
84936	10.335645307503	0.271725694280969
6692	12.3800567016955	1.79475781818592
171177	9.59527429010897	0.766898686079036
57617	10.9036464362297	0.616706989917128
105370943	8.93463656662031	0.345424839564436
54567	9.04837903448544	1.57045541799901
79094	10.2250598313109	1.14817439739358
54617	11.4067590410274	0.400234412855935
161829	8.35802986538431	0.0758651822437579
11261	12.3995269502021	0.327114577993249
729082	11.1989400347762	0.380883800659623
11339	10.1972843173278	0.269540356496061
51203	12.2046151758857	0.455295252270943
51103	10.0336182800219	0.378380670211232
23168	11.6325725544006	0.551197970126546
3706	8.95197474192454	0.326896524010788
4058	8.44663397582648	0.29841999561122
26015	10.9821354168193	0.299928593448772
7301	10.2408891414365	0.359854852075805
23269	11.1652749725273	0.483055805846598
23005	10.3154115620497	0.432179908599771
100137047	8.91681086607051	0.191545610600635
51332	8.75398751109133	0.212670675558294
30844	11.6774113143699	0.8344580720404
101928363	8.30615505557892	0.111677732817978
283748	8.34889477767755	0.165824390460336
255189	9.02070271369953	1.07721387755601
23339	11.4939236473413	0.434157245444012
25963	12.0909645447947	0.478999345967828
2595	9.88594092383967	0.294973518007533
825	8.48430246320002	0.170798104168719
64397	12.3305338296252	0.377961500833881
8773	11.3070170280064	0.314191228042975
255252	10.4390905308115	0.294566059054919
55142	10.9986587507041	0.334192683042651
57519	8.88040501981316	0.595342851097523
146059	10.3401077344478	0.410240237680858
146057	10.4988757269691	0.4431365433742
197131	11.1705947545181	0.414500988583568
80021	10.5029188065865	0.53082926840096
23582	10.6664744669288	0.617047676942277
9836	9.74106101448873	0.269592635397032
161823	9.62217405963116	0.413347213196157
146050	10.9524094302234	0.424589789774542
27229	10.2874170527212	0.30615937233722
7158	11.9571367545843	0.535590548050219
4130	9.06870442353829	0.729737662089932
9677	9.97488060572215	0.332812061345886
1159	9.14913250931052	0.766161509071038
117155	8.74604499537401	0.182615165856194
548596	9.01927969781842	0.580469163003785
440278	8.85438922513352	0.195170255951347
2923	14.7311217282312	0.526661190784692
80237	9.38054731483429	0.391159309913066
10169	13.2905089670373	0.552884297935256
619189	8.64556613387363	0.206801547421239
4236	11.4586606250902	0.278654898790752
79968	10.5432968075386	0.468074899085592
84978	9.80117171959325	0.683257347412426
728758	8.3902609983617	0.0789822327941876
113201	11.7797826835579	0.668638603727241
51496	11.2717742729202	0.331565558235466
645212	9.63538886993497	0.189318584704889
8669	12.8048295268601	0.538088173140342
80208	11.61728904569	0.299931893734419
197135	8.55697163019359	0.341470168206911
567	12.9983656171236	0.837559122741339
100419583	8.35890825568219	0.0605605890705593
6652	11.4813007162275	0.56039492273258
50506	8.49376267276768	0.450384071747893
405753	8.35497079205068	0.334151258747695
90527	8.30583410379915	0.233165046617057
53905	8.80901374913568	0.623483596163859
90525	8.84095303320714	0.606086652705922
2628	9.61594138812417	0.688117803521064
79029	10.1310164924703	0.284477731547758
84419	10.6077141308386	1.29425715669556
7782	9.20396705553644	0.602671152532268
283651	8.35967546819171	0.139441768720495
26258	11.5710933764009	0.511574817499427
58472	10.6312125479944	0.644382069326758
80031	8.28813445940249	0.246508345305077
283652	8.40153040829563	0.228501503350065
50804	10.1312988734768	1.53400314311945
399697	8.27862431327458	0.133238861910067
1854	12.0505485725028	0.338938781678323
2200	8.88656846665285	0.401490968204962
22995	10.0743048808342	0.315256238100608
399694	8.55473207214378	0.662127563230533
23741	12.5834987170503	0.599511907934998
9728	11.4157651533718	0.478863267322743
9318	11.9077541042063	0.26503521468341
2585	10.4540542563218	0.488487968940463
196951	8.70909792598281	0.208056118682578
56986	9.94758969245293	0.273789523715204
79895	8.31711657251935	0.107678153529273
11001	9.71910931368765	0.87318126346212
2553	10.3877751487364	0.369005621571092
55056	9.11846307761037	0.290122544216532
100129387	9.15052656510269	0.291779153097776
9101	11.5599286610346	0.317321742657098
54822	11.6477877135418	0.369230228909125
84888	11.1232715969263	0.436600601851055
23431	10.6491927843923	0.397840902953867
388121	8.36171834704788	0.14612683673329
1588	8.47923273769337	0.371102799030596
342035	8.66662711269754	0.571755791352507
23312	11.0475062638112	0.481729958949779
29106	9.19725772994532	1.93378038893021
256586	10.057792020346	0.713433247751719
29767	9.49478189795493	1.111597460296
29766	12.9224600061302	0.771035860343684
123169	11.1247201002775	0.474086013867908
5597	12.3853398628677	0.671946081613996
10017	8.34529278940259	0.248027020814437
10681	10.7327187899355	0.409193172443147
100129973	8.46900252001297	0.101260900075652
55930	10.7928007737767	1.00705629783299
4644	10.8130951842309	1.01380521510346
10776	12.9332300163669	0.570392151204192
56204	10.3636087983104	0.580388500381545
3175	8.49392344756941	0.372553335564537
256764	9.35824690972978	1.36229115809188
51187	11.98957961625	0.505097964934344
5873	10.1399173973823	0.643879426543497
9488	10.0977436674263	0.265850419031597
9236	10.0901414510836	0.448336898278255
145788	8.62938771032006	0.219094246753655
161582	8.39277531271855	0.138627875159236
26108	8.76089119077837	0.495810100427176
283659	9.11838520409702	0.686193879618299
4734	11.0206540412033	0.499946068998921
64864	10.8361026366311	0.36050347568993
374618	9.02799925879437	0.138202623100079
55329	9.42496818181351	0.403914199745364
54816	10.1418847225175	0.301855720559678
145783	9.20640995418917	0.325284441928631
6938	11.7968814499165	0.748021660296511
283663	8.43102242990491	0.23555269173526
84952	9.39716874735503	1.10637296836572
145781	8.75140289831932	0.364020309436094
100820829	9.05232038702197	0.506027577493846
81488	9.58956088754233	0.245996010843249
8854	8.58042754769448	0.664006024441504
101928635	8.50079543979704	0.140074485498043
3990	8.45446034831821	0.305831976769033
101928694	8.245783440886	0.139248509950348
101928668	8.22911994937635	0.0866033017156894
102	13.6726600461114	0.574263849284292
54629	11.6799927626523	0.74096543453995
79811	12.4029369800361	0.241348245102582
54778	11.086888246356	0.272521291549501
9133	11.9378078010265	0.372819381066142
4643	11.9865174609917	0.880360294458069
145773	9.48791208003074	0.487995389094695
9245	9.62051704448349	1.76523841831018
2958	11.9580191827691	0.341458807092488
663	11.4165670277524	0.456070959400564
27023	8.3060671073085	0.130133555477304
302	15.4093807935186	0.70373512174502
79664	11.1799424951883	0.286694052810775
101928784	8.5248479024105	0.0921035119146881
6095	9.2617175110295	0.835737010531568
54832	11.5846059801421	0.49417379821833
145741	9.21612189730814	1.78008894039869
388125	8.92038992646718	1.77904863014335
105370849	8.3695767017063	0.504544686010182
83660	10.1534254453954	0.289245453383543
7168	11.734141868194	1.27754802834023
114294	10.266872680125	0.255837222127018
51065	10.6524186990678	0.433237549883883
51762	10.4927502594384	0.36473190551574
83464	9.7519898004861	0.659312385350709
771	8.57327844798046	0.193287964192714
9960	10.5565519649852	0.516576493547047
100130855	8.42625324314097	0.140899920352925
283807	8.66663048514191	0.219869610473572
8925	11.3401690749286	0.40478130689918
23604	8.75698450422141	0.25929215380949
84191	11.5129985877036	0.519523537531015
6642	12.214396485869	0.389832967795255
79856	8.65219038957836	0.211711995927665
5479	12.8590864672122	0.680967305850257
53944	11.1985439957923	0.237311753166302
9768	12.1442032475071	0.41560999393364
9325	10.4428475917818	0.258025868044085
23060	12.1648392790032	0.343789947315324
4947	11.6735995890781	0.530729134486301
348093	8.93511973319566	0.773470833271929
80119	9.71560140418993	0.303995601678036
80301	9.44818535031055	0.456407637361647
348094	9.03433702629673	0.416250170307263
51324	11.9000642405807	0.357126526913072
123263	9.97703752600531	0.227398779296213
123264	8.31528083673642	0.196666910665338
390595	8.36770036364161	0.0794157087075139
10081	10.6725917788235	0.30934952373337
10845	11.3100597742714	0.363915063985343
54956	9.65377327261873	0.40664508969779
26831	8.45495493972602	0.188648907343608
9543	8.42812830400707	0.225189644543263
57722	8.69037510531296	0.434488988099078
54878	11.1994347898079	0.366970787646638
51495	12.8463637198208	0.439564322944612
81556	11.4408948272829	0.296603033359332
9187	9.64562462518538	0.317855162131575
10260	10.7460632455505	0.593808390213601
8766	12.8547671987625	0.487670518281335
84465	8.37540900415882	0.133014226148151
115752	10.7066813942102	0.401691499600688
54962	10.0736355195153	0.346404955940394
5604	11.9085676009799	0.846785738678727
10302	10.1702499452413	0.433193099050014
6124	15.7388934184646	0.378199629973699
595100	8.38786225022039	0.0907262357283391
595097	8.47974149918556	0.126004576833248
55055	11.2481214558895	0.414638247390614
197021	8.56797270556491	0.0962653615158162
4091	9.44355420059578	0.717126642913842
102723481	8.31370092782724	0.252770410735853
4088	12.5622335201804	0.886255199787212
79719	11.7572552809762	0.303424095656954
64799	8.89084811511543	0.117464802403988
100506686	9.3256145935764	0.290568730611255
145853	9.37524990450965	0.365233006373159
5607	10.1078749234665	0.339006054155271
390598	8.72516510480196	0.738731695885668
8554	11.0481829430995	0.351677733635468
91860	9.32293946797794	0.198966156500121
54982	11.4683273288753	0.321687931716403
10116	11.3776431478757	0.53827739298984
22801	8.44677712215994	0.263645806787843
10391	8.59273869851563	0.520907584929787
8125	13.5761858822303	0.375937347334779
79400	8.32781981602159	0.124295844726247
246777	8.3522207688988	0.490468918474065
26035	10.5095058302521	0.394675517734735
54852	9.29096092903877	0.550237736621727
9493	12.0911260179549	0.491572649336866
6176	15.7137109441836	0.411059360076569
145837	8.69493719967483	1.13125870331192
104472713	8.24585568964541	0.146620872808026
7090	11.7345251843599	0.665320959623703
55075	12.1348641749414	0.684703028922976
55323	10.5386529034555	0.461142329115589
54839	9.40674411433424	0.377715748998694
56906	9.23105458157203	0.184547706044581
196993	8.40839620781198	0.151701904314726
79875	10.6102320489325	1.04484045838268
4649	10.7649559760405	0.498729363366487
123228	8.88654623828605	0.154730617348301
196996	9.18112797809735	1.16229338018391
5315	16.3326776459288	0.403750946792448
56965	10.4442565719558	0.449507556962127
60677	8.48476754400522	0.168743388250929
3073	11.9970992809209	0.337115623743079
80072	8.47227245256045	0.104787982662949
25820	12.0332591640143	0.446630757362311
693215	8.37265176572246	0.0726259942137651
585	9.82363173857387	0.244295842826824
83440	10.9059630374387	0.249484520908812
4756	10.8149306384546	0.993811659010034
10021	8.68545760173129	0.888812847847522
27020	12.3975275126748	0.670175559267103
101241892	8.53836293264436	0.108327201782244
80381	11.5825182460932	0.490058820632787
388135	8.36521980994884	0.284724171806272
100287616	8.63204291612417	0.41160882386228
4016	8.70371732730311	0.495771404026616
9399	9.53154336140717	0.262286371882736
5371	11.0707151014185	0.654615638675603
57611	8.30438513821071	0.136291796174674
3671	8.45291686685851	0.292039664280922
64220	9.68844049770952	1.60021498299013
80125	8.57122448243182	0.401467075521169
1583	8.64022837699238	0.442831821943652
8482	10.3348472424051	0.968230525269308
84993	10.5394841554787	0.373559700310644
440288	9.03444476246619	0.152733867365198
10620	10.3780270022215	0.636076179853592
1198	10.9753285946759	0.400518045421969
102723750	8.47501494430924	0.207186657106047
80153	11.2606088642546	0.304883226553485
1543	8.87642257819246	0.503200396269535
1445	11.5654933034902	0.460666308516382
25989	10.7275234222703	0.708300211877527
10066	12.069262579118	0.420279827261713
4351	10.7573977573619	0.305749149793516
57184	10.3914367049121	0.346909421566907
9377	12.3822364278288	0.353173809356405
54913	10.7452810137468	0.659799631656249
192683	10.1042567622605	1.13941160345237
60490	9.76521422497104	0.424990619634337
56905	11.0667987792382	0.726505414894797
105376731	8.30867171779089	0.111763157931248
54939	11.3530547109493	0.424974065535686
79661	8.85345388280014	0.228369289339193
4123	10.3561077810853	0.579091243704318
25942	11.9167261394507	0.318973191845513
5780	11.0519763379633	0.437437127828453
10073	10.4132754263191	0.569221076737879
55272	10.9791627476651	0.368326204221922
257364	10.3872681647748	0.513917001844607
1464	9.02976662630558	0.454924814232606
161753	8.3013681585928	0.127327798690112
100128285	8.41862282500065	0.0967813735176443
92912	10.7503053394108	0.568249983250801
26263	10.8784162814969	0.363994367515562
145957	9.00216142454704	0.758322323724207
2108	12.4406835731446	0.41688481463965
64843	8.8635160380944	0.354143398175193
49855	9.98266818828339	0.346832077366676
5955	11.798626042054	0.326237636891259
10099	12.6528839428531	0.59414757580608
79834	10.7584356526439	0.503212701805137
10363	10.8735720391808	0.394400199241458
84894	8.51627280550964	0.493384639169584
91450	8.37752426995079	0.212521436640709
23102	11.1680836605292	0.784381567641527
646892	8.40253965334704	0.184394635349877
10518	9.61385814511784	0.880242422131513
3419	11.2811066603144	0.609541331623322
23205	8.40585851427065	0.0952942847328242
55466	11.0603348047528	1.12335995212194
80349	10.7503147700008	0.207948997808427
1381	8.44717794465179	0.339620344922116
3658	12.3555886098709	0.362834342924067
123688	8.9093029163509	0.299389458113249
5685	13.2345149095769	0.251364269914764
1138	10.155794137319	0.37250509009201
1136	8.58119462580822	0.193303922095062
11173	9.24547845847246	0.870896293051561
10933	13.8046396673548	0.43775912637372
1512	11.0902981267061	1.73926233004861
5923	8.80933439989955	0.490678225986557
23423	12.0665545286483	0.504256684976569
23251	8.81250974618548	0.211274868811944
10588	9.16236957133152	0.287920953100368
400410	8.88127234622875	0.224421134034841
283687	9.02668758695414	0.267199970181927
597	8.32946832405297	0.248402230132846
54469	11.2580841336724	0.605667148558415
2184	10.1039425145201	0.274819293702036
9915	8.69309572825843	0.389425900722921
58489	10.6986376248313	0.812769098298119
57214	9.41346441482418	0.966518518525528
23184	11.9527432444892	0.321458150416563
59274	11.4662662025859	0.756553719362118
3603	8.40908219736859	0.157006404544401
80765	8.77790132817542	0.36396299829195
101929655	8.35780270453474	0.116198153132276
84206	8.95922757247555	0.54790125830268
79631	10.4412767500744	0.420885857128388
283726	8.55386281346694	0.219324742704613
100134869	8.30991417313857	0.143116725577439
440295	8.44015947806236	0.217838356732764
80154	8.79468903758282	0.437455559411477
6218	10.4515493155969	1.38875504699939
64506	8.33659279828748	0.454676713653461
8120	8.87873505169773	0.782125673135758
283693	8.34719102872034	0.0708678388653773
100505616	8.83213648859312	0.160320494132777
123722	8.47502999441516	0.11852823099988
123720	10.1568956222044	0.398873764065403
9455	9.41297853503922	0.68033335325141
83640	9.86323314821985	0.317252078115152
123207	9.93836074185437	0.273996573219433
53339	12.0553059450756	0.42550925874331
53346	8.94987761797817	0.675468449492597
50810	10.1484376559278	1.62987055348449
105370929	8.31149043168582	0.136749464243503
646	8.35596903617486	0.167489283867227
440299	8.34230674641085	0.0791393891033955
388152	8.71885068907907	0.35647793904309
102724135	8.39889979265411	0.255878987169367
374650	8.51389746841239	0.190889844735607
388165	8.55798437193802	0.186129389241991
100506874	8.37420091344958	0.1132575944587
54993	9.5937824544975	0.39303399051762
54581	9.34008212674581	0.15664540963451
84942	10.3550531905503	0.196610809926596
4828	10.1630336790381	0.553003551932099
23478	12.4933834594985	0.197784320576453
9640	11.3416016662805	0.35380612853999
57538	9.61798538466233	0.999964443664521
9154	8.33518926695602	0.205425846094684
5151	11.1930814319641	0.441794816177738
642423	8.55704123750605	0.150204254793561
101929479	8.90503449795644	0.237869431764563
11214	12.0133334245108	0.471644435492584
64410	9.63556301300664	0.357358493477726
123624	8.30870840909257	0.283061932785436
145978	8.26658467039426	0.219916462698189
26589	10.5470450328621	0.277791681012596
64963	11.0677892404762	0.276574933761123
55070	9.12991989410022	0.193589513266373
64782	10.8217857428791	0.654809591979151
3669	10.5482013640209	1.1550907904384
145864	9.20820592370213	1.19656652716823
4240	11.025926071927	2.13610247283444
105376732	8.37276410576881	0.0810614056524284
11057	13.3328137755981	0.988366711232132
55215	12.1002594466326	0.286741788080713
5428	11.2255043185001	0.334362285789493
254559	8.59344520556274	0.478896508240985
51458	8.45422726031869	0.388065905881087
90381	10.6055347629365	0.312472695271254
374654	9.65866370509177	0.690217738655226
5346	8.40411127100742	0.157904181736638
8800	9.43291883150883	0.28873686424659
56964	8.35170993457924	0.0933816805992208
55897	8.90019212241907	0.46040353718593
145873	8.42785038269538	0.243933532303452
290	9.20541055925487	1.694148601823
10239	8.45376178106468	0.0611112190506223
348110	9.99660628256034	0.504407381518511
374655	10.5457660409197	0.470426369342033
3418	11.1857201255033	1.17608826739975
10509	12.4189845823271	0.847621561756807
10519	12.7249399483044	0.549172142444231
390637	9.04497416577773	0.184993814712547
440307	8.37120999082177	0.07362248571645
51335	12.529583833498	0.547996558075754
342132	8.91506278289246	0.150554139148445
8826	13.7472988801185	0.489324861878139
64784	10.6722730454873	0.45945599301498
101926895	8.39610565544553	0.0559614912964157
641	10.5041299611724	0.192219588380166
5045	12.5394926183231	0.670191729200026
2242	8.5477744125631	0.145608872194641
4122	11.1395307202739	0.673972364043561
55898	12.0366781029567	0.323741201693462
374659	9.81708425649116	0.61776392818082
91433	10.4556126801622	0.205633049546844
9055	12.058943968087	0.483326555391667
26276	10.1843284487892	0.215828874362642
101926911	8.44850601500494	0.0567391109586058
9899	8.64648974956057	1.17446704981997
28232	11.2076701529806	1.51300926513443
100144604	8.25676090218079	0.1622887172628
400451	10.1109190985506	1.43425580955211
100507217	10.839652339723	0.393433861795659
1106	12.6024849140867	0.438901848761697
56963	8.77021726419973	0.481267252968549
55784	9.48542119702744	0.830657570414418
440311	8.38117544433015	0.0650564409202478
644192	8.7757518898177	0.324570964057592
7026	12.7028307015095	0.876591079508329
100302258	8.39404347233064	0.124736334820434
101927286	8.31716951358224	0.33039378473337
101927310	8.4341277833424	0.677084097759089
91948	8.2862625999554	0.209886146676073
91947	10.0107255695125	1.00257001054766
104472848	8.47605239446213	0.171570005188752
3480	11.5622066552329	0.735164608900595
23336	10.0524908656749	1.03289864326365
64927	9.74902287889878	0.506041192756647
123355	9.51154327720231	0.332210777692522
7190	8.68038359622659	0.11460337719596
4205	11.0395762410758	0.338697881302507
145748	9.34520394746421	0.186254369681885
196968	8.30858742318265	0.18947552471678
170691	8.50771344612915	0.2331438966272
388182	8.37576900157161	0.157756041226245
102723320	8.21783577242807	0.123599986316905
204219	8.60306200659468	1.08927221712772
441733	8.79868880787629	0.176326883317178
55180	9.59201735598714	0.196646704127101
140460	10.5961282008402	0.253455255409289
105369201	8.91893457874791	0.521512431175104
220	12.5909194744522	2.08522936082449
101927751	8.41812406521623	0.104191030480324
79705	10.1639783866418	0.72475701107876
22856	10.8556893623561	0.414509036559597
55829	11.3582561011088	0.706179639203161
6627	11.6621375830832	0.443964862588861
5046	9.90568556016469	0.744522983847678
100507472	8.3134140385509	0.10810257547671
80213	10.5265754465535	0.348767344681218
123283	9.54942136463289	0.50401798615043
100128108	8.38509891623297	0.396135543011963
105376734	8.23022107189206	0.109574119219361
374666	9.58196850694474	0.177220038852747
100287029	8.36835980787813	0.0671133301314113
100132169	8.52758367016177	0.27903679496372
51728	10.5828717840436	0.473307510793913
79622	11.2469533554584	0.278232124692323
64285	10.7055402146312	0.56806525421111
4350	11.0337074011248	0.469512401454954
105376746	8.3272397808388	0.0991794178285036
8131	11.0060713285425	0.435661187634083
3040	8.32007885303969	0.174412277839802
3039	8.33859980837794	0.17918714425895
3049	8.50791917565768	0.403716695636661
55692	10.6094509606012	0.357711520021199
83986	11.9387418203299	0.611512580272394
8786	8.48411996488442	0.335490325864976
398	8.76353751386988	0.735723953467321
64714	9.03412126351352	1.61152284758104
8312	11.1437831918313	0.226481894155887
10573	11.7405861245555	0.347496353474414
58986	11.8112150520144	0.447114603521343
100134368	8.74718441298579	0.135521456788675
4833	11.0772597247458	1.86739825103344
9727	9.00018559623513	0.31012818587683
6650	11.9324635388466	0.152171988663243
100847028	8.35330868068509	0.073216499697624
100423037	8.43648716050369	0.10820790145167
146325	8.31703166703697	0.290069102082256
283948	8.51890496583584	0.248274279009588
9091	10.476981218286	0.379944785484606
57799	10.63243730698	0.373189106939815
117166	8.56673366257325	0.162790817095581
84326	10.9646831270831	0.257834082115715
64717	8.29954383078401	0.129358799749863
84331	10.5442025697519	0.39742178442504
197335	9.81537654101638	0.440747480366797
89941	11.5910281084045	0.195802882693064
9028	8.8331195787286	0.301422069075676
105371184	8.30468162045732	0.0950165582321317
10273	10.9086319508335	0.254378566882389
339123	10.3855463075291	0.709471404912097
84219	10.2128241768757	0.492816494640068
146330	9.64997390313785	0.990644462449739
79006	10.0992386362451	0.877869200859035
65990	10.2005928186206	0.167504368844327
124093	8.87415038322339	0.223447449769884
84264	9.58734149276678	0.357237414764888
64428	10.3573822372733	0.30509456803993
10232	10.4813481703493	1.64514212681846
724032	8.29192816813453	0.122579108836285
113000	10.9714625122654	0.359329515827306
63922	10.7021735248844	0.225246800424265
51764	8.57012040077564	0.212816613351954
388199	8.4003277664038	0.124021270211105
64788	9.66135689412191	0.536000755949998
30812	8.80557684311752	0.684184197533048
146336	8.8726871159769	1.06630922084211
6755	9.00037558498143	1.06123342631271
390664	8.33775547630912	0.239237026570641
8912	9.30991869141433	1.81459683073444
25823	8.42376054508645	0.377565663320177
64499	8.26792489350404	0.129884123309668
7329	12.5690904934632	0.374084104315447
8938	9.03276347116837	0.459995613742761
115939	10.9334740742187	0.286076096280175
84572	10.6554069280683	0.385620403632344
64718	10.578297097233	0.719339933483355
283951	9.98751752747019	0.310166126892624
105371045	8.33812744607076	0.385074274751415
645811	8.69939407892741	0.738938541212429
1186	11.7217423057661	0.560234216697845
9894	10.698298442016	0.274290771952752
9742	10.6139014858535	1.38034014494976
79652	8.40831212464646	0.326103324271712
57585	10.9316894324961	0.433417756207081
90861	13.3440671536765	0.51452673014378
23162	10.8342170170054	0.614669645471854
4832	10.5929436809901	0.599776344130057
65993	12.0212140132705	0.475316858812545
197342	9.16158110180016	0.344209134663903
90864	10.1823327068699	0.354084958173091
10101	11.4108604563743	0.329369944253065
3483	8.33968795305772	0.0752120251168619
3029	10.5668708164552	0.447266439067674
81889	10.841495785276	0.493565681971574
254528	8.28597158241738	0.134187555483043
51734	10.6260802378089	0.762592678034315
4716	11.7585876757646	0.55902849694161
6187	16.2316249247848	0.490760008548623
574042	8.44319401615289	0.0855065537200613
26784	8.44369282957393	0.11886852703358
735301	8.71437017484799	0.265487879068577
677844	8.33580117190021	0.0865419684619398
10607	11.1916709049583	0.225503688062947
124056	9.21412757911623	0.26708517035179
2671	10.7923071345874	0.183691586940723
9143	8.85576105765822	0.39586173911665
90850	11.3614914198072	0.51623107067713
283869	8.84306372059481	0.777316938995668
9351	11.1046122697402	0.852302964002409
4913	10.3776402758605	0.661256478120011
7249	11.3917601145271	0.420158465118954
5310	11.2800392930839	0.810733528576477
25837	9.37869634481732	0.751558066945914
100507303	10.0358492034453	0.580667440208891
84231	12.355361369009	0.231498100402929
57524	8.77190539198631	0.44255973776025
64223	11.2796804455345	0.503436219411143
283870	8.83635177072516	0.181095530207654
283871	11.1239795975587	0.390697843061998
1877	10.3670181154301	0.265436393631417
1775	8.77499876834045	0.122886608632409
1632	11.1757788977728	0.2838998494456
10921	12.5708046886549	0.395893725363503
100126328	8.3658384045543	0.0745504511848552
21	10.7914266981592	1.69394553118188
650655	8.61207692348735	0.217625351314054
899	11.4925640640311	0.565140458793683
80178	9.83296214245724	0.274048620182314
4917	8.41800654959091	0.181498061918446
57465	10.0976978648822	0.361599618995267
527	12.8353131597747	0.284624456660866
51005	9.74537600341703	0.344960866994775
752014	9.09389874125199	0.250957034330138
5170	11.2209788133752	0.471167064268782
652276	9.6867870661212	0.305959018822078
645644	9.41238030914033	0.373651816816411
100507321	9.23166735157104	0.103629661115782
54442	11.809132083527	0.364841705560679
83886	8.80008143706894	0.438938230166081
100128788	8.43685752358513	0.079362711176677
23524	14.3320645488762	0.390222694009105
6923	13.4861055297568	0.561636887414923
260429	8.42607773712477	0.238064905453326
360226	8.44298997003387	0.541711698053022
10942	8.51988099232646	0.905712674522423
124220	8.97632824189067	0.816442897241559
124221	8.47104044215529	0.188169709287793
64063	11.2191039161677	1.58568014613364
114984	10.0943114988246	0.584287264345484
84256	10.8152281281775	0.501322463577581
79412	9.52358194383596	0.706246368844694
124222	10.712929761499	0.33476506236243
9088	10.7791208886377	0.339352380544307
283875	8.47340905959475	0.268184184603647
101929613	8.39777255975963	0.27807788803288
9080	8.87739207075822	0.528411084954494
9074	8.38497409843423	0.0868088107512308
51330	12.182092788213	1.0497405701931
54985	10.7784335968536	0.590521666790195
79228	10.5585909673115	0.360269865489726
146439	9.56703412582706	0.921680908022362
100128770	8.67279714978038	0.272990088911044
64386	8.61475349866287	0.156661683250886
100507419	8.76089346319651	0.195773174338226
9235	9.13347842617294	0.753068836861284
81854	8.42053820122091	0.111783764767865
7755	9.79206079785157	0.247336240621
100507458	8.94616126027594	0.224311708472021
7760	10.1166032766552	0.264891304855626
100189119	8.41987760164782	0.0607516122543057
4992	8.2795331861365	0.136330819620061
7752	9.95100092497468	0.295740756290583
283876	8.46007298687337	0.165438667745856
10127	10.7997867541373	0.268676122985574
91151	9.18540496895196	0.331948489290487
7627	9.86592616218789	0.317043096750403
54925	9.77113366021615	0.197357495455498
7727	9.74645464806857	0.264924784585642
146434	9.20401664902466	0.585727786383435
79903	11.3218592023632	0.345225576148611
23059	9.89616224645461	0.472855650222278
197358	8.49977401124523	0.0625336056360028
84464	10.3784424953576	0.434496813496399
1773	9.60337520589671	0.27432947071
10131	12.4332836636988	0.721030606224866
1387	12.4105366523401	0.273814684107237
115	10.3855649213009	1.03205017595435
100507501	8.72491845473764	0.229975542225418
7023	10.0911122968671	0.377872308017926
84662	8.66604732408447	0.368720945404164
51025	8.43327318147376	0.101441351152158
114990	8.36734198442717	0.124585547204816
9093	9.01243381600332	0.749911496118473
57407	8.88339609300213	0.367904834192959
3163	8.88228430459644	0.451364065604493
29965	8.7538369306159	0.605586668763956
124402	10.5254871942807	0.701889184495768
23295	11.2208206779309	0.473730920626782
84309	10.2778240807378	0.419494114122491
124401	9.51917936054039	0.152542815973579
146562	8.53476015537805	0.103952942140448
26048	9.58407588048803	0.26695110784668
440335	10.6949369831445	1.40598718635368
79641	10.767406852477	0.484249312770853
84656	12.5620019834704	0.361154917082039
29855	12.0333857919466	0.494840883825731
5493	12.6558522700585	1.68725783707891
9717	8.57669970619175	0.234653089437053
51172	9.88225234520508	0.371405897437675
56052	10.3941871413521	0.339830619641547
196483	9.78296065844088	0.271695577140933
54715	8.65857689719403	1.15713470354653
79091	9.66760594005055	0.150488465780934
18	9.46169561459915	0.983577131556947
25880	9.85937241041159	0.199296502696886
5373	11.0080771244127	0.438084950227585
23589	11.4360177897783	0.437121405110661
7874	12.5147251473983	0.442817421433434
29035	11.889555487274	0.38020273441803
2903	8.74542635297398	0.969875775804135
80063	9.40819580124221	0.42214100260086
2013	10.4923681525277	1.18766433687008
4682	9.96359258093541	0.327783417392465
780776	8.3401372685719	0.0759418491526687
4261	8.62062604539306	0.444935501839703
28955	10.2546834525194	0.396279972607429
23274	10.9231584885701	0.273835699442575
8651	8.99958021428784	0.351638167300141
116028	10.4222212233892	0.446091659260969
400499	8.70842594428905	0.459398701850958
9516	12.559812648961	0.670168322980271
8303	10.4136470380199	0.352462607504015
51061	11.1971571498161	0.378186368093467
29066	11.4008654402497	0.327420064892168
26156	13.0939020107991	0.428046963820394
2935	13.4962492558928	0.397289304312544
92017	10.26433442759	0.608931597580733
55313	10.3124159729197	0.684083626100195
2072	10.1992451674204	0.369971123576055
57496	11.5361381359593	0.551659726236294
5073	9.25803728986341	0.508551878762655
51283	8.75728492876379	0.365593403785354
100652777	8.33032627397231	0.204983371265979
23420	9.43261315566135	0.790600016589564
100288162	8.55105273738863	0.200820737450738
9284	8.440614989215	0.185025027370954
23042	9.55614793112143	0.569436335618719
123803	8.40193956014221	0.131556276028029
54700	8.67506032450893	0.423109220574846
353511	8.61811519984755	0.491089360490706
105369154	8.50272196727839	0.16741068381715
100288332	8.2951749950193	0.106435795073226
255027	8.56580378292956	0.273342053260538
89927	8.83028405856549	0.563619313999212
9665	8.68478596849324	0.280356519136419
123811	9.3519383694344	0.604268879318172
4363	10.3955129168444	0.751667496541021
408050	8.45952602483333	0.0862533599978872
339044	8.7510405383882	0.257984753540387
101059938	8.3375698048242	0.0732387689341002
64131	8.55860386157848	0.315316249589675
101059953	8.43408642122087	0.123038007021864
105376752	8.37598604035407	0.124077517175361
102723728	8.60985977122143	0.102236849681373
283820	11.4994869823564	0.627121042630453
653190	8.33511352388839	0.151381140929597
6210	14.2507934072203	0.200235608047754
23204	14.1973796303489	0.588576095055453
23049	12.9092029893765	0.281793623668503
79905	9.97201717803032	0.463264569377181
102723385	8.3581266685961	0.0790049515135213
10229	10.2560311194076	0.233314545187277
162073	12.506113242561	0.607185791409578
51760	9.59921671260847	0.635754499947586
728276	8.29340433237802	0.128091350929894
79838	10.0426215057677	1.03073948232998
51573	12.4617081396085	0.387143580675073
9738	10.9753847070505	0.478513922169786
57020	10.3598791990308	1.0810958739069
400506	10.9894253650156	0.37840981806978
124152	9.42157815652771	0.375762912248347
51704	9.89244123346386	0.8213723530287
116285	8.30336788227584	0.127582627637375
55623	11.1444452072439	0.439951080558581
6296	8.50347461848595	0.230379243011136
112479	10.1601572003392	0.206334932384224
81691	9.50183111450911	0.407059061200663
123879	10.1266195058591	0.30731446648073
57149	10.5472267106597	0.284752242812159
55567	8.68994350468621	0.2779944332809
57146	10.2837160730597	0.734981301701009
257629	8.52369560335323	0.810732151085477
1428	8.61309052440685	0.531852284351346
400508	8.59342866563097	0.111279757955278
100652781	8.32586444229125	0.134799907121559
23117	8.97150720825814	0.169695419045368
100271836	9.32165393966313	0.17779697812571
387254	9.22729528997018	0.211155928063051
51108	12.1728976761509	0.209872614250846
730092	8.81261991392853	0.18738853956011
440345	8.76438084964116	0.114082218311022
7385	12.665893703397	0.288488260414553
255762	9.03535294460568	0.128894673816789
730094	10.1630373962555	0.347369928309241
29904	10.6974143130836	0.209945403004661
55718	10.5760553249567	0.560479893990872
1039	10.8317032121171	0.460518619467126
105371130	8.27577663802155	0.0867948804678031
100131998	9.2399642590169	0.122340502210935
641298	9.09529901098324	0.1821851161866
100132247	9.68677057501357	0.170296750279281
57478	10.4203555787544	0.559976309741421
6340	8.88049215419997	0.615819406109183
6338	9.04385479989852	0.936160569940541
91949	10.3296964516894	0.175437955349793
23062	11.6093970368933	0.548399938872281
124454	10.9004479128747	0.293185363700342
56061	12.2314449586557	0.52098695540411
4706	11.872768242764	0.332954621911503
79728	10.6000418861992	0.224163854680731
84516	12.1412202615416	0.390856731774489
5347	12.1447719556133	0.351738135899203
10595	9.15156155738562	1.2217801964531
5930	12.048024397811	0.279953812346383
27327	11.7510386829452	0.574349223102931
115584	8.41335775661393	0.136316138013252
55114	10.9501522058645	0.811737014112167
554206	8.59001348086823	0.116425475393425
102723510	8.47044720413039	0.125562647752706
51451	10.806025600333	0.523355215075982
343	8.27394279868486	0.168104352604686
342357	9.78715837107132	0.418378061680062
9951	8.34301968044694	0.416573514692408
79831	8.97821445622103	0.121198397403806
197370	10.8767667847182	0.351457312187597
400512	8.29039569752439	0.105812542035563
3566	11.1038434118125	1.35451879316437
50615	8.33445120478629	0.156932564013417
2975	12.6542321464264	0.627464368674611
23247	10.4133208133115	0.27853101659647
23214	12.5133920421389	0.492006560940115
388228	9.70428835771169	0.877566068816454
728741	8.47967768596597	0.151915228526268
728689	9.02325410186819	0.196106817533805
1201	11.2112124607276	0.525921064412041
55911	8.69561320224494	0.297428864008627
26471	9.33627835647003	1.19650979109965
112869	9.82449250994224	0.179048767792115
6799	8.60701324273763	0.580075214165981
105371164	8.29297492687216	0.143774071344543
6817	9.2168001673721	0.777015713824735
8663	10.6850742522897	0.309489306758921
100507607	8.38251721957934	0.11279118047558
11273	13.2319693142483	0.381748522802701
7284	13.3676901153836	0.533701100513025
25970	10.8675854706518	0.391630686237044
487	8.75458697408316	0.266575873892139
100289092	8.70931122402008	0.192438569318345
79874	10.2776902277691	0.345221936697121
84901	11.626520245111	0.338096376985541
83985	11.4768264211911	0.523806976673477
27040	8.68242485719171	0.179987369593469
653390	8.44546447376701	0.227900706746726
105371162	8.23132680159082	0.112530334719639
728888	8.85068698178185	0.150812865529996
552900	9.95483318095173	0.587085520061312
440354	9.24705493806294	0.16311262011525
81893	8.87366196441255	0.161441770094615
6693	8.34991416457469	0.199533955611648
23475	10.1636447702096	1.64829137044914
283897	8.78277962935683	1.04060697663247
653808	8.32784156102407	0.169612279654093
3835	11.95445803206	0.36693722852651
4150	13.7897188484196	0.308685057784371
112476	8.77065858205826	0.341269560425549
79447	11.5104547079594	0.29516092194302
9961	12.126477935144	0.965675045330617
10423	11.7461847473482	0.365109155947125
440356	8.48127899576617	0.175538435065211
26470	11.4528968139385	1.54708428239344
253982	10.831220163871	1.50380147260962
253980	10.0128069657439	0.482372066245704
124446	11.1903312565469	0.42955664305021
9344	12.1836213866907	0.460983268139707
8479	11.032619395129	0.373800436936783
283899	10.9848329662581	0.241747977256753
8448	8.88265486777821	0.589344022089921
83723	8.46231619459889	0.218146203915481
226	15.155034376369	0.4432057497828
5531	13.2636404096802	0.41349832574424
6911	9.25283058143711	0.782148859532956
83719	9.88512723827277	0.746300976358754
79153	9.51832278658595	1.03650435927955
5595	11.3797172362547	0.91717008375
11151	9.68734576677938	1.02924939953626
654483	8.59369285140878	0.130025693706889
100526830	8.81136679965571	0.217576972595213
613038	8.80683476191329	0.636850517814378
613037	8.54075121256861	0.0771666947968292
595101	9.01238676722607	0.157831681128264
10421	12.0906090554547	0.372532100180507
26000	11.6686540638451	0.421539385216702
105371169	9.04370798074636	0.201120409640963
29895	8.42608949315578	0.213559703246001
1731	8.74933403784729	0.159635275586442
197407	10.0212602706812	0.341117416266489
51333	9.41348812403285	0.388138637156819
79077	11.7394649431839	0.36661588608321
22928	12.2383754783769	0.524524745685669
3683	8.35174508677111	0.20665820687071
79724	11.3804553115914	0.428924800566713
65988	10.1098850606026	0.344793733865596
92595	9.74010818794697	0.31838306038322
146542	9.44151840394333	0.219027597712185
146540	9.35806269521058	0.293126708732206
115509	10.131957861931	0.315135325549273
78994	10.9155626993058	0.403334375408795
64319	12.4445847359442	0.442047531932096
730183	9.31876194448442	0.234248734972111
10847	12.9514692187569	0.336158453320976
100862671	10.4418061550093	0.902485424349458
5261	10.2870939452732	0.284643796263932
90835	8.4760403939134	0.0607344835011397
9810	12.4872847096003	0.329098152972353
23361	11.0664485590091	0.579856268987894
9274	10.8922332797291	0.628485558935165
101928736	8.78903360410409	0.257958432530842
1489	8.91498646506987	0.62655689470256
283932	9.6018905826449	0.376456634742301
54620	12.0817700957522	0.494575313209672
9739	11.6561367613701	0.353377919941756
93129	10.196564301084	0.715874497476662
80270	9.69701365380507	1.16177660636672
112755	8.5828016826774	0.338991742873356
6810	11.152058475449	0.337473261783065
79759	10.0747968699467	0.256993124415005
9726	10.8152341548063	0.348031383172085
339105	8.9519016317187	0.245798352692273
79001	11.3251985436924	0.588869744242585
10295	11.2349990466861	0.349679739098603
84148	10.4998271949192	0.244930183378687
5652	10.5434910174175	2.0150819331722
146547	8.72532209698768	0.220466825578844
2521	14.3343592782636	0.511524938585811
29108	9.19988079623568	0.868286552392123
100652740	8.37730614173923	0.160449536664759
3684	8.43951628108768	0.187445716616816
3687	8.34653116637989	0.269595198903265
3681	8.32574748465392	0.179711317506524
283933	8.30661347257458	0.105796236959217
79798	10.003632919739	0.32477636182201
7041	9.34748735652236	0.750795838806013
6524	8.48918226727537	0.263147341962243
64755	11.2119207565983	0.451570259854836
440359	8.51756644615747	0.103516844937458
100132341	8.92154666940262	0.161250292898744
124411	9.7520385746997	0.283431928192965
10308	10.2828123780355	0.137446198596119
100289574	8.30448457972432	0.15397142317284
729264	8.213586471467	0.112629807340262
606551	8.67848539335095	0.0930150815612056
79801	11.5747795408794	0.558005258626935
55737	12.8479531612589	0.175529945417239
23594	10.8896264714044	0.490787948883453
91807	8.44236923041529	0.099339675524973
388272	9.93571589975039	0.404581733932226
84706	11.5831191357968	0.708766080158741
10294	12.3246527127384	0.261975908832765
81831	11.0793559857183	1.22756551704517
101927102	8.32746085419545	0.0965440820266592
81533	11.3715257080117	0.515835338554426
5257	11.9082412160823	0.540949457856788
85320	8.41645511238448	0.0745571608429134
83752	11.6182138652648	0.414366508420724
100507577	8.57587525229444	0.0972230602744318
6477	9.98911277788953	0.331022167213647
9683	11.573148256449	0.37177811980175
869	8.37843503204294	0.21182932763143
23090	8.28977576202483	0.104544796869816
255919	10.05554853312	0.36924384253822
55027	10.4822723820138	0.458562608582501
64282	10.8415364184078	0.656311923262139
113	10.3484036389488	1.0620337251733
29117	11.9354487957016	0.497013973652834
85407	8.78917534723418	0.459662066505577
64127	8.45411559777675	0.246232370903773
1540	10.5960909211853	0.745845491199989
100422972	8.3162354223928	0.109761362853238
101927364	8.41515446634066	0.489158705396172
27324	9.01918331376472	1.4429729628019
643714	8.25964832592478	0.143028033375657
80205	11.2753670456638	0.45506784895138
102723373	8.68767020737559	0.456144385128921
5934	11.5808880231901	0.558869008145521
64400	10.5655742639471	0.56245496695265
23322	9.67075188574049	0.396366914059118
79068	10.7309616854373	0.497475664307391
100505692	8.35524294124787	0.100628168483049
79191	9.26286464777941	1.01924738361614
643911	9.58973591134537	0.283306503861293
10265	9.12184112871931	0.584028043666966
4313	8.99639296819626	1.44683318501735
54947	10.4377592855075	1.44732304353948
6530	8.28227054521694	0.14793817295619
1066	8.43255381631026	0.616139886218372
2775	9.29090638208542	1.10647697608594
267	12.1371179768618	0.555964274701899
11051	12.7193549563091	0.441364918347339
55239	11.0533754304703	0.508908301989538
583	10.5753401667283	0.453137568920155
4502	12.486615950982	1.72967976745778
4500	9.36356838610124	1.61242412152341
4493	10.5117206697859	2.25028465774084
4499	8.3547598851436	0.196915715773997
4489	8.86989092521577	1.08311528122753
326343	8.32897426690491	0.104115534681513
4494	8.9418001111589	0.546436775274222
4495	8.41089556951138	0.352669199715091
4501	9.84603808366583	1.15732413417837
9688	11.6449625796329	0.358500195437425
6559	8.34964393617011	0.386165975864401
9709	11.8814819390351	1.02283518011762
1071	8.35919907641746	0.216171486019973
84166	10.2158533053961	1.29673592556293
221184	10.2784717957067	0.642843546058524
80011	11.9381180671165	0.397253731240526
89970	11.1490696769251	0.374044064374245
23568	11.4236371459323	0.593328992010708
51090	9.14416192353573	0.66160857549614
6367	8.44394601577003	0.156315841289524
6376	8.75600835964612	1.08984151991265
57019	11.5823138883463	0.377512542342602
57017	11.3536066476056	0.474294789797531
5432	11.5780672808139	0.22843836240212
55715	10.1685272441068	1.28443665890624
92922	9.57972814376212	0.380451085229088
221188	8.79671580107213	0.750509235875178
9289	12.3497033709145	1.79045100423848
222487	8.28171228911161	0.126343379903874
10300	10.3129036279474	0.562107345854841
3801	11.1164456215803	0.679365593651998
388282	8.37143114278837	0.176525939850991
1258	8.36729662130524	0.133661495209791
57567	9.87583286400234	0.261068030630387
79650	11.5513550972542	0.228202041157402
4324	11.0281091894092	1.06290857715617
29105	10.7942182660286	0.272204310420234
1459	10.8853585970219	0.215338636394208
29070	9.41871115089151	0.547979769230671
64785	10.2152340431007	0.358126777669362
65009	9.41493070622531	0.57507333509824
79918	9.98490472836322	0.432069510066627
23019	13.9847348777941	0.354251684738427
677827	8.32266317795024	0.0887369972659744
55238	10.7618894697334	0.374849520975857
2806	12.7308415445185	0.597011482635203
1006	8.37488729412231	0.468270937311988
1009	8.77307293270757	0.702341929562535
1003	8.5460110329005	0.366596119569542
100505865	8.49073830201406	0.219668378374271
146227	8.35924284620229	0.19051635964408
7084	9.99378540890776	0.55202979880362
51192	9.38663156182236	0.180616284216969
113540	9.02452050292358	0.19472649998826
123920	9.52020276352704	0.982977278141409
146223	12.3256229253895	0.698250416759361
1783	12.8872885236419	0.334210967895628
8883	11.69387692497	0.475402547419214
766	8.33465569752028	0.116851394906425
57546	10.6765642543823	0.459219079064229
6236	8.59645832198618	0.271033659430908
51647	11.9048711818433	0.598386281116401
8824	11.2914578224227	0.592334620124041
23491	8.71425315232193	0.594144914591365
283848	8.67043084282663	0.25738593842572
865	12.0022556599483	0.773157588932273
80262	10.3162891477059	0.362331868957354
84752	10.0577625745922	0.470164048220193
8717	10.3558655519707	0.464022832830223
55336	8.9357829476693	0.182742919470541
3299	9.19655331648208	0.301941654760084
8996	10.2293219924602	0.587876089244897
653319	9.77046517050953	0.398944640253981
283849	8.90650911719577	0.345867087394454
1874	11.8640363634011	0.469078221339806
79767	10.0523753308682	0.900444765078874
26231	8.59412961032198	0.181500243449491
29100	10.7997570118234	0.510482019760263
29109	10.4178901972989	0.525130066220339
6553	8.91726850247667	0.432724600576125
25894	8.96283863181981	0.593670544006921
51673	8.58426617829931	0.246388291695077
29800	8.87642602687062	0.525814927521894
3291	8.81085059699358	0.287879401660339
9114	11.9915423212507	0.575898594889765
100505942	8.49134932633636	0.178146399826654
79567	11.7526965439427	0.473529277594802
10664	11.7374162094072	0.260154509244456
146206	9.14229799132969	0.971872616465802
65057	10.8278972993954	0.544664995075982
50855	9.80090810142186	0.358429000961539
84080	9.64996224605563	0.438202789699549
388284	8.57546699137075	0.27709473655559
81577	10.3876453751195	0.333310942918169
57610	10.7442293207286	0.363910623389343
55815	8.53866692510659	0.201649559329017
80152	10.577699629269	0.283501080136238
57215	11.0938691721296	0.362675427728672
10204	12.3567371636208	0.353257312867906
23644	12.0369323327751	0.388528375834678
123904	8.42353129620382	0.0752316686384457
5681	10.6546413819051	0.463014889083867
1506	8.81482493971292	0.175942024579337
5699	10.9881252411227	0.857534315665002
3931	8.8355603763022	0.186263411341516
6560	10.7399910166154	0.577560453432213
64174	8.27312702745879	0.111655774949462
55794	9.8913478284841	0.35160990448172
54920	10.2904142783627	0.427825262610401
4775	11.3206102481952	0.525518207872604
80004	11.2000669913553	1.22579716162939
23659	10.2425739468255	0.474865479864219
9057	11.6499281420599	0.391926933801925
84138	9.34377044216069	0.188225884903052
54496	10.5770748876939	0.374965201396361
55512	9.77556553228747	1.43035261789317
146198	10.1638344245047	0.442981615918551
1001	10.6542885246915	1.63805148153687
999	13.0869439616912	2.22219451765174
79613	9.97873364780294	0.511397131575717
3038	9.47249099108508	0.712198174844418
54921	12.0720882225221	0.15803994549974
84916	10.7810730784536	0.459021928868317
6645	11.1740569403064	0.599524027029219
27183	12.0907908576459	0.622705078217308
84342	10.271473518137	0.263550652407344
64146	9.83778444343503	0.251870080851646
51388	11.4133042945675	0.436009882710876
146456	8.78378953402179	0.82388110910995
7014	10.7835943684465	0.330355705642473
80777	13.4879678224347	0.573450668940417
10725	12.5458582324277	0.393926088280865
1728	13.9779217736205	0.655697866025071
28987	11.6829016279581	0.41378851420208
11060	11.3757791846174	0.287427042645443
283970	9.57953180277404	0.357061277240757
55066	11.4020130378201	0.562017236551825
100506060	8.71734127706294	0.115142395045475
118460	10.7977073953676	0.391008603216923
16	13.6384865965835	0.660300128849095
11269	10.3911107380998	0.521098488989244
100506083	8.7313418445482	0.0841820653332048
55308	11.3870726725085	0.373336718143635
6483	10.6593008862239	0.87227649217883
197258	9.72842454723656	0.285386887497635
25839	11.6695578962979	0.410744084680842
23450	13.1091871689415	0.538897603574697
146433	8.38092381591303	0.282952603591575
92154	11.8942045951147	0.473039476244751
55697	11.2938804326245	0.310617967576099
100130894	8.46298282023437	0.216982565479847
54768	8.38377259735467	0.222765041985668
55783	10.9779193703545	0.379801294898565
794	10.0349165242619	1.58840410211098
7571	9.57113927816368	0.333192570928633
7567	8.80939102278472	0.16572065024728
10164	8.86847136659398	1.22467728737612
100132529	8.31878117472089	0.134304446197475
6898	8.29156260241075	0.178120832194665
91862	10.3923096029002	1.16838188036891
23035	10.6424298920952	0.733586121561177
164	12.5236148411164	0.340906335424173
342371	11.7836407485367	0.209807732271348
55565	9.38285208865083	0.212999459531395
9798	12.2762819753688	0.169453021398682
342372	8.29143889154371	0.0953177073174914
1723	9.763721209911	0.354385462146258
54957	10.1130997335917	0.2112033753714
9785	12.1429228871853	0.313509146233066
83449	8.52482618898528	0.180721133036872
101927957	8.69234866928734	0.121617920780354
463	11.226110595963	0.576227338992782
5713	12.5678126051394	0.290044233172469
283922	9.11426548572531	0.192642501958022
440348	8.854367455431	0.645135638342802
497190	8.42396366748146	0.107207323542201
2734	13.3317742065523	0.422231241105584
55159	11.8608778625768	0.509362492035603
197259	10.1864478637999	0.396639246959431
79152	9.73872238145105	1.07647641769784
79726	10.8975590554225	0.393274140161875
84937	10.6988685535824	0.389652235754162
197257	8.81624283015444	0.537519204964379
162239	9.87223398365692	0.172088634173538
1504	8.28954238208894	0.104988849738154
100506281	8.40229699492962	0.0986793299693096
9564	11.8765258172932	0.295994809530622
10428	11.4300594029874	0.388062646058989
124491	11.2077407968082	0.365594994865464
4166	9.01832029717722	1.05063640790229
23563	8.30302103146915	0.100674456431129
79583	9.50963110165092	0.43240486794334
11345	11.4443783155635	0.299135185492897
23536	10.6527582658243	0.229848567635094
3735	13.0792965762803	0.391242919575201
54386	11.4348105805926	0.767158739543741
22879	11.4134495817105	0.299861630296106
100130958	8.70856164477361	0.320514385113461
170692	8.34155557001429	0.139883239725221
283927	8.75797634499916	0.24831567172859
51741	9.78053654163477	0.417647412522694
4094	8.65192515562751	0.640272108367774
83657	8.27971888948302	0.117627411642804
124359	9.12160857372625	0.704707285985861
100996425	8.37972475435154	0.109463010185909
56942	10.8139662907314	0.389388056382758
55839	11.5898040292462	0.314598619114953
23300	11.510278298352	0.289900743627427
123775	9.16215571238396	0.132038140867069
2653	10.9020936024077	0.506450724530641
114780	8.87956967263901	0.505200999994616
53630	8.72705451174588	0.529894430328175
8139	10.0610485983203	0.461748665899951
100616150	8.59668155134636	0.123991287593434
80790	12.4702768479064	0.573266064655241
100129617	8.39714344964617	0.174643184965092
5336	10.1027724345648	0.842487944088586
93517	9.39525227218873	0.750270774986323
3294	8.44641822222079	0.373230842200756
10200	10.6561051114035	0.415116786284776
1012	8.30416066042628	0.128779257183472
102724163	8.25429760019032	0.143527946485579
3281	12.1523695740132	0.705755267078007
23417	9.625736956764	0.334920360373429
105371371	8.35183816104492	0.148257718336037
29948	10.1966440902896	0.805760963699593
54550	8.43006268964313	0.252831930179416
8720	11.9670790866874	0.248477962188745
729887	8.85149404280535	0.250505652715179
83693	10.6104307478763	0.386434399156538
9013	10.6012521233042	0.438021687422426
161931	8.2734461733614	0.18012366620834
9914	9.73855760040834	0.963868690119309
57707	11.1679003321838	0.880013308552705
23406	13.5308307292459	1.66899532704731
79786	11.2953570849229	0.331072880175965
9100	12.3272071802933	0.346093845181548
83716	9.54519499721799	0.563555268078067
55625	12.1425491633837	0.45776589204876
9764	10.1578285826872	0.807224883249231
339145	8.25286544663824	0.238537018167714
23199	12.0522384575314	0.915364529025907
197196	8.27280141043988	0.115003454298731
51659	10.8110463351417	0.601343032575152
404550	9.62709148151117	0.98024597128625
10328	11.038329058504	0.368711540518177
1327	13.524951545834	0.35274511864302
3394	8.35107608126707	0.229131806093892
2294	8.38468039932474	0.373208215745747
64779	10.190593435527	0.279580109931445
146512	8.33934886231556	0.101516263191835
103752587	8.23098774560816	0.0981534054909363
2303	8.47907401636152	0.49241683373873
2300	9.65811077891566	0.839095610942575
100506581	9.10079359263088	0.251790154176746
79791	10.6099324138607	0.313203162391428
81631	11.8116986224725	0.563471890467831
23174	11.2921591524722	0.404781888100894
101928737	8.41407576733774	0.0828603649312439
57338	8.82339032208367	0.601100327746643
100129215	8.57005599118607	0.176031763775574
54758	10.5225169570869	0.318120307689814
105371397	9.21965986463659	0.21035764537035
102724467	8.47336828537367	0.117050176698319
8140	14.1997607351601	0.762809639629599
763	8.27183204939491	0.237681026452693
54971	10.1453990151718	0.412052225069851
84627	9.02324500910318	0.598034360597473
105376779	8.32501920258715	0.115809611979758
161882	9.24632968377689	0.399132527353355
124245	12.151395391173	0.348240986169206
27189	8.5678399976931	0.919918013290994
1535	13.7955647918056	0.75814546967542
4597	11.7718997800751	0.454028692089094
197187	8.97052479364364	0.188374014611959
333929	8.70362154105009	0.202833032957752
115992	9.81477881107718	0.197869869424373
348180	10.0943765653347	0.262653183915347
9780	12.7981995717467	0.673100926864558
100289580	8.41695065235842	0.134875098348041
81620	11.2602196224689	0.487565691637711
353	12.0575963798518	0.36781600870869
2588	10.9419673675022	0.672646640845587
51693	10.9775485025907	0.26195391297781
390748	8.27788639178759	0.115174045625304
863	9.1054806452034	1.20122189231529
105371409	8.61522310901263	0.736714157339823
100129697	8.33657649505579	0.316782623094861
197322	10.1781205898527	0.522669108489299
283860	8.264259795909	0.0955809586217032
1013	8.46783569372306	0.279514975868597
146429	8.45794595997635	0.345894607918662
197320	9.89537689320525	0.388027422921253
105376780	8.51991670405303	0.0801225570221028
29123	13.0300793241628	0.281519151958946
105371414	9.91006413837295	0.389399332521891
100287036	8.58418182304371	0.226733887353817
6687	11.5450051263221	0.392218304154689
6137	15.2200850694714	0.518833564571858
27132	9.67710714614289	0.779726907549307
1800	8.46277126519979	0.234728837100919
5119	12.2787389146954	0.406178563205155
124045	9.53940053994704	0.134933333397297
8558	10.4958830673741	0.227957764809065
124044	9.75367989517934	0.350534742074623
105371417	8.32300167843673	0.101249680626513
9605	9.77757592120326	0.346713250485134
100128881	9.61231656527625	0.559757767563745
92822	9.6848587165994	0.281588838853368
2175	10.8637879517624	0.538035344499533
84501	10.510791598649	0.476372405729888
102724730	8.52684031671629	0.168765799442163
105371419	8.47272030634223	0.129596480627944
22980	11.8769611626969	0.31490707751444
4157	9.37501660326959	0.318782422175256
10381	11.6696757239768	1.14457123355913
54849	10.8556297074819	0.66310342302118
92806	9.88093369774528	0.361158442243272
172	9.86152644098799	0.263772000603696
79007	10.2997850595343	0.825836507914926
2622	9.83547217798869	0.313520811131328
750	8.37633262882733	0.0848177151917173
100130015	8.38715229196211	0.0921975719394342
100996541	8.3422047519171	0.146122699246272
9501	8.7034081023113	0.247880023376017
400566	8.93451054790611	0.417046753107821
359845	9.27329874440083	1.47287250862727
55275	10.8982362854492	0.384976875884516
79850	10.4101473599615	0.438830837738578
50628	11.1073876776644	0.320711570018196
100131454	8.55328130459157	0.206404224765422
51031	11.5796570950406	0.330270164538589
55178	10.2362992635878	0.400471770338709
64359	10.9073376244205	1.31253137955552
101927727	8.35350770412783	0.238862813904008
29	8.57662700601994	0.30140283357738
105371478	8.91562962693669	0.695221397309137
7531	10.2210139227752	0.402701353249191
1398	10.200050897718	0.19600406258684
4641	13.3345826794675	0.373547454805019
51763	10.1783701100635	0.311491781015676
100306951	9.42399395293021	0.200513184394393
5306	11.51394209267	0.427949852593635
124935	8.39904559773087	0.164823208960221
727910	8.31901778277862	0.118173432940367
124997	8.98846876947984	0.635875645916873
5176	9.48019180556399	1.27909306732442
114826	10.1450883478959	0.30005313218614
6117	12.3931783274602	0.451130293991259
146760	8.50408759898431	0.487031695080055
1801	9.72458340920361	0.295732448363631
124641	9.4712740675244	0.186516753639014
406994	8.32990667914122	0.100457382894626
3090	8.71269178702981	0.313149482870467
23293	10.8306474019127	0.474136267523822
63826	9.47104517138332	0.378661129659337
55720	11.7193324180653	0.296497444228301
9905	10.8532805271842	0.334124194983695
4335	10.6538347928587	0.331206011430348
284009	8.39966019204978	0.0728106140223105
79066	10.7012328418135	0.546164896622799
5048	12.8253844962034	0.332870146629726
23277	12.4798449061787	0.561263037300014
105371591	8.34750096573676	0.0997903209766976
105371592	8.70500654598806	0.208521004646077
101928991	8.50853923015181	0.476382115177268
23108	10.7682213467387	0.908016059181285
101927911	8.34287768524544	0.116172605442322
162514	8.73391015130242	0.371972621292761
7442	9.02002707966726	0.235069116759768
23729	10.1374736055547	0.338648091751911
1497	10.1162632546282	0.382272648567692
100533970	8.62461161595667	0.142593526841933
30851	8.40210967677637	0.0540465435507006
83460	8.96986392487557	0.0984703320323109
5026	9.11224463891385	0.562394770069571
3682	10.0554066112472	0.248076642671403
83903	10.0469813742867	0.200336050343957
55421	11.2617567440084	0.345429133871764
84254	9.07855014610046	0.373029718081088
489	9.80372485191173	1.28310290898482
23140	11.3182266701662	0.463610474850324
124936	9.94096970842832	0.298867424821907
51479	11.8831059496227	0.493546849946056
7326	11.7976523296799	0.525977655524197
201305	8.57468541957515	0.244662631125298
124976	10.3187342657692	1.1477448072984
10514	11.532647393943	0.499553283372303
124975	8.50190987689593	0.632649064355531
342527	8.33393336429716	0.195770896788981
246	8.51492819460315	0.261858923086393
27043	12.2426918885807	0.431118586558937
101559451	8.46779691143207	0.157251680941307
409	10.7861035461603	0.70225655871018
400569	9.57756175127528	0.143620799443999
58191	11.3439812184443	0.830472239890305
84225	8.6427969461869	0.219894505774829
9032	8.5524489003682	0.717934529427156
284013	8.41447775990394	0.109976389633012
388323	8.86382648464394	0.411873746263478
5694	12.3151908326446	0.247975330613057
5338	10.3746711590138	0.436707519111963
50488	12.3255550339051	0.476187119732514
100130311	8.58801317059678	0.277299052570406
2811	8.56997229673293	0.107575471424727
8402	11.2008784740358	0.270049260175627
26001	11.7573672049363	0.237073910967155
5216	14.9285188941595	0.316118993560273
2027	9.14246693274908	0.665901495297789
9552	10.7944583307979	0.262920392690822
23125	10.5506758170515	0.427027968084363
388324	8.92109975457587	0.299031406229587
10749	12.8943928441183	0.595274505464004
55065	8.40493572207662	0.285460578325961
124961	8.89253967538871	0.440016874204053
7775	9.4279972704225	0.239510977223804
101928000	8.9030107182166	0.187085724235243
9098	8.53975558784709	0.112705957352104
84622	9.33655183883161	0.319602196812437
100130950	8.32806474971757	0.104191589955869
9135	11.4356224042806	0.4712458513268
4927	11.0925941288855	0.300827181100089
84268	10.2888330728763	0.346866268506936
708	12.5185980132338	0.624263892141332
56919	11.2982383072222	0.481869933424805
51009	10.8062990903394	0.256580289151449
79003	10.4791580497477	0.253062795350385
728392	8.3920717316991	0.238992894289657
22861	8.73697221169375	0.654718266617177
23302	9.18460049374468	0.953253792554592
54478	10.5175283501528	0.353235508318181
83394	9.60439873023458	1.0599539303455
9851	10.2110285676888	0.242588199399743
84817	11.2068877432905	0.332950597324254
51003	9.45568778276536	0.10266187527394
388327	9.07416898134849	0.151419156370754
100652883	8.31138373186185	0.156885993201217
284111	8.31412280960443	0.171100860415815
54739	9.38188955229317	1.12336800111576
162517	8.24075463277366	0.128738929595508
245	8.52012116781573	0.504265088999668
100506713	8.71652562226492	0.148670489475669
239	8.96447680296145	0.259117831403023
440400	8.70153039432224	0.124057939895355
201232	9.95108651758387	0.519214993764667
162515	8.4618289313471	0.129278371096939
432	8.4288216511401	0.143719389714357
1742	9.34022817846636	0.960011804256193
37	12.7304843194884	0.294990051632078
442898	8.42104326656878	0.0724266810719538
1856	11.3189939830457	0.494095136752081
79142	11.3986528142624	0.411473140670773
11337	12.2906854640341	0.373712848583221
23399	12.2026574449787	0.292216433355307
23587	10.8378744208468	0.529535274848302
1366	12.1731949042967	1.62418857946583
6517	8.46853052866534	0.216218355142957
51087	8.74172689850848	1.08673731471231
1984	15.4087606583245	0.349775859270371
2874	11.5555441528588	0.395702007395677
84461	10.9483761977657	0.450315119736213
9744	8.77588205780558	0.127569795239426
147040	9.96820145146789	0.603849663080961
8711	9.56577027899498	0.407959172884822
57048	8.51413209367322	0.108217657073089
254863	10.3782489619511	0.388626445638063
57555	10.4386251332757	0.954313423534577
284114	9.60439247593589	0.543566538881445
2256	9.01189000205518	0.61384390953096
1140	9.89223378954762	0.705693989343258
57659	11.8039431953687	0.603791695540514
5430	12.9687453980894	0.64970551558834
8742	8.81191751170514	0.549053440774389
8741	8.97733833592986	0.437659153489995
100533955	8.29512232874571	0.0969676819702718
26168	9.37071061502971	0.467122610878194
652965	8.35825918457765	0.0978507486594143
652966	8.41478186064304	0.131119935444247
26781	8.60133065371739	0.192622300101763
968	10.8440492497039	1.31832807121865
102724164	9.02610051906951	0.390548808756566
9526	11.1888119728928	1.16910318296216
6665	8.84969258273857	0.498191394732993
9513	11.1655915857119	1.20418331054441
6462	8.41074792378945	0.176887479784454
112483	10.0396085985916	0.942821181349579
482	8.37513367574528	0.162158353582944
7157	11.632542101682	1.23685021345848
55135	10.1008414281106	0.305131804516693
1949	8.54707981970863	0.551341972217838
146754	8.94539017986696	0.775419295307589
23135	11.3501441753265	0.419616400085092
92162	8.5291561422949	0.0562542045960105
84316	11.2922905600732	0.351738303695272
124637	10.1542483527028	0.336539351618949
1107	13.0572662001863	0.710878230732248
284023	8.96260349645693	0.235776934899922
9196	8.48041285211601	0.154144228071718
58485	11.7097829347829	0.298210161347917
116840	10.949623041926	0.468724073604877
3000	8.31002372429176	0.154097727703122
242	8.5684568971145	0.301348520388597
59344	8.79578087460273	0.516205268658479
84667	8.72754767072418	0.31047499780709
5187	9.87136295120921	0.399335459115222
6844	10.8201191789013	0.43794466156873
84314	9.4177627831818	0.304451995420621
54785	9.82815268782287	0.306322904576632
9212	11.2608506057707	0.553290305198847
284029	8.50102436326942	0.15457422798725
80169	10.4344426757819	0.434284070554879
5198	10.8589217450817	0.633674399515072
399512	9.56688138942831	0.487299962216531
29098	8.64210930237779	0.0907690336570219
100128288	8.44481174283249	0.16557227123136
124751	8.93794063622375	0.377981071848168
6154	14.0434125338333	0.315366711075166
643904	8.31123592983879	0.121616907707994
81565	10.8601361143032	0.329748189854846
4628	11.8201869817769	1.08113204268273
162387	8.27867381816452	0.124802598158601
9423	9.53104011200028	1.0124768726938
9482	9.75924248419047	0.744309336548047
146845	8.39796419023217	0.0660386111963381
124739	9.64012314161084	0.595216118608947
8522	8.37865686280704	0.184798245213596
4621	9.09598301207632	0.24558986720578
6341	10.8276965122089	0.420877375746825
56985	9.07690395895214	0.241453334939582
388335	8.61566248555499	0.39693809018909
101101775	8.27750609301651	0.177724431298227
7566	9.20140039561466	0.26523892652523
6416	10.3649026130471	0.599287354883717
284034	8.23767444496926	0.180000174319169
93649	8.41815942018979	0.482055506131408
9912	9.12290261461454	0.621927065146235
60528	11.6599707718909	0.47056202630168
9955	8.50427613568412	0.576552405988614
94158	8.3432263924046	0.116467944952018
100874058	9.1236856663208	0.19513086262408
1352	10.570751875864	0.324858028180109
9953	8.94395765991108	0.773626609891023
84815	8.45843461312675	0.236723574978235
5376	8.91694489565052	0.468665503586406
201158	9.11158427498245	0.24701123978834
374286	8.62796320573651	0.260702575960306
10626	11.7735976009533	1.07117918954981
57335	10.1427532897829	0.476670741793565
353149	8.26514691092402	0.0919768221842406
4213	9.14983406096579	0.660671489503715
136	10.4968480719541	0.573149306729274
125150	9.67251413901112	0.25181847310764
54902	11.5635015715473	0.250074585240283
9611	12.7002960858113	0.501691969029389
9487	9.44802675048602	0.220267852288826
201161	10.417658781167	0.665672229146484
7314	15.0583305144811	0.565544435808416
51393	8.70098630204913	0.749823103074327
125144	13.9872593412136	0.787999541840228
26800	8.47474699126262	0.108621128706072
388341	9.02156445342768	0.509320014772126
57336	9.02786995940873	0.623296489098628
57547	9.05448591412473	0.197199972269953
9720	8.48321346644906	0.475525244807254
162632	8.82992476163583	0.946517686791037
100129396	8.24530040064422	0.138283756919368
400578	8.47554866244205	0.383294122339219
96597	8.26944362990081	0.249140360726884
23495	8.22979945980855	0.144112215437497
23164	13.2230417460525	0.798959539418159
201164	9.61355363378152	0.75976348756631
201163	10.5491869106023	0.541561840668268
8533	11.9454581514437	0.794872440144382
56953	8.7950143955417	0.453129718220171
55090	10.0847124981551	0.509198391799752
51655	9.5637335642326	2.21576310240517
10400	10.6292666173073	1.48340316130466
10743	11.9138917952877	0.81160570058244
6720	13.3915427611767	0.569076229078157
146691	11.2942339110443	0.800544736510386
100507131	8.47288462546035	0.103807551324887
83450	8.73546796902913	0.197624736604677
91647	10.2190147069024	0.505073841249748
79018	10.157281880216	0.545284995885699
1819	10.666611600367	0.502275780811848
51168	8.51299072867832	0.372569431904008
54890	12.0364367897107	0.90286901761553
3996	10.8174567004478	0.246663883164811
2314	13.5192973300535	0.679879702209192
125170	9.95871635166163	0.395348784163633
7156	11.0116855782017	0.661915936553598
140775	11.6682088949299	0.741690842889088
6470	11.2266131022792	0.443282017763512
645027	8.2832652482035	0.120688562736436
400579	8.31296321548725	0.152915477200891
729252	8.28989724081769	0.14641586605681
654346	8.41297847190536	0.210264091020082
220594	8.47211105764259	0.461362714115168
80039	8.25475190596176	0.137320463798972
284047	8.72840233138018	0.690223330745203
729288	9.05421404334605	0.262430241750534
2310	9.54056474732581	0.449619927063212
147166	10.7449992836029	0.830358493330174
10517	8.38426335812888	0.186548068476941
51030	11.4535617184827	0.623609487764766
5636	10.5907976859409	0.495288557049999
125206	9.67439273008532	0.268870158169434
644815	10.3519309266588	0.36007641317067
102724624	8.41309508012695	0.192142671706764
780854	8.33307037243872	0.108306444523377
780851	8.63503216351319	0.230761022061059
22905	10.567984494803	0.589345781197625
100874309	8.40653331480825	0.136726674927697
27077	9.73755666839759	0.257211957389811
5598	10.1458839533158	0.395411060467842
4239	8.44930925810077	0.0927563561631882
7732	8.41249116643397	0.125724973520968
55244	8.94092316782346	0.834082005753529
224	12.1533202500526	1.17015577423617
146802	8.51620612790784	0.227046962445564
218	9.81182214534353	2.42469366837768
9706	9.90832587999443	0.778275187200458
11216	10.9447902655772	0.297886070356608
92521	11.1132591491075	0.388086355389363
348254	8.41336936057193	0.0609566576270611
284194	8.52568385628813	0.310073936463001
440416	8.33132858074566	0.0871831906503859
339260	8.27418598788244	0.179029072456508
105369205	8.37371842874609	0.34516158435724
23326	13.4802451100753	0.598757314271159
25979	10.3444767597916	0.607108586270935
8834	10.7585384329837	0.531984469586408
256302	9.2652345702711	0.397627280182448
5606	11.6635968134364	0.740922007446722
3768	8.67961489405601	0.568731221315139
339263	9.86188809389668	0.797015748220149
26118	11.4604190550063	0.316670962912905
8844	10.1696014316075	0.899864056846356
3965	9.78257441468226	1.69940192150231
201229	8.72177712744216	0.386561699845399
51701	10.5887100371357	0.261963995546474
27346	11.4657488313744	0.393583378466436
90410	9.75963251229591	0.201383453350467
7126	11.4807114009036	0.380220893188022
26073	12.8032506226798	0.425974391819557
147007	10.886656778326	0.234834722549162
7448	8.52040417765592	0.291819755052814
23098	9.32041048283689	0.548342831731505
113235	9.68456263459044	0.22530860129691
9094	9.90943916030752	0.304980434593133
94005	11.8903065629829	0.39756316246731
230	9.70511670929916	0.763929829567814
10615	12.1552967989661	0.234859999212729
100506436	8.3980642284811	0.0946767530339631
124923	9.09986465330701	0.148014458192153
9703	12.7683824808725	0.576990502187891
6388	11.2549865948642	0.275926812452804
6830	13.2162874376526	0.211084703045163
147011	8.70615356415059	0.131228854086837
83871	9.68633157625814	1.41263233825554
6147	15.2451363762251	0.397242568168375
26808	8.35646558311561	0.078145318824251
26773	8.44539148371543	0.123154644101961
26809	8.41074148335902	0.0607236225860216
116238	10.5498895305991	0.628159278346777
284086	9.45697627478277	0.199947514165211
9618	12.1463517988048	0.762801387992659
55731	11.3943311977817	0.430464701462115
26284	11.2892666340695	0.259008189522166
2319	12.2749061792714	0.56597492712045
147015	10.0249420668219	0.52758620996677
57649	11.4463347241093	0.16434894811042
124925	8.90221503583393	1.37483563259623
51268	8.52709452103486	0.243632844231791
399687	12.1517140623494	0.595333835636902
9220	8.3923014673049	0.103008669852384
57532	13.1536013330795	0.174779705387199
105371931	9.48702893054636	0.166449698187444
57551	12.5238069972019	0.306535466107469
116236	10.466689602576	0.450727538029133
90313	10.6449551642779	0.55766902746491
28964	11.7065750766644	0.309980037423689
124930	10.3157341098687	0.588211641152505
84940	8.83825386415432	0.332496676739887
85464	11.2267731749877	0.196717894382593
374786	8.54596308048911	0.142879798782745
84081	11.3346328527476	0.247950868307381
642	10.9545880682839	1.1381923279158
1362	13.0750605704338	0.725442658668297
9527	11.5935949134138	0.322668805242401
147172	10.2992029071199	0.314505129248927
440423	9.31262459442867	0.149377384829652
51379	10.5743213033744	0.353571591109751
79915	10.3234325700486	0.310112294997748
79736	9.817658836149	0.135889890738809
55803	8.78641267411993	0.388661667944596
84282	9.93111460116136	0.419564923208566
4763	12.4314495262583	0.346683030182461
2124	8.34843966391298	0.142380699780149
84440	10.7913551827497	0.884888689660637
55352	10.7180952580376	0.331733882259256
55813	11.3598079679857	0.350815629997041
23512	12.2513563665632	0.269819097794782
114659	9.32284400975854	0.155390590124303
105371730	8.44200299766273	0.103040126777573
55288	10.6995732488043	0.354117642599762
162494	8.58495382838009	0.493809932580282
64149	10.0218577230918	0.287109381259351
7756	12.7629981733836	0.292743354879873
5717	13.1224225942088	0.377120477215664
8851	9.37241758403314	0.349105109118518
4642	11.3104948505168	1.6995381884009
26022	8.64079626939695	0.488375718206943
40	8.56950230756568	0.573497566625799
6347	8.45461611681843	0.601823962369686
124842	8.25685047436793	0.0996163690281746
10693	8.65318462846813	0.254174084632922
91603	10.2080748351339	0.226609014966625
3980	10.9403966179172	0.411589244241171
117584	9.5892536713752	0.19700600117336
5892	9.68150675714472	0.201651022520764
54752	8.69399415113759	0.165879106271012
54475	10.2766349075994	0.467448167705576
105371932	8.65682616108275	0.18145387230384
162394	10.2171703853667	1.44935610800683
91607	9.06730972595527	0.984365702664549
105371933	8.27734448933374	0.111093802601406
55106	9.35735792633433	0.952641431378324
146857	9.30271702763743	1.03844046150568
100506736	8.27525846617684	0.145607177840615
5193	9.487750512265	0.217075891445155
163	14.0330425338762	0.624037243364445
91608	8.74395350167672	0.847026442426555
246176	8.29012646091451	0.154973228877727
79148	8.38001972955016	0.274603481736104
146853	8.33963222284939	0.179546591744786
8148	8.46424117308716	0.304020504089805
79893	8.71656473477118	0.422273370311407
79154	8.42944374803116	0.150709925159808
79922	8.69772681774187	0.234257025244786
3975	8.33939003481478	0.252232710005589
31	9.47342188320323	0.427145186232142
6871	9.0547403206204	0.412645050969194
11276	8.77738073026448	0.281109381436886
11056	10.0590573237515	0.376911018135251
6928	8.40308139793458	0.282643774715604
101060351	8.27304412986043	0.0904617275156768
101060376	8.75944929443509	0.26007712693349
101060389	8.33735478834087	0.155589840333621
102723859	8.42855700515981	0.144448331147711
729873	8.2819235797709	0.0970000387341246
440434	8.54927206635594	0.118092744368648
84311	8.5133685063012	0.468134099443735
30837	9.45018760171691	0.345986240801478
57636	10.1260638431244	1.20750954307721
80725	8.4196874484938	0.239822204841838
100170841	8.42600528082187	0.0964781705908216
4302	8.98365820900675	0.254211839628944
284106	8.50482506310987	0.0796275931447741
7703	9.74479115745503	0.815370720384407
5691	9.40419923670599	0.911002949575462
8396	8.81760097465036	0.306786678019609
54883	8.81461140764059	0.325521009084631
9349	14.2646377019233	0.647154996320801
3927	13.8851281530113	0.684254561848984
100505576	8.43820487326804	0.146747023692896
100131347	8.37492210826952	0.149559296923308
57125	8.54741897788579	0.444023788390432
782	9.33161933163272	0.25780081486687
6143	15.0714758589454	0.597786936018185
342667	8.2646711147935	0.186149355246258
101929578	8.23816095093811	0.179101865512087
84961	10.1869972456522	0.498142211758687
5469	12.1598860943488	0.336985851675301
51755	12.5747057634073	0.25818896222075
84152	8.60243353656727	0.71608907417602
10948	11.1374694400026	0.405973041386997
8557	8.53154257759292	0.101316339080218
5409	8.46643430508137	0.41132737284125
93210	9.9325724286016	0.500826753354516
2064	11.8647935658454	1.39162395388231
84299	10.9978213872085	0.307538751123505
2886	10.108889327184	0.73522299052055
22806	8.73764320297997	0.573547422120454
55876	9.24148182650036	0.615859328159252
94103	11.426015450081	0.561626090669159
284110	8.47367021327319	0.574293744520459
5709	13.3669884357622	0.394336557331102
1440	8.32744757986528	0.19014098806319
9862	11.4092099254893	0.251896006922944
7067	10.1521783223102	0.704699991721449
9572	10.1394847458382	0.432964232408883
339287	12.6160477319854	0.426830954581621
22794	11.898669255875	0.506768498937657
51195	9.87436506021365	1.17028337438408
147179	12.3099010138515	0.366709045104226
990	11.9707890092401	0.593810676833138
5914	10.3974830277054	0.416162939298614
125111	9.63423908909096	0.367530074767417
7153	14.1924720583532	0.778338365003701
3487	11.520661171532	1.8807297992972
84951	10.1344265737567	1.65608845824979
6605	12.0138430074967	0.451579975630107
125113	8.2441205059414	0.125616113707714
192666	8.22495660071282	0.120078329352263
3858	11.5745215785939	0.596177202567159
147184	10.0372982404698	0.425427674002855
125115	8.27662670395814	0.316222746917418
85285	8.29282365620368	0.202755959175274
3882	8.33345200954697	0.161798265323206
3886	8.34158339466368	0.118922512928679
3860	10.8352188028149	2.8373420937926
3866	10.4802576991285	1.24814019336894
3880	15.0945704423093	1.51864540128121
147093	8.28468193922073	0.128106226359739
3857	8.33075031735555	0.162421612737254
3861	8.53430715827367	0.470746821721327
3868	9.06521963521608	0.608777907250029
3872	9.87501269287699	2.62984036270631
284116	8.24387771291476	0.137146618573698
10209	14.0804122561782	0.593859743959172
2520	8.27348141597278	0.122311499385927
9001	8.96585380195542	0.539865728416445
3728	13.5569486903942	1.06805237815571
10609	11.0572499964827	0.803079018018657
60681	12.1041822176084	1.81651768792268
115024	11.5083997467321	0.506763353901123
55175	9.98090704142904	0.295295043793765
47	13.5157775722855	0.469916078360339
83538	8.54479782965742	0.0797107599711849
1267	11.3503166525398	0.451042907237383
7266	11.6769664117037	0.423891350753463
28511	10.9572981326475	0.377981596062869
201181	8.83607402932278	0.298379939500135
79132	9.62916887605178	0.895818905209471
2648	11.4392144657272	0.266026109232083
5878	12.9904124466869	0.433497614114329
23415	8.51817501841967	0.319477455122938
84514	10.3015855140894	0.565688128887899
6777	11.1255104481542	0.566826642340709
6776	9.43147837487597	0.680600340561193
6774	12.839067089181	0.788588271148564
284119	12.2405672961054	1.96269612951218
535	11.4686726676902	0.576604760419362
4669	10.7990194796555	0.357732037094507
3292	10.8057605685833	0.598255469987255
80347	12.1120339804476	0.456516492353835
6945	11.3524141030321	0.451246062598718
29893	9.58381074252705	0.29956471828333
162427	11.0373750018412	0.438607219732713
7283	12.0779813397943	0.350969714083189
27175	9.64353532224116	0.35791917684489
79990	10.851517489216	0.488671875295393
2826	8.50911418263802	0.163465555398375
8506	9.14154021761001	0.60785296808484
2145	10.0875930658958	0.395814707202107
100190938	8.27783806645335	0.14262247764029
10266	8.38609416338037	0.153893176502288
84313	11.2666696137751	0.439559699583147
65266	8.97091886315677	0.313698250569054
28958	10.8212149011182	0.32301311921937
124817	8.49461739887861	0.129433030313625
8678	11.0788525078505	0.385137097685619
10197	13.2791745209806	0.454839932958513
314	8.78428385242195	0.27739066918747
8639	8.52005006795688	0.181141604420968
100885848	8.50123136351335	0.274368037691051
146923	10.6533405571695	0.528566553015758
6155	14.5600571408102	0.614909215547421
3430	10.3151912941326	1.29267431600742
10493	12.4175356968239	0.653419881706345
8153	8.54877958962605	0.319127814092908
672	11.4090447450622	0.42593121399015
10230	9.33562955637761	0.120373491902617
101929767	8.79327968347105	0.135106883209377
4077	12.3697841242668	0.523681820797199
113277	8.89063859264795	0.530992895433294
100130581	8.871066195275	0.13388506999979
379	9.89038634436878	1.28501683743059
100313779	8.24272844390655	0.176200412121925
1659	11.7337000094454	0.433249054350017
2118	10.4251933302186	0.86408104205621
4222	8.331443543275	0.170156641653099
1845	11.9056947134634	0.305057587524323
4356	9.07927941849685	0.372336840465909
4355	9.27992486850775	0.805292655998638
162417	9.00672946274043	0.447921815750964
84336	10.8610594775474	0.266646481496322
124801	11.0542859116869	0.260759801812055
92579	11.389403751931	0.329505560458706
10014	10.325609382514	0.474438352509246
105371789	8.32148563236806	0.221174338816345
78995	9.66679003744484	0.181002877065126
92591	8.71894734786474	0.257591628568737
339201	9.16012130463204	0.280082061253318
79089	11.0396219751745	0.249793730093985
56970	12.0801256778077	0.464663384269825
7343	12.0257082548399	0.415406535171822
101926996	8.80706101608435	0.410950373357401
10900	9.24263623901732	1.20031027391488
51629	12.4275022987786	0.612382364308478
2896	12.9630203253314	0.604494140944332
284069	9.00248310213806	0.623095066448121
3674	8.4125164529895	0.114413895950209
23131	11.9346810533451	0.220548384869028
2535	10.3437253078699	0.650090491592663
284071	8.61895319143395	0.128397017035626
124808	10.5317585338568	0.264745685317677
80174	10.3569015762191	0.333172414535967
4185	8.91226082881023	0.599105732759592
10052	10.5581387554635	1.15441552726787
51751	8.38643506293342	0.0853197888432809
9343	12.5600943723308	0.38597389500264
388389	9.22679337227242	0.219652478802692
2670	8.36238668491529	0.0842552121350832
146909	11.234100486214	0.581426312662722
10882	8.79363071832514	0.516580245275845
79877	10.1900639437699	0.48539044098314
4836	12.7718442964862	0.329595791255284
113026	12.0552231692051	1.01687940715318
79777	9.50948969338323	0.258209973650453
10614	12.5848415333059	0.725730671372986
124790	9.46659504794786	0.213440930006145
752	9.50790999350937	0.69171285439612
100133991	8.79017197346864	0.139022401678917
124783	8.39175105098498	0.0882631354645199
9020	10.6841404898069	0.504788829275936
201176	8.50876881549681	0.242643087898819
4137	8.3291322507184	0.169464713126657
284058	8.56276625089275	0.315899870267832
9884	8.37019727709007	0.199206573623024
100506084	8.42660786631364	0.177466475965468
51326	8.42380861989581	0.133230438281077
474170	8.43403171670628	0.190989890154955
4905	8.45445621214503	0.0672024053996578
9570	11.1600871900073	0.253511185562973
388394	8.49027395229946	0.586825873095039
996	12.5337352216715	0.289550747736294
3690	8.71736689926051	0.625624789822267
124989	8.85041768443322	0.299761505245177
653479	9.23850396280198	0.202536099254249
9520	13.2699358544777	0.394270829655973
3837	14.6048301727316	0.271274334206053
9755	9.64494107510158	0.670100665697211
114881	9.54398728343675	0.619755680827901
124995	11.5895524875187	0.27201747062903
90506	8.69165746302171	0.234857735720839
90507	10.095187661764	0.506200306311579
80320	9.49281047746211	0.916563299650551
102724532	8.94557564289795	0.184667579131366
6668	10.6460186842619	0.445068682349593
100506325	8.79856390359368	0.170614430063898
55163	10.9729638261132	0.232199348994929
79170	9.23951523154234	0.864700873786211
80279	11.1850122185554	0.238719509753029
51226	8.69954793132914	0.358555324461233
4779	13.6776848606601	0.521098440886232
10951	12.7907140111816	0.455412154521981
29916	10.6785212064234	0.295886157748669
8631	8.95220792455622	0.949251069015873
101927166	8.25430464347055	0.117482667954334
3212	10.3031385138115	1.61912667456728
100874362	8.54072774020577	0.301005688565261
3213	10.5541906982952	1.32518016502681
3214	9.36315571951134	1.16332690402744
404266	9.36146854538271	1.13487654873225
3215	9.70894063708139	1.26026408362809
3216	10.4461396655284	1.20806808509147
3217	10.6586154840766	0.749487369051024
3218	9.8381501270122	1.73129594135562
3219	10.5071918297415	1.52802712386036
105371810	8.69347839425169	0.355193118784175
406972	8.31431753494834	0.152349952136115
360205	8.30090896910422	0.179110701379281
10481	9.12442559700932	1.05714838497442
284076	8.43797639181605	0.427377228943847
10241	11.7993253749836	0.747784500235371
516	11.7621005737106	0.416668438079486
65264	12.7302325982822	0.557777578102181
11267	11.7312852872327	0.457742715587873
2695	8.34404697528317	0.308280067673735
10642	9.54095640937186	2.02275946105447
162466	8.40403497289372	0.253141883971273
22834	10.7863217217632	0.361024920100542
102724596	8.3483613940673	0.098607775619511
5245	13.2027546023693	0.382232788536959
4804	8.75687251046277	0.48831534327613
11248	8.32180391265907	0.131763051019553
8405	11.5503933158591	0.351850770721425
10237	11.3259740312232	0.346347859167969
81558	9.66055831978776	0.38245245785424
11143	11.3599023030028	0.243987046888745
1748	8.72870337918305	0.44378035151688
1747	8.57376467399741	0.507031122366731
284080	8.75697830537992	0.383550691496316
3675	13.5844567734053	1.60822549894816
5164	9.96451448096914	0.400856002463182
201191	8.42830164177234	0.220381302849094
84687	12.1960878349396	0.563475932669953
1277	9.9727507781974	0.950992260393903
162461	8.83225933097058	0.573765058899877
64132	10.6374723861299	0.651506444123221
51264	10.9203629210972	0.41291120655352
146956	9.80530405093538	0.308107510838687
55379	13.5912669444795	0.48225193678349
80221	10.7892666859636	1.2241206134532
1101	8.54928895224336	0.190586430391645
55316	10.2006857266225	0.406336347493384
84073	8.45243840236529	0.189499310748246
55040	10.0533034309865	1.31317171618272
64847	10.7898946841677	0.421875746262097
8913	8.51248405050251	0.34882824934778
8714	11.0672884678087	1.10328194979024
91369	11.5610982207782	0.318968373802279
51747	12.1910180137718	0.267398376226999
10140	12.116026817419	1.05309707917285
400604	8.77671273715809	0.133558771248697
9043	12.8870224895588	0.393923290253942
654364	8.34153798577193	0.103571216611919
4830	11.4817592853767	0.452942509693928
4831	9.05431452212829	0.134853876738379
54799	10.6233172955282	0.352903140753849
51096	11.790424164868	0.326437610694836
10040	10.7674933174395	0.213066280173817
1353	11.1128345498421	0.4360061996872
252983	9.6566706988688	0.268553520666856
3131	8.34844747556097	0.123594313902867
23531	10.243210009478	0.764289096836567
58488	10.3643121278842	0.65049644425955
9241	9.16599078372521	0.849971154904166
339210	9.36433245029083	0.194385872378506
8526	10.4226239668294	0.392342254007487
7706	12.5814758523859	0.535212772078501
8161	10.9822916453771	0.265622337198906
59342	10.4518859465119	0.463494303853179
8165	11.7969737243998	0.600742667517451
124540	11.7915282125858	0.936587693248808
51649	11.2304206956165	0.389735948710595
404093	11.2805739310196	0.528208672341562
7716	11.4381133102525	0.391365984130751
101929185	8.67752088536119	0.130720373422995
6426	13.3968884070826	0.17592505189641
140735	12.3539726773176	0.341401623743046
8288	8.31746230112241	0.103211757755421
54903	9.70164857804668	0.481098970632767
100506779	8.35322841962803	0.0932067282401002
6827	10.7436437419741	0.240748037147857
54894	9.27026306600987	0.831596797650156
9110	11.0618575284681	0.386505399045784
5414	8.37421808952745	0.196934019639596
56155	8.4345748844834	0.0671703045105638
5889	10.3229549953305	0.31527355170755
22843	8.90729592171161	0.641065575243376
4591	11.3821932215926	0.31141337966503
348235	12.0142542071387	0.611026910996382
55771	12.4635893251534	0.682669312304111
55181	10.4567916096416	0.268515040747891
284161	9.02990628542944	0.263775139064096
388403	9.551998711074	0.700828141846346
79665	10.7200405646157	0.750797060848103
1213	14.5027707963983	0.349954548729421
51651	10.7516763977561	0.209401301850685
81671	12.4601198661451	0.519655399525796
406991	8.4634972917928	0.0815627940305925
51174	9.78318492541393	0.378604577485399
6198	11.4239959539969	0.48254190225462
51136	10.0474629332064	0.327237778974613
101927755	8.52975186051031	0.159732394026363
105371935	8.30209518909451	0.145440318938477
100616210	8.39286444230545	0.0484655552938204
63897	9.98351228694987	0.297852567925776
645638	8.47209937999952	0.154339166952445
653653	8.55909134828895	0.12112914366731
762	8.22259715220578	0.103163916690141
84669	11.704391608055	0.316310721732052
10513	11.2255256728901	0.213709796984853
8493	10.210673852465	0.213074781598337
54828	9.64172421438977	0.591486770944828
103689912	8.30041041207622	0.210675913169188
6909	9.0098020609547	1.2869354049411
388407	8.42706975248318	0.240529850021357
9496	8.31081647080239	0.14609280079553
342538	8.45407818711273	0.070384867417807
83990	10.3274877095095	0.487115314065238
57508	10.6085981487248	0.480282631807119
9969	12.1488963427724	0.299399481561852
339175	10.5006286318498	0.289074964350525
105371937	8.61256977884966	0.10536019155164
11011	11.3769497770691	0.170363935346742
9902	9.53279845140706	1.77241854354517
162333	8.39073236009734	0.269175284474592
26115	11.0066566856232	0.892230136154346
1534	12.2505674249839	0.557152419990101
1636	9.24955219944172	0.930469063004095
81033	8.52087031775613	0.740120122175306
10238	13.0472677775249	0.343998194341057
51204	10.7367037089833	0.397892748807879
4215	10.4341639955747	0.425142578296545
80774	9.37052963160452	0.503556217096013
729683	8.34690017986163	0.163022100376784
92335	10.0961487931361	0.320018759635258
57003	12.8413753383855	0.435602408013509
11325	12.5980114879399	0.289414805694989
117246	11.6614802309415	0.401928559390913
5705	12.6694979136756	0.250128670137694
6603	11.9842139193691	0.383500628412196
146771	8.35619897267003	0.247390646788131
92340	8.67446887717778	0.331724252834328
3384	8.75517455563946	0.641239514097835
2081	9.57787331980652	0.466252760308193
692227	9.57159387387956	0.514905360527594
677842	8.71033380288465	0.314580289402237
55852	11.2100128137257	0.780876242300536
5175	8.51248358089488	0.194426844178474
284021	8.90117230321417	1.18368372097944
11232	9.58470011839942	0.148252424201493
1655	13.8183691376669	0.357400468972277
100616387	8.72167815461255	0.175793277440713
100616408	9.16685266813671	0.277923445435826
90799	10.0509254024815	0.272913697833492
64750	11.2255991389787	0.629981028288855
146880	9.64003585949307	0.366124347822542
440456	9.35368757965316	0.288746819845498
374819	8.9614124029228	0.439557657199015
201283	9.2935160075726	0.249537531478331
10672	11.6644494824371	0.351556760450147
100507002	8.82250265935785	0.18799367911069
8787	8.40526145052969	0.170067240756409
8313	9.12803095398287	0.875380868615956
201134	9.2033380528641	0.401128405900411
350	8.30976298827211	0.33062451473449
5578	11.2474445496024	0.777130458828158
27092	9.65436391701638	1.12673542123587
786	8.26357297918744	0.137942338302746
9931	11.2799136596183	0.375981603529675
5718	12.044871162556	0.297736742303156
26207	10.1329143428438	0.747946443405268
25926	11.6865204352847	0.347411359442992
2186	12.0667596760423	0.204920403446157
284018	9.68276305163662	0.308632925890013
3838	13.5565330371793	0.581621908317248
100499466	11.227206385331	0.242260911450702
51321	11.4151050913934	0.406608001984918
22901	8.85897183405497	0.270148867459602
9120	8.69228862989448	0.266620686970834
5573	13.032236364205	0.214807793360672
55062	9.79675224371826	0.28538512936883
693220	8.37089592085653	0.0625750964260271
54757	8.42762067861082	0.106193121440237
10351	8.49472388101801	0.83605075941017
10350	8.29668342096238	0.141200384497598
23460	8.51743962438218	0.423568015598738
10349	9.03948480163726	0.908831980598057
23461	9.58850429441299	0.396293260332799
5608	9.251011771531	0.779615355634968
400617	8.32701794610227	0.162663041962211
3759	8.67358767684572	0.411799509795552
102606463	8.41952913303826	0.217394872670199
400618	8.50771635459501	0.109221699430957
6662	11.8515133434041	1.01025966736373
100499467	10.2478760145985	0.773009634080472
400619	8.42033070660531	0.166391286521688
201266	11.0142148567655	0.55860232840998
6752	8.43514289494447	0.320733059125084
9382	10.3617076152009	0.21735911679242
84923	11.2431412035833	0.221529012942129
55028	10.4563321833689	0.299810058359134
23580	11.6443966335952	0.874345216278447
54549	8.47824240796104	0.303777092312921
6169	14.6427411351633	0.298602454775428
85001	8.79704118809891	0.137086758685431
94015	9.14268205576701	0.862077658815811
350383	8.23230960712577	0.124448893225106
55890	10.230982492685	1.1793762269043
10871	8.31770648539589	0.149711810570719
326624	9.03405482566	0.902368440942495
9368	12.4101932053145	0.880929342239644
26151	10.6059935429628	0.301384183492536
54868	10.610748752787	0.369281404205491
2905	8.72571501920282	0.317404902755041
2232	10.1279145566196	0.663789462594007
124590	8.50866471995936	0.368810566168307
92736	8.31694775631986	0.167686489059902
347741	8.35012423139116	0.293846303802425
283987	10.648082891801	1.11247648253883
30850	10.9753315208616	0.830028580114149
3396	10.5418168861627	0.288710982627092
23510	11.0820061170277	0.380621580048433
10476	12.1423629699304	0.347543580194659
9121	10.781457281361	1.28205337329018
79637	10.2276945245074	0.262577515721755
30833	10.4792084069642	0.321534741708896
51155	13.4164059608394	0.48916716019095
6613	13.3524558597741	0.308831112243104
79902	11.074942518358	0.353734855408019
23163	11.1743904994516	0.292503030120498
51081	11.7610266681889	0.281002609331095
57409	10.2158137655312	0.328716800486377
100287042	8.94281597178736	0.217887118047888
60386	9.60981020111959	0.325475138905096
2885	12.8828692650436	0.369861331021928
9772	11.5830889822015	0.525657469339601
57513	10.9097084423079	0.33955409398334
283989	10.6942676308138	0.25609013858736
3993	11.7601912817134	0.840663224334626
80022	9.5727105823004	1.30026410073909
9400	10.4247926722686	0.325708468548687
643008	8.8601896021245	0.574308271829819
100130933	8.76001093596141	0.417288729528908
29115	11.4619475464953	0.34458448768914
3691	12.9626309359646	2.23432525871092
2584	9.98413792933309	0.522456450009495
3021	14.227682003371	0.420594863763175
85451	10.6239562059332	0.305629892760263
201294	11.1427400737512	2.1386613347417
23558	12.5494805242658	0.545913243291909
91107	10.750243727736	0.540662683248664
201292	10.4856765094937	0.277171825549616
64978	11.4883574569874	0.370080576292987
85302	9.51413367967083	0.45244699634951
51	11.3958538126491	0.540642740889314
100529145	8.51256927464276	0.0732642996461902
2125	11.8268392314286	1.26803530399161
6730	12.5485563583757	0.211600245158361
8811	8.80110639348829	0.275374788311251
353174	8.31372583970484	0.196448685506123
23265	12.0832949185805	0.465385317970551
2302	9.23373790335392	1.24409224723343
100507218	8.52105060005976	0.323217403286713
114804	9.48941566134524	0.648221030920168
283991	11.7158022146042	0.896765491577625
84074	8.7627434640669	0.228911234366973
5635	10.9274672606154	0.344063892419792
8877	9.81618283308695	1.07382142184246
63893	11.0592454822769	0.307335576924058
15	8.35785494250451	0.173917275029813
79651	10.3406403391933	0.622220695805728
114757	8.54864027869578	0.294782910251991
768206	8.39208964121032	0.0931192904574567
100507246	11.919208476886	0.379241043350067
10610	9.37096582574019	0.807332469129903
55808	9.02303322906851	1.21387303464281
105274304	8.55798973243262	0.119065691536803
439921	10.0011484780941	1.2915628607881
23210	10.8954886388078	0.359799730505798
124512	10.3851647353731	0.198225791954384
6427	12.9578095820517	0.245144506671962
79157	10.6360365027949	0.252297787902156
146664	9.40550957264032	0.880835771403344
654434	9.02598081630937	0.227526991550493
6397	12.6211067946963	0.637779590231223
10801	14.0173022193103	0.835750683597949
57690	9.9379363638681	0.399796134382142
100131096	9.31082452464792	0.640887084797493
11322	11.127479759605	0.968078609498564
147138	9.0345286037318	0.549260186781173
100141515	8.31090825794207	0.184713156157021
9144	12.8471734675179	0.659243527910196
7083	12.0365455405464	0.803640779147233
125061	10.252454048753	0.218370485885573
332	12.5785458409231	0.46489921546701
9021	10.6549255278052	1.05454142076567
101928674	8.58380044714534	0.22823862522117
9489	10.222689210872	0.254347379668331
8632	8.71940377939973	0.151287008427655
100996295	8.31079103883465	0.100722336904315
101928710	8.6168779231033	0.41692957131127
9267	10.9413061623936	0.32031142044985
57602	11.4999113873316	0.267831284301315
7077	13.2501453866923	1.74898720019238
100653515	8.45865469648723	0.205598469140798
3959	13.5763601421002	1.46685500247283
124583	12.680607963249	0.513100394769301
100507410	8.36095913875124	0.346116810038344
114897	8.872897703827	0.546386874911878
64772	9.99633431429016	0.345996346551078
146713	8.30430803790657	0.099773825204145
84733	9.93599527630096	0.757738412892558
57332	9.93386076299261	0.390606981294013
8535	11.460693966596	0.696527736434211
101928766	8.35652623042372	0.176914595851234
125058	11.3410468222471	0.873801932658634
55036	8.83404790753473	0.307783800789002
2548	11.3612912432532	1.15550819550661
9775	12.2304053878263	0.38525007584141
79092	8.71340406783769	0.183208199053771
6448	10.0679596743598	0.639706192476811
284129	9.51629370164306	0.638632534692965
57674	13.2628244737132	0.80715263248252
100294362	8.45162202677084	0.0564363358580391
284131	9.85757425824938	0.348283657732682
4884	8.86817977943034	0.500311681276725
57521	11.3993246136896	0.33422317041618
105371921	8.38654370991475	0.241712038943611
79643	10.372836834962	0.302878107995634
100129503	8.88847224421614	0.145591322367402
440465	10.6150671236672	0.837540508549462
10458	11.353532043161	1.00579454758774
9625	8.95041587143783	0.457548884520003
22994	10.423431666117	0.334450047600105
146705	10.0689657662137	0.120229009826427
284184	11.4635435626316	0.264085708828923
124565	12.613851656196	0.318358352354141
284185	8.58982211844789	0.140780405088334
284186	8.7504657276567	0.241130526436171
100130370	8.42584289547631	0.102734197064863
57597	10.9303183611271	0.822379148877568
71	16.4985286636008	0.334710983024896
25794	9.35828994049029	0.406593991224962
80233	10.6049665098236	0.46500748025052
55666	12.8569197992271	0.371030177404009
83882	8.76797631749899	0.380701351615609
339229	10.4326118759045	0.268619300550587
339230	11.4214325833524	0.357339660439945
339231	10.4691860369131	0.375539417558261
9146	11.9488721722071	0.200274019581112
6182	12.132247843452	0.323677737528061
1468	11.1834990654888	0.35843810174682
348262	10.94987941566	0.693368450574023
116729	8.33610369489737	0.07819166320929
5034	15.0917728364498	0.346570494965453
396	13.6535165755897	0.483439325384842
10189	12.2229328427922	0.41108160067998
51529	12.0669517767664	0.370105780385892
256933	9.0209410665202	0.337878942151086
5833	11.3029690533601	0.49196618229492
51547	11.0657202519266	0.455981241260251
4097	11.9559915912391	0.48263580380065
92659	9.59375398942752	0.453291054665436
5831	12.1867388732017	0.595964727081565
255275	8.36443721488388	0.0889769810002876
147111	8.58810330886294	0.221171917294214
79058	10.3328727113091	0.160297082600856
201254	11.5971704011031	0.422385289958069
201255	10.3867414692326	0.388477691823169
5881	9.65069676472936	0.452428048169006
51181	11.0613159345586	0.464163911747087
5986	10.2617915773442	0.284723134594237
2873	12.0413551573439	0.350288588565243
64118	11.6799136652594	0.465181046111627
2194	14.5919270845495	0.637177901700891
284001	10.1980971362993	0.55775272787999
9123	13.252796593214	1.34250391601743
1453	12.9861696260597	0.345033365936218
924	8.32077056545879	0.155861994590431
6398	9.7300505442026	0.947126112248348
400629	8.48544276751192	0.0814380578473073
79701	10.6827546733003	0.360312363086564
284004	9.61469732255587	0.294179612326858
79415	10.8860630287662	0.487647794475002
26502	10.6626736255077	0.454909972302908
3607	12.1638207755009	0.351562100134481
56270	12.0538293199262	0.625248020901414
10966	9.21672878198012	0.447727979959615
79672	10.9074213440336	0.227872344383585
64122	9.81735131588223	0.765413824679426
6904	11.5115367967059	0.619277244084247
79755	8.39890225499225	0.29481845815516
146712	9.0929351087533	0.327682782370235
284207	9.70248166115643	0.899440064436518
388574	8.37065537696668	0.0938160843482529
727758	8.80489934400518	0.281392430984664
102466878	8.4924416979863	0.160874877607483
9097	12.1960792699627	0.488578294552173
9984	10.6269716858707	0.283068024219986
27098	8.38026973754628	0.119564941996957
494514	8.90133291786525	0.282359612734825
7298	10.5755725343067	0.384032118438685
55556	10.3806350521208	0.486475522283331
7525	12.1819959298978	0.455538597028018
116	8.57720900692835	0.919257978988087
64863	10.1837296240017	0.205657717168608
10403	11.2394192390091	0.3772786065837
645158	8.49010185478643	0.154126313394501
23347	12.0362374960742	0.416161071224155
84034	8.89619890822981	0.457450285354582
9663	10.9225372535211	0.605621985232037
727896	8.51019930088265	0.0761062841325576
8736	8.84341254697057	0.221011134325018
10627	13.0294575762115	0.495295662040507
104968399	8.65557306887256	0.14691841645067
103910	13.8004225034428	0.477313515155778
7050	12.021759864853	0.719009562829761
100505592	8.38756980676559	0.262767886750854
9229	8.70937889311514	0.452998407690013
649446	9.51339831220542	0.279588291710672
84777	9.33647077744116	0.40591858837286
147525	8.81101875296149	0.168038784753859
339290	10.5293417747337	0.418305405763111
7541	9.98140207873442	0.168113905575401
645369	8.23469735939861	0.138626405900843
91133	8.61610072436101	0.645284901270491
79822	8.31775432153591	0.175728458923663
400643	8.25112415408158	0.141359383948769
284217	8.39544176516805	0.103768235708679
5797	9.29885775534447	1.08690441260105
201475	11.0983569284104	0.378463213246243
100287082	8.47520301953868	0.172735195860293
23255	10.8636078691656	0.745170896122306
4729	12.0216031912743	0.316485118512021
101927275	8.61115947433421	0.0875035827050323
23253	11.2059090099927	0.340503301701276
57045	11.5130360123277	0.734198754601282
10928	12.2298651394959	0.294242272857801
9989	11.9989329227961	0.34225278638231
101927323	8.49346524658885	0.118474648957259
11031	11.5557623677125	1.20402457466958
84203	8.36125838495916	0.127614255439063
9218	13.0925639858361	0.349954011515651
147495	8.66231121835301	0.67730009822908
8774	10.6750500948918	0.445628298219417
101927376	8.33259061098991	0.322185180383146
63895	8.55953952127335	0.488535418568748
2774	9.24172577011249	0.708147683641073
57132	11.6939225128335	0.54066602966984
65258	9.7109445075992	0.235520453686337
3613	10.6862032751494	0.40950974938341
497259	8.25160914551782	0.132667851697371
84617	11.2400166690459	1.27590328666749
10939	11.7890732005829	0.415667312351592
10650	8.95650816989439	0.3084135654306
105376855	8.30837685578046	0.167582478994279
56907	11.3677309095915	0.593198812038515
56984	11.2232909568063	0.335432338928065
79959	10.0311535952284	0.168105745749763
5771	10.7712243814517	0.304616713630529
81929	11.6172739223335	0.285101834154667
55125	11.017038563592	0.275916839478837
753	8.65494883141689	0.599013965806855
125228	10.6736385710188	0.425232759491249
8731	11.3057739527962	0.420492192465409
162655	9.10339131459703	0.216878470366154
440482	8.62919615105517	0.348066224625845
284233	8.32431089451191	0.163502575609063
101927642	8.24284107220883	0.117920224686586
6093	12.0793508870551	0.339182744558645
80000	9.98446839193927	0.785873864014014
114799	10.6445042848774	0.339748509081421
6632	11.8295119904899	0.36767538847277
171586	10.726489436162	0.25992480737889
57534	11.6357904141635	0.519906679830632
100128893	8.40265020875749	0.222450322831623
2627	9.97902258181951	1.45716232411497
101927571	8.45062086894734	0.174304370868933
5932	11.821684641424	0.615723843924847
105372022	8.6509488461853	0.38280456261263
91768	10.2044754921654	1.36095640627834
85019	9.61330679706645	0.373814729324814
8780	11.7853019046276	0.382746410531849
29919	10.2126895291582	0.468404466204033
4864	11.5848949425907	0.523006082103487
147463	8.60663230066594	0.286949980202648
3909	11.5164910585041	1.84461309630319
125488	9.86205770415893	0.530556981972437
102724246	8.31683702996459	0.182109364743239
26256	9.49371169095801	0.714180172258256
114876	10.7717400467285	0.570280870944241
55364	10.7259178519381	0.43693016986344
6760	11.4240032491166	0.532795465982513
6875	9.44407677387223	0.512365015063612
284252	10.6070493599827	0.537934065170884
361	8.25119574373013	0.134079941712514
83539	8.46467179761779	0.540449405032709
1000	9.00143537206217	0.885657809893006
1825	8.6959611005182	0.710058753391277
1824	10.6058446374674	1.42662111313934
1823	8.27712495285434	0.13134134099174
1830	9.29262232126155	1.56089805310695
1829	12.8000274819778	1.60660856753023
100652770	8.3639669965383	0.137954384022428
9331	9.83700501587584	0.637008909829811
22878	11.1281654805906	0.266528001105629
54941	9.00386773105599	0.60736309648257
51444	10.8616131986762	0.429038976224252
64762	9.87324452652339	0.545680076754723
57565	8.52930472824578	0.762105988577392
374864	8.2708374076784	0.170882733517484
80816	8.54291585523657	0.722245469465819
8715	8.51912538964288	0.686479640593457
1837	8.67782801474421	0.889512121087192
10982	10.4672154443433	0.883945745126582
84307	9.55378382547351	0.295591610243433
100101467	9.54330158662882	0.475224310187317
10778	10.4061380515759	0.349634807855942
7572	11.7210557291864	0.369460892029566
252884	8.61207994248027	0.188569050028614
125476	10.2974362893937	0.378349974891491
2589	12.5450198735626	0.769347791543506
100500864	8.2441956122472	0.118055372781981
83608	9.85952506426269	0.166468285176211
55197	11.3917796797458	0.411794220951067
25800	12.0893210465804	0.354879524981113
55250	10.7380920943702	0.442238734979885
55034	9.94751305406762	0.903770193335018
80206	9.49958062347673	0.938673326995573
25941	11.670614381333	0.4447124977479
57536	9.11922402044316	0.193219862629911
56853	8.57956781987151	0.785736471196986
647946	8.95419721056889	0.354846825504944
641516	8.30737990483707	0.342314147281845
5289	10.2649094907789	0.367070282800467
284260	8.361566047914	0.460198987080193
6860	8.78078424437018	1.33297258150868
26040	8.93117331314002	0.772094307286041
6563	8.71410714587656	0.898225364580956
57724	10.8651419435413	0.678152300828857
284266	8.53632852973624	0.378373968794866
9050	8.74584395120072	0.48905712482432
498	13.7244913247104	0.596054171900037
115106	10.4584040083285	0.383371502537081
147339	10.8667881972732	0.493668851815493
494470	8.31201403941607	0.239502402806009
29906	8.26471172303433	0.113626799928957
9063	9.99809802681133	0.484190824383722
83473	8.88364298473589	0.342860095231062
84064	10.3036542091465	0.240298194138041
51124	11.0435690228591	0.296606955663585
4087	11.0550303446903	0.33813984131664
201501	9.04676308584726	1.10046618870914
9811	10.1195180303596	0.40567501739059
4092	9.57542874236511	0.477233033697931
105372109	8.24341466356955	0.0990532750207159
54808	10.7711163249759	0.327437967676149
497661	8.84593136020882	0.166575988248256
6139	10.441058866336	0.459525032395102
100124516	8.47988010958914	0.11585942175366
26791	8.3996515264841	0.107506970249742
9388	10.230864302331	0.748551369256284
10449	11.099723476427	1.14078628015751
677769	8.65956885521642	0.170211520873435
103091864	8.5350053959983	0.315913019942504
4645	10.645404628098	1.40415673699196
220136	8.60339522786659	0.175950895667618
4152	11.1829288067342	0.280986322871974
30827	10.7708826955921	0.294886875727299
5596	8.62996298558093	0.9648704424994
83876	8.32086966742206	0.210079412175575
4200	10.984946255386	1.23604535487798
55520	9.08398151645897	0.49492700897423
4089	10.3958752521145	1.25980263427468
51320	10.7288642617767	1.00777693039368
1630	8.31398919406582	0.182443745213835
8932	11.392140092396	0.695544799090684
11201	9.49971300205944	0.282706112957628
162681	9.84489916799078	0.266218743036661
5874	10.9545536789855	1.46321299803163
80323	9.78364378537803	0.882675891518937
6925	8.81420807546229	0.421989994902919
9352	11.6163309004446	0.271001086639525
23335	10.1219294381096	0.306886296800392
9480	9.80710878606909	1.3775122657761
2235	10.656649891149	0.558364814338491
4677	12.9336177880992	0.463922476488147
100505549	8.68794307119299	0.188147552537069
5205	11.4740183794318	1.32680326289223
23327	11.3854922344278	0.766596706552631
101927322	8.34615095525103	0.0567774645676419
10892	10.1171082168231	0.180847976583732
55205	10.4807016287457	0.814607373692739
90701	11.2872539671102	1.26975512216455
3998	13.2549685418168	0.541928348306129
147372	8.5748958734236	0.729752338371581
5366	10.8343713203469	1.17095840644755
4160	8.27068745041612	0.230241418225003
220441	8.86917517057713	0.752515228261685
23556	10.6078656669883	0.337765533993655
57614	10.9958611188509	0.39583185126016
8792	9.51888341086456	0.653715232152609
54877	10.5450861527512	0.338971296215562
23239	10.4485681423976	0.754173544958402
596	9.22428182169019	0.659437513374316
2531	11.0918101048516	0.365047606803221
9525	11.8446238755613	0.334554404895765
5268	10.7040242856619	2.00183989213637
5275	8.25193281138311	0.191244864724718
6318	8.31838166825282	0.229179883985951
6317	8.50269303741784	0.585059331042369
8710	8.6870728549822	0.652762548483171
5055	8.84823976015108	1.16907650055777
284293	8.47187787018397	0.228807595247155
5271	9.61774613606435	0.484548979629254
1005	8.47326944883472	0.749698844218508
54495	11.2462121315339	0.320235883231589
79839	8.49835054516769	0.182607493674357
10666	8.41412069457555	0.0781287800047626
25914	10.5872774217939	0.70416025336813
9306	11.3135511325556	0.740238436285201
101927481	8.64257437193496	0.315911392182252
101060542	8.58553001459413	0.288422445567164
147381	8.43906889762727	0.394567574322042
81832	8.26714338523597	0.174560846287287
400655	8.29147192040417	0.308399707090393
100505817	8.44732883122959	0.274180535506867
201456	8.50156638857468	0.211910957546686
29090	10.6522131853782	0.438405230761824
1528	10.5992000944036	0.64120079064712
55748	12.2250428580848	0.590841670029039
400657	9.36300008414192	0.187704531586344
55628	10.0658558958439	0.347836428196173
284273	11.0635004014665	0.426480322020415
10194	10.1111765473347	0.541445907847864
9658	10.1734891353789	0.602265804225246
101927989	8.72201503402084	0.171902380258408
400658	8.49950239950423	0.166242538313968
284276	8.27159004835855	0.173940739341289
400660	8.28137337188355	0.26171058988708
100131655	8.8476845614354	0.335606362371353
7776	10.1696736959098	0.389035515100502
4155	11.8258016204637	0.455573656646427
374868	10.0098242594308	0.474666483715239
4772	9.43728942736054	0.717163077183623
9150	9.87529234088491	0.305323404597477
26251	8.60383692244582	0.167002089937775
80148	10.5899694305295	0.535168118700734
440498	9.95402277400445	0.50240642366277
10907	12.0255506547876	0.554616489533075
79863	10.2345766746635	0.472189467338911
100506070	8.27880529893162	0.0999835095024997
22850	11.2300178678655	0.437876386206096
100130522	8.62830025502437	0.332107938691247
84552	9.0777943259547	0.431076949053543
375690	8.40422829675335	0.147820761974004
399844	8.46804548093587	0.177448470239744
101928344	8.3006739064565	0.115818553949991
8612	11.5680652957665	0.935920644696072
101929060	8.40394601530112	0.0855106483394897
54531	10.7522537863594	0.253463519900464
126567	9.01224270250093	0.705163001474803
25759	8.77569320937475	0.550454992041927
284451	8.36541722122154	0.202007206745886
8174	8.40973561967012	0.196661865248588
91978	9.9238687838499	0.438135709440538
997	11.6022471609106	0.624025780272224
3004	8.3640121476171	0.113762669750332
682	14.3276632113585	0.529010480752439
610	9.46544905202003	0.971590193893097
5442	11.3664000801321	0.427983446945833
55658	11.4437750352274	0.463319161958784
10272	10.5446757864237	0.724768943706682
5064	9.43358225304627	1.18261307677807
126353	11.6127039817727	1.26193816464148
5725	14.1672722461491	0.206318319983416
79948	9.0278776596263	1.20276007388749
1675	8.34415249354115	0.17396802748324
10025	10.9657503278211	0.34529364350501
91300	11.3784197867987	0.314075126269478
84634	8.72719670994806	0.754424741048346
1820	10.6148988152244	1.22676418315429
57418	11.0407880680288	0.373871701703568
116444	8.66483100414643	0.312780137148853
91304	12.220518154123	0.288694334169702
103625684	8.30210242578831	0.0861967010131121
1265	13.0540234292593	0.504657902218848
10347	10.7175623162604	0.537826457012305
23526	10.1375358424192	0.385985554853602
5434	12.5959091386396	0.219421215674741
2879	13.1332216053417	0.240446186620276
22904	9.97848413704945	0.38279219408382
6794	11.9836744349257	0.256468429141191
255057	9.15338855573162	0.389275432275645
513	11.7274916255898	0.373098072012072
90007	12.2102862225117	0.562075276448205
148046	8.87517133724594	0.294364822982584
1153	12.1861284691173	0.578553568013575
55009	11.0708714397863	0.52920041458795
1943	8.93363042206211	0.429631386834285
84939	10.676910278934	0.33718733442579
374291	11.0677263935835	0.526895804982339
2593	9.71563202788383	0.553190445352844
26528	13.2072906686387	0.25466575009503
6209	14.4715957403625	0.447930635060871
10297	10.0923726226178	0.922554951359801
148223	10.1557876361155	0.281050942685364
54760	8.72097411747264	0.253696877261592
92840	9.73212095070997	0.599643909134618
339366	9.35808389599293	0.510190479289618
399664	10.9700137949795	0.478894808648968
53615	12.2360030052841	0.312274111361486
10975	12.4832558814861	0.337381528064424
6929	12.1466576182517	0.493496018722671
390874	8.58666993794446	0.63025205777359
148229	9.33621853812556	0.825597646540475
57455	11.5934036884465	0.345519259004327
100288123	8.55963210108786	0.0830257572752479
83855	11.5224640087138	0.418857714605228
81926	11.7097560684224	0.278413932023977
113179	9.22947130198726	0.385866661601841
113178	11.6661250832057	0.384157024509939
1455	11.6938627043616	0.211207892790544
55643	11.5914772586803	0.619802352975706
2872	13.0309668695855	0.619310769379499
126308	10.3556254807723	0.457907207048244
113177	8.59243566098592	0.166120290331629
8943	13.4197252811105	0.540135268857657
84444	11.6994450504745	0.486725312837375
55111	11.2419127818232	0.458655324576404
8175	11.7669035240235	0.352834247704123
268	9.13472060704185	0.476344706432693
126306	8.78606112542549	1.35145899984358
4946	14.2471809323725	0.488393534768649
51690	11.4813209331541	0.561640834556872
56928	10.6527823979748	0.590211817462112
360200	8.57349062397596	0.103699228851636
26517	11.804284465799	0.438377700742593
84823	13.6120147815812	0.423722687756688
101928602	8.44111993832075	0.168042627592034
4616	10.7127213705039	0.440222992829353
2788	8.62048457413822	0.595326679270928
148252	9.13521395631896	1.34767033345277
29985	10.9556336300646	0.321461635170505
6449	11.6575282774604	0.518719687500386
7064	11.7372825984129	0.41798944406131
115196	9.16177668170501	0.244460367422216
148254	9.08950537443083	0.220724382944863
126295	9.14914067474411	0.278670731363176
58492	9.12500654869917	0.178247401339776
79816	8.83313517539739	0.307060921217945
7089	9.77469867242284	1.28168635723674
166	13.9372127076459	0.587813104936872
2767	12.0841685977924	0.339322059555659
2769	9.46443087129696	1.20801648783491
56926	12.4268034029133	0.325006270141136
60680	8.49508802045391	0.257364362833203
4782	12.1828208338141	0.757904137727862
284422	8.47717816845029	0.190508595018681
83475	10.5484626610685	0.293355250256584
51343	11.2801552568386	0.32583619358668
126321	11.4663639193297	0.628273313324289
100128569	9.64767839244124	0.381186761059546
10362	11.4138880464886	0.391713296838942
126326	8.34059209985679	0.262900964631449
6915	8.62231448735966	0.407465336396558
404665	8.3985512978943	0.132522428135337
58509	10.3880294122136	0.168630869029577
23396	11.2608179863273	0.482112436035994
27134	10.8992075872511	1.17936770629114
9546	9.8859145334727	0.258684435871731
116541	10.419891213682	0.495320154969442
4145	8.4575243792044	0.452155566659464
1613	11.2678932884505	0.627536034258248
693222	8.34953238752668	0.106485066310267
1938	16.2675824307128	0.589333982692236
26812	8.32554021323609	0.086681593710138
51588	11.3892290143694	0.344398943173267
51341	12.4377671676523	0.218210382111447
5605	12.7246101763335	0.47094773475574
84699	8.55194083070492	0.376671527067243
51548	10.3845910150415	0.366959415855855
170961	8.78820347794544	0.2748568764658
10148	8.57957670188786	0.388685203091891
55702	10.032813040607	0.262429313231737
56961	8.36525030504537	0.158034413423836
126259	8.28098474247427	0.156880856939774
79187	8.96349052059253	0.945970543260609
55620	10.5316964241555	0.810840673013361
84954	10.0996180125751	0.336081576219044
6455	12.3504022308205	0.535949058539347
10036	11.5543260369737	0.308578993286482
80700	11.5792686872313	0.280241698733414
84717	11.6596163423913	0.316216149073868
729359	9.00664616706597	0.526242176988212
440503	8.40446337026483	0.136946633561895
116844	8.89345621148502	0.706378599319625
10501	9.53939795280012	1.58149833145745
126282	10.2628816493191	0.550155593461233
56005	13.2085002378472	0.79262225446417
91039	12.5272586395456	0.367546222038712
100131094	8.5928526750168	0.0885056589008198
100189416	8.27414800915091	0.123647923961152
284424	8.31002658603946	0.299104870105435
55527	11.2431749646473	0.417955638659757
148022	10.5606199740985	0.465743221453319
10226	12.2355088213663	0.699526394830808
29128	11.8614841675838	0.636182794373491
23030	11.0155098440217	0.531063679604921
5802	10.5718386567943	1.66978329965305
257000	9.61741914470036	1.43055865411353
9667	12.1178703280566	0.429196383115359
6294	12.5928070538591	0.300665496083025
125988	11.035150233482	0.386827836128293
374875	8.87881453891277	0.3016355431711
25873	13.9143908770742	0.662382786692881
9361	12.2483010921998	0.664432709041361
163154	8.67251085553738	0.149263128092271
56931	10.3421816413289	0.348690364528618
4902	8.5887520901277	0.172720018381591
2528	8.45367633239966	0.160222343506966
2525	9.63745957107995	0.877104205363802
126328	11.9437801496797	0.363474686121227
400673	8.88320945043588	0.146647541794991
828	9.59931613882123	1.03715003613695
8498	11.4180555006761	0.282725637474328
100128568	8.50791619779111	0.114757442580375
5990	9.38118505373229	0.264943792739211
81616	8.41443343898797	0.0803824508614498
4298	12.2321507173501	0.22768259723204
8192	11.2577755990445	0.412208280022743
84266	10.6019383846484	0.277879282683432
5623	8.45666550537857	0.13297108844469
2962	12.251349326569	0.251868042136079
390877	8.30479241546613	0.092282964861657
8570	13.8761549373263	0.313525839863494
284427	8.43808654626082	0.159803341939542
79085	11.3024909022389	0.877296941912481
92359	10.2572431048909	1.10603735823956
79958	10.3983399557238	1.16916202364715
10382	8.83748133186763	1.04861927514456
8744	9.22335259582165	0.390487044646491
970	8.59767519238835	0.751169295206432
718	10.1087531995554	2.14006923866261
56927	11.1225048403967	0.268015192815356
9322	12.1348114401271	0.505612726042789
10045	10.8199894991184	1.34923875095211
7409	9.01639962822486	1.28932538248307
79230	9.39518086121579	0.219724574731609
3643	9.86496801971056	0.745466408812408
23370	11.78705674853	0.469514286991709
92960	8.8718921292519	0.144017737085454
374877	8.50155000574712	0.304903220245473
140467	10.2575683701557	0.565926060593235
57192	10.1622813108449	0.404791430502297
10908	12.0214801256705	0.683009624622549
57662	10.5154275990785	0.83613509477361
56949	10.9678938549658	0.331367717176306
100131801	11.0037199982929	0.354501308076209
126006	8.42009656310055	0.0923804431120942
6813	11.2879011286035	1.08228458869976
126003	11.188383212275	0.330003750425277
115704	10.4049008597317	0.491671893816443
80164	9.39119389018548	1.16730951357157
80131	9.59723587518871	0.585973215711146
5609	11.6431899472003	0.41194635160678
100507588	9.14255997325308	0.578773042337005
6618	9.98359711339211	0.436312359149945
404217	10.0995420787207	1.12020204069988
10469	11.3952172285754	0.613801235173191
1994	12.2339268496379	0.270642815157266
79603	9.21687960773952	0.926500019973239
51293	11.6969961127003	0.908535438345762
4701	10.7965548750385	0.45833887469748
6234	13.2777235090443	0.87414862191413
256949	8.66145319548111	0.109994497786866
51129	9.15295925475135	0.756494614069841
100507567	8.86370251033266	0.138229696548685
9230	11.8556480448513	0.329052497717658
51257	9.75676605825019	0.30807486053577
4670	13.9628180576462	0.216744670901906
84330	9.53668302948055	0.218344462640242
4542	8.63472733819419	0.228863692759416
81794	8.40182924735366	0.364557167819486
105372267	8.39336900020887	0.470418914681329
148156	9.65561558182731	0.615967207948744
94025	9.88371953434521	1.96738997760649
57693	10.8335492465011	0.245276801604439
374879	9.05047799615365	0.186317715089665
84527	9.19026601412395	0.227848551265891
10781	10.1287839260879	0.249478265067857
105372269	8.27502107132189	0.160693681649775
79088	9.80203255133832	0.266643797376365
101928238	8.56629529310617	0.154758455051564
7675	9.59161749758523	0.183547163309583
93134	10.4557037781557	0.339012122208579
284385	8.98365202612054	0.2114326003222
54811	10.7685267897681	0.286107107404353
729648	8.37464178834821	0.443849983245885
162993	8.97636570565961	0.284284733885302
100505555	8.34836760562287	0.158741452871429
54850	10.0690475556631	0.122655974744243
59286	12.2796301953062	0.336389047539106
5300	11.8875169704903	0.238124474749866
93145	8.73349848806495	0.680743100015589
50509	8.49318132921413	0.380593721347815
55337	9.87859416398982	0.435674705666958
83854	8.40870283263045	0.0936926289887089
56342	9.49960792135765	0.239097067798742
5032	9.04061939005648	0.231689546718844
8666	12.3937565741981	0.366719722238135
1786	12.3136449392676	0.553716036114341
9294	9.24410587748646	0.137584801101045
51073	11.8316252432402	0.474268958930032
3383	10.5999837523205	1.15155257846723
3386	8.63892946039345	0.644929242009077
7087	9.09830894977046	0.727925802456854
100125288	8.66519935795066	0.177705526011369
112812	10.5163255864662	0.453625706449521
125950	11.9286098296058	0.4882111445332
3385	9.93673553388389	0.379342418917976
7297	11.4835642098571	0.563296514222969
11140	12.9313866684662	0.459152549227436
5141	9.69993848402314	0.786418577830724
9817	12.1943637510094	0.488625886028347
53637	9.05172212221869	0.958271127100428
84971	10.4200287710668	0.664238079242969
65095	11.2105035763592	0.384720317057493
1032	10.226384141011	0.653712016843761
10053	11.2177408345081	1.50673791002173
57153	12.6009163494859	1.62332021362773
147727	10.260175359802	0.670126934285287
3609	13.747782116475	0.512030212720686
81890	10.7407186318629	0.553287918232189
1785	13.0638350763674	0.596867067522631
11018	11.0376329560947	0.342520279577983
255809	8.49982849957948	0.12997073909137
10498	11.8798185338218	0.426061561655014
78992	11.3071477129615	0.507799894115049
90580	9.97402621711821	0.36892187783175
6597	12.4688670267145	1.53144955288465
3949	13.3144887328223	0.807840661876076
147841	10.5255018411233	0.5347502698195
25959	11.5020696838337	0.816978674979486
57572	10.8549449018781	0.957505325716418
9545	11.1628247273168	0.942881361229642
374882	11.6806557432596	0.645453875553101
126075	9.07692175422452	0.254606252574589
64748	10.583290608861	0.645186425954008
126074	9.493138107549	0.404927305358242
2057	9.6083862778142	0.701894545397253
57139	10.361293217024	0.675810438780685
115948	8.55090537391729	0.260219927574565
5589	13.9276759881217	0.383231490479224
1995	8.34530493547448	0.0913634033792475
115950	9.59427834814258	0.319949163121771
51295	11.0480317451584	0.52325622116112
1264	8.31683272136358	0.14043216982309
84337	11.3344921226928	0.383403171630565
54	8.50081981961671	0.379918628147333
199692	9.72287768972619	0.289919873391407
664709	9.24512672848812	0.172500100396106
401898	8.44287481581252	0.140475180757484
55552	9.36677202431199	0.244249305334807
126068	9.03236653127314	0.251183072872696
126069	8.45840590209075	0.23154019841302
126070	9.888365860126	0.704187724309504
90594	8.60183224979083	0.524607728386829
7620	9.07068866433715	0.784181830444584
90592	9.63632901361522	0.287704762341516
284390	8.55901190510636	0.315349599844097
163059	8.99177931618878	0.384794712657257
729747	8.40971270892478	0.254711034997477
284391	8.62969820713546	0.729096415665357
388507	8.46943870887877	0.603446061451579
100529855	8.23820066561242	0.118937963111981
90589	8.3092318413437	0.210323583382885
7695	9.40906764071929	0.334464449380264
51710	9.36886477884043	0.270933941597405
147837	8.64309805750684	0.325671367859174
79973	8.55270917339242	0.24786284882533
105372277	8.40475441871172	0.13773812538319
90576	9.10205128429411	0.210758222240918
10224	9.12644199974073	0.261771022608527
163051	8.9406256971565	0.356862709790359
163050	9.57606859241764	0.410130986626689
57474	9.48320688589861	0.480486079067336
163049	10.0052766931691	0.394362527369895
4125	11.4533475037583	0.485644591563319
84292	9.48259634090164	0.278878472264593
51398	11.0948792658139	0.527735800397985
1725	11.1866817597646	0.464970716772275
84261	9.58842822209272	0.241244522784008
30000	12.1967884400304	0.487456681747219
79002	12.8308275705273	0.49843742938447
439	12.3995164208072	0.571843178337637
54831	8.32519931737901	0.0725531622388673
29911	11.1511708910852	0.844861615820165
3726	13.1699424469457	1.18153471753153
7001	12.7738415353295	0.97921546271343
10535	11.4469160837221	0.407540863076044
83546	8.61590179877958	0.298075582151723
22983	9.1628979086013	0.591719375571263
1777	11.5194560044264	0.457849863190218
2639	10.3449346859752	0.37837132709908
256126	8.80031399220855	0.204077573717784
2193	12.5327433223182	0.51740540087175
811	16.2401518316332	0.257994543324887
5886	12.5292148309379	0.48081437309435
90480	11.7553748119596	0.389665302957728
4784	11.0192302900532	1.15813123873608
4066	8.42176571986064	0.250707560484725
55621	11.0863691553258	0.409408481225399
112939	13.1685286933588	0.347432818650538
8677	11.3798788323959	0.685969321228465
9592	13.1966945402788	0.77439966571209
773	8.94345629604799	0.92137656353557
81576	10.1344042381886	0.377771477023084
84245	9.96854125094957	0.281355238833377
28974	12.037091539012	0.27327692010772
65249	10.1395458734581	0.384153174992885
284454	9.47827259599436	0.51913037520779
407010	8.29547265831267	0.107656065030014
342977	8.43753560087193	0.157698586473599
79173	8.90689834423159	0.221497061318707
54862	11.4249342499866	0.396346474833888
79883	8.85288314383966	0.51749497607119
90379	10.8774535323918	0.330715646591767
5989	10.2672147940712	0.165358634877105
9466	9.87754572221086	1.05561676788652
342979	8.92325394533471	0.413079494243377
113230	9.19814847390047	0.717322487148424
90378	10.8172355303072	0.306661544403029
5566	12.0839960464061	0.415275198669534
55723	11.5870611548349	0.411265218984918
100507373	8.83425182579055	0.137459351752765
22859	11.2325726368087	1.19688581144897
976	12.1915355505646	0.64649219418565
10212	12.0187433524751	0.421325004476982
5585	12.6194488537811	0.725605976134401
5731	8.48298198717506	0.107774606898393
10755	13.2323038202067	0.544687106120784
3337	13.5906383709637	0.390599623072365
9524	12.3989064246135	0.481138856629281
4713	11.6639714346367	0.227510781734556
84449	9.0837958923692	0.286332844592693
30817	8.68287344762435	0.459986903604439
85360	9.41890864969506	1.06002948783286
10994	11.2639340261073	0.428453904422892
4854	10.1750494650964	1.3601930433771
79852	8.40872941055225	0.284641712793743
23476	12.7792641498727	0.353153779339119
10270	10.9243165856418	0.398296719432609
26993	11.3895268826694	0.386803374257952
58525	11.5739052628109	0.435299225553554
126410	8.33435786661104	0.27228366245124
4051	9.73617773646918	1.05702488282635
66002	9.1436898688803	0.848258280960948
26539	8.3052827662928	0.183244433702411
652995	11.8477008308749	2.1440286605666
102724279	8.30755273889397	0.346145069788773
8529	8.36592537744138	0.33882296691244
57834	9.25219297564918	1.03914602989305
7171	13.3413071055556	1.15845841788472
4218	11.9858075216346	0.289868191801937
84941	9.61194287365697	0.954471796288733
117286	8.30426100386569	0.141873730012964
26017	11.6728269195306	0.279179823168803
8907	11.1419617261736	0.508868836687956
10365	10.6614170499814	0.858897020638897
58513	10.890161055738	0.474773904361584
84167	9.31879016726168	0.327307754478275
10523	11.5477103781831	0.323403694005872
79939	11.6983378341819	0.368533435469596
9441	9.95547365836692	0.256255416533781
79086	11.4700926399439	0.356520746800683
79041	9.56652322113028	0.419570233239565
284434	8.48403212331148	0.342539813065865
23309	11.0954188148822	0.335057291529274
9002	8.28750882266643	0.225154834831569
27151	8.88300326160976	0.888570462044763
93323	10.1934944437719	0.3137708843633
4650	12.0367951405511	0.391566371146326
55850	10.0409158952441	0.405320180970895
79629	9.7267696866194	0.468489583854155
2063	12.2735010158492	0.520779247732051
29086	11.7168155199185	0.335306828711297
126549	8.51877205727232	0.179686702884141
79575	10.5215643952739	0.642536313480249
64981	10.7855726266166	0.622493525591962
79016	11.7628998630294	0.476915333578562
57719	10.1886839008149	0.518794961421948
84705	10.3078975083312	0.447284311308962
105372343	8.25971852704613	0.131027102634331
684	11.0777089566935	1.90869168047275
105221694	9.01878563196995	0.742685132442316
93343	10.7197032401553	0.392353220363605
100130519	8.52930544209966	0.262480388240321
376497	9.64735049210777	0.73568591508105
25796	11.1504209229383	0.398872256547563
199786	8.29907153781446	0.0996604208661426
79709	12.6912528401682	0.585995236314829
23025	9.5280916098578	1.93645797357093
55201	11.1371547795497	0.417739858348144
23149	8.65961206595687	0.38363947204183
10331	11.7491495224335	1.98273982187283
3640	8.36476922638708	0.0869434430371835
3718	8.66120089792881	0.250357463048388
6142	15.0026724517731	0.361957355711367
26780	8.41432254785022	0.104270308818909
6528	8.40208607753818	0.304323878007004
115098	12.0253490971294	0.29838459183678
3780	8.44649768950725	0.19746851116665
27106	10.0603610295597	0.316575276019086
3594	8.34187209151848	0.214754190695285
23031	9.85408671965435	0.472633971756462
5296	11.6201158208289	0.628275872738031
10437	10.9954058274559	1.02211626449695
84769	10.2353500681564	0.440578806377331
5864	9.0312763018096	0.627941711844109
5143	8.49784457575371	0.12889093512399
729966	8.64460802213157	0.690713676932029
80726	8.52599323465018	0.160202480533344
3727	12.1707445195314	0.581646423190378
100422833	8.32054761362259	0.102298228304499
25804	12.6638997993025	0.369845218098329
54858	10.8551242791466	0.701088085713768
9518	11.8928136738284	2.32274469451705
100422943	8.36565376224509	0.215354301074679
170463	11.0360141488125	0.555320720978279
51477	10.7074402901463	1.12969219394351
8178	10.6506555491774	0.289128483014258
23770	13.2389482090588	0.243927543225219
79036	11.5659203601575	0.325686000627128
7311	14.1764770475318	0.388706716200983
55049	10.1341130334188	0.475504288871393
9244	8.79078730567556	0.834685895330884
25789	8.63107623749664	0.643943032801627
55295	9.913179519952	0.342238941835939
23373	10.1818465515931	0.498917522398212
1311	8.26185552855831	0.111095290214897
5976	12.9563609742404	0.38037754850913
10715	8.55924083961455	0.404064000161635
11316	12.2460307089642	0.57350651087392
54555	11.0402036954059	0.457089532932953
9454	10.9453471142788	0.868716098782767
10147	11.4645428924295	0.546189112410338
93436	11.0055468353888	0.325973283096726
284439	9.44545444663492	0.344143693103695
54929	10.5424318837438	0.469118096274517
4207	8.33984752369341	0.0898830322240197
729991	9.34229441064248	0.160466674203848
8625	11.2535868890715	0.273191943549113
126382	9.98128290538462	0.196072019062081
1463	8.33580548126581	0.112789314166507
53345	8.29137541854791	0.191318770016314
57794	10.5394695648533	0.23705554076537
23383	11.0549377977419	0.358938655185135
54815	12.4506434450382	0.340995752676611
83983	8.8368371100372	0.161368172705201
51079	12.7421081073877	0.398373551175203
374887	9.04050352797286	0.284641544575897
148113	8.62021167103918	0.351310054224036
80714	8.93004121978151	0.328949094061496
9170	10.0044211414254	0.491034135376212
51291	10.5579414691757	0.300901014511101
57130	11.5958513432308	0.546899835769112
94039	9.8148989046475	0.219804910923048
7561	9.15105429348156	0.24817874526507
284440	8.55484717138651	0.231946400281574
440515	9.03651542000957	0.565833001684463
56242	9.2628528906032	0.606369441579104
81931	8.65003479384138	0.543938808855149
91120	8.42939001674269	0.32661324425834
7643	8.41644228775515	0.372303461098003
90649	8.54950724715529	0.614080761203682
102724436	8.54338906166629	0.435391350824231
664701	8.57785133038719	0.479994556737653
100129842	8.89422557712948	0.659709893183427
199777	8.4573417460176	0.472089460642907
80264	9.51840839571604	0.580158612574498
148206	9.94960297559642	0.717708314303759
170959	9.77238456269269	0.467442804328997
7562	9.32948754491201	0.308056576308114
148203	9.234853370629	0.520245533791404
284443	8.96457227831178	0.441037451404644
400680	8.27261968012601	0.25239943255408
353088	8.96695806281189	0.588955711888208
163227	8.32897590351817	0.114197232751982
7594	8.44746990913308	0.416406927375569
440519	8.60819392317634	0.196523505762742
100132815	9.19999898427706	0.478622221431392
7644	9.77835147737879	0.733374063458853
104472717	8.64705622998562	0.609249972458304
171392	9.51297384219824	0.594101795544005
148213	9.0842399885313	0.566676133558928
388524	10.9386015428721	0.648884872656934
101929206	8.66834517187969	0.372751656745482
730087	8.52435653503275	0.319324217401448
9534	9.88189867425107	0.452226038787352
148189	9.38169014497988	0.296237662120543
101927151	9.37825429508533	0.240484079660337
102724908	8.35768143147205	0.278489046509653
7386	12.5696332106019	0.281504223685251
10775	11.0455347942156	0.256516354072073
79156	9.63249415603876	0.672370482730973
83636	10.4880524702034	0.601187070948868
898	10.1412931677413	0.911364984027224
8725	11.8821727986026	0.360161989542712
57616	8.69650875307983	0.84669376039888
105372487	8.28349166961557	0.199671895424565
22847	11.103539235664	0.203461437774146
400684	8.68071552383576	0.167362304597796
147991	10.2217868173132	0.343255851874433
9141	11.7730341061976	0.426181834791502
84079	11.7255372493754	0.253963974596433
390916	11.0530523020187	0.449827903732546
388531	8.70069781868288	0.253138658673126
91646	8.32386710886617	0.104261518729574
84902	10.1751573412699	0.385965788416982
91442	9.59235283196101	0.427951922797692
85415	11.8370709000017	0.976354266969225
55094	10.1956097918655	0.275720860779298
126248	8.60002340578286	0.170257784774381
4037	9.5491824524924	1.10842526254249
56301	8.2890978921632	0.274901396943696
1050	9.20762538073139	0.849971101506117
80054	8.61687585603194	0.352024116205308
1054	11.5895734246276	0.485645553256874
5184	11.8181997007935	0.856456792885816
64377	8.41112318757727	0.459901301830876
79047	9.9911882482407	0.978446726763833
26065	9.26840331758416	0.556308378758706
9710	9.91530257457732	0.258532156244709
2821	13.9344381988422	0.544772671099035
84306	10.0864300626674	0.320853376932179
10054	12.8759320987511	0.387278266619723
126374	9.95738580657819	0.961142460544971
643719	8.35620206345169	0.104581716035979
284402	8.55953943658892	0.0926403638591162
55900	10.1227725481552	0.270308700837431
339318	9.66264473127692	0.217974438734932
148103	8.81370315073064	0.193557795167881
400685	8.31311285153541	0.215005318191678
90075	9.07285504611749	0.246257916668087
126375	9.20815947874673	0.406700919289486
57655	11.2672653605334	0.565722102970754
6324	8.70579759367915	0.473194479403463
3249	8.43104720194669	0.655261810724891
5349	10.9207534600723	2.37353121659307
163175	8.47442662891278	0.439125181424488
5348	8.56053229721719	0.467208805016212
53822	8.50607621244315	0.573115718243511
53827	12.0107387670968	1.85366703206198
51599	12.7852335331307	1.76561075346284
7392	12.3704869803126	0.222885698806116
933	9.05599840565915	0.932533168357146
93099	10.8007492843892	1.55562510091092
374897	8.37118031417261	0.163393029090362
26330	8.92305173375312	0.231695254068366
100506469	8.95793211498935	0.170026760987645
10430	11.7330340541111	0.350348660371849
495	8.31619353035385	0.130362856368969
23354	10.6587097772346	0.518922662895015
79171	12.6174274301808	0.315233885781204
2116	8.73127742473576	0.116778654590361
1340	12.7770584560416	0.279326399986963
11045	8.40266685262621	0.204564030635798
100862728	8.27237269777433	0.127070233485351
27033	8.78074696917115	0.695408374180964
9757	12.1513508127644	0.313604503168016
79713	9.20907624567256	0.203352302928407
199746	9.52386374659018	0.238670719578334
55851	11.6634045805581	0.529873924799298
55957	9.6993412538522	0.224436225816133
126393	8.53451999622273	0.147487298079578
148137	10.1838801453147	0.351012196273493
115703	9.54338191248102	0.259681849429258
4868	8.30429221787419	0.12427284194684
84063	8.7524946125557	0.629970404053487
333	9.95439690869088	1.05773917905811
84807	9.34673309240656	0.194971168241081
10870	8.44466118977994	0.102627232241711
79414	9.98065791604794	0.379515450052616
644096	9.870192747589	0.275854851522658
163183	9.18843667099034	0.854414795445968
84964	10.1957580025242	0.157652812606286
101927572	8.5793993838392	0.142974777394807
25999	8.9093667513561	0.355002697358753
199745	9.33163420293888	0.282870844109633
284403	11.1054400258159	0.371223704312884
728361	8.37985166385453	0.0688688761767553
5438	11.075669740543	0.24878686455085
1155	11.7338619867004	0.453036016638088
826	13.5513441136501	0.517997037931443
147929	8.97585353985	0.188085539502085
7705	12.4140871527022	0.487926511309949
100506930	9.08253824258971	1.01363549275145
57677	9.20590978520703	0.292956967651112
284406	8.71831550483358	0.541257903557872
84924	9.58823220244513	0.306370354393704
728752	8.92321589898617	0.226216257804569
339324	10.6064902244029	0.347933892941958
57711	9.47407733263239	0.137139902732561
101927599	8.91156819261132	0.164896942391502
84911	8.42361661517473	0.128460325298457
92283	9.19862256019945	0.26406990810685
101927621	8.59703935893903	0.143939793380698
163081	9.49059639181408	0.224747509901895
342892	9.21824612857001	0.364518936295255
728485	8.50946715429132	0.365802521201384
284408	8.55968438652807	0.401707399881138
388536	8.81696563003478	0.446353610185124
25850	8.70850435314008	0.393128151120585
374899	8.75352534197588	0.559147666193767
374900	8.76300282244996	0.591504858369368
147923	9.43359369339367	0.249902087206382
199704	9.65167527276637	0.546264474819618
92285	9.54913302731925	0.720380511786298
163087	9.24084851149214	0.168408913153237
101927667	8.34861890082722	0.228870539524313
284459	10.0258433119464	0.399985661562087
84503	9.19769291315189	0.195880675339842
148266	9.03865274552774	0.782225260809675
148268	8.75832264227731	0.569227555449124
101927720	8.33987209874033	0.244004874443848
390927	8.6326838403013	0.718590001693566
100507433	8.29649803241375	0.096802121559392
163255	8.47124717116794	0.116621608065361
51276	8.96402790074657	0.140636484600256
22835	9.4988946854323	0.629169707033527
163115	8.2717026431062	0.123645903301677
84775	9.48513374031567	0.391501608869669
126231	9.03827295138261	0.217296292223338
23094	11.7934262135923	0.572665287314634
8193	9.29309719455227	0.318434902027804
94274	8.97828321074619	1.49273284210814
10653	14.6581362268122	1.41009544577869
90522	11.1949988257027	0.763879305300695
9424	10.2642687826286	0.727461929138935
57828	8.78570164743452	0.254706625151369
5714	13.2340916244914	0.442148118715152
199720	8.58126733309236	0.108248525332977
399473	9.02263740445669	0.376492310505938
147965	10.1281870143114	0.356186787699533
6261	9.10006134873746	1.37518541058967
11184	8.46849350083085	0.204084427779172
27335	12.8169377355253	0.883557888640202
81	15.4787196110011	1.0963305193618
147968	9.09233680981045	0.619838889899663
653499	8.36459713110153	0.172760730841322
3960	8.50575914690277	0.222618224004052
1891	13.1551964997124	1.13239775987803
3191	14.2178694331915	0.25648041888841
126432	9.30167233904278	0.862155475166255
22933	11.2119282185244	0.845512766430048
4793	11.7223716812581	0.895618622360757
643669	8.38913214016591	0.132632666508919
54938	10.7220029302428	0.597547551510406
6183	11.7132504496717	0.845289131136518
115290	9.73139596832227	1.71704327583608
126433	10.157839781572	2.12990244523516
390928	9.33369858883945	1.13059516929519
10298	12.8744835235178	0.964256280210801
342897	8.5442120008337	0.318349930898209
282617	8.39819067008357	0.292089758992127
101180976	8.22036976328081	0.116305187885913
282616	8.39328493463425	0.262220883559972
282618	8.5928257578061	0.429412932047063
57622	9.3223408383517	1.14449342191107
9535	8.4083725227265	0.177374737333757
55095	13.1517743076391	1.15641689986047
54623	12.7715660655059	1.35362426042871
55588	12.1090019188095	1.29251084770626
7538	12.602960994467	1.73833426630203
64857	11.1262225569075	1.7118971037574
6217	15.8630644161339	1.23195815966754
6829	13.6373729918225	1.19405392196351
92609	12.4435311846281	1.36084221554136
10683	9.43174859391242	1.61772682327744
126272	9.25424294684505	0.59881709598152
163126	10.8798052269854	1.01212311619373
9149	10.197563335452	1.46453054895135
2091	13.525978039421	1.42261043649696
8857	8.70516344322813	0.474344460718248
5704	13.0049318227144	1.36917433298139
339327	9.19175475407641	0.873845551566079
163131	10.0992673835449	0.832313700154552
284323	10.5012826908722	1.08219349463904
4294	10.9759281823376	1.3657788691656
148014	8.50925253654567	0.341534808295073
79935	8.47106000062247	0.174840243342769
208	13.2170923117746	1.5009724603547
693226	8.38110210839174	0.271972610277429
126526	10.2791285505416	0.33138339873412
23646	12.0662497888078	0.347069232073187
57716	9.27965808515711	0.370654075754552
29950	10.3810777712581	0.383786256283776
29946	10.5445395365665	0.34646965785853
105372489	8.55382427923861	0.100322040895667
645	11.4668489316996	0.948460198558426
57731	8.8810984003515	0.591578575666875
92799	11.5823810446263	0.456987612946416
8425	10.1473355145039	0.750558199941241
9253	10.0119783969053	0.47060905956766
79934	10.4300941385276	0.295792383696717
80271	10.7370693255424	0.632450048361391
284325	9.94634310758103	0.286217618934472
6626	12.0231207142908	0.370041273948236
112398	8.56242994152178	0.101503868763258
1556	8.35608373181146	0.138764849930378
1572	8.28852336113378	0.164876127103679
105376908	8.33855184586563	0.19242222816701
29785	10.0008265834933	1.4980169488061
558	11.8390119273685	1.67363683597448
11100	13.6008414519834	0.651621233940798
90324	11.2109727892809	0.383557991086389
7040	11.5160117160747	0.591029641418756
80776	9.03064028715778	0.238355104754378
641649	8.5836787724812	0.120537789792653
56915	10.4782980182957	0.338166438703706
593	10.9187237663496	0.44311538278349
374907	8.61535760360299	0.531476656667417
55101	11.0882665427568	0.489889013994607
1087	8.59434205392541	0.65497673981714
1048	10.6205722461941	2.83066162620066
4680	11.8446469046876	4.24909806248998
1084	8.27598857762297	0.138682288915987
6223	15.0448696503587	0.665243104959799
973	8.45848780838505	0.120325309364047
9138	11.7262191527486	0.620513233965543
390937	8.61636151476252	0.159654757318233
10567	11.9307402725477	0.460099003500074
478	9.55616516031867	0.794095748805213
2901	8.49264862406116	0.144157016278864
64763	10.3481963227584	0.330297762140459
5452	8.767875474156	0.200563625484187
162989	10.9678028885428	0.453667510417131
116115	10.1706495823466	0.358461868160698
2931	11.8897620174987	0.572795314633602
2077	11.8800106122191	0.525683574407693
23152	11.9652881508224	0.588803498457305
5050	10.8560010204117	0.509691770404026
284338	8.84525726907563	0.194253554866832
284339	8.86301113725535	0.640861604945496
1954	11.5364115976405	0.874030351656052
84518	8.99621510975741	0.28985575380843
101930071	8.47812735514116	0.155408413282987
100996307	8.44192432330948	0.108202517443572
3991	9.19915750143996	0.710862129616471
284340	8.38972200750184	0.312562107869576
634	10.354833536804	1.2520507242041
5671	8.35428717085641	0.305386313034366
440533	8.48975784078271	0.577557118126916
653492	8.25988031973074	0.143138951769994
5669	8.82891907238252	1.52518101073428
5675	8.50235813584669	0.757102969285761
5676	8.27132835351941	0.242722276885481
5680	8.26057025494314	0.183320318360367
5673	8.85917966779375	1.48073290449782
5670	8.30609241432852	0.24248624231356
5672	8.9345606054526	1.3496919058973
5678	8.46242781706117	0.377578892279883
57126	8.55855276916361	0.433973453157829
83639	8.2929522248296	0.254350203585634
27076	10.078860194423	1.84530994605113
653583	10.1614496857049	0.889186029587591
23474	10.7195686837375	0.83412825927622
284346	8.74432461428516	0.159636314066334
7515	10.9861518638938	0.439173537540352
390940	8.31619966471332	0.100157703589999
126298	10.6394987302729	0.489890257965467
79177	10.1538065264398	0.25802616291847
126299	10.6353866339979	0.389966669236753
100170229	8.50948433775854	0.100649152239333
199731	10.188022194861	1.00336223236006
5329	10.5035118348385	1.10446603059119
56006	10.8732420118168	0.439129683632201
3783	11.0314638210627	1.62051931225996
284348	8.80661058542099	0.422632846792529
284349	9.17450621123183	0.170641840003701
342908	8.82220178523641	0.278271127158101
100505715	8.74283544087711	0.192123068537142
105376909	8.56847005498757	0.145873256101503
7596	10.0213770854274	0.291664889655534
7638	8.86184012155182	0.181672297383342
7711	9.13617912148804	0.237771180820115
101928063	8.51338752427445	0.096525403068775
7773	9.15741037746228	0.19358830743418
7673	9.11413524683482	0.147109069294351
7766	9.117444495577	0.221876861942749
342909	8.94356406289779	0.181484981213292
7767	9.17950498166703	0.221943068871617
100379224	8.53391998496373	0.215423618382501
7768	9.22492836245176	0.234071168777539
10780	9.61766275208964	0.21373863791307
7769	9.91749262471114	0.334013789035947
7770	10.1272475969676	0.258639220370735
353355	8.85133360094791	0.188544611033402
9310	9.11800226112298	0.179646255578342
7771	9.28125612565214	0.250923707632133
26974	8.92165038758879	0.231226521834021
7772	9.31715288051165	0.907658441785885
7733	9.69579566648967	0.21973948590105
5817	12.2272342212276	0.428946317282614
56971	8.97159490866402	0.513438755771772
388551	8.34279364894596	0.253110300933222
105372417	8.55275542278073	0.103708684036413
602	10.5374209365326	0.430414806723505
23624	10.1363043461054	1.17474399055225
4059	11.717879459467	0.953078095544054
5819	12.9812659940099	0.686183151510983
10452	12.6804461100726	0.475874243607503
348	9.3930937198981	1.84279589476701
341	9.41956898817344	0.884940782159224
1209	12.7893614113695	0.45395757096768
5971	10.2199902105906	0.662435762985252
11129	10.7820444250823	0.357047885236539
162979	9.17407976957696	0.185897466597958
79760	10.2074655688897	0.426930719640881
284352	11.5352022182693	0.468060895326267
284353	8.47991504332128	0.127879749212031
79090	9.95448564425131	0.344048051286104
388552	10.1614085734286	0.26099664105692
57787	10.9991892268308	0.457458195551288
147700	10.1949256147905	0.51059964772789
2068	10.6900755864017	0.524143368267535
10848	10.9798600997443	1.15137969898364
10849	9.72331472371827	0.332100028269252
2067	11.3341929415455	0.610811932158169
2354	11.4909478764133	2.02085742751215
6253	10.1926508677555	0.565941349644033
147699	9.15385507778891	0.154562724359281
7408	12.8207956991917	0.601872441981039
80207	11.1617988150147	0.48477329513051
24139	10.9138417928628	0.800005200806322
100287177	8.63042657787887	0.201829568611666
2696	8.81693119817445	0.221911891601825
6633	13.037834993567	0.477675965439154
54814	9.9622915466947	0.26064029788248
23403	10.3361864926341	0.273857053280022
388553	8.3819343046952	0.0823287898111884
147912	10.2788569829554	0.703107883978557
1760	11.1483999419744	0.949419737567449
1762	11.0632950851484	0.318679020995132
8189	12.1186342241985	0.365511588537195
3171	8.84838654781569	0.93735081848883
26145	11.1433222534543	0.439930248457911
339344	9.9528050692418	0.217829376270552
4858	8.67255413405587	0.677558626600753
729440	9.52931248203401	0.321407885104584
400706	8.31748382603376	0.165252933423505
147920	8.28706134826498	0.201290816831278
645553	9.70284031604018	1.24864043628163
93429	8.50028077548758	0.323669226369596
374918	8.46513524018121	0.280736114749212
64344	8.29862506467109	0.106915638213289
5536	11.8881219897192	0.420451981350683
83987	8.53664846284379	0.796845106974504
55228	8.65122667554038	0.855198754111311
100506012	8.51773269645532	0.105418665440016
808	14.5742296883818	0.345885579163742
147906	8.41686103204328	0.200848520999794
25865	11.4659190426182	0.41947761277258
29888	12.6078968090927	0.409370681076866
79147	10.487220532887	0.36707386042318
6510	13.6973430934699	0.843696644183358
1175	12.3552585712637	0.462673856309228
2909	13.1487597585228	0.437166223500571
4861	8.88345554207866	0.32152847215684
54958	10.6052121480256	0.357384942253959
23211	11.8341926532774	0.19238396990139
10055	13.1401856512998	0.462745272427679
27113	9.62513759013422	0.606178843593596
26093	10.5192321120826	0.391897984747125
255783	9.97699665126682	0.369193265572084
728	8.66211137057044	0.354342281472048
27202	8.26027706545686	0.141285048281825
9704	10.9835181633259	0.390435038200337
56917	8.92988952491892	0.611435776062079
6543	8.52032964722628	0.321195522703945
11133	10.2929005621605	0.409193239430522
100505681	8.76695686406814	0.241678620470301
8775	11.8024453100738	0.24253660174732
29998	10.5447090685219	0.29861247708225
30846	11.4373572834387	1.40832832724332
29997	13.1441887943669	0.515663530000724
692091	8.70912923478738	0.203230664150321
6415	11.2809925570219	0.71162512399006
8605	8.93552085628023	0.336785438700661
3978	11.2922563041093	0.612172109899648
374920	10.5395016877078	0.536930730063346
22900	10.3110973460982	0.244476108320212
100505812	8.8639465493556	0.257700168055793
163071	9.14755227499987	0.539882190018038
93233	8.71623746848799	0.254380097481292
2014	10.8089665648243	1.57784225693444
55260	9.43509355880333	0.177596781156955
23546	8.35848303314563	0.147745811938495
10945	13.1161386470666	0.543566088861178
2906	9.93352348446876	1.0972659744781
83743	11.629251545061	0.362026401219044
3770	9.27905211801406	0.140771328776337
9266	11.7600528217599	0.425934018648029
114783	10.2726506943059	0.935974306922504
6820	9.91324156020553	1.26807787962023
54854	9.26249780538685	0.965439648803792
171169	8.37126838475119	0.146969725255349
6141	14.4645835195434	0.587160868938145
56848	10.4952216522976	0.368940837716126
1628	9.89397245997803	0.650902075656546
770	10.0443732788159	1.03766068830756
653677	8.34025394313022	0.133218293203556
126147	8.43845671501492	0.21557374626361
2524	9.32127093217678	0.982903878618166
284358	8.84008002030471	0.221027376692415
54922	8.60778474602631	0.173891535036455
284359	8.41578731536208	0.187180164785028
2523	9.48827061501412	0.804608826921317
26291	8.41327591620482	0.298724973957073
587	10.9690486004105	0.616021068198063
51171	8.86685233810512	0.711779076604734
57664	10.0957264682931	1.37580417238191
23645	12.5439979929459	1.10484420823881
4924	12.6326658412766	0.369492168409098
27294	8.63428649590168	0.253477807520752
581	12.2368212680851	0.421939246024619
2512	15.8785036102465	1.03795353487305
2997	11.32109892863	0.727808619842147
10856	12.3106210350986	0.506601843175437
3972	8.45151005303501	0.0918428761690032
101059948	8.43868565639007	0.0988870427178558
93659	8.37211697402317	0.175407797075163
94115	8.38744641359849	0.144152467609882
94027	8.57648614959419	0.338567548805513
105376902	8.33749394183823	0.134143015812741
4909	8.78323487095081	0.54617028980151
6625	13.078401055702	0.347802587215704
64130	9.27406454845073	0.184975808594843
55150	8.70142808332894	0.141915217372016
8541	10.6747293800718	0.512074320656671
3270	8.38180683580777	0.100771357919611
54795	10.400796980159	0.993821814739664
28968	8.44521264275054	0.302111674490281
951	8.5746607478441	0.404201945136603
8463	9.72884511764843	1.11982444382426
27120	8.41087521438648	0.264999407540749
101928295	8.55053606403088	0.303356412958299
147872	8.29008495816615	0.1372333864579
100507003	8.32265748739877	0.161488746583567
57030	8.42980177619612	0.204431183565972
55011	11.4066595193247	0.485134865697417
126133	11.1459618350378	0.391885378261872
2323	8.94458684663193	0.330674425829946
23521	16.2807085705833	0.427096753990943
26819	8.6179337535181	0.11138506918207
26816	8.53666365447026	0.130905903308
6205	15.1159719512498	0.46116002785876
84546	8.48193939252961	0.0624637633966625
2217	9.87818690973658	0.872975903200125
57333	8.67522881533679	0.402605491389656
51070	11.4302882833455	0.370358709541574
5639	9.83982727536258	0.644793676927143
57479	11.8076354743497	0.435972204528387
6237	10.8873930721649	0.859107486368625
58506	12.8535664122098	0.411307037019974
3661	11.7786894432886	0.440947525380516
83596	11.2926686194493	0.847557012711886
3276	13.2711859870673	0.519524836407258
199800	8.88643975781614	0.208431707934856
126129	8.66965636299502	0.358437110619511
160	12.3785518293929	0.399171710009221
80199	10.0223164634394	0.611908696439344
81857	11.7163861257452	0.402493914774381
53635	11.705242938204	0.26446502793356
101928378	9.23509874062526	0.167593319456107
11284	10.9600698957133	0.555386722472942
84335	12.230947439679	0.461982708651874
79735	10.9439322972141	0.235749124498852
100616314	8.2551551437681	0.131479290517473
259307	8.50000037139699	0.119280070472522
23636	12.1251707138708	0.308464194075475
22809	11.2932269205105	0.594916908804428
400709	8.37940979881847	0.0945646969466862
51231	10.8120134237223	0.30464700077743
25888	10.209277953506	0.326755247669644
79784	12.4849853734504	1.90089539879014
3748	9.9101270902711	0.909141687551717
256236	8.35150989471089	0.128741952223452
9476	8.59803462268711	0.179174280497363
7376	11.9246012424679	0.410497299539467
5424	11.5758966682332	0.49688956333786
6689	8.31546757004463	0.128323678107464
112703	8.77862763206452	0.242229611991517
284361	12.4460521729681	0.761817484893497
126119	10.7357755840983	0.521002508967413
554235	8.49575047273246	0.117348039574241
94030	8.50475705843983	0.260706743566626
84258	8.27291325601353	0.111843459319256
342918	8.30896327908424	0.146582573635665
93650	8.43637735508725	0.106266283085151
84798	11.6665804640842	0.721780781663997
692203	8.73451194775513	0.200092524405099
3816	8.59030492537678	0.404579266686604
55554	8.29037292833101	0.209060019891906
3817	8.23516177341617	0.171141763006846
606293	8.30428762646418	0.131594839189977
9622	8.30610607799485	0.306255579726147
25818	8.52084774766042	0.46922684097307
5653	11.5665448714623	2.29267737038291
5650	8.80604998349139	0.886688653538079
11202	9.20590603700211	0.789898976998457
284366	8.41912670552067	0.265624483843412
5655	10.8954462364051	2.05936636488055
11012	8.96479366527554	0.75633513970481
43849	8.69557410144257	1.06438109119388
43847	8.39214302050857	0.0691097789837836
90353	9.84753125698625	0.244109046013714
402665	8.39433608648171	0.149801013055859
147645	9.31869509167998	0.696449211202551
2109	11.4960873784701	1.31060052815756
125875	8.59781839315785	0.277968824185845
89790	8.47527638955387	0.211541678558639
946	8.73065058217045	1.47784406123362
7728	9.63200517437152	0.783471893264248
729975	8.49498810755832	0.198774927493015
8778	8.24295679757637	0.171874817162401
102238594	8.42782212478004	0.182568941860558
147650	9.07318830337502	0.372716164130101
84765	9.0544973941198	0.28164767931095
65251	9.29189963625189	0.376579785822578
79898	9.23633970337591	0.174021786567021
101669766	8.33450885780043	0.0848255946001024
59348	9.0967534137434	0.284080359825223
284370	9.48696106284214	0.204383081207421
80110	9.92099640170732	0.340029249763911
9668	9.38702874382761	0.223593207632944
284371	9.6922774103522	0.286150478310932
90317	9.44120084747498	0.275709564543764
162962	8.97589220352476	0.206572926837936
5518	13.2203876483687	0.553084927285399
90321	10.0476271679103	0.210728474329381
147657	10.2386135147748	0.420031818524871
162963	8.45683703746211	0.301984158025818
400713	8.67489281668858	0.394797835307237
102724105	8.56437795704189	0.313603838012503
84436	8.94804567117487	0.566467944675178
388558	9.36902455397067	0.278721838802829
55762	9.38148408317844	0.483875337010867
7696	8.83867180831347	0.336984655937151
55769	10.0930862069015	0.63991318207881
81856	9.66151265716016	0.38288032911039
162966	9.32376825861838	0.492722202036803
7576	9.77713417915941	0.601224347938817
90333	10.0977206959822	0.599835383303365
162967	9.453015332593	0.786295797808231
388559	9.35382321275168	0.402044030477237
125893	9.06035087855248	0.232430407278735
79986	8.75433670663523	0.71349404835295
90338	9.98030179456055	0.433149726784163
55786	8.34359777185948	0.209178979901407
84671	9.14980683908134	0.759495848014428
79788	8.44500050189909	0.413369278868571
390963	8.68044830128691	0.635770607936096
342926	8.33006337285934	0.360032176059961
91664	9.87733747435822	0.276560800148425
170958	9.4885633371851	0.746130247887206
91661	9.79340965254075	0.246353469354825
388561	9.97294435456844	0.359894231074153
147804	9.54494805609445	0.403402951787347
126017	8.83687003795452	0.522816960571335
55422	9.33279972031918	0.67903020818131
91663	12.3874139142058	0.979500129065385
5582	8.69314281342147	0.496590407405066
59284	8.71220892718397	0.917829611724736
59283	9.29971176437401	1.23901586114429
59285	9.47838299025184	1.06532372744879
126014	8.36983291528953	0.16734365452918
4696	8.40733682494161	0.0745413563873583
26121	8.56976217351027	0.2029488066825
4849	9.71582581919479	0.337964290464001
79165	8.32563415774569	0.341797633840604
147798	8.62916748262807	0.469819094245702
79143	9.57444083208064	0.525134455978681
79042	8.39598545337987	0.219706711263092
6203	8.98938727592792	0.926765331078533
114823	8.35088700551428	0.166226766785622
54869	10.2209604384897	1.26335275687969
54776	11.5566313904088	0.286276945347789
7138	10.8190288040447	1.38849753557843
7137	8.71196207756721	0.413130654333312
352909	9.31244933886538	0.502557658978823
6861	8.62128926409762	0.436886161235019
102724352	8.28772717065898	0.138726610262995
5794	10.380746252643	0.720247058317042
255043	9.236035155284	0.246782455666699
22870	13.1121540446686	0.45202568576537
23640	11.7433453905071	0.357793584486729
84446	9.22788334946206	0.858368890579623
284417	8.37084296579076	0.213099566845496
84787	10.2739958021965	0.160191374521614
125965	8.94349136139533	0.608924579554477
3589	8.88295962051237	0.34838907612016
147744	8.46347440723341	0.119487828003135
388564	10.0839562254287	0.613211240265166
6158	15.0078800926216	0.367854126168351
27338	14.1551651034969	0.562872845636463
729956	8.32441382744467	0.0839210618368093
79763	11.474723628546	0.518676509418119
89887	10.2326230064733	0.45802272299193
57106	10.6314690433121	0.804170086584767
284297	8.65536239873639	0.485554225601153
646643	8.39474987580156	0.390475936533384
100130827	9.09524584141246	0.288328682855297
163033	10.9078901435369	0.413150755356198
84922	10.3993771605826	0.327186854699247
147807	10.0076257116451	0.226847998229399
100507290	10.9334687374062	0.282680317101214
147808	9.59738061207824	0.208924471957517
51157	10.5178796262247	0.35346581553333
51545	10.1492517476779	0.256959820259246
29903	9.64496545699868	0.969846884666428
11338	14.143343717954	0.436627973937866
29924	13.1831145071996	0.566936504916271
204801	8.3451972207867	0.137346490743486
126208	11.7767943874461	0.425626943420932
55311	10.8178356334037	0.416439006844096
79149	9.21208479967324	0.147623612730002
100506374	8.41803734736292	0.0933414067664406
147947	8.35309162192572	0.328402151101309
147948	8.36163573491648	0.262198378718721
386758	8.32328464840919	0.142526456602436
147949	8.82177236292719	0.464529972986602
57573	8.3418533583691	0.402023145211167
140612	8.38367021204535	0.430876872998323
388566	8.70359980340097	0.706903624159652
58491	9.09634642078717	0.761757987325867
147670	8.27904639356485	0.109495026554829
9422	10.5795567934622	0.316716687037239
6795	8.50769218427504	0.0720249796597531
390980	9.81628304859466	0.226568892825909
105372476	8.4552861260025	0.132152959263282
10794	9.24913083514368	0.180456652768585
125919	9.52081697658071	0.160943635119846
57343	9.85582706146035	0.302910129506006
284306	8.75354306903456	0.0983574563626802
10597	9.37766242564186	0.199805705447857
147694	9.70579101597965	0.182251745893554
7565	9.26490059854037	0.215297343036269
388567	9.75326743126651	0.199570197622835
57191	8.3920607198868	0.109182874115768
400720	9.8237023819827	0.400649609147804
79744	9.57060498317981	0.155921405735265
374928	9.45816715215144	0.121966319815049
256051	9.23115752838016	0.44817470619248
162972	9.68034686754055	0.17562801479266
55659	9.41190629759766	0.126127894090918
284307	8.31970260911564	0.173082314836958
348327	9.41355535808136	0.247746569264276
7693	10.0535857027952	0.328592976470161
10520	9.73192635545228	0.35712315725749
201516	8.41923039090627	0.402079487377666
90233	9.83397320110606	0.152269177512917
7710	8.51127817267299	0.0802402482118568
79891	8.48893686747965	0.373088455443746
284309	10.1287687696835	0.216594647291769
54807	9.28508906929163	0.360185687661967
79818	9.50788150615241	0.333685920317846
100293516	9.57170502507537	0.261789709180544
84914	10.5202419685225	0.21226110202894
730051	9.07589333388228	0.318999194596224
147687	9.61761328882403	0.243152320440344
147686	8.38036682842639	0.261584051329212
10172	8.74029185395008	0.53915651311659
147685	8.38442403868643	0.120510554673291
80095	9.36869179421212	0.321683445775559
100128398	8.5479271818035	0.214966654534906
7694	8.28941603677397	0.255108211341678
65982	8.76738207785108	0.826396926774787
79673	9.66244024255993	0.640672621700919
10782	10.4503004505573	0.376900634873639
27300	10.3720780606677	0.490174504799752
7554	9.51744249664766	0.175961987749645
342945	9.4399973952108	0.121915972857339
1	8.58775557026871	0.547881406031495
503538	8.30062646507819	0.17422675959848
162968	8.82395918707591	0.271436583654815
105372483	8.48340925017071	0.0887678513039377
116412	8.98006822454938	0.227113516578854
100616168	8.3510097965955	0.0725943242498398
6193	14.6991851088095	0.239674391980594
646862	8.49321424062952	0.230988068009532
201514	10.0685903204956	0.369341311724839
388569	9.34794665520086	0.167008309777798
7691	8.78513690779244	0.257940035670501
25799	9.66755632299975	0.141472924753561
55663	9.71654765169144	0.315002422599961
10998	9.13638339416983	0.428880289762514
84878	10.3066640529269	0.286531177708384
10155	14.0543889578159	0.371161162524547
27243	12.2928073464403	0.328021854482026
9040	12.66917406117	0.449367531330843
100131691	8.67240533265581	0.0602687290655625
7593	9.77448375740449	0.258981238523442
65996	10.812693104028	0.408083284782875
642273	9.96338633076152	1.11203274950417
26751	11.1763448588085	1.03777627132046
52	12.1549239174832	0.307228814159974
129787	10.5049974499752	0.332399700988953
7837	8.76794191431441	0.482832248142012
23040	8.40334510098044	0.477946665784679
7260	10.6511952868758	0.248242006026173
51112	10.2460751904355	0.149116940170556
55256	10.853953927753	0.450168716684162
246243	11.1192558168307	0.26888262036369
100506054	9.7914805283275	0.319585832933221
6201	14.2552813982386	0.348114899788147
78989	8.37529102607749	0.17702641547521
105373395	8.29822407628168	0.327729895400715
105373397	8.23096905296036	0.159170183825847
6664	8.2954519267989	0.102642612590199
400940	8.22055131362093	0.130707093736465
104326052	8.24945216184491	0.126457112000307
129607	9.74571190777606	1.35020254050574
91543	9.96932919682404	1.60691450762864
386597	8.34346621896962	0.279636006622892
9781	9.59301601985899	0.701095986302183
339789	8.22838992135605	0.137968979982453
101929567	8.46276349978645	0.500995092555815
100506299	8.47914760523614	0.108585972584775
3398	9.90552916092395	1.22915825213764
57498	11.7054801486311	0.399170611798328
129642	11.5683457944981	0.633823299873552
8853	12.0181116211549	0.446360172375568
9270	11.4464810210392	0.257027803205817
51692	11.3286785922726	0.36463681409805
285148	10.168687526481	0.316335191942387
6868	11.6546736083673	0.393179885447317
101929643	8.37288236935685	0.169891060395609
10971	14.2515809404745	0.560903441341935
9014	10.0788973648524	0.407468774642619
29841	9.76204553311383	0.704934860965238
8462	9.86516739715666	0.727914097324674
192668	8.70876701439859	0.794343252682454
6241	13.1923754010469	0.636057976086008
348738	8.59851814063048	0.210041721527052
3241	11.6967970464303	0.879924119888229
4953	12.9608192399054	0.859095664774398
100302743	8.28821434746315	0.0893431457379773
101929715	8.57869707737859	0.18455662546171
79954	11.3346098278594	0.311485908725828
245973	8.77092247453172	0.116841192553631
10130	13.7330878744556	0.395275400548377
3754	8.99426672057222	1.13273622719434
285150	8.24557202830384	0.108451677368543
130813	8.42061115520607	0.136821034056576
130814	9.93089573170765	0.532179718006992
9475	12.2315024763404	0.527215368802055
1876	10.5496975102113	0.238322622111592
9687	8.80155021607418	0.399419909555903
23175	11.3170455110682	0.731773743305794
28951	10.4792409641093	1.5431416986323
151354	8.89379052371558	1.16565332905056
653602	8.30521309566152	0.226753431066104
51594	10.9843249250113	0.46978681911123
1653	12.430429186989	0.387604637813995
4613	8.2932681913652	0.0966395425753519
81553	8.6828520181581	0.917406398604675
7447	8.43154890273935	0.382659000090048
79677	11.2585418150734	0.40380610288888
348654	10.4710199868498	0.299540394144837
3790	8.87540092450234	0.973967921094174
57665	9.51633367227901	0.207099164432661
130497	9.50775736724461	0.906405314946648
400946	8.25389466399229	0.104184947145813
130502	9.20758293946634	0.208702711423723
57539	9.91268166882788	0.643636833919685
101928222	8.38838240409079	0.145777002420645
4148	8.75815429682703	0.325938754628029
9741	12.9788036617782	0.488913056459035
6382	12.866406910197	0.82767228918546
23369	12.3282719077439	0.256200740395489
388	11.8712387821769	1.03373816769407
100874343	8.42249924328967	0.176063816345213
64342	9.98600673115275	0.58121342886195
60526	10.27756441348	0.381144407949047
338	8.38180137217434	0.483814624443232
114818	9.18258653564367	0.744492745583723
54454	10.462227678428	0.26699278526374
165324	10.5221045802977	0.41569793498228
80304	9.97258839503275	0.445018630158013
2281	9.06954002091283	0.518377729955967
51639	11.6961191192862	0.299680181206376
375190	8.76156884852557	0.347300862894996
9540	10.5510880440168	0.480264784488725
375189	8.57683574018155	0.157555545891063
50618	11.2816770261793	0.341969536120872
8648	10.7701404761288	0.337095479009945
391356	10.4848128946541	0.322205225324122
79172	10.826727947977	0.315777283276563
109	10.7238337326889	0.591199073011423
51277	9.24941611288699	0.22351890854309
729723	8.60272149453039	0.129339178788528
22979	8.85157856549015	0.692953596072907
1788	10.7080431813619	0.734184142888929
1838	9.84454411047185	0.520748239204398
55252	11.9608723598221	0.332334087548746
3797	10.4192381824307	0.986999430074457
10890	13.1981234256409	0.43611034018957
150946	9.04520354883031	0.603785605501497
3030	13.0288789705169	0.608093530478917
3032	12.066096050777	0.503596187532354
165082	8.62521680961035	0.224078493402521
85465	11.7131081459062	0.560058001332734
92749	8.38731028027583	0.212317255984372
9381	8.27866279992447	0.0909812306634966
339778	8.4537900486036	0.160321690978932
130106	8.27883626503652	0.154732252839172
3777	9.02848206389021	0.908234549683582
54978	11.3577197253881	0.526194897702952
1058	10.5935602348826	0.382726052474294
56896	8.71477861885311	1.02497437901658
22924	10.3829466286099	0.443695112004519
54867	12.036776002366	0.312370990832981
60509	10.6303842895912	0.497722235220194
100128731	12.1104214386856	0.380361671525012
11117	8.6898252917078	0.0925355833044804
3795	9.17350923057911	0.34366239321353
10669	9.36097751544887	0.831967329265126
84696	8.48799997766829	0.15718020287677
10113	11.5449322473067	0.433206919481186
8884	11.3580231822916	0.887467219616092
51374	11.6343851766279	0.377567594848143
790	12.1504255002518	0.676868067174527
7781	8.55763269912961	0.365098155245169
57159	8.53787294319063	0.479392453352791
7349	8.53631996226897	0.166893413349826
4358	11.0491989789641	0.354098868014034
2976	11.7415120612377	0.32342552983629
8890	10.7055574256112	0.335649552428157
9784	12.353769033227	0.364059092823067
130557	10.2175928591173	0.436749636895745
5496	13.2482394491934	0.452960720167951
2498	8.32187164185657	0.0721953901511213
29959	12.4432530251498	0.562204078591959
200634	9.77480772925633	0.864674345652781
26160	9.75629475273556	0.4547604830927
64838	8.74344506422868	0.394616452288927
2646	8.31016560919874	0.11876619813237
84226	8.78999092923943	0.161663731149988
84450	10.3741131603188	0.352938691658524
79635	9.06477508710515	0.34608436905235
11321	10.7996433209266	0.487399254259721
9913	10.8214635990342	0.286569180248198
22950	10.8119751843128	0.276892473075179
105374378	8.427458917555	0.204018607045937
9553	11.3061379596101	0.539629550521662
64080	8.95108787508828	0.330950799178373
100302650	8.44043310239138	0.153744283383246
9577	10.5752453565962	0.361531048920706
100422965	8.4197516696022	0.0899694584581009
105374382	8.31576868567767	0.104536491397535
403150	8.31553923222577	0.137281449298487
2355	11.9917565610386	1.07413515610663
151056	8.55098304586063	0.226147207528257
5500	12.974071492415	0.257594154549077
245711	8.34015308135447	0.0638835807819613
55006	9.60705771684797	0.213103428244105
23160	11.9249961911487	0.427721870950974
165186	8.31412199485028	0.133480085327962
79745	11.400312749363	1.11273373525931
51646	10.9022171337899	0.533203051302357
81606	9.62864409026069	1.659464502165
253558	10.7358899239169	0.490158036682887
92291	8.33425210881693	0.305216474040624
79623	8.79314568876097	0.87002454886642
440854	8.36148725866291	0.177865787661482
30845	8.96480189225703	0.549682698566618
7498	9.04298112126476	0.72476718744345
51072	10.9091189584886	0.502032524236832
84661	11.3941921668017	0.368357259808145
6683	10.8139656143527	0.508586095240832
55676	11.1397017222049	0.385824175753426
58484	8.47761947039182	0.108888407822247
84272	11.2751782712852	0.184763241797435
57448	12.3936010638754	0.347580121137185
55622	10.6635328721579	0.326187410239159
4052	10.0406868291616	0.940617152739289
25780	8.93914901152167	0.521718684768697
25940	11.6147784842246	0.310991473250215
51232	12.2770273222697	0.764260694244162
9637	11.0437902528111	0.833068998826519
5212	8.2309401548794	0.148133579037097
6801	11.5915970508227	0.413026412881763
54497	10.8132860027432	0.236910070963883
253635	10.2928828932419	0.273366075646177
5610	12.0288001840671	0.600769746071776
100505876	10.9493231319816	0.38551188536555
10153	11.5534830208575	0.275637581180843
55471	9.87387850294873	0.248297249760077
23683	10.9816854495114	0.332125500999581
25797	8.98821920558405	0.844867743030289
10602	11.0623181560755	1.00675736679136
151393	8.93575044762551	0.250349937801227
1545	10.5388305920069	1.54736539445438
105374860	8.66232708274652	0.267479771604056
285154	8.3694166724069	0.141518153978489
64225	11.5062297277243	0.438620228388476
92906	11.3457580014521	0.24544570700964
130589	10.0314174329547	0.859176862553152
6432	12.3254669010372	0.344417092968653
79833	10.0428091682285	0.30979978628256
90957	10.670951146854	0.433250114733797
729967	9.68386402070314	0.358454358530023
100271715	8.3842992674803	0.217279088016599
6654	11.3343577163047	0.293558607613264
8491	11.2889117967936	0.425724594560784
728730	9.29602083384647	0.272096948973128
130733	8.45343126497946	0.302562131893854
80745	9.8271676647748	0.212134376718273
6546	8.85133306928632	0.665874453478308
91461	8.722682850653	0.525465166305135
27436	12.4180514892424	0.682521080862189
9167	11.9653893057857	0.435951331769302
170850	8.92639116080341	0.553083937453955
57504	11.1109902596242	0.612270284800377
23498	8.3598012741811	0.187767643971828
105374567	8.51478900144025	0.17530724784526
678	11.9127392102542	0.904455358397749
100129726	8.36360697653643	0.117001688883334
63892	10.9451970716919	0.358592124571947
130271	9.55975774465353	0.936837223945896
728819	8.61904196561591	0.358483550985891
51626	9.70667727810425	0.247797560046213
64240	8.28076656868073	0.0992962702060627
10128	13.4865964878253	0.541746745022524
5495	11.4074048756509	0.293704787133823
6519	8.32601398303612	0.145354153332124
9581	11.350641677712	0.432038647556225
79823	9.66969121576604	0.25092323991084
6496	8.44856625288024	0.23288155709845
10736	8.92557302954017	1.02447499080522
400952	8.45019838315575	0.491482205020984
55133	10.211825165464	0.29805474422436
102724965	8.46429103183286	0.155039218298549
5581	9.86182060194434	0.348845693726589
2034	12.1558571806002	1.80596504327308
90423	9.17244468016766	0.225118196398083
23433	10.5498377369169	0.466027988871533
5281	9.53578197619015	0.113316762825671
9419	10.3005721964043	0.195045000377665
9655	10.6181163996589	0.425764534541203
100134259	8.43000229918654	0.186347663966348
90411	13.0369360919763	0.452204403529065
57217	10.8689445412222	0.903040238132173
285051	8.38193156120771	0.194412670250041
805	14.1363000418188	0.38510920065039
101927043	8.42257310044037	0.147179480694577
618	9.06163472197072	0.565745139877788
4072	12.970741197667	2.03695531863161
4436	11.9463975829776	0.442123808036044
56660	8.40367370518711	0.167714581345729
2956	12.0837916229162	0.555177164079049
80204	11.8928536880655	0.405762491640162
3344	10.7879727190212	0.249409476973759
129285	10.2547810669634	0.322469735641215
11037	8.49122013388654	0.256879553051594
9378	8.52734457317187	0.67358146293882
51130	8.69033076120561	0.064557084259365
494143	9.79827245199165	0.267007556652523
27248	11.7982519817181	0.383636981618215
100500850	8.40167118394926	0.0756852450587415
10936	8.83725485258681	0.185962394583436
23198	12.4520353772109	0.183846332230521
98	9.4716999881475	0.241027550402167
6711	14.1103195626733	0.472711606564273
400954	9.19251853667179	0.332643522162271
57142	14.0689453177493	0.445598200905529
130162	8.98434809252327	0.192640138236711
6233	14.6528889989989	0.35354579979673
4528	11.2102710926469	0.243089861452663
344405	8.68268244151364	0.177395392498695
55704	11.3105242981117	1.20635856290507
112942	10.477768733777	0.338079379375447
57223	12.3070981470836	0.223270009187602
87178	11.6437131030578	0.246209148046914
2202	10.0220910868017	2.07909545023266
100129434	8.38801263954401	0.415362316080809
114800	8.48216632226337	0.452754494319625
7444	10.3159878632202	0.245378544625861
55120	10.2478557747831	0.215566625550703
53335	8.47349031731775	0.345862292575023
64895	10.1938885760818	0.177878408337602
5966	10.5381060027914	0.477888835603573
150962	9.69078231227902	0.349719743323301
5194	11.1326297930483	0.292076877656744
84542	10.060527637441	0.288191192103755
339803	9.84454656590119	0.21909193998241
339804	9.67108041249613	0.28360181067452
130872	9.89201336035061	0.277873368631051
9736	12.5185676320773	0.35751251546711
7514	13.9777869048374	0.3377170485713
84140	9.55128757612332	0.398381308331997
10575	13.71582730176	0.398768891113191
150684	10.3054001922511	0.380620933484888
10678	10.6785478453972	0.410930064485945
200728	8.99630041959234	0.184728419452706
23301	11.3446026770842	0.261755479708035
100132215	8.42425473079486	0.0549774872503792
5013	9.35605628070193	0.375627435450702
51057	9.15771637893655	0.179452942978263
4190	12.4186364216631	0.337480663531102
7360	11.8411929938578	0.44231478508663
51542	11.1199073603164	0.316135434781802
57162	10.0635887489401	0.633040464835505
29094	10.0646624264184	0.385500939455798
101927402	8.41350552243688	0.0689562965373976
54812	11.3895417658629	0.211182606422276
9792	11.282427303724	0.532509061649947
6509	10.0177426559189	0.69617582950442
23177	9.8692926130526	0.359513292866964
5861	12.5158660987553	0.752619554231738
10097	14.3587046009478	0.486801833373317
200734	10.9557196306237	0.563890403624382
730198	8.32006529870631	0.133277093763406
4211	9.42305271018409	0.765755523943404
100873998	8.30644157783415	0.131509096691376
54465	10.2783649293468	0.287470703478174
10438	10.4172028832446	0.246169542338231
116143	10.100826088518	0.350629838846308
56902	11.3178353455549	0.355668982437919
5534	12.2564902713393	0.408948825772223
25927	8.2565602795842	0.120672791453407
554251	8.93778251194969	0.137339290921133
200558	9.04115418912819	0.210290735928267
9938	8.51609760708597	0.321684561814754
200504	8.39508371091957	0.454273403971204
56287	8.46940382371674	0.536260892269424
84168	10.717246770883	1.76912453780298
2673	12.9451791255635	0.707576692441053
27247	10.8629313943779	0.346968148661118
22848	11.708034821915	0.566526107020772
307	12.0936258495546	1.05043192560336
64395	11.0370283499129	0.227076642804612
11017	10.2947719992086	0.449264132624082
4084	10.8105308114154	0.98057131591143
151516	8.45090507375896	0.0957900091131279
400960	8.97103818310661	0.153220586279378
5093	13.7413999464277	0.184037833560173
100133985	8.84441689446612	0.251815772798247
54980	9.65165657272361	0.23725638100982
7072	11.3229020704816	0.241234832817452
51449	11.9932509319812	0.643009803494759
6637	12.5629288042366	0.400105545256961
84908	12.0290334758472	0.335306982578202
7039	10.8558341989564	1.64926411733135
119	8.83486217807257	1.11239329928086
50489	8.31257010809324	0.149054021663679
25806	9.06590013361156	0.456786596652576
525	8.80480357474068	0.507612486321943
101927750	8.43465417392478	0.173172980980608
79998	8.34295470867274	0.0909330390074389
113419	11.7210370119857	0.38663042067238
79315	8.54751483463646	0.370460331947247
55577	11.0044524396732	0.33686953297206
84693	9.30560561469969	0.201313380725773
10199	11.0805895324551	0.283207582143679
400961	9.23137989667871	0.627155468255695
27332	11.9972414103766	0.347973541398759
8291	9.5723670626861	1.4190894313144
56603	9.39697721957233	0.612366005968913
23233	11.0990294115943	0.747596313756666
6697	11.5760652523325	0.440290004612955
2016	8.44030674967544	0.207440823301761
94097	10.2018676512051	0.443292329798863
26056	11.1095128445064	0.755839457187837
10322	10.7015298225365	0.360676271312206
84279	10.1859679590844	0.221575188565928
10574	13.8436687990839	0.539363388068315
150726	10.3139294724015	0.811816162868838
1961	9.27891963548481	1.12179631843016
7840	10.4895969493895	0.429074203993665
100874291	8.61929808710656	0.186178243370378
51002	10.6049059723613	0.322099367883104
8446	10.3829425974894	0.290307398963436
388960	8.32213730244321	0.186478278109106
10617	11.544702351712	0.316163567174651
1716	11.1241716915229	0.196724007566742
100874048	8.6184682730841	0.189077865966809
200424	11.8778559071805	0.290612262626836
388962	10.2151096606216	0.539734857605153
100507171	8.89291476977049	0.613762362141557
55233	12.800683943129	0.446494520316796
10797	12.7613839168127	0.609077441758529
57835	9.80808715228418	0.351615551037276
1639	12.8330056301721	0.462431987824617
388963	8.86292915998872	0.30921790645375
84058	10.1406629409383	0.517901228049902
6242	10.9213239922854	0.515884771510737
83444	8.35761692421154	0.0872308680412444
23559	10.0666201029538	0.191545617206806
7841	11.4803032035267	0.606866479867999
116540	11.1197723069952	0.308166635522432
84865	9.98112985124782	0.264008691263969
64427	10.3075436007881	0.205376792069913
85474	8.92815686078569	0.365043406204544
151534	9.50615621856376	0.533828332236147
84759	10.1611831888004	0.117085682156073
3196	8.29175900401065	0.101159816970044
165545	8.43600934677118	0.240497858854135
550	12.1006622042741	0.425149018625789
27429	10.3973891630981	0.203222225117218
84695	8.81980392581651	0.14943763300256
1796	9.38006467034154	0.344728727143053
130951	8.35745614509687	0.398271137539987
10505	9.77255151145554	0.590039082985245
3099	11.6544576245825	0.846552244250731
102724515	8.36873209004862	0.147501295007458
56655	10.96697506253	0.455917475092824
84141	9.15324600307045	0.923179647842142
9801	11.7491598472401	0.486433709711622
6936	10.4251691993431	0.427263575278602
1496	8.45953507660688	0.502552550296808
8802	11.2708078388924	0.404723518929321
1768	8.47137682664076	0.242349682493679
129293	9.02728028844822	0.720555336723228
9168	15.2567987925559	0.698250200407564
56888	11.9717348103952	0.338137646794548
83439	9.73708790895362	1.35366517040701
10618	13.4970601360406	0.616646864693331
54884	11.3860157253523	0.633738167088181
84173	9.60586000350466	0.256185478538954
822	11.9077107949764	1.44591437170639
284948	8.62930094188768	0.290441406541594
100630918	9.03826383141596	0.182138575874452
4144	12.5374595334435	0.579074004904865
2677	11.3817713274278	0.46414969920061
8673	11.5847890599013	1.06511256102588
10791	9.49746068239913	0.93329822068093
51255	11.1940020630391	0.173263710263738
129303	9.42942577778941	0.395942015535852
10713	11.5929531742149	0.287173977715539
388969	11.0059291837378	0.319667572947091
84913	8.7723511319482	0.760951970020021
8869	9.65485292161483	1.50383294430672
101928113	8.29087596240726	0.204880520085669
90784	9.82508712199153	0.410078487358427
25885	11.820643196667	0.516227806336765
55037	11.6543295781151	0.463359648512096
692225	8.37631817218352	0.0936421929589349
10989	12.3772311441144	0.402128841916658
51318	11.1419138216047	0.364880443359385
65055	8.62871519470541	0.437107763929425
55818	10.6726440504223	0.243949390827167
51652	8.40584597028557	0.0573946486729699
100526767	8.50632161973293	0.111966489153128
7844	10.959974155857	0.458412296703568
64795	11.5926513264175	0.595050036108497
925	8.50044619042621	0.21058811979979
400966	8.32491302918283	0.178227619341698
285074	9.17028244648348	0.23005137704937
102724642	8.39495077026345	0.0719520252443773
112597	10.4710565270779	0.537570253141342
730268	8.95006361220033	0.212174147477372
5342	8.46952653894649	0.129352812527372
729857	8.62529751415845	0.293901103393202
51315	9.99803882001977	0.541178971139636
55258	8.81872809834669	0.793057614882761
9451	10.4148005059066	0.47449289349322
101928403	8.64116270420031	0.128437612857998
22934	10.6778890362073	0.459090916167827
654342	8.4478860007777	0.335308643532979
645367	8.44770643142139	0.480314053889218
4118	8.48043329199431	0.531269491295975
64969	11.6971424548845	0.270393237895685
84874	9.73581123567296	0.419555075284955
7549	9.29440188817878	0.155742166067505
105373489	8.59667818956955	0.234096458550812
150696	10.4685622714808	2.09197730105275
30818	8.87636325146151	0.84788441521363
51011	9.93671758179481	0.274817310944474
150759	8.91422241284866	0.186346366480023
400986	9.02039790655852	0.20551213029805
729234	8.65009806174115	0.137121977932425
150763	8.83687470307605	0.794180038449862
151	8.35598044924816	0.114746527489357
431705	8.30971292454266	0.123099175058135
1844	9.21766891203392	1.09270190901565
56910	12.7884472302659	0.287827009065643
285033	9.00615542365619	0.167689271059939
55654	12.1115207024956	0.302430969711371
9391	12.0057254851786	0.234024775048394
23020	14.0705217811478	0.349834076545144
150771	8.71481209054824	0.626040500933707
23397	11.4888247189557	0.414358129163003
93082	8.58786884512078	0.261085793972074
10865	9.33767677390082	0.324632646296564
55683	11.5272335538652	0.306575694691744
90342	8.45917744358521	0.124520623869894
81562	10.7438222801101	0.493335496192649
26504	10.6013709512308	0.726303651674696
26505	11.0373869173335	0.358658298081619
200539	8.79024195102092	0.215039208758826
51239	9.78643208644542	0.50079173841734
54910	10.9727951285865	0.811619200382489
105373982	8.50860464152909	0.112423991252201
51252	8.87571723614662	1.40206824889242
151313	9.61677018874514	0.341489360131855
105373983	8.30425656123602	0.103180724698954
375248	9.07403250765694	0.190815404836671
100506123	8.26767881082765	0.112675426435255
105373498	8.31959543051797	0.158211226263434
57730	8.97698760247111	0.180932559581633
1329	12.7865863924422	0.455312102728928
10120	10.9820003478408	0.524463057816854
728537	8.44043182832868	0.10873563909184
23505	11.4576573368658	0.62488031930054
200403	8.33593228336645	0.121834317305856
3631	10.6444212148434	0.418339449451169
493753	10.6370502908625	0.229805050389224
25972	10.8189012176387	0.177330150332034
11320	10.448828960964	1.67756476175368
343990	9.13085616456099	0.7673247217604
80705	9.07828265132273	0.204415012216179
150590	9.29405154591517	0.491505614578568
51601	9.24558811829377	0.134729266356153
129531	10.3793287155816	0.27922615480775
51263	11.4318941687685	0.357184420938216
254773	8.3812248588678	0.177819739772961
129530	8.54673187009265	0.129726375204363
10190	11.075643301186	0.242700586012939
9669	13.4598908688715	0.346050162710148
51455	11.0581913816039	0.192192331018442
3899	8.39571433342549	0.220966299666276
164832	9.41174638033153	1.43475605310703
9486	9.44227890549943	0.991129634372171
79031	10.8017628711096	0.421157710806981
4862	10.6117917548478	1.02413086402451
6160	14.8292943565542	0.438225220282051
11138	10.7433871513385	0.881267297236176
100506286	8.69142824087968	0.135377805882889
55571	11.8467479353094	0.285416283992331
284996	11.6004282293099	0.505230123697769
200407	9.41034310209859	1.11290247384994
731220	8.34364048155531	0.256899075196998
9448	13.4885783053733	0.717181999385415
100506328	8.2839128654995	0.123040199956047
7850	8.65509488196658	0.4455521996511
3554	9.88374208672857	1.40536436581673
8808	8.28679746247215	0.251609817766058
9173	8.97821923240162	0.963297813174193
8809	8.99511661192855	0.824031724475739
389015	8.53769424832193	0.420454320281948
6549	9.51015367866613	0.67168421136104
84804	10.9312492004845	0.738845663141037
130827	9.67125464118966	0.262378936376076
5455	8.3091093215914	0.204170001741762
64965	10.616616442918	0.324665884358397
101927492	8.36083471518767	0.165277167660545
9392	11.3794230928118	0.359917148932126
100506473	8.77335674898226	0.168448213892266
79074	10.6869338105497	0.23472548708454
2274	11.6372960409759	1.13431258656129
285000	8.22243958549074	0.141180034298459
8440	11.5455752121927	1.05607390665715
80146	11.5162002455538	0.379332408076172
653489	8.55020193197595	0.163663947184208
285190	8.55262127055252	0.151023472165027
6819	8.45790427036058	0.445086051717106
9648	11.418853092097	0.478556221814591
3987	12.3181884852697	0.777342692241611
5903	13.1257646397365	0.741662364401536
165055	9.9207796784742	0.313271641266532
10913	9.22795637633065	1.42096640458223
100287216	8.9286830933847	0.726133150170046
344558	9.55700977448541	1.26363619183554
151011	11.78068471813	0.461443003757436
65124	11.2364973037349	0.640231275577018
84220	8.6457317304976	0.329872624520813
440894	9.04049910847938	0.298655438885461
105373985	8.32634128196777	0.177733660732947
105373986	8.25938131447489	0.144911817716679
7851	10.5904828480948	0.967116921586285
4867	9.11602856338583	0.293174288662458
205251	10.6598513349912	0.572048141985804
100507334	8.26483483563971	0.19521984260045
105373551	8.35145263394107	0.247062236907078
151009	8.94792952726912	0.228447265746827
100288570	8.23788077670328	0.113148138492155
100288695	8.55335318069943	0.189293821932214
729540	8.74709250730332	0.384177450841674
699	12.2755892651784	0.347585266720636
55289	9.02886436804625	0.511550744890489
10018	10.989658107778	0.479634605731513
101927260	8.96216941336496	0.196092981184908
541471	11.0921712808282	0.627753673033887
64682	12.0573973262488	0.315757534842329
10461	9.73251327281972	0.495701549489028
84910	11.5999997621432	0.572063643642713
129804	8.65550706262527	0.353437704561276
84524	10.0087796641636	0.346808400674787
376940	9.51983028144126	0.268723222278721
727851	9.23557498742899	0.360254525912579
150465	11.2169290792297	0.734776930097571
84172	11.14571962951	0.397963359765076
84269	10.512082536519	0.315698785950632
6574	12.2193562423695	0.533838914292109
284958	8.68598267475367	0.330199647212134
150468	11.06119063846	0.450623322042682
3552	8.84463264721398	0.559726236581805
3553	8.502857074067	0.249311704902185
26525	8.90238694810008	0.853223571462892
3557	9.31460429894833	1.07528837020404
23550	10.6919537807996	1.15635529819032
7849	9.24058895896292	0.60512080607099
654433	9.92465766126437	0.86485955836201
100130100	8.50217675144285	0.331633014162471
150472	10.7730360356963	0.351868508578782
200350	8.41981396851823	0.074864656113836
375260	9.23013758891604	0.127137172515851
84771	8.72597740134377	0.281794523818648
118433	9.58012768632758	0.266896755238584
11159	9.11149035311631	0.221181034689838
80255	11.9269585288689	0.294512920169921
101060091	8.34238715259284	0.09983288157017
10096	13.5458088023663	0.313622521324997
440900	8.27102923396199	0.151224771533883
57628	8.54058817019271	0.918858924206133
389023	8.49895132010822	0.857523234599758
8886	12.5468219057764	0.291005276436818
54520	11.305260695119	0.187221654117621
51141	10.6984688218095	0.514654824427348
2019	8.47865525599616	0.297966813569655
8685	8.37168300605992	0.408431201168303
55240	10.6505820397508	1.03914440868847
130355	9.4761387810356	0.239408592385467
1622	12.5874405612131	0.537340879285346
140738	8.67114081847912	0.455203123729833
200373	8.27508562328513	0.141144297912885
80775	10.0215991285946	0.300662502814558
101927764	8.49084667018407	0.553954288631262
5775	10.553907836044	0.370037678860761
57669	11.0860045493974	0.542431745910216
79134	11.6081156908227	0.351448833141681
5899	11.9128231964997	0.659342422446627
105373989	8.72529605305533	0.590312238493671
3625	9.45440432880964	1.23978427757052
2736	9.05844229315206	0.665240900583281
29842	9.54036760426601	1.1333782185714
23332	11.4389571891439	0.621340988595856
254128	9.22278057119614	0.165347027257006
84365	10.856827878569	0.311083595336154
7247	12.3352129987604	0.341837808368694
274	11.3088588613113	0.918532232801393
339761	9.40782212143976	0.915900581723112
2071	11.4762638153967	0.317280763008518
10746	11.7864896569662	0.441147925581768
100506922	9.63217030228448	0.337071547169779
5624	8.98066137792174	0.965586711386017
55677	11.8990637958973	0.226200071383055
4648	8.66406930955893	0.89783375031009
55679	8.60085188798261	0.415389877007926
84826	9.85376003008721	0.354534864937734
55339	11.9343049506926	0.181373755205438
5433	11.6310980934957	0.325277848130003
83607	11.4437217261563	0.249477952177558
79595	11.3874859793104	0.173239129517187
56886	13.2644180870298	0.385006154066696
9394	10.8828371895126	1.13021326864359
440905	8.34494803636585	0.268031306008378
728378	8.32037241470021	0.214204718039281
91409	8.86099827404393	0.64886458256897
55627	12.1162725486691	0.281864268295276
80097	11.5148027941311	0.324011591887391
84317	10.6598056447498	0.325355993645667
92856	11.4725699303513	0.394929371272015
26469	10.7705230723679	0.387125426997904
100216479	8.65817578080771	0.720802358960277
205147	8.43465431907429	0.674707550230367
50649	9.92812345079453	0.740562289839198
130074	12.9324459121754	0.470943576747368
55041	13.1854958307478	0.345742275294346
150786	8.52918567002698	0.0630420235966956
653784	11.542375220508	0.323670019665818
113457	8.43760835565114	0.118988339844604
150776	10.1156210685281	0.239460102248203
90557	9.2105357364475	0.739141693511307
29798	8.45367421329073	0.156858697772354
2863	9.62818515787928	0.574366953598156
116372	8.70129962237623	0.503069331823264
344148	8.80978851104455	0.834366357284318
101928161	8.25698811747696	0.176605886427962
4249	11.9213281615596	0.746616711159093
81615	8.73580639378881	0.826987172832655
100129961	8.6929385296403	0.152319750067559
905	10.840001634929	0.403820419851108
22930	12.0124421799365	0.296562331889512
84083	9.79145555179946	0.218032591818246
23518	11.6304609262767	0.329205270527814
23190	13.0149940835782	0.374907247028294
4175	12.0848506112361	0.561499842605203
1615	12.0732020076922	0.290277920925339
101928243	8.52980505697179	0.106505740456944
7852	8.45095959603495	0.182550293648822
80731	8.41995644052046	0.325829329714178
3176	9.83956303283398	0.533417175230297
339745	10.7184518216167	0.514649611824197
11249	8.28292946739587	0.198473924826155
53353	8.53523529955223	0.269538365724199
8942	8.73776956329667	0.845824680255284
79712	10.1170958094387	0.275067568803559
9839	8.58834275420062	0.249411443301888
728773	8.28784437498318	0.254208941328311
92	9.82180375898031	0.551113769147576
5000	11.0243457962571	0.217455865255756
55777	9.83953207598346	0.164859851540821
26122	10.8742086467667	0.368803714105963
3800	8.44013910564335	0.280963215535523
130576	9.24933914163009	1.02564332447773
130574	9.35969414951181	0.945210788064068
27249	12.3392360980875	0.314270744869562
101929231	8.47517834723335	0.159731131983852
390	11.4579872890904	1.55350239246553
375287	9.52295569378623	0.329902382155447
9111	11.111667485669	0.634433200190319
55183	12.2229829477667	0.285250302348922
4703	8.76010893521241	0.42910967469471
26225	11.3843035325677	0.360231008769239
785	8.60717265128933	0.25119650416232
10254	10.8873770721133	0.366294916243568
114793	11.8297025458702	0.654831136149253
55660	13.1308662618695	0.25514824240378
151188	10.926168121433	0.278902324201198
56475	8.72046867672145	0.766276591262171
114805	8.72831008879845	0.931791086843402
3760	8.58788934808831	0.921224715477651
101929378	8.53599325953242	0.327192227608557
4929	10.0545084921888	1.2402268228291
2820	12.1557635646957	0.54516626069234
11227	10.5954101675249	2.0147723184041
57471	8.28862443358862	0.224120635732152
728066	8.84971331441234	0.12016572616853
9595	8.27403697922111	0.148885482593542
130399	8.73009055998379	0.560659179079483
90	10.6225122107086	0.643005166344592
130940	8.7628455569408	0.286693180996744
8502	12.3531516831522	0.334822540682987
92196	8.25784229012307	0.132902259393561
85461	11.4685336243402	0.76688333143653
151525	9.89111120102851	0.33013572133593
29994	11.1224451768257	0.574024166540195
643072	8.60233643682912	0.123519523779499
64844	12.0484264768552	0.296347652556362
4065	8.80489321606226	0.616430534992447
22925	9.0758198995569	0.573800371412179
3694	10.0672516062877	1.80699675660385
100505984	8.40059443006221	0.185604419872948
5937	11.7783370140846	0.618723125557176
10010	10.7333543391417	0.478133454530029
101929512	8.33695904248234	0.114524972528571
100996579	8.86221691001331	0.597036174856268
10213	12.5425157679054	0.364589567388432
285116	9.85727605170149	0.232459690162247
57282	8.27075073971809	0.183423464825993
1803	9.28889043443115	0.73011191800952
2191	8.31445627494762	0.161797555688882
64135	11.0750608472636	0.96098989066604
25801	10.3063573263054	0.889057752431276
90134	8.54543032996343	0.751603071977402
55137	9.2296940852832	1.0390292670875
2888	8.84981948129025	0.513414092450908
22837	10.3016800151965	1.18653703329652
101929633	8.29112232138124	0.162453472119183
151258	8.6573273941573	1.15406911442877
6328	9.10818715040847	1.57143872864918
6326	8.71368401195107	0.867537464596593
80034	8.84296199337134	0.787719684215166
2591	11.2140540577354	1.8063653551343
100506124	8.3632442350438	0.0649232662602453
79809	10.2541777026455	0.284673191759893
6335	9.10835362449637	0.795161507118331
6332	8.50295244627004	0.832434032094151
8708	8.52238847469319	0.415442247077292
27347	11.6933271879715	0.865044517721959
253782	11.7467035630729	0.654691751845689
115677	8.58850946057721	0.257575446802843
57405	8.80631389718724	0.270626217540464
8647	8.44045839578163	0.319424193856348
10170	10.1640048175863	2.24400283659447
4036	8.40237595550478	0.121500339717028
129880	9.31033935546535	0.541706498881796
10324	8.82099153164138	0.955840654021718
79675	10.5056129571251	0.438216884412105
9360	12.5266873334462	0.216798501936038
129881	8.70033370801248	0.209119025291272
493911	8.97609703705765	0.160622213631302
151230	9.08237998727269	0.216489866797556
6741	13.0146704979235	0.376223390360694
29081	11.0866259498637	0.234622829470633
130507	11.5546474563116	0.38670128403957
140469	8.40741333083764	0.22130333591219
440925	8.50507257979677	0.284951279376946
389058	8.54622737572395	0.448132888612423
285141	8.79535452488873	0.308221167057345
2571	9.34897208821656	0.601132406523521
26003	12.6383693911455	0.528128201587669
9874	11.9973848087169	0.313403507522937
79828	10.6223969736258	0.406157312337837
80067	10.5830609416123	0.290457990307326
79901	10.3423449198952	1.68000603317366
1781	12.3305796806195	0.281719015012919
8604	10.5148514786982	0.302975082580608
8520	11.9666530404993	0.248073952938873
254042	9.58794852969512	0.247203354898761
1745	8.93043369024866	0.618894736702784
1746	8.86565736999029	0.293969007548043
3655	13.4138667768805	1.30917954994969
5163	10.062898870156	0.441897806419748
11069	8.93707097096705	1.23706517764376
51776	11.700738955602	0.674500976106478
339751	8.64532800042187	0.282279875673553
83879	10.7839357540019	0.838642579135073
6670	12.0829904765651	0.39332567680303
100128905	8.31393783641087	0.34823055794042
29789	12.9112021729107	0.351753062718472
100131390	8.36837654721059	0.461888965896369
9541	10.8226309455264	0.273032915209551
79634	10.3247936524767	0.471691340100318
151556	9.20820562065895	0.627744685813709
7456	8.88137175380639	0.821063367154348
440926	11.0252531634474	0.482925618041387
1134	8.28143274163911	0.203584018204887
1123	9.59357868778148	1.00662003837831
1386	10.999777974304	0.543659552678122
518	13.085943125733	0.448423230469182
80856	11.1340177567706	0.27652475856304
3238	8.31612551245659	0.126657961695427
3237	8.23799012950198	0.14744883145493
100506783	8.25979687675894	0.224645019372131
3232	8.34810612274249	0.315019173944361
3233	8.25107720940744	0.155425441960819
401022	8.71245170917384	0.721876746650586
3231	8.32374514885937	0.250107861012842
10651	11.2331344334368	0.465273203879623
375295	8.93880197758212	0.794985097842855
102724224	8.50752999046384	0.329819806056222
105373759	8.56861434989347	0.117599604751835
220988	14.4141559138438	0.510777416346079
4780	12.4192291561608	0.645403855583414
100130691	8.77115234460967	0.182206359520132
8540	12.3827592783548	0.430187236339204
150737	9.40760390034191	0.246569074858353
92104	9.48119273585848	0.332344006727428
50940	8.99064722950184	1.07690862464923
129831	9.69669636044908	0.180692797065936
114880	9.27024856091818	0.611897686667446
101927027	9.36128995010127	0.535357336958714
8575	11.2944606371929	0.366485489908748
494513	8.66593218663323	0.215014465335695
51661	9.06236664999548	0.332431393964726
65977	10.2211643707896	0.507458058271369
100506866	8.74534775059942	0.171118815583378
7273	9.41687264249029	0.268993641559059
91404	10.4039058964503	1.09561990099225
151126	8.33354729360713	0.18336752477771
57703	11.0801789533293	0.209185762865579
10477	12.0509154792392	0.464563439267601
3676	8.38342281004909	0.161217652822735
375298	8.61556996309031	0.206583355654526
4760	8.32879972528623	0.344779748664423
6744	13.5472116669553	0.863664860222635
151242	8.86063271989885	0.462714659912561
5136	8.40380240865584	0.165182851325268
54431	12.9973737971385	0.876936398280904
10787	13.7239309043998	0.309741260559292
142679	9.12778205447166	0.203655890945153
129401	10.6237244889194	0.393761029844884
91752	8.56046570722907	0.351204560372302
401024	8.85158053236065	0.901287357538873
101927217	8.3706886538821	0.0901253190396199
55854	12.2901939469082	0.510889324781124
3685	13.0687858267943	0.779273917628893
165215	10.1620949914262	0.935776835463702
10203	9.21760642984123	1.10535060232136
7035	11.3846337379174	1.61419714177273
51454	11.3782990018406	0.887416827247582
1281	9.14683403499745	1.09080144871413
1290	10.2086248698702	2.63930777172654
84128	11.4792535726103	0.499453386824304
30061	9.81088537549928	1.16961175337673
54529	11.1685740760359	0.255140186965282
150709	8.86905753145834	0.129346059287335
64172	9.52719021813903	0.214878009720926
101409258	8.40347649598033	0.109192139944364
94101	10.8320119596009	0.457494424890288
5378	10.5149359421362	0.378307466878406
84281	8.89950270342584	0.586846676870322
26275	10.7096295391089	0.351658582558721
105373800	8.29680716874748	0.0960451303955617
3628	10.6400799978734	0.808323776264602
54842	10.7363758618699	0.805549381134218
100131211	10.1895657100802	0.307698604293975
105373801	8.82540419226892	0.19591752207447
4664	11.3151696652519	0.632500849428841
2744	12.1904784057657	0.791329725284306
6772	13.0910236672206	0.884111166157078
6775	8.64429595183044	0.310183697145702
4430	11.7285080818184	1.21122992438976
64859	10.3988942919511	0.530339059165537
8436	9.2093960443022	1.20779642977554
23671	8.27423928945214	0.0804784280115032
57181	11.9251781525944	1.10312517727513
56171	8.73751997808967	0.448426660464236
9262	10.5204297572042	0.592370796975348
57520	9.0154422287443	0.603270826423402
284992	9.17244164073857	0.176216147891467
9330	11.370127915927	0.442662003003387
80055	10.4747813142888	0.558532007592722
91526	9.08987810030945	0.419914609346926
23451	13.5969818163653	0.403978694389398
80219	11.1405183220916	0.390361288651871
3329	15.1080547118273	0.607740973785732
3336	11.7349086069729	0.434918109113441
130132	8.38930916756718	0.193414302692938
92935	10.2495730363426	0.449840760816686
66037	8.33776503964835	0.122021637948913
5334	8.61458945943784	0.63484961583115
23314	10.1430613402306	0.897414784610287
150538	8.31007404262625	0.157688191781723
348751	8.58123024872197	0.371033974506446
205327	11.0182910638891	0.242336005802797
129450	10.1052976521239	0.188054623437607
79568	10.5832178017621	0.351059767091769
26010	13.3399870759835	0.635726630315003
130535	10.1227093595031	0.241472190736837
151246	11.1725962317385	0.390163250232343
316	8.74785616400483	0.36405904458053
100507140	8.27174834051239	0.103535923365854
9689	13.8847746537206	0.449879688601288
1195	10.6658327497646	0.386066305048171
53938	10.2271291387263	0.338697992481314
60491	10.6859569533068	0.210821346289681
4999	11.1594834578368	0.32871723816452
285172	10.7797463873468	0.446037928650183
4709	11.2673981797549	0.485458498912424
8837	11.3197663352066	0.57185639112696
65072	8.36981816885695	0.173805530106297
843	9.43821535145976	0.878420996063683
841	10.7513207445985	0.761229765962679
130540	8.41166494018215	0.0820890837108936
66008	11.6764833723268	0.252556346749945
55437	10.6139403738986	0.41234134266481
65062	10.8813130976419	0.338327326498527
57679	11.2100030171751	0.400897284833417
65061	8.4842340148075	0.673262770879985
8324	10.2774713412064	1.13463121602796
7341	12.8176800539357	0.244042550189006
51602	12.4831264345712	0.356383844313464
659	12.0247134988854	0.595758311912928
150864	9.78316212761365	0.490636806015547
130026	9.15503325768884	0.41947961894377
55759	10.8544586498475	0.720465218899846
79800	9.17558578940532	0.203111467504537
65065	10.8571299183901	0.25174911595317
57404	10.4313572320601	0.374292827414549
10152	11.9045957969012	0.31157630998812
65059	10.9508305049119	0.584000509430517
1493	8.24997099452419	0.211179975971758
117583	9.06517197698432	0.376473417997768
8828	10.5212178896326	1.81241085770697
54891	10.6582330229123	0.313719104996355
100329109	9.17519703464825	0.261285626696912
4719	12.6683343043304	0.33680355248629
1933	13.7736227971196	0.40101264857654
26798	8.34051505453652	0.0841870646318839
619569	8.34383314534135	0.088235404807136
2825	9.01408473984675	0.736780842636258
57683	9.31388774277254	0.874267236341164
8745	8.89828127563547	0.983618095144835
130752	8.62761178689804	0.298772984918104
22868	10.9715470430963	0.370277865046532
130749	8.42042877675464	0.117659117850047
8609	10.1813616829142	0.936681193364614
1385	11.3108481162069	0.250346179123294
151194	10.2556161439803	0.391161659745364
151195	11.395356713158	0.801435531551417
7855	11.0148294668295	1.03275992196056
389072	9.77292368660815	0.275253949355226
3417	13.1011899833282	0.630796861874025
100507475	8.72980598255397	0.156937850126816
200576	11.6888662925316	0.41819873916293
5746	8.26318679602255	0.171225959850651
4133	10.1253980214451	1.37510257248538
285175	8.61527771975994	0.871153417927901
6120	11.5534257433875	0.129913705349979
151050	9.3759468652872	0.303333664006854
33	8.29572363360529	0.167336214577184
10314	11.5761694591934	0.384426015970244
1373	9.08401268231387	0.98819393709388
2066	8.53831132847489	0.498233163254003
22807	10.257066859971	0.950615589936808
79582	10.2583090206607	0.336564984024558
580	10.4403810372467	0.383666969966193
101928103	8.65281624132794	0.117944708144833
26154	9.24714635565206	0.90444273608242
471	12.7321793090557	0.471672391487389
2335	10.8423490341982	1.26949050939062
55686	10.5679308347646	0.444224420483908
55825	9.8713008253831	0.499649342704463
92691	8.80549205861353	0.709369853682994
7520	14.1741777404194	0.307045277629005
150967	9.41108018848941	0.242578397968735
57574	9.54020650237467	1.15270190564768
50485	10.7346070907948	0.283448474593718
6168	15.6318945585495	0.441281771803936
3485	10.641769583831	1.63163138722844
3488	9.81998158450158	2.39341907395442
729582	8.33310731610329	0.206198334609043
7145	9.16972386830973	1.02608493423611
285180	8.28523853289937	0.139768614876708
10109	13.844146207139	0.347983686796778
14	12.6120127737494	0.143260173988857
25953	11.505687039618	0.437416313598301
64114	12.8592098873475	1.85615377255222
6556	8.60472556831278	0.197437735777277
58190	11.909747130254	0.315137788743092
7429	9.5548598308316	2.143763963322
57695	11.2214857578663	0.434233958198439
9125	12.1075680414315	0.329466747956727
84812	9.24799896601682	0.28918954365609
7701	10.6897602486356	0.557636602073474
617	10.3508432202019	0.661350513665509
64320	10.4266319156275	0.226070754133312
27148	9.90219290531197	0.269795582734909
9654	10.9333804191972	0.331129562316122
1593	8.50839055605772	0.295083957438877
7475	8.53530621388188	0.521066530730976
80326	9.86717956373813	1.54287770765008
8941	9.40835116550306	1.38738383082269
54738	8.50304473201238	0.825369004729084
1412	8.55741648313485	0.808265221896639
100129175	8.32666317892296	0.370239220295858
255101	8.41946843996046	0.400788910268101
3549	8.74829400176036	1.31648698615784
100422957	8.27134010671973	0.241449951126814
79840	10.0661250373696	0.392913839329583
151295	8.6253836045345	0.125601309152947
27013	11.3357872152655	0.28144470526539
79137	12.0332601804602	0.368241747086256
130617	10.183309894405	0.220782580874596
10058	10.4640420765669	0.957062980352701
79065	11.9962602771852	0.393012336114668
55139	10.3360747488935	0.294816903976927
79411	9.25482175571723	0.159161730643835
8576	10.4116132491634	0.231503836700517
7277	11.1604169902022	1.53622455852293
3300	11.4209179370126	0.599215904073032
5798	8.45408033161761	0.398434498673475
23549	11.4872928096422	0.293057901054049
10290	8.82547247312642	0.402740248773278
100996693	8.61365223464366	0.241811021730842
29926	11.1886196895879	0.505502198132671
55515	8.39629160615111	0.211556644075646
79586	11.4911983344671	1.32690784325927
130612	10.0746674569887	1.02273136665758
23363	10.9984992346706	0.842579245908171
3623	8.50021875277154	0.221529182936834
114790	10.4631745145625	0.326633977852502
6508	9.21389382803817	0.399608214951589
2043	10.4345959900569	1.66940028329882
5077	8.38062835503681	0.306083874875411
130367	9.05782113138928	0.704451705910975
10056	11.9930011210874	0.600245200024953
2181	13.1090067163477	0.581098543468419
23704	8.31619323921955	0.189838390236103
7857	10.7026915187998	2.84832434782257
130340	11.3486902809109	0.750551057260138
57590	11.3178620722096	0.436475964616913
65080	11.1262505627858	0.165951006575203
5270	9.90971084136505	1.48418320588012
8452	12.5157343464189	0.250241009147515
55619	8.51188775413218	0.329260311688248
57624	8.67454103171041	0.477281260852263
646736	8.21917343872305	0.0978802813734065
3667	11.7438069187731	0.863615311809949
84236	10.2605424000783	0.269962487207764
1286	8.71761299708922	0.377554024303636
1285	8.45452623864563	0.245003648403778
654841	8.5553612797466	0.183356466531261
56947	11.2847841208918	0.166840801809188
3267	11.5304831426395	0.242985952073378
80704	8.50624497619691	0.559097062773635
6364	8.43124725585089	0.288526041460664
164781	8.39390229812793	0.202894538071556
55022	9.31765454440898	0.918860971994237
92737	9.55727441451304	1.40223933600706
9320	13.8059411265392	0.31780753762118
130888	9.02984335239664	0.247472841078983
151473	9.12102568075872	0.497180472236802
3431	10.1099342155518	0.859199426481023
11262	8.50387121484942	0.177426492532947
93349	10.4863657679107	0.570386705291253
6672	11.5133275173563	0.842086448757261
151475	8.30455567593931	0.105946029768987
51719	12.3756174512195	0.464021815288155
81618	12.0887806641758	1.06436622806787
9290	8.25748895792123	0.119968642349124
348761	8.37937698273115	0.103221674396114
257407	8.96747439790137	0.470744368307769
5707	13.1133418903481	0.230045866711372
3357	8.36900288261399	0.0678623625169401
80210	9.89142762070966	0.441207812097535
93010	10.3833729275931	2.13168090619793
105373926	8.28149564560004	0.130100469652437
4691	15.4164993332255	0.355983682082733
654321	8.30130424364594	0.0828360553078262
6082	8.33245197889947	0.0973408078246919
151477	8.69269382404017	0.156473786836995
5757	16.1985959913174	0.555364615585458
5147	10.7347966916309	0.153117310434252
64708	11.1282324413159	0.344282331622797
4880	8.46216044335008	0.364224141578922
129563	10.3976477561536	0.2534784552518
250	10.4120166696226	1.87284882084999
347694	8.46100648543729	0.347192431849665
251	9.84242247566662	1.41009860776081
9427	8.39420686410736	0.404758071188955
1146	8.35206875532382	0.124881817571433
200765	9.31290127413557	0.335575634712052
9470	11.7048864136991	0.376807401521693
80303	8.97973555850077	1.08750291010326
26058	12.5361971778158	0.269196580859238
3769	8.34245216487591	0.0733751371161425
389084	8.86522849701745	0.282481316548216
25791	9.77352610863659	0.874643098885108
3635	8.73218715669855	0.761834381353625
55054	11.1347543734788	0.307881954239204
8527	11.2283085602225	0.872139980925343
55230	11.2404800458124	0.288337645740301
54575	9.46484363425749	2.1651401382045
54578	8.49139640222507	0.655216069679687
54659	8.28231371949821	0.122185237255248
54658	8.39530576201636	0.316530449475026
339766	8.32706919278086	0.0997010665266268
55355	11.700764674297	0.393545093284768
151507	9.77134982745804	0.734824972428519
79054	9.12711916419791	1.50369673661574
6694	8.21295500331633	0.109852019004994
10123	11.813148164525	1.60458673247875
23677	11.9775591310535	0.848624498970693
116987	11.6597620646511	0.576633358040896
2637	8.73100400518627	0.627083277144935
401036	8.24626543301839	0.126208372106908
79781	8.53022224683121	0.66221641035202
57007	9.43857599823616	1.14315218791997
105373991	8.35674355670207	0.262939389802994
10920	11.4815164119694	0.309503485681931
1293	9.0158213231611	1.13240011550079
105373957	8.72387244410421	0.352248894845846
79083	11.0579743061929	0.903140281113905
64284	10.1384365536844	0.668549735149668
9208	12.8222006398752	0.387675828460889
375316	8.60091676282218	0.305586800058696
10267	9.34103011147105	1.24633212192764
140739	10.0716943379074	0.368267350975395
51540	8.40841357618468	0.102925966888296
339768	8.36965340380234	0.140263507428148
377007	8.98642577936329	0.699103655723766
151176	9.25166725728685	0.38590831502235
80895	10.6891361301145	0.202519079930665
151174	8.4364138394661	0.332801278957113
55502	9.90318996732426	1.31065301385508
8864	10.418435690645	0.596396899329823
26146	10.5275004070974	0.274822097447335
51665	11.174881805769	0.265591299678854
100287387	8.25134512231542	0.199419189270564
117581	8.30031289288345	0.298833400096968
401039	8.27422780186158	0.241840881100833
9759	10.5298130774916	0.466020084663034
101927147	8.30818457320453	0.112092615001582
4705	12.0724840190117	0.380873764129614
150678	11.3106263429593	0.290724901057936
2817	12.4481335308513	0.921776841534219
100130449	9.1529350129819	1.1651445492625
406941	8.36225663522677	0.21945531882752
51281	9.60794118392431	0.332048580439527
285193	9.03553730746511	0.141244291981012
57140	11.6210178012354	0.563634567623027
101752400	8.8011350734199	0.184512671620633
11132	10.5000170802366	0.291282252515463
2859	9.58269948191917	1.21520712703696
547	10.6225338335821	2.74226499984709
189	8.38434932510959	0.311137790021186
79919	9.51360638774622	1.24267771676216
25992	8.76054545574478	0.432301736422237
130916	10.5243230766686	0.319190758721804
23178	9.93620193757264	0.19657000832965
5510	11.5255589711406	0.236891115362258
50636	9.03894745308707	0.310577696258887
3069	14.9450884850637	0.315698269784883
101927509	8.78875493865369	0.198051037197732
4735	14.3102677865342	0.404389842596815
9855	10.301482648876	0.320010202016333
10494	12.0090492940789	0.408369389626017
666	10.8967120129762	0.331914553556066
51078	11.5302408162691	0.361274830310497
23192	11.3032208436345	0.178218193128982
1841	11.8303917092502	0.360661865943874
84289	10.4593514151324	0.18355357245117
728294	10.2716612867071	0.249205075413214
728323	8.9622418002743	0.210546538241871
140680	9.4624426918068	0.309920789204424
85364	11.1799773248067	0.523830825983966
100507459	9.13416567657206	0.343387277415743
6666	11.4958323456543	1.1054793523897
80023	10.8833998439509	0.989061791760595
57761	11.7825893118094	1.17413594690461
10616	12.2620307358907	0.563802319161759
128637	11.5836361837084	0.260088323825973
1457	13.3392155310037	0.224334846107657
140809	12.7641941579218	0.580182297445017
113278	9.74623735543919	0.936866949941472
83541	10.2499364889229	0.573370886919576
51378	8.36849545690821	0.141428124311667
343637	8.49799507912419	0.729607713912417
105372493	8.48255164004364	0.10442061056183
9491	12.6467869757241	0.340774857778901
55321	8.56272143220898	0.264039064305691
642636	8.30709967954061	0.158074424964865
9751	9.20594113419674	0.668781306289148
100507495	9.20861625334803	0.301695175115834
2280	13.8558591550331	0.490429415937466
55968	12.3024611817879	0.417763420515834
284759	8.29817515795817	0.127109733069435
10326	8.31668640252066	0.118688262620486
101929010	8.21103419253866	0.0923397263832976
140885	8.9644655384742	0.630095328413521
140901	11.835181984224	0.377043749674421
6628	14.1013602047572	0.355900258085884
79175	9.93596458409901	0.188280076614909
10528	12.9884341544459	0.437943951104104
692213	8.5482927571811	0.116233079106166
677831	8.39779075604024	0.0814343402965404
26792	8.32132130998602	0.0734783323198269
3420	12.088904259241	0.237843095475918
57593	9.01932150326008	0.709084212636507
56265	8.28309356576991	0.116867440131596
64773	10.4427921467518	0.390848507070892
64601	10.6236106154006	0.186502225483628
5786	11.7967047149885	0.216162227600386
2797	8.49009035190625	0.327390457342423
64949	11.1548042205594	0.505436434234112
22888	9.9857065300972	0.149074296783172
60493	10.7015676181633	0.417596345782416
9762	10.2884559044633	1.00965509418823
65992	12.0209593469521	0.470558396649314
3704	11.2516696375482	0.457944860038958
83959	10.5696775695768	1.39265271082246
25943	10.3223733662959	0.532092888705022
8455	11.8803302205431	0.362380903810647
116835	8.41411039945087	0.109531190832358
54976	11.6553545489053	0.256480791125929
25876	8.44349251973219	0.141244165658916
1059	13.0542923531378	0.482781716089049
994	12.8388876460661	0.645826365577381
101929125	8.47343736875756	0.136586860196155
55317	10.4622636761155	0.434275136182139
57506	12.8511032715394	0.486648754984944
80025	11.4794080518908	0.229187044213787
11237	10.592148585233	0.654817845651626
54498	11.0601022023885	0.889471757808965
146	8.38388049952109	0.272414695969954
5621	12.9750480424474	0.707997391644776
23627	8.33748452366391	0.393101348517086
9770	9.10744245921495	0.746235948297392
9962	11.1672361987298	0.336133476071534
29058	12.6301302345881	0.359063797415412
5111	12.3481106497466	0.383192939872574
8760	12.1459355546048	0.23596087605077
149837	8.49112617643709	0.314907876222117
56261	10.365278825966	0.741215016640191
149840	9.20392530704654	0.290842271784409
1114	9.92856469461576	2.51300765175509
51605	11.1450270609968	0.434571479737408
84515	11.4245596728929	0.313442689788641
101929225	8.58650131991561	0.0920844396455104
54675	10.9617400438721	0.34006171197
164312	8.83875067294502	0.686121840111455
55612	11.4992546812927	1.22250285071897
650	8.71051559417986	0.613254568116528
56255	11.09725629883	0.712930457865687
23236	9.31425231994926	1.41361152396247
5332	9.58870866801354	1.54677401682872
24141	8.29008388144548	0.175685501349518
100131208	8.50221258186747	0.657440953598051
63926	10.3684743777767	0.735482644959273
6616	8.86268135717743	1.25469037904442
8195	11.3914475818324	0.591630577144301
128710	9.6858425321345	0.252263482439368
182	11.5839607077935	1.7909883766063
22903	11.4462782885621	1.41994323453785
55304	9.31683290505592	1.30080808906287
140862	8.50136282514573	0.269671254719076
55617	10.1160515398849	0.395130311676533
51575	11.2731394241575	0.379457843978747
79133	10.0225285086622	0.345930753820109
140733	9.19196558264553	0.7936249910112
23767	10.4725235915813	1.65492000210717
613266	8.2287302009993	0.139502634581957
55614	10.8864762605987	0.458856505626196
6629	11.7681803172768	0.362804036754426
5126	8.3840185696711	0.557769967095607
631	9.23843027621325	0.561746718818098
11034	14.061781007471	0.438375131543374
6238	13.5024688004093	0.350946368991459
27131	12.6637687648826	0.568782448693795
692086	9.04798538976523	0.289714172661232
92667	11.3151891586339	0.407155931233724
58495	9.60738798602316	0.653660276634911
100303755	9.25851109236866	0.190337557500357
57325	9.97411529120061	0.295642884313213
7692	9.93972151207976	0.221517359056169
55184	9.04546494516031	0.171743701412325
10621	10.2455012683302	0.256459515691413
10741	10.7901601130086	0.190160310602458
10483	12.7515412012727	0.820093430604017
388789	10.9686769446268	0.384919634459347
92675	10.9610570994537	0.541460296054563
100270804	8.46950473305466	0.133696967594962
57419	8.30449558801927	0.194017699622765
54453	10.8351279505245	0.568177420681974
51126	11.7670877869369	0.531721364654496
51340	11.3740918543691	0.423414339575253
26074	8.54149304504806	0.539065400961037
3642	9.01499666812015	2.06518877360443
57186	11.2202083849713	0.714694786873347
55857	9.41712475731752	0.275845457444703
22803	12.6925916248055	0.245425181748906
4821	8.51990967070427	0.913974735014353
101929625	8.216635302454	0.121047697892299
140828	9.57910147058018	2.47620087697348
3170	9.90352685351948	1.72512533952816
7056	9.77877270189416	1.24714674027151
29107	10.602002103715	0.321883811000812
100505683	8.48659070707942	0.119402557066826
64412	10.5000046029566	0.309234429888205
63908	9.89099823594007	0.566392971146606
1471	12.8031970991449	0.997533920940518
1472	8.9643768788107	1.01459749573404
1469	9.47127487194971	1.77835386767546
1470	8.96176365564806	1.05633963167157
1473	8.40615434390686	0.321531811506323
92086	8.25877456158355	0.155102297190722
79953	8.27004491583118	0.235945843489331
57136	13.0086344085152	0.280189760273576
84532	9.74003530868968	1.05035841417427
101926889	8.50010229871815	0.178206503331957
955	12.4932007599533	0.401731033957499
5834	13.1711072145932	0.76131563473504
26090	12.5165142609652	0.403185091440821
9837	11.3986448602031	0.399935718769628
22981	10.1403941046928	0.523056651131281
140838	10.0083652491526	0.341129811290202
102724826	8.78475237645577	0.141985957984965
26152	9.91684094509941	0.182918053675702
101926935	8.49229652071819	0.137606043818439
100134868	8.72131750528521	0.391173689387388
100289097	9.88221524819839	0.848510198239274
102723316	8.36689765364824	0.202051268768721
102723390	8.55388187855097	0.323532883149502
284802	9.80726433718737	0.532156103723936
81502	13.3744059604887	0.438620177190151
100101490	9.36728234683419	0.282802634486133
100874042	8.60109980994191	0.134352761655922
3397	12.5192749365959	1.09184715116269
598	12.7954465242903	0.881907282751835
22974	13.8127207977743	0.602141750184636
85366	8.4134428461745	0.0908117148197981
128853	8.49249004301644	0.405628544207434
164395	8.50390324173989	0.185531927830341
81572	10.9914473091051	0.441124432313833
343702	8.60756723498299	0.657336318323738
140706	8.54379174280839	0.404087775259307
9777	12.7470748075288	0.609571195449575
128854	8.59997444584043	0.35352125475859
5326	11.6515071482124	0.453508595448792
23509	12.4365152741894	0.495512748609403
9371	12.9227384469572	0.555510701276698
171023	12.5311379656234	0.511243642214218
140688	10.5199624375776	1.03895667254773
284805	8.33573365548522	0.370616912396693
149951	11.0493300687281	0.578580683665739
1789	10.3119130938179	0.607520620861881
22919	13.4015795669388	0.391961092576853
388795	8.30509656246954	0.109499430408928
80341	8.36110707413423	0.454534752686728
140683	8.37291942439158	0.306685158651533
51297	8.29831957697411	0.282281262488216
92747	9.02758940664258	1.21917509539736
51654	10.9048048980259	0.31497877180734
6640	10.0488922080719	0.697515745843193
9139	11.1905188110434	0.757734289962394
63941	10.3807640784248	0.580011931022394
128864	8.50986917963997	0.14602147625283
170487	8.95008409416723	0.695593641116248
1869	11.7501031693306	0.670700683794973
11264	10.2945673099191	0.781774013469385
84905	9.92095575511579	0.68831009379559
101929746	8.49479172811897	0.183195030012008
128866	13.2122910304808	0.798224935602721
101926888	8.96571081619687	0.218012200713448
22913	13.1818093293226	0.428863997919747
8894	13.8390256912984	0.447879095697681
434	8.37334194501421	0.0536079970964733
191	13.4212137456936	0.454869152013206
83737	12.7041512685559	0.505914348413391
83658	12.4644996117613	0.381779786772057
84557	9.51303155522522	0.769077439878302
128869	10.8650982132321	0.519428642098261
58476	10.5760307141135	0.844334846294004
23054	12.0587766083417	0.308668746352223
2686	10.0674612260606	0.704387794426182
55902	10.9534235604223	0.742324621052612
2937	11.8527008968497	0.451842718170247
57644	8.67659349249532	0.146497634574207
26133	12.2885553079347	0.312260345023547
55741	11.0709750294194	0.291499539708249
10544	9.75106837767684	0.976301224218646
10893	8.98086114368022	0.401844744678225
101410538	10.3007683466102	0.656909643644666
3692	12.7308894981968	0.470665758969804
140846	8.38631326349637	0.0952145433269302
55245	11.0474784581956	0.372309274762478
11190	11.5616610241458	0.571450012359396
51614	13.0745290958065	0.46603226768535
80307	9.91126498488133	1.23976538612866
6676	9.33983475603265	0.290355095998445
8904	12.2548009041756	0.988873638866428
10137	11.9562910786666	0.180500155366047
9054	11.3589952616603	0.399155084900119
140823	12.4934300597716	0.560909949915955
9584	13.1744992340242	0.255039362905551
51230	11.4706793402569	0.542662644073974
51282	11.3809130866255	0.411665226414647
140894	8.39610120895392	0.0704000538108359
647979	14.0213203692885	0.654972439912248
2036	11.8718991446898	1.83383212138946
25980	10.9835260820177	0.230423915668921
22839	11.549680868999	0.499948063698535
101926987	8.30969361065893	0.113319107410376
10398	9.37688234190604	1.06476031749119
60436	10.3854800913575	0.727691864791901
55969	11.2878602519969	0.641465095973489
57446	11.476600857685	0.471407407939137
79980	11.0481195158326	0.388312331402776
140710	11.3175589460506	0.850154575908057
140711	10.3094320153761	0.859888303713849
25939	11.2353220535758	1.11970578236551
5933	10.7567855876196	0.247214964543703
140699	8.51512891112037	0.197391989428005
6185	14.1607448475239	0.444552764068849
63905	11.369417182845	0.46369937752858
6714	11.5897273147603	1.04605227270583
10904	12.402945921354	1.00458987345705
4826	8.50655609482324	0.183339530225418
100287792	8.24718568667351	0.174009925902264
56259	11.6279032110996	0.551358257175625
128434	9.48037655045934	1.14685215008202
9675	11.2876836154545	0.309245595295561
58490	11.8438834886151	0.461116082870135
7052	13.2516259854483	2.66622508027011
85449	8.64854832423412	0.507835996273784
388796	10.5849644645696	0.712796437036926
26776	8.39812102889766	0.0631154850222636
26777	8.35529762691141	0.0864130296455268
677839	8.41536670676512	0.0742964868981311
677840	8.30219767917331	0.10435466058804
128439	9.31152522459803	0.243536971149906
57148	12.2457330241307	0.31908225005563
343578	8.76402424410641	0.685010888007072
79913	9.92512169860099	0.254591924411009
26051	8.37647808220878	0.235020494937129
81610	11.4509157663691	0.607021698451584
60625	10.224562371561	0.34879497217779
9935	8.64467194504249	0.542386689344451
7150	13.5884260984367	0.432314024351407
5335	11.1875956144866	0.57147631475813
23051	10.5444449763194	0.549273414684809
64900	9.76345573305289	0.632616021179371
90187	8.261918604376	0.0985103867763898
84181	11.446032908217	0.359765295968039
11122	8.30957847041084	0.335714921175227
6431	12.6897723753127	0.18624976074578
26013	8.85277708129631	0.201021677913577
10110	8.8106495377659	0.936940846788873
51098	10.631067119039	0.367306705127363
4605	12.730873434015	0.983421499102647
84969	9.43244298586701	1.13572394571556
57158	9.23288999841479	1.091941231859
51526	11.1509764659697	0.39110828359437
100505783	9.4007804538048	0.237845731198656
128486	10.1744818800322	0.41274704945243
3172	8.98789170076698	1.16648688480059
79183	11.626515986067	0.364537627944924
10955	12.6080192632915	0.373131317715759
11142	9.76463365301117	0.759886479189544
100	10.1239698011768	0.966123767032988
79015	8.63132238537674	0.565968469764995
8839	8.5262201832882	0.584119700762326
60598	8.87716965055869	0.705427646124932
140730	8.698102335351	0.850769548077681
7529	14.3764413529159	0.441180471985785
80336	9.75607365954829	0.386859326539573
10953	11.5579507955509	0.436131288814107
100505826	8.49496229627392	0.0801757889657874
6789	12.070567851742	0.511681423061797
3787	8.51958757158736	0.418511005617471
5266	8.77544383553162	0.826894330726332
6590	10.3311985290947	2.12710707713718
8785	8.42411469565228	0.0979985779968383
6385	13.4370893285242	0.948516943366116
90196	10.8139494478712	0.49344288084266
27296	8.62332938865318	0.111165905557032
55861	8.73599923119524	0.160192199420719
51604	12.2834848554578	0.4014362353677
10406	10.6980913006252	1.93801151528685
140686	8.81197537291966	0.510461241631759
116092	11.2402665909719	0.456476888119027
11065	12.5227539320189	0.643403358829524
7125	8.37340292512993	0.111181306694452
90203	9.92783840477302	0.478286587689788
10005	10.1494417163829	0.329332393472592
140831	9.34722349767241	0.271254264502275
90204	10.1043129663939	0.22942672847426
128497	8.53590201395545	0.156158705511138
140825	8.73330347190772	0.160672322623919
5476	12.9533164491666	0.665047212377796
5360	9.30649370411447	0.960876069209993
63935	11.0541100957038	0.416918315252266
63925	10.7781506066462	0.286705120345824
4318	8.64886379893955	0.333012781111954
57468	8.78729051004842	0.496028610567016
57727	11.1115965205478	0.309182614163137
958	9.34008519716877	0.968292388873171
64405	8.24452364807651	0.103118893595311
51006	11.2720350160019	0.415288430992483
63916	10.8852078277188	0.490954351694352
55713	8.5013455713498	0.365259792362798
64849	8.4334494552198	0.278086234946039
112858	10.4662697949283	0.57615568875807
81031	9.8988318101092	1.35246768230138
2139	8.69789861638341	0.489461947505804
23613	12.3013953089941	0.429710404265854
100131496	8.41369177600135	0.150767103722074
8202	12.5526120399728	0.860744010836417
55959	10.2511040057667	2.60306741034958
101927457	8.24201836269745	0.114640596654764
57580	9.18991867725335	1.18201324149166
10564	12.5759246679916	0.595134487905762
1434	13.6096990179955	0.676299767624203
6780	13.0943480787808	0.691043729832916
55661	12.6157827375431	0.638523811041761
57169	12.6264303706737	1.04605639590515
441951	12.5245740431418	0.634268496413423
26765	8.35630899206862	0.0704476183709783
100113393	8.4489121844987	0.076552043421273
692057	8.44523336194042	0.0745244095078222
3745	8.724632925167	0.717959390517118
5740	8.66823593734835	0.569765256865189
105372715	8.40483503935322	0.167197151306496
9334	13.5451151622066	1.30875507604406
23315	11.0027579546813	0.937308305346162
9825	10.7396509991628	0.635695600786442
55905	12.1797073300775	0.516286812015108
6615	8.9529662935939	0.338727355551413
7335	9.03517081993405	0.228417195859902
387521	10.9329769212874	0.785812087425597
101927541	8.68155153308837	0.133794722836897
101927559	8.61964573011434	0.221314325630086
1051	11.6512837445778	0.796308069904693
100506115	8.32681641295356	0.167278791198514
284751	8.47859033061912	0.166340647443754
101927586	8.36200114548046	0.0952680880336271
5770	12.3440076207243	0.684607077046694
140876	9.16622197724504	1.21845054749106
100506175	8.30097482050096	0.107126741958741
84612	10.6501715185278	0.906423774846861
55653	10.0596380688944	0.778083657487348
23394	12.1498500296423	0.45395606288251
101927631	9.06215381052249	0.166210018193128
8813	11.6092465443594	0.695823856274861
27304	10.4538081415216	0.574727286219223
3755	8.7507817718463	0.706855781732114
4773	10.0889021493581	0.997046921235219
10079	11.4562565356865	1.47626310149158
57167	8.62648502746923	0.370242572436804
55734	10.5306556283966	0.439111305819957
128553	9.27119579302703	1.05404167983486
101927770	8.5292687123554	0.160571100146312
7764	12.4598747371956	0.975883131047042
8537	9.83907798421359	1.4638947035699
1591	8.93329201367026	0.571525919191039
5203	10.915589925563	0.6731031202979
55816	8.83171168594225	1.4465493671192
116151	10.704829666073	0.906023308791661
6790	12.4361612181935	0.495425696084136
1477	10.9853403331369	0.231228892267778
57091	8.36183655451715	0.0902566505690242
51507	12.2115904274243	0.334009984936816
140687	8.35296625686973	0.0535991456812594
7022	9.36862515013806	1.21182662318264
655	9.62513983939395	1.52004760433924
8480	11.0603520607416	0.386299044535646
55544	10.366879338228	0.527066491930443
81030	8.43729775267078	0.471188338990368
56937	11.2916066462217	1.97845600859244
55370	9.17774567825896	0.339800893265812
57403	11.6011442313072	0.386348821239117
9217	12.2880675555988	0.406448112072611
164284	8.40270776460649	0.304707558177302
149773	8.34069655886895	0.154288341930167
100534593	8.29080235126008	0.135574259219905
8675	11.4172207789901	0.482087653279304
79716	9.4015062020058	0.340621020165143
2778	14.647434608297	0.412258542259536
101927932	8.36080055125098	0.130265554815407
51497	12.2096759334252	0.29081208171674
1522	12.7897017300658	0.635280588535348
81027	8.68806671566172	0.194590563303518
514	8.50506024563933	0.0954030816346489
51012	11.7166202671395	0.355824316280923
116154	9.33311247198677	1.07922899459371
10388	9.04315167939536	0.900586804416447
63939	10.5716928330179	0.480906729709371
5509	9.71064113279975	0.355409994495822
60437	8.62613612035554	0.394385361821602
284756	8.28579363437381	0.298147209372674
284757	8.24627793010662	0.126063333632178
1002	8.32877369398437	0.18817893764654
6874	10.0281800278635	0.311360941706622
149986	11.8518931794526	0.309228675126383
5688	13.6663704088223	0.361255629478049
26039	10.283176973924	0.493170836101262
26164	11.1756630533872	0.369812262924863
11255	8.41921012096984	0.312449512064177
9885	11.5516341785581	0.346781547469573
11047	12.6016358237771	0.369209769585441
3911	13.5649999927545	1.35984107636927
101928158	8.3677336865798	0.117870905391608
6227	14.3491450856763	0.420359466841763
81928	10.1879880530606	0.518376708703281
140893	8.91764915779498	0.597112771655242
140628	8.63038203516864	1.0218926040601
253868	8.43089640242036	0.64318702304596
28231	11.291025048232	0.686239574437274
101928465	8.78066369266965	0.224651565117672
100127888	8.47586922930821	0.0904092262705348
4923	9.33023264213997	1.17925841819665
100652730	8.43174352899816	0.213618285993428
55257	11.1229273068122	0.333614520003106
101409261	8.47170975687255	0.111498369917273
11054	11.6759010595053	0.550670015660259
1299	9.48741640823093	0.803003437274501
10732	10.3202269326654	0.419989423794323
100132911	8.79297623262876	0.158710965167729
11083	12.1694651797724	0.406281316504216
54994	12.1085316076805	0.513353025965143
63910	9.106290923131	0.977961953012809
768097	8.36617589802434	0.238152896667673
768096	8.55919860354521	0.368136302880068
54915	11.9072293198152	0.278482033305134
79444	8.34521535323565	0.22490235999394
128414	8.5199901778495	0.477704274670328
100192386	8.28730730238306	0.187976695207187
55738	11.8243747469879	0.252094793421202
57642	8.34117624410233	0.158737724453462
1137	8.29545320084586	0.213208217268648
3785	8.88599174735826	1.07121521818266
1917	12.4098066397155	1.81700775921653
79144	12.7292379857195	0.745313992510876
5753	10.4789691557142	0.961889447293413
6725	9.24606585440516	0.862098550552851
79025	8.59793556819652	0.242336263488869
85441	11.896210480841	1.17830300768248
26205	10.7976219858422	0.36155885024189
50861	10.835380420453	1.30186033397613
51750	8.76941112792475	0.138374629886495
8771	8.39695471163751	0.113571085638877
10139	10.7183926932356	0.399513792357177
84619	10.797122499076	0.309273871630454
54923	9.34474003972097	0.170397268895515
56731	12.3354109736499	0.834379403728047
140685	9.2899177756465	0.506587912163665
140701	9.45994037365261	0.383638130767921
7165	12.780884649927	0.358614019580253
80331	12.8123533338825	0.354027539149851
54963	10.317349282012	0.333373019482077
100302137	8.40626024283007	0.0544792884762728
100113386	8.75268390039023	0.179568081674009
57473	10.830864110757	0.633623246892215
140700	9.9157125906706	0.418199553358697
24148	12.4317139244865	0.275572111899775
284739	8.63080369259665	0.150060780584603
6919	10.4000047752596	0.541150220814809
54345	8.58225337077952	0.621902424107211
10287	10.184207689037	0.293001054737771
4987	8.50663069073568	0.26810906766588
198437	8.38419227659356	0.268722270333223
4661	8.28877795182278	0.232017931610912
55251	9.68106981350764	0.207836491466115
102723996	8.6125777403373	0.268828146669045
102724023	10.2529556562461	0.245502306450074
102724159	9.91199284553409	0.218947961678208
102724200	8.9580208179206	0.0424762943173291
102724398	8.26616010728601	0.101043463498724
102724428	9.74718443644401	1.05069882683812
102724441	8.64638412054743	0.174682574603938
102724560	8.7227546049668	0.700297466711949
102724594	9.28439316054927	0.242548256060461
102724843	8.40736808165783	0.139490924595844
100500862	8.45961439602062	0.139633641444663
100132288	8.79442262603631	0.277702252474556
54055	8.23177677617603	0.166082475969791
54033	8.44372166457597	0.25285240258089
6782	11.5354837321885	0.471575006732405
8204	11.4202857537067	0.743114158678888
29761	10.9017955912811	0.395779368925014
100189284	8.37774960388329	0.173246801773644
1525	10.7204196308593	0.600103442065022
10950	9.69372902638903	0.426742880470181
54149	9.43261210298998	0.757499242003346
4685	8.3663442350324	0.277035196297506
114614	8.27210862390709	0.091823686808043
54148	10.5042736622194	0.429701683096242
58494	8.37019645873494	0.202245208759368
522	11.8529648181915	0.342050635204433
2551	10.7224068259419	0.330343686648962
351	15.095395615883	0.374251988423345
100996571	8.29232922024655	0.113053554032633
9510	8.91255315871623	1.04059322721013
284825	8.31256740498933	0.203022240535862
29104	9.36770927784161	0.188505639568519
26046	11.1545882351997	0.412974939871099
10069	10.210643917815	0.411400794956882
10600	11.0344662880176	0.210920428253082
10694	13.1465803282331	0.387631559047089
56911	8.70202581072697	0.34183017026463
193629	8.2937254955262	0.18888431291797
571	11.0299639034876	0.338433897065064
2897	8.36194005399075	0.0881826002755307
7074	10.1535668037377	0.606416170646547
150051	8.58310209276194	0.346978700229415
6647	12.6959045604351	0.507132666091205
57466	11.4205272842307	0.311894480458834
30811	8.29680968313255	0.140610421161913
54069	10.9096187674144	0.408502913079601
9875	11.2219958842739	0.527885861218304
84996	9.0641607584972	0.205945658499598
59271	8.62772320906077	0.423551199323356
140290	8.47790708062844	0.233422195250319
56683	11.173698155805	0.418470786512918
8867	10.4253113353093	0.432824109046029
100506215	8.78139835541884	0.24347895494753
94104	10.4100746261223	0.211316092550585
3455	10.152263461305	0.476743258090239
100288432	8.60904811105192	0.139427395842442
3588	10.3956744647115	0.712834437458435
3454	11.7933330802801	0.569673571289699
3460	9.9186951499975	0.29742358153811
757	8.50702973064902	0.435306866469779
2618	12.1342182088587	0.422025404317141
6651	13.5513295717762	0.237611385823364
29980	10.824678614751	0.469442457254798
9946	9.95491048948249	0.31712767221476
6453	11.7539046706095	0.739902343903343
539	12.3933691366346	0.614271462276976
100506334	8.83885246786053	0.649012272960141
400863	8.43976383198622	0.255405435791875
6526	11.778744951702	1.14335570610504
64968	10.7670898955471	0.81006699617946
114036	8.33035421700699	0.090881376168347
9992	8.45570414226193	0.147741223310885
54065	8.6086850009272	0.319212033050341
1827	10.6458183999806	0.743144107140278
54102	8.32214787829604	0.183675354952244
100506385	8.29043935737266	0.105084223693557
861	11.3619996471701	0.888443740183068
54093	9.63548421153872	0.255911059692082
100133286	8.28952684240573	0.0858704388231688
873	10.811476314953	0.502971334135571
100506428	8.67986298702652	0.189592931425279
874	8.90224565375658	0.228205861718243
9980	10.5723614907555	0.75010261196333
23515	10.6382143429443	0.466169749183736
8208	10.3301633478692	0.537082208195423
23562	8.56386624873927	0.782655070567966
6493	9.72261406306583	0.44518925871931
3141	10.5457335963714	0.291323595861768
53820	8.51667973537436	0.38515568798359
51227	9.98233309375085	0.379780202668917
7267	12.4380915203105	0.626459742021183
257203	8.50808304971067	0.131355831321671
10311	10.7716154630071	0.515129452038742
1859	11.1825533309434	0.350467304268707
3763	8.4857745031174	0.740187751260826
3772	8.50986367780901	0.686504533703812
2078	8.30309804681599	0.320521528227677
2114	11.8200224824467	1.16782204097387
400867	8.28417025621559	0.148128672001368
8624	10.9993621789196	0.365276637498397
54014	11.2485022631732	0.522611834104554
103091865	8.53142500815622	0.133494958149397
3150	13.5485912910552	0.555006459403812
7485	10.4719923425998	0.437073856706581
150082	8.5574699837419	0.182617379344881
6450	8.87051519234916	0.266540858290748
114041	9.25429883991048	1.05360639695219
10317	9.79921361778163	1.40135015327883
150084	8.69893864511807	0.551403189792744
5121	8.29656416721831	0.155480768250575
25825	10.417216106945	1.03344000135331
191585	8.29684392145186	0.0855221634311341
54097	8.68864809795365	0.711174957988431
4600	10.1932458406503	1.68882338731757
4599	11.2102381511011	2.233704437273
7113	9.41710163450999	1.04320944863879
150135	8.3238864843904	0.107817700039792
54101	10.9732827344651	0.991738815227485
63977	9.86206135790581	0.228416056815984
25966	10.8024032990266	1.0310046781704
49854	10.4536706305083	0.240657127193834
150142	8.31181284534521	0.0896820092503221
89766	8.25726339780247	0.148735412120399
9619	9.86890888267769	1.1002915795169
7033	9.44467659565916	1.91261183824159
7032	9.56831443856629	1.5868346451784
7031	9.96855249743176	1.42264355825922
64699	9.15125236224959	1.07658544269034
89765	8.79928801773924	0.376471903203947
54020	10.7622501074533	0.980364547076395
5152	9.053533154149	0.482826980275737
10785	10.6237406881005	0.313035538754019
4731	10.637160534078	0.350135865276637
5316	10.0536303435234	0.120968978986336
875	8.99041537498295	0.752692122725146
7307	9.03068983968054	0.311717077282641
105372843	8.25178689927767	0.103913190699466
150094	9.34006786138153	0.666947261371103
11077	8.83725052905409	0.173247565253279
23076	11.7120208340431	0.457237320045237
8566	12.6888458902086	0.850531454574346
105372824	8.51928479327414	0.0811068895368044
1476	13.0780763709059	0.814265286805876
8568	11.0955397025429	0.324313356190405
284837	8.65532803772838	0.237860356294386
56894	12.261945356363	0.481796125878001
7109	10.846003713007	0.161467717719119
5822	8.70099844329847	0.542849510896524
8209	9.78204337813397	0.658323883021886
23308	8.50774724765524	0.220980838501209
5211	12.1855415136544	0.741158643471938
755	9.80444307646561	0.431016086769437
7226	8.76495631589446	0.88049257883895
101928607	8.37968750978709	0.360658434861951
81543	8.75438161769374	0.467085188898708
54084	8.53503070261525	0.348466250156055
54082	8.52431242821199	0.34817403762973
114043	8.44808362062233	0.265624764979628
7327	11.3672398478053	0.336477311146489
101928689	8.42072598895917	0.10916883484044
6612	12.3035241837292	0.609092509508398
754	13.5761118905855	0.612744857143536
3689	8.9427695866873	0.577579876357367
100505746	8.51896704762061	0.253121892254883
84536	8.95193945457892	0.306348517401743
85395	10.9034090195479	0.336300093336962
727699	8.30981578028869	0.21148182799078
378825	8.99827215734512	0.856461154156558
105372836	8.39497616227196	0.1165154681531
728039	8.64398853591911	0.226808631056811
104	10.0950712869259	0.583658376052875
23275	10.7570120692413	0.533875739937355
642852	10.2343758025349	0.610362319145365
80781	12.0184390423063	1.82402024125604
378832	8.2851076080575	0.0912813092516452
6573	10.5770015900007	0.400230443854538
1291	11.005003673305	1.46921850936405
1292	9.37416003632182	1.27634240543842
84221	8.36514789764595	0.293146549054927
4047	10.9819079493633	0.420053897374236
114044	8.94377265824395	0.229852958857812
8888	11.9192272264137	0.356331099408601
54059	9.35267206365066	0.295213713665067
54058	9.53579318322577	0.415710448687389
5116	11.5436555036548	0.348512325922007
23181	11.0072566177491	0.416945195451132
3275	11.4680554321136	0.371399130440903
23784	8.22070656903298	0.112500700208587
503637	9.41748407150255	0.430914229017413
101929839	8.6550557023294	0.192585583899148
150165	8.27946687848982	0.244028554492944
100130418	8.45677748130788	0.428073993399201
23765	10.9253798986703	0.506208255129724
27439	8.76052059447207	0.544911465452756
27440	11.4556705435202	0.315022392070293
100130717	8.35188477640645	0.104916326385158
51816	8.32437420933147	0.200313805139703
27443	8.81130797911501	0.674401289624985
83733	8.7506562979368	0.384386670755806
529	12.434802406431	0.40098518422999
23786	11.9538338436567	0.520617399856371
637	11.46840018028	0.853047447873034
200298	8.32032900483641	0.19781433301381
57553	11.5312066757237	0.560290298216397
55670	11.422281328524	0.435175826633978
51807	8.60083154242829	0.13937176949617
11274	10.6642632041439	1.05560284022639
100996415	8.31012004311259	0.338700899563761
728229	8.70644551439859	0.379550110274817
728233	9.53256182283019	0.568409555423086
85376	8.65583511235056	0.201540159979415
26220	8.79731122411045	0.514229332226806
25787	8.42150796609466	0.234220070995639
26222	8.33681983679224	0.162767707444047
9993	12.5352650070984	0.524891593017677
25786	8.87228861342673	0.255458549753057
8220	10.2485862120234	0.208674130570124
100652736	8.61409029538925	0.160656683542697
6576	12.3032953497626	0.594769786892302
8218	9.41337003775799	0.368279685190597
7290	11.177994244796	0.496318755925169
64976	10.9470335488888	0.477902403965165
128977	10.2255088735924	0.270324554247595
7353	12.0960109638802	0.339864719803177
8318	10.8082861266052	0.535229808446365
7122	8.42269449665029	0.166670537192754
5413	8.29531999244502	0.124858479459529
100526833	8.43969170420545	0.189944887992018
6899	8.85371326061887	0.923941709727224
54584	9.57064468065929	0.485614749565923
79680	10.7238917385911	0.286940645086507
10587	10.8083315218004	0.492666137551019
1312	12.1593120187662	0.95612432980027
421	9.64462889342569	0.304821860716314
128989	10.3381981608062	0.528662492534648
54487	10.8966622718871	0.336165322719927
27037	10.8635959041973	0.431148509271651
5902	13.3849274642866	0.598877954050135
29801	10.7106754792554	0.387587818042618
388849	8.40648846100904	0.148238372761279
284865	8.32692277858533	0.206725317497683
150197	8.49902329349139	0.238440234508291
65078	9.50715355569292	0.459719241425547
85359	11.097198788059	0.462578642629231
101927859	8.34196486941893	0.396054049796251
373856	8.58026962248135	0.811858349211235
7625	10.1918323756233	0.466224288046821
91179	8.69498272263569	0.232932433020599
84861	9.9948747166256	0.523791308010503
51586	11.8936943300178	0.777124397530179
84222	9.3810829735002	0.601930906773478
5297	12.090921172773	0.330944113229732
3053	8.38885429417486	0.178159829239017
9342	11.6430029631742	0.366611720776493
1399	12.9053474428447	0.356675279420314
101928891	8.82512118257005	0.212761655728821
150209	8.84524188687825	0.370124462216469
8216	10.8113660930901	0.433919141308363
80764	10.6661877640045	0.394883297214809
439931	9.06991880945338	0.302417754424259
113691	8.48803166534431	0.416768719103737
9127	8.7868736161044	0.581016704724175
6545	8.69145648128096	0.861607811009333
440799	8.38230376791623	0.311762274045243
400891	8.32414890582787	0.351590107005601
400892	8.41954858537562	0.152117544838162
642633	8.2280490582112	0.151514121467064
440804	8.37296236062429	0.13197701060266
23119	10.8738544474393	0.71085954033633
645426	8.6853735866986	0.309378180374915
375133	9.72842845482787	0.227350401105081
7332	13.0843956340082	0.391115061673417
150223	11.2911426150878	0.53530261391587
164592	8.3729430065303	0.0951001768220688
23753	11.3472002011671	0.984937977823769
406920	8.31717841978479	0.0882476736099931
23759	10.9361327752221	0.159604747438924
29799	8.96305777132976	0.366336981693093
5594	12.9157897238263	0.371761549461221
9647	11.1365329382853	0.658380696006717
8940	10.1876057551443	0.389094736967078
96610	10.5275167421869	0.531664774198103
28822	8.21913655200493	0.10840999831461
25812	8.63650970020322	0.244899970999877
27156	8.36477487298215	0.181589491041718
2781	8.9655215284835	0.773623020926294
9609	8.79586012698332	0.365643983452137
613	12.4848579800793	0.670467592014131
26226	8.65026719400811	0.277233129427977
150244	8.28868816342759	0.186736474792128
101929374	8.20847131148552	0.0992707131622869
101978785	8.27217720740863	0.218318768402293
51233	8.33809452822666	0.103698262940856
91316	9.28062740730896	0.258975035297173
266747	8.9108067234293	0.175362791849845
7621	9.17458848524669	0.253157508894378
29802	8.35864628045231	0.127142440569195
653689	8.77426124146272	0.472812060146227
100037417	8.2214052633419	0.0935834302389825
23523	11.5714184088047	0.451880691597365
56241	9.01443135002515	0.646985088935526
2687	8.34724624292852	0.28218124759985
29774	8.389420938423	0.222549206258645
23384	10.5840808922983	0.276545058840845
135	8.31600387498381	0.112827117342466
646023	8.35017777366279	0.0794603130989676
51733	8.33645766567332	0.109501917607993
83606	11.8462100322289	0.345558520007378
6634	12.8100275622544	0.521904716671904
2678	9.27929059367383	0.989095224762946
388886	8.67289068361963	0.283787113280468
646074	8.45540302569558	0.138761318164794
440822	8.30206871594495	0.134592788986219
129049	9.45064672814566	1.42490449381394
85379	12.020288224275	0.70115461724184
100128531	8.66324898267091	0.436039372734418
1417	8.44259373290401	0.200206450066329
1415	8.31034866382094	0.104530864626751
100652901	8.42317413366506	0.0655353191639161
91355	9.12729983904303	0.287923088734997
1416	9.72826813375445	0.44272559219389
157	10.1951863746298	0.647626539144765
57168	8.93228559218914	0.399058184121565
89781	10.9624672534198	0.450111261027875
402055	10.1084284788872	0.259491992720689
24144	11.1286368130376	0.33011538148709
8459	9.68890246261756	0.239129876535404
440823	8.72454603150968	0.802146958849979
102724827	8.6503357175707	0.169601457516212
4330	9.11196303924801	0.518277488871241
23760	12.4132093711447	0.409852172192737
284900	9.60027212632703	0.270004394618342
23331	9.45095099253523	0.996807341470419
11200	10.3894495655044	0.428707220753232
150274	10.2204668460764	0.355593344859336
150275	11.2956689910791	0.581463597422681
7494	12.5387515944579	0.922821710836614
84133	9.97943376034478	0.287653991334302
100874123	8.32796250896288	0.265712880327314
83999	9.84637304750652	0.829518246333234
129080	8.42360047121272	0.250068479081337
25807	10.6296070339541	0.326614701205573
2130	13.5870825251929	0.448607555477742
10634	10.5662134725506	0.529898810839378
10633	8.42800160435864	0.140934371028804
162	12.3230429834549	0.402887424337002
4744	8.32542115495708	0.210380888534428
8563	11.1036224504758	0.309533679356
8508	12.0621925957462	0.573994890902299
4771	11.6291556320742	0.478510492044969
164633	8.60622442912087	0.587104405015326
55954	9.73875829142398	0.200625412656453
29796	11.7862968534629	0.559047791858489
84164	11.3551368565668	0.40916471506844
8897	11.425799902838	0.533120030970068
150280	8.34263781138613	0.0799304026954441
3976	11.0604036256273	0.681244690541858
652968	9.18572466642901	0.310148345580911
83874	10.2351302153969	0.531441705111054
10291	12.4529462844003	0.14962617109076
550631	8.69966444665032	0.0991524805987186
85371	8.70560477245562	0.163433583420256
200312	9.56399765409528	0.247461967706619
23541	9.86809344060672	0.769324250600559
51537	10.224881116761	0.435096804053853
284904	8.47552089503362	0.4632287148262
9514	8.63777868573868	0.517960243345878
23481	12.2270774133093	0.351349360468501
6948	9.54655255077597	0.988104578656311
339665	9.4227438246915	0.587392109213409
150290	9.37872450643757	0.272408621786799
23762	10.0161799933778	0.746562963098379
150291	8.32043294515354	0.0997502464900535
22880	11.4838653449997	0.307072780717829
55000	12.6942053723836	0.442795654439102
6525	10.9845393345177	0.52003802340158
140606	9.56399322546209	0.613417507385977
27124	8.90941101819213	0.40043392084442
50487	8.36966948161888	0.382251626961412
91445	11.0988240761366	0.430078299280961
3985	10.4828251948169	0.840758544114169
113791	9.29929079160956	0.497333659345288
23598	10.9142310251812	0.282954321360503
54944	9.50962787369401	0.37544898631094
4733	11.6106862225647	0.174383707904182
56478	10.3872914232499	0.204584657865743
9814	9.92780721434784	0.304136349162963
23761	10.9554623189626	0.525202318869767
253143	11.754042573291	0.243278064590911
9681	10.1537547027626	0.244477657190368
25775	8.46265349214085	0.109176257282236
7533	11.3749015021188	0.577253598540463
6523	8.317101109168	0.127949552208479
10739	8.38672986554434	0.162156754407046
6527	8.26912480268447	0.0904601473017803
339666	8.36234543554448	0.10151269386831
51493	11.8980088447741	0.24308111753501
25793	11.7230081949746	0.316542417783407
8224	8.47752484971904	0.542440280514095
7078	10.3452843232468	2.44234895902172
9215	9.22751045193278	0.605912359250258
10042	10.9213384762279	0.493733373986863
10043	10.4975522641518	0.367107687009184
3162	10.7788998558995	0.962061583939265
4174	11.9465936978176	0.738462529068769
23551	8.88383979318019	0.603598128674226
4151	9.45393178792506	0.888324404104691
80830	11.6985434495728	1.52904463372775
23543	10.6985915611043	0.444024652648781
80833	9.24102441129879	0.948854342800662
80832	8.29224866006024	0.276653633848142
23780	10.8472441729891	0.683615283234213
8542	10.5618769214821	1.6370436896508
4627	15.4100457572673	0.699799847725998
25828	11.5690009348308	0.28815804683751
80020	11.1161588754115	0.658908825583824
8664	12.8374091556269	0.463874225909397
11020	10.3060662598474	0.542300832305277
4689	8.27819034354067	0.126228725897462
7263	10.3723951639088	0.721609073677382
4357	11.0861084373415	0.435658593305071
79734	9.84309165035531	0.407904485214054
164656	8.33957853950176	0.111507451207789
3560	8.36090840214471	0.127930530071561
114904	10.9329456108285	1.2378221319682
5880	9.94422227468721	1.37941673445224
27128	8.41588528857422	0.133145632486455
114794	10.0747770727361	1.43781113228134
100506271	8.3423310519192	0.230200942336346
4242	8.67031811213894	0.360023980545767
29775	11.2358749649602	0.826807587662293
11135	10.9317782537063	1.27770244139532
3957	8.35390925612877	0.153584517681098
26088	10.8100125100337	0.342303650521001
23616	10.2247047631022	0.902521965799598
57026	10.1827073828345	0.378276347590961
3956	12.2783232451166	2.00409463009475
79159	10.1523232081452	0.357677998130533
11078	11.9504451815768	1.18340140666996
102724378	8.72580470061892	0.211486962035047
3005	14.8088662938185	1.06773500341985
23464	9.7825488553362	0.391266891578391
8484	8.30486591076498	0.105457227529403
129138	10.3983534654571	0.302113041201324
51386	13.1149196472159	0.443313023267749
85377	11.6819573136868	0.787538118902545
84645	9.94877619801493	0.55303315234193
5435	11.2904324332578	0.333044798144551
9463	10.4703822500847	0.349702899403586
23539	8.50916345946153	0.233098541541041
80115	8.83844387082021	0.518099597344665
8398	9.29288389041601	0.191147037818276
23764	10.9524600081548	0.903914747767802
25829	11.9427861691247	0.822592761446999
1454	10.0683394255306	0.299963142859885
3761	8.61651235881892	0.901272275466932
11015	10.223013893921	1.10028185699971
10521	13.3669727881056	0.381150588533701
11144	8.67813048662481	0.307816880041431
646851	8.66151942659602	0.167287159267952
25776	10.4269938708373	0.317809972979499
56993	12.2553911796736	0.506582466191537
9929	12.1180106658806	0.6087674603831
9567	11.2158622064399	0.574079622369047
25777	12.4949143202782	0.826430855012532
10126	10.0618073749098	0.420009435066238
23467	10.2712041931787	0.913036544411813
23466	13.1919713134099	0.605452129982957
200315	8.26126934307668	0.150608311524971
9582	10.5598562448629	1.35419018838033
27350	10.1337941615461	1.12098375718
140564	8.70460245713576	0.405338315439181
200316	9.5996317822432	0.61253440494804
60489	8.84996831397861	0.472495408615191
164668	8.30364606291165	0.141708362318006
23492	10.3395877044213	0.534178632096788
5155	10.4037107248374	0.771004635198585
6122	15.3380207665852	0.458044726301947
116938	8.45676746677832	0.0832635841050863
116937	8.4305860755894	0.162529667567031
116936	8.50878242563329	0.0936990730764201
26807	8.5332182095566	0.145644968001511
9145	9.76277696983609	1.15538616449897
10454	10.6345001732604	0.3763144313752
100506472	8.53133196884082	0.161565877002845
4248	9.73331976449124	1.76047738184949
104502417	8.35098929280425	0.253113742968296
54471	11.7847192262483	0.348448560692355
468	13.9380749065438	0.932356531421029
91582	11.5159887516234	0.512868944213004
8911	8.50376253848602	0.384698084968131
150350	8.32385511674095	0.413765761057189
9402	8.24807264709328	0.169640469842039
113828	9.37249189698403	1.04325725090422
100130899	8.98557275094406	0.813801440858866
23112	11.4612440093626	0.319275473934772
158	11.7088565311125	0.362431541954283
27352	11.1370891556398	0.390908852670982
57591	11.0707713957912	0.475685752290706
2847	8.28229051933945	0.163827206400944
10478	10.7892548785629	0.25951657134477
6767	13.829557208516	0.365525522975161
63929	10.4645635346486	0.322732752671785
9978	11.6476839103595	0.528397912912045
100302237	8.51389735833571	0.10453303731508
2033	12.4358504672391	0.599950638341199
101927279	8.76190350873047	0.121612243847062
83746	10.8233101522314	0.315549711137915
150356	8.51130702267352	0.118958575595875
5905	13.2412865763369	0.421729826114908
23264	12.5033419421807	0.383114609619289
7008	10.5526001850761	0.525894864069835
10766	12.2652226377585	0.432608935687316
84844	10.9956761734551	0.440081812644659
50	11.8742830040793	0.355037052933663
171568	11.3540252457276	0.283782397439665
27254	8.32672575561447	0.163082305086701
5372	10.0686088692685	0.221567763023807
27351	11.4739545552746	0.423952125199152
2547	14.4618445005033	0.429670945110961
4809	12.1666918798833	0.611080964842006
79640	10.5967586963488	0.307650559726017
150365	8.34998473640881	0.0798742920263819
79879	10.3663494839685	0.413030450329277
6721	13.470518995738	0.626353417343326
440829	8.33141924087595	0.160759562319388
100616259	8.28139514154495	0.0955082459063303
115650	8.36868378330504	0.116898484791927
79019	10.4799660860318	0.471781286733886
339674	8.63306371441466	0.154757982254848
55964	9.30314052998061	0.764387596407807
164684	8.46384612383333	0.17469563836788
4668	11.1150530613383	0.446405109578747
150368	8.5994880147606	0.36410246736331
1565	8.39241513487338	0.136950062171006
6942	9.19516755786159	0.289551483214107
388906	8.90108397324022	0.171800780431536
102723775	8.83935237278647	0.649029554427393
150372	8.56824356645153	0.406391422842548
27341	11.5938548833998	0.820352995937782
253190	8.98951444175677	0.126343005684802
91695	9.39957000173311	0.261469360345184
84271	12.1397482426478	0.358112615476249
1727	12.3758528013723	0.371316970223474
53947	10.2326938673627	1.12685023663271
26286	10.8183826675555	0.413310206316281
11252	12.0389294714616	0.615634450648297
25809	9.01143977419821	0.287584763991054
638	9.70901130991808	0.880134578545191
27349	10.3420013954025	0.299302103855553
706	12.1049630475037	0.611479794846722
23170	12.0985777687922	0.468068598699447
80274	8.31017323075592	0.127369451129043
758	8.24180412045926	0.129299486985302
64800	8.4475824071634	0.146348097347275
25830	8.6225601234549	0.725222632001178
105373057	8.25856058756764	0.164253621388241
80339	9.14448183157934	0.385150432849811
25813	11.3990397320005	0.342700138625283
29780	9.79927846095488	0.579182371313818
64098	8.7696241036417	0.404804541287808
85352	8.38162374505055	0.230902961342058
84247	11.2049605897841	0.57709148944616
55615	9.66035713379317	0.379221669832396
23779	8.38551451976292	0.185033748192978
112885	8.97314158820896	0.743559488975169
100506714	9.47120444702855	0.463755686830185
10762	12.4705205855444	0.466571834031487
23313	11.2199832111355	0.684356060455096
55007	10.1311791673072	0.362126896133251
27127	8.78960317990207	0.621508649008254
26150	8.85560503290117	0.409775393052856
2192	10.574181712342	1.71530286625545
25814	12.3078334315297	0.398026226742362
7477	11.06468158264	1.68684662148414
730668	8.33348244937272	0.113687762505111
100271722	8.76471467334497	0.407497374727373
55267	8.50811709278767	0.0790545893541232
150381	9.37272013556973	0.379781512786618
400931	8.78335450781602	0.212751800065905
5465	10.5288549088022	0.546320656633581
150383	9.41203169734788	0.195006086941715
10343	8.42127733931579	0.136112641314136
55020	10.2133938028264	0.272269797108909
150384	8.46456391536264	0.122661832484462
51512	11.5878018229291	0.435264698488036
55687	10.2140936416741	0.154496414163579
9620	11.5211529835246	1.14949051973194
23151	10.3856861422707	0.405814768606234
64781	11.4353996965852	0.713595312181587
25771	10.6626410115295	0.31876369601336
284930	8.30523203817297	0.174147244078343
25817	8.58235623947098	0.617945450157686
23774	11.050960269908	0.351293518040038
105373090	8.42347031975906	0.0968250517597083
9889	11.1324412415462	0.350556657895405
79087	10.7791174731195	0.468092478591485
79174	11.514768739543	0.559938372410185
415116	11.6572890937314	0.687075793014958
400935	8.29628824514688	0.111012590758718
54456	8.2967069331639	0.0973391052180731
56666	9.58553310580863	0.465388348317358
80305	11.2439942771168	0.580119217012202
83642	10.491750700678	0.351058872239794
85378	10.5382190720521	0.251880912925693
83933	10.2810503584783	0.295055381279103
6300	10.2754567315395	0.663705096051793
5600	10.0726498292668	0.731572743288064
23654	13.5384026656902	1.21085899405359
414918	9.13926155655824	0.370413483213781
9701	11.2772157949806	0.372592618808097
6305	12.6130223962588	0.633439203030491
79924	9.22349527830464	0.844668324533433
91289	11.3560263094341	0.422285435479134
29781	11.0871765324294	0.52900901053319
9997	8.51315195693229	0.0869135990964505
1890	9.82179917493802	0.963926383041603
440836	9.08613996791367	0.414703320096
113730	8.99826388960349	0.656840378291115
644186	8.37302976411082	0.0975998894514293
1375	8.40712757990733	0.120449226026786
100144603	8.95319921702193	0.213522116302835
23542	10.4651694895158	1.38043155480599
105373099	8.34499772452781	0.132948274324275
410	10.231129805048	0.464804581480453
85358	9.68526012950367	0.701257754557898
284942	9.82183987793503	0.238068686533611
11158	9.8841091820819	0.452901141444072
152330	8.25305614368662	0.125860115843069
51095	10.3124743459779	0.231223328836009
51185	9.99475788976474	0.232939040126201
57633	9.16077318043095	1.59217578420843
285362	10.7465196522036	0.447770928197214
6419	9.38018584423283	0.256238049624666
100996539	8.30331818505381	0.121452344675873
3708	9.56612405677713	0.445956727876344
100507582	8.49518698268595	0.101144768991458
8553	11.9880692874184	1.03526280273821
55207	11.5133557833054	0.481780601776612
9695	11.8024981573481	0.739395244965439
100873937	8.22702351703314	0.132706529595136
101927394	8.258819061319	0.172117272987999
100288428	8.45316604496679	0.105343578292268
29995	9.58008470784049	0.784280265797986
29931	8.40865229602397	0.178736140472017
51066	8.57861765578971	0.496548503950325
5021	9.64357658794526	1.15044010082711
56852	10.5405175608687	0.303189339172031
9901	9.17498094019043	0.750931976287846
25917	11.08834129382	0.190770650502763
440944	9.50572364962079	0.294454605823851
55209	12.1910033788629	0.430347679158407
375323	8.25968637655097	0.116721777791751
64419	10.8930045376038	0.281599055820364
7862	10.3451334012811	0.261752668269254
4968	9.88766128627531	0.314223538851744
8536	9.27765485302486	0.674077899056526
10474	11.2706476801752	0.366166300002853
10093	12.3063228548497	0.379993174954366
26140	8.56575538648064	0.114734959496167
285367	10.3126573965743	0.230211953730112
63924	8.29295689339772	0.132210284153056
84522	10.5138436691543	0.307760801359803
132014	9.20089078059893	0.514151681249387
84818	9.9702782538749	0.435085411345943
78987	9.96752077259443	0.234008720366318
285368	8.85267655015334	0.194639721749894
100874032	8.71620604159448	0.235819251017784
55831	11.2767868280272	0.207966487773149
442075	9.37300294193473	0.239267978179968
401052	8.37854608334368	0.0900413039764181
152302	9.30018632301463	0.230315598939971
2177	11.0659246374667	0.476802753022356
55845	12.3923636971286	0.365827907111706
7428	11.7536547047934	0.390623358324043
3656	10.0257978975743	0.730168085742504
9797	11.2905353641011	0.327941446936618
100126793	8.42669057865183	0.0822422309477397
84657	8.36577275871354	0.0682046063940913
6396	11.7288881801468	0.233508166553964
6538	8.36245112977678	0.484720619295297
3269	10.2338807867226	0.488033246828991
10533	10.4532660495646	0.400063601468337
9686	10.3547338355729	0.375286254278839
132001	9.05610168781404	0.181395274269188
6854	8.7556549422052	0.518962165157921
7079	8.44235346403576	0.467335738363044
5468	11.0180076353746	1.43639280335567
80746	9.5944778058048	0.346921145930711
100129480	8.83174044216428	0.386047087850022
23609	10.6719391950922	0.328757343582008
5894	11.8929310858115	0.300863761148832
55287	9.22251383771343	0.974898084340499
23066	8.48130795187449	0.0929005032473536
6161	14.2020848625558	0.412502928394243
9922	10.4112749071077	0.858112867810379
23225	12.5462349285809	0.657173046703765
100874101	8.3283078753582	0.124864751016575
79885	9.70155079203413	0.488772245295191
2199	8.36921969967677	0.123403393366673
7476	9.13380972460678	1.18879405283783
348825	8.38837935730335	0.526322652045783
131474	10.0285822435667	0.149119481587311
79188	11.7537763196008	0.321768156441591
7508	10.6222737057583	0.324436964434283
27258	11.6143165455958	0.292500757825739
6533	12.0963661422096	0.790809809385516
80852	8.66398422127342	0.420192606600229
51244	10.072786897605	0.230587442689132
84077	8.48648619551247	0.109271224224566
152273	8.32030277917573	0.0915980831927514
100505641	11.9420150611575	0.34653168785964
7182	9.70633479156798	0.188004989293266
64432	10.5696758025427	0.162252587057868
64145	10.6113664283871	0.246695324073901
344875	8.38900561787204	0.144379734092124
23473	11.0811938275421	0.194448316561511
100505696	8.59426685933691	0.145821438793726
9467	9.47668972020477	0.391014096214047
131965	9.9990013429021	0.218498330422828
85403	11.1429864616011	0.349687174217322
8292	8.34334392113746	0.0967597106515318
26061	10.0868407919214	0.309685382448225
686	10.0209251663393	0.424384121417975
23243	11.4957710834256	0.499078270350418
117248	8.33002477957012	0.149278143700259
285381	10.4859613292226	0.190363142367053
92106	10.0379095662137	0.25631013080997
23180	8.72765714064771	0.374726638052153
1618	8.2495156727569	0.146106244055048
23228	9.66695687051008	1.00823179753267
9779	11.3269141598733	0.407988878124758
339862	8.32089662919433	0.216656991289069
6304	10.2375636180489	1.22215566686205
101927777	8.39201714558111	0.336155566890619
131096	8.66516687408946	0.616769951900411
5868	10.6693671235796	0.44089610345339
151649	8.43943475616852	0.0773297535785748
8850	9.94308557792785	0.370069304167084
151648	10.2019145806588	0.386771851418941
79750	8.3385215934021	0.308021624650245
7325	10.1192374104838	0.659779083330541
100874092	8.40772941008965	0.0790883741233048
7324	11.8368533625983	0.393481712246427
28512	9.78707399346591	0.228290554435852
6138	14.8125512924052	0.422558653663168
9975	11.1504777743837	0.589887880787441
7068	10.4301057933539	1.05675707654571
644990	8.34310295631875	0.106720505025936
5915	8.4670692085235	0.293329152525157
7155	12.3962014204752	0.393125666213892
55768	10.3501246722459	0.315497609727386
54995	9.4875141148477	0.468437342599455
152110	8.64118401101549	0.231272777217442
9497	11.29821361245	1.02881618429035
8320	8.54968487368503	0.514178694736581
152100	10.3756597179458	0.230599992536951
64343	10.8777375701178	0.324620274268099
152098	8.46609059716504	0.0913914705358261
100873979	8.28183820205185	0.150272688415555
27303	8.63297670117844	0.376755958305715
7048	11.5938492665419	1.55569640189723
201595	13.2811501231666	0.443925534701044
114884	10.7214297513614	0.918716324749845
344787	9.02031297207843	0.375438089139217
23171	10.426216996829	0.699269015672706
152189	9.51786850786868	0.217684497908406
112616	10.2571717772797	0.814020155910686
54918	12.5439792188944	0.65128453616313
51143	11.3353600510966	0.195362756275759
25904	10.7989550399176	0.219833762963837
2720	11.4633271137184	0.374665350147797
643853	9.1904892316583	0.150923899491706
10491	11.7628333980777	0.815580688887181
26032	8.59637416110824	0.663196055795943
25827	8.9318416323352	0.415977669840259
7342	12.0826225863672	0.318005639497657
23122	11.199776169842	0.377801178392583
10015	12.6282467942485	0.293940689715244
10777	8.38473121145646	0.540768370989973
6769	8.39580403970869	0.51567802363114
9881	9.85399867591372	0.994564496985663
9852	9.55073062950178	0.171012437712362
4292	10.6271213502696	0.39701822312834
9209	10.9828444507628	0.330377762331574
2803	12.1748443129087	0.669745685290035
3680	8.45826020478937	0.169522175461162
101928153	8.49802920761148	0.120920313424706
10217	11.1246769624802	0.766713287180562
50853	9.83427461764148	1.59215976239459
5333	9.03871498028028	0.424427582340753
9940	8.35419509921922	0.0899084577843979
30	11.0286741022615	0.476128364735501
4615	11.1153189977199	0.889015758948559
9943	11.7366759004881	0.376991259062492
9942	9.52442454345372	0.217857104959806
100128640	8.51600979331579	0.153627202156573
93	10.0109150736395	0.332401640043853
9941	9.51355996958102	0.165763987473314
6331	8.72532218923857	0.531611577985094
57599	10.6818360739386	0.399256729104804
64689	10.7631188676627	0.193178113667354
199223	8.64673428400341	0.123965999675479
64651	10.0627349584082	0.538756567436008
54977	10.5027034696332	0.134507580878527
3921	14.8445298695481	0.693607302039447
574040	8.55390693293901	0.0989409900943835
6044	8.45336648638798	0.0584229541144442
25924	8.43707605142581	0.442971958590857
440952	8.42370840746144	0.116479778875156
10289	10.6119000910038	0.356992192182198
956	8.63585067692415	0.581202493387095
285266	8.79133323618801	0.1046148515612
9045	14.3929097968433	0.387039660056313
285267	9.02221720674188	0.376838286240856
253639	9.29777753328894	0.325999807107268
285268	10.6161193476353	0.319634210708359
1499	13.2259106888353	0.451462434081212
54986	9.075989448273	0.379001794098195
22906	11.6905310621157	0.667690832062995
885	8.67525021126082	0.668663867363296
7433	9.15794581175679	1.03918331581038
9117	10.8822116341722	0.275287822147742
51188	10.0000540876178	0.244558725974948
4820	11.0681592791376	0.226862306038141
92999	9.62173759761166	0.357020258408473
152206	8.42035614120758	0.113271015903255
25994	12.4453481158831	0.43847114741918
1238	8.48920607179838	0.19002008660121
389114	8.34759119536096	0.323887034508344
100506243	8.54596006888021	0.646473184031616
729085	8.31391284169956	0.238472277930323
84892	10.1029794156665	0.252341292128264
54861	9.7781210307549	0.254809990305582
100873954	8.3060084653224	0.0859443233532966
55129	10.1877208605821	0.601332930621705
51099	10.7381956195381	0.359043934718627
285343	10.1819354769154	0.335425396179239
353274	10.3344371443737	0.340357689770609
285346	9.00094087327074	0.177044457038592
55888	8.57335731556927	0.398814734304072
285349	8.32575647933202	0.199737892642793
100874094	8.3284213861024	0.0734555918239505
10168	10.0094650425242	0.363285155839998
7584	9.45011535201279	0.171093213601538
91392	8.69609787598488	0.412914575642601
115560	8.6523775483898	0.321368589666304
57456	10.9088248575591	0.287617354232123
56992	10.7623287324232	0.436801555727584
131616	9.58591497551128	0.175211791648069
7047	8.38227206932316	0.128204734917352
51304	11.8536196950955	0.677980257902157
23016	10.752421610996	0.258662549100488
64866	12.1200477848788	0.66665224347317
25907	9.14520489416194	0.55257894662469
23395	10.904085147505	0.378712664914499
8994	10.5765810424308	0.354119888083563
22908	10.8655438682278	0.383686064386885
54716	8.79070697594249	0.870906047152223
54585	9.90504822623494	0.503080386556529
79443	11.0215195797938	0.445773463116169
10663	8.33366899835322	0.0905348710614775
1230	8.55228090782501	0.716696721230561
102724297	8.41767266042834	0.229709789141811
9034	8.90657121906612	0.664524947182718
4057	8.41313892269452	0.558225272400173
79442	8.31285270827955	0.215908056281121
259173	10.1785034807325	1.3347579704638
259236	8.71889879129975	0.522596541086393
29122	8.25173344872687	0.0951078763983368
151903	10.8340410043042	0.351554090013356
23218	11.2558559777086	0.470687660687297
29072	11.8783892317037	0.23663963930895
285352	8.73654256988122	0.0715174459608292
64147	9.36864718028809	0.338461226852061
23276	10.8354710783759	0.252794956612517
25930	11.6354871402837	0.211462302961743
22937	11.6067199567728	0.324866424332204
54859	10.3159026773201	0.202790284383939
10675	8.94347112677407	0.506979700549427
6599	12.8648459436714	0.439617075115273
22907	11.8020066358111	0.256944649181936
4134	13.1179800016276	0.609352711010448
993	11.0288763130684	0.533044406393753
51385	9.39796519233315	0.23842278716235
10201	10.3425326922092	0.246517190874818
5364	10.9185748369386	0.822064787651956
105377133	8.42641766407704	0.122162648580144
79714	10.3961319395965	0.227722299898037
51372	12.5086989163875	0.481122606497061
84126	9.70419521517226	0.171518083653415
11277	9.56566385452356	0.559792646271791
51246	12.5664643978842	0.819167955487757
5210	9.62179526523678	0.261216025224528
90226	8.26305775523122	0.124519408722712
1294	9.66548067674549	1.18509765418263
7384	12.6573795156309	0.299202691723704
65010	9.86077901255984	0.463220307288297
1951	10.5681085659353	0.93948261915875
102724368	8.43394534116184	0.0609550486169439
51517	10.4533763099219	0.272080630928008
51447	11.1769318945665	0.457108159197566
5576	12.0179674277802	0.376819694733987
100506637	8.78984240064989	0.17661737018828
788	9.89947069127984	0.317700788509284
646450	8.61882828223069	0.135160913615493
10425	11.6590933198795	0.267045547341134
54681	10.2611553075732	0.584618736347259
11180	12.0987747104776	0.501162655520044
55152	9.88592488589934	0.169681878838797
25915	11.0489796519195	0.392708170276855
3615	12.9457525943952	0.38069994682123
54870	11.6811214505748	0.281178365121655
5859	11.8778864563992	0.703888624553077
10869	11.2749122730401	0.352198640200641
3913	11.6891714979558	0.911444713471617
22973	8.37793843349539	0.129443523819206
64925	9.86561986001699	0.283518488223584
200942	9.09077673298566	0.797764866880223
375341	9.20678473887573	0.190259136723592
7375	10.7352801022607	0.498276633515248
2876	12.6193535423489	0.482736877575996
387	14.0826856769729	0.343736025874285
6988	10.6519356311664	0.419026762836873
275	8.61851606898346	0.108588692661203
84276	9.14092672137888	0.280415664361264
1605	13.3730692705163	0.556906612279746
100132677	8.39265753582457	0.142933011490961
8927	9.40152701753058	0.741086796072594
327	12.0549231678096	0.339107083866984
4485	8.86659508636044	0.223596763074756
63891	10.9676653215305	0.221146810607242
386724	9.32271253817538	0.286695634382129
29925	10.5619411426766	0.404770867369451
9807	11.2894695123597	0.249427301269158
389118	8.30775403051082	0.105478617284072
389119	8.67689622739807	0.406085732738254
7318	9.22067802236534	0.755228105914817
10293	9.68285525436971	0.204160144984159
4486	11.1956288632362	1.27811799393437
84315	9.96201127483248	0.248433202365056
10180	11.3387367912046	0.32609285489299
10181	10.9935437678676	0.307746891014833
100775107	8.6441413882501	0.1591100918395
6405	9.90191067910057	0.867817067971789
2779	8.26447791367313	0.179601595181997
10991	8.68022959095679	1.03389518657542
2771	12.8343354850423	0.690996662297536
101928931	8.31508016680106	0.0841940406925306
7869	9.9661140875766	1.34026799804259
132228	8.31407880723829	0.12766868921985
7866	11.5053082627628	0.354972807445858
8372	9.25841370052949	0.227516545509251
24142	9.02408182167034	0.103841753208913
3373	8.66837010587135	0.280014567236795
8692	10.8399694051594	0.479909790847969
11334	11.1798045138134	0.292916174549504
11186	10.1201053773556	0.335633502776598
102060282	8.3981168174601	0.149113484711567
51364	8.59999927215654	0.291219387137531
10641	9.75593139738601	0.207615040703176
11068	9.93584173853003	0.335761653751906
11070	10.484765373111	0.328236853650609
9254	8.63228723644224	0.270477288624781
51161	8.89676352988395	0.429809494428554
51409	9.45370991821852	0.209922047336669
1154	8.54693523751789	0.170139047894194
7867	10.9247646441327	0.784049726315231
1795	8.88335732391474	0.488512853153347
7873	12.0969154139613	0.606291765297947
29890	11.3695456908842	0.538856618677026
9730	11.37022273061	0.285124805312526
23132	10.5785103568375	0.33458242227912
51368	10.7154906939289	0.239632346684823
9136	10.812658030073	0.308813116182519
10039	9.90348276958717	0.477508755606341
57060	10.4127535293375	0.468543124241367
84836	10.948963484508	0.346333437868687
25864	9.25454245373616	0.218916810330216
95	8.87570581596794	0.167461359512935
6159	14.6186292859896	0.329074574661314
1849	10.3471016224275	0.53010241306986
25886	10.360412301424	0.378947661033296
211	11.6569992192911	0.332708293509738
11344	10.9809689685806	0.475887414296196
132160	9.28040410919319	0.314145412534219
80335	12.4474877048017	0.270423059924541
132158	9.17843293548187	0.269033375522297
25981	8.9310799530812	0.247949045851387
8314	11.5725137216682	0.349142302418232
51533	9.14358401255996	0.394523303409001
56920	8.50186830874188	0.322486660209598
7134	9.04068745654368	0.625439769205798
11188	11.1583443942952	0.268298738221215
23166	8.39997816866937	0.095383836038936
64943	11.5618049020798	0.792821448260612
440957	10.1923844021498	0.408359535680441
55193	11.5465085321663	0.81481357771461
26354	11.9287615094532	0.498382272432107
55830	10.6890101533251	0.270366854342384
28972	11.7743924161786	0.331844801872116
6787	10.5119952521691	0.373078830973129
3700	8.45700806738815	0.123493683727625
375346	10.0933790132078	0.368877952106994
51460	11.0437998457329	0.357164948119526
105377135	8.77872194258814	0.217519932628548
91869	10.6205375444931	0.439155663876313
5580	10.5615494086913	0.735570524524604
7086	14.2386336590623	0.455238809143714
55802	10.9525924941083	0.289701258791504
776	9.04555556373693	0.921796079225689
55349	9.61318967450601	0.779904649341346
55540	9.35010296805718	0.527345452381484
93973	10.5354835564686	0.278525481128883
58515	10.8903674788605	0.548101264759189
55799	8.2569128472154	0.121064925742789
7474	8.5898376917364	0.510767153437133
26059	8.36480303761449	0.334452941834892
285331	9.58456891143966	0.202963967323923
23272	12.1016345949182	0.186257904327707
50650	10.276698338827	0.460242317822477
353324	8.49120679506571	0.15696293304426
54756	9.61522878036926	0.408621646884021
8820	8.57384157587595	0.0864907079231416
26060	11.5040126595965	0.298861949797091
142686	8.48871601602258	0.0656307070680966
201625	8.4268197057002	0.129374424021874
201626	11.0101214423265	0.178231209439038
378	12.859171543603	0.439641875935384
201627	10.5770505627449	0.558250240996355
7871	11.9502571120571	0.444110327929889
2317	15.2056994915872	0.766370857678744
105377650	8.6260109606575	0.281994255710916
57406	9.59179542989686	0.500132730432293
11102	10.6561932317497	0.169433111182006
54899	9.56424037373168	0.296282867989664
5162	11.5834615566709	0.37403611603749
200845	9.51448536633345	0.261530170634087
8309	8.6160021098705	0.339915153012588
131177	8.35943204973128	0.270256195042223
200844	8.96910647142397	0.444923849767314
2272	8.74935919437352	0.321229495580448
5793	9.51152549838247	0.61123392093591
100506994	8.82106573879389	0.253957264282946
57415	10.1020257476188	0.882261090714696
8618	8.47692427887135	0.678414955224966
100874016	8.30633754085796	0.149522302391915
80145	10.992211440797	0.262862725599427
6314	10.6086884635596	0.289565016725142
100507062	8.50467487040815	0.0770596512654162
9861	11.7155960903492	0.191214697575986
166336	8.49331599982177	0.356186378285595
56999	8.81186450040536	0.686959171194152
9223	10.7555245730636	0.566581901668632
115286	9.99918027869858	0.220345578847611
26018	9.67558493267325	1.11952791985673
84541	8.97915186965091	0.383772090784561
8801	11.4729905706692	0.545618822175636
101927111	8.84787627128201	0.13008709806103
285203	10.2013202184266	0.373891444804037
7110	11.3723848710276	0.258362314574834
9039	11.3591158588741	0.304500316319144
10550	11.5904474521335	0.569362520477772
56203	8.34084592165819	0.261047514340319
23150	9.8573246788979	0.776468068654306
4286	9.74134585060411	0.830908998283204
27086	10.0290528368524	1.08634611403541
105377206	8.38181569150468	0.14642788695709
317649	8.88446076569091	0.760158507888616
2850	8.29139277147256	0.208438291680147
201617	8.23772304906772	0.156352416916945
23429	11.109396808213	0.362358835839593
55164	10.1327183744596	0.191961188752845
727936	8.59194400861077	0.263091618311215
151987	11.297285000778	0.226847160327984
55096	8.43593916262586	0.0660951510728685
23024	8.52189762347656	0.828870262546137
101927249	8.24464438985624	0.204288531970917
100846999	8.56407187543218	0.0746474837116278
692099	9.47865743910911	0.454573554305911
401074	8.39107695527976	0.408819817824266
100131827	9.14064310903492	0.221273559090243
6092	8.40969674340274	0.347690626981841
6091	10.1718210138995	1.62866504965184
2632	11.3000520062671	0.742761969129504
253559	8.90822771785581	0.782676923411671
389136	9.74998356854854	1.39230631502101
100846978	8.33270234065867	0.136276935680377
25978	11.7218437642678	0.68941335674273
8545	11.7359908676709	0.418171156006901
105377200	9.25840952228014	0.121996798685569
55279	9.88569774132085	0.207735111996167
285237	10.0897650292991	0.426610973107991
2042	8.50826586230315	0.43841578290984
5627	9.83710559638534	0.920778726980112
200894	10.2577821070985	0.335789318324421
415117	8.63502260802135	0.391444958788016
200895	9.90560346497528	0.182912296478038
63899	9.57742124713573	0.305299423501912
285220	8.4408930072089	0.302042405199187
84100	9.49968902322376	0.352001958142993
131544	10.6101618455043	0.427844394865429
84864	10.7112276544187	0.184690236419876
56650	11.1586860198076	0.356057766265701
1371	10.9895895588129	0.330108301748035
100874207	8.38140284762416	0.186668012578603
10402	9.19188282511148	0.755253124997903
131566	12.4367174160033	1.82068690657686
1295	8.35983796168251	0.250655260344812
101929357	8.33818021111951	0.166384998219157
84319	10.6992085738628	0.367271600646327
11259	9.19840044279355	1.04049868342298
55773	10.9822933017051	0.407689895217908
56954	11.004224509092	0.310536152170176
9868	12.4710232370322	0.341285565406023
348801	8.74583194422543	0.184294797726433
55076	9.21336466368455	0.794883420040438
10342	12.4988921529919	0.317462541790427
25890	8.50318812811403	0.165812870116278
50939	8.31336567871403	0.084689321154626
57337	10.0048414574444	0.257393806791402
131909	8.34276751015751	0.169307493638505
54931	10.9037450361339	0.263551059563774
57092	12.9777251320436	0.39940726328032
27107	10.865727036295	0.215903734253167
100009676	9.20408997594605	0.261799961622093
6152	14.337285293015	0.310327499643973
105374013	8.64454914101972	0.15445899210019
285359	8.4179132826433	0.159901304593919
79598	10.5415345315356	0.57340535042865
91775	10.3283559268534	1.04240616938359
64332	10.3854964408692	0.758050474896041
152225	8.4452966167473	0.353943084428936
131368	8.4171702008878	0.310055839372256
214	11.6982194905243	2.11296703683218
868	9.97884674508986	0.807132978143953
344595	8.81929788494123	0.201764391000797
56987	11.7980406353585	0.604830145529419
285205	8.25425527572573	0.119433702347277
961	11.6152439629305	1.07339872777471
55081	10.4861127564315	0.745023782340391
22989	9.14085874511841	1.04301838192724
57650	11.4382229782573	0.378595326738633
9666	10.6959726627026	0.427857503099122
25945	10.593170270325	0.848944207020997
10225	8.30286869087188	0.108649890427098
79413	9.11304067458034	0.948398303607897
257068	8.98871252481264	0.354928322240402
100874115	8.37372988669069	0.117803560527186
90102	11.4171968117849	0.939991522954536
55347	11.1474586575012	0.335951965091952
344805	8.3024582691435	0.10831089358244
79669	10.1594805032951	0.578844276248633
257144	8.85171479287076	0.262668704129714
285335	8.3313773153429	0.12242071317447
64422	11.7005017415729	0.324403149330108
55032	10.9208762675355	0.429339751368385
100506621	8.65220162741537	0.543316420094301
151887	10.1089005002537	1.71734101903113
344807	8.27262449907306	0.135189337400265
131450	8.38396165191481	0.122308389612303
29083	10.3695958935632	0.50977483674986
25871	11.0503831093063	0.387822605464192
91653	8.36671706450053	0.207786054787497
55779	9.10395961360428	0.335519107750176
152185	10.0124675207914	0.303077586672396
54847	8.65009841139417	0.489392339089811
205717	10.5929172778194	0.52348477661902
80218	13.9657267134448	0.321542821862432
523	12.3165321164161	0.396198248676163
54762	9.48320583341562	0.431432039631438
254887	9.97600367598356	0.415018432010451
57577	9.08129151766029	0.258869902428654
79691	11.2009965327706	0.318164131216734
26137	9.33889944846038	0.881551761818869
2596	8.35056573431277	0.214798130622233
4045	8.74695063048928	0.445007045932973
101926903	8.38836155085927	0.303232293927133
152404	8.61393358612727	0.780112937501956
7348	8.64881255075605	0.752514283353915
8702	11.0524222134806	0.929151045454439
57514	9.12599854639944	0.653478918196404
100874246	8.4148079188814	0.17517841050951
55254	11.1709930996026	0.341435180514094
56983	10.1069229453612	0.346750007591138
51300	11.8116881348875	0.238551273080689
141	9.01947792131621	0.524760526396574
64091	8.36394103519339	0.0997491401847063
10063	11.1819865358961	0.541782486359059
89876	8.46086147737043	0.372385705927887
2932	12.3385755063284	0.37004555952242
165829	8.53541888536641	0.192492729109894
116064	11.7485678334441	0.450124795471606
11167	11.2121313858644	1.55731397754254
4710	12.5477931884331	0.418503680913097
3081	8.57380879755664	0.77174622539802
285282	10.594282835002	0.455504829357129
2960	10.6320570105017	0.33517259315492
9515	8.59015109266894	0.812794065092348
10721	10.6723917615325	0.458043303494368
3059	8.42776504140731	0.194595043675747
2804	12.4797811502171	0.497187238499429
9657	10.1735204372628	0.309362338837304
55840	9.17719243163111	0.240526553187059
6565	8.95536874971248	0.447295465188645
286676	9.15798375845169	0.710839888393409
942	8.30128697822942	0.109986098898338
1475	8.76645074885062	0.848725309945118
131076	10.6440952308383	0.299897059348434
26355	10.9312483667339	0.382488037917569
54554	9.6663187933013	0.207214726686303
102723582	8.5339817609482	0.104666146251844
3836	11.9202331418377	0.437045331881421
83666	11.4384137984443	1.29156693253327
151636	11.8542479187367	1.03918271490474
54625	12.190766653732	1.33901062511006
79663	9.63168542804888	0.32236186279567
84925	10.3402010303905	0.45605847937383
100129550	9.05442042084284	0.213959016488287
10954	10.7686540688472	0.440213415307083
102465667	8.3724252943833	0.089414638339309
26984	10.2810267321971	0.236042956307669
111	8.47718539388002	0.172999937195388
201562	11.1538086472133	0.35090890180066
100506826	8.64202824252611	0.105400758583986
4638	9.18314014073614	0.6008139340136
64770	10.5658011453464	0.459514595476258
8997	9.01642433092858	0.630857510577576
7372	11.2515609454219	0.227879283183356
3693	12.2911617602638	1.13620436206087
56667	9.73640234762773	2.05294090259661
57493	10.7229715911996	1.36388240424439
84561	9.53224744515931	0.63992710166409
7707	11.5333351959825	0.378440890164931
8723	11.0305524457198	0.263239054257366
114885	10.8080994380824	0.430434785752212
105374312	8.35511955994686	0.212369522045152
100125556	8.97520881714215	0.381413226318048
200810	8.72455537601128	0.361858416024348
152015	8.38125310747777	0.152126262664484
54946	10.8723142529362	0.417301739731072
10840	8.41924342283956	0.162120344782527
28999	8.63193614592638	0.308725405273229
79364	10.6438464240301	0.304671026593749
166012	8.38812892948902	0.318327349501056
114112	9.56362871811125	0.353794482531135
84303	10.033160220674	0.352923502653795
105374091	8.40769288392687	0.0758277211802829
5361	11.9983519014124	0.824326732803698
131601	10.6196297501387	0.404182886929553
4171	12.6202081272533	0.508749637809413
50512	10.7266378847431	1.14664922536183
80325	9.53014253309075	0.515024872606782
11343	10.3651086879987	1.33589606181734
166348	8.5104579875818	0.605830875860046
29927	14.0056267177061	0.431172776278936
8607	11.9289958029994	0.461293755893626
60678	9.80281093412786	0.351093508704039
2624	10.7683800231017	0.943044237711199
101927167	10.1696511715075	0.363467268660015
90246	8.95163088414244	0.316206452615042
6184	14.029806104606	0.27082504647221
7879	13.8490601332615	0.41856497731219
653712	8.55621527840655	0.100373335071052
28976	11.1883027250191	0.396692574070193
57501	8.87701074326083	0.604263947961656
79825	8.61101913230599	0.682449736687958
339122	9.61225558548263	0.396359990920238
57461	10.3967950200453	0.341666545672062
7555	13.7088317614959	0.433281430147874
22820	12.9716296128631	0.496951299663636
56941	11.8126083098202	0.516218678146162
8971	12.5621619589551	0.351164443720119
339942	8.57733251612501	0.178301164163446
132241	9.01284651169716	0.20708311811397
90288	8.37256426439706	0.101622241753141
8930	10.9785004247887	0.270744572365581
55764	10.1617362868048	0.532195140736821
23129	11.1313936435666	1.4111221795615
23023	11.0653678097378	0.5141542641991
100507032	8.91792526874443	0.355422801107975
644974	8.36903494996766	0.146917602908792
729375	8.81791314742073	0.302365437261621
30849	11.1614241588689	0.376973398153414
27032	12.515839400825	0.351450631193979
28990	9.43468376523452	0.166912098685083
79858	9.41128265536118	0.506390854367737
339874	8.39829943032406	0.0952300176543757
152195	9.47684721610291	0.625434813470735
131870	10.9711520177739	0.447795662597874
11222	12.6028612725527	0.27026267738899
131034	8.41553775090023	0.260523026148914
55	8.53947711864833	0.420376185341908
23317	12.3098463485934	0.330195915046101
100532724	8.43315529185895	0.151280022743133
84129	8.80595202183108	0.22669612317746
51554	8.41456914818771	0.0838769742809126
79876	11.1138076767064	0.469085535492207
27031	9.06095600742994	0.329375047476629
66000	8.23837396386047	0.145403852950054
55573	13.3885959638806	0.701801330663863
11073	12.158400343539	0.323162100426715
7018	8.42260763610415	0.0992382753980237
58477	11.9537277678454	0.588681167697289
51560	9.55971686669183	0.95246527046538
6578	8.94870832394409	0.50481476506206
6259	11.5192461969383	0.447494403535216
51421	12.0664881405428	1.15174509256923
25847	11.2691078551266	0.49673721140359
80254	10.463114734664	0.355839742855461
339855	8.2683263156428	0.128716530005092
2047	8.73820610455995	1.03681372355042
5523	10.1157316930201	0.64819950020486
55167	10.9471200763244	0.330065965589819
5096	11.4552735930332	0.329134692064122
10274	11.4557556922373	0.449610155844373
80723	10.4469367976911	0.783405318181074
101927597	9.18833230574037	0.14531402528109
4690	10.9360326155385	0.366800378309856
53833	8.86255856025415	0.358009155910016
51208	9.36866104176341	1.94149408411777
199221	8.71249333729153	0.365396641116732
51163	10.5505237606259	0.265020518386485
25852	11.0878044568629	0.239251271144176
347736	8.38392123920806	0.0878942860866209
22808	9.36473726457366	0.915815141056634
83850	8.76010498332322	0.454621757381061
80321	10.8767058979171	0.56007447712679
55179	10.1495629477884	0.25174331249127
5291	11.8638660137483	0.485891892377703
103344930	8.38181937959817	0.22317732301233
668	9.15188056139268	1.14677117397563
401089	8.69678366745909	0.565169541140967
56945	11.1647173506891	0.305168090677689
9276	13.1853951262941	0.347457779922615
100507291	8.75116034046465	0.184826847969804
5947	9.16273127447292	1.44612724468264
349565	8.59782951827975	0.367598568313187
64084	8.71124391848144	1.21713872529182
55186	11.4759445308327	0.350883123124084
92370	9.11101153649261	0.405204128510791
253461	11.6764701867879	0.397220541500796
5922	10.5052101810981	0.331656621315348
9616	11.4286996659524	0.296944226795915
483	12.5763248151285	0.373973868925681
7029	10.8223230775383	0.780953814374042
256356	10.8898594286953	0.354790183623047
54464	11.2421195370593	0.294458689240336
545	11.3694464137967	0.305205270441264
5357	11.9386991360356	1.03079490817658
7220	9.46530016342557	0.645957868956781
26577	9.06636098977182	0.567185303052098
344838	8.3059700195291	0.1420443719393
100289361	8.57901230780182	0.108156821831975
23350	12.817920689818	0.460033828141348
9435	8.58020115100105	0.240229592524249
285195	8.45580448848983	0.22285256878724
205428	10.1170437279284	0.819753162094289
5352	10.7994565927163	1.64010329555547
57088	9.23013423912387	0.619999837705838
57047	8.42232060768401	0.200726058554107
5359	11.5138211996213	1.41045363346604
1360	8.24429401789036	0.112363689330297
2992	11.4828943655442	0.404975521867808
6596	11.7083046349308	0.617603234100627
84343	11.2857793113167	0.60933784356272
1356	9.00107488049913	0.804954814600971
116441	9.60088572964423	1.59753544278223
4071	13.0788656985411	1.38951221997222
100874091	8.70270768420927	0.269950732507818
7104	8.51863275610847	0.439566019283561
25937	12.2317870242588	0.938281927145178
100128025	8.51262151426282	0.0988053478623261
51122	11.1049872132179	0.383140513437743
389161	8.24984092885291	0.124097709888454
11342	11.0709168782873	0.464335375987775
5217	12.8438081338309	0.882456131618765
646903	8.72216134133501	0.217206618373658
653659	9.05178534264016	0.0888390080075791
101927992	8.30952481103802	0.152373306800539
9819	11.4455531096391	0.542906796664192
27230	13.1515533122005	0.693729804010316
83939	11.8855966166522	0.471514909834775
51714	12.4183227936342	0.223417655760648
131831	8.35563894961529	0.0736642232606249
101928085	8.61604226335175	0.199348605481448
6478	11.0843611242786	0.478478811401268
116931	9.20700000675535	0.624683883407345
53836	9.74834712649191	1.31359659619596
285313	8.8926993364696	1.28881475329189
201651	8.69374380808133	0.635624858529338
13	8.50291734080264	0.402437195281519
56670	8.87708466334241	1.64492158094579
4154	12.5548312414587	0.489907962721823
401093	8.70796774482189	0.258739835117614
5028	8.6618429699112	0.534263130906674
5912	11.7344412751383	0.987232863460302
100507524	8.33995876852591	0.163825348524485
26084	8.32313112334136	0.17991319484623
170506	11.3321312505565	0.281720029320319
4311	8.98040889708185	0.801765251097749
23007	8.81227979181217	0.465104614875926
285315	9.2768169248381	0.149410422984615
9197	11.1797345420748	0.64343926587285
8833	12.3762491384405	0.37044399226303
7881	8.64864776766823	0.182121261798558
6747	13.3617148065437	0.631267444275816
100287227	8.61102786482278	0.0948851085064985
25976	11.3945465541718	0.948155852097049
730091	9.0361061601298	0.425152852699972
647033	9.20923846433208	0.122326459211012
389170	8.68282767843732	0.19002441887135
339894	8.63948355430051	0.326096944431283
57018	11.2354785987033	0.2408185362495
79674	9.18121364507984	0.595523874134655
5806	8.92870448468618	0.554516877599123
152078	8.64101731757407	0.367360871769241
6474	9.36475554272073	1.2362653365179
51319	10.7651885156259	0.33997240712914
100996447	9.36801851447966	0.223370238151079
4291	10.4022784604004	0.706764411341441
85476	11.8314941266691	0.239577892369694
56925	10.4472030904569	1.78365209497325
5918	9.6042750748142	1.59171371321503
64747	11.0773816699342	1.13230228778692
3592	8.59247794856068	0.296628046688162
401097	8.50417656322492	0.22433546400221
57560	10.6839629248382	0.350321627615499
10051	13.630734495418	0.466756293540761
286827	10.4842942806452	0.621182312202281
3840	12.4133802033983	0.433160136290613
80117	9.1203100886154	0.700472800588688
151742	10.1017529570019	0.697115832157532
8706	9.92192208153327	0.795251090694863
51068	11.6464644102899	0.508092599742346
165679	9.10214111900283	0.923909299906089
101243545	9.519898281022	0.145707963870121
22865	8.28803003753388	0.2108686863731
103695433	8.62684238606959	0.569578994357551
590	8.66136168913442	0.544550127233943
79740	8.24457489567767	0.158594325997706
11235	11.7149156478701	0.483721095509315
5274	9.50545975893064	1.38303141605551
27333	11.5654162457445	0.55139443646046
2122	9.95966378020169	1.62831423264228
7012	8.65061381886669	0.219958958338568
84517	9.13464146626487	0.302008850134248
55892	10.4102761320904	0.286112583551407
151827	8.69710670013876	0.443446676455476
344657	8.41036930157839	0.280798431518166
79782	8.42981568630714	0.333428005183165
100128164	8.32639989411642	0.098824449377322
7095	13.0351674242324	0.280143152407244
26996	9.74874537404102	0.708471125470114
80012	11.4159065349012	0.347972422075963
5584	12.3284501498204	0.482969201869433
6498	11.2162546014156	1.01697486730054
5010	9.70041477621447	1.98425627745945
200916	10.5569401354841	0.613972094005025
56648	10.3334256669251	0.649463780973503
23043	10.3318713431271	1.34853487139157
5337	10.0195728166515	0.725410996014031
64778	12.5357322642743	0.736103842412449
8743	9.87016723647928	1.01733077238317
57552	11.2574480790628	0.809954911794602
1894	12.829713077871	0.466586535762681
22871	8.32182251257897	0.1720494982069
254827	8.919177873978	0.462255921940207
79718	12.4424267741545	0.71938089543517
102724550	8.31975292327978	0.139276508104272
100874330	8.37873647503855	0.541197168491439
104797538	8.32555625208827	0.356205003225166
10242	8.35245423096922	0.436921058689169
64393	10.4642098179626	0.604818479567218
5290	11.1840437899996	0.289490687946129
27094	9.0987630100103	0.207343390981573
51193	10.8606445309665	0.304170311788848
55669	11.6494073076631	0.2177510614969
59345	9.38260974717872	1.08432339262312
86	12.3470493502101	0.330283211422822
57129	11.2423698735976	0.220608634331465
4711	11.8871196642721	0.254367715976198
8975	10.6533949077256	0.450966175435158
51555	8.38277211273221	0.1664513571483
151613	10.5355778309181	0.318926678996469
339829	8.61154837657515	0.0900898774659029
8087	12.7740229088077	0.4133058738194
131118	10.8678359931464	0.222133084028115
347689	8.38555572664797	0.159913936816354
6657	9.67205995504135	1.69375693687786
401103	8.23641099045403	0.117558368633732
23200	12.1165803581556	0.410585701969265
54165	11.3328208085005	0.323392841573066
56922	10.9644578714612	0.389629129540482
27074	10.0204743285062	1.12437616434497
23101	8.78078311612328	0.180585844819608
84002	11.0485619856095	1.01552442388065
100505687	9.65819384747045	0.385779145819044
54800	10.457038895558	0.6493827185599
55689	11.4659284638524	0.336004574440436
79929	9.06681251310084	0.30387612233414
55486	11.6236733184872	0.209361960518261
10057	11.270853004471	0.678942803665965
170572	8.26119961732385	0.156621309865059
8893	11.508025963388	0.343644998888129
1857	12.3548144537719	0.488745900363477
1173	13.9099453340822	0.312909827360579
55324	11.5560414626412	0.291934915621784
90113	8.79075538170231	0.78856066175238
10195	11.3216876020045	0.32796613892713
9718	9.90359916778846	0.293118140200319
94032	9.64617869553492	0.597025754216642
5708	14.1402587338883	0.413681086856846
1981	15.1440512645635	0.28999957099314
131408	9.75475297828924	0.649414493492002
1181	9.70369863880107	0.201411711311205
5437	11.523231934717	0.325374125802769
7066	8.45015724941525	0.630048313953386
8646	8.58493307911979	0.595490423213901
2049	9.72532071651289	0.579061043815356
64110	11.3639879319977	0.496466444074695
23355	10.5624011261736	0.516274145570254
285382	8.36257517059109	0.285093303718251
1962	9.7456976329692	0.59324776676221
9175	10.7670135968841	0.383693878902661
90407	10.723092628922	0.671967961753863
200879	10.899771268034	1.24765216522518
59343	11.703440248015	0.413652363349692
10644	11.9987712413684	0.519753154135822
6434	12.8728011317494	0.198959822014078
344887	8.77785418401077	0.418283268822641
2119	10.8955030850856	0.860098790947217
1608	8.92668119897599	0.943532779040615
1427	8.40980440705534	0.0887125671012804
55171	10.1672765267374	0.24675410646145
51726	12.5125894742552	0.55178643700279
3273	8.33919008495448	0.172284501938291
1974	13.2754624458683	0.71360203466697
619567	8.36078679886645	0.101781459320048
677847	8.44807699348561	0.132516068900384
6043	8.45169768193213	0.0885296826503597
619568	8.40762401536121	0.100733895065368
5984	11.0268846155301	0.379441915443283
102724699	8.34717833653814	0.121890932936296
6480	9.48337942853908	1.3683734824572
116832	9.84923669088389	0.714028667772458
5648	8.29405807317634	0.144705953127984
64108	8.89557365779594	0.672878911728457
6750	8.32554592322277	0.387943785494518
604	10.4660460822139	0.755734183453809
339929	8.48632808610798	0.0944564118367207
4026	11.8874704087349	0.482854347053777
285386	8.90261300264889	1.11309396164528
8626	9.51592009916468	2.006089228979
55214	9.95628013715093	1.20898466073351
9076	10.9548694086338	2.13643674897437
10686	8.32753549893723	0.251149520184355
3556	10.2870384618651	1.02622157691424
152137	11.5016504256053	0.688801723764685
2257	8.55103797432919	0.5142160103246
151963	9.96998474078267	0.571770636318086
57110	8.47925664292509	0.366509982033675
84789	8.26700743034945	0.115308468510096
84239	8.27725687011596	0.124080057138953
4976	12.6089879529771	0.401467878187942
3280	11.2775932330342	1.14068426574076
100505920	8.24685240524699	0.116046005115334
100131551	8.47336534766144	0.242617088928898
131578	8.35270676566304	0.186574256007965
79572	13.061503560529	0.503272094774523
401106	8.83104655271037	0.316099544488577
100507297	9.20346931597866	0.325537817200798
93109	9.83766532089832	0.460557270834993
55341	11.5483121180186	0.296391845242913
131583	9.710016018332	1.24238255643079
152002	10.349500799455	0.501445075675285
101410543	8.43763141637774	0.324640227083898
23527	11.4599509931783	0.346313340179064
5504	11.1903329567347	0.345782739427027
347	8.51250456873768	0.457264055945147
200958	8.49980164107242	0.477713138246542
4585	8.72646970063113	0.582401033969035
101929697	8.39002421457097	0.241306394676879
10188	11.6526471070995	0.737188639160548
255812	9.73194555000721	0.325947239399739
7037	14.4079246603299	0.316164544621788
401109	8.2729651485089	0.129653462377123
131540	8.25495850840096	0.112902049860955
200931	8.59443318291492	0.10079496894456
5130	11.1028875708713	0.456472351133689
255758	9.4753089210601	0.267246172428295
100874214	8.50058244393838	0.181625781149043
26043	11.4258439213979	0.303314561276339
165918	10.8757900500489	0.35340678907389
348793	9.9510633340395	0.222495857395942
200933	11.1625468899313	0.430036276660551
375387	8.85817014191251	0.924003393720194
84984	9.38663395719447	0.466976263841643
54965	10.9416787672947	0.623843624339285
5062	12.8772064614846	0.528863000798276
205564	11.0623022623771	0.326525274240443
22916	12.0194495486344	0.486472740126308
152217	10.5776781448501	0.302679490889419
80235	9.03028445442797	0.331084271691165
4241	10.7638942008134	1.57285063743839
100507057	8.85490630896077	0.403790586556041
1739	11.8854259614104	0.462285789065817
100507086	8.48933889651676	0.176410500495887
622	8.33945096425538	0.0879582337953937
220729	9.52152639061332	0.247599782276587
9711	10.9191823493002	0.378115065874081
84248	11.7114603731461	0.537214660818676
84859	10.5769932154095	0.366293147225671
84223	9.32393000640871	0.321745999393093
6165	14.8557277330507	0.282599201704781
89782	10.1818551385093	0.676839394587264
728262	8.36781950268016	0.104777917911702
152687	9.39662429389769	0.495725926983464
255403	9.44070516883679	0.569088809717024
642280	8.50734637887856	0.192379735381388
7700	8.9291624760451	0.446758166808781
79963	9.24715435181033	0.221008854722744
170960	10.3993656959144	0.343561205322931
54872	11.0774246382119	0.25193856123756
5158	8.44606337978458	0.383232505254875
521	12.3528831590917	0.384176778087144
4636	9.00296812435371	0.197681552928643
84179	8.96017968071197	0.313814058276438
10336	11.4663171724316	0.399730976893221
100129917	8.92745536584426	0.332574936358385
10815	10.1077824752648	0.97903816575643
2580	11.9042253865117	0.384271001775463
84286	9.76346536586765	0.345750819097489
1609	10.2474733394965	0.450299200234442
10861	9.27368877358589	0.381642206190397
3425	9.49874666393181	0.306635734328611
53834	10.9951498382404	0.758836143065094
10417	8.90347944707824	1.47770996973346
100130872	8.38046824329119	0.248812807603977
285463	8.49556451938675	0.108166698315123
1487	12.2439316644826	0.530964147310768
92070	10.2166435485179	0.382938680854208
10296	11.5049513105009	0.339736330860201
101928621	8.5397724324465	0.119476146911475
57654	10.0586999858267	0.337532018263848
285464	9.37723015047534	0.228081982056858
152877	8.89772670195597	0.237583468645947
7884	11.83844988252	0.300315520539332
92305	11.0974597975743	0.391041411067885
10460	12.4822776148661	0.434761507494677
2261	9.43411111641674	1.12652991998337
3954	11.8380807352306	0.329666470472092
7468	13.2107971965911	0.472460371245765
677770	8.38170531261628	0.070800890117139
7469	11.0454106630378	0.35242439357431
401115	10.6553827364362	0.387723019059419
339983	9.55942694342572	0.97921306887862
353497	8.7497970409225	0.367834210050553
79441	9.87673245888252	0.223340424365436
10608	10.967706360333	0.731626819230844
57732	9.30974932237382	0.422936110931302
6047	12.0459563043103	0.366692539245488
8603	10.7980374477108	0.164782953044195
79155	11.1177538843403	0.48288810362846
6452	10.813406949144	0.538318580628487
118	12.9184294847992	0.297683135931099
10227	11.633375291778	0.515170012875872
317648	9.55423681561715	0.437684415555133
8602	11.763004943978	0.31246337942763
2868	8.77566948029657	0.155003779154526
3064	12.1377069215196	0.516729929583048
345222	8.39988273510577	0.0584774964270382
6002	10.1951418540123	0.875884408253301
3083	8.34968999518113	0.166360411648751
285489	9.55721452565201	1.05734132885789
4043	12.0157048611172	0.29543661077799
152	9.63252319077223	1.29261364660415
348926	9.20676506681649	0.262693962893064
85013	9.96034717524335	0.409099295900427
55646	11.2477061753931	0.508211167301371
166793	9.14775335340563	0.119552019706078
27065	8.56293226463614	0.292086346159161
53407	10.8059623287017	0.414563684899042
100507266	8.70094537589919	0.156969853414463
4487	9.17024947209028	0.402108929155885
55351	9.02190447224708	0.981014389613605
10141	8.25575494796608	0.16924792479573
132884	8.30221226022377	0.306085392340263
2121	8.76968763891573	0.854719477407056
1400	8.85763424132562	1.15521475978946
389197	8.33903507949631	0.38481485364546
152789	8.38668940701358	0.5469508472684
7466	11.1526338635413	0.596734383482973
5522	10.1528703736815	1.19644654806174
23324	10.9620333585365	0.286934007698375
93621	13.7851352375742	0.337688854371565
93622	10.1773304636614	0.438031215091159
6286	11.2183548522659	2.81395673226844
114932	11.302143116803	0.369882810457538
55330	10.3920918579215	0.410988336722847
9778	11.3948658560919	0.372606720077829
57533	10.9249179032352	0.312290211768873
100129931	8.33901142668522	0.0671579521873483
257236	8.9734457186435	0.260586167119116
93624	11.1320269783767	0.335654135007936
80273	11.5475178007901	0.286227928960333
730971	8.33548310221168	0.124644796459749
57537	9.10757203701813	0.837374913916916
768239	8.67677109357506	0.804314534728335
84740	10.6457894439528	1.87238281574286
60312	11.8057424236228	1.1274932319045
84448	9.02676828292806	0.645602116666264
54436	9.49363878671835	0.91462343059938
94031	8.59247645536103	0.262085182172753
8310	10.0214539567091	0.263620446363253
152992	9.74756353636375	0.153444406633789
27201	8.31144508233362	0.202064055393106
8532	9.01872443846302	0.658657571915711
100287013	8.28758372600061	0.0740903575017667
101928948	8.32167324018187	0.173234195775724
56606	8.7131918838604	0.416925738088585
9948	13.6975621098991	0.347261195743391
85460	8.56009373666179	0.890876242434419
116449	8.37837876413952	0.515623413996929
9957	10.5840601346386	1.34912954192993
9364	10.0617702304633	0.257176839047157
579	8.65575890424312	0.179236571845671
285548	8.33726043052047	0.172003787198761
259282	11.6219546087929	0.427423147387503
201853	8.2804804672671	0.156601580761675
132864	9.73339193946319	0.451594814560634
57545	9.33133593886478	0.518286630588781
26234	10.8665679300558	0.3194019403226
285550	10.0710779297708	0.333923885802214
683	8.52528251907191	0.162621631035005
9982	10.5161735198174	1.92224329338016
8842	9.20973610889741	1.10864141673741
202018	10.5341148222693	0.304765197842874
202020	8.92810098267298	0.21340686755375
5860	10.4706484586676	0.543394920145998
51056	12.0846333077749	0.635925669705213
80306	11.0272397813285	0.502831283415442
27146	8.71960640489196	0.176443770380419
54876	10.8211374515178	0.496854343670161
64151	11.6038374153679	0.575293983411241
254251	10.1806018922355	0.281649740201879
9353	8.78813632988374	0.806010472628882
133015	9.65493828273338	0.332256476986316
80333	8.78625510451035	0.195402911506132
100505912	8.33279469313906	0.0914409404259181
166647	11.0548314007854	0.551126708013375
57733	8.23815754007323	0.126641226938954
10891	8.97590443737326	0.919101694610751
1665	13.0318080058541	0.371559179797243
6649	8.7155600910737	0.704026932351831
91050	9.56955742473105	0.524170532692099
55203	8.50551711852532	0.700800272551125
51091	9.73673791006934	0.430777128790364
285540	8.72147499105685	0.16412275502101
55300	10.8986285792999	0.285112804235986
29063	9.95691106141727	0.414146494010725
29945	10.3821317190714	0.173414811862673
10568	8.31430449238965	0.225341769361861
23231	11.1501198465923	1.85708473988238
389203	10.2174349157444	0.317164505892019
3516	11.3523991569503	0.538957189659982
55296	8.96258166366279	0.176285642782878
57620	10.7163424928081	0.329498912927546
5099	10.5651826847839	2.19571830555549
116984	10.357562357577	1.14993202361719
57495	8.37536648400029	0.169797512046614
55286	9.83000730188987	1.29672346364974
768211	9.77570124863377	0.471624027464933
55276	11.0328286433163	0.629241198910423
23216	11.2976960205845	0.799048417458057
79667	8.53963569399958	0.103289216149381
51274	11.9189442786623	0.780411506776812
81793	8.27110935321813	0.115001693160397
7096	8.66691940347263	0.261900196350791
10333	9.67050936866942	0.707107922841124
92689	10.950904919837	0.530146147278241
80008	9.18781642443491	0.764160176999526
51088	11.819413710066	0.8048501757056
57728	9.65106884897322	0.421702418269229
5981	11.9442599560499	0.467980878780863
152831	8.3648649579028	0.0945214412624915
6133	13.5878933761482	0.58870184283373
11019	9.81325835446401	0.306267917215566
7358	12.5610886663785	0.912676142173235
100885776	8.9315868825882	0.186226652310441
201895	11.2144044956499	0.740929830299299
3093	12.4141080564206	0.633172333264423
23244	12.9462273122184	0.400061659601294
55728	10.4343615659293	0.469177754258535
399	8.33216741074065	0.226777405275051
54502	12.0207619590027	0.990492612112584
79730	9.17552364119097	0.821239871145719
323	10.6346063602426	0.511087099875681
7345	8.61779203502788	0.481917725139848
22998	9.98733356059901	1.4124753728032
55161	12.0054529877867	0.458864923997745
285429	8.44984233409821	0.127326057347256
10463	11.7536388660029	0.404029498372305
152573	8.31449285385902	0.130406136152155
10396	8.9675308083082	0.536761246027415
100506827	8.37617886094385	0.280090106768376
386617	8.33227321258928	0.332149269190563
60558	10.8093538636676	0.307169620785072
132789	10.2647844656158	0.292010719674098
2555	8.50594314362589	0.794060473146409
2560	8.25783330881218	0.120798774265514
54951	10.4621749043237	0.333524164497562
57205	10.423714530742	0.491310715440397
10699	8.45803328271861	0.243034537393222
152518	10.3900650698842	0.475457014815953
101927157	8.34787214620748	0.111482114729748
1259	8.99639919014112	0.88909816885258
152519	10.4156468901667	1.37460080326708
7294	8.98036371520163	0.536881982229698
7006	9.26448057815	0.429077264327187
57606	11.6522583019212	0.340030199142636
201780	8.34166883964035	0.28713460916155
285527	11.838438519958	0.442413058875938
54940	12.4547812297794	0.453490953762738
132299	11.8641585137389	1.36931377537139
23142	11.0463494725841	0.270725450810897
339977	8.37493000465357	0.132279246817471
6443	10.2606444229349	0.827131957450662
132671	8.35748938380191	0.226772729117157
64854	10.5448151275902	0.391009463874896
643783	8.77095274160437	0.133508922132389
57291	10.9825631801198	0.770261181938828
100616436	8.30029572930937	0.0930647522718637
677810	8.39372962170983	0.105283128285212
100288413	9.13354554693407	0.933755697876937
65997	8.54328566196331	0.285898932520368
152579	9.97131423204907	0.314443304236027
81608	11.4201151766712	0.356940191270983
84708	8.97283409490694	0.712859508632825
100873955	8.36219474501554	0.201228627621722
26511	10.1085036463246	0.513268848498532
3815	8.27744302184744	0.112197837349561
3791	8.40964166294813	0.200439356285779
79644	10.4214866473208	0.706102836846644
55858	11.7924032352161	0.56988080174111
9575	11.7692565050827	0.569144077398106
10874	9.87254879257228	1.79034058950148
55763	10.9655188466717	0.546026567657749
9662	9.94129331982988	0.327058832252885
57482	9.9086749022771	0.871608451304224
132949	9.79174518021468	0.255407342568692
5471	11.3463239244899	0.306156761276109
10606	13.3247777707451	0.557304207594437
6731	12.8999454571042	0.400826335040705
132946	8.51784928122663	0.279319083155527
84525	8.55022321104892	0.473250757366979
5978	10.592226540605	0.773027341339288
84273	10.6013728263798	0.310334979287088
5431	12.6569279912438	0.307357538242308
3490	8.42419897228507	0.304962289412218
23284	8.70123772917008	0.713729547311075
2044	8.28622568077247	0.178715402582029
100144602	8.24245502863285	0.136491930024902
1060	10.0833786008345	0.271527457163708
55236	11.9672155898839	0.340233137863789
550112	9.63573184809804	0.295274810757467
2798	8.36779379081006	0.110605374140619
91746	9.28745109334165	0.513631482690378
7364	8.26859037958947	0.156753371364772
7363	8.27223684883483	0.25815133201939
6783	8.28971861749877	0.305814560926021
1447	8.21786954212928	0.123421553086396
3347	8.47875086363752	0.809375937112271
3346	8.30994434634212	0.361817635718459
54959	8.2816405427394	0.206414010784688
401138	8.29007002611102	0.301102773351037
10117	8.29824612562257	0.206117249835395
57050	11.1856809877017	0.221110841475299
22902	10.4006536233115	0.288063817595947
2926	12.2842332632986	0.352070225619912
92597	10.9152886479133	0.425232970989363
1633	10.8097256052104	0.333726996071866
8671	8.57063622973142	0.395899015011099
2638	8.21063986864397	0.104063354109818
10886	8.32322771577227	0.154742199611491
9508	8.35218036355856	0.261901008503376
285521	10.0862354415222	0.25337994540962
26057	12.7092809308176	0.271152865457958
166824	9.5258505299441	1.11543254870997
3576	10.537313023326	1.95610753355701
6372	8.51024810785561	0.299600864404299
2919	10.0478035795287	1.17296279103497
5196	8.27658591259686	0.161277116354165
5473	8.32752582748432	0.308509250808065
6374	9.58244581624315	1.46655306075236
2921	9.30132453737008	0.733165884055768
2920	9.53941944629208	0.739835469585595
441024	9.53655221004747	0.348276962788239
255324	8.76868603362043	1.314835925932
2069	11.4854866643312	2.40919798715794
374	11.4781274409521	1.41920619850751
685	9.39638664687979	0.604321674441789
25849	9.79829749276128	1.67595108469235
25898	10.3799559954949	0.330520829330602
152815	9.75831589396389	0.197797011620079
152816	8.4695515000611	0.575254606853939
8999	8.76888013674288	0.466025460775004
9908	12.9330855174959	0.4989022851866
8615	12.4558328184482	0.344314569886927
27163	10.1522764699532	0.586244923056808
55153	11.3141726855029	0.34433342605666
3627	8.4123178731516	0.261104071468005
6373	8.43112380891551	0.219576911324865
53371	10.9815581908339	0.368357679683691
950	12.7257335421631	0.450522074950638
100129583	8.40657053123266	0.0794057263950861
8987	9.11175613791635	0.177134456267169
57619	11.6473935543794	1.04004331637172
345079	9.35699326096353	0.632575385586889
55752	12.6806647014655	0.624539982554307
10983	13.2285434005042	0.400187231794297
901	10.9933433864364	0.689593995422423
246175	10.6909175517357	0.19175982442147
65008	10.5139537384214	0.430422736540285
80144	10.151748786739	1.3330189503787
306	11.0150964322561	1.94315226070357
100505702	8.36893636641883	0.276284125891401
55589	10.6288485480541	0.300946218298233
152559	10.2310456431675	0.470919323755158
100505875	8.36965082696345	0.183840070628582
118429	11.4014492402978	1.27381745081301
56978	10.1094761508038	1.18842872028253
2250	8.39535650141257	0.221033155569301
255119	8.37378426823805	0.376571137908977
651	8.31895191423897	0.197281737438587
5593	8.79874641022112	0.453204800174146
101928942	8.31273455945076	0.164815064890131
153020	8.8048859617534	0.780307692801462
3184	13.7928686726297	0.538519691261697
9987	13.1663098088622	0.390213174506099
58478	11.4919540713207	0.526283563549924
441027	8.41620668511252	0.223848906495326
79966	9.58580323529024	0.874127721890167
22872	12.3610677422839	0.37067233606426
100499177	10.0501599379004	0.332371439242841
79725	9.14797972198635	0.145709447640468
132660	10.7117441009335	0.444518552808825
51138	10.8504565187704	0.358328712953295
51316	10.6605659673509	1.27477049250348
27235	10.6023231059484	0.388154152220628
10855	9.82656352684927	0.548203123845245
113510	9.67458850520153	0.11321908158883
51023	10.5599165696902	0.253846663690651
84142	9.7006840276939	0.453671213903218
84803	11.0337862049465	0.913955830754374
4825	8.65996919883172	0.333628036036091
1040	10.962751419764	1.20138961382426
23001	11.5592296541505	0.295608266307778
404201	8.76289392728969	0.184734643178713
83478	9.00653909063234	0.865998323789717
5602	8.4227695644056	0.162704543924859
5783	10.0999428783895	1.25003016802346
132989	8.72471143621424	0.299488823240983
100506746	8.85211917383346	0.109139257491726
4299	11.3150599385376	0.375461196869794
57563	10.3369430275917	0.346169122151151
51170	11.4192437755126	0.467407673028979
53343	10.8388236285886	0.255588367330879
8404	8.39338354065739	0.218903567602389
6696	8.95645231760057	0.76763017505072
5311	10.3189329175419	0.787902863523986
9429	9.69737602744338	1.13906486639446
152926	9.8382320483363	0.483015300423659
55008	10.6936438431456	1.55629529357507
51191	10.4681395445899	1.33926606676661
8916	9.9196429545018	0.761365510720527
266812	9.15668152788804	0.632209561359693
10144	10.4535891197235	0.660861608088526
166815	9.74219104752136	0.549620506041774
285513	8.97754238462261	1.09279136973599
6622	8.88850253041346	0.77831566054227
401145	8.97000162372427	0.632131612670704
56916	11.2189612389458	0.352008932422582
10611	11.8374836531834	0.945421104101077
658	9.05583586935338	0.581633505491269
8633	8.52618770199852	0.468899657028656
5910	10.985394509704	0.336776134061995
10098	9.91329533651245	1.30293432412974
1977	11.7421505652503	0.439352118168121
23173	11.6844447936608	0.496934925370015
128	11.827486111117	0.768780155769309
100507053	8.40721945640619	0.0738291547528951
126	8.95512452737001	1.29556654984322
93587	9.55335498196292	0.385687709115242
27071	9.13905002845348	1.04610629016204
8649	10.3800508238152	0.315718701398194
79982	11.2509402500124	0.349958170216448
3015	14.1162941076667	0.597508515237168
256880	8.33490095828114	0.0772801546472039
115265	8.63044086795943	0.838028505010212
51705	8.35951673781981	0.479164960954672
5530	12.2894989959659	1.18013651297306
90024	9.23539680159985	0.494363999753568
55024	9.1579015779871	0.56409140550423
64116	10.9355676753171	1.10414963253067
105377621	8.67730872899516	0.159905360951874
4790	11.5881413592966	0.365291922412218
4126	10.861437158743	0.570078959604097
7323	13.5228602718712	0.39616665151226
493856	11.223259936552	0.382961006909893
150159	8.44229285561157	0.0867150636841135
133308	10.1598697066684	0.722086846371461
56898	9.4261130613739	0.587631116925107
1062	11.6356644521147	0.442073555719538
80319	8.87746406707494	0.615556159810341
54790	10.7146041395845	0.397491973153816
27068	11.338843254501	0.356193599396552
54848	8.6134089053095	0.505834527118432
57117	10.2105410239093	0.249672825192775
79807	10.5323899152029	0.48104424246021
255743	8.67219407369777	0.493233165819464
93627	9.84848891598734	0.247666070729123
9255	11.4725766678272	0.306792126951197
27123	8.26990906859925	0.140771586678799
9061	11.1804925710649	0.541812483103862
166929	10.7551198685963	0.843979671212205
113612	9.15930474184936	0.600004527442871
3033	10.8350412512006	0.589220027621896
51176	8.41612933956453	0.205805905846568
285456	8.39413649969246	0.0940941607414984
6164	13.5843063334997	0.453891031282143
58505	11.8395844897623	0.443454227909454
64850	8.26848063499872	0.139341446021663
100533182	8.51232218521733	0.0869953762688717
10427	10.779823672676	0.472541780815463
55013	10.4291200547798	0.332465367070047
839	10.4038043670552	0.402137284612907
81579	10.398376162866	0.390500836776705
3426	8.8752711812635	0.823761280915711
54433	11.2335441848007	0.435804778123868
1950	8.49966883512526	0.226641851400795
79071	10.6781369286303	1.03099461664761
2028	8.44195790944382	0.28697934193485
5308	8.50408659799209	0.446035784115598
105377368	8.28247659263804	0.169604296234757
132720	10.1363953848342	0.900152232630256
55435	11.1960931010211	0.679618417918571
92610	10.0243540159282	0.506028415399848
80216	9.70144062266264	0.907714279909115
63973	8.3168430253599	0.155426479876239
55345	9.87435000356311	0.473606703408448
51574	11.1987249233903	0.487690021288135
287	9.26874578939142	0.923618928947069
817	11.0242874901288	0.774655314769609
79642	10.4082748545141	1.14050779573796
7368	9.89370173229037	1.04130505539418
64579	8.41311898698772	0.535224141288058
133022	8.6291871569732	0.300148517025396
9348	8.29802251205677	0.126520672415899
100093630	10.8894022784742	0.602295139230274
677809	8.33531460637106	0.0992471329894886
8492	9.80931345643086	1.35923993180946
729218	9.42428763096944	0.461220369498518
57721	10.3555835880937	0.290916223769552
9871	11.4211166618608	0.780571522711452
171024	8.5474082082815	0.184441236475942
54532	10.571131797349	0.643992462566826
401152	11.4381892114669	0.359421314645595
401149	9.0280947659238	0.185719430911296
645513	9.04205053031458	0.139387753617454
8654	9.86702404817336	1.338913063865
4085	11.4638676854151	0.360975280455051
11107	9.13898009075963	0.442670179343979
79625	8.33112395892258	0.214321259909698
308	12.9344886848098	0.593964479880902
5393	10.3873039733946	0.343302906873223
890	11.995304951514	0.604092931471617
55212	10.0730844514749	0.234107082827496
84162	11.4726325324409	0.452843465957506
166379	9.11386883813837	0.306135238737464
729338	8.51513888486133	0.129485318172675
2247	9.30466071608807	1.09665164381444
11162	8.99232303523087	0.261407567509954
166378	10.1341770364188	0.417230547730742
10252	9.9824738518205	0.786677771866563
285419	8.4586712563629	0.425278057817831
101927087	8.32848584426112	0.292965857310636
57182	11.9274861011077	1.10076888753258
79633	9.44337817647196	0.851118743093197
27152	8.94629078076664	0.286296959940225
22824	10.747153647248	0.399573608773274
10733	10.786804840414	0.452836661737165
256471	10.2565396414078	0.252909311067163
80167	9.80055129136254	0.248172714248403
55132	10.8088874284979	0.592853649027833
10424	11.6906065148349	0.480369321812463
100507487	8.47949951225347	0.0790042280712179
79960	10.7279197976972	0.406949247039126
132320	10.159917416636	0.358754778704848
132321	9.80505934168563	0.3689495234204
101927282	8.22816052124852	0.137116583242945
54510	8.62192539326936	0.848908793733429
641364	8.41264394580111	0.193364247097137
23657	11.8244526419377	1.36253311091145
25819	10.1003121048767	0.777864481713062
1998	10.4320189670346	0.381985464362756
84709	8.36647862203942	0.131342119220962
4717	11.0734988287572	0.292844450573078
80155	12.1418525950721	0.436159244424054
83452	9.78740086334925	0.2438797621963
80854	11.8075766161041	0.654021803818816
4258	10.4813941043405	0.744175794784235
55534	9.50173088337601	0.856539572067307
60592	11.255249749497	0.679106684873198
100129858	8.44325315793887	0.134781019365112
1047	9.44038012344451	0.777868660946273
255520	10.6088348121909	0.388649531459292
23158	10.6167255373017	0.705245733291877
57484	8.42124025705218	0.279998824116196
27309	10.531419198115	0.337268190368711
100507639	9.51773483845335	0.853457895419873
3600	8.98349470673048	0.328787755020791
8821	11.0513379256657	1.03396916038059
105377623	8.35010838700222	0.0640468498999316
84640	10.5087512902079	0.445060620854089
2549	9.86367944636892	0.560087436175989
8467	12.7485382086904	0.361448697020705
441046	8.81659514302347	0.395321667334998
10393	9.74976191801856	0.20594129508146
6059	12.6433700248832	0.407222271587557
54726	11.9742979502797	0.305457112114587
4086	10.4218085877188	0.394825836155545
166785	9.55047327361468	0.360373734571228
152485	10.3982998859533	0.671073283298277
11157	10.3215004904231	0.412355200788385
84068	9.8338637470263	0.422438041260691
1909	8.31769969231158	0.196694707933914
55751	10.7702076600571	0.294262457015315
90826	9.67204738499523	0.125496049701773
79658	10.0609339983138	0.47430226835409
4306	8.89848716031535	0.55794779595779
166614	8.63167166799516	0.617238850081534
987	12.2334925235072	0.417352120657196
6189	14.9827605102859	0.443725153441359
152503	11.2145934375202	0.632319239223518
729830	9.96796437600947	0.88162773810743
5188	10.0903017512331	0.335333580718358
100996286	8.25788488327854	0.122094764787883
55294	10.4578636812388	0.379309223656454
54553	8.93885115786541	0.29652505880237
201799	9.77310047507795	1.01037787267296
201798	8.57069627117669	0.130222278413813
27236	11.0000314841738	0.445827105533829
85462	9.52078921691491	0.770451219514274
23321	10.7595583809803	1.11440151442615
303	8.36154754412972	0.0819461556435942
84057	9.60366989584157	0.320208081733141
23240	9.90779257513606	0.707539501429785
7097	8.6415004347923	0.586666475763157
54798	8.29550645215697	0.206180492554285
5356	11.4116049969228	0.372677944306559
2244	8.34225995103128	0.349436364403367
2243	8.21956334387079	0.113331871683257
9227	8.64702092727373	0.425960186525144
79884	9.62383384471462	1.23153337376767
2982	8.97193298438003	0.885405819749102
2983	8.90852681109194	0.627055662429942
56034	10.7378592344464	1.07238591309678
2743	9.37010657713704	0.698525331388378
51313	9.64516000327223	0.999609744960936
55314	10.2540017975053	0.457757455173149
201725	10.229206697833	0.512907934354737
2110	10.7830509026512	0.377807438536722
5481	11.2397431199568	0.43097820662995
57600	10.7750264118233	0.609999786963887
9693	11.3099439791447	0.650250749987297
56884	8.83990964116779	1.19312568840008
92345	10.6787127662852	0.385258791831046
4886	8.34123831454241	0.171656237104022
55319	10.4174712359539	0.663428969298727
55016	8.62142119642628	0.146822170364149
23520	9.30014108996362	0.210195351618607
100505989	8.29530871754833	0.181006310986497
152756	8.28563102449408	0.192517365051647
201931	10.9141389901291	0.715159095093202
11275	10.5610332791353	0.719439174065635
6307	12.5222639689328	1.30926152941114
1363	10.0684373821185	2.38713996343042
101928131	8.27805190565241	0.272924469477795
7092	8.31257039342915	0.138480915206189
50859	8.81665716048366	0.737830611687498
11199	9.47436027298206	1.85459961183163
55601	11.5541593369513	2.10940168931123
91351	11.2832630102097	1.27919800156999
23022	11.2751249643519	1.33047920358148
84869	10.3329270537507	0.28727963145113
57630	11.0670185212666	1.15382585340161
4750	10.2292219354933	0.484600940373068
1182	12.1759436435501	0.5175330802957
54969	10.3195752277848	0.545950612933181
9848	9.13374500658009	0.700098733412896
51166	9.18693273114806	0.418684316639946
101928223	8.34075197056252	0.296379074374418
51809	12.4904209353468	1.05867502138595
3148	12.6557379588473	0.89171457093436
8819	9.84550166421777	0.260748368352604
26269	10.0736530266192	0.616352548367965
80817	10.0996978642166	0.460289687369439
3248	10.1389134626601	1.93292791960777
8001	8.53186209459638	0.673688145293053
11086	8.24368842420062	0.103326717864076
2823	8.62768819738566	0.237406875335766
116966	9.37195483731371	0.581465770084989
140458	8.33513352559147	0.319185065985025
60559	13.1927810304593	0.663041935749382
7424	9.29488162290707	1.1017772057187
55247	10.1864423962817	0.677436903588171
175	10.0864632186322	0.497374106714532
285500	8.51199446548458	0.318203293603089
90768	8.43895199265151	0.386957116680812
55714	9.14511432566331	1.15569240914158
1635	12.0537164406804	0.608776253698148
152641	8.54626737788425	0.182248835064528
80014	11.5639850827688	0.774012263597192
101928734	8.23962996175617	0.166872082318316
55602	10.4984400859313	0.317675379259051
389247	8.62593992645049	0.165847074172908
3622	10.0014020485533	0.319401111281206
201965	10.4802095681313	0.371395755137426
60684	11.1080266672397	0.409693724993775
56977	9.31236954853375	0.510148851159319
728175	8.33677101565167	0.0813485631074367
3660	10.6454710027843	0.501313339960375
836	11.1904878754374	0.346605605282655
201973	9.9020502949738	0.330558879530577
79682	11.1119581150532	0.85504459424395
2180	11.4754684802499	0.678995436275995
291	10.537403501578	0.451581345263427
57587	11.3912545748174	0.714559187219121
83891	10.0418705274457	0.513919794346491
55805	8.69133847294073	0.205055572136186
353322	8.70700180747103	0.214647429938815
55325	10.1973579028033	0.222284021765175
441054	8.45262667577662	0.0782796609548746
256309	8.69844191293532	0.395216397852292
27295	8.59689285164962	0.478067753453101
8470	9.86209964890501	0.843289845862299
7098	9.48526817651599	0.912162791756847
105377594	8.37870587276223	0.229126698057286
25854	8.57413578442008	0.308412731816075
651430	8.33867432822963	0.106773505329549
285440	9.29733301873932	0.439130180714196
285441	8.23323451885138	0.166351293863549
4543	8.36635718655833	0.126785777759151
2195	13.295137525872	0.967107844607005
339975	8.28906569748308	0.318337690924748
205860	8.5070926772601	0.399702844306387
2483	8.63934281509377	0.405843674943554
105374752	8.27678894713172	0.12103290674687
153478	9.61347425688417	1.03229696134264
389257	8.38305405836976	0.277758863961309
133957	10.6739331635337	0.250395516372423
6389	13.2940816271817	0.53669452423771
102467073	8.42249371111573	0.116163731256193
10016	11.9924621804128	0.463506902311392
57491	9.3261333583728	0.590919074598102
116349	9.34543551631957	0.284630235197518
11336	11.7471736999674	0.446469921584424
6550	9.68013733734721	0.293761824517055
100288152	9.10699637120108	0.402076111467473
55722	10.0832572702569	0.50938930574236
11076	9.27869910077406	0.487572283807112
101929895	9.54042083884908	0.230366777942624
653082	8.63451605323921	0.2977425515559
79844	9.2594626515364	0.420735193837012
65980	11.2655844162697	0.399855881284257
9319	11.8537733238015	0.633531265796389
85409	8.33580638437895	0.179875986040072
10723	10.463455625961	0.625810334379308
101928793	8.37396131755062	0.116901591581622
7015	8.83658885345017	0.432759910860749
81037	11.5735151625709	0.490132013310114
79888	9.59093934431624	0.365452343077169
728609	8.99329265704108	0.248428306529192
728613	9.4509794612643	0.311991704637575
64979	11.0807189823078	0.306023418667089
4726	12.9552023238861	0.394537425979947
50805	8.27509216380304	0.146328887533334
170690	8.85410839118549	0.382449596529397
23379	12.1511012611284	0.418123548592855
84246	11.5465540157617	0.578995988333115
134111	8.41299227468371	0.476587309063996
255167	8.34642498681428	0.281382084856286
54888	13.3392272405216	0.609891880800238
6715	11.0245175275952	0.566664670256042
11044	11.3079042262533	0.43976764232935
108	8.38401367968369	0.517838997935363
134121	8.29354211181349	0.125449914027874
4552	11.3468071172543	0.275599379330783
79072	10.0119995536309	0.283673882944503
100505738	9.55524223931613	0.436920385512724
9037	8.80071376543789	1.22756170589902
100505806	8.50701636136464	0.831124262523065
134145	10.449747890815	0.536211991999266
22948	14.752693298846	0.508798697153756
134147	11.0282646460504	1.10479754041522
10299	13.0835702170116	0.370998715074714
83853	8.46034173015436	0.175206797135002
651746	9.79848009634748	0.971157573491616
1611	12.891592213117	0.616696957380813
1767	9.61057866427055	0.562700681421353
7204	12.9590862852261	0.510047065219124
54491	9.61573671361217	0.955918616080219
90268	11.3049178891012	0.502478228287234
56172	10.5762846350653	0.937207308289583
100130744	9.12982176509254	0.255233899575705
90441	11.5493035798663	0.594341550305348
54463	9.38767618846431	1.32877412959414
101929524	8.35153702501486	0.204144433763352
4651	12.6476813399942	1.07848668369503
285696	8.25692815930794	0.167917971433389
10409	10.2488062050147	2.03328144256802
1016	8.68105099498142	0.895941380856326
728411	9.52480111889338	0.247067085035996
100506217	8.32261728308879	0.0934960426161739
1010	8.73232062641562	0.93582259118911
1008	8.40502561254897	0.258566425970178
105374693	8.26695042324038	0.130837980243236
643401	8.29941711318764	0.178765388902906
105374700	8.34811290706307	0.427417535651343
1004	9.30638910695807	1.55932233199911
29102	12.2824948531402	0.418764698143833
55322	11.4244550726647	0.424412986563447
23037	9.02352995044831	0.969278133396937
64083	12.8171786572645	0.517470398443606
54545	11.5881539231761	0.389490907498624
51663	12.459024174158	0.333213069168532
10923	12.7736821951685	0.585114673056413
4883	8.503218584708	0.178674291088402
6897	13.6679741033867	0.638017009772817
81792	8.71586047166823	0.911870553507114
23600	9.41216778764657	0.403970466902228
114899	8.46111539475104	0.203040416148207
26064	11.2824881002068	1.14051929183399
153657	8.47000424332442	0.0836891853583344
5810	11.195297512715	0.58668655342683
55299	11.9459004649507	0.570116122229625
134218	11.9525753077921	0.435987718385254
5618	8.50063409519371	0.498824142247758
79925	8.62759446402311	0.600066300280701
3575	9.10519062706518	0.927899513904988
133690	8.26919727552412	0.184768608904401
92255	10.93256368976	0.524995786676071
6502	11.6663298339145	0.560058783940814
133686	11.0543178690016	0.676382382532726
202151	8.38873971911615	0.190494882937435
6507	9.89470112375477	1.95615643008109
646719	9.89769411102386	0.505921953064796
25836	12.5787070696388	0.521297737561431
65250	10.8845812496315	0.609132694896632
9631	11.9134870085669	0.433234749321392
55100	10.8224067170604	0.374676604743458
133584	8.37932566335333	0.379732781132576
3977	10.7996269738927	1.718988716742
100506495	8.55967852107242	0.325836103235729
101929768	8.59383582018984	0.189521415804881
9180	12.0640936588721	1.53060802219639
253260	11.5710004604093	0.526325683196798
2533	9.15970537176488	1.38268804179942
735	8.23484002870159	0.155242920136544
1601	9.24702226884513	0.788620403768514
5734	10.1633156934561	0.92363605778958
23548	10.3242655066878	0.364534316089368
5562	12.3165238624515	0.614645475506627
100506548	10.4974400011953	0.55404242687435
6167	15.686041911158	0.616924155969287
84674	9.87821372303655	1.27548017133766
730	8.29354706749393	0.18201738341542
345557	9.24253834950181	1.18035503172731
5019	11.0288360583171	0.720722421385334
285636	11.3502166440387	0.293478646510306
26272	9.51704780073202	0.495452612780024
2690	8.38418077586556	0.180234918959151
100129792	8.52892619176194	0.474597540833465
6414	8.82139529490557	0.60372270497055
643977	9.8038826781839	0.939684069032499
648987	9.65222829522982	0.480911292217767
389289	8.83565384304569	0.188952526674405
153684	9.08060038948063	0.192854807700186
100132356	8.81489336755184	0.171766672057776
100506639	8.9050424795506	0.104581514391549
7690	11.3506584411269	0.290744683626015
167359	8.51218588307702	0.133922819020357
3157	13.1848204428381	1.20777939208123
56477	9.48921758782435	0.576159864835278
64417	10.2408443669997	0.425526959266673
375444	10.037450541892	0.315731496951871
10605	12.6121730283796	0.392302217067979
100652772	9.89101606270143	1.01748332856019
23530	11.5469074380672	1.81221467938638
100506674	9.06084412380932	0.868506198801644
10884	11.6216249348868	0.569697693227704
348980	8.67151051018057	0.871699307218222
133418	10.9198851044653	1.3210553051819
79668	10.3036927054611	0.851341874538577
642366	8.46543148419154	0.256850824903809
3670	8.91363574273096	0.541002667400439
53918	10.746171399436	0.373357280910904
3672	9.39813350582455	0.785475124032503
3673	12.0926133094982	1.71046884450538
4338	10.8989871347635	0.259080106052134
257396	9.09557232993878	0.265999843867505
10468	9.71786377758668	1.65527199381976
4724	10.9949349792981	0.243068340101726
54622	9.52816283300096	0.418723142038338
112574	10.2813574469015	0.410430392241781
493869	10.3845576451383	1.14843218039734
345643	8.9047417315696	0.27702445587353
10309	9.33953906496703	0.442796600639031
54505	11.422610245431	0.338267789919493
23517	12.0946511292139	0.398705125965796
8611	10.2901773632355	0.931959339315861
379013	8.32288169088525	0.113445233052069
153129	10.2901427382067	0.249631471649338
133396	8.4936304253083	0.311334329107435
3572	11.289768292983	0.61569245688027
441072	8.41914083356798	0.0821422967267364
101928419	8.27197944926455	0.13625786650858
102467147	8.3027964383935	0.140229058269
4214	10.3683184422571	0.694774806053686
133383	9.35268050301534	0.436291748392369
166968	10.8031678266945	0.44718142285762
65056	11.9171070716683	0.297854584487931
101928505	8.61320327581686	0.373605922631901
101928539	8.35134139806694	0.241687934221954
101928569	8.37333843422239	0.386700428861161
10769	13.1112031611929	1.0353298237003
115827	8.72270925737473	0.971614242725415
5144	9.84290150737189	1.15520810396333
25859	8.3083288661086	0.179568951203415
55789	10.8930933529165	0.521593769765504
79993	9.88094810225018	0.944126468010557
1161	9.60978255257875	0.233943355680306
91942	10.7967960058152	0.406409580443527
643155	11.6616038861923	0.333428197145512
57688	10.1171576837448	0.275934868931862
3796	11.6256254855248	0.373300135476508
27292	11.0908810863308	0.295065433977077
51194	10.2883126576663	0.358768875689964
100130733	8.38500448579418	0.0807587245616329
285671	8.38515482484359	0.267796683818795
401190	8.2442346120613	0.164528157237418
285672	10.9048469680861	0.248289119488722
10283	10.9997642502683	0.277291170586222
11174	8.72588137477839	0.273086294858317
64105	10.7141682194646	0.406469277837953
23398	10.7073785405531	0.309774315621758
373	10.1399047843578	0.305529875819183
80006	10.6143384694788	0.225986680329956
54557	9.95875561981068	0.197535302478299
57486	11.6121875796731	0.529485921344686
55914	12.4249000806498	0.56293967064658
140890	11.7109123246611	0.180684363990519
101928741	8.52399940994538	0.361783089961908
375449	10.1432402982874	0.872778754294696
101928794	8.51663611659579	0.21652719969524
5295	10.3357914408713	0.61816812109677
101928885	8.29406768793129	0.117928388629696
64924	11.5917687146774	0.349589053524952
891	13.1437750468298	0.583649954750339
64946	10.6341013652006	0.560826997825451
92259	10.5471378475037	0.192270044663972
1022	8.68159308091136	0.102411967760987
202243	8.75528545186697	0.200394659649485
5884	9.15640915649736	0.432365763546723
153562	8.72012587454175	0.342793728343966
100506658	9.06891675371508	0.460337580864779
728340	8.5195722917494	0.211798904347411
100272216	8.21734328440692	0.101710718637539
653188	8.32735361257038	0.163598207378311
6607	8.46486160078175	0.255346331991036
11039	8.37276552682384	0.0869984118843232
653238	8.62725020231778	0.472202264818891
11042	8.45610779383766	0.171958372404556
8293	8.28578093935643	0.140743636887106
6606	8.37338246433538	0.26676532264401
2966	8.59417302157142	0.399675096141614
100049076	8.52723693835872	0.146327980921109
64087	12.1843048744792	0.423777858711697
4131	10.7533227077928	1.79636154874497
23107	11.8383436525561	0.51966129509882
79810	9.75648531081863	0.409576488431204
3842	13.4664730554759	0.376300081551089
115548	10.7801681122159	0.268455724595034
134285	8.73697019634202	0.228054343711981
2297	10.0144394542127	0.846690412679901
689	14.0217863965026	0.394669649593812
57763	9.82883047108625	0.309450605643535
84135	10.5558855396537	0.308745170767089
64283	10.6176988257037	1.12144927750021
8507	11.6677859755859	0.949733682015939
3074	12.5008378802627	0.729112286377191
84340	11.1392568855744	0.404366662075913
10412	11.6845697417921	0.386824546099684
26049	10.4737289111043	0.525487317173498
51301	8.83057632478828	0.35773528739178
104326191	8.44557496025167	0.18200576170526
256006	8.54655378771819	0.204498277164117
3156	12.7040360677981	0.655795031223286
10087	11.3040741518627	0.331895985748884
51426	10.5503647913962	0.243700537224269
728780	8.38407982033486	0.122670408255932
134359	9.80733088624722	0.217358468361863
22987	8.28501057433195	0.167599097129889
10788	9.32625477752627	1.32400785285103
2151	8.62961509703289	0.574523804573985
2149	10.1415311587788	1.48993313397964
2150	11.3170346914834	0.819731377019563
170591	8.25153913890901	0.148041012446738
55109	11.1578548698136	0.436033591637246
84327	9.24537372102377	0.418087936325817
728723	8.63647142687311	0.215635152916703
8622	8.95062068846387	0.55314731435907
55255	10.7453071240582	0.523082759311556
6902	12.5529062616442	0.426705379451406
105379045	8.73790804817409	0.170029538282461
8546	11.8982370001052	0.344769298379306
728769	9.2952010293068	0.287234263860081
9522	10.930082052382	0.744512100986435
10184	10.9748049854441	0.577244839772205
411	10.2287427371695	0.375583071998209
29958	8.29458484498019	0.104542144113347
635	8.27543792248278	0.107880225518394
133746	10.4407934037344	0.553212673059357
9456	9.7545291354425	0.269732983637936
105379046	8.843091767108	0.118449599850197
167153	10.9730893020821	0.269667139552713
202333	8.62780645290668	0.10011102823764
345778	10.5311083950506	0.400225126272476
7060	8.60440918655613	0.312326995879304
256987	11.5407555355131	1.60710884468382
441089	8.57190275515115	0.0719981291867097
9765	11.4214754406997	0.570675444185388
167555	8.89684912525838	0.276447619210766
340120	8.42818608532487	0.254152223740518
1719	11.8087103506203	0.600041721573816
100462981	8.59799786884586	0.132286427715244
4437	10.3873210400949	0.378045287207179
5924	8.95900694340779	0.700248695622902
1160	8.47143022924186	0.0671303209328501
100131067	9.29605983886804	0.297633952967749
84240	10.5628604497136	0.401873119411354
134526	8.23247602370054	0.163691508894162
23635	9.57029184899833	0.495870755747447
83734	9.68245825663699	0.32159808220265
6228	14.8361172289617	0.435696598908374
92270	8.95803318020752	0.2371895313268
153339	12.4194420030682	0.337601462811026
7518	10.1343575582471	0.399215516942155
1462	9.61981747685146	1.81305277167159
105379054	8.25426313269538	0.189201823010011
10085	8.58060202491026	0.610261194250929
1350	13.6153039352936	0.356104518499763
5921	11.9468935591502	0.727407856390202
902	10.8613192319511	0.249398268531497
153396	10.3799302791849	0.250200516844364
100505894	9.19040483224111	0.275164606446132
645323	8.34342128627263	0.160621112908451
4208	9.30466886928347	0.681826984601442
101929423	8.2637793544074	0.122029853233598
1070	10.2938865137791	0.311578716162815
731157	8.40479042618237	0.0832765898512755
153364	9.48387345630999	0.392595212743507
10622	10.1780161031308	0.657889221893355
116068	11.0171191797368	0.303641535654486
84059	8.3549757296277	0.176327456516392
100505994	8.99036978350089	0.643253190769199
57561	10.8622466611291	0.391506666305686
100129716	8.74764556309927	0.128460632977298
441094	9.5439781269603	0.580424704137465
7025	10.716659009183	1.34799888283363
83989	10.3501494039558	0.408749634531788
285600	8.70632655414793	0.176996382847074
84250	10.2689380103965	0.365424926977295
79772	10.0403478177477	1.03789859957139
153643	8.26469920004712	0.148227384453721
9652	11.7741874411512	0.397680040798307
153642	9.80712508937846	0.571191445438479
285601	8.35764884711785	0.195075123260018
317671	8.59815011970799	0.135621057587817
22836	11.4305597369218	1.07458164541875
2745	9.80476574781446	0.668166402871547
22936	11.4413995869306	1.02119814965274
5122	8.78900038347925	1.48772132837647
831	13.3750961062458	0.57862334951379
51752	11.6314343625439	0.689782789999793
64167	9.89057781704177	1.26546509606119
4012	10.8127989287311	0.234112445825977
55781	10.3226262917105	0.536840496322913
285704	10.484841246301	0.353329104361377
503569	8.50468567985563	0.110019616931509
1105	11.711406814195	0.332331670425094
100289230	8.7026883577125	0.176853174291098
345757	9.97677481092778	0.599332960229632
7903	8.59468845429943	0.518906789186164
353189	8.3726322301779	0.358917018686779
5066	11.966281834954	1.18618169254299
54826	9.3589209870021	0.142791438577233
23262	11.2895451131983	0.433270445056455
90355	10.0490669773807	0.347392278217152
83594	10.0859673690442	0.42190115470606
1946	10.3914775614228	0.513081455488441
64839	10.6456241449804	0.27694599194872
100652853	8.68893577908736	0.266552157266471
2241	9.53417599121591	0.482061009557669
9867	11.7415338082927	0.527992981905356
4124	11.9537978277115	0.457312277169684
642987	8.37141370407425	0.128001503951374
91137	11.2552620142585	0.292739193742011
85480	8.34254097853098	0.364677534026252
134430	11.2726542179129	0.382616848238217
814	8.45243960066741	0.409937165510548
134429	10.3987767968894	0.953041480054554
100505678	8.37655685793109	0.124416032224911
9315	8.9257617981511	0.681340834694554
64097	9.63724476541736	0.837408527148067
114915	10.1254041174511	0.316145908349332
54508	8.50955007659662	0.349528684043045
324	11.1313275326613	0.417299205372657
6728	11.0366369154322	0.251546473655771
7905	12.5224288327132	0.260438818610232
167227	11.3559313893953	0.497226980839016
4163	9.71706586687766	0.875045672487958
64848	10.8491715702268	0.373702698402167
3781	8.26483918077675	0.104751657303516
55521	9.05290156278228	0.593201434570558
5229	10.6508992025605	0.251681808024242
153733	9.69180755232669	0.363161317864532
56929	10.6006843753992	0.428812426120703
101927100	8.46537861394727	0.0806102369803166
51014	12.0101401533222	0.277129137060383
9140	11.2088625250755	0.189239560232944
1176	11.6757865589422	0.368092771240111
206338	8.38882228491083	0.0604603982726924
644100	8.62749192010858	0.400373826712089
51397	10.450740578916	0.269917341545397
57556	8.73183185355124	0.260628142131109
728342	8.32349712138621	0.153012976446579
285605	9.82463563670305	0.283883093219004
100422885	9.37210211885268	0.232120036473491
1657	10.9783826242063	0.269973665185457
25816	9.81890748533744	0.822082213199459
3295	12.2973725577352	0.42681439883033
51334	8.37775009269094	0.200686962570813
153443	9.99629924023797	0.189726258829937
4015	8.76026690482469	0.298406287266616
9627	8.48999950229256	0.559416898826044
6643	11.6348543640275	0.466834659168885
28966	10.0045603051872	0.496373450469378
5480	11.1683511766745	0.341554997635135
93166	8.54848226127441	0.102572856816823
153241	10.3809008063587	0.396702600502986
1456	10.9429096972532	0.424341284705586
57507	9.48260923127684	0.994932309181387
65983	10.0660705524114	0.751119178326665
501	11.4728054158898	0.848208464609257
51808	11.3197491369799	0.395573368107838
4001	12.8989181794117	0.62341321595306
115123	9.03633113262392	0.555197871867329
401207	8.81681881155125	0.426857941528827
105379198	8.41592314555482	0.192010243644563
84466	8.34879439682082	0.191893829812375
133619	11.5698028822965	0.229282713798761
644873	9.99670223548897	0.30873853862262
6558	11.7274973728644	1.17043304394809
2201	8.48525465334312	0.250608320755551
51015	10.6032075511968	0.330438983609885
171019	8.23973714617987	0.128892004977864
337876	8.64301464208879	0.522124305397991
3094	12.7039567874224	0.351270609474844
90624	10.6722939142936	0.441103589075139
56990	11.6133933428041	0.32362912983028
51735	10.7152133586503	0.300493377316142
96459	10.9185339053855	0.533233013812826
23305	8.41146994829295	0.166997758102911
1437	9.21628682106831	2.16382587194971
8974	10.8631826561194	0.559396980600578
8572	8.84940784408016	0.778742982633719
6583	8.91007851253024	0.264024329553191
553103	8.71423205847459	0.18157762367049
100500865	8.35295804793664	0.0721673137132499
6584	9.97165919138804	0.591000617491433
441108	8.80087056844375	0.258425182179477
3659	11.0357531385805	1.0263656931546
10111	11.8369653723542	0.566384237613343
11127	10.4430150825098	0.372690976081854
645121	8.62178226367604	0.361348194726569
23176	10.9466654739898	0.817653794029197
134548	8.45450280419442	0.216147087625954
134549	10.0007254940851	0.568259255410276
2661	8.57304438677797	0.121882433113691
27089	12.7637539172906	0.349013456435823
116842	8.39397184278811	0.0820855726546906
27125	12.6340518437093	0.370452185295713
54819	10.2483648453576	0.170513513782408
3308	13.3461329184055	0.430697847470157
23105	8.82755896773405	0.670256679012119
56951	12.023663259354	0.512748519226159
7416	13.5731461785888	0.390365359340212
6932	10.0261467433604	1.49909562452937
6500	12.8921725119661	0.296733718517931
5515	12.9576330375031	0.200378526094972
51265	8.81433976449946	0.166686702126569
7320	11.0355142295272	0.226727408492963
91368	10.747930605772	0.568876451959846
101927934	9.23502121675016	0.322659053119589
23338	12.2870486789465	0.581822547728328
51128	10.766941966575	0.644813232575953
10802	10.9119524100971	0.407565353645995
819	10.6688539822514	0.414431762212118
9879	12.6365686450999	0.326371544316286
134553	11.5291246925213	0.550525695282799
79770	10.9708723749905	0.323940192668565
84105	9.91485363408658	0.268676503486325
347732	8.53227547518711	0.090136528720318
5307	10.9931309323973	0.970830434883109
100996485	8.8445810334093	0.118260488548933
101927953	8.31778989017451	0.201143942172403
9555	13.3554294809793	0.34295325528368
9547	8.6559585169026	0.825814705577912
7045	11.1959992486499	1.56324131722766
9597	8.39016335762888	0.0964679607140371
4090	11.6390656518147	0.477738071894407
6695	9.77407381712758	1.52049154632581
26249	8.99716768675305	0.590691156755253
10949	13.2732188266157	0.384684558422112
9499	8.47661162312688	0.295184423979128
27039	8.49059389546968	0.196475861107262
51306	10.41117628469	0.425937867246515
8382	8.44578754663588	0.437167909562827
10902	11.6778892271358	0.525006176104949
10112	11.615766201449	0.785925215777013
8697	11.4634910214759	0.417373375272228
2676	8.35658712903991	0.163681645868772
995	10.1438384014128	0.655340998415284
51307	11.3615430697667	0.547725740496289
51780	12.2271270602041	0.468077426017682
51308	8.86687035204659	0.707272202977264
1958	13.8412757666574	1.54918823204916
2107	13.0265596661554	0.350615512719154
3313	14.3013291647505	0.50944514373273
26785	8.39775190968119	0.0931625755433651
105379194	8.45663959728185	0.193620060393433
1495	14.0477076640126	0.526219059141779
64374	10.9018403561357	0.463974423378608
724102	9.00752770324058	0.260649048221537
9782	13.741389263958	0.227021212236745
51247	11.9333379083114	0.425092717771679
9963	8.40392255487671	0.0917539526309489
51237	8.24811849324258	0.1353713831595
389333	9.4428536922012	0.35803307507122
202051	9.37631012338391	0.292570792511364
202052	9.49288229870746	0.360354730464623
641700	8.25150799699697	0.10731736122927
340061	10.2416827031105	1.30692873150338
7322	12.5881101455244	0.218651498277975
51523	11.1758353496401	0.696032266350554
9542	8.8247301066724	0.665800476343052
100505636	9.04153594757844	0.135382383672637
5813	10.8561689046984	0.289910886061065
492311	9.3000328202307	0.322711800425122
101929719	8.35111592371415	0.139340518019422
84418	11.331295118161	0.572167968987848
5201	11.3022863110019	0.501158459936367
1839	10.3105983057208	1.15611316019199
404734	8.61247475986074	0.118275576239023
54882	9.40177725654337	0.147924664739659
8637	8.36228664645599	0.121940434076683
10011	10.909416389674	0.282179767399798
10307	9.3336181316314	0.334605961895875
113829	11.9615359372417	0.321724378414173
55374	9.60297489505735	0.441149635742019
929	8.79843056555205	0.26864754732164
4695	11.5405247288998	0.294078788287548
3550	12.1562853345617	0.332347922635333
54853	10.8661272577003	0.273117358569068
373863	9.50812665461892	0.163925569379852
3035	11.8126762346788	0.391468009275351
23438	10.5671786436566	0.286471207387862
153527	12.3693145285275	0.411638615720739
56663	8.27636252673298	0.130034552850253
56147	8.26958965933278	0.121219801067255
56145	8.27308430138385	0.139150759571618
56144	8.527429589113	0.561865389740998
56143	8.21486293980952	0.101213038020775
56140	8.45257958338733	0.538355102296547
56139	8.34159380898339	0.168198522175459
56138	8.52059220278116	0.473820794444766
56137	8.72914504687486	0.838622674952762
56136	8.29245756435765	0.156618401433873
56135	8.35280112425275	0.246489784689487
56134	8.81220076989954	0.629840222108146
56133	8.71474701299253	0.72820759260308
56132	8.7567075838289	0.839573944109102
56131	8.3185647024896	0.175074311658775
26167	8.30509732006217	0.145593568381891
56130	8.55556002449457	0.654644390033474
54661	8.27692571308143	0.132783370451472
56129	8.38212871549847	0.222805372458088
56128	8.75167336188306	0.897708976910993
57717	8.61776678513506	0.63408065023835
56127	8.62991068115988	0.351237845954918
56126	8.53548945519013	0.267841293208192
56125	8.59655493118423	0.540154218030465
56124	8.396495465613	0.238857964836021
56123	8.67880082528191	0.630319049757982
56122	8.9603707903071	0.579036035602293
84054	8.31139420772206	0.0936442296498472
6879	12.1187836859321	0.284204470749681
56114	8.52731030005236	0.154524291912205
56113	8.29557323593801	0.109002163531555
56112	8.30326489621799	0.173685922772518
56104	8.57208126462538	0.325892179376352
56111	8.42058761527633	0.157400938228562
56103	8.91192802313013	0.577961023421843
56110	8.38532907126897	0.159051182313054
56102	8.39760329235849	0.178194658426508
56109	8.42359101220996	0.129486063749919
56108	8.32148511448024	0.134328716647307
56101	8.7397531325208	0.775914189078977
56107	8.4695892747175	0.260831508595182
56100	8.51515031991649	0.462429460515981
56106	8.56021972446844	0.384002203099321
56099	8.65850536042632	0.474912807307163
56105	8.43777542559715	0.422985471257749
26025	8.32321142734858	0.260514507954781
5098	9.99974084250653	1.18958573523874
56097	8.29563260943039	0.12297544939312
1729	13.5683285848717	0.517773809813563
8841	11.4450682201247	0.462258486879874
285613	9.79432656302648	0.501491352880779
89848	9.78974918062449	0.327070523465302
64411	9.85363521149293	0.942208642643718
5097	11.4750455070721	1.88040067011911
9812	10.7621666183943	0.298034366745255
51294	8.41976105439477	0.109563504833719
9604	10.9538165834151	0.509165803961093
10007	12.071886696059	0.840224689243196
80762	12.3203438664101	0.419302729387121
81848	11.0782477469939	0.890961138587311
101926941	8.64478453860963	0.308826249637747
2246	8.50370296925508	0.295112624313549
101926975	8.27207407274104	0.142233128086291
23092	10.8606445226033	0.958816081457918
2908	11.732160860702	0.334391827115218
81555	11.3142303002466	0.228763477605777
57528	8.42672419760431	0.103859672520695
153768	9.64939547613936	0.681921676591455
153769	10.1336917201986	0.852056448061649
153770	8.41196946246599	0.0632452140629803
51520	12.8423814298301	0.480095120039413
54439	11.7254381625874	0.336271120115862
10915	12.2355580343949	0.242777674318273
5521	8.98325341325601	1.21546072444648
202374	8.38392108656011	0.357540267447198
1809	9.99816500064448	1.81627064607634
9832	8.54038648206025	0.804616361179319
6690	8.38856690593493	0.242185674169018
11005	8.87524771765561	0.880248900321829
102546294	8.33259459373109	0.0885929392556187
81545	10.7898918677251	0.35596394373961
154	9.36417368533903	0.837533874143912
79628	9.83280245543926	1.09253326936547
255187	8.38807510859754	0.196361038068994
22885	10.4476638618899	1.25570727913644
134265	8.98955912007527	0.845772780755531
134266	10.6077287413288	0.509129415392486
78991	9.44190640820291	0.692952725074294
1452	13.1858684006358	0.393960385908582
389337	9.107170698492	0.471757896974937
133522	9.70640743305487	0.406736546186205
5145	8.37638633390923	0.211597547506146
644762	8.40682603335868	0.104163701534681
1836	10.6963214365195	1.0541986791662
81789	9.2899641307026	0.244930747518331
22993	11.4521896869701	0.428731651903539
1436	8.70530375142877	0.754512484003017
5159	8.34272775543683	0.157498158602378
6534	8.25232581880126	0.13068081956938
815	8.29361996687347	0.121394204019397
340075	8.61548921979345	0.586964517685755
6949	12.6606032714805	0.522619444137723
972	9.4122779771524	2.12877051403485
6208	14.9967274000871	0.432007322343333
3340	12.5508538845108	0.592838106002678
11346	10.3224564842469	1.49784688768784
91977	8.33905212436971	0.251965080229786
55696	11.1377866067947	0.22888705453416
51164	11.5856207206548	0.376963843545029
85027	9.48817005952581	0.763205167446467
91975	8.9467511344795	0.796621258911337
2878	10.190212438425	1.43204810043988
10318	12.111786116581	0.588813288439348
309	9.66451564909824	1.79195986437732
26112	9.08914701692319	0.439674440028499
2760	11.0737145010898	1.30293369943278
206358	10.4742711200191	0.504193111679143
2196	8.56854222614819	0.542783983789044
6678	9.71168981877061	2.38450563578453
475	11.0388278248049	0.331338535351131
100652758	9.07183598667022	0.233123185401846
10146	13.3280532215477	0.436960924872545
10827	10.1188678731705	0.312427522578441
4238	11.1366965660454	0.215864138355529
55568	11.7264063053939	0.977419877902593
386627	8.80198415965577	0.190948812642171
79685	10.5617670157406	0.445323596830284
9421	8.29478744502904	0.112018536328959
23367	14.0379334040216	0.375364142690147
10826	9.06720918169037	0.60964239181645
9337	11.4918296710567	0.41941991955675
25929	11.1335846753692	0.627613165248843
29093	11.260409928576	0.320807045660361
285643	8.51303527358994	0.0566909196978664
153743	8.36960559023114	0.0804636137105621
9443	9.76100125743279	0.258258490916126
26999	9.29837434011453	0.736268420965837
348938	8.66979105906651	0.535428765175102
8728	9.28209769702156	0.741627973883134
11063	8.373829526503	0.163018082099448
54974	9.41608068042487	0.469744798473574
134353	9.7302296532341	0.342896774652457
9685	12.4584828672237	0.400030325707468
153830	11.7206921676963	0.688266103609598
134510	10.6112575032123	0.482436049983959
147	8.62320632220092	0.685088578000844
7265	11.3134630105894	0.458937191178976
114825	10.4709639968258	0.249418318361162
2172	8.35936143543573	0.145946118023191
79616	10.2821897636941	1.12461836734753
114898	8.40588583593288	0.185207216540536
63920	9.31764063330197	0.274804725558266
10569	11.3102845557911	0.419119852764324
9232	11.8047018135014	0.621072163192998
900	12.1932753516115	0.733908388348037
134492	11.3663179204043	0.289084613702791
3161	11.4819523309663	0.559284192027616
27430	11.7488809992298	0.628573904381221
57451	8.35052612540394	0.0922501684108914
23286	11.3426250753231	1.18469760244191
5917	12.3169632082289	0.312146618202203
345630	8.4725415668927	0.631432841733579
79646	10.9504928806397	0.665956467964342
6586	9.09577580961652	1.53292474225178
54908	11.136627675594	0.399828997133717
100131897	8.58561698505548	0.544391327289244
30820	8.26338550907816	0.168259600795081
2568	8.69842672420803	0.537334646311644
64901	8.85613842719295	0.607840412936486
4869	15.2569230786116	0.63584783968595
8817	8.46941631691137	0.223127163006968
23291	11.6197091244673	0.472883215044069
6793	10.9019974066994	0.491100195124669
285588	8.29554238733561	0.102593132272702
92181	10.803555460384	0.649987184441099
285590	9.87280150827632	1.17175021166313
54492	9.55177265551069	0.834397096065444
1843	11.8649195165018	1.58279905875516
57222	12.4342603936839	0.838743943992116
51121	10.6299421080874	0.46205219391418
100268168	8.50138818642916	0.171292949214512
8992	12.7547551032663	0.455651108534428
153222	10.067814259749	0.401501224460797
662	9.69747009804231	0.158244804343376
1482	8.48478948436571	0.758247758852183
8614	9.75667296901813	1.44292402285082
285593	8.36979887324152	0.130498350572365
91272	11.2483239536498	0.396205350708948
101928136	8.27644214685581	0.157581799929349
80315	10.8467806957497	0.734956606542388
51617	9.22271854623177	2.25803807341945
4488	9.5436205905898	1.13269797342347
1812	8.34470186167805	0.209995272623351
94081	12.369082236286	0.374058682424023
10814	8.86721829551945	1.50959469876978
84321	11.2246587623621	0.594781071453487
643201	8.35757756574084	0.0998989753913491
375484	9.73562961211311	0.516057264369155
57179	11.8547432800056	0.428593581509899
285598	8.71181309666752	0.324545183665673
51491	10.9525746447165	0.346360424351856
192286	11.3105252205806	0.168013865075448
1212	12.1309679086721	0.585348909932498
23197	12.3828640569269	0.529368726196762
22838	11.6676798623883	0.625203946784524
54825	8.62343286627961	0.262656060470877
114787	10.3460963840256	0.592914240590359
6620	8.43000674722643	0.303332452725849
26262	11.3210925491747	0.498776082707896
102577424	8.22131328048013	0.133651464790938
90249	9.39732741539872	1.32132723100451
3101	8.29108463811346	0.206192291354402
51720	10.6636759699438	0.207362272644144
23567	10.2731709505151	0.391199182685319
2264	9.64623202287389	0.302313218516383
64324	12.5858014103018	0.419320588656293
53917	10.2137103482537	0.23150598805587
27166	12.2045427880896	0.351513765302315
83463	9.49589159612656	0.381589356733191
10960	13.1422512373473	0.323050919935054
10636	9.3245547584113	0.369858460352505
2161	9.56933269352193	0.499050162807887
2870	11.3339486888189	0.553610220946316
340037	8.51778133152692	0.156706946774705
80758	9.84107418607145	0.529799535407461
1627	12.1064100427473	0.89817431234489
9260	11.319731698874	1.13299628314868
79930	8.95345637775759	0.249540716012842
51428	11.5126007657443	0.279942813252998
54540	10.3343907324028	0.23564126492285
54732	13.3950489715881	0.308484207959608
11285	10.146690462147	0.259108502569315
202181	8.6324814538871	0.299958145381262
23138	9.22149134482416	0.469493674932343
64777	10.8948963909692	0.281023110473335
55651	12.4399619922324	0.320263363603842
3182	13.6963585699401	0.318652761024083
85007	9.79617756918606	0.351720975245632
57396	9.77853113447787	0.311743628733981
6940	9.78146357398521	0.585335834472373
117608	9.29087067188514	0.300767447863331
80108	8.40266306441394	0.266055477838364
345462	8.72260983157337	0.465860927735855
30832	8.95075201696026	0.696974488254086
80230	11.0778514740127	0.535474172840628
101928445	8.40640370535496	0.0879430179987462
3187	13.486420869679	0.432903525906665
646019	8.32263327983298	0.0889524998848348
821	15.5359814824139	0.356518715617201
9794	11.7431505959138	0.297873005872511
4056	8.5153860934003	0.226725745306414
11282	12.5617197981539	0.439769293132138
8878	14.5904612115092	0.805719313005871
51149	8.94754042697423	0.185162476253253
23061	12.1565221660776	0.582848788491167
55819	10.788894245925	0.687686141285376
255426	8.31567562137691	0.211919284574668
5601	11.3749425423596	0.312759320230509
9945	8.92171712621776	0.710341341981205
57472	12.0088503698829	0.491751444538555
2324	8.40192491215583	0.219826045614286
4245	12.1446641695848	0.408832598652175
100859930	10.0862508355753	0.206157818030507
729678	9.42396267244003	0.332667226781746
643836	10.3565469019435	0.36867912566175
153579	8.62034204316679	0.586672213328029
81786	9.77140479999867	0.479513823933332
90933	11.6495957849004	0.478025392587035
10399	14.9753096877691	0.495091986576778
619571	8.64558284941864	0.12837371617784
619570	8.54697989436284	0.128630008216087
101928649	9.09544688680124	0.202087964368349
84851	9.21076998532178	0.240362834763846
100507602	9.38355035437472	0.229577130111448
100132062	8.36521394464492	0.0532639422887304
56940	9.92716687390313	0.489497842429842
55770	10.8519630654179	0.566853305220404
135458	8.33186914097294	0.0895580213195454
94234	10.3798986234618	1.44204354761246
2295	8.85006853761517	0.678087689482974
101927703	8.61079081278561	0.234610532952021
2296	10.625158065727	0.997970256758723
2762	10.7976501764691	0.839522932608784
100508120	8.84951535772344	0.149771519839059
340156	8.71301404430156	0.135557727111897
56897	11.5388246918429	0.374338947381317
1992	11.549418018768	0.68756248410558
100616285	8.34234292913494	0.214910236309956
221756	8.76914067810263	0.588262204212934
5272	10.1251656204588	1.11246491232493
5269	12.019738831648	0.604287487696468
401232	8.78808152669104	0.26912401393726
4835	10.7434298670552	0.822611523687394
401233	8.94849328350947	0.530707189848416
101927759	8.42530169235171	0.112994697771362
8737	10.7920117921886	0.431017917690663
670	10.0937986277102	0.486414990291703
7280	10.0857246389322	1.03637116042394
347733	9.65104969205488	1.40059981645312
389362	10.1563352139394	0.444669532395983
63027	9.91717211157014	0.662153323537436
221749	10.0065213709504	0.763029169565812
26240	9.19569558160092	0.86029831627812
8899	11.8010117048768	0.42127677459366
404220	8.2928758751685	0.107474534575856
10455	10.3109238786598	0.95234095064532
100507506	8.31941609174122	0.125769595836324
9425	10.819553900591	0.383817592418411
10799	9.62693656671012	0.359323629047999
100129461	8.61384262624889	0.163358440520291
57128	10.3761929197974	0.400346683560927
648791	8.51077030823019	0.305908500147441
10667	9.84141696709893	0.394411313617788
51299	8.45021799332469	0.211758506289749
2162	8.35890125296347	0.186732136106801
6239	11.516448369948	0.338277652929867
6745	12.859632865171	0.670978866795735
83732	10.8475156622064	0.668313819510518
1832	12.6429769607965	1.32623017641897
154007	10.492581444068	0.429676929710804
654	8.94265122179278	0.74031797723747
81567	10.2274839623472	0.310636917478232
9521	9.66137208226969	0.430279065826145
100124533	8.34295782335335	0.0845378727831714
51000	10.2167980529818	0.308531359924919
100506207	8.61839424288085	0.0800826904567285
266553	8.26503573896352	0.149749272924341
7020	11.2358883100977	0.99279736222286
100130275	8.64858063618096	0.204302672483176
221718	8.46853212834253	0.259164576626952
2651	10.852615478668	0.944859728959253
347744	8.68477621577344	0.258837843193407
55003	10.8542977538961	0.590301250936898
51522	11.9662558700737	0.738996949944809
81853	11.9350881141858	0.702516001082254
4117	8.76766361318121	0.226445596893282
221711	8.29990730478674	0.200934725464124
54898	8.75096793656052	0.976403523727556
100506409	8.26692749756978	0.217973160067705
221710	10.5020889679076	0.503012979783546
4739	9.64694094083007	1.66716074036553
100113407	9.15140526461155	0.30304022076039
84830	8.74088073939765	0.653543030900777
3096	10.4665867424118	0.575714604888108
1906	9.40307943412575	1.08337891983056
221692	8.36798530242815	0.0684836821006226
100130357	8.39364678762848	0.0783333662601279
51256	9.84683390055515	0.375916662987378
54438	9.79007528926914	0.760289977656495
23408	10.0667699259481	0.432392243408321
51406	12.0297796236577	0.572004678864211
10048	11.3707762130019	0.482415427205762
63933	11.221529716128	0.548341399164039
221687	8.99377450580576	0.996419239974224
9308	9.41149501091831	0.492227726003935
3720	10.8815972081769	0.551641635511004
100506681	8.39053086177937	0.0695861142849941
84062	9.77553001340911	0.366672182722063
29116	10.2984015443803	0.464079642861919
2766	8.75428437209812	0.231670810960271
6310	10.3240020942394	1.26035925102109
101928433	8.78988310790501	0.393614956254565
221662	8.8312063246086	0.659546189673411
10486	10.0638802668632	0.858404001499368
51439	10.5496127269272	0.638852727693738
9972	12.0844612647257	0.580014992711557
63971	10.6933294553219	1.07016868484027
378884	8.96280632054194	0.267326651702085
7172	10.6053877419397	0.389619204082413
221656	10.6284938360677	0.540848726448151
7913	13.4637466427529	0.625636077615568
255488	9.35149602066594	1.07556274718125
3400	8.48500182369855	0.340328408454573
154141	10.1985254394849	0.860021506982281
105375105	8.54901299973997	0.110145502082023
1871	11.0282165191091	0.529429993066376
54901	10.2819279431994	0.442686582634669
6659	11.8570757601954	2.23563159646373
401237	8.35841269948022	0.313896193328816
140767	8.24041265071902	0.1383821894897
51473	8.6110284345466	0.388751613671981
57380	11.2240562226771	0.305149134562082
2822	8.72642787327517	0.169116328941054
7915	10.2820584658324	0.56203937079139
9856	9.02514460670437	0.492918464228439
51567	11.079033541746	0.516183677435322
55856	11.0284419756568	0.289720945698286
81688	13.1755627364343	0.405761151634882
51053	11.2625053616502	0.389340438285286
9750	8.40400571142726	0.134729199327605
8418	8.43888320811211	0.275333849338967
105375106	8.35482351446504	0.0865497416868974
55604	10.916842095719	0.798042086548785
10590	8.84294251491571	1.65724421891012
10050	8.25312513334421	0.18938165501703
6568	8.22318313168235	0.137799521594455
10475	10.400679658344	0.971194739884621
8350	8.39455275733091	0.0949580398414378
8359	8.60117467721424	0.175659952299051
8366	8.3775388039677	0.0927105879363287
8358	8.56375163802686	0.189696184385898
8335	8.37113803002801	0.140015053756021
3018	8.25687029329812	0.102181825805219
8352	8.47700504428192	0.232077016461241
3006	11.0668063891976	0.546469560427163
3077	10.57632922499	0.712256733019671
8364	8.55697489655166	0.161061255664276
8347	9.29958824225657	0.394265447592501
8334	10.1923355305873	0.469795507996547
3008	8.99093025068292	0.318777268721022
3017	10.3540822305755	0.513466985183929
8344	8.44007451179153	0.195388218490953
8360	8.40301829960369	0.1390145441029
8351	8.68122492512171	0.137663290459688
8343	8.56244879508336	0.113262988231154
8367	8.55870311225737	0.166781718635275
8339	8.63168877919745	0.226077325479364
3012	8.81659655665026	0.132599882165694
8353	8.72443826489298	0.216088183621559
3007	8.47161059629744	0.181931830655471
8345	8.3816210621882	0.281518597208167
8355	8.3642396456409	0.203213608222609
8365	9.15685331626556	0.287088688716082
11118	10.6630513468629	0.791889726326244
10385	9.71286374913036	0.43223548364114
11119	10.3159972217754	0.528461443261622
54718	8.81117051617691	0.239717926410312
10384	9.75876900385373	0.788304815258891
11120	10.6575183704952	0.288971298889799
696	8.38420191730402	0.329106975831806
493812	9.84366589679193	1.12353892225395
10473	11.1878902802737	0.444169963844686
29777	10.9650490252685	0.297438797254544
79692	10.1126891259726	0.480339714553313
387036	8.53285486503103	0.119416773854627
100133205	8.39783010011559	0.12207960849517
100270746	8.66517460273564	0.282560635507645
8970	9.04173096122069	0.369133119856027
8969	8.81259250523886	0.287988895678091
85236	12.1168247529074	0.827657287426038
8294	8.41511948543328	0.126408615409172
85235	8.42514018839058	0.134493120768265
100189067	8.25625766879534	0.119478449235691
10279	10.0565497124587	0.857127613457151
7754	8.90934871959367	0.609340681803138
346157	8.95458287857865	0.492170843279825
7738	9.96398768558055	0.645144040173656
100507173	8.75119209900821	0.155317387297715
100131289	8.26820579435987	0.181507755144045
8340	8.58116808409562	0.189529149363059
8329	8.85199482647993	0.230622452233438
8357	9.11293011520563	0.273782889462365
8331	8.57997865841715	0.312954662150024
8342	8.35187696534898	0.11986198034405
8363	8.44552787804529	0.193324987667167
8362	8.41885230815456	0.143148898724302
8330	8.48908365842038	0.103657495008503
8341	8.81407551938566	0.259484457555501
8332	8.63310341492403	0.192511187570621
3009	8.51919276361178	0.159102654949498
8354	8.44514615525324	0.22611903430468
8368	8.36897099205212	0.189849508680266
8356	8.41296858095862	0.179795157266146
8336	8.93443068419294	0.265371694115358
8348	8.62395148346666	0.20207458183414
26212	8.40412155923047	0.118123257790689
7718	10.1489470894367	0.744779408140451
221584	9.38364786642307	0.585585566256859
100129195	9.08766474014905	0.306460766950595
80345	9.19416419200531	0.231494219087598
7745	10.6373098551075	0.688218151027246
651302	8.42291860566396	0.105955743443154
7746	9.49180684837634	0.43292122929922
222699	8.97534502776477	0.308238718074407
387032	9.26451884985038	0.363356281715407
7741	9.45887290663773	0.323546314962649
84547	9.17549588751542	0.354045213344326
64288	9.90674325573812	0.678189560141865
80317	9.37291680476943	0.382993440087406
9753	9.67147843528747	0.75705438445782
222696	8.30139988430623	0.209643039996539
2550	8.2115585555496	0.0925595953843248
3134	8.5375908830212	0.602097563206052
285830	8.31505359025297	0.243670548875463
3136	8.87081629795437	0.419264042289512
80868	8.48453072153399	0.575166114879887
3105	11.2128732371886	1.65429632335641
6992	8.52388765664657	0.427939117433653
11074	8.26932935525887	0.165155262169245
7726	8.33490182721509	0.193954758067846
23	8.45805410671686	0.155497095763939
9656	8.47740463817268	0.125392104176711
203068	8.47452574341013	0.0744015621996906
10211	8.38484928899457	0.136639678890707
8870	8.33038708321819	0.0967477668667969
780	8.34665942226671	0.231968753933261
1041	8.31774672379757	0.369241638776459
54535	8.97786140980753	0.643858379804349
6941	8.5700351624601	0.519573004791103
5460	8.31292320857015	0.189910085014753
3107	8.54068233071611	0.388266198024896
3106	10.6701232107115	1.2697719567392
100507436	8.39628862227259	0.369284750148789
10866	8.2985082406438	0.192425502283775
7916	8.6366718309376	0.210380806473378
7917	8.90167455892356	0.22748953654925
23564	8.32171440290292	0.119081255185225
1192	8.32751909680763	0.162858097876512
7407	8.43024518829233	0.128712262990853
3303	8.29814387259201	0.113897858260536
7936	8.59961353128493	0.786799369069506
7148	8.23006520590585	0.0995880706806961
10554	8.67135279792549	0.604455631920921
5089	8.73372002773713	0.140689732873908
3119	8.39701815955461	0.272973635181207
6891	8.38405875928058	0.195597624209615
6046	9.21110489049206	0.500989591646955
6222	8.40129657992775	0.0860032841097791
6892	8.38454368468855	0.0760777081350266
1616	8.65447258185299	0.165330672445496
3833	8.43538905307996	0.163813684333123
5252	8.51414768441849	0.171865944484473
51596	8.75869710115449	0.297875358285239
8831	8.68800428269466	0.234228086845805
578	11.257396863299	0.637633036667132
3710	13.1062845938537	0.932083129352394
84300	11.3450084908088	0.466599848721209
100500873	8.37312606189465	0.0724950164942305
221496	11.7857055396032	0.743368191414914
2914	8.33414746908717	0.165487442368122
3159	15.1672139875688	0.722921657953172
102465502	8.34547238479506	0.0906291079867745
221491	9.97783381982845	0.49722345643427
11165	10.584559047957	0.465083980502252
6204	9.6066629685775	0.332824646247029
29993	9.21974303706279	0.789719804683814
25803	8.86007134502492	1.15784249127709
64771	13.0028114815333	0.910055830536692
6631	12.1400800626214	0.546296251066891
54887	11.8229096406888	0.365849785989018
6882	11.0970955509464	0.581797987777455
23294	11.5723052829539	0.649602237337518
222663	8.97015463488205	0.489349540718287
7629	10.6952652998289	0.786470754550799
50619	9.94783580122244	0.943307347237161
5467	10.9573749282218	0.831081533246673
2178	9.84881027335271	0.420028903229428
4736	14.2686791487039	0.36588491659913
102465668	8.32991256130146	0.0643344485732281
7005	10.8942085256144	1.17994416848478
7287	8.45269365891105	0.131545915055296
2289	11.0545897978868	0.521204621826646
285847	8.25765513813793	0.124710511131255
221481	8.31954385591583	0.163303382755944
222662	8.42147587000249	0.327114652674403
6732	12.4600063213541	0.482709664128243
1432	11.692509233214	0.607907930642734
5603	11.7789767428268	1.73752549446886
27154	12.027422780906	0.572753778081215
285848	8.38786605516321	0.230847490803618
389384	8.32947103084356	0.18570281439742
51513	9.01968092189096	0.876120229266974
222659	8.34255857820281	0.104635997056713
222658	11.9898876336185	0.646978427820222
11329	11.8430124177996	0.794168699352614
6428	13.7719315865846	0.253719968738788
101154753	8.38636688231311	0.0671859646766845
1026	11.1988177717682	1.10123321098978
105375039	8.43689702949711	0.143210937703025
57699	8.44421584162851	0.152399599843133
51645	11.4369916697306	0.285344537931307
221477	12.1585888300198	0.642879148226464
221476	8.47037058211891	0.291806835876872
23787	13.1127044786693	0.465614490055165
221472	8.68557176897796	0.47933024404217
5292	11.2431534276835	0.980851184942422
221468	8.65828335581745	0.184112070459348
55633	10.5779152613065	0.358842768662306
9025	10.4280557138326	0.482960826241787
23070	11.5521181309325	0.560806774842446
154467	10.4837908233863	0.472859982096976
100505530	8.24813287031514	0.12227766940951
266727	9.32536858217819	0.872585677734979
60685	12.3272314808709	0.486800977455858
114781	10.3872157186921	0.398477204675984
2739	12.4498191638744	0.64769289051794
55776	10.2240109762598	0.458097280847366
8645	10.6593327346785	1.63629263293417
23500	8.36865377276229	0.26694989146429
4337	8.87849031373872	0.700783551943176
401260	8.23827218192243	0.165902831022132
732253	8.27680802684732	0.163033590961761
57497	8.5598165881305	0.901000537333516
222643	8.57286255518297	0.281261206911897
10930	8.44207064312988	0.112354044017947
221443	10.3829051761385	0.341564045099709
4800	10.992775243111	0.27038011372854
221442	8.50939443919874	0.112866522347019
79865	8.33058264247892	0.175981640592915
340206	8.42603826075643	0.469054631378667
285852	8.248244084294	0.140870295305428
101060264	8.63218727243251	0.374360494870105
116113	11.3483509681965	0.711732023552016
4188	9.83484376797767	1.32453521992932
7942	9.49658389594658	0.575971378891902
5225	8.30542471697712	0.169924813629079
10817	8.98368458520949	0.143121623570842
29964	9.74265723485624	0.791711362843101
100188893	12.247722025195	0.332923055026972
25862	9.64228355466742	0.329871863542354
9477	10.5680165662038	0.20808838474283
705	11.0826597413333	0.288343432914461
896	11.6576650716391	0.905181410806536
129685	10.7001325824169	0.431109491344228
647024	11.3650351436981	1.82430924455547
2979	8.64278639787588	0.157482584175416
55173	11.7520379159503	0.260533026180909
55809	11.2557331777377	0.929669773510445
23304	11.5417363449792	0.500104591014288
6903	10.3638499146572	0.453201338622655
23506	10.1510477356575	0.446995041511009
401261	8.56268200459249	0.143633966852614
285855	12.9640607646059	0.420261118781979
441150	9.29337799585869	0.211856010463812
10695	11.7358245068643	0.399871114053363
27232	9.02121712655407	0.225546030106582
5190	10.6694713158191	0.428764187096287
4201	11.6994989376966	0.382159832426174
5528	11.6452543918289	0.502031763948377
116138	12.203469086418	0.449586506515867
88745	11.4615251060273	0.301874873808508
9820	10.8866790739724	0.667914400585121
51069	10.9739878925184	0.344212287866406
89953	10.008032953223	0.676984823945629
5754	10.9023484054775	1.76116864444316
6722	11.5796375181484	0.448771504409037
23113	10.5247793766381	0.395867362526734
10591	11.0584985279258	0.718602736856408
84630	8.30683319548906	0.139021153570393
24149	11.1493447700822	0.584483729910938
89845	10.8994114497695	0.556692617612892
65989	9.49505195171454	0.591019116259271
93643	10.8895238005087	0.320210913008782
221424	8.6833065735394	0.259223047931686
25844	11.8887038102369	0.528583839986869
9533	10.8515282570628	0.317824253172214
57510	12.2217411655535	0.425477900247263
5429	10.6270547965872	0.443962278218766
54676	11.7908853968961	0.574021038550802
9587	10.5383149421659	0.356178762265302
221421	8.45776280463492	0.071142447552105
55168	10.7499130837864	0.345899677108217
7422	12.1914833450156	0.966192238138167
101929705	8.7648591136534	0.598375125506696
221416	9.43872410495456	1.38372066680167
64928	11.6900469985222	0.38075714148053
55362	11.373090497407	0.491647971252069
11131	8.26101573254494	0.141400309708697
2030	11.1974575809067	1.11891109969214
3326	16.2916357904164	0.515052392862019
347734	11.8957298203459	0.354221101574933
4794	9.90942547516697	0.348311948324757
441151	8.35875061818196	0.18893914735612
202500	8.44460683784608	0.138048984928041
57505	10.5288856095948	0.37119578079834
988	11.7737018078924	0.430292893120098
8464	9.63256239170658	0.349873030950771
860	9.08622222131708	0.603356205936737
53405	9.421359109998	1.26470102067114
22875	10.4132532466791	1.04073881575637
59084	9.33327851810067	0.943635347594785
10231	8.36442430971639	0.150792105089124
51302	8.55200107458833	0.375840642847161
9481	8.43322770620802	0.207685744559379
221400	8.27073191776307	0.116283340105487
7941	8.33254445498422	0.166140616930042
4224	8.26833307102059	0.166449083050897
221395	8.45914042221946	0.315317712115067
266977	10.8898945183645	2.31916104335699
27242	12.9342163283372	1.828201979103
23607	12.7597214121712	0.533905022417437
222611	8.39882228446891	0.432639066614672
221393	9.36777758886174	1.05968501064456
442213	8.51585680278003	0.728738669038577
4594	11.139493709253	0.398313795311692
55166	10.1550061381128	0.349003127396545
135398	9.22304756205562	0.805938778813804
6005	8.24661627427797	0.145525870172947
10321	8.46110535256599	0.28683934510554
4172	12.5924557869726	0.356450469484805
85315	9.47664432769402	1.04354324173274
114327	9.4169216558056	0.40578105190473
9697	11.5848191794636	0.899983128408339
401264	9.15287711038213	0.223255947615027
730101	9.37720687569032	0.36166396285921
28978	10.772578290608	0.43272351076936
2941	9.29125284500734	0.888401378185435
125050	10.0852184812005	0.62267628119607
22858	10.3121379302783	0.765716329000406
26268	10.7155635015374	0.324579735380531
60481	13.0843867809504	0.633996634526772
2729	12.0574782545897	1.01936066129121
101927136	8.92942546091648	1.07149340952418
101927171	8.50534788244881	0.261957323373485
401265	8.61953438217169	0.266213103663972
55227	10.9088540629719	0.595626082891474
90523	8.48281450528576	0.766919542914154
222584	9.58693171778182	1.15929620255079
653	8.40089319098202	0.522188344468814
81578	8.49909301912018	0.449207408187337
667	13.4069466076546	0.704856711961285
101930010	8.44932531888015	0.192364389731093
221336	9.06290430964518	0.618474509609414
57691	9.88030278606587	0.400912288190531
26036	11.0957615440768	0.237910247685076
9532	10.5557148276989	1.01491325893252
51715	10.4084600096776	0.500217906618763
5558	10.4815842245173	0.344627768451336
375513	9.07987415740483	0.15200270284983
51557	8.42825445148998	0.173579399497579
7803	12.6547391492454	0.662747745021748
23469	12.1528447497423	0.368314772247056
346007	8.62170752198161	0.121212491806388
441155	8.51723243557547	0.0609045959028342
55788	10.9924459984998	0.377720352153774
101928353	8.63601682100406	1.0037948402882
57579	10.1212287210724	0.421636008238538
135154	9.44304402550286	0.288840879863741
60682	10.9071032959511	0.394711117175973
79627	10.3458414097558	1.0209454452284
79940	8.92313675241462	0.434751178326931
56479	8.54678089897436	0.713044378847533
100129128	8.35533682260709	0.297879326082857
80759	9.25497394641958	0.479839676820973
441161	8.37268214960478	0.269992023579211
55510	8.95339640018882	1.09270979824806
115004	10.3066938544804	0.409573646402907
25821	10.6937023631826	0.307990063387455
1915	18.2559321334794	0.398959823615885
26503	11.0303053837913	0.311037013291346
135228	11.8903454212789	1.46759416751693
101928489	8.55038702373633	0.328622874716328
1303	10.720689895102	2.32763360852002
1347	12.7317122170155	0.325590262060773
55754	12.5337133209737	0.302860684203455
100506804	8.47359422815223	0.101921217953631
27145	8.34275751779058	0.0723346149152559
26054	11.604640689495	0.316698782662893
4646	12.2205934854111	0.616860891557588
3617	8.29995764012714	0.101599899783757
3351	8.56324176128521	0.586609049141092
101928601	8.38470907147637	0.311177913888954
134728	9.32064334266351	0.334637707475447
55023	11.9862144121492	0.347071325516781
9324	11.3439610065616	0.618519971875299
100288198	8.89874517587839	0.174760951293249
80078	8.68870573214845	0.867945548162336
167691	9.5864747203562	0.762224085344197
105377866	8.68012629841111	0.179844062071983
83699	10.7391827171008	1.01296438460962
6785	8.61362385490968	0.605217829044903
7272	11.1645797877637	0.333466132146776
594	10.5527233565846	0.427574280965058
55603	10.5421128835984	0.922234842087397
25998	12.3044528364381	0.407821679787521
7162	11.5532976855442	0.850483455461456
90025	9.38857052729755	0.276843421233692
23033	9.90213466939319	0.331901012010033
5238	10.9613040415498	0.505131495864228
112611	9.32676002973502	0.40529455074112
4199	11.275259215018	0.89815593669182
167681	8.3220481892599	0.203824602375802
134701	8.51482149426211	0.415791360966503
51167	10.3463760801776	0.681186112898691
112609	8.39462104993686	0.201633417604209
22832	9.50789111446237	0.347787098236167
9096	8.73827783385733	0.781423122229491
4907	11.6084443573895	1.31774382901782
57231	11.7124716762705	0.33481334568503
10492	13.4383348015477	0.339813610158694
387066	11.9641102814527	0.848131216235316
692088	8.39878097376978	0.0921792830025721
1081	9.35049710440736	1.48915308690074
101928870	8.45863498606888	0.0875207868701762
23036	11.305382426508	0.582660611363934
375519	8.3431753991839	0.21785435110462
57150	9.19231126872771	0.262734575138193
206412	8.41356563619973	0.141432468339648
63914	8.32333384433485	0.0727818452404726
154313	8.55313943256083	0.211084398668128
10559	10.3051662656994	0.493392884861373
57038	10.6724459178725	0.381583018854843
23595	10.7639393244477	0.224645549570212
55122	11.400749520792	0.35519091679127
1268	8.46202346598564	0.522812828646614
8732	10.6095228992565	0.373519463591873
10957	10.5506018514773	0.52016299675733
135295	8.38931251572695	0.147378674992954
135293	11.0849910049957	0.577761775412027
2570	8.34710675922048	0.130348438435482
51465	11.7854339388555	0.437535280855165
58528	9.45250864724809	1.27317761718468
22881	8.96336085318	0.348866080540941
57226	10.9076802550578	0.313825490239141
101929057	8.39730960869802	0.0971413655452255
23195	12.0828705761927	0.592068317307399
9994	10.7341251283815	0.252750303490938
60468	8.66541349986731	0.375169294723912
6885	11.226975954896	0.349730817920711
2045	9.95584963483588	1.33049054308192
101927288	8.33194316233893	0.0692983983651879
79694	10.3301366433237	0.191195587786048
10690	8.96629443866888	0.893265153240223
23376	11.0859772162642	0.309899003271993
81491	8.95493266697694	0.238382346402268
29078	10.1337101969104	0.498776885349303
114792	8.43092561514156	0.188990359884305
253714	10.5706974328552	0.241422092058762
26235	9.79495213209588	0.241655913938279
84553	9.05026536980345	0.592170715545473
51805	9.58083533194295	0.419700267169973
25957	11.3915269499165	0.283644574108925
101927365	8.92515993599124	0.2288755678069
85015	9.84690683505212	0.360907143424592
100130890	9.01414572582882	0.138427022697793
892	11.8022093015256	0.430749125755928
6492	8.30482367798479	0.140983450304018
10973	11.8371087161216	0.388723162804203
2898	8.72799348028122	0.804018015984864
57531	9.93795669440488	0.318583153377006
389421	8.51707314589915	0.742072053436923
11149	8.94567382849498	1.122864351328
154442	8.29875256257601	0.240500116319041
64208	8.99343523030061	0.850875806651844
5550	11.3623708055875	0.429511342275715
639	9.17359322148398	0.660862818698835
9474	11.0826959532298	0.330683029251163
202	11.1453791019356	1.47588973669812
84816	9.92445666040314	0.386548971263918
55278	10.5967584510296	0.299992485199777
100422737	8.31962367186068	0.390165774346354
100133941	12.9192777280692	2.46821530776071
51250	9.75017500214365	0.316754644306365
57673	9.57715516280615	0.255285236166925
57107	10.4250481894895	0.423743320850429
55084	9.48851105013814	1.21751316430227
11231	12.2911503079501	0.744625697056492
28962	11.1455767946382	0.955586330010985
7101	8.25062099096442	0.119690896665911
8724	12.6732161046465	0.540307871860768
246269	9.44433800907292	0.277648357656631
2309	11.4519018352336	0.63967961427556
84071	8.82783368488799	0.234354196321963
27244	9.49789469247528	0.339630542720146
285753	9.90507293023054	0.337473717734709
100996634	8.2637855025065	0.14729339486136
221262	8.28333984095331	0.286245746095942
8763	13.6709049654094	0.433171386501625
285755	8.80654064218312	0.309245050868874
6610	9.6988992348578	0.263433366130841
64780	9.76797813943758	0.412259031505723
9841	9.88611966329305	0.378631940163645
221264	9.33317418024835	0.274843084843327
9896	10.1466300236872	0.297497154383038
8936	10.4803019859054	0.686783045175458
51362	10.9291597288675	0.440022779515844
8528	8.45748424141704	0.147952274374337
23097	10.8912758145234	0.6580887300495
262	12.3176732887395	0.522355275959889
112495	11.5847819471036	0.554721061898757
84154	11.2309567317139	0.513781853029807
117247	8.5470561081458	0.400426068745186
91749	9.61560138662674	0.467389595760629
5980	11.1083372647838	0.761710479752388
643749	8.96592616775496	0.228584846568315
10758	10.4045338279573	0.502535399971785
2534	9.7703118501341	0.773619657243148
8838	8.84584375662535	0.850401534886052
51175	9.76084147248671	0.508256071987245
619208	8.95555992626871	0.258175330909901
3910	10.4252277924641	1.83943901528048
101927686	8.3514536948765	0.222482671463832
4082	12.6843915048114	1.73840374133008
285758	8.46058907302649	0.519393493329881
3066	12.8113464676982	0.490209743865984
101927768	8.47941439658122	0.196755834294236
222537	8.34170433583037	0.229349558888169
2444	9.7093610121864	0.912733104751496
221294	10.7954427650139	0.284943053476681
23270	10.3082973652834	0.739761109750993
7259	12.231723822909	0.569088528155921
29940	9.84978948682942	0.709777255460162
441168	8.306777086223	0.155009917137707
51389	11.2155401117491	0.466292035289087
345895	8.85604961923296	0.205626826142221
221302	9.86029913538886	0.386913331182556
3841	9.60616121308406	0.450642622435083
222546	8.24791271991704	0.137978045796565
285761	10.6040313419891	0.460384575543617
57120	10.8009420232472	0.538316879225402
101927919	8.4468453167406	0.0897526775617002
116150	12.0101718317173	0.382967675077821
387119	9.19861071400577	0.309319281224389
254394	10.0278817355966	0.347858393715034
25842	10.5830070859507	0.490354956689219
79632	9.21990894401224	0.538406719601905
4121	10.0775346886185	1.76926261720729
221322	9.36201725306036	0.345443175110574
2697	9.71642541631564	1.62593091775744
3298	10.0283243425864	0.381052303336903
57515	12.5397696076171	0.466123968051766
5570	9.65825211448047	1.41392408677931
10924	9.26797915604333	0.645437961195358
134829	8.28524309004025	0.214751147986602
154215	8.72577685761106	0.922145724345769
154214	9.71931091432032	0.811991272983617
7164	10.6148797347466	1.21874573701231
51020	10.8773464842845	0.458396628697584
643623	8.2330564927847	0.173676121786031
23493	8.68934006874463	0.764839194128651
135112	11.2768209232908	0.902666556867664
135114	10.8212223765646	0.317481347823869
60487	10.2955315609669	0.286969972087703
387103	10.5321555353363	0.361216071065361
81847	10.4842239354742	0.340365358277351
55862	11.4779717717398	0.511308914060599
387104	8.87971418628538	0.844423808432064
5796	8.84335151065953	0.523768431168384
3908	9.07044611637649	0.620343460501298
93663	11.4141132361376	1.00175716113972
84456	9.79048929057062	0.536277769251274
2037	11.6030309727099	1.08900191171569
9465	9.02085595920965	0.460233376084331
9439	10.7674078729238	0.444646985186064
5169	8.30240993895505	0.124321504597044
643854	8.35629111015013	0.139686275682032
5167	9.21949641896077	0.789674399209539
1490	10.3063007679567	1.89449759661767
26002	8.72460041072111	0.737300041972595
8417	10.8956155504156	0.309359236555547
134864	8.59197818745954	1.07773672835391
8876	8.34492598188666	0.189218623126558
116843	10.1887203716311	0.769864063472978
6206	14.4784367189722	0.465945214987974
594837	8.47377767405417	0.153408365207483
594838	8.36960058263416	0.118140302903811
594839	8.66087266156335	0.191222479090717
2070	8.48081681379749	0.456700339878738
100507308	8.33215714023381	0.171255072894298
9519	10.1129552559329	0.42554857107671
154091	9.77070664573412	0.766868977366993
6446	10.5749578997224	1.7335347356276
154092	8.42159771801939	0.614888899999825
101928304	8.4401408088605	0.600344070302687
64577	8.46683933178815	0.528359035273262
10767	11.6132111179895	0.458937442518869
4602	9.11837980134042	0.592427262254831
54806	10.111075318325	0.534721736468566
100131814	8.35509750395455	0.0926462978885546
27115	8.63762049894869	0.444727305901232
113115	9.94642167542442	0.177563988359958
9774	12.8418455191026	0.335162988067193
9053	11.395637021669	1.15436834480287
4217	10.3868797840081	0.948626247856192
5191	9.66483817495775	0.261110047078927
340146	8.83113617414249	1.35348376967102
53832	9.52093834205271	1.34009784746486
3459	10.6661511199224	0.562205403983103
100130476	8.39210775804386	0.0852336636309241
7128	10.0717036912459	0.748578907669534
64065	13.5742314753039	1.0956727104356
57221	10.7562751642473	1.35688750371834
23593	11.3390395061268	0.41755908088088
57224	10.0269877670304	0.409004138561181
441172	8.79046493556792	0.17222491515524
100507462	8.49799831012175	0.120794294234785
25901	9.78035549481053	0.378629054999971
345930	8.37875992858189	0.0605966741087005
85021	10.8790865775474	0.271928421059632
58527	10.8847745705061	0.79914900530048
51696	9.93589755247071	0.507010499484092
167838	8.27638831268552	0.256528071928994
10370	12.0905033730475	0.782518163158781
645434	8.21426168755062	0.0989911770889282
51534	11.610937089966	0.323108203149191
57211	12.0644172912659	1.25113854336115
153910	8.39735626692726	0.518657192259114
3097	10.8605024259315	0.525289471336814
51390	10.9039933932185	0.364201698622553
134637	9.50748045279529	0.363319437476932
8504	10.0831789081715	0.310821055405402
2519	12.2045530835544	0.558480684624912
9749	10.8762708018649	0.704660357553488
84946	11.1575728761955	0.435985374370447
5325	9.10153662909539	0.697888640477632
83443	11.6217930911789	0.504770109172105
8676	8.51150671962029	0.23396416855045
7402	11.6844173604141	0.861843330454182
7957	9.30544120386884	0.311002592292136
100507557	8.40827984102893	0.0730378187725264
84085	10.5135494792397	0.337235524691264
257218	10.1788955014786	0.258803949030193
2911	8.32549994855129	0.126826548089917
10981	10.7291106577968	0.461813787879748
729176	8.5559415586648	0.0982095900038073
729178	8.45542121459434	0.265744249838735
134957	11.1550952688927	0.998947318949184
389432	9.41782621329585	1.4552908967745
23328	10.7855687210242	0.55049124652026
10090	9.43999772421349	1.17533933031927
23118	11.8212387807744	0.368476015443707
340152	8.34024884842807	0.0778647702291188
85313	10.7088585746157	0.395774820289886
116254	10.7094211108681	0.338201208341761
645958	8.68627072386012	0.120457688564238
11104	10.0236562998038	0.336475258015349
9113	11.0388096321821	0.539087940579246
348995	10.8161494103804	0.439152733454826
5110	12.1618133549071	0.539223622500873
84918	12.1090530984496	0.54449534831859
135250	8.67714401179555	0.433649751587386
353091	8.72364327827626	0.482826648472665
80328	9.22856942256338	0.603575353864368
80329	9.04163392953607	0.588516816605162
646024	8.54633055800458	0.151322645433964
154064	8.65621274417762	0.638851831418436
79465	8.92147347739537	0.341821298322859
81706	8.84608241473673	0.577664340971293
389434	8.28211992054889	0.239956547792791
57480	9.14442746361634	0.719286283473174
25902	11.2528173181776	0.606948584802422
9590	11.8632467769725	2.04710767637197
57621	10.656480392054	0.252095565178973
55005	10.0933377279641	0.318539511151774
79624	10.8847470929295	0.294201329036879
80129	8.34641280925024	0.17538741654154
2099	8.59962057741854	0.474339522768699
23345	9.40186825134391	0.69074031909229
7432	8.31664202970397	0.260087604694333
26271	10.6288943052481	0.277650108969491
54516	10.586752301029	0.265097657516583
26575	8.94888721327906	1.01418018764087
26034	8.38707691116085	0.294037262716779
154043	9.98272882048796	1.54864587361947
101928868	8.717844178894	0.514980980080917
22828	11.5414711147899	0.308719905226965
26230	8.89435774131461	0.433566939646784
51106	9.80846210737738	0.229257607482062
49861	8.3517334537028	0.0989334610979625
57492	11.3011250424681	1.21140716614648
729515	9.99948401875623	0.393201326617607
79683	9.97300776756891	0.579259283369461
51429	11.6390654085326	0.305571566881778
8871	11.3583452533765	0.591398445432508
84947	9.92237185167272	0.383482467737947
404672	10.7498068869611	0.469765731291896
56995	10.9561155538707	0.417669794953243
57583	11.7027114002857	0.553491937755005
102465694	8.51812103648441	0.123949619568535
6993	11.5796559724823	0.251473266684619
94120	9.25928775474696	0.595306181525372
7430	14.5129371506507	0.917347621988964
100130967	9.01358395553227	0.400113347762547
83861	9.90135176899649	0.224150337039937
117289	8.36819427699314	0.126864890742824
84624	8.25424413178323	0.142480945457195
6648	11.4984638150683	0.499111030745226
9589	11.932898826764	0.247191898608736
100129518	8.59610870111703	0.0812413678113227
39	11.6264957390292	0.322614909210585
6950	13.7047053471906	0.508965124589038
29074	11.5823659137589	0.301256977932072
154197	8.34347785348635	0.092940733436367
3482	13.409453962073	0.841583873122463
729603	8.54953444849573	0.134337198445457
6580	8.41106817421624	0.0906409957736115
6582	8.24348448796043	0.1287897077043
6581	8.72943701416854	0.993812257983474
80350	8.30894134769894	0.145209869258
4216	10.8845394981702	0.385413317451879
56895	9.38720356216094	0.539077178031518
5071	8.3218828688008	0.183556047445707
135138	8.33844053849934	0.14179512477684
105378101	8.33246803117601	0.117606457443669
9444	11.1605166806885	1.21141947958754
168090	8.31254312616693	0.32222138214907
10846	9.11609440397965	1.09895126732383
90632	8.27542331739542	0.176961332379986
285800	8.55094188560095	0.685607424078367
113402	11.3226151648534	0.398808087547196
100289495	8.59365633949537	0.173377563808799
51660	10.4719726583928	0.910437393567271
6196	10.1727849945341	1.22951227695906
100874353	8.31860046514092	0.169909551640721
8635	10.5270439245674	0.649642308711491
11116	10.3217926170585	0.347385274133051
1235	8.39706801109067	0.122357549115762
54346	8.25451513666934	0.131056576386845
401286	8.25117545614777	0.199680203595725
441178	8.28257394680006	0.284725129029934
653483	8.49880233291913	0.19631952059943
4301	12.4112383843478	0.501910397919817
100505879	8.24471972825681	0.131479906711052
168002	8.66697913168674	0.540798076337532
64094	8.83245331348096	1.12343705160215
101929523	8.57980189023152	0.259240607227096
7058	8.57173773192417	0.27447285912034
105378148	8.34071835795236	0.387051105194945
253769	9.739987463263	0.274723542426474
387263	11.2083137309612	0.485892599376391
55274	10.5334929635269	0.460168358479166
55780	8.46578874806527	0.17600219005837
100131532	8.24550189750995	0.200860619225345
105378152	8.33787231007795	0.360430041685065
102724511	8.26104147792959	0.203476242633634
285804	8.28072885003073	0.270719980968483
401289	8.24024387175454	0.149051922786507
5689	12.805645241506	0.2485792126825
6908	10.2730058889005	0.283974734316831
5134	11.2906110861472	0.361053947889855
101929692	8.36078672303256	0.289323107393754
56975	8.98357795926861	0.830725042331735
5154	10.1288553808007	0.645635670161347
441307	8.57641011819843	0.260801870746403
5575	11.2616447430797	0.761487283497967
54919	11.6328884445646	0.481525832713615
23353	12.7137974112857	0.281190259201481
51608	12.0665141554026	0.502164322553358
11033	11.2788041975457	1.34459678337554
90639	10.5442727089237	0.209916094943724
84310	12.0547809949622	0.529056700389616
54905	8.64502213335789	0.386599462821934
115330	8.69317352966408	0.22436175925375
2852	8.68595238239023	0.462750825817825
90637	10.2309429272736	0.63502432598912
101927021	9.60962130732257	0.480764742987855
79778	10.2114930935591	0.40196835474702
26173	12.7778609696866	0.437417901955984
7975	11.7223042667636	0.651970328647412
100128653	8.79473724107245	0.111804296857413
202915	11.009880068812	0.78130264089315
84262	10.8360925098454	0.265049628140749
114796	9.21629353135552	0.573766719301443
392617	8.98361127959343	0.968592950223853
101927125	8.98343659943251	0.538321133383846
8379	10.8091912912567	0.301247671751037
29960	11.1269650541125	0.2494675728209
4521	10.7534113524446	0.340410171968467
29886	11.7097632230509	1.00971732667938
8662	13.7645610718529	0.466745607830229
55501	10.3565354428344	0.439558190082971
101927181	9.06794773920734	0.299111351904749
3955	10.3779545093203	1.40094039330985
221927	11.0945259642929	0.491295175314613
23288	11.3612308773487	0.686160181446473
80727	12.2216139825529	1.25918573030964
155185	8.43149407433866	0.100256985878318
2768	12.1430764649148	0.816635690235306
84433	10.5996092390491	2.01913237228707
221935	9.50841021483829	1.50947680701292
221937	12.2862114966171	0.383617946847631
9907	10.9123365353272	0.47015360134287
55698	8.44963641717391	0.237532963469471
441191	10.1806378198569	0.387864569241622
57786	10.5243981492003	0.294940431493466
645700	8.33835912668942	0.113508011552687
26100	11.8424635160153	0.303891646608392
222962	9.46696120328139	1.12530390594089
84629	13.4548664974952	0.569459118438924
80028	11.4178082347407	0.598708391897199
693174	8.35708292740068	0.0681972205904852
221946	8.47164021385433	0.0919502233001373
60	17.3267676188413	0.470770823003924
6624	11.6134629726572	1.70946721433257
54476	11.5629031339741	0.502872571994076
401303	9.00489049394289	0.167388596011842
51622	10.2379722583474	0.339490284429657
5395	10.6115318414063	0.455373672450264
7965	11.0937314302822	0.322743672731797
27102	13.1240586963737	0.310293242128988
100310846	8.51601598110337	0.0938592343210118
84132	10.7086996074353	0.248916759000173
9265	10.9991722594544	0.707538254648479
84792	10.6058699477721	0.316360016319413
5879	14.231437226376	0.275583801070617
221955	10.5375970198561	0.395808930968259
11014	13.564142865999	0.355549490713227
392862	8.55744716534188	0.18635524386866
55146	10.9351989225962	0.55190293458298
79034	10.5655089654214	0.456778608752974
54753	8.5940491581632	0.454675426063949
100131017	11.5645710777604	0.258980261351587
7559	10.5335046701054	0.38814181376182
441194	9.24506161069042	0.26150081026362
221960	10.5992265376101	0.250521193023329
56913	11.0815216719815	0.436991268772364
101927354	8.32468653356085	0.107729637296471
101927391	8.72470629129989	0.293293428584295
54468	10.4894948860278	0.296731463909169
6119	11.1927192855927	0.39989752890286
729852	10.4285557422171	0.250652148809006
100505921	8.38013336391525	0.0874186256196551
113263	10.1985026841449	0.618606456004467
3382	10.4807883036776	1.28892181997211
100505938	8.61531507227267	0.158121908119758
30010	8.37680015235768	0.435658562526371
4697	12.9239953839903	0.416864306099329
9678	11.5931584280641	0.671310002247948
221981	9.95118516427614	1.40809430657293
54664	12.0272958891068	0.506876066728271
221806	9.1636848223689	0.652523717019679
102725191	8.49956423489384	0.247641638304477
85477	8.90907837891786	0.681161036756458
10124	10.5272162112761	0.585524792816311
2115	9.92617423406024	1.21978626420436
1607	8.33757244746527	0.145199903045381
392636	8.53259367028389	0.474278854966068
4223	8.42771324869355	0.54665498678917
101927524	8.29714278341634	0.309455838684174
729920	9.11655365405779	0.466778450681076
100506025	8.26925970471983	0.0915079232589421
57037	10.6781750309074	0.377852366185492
28969	12.1326694973883	0.577034682391496
27075	12.0457682963742	1.33750914511694
10551	12.5009378711939	2.53903893612058
155465	8.67077590413584	0.793472337669624
196	11.7986813866874	1.28525259472485
102659288	8.27309763503324	0.214362398269245
101927630	8.32754220433554	0.203595615345104
23161	11.688552796539	0.274705011651196
9734	10.4047732579224	0.955929646028835
221830	11.2607596248211	0.350138010247438
101927668	8.38410389778095	0.163703401955799
346389	11.3619551728663	1.82320295714338
101927769	8.41424425684954	0.22737959199125
101927811	8.7753878131998	0.343724794387642
3696	10.2046003037326	1.18688524943691
221833	8.54072264286269	0.391603349250336
222901	8.71920044610139	0.100225833727131
6671	10.2578358712958	0.424015477820086
8701	8.76016421151866	0.302172173699523
55536	11.2935090006921	0.6843824165699
9771	9.49008088758769	1.11345693323996
256227	8.38803303195372	0.39394772915374
100506178	8.86481873719963	0.539452022199208
3569	8.41499170208511	0.182199629543754
54543	12.7954945165756	0.486230098068373
692210	8.3216607272453	0.093350052881454
84668	10.8787457917557	0.733834869215705
100775104	8.63538581801685	0.183655251309575
55975	10.8430655484977	0.308953929230045
11097	10.6684550721815	0.399848000949657
10457	9.07959892370574	0.576274615251782
115416	10.832382581483	0.356504068339544
10643	12.5320159115773	0.62046430870026
256355	8.72114900830085	0.443340494250908
29896	11.875732544103	0.253614576360624
90693	9.47270180434521	0.402303697623605
340277	9.02520016513842	0.607648546700664
56164	8.42571853118482	0.183249888002657
51678	10.4956932553939	0.738554529222583
1687	8.97349374565323	0.583640238796577
26031	11.5507930041454	0.711340099745625
54205	13.6310659329101	0.394520708028435
136895	8.93620445637475	0.326273943898699
9603	11.2416783339779	0.842311482343671
3181	15.7861697181126	0.314927551585254
11335	13.7239038570326	0.312888990046598
29887	9.83285469709881	0.509289255797729
105375304	8.46237461101458	0.663668417846181
101930332	8.51205207409031	0.354541753398781
441204	8.30757914810718	0.13428631637109
9808	8.43465180054641	0.615080652991562
8935	12.3004962281496	0.725686898714352
3198	9.38392333154485	0.566421426427787
100506311	9.30930840239861	0.518802555992799
3199	8.89967964093128	0.468174075405262
3200	10.6197577372647	1.18106289575182
105375205	8.91469654022992	0.520322314106413
285943	8.90256882491337	0.546480259751893
3201	8.48603286225322	0.191166887035573
100133311	8.58317902314424	0.50317613457375
3202	9.18895402735402	0.678285442776453
3203	8.77753741864281	0.446055530161991
3204	8.34314086891229	0.17505111522473
3205	8.47748940828442	0.558462743913013
100874323	8.63135851597997	0.41548789593764
3206	9.83205200622822	1.28466470126296
3207	9.16471619137609	0.858517366926144
221883	8.80853242967794	0.627120019536804
3209	8.88953265454832	0.617428442289743
100316868	8.35739346359767	0.155756774583988
11112	11.3904939096174	0.520316317323355
790953	8.35118185011527	0.348370935770439
8887	13.1729139195624	0.358838558605721
221895	9.38811009986455	0.743146717442233
9586	9.05876682699663	0.708296872770338
9865	8.41070300562967	0.276082657731359
100506497	8.25248693428634	0.132545908984756
54504	9.08192396951072	0.815981682049898
1124	9.36538040354621	1.23840864614656
222171	10.855664848675	1.99778377943067
646762	10.2675337697231	0.401333530305747
442524	8.44747805459013	0.0785442567214608
644150	8.51239428205629	0.256140090571012
9805	13.259350529195	0.89174484567523
55033	11.0697965323112	0.471084237857256
84725	10.9176383612075	0.402532532704321
222166	9.61091888333856	0.538586376323923
223082	10.4588265302572	0.370747087880473
222161	9.05788805291276	0.207516696646989
100506516	8.49505807289147	0.0999533064653353
10392	9.43171055272572	0.34197426241426
79017	11.7818057128301	0.396077621133262
401320	9.05077346038103	0.182246787880279
2617	13.4202032945927	0.762301070433765
1395	8.4890233561585	0.426883479750726
358	8.40530086322218	0.0986207029729635
223075	8.6237887240741	0.989383372954088
100130673	8.30484835247054	0.207655661504506
23658	11.3743360476107	0.335957148382185
23080	12.3767152854743	0.402081769080762
100129460	8.6900261174619	0.114922150786426
441208	9.455388569987	0.335953768980392
401321	9.65859668290649	0.465960442950592
102724668	8.41378608269914	0.146013757009721
25948	11.5017934211077	0.336778032387696
441212	9.54116315904649	0.332686075249535
11328	12.4390104349051	0.484751100314695
51251	11.2670926555787	0.631941850772007
6100	9.77479579694089	0.340040082615945
27241	9.60362888114225	0.274238419507537
168667	8.42576613838608	0.303121063552746
23333	11.5093286041402	1.08891569356201
554236	8.62718626535612	0.762461509196192
57057	8.26272647688422	0.197698649533641
64224	10.3431387917944	0.35887138505466
101930085	9.62639651835977	0.317994466435358
101928545	8.52668207680321	0.122541164431127
989	13.0836825976118	0.22799721103297
80820	10.2370378764421	0.927788931983488
23366	10.4336904088629	0.626811986632684
54443	13.2781279264162	0.483089512144823
313	8.35591680707598	0.224017970049709
9844	8.43468241094292	0.28828342637613
54749	10.0498755695932	1.11495853120097
83930	10.6863882696155	0.769994137622186
100506776	8.29032260468375	0.232230674156873
273	8.25926086174446	0.132661982049292
27072	11.5212943334681	0.37354904181689
11281	8.29242054165159	0.29300363850593
57002	9.85596734038231	0.382399306860705
5898	11.7428504757909	0.321416291784716
349114	9.24976520863386	0.241560990368361
105375305	8.5618105679387	0.0881724097921264
8621	11.4269021753224	0.241908585097447
136647	10.6950812698989	0.441693929741713
79783	8.73056386493354	0.273312403975617
3624	8.75351088187758	0.514225443541041
2737	8.64458025173619	0.40772122522552
79020	10.2438376913464	0.234111565111721
5683	12.9718998362309	0.30825018099957
64983	11.3161150790904	0.365680264471082
23072	8.48700356388568	0.476740821005145
100506895	8.24152186351077	0.151699878593998
9263	11.047273298529	0.582276059628113
55744	11.0709368234665	0.34878930546229
644	10.6644681711243	0.527935753532419
64951	8.3228487376294	0.0928213952241645
55665	11.2033222316812	0.457083699666051
51619	9.67760563483681	0.405267548518182
84820	9.59066292065031	0.427218351617494
285955	8.66414645827981	0.111741536109092
401331	8.53693654843588	0.292838118194208
255031	8.57488431085317	0.460560571034341
28988	12.2912391809827	0.516872269004721
5224	8.98704289673104	0.285328747543528
27434	9.9973912256974	0.629099751195339
165	8.45372884001387	0.226096719464881
5425	12.6269936197074	0.611275083941072
10652	12.9383200884241	0.384276994096626
816	8.67497285970961	0.575596479012249
23386	12.0760147218422	0.463390592183469
29881	8.62746199330454	0.722539813341941
54606	11.9387080280194	0.371214087985738
222068	12.8408470987904	0.462575104820178
4967	13.0300543642983	0.506729973482335
83637	12.245290067918	0.648033426485095
5478	16.1463327241529	0.27590579252366
94239	12.95601393046	0.457037059382489
5814	12.0986668765296	0.404744019076709
64005	8.39340714328032	0.168229532349104
101928927	8.49260468959598	0.145140909763811
285958	10.1646698340446	0.39224007931387
83605	11.520676450949	0.416545447056341
23148	8.548075631158	0.369601610895708
9238	12.0727162659145	0.467013099117484
654319	8.35444301036124	0.0747251160235512
677796	8.49519682374733	0.100299267094579
107	9.0529829979838	1.27780723868611
641977	9.49945136669767	0.216567444334787
3484	8.65513333129667	0.563179613164789
3486	12.4778149538424	3.32211010781067
730338	8.36505967019325	0.281894287313194
64759	13.4415909090938	0.985507207351963
101929086	8.39160872902008	0.306941256717354
401335	8.26087265274131	0.11466115673375
84847	8.66881159984617	0.539288836421071
168507	8.5696064453031	0.46057749704874
80099	8.406153819773	0.590032392400002
3364	10.3694669485672	0.428933285322603
256979	8.43558089784426	0.199948806878919
136288	8.4952350276419	0.28394489492884
7378	11.0976383131676	1.25579068924679
154664	8.45986744896546	0.425503611100871
168448	8.4745470922522	0.110545675905683
63979	10.8928855016541	0.192137142967913
1644	8.54461344705004	0.833549744956737
2887	9.95429985997979	1.26918998522693
23242	10.2023830731473	1.31362723892499
222008	8.59527149935605	0.852699205856609
285878	8.23187073034777	0.118316268136981
23480	12.2587990242915	0.601885055551877
100996654	8.32580132720974	0.0892438506122003
1956	12.7109627034305	0.807237994576658
100507500	8.34283719071055	0.0901485482924669
102725541	8.34589895377563	0.097349128741447
55915	10.3741135549104	0.325864579787966
81552	12.01324803967	0.470167656548476
360132	8.74826961211149	0.394937648323993
101060341	8.2547139942097	0.112433913723989
349075	9.16630459144046	0.502281148965762
51373	10.6637685534044	0.265193303191549
2631	11.7660918338777	0.688510212310435
5723	11.1542232318257	0.629028038182357
908	14.1752829991448	0.417690150545833
25870	12.3001282813291	0.335655752577328
5260	8.51144620466039	0.0812182880125294
51142	13.7726228853684	0.461063531712266
728927	9.51422723703084	0.865246572026529
649395	8.7466739824489	0.102312134404459
340252	9.83987674676985	0.480019033461156
100128885	8.32701193330811	0.393108967541187
641746	8.22914672300489	0.104688154347947
51427	10.3510459918845	0.438273276066767
7697	9.68424513472258	0.208485184842995
10793	9.47283644493825	0.260653269292031
51351	9.24865120061274	0.460966017826811
2086	9.10890439457796	0.377405029441132
643180	8.89470454551439	0.102028954769748
168374	9.91482702521691	0.246028703919135
441242	8.92352304142045	0.196541928145222
643253	9.17844323768438	0.228676071777474
154807	12.0525934353752	0.350759969038424
2990	11.4761075881587	0.588026723055565
435	10.8311687960343	0.402556255399259
27297	11.312089022909	0.299444060743334
8460	9.80512291562333	0.441321797645584
285908	8.8086890208198	0.17651912761769
100289098	8.79530470884476	0.263134053508001
493754	10.0756660296474	0.264957548575519
154881	9.69568004717079	0.505527804572082
100996437	8.97266671401991	0.195240334946379
27342	11.0619327138943	0.331777662447275
729156	8.37884925115506	0.119466074364478
644794	8.88030090127693	0.136629580181986
55069	12.3777772303003	0.268634435174884
51119	11.8630756421219	0.635497855720009
55253	10.7173899690628	0.459578123487744
5382	8.94965185748883	0.220413914630897
64940	9.6005751410639	0.325693837838546
26053	8.80022138567517	0.579411244396016
441250	9.26429947793978	0.575165858818976
155370	10.7230921800963	0.417556862109614
9883	11.6468811826519	0.47642200778047
260294	8.62176169114335	0.147460414599237
378108	8.3746067841611	0.0635467367136967
442578	9.43084262985222	0.385665212222205
100101440	8.56789272427147	0.183733133144812
100093631	10.3075401117238	0.422112395097515
55695	10.805141028108	0.445123301440375
8326	8.41646651273193	0.33338269531857
9031	13.2106516101623	0.453146411506109
9275	11.4285722701206	0.361318045953507
26608	11.3841366846354	0.354197130996179
51085	8.87527677264881	0.576896818999757
155382	8.78489774999022	0.41095516822284
84277	10.1237307451162	0.378693328212053
114049	12.3012897243555	0.460587476636352
6804	9.9534909622057	0.443370326045719
171022	8.79170163033648	0.25145451398326
83451	11.2924145359254	0.716700079664822
1365	10.5626549940253	1.41129056176431
1364	14.1378208780961	0.967402708802874
155368	8.99970942247005	0.390393711922252
135886	8.47967371269155	0.25815993085317
2006	8.31675924172989	0.0961734607638283
3984	11.6892464169984	0.768680624034059
7458	14.2067109122036	0.420065361616264
693175	8.35636902402267	0.0791709469907965
7462	9.53419234277687	1.38607069265764
5982	11.3055963943555	0.446141806747362
7461	11.4559615391531	1.18079984583556
9569	10.6230871330223	0.375258542609891
2969	12.3232760047838	0.412559865802603
84163	9.16448733277692	0.423762142380545
442582	9.57051440781813	0.339045950079444
5383	8.9543307695236	0.255230933851264
729438	9.80218255999955	0.574919186155372
81554	11.8979565823539	0.543917439879385
389524	9.86967985321159	0.262704279934419
2970	9.85725984621509	0.300991822537752
5380	8.50378898077042	0.109868826962587
54441	9.33563077479149	0.303949508364867
155400	9.50157909856388	0.254190535224712
100101267	11.769976004152	0.511728152264803
442590	8.46225741191901	0.0707804284083989
5387	9.18923486552551	0.176799623834219
3092	10.7036746094904	0.831047437076275
10344	8.37425189183333	0.154301057777313
57414	11.8943097860927	0.395067165815351
5447	12.1759716478082	0.449134293221804
100616270	8.46639968443497	0.092472652201929
677801	8.33986946144304	0.0854294905911081
83862	10.4136221636563	0.51638448447764
51657	10.710493992026	0.595604590906233
4191	13.2550800245415	0.525764459351298
101927160	8.75468645129649	0.591514714666047
222183	9.31383888333441	0.793533310200651
3315	13.9814066995768	0.95980264299723
7532	14.2244980047825	0.422003703312835
136853	8.71810558751694	0.166610943343258
7784	9.32627158318465	0.636961915806021
113878	10.0421772259514	0.561503909419433
619190	8.27768752772683	0.104212142136413
105375355	10.2691213642717	1.38238068418709
105375354	8.32099028746525	0.156253262508147
441263	8.92396904139778	0.345960140543748
100132832	8.51789037051261	0.193261764422376
100505767	8.40134721869075	0.0937320617610332
57639	8.70915623951821	0.36511227352925
54103	9.28643893588436	0.385629594641303
5782	12.0767037961833	0.446832910039312
100505854	9.69353948516668	0.279925410084657
222194	10.4266936942896	0.263371253530985
85025	9.990513557192	0.352924629210101
57157	11.6353740820634	0.552721485874463
9863	8.77989357508579	0.296710863971803
100505881	8.64911246226982	0.810321748074827
2770	10.299655027223	1.21460356802227
948	8.70819205476944	0.77109383350324
10512	11.3854346929634	1.53390781206236
3082	8.2903304474739	0.223675230888477
781	10.1668918911477	1.49335034057527
27445	10.0062529870189	0.944781174370031
9723	8.90663916154282	0.732138416631208
10371	11.6468863406887	1.56323052387149
101927378	8.23790308778134	0.163077426276853
223117	8.9535057372966	1.08229999882432
222223	8.98301304835529	0.890239910570531
101927420	8.50029535851558	0.120546382550279
9988	10.5333241390111	0.362310604323601
79161	10.1826038748288	0.402155567757759
11257	9.50317248340921	0.410717381940545
54677	10.0920875653429	0.915084579144765
5244	8.29239018375817	0.143749581689157
5243	8.63545505416901	1.03320176912196
154661	8.27589511608801	0.105130285938972
55972	10.7160553034973	0.235244465207612
10926	11.091954979178	0.410038466400815
53616	9.68172808760396	0.670463711212825
6717	11.1692594283104	0.428437675136156
79689	9.01852048784542	1.02424812517427
26872	9.70811628610185	1.16929702557176
261729	9.78261360027058	1.22140621892342
79846	8.7085279260988	0.40018500245114
85865	10.8696626465606	0.232518435280731
9069	11.3658764913037	0.606568732842752
5218	9.95575687025381	0.80164283641024
8321	10.3477820036861	1.14406270873297
7978	9.73103038761904	0.154240118258272
10142	11.729800816403	0.484635530570428
1595	12.9663623379238	0.658417143094868
613126	8.40077769068628	0.0758835538284851
889	11.2146808964146	0.304288745587081
54467	12.263582903132	0.34343597071246
57798	11.1020585086588	0.193861916652559
5189	10.5973033213368	0.453654876338289
84060	10.0210257465801	0.214368835623443
84849	8.34578052168569	0.0650351294662428
257415	10.4795933442095	0.306966166837579
1021	12.52364731295	0.760235528696005
101927497	8.37523065736627	0.0901270212512252
54809	11.2578819802626	1.82908395552039
219285	9.64271125814913	1.36850650161383
253012	8.73842527753332	1.29444472872254
55610	10.3492903579952	0.296118561557048
799	8.3085427625376	0.132410426907282
7980	9.96744454263629	1.76352983192089
2792	8.36861662878798	0.211430844461178
2791	9.11611327901667	1.2615645308712
10282	10.2211032166365	0.336146967272281
1278	9.20353796945758	1.89620322533137
64921	10.4004430523089	0.329807036413798
8910	9.87709927386904	1.1707350824883
23089	11.9981262703556	2.5110397031925
55607	9.88196928669588	0.780352718257595
5444	8.30546078023139	0.152100508585835
5446	9.05514518548051	0.44945275195987
5445	11.4942880362225	0.335146596456795
51666	8.42050099532878	0.206041057221422
5166	9.63043843773124	1.53312860538026
1780	8.61380415110394	0.619157254265745
10165	11.7810845774436	0.341686356363859
401388	8.25994137270713	0.222837758874525
100506136	8.44933294877782	0.0835267052957222
7979	12.5120538329754	0.357797481144423
285987	8.41576181022594	0.326065716805487
1750	8.58075004228179	0.514165832556463
1749	8.32832702260196	0.168731892573134
57001	10.1244358288832	0.56303041228916
440	12.0031308945575	1.18566705677211
389538	10.1372035806055	0.560067608800633
22853	11.4988213412085	0.384484518572761
168620	9.13205635399918	0.816563929851152
25851	10.399011260626	0.384851410995722
25798	11.9952023255084	0.588389087268327
55971	12.0500013887419	0.72813756894205
8295	12.4239042688	0.513054196565446
101927550	8.80318230965918	0.111160418313863
57154	11.7890201928566	0.467989058895272
402569	8.62222908345149	0.228573645856625
84176	8.70420011305862	0.345008807513325
10552	12.8406333697658	0.478688240998137
10095	12.9472720529916	0.378642771396944
11333	13.4254381612726	0.382077720470878
8896	11.2937923939415	0.31730845222324
26024	8.36732612394069	0.0612789636285323
10898	11.004274796341	0.482447281560693
9551	12.60111307959	0.410103888264215
285989	9.27906191763267	0.223158832266059
84124	10.2087916687891	0.177426098846293
23660	10.4039164559024	0.387196830089102
221786	9.44680894559344	0.206379126688738
79027	10.9926990037405	0.603681317626688
100289187	8.47706394247105	0.141326794334378
221785	10.1285218482855	0.286238477322126
1577	8.93050885549527	0.623208153044367
89122	10.6015475710525	0.305749588563037
349149	8.38474665399048	0.169826386596188
563	8.8364603483664	1.28366129421375
7586	12.0823610704798	0.441066538014387
7589	9.06631332773191	0.221534116472247
7551	10.4471623561724	0.42002663694564
10980	12.7480624878596	0.280004987438286
4176	13.4562550260598	0.654270452405492
407014	8.53614256777105	0.141112940572325
9179	9.65908317561059	0.331489042077737
6878	11.4594877329957	0.272828035736113
245812	9.3739633305567	0.297130201663695
255374	8.96513968913663	0.235522198111217
389541	11.4014353408479	0.430089271406199
55262	10.3982332419073	0.333509501954138
79690	8.4368700489937	0.175695443187752
221914	8.64135067181385	0.238057331165649
10734	8.59498366077002	0.170429710029704
352954	9.42299564099741	0.55225443606192
79037	8.84922296115348	0.319375220804907
441272	8.97189494983566	0.143939514592697
5379	9.86494820654736	0.289629754619496
101752399	9.53631708378004	0.212997514387652
101735302	8.54637135347192	0.108271801064095
102466747	8.37507136055656	0.0926572051052637
29990	8.47219675293839	0.120815700004879
55063	9.03054396415673	0.172839685766144
56257	11.9906784231308	0.482386115499335
221908	10.5026485777483	0.349789110742748
402573	8.53742225671404	0.100885351317541
81628	11.7832425324469	0.470613825518122
222950	8.94315094675776	0.344502287457033
3268	11.0552632168794	0.58802732930364
100316904	8.82547812829858	0.169082969467448
4034	11.19948893649	0.420559141801829
26261	8.48650412771798	0.0874592078064496
5118	8.96659253471693	0.292495154541524
64598	10.0334477758162	0.343367597836509
7036	8.89046512527031	0.501072586232309
2783	13.0484461087452	0.225947957949846
64599	11.782691122003	0.477520272019237
10248	10.9858390767757	0.281578930071456
2050	11.6081455666247	1.34691218380826
56996	10.7107024596144	0.202851076475496
7205	10.4337745799524	1.9366032175881
51593	12.6556972870314	0.246268512170517
402682	8.94383473050989	0.150117319969132
43	8.96472174759285	0.606694739139935
4584	8.99831147288161	0.493702260699899
10071	8.60083156311151	0.258357921438603
102724094	8.74989857369952	0.320788190707519
81844	11.4698063184343	0.397052996853382
5054	11.1299642790955	1.57436575715862
1174	12.5393965072183	0.541880358918802
100616117	8.49428357927591	0.119506668410809
7425	10.8378761932264	2.33921933655711
375607	8.48062053886079	0.457698166202254
346606	8.25677942466885	0.172092678701198
8985	11.8213059754007	0.616367977485273
10467	11.6666931565449	0.258716856557969
24146	9.30298801833038	0.27109524204009
51024	11.3457601751183	0.576953442800253
101927746	9.35188246306999	0.489472009704598
64792	10.0441058463544	0.446325757639997
136227	8.64623819080614	0.675453099062962
1523	12.2789694626754	0.323075980929068
10603	9.10562358870025	0.270135653721902
729597	8.60116106099896	0.103513196853873
100289561	8.32728065536935	0.0802015794713654
79706	8.72759800388951	0.0919749435722837
80228	10.8327347361941	0.682868078469813
54784	9.61879792940385	0.209600801230231
222229	10.464197027582	0.562918262607966
5439	11.7200530819621	0.31492150187842
100271927	8.51770897623157	0.153315599879686
548644	9.3505180144979	0.516057561045396
441273	8.43397059423936	0.0977647829988517
10156	8.60066847873989	0.162817419825565
246721	8.72153101240081	0.284523733260317
100310812	8.33478647169518	0.0961969941089248
222234	9.35871366856609	0.10960393880804
222235	8.90071544199752	0.768736756362116
10234	8.43937581093197	0.239872853898723
58160	8.44299871141292	0.573069536706269
83787	10.625931699089	0.298404909543249
222236	8.51165427257726	0.169509727140091
349152	8.9842089701618	0.523355734471295
9512	11.6178760258934	0.301221442754918
27000	11.3175057337638	0.356999531239596
5701	12.4513205905426	0.334635425203307
375611	8.27676397468464	0.0930719546714232
5649	8.48442083128917	0.252439437892049
5001	10.4865110721031	0.299992046252446
100216546	8.74737289110685	0.177779969073767
100216545	9.2693922829895	0.2141150503843
55904	11.6833117541621	0.33244051144351
6733	11.0421948826362	0.341097126617373
54517	10.6530309067938	0.520850114439722
60561	10.5213814864957	0.431787914561882
100130771	8.42158812854299	0.0729360486454842
222255	9.82400121070408	0.305388265384362
222256	8.47107615649249	0.111482649496659
6856	12.4525550194535	0.901566806820611
10135	11.9748737175673	0.724928821150158
168455	10.383810488546	0.934685618460877
5294	8.35221174968692	0.221346147567438
5577	9.05090016623419	0.823426094077859
26959	10.6386478451515	0.438254108698438
10466	11.1010370089433	0.301228156845368
11062	9.75682510800077	0.203806997728887
55973	11.2206134951616	0.321502287393256
5172	8.442659083457	0.139760259425211
79872	10.923209808652	0.315312047125615
1738	12.2677241781805	0.35876545021998
3912	12.4914705940465	1.08833025058303
22798	8.33614521039432	0.14802012908628
4897	9.73793188044452	1.81093751799704
50640	11.0042401605478	0.474256287486817
168451	10.6439919006674	0.391524579029173
4189	11.1053710783228	0.972893049054134
83943	9.49867526915941	0.377027303338779
9732	9.51878035664765	0.788947869067222
11179	10.0229311897614	0.283764974470233
3475	11.3163779220282	0.78516870544465
286006	8.63543454795825	0.1576404633214
64418	9.75513305753305	0.980890709238503
154743	9.88646705209958	0.31447739894872
54329	8.35783811551309	0.431402610027687
401397	10.5801928795656	0.593757169350476
93986	8.74377765794776	0.585766750585238
29969	10.5892432465168	1.13532345592233
102724386	8.31263771482215	0.122458732499874
26136	12.0200210089996	1.42050203490241
858	11.9626341843799	1.15509390043544
857	13.0912297085497	1.58472149767273
4233	12.6926424364768	1.232097811405
830	12.2987847952526	0.272524055143296
93653	8.66448803017482	0.174926119104915
7982	10.247432343522	0.31906021457602
338069	8.36165149786918	0.0872088064672122
102466616	8.28794260117587	0.160972303028609
83992	8.48531418983957	0.505459441768021
51691	10.8094534436051	0.323715085185364
56311	8.27145733557291	0.113206354378368
3751	8.74248043832359	0.611790349219553
23554	9.85044523939586	1.25828216700397
54556	9.97462534424402	0.397408214637556
79974	8.69960573991148	0.608791776729692
51384	8.41918858188408	0.169205789578209
10447	12.8088341575349	1.00891312104764
5803	8.5291520574478	0.345762653071799
10157	9.22983158483696	0.764742078289312
389549	8.39735337850149	0.307922135329036
154860	8.40352515009682	0.270219159751712
93664	10.1404997758627	1.23413239508195
168433	8.27033579915196	0.156909324999545
378925	8.3484846044952	0.204722336035456
154865	8.44756747577757	0.178806206252792
4698	11.0935902290645	0.513130460197818
8976	11.8418681909939	0.39613552126898
23553	8.44710255637282	0.396382413028115
2861	9.16171896214195	0.767520008092569
25913	10.6799181014973	0.266639078015355
401398	8.56735995241417	0.180958173427768
2918	8.31458024164381	0.118385267153392
168850	10.6047206092199	0.250412972882988
79571	11.0043439730757	0.301319901610523
381	12.197667359065	0.306578700651921
27044	13.3449515284787	0.351974618392405
64101	8.29737621437784	0.107481100601358
157247	9.46353182246912	0.162073900090051
55131	11.0030274662131	0.418883454361926
401399	8.43969200424703	0.271316491654596
3614	11.183158011768	0.853209030588211
29923	10.0278287710299	0.564269029328594
55798	10.8338260002535	0.320657649710631
402483	10.5763330088828	0.288837264472208
346653	8.5664676153405	0.116379332095007
813	13.5715721502298	0.492243983354179
64753	8.92304736997529	0.554666922018177
2318	9.36956012797578	0.739389870788427
9296	12.1910180262516	0.524147382222558
100130705	8.56103464353173	0.200268831502587
375616	8.98292528043275	0.743327778850753
3663	9.29795206421045	0.685972067611773
23534	12.3505483631153	0.411780269479824
286016	8.67284945369368	0.125264889135908
407835	8.3523063597219	0.0656956393576275
340348	9.13034581686165	0.401620439863628
6608	9.27614831915631	1.0390246669897
23382	10.6665139071504	0.496222164925701
57464	9.7977585568768	0.674060851639642
100287482	8.84336369237174	0.336243164128915
105375620	8.73994441482757	0.196575742853845
4899	10.2254402116236	0.154129368472993
7328	12.8029539293918	0.636024874658075
51530	10.4477016122572	0.388089679090988
23008	11.5168392634027	0.215352805971145
84928	10.6782733164981	0.521038658865768
51200	9.16541033385931	1.07812701693902
93979	8.36061579200335	0.166566645500524
101928632	8.33625665316971	0.173455283340358
95681	10.2005591426804	0.27184222297854
4232	11.2793119247502	1.20038083680205
317751	8.35360778816248	0.131050372106509
26958	10.8194238387653	0.355459114163213
53844	8.33992233022794	0.131573143451351
136259	8.43009952885613	0.199240073960089
378805	9.36376302579916	0.341192471673164
100506860	9.0176062634805	0.537974257596564
4289	11.8755285020311	0.454458701916782
100506881	9.2041685242686	0.360614026511792
5420	13.0843848024745	1.30187335340427
91584	8.36890685779897	0.142112560014121
54927	12.1624322499381	0.386388661478158
100500804	10.5950018588522	0.232086541937375
60412	11.4817535265988	0.485167082364044
136332	8.41735302167488	0.133008840165877
84912	10.706911269172	0.515733099074719
231	11.7296788588308	1.35269713195531
57016	9.24092447962751	0.937200047193362
669	10.1177982113833	0.283669344126825
800	11.0189153362405	1.57717704932591
340351	8.61225426632204	0.164295938685204
55281	9.66235053770596	0.204444595109183
78996	10.5181296836137	0.269511040720216
29062	9.40382858785329	0.498086063471801
4850	10.5488274752494	0.225595509951776
23165	12.6350671127688	0.486980620948929
647087	11.1818611705122	0.316204741503072
26266	8.4355932690735	0.0970372331944604
389558	8.27002713930368	0.0932335312822565
5764	8.46538269408562	0.0823937664861832
64764	11.5715806588682	0.724461415503289
8805	11.0254220131028	0.352307857817838
136306	8.39921404744997	0.216183785023032
50617	8.55179122455004	0.468391276968136
57670	10.5870621547895	0.660873841503921
92092	10.2069188473223	0.531111290931141
56829	12.4406306952046	0.681040662814338
79989	9.8668108818516	0.437650646564678
254048	10.8970716461508	0.408481948094763
51631	11.5128857413878	0.327018465526186
154791	8.47797094550871	0.12785103132358
28996	11.8460892924768	1.31092522419106
6916	8.67376312581973	0.431666905604917
64761	10.5982186009141	0.70878185145652
80853	10.0278534641728	0.798063450098166
100134229	9.14588511019622	0.479967322883204
84255	11.0411343228054	0.38236414748997
401409	8.89290435090731	0.406410266769864
23608	12.2803014524821	0.220313484698263
27147	8.33254939564189	0.100950333861611
90956	10.452459664701	0.412430855729702
100134713	8.74060450680636	0.110835436273568
4708	12.0467177023078	0.288870029328482
673	11.1233756094622	0.315732921387448
51650	11.2168709780424	0.385969314314587
100507421	8.77096399104645	0.887110963448746
55750	9.61527421832246	0.293977245304933
57189	8.48642716275096	0.175753562766812
6742	11.038894377636	0.262487145365752
54429	8.38778545785652	0.0766668038879057
8972	8.47647627312204	0.418224151623129
28576	8.25159925596261	0.133593340607696
5644	8.26658502559473	0.161492907952027
5645	8.40034064026081	0.308089068705389
28628	8.22632173114971	0.113432710594875
28622	8.24752719766122	0.184962592426009
28638	8.28049061196679	0.189924515258141
28557	8.34704217737378	0.21079093638057
2051	9.3217989683594	0.79820009710393
55503	8.56471074501131	0.357212990839498
373156	11.4829345001764	0.451098113069586
135932	9.35689856872736	0.956041952556272
835	11.4359223898475	0.301907631366353
1180	8.33703531359517	0.17735710785431
9715	8.60427235160175	0.309306101588927
7791	11.6912050126696	0.537113140628169
2041	9.8819863775102	1.29315215934974
285965	8.48403572307559	0.329477630224048
441294	8.33513760542372	0.17572672433596
285966	8.68537822998123	0.360550514527391
154761	8.32387200283715	0.130814479466962
9747	10.7619097734893	0.696174883917761
100128553	8.66684315629115	0.246177841331927
445328	9.61443451819227	0.65441929621101
101928605	8.35706394549889	0.142335090709525
101928492	8.41325618927262	0.216427183841394
401427	8.34956324042191	0.135685916994794
728377	9.67759473940086	0.647328048817756
100142659	8.61154040874731	0.236752112027039
7984	10.4836116258232	0.917707240873343
27010	8.94227530123677	0.400807299492932
26047	8.3571854897966	0.426201447063595
8454	11.901064001856	0.377854950047078
2146	11.2463995545652	0.581654631336761
102723099	8.71688943201701	0.170622804592427
9601	14.371731595505	0.567829518271506
136051	9.76872272858104	0.248981855806665
155054	9.11149352606251	0.352976952088173
57541	10.2512230381472	0.2665211659653
8427	11.3483814689041	0.23442978921016
7988	10.1050592775395	0.289687009674635
100289678	9.96790603314939	0.341730423642802
155060	8.7676349007027	0.0764506349102694
27153	10.2789748907055	0.321471650611322
155061	10.5189830637487	0.29566725251922
79970	9.15086345638321	0.161687196443449
84626	9.13534231519281	0.615391346630923
168544	9.51777010033648	0.788546361847203
23145	8.59118877202913	0.295641114309824
643641	9.42092269374868	0.365917001180472
401431	8.92812334172641	0.405095708672692
155066	10.8131753354568	1.05318799788813
653857	9.28363630529083	0.515647678352625
65999	10.3698699873346	1.02970029795454
113763	9.41009662843448	0.579254448927936
5919	8.679113282035	0.330558930511936
29803	12.5543431797506	0.616932303196116
285971	9.32163053707242	0.370689810661117
728743	8.82441162672175	0.218458502189629
26157	8.71041508358627	0.42736512953531
28959	9.29885936560492	1.76114516485355
55365	9.1666096282271	1.76326508288786
26	9.092460055085	1.53385085811268
3757	9.39723098276049	1.51456948167981
4846	8.96814275813282	0.69999036131838
285973	8.82751923703691	0.381132087697334
11194	10.9360970928031	0.265428891455586
9311	8.66341584742283	0.218241040610452
1020	10.2157169111518	0.2224231411728
6522	13.1161398376115	0.558102082037317
10922	11.634254929349	0.29931990692878
83590	11.9323149649425	0.402304156664761
116988	11.3561810632177	0.402987549046157
10061	11.881632877464	0.36004645311977
54480	11.2279026264297	0.437967361329708
6604	9.37561822548993	0.688362545102897
51667	11.7005582461132	0.348076325489851
349136	8.50743091842879	0.0887051897521675
6009	12.2675796100587	0.368689923856516
51422	10.8734223266766	0.556719355610428
100505483	8.4162725712363	0.196824401393988
63917	10.708233357169	0.572637628549676
58508	11.8780286487385	0.242967655050843
100128822	9.22711756051157	0.396586992479458
7516	10.0859146221931	0.29400249863788
57180	10.032755178115	0.384185449909473
1804	8.25326266151322	0.129466919373938
100132707	8.85259467110128	0.156926259081002
22976	10.5530807432503	0.34347696651208
202781	9.71461795204915	0.544100782381214
3638	12.5149022364814	0.577848470526416
2020	8.64866971248491	0.470825456536245
100506302	9.14938271371754	0.186798826535379
155435	11.5970430844681	0.286585665559585
6469	9.2060205487837	0.958352846370884
389602	8.79259557812905	0.4035581950995
100506380	8.3748598243486	0.104311267778794
129790	9.53636705087221	0.482397467167443
140545	9.35529695711652	0.311647558647445
64327	11.7792708610263	0.389734061837366
64434	11.1984309799009	0.389464152684471
3110	9.3188827710406	0.539674491903449
645249	9.08557004616097	0.382670998649846
9690	13.018629293172	0.326373815445903
10049	12.6804700109337	0.441948615269375
5799	9.68198278792008	1.10138215229763
100506585	8.35788502603629	0.215306149202194
54892	12.2305077341309	0.493551171638542
57488	12.9463879950252	0.485447125930882
55112	10.2884494204614	0.367474138742972
7434	8.39899994649228	0.18605902264913
644128	9.08870432236562	0.364544851264119
169270	8.55891989915657	0.230011599638739
101927595	8.6229911276043	0.163338776757062
26260	9.25328816948554	0.519072968674121
157695	8.863476588665	0.452484234823401
157697	9.73396624075963	0.642862315399527
105377774	8.31806793068977	0.12395100389979
9172	8.27657883953825	0.14694989666691
100287015	9.04042335200763	0.247460318686989
79648	10.0510930429009	0.199726447918293
285	8.4018693403086	0.0975658863844698
100507530	8.62311362207631	0.216122969720441
55326	11.3741440339044	0.46483610635388
389610	8.30746158155595	0.137508484764662
1672	8.53336524459333	0.547545205841155
100128890	8.45371811727773	0.20616941829513
286042	8.66369498466282	0.260824675018033
157285	10.7650331540846	0.596806060947182
137075	9.47882719474448	0.621796098243265
9258	10.7125951808125	0.178427340170617
90459	10.5946936067303	0.536647538417748
79660	9.86185166347389	0.440660697114087
101929128	8.57100463949419	0.493694262218066
8658	10.8246604258525	0.292149870031843
4482	9.48691001347577	0.562023989374144
101929191	8.33180982349475	0.13570817861876
94137	8.66002445202777	0.321470768197062
203076	8.31851518047485	0.177120705350296
83595	9.27268977948717	1.09654637539907
54984	9.82778540731363	0.394366050991691
286046	9.06714359242077	0.493197575774515
66036	10.1422862985173	0.462296748410542
83648	8.76095712537617	0.43116399779895
640	8.28090116708008	0.140651923547461
2626	9.71734141847864	1.08640888679297
606553	8.45812216403884	0.230476733746912
252969	9.94955542922018	0.410147054320718
2222	12.7724747595922	0.990510615208273
1508	12.7772514055438	1.23302970260177
100132923	8.28883836274814	0.131373379301925
85002	8.70023602165903	0.345525350868994
653333	8.41881859622552	0.174843736328675
100506990	8.76330650971959	0.22932361567716
91694	9.42447078294036	0.461721065028161
57604	8.47407583411237	0.250791965268429
10395	9.92435000426006	1.27482630524123
7991	9.35318808205823	1.52797711958975
286097	8.46266872382658	0.355613551063151
51201	9.74175165095464	0.844063794026037
29883	11.5868699893465	0.353656436157613
137492	10.5935788665773	0.357813563513242
9108	8.61106768063757	0.0916875231171532
6542	9.17192394857615	1.08080378205899
5157	8.83625705612691	0.468356197451643
57509	10.0700273506263	1.38437900395725
5108	11.8805346712803	0.426906900373761
427	11.7625866793907	0.722720856717643
101929066	8.42260553102133	0.0862019551951212
9	9.22732453532426	0.534293297054155
23362	11.0867552823411	0.783307924524478
63898	10.6862231755813	1.18445363484336
55790	9.011139988205	0.351939055211681
55174	10.8020378260087	0.465110373403359
4023	8.2926587131575	0.163900692466888
6570	8.31491731578578	0.341741979766784
526	11.936909426082	0.413929006756752
11178	8.37694022073272	0.28809411551852
102467222	8.20972643266346	0.101038657842222
23039	11.8315874320928	0.676100058303547
10361	8.77781475413705	0.519561689515035
2039	10.0251605818368	0.856223600261171
64760	10.333941584772	0.552185836311068
79873	9.26271970918762	0.336517751995328
55806	9.13175465357227	0.861989955279357
80346	10.8978812335671	0.581629169215604
203190	8.3361928114232	0.252764258061978
649	10.7845228078817	0.913935029505317
9796	8.52177854137281	0.247242470001266
407037	8.27790435423455	0.0952991810891497
661	10.7304108610925	0.410014493882479
55124	8.40303000087837	0.0858668104504864
23516	12.0863105406993	0.702588236663658
5533	9.49541918439931	0.287331038170201
10174	11.1091199094392	0.708199924303043
64236	9.95593333932998	0.890700820749178
541565	9.498388102792	0.548767565356273
57805	11.9678247455407	0.496271319078712
55909	9.84199874648795	0.394101594927387
1960	9.20718905768296	1.11716153949686
23221	10.08730379497	0.73822007000866
8795	11.7994531376108	0.957792838244971
254896	8.45992580285601	0.226390503233868
8794	8.33180587806689	0.137126557207883
8793	10.2591114545249	0.874057015114154
8797	10.1713489782759	0.398645065256778
389641	9.3726950768638	0.23335345134398
91782	10.9434638940282	0.300230834272096
203069	9.90739164133559	0.565072561533159
4017	10.6020289476033	1.96569182818585
100507156	8.26176258787978	0.144832177688689
9583	11.3194644247634	0.348185226456089
51312	10.5130844651995	0.657945309117286
4824	9.43070311204715	0.671657461956914
6781	8.46343177028714	0.315743780397622
10863	8.96817154833401	1.01272298684727
4747	8.33923412748301	0.110561936471646
80005	10.9266754986542	0.738231530743539
2796	8.44922925595217	0.0968817204987541
54793	11.1406023395774	0.576201041782783
157313	10.9359613267178	0.689950359028327
5520	11.5543262630181	0.589929013080912
665	11.1205957879222	0.710980953938453
10687	9.26394496992253	0.881800408605227
1808	10.7707823258152	0.707909140669101
23087	9.78000453330481	0.18024835771806
2185	10.3220324645675	0.900962792795192
2053	9.16030872093974	0.569632633659705
1191	11.712320783231	1.50800118432262
51435	9.47227051392884	1.05899315363213
55246	10.807799770013	0.481163918796245
157570	10.3422201075778	0.43324402942915
55872	10.9387468203676	0.695413625716065
286133	8.3480504020795	0.277899348385202
389643	8.28151417285795	0.111819591756959
55140	10.4704256006502	0.547588067988963
55893	11.0418695375071	0.836649568611452
157574	9.05488710276503	0.259938635643441
7976	9.94130312538017	0.36718197795736
2137	11.4510684787758	0.234483448862471
55756	9.96485193227392	0.403137606733889
79618	10.367770994984	0.330478065931263
23303	10.9283805931296	1.02417858118533
1846	11.1146694358968	2.00623858196801
619351	8.26886971961884	0.105098605969433
51669	12.4531493701609	0.749047393910151
23484	10.694283628022	0.42991844841727
10671	10.4945860433442	0.374421595642963
100128750	8.47994680757987	0.248173929510764
11030	9.78843419866096	1.18247825169093
2961	10.8136288927328	0.425341793529622
2936	12.0335459802815	0.381863583399383
7993	9.48467300173082	0.154811408773437
5516	11.7515094624413	0.431841883609683
56154	8.49527116654313	0.379379468547441
29942	8.31740895931339	0.130371770706248
7486	10.2886855425495	0.44604839196361
3084	8.84137690739869	0.991626768473368
84750	9.48802460039449	0.418559882392251
84549	10.3406644762353	0.407403925754791
80185	9.67383722606379	0.328239018996599
79845	8.74953017028154	0.274186985173994
78986	8.48839491107763	0.807250940813755
157855	8.2548831533281	0.166414097417217
100507420	8.44253640138045	0.266412109933223
80139	10.7358057628846	1.45539392339155
102723701	8.29099193867554	0.0903379970326414
11160	11.4336508974184	0.802754476979797
728024	8.57466664245419	0.29933970209945
11212	11.0017339225443	0.661704827812252
25960	8.77653961106912	0.423349593873746
55290	9.68204351577033	0.368265955555429
80223	11.4872645890752	0.712472809162807
1978	11.494395768187	0.533518931556948
9070	10.9923553776983	0.619339918038227
6770	8.34547224562037	0.0888740456402786
27257	10.626449569707	0.44909123856198
9530	10.4570389622995	0.57813777643332
23259	10.8829030358999	0.53668701132442
84513	10.4775890750984	0.320415971468715
54904	11.8180140694053	0.691118903199953
137994	9.26649273878102	0.719947763818594
2260	9.78827197442373	0.935658184869412
286140	8.59420829077502	0.107872034672765
6867	11.6217872303595	0.851710613614873
59339	11.0741480142714	1.10417871550893
83877	11.1146259654002	0.825803375509206
8754	13.3578279029007	1.23267179117101
3620	8.3528144331735	0.253623324217434
56892	9.06967573491943	1.01037043055225
6422	8.66561894874256	0.777582418203321
51125	11.3167434406485	0.640922369054327
84296	10.7684775677794	0.967563185844051
137964	11.713089887365	0.652329842837719
286	9.59465792598094	1.29786967585327
7994	11.5297861770991	0.69342551032394
10947	10.168164706492	0.588533433361139
5327	10.8326585440021	2.82543128235307
101929897	8.32620211543148	0.225169101242792
3551	10.5071741784726	0.755641640743284
5423	10.5453566857101	0.889993194809628
27121	8.394720319573	0.444673618890313
7419	12.1148345453177	0.748288330015954
6575	11.0853357984316	0.740597420755536
114926	9.7476553741704	0.51198455120007
8973	8.23111176914518	0.145134295876739
55145	9.91012477716872	0.251559508725411
81790	10.1902354961546	0.542649843491843
84376	11.0819323244842	0.773980732147392
2339	11.1884651112765	0.546530089557168
84197	9.66249890444454	0.354255373219439
138050	10.8942612581509	0.679700582086467
100287846	8.30207756416544	0.14108618835211
23514	10.7789343565113	0.672627170275248
1052	10.1036751544777	0.973332545416294
5591	14.484708930241	0.931531135462193
4173	13.0435664244651	0.97278170638228
7336	11.7982887963984	0.590988600812473
6591	9.80780241821747	0.956853242726925
137902	8.41100858954289	0.073825986613081
115294	10.9037737476684	0.493607670272407
9705	8.7653304509168	1.25436822555645
389658	8.39650116619993	0.244499852608053
9821	11.9742565225817	0.542064299904657
2831	8.34051365335385	0.308190709292149
51606	11.3183041387802	0.472647462965338
8601	9.43740989976919	0.762998375424667
6917	13.0140115790439	0.462209384364592
10434	12.3015707073567	0.610935149124793
29088	11.6957567166072	0.514231794387739
64321	8.50405667000421	0.624458073403523
100129098	8.33214835253866	0.220347257867167
6101	8.27813727844096	0.143848708995722
137695	10.3423232141459	0.302172149314865
96764	10.9464671493514	0.446238193884868
4067	11.1747810277988	0.652641345506133
6224	14.7571835513249	0.586355981292437
26795	8.38117936683844	0.0962361547377742
5324	9.35168882493086	0.54136005011007
79145	10.7698766037219	0.633018165994043
195814	8.94315423188251	0.875814606263436
54928	12.591095922149	0.507824698945167
90362	8.60619985803428	0.378606146518715
137886	10.8219309834676	0.438058192638478
6386	12.970545794399	0.931904238263051
8439	11.0115384069907	0.601024473880278
9760	9.02571449228922	0.840443230484178
767	9.03511104366508	1.30749536101523
100505532	8.3802813488018	0.108088742804123
5862	12.9457605769566	0.414445602154632
55636	11.7960353847375	0.627497689170592
157807	8.32944721160652	0.114746918835214
444	14.2431359503591	1.32029186636326
286183	8.37655764427413	0.235366286054856
643763	8.26964088772942	0.136475696090431
8836	11.2274844388993	0.453302624070252
7274	8.39968411099814	0.19672104080978
101410533	8.70977722733583	0.171544499797165
253943	12.1597235438232	0.424110765848712
9420	8.42045109951484	0.287431612706331
55156	11.741285219571	0.434144850208356
9650	11.3800326588044	0.54805505840611
5150	10.4699656086727	0.456165278864307
84675	8.85640689664782	0.989824368071692
100505676	8.36732331583936	0.082520184261779
23212	11.3244466760998	0.461379845604321
137872	8.57912973324884	0.254175855749068
254778	8.88475666000685	0.713004065930507
4603	10.5878331281114	1.2739500390583
80124	10.9836580856578	0.579070192492828
56260	8.93066034071769	0.167292078352211
23678	8.56038293248711	0.108602291709038
157777	8.74956611777829	0.192011796642005
641638	11.8026273137867	0.750780889390022
641648	8.32651016398528	0.0930914812109525
100129654	8.43698985405813	0.23424642954609
10987	11.8109008830174	0.420440386270031
79848	10.503516682086	0.36905765882952
10565	12.4474702324386	0.57379729612594
102724708	8.35211799050414	0.0847400635428556
57094	8.33803150911838	0.34801323275327
23213	8.49968874106649	0.472282229359003
81796	8.45627612990484	0.490247633279034
10499	11.3171346548206	0.53528648458361
23471	13.3723085983091	0.605464887152114
51110	10.0928260828521	0.398650666592394
389668	8.80482396133262	0.399669292321356
2138	9.00830258524057	0.654629608848095
100132891	8.22540017369866	0.100787934516769
8989	8.32459850791617	0.359392927192358
9312	8.51127498574699	0.721930032921894
7013	10.791151481301	0.249833011640911
157869	8.49733366672688	0.25705666190756
6129	15.1577197615197	0.539417083897742
157506	10.4294512999	0.741007361694754
101926926	8.29239403627538	0.100980579814124
27067	11.0539808555748	0.383576829533962
55284	10.959006906361	0.403885265140964
6921	12.1297183025571	0.57105626364819
54968	11.1216720925502	0.374234260865585
23643	8.63659877767067	0.71007495500089
56704	9.93740330972309	1.23000226808228
54332	10.7458943519185	0.495645874335288
51050	8.31222849671954	0.144933508062502
83690	8.42381798785942	0.400608548011723
101805492	8.73813594667278	0.716185720597246
3174	9.46041384274055	0.926164249105437
101926978	8.24481883952402	0.151809409269995
100192378	8.23120551785523	0.099956270370223
79776	8.91449070518302	0.647448835274398
5828	10.903598819643	0.409309136705395
5569	8.7715477368803	0.718080597758822
51101	9.74364338733061	0.391912026974643
3574	8.79932679646854	0.496839908827014
11075	8.35321138028393	0.128656293292262
23462	8.78884248317411	0.503854749800721
101927067	8.33001857638871	0.104982181635723
101927040	8.39252468992852	0.302060335400018
28957	10.7320534191863	0.367929975814629
7163	12.3891433388745	0.732866758890816
65986	10.0292727080403	0.80067060887109
619279	9.4706875204044	1.3996950747397
55824	9.40283898304633	0.758223927490086
2171	10.8000319759956	1.41265595939073
2167	8.28310139821509	0.206026534467866
3612	10.7799626437311	0.594529673815066
347051	8.46695296288745	0.161877079847365
79752	11.1348611603783	0.66451870451323
92421	10.7686341392785	1.21101498108716
64089	9.87631982551585	0.335254123499261
103352670	8.23564925305852	0.136655382736274
138046	8.37031752656844	0.442206255230194
85444	9.90007594563604	0.712755824630524
1875	10.1193899155303	0.407266608215612
401466	11.1222612978069	0.474089044476542
377677	9.34115515048574	0.983898550458524
761	8.3677933279458	0.262691774778131
100996348	8.36085928966192	0.175924666810051
760	9.45972916646032	1.28841833122818
245972	8.35091938796775	0.166477614960806
11059	11.6694515383209	0.507369386312611
51115	11.0298113182095	0.371427812586255
8895	12.2932370927691	0.421537221725403
54714	8.2480137551209	0.191183066454766
4325	9.29561563768018	1.45228665231914
101929709	9.04982196264727	0.299034471573277
8767	10.9744925735469	0.718167214007517
734	10.7957275766631	0.697307607153228
4683	11.7214684365028	0.581316176987678
1666	11.183212841369	0.354060776125617
793	8.93878894617777	0.632560554911169
169200	10.5976786351364	0.616006553675293
64168	8.48299067235167	0.443081088614314
100127983	8.56968782664584	0.554168461887652
55529	9.95235787437181	0.525861002664469
100506365	10.6391666018462	0.473474827673034
51633	10.7146266449645	0.500790854140616
100130742	8.50370856494946	0.0975590389227822
115111	8.41360333861443	0.295361628709126
286144	9.9580809589678	0.833280878463212
137392	9.58367060970757	0.435863452436681
389677	10.6453057959055	0.28743818394992
55472	8.60632172544285	0.103652716459976
91147	9.67746270086382	0.355868475219247
54704	10.946801917325	1.24889372898108
1015	8.58228130777622	0.569074186883758
2669	9.7395870863714	0.853385823119218
25788	10.4745063170311	0.305662804465961
25962	12.0468821109022	0.321618382162092
100288748	8.95203494758387	0.439437886081875
54845	12.2027599764644	1.9276302852343
286148	11.1913693091514	0.308561609651961
55656	11.3739250657712	0.256707293116609
9134	10.2269469290815	0.366300239523545
137682	10.0995442770795	0.271014745578629
94241	10.0505591235614	1.02852153769387
79666	10.7629146458696	0.678790647901983
157657	9.29509590565048	0.27074024451473
7381	13.1501681117361	0.490466774046817
51001	10.1272756478152	0.179112983649246
9791	12.1162290750379	0.324014282230063
6383	8.64198109714213	0.680021629224993
10404	8.55595621486946	0.372785778129522
85453	9.64280750613409	1.2062770288204
92140	13.3789730335517	0.296129506573588
55353	13.2896919611601	0.363649619251421
4147	9.87598409951601	1.03555668416521
6156	14.7325569634511	0.496156666141628
26775	8.45625623510816	0.0790673708908195
203111	8.77520152799447	0.535819904248201
10247	10.2686439023592	0.305733599239685
10940	10.7842688975377	0.429456087231144
79815	10.1169137573641	0.608638944799426
6788	11.0321690185481	0.566150052984965
105375661	8.41004581104157	0.152510247883107
116039	9.65831895585073	0.519380559618751
157680	11.2816230748161	0.305427294786151
1345	12.5257400874741	0.375969398264381
26166	8.28788440971516	0.147720922169652
286151	8.79134796745515	0.265337603280042
5440	11.2553745347541	0.476862333158508
6674	10.4888520166439	0.67546538256641
25897	10.9513926546817	0.501978948404763
157567	9.69646470492549	0.502986218598173
26986	15.852259355716	0.389295771682184
7534	15.8018971553146	0.553188281612086
441374	8.41304218991052	0.210384699320278
51123	11.8937629516987	0.498835252650664
83955	8.27609713231467	0.123672310349733
79977	10.7099708263344	1.96715447020105
83988	8.91032013997969	1.12532165274767
50484	10.83867540194	0.424878543193901
101927221	8.60253349908064	0.102468053487689
51366	12.9987798786238	0.382926714952964
7071	11.3259648913866	0.742811433017055
101927245	8.61553353322648	0.132755331845168
51582	13.2698570977286	0.609815128226397
100506753	8.85637019326362	0.234264043806774
528	12.0679893379746	0.549305085749603
157556	8.2471497720972	0.0980288380518888
100499183	8.34016140436189	0.110954159455119
8323	11.9157151478473	0.807494281577834
115908	9.18206099147649	1.12671518748173
81034	10.9599576143354	0.319615780076579
25879	11.8647376479031	0.367230445024362
9699	9.24850184949206	1.02350827499844
29967	9.71110286351385	0.813926107956461
23414	8.48179664895244	0.272611587367946
102723356	8.92473635652953	0.519197306632076
55074	10.5883767920545	1.31960405073936
284	8.30294221314385	0.102216334624497
3646	13.7180852793654	0.375437691438667
9694	10.9847185052216	0.504393282183635
157753	8.35152335019874	0.32317497843157
84955	11.1953766090808	0.430856008940801
56943	11.7171228092096	0.401358385805968
9166	10.620178959548	0.383499207672817
55638	9.78765456197984	1.15211333226835
114788	8.57813437283548	0.625428720422089
7227	10.2401500589223	1.27585748805948
8667	13.2225993629815	0.420504904319275
84294	10.7412831263069	0.34347024148914
5885	13.7571318826378	0.591168090209713
644660	8.45945270176746	0.0693807149414619
90390	9.90567024033263	0.379144947739745
2131	11.1804273859454	1.05711847414681
401474	10.5355371608729	1.31277937361153
552860	8.57445226731148	0.268327611089531
4982	10.4162865491999	2.15189527740084
10584	8.5748810816403	0.259819287824397
114569	13.1525932746367	2.85612717932481
4856	9.19977499834788	0.691019336702825
5168	8.3219849246885	0.116164167838137
6873	11.8216242436254	0.271511446153364
79075	10.5865076792252	0.497104206387186
64798	9.05673613831343	0.523858619067275
7373	8.30784858225939	0.198365136270389
28998	11.3111040940779	0.367116631250547
27085	10.0376938387311	0.42611474653825
6641	9.45329292391883	1.50127630362695
3037	9.10699780442328	1.18415498353392
594842	8.5095837755257	0.387641414367238
22882	10.1541896357363	0.942917583717555
79139	12.1141712349123	0.545204793257808
93594	10.1193064509309	0.336112461401181
84985	10.4143516988416	1.99948854576802
100131726	8.55266517654802	0.381453326085167
84933	9.11734272574551	0.138757664803867
100533106	8.54810036805319	0.0967121113047457
11244	11.3630220261121	0.408092190677008
29028	12.6565304220562	0.458183598071809
55093	9.92550542196636	0.291687903821549
114907	10.2531864394862	1.19421222839511
312	8.69283181933654	1.28076731093427
157769	12.603922736821	0.531534235319671
654463	9.14330500425568	1.26801651757789
157378	10.5706429970661	0.564299861956748
55039	9.89018129053425	0.344422709340992
101927612	8.59443134588409	0.112593602728247
11236	11.0122755376279	0.337100272459656
83940	10.5395013506912	0.28912172612821
4715	12.9991876574229	0.366680619385475
9788	9.81914379107821	1.25628608996392
137209	8.42768039631527	0.272636324825352
6713	12.8071485471128	1.06481082257602
9897	11.7637273522981	0.473105123469363
286053	10.5270110878006	0.37321174708992
10221	10.8209862014738	0.988494196848693
157638	12.025069724862	1.9595250814125
100750225	8.33639869990175	0.118370715808625
103164619	8.34758104441252	0.357824529594279
101867536	8.36452218694588	0.14331171428721
103021165	8.78214883206914	0.921107602263209
100507056	9.80080168996636	1.93515155500978
103021164	8.35546609239734	0.204043426606385
727677	9.1944931212068	0.592591192521348
5462	8.39945455910134	0.138331214305467
100270680	8.38367832225183	0.108359468390029
4609	12.3634240652222	0.671117340681981
100302185	8.65291828562292	0.174348380507144
5820	10.0869947911086	0.576017451578139
641384	8.34274878318914	0.10632960160732
101927774	8.26783703322402	0.192964704797488
56169	8.94275357412402	0.667380783372239
51571	12.1906517432775	0.416970589372065
50807	11.8232368142485	0.553505162230413
23167	12.1944655181481	0.680095486509203
3786	8.88237931016467	0.735546902543718
23639	8.55695401412406	0.29978190503379
51105	11.4460423595488	0.242490869211333
8840	8.25817302644311	0.134603690263786
10397	10.7477298302866	1.05600550819404
6482	11.079186247409	1.88402587354753
57623	10.0170933810754	0.493741092063648
10656	8.97169961966489	0.743467014693183
169044	8.99314472056778	1.27740449055439
51305	8.40219488119436	0.323804658923751
83696	10.7303340454866	0.202971226294942
54108	11.4741134347235	0.447638703186419
27161	12.5056012639014	0.273403691859572
5747	12.7827044619296	0.482628306079986
22898	10.1451275286721	0.670704380887506
57210	10.9612152875029	0.863582502691549
11156	8.32835263114342	0.337367658863627
619434	8.23260242202419	0.0984034357132121
203062	9.76366531034343	0.531088721490449
575	8.81368563807923	0.59920429216183
23237	8.8291894138777	0.524707910949433
8629	10.671531456721	0.397266324883974
8000	10.9078510730199	2.78243223827512
54742	8.49918240021348	0.205902536410547
100288181	8.71316463256819	0.254468068469719
51337	11.1221343031829	0.603197168531976
137797	9.86206777530418	2.77985829850594
66004	10.2593703036185	1.73268979955976
8581	9.71944538221706	2.03150656066994
100133669	8.56823789977285	0.31184534640131
4061	9.06224976383674	0.509434566849122
286122	8.49591960495395	0.242771634972779
4062	8.26857351577674	0.151542711894728
338328	8.34369119533979	0.29019387649602
286128	10.3334617275521	0.310173694356913
2738	9.5162641623615	0.241918244906777
100507316	8.93131135861626	0.286423647830745
79943	9.73512334089862	0.254039057602021
116447	10.0929915493844	0.448378016289074
78998	8.9316761223334	0.299523955353161
114822	10.1153440504377	0.44282648998584
389692	8.70232708367013	0.528362401467632
23144	10.229743922899	0.279214275994955
79792	8.70114240895956	0.648034969008709
642475	9.19330230560584	0.972179538753602
93100	8.71201994598772	0.421903959439144
1936	9.59793031994768	0.799070678728071
84948	8.38384198589001	0.104102166823117
65263	8.41722020750498	0.167881246033745
7264	8.84712128928942	0.48448694397315
9831	8.41890291653266	0.331358806519588
286075	8.68827722657267	0.256172730959922
286077	9.6811021703137	0.489529726912608
100128338	9.07490859311696	0.632049399022982
23513	9.73710342640852	0.690557633143153
22827	11.1240718053561	0.43347025151288
340371	9.80492346778085	0.337146186892432
83481	9.77398088446276	0.900904704442254
5339	15.2837971183293	1.22087684241572
84875	10.2545910258062	0.991726957191511
2907	12.7182371147175	0.551092792067316
375686	8.35999224960982	0.145394280329356
392275	8.41502228612347	0.148020832993383
26873	9.93516845422838	0.443561518697064
54512	11.2621320839318	0.314116566780653
8733	12.0674684788226	0.560289406878481
1537	13.1176619429124	0.360220858081419
81858	11.1401934143304	0.378562608380954
84232	12.4039990835932	0.519147553644927
340390	8.60172539011933	0.203391213543426
51236	10.5521007243431	0.34305791136419
727957	10.9099001435525	0.573023103451256
23246	12.1807988716466	0.453967364631776
642658	9.15569446676349	0.31853803078443
3297	12.4263329967712	0.315363508649504
8694	10.8290283815917	0.573518427927455
83482	8.47329014429184	0.285919418174524
340393	8.54890598606811	0.128080271200136
26233	10.1992302013837	0.304770026654625
79581	11.9559085892441	0.34987970965748
203054	9.64025764045005	0.323930368822272
29894	12.3556844260749	0.399465612934382
55630	10.6528560704321	0.576275649681738
51160	11.2159674143535	0.363588384032423
4796	11.007376870537	0.494928686807756
100287098	8.54870539237177	0.143766848114593
50626	10.9470738525309	0.4460863503246
90990	10.1510621045487	0.340229071098044
84988	11.0002543789759	0.384092186011878
2875	8.83397993506614	0.171297785907454
113655	10.2793951593446	0.64690042857649
9401	11.4980648928576	0.382115617947884
9684	10.3833530444197	0.364830660737474
414919	10.9380203444973	0.367526784318764
80728	10.3462016784202	0.303143275375738
90987	8.34627478079369	0.125194824888423
80778	9.01352264978434	0.110092421617421
6132	16.1727752396558	0.436515605285141
340385	9.26363004105844	0.170475547441589
7553	10.2802361459985	0.284808079416828
28991	10.5795826223484	0.421581373434555
58500	9.23501173908598	0.135669180042381
7564	9.46892654716703	0.174253617832362
286101	10.2820859319826	0.2539692799341
286102	8.86856455192966	0.132684076595734
286103	8.372346566855	0.0979897740043258
65265	11.5765191289516	0.202402164568768
100287171	9.35825600719886	0.218018536325232
2298	8.56955660925025	0.111306275452779
55871	10.4541460700575	0.569767860386296
157983	8.31734252769376	0.154634164831988
81704	8.71362853060736	0.601479675250351
23189	9.64922722637635	0.752812914022616
10655	8.30448692424304	0.344857669767256
6595	10.889464663809	0.819142076010799
401491	8.33893796584401	0.146118182312028
7436	9.35240972044358	0.704733170668567
9933	11.1737616951025	0.524331646424391
5991	9.79925391524233	0.269977064799939
101929302	8.42733005708948	0.267859305433191
169792	9.25450811170046	0.616136324781929
6505	8.93715373897838	0.666880553664443
55064	8.88039397652153	0.333690069466582
403313	9.71935200787105	0.36603958640206
101929351	8.46638648281743	0.112644547491433
55664	10.1507473805807	0.335647130276897
50808	11.3862997690809	0.713360261066458
10171	9.99201537473438	0.458779756698473
3717	9.83375666412433	0.54872675144857
3641	8.59361928658559	0.778912428218953
6019	8.52178506596152	0.284492695924404
6013	8.3342202192373	0.158379090800931
55848	9.74060761589096	0.56875784723403
29126	9.47771570253139	1.08325721420267
80380	8.57071012405021	0.595842128586762
57589	10.850527275788	0.567910207947507
79956	12.6442425755323	1.39498003895259
2315	8.45490064753285	0.143913847376799
158358	10.6319878804485	0.472613259668938
26953	10.5729705778755	0.580380542936178
90865	8.24536515240711	0.142948224658066
115426	10.5750554896486	0.5800522344296
2731	8.94712607754921	0.69893906443371
23081	10.237212043259	0.322433699575294
90871	10.5888516193525	0.535789555075713
5789	8.47692609917272	0.627054331611693
101929428	8.24751365303998	0.207204917739988
101929467	8.36094234937452	0.208354734754705
286343	10.4165347665325	0.734346025589
8777	9.01565775756592	1.28986541754899
4781	10.2273929228477	0.993008480771422
340481	10.4171313868251	0.375285090105063
9350	8.29544876636931	0.320238269562728
158326	8.61215507766841	0.846839353198638
158219	9.57800339149765	0.903018079705176
6619	10.7597522439786	0.44821526161529
11168	11.9783469194965	0.700110031461437
203238	9.01736589347176	0.21273088112465
54796	8.63277885806109	0.432637773124339
54875	9.80879745731992	1.01326972198796
92949	8.40539983836684	0.370279542549482
10670	11.1235621894405	0.389105532805421
54801	11.3157118672896	0.500823229219651
123	10.0561787363937	0.884758143832474
55667	11.2429608664571	0.514343655026713
6194	15.0414619857856	0.719456106589998
340485	9.65529670493774	0.897838504574567
4300	9.5603936627987	0.836761269729634
54914	10.6954365297465	1.07653669871228
101929548	8.32684264576054	0.12934333446347
401494	8.546378468351	0.438674963346434
3456	8.26530832795548	0.108931923507801
55958	10.4264941221079	0.92675712555621
554202	10.1085197784196	1.13867937767901
338376	8.43414925436272	0.188626938337133
4507	10.8932122847603	1.58636423972827
1029	10.5066420929967	2.39325323926773
100048912	8.51955560147815	0.377385148685654
1030	9.90968981297632	1.80572784312043
63951	8.9245847042553	0.569266061683362
441389	8.45717165273763	0.270823492411011
101929563	8.27997107778741	0.215951354930436
1993	8.32459951230159	0.198320221771671
286319	9.59865345227491	0.701258681596361
79886	10.4668247911206	0.325080701143236
9373	11.2419596755657	0.359399474906004
80173	10.0079478917194	0.360697843589159
79817	8.80512310594905	0.555405386997692
203228	9.35063568619405	0.367567267616386
158038	8.65465958542734	0.714501437289343
48	11.4130249948791	0.628754115125011
23586	11.3102074569584	1.33064636018013
10210	10.8899507495657	0.439439786245232
100129250	8.84997510872827	0.131443316086313
4712	11.109484202073	0.333344439625387
54840	10.8418248110326	0.270691386343766
3301	13.5174799895784	0.325998212007897
55234	11.5792728825446	0.42291705630172
2683	12.5671032734622	0.905766813244269
101929639	8.53267758591076	0.113063599820136
27290	8.71090303598588	0.522434684499382
573	11.6890228636077	0.846806128385153
51510	11.7249957812273	0.518536563373111
4799	11.1626606782926	0.43179961863889
364	8.28340576747335	0.115614031938664
360	10.869881607178	1.89992945566651
65083	11.583300261176	0.319858763478995
441394	8.64642964071493	0.186817744682256
441459	9.0871986296192	0.452360870102629
304	11.3785165220028	0.535178383215015
11191	8.37554256344809	0.152737278701386
101243555	8.25707404588285	0.149443872610258
5646	9.73566802099114	1.40292534018588
54926	12.3513884083836	0.462482372836124
55833	11.4390488700282	0.439291892840134
25853	11.8160478817922	0.325176620468351
51271	11.5276948388867	0.461985616256173
347240	9.86037475906072	0.364704045096272
318	9.92069557176674	0.26407876774428
57462	10.4831726826347	0.722010493300987
203259	10.4866228993506	0.597114975554405
27019	8.33041252016871	0.095595922965647
375704	8.6630036784994	0.458999628019979
1271	8.4301996622545	0.291576423025887
138716	10.2277268020475	0.251328120511769
11258	10.9489798346429	0.258905054299594
138715	8.32211875173198	0.12201382927007
10280	12.208614685543	0.228275460728681
2592	9.95657354985606	0.185094526961411
3590	8.97419748420774	0.413241813750429
25822	9.44695881842722	0.398531001091947
7415	14.0970227788986	0.36627302106037
2189	10.7504944301025	0.37026529187513
84720	11.0920493388515	0.509767506273055
30968	12.550527034136	0.323659619675173
80256	10.0724847658733	0.509861989110276
10497	10.9867818515163	0.547669529916635
9853	10.3428846365319	0.889465707274596
730112	8.38203653530713	0.0877910250801046
7016	10.3554259697506	0.388642763436969
971	8.37082890063079	0.0598996225270109
6023	9.06741252943436	0.322023864123718
203260	9.2283468340093	0.18497847261738
84904	10.2221398900581	0.287770898614921
768	9.20553582963886	1.65057860928806
7169	10.3840368398525	1.96849397354114
7094	12.495140039418	0.970863673186559
10488	11.3753079057855	0.416032689664285
57704	11.1907018200189	0.502890728452134
9827	10.4728994045096	0.421695720037768
4882	11.2353402376384	0.47701942058665
26206	8.44689270893982	0.0580845214775625
84681	10.4885314876245	0.30742388734049
51754	9.19689980923228	0.450194953041046
92973	8.34212992367963	0.162482755437638
646962	8.6959245201817	0.62194736817794
158376	8.28701345453523	0.149973218398823
8434	8.64346291759844	0.731932829603373
152007	8.69805228470571	0.300983025117453
1211	12.917897258043	0.657729199744689
10020	12.5469849387802	0.715810094888624
152006	11.3806523244586	0.576769168883699
9833	11.8378033675505	0.452167552552953
5079	8.6927947265667	0.924467044412834
100506710	10.9373478070876	0.558843697280426
84186	10.4182983920012	0.400854971584762
9380	11.7276415237711	0.665540562079684
9925	10.7247561700252	0.51778509625437
64425	10.7996336322472	0.528099973108194
26267	10.0656086794926	0.833505812405661
401505	12.0938516286577	0.455673855345976
22844	8.27441217447066	0.117582555222996
158234	9.56223173751434	0.137405408622131
51010	10.6918429029386	0.356349771222559
79269	11.1957292543292	0.343217804964994
92014	9.80317954589607	0.289815651038701
6461	11.2592914015929	0.585515094496458
219	11.0911964252896	0.369331828466752
347252	8.8154449746751	0.932486752301885
100289137	8.74278918507929	0.128395541550831
253650	9.37766406821236	0.192244084488556
105376068	8.62110017541491	0.143214906644085
158228	8.78803857595093	0.167288960966703
79937	9.4048480576825	0.67383242838719
401509	8.63085062886476	0.14658791409486
389741	9.28131581851496	0.336353118770021
654466	8.67605838514117	0.443797462333711
105376047	8.50424660641549	0.231667546338087
441430	8.36241601896736	0.164691180491315
101929959	8.76084023299425	0.487652677896763
100132352	9.34431236025313	0.193368106190865
595135	8.56553065672714	0.263332945298536
644019	9.0521731371099	0.192766068356671
105376060	8.47768175543393	0.086930768091867
105376066	8.78880705694671	0.128065764030007
728577	8.93199461888396	0.7636881884243
103908605	8.56984624340458	0.311832285933639
101060026	8.24166733124118	0.129932455304829
100289279	8.92362564064673	0.467546769671372
100132948	8.45736307651508	0.0830625952141861
102724238	8.30288008936886	0.117340594376561
387628	8.32821335142049	0.167076786558707
103352539	8.55251421133602	0.294755978875403
442421	8.32717815553275	0.103907390867955
403323	8.38392306474311	0.262919056444188
728673	8.70010335905069	0.110448917952738
375719	8.32951305042934	0.106651093766581
100996643	8.30928962443008	0.111206744487408
100616194	8.29741418160799	0.14443905520767
642236	8.48618722986166	0.342971401524966
728747	8.33041452124948	0.115430827079381
220869	9.9563401852106	0.552336156610684
26149	8.95982815445735	0.251800168661186
643827	8.83850576517849	0.508799930256542
100131997	8.70241132681443	0.230208679197944
100133121	8.99170305445642	0.260423370435914
84210	8.3629980077003	0.218986701428813
445571	8.97978305686095	0.255652351195154
5239	8.74823948296384	1.39471560145508
169693	8.28391626440878	0.30961435931653
8395	8.51522032330551	0.492809810978796
116224	10.2227825717168	0.365135510746865
2395	9.96402432010445	0.279443932340346
9414	12.3006442658306	1.65070365460979
9413	8.51704814766435	0.450730937164158
320	8.32531160870145	0.2378805261492
375743	10.9546716246943	0.48578394859621
256691	8.63225182686554	0.389107263369372
100507299	8.53813771547589	0.104494420001875
23137	11.560084375106	0.446922285439036
687	9.05114732087986	0.497563030100212
23670	11.8573628021814	1.42618868104976
51104	10.3797554325452	0.32852378996033
138241	9.6735094316944	0.330711706557478
9615	10.3716034791951	1.37750177486025
100507540	8.44537267093803	0.262642424089381
7763	12.816388322567	0.563610334228491
117531	8.35387889348553	0.131047481838681
216	10.0445510250476	2.79955537674719
301	13.3151516733455	2.21302490799267
6096	8.41179435941782	0.48495618057835
140803	8.49381074012375	0.402921920017178
55071	10.0484108325909	0.53752781712525
138199	11.0445326806197	0.272845592884143
54981	9.5970066456357	0.437058388338677
26578	10.8944658337702	0.852381200071234
5125	9.19294448194918	1.04710235514732
55312	11.0336870691611	0.440078959980484
653162	8.65760240156709	0.0896104515715243
2650	9.28075649323521	1.14972766133539
158471	8.84081129188198	1.09250436005579
23230	11.1144530129021	0.365457990526305
9630	8.45524219005226	0.254290212518113
2776	11.3339669203893	1.09968386672959
84131	10.6702755459501	0.346009873716043
29968	12.4491285029029	1.09780975109505
7091	9.57906647103604	1.0700139569934
7088	11.1674850570031	0.604771163159007
158158	10.6195191360261	1.21665612080344
102723989	8.41823134799619	0.234697484681378
257019	9.44729357907823	1.01664021772565
414328	9.1426155296333	0.395880107363571
29979	13.1662121011449	0.269550660981049
105376114	8.75298139707379	0.131833307964965
80318	9.14379108839765	0.317444659632101
55582	9.21413642178439	0.283005548603212
105376335	8.33708488063652	0.0897246236061558
84267	10.3080910810472	0.807901049362954
3190	14.8801765023284	0.263016695729315
407043	8.43343300138135	0.134327366104551
80010	10.6023712791673	0.333237883744975
64078	8.37587841966936	0.28178854779218
4915	8.60589726280493	0.570810002722066
23287	10.2153771644229	0.585741161520487
389765	8.76969973610162	0.167209659758385
60560	11.2327855422116	0.396299462741082
51280	13.5583387242952	0.654892491864558
81689	10.6970553968122	0.480371881334594
79670	11.113776880922	0.343219041239878
2619	8.70265201991205	1.16821070794223
100506834	8.25942357831677	0.222819157828321
1612	11.0861961104689	1.89389241552771
1514	12.0359678862374	0.642637396116661
23552	9.16396865316456	0.397056978490567
102724156	8.49561351260675	0.266565225936169
10927	12.3608093213498	0.389576244553647
158046	8.67265854314159	0.268302469404789
1903	8.85609405350252	0.671566769112843
53358	9.13253999224606	0.643375670580921
1164	12.0384152827787	0.492284877986609
100422936	8.40536088039957	0.118832273682989
79048	11.115415477052	0.33444346836593
10507	9.93381119210021	0.530098476707667
10912	8.91291344654227	0.777775524688656
101927873	8.23649403314507	0.159546128377144
54769	8.46800300121027	0.651420845057003
6850	10.0765723734859	1.7322008601452
549	10.296736634783	0.372832785600616
4783	10.176397240903	0.509160957242191
4920	8.97617856506966	1.09908099968529
10558	11.864290049604	0.621185439774107
100128076	8.22851339131242	0.110049336075923
3376	13.3815221202173	0.548745220217902
55035	11.0499026691591	0.402467023118664
401541	9.26097081216434	0.246391458525848
1842	8.31061699873917	0.171210666207377
64768	10.2970650011765	0.316498335096242
100128361	8.69384554224307	0.103327633398114
23299	11.4668847090315	0.249871998406741
101929748	8.39179889925474	0.266899569474334
138649	8.62372585613968	0.184832515905024
83744	9.5341176787892	0.275401469207489
89846	9.48425604105894	0.740974840612638
203328	8.58554018051373	0.338678477530517
84270	10.7370884675891	0.373475690889393
4814	10.0733590591137	0.267234820973066
65268	9.99263561666557	0.84863490181254
158293	11.3331224647825	0.333423178668266
23196	13.0988011231592	0.482548509850208
5253	11.3045695399695	0.346539082170868
101929519	8.55663525251893	0.102653434722652
56033	8.95479476144756	1.11187908363289
138639	10.0613251557216	0.475437223934246
158257	8.53860384368095	0.126915792527322
169841	8.82170608638704	0.153843431237457
54754	8.47382446697478	0.109419112599285
728026	8.51277678935448	0.0904509397059142
84641	11.990918614443	0.41523675730762
101928099	8.64732504457963	0.227794055552965
2203	9.72650861322433	1.22301524624349
84909	10.2265497088309	0.683956269940502
2176	10.1747488108747	0.324960693896879
5727	9.74405604694905	0.417076418356676
100128782	9.31419214624822	0.463342911881769
375748	10.4860942700651	0.356835838576687
3293	8.36519473966223	0.150345767434533
11046	11.0050958352544	0.410038452236054
195828	10.5783091659017	0.429396817396958
22927	10.6905176560799	0.535733827166706
8555	11.0070208641896	0.735567502820645
195827	9.95539820154254	0.267565051525478
441455	8.25567528524334	0.127178587771155
22869	9.94450909716908	0.292437606223964
158431	9.26741993031606	0.160592962281944
441457	8.53081119883533	0.0791222378812899
84278	9.45022098949495	0.200340162738734
1515	10.4710002753597	0.918034100159816
100499484	8.45443393794382	0.143717416713751
23424	10.6428390451278	0.55812748930231
7111	8.4881091581192	0.213562783117021
158427	9.95346648912115	0.253938027785472
4686	11.7237220356032	0.402771520800035
7507	10.4106831902005	0.454061812043055
2304	8.71499673152738	1.20043366849844
51531	9.7629448258727	0.351246134391388
10541	13.7894376927966	0.568304301290975
54187	11.6688094035079	0.619084507787802
9830	11.488112718244	0.944165532639244
7464	10.2938618257691	1.09436772350034
55357	10.684537630526	1.14706111710362
9568	9.44132091955689	1.27538022807633
203286	11.0746950837702	0.608888199424135
79695	10.2897745206378	1.29362265275901
1306	8.28140528125414	0.115727417519945
7046	10.533794985883	0.576637232306066
85365	11.2062014618426	0.571165785119689
10952	12.1865847920052	0.679791638043398
8013	8.67550357702163	0.264468246642882
441461	8.4624296149698	0.0551806041292206
55014	11.0807275556181	0.357280222858432
23071	11.8351665449285	0.464849617746828
27130	10.341645835338	0.194406246169431
54881	10.8157790068777	0.339221280721967
91283	10.3903661661323	0.511319559646785
8577	8.34296350057289	0.119197625783099
347273	8.67696222958506	0.163366301112324
54534	10.5872549983663	0.330172926045476
7743	10.0341188911353	0.302923588975656
84302	9.65899894595017	1.39080369345806
56254	11.5455018728128	0.434325335020846
116443	8.50035987578093	0.120667808897318
10592	12.1348559827465	0.420469265201447
25934	10.3353946094548	0.348857010995321
55335	8.51067427878373	0.206525940138831
19	10.5905498421625	1.15408854009145
23446	12.2004630698562	0.906858102504738
83856	9.10233397755206	0.268063676510799
26134	8.7965255685779	0.146653505912344
2218	10.6529911518243	0.355069728634151
55151	10.6908781656156	0.334515632663733
105376204	8.37115570933389	0.155735030290537
58499	10.0426233266197	0.798554515122313
5887	13.5986169446468	0.459313444913354
9314	11.5334528015324	1.58982039651051
8518	11.3948058904451	0.324257650815288
54942	10.3179590083288	0.320226703151644
8727	12.1418739284218	0.755080513757449
23731	12.0528854049495	0.590648702953256
23732	8.32375196348209	0.302634116594191
54566	10.6569669152166	0.916833586624598
5774	11.047707649535	0.456115196889843
114299	8.63784318914864	0.327425076784761
11217	8.34452223862419	0.147115674590243
401546	8.92376970612087	0.970605946993714
7295	13.4821218086107	1.03063337382343
79987	8.44809789772707	0.294145148240021
4593	8.26251342521543	0.165805559038143
1902	9.82020420840192	1.41383667180484
23392	12.5013399345306	0.390374485203122
158399	8.97289421977411	0.35545647089301
22949	11.0902591587916	1.07639070527681
548645	9.79451928297274	0.233062723337298
2790	8.43747293814019	0.0738951948779519
158401	8.49990286583909	0.23628577885949
7357	12.2953559014549	0.846262617292051
64420	10.580710228072	0.354890101107462
9991	12.6608906866087	0.889023265385609
84263	11.6791747243351	0.650717169665197
158405	10.1475787705873	0.289982770523363
58493	10.4736257430336	0.194087706475966
401548	10.2366095337638	0.286427091649572
169834	8.63107691854267	0.581351332469904
7539	8.8310653856599	0.580091079534134
100128385	8.32807349576987	0.111799710478325
286333	8.57469721638536	0.200779717113359
1318	9.80088370501459	0.511242220001575
23307	11.082333873472	0.47426907684576
1317	11.776779446713	0.30633487365594
246184	10.3115477720863	0.346297854786915
9128	11.8511706769746	0.348177581962507
138065	8.28355485841968	0.111836945204376
114987	9.02995195110742	0.408536852292935
54836	9.9922604654534	1.2146218921555
81932	10.130140034283	0.422799575636256
210	10.2550859135457	0.359620208928735
54107	12.1009708418154	0.371264843367843
257169	8.57118049635017	0.126012484686012
5998	10.8381699581764	0.676637532347266
114991	9.8908338550324	0.879972582080632
259	8.41044910855409	0.389673299330329
113220	8.31661599033241	0.120132036886866
85301	8.76683093844191	0.547031498978059
80709	9.84881944993147	0.588907108159946
25861	9.50964934145388	0.684238403670318
9550	11.9883918619427	0.321035335325722
203197	10.0919246794923	0.322238801206496
100505478	8.39739648013555	0.211306056606839
9966	10.0131954063799	1.38509366866109
3371	9.14621410075028	1.00173921933398
5069	8.86388979523613	0.74836032579161
23245	9.42422962220978	0.669781023420303
22954	10.3166608363216	0.37432528085689
7099	9.16354702785953	1.27986595656479
1620	8.43306492087823	0.567097081148337
55755	11.7009990885344	0.436475432381242
1955	10.6404110002132	0.725937096999631
26190	11.6520140602083	0.427840635080608
100288842	8.87326783771881	0.140421509366656
5711	11.7674345856189	0.358353870624063
253039	9.97770998726831	0.495909825064108
26147	11.7211235253963	0.484999331555799
7185	8.92685513005832	0.33855309561451
727	9.0257891656628	0.328545022911931
11064	10.6947987341641	0.668187026336528
51552	12.3460370063467	0.471036170256251
105376337	8.49113372110067	0.083964810676541
2934	12.4904777921452	1.28409468072199
57000	8.39949518886599	0.0949552665081198
2040	10.6510133587472	1.35121922426348
153090	11.0509334209956	0.899952127673417
158135	9.36472301349898	0.429663396726244
4702	11.4120546597767	0.392630147330116
26468	8.57897580659655	0.288824253009135
92400	10.6140422669407	0.252648737806644
92399	10.6918595658305	0.314022701790509
5742	9.06137449625137	0.758540226795125
26740	8.31879659933285	0.197829991669556
5082	10.4398578176923	0.327254120714881
54542	11.1965417643435	0.450837000308156
10773	10.2198936941537	0.337083257769527
57684	9.2639904740656	0.194878682937317
23637	11.9880428356324	0.647092917027252
81571	9.11150238593949	0.289279206556954
55342	11.2282191067382	0.362805264832703
286204	8.36035626751969	0.159465251404568
57706	10.5650046852256	0.43038860955601
9355	8.42897977823997	0.307183400682988
10783	10.5563619311994	0.621741115504404
5695	12.2831424640051	0.429869775751846
100129034	10.1037608742867	0.487744283960281
2516	8.29754608227852	0.219380827288624
2649	9.94141088352923	0.305506319877731
100379345	8.36381281234673	0.132289669896155
169611	9.75949933103562	1.38477734107725
401551	8.36856554108116	0.11744945260429
11224	14.9954187413778	0.598854393953823
81873	11.7409337907946	0.373206504372154
2800	10.6427496946481	0.17630264669623
286205	9.84321005151869	0.252737753446205
5537	11.615718258704	0.280968924559065
10244	10.7286619762307	0.285762665830324
3309	15.5192951391281	0.604083795965631
26130	11.7316895263253	0.362353942556065
79109	12.101461763811	0.348396978618092
5090	10.1412566331163	0.492239801652045
89853	9.52360156425707	0.696304869135073
4010	9.111890966421	0.947449035970538
23099	10.3728691450935	0.390289041256122
403341	10.148732924906	0.303998769350118
9649	9.53844368160152	0.537060995911256
23452	9.05645665341198	1.86296261887014
84253	8.69857628079915	0.24911562231816
29988	9.59142641197276	0.545697152874959
7633	9.42680283540109	0.259945322219512
6136	14.8175392185504	0.595516284474376
26783	8.40559093882842	0.0569336383124918
90678	10.4092708067598	0.386466231120191
64855	13.6228619027735	0.919676449891518
6812	10.6579309443449	0.759875749687444
286207	9.07427515150433	0.212485279151006
138428	9.69659714769096	0.23272043206107
27433	9.93140352492775	0.365895460086365
10044	8.4672599422536	0.194767072166484
100616250	8.38789974489296	0.0950773252953095
1025	11.3495274734156	0.45019594886962
2356	11.3401961864612	0.535256739419146
2022	10.0268217958579	0.939627702465969
102723566	8.51283515025206	0.133964305994831
203	10.8844925113149	0.606999818808112
30815	10.7037971724511	0.623508422663591
27090	10.732822391451	0.625022760756394
138429	8.75210419901127	0.160596275065762
8818	10.942815089831	0.290665052919425
399665	12.4119886336397	0.632932772009292
203245	10.0861304952946	0.234800183103809
114789	10.7382829899453	0.625896551071577
100289019	9.13040282541707	0.447932201466244
80142	11.4211982503258	0.512832729636608
389791	8.36190864453106	0.165888098184076
3934	10.4067002159883	2.34473552655799
79095	11.1912842847882	0.607044817889834
25792	12.1000772847129	0.499302772060683
1759	9.27352782217595	0.739480586867258
2801	12.109089445525	0.420407659624117
375757	10.0637781331979	0.199026352547865
26995	10.9665178475605	0.409135897043701
51117	10.3932894113488	0.386789722872472
10999	10.9463024027317	0.266838779048257
81605	11.1290996758601	0.352869688243842
51148	9.9199508818289	1.0604268311881
4957	11.2404033708589	0.486777119386263
2733	11.494359687478	0.281248702315258
6709	13.6860670371471	0.362877783354693
89891	12.3114088825874	0.425576885862656
6418	15.0179385360766	0.328240051220571
29941	9.9934020938974	0.972728090294973
84885	10.9791511131528	0.360461750580399
100506100	9.22523198694657	0.373021153672223
10444	10.863227687744	0.432799796950438
54662	10.9533265404487	0.311499441281996
2021	9.70889077548932	0.200649108498539
51490	10.7040996911191	0.278793664188259
883	9.35429162788791	0.292983293050734
56262	12.2506403048514	1.02421359745158
22845	10.452022303074	0.214472245647024
23511	12.3185046437502	0.374092831291934
56904	11.7292356482898	0.686061567331017
84895	10.5051541532802	0.288370171238269
57171	10.8963903727187	0.298741856518282
1384	10.818011853888	0.976292113677869
5524	13.2091586149601	0.351989360054304
389792	11.2728783033971	0.79842813241001
101929331	8.25409069659111	0.136111038022635
100506119	8.92815268544736	0.551964778773145
100506190	9.93385453371549	0.329871822471243
28989	10.413317378856	0.290929534211843
140459	10.8120844797488	0.188579291409346
51450	8.80035719709197	0.77904058555635
9536	11.2227361720321	1.94288528939933
27348	11.3750875855422	0.320610166348641
1861	11.3339045472373	0.26144963488989
51759	11.6261417072636	0.330660159502019
10868	10.3989263716071	0.706364061844581
23048	11.1892435203976	0.600498792256155
57720	12.8753469565634	0.403959718764441
23413	10.7960737812067	0.702423274075478
256158	8.4929050333661	0.292725330649683
445	11.1490171687931	1.96413060639779
100272217	8.53426522204858	0.192696702095268
8939	12.382326918031	0.25676699685403
59335	8.45423499450468	0.120061657118254
23404	11.0269308486855	0.377988927119492
25	11.689839025743	0.43005799707441
347148	8.46047971468236	0.113088094397431
84929	9.35617626451709	1.27790006982592
10319	8.69187892245837	0.728079104790946
83543	10.5925069995061	1.01031007379572
8021	11.6835674520498	0.212636679343121
286336	8.94128958465727	0.423873760088737
84814	8.43594433969204	0.381355199195468
84726	13.3906397940105	0.703450081064621
692093	8.52305164315192	0.105626426634987
10585	10.3803642964773	0.420595988962554
83549	10.329883755153	0.394052672766831
642515	8.47008782715261	0.508809941942956
2889	11.9619915961572	0.44510076726967
9442	10.6934517507996	0.31020232854288
84628	8.63003940654919	0.451371879647286
23064	12.1368961955006	0.126401955811453
7270	10.2604659141154	0.218666642359466
64794	10.5986151555808	0.236242898334665
9329	11.2881293403818	0.210735190633025
158067	8.51637263740615	0.185620165938847
11092	9.26470342104419	0.279935953382286
7248	11.1321526817075	0.259789713427567
9328	11.7387750426886	0.31171286282165
100996574	8.30231843031969	0.123816475861202
1056	8.68620733403127	0.247117365870967
5900	10.4218224255149	0.441972753504315
26301	8.38700936228599	0.213344834691133
29989	8.46929215766514	0.241371347679428
28	9.32864135623925	1.03679886613687
6838	11.3856393159685	0.278526643926273
6837	11.3070523840595	0.435623103025381
6130	15.4601924711011	0.557412889816545
26820	8.41856660342089	0.121657763398383
26815	8.58937579532573	0.117296072915273
26813	8.40113088365455	0.0888712622632895
6834	10.778986275637	0.382907510078853
6835	10.5584099428494	0.430360615094027
6836	13.3404185645865	0.485624195703987
169436	8.58812932901969	0.137848587565345
57109	11.4661842012083	0.210000141921865
11093	8.88320652958899	0.248193865420003
11094	10.279436232548	0.462540300985674
11182	10.5103058724402	0.537781262607568
9719	8.74864357893453	1.29008387800393
642968	8.41654434977075	0.643513628988981
1621	8.51308525549585	0.686073615808699
138948	8.33255507200053	0.228474859592675
1757	8.60032417647781	0.46888010916935
7410	11.4117777499202	0.522694989976338
266655	10.0574113718763	0.323839710318571
8019	11.1452061720841	0.283441388031325
11091	11.8666404446382	0.322297831180144
6256	12.2800920722859	1.33334252263466
1289	9.01432709755853	0.862313598013266
10439	8.46145306497528	0.435296731462735
100506599	9.12948162386917	0.529016347263898
9858	11.4258412234177	0.512942054020192
138162	9.22338739896101	0.386457121528067
51116	11.2340879358501	0.570951051904538
101928525	8.34462604488548	0.0774683447706956
5047	8.37117235203024	0.319593818491191
57582	8.31383735607569	0.12181463134257
157922	11.5760411236867	0.251772715931757
10422	11.2918265360613	0.253467038645525
138151	11.6198376213753	0.664084678077348
90120	11.9083265416321	0.30392647409532
8022	8.32647062537086	0.10894660575514
169714	11.83124415558	0.411213952483533
399693	8.41553602255092	0.211668411111665
26102	8.25577382712984	0.115856717787838
26086	10.3039581936494	0.570206022426254
728489	10.1209432508421	0.353643746836
64170	8.84840812489515	0.331253612798246
6621	10.4057760450786	0.199613473531035
10807	11.4397726024886	0.299635645618189
23203	11.7050796975804	0.42292811471384
56623	9.86882724840224	0.391810644898559
9919	12.664370829981	0.36855183753372
158055	8.45497645794715	0.137606818029391
4851	10.3048110138229	1.07241700981905
101928483	8.36996455770993	0.168269185133469
51162	10.2513093086066	0.56155156436845
10555	11.8768681207248	0.584148758544264
138311	9.41162609095518	0.662479320583153
84973	11.1477273677729	0.707121004929167
414332	8.287320912406	0.129318803405613
389812	8.30148024104908	0.217271843359645
85014	11.239881956815	0.465853869316024
84960	8.92025769175889	0.190981043676134
100131193	8.99395726842446	0.203260241974587
55684	13.0663760960818	0.345664792164747
100422860	8.49915580300202	0.0677735332809939
389813	9.22376339194692	0.410398991464157
29085	11.8612840610437	0.341715846848037
158056	8.94393267071534	0.138545269451044
8721	12.9137073285561	0.277239895593819
7186	10.9757190197184	0.367557471349823
100616480	8.52104134253486	0.0708432753394215
54461	11.9185002728681	0.351128943785103
733	8.63190230449173	0.209547269735897
286256	8.55167666173027	0.148348425460351
5730	8.42058469694584	0.35099082871629
286257	10.6129959469163	0.391977256111015
9022	9.76825065100586	1.22191070146299
20	10.8745704227511	0.638289143702044
56654	10.9537339074629	0.816542905807932
954	9.14414607232362	0.381246771912875
89958	11.8573162099694	0.754450011199617
91373	9.66864447140254	0.625189519911135
100289341	9.06931913521229	0.361453394369439
11253	11.7389979590852	0.415566234884364
29952	11.520357659505	0.419874298196989
2902	9.21097204768424	0.780809852579917
389816	8.82844488479577	0.204100910329838
29882	11.064080472015	0.253780682771172
8636	11.6649207292071	0.464969926083912
286262	10.6970903084019	0.428220577165909
94107	11.169816509967	0.22683847845657
27158	11.1569567513406	0.431596879989299
727800	9.28408397905287	0.382720335760616
375791	9.36331848429093	1.17878492616148
643596	8.70774030980705	0.396415140506935
142680	8.71410459904245	0.241870463871805
10383	14.1518766313688	0.827191050089805
401565	8.36679748757017	0.166370331744999
441476	8.33929868679478	0.0992034165917584
25920	12.0262965126085	0.415898974273129
54863	11.6908501318092	0.72908484821994
441478	9.99268356140948	0.737539927823436
54932	9.61515808293515	0.314504840570641
10811	9.20136984631481	0.498880790975392
377841	9.04318154138729	0.804568948112707
26012	11.134259698979	0.685918983782325
375775	8.99717716020193	0.717696226727391
64975	11.500869116998	0.459136056760624
92715	10.3043296122679	0.2705179313033
116225	10.8947606619351	0.229596309251265
92714	11.3510544218375	0.695387996233612
85026	9.90096729944859	0.357808726438426
79813	11.7258480438769	0.266746915648494
774	8.34033756118708	0.216910685995444
643224	8.71699911622793	0.473847116754387
100132403	8.41627865104244	0.132627520174455
4549	14.9494228273606	0.794810473571927
4577	8.6162003692709	0.194167943195088
4550	17.3994565568281	0.69043865382577
4567	9.2876029268408	0.245384111655854
4535	15.9973679250709	0.543467537342495
4565	8.38270364504005	0.114663702112111
4572	8.38606743966932	0.105974702480046
4569	8.51231856096998	0.20043211845216
4536	16.0631916235554	0.690136197417365
4570	10.5583921938492	1.14625953464299
4511	11.1530843183387	0.994660992594327
4579	9.21669480371287	0.385912643033083
4512	18.0914872532781	0.610234282195843
4574	8.32554925632438	0.11547538666904
4555	8.36521769755502	0.0897380526056084
4513	16.9812368454126	0.640176144504664
4566	8.38150092837338	0.100233518234864
4509	12.749278768752	0.616955414825195
4508	16.7802776333402	0.635868630646466
4514	17.1997734002248	0.497163670436401
4563	8.66801340612255	0.232365994604229
4537	15.6904945402385	0.42686082928831
4573	8.79521734684685	0.242546071412331
4539	15.0163918429629	0.49675863439374
4538	17.3255461990427	0.575304822869225
4564	8.47136709784509	0.219279802388516
4540	16.0221493039598	0.482679447677902
4541	14.9852130675349	0.50423501992588
4556	8.61680779955523	0.172718114272084
4519	15.920797837733	0.704720822484405
4576	8.7827621031004	0.28232800401514
4571	11.3881193722364	0.511393249187681
55344	8.78252819293219	0.315521161075019
8225	8.81675727108813	0.408035166626688
64109	8.26948769693915	0.182434659047684
3563	8.32417734378466	0.102241538120278
293	9.01407839690926	0.244237934006768
8623	8.94311857429227	0.566053681494108
8227	8.60975584616951	0.364271581281493
207063	8.50915041036848	0.29367566938301
9189	8.58134660372883	0.193298930468965
401577	8.43538228768211	0.170515621771089
4267	10.0062658214745	1.08990693521281
8908	8.74903082292652	0.469707797537628
414	10.4142216298474	0.972413977620852
415	8.23115272707881	0.107138190341433
100129464	8.25362502714334	0.153278637041265
25878	9.58235722894942	2.10416549289693
5613	10.2512150016953	0.733208445752207
389906	9.22382588865712	0.13899646965433
8226	10.6201064411036	0.593416961979579
412	10.7036153632732	0.892380211510233
8228	9.58052740851342	0.769244588794398
3730	8.73224953130538	0.830612731938605
6907	11.1241513208427	0.749409993824147
4935	8.3639714410248	0.24654196103225
357	9.34216755162007	0.755413450989844
55841	10.3529989538618	1.03404632784296
1183	9.81979375894712	0.624799161665195
4281	10.375694753188	0.871615637064549
3052	11.3094060511087	0.323217898942959
395	8.62602994269184	0.904426797488955
10943	10.0307578569396	0.391846281853246
9758	8.32601077949765	0.271995815650949
5634	11.609188495835	0.642476105269401
51284	8.34257176099633	0.191802004249288
349408	8.53045395826202	0.845517757093127
51311	8.23795252994331	0.133790265959853
7114	15.8954264420237	0.838224330419319
170082	8.83931941300515	0.207439035774936
9367	10.4898633128367	0.526261415847355
6399	9.84913800121263	0.2534693926547
8481	10.590684042703	0.217395222199794
2824	8.56001417205603	0.358456607828361
54960	9.55024001736509	0.251975890788178
286480	9.09328527198551	0.133046373352533
2187	9.47623913640258	0.216807421937604
158747	10.431017008365	0.28567405423365
140462	8.99916305057318	0.765391721843174
5277	10.1461374779443	0.305469864988017
8544	9.70449577045103	0.372256515520692
59272	8.58887526652074	0.400697822657105
57393	8.51536870183037	0.270602661593739
340591	9.61492596334046	0.215748717214282
11238	9.35230165513479	0.387955322540116
8233	9.82636305819023	0.209483174400366
8905	9.96611022429943	0.525640334746297
2925	8.5712484969986	0.632384644378047
56474	10.6201782521186	0.384033816012168
94056	11.7360604028014	0.460890259002126
55787	11.086241623127	0.402741916438493
5931	12.9729705019127	0.576289946245783
9185	9.51109272635206	0.751428044841952
4810	9.84970290819169	0.907906868535522
6322	9.88707833614881	0.85777047164335
10389	9.49223907632534	0.935363439974745
6792	8.85328037583781	0.308583602218519
100132163	8.37961597581793	0.0915053981033931
5256	10.2580697186906	0.438236350905644
10149	8.57001752914006	0.250579745077436
5160	11.9846574995993	0.635464800563741
389840	8.46737876529719	0.332042423544312
30011	11.7035876526267	1.36519895247354
256643	9.66034938660406	0.287832674001811
256714	9.04956194597459	0.935109476505469
1964	12.4616258003332	0.441420935857076
100158262	8.40274338173486	0.125504313960653
6197	12.5136611594631	0.600345709858721
22866	8.43695246618415	0.630716028284991
51360	10.7509996492564	0.493898444275237
404281	9.1028327936353	0.26863909789094
6611	12.8948101157543	0.746769753545492
5251	8.63482452573404	0.264333197124374
139411	8.57886769702469	0.552808779312067
10549	11.9898440805821	0.477521671006644
23597	10.988768309152	0.545450740983473
6303	11.5237007031294	1.01223595756296
79135	10.1439870090958	0.339492076398454
254158	8.34297453056899	0.0770102325778065
80311	10.5239606923907	0.636394010619778
1968	13.6010717281952	0.39662497191275
7543	10.6550938157779	0.371479621727391
5165	9.98621912716885	0.724338325036644
9468	8.46091012071	0.536882012978276
5422	10.9291272039504	0.3946696049463
170302	8.53320804265519	0.4518618002526
11141	8.54492858208252	0.417266395470855
2710	9.5989218626689	0.403889618202601
257397	11.1038053448515	0.601851518943166
1756	8.96127580231941	0.846072570858531
83604	8.68341638019393	0.449072587201505
286464	8.25868150210977	0.103431890431684
105373154	8.38905139719998	0.176046682551504
5638	10.6848630662321	0.677683290119803
347404	8.72318498409914	0.402625811860875
7504	9.88513992295398	0.923969451641835
1536	8.72806489243194	0.293749922045923
6990	10.8361473925865	0.965342622486563
94122	8.88573500407755	0.547700845059014
25763	8.23097302130926	0.128163270123108
8406	8.73019445885316	0.387389006031653
6103	9.34185510362749	0.237484532968949
7102	8.32743231531381	0.124582621300281
100874211	8.6082001556786	0.226233025989961
58526	11.134167218552	1.20784573795458
54880	10.9216279209646	0.659094188971644
10159	12.1402109797288	0.351837404921311
159013	10.3047113103564	0.492144298317216
9282	11.5598144056348	0.420836182864781
100873985	8.59567702297063	0.101419700046462
8239	12.6436108343157	0.405287495505018
1654	13.8414865601388	0.335461503426332
8573	11.267003952211	0.764165920225367
4128	10.7374850313752	1.54490070454902
4129	9.1024341937652	1.14597426775321
4693	8.29784199666068	0.189383822566927
80258	8.40567001482456	0.266186842633425
139341	9.92249186855988	0.757147929546168
7403	10.6083158649359	0.93265667238909
101927528	8.3981240196424	0.377037232063214
407006	8.34800101138292	0.0703662762880575
401585	8.643305534608	0.151102571972075
101927574	8.6582183857644	0.27230651522808
55634	9.71430247459745	0.228268009596096
641339	9.21867645666781	0.157207859646229
401588	9.08338685045149	0.300610694139273
56548	9.34724737624513	0.491833068084458
84679	11.2932653902942	0.623348531989259
6102	10.7538434287944	0.399999914144326
9767	10.6407881773315	0.467625442960032
9104	8.38150563775734	0.458622278588982
54539	12.106067940812	0.491292924656143
8241	11.6302192675914	0.219740251115601
7317	14.1969172607711	0.592045092411864
8552	8.56061377952931	0.0854825946458767
5127	12.1767912712014	0.517114282351178
8237	11.9003791175443	0.612199379037541
7592	10.0044703287471	0.161048010306755
203414	8.9814917034608	0.214176619683313
369	11.5447067140206	0.445370500395504
6853	8.67486050564673	0.492210451006932
7076	12.3324386601239	1.0362781341887
5199	8.38120651739344	0.0716602567706809
2002	11.4916936729063	0.413095778096935
8409	10.8021445479661	0.242175346606873
100133957	8.34307310488302	0.0931537124798874
347344	9.67612787727287	0.210402291010179
7569	9.57551798253554	0.280379520148345
57232	8.92245822881851	0.29656614833526
92745	8.90572508062867	1.08723688853047
24140	10.8136874475973	0.498428787965465
64840	10.118696965999	1.1452166567657
10682	11.9713251377522	0.54863456308507
4943	10.3769117380565	0.422888192433014
5935	13.1325189500078	0.618575519728038
64743	11.1447230783158	0.470609993545521
7454	8.51345100797703	0.18495870000847
6839	10.5573611233115	0.394281311823532
392465	8.29136677213869	0.150931881596043
10013	10.97859745829	0.629017617622531
27344	9.9114369028865	1.22254808036071
10245	11.1017329438078	0.531837959057417
10084	11.7170585083896	0.376537057612068
7355	11.527626605216	0.570450553868237
11040	10.3034265695946	0.67971499528236
55593	11.5783106732681	0.323724610967335
3750	8.83177487403956	0.558694875008628
56850	11.1972417675166	0.25552087903524
7030	11.7095969522316	0.781176493818267
90060	10.6096274277983	0.66124848641636
11230	9.60635921422074	0.878114945934394
11152	10.3573798750604	0.32045601357456
27238	10.6159490553321	0.345235056874622
79917	9.07311822537082	0.378019768809217
5355	12.0982147892418	0.770948658872668
4007	10.3871349929014	0.35627620194834
6855	10.2189425702613	1.41855507214588
778	8.34847542346403	0.11899896485277
28952	10.1807942510971	0.320653150602864
50943	8.5151644607494	0.115290441677921
89801	9.68275682057794	0.542184546144593
729447	8.30365034821001	0.232621707799752
158572	8.64023085018238	0.270338346886283
389856	9.32463204180462	0.466310135871306
1184	10.4691432329537	0.801203546961117
85417	8.6875423092377	0.229565376737793
57477	8.48152149248614	0.678463885972515
170685	8.28168986596762	0.124571432804128
55190	8.84833480416709	0.821591762379893
23708	9.84800130328903	0.993243032776746
9500	11.8410068545624	0.401174972261733
81557	8.29199137192284	0.178062454712475
728239	8.279328582924	0.153185609480719
29057	8.4823758158677	0.143843387338191
54328	8.42643622005618	0.241135870640061
64061	11.1095596513504	1.05401041080007
102723508	8.70787368703946	0.123829033294905
8242	12.5975330664475	0.410169623705904
23096	10.014250330959	0.846582077175178
8243	12.9395534258933	0.488138314463708
158787	8.63748299723736	0.168546291147685
3028	11.9046849491546	0.454729277406415
10075	14.0198078824888	0.499343585595725
23133	10.9309224083879	0.429099658322754
54954	9.70500065887253	0.493933922708953
90121	10.9332504050671	0.48437366099569
2245	9.65327302668203	0.703238225362383
54552	11.6763946949559	0.489117639669757
347365	8.28239777436587	0.139815627661916
10916	11.0509551692358	0.611353607281323
7216	8.31032380433999	0.0828601188679417
5207	8.45434771847065	0.101339584836856
27301	10.9509054907238	0.584348568124843
212	8.25162620932099	0.0914654431846994
90736	9.6777809168146	0.30541959172014
28986	8.90926220070259	0.745250376223953
158880	8.79637113517297	0.514564262928767
10325	9.87365224829593	0.498490247416635
11279	8.59237428359672	0.393083818623345
29978	11.099343164121	0.484170704905104
550643	10.7938239106258	0.626980060179045
442454	8.46123080747591	0.0661755493808616
169981	9.73510044460538	0.327984662753011
474343	9.19557518984024	0.233077037630545
158584	9.15708316384003	0.46346866635642
158586	10.2368767339071	0.202259009208004
7789	9.29810861604898	0.216769469263242
139886	10.8811360874777	0.699421001896413
92249	10.2294774424848	0.377787117093324
23229	10.0612438327589	0.359861137976959
139285	9.87828553785687	0.421942199508442
55613	8.68032808707601	0.233550701758649
55906	9.04157224877617	0.60177341802356
340554	8.62028955159216	0.363844161813992
81887	11.3571270041849	0.598513633531039
4478	12.354159035896	1.50948463244951
367	8.35086970631117	0.348895726705917
4983	9.6807952370809	0.501420825882953
286451	11.9510606938575	0.502871460372009
9754	8.94265886615833	0.69099232261442
1947	10.2286484384342	1.07933027377476
64219	10.4521323373826	0.54581109097666
27112	9.32468575419884	0.486912119478676
1896	8.48777874521751	0.211880785921239
3476	11.0648436946021	0.30125719079809
407	8.43545525503565	0.100352987829422
347517	8.59280138937042	0.125103900724559
51248	10.9904691431169	0.445841243913642
24137	11.939573856217	0.396394887783083
54857	8.35166580654912	0.0827092052273013
1741	10.9323110288338	0.951130992099959
100873930	8.47611969675838	0.204314042198463
29934	12.3395090202944	0.491551421438975
4303	9.85052158797914	0.350183008624011
3561	8.46399562291512	0.297453986187744
9968	11.0848370639818	0.402997990606721
54413	8.54494685488804	0.227567289705578
2705	8.65506480832171	0.873941375024711
9203	11.3379098673159	0.616752846449227
4841	14.3749984341444	0.376998413663599
26548	8.43615843571669	0.0895811707392715
6872	11.3876355901702	0.474610399447605
8473	12.1360439317861	0.34747213226109
93953	8.71508984136465	0.178530896223236
340527	8.43540634895452	0.287519976191948
340526	9.04486780217749	0.950816408673679
5303	10.8055410506783	0.428186704457825
54821	10.6163017633852	0.539051171497105
6191	14.7811397268099	0.468832385130061
4435	8.49599803989447	0.128431860512367
55869	10.3057593245429	0.349955961559895
5255	10.9103334765974	0.808139524908392
4674	8.29219943029141	0.235062929916284
53344	10.4407861014704	0.507082043892547
554203	9.4790729640656	0.307746081096353
100302692	8.83409906404546	0.136515226499736
6567	9.42227092838737	1.31240955713155
51132	11.8909987097646	0.343594617096864
22	10.5147594592138	0.441301740394277
139596	9.79819276676101	0.236465712504568
646127	8.26422250191242	0.0895590753755709
286495	8.71949815518452	0.424065751586003
51260	10.7326492009768	0.829750670040338
57692	8.78964217121863	0.630118333372423
546	11.9636075910588	0.611472483984789
84061	12.7247118060435	0.57356491405816
1349	12.3830483872285	0.320494724354976
538	10.5830152404981	0.441110176965563
441531	8.56223747047818	0.0886780671256664
5230	14.1557747254134	0.357435462852376
51616	10.8802381306957	0.550925278338926
101060146	8.48724958757302	0.479698897306884
254065	11.0525238664715	1.15639085058048
79366	9.29465342460319	0.904929442940401
6451	10.1644598129201	1.51650290737763
27330	8.70477324346413	0.781784066041624
139324	8.87126775804424	0.484809291404039
139322	10.5970431672075	1.00837379653453
7552	8.79469181864093	0.611892538646575
79983	9.34613214119428	1.27267136536623
1121	10.8350957933317	1.09165385442948
56062	8.82731995156795	0.779744551577555
4675	8.26055045850096	0.100598139575334
1730	9.97470799438477	0.773474013926847
10824	8.38396106051902	0.220533408422297
7105	10.5886548880497	1.15161532175065
27286	9.0743033440035	0.752945917466435
94121	9.42641174545243	0.834852510680843
1478	10.8703132359224	0.381269559542781
27035	8.55889737930751	0.104750065983791
402415	8.49725194718578	0.197398770386896
392509	8.33434605904984	0.0726423872121328
79979	10.742242553898	0.512725989837298
2491	10.341359138927	0.510736920335407
1821	8.46263825461733	0.193338721730278
1678	9.9463473979457	0.333915899382557
695	8.32072023602806	0.138134548722806
6173	8.78645116873176	0.179406103305702
2717	11.0836414772181	0.42228239041331
100131755	8.90891136379602	0.57878779888969
51309	8.65462554913802	0.567678711347281
54470	9.7871022761846	0.645498158129265
51566	11.214801460463	0.478524031470327
9823	8.8077303149343	0.687913985663228
84460	8.51547658560765	0.453061885525082
340542	8.77344153785683	0.56890587918773
11013	8.35850134097101	0.189700923104819
64860	9.88998303759817	0.162335691216878
100528062	8.59746879645053	0.0877302517126554
9737	8.71810858346055	0.239436318693418
114928	8.57157558737053	0.204803495049196
80823	9.43615520323125	0.329078284152437
100287765	9.10892969787347	0.174488716172001
55859	8.74802823513399	1.28533153484278
56271	8.35164484236836	0.221128424528224
90843	10.1840840897632	1.02042947042262
84707	9.11388657222849	0.760851304589617
51186	10.5679197773016	1.14162138957998
27018	10.9661839588393	1.83473393432901
142684	8.41875368352968	0.147463597623664
79921	11.7450540319537	0.8555412876107
85012	10.1328813336657	1.03495156248894
9338	10.2275880939407	0.401940304727271
9643	13.4325076270798	0.260815529425994
340544	8.43351666722177	0.0920774445038536
51209	8.5342147763985	0.316802395032937
401612	9.01373088035007	0.222200601428813
286437	8.80767238151378	0.243355446987183
139231	12.217232592962	0.578695687467608
80712	8.31578407788696	0.243779026682807
26280	8.67947339046127	0.546356402687909
139221	8.37205292759517	0.252715423726554
55086	8.62416980215834	0.499272563139898
79589	8.98530378319762	1.0879199711932
54885	9.5078633702674	0.539633997059406
79710	10.1620999802667	0.478100698580299
55285	10.6888654252948	0.304181780827472
54830	9.13700373424058	0.569211519757551
84443	8.65898320163421	0.413184263821145
5631	11.6551135210721	0.533286011041573
1831	9.88705076433045	0.554514877036858
11043	9.62762678969463	0.78266291033974
340547	8.68038858472982	0.876451508528359
5716	11.3800979220774	0.384880284211323
115201	10.2099649861701	0.404277157506868
1288	8.77309694650363	0.801703776811739
1287	9.40933281439836	1.11574566894344
8471	8.34464670092276	0.369245594189339
55916	10.0489826574554	0.356985330255575
2182	11.6666564576712	0.541288311806397
105373311	8.4936943502555	0.166746929886166
84187	10.8301665051675	0.58277954471853
9949	11.5459673312118	0.448104477734947
57529	8.3121966884998	0.110477895608442
91851	8.28662994848783	0.124927219257746
5063	8.31954790482025	0.204955019430772
1641	8.31395082634073	0.126817158590832
79868	10.4005998426572	0.307771289643529
154796	9.29153417335543	0.844456540991752
3598	8.34664675648852	0.261793268643464
101927352	8.53167675867568	0.203310284043963
5358	12.6698898431471	0.940682963762357
642776	8.38893030325848	0.113211595275726
11254	9.18668018151815	1.72483471892862
203413	8.50553746756142	0.639896795005663
90293	8.96883282505736	0.666111857533982
54521	10.4613890082254	0.357978312157375
139818	9.69173322025407	1.88700705504621
3597	12.3677589107896	0.771353303713779
170261	8.28998811561773	0.118521479923163
79836	9.42700696875976	0.600452388081393
10857	12.2595008256131	0.521335116361002
203427	9.92971069696017	0.673352674776474
100303728	8.78439611446618	0.154760080337347
292	13.8327186749818	0.443668966015031
63932	10.5001732933369	0.329023252600703
7319	11.8226859602567	0.40558642676414
55922	10.8162790843182	0.38207002121716
23157	10.3629122635227	0.86090903754078
347454	8.42041835322111	0.093730121136427
6170	14.5901461631747	0.43726275709353
26779	8.34293878552069	0.0678849791575341
65109	11.1206283627687	0.466275424571316
7737	10.012565363926	0.260485379221313
4694	11.9960027251818	0.397006472825286
79576	10.4962444533657	0.448628578392073
158801	8.66746998978599	0.150573800587707
10009	10.8288304139105	0.282848079045892
55026	8.82031909350233	0.605458475392202
3920	12.259431986861	0.705064162640275
8450	12.0190174117024	0.474841493173563
28985	11.1288348772911	0.344531764033257
29071	10.7936599533348	0.311659017916972
2747	8.56262872648889	0.188773835596843
57187	12.3116026032995	0.481596014922732
331	12.1682983467391	0.393571463326051
10735	12.3034013246972	0.301975400814989
10178	8.3113921735787	0.135928904990724
100129520	8.24280805428562	0.0989171222391652
6594	11.5094874697226	1.97803354294935
4952	11.3710140926596	0.605952330228844
8862	8.47162635497909	0.255067895367336
54440	8.28743929257318	0.154217896852904
51114	11.5803061845835	0.513617454892891
10813	11.0959666296703	0.400574724400951
63035	10.4292145142142	1.06938199290495
2000	11.5125171922157	0.453808381611753
9131	11.9319150946535	0.679744177855898
9363	8.37370364067937	0.181736375495653
55609	9.54704500428527	0.400671716796233
9016	9.49129293933953	0.254216944854813
51634	10.5289297210184	0.339189635905465
55855	9.10776897897573	0.203589423980335
10495	10.2901451243841	0.283304774508945
3547	8.4278015599248	0.391595716616987
286467	8.66396516811858	0.446281122282768
51765	11.2927772189829	0.413620727713803
57826	11.509542832271	0.572789820990997
101928578	8.54631386908377	0.175548089034428
55796	9.87154186244793	0.887717774305673
90161	8.66622631274025	0.792033198926095
2239	9.39519940796107	0.963326095560263
2719	8.3655377769926	0.238787186465502
347475	8.26605274622752	0.141206155525424
84295	11.3472159718522	0.479155008624881
3251	11.3354747966918	0.569354954737498
84848	8.35326916693327	0.156150223722642
10761	8.51280991373039	0.320626773480141
159090	11.3214793438934	0.47879086752074
159091	9.11806484191727	0.337027605492446
56180	10.0146546508755	0.414110111454267
644538	8.71718497200667	0.585050418427737
441518	9.1939675940555	0.632443332499438
8933	10.99501406354	0.62488139343077
26071	10.7902958450245	0.418323892712775
644596	8.43500352969111	0.155901109917412
7626	9.72563936126018	0.27834648887447
203523	9.2931986939038	0.292010593961645
399668	8.49654459327036	0.314891884552558
203522	9.35349581369867	0.406584230474798
93380	11.149051439885	0.423173679458256
10479	10.8974511862442	0.492501948455059
2273	9.15071874359729	0.704782426719046
79649	10.5031625069301	0.720060953347588
27336	12.1606360449517	0.477150310067694
51442	9.87900307809429	1.64619460810617
9459	8.76091904422183	0.999647368325751
27316	13.0654923060804	0.280049801755885
101928747	8.55886096705936	0.109565570163758
158696	8.23066507731416	0.103559984942595
2258	8.77820138095502	0.87124687561957
286410	10.1933335992483	0.835412266622919
23641	8.59933579019075	0.989057883947743
139065	8.37038740131898	0.267087355254396
2332	11.6602144490968	0.317780006708684
3423	12.2894748786132	0.750314444560183
100131434	8.61125231245941	0.0761352063255675
91966	9.62095469676404	0.349400312824237
84548	10.1574161979186	0.287570400519618
541578	10.2594484559555	0.361712631464805
100272228	8.56432192462565	0.114208671642294
10046	8.89467893128975	0.422964290743415
4534	9.90531635693344	0.334360369265775
8776	11.1425710740123	0.469677804712027
83692	11.0908771727098	1.43817473089388
3149	12.526206185642	0.940173173554976
203547	11.3141579753451	0.454502301894553
89885	8.21719650639262	0.0923238229488854
4103	8.32014137086917	0.0982772762514831
2564	8.77254611825615	0.620692777439042
4102	8.55080907412906	0.549943508940709
102723547	8.28373445732448	0.196229527973225
266740	8.20809722548145	0.0966264098197283
158511	8.35417939715932	0.215173690688947
4111	8.35963423566358	0.26007841126714
389903	8.34097262869209	0.110271715729607
4105	8.44068589452575	0.318738139589409
1069	11.0537040634891	0.403181467654657
50814	11.2321347505012	0.440382029269846
7739	10.5325097522908	1.55079503434502
29944	8.23963701424706	0.156664035164551
84968	8.47632079772709	0.4260653062181
10838	9.77050132919188	0.310577463957984
139735	8.63358673930584	0.509801360715592
11219	8.56197324239712	0.173323456550042
55559	10.0468621967169	0.345296335327399
633	8.36013748635284	0.192583119834731
92002	10.1186739719073	0.328061536201674
1852	9.45623657524768	0.900180727319775
6535	10.3040567993545	1.35516059111119
10134	13.4200574272896	0.317669754667417
215	10.5514374412074	0.949552825767116
5365	9.06876254039076	0.531806638899557
26576	8.71346288495512	0.720864825152727
3421	11.0932308442438	0.348919729443784
6748	12.6969312208557	0.648735333462001
57595	8.84075023677846	0.898669742625865
3897	9.72752337330278	1.47306534972512
554	8.40273303863564	0.327961156790937
393	9.44454660090961	1.48611687910473
8260	11.5566423386661	0.441062658030047
5973	8.3659948212928	0.160938673774707
3054	12.8633455228098	0.192768211781411
100873990	8.31725874928875	0.102119151727535
8269	9.43626696991057	0.348887336901217
3654	13.9056735946822	0.6444549120014
4204	11.6844479867686	0.39811928133205
2316	14.908192055716	0.816715207150395
2010	11.7387846028214	0.491276218110767
6134	14.9945951105616	0.695944337343114
26778	8.79093055498861	0.235400836046363
1774	10.3943046372866	0.423520957541573
6901	10.2050134911625	0.353660177466709
158960	9.15851156427173	0.27411256852023
537	12.8502748394533	0.61108834874238
2664	12.5123011093815	0.775495481812936
9130	11.7489384401565	0.49514667517479
55558	10.6982519044521	0.534202913173786
8270	11.4354434993799	0.714926504046146
8266	11.2411455216917	0.526173683252512
8273	10.8741173087077	0.511352575707259
60343	10.8084917638033	0.498713510359966
2539	12.7276690769013	0.980095266096351
8517	9.70251106100495	0.513460770643773
139716	8.49474890795319	0.407900028937706
1736	12.6550109645289	0.545617345534891
4354	9.87433329653367	0.917173691965653
2157	9.08716936176303	0.468946524775222
8263	9.3959435673065	0.271020583868809
65991	10.9462827591955	0.410873279893068
100272147	9.35458193192405	0.318088582568408
4515	8.72024112222147	0.123502903304155
79184	11.283160269385	0.408728399735442
7411	11.7144648125378	0.422347812938125
116442	8.54317293870385	0.349143852606081
1193	8.4392110826086	0.105248538749976
474384	8.36790156438831	0.0744225429940415
55217	9.91065703540762	0.330291791803917
6845	8.70860012049396	0.383628604366368
6192	8.72412898524969	1.26091978522926
7544	8.44599939683887	0.730612405465191
100873962	8.22877687318308	0.153148728124188
90665	8.22388242911616	0.130417677885257
5616	8.46907380746416	0.614180086124576
352887	8.32732818341792	0.429244173681007
64595	8.50075592012093	0.7921871507129
8287	8.57153544618362	1.05625018171588
8653	8.79055890889052	1.54129996804798
7404	8.50671013575528	0.914050780856055
9087	8.33693433070095	0.448908996657581
401629	8.24313218341443	0.213550999876979
83869	8.26953908225047	0.247954403879325
246126	8.48564436785574	0.821062830165568
8284	8.57273847751621	1.01047793457728
9086	8.61884989284875	1.13394169350959
