ENTREZID	mean	SD
653635	2.2848889732266	0.430083105880555
102466751	-2.65163833099627	0.856906679192538
729737	-0.161430467888142	2.56887265273637
102723897	2.0661288826601	0.408763444089422
102465432	-2.13351120155332	0.772101368553546
100133331	0.362241932599161	0.544335506586579
100288069	0.809634249100481	0.558811303141077
400728	-2.36118081336402	0.73477099654132
79854	-0.48745118658466	0.964472029992172
643837	3.61972957817872	0.980062190168174
100130417	-1.86197219625265	1.42218726828466
148398	-0.176271359255457	2.24158364061082
26155	7.25630869959524	0.659614154254232
339451	3.26623307447405	0.49103270687016
84069	2.65145262150437	0.892802126653227
84808	1.32979548777619	0.932485816182037
57801	4.40630260402286	0.767224297993837
9636	6.71924178715037	1.44309300470461
375790	8.80848731441825	1.23312475936542
105369174	0.363872585725053	1.08767068955655
105378948	0.227633507419393	1.24135677323922
401934	1.13493902887065	2.98812286277074
54991	3.9842205315243	0.447979850476149
254099	-3.46598732182459	1.28096646634166
406984	-2.95111555726381	1.22626666641586
406983	-2.73084240838582	1.48041559155941
554210	-2.50329264248351	1.58607890882279
254173	-1.85829106234848	1.53176529257772
8784	-1.36463235484979	2.16449314797711
7293	-2.98826247550154	1.06678244631986
51150	7.81793083600869	0.398316172371724
126792	5.40560993830389	0.506907476215625
388581	-0.177168252772399	1.98892108533325
118424	6.33299687976666	0.413231967771421
6339	0.783759671832977	1.48360678303638
116983	4.9295938849409	0.976332373656947
126789	4.16056137183444	0.530773593810914
54973	6.05507393504163	0.343516678049551
80772	5.5472226120383	0.522923640880453
83756	0.851151480221437	1.33702902741844
1855	6.77828701577525	0.421747053149649
54587	3.2259596968333	1.91905965107836
54998	7.32236645906325	0.398995766070669
81669	5.64313298257628	0.460982577395383
148413	4.2158339891212	0.361262692345106
55052	6.28603493085147	0.478353170630523
441869	-1.74765784936088	3.01678470741958
643965	-2.31951279068937	2.9215514189156
102724312	-1.21668184569947	1.990752828748
64856	4.3871872409102	3.78645908142139
219293	0.577406505123688	2.64363347011496
83858	5.34684030536396	0.719935262479342
55210	5.97373886190699	0.508698693836439
339453	-0.379434706956595	0.852806486045868
29101	7.01689046603643	0.323124997643674
643988	1.67681240658553	3.18500939201737
142678	4.55902592763308	0.423001565454697
984	5.92484919129103	0.236032970084426
728661	5.87459961424313	0.433102255850714
8511	-2.53939204043989	1.18675120648968
728642	4.54529907281087	0.537425661330888
9906	3.94304044392142	0.976889477795764
65220	6.22183273960955	0.212368972614984
2782	8.16198825973989	0.646837146437937
105378949	-0.301471029690536	0.830365419802973
163688	-2.90069620465194	1.20121727921891
339456	0.10034620708342	1.23889165127806
2563	-1.64917975211725	3.22516660491352
5590	4.74929891661848	0.792191859203566
100506504	-0.30466060901195	0.56282964875128
199990	5.36038260348906	0.506865862159464
105378592	-2.99745494147703	1.00320023305939
6497	5.88111317446349	0.673578018276857
79906	2.55627764991386	0.722686883138715
100129534	-0.226295231371703	1.74696850254185
11079	6.86926273407407	0.31960293888337
5192	4.3012316552433	0.414627481281298
9651	-1.63165944755739	1.50394817194988
55229	-1.08205332527182	1.27448473791405
8764	-2.35443278098287	1.55693249304243
127281	-1.11365451735201	1.53458597440336
440556	-2.71670066270816	2.00057005132557
63976	0.380281423779409	2.7964564294065
27237	4.74787019354839	1.2774314889264
1953	3.40738808402898	2.33147347955001
127262	6.18406914329165	0.597522409427746
49856	4.23265446612781	0.412316628130488
7161	2.87394566873016	0.84764240285292
57212	2.06813947435097	1.96964728351288
148870	-2.98537481788941	1.08917404170115
388588	0.02160861429947	1.83250578909775
57470	6.0010616103377	0.329531549241638
9731	5.22814805443668	0.464194604471323
1677	2.25451195672513	0.781495428295584
339448	4.92554524787344	0.529837426518523
100133612	-0.446248025926208	1.40053857155589
261734	3.3887364771782	0.522644115702394
8514	3.39549115036564	2.28711612455598
26038	0.8498751308018	3.95783539984477
6146	9.16711163908654	0.470703715853148
102724450	-2.18264559104833	0.830882048442865
388591	3.22926272258756	1.21422239993645
23463	6.79494666563486	0.583054181551039
148645	-0.0946410695211665	1.1286230196787
387509	3.21956304016393	1.27652287827117
11332	5.5252877187454	0.779568998095955
54626	-0.331174992247277	2.65313697486066
83715	1.15404783945531	2.67357378016034
8718	1.24835784133269	1.70641907865209
57449	3.67167132185727	1.5765111808672
79707	4.88223436861795	0.456329209715475
3104	3.58432738627844	0.448203823649083
9903	5.03263172695119	0.383483570978684
148479	5.20034780723165	0.561314503239422
90326	3.25653113338728	0.562977222366639
55735	6.02961061373822	0.465572185859125
23261	5.17316427700639	0.481357351879515
9341	6.78840783722648	0.43158004478925
8863	4.76638047898787	1.01720896206951
3604	-0.87720257144248	1.15573877367605
11315	8.14620721246194	0.437760544985063
54206	8.25865604895333	1.15911732965265
102724539	-2.95528586948682	1.36764359549591
50651	0.205317038338029	3.04816938772478
473	6.72030367943694	0.968472538153294
2023	10.6102596845538	0.554551686991379
100505975	-2.41913534479822	0.913511672686988
765	-3.45406326315476	1.66502126360562
6518	-2.94793130444784	2.0771353955634
80045	2.74983499717618	1.83305179373356
9563	5.30898763152661	1.1760860237222
80176	5.03970449715734	0.94375636839261
100506022	-1.51914958342138	1.09440500374669
84275	4.39876750629626	0.792581043653942
199953	4.4149038672864	0.592294816601036
5293	1.58646736295084	1.7711717163925
101929074	-1.20652294401563	2.23113918923138
22883	8.15880914405097	0.386868099816729
56998	5.1618086465101	1.03167603004388
84328	5.02375618880513	0.482681274989058
64802	3.68198248243091	0.725278065710432
116362	-1.63128235792574	2.58283376366301
10277	6.55436588184195	0.527886458778912
23095	6.62137969861409	0.67960212075211
5226	7.62834511189404	0.733614590391643
378708	1.37148318522361	0.590888911335526
1676	5.99539909440716	0.589634302804889
5195	5.29071714977356	0.345660577109263
54897	4.51539660783424	0.944036165779438
148345	-2.77842460652963	2.78224703912495
23435	7.52975593334692	0.188527100910471
10747	-0.539567967686709	0.438420709893087
6723	6.55939228331579	0.774161073445133
5394	6.22122734845304	0.454681379992152
2475	7.00218374110865	0.582752219426887
29914	4.85107623849868	0.436093236568088
57540	-1.78481541703852	2.31229662278567
26232	4.61339405680853	1.88871492190717
93611	4.02738556592902	1.19612927660355
26270	2.5407445664285	2.44773849743605
10459	5.23593058614009	0.539624843201309
57085	4.91962805435274	0.691935408334189
4524	4.64102900676626	0.673878815612438
1185	3.85168079574167	0.328637678188553
100379251	-2.33188027115957	0.79736544657129
4878	-1.40207302458253	1.29746588167369
90231	6.22523094055507	0.401041095368215
5351	6.70853733629953	0.91415167347731
9927	7.36135272241203	0.405735319090686
60672	4.30924381468936	0.462164170583352
943	-2.64945454220821	0.870072597176967
7133	2.19865512379673	2.59084501827935
55187	6.05557769993216	0.480395767455934
9249	5.55365721479613	2.72548185218201
7799	5.60224593040743	0.559642950445172
23254	2.08145844374971	1.66806010974877
200197	-0.361622045767112	1.49368647743378
55092	4.61146261956067	0.747302590597589
114827	-0.934522246899277	1.92209252920419
79180	7.21362719776192	0.743036330610363
842	3.61617596751385	0.477159352770755
23341	4.90942819526105	0.702420385173459
79814	3.06821422146661	2.18285231620174
84301	3.87692369329991	0.597267158360635
6248	3.01422637251215	0.583146160083946
23207	6.13690454145002	0.370898213821941
284723	-1.03728611045544	0.872507796385936
54751	4.43095574497986	2.41715849002895
440567	2.85025975785271	0.486749527566808
729614	2.39647724572928	0.678110643888833
23013	7.26595339955826	0.285812955752612
7709	4.5106070649708	0.34274528832164
348487	0.355906421393476	1.96924792700244
1969	8.25937278612434	0.922924977355919
128272	3.57370744808459	0.740779211813246
101927546	-2.29851377729474	0.690153323760193
79363	2.38157716561391	0.848624309000066
54455	4.95345688720522	0.374293940231814
26099	7.94354586912789	0.293471934094936
55707	5.63347832242434	0.425383222731076
114819	0.610421500940429	0.67563484894335
26871	-3.66829781811297	1.01029309131807
55672	3.71954333505873	0.612705473903871
84809	3.02326742355138	0.620487256463685
11209	-0.722961820927172	0.841087675397228
284729	-3.42448353587273	1.28079764023603
11223	-2.15826978111032	0.921094804172192
9696	2.74868038728257	1.20367889645734
4237	-1.47542678769544	1.84609585919468
23400	5.90436765601694	0.479496010062898
6390	6.48223542818135	0.36315445771554
11240	1.3318020343097	3.80686175337627
29943	3.72288520081476	3.59165795356073
51702	-0.321018392885055	2.07005839581967
23569	-2.85114888423949	1.68430656452534
55920	8.49158904285953	0.653716681999591
55160	4.25960472971588	1.05728641750216
81569	-2.50093945565289	1.40242520358875
127707	0.426164189083359	3.08614496356125
5081	-1.54433086395451	3.94204826237633
8659	4.31952057631658	1.73115209312538
126917	5.57035622230376	2.4758062913295
23352	8.05667040322792	0.400507419690177
23065	7.10451539904696	0.515328386631579
51154	6.35524000737447	0.536912834383649
246181	-2.08926821779775	1.72441762024879
22977	-0.36207861558727	2.99286806241707
100506730	0.708399500061135	0.735370257394712
8574	5.58187115628106	0.35727736943621
54896	4.47737092285033	0.588970531992037
832	8.28728175078234	0.593476130486346
440574	6.78978981000709	0.431380728539919
644068	-1.13038129860707	0.687806832146569
4681	-0.277022101853955	1.34043175391513
3362	-2.40770590851058	2.26214553787347
255104	4.07607380816701	0.651462609882888
54546	-3.07956206365007	2.95048895396701
23252	4.32219764496686	0.778871144449328
5320	-3.3396872805584	1.59041094978732
64600	-2.90915566010499	1.44572954579957
127733	-2.53870510375811	2.02188105992762
101928017	-3.78499191778128	1.20089113534568
55450	5.29676527674076	2.68034462248401
79594	5.13088580114414	0.424409780847206
163933	-3.21298744462896	2.57859212370197
978	2.79063479964072	2.71024670404217
65018	4.24041886130413	0.736513600359517
100861548	1.74411415205832	0.676400395048616
1650	8.46703911191287	0.399708616696844
57576	-1.18508313311391	1.60694337725416
400745	2.06571519219389	1.37256708892287
50809	7.74092831598273	0.426872178551562
8672	7.09336080671713	0.346974045225351
1889	7.40226755721489	0.816996285578927
100506801	-2.90488918938303	1.04215335928852
84224	1.62477235104352	2.80524467482376
249	-2.63532432005761	1.83601021192266
5909	3.4069182836623	0.990246428090661
84196	6.08558416812596	0.522251754821636
401944	-2.5224026032892	1.32642114473507
3339	7.50993951832968	1.45718040598256
23436	-3.53639179506944	1.43173177900778
101928043	-2.4033707815884	0.893389124222561
29092	2.50444810697304	0.782166691650521
998	8.5532916749234	0.391843804127356
54361	1.50642804385641	2.54979589933252
9923	5.38506625609492	0.499058487038209
2046	-3.00026174950858	1.78706003717651
714	-3.19335576211303	1.17606216510546
2048	5.33561802099302	0.99262574168929
23028	6.94470335400117	0.844879982033953
7798	5.83222773409022	0.623152109762152
3352	1.09559526677391	2.78372282541961
100996511	-1.85266592510361	0.503325386388105
10236	8.20014572339901	0.400662168206849
80818	3.93753362378108	0.650389747311396
148898	-0.622275535046674	0.73678714310771
6920	1.47413936949364	2.16941316359052
55616	2.83958385302842	1.20939680740959
1870	3.68117844703669	0.694719409150976
3399	3.84866841937619	3.4017348368971
259283	-3.47218843498992	1.19613511020068
6135	9.33086868126227	0.276951778929718
6924	6.33863630421056	0.527489018488876
100506963	-0.860483552934359	0.691207186454218
57095	5.34290165426214	0.573768041114198
11313	6.73105891418382	0.382206199534897
2582	6.18666240592268	0.611402126461733
3155	4.85932969145345	0.40371366904513
2517	4.67560229494476	0.859376228189234
55629	7.0935314281798	0.382739066677855
10772	6.82616954380833	0.234426651644927
58985	0.67791785289539	2.30680296365702
163702	2.46301296462833	1.31243135587572
57822	1.14641584069411	2.34987246501352
90529	3.32040301414773	0.487420638749872
57185	5.49266495088297	0.903143578850906
100750325	-3.21425760548929	0.848386900293654
11123	3.84797383192751	0.797621188677458
100506985	0.92495287624307	0.902097738707906
400746	-1.42699969848834	2.05188289306784
10250	6.78495989930598	0.343092599886221
25932	6.15484244897357	2.27342709506351
25949	5.72817471463084	0.418137411797103
57035	4.09361181805255	0.575767465358942
6007	-2.267344210951	1.34017088263058
23585	6.21191455861958	0.469786667883722
6006	-1.83775155712098	0.792984804767299
55219	5.03180620733641	0.613842748252199
26119	4.30491738270123	1.27824688267023
57134	-0.791036101129858	2.16502245726067
57190	6.00869016477239	1.40490236561715
56181	4.38643425776301	0.661395303103424
646471	0.224699379536649	0.728393666722833
79000	3.40444476577516	0.695593802477987
164091	5.4104054221402	1.55225846201304
3925	8.15073907486688	0.660160785289729
5051	4.26302795330337	0.650545021996566
2134	-1.93105765632918	2.2209097070379
7780	-2.87264143955862	2.8235414401357
105376910	-3.62160377670355	1.63874046237902
149420	3.60777155213171	0.784429689488701
79927	-2.79385010043479	1.46993429882549
51042	4.79731246313586	0.874436674577271
10256	3.27185276446907	2.11678324356131
101928303	-3.51710555926235	1.10171838397976
64793	5.20610266588579	0.735704088711176
83442	7.26942910011756	0.705280543917139
91544	3.21260537560741	0.687159823832088
1043	-2.98267613275425	1.01532990831008
55057	2.86602405243588	3.28987913787329
79727	-2.13775433608928	1.17054986788181
79947	5.00710817559975	0.566816177824433
3151	9.00352825559954	0.613377406441078
6195	5.58401631991552	0.593436228086355
101928728	1.72556553985343	0.655178939843654
8289	7.13956695247604	0.761220544933361
55650	3.96023644421641	0.648643984573219
84243	5.46764910057678	0.676837226180807
2810	7.4328915174109	1.90698389345405
54707	4.12932170321356	0.451935365991669
63906	4.18895230754601	0.737481709029998
10726	7.496215221225	0.810729479928112
8431	-1.2302129243709	3.57644571583077
126695	2.80465097962557	2.82357419778217
388610	4.38158444787139	2.29488817926843
115572	2.07232790685341	2.87057165325331
6548	5.82319314621588	0.733461935798783
23038	5.55415963189545	0.579581179078507
84065	4.80479205396842	0.550939031134502
644961	-0.887256973603035	0.620458896153643
84958	3.61179702591682	1.44915899483223
9064	3.85181051019582	0.717219777795405
2827	0.574946351794527	1.87214728264691
10163	7.65460410421707	0.509860655833395
27245	4.90335348060087	0.709010259746983
2537	5.75337330272649	1.81368669159922
199870	2.91145543852995	0.636409815518224
23673	5.10118354226096	0.367848050557615
5511	5.85569525096334	0.400030396020981
9473	0.592799538201572	1.58817836072832
6118	5.8670537198377	0.420663038391692
27293	2.31096079772578	1.84546463399469
55113	2.51181332474451	2.62951403737142
2140	5.0513295854966	0.452085548136175
5724	1.12376674524455	2.67881670703381
22826	7.06759039019412	0.32138903440025
93974	7.12967976533727	0.510905242964155
83667	5.3925300464299	0.885542272193855
54797	3.69797004722244	0.521118107734231
65979	5.94665711653419	0.429615283352278
1104	6.83341627006907	0.41187859802862
8420	5.03791094716668	1.09813938020329
6080	0.419262357926371	1.13389135441468
26768	-0.251905138590233	1.12231159075679
54952	3.87951063172208	0.30312189686897
85028	3.32726311741944	0.988452923844778
692212	-1.66656732301333	0.919436675058265
677838	0.0212293473299103	1.15417960718168
677825	-0.683302127418688	0.733654836515859
692073	-0.907855971476903	1.00361749899191
115273	-1.74992018479141	1.59076895142173
6883	4.59529961162014	0.644993408399564
26824	-2.8431506065066	0.757402109631502
10691	3.56685590946954	0.361178010761474
51441	6.57295411280128	0.46155938947192
4985	-2.32033530606675	3.10618243219135
2035	5.99579518449569	0.803073258879414
399474	-0.16199533287534	2.46463258172119
6429	6.89018625150684	0.40047839863563
51102	4.34574521022376	0.525869048794978
10076	4.15066946063033	2.8201579329127
4146	-1.89388102389202	1.14699846927056
100129196	-0.452307023974651	1.09221047206867
7805	0.430429534476796	2.06172268194789
9672	4.93958239259776	1.60508306731836
9698	7.21079700963952	0.278864078333116
79570	-1.02092578462787	2.57092103342396
9410	5.83065633686156	0.419552608839029
51538	5.33119587754364	0.329548194222337
2170	-1.48485300827548	0.70975850427536
347735	5.39095883193236	2.91194497113367
64129	5.42550474340108	4.26898359522273
553115	5.38194248140713	0.335647822837665
1307	-0.0223468470931824	1.63658574796004
576	2.20356107724121	1.95634146455587
90853	0.59937072775564	2.48681629637601
8073	8.27306771135537	0.8976041278391
10657	8.02248354731131	0.39874043983171
55116	4.61758169569979	0.308790401024735
23633	7.26049186297293	0.355413844559492
200081	7.11867146791637	0.412400279789308
79140	2.59841865849671	1.94138072630794
56063	2.68507460460829	0.634748159097583
55721	2.1982521303408	0.496563781087938
149069	-1.87369693854593	0.893650211921403
8668	7.93055718976522	0.402054055064259
339483	-0.0718518541789583	1.17263468406536
84734	-1.50065592506195	1.666522831621
3932	-0.452459619424525	2.27506736424563
3065	8.0994125196706	0.413921705441297
65108	5.98390392144527	3.03053755414127
100128071	-1.47563565930597	0.607469506518399
81629	-0.320031078702918	1.04474708556518
55108	5.66722882781644	0.444070424713959
728116	-3.20226475586397	1.33840454112053
653121	3.28777077419563	0.336292955897883
339487	4.7670204811326	0.46420091946681
5928	6.8954985367491	0.454127162308315
81493	-1.87549803237726	1.41825047112265
57648	7.99511364137112	1.41375889466308
8565	7.63160215982363	0.642357589956113
64766	4.77705267836474	0.627182389963488
252995	-0.813917774190104	1.95860060702572
3208	-2.29287130037996	1.26672327621575
113452	5.10846811507516	2.30764879191837
127544	5.19350362486792	0.714727863795518
204	8.0144677907046	0.45551799760645
113451	0.0895690622802088	1.89208741864431
55223	3.02125098366513	0.757180957814247
149076	4.03337716402277	1.83494618439726
1912	6.8372137428927	0.712927660300928
101929464	-2.37958331704703	0.962932363210553
7579	3.30814928950582	0.515560025815766
2709	1.33984644873269	3.49096289202722
127534	0.352081571518954	3.13677170310376
2707	3.89104578659103	3.64223803823816
113444	5.41113972143805	0.405649992911276
58512	-0.77813176476573	2.2389879651841
653160	-0.348459425548453	0.720224170941657
100506144	4.18283311024393	0.556277759566288
9204	3.89453962902344	0.4429735878833
79830	4.50829398945931	0.658401045412148
6421	8.41949644027349	0.260956271213576
9202	6.50886659472342	0.512915756253508
79932	6.64397424009282	0.468282438521808
23154	5.80677738989357	0.349831425150765
339488	-1.03194778393436	1.17871521401312
5690	7.56778986511463	0.417549039625926
127703	3.92218730168537	1.34652371661324
63967	5.74048361108082	0.494450837008139
192670	3.86125043363933	0.687563591327441
26523	5.80228313849604	0.731470791326346
192669	4.90502361269773	0.70589772595286
54936	4.79422525524203	0.354177442160926
1296	-1.85458946334369	1.4939517274883
27095	5.9188909256916	0.257411639681361
55700	7.98616965424466	0.515188847866558
9967	7.86526885234092	0.348061157928096
79729	1.56511873617904	1.20584488586416
55194	3.21469824342031	1.61022815842796
83931	6.40501512611811	0.817900290756531
84967	4.63303257744611	0.500532352176039
127700	1.16461433748144	1.36518258071302
64960	6.82198685070216	0.330242355692455
1441	-2.47505359746195	1.73639695707772
728431	1.0730892832427	1.13562845505393
80149	3.93487804024727	1.19579720820568
64769	5.4244458701212	0.349324386885637
79753	4.73268319772284	0.274410718419809
7802	-1.41276084010701	3.42900049066828
29889	6.26014316925126	0.469004934770717
284654	-3.80154818286082	1.15514894646816
54955	4.59103608202235	0.493143635891455
55143	6.22978396101632	0.492705838594345
284656	1.67699517538055	2.21032905496048
149175	6.02139161896268	1.01793727877997
79693	4.88699035623264	0.752584282057927
127687	5.8858166984949	0.497108227083751
4520	5.31916575376448	0.388161128271302
3633	4.12188939698558	0.50811680251724
10946	7.01016536720024	0.417056483226799
2275	3.38539320156228	0.510115810476023
51118	5.73023882354661	0.391921699327075
5453	-2.3188550950184	2.05695201723361
64121	5.48758031152679	0.590847025019508
54933	2.91899780439499	2.53097895504452
79647	7.16536981773505	0.568197132635166
4725	7.34633590478926	0.637193548300744
23499	7.83130081084624	0.529981761030458
643314	5.00657373781318	0.643540452801504
105378950	-3.53503399052266	1.08661332826355
353500	-0.426651803447562	1.16936725743132
8761	7.72635579734116	0.391730676181497
101929516	-2.9014490417984	0.742435389248093
677834	-2.46090559498457	0.778749419897424
26508	-1.40793167563401	2.16666917334889
51440	-1.86854028185767	1.47982018620478
10450	5.3090570268479	0.323484729784612
656	2.30145186277642	1.5843157632457
64064	-1.87248199187267	1.04854113794741
105378951	-2.79150111100774	1.69237101909541
54802	4.38846539091886	0.518252466723922
4610	1.84758166485639	1.67278746920953
84879	1.61900218419708	1.50123149844873
10487	8.49160871845861	0.471674853555677
5538	7.42755992534036	0.544033474563726
6018	5.01424616657416	0.390832650405101
10269	7.14463831785858	0.532676202047314
1298	-0.42844666436546	1.25779761085496
64744	4.86778040527736	0.643776624811178
65243	1.58017674558535	1.51146752872306
339559	1.42587971252053	1.90101860553185
64789	2.48598409578049	2.67303210682026
127396	1.79403464367547	0.42651004133731
9783	0.411366913269751	2.2633267630202
100130557	-0.636187006527844	0.897448535927368
4802	5.17484990917322	0.449432010292829
9132	0.404352845640601	2.22612411705166
163732	4.96745479241851	1.65971842429138
1503	6.58180018800865	0.746832116595391
100507178	-0.904847386914886	0.975929727482399
200172	-1.16637651640098	0.960145353619857
22955	4.49524590271222	0.465738142514546
100132074	1.50224432326293	2.24999146766543
1907	-2.56685524479435	1.70326776368126
59269	3.52522738818015	1.70662218181751
2980	-2.75627394154224	1.54679255835158
22887	6.28995500363007	0.533585305556763
284716	2.46471045738634	3.20214965871417
84217	-0.853737359758003	1.86920261148133
79717	5.6896371868591	0.228692840747524
728621	-0.862471474605198	0.955466013799267
10465	5.04831870019991	0.486326537543915
4904	10.531788711929	0.476362120405842
64175	5.04579378690428	1.38636592952943
79078	3.22680826757393	0.446653370699108
100129924	-2.33162328789986	1.01363182877319
374969	2.881151765139	0.656722656219383
114625	3.19979776772514	0.428003608730164
51058	2.68033613905328	0.332748487137824
6513	7.28372657203093	1.37561749009371
440584	-1.40310450256932	1.15423127325755
105378684	-3.42055472357224	1.21213507762768
440585	-2.39186437428156	1.54289057426094
10969	7.19083499052025	0.483432208895317
149465	0.0158236430672948	1.51075849625441
128218	2.48734472578299	3.77644475516069
149466	2.07537383309761	3.5271730948199
4352	-0.982775864653339	1.39849182221486
991	7.5235303955522	0.649379680860224
64834	7.15201089245908	0.723699022817408
112950	5.10701438113587	0.409623472613573
23334	5.17690578579389	0.248009845860387
81888	-2.40351772089018	0.762825151471912
5792	8.54962319976937	1.30714449618849
9682	6.25280456877458	0.54042179571273
100132774	-0.164973113212587	1.11239806161787
6487	2.36222865641062	0.994433366741715
9048	0.410829531096384	2.01697081138198
9670	4.98534116823155	0.540225736093391
1802	5.17257881235738	0.732065700678688
533	6.56452734283189	0.789584948908872
8704	5.7433942979363	0.376952236837902
149473	2.86311376864219	0.490865560364765
6536	4.18656217849496	1.85016444563618
55929	4.70829092983372	0.437105761394781
79033	5.69490648435761	0.411508695763204
100874278	-2.42851530676952	0.508266255655427
55182	6.28850589416442	0.488924880572515
79639	2.94854707068771	1.09768292202336
339541	-1.87300986120051	0.793940777502222
26830	-2.70192041090916	0.807085954284076
11004	6.3165356022723	0.857712208836723
6202	9.78881830793993	0.51632480970776
26811	0.398059335490006	0.680980185535236
94161	-1.81028828793448	0.747540284962403
94163	-1.18096619379983	0.557699030581234
266675	-1.66737145915577	0.958528855330028
1263	3.14018904905151	0.975702578812597
343521	-1.76183832530275	1.18140228267078
149478	-0.64665805157007	1.25795885201197
8643	-1.73540609739752	1.4580795379446
8891	4.7178402313782	0.758548207651042
79654	5.2273381009647	0.598675776963538
7389	5.63779666896391	0.464040207784951
57643	2.05454872954939	1.67755357750736
400752	-1.01961621415855	0.964498714792214
84842	1.8033154364917	2.23635684186611
4595	3.4215666474434	0.837856629093872
114034	4.03055480320667	0.417302956768203
10420	1.97579964043341	1.23324105402475
126661	1.92169913961738	0.746262138714845
25974	3.74073670528496	0.521179590794778
5052	9.13754106263991	0.508574396191337
10327	5.74214229201395	0.760557548525377
4678	7.28274557068672	0.617398297795396
149483	-0.407366151889907	0.566110448487953
60313	6.76102328436983	0.480558275509398
51249	5.02826143253446	0.462712147945237
3652	4.13710624186716	0.711070043919386
23139	6.2144804871229	0.51278227973506
8503	5.72861357594823	0.98160291866784
101929626	-1.42083347659864	1.30124407897255
10103	5.98941916644521	1.85936157273691
55624	5.90108733599117	0.568851616896765
541468	-3.13043565822226	1.55052234964049
8438	4.63852738301691	0.4659575048214
10489	6.10393364058325	0.445806884557266
7388	7.98244165179907	0.524352060219621
387338	4.7599327012763	0.409029494624803
2166	2.85435519805465	2.27784617390167
729041	-2.45798191176771	1.36646887736739
127343	0.47541766437615	2.66670234010818
100507423	-3.178315638091	0.8340560079455
8569	4.48050092182018	0.49064778587471
148932	3.38670977574483	1.1611071738748
64756	5.62837219966859	0.688872780503575
9813	7.40949461007583	0.539653408350177
1580	-2.49466531834611	2.77581956012364
260293	-2.09007440188776	1.84601390924329
100874253	-1.60171532967181	1.25104558311196
10158	-0.865631574682554	2.68330693003671
6491	5.59181412887605	0.534471830033835
51727	7.50870527807501	0.4045962748552
102724077	-2.14865292987363	1.07374895657532
2301	-3.40790998430727	1.11453880753038
84793	0.853560536244106	1.70635241244923
2306	1.56827479599843	2.0789295159627
388630	-2.95732259931547	1.69255453984171
200010	-3.4144847962046	1.53997626947546
54558	1.53166137672698	1.83552518115233
79656	-3.77807514367738	1.1158908345454
1996	-3.09748170758201	1.81490032635154
63950	-3.06464283102478	2.34620405338889
11124	6.18819237607946	0.286868965594666
1031	5.03315129657551	1.00822925669491
26994	6.23220810770909	0.480836184807361
22996	3.01772551253418	2.05265922454852
102724097	-3.10319230761066	1.39023731468641
2060	6.32261779736207	0.45050860151791
114883	6.9954078489666	0.615599212633023
4898	7.81187896983671	0.472573546570583
5865	2.73848585536937	3.38512489323964
51060	6.79410410994649	0.388026896065657
91408	6.47849566028268	0.531506295091823
9372	4.38236961892134	0.567165127131563
200014	5.82873424377535	0.396750281017206
4998	4.93947544206469	0.526365695762768
84950	5.97886223422308	0.462151133631158
23318	5.58932726055239	0.528712650577541
105378722	-1.21675321824137	0.900730112666335
2882	-1.95143571198311	3.05290027564111
65260	5.19786210512274	0.464858679682509
79699	5.22901083173805	0.493884418973095
440590	-2.0072143037168	2.06331916510862
55268	3.89322050323207	1.05314157301602
6342	7.02582385268582	0.469710896015414
127435	-2.55273546901071	2.20686744471682
6512	-2.4616946969354	2.12399778508621
1376	5.39943828998904	0.509798402950415
54987	4.51242565619282	0.291695650408188
4116	5.75545092270107	0.344762312505784
100507564	-1.06991250076656	0.741280475284204
7804	5.25355154433489	1.03131519819181
148979	-3.42173549187739	1.47547074785228
105369175	-3.91646261545392	0.944909315020582
55706	6.52915572849151	0.673779172310496
54432	4.21391618846265	0.37055320723755
51668	5.16074399427711	0.581080164557857
115353	6.2700399399176	0.455530487801758
388633	-1.89158127269632	2.06747222215765
9528	7.72823803136078	0.511621654764088
127428	4.19713238591518	0.337659606226424
606495	2.96994975248022	0.720669685926616
51253	7.49003571474471	0.499492713047923
23648	4.71382711690131	0.688071583357251
619518	-2.54027552755243	1.06999091842771
26027	2.31726079319569	1.34581696381384
338094	-1.76627909729098	1.09666067181622
7268	-0.376550580182556	0.645771179709886
25973	3.37201238210363	0.423268970206887
55001	2.27394191968464	3.70468883377469
163747	-2.50948275248693	1.5963807096154
1718	8.97994102283016	0.583486885501014
199964	-0.687514595077171	3.25798024246906
7809	-2.73572383817234	3.48048823676162
255738	3.91202211252426	4.04709940639794
23358	7.24114368060448	0.287597487423964
100507634	0.231703197120924	0.843125001117987
8613	4.14082972832598	1.11028218383982
5563	2.92281097704824	3.32622818098992
1600	-3.17010778653316	1.84215265563992
115209	4.0052140283182	0.548920367958213
4070	4.5466962986916	5.66005096041885
114803	5.08453151427931	0.335644959046381
3725	8.00059500966725	1.07900721609542
100131060	-2.30880003438512	1.37979761837938
55277	2.79296610881274	0.661371471623454
51361	4.51413206889477	3.20355335937592
1573	0.0859548956488256	2.58825992218844
4774	3.80261046405119	0.760459852892771
83941	4.41948686270997	0.480009453143394
10207	6.0843327370106	0.631911445414026
163782	-0.766031478750789	3.48451605075639
7398	6.76426154586294	0.384806673751564
85440	6.00301909675416	0.557046544526757
84938	3.67497489497777	0.373992617943392
199899	-3.22283529296021	0.921931921162277
100996301	-0.0567320512478507	1.91393048998379
27022	-2.38351147866941	1.70798727736543
29929	4.2768777518924	0.39295271253132
23421	4.02945168292318	1.02915713260911
84455	2.87695335601168	0.486821379986323
5236	6.50993275258326	0.785207465688272
4919	4.75707253654535	1.45862106967636
101927034	-2.93466101010719	1.88964784368228
148581	-3.60068749220639	1.58219530856345
57685	1.6869932769347	3.01534702300604
55225	4.0689974499279	1.4964901089801
3716	6.95879060159015	0.56406052441484
205	4.76945492578613	1.92649780857623
9829	2.5535308830952	2.07677744617988
54741	6.0571163385671	0.605932684088952
3953	2.3265693561862	0.752678138413523
5142	-2.16143302784939	1.76688635728912
84251	-2.38012361454575	2.58392359976811
79819	0.523843159424702	1.38452240459307
57708	5.68289918772981	0.297609501518154
23169	5.10071739651028	1.02465809886012
400757	-3.68508972198723	1.3007867655103
149233	-3.65304984381566	1.32327716977627
3595	-1.9177303869923	2.92631615768278
26135	9.1924262149595	0.432224375919491
1647	5.89451549255533	1.05095111529117
55970	6.80699088949666	0.652173754655288
100289178	-1.91181654511364	1.00816334842349
9077	-1.44310167985872	3.7269196406124
79971	4.91315565223162	2.56108859975957
6121	-0.555073254500033	3.21253761847525
55635	6.18530613287113	0.582680520049713
101927220	-1.58885319788948	0.777092677849255
57554	-1.26122102915952	0.658764752824268
55631	5.04387826755167	0.467919739501469
9295	7.09178831504764	0.284071529473065
81573	5.05092025334932	0.290025059132202
11147	2.44650417333436	0.903872248420727
1491	2.86411878852207	1.58432838452867
100132618	-1.73361668911265	0.679740486007715
9406	6.21560892686778	0.149224783467923
100852410	-2.71022470247415	0.987451127771932
257194	-1.08044817066957	2.96446846663945
127255	-0.446395073913299	1.17275029532449
8790	3.49824853739515	0.488895492209379
127254	-3.3370330033369	1.53620394461455
1429	5.22142572093517	0.635071342523877
127253	4.79651245574308	0.383273113002405
204962	1.38048262800269	2.91779425632523
34	5.85063432335264	0.956377534917322
1744	-0.927228530466716	0.707043567817993
5876	5.79225387936093	0.519630830986398
692085	-1.06501593576102	0.739800040245533
26805	-1.68863864042057	0.699398272320837
26804	-2.50888301492657	0.667434018771902
256435	-2.06268682903595	2.29674859107993
81849	-3.10115836935082	1.21469642621593
10026	5.53690718533381	0.484423357814839
26289	-0.325667702773637	3.32115151851158
26009	5.68161180057066	0.295842228404658
23032	6.0919336265119	0.425223342914835
374986	5.50522025327729	0.458417346869181
374987	-2.5882395769242	1.09407462643528
91624	2.37795109682212	1.17861508921796
8880	7.00789203164594	0.389841024124858
11080	4.43711976925848	0.410472746225329
54810	1.180364943191	3.15017101794753
5737	-3.40686023537306	1.61987414513944
10964	0.962734169948725	4.60809332884426
10561	3.02654181375212	3.93172026539095
64123	-3.7670105168099	1.11589739705869
23266	3.51439133087873	2.70111798079654
101927587	-3.11430962338279	1.39984078573884
79739	2.46845011684302	2.25357186217685
5567	5.24244455492712	1.41033005474359
148418	-0.209419620113564	1.74274545776205
80135	5.80616193144919	0.662731549756802
2787	6.7470198397275	0.64134588476763
100505741	-1.65783987485489	0.722764016060724
1486	4.45414279982202	0.921048410948091
103695366	-2.99813332593232	1.28115433406957
117178	5.3934563712477	1.0259487026917
23566	0.0428115767653425	3.96782749899336
255231	0.910162746544307	2.65682027120821
55283	1.38994821430455	2.31389282986115
126820	-2.202376390133	1.24351284064284
84144	3.09533156825969	0.837699942290779
148423	4.96367949616742	0.524106425833941
8915	5.25210080784453	0.618857254867071
646626	-2.03237512964154	0.806982031402498
23576	6.89888533856965	0.990560892610439
3491	7.29075456706652	1.87740869942101
54680	5.92234398791802	0.774586577183213
255631	-2.64135061174107	1.01332289021959
57489	4.39908338304513	0.933265881970423
9635	-3.44843249130176	1.82935912044702
22802	-3.13459879127782	1.97557492447177
9629	-3.12860843938895	1.40858041051871
105378828	-0.192570985738058	0.874138012457016
51100	6.71678706094773	0.647052429557585
9403	7.78788918952331	0.527594118530034
9653	6.94635684008447	0.629327201898708
339524	-1.92334414637073	0.77011053101394
8543	5.59266425263376	1.88928728013461
101927891	-2.00674356230762	1.35264970709723
5586	7.40855947748145	0.575672346319285
2959	4.72260631373526	0.487976944270955
56267	4.90194841255056	0.53999486335673
494115	4.77802862908961	0.743145147327394
2635	3.49410823353432	3.2378919254187
2633	1.3292551403545	3.60891295984791
2634	2.7069368590158	2.32674134340278
388646	-2.63532509825598	1.23336838566301
115361	2.005023624894	3.64900947994147
115362	-2.79742219116813	1.27477603362175
163351	-2.5658169811505	2.55294572630738
23507	5.2651654130963	0.816557642672885
84230	3.76346400429187	0.967177553132347
400761	-1.74917558538849	1.2256266701616
55144	5.72439941779762	0.382717897520243
492303	2.60552254259864	0.37987455770702
284695	5.80825774389303	0.341590997411563
84146	5.89735681954651	0.59034223730668
8317	4.72718054990574	0.722829814058216
7049	4.66487760335746	2.36958585246023
253152	1.55545867929535	2.69324008320992
646817	-0.680846968014379	0.514786993157686
284697	-0.238415468375608	1.70725447834081
23285	1.62117907961261	1.82354952899867
11146	3.94754540111647	0.479492843381112
79871	4.17683101731381	0.476997558403539
2672	1.03336103535159	2.39153186279503
7813	4.81156548757977	0.392833154995858
6125	9.61454783723448	0.612046234232883
388650	2.97129911271245	1.05708465179448
6083	-2.68990360869869	1.10699830518521
26782	-2.10513911463956	1.08220301281806
22823	5.44273701249105	0.449586179838464
50999	7.52853290713495	0.61942650224334
343099	4.10955386902769	0.853144528431225
100131564	1.18751027967626	1.3604615224439
1810	6.45584995005134	0.440327910258884
54874	6.05408522539332	0.687962363607297
8412	6.10906024420716	1.12333659863464
100129046	-1.47746474314103	2.13385915750001
100189133	-1.76170254335606	1.4205850545753
30836	6.64233596800167	0.70723363351249
2730	6.60720102673143	0.919561772914448
24	-1.15647712863778	1.76637191101511
9411	6.41496226212567	1.77513499391092
5825	6.25516693019005	0.288129424406153
2152	6.67718549339858	3.78214332789814
101928079	0.655381249507739	1.88636105014658
126969	3.63340554407741	2.77808654304983
1266	5.95472367347404	2.32187456663004
105378862	-2.13168678755161	1.10775861430087
729970	0.00191315456629587	2.18622665379927
199857	3.32327660494425	0.527953107921835
148534	3.58059145448437	2.37222120802838
100527978	-1.09353301707326	1.14440975464451
25950	2.30508696132118	0.601816973068791
58155	3.6342540593622	0.793608482331288
1806	4.55053800022286	2.08560950390754
400765	-2.86168839444577	2.21223298221941
100616452	-2.97109216813354	2.16097266807567
729987	-2.71755531737561	2.35701080646094
51375	4.97921566155811	0.987588371891024
54873	-2.40554522007992	2.08040607029168
391059	2.84146500793111	1.57044974573047
178	5.76287277144372	0.395225338025339
23443	5.32289805519618	0.55254366958241
64645	5.99035283432339	0.819487154768217
163786	4.61308616914998	0.5207913443118
54482	3.57298062714722	0.427896038662591
127495	-2.08006356133917	0.627373490071194
1629	5.72940091566267	0.441707311329315
100506007	-0.526994202364574	1.24913711538182
8634	5.7275046790354	0.592128096905411
8556	2.62476288325443	0.508165874644752
2135	4.33512923663563	0.659525027358168
148867	5.31085679983102	0.504474002442616
51611	4.105781321762	0.866608676341145
102606465	1.38274469695945	1.06064553054462
101928370	-3.65311495123781	1.2175022525736
1901	-2.81255902019136	1.79584574893339
1301	-1.33565838429271	3.35136806766735
55599	2.96514023563393	0.571372618424601
280	-1.18492396437409	1.11212500616554
55170	5.40451642709862	0.63180293819393
22854	-2.8962095602665	2.55263391755319
10451	-1.64685547129319	2.56101715261129
29957	6.58925310549105	1.04540625630253
148545	-3.55501811083181	1.30118230538459
284611	3.993760241021	1.60890814615631
113802	4.79267559707151	0.393575067614188
55119	6.66431012713781	0.407566802498776
6814	5.45826593566464	0.451850880964487
254268	-1.45446152639514	1.97906617311385
29899	5.89039507977093	0.605496139170108
23155	5.03331723775618	0.642800936732252
22911	3.94961830784269	0.7062067814507
6884	4.63196784798282	0.300478713874352
56900	5.03417681167942	0.464994355079544
677766	0.185795266077262	1.35908066652939
57535	-0.744619384453813	3.16737741060876
6301	7.40014700696254	0.6171737719315
1952	3.58710086753831	2.19858846233568
84722	4.64391894022107	0.786326636555824
6272	6.65477077305644	0.77127436334851
5686	7.13332054366505	0.399568614186919
284612	-1.70800226944019	2.19906199261272
127002	2.45948123510543	0.624815704917351
284613	4.10594110100763	0.516985515875045
57463	0.48590019995253	2.01801531130949
83873	-2.73438133631919	1.02801625535964
2773	6.85726402231687	0.420609903708328
2780	-0.645985898966373	1.18842727392624
271	5.05889734202217	0.714647751599936
2948	2.36638438288365	1.77238329044774
2946	-2.47008495784695	2.35965761792755
2944	-2.82548430109038	2.97984746389496
2947	2.43291784623659	3.89562124160692
79574	-0.690525591853551	3.76851698033976
1435	4.06441716089163	2.74152063954635
10768	7.74525288432039	0.56406198869737
85369	5.10103517852838	0.484773409066102
257	1.54841188340346	0.634274826813506
104355139	-3.50359531712152	1.46132490583531
164153	-3.34645963952239	1.55834611098005
388662	-0.609551276802338	4.10919551736205
100873974	-3.01051913260413	1.29103372820919
3749	2.36496644912233	1.46270246461073
440600	-0.218007920142796	0.705196892215915
64783	4.6984958121088	0.263899086108576
9122	-0.90799841070074	1.52740600244136
10542	6.32871153856623	0.394025481710951
101410535	-1.57201419479416	1.09054712316036
3744	-3.71806567810338	1.30895691262129
3737	-2.77310109101493	3.00309715205041
55791	5.42118967777498	0.646528403326026
128338	5.17627574169103	0.700680983343212
10390	5.26289668835281	0.392019009090477
79961	3.76863678225477	2.78746700022238
1117	-2.90926308906768	1.68522301748033
128344	-1.20788280188424	1.88224323162081
5016	-0.775842107658863	1.26602359048434
79084	6.14784356055905	0.572860383633184
515	7.53881699121527	0.568599101790578
128346	-1.96633087646941	1.00680247185123
5906	6.00834766256981	0.788090926251273
55924	2.16927867046413	2.00366507570591
100506343	-3.18212401882625	1.28425152455158
11218	4.64646363536334	0.5194983356141
3752	-2.46334933874149	3.02644420238303
643355	-3.25445731154675	2.15979912361942
55917	5.33745132072471	0.592320502643072
7482	-0.478611868018347	0.973910534472255
54879	3.8329611100597	0.356514113926937
829	7.77730726359302	0.55287483160541
4343	6.4173118725406	0.677809572070826
389	7.6863580442288	0.553724004456501
333926	0.1803281921698	0.954309349904063
284467	-3.00217028669032	1.41886171796917
100996702	0.535997428475628	2.08274926306414
6566	6.99112977264139	0.908705319081595
100506392	0.347008922732374	0.868312228540135
9860	3.32214904807031	0.597806910989093
260425	4.19271586264165	0.459994341099305
10745	4.72980699510689	0.513197386270858
54665	4.52963963016594	0.399562837606936
100287722	-2.6727164689788	0.996655964500593
440603	-1.71648058494378	2.86178335879171
10717	3.38756969906035	0.739097638973249
64858	3.99202583171331	0.502443531714947
101928846	-2.57705756629573	1.15514045731933
204851	6.43880978198567	0.481947144377832
56944	-1.54017826252376	2.59209188651325
51592	6.39156988091017	0.53241961155111
10286	5.64024381103834	0.501677112463184
163259	1.25405000500831	1.87175588721338
4893	6.81746698616961	0.359661924184934
7812	9.34762850339144	0.514601594395531
80143	5.52945489500763	0.479269644193385
10100	0.162448068414893	3.38828228544798
4803	-2.29300188417011	3.02898929813631
81839	5.17391782120644	3.1285104195478
4808	-3.24621917971386	1.93641551601888
55356	-0.0782209813408573	2.85364600206124
476	8.79033543980962	0.622883000311515
84852	0.440034696548543	0.80241323224692
965	3.4658073205798	0.63338585328064
3321	4.35898531294049	1.59547491438564
5738	5.66257495518801	1.24904894763305
9398	-2.0215372979945	1.03775329476215
101929099	-1.20274362024777	1.60955860175972
8458	5.416345709291	0.342679511114691
80263	1.90211940114614	0.453475317718264
79679	-0.89281007119529	2.6034591525277
10905	6.26483221166056	0.472960755186719
54855	0.955798348051649	1.67945771856532
54834	4.35471434139503	0.399148527233093
10885	5.8341252494946	0.533916442218483
200162	-2.46674658796667	1.82650661998539
6913	-1.75940757184188	2.97813160956558
10352	3.34697058740527	0.574652852025836
101929147	2.54523761861797	0.630575573299406
3283	-2.4758855720287	1.30062974298023
90874	3.33495371747828	1.28561607059812
26227	4.38423499513935	4.10898582631114
3158	-3.30367364479842	1.37933769927772
83998	-2.49073536944589	2.98017059712938
4853	6.80342914424948	2.08612462437811
9554	6.57212309647461	0.434192595449446
105378954	-0.402197138341807	1.79711242524363
728841	3.63784401947782	0.71738686929608
767846	-2.04508075552215	1.02606802005993
100996724	1.4055369059651	1.58353751814031
101929796	0.0333652445379007	2.28758515975496
101060684	2.37495232194075	1.21315353148165
101954277	-3.44290433804248	1.22825972277689
728855	2.54659090475739	2.34741536443397
337875	-2.27323847907827	2.34854858554774
653820	3.97068109066019	0.611792939231366
653464	4.15610012781475	0.805490693546971
647121	0.168874793887797	2.06066276323444
554282	1.37869050050891	1.16654002119518
100996712	3.16832110200775	0.95357345552685
101954267	-1.4515658473146	1.02298183618996
284565	3.76240682814706	0.933183982869312
645166	-2.64898829078707	1.47560841520211
647135	3.37085559779647	0.60125857229497
728833	2.24658153230161	0.765052793333588
102724235	-1.08458732648246	1.36565815483609
103091866	1.413371625665	1.82401983518922
101954266	-1.77099790025748	0.685477482516747
100288142	2.29213829878561	0.245771633951449
101929780	-0.205942151640962	0.692831536035044
653519	3.67502927707339	0.41415192282935
5174	-0.399550736753448	1.67988797646641
11126	-2.14175676490033	0.616821456055747
27246	4.72624735967021	0.633135037134444
10623	5.03382826832147	0.532990014562646
200035	0.607573539522652	1.22864879567315
10401	5.30333680579096	0.525035930473956
148741	-1.76462798553749	1.51154399533923
8515	-0.89354290711736	1.3933586024749
8799	4.55468834342061	0.559635678872416
114814	-0.216652907399099	1.04473119557411
9939	7.30867715673037	0.27987884648363
128077	3.75845915547089	1.82007839214764
84265	4.12506293465471	1.00319845987147
284615	0.212444371277831	1.80647190427857
10628	7.28142076545685	1.29887097391784
101928979	-1.20475897987959	0.796285331392081
100132406	0.715746769231656	1.64177405676123
388677	2.32173824032915	2.47971064078399
102724558	-3.60196879808303	1.01081167727034
105373468	-2.12055928091845	0.91378444126964
149013	2.89529679973186	0.465648666598597
5565	4.65037931975984	0.750445855088685
171423	4.89129960524062	0.492446533839855
2330	-0.295293487034301	1.47673364077633
9557	5.74618733006474	0.507920736110169
100289211	-3.18953564890841	0.941709749009388
607	5.02570566970574	0.818366262373539
51205	4.47677489223419	0.983057735532322
2702	-1.56514556781491	3.65972830596203
51463	2.56739447577964	0.771575040425527
100034743	-2.38152896619406	0.892917482306223
26864	-3.31203766141052	0.930550674187394
200030	2.72180176252284	0.442284751000624
100847044	-3.64946227142312	0.812656829531697
101954273	-3.05318181873321	1.24957035202544
100132057	-1.11592944092929	0.921230530109914
388685	1.83902642531144	1.97873189487415
25832	2.89391033304799	1.72899069670143
100996763	1.35452015713284	2.29495175969603
440672	-1.59791567767873	1.15141717157958
9659	5.08017219179096	0.713442396275244
400818	3.42660454575762	0.69757885880227
653513	-1.95147168119756	1.48291930848712
101060226	2.33531988639569	1.47750196993034
57234	1.59236728024915	2.19097069683231
440689	0.104104830240841	1.39850958105168
2209	-2.0099005630311	1.59680325354404
101927767	-1.88372441392901	1.84772163940432
653604	-1.97390353522237	1.40447226431798
105371405	-2.44595384869542	0.762491432613891
8337	-2.69061528748913	0.926654997822396
337873	-0.0134503637362855	0.804471461051992
723790	-2.63222777350583	1.1593338762068
554313	-2.67064477113945	1.55800938773651
8349	3.59883358820124	0.995224706913956
8338	0.999544576476078	1.47184878693764
317772	-1.93095795484362	0.975582488290319
51027	2.4745018274537	2.27795872363396
9900	-0.888137462884412	2.50320167906176
10262	6.46079445472043	0.295910955489285
10903	3.32242675978516	0.830077249271366
56957	6.16374435802716	0.2272071252047
11311	4.92685111859838	0.401088133447168
51177	1.7452202388108	2.26171329365428
81611	7.54053755301659	0.352645533969253
23632	-0.277455535237911	0.914353239706804
51107	7.69085055182805	0.394643560240568
79630	-1.62152775680941	0.934979262534624
148523	1.634465693244	1.92897171562538
54460	6.22793333907932	0.440905285832206
9129	5.80162456817461	0.361016534103462
23248	6.2434127207396	0.496477524511068
80222	5.0501981898535	0.78235635149941
1893	2.67916145327941	2.48504162753222
100874054	-2.40825313956861	0.977356505391198
54507	4.01520654536215	2.44245658016164
105371437	-1.95702891722416	1.58061489020132
574406	-1.90156064358524	0.671473125754417
4170	8.54507299520276	0.564939160040521
2029	8.07101739406946	0.414736311400456
55204	5.59917157605776	0.6806733440713
84072	-3.5279337805667	1.41014057993698
1520	1.72121909586314	3.59152571570322
1513	0.474719427126318	0.628897275324175
405	5.48934625761897	0.368612534868801
9869	5.20157658208915	0.233222049529265
29956	7.93652692989219	0.392813802477664
8416	3.94211014505882	1.52806503022884
55793	4.02311828379966	0.697515672657674
58497	4.7772017962638	0.311267279226097
149428	-0.950506571492574	0.711221393184631
54964	2.60225397227178	0.997829097441983
56882	6.54078242091437	0.466070522238772
10962	3.62177549921219	2.67723905655257
126626	2.69183559626736	0.380080497585539
10500	0.670344508517564	1.50781209991112
388695	3.57946993721572	0.862313963070253
79005	-1.13617639029862	0.482824369617848
29765	-1.72071134440477	0.658421584632926
6944	5.7142782327832	0.276124615304771
8394	7.0786223062009	0.420271945435816
5710	7.74787605286066	0.310592102448283
57592	5.74881403911811	0.311224572466639
5298	6.31140364207447	0.272650940899596
5993	6.11965115754668	0.338843908259607
8991	-0.537446754988094	3.11280371190429
5692	7.98779613252324	0.315247931890672
23126	6.1404769725165	0.387277377200645
57530	6.7097681236559	1.65667287092096
7286	5.73209912768392	0.763994608403996
81609	5.65178234625203	0.56102740818952
11189	-1.45028196939624	3.67249037035421
284485	-3.17501871346073	1.69256902681592
65005	5.58273334490235	0.396210689621774
51686	0.572400396224041	0.805770546629786
11022	4.03748794898126	0.653637871845019
6097	-2.13967675824745	2.38334644268842
100191040	-0.737985226426641	1.0905145553286
100132111	-2.04338528027284	1.0479729247465
284486	-2.07560530602262	1.16702593641736
117145	4.54070266874708	0.782059751424083
6281	8.98619562173838	0.984105004379584
441908	-3.41273291811915	1.13741524620699
6282	9.00891512397362	1.46634503554346
7062	-1.77911986229495	2.47189024710111
126638	-3.47751514814043	1.06985472252703
388697	-2.28994196091581	2.03573713417721
2312	-1.0173583692408	3.61376396889095
339400	-2.56934694613038	2.38126758384905
49860	-3.58136469548854	1.57090679558212
54544	-2.09430184481426	3.3034778928669
353145	-3.50929686693563	1.34206188556442
3713	-0.333324905523688	3.64035628154522
6698	-0.685553529621168	2.87039545447436
6707	-0.144869204054948	4.29573832198999
6699	0.0472058062298104	4.4247634980495
6703	-2.16008402080217	2.18037552120753
6700	-2.94572185353719	1.53321218650859
574414	-3.17755071103645	1.40240456941393
114771	-3.62203857887925	1.00069285460832
57115	-3.35925314251266	1.68962996118915
6280	1.1938716093922	4.99861183079351
6283	-3.2876997401523	1.67332017609655
6279	-2.2928914996872	3.35193600683429
6278	-3.53872063954711	1.0516625309295
6277	10.5934551478963	0.716481088810991
6276	1.31128468073252	1.3181619869667
6275	8.48244956991769	2.09738877817431
101928034	0.242830978807068	1.33476458973094
6274	0.665321892853425	1.78247750190094
6273	4.96166666060598	2.99886788906214
140576	7.67967246696851	1.63308902305693
57402	4.48594055108527	4.43271707098201
6284	6.02601274002791	0.622620763596545
6271	-0.415353557022918	1.14773301460532
26097	6.48526100312054	0.244001388870861
23557	5.27240891905964	0.496665323605038
3608	8.10569243240506	0.419916247905348
4881	-1.09504575373308	2.48167001766457
65123	1.65786330704038	1.49881651313941
11000	-2.86606637218904	1.11090692613085
57459	1.95865381382441	0.485310911069924
9909	5.67468359354997	0.563195768314082
200186	5.56094019873501	0.247239528003081
27173	7.77301835261813	0.628170171120037
148327	3.3128830745777	0.79193419605288
10899	7.07627918430557	0.545324044436647
5872	6.62718999893803	0.659329625190823
6232	10.1509468353197	0.341441853292376
91181	-2.90447329982466	0.837675134530663
7170	9.16137813749286	0.372838171533329
25912	8.02091393241986	0.526395893728705
9898	7.7768099167356	0.256995617285321
10456	6.69923871970613	0.538600808059546
89872	-3.75623928611211	1.1716882309505
57198	2.10875241019393	2.87002608081957
3570	3.08209300604726	2.40309049100103
55585	6.72313893542756	0.536807931841861
1141	-0.530352013335786	3.69551455223287
103	8.79200579704309	0.412542540867674
3782	-3.20604784112327	1.24483695560956
10654	5.48270263277301	0.513454197114055
57326	5.6864654203334	0.882948063355532
90780	5.97740256139033	0.207408489698084
101928120	-0.0338854162636813	0.893243941058721
6464	7.70033464794107	0.882312110241789
1163	7.16453141696291	0.518697525774044
100423020	-1.48133627296988	0.602632561522726
80308	5.45798539241799	0.551872504429387
51043	6.14377658667963	0.682330431294167
127579	-1.93999952676573	1.09085154295042
149095	-2.81835586312318	0.904154364570314
100505666	-0.297289034100904	0.444731300714335
8751	6.2004740855423	0.797291092172524
1945	2.37626816929938	1.379656846533
1944	2.05359684372774	1.37408016410284
1942	3.79977932109045	1.030148969958
55974	6.40487550721633	0.546996949764198
54344	5.58410279054825	0.705450106160827
200185	6.30536524428408	0.436949392108841
80128	0.544082646361585	2.21176848344025
4582	6.02262085769895	2.38059647878669
693235	-2.72123666266138	1.08852878960519
7059	3.80159370267276	1.10214230284673
4580	4.31152282105372	0.381384303964585
2630	-0.352988883555048	0.753357649775004
2629	0.138992229704458	1.76614311203371
2224	7.15305904795508	0.484481115101022
284618	-1.42496902123925	0.716932936613219
23623	5.7609372600657	0.396750410971381
55870	6.44004168604081	0.604224474817733
645676	1.87096700532655	0.704202038767759
55154	4.14988118391177	0.727617240036809
55249	6.38152645221122	0.287532608195348
7818	6.40337061679682	0.554573547315689
100129405	1.39425736175384	0.712928827564045
54856	5.708950676959	0.292378235652674
23208	1.3535073254869	3.20964333541759
6016	4.6251113127501	0.538562243471262
22889	5.12005607398954	0.552087875291596
339403	-1.84484987423717	2.13531192554936
9181	6.41354335458939	0.604417581469987
105371729	-2.71815424229097	0.700215745034188
6746	7.60351358177485	0.554445706146244
56893	6.63697309161257	0.495445238371921
28956	5.2776968053563	0.533072769179591
57111	4.33677611809695	4.36081355708407
92312	3.07741546094547	2.01033317854138
4000	9.25047298042184	0.365293123487812
64218	-0.86370863527735	2.43120480425722
9673	5.69511132376443	0.383460334568157
11243	3.8409759998608	0.470377282683138
79957	1.39897173966819	1.43514488095848
23381	7.25317960259737	0.496149933160925
84283	3.48005002178317	0.519269904061781
112770	4.88614324590326	0.82440109192297
7203	8.97208981211183	0.568426487193336
128229	0.0425948768659523	1.00405541155745
57127	-2.78247075815057	1.10980705437835
10485	-1.69188826275816	2.2311530431816
4209	6.1160885541629	0.741668147939736
128239	5.84009965372512	0.64669821160202
128240	7.23160170226769	0.830543387712959
54865	6.2100470339859	0.743471074159101
63827	2.88237968825924	2.52351032411006
10763	2.83295008920736	2.75029916143671
1382	4.42209651357859	3.48293005502454
81875	6.01734854705146	0.46292930972427
51093	4.75152099284199	0.377537303592228
79590	6.20739131097419	0.541737306412872
3068	9.78594137705125	0.530221369865268
5546	6.25288157743585	0.512102678384135
9047	0.475513396480777	2.43008425209326
4914	-3.38950579978063	0.90074529862706
375033	1.58293097197853	2.15233600009711
149499	-2.58685327129489	1.31697899043777
9826	5.89422935961118	0.386335017493889
2117	5.62270750810716	0.431502196943427
55243	4.59602080075841	3.3021240945616
3428	2.53537588170239	4.36586033752352
54935	3.38512273117315	2.17179855948519
284677	-2.4088859302093	0.866792856859811
391123	-3.12188421526346	1.09303299924563
25790	0.567710250284909	1.61657799044358
8407	8.37216363153856	1.2856923325941
57549	1.5061953403361	2.43192757435975
100505633	-0.878444243316456	3.24111751174412
93183	4.75685850912911	0.550606758586607
3765	-3.44397594960429	1.0716209869981
93185	5.09251115161032	1.09253842083651
477	-3.13563645144848	1.45966132216612
729867	-1.66277432714421	0.909700926068598
8682	7.12643484834645	1.05402021421884
50717	6.75218136110666	0.412880909612204
5824	6.2259514965519	0.375398918092473
4807	-1.7664163922915	0.886961998923929
1314	8.15317320805078	0.322625099599449
474338	-1.70861584361978	0.653580050018756
23385	6.92960599819468	0.354081540602482
57216	0.331960396498877	3.05981616870974
114836	-3.80763909754115	0.928943287648123
57823	-1.26559438111713	2.79407155837885
4063	-2.54976677424346	2.17885520156709
51744	-3.60352442721992	1.17008506809318
55600	-2.65250779104503	2.50299469085867
142683	-3.04163331440361	2.02374318540536
50848	8.05741240736549	1.13908742125809
100131187	3.56613677535357	2.23635442705029
7391	5.72078929552142	0.285975053286431
257106	0.161634737593299	1.2770518717855
81607	1.69056535820624	4.29070586090808
126823	0.93969198919437	1.06581264525889
5202	6.57283380423316	0.689836744760065
4817	4.76908846014941	0.365152167669086
9191	5.01424273727402	0.456409757341498
51506	6.4693088428187	0.638000814793089
27005	5.13204020863619	0.249918842903574
5498	2.99215154915808	0.581533029977692
8703	5.8291462000677	0.604641353736117
9507	-2.5846392247041	2.17137734866234
4720	6.94810638326549	0.415767455962568
2207	-2.61651217221611	0.868176487149243
336	-3.41254823118564	1.97963491100223
84134	3.85500891152715	0.622909545424348
9970	-1.12067370777928	1.21797237110384
654790	-3.3789889688286	1.4530724977775
4359	-1.49662401749325	2.36016468462336
6391	6.86357949118592	0.356469822701173
257177	3.04635124392126	0.551544039848338
2212	-3.22322015295827	1.05813191631499
3310	0.638783037053175	2.44542114867254
3311	-3.11761701311027	1.11885136012649
127943	-0.381620207689319	1.68984640417414
11266	4.34706797040878	0.916164642396301
22926	6.20607350191582	0.529007308812415
25903	-1.84028273115473	1.9616387867713
9722	2.17712047728393	1.65354056475424
400793	3.45952488964172	1.61907638006654
117157	-2.26398415523478	2.00376642125399
127933	7.6713697703958	0.560181832302964
6675	6.24362979981023	0.758011328762238
4921	0.775577426189939	2.63630862335162
51478	4.23917088502896	0.537363218467399
339512	-1.62531613585628	3.37958861528695
5999	0.2605525869625	4.23998040484453
8490	2.12424684229002	2.66710568199522
101928404	-3.86475315006227	1.01214801892638
83540	5.31331125723764	0.771410576698196
5087	4.55418169922213	2.74155626418495
4259	5.81835399239397	0.624698680338893
223	5.75593767482974	0.574386623260989
54499	7.11117197300614	0.213795129862282
100147773	-0.840032990587083	0.92521260003176
7371	6.62609704268345	0.445198421048057
149297	-2.35250317607231	1.43247883073595
57645	6.17146435805014	0.41688587460232
117143	3.78218374966532	0.287367093844816
387597	-2.88619841883032	1.68740285161141
5451	5.32865367873726	0.471001169712815
919	-2.66964014966674	1.56123266891114
8804	5.87951219426484	0.849058835945217
92241	-2.54121771909408	1.9106580410651
9019	6.84357773699669	0.349295134186408
55811	-2.57903550417449	0.718965363877581
25874	6.1352481106526	0.357193852622564
55827	6.3497166045192	0.463632308322258
23432	2.36299967666747	2.11494818040777
261726	6.06524595835967	0.336497866882508
375035	3.17352381856681	0.372274721608963
84832	3.30999644245401	0.339063062088233
9095	0.0447460687063379	1.01613803250066
6375	-3.74140623828406	1.11092110783506
101928596	2.9490172062942	1.39879333982843
481	6.35754000080378	1.09989258804862
29922	4.09079456644143	0.5677157938606
8548	4.7920945043146	0.582654366313503
57821	-0.968509966740067	1.27237252189968
10560	4.48460802974665	0.996248635209626
2153	-0.181233278585316	4.58601465738244
6403	-3.1572712896851	2.25437701465419
6402	-0.506121624516132	2.8128596866912
92342	2.99348080420808	0.473526896947634
55732	4.52805303770804	0.440781344393845
57147	3.49622770139529	0.451952537210606
22920	4.43592641353232	0.769870841548528
149281	-3.00615756271911	2.0473105973723
92344	3.00919657044543	0.355841766910644
2328	-3.44679602394509	2.23228962099224
2327	-3.37865665262711	1.7234825297156
2329	-0.725911788089886	2.05199923342273
23215	8.27492031857351	0.382155172571977
8674	3.7160850005804	0.526640838937279
51603	5.80388705342434	0.295236993082
26052	0.0157526068648655	1.61808709260182
102724541	-2.56443751861017	1.08675103748994
92346	-2.69563306890336	1.9181444197202
5279	4.70477405090828	0.551395662230335
51430	6.90360848385391	0.84132100381269
356	-3.28587029385111	2.43613020733053
8995	-1.29227832273927	2.19059369324494
7292	-1.09771086514637	1.1627192127477
100506023	-0.0287091978956299	0.557961247703926
101928673	-0.721726994998551	0.811642456814939
9588	7.86705276432372	0.493490225807597
284525	-3.73747123944026	1.09504899032448
27252	4.32176561164189	0.267840247512799
91687	4.37862436687011	0.345099503635115
55157	5.94362637580781	0.391164901350684
100506046	-1.68911720107346	0.929104986529548
60674	6.83430889013505	0.781824119441627
26802	-1.58655352903337	0.88821241664946
26774	0.582395630843122	0.902927001952232
26770	-2.06294238170964	0.864648389640108
692198	-1.30317683584044	0.778783570656694
26806	-0.794482146215372	0.882686863774899
692197	-2.81634761509168	0.932704032666197
692196	-0.201550423184297	0.902687774886683
619498	0.674447404146657	1.47102212375042
84614	1.59442617512061	0.483498105183734
149041	4.85807858281454	0.260192773378809
102724601	-2.3515827497836	1.19946186184467
9910	5.53900106314063	1.07545439988377
27101	7.39295946345905	0.450170976378233
63931	4.94091684435567	0.430462633571616
9674	2.70706449679725	2.97488410089792
7143	-2.74745409718875	3.22653545267936
64326	5.64811510336498	0.461563557642732
60676	-1.56635039000325	2.35043297814522
57795	-3.15934337146985	2.01368431967
89866	0.382672503586081	1.9928221554407
730102	2.02790140338604	1.36903305127332
100302401	0.544155752974499	1.15056058761744
9462	5.54308302772574	0.747202083992521
105373472	-2.27730993543656	1.3532566250191
400798	-0.485633025003317	1.6893941547308
55103	4.85665816797632	2.87771221490203
9917	6.75821710485483	0.542417415779952
64222	5.95672182164641	0.561778857954414
27	5.88289667952777	0.709628616717178
6646	6.48965341822162	0.430916941948585
126859	-2.50070608791482	0.781422432105013
163589	-1.86739715487961	3.00167054783389
148753	-2.87533216788144	2.89064084795836
163590	6.21572316218686	0.262036697833606
26092	6.56068798418484	0.346112486097417
9857	6.3865990643939	0.317363958860971
5768	8.07963409118432	0.948903390220674
200058	5.4858679740805	1.89835507150244
89884	-1.02011159506182	0.896224881178116
100527964	-0.203724394383283	0.640527188649958
84320	5.38303027615109	0.42825653658655
9213	5.94877347439497	0.833322806449858
57710	-0.982935987110786	0.811224476827319
10228	5.92605801034647	0.383937206890764
3140	4.09618487244012	1.35219038845675
51278	5.7661837789004	1.14505857033567
2752	6.07990159342461	3.84833110001413
6041	2.19654925270345	2.36668422266928
6004	0.046488517441411	2.82758598156972
80896	0.958002715591095	1.36462487008015
1660	8.17813964809476	0.263102010277271
3915	8.40062840595404	0.604736332111837
3918	7.10792305155003	3.50766473797171
23057	1.32797769696174	2.94540119305113
284649	0.745665445797266	0.676082778865102
9887	7.26655139837687	0.385372316668152
4688	2.10634041044228	3.2951343183922
10092	7.6580236702751	0.497257560203251
23179	1.73084430857295	1.41893920595156
23127	-0.0392615431399597	2.11089612925469
116461	4.99952773369056	0.80570489050896
81563	1.07605016075123	1.77481954023429
80267	5.93642259219963	0.971125647233288
116496	3.63114169896691	2.1812580293356
6045	4.77381084643624	0.404135082936093
81627	5.27333531153277	0.40390724135855
54823	2.33256234040474	0.680171474873173
10625	6.00169276347233	0.757588388248636
83872	-2.38845283625739	1.62799830102254
7175	7.89916461965265	0.319995277972291
54953	5.13683847654829	0.437276842434021
10896	-1.99228690600316	0.621090470345848
5743	1.77951787300943	3.47332505123797
103752588	-3.27240109251301	1.09803728575023
5321	0.552239244592709	2.69521153108204
339479	-2.50260161391601	3.4850141822906
101929120	-3.04868524301137	2.0013068689214
100616345	0.695162846711277	0.395388715654062
5997	3.96394790615542	1.7994241944285
51377	6.38338042461621	0.685355398881211
6738	5.09465827937428	0.54417982712276
51022	4.13724363717738	0.495764805766833
79577	6.42008445306553	0.338592427219681
8707	-0.919655610675909	3.88196125720969
343450	-2.9747689315291	1.33530035747565
3075	0.637668780718009	3.77648569592386
10878	-2.72616657406871	2.51437223399762
259266	7.03634549320414	0.533713764497367
360023	5.27753095490904	0.363428512289407
23418	-3.11897999065091	0.903610849808698
163486	3.17395730155928	2.63361493944909
388722	0.933206161755686	0.915872994378851
56956	-2.21242262299657	2.34639956861824
140609	5.96533983525656	0.876862943476382
100131234	-3.22389003215516	1.25271701970748
2494	0.917849432165607	2.77911794548023
23528	5.70363801236821	0.560156351827886
9928	5.95704785643981	0.381373366293819
83479	4.12880418806326	0.492081401433478
101929224	-2.61147196757367	1.47996517588787
23271	6.64468016244242	0.445677625936705
55765	3.67031165858644	3.29547118721194
23046	0.990836450295693	3.1501134332759
647219	-2.32441618883588	1.54162939091638
252839	6.07565776195125	0.659997951517807
91156	-1.26262366952569	2.0856097641452
5317	-1.82791965498373	2.25983211435198
7139	-2.49837879578074	1.62284777614755
3898	4.32480137620352	4.22748062149244
7135	-0.630307157508981	2.51899240913361
23612	3.34018162380297	3.90645221389787
1465	5.9396795022257	1.19918524305861
376693	-1.43403804288439	1.54329267501001
89796	4.83483661047718	1.14258105455139
100873949	-2.40793397128959	0.810105174618794
55705	7.23020397826291	0.301955775170168
149345	3.08574681036103	1.25807431310288
25802	-2.00610959238653	1.23757026088049
10440	6.386962470564	0.676273884227515
6051	6.86954366004924	0.36251799006272
1999	7.26893591796013	1.73540191284381
9283	-0.913922729437991	1.37694691453281
127829	5.18212789805044	0.460794830498642
59352	0.290267448484758	3.27828410305855
29089	5.51534963533238	0.922420523443969
4660	4.34648967594103	0.820816603340977
127833	-1.57275332902687	0.696287817749042
10765	6.70949240125249	0.863354592989924
100506696	0.02762859608384	1.65760978325044
148709	-0.744954092519421	1.12839160064938
5877	4.28176876380016	0.37978000850683
59349	5.73964064540068	0.423425949253961
51094	6.90971072477502	0.416456393833408
51706	5.23339084426414	0.582257975620378
100506747	-2.33307068713291	0.937985773781143
92703	6.35423113100611	0.3151130187336
8497	-1.67943258593811	1.65247789109729
134	-0.236563048298656	3.1839987259272
4608	-3.28548735450665	2.20721874772513
100506775	-3.54457276326026	1.58244655029597
730227	-2.89458770528657	1.38004495313789
7832	4.34028655841962	2.86417630894541
2331	-2.9584858213874	1.92003994732388
493	6.57818715560755	1.32400919855347
84719	-2.71536764520652	1.27721480434596
9877	7.37834138445184	0.211156499573673
100381270	4.324301754094	0.530784911897656
6635	6.54303374922275	0.271169295145673
9580	5.48422396437268	0.994215835302195
55224	2.26030891711545	1.87659903745998
5972	-1.45706626539398	1.90033839977842
3814	-0.210129634597935	2.34331506573079
127845	0.850805839553425	3.89589028061606
22874	4.64992789869316	2.77992431983556
127841	-2.70844816604716	1.13760092099169
84919	7.15405887651049	0.479801942852447
5287	5.86343819389763	0.91979997080875
100189122	-2.50145408936917	0.729282203085215
4194	4.13506602507336	0.500109100476889
10446	-1.29181114821441	2.24863289301624
23114	0.515538334657749	3.69012414890592
388730	1.11713590451632	0.575517517687513
5929	5.64575731218074	0.26193559753774
25778	4.7273113008291	0.635312123443987
9911	0.136333476909088	1.39824956615158
81788	2.3721583353182	1.72395863713928
93273	-0.709865390926368	2.55872739062323
101669762	0.0542822326117566	2.73207774839842
105371697	-1.77148224093906	1.61853182255566
5129	3.07949944510958	1.67342166962609
148808	-0.889492565020039	0.561555608185013
2005	6.19118487954933	0.184426384327217
85414	5.03438261531317	1.65851811771727
64710	9.28010561201849	0.379005590238718
8934	5.08869894454595	0.853186061105666
254428	5.16626064243425	1.16579014491525
284581	0.11383852037775	2.01212834772015
115019	-0.609873168727406	4.3191354520957
103021296	-2.86390426831729	1.6973358124193
338382	-1.08636857242728	2.46671196022215
1510	0.71448983411621	4.79265595263077
440712	-3.68387455487046	1.13698850276038
729533	2.6967881452762	0.470963354521471
23380	5.7241136745514	0.358702198533004
9641	3.2330807416831	1.45262837582423
83593	2.64725165472903	2.30472142069177
1939	5.24040446416984	0.321735210245338
8444	2.49307788462548	1.27152832517603
9261	6.52139634876958	0.493407677274503
9214	-1.53835266011783	1.89286529082223
5284	-2.02489953411009	2.13219723509871
79098	4.49577079005693	4.44671833830238
5208	5.70619131036753	0.770237213005332
55432	5.54067159644198	0.610676110614572
725	-1.27529875887979	3.20984000274876
722	-3.12600834588291	1.68397275511299
1604	5.3721488120498	1.85136273616985
1380	-2.91622204601885	1.1989792459839
4179	7.80199868232078	0.711271821900136
947	-3.49664197790088	1.28290856321157
105372883	-2.61645458580489	1.25606580169636
5362	3.6650697272535	2.84964592601085
642587	-1.79902749673118	3.3549212060645
406988	-3.81511426914823	1.02775315620935
57172	-2.22389993300293	1.20896903990585
3914	6.62304232720478	3.86031256388895
50486	1.04857767289386	3.30978471270578
3290	-2.45332438512037	2.00257284059484
80342	0.911750676875112	0.465615131970454
148304	2.50019596134522	0.28302623341328
3664	4.36472236563912	3.31615931008348
27042	5.09048480600095	0.427710791833459
255928	-2.27524807446825	1.9390488189668
574036	-1.80967580496186	2.288185603006
56256	0.130995870776223	3.44906297235867
55733	1.69247613673417	0.928446442533995
55758	4.9205509049986	0.349217234776954
7188	2.55347200248714	1.49573773308515
84791	2.50787189631412	0.861190486773573
7779	3.98021577983261	0.716506951867029
4751	5.92018690608832	0.580394884472403
9926	6.70903798598178	0.782594824820797
25896	5.73243461512738	0.403190915445495
51514	5.90121357447479	0.576903123238691
100131205	2.99883287339474	0.523890298646209
101929541	-1.69330713402861	2.05224511489812
5525	6.18019487163282	0.454297052402314
55248	3.59835178927785	0.516394393556339
29937	5.20535493488288	0.502541132606244
467	5.41322356845357	2.05302718101983
55509	-0.62032164150773	1.81451455169277
25936	4.80785589637807	0.366934246100253
128387	3.38586250621233	0.795502058228803
642946	2.45185613868141	0.642623258828012
28982	5.27999887031896	0.877810429795006
79805	-0.0167502895476825	1.68223369854105
90806	5.10211279680819	0.394030224793997
26750	5.34954464083801	0.463764850906465
100505832	-1.82305773228033	2.74455058417009
5629	0.35858142158205	3.83567526860172
56950	4.89047570492248	0.561927644274958
5784	7.04857378846324	1.24493686108585
1063	8.09721278563912	0.556464488467452
3776	-2.7715783790702	2.14753804587755
51133	6.33470912797114	0.685277992224969
2104	-1.80372222317913	2.45793758631106
55105	4.27938642192538	0.381153689343481
128153	-0.294490285850832	1.31161862939131
51018	5.20641037408596	0.3951771728991
728463	-2.95841336100591	1.02225464160041
7042	2.58020137283722	3.08040919396878
643723	-3.19615937404194	0.969772317908522
127018	4.46426628324476	0.650035490961667
2058	8.31345585199879	0.646589071846305
10380	5.49954883007532	0.385325532958863
55699	7.80941090708095	0.441464714388775
25782	6.40002799140141	0.48942056002413
6791	-0.357379149988739	0.744808903575806
4139	-0.109360646489437	3.29179967094818
79762	3.30561946211344	0.785142110323387
54996	3.4058308281541	0.60615948073081
64757	3.37089455713002	1.67046274102473
3142	-2.16653031560258	1.19338224593933
11221	3.15275978786319	2.98404565890061
101929771	-3.34184136414581	1.25960164267707
79802	-1.66697233134195	2.82887466259962
9015	4.1314375228404	1.12713175849684
100506161	0.350756279112195	1.66020619186089
375056	6.87871389528878	1.37098726314398
64853	5.86628123207359	0.377395598880838
148362	6.36560080405314	0.472929031817154
400823	-3.14947876870945	1.91782567353026
84976	2.68546808313304	0.803326740511668
7100	-0.600854776997082	1.45529742753228
55061	-0.579937290632622	2.03574533138214
388743	1.99579671477506	2.94652403173798
824	8.75694553421955	0.480346911715143
7159	6.17845077582269	0.632214155122717
105369195	2.13683075174635	0.57013364619203
441124	0.0912296789263633	0.681480693886875
23219	6.4350665714937	0.344244661006676
8560	5.57626562788379	0.819809874191083
4931	4.78426837202589	0.51130718020232
29097	5.78539943522974	0.517343239679745
80232	7.35137969603512	0.492271957061736
149111	1.56693172433406	1.52979797128799
127602	2.83393607198058	2.92220505276199
3930	6.946243505101	0.727754743348757
55740	7.31917046047875	1.18375242508483
6726	7.93143527617736	0.433223469949144
2052	6.2022864252643	0.854349019125071
9725	5.63996311541658	0.817367729803035
29920	6.37188283862654	0.420864856098952
7044	-3.62764466625493	1.4921646205182
163859	5.49386476412437	0.562407679245003
3020	7.78441173349627	0.489271816211571
64746	6.19673791955199	0.573575506785597
83881	-3.66722367113057	1.30026083224014
286826	4.2419243400353	0.481477705098731
142	8.05039508189232	0.627409549616882
3707	2.12492328429091	2.2330136933346
5664	4.10828284807441	0.423712179555004
56997	3.91028405045441	1.44779308103765
105379282	-3.05267467710611	1.09876196591013
8476	6.98791076854621	0.569776303077065
339500	3.58781439290448	0.692893542698007
100130093	-0.0672659931309489	0.783447329360826
65094	2.91110679494491	0.533861908210694
116841	5.08268486127417	0.363919211914181
105373289	-2.38999698050715	1.49732357845332
7483	2.63812854909782	2.10364037880214
89780	-2.69838938289601	1.34147132520128
375	8.68102332890641	0.457237708627686
79169	4.86495382247388	0.458609089785497
128308	4.51116386440439	0.479631294471545
2987	6.87763336356215	0.465095602130033
57165	0.688410573248333	1.33070616662669
574432	-2.22589664580738	0.935510227606298
200205	3.64100106116368	0.511447285432549
574407	-1.62383233718845	1.41992369596976
84033	2.90535684396106	1.56169473103293
101927401	-3.21309944647711	1.20317985964982
81559	5.4165864847765	0.461149897839146
51127	-1.05062403022002	0.969941296814941
92815	3.70665326479697	1.26424952500041
128312	-0.400362383582184	0.98612742901925
149603	6.52009299981082	0.782892148863916
100129094	-2.74726243231708	1.14274805474931
58480	3.17730469265413	2.9786510308561
574029	-1.97481157040728	1.23379079955376
105373132	-0.586590780434285	1.31581372408449
5867	4.70787412364124	1.09239495749955
126731	4.7989454657335	0.894323411302828
55746	6.1594288843817	0.329674105651722
23456	4.6794647720549	0.798476741330193
27097	4.94175948377135	0.445702486562806
9816	5.19615438241871	0.544353306677141
2590	8.39310332360482	0.640993851156625
79605	-0.342189334572301	3.03940324692408
22796	4.91644124417493	0.522219455322256
183	-2.69303447733039	2.28422757232838
10753	-1.50566812896876	3.38079512529546
84886	5.44177253745288	0.558029955715064
101927604	-2.54463739395057	0.965740210329902
79573	4.43631371501228	0.667537627307619
64801	4.58159538573986	0.321829577065172
375061	2.11389874016751	2.0804096817499
440730	-1.74483267357127	2.84692955474733
128061	4.21042981291469	0.467528255473863
8443	5.82933749339818	0.462957654166835
149371	4.75991489971678	0.382333390793516
83932	4.48493696742056	0.205677114406392
54583	5.8443796092973	0.494767640034824
7257	5.0188398865945	0.407872557102592
27185	-2.85885595573865	1.24843596675976
57568	1.67668506690262	2.00596281236519
54627	1.00863089100116	2.40168893481999
84284	4.75587267441656	0.384939549256699
80003	3.69035325839624	1.24598088715181
84451	3.7312331695811	1.57816219096217
3775	3.86238588986134	4.08408919634184
148641	1.49934084784251	2.4718028144668
101927765	-0.319133975607904	1.22081902845276
388753	4.98665963717929	0.28123160727555
6894	4.92450900346963	0.721784068657458
359948	7.05634208595746	0.912322264773759
100302691	-2.85338249145629	1.08575634538046
101927787	-2.24205595358558	2.04658339530051
100506810	-1.8199111677003	1.92337424694097
101927851	-1.25299558565217	1.60488462609472
731656	-1.09972217806143	0.935325068227462
9804	7.84074776748185	0.432712841511698
677802	-1.96549981861332	0.714849750028753
23029	5.95964650473167	0.422144660102695
51742	6.05317635854377	0.429960917513167
9453	5.58077302464503	0.418030343965507
6905	4.80382976873937	0.785054262496009
148789	5.71609860743376	0.360820405271265
2786	4.19372986346776	2.42795704512777
1130	5.44556757376255	1.27983835801501
4811	3.80200951354034	3.51210705867141
7107	3.352938115267	0.944874656285538
56605	3.89936662976315	1.71644570154281
128178	0.91017184781312	3.81744475029661
3964	6.0419740115365	0.750881617114522
100287902	-1.55828309771386	1.31231212949615
55127	6.82879952309181	0.576595126703061
88	-2.65179568344529	1.63876622016942
4548	5.70973474420324	0.40808159924294
6262	0.483077871508552	3.15382008401959
339535	-3.00861434765687	1.99395168062872
1131	-2.12462254056078	2.41423143138592
56776	-2.79202660925771	1.87112187446294
64388	-3.1187625158687	1.311466016997
6000	-0.820952327869148	2.96970515588972
2271	6.26803778121617	0.455155330065998
8564	-1.03977934998064	2.25836164744724
23596	3.43430654099251	1.60164776863259
1122	4.58388325482562	0.944403722891489
9156	5.23442306600012	0.672588483402973
440738	-3.21933693918174	1.11384460917486
200150	-2.9251754842179	2.24282234679512
9859	2.41394399138569	0.902446135189184
10806	1.04968401135892	1.17970058265148
10000	0.0126957396859313	2.14267354956518
10472	5.35051013442624	0.539792417023974
159	6.77516417310623	0.447432663376987
257044	-1.54557665389664	0.787870515860545
51029	6.60831321523178	0.412383566138057
116228	1.58806468226683	0.771008244439886
284702	1.46811125425957	0.675612752604977
3192	9.77332728825195	0.314330865166412
101928068	-1.46558978971218	0.974501089157868
84288	2.97291469002981	0.652633051469154
55083	-2.21701653408556	2.12505024726331
64754	4.35018863131632	1.27728383540266
64216	4.7556097394194	0.515313027416868
163882	5.06007726207877	0.59517219773414
51097	5.91663541817029	0.650251704027675
100130097	-1.97405278193177	1.26454065215137
25909	7.19883851757891	0.41120753797252
57116	-0.617264236543073	2.54908411433399
93474	2.67201137096293	0.50050009910345
79862	2.65097495693308	0.568675866089839
388759	-2.22930631620365	1.28789690355939
7678	2.40436940262496	0.710515563346428
100500849	1.2697483843086	0.568094989234817
84838	5.30034686375895	0.866206652779031
114548	-2.56636251276525	1.43942940878508
80851	5.38977055855351	0.395108896582284
100422879	-1.7162032234164	0.779567453531341
79894	5.12803924571676	0.399310748775485
55657	3.99778131004291	0.300376624184176
267002	2.57529567705248	0.458270679339344
347688	-3.25536819995313	1.14211329021014
10771	6.36865068887921	0.451130079154358
22982	4.20091200449159	1.59523477836295
414235	-1.42957657430621	3.30836456638704
23185	6.99309846703425	0.469196566576497
105376341	-2.53805364961371	1.25166671728812
23560	6.70967922449162	0.565628837482326
91734	1.44204635730105	0.428743296345867
55853	-1.19416745124253	0.918977449269726
3422	5.63378148679972	0.632319528089524
22884	4.33789416483449	0.398637277758545
105	-2.78406257238592	1.91672802615423
101927824	-0.698762465761841	0.892899032952125
5214	7.74726342164682	0.597659823783626
10531	6.30888349160199	0.783915574117364
100507034	-0.390137158277039	0.58425959277367
105376501	-3.61127082250924	1.66629873995749
1316	7.61660845485424	0.759524661704861
100216001	-0.923435201974598	1.94288183710747
83592	1.95240204784715	2.54026761939093
389932	-3.59482333301544	1.17757577880402
1645	2.50943940689434	4.3228950226633
1646	2.47173560122742	4.9955554345644
8644	2.96230512642481	3.53387383115322
1109	-3.55771654126825	1.71629221254259
114131	-3.07540837705301	2.9336538538455
79861	-3.29372226161967	1.17528145917602
10276	7.06659301807867	1.03266597208572
51806	-3.43428753682943	1.36779131233116
100132159	-1.59457746571719	1.13460135589755
79754	4.61840014506964	0.683583465243758
54906	6.85445908330298	0.515163651324296
2665	7.56935974683942	0.396126155001109
54522	1.89889017930106	0.622386442143403
84893	5.89311768369925	0.512077373341089
3601	2.91219737076531	1.64658043192928
84991	5.96785928842882	0.428331170449408
5209	5.15422085792385	0.844506377099227
5588	-1.15287198653603	2.99094011402442
439949	-0.0645859413340194	1.83306785036319
100507127	-0.693796415325279	3.65813944402245
57713	0.809885918530587	3.12622304241259
3698	-3.11496975443536	0.993580613590769
22944	3.51231345005618	0.434625132115051
509	7.35721154606609	0.45819213914343
83860	4.8409215272625	0.352808555162926
2625	3.80807507476375	3.19565834331941
105376502	-1.15932676015616	1.70743263238728
399717	-1.40997516513144	2.53121817792769
207107	-0.999759665537368	3.79267405275568
10659	-2.89720985999493	1.14642030755899
9712	5.38341898156189	0.570713082569581
79746	-0.956803387236499	4.20800628693907
254427	3.48688341320558	3.65116542912887
219731	-2.44190518774677	1.76742921379987
26019	6.10190066442737	0.337266710560313
55526	5.44974726510571	0.774977925452167
55176	2.86106267583205	0.668387222065507
11164	5.91294786486792	0.372642723942462
8872	6.69848854926968	0.345002956836965
57118	2.51223955820609	2.60320823910361
83643	-1.57629149269716	2.08984685815988
10133	6.35280258802435	0.682347276733395
55388	5.00086234164914	0.660896812691819
5264	4.60591407835309	0.726576732806947
22929	6.35369071835492	0.32423759428372
222389	1.87612652655435	2.49227177177753
8559	3.93570208349295	0.360632573938709
55691	2.57131510512519	1.29897526137225
83641	5.46256263667089	1.36476239302586
441549	-0.310879120603497	1.20016704892565
51182	5.57558315569516	0.437616685783714
79723	4.54416944237701	0.303827121666071
64421	4.20000762775516	0.555307736456277
644890	-1.94142066338105	1.09923100392397
55301	-2.67510866043972	1.46720898387529
414149	2.56884429239342	1.72309724947068
10557	4.21419519255048	0.350562527510055
9397	4.06706570104661	1.19728007915538
221061	3.42716673648962	2.25980414335267
80013	4.13968539963111	0.973175352160778
9317	4.43027702203402	0.802897738241238
389941	-0.328694191274049	1.6354167712689
6251	5.52818984129093	0.685467139836503
8029	-0.387231156169378	4.05835167222375
1787	1.60728120801709	1.67250448213116
100507347	-1.52933545834688	1.65921220486671
7431	3.58283432184627	4.56655986715406
338596	-2.98594841485617	2.2005264202811
9200	3.73044346036996	0.975676022028402
102723166	-1.95635917151406	1.0057304688486
8027	5.06663290545563	0.47039155916249
653567	-1.85422530994534	0.863585947831873
4360	-1.78609763788454	2.21609476328626
783	-1.17155419716351	2.05935458565368
221078	3.1506393955279	0.877387178021056
221079	5.8932067177854	0.773924045837464
340895	-3.22348550294065	2.15131241317051
84898	-1.00690355181529	3.22771896853609
10529	4.06099176750504	1.34154863035216
100128511	-2.3195754815914	0.939613343612039
399726	3.15817694792227	1.53043069040407
100302129	-1.88153429266037	0.955441191751619
387640	0.75291639685854	1.73539382627422
8028	5.24349706056878	0.479383263929515
64215	5.21373206113157	0.894426273357197
100130992	-0.680545061820122	2.24985965208593
23412	2.69390628866763	1.00804275236068
648	3.20619477392977	1.21152224478882
100499489	0.785144317252068	1.37089496341276
5305	5.01519449263353	0.851820396165679
219681	-1.90660329299748	1.75400871107825
22921	3.96262464986677	0.984851241872045
256815	-2.11947540135386	2.04693008739845
220213	3.70221702731995	1.85097057130691
56243	4.53663260560682	1.5146499922486
57584	6.29666740764676	0.556010513910178
56952	3.02017123761065	2.19310186316446
219670	-1.51627869077587	1.07573667443752
79896	3.26165443153817	0.852495136728271
57512	-2.29636583462686	2.55675912423613
23590	2.96915586574547	0.806303805644676
10006	6.11834910374835	0.425685798782569
22852	3.8396584300675	0.595870100628774
10730	7.88574403948427	0.345352457793352
84930	5.14953021925534	0.518701159106991
91452	5.35472705514416	0.655554828430267
387646	0.362372910345058	1.80973771893446
22931	6.0115116324711	0.37221044432449
283078	-2.85372009391229	1.55311140759878
55130	-3.24890044903282	1.28868859883726
143098	3.09196713126466	2.15805443652805
220906	3.92914643558586	0.381922404615657
51322	7.25496170875991	0.341967092968729
25805	1.82442792923909	2.25522440781041
102724316	3.51870670853899	0.486015244145085
6840	6.76246111918552	0.724072846086943
57608	4.30689838521793	2.23061147027933
55149	4.8311661797279	0.367768746610865
1326	2.02554093937885	2.2452923617322
645954	-3.29018415907698	1.19264954435412
220929	1.73413099200035	0.453574583098649
220930	1.71492663207462	1.14647394100444
6935	2.81226819842077	2.07374856712249
94134	5.64371721461831	0.683568856456632
3799	8.33349030228189	0.471577162923188
80314	4.43604556630612	0.443072324176649
79741	1.18495998456228	0.564521708651294
3688	9.83997223864882	0.768291181388042
8829	5.88894882773978	1.6417646368154
56288	6.0797215233386	0.437318351044847
8453	5.82231145603867	0.380855263054453
1390	3.73034442202041	0.581096305610109
219771	6.23977153429653	0.423969188775537
8325	0.25765016462164	2.5021047884006
57209	3.04697769670289	0.589617392093378
219749	1.61760556380585	1.23208493547402
7581	4.49811039826017	0.288788656497962
7587	4.59806091164048	0.564685737566381
158160	-0.123002641805712	1.74969681237994
399744	0.768434836296696	1.99106081134322
441666	-1.0066169062635	3.47544105570986
414194	-3.49958193370462	1.97166644688142
84856	-2.99984722507847	2.64026402429297
100129482	2.99537665374007	0.492237172333166
7582	3.81691650778501	0.588903193805909
9790	6.82133799976954	0.50012825634754
5979	-0.0758597781971669	4.46578919565883
55454	4.42793850883959	0.932235277142888
221002	-0.441562431398896	3.0877705588327
53828	-3.19300653003657	1.22424945965096
3185	8.42397627109707	0.431763898864632
642819	0.0665076837075071	1.29176801715752
8187	2.07044826572904	1.06041560236093
220992	0.748839474069458	1.89043958892543
7580	2.35550903534294	1.81169227899216
414208	-2.2684197034506	1.26129251017889
10151	-2.46001315457674	0.7537007170712
6387	-2.51888703580602	2.17301576467242
83937	0.0630548776215662	1.98367435558862
11067	2.2051052212191	1.57885332425518
220979	-0.169774335420728	1.90787956952353
7570	2.69922476677488	2.8784537784501
220972	2.55390999230355	0.999366529257535
93550	2.79220733540151	1.19074432414438
253725	5.53036597583022	0.848316249420436
119016	1.77090231563882	0.371310080440226
728407	1.37717636590157	0.262314902256137
100287932	6.41860109460708	0.321788776237191
8031	7.20419018044313	0.47286344746201
4477	-3.1433796873555	1.86693601653316
653268	-1.65832154971408	1.37422708001349
105378577	-3.50139180253722	1.3150717181132
728113	0.129191649359722	4.1122195385136
643650	-1.24724116172595	2.39265062988757
728643	-1.90045304029405	2.1018910633138
5540	-2.23883355842799	1.62720299634988
9721	-0.464888244206183	2.58162666566097
83849	-1.5247264241248	1.96602697655072
414241	-0.756117149134908	0.634590614010616
399761	0.58723021662658	0.384046561819314
26095	1.24231139536242	3.27406368837398
5949	-2.26227356561074	1.72003680044959
118738	4.14885814673522	1.54525607109901
653145	1.51482718579004	3.94938699243251
642517	1.38534203611393	0.591315432850998
642826	0.700430732423454	0.554091165527085
439965	-2.44416334948086	1.12693747722557
102724593	-2.76064515384886	1.97705288705408
102724488	-0.781071329778687	2.30676599816296
100996758	-2.24643687509242	1.71689729540835
414224	-0.813180613263561	1.50238267480869
143162	-3.28552211482948	1.48216694503561
5599	5.40988678280784	0.505037899975791
58504	-1.29748554137318	1.35867090567061
170371	-3.51159085871522	1.35848684233555
2074	4.14836344115315	0.722765037576171
6572	-3.64904077098982	1.57102513621864
55753	0.646453201662095	2.85673074739394
8505	5.29360050091679	0.411760475445764
100652748	3.40015846110843	0.495769053308561
414189	2.35731906916638	0.453522903369568
100421577	-1.75222852369938	1.32162753430157
387680	5.67958262808902	0.735450483059397
56624	0.574009332449288	1.74219063940025
259230	4.50594784270052	0.655473644925336
104355295	0.0589174937868802	0.866193940656513
653308	2.67951465404651	1.00151034720895
29974	-2.15561793480964	3.6110395493816
5592	-0.85819727670904	2.40602645448794
23283	5.41563277578693	0.488405369184554
100506939	-1.69979250867623	1.53313135476966
22943	5.58065684318724	1.72860180611045
101928687	-1.77396059372557	2.35810696307419
65217	-2.54604135687947	1.34330174678399
11130	6.75114600122462	0.589604476802155
253430	4.37675286002599	0.820045475550329
55847	5.21061830299697	0.632064586587285
7321	4.44667912855954	0.502330434501007
7019	6.57029976481654	0.424566945442165
80114	-0.60432665208804	2.25721205890965
84457	-3.49140721761603	1.04816883097739
220965	-3.18852620191219	1.93214487055668
220963	0.472007456502034	2.95166319459594
8030	7.13222645202174	0.515203816863699
288	3.64101338005929	2.18854541959147
983	6.8930334520728	0.591978626291786
9886	0.498271819161374	2.51668857714236
219623	-3.4060783101409	2.09982874680744
219621	-3.63398195286688	1.71688575777125
84159	2.96637388335825	2.95323653296969
219790	3.97012709994979	2.9600729435261
22891	0.604290779960143	2.99545013832457
84890	5.33241165527362	0.447941090828818
1959	1.43300033897862	2.60411312246795
29982	4.58664771755509	0.414919843847917
221037	6.33129343543056	0.521072500537427
84989	0.439775839961276	0.794418076991643
221035	7.07520418525052	0.686188050818285
101928913	-1.65314398021675	2.21388828204729
29119	-3.14301668379192	1.0818720541656
56521	-0.813752908284847	3.57279359357289
23411	4.9793827655838	0.652753111417657
26091	6.60670220433017	0.545754117836202
84665	1.70273378828549	3.00925202981488
220202	-2.11446113351897	0.991172238977394
64081	2.3266890486595	1.11639255100672
3189	7.29044776307712	0.362741606458017
55680	3.94690394073336	0.7732913057389
1763	4.75192126467927	0.478063675935981
8034	3.4285873241002	0.611551465142014
80312	0.997902060846919	1.96763320452971
55749	7.17578678641213	0.234356981109654
100302273	-1.93587677248804	0.837678529236884
219736	0.627258819489248	1.97349914315818
79009	5.62942503387311	0.306045112114441
9188	8.51849048985074	0.747600743379801
26128	5.82016526247563	0.486444107154215
5552	0.658320404982358	3.43891425506259
9559	7.15729183182748	0.460335537005831
6832	5.3417211679759	0.464910165169998
101928994	-1.36701834592735	2.29900749307649
80201	2.67228785272895	2.36879563196496
3098	6.86232929494097	0.540302659698746
6865	-1.31560313992619	1.21802005519702
23555	6.29165398291259	1.14188542174317
219738	3.326352767341	0.869747419541012
1305	-0.683188635076961	2.07358334688212
55506	3.92357271524248	2.12857656725534
84883	5.95348976783422	0.941216410285881
219743	5.32086942839348	0.810707434322878
56681	7.35793203761018	0.715583065717604
5464	7.5360006380363	0.554345357729113
55222	4.12177087354712	1.12763775849011
1979	7.73304911283182	0.205270769643986
4838	-2.87880345931517	1.18118429381064
27143	0.0111031138344602	3.72911043387036
140766	-1.64415914152619	2.039983279626
8879	6.71994570949383	1.00033525685757
5092	6.19369414876494	0.675027091239532
219699	3.18930466327722	3.79706443776822
728978	-1.20892237704082	3.56064516122407
55315	3.80015350588288	1.05789438320985
64072	-0.622031216540348	2.2393041125643
414152	-3.12488135163133	1.14580322320869
64115	4.869712477665	2.43218360811652
5660	10.1951676272505	0.603754227128425
9469	4.31809193029336	2.3357923217382
9806	1.29295558677416	2.25288452988798
51008	5.54795621100918	0.644244698280088
119504	6.38303620151818	0.645477795162706
54541	7.81974302580348	1.1590902200892
54788	6.26279414021413	0.658816762056617
10367	6.15110541908097	0.397118536540606
90550	5.9483207161261	0.446268690151882
170392	-3.37767580458328	0.990088692655029
5033	6.09641197860409	0.439272704247792
25961	2.06612716257237	0.58751301254921
11319	5.59859878706047	0.442417104329412
317662	4.00467491609195	0.58727551976595
23234	6.18050293867053	0.580092857657551
414245	-0.0385024249450032	0.680681950263553
51021	7.18044533797058	0.439419613377019
118491	0.535373049248528	0.778538646334861
310	7.1650458159754	0.522069093116102
118490	-0.766455522795921	0.386938676784373
5532	5.38431927912602	0.409784903561029
159195	5.05351390648946	0.658536517002954
79933	-2.99208948122574	1.76561216868247
729092	1.00238996240379	0.62146544280468
729096	1.296771536826	0.610125253805437
2749	0.81295486512553	0.606074955937792
9632	7.43152078063348	0.514239362944638
170384	4.06681546348227	1.21529827737792
118487	5.38869336504734	0.343700342596348
23053	5.44815831212308	0.895739006650524
8509	4.53104159153483	0.60079661981821
818	5.84545541281837	0.713873949984709
5328	6.14181653716431	1.96068417306574
414236	-0.398429902488697	1.46784029200371
7414	7.96333707775963	1.04979581687872
26985	6.37524498645187	0.367473973218993
132	6.12686536267398	0.608165640424469
102723439	-2.13369599523177	0.82717977477351
23522	5.38291708807027	0.424049959252519
51207	-1.39012294998804	2.02167948336953
142891	5.87168657792653	0.450068950295199
7417	7.54009070572011	0.464267294955565
118881	4.02621694762396	0.975249872264231
84858	4.63157361570389	1.85019353973283
253264	-2.53994028450737	1.51083814038154
100131213	2.29198025201795	1.12103894268277
101929234	-1.63784710708539	1.0890016803065
83938	-1.40876682149154	2.54542557249428
3778	1.58935867629358	3.77910661147357
11128	5.68522094463871	0.514062791581427
6229	9.74698235425859	0.364340490194476
283050	-2.42384653909704	1.12311498791936
57178	5.56366777267067	1.10704248159407
10105	6.69349109709563	0.728570442348733
219654	2.62872685748111	2.1589706602176
143244	3.06300357430028	0.542717927055439
729238	-3.54665696719047	1.48634704993039
653509	-3.57988795563716	1.21961048431375
650623	1.84522611318399	0.916048660812363
101060691	2.98908840689929	0.536692627389787
729262	-1.18776878561559	0.922727982746444
642361	1.70908060105818	0.522694791525431
6441	-2.56829890333377	1.51680245809372
219347	-1.31692881369566	1.38825208819999
80195	3.74763361129575	0.484803225574586
219348	-1.95395238556183	0.947579906422023
311	8.24779020364132	0.618796513519233
439990	3.3174225047403	2.28994140042775
4143	-2.18016561868854	1.89238116909697
84293	5.90707322292601	1.02190189491803
81619	6.46314589057538	0.958450032590664
101929574	-1.56939650399155	1.36602927149248
102723703	-2.12994404291089	1.13879663315052
10718	-3.31624478679659	2.08827567037284
27069	8.35904268836985	0.363790919964054
5995	-3.57242223719693	1.77082141194926
170425	-3.75059965075271	1.33930096352037
54462	5.70458066977731	0.734652268245738
2894	0.621568568110997	3.2351966171074
23063	6.94536254443555	0.307916868781417
11155	-0.0989081635711581	0.929234570020055
657	5.40773012439886	0.466612384881393
79812	1.6487407297356	2.2638988778932
6623	3.83562068381989	3.27013531344534
10974	4.91811741754106	2.47478757079382
119385	-1.14675780025285	1.53020477134026
643161	-1.57175011590079	2.23521863947596
2746	7.52931885301487	0.573289931305874
54537	4.77361357057711	0.678534322658345
728118	-0.473922202393721	0.914141877643471
728190	3.38854059310658	0.490713145496739
439994	2.10836135094263	0.351413535029684
728130	-0.71418191981734	1.15319376250757
728218	-3.7475696819459	1.29253412357454
9562	4.87667554025231	0.678036938104983
9060	4.06148787041275	1.69710177049399
84896	6.36186052198284	0.531466665477304
142913	-1.28154943208027	0.602851234675394
100144748	0.816762703400242	0.871403100362897
5728	6.60428330733286	0.599813935767581
55328	1.96458285606377	2.35501543144308
142910	-1.27693878430612	1.42382204982822
643414	-2.01152060873733	2.20403582826639
118932	2.63399878088648	3.13158036732347
57559	4.06389342999545	1.41246185811475
59	-0.0653924460928465	0.868901468776141
355	3.30750886425587	1.13649956733122
9023	-2.40146491815239	1.95757361778767
3988	7.76915126069056	0.693341949484233
3433	5.84915981884205	2.1263798582753
3437	5.48493179324633	3.24946586642395
3434	6.24290201048623	2.01909375800052
24138	5.12251227717171	0.718253245688886
387700	-2.01402307444355	2.06627294590476
53354	4.40605578156121	0.348951723089829
283011	-0.511242280408034	0.987338953726851
9585	6.46041769130841	0.592682493737581
105378423	-1.18243325026084	0.492784173028923
643529	-2.37611747397567	2.23573224728776
3363	-0.481587849445273	2.03680402395571
10556	5.0254215655534	0.464229237994952
27063	2.22846383805298	3.14466905585386
84333	5.42614363441182	1.47763118175926
100188947	-3.34724166582034	1.2601713624598
143279	2.86278712463699	0.686351698248664
5507	0.146906628906407	2.86613819540688
100507633	-1.51058786957373	0.657342062903843
80351	6.95495731288795	0.37829035914611
143282	1.41029979927008	1.54259390979086
9044	6.11158892246862	0.353481497341623
22849	3.33633621353623	1.04281720650113
54708	6.1514174507583	0.514845408380455
100507674	-2.30796860546876	1.02403608206177
3416	6.42969154011843	0.409985206595248
3832	6.77337535828217	0.527183894153489
3087	2.78157797021131	1.18900835951854
54536	4.76324132965381	0.627042651754636
340665	-3.54493866121481	1.60635410968529
1592	-1.1913215811361	1.88137234500832
26509	9.18021303529657	1.39113193772282
55165	7.16995948649194	0.554167970877622
338557	1.6123669662569	3.27729030943214
5950	0.474380949591535	2.30706625040413
118924	4.77142117602119	0.586464737894368
159371	3.87942384723728	0.581389941062344
266971	0.277587139416177	0.474097968115319
51196	2.66674664802741	2.96533083595471
64318	5.30972030900133	0.648099816051961
23232	3.81177934657502	0.545845844338749
3070	5.41710007359306	0.484006899586502
1562	-2.67533283879697	1.72758410872569
1559	-3.64753678583666	1.3385118157602
1558	-3.53929947461952	1.40222787116852
142827	-3.20581572152734	1.12560222324542
9124	6.63865983017324	1.99545764992001
10580	2.80404210226791	2.6238809780608
5832	6.50309467122079	0.468800554753517
26123	5.55593970419921	0.450378930156226
953	4.35735422746073	0.960165519787222
728558	-1.5722272784976	0.52835417607561
100127889	-1.13903837742212	1.04254066057211
54619	4.26945423869592	0.867164501283073
9849	5.53050620686303	0.639692294069093
29760	-1.21404741548978	1.73412961568767
7093	-0.929597597834686	1.1923433710281
56889	8.66170663591892	0.440672505563115
118788	2.09475043362138	3.06837663559859
728658	6.21350353308872	0.449599709901787
102723665	0.0800738589461999	0.609811782165534
84458	5.33008377983837	0.848582970206762
26148	4.0921147840183	0.529515022216162
6585	-0.509898108830559	2.76867957924724
84986	4.41547736114662	0.914432431555224
10023	1.59702672804235	1.60245022205354
23401	3.91763097202365	1.11906492508213
23223	6.1929649725093	0.633607636649413
644215	-1.68315553151545	0.819929727008018
5223	8.63509483053189	0.331267703654523
51013	4.97440171129818	0.297862349054277
84287	5.66119779016898	0.352878594811306
64210	5.81202563465234	0.476131180190346
80019	4.58852148480644	0.807304200183135
26287	-0.395408091008392	2.68314320280382
112817	-1.54486629110455	2.25249762386585
118812	2.81776229077777	0.760233903594888
55361	5.63408980367606	0.686784146987046
60370	4.38843551791801	0.926852585585558
83742	5.86155909280897	0.711223647556043
118813	4.81805532403581	0.440977341222724
6425	-1.84191498040178	3.03664349138041
100505561	-2.07476220296863	1.89573012392588
401647	2.47579355615164	2.98538617623954
55118	-2.86463403250869	1.41818508308062
27291	3.98241874795155	0.297589847887871
84171	3.67759870542125	3.26757648550723
84795	1.4175501891926	2.5928088781868
3257	5.11702514272085	0.828085858570138
101927278	-3.37228603617045	0.979216275304408
60495	-3.54050977991056	1.52690654833838
26507	3.78238957802163	2.8480242493954
2805	6.64147851834732	0.478063990293715
159296	-3.39709607092447	1.26413195743758
81894	4.51279525845695	0.502292958085039
57089	4.87900095139144	0.558667082765152
1355	6.16023640244999	0.454072236663097
51076	3.8156543548006	0.554316924467263
1244	1.99504827845886	3.08857576035067
23268	5.58349824859912	0.826424730881208
100188954	-2.64903985991614	1.52663500304538
10613	6.78925169478394	0.562921130566877
1147	5.69383712593572	0.620840864816815
55280	5.03490132381515	0.353701007870649
282991	5.4966472643875	0.276373357439284
9033	-2.83133127147022	0.971756214727541
6319	10.992486558702	0.470943396640496
90271	2.89459871772779	0.969651734879057
7479	-2.94799319984476	1.07234460079933
25956	0.423984584265842	0.962168475011089
4714	7.14309757737058	0.284945928272938
55662	6.86547288707321	0.544773448469952
5076	-1.86774919406399	3.84266874618068
55719	5.75649214314406	0.361836423853141
57715	2.70464154198077	1.42115982795891
84545	5.84322569153951	0.352225038214241
56652	5.47220132354476	0.467559514987968
84445	5.2869337749256	0.591607766082638
79955	0.220682642873985	1.62403372874696
81855	4.49758426400373	1.59144668651919
81621	3.38300140745936	1.47771154527718
10660	-3.27315719915846	1.51242383904912
399806	-3.53876197833844	1.63901993091325
8945	4.85086486436741	0.757606786339553
27343	4.45634611611763	0.277257405014687
25911	3.99745271439858	0.433096902781544
6468	5.57109125520546	0.483660725543668
10360	5.76893757554174	0.509750844735757
10724	7.09243921164942	0.628676646297784
30819	-1.22344697325135	0.56657471759602
79591	5.14541967116496	0.50880123657553
79803	4.49389574402882	0.615612633861427
8861	6.08212379266774	0.467398851753878
23082	6.3486537197724	0.459535057937253
9221	7.80365614035673	0.538341300909774
83401	-0.736717011126781	1.93075863767574
5309	-2.83655166823158	1.40308844934135
8729	7.1535411462865	0.495010123766896
4791	6.37914226021268	0.852487182381241
5662	0.172885881734942	2.50262812358543
79176	4.29823544178794	0.900300726105007
79004	5.45244780714744	0.52228916177643
100505761	2.1750645373927	1.43342865120131
79946	0.0585851036815223	1.2893641615759
79847	4.14959884137233	0.525567142560829
10121	6.55457773978461	0.348079346554986
51684	4.26555336911	0.659150909540136
81603	6.85069811813984	1.16741559690017
403	5.25134337608269	0.64222562953201
118980	3.48309734020933	0.752708276554516
54838	6.35420836701046	0.958468531429349
119032	3.33568368279838	0.814471024998398
54805	4.19534249378622	0.866168095662307
22978	6.85792963081823	0.684949407764165
729020	-2.2690091521894	0.584931968300264
9118	-2.30213303666302	0.910610963145485
84108	3.98571816916486	0.552643393865632
6877	3.94298907374141	0.596322409432203
84833	6.93991651809677	0.512339007893786
22984	6.77904938866069	0.641377407943813
51063	2.13035266243375	0.668982100057037
255022	-2.65210200438717	2.22669529994197
119395	-0.735146341501002	2.87694706484997
9148	0.336583181099949	3.3494040970348
9644	4.35886433336583	2.23318692020327
100505839	-1.0155009236289	2.19143169189185
79991	4.79756109970968	0.390970077333889
9748	7.47699700778239	0.576785551018705
1308	4.30913795684695	4.12249715850531
119392	3.9069669176622	0.741797960742528
80217	-0.760294552733673	1.29684276201261
9446	6.73185292239823	0.456434953310688
119391	4.3524340117038	1.72549526879637
85450	3.96687419686008	1.9754394364182
159686	-1.68030142020623	1.89560212432154
100505869	-3.22301772325275	1.09995520989099
114815	-2.81152857628608	2.87163597889036
7511	5.86854842564034	0.393900336850988
120	5.77768736947475	1.17108478992984
4601	3.83106891472915	0.934186429072955
10285	5.71533406206428	0.274975984162696
1847	5.92433897292971	2.26813114279712
9126	7.21782957422978	0.461590006243774
282996	-0.803266447058783	3.098417264093
282997	0.234846002660422	0.812773160920816
27250	6.03811465962762	1.10295121320916
92482	3.74080009878638	0.717318993762996
8036	5.58700736365389	0.544516220658467
57678	4.58001512074666	0.429188304625425
6975	-3.59993268417561	1.68606164359114
51703	2.79005880607423	3.19822635632368
64429	5.68573418935271	0.570892764155166
143187	5.38556775544086	0.404024061542293
6934	5.47110338315039	0.902939244775218
840	5.57307285421298	0.630294101371389
79949	-1.86196342222712	2.90971488417306
9937	4.69767436481584	0.659502559044443
374354	4.80066929446361	0.68885810706301
153	0.707919187982635	1.97685452742577
55088	5.42516853009151	0.618239673313941
340706	-0.153960633624262	2.972194462661
84632	3.91493639598373	3.25932593477124
3983	7.28213820077417	1.1306084910708
57700	4.93955897618126	0.794551371217539
142940	5.33219516149014	0.405995022728725
26033	-1.56237566536881	3.07246598553852
259217	0.57372565820469	2.12082809841676
387712	-1.2927599153178	0.622808314853172
57698	6.00379321922412	0.911857029048646
11023	-2.21233623771245	2.84379151983661
6571	3.05017436209355	0.664717739551147
118987	6.24314690052027	0.547273768415359
2018	-2.98095987905921	2.30399255936709
22841	4.74654539056187	0.53527455011545
255082	-0.456718624032712	1.39549682881961
63877	5.27085239517022	0.468404212186226
143384	6.43912858799335	0.435557179010544
340719	3.84777057009759	1.44923430161556
8661	9.27981336191534	0.409552074551435
404636	4.83620121421438	0.621500601019821
119559	4.82301819372494	0.67658670096269
10935	7.94506700555264	0.231167821178015
105378579	-1.47533513950238	1.12791942186445
2869	3.84663557304796	1.23559003694798
105378510	-0.872977751364369	0.879545619419292
6001	3.67834509788226	1.17806104381537
7073	6.91330671634873	0.266578744872305
9531	6.63006841988511	0.522501753690102
22876	4.65179237232453	0.490643181566818
79892	6.77734446097906	0.389742799528463
11196	6.70000486182241	0.443048713066199
55717	5.62021179372301	0.630725754829758
2263	1.46980766616937	3.10286687057662
11101	4.95291363465669	0.79652037304756
100130887	-2.16472646979536	1.58960413755844
54780	4.74343365042456	0.628484891546869
10579	5.18682074412449	1.26075338126223
118663	-0.650586718151104	3.05650500713007
59338	5.8182033987124	0.952244446534574
5654	3.33753130471226	2.31361324210968
1755	0.359374529066796	3.21482541341627
196792	0.921476257013995	0.823400678790541
399815	1.85636494552432	0.936685003908722
80007	3.68461394964534	0.624939649967424
118672	2.02134363808241	0.918247346411258
64376	4.04256085361759	0.432957422241473
36	4.5756044750843	1.10852075856914
340784	-3.21104204383339	2.69324783205942
3167	-2.15455594244495	2.72223170186989
9184	7.43264288467678	0.411271939245542
51363	4.02449470490483	1.74586750949879
4942	6.4218016207752	0.980075876437921
390010	-3.30472887844649	1.39138113966149
64077	3.28341239989928	1.20978462942578
9679	5.43023135665715	0.674605322173803
101927944	-3.70957268872491	1.33316981033763
399818	3.94266810968247	0.89839110766897
23172	4.82565819147317	0.338860953040773
54764	5.90934127613098	0.363382779334966
1488	6.94863139341884	0.542968235948458
387718	-3.79423022202178	1.05628209227709
399821	-2.06919256722936	0.845552567308076
26098	4.98929012452059	0.349514675423725
7390	5.21604281596935	0.570932972581788
56647	6.60044754729926	0.483127478893807
55760	5.63324487796324	0.720667104266799
92565	3.52323509669293	0.807029555765245
8038	-2.66351449203665	1.44529078529161
118611	-3.37796018948386	1.48501735477796
1793	6.14771613125268	0.558295284323343
642938	-2.76194712473549	0.951480478181069
119467	-2.90565575128658	2.39473805176001
5791	3.22143762412545	2.15009815054704
4288	9.04103258691179	0.511884360614813
101927381	-3.70204774263834	1.37815442600115
4255	3.39664122965975	3.03211558459974
105378559	-3.05440065894031	1.16792517479813
253738	-2.44803059888867	1.4732056117571
387723	0.368297818581366	0.874665828999885
119437	-2.32853709745927	0.872444401265174
10539	7.4496194139736	0.349413402419022
55844	5.06834494801852	0.281813003736236
664	2.24269913678858	3.31325664501744
282973	0.738919422939732	1.39380673423225
10570	-1.17053680186082	2.2193415230736
282974	4.17355497539257	0.540969798571079
80313	2.0321084515153	0.965737703441708
170394	5.21698222395309	0.868117848154432
170393	0.0627786594249118	1.68478282205621
3632	4.86016107715684	0.765108471764225
84504	-3.34600246106442	2.14678256432465
54777	-2.06241874513759	1.69335899936768
101927590	-3.65879653503774	1.42537230078967
399829	-3.3918160690202	1.18285033307903
85442	0.0427708642671021	2.52781475818312
101	2.71860735428616	2.19450747986553
10844	6.37994795749193	0.290638494746025
118472	4.90990063192634	0.800987722599467
50632	-2.68397724423768	1.61665636988275
118471	-2.54122903248503	1.34551125416889
282969	1.82241454435852	2.45304444435424
1892	7.25879769170328	0.37588934045962
196743	1.07913959175163	2.04560867267297
92170	4.78645930233206	0.611984408471268
503542	2.34294685861086	0.424488656761401
619207	-0.530572354500078	1.2568322583566
1571	-1.83285332775871	1.53527973265661
399833	-2.12042344630352	0.900659556665647
51272	5.62871364824844	0.690769373848604
60626	6.90595699929552	0.650269460730327
23410	3.76218916040869	0.771171164510723
5719	7.19581206984471	0.496834779142644
171389	-2.99821168775387	1.76783619545393
80162	2.93861517305005	1.39195322788208
10581	3.72385025913007	4.14811900440989
8519	4.2232564342791	3.96047783844182
10410	6.85260452561397	3.02291855498437
338707	1.87000769007052	4.18523208707319
11187	6.76513975446707	1.09360207589055
59307	4.64526701255821	1.44847262608517
338440	2.21405378800249	1.50861553821933
81490	3.3958229404282	0.684408987629783
6050	2.53424010225962	1.78589452787208
115399	-0.221538673352988	2.09374610050567
3265	1.21301413086594	2.05424598386604
256329	-1.51815394100267	1.96312261959569
8045	3.23764925927743	1.57809379693255
100506211	-1.92473589962811	2.05617716228465
57661	-0.106162649886087	1.76159317282661
3665	-2.07146024377062	1.51297592846987
10522	4.5763771690119	0.577035612317852
283232	3.64024882840233	0.567496946966467
64787	7.00811945235374	1.21055932419048
6888	7.38090126694981	0.402434758812893
347862	5.42677229843405	0.895745979963878
171391	2.00472633304242	0.84701886659972
105369190	1.20295027779261	1.04183526753303
51286	-0.396596668988063	2.94119535122819
79751	5.65554285721253	0.762478952144536
101927423	-0.550726625243253	1.04836425932646
55367	3.96219464605141	0.519776319739074
6181	9.6745100095069	0.281347904982774
619565	-1.24233336875111	1.00932307991705
57104	6.7226628083208	0.714508534976424
283229	4.1674437691439	1.91322516555816
977	7.97693669057193	0.525817347719887
5441	7.61558166867801	0.400572957647417
7106	5.18042870430404	1.3309071641324
66005	6.33177321073413	0.505231806397117
161	4.1324717221687	0.755849376813314
4583	-2.33414347802049	2.26197846532136
4586	0.803320818730952	4.30774676970998
727897	-0.201854702120833	3.05159026906362
54472	6.05107843012912	0.855580112017143
255512	0.194551813245932	0.761242093400488
9024	2.24825018841675	2.51380427683479
81532	4.52123859532419	0.566558227673087
402778	2.97259597688773	1.65024094043153
1509	10.433351896445	1.30236179091326
90019	1.32178845169835	3.01115582760152
7136	-1.44857647676359	2.70120056546888
4046	-2.21991680044051	1.61556990458393
7140	-3.2414756683669	1.35333264024815
6150	4.07610889203793	0.671532578093984
100133545	-2.9198735347153	1.39655128700971
283120	1.2839360370302	3.37310178725835
3481	0.56178653811977	3.4699999391007
51214	-2.74971001187104	2.43836899724084
7054	-0.318827831518329	2.52347594883186
430	-3.07516467112956	1.51972629406248
101927682	-2.60866209552891	0.841030525037739
975	5.77043721975986	3.2100670892451
10078	5.87353715870734	0.752226033284361
3784	-1.28181130859974	2.14865587960724
10984	1.24704408561324	0.845212881053794
1028	-2.29640448009557	1.5037119831326
5003	-1.5145136306157	1.4064224035963
5002	0.838777105428502	1.16793955195847
7262	-2.75617988329628	1.15206570144654
4676	3.57886599554355	1.3366736716184
833	3.17240516832835	1.69395831390583
114879	3.87479390098457	1.29157542847214
7748	4.43950167891452	0.85273716029929
105376526	-1.16019298389224	2.51936702613977
116969	-3.15884702506645	2.42015444993293
57053	-0.147395329875146	0.76548763795276
4928	7.4838048246296	0.527166674584715
27315	4.88946231447985	0.639433487694733
391	5.1297923742637	0.71210346221826
6786	5.75197208953194	0.977610376005569
6240	7.36597743976243	0.507662278806112
6737	4.09158017603006	1.08693058977015
55128	3.8380754029728	0.883710283017789
143503	-2.32701959239355	4.33958873565244
81285	-3.60328459495741	1.81514457939916
3043	-2.53564924064791	3.23780068630957
3048	-3.88136277587942	1.04251999269406
143630	-3.06547260731179	1.15538514351972
117854	0.726032903794073	3.41198498816969
85363	5.06448120355083	0.936999417893796
10346	0.456978501060709	3.67978196348945
160298	-2.2286063740282	0.715823687007848
84067	4.55271782184287	0.568177524695967
1262	-2.41551378519051	1.42374832438734
112464	0.973328406156071	4.01700307799094
6609	4.37376941618694	1.4768799606967
322	1.20047432021339	2.50267443199923
10612	2.66631373275207	0.996590074948862
23647	6.29710354935914	0.611680675390153
26515	4.85961462756494	0.547413058493905
144132	2.28295884226833	0.850624271479057
23378	3.66584693093623	0.504570962898601
3611	6.23406827475578	0.379659483200569
6881	6.49431269045698	0.745481756908696
1200	6.96691138080035	1.04470864941829
8642	-0.623084476684268	1.92103024518036
63875	6.08500065798578	0.568581051543173
387751	-2.39297279033471	1.4940418862736
338755	-2.82066805823903	1.18700657215037
7762	0.800468590999625	3.08821120309521
7761	-0.431620900624254	2.58286986283177
338323	-3.03069050268784	1.09878473754837
143425	-2.67111188706099	2.78619508802511
100506258	-3.20894005188441	0.986432984764655
8495	3.41880232270889	1.35156266229214
51700	0.277295516641066	3.69233169715062
341277	-3.51104084721465	1.52302404413168
8665	7.03005612418953	0.572270396567641
7275	-1.11801064725607	3.28724090775677
79608	-3.4745304410582	1.1275798393563
65975	-1.19015796664194	2.63167364250927
9866	2.91440093170349	0.828986036632305
6157	9.98561366282386	0.371177812922571
619562	-0.139897633227007	0.904294716311564
677826	-1.78199911738379	0.87715758956743
6764	4.45729743594826	0.968278397332475
56672	5.05021882387231	0.56540866760526
56673	-2.2891987119705	0.696460139402353
56674	5.84895446630917	0.71901466521221
493900	-0.944687480213825	1.5556539821042
56675	0.306794468655918	3.4087887476014
57758	-1.77965555318623	1.6202318356684
23258	5.51536183060424	0.823171827090186
440026	6.23390619757125	0.523835767483221
10527	8.74191075296467	0.3747680637724
677808	-2.13368658996589	0.715047077672654
644656	-0.17141438913852	0.858673234228635
7702	4.72239971619338	0.800253652219503
7465	6.08162313465736	0.686360839463091
23075	5.86246438085372	0.98044221099358
440028	0.34644813958999	1.44078426406749
283104	2.20661728130266	0.772511536937493
81846	5.47020944685068	0.58297540815245
105376544	-0.498058496184625	1.53991970006609
133	4.63548762828128	2.18784696583905
100130460	-2.89107005448515	0.851012383716646
272	3.25750676045864	1.42496218155628
100463486	-2.36653399609142	1.04120991267618
50862	5.74369000560434	0.469774200093254
100129827	-2.88388743067937	0.917426394430386
10335	-2.13687263456532	1.56239298714866
9646	6.79209938670615	0.575562786414011
1982	10.3963866191223	0.559113328205407
101928053	-0.919174436722712	1.29876794739538
58486	4.74305559886459	0.705085938820327
729013	2.53162106474883	0.361518301159978
374378	2.09700762369993	2.87404141271421
283106	4.18302474130652	0.23380490986854
55031	6.31770421613667	0.395925512002248
27122	1.21244241104349	3.19609789602187
9645	6.10307955776502	1.13734332882749
84953	0.465609718570212	1.79863971034319
55742	5.40951495454436	0.662359297431193
7003	6.92320632525097	0.7286077315743
644943	-1.95298242569503	2.80766589027893
406	4.01302340112403	1.09201743494496
84280	5.68196944652362	0.59978966791435
84188	6.42942943085878	0.712466213143331
101928132	-3.09705116474521	2.09344068987081
10418	0.102592527302318	2.87943031181988
22800	6.02155015062636	0.600407140869263
1315	7.47633159381874	0.386576256680884
5682	7.23757148964117	0.425896873212865
5140	1.16409965168632	3.92360001836835
120227	3.19339318185275	0.817386104263174
796	-1.49068168917642	5.17581536176923
797	-2.64013133404443	3.42210617426397
387755	-2.0852124551452	2.35072304339163
55553	-0.480144213556358	2.98444929842326
10944	7.5593003828108	0.308491432980344
144100	5.01368480908288	2.09066218338887
10819	0.758166892147259	1.7008268557952
6207	8.64194345959573	0.284059743881811
26822	-1.617134621192	0.78488615250917
85388	-1.73111942697819	0.860986874868977
5286	6.53855333143601	0.386423141771159
4925	6.15449011722222	0.850250865641341
374383	3.83741113797216	1.74492931227711
3767	0.368196990994641	2.46825934633853
6833	-2.17204477419322	3.21905056920651
10083	-1.63660419538791	3.65141657045551
3746	-1.18600851726634	2.61932519749436
26297	3.62144710489342	0.897419707678159
7166	-2.40388415785834	2.79556049216923
113174	4.30311652258445	0.793757420701193
6289	-2.55845452590245	2.16391895370231
6288	-1.56111433855018	2.83052317957343
11234	5.26447046258941	0.5276279098811
2965	5.91191302692985	0.478888034279049
3939	9.71104785516514	0.342906621568079
3948	-2.80458631778483	1.66193423931604
7251	6.09855954544416	0.656143871711375
55293	5.0673447743037	0.524093894416615
100506540	-1.52725650490273	0.768745798625936
144108	5.61541648546705	0.601428224441132
144110	0.373537266629153	1.60348137339101
283284	-2.26562449546927	1.76819420494105
117194	-3.56985013556302	1.22880468702514
54503	4.97432460054126	0.967741496438384
79733	3.91227506374389	0.989964495072832
89797	4.32450601471527	2.93478521918354
100126784	-0.137865415574985	2.52537481569185
10553	6.93167111011161	0.678645777609854
10196	5.24130242464271	0.705834800419981
4745	-3.60107900978784	1.33879786310131
203859	-0.811821325324865	3.57708669962878
2188	4.11386997907566	0.779458762937655
2620	-1.47619602586994	1.40835266069956
258010	4.69838125649451	2.92711235227614
338645	-0.675118906129782	2.68780344294923
103695435	-1.22824487906119	2.99758044354019
91057	5.25364797323016	0.90472078647304
55366	5.0955188107199	2.02800058541406
55327	5.42381205112885	0.621526982449062
497258	-1.39124571276406	1.20108340361847
627	2.50607474962229	2.96858175259995
81930	5.39710478414978	0.670858544236842
196074	4.47513321269954	0.412076065811783
3739	-3.45309721614387	2.12594659566099
120534	4.2576114598508	0.459856816125456
744	-3.3867324209891	1.62517891998752
120526	3.86170684993952	0.512567924544789
196294	2.85014060041263	0.655922298816977
26610	4.38798117838582	0.275637509670539
5080	2.07404873682699	1.98882153218583
5954	7.76526243528557	1.09888581295317
7490	-1.74008452480606	3.5312140944058
51352	-2.3406091957524	2.78031032790356
10480	7.1551596640164	0.413906956844407
493860	-1.80466877999635	0.8167305448338
79056	5.08084390251771	1.44890604834433
79832	6.38406167233997	0.457096726233929
91614	-0.170108840488667	2.08657221072613
55346	3.63844574465116	1.07893762493561
283267	2.93722438127182	1.19503627654035
1479	5.67892784400833	0.487281470077225
338739	-1.63749818785583	1.48938432148946
10114	5.63053252881746	1.35483838914993
25758	2.1555385048087	2.79801450991715
100131378	-0.750862093436047	1.62178978725583
966	8.07439950112835	1.2775547745817
26273	4.89416630940945	0.527303290267815
4005	-0.382402411176018	2.11141082931674
4076	8.73786577207632	0.185007240383916
55226	6.51946309331783	0.36024917286765
25841	5.11721547314393	0.641797392840084
847	5.51211263447591	0.90951758327155
2001	-0.71641882757381	4.07040469125771
26298	5.80522432067599	3.40090858188867
51074	4.7798886896018	0.596053721633478
8050	6.07472477501179	0.649363936953432
100507144	-2.01322727280655	1.70368666219213
960	7.70507193943044	2.81459142744204
6506	-2.7611909810899	1.54022647833469
24147	4.74069184999221	1.26912489328768
54765	7.62822972309944	0.665472757225981
143458	4.66075173393708	0.963975689264914
29099	4.73162240595987	0.336181818809692
79899	-0.897311093672244	2.03150879832408
7189	3.69627632585136	0.556180397668715
5896	-1.27281994375428	0.98386603993225
119710	2.3549092466638	0.551986663216638
57689	-3.04556345869897	1.68957925072087
8539	6.90270583569996	0.510083783847303
55761	6.36282655017444	0.732987083633887
51144	7.23724856310718	0.347492053392175
221120	3.7283481740666	1.38144575139052
729799	-1.09697809760793	0.923211236425504
100507300	-2.45377229391173	0.825953903436556
387763	-1.37545483974408	1.82787875507949
84680	1.57758456691905	1.04552688912729
2132	6.35735099074249	0.812615607104741
60529	-1.99329626129024	3.19517996112245
3732	4.4229115261387	2.68626159446208
90139	-1.0825349632291	3.10730431893087
9537	3.14735492164899	3.74729381727401
56981	3.01665347085319	0.93918642608485
57586	0.121305916349494	4.94410697526773
101928812	-3.72071731974173	1.47982963739919
8534	-3.27717472953557	1.28256554922187
55343	5.40012417021798	0.949705696266555
1408	3.93903435450946	0.614274737162631
9479	3.44719307944351	2.55152354112079
143678	-2.45681936237646	1.06376290864881
9409	4.60667885710611	0.549288578500342
120071	2.17763685901576	3.01122756880205
51317	5.38335341281927	0.727179923649151
90993	2.84516057527899	2.1707890232654
8525	6.35168664918062	0.519182079826257
4192	6.27976960782677	2.3632161275339
1132	0.364064196657083	2.36768443016456
55626	5.2874404117504	0.466032939696879
283254	2.14731222025315	0.503240921500202
9776	6.29870756406666	0.408849685806746
392	5.98885048350479	0.47480596627551
79797	4.03764210420678	0.456130881532936
2147	-2.5619437565093	3.00499235647699
9793	7.96374826026368	0.503879759932703
692108	-2.54261593092674	0.765154434708669
100507401	-1.76601329200839	0.858882906235465
4038	2.07104498952614	2.82097895040945
79096	4.21125822833347	0.385771316159389
84364	6.17381736758239	0.558200981705072
29763	4.89474751085301	2.10392637859562
1643	4.18699853325441	0.765832369046189
53	5.06464175142693	0.459469906514106
10062	3.66968162098027	1.36491126767027
8567	6.36971563623413	0.500156379154597
6688	-2.99473460968711	0.747803456517327
91252	4.3139745329858	0.809792410809102
5702	7.62337906664121	0.54327497659169
10658	7.58858708532949	0.426876625075947
114971	5.69327679980965	0.623162962868446
55709	3.67890687263329	0.867910136327239
4722	6.39221431334206	0.442256885287056
23788	7.02179871266299	0.572995666736061
79841	-0.683460090151963	1.83292918407248
23360	5.92716799681483	0.316012220278096
23279	6.69276402795901	0.352604521949628
5795	6.27100992809094	2.37254329951955
441601	-2.27794440047959	0.621080174293368
219432	-3.2276576953419	1.41441112840806
85456	7.47367874230857	0.829737060122003
6749	7.91654455342238	0.709774210302691
29015	0.420782056169718	2.38407478246413
349667	0.258372598084966	1.79259777847465
8501	0.927218631996034	2.91863126688329
26519	5.41517890431929	0.59519864085376
219537	-2.75371490659815	1.59820152571733
9246	4.71067668348526	3.10735162765766
710	-2.50874835793717	1.6425351316072
219539	-2.38949866440684	1.25994460486147
10978	4.14138220011929	0.461752565527405
25921	7.52121083600699	0.580529643957798
219541	4.83090366299654	0.665201749317325
51075	6.63609017221246	0.482147221865553
280636	6.3192003070485	0.627955972079067
643376	-2.87998121364784	0.861361192671944
1500	5.13012072801465	0.883109786845662
9404	3.7165618318247	0.794155250668034
80829	7.13765165485222	0.574969726131216
374393	5.4052457019726	0.974706623376024
101927204	1.80428699041074	1.6567360319028
63901	5.34075858503771	1.32112022480989
23220	3.24743127010968	4.78704259938913
341112	-3.58287483524495	1.428363340206
105369316	-2.91656917002261	2.5554261846309
5007	7.10431609222395	0.36995036427473
219988	6.69627596956604	0.719393749480492
6809	5.77549970321465	1.38205430649401
54948	5.53925439092689	0.602999735034781
6947	0.0552916469314285	2.36013183257236
83661	-3.19742221088831	1.95988603070616
79080	6.24590632577175	0.485464002798141
11251	-2.45802879207624	1.45923817617049
27339	7.55388109055069	0.31941454267645
79073	6.08421574799222	0.671856117532106
54972	5.61661790251282	0.815855776123674
51296	1.13474911271332	3.54371806402537
921	-2.84040211626136	1.77092128404424
55048	5.2152755708783	0.587540523389023
220001	-2.07247525717404	1.07445398522937
1642	8.42498253798976	0.38755171328387
26007	5.21693056041681	0.469093136676114
220002	5.64005552867032	0.750721548881582
51524	4.53682725797883	0.479736427593661
51259	3.33268449921949	0.84138943647788
79869	6.96627751323336	0.486319060920074
54949	5.42617371588964	0.419857115832094
220004	-0.713647725805507	1.01452225234919
9066	4.00299129310629	1.79732832373957
101927495	-3.40614223196168	1.52818140744571
113157	-1.23716354673298	1.61197832840924
747	4.11941849178853	1.16475521029379
745	3.95326452447073	2.14535276679266
26070	-3.04472766693898	1.34090374687457
746	6.58248600419681	0.474799682693579
2237	6.38233010172777	0.678894175747545
3992	7.36584390769469	0.735010494605019
9415	6.14738711835225	2.11718531205981
3995	3.63407806669875	1.39760847679609
5866	1.00464440245419	1.82370267900077
7439	0.221416774221004	1.23482211124744
2495	11.3281284697726	0.82301194601984
3619	6.82379535336254	0.613807725094284
80150	2.946858634436	1.42837934002082
7356	-2.45477960357285	3.22469946400581
79026	9.91624152587062	1.79507798945648
1937	10.2283903817126	0.316614494762375
64852	5.07286319371167	0.282407622642432
9219	7.46473398668276	0.480545063368727
256364	5.45151330292257	0.522980169441185
6094	1.80705710847116	0.818030891800833
26229	4.71890477763309	0.715429985955023
23193	9.38319169134205	0.401424702689989
80789	5.22432514631055	0.428902831885829
102288414	1.15621855600438	0.622282671602869
79081	1.10738600719747	0.371457161255016
751071	1.82918732711474	0.612255107662374
790955	4.26739794776094	1.54524905360347
51035	6.69700147750983	0.361132960933715
221091	-2.97378552836032	0.743370443282336
26580	0.540395808973656	1.41452875291071
2785	-1.64981289138508	0.800664426094719
221092	6.032075782813	0.675580293826822
283237	4.58544408987866	0.385080638922251
79842	1.91548502113365	0.562243617849359
5436	5.62966244206972	0.483914245626104
10629	4.36368107013767	0.439450388421109
374395	5.15674841099023	0.61162474944732
79064	4.40249143888251	0.599685265620157
10482	5.85780650128822	0.35808978981919
6811	5.54322189275494	0.699835889894332
54663	5.49507763007462	0.380946516270783
26855	-1.99511968344011	0.860728970525931
23642	5.47358049617388	0.741611267241538
9304	-0.525769872862646	0.926701368432383
9298	-0.162760300737575	0.909764030763787
9299	-2.83090528086338	1.10406809908836
9297	-2.34815274374495	0.778122223530408
9300	-1.44698169114911	1.08310468252535
9301	-2.76010656634036	0.735879476680662
9302	-2.04049206897503	0.952227975093473
9303	0.622536210205448	0.890376234433461
6520	8.71509957123405	0.889669122696606
1128	-3.73435420049352	1.22749985660181
117245	-3.1739553279337	1.59179659772742
5920	2.66050078438998	3.33292530270183
54979	-0.305956191738467	2.53443697588485
11145	4.9614818400232	2.80750482991701
25923	6.55628736786875	1.16363901661207
10313	7.93977264979703	0.524126171839896
65998	3.93868179454929	0.770224995200238
144097	5.52072523168223	0.706765168589212
2011	6.68056636956378	0.722621836074646
283248	0.369989184722782	1.70560709069596
79829	5.25367860526071	0.903510257007832
1351	8.2191065726193	0.514740908243049
55611	6.90652993532202	0.567174264607953
28992	4.05342425640456	0.460985076721419
23769	-1.31164292029559	1.43307757727422
10963	8.52622403720069	0.278667717053705
83706	0.505015007145988	0.679840075165478
83707	4.3023296547547	0.562987819393368
84304	5.09350426757229	0.539636673020768
3338	4.2608385085104	0.447698561377645
7423	5.72084664513247	0.986690242414545
2286	6.81455572070067	0.696035294626514
26472	7.20264826902566	0.858822304195025
5331	6.52421645501475	0.817335066614531
56834	5.1426847244312	1.01356188775785
572	4.19070628336246	0.849779033872846
25858	-1.13858976389347	1.53823912231856
2101	6.33989614834792	0.616519788478103
51504	7.83718102653701	0.524530302135218
25824	8.15997084270093	0.661989338044358
283234	2.19665972797684	0.914762855127407
8986	6.70395212695478	0.986010864654573
9379	-2.45770343391926	1.41264388981173
10235	-1.6830484267143	2.03784052974589
5837	-1.0994781888769	1.38200810178315
7536	8.04414107119687	0.295934862356005
5871	4.39679817230418	0.572103036128987
4221	6.02983582186033	0.477232890305416
55561	4.88256513137285	2.20089854366105
10938	7.23657561336987	1.02051790706998
23130	5.4784381098639	0.509541112338157
5526	3.6560832089218	0.74978024939264
116071	0.60380417517778	2.65639918562501
402	4.57488038764487	0.690445299965892
29901	4.09824698629729	0.823842066374761
113130	6.55930755014111	0.692406285294397
7542	5.16990862130063	0.587782187602329
738	5.95154825826417	0.775769036556493
7108	4.82457081334268	1.25801505033044
741	3.75818129806145	0.552481835006915
2197	8.47412978159905	0.319652083358914
740	6.72795304579437	0.504099299163432
84447	6.11846519136063	0.509972841580931
728975	1.80412689001243	1.5164813488898
823	8.38267860625898	1.26126148261157
440044	-0.16423912664625	2.15506817713476
23649	5.44223954816682	0.621252535560957
10435	3.41247428305901	1.27902313641849
5977	6.11025030999613	0.467419667212141
220359	0.419559197973011	1.2956239562818
283130	1.82035928612976	0.942937564114191
83786	5.52707699851553	0.69843447105842
283131	7.56206576889543	0.754154222509457
693197	-2.68230787435872	1.00544730170619
101927789	1.23551961732077	1.76240877796138
378938	7.75003820076574	0.937701621953458
57410	6.26026714055714	0.407367041018121
4054	6.34801105597441	1.15570675621203
254100	0.34045775437092	0.44284099855158
10534	4.75671837691252	0.667077682931401
23625	5.62414820272629	0.515310245445183
254102	6.91360732848842	1.10351219775384
10089	-1.47422934779203	1.0928122425865
4296	6.78617074541831	0.763335801901058
399909	6.84626873759994	0.531119588750661
6494	4.83895373915415	1.03302353302156
5970	6.59355660955283	0.591917294445023
10524	4.53206648344515	0.80317121732309
84153	5.35153788354499	0.561327383458457
91056	5.66540010910438	0.828306503613209
5017	1.45843583898546	4.01946069660726
101927828	-3.2956374256584	1.16518322566486
254122	-2.29827926947761	1.10538398871555
1072	9.61216214863324	0.440762031401405
80198	5.13185312099418	0.55250972490092
30008	-0.498722806148649	1.54206513928524
9158	5.63810772533411	0.476870780769235
11007	6.21617294081111	0.797714319014425
8061	6.3987640717467	1.68023798557395
83638	5.19093913353584	0.937726330899483
10589	7.92275282518269	1.04101952247083
9092	7.00074263428896	0.33613953194932
84285	5.33030682035056	0.429643222102097
8815	7.79497873434891	0.527077005977115
1474	1.9421623083713	5.26641782172041
117144	0.271815663684042	2.6914328154201
10992	8.34090370615388	0.299946263439547
55690	6.64471304042479	0.75547201843747
64837	6.10115454302021	0.65011665684308
81876	8.1369830440533	0.709498434958279
254263	0.348580366041444	1.66891742169856
10897	6.56083795613999	0.643516624066789
256472	0.491279436826313	2.95392137033202
9610	3.52495850277696	1.18317719524357
25855	5.60353258902962	0.436962125626399
11041	4.3323783589738	0.937657379782235
102724064	-0.292567005764083	0.961160068080479
3177	4.92191255326787	0.647523109432122
65003	6.28793463064566	0.564087852699281
246330	3.08740071486226	0.979813278517258
101928069	0.151250388506331	0.599334487465183
10072	6.52326906035269	0.736670083523027
582	3.42871804009278	0.844090753222583
254359	3.95095642733984	0.718838419523698
89	-3.47359638925711	0.994824300959485
8722	0.585448819608636	2.9789851747184
55231	-0.374098172548706	1.01211887049496
9973	4.66068131979969	0.688292665619363
10432	5.84426702654489	0.226268025083353
5936	5.62646729673867	0.304109541427864
83759	3.92116214868997	0.592091386691491
6712	6.16849056895293	1.46164402858129
105369445	-0.797018819383768	1.15126552720464
79703	3.62313920944331	0.824794988454331
9986	5.39764463650737	0.557042488466175
5091	5.14884397034174	1.15780489702639
78999	4.79110634712804	0.601012219302199
254439	-2.04761625562489	1.66240082382511
91683	0.98334694296916	2.87329427770188
29984	5.7047743589363	1.39445318933119
22992	7.80575486466474	0.5467264958613
156	6.79763805534852	0.662378305369913
338692	4.46333048760408	0.671949382367382
54961	5.30265378648026	1.69082722207903
100130987	1.42018572571871	0.838845234859464
57804	5.64869835027627	0.78241862874094
23529	3.41992002908388	1.5795481291364
5883	3.8250345111043	0.606975508740347
5499	8.01438732956526	0.585464444936599
57571	-1.36533863925205	0.839789641969084
6199	5.85841097587139	0.446321202255991
5790	-0.582981914092407	0.779811921710094
57175	7.07764754702398	0.434206861944668
390212	-3.73061296705942	1.46662936893568
57010	-2.0879767949809	2.61955037426739
80194	4.28872540757047	0.473072177678145
9049	5.77409532754413	0.659711710317071
9600	5.97841534331429	0.717975644044564
10263	5.58446515184253	0.519368939637234
2950	6.85126436128012	3.31370779215039
4723	7.0880068658199	0.265916798246918
254552	2.035421337297	0.733610302836363
347853	-2.77511204007684	2.03404847740719
91703	-1.06782481797191	2.05500955092434
222	-0.949664796654186	2.658147610471
645332	2.02608993654193	0.796485830167646
81622	6.17619695721957	1.1680521886753
221	4.85429020959819	1.77949912742157
4728	6.15244182325272	0.389493943010757
100616403	-2.37432978707719	0.655949167532626
10312	4.91835642588691	1.55154217886236
1119	5.77355130986565	1.30139260727022
51111	5.73204748649812	0.732545306249254
53838	5.16412634663736	0.447423640763202
4041	7.59678289486257	0.753263420806988
55291	7.15376974584217	0.605910829783392
51083	2.55552322089205	3.38177646238902
9633	3.20546983021191	0.828213282553149
1374	6.69185222353219	1.08702130824495
219927	5.62509434934591	0.296173553397304
3508	4.76506928020344	0.4630454294221
116535	-2.74642831697535	1.45692990302988
219931	3.85545994737312	0.688259438946981
26579	5.0220506553393	3.7611875595684
595	7.92911085280184	1.25017078877402
220064	4.18301767800852	0.572074858821334
9965	-1.01147642576253	2.12748597171026
55107	2.94728606346066	4.77093173990049
8772	5.7338758877899	0.522848319517871
8500	6.77890504142507	0.537216201724847
2017	8.68154194809	0.937198857072277
22941	2.42925509199405	2.51791940945624
1717	7.69427388075523	0.701095184418568
55191	4.59880542596231	0.545740084025133
55199	2.68662604402239	0.472228090748776
285407	-1.96528298540778	0.974830901986631
100133315	0.652503301509101	0.484358159862358
100129216	-1.95527531901009	0.945484471247271
55298	4.81536476431047	0.658728911690424
10068	1.96827511806064	0.69395466730516
4926	7.39369958138909	0.559887226583584
100128494	-1.95607752207773	0.688538643532128
220074	2.84271936637487	0.697904075818805
55004	6.09794616492567	0.744194592534432
25906	3.40562177223664	0.623123409346567
2348	-1.86118893380422	2.2025360729673
3636	6.57048715461763	0.61694934167269
81570	4.93672036186939	0.808255605712104
101928555	-3.32972341786009	1.33565793145598
5138	-0.855737302567445	1.51384266589517
116985	6.27604876709285	0.737431517070853
10809	5.64549947213453	1.68961565550507
89849	2.21559024576218	0.694452460685591
9873	4.75014573515741	0.736578733893532
5029	3.74767405597411	2.63052591544161
5031	0.156629028894469	1.88237273827184
9828	4.46141254246557	1.60686143195724
84957	3.66940282099828	0.692876173276311
23201	6.30486434586901	0.588943432457427
58473	2.24297423769179	2.47693575735867
5870	7.39886240044014	0.561162214453035
51642	4.38090287106565	0.58516697745999
51287	6.02498653074391	0.568339037387827
80227	4.29319400265204	0.504968714852891
374407	-2.19534502932577	1.25357908520346
7351	4.5693767277044	1.88616045568979
7352	-1.06276202135288	0.695900696295222
26005	5.13616597356197	0.577910156145032
51400	6.22922722612753	0.524473451731702
283208	-2.28035333250199	1.93489464614781
283209	4.82697649367982	2.24282419754559
10008	-1.49476038272432	3.97532852133964
387787	1.24109741299542	0.618240366712958
100287896	1.94245517652104	0.66632212477739
10714	4.69045078659426	0.828942705031884
254225	4.60087458213459	0.796280722682053
143570	3.52220509479922	0.871661527692312
9789	7.06163249507751	0.619322057525109
10825	3.39817973831914	0.712740570185795
11309	-2.68977560588602	1.22019762603374
100507050	-3.35870670807927	1.5745622509906
408	5.55014426035075	1.82097493781377
6188	10.5307321258916	0.408418516249747
114599	-2.36727200910795	0.932375271864317
283212	0.539927276483799	2.55983056374065
81544	2.48859014519351	0.991891002509316
871	7.77396357751984	0.883509650134984
4135	-1.27947548626402	2.16650452993157
84649	3.10175979308701	1.443419775094
7405	5.0815219050681	0.456598922415777
7481	0.84082474776007	2.65144449600921
5612	5.83157521065351	0.539807403551219
100506127	-0.436137955560907	0.812033097975149
56946	5.13033044552439	0.502505992405544
25987	4.94346276800435	1.13031875395255
101928837	-2.15512618947616	0.794936429568586
55331	4.95496029749292	0.900161985068888
192134	-2.3037406755051	2.83012424316457
726	3.91095284886823	1.8625640212653
4647	1.57715175717406	1.34086002882961
5058	5.43802662738069	0.710904427157458
282679	1.15382108031986	0.609409425251688
1207	6.60543983333125	0.52954614832158
51773	6.54311675827225	0.397527416581355
28971	3.15145909151488	0.916889415728176
92105	5.00898772026868	0.489168484644243
4718	4.63167108360491	0.496124209934063
79053	5.5498348131381	0.593181503547381
100289388	-0.496711772831831	1.04049941690281
283219	3.34159884626215	0.662448560711281
57558	3.4466981623974	0.541321184078278
9846	2.84078267614144	1.91638555006966
79731	4.87007495735314	0.390010036720139
26011	-1.96923031556234	2.21124148822138
220382	-3.15531038028357	1.52836214205656
5547	6.02179906122062	0.611473651558977
220042	4.60127193055779	0.668935441121651
27314	3.80707941156536	2.13775576186096
100506233	3.29279521165402	0.809791810129636
51585	5.74196396995482	0.251224471345929
338699	3.68965480109913	0.504627264856096
60492	5.20778494276392	0.429480569525242
1740	1.0328660559016	1.24463722755913
55863	5.54404825716249	0.500664733064852
84233	4.88599211585374	0.605933213644549
58487	6.0690131850994	0.445569968346359
220388	-2.560598192729	1.76367426839905
54843	4.04766190408744	2.85003969529266
220047	-3.36948474897253	1.25665257726393
8301	7.67230750054962	0.507610086424814
8726	5.29265501945242	0.579103378884306
51501	5.35245842984654	0.502803868435746
60494	-1.84212042898418	0.796978309691372
10873	3.19494462997746	2.07205139951509
11098	7.38344863139334	1.45647440358024
8322	2.88339669512089	1.92768560504622
100506368	-1.25428950557719	1.171766686034
65084	5.7005205707372	0.58106802427904
23682	-0.495376953862991	2.97122365790721
1075	6.67101359097966	0.727084933237933
10003	-1.04230158203699	1.00613404494812
26973	6.14617904439949	0.490694764354753
120114	-0.791750627012784	2.78512542970019
120103	4.94806820376957	1.01874288808154
105369447	-3.29816227418305	1.72071095171031
159989	-3.59605304264894	1.19669922379048
56935	3.48718968840037	1.42801929242269
85459	5.4906435925767	0.299282301371185
619383	0.274444556017156	1.05802954107218
684959	-1.50771308239776	0.686793228567951
692063	0.1792475145793	0.637980554242185
692075	-1.83945356139638	0.619777287108154
677792	-1.88294331844384	0.615539881903063
654320	0.497914216388978	0.503140199053102
692072	-1.03015198441902	0.464828411804884
677805	0.720079793048203	0.641731279482876
100302240	-2.08352150550936	0.63988822348122
677822	2.11503052722765	0.542215278623873
79101	5.53312969366098	0.440860996961045
28970	4.94152778718021	0.645680733160173
9440	5.22653379716167	0.28222059261647
387804	-2.83675965377788	1.87999686105696
341208	-2.4656597540003	1.4490896323336
24145	5.73823231476674	0.949376818732675
4361	5.24210494278514	0.519370673893161
54851	3.42212424922163	0.501525514741793
2526	3.44323506618517	1.31511359733386
143689	-0.945601226658161	1.28951691921721
154810	5.87118936841678	1.65980793864648
51503	5.51984633249057	0.576666989632549
55693	0.44832248454808	1.26289880275964
10929	5.38438460457754	0.361100573157027
23052	4.14548051334499	1.95848013753464
101929295	-2.74601651266822	1.19450118857982
143686	0.239153356265164	2.63121464862972
100129203	-3.42738073485111	1.0344129888794
143684	3.86070541498075	0.535209778359834
9702	6.07694044106094	0.353524189989531
8898	6.54622187542419	0.869797339387155
84441	3.62082376735792	2.88310273190653
79780	4.53125096126769	0.801088544678592
8690	4.08818646267275	0.617153169130111
143872	3.75419333380311	2.67430961681414
83935	1.66799255598412	2.28613449302807
57562	3.24105227399345	0.903593348813911
85016	1.03060457230702	2.79430919535344
10413	7.48518395581768	2.53236778850238
330	5.82211837734548	1.7471154396347
329	6.02223394099543	0.555867453870411
114908	8.89171526212729	0.746421813521484
4316	0.0918515669343352	3.33367397084922
4319	-1.9882097192108	2.45578287664124
100288077	-2.8049091976896	1.87796923963889
4312	0.487670812360269	2.55167369336715
4314	-3.37642018163159	1.02301108767941
4321	-2.88308842814887	1.94417280530984
4322	-1.13043932165271	3.65275471371541
84259	5.87532027418599	0.477302695621405
79659	3.17776804023363	1.52396630354804
80310	1.71444257795677	2.35376230920649
100506742	-3.59958611951554	1.45570655246285
837	5.29754303018793	1.20455564164856
834	-0.415820373176046	2.94122971292067
114769	-0.367123923742175	2.74463292800869
59082	-3.18349026308523	1.66688801917462
2893	-3.05467269284092	0.99284712623148
84437	4.90294696566384	0.472401369223391
143879	1.84433140335572	0.574759784479744
60496	5.99937421996986	0.461964548362857
2977	-2.0391149669384	3.14925901760193
143884	4.4967645667165	0.593152301354076
91801	3.68939559475884	0.747045456183089
55531	-2.35325068804294	2.61470510049621
54733	5.71645992056071	1.28913016239394
54734	-0.252732636859092	3.53193466855564
8065	6.16340628192629	0.508849815663969
38	6.16443515244046	0.859879936638184
4863	4.95132986310696	0.398030556524281
472	6.00255599855597	0.584575863708564
160140	-1.09388507170332	1.32742357833445
143888	5.2354054498364	2.96186609649179
23086	2.79397166832703	2.81094772741255
1662	5.66094727953924	0.392409970736552
85463	3.95640618436928	1.42597680613952
5962	6.24382186875842	1.09830791496481
2230	5.22919462525411	0.917571793147314
57569	-3.48027465732116	1.61867404398841
341032	-2.82046084353133	2.63729870092706
399948	-1.99267898417541	3.28595896779914
120376	-2.14559147259868	2.81693326033134
5450	-3.17515694231899	2.09572055394148
143903	-2.23951559203273	2.21173714087641
23235	4.78888530753537	0.71202640293884
5519	6.34839599601992	0.609739879395466
79796	4.82153248889948	0.383589949065771
91893	2.39379085925155	1.01916628950382
64776	3.39929497376139	0.81078904854088
1410	-2.79654634332276	0.963186994888684
85458	1.8041252518821	2.07720323723141
1737	6.61778940190155	0.451873337866551
120379	0.430688464611851	1.0277395485238
55216	5.41257989687887	0.406703822449497
26521	6.42083241549362	0.40003170706255
6392	6.7797528023477	0.294280369322604
3606	3.62066253349499	3.260277106358
83875	-0.459057147435511	1.99157701579939
5805	4.46048311287273	0.731997682583513
283140	-2.89341228591091	1.00152029194981
4684	-1.26501402620166	2.47690473059674
54970	2.53669990941222	0.883916223783709
1813	-1.91370905834608	3.67097944524418
80975	-2.13698182245612	1.19523512782755
9183	5.35255709656429	0.500486876075144
57646	5.24834517440977	0.674113611933433
3359	-3.14324049165683	1.06259990434253
7704	-3.72515955483041	1.25687416486509
4837	-0.279086225763703	3.93831000978019
54494	3.54012404457286	0.542623682153355
10179	5.5888079398368	0.559974075637608
25996	6.07548636144524	0.604756380393924
120406	-3.44918013543719	1.1252028167023
23705	0.168249994309614	3.97553881393879
84811	4.67694003616904	0.503875748682427
8882	5.64001231198155	0.580553709218555
23387	5.23287392475882	0.442744973267265
5049	7.20148479053503	0.63442011844442
51092	4.24265338464684	0.896544748944559
100652768	-0.74689670047451	0.79388303876677
6876	0.947660229515424	0.982357466661567
9159	5.63114896356352	0.473980644663269
257160	4.59541531847782	0.479434719302246
23621	4.62474176237528	1.2758307229357
100379571	0.170309414015251	0.516758169707612
22897	5.19346461669843	0.596635249766226
57453	-2.00049227423948	3.0756890135803
53826	-2.04038637842612	1.92256553914736
84000	-0.00315540325912442	3.42087251867097
3587	-2.19476338170198	1.41025331313206
56649	1.77408074438947	5.56415233024462
196264	4.57064179932503	1.78844116140632
10205	4.36508967180565	3.90583859412028
9354	6.67261764586928	0.387925516499133
10632	7.94072146154573	0.510164027946174
4297	7.1157700192588	0.562300492908074
101929089	-2.90612845049356	1.02513326423663
143941	-2.91874475317457	1.22180333079504
84866	2.47489146039614	1.99830433701418
56912	3.08070451988311	1.44560324979207
372	8.15100296011294	0.479585181397806
23187	4.88538541196827	1.5805422325754
11181	-2.96760260500039	0.780687655174707
1656	7.51107050664551	0.537894213614314
283149	7.98245986298577	0.996245405275586
7379	1.28050193172007	3.96891400401885
338657	2.66820431486306	0.747703426164997
649946	-1.79697406203609	0.998035512636258
6230	9.34619669218356	0.359531568338672
51399	5.33499805749924	0.454592125435676
2542	4.82504274021852	0.530943415285085
10525	8.73757832461972	0.780364908597238
55823	4.78920223811523	0.536020836998911
3145	5.23861798315652	0.667195169449117
3014	6.92678046186349	0.827851203930423
1798	6.22886553471706	0.369522043407136
9854	3.56558182538155	0.670780263802942
25988	3.89967203680688	0.391909257272755
64137	-2.8901507186918	1.68727541774954
79671	4.65396439541175	0.678094900207488
283152	0.391211817642185	0.855356334999828
867	6.45331913799864	0.763053045723439
4162	1.36214503083568	2.46566689222041
79102	6.63521269776899	0.647675214594723
9099	1.08961206462569	1.74341280277955
100499227	0.273830548157129	1.3168743154625
7070	-2.68422354016115	1.88079106972279
5818	5.80748029123035	1.79516031083855
102724301	-2.35570050496092	1.15144826665249
23650	3.63290961434831	4.94142302230861
220323	3.44836508499016	2.45994157924306
25833	-1.70284374593595	2.32048817811002
219902	1.8100339634877	2.15408482563992
23365	7.7287324560187	0.761028206390052
2900	-3.08890251357142	1.09522906092338
219899	4.31255278317176	0.6682309302776
7007	-1.75981688863199	1.28767579264767
6309	6.04938733289704	0.926916182924084
6653	5.99854893942986	3.05867428905662
399959	-0.213990975441666	3.3031903106112
84959	4.23067740303626	2.81610293101903
79864	2.7048628407508	1.25906394061258
3312	10.6124432743814	0.533651255385482
85391	-2.28604530215231	1.18984486602938
85390	-2.82217197690509	0.991656263567947
79827	-0.580416533215737	2.54348846796648
57476	0.353044337740714	3.2633764709141
55800	-1.56082695525932	1.93261475143759
7753	3.6753370257711	0.429783790441394
4013	0.0855476180673404	2.56171406028969
84897	4.73980942964955	0.59574250559667
54414	4.14067360958293	1.46455811996513
53340	2.87961632988758	1.46473878519588
4900	2.38404883310911	2.30876828915862
23584	-1.17344956203075	3.87671018421587
90952	1.91890260260922	2.43477491836368
101929340	-0.635023559414949	1.08896026433349
79684	2.89671428776541	0.570532510265191
100507283	-0.928142110841239	0.876133099861111
64221	0.499816477275917	2.02420755899676
54538	-2.26432132759917	2.29398489212367
80071	1.51469679324457	2.31791073147487
219855	1.61941545295974	3.64627531634762
219854	3.58390584809275	0.854446726035451
63876	-3.32796102977325	1.18886822661519
9638	-1.92705122833423	1.83040329354029
9538	7.46907172063926	0.588899692635093
3703	8.10552847975333	0.413801002334647
1111	5.93731835089536	0.668986372297934
56	-1.54450648187386	0.688526525056852
399967	-2.58287957709784	1.25257489553818
219844	4.01633309849321	0.704489476471945
83480	3.50634735077774	0.413347335383336
29118	-2.20794629485753	1.94060664035289
50937	2.84513858917547	1.30143408968508
84881	4.78341048502492	0.567149661673688
79607	4.35118909795748	0.480784559194521
6734	7.96477440137983	0.587457126422402
55572	5.13976623580175	0.425303667042143
114609	3.52141691240815	0.757353775863998
28960	4.49859762254799	0.761084354843535
399972	1.0168893254843	1.28179448296144
6484	5.31581282388187	1.28432673508621
84623	-1.46750740838754	1.34617243295664
2113	6.93228431621044	1.41191925510085
2313	-1.43038094818732	2.65530659804196
100507392	-2.52359412825317	2.37583500543317
3762	-3.06954769194233	1.14353115547025
219833	0.657623332874804	2.22164707975055
63970	-2.86817271843922	1.19655849308585
9743	6.14349953367662	0.870814909908095
8538	1.439813468983	2.68829638353806
120224	3.59838861109971	2.94837583935312
4798	5.44484546297736	0.558200636940746
56980	3.76425184287453	0.384713710908888
440072	-2.68189282219361	0.518144421607164
334	9.92980141003215	0.673409912361461
6768	6.94130336742558	3.9234362095061
29068	5.65682466967441	0.76557851205086
170689	2.1484151892158	3.43971510223874
283171	-3.27982856198898	1.24812842727007
100507431	-1.78590336732977	1.78629866375466
103611081	1.19586541340981	0.656168556469246
399979	6.47703573900883	0.458436685210555
50863	-3.09900235407308	1.62194535716777
283174	0.939157493046076	1.27641867497327
22997	1.2109121168513	1.29050750167094
100128239	-3.28788124883251	0.981195455028234
83700	2.67751880752464	2.51848166879894
23310	6.75057750098224	0.526415379256203
112936	5.61528961155097	0.560891371941356
29087	4.47866939158402	0.416965166827395
27034	4.04815300699663	0.470136107627239
89944	3.71599167765086	2.17758869766734
27087	-1.34086799210836	1.97132479280679
100288778	-1.09256086805914	1.2085094060576
440073	-2.39448815433463	1.53570809252834
6539	-1.33476303968733	2.05187442784508
6540	-2.73446419405097	1.13880521115048
5927	6.5758554691816	0.47672213789458
84318	4.14895420076142	0.590799006820565
283358	1.80435904941627	2.79086879425801
4815	0.976672394537511	1.23874707955181
100049716	2.2191167893269	1.0054337415281
65125	8.32564170656731	0.628928393274214
5893	3.42760619263334	0.780914990636001
23085	6.36689898504701	1.1385150354968
100292680	-1.51663118945664	1.96351731733643
81029	1.15207874908664	2.51858044315788
144699	4.99706804005325	0.468713271814326
79602	7.77705943882062	0.498077009650421
93589	-1.46254225407673	0.851080497290856
654429	-3.14817479792251	1.03753559448778
196513	2.13223615943977	2.46186703538605
775	-1.48144182897804	3.23676838799133
2288	8.47360286581796	0.840771431225823
55846	3.82455417115243	0.703604019108431
83714	0.608825097649471	0.557054407613996
100507424	-1.30371392661043	1.21792100551267
101929469	-2.1960481203454	1.08079099744843
2305	7.5949820466534	0.690792450271442
83695	5.94487539067514	0.573317360645958
7289	5.10129295524512	0.644581127548328
7004	5.02391980409356	0.823568343722302
10867	4.33421845919992	0.906659045892773
84766	1.83426946616392	3.01161813166897
57097	3.02607031486483	0.93463290232223
894	-1.8385989861881	0.892235531664248
57103	4.95232262888088	0.357276728986452
57102	4.96449582596227	0.519852205850036
10635	5.3341476980445	0.686224785524039
8798	3.2270095069774	1.14049834812402
10566	-0.636086729397663	1.72264605396471
4704	6.64000529346013	0.607532060175287
4908	-2.73232443816326	2.63793609669238
57101	-2.6851113246369	2.57562327048314
7450	-1.04702281489092	1.92874154006573
928	8.00134538023564	0.907520233222026
55200	3.85362283560195	2.51056540595774
7132	7.10382221890463	1.27644210541065
6337	6.16319770580409	2.87832985544323
4055	6.65904807575665	2.67970329580921
678655	2.38016045893478	1.61977246749469
55080	3.78000848007556	1.12086513635023
6843	2.28622576159903	0.916507882339248
51258	7.53082027217362	0.568614833671873
9918	8.16328867930534	0.733371812482521
692148	-2.13462262988749	1.12732384089694
2597	12.3145728195034	0.768071140355302
25900	-1.32304987020298	1.30509045234403
4839	6.56751324038347	0.619186505611195
1108	8.26924860504916	0.590712925621144
57121	-0.0581466065023446	3.45283887060434
84519	-2.02672863903594	1.03379511683673
51147	3.76745234552283	0.675420294375456
171017	6.11875509216417	0.41268472187545
196500	-1.42230582529791	1.8487042485112
50813	6.30753313926627	0.43054832743085
8079	8.25646504102351	0.423072449777537
5763	8.32626029511647	0.931954583540692
3902	-1.36368072641259	1.76434424953997
920	-2.34579625514608	1.37397115917847
27239	-1.97257819883292	2.75122656884966
10536	0.65896637853627	3.52011481516802
2784	-1.21357714081179	1.31752052949121
83461	5.46900808092018	0.861474473837143
8078	7.56993560613306	0.432127653715821
7167	9.47864151083026	0.67345747031769
84727	3.78747584989822	0.665665518240207
283345	1.52967254515312	0.590092185854199
171220	2.68520661069096	0.540399593342716
10233	2.16118070776635	0.91004721787057
2026	3.88585088751968	1.17925730180913
1822	7.76917717702465	0.422700896796722
113246	5.69919746653657	0.74955442490471
5777	4.36879719888338	1.72357241178656
11331	7.87512721243391	0.594492984500687
677777	0.604541453872465	1.11152912923561
10436	6.12262533404051	0.739353606938737
10162	6.73646221459795	0.76896426989231
716	0.563277893080638	2.72092224371006
715	1.99886671335014	1.60437569798101
51279	4.46737823808497	0.801244252455479
283314	2.6693446738361	1.51554337072067
83758	1.890368045768	1.64398833226497
9746	5.51605674550353	1.15818920559907
5830	5.58309298951083	0.715586308647972
341392	-2.29754653067827	2.09665942999779
283316	0.452428371368168	2.57746814525369
144195	-2.68279586749233	2.29287844839136
6515	1.78077996691379	5.12558007814997
55810	5.52222458537115	0.635592841932605
25977	5.77793624872709	0.761960143084099
50856	-2.41966501663686	0.875872450806664
440078	-0.781649837410067	2.07770473193462
55138	-2.46441881178557	1.77878233376268
653113	0.00754435233652204	1.70459653944294
101927905	-1.7941449879587	1.52107811555492
8076	-3.09704502129734	1.29587878482595
57494	3.45656020620343	2.35390610866415
144568	-0.89936366327668	2.51109091858496
1911	4.1769530851934	0.925004829307504
4074	7.48987402823942	0.500959190696409
10219	-1.71116514645072	1.06393779419034
144571	-2.62514683069395	1.02776709622951
2	-1.37958279756871	2.75639873756779
100422872	0.500846800795755	1.03198885613712
100499405	1.71988223146163	0.664640888421263
642846	2.60278863716192	0.814639174556361
728715	-1.37717426422356	1.06013709143163
105369647	-2.17435789256538	0.989634783239312
440081	3.39514803581611	0.828820399546087
105376678	-2.07607969630354	0.655088695527119
408186	-1.80476991321904	2.06682537775532
374443	2.1492226620747	1.68724166821464
29121	0.607311736819569	1.02433175710155
969	-2.54501240595311	2.03296564757738
51348	-3.26715539309963	1.10411671916975
9976	-0.149585406685949	2.30014026934731
64581	-0.496950614546615	2.69756975648144
4973	-1.60113830148947	3.00930774559222
120939	-3.55680956248225	1.0693241343225
23710	5.88593874974118	0.75894540641329
101928100	-0.0565963076492219	2.73739497931658
3823	-1.63570133914192	2.35728129935795
3822	-1.7167179992224	1.9438528631007
10748	-1.13573044686422	1.16743329648247
55110	5.09992695313293	0.654747600953158
55359	3.34342860298263	2.798869487892
8531	7.75462751876778	0.801221984240088
105369660	-1.67682270676039	0.730012956903881
100129361	-2.32224735832017	0.750733548243462
338817	-1.65362763996409	1.21691883577684
2120	5.18116521397917	1.01091362636586
79370	-0.798572622868921	2.97829440859081
100506248	-0.604010977614236	0.720811364130242
4040	6.00394945131408	0.655890129843959
54682	5.22798733012925	1.44176864453078
503693	-0.59028645631576	1.25232503328743
118426	3.39643552451201	0.879256915030543
80824	5.29458864459301	1.33436000785116
1389	5.88428291283458	0.481007993117862
2842	1.41089909220711	1.08772010397726
1027	6.8063306700894	0.644047204812439
81575	3.55656750922149	0.673040240477269
51202	6.89910185641009	0.705517141996224
387841	0.370161923992268	1.41579565992544
9052	8.31470358632795	2.07799698908474
693199	4.21887367314639	1.80768151060518
55507	-0.0339804333608723	0.77935604532928
50865	4.88694707446534	1.01826460217407
100506314	1.31181590544023	1.61765071331344
93164	2.03275472893724	1.45700909439485
57613	4.54451185163036	0.656220830773816
83445	-2.83123514375639	1.90607725983254
2012	7.17271312460731	1.95744796889654
283422	-0.618545672506509	3.59218534393937
55729	6.25927545754291	0.73695559905795
79887	6.41348089978137	1.17053440840255
101928290	0.590489063318875	0.674567763354462
2984	1.60164563014524	2.40258977727051
105369669	0.0519241446523157	1.38416021127017
121504	-0.356107971953038	1.40783342781732
55766	6.81968363947607	1.65187915315097
144608	1.65773339381265	0.746372417671054
51729	7.27726925438112	0.610862256215116
440087	-2.77035983740117	0.912895640487769
4256	-1.26773743280262	2.46722701126581
121506	-0.198167218973346	2.79776182649027
397	4.26802155160905	4.00264199947936
85004	-0.187045051757594	3.81764438437719
2059	6.43651641171229	1.36028556243978
11171	7.99722032194062	0.578300996867156
51071	5.41645539671792	0.574285294319839
4257	7.44211357348497	2.10982155089995
55885	-2.76321621430762	1.202313846744
102724196	-2.42710319577185	1.35119458841959
5288	-2.07186413476036	2.97531035682581
54477	4.10926696265896	1.97135735946182
121536	6.13363576016779	0.553525116889548
5139	-1.39593502303154	2.97754501741866
28234	3.16969148259889	3.48229835424751
338821	-0.857905250330897	2.13428792323608
10599	-2.53601866500154	1.53282570900578
79912	3.84528425260195	1.17098570393983
5965	5.70517503324582	0.410253319333732
51026	6.07602008431324	0.495606048603429
80763	-2.79050674107927	1.5595304373611
2998	-2.79776151019376	1.48417942443936
3945	5.38708275129726	4.92469176421246
10060	-2.989981521638	2.37787931332146
55907	6.53669848412785	0.695585167061551
6489	-2.64793709549141	2.61590247437503
9847	5.68820869621214	0.624146494878629
55500	6.4148288523736	0.759027461590888
101928441	-3.60959133292794	1.28273159126029
6660	-1.07247184621606	3.42868545650275
586	4.14752315421638	3.04607657790949
4033	-1.03732239578258	3.57640296207175
55259	-1.99490943608156	1.33394456024208
144363	3.48019937120058	0.625419741418339
3845	5.43161037561892	1.66501113536367
160492	-3.14097418240436	2.24172790605967
100506451	0.235333482293019	1.76530215003263
11228	4.31221936526547	1.91942822504499
79365	5.21648289513469	1.41788810416916
8082	3.06430380621786	1.42929106315425
3709	5.95165342665693	1.10168134812762
55726	6.14607040749486	0.705713538154862
26127	5.66243032524775	0.29903939428797
51768	7.14068529873082	0.914009480700879
9412	5.4322096879355	0.353637151317837
23012	6.01745125967446	0.569813028094033
56938	6.44944355745063	1.71649558366303
101928646	-2.91270520965808	0.927361817704774
341346	-1.6107966169712	1.17943799828077
8496	6.23132950819279	0.55180592585885
387849	-1.18541727869147	1.2684475213241
60488	7.00001169739857	0.566372901072932
57542	5.65421278071219	0.746989055599529
5744	1.88042318188696	2.62398971492446
55297	5.45682325368373	0.414792418554683
55711	2.92026874057689	1.84711888696617
100506606	-1.9028987277221	1.24075574962788
51290	6.18172262928114	0.719894877962925
341350	-3.33007182967863	2.22387749646325
83857	-0.216165588130747	3.44532977923757
10526	6.58681364138019	0.447926231949456
65981	4.60293386108513	0.597851699998119
100287314	2.61007631553984	1.00551487211779
441631	-1.45456287118977	1.5537589220872
100506660	0.606165387955213	0.608677342269404
1663	5.69212988721987	0.517669966564841
58516	1.3369851673558	1.44503329182583
160518	4.80073363033711	1.90270213688068
100874249	-2.34704705770275	1.23713032281925
254013	0.126277856342526	0.751933330082562
196394	3.81864232747702	0.890739453538356
440093	-2.32622924247424	0.635801382374
55196	5.77143784465677	0.331477155046233
636	4.63180309141993	0.859238388617665
121512	4.52522054913436	1.27621982320469
10059	7.26083582499584	0.592685320459315
51067	5.40725486633852	0.474986011075698
5318	5.60050633159706	2.38025115891046
84920	3.39878738046988	0.645294610032497
144245	3.60385005528356	0.681730215094309
144402	3.47877906255804	2.39847451434573
55605	5.87014233963222	0.695775809930646
114134	3.08392346272383	1.76575185802599
120892	-2.58486074710527	1.14664623857642
1272	-3.04761589019	1.41429034696067
283464	5.77228765612322	0.497249587684077
10138	3.80699808510602	0.45163036191823
85437	6.01835748498206	0.428379829775708
51535	5.68523266219761	0.474142235346411
144165	1.4187574537533	2.62535537637229
83448	4.25409902246554	0.589754571737081
51135	4.00489247046585	0.532540861346874
5756	7.48039281777475	0.337478112750812
84216	1.58708679011409	1.35492607050888
4753	-2.04555207324486	1.74380243313721
51054	2.44104724739867	0.868832564733658
196527	6.99986280768259	0.577716681966719
400027	3.25008310371978	0.791362288417694
196528	5.2649721249922	0.584214087747039
9169	7.11120153273562	0.379300767876702
105369970	-2.97615266170755	0.841840418942144
81539	8.37584100194943	0.873262500032866
54407	9.25606753410204	0.691178786091798
100288798	1.97297999019309	1.20346450587132
55089	-0.275982277285157	2.77141732585601
347902	3.95417406198928	3.13080368560523
91523	-0.0973194752743894	2.29659666716891
79657	5.68564820506223	0.37582338541758
8909	-2.65772345055178	1.02251475318162
10411	2.13728540500017	1.82192599729574
55652	4.73853802746106	0.79737480385792
51564	5.85480389302333	0.893817044669055
7421	2.47247989094452	2.07878097240588
79022	6.29035525456586	0.557026382640801
1280	-2.76758005693956	1.2327072104512
29843	4.99950616261041	0.601364251662637
5213	6.04262213481038	0.753291423649864
140461	3.89973546049338	0.535090066060534
387856	-1.70748177620354	1.77980379570956
121274	3.49627525216135	0.918631952991776
121273	-3.29141197448766	2.42893083749837
54934	4.70115267466339	0.511252771946685
904	5.82155577979375	0.482475070367293
112	5.67337877283353	0.494875045919916
100506125	-1.33973565311638	1.25173847058381
784	4.06021194808777	0.686738674966697
9416	7.37890699896975	0.280704981883351
27289	1.11371926780945	1.7080646857919
85478	-1.71030886431864	0.846620720140306
51303	3.33241223528686	1.96190156389197
377	8.63701670623719	0.479247776610546
7480	-0.52182543339505	1.54507311576036
23109	0.811247505252593	1.77619168560501
5571	5.62204962194619	0.453917315359757
8085	7.53836955666796	0.382593620467265
121268	1.74439189107062	1.17597297351093
50846	-3.4070577837366	1.71635871041255
55716	4.17235520706885	0.414376468749087
10376	10.2517686615566	0.50289696777516
7846	4.07780164300279	2.48116393582898
84790	8.97322292036522	0.466198982541925
101927267	-1.71231726940031	0.702288857168002
5630	-1.88672489400393	1.01497961336911
10024	5.38741547008516	0.636816417539738
338761	-1.00768738773173	2.18088868088527
79962	1.77878417272762	2.20580332847892
65244	5.63834784147255	0.617692995749438
100335030	-2.08202238165815	0.93097819710606
23416	0.364393083762441	2.17807237003875
10445	5.55233081954026	0.527119687877933
84070	-0.856302841682888	0.675598402602809
25766	2.86637470069875	0.356627335726731
91010	2.77654792493294	1.42936629701774
7009	9.97011585019055	0.584693613680505
57701	3.4900767375556	2.07679287662253
100286844	-1.14252154348122	0.640390464682843
144233	2.46921400498866	0.477716786427315
359	-3.00537218616496	1.49910811312518
101927318	-1.65699768049584	2.39453088242815
362	-0.710255418381548	3.07502589567874
363	-2.65980903274863	0.974396407336872
29127	7.07060866876574	0.433742263125263
41	2.10438965569993	2.10945989864684
6602	6.34822198607886	0.519196134125344
2819	-1.73869493143831	1.56937169205481
84987	5.06033600976337	0.474579561574236
91012	4.66609300418995	0.64780425832412
51474	7.80321349737071	0.658192440976866
113251	6.89032272641905	0.542014490193666
57609	6.54740257833589	0.72085118236224
466	4.68146160542788	0.623262531610653
25840	1.65179578487055	3.37478587456531
4891	5.70757791087379	0.437962961860829
25875	4.91081031165307	0.334977104893251
81566	4.83467791071647	0.607180029763422
7024	5.41062796275316	0.381114743418259
5463	0.462183824340723	1.33768089591106
9802	7.55658351942216	0.611106919806529
57228	3.72135674984864	1.92406252315975
51411	-3.54147468931548	0.922071484634454
11226	3.25891802295464	2.03820002943399
9498	0.0161294674373266	2.65966992547967
6334	1.81978236870474	2.03807465145779
401720	-2.68590814324281	1.26780627690262
94	-3.15908714606984	1.45449241561237
91	5.03911257062715	0.553778408291346
160622	-1.52985473963737	1.44359751098801
3164	4.59657963447283	2.42897729998563
60673	5.81834609598065	0.534933599492528
144501	6.29590110851621	1.13083563018976
283404	-2.50558311150369	0.985969020390988
3855	7.7391570945293	3.70555157008205
3892	-0.876586659151493	0.523463207510701
3887	-1.13972180996915	0.790276940438743
3891	-3.35372748845726	1.601760255928
9119	-3.10583176748347	1.20756142465078
3854	-2.1382834111476	1.93633907925824
3853	-0.586076624064439	4.22494310911226
3852	-0.968775370255763	4.83484423670742
3850	-2.34224208366299	2.03147140126378
3851	-0.148369731818797	4.92976300051063
196374	-2.74864999763709	1.72752196642489
3856	11.5038150856623	0.909590542896591
3875	10.807050270036	0.842843493020256
1975	9.11280182256061	0.37659558260152
283335	2.18502919158754	0.797036959808276
23371	3.10380446384011	1.27589324287339
84926	5.45803670305414	0.375686435065515
3489	7.3382681662019	2.90693632137571
8435	-1.52209866464663	1.85320232860121
51380	1.71250995062295	0.646275537307025
283337	5.56867230084064	0.532652137400041
3695	-0.678092414209996	2.3903745906804
5916	5.59477933666862	1.80465771959254
84975	5.25740316001503	0.476266028598947
9700	5.92374375755245	0.415273898287993
5204	6.90157480996244	0.263150001341789
60314	5.33216706067802	0.453643260934669
8086	4.8693111457733	0.489191890859077
6667	7.01455040369181	0.733503203224898
54458	7.5284930175018	0.428598822580654
5094	9.02645006178108	0.266537159105408
7786	1.75645005687046	1.38050258006763
6895	4.53911149194544	0.451863263152312
8620	-1.52510703978833	0.610301312657011
11016	4.95003884842434	0.463299470239191
517	6.83194389415452	0.297808625371687
57658	4.45240614221685	1.07932724118796
100874366	-2.55910125416179	2.77709968324907
3229	-0.465407078737809	3.69410654304849
3228	-2.96584873638343	3.14799964496965
100124700	-1.15109333701002	3.54918619142517
3227	-0.36825189882919	4.15124503959509
100874365	-2.32687795990772	2.0872706420596
3226	1.81689738702648	4.39491644873513
100874364	-1.5204275500774	2.25940676948641
100874363	-1.73037265287159	2.32589780113657
3225	-0.625575576390117	3.60828234192588
3224	0.454459186119618	2.99237370485346
3223	0.962066520591084	3.21997596362168
3221	0.469461645437213	3.14658847937127
3222	-0.858681510129895	2.37835619816986
440101	-2.03915291976884	1.61721629330761
100240735	-2.5939723051208	2.29001168936678
100240734	-3.11434714333687	1.49814643988573
400043	-0.129079545733312	3.61144163342586
23583	4.86750256964186	0.361400331905641
23468	7.79631293931981	0.479701555098619
3178	10.2428069182067	0.466246255072867
4778	-2.15519754826438	2.03252476046276
22818	6.52500371529991	0.249753935022584
25946	4.66068897657257	1.45588924944313
3678	4.21114700250097	1.91984689825113
118430	-3.47102798408357	1.91381839990302
196410	-0.531516579591422	3.19254076937009
3679	0.185908492034774	1.56922746571567
2647	4.28888210803782	0.730024785637692
5959	-2.14556965290929	1.96177592722062
967	8.85565413508593	0.704916609186314
10220	3.81537697867523	1.0921418947894
84324	5.7319522852983	0.322934657006225
29095	5.91202910344871	0.841139259051785
85406	6.05888630613505	0.5423501664356
440104	1.75908570467539	0.370228288027491
4327	-2.12072093738473	2.1325051024199
84305	5.29796838255117	0.437139798574786
102724112	0.54764753171654	0.947000768236274
1606	3.70417824522824	2.15319663337575
6490	0.33805156984092	1.22712552909989
1017	6.24349436212063	0.479133292948606
5869	7.19773836618471	0.4692342026555
6821	4.22029162048305	0.577979038973195
64375	3.08325692430135	0.393805681445907
6231	8.78017088666815	0.425644381380251
2065	5.58796766313908	2.30068192800636
5036	8.20228066400784	0.36651589088476
6171	10.502331087406	0.525468164223425
84872	2.73696409394079	0.661638851086665
23344	7.01306876440784	0.678296879948229
140465	5.49062497318633	0.559992785202692
4637	9.09917326108592	0.324329499280917
6601	7.24357011336324	0.342414964847326
10193	5.65811717912865	0.501069847815687
79035	6.13066116070435	0.515482715238495
283375	-2.6376962094715	1.15265054964152
283373	7.8401373543539	0.456700121363689
93058	2.64996723114813	0.986144234454345
1431	7.6617307514205	0.286121517130709
10330	6.49259841859776	0.462661440943111
9924	4.11037051041338	0.708044635509394
51561	0.319502226551868	1.25548953986889
6773	5.66547895656494	1.16620695384719
8914	6.66895476031498	0.326574494360602
4284	-2.88582758526314	1.2872339776476
283377	4.48287380828543	0.570007136598343
27165	1.57426934783225	1.56987647525691
5939	5.61962901510024	1.5266779170458
11176	8.04149139371812	0.266653309786945
506	9.70333967316083	0.288378754513887
10728	8.92889077300179	0.344685533071449
4666	8.92416480036895	0.232101207056098
5557	4.27849764623042	0.561351109210159
8630	-0.311559095953801	0.983579617799858
8608	-2.34015152528941	1.40148918049506
9880	3.19843236818059	0.597790375241481
6866	-3.16967733476575	1.39251299527819
4640	-2.50160731846985	1.95920208851771
23306	6.03224895863695	0.459584857591321
4665	4.02806227319515	1.3014991301552
6778	6.25305689931842	1.7180830258822
4035	4.82127645916631	2.22379434493877
11247	1.57049253459248	1.9614611691395
6472	7.54978039637512	0.927464395993273
56901	-0.792727095549376	1.73463422674204
246329	-0.968967328455092	0.941088125655868
22864	5.1917866425558	0.786977459209693
3626	-2.95987102048331	1.03988687838277
83729	0.806765098540054	3.15877238010288
2735	-0.678239042211825	1.63968124429576
64333	-2.08691371379357	1.20593875540452
4141	7.67842086717704	0.651725045699033
102465454	-2.71903118867123	0.869194421201101
1649	5.0062881425249	1.0125613620043
693201	-1.90543435421015	0.902034302031403
114785	6.38378109661599	0.553977703646172
10540	6.72169166794207	0.477264003973576
3798	-0.989259797428356	2.25479863407746
79837	6.57142413340886	0.705723903680523
196403	2.65284811397569	2.62951212233918
115557	0.771592711640138	2.71381129434592
65012	0.00523343577132693	3.25823709045876
2583	1.37053297697073	3.14230854187976
10956	8.03592545332952	0.6560213878723
116986	-0.826620069801715	1.16873655694777
100130776	0.384268910772924	1.00302879170843
6302	4.20066031879534	0.738580601629957
1019	7.49016298084067	0.471671026036357
102466729	-2.22559206957291	0.94752081797832
92979	3.94019654295735	1.1302679359969
1594	0.416662982983999	1.96924061857402
4234	3.82798746308489	0.595670057303695
25895	2.65146343539322	0.390524184151156
10102	5.07182361486321	0.434277446532982
10677	0.733039185612714	1.4826413496845
10106	7.49930903581165	0.623109044568509
100506844	0.100643882805085	2.08777058427894
91419	-2.75860878528495	1.54617776611671
121227	3.03855311723532	2.43485728496277
9194	2.92967739337182	3.25682636611368
338811	-0.868804052790427	1.02343252059946
9958	5.26814942986026	0.680341244403627
23041	5.53902456341102	0.45661187959356
283416	0.003845669439929	0.925493803649536
406891	-2.38181361661491	1.05739288874088
57460	4.90931407295136	0.934485828515578
552	-3.26467625230843	1.77470469155972
283417	-0.865335334035751	2.44196838547288
10329	4.10988559801355	0.724108519620732
57522	5.55123879847577	0.913149295508623
144577	2.97353496606201	0.475347586220773
115749	-1.1660585580143	2.36159452459111
11260	7.54983732055341	0.500700248711034
29110	5.53128857897972	0.490228602035597
283349	6.35799286272451	0.773630423416259
2799	7.57734666211369	0.767559967794031
23329	2.94833331762056	1.68749527803907
23592	5.67361353435359	0.438490081826821
253827	1.35648835447891	2.68898940571476
204010	-2.04966098085708	1.7873309927001
8091	4.70523670113824	2.70839188434888
100129940	-1.34174505831705	1.51393959519892
84298	5.71095240776657	0.431073274406178
103625681	-1.1462764582216	1.91146706962183
51643	5.67274368617114	0.557092816743271
11213	1.47223032792136	3.13892794857666
92797	2.33249663766649	0.48797681830828
23426	1.49912535768896	1.8661362413414
55832	7.582400825062	0.434008178923207
8445	5.34891863948356	1.23385897842364
56890	3.28981207827477	0.722250248637688
5908	6.27939923716141	1.01050544780034
100507250	-1.13607819017961	1.00676237473912
57122	6.30053612508642	0.408695968483107
55508	4.49867757133202	0.449329074969977
4193	6.46516485292225	0.753105437357286
1368	1.18481581540573	2.08803480319205
11052	6.42891007909088	0.185337020023851
4069	0.697584669296884	3.0484976885962
8089	4.43932443303253	0.403226950204948
10818	5.23239317549333	0.441399582393287
10576	7.9876879468812	0.417566319591953
144453	-1.93619109101724	2.24528876441414
117177	4.80224572606002	1.57861118929235
196446	-2.34803393354733	1.60572581713773
101928062	-0.53709800579207	0.771974773289808
4848	6.00733996803581	0.600310762377083
27345	3.25456134790482	2.65113650293153
5787	0.879892850492062	2.38338743093715
5801	0.544411765925265	2.9246638558731
7103	1.77769802928096	4.67019956274034
8549	-2.09732587993972	1.8981159287507
196441	5.81183275322066	0.422453489891995
83591	2.49057319647162	0.48097238010862
55266	5.16695488986793	0.896202548032475
23011	6.18493632572315	0.582196645596325
64786	5.77338752072384	0.466871351904617
283392	-1.59603029256034	2.72338037119178
29953	-0.239269067643472	3.0058558458964
552889	7.19784254261125	0.615385137511656
84698	1.68381663129946	0.945992644905354
256710	-1.27803057862181	0.850959248826254
144321	-1.23334114581394	1.44248884426045
11010	1.38810513577583	1.8820698112985
11103	5.65030991794194	0.616906404343827
22822	8.4985123962844	0.860539382869633
4673	8.89218186583045	0.637904800822695
79738	4.32671807089835	0.604946174807339
114882	6.67824607181209	0.496201563993917
23390	4.67539790541076	0.492156005376354
1466	1.49286843069821	2.12577019643558
144455	5.29882113943313	1.06538994741675
89795	0.658374827429398	2.49979197806901
6857	0.235881062751083	3.0425612218462
5074	6.15790634944297	0.888467469595898
4659	6.40345122557227	0.73744531770629
283310	-2.18602234440496	2.26197767698959
374462	-3.48743095494374	2.00150585885132
8825	-2.85619755961674	1.67449987737957
8499	-2.52206353725155	1.91375872101768
29080	5.23992383690882	0.314647405417415
84190	1.60563504730163	0.888467878157994
160335	3.87898428968156	1.72372124249303
55117	-3.31880197056492	1.67326174945756
84125	-1.9400867487968	1.80071158790789
8092	-3.15281581373389	1.49395409678332
9182	-1.12973206816052	3.30449403177648
4922	-0.700361273549091	4.77082261915828
25834	-3.00866453567882	2.78518201012227
91298	4.49893939497807	0.502825731594298
80184	4.52076470900695	0.392782307064186
160418	5.99963443047368	0.465286474629981
4254	3.17156599257649	3.18500455508285
1848	5.13692700021525	2.60517936018078
105369889	-0.941514719154292	1.37338753863813
282809	4.40304539314474	0.971202516255857
8693	1.58017024390775	0.678131375893711
490	6.48948423543803	1.33290554852548
338758	0.469526431478868	1.14835779911337
4060	-0.576242631155061	3.31095337562038
1634	-3.23363611418545	1.03005923553207
256021	-2.48363758815628	1.69104057384818
694	6.1637464668839	1.36565881000989
8411	5.59852451300919	0.635728869471448
643339	-2.09392199236806	1.33027662766785
11163	6.68228444149482	1.27097625465145
7334	7.11055708610134	0.514890271605936
28977	6.1765246743845	0.687229573766999
144481	-1.60940717389941	1.23493072966226
8835	2.2775616443488	1.66933410892246
8738	2.59152108255797	0.432837414836324
10154	0.570474870732363	1.00651912788107
51134	4.16738503093814	0.574001099039405
144486	-0.270331824901098	0.871465190797622
57458	2.45205199414085	2.18944493822675
105369914	-1.84367254303492	1.45469132580815
55967	6.02091272583383	0.427930104574104
7181	4.22478599240047	0.487137448907773
55785	5.61674776063523	0.633344300325869
55591	6.32433042779182	0.534356245644851
10988	7.50630785681463	0.506668747574112
84101	-2.16584466461924	2.24437387758506
59277	4.90612654482937	3.37465290498674
6636	6.91237072287706	0.61947804089131
120935	-3.02065889381759	0.877453583898006
144193	-1.43798709336822	1.21776271441186
3034	-1.75113132062241	1.34529772251464
4048	6.6850855079282	0.666210905534419
2004	5.93586878515891	0.809943675986663
5128	5.00703497858257	0.629546754053771
144535	-1.24296031680093	1.39086813865471
121441	5.60898895599281	0.47145132770237
121456	-1.02231778898165	2.38883365949265
643770	-2.05222625142776	0.904958677313886
100128191	2.50055947313105	0.692553537377911
7112	7.77520052602112	0.417992313459378
5250	8.79300126075579	0.414417023550357
677832	-2.73623266588052	0.810189168036039
121457	4.94027808576401	0.681168246823019
317	5.32888504247534	0.603842475689625
56899	-2.50569862142131	1.93314734699147
23074	4.78003421062239	0.914334278067036
55592	1.77192194567261	1.01953597290715
64431	4.46320533355165	0.550783357115355
120863	0.544410103568276	0.633605866777316
55681	6.46824398328058	0.36993024184696
283431	4.94161506324753	0.569814550660025
121601	-3.66940227592905	1.15883957283025
27340	6.19033462096096	0.605985074262541
400	6.32011797719649	0.496084000207564
56994	2.46556321450712	3.97286923260412
50511	-2.53846032328432	1.09554385726845
79158	5.66455781210021	0.638777949251217
101929005	-3.21691445623165	0.982520609697693
55332	4.7918676051391	1.05302844806586
51019	3.85252895708433	0.638528689804009
79023	5.33801001455892	0.509527297174023
55010	4.38663790388993	0.434304480163863
5367	-2.27313861506196	0.545888875398154
5053	-2.82849099862745	3.00852835807293
429	-1.48767070903185	4.59716642732535
374470	-3.26033031882109	1.92327854808963
55576	-2.3254475514117	1.28490377298388
51559	3.10481419828503	1.05425127676743
253724	-0.51232722212031	0.808696871210447
7184	10.1936017766869	0.56198720966142
728568	3.27147622128023	0.773258078895153
6996	6.23216560263619	0.832297105366296
83468	-1.08273523077785	0.957431056506314
29915	3.52689173027898	0.743195769419447
4801	4.53417683092762	0.435490258383747
7296	9.08777594851412	0.946012599602325
493861	0.016074569020307	2.15413000951042
50515	4.12826432020446	1.78483445565451
84102	3.80332259463158	0.752755693783628
121053	3.57846924355107	0.615956552496236
160428	0.186313446106025	2.0345093237222
414300	-2.81826464731934	0.80172415217544
23325	6.29462198536917	0.502239589382928
55198	4.68431013103736	0.520573658180868
387882	4.4062254276379	1.87164730839224
101929110	-3.32193706395557	1.14949584164453
9891	4.08379401917631	2.61514033520662
10970	6.15639744054664	1.79526478035415
255394	2.49582956220225	1.70841208356601
55703	4.4920674022294	0.823896287007926
55188	3.82903701702758	0.992655373594904
90488	5.71270625934841	0.734076435888189
80298	2.78270757015505	0.874337984297192
1407	4.92141164985196	0.60305860471083
121551	-0.349496872969636	3.83273968800352
11137	5.90728328547632	0.491506896477111
11108	5.46957478085029	0.46855048041229
101929162	-2.48010770968951	0.738312836034133
9671	-2.80925454420346	1.47479563673077
11153	3.88640618846871	1.12302160329702
9733	6.59414362553737	0.27729883864926
23479	6.01770416731284	0.357011550670109
6404	-0.618459143190218	2.64129177221785
23603	7.69189731865013	0.573554001267328
54434	6.12530611314046	0.763584392040911
84749	3.46361662025208	0.507328172985142
100131733	-2.54525736459531	1.60005447178595
121642	4.16273659726064	0.578645153973885
7374	6.11912808999766	0.766469481727769
32	1.71235042435513	2.57488458761008
121643	-3.17558201014624	1.68530950910648
83892	6.22114831532876	0.361798943495591
89910	6.03776229356344	0.491322452651747
326625	4.9480964545423	0.429358991847514
4598	5.25588733989701	0.500922406398046
84915	2.32637753493329	1.94573846011873
84983	-1.67231957280871	1.54971579739506
59341	0.304246491965412	2.43503645251884
51228	5.58021310698608	0.655677887224589
84260	4.29944973710942	0.557315091676992
9815	5.53182436491512	0.529323403350268
88455	5.30404746625599	0.755194218075528
400073	2.78825006066221	0.580142273399253
28981	4.0215473793809	0.561062051223881
488	9.08602757601349	0.431985713832695
51434	6.41637764859144	0.328213177627111
10094	7.73717619651368	0.396574003347183
51184	5.26599053614943	0.377660407319811
29902	3.59440277614736	1.44534118464467
51699	6.29901534748712	0.399666813400088
144715	0.0663906007784799	0.81278799099657
160760	5.68339569950156	0.464119553511239
79600	3.13516544526469	1.45804002178709
84329	-2.22503539396353	1.42503759817055
5501	7.7774618970213	0.404952571261083
160762	-3.61566756964735	1.00940854014014
23316	-3.30723101359446	1.2189282008444
144717	3.88894134931524	0.503878122810769
10019	5.23326285919312	0.641673558142475
6311	5.71310684217355	0.356176227631372
8315	5.02206627684755	0.217155776167871
80724	4.09431808177776	0.662762008351004
217	1.96659648320432	2.66784870686224
51275	4.00693997748238	0.466123152558029
8550	4.97841492446888	0.467205987569088
89894	2.82176815494036	0.78445650613308
8759	0.517924132788827	0.59120342584418
10961	7.45043545265887	0.518205049530803
80018	6.13710110609932	0.473513272948525
10906	5.79529240406364	0.867292419749419
283450	6.29735151795175	0.578639635572854
6128	10.0286932062673	0.369607744385439
5781	8.4469320763254	0.413590897528256
4938	4.90165348516079	2.62430625975393
4940	6.13323582292053	1.87684597377664
4939	4.16518437668801	3.69890839756423
1840	-1.92641921311928	2.39871346891954
8437	-0.254572747379341	3.0577285577637
387885	-2.77481842543788	1.0151716990654
79039	6.79998155043858	0.347924783901457
84934	5.14874269806022	0.586813928861142
115811	1.24221942100709	1.30066398935552
53373	5.85245590721451	0.748464689375026
80024	4.37696458985226	0.920331029502726
196463	5.84262366083986	0.508805969095906
113675	3.14619247371937	1.38263669467562
64211	-1.52997013615802	2.53889178373299
104355219	-3.69716046717612	1.04780526436728
100506465	-1.13570033261597	2.46914938065517
9904	5.48142947833309	0.526654107350726
6926	-0.704119764091799	2.81867438792375
23389	6.42855732602144	0.715621900548121
100287569	-2.47108923113188	1.84585984440573
643246	1.08595689581038	0.739287274476462
79794	6.31255263547307	0.548446198119363
84900	2.25787801183449	0.881224499009768
8739	-0.547488781780437	2.41892660510873
26259	4.17562169007789	0.510751447302304
100506551	-2.63521839379507	0.773467739339149
54997	-0.960387317706389	2.77209061307334
23014	6.08906759452246	0.355637888473351
283455	0.497698392780904	2.26581204158411
5985	5.38408070580819	0.491649046702411
55884	7.03140479783426	0.54858896725942
54621	5.78152976154495	0.689511611157125
5037	7.72429525540465	0.635465848670832
51347	5.90381487526818	0.948382863624686
64426	6.96479275614268	0.5121382961429
84530	-2.73866216956918	3.11322670426362
26353	1.07850670887554	2.81989044370193
160777	-3.29372879011918	2.27840192982043
387890	-3.07972355940053	2.49712790694525
5564	5.33353924234703	0.651768783582669
11113	6.39858006249442	0.529972265389259
92558	4.08064413139788	1.17810904252679
11021	6.53174727281818	0.439981690198435
10985	8.17099066275909	0.415276742079504
6175	10.8317392148816	0.322277827619208
100506649	0.837268984272056	0.755391277377198
5829	8.16018882518599	0.985504731134332
26834	-2.8990112011988	0.926168805754949
23409	-0.463713367110761	1.65373537784755
4440	-1.53288777392754	2.67963052793272
1337	8.08342939392106	0.395396380475656
51499	4.90023044426279	0.352800866101037
283459	5.98746247459097	0.383807601707264
8683	7.61992626710291	0.47214047622406
8655	7.41454290590742	0.34365598715101
100506668	3.12104038920445	0.798134650454296
84274	5.10246922865395	0.704737849669974
9921	7.52209063814125	0.364971877671401
51367	4.51064769206267	0.43310876505896
9478	-1.1871320838566	1.95964430228411
9761	8.70480490932418	0.717659308509105
84747	6.13635605119413	0.54763651774351
35	3.19699252961079	0.978193348423058
121665	5.92804029358343	0.287056554441872
283460	-3.57377308179007	1.89708321922903
6927	1.14305126813569	1.81523961530978
64897	4.74604858305127	0.487954612222269
8638	5.09902586932418	2.88753200518751
5025	3.99363013521117	0.733596421456878
10645	5.80964711685756	0.404667519343886
51433	6.62018819284132	0.580499006251565
80196	5.53775871405778	0.505683790308452
84678	5.03696792596538	0.878097522800693
84876	4.94970185531699	0.657056841040447
283385	-1.23367955840356	1.39297148840021
144404	4.55672637892431	0.649224952009528
54509	3.72685475913268	1.49160282234824
338799	1.80953997808119	0.773688704140364
23067	5.82262094010447	0.35332697550472
3242	-0.693121202606636	0.975053402378684
5715	5.42239553291016	0.345769152390287
144406	0.498399041438181	1.3488315715382
605	4.89991670346138	0.763644876237324
22877	7.09675719803476	0.900334929715239
254050	-2.05790741339166	1.21291123180413
79369	-0.250080737434712	1.16323358819567
56616	5.70187719523478	0.363291125914342
101593348	-0.724220735606836	1.86380426396401
65082	5.87783101866275	0.590811293905119
6249	7.12041734155847	0.832446556204179
100507066	-0.521812104860463	1.12650677217023
55596	5.29267066861967	0.222348669232723
65117	6.38478894689886	0.25002168359045
9735	5.81957183499571	0.448668938492083
338442	-0.545395427758384	3.39356658576852
8843	-1.88952767026701	2.59986618837951
27198	0.653607861000691	4.01547854252454
8562	7.35759053852012	0.394961063019823
84660	-1.8077695612413	0.888574345921217
9026	6.04824175260339	0.705959682080243
79720	6.45984847113939	0.732760470300512
23457	3.48158377927938	1.07573415575486
79676	3.99204577848444	0.31508908285353
51329	6.93195554488391	0.349326698863985
57605	4.70999340712205	1.06198996326983
10198	4.91832892887147	0.429240049750546
91574	4.79549666854241	0.300597318398695
8099	6.79578096154996	0.44796566620862
55206	6.49964006575709	0.603912528151161
100293704	-0.808029384902668	1.18920887678131
387893	6.32393103676397	0.519446522896539
196383	4.31502305624596	1.38094976281239
11066	3.90832901175219	0.376585584424618
353116	3.27109231585591	1.09362651249144
101927415	-1.72766677226991	1.19039660984703
10959	8.64848202659833	0.746655745227216
57696	5.15951759250978	0.464897166437876
1967	5.77810760314273	0.457948561346243
2967	5.76711087997615	0.428646895870508
79867	3.89595029166293	0.928459846438151
23545	4.63005342705146	0.508249956833138
196385	-2.64250625282178	1.23706331782344
80212	2.05281711056334	1.12304797577557
144348	7.72958420628304	0.565310573100594
105370045	-1.76467124941746	2.59196939621696
9612	8.51984441166258	0.882180062341669
949	6.15039117387127	1.33561219996991
7316	10.0648307025843	0.406798030011305
57647	6.16575767237043	0.535866754093541
140707	3.9589028141174	0.629141076131298
102659353	4.46522633938114	0.775653891221924
65985	5.72124197490008	0.781493313134186
114795	-2.21660652450536	1.54607923132927
387895	-2.05622513399616	1.82564260799504
121260	4.68452363449294	0.443463333780433
100190940	-2.98389982095761	2.99568622065835
23504	-2.00434236675259	3.64872232896302
2054	3.49553911857432	0.92553510205334
5901	9.23655254217385	0.387647417084933
283383	-2.68060213821086	2.37322771907249
6433	5.85442908512624	0.266780826733948
4326	0.623230690314823	3.13290946582536
8408	5.12917864867031	0.711643195123444
80324	5.53532001134581	0.4940695583719
57634	6.98562337082426	0.379314926487409
347918	1.90706882934482	0.46645696531303
317781	4.55639317884486	0.47404124571958
79050	5.06119862785308	0.431277134331912
50614	0.724265547220354	2.91817321364762
100130238	0.431714481436176	2.85346989070786
57666	5.77034972225379	0.492885265159289
100996573	-0.100903147733433	0.93734577924645
22953	-1.65441060005022	1.27497664260302
5426	6.53168030951975	0.573085105156829
5827	3.97791786987999	0.845533419511997
192111	6.57381938664217	0.666617770350828
23141	6.80684669871157	0.416768677502153
2802	6.90812179251322	0.610483267780213
55743	5.30867791030118	0.85911339892555
101928530	-2.12532457761524	0.996426093683198
100289635	3.36654645594445	0.876624496565228
7574	3.23506291916374	0.335758851232629
7637	3.99448027742526	0.469827196112824
7699	3.64322756230183	0.36361211938483
101060200	1.11139889740969	0.632806730517069
7556	2.5148608484445	0.771191933993693
10795	4.07407991356676	0.367033786524121
54737	5.85992055055013	0.57786198579876
55269	6.08316483186124	0.530599957492694
9205	3.74124915920522	0.418636027200942
7750	6.48051537067264	0.175353040882085
2700	1.6843778855226	2.81589411475699
2706	4.0663691572814	3.03302019519805
10804	0.68765366888637	4.0182220721542
51084	2.75740354545449	1.04534966322644
8100	3.36269514788133	0.938809637785038
53342	1.89537714694287	0.822721395216181
221143	2.62051252586042	0.716312851088746
64328	5.79623752481604	0.337352548081501
26524	5.19094867012365	0.942414829158116
10284	7.381855160586	0.563985097181046
221150	4.67881200893939	0.685565756007196
78988	5.51595471917189	0.619398338406025
101928764	-2.42584054472614	0.951128203495383
650794	-0.0371068515548005	1.29915817360735
253832	6.74990892040914	1.17485848973808
221154	5.77863968676403	0.497181837584379
2254	-2.66421164142994	1.82029586377579
100506622	-3.44084089400359	1.8986542229384
26278	4.54375423577549	1.04839460993401
55504	-1.05474119330672	2.99274731965163
4285	4.12814210061718	0.680433509767894
542767	-2.50125316941246	1.07411270887075
221178	3.78046028901788	1.34923604027856
143	7.0879064564555	0.490962005881187
105370295	-2.92083877450994	1.38305791958204
101927375	-3.22563600489883	1.16075976391359
56163	-0.740732851098286	1.34674842840452
55835	4.23504741709403	0.507942249113656
646405	-2.88586763725541	1.98501019200017
5042	1.0173962621786	0.496751707142365
9107	4.94157718828748	0.614645785003067
9818	6.24847549656171	0.491473022969103
51761	-2.6680090630179	2.04435914379027
387914	0.317763007552676	3.89561101998511
6049	6.04009156868177	0.483441186185905
1024	5.4366459073492	0.527706924027538
10810	2.83675024441803	3.24381175169892
219333	6.35643489641088	0.81941561329662
100874071	-2.17646810073872	1.06050483970281
6144	9.01944398639215	0.327210605725524
26771	-1.29910305259048	0.435909246876714
619499	-1.62153189564853	0.784698021331969
387496	1.17765478956298	2.63185955564164
2971	6.49466698550137	0.401909780243197
219402	4.11918836057076	0.401063607404839
222484	4.47159478465595	0.500219999488206
51082	6.53105255496373	0.562759197892995
100861550	-2.56908188717204	1.79443933384476
3651	0.512695596126447	2.84432930190001
432369	-1.72926934231002	0.39482361966378
1045	0.623870728363955	2.50220256402661
255967	5.19613622613975	0.393591972030784
2321	-2.2053936377544	2.46721576153308
51371	7.36710232008979	0.465816044568404
283537	1.73505137325782	2.12585979179515
23281	-1.75812854004669	2.10957303981548
6541	7.52611439941984	0.520239564379798
5412	5.34759124432115	1.29550327507425
84056	4.24316826608053	1.03685062756496
103724387	-2.92472914045694	0.971062746451851
3146	8.85684862252758	0.58089618252759
10208	4.33500000858431	0.452072114969664
241	-2.50585738496102	1.67533294171993
10808	8.10823528947827	0.737852537786616
145173	3.96465425139883	0.788786334707477
196549	-1.65020164821742	3.01748740416992
10129	0.668964514104717	4.0178664784207
675	5.05359168615881	0.269704133301677
90634	0.132513762167352	1.10072498591849
10443	5.1904170027986	0.489313907364471
116828	-1.67130384794001	0.601211491737691
23047	6.09461837544559	0.588947487517917
9365	-1.78396486768452	2.41388044680867
90627	3.68850315079884	1.14858330652139
5983	5.83508022283625	0.68679717554805
100874179	-3.56056816875691	1.91805312784395
26960	3.25730738951185	2.95062288028606
9201	-1.49480858882625	2.27377711011065
23111	1.07541059560181	4.32974206205832
8900	-3.46478768626528	1.50107431267687
4093	0.157466930015016	2.97822112489298
5994	2.43372448148869	0.620791566300711
29880	5.00959106526275	0.547698917699715
11340	5.37653309174994	0.438115424760563
55578	5.28666640601858	0.60578544279544
10631	-2.7585508659439	1.83992391668895
7223	-1.59319587988542	2.48111630175107
100874188	-1.95218606090299	1.07300955773109
51569	6.09059531793669	0.564357612789157
341640	-0.207655573653968	2.49751114381494
80209	5.95333626062538	0.641478193391724
387921	4.56650354494661	0.667525888589378
10186	0.734406495520422	3.40983616343039
57511	4.93728104128636	0.485789097306065
105370172	-3.48012994074314	1.16162784856062
2308	3.07514324503604	2.05720472103034
10240	3.80487840679942	0.545284270836868
10166	4.43612724652492	0.86295559341052
100616668	-1.44003725157536	0.913459078712929
283507	-2.15616768166487	1.06916714600379
1997	6.13931360866078	0.876803416057216
11193	4.34530599940271	0.369146887108304
89890	4.26898259097681	0.707466282848057
101929140	-1.26618708720196	0.771132362939932
84078	3.25656958098146	0.512807646637337
9617	3.05965273237866	0.64500643766385
79612	4.14102853471832	0.503319770399546
28984	-0.576239978640879	1.99983741523065
23078	5.085565609953	0.454558170894136
100507240	-3.01266739424848	1.06601086373907
160851	5.2078726889879	0.802344516248508
11215	6.27185469736845	0.52542352996491
8600	-3.70640544346502	1.22208454951315
94240	1.04584791899779	3.77531011714608
29103	3.81842513596817	3.0284388520598
55068	-0.875168631443969	2.10968443274134
160857	1.48701446359167	0.60888347882625
144811	2.99285543489588	1.26513758527343
101929212	-1.90367416570481	1.20169747693057
387923	-2.32967248625725	2.24742989232553
400128	-3.46267075348184	2.08837846469093
8848	6.66896595111423	0.929472447796902
641467	1.63630248371586	1.02193767008467
26747	3.84766598249151	0.407004226818392
55425	4.38812129011309	0.414624582930136
2963	5.3422836956094	0.668790490403746
7178	10.4548440443639	0.463961073611434
100190939	1.48142353072361	0.79474679061545
253512	4.09258962884815	0.940691986159678
83548	5.05407240478939	0.709225052032315
220082	-2.62296983396006	2.10616890367711
283514	-3.80896798147303	0.956083094939583
23091	6.62475317531477	0.409587284741186
100509894	-2.17262157035662	2.19730176741512
3936	0.705338216326784	1.53343938731791
23143	4.48210303863709	0.613824207939805
2098	6.0730282941858	0.369732056621693
100861549	-2.3920998473865	0.979099227024007
8803	5.64813458386443	0.512934497346445
101929410	-2.55244712889288	1.0417088601559
55270	4.46659127845187	0.934460711269486
29079	4.70320850544075	0.549342625102635
9445	7.55057104095091	0.655027058033533
5925	6.32389539112144	0.513096621673736
10161	-0.694609015073814	2.79127305839823
1102	2.05295279175422	0.844110241468046
22862	6.36338405054213	0.451026803412041
2862	-3.20372905595683	1.08652965882299
81602	3.24487333140251	0.622257140565409
81617	3.79498573916428	1.25864890403608
83852	3.21706383843307	0.59984313505578
51131	3.28050957850324	0.895472690512453
55213	4.70368132065731	0.549808482068754
84650	5.6516487690622	0.574100876267437
3839	6.28852149517706	0.527009900701207
57213	4.14291138061091	0.685095738326474
8847	2.30369968536392	0.643047268697163
10206	3.80009526006014	0.497848316847023
283518	-1.67951165309899	0.482088814802026
10301	3.97565794283333	0.626106912411801
145165	0.678984454101737	0.56501602089245
220107	-0.72100682361357	0.959343343714766
100874255	-1.7876374534448	0.769472202887742
79621	4.66922100372684	0.455734773389272
2974	-0.59153601038707	0.868972676561738
220108	-2.19221624866981	1.57727518325508
647174	-2.79163292646679	0.851807522021235
26512	5.42005038423611	0.525636474186419
100507398	-1.46613091863008	1.18765596179717
115825	4.01321869967764	0.939525476495554
79758	2.24658498236383	0.557279938566162
540	3.18475291555264	1.22466306237104
440138	3.42357877365061	0.317499308035793
9724	4.97362031567436	0.42086263627109
341676	-2.10296411242944	1.29424096639149
4752	1.44838192617166	2.28810493507062
100887750	1.24564340716252	0.538226055884881
55901	0.0551403910210942	2.48448377287657
51028	5.5542725933109	0.370102979971473
26586	6.59444894248799	0.537807245395355
144983	3.63950091694532	0.529671261504842
10910	5.9269579061195	0.417553733491051
10562	-2.61614506844034	2.39213704944467
81624	5.75065384231058	0.670576677964758
81550	3.45536129386917	0.435286580557611
64881	-0.286888238173473	4.48315069114309
104355293	-3.86336183270457	1.09045096010275
5101	-0.08393682694917	2.86124318952297
1602	0.311558190559795	2.21894192792438
440145	5.38049831615436	0.98257380860438
79866	4.53492724941088	0.745977586192823
22894	6.12073791554554	0.477651162619094
10464	4.02865394207432	0.476328190472404
688	6.43158241961558	3.44561962101929
11278	2.58789498121583	2.50551564462861
9882	4.28327555854925	1.18343929695676
170622	5.02464456171035	0.592139717838568
7347	5.01168592085739	0.674649870018547
101927155	-2.87063134691312	1.52677649347426
4008	5.87597976185378	2.07379405793112
115207	2.32732464516272	2.81717470521095
1203	4.45979883116077	0.600866183954166
26224	5.27922806681577	0.580118084123696
23077	6.41281880600466	0.554078945851045
8796	2.84429692436181	4.1135324202025
122060	1.92437678102384	2.30306807741851
79596	3.64485061727971	0.566397527940311
64062	6.39987811971381	0.337275009116897
100505538	-0.619469380547135	1.50956783066089
54602	6.28347857577444	0.868575240895407
101515984	-3.86464197351029	1.08676565189985
10253	4.88474882297805	1.11930148010918
114798	-3.09713858726536	1.51882801092066
84189	3.00025616276395	3.73319540689329
26050	-1.88288108718826	2.74092303493506
101930749	-2.73489569646792	1.92051587140595
101927224	-3.67364877407547	1.2080603214017
407975	0.373769444273969	1.09573670239816
2262	-2.84080085457817	1.57241099057049
100873969	-3.82344422174769	1.20103948467897
10082	-1.2348947822779	3.37170983517285
1638	-2.26683839914866	0.87184715095476
23483	3.53089454447612	0.492373477566297
160897	4.90489671001925	0.730050556823723
11166	0.390182669553748	4.41550061561882
105376685	-2.06271146467963	2.37115031804708
100507533	-0.582020912625104	3.56121371194799
10257	4.1640971617024	1.30736502987841
9071	-1.75214962508269	2.69699262972961
100874194	-2.21391820923038	2.13590107810477
22873	1.01649277924608	3.36309242564893
5611	6.86028762628181	0.76846397548786
55757	4.6688181070768	0.514623696562478
266722	-2.26553068733438	2.45016871576568
27199	-3.41861899053445	1.59454961532442
10150	6.29175770530704	0.742004554331076
5911	5.3580193088403	1.04411570409284
3843	7.88845104969911	0.577778667100541
10160	5.10796921584276	0.985273756128356
8428	7.16734807202073	1.09547907615748
6564	0.232563675007578	3.30531943729755
23348	5.08450685158054	1.13337477988182
100861541	-0.890638686529374	0.92269270739195
100289373	-0.131962684966847	0.898156299323242
337867	6.05077174464823	0.732956399043943
102725509	1.36092938217073	0.916637655889172
9375	7.60146182101175	0.845144144944525
171425	0.358052001998572	1.09099051050761
85416	1.20640978332011	2.18732312240791
7546	1.80846807179459	1.79114519581745
5095	3.63102354135279	0.656535689980891
87769	0.357642341538066	1.85203403596948
84899	3.18158072143518	0.728054689828574
105370368	-1.98453013774406	1.17652366100397
259232	0.350110194409675	3.59177636090113
9358	2.96588457148627	3.26899938335902
2259	-1.37810505130216	2.83850846852125
283481	-2.59778571751709	1.7580342674155
7174	5.93527673111562	0.497981678497211
93081	3.94594356983593	0.653733571569641
79070	3.01105078491444	1.05920309429146
54841	2.80096637909113	0.943056536450778
2073	1.90205620168378	0.742333459466629
728192	-1.8210113708211	1.8742468028822
1948	4.99683075983815	2.46881986780639
55082	5.66290438673461	0.722222625367668
728215	-0.896252336890449	3.16134863360986
3981	4.33166090066848	0.481361038596116
84945	4.32155057982071	0.594156319366428
10673	-0.672160764106612	2.46324837972325
23026	-1.37422126445604	0.848945001145954
100885782	-2.36880510572741	1.47707977918351
8660	5.16144349361924	1.56869365291489
1282	1.11714889438131	2.07836093840387
1284	1.83689817407265	2.65425860169175
55647	3.92721090537409	2.09614826991468
55739	4.95214626488726	0.804295421934415
79587	5.18573652872358	0.948173985528614
105376684	-1.48970654667261	1.14917970149558
3621	4.40907882794417	0.676818816789591
283487	3.11953038148787	0.861207879675936
55608	4.85061135826501	0.606859638408524
104355135	-0.974231574465152	2.18401496958192
8874	5.72470328021516	0.377058069915153
101060553	-2.33478092367777	0.961782828073547
10426	4.67806466676938	0.727883858803559
23250	6.68182244691261	1.25125193246505
23263	2.16985403770366	3.29663830097299
100289410	-2.22065283800023	2.45455720286781
2159	-1.64374783527428	1.35575096553154
102724474	-1.1839351249448	1.09637698535943
8858	-2.29907357571685	1.40016760559333
55795	5.05676243173687	0.66936417544948
8451	6.81621209425986	0.498072431094945
3916	8.64348147921032	0.575926832070115
79774	2.88340941712679	1.07328399149103
101928841	0.424864265823358	1.8738389171965
113622	1.90818928221302	0.979573583385158
55208	3.54136172329849	0.460771844224048
55002	6.38754139140633	0.554426279634976
7027	7.46124865766403	0.66242153024216
348013	-0.0840354317464927	1.6670699527008
650669	-2.12184319801873	1.28026214209858
2621	3.76342670605173	2.04638831996313
100506394	-0.805963385717957	1.73324832848671
100861555	-2.37703772268025	1.82735585971944
100507747	-1.98485618797894	1.26143407769454
22821	3.80303769475602	1.96710777028772
8881	5.55941407807305	0.315889755450417
65110	5.54452233116195	0.310807281865494
283489	4.86652164823825	0.405539080606175
641455	-3.81652575346561	0.991364206250928
642477	2.45846248957468	1.50145228576971
503639	1.27706656610689	1.36204260384868
91875	3.29606019793612	0.918761195066168
57820	4.90909852194421	0.668228227175496
85495	0.356937321482629	0.898407923058231
10038	5.36103844125392	0.469031761373939
7011	4.89184816662429	0.901641235343538
123103	-3.30907096923772	1.32730883268511
55644	4.04820634323129	0.639091090768667
328	7.64928580196562	0.334922155102114
90809	5.70161872650517	0.585314926921378
4860	5.82670279297791	0.843952184360385
283	0.43902472162164	1.29905087671054
6038	1.8876176360259	1.26817858210047
6035	-0.308597245793188	3.35100100894302
64745	4.38427989549292	0.649867782272925
101929718	-2.55853776630108	1.20172106303383
57447	0.0705532641253769	3.6571557632459
84659	-3.00210558857868	1.86876018050462
55701	2.82078743690102	1.89818841717498
51222	4.32441021311529	1.40329999136561
643382	-2.22491273785174	1.37051825904295
283624	2.4154132264456	0.452598158473626
3183	9.66229751057399	0.356476687461012
57096	-2.14753442978479	0.579709177807374
11198	7.85168401683687	0.502503340800274
57680	7.16096622766829	0.276032227495945
84932	4.25787726818511	0.424772600341407
9878	6.41380606231876	0.313757497912688
56339	5.10354818978039	0.415894090396427
6297	0.235116776435378	3.2521713161079
28670	-3.71548836250682	1.30415402466112
28655	-3.78799538851297	1.12506365138183
28652	-2.95107513350759	2.00308779368508
28644	-3.56392283195834	1.18836136038888
28642	-3.06314629633883	1.99546139788428
1603	7.09443001616391	0.32160100299301
63874	5.15247073023425	0.910851736956166
5018	6.33381287115173	0.559108185196789
9056	0.670907435949282	2.51979391833426
122704	6.24270079842656	0.358981250920055
4323	3.93558583894302	3.57651214042854
26020	7.87977881615361	0.802463347484802
161253	-2.05694385663635	0.976349802792664
55147	5.84660664697548	0.301483514670699
100505758	-3.19751555356428	0.872259560406959
10419	6.0986526386724	0.494490949102583
54930	4.66589886271428	0.675637169805096
84962	6.24936078791958	1.15090327850033
60686	3.10965166197667	0.406674208182194
5693	7.33270527210801	0.508130966754236
64403	3.41912495995841	1.02261322211368
105370705	-2.1438055997276	1.07376048599183
22985	7.83001862460176	0.375549277330083
55017	5.15886345950595	0.467357450741351
23428	-0.134928643119554	1.94369867433771
100507650	-1.70749295069205	1.02017372734645
57594	3.86610318535317	0.66862643722023
90673	1.99594047283887	0.510612084143751
105378176	-0.765201899240066	0.622099022087675
599	5.66062718293061	0.574507162112129
100529063	-2.30420188080359	0.900330085326817
8106	5.59323423667542	0.188907408470704
51310	-0.636685967302814	2.69231061850903
25983	4.79509864484286	0.410536433124414
79178	3.27418410393257	0.412243160863443
85446	1.99853810055526	1.83940760278134
8906	4.82765587517449	0.751562952433433
102724814	0.185757965693916	0.556329924955621
10202	1.91255865150939	1.28362305849817
55449	3.05316823792822	0.79806086464329
10901	2.96327631223421	0.952123146146372
317749	2.69539896466466	1.16606739982177
728635	-0.646360306232068	1.44934945264195
90668	-1.0200705085501	1.84053901118852
4901	0.227096792397449	0.758900681628173
5106	5.5473768560442	1.16103018144401
80344	5.88495837959237	0.487069256603339
161247	-2.28623125550909	0.472118994589942
5720	6.94234194700887	1.00590695863874
51016	4.48810836552782	0.494589487825854
5721	7.22502639064276	0.867037217221138
55072	5.5263987991806	0.466331295868574
10379	4.8929539169444	1.31928461424912
9985	1.06924567072566	0.622619398599168
79711	6.23191651774981	0.793688179417477
10548	6.3683836779365	0.379212746832982
283629	-0.126785645807811	0.649619298589902
29082	5.81082988256628	0.369286950851681
145553	0.506224095297704	0.800199351832976
4738	6.16637937420723	0.507710226364386
51292	5.54214505297707	0.320982010321829
26277	4.90446352600567	0.40481459376022
7051	-0.0803060288629024	1.74840322200664
5875	4.2425524224056	0.365412441300467
115817	3.35461574251604	0.833003271130036
161424	5.36348018177383	0.531775396024402
56413	-0.354486996251384	0.664047704890543
1241	1.76248205152746	0.957809247068839
196883	-2.49726699429697	1.42852707700055
11035	-0.786709780186427	3.43077101750768
4776	0.1961458216964	2.06288231169895
57523	1.52813704182274	3.52514032282005
23351	6.48742387928072	0.594326197524288
643866	0.404668330332938	0.899308071454528
56948	4.4581047666329	0.620975458781988
101927045	2.12872170224346	0.824412517752234
29091	0.135007690093965	3.63065684384817
4857	-1.86617520180365	2.92864951242444
103695363	-3.6227463905853	1.52253321275358
5587	-0.940621376974256	2.95011999189582
55632	5.74121931589515	0.61615647214512
23256	6.22783452419349	0.629778614015566
1690	1.38017617544089	3.17945708091372
29966	5.91997297145515	0.55481184394765
11154	3.60945022158205	0.789837835226895
25831	8.12712570716412	0.585776905651805
25938	5.77501231883555	0.419654124601081
101927124	-1.92861084196444	0.644324394840935
112487	4.87578910412062	0.43500873176422
80224	4.27901396301187	0.812098926905945
84837	2.33215008722099	1.41842200778627
394	7.67312051795595	0.737324094151671
101954278	-0.93782072243813	0.532707724228711
9472	1.34246227664046	1.74055675380915
64067	-2.29249290563001	2.0265262627044
112399	2.19023653075214	2.48357194872714
171546	6.80094522476276	0.714593237496577
55837	4.85453884096481	0.708045224449361
58533	6.7925994120718	0.688399686998048
1073	6.01188753687314	0.810781971565416
11177	6.67138644383883	0.631478588003967
6729	6.75321964781206	0.566942545351173
283635	5.58615726359532	0.587257030090873
55012	4.34008965100645	0.70414339269303
9692	5.27556524505342	0.673362909974299
5687	7.61916281283243	0.714935381467814
4792	6.15468722813421	1.14645084846798
84684	-2.99970668843482	0.865537433099077
253959	5.51979678321604	0.657930828555317
84312	3.67499703466267	0.923302543893268
51562	4.57622325905336	0.849959758849566
7080	-1.83532000049068	2.88493131814818
100506237	-3.54276313792382	1.3179596855482
26257	-1.92302247443374	2.98699676325117
5083	-0.682463996128846	3.26330971936128
89874	0.294303555199958	2.44394528021038
100129794	-0.64214934414985	1.43719147326189
145282	3.18106827781271	1.13882185242003
3169	4.05386025523614	2.45634418248751
319089	0.674611145981358	2.28971341929919
6751	-3.45098964828827	1.24663894199245
283547	-2.96437231923101	1.47394290385029
10484	7.37738147208792	0.969073158366302
8487	3.98218205355491	0.70560473042503
122553	5.37519394776257	0.775219754176263
5411	7.16486737897733	0.590389662896393
117153	-1.48543446282255	2.07785513981586
4253	6.13757555004336	0.869540917849308
254170	4.75825570342516	0.806192948993439
644919	-2.21894244799485	2.92200436661242
145581	-2.44995996263273	2.59956937434973
122525	1.93355862675789	0.703205675136973
54813	4.38487591171726	0.410528298447928
23116	4.34700517437621	0.499959916397317
55015	4.65660260351056	0.413484990026713
2287	6.80812699357523	0.494799045781718
57697	4.35405582611719	0.506576510078789
55320	5.68930226283082	0.62904124889033
161357	-3.61490089286	1.2714873290768
100506433	-3.37863971709404	2.1971862560328
6235	9.3605649101064	0.55698369962618
6029	8.81119142504508	1.04717791731844
122769	5.12978732448889	0.679391488437389
6166	7.83058218961595	0.587648263852095
4247	6.57737438935547	0.496284754454703
55172	4.6861531555654	0.398549647274092
5427	3.83780067555693	0.655651190218195
122773	-0.350524008804028	0.727839170473377
23588	5.21227290928059	0.626603351701303
9147	6.20188688112512	0.354495061116746
378706	9.76874068444399	1.12553795423656
382	8.25853889965219	0.510113810712892
283551	1.94354775559062	1.80065682413073
100506499	0.0451210421057174	2.13261809152698
79609	3.27237616361959	0.345724667306223
6655	5.27300507715197	0.433440646310623
79944	5.66207912015868	0.459175021011852
27109	3.81456129565136	0.196190867866065
8814	1.4848772628143	0.573967305657776
11183	5.92205412053031	0.600157617586562
51062	2.01896711637785	1.11316126775778
60485	5.70859154646012	0.750338134994468
51199	5.99447487068778	0.654782386333565
145447	-2.8589919496331	1.30886528989656
5836	4.86752113944375	3.23828051492966
114088	0.799981954858652	2.74819989551545
81542	6.91405961088681	0.373853058106128
122786	4.75443815342287	1.53212697405008
145438	-0.405057362849724	0.923727778144884
54331	-0.76720798831155	2.24977312026539
51637	6.79577198194981	0.430232792202751
22795	1.25834465512399	2.88937630140724
5732	-2.02229774916339	2.01718354573101
57544	3.44906532912282	0.80056490339885
283554	1.26388882009863	1.09272326072367
30001	7.68786748557476	0.61335763588192
5706	6.72909152214622	0.449154083065554
6815	5.85200101984607	0.474968200996303
64841	6.92621853182315	0.473239636040037
10979	4.72034988850637	1.20885206531321
80821	4.62958927512706	0.256940083441828
652	1.13961343760191	4.50384004449978
1033	4.94183548634864	1.11244317642934
10175	6.6848078963501	0.384267987173883
2764	6.95802785589929	0.487444185912475
10668	3.50851426049163	0.303332522457376
23034	3.39495713023424	2.24037563297103
2643	3.99072858463723	1.13755378111693
11169	5.89330972197136	0.535987446881265
122809	5.38863294821213	0.549295433158014
93487	6.58696305685786	0.440268481226288
3958	7.32899359041603	1.48983889013993
9787	6.7067430042167	0.80929756148788
55030	5.50338243489832	0.781949413542947
22863	4.87153912688517	0.511113796920282
100129075	1.32677373714404	0.84388978906878
3895	8.99053352104191	0.519154032562288
645687	-2.51573045676649	1.39540056196572
57161	0.567609401941295	3.7621399273077
54916	4.25603654523696	0.737626291954249
10640	6.99303335868579	0.403293139570094
55745	5.47053998629376	0.450605734008499
122830	5.72220329466149	0.302229679282848
55195	-3.56910463778497	1.10212147654445
145407	-2.20279341958992	1.29883064201756
55860	5.67387822045698	0.38314037977638
5684	7.08328830128881	0.492029359024809
379025	4.21623646173715	0.667883549073601
5926	5.45038462397021	0.457885282623641
387990	-2.70157783443167	0.789255421913593
26520	4.60570595807016	0.601471731871856
9786	5.00005959053007	0.603969325446825
51339	-2.48947394581041	1.80724673467426
23002	5.69714544548904	1.20867777302022
64582	1.69878196992619	0.449204313311724
112849	2.91300806989716	0.840210663616083
51528	5.72959843242115	0.318334559332795
6252	-2.45292460842595	1.51258219853118
341883	-3.68984683174088	1.18304958472306
64430	5.23259913254094	1.0635790498193
51635	5.97580629952206	0.644521677122934
5494	5.74125903923011	0.515413501635627
317761	-3.2686210509699	1.0551371199669
105378189	-2.25331072355082	1.14659416910165
6495	4.2992754555033	0.853392111257238
51804	5.18125001198812	0.714692490482198
4331	4.89236682848059	0.405842837671564
57570	4.75227671174839	0.482077205368309
145389	4.05723571786385	0.641562013325819
161291	4.11737925646771	4.13163888642245
5583	4.27317318403791	1.9194850288156
101927780	-1.61357538158256	1.69410167484904
400221	-1.58895474623063	1.6864955445717
3091	7.23925701997029	0.504796115622
6617	4.18602859376437	0.470332738215618
83851	-1.11808707210998	3.25917828481357
27133	-2.97342619262609	2.82354399912572
57381	-3.32514499403928	1.27237286008985
5529	6.62770289895505	0.318401626341949
112840	4.40916553087641	0.362175314004435
81537	5.28529791447901	0.72343319989876
23224	6.69359655504944	0.425683138169613
2100	-0.465698186672035	0.600284784706428
441687	-2.86051374971295	0.928149265804485
4522	7.82949857876785	0.403515957444302
7597	2.95478450322569	0.551506696487774
9495	1.36244561840531	0.970359230578948
22890	5.28340228706459	0.439929012481723
3306	4.35522083666494	1.38104910043912
145376	0.0336270622493853	1.35983080841804
26030	5.49713605135607	1.00574626942462
6710	2.55153300200232	1.85607254927099
91612	5.05548995489256	0.741775162653725
2877	2.61993463572106	4.69807590186957
376267	5.02526776313292	1.72054626946226
2342	0.897938603755266	0.489457277796848
4149	5.91494946275007	0.552119535938988
100128233	-3.65333673216627	1.21781606069958
645431	-1.04458571391912	1.91925395074497
2530	5.40202181882797	1.42146605713087
10243	4.51587558352593	0.482860130171474
161142	-2.03712558780977	2.38798600931944
64398	6.46927719731098	0.568306308324098
51382	6.17350581646606	0.426010047777207
1965	7.30442590817162	0.446092724616791
26499	3.89792287717403	3.12113194994056
161145	0.376778979320512	2.18986486666511
57475	3.18794273210989	0.872792520002775
5283	3.85002418130718	0.619537482326181
384	4.4899849527794	1.08977846787012
10490	5.84333230673551	0.483692261306197
51109	7.24011444376504	0.672238521189151
145226	-2.08242312297611	1.23380235551954
23503	5.70328349332162	0.529030818644237
5890	2.83211559390388	0.629466044040103
100996664	-1.70252236345079	1.68749273798424
677	7.47823525411121	1.72301497774204
105370548	-1.62559118153537	1.1324098155126
87	8.10093695840664	0.72262374877336
8816	5.90708413514829	0.387791940807607
55218	5.21856985468237	0.488778700611165
57452	-2.22440996893077	1.44979719299984
2079	8.25595832806077	0.508576098778818
55334	6.61359406835946	0.489801452309021
400224	-2.49419346320311	1.71147688371933
9766	5.30268121825286	1.12076756962986
100289511	-1.25711785809489	0.970830232651952
6430	7.1857017783073	0.724598311088966
64093	-1.66057779200069	3.45432135808172
51241	2.84728254958671	0.45845986219645
55333	5.50440089403843	0.483419003601058
8747	-1.03681866851081	1.91285802902619
10001	5.04310726332722	0.464667663832648
23508	3.58870110948415	3.04398194581168
103695436	-1.33870220630133	2.27201247856418
4293	5.93310671044941	0.763530790687306
22990	6.25890512114897	0.586327035006797
26037	6.05567393204762	0.594993683987241
9628	-1.15265727969811	2.76519660490957
8110	-1.69271693581677	1.54658288516781
26094	3.30430054396887	0.627693325254097
53349	4.53913756030661	0.775753906037044
58517	7.35630036577895	0.236385465541544
5663	6.61874808813483	0.3790762441841
89932	0.867756935390177	2.0152367670048
101928123	-2.22495438791253	1.91693856129172
8650	6.58558260177797	0.405482158084138
101928143	-3.29224565440816	1.36152629685586
399671	-1.16909838343148	1.35902761366287
79697	4.54008432205617	0.34752832757675
641371	2.02358129155645	1.14113246372129
10965	4.84793686128747	0.603798843635798
122970	1.61070855858783	1.58575307140195
641372	-2.28920045771334	1.58164510907228
83544	4.10790076999071	0.407609829291368
9240	6.01429884233679	0.51989292011348
91748	6.03927199165228	0.555067012993888
100506476	-0.204950272276859	1.50064030706818
145482	4.22310791170243	0.758041282301573
57862	5.53936885536842	0.412979307060792
145483	2.12427938247871	0.774121910071067
51004	4.07205388152701	0.342587669494484
957	4.65304502069954	0.465758775532239
80127	0.690593770358537	1.3572054622454
4329	3.92986933239435	1.02550868986072
91750	3.74838749156208	0.309590075669754
5826	3.90768087922351	0.725179553479718
55237	-3.41355038396147	1.47546800412552
10577	6.45376840410719	1.23777946920083
122961	4.96526528835228	0.575415386208687
4053	4.46436945394054	1.47691314528593
9870	6.54619266336284	0.486691063790694
51077	6.32492017245007	0.520067934060085
56252	6.74211735533553	0.261818135306459
283571	0.0602168707772197	1.07126913149561
1743	6.4571473531048	0.396972357200334
83694	1.41968833607968	1.37952998383899
5228	-0.412541795386559	1.47703736215632
8892	5.27267707042014	0.529351595904062
27030	4.26397687927623	0.376029527111233
97	3.38159660791587	0.658285551936453
79696	1.90405277981769	0.745674934743624
91754	5.88111776952958	0.91578421311264
10972	8.5957890278803	0.36995599149774
2353	7.26468022818651	2.23152059588067
731223	-1.89087315951354	0.673156191765498
101928377	-1.30054327081865	1.85565396074116
122953	3.72610097179923	2.65497308291866
10538	-0.493638923644349	3.70687423467424
55640	1.47145639621207	2.24786850915919
11161	6.23690077917888	0.544372444722265
23093	5.58268613920662	0.473620227384832
7043	1.75015344154323	2.2872067136965
112752	3.72205808288052	0.341795888698944
55668	5.60566849456556	0.471810541338119
22846	0.823079022281377	2.65881334310194
100506603	1.09792972047162	0.52571537152671
23357	4.8529710378848	0.459724836732107
64207	6.40848902952143	0.890762530838688
105370579	-0.641508565317011	0.895121676903571
283575	-2.75414670098923	0.887941211838629
85457	4.42828968703064	0.376636785465845
283576	-2.67400049942875	1.78475470771364
57156	-0.447873740192321	3.35876845449514
29954	4.42310883238735	0.303173925650684
2954	3.92552449332368	0.568674297707176
283578	5.48770464304981	0.268079717141506
161394	-0.398038947654366	1.18390005825566
122945	-0.753431615904134	0.77011655587531
63894	4.59419146047328	0.48031520947093
10598	7.43276223351841	0.425132283088224
145501	-1.86459393802393	2.00920341601907
9517	6.96278589893559	0.752869086740987
8846	4.07203393430975	0.374572041044072
81892	5.82123264475048	0.481907697135077
22938	6.71670190702729	0.339186056414634
283579	-2.42553574974665	0.705725113269484
57143	2.59424552132725	0.753668192762726
1734	0.103933799583334	3.67245697622353
145508	3.96663183377708	0.71215699723629
2957	6.23539928570332	0.409530915289297
85439	2.01717919445839	3.91788989785909
6400	7.28629234043309	0.640763973245974
23768	1.09105117157899	3.548747538941
101928767	-2.18959975047424	1.56795312334451
2581	4.48320323971321	1.96914514428715
8477	-3.65210604216319	1.50161579755945
55812	2.28234233920954	0.656275265983811
11099	3.70386663694424	1.2606408822483
79882	5.98686061118565	0.419666781026747
161436	2.34524002247185	0.786518117099018
123016	3.54024815271594	1.35439392401007
1112	4.22274499848799	1.84144508151395
400236	0.415250441714519	0.958980912393108
90141	3.57658146394612	0.768752647885718
55775	4.6649466894875	0.436246650377672
56659	-3.29294013529231	1.09652521850713
5700	7.6750160440679	0.411090964481891
55051	3.9791390279278	0.672604193020315
801	8.46084333352455	0.478259883865012
145567	1.75963683323557	2.51177513316248
9252	2.59395845183619	1.2857397780319
80017	2.3920997215563	3.04153793961413
8111	-1.98048212094833	1.50671078669847
440193	4.83925160386387	1.01649020237271
55671	6.87147895035901	0.573585589926083
10516	-1.83504079564103	1.8403344424241
9321	5.94271765058599	0.491803328508833
4287	4.04964742083582	0.687617770789843
4707	6.09736766042715	0.431808705771288
53981	6.96902308041393	0.330720486792098
105370707	-2.30513248544492	1.67388054261418
79890	1.17945749476351	3.61533238375973
5641	6.54652819090203	1.11793054897788
9950	5.92771699219032	0.404041242502557
1113	-3.07612744171179	2.79435696793914
3705	3.47185767827853	1.11545853047578
64112	-2.75326431754631	0.787108485750006
26175	-2.39286248142334	1.21559861326314
55148	0.0183744653985726	1.47628380585921
55727	1.24773000820942	0.749953476017491
57578	-3.48684442769911	1.42078469450063
78990	-2.45086820373116	1.98207985893141
57062	1.82538846670856	1.65378244133709
122509	-0.447686815256468	1.84677353358656
3429	-0.838557498019356	3.4853368511683
83982	-2.3113716525595	1.38209125459547
5265	0.199817281260098	2.86777115471288
5104	-1.55886605858831	1.81458381452278
12	0.551033496462078	3.51133624708273
145258	-3.25218917501816	1.56186162326608
23405	6.81458504779166	0.769409127579007
400242	-0.716184367284544	1.09535833576858
79789	5.47359674356745	1.15935884926522
79686	-0.630615525305668	1.99883500952149
161176	1.44313305450999	1.63073049425211
105370641	-2.97832210041347	1.2542881909287
283596	3.29468081970861	0.889061049494396
51218	6.67058527013229	0.512624216598552
56967	0.887468366789592	3.79355448862185
624	0.264244120255548	4.24614772416753
623	-2.10192555495716	2.55478153512449
55102	4.89573385548605	0.948376533011119
51527	5.3211803927181	0.637937139798838
122481	0.268493285517866	1.70558932758357
730202	-0.228898343844395	0.953747463926814
10914	8.46337144222042	0.386131445292388
7443	5.18447987229811	0.645034171112717
145249	-2.0671286232227	0.803534913329742
64919	-1.77357825299342	2.79991713978401
84193	6.38792684570027	0.508242029750604
8812	6.40996045354248	0.48998698471757
317762	6.3585869032008	0.62825980551812
84439	-0.766531232013639	2.074421436202
10858	-3.21155297316385	1.01669683678578
2009	0.076272227698048	3.76674315269992
51466	-0.765299474357684	3.20194417511916
123099	-0.816245407372726	2.22244537080548
7528	7.22785175905389	0.365616201582477
123096	4.17159443397292	0.89995068087218
7453	7.85854114696068	0.937327209614714
79446	3.08060690321497	1.00482130916061
57596	1.01347353189262	2.94324612578542
55384	-3.24785070090605	2.36374721861442
388015	-3.28323146754677	1.42622438244407
338002	-3.81378826841707	1.2257399097388
64150	-2.72899462565311	1.39107781745494
100302145	-2.95477767525588	1.83048886673363
1735	-0.845454370728423	2.15524452192386
145200	0.109965330390871	1.93223274276709
5527	6.82040891342133	0.551932349606256
1778	9.2093999541335	0.415326883980881
3320	10.7899301717055	0.623537273369801
91833	5.11271569924105	0.611511792824002
5891	3.18366855458069	2.13569188398911
55778	3.63597276885775	0.625498244556483
51550	4.66003617127618	0.519694716118014
9895	4.630117540612	0.536484208541601
122416	4.66792188034208	1.17596171783127
23186	6.5167020684772	0.482286262097084
7187	5.62507905571269	0.805498953718919
81693	0.604787643586072	2.0293722204106
9578	7.37915694312586	0.595344965678365
91828	-1.13558142528212	1.80480043323443
7127	6.21068949547823	1.67662944062466
1983	8.15079467353626	0.773088072802852
4140	6.34928995834999	0.525452144212346
1152	5.05153376585295	1.4755380144252
115708	4.84123063951717	0.451601538194589
9529	5.79957655003906	0.510810462866833
84334	5.50365936167361	0.575912616763663
3831	6.56724266187333	0.624614747909547
7517	4.96684507771026	0.440715759476747
79038	4.56305186508849	0.637225091324223
23368	4.28349022701723	0.728256178727355
145216	-3.46515829771844	1.13853029860718
9556	6.44216129666307	0.592645535367532
122402	-3.28504432165377	1.22351387721719
374569	-2.81172708661614	1.05537767292353
105370708	-3.36986328392289	1.22541619048549
26153	0.272423034858186	2.92045159223903
64423	7.40785082747409	0.643888574871697
122622	1.70287542460099	1.20487796401112
10572	5.64635763471122	0.64882039120052
207	6.98084618785919	0.551158588302871
100128927	3.27541372622215	1.29942610409137
196872	0.330930285219613	1.29259578833518
283638	6.67968318720155	0.769060063393284
113146	6.50080132011216	1.715416356793
122616	2.49902109146529	0.644488220277518
55038	5.60689398977932	0.826205665892957
29933	-2.4957853096913	1.40627874502201
102723354	-1.00309691644737	2.34475002344717
3714	4.79242101447066	2.06504283824697
256281	4.49942106453784	1.21708026716445
2972	4.47258788141582	0.519225111133883
23241	4.86530997686229	0.615112371577949
647310	-0.816348470485313	1.03276957366732
100507437	1.22747842575859	1.29759180267448
9112	6.44606563132574	0.531097529241619
1397	4.8769033638973	1.43235093476783
105378191	-2.20013494435972	1.08339078807174
1396	3.78238629586761	2.92216653391618
283643	4.60955694176912	0.501305787495849
80757	-0.13896377473638	1.85022044368468
283755	0.415182935287294	2.74936824844604
646214	-3.70055525720141	1.00272720134324
101928039	-3.84454810894423	1.15598775165419
646396	-3.33507509717621	1.98349443636356
400322	3.10588390970517	1.5666031276916
339005	0.972254444466507	1.23034687850907
283683	-1.76084299636407	2.9215002489108
123606	6.35372470580585	0.849019994769784
81614	6.94344496257003	0.315653285762352
23191	6.37741958256948	0.368134257707459
114791	2.48239037420749	0.574255432601093
7681	-1.92850413482039	2.3837914598415
347746	-1.41788648453492	2.21382150648191
8123	-0.72819959483539	2.69486619322586
338428	-2.57771373521727	1.53686435400515
100033416	-1.87590401158327	2.02835174839309
100033431	-3.24882758988787	1.04307119443874
100033432	-3.12290006517472	1.30341767958619
100033433	-3.03246950763928	1.36095082634393
100033435	-3.22987703143052	1.03962078155029
3653	0.0579674474449103	3.1813066228868
7337	6.76376045780637	0.328530130078048
57194	-3.77058301493997	0.960939187386127
2562	-1.74601296528777	3.70418438225074
8924	4.95288338666033	0.416196267206592
646278	-2.22950783879859	2.66897485394677
728310	-3.53572378946827	1.36026572104732
321	-2.90930332408832	1.88150051262804
56160	-2.7332946677224	0.791909231765497
7082	3.10080911874484	1.05447809823012
728498	-3.25230947867453	1.11010868080901
101927579	-3.19574335923069	0.916601720313046
89839	-1.43177497084519	1.61743953850739
100288637	1.05799858194341	1.80913584878382
22909	0.707364997485355	1.15898520473566
54893	0.749132766352856	1.75977867225048
51621	1.14987520345016	2.59791478499589
161725	-2.00488837873538	1.42601360420783
1139	-3.06377539583835	1.38207212035977
653125	-3.11225649139046	1.62892567714794
728047	-2.94614658424223	1.30365331989533
100288615	-0.337080093242456	0.984511254417816
100996255	-2.89674091113327	1.47667996597209
9824	2.08035001594527	0.629327716812165
6447	-3.31899191537477	1.30166227599202
342184	2.86400271191765	2.09122508096495
6263	-0.35945557730905	0.873715927711039
57099	4.09611553218978	0.776486206260631
1133	-2.94217657362326	2.41883331269427
56851	6.14556882292897	0.491198412163955
161779	1.50688743165356	0.558063267212891
79768	4.46430992018288	0.461556010114857
51234	6.34790209111349	0.459657863015902
9990	5.51927491038218	0.583702859985207
55505	6.71433861230909	0.608916533993614
254531	5.33616554420196	0.709903408651087
23015	2.92482859730753	1.21586022594791
440270	3.00757729103774	0.662819516737325
70	-2.40886658641928	1.23024334952892
9716	6.16767955253127	0.422629969289716
54989	6.19240473469721	0.646877969440133
723972	0.13670545392643	0.60555154495121
89978	3.0654161173464	0.883896901163124
100507466	-1.4119968164484	1.43380369144996
84529	4.42784718001198	0.580513389326995
4212	4.90291416514546	1.08740698741735
161742	4.91129306608692	0.736324283401414
283742	5.66005602786201	0.562874580673226
10125	-1.68484541164141	1.33253893883273
7057	5.86453201690798	2.44588603298214
161835	-0.76006969863116	1.19242074574456
105370941	-2.38388122791277	0.753740209034209
11245	2.32396573160165	2.2379457413405
440275	6.03945866160108	0.450216425820244
6727	7.78671042363227	0.445270004474431
100131089	1.17926326812017	0.719423140305338
90427	2.78089490797246	1.31834166799323
701	6.2753898925624	0.396053368064715
56924	2.57187386778402	1.83453169377593
644809	-2.25111140706273	1.42259217707159
100131244	-3.19518987475155	1.18362012535921
5330	-1.94834599709902	2.08343789919114
100505573	3.96094214815251	0.906725683325792
388115	5.0584771396352	1.11936998027132
644844	-0.587518948188909	3.33885871232527
85455	4.03569808418803	2.18388023185548
90417	5.85718047730277	0.490463206041484
3712	6.45473995969144	0.290159894628324
22893	5.62638009657564	0.541807183069649
113189	4.13989344254034	0.752977939860052
90416	3.9143886552854	0.343604275674477
27079	3.90005471795511	0.327534058468509
57082	5.72439096628579	0.384601634563726
100505648	-0.128973106959278	0.688846865803129
5888	3.93228561070614	0.972330178544873
55177	5.13068144179049	0.501727361606935
2644	2.75445286837778	1.17289624314984
55192	3.33339261338109	0.340916279542018
643338	0.405589423822829	1.21007110094259
84936	4.38448071806333	0.410732335935787
6692	6.53909612157835	3.05535055565115
171177	2.63991365395977	1.86137018886126
57617	5.17528805856114	0.826956900959098
105370943	0.961502780310742	1.23113922343805
54567	-0.322210155345348	3.27254302522393
79094	3.88164630483295	1.86571467407758
54617	5.86297402191055	0.488791877521801
161829	-2.52534849319201	0.790821751256539
11261	7.02995327638893	0.371778090976252
729082	5.60050778161224	0.468515170261845
11339	4.16133333525222	0.427132009595907
51203	6.80649445139639	0.518942498519651
51103	3.84977091348109	0.685236028000857
23168	6.12907095383571	0.658993008736569
3706	1.01701763725115	1.31226211025029
4058	-2.15224601754075	1.99171784765968
26015	5.32034756336296	0.403686801634979
7301	4.2190417046816	0.56258567591913
23269	5.54182017387437	0.650178623072689
23005	4.32356384762019	0.680708893333944
100137047	1.02747522980253	0.850266291401622
51332	0.256465782706482	1.06214547418268
30844	6.14577387399375	1.05466939301129
101928363	-2.99386936609443	1.10247238183888
283748	-2.6717264685589	1.41041438079399
255189	0.271032650158138	2.88772122372262
23339	5.96843662076201	0.516568894829214
25963	6.67518122966715	0.546231289726336
2595	3.59586412163917	0.568369601404219
825	-1.45735999961657	1.50333185221482
64397	6.95092964975722	0.418148682518859
8773	5.7427334878737	0.375235754942777
255252	4.54440921746677	0.436425957404658
55142	5.34063626705825	0.425214827509254
57519	0.197450937633053	2.26040001471897
146059	4.37221621213098	0.618450253766437
146057	4.61266848662157	0.653408576143917
197131	5.56111047881852	0.513958844108004
80021	4.60156289447868	0.795903028360053
23582	4.82774686857226	0.895465523144421
9836	3.31794370542097	0.531000876743562
161823	3.00998083519881	0.871010660773761
146050	5.27058372555693	0.549474455099441
27229	4.30292526893622	0.480273745488093
7158	6.51821743117375	0.594093125677803
4130	0.866401380360611	2.33225228709236
9677	3.7599270126878	0.576150281028188
1159	1.0195048871473	2.65504175291131
117155	0.25927822039762	0.908440660329292
548596	0.818540109848152	2.27522025235035
440278	0.750278446135082	0.942985499843531
2923	9.49098723672294	0.532221459038217
80237	2.45349177484211	0.80296813595209
10169	7.99271616430741	0.576668848249196
619189	-0.344989021615866	1.11253076425324
4236	5.93366389864779	0.324751041609974
79968	4.67056958993569	0.740025538623201
84978	3.15033698024907	1.77422384845773
728758	-2.18427282233433	0.771973189090237
113201	6.29408886713163	0.81612505577143
51496	5.69631186697911	0.414279053077287
645212	3.11552910462916	0.395057549208508
8669	7.47112409844587	0.570610415598157
80208	6.12595343545521	0.353481697430748
197135	-1.24268638774852	1.79544452626798
567	7.66863368830308	0.911158030340866
100419583	-2.49370966928999	0.639077615518286
6652	5.94518668414193	0.658893748191266
50506	-2.03934872380386	2.35308794967857
405753	-2.94378631094878	2.01998369210005
90527	-3.2242796984455	1.68494664859502
53905	-0.197221825820313	2.28401568038027
90525	-0.0198262934562738	2.29371579957461
2628	2.65570948619495	2.05255451450868
79029	4.03978572598681	0.523002531920222
84419	4.05438049702322	3.21820377257093
7782	1.41976542552483	2.49983491412427
283651	-2.528861633775	1.31489836930797
26258	6.057100533052	0.609435579936699
58472	4.77735189712555	0.900756475579967
80031	-3.38161167825523	1.78073231171668
283652	-2.28890078092288	1.83744088935715
50804	2.79263198306052	3.83095248702194
399697	-3.35230377037632	1.22286620182754
1854	6.63429011807202	0.398210162903129
2200	0.655180331611852	1.52960244701699
22995	3.945357168535	0.513910946201885
399694	-2.01880855830147	2.65180229930728
23741	7.22684307458951	0.629346683412241
9728	5.86824985981721	0.579175910226977
9318	6.47175101619431	0.303974721988463
2585	4.53913109096427	0.698379678087714
196951	0.0159964245164744	1.09452726636452
56986	3.71927666015018	0.49414448791196
79895	-2.93804760571569	1.07239702803344
11001	2.63572973253903	2.62416718830985
2553	4.45123801623533	0.594785683063883
55056	1.70866381814055	0.871116408787842
100129387	1.8076876703172	0.878431955424115
9101	6.05583036340572	0.375571045586552
54822	6.15957566244843	0.44199377207896
84888	5.49484821702624	0.568046709785293
23431	4.84530546037304	0.56240774416245
388121	-2.49567725060033	1.39357255838755
1588	-1.9825539602539	1.87157415589345
342035	-0.94363281489218	2.57331637706557
23312	5.39086916661877	0.625679956274357
29106	-0.744725880192639	4.41570004022995
256586	3.77707216356622	1.24562520876868
29767	2.05497300751827	2.4433169558175
29766	7.58937148447689	0.84609131046183
123169	5.49843923405046	0.574506763024127
5597	7.00112272109425	0.735419014097304
10017	-2.8337491335947	1.92422915472081
10681	4.9644781237618	0.567621091971033
100129973	-1.4806886590704	0.888103603323486
55930	4.56690968895209	2.65811567930264
4644	4.89931869823522	1.59969984600985
10776	7.60779171651049	0.617996757353671
56204	4.36929343139055	0.889504701432617
3175	-1.8639091995959	2.42191956429934
256764	0.528441350040726	4.07712244125249
51187	6.55610972961076	0.583765720475224
5873	3.97386323237273	1.03394944291243
9488	3.99051792606786	0.438959125126133
9236	3.94519722534754	0.70669939153591
145788	-0.436820718363587	1.03179946222805
161582	-2.21693356986802	1.28050183120697
26108	-0.3880732161132	2.72137057029181
283659	0.926745806117848	2.71120897986965
4734	5.35214155872905	0.678474397173679
64864	5.11538790349491	0.495408853873387
374618	1.49436044618101	0.462824046957914
55329	2.50861765798784	1.09529578850803
54816	4.06008917403063	0.51264733344752
145783	1.97729738574877	0.830964446098532
6938	6.31817722164948	0.832639586206536
283663	-2.08822169270816	1.47310104953255
84952	1.57175626597338	2.81115931138222
145781	-0.175324476268849	2.36146419301439
100820829	0.969831576619997	2.39418689411214
81488	2.99847806171322	0.551427557579206
8854	-1.84957067595045	2.79201306726828
101928635	-1.28021450792879	1.08267366989733
3990	-2.00092835389397	2.14012734660382
101928694	-3.6423599329884	1.25757489781557
101928668	-3.75289718609448	0.830056967185474
102	8.39565765421593	0.620601099572142
54629	6.16564621376657	0.933828698991854
79811	7.03557008974728	0.275312244041089
54778	5.46183257609068	0.349691834717729
9133	6.5025301865521	0.451177767040603
4643	6.50889533136769	1.11187549209586
145773	2.56320145178431	1.45957225954721
9245	1.15091725007304	4.13453598788338
2958	6.52635258667129	0.406602415629016
663	5.87120350175147	0.550302147522771
27023	-3.01121280107418	1.21462314283347
302	10.1800404501437	0.727423894283538
79664	5.58181049987208	0.364124008229231
101928784	-1.01232672282224	0.720637236458817
6095	1.64707890831917	2.07336077133276
54832	6.07694931568681	0.571331012961
145741	0.00869555111595748	3.87259788743411
388125	-1.91478027646992	4.08939084883477
105370849	-3.2268844212282	2.5253101881111
83660	4.08081377392689	0.511501028966982
7168	6.13276156232847	1.61998441454027
114294	4.27518836693043	0.42952816330218
51065	4.84623010753759	0.614609819043361
51762	4.61887363714549	0.516976469863205
83464	3.11946695829694	1.48454732992916
771	-0.853041070925389	1.33832078371501
9960	4.68553982653968	0.763115439410213
100130855	-1.94721319773095	1.1601250097383
283807	-0.223161387784318	1.08307706384981
8925	5.77910125271077	0.498065591130908
23604	0.195648315809473	1.26716571142792
84191	5.98672494215215	0.615374368426113
6642	6.82024058426221	0.436417743050035
79856	-0.334668471422065	1.22059672743833
5479	7.52570368279872	0.731886757006329
53944	5.60865458508448	0.290736976030328
9768	6.73849950255355	0.495177628799852
9325	4.55350492332074	0.386267661571401
23060	6.76503515491728	0.39497534819908
4947	6.1804892996166	0.628518404953249
348093	0.10984986955461	2.8238957994885
80119	3.25265003664575	0.66146192879367
80301	2.45600985244565	1.54507655725841
348094	1.31566362189589	1.22972270211833
51324	6.45973869735878	0.406049954351313
123263	3.7832227644571	0.4097347815293
123264	-3.05490279405418	1.60908571248551
390595	-2.42270082328133	0.855455632248233
10081	4.88778097660477	0.463682112336829
10845	5.74281577614106	0.451462445961806
54956	3.05322810213305	1.02073589169337
26831	-1.79441382715594	1.46943080681866
9543	-2.11640083084477	1.57959101604963
57722	-0.554571502021131	2.13115732321256
54878	5.60171531931094	0.457164633510935
51495	7.51806035329185	0.472488104346366
81556	5.91025456749503	0.367027744234394
9187	3.09339087683043	0.726745462411588
10260	4.96807645002669	0.745529029346204
8766	7.52659449221726	0.518834159772817
84465	-2.41194658919809	1.16625999959078
115752	4.9244536223966	0.598084810052607
54962	3.93337492885333	0.602403076434744
5604	6.43599859469505	0.985215900787232
10302	4.0820810774665	0.713234809125601
6124	10.5155251462448	0.379780006197782
595100	-2.19599517937165	0.912152888108975
595097	-1.42340756103527	0.982954507822732
55055	5.66038376855969	0.519210743150982
197021	-0.697641758799515	0.628610715742658
4091	2.09772705763308	2.33531673157767
102723481	-3.12776720559989	1.96693177665492
4088	7.18747091467478	0.964030354412551
79719	6.29360854839343	0.343263505977369
64799	0.984476466212516	0.491458161849753
100506686	2.33667997685405	0.705937008707289
145853	2.4403383356952	0.812241986834391
5607	3.99335549604881	0.574753313151033
390598	-0.776425585006601	2.28290123485668
8554	5.40519054192572	0.440759878617767
91860	2.35938189448042	0.566366643878915
54982	5.94330860228944	0.412838225137438
10116	5.81717230349705	0.639645832603544
22801	-2.05641798039147	1.84524349915262
10391	-1.40316257445523	2.47400914646067
8125	8.29739231525893	0.400537738583702
79400	-2.85202099891525	1.18127957744379
246777	-3.34226608133987	2.51392353608813
26035	4.63716176217466	0.572265527676204
54852	2.02654833232572	1.45487166379806
9493	6.67322183035516	0.586726607747208
6176	10.4899737850072	0.41690481647671
145837	-2.10259541275221	3.29983952979859
104472713	-3.63082020279746	1.26999429631818
7090	6.24225901613372	0.788032639154322
55075	6.71287132195387	0.792953216377607
55323	4.67243164573429	0.655380195101945
54839	2.50669444117948	0.865384140452571
56906	2.11314056658125	0.523638348892037
196993	-2.11924492894303	1.3384387957254
79875	4.5563019589565	1.77646007972865
4649	4.9971777952575	0.703447158483264
123228	0.942360540920619	0.64287368328849
196996	0.405857003856734	3.4784652796706
5315	11.1145608371322	0.42668767682721
56965	4.5245155952722	0.704818529867031
60677	-1.49658450051684	1.38570924043044
3073	6.57255921681276	0.381355202612148
80072	-1.46053289947139	0.886194165501262
25820	6.61018282525585	0.505263155178657
693215	-2.36346352580921	0.759852628727116
585	3.49019316798321	0.473290533171832
83440	5.22163126190216	0.346069282424855
4756	4.90837579049766	1.59286211490098
10021	-1.62077772213027	3.2886328929259
27020	7.01280208761705	0.749554250687304
101241892	-0.933162575886299	0.794606108199348
80381	6.0711818424753	0.588396425247587
388135	-2.74279187634022	2.01447374697078
100287616	-0.816413640106693	1.96457826048207
4016	-0.563750467998617	2.2204323012512
9399	2.86270598551849	0.59595952980117
5371	5.39881171219089	0.862418408458505
57611	-3.11640064728696	1.21229570844057
3671	-2.02842866960397	1.93096156860739
64220	1.45335633840399	3.974279802462
80125	-1.36706746680186	2.53472821773312
1583	-0.928276644062507	2.13554634570082
8482	4.09367053555061	1.82165080150371
84993	4.68393912496786	0.559371813582355
440288	1.50853807317435	0.502678862813444
10620	4.37485930943885	0.991937793588946
1198	5.30287045531738	0.53336524662453
102723750	-1.62358038557244	1.38788289964301
80153	5.68376180642804	0.385651386623616
1543	0.496731100073166	1.70616559277203
1445	6.05543829431214	0.533560046532469
25989	4.89892276035953	1.02115125498372
10066	6.65215642859831	0.486569712152188
4351	5.01168378679049	0.417713761966238
57184	4.4596735223215	0.559233956545795
9377	7.01026031673164	0.380111974495461
54913	4.93173702005423	0.974832628178811
192683	3.65927697825621	1.87973863148844
60490	3.32367459986998	0.821827014218886
56905	5.37491216188735	1.00204661635887
105376731	-2.96907402400423	1.11123597652125
54939	5.79392363631544	0.513876683496857
79661	0.728578930902795	0.981628265564065
4123	4.36436227483343	0.877269108717172
25942	6.4801475954595	0.367903450502578
5780	5.40229021342196	0.573270761418529
10073	4.42120279292312	1.04117027578952
55272	5.31247237348764	0.470206694239342
257364	4.40909239574075	0.880838776884847
1464	1.16746741400435	1.59727824500153
161753	-3.06124403943245	1.21144996140161
100128285	-1.90142290005097	0.896530889534649
92912	4.95777589165367	0.832300000134909
26263	5.17430285854442	0.488516952394084
145957	0.355176663520601	2.84861158650381
2108	7.07279586733325	0.464060725154192
64843	0.560443004078762	1.62023594325494
49855	3.76737763759171	0.62636031465076
5955	6.34182640390783	0.383629212360249
10099	7.30211219758775	0.655775233846394
79834	4.99197212335775	0.681680526253073
10363	5.16453916278863	0.532729326329865
84894	-2.0426938213887	2.54155942885395
91450	-2.52067759653752	1.60062195513105
23102	5.51530646490956	0.966623536652759
646892	-2.16872386215218	1.54312775007126
10518	2.3205672023896	2.71887680639923
3419	5.68678298819796	0.740122871818277
23205	-2.05745997429934	0.910071335042464
55466	5.26504891549421	1.55519789460574
80349	5.0090221820711	0.287922580624502
1381	-2.16911343561062	2.10371608788667
3658	6.98026795598777	0.387640772800865
123688	0.918279003958455	1.0692524068224
5685	7.93815025449817	0.268356445517761
1138	4.06948725107205	0.629232610769216
1136	-0.741048887067574	1.08074333866147
11173	1.30232619320072	2.60648142461395
10933	8.53557540653115	0.451624161555116
1512	4.91795588248835	2.80210002659626
5923	-0.0183023233658952	2.31847432246682
23423	6.6450856520551	0.581826688849518
23251	0.551639742935587	0.971207008013225
10588	1.83545223685933	0.928248456163068
400410	0.877500154220125	0.802484771049886
283687	1.41590420067332	0.820412017243626
597	-3.06689114621248	1.67509119502033
54469	5.65054507033216	0.791566416334652
2184	3.99926112101869	0.479772685041192
9915	-0.440633277497171	1.98636570655765
58489	4.80332306436281	1.29444962849945
57214	1.83080950537166	2.4711504766494
23184	6.52236235345762	0.367900402356274
59274	5.89080547426092	0.985474490589005
3603	-2.14551705387212	1.30025103329986
80765	0.112947515381986	1.89488474126829
101929655	-2.53030646334022	1.13610226191221
84206	0.686252454919631	2.027914358889
79631	4.52799234586912	0.633450125459117
283726	-1.04464878081331	1.47188817896299
100134869	-2.99133813422378	1.36298928461652
440295	-1.99240813469532	1.73446190279523
80154	0.0454309202801699	1.99259956263124
6218	4.28077518760792	1.91356977338437
64506	-3.38823917320876	2.39518839534059
8120	-0.305758083164926	3.08993743613707
283693	-2.60030378577027	0.722063698633341
100505616	0.705353679024295	0.693358188776665
123722	-1.46074421103059	0.964832380819667
123720	4.06515028203469	0.679150890727465
9455	2.18477400011485	1.90301962730615
83640	3.54497940082887	0.635620767154028
123207	3.70266900149636	0.509624758916734
53339	6.63666130137082	0.478340975751253
53346	0.0327316840210334	3.26534696352486
50810	2.33340280937768	4.45998813184074
105370929	-2.93147240576094	1.30664090216424
646	-2.61335388630872	1.55700584850841
440299	-2.66850736706175	0.81063695534051
388152	-0.169021239159807	1.61831894327962
102724135	-2.38900352688345	1.82793714643627
374650	-1.30688097512162	1.48269305023904
388165	-0.958824749730837	1.41194319421828
100506874	-2.37994438972383	1.08170959771614
54993	2.95907606359895	0.811896547793309
54581	2.42527236230749	0.375974416996625
84942	4.423693273076	0.310333622539655
4828	4.01593562549201	1.03620963171742
23478	7.13664999265341	0.221808600331271
9640	5.78313285449263	0.446515973465038
57538	2.61161498193944	2.00391942557375
9154	-2.81639412431579	1.77490892425989
5151	5.5877729547166	0.576348080262058
642423	-0.877232827435223	1.10863899653818
101929479	0.96311995724982	0.85146085565037
11214	6.58629596652747	0.522204805160288
64410	3.0680375041437	0.727826365302996
123624	-3.25101462718318	1.95794091501725
145978	-3.54271761189717	1.67907048272548
26589	4.7090704059048	0.418534711594291
64963	5.43610501190307	0.364062521357629
55070	1.79444362220248	0.690085365784425
64782	5.05753826178578	0.881297698757851
3669	4.45326122348546	1.76544349133602
145864	0.7768347003931	3.13880879773964
4240	4.92720472588358	2.78063364889185
105376732	-2.37312600366983	0.851234746121057
11057	8.02538011319969	1.03134530477471
55215	6.69292755422404	0.339501357225953
5428	5.63731924264391	0.426181199886962
254559	-1.44155444129195	2.72875161996341
51458	-2.25084010702446	2.5120226868404
90381	4.79051897267342	0.488485982232642
374654	2.82425558771338	1.77820169070085
5346	-2.1306368544268	1.29730004232439
8800	2.59319802776361	0.839296449421774
56964	-2.54516219537487	0.915833857343877
55897	0.656909314479657	1.62573983980816
145873	-2.12683604008796	1.8706053704003
290	-0.247969437839019	3.99597455618668
10239	-1.55602056408393	0.556819375182347
348110	3.72997407879424	0.99358049456176
374655	4.68023745756332	0.679327003273607
3418	5.46255770285329	1.47754585715728
10509	7.02950385726201	0.934154645066755
10519	7.38223540576283	0.598835300365478
390637	1.52849116339372	0.606484601238787
440307	-2.37890121526336	0.768825551198884
51335	7.16740646382157	0.593007831961182
342132	1.06136022247445	0.613714816996212
8826	8.47536771022083	0.521141467186274
64784	4.86591546689097	0.683612584100526
101926895	-2.09593700309214	0.576216213012744
641	4.65242976719453	0.300506727952507
5045	7.17152412156294	0.747147114963384
2242	-0.945198999995665	1.17094661092885
4122	5.47655069174678	0.940517032494593
55898	6.61886609253946	0.362176629554325
374659	3.34075498949953	1.19208160401928
91433	4.57835853587259	0.321316182656198
9055	6.63784032442664	0.562096617085917
26276	4.14479196857231	0.362419720910065
101926911	-1.59619994353463	0.506884838439286
9899	-2.60937577769744	3.49096323748172
28232	5.1223380313248	2.78215302828976
100144604	-3.52237002077485	1.37934699049281
400451	3.14010662465706	3.00447751933092
100507217	5.11343046248451	0.575910274083869
1106	7.25208389724735	0.486377647295071
56963	-0.335494776617942	2.46994227541654
55784	1.93923990119624	2.93884567551951
440311	-2.25922921065778	0.700638962685141
644192	0.150287435607073	1.66347901356046
7026	7.34378293228294	0.96755045262247
100302258	-2.16330584282097	1.14972849891067
101927286	-3.31181484927938	2.0736029429708
101927310	-3.09500066394747	2.81995533244918
91948	-3.27187278913596	1.80053932275009
91947	3.19859593548231	2.73634505589371
104472848	-1.52057243485621	1.26554556802746
3480	6.0283489019491	0.864274860339928
23336	3.60930942466524	1.7742846190275
64927	3.20463373798361	1.21222604352059
123355	2.7934819546736	0.716538703639842
7190	-0.0189020893942921	0.656023271074598
4205	5.39285923030523	0.465575352443585
145748	2.42704653483792	0.492722963314587
196968	-3.0809554544673	1.64315789776979
170691	-1.39397418564226	1.58788579104455
388182	-2.43192377772102	1.39151283295979
102723320	-3.83632124767334	1.16615591320894
204219	-2.75175531468692	3.40955834432626
441733	0.540681485571442	0.768313295507021
55180	3.01828522264094	0.423937075236501
140460	4.78316712653501	0.379909765076963
105369201	0.569625504153212	1.95362290867453
220	7.00309661806773	2.54907501630441
101927751	-1.95131399376993	0.918609542241409
79705	3.97826046718058	1.19976599263047
22856	5.13851602527284	0.554210199508366
55829	5.77289805801974	0.8662834603441
6627	6.17254607186239	0.536753884319978
5046	3.30708407726982	1.91468260864462
100507472	-2.90672935612989	1.06159808767955
80213	4.67166526649047	0.485962422179707
123283	2.77044081138726	1.18180014752781
100128108	-2.83782639112091	2.42575799483132
105376734	-3.71422422654672	1.05619688468086
374666	3.00265322190844	0.356701723488998
100287029	-2.40234069783798	0.679126351346824
100132169	-1.36386054357938	1.98577589280571
51728	4.73612367385929	0.677909191798792
79622	5.66790585869536	0.364778619548284
64285	4.89934290574743	0.821684915697031
4350	5.37507929798118	0.598974064912658
105376746	-2.80530781351018	0.964564928380011
8131	5.34086216844818	0.576246855537922
3040	-2.94177571843018	1.5643382958854
3039	-2.77229639199504	1.58921596757982
3049	-1.94403300694694	2.4246133652787
55692	4.7902518440824	0.52702616358354
83986	6.49004557343835	0.711405820394888
8786	-1.83314947701498	2.08049036216065
398	-1.0116669959657	3.19532165315686
64714	-0.990523501109041	3.96353887428878
8312	5.53842454437532	0.289772532569734
10573	6.27200568720235	0.410998891130249
58986	6.35006910374377	0.526553539813993
100134368	0.316786482216659	0.686067237145413
4833	4.74772273317861	3.15663355441481
9727	1.25323948379729	1.11414832674005
6650	6.50306701791632	0.187002650196526
100847028	-2.53178444724213	0.757325401812826
100423037	-1.78948154069022	1.03166898129961
146325	-3.21847314479919	1.90797584509349
283948	-1.36347195952868	1.70798639895924
9091	4.59172814139233	0.563552701569996
57799	4.82190652810327	0.54251455114132
117166	-0.810611436748036	1.02993090459483
84326	5.30020774821251	0.341544821965191
64717	-3.09059993088617	1.20083723482973
84331	4.69031196788984	0.569017782616579
197335	3.38168796207713	1.03202239061664
89941	6.09819389678374	0.236763426432279
9028	0.551945210378792	1.20935048368772
105371184	-3.09860184195568	0.920291578078184
10273	5.225306686371	0.329920800317623
339123	4.28725697203731	1.44584797175028
84219	4.13697164650019	0.810256183362156
146330	2.61832873025524	2.10936010476121
79006	3.72994317841044	1.69368635594028
65990	4.17748538986776	0.26682666521549
124093	0.829094928836605	0.899101770957193
84264	2.96170908727164	0.733442463725864
64428	4.41380586711765	0.479053772510302
10232	3.28789186182251	4.00524695074879
724032	-3.15254269530752	1.19906372334735
113000	5.30075049386302	0.4724339053257
63922	4.93978692820777	0.32196433093316
51764	-0.902779670564461	1.39204453813913
388199	-2.13736979509707	1.20971315094117
64788	3.02923492008915	1.14078476659077
30812	-0.60104532365093	2.99372352215234
146336	-1.04690205443602	3.70784855369295
6755	-0.499547829295367	3.92767431513303
390664	-2.87737760659521	1.93721294854052
8912	-0.557403692145027	4.59687485841414
25823	-2.5196067043037	2.42025570896803
64499	-3.37314045476959	1.25107071865484
7329	7.21664986969181	0.403478458118451
8938	1.23080642667914	1.4460591273727
115939	5.25621532335335	0.380644571886466
84572	4.85620224272371	0.538142329729432
64718	4.68648512825217	1.0113817876509
283951	3.78795867843336	0.533910950551534
105371045	-3.23276799215712	2.03839559805233
645811	-0.914387416671369	2.59572280191739
1186	6.2369684712005	0.651907658286428
9894	4.93020634250279	0.388186689479181
9742	4.59643334341145	1.75810091775743
79652	-2.50999079089811	1.94770774787758
57585	5.23931324883808	0.576033266810975
90861	8.05009503272318	0.533483852666649
23162	5.07553426745538	0.851474805597046
4832	4.72448784700304	0.878943797719428
65993	6.59575848657866	0.536291574430857
197342	1.8252655386747	0.907528985379712
90864	4.12233017248526	0.558334436905761
10101	5.87131937049584	0.406432023280597
3483	-2.68752738909658	0.799888288399314
3029	4.72105745955259	0.6027773545299
81889	5.10871745010921	0.654326139842911
254528	-3.30266134775133	1.19525467480919
51734	4.75241988888571	1.02532283141962
4716	6.27976633481622	0.656623101094624
6187	11.0125264507417	0.502170129316713
574042	-1.6863317965558	0.794632007053711
26784	-1.7327981972748	0.982523087342164
735301	-0.0282789144415416	1.27218400441951
677844	-2.71430464083488	0.87776081045465
10607	5.60043067386906	0.292773810857453
124056	2.0128857503754	0.816691608021907
2671	5.06927709982202	0.25626850084309
9143	0.469591482940797	1.6847230907447
90850	5.79816304726689	0.622705232987029
283869	-0.433340782971881	2.90623874148907
9351	5.40815970697659	1.11022406599719
4913	4.38867540179433	0.924041274219121
7249	5.84189181850993	0.510485391019621
5310	5.65557479101225	1.01473211665443
25837	2.07356915252341	1.91785789487464
100507303	3.78054047599467	1.09586398731057
84231	6.9826478256958	0.254065749269317
57524	-0.119113425581431	2.08120298865897
64223	5.69390487520418	0.625288709228258
283870	0.710003600319961	0.730626327578952
283871	5.50108502167771	0.512275915663975
1877	4.43505816958466	0.406722549641717
1775	0.467246569268588	0.5839354150246
1632	5.57699395851451	0.363199590157421
10921	7.21801104885962	0.428816255059746
100126328	-2.40225560601123	0.7475022696202
21	4.31401805579015	3.12005625700986
650655	-0.613629190010436	1.38662953169908
899	5.95256926368555	0.720516297394173
80178	3.50415177943339	0.510915448850636
4917	-2.08832321413946	1.39553525868489
57465	3.9702669893871	0.62824751011144
527	7.50954945540828	0.307489689119966
51005	3.29564275163675	0.769200021144156
752014	1.64535973781093	0.839560350356068
5170	5.61961061390728	0.608672963105983
652276	3.19212439027927	0.638288576448712
645644	2.50371160830114	0.97692292076933
100507321	2.14181352181628	0.30766243923828
54442	6.35207047613927	0.426780188026264
83886	0.18056730063493	1.69892013978901
100128788	-1.73246655020116	0.747832702576663
23524	9.08243847992508	0.400646539485642
6923	8.19955459516147	0.587152357169914
260429	-2.12674667403577	1.69151461550664
360226	-2.69043246826038	2.5329878902887
10942	-2.98761100056818	3.1850562936394
124220	0.188776606964626	2.89235651674018
124221	-1.66552642736193	1.47859961014848
64063	4.90202866211235	3.39207173324018
114984	3.90004748996394	0.997053886080223
84256	5.07023453426042	0.672704633156524
79412	2.59128764946305	1.52593948694063
124222	4.9437590991638	0.484228096358485
9088	5.03967546389074	0.478552277905056
283875	-1.76845532398812	1.92632842421038
101929613	-2.51471713331168	1.95287635143653
9080	0.339859533373105	2.10834589501925
9074	-2.21989906318805	0.851892687670502
51330	6.7330356309048	1.23347280257891
54985	4.9992429361985	0.849672032353853
79228	4.71604889878322	0.535394319009276
146439	1.92351990622628	3.38735929319136
100128770	-0.366164961610832	1.80597001412121
64386	-0.499965879218028	1.14037369811784
100507419	0.300047922272728	1.07644220712556
9235	1.29838995447855	1.94665049735568
81854	-1.9105267702418	1.0242947047153
7755	3.42675837081365	0.495914340125462
100507458	1.14088012477946	0.762363287803892
7760	4.02383494274185	0.431006830537062
100189119	-1.86779345593776	0.614283893388693
4992	-3.23745822015884	1.32106096703148
7752	3.72119726974435	0.53898521910784
283876	-1.67428285930472	1.3638267136569
10127	5.07414429680497	0.3576818261912
91151	1.83253799367067	1.24660128731037
7627	3.55243560065712	0.625273978794225
54925	3.3953626902672	0.390706624528988
7727	3.32922162632732	0.534282446591793
146434	1.30348990193129	2.78883732803776
79903	5.75874889028408	0.428040510455523
23059	3.58080109964844	0.795773605919554
197358	-1.17046864376097	0.501720135849911
84464	4.42233509709295	0.692650232581438
1773	3.01208406780318	0.672408532941901
10131	7.05261892221104	0.804289817197532
1387	7.04333197450635	0.295181182473962
115	4.16043976944576	1.89260273798462
100507501	0.0488130618828076	1.28666475997081
7023	3.9592206699938	0.629671337302812
84662	-0.668592197480014	2.4435514559129
51025	-1.80320171523171	0.93485229775964
114990	-2.44638343758691	1.16023865818399
9093	0.78899033102622	2.0332273865868
57407	0.716700167529865	1.33180524716081
3163	0.627488872898391	1.47458661471282
29965	-0.637090141836751	2.76301616682657
124402	4.61192223444799	0.9563567011821
23295	5.61977478791026	0.603064078184214
84309	4.26628496608553	0.672674453250578
124401	2.86466267657589	0.346533055442743
146562	-0.953616129022483	0.756232756275841
26048	2.9837610359526	0.56202331524677
440335	4.15462008627775	3.12956089023111
79641	4.99740595463355	0.727287767214721
84656	7.20940014516294	0.398002583642426
29855	6.60811700144221	0.562454855029978
5493	6.93468732039187	2.79239436242748
9717	-0.927376641016186	1.70847396150361
51172	3.57200129441768	0.689485928535954
56052	4.46721348007941	0.522958064646097
196483	3.40175657600176	0.553538816693301
54715	-2.51001882747377	3.40357182166916
79091	3.19206463635359	0.301278434973721
18	1.91039139553927	2.640042105622
25880	3.56740123755043	0.376137981976508
5373	5.34243356818035	0.586701857265789
23589	5.89650774160928	0.546925631302353
7874	7.15407737007252	0.487326829040781
29035	6.44633311967247	0.430186952287738
2903	-1.68630715003849	3.62509055872092
80063	2.48060056248158	1.00162231526744
2013	4.27565129317181	2.0826538845743
4682	3.73912772496664	0.581279172649744
780776	-2.68693201361629	0.797319327491324
4261	-0.94030454870835	1.8662494692603
28955	4.22704227527371	0.68328380754479
23274	5.24210207184714	0.377746354207894
8651	1.17589203776379	1.39162109834313
116028	4.49591257507053	0.683798558309258
400499	-0.352116939333766	1.78097431741458
9516	7.19696145314203	0.739974410093516
8303	4.49733953910131	0.525075254492944
51061	5.59828775068282	0.479463521923759
29066	5.85991192876406	0.398803875460812
26156	7.7851486616584	0.465314504799742
2935	8.21318368817706	0.413073710550422
92017	4.19151568166838	0.986180479078088
55313	4.26344287806157	1.03339216592575
2072	4.14193829451953	0.630821389275003
57496	6.01226541081408	0.654243302260095
5073	1.78009483984677	1.98601077534776
51283	0.179270258599656	1.16317498194456
100652777	-2.84765765825438	1.788606979037
23420	2.12846804485168	2.06926640586047
100288162	-0.989024942387982	1.55584390040322
9284	-1.87858589924149	1.60828722311812
23042	2.65194410446191	1.6534531113818
123803	-2.1496664783622	1.00806636984444
54700	-0.596361932322776	1.92768976100989
353511	-1.08620143260073	2.01869940213107
105369154	-1.30670737951637	1.12094318514153
100288332	-3.1619395305843	1.04541656261315
255027	-1.08143934331094	1.91390396579414
89927	-0.0824522635441777	2.44994106908141
9665	-0.248847283121058	1.4168415440714
123811	2.16129951433808	1.57681299295475
4363	4.373169732799	1.15032491159218
408050	-1.54310843102206	0.771284374870215
339044	0.168764717420066	1.29311983022647
101059938	-2.74944278761489	0.778743247792146
64131	-1.24549536997345	2.06089080187161
101059953	-1.83785565483326	1.0634863919726
105376752	-2.34595255155901	1.13153984076103
102723728	-0.427545864760904	0.62305769105518
283820	5.95796651927258	0.763069789973297
653190	-2.7595064971782	1.37700010235992
6210	8.99984583149097	0.213188120615248
23204	8.94090926418039	0.62968676053818
23049	7.58938997321878	0.312802832132813
79905	3.7148543809689	0.838821099185477
102723385	-2.489653516488	0.783287292987211
10229	4.26160648546729	0.377470997863365
162073	7.13799848742611	0.679451413052771
51760	2.73648021634582	1.6634535022374
728276	-3.156461677717	1.20383122759204
79838	3.19777278401609	2.80855673117384
51573	7.09777718685601	0.430929985779682
9738	5.29807771684344	0.603655558958373
57020	4.14442816971267	1.77470033267379
400506	5.32545362925799	0.490835785690764
124152	2.5414416802338	0.888544964461423
51704	3.44870147647418	1.32044200181406
116285	-2.99491652743126	1.24907482396643
55623	5.52439251243374	0.566924923026285
6296	-1.46106498539645	1.83933577276809
112479	4.10555576554197	0.36023022176175
81691	2.72011573596356	0.974849836852041
123879	4.03049690209872	0.538006317488636
57149	4.70885021998734	0.415605042250827
55567	-0.169008678273357	1.27721950757603
57146	4.13043027699801	1.42341596783625
257629	-2.70300255745631	2.98575654720455
1428	-1.47003565686668	2.60407640727185
400508	-0.541020841178041	0.67451540138359
100652781	-2.82199398195299	1.29536062212967
23117	1.26579530425309	0.654541274315393
100271836	2.36908943354237	0.477573228027335
387254	2.09120849436189	0.609907247569031
51108	6.77765069795293	0.24570491866293
730092	0.568972627465434	0.935384731741425
440345	0.424859649043447	0.558312730946655
7385	7.32519856483582	0.314860726567132
255762	1.52256899920569	0.438383818259066
730094	4.09219197598471	0.545923431137561
29904	4.93391038328756	0.308518444467572
55718	4.7086234753686	0.826363350078098
1039	5.09726558945093	0.63295858516015
105371130	-3.32356858302738	0.853700726070666
100131998	2.16174425276547	0.329100540763099
641298	1.69629082728992	0.601848211580531
100132247	3.22746803956671	0.363042281561302
57478	4.46641867981523	0.839808147866565
6340	-0.126790196806844	3.06192207588581
6338	0.194898260590598	3.20525371264044
91949	4.38540757758929	0.27481246496382
23062	6.10150158330867	0.656529601126714
124454	5.21147611561927	0.393142051786309
56061	6.83378345874974	0.591701900406398
4706	6.42835790104315	0.392107550924544
79728	4.79326551318991	0.320852820996088
84516	6.73586287577815	0.449619366998129
5347	6.74184285814087	0.423577489547637
10595	-0.000412318054473844	3.79766337244762
5930	6.63336486060962	0.316286960633323
27327	6.27201068745242	0.671758147112589
115584	-2.05765013480311	1.10591089236693
55114	5.20673246038213	1.08227850605907
554206	-0.581430082300664	0.796022214210223
102723510	-1.51466876007277	1.04708655548393
51451	5.06023765200612	0.684935321796887
343	-3.39448414896298	1.42575154064173
342357	3.36357127661764	0.82047709079785
9951	-3.2907386071714	2.30417521032786
79831	1.32309158523321	0.431511328371303
197370	5.17131230563813	0.500074088644054
400512	-3.175042095756	1.06206633920657
3566	5.19778189639666	2.04543578684516
50615	-2.81707483558426	1.3772437425264
2975	7.30334024300451	0.67954099191813
23247	4.50619734058988	0.427659321447487
23214	7.15093042614947	0.553458737499597
388228	2.91941553522029	1.713010061272
728741	-1.47303754552032	1.2906224020233
728689	1.43958719726628	0.703132199017255
1201	5.60060300542938	0.679937922442785
55911	-0.241456877986265	1.59857367194897
26471	1.42130928369874	2.77572678877901
112869	3.50348923851131	0.344631564772637
6799	-1.49295405321535	2.58900015893271
105371164	-3.20312721423843	1.28729217487759
6817	1.40559066479751	2.34925765921434
8663	4.90730804908248	0.441140249275663
100507607	-2.33243120170618	1.10825163111666
11273	7.93366241578295	0.410449335793904
7284	8.07591822861709	0.564335541902328
25970	5.15685249557833	0.541678699039403
487	0.192790688522812	1.23040074724272
100289092	0.0586651302403038	0.955917614216807
79874	4.28179668881273	0.538600411311712
84901	6.13543586458622	0.414673137497006
83985	5.93944520035815	0.638878375304488
27040	-0.0831163207096474	0.947520165697705
653390	-1.96202295052447	1.67172503508242
105371162	-3.74336551973943	1.04900499372006
728888	0.796043463017409	0.611000298255943
552900	3.51029208321681	1.61302020352082
440354	2.1690984894493	0.452756931256896
81893	0.87855088191627	0.718620084190381
6693	-2.73658060206121	1.66004259432255
23475	2.24795881882674	4.6534581101529
283897	-1.85786979998803	3.90986747863881
653808	-2.89824814890301	1.50822681841962
3835	6.52279981733968	0.4289245974298
4150	8.5214706491645	0.317048035621404
112476	0.16114177136077	1.4784862617417
79447	5.99623502971417	0.358471328352959
9961	6.67474007758561	1.13971358597653
10423	6.27723062499357	0.431785933651238
440356	-1.50858739849696	1.39111226250136
26470	5.6583751153552	2.10284649499137
253982	4.62836652858885	2.4826723954314
253980	3.76875805322014	0.93638976105664
124446	5.58441429235629	0.554088286511911
9344	6.78168582931911	0.521257005260805
8479	5.38164845408322	0.501650592986835
283899	5.32786851842453	0.326148947116482
8448	0.30633405680003	2.11312201354043
83723	-1.75517378561238	1.69577445373978
226	9.92343067701192	0.457328006295556
5531	7.96660508626605	0.450542456403797
6911	1.57944387660287	2.1683560747133
83719	3.20376528422249	2.14721743302775
79153	2.07733482731672	2.54279241606499
5595	5.76235854649154	1.18053995282985
11151	2.48548668339942	2.57768219896748
654483	-0.570337586239486	0.842557983768628
100526830	0.52690514121146	1.07546560281416
613038	-0.530943486649675	2.99065045343352
613037	-0.877543036721483	0.602145596999405
595101	1.42465241808899	0.565006296062998
10421	6.67873003283642	0.428131211806012
26000	6.17924553699716	0.53086937669664
105371169	1.50388875860355	0.733977067711309
29895	-2.06769211991523	1.65692375557289
1731	0.306774656616438	0.77835378750339
197407	3.83672139328377	0.631269660330373
51333	2.48411655938523	1.08026329697894
79077	6.26907580334877	0.440649695109845
22928	6.84190897851981	0.575214141347773
3683	-2.76176508445687	1.62814842786316
79724	5.82593610884694	0.547369500397311
65988	3.99484279206586	0.599433298032335
92595	3.30341124938774	0.624281058590107
146542	2.66119693303099	0.540672722576959
146540	2.39947984893401	0.858048150043474
115509	4.03535031998801	0.572899711394262
78994	5.21678896230037	0.577215075331632
64319	7.07618514183591	0.490776166301105
730183	2.34078227692359	0.598227265424659
10847	7.63424881980075	0.364603560257544
100862671	4.38210453315481	1.43462863617201
5261	4.30437033101767	0.470053698917281
90835	-1.36340789224	0.522056407739382
9810	7.12729979926694	0.369049633005241
23361	5.40314990545042	0.786133549412365
9274	5.15840326143274	0.860459677590275
101928736	0.403439895602489	1.07056728530338
1489	0.00335519413275936	3.10083121156758
283932	2.98137348135925	0.806009239256525
54620	6.66332908663977	0.564556388147181
9739	6.17030778072092	0.423462322083166
93129	4.00303740142262	1.31920247705784
80270	2.60444959423117	2.32067373410392
112755	-1.09856388781967	2.16998825444448
6810	5.54165293158868	0.442433762599994
79759	3.95148575030483	0.440040191036605
9726	5.0873805172257	0.480981812820072
339105	1.15057757544894	0.812397304218195
79001	5.74264287666197	0.733281585488774
10295	5.64846940836129	0.452206299069752
84148	4.64192097774511	0.373265465598956
5652	3.27141900088783	4.19237212686197
146547	0.0967625951142927	1.12535957246868
2521	9.08356884368281	0.532677797870263
29108	0.628598957686292	3.70047000266996
100652740	-2.40509819063428	1.44372539152576
3684	-1.89179257994381	1.577693404911
3687	-2.90940595140901	2.06001593541818
3681	-2.93757550316561	1.53270745892147
283933	-3.05688067109858	1.02532367744384
79798	3.80475471512111	0.625199476063326
7041	1.64463663944364	2.7519099247799
6524	-1.67026795529998	1.81108375859732
64755	5.61161915189547	0.575638989791353
440359	-1.08170866612201	0.79631025106082
100132341	1.08340304799986	0.627404217747708
124411	3.33366331636118	0.587938623359029
10308	4.31389512012474	0.210999453937783
100289574	-3.02368846938038	1.43130455193571
729264	-3.87725929048062	1.05934595361565
606551	-0.0122994762830702	0.555369313174101
79801	6.05658387671947	0.694185271965688
55737	7.52462780204669	0.196925524204974
23594	5.17256355898455	0.693690800506393
91807	-1.71765721849249	0.887140985340089
388272	3.66815761590357	0.718911597656647
84706	6.05382059218183	0.859355748971783
10294	6.94772618205433	0.285505950569666
81831	4.9805440910007	2.65952161776663
101927102	-2.83371038320253	0.935138113537133
81533	5.80959382920778	0.637691456072612
5257	6.45883803105413	0.645549679076627
85320	-1.91950616535973	0.696951905561547
83752	6.12116720778337	0.505049000127746
100507577	-0.65070284174607	0.698011565546152
6477	3.78789400511252	0.565168117244805
9683	6.0678119581441	0.477419153328431
869	-2.44559734594209	1.80017737125378
23090	-3.22502740282758	1.00334192948527
255919	3.88194869963629	0.738072079234548
55027	4.57342023271066	0.766783143465884
64282	5.06095221285341	1.01143724761966
113	4.1279140418139	1.771535648133
29117	6.49182517546334	0.600482220235629
85407	-0.110333342229403	2.40941083504938
64127	-1.92718402764533	1.89481899244514
1540	4.67660002475249	1.17583942311385
100422972	-2.94836585492083	1.10133199154515
101927364	-2.80129359525587	2.71641912232768
27324	-1.00889062550897	4.18016812177349
643714	-3.48307418432594	1.31359202481502
80205	5.69160941959278	0.573844093419336
102723373	-0.780520092284482	2.87781655065312
5934	6.0613924521914	0.712452366651973
64400	4.68519869355815	0.873568965479017
23322	3.1241653104847	0.838627382806534
79068	4.93669212116123	0.783386156262902
100505692	-2.52563842876368	0.990881482181468
79191	0.651894977236428	3.77822572155613
643911	2.9853013308373	0.622853227957049
10265	1.35355433496222	1.84821278732885
4313	-0.388344983194105	3.13335425775552
54947	3.15256054394607	4.34584962386589
6530	-3.23857685425853	1.38716855126979
1066	-2.9899080642688	2.68457738170758
2775	1.26690169433829	2.78071918079676
267	6.72317211672388	0.656728893028709
11051	7.37966907852964	0.497496730893049
55239	5.39554658154912	0.677932734209565
583	4.73108250929128	0.648985186720757
4502	7.01312026601769	1.96342771705182
4500	0.230708920277954	4.33120175857926
4493	3.0708517259101	4.4645768333967
4499	-2.68154073956418	1.70978344192732
4489	-1.30167400675023	3.86437773417903
326343	-2.78805197888047	1.00186284798526
4494	0.457280689902317	2.56341275440507
4495	-2.52957950291351	2.38334511278193
4501	3.09351043234723	2.03996585907881
9688	6.1565616510773	0.446586098411455
6559	-3.09311629711448	2.15210561447779
9709	6.39231943629264	1.16852319318065
1071	-2.67447694523306	1.75946469231161
84166	3.65069347232935	2.39385430629703
221184	4.20309468333215	1.05702736583902
80011	6.50188620330063	0.46685819599039
89970	5.53640194597764	0.471351650239322
23568	5.85802012659905	0.791977636383949
51090	1.42351876154411	1.79971953717345
6367	-1.79751157679046	1.40998433472995
6376	-1.61007125032563	3.37653389563461
57019	6.07929675091048	0.466379900538325
57017	5.7894442534818	0.599853820559045
5432	6.08153916030871	0.287234841971371
55715	3.68808335490364	2.13744851048669
92922	2.92507894550199	0.852592400776537
221188	-0.40032038273244	2.55336261996177
9289	6.75667042743047	2.2790168074335
222487	-3.30045016859984	1.17734922258287
10300	4.28329033853375	0.933275712612997
3801	5.45839154856843	0.892538238708955
388282	-2.43903188695031	1.63198037875628
1258	-2.46109138145107	1.16196751724204
57567	3.58728114979539	0.496122776900084
79650	6.04930137310766	0.285601915589697
4324	5.26048864339199	1.41379157616344
29105	5.0647699267444	0.399342202263294
1459	5.19567719287649	0.302909228608267
29070	2.41680215339784	1.30798683080201
64785	4.16944843019724	0.635554008977087
65009	2.41874009522391	1.25824600643102
79918	3.7353393394049	0.871090668115421
23019	8.72385656988088	0.386992979453811
677827	-2.86627369120675	0.914761794194996
55238	5.0101106755145	0.523544520363618
2806	7.3882757710153	0.659979027687471
1006	-3.12839598507034	2.41549616422619
1009	-0.678841954427191	2.72776715678642
1003	-1.52476348172158	2.22201397197311
100505865	-1.54140968036268	1.81727014110812
146227	-2.65004938862542	1.48965780118688
7084	3.73164646710157	0.964302850108871
51192	2.53432707662857	0.490626060176945
113540	1.44044363336039	0.735930054137735
123920	2.04334090403391	2.67140737927508
146223	6.93182502521429	0.795401110493733
1783	7.56501441043873	0.361716782965624
8883	6.20919714854733	0.568684450368807
766	-2.75350221061062	1.13980070735523
57546	4.87022244525961	0.690009100193016
6236	-0.860603284494127	1.72158304743685
51647	6.4521626495402	0.68769761493149
8824	5.69967441231565	0.742485548408492
23491	-0.849646504087048	2.75482613511159
283848	-0.365945982480159	1.69699732410675
865	6.55062527051607	0.898700030631327
80262	4.33981986653994	0.571735893392641
84752	3.87001082626922	0.828138263167284
8717	4.387092457189	0.710247611230028
55336	1.1177978440918	0.731829650273588
3299	1.94839939076261	0.863711166093976
8996	4.12240638892732	1.05239447635521
653319	3.34829815785454	0.715650522918072
283849	0.825331328253544	1.308937424822
1874	6.41190672493384	0.549716302458848
79767	3.49205290207094	2.1238842436327
26231	-0.683992436608816	1.31501590027311
29100	5.04040946690633	0.753815891750037
29109	4.47196151702239	0.80895989736734
6553	0.67726205832606	1.77900176068333
25894	0.457873177733788	2.61643313545196
51673	-0.860648688464714	1.48758074700979
29800	0.416816390837251	1.95318105751561
3291	0.409193039620977	1.41494249028171
9114	6.55208916580365	0.679841439856097
100505942	-1.42978452402239	1.40505690272149
79567	6.27861279550635	0.559628388622477
10664	6.27137908934721	0.307803892368218
146206	0.931677599588239	2.55394894790928
65057	5.07618609906759	0.778758108678443
50855	3.41281943854463	0.706069235005131
84080	3.05957390432825	0.923175562652719
388284	-0.982275172352159	1.58448275640647
81577	4.45805246424727	0.51099493201696
57610	4.98700309992964	0.507811343463938
55815	-1.11821510240687	1.38867291903947
80152	4.75217457638958	0.439680412580495
57215	5.46457798765143	0.463008371999632
10204	6.9813436960871	0.411388262251675
23644	6.61655906026887	0.448160801397069
123904	-1.85420147630127	0.732621388616131
5681	4.84725360548062	0.654170016289902
1506	0.603478937131054	0.822694023852679
5699	5.26463574373151	1.09097090240213
3931	0.68778838794469	0.855053632755061
6560	4.94163144620072	0.864849006557087
64174	-3.33302133583347	1.08686086165459
55794	3.59460518473892	0.664435591454121
54920	4.28311425341217	0.703709089183813
4775	5.74105820478354	0.664416338262309
80004	5.12143944501836	2.69887677462101
23659	4.19954288504692	0.745896677448001
9057	6.16089219967247	0.467382852849007
84138	2.42299903080964	0.500140513097021
54496	4.74284944193028	0.548567874403912
55512	2.53974927083976	2.73283676838101
146198	4.07309495230817	0.701989632356511
1001	3.86061243848717	3.62172584153486
999	7.28154854784332	3.43874761951168
79613	3.72734747994495	0.835959278955301
3038	2.44255284322905	1.60322834987424
54921	6.66379686224378	0.196051374461738
84916	5.02433411483749	0.66634988340074
6645	5.54459964476637	0.774007130039512
27183	6.66582601021575	0.73403048906688
84342	4.28246944415653	0.432751592624678
64146	3.51268367954374	0.525650570256902
51388	5.86824101305627	0.54542558502632
146456	-0.514044283856878	2.30844839319401
7014	5.04553139888777	0.465397824085478
80777	8.20206494131694	0.602988143886668
10725	7.19063338517328	0.446123620353923
1728	8.71338010554708	0.690486507095738
28987	6.19900125615679	0.505229934671062
11060	5.83009561105844	0.36491663381101
283970	2.91312152168471	0.937007080050925
55066	5.84537831423438	0.683664809312724
100506060	0.1872995963022	0.569502679423144
118460	5.05792374607767	0.555727237456596
16	8.35773147477539	0.704077398183997
11269	4.40864475073313	0.916093235372753
100506083	0.279743754273788	0.431026344563736
55308	5.83833760615001	0.480381687658694
6483	4.74807103726101	1.27815163595275
197258	3.28651114271204	0.595619828784371
25839	6.18273197665209	0.512550630696484
23450	7.79997224048923	0.578820827129373
146433	-2.64575988972097	1.97332369119317
92154	6.44674588570101	0.561418866957752
55697	5.72667617891573	0.390994838403744
100130894	-1.77142431259645	1.48139116378989
54768	-2.53448094284314	1.58429607411998
55783	5.30727997912977	0.523406941820677
794	2.60424414012931	3.61889106972838
7571	2.93036639415158	0.717503608719903
7567	0.584882483237135	0.828356374056778
10164	-1.14928891616483	3.59725812596643
100132529	-2.90597379455289	1.30381347493109
6898	-3.24074846734468	1.51174291709892
91862	3.76079595131161	2.91613913874736
23035	4.75000501071801	1.15481046071333
164	7.16721579916739	0.383076751157307
342371	6.32776061058263	0.264473337164616
55565	2.51814220034728	0.508205844858762
9798	6.8950753049765	0.20295746830404
342372	-3.18206927327563	0.951006427355066
1723	3.33798354660182	0.731448596712026
54957	4.02524561146061	0.360288140216765
9785	6.7408342650268	0.363323362787342
83449	-1.15121514609513	1.54345474269342
101927957	0.0332725239611731	0.755568414483568
463	5.61883211868677	0.716274843548344
5713	7.21720590881035	0.335551690170271
283922	1.75931082278964	0.57056246546084
440348	0.0911799223655494	2.34261785554703
497190	-1.90682821887728	0.994490539174222
2734	8.03919389571063	0.458787873581635
55159	6.40530377922783	0.607874151502648
197259	4.11474965666823	0.687849107220536
79152	2.33749978260782	3.24981466879948
79726	5.19974784282885	0.526927048752606
84937	4.91957143521712	0.549583730317639
197257	0.0785326839811322	1.99030659858447
162239	3.59703092988538	0.327827863063585
1504	-3.18777298503177	1.02350461775048
100506281	-2.09539424558341	0.904604876435249
9564	6.43432386261659	0.354760987528574
10428	5.89282591692729	0.472426974241651
124491	5.61126135198044	0.492339531709538
4166	-0.142164947318276	3.3857407484665
23563	-3.05404707974495	0.997946395037142
79583	2.73721851478798	0.966376616991523
11345	5.91504780847883	0.37564984755782
23536	4.86828870758382	0.34476601001765
3735	7.77025532965209	0.43656078900831
54386	5.87241332905025	0.888042997878128
22879	5.87644544255123	0.357615134705524
100130958	-0.327351531224217	2.16005334766136
170692	-2.73204274332404	1.29491233386358
283927	0.154763722638667	1.7774825243509
51741	3.34641853038585	0.842844995259199
4094	-1.40060036773021	2.90078137619047
83657	-3.26007549441863	1.15892370573944
124359	0.939215600441929	2.68278672206008
100996425	-2.31787833214807	1.09646820247985
56942	5.08161935709365	0.54140016593527
55839	6.09235921033851	0.391121087407542
23300	5.99659973386114	0.363112004493011
123775	1.93189853612806	0.380820614014975
2653	5.18936244741322	0.705035674280981
114780	0.315937954948809	2.23409662497614
53630	-0.482268236344893	2.17517357445225
8139	3.8805570287873	0.811853301169922
100616150	-0.540455755108264	0.788609885183724
80790	7.09927780549578	0.633982691575265
100129617	-2.25687159482886	1.50183674827761
5336	3.82239008521313	1.39205784697114
93517	1.59631095723211	3.277170604281
3294	-2.35182238964135	2.35951760940261
10200	4.85114622242116	0.60297492459189
1012	-3.1390469133586	1.20390268683471
102724163	-3.55002297499195	1.27267371098115
3281	6.73188281070068	0.801408743731692
23417	3.05237347842596	0.696443011762197
105371371	-2.63186811306483	1.2617257924161
29948	3.98826597516357	1.37567045250735
54550	-2.13883210231309	2.01942986529583
8720	6.54103516343389	0.289523815280232
729887	0.670573225193735	1.1743575990237
83693	4.79065568410502	0.545651457454791
9013	4.76974169206683	0.6402479185251
161931	-3.4085470081949	1.55193593683781
9914	2.64757553214153	2.60006820371113
57707	5.49134549166465	1.16119982499054
23406	8.11308688083562	2.09208524845545
79786	5.72696910096936	0.429804210820405
9100	6.94849559918169	0.395982688606402
83716	2.72350005740608	1.29553864075166
55625	6.73648659840261	0.498482538906079
9764	3.92513542491126	1.35560139039477
339145	-3.67002753684704	1.6788362273987
23199	6.60613119862889	1.01229133953399
197196	-3.35243968124797	1.10079838316031
51659	5.03785016888074	0.89371019470582
404550	2.32754111748712	2.74055067432014
10328	5.39037674029349	0.490024244827831
1327	8.24391328555047	0.371420995021719
3394	-2.78839597921435	1.67702443759451
2294	-2.82724774714648	2.20491895292254
64779	4.14562250405293	0.486594945310721
146512	-2.73974078150958	0.972494505559142
103752587	-3.71521346100537	0.947854806314628
2303	-2.28680897779784	2.72667378443886
2300	2.46088280576487	2.74696381622678
100506581	1.68289717901888	0.736535609898328
79791	4.79905535267237	0.448349542657319
81631	6.34228366474449	0.672051717241857
23174	5.7183835387076	0.488303825859552
101928737	-1.9574805437464	0.78922678291253
57338	0.137346440773135	1.80897250019216
100129215	-0.803711160463876	1.0887689781381
54758	4.66828636074968	0.480719434999335
105371397	2.06519159622536	0.646683426173045
102724467	-1.47495542919461	1.01853728958353
8140	8.94097435391389	0.785622462674636
763	-3.53731604850526	1.6722530868531
54971	4.04449489509665	0.679927413992496
84627	0.760880046301537	2.51753835687357
105376779	-2.89375191668597	1.10870349065975
161882	2.03557699203426	1.05072475518568
124245	6.7493491573215	0.39806160652697
27189	-2.58600063611157	3.1571781218174
1535	8.5205526419594	0.789259712471887
4597	6.30372033771722	0.548107923713328
197187	1.24634138934075	0.738422695737452
333929	0.0062821550441442	1.03147235466735
115992	3.48140571196792	0.399408214595593
348180	3.98408254092451	0.483920880828027
9780	7.45813118870377	0.753803690879404
100289580	-2.01853783391344	1.10284033432791
81620	5.66715222534149	0.646253989509816
353	6.64168230125017	0.426159827642574
2588	5.20950695701439	0.95684330203922
51693	5.31709334617346	0.351251472515892
390748	-3.28883836237748	1.10922635135587
863	-0.355801188051342	4.00849960108308
105371409	-1.75581695620176	2.93229551466564
100129697	-3.09162231369891	2.01316998782868
197322	4.06927560676747	0.886236074221827
283860	-3.42054543556934	0.924274057074694
1013	-1.86705678961615	1.71487057380382
146429	-2.16215954882003	2.22846557118305
197320	3.60104777266071	0.655677682412606
105376780	-1.03374750357819	0.615425392084631
29123	7.71967035944763	0.31730519663664
105371414	3.61432369260636	0.768582275764615
100287036	-0.851388550747087	1.54956391336617
6687	6.0349430229167	0.474058007621682
6137	9.98907610502947	0.541963370252355
27132	2.85720658783748	1.76272047945187
1800	-1.81711694918525	1.80757229371836
5119	6.89202188483448	0.467888081399275
124045	2.91370803436951	0.312951596497563
8558	4.63631957809307	0.366946565407941
124044	3.31973612734448	0.706460692113336
105371417	-2.8558491472355	1.00498586370395
9605	3.37132936582022	0.684974018769353
100128881	2.84889725336788	1.43963602490584
92822	3.19712625695166	0.590761542648518
2175	5.13158918978708	0.752993341688373
84501	4.62505755925387	0.705252510810269
102724730	-1.11469643793311	1.10939068187707
105371419	-1.48954149703957	1.01260769031331
22980	6.43351438606092	0.387218936361928
4157	2.42886339747829	0.907550723857973
10381	6.06630180030034	1.52393126102023
54849	5.09183954758304	0.95979662781947
92806	3.57182154403932	0.67657816122255
172	3.56196848408707	0.491420293659182
79007	3.99214513185417	1.99717262509483
2622	3.48803374677877	0.688692209258765
750	-2.30328505847776	0.835227685825029
100130015	-2.20630133974911	0.915244140451413
100996541	-2.73206297673589	1.36243272321853
9501	-0.0996101328534034	1.38128786845806
400566	0.818938415063874	1.61130020229304
359845	0.0214450304894171	4.20933800794316
55275	5.20008521699121	0.507170604794656
79850	4.47601212867073	0.662519635047916
50628	5.48587387881614	0.412707654731901
100131454	-0.979018933343531	1.24642977702841
51031	6.0792394974116	0.406574115940259
55178	4.20877203334196	0.600072699497044
64359	4.96210250909272	1.92657530014073
101927727	-2.71927327895329	2.00995549206102
29	-0.961125743949538	1.50367149630198
105371478	-0.0486138783483103	3.08161847134533
7531	4.18058704219483	0.617963302741948
1398	4.17401796382123	0.316910856446285
4641	8.04283100575	0.394592526777225
51763	4.12062320194671	0.504603781388208
100306951	2.62385233160695	0.491179675558995
5306	5.99295188257378	0.511281247001888
124935	-2.22749211999912	1.43993949676277
727910	-2.93235188873019	1.12730946951858
124997	0.450190668670935	2.67577789088841
5176	1.67675083877293	2.9172842313984
114826	4.06793643162097	0.490496910758901
6117	7.01939394834247	0.502973545356347
146760	-2.00117626528279	2.54099652254488
1801	3.28023145942611	0.57299888798609
124641	2.74173599071091	0.468711596161385
406994	-2.77516644315011	0.990132179766355
3090	-0.148451896023078	1.54947401362105
23293	5.09093603308579	0.684825171828496
63826	2.67646481826569	0.835495570278686
55720	6.24878184867375	0.347302327106703
9905	5.14262308743293	0.46582975232643
4335	4.85963357258983	0.473442625764984
284009	-2.08447751202573	0.72061452284983
79066	4.89982243461933	0.767708576063954
5048	7.49796514508798	0.347425060305784
23277	7.11245554882341	0.620686193306389
105371591	-2.60654764770671	0.994094599374502
105371592	-0.0215173496660645	1.18886997192641
101928991	-2.0632978880811	2.83707372527216
23108	4.91964027639147	1.25168890338307
101927911	-2.68481435253722	1.18108785328759
162514	-0.171501176236562	1.86242344922371
7442	1.39438594461307	0.861302651904482
23729	4.0414531822312	0.618899526063668
1497	4.00588793081245	0.59572526893148
100533970	-0.376845982037121	0.791399543703557
30851	-2.0335351648928	0.52509850988034
83460	1.30075989811495	0.366594606623951
5026	1.11213813509847	2.43524477251755
3682	3.91990349375716	0.416111338201046
83903	3.91244329817762	0.345963161692135
55421	5.6839212583074	0.43185474044009
84254	1.48212199116524	1.23015045256415
489	2.63252867596735	2.9395893858954
23140	5.74732190354476	0.566654381539271
124936	3.70137529932519	0.554256241323096
51479	6.43213587704929	0.585018601588603
7326	6.3320700696897	0.592631734465511
201305	-0.982892813794187	1.85293107480563
124976	3.99784529523838	1.99396912341771
10514	6.01232930971552	0.593187960412963
124975	-2.43009458727923	2.56911817293534
342527	-2.89080057387145	1.58842361192444
246	-1.48634529057977	1.82858298090435
27043	6.85030812260906	0.481177144274387
101559451	-1.58102915647303	1.1397828870407
409	4.97702440469008	1.03276526437269
400569	2.99774465505517	0.319116640012781
58191	5.7197338319277	1.12228199488945
84225	-0.408110320766623	1.29342935896602
9032	-2.16707330073095	2.92033731293911
284013	-2.00076578670575	0.988067859007995
388323	0.538647563582076	1.53961441308313
5694	6.93743124339163	0.279241167361906
5338	4.42100622689339	0.678539885354732
50488	6.94068749739242	0.541187345916734
100130311	-0.90279141570129	1.60949278117889
2811	-0.697391712181364	0.684324240134586
8402	5.6099307813266	0.333280970280074
26001	6.29589751307581	0.266669504924824
5216	9.69351733322878	0.321267572602334
2027	1.44482621405108	1.71748183299488
9552	5.06673816333773	0.366154892606944
23125	4.69363136534426	0.628910596388987
388324	0.91447014334957	1.282474003214
10749	7.56367033538618	0.667400772220984
55065	-2.376777844219	2.12986923063361
124961	0.341567650816293	2.49448812831906
7775	2.62206289793443	0.556700758604064
101928000	0.9782146068179	0.793658603818273
9098	-0.93333904591595	0.860378554011914
84622	2.35253621148599	0.78683888100532
100130950	-2.83877773270395	1.02877471191178
9135	5.89424643128315	0.561043141045527
4927	5.46690266028023	0.401893492228758
84268	4.29852793911416	0.537050358030615
708	7.15336406358196	0.680181251839004
56919	5.71908350834197	0.599539292496081
51009	5.08414226976492	0.333251372327958
79003	4.61066850043561	0.351058098183799
728392	-2.42793734174896	1.92057388326532
22861	-0.872038237191486	2.70812176915599
23302	0.885312823376917	3.06454307048679
54478	4.65343262745048	0.545676960277917
83394	2.31222520118735	2.52964808616208
9851	4.18620847242338	0.39788409700621
84817	5.61342828146798	0.416501230538273
51003	2.72432672573432	0.240037680624818
388327	1.64272051823306	0.482369718647886
100652883	-3.02429253150281	1.4040169393935
284111	-2.99764600138988	1.56681142191067
54739	1.24618009264934	3.39211768276474
162517	-3.64899697285204	1.19190928027391
245	-2.15581992886179	2.79982273993734
100506713	0.150608515625672	0.723073163857499
239	1.16894971084544	0.944300426018601
440400	0.0824178398155069	0.711483294608973
201232	3.64437495622208	1.00544452850318
162515	-1.60194183329974	1.0963385012575
432	-1.94466621575254	1.31600935608169
1742	1.65516944591155	2.41892597158956
37	7.39550614882497	0.331059718948393
442898	-1.87094868686525	0.732205434702907
1856	5.74637445770627	0.590673196205548
79142	5.85263510765201	0.491322389564647
11337	6.90686711547114	0.398690192620043
23399	6.80979607623571	0.324181940849901
23587	5.09740512548359	0.722246109870459
1366	6.34667974989147	2.81163917581871
6517	-1.71480875566954	1.59498232834157
51087	-1.76243026823496	3.46032137970578
1984	10.1814091823176	0.361735465293508
2874	6.04646264641551	0.465887961793844
84461	5.26074488566251	0.601250562025286
9744	0.46439129668642	0.645357396886294
147040	3.64506559744453	1.12898894139652
8711	2.81536571056781	1.24193371054364
57048	-1.12405834088165	0.913899776075499
254863	4.42980171521027	0.65741464230152
57555	4.37841260990164	1.42151703918415
284114	2.69118048309643	1.97871241869004
2256	0.750512768056647	2.37000698625371
1140	3.41629497381933	1.44334878423946
57659	6.32962873921029	0.719995622743295
5430	7.64524069856878	0.687712799841533
8742	-0.269380433451077	2.76942156955192
8741	0.847804741672725	2.23323177690606
100533955	-3.14000943110527	0.96045692549693
26168	2.05218560572937	2.36591355779551
652965	-2.48090977630312	0.929372464598575
652966	-1.97022558356195	1.21950511148033
26781	-0.617301452484729	1.50560340064139
968	4.37168852086614	3.41691011087858
102724164	1.10106451023811	2.07967903951522
9526	4.92726251092747	3.26551852637019
6665	0.282623572067671	2.18698521154498
9513	4.90896883277905	3.2481504857964
6462	-2.13072451477232	1.50369774347551
112483	3.18288372887543	3.07440813197746
482	-2.421368011791	1.42719424093081
7157	5.99663716451472	1.64142266741256
55135	3.99103189430612	0.502514520606684
1949	-1.85585341641031	2.54897490152987
146754	0.157784056716668	2.74575228179706
23135	5.78970491947448	0.515360831806638
92162	-0.937425568218456	0.401682084003728
84316	5.72143665991417	0.440752502781485
124637	4.0727616448323	0.579120367617104
1107	7.73793944277839	0.763777519235199
284023	1.16390770118891	0.985896767391346
9196	-1.45096009625762	1.20556141019485
58485	6.23713913536867	0.35445749167454
116840	5.26316888917408	0.597200444115539
3000	-3.02899708499941	1.39286253278075
242	-1.10179586200359	1.83785513456321
59344	-0.0630897746838714	2.10063482933364
84667	-0.100446480004881	1.69631850164698
5187	3.53874597287467	0.768316864352864
6844	5.0864494463755	0.574374055081567
84314	2.55851466688508	0.808682884177542
54785	3.4861215124661	0.562061802615327
9212	5.66445987243064	0.709945897105624
284029	-1.33015251121364	1.26416164900514
80169	4.5110982069374	0.695111901358459
5198	5.11439972588781	0.843508084421092
399512	2.85605254128845	0.990565963598477
29098	-0.216313515899127	0.519755463133715
100128288	-1.78187319934037	1.40843468671394
124751	0.788134354551301	1.96449275949114
6154	8.78514218042593	0.319899114719107
643904	-2.96054621765323	1.17662506814781
81565	5.15206180968752	0.445457416760292
4628	6.30045705726255	1.28035602707918
162387	-3.29639814370226	1.19215015370828
9423	1.82930109389876	3.24632383268257
9482	2.7459745074223	2.82965500508447
146845	-2.09020395018925	0.640871310426975
124739	2.85132199496567	1.6461825779743
8522	-2.48541043978457	1.56094907726731
4621	1.66409429166126	0.776529514620568
6341	5.09759518925887	0.58828181513729
56985	1.60057015088261	0.766334242566458
388335	-0.99269923326337	2.02876145271591
101101775	-3.32109760317127	1.61236939123664
7566	1.99167672789279	0.726248106494718
6416	4.2897029677934	1.3232739302245
284034	-3.72316714447835	1.48183378916341
93649	-2.78962793880567	2.53310359234066
9912	1.22390246257674	2.14805982333427
60528	6.1691896267523	0.550220966830047
9955	-2.2673709550581	2.74360697929816
94158	-2.68645402443763	1.13526895005815
100874058	1.78451942435345	0.577826171326809
1352	4.73800428029689	0.470510620970256
9953	0.173338506888823	2.63531326894742
84815	-1.86305148895651	1.83013961268824
5376	0.682117352495381	1.7042704809968
201158	1.71675501417077	0.731855178933838
374286	-0.650796962040232	1.78479390389634
10626	6.23071481190726	1.33044319114103
57335	4.02424184181293	0.773686574596982
353149	-3.4342765563002	0.897301444149905
4213	0.935979696607025	3.15666262580317
136	4.55459206183973	1.03130452020009
125150	3.18054255878866	0.502874609763919
54902	6.06300108556563	0.294477460307467
9611	7.35719328505102	0.541208134400217
9487	2.67479933870802	0.556165833511778
201161	4.42406643213827	1.05624513484679
7314	9.82443816788319	0.554214507707131
51393	-1.11013016191953	2.6581444751466
125144	8.72180123671049	0.800856909735884
26800	-1.44479866810703	0.893540805207118
388341	1.12731390899088	1.56274036351588
57336	0.55826750502975	3.08192639291265
57547	1.55352085560872	0.631877350438627
9720	-2.33468332259346	2.72921455965034
162632	-1.09832099102416	3.48123371216637
100129396	-3.58288479594303	1.29524927937446
400578	-2.07342273559339	2.6177104358477
96597	-3.56404210334768	1.80408935592801
23495	-3.76588857703123	1.26349169973877
23164	7.91347160581998	0.861118094554627
201164	2.62665327626189	2.10309402763334
201163	4.67616519925111	0.752349979928317
8533	6.49073487831809	0.878299363140874
56953	-0.0225984700300608	2.12518732185254
55090	3.92554558294193	0.771008842039424
51655	1.04918636940917	3.98418891444945
10400	4.62390296187166	1.80150935970329
10743	6.44573256116012	0.925406963930614
6720	8.0994512917259	0.591899680323554
146691	5.66783813878463	1.02745465280159
100507131	-1.45433061343577	0.899014305912169
83450	0.185061809528537	0.970640318395803
91647	4.15866308556135	0.747848586080633
79018	4.03880471310118	0.837538073628195
1819	4.86070268019486	0.663376605613709
51168	-1.69584744411081	1.92138065218142
54890	6.5916058632186	0.979511186168209
3996	5.1005973180253	0.325310761647165
2314	8.23222946708809	0.708636566923489
125170	3.70551407369643	0.752090875109881
7156	5.32579143940819	0.821102758345796
140775	6.15943056043854	0.843794155114094
6470	5.63040665556895	0.565222228133502
645027	-3.25856280430311	1.16183028857561
400579	-2.98930139227564	1.41059021698206
729252	-3.21084781737252	1.37084906532709
654346	-2.15746268305022	1.80690862081999
220594	-2.39485251904689	2.75302644431312
80039	-3.48764712511372	1.28420228234337
284047	-1.27624132673654	3.32256971980375
729288	1.49946245139208	0.88602620159816
2310	2.69748761331796	1.46243849198808
147166	4.90959477835458	1.15223841712234
10517	-2.31478353135013	1.60193241212921
51030	5.90544496824911	0.738099564963995
5636	4.74780117229582	0.709183798489903
125206	3.18047775704516	0.544303455812139
644815	4.39867029996145	0.551012415829334
102724624	-2.08763151344983	1.6431646955628
780854	-2.78398530717279	1.09559177889099
780851	-0.463103814138744	1.28628860813352
22905	4.69399029690441	0.866433382006197
100874309	-2.06274264975387	1.24937932028314
27077	3.31537292543178	0.523407376439235
5598	4.05104595888897	0.651852543949505
4239	-1.64478354760376	0.884997722133202
7732	-2.05744850970767	1.1748165145135
55244	0.00631751507958174	2.8197198717592
224	6.70989908111831	1.28406332570193
146802	-1.37291043888249	1.61680790522415
218	0.952317804589651	4.85633811735992
9706	3.43833292442075	1.45572637925172
11216	5.27168851501517	0.400056464501039
92521	5.48784264068787	0.502071006236146
348254	-1.93053128904986	0.56919504814542
284194	-1.46141360903687	2.03534754650127
440416	-2.80496586008793	0.895751381331602
339260	-3.36387087004789	1.5679173774914
105369205	-2.85078891812633	2.17931267448653
23326	8.19329345802361	0.632033387061893
25979	4.33848835623448	0.932491919609399
8834	4.99422689516806	0.69264600092018
256302	2.07815725365667	1.1191138231146
5606	6.15413100573025	0.880921141962036
3768	-0.990861704389594	2.62790305229419
339263	2.98127444245591	2.69773927304747
26118	5.93418859593351	0.389385019637858
8844	3.93277603778492	1.43330471560566
3965	1.8689328444667	3.74829433180604
201229	-0.139306204691758	1.5495403740971
51701	4.77196930659827	0.386531264229213
27346	5.93476129099101	0.515584022016172
90410	3.37272331420196	0.386262188195841
7126	5.95531100449059	0.476338575878432
26073	7.47167409673721	0.462147280009787
147007	5.19613845280636	0.313010306026528
7448	-1.49001809475024	1.92454029384169
23098	2.0813190861458	1.56679057170922
113235	3.21143908917569	0.461992788791409
9094	3.63912406078491	0.594462911242126
94005	6.44647237860507	0.459425519564347
230	2.81197135625569	2.07034789221901
10615	6.75718588712317	0.284730540853524
100506436	-2.09732026018598	0.903194755829966
124923	1.72844002638755	0.476864085367814
9703	7.42925958893574	0.630765771052793
6388	5.67941649891319	0.337534731493068
6830	7.91914413641761	0.230092038772562
147011	0.113444842639278	0.642853596281995
83871	1.36626556784304	4.16935045547827
6147	10.0152203156248	0.416875713706121
26808	-2.50741493053603	0.805068062183172
26773	-1.72906283741991	1.0230015836264
26809	-1.95585954204734	0.62044766303739
116238	4.66220047250613	0.903776272264553
284086	2.70393346561877	0.50108764730285
9618	6.71504280183376	0.919401093828912
55731	5.84637814619732	0.525540683420231
26284	5.72337871960829	0.33710452876536
2319	6.88017403706948	0.640267618316951
147015	3.76870614952563	1.05428958950585
57649	5.92274864939975	0.205299549444783
124925	-1.08639833457248	3.45023259634364
51268	-1.30768205082671	1.71054935678906
399687	6.7398585638843	0.685087767117374
9220	-2.21010566457982	1.01173338220413
57532	7.85273212999666	0.185075468378393
105371931	2.78601149168707	0.386258896617486
57551	7.16836772425501	0.333923091381225
116236	4.56047291944332	0.687042584387092
90313	4.80914373408732	0.82020459193491
28964	6.23318534522849	0.358634352637437
124930	4.28150852983588	0.94519168169098
84940	0.50471849376346	1.40948101573391
85464	5.64668962152745	0.242104414307855
374786	-0.936187056682673	1.0174624326769
84081	5.7805677394213	0.305903238384922
642	4.53684187130178	3.46001466113676
1362	7.75493863702494	0.781570784757093
9527	6.09592139755679	0.397679203050078
147172	4.32044217068012	0.490295179593195
440423	2.35299620893762	0.389899266498768
51379	4.74107004891192	0.51338670084557
79915	4.35956004843555	0.50276894430512
79736	3.4963003435073	0.283609023974773
55803	0.107782277884906	1.85558946053726
84282	3.64942612878238	0.779961971669635
4763	7.06513932449404	0.384422602550935
2124	-2.6576879923217	1.31708028194842
84440	4.94331247564248	1.29816005938138
55352	4.95412356102198	0.456560513386967
55813	5.80635774764686	0.437867688361347
23512	6.86496446347309	0.302424632621473
114659	2.37725313535432	0.409593766053394
105371730	-1.69148099159894	0.948239070052516
55288	4.92192309751653	0.512921081904219
162494	-1.50106084689629	2.73340374552651
64149	3.85249480205266	0.516595467133144
7756	7.43079445811993	0.319834349550365
5717	7.81708406905209	0.406901303949077
8851	2.42751782266743	0.842869618057144
4642	5.32359610213589	2.58171785064723
26022	-1.09946443779142	2.42469696726708
40	-1.8356869974532	2.85232035693299
6347	-2.72709949190633	2.64433856329427
124842	-3.48368011561981	0.960962100651711
10693	-0.340000049533882	1.15924669329768
91603	4.18356195587411	0.361528714609747
3980	5.25023498868534	0.580483638358549
117584	3.0126159378165	0.452932857660705
5892	3.20885978403914	0.436801248056253
54752	-0.00154421441881362	0.899703656410454
54475	4.25170956987146	0.772824804621338
105371932	-0.282203296590819	1.24953121870757
162394	3.46619789767228	2.85241225863747
91607	0.211196185696225	3.37386283646036
105371933	-3.28076837366106	1.07683662354222
55106	0.960930295042009	3.91075414586175
146857	0.791514836650615	3.72656925078824
100506736	-3.32215482624874	1.35901199579717
5193	2.77346204596634	0.510150392951631
163	8.77077631733851	0.648157188894357
91608	-0.987641555011266	2.7720025512148
246176	-3.19226829649111	1.42392705948853
79148	-2.58479406832066	2.07042341780252
146853	-2.78873379755382	1.57785013878729
8148	-1.90500493019614	1.63507320634225
79893	-0.314118214660192	1.80657485826962
79154	-1.94320568350093	1.28645513667673
79922	-0.141642726715003	1.47427503114634
3975	-2.93247684326447	1.86234606385206
31	2.61020450314577	1.16908601438006
6871	1.22811655531263	1.83761495263875
11276	0.326304031374887	1.10357461849658
11056	3.89050706664647	0.727618335515728
6928	-2.37006766220023	2.10041570178007
101060351	-3.32669455702059	0.8846541883732
101060376	0.144674446742742	1.7321002267034
101060389	-2.85025932833962	1.39149655271699
102723859	-1.93673256694549	1.22253013353965
729873	-3.2644455403482	0.968269638772427
440434	-0.861724227123866	0.799496222206179
84311	-1.89481242116868	2.14801965918997
30837	2.60089767875038	0.978347125330878
57636	3.3638547228017	2.66377481024051
80725	-2.21732237653291	1.76578382722757
100170841	-1.86420995648104	0.866611270852986
4302	1.25463416159412	0.879351249368246
284106	-1.15468125378306	0.700656729613116
7703	2.82524116920452	2.24251604424934
5691	2.18154060080444	1.73367084295827
8396	0.450337692542787	1.33708425723003
54883	0.398784192117603	1.43940029685335
9349	9.00956273464513	0.681501747897439
3927	8.61440252930645	0.737691761399498
100505576	-1.78491681274202	1.28693057079062
100131347	-2.39181021865931	1.40872041400243
57125	-1.53923498407647	2.28428310968083
782	2.35490961098498	0.726232187502189
6143	9.83723613384732	0.617060954839572
342667	-3.52450588014892	1.50587724225343
101929578	-3.73626155801169	1.41969973836281
84961	4.09744863826954	0.802343577961181
5469	6.75939844251043	0.390149204548537
51755	7.2254073880445	0.286807454686419
84152	-1.85227222985947	2.93503525744736
10948	5.51619638789714	0.547306565842343
8557	-0.97529881170895	0.749519162438631
5409	-2.14716448775788	2.31087514175927
93210	3.60270520465789	1.04035229725891
2064	6.11772156961602	2.29734519354792
84299	5.34089557613205	0.40688277216421
2886	3.68007010332337	1.98104186251498
22806	-0.600845944634725	2.45604590058813
55876	1.75951762840531	1.77387179533463
94103	5.86993913611736	0.710474009528255
284110	-2.51766301915681	2.53514947802239
5709	8.07660356067449	0.423029153084026
1440	-2.89657938790115	1.66225868330425
9862	5.87380414534214	0.3113500909524
7067	3.95886536544189	1.18416236607064
9572	4.02670730451146	0.734786855653915
339287	7.26663771885938	0.456668986921306
22794	6.44975727124195	0.584352974575176
51195	3.09623064856574	2.13287543711276
147179	6.92834050020162	0.417528501847663
990	6.5280932027297	0.703016748161608
5914	4.45863846609282	0.64215927063403
125111	3.04458797147168	0.85633722991003
7153	8.93335892507558	0.817461496555147
3487	5.33633939501144	3.29284155806957
84951	3.05590266260354	3.31408003963703
6605	6.58721013968553	0.514978000221963
125113	-3.6683322468087	1.09259548745626
192666	-3.77098336268407	1.12421986065273
3858	6.05502359524209	0.712774308593579
147184	3.84373012337566	0.764180563517197
125115	-3.5919256174807	1.90458067730785
85285	-3.24615578282925	1.7076176270418
3882	-2.77226706275792	1.47120491147127
3886	-2.64143115963647	1.17194506207281
3860	3.37999329332631	4.93191704046571
3866	4.30962907626367	1.89762649401923
3880	9.84877406225405	1.55817438513598
147093	-3.18938987852402	1.22748680626636
3857	-2.83597620786736	1.47586949068648
3861	-1.82037908540288	2.29266589486755
3868	0.940928301578534	2.41042944465857
3872	1.70912489279638	4.37278758918143
284116	-3.63227336464577	1.2436187762354
10209	8.82036273979065	0.614928734073379
2520	-3.3880575202597	1.13831597578612
9001	0.757215864145432	1.94920662859422
3728	8.25058783629724	1.1716020123774
10609	5.31970060296315	1.23768021578159
60681	6.26826709015855	2.81854354020218
115024	5.97907245260179	0.630078379371568
55175	3.77366177954141	0.562488425568537
47	8.23232814567325	0.493005362127833
83538	-0.843801906103477	0.544843761242154
1267	5.78765517010942	0.563610386879641
7266	6.19056082255711	0.522834826943937
28511	5.27873949807327	0.531804585064202
201181	0.534801802647119	1.35103937944462
79132	2.42523954459775	2.56064216438691
2648	5.91051698949896	0.325737298534426
5878	7.67380593630487	0.469010338204521
23415	-1.55368412803666	2.21195259934779
84514	4.22509405295698	1.12196182450437
6777	5.48739428356481	0.703321928362384
6776	2.27640185775278	1.75768559815285
6774	7.49850282751818	0.845104955971019
284119	6.45258171465932	2.80063997294153
535	5.9226099912163	0.716942547045262
4669	5.06380490449222	0.505355055307147
3292	5.03980495147733	0.827606154766654
80347	6.69942503341264	0.533059383606893
6945	5.79074913042339	0.559865433804247
29893	2.96785878669028	0.672127799149133
162427	5.3827819430736	0.580379064817037
7283	6.66570082326389	0.402891447328156
27175	3.08090390503282	0.753588980165049
79990	5.1200354772249	0.680218564642928
2826	-1.26413626924792	1.20174163666261
8506	1.4554901259708	1.73123645317982
2145	3.94568253648867	0.696143346861588
100190938	-3.28261372760956	1.34514397366571
10266	-2.28551022135038	1.37547212751943
84313	5.67812036690024	0.604286310752414
65266	1.12953071885746	1.19280798530908
28958	5.09901852205489	0.454380380545247
124817	-1.29455379380306	0.866599168528744
8678	5.44174090898114	0.515204906910336
10197	7.98223540524238	0.492595533835734
314	0.327121061744039	1.25319520315143
8639	-1.22565362906917	1.34236151977181
100885848	-1.60109409828583	1.78110138900631
146923	4.82738144013901	0.776309714616196
6155	9.3140615933052	0.646015867022875
3430	3.7158804241938	2.75044039095247
10493	7.03612281649303	0.74836056925115
8153	-1.33023089682077	1.96526009404092
672	5.86346895769026	0.540072686687857
10230	2.42079777088955	0.31764234511
101929767	0.540797166910972	0.666399807312601
4077	6.98931051800793	0.589854432429076
113277	0.146039857210757	2.71553502834569
100130581	0.893240207687758	0.571333587421078
379	2.50968754646364	3.48766133295706
100313779	-3.682343976391	1.46828667477479
1659	6.25889985842228	0.513591323616059
2118	4.34406580996803	1.46905842755429
4222	-2.81793803687757	1.49269812245565
1845	6.46777619059619	0.36896849562198
4356	1.52107768381505	1.07243059677306
4355	1.499019733285	2.51862028588915
162417	1.1495440662405	1.3915267990349
84336	5.15869355806307	0.367850036214082
124801	5.41944887043875	0.341554963580699
92579	5.84548792556428	0.405560246122414
10014	4.33120608408047	0.752355201938286
105371789	-3.07518279699034	1.6577126517405
78995	3.18230463537096	0.41154968754681
92591	0.03220970175553	1.15684277736789
339201	1.83733878237509	0.889855718561724
79089	5.40138935738825	0.313482518057953
56970	6.66278627872258	0.538818496663298
7343	6.6026101256509	0.481722264809103
101926996	0.140234326640955	2.04590502775583
10900	1.0059892643772	2.88645443146864
51629	7.04844038263533	0.706851122375197
2896	7.63964393499842	0.646687961827782
284069	0.890494635447996	1.86881989467323
3674	-1.99214949711327	1.06949685385081
23131	6.50424234607886	0.25441749250719
2535	4.29416856651651	1.12042898629766
284071	-0.408232991133942	0.814130068248242
124808	4.68702414411363	0.412723579854848
80174	4.4101964075367	0.524557680132883
4185	0.432509861013651	2.13712155067003
10052	4.1864544754071	2.6611234102971
51751	-2.23781799076775	0.829550632127773
9343	7.20686632814907	0.430024710108344
388389	2.08623151549604	0.63113663967067
2670	-2.45318040412142	0.843356555761105
146909	5.62311002434737	0.770514238285924
10882	0.000332424173145386	1.94437699513042
79877	4.09858682015889	0.81997792354723
4836	7.43985871953662	0.369522408890226
113026	6.58670167297566	1.20992685733031
79777	2.80912614942812	0.61750944136086
10614	7.22161447761571	0.792566273074362
124790	2.72518184760264	0.502728914735029
752	2.51734644385133	1.62524996452654
100133991	0.530956561414711	0.625676250626321
124783	-2.14929192345837	0.85779997446096
9020	4.87384948015782	0.75031454617032
201176	-1.40366343452563	1.44548007578164
4137	-2.88360939710894	1.50685161583487
284058	-1.25688052933633	2.0381577201165
9884	-2.51685904769381	1.73678217736212
100506084	-2.01926251206911	1.56747285672152
51326	-1.96143966867274	1.18301370936713
474170	-2.0050788684848	1.56391891512406
4905	-1.55673986312925	0.586367579960091
9570	5.55838947106372	0.326226215770278
388394	-2.39526248094849	2.74373829210221
996	7.17941945955128	0.317090989351181
3690	-0.488919803296576	1.97295984951159
124989	0.608787881841708	1.29274410639572
653479	2.12695926774505	0.582104366055772
9520	7.97382460614002	0.436577057103014
3837	9.3630685117092	0.278241789841607
9755	2.79451859593666	1.83056938154228
114881	2.64921392334716	1.53862668217729
124995	6.09330547817848	0.336110585379649
90506	-0.1575871066321	1.43145583325608
90507	3.93378978356732	0.831281442736492
80320	2.25093810525151	2.13325585339606
102724532	1.16094649995062	0.692297256326619
6668	4.82810374625717	0.678128737917637
100506325	0.538021645514402	0.787144661407882
55163	5.31277518418503	0.32878115681069
79170	1.08778845027336	3.02444950440066
80279	5.59109065176541	0.301836081173645
51226	-0.402532198154665	2.05388013831478
4779	8.40113884472552	0.545724389769078
10951	7.45753346292235	0.485523282143994
29916	4.89774808354253	0.433704815633887
8631	-0.0470143831340949	2.99113867274646
101927166	-3.55801006343406	1.08166095091278
3212	2.81061695106703	4.20340485139165
100874362	-1.33788549976827	2.22162667881518
3213	3.88729996539437	3.39020679172391
3214	1.10105192929264	3.32844209862101
404266	1.49386065468344	2.94031881518853
3215	2.33430559939001	3.03520932190663
3216	3.86871091777791	2.99671454498136
3217	4.69851371688874	1.47238616221994
3218	2.06387658282005	3.67250229852847
3219	3.87473097210951	3.16229276640724
105371810	-0.416781856768523	2.09540766137982
406972	-2.94014587351539	1.42047684608253
360205	-3.14279026497554	1.57550051284426
10481	-0.000841187801913897	3.91299134064661
284076	-2.45298575954746	2.48795478570766
10241	6.31847932421401	0.849176502519912
516	6.29360013837112	0.479586616880574
65264	7.38763953844717	0.616297249181691
11267	6.25529760574015	0.531377409949573
2695	-3.00616214787285	2.10465158428128
10642	0.420960279488541	4.41667113901187
162466	-2.39819247501737	1.88893611245674
22834	5.04678166189671	0.488166512953517
102724596	-2.63561978803087	1.00043869216099
5245	7.90260184438055	0.409375733091949
4804	-0.326941818647922	2.36903650801253
11248	-2.86575037785843	1.26222587938831
8405	6.04229934676967	0.411563544201187
10237	5.76511388080301	0.424338481845317
81558	3.09099401975165	0.890602645887224
11143	5.8124180982022	0.296903164778986
1748	-0.313370045615404	1.95675163627194
1747	-1.64303809333083	2.70093108722168
284080	-0.0250497980294039	1.75715587548692
3675	8.23832016549085	1.79541897628167
5164	3.72138820565873	0.712780323566954
201191	-2.12479274892864	1.5912678149426
84687	6.78900456805283	0.645026613975219
1277	3.48175789402559	1.68132037512938
162461	0.108122717967464	2.03218511000481
64132	4.7525554964784	1.10871556517495
51264	5.2242683176922	0.572533728345742
146956	3.44168796932199	0.582299780448979
55379	8.31214970898127	0.489576070178244
80221	4.34652872475245	3.26136483329691
1101	-0.989863436228126	1.57389747166016
55316	4.14136206989081	0.658784300858268
84073	-1.7592547348828	1.48761494282239
55040	2.76632466849248	3.52265054239411
64847	5.04460706126286	0.588859801286654
8913	-1.61542497528284	1.89398991939436
8714	5.2063657738479	1.81898469584721
91369	6.05715139323928	0.391614771756817
51747	6.7969004072196	0.299664968271989
10140	6.65894852303884	1.21318980805529
400604	0.467669630041074	0.624760295603697
9043	7.56343769332057	0.427407882203202
654364	-2.68352287038671	1.02552495594964
4830	5.95178338803362	0.563449910311939
4831	1.58206176981775	0.460890601749525
54799	4.81247688459587	0.502507887857704
51096	6.33170460477023	0.37225202949837
10040	5.03310487783836	0.296380629109715
1353	5.48069205835901	0.57215014464521
252983	3.1392053914229	0.568120033626487
3131	-2.64013144161534	1.17121353374834
23531	4.07470870694234	1.3506915596833
58488	4.30757769396911	1.2246037506219
9241	1.02722570222628	2.72918923236113
339210	2.47659917511313	0.474141830110406
8526	4.50539617263173	0.576951519722922
7706	7.22577850539391	0.594440852624842
8161	5.32358659325001	0.354738102750534
59342	4.53585794718894	0.702802494053679
8165	6.31869527993926	0.736370463259913
124540	6.27586379137642	1.13468280245508
51649	5.63803663360611	0.514069246920291
404093	5.69147565553733	0.667709289464833
7716	5.9017841699539	0.472315475352606
101929185	-0.0517263712211523	0.720529057783409
6426	8.1106791263859	0.190113332152503
140735	6.97866253269626	0.394697717557948
8288	-2.88316671418099	1.02085926816174
54903	3.1315634027019	1.11250581635566
100506779	-2.56865485060647	0.948626107860362
6827	4.99783517866981	0.34387271812915
54894	1.50328711751054	2.43615052226171
9110	5.41900557627323	0.526998443695949
5414	-2.55339896922585	1.58699023735231
56155	-1.73841451132914	0.631036960631186
5889	4.35806259049437	0.51338286403584
22843	0.0805630614186456	2.66934907371757
4591	5.83720775874736	0.385810876103494
348235	6.57633725765315	0.744260712043002
55771	7.08702405779096	0.783999212561174
55181	4.57474457833215	0.406689227583388
284161	1.4182469374783	0.868987907261212
388403	2.61460267072814	1.65625439442715
79665	4.87990192875937	1.08308362730648
1213	9.25810416717714	0.379537017572071
51651	5.01098704968594	0.294385145430072
81671	7.09124402573014	0.589850489747412
406991	-1.4925528132297	0.641991473434871
51174	3.37030578793369	0.755589996045102
6198	5.8785948723277	0.601044319194793
51136	3.89053023275009	0.578626038480649
101927755	-1.09986926255598	1.19247475204449
105371935	-3.09629090510971	1.3235709033032
100616210	-2.12046066652282	0.515346287110652
63897	3.77805007754208	0.569957150892125
645638	-1.53282171856032	1.26190514007624
653653	-0.793639520713068	0.788219357536312
762	-3.80542889498072	0.979400953468301
84669	6.230070099055	0.382613304241207
10513	5.64411376819392	0.288312089096888
8493	4.18927772967725	0.347817711223317
54828	2.90508937896064	1.48653291721751
103689912	-3.15467640757547	1.81463660744801
6909	-0.697729943061013	3.81594613373847
388407	-2.12820509033049	1.83976294673932
9496	-2.99353320382536	1.33351084451328
342538	-1.56631400730232	0.664026183083112
83990	4.32393547664462	0.838972618079629
57508	4.7758790203781	0.677235751789904
9969	6.74839262651008	0.350672066576546
339175	4.63651941955166	0.469946728585011
105371937	-0.412390830574461	0.64725280459281
11011	5.83673824776397	0.202850090827366
9902	1.09049552566192	3.7167486863627
162333	-2.53757194378541	1.81280231036236
26115	5.26135872965021	1.22062618230463
1534	6.85139652057344	0.664988854070501
1636	1.21171293955513	2.81413331650143
81033	-2.56456879151116	2.8226615368816
10238	7.73717219812894	0.373520215427728
51204	4.97139142012708	0.580411535515094
4215	4.51120150673674	0.69928942298391
80774	2.27209443591567	1.41799236675828
729683	-2.7337581097491	1.42991908035348
92335	3.97911076831709	0.539638279654468
57003	7.51330805850321	0.487731575085159
11325	7.25051696353887	0.337600428565501
117246	6.17294039614959	0.51244134084079
5705	7.3295950967783	0.293298788310329
6603	6.55632063338872	0.454832179335607
146771	-2.79750475687057	1.97107825225418
92340	-0.540047972917032	2.03682207590003
3384	-0.903288902933125	3.11282563941425
2081	2.89547600623039	0.94395062405547
692227	2.78229545465843	1.39300994121185
677842	-0.23937235197433	1.95573568237506
55852	5.57270952427099	0.977518057291416
5175	-1.3228703153794	1.46782035212079
284021	-1.16318453444456	3.70802147344818
11232	3.01283022371002	0.337121371481129
1655	8.55069582247189	0.390302952586715
100616387	0.121685863535546	1.0309442296633
100616408	1.84542828535704	0.987454024399347
90799	3.90311718828101	0.537591603703896
64750	5.60627947731157	0.840881410345743
146880	3.04170253853819	0.957997208555332
440456	2.3846574783646	0.894071663796042
374819	0.899007226779179	1.67154355198694
201283	2.26162931135945	0.670901233111202
10672	6.18052741991716	0.421968782802468
100507002	0.62497504917226	0.875432053200293
8787	-2.15777054955912	1.38709574162505
8313	0.743474231184807	3.04723462110614
201134	1.84624032043016	1.32772703440312
350	-3.36456084771775	2.07785992566606
5578	5.61920893894091	0.965941476119455
27092	1.98862587173233	3.517001394062
786	-3.51112992916974	1.23641546825184
9931	5.70107346789164	0.516552538114286
5718	6.62904924711174	0.368655100044127
26207	3.90737231404427	1.25845825179519
25926	6.20713289298329	0.43701789227368
2186	6.65686838854088	0.252781280475518
284018	3.18336317796465	0.652749872935182
3838	8.2734322782126	0.63067688267408
100499466	5.64504671190522	0.312152245823149
51321	5.87296302572712	0.500589910141525
22901	0.657274326495437	1.35599375775108
9120	-0.261191101440208	1.73184029284872
5573	7.72268446696777	0.232991160704795
55062	3.42710260322617	0.552785159150631
693220	-2.36727450455191	0.653467959930586
54757	-1.83712097612006	0.982713779125147
10351	-3.00384307569838	3.08734093186792
10350	-3.14786999342713	1.2854328381454
23460	-1.80249833135976	2.63447782457608
10349	0.241207660063833	3.05077017425374
23461	2.94671242429123	0.80849717403524
5608	1.34881822960531	2.82352702648765
400617	-2.82516924345539	1.51205972810737
3759	-0.758732460870228	2.54170432805053
102606463	-2.07825624801209	1.80833275292863
400618	-1.17945497425158	0.948220384201533
6662	6.32133646385263	1.3109124565769
100499467	4.03545839722661	1.52314277856881
400619	-1.95467465864371	1.50982725690092
201266	5.3358180349563	0.762677888916042
6752	-2.26256098537132	2.13989371738103
9382	4.4325831917387	0.330134498188711
84923	5.66653875450787	0.276919080472051
55028	4.56911459376889	0.464504391659609
23580	6.07955280837942	1.22344618168413
54549	-1.90644267418378	1.97699050060803
6169	9.40182244291831	0.31483802352607
85001	0.563904696724322	0.634237017989309
94015	0.908927510154073	2.7345606374462
350383	-3.71700086798112	1.1497397887456
55890	3.71695290771455	2.31128642835221
10871	-3.02629989544437	1.28021521001537
326624	0.455472221122228	2.69507388705922
9368	7.01664543174667	0.987010113751325
26151	4.7936522830829	0.455477700576451
54868	4.79285777295923	0.530851616251023
2905	-0.0377945355388073	1.39822617437725
2232	3.91249062857161	1.21319635598648
124590	-1.77539290567395	2.30285636092481
92736	-2.98880454859406	1.4884905016173
347741	-2.90461089470332	2.09016268859269
283987	4.59756420793217	1.79147445478642
30850	5.24779914506436	1.0704984350192
3396	4.6994770947888	0.455151106867882
23510	5.44436890170098	0.534892758611215
10476	6.73892962177962	0.41506005844991
9121	4.35730887960091	3.17673328215371
79637	4.21088624891176	0.437582408269274
30833	4.60169229935744	0.49616388969779
51155	8.12705314994582	0.527181621969612
6613	8.06253989415573	0.346582031683945
79902	5.4376583373374	0.50617750107776
23163	5.57320756708384	0.408821048189507
51081	6.29874694871368	0.356252318139542
57409	4.18105980691407	0.546830517986519
100287042	1.12730281319637	0.806570769580139
60386	3.01787530310657	0.719798933963505
2885	7.55938879997642	0.412726885271586
9772	6.07137869928352	0.632226414945522
57513	5.21904756412279	0.468488000509424
283989	4.92605079619115	0.373401796872049
3993	6.24289538687984	1.08160866226072
80022	2.10518558898913	2.71117454375313
9400	4.51540057062166	0.538628236741816
643008	0.0186177526884727	2.48883243532669
100130933	-0.264521384801677	2.43635830579178
29115	5.93323937745743	0.451254018661169
3691	7.29970396306007	2.99768938340622
2584	3.7014174571341	1.0312723258434
3021	8.97472611616871	0.441206982057151
85451	4.81940793419745	0.460913890457951
201294	4.57051434346554	3.68326612258958
23558	7.19012930839844	0.59945105840527
91107	4.96706373063402	0.780480812531851
201292	4.61655829475181	0.431305430440227
64978	5.96535731344064	0.470299379487252
85302	2.70075930765749	1.19000747584257
51	5.83790801395213	0.676075525357297
100529145	-1.07919973502489	0.565924817628926
2125	6.14080835267748	2.02839092319519
6730	7.19742293118401	0.241841021493815
8811	0.455316882886914	1.05395424826455
353174	-3.11590318527487	1.51376208144959
23265	6.66575533297016	0.547238054973316
2302	1.15672305970469	2.66442047293467
100507218	-1.58889699213434	2.01558173035712
114804	2.35842780234788	2.03428377644447
283991	6.18872781746767	1.12086377225751
84074	0.25127340876119	1.25575358863479
5635	5.24393091026902	0.474939289900155
8877	3.09478997844294	1.88512714441017
63893	5.4233227764792	0.400509359979152
15	-2.60645860345753	1.51362111027382
79651	4.29214421899865	1.13210645096352
114757	-1.17891665978465	1.53767124415617
768206	-2.19597650317234	0.920278899619957
100507246	6.48056487538463	0.444941776108575
10610	1.91532399363227	2.26871821209321
55808	-0.814831174289335	4.10415624792964
105274304	-0.79700737007428	0.775119233571785
439921	2.97383482229216	2.96287713687956
23210	5.19588242512031	0.496688390551949
124512	4.47046030616148	0.317602937421296
6427	7.64244952999158	0.278503387661475
79157	4.84163818301532	0.372493179546119
146664	1.88301597557199	2.4484052813739
654434	1.41984772781697	0.855527369197566
6397	7.26445631457789	0.689254842082176
10801	8.74825958176203	0.888548585474963
57690	3.67059523639523	0.724975022882332
100131096	1.95845647165059	1.76663959825508
11322	5.39432466284394	1.36903568233311
147138	0.96226081855617	2.16625435861398
100141515	-3.07129892879036	1.56753305119225
9144	7.51214672535088	0.728836319756287
7083	6.58008547148384	1.00559418179908
125061	4.25727121148295	0.371509056087719
332	7.22362009071759	0.534128592093885
9021	4.6521018754176	1.65714355571599
101928674	-0.827313625620654	1.41589824524979
9489	4.20321507602392	0.420011345531518
8632	0.155252236884404	0.793685861001891
100996295	-2.96593491044292	0.962617381198492
101928710	-1.09514970788156	2.50250947457031
9267	5.2645906657169	0.418523892349265
57602	5.98470448655416	0.320015120640021
7077	7.86121355662561	1.97446450400609
100653515	-1.81223056049084	1.61631822037242
3959	8.25252510591032	1.5798063520261
124583	7.33513701858831	0.568523494474058
100507410	-2.93867213009923	2.13012353065615
114897	0.118948924329304	2.52013167144274
64772	3.79397017638678	0.629082104248728
146713	-3.03971752038373	0.974698539225399
84733	3.45482793132693	1.57089718493834
57332	3.66294257327702	0.725298173130881
8535	5.90132871795594	0.861658144532316
101928766	-2.65251461148384	1.41270238174639
125058	5.67839448627622	1.30380660600002
55036	0.451528479633888	1.62866575642908
2548	5.68387909992498	1.49959545124498
9775	6.83792855764507	0.44356400042513
79092	0.0833329853117744	0.963867970879864
6448	3.7853785500284	1.30458126935435
284129	2.45874026727116	1.90800286975623
57674	7.95469430858417	0.865687958435779
100294362	-1.56901965697531	0.504249231339907
284131	3.53217078346706	0.652025458804797
4884	0.195003017994977	2.46197160884316
57521	5.8573044288442	0.419728807970997
105371921	-2.53047494937677	1.70859497371078
79643	4.43606884928657	0.516500969825873
100129503	0.956431446362486	0.603533339504403
440465	4.61343436191915	1.57944584054764
10458	5.66121258954193	1.50495239559342
9625	0.864718767261582	1.62509105255335
22994	4.51219082339915	0.543349657901762
146705	3.95882096152829	0.202252344071016
284184	5.9401665682289	0.336035991275631
124565	7.26739330780923	0.34505902809399
284185	-0.619031523513144	0.972120299815058
284186	0.17619193334625	1.31636317114172
100130370	-1.87891640014923	0.949125530032761
57597	5.18366291430945	1.06949641605563
71	11.2816568289093	0.329818201554247
25794	2.3399303313788	1.05752611353265
80233	4.77594237321044	0.630239137306322
55666	7.53114601640565	0.410729819296084
83882	0.00232988099706939	1.87619405756403
339229	4.53446147035339	0.447355928984028
339230	5.88314284014839	0.443869231723492
339231	4.57518286326461	0.601359320347855
9146	6.52114371451846	0.22886092431448
6182	6.72855771185658	0.386338523894762
1468	5.58100859552071	0.473488601804282
348262	5.22606422174757	0.931976775421148
116729	-2.7382507602664	0.812580442431162
5034	9.85953571105068	0.356635881293364
396	8.37671195655407	0.522208566335252
10189	6.82832154863447	0.484252115095519
51529	6.65181216740045	0.441352593481148
256933	1.3123224043488	1.12422512461156
5833	5.72272475235734	0.628016339432378
51547	5.41707764310916	0.618929946034844
4097	6.51639831250395	0.578985865792607
92659	2.87069330943649	1.23624679822558
5831	6.77762495405513	0.685205703475546
255275	-2.47846672803512	0.834730305613175
147111	-0.815696299199568	1.52713777940356
79058	4.39150150469269	0.258252228444644
201254	6.09446730993349	0.534244097223708
201255	4.44534443913635	0.637651309894075
5881	3.05324663874794	0.978416892491213
51181	5.41342923408116	0.610068500003862
5986	4.26186693907747	0.494428451196632
2873	6.62288162093434	0.421962985807615
64118	6.18942815489595	0.596770226938912
2194	9.34748932760825	0.665366280701252
284001	4.09359745302704	0.943829797861028
9123	7.90078203402385	1.51402217248245
1453	7.67106110581824	0.380486602192595
924	-2.9069450281438	1.42960578562818
6398	2.75493587658705	2.31840950632249
400629	-1.31254512484242	0.688524352027605
79701	4.89481648129734	0.557625142406885
284004	3.03789073496562	0.656616240434948
79415	5.16939939785862	0.669522561122552
26502	4.8574659197743	0.633654728739062
3607	6.76389426050364	0.390130054846034
56270	6.62166196308673	0.738438608656229
10966	1.90392033706127	1.2153678512493
79672	5.22526750088465	0.299700671721236
64122	2.97034826977535	2.36573397785793
6904	5.97730269407192	0.737831141938926
79755	-2.53043265497357	2.0342712107999
146712	1.59784249959902	0.963378967557056
284207	2.70894129119039	2.28673016409663
388574	-2.42173125979025	0.909961408484284
727758	0.409682763203132	1.30530672820947
102466878	-1.40717474912016	1.31135225652257
9097	6.79327749876637	0.572397360306318
9984	4.82461112580182	0.441156304902169
27098	-2.30011654364958	1.11630177028653
494514	0.909017643772496	0.97472325387897
7298	4.73934081798956	0.562919608097452
55556	4.41737538404756	0.781470805021606
7525	6.78039655627145	0.510579623195218
116	-2.49366187969851	3.22252926013852
64863	4.14579848709848	0.334112197054109
10403	5.65194413915263	0.499267878217023
645158	-1.40491238949032	1.20593743093009
23347	6.61525574369992	0.474185411456756
84034	0.506145792431012	1.95758484053664
9663	5.19540602744231	0.863990443595758
727896	-1.10152127558695	0.556404346273787
8736	0.640741994758829	1.21402279053446
10627	7.71446834835262	0.535993761933702
104968399	-0.21112805869373	0.912885740744407
103910	8.53069820024166	0.501301333927375
7050	6.58076679626627	0.819393911003455
100505592	-2.52253329660196	1.95640500253286
9229	-0.471673325815575	2.05862372495024
649446	2.80987834803271	0.664547019018886
84777	2.27299674950156	1.10504054999403
147525	0.595996233922922	0.76596254950126
339290	4.66271354433137	0.612086403985948
7541	3.79919804741174	0.303962715666539
645369	-3.72383438339768	1.24639565978387
91133	-1.67345761329993	3.03333045482929
79822	-2.99516665074496	1.51891396097556
400643	-3.58601798460708	1.26241708940757
284217	-2.1428271121989	0.980383307508852
5797	0.996171106740514	3.25826034044275
201475	5.46880227776149	0.488591795251467
100287082	-1.55815894910699	1.40321912571784
23255	5.05291825337286	1.20836338872328
4729	6.60200383668387	0.35518553650949
101927275	-0.402481371889868	0.522443384479659
23253	5.61090820580736	0.431901008661157
57045	5.94023403500981	1.04179111614215
10928	6.84002703042691	0.337056337549087
9989	6.57475444379223	0.402826332758647
101927323	-1.31358987744654	1.00733621228157
11031	5.86244815172952	1.7928156778098
84203	-2.48176098410722	1.22201106725513
9218	7.78553405118217	0.380766914544488
147495	-1.31524205101869	3.08305699512155
8774	4.88076675304877	0.593841619548092
101927376	-3.19292234487592	2.02018409530718
63895	-1.63288084740988	2.4968345390152
2774	1.64912150894777	1.9845018659835
57132	6.2033975626219	0.648106375398687
65258	3.26579940794294	0.465370173800701
3613	4.89685770909596	0.589837420094837
497259	-3.55630559229952	1.21470857009239
84617	5.18914179953115	2.64425834767738
10939	6.32438144745205	0.498077720731968
10650	1.08077043220246	1.13858167805511
105376855	-3.08006905683453	1.45895429789554
56907	5.79454855718819	0.741875455120319
56984	5.63412539519366	0.432975526421089
79959	3.88797441248332	0.277344694366244
5771	5.03004822047508	0.43855470687166
81929	6.12679772921737	0.331304994028634
55125	5.36953811989228	0.374120970623317
753	-1.12444470489044	2.386913699289
125228	4.88011479606929	0.58258101101407
8731	5.73310914936777	0.525217798660825
162655	1.70138760755663	0.695839111793873
440482	-0.867091632165236	2.27754724459475
284233	-2.88069653032063	1.51768264035782
101927642	-3.63783831914921	1.08488508667856
6093	6.66692885708793	0.394014637208298
80000	3.38783547115693	2.17829226389596
114799	4.8441326752067	0.490612101582664
6632	6.37656397501399	0.43329539741865
171586	4.97138324547918	0.357626666588678
57534	6.13638095201977	0.606887852971726
100128893	-2.26390745419957	1.84058455800577
2627	2.50535831191609	3.6870169396318
101927571	-1.80036763386587	1.34825405310919
5932	6.35204893942821	0.710347344620073
105372022	-0.778069730459612	2.26514328617715
91768	3.46031494959522	2.83303092701745
85019	2.99617252325868	0.871698970076612
8780	6.32350049199972	0.440637460499729
29919	4.14877734959653	0.737274694072793
4864	6.07193009319967	0.640859879658229
147463	-0.825097126552997	1.94369058506741
3909	5.59244395469269	2.63787740077295
125488	3.49217539545851	0.908495379111103
102724246	-3.08820162473166	1.46387944677084
26256	2.3040397704112	2.21734101677652
114876	4.98245072354567	0.887870528593112
55364	4.95352882537546	0.59356550185909
6760	5.8723345609234	0.671406934182954
6875	2.30733507737849	2.03271168180364
284252	4.75341749365837	0.820494487468541
361	-3.56310238328921	1.20961248878606
83539	-2.58022727916364	2.83634051285509
1000	-0.0678351791759716	3.22629289131543
1825	-1.13591943429935	2.8672068911107
1824	3.9357784882828	3.32563108899727
1823	-3.35879029019006	1.22635446397259
1830	-0.377620083834202	4.65473281210786
1829	7.36513520813935	1.86747231771455
100652770	-2.43663890145239	1.35633355802634
9331	3.37382146455403	1.20939618063996
22878	5.51645486095362	0.343189914417419
54941	0.701695677824258	2.40128046190051
51444	5.14550737101925	0.586230601905774
64762	3.49866271094334	0.980405975352079
57565	-2.5560413704996	3.02028286909452
374864	-3.41481458172322	1.44780467340373
80816	-2.34793665092368	2.87701032403397
8715	-2.40119796843759	2.86070003836626
1837	-1.56667568365031	3.01510872212733
10982	4.42240786558081	1.40425285876459
84307	2.90681218040192	0.622059533579666
100101467	2.79969103462908	1.01947980341986
10778	4.48645192936884	0.515827612845772
7572	6.24735483013709	0.434087755241876
252884	-0.55537115606543	1.17775176038797
125476	4.29947477494947	0.66137044531997
2589	7.17254744288298	0.857573517439048
100500864	-3.61911043851679	1.09243381830892
83608	3.57339823100059	0.304882810358961
55197	5.8427791819858	0.515311673701737
25800	6.67788076919892	0.415614973127937
55250	4.96991358407871	0.616227807549181
55034	3.26204517174328	2.24571855375593
80206	2.18195758108546	2.26867608505882
25941	6.18151590665619	0.557021031218115
57536	1.76833529826383	0.622022537912893
56853	-2.21426099188327	2.77077512478035
647946	0.856528497262927	2.03026049980205
641516	-3.40374405660385	2.12105725068375
5289	4.25539748351504	0.581690979996982
284260	-3.19475053411757	2.4186953417561
6860	-1.95607489985325	3.57340123328443
26040	-0.0589978870917242	3.18565515205853
6563	-1.40036681042576	3.07884422465236
57724	5.12160811783621	0.883795827985925
284266	-1.5553342143421	2.08368891665837
9050	-0.457377419008858	2.53798265990039
498	8.45001688067496	0.631222559213711
115106	4.56510635533834	0.554118307608109
147339	5.1433850007126	0.683785667881421
494470	-3.20125772864159	1.71224258038358
29906	-3.44894369548927	1.07651721787371
9063	3.76230374659066	0.850268337170228
83473	0.736078518011918	1.32017842087784
84064	4.33787692916798	0.386680165062494
51124	5.40298483429052	0.398615824025074
4087	5.41517205940832	0.449866034046633
201501	-0.398860024213381	3.86785232363227
9811	4.00066811252178	0.683580199044614
4092	2.80150424111576	1.33920153098871
105372109	-3.61909074975799	0.968031383593406
54808	5.02901576894542	0.455218505985334
497661	0.763995804573063	0.681195870715614
6139	4.51889810332797	0.720445897965703
100124516	-1.41595208042817	1.01461055981616
26791	-2.14080936985691	1.004701373234
9388	4.02298323680284	1.47372050869729
10449	5.08703259152358	2.3657457040007
677769	-0.221196753616915	1.01794846837664
103091864	-1.41904521970602	2.1016689533462
4645	4.16403961752801	2.93412594230223
220136	-0.556863495495013	0.977668121295495
4152	5.58583512758825	0.367464482633628
30827	5.03288956748369	0.394828098931506
5596	-2.23943680786946	3.21535202200725
83876	-3.01478393280536	1.69182638811258
4200	4.62069059414639	3.32542291347634
55520	1.17758626243385	2.28548555812166
4089	3.33322038011362	3.85132131757169
51320	4.35494578970156	3.00687518233213
1630	-3.08725819692549	1.47987083531653
8932	5.80141407433597	0.956315517648104
11201	2.78558788004566	0.614984925864816
162681	3.52705976669717	0.520663805148575
5874	5.03872365015543	1.94967569878595
80323	3.08102870888266	1.77279397857298
6925	0.0551474752663286	2.2403985697098
9352	6.12624628283992	0.337916748883271
23335	4.0259330873812	0.523593131848745
9480	2.66480325686582	2.63858583517977
2235	4.83247669574029	0.803096138289375
4677	7.6118469522694	0.514571078380594
100505549	-0.0545791626845297	0.923094743075924
5205	5.63243818401541	2.22386254196535
23327	5.77954432871037	1.05710151697668
101927322	-2.62731104482218	0.649557867409025
10892	4.03614878851883	0.306065354849215
55205	4.48947113830696	1.22882940288264
90701	5.62185628672151	1.47368263169028
3998	7.95450179920155	0.592919463105708
147372	-2.17323062787197	3.01521093934812
5366	4.90494886719144	1.73782613228815
4160	-3.52353291908624	1.72176951174783
220441	-0.187022427805359	2.68901993825503
23556	4.7939073143952	0.48636168609683
57614	5.33034470784449	0.553024656827258
8792	2.52183408096202	1.73003068688524
54877	4.69830038724846	0.510847692578712
23239	4.42210870581147	1.31852279641131
596	1.61974381020363	2.04637882061409
2531	5.45899563781624	0.521462522549299
9525	6.39472516620175	0.420023206526653
5268	3.22171024847678	4.84501686208534
5275	-3.63459644272252	1.53586987699564
6318	-3.0981417589251	1.72607742411975
6317	-2.24813767846496	2.67925868055577
8710	-1.10361227713132	2.86909021736173
5055	-1.06732786548007	3.30020931855714
284293	-1.70306541270133	1.73063196275366
5271	2.89300584634213	1.37118712153729
1005	-2.96862285841273	2.95039905527044
54495	5.66465839115283	0.428052452875967
79839	-1.403860534626	1.38981422274779
10666	-1.94659392420142	0.741212547820912
25914	4.70729306910399	0.975341097561102
9306	5.71116069879877	0.935636202918799
101927481	-0.603641882507587	1.7067113640072
101060542	-0.97832160360827	1.81378379817002
147381	-2.36174861340654	2.42159775447497
81832	-3.50290464067413	1.44811865190047
400655	-3.47389068292571	2.03785469393749
100505817	-2.00223592062579	2.0985360274524
201456	-1.42769050566194	1.71587286092202
29090	4.84533129812186	0.605870166814078
1528	4.73759392184033	0.874997118705082
55748	6.82439508466276	0.655635679993029
400657	2.47379872770962	0.468835894561383
55628	3.92534386301982	0.544431903579696
284273	5.41845551758098	0.556521954747825
10194	3.93784774341307	0.961629234767109
9658	4.00431041425259	1.15230450137828
101927989	0.129735096830002	0.986379331103405
400658	-1.33234106119183	1.13341561921562
284276	-3.40618829965854	1.47012778967693
400660	-3.48621503618879	1.84268718757726
100131655	0.567713253325527	1.33350356799426
7776	4.09662502432636	0.596464116909362
4155	6.36639930791887	0.542619325744026
374868	3.78187381479555	0.825611498692563
4772	2.3435136735928	1.62593165559321
9150	3.58120712826504	0.527305667698134
26251	-0.546320896239379	0.952435536134479
80148	4.73014778008074	0.818374477882348
440498	3.63646972332104	1.09190110582863
10907	6.59644840088388	0.628678583611986
79863	4.18725925012401	0.734532838936588
100506070	-3.31689058799232	0.974761295977106
22850	5.63755700044984	0.532322808663558
100130522	-0.715425388971212	1.68990140843216
84552	1.4257089071603	1.34848486927469
375690	-2.12821632836249	1.32600488887254
399844	-1.60626907022232	1.46816848094906
101928344	-3.11276983747332	1.0967357725968
8612	6.00002708118172	1.16148042607692
101929060	-2.02487877607015	0.805002374095576
54531	5.00858216248059	0.342188701366261
126567	0.605056244568795	2.50552589418625
25759	-0.40516125685159	2.67834658156118
284451	-2.60576288387376	1.66624684440008
8174	-2.19589960502462	1.61920793256073
91978	3.64149238579818	0.737256101839049
997	6.09157803807067	0.710344055238656
3004	-2.45896467894023	1.08831334273948
682	9.07696649741236	0.53240128582963
610	1.93424856149853	2.654587011364
5442	5.81118581189536	0.510800252714533
55658	5.90546196394881	0.556182033831905
10272	4.6075736898694	1.13883364714925
5064	1.17869294945308	3.62847067250975
126353	5.9292293593518	1.80375578133302
5725	8.91370042246637	0.220757005899367
79948	-0.507030471973979	3.67448299557082
1675	-2.76192023986643	1.51028590044443
10025	5.29513722975118	0.473473642330589
91300	5.83270953106942	0.376135210708048
84634	-1.25526790140574	3.33093526745706
1820	4.43156556139394	2.14286025860623
57418	5.3944016369658	0.47467253292235
116444	-0.497210545395433	1.79990018032677
91304	6.82983203048682	0.324742558064525
103625684	-3.07075240045291	0.875049437804682
1265	7.74062614983999	0.540548227193606
10347	4.92378867132712	0.758099144388135
23526	4.04068741278005	0.613458900899659
5434	7.24944992942825	0.244287049153085
2879	7.83037954726102	0.255564854157325
22904	3.75019212914528	0.7171978132112
6794	6.56010760076868	0.287977803495849
255057	1.73650375289693	1.14291263207894
513	6.25585301571421	0.423258343231014
90007	6.80364660299054	0.665999063582236
148046	0.776575884879146	1.05610123331908
1153	6.77803296131934	0.670170409225571
55009	5.41729903906272	0.685720832500988
1943	0.704729365515146	1.92412638372362
84939	4.89313604961648	0.471079047995396
374291	5.41278748023066	0.695108817679189
2593	3.11800493855329	1.26078414546421
26528	7.9091366001289	0.281279080518264
6209	9.22545735751242	0.462067281844318
10297	3.70429188774246	1.69872193151537
148223	4.08961720811089	0.456020643563523
54760	0.035946285921686	1.22247076643342
92840	3.13723325636754	1.31491951721405
339366	2.07269877859771	2.0597250388168
399664	5.28729100282348	0.632133944001203
53615	6.84664246394788	0.345998465568012
10975	7.12296638890634	0.370852017667671
6929	6.73900171352974	0.550054897902114
390874	-1.9866925624577	3.16645766085581
148229	1.77855372989712	2.24077398374236
57455	6.09500082033095	0.41862429795549
100288123	-0.743691030272699	0.58752760726536
83855	6.00430836317166	0.501516633062444
81926	6.23752571508141	0.3384120846705
113179	2.00143136575632	1.00751249712233
113178	6.1800602135367	0.485553234052393
1455	6.22129009614398	0.250590996200489
55643	6.07130352021283	0.775547554674022
2872	7.71373764661481	0.673821106556872
126308	4.38163181528503	0.735617303691597
113177	-0.623025112406735	0.96939558385225
8943	8.13043776784475	0.561539794636685
84444	6.21761685227295	0.548083609197914
55111	5.64891620193937	0.582994532552156
8175	6.30369146855395	0.394261607859255
268	1.43343387457503	1.93452397144364
126306	-1.94442153988411	3.6614497433138
4946	8.99419156445782	0.494852440390744
51690	5.94054316364655	0.701253957379357
56928	4.82583798431973	0.795925783601831
360200	-0.678949732562299	0.767340404836133
26517	6.34407949000182	0.503065560341138
84823	8.33447705952785	0.461502066179909
101928602	-1.78978888571021	1.49378318162377
4616	4.93007462999533	0.638445779199936
2788	-1.47778402873337	2.74001249991035
148252	-0.199336727221937	3.7782833855481
29985	5.28330015968377	0.424222545186006
6449	6.16240858687422	0.615934453423867
7064	6.26273262256213	0.517933483461492
115196	1.87314766872014	0.760382075373715
148254	1.65647592043557	0.715890899546181
126295	1.75961482653814	1.15184906737917
58492	1.8002893193522	0.529692627385192
79816	0.493314450371169	1.4550515084889
7089	2.32304440833978	3.29371136703907
166	8.67256292677968	0.597205710953405
2767	6.67313365566246	0.388091370523471
2769	1.22990217276707	3.82655570422748
56926	7.06025284100474	0.359420271248745
60680	-1.58413549039907	1.76969115803313
4782	6.76147109213118	0.878122179261961
284422	-1.59124704438892	1.40446390746613
83475	4.7094388017983	0.425306481651963
51343	5.70784858181872	0.41906362337981
126321	5.91736572671263	0.774473415698776
100128569	3.0810765164818	0.806598723635804
10362	5.87176605755802	0.495048640979696
126326	-2.95659564209361	1.89855925296612
6915	-1.07573229608351	2.44774028975656
404665	-2.18332190466031	1.25010169125705
58509	4.47775937041269	0.262727627791801
23396	5.67300196652296	0.5827983553285
27134	4.94278709499015	1.91363301674147
9546	3.60778524397778	0.483079363352557
116541	4.48178033887013	0.751289226696211
4145	-2.32643662430203	2.58696803934197
1613	5.66684309434876	0.7683200597717
693222	-2.60363204952726	1.04685928264251
1938	11.0486040131483	0.590357742839963
26812	-2.83508249775161	0.8604689542305
51588	5.84416467558925	0.410203195346226
51341	7.07478165596253	0.254862226549431
5605	7.38535359334509	0.506652348252748
84699	-1.48955649639541	2.33793651376862
51548	4.44679602047479	0.567526478918865
170961	0.333303480202756	1.33071850644666
10148	-1.23699739044631	2.35388317383983
55702	3.87850254579065	0.449688409276966
56961	-2.5156650435057	1.38643110198375
126259	-3.31254564837837	1.40620579451401
79187	-0.353385126617218	3.50949894007909
55620	4.54577685139418	1.33454870458393
84954	3.98045838118174	0.585370472180809
6455	6.96708320164032	0.613137320619433
10036	6.0491698090231	0.382825328365306
80700	6.08093084221104	0.335966188141715
84717	6.1772280676927	0.369118505632745
729359	0.956036738299689	1.89316357237788
440503	-2.11493748022322	1.17196929302729
116844	-0.0177239375518747	2.66420026380566
10501	1.50220100683432	3.54662619798499
126282	4.19443064097572	0.976480522470203
56005	7.90113430233097	0.824318872301641
91039	7.17022179325755	0.406375060733418
100131094	-0.521291156519682	0.555067877565188
100189416	-3.35227675344481	1.15538140140259
284424	-3.32425006828375	1.964128422343
55527	5.65486295310708	0.511424082083653
148022	4.70391888914627	0.684119478600135
10226	6.8188653565406	0.867468677855473
29128	6.39632032925909	0.775167094323421
23030	5.34240742190385	0.688854284812991
5802	3.80144591313771	3.40871297542802
257000	1.93076840025089	3.23691573527358
9667	6.70885819748613	0.469673721920101
6294	7.24455932490447	0.31739886294753
125988	5.38471277915465	0.50398413887641
374875	0.73260485991086	1.29641813199733
25873	8.64598977875381	0.704371366144669
9361	6.84548231998779	0.749520592319076
163154	-0.0988505643176463	0.782736855458666
56931	4.38523778227811	0.533250386256287
4902	-0.661516592519419	1.01044929594625
2528	-1.73993866916911	1.25466493468473
2525	2.34035182897659	2.81764511792252
126328	6.51047680455973	0.408030404405037
400673	0.939456655064754	0.570567052742248
828	2.47499220629568	2.15691887779921
8498	5.88365235747243	0.336273601643966
100128568	-1.18826838472185	0.985003367074997
5990	2.4828446111024	0.720879606226509
81616	-1.95159551509225	0.783110436294349
4298	6.84432825058558	0.257287426284185
8192	5.674188786503	0.506772843287882
84266	4.79003582496688	0.39700849853468
5623	-1.62250982126908	1.12675357100888
2962	6.86565253165786	0.273152551301555
390877	-3.09207711707552	0.900620351419811
8570	8.61149163120032	0.330487204993773
284427	-1.85264564232725	1.30222953680816
79085	5.65385621672008	1.2086688171965
92359	3.55760160741261	2.85584772128146
79958	3.93785403595134	2.52261061611169
10382	-1.15631374428555	3.44196713404134
8744	1.92499674794373	1.24945860197959
970	-1.95795388453173	3.06427134212817
718	2.56381791359574	3.84000428521274
56927	5.50837722002784	0.353164496759661
9322	6.72080788026389	0.620737618555435
10045	4.54729326296896	2.6752863760142
7409	-0.931214444720563	3.98299016332448
79230	2.54533002197475	0.533179030397668
3643	3.34755298895815	1.4784658802694
23370	6.32032871306257	0.550645120143413
92960	0.89465317957707	0.560422194216605
374877	-1.6213572243346	1.7104826285774
140467	4.19389694551059	0.914813965472066
57192	4.07709097838524	0.639992439663449
10908	6.58329885938099	0.767350745892023
57662	4.5090729920667	1.39031265615653
56949	5.29956168564733	0.434281971524705
100131801	5.34581539706346	0.457228507229472
126006	-1.87398620241395	0.869044280623928
6813	5.41755643151427	2.10189445979195
126003	5.59037307597482	0.420867251066491
115704	4.45523544523388	0.775880220917559
80164	1.41475051740465	3.07995810079479
80131	2.77862307565469	1.55163896294799
5609	6.15298024748607	0.478998467383947
100507588	1.46970786772275	1.73938080887526
6618	3.7419836876449	0.793627969953884
404217	3.29565102652621	2.83502907659429
10469	5.82838337482285	0.762535140020564
1994	6.84548746760741	0.295151050375516
79603	0.849551528955095	3.29680759778236
51293	6.16632664182919	1.10846069238702
4701	5.05113190183872	0.616924584783358
6234	7.96761925569311	0.93037401287249
256949	-0.113827685218781	0.561046448627142
51129	1.07497864264852	2.5200226860714
100507567	0.860096369786228	0.570923734214763
9230	6.4082432246181	0.377591555208661
51257	3.34076440271583	0.610239287843209
4670	8.70214887310758	0.228933337662648
84330	2.8871614994587	0.499330723316061
4542	-0.502997445331597	1.4438517423869
81794	-2.66396955847006	2.41039789057309
105372267	-2.93386213906179	2.4415866061789
148156	2.75678031428509	2.10645449526643
94025	1.94228825126351	4.10924010161941
57693	5.12268800106685	0.326703306703944
374879	1.54038714803747	0.6612055792295
84527	1.96403390404809	0.73358299505702
10781	4.04636940830404	0.42431964011561
105372269	-3.428454128755	1.35979890769198
79088	3.43898620190754	0.554245844426248
101928238	-0.817984566186688	1.1345087704126
7675	3.02211167345388	0.387546138066418
93134	4.5644163825376	0.494848397244003
284385	1.28529784493876	0.757165226277239
54811	5.02872445653316	0.388804876852049
729648	-3.11069940624845	2.34503099963873
162993	1.17060409665539	1.12075263563042
100505555	-2.67178221978005	1.47528313199668
54850	3.95869251305718	0.202223449639151
59286	6.89542353355079	0.37038615254671
5300	6.44874759466008	0.274583367516007
93145	-0.963150787067098	2.78271052051681
50509	-1.94387686162215	2.44631599745175
55337	3.53517045192513	0.883655316758306
83854	-2.02730213916551	0.877488664937451
56342	2.79661855271543	0.544416655594071
5032	1.49557513123807	0.664888223157412
8666	7.0229587888039	0.393745499142529
1786	6.92517660795972	0.62760422760289
9294	2.16786977029385	0.393300323266099
51073	6.37358942983418	0.551439176234814
3383	4.3366980188105	2.39512548822118
3386	-1.39002430752555	2.7531387391088
7087	1.25992118693829	1.76457815993601
100125288	-0.184798336756836	0.964875485560648
112812	4.64117294044405	0.642933616057452
125950	6.48691940723901	0.554205705555112
3385	3.67898326321728	0.639685345731495
7297	5.94731795184747	0.669550191033413
11140	7.61062716573704	0.48202589149783
5141	2.9240012905048	1.70140137163416
9817	6.79374704947843	0.534390584168607
53637	0.0418576312404529	3.45328563718307
84971	4.44899011983798	0.952825509214818
65095	5.61473381781429	0.478246481220297
1032	4.12697562614973	1.00369110205402
10053	4.94115472503273	3.269771964107
57153	7.10884125947126	1.99327550820747
147727	4.14357112510085	1.19064868987364
3609	8.47520836396255	0.526418798266281
81890	4.95698033194639	0.749345966052823
1785	7.7503114373333	0.622648668055994
11018	5.39158504512333	0.451054300405115
255809	-1.26776406006613	0.965777639858007
10498	6.43312500010502	0.48370162498484
78992	5.72742769929186	0.637461355319863
90580	3.74870796060704	0.641943749946456
6597	6.9628300833852	1.88996505222005
3949	8.01139704868353	0.847873244399325
147841	4.63912817239158	0.781793095192423
25959	5.93046245460978	1.03029793266839
57572	5.02476383042389	1.33142023005044
9545	5.47957606455135	1.18366413484035
374882	6.17889631955915	0.75978632323125
126075	1.59342221875478	0.782405951465196
64748	4.68990136795788	0.987727023923554
126074	2.70906169644164	0.910237019424411
2057	2.77463921161373	1.54116231985851
57139	4.30766549176492	1.20043531817059
115948	-1.12063527609637	1.64867350127333
5589	8.66453923761254	0.392854649460518
1995	-2.62118920296108	0.902102435023393
115950	2.99086576371893	0.644477879464665
51295	5.3896167930234	0.659655654012564
1264	-3.01308289112224	1.21466358056041
84337	5.77374339598993	0.455391753598575
54	-1.7841417163579	1.84960247068283
199692	3.27344567094807	0.586850549628911
664709	2.16018300239967	0.476814654198102
401898	-1.7686227923688	1.28089595214172
55552	2.46128586858576	0.626760907549684
126068	1.42709638695023	0.88494626796332
126069	-1.85260143756763	1.95201916831809
126070	3.49169450410084	1.12938591057385
90594	-1.50246590292348	2.6031100084922
7620	0.321566926353987	3.53877523099673
90592	3.09097846579571	0.599034813480238
284390	-1.14251736127679	1.71677664653871
163059	1.1068208593219	1.4855688082371
729747	-2.27905151630822	2.04915229054055
284391	-1.95657436051114	3.30689855703457
388507	-2.65634327297778	2.71214928469459
100529855	-3.6271601385277	1.15254330899845
90589	-3.07663178957337	1.79665016417596
7695	2.54675803247884	0.708155397190108
51710	2.46404699287563	0.613037148675654
147837	-0.676899443685462	2.17670973104252
79973	-1.12026877329115	1.72774238184273
105372277	-2.08660262402487	1.20361846948827
90576	1.70272944010771	0.668171224245969
10224	1.76715154746128	0.693998713038612
163051	0.907970190914965	1.53880237715174
163050	2.9234530673667	0.787373654051726
57474	2.64994200511045	1.03508434509341
163049	3.80274234858377	0.652912549288546
4125	5.91519282661743	0.581339253154619
84292	2.74317266100999	0.623618616810635
51398	5.45089378638199	0.673297961402623
1725	5.57849438742797	0.567286537752877
84261	2.99992968287492	0.522258891563402
30000	6.79647976719946	0.537714517232186
79002	7.50079390080291	0.522092473478542
439	7.02206230106091	0.620727015522716
54831	-2.88968529387473	0.779124896657303
29911	5.45312312140793	1.20283055073894
3726	7.83729127526018	1.26896679408349
7001	7.41706793322475	1.05647537547016
10535	5.91358037581412	0.480382052621993
83546	-0.765708757749729	1.82904874737604
22983	1.56535961969944	1.64280924419975
1777	5.99679601757503	0.554824440470174
2639	4.38400105049588	0.583381837315381
256126	0.501199755361351	0.978405167945213
2193	7.17274921803468	0.553579815706834
811	11.0215750500209	0.263762413400079
5886	7.16992666588409	0.516609760119332
90480	6.28727435413477	0.457517940776916
4784	5.2238986088958	1.52858735521632
4066	-2.20311096994774	1.96021477566524
55621	5.4503445430618	0.518130202416552
112939	7.86680802826656	0.364939222252712
8677	5.80735060794649	0.813678560661659
9592	7.88609103906516	0.815222679075487
773	0.189675879196576	2.50272638750388
81576	4.03600403933344	0.604475503592469
84245	3.75870373055817	0.491493492320161
28974	6.62100082793816	0.311671014880816
65249	4.04327316086111	0.629473919837355
284454	2.58092672624409	1.26968365947254
407010	-3.16051822336103	1.04750289700243
342977	-1.84532508393332	1.27729145354114
79173	0.96037727003759	0.937216678229349
54862	5.88521827766619	0.48346155374514
79883	0.283280340704834	1.94164417720517
90379	5.17625211533547	0.444836250418703
5989	4.28626300302721	0.272509215228105
9466	3.204914395662	1.92766755389848
342979	0.631537737168566	2.18135338707684
113230	1.63029361760869	1.69038364808657
90378	5.09394923714835	0.423825743695838
5566	6.66997061419503	0.463605210617112
55723	6.08319330127908	0.514696054731545
100507373	0.732728056654742	0.600807536330095
22859	5.46909811774951	1.66821995262869
976	6.77958868693672	0.73549009684441
10212	6.59423361043209	0.48669275795324
5585	7.25845301132536	0.796598880348482
5731	-1.37744203734686	0.927260042724058
10755	7.93117478337279	0.591854485344673
3337	8.31235892873271	0.392037744576908
9524	7.02444897856208	0.539946864174481
4713	6.18508882836211	0.266507491481333
84449	1.57484493401979	0.965015400785733
30817	-0.606604935926376	2.04260168893292
85360	1.29762635950465	3.51477233551242
10994	5.67832256734006	0.553050546408528
4854	3.38781432405725	2.81348020089539
79852	-2.43795502672396	1.77089574379915
23476	7.44752010933197	0.369119264205185
10270	5.2331111900214	0.537122713193271
26993	5.84177622414028	0.467078201513617
58525	6.06591681973952	0.524077698861835
126410	-3.00871590010278	1.92539238916529
4051	2.28211728361427	3.37305042272522
66002	0.68772529796554	3.19454624503002
26539	-3.09473866383458	1.65028319663999
652995	5.31132856870867	4.35289514714595
102724279	-3.42082856198014	2.1232468616342
8529	-2.96106285745626	1.98557286735063
57834	0.679614274068912	3.6201491180735
7171	8.02043372218626	1.2533521200521
4218	6.56133912933544	0.341168312683013
84941	2.24516210590434	2.83624081650734
117286	-3.06149071809266	1.3359533666448
26017	6.19376073110119	0.319623487052759
8907	5.51039870151396	0.666637193520648
10365	4.7421598733864	1.313370182749
58513	5.18198686422487	0.600712253008962
84167	2.30435216716041	0.762795377148984
10523	6.04055836855438	0.386159034130761
79939	6.22012897821049	0.432171817840618
9441	3.73863599319235	0.452295803502097
79086	5.94276627955154	0.445216572775378
79041	2.8665847315911	0.970537523694779
284434	-1.93977998102961	2.17408393615262
23309	5.46829610009797	0.433708278308166
9002	-3.3844498768132	1.67799616334397
27151	-0.109801387504048	2.6055566171627
93323	4.14646406183336	0.50974790245982
4650	6.6165193767131	0.450640297255741
55850	3.8600077918556	0.695397864075875
79629	3.2189958308244	0.92407837927088
2063	6.8815483625733	0.583062887872615
29086	6.24416680944351	0.392250670248462
126549	-1.21998555294863	1.27897724578208
79575	4.59777765844405	0.980401282983832
64981	5.01865134805316	0.791185633566895
79016	6.29140717268225	0.553614708450961
57719	4.088279911217	0.869393795756312
84705	4.31349824514329	0.685119591414981
105372343	-3.44555274321385	1.23686112947761
684	4.80580773267637	3.09685265620809
105221694	0.474331233749975	2.8557667877339
93343	4.94922597786517	0.535417826219033
100130519	-1.3184393215126	1.88460739204537
376497	2.85856535602732	1.57272011366783
25796	5.53478924740053	0.522128081058413
199786	-3.09992365598824	0.978207060790837
79709	7.34568912472989	0.646197133201413
23025	1.03930198220932	3.94609173464659
55201	5.51613852900065	0.536550783650809
23149	-0.611406625397865	1.87681960024926
10331	5.3090363794721	4.05280638921373
3640	-2.4319151712823	0.864431760446824
3718	-0.383639136925239	1.68779206369499
6142	9.76883975859458	0.359880413657101
26780	-1.98689047731688	0.965214023389309
6528	-2.46735124778716	1.996722406846
115098	6.60685921612001	0.330181851918664
3780	-1.86911959856117	1.52077211410083
27106	3.91444120710537	0.543885264707948
3594	-2.83317215852125	1.7100696811251
23031	3.46728308507669	0.955538797660433
5296	6.10886263857112	0.733077900118319
10437	5.219083581498	1.36394561743401
84769	4.20191654539652	0.627736791245962
5864	1.04288969857286	1.80552089204437
5143	-1.29899019751865	1.09426871372753
729966	-1.56658385669755	3.0238302618517
80726	-1.11747449536853	1.12125379685785
3727	6.76139687569678	0.645388428069113
100422833	-2.887499741815	0.998781946377935
25804	7.3212200387902	0.406124953245836
54858	5.08114311910007	1.00359180797176
9518	6.00113563677886	3.03164442600962
100422943	-2.56435897280492	1.84609283014391
170463	5.36834916514577	0.719245874238696
51477	4.6684551361144	1.88651430524693
8178	4.86019186831792	0.409747466017215
23770	7.94296355103384	0.256448528702858
79036	6.06275683438109	0.386030521103241
7311	8.92211891584962	0.389754953704323
55049	4.00906707303811	0.798130925640811
9244	-0.568167219783346	2.52930697765217
25789	-1.48860001599951	2.715571942989
55295	3.63584463255525	0.658866044455623
23373	4.08120124047842	0.823376026019237
1311	-3.48036417623899	1.06265016670786
5976	7.63856655360993	0.407699845869496
10715	-1.53240113461624	2.55731470916751
11316	6.84849683853362	0.636800876402981
54555	5.38747160280317	0.564782987237499
9454	5.16468561127641	1.25815481487919
10147	5.92372481700081	0.657986168935313
93436	5.3504111555929	0.41870138638238
284439	2.60023770073199	0.925560118264381
54929	4.67989187418574	0.663528387890662
4207	-2.67374729407994	0.902920848517571
729991	2.42567064120193	0.449922262851666
8625	5.67726821722346	0.328150656853235
126382	3.79638152557936	0.320510724350332
1463	-2.73476659513907	1.06737886127215
53345	-3.2489947884601	1.56948669417464
57794	4.70145376682666	0.359249071459232
23383	5.41356591647674	0.458313219983326
54815	7.08662837262836	0.385662010227883
83983	0.715016609301886	0.768380788418093
51079	7.40624045901401	0.417537776481637
374887	1.42579215295179	1.00376781116384
148113	-0.797117025291371	1.82391182657323
80714	0.811976141561068	1.86337474333782
9170	3.75082670351896	0.975347640660523
51291	4.72128226850703	0.462059465369587
57130	6.08522080253929	0.654732969393776
94039	3.47675741693175	0.434576357927328
7561	1.83239998653988	0.784026693817549
284440	-1.02820611614707	1.39884023669395
440515	0.88175715096242	2.28425395877933
56242	1.56374724307235	2.63651887320423
81931	-1.19733457625486	2.64671923454523
91120	-2.31954933205169	2.45107081566631
7643	-2.55756025396804	2.45695003790549
90649	-2.23143504091662	3.12418518060846
102724436	-1.6845127685773	2.79997569260247
664701	-1.58978012481137	2.95173976345187
100129842	-0.189952182216969	3.1714467654275
199777	-2.45110268125747	2.40970226423721
80264	2.33226729180054	2.51922770800521
148206	3.38337100116056	1.98767506791718
170959	3.30431922811294	0.962217936945281
7562	2.33256073924063	0.778195658934299
148203	1.62228737531849	2.42799361039111
284443	0.724077256798632	2.29504259954713
400680	-3.53288618349985	1.81414155003256
353088	0.33498826328601	2.94875401163349
163227	-2.84810228325315	1.13716499811045
7594	-2.36588574693933	2.47569377687505
440519	-0.589619926869638	1.52784379400523
100132815	1.57094013006517	2.28226813571601
7644	2.77676112822762	2.84807959520649
104472717	-1.40148958517007	3.12879084772538
171392	2.31503902833012	2.51901912998151
148213	0.838384281420595	3.06984562160888
388524	5.21140207361868	0.920182827849616
101929206	-0.619916749959119	2.3139114769835
730087	-1.48781111275483	2.32329191817808
9534	3.52858427192859	0.923106720488257
148189	2.48224738316898	0.708055780187641
101927151	2.49011675468952	0.630012291671212
102724908	-2.81722866011601	2.11018236657986
7386	7.21940440748471	0.324167383436317
10775	5.40783753511754	0.362585067807321
79156	2.77158304232054	1.79273769457041
83636	4.55775566449515	0.931780052408068
898	3.83660830700456	1.57210967755702
8725	6.43819221108419	0.429264510283731
57616	-1.3788831600929	2.94032232229921
105372487	-3.36865500186158	1.58122707360999
22847	5.48757155577405	0.256351630376638
400684	-0.0779997718181255	0.900244032409454
147991	4.18997639138625	0.541101720893265
9141	6.30679443398815	0.512586609686972
84079	6.25734394843293	0.31831502882208
390916	5.40289162515373	0.585789379093374
388531	-0.154428212159667	1.5426355805484
91646	-2.84573140736052	1.03769206567738
84902	4.09986103728229	0.66036984699276
91442	2.93670318977989	0.91894446178888
85415	6.32488179203722	1.19814678831399
55094	4.15834022258394	0.423396597291026
126248	-0.585699117384487	1.0210526278629
4037	1.63793815522965	3.52095706862679
56301	-3.40895490459475	1.85293746020754
1050	1.17049323818451	2.68575468856235
80054	-0.909113955969637	2.18584838332718
1054	6.08213938590037	0.586407219640279
5184	6.31825534134348	1.05089876335896
64377	-2.77351700029247	2.47348002362004
79047	3.11736801582608	2.7434677469595
26065	1.97492207656361	1.42191829387403
9710	3.66314712281951	0.479237529994462
2821	8.66936007524226	0.574865950188291
84306	3.95626483734496	0.589191849018612
10054	7.55175250028742	0.421351250955577
126374	3.2625786025308	2.19299755305038
643719	-2.55817283801801	1.00404680979461
284402	-0.757731300693053	0.655613495615293
55900	4.03254215451926	0.457217712048832
339318	3.16758528544455	0.444586982684736
148103	0.564326292088753	0.98319395032332
400685	-3.03972498057834	1.79615839952995
90075	1.57618617954183	0.840021428678237
126375	1.87367202896383	1.25335295638138
57655	5.66553395367924	0.742177722113442
6324	-0.556786342664249	2.33436243084403
3249	-3.02857716525959	2.72824853593846
5349	3.51411770100473	4.9577249697044
163175	-2.13131287952039	2.24303069447528
5348	-1.53343287293355	2.33659527083692
53822	-2.23389530592898	2.48420535179268
53827	6.21598251269805	2.70745131745304
51599	7.27321478645794	2.21070178733325
7392	6.99972974567183	0.264712049617033
933	0.138731080710325	3.29243562320086
93099	4.48627493653055	2.72307116508552
374897	-2.43256067529994	1.47146705561738
26330	1.0396276027421	0.838870584355895
100506469	1.21932526770074	0.632079418171721
10430	6.26211101259853	0.431929011894832
495	-2.99927745068978	1.20090767585103
23354	4.83514074483539	0.796398830417433
79171	7.27101881808741	0.366948124427353
2116	0.252675587745958	0.61218581422982
1340	7.44628321800037	0.306452594758302
11045	-2.20493673936334	1.76546733344615
100862728	-3.34137276876778	1.21032276515257
27033	-0.324157971112751	2.18908326695247
9757	6.7507528073915	0.361409961886494
79713	2.0392404281472	0.605507269031734
199746	2.85408583135174	0.531140723894729
55851	6.16849520243947	0.63643136012123
55957	3.2426297222602	0.468368631200206
126393	-1.02966246555365	1.06015856002098
148137	4.12378383304165	0.589996094560755
115703	2.88839362309715	0.609761619255439
4868	-3.05316014720415	1.18675952733041
84063	-0.827103141221158	3.06127776664481
333	3.28205190756746	2.10697994742622
84807	2.424961884621	0.562267742638009
10870	-1.70043421741011	0.923103790258374
79414	3.75400772896501	0.702816173740475
644096	3.57117413165901	0.54148374139566
163183	1.27330191732382	2.29760774755437
84964	4.17049028000861	0.271315549448348
101927572	-0.683849611750875	0.931726326378744
25999	0.882875137195977	1.13242944728424
199745	2.35844048690351	0.679493196382666
284403	5.47853392939262	0.494281174010151
728361	-2.27576832569089	0.736630445571256
5438	5.44829157669765	0.326086259953193
1155	6.25951715920031	0.515753868590461
826	8.26873200742288	0.557441190453737
147929	1.2692456995472	0.712043831606909
7705	7.04115453094538	0.545732743879218
100506930	-0.0980520079575794	3.6866288432116
57677	1.97825483205565	0.858527266467034
284406	-0.936268448413067	3.13620071265774
84924	2.98002552044029	0.64349582041132
728752	1.03350843984205	0.866722325573039
339324	4.79190138642349	0.47749817558303
57711	2.76299208646527	0.300320865071461
101927599	1.04195963305146	0.620103981846406
84911	-1.92213266727182	1.21332085142956
92283	1.97098438198162	0.808399925401083
101927621	-0.581940385089599	1.01403918881166
163081	2.77385470300274	0.576506662270504
342892	1.94812920972833	1.11045199811891
728485	-1.7093098156955	2.17245491455107
284408	-1.50997292006079	2.72933547160424
388536	-0.0155074250048793	2.67352983254932
25850	-0.479816811729746	2.53124824617305
374899	-0.61164794762231	2.944944727118
374900	-0.5325098559636	2.83739443818605
147923	2.62516826128413	0.660076805914161
199704	2.87275810526815	1.69209251654049
92285	2.31622055035116	2.60849135766804
163087	2.14535232763933	0.51406663122349
101927667	-2.73930519313033	1.84438955842546
284459	3.82561393984066	0.766454396855659
84503	2.00721268298786	0.611176706943633
148266	0.315024416635049	3.23977333071661
148268	-0.683138791558745	3.09335789643972
101927720	-2.91414153333179	1.97855192873403
390927	-1.87559342764034	3.32932877567836
100507433	-3.16398000888832	0.95750589973509
163255	-1.49028238278023	0.995837282067271
51276	1.25927306851518	0.523330574351638
22835	2.3775048743581	2.10952527692205
163115	-3.34653637812408	1.1640451355921
84775	2.65227635372288	1.12232904504318
126231	1.47886396827035	0.758976305729975
23094	6.32105407672456	0.674621156079232
8193	2.19785557217445	0.985554444262354
94274	-0.958044800807667	3.95938193339778
10653	9.38549439572963	1.51937451365251
90522	5.54642208296335	0.997976739522296
9424	4.1094936366539	1.35088375453724
57828	0.355793258350914	1.24169881432882
5714	7.9348271704592	0.481486536270741
199720	-0.624960831056957	0.704215000920635
399473	1.22283296373992	1.4664497569339
147965	4.02676665535943	0.616173448180552
6261	-0.50364440534842	4.00270275100064
11184	-1.65315975835173	1.54764208207337
27335	7.47428293054538	0.929804354189741
81	10.2470621771625	1.11659869938963
147968	1.18982667221191	1.97761454819586
653499	-2.60540963230996	1.50088415450973
3960	-1.39982531122551	1.5663924126071
1891	7.82347635767402	1.22052565774784
3191	8.9656763523699	0.270240523475567
126432	1.46804062198884	2.68407434630107
22933	5.55754729676576	1.07203515543318
4793	6.20213413281504	1.07758609115369
643669	-2.27047696539484	1.20354843455881
54938	4.91884792899007	0.843870156743287
6183	6.20786902626668	0.965767038372142
115290	1.19102331596534	4.59725570162792
126433	2.79491873392406	3.8218977389836
390928	0.721272817528272	4.00077369002854
10298	7.52953550250065	1.0421808467927
342897	-1.37424501530593	2.24869418546699
282617	-2.4942198496214	2.03222958621828
101180976	-3.82837820568349	1.084658482531
282616	-2.49754323383317	1.94641950793254
282618	-1.27830367192361	2.41232547009467
57622	0.932336549839958	3.63140559906315
9535	-2.12389463205534	1.53620366069632
55095	7.83067956504719	1.19695724149667
54623	7.4067439529377	1.41641746389998
55588	6.64848144237654	1.40875306615845
7538	7.13239439923242	2.00184614940683
64857	5.33404196104484	1.96779253282804
6217	10.6380127456439	1.23277971259835
6829	8.34939627596169	1.21588845476757
92609	7.03852844147549	1.43601487705202
10683	0.577117312331305	4.18108933543607
126272	1.87800788890231	1.53136553607529
163126	5.10236644294023	1.213487184556
9149	3.74216499521487	2.15294520506371
2091	8.2239506484875	1.45967155290969
8857	-0.458540910369001	1.91215832779566
5704	7.66445578692611	1.41923987142633
339327	1.4779531441985	1.8812009039736
163131	3.86915125979701	1.1977430720417
284323	4.48934944371441	1.44145194751528
4294	5.18720109357196	1.57982119562152
148014	-1.60900956452005	1.78778601610746
79935	-1.62770684934463	1.42845113943854
208	7.88978613410374	1.55151722449207
693226	-2.64353871342007	1.79500013322266
126526	4.28695323697083	0.527178125500226
23646	6.65241418902056	0.393418218599298
57716	2.03432034680451	1.54794010783614
29950	4.43898683682991	0.611969723892182
29946	4.69731349940733	0.528010428691037
105372489	-0.807601476454366	0.71831962675194
645	5.82770400500695	1.39643872159202
57731	0.341511226755397	2.026198883151
92799	6.07396363880841	0.574665601923164
8425	3.85411888119124	1.5444605385956
9253	3.77972310639665	0.893954011350718
79934	4.5299710042814	0.466943654859679
80271	4.92521914442575	0.952809874419198
284325	3.71299602769832	0.557857336574041
6626	6.6017954294868	0.443679990998295
112398	-0.750697866215161	0.735457066013371
1556	-2.60451390976287	1.31922425444352
1572	-3.27103019294299	1.42829546615881
105376908	-2.79816370338993	1.62440453277252
29785	2.71423168873963	3.39516324444914
558	6.0410469446685	2.54361364147672
11100	8.31937770309725	0.690794895357716
90324	5.6157407867735	0.489591908333354
7040	5.98040414454392	0.739073566664619
80776	1.44707858109426	0.759518476079606
641649	-0.625355801043822	0.79673891714029
56915	4.59734759686287	0.524957359407682
593	5.22189007489929	0.599205819948938
374907	-1.19704704178755	2.26832423250263
55101	5.44566237222613	0.651898234722548
1087	-1.81251248524164	3.10097164180154
1048	2.01545786430957	5.9656932794056
4680	3.80888374467254	6.80319391260806
1084	-3.29338277336031	1.31767847548639
6223	9.80994869410843	0.696650757291478
973	-1.61306129055804	1.05151746801605
9138	6.23649152447948	0.752206686811617
390937	-0.464826271287246	0.951402523157725
10567	6.49055230710025	0.5452093725501
478	2.35912758747922	2.34487383419731
2901	-1.3506231452058	1.08778517610446
64763	4.39655224155097	0.531609937605099
5452	0.347758158617968	0.977985273018682
162989	5.28342269577025	0.638072394751281
116115	4.09512256717311	0.641824733157399
2931	6.42898792490221	0.722040626696934
2077	6.42390016826186	0.644204973378016
23152	6.51974225206477	0.704991610621161
5050	5.11892727225253	0.74581368220266
284338	0.724559666734799	0.860115928788661
284339	0.146418888537327	2.24214874985801
1954	5.96877395324269	1.11607364820183
84518	1.25779484475609	1.06562059392852
101930071	-1.49055103479856	1.10999276581496
100996307	-1.69902647107011	0.981300088738678
3991	1.46349563085298	2.15111927203734
284340	-2.55388261446942	2.18130395281527
634	3.94387518367909	2.29234645611545
5671	-2.87418435055383	2.12159918716077
440533	-2.42439687038919	2.78297533653837
653492	-3.46884865523962	1.30749448466653
5669	-1.99733238574563	3.85502936034831
5675	-2.69759342377846	2.96880603449448
5676	-3.54064719740979	1.79614670307071
5680	-3.53437551450644	1.52362829574191
5673	-1.5868551099762	3.68398154528503
5670	-3.18264839111972	1.86523142353308
5672	-0.998314061634974	3.83962547383756
5678	-2.13114288544854	2.25672531944003
57126	-1.53906747846601	2.3652833081452
83639	-3.35181460101819	1.82933660907845
27076	2.68668002711589	3.64195887072123
653583	3.9463257661433	1.35149128528117
23474	4.83594496446813	1.30638803393597
284346	0.273105687422319	0.841327662565488
7515	5.31177860786545	0.617840367079991
390940	-2.89434028231973	0.99460784055576
126298	4.8164535184746	0.715990593335306
79177	4.08827800151213	0.443967723862605
126299	4.82330358620821	0.580672171004872
100170229	-1.14737928104639	0.857229130098343
199731	3.90047292844049	1.66469459804045
5329	4.31754371731468	1.96941871738768
56006	5.15929929015301	0.608559052360039
3783	4.63447248133479	3.37592015762489
284348	0.0212226884935706	2.41670964271342
284349	1.95480495912558	0.503122831944357
342908	0.526229003154477	1.18103554739803
100505715	0.217856044080481	1.05077310230238
105376909	-0.78725965984498	1.0962917183707
7596	3.84971483184021	0.537953629221318
7638	0.802396830881398	0.863378092241846
7711	1.80676787211317	0.690194283463158
101928063	-1.10108830100909	0.712832265465541
7773	1.891183644597	0.587004976662482
7673	1.77652849966255	0.460004387894292
7766	1.75323158111126	0.661246513028983
342909	1.15530772108373	0.692273285582049
7767	1.94684342157428	0.640300069056163
100379224	-1.17084219252837	1.39021556477412
7768	2.07118447409488	0.682537152554652
10780	3.07065903904053	0.476012222478422
7769	3.64806754673552	0.641723763197142
7770	4.03997291635691	0.475276000129421
353355	0.765611118930772	0.780987147663265
9310	1.7716386538849	0.579854673648908
7771	2.22091765090736	0.734950288327156
26974	1.01979326631289	0.927975158958148
7772	0.889892716489126	3.85073936663546
7733	3.23676758951467	0.463754647501671
5817	6.83303201570746	0.495912657121627
56971	0.860774990394356	1.7930418487401
388551	-2.94557138332724	1.73821444950093
105372417	-0.820851544548224	0.734329233302921
602	4.67800672533578	0.615431959436761
23624	3.084004249034	3.38964234877415
4059	6.18663180549223	1.15246193002028
5819	7.65663330816827	0.757359367611762
10452	7.33720116592988	0.53303159639329
348	0.943914852137828	3.45041740615717
341	1.75364189972561	2.87214966657342
1209	7.45619942880192	0.509303225079517
5971	4.08747485973453	1.15554152844332
11129	5.03887427745081	0.531307698962116
162979	1.94495775793164	0.565271193640687
79760	4.1466156055338	0.720475583248381
284352	6.01577515570954	0.591699505106008
284353	-1.43642094327356	1.03787353562847
79090	3.70806577746096	0.70373635174328
388552	4.09992189172242	0.449612024916036
57787	5.3253931584874	0.647789435971907
147700	4.0954425850414	0.905823821113382
2068	4.88562256586316	0.765896896760673
10848	5.06152703274828	1.89225933833614
10849	3.26352270797956	0.682076538179421
2067	5.75091929339357	0.789701674230982
2354	5.40551621780011	2.98800272257174
6253	4.06683836239001	1.00790867997095
147699	1.89675323751755	0.466002872059151
7408	7.48497228449706	0.665137963371769
80207	5.54320823065779	0.624705951698754
24139	5.13982287191534	1.16079794482149
100287177	-0.446820114865471	1.19085674249156
2696	0.539565119135219	1.11958640263998
6633	7.72400544431644	0.529416239541307
54814	3.75095289830161	0.469818707742377
23403	4.38557118536012	0.428662375361963
388553	-2.23864554802183	0.827057730901266
147912	4.17692242491523	1.17889667920128
1760	5.467893070121	1.16174917126247
1762	5.42800076865622	0.428350126844894
8189	6.71151790954797	0.428110931053479
3171	-0.636535914712693	3.00608030938327
26145	5.52231699720509	0.559388711089563
339344	3.73969222828685	0.400466207954008
4858	-1.42117429847904	3.08790278274396
729440	2.83309691595641	0.741684177375061
400706	-3.00287205885725	1.40612906569944
147920	-3.35882755995219	1.56113188277456
645553	1.90317037588655	3.84108768176808
93429	-1.72373185907141	2.35168091866154
374918	-1.8938181679483	1.92860539465755
64344	-3.14798383545102	1.08353310807447
5536	6.44282953809024	0.503358296302236
83987	-2.57568267004426	2.93753596722907
55228	-1.88821861657193	3.15673033728019
100506012	-1.0902496278613	0.848644751799258
808	9.33142457997697	0.371655276439463
147906	-2.09730507819467	1.45040575002435
25865	5.93469276715047	0.52489747068919
29888	7.2588082100212	0.467290828104482
79147	4.60900301236573	0.560005436691455
6510	8.41692376640679	0.884653908247434
1175	6.97586622693448	0.533871983719699
2909	7.8437984456651	0.4772198492573
4861	0.76743533700624	1.19865448367457
54958	4.78470261309466	0.548905427520032
23211	6.38768000649172	0.230622107426188
10055	7.83413106619921	0.510881085296259
27113	2.9280256392196	1.22081542743824
26093	4.6537003580953	0.584350240019801
255783	3.75359613564834	0.657016678322707
728	-0.482214207164993	1.60661570582648
27202	-3.46345565834899	1.31813154917139
9704	5.31649969679846	0.510602229586736
56917	0.399422567868904	2.33664404525739
6543	-1.51361479928015	1.78861879796597
11133	4.29247274843036	0.661065103186362
100505681	0.294763423796563	1.12900440276867
8775	6.34911946134348	0.28703839564142
29998	4.70402689581068	0.447185672357416
30846	5.44113229773252	2.73553906387188
29997	7.83752653392045	0.559051196021256
692091	0.032790108761062	1.0753278325668
6415	5.65950091026363	0.957523999056887
8605	0.905695902138967	1.49798250279321
3978	5.69439516980285	0.812848631246254
374920	4.64254681705077	0.899034237783392
22900	4.34721352391864	0.422219791457473
100505812	0.751898416192185	1.01866811244963
163071	1.45875150411996	1.85950296910121
93233	-0.0312382648497617	1.34655295850776
2014	4.27847417567353	3.25598869780101
55260	2.65894715250136	0.418113859210182
23546	-2.56565538249563	1.33122451885102
10945	7.806623159273	0.600359989511644
2906	3.2420006998467	2.10789475752899
83743	6.13818293670196	0.450978238326786
3770	2.26486929253125	0.38302899914369
9266	6.29020289770565	0.51856630671123
114783	4.07341823782618	1.56990707618123
6820	2.91177638392767	2.72096390196251
54854	1.27253196587527	2.74511298235744
171169	-2.42251728843258	1.32854931471839
6141	9.21650099546218	0.623914718217688
56848	4.61989347686758	0.545378650128982
1628	3.5002905615391	1.16281432873716
770	3.52975878774845	1.94606663574124
653677	-2.72216514207603	1.22175999445785
126147	-1.97091148681044	1.58584594157815
2524	1.60590583462183	2.43501385823307
284358	0.664651403904982	1.00882728928479
54922	-0.575465501075488	1.2590074173682
284359	-2.10487305065559	1.54182308876891
2523	1.93958793899588	2.97329093376806
26291	-2.35642608930796	1.93394082314627
587	5.26596594591708	0.837557252887987
51171	0.014629889436238	2.42566813956386
57664	3.06119594643807	3.14554486306227
23645	7.1365323057937	1.28758848791835
4924	7.28677432413662	0.427199693654269
27294	-0.518842796965531	1.44170226359362
581	6.84368913467728	0.495264382294989
2512	10.6532101187993	1.05971485284522
2997	5.72054506983977	0.930491647830851
10856	6.92401796197401	0.589805392405819
3972	-1.61951154504726	0.824151779220436
101059948	-1.75061095550827	0.932866046370902
93659	-2.46443168558766	1.62177224238859
94115	-2.28244653378508	1.31870476802174
94027	-1.1260744243533	1.9897751854378
105376902	-2.75640365951726	1.23104574128922
4909	-0.226714262826126	2.37153026189706
6625	7.77037095738693	0.395306055306743
64130	2.2346799196795	0.522781178087316
55150	0.06662189050147	0.788018875194164
8541	4.86339132427268	0.744691562343375
3270	-2.31454656967236	0.941147077230984
54795	4.23387092845186	1.7230467739909
28968	-2.08376126328198	1.96250614479961
951	-1.30063592715042	2.36004888084148
8463	2.11765024006326	3.4682579505336
27120	-2.33541933846901	1.86397937273835
101928295	-1.27684682731411	2.25259672640397
147872	-3.21858589541464	1.2572170602234
100507003	-2.95968047121884	1.391447749197
57030	-2.04880880881134	1.42357075853793
55011	5.85408894587935	0.625312053908595
126133	5.52926819508266	0.529743955492066
2323	0.969769404267188	1.3898818601669
23521	11.0621177453096	0.445642326571188
26819	-0.385009786255377	0.682201659614041
26816	-0.981174033481887	0.955924970733738
6205	9.88367355203265	0.482797629364607
84546	-1.31433753431795	0.537602366786839
2217	3.0902032127185	2.34229412934701
57333	-0.532210636723726	1.86372295578436
51070	5.89397891185505	0.454658612988169
5639	3.30043678828042	1.51208398801675
57479	6.34647899131744	0.531061881958783
6237	4.97923444411928	1.70570100767022
58506	7.5270972619214	0.463946231409366
3661	6.31151376606746	0.543875039902207
83596	5.6056927093085	1.367494692705
3276	7.97323183218186	0.567782810410071
199800	0.899546580152678	0.832325483512641
126129	-0.533456938216364	1.88308701843151
160	7.00416437094175	0.462130763855746
80199	3.68255505096954	1.39648619167975
81857	6.2402625227381	0.487914365929086
53635	6.23301065933939	0.334180232574996
101928378	2.13257746463684	0.49499903609532
11284	5.25947545865488	0.788484893764094
84335	6.83543045497298	0.532557121290315
79735	5.27401139539436	0.315920579805181
100616314	-3.54471474795562	1.19442478023761
259307	-1.25770017396891	1.01373642776866
23636	6.72122628766263	0.364702062830191
22809	5.69932422064314	0.763532990744949
400709	-2.29465041504117	0.927374020648649
51231	5.08801276507481	0.430421024536965
25888	4.17204919909744	0.540340495804196
79784	6.8680380478933	2.46603712107173
3748	3.33453119258133	1.77327126225828
256236	-2.62402996384591	1.19607915088623
9476	-0.635247958414185	1.1845552181688
7376	6.48485457154127	0.494483460875712
5424	6.06240697469626	0.638018505047466
6689	-2.92947226330051	1.24274679740106
112703	0.31915535553657	1.26311574590539
284361	7.06118046674864	0.871576222324003
126119	4.94555331776292	0.793747431990444
554235	-1.28205404857591	0.922714416994303
94030	-1.48167589737377	1.52793746325357
84258	-3.37779756141632	1.03719928787421
342918	-3.02124025413771	1.3648444421496
93650	-1.78544482464833	0.95654562078969
84798	6.14854161006448	0.925091655020092
692203	0.162368512127957	1.09956027929894
3816	-1.27387209092029	2.32378249036517
55554	-3.30443027527309	1.61611299964968
3817	-3.73509245070967	1.44262975161902
606293	-3.03603897028645	1.27588249956617
9622	-3.36116128046741	1.9451067405693
25818	-1.80869682407996	2.2915720157717
5653	4.60906760359565	4.93179639827898
5650	-0.640173713575708	2.91359915657664
11202	1.00572226340816	3.33034297184731
284366	-2.22514501481507	2.01600496242906
5655	3.82203891734751	4.43444500157439
11012	0.11569426065013	3.05775584594326
43849	-1.90373111823933	3.21865280448537
43847	-2.15212933235569	0.721714833629835
90353	3.53772529267066	0.463750490866404
402665	-2.18759996455185	1.3493334950951
147645	1.74168434208809	2.60895716666734
2109	5.34450870408242	3.24681119536865
125875	-0.81461835235479	1.80480469607011
89790	-1.63257032515215	1.73322488151436
946	-2.71901880392285	3.87652531433189
7728	2.55028963559179	2.51695556862649
729975	-1.45315182537716	1.60406182657178
8778	-3.65966536690484	1.46210331975809
102238594	-1.95484967449593	1.57803760557623
147650	1.44960671303767	1.30472937461688
84765	1.47225173263921	1.02009471417267
65251	2.15656852725847	1.1222595227176
79898	2.13333205265239	0.511127686062843
101669766	-2.72338571974469	0.862370787724588
59348	1.61883290619188	0.986042794002945
284370	2.77740354450576	0.469979844845899
80110	3.63737711633013	0.75312501789631
9668	2.51531596294957	0.641726820767974
284371	3.21319867304596	0.584694796846804
90317	2.63195280465939	0.706803730402963
162962	1.26127146382061	0.741694423784277
5518	7.9177167697631	0.611539626282788
90321	3.91218847010485	0.368197982314119
147657	4.19548116791969	0.721126257415038
162963	-1.98333658920369	2.28100520650358
400713	-0.660289711666382	2.48701804880944
102724105	-1.18324099255529	2.31160278195172
84436	0.377745343654773	2.76763965947137
388558	2.43905639395204	0.80743405900172
55762	2.33708246911419	1.27153101184709
7696	0.477209599495427	1.50901052210361
55769	3.81437764824824	1.39620607422076
81856	3.09632034979221	0.893373532531051
162966	1.92866454532135	2.24202883880622
7576	3.24104065922042	1.24493590782526
90333	3.87372481458309	1.15200525526488
162967	1.93082846451429	2.78107648485102
388559	2.32290277356894	1.10024612483175
125893	1.53762795977439	0.834593717221637
79986	-1.26575995348706	3.5220721122858
90338	3.72512884246954	0.880155592773095
55786	-2.84660092614727	1.59561536319639
84671	0.71930162249479	3.3360177977908
79788	-2.3729722455227	2.64857985115046
390963	-1.41198132493467	3.37659669405674
342926	-3.28390431344257	2.14728361436992
91664	3.58882257890259	0.506411188162662
170958	2.01258977379651	2.92887957897146
91661	3.43032352896122	0.485630869986224
388561	3.74956023389762	0.626125526262929
147804	2.7809980925809	1.18207499221265
126017	-0.0391052803040586	2.58547032210298
55422	1.77644292162941	2.46912932984969
91663	6.9866906101314	1.06727752315655
5582	-0.732251060928706	2.46178657353177
59284	-1.6737560599452	3.28458874252518
59283	0.744602023474377	3.73178736896551
59285	1.63305870638331	3.16817626072867
126014	-2.46093066613195	1.50111439494855
4696	-2.00875257631508	0.752521535227216
26121	-0.826414554851526	1.10907627678315
4849	3.24675602823598	0.685057884467741
79165	-3.29532142160422	2.11014207033005
147798	-1.27820050025759	2.84711738051954
79143	2.80338868464874	1.29757700181195
79042	-2.34239778963527	1.62057710422139
6203	0.610564451228335	2.20447200045184
114823	-2.66994767118582	1.32286909541701
54869	3.47286585702159	2.87936955469561
54776	6.05348132299706	0.349132073764602
7138	4.72637933211835	2.19406530733478
7137	-0.292826393970173	1.88584453868943
352909	2.09085036951094	1.50137404381523
6861	-1.11274130862641	2.37140518426257
102724352	-3.21286838121414	1.28861803954171
5794	4.32521381526162	1.2482608910658
255043	2.09952110077323	0.691103066983661
22870	7.80431388389309	0.483990624270473
23640	6.27461409240029	0.433010639312965
84446	1.30997279291575	2.4883498664065
284417	-2.65197439938593	1.55127990077306
84787	4.29810247248333	0.257574971206695
125965	0.330348224094528	2.74812944833307
3589	0.739839742438236	1.27066813542396
147744	-1.56965971335865	1.05036696568943
388564	3.8454507826901	1.19019096053682
6158	9.77414494765508	0.386987825597137
27338	8.89815997861492	0.58904127041018
729956	-2.84286169319875	0.848385648134537
79763	5.93919914028442	0.623719291344183
89887	4.18059820414286	0.746411112860771
57106	4.70069189229516	1.30775091264693
284297	-0.936201939279933	2.29596016580506
646643	-2.6680963448769	2.08518340177852
100130827	1.6137944167473	0.983214224047858
163033	5.2062573402153	0.593472213149505
84922	4.47511675646408	0.530611135555493
147807	3.83685168302295	0.429670327916318
100507290	5.25677199854418	0.381483620301456
147808	3.02437579863287	0.490716540066493
51157	4.65556101726482	0.528741037398866
51545	4.08060333488839	0.448647779198389
29903	2.50180932154337	2.35517615228724
11338	8.88750979145102	0.453304312070028
29924	7.87705285274174	0.619287877902915
204801	-2.68161689757735	1.27298740453846
126208	6.31023399589575	0.509996508660168
55311	5.08704702420209	0.547490671689368
79149	2.07226831667915	0.437029485696573
100506374	-1.89621570122367	0.857713670911637
147947	-3.00298333539829	2.05288165157438
147948	-2.6788565687673	2.14628083358406
386758	-2.84088684842586	1.38280385399996
147949	-0.0362042697050791	2.66885273729174
57573	-3.22676378953074	2.26786954662288
140612	-2.95948346721281	2.35240887205225
388566	-1.44847695784355	3.48482230384086
58491	0.388566697289502	3.62036716649386
147670	-3.29314651931237	1.0429492676644
9422	4.75337466027715	0.463320556121717
6795	-1.11955947661822	0.590320673521921
390980	3.48041024756108	0.427426936226062
105372476	-1.6215513170938	1.08992622359874
10794	2.16637297565442	0.528007773358161
125919	2.86687142815166	0.343481976465352
57343	3.53662993246384	0.588800986380866
284306	0.382045806491964	0.476894936625107
10597	2.50851605098577	0.491758904673058
147694	3.26592289806711	0.354851455283901
7565	2.19463280718695	0.623348688719095
388567	3.35855912817271	0.397663292128818
57191	-2.18357201636567	1.05211793166947
400720	3.44956268030812	0.761471022386066
79744	2.97974296346026	0.355835467142001
374928	2.72718712726418	0.294795931639482
256051	1.69052269768618	2.27385510833265
162972	3.21364717046395	0.361460893704897
55659	2.61312517383011	0.329152300517507
284307	-3.06099720816623	1.45504577692124
348327	2.57884501863169	0.630321886007694
7693	3.89732773704003	0.602541558755407
10520	3.28172515919136	0.660797387721519
201516	-2.51358954982661	2.43063911290928
90233	3.52613994338318	0.305249975347565
7710	-1.10123058419983	0.669724080372739
79891	-1.96650737150949	2.25466310154893
284309	4.05166243204303	0.365568669330775
54807	2.07544426376118	1.42553877552846
79818	2.78824329650679	0.702245907760898
100293516	2.95465552203781	0.596607870279508
84914	4.67537189626038	0.31718943010511
730051	1.55987832799993	0.902622095270716
147687	3.06208119395937	0.536785637395966
147686	-2.55091392839598	2.02070229992303
10172	-0.772940220843852	3.12905839474876
147685	-2.25980489515747	1.17227931392742
80095	2.41367813116757	0.908148420949926
100128398	-1.05105424299669	1.6496696353902
7694	-3.42832361109549	1.82991250723036
65982	-1.20250102064165	3.42082806592973
79673	2.60500975181508	2.7247902074909
10782	4.54509304327459	0.62290067649721
27300	4.39001372467481	0.85040638744451
7554	2.85418756033966	0.407826627632672
342945	2.6830568970934	0.294508407655898
1	-1.65450351640288	2.79341892879818
503538	-3.08720413887928	1.55286291505635
162968	0.52198218834544	1.22701261408803
105372483	-1.3414140576679	0.764793486494503
116412	1.25756398903545	0.833544891420351
100616168	-2.59919927307119	0.769021211368842
6193	9.45974535012659	0.25853000241992
646862	-1.51464101524647	1.6144064571876
201514	3.91742980924178	0.642814515568112
388569	2.44079014538079	0.444111791122275
7691	0.371085182877653	1.11697149287392
25799	3.19322414924183	0.28911696405593
55663	3.2551291121241	0.627107833232022
10998	1.44667976737434	2.09096200042742
84878	4.33724868906085	0.446104748745051
10155	8.79600014962506	0.398323237514912
27243	6.91015015403463	0.375748791498768
9040	7.32447457425617	0.489224753401648
100131691	-0.0187381360754255	0.314685622864131
7593	3.38816492046979	0.517210708472876
65996	5.07621412561887	0.575741838169157
642273	2.68404372075166	3.56721493591201
26751	5.43104599793469	1.50566715992357
52	6.75500504536673	0.367203629429056
129787	4.63921478579943	0.504116912011371
7837	-0.207887350592505	2.14058868483859
23040	-2.92877146826839	2.40593506167326
7260	4.86500205941252	0.36977795214233
51112	4.25364791128613	0.239491452871591
55256	5.13008863909785	0.62459049592001
246243	5.50372408429876	0.36640379243468
100506054	3.40007509461742	0.687802424473666
6201	9.0036739095894	0.371788122017638
78989	-2.45234945208394	1.47975257216237
105373395	-3.46477995553037	2.07483014917636
105373397	-3.75816923291871	1.37776491685648
6664	-3.11603144724983	0.998482670421873
400940	-3.8245302211796	1.19656981391013
104326052	-3.56625590554349	1.18368986104057
129607	2.38030482748639	3.0044725418844
91543	2.63351990973996	3.35640449092771
386597	-2.90907699033892	2.0906294297913
9781	2.6982302113316	1.72201930118964
339789	-3.77144426952534	1.2415340260222
101929567	-2.41692533110756	2.40196379974745
100506299	-1.41057310890992	0.95235948190437
3398	3.17177238288489	2.13110819370068
57498	6.22820810593205	0.458748191042616
129642	6.04170695015196	0.789926723454255
8853	6.59258487122846	0.515240222534435
9270	5.91956299171644	0.322152745806071
51692	5.76625197151452	0.478839793305688
285148	4.10189187355761	0.553065626913005
6868	6.16501164795143	0.503718911539708
101929643	-2.40559866328304	1.54155409456457
10971	8.99779254322807	0.59086898212088
9014	3.926583715719	0.715655250686678
29841	3.07960977129646	1.69745710349045
8462	3.35895255197811	1.45131544422904
192668	-1.37127552443274	3.19000191920827
6241	7.88566983552562	0.691488673869192
348738	-0.671651663424269	1.2476566815208
3241	6.16901145149256	1.07904386268634
4953	7.62373763111772	0.958015264356573
100302743	-3.21150190965203	0.893152821838728
101929715	-0.800144937044714	1.39487469328072
79954	5.77763223845531	0.39820287584834
245973	0.449077199557382	0.59921254655248
10130	8.46150029471809	0.42324735008057
3754	-0.430084567688602	3.54372922380461
285150	-3.61191211711615	1.04128719224697
130813	-1.95966038106814	1.18956842833424
130814	3.57587334704839	1.15428709497076
9475	6.83403014758725	0.60365132092235
1876	4.71686128478423	0.361870565859492
9687	0.236169381907966	1.60319987228261
23175	5.7138345366344	0.922624555417798
28951	3.41926868248522	3.91845825153133
151354	-1.40504911364408	3.94858280128209
653602	-3.15284403327437	1.8754904563086
51594	5.30805396744306	0.627270108985122
1653	7.06238264604825	0.45063773300792
4613	-3.19930462843421	0.947234304350535
81553	-1.70033364306937	3.10908998557129
7447	-2.42248843525989	2.49129172418286
79677	5.67412977289789	0.528108998719333
348654	4.59112552746664	0.481941785661613
3790	-0.568652152154999	3.23689861313154
57665	2.84480137303528	0.48828491368438
130497	1.97927296105426	2.95382576856819
400946	-3.52982090504943	1.00830828721769
130502	2.03706067593545	0.590086630945501
57539	3.53061883334478	1.1505383765838
101928222	-2.30253384979774	1.23705971230595
4148	0.0344115130649062	1.75665062554067
9741	7.66044466203587	0.535544383035855
6382	7.52568651339225	0.906734649716441
23369	6.95196421203189	0.290767019572898
388	6.36618718477954	1.23331209627515
100874343	-2.01547316126396	1.52504597068502
64342	3.69770428436968	1.04635289721795
60526	4.269830342726	0.658024282130593
338	-3.0745257234135	2.47328110328488
114818	1.19751488588504	2.53936970131225
54454	4.5828289230916	0.404927612900557
165324	4.6479784450396	0.671629712542947
80304	3.72591444317536	0.783027817521196
2281	1.16443073739597	2.01499866869957
51639	6.22108746319334	0.36817292853142
375190	0.0380557363104813	1.71021319007499
9540	4.68844294378243	0.693083899830138
375189	-0.751928844511556	1.19320789319008
50618	5.70837742985912	0.441603110958159
8648	5.02680652407224	0.467176617106124
391356	4.61156300360551	0.470415778243382
79172	5.10614211702691	0.463623347139817
109	4.91296937759188	0.912714990567174
51277	2.15224224363044	0.60922130340503
729723	-0.516136259525632	0.87907971812865
22979	-0.278611230852012	2.79196909813234
1788	4.85124105500021	1.13103167583614
1838	3.44387655112283	0.980683100994995
55252	6.53140977099837	0.381250077700588
3797	4.34665848251953	1.44859644964452
10890	7.89670858532617	0.47397879006618
150946	0.858236779893639	2.42615939179609
3030	7.71118791723608	0.660585749763879
3032	6.64523102768607	0.58594361962826
165082	-0.518167325270777	1.31570007726115
85465	6.22100477945569	0.719613599230194
92749	-2.38443593520097	1.66178987202055
9381	-3.33512472256832	0.879836557819458
339778	-1.74129676968039	1.29056090417931
130106	-3.32434595882533	1.35221103685358
3777	0.107238207386874	3.30502343749053
54978	5.78746091707971	0.688839126472361
1058	4.7626971146932	0.602851449604984
56896	-1.58507678638076	2.97629850228676
22924	4.43222243126152	0.687087677089155
54867	6.61949383315759	0.364059287881587
60509	4.80018813967678	0.737132801602491
100128731	6.70151832049693	0.454798541067842
11117	0.0556598871485783	0.490317196200972
3795	1.78854925824258	1.27814594734879
10669	1.36197640911965	3.44697954231566
84696	-1.42296436741229	1.19394367891976
10113	6.03014681215045	0.53362448297727
8884	5.75030306818134	1.10266802486551
51374	6.14253978390713	0.477680296570142
790	6.72939301560539	0.802614840966875
7781	-1.29016101955719	1.84755816377217
57159	-1.83973717899124	2.54583139453625
7349	-1.06724242556542	1.22175800206602
4358	5.40396033761796	0.492128142012807
2976	6.27351130351764	0.408928273943434
8890	4.93468932164949	0.476106201764431
9784	6.97783770992619	0.419255563365982
130557	4.15294840364262	0.768430070579398
5496	7.94935429608615	0.502485769802525
2498	-2.89031835508474	0.746147563097428
29959	7.0697043116087	0.646498350604175
200634	2.79082544275023	2.51688953792139
26160	3.26411553997729	1.02174467716639
64838	-0.210064600635074	2.23507761386001
2646	-3.04234643584767	1.13241068465292
84226	0.508224056462326	0.738586976136043
84450	4.43240450171735	0.580520472701287
79635	1.45183819708093	1.18053940813937
11321	5.04700562484464	0.710661060673264
9913	5.10289776955066	0.408440578140919
22950	5.08902183778785	0.410815007301063
105374378	-2.04177345669796	1.64277111700135
9553	5.72353378646295	0.698029523773728
64080	1.02718432976507	1.27205364090064
100302650	-1.81518608429412	1.31208079613378
9577	4.74018511187254	0.546077289851958
100422965	-1.87324546825793	0.866430847716228
105374382	-2.94209570850959	1.02741394173197
403150	-2.94436581958226	1.33191294738468
2355	6.50922476173415	1.26922552715116
151056	-1.08122405664539	1.5097896322693
5500	7.65977154477732	0.281946492966173
245711	-2.70986027121329	0.663692352421352
55006	3.04727436719998	0.482182224364517
23160	6.48429057245263	0.520307119238132
165186	-2.98786716772637	1.20747608605614
79745	5.724209637342	1.54561060902846
51646	5.18203706013031	0.752756070188607
81606	1.12045791878504	4.10720942525648
253558	4.95681663359882	0.710934326005982
92291	-3.06094014785283	2.05395308576175
79623	-0.981432555175862	3.29441099544134
440854	-2.60808184180375	1.52968403565591
30845	0.448557438331027	2.82375426693907
7498	0.366068408999446	3.26143932363161
51072	5.19925443824612	0.697663426076751
84661	5.84779355193305	0.484184443578729
6683	5.06714437769216	0.697366576743523
55676	5.52158781271918	0.520566127022281
58484	-1.41982045594419	0.908416852798056
84272	5.70853835651844	0.244071521873832
57448	7.02266001840604	0.402536899988158
55622	4.87304542105448	0.500469868182749
4052	3.3916536278828	2.32667610725835
25780	0.574870492479031	2.29161026259804
25940	6.12243855510337	0.383356426125058
51232	6.87431274761802	0.849379827729098
9637	5.31582280200964	1.18477323414384
5212	-3.75957573465237	1.30988639527037
6801	6.08752498867501	0.526021439409192
54497	5.09473000514398	0.33925474150097
253635	4.31498706712417	0.446979216780877
5610	6.59490577340764	0.71024934554747
100505876	5.26848895224161	0.538358709095213
10153	6.04995306963397	0.341698431554787
55471	3.58675966144483	0.476193443309978
23683	5.31807494317913	0.447414132573265
25797	-0.0890111580007894	3.56448386873568
10602	5.24011892625522	1.66285215218289
151393	1.06169170884985	0.95987702374113
1545	4.05175098903802	2.78985924999882
105374860	-0.425928548095206	1.80630075714623
285154	-2.39248149795859	1.34208123564594
64225	5.98116869771785	0.570204760246092
92906	5.79473186560842	0.314931718633817
130589	3.39542422115675	2.38288478583647
6432	6.94661847182487	0.393087823246281
79833	3.88343253805993	0.578215013238647
90957	4.87258816671409	0.626671007175546
729967	3.16392092907512	0.788738108990293
100271715	-2.49512524364388	1.76756242800518
6654	5.77818117259637	0.371072528101861
8491	5.71330311231324	0.532356878080078
728730	2.25803473901634	0.733269176729963
130733	-2.00841565206981	1.81592328323989
80745	3.50388957132039	0.412932186589897
6546	-0.170185674506127	2.74281803352745
91461	-0.722591777924296	2.82595904916839
27436	7.03590274340595	0.757991544614754
9167	6.53119141369058	0.522724548770822
170850	0.602485400433063	1.89315625704117
57504	5.45764258009874	0.819906924980746
23498	-2.59192284603965	1.64028898509046
105374567	-1.23677730758957	1.2391839355121
678	6.43462969702176	1.05843920685361
100129726	-2.46541173110763	1.15933038032422
63892	5.26628847928825	0.486003611728793
130271	2.14497773338767	2.68581401622659
728819	-0.80479016791582	1.92503691211602
51626	3.25242958393405	0.50553231782728
64240	-3.29144586932408	0.957429160141653
10128	8.2007570300167	0.573151370540959
5495	5.86931981722706	0.358411382922624
6519	-2.88962058558348	1.33896237845075
9581	5.78936356572709	0.538482152892961
79823	3.17172647491535	0.545898551630305
6496	-1.85039406201808	1.89359765464173
10736	-0.425112904992686	3.34287699923725
400952	-2.52007532792156	2.36602284184454
55133	4.17814054938353	0.508309520818267
102724965	-1.59974700290256	1.27271250525991
5581	3.53296039693087	0.707226996566021
2034	6.47060440086611	2.44118976612776
90423	1.91607438489048	0.701076364789662
23433	4.68666667875139	0.689664699226092
5281	2.90930855616653	0.253512342318705
9419	4.33728966054151	0.311672252109174
9655	4.79774609609393	0.61045001614985
100134259	-2.0030828734857	1.55341781926527
90411	7.72389941899853	0.49886835092002
57217	5.06488932319159	1.25852379683709
285051	-2.4367975705056	1.63167130844253
805	8.88054879118771	0.417046160133668
101927043	-1.97972038963264	1.38349937240136
618	1.13695268414323	1.93430524670413
4072	7.18270302988439	3.29112216031201
4436	6.50891082661773	0.524477412287584
56660	-2.17929767762144	1.43107097041734
2956	6.66034631414553	0.668486264885316
80204	6.44890248572816	0.486987970325294
3344	5.05928114415167	0.358911568511848
129285	4.24637569240315	0.516458424729809
11037	-1.62809947813562	1.64481587532337
9378	-2.32490389500741	2.6850011645885
51130	0.0770132454020467	0.344788871265799
494143	3.43665445089471	0.514184850420642
27248	6.33890377099354	0.436179452202145
100500850	-2.06786486172678	0.756390670929372
10936	0.697653498563493	0.829800138493085
23198	7.091095386338	0.198198417076428
98	2.72367820463868	0.588138780687896
6711	8.85280574212651	0.499127562411358
400954	1.91579762353663	0.929378759497551
57142	8.81041314062981	0.456517472397413
130162	1.30132048186386	0.70600123719622
6233	9.41194655278145	0.37937209267947
4528	5.62351317631351	0.320783033957947
344405	-0.0833657006079794	0.992634412633515
55704	5.49632686174284	1.94481646379428
112942	4.59803946883132	0.504763877599943
57223	6.92885879322358	0.258416893794313
87178	6.15995222329383	0.303480800146436
2202	1.71888424152863	4.68672562965917
100129434	-2.84374234463297	2.31815777790789
114800	-2.1429178970665	2.21970546449621
7444	4.3571090753088	0.393495566468092
55120	4.25036332287476	0.359489634265887
53335	-2.0310132283843	2.13508875191557
64895	4.16570504455067	0.298685260650861
5966	4.66837523653072	0.70882092306269
150962	3.18906882379444	0.717726793686861
5194	5.52062341005119	0.394518802732358
84542	3.92009085259351	0.521793798751813
339803	3.53639082973541	0.425561757498686
339804	3.16404541728459	0.620071709617833
130872	3.6166116723644	0.513991373684255
9736	7.16127032852283	0.400169677366436
7514	8.71676417567078	0.364531372569959
84140	2.85261551728702	0.877367922329685
10575	8.44353704078014	0.425500973445488
150684	4.31978534408417	0.605096903917807
10678	4.88875089802161	0.581287329595312
200728	1.35313876015109	0.652126748069441
23301	5.79268447148427	0.323011853570956
100132215	-1.81917912921234	0.527480502293583
5013	2.35755430040337	1.01101334239286
51057	1.89679426606098	0.563152872853402
4190	7.05112730657051	0.384736984530153
7360	6.38600920891	0.533008039089954
51542	5.50159781347735	0.41474062764143
57162	3.81669945568676	1.13171995152826
29094	3.90897153447719	0.677874558736182
101927402	-1.94122059367994	0.642226806116468
54812	5.85071750738523	0.268622121967142
9792	5.69277197614946	0.686078646513315
6509	3.57889009642261	1.73678699954192
23177	3.55213894421252	0.67134525951832
5861	7.13971540393719	0.854650226366799
10097	9.108820720922	0.509271756010987
200734	5.24960923012587	0.790693019228355
730198	-2.88970563239597	1.28486783960395
4211	1.96812285584192	2.50538508597256
100873998	-3.00362216510707	1.25826040422418
54465	4.2897882634372	0.478160409697025
10438	4.51604343489654	0.387257159273491
116143	3.97406484375514	0.663645182562912
56902	5.75397505625368	0.44041615197065
5534	6.86627629976507	0.464693804851198
25927	-3.49872076746036	1.13701326201974
554251	1.16157545117213	0.537736692813798
200558	1.48766803739341	0.783287654777672
9938	-1.62560129886027	2.11824444961934
200504	-2.85963840769732	2.4454174042752
56287	-2.52599822694421	2.87724749465618
84168	3.72952764028221	4.0784063877351
2673	7.61617206761716	0.768759216054903
27247	5.15382109190451	0.495734838961866
22848	6.21667376484643	0.702856018686153
307	6.6444272445615	1.1607650153742
64395	5.39855775112688	0.289190941422913
11017	4.28626026239091	0.735428759781561
4084	4.95503251288671	1.38910690903982
151516	-1.63564419385267	0.865679003561727
400960	1.27981571552809	0.53241928271708
5093	8.47203036850667	0.205975069438411
100133985	0.652565128732293	1.09267465610581
54980	3.13848288856334	0.504390789345882
7072	5.76663340491026	0.289135438475311
51449	6.54918804628407	0.772362091960693
6637	7.20885796567318	0.459570082870651
84908	6.60949670863971	0.410028934974386
7039	4.22475843816369	3.5443220987952
119	-1.66728617064633	3.89888535336537
50489	-2.94842545795878	1.39194605996544
25806	1.15521634954986	2.14725911789985
525	0.0134791858906277	2.0833526163831
101927750	-1.94588286578721	1.41283117944303
79998	-2.64425990153438	0.895501662090307
113419	6.24643096272381	0.482036462676274
79315	-1.47918084289733	2.58304819812993
55577	5.34692294809538	0.471130456050688
84693	2.30840732927677	0.613043207653511
10199	5.45265963835168	0.37501278315012
400961	1.24737489201726	3.1255267392194
27332	6.57331282341948	0.387822552907607
8291	1.90896658267111	3.04285312672195
56603	2.27997170322489	1.55617828255578
23233	5.41618148194261	1.01813193885475
6697	6.06954153785799	0.527324081027547
2016	-1.91421491681193	1.54991660673942
94097	4.12603114261616	0.779935765248456
26056	5.38770926498505	1.23898379883936
10322	4.92373928466256	0.548395123912552
84279	4.14666589365612	0.377015972030819
10574	8.5750052271812	0.578656770583442
150726	4.02492668617212	1.98295390358405
1961	1.17691219644582	3.06327396746946
7840	4.59740002023983	0.676395744074946
100874291	-0.48395659610195	1.08127954209356
51002	4.78926086763108	0.476887851472893
8446	4.45878031023402	0.435513076073119
388960	-3.00700332120414	1.56893777233249
10617	6.03676685533482	0.399340814945746
1716	5.51449544098284	0.269039138321721
100874048	-0.533721581943151	1.28917168025134
200424	6.4358480346089	0.341143264422995
388962	4.12121913849278	0.946107974807623
100507171	0.259655965836143	2.28682017306493
55233	7.46798142213002	0.492003412970445
10797	7.42039461282818	0.673167487860765
57835	3.42029467640778	0.770650488035751
1639	7.50319905868314	0.507566723973483
388963	0.596549853919179	1.57255869832156
84058	4.01172604149214	0.854771288504846
6242	5.21722990386705	0.68858910417107
83444	-2.5132152299007	0.843356079352805
23559	3.94731553089609	0.33580721162608
7841	5.93646577892491	0.746173529249407
116540	5.50266812564175	0.417856283309534
84865	3.78263768200412	0.495926080738024
64427	4.3468810068645	0.347616933861099
85474	0.860412310195884	1.46760450015913
151534	2.59977495929424	1.42808964841388
84759	4.11602173979144	0.205801084953386
3196	-3.22681757076372	0.998462864217722
165545	-2.0340178153404	1.68211468181975
550	6.68800252780664	0.51130302273388
27429	4.48955510159943	0.313945259061795
84695	0.657404309801819	0.665550003584203
1796	2.44508720244262	0.860761256875398
130951	-3.14618997875574	2.25617941438893
10505	3.19351597143888	1.45851465511283
3099	6.09134648278078	1.20627121645618
102724515	-2.41696872448792	1.36000909611016
56655	5.28110510624919	0.656113047460868
84141	0.502092255821801	3.45426549444383
9801	6.27233095042233	0.610063300936217
6936	4.50324890435364	0.648204802699179
1496	-2.5149899787871	2.38787642281936
8802	5.69004309599016	0.525596040978284
1768	-1.74176720268457	1.66967180523033
129293	0.62943046985155	2.64408444859668
9168	10.0254510427153	0.724764379186454
56888	6.54349786554082	0.404254476419504
83439	2.07542478866267	3.47114184694002
10618	8.20846560294559	0.669177840245438
54884	5.81090940406572	0.81249563267425
84173	3.028417036554	0.602859333630915
822	6.14752599724959	2.39754149583392
284948	-0.685400105718301	1.72236195806299
100630918	1.5089718275084	0.57843998274349
4144	7.1740640172512	0.652916458558425
2677	5.82245344370488	0.625440239336583
8673	5.91255180588485	1.69313107735051
10791	1.98145430062999	2.71500008762565
51255	5.60538707637471	0.221353144269137
129303	2.55534697431708	0.911624238647572
10713	6.09730179299837	0.353499455802384
388969	5.34926236397523	0.46017795168534
84913	-0.993903040470366	3.17613732082372
8869	2.10945428230924	3.03924787923791
101928113	-3.26272343410899	1.64524083777545
90784	3.44326499805758	0.809725834338517
25885	6.35745878457716	0.618410953189965
55037	6.16392766472287	0.546403202046479
692225	-2.31914218519072	0.902959001837028
10989	7.00274790118316	0.461707124878599
51318	5.52724542969667	0.482759633556257
65055	-1.05049284614023	2.45639057252192
55818	4.8963094529936	0.347050690508145
51652	-1.99768431067166	0.608633194429922
100526767	-1.18257660361444	0.821805690085117
7844	5.27419335831876	0.607281917823763
64795	6.07533206792571	0.720155884650452
925	-1.39889817866457	1.47402251382289
400966	-2.91230691565928	1.48327918785008
285074	1.90617127754618	0.717811863187414
102724642	-2.13188496789173	0.735499748549282
112597	4.54986060569043	0.829060199689059
730268	1.15764874472741	0.779832318932337
5342	-1.54136805638246	1.12412453461361
729857	-0.77468254958631	2.06625486666868
51315	3.7256618622383	1.02937580407937
55258	-0.724179750720233	3.27576473489991
9451	4.4767310580241	0.716451141530908
101928403	-0.272237083780645	0.818234334227826
22934	4.87550616966134	0.686834613341587
654342	-2.22242866955669	2.28503463720607
645367	-2.57739718150196	2.84318046414999
4118	-2.31868941006475	2.49106415611669
64969	6.22314470190538	0.319042208122139
84874	3.23996429844624	0.949170276256328
7549	2.30161552208541	0.41434315248704
105373489	-0.776598721041035	1.50404428455097
150696	2.98920949438272	4.32658125807034
30818	-0.44225136690591	3.02747529480495
51011	3.69826306257414	0.523846308775
150759	1.02984163897537	0.750405124000553
400986	1.4255044399406	0.710704643707569
729234	-0.217064588727807	0.778942716654136
150763	-0.118327311542288	2.22463643308985
151	-2.58607974798822	1.13836405421023
431705	-2.9891038312151	1.16537957179197
1844	0.982815955016349	2.85938978599021
56910	7.45869256925703	0.312768956588784
285033	1.39854321559937	0.582939624647282
55654	6.70499434480646	0.348439133764183
9391	6.58616736473163	0.262728129766643
23020	8.81281959649769	0.353319546316787
150771	-0.858184992637166	2.78424863512693
23397	5.96235453732703	0.524412047472509
93082	-0.857648755959964	1.53697520426128
10865	2.34477810093809	0.82071784391602
55683	6.01641682978774	0.373535929164051
90342	-1.58365215399989	1.10090574332182
81562	4.97053404816491	0.677962899334123
26504	4.71213567536254	1.05514260124713
26505	5.38991381917723	0.472334717154534
200539	0.444858526263685	0.986523698302937
51239	3.34515016480819	0.897708952320686
54910	5.22192257399247	1.14973726434503
105373982	-1.17186284328898	0.875671219527262
51252	-1.30226576168321	3.48126216429506
151313	3.01181532779773	0.84168357526962
105373983	-3.04601801780867	1.018108080763
375248	1.62104540366185	0.643853860134818
100506123	-3.37080517401543	1.10251714271377
105373498	-2.93259253846908	1.43962482318486
57730	1.28704298595748	0.629619383886483
1329	7.45329403866672	0.485416128212948
10120	5.28886684015748	0.773611953272287
728537	-1.75388916317186	0.995276256557118
23505	5.90698282286834	0.761698105929432
200403	-2.71572225014504	1.16787476683456
3631	4.83602192436625	0.6068843582653
493753	4.84555110002939	0.335233314206573
25972	5.10665283501636	0.235469225043839
11320	4.08062529361327	2.42362962373329
343990	0.823363480473702	2.94105251652708
80705	1.62585540201509	0.695577349206309
150590	2.06530286242381	1.41765795012022
51601	2.17175099027352	0.396605812732331
129531	4.45194646273325	0.452498272932608
51263	5.89650063724516	0.440078667527275
254773	-2.43477863961336	1.28586419340931
129530	-0.901989165276189	0.912911937796554
10190	5.44888517537527	0.300273943977986
9669	8.17550118961653	0.365502469609466
51455	5.42843959232974	0.241187186947818
3899	-2.39658032202957	1.68777545972118
164832	0.835322934916149	3.86243329823004
9486	1.45125941539344	3.58558239831626
79031	5.06112263247947	0.571911116734475
4862	4.53097581355796	1.8537929986878
6160	9.5916248995137	0.454521794209814
11138	4.89114263644787	1.20140181492993
100506286	0.0275608216507658	0.67304329175829
55571	6.39980963241152	0.338724231332763
284996	6.09480697930713	0.614379310436968
200407	1.40755891705794	3.22771331779369
731220	-2.96759716162703	1.75443096624525
9448	8.19966814945777	0.763919913503773
100506328	-3.22446641284784	1.16343038036955
7850	-0.931777798918377	2.7451054507673
3554	2.47126595872831	3.46474868494609
8808	-3.38344178907303	1.85501254559122
9173	-0.229626649483368	3.42235088104258
8809	0.170091124448339	3.23902458481883
389015	-1.60113288622042	2.46346928701824
6549	2.44780348243841	1.9604864896981
84804	5.20059361324148	0.955685002260025
130827	3.17631102207129	0.526617247026992
5455	-3.1416000075938	1.62942738271045
64965	4.80664687256572	0.483033940050356
101927492	-2.6376029004618	1.30701322338672
9392	5.83059698800386	0.450450127437405
100506473	0.423448903151186	0.760835347485487
79074	4.91695152309698	0.325986652171052
2274	6.03891434070936	1.45135913648582
285000	-3.82139378651306	1.23292968912817
8440	5.9533130086524	1.31183136562416
80146	5.99864855003498	0.467670013127537
653489	-0.953191184994841	1.21777821661696
285190	-0.901547914516755	1.0864499557126
6819	-2.36076806120244	2.55416453812983
9648	5.87208896679816	0.580352944548334
3987	6.9181250862458	0.859086587124825
5903	7.81256508960149	0.771412941064006
165055	3.66242248656252	0.56931134321672
10913	-0.284635130581955	4.33407081290807
100287216	-0.0350005510074345	3.10588460198442
344558	1.50463772734982	3.74275570128897
151011	6.31347823223895	0.554383621894587
65124	5.61513372254383	0.847819816876122
84220	-0.522762171753632	1.43234630668747
440894	1.42250622728244	0.976734197228261
105373985	-2.90175662824955	1.57971658527859
105373986	-3.52151757677478	1.27395175570998
7851	4.57451958862046	1.56484103908752
4867	1.68358953639989	0.957984861890235
205251	4.81401370902521	0.924825958768663
100507334	-3.52284908502411	1.56740722299009
105373551	-2.83895283109153	1.74950208333002
151009	1.12577227553355	0.886934359052045
100288570	-3.69325648643025	1.05258849951424
100288695	-0.977563293168047	1.30354662451823
729540	-0.0377713806181715	1.60086708721054
699	6.89001605609072	0.399683132927844
55289	1.11294183258977	1.66496044590383
10018	5.31541185906009	0.616695920177806
101927260	1.21014963348337	0.75118982281618
541471	5.430710641408	0.836295925718326
64682	6.6428938193312	0.364054827084384
10461	3.20909565004206	1.0458453078525
84910	6.08577548937047	0.704457714867924
129804	-0.628357014751219	2.09724328926789
84524	3.81635562843176	0.610536170242087
376940	2.82754095323567	0.659598125198825
727851	1.97895058113751	1.2191541480191
150465	5.5828590246169	0.930623104701104
84172	5.52959889550667	0.504282020072647
84269	4.64955321009782	0.503293452153252
6574	6.81946103366073	0.612274179302659
284958	-0.349103049267251	1.70184356229526
150468	5.41225698639361	0.617494402062556
3552	-0.0141677320185592	2.51720061944163
3553	-1.51661722011383	1.78612929288328
26525	-0.515581200351128	3.52378058163586
3557	0.697303273547965	3.97283842071211
23550	4.53184378774886	2.21148827163947
7849	1.57860947277017	2.45796205050086
654433	3.12464119200733	2.5170730793193
100130100	-1.75432641023875	2.187416029815
150472	5.02640786195803	0.516971236656379
200350	-1.88867347906875	0.699302014899666
375260	2.13266404050543	0.341763590811215
84771	0.010240750579458	1.32802652761524
118433	2.97121223701371	0.587688213377076
11159	1.72068237950179	0.740077975466932
80255	6.49316041164915	0.334545645131009
101060091	-2.66462641823105	1.00393751827834
10096	8.26624575827956	0.319171989022284
440900	-3.42645892480727	1.32120745579709
57628	-2.8266184318545	3.18713738831947
389023	-2.99840562471629	3.11426970062709
8886	7.19431567814436	0.312985739454886
54520	5.74618261783806	0.254872936575848
51141	4.89180988875089	0.79440852534036
2019	-1.80961478070455	2.13245979316807
8685	-2.99533881401025	2.30398556511942
55240	4.65566024836927	1.61620456430782
130355	2.73694228227773	0.567410050130339
1622	7.2313228465087	0.598361508451331
140738	-0.812622710285936	2.41204277989103
200373	-3.34447181705822	1.31073136386749
80775	3.84891553669074	0.53701061202906
101927764	-2.38297644024717	2.38635721997468
5775	4.70833049094715	0.540763200360632
57669	5.43805475568547	0.683675095627292
79134	6.11272801856082	0.419091809641237
5899	6.45761559570194	0.767205003836951
105373989	-0.845943084373789	2.82486618260853
3625	1.40294748296439	3.37268201213177
2736	0.826268090994813	2.56566649250082
29842	2.21677662698632	2.37153986639531
23332	5.88750085259883	0.731029235117449
254128	2.098789791447	0.454238581535978
84365	5.14952088415784	0.422848604700947
7247	6.95791720517394	0.364723774506607
274	5.66562863725456	1.19190150490203
339761	1.60920997385429	3.14436147800865
2071	5.95400307497182	0.380845908574634
10746	6.32268559864646	0.494688328866861
100506922	3.06256363267457	0.714652652460985
5624	-0.140469607990998	3.28322847369238
55677	6.46276242031206	0.254231446613012
4648	-1.71791653875248	3.03561886282887
55679	-1.25070070308865	2.52557677128251
84826	3.5252657033249	0.648058451365594
55339	6.50461701694607	0.204844344767124
5433	6.14178922790872	0.385279057963613
83607	5.91665281191962	0.297534193302745
79595	5.84971004320665	0.211574804852475
56886	7.96804546064249	0.403464346545773
9394	5.01314366596529	1.57492602114504
440905	-2.91733250764503	2.09185267323108
728378	-3.01811803866447	1.76435265986126
91409	0.13129878860135	2.14137736756922
55627	6.71146007907497	0.334527073346402
80097	6.0000983641088	0.398096412021344
84317	4.86899665117871	0.46236270229302
92856	5.94407563132072	0.487047650892879
26469	5.02120662583047	0.525072647783089
100216479	-1.43597983493884	3.01352866538037
205147	-3.0970652823852	2.78816168468899
50649	3.37893879078345	1.83654088283619
130074	7.61114244148027	0.49206195237336
55041	7.88501653544432	0.359675886624028
150786	-0.943857640900677	0.476777340897346
653784	6.03390593227342	0.401531670516531
113457	-1.79160290986424	0.990554772168899
150776	4.02473595677535	0.422567883176036
90557	1.45895211074535	2.15307320269648
29798	-1.68144664208227	1.3674559718597
2863	2.85501423910945	1.54431600694305
116372	-0.868706447937238	2.91494887279681
344148	-0.751765173947231	3.17397583159124
101928161	-3.5653317428265	1.45178533705879
4249	6.46286182555104	0.85339153952411
81615	-1.46944232807832	3.37018353582938
100129961	0.0173248702381232	0.764401272262785
905	5.11860654834616	0.536671445091154
22930	6.59221166966233	0.340607788870281
84083	3.43231793309625	0.41498520935925
23518	6.14009682488055	0.404520199114003
23190	7.70222547759428	0.385672485102261
4175	6.66419902262008	0.65844591354371
1615	6.66204048827453	0.341813921794804
101928243	-0.990974119599398	0.761342583801717
7852	-1.77699294335374	1.56296963995197
80731	-2.40538394020839	2.14340765446246
3176	3.37807710859145	1.25186612384455
339745	4.92591028169724	0.742666859625786
11249	-3.37463490027326	1.5862689628136
53353	-1.2660767729185	1.70156407435297
8942	-1.05623502140922	2.86183437847643
79712	4.02134017711434	0.475922906530264
9839	-0.84582348129065	1.64152133028804
728773	-3.40462438399439	1.80756025995402
92	3.38791869351333	1.02695544186248
5000	5.38293443252456	0.26859341042157
55777	3.53547587486256	0.30137163590084
26122	5.16795447823687	0.491684312298733
3800	-2.10275715791472	1.91278067693125
130576	0.645175174206439	3.62523332125665
130574	1.25487284208441	3.37377843380848
27249	6.96309735157553	0.335901958808579
101929231	-1.52796144791618	1.15652658084091
390	5.40958409756858	2.89702055124839
375287	2.81306538542597	0.784172802663967
9111	5.44340617103196	0.913291130356516
55183	6.83260298005239	0.323856428639135
4703	0.0617079114492078	1.44553850474497
26225	5.83695044792407	0.437656244273743
785	-0.771481736454841	1.71868111070163
10254	5.18577044726819	0.490793591503612
114793	6.35410166650437	0.792163648141529
55660	7.82775173653201	0.262850430624095
151188	5.2479329993954	0.370786391218976
56475	-1.42491305756073	3.497903723139
114805	-1.52508262349888	3.37546100979756
3760	-2.47645122460282	3.09552405743301
101929378	-1.46413370106278	2.06664673703736
4929	3.33488209971009	2.55997007356847
2820	6.74571848449856	0.627573399121546
11227	2.92658682780207	4.93158116571686
57471	-3.31769974572819	1.73097909653456
728066	0.810863328785411	0.529204019697025
9595	-3.31260460044679	1.4021747130162
130399	-0.73672077309833	2.73460543549918
90	4.76350077219191	0.902506347971049
130940	0.242746533175497	1.14720186489063
8502	6.97794976870773	0.372295378524112
92196	-3.47420115336184	1.23420267647779
85461	5.90562196951625	0.931670665509855
151525	3.60478020442423	0.587004206007208
29994	5.48293579139827	0.718271147639813
643072	-0.496613548579631	0.721161467901368
64844	6.63372808840299	0.331978235394112
4065	-0.502940612020234	3.01283533160233
22925	1.05718545718045	2.34582824981145
3694	2.39705144824431	3.95748370998876
100505984	-2.16057610379911	1.64296791070894
5937	6.29811668926146	0.744293499578452
10010	4.95708348793058	0.662275891795977
101929512	-2.71157356821514	1.13318797558348
100996579	-0.223602199300353	3.29508923065686
10213	7.18769199219707	0.403550177039187
285116	3.55722376002478	0.457051091146637
57282	-3.44701253527631	1.53105490069755
1803	1.52810441339734	2.68781829307263
2191	-2.95549037579832	1.44417110438434
64135	5.28296166607323	1.52953313862681
25801	3.82690957394758	2.56816629371674
90134	-2.38420224022059	2.81238382523683
55137	0.334605376053164	3.96815228749728
2888	-0.0024106546762612	2.8497442208143
22837	3.62666075335452	2.9290013273855
101929633	-3.23739969263338	1.40451931389237
151258	-2.48713186491004	3.43928841546695
6328	-0.36677258939356	3.76081483197888
6326	-1.45110830808861	3.09240187281527
80034	-0.210489947139653	2.5639579472211
2591	4.45090595551618	4.21403276194932
100506124	-2.45258860137857	0.694546996908062
79809	4.25164256599447	0.453320503556819
6335	0.7979885028127	2.69675544350682
6332	-2.91184896616315	3.0531225814159
8708	-1.78953122920838	2.44557344279465
27347	6.16184488735464	1.08819181482665
253782	6.26026669159012	0.764726237349693
115677	-0.898116777898266	1.83300731490608
57405	0.394156927158652	1.46828222023424
8647	-2.17122730543414	2.32638726652662
10170	1.92276682130165	4.84515543318283
4036	-2.14268911563794	1.13667002470774
129880	1.85529048131622	2.33586850276969
10324	-0.698885895091271	2.86974277922701
79675	4.62878737875465	0.612162627001986
9360	7.17324871401245	0.241589556728308
129881	-0.0627449625586058	1.2898381345872
493911	1.29516184469043	0.565709316267642
151230	1.63951045632272	0.665403118250118
6741	7.70142684058197	0.406106317044283
29081	5.46363718689647	0.30094238608409
130507	6.04599918409925	0.454919724824407
140469	-2.24958920082707	1.85386414244126
440925	-1.55607749911216	2.02017512200903
389058	-1.63217652954149	2.39849609795809
285141	0.265455006324661	1.6401615603128
2571	1.95296305503068	2.197130898744
26003	7.28940414358003	0.567124035190586
9874	6.57388279669412	0.367900791204072
79828	4.80459293599072	0.589393778075463
80067	4.76171242010419	0.405462415346329
79901	3.24146341698895	3.67235249076122
1781	6.95373758632318	0.317491070434588
8604	4.65925445764205	0.430428460695326
8520	6.54049890168872	0.291694068557559
254042	2.99402910124716	0.567066429301063
1745	0.389423246168986	2.42485174941728
1746	0.680811335158631	1.29837425754724
3655	8.09443200777229	1.39937473593265
5163	3.90027689304409	0.69758012064611
11069	-0.553192072274836	3.29842489437273
51776	6.20677517167883	0.774465196733882
339751	-0.457363335638236	1.35561648127492
83879	4.94105885918584	1.25400148665037
6670	6.66972839664262	0.459602208565749
100128905	-3.35255305697299	2.13818671291804
29789	7.5903605402708	0.389926847609135
100131390	-3.0972305894909	2.39997811639148
9541	5.10487586473451	0.376381206585284
79634	4.33882869508111	0.696494186963638
151556	1.67969239155508	1.67661275367837
7456	-0.463682117540775	3.06419955257479
440926	5.36031369492952	0.64657676376542
1134	-3.40839116232719	1.59342891111951
1123	2.4729302955286	2.10923645410407
1386	5.32222122577174	0.69269847838106
518	7.77667137056849	0.476978711187837
80856	5.52296993365012	0.370590390876039
3238	-2.95951825656384	1.18507034380157
3237	-3.70258832602486	1.30313102080956
100506783	-3.60371444544588	1.69114382632603
3232	-2.9890744849052	2.13418413419785
3233	-3.61522502857889	1.30261809409365
401022	-1.31294138734205	3.25310717680977
3231	-3.05870549790203	1.87958378198905
10651	5.63947328626096	0.566961395683307
375295	-0.245761651539506	3.37976765746031
102724224	-1.68314421343712	2.34449153764335
105373759	-0.726841002958966	0.80446405602896
220988	9.16588131591952	0.526180442622026
4780	7.03992081863719	0.713183732650835
100130691	0.37951848283228	0.929936173291913
8540	7.0081816392052	0.472652204348831
150737	2.56583967980381	0.610056161408558
92104	2.70795141918226	0.809777634516684
50940	-0.202146455087886	3.4090420184397
129831	3.24678791039659	0.382820386084093
114880	1.88980090246002	1.64329074048147
101927027	2.03307574507468	2.15037036675104
8575	5.72346530148943	0.447233277689569
494513	-0.223125864859184	1.07968425155319
51661	1.45104572132467	1.1507531395995
65977	4.14297926951932	0.866135748531805
100506866	0.264424190630598	0.894733191958289
7273	2.57323516137766	0.717154990674561
91404	4.10021912714586	2.15649602745553
151126	-2.83776476089875	1.62468548134998
57703	5.45637672983819	0.272461689754471
10477	6.63047189855286	0.522398770750481
3676	-2.3240802395378	1.35816335492687
375298	-0.563816218634254	1.27529722381807
4760	-3.2513577729719	2.11477894197658
6744	8.25366695961703	0.923021724997549
151242	0.345193065792987	2.11229916097036
5136	-2.19579531433594	1.40432412096762
54431	7.66890765075358	0.93273014536148
10787	8.45288650197073	0.340675160316156
142679	1.79453362433713	0.602964467044435
129401	4.80881987036733	0.571005367599465
91752	-1.29113429118624	2.01234221931585
401024	-0.783369943255321	3.29810793524044
101927217	-2.37046498655009	0.913484312098262
55854	6.90108381582492	0.574513901645861
3685	7.74783472647217	0.837174486162689
165215	3.86697087103565	1.58160882226327
10203	1.07219859852022	2.75772607205049
7035	5.33714564635581	2.74887357431535
51454	5.74191162534169	1.24369091432557
1281	0.620790923791227	2.99190489332095
1290	2.60775124656027	4.05754794168053
84128	5.94421340484448	0.62160210716234
30061	2.6840890944402	2.7270195913877
54529	5.56886835985427	0.328209572123692
150709	0.888965226195072	0.527310664615448
64172	2.86854763840046	0.480029499941572
101409258	-2.10745723317597	1.01097993508706
94101	5.09901410486773	0.626691029273961
5378	4.64643081582602	0.573599337225085
84281	0.425786359163072	2.00621065417906
26275	4.93754758361154	0.496925747398453
105373800	-3.19206498948632	0.94272825061363
3628	4.74788083506305	1.15868527234524
54842	4.88107535411774	1.19851776131878
100131211	4.13932672474768	0.53576900896875
105373801	0.62925162658021	0.910842992024681
4664	5.7226149080895	0.795006584892393
2744	6.77734662855223	0.853717688007923
6772	7.76952127227638	0.943359083804346
6775	-0.620194225750927	1.78564948210833
4430	6.13646062070376	1.54091328844888
64859	4.43411827125346	0.848500705367217
8436	0.333495157889984	3.68087317347532
23671	-3.3710250281922	0.80229838526018
57181	6.41442036193893	1.34136524251972
56171	-0.230935078622488	1.87777601418059
9262	4.61587468400543	0.899013880182485
57520	0.787013517660309	2.30987426302654
284992	1.94533035523712	0.528816448425954
9330	5.81211062329283	0.56927951196034
80055	4.55773948876718	0.800954925815536
91526	1.49051378517314	1.25611655356316
23451	8.31891292048746	0.421215740896075
80219	5.52465480848529	0.478438193762445
3329	9.87444351470722	0.622113634408546
3336	6.2613173304589	0.503519856167317
130132	-2.41683360199155	1.53433591592889
92935	4.22093506638653	0.6660886740202
66037	-2.68943149716764	1.17605092199386
5334	-1.47602673918326	2.53627126725704
23314	3.83105744109573	1.58608223739899
150538	-3.00109004037207	1.41922544303512
348751	-1.27386377618815	2.47538288063576
205327	5.37296849474317	0.31720352468099
129450	4.01484275832801	0.320323687858739
79568	4.75363191605226	0.524934121628411
26010	8.04279380193895	0.674294254177202
130535	4.03766972162478	0.425560356447666
151246	5.5649428072874	0.50452784714668
316	-0.0662855071310976	1.78008259418866
100507140	-3.32958808888452	1.01862276556937
9689	8.61909164651505	0.476077807271804
1195	4.86954564227284	0.573170161924229
53938	4.19139983180586	0.618889296759073
60491	4.91769365924938	0.302774185636227
4999	5.55255319982188	0.430471843620778
285172	5.02382130469994	0.653627538679577
4709	5.67906688522356	0.619376471129903
8837	5.73433595970479	0.759267759397725
65072	-2.50940250082156	1.54802767373231
843	1.56334505371367	3.26465164373557
841	4.85072603557629	1.43558421446181
130540	-1.93771277434376	0.777905250330617
66008	6.19921109446688	0.286657405156092
55437	4.79143183296033	0.604840403262509
65062	5.18094523235086	0.45531055276383
57679	5.61343735481538	0.505686079774639
65061	-2.65872722649107	2.77337403883256
8324	3.65306883509373	2.9027237854452
7341	7.49101015814077	0.27965556209598
51602	7.12204324746423	0.396730995498661
659	6.59312333465028	0.667725483073377
150864	3.30909705017707	1.0361747566278
130026	1.67902932227751	1.35020858156396
55759	5.08499426128386	0.994970816740563
79800	1.94793556169906	0.54844866741581
65065	5.15529479012374	0.349945541842998
57404	4.51522631541119	0.610693294837213
10152	6.46660393608443	0.359052460047059
65059	5.25295189068554	0.753740227607345
1493	-3.65532990473338	1.65874155697558
117583	1.38723857642121	1.40832277994886
8828	3.62219004679846	3.60183579455585
54891	4.86883020117098	0.454039627912369
100329109	1.90580830579417	0.768123874921762
4719	7.32673565903747	0.360107643696851
1933	8.50399664340429	0.424843883840519
26798	-2.65740721111788	0.854893720954415
619569	-2.66607736616761	0.863751915627862
2825	0.355454432851663	3.05786026810964
57683	1.01265672646531	3.64974420284858
8745	-0.537667177581629	3.23304325959895
130752	-0.678601464249407	1.70111862029409
22868	5.30194842465282	0.492891238596831
130749	-1.9646617967957	1.09711444628538
8609	3.63002242811016	2.47088397969404
1385	5.75098814958115	0.330013123026121
151194	4.23183407005096	0.659082568167492
151195	5.80691716787926	1.00281748848287
7855	5.23911878501842	1.38980136722217
389072	3.38510596758065	0.516154893499725
3417	7.78892805194189	0.669037709734527
100507475	0.192440194589802	0.905597772437791
200576	6.20720792777525	0.476512142484397
5746	-3.49630635591892	1.42907445456417
4133	3.5918872969479	2.13338249039222
285175	-2.10855535563135	3.02559834386793
6120	6.05433065324519	0.168847578419505
151050	2.45622345057702	0.760840286956352
33	-3.2497256926421	1.36580632364844
10314	6.07235012422841	0.463681926202711
1373	0.493697845133032	2.89290052394268
2066	-1.82029403233948	2.58523813936348
22807	3.84322829236644	2.23204946317813
79582	4.24987511506859	0.5469504625602
580	4.53333394319961	0.596941531288159
101928103	-0.186162365370234	0.735066202963857
26154	1.20223947224952	2.74402819347207
471	7.39265722124825	0.51968710690955
2335	4.81305365608917	2.06538250336596
55686	4.70924335393636	0.721300555706394
55825	3.49637903211971	0.987025731114046
92691	-0.394124972126391	2.62253868674981
7520	8.92026790593533	0.311497524146472
150967	2.57864991773028	0.585169861044121
57574	1.93192931824468	2.93800668242151
50485	4.98086480838248	0.397341631518483
6168	10.407089588453	0.45056952613556
3485	3.91458276252624	3.50867428019176
3488	1.52758437446901	4.29359686814324
729582	-2.86054657388524	1.78785805759657
7145	0.598501425204689	3.27156420661377
285180	-3.25087843591819	1.30887793992705
10109	8.57792745577062	0.356788034195432
14	7.26799834182038	0.166349709126004
25953	5.98294722004329	0.533146110104622
64114	7.14420000405963	2.93382111501717
6556	-0.575297542722427	1.02099472395277
58190	6.47215967880985	0.383850565499645
7429	0.505841512895588	4.5604566556561
57695	5.62753827201557	0.518232144925685
9125	6.7002377488222	0.364886904689602
84812	2.105809797643	0.83573341395972
7701	4.87736374228955	0.812323147376118
617	4.30863077835022	1.11812613174835
64320	4.5328436630803	0.327564504457607
27148	3.63740276427003	0.484756038297745
9654	5.25194321994663	0.46053788044451
1593	-1.56855444523036	1.7410456071738
7475	-1.79115303373832	2.4129968153311
80326	2.370217106816	3.37092741236387
8941	1.2910558710934	3.32515688143524
54738	-2.90029776158792	3.04948550585379
1412	-2.42779480545646	2.92277085212972
100129175	-3.32005306828987	2.17170457406459
255101	-2.61168866664811	2.14526779016616
3549	-2.11638573894096	3.47918059344118
100422957	-3.54369979978615	1.75779647639232
79840	3.90988119438901	0.661862933954266
151295	-0.355283624294597	0.728356473631525
27013	5.78103070851437	0.334213976525261
79137	6.61333713736561	0.408989889205116
130617	4.14256182331183	0.368748782170657
10058	4.36845401059606	1.61591201199526
79065	6.57002304837848	0.435060537220385
55139	4.38127294090064	0.471810617705283
79411	2.19186424215607	0.439461464925353
8576	4.50913415389697	0.342811013245565
7277	5.03565446408731	2.75673439539828
3300	5.85848470144549	0.762176752484813
5798	-2.27474288418691	2.08292632614751
23549	5.96828820636591	0.347459042873852
10290	0.203959674100009	2.00399101662869
100996693	-0.632471989504204	1.37231284174268
29926	5.57922394548731	0.604747473840693
55515	-2.33192738357311	1.626488042751
79586	5.83133605936124	1.65805583774897
130612	3.51319908658743	2.14113052189743
23363	5.22791759506284	1.28692913739258
3623	-1.46286872609746	1.66476549581971
114790	4.57176292053053	0.530062319563491
6508	1.9394143237243	1.05717400047512
2043	3.6500350031548	3.35916198260145
5077	-2.72011994095052	2.25002664451253
130367	0.728644653349918	2.68063174206172
10056	6.55482024993612	0.698973064192451
2181	7.79729213620358	0.638596881443903
23704	-3.0468621715063	1.5791256402876
7857	3.41085852521829	4.60889751763519
130340	5.72519390573855	1.08122194483535
57590	5.74713456758864	0.558066115811697
65080	5.5181239485123	0.211266559736669
5270	2.58320794671465	3.347218014536
8452	7.16059754881224	0.258812277520858
55619	-1.69161929792175	2.10654995768411
57624	-0.994643719324178	2.90240756775494
646736	-3.83746040059803	0.944531698712495
3667	6.2115170268618	1.12947345693184
84236	4.26328236781572	0.445193892968387
1286	-0.269854526426671	1.93930098410919
1285	-1.89759069505813	1.56788849773687
654841	-0.90969235645577	1.09350641531711
56947	5.72117670360796	0.207932229188067
3267	6.02322920152976	0.296823831067191
80704	-2.18117238563131	2.50439956100481
6364	-2.17589376758998	2.20994772982407
164781	-2.28283847061373	1.75044742346869
55022	1.16238817932173	3.43590424225837
92737	2.15367710164919	2.53309392821254
9320	8.53838249141326	0.328652853325344
130888	1.42894517815718	0.847054097900892
151473	1.43915081588617	1.76177792281332
3431	3.73351213450527	1.76440578808562
11262	-1.3147443496181	1.17000944283791
93349	4.57112739780671	0.838770604349844
6672	5.94914375527287	1.0468845929797
151475	-3.076034500564	1.0337780237932
51719	6.99872592549771	0.522758016182824
81618	6.61580828665079	1.28267147960897
9290	-3.48424797720123	1.14636448923765
348761	-2.30662216940758	0.986031626544939
257407	0.748020807802667	2.31568441586004
5707	7.80931277717898	0.242729679132545
3357	-2.35464612866199	0.682210341583501
80210	3.57009609937131	0.806051563212336
93010	2.80044907837826	4.35942568161056
105373926	-3.2410458698527	1.2438967256742
4691	10.1892244033381	0.364247281731736
654321	-3.07589975623037	0.842797766048133
6082	-2.73396554545879	0.980085032377895
151477	-0.00292386247287901	0.8800998832686
5757	10.9791327156207	0.561578467526067
5147	4.99030729022049	0.208137286913792
64708	5.50928058417507	0.482168436390127
4880	-2.08913149189014	2.35896639758465
129563	4.48496590720045	0.397322209657274
250	3.04942081755263	4.26013861792045
347694	-2.05225162603052	2.266998179478
251	2.12613465234242	3.88197209152573
9427	-2.81987440291501	2.24123323538256
1146	-2.57639596365461	1.22071125875055
200765	2.26579120255395	0.888511305731769
9470	6.22785973311988	0.438416310767831
80303	-0.44818038598333	3.55722691098456
26058	7.18282069021743	0.28985017360008
3769	-2.69195215207948	0.786662711000298
389084	0.750692468313242	1.03169802225153
25791	3.02874273763403	1.84704251366203
3635	-0.960557436854517	2.76217301561501
55054	5.52152201380508	0.408298842202721
8527	5.57949393888346	1.09232133936687
55230	5.65947786457451	0.384524077640437
54575	-0.680310505042699	5.09722834588253
54578	-2.55846863959281	2.75512636304046
54659	-3.20862207144685	1.19628633494282
54658	-2.51983720679623	2.10286322871334
339766	-2.87855563786611	1.01790099079495
55355	6.22250763209535	0.470348246275039
151507	2.79756209149869	2.74340851442876
79054	-0.0340216555984821	3.48568543157569
6694	-3.88058846692711	1.04290048148492
10123	6.14539676233608	2.07962683218282
23677	6.51777056533606	0.962216519949429
116987	6.15745623285014	0.707151324127087
2637	-1.02369116465129	3.172376227096
401036	-3.57496588232875	1.20050032242933
79781	-2.36419283380605	2.94730880247078
57007	1.00828231684829	4.08822493734725
105373991	-2.77707286099855	1.93758639431799
10920	5.96062669145405	0.375624451813738
1293	0.181419750581155	2.80585123936444
105373957	-0.095199035960366	1.49501622098695
79083	5.34054351030223	1.17263328896162
64284	3.911136906071	1.31358085071787
9208	7.49358345610378	0.405757637544883
375316	-0.783993415583676	1.40723540221777
10267	0.672550286722155	3.82015245969225
140739	3.92766021308332	0.600746823564394
51540	-2.04401171972934	0.898341422626374
339768	-2.42780556643834	1.29731290477864
377007	0.558310850411023	2.40193386270617
151176	1.98631495613432	1.35917240872125
80895	4.92335892486089	0.281251727723654
151174	-2.26984488350803	2.29801840546293
55502	3.21630804144926	2.01732160973017
8864	4.4361916416798	1.00215252378872
26146	4.68082022732695	0.401694901354084
51665	5.57656334631637	0.327844869950107
100287387	-3.63950084805453	1.58799894294818
117581	-3.40588035601613	1.97522453546931
401039	-3.49580467224809	1.65712617872676
9759	4.65225506519028	0.711126115895937
101927147	-3.0189247855553	1.06207539839536
4705	6.65863606212988	0.42522039782894
150678	5.7484910242327	0.370865151946881
2817	7.05568339264645	1.04554467723288
100130449	0.115828213050388	3.79032593657262
406941	-2.59276074001101	1.80654066433404
51281	3.01309298335357	0.715016268917712
285193	1.51725027431699	0.485183245733956
57140	6.11323131148648	0.696600751521747
101752400	0.543909290895685	0.794367561941447
11132	4.63797312294404	0.422643204339506
2859	1.85055091389437	3.15916469521793
547	3.17102520127753	4.50933544574294
189	-2.71638818949801	1.88364142170375
79919	1.55326196363099	3.41565787111209
25992	-0.189824919649495	2.09444084480924
130916	4.6718016120213	0.458252358323035
23178	3.71340915489604	0.334572133921349
5510	6.01752181745858	0.286751322790576
50636	1.39091489835516	1.09799519672983
3069	9.71035687445265	0.328214620423146
101927509	0.467090458098017	0.883093337104738
4735	9.05992649086824	0.417803670543687
9855	4.32179883121614	0.524617442527176
10494	6.58316121387288	0.482895415240754
666	5.20189743186943	0.472056731047086
51078	6.01746887886758	0.429199142940319
23192	5.74413520832346	0.225052993219056
1841	6.37686179533995	0.44602636136091
84289	4.58584050902329	0.284857752927407
728294	4.28415488158054	0.41587352812728
728323	1.20844132099649	0.753244691521685
140680	2.6739260827124	0.748314935363801
85364	5.56459588213453	0.649972613399152
100507459	1.70062110626724	1.09022133873097
6666	5.87634586460337	1.39340370723104
80023	5.00731433196627	1.56724370400601
57761	6.23326441622369	1.43043241855363
10616	6.86709705314085	0.631052556626587
128637	6.08724369849244	0.320679380743738
1457	8.04942953635229	0.234351226652663
140809	7.42511977806066	0.628534893129695
113278	2.59115273447164	2.82519609790768
83541	4.16062333482689	1.03964189953997
51378	-2.43833025800103	1.3370529659748
343637	-2.6954854037058	2.91978927816427
105372493	-1.37237603926017	0.91323140504977
9491	7.3032151165513	0.368463990244536
55321	-1.12500935820611	1.83248048759568
642636	-3.10356223020149	1.3704976279071
9751	1.4114528679691	2.39877866854186
100507495	1.98596433013876	0.866262797840166
2280	8.5886962541081	0.489306737181608
55968	6.9181561377735	0.474665397201576
284759	-3.05640913740571	1.23669452758546
10326	-2.93197613868435	1.14930962095516
101929010	-3.90321774221204	0.888311850927102
140885	0.562437771166378	2.29985651492055
140901	6.38112575845671	0.455730923361533
6628	8.84459261619228	0.37327135057735
79175	3.71256190608248	0.348003891250408
10528	7.67235032377726	0.468927486926795
692213	-0.872947802221104	0.848446841171923
677831	-2.11562733879587	0.783048074305458
26792	-2.8965587959976	0.774713080906822
3420	6.68148385612198	0.266456451495021
57593	0.419025985091491	2.94404982324422
56265	-3.26134442988238	1.11087131413185
64773	4.53841538455965	0.574580618878347
64601	4.82951155289244	0.276955781415264
5786	6.34302142837709	0.24100097690751
2797	-1.78742014516632	1.81651099096537
64949	5.53368846648286	0.628483473557062
22888	3.80934084921901	0.274735514287356
60493	4.91961621689283	0.568244310575788
9762	4.10707760290386	1.5189385300272
65992	6.59594764494228	0.528652101764793
3704	5.66446628231811	0.549772392973555
83959	4.35060640912601	2.15963532978487
25943	4.30974041403557	0.85252019642159
8455	6.43594721224835	0.407760052206447
116835	-1.96953002371867	1.03409546040358
54976	6.17330554252229	0.331100584505954
25876	-1.74733401527751	1.1628780446585
1059	7.74179379971304	0.510069467204444
994	7.50377074604163	0.696127099828329
101929125	-1.52567263062472	1.20936245971293
55317	4.55174552249426	0.698713897523711
57506	7.52202252850819	0.529000564336521
80025	5.96130458360771	0.281428382247376
11237	4.71709839611567	0.945644885365493
54498	5.34340947442687	1.17606373725698
146	-2.5789363025593	1.94220303575927
5621	7.65040500505482	0.766878125048779
23627	-3.2495813716359	2.22874435953931
9770	0.86039306051643	2.71619236993877
9962	5.5619019196401	0.448375835198793
29058	7.28438953045709	0.398247405866632
5111	6.97002337957223	0.445751580216669
8760	6.74640861280706	0.276794749597576
149837	-1.79990322746435	1.99024234003885
56261	4.32004135603277	1.17040537691253
149840	1.97505263249069	0.839601609987417
1114	1.30699559617765	4.97753880711666
51605	5.52707009702416	0.541527043857293
84515	5.88941342499259	0.396614066565184
101929225	-0.569761468735391	0.599765294409869
54675	5.29185987658202	0.435953060873104
164312	-0.158696971518513	2.51258446683744
55612	5.68520373392197	2.16617799816745
650	-0.854601258541814	2.66554886041233
56255	5.4295741842436	0.897216695007889
23236	0.494881282523294	3.92892710963326
5332	1.49716228894421	3.66750754434728
24141	-3.28405621903013	1.4875431608445
100131208	-2.52461262186452	3.01538403184582
63926	4.30582687208856	1.26107614935291
6616	-1.10668496643799	3.36153185676278
8195	5.83145732131724	0.702075004947614
128710	3.20786672610558	0.525071498202106
182	5.79480162777846	2.31218787651068
22903	5.78583124040252	1.68600654075672
55304	0.484739915530076	3.92880455938847
140862	-1.64150457661398	2.0641122732858
55617	3.9930948161772	0.694986342612534
51575	5.69650052215614	0.459428972022759
79133	3.84809059789105	0.54827684623998
140733	1.19173623200017	2.6648591995653
23767	3.48446853576764	3.63855625180619
613266	-3.7679610230986	1.2517744483799
55614	5.17581882218896	0.602894121577228
6629	6.30335548422998	0.43121881211394
5126	-3.23269874906982	2.55353710767244
631	1.8689841418717	1.44207007049026
11034	8.80306864180641	0.440871589194746
6238	8.22042878742558	0.359790213650271
27131	7.31266968774335	0.652472505492088
692086	1.43582703834329	1.09074230882311
92667	5.74584976069855	0.521292621124425
58495	2.60994687507434	2.14497036863998
100303755	2.18740669628352	0.554779530500353
57325	3.76388985046526	0.551493234920439
7692	3.71563512460978	0.400592732311839
55184	1.53307826358649	0.590909619024142
10621	4.2428307091145	0.398000206190003
10741	5.06591732008948	0.255841506573678
10483	7.40386987065906	0.873016196565835
388789	5.29614387453034	0.497645789623119
92675	5.25611068508213	0.803860987334005
100270804	-1.54140479709217	1.13704803857252
57419	-3.16185974272691	1.55335562259307
54453	5.09176465440016	0.753725164928809
51126	6.29379025239787	0.615743681694046
51340	5.82218671410562	0.487397622834118
26074	-1.82429438847697	2.33423741837297
3642	-2.01809530040841	4.50180991947969
57186	5.58679639191632	0.92260755260546
55857	2.58300336848137	0.637787092987397
22803	7.35483359406994	0.275054870057487
4821	-2.92375102898941	3.09247015379873
101929625	-3.85453028349716	1.12080176954387
140828	0.167380036806635	4.97981148368567
3170	1.79798660657239	4.41057045126267
7056	2.07560247058879	3.74689931953822
29107	4.78442989986581	0.480352981153637
100505683	-1.36180082798411	0.951701857033212
64412	4.63534065535865	0.458681157524169
63908	3.53655664070735	0.960706673600817
1471	7.45046648963731	1.07400717721478
1472	-0.680172863782486	3.85677261195289
1469	0.356157173795471	4.52655908331773
1470	-0.9607924722705	4.14402179504237
1473	-2.45432278270458	2.43986555633886
92086	-3.48283324943171	1.41566969709034
79953	-3.54412438089788	1.74220553066699
57136	7.69656385629178	0.300650303488595
84532	2.40484787302351	3.20762448317885
101926889	-1.35760519453208	1.28382528847705
955	7.13196019352329	0.449272557841898
5834	7.85832201393723	0.814276838571509
26090	7.15760404739906	0.448878115244721
9837	5.851849935203	0.508898257798756
22981	3.98802440059794	0.957521064649323
140838	3.81745935626384	0.597564605639645
102724826	0.490227189616947	0.735449481823545
26152	3.67949098062599	0.314185714768556
101926935	-1.33599937506902	1.00648287950669
100134868	-0.389525639268955	2.45343149569714
100289097	3.06529028894529	2.48157168413269
102723316	-2.54466352198554	1.76236065065351
102723390	-1.36876100279644	2.34398575257431
284802	3.34639691219731	1.07727085782402
81502	8.08398112900976	0.463708321688866
100101490	2.44772093675785	0.705349099485623
100874042	-0.549848516251429	1.00618568726379
3397	7.10979584771732	1.28717677025809
598	7.44204956289768	0.986549448675403
22974	8.54072544045291	0.645864013745724
85366	-1.97772370160299	0.843439917556182
128853	-1.97501866145599	2.43986649574822
164395	-1.32783623712876	1.2023739406131
81572	5.32179948649332	0.581721264258172
343702	-1.75384587253788	3.07330466087139
140706	-1.61722598817228	2.34600467934369
9777	7.40516558580676	0.660680535573052
128854	-1.08349823764773	2.12408848823833
5326	6.15923410859653	0.536894955229022
23509	7.06609285263872	0.554140099539842
9371	7.59810879444975	0.580503856600294
171023	7.17118120527148	0.557067041365384
140688	4.43901546624278	1.67424186822262
284805	-3.2506369383276	2.17592967454965
149951	5.37887210992666	0.777436505877921
1789	4.26176939056213	1.02840715722015
22919	8.11341639351212	0.416322937441777
388795	-3.04764147393045	1.09147011750308
80341	-3.18617185796437	2.42678225554027
140683	-2.73288181992696	2.13693607198548
51297	-3.3757679218658	1.92902225369457
92747	-0.713785660820379	4.029652790065
51654	5.21404936149258	0.435858631781536
6640	3.73105714843695	1.3659279569001
9139	5.55560800423786	0.903477429358298
63941	4.39241778710707	0.919569964713148
128864	-1.21623038133421	1.04881631247801
170487	0.165011582139997	2.95655893395344
1869	6.26188784829477	0.810041373750298
11264	4.20091576739589	1.20141621314161
84905	3.51738632095601	1.26920391198117
101929746	-1.41574959544876	1.49435389124698
128866	7.90193555578391	0.86369539600221
101926888	1.2081903699507	0.846320482104219
22913	7.87952056004969	0.467239760350546
8894	8.57142036250176	0.477161603962203
434	-2.33156074286207	0.558767998230027
191	8.13296817616974	0.495768947298986
83737	7.36165578014871	0.562417037146008
83658	7.10073185998987	0.421980585745316
84557	2.11082053453741	2.77669589118971
128869	5.13808802214965	0.708113423760228
58476	4.58038586088049	1.45385094740092
23054	6.64508347676704	0.354640425861817
2686	3.71413739903631	1.55976245967141
55902	5.21986614746336	1.02917667711207
2937	6.39989956780251	0.533301851610935
57644	-0.0783940609134485	0.817176063451299
26133	6.90598925991612	0.360165296483373
55741	5.44022716276172	0.366829448108733
10544	2.53559934623467	3.0177140029309
10893	1.07011241435524	1.39659864787088
101410538	4.21751373690182	1.14852523125619
3692	7.39188101504173	0.51250849913351
140846	-2.22342559222495	0.928089770976543
55245	5.40289426245848	0.484215116670109
11190	6.03636048094804	0.73089988007876
51614	7.76384583622813	0.509810622940652
80307	2.79086582455577	2.9500277657576
6676	2.3627030527907	0.81067495152015
8904	6.828978525806	1.13334100316201
10137	6.53011121452114	0.227985212142084
9054	5.80176925715243	0.515263022544739
140823	7.12607060258437	0.632775449992495
9584	7.87419737159333	0.284667280814656
51230	5.92443143795856	0.719825841041993
51282	5.82714565215426	0.537476270210478
140894	-2.11622030323812	0.738096568853075
647979	8.75808579527533	0.678129379734256
2036	6.13113821502977	2.44715132054095
25980	5.32761516500234	0.312621212258575
22839	6.03053962474704	0.606427722744817
101926987	-2.96083467571835	1.10719877430326
10398	1.44017339793909	2.95806299068477
60436	4.28741878641276	1.45364868869234
55969	5.6902804473299	0.809840600420539
57446	5.94117607824263	0.604541041616809
79980	5.40173590445916	0.522429900398119
140710	5.65605627233626	1.25643389955756
140711	4.20646188056969	1.28568810253303
25939	5.54023482915091	1.42802119892036
5933	5.01437455877245	0.381631088017048
140699	-1.28427938790845	1.34108595507585
6185	8.90525296696371	0.464607339222225
63905	5.80901523406141	0.602883379180875
6714	6.0019928451619	1.33791698318118
10904	7.00495905515305	1.0896995460329
4826	-1.31950332226646	1.30367394521894
100287792	-3.65162405414713	1.45065395132097
56259	6.12297605475662	0.671139988112202
128434	1.64988500874705	3.20947762800607
9675	5.71839623049971	0.399205442366239
58490	6.38873522831117	0.542095892464561
7052	7.42678051266172	3.7889377513658
85449	-1.09868877303532	2.75538200222297
388796	4.68367682405298	1.06209252302975
26776	-2.0819184562532	0.668886813153849
26777	-2.53288453524441	0.868291527131885
677839	-1.92763966120449	0.728206794169058
677840	-3.10684126704201	1.00025920924243
128439	2.31472452224394	0.648499368086599
57148	6.85768745290851	0.363237957927974
343578	-1.05137943711241	3.32093975338571
79913	3.68107802126864	0.48823194808994
26051	-2.50939052452746	1.92979982391286
81610	5.89715492552482	0.778102274442441
60625	4.18846657170437	0.611582104839159
9935	-1.17778361523314	2.55240340750323
7150	8.3097158954154	0.45991992832398
5335	5.56322253280542	0.752864985281356
23051	4.64741046380787	0.902354290128949
64900	3.05410593189105	1.8686527080578
90187	-3.45343786903111	0.95341698930016
84181	5.91346018549332	0.444964826440063
11122	-3.39571695770546	2.0498033105273
6431	7.35261244544971	0.217231378909068
26013	0.77695085871681	0.738491505873838
10110	-0.929803851651184	3.13932676882156
51098	4.82190296576429	0.540669869922586
4605	7.36496274772001	1.10003506193353
84969	1.16406227447384	3.78958188081502
57158	0.487200922260861	3.7265155773757
51526	5.53714727112916	0.511649408006269
100505783	2.55482110029403	0.577919689113496
128486	4.09000687868298	0.704016014582537
3172	-0.690821952927191	3.680445644773
79183	6.13371178866557	0.450398211243904
10955	7.25991005648587	0.40792524025214
11142	3.07943710692926	1.70816043579327
100	3.73689343686036	1.75512512488313
79015	-1.32659645635927	2.82420814800769
8839	-2.13340785233234	2.74195283036777
60598	-0.190607683423535	2.93536323800588
140730	-1.86399410370622	3.53560655240722
7529	9.12769809135346	0.462575302194037
80336	3.30884957551416	0.80836215389535
10953	6.04767275710791	0.514583196022679
100505826	-1.23172138712808	0.670655751637935
6789	6.64957497905801	0.589475750693707
3787	-1.82164161376778	2.4347415742992
5266	-0.833227542859059	2.93437707943953
6590	2.65144143751487	4.49624904546766
8785	-1.88566826242486	0.923072921379618
6385	8.13414247713141	1.03575561467533
90196	5.06954837474863	0.674772651619557
27296	-0.349903117471332	0.646364780195003
55861	0.249883935497373	0.711597255871612
51604	6.89778567899395	0.438593089676804
10406	3.78627501054832	3.76631129923328
140686	0.0821004130589875	1.95305499861951
116092	5.64765542205082	0.579404066918185
11065	7.15461634718631	0.734330408017539
7125	-2.38779952124853	1.06967546978123
90203	3.58493985632468	1.10103902795459
10005	4.06952092928918	0.545521515475568
140831	2.38509174417374	0.770289881369986
90204	4.00821939428496	0.385751312473168
128497	-1.03364437442791	1.09848713385574
140825	0.224893348408334	0.773167559756135
5476	7.62694210005117	0.719728163991042
5360	1.30030906005274	2.91251411057766
63935	5.40633653563122	0.557241062903308
63925	5.04244507463766	0.384842762602284
4318	-0.585470655754631	1.73256489378643
57468	-0.37634256027731	2.93776180799334
57727	5.4913936075845	0.39794794959243
958	1.04044307606336	3.6644061547625
64405	-3.61786414036903	0.981932702599553
51006	5.69172417805733	0.521851886313784
63916	5.16846984799605	0.664419709075112
55713	-1.85318894265756	2.40657117236813
64849	-2.14992177216895	2.01978728523411
112858	4.54302208519077	0.829674259691507
81031	2.70523920346427	3.13926609503368
2139	-0.822117069032051	2.77355950887864
23613	6.91655350155612	0.476922844787847
100131496	-2.06823257606782	1.40152592058781
8202	7.17319358837765	0.9834749571695
55959	2.19864971423946	4.78654909406213
101927457	-3.60153556303845	1.10560545630531
57580	0.598036451277296	3.18437747210479
10564	7.21876159377453	0.644591893081313
1434	8.32778776910175	0.719063359611132
6780	7.78109060192244	0.732294174333103
55661	7.26182300582881	0.689688161262177
57169	7.24560445902127	1.17410457976235
441951	7.15728944249543	0.708967595876979
26765	-2.53115199952365	0.769371601361977
100113393	-1.61874113332656	0.697390723697007
692057	-1.64856016806893	0.735607975225281
3745	-0.97657925251512	2.78686346346832
5740	-1.11248281454903	2.74540588088675
105372715	-2.16654588630461	1.47663024710717
9334	8.24183099941292	1.38098740542076
23315	5.26719569850385	1.20689396129926
9825	4.95093773605381	0.8289640444426
55905	6.77554170803611	0.584815349853432
6615	0.97691277145315	1.4532329459863
7335	1.46896003297072	0.748389887323152
387521	5.1846283317354	1.05238391308222
101927541	-0.0487621676217283	0.844728108765138
101927559	-0.543422593612523	1.2528813719676
1051	6.12333331551266	0.994425680766312
100506115	-2.92110450336366	1.43925557217422
284751	-1.48715212435744	1.41693777118405
101927586	-2.47587603133284	0.942772482206613
5770	6.95590671362717	0.756358878438407
140876	0.281570801677834	3.39106344395511
100506175	-3.05526444442779	1.04557369698415
84612	4.6935845312927	1.46426695833753
55653	3.72854888927363	1.44697051798938
23394	6.74313114073182	0.51972371781101
101927631	1.59356225796156	0.57197885653403
8813	6.09287091078951	0.81779771899332
27304	4.52893152453387	0.804781026469808
3755	-1.11340194403846	3.40239372151071
4773	3.55371977076238	2.10192797106198
10079	5.55493321726024	2.4302031384799
57167	-0.786684896927132	1.81665952538126
55734	4.66513354434579	0.620401442937554
128553	0.646903331721169	3.75957380551728
101927770	-1.11076759429283	1.25300869095935
7764	7.05252974221076	1.15761791514195
8537	2.47092291100182	3.22126343788889
1591	0.329413818597214	2.68841208584769
5203	5.19447434921116	0.857181565514317
55816	-1.74972240828764	3.77145846830448
116151	4.83115607967564	1.23431971119161
6790	7.06567709552825	0.557638902151779
1477	5.33024640364501	0.298851001564997
57091	-2.4683588887745	0.9113820267273
51507	6.81846365503897	0.377080481003267
140687	-2.55277883406091	0.592653093093647
7022	0.536196846530743	4.18947319542313
655	0.789827715054699	4.71416625199241
8480	5.41885055174141	0.496266194637247
55544	4.39047261635258	0.789545226305741
81030	-2.61474488246026	2.59901719847422
56937	4.84711778639733	3.64012183334568
55370	1.82067685283219	1.17982400402123
57403	6.10295481617969	0.461072517363717
9217	6.90250188930109	0.460716614148548
164284	-2.46272424845898	1.98328526504191
149773	-2.67768180074678	1.45359871331771
100534593	-3.20288783414463	1.19840990203014
8675	5.86730285439323	0.618175734474105
79716	2.48984293000188	0.936431122860591
2778	9.40595883664942	0.43550990200299
101927932	-2.45453981988929	1.24249710544709
51497	6.81758097660499	0.329701878403518
1522	7.45162682306764	0.671501400876852
81027	-0.0840470520206802	1.09761787383821
514	-1.1722939656528	0.79312793851552
51012	6.2425310879172	0.420345051682167
116154	0.965612266961043	3.53743238193719
10388	0.447282238127552	2.7340524658753
63939	4.71653029026078	0.705643558856643
5509	3.22189705168413	0.756947446464149
60437	-0.837493127043494	1.87653522505986
284756	-3.50683607122297	1.96535679657369
284757	-3.57024102917359	1.20091689192665
1002	-3.02242497671812	1.44885112805684
6874	3.86034739203697	0.54965092184201
149986	6.40497999693959	0.358415844095721
5688	8.39229178551752	0.389263820293745
26039	4.25634828758057	0.800145565698162
26164	5.56971664018153	0.498041234796272
11255	-2.34780788712346	2.01912157079934
9885	6.04490487620072	0.413663349759331
11047	7.25273590775897	0.411657586384645
3911	8.23715850344186	1.52083035914458
101928158	-2.42011930194199	1.17659135208962
6227	9.09976966674125	0.439105107730189
81928	4.06111866700676	1.02855890739703
140893	0.0298204557667134	3.18310174148723
140628	-2.34804588275516	3.21265735429653
253868	-3.09380183436931	2.75943933673488
28231	5.67157107397407	0.962709502094082
101928465	0.402836858341632	0.953555866269232
100127888	-1.40212823562297	0.757745902307371
4923	0.851912881631246	3.60956626650379
100652730	-2.04689608375033	1.626598534621
55257	5.50516529530536	0.42331667745589
101409261	-1.48143243688752	0.950482711443159
11054	6.18211130303727	0.663796224376604
1299	2.33148822037369	1.98688256249673
10732	4.33261117916921	0.678400711642884
100132911	0.515184961726275	0.776726284950747
11083	6.76894873336662	0.447165854634213
54994	6.69502837039492	0.58075136981744
63910	0.0114891323307129	3.8342551051278
768097	-2.6294408733687	1.78180465281926
768096	-1.3442075625155	2.26634251484147
54915	6.47075817596984	0.317547949646717
79444	-2.78730062600439	1.76967368039361
128414	-1.91688582267236	2.47518330735791
100192386	-3.28696782287548	1.52858489833021
55738	6.37462508885799	0.285513252023901
57642	-2.74741303882906	1.42843076872333
1137	-3.30637914375269	1.56677843611001
3785	-0.852933930457119	3.39399505499905
1917	6.90094272256446	2.06268245301136
79144	7.37767263318234	0.837247880633092
5753	4.37263687534131	1.66885544086511
6725	1.49232851574126	2.23396782199126
79025	-0.764293776048126	1.55508004032425
85441	6.3658349637252	1.44672685119297
26205	5.06232925225156	0.512138595043221
50861	4.88284599050618	1.83353036382443
51750	0.423822760048724	0.700280343981032
8771	-2.1479677311729	1.06560041589621
10139	4.9419792011096	0.60408282356508
84619	5.06707875388476	0.438311624969067
54923	2.43261147779349	0.438824824345993
56731	6.91710799705023	1.04728806957176
140685	1.97542740958783	1.6804654010532
140701	2.61764045701243	1.00384117809722
7165	7.44932445234163	0.403612322215763
80331	7.48331042557948	0.391009989575949
54963	4.34582308983397	0.535734036227222
100302137	-1.99238572771712	0.567663555882147
100113386	0.29890650610578	0.871799370430613
57473	5.07924857563362	0.841494233162535
140700	3.62113395009903	0.792422932543066
24148	7.06715322338175	0.29428789664798
284739	-0.361318321352178	0.898519557841145
6919	4.43480270920777	0.849005938004164
54345	-1.92880998058458	3.04103865618105
10287	4.13308318724248	0.4985267520531
4987	-1.50338421483881	1.81826144633032
198437	-2.5403617157514	2.07146988684114
4661	-3.36835871714421	1.73421661770422
55251	3.20795324379597	0.436961709349592
102723996	-0.779483081371087	1.82465428453179
102724023	4.25532862289565	0.387157460702889
102724159	3.66458709982425	0.403079918098183
102724200	1.27331013258577	0.15998002312237
102724398	-3.4432567594591	0.968067875338749
102724428	2.53485117854065	2.8075817136626
102724441	-0.339277873457077	1.22747192437068
102724560	-1.05317072127076	3.00369059252306
102724594	2.23510092828781	0.689495398222983
102724843	-2.06766718352305	1.23420302008805
100500862	-1.61667994782572	1.01396748134047
100132288	0.324013235996606	1.48185248022881
54055	-3.76084362707135	1.3904321573546
54033	-1.92796690361948	2.02477440882626
6782	6.01663496412251	0.564273289640196
8204	5.83933179668858	0.959593653111516
29761	5.20415554124398	0.525556177428766
100189284	-2.36333239054785	1.55463573878973
1525	4.91092345484518	0.861377220042063
10950	3.14499093547957	0.996619796823911
54149	1.78833708154962	2.9989995307809
4685	-2.76853963452829	1.90978913469971
114614	-3.38025075769765	0.903984008777895
54148	4.62883458328974	0.611149128029192
58494	-2.55855020012442	1.4944594453729
522	6.40492770418963	0.393040970635439
2551	4.95978430989978	0.45634140814519
351	9.86315928695918	0.367333784938601
100996571	-3.20829395362538	1.06612468110438
9510	-0.347020523955183	2.92064140080942
284825	-3.01042733043853	1.78108344039668
29104	2.48388917351412	0.49872186174907
26046	5.54181314690515	0.509443128212477
10069	4.15406436709927	0.7030887780058
10600	5.39593141269947	0.289308643214791
10694	7.84261212884067	0.414714276479702
56911	-0.400582852903436	2.21624936303629
193629	-3.27652533104943	1.53854689332396
571	5.38148345043713	0.442173740029971
2897	-2.46338921729936	0.882132771752575
7074	3.98328488628444	1.10790818632277
150051	-1.15951670578237	2.5384941488288
6647	7.35363212240341	0.546358442099088
57466	5.88539271424158	0.375637354098225
30811	-3.14583388394144	1.31187166190515
54069	5.21374972292163	0.558638661055466
9875	5.62061286374148	0.648959178361963
84996	1.5777558250719	0.687070371169887
59271	-1.0134964763613	2.38699342507099
140290	-1.69530703718245	1.88817588636103
56683	5.56056223536373	0.559688247467613
8867	4.49782256672942	0.6753702880789
100506215	0.378489673825368	1.0418303983667
94104	4.50851419976574	0.318637294066608
3455	4.0302162812737	0.842445878177383
100288432	-0.489317719948148	0.908186549476231
3588	4.37379752123199	1.1401310382671
3454	6.31888562478976	0.69157999107697
3460	3.65886538465825	0.570162182340865
757	-1.83448116154447	2.12522903391541
2618	6.72830590097	0.480765750942533
6651	8.27280753887498	0.248865745177311
29980	5.08992620494963	0.63639884871367
9946	3.72527995185827	0.577078114297077
6453	6.2528607845864	0.914517250109148
539	7.01348104246735	0.671786877222966
100506334	-0.460972923269084	3.23678364794523
400863	-2.03214969601829	1.98339531803845
6526	6.24708296988057	1.32874702211048
64968	4.94026338252703	1.12380552593848
114036	-2.78490386714234	0.938292416621954
9992	-1.69210807166629	1.21988207733915
54065	-0.724476215840149	1.40305694805603
1827	4.77075525845046	1.07550827514492
54102	-2.93646701417688	1.60853491712808
100506385	-3.21584546003524	1.02458664362557
861	5.72514957267813	1.23665361494423
54093	3.09884550240746	0.530362920813995
100133286	-3.19194684646025	0.854554411050916
873	5.05879753368871	0.72401366535974
100506428	-0.123270883672658	1.06273877914542
874	0.949242714666264	0.87917953257643
9980	4.65549167159288	1.0988351616411
23515	4.81399408663697	0.697415111622056
8208	4.32656823027534	0.84493291974756
23562	-2.3384587420324	2.81698361381707
6493	3.201659030576	0.975211578733612
3141	4.7074772412123	0.414430954268196
53820	-1.76955473605857	2.64721976590442
51227	3.74906141155992	0.74079251755458
7267	7.0619518139002	0.683301436066067
257203	-1.21505336557296	1.04988635850526
10311	4.99610602435112	0.770550601196062
1859	5.58078080622904	0.44202177566666
3763	-2.83188328355881	2.87289037874908
3772	-2.50277620280205	2.78668611322686
2078	-3.41149029300409	2.04271081510005
2114	6.25488714805578	1.50043727060202
400867	-3.28848362125023	1.30349041566764
8624	5.33986036879074	0.462579240146917
54014	5.65095555039417	0.665434624902923
103091865	-1.03112427403309	1.00951083498119
3150	8.26558344798462	0.592200435332461
7485	4.57769737252797	0.626659160215375
150082	-0.891182450109738	1.05080939302561
6450	0.760806345080274	1.09637096002405
114041	0.447932563763994	4.02900263589595
10317	1.54411550506662	4.60850510092898
150084	-0.967751847177663	2.98313785370456
5121	-3.15934108889512	1.43988133892545
25825	4.15150070248689	2.04342713709012
191585	-3.09712650326223	0.847270456228185
54097	-1.44004762727679	3.19604403346163
4600	2.76476777260429	4.08705595126395
4599	4.90456380890112	3.31025933342673
7113	1.45444581393799	3.25884441515109
150135	-2.88860821106409	1.10557857972602
54101	5.18064699886758	1.38132410039825
63977	3.56708771556945	0.426428390929047
25966	4.80633994802908	1.90350757825679
49854	4.57249596680241	0.361454497064982
150142	-2.96568745414023	0.891463854516786
89766	-3.52191130455056	1.33020892829588
9619	2.76471802088979	3.05046371707857
7033	-0.0450235503788262	4.83068383882723
7032	0.690208074338884	4.63663696412997
7031	2.74718602317766	3.28758064977062
64699	-0.0194349423892306	4.05008480889197
89765	0.204163142566701	1.85004951744627
54020	4.8372858299008	1.55164383283994
5152	1.15673849590505	1.91401825785905
10785	4.81859357204975	0.458549343176192
4731	4.83638660534411	0.488459420426219
5316	3.93200738967291	0.213646052524054
875	0.0246854586746582	3.45790203813688
7307	1.39723872338332	0.943358330165399
105372843	-3.52535234218038	1.0020655807868
150094	1.7621688598934	2.52740445585984
11077	0.71976225544801	0.705318846631485
23076	6.23212953959764	0.542869588073602
8566	7.33118556163823	0.937358088652062
105372824	-1.0339504323324	0.572184949203783
1476	7.75803060404718	0.884771155388326
8568	5.46914779934132	0.433049561934647
284837	-0.385452153581067	1.43045131582889
56894	6.87055095027164	0.552601687841339
7109	5.14489887529165	0.231631934357946
5822	-0.693856194636724	2.28315053492926
8209	3.29075575950146	1.09880779339416
23308	-1.42512177864774	1.74056634206533
5211	6.77058087299461	0.84126351687249
755	3.39969343224183	0.815876439295373
7226	-1.43077709237507	3.43077389061167
101928607	-2.80436322463748	2.40141163974856
81543	-0.223518626592108	2.23145232126618
54084	-1.45318356046959	2.21969996290585
54082	-1.61845806261616	2.45059503036261
114043	-2.01387829918066	2.07476712146239
7327	5.81703955696758	0.403055055927148
101928689	-1.93601133211602	0.971795031124797
6612	6.90565892606139	0.739675801265232
754	8.29332920998612	0.649058870665275
3689	0.458646933125595	2.46254484106013
100505746	-1.35334193098103	1.6699731266802
84536	1.09495310200177	1.02498332213828
85395	5.21124908955114	0.466119884187963
727699	-3.07883564460362	1.71532171810696
378825	-0.271373565399813	3.82982404050743
105372836	-2.16790014517924	1.04037388932878
728039	-0.423661555859934	1.38621840969425
104	3.89729092584504	1.02257810407655
23275	4.98329157114696	0.734057716927993
642852	4.1387957371557	0.999777805209109
80781	6.36620043484233	2.28377622984073
378832	-3.25869495582975	0.897958545498514
6573	4.73920851967623	0.590956182897012
1291	4.74532690221996	2.98473672595977
1292	0.71650877790769	3.94699275225004
84221	-2.803509374389	1.87922545365072
4047	5.31129712652694	0.543634280465657
114044	1.11924297863704	0.851634093216877
8888	6.48225681081306	0.404345485441157
54059	2.40888444016982	0.706778722495772
54058	2.80786438911487	0.933535020756688
5116	6.03566445468791	0.410441534371634
23181	5.34529223813592	0.549639126415104
3275	5.94142756421267	0.449252439211794
23784	-3.81665491116027	1.05889603303771
503637	2.47257401415194	1.13866817595464
101929839	-0.295899093162128	1.37325421316622
150165	-3.48109752269194	1.78890421618103
100130418	-2.31372119692898	2.71886015152081
23765	5.22689618122703	0.658662708640718
27439	-0.334001505421803	2.25082114631041
27440	5.9283516354577	0.397148181784621
100130717	-2.57189667049872	1.05098857670347
51816	-3.00996155036644	1.55522585499048
27443	-0.475312073071649	2.80499280092367
83733	0.031807586885358	1.47777133898482
529	7.06686321068031	0.45187885442036
23786	6.51455713961972	0.617924307505252
637	5.88869265219958	1.08666978163889
200298	-2.9914518099989	1.63750231474235
57553	6.00584317596113	0.688039248244786
55670	5.87855915933116	0.564436817163149
51807	-0.532054204986662	0.838261984855197
11274	4.70861908886615	1.50320387111215
100996415	-3.38781064160432	2.09865800289959
728229	-0.182882334109649	1.44055436671064
728233	2.65185853508145	1.4588475682761
85376	-0.321839236912096	1.33469405006327
26220	-0.0588905628250981	2.10683140309197
25787	-2.14171013586102	1.8887116669392
26222	-2.77480319244151	1.48494071647277
9993	7.17339944501825	0.611196108593053
25786	0.794622350681264	1.01208057835384
8220	4.25137761929531	0.364320556915505
100652736	-0.495031999488985	1.10045899528394
6576	6.90783639220579	0.712338946674805
8218	2.53325726618548	0.836330950260642
7290	5.56103861100492	0.659299812072362
64976	5.25548402893115	0.663314705059632
128977	4.20697836699223	0.456211302580757
7353	6.68629226893872	0.411829846259411
8318	5.05122685560099	0.77879250198989
7122	-2.04516517232292	1.36261110672681
5413	-3.16065300064423	1.19525143748654
100526833	-1.9550661292609	1.56682209280745
6899	-0.293797865406174	2.47438485364753
54584	2.85044023666243	1.08623990113439
79680	4.96605680382248	0.406535975261918
10587	5.06147712030416	0.694394334112956
1312	6.71415021861891	1.14699452673402
421	3.10123869844463	0.665766554992356
128989	4.34411808385665	0.826957547024676
54487	5.2006038826998	0.481895148860005
27037	5.14616405256934	0.614449347916546
5902	8.09179766377082	0.655850393072005
29801	4.93496192966815	0.576999168845636
388849	-2.0993032887997	1.28157233616999
284865	-2.95755058946427	1.7392113834252
150197	-1.4645119403987	1.66915309582819
65078	2.73839895372665	0.931762041475506
85359	5.45997188433997	0.607764051616824
101927859	-3.23163269017593	2.2609883188967
373856	-2.2132039066359	2.85208901298621
7625	4.1072483198314	0.785662371162004
91179	-0.123921412137338	1.32345816570514
84861	3.74258431042537	0.92286590072231
51586	6.41812476273537	0.957686975688617
84222	2.22971000434415	1.57779929165363
5297	6.68095213857111	0.389436549678773
3053	-2.34814597702744	1.46608812394887
9342	6.15409430432088	0.448633459517722
1399	7.58408365946396	0.396038410123922
101928891	0.626189511668365	0.888943686880868
150209	0.573648149101817	1.23677681754178
8216	5.06928453905232	0.644763507455004
80764	4.8703097532736	0.575996626880397
439931	1.52805464418857	0.977067233023751
113691	-2.0081964882173	2.40666414149144
9127	-0.426392859939695	2.86126594759469
6545	-1.48125240906734	2.96149264825191
440799	-2.69686138962135	2.26518336672956
400891	-3.27717536909729	2.12281462688818
400892	-2.01503134304071	1.35267192874404
642633	-3.7762294959719	1.32980724022534
440804	-2.36861720849431	1.24755957449656
23119	5.12452780934443	0.940348190880476
645426	-0.22712842183981	1.34524386586285
375133	3.30443583256893	0.457499725111453
7332	7.77604526752301	0.437527589375925
150223	5.70413781775039	0.691762309296546
164592	-2.35818483599722	0.981865986600742
23753	5.70857460519216	1.26452476772782
406920	-2.9260960058884	0.919330587734004
23759	5.26740413222668	0.231801111818803
29799	1.04085482331481	1.30965658319961
5594	7.59523086167646	0.413953714527182
9647	5.48875018419679	0.860115213173418
8940	4.11596712680086	0.701530803579836
96610	4.64296885524497	0.778279871840136
28822	-3.8292564095676	1.0258225386847
25812	-0.495092747058651	1.69191363250832
27156	-2.53169745293853	1.61423500090547
2781	0.00989543854633726	3.11750099096885
9609	0.265501268938226	1.49862817324069
613	7.11321116217535	0.735764949129694
26226	-0.456086209337651	1.48469843898078
150244	-3.26835104551282	1.5957585603707
101929374	-3.91689284769402	0.955800686276933
101978785	-3.49661102128348	1.67358790063011
51233	-2.72178608407744	1.05027483930934
91316	2.2213849297401	0.702903741799802
266747	1.02971089239967	0.685024123994763
7621	1.90589833963162	0.801558249864151
29802	-2.54384995605006	1.25015530410726
653689	-0.0697942467357357	2.03720492632563
100037417	-3.7943052238485	0.92625698495739
23523	6.06163393661716	0.542121282233728
56241	0.863806760576148	2.01707034326271
2687	-2.97818413329201	1.76225351631097
29774	-2.46427784954067	1.76806456192012
23384	4.76483047405251	0.40300857372791
135	-2.99554227957296	1.1162962553034
646023	-2.61783471893194	0.838036360038091
51733	-2.78263311719603	1.05974963359876
83606	6.39610549429334	0.408622361846124
6634	7.47616462422333	0.577620201094129
2678	1.60026058463978	2.18721615453077
388886	-0.386872921763557	1.7259140140793
646074	-1.68271654269864	1.20849282916542
440822	-3.10270488014202	1.24161709745088
129049	1.68638077164251	2.83628479312677
85379	6.58074623179759	0.793238107596688
100128531	-0.678182302472301	1.91414123729312
1417	-1.92849487265394	1.62309633750942
1415	-3.01050905654619	1.03491470284996
100652901	-1.84332479959761	0.617377203062115
91355	1.74057583850006	0.845900421482699
1416	3.23874844850193	0.860144148095306
157	4.03963970772826	1.16626779429153
57168	0.837628312374717	1.5298084429167
89781	5.28022117435258	0.604000906562813
402055	4.00986610200463	0.452402782736992
24144	5.51204215772679	0.429372714094969
8459	3.21883525706396	0.490426877117343
440823	-1.04957839579328	2.75610572233868
102724827	-0.273994124474293	1.02365741055557
4330	1.40960725628383	1.67962656965891
23760	7.04264429375343	0.453939307432481
284900	3.01758880781077	0.569624125357609
23331	1.6430883164163	3.05062283308739
11200	4.44740246185286	0.651898697057577
150274	4.18612014217311	0.569258369355541
150275	5.70392929625419	0.747504100727666
7494	7.15988606964091	1.00892094259545
84133	3.77638979922338	0.526080535004665
100874123	-3.0270990577155	1.90393305573539
83999	3.16626821733116	1.96387615242914
129080	-2.12450673490612	2.02597048409871
25807	4.82442094601939	0.487832389217072
2130	8.30803411564891	0.481297821802614
10634	4.68671807533204	0.869960368952737
10633	-1.90120014980863	1.23270879356296
162	6.94212174506445	0.474535482439562
4744	-3.03486353212171	1.63460670495439
8563	5.48136521408887	0.401552193805514
8508	6.63652236337821	0.66759435311745
4771	6.12858450737411	0.606149926742401
164633	-1.47003675339615	2.43265096728206
55954	3.33019410495354	0.401097202799811
29796	6.31468073363343	0.670308118465998
84164	5.79822685806084	0.514895560848047
8897	5.87735911318025	0.659397256828366
150280	-2.66403619239397	0.807756018754595
3976	5.38074627523583	0.917429827974447
652968	1.88819951333708	1.02060921962308
83874	4.16234028383971	0.901055264774988
10291	7.09255278629058	0.172133637887138
550631	0.105159049284509	0.506139632865225
85371	0.0455765758829492	1.01213269379391
200312	2.93122132873275	0.653352689173373
23541	3.31889909327672	1.59651746209713
51537	4.17167894521771	0.740970647286158
284904	-2.34743380747402	2.72207598791149
9514	-1.27470260899678	2.90193724728602
23481	6.83544997776693	0.407497829168704
6948	2.1676732770986	2.70655832863712
339665	2.28956791389386	1.76982297148302
150290	2.48018303051021	0.694370347583776
23762	3.67430887090419	1.33920970749766
150291	-2.8787395877328	0.990195229345511
22880	5.96330212092466	0.375977277377834
55000	7.35260515943478	0.480502125669899
6525	5.30101774127689	0.689462994538861
140606	2.72823078147629	1.41582975976226
27124	0.633380321451962	1.91023821602544
50487	-2.93939363443798	2.1777424793544
91445	5.46599010718313	0.553912313436719
3985	4.47085799778755	1.31334452382551
113791	2.07763397952765	1.40703940773781
23598	5.23065127161992	0.385786981321915
54944	2.76262919835793	0.858419714788598
4733	6.12256504418671	0.218533469831185
56478	4.47343870875842	0.335115083834071
9814	3.67771001047431	0.566647981433449
23761	5.26150009528309	0.72687549564934
253143	6.29174114616088	0.295083013433614
9681	4.08986214441786	0.415404903082996
25775	-1.54227802402579	0.900050724885104
7533	5.80733804879464	0.722771862261738
6523	-2.93866663011488	1.25732946626374
10739	-2.30440310429527	1.44310786202444
6527	-3.38333718214795	0.877143553855717
339666	-2.48421213096023	1.01752364821278
51493	6.46121440748934	0.285506083919719
25793	6.25246703841494	0.380853235342613
8224	-2.39021834510649	2.42566064924433
7078	2.26307359819278	4.82978217245714
9215	1.61743512211829	2.06478228632755
10042	5.21960028751309	0.669894361640552
10043	4.6267339561314	0.524990539656795
3162	4.88343941957755	1.48580702827328
4174	6.48846413809702	0.887532803665238
23551	0.317982556240355	2.08962841744941
4151	2.02468879672185	2.48934373679508
80830	6.0439433738116	1.92857117585684
23543	4.90905262293538	0.656039834353982
80833	0.993222724276241	3.19133861032365
80832	-3.39504645343663	1.74275860898606
23780	5.08980100135427	0.918564326904459
8542	3.97690726163803	3.06942066098999
4627	10.1811457292837	0.706375753177929
25828	6.06831750293694	0.36841031999968
80020	5.45039843745928	0.920544572760407
8664	7.50866420314684	0.507206822446242
11020	4.28930559139899	0.821395257253225
4689	-3.30104253364323	1.20364927849472
7263	4.32883977277608	1.18661618655895
4357	5.44593821802852	0.589344315028688
79734	3.47519675954724	0.822218848759628
164656	-2.68696798472686	1.08965199481328
3560	-2.52097036714775	1.23634295719734
114904	4.91228107930158	2.15774664087083
5880	2.78757369132078	3.02077839057054
27128	-2.01005612280056	1.25802026519215
114794	3.0270654464182	3.28965772506019
100506271	-2.77798906974249	1.99741714528505
4242	-0.533382755944329	1.84288379359701
29775	5.59214583458813	1.05683540103277
11135	4.78036483824573	2.58540327647058
3957	-2.62778530357149	1.39304921386929
26088	5.0824858393214	0.476680404654762
23616	3.98899585307586	1.54392731302635
57026	4.1186976319362	0.597728498070578
3956	6.42288639005173	3.09680996803103
79159	4.06620410178814	0.618858537314245
11078	6.44080819158322	1.40957365427912
102724378	0.102198277782439	1.11746312639965
3005	9.56478124926149	1.0978124393524
23464	3.36381755969453	0.791814948076425
8484	-3.04070863601821	1.03443991240846
129138	4.48024960999537	0.465140866720284
51386	7.80795586363956	0.483005009950755
85377	6.16291785085801	0.977007891150144
84645	3.64933904944008	0.950598210478967
5435	5.72084504701881	0.424043306388015
9463	4.58000797383075	0.575088964036151
23539	-1.38486637145008	1.67852318448548
80115	0.0895214752640567	2.20463952390424
8398	2.28869216948879	0.475578479049754
23764	5.15165233069583	1.37512733056599
25829	6.47720800509579	0.970386542937342
1454	3.92812000822726	0.572380373935595
3761	-2.14412677213062	3.11887001587183
11015	3.92169222549051	1.80885885688726
10521	8.07692549939915	0.390893643236293
11144	-0.436310628689257	2.12068650394773
646851	-0.196798551749645	0.963791689169945
25776	4.52323264655229	0.480456595074088
56993	6.8621710494682	0.577736699132754
9929	6.70044440800709	0.69004838065096
9567	5.60260892615039	0.7423807610407
25777	7.11488476608982	0.926448047939546
10126	3.89802131264651	0.716237937081442
23467	3.97009510110438	1.87933103701612
23466	7.88537574650651	0.644703771377382
200315	-3.47545142491004	1.35402974900553
9582	3.97419540890605	3.18566150339216
27350	3.19716979643934	3.23387469354659
140564	-0.584734102602675	2.47364402680505
200316	2.8076645620157	1.42740905435886
60489	0.0759483263147974	2.66320494020614
164668	-3.06418379291173	1.31450061881187
23492	4.33335182762629	0.879483619961688
5155	4.36698582157609	1.2297689721713
6122	10.1092985066204	0.473874576925507
116938	-1.5573517572788	0.723246235614958
116937	-1.86638764471437	1.43865407448908
116936	-1.13901655001748	0.737329629972471
26807	-1.05435217376999	1.19427054678144
9145	2.43093782741747	3.08489916780024
10454	4.82521324783801	0.573855705250528
100506472	-1.06705023449001	1.08006117851883
4248	1.70637555515237	3.89653720191025
104502417	-2.78412545123685	2.04098567314348
54471	6.32467594912392	0.404870134721918
468	8.66468503154025	0.982901636616138
91582	5.9859764028513	0.651967935177021
8911	-1.76260998320282	1.95569612215957
150350	-3.41062573998376	2.32807162858831
9402	-3.62858361186862	1.41913616234744
113828	1.11585343225584	3.6207629976468
100130899	-0.00725758868488235	3.28043221208684
23112	5.93480380414329	0.385652124731914
158	6.23329319317063	0.42751457234283
27352	5.52013253464332	0.501074335170476
57591	5.42251055990574	0.61252876401132
2847	-3.31684229689953	1.42964047790316
10478	5.06030129650635	0.352699461117858
6767	8.56259182566258	0.371103334685027
63929	4.57907030634776	0.483439154831513
9978	6.14787839381448	0.649656922747433
100302237	-1.12010209158751	0.851735415318184
2033	7.05876482447164	0.67446160336366
101927279	0.402041375630162	0.629217210937139
83746	5.1010027193405	0.463187343581416
150356	-1.15508594335588	0.880822093259314
5905	7.94287547175124	0.451623463966072
23264	7.14390976468291	0.434372937757086
7008	4.68229581043351	0.772035002111162
10766	6.87654706083818	0.478535079361901
84844	5.32707399766148	0.584616914278137
50	6.4295681673655	0.412668480578146
171568	5.80322084110773	0.363143240759566
27254	-2.9908130437356	1.33600186366735
5372	3.94769489350844	0.376260899470674
27351	5.94531057975234	0.507585909614569
2547	9.21571126122866	0.445572767877737
4809	6.75630781480649	0.690530317021354
79640	4.77854574871872	0.446248012473267
150365	-2.58208134238179	0.813146781708328
79879	4.41331849423111	0.635428499718648
6721	8.18187308407095	0.663860005146204
440829	-2.8578709015993	1.36738326817076
100616259	-3.27343466895626	0.919014577425036
115650	-2.41518107005244	1.10540828898854
79019	4.5782152345011	0.730476894745271
339674	-0.35097528587282	0.92779036740863
55964	1.54461565102855	2.6575149652381
164684	-1.62870864184307	1.46323880527936
4668	5.48454205108495	0.587549255810147
150368	-1.11521421329009	2.31014456459239
1565	-2.21284081158858	1.25590799570652
6942	1.95684223147481	0.813307558937579
388906	0.995921083403898	0.666937170081847
102723775	-0.063344984502276	2.33090463509728
150372	-1.33743899708318	2.19907417283279
27341	6.05612763226623	1.00181347073996
253190	1.36010600047411	0.478713167042018
91695	2.54209842273061	0.647006016389256
84271	6.73554280923426	0.425826010661288
1727	7.00169603188358	0.425017559787757
53947	3.76745554655879	2.23602036309967
26286	5.08468465201498	0.569567822173723
11252	6.60865277937546	0.697511136716484
25809	1.33336307132749	0.942963002122545
638	2.58661285273143	2.70387675203773
27349	4.39203642511025	0.476988466713879
706	6.68530352375199	0.706196675183804
23170	6.68395894149753	0.549804396818716
80274	-3.02752096556658	1.22141279504076
758	-3.64570761458708	1.18002219527857
64800	-1.76568475996164	1.23837439181569
25830	-1.904553695415	3.24178531344109
105373057	-3.48344055668878	1.45955982030792
80339	1.61236007827537	1.59129422132771
25813	5.85669984376204	0.433926830510906
29780	3.30560849137914	1.18581683399407
64098	-0.0528683930713514	1.9549564143892
85352	-2.53254467933683	1.81792009333049
84247	5.58180663156833	0.773969786839046
55615	3.11250523676702	0.774559231733596
23779	-2.36630596683442	1.5408420137252
112885	-0.043067384293949	3.44071708366491
100506714	2.61613950612337	1.08735028936455
10762	7.10499018113943	0.526324374349936
23313	5.59419753604105	0.857377402973759
55007	4.0322940320128	0.605307564262226
27127	-0.496338126480081	2.70862806137705
26150	0.379437596213982	2.0797933322724
2192	3.74335424207867	3.4484902434468
25814	6.92541489910654	0.447893429446106
7477	4.78586061971692	3.01377286835063
730668	-2.76086177401927	1.09077066780204
100271722	-0.0840934272038866	1.94398017744626
55267	-1.12390911765021	0.614124448751243
150381	2.41846241700738	0.907298605493275
400931	0.4287501351157	0.928339496702295
5465	4.62590250894682	0.898770747670316
150383	2.59467280436447	0.509914178623981
10343	-1.95738261714623	1.22374735653235
55020	4.18675527516428	0.440395012835158
150384	-1.55320062624929	1.05004832354798
51512	6.08223807103771	0.550933344839373
55687	4.20086313057275	0.252574231800399
9620	5.7761459305956	1.91764354153706
23151	4.44332309950437	0.627515345118424
64781	5.87490494490432	0.83624426506337
25771	4.87459890303456	0.450296792300474
284930	-3.04061742018532	1.58475952740351
25817	-1.94733718418833	2.95547004405729
23774	5.40923044246562	0.453287481934317
105373090	-1.85087662701084	0.897685046431317
9889	5.51573381441891	0.460168217395688
79087	5.02578276121826	0.646053116355524
79174	5.9841141827103	0.697751847350385
415116	6.15097955215633	0.816040491137751
400935	-3.15743264610782	1.0569610052765
54456	-3.12591753424718	0.960851537931789
56666	2.90005104732077	1.01326266923163
80305	5.63959657736791	0.747555634359724
83642	4.61517677791492	0.55019343871255
85378	4.69836534144241	0.377345994960023
83933	4.29460572344192	0.466582888917952
6300	4.18394631760718	1.12670017284859
5600	3.82017658945942	1.18961021888258
23654	8.23504966592279	1.28550634247909
414918	1.70847059051995	1.11208087669847
9701	5.69990324228389	0.493468330039239
6305	7.25762688310888	0.69545407708603
79924	1.07470238545757	3.03594586438376
91289	5.79785119370171	0.531696765268126
29781	5.43677005401041	0.721614235837426
9997	-1.09819896725659	0.740612671854972
1890	3.07811444751038	1.95285186258439
440836	1.48274702200255	1.26883468969649
113730	0.749006977109679	2.12701323437578
644186	-2.40062110612706	0.945931522339822
1375	-2.028315569134	1.1271046539239
100144603	1.17653227671301	0.745166992768437
23542	3.92820132876233	2.81011920459968
105373099	-2.67891728928963	1.25003339353176
410	4.17565501733538	0.753899224860463
85358	2.6843790096264	2.48196089288548
284942	3.48639103703676	0.469995504475804
11158	3.5552279328064	0.817608150054315
152330	-3.55546388503376	1.15735536683345
51095	4.35393859207525	0.358394474559363
51185	3.81419040137854	0.413558271853907
57633	-0.0530499892786147	3.68260811280504
285362	4.97677359908398	0.66428936181574
6419	2.48810617116225	0.661347286741814
100996539	-3.05886276627502	1.17918874871466
3708	2.85896722377815	0.986836852970834
100507582	-1.25908056737384	0.805500106044228
8553	6.48237391502623	1.31846446279005
55207	5.98884135341637	0.588858097738362
9695	6.31899666910163	0.88001925444549
100873937	-3.77707426400293	1.20773152890412
101927394	-3.56347485728153	1.4339012663407
100288428	-1.62951835423648	0.926600743971534
29995	2.51486979674793	2.08737988660372
29931	-2.17046811845644	1.55812074417244
51066	-1.36352685074608	1.95319156953261
5021	2.4832415507366	2.33159412826029
56852	4.69743708023118	0.446214146447225
9901	1.49146366737896	1.81220046874228
25917	5.46811396477311	0.252936528568156
440944	2.77808853370247	0.77076918729903
55209	6.79288806909245	0.485484585582566
375323	-3.51231620537351	1.08354422580466
64419	5.201450878169	0.387063237996414
7862	4.40114796697943	0.411141687573617
4968	3.60124365973647	0.558195783251175
8536	1.85644486799974	1.75569573205771
10474	5.69303024567892	0.456604903203898
10093	6.92455642899674	0.426104447071869
26140	-0.749817349373111	0.834804567840328
285367	4.35303843501448	0.373020374116451
63924	-3.20274209797633	1.25366044796602
84522	4.65571335784388	0.468989616515734
132014	1.71999027409318	1.62268945240204
84818	3.70277025832887	0.905099665950858
78987	3.7641990656107	0.420054323436499
285368	0.76607534253039	0.816157653761607
100874032	0.00761052719191099	1.26427089094198
55831	5.70955843838785	0.274579060943661
442075	2.48188357025322	0.590298734217972
401052	-2.32660289942189	0.884172421225947
152302	2.29594724911438	0.556092774050209
2177	5.41553538282906	0.649552653306829
55845	7.02148721926931	0.408757026583333
7428	6.28546542704605	0.456559236593952
3656	3.69998854452685	1.34370443521455
9797	5.72028544175576	0.414736381155582
100126793	-1.83391100187233	0.759748798960368
84657	-2.43235223487094	0.70574062009182
6396	6.26229404072057	0.284500352655833
6538	-3.26208059448749	2.4924265915446
3269	4.17741599742504	0.788621690572355
10533	4.54958663117307	0.627408195690834
9686	4.40012303082216	0.574374076670498
132001	1.56864045354869	0.589056679809042
6854	-0.341321671684235	2.39144256808576
7079	-2.50250744069043	2.5410596723442
5468	5.05305508139448	2.1423536847949
80746	2.98529126649968	0.696927301722094
100129480	0.225573423783905	2.13101909785598
23609	4.88792766678482	0.470420505897393
5894	6.45314332388332	0.35641543701632
55287	0.768349984027613	3.32326472819273
23066	-1.35181576735597	0.693863129582556
6161	8.94841913210443	0.43391169628076
9922	4.33479032965841	1.41012844933764
23225	7.18099999463238	0.718616257826436
100874101	-2.80620371417241	1.20702746088827
79885	3.14777471070288	1.01701377275752
2199	-2.46356923177161	1.15896371672216
7476	-0.26717526948692	4.22782981942276
348825	-3.13922160871624	2.55169454666541
131474	3.88519575882118	0.250318711660949
79188	6.28890888791271	0.366183123658659
7508	4.81472346701735	0.481434824251877
27258	6.12293855203227	0.361273844372999
6533	6.66309011495876	0.890746167426465
80852	-0.783955709706259	2.46446613107474
51244	3.95419882758835	0.384823476324273
84077	-1.35033410790559	0.950663509410185
152273	-2.90491716630116	0.92680827498202
100505641	6.50874536145261	0.401865141806085
7182	3.26614993052737	0.373346643986219
64432	4.75245754405965	0.247884368188496
64145	4.80660036649886	0.37649734928735
344875	-2.26633231806959	1.28992840279963
23473	5.45817202316289	0.259046516536378
100505696	-0.599152204779102	0.984893806914557
9467	2.67612789178436	0.898825631436885
131965	3.82351273483641	0.393906553257118
85403	5.52993114336009	0.441844209391314
8292	-2.6509338548288	0.960992682024702
26061	3.96279272617636	0.537519768238718
686	3.82177639518217	0.721657209257983
23243	5.96698842417612	0.606153629017617
117248	-2.85048822991973	1.37338381424931
285381	4.6256437039397	0.277500681501765
92106	3.88704479628129	0.45287321883039
23180	-0.164744513485477	1.72002354646312
1618	-3.57716452631948	1.32023512236993
23228	2.56971725939496	2.35788620997994
9779	5.76127414103849	0.506637892466401
339862	-2.97763199090171	1.79465806118489
6304	3.46829579378015	2.96031507140757
101927777	-2.60954629517462	2.22268178901748
131096	-1.2377441771924	2.84198702792899
5868	4.86623316489526	0.651506577381806
151649	-1.70826130699028	0.735902021759438
8850	3.68293649900041	0.714910634017187
151648	4.14656219835006	0.645710345990959
79750	-3.10814105081997	1.97788486220126
7325	3.86701241886198	1.33529703672594
100874092	-2.01046947528485	0.756200451840916
7324	6.38422717484948	0.460000460002268
28512	3.4219528075637	0.429252264394847
6138	9.57475866005069	0.441632072101157
9975	5.51295701592441	0.787177859595822
7068	3.92256875951885	2.87037216290007
644990	-2.66929110692469	1.08867241296438
5915	-1.90194965353616	1.82754965700481
7155	7.02356892814054	0.439970780481101
55768	4.40119702600355	0.511805741688184
54995	2.43437045901088	2.00605186920937
152110	-0.463920278103751	1.59820289479573
9497	5.63155998848149	1.33323329525958
8320	-1.85372174077573	2.67692337278891
152100	4.45308620774559	0.362135186747458
64343	5.17709278598654	0.438564883695581
152098	-1.48858562816188	0.749392598046054
100873979	-3.28357984079465	1.34885904751544
27303	-0.900136061433992	2.22673729021611
7048	5.6055022691937	2.84840904727881
201595	7.98529503611337	0.474375833949699
114884	4.66234094377284	1.97822125230317
344787	1.08594952719594	2.02212848592667
23171	4.4301522166055	1.09677032738198
152189	2.84526074379364	0.496213776505006
112616	4.040452095046	1.59311513057778
54918	7.17963790523961	0.726500926071805
51143	5.78377889749989	0.237465967177276
25904	5.07636657772284	0.300069854316614
2720	5.93357125724524	0.469977720504339
643853	2.00869234807654	0.452269880456225
10491	6.24417358207561	1.07626341572451
26032	-1.76186806791885	2.87828507405755
25827	0.593886653657913	2.31274079074619
7342	6.67183415395962	0.359514387573076
23122	5.60010195264414	0.48411987469335
10015	7.28377803112022	0.325964587476378
10777	-3.17818487597686	2.60469399350607
6769	-3.07558293167011	2.49773949450526
9881	2.71126450368752	3.05478208912816
9852	2.93323191206499	0.36039295654804
4292	4.81212851974242	0.588525791288774
9209	5.32028464826628	0.438513563168655
2803	6.75990079594647	0.769808616030028
3680	-1.70627364525197	1.28195816339922
101928153	-1.26622553248671	0.923845552333195
10217	5.44936360982826	1.03334796848829
50853	2.05945994186577	3.72596039781861
5333	1.26773901027846	1.43533245325775
9940	-2.55107697490184	0.927832735976996
30	5.36796996109336	0.6348902106282
4615	5.39285938390961	1.28189448235324
9943	6.26582685711679	0.451097492272133
9942	2.86103541653237	0.487706439100303
100128640	-1.20725332644758	1.26421492954895
93	3.82182308730935	0.605777749301227
9941	2.84793060444323	0.366285562424281
6331	-0.759625237309757	2.78727502006808
57599	4.89244278497416	0.5621814729305
64689	5.02805364251218	0.265076281104116
199223	-0.222517972223806	0.720138190121983
64651	3.84802805276832	0.986479516577936
54977	4.65455274176346	0.194761642534544
3921	9.60546427234406	0.72482415934526
574040	-0.810229674177305	0.762729535807901
6044	-1.55465966468942	0.532866589309585
25924	-2.5583951266403	2.23300305425316
440952	-1.89245883480102	1.07399757845329
10289	4.79679838558937	0.504110221803865
956	-1.30291838808769	2.73521978646205
285266	0.558299155456427	0.520682062805219
9045	9.14512461250952	0.402202596761461
285267	1.19154803957189	1.60487660071977
253639	2.2117083885688	0.995632965754317
285268	4.80807686253908	0.431834200791644
1499	7.92620846037215	0.485997319955498
54986	1.49322735474039	1.11979321134993
22906	6.19165154937273	0.79632905904251
885	-1.26319389539751	2.96624526075908
7433	0.49379675492455	3.36048848703296
9117	5.18809087129821	0.368271879444542
51188	3.82346161040811	0.418958837267069
4820	5.43981899617075	0.292049523024407
92999	3.03169061630187	0.781667182577279
152206	-1.95688162335143	1.01878614869032
25994	7.07777264236825	0.480836651640875
1238	-1.51702814878246	1.50884614085673
389114	-3.05189180461651	2.08520842333511
100506243	-2.34312994653459	3.25219925605798
729085	-3.11305149782767	1.94640030658986
84892	4.00201873376162	0.453498872813283
54861	3.39716856562158	0.503342326212539
100873954	-3.0685239692519	0.861571800158312
55129	4.0583181359933	1.01891083386203
51099	4.97788489955799	0.513453050055784
285343	4.12180272578764	0.563210044174682
353274	4.37338481379422	0.546193195566907
285346	1.37898994572397	0.584835589505977
55888	-1.34938096119469	2.52171023020127
285349	-2.99214644410001	1.58041865028109
100874094	-2.81710320313011	0.775671756606316
10168	3.81342319689336	0.655642752614532
7584	2.69705044989871	0.403711971403339
91392	-0.662473303027306	2.74770033828098
115560	-0.699606246217598	2.1769825235441
57456	5.22186514570393	0.395220397998803
56992	5.00358353772503	0.621833276628009
131616	3.01072165810364	0.379715533262993
7047	-2.36829962159962	1.21203898983278
51304	6.38588164672977	0.802952510731725
23016	5.00860663771183	0.372333756932982
64866	6.69690668471466	0.777117106409272
25907	1.48322805104708	1.78189386832695
23395	5.20857080672288	0.52385966486428
8994	4.74318307159096	0.52933327456002
22908	5.15354935721732	0.534686508316479
54716	-1.19847114448671	3.33719349638715
54585	3.59047746632588	0.839404680291699
79443	5.36063753434192	0.607037670909395
10663	-2.74342522115324	0.910178202713898
1230	-2.18079595727077	2.74901260358265
102724297	-2.15252001525388	1.80763099400172
9034	-0.0468354655293586	3.0415973611879
4057	-3.00509967412847	2.60088467435268
79442	-3.05327175927415	1.81501015103963
259173	3.31356508051726	2.9613825581065
259236	-0.440008594300226	2.18418202454694
29122	-3.57143889262341	0.927088409439409
151903	5.11483082741502	0.478135404672603
23218	5.66559741575581	0.615083425641119
29072	6.43833283952781	0.27925618622395
285352	0.315701752595187	0.339325507405277
64147	2.42577252424714	0.819589196714557
23276	5.12506360704445	0.331905213205106
25930	6.15140349201795	0.262838085016834
22937	6.11225121535441	0.398035769814639
54859	4.3613700215724	0.317904907927542
10675	0.585736584841438	2.40327074308259
6599	7.53860997933911	0.472044404660322
22907	6.34791082582028	0.310003094586346
4134	7.8069496005639	0.66005999001079
993	5.35953944945448	0.711253533117102
51385	2.54527406938544	0.587312696801673
10201	4.39930866040977	0.394413750441027
5364	5.12768486181043	1.24617056333213
105377133	-1.87637946126884	1.16618972286628
79714	4.4850278180925	0.361027796284011
51372	7.14721356939617	0.536755783856093
84126	3.26355293892502	0.364817591288858
11277	2.74030863194167	1.42498555550569
51246	7.19490753554563	0.918511346151887
5210	3.06537878158013	0.568911717216145
90226	-3.46295176712454	1.15417598858655
1294	2.58955198981713	2.2650809586817
7384	7.31535975021363	0.323743543927712
65010	3.48962885709669	0.910549431731409
1951	4.57398752293775	1.45105056416044
102724368	-1.73385145995271	0.550211656503046
51517	4.56747869935513	0.433849225745958
51447	5.56398246807448	0.590576654584601
5576	6.59583364725245	0.431163136276882
100506637	0.486402834093397	0.833149727870709
788	3.61139148763758	0.652578060992403
646450	-0.426773749032003	0.930804278255897
10425	6.17821305400471	0.321813380702018
54681	4.17734352737686	1.04480921698482
11180	6.6827771787594	0.575259014367933
55152	3.62360463119318	0.320471814725473
25915	5.40047959601537	0.542830213593512
3615	7.62748362804184	0.424475166460519
54870	6.20397308953973	0.335790910041433
5859	6.41173755043847	0.827317946914878
10869	5.69954336349642	0.44530853884682
3913	6.13121498179857	1.24670443456676
22973	-2.37694433439515	1.17721430782017
64925	3.56075302114416	0.570645633472093
200942	0.618556320603957	2.98135860315095
375341	2.0432345473355	0.532101454202176
7375	4.95567968313937	0.693672345445977
2876	7.2679999701537	0.551898658737046
387	8.82553099621316	0.368362567707888
6988	4.84453397673808	0.621210259173909
275	-0.375883700247107	0.651750466068899
84276	1.7837930091098	0.862324241307563
1605	8.07968082596577	0.608688775570846
100132677	-2.2274077530702	1.28116217347696
8927	2.09173610320502	2.0057329649542
327	6.63994275893052	0.390684490915303
4485	0.799979360963649	0.880586601264457
63891	5.30711942152291	0.300196347686895
386724	2.32920187638441	0.702916946532603
29925	4.71125198728245	0.63357874769859
9807	5.72399759736199	0.308654663420761
389118	-3.07822136297628	0.992109486825558
389119	-0.544631819988911	1.88695351778446
7318	1.32390619264785	2.58075347641047
10293	3.21421295927134	0.42592158041633
4486	5.13854049136539	2.60981284434646
84315	3.75293951508704	0.424396603203572
10180	5.78151796628621	0.410969076141135
10181	5.33582142155691	0.413062998792193
100775107	-0.282666406432353	0.903822649565647
6405	3.32089275123594	1.75684808902777
2779	-3.53808044339161	1.40380158912312
10991	-1.97977180292467	3.22738493024216
2771	7.49502347643944	0.765094634923457
101928931	-2.95330805523833	0.858575667805344
7869	3.07142310020418	2.60840235842349
132228	-2.94561527145338	1.18021156481164
7866	5.98661941944748	0.457833038386227
8372	2.17003735025309	0.672597762851042
24142	1.49218068489976	0.376197899597427
3373	-0.410784894112305	1.71382123556249
8692	5.10905331339903	0.636932123580499
11334	5.58114712670952	0.379454498285236
11186	4.01452264605623	0.600214463658714
102060282	-2.22150782562402	1.34747555885799
51364	-0.827443707909784	1.60564080451376
10641	3.35928264395137	0.452863461650617
11068	3.68493869022582	0.587736487105179
11070	4.60915374487393	0.489164708065319
9254	-0.526821775120981	1.3425508275556
51161	0.594234058244131	1.8017578190612
51409	2.69483406539765	0.512286617589209
1154	-0.976830130613836	1.18215763357133
7867	5.16926531655267	1.10054309301732
1795	0.409826084445611	2.02279710819677
7873	6.67397283766069	0.707756107768724
29890	5.80183499068057	0.688928646507382
9730	5.82392105693623	0.355440478418962
23132	4.74874436763701	0.511079973639494
51368	4.95774266692261	0.341180867904884
9136	5.08850444788827	0.424563689314073
10039	3.57890873662401	0.88159861700199
57060	4.47517948507109	0.706037480556737
84836	5.2730722698547	0.444832495799191
25864	2.167867313002	0.588691314393432
95	0.886317907816783	0.705474169798028
6159	9.37697598703608	0.353878463475336
1849	4.3608779656232	0.784925369911447
25886	4.40649259469499	0.609592018903642
211	6.17274479778393	0.390385154584508
11344	5.3035858664642	0.632854373314275
132160	2.16496454496375	0.9788953829244
80335	7.08461563759665	0.297335620628668
132158	1.90765564856398	0.820238460202564
25981	1.02805637213391	1.02265352061446
8314	6.06951689003733	0.420465409027914
51533	1.73362445499302	1.02420307823608
56920	-1.66646954461186	1.99879302968501
7134	0.991929563486142	1.99498592245064
11188	5.55531724187353	0.342201328581302
23166	-2.1190343267108	0.969593095068481
64943	6.01956136646283	0.945979705516113
440957	4.12759144268935	0.651690162583533
55193	5.96827979913485	1.12392801989609
26354	6.48699868568768	0.570311192585145
55830	4.91585326041661	0.391896938864915
28972	6.31292183765657	0.390818733794494
6787	4.6462118694263	0.557089655090922
3700	-1.62467153878874	1.02177634730965
375346	3.95809202446244	0.672052595011387
51460	5.39862948526162	0.476591558382619
105377135	0.382910719775082	1.01500597657603
91869	4.79628075296325	0.660733204149831
5580	4.65188623305645	1.05151997592449
7086	8.98547556641964	0.489624663142774
55802	5.28199242481854	0.386488069839354
776	0.154068979142227	3.31970491593873
55349	2.68609216781828	1.83474847675971
55540	2.23139020826512	1.32518831194323
93973	4.69038279607659	0.414065807657365
58515	5.1690636774109	0.735454410150656
55799	-3.52649100581859	1.1021572147215
7474	-1.3819142367249	2.25253895092743
26059	-2.92363889844796	2.03332162449614
285331	3.0021167418787	0.43127896179746
23272	6.69704959124484	0.235493082943679
50650	4.24574229062896	0.794373390510849
353324	-1.40345569563253	1.207003954746
54756	2.99600400904655	0.873303163739696
8820	-0.64948890918638	0.576399618342674
26060	5.98811900086081	0.371206423789041
142686	-1.26402152936243	0.557927093911216
201625	-1.92133556909835	1.10412074182351
201626	5.36554476088656	0.238393884154628
378	7.53191102881905	0.483598905886736
201627	4.70957214803618	0.824574452127736
7871	6.51448190536427	0.525911503689163
2317	9.97288664763016	0.796065704972135
105377650	-0.647439439044462	1.62794781618065
57406	2.88922332998465	1.09364172438038
11102	4.877845298009	0.246422186464789
54899	2.92046977548234	0.703593194031325
5162	6.08294000896239	0.443647947245859
200845	2.8234751684618	0.59160014609916
8309	-0.897249961599634	2.00839503726777
131177	-2.75252046965875	2.02755460721189
200844	0.812272081538698	2.22751534787359
2272	0.0136822660127735	1.6877552750772
5793	2.50982871492405	1.73574705067975
100506994	0.435829242303887	1.75877393252255
57415	3.47845129984531	2.55391496305023
8618	-2.73636124350102	2.73114490070848
100874016	-2.98911212765637	1.42243112425105
80145	5.3374305426975	0.361616838913354
6314	4.79882542981353	0.431906047387966
100507062	-1.14704386136303	0.619340712742322
9861	6.24764609316092	0.226686305036591
166336	-1.86360662671199	2.25488292493284
56999	-0.643257899611623	3.04951516117822
9223	4.9773997084002	0.776117997990014
115286	3.8248807028175	0.384981886123569
26018	2.42549018918492	2.59193270697838
84541	1.10191726040536	1.28705980074838
8801	5.92565668980239	0.742351858056675
101927111	0.796244445812835	0.576604761033546
285203	4.14885927879921	0.601075933435811
7110	5.82759688050707	0.31327479382008
9039	5.80893340945071	0.392381721453579
10550	6.07398774412156	0.725398224622671
56203	-2.94335967026324	1.83940481431236
23150	3.19941031840464	1.90251250169212
4286	2.95341712194195	1.85204176092589
27086	3.47153759718891	1.97717721768727
105377206	-2.3493055225743	1.34702297260285
317649	-0.0997781273876496	2.6582786678724
2850	-3.3023743923876	1.63379192254592
201617	-3.72204719054228	1.32901588049952
23429	5.48377357045606	0.478948635162566
55164	4.06070851743851	0.322025124164165
727936	-0.866136943114546	1.75715754856021
151987	5.73487583649517	0.287115601699396
55096	-1.72247963107343	0.634875928311326
23024	-2.79623514242	3.00345518074963
101927249	-3.69639618487622	1.57096455243148
100846999	-0.704393644976408	0.521045916629851
692099	2.542348351747	1.50403472841366
401074	-2.86367715458211	2.26317578467276
100131827	1.8121738349798	0.751103505207921
6092	-2.50615177395606	2.16802174789204
6091	2.73486675452887	3.97217255532508
2632	5.68978563325929	0.946541287511903
253559	-0.0248579939407462	2.7848525315845
389136	1.51473083072677	4.41729766242139
100846978	-2.71245907632481	1.31457915842696
25978	6.22663080227267	0.824064245886676
8545	6.26351502380711	0.486498254742233
105377200	2.21419889299062	0.327425683218263
55279	3.61772862139597	0.37835429221311
285237	3.94162977507464	0.735962535994549
2042	-1.98760757581012	2.68001145414051
5627	2.98067645614999	2.33661482380891
200894	4.24758509773399	0.543557973062404
415117	-0.951367297501982	2.62448599471926
200895	3.65574617606704	0.360339031436261
63899	2.94682882246196	0.706926627680881
285220	-2.11935403203123	2.12388771124938
84100	2.75274643374705	0.773104022441001
131544	4.77785502086615	0.672752939233227
84864	4.95527807621629	0.263618872817014
56650	5.5502168747881	0.440346148045542
1371	5.32851223440058	0.445289898702686
100874207	-2.43005328969531	1.5901797200769
10402	1.3668094082781	2.30360795543587
131566	6.8892737380779	2.22270420273114
1295	-2.79527867723102	1.66380767571437
101929357	-2.80546850300177	1.49200346536336
84319	4.92172155576089	0.527137886602899
11259	0.626909102618257	3.38674736169236
55773	5.31074249014829	0.541254160090901
56954	5.34974386168759	0.413426346166607
9868	7.10890663818805	0.3661285230381
348801	0.25440331383827	0.930428839981643
55076	1.28524755582543	2.48598944622245
10342	7.14017909765316	0.355515961708819
25890	-1.32640636513624	1.28266560562497
50939	-2.97042253956142	0.872393786716332
57337	3.82855402217196	0.43754895226776
131909	-2.76677858354659	1.53214646728195
54931	5.2173550087007	0.348002744147459
57092	7.66122214392269	0.42802055875238
27107	5.16886394917718	0.275072180075617
100009676	1.99710545934902	0.753309046948766
6152	9.088326169722	0.320273948413644
105374013	-0.280127451102626	0.905287946326749
285359	-2.05315453296438	1.41005831788661
79598	4.64595770320526	0.874681422948568
91775	4.14878554744157	1.5840859447988
64332	4.33857583748795	1.23574523241047
152225	-2.23128155118736	2.09225346689695
131368	-2.3695414878233	2.17040771411014
214	5.54367743516569	3.40689390675468
868	3.50398937753733	1.69441438533943
344595	0.599000715152873	0.901757164310036
56987	6.31874565187754	0.749461223221283
285205	-3.52178559640567	1.13307401550123
961	6.03893341542842	1.32621193611617
55081	4.49861087216235	1.2193273508224
22989	1.01427029517587	2.37766266790676
57650	5.90263007090877	0.4752021646095
9666	4.91205410361919	0.58193244342068
25945	4.64996407067417	1.28938341686489
10225	-3.02685196483134	1.09278034235814
79413	0.147050874484216	3.83758788956246
257068	1.03965824005006	1.74986761513665
100874115	-2.35362908390175	1.11828334690275
90102	5.8102622802911	1.18656817742538
55347	5.53659248330655	0.439141882320475
344805	-3.03975720806882	1.06642604513947
79669	4.003749892539	1.04111034971255
257144	0.636078069894055	1.30538850347703
285335	-2.7687236742407	1.18557021706886
64422	6.22449123852797	0.38076483938419
55032	5.22278321310453	0.590909041697529
100506621	-1.19541745244203	2.68159088987531
151887	3.02986416782122	3.17214325228607
344807	-3.3235239864241	1.27910986860677
131450	-2.30245578711445	1.15445016752534
29083	4.39098383256948	0.824189734009866
25871	5.4035681109492	0.517132124368279
91653	-2.60658385301398	1.6764148056506
55779	1.61562546967377	1.06258309122995
152185	3.83246844880426	0.535108641611325
54847	-1.02584995045408	2.42663857875615
205717	4.74074853852958	0.759701415000141
80218	8.70438530302167	0.33786541378042
523	6.93518749197591	0.435028400095134
54762	2.63786468456846	1.14832439662821
254887	3.73771974836028	0.74281766524008
57577	1.60731279006218	0.802286644089997
79691	5.60717078998425	0.393377760562788
26137	1.516921004737	2.83444210432947
2596	-2.75404803442109	1.61633373464741
4045	-0.327155164000548	2.42798568389258
101926903	-2.57660694397747	2.10231577020072
152404	-1.93436430281301	3.19848104286015
7348	-1.65815600954319	3.02262458991666
8702	5.33132656978581	1.20818353588831
57514	1.23941505401124	2.12010039666856
100874246	-2.02608734287491	1.57418995763515
55254	5.56744853827816	0.419917035910432
56983	3.9931598379752	0.565328584546149
51300	6.36004364271692	0.266663062186087
141	1.00125681843648	1.88700664483661
64091	-2.46184484104922	1.02705978988081
10063	5.54861446938784	0.794531096419496
89876	-2.07851693410072	2.19305166598932
2932	6.96022635732558	0.418523540943305
165829	-1.09928323789372	1.28134076611568
116064	6.27609677619684	0.527678120712271
11167	5.24219086774629	2.41523543624483
4710	7.19135912519764	0.457943264800536
3081	-2.22583037278789	2.75121449218317
285282	4.75164724678225	0.686416259682287
2960	4.8284323534493	0.467643324540248
9515	-2.16744958910355	2.84900954913329
10721	4.86744088322335	0.694743626204214
3059	-2.02065670408377	1.42547806885077
2804	7.11254312164024	0.548691051538675
9657	4.11152867385597	0.529212726063939
55840	1.9311532538962	0.669004398542584
6565	0.872252065606742	1.6653606059329
286676	0.987461348523973	3.07533384835515
942	-3.12685924071306	1.05978307457856
1475	-0.776039673787535	2.63993228350282
131076	4.84884888835399	0.433086948842265
26355	5.24575078366879	0.498444340604354
54554	3.17710373800089	0.42971265366266
102723582	-0.960510667739611	0.787797802729136
3836	6.47897969524738	0.50217236655065
83666	5.75311519056071	1.6754731174179
151636	6.34054624342416	1.25500232626962
54625	6.703526025302	1.56827165995317
79663	3.06589142411609	0.695238555806417
84925	4.3628459173601	0.699164563651994
100129550	1.54424398956404	0.683524312732721
10954	5.01098877135693	0.61472117907902
102465667	-2.39340984125068	0.883944960510202
26984	4.30141902995785	0.3707036811779
111	-1.53064046729104	1.18035254380939
201562	5.54470057265974	0.456447532792164
100506826	-0.228168292803449	0.596728480744242
4638	1.54590686516698	1.8740915793827
64770	4.70676062524432	0.69805380190783
8997	1.01023829089776	1.73373957389236
7372	5.67648940675955	0.291652833047178
3693	6.86297548112362	1.25536456939168
56667	0.980077621100112	4.77745075735502
57493	4.61729081668428	2.09655811372968
84561	2.31908306388452	2.54018744149242
7707	6.01942724348095	0.455334866008611
8723	5.38815954522862	0.347577628074491
114885	5.06988010098336	0.57987195809004
105374312	-2.65087637250576	1.76433481128001
100125556	1.06591283823984	1.37905563773578
200810	-0.190004023032566	1.76986528030319
152015	-2.37068001585253	1.43823143012066
54946	5.16161476437541	0.554291126764987
10840	-2.04537982590814	1.42137009481849
28999	-0.658430041757753	1.65945796476968
79364	4.84797855304142	0.432966724223503
166012	-2.64339062370406	2.11814138102126
114112	2.90005396892095	0.791061906773183
84303	3.85760152152514	0.619561334157062
105374091	-2.00768935099993	0.750517419533044
5361	6.54852601749989	0.926246257320411
131601	4.80127419330271	0.583777839977667
4171	7.26878205451515	0.570573676605653
50512	4.5807789176224	2.24366244173917
80325	2.73782013301026	1.13589911797885
11343	3.6510265214165	3.04741301793866
166348	-2.31035594128389	2.7326889304498
29927	8.74487123443393	0.433593620393557
8607	6.48668807697008	0.556012232370532
60678	3.41751642494649	0.710503447280909
2624	4.89807622401299	1.35432546257939
101927167	4.09433235302236	0.621451865390826
90246	1.07877100567994	1.0784355316797
6184	8.77126425348489	0.282990492410937
7879	8.58220626811814	0.430596525146016
653712	-0.785009634882996	0.662283258321682
28976	5.5828006499712	0.538647253049124
57501	0.43003268647141	1.72356350791806
79825	-1.61390724139389	2.6434624222029
339122	2.98485545100629	0.908971050403948
57461	4.46863124884489	0.544081971730811
7555	8.43555065397379	0.451783129575256
22820	7.65232509575782	0.520446927514401
56941	6.34811815576414	0.600196034900237
8971	7.20937993212797	0.377416521175485
339942	-0.799706721386889	1.30582802869128
132241	1.39660137266097	0.725321305194825
90288	-2.41654807552576	1.03927171243311
8930	5.31784169410999	0.349974727162254
55764	4.04415879985631	0.860028427051912
23129	5.25925764717814	1.98239116914098
23023	5.40914755080225	0.676663915604299
100507032	0.843429899377798	1.38032640948325
644974	-2.41266788078194	1.40104780143689
729375	0.469366547072924	1.2918957555638
30849	5.55082430538626	0.493190513608361
27032	7.15860227219183	0.39289188306715
28990	2.65944657820678	0.405569913670206
79858	2.3511261439451	1.49909136633154
339874	-2.13273301808408	0.970624432815073
152195	2.22479900151978	2.40834726521389
131870	5.29239830941858	0.604637771839217
11222	7.25618704053898	0.304652366131471
131034	-2.24477543483818	1.73195666781292
55	-1.66989218912477	2.52839431537432
23317	6.92923614792797	0.376300131398108
100532724	-1.87782220229318	1.27504284721426
84129	0.513039718037328	0.991204066930606
51554	-1.95248252147986	0.83346596102466
79876	5.48178216860259	0.597759127546284
27031	1.45515308965372	1.14205793171659
66000	-3.69339177766391	1.28411951089775
55573	8.09439932332789	0.721518401509824
11073	6.75833454986351	0.362537427792953
7018	-1.90200634763767	0.912966482492567
58477	6.5103627669621	0.669706431293224
51560	2.40324121403623	2.15771287520063
6578	0.76505144202881	1.85272424542128
6259	5.99636698871659	0.56879543952926
51421	6.56359737528199	1.45062113014217
25847	5.68087956737506	0.604702007226737
80254	4.5709699509811	0.53863775785962
339855	-3.39924475543471	1.22867641708754
2047	-1.45247262171241	3.03265344144232
5523	3.89738771901285	1.19766435335448
55167	5.27042189682354	0.438813783651098
5096	5.92643959049608	0.409666376943498
10274	5.91988130978403	0.551971097960433
80723	4.42321987848932	1.27452075583565
101927597	2.00416048058574	0.44074160236646
4690	5.25237525233063	0.493647600177239
53833	0.64759944556518	1.24492492956384
51208	-0.60150864117576	4.81124568852419
199221	-0.315660967619386	1.99621610794614
51163	4.71358074187126	0.402089312986715
25852	5.46488807812737	0.303273032239522
347736	-2.23039263621609	0.864213900685872
22808	1.61284601297729	2.67054585263222
83850	-0.250450607590216	2.31188400912439
80321	5.14837398820726	0.749087588220532
55179	4.08114299462068	0.441500445570069
5291	6.41157439718687	0.549183523960436
103344930	-2.45148616406058	1.87213229087059
668	-0.128921846973798	4.09264661434588
401089	-0.985317815485584	2.87825577984116
56945	5.56043403046809	0.39173932455616
9276	7.88460709037651	0.358624699403527
100507291	0.279937328430077	0.942294860480304
5947	-0.360412947099254	4.0562632406024
349565	-1.11684225909703	2.45565396444468
64084	-2.23846340478114	3.45303761722887
55186	5.95071105334521	0.434232676771499
92370	1.54136694370935	1.40060482668106
253461	6.19280066252403	0.465570111119491
5922	4.63926203596073	0.495803274392326
9616	5.895723623602	0.359492275906909
483	7.22491099991466	0.397532178628983
7029	5.01205942785981	1.13474377374934
256356	5.19207406992986	0.461298205103401
54464	5.66088189342865	0.36884156933588
545	5.82148233102468	0.380893848105697
5357	6.44425111898429	1.23419446035517
7220	2.24300328651884	2.20316524208134
26577	1.0832752921509	2.05977298603844
344838	-3.04191030069418	1.29845017841926
100289361	-0.638818950803054	0.710894348137871
23350	7.48686573958378	0.503504032878248
9435	-0.897517554944318	1.53225581612535
285195	-1.88792018147841	1.82031042780327
205428	3.85903345785524	1.33137262719461
5352	4.38508068024515	3.0007745803375
57088	1.47283633118271	2.61139293133211
57047	-2.03011239199233	1.67655959084417
5359	5.79444715320495	1.90599580548163
1360	-3.60334391965582	1.08263824003952
2992	5.95692946939196	0.476500938728019
6596	6.21542111143845	0.731746446492774
84343	5.6877809883631	0.768296707029853
1356	0.429306632183858	2.69575606554103
116441	1.17711491541464	4.12406628939084
4071	7.70608258500198	1.5564327245284
100874091	-0.136897929412252	1.4656769595135
7104	-1.90089034002336	2.54410201421272
25937	6.80188188200141	1.07495870022218
100128025	-1.11617412183882	0.749264655002346
51122	5.47710707119104	0.487140049568721
389161	-3.56037323958172	1.14521025776142
11342	5.42345901974026	0.607222378092191
5217	7.49454119802328	0.980983648199211
646903	0.0630567639660783	1.18232373763245
653659	1.59166321558443	0.300761290703477
101927992	-2.98889030925251	1.43896155175257
9819	5.89985993705711	0.666341056188937
27230	7.84188209223209	0.720295155244356
83939	6.4353256597791	0.56806771640999
51714	7.0530644224121	0.248945450049805
131831	-2.54893618472153	0.789061024141597
101928085	-0.545234926998496	1.23008971656139
6478	5.436969331543	0.636926269163679
116931	1.45185524991122	2.38534531457577
53836	1.82101690340311	3.97817271742818
285313	-0.869955699548877	3.38598086002117
201651	-1.2554963156079	3.29527935247995
13	-1.92332776285571	2.52237026665711
56670	-2.00338644752804	4.05907270720112
4154	7.19704283224939	0.535225452456232
401093	-0.121457792609788	1.51612859656207
5028	-1.12969971052155	2.89066136214054
5912	6.19075984866953	1.24895661102382
100507524	-2.76624634931108	1.42211267933417
26084	-2.99214559150405	1.43722204506949
170506	5.77581926834566	0.352030712981777
4311	0.103314254012202	2.9824695964195
23007	0.0532903203354624	2.15217569498548
285315	2.25391933646213	0.433027437717982
9197	5.55169996422976	0.792813396933296
8833	7.00253177561053	0.421332481970392
7881	-0.282525043282687	0.954625721206875
6747	8.06667730478267	0.656612831177743
100287227	-0.419065425607899	0.659213119767452
25976	5.75985416574894	1.27538877062063
730091	1.21360777972844	1.59759482567956
647033	2.07299440575755	0.346161864792267
389170	-0.164117454564675	1.44201213971436
339894	-0.725488704494479	1.97865864504286
57018	5.65574228536828	0.311922372590345
79674	1.50277450363942	2.05368929524992
5806	0.535699523487517	2.14764166064315
152078	-0.824206943233329	2.3728665757729
6474	1.49639766357269	2.7195715857233
51319	5.01930291278065	0.460444522491181
100996447	2.47694390523259	0.527640367434757
4291	4.37787567997491	1.17335321265265
85476	6.38322807180512	0.282133422010135
56925	3.59661582814737	3.46003060446751
5918	0.88289229666139	4.56782497508674
64747	4.94737999567961	2.70679249837714
3592	-0.871043972161748	1.58926456640209
401097	-1.39908759030685	1.49244185785024
57560	4.90052599551101	0.515210327167271
10051	8.35366835193132	0.501316442532152
286827	4.54457015956535	0.967304095679524
3840	7.04203740744179	0.478902234061169
80117	0.986271513920909	2.66486501405682
151742	3.83873460532603	1.31432788372471
8706	3.30355802052962	2.0053911114591
51068	6.1474384722126	0.611169660919907
165679	0.230459658304488	3.59325448517801
101243545	2.86785091964901	0.315633196547188
22865	-3.347805688399	1.65295553354602
103695433	-1.50215239989997	3.07428511020395
590	-1.11380001602616	2.78085343598012
79740	-3.66435576379572	1.33267289601825
11235	6.23228656220692	0.572831413251236
5274	2.02705580235773	2.49665600150324
27333	6.04964284634323	0.63007475319293
2122	2.36059826445044	3.84781907132544
7012	-0.386155304085801	1.40357792401288
84517	1.75526969221251	0.875883484141806
55892	4.50033088148087	0.432984465070877
151827	-0.636985807546342	2.29031154035204
344657	-2.37523254244304	1.98616183733256
79782	-2.31963524969004	2.35120094801277
100128164	-2.8110696292423	0.989212091258517
7095	7.72490696825011	0.289017755865513
26996	2.92524343722689	2.16088401432182
80012	5.87624314084446	0.429183290607782
5584	6.94519715912901	0.539187200220809
6498	5.49795618062282	1.41390125446305
5010	1.13446211843421	4.40324325325061
200916	4.67161549178026	0.894714042999785
56648	4.31808218148105	0.925220751748229
23043	3.72154694109962	2.72686884815568
5337	3.60510234681884	1.62084019498373
64778	7.16228305355835	0.836562258726807
8743	2.90318495698947	2.78095591139188
57552	5.62198116207229	1.0428105616749
1894	7.49952491805433	0.498724840115491
22871	-2.94235573008443	1.53593090642875
254827	0.563428087573996	2.16349562983272
79718	7.06034649611958	0.800982552325018
102724550	-2.90985524672065	1.28688831601848
100874330	-3.24896633239861	2.59225707340534
104797538	-3.3153167839425	2.12464995869605
10242	-3.21947830823424	2.3657119990718
64393	4.52195515621374	0.910262318828607
5290	5.58639786988238	0.371009314951129
27094	1.68967393747005	0.700668721795823
51193	5.1554600882207	0.399092686583043
55669	6.16800110225532	0.249678311569389
59345	1.48957071293048	2.93954956606203
86	6.97115522280494	0.37304652598661
57129	5.66502247506366	0.271143189067845
4711	6.44759424474166	0.290112059823046
8975	4.84199455668324	0.653298092423282
51555	-2.41072762967517	1.32929372994505
151613	4.68823405695666	0.449366885489221
339829	-0.406745946058651	0.570113432277082
8087	7.44018673374878	0.438389689906093
131118	5.17099066629441	0.303711025754425
347689	-2.38610045976213	1.45540601549393
6657	1.28482981278755	4.16003865565784
401103	-3.71890134223659	1.07637918664089
23200	6.70761969570939	0.473356145997019
54165	5.77473560990839	0.400154847607496
56922	5.28862972615777	0.519468498660586
27074	3.4290383289249	2.10878446572455
23101	0.453429320541217	0.765176592250016
84002	5.16277685555724	1.86118265916221
100505687	3.1040246666969	0.78819251210766
54800	4.47202613252146	1.11549503505675
55689	5.93861649945588	0.415620875439612
79929	1.4887815532424	1.10695282503849
55486	6.13705354032088	0.25243227633813
10057	5.65076562840458	0.90489090426478
170572	-3.52890592348271	1.34750145202449
8893	5.99158964118568	0.403647575807366
1857	6.97479197455352	0.524970353817646
1173	8.64663463690787	0.318322325442417
55324	6.05255879933206	0.332627260318944
90113	-0.516414069132094	2.5128994844862
10195	5.76002415405667	0.409667010470675
9718	3.63195286717865	0.552088681902261
94032	2.90696603309846	1.45294028397347
5708	8.88441504381184	0.430905374525835
1981	9.91293804286923	0.294288046126726
131408	3.13351102111268	1.47902080914857
1181	3.25819472103565	0.399650229715829
5437	6.01026538263518	0.395346818832974
7066	-2.86708686384349	2.70853202809809
8646	-1.68520159368194	2.759671622539
2049	3.10916251912033	1.35120841084365
64110	5.80181908567303	0.605112095000691
23355	4.69974352044201	0.73584494309456
285382	-2.77711050009723	1.99651755396127
1962	3.12750020436292	1.47836553336438
9175	5.01552720196245	0.542649852724102
90407	4.90624998659939	0.959039367044209
200879	4.69683801541944	2.73758651721045
59343	6.22341445170282	0.497021328465331
10644	6.56643611450573	0.591597532162378
6434	7.55124150207442	0.214331889747566
344887	-0.146226737937235	2.4609186713254
2119	5.09004699374872	1.27390321049593
1608	-0.636782898603646	3.55179228828036
1427	-2.00553620126036	0.783499749216544
55171	4.11306872069396	0.399504030293486
51726	7.14865411383311	0.604395936211764
3273	-2.76504972962978	1.5027417945991
1974	7.97304215195776	0.74708275814918
619567	-2.46755818928002	0.993806141349202
677847	-1.69774316723301	1.15777136719547
6043	-1.61380092341775	0.782338663096813
619568	-2.04856295848001	0.995326831194142
5984	5.37387418444239	0.503927034040155
102724699	-2.66152656074485	1.15411253572657
6480	1.63799453900148	3.06785245244138
116832	3.06215138787614	2.4013462507616
5648	-3.16039688622709	1.33624311371558
64108	0.0610525062445152	2.71352015442021
6750	-3.34083443939309	2.25119997936201
604	4.48121284391163	1.15739159280798
339929	-1.31894400496799	0.744297251866642
4026	6.43666425988865	0.569194499153724
285386	-0.860835907887185	3.54333560772874
8626	0.238145366818046	4.47761183294582
55214	2.87392785028438	3.04045661822173
9076	4.37933937130476	3.7475341637201
10686	-3.04588330201385	1.91428016082412
3556	3.98111418646222	1.90085732174906
152137	5.95091447758554	0.851782776908461
2257	-1.70264007106707	2.29167092892357
151963	3.65919561469598	1.0994869538584
57110	-2.02202275929012	2.28286438317896
84789	-3.42552433399813	1.07549112273628
84239	-3.35211464505772	1.1334630400501
4976	7.25974091020805	0.426269425659075
3280	5.55276320875169	1.57290222512516
100505920	-3.57787537398303	1.11690044585589
100131551	-1.71821264186652	1.7615079417078
131578	-2.77072831190494	1.59685813927259
79572	7.74875179461054	0.549763242652985
401106	0.44441107208656	1.6238621052884
100507297	1.96289275528934	0.873854589206475
93109	3.42856993204802	1.0007488446406
55341	6.04309148389843	0.338625944721362
131583	2.28428816069459	3.01541884787244
152002	4.37038347682625	0.752427755813215
101410543	-2.20486252366479	2.1680601350753
23527	5.93166031698402	0.420607057711343
5504	5.59097871296971	0.43131522031893
347	-1.94882549674779	2.38578583552388
200958	-2.01823929329529	2.52758151721458
4585	-0.977381733068738	3.24569982894992
101929697	-2.45822196936605	1.9729737837109
10188	6.1398014054244	0.875562880015887
255812	3.28021115517716	0.69189831101435
7037	9.16097326185046	0.319880283293777
401109	-3.33854023975862	1.21416428019859
131540	-3.56722456609529	1.04918126774533
200931	-0.534410433114717	0.711836199487607
5130	5.46791998268707	0.581078663109255
255758	2.72382965454154	0.659934504501153
100874214	-1.36833581953958	1.31770545944143
26043	5.89117318963809	0.374173464344796
165918	5.1705414515128	0.481346673552818
348793	3.73642205682498	0.39484881220752
200933	5.54867388851106	0.542821138602507
375387	-0.722997316289102	3.25718476139307
84984	2.39991969317439	1.08798998501149
54965	5.22947709316962	0.826707300780116
5062	7.54984466355796	0.561425048224027
205564	5.4261220594319	0.413032131000449
22916	6.59164981265659	0.557750531533987
152217	4.75151330694445	0.449328362806823
80235	1.30465431340493	1.34466599481148
4241	4.65278163354525	2.24104440650083
100507057	0.567805382484783	1.35689987336897
1739	6.43695440958487	0.542660515115236
100507086	-1.41277503640169	1.49974247178117
622	-2.67771984762001	0.887687369622124
220729	2.84333570816232	0.559806865058589
9711	5.22868986246817	0.511752377263373
84248	6.22539283572471	0.637849919110848
84859	4.74368353822517	0.52745255010187
84223	2.29899119849925	0.879238170042402
6165	9.61939159883538	0.286030041044115
89782	4.0259427015722	1.12412221529853
728262	-2.43458469427705	1.0421164603726
152687	2.08346515890819	2.49334323914731
255403	2.13542859725586	2.57437544637125
642280	-1.30034221011317	1.50222601409397
7700	0.456800200532751	2.73603554957454
79963	2.14552868053398	0.622802824777959
170960	4.47591563518821	0.525238909265927
54872	5.45050845676393	0.351015838502169
5158	-2.25627578408732	2.21277323611719
521	6.97576037015085	0.440473745188178
4636	1.36900588008916	0.68775416378118
84179	1.09135854955504	1.13943741308051
10336	5.93577794217519	0.490113584708407
100129917	0.92572368199983	1.28688065263711
10815	3.74968536857401	1.63700976563149
2580	6.46292297856527	0.456293793477999
84286	3.3443933281686	0.68503679663826
1609	4.21658176453328	0.671389920627551
10861	2.13291853709064	0.989053359847031
3425	2.76684001581713	0.714180391097524
53834	5.27088902196828	1.06371738112307
10417	-1.16639753794341	3.44326565426746
100130872	-2.56153221806045	1.89677398938608
285463	-1.27134679364963	0.946753141751249
1487	6.84750316105108	0.614631023435598
92070	4.17274315427583	0.630496755822513
10296	5.98728737538386	0.429221380903776
101928621	-0.935390165548032	0.85969347411433
57654	3.90735536918371	0.600809637653859
285464	2.49339978277858	0.597873220855042
152877	0.9113691504515	0.963629620899818
7884	6.38939691130466	0.369767847085163
92305	5.46592861422119	0.533300779973969
10460	7.11890897580169	0.502149203853407
2261	1.78847789952928	2.63070886941499
3954	6.3881925364608	0.395653216473621
7468	7.90932888426921	0.523491719057444
677770	-2.2634203295113	0.745275450236193
7469	5.4003408111185	0.48502846571269
401115	4.85448253315136	0.568330944623823
339983	2.40321958126477	2.13583892047478
353497	0.0783491621886772	1.36143577563133
79441	3.59693860500948	0.42747182182465
10608	5.23814968513383	1.00241815592008
57732	2.14691224442033	1.30152824821481
6047	6.62832064304207	0.428459603845623
8603	5.07826507781342	0.23003831914246
79155	5.4858233350452	0.628393228144742
6452	5.0623375839366	0.73278344045934
118	7.59929421499729	0.33965514336555
10227	6.13443655022475	0.626346440495565
317648	2.85917468852867	0.881879067135826
8602	6.29998373531781	0.375755238354523
2868	0.434708935924445	0.780634953595395
3064	6.72621597002452	0.61335556152245
345222	-2.06059940604554	0.61341425985658
6002	3.96929399928142	1.42007899451745
3083	-2.67870782798755	1.44261389274408
285489	2.0381520403289	2.86243570661281
4043	6.59572004643353	0.357672205207171
152	1.84414269403349	3.5181855731455
348926	1.98972972829257	0.862915017416356
85013	3.7081139137638	0.76356993421849
55646	5.65002460954539	0.662513048881998
166793	1.8910367934876	0.357261558284625
27065	-1.18886883701946	1.97334143049591
53407	5.07018484214612	0.554031718929828
100507266	0.0515357246598196	0.822648986862655
4487	1.72294905218564	1.40088753252367
55351	-0.152785719814076	3.59360326259656
10141	-3.59489428313691	1.39788202471894
132884	-3.40736506994212	1.9958194714508
2121	-1.31276967702387	3.31252605895052
1400	-0.971312530955374	3.19868954185821
389197	-3.25994500334782	2.21344317940011
152789	-3.16849413925417	2.61241441622038
7466	5.51858994174336	0.761687726278899
5522	3.37311867581192	2.83763605095174
23324	5.29442630379069	0.38694937020857
93621	8.51648788281266	0.356433774252544
93622	4.08423296915167	0.781911946172658
6286	3.84189246674653	5.22789986601988
114932	5.73294224598002	0.465971198705969
55330	4.45073014159998	0.653866478934988
9778	5.84893082275166	0.47865774584178
57533	5.2423102068253	0.44112083988511
100129931	-2.72275843588967	0.745471165329983
257236	1.18857154549074	1.01802486862814
93624	5.51672079807488	0.440558219264498
80273	6.04228390739222	0.362050601852915
730971	-2.72132170433912	1.21107274913049
57537	0.567235951413676	3.14157234960687
768239	-1.78279147353947	3.38217075212847
84740	3.39824580665933	4.25539213498443
60312	6.24858734926964	1.45889641890128
84448	0.917213918457035	2.04955585359901
54436	2.19164857172885	2.2104427581094
94031	-0.89859215385669	1.89111357795811
8310	3.85786149589774	0.453398316487756
152992	3.35492467823096	0.324851768299558
27201	-3.08752879351163	1.72175312625606
8532	0.517663871518117	2.87112721680178
100287013	-3.26751832967733	0.758533255002805
101928948	-2.93007280589605	1.47260482273037
56606	-0.338718598171063	2.00857872118106
9948	8.42497399137389	0.365363230394195
85460	-2.64103095410507	3.06177143577385
116449	-3.19162872752467	2.53501926028561
9957	3.8782462997189	3.42479124985483
9364	3.93038019966712	0.455344903847122
579	-0.265066020627284	1.09923983087274
285548	-2.77261230612908	1.55644734726138
259282	6.12534095115166	0.530467755605985
201853	-3.31975395591181	1.38097304108758
132864	3.21974697520274	1.00897239407451
57545	2.24102560721014	1.13398317560285
26234	5.16291110825011	0.446462614659616
285550	3.92869009575612	0.60868105453961
683	-1.14475163352509	1.26496169814792
9982	3.11752159646022	4.44756677550018
8842	0.750949863232028	3.31217318841132
202018	4.68623221468255	0.46970864358696
202020	1.06960060717643	0.817574671363349
5860	4.54818475467014	0.836993784211745
51056	6.66041053258659	0.726734502607582
80306	5.35957434600359	0.690522031996841
27146	0.137929953812126	0.85598604472815
54876	5.07654448713012	0.697502094983653
64151	6.09096939704132	0.722967865954863
254251	4.1311674806823	0.463353601542718
9353	-0.83506321212943	3.03548814357999
133015	3.11930812689967	0.696783808994865
80333	0.468636778921778	0.789449421306471
100505912	-2.753673572422	0.946776335155719
166647	5.38561216510725	0.784639562989026
57733	-3.64152270950422	1.20251993871042
10891	-0.0343997355395413	3.14519879020928
1665	7.71989585446775	0.410625298121709
6649	-1.23107416684874	3.15718607129479
91050	2.78678976375124	1.31886419657452
55203	-2.52591123695972	2.86719832695968
51091	3.25230620722238	0.884416445145961
285540	0.138744598696058	0.953425289145431
55300	5.20761382197731	0.42178910987575
29063	3.70328478551383	0.759727723825394
29945	4.4678217902047	0.287898954684978
10568	-3.08857758874589	1.79321047124055
23231	4.86724299698381	3.10590714826624
389203	4.18372299377671	0.535532822435062
3516	5.77888509376138	0.704302841752499
55296	1.22546416104726	0.708213428553117
57620	4.95047130551851	0.467393163582247
5099	3.60824789023667	3.7205358106584
116984	3.69867430759068	3.061411938164
57495	-2.443105690009	1.5078322510921
55286	2.20445634158489	3.76106983570362
768211	3.32681317441703	0.891756811719275
55276	5.33866150805919	0.921329733001149
23216	5.67853492079506	1.01015278195008
79667	-0.918551897759582	0.794422139282991
51274	6.4495449595731	0.936649219359762
81793	-3.36263324631842	1.11828664796595
7096	-0.349732965312117	1.53454477817261
10333	2.88272476046137	1.70492834127993
92689	5.25613555640145	0.722301302396473
80008	1.09713549619949	2.79279549775582
51088	6.33201467606141	0.952087854315385
57728	3.07416280471566	0.876298979022902
5981	6.50632393275113	0.554944669334661
152831	-2.44217798771691	0.970297372205797
6133	8.30606338379375	0.635697829227858
11019	3.45267885010144	0.625236359941282
7358	7.18202006332141	1.00468105790703
100885776	1.10044291471146	0.734183408440504
201895	5.57051518231986	0.977429520470996
3093	7.03349558011543	0.719377342384847
23244	7.6272178693761	0.443233661192156
55728	4.50146067430435	0.761030521623909
399	-2.90208622432073	1.84589943752659
54502	6.52684128853003	1.2812158276757
79730	0.825490551695258	3.3175308421241
323	4.80181038736596	0.761477228693058
7345	-1.12270093226494	2.14629838657759
22998	2.74301407217084	3.26123407171482
55161	6.57717350854581	0.533691730199081
285429	-1.69439023079639	1.04065888188788
10463	6.28435911099949	0.498905893528004
152573	-2.94687410680838	1.25500191252505
10396	0.755973718527734	1.96196933463279
100506827	-2.62242624235155	1.92560172462504
386617	-3.1278631861052	2.18647774858776
60558	5.08429971528343	0.427861217517567
132789	4.2661435129425	0.485051420270654
2555	-2.82537975557739	3.00497206312833
2560	-3.44651936587253	1.15968830057831
54951	4.5736395535956	0.514492760902382
57205	4.47751250474826	0.809617391914586
10699	-1.87265596042404	1.57417047955097
152518	4.43603198469109	0.745296714286693
101927157	-2.58425225474058	1.1124400355307
1259	0.136662292381422	2.9643788028798
152519	3.8379055045318	2.80792631961102
7294	0.660651272358017	2.43887996374396
7006	2.0350042478251	1.28003904722305
57606	6.16646709057502	0.416623491922144
201780	-2.99498772265431	1.88426916726434
285527	6.38265399686364	0.532208402776531
54940	7.08774910577885	0.522116398011973
132299	6.28624003573935	1.69204986171055
23142	5.40829338334931	0.364975510271425
339977	-2.37223145564008	1.15010407306365
6443	3.98441878758575	1.79792820328223
132671	-2.77169027094677	1.63641652690618
64854	4.68846557564211	0.612936544253913
643783	0.443033101273724	0.629156896334086
57291	5.2575252840647	1.03434646805239
100616436	-3.07099907120295	0.915425640205785
677810	-2.1628846289378	1.01625856050181
100288413	0.718841966112987	3.01421048668446
65997	-1.30952023224137	1.83668304929802
152579	3.7541150761393	0.587509540104704
81608	5.88120514854384	0.457782012071848
84708	0.279628096882615	2.89809522745389
100873955	-2.60199677460619	1.66346411617453
26511	3.95264646468985	0.870146193033987
3815	-3.28717736639333	1.08586815773656
3791	-2.2333663283711	1.72019428856863
79644	4.43780413216577	1.05879210443191
55858	6.32228833773313	0.673203609769451
9575	6.29318549963202	0.679786114079529
10874	1.66830802871957	4.46188377028973
55763	5.27118952870716	0.741167494033221
9662	3.69204047354104	0.63715417775329
57482	3.28069395714051	1.91493787629538
132949	3.42280893542344	0.537704587689281
5471	5.79203871262315	0.40358070267439
10606	8.02904087179735	0.6107371732769
6731	7.57741276114748	0.446868387808741
132946	-1.48153744499678	1.88461509131251
84525	-1.73831582122804	2.58353641544061
5978	4.59161848915277	1.5353259867928
84273	4.78532135076003	0.481550759072953
5431	7.31468660118743	0.348406808075322
3490	-2.34135441673289	1.84173176593817
23284	-1.15759178406818	2.89713904710374
2044	-3.25323943548902	1.58705413680417
100144602	-3.65234401084972	1.23156784326345
1060	3.96539967945261	0.468861203988068
55236	6.53853670189089	0.403619801492478
550112	3.07822382241273	0.693007325891105
2798	-2.48037088941373	1.11197091023522
91746	2.00765645496772	1.51992568006364
7364	-3.43742310046394	1.36273659309252
7363	-3.54458333325077	1.80515648679686
6783	-3.48812592707039	1.99708156864445
1447	-3.84360711525451	1.14472052331063
3347	-3.08632199704426	3.04069389634575
3346	-3.43207208222815	2.16683818314883
54959	-3.37213605052373	1.61156255360904
401138	-3.45784450637665	1.96784618102549
10117	-3.24278270188939	1.62421191900434
57050	5.59273421020204	0.293400697415118
22902	4.48606768179916	0.443546173583141
2926	6.89989418096497	0.402273269189261
92597	5.21841121993845	0.580787259141951
1633	5.08221515784933	0.468297719661273
8671	-1.35969270772387	2.22316833600163
2638	-3.90036622207761	0.992800376821141
10886	-2.8393796725574	1.47198735505972
9508	-2.87080584193036	1.79093857085711
285521	3.97121614260287	0.457934054152976
26057	7.37266427420927	0.301653071244328
166824	1.94677369428225	2.7922504971642
3576	3.96156842035497	3.02542419254733
6372	-1.53689939624205	2.12573543288119
2919	3.20885064891651	2.7708007473791
5196	-3.34019144999938	1.39328243846786
5473	-3.16168234721826	2.01714363464881
6374	0.827909884688312	4.56835977073137
2921	1.6471348822694	2.54196082542385
2920	2.45109284682083	2.10440998780346
441024	2.84170358244151	0.77887444041054
255324	-1.97347082519073	3.65221817276142
2069	4.75231768666816	4.37352844326883
374	5.57631808421115	2.48493209686444
685	2.12517658844668	2.08461130051161
25849	2.15791238427632	3.6868700624357
25898	4.44392432803388	0.541448424839083
152815	3.37029247083394	0.398192019735253
152816	-2.551631810432	2.61562723875916
8999	-0.258938942982262	2.45282267171213
9908	7.61057508371959	0.543758804056755
8615	7.09243837165003	0.38541647547166
27163	4.00795018046251	0.97348356534276
55153	5.75039049102751	0.42886606969158
3627	-2.25056887568794	1.67592312136889
6373	-2.03472930700245	1.61631192391627
53371	5.31506496500984	0.501750982196424
950	7.38696572989658	0.487385538670164
100129583	-2.02354560875439	0.756798616154211
8987	1.75625462981941	0.53168825177794
57619	6.07062091103817	1.33435719515969
345079	1.95131720963365	2.21827481788547
55752	7.33222295311218	0.687667996532744
10983	7.92980419595901	0.438398255011878
901	5.29241092436021	0.902694344424124
246175	4.92601822243528	0.278800102051202
65008	4.63864921544893	0.648285771047764
80144	2.97024329796139	3.5412044509235
306	4.27358130206884	3.92820285643511
100505702	-2.70170728811692	1.90209705785134
55589	4.82646971170838	0.445678920954334
152559	4.17629464407469	0.76173554732275
100505875	-2.52838323316889	1.47541721493412
118429	5.67136689457164	1.77853074124613
56978	3.52301767380116	2.25673410778282
2250	-2.34682551637327	1.74813505294088
255119	-2.89643763536748	2.21056189542897
651	-3.03529485777521	1.60924566323922
5593	-0.0219915143526842	2.26447565985133
101928942	-3.02121824433763	1.45667793314695
153020	-0.87316404681935	3.32648478584288
3184	8.52190560211375	0.572282479470943
9987	7.86373431061225	0.41942491152144
58478	5.9590412823948	0.64454390733969
441027	-2.19617534910328	1.82127303587573
79966	2.31078392119755	2.60057087653995
22872	6.98590706737007	0.409032099911414
100499177	3.89375574652682	0.582669637832176
79725	1.88271205909878	0.428507700166514
132660	4.93057791868404	0.637494426761644
51138	5.13731587420938	0.499231587040432
51316	4.34972367881019	2.52340067560755
27235	4.77601929178772	0.592343527799014
10855	3.3511314952375	1.24059878272012
113510	3.21103288261362	0.248514469730723
51023	4.73104789341386	0.384767143613292
84142	3.14871543038357	1.03053788765232
84803	5.29884198989864	1.23600994951329
4825	-0.606293589885761	2.10354892164634
1040	4.79396990612467	2.67266478019917
23001	6.05589217699271	0.375409294498128
404201	0.337694988797466	0.951758704803812
83478	-0.147131349425169	3.57123452734095
5602	-2.01024104367715	1.38391419917481
5783	2.87830245551061	3.67558574667781
132989	-0.0363784448843524	1.4900546448588
100506746	0.827831882771373	0.477713156626368
4299	5.74852296941149	0.476172755455312
57563	4.37509052153101	0.565976145734882
51170	5.87502203096266	0.56717632138225
53343	5.12920734808077	0.360608431784141
8404	-2.3983586914056	1.56472528322066
6696	0.22309089343274	2.68754244918842
5311	3.96704427787819	2.23863804568738
9429	2.25108631692107	3.19910872467479
152926	3.430397575897	0.998370810121665
55008	4.13655313589418	3.1585041149499
51191	3.93425895394178	2.87047202983775
8916	3.45406717165804	1.51140867389714
266812	1.06207546143035	2.96051081493874
10144	4.49003252380208	1.01584546623198
166815	3.20516626740574	1.13545557490703
285513	-0.546977797844745	3.63397702646606
6622	-0.476825278397007	3.4610117364558
401145	0.368263815247369	2.88226149898059
56916	5.62704846706094	0.45786557459068
10611	6.33501769030931	1.14372593680956
658	0.920837025674586	2.3660024196252
8633	-1.79598735820078	2.06940106189773
5910	5.32382955104216	0.450950632870334
10098	2.65442713458382	3.23374254101141
1977	6.26966869458928	0.529026662207223
23173	6.19702231953267	0.602179784349978
128	6.33869893829418	0.951251816160702
100507053	-2.00985750736236	0.742351746259462
126	-1.38987238995232	4.11391356887069
93587	2.87001296085113	0.823671087947404
27071	0.26001153206481	3.73190414940092
8649	4.44664324815093	0.518663567429488
79982	5.66895326827403	0.458210629325007
3015	8.85791159118958	0.628214490675082
256880	-2.74409250613133	0.829577187614036
115265	-1.83285879274149	2.96846145044582
51705	-3.27897770213804	2.47052134181812
5530	6.8248481304056	1.44140565420897
90024	1.85021200311228	1.563128463763
55024	1.33706535918185	2.28345986853313
64116	4.94924945418592	2.0668397051243
105377621	-0.0802872694357476	0.847092313740885
4790	6.08809825965882	0.450299512249343
4126	5.12853605627101	0.771773399156121
7323	8.24117433330469	0.426365204766973
493856	5.63092379181374	0.49909083083213
150159	-1.6579793426878	0.814551722314052
133308	3.97167993281714	1.20143099299443
56898	2.36837140346402	1.50494770445474
1062	6.14191882722015	0.535698314505269
80319	0.0106604314628614	2.76429244439713
54790	4.941966212365	0.559915503748474
27068	5.78088692573469	0.45635367862037
54848	-1.43548374522743	2.79084165627894
57117	4.18542781313309	0.416595769318905
79807	4.65611601699499	0.745771148067789
255743	-0.941247552022108	2.57151609179089
93627	3.53961983067674	0.455306297186484
9255	5.94943183185217	0.39411018479265
27123	-3.37666517213245	1.27538954544201
9061	5.56353111054495	0.684630087320028
166929	4.82210822523082	1.57911364871548
113612	1.36545260155166	2.36561768195056
3033	5.07955139716	0.850791642911392
51176	-2.19061767739319	1.63951315933218
285456	-2.17188632511952	0.917416365069039
6164	8.3049238174345	0.489536903548378
58505	6.38391489070077	0.522927140639066
64850	-3.38799612235599	1.28817843878102
100533182	-1.09663196113786	0.647023383280725
10427	5.02274717301215	0.671467399118409
55013	4.52344048541793	0.527040945490876
839	4.47433534961577	0.616552750760529
81579	4.46484002268735	0.624532177123046
3426	-0.599179477674537	3.35284392187591
54433	5.64002310869548	0.563832998668304
1950	-1.48471336331829	1.57326857548982
79071	4.67014202369074	1.70614349685969
2028	-2.14163781969566	1.92956842171819
5308	-1.94593628480299	2.3890585296284
105377368	-3.35831889000497	1.43722059599465
132720	3.76292560576981	1.7889133662725
55435	5.5621288509515	0.895773531101447
92610	3.78492632128508	0.986479688156891
80216	2.57337953584832	2.61936533603606
63973	-3.04612520476242	1.3301153276609
55345	3.52823238836941	0.87484790651858
51574	5.59202705992106	0.627691031879069
287	1.41998408704223	2.48925931355581
817	5.31125506301147	1.04927423372757
79642	3.99471701190229	2.42248841931719
7368	3.03790682400185	2.40636796422403
64579	-2.95338545681994	2.553242960581
133022	-0.715106951227775	2.1430870569193
9348	-3.09768003856516	1.22363618707979
100093630	5.14855756705844	0.881572482494453
677809	-2.74160822520851	0.997278376264527
8492	2.23773363946724	3.4733617259028
729218	2.29165942878451	1.94341147065977
57721	4.41380033286796	0.461376983606251
9871	5.84589254719987	0.943752059214642
171024	-1.00324646828644	1.24502434231447
54532	4.65413696359683	1.09652285952899
401152	5.9046020961065	0.454344414599146
401149	1.46666957745728	0.653150803001858
645513	1.54217668618571	0.467540418666678
8654	2.97873696472095	2.37572345083091
4085	5.93595407081518	0.45373218496424
11107	1.48711062570427	1.86238070317516
79625	-2.98317911308808	1.62824572008495
308	7.60913028800446	0.636666647737602
5393	4.45859339769381	0.525951139513474
890	6.55713822059849	0.719866799069624
55212	3.95340527994581	0.421017003709353
84162	5.94055571955365	0.566125822175044
166379	1.65756042853459	1.04859312768853
729338	-1.15201270382304	1.01631849991689
2247	0.829463056886867	3.68806504117583
11162	1.27961803445081	0.919890377612908
166378	4.02261358018124	0.711070846112531
10252	3.52463259927017	1.62315341890799
285419	-2.26811445294996	2.32904609260544
101927087	-3.14100707604095	1.95187911478563
57182	6.42239411700242	1.3248702359448
79633	2.0321559766818	2.36145482431519
27152	0.998776769973651	1.41089868216246
22824	4.98570941164263	0.563520674817003
10733	5.03494583748372	0.651947421176181
256471	4.26027295523867	0.425862748549613
80167	3.44395209918868	0.474871997345147
55132	5.05495088538761	0.763123806974385
10424	6.20436736588501	0.578120929822476
100507487	-1.35551830695279	0.657590918819955
79960	4.95818066403473	0.57593223197161
132320	4.08259387151467	0.602368976985957
132321	3.41573691000564	0.744915146261309
101927282	-3.77154245372741	1.23771308712864
54510	-2.06417318679037	3.17992194473923
641364	-2.11564473151863	1.60816487912018
23657	6.26810502143288	1.60643991542769
25819	3.83799791730583	1.32206760279332
1998	4.5209123294973	0.578788618055352
84709	-2.50105203420733	1.14960738378997
4717	5.44321668186073	0.396565969373049
80155	6.73546628297444	0.504362812091461
83452	3.41803907436034	0.481471747858165
80854	6.32872592648096	0.806260120887778
4258	4.50434959068756	1.16180144285748
55534	2.23318019962512	2.20759604896114
60592	5.64517787847215	0.834622160930715
100129858	-1.75376021584572	1.22867408281879
1047	2.18370469344171	2.00551962577235
255520	4.78719655292363	0.572389438121017
23158	4.72534153166782	1.07644599605405
57484	-2.28705521066855	1.98364051872186
27309	4.67767480267725	0.52358468181741
100507639	1.92622206583575	3.16338949963382
3600	1.05060519601098	1.68990601853326
8821	5.2937688289623	1.38592650286618
105377623	-2.59080578497425	0.714253690433029
84640	4.62567799489687	0.681520544136877
2549	3.40558740932445	1.32989802499821
8467	7.41384813301423	0.408951088092742
441046	0.122637392245341	2.3433550541811
10393	3.35002771067941	0.427808865859059
6059	7.29801752379621	0.456046387493205
54726	6.54774261227236	0.362536167506384
4086	4.49992390647305	0.622956315579419
166785	2.8602979026992	0.850141731453032
152485	4.38178621434668	1.14079465706732
11157	4.33246552308517	0.715786091741977
84068	3.44047934573772	0.926502282785255
1909	-2.95873359804527	1.73296478229545
55751	5.03029474354995	0.416994253651453
90826	3.20384960347206	0.269003683905573
79658	3.85999203155407	0.936249918250943
4306	0.313356971961731	2.23553337494798
166614	-1.50864535237813	2.96220919615296
987	6.84077405703212	0.488049204721894
6189	9.74818625742956	0.461719200028719
152503	5.59348545738804	0.820390336222017
729830	3.34717072086762	2.10503222953206
5188	3.96496301165169	0.586809206483653
100996286	-3.48284152707082	1.16986342561449
55294	4.55989502828635	0.584488688439395
54553	1.03131126004398	1.09121426077865
201799	2.5269986294131	3.18748988351689
201798	-0.719747036257245	0.791801322684324
27236	5.33181809322865	0.593085963343446
85462	2.33247133767584	2.20177483443639
23321	4.84355049279857	1.5455246749472
303	-2.45839266324551	0.828219511800317
84057	3.00797091539719	0.701732531820226
23240	3.4135301710132	1.54015230674326
7097	-1.51881051241304	3.12529221316152
54798	-3.24400942208192	1.66710987495898
5356	5.87060105393819	0.463565508499005
2244	-3.12260997370929	2.20174411147441
2243	-3.82913676731419	1.07716339252319
9227	-0.903843122351973	2.53866636773349
79884	1.46310571088327	4.1376061539298
2982	0.216014458744474	2.71544907623232
2983	0.274332794258113	2.38517747631696
56034	4.80176771716835	1.5838898676304
2743	1.93656145890139	2.28808908969006
51313	2.72789428850899	1.86429693662308
55314	4.220224204849	0.728713764272164
201725	4.16332269231145	0.837266741828809
2110	5.04069864896612	0.51929785466381
5481	5.65004074042717	0.525833381087048
57600	4.9983884273222	0.815971935972592
9693	5.71812431918444	0.813137446966359
56884	-1.07606802741466	3.17433032014653
92345	4.89200069991919	0.543331448175146
4886	-2.75282962440298	1.5066021344073
55319	4.43989859934785	1.00648200236115
55016	-0.41005050985164	0.897629018226882
23520	2.29598153149195	0.586502080468416
100505989	-3.18084638812878	1.58303599528496
152756	-3.28642992176622	1.61149777117632
201931	5.17437502806459	0.978955186210885
11275	4.62750208311102	1.15440176434488
6307	7.1115036848993	1.45518184812763
1363	2.49189428631592	4.04808785071525
101928131	-3.5239527666868	1.90758011917804
7092	-3.02187231405451	1.27083468029199
50859	-0.624135697358858	3.07353918906186
11199	0.391193165167372	4.32198338693546
55601	5.60856059640307	2.83782007236562
91351	5.52701994309936	1.75714608096431
23022	5.50881964428337	1.7793769668177
84869	4.37835962045769	0.455641122372033
57630	5.19399586897874	1.8642853782272
4750	4.17690926485111	0.757503033891101
1182	6.77132723601911	0.599507903849142
54969	4.30098866447535	0.901609495426651
9848	1.07327658337377	2.67643211285181
51166	1.64176848779725	1.94218576263393
101928223	-2.9764117951787	2.17841417240706
51809	7.0811557996004	1.23715424627503
3148	7.29056849692261	0.993948428965772
8819	3.52988330619466	0.48291086780578
26269	3.86368374504067	1.02653334588421
80817	3.95876522559453	0.752406320660599
3248	2.58095867428288	3.92495836776135
8001	-2.273503662937	2.87701363313544
11086	-3.63132422147772	0.977781973111123
2823	-0.594455097305089	1.6517210558185
116966	1.9959729239644	2.36458403412512
140458	-3.17872437280526	1.99890908284346
60559	7.88463741611547	0.7253156236241
7424	0.615806644271662	4.03645044312356
55247	3.99467530194522	1.31703766054697
175	3.87271975748965	1.10852438758717
285500	-1.56836907887185	1.96861416145564
90768	-2.37972881621913	2.28778273069238
55714	0.673427390308266	2.92699397107696
1635	6.62762757671763	0.696831151508586
152641	-0.970527727247204	1.44085879015674
80014	6.02120596474516	0.961835121444492
101928734	-3.69288440253186	1.43625042011701
55602	4.63108387616719	0.476936022919683
389247	-0.406062925763884	0.964523195797906
3622	3.80492327522489	0.618824103781606
201965	4.5974494946609	0.5624767956996
60684	5.48069470262397	0.535868006875442
56977	1.92675461073182	2.12918951441073
728175	-2.73338287588448	0.851954806258355
3660	4.82127090288359	0.744327429279378
836	5.59161148444527	0.449991392429564
201973	3.62557071725548	0.597742024175905
79682	5.41973983088448	1.14610452554521
2180	5.91994860736533	0.872823777357931
291	4.67202752258726	0.657380714950727
57587	5.814386753832	0.884260650088441
83891	3.82043527841751	0.947108209617684
55805	-0.0680852954958906	1.05006786677963
353322	0.0166569131834086	1.02966152957211
55325	4.16700627224401	0.373110714171276
441054	-1.58492476629661	0.64734573960041
256309	-0.429403145030582	1.92213137683843
27295	-1.35035439477942	2.5458380372883
8470	3.21350803173605	1.87030864677911
7098	1.87901022203844	2.96051908138569
105377594	-2.46510254469011	1.92648676349145
25854	-1.12586137850973	2.19418138750413
651430	-2.71664248220693	1.06199273744489
285440	2.09794047829399	1.39970418200222
285441	-3.73986146496839	1.43152518344338
4543	-2.46169407308665	1.21629740603478
2195	7.98293647546425	1.04484201072317
339975	-3.50559662846857	2.06834365400922
205860	-1.92860774352243	2.41498625549888
2483	-0.810106323054317	1.95193832357955
105374752	-3.2734195564708	1.18623697098969
153478	2.19559448494304	2.86388395234337
389257	-2.60050391486076	1.74607369825539
133957	4.89695262046076	0.36969333093333
6389	7.99634357810892	0.584577907891135
102467073	-1.93044475849115	1.01554681772153
10016	6.56211750475407	0.540281967736312
57491	2.07281149016852	1.58417185866154
116349	2.38078336933018	0.781226467696625
11336	6.2749039792363	0.529504957037211
6550	3.18664004744003	0.60628471886787
100288152	1.60324093127131	1.09407019016023
55722	3.90872641696593	0.882340267084113
11076	2.10673365278095	1.0917989011714
101929895	2.88954673699523	0.558753299885631
653082	-0.642214466879519	1.74290071171117
79844	2.02078682817621	1.27942287312875
65980	5.68462000427236	0.507352524525008
9319	6.38900439139396	0.74625373152441
85409	-2.77621813432087	1.62552394467165
10723	4.51902895819556	0.936428645714394
101928793	-2.35161699415844	1.15302956762929
7015	0.244891038363473	2.0578902096396
81037	6.06061182887534	0.607123319478659
79888	2.96480571247278	0.773155915650837
728609	1.28360362444261	0.926827996079794
728613	2.6467596797054	0.734564648315709
64979	5.4511563601495	0.408548799561671
4726	7.63706883848219	0.423896823762467
50805	-3.35669299433517	1.32645782547329
170690	0.418280269960621	2.00590410989469
23379	6.74617998262056	0.487985559107875
84246	6.01970311709714	0.711427941430404
134111	-2.83710061453598	2.36846840889783
255167	-2.94624452441019	2.00433798084443
54888	8.04368278686656	0.65345674105797
6715	5.34580578980335	0.772639160448437
11044	5.7334568693842	0.574415173773798
108	-3.16420141645744	2.45720046569338
134121	-3.15368047475701	1.18987810763722
4552	5.79515102822687	0.348526365492107
79072	3.83502382234551	0.521141903462723
100505738	2.82116050814847	1.07269547905531
9037	-1.43157461366041	3.2903163749302
100505806	-2.88943045967567	3.0490863913477
134145	4.51194963113269	0.858432680098577
22948	9.51303831704675	0.525359136235104
134147	5.10936812847138	1.95784161266203
10299	7.77570719969133	0.397304392949222
83853	-1.69021546450223	1.43428003028045
651746	2.82420740726622	2.45573563693541
1611	7.56296474542268	0.671047345400086
1767	2.93026550879911	1.09340483643726
7204	7.63805611673692	0.567828136026845
54491	2.5828570706961	2.02306338319462
90268	5.72425800884863	0.643571242080729
56172	4.58138629696641	1.46377550309524
100130744	1.76541449081479	0.782851921936279
90441	6.02775708496206	0.688867429208417
54463	1.07986128655977	3.4666057110687
101929524	-2.70798293611444	1.77072067487356
4651	7.26866563956545	1.18409263137185
285696	-3.50750679055382	1.46451234846932
10409	2.25482893766693	4.61740377124284
1016	-1.73918420016292	3.20262272422159
728411	2.85573411095475	0.522216673216873
100506217	-2.87688681511315	0.950841672104338
1010	-1.34712018406069	3.1185235562757
1008	-2.34984030974195	1.98519618920544
105374693	-3.38645758549543	1.25717563810805
643401	-3.15021547381325	1.56694420815731
105374700	-3.2669195961163	2.33396824823549
1004	0.208021841762716	4.0550423104026
29102	6.89539991793554	0.477916168297821
55322	5.88056630318335	0.534144302794131
23037	0.31355736231512	2.79456562775657
64083	7.48342381921866	0.578153397087732
54545	6.08512632817534	0.486449119227284
51663	7.09600734291496	0.382146644477569
10923	7.43380127197977	0.653028805367229
4883	-1.34695647280353	1.27442739742698
6897	8.39028489500226	0.667997421849554
81792	-1.43919119377499	2.99467522232446
23600	2.50683419769225	0.944207639417174
114899	-1.75812781779939	1.63908797408585
26064	5.60220604836306	1.4305063405151
153657	-1.44130849752193	0.687108180005285
5810	5.57348101912111	0.764520423835912
55299	6.50226891316017	0.667703996732047
134218	6.51743600309089	0.513064270830906
5618	-2.17722814435442	2.3973274769811
79925	-1.44023674526952	2.98366752434874
3575	0.362359486459842	3.31446790343391
133690	-3.39435579306096	1.60696148380023
92255	5.22659362917078	0.734875275345454
6502	6.16835208909208	0.692128839204682
133686	5.3784452199727	0.871725422793392
202151	-2.34861175411709	1.54024617636743
6507	1.19909161103801	4.88293869661922
646719	3.54657211499065	0.991204115766519
25836	7.22290988329514	0.583385042362735
65250	5.14210023705014	0.882665216607772
9631	6.47193540441816	0.51567698591795
55100	5.09637327731931	0.521783895850367
133584	-2.868895452863	2.27536238635115
3977	4.36470252628059	3.02607649150425
100506495	-1.21774085276982	2.02963241463204
101929768	-0.666022533600696	1.5091885307664
9180	6.05318580935857	3.29744091592244
253260	6.0554690591358	0.644616132744835
2533	-0.475842260528246	4.26437869745113
735	-3.72928090618248	1.35493954435637
1601	1.48183789878854	2.30904020854929
5734	3.69945497164531	2.17192770400572
23548	4.3476628826052	0.602960687296098
5562	6.9255029828638	0.699488529878024
100506548	4.58615992450105	0.856294179819215
6167	10.4610909303398	0.632022733889963
84674	2.92190165613992	2.50889367830931
730	-3.20432667322086	1.60643568834894
345557	0.85483549627829	3.25877045392746
5019	5.31743967292138	1.03329583172436
285636	5.79830756012928	0.369050219037727
26272	2.70009683538427	1.19435627053966
2690	-2.33909684643638	1.50385885514098
100129792	-1.83748963712109	2.63049132329249
6414	-0.0523059753539585	2.21836600713141
643977	2.67308612822207	3.07331502703953
648987	2.92958583505503	1.55541524877938
389289	0.696839560783616	0.805085998307947
153684	1.64351258913695	0.633918594213507
100132356	0.596755003031711	0.899966900163523
100506639	1.04981286808992	0.432182539760825
7690	5.79892694730138	0.36259605346423
167359	-1.16930919773899	0.932461748020259
3157	7.85336483243544	1.304535988656
56477	2.30743120908759	2.35507263502001
64417	4.2067382430294	0.679457888682173
375444	3.87243025393485	0.587054819119317
10605	7.2640837837307	0.430482804515577
100652772	2.63147267696986	3.43605025379269
23530	5.11034182453051	3.89549667775177
100506674	0.568497846265618	2.69030535849485
10884	6.11528032116668	0.679795299440551
348980	-1.87156769858894	3.37282268539662
133418	4.58784124684254	3.01057202341291
79668	3.84972601624031	2.51257604622263
642366	-1.85834406032002	1.93420718257018
3670	0.235280412969905	2.83467419996157
53918	4.98773201204991	0.528260330399026
3672	2.05088523069971	2.12000210630513
3673	6.13831421469042	3.1866744336255
4338	5.21112378969099	0.352452629350148
257396	1.65536235810687	0.795257307268272
10468	1.94685162101359	3.42944133296907
4724	5.34218401085639	0.320194889178577
54622	2.7784734792573	0.957411912913747
112574	4.26787249117935	0.695885168643844
493869	3.73906641934752	2.97609935944316
345643	0.872354823333229	1.23604487803729
10309	2.20819833941237	1.41272727972927
54505	5.88575905656043	0.431412010247844
23517	6.68305657001757	0.457080539358855
8611	4.13204049945123	1.43371256005608
379013	-2.91651421494861	1.08428628504309
153129	4.31396940290221	0.411261524356896
133396	-1.71164412300535	1.95626205522088
3572	5.69220168601186	0.789540996781727
441072	-1.90365465136335	0.796610516510013
101928419	-3.33813214525093	1.29991601703618
102467147	-3.07194440750831	1.32357495574695
4214	4.33566624564259	1.13728668049466
133383	2.30954067385264	1.12597430183658
166968	5.06059854295438	0.622107966822394
65056	6.48131939894232	0.357562342151432
101928505	-1.04776649525643	2.41909333660481
101928539	-2.79080081192004	1.78723050868717
101928569	-2.96022081892516	2.20482958667224
10769	7.78622956635524	1.09466100495455
115827	-1.43460928388867	2.97668514084444
5144	2.55071754444011	3.28788737220287
25859	-3.11493763465227	1.47785658517243
55789	5.17344848648675	0.734947109853606
79993	3.17559444867748	2.07065344238871
1161	3.04821785012032	0.52267880625943
91942	5.05684072842839	0.570876803542102
643155	6.17765773431928	0.399380684423216
57688	4.02199172800773	0.47532136001527
3796	6.1326264645227	0.449590475011122
27292	5.4658556331755	0.381344348398994
51194	4.29711538878956	0.566512260022911
100130733	-2.24255335789864	0.781911736331886
285671	-2.52693417874738	2.09463131494614
401190	-3.66715006035127	1.40553527204589
285672	5.21996916746837	0.330224574618292
10283	5.34641195054737	0.37237293889141
11174	0.00773826010783402	1.38368365191039
64105	4.93825384994502	0.582109722097091
23398	4.94011300142008	0.44112364879986
373	4.05872176895293	0.486715216214744
80006	4.81297578825233	0.33773356862259
54557	3.7520324055275	0.385627935884353
57486	6.10113132951561	0.685167978837405
55914	7.04854016443325	0.647291676787713
140890	6.2423887391593	0.212261039558847
101928741	-1.56907197309306	2.19316526804458
375449	3.60365488804468	2.37615809793765
101928794	-1.31104111949243	1.71641221899191
5295	4.30355825977382	1.00650748258807
101928885	-3.12415097754479	1.14844073303345
64924	6.09333297253667	0.409157116879053
891	7.83523904356498	0.637412361593927
64946	4.79866580603634	0.809678333149954
92259	4.7167684965488	0.277922641432668
1022	0.00514557119526512	0.530244927250738
202243	0.26158203530187	1.13302816365153
5884	1.54253728214474	1.89948590569607
153562	-0.227995705953003	1.83765611135546
100506658	1.37526526602714	1.41205847867656
728340	-1.27900145941299	1.40339765494059
100272216	-3.83927819376872	0.975791427617668
653188	-2.85817473584288	1.50798621220034
6607	-1.79574387873649	1.70768797902498
11039	-2.34712503830521	0.884141583617654
653238	-1.20407931314354	2.57758697048078
11042	-1.74929796032716	1.40005154569424
8293	-3.21305176403727	1.32670717381543
6606	-2.66605099920955	1.92052378462442
2966	-1.30544030104881	2.63323326064923
100049076	-1.08691449067738	1.06401147332171
64087	6.78507810266824	0.478602777657518
4131	4.35238744016013	2.88315366899624
23107	6.3794144835869	0.608364986061181
79810	3.31179972935404	0.785513855731723
3842	8.18217174107471	0.390333976288765
115548	5.0465061177798	0.3777076130385
134285	0.0837454621367356	1.44047621892853
2297	3.20562409474097	2.90254197948311
689	8.76199560743138	0.414774218391954
57763	3.47830692680999	0.642959020443107
84135	4.71983956789962	0.444671779075713
64283	4.55919424461604	1.77187597942538
8507	6.11162651122212	1.23984504480621
3074	7.1259033694148	0.814950308006974
84340	5.52115579456357	0.518896257755296
10412	6.20350823107682	0.464611737162141
26049	4.56239673682228	0.770159748620114
51301	0.399724347176781	1.65380814177778
104326191	-1.80814772852654	1.48208300841985
256006	-1.04227536306658	1.34503797423014
3156	7.35700762551043	0.721569061027859
10087	5.73713972644362	0.423489234539513
51426	4.71751011730769	0.356092076831637
728780	-2.30118079585279	1.14567706211476
134359	3.46153537906684	0.438707013852569
22987	-3.33149364189968	1.4313870500448
10788	0.909810468765381	3.36555632139084
2151	-1.51251751969323	3.07284894768566
2149	3.30554088605696	3.0368835436059
2150	5.68819162866309	1.08997278448517
170591	-3.55952372189819	1.28341233624144
55109	5.54555601801109	0.533356368198881
84327	1.98244299605235	1.25101506848441
728723	-0.451411807878635	1.30691227082639
8622	0.772426569654715	1.7230138944325
55255	4.96830987674845	0.71638247852338
6902	7.19785952355721	0.475348632461871
105379045	0.239462600298673	0.825027770223481
8546	6.45753733026246	0.408487334365598
728769	2.2608313612165	0.688360769826281
9522	5.18675176138373	1.01780652898527
10184	5.2802748250641	0.779142377635921
411	4.19247187114016	0.624364733294782
29958	-3.12108808162378	1.04799789051117
635	-3.29631414602513	1.05255388688829
133746	4.49797854368352	0.854522238733933
9456	3.343093866591	0.566795256218224
105379046	0.784119834945673	0.503390242390135
167153	5.31124279969351	0.355785133869392
202333	-0.313952814014794	0.613779364091437
345778	4.662021227431	0.665633163186048
7060	-0.853432860161237	1.77493137635809
256987	5.63434590472705	2.56032137650276
441089	-0.647663090651865	0.47613171824696
9765	5.86328542431829	0.735599378788761
167555	0.842362581769392	1.24801963339561
340120	-2.09415039644587	1.96434397828463
1719	6.33929992691449	0.710833282698147
100462981	-0.54514627214896	0.827412058362711
4437	4.45124928781411	0.592170613185904
5924	0.526772997604612	2.12380368002794
1160	-1.40833949706571	0.567778542707017
100131067	2.24496793804121	0.779310771980209
84240	4.71775455084564	0.594089605027699
134526	-3.74973254180458	1.40216801454397
23635	2.8179015016746	1.19596041597519
83734	3.18005644763606	0.666262441105393
6228	9.59880261976922	0.448795061351926
92270	1.17585231128035	0.814361413778878
153339	7.05179243017797	0.36968800908751
7518	4.03086282906836	0.653315899461078
1462	1.55716243659637	3.75369934414486
105379054	-3.58780850396141	1.50097386363814
10085	-1.82140288749122	2.71626972571486
1350	8.33875946343093	0.385254230631006
5921	6.49310890701648	0.859122372007353
902	5.16059791004609	0.33959176058238
153396	4.45672553305834	0.397697025582547
100505894	1.94371257207477	0.823357128441996
645323	-2.73076722995301	1.40534964557609
4208	1.67429041283816	2.40980145834578
101929423	-3.48396559166228	1.12343562988639
1070	4.31307347296948	0.497490623574301
731157	-2.04827619359129	0.825816793885364
153364	2.68148356215385	0.953989483225211
10622	3.98151881650571	1.2986040197463
116068	5.36730230462903	0.392652545418271
84059	-2.60654044154154	1.5223657764987
100505994	0.741912944970266	2.08267682855906
57561	5.14731455284333	0.551186193750519
100129716	0.329676335621584	0.626178760982796
441094	2.58644528816891	1.81740071297832
7025	4.6510970442191	2.05024876127842
83989	4.38305792701878	0.645386680463542
285600	0.056301128147295	0.908390783027969
84250	4.26265338905796	0.582483299618256
79772	3.44628291690889	2.1323320865417
153643	-3.41970887649826	1.36943161433421
9652	6.30846600216936	0.483957803155447
153642	3.35697565191065	1.02540228299936
285601	-2.68442308510562	1.65822280076326
317671	-0.544023299492705	0.82749131797048
22836	5.77903227082738	1.43634482344706
2745	3.27936585354305	1.30939968402639
22936	5.79306386159448	1.416537285529
5122	-2.32939447847908	3.92393638271573
831	8.08181533488789	0.62125288028136
51752	6.11373265463471	0.855378339768661
64167	3.00342131240755	2.45520080536915
4012	5.09491527035175	0.327394443981303
55781	4.30376760641159	0.90646644882684
285704	4.60639539200681	0.522458390490223
503569	-1.19434929131139	0.831946187788211
1105	6.23780981021004	0.39271443762845
100289230	0.0371668551166586	0.91781463524289
345757	3.70803892449289	0.911236680633775
7903	-1.5189259765336	2.72596432980238
353189	-2.85189476434579	2.41903756034234
5066	6.4765698270545	1.33914701375948
54826	2.47648834655097	0.371098563765567
23262	5.71275279149811	0.527898557619479
90355	3.88938120717699	0.602993984903129
83594	3.94153028264033	0.711228356588533
1946	4.43834529868045	0.751822737495671
64839	4.85384436218386	0.397437372905075
100652853	-0.23913569551159	1.82012141164665
2241	2.53360794672863	2.06514097538779
9867	6.26264402416161	0.623874916200936
4124	6.51518400302457	0.568384303957164
642987	-2.40900043044165	1.2206622433556
91137	5.67788187195535	0.363766388089346
85480	-3.17976415773816	2.1499690058214
134430	5.69451504094773	0.486008447050225
814	-2.3076137200513	2.5533161417445
134429	3.93943284182236	2.69283904250474
100505678	-2.38671912098525	1.16308994830149
9315	0.0897795646828722	2.73729703256622
64097	2.70431017974393	1.88641647982569
114915	4.02977500165938	0.530374750290136
54508	-1.72632641293995	2.44315410266738
324	5.50915143610752	0.520221389401803
6728	5.397462164879	0.308677458818782
7905	7.16782077890705	0.289458035857965
167227	5.78919836224111	0.631235130350528
4163	2.66976453048096	2.54136272380087
64848	5.13309322707515	0.523406003328738
3781	-3.49659508641	1.00482802709958
55521	1.18691563921063	1.66191337251992
5229	4.86369905425272	0.363411749245217
153733	3.18230804245596	0.766568119675926
56929	4.77123323677777	0.61151250581169
101927100	-1.47519590761097	0.662172762915256
51014	6.58981806752964	0.331324979717283
9140	5.62389441966994	0.255071784218285
1176	6.19401614471116	0.450925128579948
206338	-2.17382296569933	0.628720117187022
644100	-0.964947206364657	2.3753148620975
51397	4.56597874419336	0.396506790146924
57556	0.0319332956501064	1.43112627375033
728342	-2.85808565210915	1.44019258676323
285605	3.47844186425801	0.576476699793037
100422885	2.48805390116195	0.539190498908014
1657	5.31849816499722	0.35369262737392
25816	3.2497105137363	1.50573816486923
3295	6.91244136988761	0.496862745023518
51334	-2.47243272899446	1.72318445285648
153443	3.8242488124466	0.326809444656117
4015	0.173895849351505	1.36019624046666
9627	-2.39102063565779	2.63686617850139
6643	6.1376307489303	0.572565215430452
28966	3.7363229042884	1.0552176317281
5480	5.56241615447144	0.453068711786166
93166	-0.844892546337725	0.681872129421078
153241	4.43853722342917	0.610309288726591
1456	5.25661074876955	0.560215467498126
57507	1.69981606712985	3.14535432487635
65983	3.70002918640845	1.58085207135283
501	5.90586827461906	1.01863579887109
51808	5.75343215362605	0.493789018039124
4001	7.56990324355349	0.684121096395513
115123	1.09726524281888	1.76251922161401
401207	0.0143414933347044	2.63689036085032
105379198	-2.13138948297828	1.59500201165572
84466	-2.74575789874901	1.62031422136442
133619	6.07151149558751	0.265742240415484
644873	3.8017388837052	0.564268850345719
6558	6.19746777536158	1.32212255449882
2201	-1.66799875084329	1.67285531504738
51015	4.78496208085994	0.494707853476751
171019	-3.66544460524922	1.18862810126167
337876	-1.2906578815544	2.85804556846563
3094	7.36532253421042	0.388639124854517
90624	4.87391347597572	0.612339841918966
56990	6.120297193328	0.375918993148276
51735	4.95231431570276	0.418808745717422
96459	5.20873411312084	0.726267876167186
23305	-2.08797993525595	1.40871214802423
1437	-0.683608573287655	4.41496382730776
8974	5.12682761026573	0.780446018199883
8572	-0.675027740464305	3.24847183863132
6583	0.9240980292079	1.12597498924977
553103	0.106962910019065	0.856071254104501
100500865	-2.53365453393766	0.742737278184882
6584	3.64583617957707	1.174173840274
441108	0.41214437521854	1.27843418482501
3659	5.26509723113945	1.41184631326647
10111	6.37605661899352	0.640332244047946
11127	4.53971883187274	0.549573181811045
645121	-0.939208306743062	2.12213880078125
23176	5.18198206548892	1.18793853215782
134548	-1.79493880681109	1.7192640338862
134549	3.75055715783017	0.934820200116583
2661	-0.700425755876511	0.793720945759992
27089	7.43069151105326	0.38422496396458
116842	-2.15179971630698	0.864066269938327
27125	7.28834826091975	0.400438976034039
54819	4.25553932512717	0.27312800080563
3308	8.05432675077761	0.450462612107224
23105	-0.423790080899	3.03422374114714
56951	6.59474198390043	0.605389783359067
7416	8.29419382427096	0.407493179975977
6932	3.25298312126102	2.5072759521026
6500	7.5709164418478	0.324294285706146
5515	7.64274284205794	0.218682122429653
51265	0.627307463784407	0.674068023510196
7320	5.39643391326419	0.289782775091
91368	4.95764295225859	0.836018083757769
101927934	2.03546643070361	0.98681535328616
23338	6.89218800020007	0.683778132701254
51128	4.97105348415633	0.926519477184278
10802	5.21547716058158	0.550370370083047
819	4.87542149066621	0.561779468618241
9879	7.29212789735092	0.349240434903884
134553	6.00325255982866	0.6517847443708
79770	5.30448437162844	0.415652745953708
84105	3.65808082039295	0.531640967517091
347732	-0.952789972285419	0.70092130389479
5307	5.17997041811549	1.51703110445446
100996485	0.790763313211514	0.512324893573733
101927953	-3.04176685800699	1.54511200155585
9555	8.06518153898731	0.373609448936592
9547	-1.8014903403867	3.29115306588109
7045	5.03438581946539	2.94045812734309
9597	-2.22072575437233	0.89544082744794
4090	6.14181554194924	0.559892056269281
6695	2.37495559138316	3.02506798392808
26249	0.649425193334479	2.45266316269925
10949	7.97747251580458	0.401186972020012
9499	-1.81151783073295	2.29041653485452
27039	-1.51921379239744	1.56562333502835
51306	4.47810783645202	0.672487614039336
8382	-2.45722526970888	2.69616206257858
10902	6.1859597369296	0.632542346405677
10112	6.0763810288757	1.00987197141093
8697	5.9314009717334	0.524701949621262
2676	-2.59240362050159	1.42961836930881
995	3.96672908189895	1.11531513565659
51307	5.79337249240893	0.678435384371888
51780	6.83149999468354	0.530966218540568
51308	0.0494971268811305	2.28021840188037
1958	8.52950346546904	1.6500685343114
2107	7.71475611177067	0.382414374776081
3313	9.04980098455002	0.527863398879907
26785	-2.1319165074214	0.873958538213213
105379194	-1.76270294304132	1.6584486219764
1495	8.78712131110607	0.56058915567247
64374	5.19508290002448	0.625786218439311
724102	1.3321473226582	0.94292444633223
9782	8.47180844818401	0.23999959114032
51247	6.49421534986927	0.494400531815811
9963	-2.06920996378961	0.86106105729382
51237	-3.6049626802868	1.23593772939763
389333	2.58293425244808	0.978518188833519
202051	2.45281816474931	0.820658388506046
202052	2.70878431805366	0.941316817041959
641700	-3.57020089934154	1.02174793686353
340061	3.35841491903351	3.21225437557473
7322	7.24082221661646	0.240964092101346
51523	5.52774711446552	0.920326137661848
9542	-0.382284171331576	2.90086308482667
100505636	1.54147993637498	0.435550571960528
5813	5.14891390834973	0.420018551496549
492311	2.25168743321587	0.778307335536122
101929719	-2.62787865463212	1.2877542215788
84418	5.75355188316231	0.702661592765718
5201	5.71910650140808	0.672931066465008
1839	3.97172409844734	2.03460546469563
404734	-0.437836702897025	0.811037800102676
54882	2.58291504371913	0.367705615167352
8637	-2.49456804132277	1.13843021663524
10011	5.22349258842491	0.386597796992002
10307	2.32872028492089	0.847774432065048
113829	6.53255442890964	0.365632628178866
55374	2.95487571519952	0.950899743330584
929	0.437662308514915	1.11317624073128
4695	6.03323584904697	0.364769708332393
3550	6.75565738355196	0.376838927918342
54853	5.16554024803558	0.380289729629394
373863	2.83501759837433	0.396965017136977
3035	6.35533497264864	0.455140957327655
23438	4.73873413386506	0.41035619034902
153527	6.99350709621504	0.463702985442813
56663	-3.30331853538382	1.23956893732116
56147	-3.40366312919095	1.13917585092547
56145	-3.33160045132663	1.31396628023715
56144	-2.19584188567088	2.88942959298631
56143	-3.86862963926111	0.976344089608609
56140	-2.58394906296583	2.65270254819872
56139	-2.77696449288303	1.48111176837969
56138	-2.05640050396965	2.69804757187397
56137	-1.60288173750717	3.44100965881144
56136	-3.18279535066069	1.44540396624133
56135	-2.7588047038687	1.82628898013758
56134	-0.523696065158311	3.03887523291798
56133	-1.26545841136545	3.13293958962492
56132	-1.06818004298055	3.15694936953511
56131	-2.94954068168998	1.5569433183064
26167	-3.0972983181862	1.31336029970641
56130	-2.19952435807437	3.05701303600141
54661	-3.30704408614398	1.25320949886332
56129	-2.51023763153116	1.79409221281954
56128	-1.41326907340326	3.43148928908235
57717	-1.53040725822861	2.67069721782041
56127	-0.852961782042516	2.15395033842755
56126	-1.25558551321614	1.76967733592573
56125	-1.39624430962903	2.4032140100173
56124	-2.39328794580847	1.679996539847
56123	-0.935314977698516	2.31982160420475
56122	0.809041528286113	1.68680416964667
84054	-3.01120851198755	0.964521672158648
6879	6.71444072205163	0.322261337397271
56114	-1.08467007821876	1.22216842488659
56113	-3.15940923348525	1.07517712024505
56112	-3.15621187569841	1.46700341425776
56104	-1.20014861690461	2.11110931781193
56111	-1.98211356505252	1.36698769078828
56103	0.329617396822113	2.2875039665603
56110	-2.33752614305912	1.35826948763718
56102	-2.26696637325062	1.51110068540205
56109	-1.95915503810464	1.18148785874701
56108	-2.93741893604664	1.16942463161517
56101	-1.27384547864184	3.17120633957303
56107	-1.80389420143485	1.64345915346533
56100	-1.89466375386095	2.23584125001761
56106	-1.31178981940098	1.99033962566262
56099	-0.885892976300458	2.30219276450831
56105	-2.48814558360431	2.18367478672542
26025	-3.10557401823973	1.8596016053138
5098	2.64021836317046	3.75290443845713
56097	-3.15895812320094	1.17835587696736
1729	8.28704821428878	0.556613415745891
8841	5.90621281312815	0.575921458525004
285613	3.34860638279837	0.950560638484288
89848	3.39729189119327	0.669825476262303
64411	3.18286443135097	1.84584217026919
5097	5.53460072184465	2.67618843024132
9812	5.01751073159258	0.437578012356992
51294	-1.95364442354622	0.989321631844019
9604	5.26471944155217	0.648946271280805
10007	6.62917764368508	0.96673397168965
80762	6.93857731938783	0.484696003246064
81848	5.36311747803673	1.19179389617636
101926941	-0.576832040544192	1.90894347592824
2246	-1.58911208721675	1.90843678295977
101926975	-3.42236644226477	1.26255701097706
23092	5.00180693075052	1.46778375383544
2908	6.26166946211402	0.420566269850038
81555	5.75564858061631	0.286592342628615
57528	-1.87382883931252	0.937812581433409
153768	2.55360276652281	2.74950522131906
153769	3.42508436716287	2.93993916498012
153770	-1.94753069109673	0.612626975779896
51520	7.51320095566032	0.520464429043692
54439	6.2546004020721	0.397507652208382
10915	6.84796133673276	0.288611122953699
5521	-0.34602990553931	3.39974062005049
202374	-2.78431618623954	2.25435489967625
1809	2.30850838168052	3.84913797793577
9832	-2.59619337189462	2.95940727826104
6690	-2.41911702990026	1.88258457544128
11005	-0.825395472964185	3.63346443965411
102546294	-2.79010996564685	0.924237317640933
81545	5.0516229594227	0.488908274005337
154	1.65635922808951	2.82107088696482
79628	2.47809091569519	3.40323951803045
255187	-2.29063591071789	1.7744396727797
22885	3.95885995810899	2.67036462927745
134265	-0.0812339342614699	3.32504271236577
134266	4.76858224322304	0.722221366841894
78991	2.36382292204626	1.58646741585441
1452	7.88437443408787	0.417937414352239
389337	1.37050509545375	1.79215047652446
133522	3.18898579605237	0.881216171569128
5145	-2.47604190427377	1.79181936441445
644762	-2.06849354738073	0.964093324472614
1836	4.79567202207866	1.38571843196374
81789	2.25864047974086	0.619539048151886
22993	5.91669309558573	0.524105299363084
1436	-1.12172198907349	2.72471380902937
5159	-2.75869198707057	1.35303012871398
6534	-3.49911304277132	1.25664957703581
815	-3.17475810825945	1.10495625448394
340075	-1.44574535229488	2.65782384889979
6949	7.31240019759083	0.587926861010948
972	0.625706532166164	3.86627653091689
6208	9.7625257209427	0.449109224154828
3340	7.1873371943234	0.657553026892072
11346	3.68514239040386	2.73178966068737
91977	-2.96671183273536	1.77426848714559
55696	5.53053551124908	0.298803284494978
51164	6.08430976190063	0.440903871552285
85027	2.16480070574447	2.69517444737928
91975	-0.352374180134778	3.67665629361676
2878	3.41927203976355	2.79748470297422
10318	6.69012608008397	0.712537972776111
309	1.49614755270359	3.73215664557302
26112	1.34036202078581	1.79862874342396
2760	5.00841636047744	2.50602794293216
206358	4.56186272920755	0.756777712730367
2196	-1.60179583114014	2.28348956518898
6678	1.70635915199897	3.75036927432548
475	5.39422212973557	0.438864399868669
100652758	1.59883749936247	0.697940172097239
10146	8.03472390984332	0.474873024542713
10827	4.01912362455	0.53097153427057
4238	5.52974219688021	0.271226735366882
55568	6.18732233702964	1.2223251963397
386627	0.528757994555212	0.898605854500811
79685	4.70732454281075	0.657495898966665
9421	-3.17863041035821	1.06545930774716
23367	8.77881122741447	0.398047230420039
10826	0.968674173539349	2.31723068134135
9337	5.9656275642868	0.514123651201493
25929	5.49181784105868	0.793036036064702
29093	5.68364770927264	0.402749429637931
285643	-1.06006167699073	0.44898104875985
153743	-2.37171211992826	0.805708833535495
9443	3.3589174758282	0.546063578525838
26999	1.69903780441079	2.31479140728842
348938	-0.971940281495081	2.76498180673005
8728	1.53694198838003	2.51123090332494
11063	-2.46402581611982	1.39123533916311
54974	2.44661457676653	1.22437861914912
134353	3.27422730402076	0.695307978075092
9685	7.09367102873334	0.45065053585225
153830	6.20818738935915	0.935259416641247
134510	4.77130476389644	0.73948833559569
147	-1.8601595943292	3.16845085924075
7265	5.74106825969748	0.565554774093968
114825	4.59773953913293	0.377368856477005
2172	-2.58077178489684	1.30036585827287
79616	3.89442030317964	2.07717610665114
114898	-2.14100269113165	1.56592617263468
63920	2.30824084914094	0.75891770745495
10569	5.73788008345225	0.532753171392282
9232	6.33305886638461	0.73064774611068
900	6.7765830275414	0.846023965004864
134492	5.81890504590834	0.365214888924826
3161	5.94352874782694	0.69866036785852
27430	6.25895562481019	0.783676617106678
57451	-2.56164553497252	0.910967690404165
23286	5.62540488323553	1.65344391150004
5917	6.93790573778815	0.355346557037148
345630	-2.68101953551483	2.70205050360077
79646	5.23022428922684	0.905974449134422
6586	-1.13150522382171	4.35375661208599
54908	5.51766127067942	0.51597810375112
100131897	-1.47269861251951	2.26819189840649
30820	-3.52933352700932	1.4165364769526
2568	-0.684434494410074	2.24912202377116
64901	-0.266819811973434	3.18278519925583
4869	10.0261603444217	0.651969866335362
8817	-1.73633631689566	1.5415349846417
23291	6.12116314727867	0.544691255930764
6793	5.19002743859926	0.675812258622642
285588	-3.14986044639631	0.995400012746335
92181	5.03038814571354	0.877343676541403
285590	3.06776691367709	2.23527675110536
54492	2.44836314401407	2.05579352138963
1843	6.24330967737152	1.94883142309555
57222	7.04969574218083	0.909338735097699
51121	4.81295154420205	0.636552324567195
100268168	-1.35332814422941	1.28442875397957
8992	7.41841224957513	0.488114455599381
153222	3.90840086936726	0.706772889193305
662	3.25229621702768	0.339383137641542
1482	-2.88996697009878	2.94338541821502
8614	2.0510421056142	3.56465944814338
285593	-2.43074120752235	1.21985468856858
91272	5.66293515381059	0.491094749487204
101928136	-3.37622412789409	1.35541652316716
80315	5.05885364786103	1.06832840169828
51617	-0.924087276252992	4.4576264632671
4488	1.78466790900046	3.3479396495303
1812	-2.76354052277245	1.72453389105623
94081	6.99463114499354	0.419189099028603
10814	-1.71336371590854	3.75195394588688
84321	5.61357845890283	0.756593615268048
643201	-2.53599896459803	0.958854265105726
375484	3.15402546514166	1.30096536628953
57179	6.40174085531753	0.519372209970934
285598	-0.228397664476891	1.76096324175894
51491	5.27798579184613	0.454942754510687
192286	5.75359057717673	0.209910536327815
1212	6.71487105557148	0.678879226713738
23197	7.00408334774533	0.601298002817656
22838	6.16348060965366	0.745874352670366
54825	-0.603340748220342	1.42565723292761
114787	4.33021784884203	0.942529623395861
6620	-2.18850855312722	2.00580941692116
26262	5.74477074305329	0.64103558733329
102577424	-3.82084245262321	1.21104847896102
90249	1.18970104809344	3.43433570167575
3101	-3.32425471880591	1.62732903068609
51720	4.88642754671835	0.294792983283641
23567	4.26401019345461	0.632661980991632
2264	3.10925207628113	0.618878873803188
64324	7.23412604885408	0.454404370509961
53917	4.19262782923081	0.381200722911034
27166	6.80983777413602	0.402154394386688
83463	2.71490549137092	0.948756362748535
10960	7.83888251430914	0.340334951785568
10636	2.2406457312447	1.15635717446315
2161	2.83937620742475	1.09615647327821
2870	5.75203749230928	0.741673905410792
340037	-1.18985178433684	1.19758759329164
80758	3.41234860645253	1.08963941622241
1627	6.65689812450233	1.06765414631995
9260	5.62884666625463	1.52151578337102
79930	1.13414665176647	0.916330692759172
51428	6.00000084178044	0.349228941580871
54540	4.38779718414911	0.361211316184935
54732	8.10759294225488	0.325148911747123
11285	4.07736600628946	0.427878749346379
202181	-0.676559970815884	1.96370423921911
23138	1.82393701772932	1.57698793283311
64777	5.20404648961858	0.389636383501164
55651	7.07512610625008	0.352765584759112
3182	8.42399165817364	0.339200136832966
85007	3.39978522667017	0.735978321574457
57396	3.38297203713845	0.614146641157586
6940	3.28048991010049	1.11789255644263
117608	2.22569635828722	0.808690136733704
80108	-2.378040192416	1.96169758303425
345462	-0.559576116575067	2.68127762442987
30832	0.505852785934563	2.13154761860786
80230	5.42481679997799	0.703279968616043
101928445	-2.03806993634528	0.861404036649308
3187	8.20228670833452	0.459044155992348
646019	-2.87237678630419	0.888150182573797
821	10.310267353665	0.357065073462835
9794	6.27683505105375	0.353460236259016
4056	-1.36125698904469	1.54899603654293
11282	7.20685371095364	0.497703361788089
8878	9.34400883459523	0.818193028892797
51149	1.17310379914296	0.657657860368526
23061	6.74090154734386	0.703434079983433
55819	4.98926053990593	1.00889919093896
255426	-3.09275382199305	1.72090205388148
5601	5.82818759760464	0.382188796172479
9945	0.137140588652129	2.67893069599979
57472	6.57795574292707	0.589824425720318
2324	-2.29025128084649	1.75458887379332
4245	6.74006765722418	0.450598769895152
100859930	3.98037284899251	0.336201142751534
729678	2.57529332469146	0.761074408265594
643836	4.39963764316655	0.606950209866352
153579	-1.4316986536837	2.75867813794262
81786	3.28059471822717	1.07465168799811
90933	6.15619235166146	0.554125933769796
10399	9.74044280581914	0.505879529409124
619571	-0.225702290629773	0.68692774592363
619570	-0.900176182724568	0.900816808834618
101928649	1.68730629002274	0.637919366819761
84851	2.03220284365364	0.654751891682611
100507602	2.5066365961341	0.625271549393154
100132062	-2.41835403355875	0.563273861915098
56940	3.62803145993981	0.840291609623184
55770	5.10660016814887	0.799181306280965
135458	-2.76246391644436	0.925186992336334
94234	3.86491488047446	2.5998859867593
2295	-0.480871849380468	3.31531974886651
101927703	-0.659178857233848	1.46312922413929
2296	4.7024421680345	1.32804839792966
2762	4.9726785787646	1.18671457039968
100508120	0.790771116622781	0.619274276720988
340156	0.131704320144368	0.763188909409939
56897	6.02561750527365	0.462100343463235
1992	6.01529398272585	0.83896042997857
100616285	-2.8193719402142	1.6972896932092
221756	-0.44144956687094	2.56390721999073
5272	3.75177259548601	1.75134672108611
5269	6.58609703342478	0.69586906635326
401232	0.391075184050113	1.07793041703646
4835	4.91136174440874	1.11663451202312
401233	0.659082685055135	2.01226841452505
101927759	-1.86866066559931	1.03360097264384
8737	5.04409713013599	0.612190858067879
670	3.92691914824198	0.85916902402869
7280	3.71500416640286	1.62270347826426
347733	2.13117511988681	2.92242972789405
389362	4.05255399460559	0.754744951623341
63027	3.52907102573701	1.19083974038443
221749	3.61683779613454	1.47758269463586
26240	0.583010264557433	3.81389832385996
8899	6.33922516269276	0.493003609746873
404220	-3.15297052571297	1.05063901918594
10455	3.83981805823545	2.55383711303546
100507506	-2.87510364362521	1.20113323012946
9425	5.08733523265447	0.563006610410146
10799	3.03697865876502	0.798551037303188
100129461	-0.488778219390645	0.983626099606815
57128	4.4159765094457	0.714959274466952
648791	-1.55242697655857	1.78909857635294
10667	3.49250910670807	0.70668556118256
51299	-1.91859283811895	1.61512897857689
2162	-2.57637099420526	1.68607295273502
6239	6.00187652102994	0.419669721530492
6745	7.52557772456076	0.715886237359582
83732	5.08094342399967	0.942978317448601
1832	7.23494166153679	1.49290897376571
154007	4.59921798066468	0.685036200230286
654	0.216256257354453	2.55895064221703
81567	4.20272690734312	0.506017217903369
9521	3.09404529552975	0.876535926989457
100124533	-2.66705557486355	0.8698430909327
51000	4.18154096251999	0.545452754501818
100506207	-0.353450297300325	0.50049027291597
266553	-3.46199704758928	1.33154462213786
7020	5.54200033649229	1.3700168197032
100130275	-0.306825663932923	1.02653336788965
221718	-1.83024707808802	1.70472905822853
2651	5.01616110776114	1.35631432114033
347744	-0.179152014958372	1.2433802337464
55003	5.10361459087128	0.845765060832143
51522	6.51122570343608	0.868103497828202
81853	6.48212937985597	0.80316080419561
4117	0.318042161269345	1.06028001939722
221711	-3.17579585268945	1.6417245946116
54898	-1.46971972408881	3.43737561908227
100506409	-3.55478448559744	1.64324210918512
221710	4.60334240421708	0.759413259740444
4739	1.62704583251962	3.63662058541731
100113407	1.80137909837803	0.920935613530912
84830	-0.770587964771432	2.88635048124582
3096	4.54855586978797	0.790304952025017
1906	1.50493973350456	3.03222282782306
221692	-2.409311387781	0.687818531194972
100130357	-2.15414351843733	0.769086299908975
51256	3.50449676698022	0.6812070670113
54438	3.07399283554893	1.87165809848765
23408	3.89679763944936	0.755966132023265
51406	6.59774110872317	0.661471174387029
10048	5.81008920945458	0.597576349487624
63933	5.60866324885952	0.719314614968533
221687	-0.258310662218522	3.37942364358162
9308	2.37762132050557	1.42786479912674
3720	5.15058849912454	0.778308905339965
100506681	-2.17121514814846	0.721772084162858
84062	3.36033136915843	0.708626418753608
29116	4.29127248622201	0.723786466742487
2766	0.185587768452457	1.36040220272565
6310	3.58554676552312	3.00969233466215
101928433	-0.020344178793071	2.36099303757419
221662	-0.440783563097068	3.07693917878992
10486	3.69976775896496	1.54909953959405
51439	4.62589347333177	1.0593233412946
9972	6.65842864748114	0.686360421288811
63971	4.59396155057861	2.05779843617579
378884	1.14548573899126	1.04110604306665
7172	4.77686744319434	0.600837239676075
221656	4.78007002941185	0.839624437081202
7913	8.17460697287364	0.655972336584138
255488	1.57536456066772	2.60449269346905
3400	-1.92515775705832	2.10669510273233
154141	3.97890344764544	1.42260938129912
105375105	-0.852920194812137	0.733183798025078
1871	5.35418043525745	0.727063295059232
54901	4.25790027195571	0.761936418669599
6659	5.93657665090545	3.00379028637962
401237	-2.91659079010731	2.06422352554666
140767	-3.68139833568921	1.2222971866116
51473	-0.914258771696749	1.79664738220228
57380	5.63751660448573	0.388263634436601
2822	0.167468250651505	0.901989094441953
7915	4.2335463746536	0.921897885858484
9856	1.09643997698465	1.72623832532712
51567	5.42835227756181	0.669544062850859
55856	5.38348354471402	0.370231228473022
81688	7.87321363093515	0.416419283489126
51053	5.67978914153828	0.497267994434356
9750	-2.15610474960091	1.24012360995034
8418	-2.08756387038455	1.90416314788229
105375106	-2.53714506526242	0.885846006059802
55604	5.12727178203587	1.23382067343855
10590	-2.30929284311056	4.0606780194633
10050	-3.62092046306951	1.53445921335015
6568	-3.80653245057918	1.24524998581813
10475	4.02246039491706	2.41691849861232
8350	-2.17479056936007	0.959008488434935
8359	-0.610880015772031	1.23233973126995
8366	-2.34102001576121	0.931622526283175
8358	-0.894711949839947	1.2997066910504
8335	-2.43535918769993	1.27266959043985
3018	-3.49345032199545	0.991171925306226
8352	-1.62084797655834	1.58886347331372
3006	5.40678168377512	0.730898652126048
3077	4.65358057341172	1.15966685835845
8364	-0.86579200743252	0.989439310532235
8347	2.19551314659214	1.01084522843923
8334	4.09968051823787	0.846739858587986
3008	1.19639496280383	1.19127687858935
3017	4.3689242557783	0.811144142223901
8344	-1.88076392832323	1.66219621064019
8360	-2.06920897468977	1.28657531508104
8351	-0.0340609795354759	0.745255516800897
8343	-0.763581191398449	0.793295143381173
8367	-0.854978237164608	0.98392795380711
8339	-0.504367923174301	1.38220013922493
3012	0.659516761582948	0.570574412840652
8353	0.11977566771774	0.997018961369153
3007	-1.5872784122296	1.56645195439466
8345	-2.60750941877642	2.11694869672239
8355	-2.58761160770094	1.75214904583781
8365	1.82168050038168	0.907845546442917
11118	4.76295923167202	1.23163488069386
10385	3.19366734977199	0.923123940788715
11119	4.29189452370856	0.901742437266384
54718	0.51397061853114	1.07495689372709
10384	2.95606971415054	1.9952663174919
11120	4.86963943327869	0.407526289922456
696	-2.74852084239605	1.97315992699744
493812	2.30601387685559	3.77363752109985
10473	5.57928019638246	0.558231017663332
29777	5.2977810515995	0.386490098303633
79692	3.96848380721688	0.791131024828678
387036	-1.00166373325814	1.00302995674908
100133205	-2.19407076356551	1.13176354408852
100270746	-0.33435266442134	1.3321986729715
8970	1.19746436544611	1.89244618738008
8969	0.358258088152515	1.82240417918526
85236	6.68720906357167	0.916524590499884
8294	-2.02285787325514	1.1428418522007
85235	-1.94873348439225	1.19510038980829
100189067	-3.50240054242659	1.11720161398002
10279	3.60998026334145	1.8013915752047
7754	0.34741324975418	2.32605954711785
346157	0.671306125275003	2.32310433679596
7738	3.63225884450754	1.12668618394674
100507173	0.315200264304059	0.790526416056288
100131289	-3.40593135650814	1.59604287630828
8340	-0.769348991511102	1.27965486354258
8329	0.716749536624346	0.983532022432661
8357	1.69785404431395	0.854426220870919
8331	-1.09447369852024	1.95804696618777
8342	-2.59721846151914	1.16203664541096
8363	-1.88273107112132	1.6060501708276
8362	-1.99625551397235	1.26870524067419
8330	-1.31650803821965	0.89485664575826
8341	0.47798869943779	1.25542828547273
8332	-0.410074453607393	1.12445997228061
3009	-1.18150993969666	1.21457991228898
8354	-1.89208046386961	1.84688837520284
8368	-2.45817986095137	1.63631089167045
8356	-2.11654827739065	1.53864519528129
8336	1.05467890722926	0.951577990857769
8348	-0.480253232856015	1.13925837925369
26212	-2.08700253748921	1.07221699734694
7718	3.95232552947333	1.1967283517514
221584	2.29076796121563	1.41790313135646
100129195	1.57220537209404	1.02019467870076
80345	1.98667026194893	0.645561344750815
7745	4.78345550098544	0.93686980807822
651302	-1.91569708328938	1.02320130764309
7746	2.70526947354044	0.90814651000549
222699	1.16649520899436	1.09096492627814
387032	2.13238800226337	0.881183437907487
7741	2.66287861882268	0.767939418720259
84547	1.78382626497623	1.30861195863371
64288	3.43990628014184	1.43856734291066
80317	2.42066584226384	0.874421668188691
9753	2.97316029273432	1.3804703209644
222696	-3.16940088136116	1.79824060030162
2550	-3.89411960193437	0.906983120326358
3134	-2.02836773220181	2.6878053042413
285830	-3.11123668694948	1.93459631524218
3136	0.326024456436721	2.32051035959802
80868	-2.39191970831322	2.57955715234679
3105	5.32265207372521	2.2487909138642
6992	-1.71215221912698	2.07790630529623
11074	-3.3796650760548	1.51642002529308
7726	-2.86214886176054	1.49354735694181
23	-1.67713948859992	1.20810275860412
9656	-1.46172634991541	1.09222539774312
203068	-1.3875061251629	0.586328259901331
10211	-2.30946100447193	1.10697834214546
8870	-2.80151679941301	0.958069570341135
780	-2.86670075083228	1.58146279854733
1041	-3.39268873693503	2.20477720134275
54535	0.307654545215313	2.98234388295787
6941	-1.54230809163309	2.40894012488323
5460	-3.11656360041589	1.52851648085678
3107	-1.57364092341166	2.22494464614645
3106	4.62320123377026	1.85516266958441
100507436	-2.7614959981793	2.08951334476283
10866	-3.18494946934193	1.53297187574441
7916	-0.450195366729673	1.32441286400039
7917	0.946695696632196	0.885443621788142
23564	-2.8709417884562	1.16313053490087
1192	-2.92869221388312	1.26090006555082
7407	-1.87695003157057	1.06591569276336
3303	-3.10808812306913	1.10156435610811
7936	-1.97060516627971	2.78761544352486
7148	-3.72427494863903	0.962227734099922
10554	-1.11611224937398	2.56864003265786
5089	0.23815849052547	0.756693644590795
3119	-2.46029200907126	2.08286979117055
6891	-2.43272959162176	1.72227513157017
6046	1.76265146610155	1.60705937316548
6222	-2.0885775874942	0.826835849706462
6892	-2.24066661733433	0.799890006346595
1616	-0.237029026755125	0.946002704977387
3833	-1.85499622075318	1.17670240126216
5252	-1.20561139777799	1.06058811598781
51596	0.201419258188481	1.22607286916212
8831	-0.206587531789885	1.50954402114528
578	5.65463096022414	0.772236847915293
3710	7.77857428442285	1.00987741828126
84300	5.78142080541666	0.558406317493658
100500873	-2.35911860802211	0.741490994721737
221496	6.3035177003363	0.841747992349489
2914	-2.81593937541336	1.46408821162235
3159	9.93439113863563	0.736507454636088
102465502	-2.64997762270566	0.944690308230433
221491	3.71566635572454	0.875766773998297
11165	4.74299240668557	0.639038455382888
6204	3.01244459315889	0.682582736222861
29993	1.45201007668623	2.20578944143536
25803	-0.78693448117026	3.00826876137823
64771	7.67528207522005	0.95205731884226
6631	6.7305721402412	0.593424349567073
54887	6.36900129465506	0.420028675493864
6882	5.45050004274422	0.712160580496937
23294	6.05287248202932	0.737633273185355
222663	0.812596423386699	1.92524555259328
7629	4.853662174927	1.03744964962925
50619	3.25164969132167	2.28743594214829
5467	5.18541840996277	1.24190071396578
2178	3.499490456374	0.743670716571441
4736	9.01733837551304	0.380866925535391
102465668	-2.82265576464617	0.714419743087612
7005	5.00393549264508	1.69962537757204
7287	-1.67894677195182	1.12864457559368
2289	5.3978816873012	0.671226227588163
285847	-3.49458851332403	1.17718194916219
221481	-2.91541211705813	1.51285718615961
222662	-2.36708988261009	2.05262371912957
6732	7.09354230586546	0.515749496455058
1432	6.20100289551882	0.70010898809447
5603	5.82142500696223	2.88436980020482
27154	6.59577864478495	0.658895182606034
285848	-2.49418037935883	1.70075015072608
389384	-2.8926480569845	1.62423342938634
51513	0.29384347280654	2.96106020362104
222659	-2.67342182316305	1.01639542633343
222658	6.54771309718971	0.736175161369089
11329	6.36535142310938	0.910739913244672
6428	8.50344684773798	0.264650482487936
101154753	-2.21207836463691	0.675786709274448
1026	5.44089627791836	1.60822477321088
105375039	-1.81446296104387	1.20609233169074
57699	-1.80297284170374	1.24312303580912
51645	5.90676922991334	0.345840192857144
221477	6.74439332685524	0.713670321626771
221476	-1.87051974146319	2.04293230497269
23787	7.80447856263045	0.483777381618751
221472	-0.872810200546489	2.59686773571776
5292	5.5643180164288	1.28730497116374
221468	-0.269338639644987	1.1705829769349
55633	4.74662695065662	0.512651033168079
9025	4.49305410527458	0.740507488121902
23070	6.02908699634059	0.6824297147415
154467	4.58525823357426	0.691587287707171
100505530	-3.57988024794163	1.14031084171094
266727	1.43103369258387	2.85055305226
60685	6.9437727623211	0.532971129434946
114781	4.44920307039754	0.580778248939249
2739	7.07382563515542	0.725559444029307
55776	4.17244081248705	0.71060693928241
8645	3.9539456789584	3.42644761480112
23500	-2.71152186704607	1.82706695891115
4337	-0.370515627477552	3.27980823872871
401260	-3.71209104497894	1.40210513687021
732253	-3.41919605937352	1.3720954767419
57497	-2.63813582526113	3.12633961349028
222643	-0.968975706356211	1.47399217641256
10930	-1.71305903713123	1.01958739371602
221443	4.45100856685877	0.508635494814315
4800	5.3375615989281	0.347111179564271
221442	-1.17027484940347	0.953615509563485
79865	-2.85695052278483	1.56880517001204
340206	-2.65595905635024	2.4403247312554
285852	-3.58256970695649	1.26097185537394
101060264	-0.811042326034163	1.90864321885296
116113	5.76253027431893	0.852919109784661
4188	2.38099309345461	3.40045517112272
7942	2.58758702551616	1.37179038378096
5225	-3.1888306241738	1.41320980778433
10817	1.33427940472	0.496763300309148
29964	3.07469664013569	1.53905401899445
100188893	6.85951890660735	0.362861363576107
25862	3.09045977535211	0.683387095549186
9477	4.74694532093021	0.29969310169929
705	5.45500412466508	0.359011117651153
896	6.12068376954416	1.10567534546425
129685	4.91589836970788	0.599192153282954
647024	4.93127888471551	3.72403849816646
2979	-0.290146201266463	0.898304579066041
55173	6.28880740894426	0.294731269621503
55809	5.58734893417033	1.2355317633104
23304	6.02273428487555	0.587918691998375
6903	4.39814321847059	0.696695457146973
23506	4.04548269501179	0.723590280481931
401261	-0.824023603747897	1.0493722265832
285855	7.64586275576575	0.44047140911737
441150	2.2775017384852	0.573867922434853
10695	6.26401193078048	0.455767669414973
27232	1.41802320544969	0.735390878704963
5190	4.87365508116052	0.593879734065479
4201	6.22145440710435	0.442559440147726
5528	6.14772658302236	0.60239374409456
116138	6.80481945080279	0.499917941087644
88745	5.93594782112856	0.35153293687809
9820	5.13195871690132	0.964375565048121
51069	5.3066289088803	0.445210047880371
89953	3.71015768122224	1.14380245486447
5754	4.05309406101673	4.03597966647497
6722	6.07297558421619	0.514251731433302
23113	4.6591171350318	0.588116944644606
10591	5.34446653388917	1.08839133417371
84630	-3.06693923281218	1.28558894942824
24149	5.51280813976195	0.750888331855143
89845	5.17823475743444	0.744321911540705
65989	2.61405429553951	1.24494395166327
93643	5.19411922533785	0.425587656043425
221424	-0.247013269779318	1.4391615420147
25844	6.4389722825442	0.589546494858661
9533	5.14160902104378	0.417710102165528
57510	6.82607132557262	0.472429331432234
5429	4.80634235625745	0.628688839761628
54676	6.31806650142127	0.671620531146261
9587	4.68660500884724	0.510411164411106
221421	-1.5321205065504	0.581266350779029
55168	4.99678572165447	0.473123065708505
7422	6.76062508074035	1.08242058378008
101929705	-0.251137171761262	2.04732629554051
221416	0.999898944185791	3.72352059503101
64928	6.21067020609561	0.435253925084398
55362	5.81523553673523	0.584409483059334
11131	-3.4888582857969	1.27508147181907
2030	5.4845273251683	1.42539443380769
3326	11.0729630238153	0.500632523507805
347734	6.4545416817229	0.398419411096993
4794	3.62355779552892	0.70371758294053
441151	-2.69785733252673	1.50318518464176
202500	-1.78170204424431	1.24440522887568
57505	4.66998068183124	0.553052175815773
988	6.30781794145972	0.485145987186088
8464	3.05279447498541	0.781651830651629
860	1.14068220242852	2.08182685769885
53405	1.2640090893243	3.57539194409739
22875	3.94958491987789	2.76024914724558
59084	1.00196092538872	3.71434250055023
10231	-2.56615488495086	1.34795704761665
51302	-1.54571752287359	2.46003605217006
9481	-2.01557652507091	1.72356897549203
221400	-3.37044798050034	1.14197534790382
7941	-2.82633623494576	1.47934895440255
4224	-3.46424307998122	1.41383756717064
221395	-2.06530663341791	2.16619075151841
266977	3.45592902889106	4.91496458006747
27242	7.45927217985192	2.19744535854343
23607	7.42178489957673	0.57269856673475
222611	-2.88449120236119	2.2719168226147
221393	1.25336928943259	3.48681980827039
442213	-2.55117563413206	2.84489955484537
4594	5.52032768500046	0.516976896419406
55166	4.07401199798548	0.580797998892547
135398	1.03631116594064	3.19942432034072
6005	-3.6491385200288	1.25252978070216
10321	-1.88795901210645	2.1591355443986
4172	7.24320315532436	0.391096277943617
85315	2.17239933613367	2.1422173066954
114327	2.48487204934322	1.08596387445468
9697	6.01365512428982	1.16822921181394
401264	1.86351427972329	0.641243978467687
730101	2.42208814055403	0.934256235389165
28978	5.02348689647733	0.552672052120089
2941	1.27791340845954	2.89803094146895
125050	3.85608477718869	1.13666661832565
22858	4.23844921273	1.14655000822169
26268	4.95056413574199	0.445115906657557
60481	7.77105937932995	0.661954088658631
2729	6.59725179123688	1.16720147594808
101927136	-0.348737762046687	3.24691594948751
101927171	-1.54704161963187	1.89352483594116
401265	-0.643395405471931	1.60988986413626
55227	5.18017267399099	0.847708175054072
90523	-2.92545057514898	2.95802588297206
222584	1.41411564283586	4.10173178393263
653	-3.04470399400653	2.51421164285537
81578	-2.06054939639424	2.50935625344483
667	8.11306288926871	0.731762968073011
101930010	-1.80886514532249	1.56779295666125
221336	0.958162080931702	2.34598122697108
57691	3.55094778461781	0.792472374463613
26036	5.47549317741449	0.296020825264957
9532	4.27228868983793	2.40375717033556
51715	4.46984877812852	0.700461957415709
5558	4.60120581982974	0.530463467898634
375513	1.66231459722788	0.483803034025784
51557	-1.99732613014345	1.31133599739879
7803	7.30079154363452	0.718486842684246
23469	6.75025373652714	0.409005148991994
346007	-0.378151406013692	0.750263794682334
441155	-1.0329681807244	0.481766620995257
55788	5.32839492709948	0.488444840834577
101928353	-2.35307559891527	3.54373762292072
57579	3.9931280927652	0.744940106546635
135154	2.64119122201205	0.668993655616088
60682	5.21146303954855	0.509059765273209
79627	3.78454986994957	2.9113209697321
79940	0.549950097242529	2.41264773775225
56479	-2.23911773806759	2.87978880897901
100129128	-2.92229244779996	1.98979720134565
80759	1.73249269354202	2.31603913400584
441161	-2.64524228014608	2.12324009186129
55510	-0.815054114828888	3.83522070887335
115004	4.31412108790304	0.66636178921443
25821	4.92035447890314	0.433500673949368
1915	13.0455117418008	0.398396453112891
26503	5.38424909321566	0.406568775401895
135228	6.22342939563168	2.03848410908615
101928489	-1.35408917670821	2.24902474931566
1303	3.77209236356593	3.97201801070487
1347	7.39627566106212	0.345028399168767
55754	7.17929118587195	0.33475387634469
100506804	-1.44287657612295	0.865294310650982
27145	-2.65503591511016	0.73707783171353
26054	6.10952248507268	0.384546884202347
4646	6.81519125590111	0.715134303638274
3617	-3.09128798410759	1.01429238881835
3351	-1.8669889932709	2.86661015861726
101928601	-2.68036191816704	2.23482023411737
134728	2.27893156264789	0.930035318101826
55023	6.55966808966689	0.391952985382778
9324	5.75828281456738	0.805528675096036
100288198	0.981223230420158	0.680355812271162
80078	-1.68455549148029	3.21296126541597
167691	2.6677323454674	1.72486475042431
105377866	-0.116549961578781	1.0736390414329
83699	4.67613281130989	2.00591527864081
6785	-1.70596802413637	3.16925344050155
7272	5.55905115916406	0.430147895339528
594	4.70324582874131	0.592309883821698
55603	4.43845488529859	1.81140650372662
25998	6.9209028932058	0.445133683361364
7162	5.97976006914013	1.12919900241282
90025	2.50576179774567	0.666212194498912
23033	3.62179729067785	0.610773465575516
5238	5.27738468584847	0.623688586857766
112611	2.29069025587731	0.897994170686794
4199	5.55489256547651	1.50449583185199
167681	-3.02533305255659	1.70485216128503
134701	-1.86210659415765	2.68095484742672
51167	4.29916585750942	1.10844094402705
112609	-2.33884748618673	1.67122241842932
22832	2.76088199207932	0.848037268645053
9096	-1.43728330691571	3.63089802955887
4907	5.97943978861879	1.6573219609312
57231	6.23890043072278	0.380662474024564
10492	8.15290956699698	0.347250917184539
387066	6.5022714037553	0.974723341758528
692088	-2.12155321921598	0.892809087748525
1081	0.913681465705045	3.38584719121976
101928870	-1.55137489436442	0.772258538694419
23036	5.72046336778893	0.710018888359089
375519	-2.81689114533045	1.64592521972912
57150	1.95822532674092	0.765511286583602
206412	-2.00430395500297	1.24805271773149
63914	-2.87057654125883	0.781507595893886
154313	-1.0481905393245	1.50679879285227
10559	4.29239156534401	0.800148952119442
57038	4.88158358190484	0.523081536954794
23595	5.02749709125816	0.308693090617007
55122	5.85882158737636	0.410040894872743
1268	-2.53623141352934	2.67579313982857
8732	4.79079485478486	0.525528310542138
10957	4.66906473461017	0.813824078265169
135295	-2.24358145464393	1.40918242441217
135293	5.42538324505993	0.78623473674021
2570	-2.61126415569157	1.23120772075692
51465	6.32138727370785	0.493043344643666
58528	1.45170916357549	3.14333194748736
22881	1.01803374622374	1.42758041724306
57226	5.21972857942009	0.398161853647606
101929057	-2.15175182620052	0.924583486789836
23195	6.6602670698813	0.671909779026094
9994	4.98332896986609	0.340408002628692
60468	-0.588569765994402	2.11799163307991
6885	5.63942078162365	0.423200120952738
2045	2.67147647908288	3.45395168672403
101927288	-2.76714287750398	0.736985847748202
79694	4.38478257161395	0.29779147863459
10690	-0.130545302563056	3.26501306623554
23376	5.45835070185987	0.39468689435169
81491	1.11289236435518	1.12168708092438
29078	4.00934367668573	0.781933643704771
114792	-1.98689857002773	1.28164679648365
253714	4.74825888547487	0.3437777509805
26235	3.43464658177914	0.4489442234195
84553	0.79201779179272	2.74378037934939
51805	2.8945006570986	1.01052661363407
25957	5.85070581772041	0.335386709786871
101927365	1.03905356475784	0.872689317513677
85015	3.50943622979586	0.652854363526161
100130890	1.44470287186853	0.461183407898605
892	6.34076380104771	0.492584240713128
6492	-3.12324970037011	1.33837459149547
10973	6.38378080507231	0.441534720685863
2898	-1.34084757395636	3.25019239699937
57531	3.6964748218155	0.538529086867271
389421	-2.65477822748274	2.82532151407377
11149	-0.691082077286817	3.77407496077087
154442	-3.30912478031827	1.75219862121292
64208	0.150234079281513	3.06843971256174
5550	5.80412182073703	0.527559849307561
639	1.33048379448918	2.33862708249891
9474	5.45367481434308	0.396720847483117
202	4.950581944829	2.9204478111898
84816	3.64984621269308	0.688792675241159
55278	4.7790461012961	0.437489991836053
100422737	-3.41399483548939	2.25217126270675
100133941	7.11498214654944	3.43575096081672
51250	3.32567714549627	0.603371938244491
57673	2.97190225586819	0.527010919766754
57107	4.50034004344792	0.644313235624727
55084	1.40574131340314	3.60785829808133
11231	6.88814370752619	0.834946642708541
28962	5.45688249065508	1.20327644846989
7101	-3.57150130022415	1.11880330448988
8724	7.32741953791146	0.569786210150563
246269	2.64916919031231	0.634152873955041
2309	5.88848314847805	0.85891705752693
84071	0.587242399797398	1.11225329964562
27244	2.7475311464624	0.791551897544292
285753	3.6277731157477	0.598419280416146
100996634	-3.467513602869	1.29965928083447
221262	-3.51115838062087	1.94039464441477
8763	8.39607939324155	0.434065281577007
285755	0.376964357908322	1.40596695883185
6610	3.23515852656392	0.516755863600872
64780	3.33470164794027	0.761204462051758
9841	3.58514905681893	0.64449843491033
221264	2.35720026203178	0.714689366783375
9896	4.07043750619524	0.483483169162551
8936	4.527480238275	1.02447481762337
51362	5.23783121940314	0.561160184719279
8528	-1.6491341241616	1.2355820012929
23097	5.15455558797679	0.867738591743589
262	6.93115774448793	0.577943046557004
112495	6.07025819302054	0.660849378943568
84154	5.63139120371245	0.629203643025404
117247	-1.56309908688644	2.45444638827539
91749	2.97800972931388	0.945213023352881
5980	5.44052581758264	0.943430984014358
643749	1.20516171081742	0.812760224590056
10758	4.45647319677768	0.73601801519097
2534	3.10798404844815	1.61806758906238
8838	-0.850268852873217	3.3788805539757
51175	3.26826735174827	1.02423106488186
619208	1.12128113274843	1.02060779054057
3910	3.40498095470486	3.70991731420702
101927686	-2.77615563412289	1.84017777552759
4082	7.0299710534566	2.62140412987959
285758	-2.49038920862557	2.62826153183051
3066	7.47911738151002	0.516461733779617
101927768	-1.56088107613152	1.29490123374979
222537	-2.90855158993734	1.76773407270822
2444	2.74568458481259	2.19641888771151
221294	5.06595930476889	0.39139732946448
23270	4.2316501549088	1.14162559926054
7259	6.83294315350658	0.61614670568955
29940	3.31784149601515	1.4986107364745
441168	-3.0295940214703	1.39014135896216
51389	5.61391975844849	0.579698377014237
345895	0.752057532590668	0.942517728371393
221302	3.52980593786145	0.674452707780043
3841	2.95961048592071	0.930771367342362
222546	-3.62022565751683	1.23521395515161
285761	4.77024389115182	0.64773123111957
57120	5.04023088448664	0.752052397708023
101927919	-1.66016611935499	0.78363738375791
116150	6.5868101212735	0.421521472460123
387119	1.95019798070048	0.864931266024951
254394	3.85330586485442	0.583426464053301
25842	4.73858796493089	0.66886992271824
79632	1.56105453419464	2.44688868893822
4121	2.97426569005128	3.22399940067692
221322	2.41293900558286	0.786181323842973
2697	1.51124702596035	4.05522354753743
3298	3.84558641313918	0.638209694107421
57515	7.18193158957374	0.492554816970481
5570	1.81816033656752	3.44253863913185
10924	1.7913324075887	1.88406134169349
134829	-3.39316168455073	1.64955971064192
154215	-1.56094162667322	3.40574270185355
154214	2.6072321990005	2.73401907461227
7164	4.17832552168984	2.82000845905576
51020	5.16131927275566	0.622765742339448
643623	-3.76082241019023	1.4067941987304
23493	-1.37588050532688	2.98955188354745
135112	5.63628329717331	1.13616811985251
135114	5.09853907500037	0.441469124868942
60487	4.31625484265759	0.467238700845613
387103	4.67692028642965	0.526802851915608
81847	4.60873864927308	0.476596969707201
55862	5.94203971850821	0.609701871261121
387104	-0.107148568919988	2.49995307588145
5796	0.110905663150495	2.28101233250955
3908	1.21483387968748	1.68174141317104
93663	5.78143826725436	1.31178274074657
84456	3.32739921002143	1.02867421661464
2037	6.00215320926958	1.41935479579996
9465	0.93826309313126	2.31800018067502
9439	5.01073833462892	0.597418527933877
5169	-3.07878257156228	1.15656368672584
643854	-2.57103537144489	1.36320905150227
5167	1.1550596972294	2.85308220054975
1490	3.45588982611328	3.1035323928627
26002	-0.941576863619345	2.76901737682218
8417	5.20257237634034	0.409186902353353
134864	-2.78584536519389	3.44899100763822
8876	-2.7623240437521	1.62864906862498
116843	3.93552908987098	1.5556015576705
6206	9.23245779014191	0.464848122479547
594837	-1.54445747924023	1.26268132428082
594838	-2.44234619819889	1.10652829429417
594839	-0.220668332252947	1.005541949141
2070	-2.26528382140512	2.64824530055126
100507308	-2.88473773915625	1.49572014461222
9519	3.98312001682333	0.708788748591324
154091	3.03567638900191	1.8424598067425
6446	4.08475157434686	2.90238759453951
154092	-3.10004191394584	2.72024686001392
101928304	-2.87070509298784	2.69896834490294
64577	-2.45728729050505	2.41199215456553
10767	6.11231190807375	0.542965109187189
4602	1.29360754358046	1.9756831485899
54806	3.94444942065172	0.929397215738084
100131814	-2.51239093643551	0.911257381815406
27115	-1.0300347152165	2.57003729739815
113115	3.73447697757789	0.318788877441368
9774	7.5157846017562	0.351435881267057
9053	5.62619265157062	1.88160300702623
4217	4.27903329864306	1.48229767438546
5191	3.1618559444973	0.520967830766718
340146	-1.55938785447268	3.62102066460276
53832	1.20016012184061	3.92063393933448
3459	4.84919666779617	0.765360895738676
100130476	-2.14409772374668	0.843297025689583
7128	3.74271913139714	1.47731518625749
64065	8.27299512351239	1.16228422427479
57221	4.71677544326177	1.99543482524385
23593	5.77428872833761	0.532726245945738
57224	3.83275657630385	0.714369708844556
441172	0.507416675100496	0.719532187706027
100507462	-1.26121613346302	0.854167465818703
25901	3.36184487214274	0.7629595111379
345930	-2.27961792136393	0.636222849760504
85021	5.18357110417127	0.367859381217272
58527	5.10879025734316	1.11057129657955
51696	3.62915502528532	0.933177962265925
167838	-3.52358683777025	1.80687850647524
10370	6.65218164841795	0.908107097536401
645434	-3.87197868446524	0.958520470133066
51534	6.11752742899232	0.37008586364565
57211	6.56473781493842	1.48992422785479
153910	-3.0241264302058	2.47629087120691
3097	5.11782388277184	0.7907932305921
51390	5.20973746006027	0.486325142742578
134637	2.76887491234165	0.798585132428816
8504	3.95865715998572	0.510976674268801
2519	6.80215865822996	0.62579269801888
9749	5.11241270566839	0.990572371889445
84946	5.54235195099343	0.537368318802164
5325	0.609721958777757	3.27681330342729
83443	6.12248498467581	0.571740808008462
8676	-1.37834406112625	1.60877245542113
7402	6.15529602498964	1.05129794764703
7957	2.2712659237285	0.752723391189094
100507557	-1.99735176354467	0.728288385540841
84085	4.65234830137407	0.480792579272105
257218	4.13029387720357	0.411348281705595
2911	-2.88220179810019	1.15205207651523
10981	4.95177423338409	0.655633523939533
729176	-0.791510215040977	0.698917001788148
729178	-1.92276991476471	1.6568097961639
134957	5.45744205197559	1.25683813924917
389432	0.949499231002391	3.80347661160554
23328	5.02154158021679	0.761547929399374
10090	1.34796795444845	3.42876145078969
23118	6.36582782521623	0.432284528075555
340152	-2.68602118333122	0.807861335062176
85313	4.92657782702037	0.602028674706167
116254	4.94048828651956	0.479431072432401
645958	0.0101078028536263	0.659591116819797
11104	3.83743182458813	0.651407306315192
9113	5.36791297312225	0.732536756175474
348995	5.07472866480727	0.632059261882476
5110	6.75308677359715	0.602202638761538
84918	6.69379497780173	0.60188763551565
135250	-0.797015359108575	2.54921336013191
353091	-0.396429095594808	2.10029890622408
80328	1.64079429498311	1.97420829647362
80329	0.814428062219867	2.6102297316285
646024	-0.960646453046601	1.1244758163524
154064	-1.17856254009482	2.55923035029869
79465	0.837585413930477	1.51953184899446
81706	-0.0731767439134534	2.55170712175921
389434	-3.45319831765871	1.70513181930622
57480	1.01668962820864	2.84538704212236
25902	5.64904670380437	0.753596548569906
9590	6.20065536723774	2.36901283403959
57621	4.87156102591941	0.376712485082038
55005	3.9744041476215	0.530350379747605
79624	5.18886231180888	0.394554550208909
80129	-2.72905472015285	1.50584855087435
2099	-1.30720047753335	2.65667025088798
23345	1.92864568620807	2.57345553336314
7432	-3.14954944398939	1.84191356825257
26271	4.83043902873463	0.391341509203807
54516	4.76906885118013	0.37347515629288
26575	-0.474285399482545	3.45321175719495
26034	-2.64806928977494	2.08795813715758
154043	3.28881018142312	2.2640508804363
101928868	-0.601713104166237	2.50717032104452
22828	6.03366505851287	0.359311695473148
26230	0.668447829366414	1.51262876850485
51106	3.463121619323	0.438379595270916
49861	-2.55745052637699	0.981150577645318
57492	5.24979430930178	2.75614877011732
729515	3.78580536850972	0.717723215962691
79683	3.67603443311519	1.02475847952671
51429	6.15205417234637	0.350540202252477
8871	5.77945597608432	0.756889051853245
84947	3.64236673088692	0.714299446764971
404672	4.98219251177679	0.641852843948351
56995	5.2757744063559	0.538597475946848
57583	6.21347996039241	0.649680722670853
102465694	-1.10958462358067	0.886034008908727
6993	6.08259414273446	0.30246372105807
94120	1.85820992095343	1.67621058707444
7430	9.26197889440578	0.966357451761433
100130967	1.26803736144072	1.16064639427516
83861	3.6433040138768	0.439023482704478
117289	-2.47790026173212	1.17233123143719
84624	-3.54716447185696	1.27828454180383
6648	5.96842525927113	0.601756482390252
9589	6.50126214365967	0.27855577964574
100129518	-0.495352655201102	0.522743268677645
39	6.13624971987035	0.398596480357836
6950	8.43013524451711	0.517643955057138
29074	6.08424985466436	0.336618354484872
154197	-2.64172790888366	0.926621775611032
3482	8.11043073654807	0.877074418283962
729603	-0.89207871468633	0.928078917368293
6580	-2.00083940652173	0.872730809382204
6582	-3.6505050455285	1.17427795322022
6581	-2.03728853501278	3.85478975584202
80350	-3.046106042849	1.31087326174049
4216	5.18007714674521	0.511676816458772
56895	2.2322810825349	1.70331710932493
5071	-2.93440464017617	1.5629964562228
135138	-2.73742479206519	1.3319140922308
105378101	-2.78089678104503	1.10006881455846
9444	5.09526056279372	2.62219835925534
168090	-3.30543308877843	2.08491377326912
10846	0.0605424734911769	3.64750916401004
90632	-3.34359237411973	1.58464662231248
285800	-2.08600630408637	2.66528549213117
113402	5.75402177450905	0.53385420553936
100289495	-0.640848236179065	1.06504665286462
51660	4.47868311250606	1.24976670213224
6196	3.34342761815137	3.00560912226865
100874353	-2.93807125868489	1.5231367660214
8635	4.61001216052255	0.971504735369299
11116	4.35326999299363	0.523237355952213
1235	-2.20308593456513	1.13076642709173
54346	-3.51666038624208	1.21526298730447
401286	-3.64342171813517	1.58862559196716
441178	-3.51508453907002	1.93523699456599
653483	-1.3969681372779	1.43521363637745
4301	7.03736574226569	0.551098050662113
100505879	-3.610791714488	1.18298487676935
168002	-1.02893434596226	2.72174639160554
64094	-0.991295833390122	3.21738607125992
101929523	-0.914936976492959	1.647337232158
7058	-1.02865425118778	1.78482437527773
105378148	-3.18466686792183	2.27181951238796
253769	3.31339162235591	0.552220448685708
387263	5.60235015833343	0.615487736337857
55274	4.66420087806063	0.658697939363939
55780	-1.64547719011308	1.4445621736352
100131532	-3.68369433471791	1.58698436128177
105378152	-3.1264183282907	2.21896881191964
102724511	-3.55854264846579	1.58949612709425
285804	-3.51125481902884	1.84948209693595
401289	-3.67686987700919	1.30663609922343
5689	7.47796384770736	0.261022732359491
6908	4.28245293433945	0.438324067648072
5134	5.71909814107229	0.444124078957126
101929692	-2.86052056615201	1.89062973887922
56975	-0.0600997959115478	3.3703313358373
5154	3.93235816865907	1.13823770603961
441307	-1.01072996416856	1.78089016870623
5575	5.61209011647945	1.10958300573413
54919	6.13265645871805	0.605943227407272
23353	7.37735464210634	0.299590454833602
51608	6.64681030089351	0.57662450066662
11033	5.46266280584569	1.96349603110903
90639	4.71157949832503	0.32077342470664
84310	6.62966495021206	0.626916258924117
54905	-0.72755433155631	1.95023494564779
115330	-0.0764276714662004	1.12514054676179
2852	-0.700465734036227	2.35963543614602
90637	4.14361484911714	0.959140026561388
101927021	2.92612025984879	1.12178091597882
79778	4.15710519155443	0.662321623490215
26173	7.44405766060273	0.482794051716443
7975	6.23150824058806	0.750769359068719
100128653	0.569262682655983	0.510833744029343
202915	5.27598736914086	1.13306660843593
84262	5.12459781209087	0.366582507980763
114796	1.78633109666159	1.52292680566131
392617	-0.0630640222142692	3.13086059641501
101927125	0.735396397567601	2.18650167274287
8379	5.08409186340265	0.409543973226226
29960	5.51513488947844	0.337680304205147
4521	5.00122665446117	0.496128966101324
29886	6.15435202779304	1.30175885899325
8662	8.49329736973957	0.485652289821102
55501	4.38853153605199	0.686928519306101
101927181	1.51828556982808	0.981292622007146
3955	3.94574199258685	2.39185922257059
221927	5.45226411712907	0.644418242623185
23288	5.77726261890896	0.856977071569785
80727	6.73667381707864	1.52007004911044
155185	-1.81883301399749	0.915725916905417
2768	6.71941237436807	0.900700136001037
84433	3.15722667427166	4.55302724981833
221935	1.50820622975746	3.25603079819073
221937	6.90163278067963	0.420799685162595
9907	5.20715684657872	0.644515158805754
55698	-1.93115979239046	1.76282531107214
441191	4.10333427282781	0.687709590502564
57786	4.67348385837273	0.427924289433937
645700	-2.70186315540811	1.14437701603831
26100	6.39425862678041	0.347196725811538
222962	1.73107587179131	2.90030913390363
84629	8.16581533260182	0.613958300214641
80028	5.85593596651467	0.770122031681648
693174	-2.51684081221307	0.757765156741624
221946	-1.44348263966509	0.814138545855397
60	12.1137940235794	0.486936315234165
6624	5.77888273669124	2.42791408650614
54476	6.04800806977738	0.610457407039621
401303	1.39415940682567	0.607614943380415
51622	4.21818949321954	0.520168566038484
5395	4.78519157020161	0.631783495802047
7965	5.46666500396457	0.422701567973735
27102	7.81978131900122	0.328834467336066
100310846	-1.08253453655523	0.757470714194086
84132	4.94714450269277	0.342198983673794
9265	5.28592082157372	0.982933555520588
84792	4.79244810773921	0.451624952984739
5879	8.97952850380909	0.291542969519207
221955	4.67964803425324	0.595019062468658
11014	8.28495355580924	0.380765586331286
392862	-0.936478322839997	1.32914072264294
55146	5.22618237802956	0.757374644154885
79034	4.71150171929135	0.659889077983299
54753	-1.32487540857266	2.37794898303922
100131017	6.06405677375461	0.30608052505382
7559	4.67551440803715	0.570041332904556
441194	2.11549582683656	0.738920320323103
221960	4.78981890836832	0.36792628140868
56913	5.4420330949976	0.577617468375961
101927354	-2.84585690875242	1.07550688305797
101927391	-0.0881088367372344	1.67502966232123
54468	4.61981229866976	0.470749057181421
6119	5.58982969731355	0.533931784342997
729852	4.53201470746684	0.388852860370719
100505921	-2.3038439376815	0.924065664897518
113263	4.07744275698113	1.00197973444259
3382	3.96661920116337	2.86645360412381
100505938	-0.488263346039067	1.07363185779501
30010	-3.02635835852004	2.32741640924663
4697	7.60347725272142	0.437140922170429
9678	6.07384452252068	0.771396095981346
221981	2.5670733000155	3.51049732055969
54664	6.59902576364103	0.591184069528508
221806	1.03102206232663	3.04891889475333
102725191	-1.51865277043726	1.5891972797165
85477	0.098115251578505	2.62631057629622
10124	4.62700753954937	0.863342423387254
2115	2.98707483348047	2.74331718164528
1607	-2.74966277900463	1.33706506238636
392636	-1.92417905961554	2.80277181195261
4223	-2.86298305738039	2.57428848652703
101927524	-3.44666821687866	2.00865357247815
729920	1.5925954826377	1.18589799059459
100506025	-3.38314865574787	0.872073256036681
57037	4.88987262852826	0.548523314553664
28969	6.71891947351838	0.66624540455947
27075	6.45082970216376	1.86093780115564
10551	6.51660190720731	3.73890483222889
155465	-1.65733136840146	3.20614914912686
196	6.09399457709215	2.05734095865137
102659288	-3.47227920753351	1.66746475599231
101927630	-2.98672231538868	1.58108110812045
23161	6.21277276388527	0.33598354262897
9734	4.2911661481177	1.53742709756751
221830	5.68126309494199	0.441449522714666
101927668	-2.2957269270001	1.4497877282995
346389	4.6378760448979	4.34460079653412
101927769	-2.17287071341311	1.77688028806508
101927811	0.0510897808879512	1.90595681142741
3696	3.72848563229493	2.16234162908422
221833	-1.49179440924075	2.16218515666159
222901	0.205342252737348	0.526432040770435
6671	4.2354586158267	0.640502878811349
8701	0.184726038680301	1.27717019931428
55536	5.69084484380052	0.852643509041643
9771	1.87103796868181	2.89523388129676
256227	-2.79976755148215	2.2614560545386
100506178	0.0779611647678315	2.66634445782716
3569	-2.11328454758948	1.62468827396565
54543	7.46133289305	0.540545614097598
692210	-2.85235938730037	0.935513921989698
84668	5.0994501233908	1.095013079579
100775104	-0.385799345518416	1.10627086750771
55975	5.13040154513159	0.424599162375399
11097	4.87238631880495	0.576691912285963
10457	1.1874347851663	1.9159161173723
115416	5.1117107746561	0.496052204092351
10643	7.16805851044552	0.683576400267459
256355	-0.586420671274045	2.56476503216089
29896	6.43446472252041	0.304142677450281
90693	2.66105984170008	0.894716637199445
340277	0.876685143282034	2.21506860975221
56164	-1.98996784542812	1.65604196142255
51678	4.5193184003164	1.18519636173383
1687	0.631673798861795	2.25410890318308
26031	6.00363643277343	0.932351742270729
54205	8.35477063814421	0.407059066830967
136895	0.883475378846803	1.59789846608394
9603	5.60405018954694	1.05857567482639
3181	10.5634530698036	0.326157116992427
11335	8.45276462966485	0.32753872563426
29887	3.43185157958455	0.93421910704943
105375304	-2.83404745171702	2.76918303642373
101930332	-1.60905639779797	2.05424289204669
441204	-3.04001549000186	1.20222714194565
9808	-2.95892511717729	2.73099034433222
8935	6.90191624907214	0.809844420975416
3198	2.22925028433079	1.60454207847952
100506311	2.008514522448	1.73972788483587
3199	0.523252334813688	2.09600326326784
3200	4.50978712767872	1.9582080846799
105375205	0.356094852676394	2.51848597531714
285943	0.282169534292248	2.5032940331343
3201	-1.52884061479175	1.45010807313701
100133311	-1.59074543943053	2.67916706325417
3202	1.13248816943436	2.9232251238392
3203	-0.199661630089104	2.63974290155673
3204	-2.80795651413016	1.50995647741564
3205	-2.44350997992617	2.50016959790522
100874323	-1.04322454976856	2.64472421975154
3206	2.06216545488759	3.9807161231266
3207	0.81279478414862	3.15132586787322
221883	-0.400542682326275	2.77334452085205
3209	-0.0888851363039635	3.07577830387952
100316868	-2.53662292743193	1.47131388607213
11112	5.83000412512238	0.677176086756712
790953	-3.06010926588568	2.1209799235888
8887	7.87108575383483	0.381859211798764
221895	2.00164667951416	2.15415397406165
9586	0.814526207712223	2.39862937344393
9865	-2.35577274227502	1.9649548084463
100506497	-3.50711910893337	1.24429262578074
54504	0.541851015789037	3.04431057198479
1124	1.34952690928906	3.05770799543404
222171	3.9081635194757	4.08254980585586
646762	4.25121764633804	0.655173430753519
442524	-1.63381372565301	0.690975002674352
644150	-1.4754838708783	1.74108910022671
9805	7.94502234845806	0.971891092607297
55033	5.42337756433971	0.592512054648464
84725	5.22579807285199	0.522921356256447
222166	2.89682630764844	1.23727194534128
223082	4.55812245305844	0.611249525398851
222161	1.55458830747388	0.70502256545019
100506516	-1.26293401023315	0.854956629660144
10392	2.55746854298526	0.991404139522079
79017	6.31801835792461	0.484246405844969
401320	1.54246024135406	0.650035890972323
2617	8.12301438674853	0.819863420498625
1395	-1.98535849820214	2.08488942984705
358	-2.03525783561636	0.930504898959852
223075	-2.32410047530157	3.28251110775396
100130673	-3.12293979856897	1.77710313338649
23658	5.82576912475743	0.425079225258907
23080	7.00218340056544	0.443367091073054
100129460	0.0330817040878269	0.648735650450407
441208	2.65323206800732	0.752795658687551
401321	3.08518805634256	0.872244249539491
102724668	-2.07491985645824	1.19852946534559
25948	5.98362067045683	0.397855926649026
441212	2.85942804907794	0.724620802254161
11328	7.06920599746682	0.540837017498124
51251	5.66264804212597	0.805908679411277
6100	3.36182986162736	0.706493811860716
27241	3.02745984222526	0.554119493109171
168667	-2.29383651368948	2.06892080550687
23333	5.90767640904281	1.3415661184731
554236	-2.02728999170821	3.36893844640152
57057	-3.55794574809753	1.57334742235626
64224	4.38355277834237	0.55825394550409
101930085	3.05989520012475	0.685900826296144
101928545	-1.04082522344195	0.870779634939515
989	7.77758945947114	0.25398974646975
80820	3.95728218739355	1.71437395049597
23366	4.4669173205986	0.964149716955246
54443	7.98034700760801	0.535595585806723
313	-2.73268489840206	1.74283701908224
9844	-2.15305874072758	1.74781577039294
54749	3.1662990207943	3.02902227711867
83930	4.82069600369278	1.12519330600795
100506776	-3.34234568457651	1.72948039431815
273	-3.52784838374715	1.18028751145392
27072	6.00649316604896	0.434077279613572
11281	-3.44755768447733	1.94603762035466
57002	3.52554539639196	0.658406799906784
5898	6.27607074761906	0.36852599927944
349114	2.13470150862015	0.718830378663378
105375305	-0.731456211174343	0.571217161694601
8621	5.89600657579317	0.284805478399794
136647	4.90572299274615	0.627950643325008
79783	0.00820785092825642	1.50560145974357
3624	-0.438727797230631	2.51733414897291
2737	-0.916414679979269	2.58978561587518
79020	4.24126439751449	0.382262262681989
5683	7.65665744773401	0.343719581620599
64983	5.7503572775712	0.467400615330412
23072	-2.154595211262	2.31099765751731
100506895	-3.66217306588398	1.32600175653768
9263	5.38006040658274	0.742934012273524
55744	5.43446610104445	0.484926409752656
644	4.84213507652914	0.772171826301957
64951	-2.83951571688053	0.926623492319377
55665	5.59963361074907	0.589693003917156
51619	3.12389003946841	0.916598655616483
84820	2.95054373272142	0.828749988968656
285955	-0.110912532927898	0.657851895243322
401331	-1.26367847400579	1.49975976712385
255031	-1.33070153917929	1.95519861303568
28988	6.90081608350463	0.601138186932716
5224	1.21707741436067	1.07203851790523
27434	3.74154689477334	0.950256103526347
165	-1.85401488727826	1.57883324617829
5425	7.27082518331444	0.692168089141904
10652	7.61926501221419	0.40575817250472
816	-1.12000619225712	2.77506436327184
23386	6.65887833253117	0.521662686747431
29881	-1.5457427238549	2.52546291931845
54606	6.50293869326191	0.446921597918064
222068	7.511151213228	0.504730605811518
4967	7.71444289458209	0.549305855258637
83637	6.84138861616908	0.746408536773655
5478	10.9269960549978	0.28463597414839
94239	7.63657768653112	0.506885316397801
5814	6.68770436570449	0.44948868826999
64005	-2.27326579544059	1.39207500907175
101928927	-1.33468959094489	1.18039767852213
285958	4.080725333235	0.666686521185744
83605	6.00164595684848	0.513993097077564
23148	-1.37268431751593	1.94719051480785
9238	6.65424431688482	0.53668962959974
654319	-2.52450317410382	0.775544810200048
677796	-1.2612635092021	0.840358618942847
107	-0.281765820103036	3.62820253138532
641977	2.8010151239383	0.508909578746427
3484	-1.20298279535271	2.93228270909
3486	5.77422313280385	5.25455309277087
730338	-2.74012881204132	2.1638291795959
64759	8.13908009303847	1.04464126790149
101929086	-2.61248242415542	2.1118756694692
401335	-3.46327278202822	1.10467506776036
84847	-0.779044254145645	2.12578820151571
168507	-1.43362791853386	2.14375701930743
80099	-3.13251629773667	2.65903409910568
3364	4.41904216259675	0.617275808732957
256979	-2.00220132151487	1.67648436868342
136288	-1.64843434451507	1.96801188382021
7378	5.31909398090907	1.61629913106785
154664	-2.37541183645348	2.41808186911746
168448	-1.44915322993956	0.935213186090967
63979	5.20718038461409	0.27416190079596
1644	-2.56923281232458	2.97364868289927
2887	2.88057915723197	2.97528806607941
23242	3.53655019149038	2.69400002359403
222008	-2.22560274463444	3.26344022895957
285878	-3.71193354120376	1.10410472141772
23480	6.86389407241958	0.649505535052635
100996654	-2.8751451029463	0.880686573390719
1956	7.35858504303339	0.879804763107976
100507500	-2.63866425518242	0.913675651662882
102725541	-2.62307536523106	0.939333064409777
55915	4.43867450634401	0.493379449122435
81552	6.5842714897961	0.560752481140427
360132	-0.0455734434224192	1.70411956802593
101060341	-3.50143073673903	1.09179475961463
349075	1.64109528744529	1.50565963211726
51373	4.88097570833944	0.385867864935853
2631	6.27731096886603	0.817489429780689
5723	5.51305621226055	0.817451374843588
908	8.92051592585308	0.425184934609541
25870	6.91814741996848	0.385961950744311
5260	-1.09955247779647	0.634664208995969
51142	8.50248170812009	0.4667544992932
728927	1.8664304726484	3.24627246615935
649395	0.346680176337943	0.500581017259707
340252	3.4240006927275	1.03607837290446
100128885	-3.36379468557672	2.24573610060108
641746	-3.75428966953176	0.992555724682184
51427	4.37955001421403	0.700954823104408
7697	3.21617604449674	0.4175796387032
10793	2.7213095796148	0.627849706250266
51351	1.90088151699351	1.55756653960377
2086	1.59713187311638	1.14272997999701
643180	1.01051740729181	0.406575829312317
168374	3.66445594248932	0.453937686936964
441242	1.06558101460525	0.735702502469065
643253	1.94156405846345	0.632754559931192
154807	6.63640610598438	0.411933205536658
2990	5.93571107957132	0.714242505301634
435	5.10324299460314	0.583237489711739
27297	5.74992844955235	0.394401868714231
8460	3.39848080605452	0.819563369398257
285908	0.59665943158774	0.691230642349462
100289098	0.395391882245943	1.22483352617731
493754	3.95352275182007	0.458597937113402
154881	3.11130453483028	1.12855841611995
100996437	1.26172253169264	0.686839052756058
27342	5.42540229388871	0.436992336907693
729156	-2.34576946207993	1.12574806164731
644794	0.932402945161972	0.545606245102848
55069	7.00704123378514	0.298777310383724
51119	6.39990115560404	0.744480147763189
55253	4.93495872130754	0.654642625933564
5382	1.14769318186666	0.823053663819016
64940	2.99794469432709	0.717125650922296
26053	-0.419616314597679	2.74557311002165
441250	1.88365371899291	1.63593216654374
155370	4.95085158834032	0.580657693186099
9883	6.15233819480619	0.567163093085699
260294	-0.418192639339569	0.943528021509688
378108	-2.32910870352953	0.654548022379935
442578	2.55116829679727	0.970283376008739
100101440	-0.828482588336262	1.10374171100875
100093631	4.31376036970039	0.677245385664216
55695	5.06236584390471	0.609888285255543
8326	-2.37400070663572	2.17998860672137
9031	7.90954465662107	0.488763112738712
9275	5.89250902675833	0.442763243638045
26608	5.83706047348652	0.445426433948851
51085	0.295061836728862	2.09457264736432
155382	0.0894790173497096	1.83577225359074
84277	4.01137323874368	0.670660904322792
114049	6.91609739325863	0.516994480259456
6804	3.69351884394148	0.753944473730955
171022	0.331425022324133	1.53850463550951
83451	5.67880408550971	0.959416303010616
1365	3.97192923705496	3.11682994913588
1364	8.87303231636609	1.02023668968531
155368	1.08416922828509	1.64249437449787
135886	-1.65373953889928	1.67149393722506
2006	-2.95718407439196	0.9770494715578
3984	6.18410957351468	0.903092810750018
7458	8.95309887997226	0.445346864681134
693175	-2.54754744618926	0.836597773838996
7462	1.93964512213534	2.69577203036968
5982	5.73124895090664	0.576902692054857
7461	5.68948513689179	1.91845309191856
9569	4.80875783355287	0.559130618174442
2969	6.94157519557934	0.475822392107111
84163	1.73956984644552	1.24912610256907
442582	2.91750764884436	0.800275817304787
5383	1.11827943050934	1.02032420740659
729438	3.32867745103278	1.11793093393614
81554	6.44881891813398	0.62783363037272
389524	3.57648127281158	0.479201856906697
2970	3.54083924233896	0.595524280010299
5380	-1.20980686762876	0.888383367592571
54441	2.33662021499236	0.879490950251791
155400	2.79397908063147	0.587245394175477
100101267	6.29788475490397	0.603805976435475
442590	-1.49547521953382	0.691569839501811
5387	1.99584234999779	0.521326418543363
3092	4.8377486776085	1.18725161132045
10344	-2.40571736014825	1.37712175538895
57414	6.45129993574365	0.452224681546792
5447	6.77384024418639	0.516880310375801
100616270	-1.48915712417911	0.789414093580272
677801	-2.70308807443145	0.876769366963865
83862	4.47108339955223	0.751731558176229
51657	4.88368307389501	0.964154331869391
4191	7.95576394599367	0.562124938119138
101927160	-0.486909234730479	2.41636011918234
222183	1.49211268661724	2.85973464654462
3315	8.71063137071978	1.01132388262982
7532	8.97130872585088	0.431771582891161
136853	0.130508323586832	0.861647487962735
7784	1.97460900226666	1.87405130728414
113878	3.80737028868823	1.02861374316802
619190	-3.29172399405098	1.03531675946387
105375355	3.39405943729906	3.29737587198777
105375354	-2.89811956179116	1.45342090890389
441263	0.927539893685263	1.21533089319325
100132832	-1.25593667832021	1.3275245545305
100505767	-2.10118522315807	0.902191416167118
57639	-0.244889761710632	1.80053801882075
54103	2.14542894128683	1.11001297374519
5782	6.65905579569603	0.536294802830933
100505854	3.21477177121056	0.597467695308908
222194	4.52865213579382	0.405916598448586
85025	3.78393754462525	0.61765144774124
57157	6.13340302578832	0.663405351589059
9863	0.30648024175862	1.19364068751063
100505881	-1.59378257096381	2.78913895228321
2770	3.83182391009042	2.37258435603513
948	-1.07453505078006	2.5789522743252
10512	5.54579512463341	2.1771355295257
3082	-3.35822814470081	1.68317371938003
781	3.53130016214766	2.51904138566548
27445	3.45006266466861	1.98630042473803
9723	-0.0963198948290553	3.0807345528645
10371	5.92412547296252	2.10933861704041
101927378	-3.70567078349447	1.40856558261637
223117	-0.402387363340727	3.27706823532931
222223	-0.169434322161301	3.33358525242033
101927420	-1.25581682717895	1.01876608506051
9988	4.67712175139868	0.562007738942042
79161	4.102084982924	0.729864993909767
11257	2.75594107280327	0.7956768898356
54677	3.80794275076264	1.39471390630454
5244	-3.1389294044772	1.38032742686553
5243	-2.34751976842701	3.24498481776792
154661	-3.35899265311652	1.01114263099072
55972	4.95873313939482	0.344389015309608
10926	5.45659651576294	0.551475432094661
53616	3.00571135753315	1.3517514768877
6717	5.55339120080919	0.602258272604085
79689	-0.0899869034009121	3.56661124913849
26872	2.50961210736151	2.72083760397388
261729	2.14290153370252	3.83122699458017
79846	-0.325035183360258	1.85878246201221
85865	5.1733383840367	0.320034924907178
9069	5.7934859702344	0.752695254091398
5218	3.27819298794625	2.31316543570728
8321	4.17553435542863	1.65539920635877
7978	3.32087712706071	0.32070798790975
10142	6.25036623963424	0.585305985978841
1595	7.6423691171966	0.71255394620028
613126	-2.07279806508449	0.733063703567803
889	5.62469742913296	0.396249668476547
54467	6.87680639915064	0.394622725941725
57798	5.48583095167828	0.248938717320575
5189	4.7547637267361	0.71089589665118
84060	3.8630506056319	0.390813158394488
84849	-2.61063758048682	0.665305402145754
257415	4.6017100540982	0.494760979628487
1021	7.14643809590057	0.865450587878802
101927497	-2.32450397452647	0.8733307548128
54809	5.26013916860092	2.56557775446242
219285	1.75853530233975	3.58310441478175
253012	-2.10634619255789	3.51483671289753
55610	4.40282439419768	0.473121921302905
799	-3.02214813537102	1.2448761960865
7980	1.88370811549972	4.4449758239487
2792	-2.55385477588817	1.66056921387741
2791	-0.0363703503818116	3.73965202254009
10282	4.18651514322079	0.573536163804882
1278	0.0767463683316748	3.5295108637716
64921	4.47777140673624	0.512324526934529
8910	2.62904236854643	3.13692122062784
23089	5.85441590203455	3.7060986038368
55607	3.33940266596488	1.6105894817744
5444	-3.17178335696458	1.26038191360154
5446	1.08236050243115	2.28315742748193
5445	5.9742067603095	0.422673724491549
51666	-2.09715730783177	1.51204273923775
5166	2.16770470195598	2.83254058792588
1780	-1.46680148950147	2.5476510695128
10165	6.31989562245986	0.403773817163617
401388	-3.60196496424424	1.69385005295405
100506136	-1.62661762455646	0.734890538792675
7979	7.15379979163652	0.408121793206813
285987	-2.35583444135443	2.15597844500317
1750	-1.59561941099151	2.93465414927833
1749	-2.85547092135075	1.51828875604522
57001	3.94284654309679	1.05733158532917
440	6.50156427971301	1.40863832068546
389538	3.97403446485544	1.00543653746598
22853	5.97743607432634	0.4728826743402
168620	0.914154369413087	2.79424535023738
25851	4.46480578285888	0.608896510516092
25798	6.55917013734111	0.684341812401172
55971	6.60567654565719	0.879769226952822
8295	7.05103106267549	0.5786925078552
101927550	0.610517260891843	0.500075039618546
57154	6.323842567131	0.557770621313021
402569	-0.562529622756989	1.53456574710661
84176	-0.285930777384355	1.89402408686353
10552	7.51122406127519	0.530949763383859
10095	7.62891607999694	0.427175366827649
11333	8.13862272659781	0.416652294406588
8896	5.72503613538867	0.405747125897902
26024	-2.4030463536074	0.658058680683557
10898	5.33176365919255	0.665238158392614
9551	7.25061080862294	0.468806387625092
285989	2.23280433973145	0.63256292279859
84124	4.19012918916375	0.29158076819601
23660	4.47752376771491	0.571929493810834
221786	2.67726881873089	0.514653584998738
79027	5.28952345468432	0.877043543966557
100289187	-1.47362431147426	1.02124266920586
221785	4.03893718136947	0.512938167802858
1577	0.324661771797548	2.48633089724576
89122	4.78662178717471	0.445514869792497
349149	-2.41756133327561	1.28637527812961
563	-1.35903527780767	3.39591866964092
7586	6.66693568739605	0.503483767319012
7589	1.54886304729321	0.917968814569732
7551	4.53859328958888	0.6225296584197
10980	7.41494169328286	0.311580616028645
4176	8.16592432393166	0.7002958736744
407014	-1.01246102696993	1.06271659638448
9179	3.12919430921221	0.663855044158705
6878	5.93475144926891	0.350772372919759
245812	2.45323795413942	0.756855176565863
255374	1.18896365317119	0.885655849085982
389541	5.85045885997958	0.564719834704403
55262	4.47489560257979	0.510683150515097
79690	-1.92890193889338	1.39035285328851
221914	-0.482685228712076	1.46888070786607
10734	-0.620153288996114	1.05676601859623
352954	2.42470562359023	1.31920197619913
79037	0.638594840352554	1.14379670674961
441272	1.28947973488922	0.500066652837612
5379	3.56011483144618	0.55506066287366
101752399	2.89013931382106	0.479539762533492
101735302	-0.875424994088227	0.817038686867383
102466747	-2.33088706210242	0.942961536901912
29990	-1.4947635405409	1.01976820186713
55063	1.48109713636779	0.61468071174818
56257	6.55895726134121	0.55581460561007
221908	4.63376735533315	0.530839285405433
402573	-0.929595341441968	0.752434629271697
81628	6.31642465105913	0.560568653949772
222950	0.96046660918143	1.36666300202494
3268	5.39197255958686	0.751254207894026
100316904	0.659344608618005	0.789082100733556
4034	5.5973700632004	0.543792530414982
26261	-1.30617192186279	0.676531110541358
5118	1.05618960906136	1.50135500159502
64598	3.85302660101969	0.684770194565775
7036	0.191908712276922	2.69686481644123
2783	7.73994083514126	0.26069984618364
64599	6.31502598353638	0.563687197626861
10248	5.32758032719955	0.369968441661993
2050	5.79772758465065	2.26602332422776
56996	4.95381160350415	0.289199234553002
7205	3.25832125572028	3.76295496565587
51593	7.31458771086592	0.266948574710549
402682	1.17672529610567	0.580923481714992
43	0.579821108104779	2.3108264591436
4584	0.970974874203045	1.82129903176259
10071	-0.791791644169685	1.73144915667986
102724094	-0.0427629034138747	1.96371298986541
81844	5.94015355939671	0.506701246349416
5054	5.23293728589124	2.11790135158544
1174	7.17908773045314	0.609379592412553
100616117	-1.29545384000156	0.939185094831652
7425	4.30177995230855	3.40237203251756
375607	-2.17762289047895	2.20946418313374
346606	-3.5557195026027	1.46648738867701
8985	6.35169967199066	0.724681767036964
10467	6.18702899553794	0.314939073828625
24146	2.27182696770849	0.749708748416266
51024	5.76948317128224	0.735698931901296
101927746	2.22517713650163	1.41218667935209
64792	3.84541951441115	0.836316054627693
136227	-1.66248707970578	3.11686963519122
1523	6.89479905182623	0.362620683491097
10603	1.66621099742876	0.897157569492566
729597	-0.486918237602513	0.679820375996058
100289561	-2.79799859108133	0.822733220039517
79706	0.255960987589132	0.471833968832746
80228	5.07219625759961	0.900236734390176
54784	3.07467629245334	0.457702513210438
222229	4.53778712938388	0.831691153907071
5439	6.2487139369155	0.374935111130678
100271927	-1.18952829252525	1.21960766148568
548644	2.23299025341138	1.35489860418326
441273	-1.78974838939759	0.889639055847062
10156	-0.575014099987869	1.00206500713201
246721	-0.00183380657123465	1.29141823942834
100310812	-2.78146851073425	0.965718102208452
222234	2.48304865633553	0.276250597033045
222235	0.190092884202359	2.28757493699782
10234	-2.01106094795538	1.54159581542284
58160	-2.76355582106374	2.79943098024149
83787	4.82333503748168	0.432087100312289
222236	-1.21904476074846	1.05000053062497
349152	0.897757404392011	1.8307537520834
9512	6.12657052935745	0.378282694606256
27000	5.75296870912237	0.452154408452369
5701	7.08747411812524	0.386271660466795
375611	-3.32680533877538	0.90542526605889
5649	-1.6956149873404	1.80459715462688
5001	4.61545638619022	0.462966969293931
100216546	0.280760828978326	0.843473340158401
100216545	2.20978261423766	0.60620817829725
55904	6.20427533287386	0.402820941816491
6733	5.39809533609472	0.446457071445746
54517	4.82572667494673	0.799006149717367
60561	4.64712472404056	0.667877774997303
100130771	-1.86886814972793	0.69465378935984
222255	3.4759050264711	0.593790230462014
222256	-1.4877201509572	1.00514106636066
6856	7.06447871425934	1.00486389235831
10135	6.52636364162895	0.838558421531664
168455	4.2911597033633	1.43591832778029
5294	-2.75448495743485	1.69909067104783
5577	0.475887730325837	3.02130182289569
26959	4.82233132078552	0.644184710722825
10466	5.47866810290875	0.402756217067473
11062	3.36500188242984	0.432224412257027
55973	5.63142337698313	0.429867959188432
5172	-1.79314939606589	1.17963264865976
79872	5.23978567372387	0.433323324131092
1738	6.88102299858698	0.411021099860766
3912	7.06590250774833	1.33446283896964
22798	-2.77646764633798	1.30435474180242
4897	1.25090790244702	4.27742253943117
50640	5.33140215348679	0.637275784628968
168451	4.83862454993027	0.560765864867628
4189	5.4092068460381	1.19101841239226
83943	2.7234305978625	0.935363368209778
9732	2.48771347458101	1.76373969514857
11179	3.85523138081814	0.504319732028605
3475	5.71011427161123	0.97028370063594
286006	-0.3336191499424	0.883266812602011
64418	2.22499785603338	3.67984337095271
154743	3.59212810904068	0.618789990206644
54329	-3.19516112857318	2.3295112726097
401397	4.70066321095706	0.914992909577858
93986	-0.690761688021087	2.85200472381517
29969	4.44633751460234	1.99320131611283
102724386	-2.98467983242507	1.17755219734737
26136	6.21552379588496	2.5989340090088
858	6.43612568366701	1.4600135921027
857	7.68516952640919	1.8506002668385
4233	7.28911439445925	1.42367940364303
830	6.91840291524436	0.316728691419855
93653	-0.196505041449186	1.03588786035743
7982	4.23491571844587	0.525780914964518
338069	-2.46677336098795	0.884579913799425
102466616	-3.24337873742576	1.46046096475006
83992	-2.28638715210136	2.43205498988016
51691	5.08213996609443	0.449895945140718
56311	-3.36121127109749	1.09918489476456
3751	-0.886324354634629	3.11392734051329
23554	2.61664171085302	3.06421021972998
54556	3.73728386617386	0.736014963457697
79974	-0.902889819182987	2.61385855850982
51384	-2.03513863743023	1.56409016528944
10447	7.44562302807661	1.14059498917752
5803	-1.62068448039435	2.27581611405527
10157	1.55191488438404	2.08541650834008
389549	-2.51885013842259	2.20016734814596
154860	-2.37678421265285	2.18047484016862
93664	3.4011739456181	2.77571865781443
168433	-3.44324357999383	1.33380419794991
378925	-2.81352336142724	1.53849747705389
154865	-1.8335598987412	1.33493850341173
4698	5.44760077030834	0.683425618087041
8976	6.389025386135	0.473240911259031
23553	-2.2922730641935	2.5245544620594
2861	0.978198825359776	2.96615028674321
25913	4.90493981817642	0.390180304084883
401398	-0.869364987570034	1.32003315087412
2918	-2.95517980016602	1.15868700873226
168850	4.79684980124373	0.368341890026322
79571	5.35051218793063	0.385896513923828
381	6.80329347912476	0.366413436593294
27044	8.05408361213468	0.360558007150727
64101	-3.16729626724354	1.01161570028841
157247	2.73061767619672	0.380048738190836
55131	5.33637788974028	0.583015477651422
401399	-2.07970541112446	2.01953193553545
3614	5.50416027934143	1.14141460525018
29923	3.7951682478463	0.939629056551617
55798	5.1161707439306	0.460461642293338
402483	4.75215141519345	0.423513914881346
346653	-0.740490539033737	0.820257132381727
813	8.29102514645159	0.52776001190288
64753	0.420450566671784	2.30426962418567
2318	2.05333915105125	1.86562714822217
9296	6.78873856340733	0.591649588827298
100130705	-0.938249439787075	1.35807965044383
375616	0.463685114761367	2.47521872216554
3663	1.83322541255319	1.95329613163136
23534	6.97219950684408	0.471290525664491
286016	-0.070105332968738	0.703536820529596
407835	-2.57423584136676	0.714222058737485
340348	1.54960379754473	1.61282356252208
6608	0.704622692255188	3.81303860394438
23382	4.85397341444236	0.731908504343474
57464	3.25816650156286	1.34424474695107
100287482	0.480345103466025	1.60629759070711
105375620	0.217875173027483	0.949630112273942
4899	4.21971793671269	0.265366415456225
7328	7.46567504969518	0.691291701570295
51530	4.54404613040914	0.583228532242174
23008	6.00768207217584	0.24843798333235
84928	4.86830631098903	0.756207975791169
51200	0.804061214040467	2.76148491766578
93979	-2.583714516987	1.38078890769083
101928632	-2.78182000461938	1.55456948713781
95681	4.16624246161704	0.428668952818706
4232	5.54060811821212	1.65915617529141
317751	-2.57350348578242	1.23786622973371
26958	5.09245143459732	0.508894211026783
53844	-2.72602625025874	1.23027355408648
136259	-1.99742554736884	1.59312132535071
378805	2.40919699689841	0.861536430623271
100506860	1.03045170418379	1.76274418949628
4289	6.42570113916217	0.530547608920529
100506881	1.92503460177638	1.03219557548313
5420	7.72081530253524	1.49099999025488
91584	-2.47794114595704	1.30249526875732
54927	6.76131317618141	0.439623439265488
100500804	4.78494513461404	0.354185196835594
60412	5.94739813757684	0.613064662561352
136332	-2.00862599903242	1.04075980817916
84912	4.90986042811573	0.748536782728541
231	6.04657827783304	1.9741039337333
57016	0.84002391770497	3.42772652988519
669	4.02121646534289	0.487640697992257
800	4.8505080593284	2.64878325603426
340351	-0.511227239798851	1.07687511151655
55281	3.16869221197662	0.450161885929275
78996	4.66710094708413	0.406948714083324
29062	2.35172214088838	1.46104322024795
4850	4.71595355674915	0.349475055586694
23165	7.28574417379919	0.550931604246209
647087	5.58189147328089	0.413943396176464
26266	-1.74085693324284	0.904721350011345
389558	-3.40778863192637	0.919047171680758
5764	-1.48125343578946	0.683261211654014
64764	6.04563042548191	0.833331699231778
8805	5.37372423908761	0.469270742718444
136306	-2.28133804876558	1.84125266268885
50617	-1.63481603421441	2.37298546137455
57670	4.69489716772963	0.993995990960876
92092	4.11648032770333	0.878979425004668
56829	7.06242098335052	0.763085928481321
79989	3.50853111602698	0.90829391214468
254048	5.19480459864303	0.552131216977613
51631	5.99757962849052	0.395713975227528
154791	-1.45448817934299	1.02955611208566
28996	6.30094985463758	1.53516833463808
6916	-0.621785607506762	1.99543520387297
64761	4.70042227750725	1.07304031656165
80853	3.70508196051514	1.31025748831317
100134229	1.63734719038845	1.34279547777071
84255	5.39063134358093	0.52407571664111
401409	0.436013412116669	2.36286318921982
23608	6.89871218588495	0.249015742611261
27147	-2.78091230555885	0.979097486280296
90956	4.54317499247422	0.66367914833063
100134713	0.309735074618395	0.53428721907851
4708	6.63158710587239	0.33464493025731
673	5.50608429056955	0.414365895453123
51650	5.62225198945935	0.507345770010734
100507421	-1.04341815797639	3.10724707854695
55750	3.03944209140182	0.662134790313555
57189	-1.45429482078391	1.13780632842143
6742	5.39915284928179	0.351659827165801
54429	-2.20766564442201	0.814043725807965
8972	-2.04730185797699	2.38075025569265
28576	-3.5846835124493	1.18255346828392
5644	-3.44147177738322	1.44084725841715
5645	-2.44549907644988	2.14978178661916
28628	-3.77676987404761	1.05894165846695
28622	-3.64079242363502	1.49665422391839
28638	-3.3761934192138	1.55122644136281
28557	-2.73403386376721	1.73459513077537
2051	1.44885167681079	3.05293379026965
55503	-1.26021318495449	2.12387165940253
373156	5.95378699349267	0.535980470926234
135932	1.51275411899336	2.84733708447093
835	5.90461069623925	0.370117396786391
1180	-2.80964848449856	1.48790398672903
9715	-0.797753213670967	1.53578399984495
7791	6.1997248757353	0.657100745032785
2041	2.23453310221452	3.93230952372467
285965	-1.90203022695326	2.15070266094919
441294	-2.7948574148059	1.52869711524782
285966	-0.482944020295918	2.01171199702447
154761	-2.83464979192538	1.25741405970622
9747	4.90562736739763	1.24598834487841
100128553	-0.335526054364027	1.75680379829234
445328	2.52492282657923	2.56895307909445
101928605	-2.52833055534157	1.33176559355512
101928492	-2.13651992323852	1.5628877474006
401427	-2.59125650673198	1.28686780051385
728377	2.6410917803371	2.66014592423363
100142659	-0.657561144138719	1.71668618857724
7984	4.06128160922085	2.80458782922137
27010	0.851232668037531	1.6316703412952
26047	-3.17981987648763	2.31545892691983
8454	6.45937497361026	0.459423043807826
2146	5.64253084323862	0.751880866235427
102723099	0.132766431749371	0.806849079553599
9601	9.12126121954887	0.604728043336023
136051	3.37898167949446	0.500792619055295
155054	1.61166038690145	1.16627656208792
57541	4.24734017826856	0.458133832191253
8427	5.79841155277211	0.301507218353093
7988	3.99940552602338	0.50438428695946
100289678	3.73466719457016	0.682883114116099
155060	0.464965315319097	0.35726075628925
27153	4.28350387762829	0.545812399647978
155061	4.66405425172647	0.45038271478361
79970	1.88416951996944	0.509950876657628
84626	1.10094199799349	2.70174924377763
168544	2.3303704375566	2.16473080302063
23145	-0.97664786139829	1.97774508054711
643641	2.54289989823413	0.89627234297989
401431	0.683830847690082	2.17491167994447
155066	4.72099768233651	2.20966294262607
653857	1.83316964565249	2.15998023432806
65999	3.7736690584828	3.02153617991201
113763	2.11001479878785	2.35178546898444
5919	-0.437766196515821	1.92832206394585
29803	7.19209756328201	0.674236176912581
285971	2.28147119293238	0.898977919852388
728743	0.58896732780248	1.04718707350441
26157	-0.481598257916168	2.33656363270858
28959	-0.31807845153261	4.35846709466001
55365	-0.900217526972558	4.50375116409178
26	-1.14396883213651	4.44319437094936
3757	1.04506157536312	3.51203226281051
4846	0.505628303036247	2.39616370495688
285973	0.295055310713793	1.90537381370328
11194	5.26110415210071	0.368676624811873
9311	-0.288640611548587	1.31201592803446
1020	4.19609178068547	0.367354227345649
6522	7.80661000523632	0.587567305705271
10922	6.14668460540433	0.375346052093487
83590	6.49506151062552	0.466034559963712
116988	5.79776720321415	0.497366689629393
10061	6.4372879996708	0.434878407441748
54480	5.63255060600651	0.545810412289065
6604	2.13858752751075	1.73688568244845
51667	6.2240233401576	0.408432468600781
349136	-1.13893769305422	0.667063624386301
6009	6.8805268801156	0.419295190526611
51422	5.14016659526089	0.784954986817983
100505483	-2.12057124485177	1.58661205144859
63917	4.9037975904244	0.811711584745695
58508	6.43746029766429	0.290094343586395
100128822	1.96922794527146	1.1120067842503
7516	3.96569862583151	0.511912525391365
57180	3.84802956400762	0.69958421094404
1804	-3.55498791665368	1.2030700154459
100132707	0.79206726363757	0.717696532183895
22976	4.71061921071213	0.509119939701889
202781	3.15781653655805	1.08232802554768
3638	7.15015332489835	0.636391639432464
2020	-1.07327294046533	2.74098291707939
100506302	1.87056197608535	0.555734608116365
155435	6.10211203751858	0.352838096509146
6469	0.504740415419727	3.64903002613206
389602	0.094650545800128	1.93022855053567
100506380	-2.31755842945184	1.00518754081151
129790	2.76809880566061	1.08531784381538
140545	2.38010470937015	0.920769975716794
64327	6.31480841054616	0.485497750834926
64434	5.59817115833383	0.510404994961041
3110	2.12989824954534	1.37697067328215
645249	1.49226684982149	1.25653657322082
9690	7.70641312383184	0.353791339710903
10049	7.3380276029487	0.47644590508948
5799	2.39245803543493	2.87995739815006
100506585	-2.68049851672379	1.65985020174261
54892	6.83402088557669	0.573601815503308
57488	7.6253633292845	0.546691317903146
55112	4.29420244812668	0.581933710809129
7434	-2.26452776244939	1.48897157611797
644128	1.3411742755699	1.99883748966616
169270	-0.958048023728677	1.56279006223375
101927595	-0.417658445347682	0.905224444504894
26260	1.69277101578969	2.36841174690491
157695	0.388849865027116	1.98467197821507
157697	2.75042966735027	2.76377215375378
105377774	-2.88761898235994	1.1774956929617
9172	-3.30461556294911	1.35690781814367
100287015	1.44985215034956	0.938863424852635
79648	3.91885477559472	0.369372178166639
285	-2.10336022393089	0.930610794402784
100507530	-0.520153144385847	1.26459642575521
55326	5.81610781473859	0.599668895386646
389610	-3.00890338974639	1.32383805735489
1672	-2.157730007184	2.91418475697605
100128890	-1.78073698970622	1.6989969556921
286042	-0.352096835020515	1.4353979255146
157285	4.97778127426107	0.868515634649143
137075	2.43506485515231	1.7285505899244
9258	4.9578154042859	0.242752759014596
90459	4.73335703073447	0.857248800860136
79660	3.50916923335567	0.836927634202606
101929128	-1.52114020464681	2.54013718814556
8658	5.10764805210651	0.40782367401624
4482	2.40342091521845	1.99184313821791
101929191	-2.79905951844334	1.29318872372972
94137	-0.559009292196035	1.88958875479268
203076	-2.94531662099615	1.48991042034541
83595	1.01106369952217	3.11664776167373
54984	3.45688154672811	0.776924503359562
286046	1.03073381090143	2.42527540055699
66036	4.029051828457	0.761055005248702
83648	-0.270934181858043	2.3595607985183
640	-3.2759851707446	1.30194749943126
2626	2.05678130780043	3.65539996511997
606553	-1.77650030474877	1.93030802803797
252969	3.68372692291731	0.79555025006946
2222	7.41372180402358	1.10667174470313
1508	7.39127566026216	1.40369740942077
100132923	-3.18276473039742	1.26034753139867
85002	-0.387922055938399	2.06315274534954
653333	-2.05350242259664	1.55120733416957
100506990	0.236681962069438	1.3639391575983
91694	2.4161229752548	1.46902869065989
57604	-1.68616058304369	2.00286324258702
10395	2.47861315288197	3.73941521207739
7991	0.424053639619012	3.95389745449417
286097	-2.1439676711546	2.56288287658704
51201	2.65542048142139	2.67217786892813
29883	6.08634352437497	0.456122800971578
137492	4.7680761238505	0.540538743209554
9108	-0.409068925527156	0.589729759839436
6542	0.829189107698685	2.87326037704502
5157	0.116159309213117	2.26773007097617
57509	3.11265139864798	2.98291821616318
5108	6.43375243337284	0.511021719237736
427	6.27260526159181	0.869616377847415
101929066	-1.87757220566504	0.870345843223837
9	1.79426121604114	1.63081496411167
23362	5.39452898127431	1.04665820899678
63898	4.28829096355834	2.98826986090834
55790	1.23059224535323	1.3100830653203
55174	5.06171637284731	0.612686165874286
4023	-3.1884692599261	1.46713789961953
6570	-3.36682287635188	2.10009050336585
526	6.50073600517737	0.474158960615715
11178	-2.73732405978454	1.87313524138625
102467222	-3.90698389266557	0.970836951952521
23039	6.36088514635608	0.801784230372702
10361	-0.435485857375407	2.99987150642715
2039	3.58711652926876	1.68726412034301
64760	4.32350520733847	0.908765653154952
79873	2.13094656750684	0.892968067542498
55806	0.797018378748412	2.90187754144409
80346	5.16806436384492	0.839469852646704
203190	-2.95858733742707	1.94133810498195
649	4.94220189472781	1.27801814239367
9796	-1.36886841634656	1.8914024610713
407037	-3.31192452918214	0.915846099012334
661	4.96034737793414	0.597631635625262
55124	-2.07035998259874	0.790485909259514
23516	6.65508939560125	0.816822867264523
5533	2.76088962058023	0.71185388774357
10174	5.43667856940047	0.96739587870274
64236	3.40866017920081	1.81654121612537
541565	2.53020724923012	1.67755983166117
57805	6.53191164015354	0.589678058947745
55909	3.47020788892345	0.864695342119024
1960	1.0046512325683	2.74933971564238
23221	3.83574067428027	1.24054576206489
8795	6.24723303655295	1.35421932441937
254896	-1.80836378058568	1.76032447847243
8794	-2.83480130646328	1.28165227370917
8793	3.78741060931897	2.46531594707811
8797	4.09061629683202	0.692209458036401
389641	2.4817389850526	0.604225213543559
91782	5.26794921853382	0.431441618699383
203069	3.51152322044003	1.2397111554863
4017	3.95795859784494	3.24331209770263
100507156	-3.48572483022481	1.28565155110708
9583	5.7568049620878	0.443371911001864
51312	4.55617908187552	1.16139810570247
4824	2.21569615532262	2.06711234060886
6781	-1.99735982951017	2.0024848348767
10863	-0.378064787441374	3.52507924472773
4747	-2.72391557007039	0.998396172695167
80005	5.1726047476703	1.0815740219583
2796	-1.64839373923035	0.875937338950872
54793	5.50023745526478	0.79108523448708
157313	5.19640189265852	1.01245271900151
5520	6.02836100300714	0.752163467297162
665	5.43048413114631	1.09171799360969
10687	1.14204270633037	3.17982308414409
1808	4.9580378430653	1.03232188985611
23087	3.41557048250913	0.384124808662789
2185	4.09768411183811	1.74930155316303
2053	1.5972562103938	1.57657757160794
1191	6.06476920946143	1.87386700552704
51435	1.35509294941322	3.72789235609794
55246	5.06314724386054	0.673159782814856
157570	4.36215893394379	0.742774171796328
55872	5.21065610807216	0.960158139398413
286133	-2.93649395369616	1.88113821338322
389643	-3.30482752261927	1.06107045016004
55140	4.55253348363963	0.817914301178629
55893	5.30576514933692	1.21748674599236
157574	1.50031175001345	0.911273394157477
7976	3.68944039348488	0.662914703053108
2137	5.92648571977028	0.293543094492753
55756	3.72813523822019	0.692003946062883
79618	4.42791514815038	0.526185044644304
23303	5.08828639548113	1.52653979512436
1846	4.44694044929875	3.90253678214289
619351	-3.3780439136366	1.01847794742136
51669	7.06626254351778	0.88731157167988
23484	4.90579142697755	0.634424182051431
10671	4.61590916536402	0.598551847598759
100128750	-1.71704942036983	1.95353241821875
11030	2.54019452149138	2.90883499975074
2961	5.07415741243014	0.630317218871117
2936	6.61345844166404	0.458799443471495
7993	2.7825779010817	0.385592074096173
5516	6.28038805454634	0.535623343268885
56154	-1.91924899084339	2.3700068235895
29942	-2.94824546727983	1.21879970578072
7486	4.28074995806115	0.714399680986758
3084	-1.20427092524764	3.55442372959326
84750	2.67059586553185	1.05781420452089
84549	4.37133957271956	0.645949375683439
80185	3.15994134970076	0.682580293609366
79845	0.0774756393785537	1.59675948821239
78986	-2.99735751172745	3.02010071228563
157855	-3.59902488118868	1.3850706409606
100507420	-2.02113657209998	1.96284537634962
80139	4.44300337789929	2.61440086152371
102723701	-3.17952068147739	0.898489068611292
11160	5.833726482975	1.11617200140349
728024	-1.12465912624415	1.92052370003595
11212	5.29909970566305	0.918652293975459
25960	0.0506863898662802	1.75240727781257
55290	3.14863185145248	0.861331533665627
80223	5.93089904697508	0.897851410265943
1978	5.96355365213934	0.648167455568314
9070	5.29863612488676	0.830214873142562
6770	-2.64667615404366	0.904288216948542
27257	4.80277680504688	0.674644895230941
9530	4.51272126683234	0.924539477617597
23259	5.15590736757935	0.763932607336951
84513	4.59546004813015	0.528192638973568
54904	6.34139637609528	0.823896483397676
137994	1.70036248538702	2.0692596270228
2260	3.02224397060199	1.91302398483301
286140	-0.548012948278881	0.766417122646431
6867	6.08696806980729	1.0215914925861
59339	5.24847321059314	1.69169776458289
83877	5.41952000784729	1.13913373008383
8754	8.03565276703459	1.34468670623791
3620	-2.73706678714378	2.08452911505748
56892	-0.140407469690348	3.8572355576733
6422	-1.64167528902647	3.03438141656293
51125	5.72359230933015	0.829772581493224
84296	4.87799708709002	1.45604985194656
137964	6.21818438991226	0.795679188464776
286	1.74793848170164	3.39084270867373
7994	5.99010372490681	0.851915558771109
10947	4.02886937736803	1.01582827564536
5327	3.44010678445203	4.67044387028442
101929897	-2.99431979186421	1.70645899086364
3551	4.55705042523103	1.11291420029077
5423	4.58776404623339	1.2669286785787
27121	-2.90053190233391	2.34576059215335
7419	6.68510940645042	0.875714900231252
6575	5.38897664099548	1.06683291620755
114926	3.23176868292687	1.0849903639383
8973	-3.75316308877039	1.29000511141531
55145	3.65715091872937	0.441327198228074
81790	4.06925190822672	1.00084011561683
84376	5.38448114499323	1.07829332767323
2339	5.56974798176951	0.717345927006965
84197	3.12285687513318	0.765306315424728
138050	5.12841093649282	1.05864136988317
100287846	-3.04592736674942	1.30448432241741
23514	4.94767996814781	1.1602343862022
1052	3.62613913648659	1.99346944577126
5591	9.23097055168432	0.982570110388856
4173	7.70349619799618	1.11102375389296
7336	6.32129500601613	0.743444245963973
6591	2.90137405279575	2.4173418310466
137902	-1.97257505154995	0.70477730888299
115294	5.19347598575758	0.669688408509156
9705	-1.80831014815032	3.47171385420106
389658	-2.37112115726648	1.98129697915795
9821	6.53609616138899	0.632582220657297
2831	-3.05736687459663	1.99753522920591
51606	5.74578332403408	0.58559992094653
8601	2.06496378636781	2.31931194081245
6917	7.69888822575082	0.50800218605846
10434	6.90884638120873	0.699241062441547
29088	6.20902154509047	0.625123728975867
64321	-2.42398220642009	2.87402386717881
100129098	-2.90687403169953	1.84354552487937
6101	-3.31322056094355	1.31750502425494
137695	4.39074609042471	0.48093720801828
96764	5.25685117296425	0.624823850336441
4067	5.53427782694864	0.879932115575192
6224	9.51689612586779	0.610185405821202
26795	-2.27491046446485	0.915907480555602
5324	2.12617290665541	1.72004453338463
79145	4.97401228565115	0.941462314028255
195814	0.067550623118744	2.89668793971439
54928	7.23659922154321	0.563155185798429
90362	-1.00884233326159	2.1666459071523
137886	5.08645891289083	0.616676657819382
6386	7.63592167337057	1.00844614441035
8439	5.32690349777854	0.808294805157933
9760	0.24748943512827	3.12961008283411
767	-0.885232311793407	4.01487564076262
100505532	-2.30955028651316	1.02839982674053
5862	7.62641389066642	0.455537075600389
55636	6.3176292823527	0.765679416329285
157807	-2.84793793908502	1.06535514115159
444	8.96744492955791	1.39215844494738
286183	-2.54912269096383	1.79535352268145
643763	-3.36920981512977	1.25535297546786
8836	5.63178823088066	0.581692270242412
7274	-2.18169252587584	1.74410109724038
101410533	0.0646926501762708	1.00776224644709
253943	6.75630536405809	0.488266217404956
9420	-2.2507587934622	2.21319966503057
55156	6.26780489376918	0.526712903955325
9650	5.81291045704975	0.714190881827548
5150	4.56694012519247	0.682538905576839
84675	-0.709180560355171	3.06596224914343
100505676	-2.43157352616609	0.863183602851964
23212	5.7541300358725	0.590275525150107
137872	-0.938334478760258	1.62925694186837
254778	-0.205612969631992	3.12677309844449
4603	4.4306920964248	2.06438384799683
80124	5.29141684593191	0.778753651017233
56260	1.10966888539987	0.683850240619392
23678	-0.772285364217261	0.776278512150138
157777	0.268393019841733	0.936354312131753
641638	6.31661552938153	0.896326606430825
641648	-2.83308951141183	0.925700730784987
100129654	-1.95957705499095	1.86674049651576
10987	6.35170056333619	0.496889449179184
79848	4.62903717718939	0.586395199134607
10565	7.07446661366092	0.640957841014362
102724708	-2.60209591601894	0.883286390821256
57094	-3.14169446989285	2.1168502669569
23213	-2.07435213743972	2.43083585449738
81796	-2.48096314078138	2.37920438947798
10499	5.73714106710534	0.688430652846392
23471	8.07854371772659	0.641707288020662
51110	3.94926167557513	0.72514461376819
389668	0.00417877465457174	2.34123200205345
2138	0.585161780578804	2.60095064130758
100132891	-3.79765014833332	0.958607127416419
8989	-3.31371868912123	2.15759976770905
9312	-2.52455613602271	2.8777928948562
7013	5.06307976268642	0.350943269216871
157869	-1.53975604885546	1.52960365937847
6129	9.9257351847608	0.561097405857617
157506	4.44182584386305	1.0900062058802
101926926	-3.18157280509295	0.998349425480874
27067	5.40868810913309	0.523325932127235
55284	5.28035291531877	0.545651319193488
6921	6.71388644692398	0.665918705897527
54968	5.49972897288657	0.486355569341933
23643	-1.49855902128871	2.78081302481653
56704	2.70640282750269	3.17228532389547
54332	4.96837481084014	0.705294239727977
51050	-3.04625238888681	1.3372983176263
83690	-2.53599744083614	2.27018315819983
101805492	-0.986736696470613	3.17154821908945
3174	1.84078283815331	2.88174046199371
101926978	-3.65232700617999	1.33732367515461
100192378	-3.7537129775674	0.949520535812592
79776	0.0651695559651752	2.81666481134654
5828	5.20379395263739	0.561340184306217
5569	-0.836267852745401	2.96174783001448
51101	3.29243992823388	0.742448355840301
3574	-0.248340421350523	2.59082960337742
11075	-2.53544662216568	1.23960145680672
23462	0.0190370067837614	1.85607599061904
101927067	-2.82114572923811	1.00143851303267
101927040	-2.55079645752559	2.0972826679393
28957	4.9667654344917	0.534364945937643
7163	7.00025143755352	0.817245133031411
65986	3.59466926032049	1.69068290407812
619279	1.28188796756924	3.5274352208376
55824	1.72718763018999	2.92426610088854
2171	4.5890024789495	2.52523955314378
2167	-3.36175473520716	1.71348858083833
3612	4.99919442403967	0.841080818538229
347051	-1.60558427102806	1.39394645159748
79752	5.48446627734491	0.864851643323738
92421	4.42971095145119	2.92701333906513
64089	3.57018095755683	0.624279144597339
103352670	-3.6963246060797	1.2605050472315
138046	-3.14537542179191	2.33628500475184
85444	3.20654855125919	2.25872235458093
1875	3.99010388648838	0.756280574033089
401466	5.48911993896513	0.637391967160986
377677	1.21812851228957	3.22010086271765
761	-2.6651330743994	2.06448056299785
100996348	-2.58478212507655	1.60831725431047
760	1.34630463629542	3.49757186910563
245972	-2.63128538141428	1.48505401774458
11059	6.1769588109874	0.614075357491755
51115	5.37852113149862	0.506563196944989
8895	6.90759752098632	0.487055127616589
54714	-3.65889471428973	1.54217468079541
4325	0.25081079440711	4.0759287141098
101929709	1.45927857134318	0.998572118170539
8767	5.24594761797832	1.02915014954963
734	4.98768753397423	1.07354050907123
4683	6.23020359203267	0.730297289464485
1666	5.58208020846021	0.460157886717285
793	0.193070875395031	3.05064274932994
169200	4.71951202110335	0.961731243518678
64168	-2.20185204203625	2.42771030568289
100127983	-1.81750012045553	2.68581585516917
55529	3.64606044237476	0.988833960272236
100506365	4.81593680168886	0.700019100180631
51633	4.91945574992517	0.74692974411638
100130742	-1.18600651176808	0.777335654392186
115111	-2.38275418436075	2.08871485764015
286144	3.19621223932742	2.56883427464233
137392	2.88709225563181	1.06391848643932
389677	4.85314689946546	0.412315110712917
55472	-0.450638946242277	0.649218112388059
91147	3.14648192135773	0.810222056540042
54704	5.07642059675393	1.7161210650754
1015	-1.59147261729984	2.51595882069713
2669	2.98107473906056	1.75456756921322
25788	4.59434701083847	0.493091652012756
25962	6.63085665561704	0.380860559078245
100288748	0.613761321209136	2.48881595047776
54845	6.29264805544667	3.09269302028249
286148	5.59428752433936	0.429075402685162
55656	5.82975571580012	0.329052409297927
9134	4.1904008614251	0.617846274263936
137682	3.99015262511056	0.487010615846587
94241	3.50110327319349	2.03924939308524
79666	4.94827915058341	1.02841823892499
157657	2.26027733151739	0.687919092688487
7381	7.84418225482818	0.529934908882425
51001	4.05393796311905	0.295766598048873
9791	6.71018423235557	0.383270659334151
6383	-1.52526441126729	2.78234839347529
10404	-1.3864339570999	2.12532519356742
85453	1.56171381737899	4.01239453154047
92140	8.09071116724955	0.314030874775159
55353	7.99540257938497	0.38481777580087
4147	3.2363312104038	1.84811580626351
6156	9.49246171235292	0.517510658426643
26775	-1.55133051119375	0.652958513098536
203111	-0.498575879383051	2.96871502849375
10247	4.26991729715634	0.531920763312229
10940	5.03601859307592	0.606309331641997
79815	3.91624140266146	1.10997177384552
6788	5.35612823580577	0.78583390569648
105375661	-2.14083043292764	1.30770278600973
116039	3.03472395870838	1.09680568920551
157680	5.71085031283584	0.386297425772001
1345	7.16853461965369	0.41868314914151
26166	-3.24633353841334	1.335438926359
286151	0.364251956836821	1.27285862045928
5440	5.66123783619526	0.625596730400804
6674	4.52215388355414	1.13839204576358
25897	5.25616653036812	0.691126779230421
157567	3.13716560367358	1.0304461123462
26986	10.6300607123939	0.408173033728282
7534	10.5786244496966	0.570207548980064
441374	-2.14655768678921	1.75942996963233
51123	6.44449003619344	0.588640993741072
83955	-3.31700280593647	1.18552668123105
79977	2.93998897368528	5.15222859552046
83988	-0.460784979530014	3.0137783963451
50484	5.11525930137076	0.555168311198556
101927221	-0.468431120740131	0.60766876517132
51366	7.68449855181928	0.422450454226939
7071	5.71781349093073	0.969105883805754
101927245	-0.433072156486228	0.83106903837009
51582	7.96834110810045	0.654205837403582
100506753	0.758483923609053	0.884625121718894
528	6.64489818575879	0.623004027561493
157556	-3.61104559159943	0.931229538630546
100499183	-2.67548343986818	1.10610616709211
8323	6.44308479700625	0.975754640164758
115908	0.95457031548306	2.70700601576313
81034	5.28854590895393	0.43931837889928
25879	6.41633477843491	0.442607995010489
9699	0.954574210982376	3.24071069941816
29967	2.62115531787861	2.66890241926965
23414	-1.76438377341688	1.89133715025864
102723356	0.333958717500892	2.81132110838622
55074	4.0980334255748	2.92178701079958
284	-3.05492574511318	1.02467862224244
3646	8.44619545413554	0.403304598895168
9694	5.3020788147927	0.690596777466078
157753	-3.03458355654131	1.99360764017255
84955	5.58964380320086	0.566948446155621
56943	6.24040796196388	0.476531994634964
9166	4.80093717497211	0.590444921512424
55638	2.40605185869536	3.29752084377615
114788	-2.00101099130117	3.0956680846824
7227	3.44485826981956	3.04908879759208
8667	7.92315078484355	0.457433427229321
84294	4.98198323999124	0.508242354379496
5885	8.48401969831239	0.631356418259224
644660	-1.51313201540539	0.580582374500961
90390	3.61251389270592	0.727808861708778
2131	5.48626791672767	1.31983972276549
401474	3.8333655436388	3.36297227362577
552860	-0.995788666104145	2.01331643895652
4982	2.92496459043398	4.22687233454167
10584	-0.965656646100182	1.84571667479909
114569	6.8599060666172	4.72641828519994
4856	1.21030261087843	2.81981287694948
5168	-2.89451370604695	1.12301693105968
6873	6.37094448114372	0.315740494108643
79075	4.73361562944477	0.757911884931141
64798	1.04596095069663	2.13690404179508
7373	-3.13919855704957	1.56850959267403
28998	5.74388585131925	0.475056389645317
27085	3.85413416192046	0.723513198441505
6641	0.908900862238455	3.9553942376014
3037	-0.331061454530917	4.06117795210269
594842	-1.83639245637689	2.57455201063419
22882	3.67596521721478	2.13261543165964
79139	6.69615059127474	0.642806415179769
93594	4.01813366037847	0.556911869409727
84985	2.48344748408914	5.00025233376161
100131726	-1.42865679794026	2.52016032790693
84933	1.78693061540371	0.452487384155991
100533106	-0.847719682945412	0.751337215487758
11244	5.80780806045046	0.505106117272676
29028	7.31043887518376	0.520206095243105
55093	3.67553962596457	0.539557019255856
114907	3.69909188632514	2.45290535014072
312	-2.49061428761799	3.63967260264121
157769	7.24804267947126	0.604043337869133
654463	-0.403045382496475	4.20259996485136
157378	4.69360640031181	0.853340964940865
55039	3.58206337350082	0.726772724817777
101927612	-0.541353487549125	0.718902022413136
11236	5.35840077048461	0.441510089842845
83940	4.69511124474317	0.450466387903489
4715	7.68516870196254	0.382982340516554
9788	2.79417895474865	2.48278042497721
137209	-2.18292820781674	2.16585095093268
6713	7.44676005775126	1.17010379258069
9897	6.29256235029145	0.564682791058189
286053	4.66499022083889	0.572811166759787
10221	4.8976209592259	1.63674206728781
157638	5.97834831309842	3.31237883979495
100750225	-2.77545665899777	1.09505038174284
103164619	-3.10684330109101	2.14778555690652
101867536	-2.58533757587802	1.18373636848883
103021165	-1.04737808257466	3.20076250069583
100507056	1.72718343881648	4.26952519444219
103021164	-2.72354120761858	1.56986706471368
727677	1.41546803897812	2.54494131483696
5462	-2.13563554224229	1.22375989848933
100270680	-2.30769703272641	0.956710832536144
4609	6.97458470736892	0.759156603097892
100302185	-0.240068207254585	0.901840625727786
5820	3.90922189756288	0.895536687052272
641384	-2.7070914671289	1.00375666681415
101927774	-3.47745456393364	1.5619226708406
56169	0.0634622276569689	3.17296617204831
51571	6.79146707569901	0.488167683712807
50807	6.35899061377056	0.651500026269093
23167	6.78082968410377	0.785802761989374
3786	-0.256223585269816	3.1851504118369
23639	-1.19002878478193	1.9508612674166
51105	5.91976067603682	0.288165407630865
8840	-3.54504712497209	1.20045462679373
10397	4.84566586959172	1.4755171012537
6482	4.61300307612515	3.4258061747159
57623	3.7866906629739	0.885278763800748
10656	0.338834367762308	2.68927807969901
169044	-0.500801015125824	3.6614714645894
51305	-2.61082641414746	1.87215906029013
83696	4.98166574942842	0.283645690761061
54108	5.94246838775684	0.554291540686741
27161	7.14877907133745	0.315250776453153
5747	7.44802000740939	0.536660183729783
22898	3.96375147479054	1.11825809208396
57210	5.2121399548355	1.14978793146149
11156	-3.22656067285335	2.10127557623656
619434	-3.72896730294684	0.951165085190229
203062	3.24074203164937	1.16320391171899
575	-0.255268562863471	2.54626333106687
23237	0.248427743649871	1.72298455457697
8629	4.87700984125808	0.579989129489562
8000	3.13914119831695	5.30181723475125
54742	-1.42527099792672	1.69108774075429
100288181	-0.0168067433017729	1.23034030584204
51337	5.47835345274166	0.780903240252602
137797	0.196529821506552	5.62603928640771
66004	3.26328114613592	3.39798596457034
8581	0.916276342579365	4.7657436635844
100133669	-1.1764649898033	2.21550211746235
4061	1.21417414163564	1.77373410091071
286122	-1.51016384917989	1.83792331141449
4062	-3.38399646919137	1.37921754250516
338328	-2.9617550304842	1.95516498881869
286128	4.37673985373777	0.485502477697219
2738	2.834801219494	0.552953383746052
100507316	0.977917735668443	1.21556997965224
79943	3.31034271374737	0.525924472392108
116447	3.93880201474804	0.785431545815192
78998	0.956098272509062	1.26228383513505
114822	3.98329240263487	0.754657466553593
389692	-0.690747412848698	2.30921682732714
23144	4.21325322168813	0.451196447885691
79792	-0.903482867907193	2.53040771669577
642475	1.05599848764053	2.67930453500867
93100	-0.396073321247187	2.12862268140372
1936	2.81593164575445	1.37240919770204
84948	-2.22860367095364	1.01058609137709
65263	-2.05688290740334	1.15154732314052
7264	0.50627241847729	1.33582120137872
9831	-2.38611228129073	2.37687973097266
286075	-0.197854918995761	1.4127379984517
286077	3.10942526434801	0.996500182877018
100128338	0.913103849716951	2.47304483067733
23513	3.12275408254718	1.37192420107798
22827	5.49586322323582	0.591521928850246
340371	3.42164559123878	0.713641911431459
83481	2.86004807739166	2.35444755898687
5339	10.0457521430466	1.26369380055047
84875	3.89241932774598	2.02067536850986
2907	7.37516490482561	0.596628752270004
375686	-2.50912274121733	1.31830693684654
392275	-2.05672449522471	1.34591228572838
26873	3.64205760310278	0.854925583184326
54512	5.68536129851269	0.397635117200311
8733	6.64510314965012	0.646279805612134
1537	7.8124007835223	0.387544333876186
81858	5.52453949992912	0.4915710628937
84232	7.02794588296014	0.583467658992184
340390	-0.63641191009716	1.22283700765814
51236	4.7099356140587	0.510756745947177
727957	5.18523191205186	0.8251141109323
23246	6.77883490390862	0.526779752179208
642658	1.77617966111867	1.09097459376429
3297	7.06024559670371	0.360988119860914
8694	5.06808953658916	0.856900366609946
83482	-1.8335560290259	1.81614537322983
340393	-0.89381716592677	1.0051621919646
26233	4.15502887128109	0.531975081244095
79581	6.5239806231177	0.422747352896991
203054	3.08149236083698	0.740855590938036
29894	6.97845619062701	0.460805540078568
55630	4.81821834608699	0.863276449595185
51160	5.62354106622554	0.469732075703947
4796	5.3352957233416	0.679687112442731
100287098	-0.904837914984827	0.968668760397263
50626	5.26116595811469	0.600657199940829
90990	4.07345533995453	0.552909841605653
84988	5.33655600804461	0.544474514503643
2875	0.709103425997512	0.703288111382453
113655	4.22051738453045	0.993933909734921
9401	5.97576523383614	0.495611527441565
9684	4.44275977157128	0.608755157608288
414919	5.25496805071392	0.502922030440308
80728	4.39566564082025	0.504202733741012
90987	-2.64130600293418	1.15550594902448
80778	1.45232050058408	0.405749532453859
6132	10.9533593502279	0.45439649197778
340385	2.21414717718688	0.441530467038827
7553	4.29530521065885	0.45738504936389
28991	4.73575309175021	0.635692109091611
58500	2.14306207481563	0.388956107750215
7564	2.74070644185124	0.426148611307458
286101	4.30137477994381	0.420856030788772
286102	0.879780782314565	0.61102662053335
286103	-2.36774430989544	1.00007514338699
65265	6.08056171676516	0.250165492144568
100287171	2.45076906389638	0.567013212383079
2298	-0.717342898659876	0.821947770940787
55871	4.52102844292317	0.845102386590693
157983	-2.90780909412791	1.47135921510542
81704	-1.01314204385725	3.06452051182417
23189	2.846366515629	1.61237411322755
10655	-3.44469668031874	2.12957535552646
6595	5.07755603581774	1.29605964515376
401491	-2.77439370801831	1.35529687054382
7436	2.04513703917414	1.79819093077476
9933	5.55137406419314	0.710347113809145
5991	3.43794332344876	0.506477410182817
101929302	-2.21961576380748	1.75893373044207
169792	1.7279714504798	1.98657369199226
6505	0.105624523577101	3.06194046085747
55064	0.67643614993832	1.4970113987531
403313	3.21741098614108	0.916088116899674
101929351	-1.51937870618302	0.925793628961644
55664	4.06719094125984	0.590935088571919
50808	5.79885902366122	0.948453769819628
10171	3.75694662960241	0.827129599478907
3717	3.41545380605932	1.02768853325443
3641	-2.06468511175452	3.10676419736159
6019	-1.41495512537693	2.11512466011908
6013	-2.75229120634488	1.48816741040201
55848	3.14710154553766	1.38054968871177
29126	1.75548383897876	2.95207364897483
80380	-1.8073442561727	2.78578925207292
57589	5.0990720670827	0.855462550809494
79956	7.23362076264822	1.57666614380023
2315	-1.65813280260878	1.22938511582751
158358	4.80675194650616	0.706626059588446
26953	4.69182033827308	0.908637756446067
90865	-3.65721152261278	1.22228215460958
115426	4.70234871259108	0.861846604259858
2731	0.221083046464168	2.66214913497615
23081	4.21773345742361	0.535450900538246
90871	4.73246217983286	0.806014099073109
5789	-2.59875002942135	2.69599297740146
101929428	-3.67522045303842	1.61237529618294
101929467	-2.68954442880229	1.59312224639912
286343	4.40346970552681	1.15574054645623
8777	-0.93416343750704	3.88616889946947
4781	3.62137410258212	2.70890259210828
340481	4.49643798254631	0.592451831907442
9350	-3.46051694270192	2.02717554703192
158326	-2.03435629140679	3.06008160685713
158219	2.52617296482133	1.97198783680519
6619	4.99862484556801	0.624437505116873
11168	6.53113090896379	0.81800850294852
203238	1.40607412001672	0.764638975246743
54796	-1.06430255094873	2.55906683269707
54875	2.36436326868379	3.60520628708531
92949	-2.66635440151949	2.25915066493684
10670	5.50068391413869	0.514655871824914
54801	5.74059525561293	0.631468505810974
123	3.65053076131684	1.66639440926819
55667	5.64317322083163	0.681457846723264
6194	9.80560201358951	0.746502470077343
340485	2.78794237391621	1.78435867613732
4300	2.33929115859809	2.42559955323382
54914	4.43693982355519	2.60447655811437
101929548	-2.83254582947435	1.23866489902521
401494	-1.61286696846159	2.3386501937323
3456	-3.39009630506009	1.06783597963276
55958	4.00975042701108	2.64220647288017
554202	3.11347216147801	3.36286664599119
338376	-1.94662249420485	1.63653682350846
4507	4.30513896198568	3.60503249989554
1029	1.87844992845864	5.80569107154232
100048912	-1.69712386489467	2.69417479871967
1030	1.10800090462343	5.17965296983988
63951	0.26591936895911	2.91492206999431
441389	-1.91495411279952	2.11917844941812
101929563	-3.43125029607844	1.65731640719303
1993	-2.96005927710736	1.71102298360215
286319	2.47359973519986	2.56006180970452
79886	4.5830333080651	0.496728862177265
9373	5.65694879782032	0.473867236625182
80173	3.81366313803237	0.634827697505797
79817	-0.20094497895455	2.50473605538989
203228	2.34758407816805	0.965115668763503
158038	-1.55513859646845	3.12689508093334
48	5.84417522146071	0.826078441035565
23586	5.53411351300096	1.85527488350279
10210	5.18287658661365	0.59002320445657
100129250	0.80788737205022	0.539083493420898
4712	5.48703609219538	0.441256885345092
54840	5.13217851295363	0.36989033089031
3301	8.23643012789223	0.323360947495694
55234	6.07343240145243	0.509842781060215
2683	7.18672580627361	1.0315654597966
101929639	-0.982358291027852	0.843756470604397
27290	-0.807091576172145	2.72528536504822
573	6.16916602080959	1.00235327341929
51510	6.24253084902038	0.626453432789601
4799	5.54901227625532	0.547507293374829
364	-3.24698068033903	1.1353404534042
360	4.59457750206947	2.85784922155134
65083	6.0840918732715	0.39191869164863
441394	-0.326445639253301	1.11961583236183
441459	1.22357056875319	2.133927602589
304	5.81218911584268	0.703153050351511
11191	-2.45659035622193	1.30932478585912
101243555	-3.49650252937421	1.3593423995249
5646	1.76069966349712	3.99336764769722
54926	6.97203633594615	0.51632470333852
55833	5.90048482466967	0.532396123339054
25853	6.36216647944378	0.37148020107853
51271	6.0074159198399	0.571122245442368
347240	3.53203341161545	0.687896097078514
318	3.67124937973463	0.493563419520852
57462	4.53976021929641	1.0125238497891
203259	4.54447923895043	0.979453222230909
27019	-2.83175848670543	0.891238192930705
375704	-0.775829195808793	2.22503403859847
1271	-2.25225076187904	2.02268003181203
138716	4.2135532577906	0.40531583787267
11258	5.2791536418901	0.348411259006921
138715	-2.87539527492147	1.17003643378563
10280	6.81784983534554	0.251169432531561
2592	3.7511233000047	0.346927925916434
3590	1.06016965916476	1.34681752431446
25822	2.58081006999478	0.999495919506889
7415	8.84012521564382	0.380699581806048
2189	4.99328053513036	0.54242390268983
84720	5.44425840238359	0.702955714745708
30968	7.19733700619304	0.359925175682482
80256	3.8843406360317	0.890705538255189
10497	5.30067723888022	0.721798029923502
9853	4.10029429473265	1.89356441583438
730112	-2.28512392151194	0.898210821733935
7016	4.39550881462525	0.62019195629078
971	-2.36399554209552	0.631532578022025
6023	1.51174743040869	0.987661774235997
203260	2.10541512532765	0.518900039899121
84904	4.19662297746307	0.500674753219632
768	-0.391049218582166	4.27393985879318
7169	3.58737230589144	3.14441204127792
7094	7.1050825452903	1.07615001037177
10488	5.82193118095197	0.523935350560199
57704	5.57394386732909	0.665508574933418
9827	4.57145585434559	0.673783160453887
4882	5.63577505863115	0.622122098368165
26206	-1.61138791928015	0.514455137146145
84681	4.61701653409594	0.473098278286481
51754	1.76750308890707	1.48777280790451
92973	-2.74686729785296	1.45032165795074
646962	-1.20142836423918	3.10300413599903
158376	-3.25589138733398	1.32523305510653
8434	-1.67688120923843	3.08905931277681
152007	-0.212340127163867	1.69055548968812
1211	7.58965864951041	0.704026390376217
10020	7.17510951206731	0.809267032592164
152006	5.8188560326819	0.679159372326713
9833	6.38105473365655	0.54679342886906
5079	-1.59417596827456	3.02890770959287
100506710	5.23001997995523	0.751883081261053
84186	4.49569061133352	0.608031968014753
9380	6.23131426311249	0.820846472369622
9925	4.93993711653535	0.70415467327939
64425	5.04839404560918	0.698784660875411
26267	3.79570388326415	1.24452408124369
401505	6.68014420508476	0.511194768702746
22844	-3.33481481267377	1.13040726247466
158234	2.96445110139846	0.312560163377586
51010	4.91305348423433	0.501338113360172
79269	5.5996677698513	0.435571486123764
92014	3.43846509641144	0.57293176589921
6461	5.65214943935435	0.776092309123502
219	5.4607705771131	0.486786031290211
347252	-1.03575293867388	3.29548492266201
100289137	0.306181169488692	0.618870445819243
253650	2.50835631436561	0.497561760651796
105376068	-0.412419331728485	0.8918670397745
158228	0.49134640539823	0.765979582620287
79937	2.0792528301289	2.17452535237457
401509	-0.361516496518241	0.957490346030769
389741	2.16236221582029	0.98561565089169
654466	-0.707952704483178	2.19352337186461
105376047	-1.47586408333074	1.63792668361152
441430	-2.53336802712301	1.46550166935452
101929959	-0.388869495831779	2.65668700761275
100132352	2.42186582856992	0.509389170359545
595135	-1.06359865706164	1.70054425558107
644019	1.54926903666428	0.616407218808973
105376060	-1.38820433506262	0.786697211741041
105376066	0.528706378371191	0.615743617326555
728577	-0.163385072793737	3.23972176591657
103908605	-1.12926244254326	2.1063228369587
101060026	-3.63967234363164	1.19520028909167
100289279	0.515368134957144	2.28306394327547
100132948	-1.55111259292797	0.675226117217511
102724238	-3.0856997591978	1.14198370775281
387628	-2.85140572955648	1.5032184628268
103352539	-1.26290729402056	2.02167215793467
442421	-2.84578666417013	1.03540499166623
403323	-2.57752029514509	1.97898291455359
728673	0.0951806226690946	0.593671712467984
375719	-2.82365454957158	1.08437920535831
100996643	-2.99975366727826	1.08177016394585
100616194	-3.0800760620766	1.35147600140002
642236	-1.91629132582532	2.10300496409136
728747	-2.7588083979676	1.13059663797291
220869	3.63512006996862	1.08204253906922
26149	1.15223900892951	0.982777740809766
643827	0.0794865471233614	2.43238347330868
100131997	-0.0587644974996548	1.22720535386374
100133121	1.29212777422626	0.8235232676602
84210	-2.59563945960678	1.82005992248806
445571	1.23657462824166	0.900514962476681
5239	-2.38342095444428	3.75245624597087
169693	-3.53455102363367	1.99830895873061
8395	-2.13896814939104	2.77291643285527
116224	4.18458085372911	0.609972536145751
2395	3.74952101040479	0.507774526056261
9414	6.53717966643616	2.71281467782514
9413	-1.85675631986988	2.28193316825269
320	-3.00476648085388	1.88117195111162
375743	5.26681298761298	0.621727011948511
256691	-0.986151555132335	2.40710707670023
100507299	-0.934231179606639	0.807258216968497
23137	6.04738877845018	0.559333547957549
687	1.11329383998942	1.93941592830391
23670	6.30942963512765	1.63526661444637
51104	4.44636976570646	0.507078759847168
138241	3.15476965303611	0.696104690061662
9615	3.5657146935421	3.38674212563589
100507540	-2.03918391131505	1.88252762871784
7763	7.48050122954446	0.622739598892178
117531	-2.5624630231799	1.22826366301397
216	1.53586107099357	5.04799407586447
301	7.55330497524846	3.41265623841842
6096	-2.7966802364752	2.51343975346281
140803	-1.9868088507546	2.42533499297662
55071	3.82251366679716	0.993729556291082
138199	5.40591587529284	0.372693707920938
54981	2.88006887569617	1.24603009280294
26578	5.05910095782694	1.41253139020426
5125	0.376487933338337	3.69716830706177
55312	5.37782636189103	0.557756875845544
653162	-0.125836468308571	0.521344501543088
2650	1.31928378440892	2.5440847521459
158471	-0.934327569642284	3.24044766956809
23230	5.49026469376691	0.477428993122342
9630	-1.86085476313381	1.86923556565874
2776	5.49250895825839	2.06010008599496
84131	4.88372820623969	0.489285168905924
29968	7.04881521758454	1.21165025105185
7091	2.16819197842214	2.71528314764186
7088	5.53688990300145	0.769020569567724
158158	4.17702584842155	2.91185345475686
102723989	-2.17953309389465	1.89892922751962
257019	1.62367174225516	3.14380539210797
414328	1.71760526088267	1.09341307815138
29979	7.86529721564528	0.288358368655799
105376114	0.358548327826523	0.59487869484283
80318	1.76479925414925	0.957293031128228
55582	2.01939184657334	0.773713300979288
105376335	-2.71051749489815	0.894454522959733
84267	3.86703454128674	2.51327440203933
3190	9.64442739418304	0.280392763891772
407043	-1.84065897764268	1.24512060539475
80010	4.78743100671787	0.470679665234641
64078	-2.66344593874385	2.13580156877802
4915	-1.51059213436074	2.62719769972942
23287	4.07314232063587	1.18105479009886
389765	0.401521452500249	0.779967026517827
60560	5.6408073072268	0.52294284576966
51280	8.27450197712957	0.690559679749939
81689	4.90221499389727	0.684044234478003
79670	5.49171217152434	0.442612304643326
2619	-2.04094193797772	3.34964492310822
100506834	-3.60162637738302	1.70278051758788
1612	4.40767105507489	3.91463508471161
1514	6.59886703147556	0.780170004166416
23552	1.59253413845535	1.89276221544532
102724156	-1.6148424373233	1.93825043719476
10927	6.98495745322114	0.43260045755126
158046	-0.309437292235371	1.6165011572825
1903	-0.478586538419596	3.28881597114508
53358	1.32657727915017	2.08655657965008
1164	6.61401245740949	0.569340079848852
100422936	-2.07031563868617	1.06968278298221
79048	5.49543139666571	0.423795072585819
10507	3.54389115171416	1.33738995816326
10912	0.339481996270163	2.06048560459381
101927873	-3.71879301493548	1.37563409272931
54769	-2.81071849717399	2.70498826140447
6850	2.15823552897132	4.44016780181668
549	4.30361488052668	0.617579065881499
4783	4.06863704313089	0.868388033678391
4920	-0.378154107442443	3.30181110279596
10558	6.40254594081037	0.731755426697795
100128076	-3.76975882006868	1.03760867966514
3376	8.08933156314001	0.591469824261546
55035	5.40041521265133	0.542108970831891
401541	2.17407272931322	0.658139012126708
1842	-3.05133977204432	1.42714078597028
64768	4.31615643491521	0.512538824615234
100128361	0.0626094858857715	0.590115784066871
23299	5.9449244869992	0.3157781566213
101929748	-2.48477323272942	2.14089488903156
138649	-0.46910408781007	1.12411153248405
83744	2.8615843788056	0.638906742555284
89846	2.41085990317551	1.74939629047325
203328	-1.18643432071223	2.20546962000614
84270	4.97431104137256	0.531434094243686
4814	3.94763510100537	0.484977629514866
65268	3.52937089398432	1.6607407677249
158293	5.77461077265417	0.415265993144153
23196	7.78889232034896	0.532776994015858
5253	5.73749359883915	0.432944993474206
101929519	-0.795464984554059	0.791792909622829
56033	-0.685576034189464	3.512904862515
138639	3.89006534564247	0.739065115703839
158257	-0.956579200198234	0.902720490671076
169841	0.658392965865779	0.710153092665509
54754	-1.45561396827959	0.900684194907102
728026	-1.0946348838043	0.633552586940114
84641	6.5623012267487	0.498309151211215
101928099	-0.423086975637139	1.47208437416676
2203	2.09161201997715	3.54098744835781
84909	4.08975240857828	1.16119725917255
2176	4.11184753102712	0.541780835869683
5727	3.28064754211757	0.792995127656606
100128782	2.18341594609328	1.18578885772256
375748	4.60815130139976	0.52607192127822
3293	-2.49411509958519	1.38507661067771
11046	5.3417609124355	0.552760801742009
195828	4.73638052231485	0.638922331849694
22927	4.87549594055305	0.832154413425668
8555	5.30546488640171	0.962554730448126
195827	3.73650700261232	0.48827620133117
441455	-3.4925225092642	1.18907305442864
22869	3.70823376310299	0.544670744576076
158431	2.22736681655756	0.432804213208882
441457	-0.950616460664024	0.628370600092872
84278	2.68689195950009	0.515937024976513
1515	4.3705739953953	1.66950618556869
100499484	-1.66530511581498	1.2359111658104
23424	4.80437906464368	0.841327246283304
7111	-1.49248870554032	1.39520030027152
158427	3.73488539508538	0.458981848260339
4686	6.24842477514801	0.481107676620187
7507	4.48140279012546	0.655862810045226
2304	-2.14284299430939	3.59989233521551
51531	3.34151108734164	0.676951781366708
10541	8.51820096378052	0.603267353555935
54187	6.1664911729327	0.747653902306522
9830	5.89932133175563	1.18920929312405
7464	3.83964888781433	2.38005995179711
55357	4.62245078056836	1.90589821442054
9568	0.938265018302694	3.87000506527068
203286	5.40405286168503	0.853160422587564
79695	3.56182415367899	3.06013521122644
1306	-3.24209727343331	1.13350653341068
7046	4.63953757470905	0.85666216943711
85365	5.59234782602342	0.710403937864229
10952	6.77599199056372	0.753585856141678
8013	-0.327381317457851	1.60383299884475
441461	-1.47078038197369	0.452979600251036
55014	5.44710719759729	0.47768449212691
23071	6.37681805733908	0.558320405087528
27130	4.40339786687666	0.291073646666787
54881	5.08923122877886	0.476831291715267
91283	4.43294188791091	0.763049511809845
8577	-2.66756996769758	1.13817730694231
347273	-0.0904939349509262	0.839581272179233
54534	4.76216921454851	0.485157018928547
7743	3.87243970146903	0.529542501800973
84302	1.36015888772482	4.17032457497874
56254	6.03191350762331	0.516367282110253
116443	-1.25549345501205	0.955082763064198
10592	6.72851395171338	0.482333765542636
25934	4.37398347153646	0.541953533357101
55335	-1.33621675312141	1.50776262597038
19	4.284486284384	2.54671935686453
23446	6.77109815287714	1.05755540762017
83856	1.66627967359765	0.834955603057392
26134	0.547995851829486	0.684198285983658
2218	4.8536597503521	0.548887847742694
55151	4.91404132156883	0.484731086984448
105376204	-2.44156493093968	1.37998486166758
58499	3.54844646902275	1.95061750574527
5887	8.31976226847799	0.499551452414139
9314	5.7892143271067	2.07407682781779
8518	5.85192492910475	0.412879666579291
54942	4.34888203400801	0.511661337336621
8727	6.72131147326566	0.847979949393177
23731	6.62368599312625	0.710891834502667
23732	-3.19291840425541	1.98798538756546
54566	4.65707777931333	1.63393076847406
5774	5.393633151931	0.610028072464867
114299	-0.621861346665533	1.63356410295178
11217	-2.63736323318897	1.3809950842188
401546	-0.583710124467943	3.46246681339934
7295	8.18510910062522	1.08738299930141
79987	-2.05528681958594	1.94715654987045
4593	-3.49844972336351	1.41991108877622
1902	2.43242964475173	3.28839064408503
23392	7.14128239763149	0.448838109052304
158399	1.03178984815846	1.55730415033586
22949	5.27682765742905	1.6715811956053
548645	3.43841999614258	0.434693808587224
2790	-1.72000364967727	0.702572330682815
158401	-1.48535009598633	1.64787376805775
7357	6.8835192846075	0.988894789040908
64420	4.75258138313382	0.496719192870011
9991	7.29497427352479	0.992026773889455
84263	6.17365815654839	0.813972882845688
158405	4.07070991480362	0.5186253801714
58493	4.60660957991486	0.287996853345543
401548	4.22366011309813	0.446857011884924
169834	-1.62462960523391	3.2514550033795
7539	-0.332507424258295	3.18626087748991
100128385	-2.78018040638357	1.09745503599708
286333	-0.823236565976065	1.54778524793094
1318	3.36993814645314	0.933329613252437
23307	5.43956164370178	0.622627551392706
1317	6.31661888294669	0.364079560688226
246184	4.33732736554664	0.527549638604938
9128	6.40275837805399	0.414135805450111
138065	-3.24585224854353	1.07594325868514
114987	1.22332031369689	1.53237972362209
54836	2.91176244999945	3.12139644599111
81932	4.01216379529308	0.746063671704486
210	4.23788442991154	0.614987538252011
54107	6.69133535717315	0.429449991601835
257169	-0.718891138484229	0.832179030165627
5998	5.06318560442455	0.992397479736418
114991	3.21822216544216	2.01625138388041
259	-2.73956279821637	2.10032521989922
113220	-2.93604636980955	1.12449250802298
85301	-0.190714903380545	1.97289731263969
80709	3.43848522337425	1.05012042097057
25861	2.4867629289795	1.73252863958197
9550	6.5632900662256	0.366070512808394
203197	3.97165497747792	0.543353524954964
100505478	-2.3267061918203	1.70100978619303
9966	2.83379866512696	3.26715055404587
3371	0.607072659580019	3.14338367736716
5069	-0.290242887040055	2.87601041154905
23245	2.261428806171	1.82190457410075
22954	4.33845783302231	0.60094114349949
7099	0.0824000040840345	3.7123987384013
1620	-2.89903347412871	2.58876837579636
55755	6.21923618930298	0.531579732337248
1955	4.7871269609124	0.954189511771082
26190	6.16136134052126	0.511295796007778
100288842	0.899898076567674	0.569171119272806
5711	6.30344689148245	0.431267860848697
253039	3.71413610235198	0.894333018070438
26147	6.24089863422125	0.592544272879868
7185	0.935915183696834	1.22154512597428
727	1.32553408006438	1.16357425566677
11064	4.864247090354	0.960363388693794
51552	6.96559024523971	0.531966075233435
105376337	-1.26512289556738	0.692443575776372
2934	7.03711378485983	1.57460106438406
57000	-2.08298731104941	0.936077833672884
2040	4.44805442903841	2.30232852694453
153090	5.33480032438513	1.16365000774359
158135	2.34088772968143	1.12020777596979
4702	5.86965460919682	0.482360839007613
26468	-0.977054576865726	1.60170643333951
92400	4.810823356914	0.353224024412288
92399	4.91704122406412	0.462335439003609
5742	0.491372086980431	3.09318392416285
26740	-3.03845241539407	1.58040020640873
5082	4.54185953061772	0.486369762470711
54542	5.59140677449993	0.574334497012198
10773	4.18568706095138	0.549699917593112
57684	2.20449377447703	0.540337504319362
23637	6.5431154773608	0.774291425760157
81571	1.68410371363321	0.879723671070021
55342	5.63857590273481	0.48041939409069
286204	-2.54309544812986	1.44407974641954
57706	4.71696990130202	0.630283652250007
9355	-2.30550764107768	2.17439945826029
10783	4.66402490363228	0.916160697290596
5695	6.89633172975596	0.497856006037889
100129034	3.95278730209531	0.8139546464731
2516	-3.28653609536863	1.66576970511276
2649	3.70142580840302	0.576239957743759
100379345	-2.50599247642658	1.28400238925594
169611	2.0377050337572	3.51255261159294
401551	-2.41293873021158	1.11828041163773
11224	9.75997812875238	0.624660738607273
81873	6.27051417162387	0.452235550421131
2800	4.85807962088269	0.256340877625118
286205	3.5253761309832	0.514253862495417
5537	6.12525218995996	0.34111720101394
10244	4.97225357789377	0.412876309958805
3309	10.2923587129522	0.622156087503537
26130	6.26069061999088	0.428123490146263
79109	6.69250931493911	0.408838916562818
5090	4.01259963951032	0.83712273241063
89853	2.41283835094393	2.03132122818821
4010	0.318736123476512	3.53540141450752
23099	4.42653635730937	0.604427754617818
403341	4.07243630188534	0.517304875452264
9649	2.73536754269841	1.21882831580313
23452	-1.16388637716955	4.09703375609785
84253	-0.0985414379844079	1.26381256406737
29988	2.80392502696643	1.44001715375
7633	2.60993842067366	0.636592644692181
6136	9.57864384878539	0.621700586994677
26783	-2.00206936846334	0.536770786597905
90678	4.4883800541762	0.565014033792945
64855	8.33336785703529	0.993225803059729
6812	4.77719869456388	1.13063465574123
286207	1.61530678575061	0.651943954713029
138428	3.23472272908489	0.501049563658136
27433	3.66304340534121	0.720173485643615
10044	-1.66387635011746	1.33260826422815
100616250	-2.20741117658339	0.954755700158764
1025	5.78837927415092	0.563958066939087
2356	5.76607583311903	0.689791536837374
2022	3.48793151090624	1.98833052485414
102723566	-1.18672522574429	1.13546133485851
203	5.15549321256248	0.802363626801564
30815	4.88885253269075	0.872534316387839
27090	4.93618606595722	0.837112024841243
138429	0.325122587194789	0.752258071065329
8818	5.26952473956488	0.383459119682113
399665	7.03041231029871	0.712290146250899
203245	3.97519854111661	0.401140933669347
114789	4.937205249377	0.878013025071153
100289019	1.59088999053494	1.36493525123353
80142	5.867289459068	0.686226316330719
389791	-2.53302852948293	1.44210902022458
3934	2.34170338430463	5.08748555114741
79095	5.56835860695682	0.772785745530865
25792	6.68566749544056	0.575849138156533
1759	1.76492828553136	1.89537545009559
2801	6.69832013495178	0.493534733053091
375757	3.9415839199395	0.342929803482131
26995	5.29114279072443	0.547962779973743
51117	4.45930166314607	0.594548632552325
10999	5.27522227303778	0.367908089884557
81605	5.5105764285108	0.478906799242222
51148	3.07004864819433	2.55216087756332
4957	5.64540428304543	0.621711636378912
2733	5.9773847582141	0.349032677320823
6709	8.41272327967488	0.38999119445423
89891	6.92769202167412	0.502527687007448
6418	9.78455209671954	0.342240375745468
29941	3.35140031679134	2.19592544468297
84885	5.31110863096028	0.507648098292595
100506100	1.93564427711991	1.2749470186055
10444	5.14686440902845	0.585413990160195
54662	5.28173126323878	0.417893437213303
2021	3.26815838409543	0.414671804883276
51490	4.9373744530808	0.4184849722589
883	2.39313466623292	0.829907203520401
56262	6.82068410097147	1.16593522345133
22845	4.57224622445451	0.320444280036895
23511	6.93816259984528	0.41782265203279
56904	6.23477288632466	0.831890468315982
84895	4.64605887283219	0.435664154030722
57171	5.20362603191633	0.432762518317924
1384	4.92119131675976	1.5558938631476
5524	7.90993248678475	0.38128133460168
389792	5.642625517959	1.05336605849873
101929331	-3.53244014721631	1.25861776739211
100506119	0.665742939069516	1.77910415548698
100506190	3.67939394890042	0.617096964998081
28989	4.50449381866992	0.449213412275442
140459	5.09627689483264	0.271207844818294
51450	-0.988063784477513	3.41376432620068
9536	4.71497910725381	3.7448727253733
27348	5.82813788395173	0.385778263810514
1861	5.77911214004056	0.317784421073519
51759	6.13589066573171	0.377613034094876
10868	4.416616795256	0.968073867511985
23048	5.5634172225343	0.781332207532668
57720	7.55028869015138	0.448014633905311
23413	5.00804963418152	0.963603201562594
256158	-1.73736136661698	1.86880309471925
445	4.74689483853546	3.43273023619153
100272217	-1.11257422580425	1.24008958026182
8939	7.01219740108052	0.299366148259237
59335	-1.65199067643023	1.06636547643324
23404	5.37418955240679	0.521697829703169
25	6.20607151834448	0.514153556366465
347148	-1.57946698132103	0.957087118947978
84929	1.49606010622407	2.7253718925517
10319	-1.22014385990068	2.82777541171468
83543	4.58459893246264	1.56789182544296
8021	6.20892294005245	0.263503264369799
286336	0.745694070860222	1.95185669291779
84814	-2.40778179597603	2.44216722248903
84726	8.09567485415267	0.745504245333646
692093	-1.04292624323304	0.792926247823762
10585	4.43518133870347	0.631658659535761
83549	4.35510533847497	0.632429890370337
642515	-2.3675181140864	2.56347774251415
2889	6.5280114003354	0.510511031123218
9442	4.92008616780224	0.435581271976821
84628	-0.922035485548373	2.03910241905795
23064	6.73810696846803	0.144752833185102
7270	4.26990901751574	0.357143483664614
64794	4.78989323286406	0.344428906008718
9329	5.72394178596816	0.267038244882013
158067	-1.24456946214125	1.46338895066795
11092	2.1458822496048	0.896944257793086
7248	5.52135786893016	0.354415838532096
9328	6.27060110445661	0.386832781108388
100996574	-3.07708509807591	1.14751207335009
1056	-0.137561977093948	1.13218496688413
5900	4.48753976165955	0.708443618348074
26301	-2.44583176977716	1.72515844165287
29989	-1.77812750426358	1.98015956905756
28	1.00935704271257	3.54667344341953
6838	5.84286993895341	0.357006201121272
6837	5.73412101789544	0.567827884820179
6130	10.2325589421153	0.577975281897042
26820	-1.95299705560655	1.15632112657053
26815	-0.586815806167383	0.815177370566992
26813	-2.09385904532614	0.887072087435414
6834	5.03170500502281	0.547049847003061
6835	4.70517632954864	0.648903499198562
6836	8.04692631197895	0.5154878019466
169436	-0.616139628415844	0.850706161138517
57109	5.945735142915	0.262805345843882
11093	0.803540474100451	1.17407148528599
11094	4.24502593459117	0.816680171655331
11182	4.60216043704417	0.852989076419213
9719	-2.04805140467231	3.54067511085144
642968	-3.1744638325829	2.75419073402937
1621	-2.41813444829132	2.84552058171199
138948	-2.89670421166131	1.87176995103501
1757	-1.39102231027527	2.59953685483272
7410	5.85980769720676	0.644462478043888
266655	3.91433670695157	0.521399040189639
8019	5.53688661670321	0.383242986663653
11091	6.42187829770657	0.388086770744933
6256	6.75003574474839	1.79305453551971
1289	0.262477130621436	2.84818134603389
10439	-2.31753256944644	2.30801270822781
100506599	1.4487801273461	1.72642521732417
9858	5.87667761583991	0.656796877028648
138162	1.96483616078632	1.10979187018673
51116	5.62588958749187	0.746915647728083
101928525	-2.63124297821595	0.822209255248466
5047	-2.76408510003745	2.01988786085033
57582	-3.00660161776761	1.15379293844036
157922	6.07841172951922	0.30634779131263
10422	5.72631207111297	0.338421376027343
138151	6.10656112116669	0.774857964883725
90120	6.47116483698161	0.355884930483272
8022	-2.82965976115746	1.08841676019537
169714	6.37648564352507	0.473928203453606
399693	-2.0969111170072	1.76306064493913
26102	-3.49213978924723	1.1219977181086
26086	4.27179874037781	0.908461529920349
728489	4.01335835148252	0.613180268671828
64170	0.573966694300737	1.36907953843014
6621	4.50253419082732	0.309347456274265
10807	5.90948163334215	0.37507738638396
23203	6.22733895530439	0.497122332570619
56623	3.53849382845685	0.757187887648313
9919	7.32140792656726	0.400047600112402
158055	-1.64907652128874	1.20448017751725
4851	4.13585331217122	1.55405615487757
101928483	-2.55095487883996	1.41056482314453
51162	4.1985303406697	0.849825064981855
10555	6.41971683303211	0.696490544561594
138311	2.31683871546334	1.49601501332672
84973	5.49762601380956	0.908536025348799
414332	-3.23369184221999	1.23392291582727
389812	-3.20555296962638	1.69762372461899
85014	5.64243319459048	0.625973231098797
84960	1.05370813766167	0.738172348354142
100131193	1.33642257557562	0.679253573237475
55684	7.75745325902866	0.394116176983426
100422860	-1.18019592169245	0.548559115892129
389813	1.91014164562909	1.29395991363674
29085	6.41449724469307	0.414065024971047
158056	1.18262887976602	0.550648282483374
8721	7.59437737142543	0.308608804856135
7186	5.30694192510308	0.505664923476106
100616480	-1.01257609890155	0.540495095433802
54461	6.48037513794885	0.433795562807489
733	-0.472307585154023	1.34104371113805
286256	-0.90734961162028	1.07402554747458
5730	-2.41873905816294	2.15621604104544
286257	4.79199381848338	0.594552840598832
9022	2.32762441381316	3.24051104074199
20	5.13910018558015	0.832622658947033
56654	5.17143306418218	1.26061851876054
954	1.58819424082274	1.67178860731705
89958	6.37924318114527	0.925597042015337
91373	2.95198438940481	1.47445540229844
100289341	1.46570300285795	1.16780371872956
11253	6.26639311648231	0.509829097082406
29952	6.0019298693913	0.496698478516544
2902	1.5793161374089	1.85483666953283
389816	0.63584445251151	0.94206849219452
29882	5.43256248578146	0.347086347309983
8636	6.17146974156003	0.592377820418483
286262	4.911889261255	0.593352797462844
94107	5.57193715599771	0.315408966381588
27158	5.54367544725109	0.54480228187669
727800	2.15237540784964	1.02656216083647
375791	1.55323799302202	2.66403909273515
643596	-0.290079534202777	1.71791911342367
142680	-0.0242511375024428	1.32751497976723
10383	8.89022673178482	0.882233113843133
401565	-2.57968882509083	1.38390588067042
441476	-2.69969423966836	0.991551574310077
25920	6.60330610065663	0.497276081812106
54863	6.1653676396332	0.997534182819775
441478	3.61188839997943	1.39896676784913
54932	3.02807079641284	0.70877888143718
10811	1.76909500255345	1.47213463514866
377841	0.825556083925885	2.19370012118337
26012	5.48720729888885	0.860615331428028
375775	0.661344035170871	2.27711776088822
64975	5.97563281355536	0.550310154459287
92715	4.33539451710166	0.434400375579421
116225	5.20776649564469	0.319239791625667
92714	5.75899971655211	0.909936198303931
85026	3.61493946780748	0.649490728553667
79813	6.25744101615509	0.331149250174364
774	-2.90377987396663	1.60429666536969
643224	-0.680374428213691	2.8636271504637
100132403	-1.99798270437527	1.18435191037369
4549	9.71124088097137	0.80580573803611
4577	-0.548342998931579	1.27944323708857
4550	12.1864612048728	0.67889306639079
4567	2.24434249681543	0.699193987060984
4535	10.7761705320137	0.539713864118137
4565	-2.2983715888436	1.15453529662288
4572	-2.20581455754527	1.00124659934227
4569	-1.2921843993835	1.30926302257513
4536	10.8418945294181	0.688800957497346
4570	4.42028818673699	1.94757761704349
4511	5.43072222017215	1.37984562102435
4579	1.9552984976245	1.05880560847131
4512	12.8805838135744	0.594859487017454
4574	-2.88338162093235	1.10104988428302
4555	-2.42969251020696	0.881234096758837
4513	11.7664469785617	0.634018022301109
4566	-2.27979054947064	0.985496771646867
4509	7.40658040524306	0.662007661146828
4508	11.5644763742228	0.628925700457807
4514	11.986273283428	0.486267399646394
4563	-0.288175189800436	1.41261253722644
4537	10.4664414535421	0.422667114200693
4573	0.390349455547157	1.31890381699784
4539	9.78211026402113	0.495972920158949
4538	12.1124214051237	0.564878654759955
4564	-1.71070112856443	1.66906922830304
4540	10.8012819350681	0.47264168372665
4541	9.75032866168442	0.496175060526156
4556	-0.517383995310169	1.2273233271181
4519	10.6981201850527	0.697658580732936
4576	0.314103459978577	1.26790135482408
4571	5.82727028601967	0.65192330154859
55344	0.230753868741961	1.53350448992067
8225	0.293708958386936	1.61525170635672
64109	-3.47632187287068	1.43383198203431
3563	-2.8426843767895	0.993615165559983
293	1.37447243220018	0.838257312447508
8623	0.56021508728328	2.27456263318759
8227	-0.871231663791594	1.69957456341642
207063	-1.49652745786406	1.60114789834233
9189	-0.75411267738363	1.15305575281186
401577	-1.88518063573563	1.54289122220724
4267	3.32018306587136	2.28715250664751
8908	-0.45608259045801	2.68740771604668
414	3.85545081295175	3.0440837637335
415	-3.73376229255859	1.01806795959973
100129464	-3.51539179025731	1.39333785813339
25878	0.26022934845186	4.851420608645
5613	3.96470691672909	1.85391295989725
389906	2.11114449612606	0.391529046217386
8226	4.76640368365258	0.887513439632576
412	4.81970817266684	1.28581373501463
8228	2.26452806688794	2.83779262820518
3730	-1.56746773503287	3.38426956155075
6907	5.42169182704568	1.1602215714597
4935	-2.75443581521555	1.7509135486031
357	1.70281433893087	2.64007099378208
55841	4.01212793206285	2.12269396213243
1183	3.31438203858354	1.29581998168788
4281	4.23522921561026	1.5690693312607
3052	5.74501629119428	0.412662500839985
395	-2.07183719112772	3.06135577940943
10943	3.84628468809869	0.678122217302641
9758	-3.11119604890844	1.86790896708784
5634	6.09226200818276	0.79073206007163
51284	-2.82274973888854	1.64398195065655
349408	-2.70374467066615	3.10335886241852
51311	-3.66412843310671	1.23335314853287
7114	10.6717022317332	0.85652448453126
170082	0.698494138185104	0.842263799385344
9367	4.57837872423466	0.835404580245203
6399	3.53675874630347	0.503143586766667
8481	4.77895146721395	0.330900516958021
2824	-1.19864861402195	1.62417515322992
54960	2.90780791117205	0.582314322414801
286480	1.71328127816642	0.429936971593859
2187	2.74327897239702	0.55615427347996
158747	4.53117122322217	0.455164926757381
140462	0.229060913062658	3.08485103569156
5277	4.0654745385404	0.547533809787774
8544	3.20403300383231	0.805017365557762
59272	-1.23498290104552	2.507392843766
57393	-1.43262668172304	1.58798392771629
340591	3.06346962565167	0.467731390397168
11238	2.36864438597754	0.854953568408745
8233	3.50116964096335	0.424429416717225
8905	3.68752651000594	0.924717185485576
2925	-1.84781622796726	2.58175110025859
56474	4.80541919849133	0.562229475254154
94056	6.2595492460752	0.567479600202495
55787	5.45024224902954	0.542065516362803
5931	7.64997756769769	0.653272803455801
9185	2.39313375693717	1.98695861693157
4810	2.77338265484601	2.94056775659908
6322	3.0458946348098	2.57099947778462
10389	2.07267543429643	2.55502490650646
6792	0.547581854759033	1.64200711602237
100132163	-2.31939874801508	0.864893585825943
5256	4.22471032893311	0.749722010680321
10149	-0.935819052460999	1.36860781990411
5160	6.5439863823833	0.738421138584592
389840	-1.96624210728441	1.95232099747723
30011	6.01921467160934	1.95633798041205
256643	3.14237744563721	0.619009763285509
256714	0.277593527515513	3.03636799625276
1964	7.09567376670805	0.508524532430862
100158262	-2.12113232205954	1.17048931236257
6197	7.14800051812085	0.647061274835889
22866	-2.98085932364359	2.74057139765759
51360	4.9757475954202	0.729836004746316
404281	1.6815365980455	0.77051006881334
6611	7.56008640548287	0.825587126099108
5251	-0.529785767405299	1.42420501483407
139411	-1.83360025836846	3.13296883373176
10549	6.55832231339761	0.546544792244641
23597	5.3011443777919	0.758519717928131
6303	5.9113701130202	1.35859611386655
79135	4.05608373679213	0.579154958926597
254158	-2.61847278583814	0.761521490138754
80311	4.61375950414389	0.930372085915822
1968	8.32321045494199	0.430944837027532
7543	4.8549854445784	0.561217777960227
5165	3.54380815795678	1.59945246810454
9468	-2.60831482310369	2.77121854653197
5422	5.23985244402826	0.558482388117485
170302	-1.71941648299489	2.33572829825625
11141	-1.6220702791116	2.64621404265523
2710	2.96922686327292	0.828902668453482
257397	5.45196412472757	0.792799176257853
1756	-0.261628971496406	3.45106411036668
83604	-0.698228099133223	2.44321754331185
286464	-3.50547970617278	0.988632976493887
105373154	-2.24977641987274	1.61360305656
5638	4.84714263849233	0.979864528136188
347404	-0.435192890104572	2.45040903880045
7504	2.95687541314401	2.71322758973753
1536	-0.059883677085291	1.6255495682665
6990	4.6801322602641	2.49615045761632
94122	0.349847497210617	2.24681473890373
25763	-3.74518211362403	1.18446485521755
8406	-0.280359170997868	2.20998834003516
6103	2.39909803082888	0.618427302306076
7102	-2.82243078748593	1.16621094215792
100874211	-0.68574989868983	1.65809875032525
58526	5.26053162753787	1.91696171803211
54880	5.19426778557338	0.869703642158719
10159	6.73692488001179	0.412573199991317
159013	4.28565178482978	0.852028790564625
9282	6.04976037239135	0.518110708379647
100873985	-0.519980509088796	0.66822903843941
8239	7.29799205079236	0.458477067649294
1654	8.57524231353044	0.351221457390962
8573	5.63439061921562	1.02711727755725
4128	4.15383733506694	3.38802680481486
4129	-0.253078069107352	4.10308828450345
4693	-3.17136202637198	1.63574310114166
80258	-2.34069271113447	2.03558185213611
139341	3.07782065970857	2.783135186625
7403	4.26463918153263	2.74623911660766
101927528	-2.64630228006116	2.23157865070338
407006	-2.6248240389256	0.773838860865348
401585	-0.27928117220855	0.891808318872949
101927574	-0.36143395987014	1.31436660351661
55634	3.27252329813293	0.474226629268014
641339	2.08848702130001	0.465183220910122
401588	1.56108414914782	1.03824130138682
56548	2.10547572874968	1.79113403495715
84679	5.69042239214287	0.845889999456023
6102	4.99222416197676	0.58900948933132
9767	4.8184893745527	0.707181335643451
9104	-3.07912931956242	2.37525630611468
54539	6.69271868189475	0.568718386544337
8241	6.14475098638823	0.276970038746399
7317	8.94097630427625	0.620456723822553
8552	-0.738945218371587	0.594114499221403
5127	6.77158833218462	0.598792138352625
8237	6.44458978195531	0.719179405683539
7592	3.84128824369563	0.294271233335314
203414	1.28556209682746	0.712863892610191
369	6.02873380845693	0.557562660762381
6853	-0.920367935428376	2.56750161079215
7076	6.90806938185845	1.19762260174346
5199	-2.26798606877056	0.752980473174933
2002	5.96718505388875	0.502549110534662
8409	5.07910990940978	0.350864721887575
100133957	-2.64315799293644	0.959887067903598
347344	3.19594622092517	0.448459501112626
7569	2.96183098146737	0.57811266738941
57232	0.939859055692417	1.19734154338144
92745	-0.548714307554894	3.16845088178102
24140	5.07114508633916	0.672865875567647
64840	3.71086041860347	1.82648740257112
10682	6.53376895012197	0.647143044879632
4943	4.42512829714757	0.665143023430347
5935	7.82258091999607	0.658321268891518
64743	5.51933276082036	0.627938182687153
7454	-1.24182337875836	1.14311753985259
6839	4.70921738713679	0.600782112263028
392465	-3.16416303568445	1.41038646527115
10013	5.26305522409523	0.931429338975308
27344	2.46141119901022	3.66736090797935
10245	5.45769655525585	0.703166986893199
10084	6.24235062889265	0.453169123499295
7355	5.99979343439326	0.698740019835776
11040	4.24727933959284	1.04197303159256
55593	6.07766022053243	0.396322023407837
3750	0.186042830370981	1.87849140135109
56850	5.60600022055035	0.329423328734439
7030	6.19983122007626	0.955930607137712
90060	4.71838657912698	1.06789125026103
11230	2.59511373589334	2.00402500126031
11152	4.4130671902035	0.497772629882086
27238	4.80260981452319	0.520979845640119
79917	1.44230359139651	1.29848492150567
5355	6.66445857717438	0.897301766666839
4007	4.4522358373466	0.56889594516364
6855	3.4044244799107	2.96051690751765
778	-2.60138196110472	1.16689600396006
28952	4.12159917304002	0.55676535736601
50943	-1.12996124401923	0.917992128306969
89801	3.03824294135963	1.29960047181941
729447	-3.18960929152402	1.84492897426029
158572	-0.565409797888707	1.82489494747233
389856	2.18626461787883	1.30544477063214
1184	4.4458734141186	1.34069652967095
85417	-0.199372431346951	1.54127579923538
57477	-2.73468597108942	2.84040941066041
170685	-3.26154611070966	1.17514331089696
55190	-0.6890836087624	3.33836294281893
23708	2.39079624018705	3.7478293029628
9500	6.38881861726756	0.454063004277308
81557	-3.24263587649333	1.48620517648648
728239	-3.35094175149782	1.3312935407077
29057	-1.43488614484852	1.08285546400194
54328	-2.11432771910521	1.79669566134064
64061	5.39746027441379	1.29506103211807
102723508	0.126549136637161	0.639676669566261
8242	7.24705317932183	0.456118433964359
23096	3.4448219687763	2.12745292840913
8243	7.61799460246902	0.53949800692795
158787	-0.359717310786856	1.08447247565744
3028	6.4594553879191	0.531063651754983
10075	8.75852860074479	0.538789669938669
23133	5.24010191142112	0.556170047465832
54954	3.13963269722008	1.09214805498456
90121	5.23504997696848	0.673967796635164
2245	2.91714963577542	1.43054119719604
54552	6.18759322524143	0.584292307810346
347365	-3.2939613127795	1.28207060077758
10916	5.37355713546386	0.824340096894936
7216	-3.00981706969231	0.834637193662769
5207	-1.6089643814594	0.862552510301084
27301	5.24114274973079	0.830952637736507
212	-3.53392675961973	0.888087918432322
90736	3.17584192395224	0.635771122943246
28986	-0.269084709104872	3.30925114243478
158880	-0.142020088719111	2.55594819764444
10325	3.51364161742498	0.909922493975642
11279	-1.1933385800523	2.26819739544895
29978	5.4575505875506	0.649501454500325
550643	5.00484999660792	0.956051509150796
442454	-1.49435465238134	0.554864146408805
169981	3.28340346976	0.71507814040873
474343	1.97416218447935	0.759788220412364
158584	1.48249048043693	2.01220023608853
158586	4.23321256133276	0.32821842060103
7789	2.28912291208418	0.591822749351472
139886	5.12956879388283	0.951280699499719
92249	4.18907321454402	0.657782437343184
23229	3.90493150615686	0.661914390367147
139285	3.55110381275784	0.775188200609074
55613	-0.225719401685046	1.69359916010712
55906	0.627344086531861	2.88457691810565
340554	-0.809596243927443	1.74055613729995
81887	5.78066017900214	0.769970759669572
4478	6.77381694143898	2.07607839898335
367	-3.065651643135	2.09721729721665
4983	3.09283202403173	1.06910474836879
286451	6.51129230325193	0.591305017906086
9754	0.233708900048794	2.674359680966
1947	3.89512146599098	1.87381945030352
64219	4.50613273741091	0.918591390500027
27112	2.1301359548259	1.48695444915983
1896	-1.52904481844681	1.67055287230385
3476	5.43042955099595	0.392691295277073
407	-1.78056378804016	0.900227457144838
347517	-0.576875192730439	0.863917474884363
51248	5.31756850347634	0.607701944260815
24137	6.50358661851154	0.477409515606524
54857	-2.56749300985099	0.83518972788992
1741	5.10897138259754	1.44607109656916
100873930	-1.60234422429139	1.52180840986048
29934	6.95661605440109	0.564548645556696
4303	3.51663329677024	0.670247615454684
3561	-1.93271857692989	2.19979321001499
9968	5.44887265276151	0.535295668388822
54413	-1.10793303949393	1.43031070247222
2705	-1.90312520596242	3.19609338846013
9203	5.75855861873247	0.763371498968524
4841	9.12673348166652	0.395888361486123
26548	-1.7541295534372	0.814197742687044
6872	5.83210476940501	0.597013661674781
8473	6.73237786731148	0.400610039010084
93953	0.125628547561233	0.772782725808692
340527	-2.19998552253057	2.13410986019715
340526	0.281854735006398	2.94092006188363
5303	5.05851807192358	0.658717109748383
54821	4.75992579778663	0.876379425265332
6191	9.54240674685244	0.487959436279546
4435	-1.30508109772966	1.01716416785673
55869	4.3248649109098	0.569384289927439
5255	5.14244673714059	1.13061568453591
4674	-3.39602728252215	1.71497057348352
53344	4.51596043922526	0.73726772609925
554203	2.72273483157489	0.71097691927175
100302692	0.738652157133436	0.528395996001301
6567	1.03794126855618	3.78091444853252
51132	6.44919197128493	0.408661348643577
22	4.63777781404196	0.667535266147343
139596	3.4392364823281	0.483345489675713
646127	-3.44395065084739	0.863215573846312
286495	-0.384087228848796	2.23813561576746
51260	4.73582156924217	1.76332320348942
57692	-0.768625664457779	3.4122882902784
546	6.51982334169591	0.712699157511385
84061	7.38138770673112	0.648636460952165
1349	7.01164237392145	0.368223232279758
538	4.74368750367765	0.62893085021249
441531	-0.727553886577712	0.561955659664774
5230	8.90089486248644	0.385840861298368
51616	5.15047700757965	0.780250370251827
101060146	-2.21590503851622	2.87060058337056
254065	4.80758389939402	3.04805673679613
79366	0.955858251600927	3.61051894111032
6451	2.40775741165842	4.45532736338536
27330	-1.40005829898772	3.24093017034307
139324	0.151005620127556	2.66111439488862
139322	4.09878985599969	3.19855218673597
7552	-0.563381175217146	3.01136674685296
79983	0.452458130458968	4.22850807273031
1121	4.41667787409268	3.30755086223332
56062	-0.415459733736958	2.77316369654795
4675	-3.4808837125568	0.953952154903666
1730	3.2106671391074	2.68739687455465
10824	-2.41574350074032	1.87136079925252
7105	4.18730492757944	2.81832075232596
27286	0.600990705367354	2.93705285587618
94121	1.87206047839257	2.68735305043033
1478	5.15768518478622	0.565037528972542
27035	-0.787518494400478	0.879414894397695
402415	-1.39138470240409	1.5582170800075
392509	-2.74397928664975	0.776897972302824
79979	4.95957914295577	0.753975173281358
2491	4.33071651174569	0.926550620778586
1821	-1.70087373766746	1.27374772998304
1678	3.70102309810679	0.638918016593462
695	-2.88936622324847	1.31062252380044
6173	0.472032075963627	0.83795608368325
2717	5.44419947690255	0.569218877509618
100131755	0.0386533521896387	3.05134394640797
51309	-1.35228277617321	3.03630558506263
54470	2.90622136266166	2.57129268368017
51566	5.60635305070283	0.644538659859948
9823	-0.489580549266726	2.87566992413128
84460	-1.98532031640132	2.84058418034262
340542	-0.505737202495598	2.72932729558192
11013	-2.69074242732618	1.6221446937878
64860	3.63124915024665	0.303253922651409
100528062	-0.492524371002653	0.56719015948665
9737	0.0511659222122306	1.07938178734566
114928	-0.888020121813004	1.42206768270645
80823	2.60495556044553	0.778344368001474
100287765	1.74495103800388	0.57053323497547
55859	-2.09417136754007	3.54596511650239
56271	-2.78109180607465	1.75211468300106
90843	3.37993404233457	3.19115925156805
84707	0.794909892560451	3.06256509103692
51186	4.0699534343558	3.03048750686276
27018	4.05225118057705	4.16642440208976
142684	-1.98727774261201	1.33891240266253
79921	6.21985421770599	1.09256436699118
85012	3.3723313304404	2.88261901761969
9338	4.18397483454989	0.658431013156928
9643	8.14756408332594	0.271392937034193
340544	-1.78590340826751	0.88167542327917
51209	-1.38212557504693	2.13962567720492
401612	1.38660926058295	0.78873660026731
286437	0.498881878137396	1.05999196241699
139231	6.81351488667533	0.671378422741934
80712	-3.10147246579961	1.79606214000895
26280	-1.10712413900454	3.07022690056384
139221	-2.58411809219674	2.04941516183643
55086	-1.38851950072183	2.94435914915035
79589	-0.669149649388795	3.86129846248989
54885	2.33164918021605	2.50011221269545
79710	4.03994841619489	0.896121475348029
55285	4.91425104281101	0.432988909218072
54830	1.32764082897968	2.233392125416
84443	-0.846895690075996	2.46404119224148
5631	6.16033435876463	0.614518375153976
1831	3.50453130185224	1.07748778050114
11043	2.41080216496233	2.8451319433595
340547	-1.58759887417248	3.1055392889026
5716	5.83099155606446	0.464893163934094
115201	4.14994185664733	0.695231909164767
1288	-0.698478888664888	2.69039641432391
1287	1.19883668848838	3.59957378960444
8471	-3.14826328028585	2.17697547444191
55916	3.88570067402467	0.634264470568729
2182	6.17170505447995	0.638407902496792
105373311	-1.37939625538782	1.13937633030784
84187	5.07595213656233	0.810483655001893
9949	6.03146631618226	0.557465779306106
57529	-3.00142976534296	1.07712844959136
91851	-3.23877648480864	1.18758545881585
5063	-3.04338689407269	1.56978430668517
1641	-2.90241308583183	1.23868482261616
79868	4.48164478768292	0.489886513946486
154796	1.4257327161277	2.7543659073011
3598	-2.93775905979611	1.80730988444566
101927352	-1.1398464017237	1.27926694663886
5358	7.30207371811864	1.04007289761714
642776	-2.19304734583222	1.11930542955898
11254	-0.474715503991074	4.33982241808527
203413	-2.50633835187882	3.12143323361663
90293	0.201108314630741	3.11563503387874
54521	4.56527703329688	0.583446726628995
139818	1.75857839902548	3.71085235420328
3597	6.97624081106456	0.841900589365554
170261	-3.21611222162675	1.09523513624373
79836	2.18297971700064	2.1373992449743
10857	6.86517769384848	0.604742985921315
203427	3.39072274263391	1.86520198238218
100303728	0.482218222598459	0.760210758070877
292	8.5648533338605	0.482283780524149
63932	4.63245256004786	0.500426429955844
7319	6.36494686567713	0.498364316867592
55922	5.08603440872531	0.532095780144902
23157	4.10993619060375	1.97712218067223
347454	-1.9082661328763	0.902123860580181
6170	9.34701019660464	0.465818948942297
26779	-2.67930337500756	0.740060376512583
65109	5.49035546194891	0.596840591092226
7737	3.83918796851416	0.472069910167121
4694	6.56886065170892	0.464355084651485
79576	4.60518268821911	0.696425073236938
158801	-0.13415911194519	0.86211740993258
10009	5.11347285805149	0.380958806715249
55026	-0.00277530848424388	2.09802709118865
3920	6.85564133501433	0.797496446402174
8450	6.59231433817658	0.549243573389206
28985	5.51101373873915	0.462106942249541
29071	5.061938697911	0.435637519734235
2747	-0.891281680371727	1.18656467202771
57187	6.92642086466248	0.545024711037939
331	6.76707665054551	0.451572342126078
10735	6.92298429744004	0.340885671762141
10178	-3.02341137795279	1.28827468148909
100129520	-3.65940652030616	0.960915998795211
6594	4.82273675435893	4.29148536654829
4952	5.7981423726568	0.769425746580099
8862	-1.74608415253303	1.86055417911151
54440	-3.28926052171043	1.35259382150136
51114	6.06952423407598	0.6303284225838
10813	5.46299691399116	0.533683578918173
63035	4.33509239335918	1.54711044305459
2000	5.98801304887999	0.569866453235114
9131	6.47804431923821	0.786797934098368
9363	-2.51217020773402	1.43233940038336
55609	2.84556915654236	0.874016150814841
9016	2.77572588175921	0.540829692381397
51634	4.67404562589743	0.515145602984309
55855	1.72783720944971	0.636269055706311
10495	4.30864473982201	0.478200139099287
3547	-2.54073020380418	2.49631509947199
286467	-0.849022312677103	2.61842366873368
51765	5.7183676136285	0.524992982526795
57826	5.97458708377305	0.714952776418633
101928578	-1.00078124907974	1.25986822314185
55796	2.81569996489636	2.95157861522099
90161	-1.63819399424663	3.16048811896889
2239	1.3870663805191	3.29103006424959
2719	-2.69878874939285	1.73422100096332
347475	-3.38740865190407	1.3069555613744
84295	5.78211363473137	0.594166853991688
3251	5.75827014297412	0.725741466906408
84848	-2.63613077692922	1.31684675453558
10761	-1.62258904366293	2.062871582485
159090	5.74968699622542	0.589617360023152
159091	1.65343820776196	1.10106489252595
56180	3.82144914940282	0.647848833816746
644538	-1.04033954819786	3.35308568757644
441518	1.3477828105144	2.55860929636235
8933	5.29600822627003	0.855175824215007
26071	5.04514296919288	0.583507740067889
644596	-1.86478228854685	1.29463855142432
7626	3.28004885682711	0.600123024803515
203523	2.24255027480478	0.758446631495484
399668	-1.72965996002423	2.15895518390823
203522	2.30930418447126	1.14777674699703
93380	5.53200708982734	0.555040700102726
10479	5.1848966918349	0.682133237660219
2273	1.04988090374526	2.74699028870229
79649	4.52863483762981	1.20619550150299
27336	6.75544662344577	0.54564053927261
51442	1.62225794679038	4.59644938436407
9459	-1.45164538182741	3.41556398918365
27316	7.75762832585803	0.305773740142704
101928747	-0.777813225027603	0.720762871205485
158696	-3.7646514864386	0.9823685912386
2258	-0.906517611387829	2.977335497446
286410	3.74001353106862	2.25589788112957
23641	-2.58688208238339	3.20872854828861
139065	-2.61476135793903	2.20797899837434
2332	6.17718781082994	0.373725855732871
3423	6.88623720636444	0.839503371534002
100131434	-0.394556582901257	0.486080591850215
91966	3.03765207048741	0.717748756149385
84548	4.08923664656239	0.47963303247594
541578	4.24699952851211	0.578488686651264
100272228	-0.751457982815317	0.795647082016665
10046	0.584530234947827	1.81106457162959
4534	3.62176978590858	0.647401602117456
8776	5.51670849141191	0.625196470800191
83692	5.21234345748092	1.97031792036471
3149	7.1433577559592	1.02297220781079
203547	5.74224943303983	0.562848742778814
89885	-3.85391891298966	0.896043059360211
4103	-2.91921903184023	0.943924035773485
2564	-0.66350455829758	3.10853318401479
4102	-1.97302070817704	3.02328754434072
102723547	-3.31453419186824	1.57949250063508
266740	-3.92100090476642	0.932883655840684
158511	-2.74645609144315	1.81228517266684
4111	-2.80301759929901	2.00283721029032
389903	-2.69829817968245	1.09935699841703
4105	-2.20319658851615	2.26773332145382
1069	5.40622455330633	0.553767241965854
50814	5.63744276235908	0.573971310681607
7739	4.04573284097734	2.76913542614646
29944	-3.6983456996849	1.30436976359565
84968	-2.15831720891477	2.59931079417393
10838	3.3655786638609	0.615188946396664
139735	-1.23932230111901	2.75937645987804
11219	-0.848538491564932	1.02939902619893
55559	3.8864984372209	0.588503705287433
633	-2.60887143510653	1.64656031632093
92002	4.01567060621943	0.56315777013491
1852	1.61259808432037	3.40499171037462
6535	3.90197031893255	2.21087253886283
10134	8.13385139877208	0.338770758176711
215	4.54061900568718	1.48475727196242
5365	1.19711460310877	1.84568258122666
26576	-0.918995471356347	2.47931552750244
3421	5.46517978798209	0.444157032824595
6748	7.3504195343736	0.685953490400142
57595	-0.815412340936674	3.16593116588144
3897	2.26636529447684	3.11861152374267
554	-2.53952303844181	2.24374151019628
393	1.16788197924404	3.41948470153407
8260	6.04326037134281	0.545929423568627
5973	-2.54084718245983	1.3124434110389
3054	7.54110280926901	0.206063540496396
100873990	-2.92472012134513	1.02640536676618
8269	2.58014719516906	0.912023040047968
3654	8.63771868488318	0.676486751922766
4204	6.20240501897598	0.47185447942978
2316	9.66853029014331	0.835872035466989
2010	6.25909017986586	0.60317614341401
6134	9.75827759761393	0.719826521599761
26778	0.412354199817328	1.12795522274874
1774	4.45143619787133	0.665965348622321
6901	4.15579303980347	0.59720892879293
158960	1.84339098635808	0.830536126280639
537	7.5171137141739	0.663920089436104
2664	7.13711039528518	0.851196626991219
9130	6.2725999743676	0.590771181121519
55558	4.89738531295258	0.752088667656232
8270	5.86735914257206	0.886230010497666
8266	5.63924796129676	0.679832756262621
8273	5.14314422376278	0.742846333848371
60343	5.05525854490532	0.726808521395056
2539	7.36652287828121	1.07269275539828
8517	3.16663567973645	0.924254852775451
139716	-1.92209581803771	2.14314138596323
1736	7.30556924160352	0.602838153165539
4354	2.97401994222506	2.58486636002761
2157	1.43387692283176	1.37876614213533
8263	2.51661220193315	0.731324394205677
65991	5.26401294119118	0.523431312718141
100272147	2.38173493630713	0.879709257581752
4515	0.187360511315093	0.668962516099835
79184	5.70549992629769	0.521243182781007
7411	6.23642887786886	0.504645617719687
116442	-1.52410404851445	2.43243789772788
1193	-1.75375937350412	0.896071537912342
474384	-2.37909436013406	0.74556625406063
55217	3.63656939960118	0.621692340604031
6845	-0.227535279219505	1.55131702996608
6192	-2.19685128211155	3.46060856427741
7544	-3.1480055766993	2.92945503550221
100873962	-3.76989664175367	1.34557561278365
90665	-3.80879303370723	1.1655193732431
5616	-2.69268832421712	2.66245387838795
352887	-3.4095945058344	2.3373227402283
64595	-2.86839031463902	2.97359613015537
8287	-2.9400698474163	3.37544747774493
8653	-2.41259932675871	3.83655891336987
7404	-3.08947360510527	3.2053634008703
9087	-3.38202166248271	2.40555991822288
401629	-3.72530828944307	1.54536055074027
83869	-3.55780079437042	1.80278396822775
246126	-3.05268322975334	3.05768241416662
8284	-2.8429869304341	3.28485111086051
9086	-2.77328893070739	3.43628181198989
