ENTREZID	mean	SD
653635	8.77399809779709	0.215695920474566
102466751	7.55632125856889	0.112406862211206
729737	8.14995969561477	0.678152810591807
102723897	8.66349613331511	0.173033597926094
102465432	7.62671319915416	0.097278321371769
100133331	8.07850821860893	0.141074734207396
100288069	8.21740588265486	0.17353729004363
400728	7.59392204988324	0.0948202309880938
79854	7.90844511640031	0.213853434982898
643837	9.54109285628558	0.665182027819738
100130417	7.68690667058594	0.236976721191996
148398	8.11215043280746	0.670268006836712
26155	12.4827226347793	0.615410944861384
339451	9.28709057568771	0.289822284950706
84069	8.98223776370232	0.463452784058499
84808	8.40928005396412	0.320887434657768
57801	10.06988030229	0.546560622764031
9636	12.023842628339	1.31923930053633
375790	13.9764872990943	1.18590981932001
105369174	8.11520338988302	0.292836047330578
105378948	8.08728445109467	0.274860199798574
401934	8.61520933271047	0.757483333450479
54991	9.73799449911381	0.302177497879134
254099	7.44707245410365	0.176205001988874
406984	7.51909433501194	0.17014558687552
406983	7.55581558397818	0.222914463092771
554210	7.59903861964437	0.254142375083113
254173	7.67681341869616	0.226599843997683
8784	7.83232182522477	0.435187346965477
7293	7.52902143965809	0.15818204723029
51150	13.0103543848359	0.382128539277089
126792	10.8220115736235	0.42319530934974
388581	8.11970352995457	0.880950541289964
118424	11.6354249060198	0.374134734012635
6339	8.28214945367683	0.467538187032633
116983	10.4642103267531	0.762205924114832
126789	9.86732062163812	0.380836129754566
54973	11.3709373373897	0.285097059180698
80772	10.9477837821488	0.436451212616167
83756	8.28947624825446	0.45492269612162
1855	12.031301693793	0.387102597332324
54587	9.45719252758188	1.37247452679766
54998	12.5665852939211	0.402717067897355
81669	11.018611944595	0.378865650774711
148413	9.89788888790111	0.265433942508511
55052	11.5957362632801	0.421569017068476
441869	7.91971969205153	0.972066993964156
643965	7.80495949170314	0.858381729429904
102724312	7.8508725627239	0.448277599260898
64856	10.707488395459	2.28088680002632
219293	8.42960504320431	1.02837765445094
83858	10.7936689485822	0.58579237983393
55210	11.3152452659259	0.450923104858245
339453	7.92646301670796	0.185482041009053
29101	12.2498281324828	0.299984810795925
643988	8.90450248724814	0.972386214887386
142678	10.1490373197686	0.321984591280944
984	11.266679146518	0.213894707411037
728661	11.2113387727016	0.383005652886982
8511	7.5763301696728	0.175119945034152
728642	10.1505487062687	0.4064339640873
9906	9.74657694889204	0.634223949493848
65220	11.5181332650284	0.175123803566469
2782	13.3487760858959	0.62886674734143
105378949	7.94265057016435	0.163841335925961
163688	7.52784326722372	0.165446927563468
339456	8.06449918531676	0.333182771081927
2563	7.97733174133825	1.09100786060876
5590	10.3150618252634	0.585492224416284
100506504	7.92705123643253	0.120437043404693
199990	10.807828200062	0.443221435912094
105378592	7.51364422671002	0.127635903897573
6497	11.2281894938775	0.587711829759179
79906	8.91862229782535	0.334720809193559
100129534	8.02133203417413	0.368273905968232
11079	12.1154470227327	0.29020628073183
5192	9.95041374785682	0.283941422361549
9651	7.72800613386501	0.282566883839471
55229	7.83148362046564	0.293543226002628
8764	7.62349498288568	0.267655775003078
127281	7.81223931689304	0.278038393140687
440556	7.5936055205525	0.343305973495218
63976	8.41458336682988	1.11295075243305
27237	10.3655742429	0.89058312689723
1953	9.64987344900168	1.17182511924085
127262	11.5053040219037	0.545084543161984
49856	9.90854596661248	0.30084147159456
7161	9.09749414384666	0.462859273529417
57212	8.86106490864187	0.906862200079482
148870	7.51907786360236	0.152802528334899
388588	8.10611435908241	0.463503069331991
57470	11.3362434635116	0.306400807900831
9731	10.6777901473051	0.38551551709871
1677	8.77382047424233	0.321313206488627
339448	10.4388784307922	0.403936855432496
100133612	7.95374253377697	0.307574940481532
261734	9.35040693301227	0.308645063017029
8514	9.64970875837205	1.29782221174755
26038	8.90606214426021	1.74645003545795
6146	14.3468106103382	0.472503104960161
102724450	7.62169843649764	0.105940191685158
388591	9.3311159445272	0.564819364528184
23463	12.0465280315266	0.532018933288836
148645	8.00888325495484	0.259397214766121
387509	9.33848709659133	0.916391304666608
11332	10.940150614814	0.675797529158985
54626	8.14956966761864	0.77589483988164
83715	8.6573932378246	1.3134298412862
8718	8.4763476863373	0.665792262175181
57449	9.66156292926739	1.09591861935972
79707	10.4026175882163	0.356984989642258
3104	9.47561180582393	0.281959169357074
9903	10.5050619500303	0.296906756809274
148479	10.6548203819413	0.449342374045228
90326	9.28120862321051	0.337142158781186
55735	11.3570717342744	0.404678956518689
23261	10.6580848818912	0.45450523161034
9341	12.0399868516482	0.391010659485045
8863	10.3454700132416	0.745027451129728
3604	7.83358773286613	0.20143100030586
11315	13.3438432224454	0.440247670900165
54206	13.4466322459965	1.11233595696713
102724539	7.51795755249666	0.186816452066903
50651	8.38980129212168	1.03324825391831
473	11.9972488705864	0.901943759760803
2023	15.7472011433238	0.537792682926918
100505975	7.58802035293171	0.128900207574634
765	7.47280120431886	0.287706052194579
6518	7.59024256431714	0.457663324555396
80045	9.17566465538124	1.05839928451366
9563	10.7778503999509	0.949492844507389
80176	10.5576380721269	0.744695877811741
100506022	7.72519955763684	0.180766251173082
84275	10.0579811701654	0.582595111884236
199953	10.0484840802228	0.419132832009408
5293	8.61679923621423	0.762718667835364
101929074	7.86081614808286	0.491168750116725
22883	13.3469679352977	0.36583489963175
56998	10.6635828117353	0.748444233854516
84328	10.5156022595982	0.386461413633806
64802	9.55612024794101	0.438130684918919
116362	7.84014052656426	0.684554482646741
10277	11.8269530219688	0.478480204911173
23095	11.8852271431071	0.604292146773379
5226	12.8410219018278	0.693881880318891
378708	8.39937269368918	0.208364376493819
1676	11.3311396327033	0.512832966654125
5195	10.7304793075667	0.28277926238536
54897	10.1526535214709	0.705097357309275
148345	7.71195316719534	0.846087741381167
23435	12.7330772667715	0.172891885227516
10747	7.87723084507667	0.103175795460543
6723	11.8382008330689	0.709141157634482
5394	11.52647035645	0.401186255499823
2475	12.236311122472	0.531039663721672
29914	10.3626728775494	0.331661823449914
57540	7.75310377437479	0.462223899100142
26232	10.3733173021644	1.39893839460274
93611	9.83978280089355	0.811129358329721
26270	9.15589799495977	0.923261418691354
10459	10.6913706366061	0.451712465438184
57085	10.4393507230323	0.544528567367928
4524	10.2158545754656	0.509170034719768
1185	9.63818337892903	0.212907076469866
100379251	7.60188200955309	0.106688096679204
4878	7.76154694910669	0.298409164786155
90231	11.5274484624612	0.357643773346745
5351	11.9789527623899	0.835889199505856
9927	12.5754295109379	0.380145852301883
60672	9.96310571259042	0.356192644668779
943	7.55220995304138	0.110669056879472
7133	9.05294437512921	1.13512196732129
55187	11.3729247088471	0.409782606384726
9249	11.2572210334978	2.09578877638793
7799	10.9900990241653	0.476883923905555
23254	8.81190519396709	0.680380254001608
200197	7.96120601676704	0.262565668520036
55092	10.2140475799024	0.526995725928489
114827	7.89640808756895	0.439218861873654
79180	12.4437919055311	0.701721584774501
842	9.50544300877927	0.300087415009591
23341	10.4263616153194	0.542017872517184
79814	9.40068167430817	0.911200337498146
84301	9.67563675723688	0.400537250156685
6248	9.14241781699237	0.328396237784347
23207	11.4448740047146	0.314459773631407
284723	7.79455871123965	0.158273638492824
54751	10.3568765244894	1.47083317845364
440567	9.04241441948324	0.252781156251348
729614	8.84227976655003	0.339060463416319
23013	12.4796291787645	0.27686236444167
7709	10.1106772054817	0.251542988664429
348487	8.22316451007862	0.617739248868688
1969	13.454062115177	0.860145393708636
128272	9.48876726102807	0.464879452165077
101927546	7.59931090773739	0.0800175849771163
79363	8.84798134165208	0.395135847182482
54455	10.4376559579791	0.276019767765645
26099	13.1422031096989	0.273815331733791
55707	11.0098427909529	0.34814323461566
114819	8.16206928540255	0.203566330870632
55672	9.57995937972949	0.421196500134688
84809	9.15073761697787	0.344396845956332
11209	7.85573035953589	0.165780866167
284729	7.45492387861275	0.176797477967506
11223	7.62087977694493	0.117147857027927
9696	9.06515672290793	0.701590379278222
4237	7.77298727733925	0.314626268636128
23400	11.2420259674157	0.405305857456297
6390	11.767176012469	0.336923783248817
11240	9.05223718420316	2.02621566660717
29943	10.1956843358243	1.93902725662774
51702	8.06559515629902	0.631288046169176
23569	7.55899897269513	0.313371457824989
55920	13.6653031346815	0.6298239422316
55160	9.97792335550806	0.710008015728279
81569	7.59651558779609	0.214092660376621
127707	8.45995630404396	0.981298073952876
5081	8.19212899177664	1.5083171684353
8659	10.1228214126037	1.00689247340577
126917	11.2407847749367	1.57927325270515
23352	13.2332308035644	0.369332316434316
23065	12.3318438711284	0.470812379047513
51154	11.6475410941446	0.481278453687182
246181	7.68240478974786	0.361124386875978
22977	8.28569023492037	1.51674890530834
100506730	8.19312297510933	0.219856572349071
8574	10.9633933122121	0.302540807833656
54896	10.0969899926552	0.435091892089698
832	13.4811639245053	0.584917539174651
440574	12.0721164450674	0.39719158331506
644068	7.77327109764672	0.114221142194211
4681	7.97592572988135	0.252385104794539
3362	7.68999461516487	0.558078789027831
255104	9.80889188747498	0.438371933282727
54546	7.69541222798641	0.953875693258053
23252	9.99534352540331	0.525924449606983
5320	7.48628149481346	0.266768678951468
64600	7.52282776736214	0.204115917624807
127733	7.62141856230372	0.360777301691166
101928017	7.40294372852851	0.167282421825822
55450	11.055017130227	1.94476494067155
79594	10.5929965574588	0.32808691382568
163933	7.5965314532194	0.680078534692229
978	9.41400963658877	1.36061207619123
65018	9.93193587002684	0.534825050723207
100861548	8.53959456641855	0.241409631378643
1650	13.6425078574324	0.389048118515987
57576	7.8126583922035	0.333832817224311
400745	8.75932513746175	0.588639405458315
50809	12.9377391617791	0.402373944895916
8672	12.3216309909235	0.33256787865837
1889	12.6177183324938	0.762166204698158
100506801	7.52281689531404	0.141182497638603
84224	8.79067151491704	0.800363687153465
249	7.58947771591871	0.298786712279516
5909	9.41051203493676	0.69033795516411
84196	11.4082231963263	0.459155389122703
401944	7.58002733221954	0.182782856982407
3339	12.7441060141984	1.34688858743747
23436	7.45092122871627	0.233199268894555
101928043	7.5873653440966	0.1141035817667
29092	8.89295595980595	0.361203936927845
998	13.732772996873	0.368292554183822
54361	8.74949443833265	1.1598840232868
9923	10.797717770437	0.438013643003977
2046	7.54505288868449	0.323280932416046
2048	10.7997792470285	0.838742092525012
23028	12.1953698255595	0.777926110954669
7798	11.1808284976443	0.543583086020107
3352	8.62631045833711	1.02619710396541
100996511	7.65886309864036	0.0647636321747094
10236	13.3904212483634	0.374056660399759
80818	9.71615958330766	0.446281200329946
148898	7.87016143145865	0.146412155660334
6920	8.64952909741359	0.891399486428982
55616	9.11399200712386	0.608249505063738
1870	9.5479370255402	0.443560061814756
3399	10.2364269510039	2.06007894284522
259283	7.4402953803234	0.158416623563235
6135	14.5051066411974	0.271705503438237
6924	11.6311764154741	0.479688883924787
100506963	7.82539364395318	0.124043355599655
57095	10.7750552924154	0.49018149994874
11313	11.9984091529902	0.335525857991875
2582	11.505366702421	0.521949372577499
3155	10.3789305351428	0.304704678980051
2517	10.2632906825851	0.638186629884537
55629	12.3281175083533	0.359896118019072
10772	12.0720546198841	0.217549610599495
58985	8.35843104207688	0.627404777025585
163702	8.93690644991206	0.663006159086299
57822	8.54171315566327	0.726217846938102
90529	9.3209425772631	0.29248808636837
57185	10.9158266030117	0.755842685945321
100750325	7.49487537982413	0.106312634671162
11123	9.66942201203046	0.509462914136443
100506985	8.26509058384669	0.263385124723967
400746	7.80490282365975	0.427347439496812
10250	12.0369241561252	0.307811096177521
25932	11.6720525659565	1.61365740547889
25949	11.1079637070912	0.367003891901649
57035	9.82677209117803	0.399594091819668
6007	7.59712157369413	0.190609124716069
23585	11.5411055278736	0.409065281055352
6006	7.66527364084808	0.108755888781298
55219	10.5287018296474	0.497408055532534
26119	10.0364370043705	0.724345587284572
57134	7.93788626216782	0.432651350968075
57190	11.4034003948746	1.07859850085025
56181	10.0315550899816	0.484642796182716
646471	8.05578638754214	0.18063186832629
79000	9.37847929770908	0.42443887951451
164091	10.9313078131449	1.13861286045243
3925	13.3431158169136	0.639777214445068
5051	9.9371588269175	0.475122315428623
2134	7.70985777941253	0.396451986383147
7780	7.70676669164101	0.864002751262282
105376910	7.43989079836789	0.268416507329482
149420	9.51239065961601	0.53280863043906
79927	7.53025098388063	0.195161990555056
51042	10.3666550323587	0.665021214461272
10256	9.51474542956989	0.904124204314398
101928303	7.43472450073881	0.149456087691773
64793	10.6660442964831	0.589934686284057
83442	12.5065150213808	0.646332361482251
91544	9.26258411003668	0.416411334096682
1043	7.51562719210905	0.135519144017198
55057	9.60172181148146	1.58369163559236
79727	7.63734964098783	0.181732006439837
79947	10.5014305068156	0.433403319206312
3151	14.1786664011004	0.590365359996982
6195	10.9761145342703	0.504822179721235
101928728	8.54755529950046	0.267998780292693
8289	12.3745764411494	0.716625594240615
55650	9.73414078437797	0.431447094210479
84243	10.8796487223563	0.571134511816398
2810	12.7466010324102	1.59551201707844
54707	9.83914496207075	0.323424635539999
63906	9.90691251508978	0.524742943301843
10726	12.7254440061253	0.77791356078939
8431	8.19405875442049	1.55054614157222
126695	9.38980162116175	1.00450762664083
388610	10.2838828757876	1.55755026119169
115572	9.00875305968974	0.932853241701235
6548	11.1967372213228	0.625406917067284
23038	10.9489115880332	0.4865507868015
84065	10.3389353888476	0.418087673605582
644961	7.80858091239337	0.11960502518565
84958	9.59873605917075	0.82313153042033
9064	9.66042712091433	0.467683051759448
2827	8.27173670525332	0.583168957212809
10163	12.8574502940698	0.478081724049315
27245	10.4344599943828	0.548325785784188
2537	11.2371019013848	1.49842094155275
199870	9.09862999238496	0.349461891535167
23673	10.5616621341159	0.316070952928215
5511	11.2069079505541	0.347739262508939
9473	8.23967447954258	0.494834926389062
6118	11.211589475191	0.367369207452093
27293	8.94481754615316	0.831753506304099
55113	9.1551187515143	0.808530476056269
2140	10.5303089974617	0.377726958940897
5724	8.63789473023717	1.11236868552078
22826	12.3075884790176	0.312733799100793
93974	12.3916883342317	0.470942254163887
83667	10.8256744212656	0.763646375226645
54797	9.54615694747483	0.34997373823833
65979	11.2778113284238	0.383667249636683
1104	12.082410559043	0.363274098691334
8420	10.5769768066317	0.88677743589092
6080	8.13414647820897	0.28851977200335
26768	7.95677384587417	0.23411282130805
54952	9.66771147225285	0.200361637155458
85028	9.37459447582597	0.529601082428863
692212	7.6871733102561	0.136168504643146
677838	8.02886030710019	0.252481189605516
677825	7.8587120406677	0.134687269744309
692073	7.82098530082291	0.170297352222178
115273	7.70231107572622	0.247902833916242
6883	10.194933249861	0.474259409720877
26824	7.53507073680998	0.0963995720334273
10691	9.4618570737302	0.237190780533815
51441	11.8404714306339	0.424661909597769
4985	7.79770084751924	0.810953729189062
2035	11.3354860611125	0.721642958264715
399474	8.14256719374969	0.657490912585157
6429	12.1448312279518	0.386914856810803
51102	9.99877844217474	0.358435914306095
10076	10.2544555339717	1.6815802628152
4146	7.67814182601607	0.204343048716687
100129196	7.91844569845964	0.219516222248844
7805	8.24987052268247	0.702601002300746
9672	10.560012068441	1.19211107236156
9698	12.4374599049557	0.2672642340655
79570	7.97144159082332	0.67245277328483
9410	11.1808730694839	0.354107605326124
51538	10.7571582504714	0.263648333359596
2170	7.70784539454513	0.10441748451626
347735	11.1654468978143	2.13527147796835
64129	11.5975704058487	2.79919287702128
553115	10.7874987964474	0.285262578448882
1307	8.07818102969672	0.425883922146454
576	8.92185572524762	0.821308659295315
90853	8.39837432249879	0.904923697156843
8073	13.4679361564448	0.857358457668313
10657	13.2107859710821	0.383772916265165
55116	10.1940109808723	0.250602503609234
23633	12.4817321725786	0.340459258293997
200081	12.3460276914701	0.394809179121326
79140	9.11607535000222	0.825982177822574
56063	8.97469841780323	0.292444682427728
55721	8.7191498080848	0.206725395657454
149069	7.66395926771275	0.12231415203801
8668	13.1186523218504	0.375792395817759
339483	8.01583820421058	0.309453633376551
84734	7.76833201171181	0.350138253576636
3932	8.04093063228653	0.579687770492819
3065	13.2869234912042	0.404703151769928
65108	11.7200993324921	1.92950107019606
100128071	7.71005449753346	0.0864401015271672
81629	7.9449945914185	0.207224645189307
55108	11.0395943595286	0.391384487003838
728116	7.48712047695773	0.183565806906669
653121	9.28483514380951	0.191449830851758
339487	10.3165659425004	0.376929318835629
5928	12.1343244040316	0.429624348666471
81493	7.67224025215347	0.205961328403731
57648	13.2036963616921	1.33410879741722
8565	12.8415797464365	0.599583604206411
64766	10.3178566504841	0.490760336704474
252995	7.91301852025753	0.44092333820772
3208	7.60873904876822	0.176740198820308
113452	10.8417045274603	1.33563995594845
127544	10.6675003997429	0.587044131732431
204	13.2076788118323	0.431153006021464
113451	8.1301211557615	0.543704157252103
55223	9.16663237511467	0.415757247883297
149076	9.95165727002276	0.909269461478215
1912	12.0819460535992	0.685673062026632
101929464	7.59139659623688	0.127563765959584
7579	9.30384514267081	0.300528198510159
2709	8.8807976346024	1.25072939044764
127534	8.43788868690813	1.03209377177389
2707	10.3419528325058	2.01410694830363
113444	10.8334842264644	0.333066416409798
58512	7.96530661371382	0.590433267938056
653160	7.92402703479267	0.151047516893371
100506144	9.89256905267715	0.372875133010217
9204	9.67913727443811	0.302037369363392
79830	10.1222406880215	0.465996701886192
6421	13.6009736664307	0.257646129852399
9202	11.7807453303936	0.460975749350946
79932	11.9008030714523	0.406564680018929
23154	11.1592263287934	0.312391441101256
339488	7.81687451756279	0.224041062493894
5690	12.7771690361187	0.388145950225728
127703	9.78006407720138	0.79661627817822
63967	11.1008996430618	0.425137130483867
192670	9.6682939498318	0.466666342266684
26523	11.1667267250877	0.621673010471509
192669	10.4354463711004	0.573889824871628
54936	10.326837191831	0.272801533862164
1296	7.69775007879292	0.276912295117892
27095	11.2601806713824	0.217868597140568
55700	13.1863802801128	0.489512378720065
9967	13.0601455729084	0.326203036333558
79729	8.52130406815841	0.477847830204857
55194	9.39605191364711	0.908208523158847
83931	11.7041879406781	0.719535595829434
84967	10.214142837822	0.375567893660855
127700	8.39503471395988	0.429247399540023
64960	12.0828533079986	0.292000473814226
1441	7.61747704111157	0.308803589465334
728431	8.34282550514414	0.338481066461291
80149	9.7761869461589	0.779315724250606
64769	10.8350296027471	0.304239967122587
79753	10.2789824242427	0.22581112015123
7802	8.08455835687072	1.1961233312789
29889	11.5660124195848	0.418224421911178
284654	7.40336788902629	0.170162758994078
54955	10.1679024994669	0.368757519399584
55143	11.5326269614836	0.425404209184364
284656	8.71626068070253	0.708718172319577
149175	11.3685466329547	0.887823944735167
79693	10.4075091578548	0.631390698568347
127687	11.2464394665921	0.418008638707556
4520	10.7443475795009	0.326832687006432
3633	9.83243992704353	0.357258047073107
10946	12.2503013365546	0.396117886952891
2275	9.35624051135204	0.324872135213797
51118	11.1027736229682	0.33411274543815
5453	7.67377971164372	0.430353569800556
64121	10.8990728992658	0.510987340551253
54933	9.38946366320349	1.05133734842571
79647	12.3919586138528	0.546993349805193
4725	12.5806051369711	0.599471590765572
23499	13.0219714696623	0.517040675027697
643314	10.4906497548931	0.529752457002802
105378950	7.44283251535262	0.150979296676189
353500	7.9339392025093	0.301518034392445
8761	12.9265482118579	0.363189111803354
677834	7.58238716949909	0.105779610870012
26508	7.81181722525698	0.412750512620215
51440	7.6942024601519	0.245552084983226
10450	10.7397140379812	0.277948182293925
656	8.90086862200642	0.81205707673377
64064	7.67005962884652	0.17101782604228
105378951	7.55552211194948	0.262660606432175
54802	10.0241392477159	0.38458845008658
4610	8.71185102294546	0.874386444187709
84879	8.60100680326434	0.702142336163047
10487	13.6664306426093	0.45773077131562
5538	12.6397713853294	0.513811146217615
6018	10.4903445969451	0.297900814369637
10269	12.3744041323582	0.49113100756124
1298	7.93779317371912	0.264116697984077
64744	10.3994314383352	0.505366469697973
65243	8.5898561146958	0.664287805924942
339559	8.54229895405562	0.471479564651196
64789	9.13524370805603	0.752620042025997
127396	8.55127523926807	0.176972102113855
9783	8.2863815447739	0.732032284812766
100130557	7.86943935681833	0.182306752391091
4802	10.6345662654599	0.36141965261688
9132	8.26924828452612	0.616104519184779
163732	10.589165326662	1.29932903309845
1503	11.8590424694575	0.680325811719592
100507178	7.82884682844322	0.16507225941253
200172	7.77720058885643	0.172836595380221
22955	10.09233432478	0.351915365454285
100132074	8.65514323670203	0.77812199065026
1907	7.58917626597919	0.265835431887637
59269	9.5896547327431	0.985908544957237
2980	7.55370450539831	0.221522097878271
22887	11.5838887822218	0.492391322862047
284716	9.2977426673084	1.48781879908233
84217	7.88785080202586	0.385297512407039
79717	11.0502986077945	0.199040957599451
728621	7.82814659790133	0.153771888195583
10465	10.5448983275739	0.383564013291766
4904	15.6782606718091	0.466758093149626
64175	10.6178905597623	1.0693904287826
79078	9.26742646319336	0.263477662877565
100129924	7.59938303866411	0.120947015326324
374969	9.08531108460359	0.334977551167405
114625	9.23964088713005	0.24319995808631
51058	8.95575501622997	0.164760077574713
6513	12.5323651128022	1.26485844520083
440584	7.74534529393426	0.215112034837193
105378684	7.46477578932762	0.171385241478558
440585	7.60173351252764	0.234786658011717
10969	12.4272510007766	0.447526435339705
149465	8.07085287907002	0.477970781307869
128218	9.48157136361729	1.32319563779119
149466	9.17791214464407	1.20915710951921
4352	7.84378373542511	0.304647690501805
991	12.7383395427171	0.602446803290095
64834	12.3823861966326	0.667615604969019
112950	10.5720263504944	0.335872128222401
23334	10.6189658698532	0.182714110756111
81888	7.58951711170328	0.0924027002982363
5792	13.7339872383079	1.23379603493802
9682	11.552386527269	0.476900335515463
100132774	7.99139987832569	0.258014995525373
6487	8.84928560599346	0.49436304867007
9048	8.24571388010935	0.641763847533309
9670	10.477915730652	0.419064089817918
1802	10.6428913030023	0.577296935732536
533	11.8481368216132	0.745084220946496
8704	11.1026375186349	0.334558256521506
149473	9.06489383003158	0.280666136164483
6536	10.054353222407	1.09910364397766
55929	10.2693081274734	0.35545306409399
79033	11.0670625413972	0.352231358107565
55182	11.5864391603975	0.448036756882165
79639	9.16360486220628	0.553887983130785
339541	7.66281299018556	0.120988325333013
26830	7.54778975203273	0.10618949409607
11004	11.6191104716714	0.764180418563425
6202	14.9479029018871	0.510436409826214
26811	8.10396743012756	0.193310334630975
94161	7.67159232576978	0.105902571224516
94163	7.76440112991067	0.0939308446087845
266675	7.69928897477852	0.153574420698528
1263	9.25091403798463	0.538793085926908
343521	7.67280258256331	0.167667025074642
149478	7.88892715674451	0.25263207623443
8643	7.71766368179231	0.307329996783663
8891	10.2930048465732	0.564068405619233
79654	10.678538954337	0.497906912961809
7389	11.0226627106549	0.421746786652301
57643	8.80663423964295	0.843640466602492
400752	7.80412635074668	0.173155237761389
84842	8.78392444803304	0.866147365593979
4595	9.40151655460603	0.489372500302685
114034	9.76380704219147	0.289881302553433
10420	8.69704788087384	0.433499997408397
126661	8.62487592818994	0.361078082258849
25974	9.5769076848046	0.350133521134333
5052	14.3044264362245	0.498176209732797
10327	11.1255929654441	0.657719293971109
4678	12.5073106162983	0.574817491166145
149483	7.91148924049822	0.128026210561966
60313	12.0161046290331	0.450933342023864
51249	10.5133758077667	0.363681327521999
3652	9.85253976569984	0.501401414861209
23139	11.5100699877718	0.453831285459176
8503	11.1179133144784	0.848508126988848
101929626	7.75074331976453	0.206818150733925
10103	11.4321133294007	1.5974166399803
55624	11.2393657816017	0.504301429996638
541468	7.5041735453423	0.237019371577073
8438	10.2006465146891	0.349059266514927
10489	11.4155745699192	0.382359085766898
7388	13.1945118358479	0.509841170750083
387338	10.2962050383716	0.305896226055319
2166	9.32088632888634	1.01522298590711
729041	7.60047709443008	0.224769022776077
127343	8.36925337833616	0.81126403731182
8569	10.0939934009632	0.352190913995116
148932	9.42000530528007	0.673172373230751
64756	11.0326433552394	0.597292416598035
9813	12.619501144368	0.520016126953263
1580	7.73585390512443	0.798487721409192
260293	7.66534528299426	0.328834005968474
100874253	7.70782381446861	0.186037426247957
10158	7.99223745147667	0.623723029062595
6491	10.9749389459611	0.449710309415563
51727	12.7121853223144	0.379837190675895
102724077	7.63020027257581	0.147480243420861
2301	7.46421035979813	0.157762427410861
84793	8.33311968778377	0.545124805413697
2306	8.65660942427779	0.746229303146028
388630	7.52654983119913	0.255267180815727
200010	7.47306758689177	0.250441545482841
54558	8.58635752451404	0.60303593415587
79656	7.40226914289811	0.15615544622251
1996	7.54172693093906	0.344256269591988
63950	7.60721133805227	0.563654691906629
11124	11.4953095880025	0.25263894503096
1031	10.5678892514027	0.777845282310826
26994	11.5314784162682	0.44206361292946
22996	9.36128725394659	1.1213913499175
102724097	7.52124028945762	0.222171238027605
2060	11.6135137630991	0.399587579653953
114883	12.233865256696	0.556673539271085
4898	13.007016224312	0.437535709543809
5865	9.54601697927443	2.25224909960894
51060	12.04401803888	0.345615581482516
91408	11.7597754948353	0.477037864374401
9372	10.0173020022369	0.401206593355373
200014	11.1716420139412	0.339657252768247
4998	10.4447471701259	0.395983335055842
84950	11.3134051395428	0.398441607906092
23318	10.9691631687044	0.439461596155434
105378722	7.77080676287143	0.15364548616539
2882	7.8545172583303	0.794681876400822
65260	10.6492553108351	0.370861460539837
79699	10.6685603312613	0.392971685664914
440590	7.70547249970894	0.401832402842105
55268	9.73577542613227	0.636974028246351
6342	12.2635974033679	0.454426119547701
127435	7.62773555000249	0.415690810551524
6512	7.63795697888379	0.386978560410123
1376	10.8150541561218	0.408782236511968
54987	10.1142935901522	0.217514372592438
4116	11.1262851322974	0.274503090378473
100507564	7.78586041089596	0.127591655315746
7804	10.7259827228554	0.851017220546888
148979	7.46661974864596	0.229579958468208
105369175	7.38146677204261	0.127488774930076
55706	11.8030399115465	0.593795299853785
54432	9.89885872576598	0.259595087684131
51668	10.6408113125397	0.472148774428503
115353	11.5727221270022	0.4088138863976
388633	7.724498343321	0.407737601048065
9528	12.9339732893015	0.486360568665319
127428	9.87444093034662	0.226736107603073
606495	9.12387033109609	0.419904307254279
51253	12.7067682885056	0.463359664078578
23648	10.2885914913307	0.558660727197499
619518	7.57216064982165	0.137999457577244
26027	8.86837020085202	0.649566430583438
338094	7.68789868076278	0.161904137071546
7268	7.91383395955341	0.131421934808753
25973	9.33982951917412	0.250667479735475
55001	9.37041099229074	1.41255589134845
163747	7.58419474185761	0.229472681911734
1718	14.1316693036794	0.581691796251381
199964	8.21382515280758	1.37953229586291
7809	7.87530049138422	1.36761468597182
255738	10.4686379931995	2.1625739166922
23358	12.4562601382742	0.259762894309389
100507634	8.07349760625603	0.224866972773429
8613	9.90090018418118	0.787815785536893
5563	9.5867067891187	1.46760470765916
1600	7.50170232714245	0.28691902632478
115209	9.75278931284142	0.366928848747766
4070	11.4471420294613	3.57048128766867
114803	10.542686080624	0.270783113636775
3725	13.2116220122195	1.04498543767967
100131060	7.61503235172154	0.208663102777889
55277	9.03247396657625	0.356967434094299
51361	10.6197214119428	1.71409165790003
1573	8.23278993036765	0.68730117787924
4774	9.63931921720181	0.464709056509222
83941	10.0447949747243	0.35966043677189
10207	11.4045338980142	0.565078197941519
163782	8.23208900764877	1.19982414956781
7398	12.0159530749067	0.338525688119664
85440	11.3274520115894	0.455217276683695
84938	9.52631589661065	0.233734473098765
100996301	8.1000841571513	0.487606945277825
27022	7.62066479644559	0.275685549949442
29929	9.94277942109431	0.274057997798335
23421	9.82214905156632	0.681402112529511
84455	9.06421985719168	0.259535245910272
5236	11.7937082915784	0.668203661071477
4919	10.3913375331017	1.10020179087495
101927034	7.564359510467	0.364600994093691
148581	7.44846718433275	0.270034976796508
57685	8.89165527636074	1.20213402035021
55225	9.90912232652834	0.833728992423677
3716	12.1968002109228	0.525251376031723
205	10.4861316382843	1.37823618483115
9829	9.12375939726413	1.33898494299308
54741	11.3794745671999	0.528574881881726
3953	8.80775253823262	0.351154109888259
5142	7.66706274907952	0.323760277156455
84251	7.72868651295487	0.696311661180867
79819	8.19219593525294	0.370940786327272
57708	11.0441433130554	0.277785209529661
23169	10.6006247334011	0.81773297889466
400757	7.41718346482686	0.189042964488307
149233	7.42912175158043	0.196941784267929
3595	7.91378883161534	1.08592768363989
26135	14.3558473522885	0.423530153239852
1647	11.2844649455332	0.904876362388627
55970	12.0594269154513	0.614525892760863
100289178	7.65218257207187	0.137465201199055
9077	8.20482743108852	1.81386191258655
79971	10.7549693221513	1.39044394556757
6121	8.18148526460266	0.92582793203531
55635	11.4929202083251	0.514155356225279
101927220	7.69975625843558	0.111337214665921
57554	7.7479565183329	0.0972610720323478
55631	10.5224670718464	0.363014631599497
9295	12.3164154469463	0.269389039328524
81573	10.5172149305768	0.231678787803047
11147	8.8840627301494	0.381658419985405
1491	9.18441393724787	0.983174100388555
100132618	7.67438366390274	0.0887474950079663
9406	11.5154299926124	0.121720821772027
100852410	7.55035598616085	0.129536025046
257194	8.05044503247959	1.04457311271948
127255	7.91996291156425	0.207395937064804
8790	9.42304783795158	0.292264329220859
127254	7.47814039348313	0.242343488054145
1429	10.6713409371654	0.497319913984016
127253	10.320846308463	0.283594691678012
204962	8.70813272375627	0.855388871761204
34	11.2257680200287	0.81833174820185
1744	7.81324815785856	0.123422562726428
5876	11.1442116838617	0.463686552131874
692085	7.78978369140841	0.137070069267446
26805	7.68366680282355	0.0975702200010592
256435	7.73145393160453	0.464872305677418
81849	7.5105914103097	0.175025155809555
10026	10.9296944108566	0.402175846906194
26289	8.3026562019502	1.17267328744297
26009	11.0422364997666	0.259111209958329
23032	11.4028815869336	0.378737236950488
374986	10.8944641355125	0.378631824311936
374987	7.56825415204514	0.155323203339675
91624	8.87923178076839	0.631338377963429
8880	12.2457356841541	0.358535736595588
11080	10.0601659350727	0.328082148420656
54810	8.74329282055211	1.07986581051337
5737	7.47845282323606	0.273919157933036
10964	9.11224131100741	1.80429187294955
10561	9.92498726594323	2.13343128812751
64123	7.38914902152214	0.15007456965709
23266	9.79212548000238	1.2949186881197
101927587	7.50577930805317	0.207915273806298
79739	9.1068553823488	1.1128266148038
5567	10.7615179385556	1.12789972381026
148418	8.02704029799069	0.44244913444859
80135	11.1790761108083	0.576786521236847
2787	12.0316824158783	0.559201549266122
100505741	7.69182620082189	0.107210409003592
1486	10.0998368133745	0.696202746456705
103695366	7.521740047128	0.186678918535746
117178	10.8354699449814	0.875451132382164
23566	8.55877840493191	1.44325734577537
255231	8.49321019295595	0.832742662186627
55283	8.58793369349076	0.64227949202539
126820	7.62202876354003	0.174577496544796
84144	9.2128445957178	0.490601233827646
148423	10.4744958551186	0.40684535470994
8915	10.7047414043026	0.520547706134416
646626	7.63698664228943	0.107604474634246
23576	12.1579640754921	0.920283611161718
3491	12.5721582198618	1.74430151068942
54680	11.2836681076878	0.689792709746415
255631	7.56270478925671	0.133704331188539
57489	10.066622713976	0.71314988500012
9635	7.47349889972532	0.339960669827422
22802	7.51720157501632	0.331060395758373
9629	7.50547425436363	0.216753944528516
105378828	7.97174476656302	0.190129131227497
51100	11.9793569949783	0.593206066454086
9403	12.9943331567986	0.490364886180741
9653	12.1941544278723	0.572703166556314
339524	7.65225645139612	0.11060461784813
8543	11.1091051938814	1.52765761769906
101927891	7.66177269759497	0.230506210425598
5586	12.6187438815914	0.529649894520262
2959	10.2785446259069	0.358512887956496
56267	10.4090290012424	0.405017623573746
494115	10.3270463835435	0.565168631868538
2635	9.95758154385068	1.78435674424296
2633	8.96393912475797	1.58221982664868
2634	9.25734835463869	1.29409034718586
388646	7.56631639519902	0.16755273107827
115361	9.2285483982006	1.49724152497355
115362	7.54256598210229	0.184792602541643
163351	7.64150415086038	0.520790721276369
23507	10.7189259843248	0.650598723973581
84230	9.6342284310101	0.6566818551609
400761	7.69529747876406	0.192214669204073
55144	11.0844890545065	0.332493189739993
492303	8.92083426607647	0.195087064471193
284695	11.1673949228032	0.279774124150287
84146	11.2420201802999	0.516656491473604
8317	10.2871271292763	0.515253067031406
7049	10.5052538660074	1.19961049503925
253152	8.74353278823371	0.820596450088629
646817	7.85339770162566	0.0972410201752161
284697	7.99504461369148	0.311931366920441
23285	8.62058071701813	0.565961209182847
11146	9.70597071280201	0.304974202409028
79871	9.86599338357293	0.32246809653779
2672	8.52835797029668	0.987088852898625
7813	10.3345206986351	0.308578776179357
6125	14.7741279187511	0.590002877867601
388650	9.17259110214413	0.539107285909006
6083	7.5572896848403	0.149771471041467
26782	7.64167424054768	0.154466251028033
22823	10.8494403644418	0.360151026806944
50999	12.7379262544897	0.57529863633742
343099	9.85106240714049	0.589459777570494
100131564	8.40519831497131	0.505157789430211
1810	11.7325629039172	0.407021144374585
54874	11.385223522406	0.605128753317732
8412	11.4598575530916	0.96371216874331
100129046	7.84127840443693	0.60207498263216
100189133	7.70547953584939	0.23954275157069
30836	11.9116215933006	0.642007272051002
2730	11.8815015585491	0.825213400397573
24	7.82370979204484	0.305763756509318
9411	11.7856172505085	1.54752044535621
5825	11.5455623441812	0.253304682393197
2152	12.4059541617529	2.87993335601223
101928079	8.27932943653433	0.450258610398412
126969	9.92020868788461	1.31599768715054
1266	11.5000224881574	1.72459431782925
105378862	7.62706495947488	0.158237445858046
729970	8.14618405252516	0.547192214717997
199857	9.3210558571071	0.310900158328032
148534	9.77099157094177	1.22396849211183
100527978	7.79068565922249	0.188278985747578
25950	8.78528505367587	0.300621453407982
58155	9.53119785576349	0.53287541684802
1806	10.3434010449244	1.36304248090926
400765	7.58232801173357	0.432167675442033
100616452	7.54162498112082	0.357452931395925
729987	7.61342014442077	0.482286469821675
51375	10.5141256439967	0.70615489713004
54873	7.6540437399741	0.453955715991951
391059	9.15816295019814	0.768985179045681
178	11.1121630768567	0.332521447800097
23443	10.7540844475708	0.43923477332498
64645	11.3295068958903	0.734907878110865
163786	10.1917524256815	0.377446969226442
54482	9.46448054946472	0.251230034503823
127495	7.62372129199238	0.0764317104399329
1629	11.0855488838821	0.358710798668312
100506007	7.91663120364416	0.276882597196614
8634	11.1004370439028	0.500982060367004
8556	8.93129254703456	0.269314615294669
2135	9.98777703486912	0.470774585684818
148867	10.7425335855019	0.429157553964238
51611	9.85030162978697	0.585832774325885
102606465	8.43964203961208	0.367101743488426
101928370	7.42406764089385	0.172097962342713
1901	7.56341484125153	0.283271170006136
1301	8.14478331650907	1.53239075097874
55599	9.11786535319964	0.312513442943134
280	7.77626723961181	0.188262551443233
55170	10.8307353042148	0.507608718232124
22854	7.64352812361819	0.66129187113684
10451	7.85806049211216	0.799664372576787
29957	11.8713985539186	0.951648089412132
148545	7.43058268686821	0.177009942585859
284611	9.86547451609144	1.10630465510856
113802	10.3234174348706	0.298208787797042
55119	11.9350267889007	0.376593532268161
6814	10.8624473859654	0.366534533865787
254268	7.78619456106863	0.354080370601093
29899	11.2421246660942	0.517065149204852
23155	10.524071359267	0.490323331503192
22911	9.73244865273889	0.476629144151863
6884	10.2017221586792	0.230835075006704
56900	10.5143655348446	0.366212877860902
677766	8.08855331995004	0.307481798713049
57535	8.22550825245324	1.48876598104901
6301	12.6174066499676	0.583573911272475
1952	9.71663751429226	1.07743835381862
84722	10.2335774210255	0.583137955328629
6272	11.9251593462432	0.701699114967134
5686	12.3665347856434	0.365881633488679
284612	7.76359018361807	0.466295264009971
127002	8.85578837319857	0.326587302154715
284613	9.82040409271558	0.334176551252492
57463	8.23955854483438	0.50480712124473
83873	7.5468383625771	0.132358634810744
2773	12.1027617563498	0.374776962798304
2780	7.87973144479674	0.208191981798897
271	10.5415055533644	0.558922473091058
2948	8.97085153803788	0.791692802353326
2946	7.68826639949891	0.593357116438887
2944	7.73045974817392	0.937490928137474
2947	9.5448737869051	1.60624926524525
79574	8.31832356497062	1.33031429432119
1435	10.1584817378862	1.6846945281595
10768	12.9433705692846	0.545106638588208
85369	10.5685697730143	0.377504189012805
257	8.46775613949335	0.242677629916789
104355139	7.45485939130196	0.227604308128705
164153	7.48090436445973	0.24712810797698
388662	8.44838123843275	1.52546513851879
100873974	7.5054396662343	0.173148130878904
3749	8.91391676144115	0.705778142620837
440600	7.9562079992062	0.164070368162174
64783	10.2447861338678	0.211743330186747
9122	7.86138924048715	0.353128414455155
10542	11.649561530903	0.370080007086568
101410535	7.72182238133531	0.186645954234319
3744	7.41956485251444	0.201529279017086
3737	7.74425912856829	0.969277373341532
55791	10.8389004218568	0.52879119691515
128338	10.6466917130756	0.530372798886627
10390	10.6997220116908	0.309849554670377
79961	9.98135383570064	1.27730458320756
1117	7.52939975926426	0.247579087890049
128344	7.83228465337663	0.406000463877904
5016	7.86475917290648	0.26127778222366
79084	11.4563053730534	0.515624544793568
515	12.7518565635021	0.525425034655917
128346	7.64746287250456	0.13002898190927
5906	11.3511255931875	0.675518947116373
55924	8.91111915291153	0.819148801352699
100506343	7.49188829467965	0.183280457465141
11218	10.2213571556823	0.397392256920674
3752	7.78550646291314	0.945435844099755
643355	7.53537612853879	0.460964459060566
55917	10.7688502318361	0.48824581219426
7482	7.90564511738336	0.204413165975033
54879	9.63861384620719	0.255488074976326
829	12.9712381768495	0.528513157302459
4343	11.7073616595875	0.583767045675963
389	12.8897406122119	0.505067124057293
333926	8.06151218893059	0.261321801722699
284467	7.5179296521917	0.198325938690514
100996702	8.28889458871483	0.620905687602722
6566	12.2410069603654	0.827768209304555
100506392	8.0982994100264	0.19154201770891
9860	9.31637542156509	0.346195548994803
260425	9.88269926557923	0.349496308172185
10745	10.2774603611852	0.419510982348444
54665	10.1264379764475	0.312487811630175
100287722	7.54776644657287	0.129999087457864
440603	7.87884967201254	0.740084399176536
10717	9.37323132572741	0.478965202983629
64858	9.74396445971444	0.332619442744737
101928846	7.565225684309	0.149899977480356
204851	11.7181659344952	0.43172940871009
56944	7.86415577476524	0.623694344956744
51592	11.6739388509877	0.473541382958118
10286	11.0175572702904	0.416742962716355
163259	8.47039522836769	0.509597338683794
4893	12.0640797458973	0.338923584210008
7812	14.5024542261387	0.497049416679512
80143	10.9215106157293	0.39324351654664
10100	8.42681233392143	1.0674375521007
4803	7.78497775519392	0.750217633967418
81839	11.0823946742614	1.49169165922562
4808	7.50779277597874	0.342838804448924
55356	8.19238730680421	0.653603036695465
476	13.9564608048466	0.605693436547931
84852	8.11810760445276	0.214407997267404
965	9.41637623270139	0.386183151886755
3321	10.1196192200408	1.12745215786969
5738	11.0925044749182	1.0280660997153
9398	7.64805614379448	0.144270853690309
101929099	7.79284871459723	0.263046617118615
8458	10.8128052444545	0.277185918846787
80263	8.59908223513061	0.186973122127363
79679	8.01767367751003	0.794749411092761
10905	11.5572363535461	0.42685366550649
54855	8.37106267675797	0.637488965661301
54834	9.99083870386597	0.297177172696614
10885	11.179116152361	0.451563407348113
200162	7.61719200369201	0.313953047724689
6913	7.88481961893496	0.793400389733462
10352	9.33886869000202	0.337035705428419
101929147	8.89410106893681	0.29590303877027
3283	7.60349381820603	0.20170984943448
90874	9.41569282842979	0.73920713605189
26227	10.8260997711517	2.07291740487774
3158	7.47503529730128	0.194986403720577
83998	7.7420672801032	0.738442385573774
4853	12.2063380682259	1.54636251232421
9554	11.8413762251528	0.394835079993338
105378954	7.96855899678328	0.342133322468541
728841	9.52607460085813	0.439095604500117
767846	7.64305004425749	0.143905430581922
100996724	8.51349660590494	0.490370133345168
101929796	8.13963608743353	0.511000852709253
101060684	8.87800027976306	0.576013421646217
101954277	7.45710281946346	0.183582449163371
728855	9.14944340617969	1.01345493183696
337875	7.69095099027729	0.50293370281041
653820	9.74498942780579	0.403750477425064
653464	9.88634397679466	0.55497691742664
647121	8.14554322975451	0.483046219180324
554282	8.44609826481223	0.393456582251633
100996712	9.27385391494547	0.467640926335131
101954267	7.73562731648002	0.155612901530123
284565	9.63218013984443	0.530484148013885
645166	7.57332204118057	0.218497352736755
647135	9.34680492800902	0.348788252766786
728833	8.77722903749806	0.347004968346855
102724235	7.79556235362282	0.210055069843559
103091866	8.52498480390646	0.463153654546129
101954266	7.67887057522208	0.104888270240081
100288142	8.76471603327521	0.122523108245694
101929780	7.95343527154883	0.154947611546496
653519	9.51118023002486	0.268468234830825
5174	7.99641089137572	0.470858935679111
11126	7.61931210351023	0.0884987610102873
27246	10.2893647101403	0.482266257788199
10623	10.5193487657021	0.4462267703387
200035	8.20363515302964	0.38343122103798
10401	10.7319797139807	0.440658197807538
148741	7.70245834845	0.240021287624974
8515	7.85574060309262	0.310600486737912
8799	10.1470025283779	0.41792150164226
114814	7.9760709000208	0.266659254263216
9939	12.5377057682409	0.265767936611549
128077	9.76421434249058	1.26223947250296
84265	9.89703496983267	0.698436669044058
284615	8.15500042238111	0.463535650362463
10628	12.5221888065501	1.21087869442311
101928979	7.75988742449887	0.132729958757886
100132406	8.25845407890906	0.352574670300763
388677	9.05800336461206	0.856111830464551
102724558	7.43080664481265	0.137513736311579
105373468	7.62490157966709	0.129366346737587
149013	9.08098496633655	0.264741846753397
5565	10.2224907193629	0.572883699394962
171423	10.4007545255433	0.408575073708236
2330	7.98217128573792	0.347400107481366
9557	11.1028445333467	0.428912400227205
100289211	7.49203498026569	0.122207990173312
607	10.5340311064837	0.633344113131261
51205	10.1277068394695	0.700660229286301
2702	8.14092642907289	1.65092980201581
51463	8.92994351269594	0.424068021896874
100034743	7.58952826351573	0.114857956497595
200030	8.97864979616319	0.218350558873761
100847044	7.43228345678989	0.125940757256547
101954273	7.50840066599179	0.173864384297095
100132057	7.77941708309294	0.142139255463865
388685	8.73168378945657	0.586716570194005
25832	9.21071564831556	0.646274701523427
100996763	8.56817660393073	0.655448175698567
440672	7.71058974425372	0.177742458161655
9659	10.5624017107288	0.576925751603523
400818	9.39453633272156	0.423223494002993
653513	7.67189155379969	0.238094462034145
101060226	8.88376727578827	0.508128025459658
57234	8.69204666349711	0.832429810073243
440689	8.05969987521385	0.26397606729402
2209	7.6716963041972	0.261035347496584
101927767	7.6939413833848	0.318731346942069
653604	7.64965476548225	0.193953947157372
105371405	7.58168995115863	0.0973111154351798
8337	7.55319396466174	0.116802885197431
337873	8.00252772732652	0.194399836503562
723790	7.56040721333655	0.154141169285305
554313	7.58500564277197	0.241808983505001
8349	9.53095648953203	0.642025629052772
8338	8.35905235472777	0.485003616442697
317772	7.65416665047816	0.134600324211357
51027	9.06674240834008	0.686212918344276
9900	8.01885458249882	0.802901629101462
10262	11.7379404716691	0.272828585619476
10903	9.34436701485649	0.46465506077805
56957	11.4789257188736	0.215310206258196
11311	10.4293960012442	0.312713659750834
51177	8.77519174239318	0.848855512663496
81611	12.7520520862083	0.321571962341908
23632	7.9517059287116	0.20974673339471
51107	12.8868854996542	0.363915690245575
79630	7.70575337795075	0.131147461299968
148523	8.63844596298496	0.608433490680868
54460	11.5534872636878	0.408112998036036
9129	11.1546731558162	0.331464252376241
23248	11.5410118207291	0.443810951625373
80222	10.546128648244	0.617786630986073
1893	9.3005676110053	1.33913618773491
100874054	7.59227078800353	0.132826950393534
54507	10.0516303272085	1.62168666530364
105371437	7.67278323895273	0.244767912590513
574406	7.65532999757773	0.093175119848354
4170	13.7102553659766	0.567430971036652
2029	13.2678356545654	0.383948498101039
55204	10.9970459365719	0.583612961779444
84072	7.44857504343757	0.213969521664705
1520	9.13223281163558	1.74676939921948
1513	8.11683370591894	0.17843804770347
405	10.8878020185798	0.317884032249852
9869	10.6420356306463	0.204285044081178
29956	13.1319099578062	0.393584418279134
8416	9.82090107804092	1.09186625415114
55793	9.77557669062694	0.463844929722199
58497	10.300392578505	0.234159121487875
149428	7.80410530841559	0.135313245766951
54964	8.97215132543167	0.521606525316672
56882	11.8126040765735	0.436986746938928
10962	9.86689326054533	1.77321750229029
126626	8.96449957827601	0.196217879059534
10500	8.25888695923892	0.57377160919257
388695	9.51053327560659	0.54993760040677
79005	7.77159446065438	0.0808930493458448
29765	7.67812795124312	0.0959730407202252
6944	11.0946068274019	0.221943054871845
8394	12.3094970450616	0.384331872204674
5710	12.9641154267478	0.307156871743065
57592	11.1030444826332	0.267906586105971
5298	11.6013179885974	0.240863473230975
5993	11.4331376999056	0.294901083240309
8991	8.13655992371948	0.795261120407599
5692	13.1858839455464	0.295248212774549
23126	11.4506933344549	0.351414244571532
57530	12.0420142084721	1.4491718829328
7286	11.1167671147752	0.614870664401795
81609	11.0340525641665	0.491396663306447
11189	8.21728727588945	1.81078880767236
284485	7.51656336151109	0.298284443908207
65005	10.9744980046581	0.337516510893311
51686	8.16162805594195	0.236677006911097
11022	9.790232185069	0.439186617273865
6097	7.7057944207786	0.487599924758872
100191040	7.85704856313165	0.174129860151901
100132111	7.64835845898172	0.158397421907391
284486	7.64663583034414	0.173295099860108
117145	10.1670066736443	0.570990778042887
6281	14.1760313721022	0.927698000273366
441908	7.45505710166435	0.154298118551941
6282	14.2043177846923	1.39186555161982
7062	7.78971538676937	0.565950463887893
126638	7.44355794196795	0.143727168852933
388697	7.65228248596366	0.403391482474822
2312	8.22838398938722	1.49739175118158
339400	7.64480261408048	0.455237118277183
49860	7.43430315062017	0.253660588941877
54544	7.88129631961455	0.915637540603375
353145	7.44703803851091	0.199759561108422
3713	8.3538112532712	1.22213648499274
6698	8.02397429720108	0.652917673304295
6707	8.5844687320924	1.66954252452519
6699	8.6990068878056	1.76429813507253
6703	7.67620082629055	0.382447557993658
6700	7.52512932943742	0.230274590648916
574414	7.49961149354544	0.216817670674413
114771	7.42394836164352	0.134502392880932
57115	7.48214155595059	0.293497114136622
6280	9.35911815516932	2.58852772534414
6283	7.47662901938269	0.241522379139726
6279	7.83581145953263	0.90307425733683
6278	7.43510049678609	0.144061999243124
6277	15.7528413209884	0.679319965053701
6276	8.44592051995823	0.427377853027593
6275	13.7297810454566	1.95287554255242
101928034	8.11198846142036	0.368265228137045
6274	8.29927328749181	0.657055585840969
6273	10.8440967037524	2.35687291131322
140576	12.936457300223	1.46702039310368
57402	10.9964221870459	2.31288444049766
6284	11.3676335700488	0.538222095841834
6271	7.94243515399766	0.295058480981759
26097	11.7714036241322	0.202166261517856
23557	10.7312158356001	0.373610847883879
3608	13.2954701313637	0.405499117370742
4881	7.90738636195598	0.532715158152406
65123	8.60659004746975	0.613403706977534
57459	8.63225646717343	0.224021896027181
9909	11.0480746958547	0.48842261318861
200186	10.9523866714186	0.21881943680896
27173	12.9670074350872	0.602277912831939
148327	9.32988215677907	0.521671222914219
10899	12.3155449641427	0.513156955870701
5872	11.9175722606356	0.621199667819949
6232	15.3408187340574	0.31735842871317
7170	14.3232962718101	0.354713821709962
25912	13.2116970406505	0.516843559232915
9898	12.9734656341623	0.257038898152003
10456	11.9673247464461	0.495368386988769
89872	7.41298877946346	0.168088337381117
57198	9.11732879627323	1.46752453756087
3570	9.4820652114652	1.27481672567924
55585	11.9943045253214	0.498342028246545
1141	8.39519265562995	1.70074837840824
103	13.9523543516479	0.394241981460038
3782	7.49774638252832	0.184462906681276
10654	10.9048369259906	0.412786312204158
57326	11.0841922986436	0.761256264540249
90780	11.2994292386318	0.19728955281201
101928120	8.00823589561795	0.200588782260605
6464	12.9113593170357	0.836577999768481
1163	12.4059569954134	0.448543787961844
100423020	7.71413144998461	0.0861298454151344
80308	10.868247982411	0.470267063000742
51043	11.4791305702398	0.588884217068197
127579	7.6609867451066	0.157090305625783
100505666	7.92421600720133	0.0889176601193609
8751	11.5135933798643	0.689472532632203
1945	8.88535940481067	0.489169528683395
1944	8.76894434987745	0.678010089981335
1942	9.66253507513642	0.664732458163146
55974	11.7017295274573	0.503399468038162
54344	11.020166271444	0.632522504455912
200185	11.6329269569527	0.391759458722765
80128	8.34576291314866	0.897593177385507
4582	11.5205219890239	2.04420429043401
693235	7.5542742999543	0.145104783536374
7059	9.66811915859633	0.779276500114454
4580	9.97822814948786	0.262273810749629
2630	7.92694206395873	0.160608843338299
2629	8.1554085863976	0.505932255077549
2224	12.3861705583558	0.452464526391989
284618	7.72708673462986	0.117962521853663
23623	11.122620452147	0.34018378349082
55870	11.7220616938293	0.543060691863861
645676	8.61578800245138	0.294604611581441
55154	9.87371425476509	0.491753319344383
55249	11.6723479722503	0.259496571225126
7818	11.6904182881691	0.497464546614428
100129405	8.41596221839329	0.26518383900678
54856	11.0681844596763	0.261262373631806
23208	8.86183718613194	1.52230437700786
6016	10.2055005877799	0.397757884889838
22889	10.5906797782398	0.462180644273102
339403	7.77096884519657	0.548098931634788
9181	11.7024739978625	0.568649533454794
6746	12.8118954649775	0.547470493341115
56893	11.9098707586278	0.456636085132215
28956	10.7367656237049	0.462766010337275
57111	10.8779492573155	2.01149965748604
92312	9.39497660856326	1.03727701074282
4000	14.4082951331992	0.344137548880619
64218	7.99529041089613	0.667012367704288
9673	11.0580548297614	0.349434111580236
11243	9.64612853807701	0.284792388754985
79957	8.49121341222457	0.476523965635893
23381	12.4703327149932	0.475271903623531
84283	9.41014660911439	0.336408939280875
112770	10.4228697299301	0.626722060241677
7203	14.1322684216766	0.556202509023248
128229	8.03415259875656	0.245269820837822
57127	7.5507748260415	0.150834835992169
10485	7.80312159572221	0.571286865936817
4209	11.4482587474178	0.694169880840358
128239	11.190300477811	0.544862240380367
128240	12.4712227076029	0.807935769059331
54865	11.5323701214374	0.650394035823963
63827	9.39808204162335	1.44386899072726
10763	9.43469716389024	1.78439511356318
1382	10.6273184155702	2.24529822094849
81875	11.3440057197295	0.421865411497709
51093	10.2929531897815	0.298358679965031
79590	11.5356206181356	0.473340485153985
3068	14.9469210470462	0.50864690356336
5546	11.5448883621027	0.483783383114045
9047	8.32438708524179	0.733162576145487
375033	8.65753953237106	0.703875949598622
149499	7.570920317601	0.180229385371949
9826	11.2330043571098	0.340514329965252
2117	11.0097993673574	0.345700039143073
55243	10.66555023867	2.04200324822324
3428	9.78420335798098	2.20450884023735
54935	9.57201968616283	0.931393599901849
284677	7.58462936538065	0.109589984056195
391123	7.49790553321357	0.15174666154292
25790	8.24665739555539	0.569667213221108
8407	13.5594059209267	1.22979966648746
57549	8.7229897381207	1.01135267135675
100505633	8.12211128279554	0.968858240805352
93183	10.3108702525226	0.439295688460465
3765	7.45873277848638	0.148540244710777
93185	10.6038958733769	0.912517951383807
477	7.49738833749215	0.208915187262725
729867	7.69482953358837	0.140580691104508
8682	12.3793017946264	0.976968902972086
50717	12.0093123405454	0.397352301487612
5824	11.5266654925042	0.330760048844158
4807	7.67929320180742	0.134365093564689
1314	13.3336972578837	0.328269261736499
474338	7.68572151984241	0.0906452452279634
23385	12.169689163997	0.332354242146563
57216	8.45273354581962	1.11056533087784
114836	7.39821888154718	0.125834584729126
57823	7.95748578182727	0.799830996990203
4063	7.63583611000893	0.450658227939093
51744	7.43189739229574	0.167588220529255
55600	7.67732104413441	0.652197395714466
142683	7.54168774612827	0.374430494693006
50848	13.2508856886252	1.09779975382149
100131187	9.71299646135643	0.94410702086593
7391	11.0979025317898	0.244355106848192
257106	8.0726707297951	0.279880042718491
81607	9.29293899572388	1.56531884717559
126823	8.28575134095181	0.307531710990298
5202	11.8786623141974	0.59686770981453
4817	10.3069630876706	0.263830472037478
9191	10.5001911532687	0.369665164221484
51506	11.7645431960346	0.587145539844725
27005	10.603289432439	0.21460314301801
5498	9.13557224546718	0.329167769996551
8703	11.1788626598766	0.538133925804756
9507	7.64653743834386	0.492205912182799
4720	12.1933541021682	0.391578979547577
2207	7.55745808877874	0.110944575032626
336	7.49585603081932	0.385723171466854
84134	9.65528786528451	0.446602238265305
9970	7.80166073013508	0.22687508657076
654790	7.47253597074783	0.231275613505301
4359	7.8195306958367	0.547111286216719
6391	12.1161707511707	0.329050326709418
257177	9.16287720685652	0.307162003578252
2212	7.48073717949682	0.141615737825985
3310	8.34608886068336	0.705140438362249
3311	7.49946594177117	0.15060317650695
127943	7.97570871154679	0.32283172159743
11266	10.0321438154038	0.614484922236785
22926	11.5120366553442	0.471437570607945
25903	7.72853322150784	0.374043924986487
9722	8.83065290634356	0.554008353812726
400793	9.53278384751766	0.805227745192251
117157	7.66050299898981	0.349522008930376
127933	12.8651929696731	0.523898306722821
6675	11.5586789474121	0.679221240818286
4921	8.51335077074602	1.40265059123493
51478	9.92152349184889	0.377853309694252
339512	7.99516635222436	1.14783980425366
5999	8.73521547816264	2.15828377874126
8490	9.02818984469922	1.87869353492347
83540	10.7616665220443	0.619783009305174
5087	10.523181663429	1.73849523792145
4259	11.1857946345038	0.522894377813038
223	11.1137958943002	0.473153152431742
54499	12.3458185335095	0.210845084727157
100147773	7.83188338388779	0.153007005347522
7371	11.8999574747666	0.392946052571206
149297	7.60451587769771	0.209023081932135
57645	11.4770441509872	0.381882805192185
117143	9.59213242985065	0.198516485056431
387597	7.56049550441697	0.304639475272492
5451	10.7483751354036	0.39430962543749
919	7.57458238331283	0.251291212285012
8804	11.2393815913548	0.727835272698545
92241	7.59946834729195	0.313446866797168
9019	12.0964199672667	0.30950062242044
25874	11.459201830357	0.337088999501637
55827	11.6369733328121	0.405808667130904
23432	9.00543607061122	0.762477563919401
261726	11.3855276227878	0.313916178962404
375035	9.23034749650622	0.204640035535535
84832	9.29363015269821	0.211566269114798
9095	8.03325742454509	0.246762061688119
6375	7.41275241596463	0.156344286999301
101928596	9.20636470508818	0.62779028833495
481	11.6832790659464	0.926936220432501
29922	9.82016848155317	0.385582586529887
8548	10.3327323676248	0.44003654398075
57821	7.83884990003776	0.262625903708851
10560	10.1368748368148	0.685669556969129
2153	8.7658624331846	2.16227162747801
6403	7.54860527116311	0.473403742472168
6402	8.0710803652154	0.632036472619292
92342	9.12800900371759	0.248079682577457
55732	10.1195081187552	0.326214294171943
57147	9.4186705592875	0.299727735323943
22920	10.0749113159013	0.594992086180279
149281	7.56332872280944	0.415844280392403
92344	9.12828810179314	0.203391505280017
2328	7.51200246562547	0.488153478602566
2327	7.49094505394867	0.301331642234653
2329	7.91601184859498	0.379460671265578
23215	13.4551975638175	0.368399253315005
8674	9.56022666774726	0.355331166890355
51603	11.1522782510147	0.259268854177793
26052	8.08751411522094	0.431704271113529
102724541	7.56061715376924	0.153397654723982
92346	7.60475564648973	0.38496610649573
5279	10.2574647508082	0.43164716479302
51430	12.1589821455883	0.791018104673383
356	7.57005588178294	0.604212709360926
8995	7.82896974300195	0.394110949665336
7292	7.79006481514958	0.188772210844617
100506023	7.98632616362156	0.137594761638567
101928673	7.84893089008387	0.156590579701368
9588	13.0657550203978	0.461344806903705
284525	7.41244269545624	0.152834260292731
27252	9.96431875607226	0.194969676578259
91687	10.0105453980132	0.244298604019342
55157	11.2739191862362	0.322695899057482
100506046	7.69189794026361	0.135298745553773
60674	12.1046638299341	0.712282644100501
26802	7.69723976815832	0.12350409846889
26774	8.16045736287233	0.23897997771615
26770	7.63746190926844	0.112178035677379
692198	7.74411228189512	0.121675064358896
26806	7.8377271123545	0.151961920359294
692197	7.53128049418439	0.121699757117626
692196	7.97227581317724	0.199850125720342
619498	8.25456208877357	0.441777718223409
84614	8.47765384822612	0.190604578939564
149041	10.3689663658195	0.198426904940908
102724601	7.6097623419393	0.167546746368487
9910	10.971524521256	0.878628045735867
27101	12.6169309923702	0.422560673124817
63931	10.4476557598561	0.343630272879789
9674	9.40220448022265	1.33819370903591
7143	7.80582585148698	1.13729716725172
64326	11.0220011227989	0.415149006906833
60676	7.87761243848633	0.777881653071884
57795	7.53368705517215	0.40224173826663
89866	8.23470947070486	0.674369588056214
730102	8.7439049444404	0.641552234991475
100302401	8.17312721432523	0.298260085238191
9462	10.9473550392958	0.603592945646208
105373472	7.6064971445013	0.207394760389461
400798	7.95646510998746	0.329105607515592
55103	10.7719417383762	1.69174014250767
9917	12.0078132725859	0.50246009668741
64222	11.2881608964449	0.490252800169144
27	11.2314661811303	0.625999075006344
6646	11.7624194744836	0.370099190353796
163589	7.82692463618408	0.658744708615784
148753	7.71883085993602	0.902833409868019
163590	11.5201894538171	0.236722093749054
26092	11.8266369664987	0.316828094732832
9857	11.6599806010038	0.266816541566567
5768	13.2741102434089	0.927884727025507
200058	11.0320473786909	1.47158285428962
89884	7.801874990652	0.158733054470859
100527964	7.94376316840399	0.132025812216868
84320	10.8051333807062	0.367623941689552
9213	11.3030118768216	0.734477973691354
57710	7.80078480730464	0.140531546902813
10228	11.2672059492969	0.336697552664014
3140	9.90606438508247	0.853816204134882
51278	11.1730200719783	0.931986007879315
2752	11.9731518737709	2.49068517945027
6041	8.96139418290103	0.79364843776903
6004	8.30646521281361	1.14137596542174
80896	8.31485300662302	0.374958679938621
1660	13.3564941026726	0.24610958486137
3915	13.5748195718802	0.576661141761226
3918	12.7627665055214	2.40997647650728
23057	8.77861438767201	1.25693467041741
284649	8.20305820820143	0.201650739135708
9887	12.4827860375056	0.3636689565808
4688	9.19085972459605	1.50696210637669
10092	12.8716809667811	0.451749308975263
23179	8.62432816747793	0.580989918127347
23127	8.12943116221969	0.597358745474608
116461	10.5099833250003	0.640430679093382
81563	8.41995813062678	0.583340618618332
80267	11.2974599222882	0.87983387885901
116496	9.74341172278916	1.41407628485525
6045	10.3116344011983	0.300670645944866
81627	10.708739212805	0.329625417651506
54823	8.80054413207404	0.320212653509095
10625	11.3362890412885	0.689722597072789
83872	7.60917453640165	0.257626960828553
7175	13.0856092960184	0.302202147008785
54953	10.5945435648336	0.365539761890592
10896	7.64264202345733	0.0830960567575669
5743	9.09433815833644	1.66839142255948
103752588	7.47609466100912	0.146595025462555
5321	8.42975878989369	1.0633118034632
339479	7.90772323389457	1.36351306764257
101929120	7.55845991575863	0.40257453629771
100616345	8.16694821165929	0.101808550006862
5997	9.89306409508099	1.16824875540757
51377	11.6890351610464	0.625334239804943
6738	10.5659204508638	0.459016230728805
51022	9.85705895101244	0.359630358066982
79577	11.7037968258556	0.31386562402039
8707	8.33565968804198	1.66558579650752
343450	7.52453916100121	0.186822113000332
3075	8.7894492472558	1.82544441222849
10878	7.65142746217714	0.58465369522668
259266	12.265929662334	0.470386923617029
360023	10.7056963232038	0.318049040208401
23418	7.49854511420068	0.122850452469882
163486	9.52875547836193	0.905189155287303
388722	8.28365737746202	0.277984064516164
56956	7.70360201288108	0.490519107896302
140609	11.3085578455045	0.757144795674264
100131234	7.47727991564673	0.167513215147132
2494	8.5258742389425	0.898951678220371
23528	11.0767313417428	0.505525651066373
9928	11.2804991362724	0.312647877918467
83479	9.83998799471688	0.348120900034545
101929224	7.5814915917168	0.215712358883906
23271	11.9022924760071	0.413900414676363
55765	10.0714443361949	1.87483860320606
23046	8.6671522112227	1.32195168552544
647219	7.61244953735759	0.229258768421435
252839	11.4077940073528	0.578042845040089
91156	7.85546343556273	0.542793237208372
5317	7.7513540695643	0.504406285660119
7139	7.60450884828426	0.24437253650875
3898	10.8274817128314	2.08092620407301
7135	7.99023399555569	0.49640728883175
23612	10.0875005552378	2.1045667416721
1465	11.310511824757	1.0830744856498
376693	7.77271396601404	0.31656292305417
89796	10.4092052132826	0.84305940119851
100873949	7.59026133215922	0.101173391228586
55705	12.4437106539249	0.25905716751711
149345	9.27094922298631	0.744900424896007
25802	7.66281385016267	0.199796871296763
10440	11.6812264391563	0.623182434106081
6051	12.1105420647894	0.327404722151076
1999	12.5416375744158	1.59889316799558
9283	7.84564811334383	0.265472240821095
127829	10.6474134059717	0.385121076223959
59352	8.49221597496155	1.2650682893194
29089	10.9507095447044	0.70035345714211
4660	10.0065126999268	0.580532905350745
127833	7.69995326609457	0.0942209078168923
10765	11.973061411545	0.792971301676578
100506696	8.0871807815763	0.389012514276067
148709	7.86265555105711	0.219000406789973
5877	9.94572896040605	0.289065847153743
59349	11.0955545433211	0.357828085432829
51094	12.1510940293808	0.386019273058121
51706	10.6954553730841	0.483432023829961
100506747	7.60454224553641	0.128592793115238
92703	11.6379951638973	0.290225993015234
8497	7.73596933537401	0.339327505695547
134	8.23300117565927	0.906710505412573
4608	7.53878186180188	0.495869674317491
100506775	7.44968991641058	0.256329240521298
730227	7.53479877690288	0.19889222602126
7832	10.3409053693209	2.20160203307932
2331	7.56424646930156	0.384410283770948
493	11.8802957525676	1.1724528866617
84719	7.55323138122642	0.168445749459488
9877	12.5905131423848	0.210867460825749
100381270	9.96621634445316	0.354008088389422
6635	11.8236430282034	0.234176202399268
9580	10.9122274574353	0.830145972182884
55224	8.93065471438428	0.806281598970007
5972	7.77120530771998	0.306231448761194
3814	8.06775674317794	0.496343412147448
127845	8.83727297019859	1.45798453143441
22874	10.6191210520298	1.62716256263171
127841	7.54685666330685	0.152982572816394
84919	12.3797822595265	0.461452520725218
5287	11.2304159962996	0.801689499323124
100189122	7.58468425899358	0.090947871362524
4194	9.84609844917048	0.339049942965716
10446	7.83449579143429	0.432089688022981
23114	8.6427290546342	1.41765631639517
388730	8.3088595076828	0.200599126346779
5929	11.0146209225485	0.234966950396729
25778	10.2778653282555	0.472691425971855
9911	8.0676894878719	0.285113520287401
81788	8.94965321836346	0.736811519066778
93273	8.02229106522831	0.627581763351689
101669762	8.23281862405996	0.709996554058681
105371697	7.69001186767531	0.253422093741269
5129	9.33149959006272	0.953756532394755
148808	7.80905932345178	0.0975734861173801
2005	11.4947153721527	0.17840977948202
85414	10.6337624337577	1.28174768380082
64710	14.4423480694161	0.36120230194964
8934	10.5824480038065	0.649747318293927
254428	10.6670983637731	0.929987552824455
284581	8.14012383494393	0.419277867595797
115019	8.50358776539029	1.98489890001931
103021296	7.54459876225028	0.273659584440356
338382	7.92132624980741	0.593878221746021
1510	9.1092601702233	2.53414850661725
440712	7.41493247481351	0.156601490654846
729533	8.96326795733541	0.252749087240799
23380	11.0836955422531	0.2919228716182
9641	9.37700577283143	0.757131364272979
83593	9.2099976619445	1.01150730353978
1939	10.6759063134885	0.247528058953325
8444	8.95393572575026	0.640698685585843
9261	11.8009447759023	0.468683217417767
9214	7.75285253005779	0.319757644368562
5284	7.71234415121649	0.408015731049482
79098	11.0078118250991	2.23972175895415
5208	11.0805063310909	0.661354466782991
55432	10.9393464047677	0.503336429800888
725	8.05513353608759	1.117563142057
722	7.50698604473467	0.263270191146907
1604	10.9489068877789	1.26115714994821
1380	7.52792662130547	0.157129751140803
4179	12.9891220153578	0.688747080110888
947	7.44969983017342	0.191266998544518
105372883	7.56375879339314	0.171391915859331
5362	9.94177706036415	1.83986776183747
642587	7.97055874088307	1.11428207142077
406988	7.40004159922915	0.14332870007841
57172	7.6152491791477	0.157693642178275
3914	12.4444715868235	2.70528623869665
50486	8.74988829734272	1.25320973631666
3290	7.62786536695821	0.359240605844027
80342	8.23344784177355	0.123722692544182
148304	8.86540829081522	0.131840420056139
3664	10.5419406881632	1.77414498833349
27042	10.5576873061891	0.348306468855823
255928	7.64543895232118	0.324354349123312
574036	7.74085391682256	0.417395715157428
56256	8.43738454969157	1.02541970977394
55733	8.54815590885697	0.322524357164302
55758	10.4215879991865	0.28670235638757
7188	9.01339445475604	0.824058094973898
84791	8.91139030667579	0.427736864104367
7779	9.74076619991069	0.441277911348857
4751	11.2672759965574	0.491937660203744
9926	11.9724906125447	0.742716702955094
25896	11.0971635314392	0.358685681075392
51514	11.2461626338111	0.496076592387712
100131205	9.15647774902997	0.253215186295235
101929541	7.78595727081858	0.530370243782986
5525	11.4939307229151	0.411793895509522
55248	9.48184283092965	0.327908988791644
29937	10.6607539338176	0.4022082621361
467	10.9649107698383	1.76298921257731
55509	7.95864945145315	0.453388773388766
25936	10.3371767217034	0.283893858711686
128387	9.38090067999357	0.502755357815979
642946	8.86388834737669	0.312779380039404
28982	10.7401305545948	0.730257941635219
79805	8.06384907627828	0.381812710724134
90806	10.5659753426184	0.318090767246267
26750	10.7707930758287	0.399025272586517
100505832	7.8228591668761	0.73956948811896
5629	8.67732314993759	2.0091852545846
56950	10.4142843358025	0.429328606915418
5784	12.3022072420512	1.15880021233014
1063	13.2749525644366	0.529592481460013
3776	7.58909056145634	0.389283711513803
51133	11.6294583882286	0.624108564578833
2104	7.79879373265682	0.581111707530545
55105	9.93904995148635	0.284249354040097
128153	7.97346608793396	0.285919232036362
51018	10.6559156089401	0.318456141533227
728463	7.50871765988927	0.140664167283165
7042	9.37139041205062	1.33883024603805
643723	7.48818734590952	0.130222699801717
127018	10.1039149126415	0.490698994416603
2058	13.4872154431792	0.621803806999258
10380	10.8862481634426	0.346981250229925
55699	12.9982426790257	0.403875108932166
25782	11.6841751900821	0.453540471796723
6791	7.92245871732154	0.17542003770464
4139	8.36018645514397	1.14098446974611
79762	9.33360359188541	0.478349307886067
54996	9.37129576617427	0.344573222570401
64757	9.48419730813616	0.797023390800484
3142	7.62514118398929	0.171005602847752
11221	9.65859911555678	1.37461456585951
101929771	7.46181765208895	0.169615716137545
79802	7.91222276774389	0.971779423754247
9015	9.88407085898295	0.917919747015825
100506161	8.20272328666455	0.66053935324682
375056	12.1411541463549	1.33247184493267
64853	11.2048188074754	0.322037641053933
148362	11.6521734781004	0.441585554050503
400823	7.53164371447109	0.367650653511229
84976	8.98801825313317	0.418421890808732
7100	7.91749035873632	0.310309473810198
55061	7.98555922905637	0.471629189369633
388743	9.05512001950468	1.27529510843687
824	13.9219767054833	0.470822733460352
7159	11.4911525857929	0.588246516593359
105369195	8.69851659827241	0.241601745021433
441124	8.02658820860792	0.162668834986207
23219	11.7142628258816	0.324221332067875
8560	10.9784937789312	0.685840056757347
4931	10.3201491275437	0.38285388512439
29097	11.1597609445179	0.458869693227108
80232	12.56761079985	0.486562630168059
149111	8.58201618961325	0.725449523686896
127602	9.40747057252659	0.979798190852631
3930	12.1851177051414	0.676020127297383
55740	12.5658745971394	1.08178012544008
6726	13.1153315532179	0.436642133747897
2052	11.5314517551881	0.776161789728636
9725	11.0295931740317	0.678561372758038
29920	11.6685371019725	0.385264118106412
7044	7.43235925051242	0.233886851743433
163859	10.8996481627903	0.496197496973285
3020	12.9843052728193	0.470206337113534
64746	11.5073305123723	0.514491797086952
83881	7.42740981463688	0.197650501366694
286826	9.91622566574241	0.344087342818257
142	13.2379286319424	0.60880328991631
3707	8.92632438504201	0.849175860879081
5664	9.82507248687492	0.302257048839747
56997	9.7805320013725	1.10832222191905
105379282	7.50535056195568	0.150756127475186
8476	12.2224580802241	0.560923362453644
339500	9.4919685792516	0.447755865355
100130093	7.99184430808745	0.20389844148214
65094	9.08255051519972	0.30100815290279
116841	10.5491138847045	0.282014632240097
105373289	7.61008499622018	0.227257702380862
7483	9.18143123508646	1.09092366426725
89780	7.5546869915259	0.184617091714235
375	13.8493601327201	0.452934478018967
79169	10.3931068344064	0.345396633792009
128308	10.1178952209136	0.360923608791107
2987	12.1340141218693	0.434221912397765
57165	8.25304805716985	0.48011716346975
574432	7.6164151663084	0.127145038869473
200205	9.50859429828009	0.323144720994694
574407	7.72839519045088	0.247005331132904
84033	9.20409046356087	0.835815439334401
101927401	7.48013959144914	0.169331445635273
81559	10.8220485532799	0.399070593143981
51127	7.79458197047005	0.156450635479545
92815	9.64427428463125	0.764391788200702
128312	7.92436865139665	0.19914013365943
149603	11.7957840607321	0.713349239332372
100129094	7.54941786523904	0.158384612780392
58480	9.70484829378005	1.64534736955815
574029	7.65626740011782	0.174382682412874
105373132	7.91273882826254	0.302039104934015
5867	10.324588983928	0.706074001755856
126731	10.362240784035	0.648231556697896
55746	11.4549902205317	0.265487993338839
23456	10.2543704352558	0.600239177877427
27097	10.4438020739077	0.347523200078077
9816	10.6438146754141	0.450570888883192
2590	13.5726857689598	0.630500181500182
79605	8.19583382065451	0.83943462616055
22796	10.4241936672931	0.416996395672664
183	7.63329592797333	0.544436636057577
10753	8.04384749760043	1.07418108749134
84886	10.8509520486563	0.461951489512328
101927604	7.56996250806434	0.127368346975349
79573	10.0697105963794	0.485864977814007
64801	10.1681362568111	0.255107133102594
375061	8.91162551784529	0.891646377064727
440730	7.93418807975365	1.06804890575106
128061	9.90260771972573	0.350427691633465
8443	11.1776564434185	0.406659438522964
149371	10.2953509064506	0.312280547616436
83932	10.0816084275048	0.172018875658418
54583	11.1861954050088	0.417935760629299
7257	10.4928366209134	0.344104132103425
27185	7.51855142816682	0.177422636860073
57568	8.71544124090459	1.00246708546142
54627	8.45831875229383	0.663372820654882
84284	10.2982363640658	0.297972803072522
80003	9.62012327000972	0.766627654625181
84451	9.70747044750942	0.913661035788282
3775	10.4492149838417	1.82897634415277
148641	8.69705985096433	0.845303469240819
101927765	7.95649567719539	0.241993431732868
388753	10.4702934026302	0.239200437851925
6894	10.439348162339	0.569070915742927
359948	12.3015108030141	0.857306279018696
100302691	7.53759873421183	0.142164560362611
101927787	7.67042168678473	0.387175662449219
100506810	7.71548087732877	0.325755916088807
101927851	7.78448566668877	0.299962262909727
731656	7.78487090749152	0.161463152763357
9804	13.0432016120767	0.428388488791894
677802	7.65013317686856	0.104264813360573
23029	11.3026204297201	0.387581939674498
51742	11.3728573320952	0.388448742288556
9453	10.9681450608301	0.378672510828622
6905	10.3564037839965	0.617067605469159
148789	11.0771600850453	0.295990838812748
2786	10.1628857674475	1.69058284189922
1130	10.8966554636311	1.13045827448631
4811	10.2262978764932	1.91210599475365
7107	9.38176260962655	0.579527729469467
56605	9.82434393267638	1.16348044544193
128178	8.83872406442154	1.52319579895416
3964	11.3733764013897	0.685828930634278
100287902	7.73276909067211	0.233171516902828
55127	12.0736017633289	0.518414103704374
88	7.5808330652442	0.27243793861092
4548	11.0730867543465	0.339458599134225
6262	8.51835246109983	1.25936039295632
339535	7.53804084339947	0.32053871336288
1131	7.73681249385306	0.562972568747225
56776	7.571785682218	0.315897245879543
64388	7.50165448572078	0.191824958506151
6000	8.09379623564393	1.0249833845192
2271	11.5668208683076	0.399592178775102
8564	7.92857804974959	0.61376763471541
23596	9.51799815266435	0.849948367070454
1122	10.2021255531469	0.7111014935609
9156	10.6885435480978	0.570618826852885
440738	7.48143416432219	0.147049319417369
200150	7.58906562603687	0.492790773532397
9859	8.82443100152975	0.48430379636954
10806	8.36389551446409	0.410610977294965
10000	8.12010063686922	0.558107693113038
10472	10.7840543945101	0.43255460660707
159	12.0238150065048	0.417746846549298
257044	7.70348973577903	0.113365584552154
51029	11.8703284739334	0.374176132925146
116228	8.50590086628007	0.24386326227966
284702	8.44630062126525	0.245898873084012
3192	14.9342465497666	0.314760952417334
101928068	7.73130437531218	0.164239176128431
84288	9.1326930422434	0.356526327464677
55083	7.67159253306291	0.395333937874343
64754	10.0597591812576	1.0704906653844
64216	10.3005136309917	0.402429268621727
163882	10.5422989787381	0.498573663489543
51097	11.2633728493523	0.555481606632345
100130097	7.65418495768499	0.175706621145455
25909	12.4204074379686	0.375225738304063
57116	8.02105913490897	0.529676410760537
93474	8.96339593179689	0.259188652438401
79862	8.95022617618018	0.312753847059099
388759	7.62001944680049	0.177197251848369
7678	8.84343734860378	0.358833342579058
100500849	8.36399831188376	0.20466233217578
84838	10.7474991563	0.678860715286549
114548	7.57233140289056	0.211054014761209
80851	10.8067318685823	0.340482957852289
100422879	7.68478689013017	0.117112049968617
79894	10.5878161908775	0.335451896859142
55657	9.74217742319711	0.211128856792735
267002	8.90687564052851	0.247652813389418
347688	7.48097335429662	0.158916910054563
10771	11.6539763655483	0.414286394282189
22982	10.0172172960458	0.858817647992848
414235	8.05269335835068	1.20415058751285
23185	12.2302394615288	0.451808300244619
105376341	7.58249818765864	0.174916755775284
23560	11.9698033662446	0.527652531375176
91734	8.41998889126009	0.159492037836504
55853	7.76478335941584	0.159294001423788
3422	11.0149832943385	0.537124764231887
22884	9.97700798374554	0.301257716103603
105	7.56100537227404	0.289111424577394
101927824	7.85868994428754	0.169639753358789
5214	12.9456157533068	0.574785701783774
10531	11.6173341607871	0.69344072052516
100507034	7.91335937032884	0.134039975379695
105376501	7.43558268511052	0.276625161895272
1316	12.8268792734871	0.736849286132688
100216001	7.8986857058849	0.504647122202049
83592	8.85036837322045	0.698638723802903
389932	7.43048002043626	0.161532180632865
1645	9.71846757488385	2.32991711235044
1646	9.92348532095183	2.68417814142179
8644	9.73560661158985	1.78220482501354
1109	7.45772529098073	0.29732130897038
114131	7.68476296868717	0.91185073572183
79861	7.47587601481499	0.159030125542607
10276	12.3155015936361	0.953035001289401
51806	7.44948916829301	0.191140642674218
100132159	7.71410662238754	0.183351237022038
79754	10.201318865457	0.482076007217443
54906	12.096034033143	0.460433920892204
2665	12.7701556194298	0.356042276235662
54522	8.60153120675776	0.240727423924398
84893	11.2347900756541	0.436201605668162
3601	9.22428089170682	0.845994907324099
84991	11.3112129650875	0.367001225567281
5209	10.6323562692381	0.693651455711791
5588	7.97378049234298	0.707054943169325
439949	8.06624805996488	0.426597526565779
100507127	8.23424881254792	1.06178360085554
57713	8.60701277612327	1.15402842711629
3698	7.50287620909889	0.132402973396528
22944	9.42857839757897	0.26809540620598
509	12.5799969097265	0.430959680766462
83860	10.3654336129781	0.268837095423929
2625	10.1014956957857	1.83865279867817
105376502	7.80810204141951	0.273597895370275
399717	7.88029299202079	0.717823860712575
207107	8.26876692427344	1.60645899094855
10659	7.52790374010895	0.173013678822168
9712	10.8047635903798	0.466098277146166
79746	8.34276548810877	1.3708364156343
254427	10.0577446688583	1.78304401213088
219731	7.60172794770017	0.292912548076087
26019	11.4163591593124	0.288830834889207
55526	10.865591940371	0.641761964746548
55176	9.06475433301442	0.359086294939048
11164	11.2630794237231	0.311974413545417
8872	11.9639523837314	0.320497410658681
57118	9.20003549634437	1.18196175851008
83643	7.789236463828	0.442309279456789
10133	11.6472590448795	0.622383398016753
55388	10.4995777738637	0.519451584734199
5264	10.2049219365431	0.556577727953376
22929	11.6416005429439	0.289931883625408
222389	8.82993566906501	0.803847954734866
8559	9.69776099034524	0.248252115131741
55691	8.99249832750999	0.629557063533802
83641	10.9319687850435	1.11628801877228
441549	7.96334694709531	0.245586752576775
51182	10.9596249186237	0.373499265812164
79723	10.1313248412469	0.226104124899094
64421	9.89151109714539	0.39955134097634
644890	7.65770711320719	0.163675768533806
55301	7.56384393303308	0.213692451167318
414149	9.05436424809704	0.803251700215494
10557	9.89674695095779	0.248927114482814
9397	9.85628809723601	0.887059434322439
221061	9.6450632399358	1.19319864625726
80013	9.87829180633165	0.767606305267468
9317	10.0706056355115	0.607648523646079
389941	7.97431234220118	0.288616165139886
6251	10.9387130313679	0.589868156728828
8029	8.53533340645663	2.03322846226111
1787	8.60505148804673	0.583205332813423
100507347	7.7451920128001	0.283611456646106
7431	10.314380438481	3.51745803951833
338596	7.55375524638512	0.379023126263928
9200	9.61002752372731	0.590351091240209
102723166	7.65443831375173	0.145264119150761
8027	10.5424561594688	0.384574930185527
653567	7.6659161743993	0.121054672324898
4360	7.78307939711078	0.574274162543398
783	7.89427050012776	0.660638612276584
221078	9.25161769399143	0.56389292834499
221079	11.2478602833719	0.708655905632072
340895	7.53980621990256	0.45854463090956
84898	8.17128946047008	1.43508859101761
10529	9.87075370423602	0.954497820064737
100128511	7.60498332692616	0.125161287456341
399726	9.34712859237593	0.835671953012072
100302129	7.66863664558197	0.134478630119855
387640	8.3171974744149	0.576167530347937
8028	10.68858189897	0.392227542315239
64215	10.6870358651056	0.747404062457283
100130992	7.95567498415468	0.444767974601212
23412	9.01800921221808	0.581497111875489
648	9.33300305432191	0.670492133460941
100499489	8.27947851070821	0.480057125653595
5305	10.5325670189838	0.670982754616736
219681	7.71320479793553	0.326195718054443
22921	9.78060637701548	0.70573996073626
256815	7.66997400366454	0.342552711791756
220213	9.73784128915256	1.18789356633814
56243	10.2453000899689	1.08263537079369
57584	11.5933230783309	0.493641691524107
56952	9.38466359296758	0.957591723314083
219670	7.72621316038083	0.167797529297999
79896	9.31075791448072	0.487336531578064
57512	7.73019785332518	0.641572915766192
23590	9.1427974911624	0.467271148940937
10006	11.4392651373953	0.368585220893194
22852	9.6448930026781	0.385692202139933
10730	13.0774271780932	0.334208413819714
84930	10.6133663233143	0.407858639567931
91452	10.7872487538205	0.553512344641841
387646	8.16901581681437	0.411826559712338
22931	11.3426730139261	0.326751196965395
283078	7.55533214835521	0.248544177608094
55130	7.47837563235751	0.177484050294008
143098	9.427736115185	1.10019884619311
220906	9.69248663722338	0.244726326966747
51322	12.4795427304981	0.326342867887186
25805	8.82348281451519	0.98770588081238
102724316	9.43916893155845	0.311455216531569
6840	12.0203884032761	0.676126255439382
57608	10.2218119508534	1.40127783058782
55149	10.3543089622516	0.279223465785254
1326	8.88634098554374	0.883564727573862
645954	7.47588336277212	0.171178659994663
220929	8.53263271284687	0.178430435766229
220930	8.58580983375176	0.497767484956385
6935	9.26770948334736	1.1355279909783
94134	11.0262582666824	0.579806521120011
3799	13.5090246569025	0.468045519002179
80314	10.0629274327372	0.342668229831724
79741	8.32723039915056	0.175563645073916
3688	14.9926493119429	0.759108571989319
8829	11.3223216390742	1.38101925161373
56288	11.3990651460627	0.386452228275055
8453	11.1703514141299	0.329769464903187
1390	9.58595558392264	0.383606500951126
219771	11.5394705963166	0.383447760221832
8325	8.27909681807998	0.70824480308993
57209	9.16381785904738	0.332601135859569
219749	8.54896673993921	0.42144789991237
7581	10.093453268508	0.225489698412932
7587	10.1784758596331	0.435629203283764
158160	8.02661794752413	0.333481121725013
399744	8.30394436692318	0.444916657890928
441666	8.11514682526312	0.940023663990508
414194	7.48214339564775	0.384811133722427
84856	7.64796237617566	0.730770221569669
100129482	9.13332151844614	0.278349108690957
7582	9.62964337772472	0.389522444743623
9790	12.0721907811521	0.463443995000618
5979	8.69530824279538	2.02859279333355
55454	10.0843359559322	0.710021843869393
221002	8.16988077802818	0.887663551360773
53828	7.4885425344397	0.16793344714799
3185	13.600068513568	0.426087999335693
642819	8.05589760681626	0.31887628111277
8187	8.71991437109767	0.46131895552678
220992	8.28778908678184	0.390291775326793
7580	8.94250122061633	0.605875500929893
414208	7.59702155554615	0.157008342805687
10151	7.58375563826471	0.0935191982743352
6387	7.62353953558169	0.39175036087422
83937	8.15107456388801	0.625155904182767
11067	8.8562745450447	0.779012766630967
220979	8.03118888366887	0.384372392443123
7570	9.32457725032042	1.06060248937827
220972	8.94833438736789	0.593746595885365
93550	9.09544162793763	0.680061957579706
253725	10.9393514514047	0.738679636240273
119016	8.53597665514159	0.139486462000156
728407	8.39272838036961	0.0941792459711692
100287932	11.7101779259634	0.288342940105072
8031	12.4214414527451	0.462659068455095
4477	7.52748122916521	0.377621773108623
653268	7.71393005196255	0.199749333201762
105378577	7.44104751028765	0.181815861642599
728113	8.72042663016585	1.94527998326706
643650	7.89087407853857	0.584812834518236
728643	7.71697701610123	0.359893143444031
5540	7.62852116535052	0.238332408117301
9721	8.06986657965643	0.62580089553118
83849	7.76388513074663	0.363315739429892
414241	7.83423316799209	0.137495423375006
399761	8.13512517251883	0.103891530713583
26095	8.71656529361242	0.892328961207815
5949	7.62707741157309	0.284982077586012
118738	9.97096549788541	0.969998544589182
653145	9.16060017789115	2.06411426337621
642517	8.40441775774113	0.207247608796977
642826	8.18527221568328	0.153743911215319
439965	7.58231824460157	0.146935047069854
102724593	7.59000511638812	0.377293526099499
102724488	7.97881271600493	0.632561741801086
100996758	7.63968779072997	0.266119041746249
414224	7.863494196733	0.247801456314678
143162	7.47731975981964	0.212141526089295
5599	10.8217381941543	0.437976510268806
58504	7.77101429237058	0.235958403850244
170371	7.45151200866789	0.20287798230632
2074	9.86592003150789	0.543110934162075
6572	7.43316545036414	0.250714074562183
55753	8.46043070704943	1.00686229241004
8505	10.7251984404874	0.346311762835147
100652748	9.36048992222977	0.31056441839518
414189	8.80142080841216	0.223773738993948
100421577	7.7053661775132	0.213990554636096
387680	11.0583719520036	0.659584133863169
56624	8.23705519788219	0.424248226553575
259230	10.1201744079846	0.483444575197493
104355295	8.02072809827881	0.217379244732811
653308	9.00899744411818	0.526792943857648
29974	8.03215870474173	1.58275266683395
5592	7.97597183903822	0.592788917990534
23283	10.8341237132318	0.414839760337723
100506939	7.71941675129047	0.248170619787228
22943	11.0767812043337	1.40830052185956
101928687	7.81428294599187	0.670736318303264
65217	7.56824667619929	0.187214702871809
11130	12.0181738181408	0.51607670636115
253430	10.0355273567308	0.607254504371102
55847	10.6777896892421	0.527130188054288
7321	10.0696230536029	0.383595911688715
7019	11.8372885799031	0.394099534409536
80114	8.02544488090772	0.659739106742206
84457	7.45562224045784	0.144269060347913
220965	7.52479856202101	0.361922043490229
220963	8.41884301241573	0.867952264026871
8030	12.3620805248364	0.484528368689983
288	9.76217356181214	1.08918637991805
983	12.14063699233	0.538067160670415
9886	8.36452214379906	0.864439140692356
219623	7.50565735296242	0.436279410567184
219621	7.44238341997932	0.29404319702765
84159	9.55873102865117	1.35687364246972
219790	10.1377210037592	1.28082262561872
22891	8.48311101778146	1.04282585014559
84890	10.7679934886684	0.363681863474253
1959	8.71065247161172	0.942803615876582
29982	10.1693528610341	0.309411534294518
221037	11.622015441628	0.481707655942741
84989	8.12273161638701	0.209685793003459
221035	12.3141199519605	0.636449925126409
101928913	7.7724880279786	0.410539744447753
29119	7.49149445079816	0.142290059774335
56521	8.2965841423222	1.67398239405257
23411	10.4853907362318	0.536290652492972
26091	11.8693838348296	0.498693705391858
84665	8.94328013682765	1.37946019522438
220202	7.63639119810032	0.141762943113696
64081	8.84736486030859	0.545609183757965
3189	12.52696488961	0.329958017071577
55680	9.73551994184951	0.530698846111541
1763	10.2904515084416	0.356558167526079
8034	9.38464591705336	0.355377750004406
80312	8.42427041783584	0.695562286164824
55749	12.3950016644182	0.214871359372395
100302273	7.65825665845285	0.12280032793266
219736	8.28751924229732	0.536387061060622
79009	11.0012717034337	0.273766594282673
9188	13.6914553349521	0.734651455114981
26128	11.1718328948824	0.424145254426472
5552	8.68095333018818	1.83149864337049
9559	12.3902995002445	0.419244559769291
6832	10.7637448177566	0.379382952541355
101928994	7.8515650967303	0.464601473718488
80201	9.25213730778334	1.26559180536811
3098	12.1110459511307	0.504260567440638
6865	7.76397678721877	0.223219804023299
23555	11.6239067754476	1.00327302581439
219738	9.35352371460684	0.514717292832377
1305	7.98050917182969	0.641002035795661
55506	9.9406275109724	1.06222636253391
84883	11.3212933501851	0.792924995832106
219743	10.7656552901915	0.665256429306154
56681	12.5850466506336	0.670142374696094
5464	12.7485361052235	0.517749661952723
55222	9.89341784579169	0.773935627133784
1979	12.923940993006	0.20248474690619
4838	7.529465222266	0.157579721093211
27143	8.47816156531618	1.21941941588757
140766	7.77264057408655	0.447097492246374
8879	11.9912876339066	0.93647130759438
5092	11.5246942240139	0.57417658213548
219699	9.93702876450963	2.36032295274215
728978	8.08704305064931	0.966051555748159
55315	9.6719104587075	0.687177945731492
64072	8.00933180723259	0.609060126592437
414152	7.49849642679427	0.155255202453482
64115	10.6629061379174	1.60522325005443
5660	15.338453531049	0.605534555903229
9469	10.2447104953146	1.40577292652578
9806	8.60453939063476	1.02191632120439
51008	10.9463817955004	0.555804654971528
119504	11.6824883626704	0.560636961612476
54541	13.0426396989269	1.09631590322433
54788	11.5694167317536	0.574890277718088
10367	11.4616442691099	0.346873275384241
90550	11.2841053293795	0.385826639863151
170392	7.46101339468504	0.134896910094775
5033	11.4147254966421	0.381831455973379
25961	8.67544065788539	0.239937135247212
11319	10.9815151103446	0.386715147835214
317662	9.75896951671039	0.39052138722655
23234	11.4926289080456	0.507567346107043
414245	7.9834170625555	0.160094502504685
51021	12.4089586189165	0.406998242521251
118491	8.14377904069873	0.208399561864431
310	12.3875485911278	0.498330720576438
118490	7.83528165148593	0.0723120322339533
5532	10.8001629374757	0.350224194276244
159195	10.5380941560512	0.533776508625064
79933	7.53854536334744	0.28450228805295
729092	8.26904820862665	0.200418562283986
729096	8.37704551651013	0.212273412123263
2749	8.20905184287627	0.185763578962176
9632	12.6418127135526	0.500596198636901
170384	9.87317640989782	0.829052988928577
118487	10.817510994469	0.243737207612514
23053	10.8817415547934	0.75723115539192
8509	10.1389921798562	0.451730229968464
818	11.1981921003813	0.612076943472042
5328	11.5776716052052	1.57050498657118
414236	7.96676481397067	0.318892913282746
7414	13.1553756695176	1.01481841427031
26985	11.6602474284757	0.339737694062806
132	11.447401887903	0.535255392647798
102723439	7.62719229889995	0.0973308022794008
23522	10.7994738372841	0.367960511192596
51207	7.80824946062606	0.383767192345195
142891	11.2130607969297	0.401066155007489
7417	12.7484603479122	0.45028226716145
118881	9.80885723355644	0.651386684792527
84858	10.3744678351431	1.34965252185618
253264	7.5783058119149	0.220292206374315
100131213	8.83877504672973	0.494723971883503
101929234	7.70796932717032	0.164381090054087
83938	7.86534794374103	0.558803609916822
3778	9.11579653819963	1.86006073055075
11128	11.0509734268008	0.454083913715699
6229	14.9193673697085	0.322099065799365
283050	7.58981613351805	0.15213858790061
57178	10.9990166521877	0.86974813043101
10105	11.9571413411729	0.66560176232429
219654	9.15588792661609	0.852141004283129
143244	9.16531670813816	0.320812365204761
729238	7.4471081199576	0.231464387716806
653509	7.43884193014214	0.174244164446198
650623	8.60464999369037	0.366833281216616
101060691	9.1256323993757	0.288990202590857
729262	7.76662301159945	0.153865566102012
642361	8.53217113883717	0.201837555880603
6441	7.59146316991167	0.244714626196787
219347	7.77743909790957	0.264054789377535
80195	9.59086004536008	0.303448760482721
219348	7.65757945912403	0.13735967557535
311	13.4305380570718	0.598217740042773
439990	9.55902198830671	0.909570923116237
4143	7.64496337138665	0.299536082044405
84293	11.2863613985173	0.852323288982796
81619	11.7622466243611	0.839847898330421
101929574	7.71636578177473	0.20187347792959
102723703	7.62977590573904	0.15742933225594
10718	7.51766894349687	0.42720777985324
27069	13.5351929889802	0.366355917321215
5995	7.45675997208676	0.313328100395195
170425	7.41516301626394	0.20056070648727
54462	11.0832101863972	0.665531797650573
2894	8.54180498029716	1.10840248682353
23063	12.1836154007793	0.288998399023738
11155	7.99706116180513	0.251494286258908
657	10.8190427116823	0.401017675242494
79812	8.72702001122271	0.896219186002725
6623	10.1747476427561	1.77481877568393
10974	10.7367617241424	1.79814135789157
119385	7.80478512058169	0.270438827206409
643161	7.77374516785507	0.390891678103353
2746	12.7374827286146	0.545076648730974
54537	10.3192272546003	0.550566768678102
728118	7.9009021877918	0.192577850472556
728190	9.36411464141878	0.277313001239349
439994	8.68872708449602	0.146773787699074
728130	7.8679800331229	0.229944052494724
728218	7.41172080853953	0.190980169037823
9562	10.4037260084712	0.552262558741898
9060	9.93832129407598	1.02343177297106
84896	11.6511125716522	0.489715634790727
142913	7.74450809735154	0.0995823815385129
100144748	8.23584734721988	0.261970530253794
5728	11.8789759896552	0.547664180821136
55328	8.84020601633908	0.730437080558149
142910	7.76838348599509	0.231065098374365
643414	7.73032512446339	0.487238380855707
118932	9.40295711152056	1.2518374276651
57559	9.89843895922988	0.844136523164083
59	7.99344996724671	0.211268282541112
355	9.3735436036244	0.660914608454108
9023	7.62471088517589	0.322688930646418
3988	12.9628855202898	0.649518005581894
3433	11.350978164503	1.72979012918406
3437	11.337415282724	2.2774474561361
3434	11.6735769547181	1.67753956129328
24138	10.5975845409943	0.591116139527263
387700	7.70455412950551	0.417220393620736
53354	10.0300561302308	0.254113929666669
283011	7.90577259940418	0.198673164118295
9585	11.7399787593134	0.526064411541393
105378423	7.75865903915613	0.0757911840603894
643529	7.66723610467162	0.482425150968264
3363	7.98229827904718	0.443932524324165
10556	10.5120130485532	0.371314705885433
27063	9.22058465415922	1.5653684742236
84333	10.9374886335814	1.02013847029576
100188947	7.46695414899971	0.177373292845596
143279	9.07036621878539	0.345624755638098
5507	8.3287527553406	0.92690446840036
100507633	7.71338417200222	0.100203448166649
80351	12.1887590869957	0.37323036692863
143282	8.52365003580719	0.664137889076182
9044	11.4211642892614	0.329909534794303
22849	9.37466010074456	0.678916146682826
54708	11.4614723848745	0.471942717118893
100507674	7.60574880758367	0.13674289673246
3416	11.7102197036675	0.380863699792498
3832	12.025227804479	0.467435991102972
3087	9.08554379613249	0.680771563998217
54536	10.3090448220036	0.475152017810088
340665	7.45113174478455	0.264093111155733
1592	7.85365995816864	0.4607264349417
26509	14.3531738509799	1.31354481736054
55165	12.4006207217626	0.509850510348996
338557	8.93148722305026	1.23779455086222
5950	8.28424720033203	0.666941013990355
118924	10.3298655918001	0.471061828905925
159371	9.67687808227513	0.3957823164169
266971	8.06252723277915	0.117229679598468
51196	9.4125212061282	1.64365795819385
64318	10.7433892711771	0.526991217561642
23232	9.62538153060997	0.380828632406086
3070	10.8332887903435	0.379169272948503
1562	7.57361110324642	0.281354934399847
1559	7.42917412478704	0.197131230485912
1558	7.44395860672713	0.212154539903932
142827	7.48452201053336	0.151984078252556
9124	12.0521383449769	1.51814713846451
10580	9.39393587656778	1.48822591498824
5832	11.7767395699327	0.404414687033144
26123	10.9433771669749	0.368656473983471
953	10.0303885906267	0.720778318019662
728558	7.70396040569669	0.087185336210739
100127889	7.78124569006093	0.17647371699562
54619	9.96599330309134	0.642685013995511
9849	10.9296955909447	0.56656301785941
29760	7.81345565549688	0.368069089540389
7093	7.82987873262389	0.24011148994958
56889	13.8361587939658	0.41746425802914
118788	9.13375478384964	1.55555791453034
728658	11.53964836423	0.416444380466454
102723665	8.01246266832301	0.149706697493685
84458	10.7789089765519	0.690291934550892
26148	9.81642069739161	0.366909417134915
6585	8.11915739252855	0.78625374983503
84986	10.0679308907103	0.676906304529322
10023	8.59771462271777	0.671639469299773
23401	9.76146185521174	0.73877047492769
23223	11.5079908893529	0.564748170754087
644215	7.68962565038616	0.111326939875232
5223	13.7961848633353	0.322430032460088
51013	10.4791322385944	0.227608081523987
84287	11.0397202794828	0.293430824558188
64210	11.1517489730574	0.377549270638351
80019	10.1920621980137	0.58739336180297
26287	8.15732955014121	0.97874019119801
112817	7.80356366831647	0.489978236087268
118812	9.05850549871912	0.397239301859633
55361	11.0182689790025	0.587707684943865
60370	10.0612253480467	0.649608985991526
83742	11.217273397279	0.614221865976124
118813	10.3431960553836	0.351063272532352
6425	7.85958966522681	0.760399952476423
100505561	7.6747684299856	0.33708481553413
401647	9.29660772539985	1.36725926888078
55118	7.54367395084803	0.198518199142111
27291	9.72758044693438	0.210309062365259
84171	10.0502373262593	1.96909682431232
84795	8.69870763317227	0.828370034461692
3257	10.5948006418614	0.68674243851592
60495	7.45445013885148	0.245683819661288
26507	9.98304742966538	1.10787544235415
2805	11.8994553612865	0.456193453210515
159296	7.45842241995422	0.178075313815418
81894	10.1271757513765	0.373293386809846
57089	10.3952011458792	0.449450857501374
1355	11.4723162363037	0.39907935395644
51076	9.63996257901512	0.355127701872653
1244	9.11779619496292	1.83014137349162
23268	10.9838478420302	0.688791834841641
100188954	7.56580621897106	0.223534794308057
10613	12.0481382070672	0.49936463488761
1147	11.0676928400699	0.540244657117048
55280	10.5112414416423	0.294197212650079
282991	10.8949346009144	0.230772450925247
9033	7.53700531239447	0.132017406048487
6319	16.1294377283434	0.461739983542073
90271	9.11700725808935	0.535332721622767
25956	8.12855401656664	0.299093668516359
4714	12.3908701899561	0.249357619552341
55662	12.1123267654463	0.509187225415637
5076	8.09479660195265	1.44702582544742
55719	11.1097844463203	0.327361944769964
57715	9.0722516804979	0.647706386276448
84545	11.1941943471615	0.291918011689227
56652	10.8827843312596	0.3926030211344
84445	10.7303506712241	0.494690007150981
79955	8.12954451390579	0.456863879947917
81855	10.2351282763473	0.981398324140497
81621	9.47664204250145	0.777812598785522
10660	7.49417044725639	0.245913947154462
399806	7.45187596059306	0.267289253338578
8945	10.3876112754863	0.592869964067509
27343	10.0641332876442	0.192240944715911
25911	9.76031763411845	0.291749460367663
6468	10.9726776436259	0.413329755830557
10360	11.1451964944399	0.424335633496675
10724	12.3286695941408	0.579839463793291
30819	7.75038961290903	0.092058235860565
79591	10.6118104174193	0.42316290801364
79803	10.1099619581011	0.456246146943067
8861	11.4120565011451	0.435597311941411
23082	11.6390614536899	0.411549644895414
9221	13.0016449649577	0.516987560882355
83401	7.90820171062107	0.352979772381141
5309	7.53862729556117	0.199448534583874
8729	12.3748942259515	0.458838760196188
4791	11.6817130380619	0.747420125706415
5662	8.29567698954424	1.00669087001938
79176	9.98841827999028	0.706524388680103
79004	10.8718385397282	0.442199276200925
100505761	8.82172754295994	0.69429398712522
79946	8.06012104688659	0.32331892083079
79847	9.85737876392509	0.360640861218252
10121	11.8175588955978	0.333081110302873
51684	9.94755041816457	0.43561549861136
81603	12.1295985980654	1.04790559935686
403	10.7128868722997	0.533776015191304
118980	9.42921307716399	0.472191834703905
54838	11.6668127348805	0.871649912143281
119032	9.34689668969792	0.451784845914019
54805	9.91494919522253	0.607644639801691
22978	12.1071271577243	0.6245307527924
729020	7.6058057246956	0.0712541472868097
9118	7.61269909579306	0.119931788785961
84108	9.74527731979192	0.377437366906761
6877	9.71740273250394	0.394850678896463
84833	12.2135256539809	0.420936916196863
22984	12.0370476989584	0.601022199945612
51063	8.7020247268413	0.321662079354461
255022	7.66176132442655	0.55378013682773
119395	8.13849347504303	1.12435783939921
9148	8.55773326366639	1.73691912836159
9644	10.2606293547323	1.34675471192552
100505839	7.90747500865093	0.514375265260591
79991	10.3299177793194	0.295217516453974
9748	12.6826359483597	0.539148896950544
1308	10.7537879722332	2.37710212525238
119392	9.70811172555587	0.479723829200805
80217	7.8691647340903	0.25312075118973
9446	11.9990037777543	0.393921649542182
119391	10.1552449886867	0.992217408366556
85450	9.93286698141588	1.18516228558208
159686	7.74161434969324	0.339352505041497
100505869	7.48232064290268	0.149814116544929
114815	7.72837022327964	0.888953502940815
7511	11.2114387525555	0.348852944132243
120	11.1736226104898	0.995991681089809
4601	9.67976738452104	0.619987612890131
10285	11.0745898643767	0.258191708717064
1847	11.4656362077318	1.74657327481581
9126	12.4437894287041	0.433330193911174
282996	8.14809023520708	1.1723273718531
282997	8.07247905704841	0.213837308471756
27250	11.4057851779352	0.964777878077157
92482	9.60111692449976	0.469308150511612
8036	10.9711453570623	0.468954792391763
57678	10.14821622939	0.287743162542905
6975	7.44566507428301	0.281085845692949
51703	9.54531214843982	1.7075909061141
64429	11.0587302208426	0.491110555562629
143187	10.80172068662	0.338584870057178
6934	10.9030859919533	0.752794943656955
840	10.9582133489688	0.541584208079052
79949	7.89505737809387	0.949858723827747
9937	10.2622265569684	0.512124797741444
374354	10.3423965743381	0.520755744006201
153	8.34363018738316	0.773149594433297
55088	10.8369852841485	0.515156083861457
340706	8.1952190306259	0.722633210684453
84632	10.2355222961434	1.92026283124232
3983	12.5196802101237	1.07417214328649
57700	10.4577328604205	0.654373336660721
142940	10.752163102886	0.342026241815958
26033	7.94507459430062	0.836634960673574
259217	8.30451491348541	0.614056169248911
387712	7.74301113867402	0.100266824854238
57698	11.3547460924078	0.801213972851467
11023	7.74013302154498	0.621217615412434
6571	9.16960119509973	0.388363754072469
118987	11.542630650008	0.512821611516897
2018	7.55860266045048	0.407558453533566
22841	10.2915912275104	0.439812555879329
255082	7.93806095577439	0.263924304851794
63877	10.710912787714	0.382165549948474
143384	11.7243803796916	0.381209804503099
340719	9.74971597538443	1.03052469286705
8661	14.4378032266556	0.408384768042571
404636	10.369600464335	0.491627856691177
119559	10.3696841134381	0.516990842449648
10935	13.1326718996862	0.223426722982772
105378579	7.73548404614704	0.174514782524926
2869	9.73491293813477	0.843644356660756
105378510	7.82872624438255	0.168095389834102
6001	9.61472646798346	0.693331890979782
7073	12.1572063910092	0.25266036639816
9531	11.9015097443694	0.480351186813971
22876	10.2189993254644	0.375516743649034
79892	12.0247556819738	0.357209211649993
11196	11.9554201856457	0.426029394665012
55717	10.9973481139226	0.527639407779775
2263	8.86796532874944	1.40506536967586
11101	10.4696716963904	0.626444167149692
100130887	7.6442508444084	0.235435271966658
54780	10.3016306877182	0.485028522219808
10579	10.6939113715576	1.07080849616933
118663	8.18899245300525	1.2374198442459
59338	11.1942659365238	0.800400121181273
5654	9.59828712745266	1.1334384688294
1755	8.48534210312261	1.21451857138564
196792	8.26975812098515	0.229822675199206
399815	8.60936984842976	0.322220438491524
80007	9.55454713165658	0.41876703575429
118672	8.68503934683526	0.399051053478543
64376	9.77230015375843	0.301109190941091
36	10.2129685395632	0.815178317922606
340784	7.62505886944308	0.751063832077278
3167	7.75656527613148	0.645770968932204
9184	12.6477423243469	0.386881229206338
51363	9.91924280513057	1.06176011334263
4942	11.7267408344662	0.836960877651238
390010	7.48207576237855	0.211840096006732
64077	9.3754646093462	0.735283849806234
9679	10.8495361299706	0.590461968940086
101927944	7.42243981753098	0.199225295032861
399818	9.74255248434983	0.580997912367306
23172	10.3469709251316	0.261942603624275
54764	11.2445035065125	0.33571221182317
1488	12.1944436895324	0.492686724587221
387718	7.40176448230448	0.144179529108601
399821	7.64051992294227	0.114363626314956
26098	10.4740461139347	0.298980469307995
7390	10.6639491132275	0.451316850781296
56647	11.8750632550064	0.427207551572862
55760	11.0172906193307	0.636532030481751
92565	9.48053922398292	0.49161862488406
8038	7.57284698246834	0.238708089471326
118611	7.46138663842773	0.214429968933585
1793	11.4593234778759	0.518114636176591
642938	7.52561405200054	0.129360832387454
119467	7.61306288694998	0.55920676100616
5791	9.50440291415423	1.06255050510889
4288	14.2019366394629	0.485314714959526
101927381	7.42027059702069	0.211936297038864
4255	9.7611347424217	1.01778479371212
105378559	7.507402024558	0.157823612649639
253738	7.5995816589282	0.209636417856853
387723	8.11223608102042	0.228005504128545
119437	7.60008469174936	0.11594952032024
10539	12.6843718211811	0.304239631340715
55844	10.539458145423	0.226759031206218
664	9.30113365723624	1.61971556616567
282973	8.25064273391436	0.370163578769529
10570	7.9161587899199	0.693796458645783
282974	9.89029984128522	0.401461627094359
80313	8.69723194180333	0.457198073967427
170394	10.6930651089161	0.685151530840959
170393	8.09666641479896	0.401556623509743
3632	10.3964435770755	0.592051300981439
84504	7.52937228241492	0.470755351848707
54777	7.665203128937	0.272304975415724
101927590	7.42872596824365	0.216666214058663
399829	7.45013704866168	0.163805403989423
85442	8.21586844377174	0.740792853759762
101	9.2423092588147	1.26547670609127
10844	11.6584511950135	0.255833800099176
118472	10.4470616907888	0.643099977884925
50632	7.58604359920116	0.284552034678404
118471	7.5738803551785	0.191377444413868
282969	8.77798204128242	0.656842163589689
1892	12.4781563543051	0.346514542725326
196743	8.45469165044226	0.622915716753653
92170	10.3293598854063	0.458994857593637
503542	8.78923256115179	0.193133152303023
619207	7.91630161834681	0.241659196276103
1571	7.68727044044229	0.249742606735829
399833	7.62220149627946	0.111296312562384
51272	11.0122293068694	0.60732317953941
60626	12.1553175305164	0.615440995197498
23410	9.61144870943102	0.52032471602617
5719	12.4206081889661	0.477753169100517
171389	7.53060673090163	0.285966621376269
80162	9.19026409398319	0.723361272271006
10581	10.4138939587145	1.92194091556735
8519	10.6719068795058	2.13593835871386
10410	12.4123849184245	2.37747532438276
338707	9.37752809635184	1.68034029577706
11187	12.0462872165691	0.976533222340463
59307	10.3225654986422	0.931958998547586
338440	8.85352031841273	0.65802642211612
81490	9.38185880113066	0.435144931421152
6050	9.0317323197608	0.819125223545114
115399	8.0586440326142	0.502737822973694
3265	8.55406949431061	0.792327430828988
256329	7.77236923803899	0.33454821073427
8045	9.40615932399561	0.801274944067765
100506211	7.69310942684699	0.342869977649472
57661	8.06247182223699	0.475656327652379
3665	7.65268900246276	0.226417991561193
10522	10.1711871193619	0.468218654014364
283232	9.53203665970485	0.352547393822482
64787	12.2777297120254	1.10501980699196
6888	12.5968820852078	0.394550841984541
347862	10.8617608930655	0.720596725310272
171391	8.68192125096024	0.404086286848335
105369190	8.37778873677682	0.380809951599613
51286	8.22140704851175	1.02612889317491
79751	11.052395298516	0.650994195847397
101927423	7.89727917541595	0.196289083721815
55367	9.72810310276929	0.364106197632445
6181	14.8593266944342	0.261063711000038
619565	7.76499801136888	0.164974316476096
57104	11.9891053666965	0.664681455822868
283229	10.0595260413098	1.13908890423888
977	13.1744310805361	0.50009759109603
5441	12.8565828150922	0.328731763299275
7106	10.7155912886209	1.07671585799536
66005	11.627550585369	0.462593524756258
161	9.88138753987927	0.525164907705045
4583	7.68064592544246	0.496991886933089
4586	8.99516299470396	2.12805959764821
727897	8.31430573973631	1.29263057125096
54472	11.3976424202331	0.75584772769158
255512	8.05834790801756	0.201418484788056
9024	9.08764475427979	1.26530107192552
81532	10.1406499609057	0.413359742931251
402778	9.26008241588386	0.935129879164655
1509	15.5788604116584	1.27892625840341
90019	8.78483543819645	1.35435808124623
7136	7.87643398569413	0.618928431008663
4046	7.64108938580289	0.273167191372815
7140	7.48199689638376	0.188130951900713
6150	9.81683798391088	0.451807356784214
100133545	7.5059236460627	0.200596911565843
283120	8.87125057635771	1.63368041986673
3481	8.61170178079071	1.59882405521444
51214	7.61642277233496	0.453070212433003
7054	8.09171087621775	0.612651178429408
430	7.52042527580917	0.240621724652933
101927682	7.55774528623007	0.107671473795732
975	11.6024335093148	1.64507902268498
10078	11.2452848130745	0.654235507744974
3784	7.83338821485478	0.427902903365986
10984	8.36904202743206	0.260652935120293
1028	7.62679842033072	0.234078074923328
5003	7.73324661214216	0.256275531326271
5002	8.26997399636258	0.367878081682583
7262	7.54632932044835	0.154639310704371
4676	9.56839330910437	0.786493819010216
833	9.36393691685396	0.818706958064759
114879	9.75094082928763	0.739159682040551
7748	10.0902066900692	0.650813159212254
105376526	7.87027512879202	0.452961525353713
116969	7.59342583707514	0.606360090343348
57053	7.97866292200569	0.198371026250705
4928	12.6895821308764	0.523852224292452
27315	10.411587936803	0.510672521838074
391	10.6078775285496	0.591357834971337
6786	11.1363809680567	0.849756145557955
6240	12.5799854058929	0.48939447551333
6737	9.86456028277424	0.739907210870676
55128	9.67674092680451	0.602759709716117
143503	8.17743859992559	2.12512021918602
81285	7.45457119058364	0.335646666132903
3043	7.83453645219527	1.14521142682522
3048	7.38619120556458	0.140731213797316
143630	7.50345586628164	0.153782056552625
117854	8.62794143637898	1.19246228791948
85363	10.5726998581011	0.750459676716986
10346	8.66357645999498	1.5632812472144
160298	7.61097575949098	0.0948693148872346
84067	10.1492828762073	0.443431625954968
1262	7.60313164866746	0.214728802338364
112464	8.87011129172464	1.27304411938124
6609	10.121820756565	0.865718284616858
322	8.60529121892211	0.89732455856447
10612	9.00641956115801	0.551141196204504
23647	11.5988276198405	0.556726914187832
26515	10.3842902234775	0.446385590518629
144132	8.79646172280958	0.418787621454769
23378	9.53065771764367	0.327886184617994
3611	11.535558778571	0.347451818205343
6881	11.7960048082347	0.666197164220689
1200	12.2248181458811	0.981547801899931
8642	7.96347196766576	0.459360824290123
63875	11.4225068794106	0.48948243886005
387751	7.58931244182354	0.210742581515483
338755	7.54033005619907	0.162156973017564
7762	8.50182309543575	0.774838618001994
7761	8.05673315151284	0.558096792145281
338323	7.50757293308569	0.143795045645066
143425	7.71953611665315	0.802174889920888
100506258	7.47811494879	0.138581600714545
8495	9.47641866523435	0.839108076489175
51700	8.60329320805839	1.40351747183385
341277	7.4531732300589	0.24095900874586
8665	12.2747970938535	0.542178195469476
7275	8.07316045536627	0.965523651592315
79608	7.44617980152939	0.154032788207452
65975	7.94395214854611	0.716615394714263
9866	9.10822590458583	0.525246490105218
6157	15.1515376041353	0.369207636228818
619562	7.97998642812035	0.190649569018793
677826	7.68075141384623	0.136026907599258
6764	10.1158214892195	0.698866320982595
56672	10.5516547733543	0.450803667350808
56673	7.59722453610014	0.084835489926902
56674	11.2161283023319	0.601799467527106
493900	7.86706041253511	0.389786177247015
56675	8.49258740868284	1.28192643446156
57758	7.7210888500987	0.276399619693685
23258	10.9230776832981	0.710132497661792
440026	11.5477561948712	0.460764207662718
10527	13.9058346203022	0.381306924776804
677808	7.62042404458011	0.0888640557924474
644656	7.96922972478001	0.195632540993187
7702	10.2947397151607	0.643855754774076
7465	11.4091947022944	0.607547522922406
23075	11.2306484263993	0.877302916635897
440028	8.15551836045135	0.44148302711613
283104	8.75778240005097	0.37846317207109
81846	10.8760837367615	0.507608300161546
105376544	7.94264142944683	0.300717533346711
133	10.4485623405443	1.41381689254099
100130460	7.52877498742474	0.113883148989276
272	9.38850285059259	0.848570414670881
100463486	7.59799734227314	0.14298183291241
50862	11.0977217165823	0.423998435056938
100129827	7.5287438788231	0.115385939035497
10335	7.6499787129574	0.246376813655031
9646	12.0485637801623	0.558846278054556
1982	15.5386412291365	0.585255167253241
101928053	7.84770040430546	0.259437750374248
58486	10.3025347140153	0.55785666899869
729013	8.88779874741711	0.186131412729979
374378	9.08055914680724	1.18721239579381
283106	9.86253660454756	0.164832501540311
55031	11.6033130063005	0.362702879377576
27122	8.81004865517886	1.47838873518568
9645	11.4611750872412	0.925259011282847
84953	8.22636674299237	0.560129195355938
55742	10.8340321039195	0.570560581000572
7003	12.1700332330293	0.684338411514699
644943	7.82328911269377	0.740991650402621
406	9.81293401255017	0.777521952785904
84280	11.0558125676577	0.527297419556686
84188	11.7125097651402	0.65422803633113
101928132	7.54678835413833	0.41829570986865
10418	8.35521943766218	1.10829851446236
22800	11.3528649514352	0.539054426516136
1315	12.6837653563668	0.384894968969066
5682	12.4608771000703	0.402612341739714
5140	8.95237453505018	1.48259638033873
120227	9.27081748397392	0.467856904810112
796	8.61316357135996	2.88228651640472
797	7.8631476152545	1.27664642182316
387755	7.70787813954632	0.418382149780071
55553	8.18269038837448	0.949373525648643
10944	12.7645732363998	0.311525267674665
144100	10.7112889880934	1.41688520246579
10819	8.29409724472548	0.47237684526671
6207	13.8298082725816	0.257068042300743
26822	7.69732226247821	0.115607765475863
85388	7.67972497748393	0.122608679675522
5286	11.8058263807389	0.370222753114311
4925	11.4781539284742	0.774132928672402
374383	9.7774979822401	1.18710196565051
3767	8.36674233548821	1.25834002312394
6833	7.90779681366682	1.1934471833306
10083	8.0679577469183	1.19781493706275
3746	7.94971407470293	0.677754189382087
26297	9.5336154292659	0.642736232200471
7166	7.79942823158295	0.929327564439093
113174	9.98586924937035	0.564128374482114
6289	7.62943668045021	0.426279920567526
6288	7.90565077805029	0.817463096578222
11234	10.6987491807909	0.430124916502047
2965	11.2527583584609	0.425523937628308
3939	14.8679824924527	0.328451077308661
3948	7.5495647785695	0.256084468977709
7251	11.4288518798152	0.576139871207112
55293	10.5526086794816	0.418551702789069
100506540	7.72047113768365	0.119429432626523
144108	11.0030769800824	0.517478854745214
144110	8.17017015023172	0.423208030884098
283284	7.63981111108232	0.289429369548878
117194	7.43564110168621	0.173159462445265
54503	10.4973707318153	0.781898300871099
79733	9.73578009809767	0.606751218349018
89797	10.4012145629074	1.74320725681618
100126784	8.17563774474463	0.768309716579393
10553	12.1828114682743	0.622547628370967
10196	10.6905341551601	0.580188260669833
4745	7.43463364983808	0.198756902071846
203859	8.20949417597331	1.10522830898238
2188	9.84785711983298	0.534611356702949
2620	7.74677772444301	0.23962768312676
258010	10.6541599450069	1.45866071298887
338645	8.03499107917012	0.631266051098034
103695435	7.92523135020102	0.591717947974093
91057	10.7286876426773	0.754842759357492
55366	10.7333378210019	1.63480257136298
55327	10.8401496245528	0.52590970798658
497258	7.75346554047668	0.196385779534341
627	9.31531918621898	1.45085976928768
81930	10.8203144421133	0.546568657778208
196074	10.0800110610209	0.284174914658316
3739	7.50614563315871	0.464655594149304
120534	9.93495295511707	0.326613251869001
744	7.48984190139385	0.301464011637368
120526	9.65782884477224	0.334125070125427
196294	9.06933999832305	0.342980173480446
26610	10.0153886380033	0.193665610766987
5080	8.86767468145754	0.852250219018914
5954	12.9809191028833	0.99595133706001
7490	7.96435689678052	0.97175553563642
51352	7.7287902938114	0.637703024753976
10480	12.3859495504708	0.384579718374856
493860	7.66847539991922	0.130058999431902
79056	10.6527246298923	0.946025520813295
79832	11.6642575342798	0.422694409707583
91614	8.10108817534163	0.564211152530707
55346	9.5684985363521	0.7012359004129
283267	9.16844025928833	0.630725690492857
1479	11.0572766779907	0.398488076019245
338739	7.70885797096839	0.238296441157113
10114	11.063802285273	1.14255364471117
25758	9.07863278141853	1.28803056778647
100131378	7.87372234158655	0.306677630023665
966	13.2771994080606	1.20654012027106
26273	10.3987599548452	0.417464478829245
4005	8.03792536548345	0.587950680525085
4076	13.9034017699738	0.165040378322782
55226	11.7869931340644	0.300343282083637
25841	10.5925741101488	0.524687741316919
847	10.9314595299727	0.751790743217485
2001	8.40663326948499	1.57721519490438
26298	11.6126883110169	2.47896015910401
51074	10.3219682913006	0.460021295328398
8050	11.4027433296027	0.57371002052519
100507144	7.66931613555368	0.278122509151343
960	13.1339298955886	2.18423343457855
6506	7.55821353389983	0.236487448413579
24147	10.3568433233142	0.964520441042001
54765	12.8329042672145	0.638654402098848
143458	10.255919709299	0.770851990689526
29099	10.2791429420689	0.263510570688591
79899	7.92466900065387	0.496338499221094
7189	9.55250621892725	0.36434959739124
5896	7.75812804270584	0.151063852036898
119710	8.81197136551135	0.262267151655423
57689	7.52218217560031	0.25693728660915
8539	12.1465261509333	0.481984372302145
55761	11.6618708775731	0.668355043337056
51144	12.4606769928453	0.314522258719433
221120	9.67036185036097	0.699765643004212
729799	7.78889698068661	0.156353070251323
100507300	7.58509873767743	0.107349098966
387763	7.79018798357051	0.371453640147277
84680	8.51250581772189	0.417757199614859
2132	11.6516336734066	0.700937402552389
60529	7.88093066879466	0.875990188974432
3732	10.3827064043134	2.04056295416869
90139	8.04159721105064	0.939030078273986
9537	9.89665139234444	1.80307808978461
56981	9.182860745738	0.529779410068311
57586	8.98274409135783	2.5547731590044
101928812	7.41922233991428	0.230684694709516
8534	7.49196450184418	0.221068838381771
55343	10.8499657547452	0.783709032032886
1408	9.71158122515506	0.425352997448986
9479	9.73735798007418	1.32999462054358
143678	7.59119809345247	0.145983757727278
9409	10.1995069211435	0.412002961160672
120071	9.15280076586503	1.66970333232196
51317	10.8168649209822	0.609163548053749
90993	9.31005865636688	1.17374851440744
8525	11.6467957999985	0.462375996372192
4192	11.7857058686602	1.84870996807119
1132	8.28302757378744	0.711096872658675
55626	10.7202142706022	0.379992963172192
283254	8.70702373072159	0.219614590548226
9776	11.5801789940754	0.396317656965459
392	11.314274157139	0.410225042077929
79797	9.78008930972548	0.301676140004973
2147	7.80867244208937	1.02631685046891
9793	13.1464661825383	0.48389470673852
692108	7.56915522850098	0.095870072450961
100507401	7.67597165003273	0.12216602737603
4038	9.02179233560698	1.07742865362455
79096	9.89198823414178	0.287730191769808
84364	11.483172076743	0.490307454464718
29763	10.6329055416578	1.17170916711726
1643	9.89823308190121	0.567877149968718
53	10.5353151590946	0.356647391250267
10062	9.6195297913251	0.888169685407603
8567	11.6499931358545	0.461507659532396
91252	9.98827868753888	0.579565666996086
5702	12.830697577013	0.512584316146901
10658	12.8021010417234	0.390707137698949
114971	11.0773101537918	0.525885357348524
55709	9.56866892996737	0.576774376872964
4722	11.6979419957406	0.386508956807236
23788	12.2635489988153	0.531912909443161
79841	7.90797426347123	0.318084998920983
23360	11.2587569451882	0.285707601948663
23279	11.9448403611276	0.330644676261644
5795	11.7940655154554	1.67828750242485
219432	7.47927984432273	0.195757910496882
85456	12.6937482824425	0.781156485731596
6749	13.1062514315764	0.66309544038384
29015	8.29504070471233	0.742896971516665
349667	8.17920113878016	0.538093011252921
8501	8.59885613366658	1.12585195998192
26519	10.8396012634173	0.470802798158111
219537	7.55779406587918	0.238700686633106
9246	10.716859319898	1.92322135271028
710	7.5978041399256	0.252222744953104
219539	7.59708862532139	0.17456610330736
10978	9.84395009144362	0.33169705059188
25921	12.7321146981172	0.548511015639135
219541	10.3790391626635	0.493790936229978
51075	11.9015884964972	0.434728856831623
280636	11.6314389555342	0.540345593642819
1500	10.6453191324531	0.644092893482961
9404	9.58442646955322	0.551115545526255
80829	12.3662318262572	0.544879464132958
374393	10.8469919879311	0.793628939668675
101927204	8.67744686356443	0.591946923017273
63901	10.8358320862205	1.01937158187426
23220	10.3485652589504	2.45110661782663
341112	7.43768226319923	0.223921006445824
105369316	7.61157156753063	0.580785701065465
5007	12.3329377840171	0.350147693516761
219988	11.966858335281	0.646213435974642
6809	11.2056896333565	1.07411000739176
54948	10.9412586664667	0.480855409571753
6947	8.17470581815842	0.662284506914927
83661	7.52440091621725	0.385149637573283
79080	11.5544292629816	0.424579870198364
11251	7.60611556741015	0.267894659688565
27339	12.7624299295322	0.301775047453961
79073	11.4086295947931	0.574211704178526
54972	11.0205024231714	0.698876575207012
51296	8.83082023360998	1.32630769982958
921	7.57670616719729	0.342029658180365
55048	10.6747900987062	0.459623515418089
220001	7.63604182265237	0.148274694903717
1642	13.5959217881714	0.372274863239571
26007	10.6663113953797	0.369865952878192
220002	11.0246524607712	0.664228356645575
51524	10.1349917627378	0.355560217520578
51259	9.35471418252571	0.485595317033342
79869	12.2050546665883	0.451236630386271
54949	10.8392435768379	0.338000291715756
220004	7.86775670001321	0.213389401319487
9066	9.91736977289055	1.21842920389592
101927495	7.47326991606037	0.260631449548846
113157	7.7820308689222	0.291257058728671
747	9.89351289438677	0.744819481554347
745	9.95180531892616	1.45778754132664
26070	7.50335366529184	0.180523502197915
746	11.8850057811912	0.352629343032982
2237	11.6824130758561	0.590195492112928
3992	12.5836918342003	0.710226102955322
9415	11.5884422945296	1.87047269110327
3995	9.60984019455475	0.89808466532968
5866	8.4178719216995	0.659666662579706
7439	8.09092538674588	0.334850730318407
2495	16.4841391721655	0.800452937306569
3619	12.0839869670258	0.544799831862507
80150	9.22251857663341	0.842196164201808
7356	7.85236349302171	1.23075144502314
79026	15.0837521546683	1.6993444822536
1937	15.3693403954248	0.283438617717685
64852	10.5390819584269	0.223347364211951
9219	12.6790202539	0.46118532239485
256364	10.8612434296472	0.425242650552463
6094	8.59543992691256	0.311595273668974
26229	10.2799886462047	0.513105689416816
23193	14.5353696368072	0.380855126271256
80789	10.6670510559676	0.342898343700107
102288414	8.33353362269065	0.177590116298112
79081	8.3031548870369	0.123944820079898
751071	8.57721117870339	0.253916341555047
790955	10.0653174933781	1.02472629648163
51035	11.9642241426983	0.325160554675153
221091	7.52190598037308	0.0876156164972951
26580	8.20727465533438	0.396417245177729
2785	7.68992872164036	0.119893643133216
221092	11.3731903435525	0.593703118987786
283237	10.1711235651945	0.27289426463058
79842	8.60759662944787	0.25475476944314
5436	11.0183127900895	0.396442406339644
10629	10.0102379662572	0.320004125642157
374395	10.6236339343522	0.486122537551968
79064	10.0464965508783	0.425935932656528
10482	11.1992504446904	0.309649421880939
6811	10.9575226069167	0.577644257791787
54663	10.895529017439	0.307907910050399
26855	7.64884689970837	0.11835169990767
23642	10.890604003161	0.595894018474916
9304	7.89682688000695	0.182522058576758
9298	7.9731047138585	0.21628275924533
9299	7.53183558664604	0.145750183946609
9297	7.60055140706583	0.099200826965257
9300	7.73126162022104	0.163786661836239
9301	7.54274822638452	0.0936848139793267
9302	7.63933660356148	0.128140279721973
9303	8.17986649597084	0.253496613513536
6520	13.8955124426839	0.852000366812722
1128	7.41288330843123	0.175745762200246
117245	7.50902089441563	0.258362553009789
5920	9.46371931402756	1.49160907398705
54979	8.09097880207494	0.624705615242408
11145	10.8359222322844	1.7477478440478
25923	11.8614615392117	1.01491839746334
10313	13.1263941939617	0.49773584624931
65998	9.73466139125473	0.523996283934822
144097	10.9417860391775	0.586898451335787
2011	11.9519036102021	0.640460471765498
283248	8.19169033661526	0.519940294347891
79829	10.7169515876872	0.703422417299745
1351	13.4264723802826	0.440590043646378
55611	12.1537512298225	0.51622663627724
28992	9.79661647412212	0.319993424872509
23769	7.76551364321766	0.232830735992062
10963	13.6942748020294	0.270312955821128
83706	8.12665919584399	0.19668260241027
83707	9.97161703788903	0.374492495696309
84304	10.5793516120945	0.403803390985606
3338	9.9335628161079	0.315642020960557
7423	11.1219540949173	0.779643373692324
2286	12.0957527883561	0.584213634342745
26472	12.451978685546	0.775088258654791
5331	11.8121754534498	0.71728276093247
56834	10.6488477731516	0.777616725198712
572	9.90453727105228	0.604308701452253
25858	7.82192023191001	0.33837755268687
2101	11.6453628467313	0.529452121248433
51504	13.0531340244497	0.461312733810818
25824	13.3676362980425	0.618315861743353
283234	8.76547292838146	0.393648563757435
8986	11.991496297968	0.856341572729644
9379	7.60329060692392	0.258656748408959
10235	7.75213076107277	0.394398419845213
5837	7.81647356208241	0.279509581693332
7536	13.2307905678042	0.272168380708674
5871	10.0277706930197	0.410331649363037
4221	11.3642805968784	0.41983008008547
55561	10.6359339342404	1.41895061855804
10938	12.4732372126058	0.950653100991291
23130	10.874637534053	0.413035290300198
5526	9.53541603091401	0.462396223505283
116071	8.41268627987672	0.847500289867161
402	10.1772992934193	0.51118627295785
29901	9.84015177529555	0.548739983820506
113130	11.8320196872689	0.625810472036272
7542	10.6497918936274	0.450155418001315
738	11.2925424481985	0.672378260416816
7108	10.42415989298	0.916363127866298
741	9.59081576827356	0.353377354680962
2197	13.6604072462117	0.276787849871706
740	11.9867628027877	0.462455607386197
84447	11.4380239154435	0.450008432085341
728975	8.666693241855	0.668871776186105
823	13.5712419835214	1.21218369205493
440044	8.11731036035895	0.596626391762787
23649	10.8572907588711	0.511705534804128
10435	9.44488093387807	0.805734877546732
5977	11.4266096998706	0.414518993595535
220359	8.14759843720436	0.347014840781532
283130	8.60587069028895	0.405853155010217
83786	10.9301411462797	0.560308503154075
283131	12.7898911307241	0.705610430189395
693197	7.55790182074326	0.135358369435211
101927789	8.49049368689291	0.673179780853466
378938	12.9658383962512	0.877716121619532
57410	11.5584306741345	0.368438170156937
4054	11.662750468552	1.02879730402051
254100	8.07155360197557	0.118413208549769
10534	10.3116415241833	0.492549791638273
23625	11.0200494261446	0.421159767149735
254102	12.1875666833995	0.990457594348674
10089	7.72970389101885	0.176983512000549
4296	12.054904647482	0.684048151036537
399909	12.0957508581765	0.480536990010615
6494	10.4064726102868	0.780573081113746
5970	11.8627918533736	0.539748772844948
10524	10.1598191196239	0.575802582307182
84153	10.7846785276451	0.457724756388218
91056	11.0446356163917	0.709954329958779
5017	9.07062914112622	1.33531774537562
101927828	7.47761174165332	0.159700136812706
254122	7.61403748475242	0.16079329400597
1072	14.7735837514161	0.41596774774794
80198	10.6042922879398	0.436609807160851
30008	7.94893803556738	0.37400903971345
9158	11.0177144131029	0.409810354726526
11007	11.5377651261868	0.708051111235037
8061	11.761386634207	1.46235284174388
83638	10.6796442104929	0.7705993920512
10589	13.1458156722439	0.976572879065304
9092	12.251527704849	0.295349807077951
84285	10.7548391059529	0.368822741428042
8815	13.0101879214092	0.462388612401058
1474	9.80006222019268	2.631218434809
117144	8.30177005455198	0.77909035369445
10992	13.5145320880103	0.293904802726191
55690	11.9179426482959	0.686359837161521
64837	11.4316508605443	0.565704037726898
81876	13.3254341232663	0.675378660522578
254263	8.17460363399148	0.478241640704949
10897	11.8604423948328	0.586760881025176
256472	8.43126259167242	0.925748364078762
9610	9.50906981375965	0.640572952021029
25855	10.9883101144599	0.364460279014785
11041	10.0129727291505	0.660520831015266
102724064	7.952506789353	0.240071746289158
3177	10.4347243519032	0.514367152737249
65003	11.5919175799002	0.472788634438583
246330	9.21858608619298	0.538138366246906
101928069	8.03439745097955	0.149054993604464
10072	11.8056604841787	0.677063444242033
582	9.40857664209116	0.441439979322978
254359	9.74018332061585	0.461301222286181
89	7.45050811812945	0.13627486533709
8722	8.45646792681966	0.97909828302932
55231	7.9304242897928	0.214944869010435
9973	10.252606731813	0.500893150001328
10432	11.1884266670966	0.188908975088187
5936	11.0088376310459	0.252706931809383
83759	9.70622321435887	0.425564894033458
6712	11.538292419058	1.26380064254192
105369445	7.85480929832784	0.198769099024001
79703	9.53110524449852	0.512355204041107
9986	10.8304772077972	0.436664902936993
5091	10.668354449805	0.85189842467858
78999	10.3285332727089	0.458006039898095
254439	7.66945888157927	0.269020629662063
91683	8.63860142291692	1.19035540372275
29984	11.1404048821164	1.18311100791101
22992	12.9999659603466	0.525747207592472
156	12.0473591072953	0.615565339213571
338692	10.0921273347265	0.507913048615889
54961	10.8630393435468	1.24057161785208
100130987	8.43648636455863	0.280260646785689
57804	11.0477640503773	0.642884851406785
23529	9.50740109298338	0.925280506638586
5883	9.64215549760333	0.388055462401819
5499	13.2169999089344	0.5423140227344
57571	7.74430149088293	0.146317855816018
6199	11.2005099708953	0.388308499231115
5790	7.8790749915152	0.147055970531067
57175	12.3122616915242	0.408041717396329
390212	7.41825697450349	0.23302539714282
57010	7.74247971360018	0.575546742074201
80194	9.96034420807101	0.31309436191992
9049	11.1435300798036	0.547264348731627
9600	11.3160675744527	0.617267196321136
10263	10.9737782160413	0.436398770463553
2950	12.5321783597864	2.07104081013619
4723	12.3228651561789	0.23917059919184
254552	8.67830923963499	0.303474226184557
347853	7.60838710544215	0.445537396333478
91703	7.86257535037018	0.413646174184366
222	7.97111381680832	0.678509090404649
645332	8.67656486817159	0.3553178567218
81622	11.5272116017253	1.0166196422882
221	10.5104765302424	1.28732719661789
4728	11.4713849573205	0.325236848077834
100616403	7.58803270019462	0.0827978654317255
10312	10.5342901918508	0.992405972400745
1119	11.1933883857921	1.05099733110161
51111	11.1123934713542	0.608691665826385
53838	10.6216769106842	0.363472085040763
4041	12.8050815583221	0.723376832060927
55291	12.3820869785679	0.566561517925493
51083	9.42266984609935	1.55328527962851
9633	9.27147983465624	0.435607271570525
1374	11.966504976573	1.0114307665101
219927	11.0064650797933	0.233061956827926
3508	10.3037723725921	0.363611133444546
116535	7.55201261834227	0.212737678923698
219931	9.65254554247078	0.399828061842704
26579	11.1680339025046	2.19374470769817
595	13.1423466578137	1.16558775186494
220064	9.88441697893756	0.388462936323742
9965	7.89418297451113	0.496476225749765
55107	10.1499979688444	2.52667002968976
8772	11.10594643625	0.436620470349936
8500	12.0336617777563	0.493631059575781
2017	13.8628506996815	0.891460083738271
22941	9.15053264200425	1.09148315205345
1717	12.9049412612058	0.657852488055061
55191	10.1819540951556	0.420173407780831
55199	8.96805453916527	0.239252709202276
285407	7.64432548715673	0.123473280237085
100133315	8.15858933676009	0.151913854253268
100129216	7.6371121066442	0.139088724435619
55298	10.3606347368997	0.482258259957048
10068	8.64572573197254	0.30833153101177
4926	12.6035015281645	0.523873860887946
100128494	7.64828068852793	0.0883135667961422
220074	9.06005571129166	0.338106544421352
55004	11.4397206088034	0.636778597443872
25906	9.39135703685146	0.36131553564557
2348	7.74471336540813	0.427123705684331
3636	11.8373864886157	0.558015259363231
81570	10.4594334265674	0.632978844099372
101928555	7.47005228967085	0.184414483491599
5138	7.87603683569326	0.376300083320982
116985	11.5788537814349	0.673437729966993
10809	11.1252914150655	1.39388437680388
89849	8.75519667817994	0.345392780426258
9873	10.3120951999713	0.562530137472201
5029	9.93711475636363	1.57151608023465
5031	8.14975517092092	0.615415493964606
9828	10.2032246020282	0.988649871263346
84957	9.54940848904038	0.430611532054411
23201	11.6004887633128	0.529529669202413
58473	9.0341833573459	0.999779735699069
5870	12.6146862189216	0.531205350044231
51642	10.0327098567578	0.397089889276179
51287	11.3616103128927	0.482700694624979
80227	9.95709525096918	0.361366370100379
374407	7.63429151719218	0.203329968646239
7351	10.3256992135594	1.36965029861281
7352	7.785846039814	0.12021757677305
26005	10.5999363889492	0.482592023845889
51400	11.5316643119858	0.494029528911823
283208	7.66100518662601	0.342212027172841
283209	10.5848830290707	1.70132612027064
10008	8.20185574971364	1.46282781236637
387787	8.35678297252203	0.216740595198609
100287896	8.62196989704333	0.292544217199714
10714	10.2760769402963	0.596635972256354
254225	10.1942868090633	0.546386236925618
143570	9.46766935756203	0.565045896844024
9789	12.3144308457448	0.561431051759706
10825	9.37373692352396	0.46852191644166
11309	7.53531031255838	0.172650712150787
100507050	7.46965765827281	0.245229952101532
408	11.0516478151427	1.54106033513406
6188	15.6859005579126	0.390812416473596
114599	7.59417915822497	0.123276603564957
283212	8.34114595756134	0.621273674148513
81544	8.90391321631109	0.485456801738199
871	12.9848146782135	0.820615754501554
4135	7.85777990093106	0.523662036804966
84649	9.299504344976	0.779291208863464
7405	10.5540636617949	0.386859364216358
7481	8.4897494510142	0.961746963388064
5612	11.1847094728239	0.472836042346932
100506127	7.90435294712439	0.147550049147391
56946	10.594239244328	0.419952084303907
25987	10.4890452730071	0.946480386231038
101928837	7.62253368340308	0.105074322153505
55331	10.4796836986973	0.669842043298481
192134	7.76300742573438	0.772584129641466
726	9.87037933896672	1.23310290624209
4647	8.54795607946682	0.529004214742114
5058	10.8525577558284	0.586046516372849
282679	8.32958549355903	0.204440155192733
1207	11.8780244746502	0.464014546927902
51773	11.8116010732694	0.359103481701238
28971	9.26291042274877	0.520093799283157
92105	10.4972514546979	0.398051155443053
4718	10.2208250024094	0.342489637450749
79053	10.9478321202237	0.475626007457605
100289388	7.91047130525392	0.210470841049626
283219	9.3306937189919	0.382357595939385
57558	9.39984326526194	0.329692712502185
9846	9.24523467000158	0.941294800522184
79731	10.3895107372688	0.310794857012442
26011	7.7495316740747	0.534986248866935
220382	7.50027559155995	0.231973037023077
5547	11.3413862859075	0.507630368119904
220042	10.1861207500914	0.506872467675046
27314	9.83532736068004	1.59272485386393
100506233	9.33301076956479	0.459074321314877
51585	11.099852765454	0.232498708620582
338699	9.54643973295952	0.328485250649194
60492	10.6604596389872	0.347558632287241
1740	8.35324540522557	0.477919664257967
55863	10.9385352625448	0.423961533070803
84233	10.4145720059209	0.445659023902252
58487	11.3893188610332	0.385499160252334
220388	7.59941471136973	0.290911154300992
54843	10.1875586682579	1.722074489288
220047	7.46773418820745	0.190196437905249
8301	12.8725248998618	0.48242255941545
8726	10.7382879789365	0.456453761387152
51501	10.7926982924049	0.388465026549486
60494	7.65172167235518	0.138639709187007
10873	9.45036094612391	0.775748044731659
11098	12.6358141443916	1.36158437090701
8322	9.26466525266693	1.0486129513713
100506368	7.77153023371582	0.195134397323034
65084	11.0675836864409	0.501092813869232
23682	8.17380625506503	1.09548411694316
1075	11.941575039396	0.663108972614257
10003	7.80175764885124	0.167795277004653
26973	11.4583634299428	0.444159508855768
120114	8.07703936196843	0.859984719606959
120103	10.483253779574	0.84661121148775
105369447	7.50170302210071	0.299033590153573
159989	7.42935963351243	0.167149276063009
56935	9.52577473423796	0.958002180678947
85459	10.8871643373875	0.248077410399124
619383	8.10547587964191	0.278863023742411
684959	7.71197784387892	0.099189245714224
692063	8.05055206916231	0.148426367347702
692075	7.66405252257391	0.0820323246263633
677792	7.65009197255911	0.090808972250631
654320	8.11588014335924	0.13950716647938
692072	7.78246417521754	0.0775529714072495
677805	8.19147628609367	0.184663769558455
100302240	7.63031855805905	0.0804842899485735
677822	8.69777914307099	0.235000418553874
79101	10.9362947777114	0.348729411173403
28970	10.454620543929	0.498432579969543
9440	10.6664695815175	0.23984728208821
387804	7.56722720896723	0.346024787622198
341208	7.59952410429362	0.224743453622025
24145	11.1261801792698	0.814661419122674
4361	10.6845797381972	0.423591584351445
54851	9.37135673272049	0.318482272874899
2526	9.48102373779421	0.763168650870482
143689	7.84276977969249	0.248702666020515
154810	11.2937489007768	1.45087103004759
51503	10.9234178969097	0.46921834227479
55693	8.15061908207948	0.291210727620951
10929	10.7980563264477	0.309547189232975
23052	10.0425377885084	1.11441557669798
101929295	7.53988954908476	0.160651533118724
143686	8.33379728278704	1.10911785916378
100129203	7.4596489356278	0.1410322755322
143684	9.65898565975692	0.370234931378172
9702	11.3947870825204	0.308992328396021
8898	11.829088557577	0.790463636266863
84441	9.89230473213057	1.26830859311943
79780	10.1470457480435	0.608220790806554
8690	9.81701648318261	0.417208887265004
143872	9.93878537445689	1.09717420166239
83935	8.69622292347528	0.668191976118453
57562	9.3048806019334	0.526762653856979
85016	8.55993574535437	0.778815166335712
10413	12.9042251372713	1.90540549718153
330	11.2803235987207	1.43368838586963
329	11.346569463712	0.492622202045557
114908	14.0690164270468	0.722985972887995
4316	8.40579669486377	1.12067136682278
4319	7.76284239620291	0.535721531174735
100288077	7.56894137531614	0.336974768989735
4312	8.36844697194781	0.917592788395503
4321	7.55147675352122	0.323306717118508
4322	8.20137390565445	1.41030838348983
84259	11.2281165443076	0.397674874537817
79659	9.33800677032281	0.751812991866776
80310	8.78109009435117	1.11006271133629
100506742	7.44272862199114	0.226341620955808
837	10.7896256131891	0.920466761739811
834	8.16833904332567	0.893338350437594
114769	8.13858307965287	0.710873789102534
59082	7.49422257374768	0.249303669782943
2893	7.50900520340989	0.132243444886231
84437	10.4180669139993	0.382704307348427
143879	8.57998781198972	0.235335287626713
60496	11.3228570961209	0.412022191930414
2977	7.87416797086771	0.849665896210279
143884	10.110559685033	0.412132955451809
91801	9.55640263848739	0.466062275899473
55531	7.71524155213734	0.588931329909831
54733	11.1488323986432	1.01229872016127
54734	8.3221545109603	1.04205856255364
8065	11.4709924383582	0.453852086809056
38	11.4892817526326	0.742189777710585
4863	10.4467193315607	0.30940638546714
472	11.3214144441073	0.519719114027334
160140	7.80597914427969	0.237270190852956
143888	11.0824086379247	1.6307828222971
23086	9.41621180482912	1.31035359001859
1662	11.0330253382127	0.319731073242359
85463	9.82394959956836	0.891150653050629
5962	11.5666403528792	0.971156786162982
2230	10.6939930210401	0.769109850432971
57569	7.46645020908247	0.271083811739122
341032	7.6257432009782	0.565653232456626
399948	7.90036850599027	0.979304989759356
120376	7.76418011390925	0.647866632418143
5450	7.54875103553671	0.454053276330852
143903	7.69161129777341	0.433605479165809
23235	10.3363342760962	0.507351523310031
5519	11.6358549182705	0.548841255334407
79796	10.344105918725	0.299347273420899
91893	8.86313292687461	0.46550543345635
64776	9.39293376845201	0.482356890455549
1410	7.54734990524206	0.129541405998142
85458	8.77474985436068	0.995936439611401
1737	11.8932342867021	0.409096219737377
120379	8.1297326205101	0.259333352347373
55216	10.826658583583	0.331639853505072
26521	11.7343112084141	0.277272404490975
6392	12.0331246815189	0.268866547428496
3606	10.0418131445698	1.55868366432616
83875	8.04102767489149	0.698457085297668
5805	10.1105274695865	0.464628180416829
283140	7.5255299363533	0.136936185348314
4684	7.9495756893211	0.82938785853692
54970	8.91278413765788	0.400164351132017
1813	8.01344200321821	1.17308109482783
80975	7.63813001768478	0.164471016276634
9183	10.7744715148311	0.402141220590912
57646	10.6994566845992	0.540404147083383
3359	7.489485556094	0.142540519676178
7704	7.40933510914128	0.187697900586351
4837	8.56058448926014	1.87365951259637
54494	9.45399821307556	0.327489771493424
10179	10.9842306123456	0.468025932082481
25996	11.407196006684	0.514346883092333
120406	7.45238663369428	0.15630807204354
23705	8.64906605567388	1.6761735518971
84811	10.2344566867304	0.385630288081157
8882	11.0197245828219	0.497004449086714
23387	10.6718710576104	0.364423606158863
5049	12.4305707016074	0.597242437560401
51092	9.93980141665426	0.650121726951746
100652768	7.85258853819324	0.163635459672867
6876	8.28099779124092	0.381425011419551
9159	11.0018974727562	0.40376545372843
257160	10.1822455711896	0.356867352284788
23621	10.2673056290222	0.920100642768545
100379571	8.0393230751093	0.145396030853497
22897	10.646769744326	0.491638638869074
57453	7.89064781037878	1.06304926830204
53826	7.69224773680132	0.34485542725739
84000	8.3534550134451	0.946079128398088
3587	7.62870865081922	0.196860894044704
56649	9.875705154206	2.75265884791527
196264	10.3147631534512	1.15799848541589
10205	10.7448311761755	2.32363046540735
9354	11.9263320167668	0.34264953857513
10632	13.1559689132774	0.427095673368255
4297	12.3410940287842	0.522228677682751
101929089	7.524997319078	0.13420899175286
143941	7.52212060659034	0.165014807203355
84866	9.04813416215173	0.912699043402434
56912	9.2766939672924	0.689988911887172
372	13.3284910056351	0.478839315526233
23187	10.5151897419903	1.15547568986686
1656	12.7292494917199	0.502391996540246
283149	13.1866725455029	0.938671540748978
7379	9.05065896269054	1.81842185879077
338657	8.97369962306623	0.381988550058072
649946	7.67778610913889	0.146377741213904
6230	14.5292027423975	0.295256050566553
51399	10.7734623175664	0.33216220377862
2542	10.3539617264504	0.409623811195137
10525	13.9105796267731	0.755473709627128
55823	10.3245327099467	0.391993283301527
3145	10.6920611926804	0.533876657659899
3014	12.1821240547743	0.746984374160952
1798	11.5332755190594	0.322221661154537
9854	9.47389065283406	0.431604732570981
25988	9.67658391404019	0.253629989912075
64137	7.546775439949	0.276828361340458
79671	10.2406310396834	0.53082476212932
283152	8.1115396267691	0.214762205977407
867	11.7381683930686	0.697097481851227
4162	8.68249686414454	1.19720829858619
79102	11.9099699689384	0.565264622887353
9099	8.43516514733548	0.630000484287452
100499227	8.11316992488055	0.315108366598448
7070	7.60681501245379	0.3944834089841
5818	11.2595721337456	1.55573709400461
102724301	7.60015429877958	0.173877417829169
23650	10.6451787379048	2.56917959386965
220323	9.69144788121891	1.07292309446863
25833	7.76332029437157	0.419925027852799
219902	8.7706863111085	0.793430655520749
23365	12.928763124967	0.735280685197984
2900	7.50057986292893	0.150174200855857
219899	9.97924216594972	0.509631562016778
7007	7.68559660053891	0.178992042974142
6309	11.3966906490613	0.76123147907366
6653	11.714379108904	2.16788548339742
399959	8.31030889404949	1.13112037221604
84959	10.3001873115757	1.6906187927167
79864	9.05144193781521	0.542415399961799
3312	15.7514074961375	0.523583003659914
85391	7.6155915344872	0.168451385915295
85390	7.54071874419158	0.130737951057434
79827	8.10884061094215	1.00837616213963
57476	8.50458684546014	1.31111587849042
55800	7.75258642484212	0.327965308968441
7753	9.52940310135388	0.274092115482279
4013	8.23339765193784	0.71069327194297
84897	10.2981582831171	0.439703844588353
54414	9.94477187622618	0.912365882440769
53340	9.16649301099363	0.619256010777585
4900	9.08445617144073	1.08505818059272
23584	8.25850231925552	1.42265564133998
90952	8.90326568145704	1.27180982068716
101929340	7.88410047727289	0.222740062805263
79684	9.07815597814012	0.287578709974534
100507283	7.81028510858565	0.150569717993176
64221	8.2559982106576	0.547803449344443
54538	7.70634729662497	0.526009612128194
80071	8.60995253619468	0.562242718282539
219855	9.09715669774336	1.67578334579502
219854	9.51088401710989	0.496655798561932
63876	7.47497419940998	0.175050834465243
9638	7.70517368803767	0.325056797460051
9538	12.6824551350532	0.551243921971412
3703	13.2867230716035	0.389225566311297
1111	11.2775277508562	0.580440517138831
56	7.710486508901	0.102816665288047
399967	7.56964399519475	0.172473564319909
219844	9.77967802444809	0.460910814856557
83480	9.42758487026077	0.26756360689422
29118	7.67015975294515	0.364375737242804
50937	9.13019335502313	0.674269235367732
84881	10.3164928295021	0.437660149504743
79607	10.0012410356066	0.360580472389083
6734	13.1509996985239	0.577369894872625
55572	10.5998516807113	0.329356375084573
114609	9.45860642850758	0.489881512191126
28960	10.1248953165788	0.55462927939939
399972	8.34194081850762	0.436655412267341
6484	10.8009709635551	1.06856027957568
84623	7.74529963354084	0.232791405189974
2113	12.216510133549	1.28519272012116
2313	7.88540036266642	0.67418326874846
100507392	7.62500588849538	0.408575157381727
3762	7.50519194156656	0.160597796717208
219833	8.30470259683888	0.505685963523399
63970	7.53265968030129	0.161286606564099
9743	11.4618421605101	0.7920649655264
8538	8.71037922541285	0.918057727936358
120224	9.9342843868619	1.6389889765946
4798	10.8544425014848	0.457831436133808
56980	9.58789568306784	0.245912551946885
334	15.0762174324729	0.646358517646722
6768	12.7162745738505	2.82910814298804
29068	11.045861998157	0.66775429100298
170689	9.28892148456559	1.6869998485352
283171	7.47713939613203	0.172294293511838
100507431	7.71326054479631	0.324298391696451
103611081	8.34848589546361	0.234105360856019
399979	11.7454694780739	0.425558150150814
50863	7.54166784852009	0.312369253581919
283174	8.30977446892312	0.417108691380058
22997	8.39685122741093	0.415141659627558
100128239	7.48088101221045	0.142905069672548
83700	9.30544683530467	1.48416367402638
23310	12.0032482102824	0.479677342725805
112936	10.9943610639032	0.480617794836171
29087	10.0902301690482	0.332154125408002
27034	9.78491979492785	0.305736943006753
89944	9.79050354533397	1.00870328160211
27087	7.83170349141805	0.452266102979206
100288778	7.80675842542253	0.242880099300335
440073	7.60411289351951	0.233931865343917
6539	7.81818369273206	0.416353304500106
6540	7.54809966613331	0.1545985148869
5927	11.8387241239908	0.410007178316725
84318	9.85701773293455	0.417616718385342
283358	8.87204200276497	0.937998809649876
4815	8.32388920297983	0.518842520225476
100049716	8.78574013694251	0.494676782258787
65125	13.5043728981903	0.599975820280409
5893	9.39676028370361	0.447607400558795
23085	11.6851081081724	0.985384785011942
100292680	7.8017406413549	0.426543691294319
81029	8.59900574154933	1.07401082107208
144699	10.4915379350707	0.361755792766261
79602	12.9710000689292	0.452269232528096
93589	7.71856675041465	0.13845282685285
654429	7.49912837235518	0.138843793820975
196513	8.9551192891145	0.805849777070401
775	8.02188731681267	0.985312788190852
2288	13.6546794834289	0.800434275050271
55846	9.65301134372083	0.468069350436305
83714	8.15121305719459	0.15093857237999
100507424	7.76243756875558	0.196475375140015
101929469	7.62041361407019	0.145855921141497
2305	12.8035292463289	0.636531623338658
83695	11.2887075887162	0.479062238783751
7289	10.5852997084388	0.515579989220624
7004	10.5335397924569	0.651127358016946
10867	10.0188390323989	0.658393662231611
84766	8.94865346462529	1.12304911241014
57097	9.18388902279497	0.441576992712894
894	7.66546757906853	0.120765566332607
57103	10.4465960339485	0.275410862322817
57102	10.4661104370325	0.400317597281497
10635	10.7681627628911	0.543822600473615
8798	9.33087180280894	0.639936199213383
10566	7.93587676840355	0.418880830610431
4704	11.9097741103461	0.54171884807264
4908	7.64965438892196	0.586944212976516
57101	7.69349592330159	0.714349263578831
7450	7.86232475884817	0.426801743872884
928	13.1941548104423	0.869860011861395
55200	9.9752958919403	1.56053420473697
7132	12.3692662724975	1.09839399525054
6337	11.769223860332	2.27189137559339
4055	12.2068443239653	1.74587922264303
678655	8.95649083502886	0.793528256345099
55080	9.65714546710223	0.700358688596041
6843	8.8023166081145	0.406765754101432
51258	12.7621802925225	0.538082028595542
9918	13.3421709089792	0.680382298990539
692148	7.6223247488734	0.149143572824366
2597	17.4650790209642	0.754476280637169
25900	7.77537126767146	0.260155483500014
4839	11.842532527723	0.553945951015406
1108	13.4508885259028	0.560593011733184
57121	8.35628580003866	0.963543844230732
84519	7.64013181246125	0.136822542356298
51147	9.60795615102196	0.434028274889169
171017	11.4385060585513	0.350611371236717
196500	7.81808284243125	0.510274106405221
50813	11.5998751527391	0.378916717910331
8079	13.446996055228	0.409977074603164
5763	13.5472930370791	0.978100845114908
3902	7.78987679033235	0.330243581577752
920	7.61690781897549	0.2290175339191
27239	7.85910841505282	0.9363025655892
10536	8.65935244228571	1.35813615530968
2784	7.79039552697975	0.268430087089527
83461	10.8967926732641	0.686133011642501
8078	12.7807819004944	0.401730193532922
7167	14.6357737493759	0.645886673437127
84727	9.63379352350098	0.428512214701846
283345	8.45415927775003	0.190382189629948
171220	8.9659464014282	0.252762717420544
10233	8.74902449200025	0.41094846815176
2026	9.73955448532872	0.739812271761875
1822	12.9646843732968	0.38898627032833
113246	11.1004008176457	0.678427023524243
5777	10.1611752711284	1.02829166255832
11331	13.0760900703692	0.557481776682686
677777	8.19811902304123	0.329428766093251
10436	11.4490670662721	0.640914597578928
10162	12.0042218991676	0.693928619379784
716	8.45172544929863	1.08169670504794
715	8.76347062103221	0.703656321043561
51279	10.1031391651744	0.529792259142946
283314	9.06030761547427	0.611153610646449
83758	8.70555387294062	0.552338022879947
9746	10.9648192043271	0.896859634721423
5830	10.9886782201988	0.608368585003154
341392	7.64965109109263	0.373447455013902
283316	8.36555580603614	0.888158724257757
144195	7.60183128944895	0.437535033191345
6515	9.73312915952398	3.003115268797
55810	10.921334803645	0.52728833693433
25977	11.1422218992291	0.662714843343705
50856	7.58571809773888	0.109453496490845
440078	7.92542109577432	0.428719085405744
55138	7.61159728430505	0.280412279473713
653113	8.09186936574993	0.494261837954074
101927905	7.69729906222868	0.245863362930314
8076	7.51713061029123	0.181283645452176
57494	9.66499892427008	0.920468966068552
144568	7.93239112524638	0.533984509846612
1911	9.9033301087539	0.640978526046483
4074	12.7000008405646	0.456009346514815
10219	7.69094682603883	0.164862527608381
144571	7.5614834398476	0.133768720382785
2	7.96492794906171	1.01823840552567
100422872	8.17080633741129	0.314931323024839
100499405	8.55627653631402	0.278420671383933
642846	8.93860887199046	0.387171000753555
728715	7.74384394903668	0.157206091986559
105369647	7.62504025858339	0.123549632048425
440081	9.38183114876175	0.435453544016342
105376678	7.62001375887831	0.0843543579076177
408186	7.71795721185514	0.332941781446537
374443	8.83986331521411	0.633631186350251
29121	8.18044200270602	0.265473668175523
969	7.6146715919524	0.373974870535844
51348	7.48121597175121	0.150385498423432
9976	8.13027413999891	0.698981623957479
64581	8.08718585520352	0.720854124090171
4973	7.93015054751657	0.99254740075578
120939	7.43243005872844	0.144751450627709
23710	11.2456723725134	0.648664597481325
101928100	8.25072499535467	0.908602117318535
3823	7.85016417012391	0.719050311119781
3822	7.76247689686405	0.451921021114816
10748	7.78540818591196	0.181933616950385
55110	10.594785160666	0.499970661476023
55359	9.72618420586937	1.29546545256457
8531	12.9604818925264	0.744959151387107
105369660	7.67411602977929	0.131985115647671
100129361	7.60552869421341	0.095740363978253
338817	7.69878816167657	0.186503328314306
2120	10.6664130560726	0.823070679266935
79370	8.0838411482853	0.883667868661872
100506248	7.87949542134044	0.141154141034215
4040	11.3378220587082	0.570022927703272
54682	10.7588496660021	1.0972923785423
503693	7.90154737859233	0.271390053277018
118426	9.39425358846872	0.524045255457356
80824	10.7883378381098	1.04706588830432
1389	11.238651310048	0.411857272938052
2842	8.45351933492683	0.395062955581297
1027	12.0678883782349	0.579857230462249
81575	9.4758051605325	0.421222946689649
51202	12.1439075232359	0.638315124663198
387841	8.16271448531407	0.540986441424805
9052	13.5694557417274	1.82719843557899
693199	10.070288287838	0.932085017536615
55507	7.9986332241394	0.2052088565477
50865	10.4524510080943	0.772429347130368
100506314	8.4921971066625	0.561802527821678
93164	8.74664130898585	0.645443249329418
57613	10.1494404212915	0.476653931903505
83445	7.57838281372961	0.387959008581628
2012	12.4909981020636	1.68716103335682
283422	8.20231135322289	0.894875073427688
55729	11.5657185723501	0.648702701508638
79887	11.7250646260335	1.01229084160143
101928290	8.15623874760064	0.188315598925164
2984	8.77254917393848	1.54965074983749
105369669	8.06041362879025	0.319858882721085
121504	7.9681613669971	0.292671881636326
55766	12.1579387211929	1.4855529278083
144608	8.51661505163527	0.278807508303199
51729	12.5026272977157	0.563130475295367
440087	7.54132801937735	0.11602043054118
4256	7.90835445689454	0.672043533237524
121506	8.17271497574792	0.70355625806032
397	10.6846269913261	2.30292987786337
85004	8.44467806404232	1.31138828310514
2059	11.7667086079717	1.18502323335271
11171	13.1840149988469	0.549766119797343
51071	10.8288585306921	0.461115899781565
4257	12.7894861485857	1.73405778407539
55885	7.54296051510477	0.164556107266418
102724196	7.59126838072803	0.195866452826197
5288	7.8062500501307	0.715362896802396
54477	10.0218575975795	1.14774352426837
121536	11.4609277046179	0.479805579981289
5139	8.03880556002175	1.21587071092932
28234	9.79688608224854	1.41048899102127
338821	7.88678518614897	0.373126664111307
10599	7.58787607391697	0.229923114547536
79912	9.70939900433022	0.801076382809117
5965	11.0654968387335	0.352027155757912
51026	11.3906892871501	0.435539108628453
80763	7.54755383875599	0.230891147430968
2998	7.55583575773104	0.215527266499522
3945	11.8251851042662	3.19492829848925
10060	7.60591370336068	0.602688386088102
55907	11.8269787717914	0.623903589354068
6489	7.69915430744249	0.725607272897134
9847	11.0661734797587	0.524501944824172
55500	11.6997931059035	0.683606492204075
101928441	7.43235320697917	0.192101721657373
6660	8.1157997751194	1.02159932667702
586	10.2955834658335	2.1666737054691
4033	8.17503985706368	1.15508500187735
55259	7.66768313628985	0.216271535822911
144363	9.42612489093016	0.377296763536543
3845	10.9415338767186	1.35562099193337
160492	7.57517010639381	0.527713509274949
100506451	8.15832598198302	0.492289307951252
11228	10.1399379689055	1.41388270142966
79365	10.7472547308396	1.10863411424702
8082	9.27226808465903	0.856702668577374
3709	11.3143012203256	0.971320882606933
55726	11.4633340882359	0.620020904907683
26127	11.0319991947914	0.249401161254076
51768	12.3761004048961	0.854216103218135
9412	10.8333549526153	0.295990913591584
23012	11.3452122784239	0.506878205566596
56938	11.8353696186678	1.33989175553792
101928646	7.52234428314383	0.121287821359785
341346	7.70582347937875	0.167218224016524
8496	11.5372854250413	0.505899553430521
387849	7.79120561873414	0.225701186936068
60488	12.2420700577728	0.521761121684
57542	11.0428509595596	0.640878866551112
5744	8.90151159900662	1.06706092844206
55297	10.8702815653953	0.348050933992507
55711	9.2701556667608	1.07621350116986
100506606	7.66199282573711	0.178670943550776
51290	11.5002923288094	0.637931601932883
341350	7.54016550252264	0.552356441780839
83857	8.38886617678134	1.4811984911062
10526	11.8537474193538	0.39963736020977
65981	10.1854583509341	0.449955300848742
100287314	8.97072337356387	0.534694061487744
441631	7.77127382627839	0.324519456301617
100506660	8.1565385252781	0.177927617201413
1663	11.0608278559422	0.445466373773143
58516	8.44325226676391	0.60663871405705
160518	10.4833022454736	1.41153382381714
100874249	7.61671057088098	0.203125629758758
254013	8.02943480468801	0.178720110634047
196394	9.66148366545427	0.565742608954587
440093	7.59218052710469	0.087629684055652
55196	11.1231597836131	0.280900607041647
636	10.2308092505951	0.646845863919526
121512	10.1982966495585	0.875050663132269
10059	12.4845458021702	0.556106135672144
51067	10.8176894270635	0.384137923520492
5318	11.2188850228587	1.78041620681456
84920	9.37138188403893	0.376944208892014
144245	9.49602927903793	0.42218171607678
144402	9.68856350285985	0.973206764033272
55605	11.2154270555749	0.638667508129515
114134	9.3511252123041	0.979398329041087
120892	7.5649596277569	0.15140728707615
1272	7.52724280955364	0.221174140065061
283464	11.1307726348836	0.442417225253661
10138	9.62103385490786	0.310838217808518
85437	11.3390177126567	0.383745820144439
51535	11.0614213524379	0.416957992439224
144165	8.68533049278487	0.875688675611606
83448	9.9241667086364	0.470289787403838
51135	9.75760362574135	0.384925617133071
5756	12.686520505227	0.330302596835428
84216	8.54383140102103	0.444219400993273
4753	7.68113705035457	0.281229440707883
51054	8.87127794826596	0.395379263754542
196527	12.2351598440418	0.547112496733071
400027	9.30272691929028	0.501369599151629
196528	10.7041367558873	0.488614730838903
9169	12.3358503171599	0.368867611134164
81539	13.5501787953337	0.871479721877034
54407	14.4085962331507	0.672927447105716
100288798	8.71422428978643	0.600132879943615
55089	8.17189267377315	0.759806609666845
347902	10.1985064956951	1.99898692216469
91523	8.12843476708501	0.530486901722113
79657	11.0563572030128	0.337981217891264
8909	7.54775256428093	0.144020960833002
10411	8.87114884192177	0.948445222651505
55652	10.3096266636749	0.615803815881026
51564	11.2204661828539	0.788411967528459
7421	9.08167331832295	1.01698241472775
79022	11.5921614681584	0.496355431774914
1280	7.55789288265354	0.181016964737081
29843	10.4976927423683	0.4836806695628
5213	11.3795047492731	0.66209435450057
140461	9.67846642518107	0.370205438549665
387856	7.71894182064988	0.281965313701305
121274	9.45860153097558	0.595761371277447
121273	7.56729256902602	0.594884777356751
54934	10.2571298388667	0.409168362664732
904	11.1698486504204	0.437302328017909
112	11.040144419179	0.420934913405523
100506125	7.76172662306921	0.19434133937501
784	9.80934368318211	0.464929676669571
9416	12.5905133741295	0.273840978286211
27289	8.44620499224828	0.755685267371726
85478	7.68537184366974	0.131905837064393
51303	9.53007520499406	1.23180033095415
377	13.8139627461345	0.461697001955439
7480	7.945780180417	0.325776748797131
23109	8.35036978567428	0.72760530820813
5571	10.9980182364861	0.403957254691536
8085	12.7422913202156	0.383946820121051
121268	8.59688810273005	0.489196792758157
50846	7.47849180462007	0.307537525046641
55716	9.86412876865029	0.30092663596254
10376	15.397119472634	0.486775462289968
7846	10.1147053534673	1.75250871862773
84790	14.1377909474435	0.440020729035957
101927267	7.67929790245524	0.0920798205763394
5630	7.66807304815571	0.138892439631525
10024	10.8213278267901	0.50231557004793
338761	7.94399063660863	0.620204396413774
79962	8.78430857841539	0.990415059614033
65244	11.0210362681128	0.546677738513353
100335030	7.62998399970201	0.132376641522152
23416	8.27011099979035	0.793940121842637
10445	10.9364342923015	0.471649429868398
84070	7.81977507382443	0.12231998011651
25766	9.04812935061221	0.1924416353094
91010	9.11435684006409	0.757961548955087
7009	15.1135137474529	0.583054000075171
57701	9.64022014151676	0.924760143444456
100286844	7.76507073063966	0.116222309450573
144233	8.86520007582624	0.215125197930252
359	7.51694667647295	0.221872508114128
101927318	7.78485483939646	0.51323005380255
362	8.09940705461392	0.772691107381556
363	7.55692437571102	0.125872733605644
29127	12.3021056667997	0.409625719879167
41	8.91324156908422	0.951673200948585
6602	11.6404521628427	0.462041949867088
2819	7.7102985295587	0.257274111606684
84987	10.553050654715	0.380117476536735
91012	10.2425728344925	0.492359271202061
51474	13.0011498582746	0.614288265340076
113251	12.1353126665756	0.527184443859729
57609	11.821118730756	0.654968079049429
466	10.2599730003295	0.475689123628828
25840	9.04847123372218	1.64843478911545
4891	11.0671732169166	0.376998292653414
25875	10.4123825112359	0.267557774189609
81566	10.3645948241647	0.509052049784864
7024	10.8269137029768	0.319761405571948
5463	8.17448344360452	0.389221939265638
9802	12.7641638283744	0.593217086333295
57228	9.76068045106447	1.06771577543007
11226	9.49024615213144	0.953348923256095
9498	8.26183796802638	0.880458338626969
6334	8.7651249573367	0.834579208277158
401720	7.56277663077968	0.17191963406261
94	7.50876280695227	0.237182259622751
91	10.5226043961402	0.446824650286991
160622	7.75861664142866	0.320187423250165
3164	10.4571110022457	1.75594254151016
60673	11.1936220323055	0.427104783377275
144501	11.6122723193253	0.987595344412558
283404	7.58430651770609	0.134742581475686
3855	13.3049018052971	2.96167513473118
3892	7.81247940731804	0.0979547817209962
3887	7.76780570105962	0.124883922578531
3891	7.48556353849745	0.264404734583553
9119	7.49514902938953	0.16349560720378
3854	7.65116765628907	0.351841822522825
3853	8.47190292976315	1.8176070001877
3852	8.55609330694484	2.47266347651562
3850	7.66124206979193	0.422176802131829
3851	8.89974451139805	2.54100312482196
196374	7.56338368111655	0.266401076844959
3856	16.639585595558	0.90973194891556
3875	15.9551406463824	0.820870624273312
1975	14.2765677971209	0.385100145367447
283335	8.75446274163422	0.342257465342076
23371	9.26767811898092	0.731618300115956
84926	10.8580333931847	0.316083433153181
3489	12.8134094453804	2.4266963381749
8435	7.75668603712146	0.325554179332455
51380	8.52803103036691	0.243443676508518
283337	10.9637381164203	0.451850351568397
3695	8.04240822433811	0.781113297004511
5916	11.1205218008119	1.27476586364838
84975	10.7071778474774	0.398541020930563
9700	11.255093386398	0.360396341614244
5204	12.1583882335457	0.229795942818886
60314	10.7658501877649	0.391232014756029
8086	10.3912394697746	0.373028209269191
6667	12.2549694722008	0.680520881424207
54458	12.7478041829533	0.405661218204876
5094	14.1910214975866	0.26571782965784
7786	8.62759259533314	0.641595537785796
6895	10.1374942606805	0.3353051536482
8620	7.70246209029268	0.0921343588911247
11016	10.4473808184045	0.386309374658497
517	12.0882651871324	0.26258620879203
57658	10.123915830593	0.73623970757914
100874366	7.71547698454728	0.734256983473554
3229	8.38607997954538	1.73326711648879
3228	7.75475099806981	1.08832185758526
100124700	8.14820180133591	1.23244062048513
3227	8.51894772371078	1.46272136971014
100874365	7.62902286446294	0.327836768521195
3226	9.45781695527047	2.006344443722
100874364	7.78322237736971	0.395935632184965
100874363	7.75474354835993	0.402150997616969
3225	8.2204046168176	0.955571322014607
3224	8.41438364206554	0.91203708681228
3223	8.62570160784171	0.985676115841589
3221	8.45607196096731	0.945080024679673
3222	7.93209211252671	0.481099634907255
440101	7.6655827062806	0.281576321615047
100240735	7.62710535505524	0.45360469312874
100240734	7.49649303734221	0.216412730905034
400043	8.38865898547532	1.08291393210433
23583	10.3817056421771	0.286151848630588
23468	12.9857963331948	0.482198479592039
3178	15.4029960178001	0.465394423902023
4778	7.67529617311209	0.36550586136753
22818	11.8003175867019	0.236241300635498
25946	10.3277337877958	1.11905580202364
3678	10.0740266048404	1.30335590396563
118430	7.48315362490988	0.361501443829065
196410	8.2234281077129	1.07048472104701
3679	8.12112511102372	0.433910477662751
2647	9.9910276213869	0.460690055245284
5959	7.6888143265289	0.425760981925825
967	14.0425065622022	0.66107048287931
10220	9.6904803989085	0.699838709617445
84324	11.1005747496297	0.270498228142093
29095	11.2916334802057	0.65707664897175
85406	11.385401027461	0.493805587272706
440104	8.53488295977201	0.140574490245008
4327	7.6924851301763	0.420871110126142
84305	10.7358924542076	0.355180300852986
102724112	8.15851052735308	0.237007446313873
1606	9.79907267483857	1.30062026479019
6490	8.11778404687877	0.308509313795846
1017	11.5464494981987	0.422573827467239
5869	12.4236683601261	0.450704963997713
6821	9.90154320666162	0.405130657567394
64375	9.17849783356799	0.209148128709641
6231	13.9770489348597	0.411587784629719
2065	11.2059917177461	1.60074059500825
5036	13.3871040723801	0.353513383599046
6171	15.6825133378483	0.481058775719302
84872	9.00468491757632	0.358161202101302
23344	12.2508105312522	0.629941432782269
140465	10.9066273938328	0.479151558947899
4637	14.2752004371341	0.31430941274821
6601	12.4689206564724	0.331625782138084
10193	11.0275005790651	0.450970172983254
79035	11.4538806601919	0.472543618199472
283375	7.56697015376943	0.169007655898318
283373	13.039217608088	0.442378519467405
93058	8.9958297121417	0.510664939145757
1431	12.8598397120735	0.277585466887743
10330	11.7807019155819	0.427582181338612
9924	9.83897811515535	0.490777781300546
51561	8.11350195556207	0.279617343580781
6773	11.0824397617627	1.01545223505688
8914	11.9259852866922	0.301408005288903
4284	7.52894781917191	0.179923693255263
283377	10.0963776592571	0.430491643876632
27165	8.5963754746725	0.756955022957795
5939	11.0865976776684	1.18835909232954
11176	13.2239379283139	0.270791251669879
506	14.8506507664269	0.299027453863821
10728	14.0941371333042	0.354056032461787
4666	14.0984337220473	0.224954026220754
5557	9.94292752187345	0.409539945875735
8630	7.94523139636825	0.213461179606295
8608	7.61958546490571	0.240774537388635
9880	9.24599378724366	0.31815680502704
6866	7.50698657171323	0.220759616833097
4640	7.6250349641494	0.391649273707351
23306	11.3533236247277	0.415953418779109
4665	9.85837380978561	0.74488684042224
6778	11.6604457373658	1.38645893318911
4035	10.5739672516575	1.55279294869012
11247	8.65666510326331	0.834126206097101
6472	12.7682737733084	0.883322055558852
56901	7.90543306576229	0.413091795675152
246329	7.81364596830493	0.156707212897704
22864	10.6675366294793	0.629092118765436
3626	7.52531689544848	0.138209774052002
83729	8.63303118441334	1.43385580127094
2735	7.92229389391438	0.384165340061046
64333	7.64847609225467	0.195005952116452
4141	12.8778551298412	0.639945126377457
102465454	7.55211568707001	0.108756077806557
1649	10.5364456976199	0.786173543962102
693201	7.65386177479499	0.116358603940535
114785	11.6765524021611	0.493889655971207
10540	11.9791372793938	0.457786674019883
3798	7.91265289082112	0.494648765953573
79837	11.8519706181852	0.643161102212141
196403	9.25442322775507	0.965851266367103
115557	8.49220932885406	0.910079012392895
65012	8.32525079974225	0.88089968962682
2583	8.82641020630208	1.16605669434661
10956	13.2297997660677	0.656213814846112
116986	7.85755401278695	0.241399694587505
100130776	8.13307522138552	0.29185131818021
6302	9.90337032174877	0.508094685528751
1019	12.7104099151836	0.449242089274773
102466729	7.61719608135552	0.123400839583236
92979	9.77372419424396	0.740096978064449
1594	8.24997166520326	0.708940292550462
4234	9.64422127288956	0.397785154699609
25895	8.94438779812852	0.19727017092619
10102	10.5484613854187	0.35020860167558
10677	8.28312931120378	0.654645760083291
10106	12.7120834835949	0.608576102937959
100506844	8.17246114390604	0.645531171982382
91419	7.55741578418716	0.238408171446067
121227	9.44422035178032	1.04737353065036
9194	9.63081860863372	1.50906381141087
338811	7.83997513270365	0.228915130500939
9958	10.711825686716	0.559463486459943
23041	10.9271541910147	0.383003891274901
283416	8.01824132214945	0.230363403238065
406891	7.59581282032138	0.136401697585978
57460	10.4463955598874	0.729029818681364
552	7.49094303930294	0.289901487710241
283417	7.93481877877955	0.504534194532399
10329	9.84234140578506	0.564987750447545
57522	10.9644979120836	0.773391863838939
144577	9.11585899164958	0.264293077231574
115749	7.86973795500456	0.469223988807382
11260	12.7543918417867	0.488951822638236
29110	10.923331970044	0.434388785879628
283349	11.6607433265848	0.706417483978977
2799	12.7790712840212	0.738910993647442
23329	9.24023729212818	0.805463226778939
23592	11.0467757124124	0.373056324168447
253827	8.72016593016663	1.34157455595783
204010	7.69308591855595	0.413887996577202
8091	10.6160109054276	1.42901333514298
100129940	7.77761604616198	0.29680682482174
84298	11.0869804514281	0.351287970737728
103625681	7.83065559808526	0.345255982990152
51643	11.0505352433039	0.46814170583408
11213	8.86821531079549	1.23827592286987
92797	8.7895247800119	0.224988017780591
23426	8.58371600157224	0.640244967424768
55832	12.7807017724041	0.413888684952355
8445	10.8275563778236	0.992656907936246
56890	9.31178357287644	0.440371153729884
5908	11.6024812944154	0.908995246117493
100507250	7.78197725970851	0.183306461480401
57122	11.5918504929702	0.366412105599905
55508	10.1115525307118	0.348321815975115
4193	11.753510714862	0.684475828615083
1368	8.51074598735183	0.757491337888245
11052	11.7035345142645	0.153557472818672
4069	8.55438450378968	1.18185394889316
8089	10.0527308249727	0.29535764858968
10818	10.6697938397435	0.370407195823173
10576	13.1657875824123	0.417469674486707
144453	7.74966405222193	0.534383851910319
117177	10.4576776782437	0.994111244882626
196446	7.61929425789364	0.26393442335348
101928062	7.88621551182521	0.156880440922535
4848	11.3431139911047	0.526146129469234
27345	9.64481991918389	1.5540992878799
5787	8.44995493181822	0.745248563304096
5801	8.41509822081654	0.835218957091897
7103	9.46447622812352	2.06334646881808
8549	7.67304054905308	0.318024472679328
196441	11.1705862455328	0.364755803708834
83591	8.86598808068462	0.244645192160713
55266	10.6460046569884	0.713170295371788
23011	11.5036819269791	0.498209646082405
64786	11.1337787858741	0.399148193596583
283392	7.85839375275506	0.660240227390181
29953	8.22832560226614	0.936626511855639
552889	12.4259271946041	0.589932589536382
84698	8.54121563561887	0.361846704335939
256710	7.74914448226889	0.13092468329644
144321	7.78134901109221	0.22675806717767
11010	8.57247121266039	0.788441269808289
11103	11.031033678879	0.529505861915244
22822	13.6753214905738	0.830698703442851
4673	14.0578568127065	0.614909198723392
79738	9.9833691824185	0.411840448819104
114882	11.9308221254536	0.438180574379677
23390	10.2374646319614	0.382536168935578
1466	8.65713437551555	1.00285486402861
144455	10.7739717317097	0.819461832471187
89795	8.42084851397186	0.956282461787694
6857	8.39058425973297	1.06215386790872
5074	11.494251117082	0.746860133491667
4659	11.6988645328046	0.667293092713363
283310	7.68229086888359	0.425632231348432
374462	7.48593101556571	0.392405731605302
8825	7.5609717131227	0.289785481407775
8499	7.60076158365998	0.321526476820551
29080	10.6939940611508	0.252540187172986
84190	8.51306341724018	0.34316985266268
160335	9.82642345909143	1.10464568828326
55117	7.49002722384566	0.29049762378732
84125	7.70099185845808	0.346077050479865
8092	7.49584447001503	0.212560727436344
9182	8.10036661117529	1.02519259504072
4922	8.68020402853753	2.67008187771458
25834	7.67741658859399	0.832258295076195
91298	10.1072182441079	0.367064233780765
80184	10.11297148405	0.282038909648138
160418	11.3268555277641	0.405935290661721
4254	9.72153291337301	1.87875837360389
1848	10.9167444821464	1.62742142954355
105369889	7.83135789306854	0.238948539648062
282809	10.0708767517963	0.685381216184973
8693	8.49007566036539	0.268721414830452
490	11.8188622827391	1.12518180117694
338758	8.15435371877756	0.300392240541861
4060	8.30241993134912	1.29614150735121
1634	7.47829216880248	0.1448440600552
256021	7.61865348680832	0.316497752301814
694	11.5342008626354	1.15008347136772
8411	10.9835250030745	0.526756701127402
643339	7.63985222307368	0.178758750400538
11163	11.9774385114675	1.16586049129055
7334	12.3480924959659	0.468900259450685
28977	11.4942395544146	0.593277714119919
144481	7.70824138857276	0.195825702427556
8835	8.90136319473131	0.784527131489105
8738	8.90977794789068	0.217801213142105
10154	8.17474719511415	0.303446235758024
51134	9.87761251414614	0.397709647737433
144486	7.94767749797744	0.22473433321933
57458	9.10888773245049	1.03562643708713
105369914	7.68243635349338	0.219698792637058
55967	11.3688877066139	0.382079554974764
7181	9.90468677587269	0.32464323222248
55785	11.0017921685447	0.526018288596698
55591	11.6164922540431	0.469900835804435
10988	12.7211399088711	0.474097637807426
84101	7.75663656640234	0.643017610753754
59277	10.9343200176803	1.82077345510664
6636	12.1845350253113	0.551484417366215
120935	7.51088735462512	0.108729299817422
144193	7.74223106124048	0.205574295230866
3034	7.71089723826669	0.253488802962667
4048	11.9481222986571	0.598851680528947
2004	11.2876401784261	0.675726755523125
5128	10.5003044926757	0.508439333215458
144535	7.7749129490717	0.210498864699838
121441	10.9867500363005	0.393461859629791
121456	7.9144157186859	0.518928086302085
643770	7.64363133499727	0.120590314759465
100128191	8.89461538603422	0.31537671999515
7112	12.9653744785538	0.396997023773665
5250	13.9614686038092	0.39544859558592
121457	10.4570962301878	0.553587294282128
317	10.7564319644403	0.496396915601924
56899	7.62406711981546	0.361514142566595
23074	10.3390186798509	0.699718658810285
55592	8.57904080102831	0.358772520716222
64431	10.0818574268562	0.392397959544323
120863	8.14700977474451	0.178717727281742
55681	11.7373756991976	0.34614105144644
283431	10.4469880947423	0.441637966241397
121601	7.42488478162053	0.164976635659314
27340	11.4956280609336	0.526650111870187
400	11.6137301409284	0.453193989618295
56994	9.51911506172073	1.46443373190387
50511	7.57051070101068	0.147059316138081
79158	11.0425177420688	0.529606042371005
101929005	7.48321969635598	0.129672336389338
55332	10.3648539554284	0.829689413443372
51019	9.67354739632066	0.434675155759856
79023	10.7710244144142	0.413262841475897
55010	10.016398727753	0.309773977736053
5367	7.60185957970446	0.0673097400422215
5053	7.76204444094191	1.00919106776155
429	8.44382266563117	2.47880517488173
374470	7.51931536968442	0.37373225942382
55576	7.61361764258246	0.204200436191766
51559	9.24318817420833	0.608241755009243
253724	7.89654238492937	0.16102020053724
7184	15.3453429457666	0.544039303795543
728568	9.31817585332958	0.522560572989417
6996	11.5415406616904	0.770691503541206
83468	7.79363771444751	0.158944616955294
29915	9.46405839731363	0.428157132471458
4801	10.1271195660761	0.326393595390965
7296	14.245124713967	0.912869383235025
493861	8.17467420241699	0.712220790962241
50515	9.99736218025178	1.20114476505568
84102	9.63637496605065	0.485875976677175
121053	9.48333175640704	0.386998044310648
160428	8.18347320485316	0.60372491844689
414300	7.53848620193347	0.104195305863998
23325	11.5852670426005	0.446070220471232
55198	10.2446122079737	0.409225666359734
387882	10.2150330036474	1.3004121414741
101929110	7.46708317639402	0.159422426545174
9891	10.1554451440477	1.5080088202017
10970	11.5995395450269	1.27736693284782
255394	9.02827750740079	0.829296842437161
55703	10.1207888485703	0.612755139906889
55188	9.67875415598652	0.687660750389139
90488	11.0920202385745	0.631580021491735
80298	9.04950049017807	0.472193472900464
1407	10.4344078230336	0.474318349755943
121551	8.36991696737211	1.15484089548484
11137	11.2475373522478	0.427229965225565
11108	10.8716216949893	0.396303515713448
101929162	7.57811455228903	0.0952486840979597
9671	7.53283693923606	0.205356315886226
11153	9.73533433850917	0.755486737838384
9733	11.8583969002617	0.247627733194501
23479	11.3533446837972	0.329829747219757
6404	8.10899654246842	1.0646926131979
23603	12.8966608083067	0.549252247663657
54434	11.4451062114742	0.656135652431447
84749	9.39960961761637	0.299137040092677
100131733	7.58939654087812	0.244263188797479
121642	9.87191789574876	0.42033803706378
7374	11.4509036738504	0.64496782258748
32	8.80682003915264	0.929500921204108
121643	7.50469883707505	0.279105158188705
83892	11.5210369292139	0.331161451450656
89910	11.3561077273853	0.420760285423571
326625	10.4426038905777	0.339332501979129
4598	10.6973556631545	0.400068893106612
84915	8.98372857409185	0.978660931144504
84983	7.72892663006396	0.288340662203333
59341	8.28923669287849	0.839010625983978
51228	10.9832035048563	0.540021844482343
84260	9.97146991501542	0.402418984259019
9815	10.9291427122409	0.438366500678203
88455	10.7445510186528	0.624598079181382
400073	9.02669468203623	0.314548861265463
28981	9.7685859826757	0.385562142390391
488	14.2494831752869	0.425515474640853
51434	11.7008754189887	0.296799767094061
10094	12.9392961368064	0.380982667253265
51184	10.7102241442495	0.31632735653524
29902	9.59990455930775	0.817824039647502
51699	11.6065553243641	0.342575612583628
144715	8.02733161636478	0.19231302664379
160760	11.0473130251605	0.40844375168134
79600	9.31653862532723	0.764408024534919
84329	7.63146858250591	0.223332288519173
5501	12.9748399185748	0.380960903677305
23316	7.48250808780385	0.177628186022031
144717	9.67666453137065	0.336206256611714
10019	10.6822315989031	0.523383618591236
6311	11.0788456865627	0.301407831234317
8315	10.4983081091114	0.178903669235471
80724	9.82099160502539	0.470123525112677
217	8.99253275398695	1.29511807118603
51275	9.75959180872117	0.33713216476148
8550	10.4681256330348	0.380401711794447
89894	9.06513176141592	0.425036975027409
8759	8.12315418597406	0.141914321780081
10961	12.6742916282659	0.488275111396296
80018	11.4452747942632	0.412454456324287
10906	11.1679040473111	0.740783748302125
283450	11.5897752997021	0.508048566964175
6128	15.1821571272131	0.361807157132609
5781	13.6201586275252	0.401970379417379
4938	10.710734215618	2.00612303468959
4940	11.5554440230627	1.58846910195038
4939	10.5180387296009	2.26246210547849
1840	7.74903420594998	0.500254844522659
8437	8.26788142861506	1.04008754776737
387885	7.5406071585457	0.136389066378308
79039	12.0585892960385	0.316186371314984
84934	10.6181385752525	0.458582268849138
115811	8.42485761205298	0.478250252634277
53373	11.2094180982344	0.669693490853575
80024	10.0494687799303	0.616063109055331
196463	11.1847798544058	0.424214086821631
113675	9.32411130625697	0.750045964624576
64211	7.82824379612232	0.53986194283494
104355219	7.41570904563329	0.145471462598982
100506465	7.95191665122379	0.793455979854068
9904	10.890076940856	0.441605813793329
6926	8.07811583929502	0.724985993123592
23389	11.715534136999	0.659015815845121
100287569	7.60449414835544	0.280019028084108
643246	8.30597732819902	0.242776849361865
79794	11.6100431139094	0.50069051274389
84900	8.78231689550536	0.389706818027008
8739	8.03927290685585	0.648292681335191
26259	9.87083043090541	0.349745541800793
100506551	7.56178820047525	0.0979351096049539
54997	8.02153915388174	0.816504678833178
23014	11.4078330845632	0.317201747109058
283455	8.32223415518032	0.782479360163075
5985	10.8022906261124	0.393340626336816
55884	12.2688932355249	0.523768467437082
54621	11.1487874789584	0.575062689547443
5037	12.9250861831259	0.603833247679846
51347	11.2698352745508	0.814493989749771
64426	12.2089155856363	0.472476709774672
84530	7.79784705249393	1.09580551940323
26353	8.61798366206622	0.934868658622565
160777	7.54396886596393	0.514013602638699
387890	7.61398474147882	0.64237102730273
5564	10.7714065145966	0.556415141013509
11113	11.687823845972	0.458450448959933
92558	9.86437360279249	0.794620521635588
11021	11.8146870675885	0.39095147956456
10985	13.3422094660436	0.38339838168419
6175	15.9775259510626	0.314013233559617
100506649	8.23701295163111	0.211704208406868
5829	13.3545944359631	0.935316352689713
26834	7.52688981720907	0.125530417710476
23409	7.96506816631577	0.362459318957702
4440	7.87547611538486	0.636539677417034
1337	13.2835130951237	0.38212320885752
51499	10.4130947921039	0.282901400690824
283459	11.3188390982146	0.327724036889625
8683	12.8465288889632	0.440069949288504
8655	12.6440271836314	0.312961321035482
100506668	9.22316213559689	0.433980490368061
84274	10.5855051902687	0.549484592716016
9921	12.722395408923	0.350522729233159
51367	10.1189058474518	0.308867041115931
9478	7.8560480603313	0.456798413003871
9761	13.8714584670425	0.684551735673878
84747	11.449262205093	0.452119997533535
35	9.28803742498132	0.52537188554914
121665	11.2566022855935	0.237087696361265
283460	7.46493374555074	0.365688868556214
6927	8.48640751748913	0.971022012675667
64897	10.2973213480754	0.366365395761924
8638	10.9511234995069	1.9348180496555
5025	9.76333339687704	0.507989750275451
10645	11.1566770576723	0.340980110169322
51433	11.8870474153007	0.527614783618982
80196	10.9388304163344	0.430074219311123
84678	10.5475250831274	0.659993907118871
84876	10.4616593623858	0.498380657965131
283385	7.77959829661737	0.214962977889656
144404	10.1621874357238	0.47916594668385
54509	9.69279753740703	0.888023786423614
338799	8.5855935539748	0.309133721371
23067	11.1690245881683	0.306353429052539
3242	7.85936744875156	0.188727609127366
5715	10.8416290808209	0.290922344252098
144406	8.1771822507377	0.39337138674816
605	10.4367464981204	0.609346348042232
22877	12.3325881816342	0.879801915826705
254050	7.6451769395164	0.165402340821071
79369	7.98132486368638	0.300793069485173
56616	11.0724631187336	0.311727880112541
101593348	7.91180788113028	0.380606912495071
65082	11.2271508862818	0.513097084090842
6249	12.3574942073904	0.765593759232868
100507066	7.91011035314817	0.253471936659489
55596	10.7202244941486	0.195274257257296
65117	11.6762615473399	0.21148788729674
9735	11.1667243684395	0.377814514942967
338442	8.25705339226327	1.0182348640314
8843	7.81151324440409	0.723721566059305
27198	8.78680177025492	1.39594806934577
8562	12.5796969252848	0.369466057680902
84660	7.67623836835807	0.119413062089087
9026	11.3855917348221	0.608043727888215
79720	11.7503356911028	0.660108944735488
23457	9.4657059603097	0.659556877654746
79676	9.73676292805127	0.211413283868393
51329	12.1808307993365	0.319699354588959
57605	10.3042300690747	0.737120119635422
10198	10.4185927964417	0.348810475591939
91574	10.3244097057949	0.236340918480447
8099	12.0517020027754	0.40601507013754
55206	11.7722770826678	0.537133398871902
100293704	7.86205316392994	0.220989303614504
387893	11.6148733285653	0.474656053093843
196383	10.0839626679212	0.903638264656977
11066	9.69449705131407	0.247548514963244
353116	9.35116573854639	0.587489385391053
101927415	7.6929047624511	0.165981600843129
10959	13.8315477677487	0.710573479979334
57696	10.6190886373563	0.371023539335442
1967	11.1395082515039	0.396902519500952
2967	11.1141891356402	0.340750906458847
79867	9.72763292090604	0.560845183319737
23545	10.2037149539454	0.396529714805762
196385	7.56157580148757	0.164604722985859
80212	8.72191375325032	0.429758851984034
144348	12.9304315285346	0.54518568779737
105370045	7.77936815819078	0.507494920014692
9612	13.7065268281356	0.845995426176143
949	11.5095860942151	1.1777021149721
7316	15.2011466034169	0.427987344809916
57647	11.4800912842111	0.479512620600863
140707	9.72774450301971	0.440075498105755
102659353	10.1025554401935	0.562866854424734
65985	11.0931113653782	0.693431481916895
114795	7.63665502737085	0.241617684415512
387895	7.6563671656433	0.274875442627607
121260	10.2370594926245	0.342167576094158
100190940	7.7133845159102	0.959727777613393
23504	8.06922965918659	1.60065172341947
2054	9.45708708959095	0.59537632748681
5901	14.3991995558274	0.375992294866636
283383	7.65088381242961	0.571318770880926
6433	11.2064459108298	0.22540601912291
4326	8.52274691132722	1.07027517023882
8408	10.602903129271	0.579365138875395
80324	10.9432287897721	0.414997156317493
57634	12.2196865213617	0.34529001491147
347918	8.59818242165799	0.177298267010516
317781	10.1446717992955	0.349952191423317
79050	10.5506330188526	0.341460138660404
50614	8.53274257803202	1.12885722242234
100130238	8.40022619837139	0.891487004395186
57666	11.1297419618476	0.437138816838542
100996573	7.99090069382241	0.228429015101112
22953	7.70917070467708	0.196000847333453
5426	11.7996422830761	0.498307353232402
5827	9.76863359342391	0.537003004501157
192111	11.8542175874986	0.61160179480013
23141	12.0604034350873	0.379849550752402
2802	12.1524136944697	0.56945012482805
55743	10.7619875530376	0.664158885616127
101928530	7.63514205882408	0.136479358073547
100289635	9.3713250851003	0.529777481453737
7574	9.25685009191074	0.18678145084882
7637	9.74264903020529	0.322901356076496
7699	9.50368275039611	0.226707890088608
101060200	8.31406467242571	0.2142697683827
7556	8.89487315009758	0.372976624715172
10795	9.7900160386872	0.250255427172197
54737	11.2121287876459	0.513581883835609
55269	11.4125199225018	0.453134922203462
9205	9.57518974234577	0.267256969861469
7750	11.7466534881611	0.159075772287062
2700	8.87175865319038	1.17305172030465
2706	10.2370360792185	2.06074088629753
10804	8.80062717110129	1.6222007472737
51084	9.04714322191075	0.503810633179785
8100	9.37794826630527	0.503894583255443
53342	8.61635278474093	0.371475321741616
221143	8.95532531508492	0.376627223027386
64328	11.1420917080415	0.270821729616446
26524	10.6689925971208	0.745931509878693
10284	12.624559345309	0.522529176426362
221150	10.249613718646	0.519492672170048
78988	10.9333392589232	0.509169398839253
101928764	7.59151685511878	0.127943679794317
650794	8.03396420304974	0.323222313959513
253832	12.0266604898874	1.06384796755914
221154	11.1447539437289	0.42610077363902
2254	7.58980394281743	0.298360329027567
100506622	7.48800998549263	0.350001814605159
26278	10.1750085510022	0.790811295618924
55504	7.99983880662753	0.70332626789846
4285	9.85390318877017	0.465934870666948
542767	7.57783134226614	0.148078324237598
221178	9.69534395464517	0.790387344130348
143	12.3158717284241	0.461449528626686
105370295	7.53374734356161	0.206230030789047
101927375	7.4878488207526	0.156905549115956
56163	7.88742493038905	0.310914869581284
55835	9.91018113569366	0.379236977432582
646405	7.56814879560033	0.36429635674081
5042	8.28088191854771	0.159619752834414
9107	10.4503593681195	0.480354614498437
9818	11.5499015126169	0.44321082518134
51761	7.62570669289476	0.447986236629734
387914	8.67450055963533	1.68939981822985
6049	11.3590613663383	0.439718892873422
1024	10.8526130601014	0.444421180177302
10810	9.53711697261592	1.3262349846134
219333	11.6574721387876	0.751243866526539
100874071	7.62788058034252	0.151786493586369
6144	14.1979848493383	0.306542926300236
26771	7.73272987688923	0.0736842839297945
619499	7.68983146336144	0.104742597012448
387496	8.65781328168994	1.28031391067143
2971	11.7771516509962	0.365229505927316
219402	9.83368151993097	0.286850041977002
222484	10.0841890697669	0.373093356432732
51082	11.8180422819593	0.503629038664053
100861550	7.57951228694201	0.280640100943026
3651	8.40629806328499	0.825796925181572
432369	7.6765609702175	0.0547250606108562
1045	8.36075415831022	0.652341570306415
255967	10.6379870790192	0.330295601562906
2321	7.74745801878615	0.668136107435937
51371	12.6053341360822	0.409548292939297
283537	8.70436861579675	0.649317273489468
23281	7.75378179800703	0.39649924353048
6541	12.7290304628761	0.500201427500739
5412	10.8422537553794	1.03549142938197
84056	9.95755502662925	0.742424228354758
103724387	7.51946130362419	0.123840642332359
3146	14.0311598812818	0.561901540936152
10208	9.98357284414125	0.331361473169571
241	7.59653710322826	0.25763203960287
10808	13.3002267419135	0.719748053631171
145173	9.74661807572848	0.53300172958921
196549	7.86860306030758	0.649589895790734
10129	8.8510071249753	1.70063136511459
675	10.5162935249161	0.221275763910036
90634	8.05206412528825	0.28438322250509
10443	10.6426315644541	0.414413152395008
116828	7.68543186609081	0.0822106134658446
23047	11.4186084975626	0.509992825715728
9365	7.76106025570358	0.452995376856745
90627	9.59587973560832	0.763717560095786
5983	11.1918909441969	0.578554624499258
100874179	7.46385527390363	0.353420203561798
26960	9.67174230117044	1.21847923354403
9201	7.81906837529298	0.49856733213819
23111	9.08981056883132	1.6987421650956
8900	7.4624141028709	0.233606232703729
4093	8.37072364080802	1.13454323095133
5994	8.85436499799392	0.294662380564329
29880	10.5053641598226	0.421529368328005
11340	10.8096851121309	0.327056693219974
55578	10.728605020136	0.507974915130353
10631	7.56099939275156	0.275590008094757
7223	7.83686781305047	0.588036868549875
100874188	7.65432992207529	0.16033358236645
51569	11.4144740992276	0.493162247343643
341640	8.16165866043147	0.76355016926153
80209	11.2930318973004	0.573190430527223
387921	10.1678558089095	0.510268357954564
10186	8.59958835606298	1.02994566325443
57511	10.4425466014216	0.387606050467244
105370172	7.44320669110735	0.160723516266603
2308	9.39613870345194	1.0659378314145
10240	9.61997463821324	0.344296144576019
10166	10.0792880969996	0.611921453858417
100616668	7.7277958480381	0.125667359333067
283507	7.61792634931214	0.141047768738582
1997	11.4739636194698	0.756117826497162
11193	9.99524808523441	0.2614086901557
89890	9.95104290640182	0.488238441508391
101929140	7.75281177028252	0.114565018222832
84078	9.27826584515691	0.319528580549826
9617	9.17831497825543	0.380987956036962
79612	9.84577542729775	0.365670582736956
28984	7.9678875361327	0.419225946174185
23078	10.5514749992119	0.353009469080498
100507240	7.5003546556176	0.139160878561796
160851	10.6721854898486	0.656991212460358
11215	11.5637481110842	0.480749374271292
8600	7.41636869867591	0.175578534771696
94240	8.87485436279647	1.56364859497083
29103	10.0708961839938	1.24603702017808
55068	7.94112183709938	0.57765320031091
160857	8.44788118168408	0.219236350623552
144811	9.20701816156724	0.626924202301965
101929212	7.67445695538222	0.167295208942853
387923	7.69564785080025	0.563265497848931
400128	7.49939558183514	0.43654063363184
8848	11.9448670445791	0.844507350740746
641467	8.53842535014655	0.369688863259952
26747	9.64573722273226	0.264338019322005
55425	10.0161607940919	0.304059882749163
2963	10.7811091928463	0.563069480602152
7178	15.6047544769412	0.459731020834736
100190939	8.45303529200372	0.274033479288004
253512	9.84825404163574	0.705362343484086
83548	10.5470755538112	0.581893306213139
220082	7.60153706667324	0.374037504346529
23091	11.8894413561649	0.375916712337321
100509894	7.72621391067575	0.571132374185426
3936	8.26559180794405	0.525030222833879
23143	10.0991164858182	0.465963722547027
2098	11.3934411209613	0.325297272615411
100861549	7.58851092665036	0.128292725630429
8803	11.0217937620705	0.43804409481916
101929410	7.57281468616727	0.134780460530654
55270	10.116605913715	0.665563424552356
29079	10.2697884280685	0.41897783530932
9445	12.7601809559253	0.619858322527716
5925	11.6140672896139	0.473842878585588
10161	8.08754450240148	0.773916129324584
1102	8.68700979496425	0.355112004259412
22862	11.6510934792676	0.41510318270081
2862	7.47876291844987	0.137735852828949
81602	9.29143984638035	0.374487359945624
81617	9.68527834233676	0.758523383670648
83852	9.26767516587538	0.342784116463283
51131	9.33353575452534	0.545890170966186
55213	10.2569339992093	0.455955347755227
84650	11.0437499883731	0.472607514432018
3839	11.5793372889568	0.460436828814308
57213	9.87626470577374	0.497337501325319
8847	8.7846536490565	0.313185871714285
10206	9.61390974583111	0.334663310183231
283518	7.67804820955998	0.0672759116548103
10301	9.74819821345361	0.420068534853935
145165	8.17836775836195	0.164290610946531
220107	7.85355084210302	0.163315890661629
100874255	7.67790124842174	0.111234302853962
79621	10.235756382313	0.348487242152048
2974	7.88244015900024	0.183979022821294
220108	7.62440191694876	0.220335546111833
26512	10.8394025776608	0.446550687293873
100507398	7.72626124558589	0.170853331950928
115825	9.7985195768947	0.658305459554092
79758	8.75831948102327	0.254632918265986
540	9.30553995178743	0.667177862216707
440138	9.36891309254173	0.194620100356929
9724	10.462481057383	0.32840601922475
341676	7.65445127243847	0.226498784247438
4752	8.66299620873302	0.851181124956996
100887750	8.34330910838092	0.193505531532197
55901	8.23600256321677	0.902130493039827
51028	10.9363512093966	0.333520466602048
26586	11.8637525027946	0.478547533401387
144983	9.52527896918384	0.330190622411481
10910	11.2727664464122	0.363363591688772
10562	7.63434911937591	0.462371393843353
81624	11.11589636416	0.575138209762758
81550	9.40299037076377	0.268626909998984
64881	8.64788984129204	1.72281573871382
104355293	7.3905867043865	0.152630488432477
5101	8.2143794041416	0.740963986003892
1602	8.26108917726778	0.728510863297678
440145	10.8337171748111	0.791329354379462
79866	10.1525536744785	0.541412971514597
22894	11.4374430761465	0.420906181856017
10464	9.76533492698796	0.329929879815389
688	12.1384946503091	2.61928349439855
11278	9.2065409279332	0.903343010825404
9882	10.0125043861353	0.835024188410063
170622	10.5304249597969	0.471607508149627
7347	10.5171551858467	0.524587023804962
101927155	7.55629316787841	0.252686310510612
4008	11.3947121751326	1.59493250136224
115207	9.19799010751139	1.55607224229959
1203	10.0901179987759	0.453695357021959
26224	10.718184273162	0.485235329604728
23077	11.6955195095902	0.517234485744014
8796	9.81545866143503	1.90366786541997
122060	8.85451165241548	0.868150987609526
79596	9.5227764543158	0.36124962932255
64062	11.6825346364431	0.303653037471796
100505538	7.89287615455108	0.260008489741721
54602	11.5926659155426	0.786122051189088
101515984	7.39030179440479	0.151637330738707
10253	10.44622426272	0.892856440454584
114798	7.51713681611573	0.2373333774223
84189	9.83683022878617	1.96609281202567
26050	7.80033722019351	0.623913951622577
101930749	7.56018255307295	0.28429797084836
101927224	7.41639762386927	0.157289439770292
407975	8.11929644223618	0.275294683830461
2262	7.56498353726847	0.27505992666657
100873969	7.39738977858585	0.171479460197615
10082	8.05884657402951	0.934633877862661
1638	7.60438216482097	0.112464444512833
23483	9.44465759329971	0.305666063994026
160897	10.4340607282758	0.560646561043481
11166	8.80049487049296	1.54004431581263
105376685	7.69396204527197	0.406189839538037
100507533	8.21642212544361	0.914697996270567
10257	9.93844195614033	0.924930020977722
9071	7.81922493109031	0.637790894275525
100874194	7.67434210968422	0.414393205109379
22873	8.75151398869505	1.37894792681301
5611	12.1113310167316	0.717473503216883
55757	10.233706976281	0.395419128009887
266722	7.70013870933333	0.515079554314238
27199	7.46635814371308	0.258315672725881
10150	11.6001047195858	0.678814614885189
5911	10.8196179921215	0.87461396303246
3843	13.0764075090386	0.548547651980139
10160	10.6052418140702	0.778937288944906
8428	12.4139804142855	1.01217319707177
6564	8.43797590077024	1.20927068375736
23348	10.6018565655105	0.871320247727324
100861541	7.82738539999289	0.165575658705368
100289373	7.97560929965138	0.191464900713721
337867	11.3817213786738	0.620383428442878
102725509	8.41979791210012	0.313911491455688
9375	12.8081674741293	0.801918910720599
171425	8.12027214623991	0.302600610326958
85416	8.48642412109842	0.499188056132808
7546	8.71247425406705	0.695576519041311
5095	9.51432780876603	0.421264585531296
87769	8.19056075672641	0.443127261202475
84899	9.24917217608884	0.408804819875067
105370368	7.65180581843981	0.158717463592607
259232	8.50304573804978	0.999486530340948
9358	9.60742577441538	1.444862060264
2259	7.99169404849233	1.08463347186456
283481	7.59002095124083	0.287631255714089
7174	11.2700448942577	0.42596437860741
93081	9.72676753581846	0.419009165924875
79070	9.18581603858816	0.558380112951176
54841	9.06052966276064	0.447465369007033
2073	8.6231225248837	0.307241059478687
728192	7.71862981344319	0.338439001397422
1948	10.7634049727557	1.73447041915979
55082	11.05980796762	0.584562246829253
728215	8.11499249165428	0.979203267719769
3981	9.97489916866608	0.370369862144805
84945	9.9788744435941	0.426683431397534
10673	8.07127400946099	0.913968265532562
23026	7.73998458347144	0.125423071264937
100885782	7.59882227488196	0.222826619834818
8660	10.7155056770843	1.24825606454854
1282	8.49451206064393	0.819608212853969
1284	8.93250519069836	1.32843816605323
55647	9.94495179193938	1.17084659808328
55739	10.468296662369	0.606439322699435
79587	10.6705141617973	0.721575286217262
105376684	7.71735761495027	0.171972538852016
3621	10.0506522683564	0.482961836200471
283487	9.23073743387951	0.473809042439419
55608	10.380121989676	0.47393249968321
104355135	7.89968206729122	0.446737469435756
8874	11.0935067163172	0.322874986493426
101060553	7.59364473588386	0.12381090971661
10426	10.2538555919992	0.530806226218589
23250	11.9648034390133	1.14025749299216
23263	9.22299559771963	1.46700893437741
100289410	7.7196576053898	0.5634074882571
2159	7.71992009051373	0.24220737262763
102724474	7.77622121094793	0.184421380083559
8858	7.62803695719135	0.229230674164558
55795	10.5479354543962	0.503806635671812
8451	12.0629559002807	0.446821738734568
3916	13.8258320428563	0.558679386063829
79774	9.11472254968503	0.543309291386104
101928841	8.21915068568033	0.518482989266548
113622	8.64339107875596	0.382797650439933
55208	9.45059258891003	0.306513046120174
55002	11.6795574544452	0.519731436005963
7027	12.6696591729883	0.624263035877614
348013	8.05091518789725	0.367079411180052
650669	7.64670077278085	0.184697410688733
2621	9.81106680812751	1.28460099264577
100506394	7.88577084846895	0.317058884858033
100861555	7.62196960933829	0.280297808260628
100507747	7.65393134987401	0.178502412599247
22821	9.81906525939698	0.934549360828557
8881	10.9475571112683	0.257630965142827
65110	10.9417883471093	0.250633348870956
283489	10.3820105934866	0.306039115117935
641455	7.40107449510585	0.136354448755973
642477	8.95378137528359	0.576602509286705
503639	8.43127179311299	0.424665249587416
91875	9.33367210543233	0.514314728750269
57820	10.4286566124784	0.525271510211095
85495	8.06304253410177	0.1626401935552
10038	10.7821457227504	0.371329713126419
7011	10.4190663295749	0.728309097593125
123103	7.46957278953373	0.190073191081408
55644	9.79230680610618	0.427107524303984
328	12.8585017617789	0.319780198275243
90809	11.0937404767884	0.484564338750933
4860	11.1958075845564	0.729111756583173
283	8.16134285509047	0.356538199892867
6038	8.66223344633191	0.543087676549947
6035	8.33316457882213	1.29906798696799
64745	10.0293800653279	0.457414072476197
101929718	7.57206606362179	0.166886000040731
57447	8.50176203997029	1.22122585312223
84659	7.53393912161085	0.317334609081334
55701	9.2218562826226	0.947826662220626
51222	10.0716290496617	0.984492648875897
643382	7.61889377986131	0.184976864862272
283624	8.82503206889296	0.220729684651096
3183	14.8244351088451	0.352530442612498
57096	7.61665157565881	0.069452884607544
11198	13.0428731375917	0.459999860543186
57680	12.382390103327	0.239931191644933
84932	9.92788310320869	0.309128905365771
9878	11.696284789645	0.271164241275697
56339	10.5720321187968	0.325478056971691
6297	8.41595973148937	1.12847164703195
28670	7.41475223597046	0.19062064634563
28655	7.40120117081475	0.155632788286623
28652	7.55343481196387	0.373275446348117
28644	7.43471261068727	0.164976774545567
28642	7.52288533894792	0.321324904405692
1603	12.3339576361152	0.301778674637795
63874	10.6324556234695	0.711612247290658
5018	11.6360016489713	0.507464453761817
9056	8.45795493082519	1.19531853201194
122704	11.5693223388611	0.302014351392339
4323	10.3276435402298	2.26153469250859
26020	13.075732187066	0.758876634729902
161253	7.63075267271438	0.135234008543146
55147	11.1854470296553	0.260696108520003
10419	11.4216623317562	0.421950625949021
54930	10.2363030530615	0.500497826523017
84962	11.5824617973217	1.03655616181505
60686	9.19304440718355	0.232199109252301
5693	12.5667659065964	0.480677304538624
64403	9.41714649937082	0.582086107147364
105370705	7.63222283187965	0.155070967466331
22985	13.0359778622136	0.368478070567557
55017	10.6183651268125	0.37697984127386
23428	8.09212670413931	0.55116676844695
100507650	7.69084492567063	0.146673567735767
57594	9.67783597959442	0.456094792468501
90673	8.63716695723528	0.220866120436524
105378176	7.8302256693378	0.11885606370497
599	11.0420755423851	0.478208032375789
100529063	7.60471649814659	0.117165872653438
8106	11.0033938521556	0.148797899391578
51310	8.07230987893082	0.763554807502183
25983	10.3399002859692	0.315037768884899
79178	9.28285596060099	0.233852246523392
85446	8.81439028189965	0.776715970335782
8906	10.3678660222579	0.535833196315186
102724814	8.03555210963801	0.127200448242949
10202	8.6798923715897	0.645224534600085
55449	9.18587228585384	0.455654978656385
10901	9.15400771745803	0.618003132960068
317749	9.04070243902083	0.736201991807427
728635	7.89964728713789	0.263112535162009
90668	7.86790353212682	0.406794744370224
4901	8.06125308884513	0.191850863321066
5106	10.9725729796425	1.00105092214151
80344	11.2216977255311	0.424128236836062
161247	7.60440467032987	0.0657307844768508
5720	12.2042318741415	0.92843591428896
51016	10.1189351420559	0.389387190630273
5721	12.4663423583509	0.814734005919498
55072	10.9213861291418	0.395290320326742
10379	10.4825585900762	1.01006179436661
9985	8.30682566897937	0.210123088764493
79711	11.5435815586442	0.675345783611755
10548	11.6502356290251	0.324841487633725
283629	7.97131489096197	0.135645127442387
29082	11.1823399039039	0.319324090779691
145553	8.14073686764283	0.207559005776099
4738	11.4999728236362	0.429991471973125
51292	10.9267846804533	0.258451502076126
26277	10.408246646581	0.320911466300249
7051	8.07968679326856	0.518622427752986
5875	9.9169019106278	0.261795072502373
115817	9.36734820714323	0.442698645857623
161424	10.7944306505299	0.436394797652998
56413	7.9183807777371	0.140437233485901
1241	8.57833296860476	0.393346580264053
196883	7.58519859691892	0.199982436977986
11035	8.13575655108584	0.847204747534147
4776	8.16005149146672	0.51246445188183
57523	9.01790203712482	1.58935412077198
23351	11.7704682701293	0.537237136274518
643866	8.1089818200157	0.206375562393661
56948	10.1054247638953	0.463127996548087
101927045	8.72692827734802	0.383038062734838
29091	8.51588073458701	1.26598970683581
4857	7.85936848014697	0.797958367223891
103695363	7.43708649764828	0.240076782669668
5587	8.0416789107809	0.802246126876505
55632	11.101403696484	0.527056786640289
23256	11.5336114126448	0.566666424130315
1690	8.77362729776361	0.975440528900326
29966	11.261584210356	0.483258845865476
11154	9.51189722762535	0.499311399987505
25831	13.3023604458882	0.573616210767905
25938	11.1261537266633	0.351843226504776
101927124	7.65119151186707	0.0898180753398035
112487	10.3878173243333	0.327601205471476
80224	9.96481644760334	0.533119734790676
84837	8.88837904080692	0.694991392326191
394	12.8711236013097	0.690956629636602
101954278	7.80958987793636	0.0896208130111916
9472	8.50752489900953	0.62176588512729
64067	7.65459169298132	0.378783439169924
112399	9.03736974464152	1.09303330492584
171546	12.0787535874824	0.661941920186004
55837	10.3965764917333	0.577677710262902
58533	12.0479816178333	0.637185843537771
1073	11.3546127647518	0.700738065712723
11177	11.9383404357377	0.592539486670642
6729	12.0075624449659	0.548578813361204
283635	10.9854251111	0.500147125521392
55012	10.0027975630995	0.545424903863561
9692	10.7191505769398	0.57475168102389
5687	12.8284139844662	0.681460985871052
4792	11.4951346315505	1.01112607488411
84684	7.51553756055124	0.118842242911815
253959	10.9168241020328	0.554059192121308
84312	9.57336518035929	0.655500412795122
51562	10.2026552100959	0.651305625569134
7080	7.83785317826852	0.698322698719694
100506237	7.43406721068168	0.182524053274294
26257	7.86236759437421	0.849704395317685
5083	8.19166358778102	1.05114928819115
89874	8.28502946431	0.755823178099315
100129794	7.90060012055885	0.271890649530078
145282	9.29514578288349	0.751318346766449
3169	10.0754388339938	1.73821282366343
319089	8.35805857679624	0.700890988275689
6751	7.44721503009749	0.178800749392182
283547	7.5303266543308	0.229047715510891
10484	12.6032099844837	0.913206928469205
8487	9.75991304608346	0.502904202962546
122553	10.8049969345142	0.686148655136417
5411	12.3997221055771	0.549435027240506
117153	7.78876666415895	0.37898851349926
4253	11.4670553129673	0.777120080401878
254170	10.3173147957868	0.638179787398158
644919	7.78000296561511	0.686253326279317
145581	7.70120868889579	0.619768045895277
122525	8.62353212285069	0.298237237922611
54813	10.0097542758009	0.327153215767525
23116	9.98606985321731	0.349344161858408
55015	10.2156540561632	0.304722083712099
2287	12.0764019914507	0.458019404619078
57697	9.99531878670185	0.361679163797082
55320	11.0599829901715	0.539265287426182
161357	7.43283958547052	0.182495490979086
100506433	7.52224494422807	0.475293185487403
6235	14.5640483783461	0.517288086478491
6029	13.9821936721798	1.02455059062548
122769	10.6112060163906	0.525201699526262
6166	13.0498253937333	0.544819673353804
4247	11.8454359550942	0.462410083207127
55172	10.24445627948	0.317001011228677
5427	9.64847952364979	0.428909395184896
122773	7.92883546551657	0.159682771242227
23588	10.663661493747	0.53494604791059
9147	11.5039878957391	0.31893013619757
378706	14.9418760211411	1.08248154486087
382	13.4532469980711	0.48868558102548
283551	8.78029688672094	0.808606675542894
100506499	8.13255992390323	0.507104770345373
79609	9.27932260948978	0.211236948210016
6655	10.705492810809	0.372606344698981
79944	11.0412370270321	0.391723096897383
27109	9.61232343925389	0.129449727559621
8814	8.43423484635189	0.218465288410764
11183	11.2629297203346	0.513117581125266
51062	8.70254019876007	0.566317142298596
60485	11.0907860963189	0.653241937581963
51199	11.3266887779558	0.553214765805484
145447	7.52823075995947	0.180739471743993
5836	10.8631738065424	1.76846519438189
114088	8.52516405915253	1.20087909954058
81542	12.1514195239208	0.340526082224032
122786	10.3904744703514	1.21251692497152
145438	7.91938879896491	0.208808523226799
54331	8.00724500192385	0.73642133173936
51637	12.0579507292962	0.388077910746751
22795	8.75402413205633	1.8696883171651
5732	7.70796473939033	0.418580690130305
57544	9.42074999318857	0.475833157982274
283554	8.40263807956726	0.370674044485199
30001	12.8926042423504	0.567661915546003
5706	11.987327957033	0.405641609341751
6815	11.2071595008221	0.404448554405746
64841	12.1689517432329	0.440568057006756
10979	10.3384799272394	0.868973062258036
80821	10.1880219214253	0.205955414539127
652	9.20722555496609	2.30259467807591
1033	10.5066828168206	0.799552439390455
10175	11.9435479141469	0.334823386816036
2764	12.1969644613764	0.45634634169312
10668	9.42333204093646	0.19283497927158
23034	9.62213045697774	1.10810729590541
2643	9.80228710715291	0.757584785804284
11169	11.2370330550822	0.454172324954334
122809	10.8034929127067	0.468171435223669
93487	11.8568247385972	0.405810735866291
3958	12.6094263160701	1.32013984950713
9787	11.9782078365493	0.714687078901616
55030	10.9119036946411	0.663094638185833
22863	10.3853499573183	0.387535570329602
100129075	8.40738850795506	0.312784043916507
3895	14.1491983391003	0.496071766739939
645687	7.58312598053328	0.215400932155806
57161	8.69231814339783	1.49818102617571
54916	9.9403299096038	0.497886089297006
10640	12.2242542861412	0.38213825289824
55745	10.8704756357469	0.395909253901282
122830	11.0846320213582	0.267580065836644
55195	7.42489649738454	0.150792078269781
145407	7.62288860441373	0.19075372262069
55860	11.0432996706921	0.318046231725467
5684	12.3271515596288	0.435882556784232
379025	9.91764542061942	0.487308217282305
5926	10.8594686375651	0.379195583264179
26520	10.2039499048575	0.434860728597339
9786	10.4892112845875	0.472032150324712
51339	7.62723621572839	0.330799739067583
23002	11.1089618435611	1.02470032165448
64582	8.51576250964807	0.171992908771539
112849	9.11319884903632	0.465573049715819
51528	11.0917241578822	0.268938992938764
6252	7.6075971025926	0.259933423139567
341883	7.4225085425859	0.171722113665674
64430	10.7080918044966	0.884695175930849
51635	11.3187548940942	0.557556788394327
5494	11.1139245842054	0.444667100018636
317761	7.48643800460078	0.144392380149687
105378189	7.60496735830496	0.146683016081555
6495	9.99184771087193	0.58523407452785
51804	10.6466749391842	0.570845199816227
4331	10.4089630119657	0.316122590931914
57570	10.2935062819082	0.358996030487228
145389	9.79878315068257	0.450705571212506
161291	10.6510045426138	1.9255160860751
5583	10.1294887171519	1.08651181655804
101927780	7.7486000386738	0.31249772777232
400221	7.73833975691761	0.314222100280105
3091	12.4610999049884	0.458631438545587
6617	9.88369212827669	0.342035817164135
83851	8.05643210098467	0.817139186187597
27133	7.68147953448941	0.830366857827124
57381	7.46756557254542	0.190836761573822
5529	11.8923438354798	0.296135757661253
112840	10.0305747210948	0.285820811292961
81537	10.7316616454854	0.593472578655256
23224	11.9444438539546	0.409554657467626
2100	7.90173096443431	0.140449891808991
4522	13.0230208581032	0.370639431127459
7597	9.11068886470754	0.310632503037884
9495	8.42450013668539	0.345144208251121
22890	10.7110768309054	0.367411892235559
3306	10.0868903531465	1.04724441582972
145376	8.06756238457952	0.434655062999157
26030	10.921232621262	0.842895105799454
6710	9.07549502959757	0.974157155976819
91612	10.5412799688635	0.577129179378289
2877	9.96442398658639	2.50946171804424
376267	10.6361995388304	1.31089734034602
2342	8.24195573212887	0.141960525705328
4149	11.2695053422748	0.477109285237248
100128233	7.42382479768464	0.171569302446315
645431	7.864192339564	0.354120336216261
2530	10.8874589238925	1.14280452702797
10243	10.1143056725612	0.34602002239122
161142	7.76551408466295	0.620454451536267
64398	11.7497973804291	0.518763267196825
51382	11.4835669270797	0.391731952515703
1965	12.531220583651	0.412273014411407
26499	10.1703522718847	1.62136552554336
161145	8.22924167386593	0.547860844861928
57475	9.2631807975122	0.479149041412585
5283	9.66195247690347	0.382761446254775
384	10.1498641939717	0.84444422256334
10490	11.1931735387686	0.402564384649703
51109	12.4668968459999	0.626047759803227
145226	7.64016416442155	0.163415311257484
23503	11.0650065865022	0.435254481268382
5890	9.04785939530833	0.310585139398114
100996664	7.71402491061843	0.26909717530862
677	12.7452279343361	1.50846246773075
105370548	7.70899650715005	0.178917779902718
87	13.2816843875368	0.706874182226028
8816	11.2448759731841	0.335970767511822
55218	10.6631446010732	0.416683818389233
57452	7.63296903403497	0.228015897885114
2079	13.4659296627923	0.463128497996925
55334	11.8767161392143	0.464346953478217
400224	7.59515043241528	0.286007096976099
9766	10.7740593116456	0.959823212826077
100289511	7.76196543899748	0.153920951361432
6430	12.4255115387598	0.667091985846245
64093	8.05431886186824	1.38186454241232
51241	9.05006902576283	0.239954983265117
55333	10.8951654661235	0.428643732049209
8747	7.86605379689213	0.429488930020777
10001	10.5291594863709	0.356092373621771
23508	9.9602354559554	1.43226912409523
103695436	7.82982455187262	0.441540453689993
4293	11.2746948517724	0.680011523052116
22990	11.5546130478146	0.509867083977787
26037	11.37390309833	0.537445617299434
9628	7.9644094752256	0.802523429335245
8110	7.72485016468533	0.26599186096403
26094	9.30987984248233	0.36874954055451
53349	10.1524621759175	0.57185063478691
58517	12.5791825756263	0.22561881721944
5663	11.8798033128319	0.336065082123307
89932	8.40428796179084	0.857520239321792
101928123	7.66048807541998	0.370317040025133
8650	11.855264001949	0.360949655673054
101928143	7.48723540636479	0.202971174950885
399671	7.79898056343358	0.283245700596581
79697	10.131775866483	0.272724419602762
641371	8.70857916129835	0.525939349051872
10965	10.3752885666061	0.465467078780234
122970	8.58384230277778	0.494783506668299
641372	7.63791673433463	0.272037175357595
83544	9.81531085021741	0.293055640792739
9240	11.3468883770814	0.465081335079675
91748	11.3668597855582	0.495237837250033
100506476	8.01167291144032	0.332754134141348
145482	9.92139531101231	0.541184604418347
57862	10.921832600761	0.367400601308358
145483	8.718315767192	0.388704084454619
51004	9.79498358701832	0.236641121518024
957	10.2154622729998	0.352317233999111
80127	8.23193018366013	0.336408978939521
4329	9.75170794730999	0.737891522521823
91750	9.57288008125635	0.208734693424751
5826	9.69831078458872	0.476654978359135
55237	7.45520814604187	0.20931397102834
10577	11.7745667533581	1.11279033208751
122961	10.4805445729092	0.455119919806996
4053	10.1743907527734	1.15935980829453
9870	11.8126381665443	0.435766117641423
51077	11.6250816903715	0.459364787614507
56252	11.9972464464382	0.244890354212714
283571	8.04480392093232	0.256966103676549
1743	11.7368677981414	0.341209822730933
83694	8.49091434466177	0.498968902631174
5228	7.96496836897023	0.367664984949348
8892	10.7104897700709	0.435118854292411
27030	9.92217368958667	0.257779709469556
97	9.37531328340371	0.373441362758759
79696	8.61332194072957	0.264055598647069
91754	11.2440839039927	0.769064957867459
10972	13.766265413231	0.365221263151167
2353	12.5799961246675	2.05148359237107
731223	7.65833373333087	0.0956658782564056
101928377	7.80129072640767	0.327460353359971
122953	9.9443914428994	1.50027476712904
10538	8.27577737292898	0.993474679271018
55640	8.61467553323981	0.662638145380979
11161	11.5449140756546	0.476922987611329
23093	10.967471147505	0.417160415537566
7043	8.80898504041654	1.3051213217742
112752	9.55801545756285	0.209920300226564
55668	10.9818974032009	0.410101024844789
22846	8.51409906253288	0.928750805766283
100506603	8.29849993136137	0.17307758297595
23357	10.3617150439197	0.328400405704372
64207	11.7143956969312	0.824863504426187
105370579	7.86932010765277	0.190288984548035
85457	10.0450154937797	0.268061740689019
283576	7.58641698567076	0.318898882679098
57156	8.27925997468074	1.16900635409198
29954	10.0365459411963	0.20763453922846
2954	9.70689876082785	0.401860010374275
283578	10.8796113240918	0.221106953662201
161394	7.94169915833966	0.236413344310506
122945	7.84078268854292	0.143576940783383
63894	10.1738165019855	0.361607740042681
10598	12.6516127561621	0.408144637806662
145501	7.70536317268669	0.325101759476469
9517	12.2035031566485	0.70220547223298
8846	9.79734368573338	0.255639348596992
81892	11.2037708085199	0.395878414288952
22938	11.9771621192089	0.309702017290886
283579	7.58907497169423	0.0903913388489753
57143	8.93289587279222	0.369063665913967
1734	8.58568108956427	1.99398749122043
145508	9.74193928386874	0.482199119629171
2957	11.5399709225388	0.380732796341859
85439	9.34207620826456	1.53898248718114
6400	12.5041427798376	0.611828645526863
23768	8.80052920518737	1.22010140435526
101928767	7.64283909101215	0.233896197150057
2581	10.282775713154	1.10618096029515
8477	7.43070996504786	0.237940494664765
55812	8.78267187917772	0.309875833575436
11099	9.63411248694469	0.726120436278803
79882	11.3227314724472	0.372499861038709
161436	8.81825955607441	0.376961195175981
123016	9.54693219967623	0.729698097993414
1112	10.0829888081558	1.24305756506228
400236	8.12998073627714	0.281829251440645
90141	9.50176380026332	0.474319780877643
55775	10.2302412273657	0.334400143658112
56659	7.47697702364249	0.15546830585001
5700	12.8748824751551	0.384383987509171
55051	9.74196076968038	0.484258487923408
801	13.6459865658629	0.458344375787745
145567	8.80338300846539	0.831940355186743
9252	8.98771736717776	0.526893714542349
80017	9.20557604394209	1.09593764688084
8111	7.67369878364175	0.233660987810318
440193	10.4029168201582	0.781190675110034
55671	12.1276699275949	0.535889824351212
10516	7.71627252602979	0.317515266872684
9321	11.2775642440576	0.431459801702071
4287	9.79850480924486	0.480273330516083
4707	11.453042336339	0.347461166341487
53981	12.2049160192826	0.302620597542459
105370707	7.62158558360465	0.253190787929627
79890	8.83090353244752	1.1488948125633
5641	11.8411827038693	1.03898728547251
9950	11.2660308092949	0.362998950424577
1113	7.65857316544076	0.816343488837288
3705	9.45962358081965	0.680197506854048
64112	7.55242781878346	0.1040350581262
26175	7.61068770685888	0.194242197284391
55148	8.06986962653829	0.421401206844846
55727	8.37519050670724	0.284741653237666
57578	7.45220064523276	0.224348350611104
78990	7.63894025420613	0.371435674127309
57062	8.70814664162362	0.667846745755507
122509	7.99687661909848	0.470506709169054
3429	8.1609048385932	1.0275974396737
83982	7.63699364052552	0.227457863372802
5265	8.35501027260382	1.13436578869902
5104	7.74631807312335	0.311804441851399
12	8.6032740358993	1.56894560211068
145258	7.48680354379844	0.239411443007276
23405	12.0725857236991	0.705842316751935
400242	7.86361868937357	0.209054240030399
79789	10.9263545072644	0.932166732892435
79686	7.95648685369318	0.444557860383182
161176	8.5395879030863	0.630788737448895
105370641	7.52141617261939	0.189608397623368
283596	9.34911027262393	0.489481302988168
51218	11.9503774846476	0.451225918892613
56967	8.78647332914912	1.42662865697951
624	8.72498811519458	1.64543146711885
623	7.7196434008564	0.475780551605606
55102	10.4324984056543	0.660790002132823
51527	10.7592522458027	0.516708535182546
122481	8.14915668271041	0.448395005634278
730202	7.9688528003456	0.210347311051576
10914	13.6465503000188	0.371900197076591
7443	10.650100745055	0.502514058809019
145249	7.6340337060717	0.107829490258581
64919	7.85193810385095	0.714154829747436
84193	11.6731704256194	0.454460862608727
8812	11.7026899008841	0.43140348175811
317762	11.6470282216558	0.576750994287879
84439	7.95499457861129	0.53421795040716
10858	7.48733694593135	0.143040261252256
2009	8.55541072405232	1.3681755445842
51466	8.17241017764736	1.04660046704457
123099	7.96428734211976	0.593694493849413
7528	12.449780275362	0.351642828891397
123096	9.90199473192675	0.633388756664859
7453	13.0594020158982	0.892535291440208
79446	9.22658773108604	0.628394926350267
57596	8.67656978836026	1.30522057420129
55384	7.55738494175793	0.573024429463949
388015	7.48723336884746	0.227040882933908
338002	7.39887540608248	0.175121481801172
64150	7.54771105254369	0.19409132287669
100302145	7.53764934867797	0.284171347210201
1735	7.93647337665824	0.505717072917946
145200	8.13900916333433	0.54685632430323
5527	12.0683496742658	0.50408027854669
1778	14.3616033121476	0.386217834379555
3320	15.9276416943016	0.600794592684357
91833	10.5952913916721	0.497282125318232
5891	9.48391477327955	1.34722908016702
55778	9.51169191979252	0.391403919493151
51550	10.2317481300825	0.387263406625976
9895	10.2049141614116	0.400903164992469
122416	10.2900809510032	0.752612673832554
23186	11.7870737191058	0.428614472447557
7187	11.0208955095443	0.642459833466527
81693	8.3143277050225	0.671078302547115
9578	12.5932244805709	0.556985726878754
91828	7.83276866836782	0.371653219341347
7127	11.5873854472538	1.48787202109186
1983	13.3363609535395	0.755309222414615
4140	11.6460070786342	0.479093655516088
1152	10.6263886871029	1.22699993242799
115708	10.3655429257356	0.350121812178064
9529	11.1537685169446	0.458126007581921
84334	10.929486973847	0.481340627895919
3831	11.8504877529614	0.57414639690064
7517	10.4593908666916	0.340273752201244
79038	10.1642818666875	0.482665193386056
23368	9.96032249013152	0.533430575024738
145216	7.45825859360716	0.163327733979879
9556	11.7575211681231	0.546800927842216
122402	7.47076377580162	0.165166688844492
374569	7.54175405533871	0.135655383095707
105370708	7.46023470367899	0.16909751984487
26153	8.33633787162151	0.876111121421166
64423	12.6244015067131	0.601876439908743
122622	8.5887726145973	0.469029375441063
10572	11.0360240957886	0.549793826758962
207	12.2132224165488	0.523389809661081
100128927	9.38097459752839	0.718854697718825
196872	8.12388232662575	0.326469049311116
283638	11.9458264372265	0.689360224688235
113146	11.8712813467421	1.35612364359397
122616	8.87601013810093	0.302576197261636
55038	11.0121233802543	0.678567057323554
29933	7.58454904436358	0.196478857024696
102723354	7.91371716879285	0.543527787878394
3714	10.5139066111516	1.59654213374644
256281	10.1759403125572	0.990558256469122
2972	10.0821458691105	0.372636335558625
23241	10.3872127488517	0.472020420761846
647310	7.8481922643547	0.211781576408164
100507437	8.4028470251085	0.391180462321102
9112	11.7305731275045	0.475509901195641
1397	10.4967966531213	1.0715462974034
105378191	7.62342209307952	0.142112877806249
1396	10.0618084411355	1.84928063506213
283643	10.1927248631128	0.373915030710647
80757	8.0731245996531	0.522348514745653
283755	8.36984309653898	0.799194980933259
646214	7.41886223022696	0.14196480541606
101928039	7.39299545309125	0.161884009753588
646396	7.50932547784988	0.383107640744688
400322	9.30522888184217	0.718288287576081
339005	8.31761421822474	0.407337963197163
283683	7.88036752970765	0.768273608560544
123606	11.6534485361254	0.784565300580437
81614	12.1813603715278	0.311067678304399
23191	11.6640184632568	0.335923362449047
114791	8.86179983647254	0.277714782119286
7681	7.75753179993419	0.474174866620156
347746	7.79192508677991	0.380570915163628
8123	7.98509396570316	0.538266256266104
338428	7.57508217748911	0.225897704921408
100033416	7.68409813954922	0.310438662544607
100033431	7.48116464351627	0.148703243730122
100033432	7.48942503114619	0.175791361901484
100033433	7.50487036358608	0.189038431813691
100033435	7.48488504188451	0.150504603944498
3653	8.29431425862722	0.755083010481371
7337	12.0130292657161	0.315787575034843
57194	7.40595224319134	0.131336074024985
2562	8.07326601716455	1.27802597868845
8924	10.4367266288384	0.314564326294083
646278	7.75419596215214	0.657293522061579
728310	7.44989258645927	0.206004589496476
321	7.53764940261896	0.29119807573661
56160	7.54764235500413	0.101073746949681
7082	9.23365522452023	0.698407566262284
728498	7.47813058298561	0.147792663221665
89839	7.77934899910087	0.298873123617153
100288637	8.40207623835782	0.504232019286437
22909	8.21580658553607	0.343255500353598
54893	8.28768874509795	0.407596467276708
51621	8.58642410624458	0.812979765219152
161725	7.65770138777543	0.215379041734624
1139	7.4823265048823	0.155414963443366
653125	7.48558018711131	0.239330931411547
728047	7.53257265878804	0.193809920610761
100288615	7.94620686970501	0.189403003604441
100996255	7.52897741174367	0.206369791391633
9824	8.6844163097305	0.258779591174887
6447	7.47203656684196	0.190190711052931
342184	9.27440580906037	0.911937666622443
6263	7.92676269895001	0.198852572072665
57099	9.83866307887918	0.543181450183161
1133	7.63546206327422	0.623311341335263
56851	11.4654069237343	0.45542322867134
161779	8.44876518701871	0.213918413995689
79768	10.0765568898354	0.355252470415466
51234	11.6449812425718	0.420679707919339
9990	10.918908135881	0.515514996621794
55505	11.9970685885849	0.539844217782602
254531	10.7730080624871	0.582220433729653
23015	9.15769138192729	0.621221362738205
440270	9.14821397001329	0.395511871183912
70	7.59656384004561	0.168774917710048
9716	11.4752086135455	0.37736524288434
54989	11.5000272328289	0.591963279093174
723972	8.04149766445861	0.144057446529796
89978	9.20209187046451	0.558211092262847
100507466	7.76746757139408	0.240654994108996
84529	10.0604529311401	0.437212151963666
4212	10.4637262053276	0.815923718298143
161742	10.4300101714801	0.591729327298991
283742	11.0363763762165	0.490874381553157
10125	7.70187336380412	0.224285928657419
7057	11.4640400748348	1.63467364678631
161835	7.86195420196523	0.232161361322413
105370941	7.5938433722635	0.0942904021246341
11245	9.05278244434962	1.26973915679139
440275	11.3580971755105	0.386032546627809
6727	12.9934387043807	0.447084982318994
100131089	8.34029187140742	0.261068659036513
90427	9.09775316842856	0.742283905521868
701	11.5760541541406	0.364687302263349
56924	9.08296714482339	0.988712368116002
644809	7.62359392522832	0.228079764295582
100131244	7.49072420351845	0.165574706941674
5330	7.73328386454761	0.482600324691233
100505573	9.76235722815228	0.596616581583342
388115	10.5868931405563	0.910706345744504
644844	8.28893561298916	1.58397225409475
85455	10.0258284188622	1.15650448612932
90417	11.2058695045934	0.423216687627901
3712	11.7310330905645	0.252351538246999
22893	11.0118500982996	0.459976928825821
113189	9.87146680239979	0.528427957308343
90416	9.68658949240788	0.236077414282119
27079	9.68045176347367	0.233237817897693
57082	11.0778563195555	0.337950160859139
100505648	7.97024643226971	0.151604866460226
5888	9.75321552459701	0.60421937167772
55177	10.6022258206977	0.411329819110725
2644	9.07205763007829	0.616868063482182
55192	9.32358755879985	0.198721937181504
643338	8.13933221279008	0.345971690523794
84936	10.0239811147077	0.310361327217621
6692	12.1782893856881	1.98917729927204
171177	9.118411615557	0.931189566107616
57617	10.6562262593459	0.680830422877639
105370943	8.31528051704987	0.438296034156463
54567	8.38572295144649	1.78884806600693
79094	9.84743922653065	1.30943321793414
54617	11.2100763266484	0.432717597447035
161829	7.56988682306176	0.0974024678549095
11261	12.2588518110491	0.344369444871143
729082	10.983058886364	0.417103457655179
11339	9.85626921845716	0.313020269129218
51203	12.0571570642886	0.476304106515791
51103	9.66257093920063	0.443761565788996
23168	11.4539176927731	0.592274095907483
3706	8.33650063195364	0.408618083182254
4058	7.68958929439668	0.385127578126424
26015	10.7410819798148	0.328770968316464
7301	9.90217823818448	0.404943698060601
23269	10.9341308438525	0.530637821038049
23005	9.98609881453173	0.495473498140043
100137047	8.28564887823311	0.257456673965049
51332	8.08236419189521	0.284066632285999
30844	11.498191200798	0.886931347156861
101928363	7.51119295030085	0.144294567883346
283748	7.55980230380607	0.216132889235198
255189	8.3881595500934	1.26966219131258
23339	11.300127650546	0.460355828808625
25963	11.9383301435708	0.508805220122309
2595	9.49090563348708	0.353452647077459
825	7.73966228119166	0.221458226781436
64397	12.1876530911854	0.393888538138253
8773	11.1002038532681	0.342690327985779
255252	10.1363461082419	0.338365772260054
55142	10.7605030405822	0.378894123624266
57519	8.23357201007133	0.737213290581546
146059	10.0128540346798	0.454978086670694
146057	10.1999610476727	0.502453255737494
197131	10.9429077481015	0.454469844873905
80021	10.2093686902021	0.595268143633189
23582	10.3855820170066	0.698055311628181
9836	9.31646704363982	0.325932186082141
161823	9.17411997584458	0.496471049397272
146050	10.7085634600138	0.474300185530691
27229	9.95744836590875	0.350628276519822
7158	11.7909690679928	0.558141590805865
4130	8.47404909102829	0.905550490866261
9677	9.58560081335167	0.387839403825528
1159	8.59122455288912	0.957900246827587
117155	8.07635788030412	0.236037450337085
548596	8.42103963274569	0.730857915843557
440278	8.22666819138077	0.242826139294118
2923	14.6441514049158	0.5357317352061
80237	8.87580480493013	0.470972816289167
10169	13.2072605205096	0.534692412482255
619189	7.95295271012695	0.265825758739521
4236	11.2754356824237	0.294126343717166
79968	10.2534764406746	0.534999409721307
84978	9.37447856806105	0.827887137672711
728758	7.62199885853049	0.0998074224061124
113201	11.6084544580062	0.712383172865676
51496	11.0632266437875	0.368816572758808
645212	9.19401071361416	0.230677675477801
8669	12.7025291872071	0.527054358473141
80208	11.4350808891015	0.320507450170309
197135	7.82700215719779	0.43896818389439
567	12.8823893459151	0.863613375912403
100419583	7.57793700005006	0.0783795692976194
6652	11.2822690788147	0.595632896002716
50506	7.74860958686247	0.570881393797891
405753	7.57441987003362	0.428456489472312
90527	7.50949128523602	0.301933692193033
53905	8.14569768338163	0.781471387754142
90525	8.19422275748127	0.755158878512755
2628	9.15294678062552	0.841317032654612
79029	9.76797501117103	0.337528090138331
84419	10.280310722672	1.50008722514287
7782	8.64971726995516	0.757303630360572
283651	7.57316341477564	0.182664409027354
26258	11.3813704926505	0.552424746557717
58472	10.3361839297743	0.730537746433961
80031	7.48452488855672	0.319251538344753
283652	7.62279721127482	0.296062877617392
50804	9.70613274842988	1.78347532863044
399697	7.47519016992415	0.172986754522477
1854	11.9021200847381	0.353170675254994
2200	8.24789205282682	0.493478697061948
22995	9.71217698705935	0.366022992745992
399694	7.81670200726996	0.824349187863667
23741	12.4599552629216	0.62020011140165
9728	11.2117611502988	0.517807640961312
9318	11.7514220304947	0.278441772142742
2585	10.1474441265921	0.551706505428887
196951	8.03834667505285	0.279984650568578
56986	9.5678962843083	0.323971666621726
79895	7.51318339056338	0.148072044729221
11001	9.26526559396817	1.06089451625393
2553	10.0814730575314	0.418997311111989
55056	8.54682365038236	0.356279012391245
100129387	8.58688356687215	0.36531705402445
9101	11.3766931965585	0.342328626777589
54822	11.4618373259347	0.386183526176673
84888	10.8960896082809	0.491789692463642
23431	10.3683889593245	0.44977030256301
388121	7.58061501169979	0.189569813982195
1588	7.73243903252278	0.473136248132127
342035	7.96682881042346	0.71422365379631
23312	10.8067218228595	0.521624843389504
29106	8.53837277842938	2.18210813734647
256586	9.68203004983392	0.827000601740598
29767	8.97267732285087	1.3079473938451
29766	12.8025933988267	0.79831541269515
123169	10.9055915067447	0.510300873439818
5597	12.242333547543	0.705979598800105
10017	7.55896603800303	0.321497735707192
10681	10.4616537078065	0.470947162954081
100129973	7.71868986134204	0.133505280137835
55930	10.4952535281342	1.2212706480223
4644	10.5197476652726	1.14659090899723
10776	12.8167509902788	0.591173778398065
56204	10.0444894798218	0.663151895706008
3175	7.74820430404972	0.478600592302072
256764	8.78754259437722	1.6187170993598
51187	11.837865868138	0.529359495165732
5873	9.77659703205893	0.744581762177441
9488	9.74459358646348	0.311471508086214
9236	9.72075491537879	0.517737712357168
145788	7.92977029550914	0.281106522195078
161582	7.62418552792226	0.181945780441718
26108	8.09187476609095	0.633130829136356
283659	8.53260036118283	0.854494483977221
4734	10.784544406876	0.554164210399068
64864	10.5846614863876	0.402842945396379
374618	8.43860123095221	0.175596236808038
55329	8.93241907633409	0.495243890910035
54816	9.79635143330436	0.353134687909253
145783	8.66651615407921	0.402758947756671
6938	11.6234243313992	0.784710962189253
283663	7.67375106722506	0.302412525657217
84952	8.85782039995488	1.31568277101111
145781	8.08351318512103	0.469220583554287
100820829	8.45554107690558	0.65390114866313
81488	9.14735940541777	0.287435791233727
8854	7.85469318599448	0.826714652538383
101928635	7.75953189621439	0.18352433554869
3990	7.70374790101474	0.403450407427151
101928694	7.43289228816912	0.189145262493471
102	13.5789318852665	0.586272796447145
54629	11.486748957669	0.79585064679747
79811	12.269721548047	0.252719124276549
54778	10.8608636706049	0.303426637770891
9133	11.7856945902082	0.396329791969182
4643	11.8157633932315	0.952716034710882
145773	8.99469796558031	0.605562138304062
9245	9.06673590124717	2.03587927860255
2958	11.8189128940877	0.314625661608348
663	11.2195076309223	0.493086259451042
27023	7.50863660930324	0.169592296672264
302	15.3326556536028	0.70588977925037
79664	10.9638449522954	0.312054400572037
101928784	7.79243035759411	0.118950873868686
6095	8.70329757790138	1.00095551274775
54832	11.3898132357319	0.533414166498857
145741	8.57571708175568	2.00684949539138
388125	8.20363837242197	2.02176635750551
105370849	7.58541722012237	0.641473308757994
83660	9.80297418843064	0.340286100335844
7168	11.5394049660895	1.36900630448487
114294	9.93960367928304	0.29651386044847
51065	10.3954273895136	0.484140411489378
51762	10.1965574021927	0.410170565532646
83464	9.31589433949438	0.79275345008315
771	7.85607734969705	0.251048908112618
9960	10.25846402964	0.602939766082263
100130855	7.65779152355236	0.179444751239546
283807	7.97643777359854	0.282329902526336
8925	11.1295060177846	0.433983142063374
23604	8.09076584287513	0.333446417294089
84191	11.3336903541319	0.546971745685846
6642	12.0758899704596	0.402758002613498
79856	7.95846632923812	0.271873662382362
5479	12.7421838778723	0.700432631338333
53944	10.9811237773028	0.260964747222154
9768	11.9843197173719	0.442618379099659
9325	10.1448427831305	0.294219168381892
23060	12.0200403353161	0.36084750509494
4947	11.4952979288437	0.567581212655411
348093	8.2997340337473	0.947732899659499
80119	9.28237823468143	0.373302525298817
80301	8.95422835825346	0.566977906476191
348094	8.44267463110529	0.518384489764109
51324	11.7505794411792	0.363543569202689
123263	9.60526310438289	0.266199197710235
123264	7.52034946138163	0.25561130276634
390595	7.5822289481011	0.105587830294078
10081	10.4038148443531	0.351841626662925
10845	11.1062273531621	0.395014578817143
54956	9.20467773057887	0.4950766414657
26831	7.70996618023633	0.244151418552356
9543	7.66205146697169	0.2907669778519
57722	7.99667572051011	0.547499232508898
54878	10.9777401528958	0.41403407310325
51495	12.7232710145115	0.448208660864199
81556	11.2477289308884	0.319703872203889
9187	9.20729002673355	0.39400992414297
10260	10.4755390744446	0.649083050706309
8766	12.7379356208523	0.501590198516257
84465	7.59362859059609	0.159750441199542
115752	10.4325323555837	0.457274035102904
54962	9.70912873716264	0.412232130552863
5604	11.7448422043157	0.888065528951036
10302	9.83059918900085	0.493913994363827
6124	15.6615893700597	0.379354382791745
595100	7.60466202544163	0.113766197614316
595097	7.73439345158942	0.163643545638451
55055	11.0332500150547	0.46216746834785
197021	7.85145147770335	0.121237290768979
4091	8.9437602515501	0.888599305675434
102723481	7.52075757401273	0.334197572606044
4088	12.4270743553288	0.919603300464817
79719	11.5865737588953	0.326504724324155
64799	8.26404531819982	0.149119342571124
100506686	8.80985860597291	0.358061114183716
145853	8.87295666832167	0.442255480495749
5607	9.74921914847763	0.394674943818469
390598	8.03365078002884	0.903381321408389
8554	10.8179122581244	0.386987952448978
91860	8.80571116367955	0.257759709486619
54982	11.285624121648	0.339716785886702
10116	11.1695580813783	0.586569008031363
22801	7.69312508872751	0.33900553533647
10391	7.8673406105469	0.659756329096445
8125	13.4909562256504	0.374009660314512
79400	7.53435769496209	0.162912522247553
246777	7.56324975828412	0.624293057270858
26035	10.2127063874925	0.449533818276975
54852	8.75772537614358	0.678301303828305
9493	11.9366576750607	0.524600148744738
6176	15.6569127122688	0.397596775209089
145837	7.97309973457987	1.3460721440726
104472713	7.43006528490846	0.190886301517243
7090	11.5659438080122	0.708508412120473
55075	11.9809886909497	0.720747661978874
55323	10.2530866997887	0.5231586350218
54839	8.90588883750522	0.461358821789513
56906	8.69003514626305	0.230216767291739
196993	7.63423467934973	0.200191573133069
79875	10.2985269352414	1.18651377333038
4649	10.4962111133931	0.55390926391465
123228	8.26478604796997	0.194439625994068
196996	8.58395118107458	1.39336023627416
5315	16.2512607787508	0.412059551059298
56965	10.1284205959752	0.536793109698988
60677	7.7423635339994	0.221970119160409
3073	11.8377013880634	0.358856819795724
80072	7.73073787989742	0.139350682866813
25820	11.8813311225851	0.469925413530365
693215	7.59097784399818	0.0974014930710472
585	9.41222305351887	0.294299117356335
83440	10.6622902277594	0.278706274936749
4756	10.5301623539164	1.1237243127666
10021	7.97995667340947	1.08372564942818
27020	12.2592229693106	0.703139662867872
101241892	7.80533157676656	0.139508607364444
80381	11.3880376299752	0.526013804991413
388135	7.58466370499028	0.368519885090208
100287616	7.93166132111059	0.51841185963552
4016	8.02208803116423	0.620924683284382
9399	9.06280177434783	0.322328839342936
5371	10.8272225210453	0.723583475991973
57611	7.51429082482169	0.202216485712448
3671	7.69756134679206	0.375300251725383
64220	9.15554971924436	1.86682459319603
80125	7.84838328224112	0.513666118159027
1583	7.93786946172959	0.564916608627319
8482	9.9944421073821	1.11470449247223
84993	10.2561526438762	0.431588353352942
440288	8.45064560180034	0.192096602516776
10620	10.0553316004121	0.728608157941027
1198	10.7440092166558	0.444732264450843
102723750	7.72874324606534	0.270057748701522
80153	11.0534982751163	0.332815928870899
1543	8.23590318338785	0.62631695498694
1445	11.3852543235457	0.490206267628703
25989	10.4486689085321	0.797403102916483
10066	11.9166573501777	0.447255257066508
4351	10.5013166842778	0.341642729210543
57184	10.0778153470177	0.401140627639422
9377	12.2588832984969	0.360222935973738
54913	10.4764913722531	0.7417447095554
192683	9.70653751342874	1.29456241371444
60490	9.3448972652631	0.503897149289187
56905	10.822640025576	0.818279685583198
105376731	7.5121174176263	0.145743853450201
54939	11.161934322841	0.453012931548955
79661	8.21905332393823	0.298344593981872
4123	10.0259334835301	0.658713212329249
25942	11.7555128834989	0.340339666251121
5780	10.8207168277384	0.48205687175853
10073	10.0966758801817	0.667535210019186
55272	10.7455354462048	0.403168502007894
257364	10.0719519606289	0.598443472513351
1464	8.4340620345586	0.573994501006117
161753	7.50255925354355	0.166018416191585
100128285	7.65685039678943	0.126050540177132
92912	10.4824621142233	0.642971439422294
26263	10.6364577994487	0.40188847892162
145957	8.39360538975481	0.939879342861028
2108	12.3077778907715	0.435882214443176
64843	8.22517994225038	0.451290686423977
49855	9.60480533540776	0.411697158578305
5955	11.6253417026033	0.347114908750249
10099	12.5277572952603	0.616369410236937
79834	10.4902498145973	0.558394368017856
10363	10.6197784733755	0.434204094885905
84894	7.77949386032569	0.629863531535144
91450	7.59627306084247	0.279814932891067
23102	10.9369236253546	0.852447659443803
646892	7.63336095347903	0.23904747412048
10518	9.13470130504827	1.07300382619953
3419	11.0672120689555	0.659456878600833
23205	7.64122449350495	0.122026781864434
55466	10.8028588561055	1.24185681899904
80349	10.489923432871	0.23548152060209
1381	7.69006739775301	0.436438862907724
3658	12.2137982040479	0.381618388586726
123688	8.28197165195693	0.376687453924353
5685	13.1330471927017	0.249426463914594
1138	9.81189449929598	0.428744037873097
1136	7.86792758987024	0.253697109283044
11173	8.68025805395986	1.05917475523279
10933	13.717694208977	0.435661357225454
1512	10.7874819371058	1.94025284545191
5923	8.15731746616399	0.616771410895471
23423	11.9134766756321	0.535044561161591
23251	8.15792539842927	0.281250938427451
10588	8.61264981126767	0.352114310827112
400410	8.25635612760067	0.282674737319426
283687	8.43954096635796	0.332866106369829
597	7.53810991512629	0.320381819581091
54469	11.0533942774298	0.654979753252946
2184	9.75589013563273	0.330116438486788
9915	8.01146769111179	0.497745887829711
58489	10.4120231698564	0.930004904127269
57214	8.88048210730156	1.17389207636637
23184	11.8036386932244	0.330123466930764
59274	11.2665950903815	0.826120700736782
3603	7.63986025477406	0.204118743622704
80765	8.11178216184732	0.465148765442862
101929655	7.57783524426586	0.150226048041431
84206	8.34792933196273	0.692034285092254
79631	10.1346932792975	0.482429585098449
283726	7.83013175120842	0.2836723971988
100134869	7.50856031439427	0.190199609854314
440295	7.68135726872401	0.28220463783369
80154	8.13532887959606	0.555283912617894
6218	10.1225874040831	1.50941159482014
64506	7.54366509146547	0.578899680981589
8120	8.22444132239997	0.962392015483421
283693	7.56448619553474	0.09626692199896
100505616	8.19768445708139	0.204240638419657
123722	7.72396019102469	0.150274963075699
123720	9.81146776709735	0.463939627276636
9455	8.89659425502815	0.827287710504924
83640	9.46537057559942	0.380470641107538
123207	9.5617478992117	0.321193003041291
53339	11.8937553477438	0.45638320870735
53346	8.31779417210396	0.857679011004589
50810	9.70963794158987	1.92011493710638
105370929	7.5156623535318	0.178242064914242
646	7.57412113816359	0.218579445432399
440299	7.5552102233303	0.103446383448383
388152	8.04337319686791	0.451322092106879
102724135	7.63041456183822	0.329972653214009
374650	7.77496213488831	0.243757127002313
388165	7.82846698118382	0.23395167060757
100506874	7.59539977302957	0.142907747820736
54993	9.13805269637492	0.473255551842998
54581	8.8225998254671	0.203524628152088
84942	10.0360394998427	0.230288815640107
4828	9.82975063629664	0.652276867900274
23478	12.3663301558326	0.205866200964743
9640	11.1369640728832	0.39272385495767
57538	9.12241489008982	1.172684746571
9154	7.544652039889	0.265020189315347
5151	10.9747711164379	0.479968441007167
642423	7.82899753428908	0.192196018302073
101929479	8.2950422235449	0.296957879193916
11214	11.8545185342153	0.502932346810333
64410	9.19056039148551	0.429194835984892
123624	7.51097898410457	0.36590096424755
145978	7.45669973067607	0.285501799927506
26589	10.2688737424311	0.307633923951935
64963	10.8517447083717	0.292813237264547
55070	8.57087552479528	0.244946138812367
64782	10.5595471668836	0.725186856676633
3669	10.2276555066157	1.29862036300768
145864	8.60428702915851	1.40594275143461
4240	10.7087855920025	2.28138803513515
105376732	7.59439221019568	0.107316338982643
11057	13.2188935698169	1.01676908234115
55215	11.9410939298209	0.333196519528912
5428	11.0123826897973	0.367968203661972
254559	7.86811452682597	0.620243151189974
51458	7.69151006295652	0.503714885283839
90381	10.3151952067325	0.360353270097666
374654	9.19485712826026	0.840894848771938
5346	7.6383388204293	0.204652568783802
8800	8.94344328953922	0.359608060619886
56964	7.56425105273441	0.114362839738575
55897	8.27641157710035	0.57502233366341
145873	7.66640528329967	0.315857269109553
290	8.55708879890018	1.94631769175363
10239	7.70567709562825	0.0823936565824515
348110	9.61200995115027	0.602579087699012
374655	10.2552042916555	0.533399664615964
3418	10.9340248769343	1.26712433849434
10509	12.2748597884243	0.884299006891532
10519	12.6375672643019	0.507438939987672
390637	8.46052003371188	0.233166703020018
440307	7.58974735099301	0.0955681261784961
51335	12.3976625629934	0.572640103180662
342132	8.29829614309903	0.189573541574793
8826	13.6424937962719	0.493069327290307
64784	10.3949799730418	0.520712055991636
101926895	7.62951590397216	0.0745209804834834
641	10.2096360243553	0.233592965185121
5045	12.4073210718751	0.700242766085056
2242	7.81811532877836	0.188841841320417
4122	10.9051752248112	0.75101514907994
55898	11.8796557518133	0.341238807568565
374659	9.40196626737133	0.726867675065703
91433	10.1605183465408	0.233440691392768
9055	11.9013792473745	0.512826618063952
26276	9.84728514217312	0.253206095101813
101926911	7.70025436472002	0.0749980484934238
9899	7.89700337508594	1.39857973935505
28232	10.9386447695465	1.69006941516772
100144604	7.44419290348818	0.211110410906055
400451	9.68748794906884	1.66717263781962
100507217	10.5854393157077	0.453838401396973
1106	12.4750117859199	0.45684755960336
56963	8.10346061393947	0.61401101586522
55784	8.97778813229268	1.03087514738032
440311	7.60586930228448	0.084878266238107
644192	8.11684638401458	0.415663301862783
7026	12.5767099276347	0.909201169866402
100302258	7.62960117387761	0.161182659900934
101927286	7.5213428761829	0.425964891558835
101927310	7.66463495044868	0.843937882503426
91948	7.48245120784163	0.272922100775899
91947	9.60729989278927	1.19165990463871
104472848	7.73798384770473	0.226237946947871
3480	11.3696356999153	0.782199811659747
23336	9.65703877412119	1.18295758953708
64927	9.32139370643747	0.616282036532059
123355	9.04099202944617	0.40215810042589
7190	7.9976655202144	0.14643168512586
4205	10.8094176639917	0.382433799675161
145748	8.83707140294103	0.231427360686668
196968	7.50811141087435	0.2378902216499
170691	7.76621967530882	0.300039386743302
388182	7.59222576838742	0.212399210381324
102723320	7.3935163359072	0.160944421208263
204219	7.84931866793021	1.30833821889928
441733	8.14157474893701	0.226237534898776
55180	9.1387508237246	0.240683865211056
140460	10.3149531209365	0.292863546118178
105369201	8.28568795270519	0.659211720989756
220	12.398746601811	2.21813252784215
101927751	7.65381032712022	0.13565062115818
79705	9.79872507076158	0.835815516328934
22856	10.6033961197916	0.461177373802253
55829	11.1573882874674	0.752407270487303
6627	11.4991841804139	0.45652341568108
5046	9.49765491253546	0.896472564461281
80213	10.2423393696435	0.390802343284251
123283	9.08051827523916	0.614142068233123
100128108	7.61000196513696	0.509560079366396
105376734	7.40820189309355	0.140501977143624
374666	9.12881675770755	0.214679546903233
100287029	7.59170981426301	0.0851709157429748
100132169	7.79973943147189	0.365302790169778
51728	10.3027903404292	0.527935410257681
79622	11.0568511247998	0.306339425340844
64285	10.4351029219635	0.637068565310155
4350	10.8107878077166	0.523307969834675
105376746	7.53283980219381	0.126702557724777
8131	10.7705088817374	0.477687344294222
3040	7.53288852108496	0.237664213992317
3039	7.55508797859723	0.234732953844208
3049	7.76947045093104	0.517414676893082
55692	10.3433762875704	0.417348038445554
83986	11.7752084680127	0.643500044757526
8786	7.73611785386169	0.430070125028965
398	8.07854330008565	0.911664557956168
64714	8.36836184434324	1.85361822302925
8312	10.9256232720725	0.250540171459364
10573	11.577954630284	0.378915912750388
58986	11.6408812659604	0.480647319155743
100134368	8.080829261539	0.174727487742115
4833	10.7773891689965	2.10519441536206
9727	8.40960938933969	0.392415611888938
6650	11.7737436945652	0.160572046657422
100847028	7.56969623967719	0.0944998848191188
100423037	7.67481939627563	0.136770851547225
146325	7.52179028666919	0.373509000421573
283948	7.78101423981207	0.316247882428831
9091	10.1720199811458	0.40860316707353
57799	10.3676010468332	0.417772649258869
117166	7.84742094665951	0.210367642313923
84326	10.7467551248612	0.297162305653457
64717	7.50333026131774	0.169812809120985
84331	10.2682455547577	0.450623108573425
197335	9.40436369596685	0.536091517257263
89941	11.4196683624455	0.216221527955734
9028	8.19753209871054	0.402354040517746
105371184	7.5050613692676	0.123552590731508
10273	10.6715717383018	0.280802840970667
339123	10.06525231552	0.837849874892433
84219	9.86504620771692	0.573099165025577
146330	9.17464731933846	1.17675697705135
79006	9.71634948088941	1.01877205508644
65990	9.87414734293102	0.187172735164137
124093	8.24653791886232	0.292919647610579
84264	9.13518557396522	0.437677528945156
64428	10.0424752263694	0.351350050997284
10232	10.0919808830405	1.93311474405429
724032	7.49262693834019	0.158916546780614
113000	10.7399781662301	0.397016621827413
63922	10.4361299216011	0.255577696441579
51764	7.85813879630853	0.283959586564846
388199	7.63970776663659	0.175725652812178
64788	9.21250012385807	0.641840161385294
30812	8.14245777537192	0.862668635630067
146336	8.20497906636031	1.29013941993626
6755	8.36623131223519	1.29222407454716
390664	7.55407692413956	0.32336145003475
8912	8.6779525641993	2.1087708066466
25823	7.65933799209142	0.486627986230314
64499	7.45887800695805	0.169316672357119
7329	12.4512037161463	0.389996805752298
8938	8.43310950329892	0.557761875182302
115939	10.6976323459797	0.317248941495073
84572	10.386919762921	0.439880763672713
64718	10.2805402050104	0.80372911800563
283951	9.61459293021797	0.364880430717519
105371045	7.54758413332792	0.489884266925606
645811	7.99687782750567	0.893376468126597
1186	11.5415521030958	0.587050349568287
9894	10.4246438709484	0.297638953090613
9742	10.2895741418168	1.48763010149466
79652	7.63839494341345	0.419175396028245
57585	10.6783351017903	0.48452471223157
90861	13.2404632902896	0.525443630644612
23162	10.5748594667681	0.686321681322784
4832	10.316746366271	0.688402352049738
65993	11.8738279362783	0.496874850920327
197342	8.60571729227121	0.425490392728837
90864	9.83940348981708	0.409724753315683
10101	11.2253546959465	0.358907633570352
3029	10.2899556545783	0.495030194607082
81889	10.5969001337114	0.550096487456954
254528	7.4829415451663	0.174906323765012
51734	10.3435684535431	0.842217209994703
4716	11.6077446454363	0.623550538415562
6187	16.1807543751273	0.513040631403143
574042	7.68463947643899	0.109171929628347
26784	7.68329454886279	0.150749499176135
735301	8.04716860129079	0.335800746292312
10607	10.978532344495	0.246108317096067
124056	8.67555556921756	0.337225523532513
2671	10.5535607130305	0.207838011196209
9143	8.2146301261415	0.500487494720642
90850	11.159267899385	0.554606505485854
283869	8.18686857337361	0.956176397652795
9351	10.8672274364357	0.936543479162066
4913	10.0674002656168	0.73943506466192
7249	11.1907183271931	0.448238748548218
5310	11.0501452467543	0.856665609497832
25837	8.85955789464645	0.904188144335656
100507303	9.68958995986157	0.728944546908082
84231	12.2225581864274	0.241226330937998
57524	8.108839960076	0.566741359903056
64223	11.0693764157387	0.545554530018158
283870	8.18784673794946	0.22820289159045
283871	10.9113085604407	0.417883172724691
1877	10.0564374424473	0.304550731694291
1775	8.11210165025498	0.152011109242248
1632	10.9571605867448	0.306161222463884
10921	12.4519907125663	0.413998143368239
100126328	7.58363002669307	0.0979071760686252
21	10.4451306289395	1.90854682365662
650655	7.90719040146138	0.281650441314825
899	11.2941479464928	0.613803212557375
80178	9.42910329309169	0.324230238644011
4917	7.65094709548446	0.233401674208797
57465	9.74075603934207	0.423700946214738
527	12.7206355129035	0.290892331996104
51005	9.31942849686305	0.416746499187059
752014	8.5271679677202	0.31496244070778
5170	11.0056437521371	0.514671398701695
652276	9.26439742553328	0.364619858175205
645644	8.90449599282643	0.45674458747936
100507321	8.69517930264535	0.130702072475843
54442	11.649444248308	0.380871845596316
83886	8.14308704564589	0.551341809854645
100128788	7.67744613305168	0.103551613726952
23524	14.2427312598455	0.390076203470262
6923	13.4254309355706	0.594558285251427
260429	7.66344435942783	0.308371214095258
360226	7.67923930932345	0.684044257540857
10942	7.75538457551905	1.1082189333924
124220	8.35032550176028	1.00718356707722
124221	7.72701010393625	0.243268036505775
64063	10.9408383346606	1.79732289334826
114984	9.7336503896453	0.687822429388477
84256	10.5565106610162	0.55387125847472
79412	9.03074496573826	0.823182072679523
124222	10.4330797853486	0.366097400339534
9088	10.5279729138473	0.377550050556742
283875	7.72147927047189	0.348379192091047
101929613	7.63102001777549	0.357838959505561
9080	8.24057748677735	0.660086274191846
9074	7.61308524094162	0.112245170084423
51330	12.0336253541031	1.0895516126749
54985	10.5177250337139	0.663102741397149
79228	10.2715875613907	0.405502615944608
146439	9.078387013719	1.13508513964705
100128770	7.97779068370639	0.35796065836363
64386	7.91223718032111	0.20619017206129
100507419	8.09866754822306	0.252684564366115
9235	8.54059378569361	0.920612029500389
81854	7.65313907214911	0.139025941052999
7755	9.38076754791753	0.296157646163828
100507458	8.33742783190277	0.284121515417905
7760	9.77049863997808	0.308578575444721
100189119	7.65732041412338	0.0791799735127943
4992	7.4739593957701	0.177587556325322
7752	9.57241146924246	0.35045148435606
283876	7.71230051587404	0.219043785008954
10127	10.5384659405019	0.294232956408782
91151	8.63390056802797	0.419379405626458
7627	9.46070371917296	0.37797034735206
54925	9.35754544788346	0.237747074533899
7727	9.32511336190683	0.317200156664758
146434	8.6460695763456	0.735923273861348
79903	11.1214393051679	0.375585296227157
23059	9.49869619142463	0.545968414070914
197358	7.76266731964965	0.082602956707603
84464	10.0632133014719	0.499164761049069
1773	9.14791482126579	0.335501669870127
10131	12.2901454344777	0.737987367173582
1387	12.2770155525011	0.284686385433866
115	10.0394630716399	1.17804799510272
100507501	8.04763634323232	0.292714156202576
7023	9.74213985084869	0.443617266688604
84662	7.97340398435782	0.475627987179492
51025	7.67832477367486	0.129308861090971
114990	7.58589901443937	0.164194575567192
9093	8.38742193675893	0.917792892519588
57407	8.25885524422365	0.458076818067785
3163	8.24858820199185	0.562464608661427
29965	8.07511492229013	0.767174724814967
124402	10.2351896657755	0.77372230007592
23295	11.0045299577119	0.514243775590663
84309	9.9532393599909	0.487901389896007
124401	9.05153021234258	0.186073472484179
146562	7.81333977875515	0.14581720776121
26048	9.12609701366861	0.321075525604345
440335	10.3645350868784	1.64024313521851
79641	10.523601019007	0.572003753357874
84656	12.4390437610521	0.374170084772298
29855	11.8736861185262	0.526862217218122
5493	12.4685261376535	1.89124407194356
9717	7.85480584324381	0.297468277760125
51172	9.47760150774791	0.421711806816189
56052	10.0828377269321	0.384923435809835
196483	9.37227900203747	0.325663259682387
54715	7.92280239212526	1.37701205139387
79091	9.23633886883602	0.188915759273629
18	8.93738764137204	1.17741142157144
25880	9.4657409484498	0.242857441734463
5373	10.7728779599403	0.488173164248049
23589	11.2476998086398	0.466401510459277
7874	12.3765767849269	0.458768628272514
29035	11.737257800661	0.40158302160463
2903	8.04661369874662	1.18750709230866
80063	8.90166332589637	0.523730630326858
2013	10.1502939884053	1.34299293159567
4682	9.5868308136763	0.383000764063109
780776	7.55491447512638	0.0977049749056112
4261	7.90639743168322	0.564026479518423
28955	9.94158497423157	0.485040611980091
23274	10.676839955242	0.30582221711733
8651	8.39831814603756	0.44335112681747
116028	10.1151418764299	0.506398659676715
400499	8.02190609703961	0.577282381485862
9516	12.4225458768124	0.699811975452019
8303	10.1021692360097	0.399261342928514
51061	10.9867589010732	0.409876449101604
29066	11.2040996796538	0.352732000690225
26156	12.9819063958059	0.439232286433478
2935	13.3967981666398	0.404403999723174
92017	9.92096284454185	0.701316868193826
55313	9.9748081608322	0.781837841089011
2072	9.84876080061277	0.425671977917533
57496	11.3477158918678	0.591289962831016
5073	8.75490558696044	0.6561237762046
51283	8.08704005388726	0.454971417803286
100652777	7.54004103183309	0.266803240670099
23420	8.87273056288797	0.91394145506559
100288162	7.81225377310367	0.247991335333223
9284	7.68833096754577	0.247368125360755
23042	9.08170079141905	0.70114967416247
123803	7.64060547421295	0.173331230121654
54700	7.92529921001584	0.515185727249904
353511	7.91603880076923	0.639600802483815
105369154	7.75560599677517	0.203153834935613
100288332	7.49322679901369	0.139039189685741
255027	7.85397453086693	0.353940459469183
89927	8.1737014989956	0.705225144347386
9665	8.01630858987324	0.383903629121326
123811	8.8250702398301	0.726637844631202
4363	10.0572326636322	0.84437215102479
408050	7.70461422216474	0.109654979600681
339044	8.06332977722401	0.337893207652491
64131	7.83575378054225	0.406669231988746
101059953	7.67166429585969	0.160377444143344
105376752	7.59837219778646	0.161866242886126
102723728	7.90657655221083	0.128995380276714
283820	11.3109144726798	0.67413993991503
653190	7.54269897723057	0.187899885241539
6210	14.1864422832865	0.20659257165226
23204	14.106817603967	0.597164153660772
23049	12.784737961864	0.281256672112007
79905	9.58645900599305	0.551850463022257
102723385	7.58197754076193	0.104295908880068
10229	9.93325287502644	0.266226626422093
162073	12.3674537297818	0.642047088530126
51760	9.13716522822867	0.772943784061317
728276	7.49212873373201	0.166898062246414
79838	9.63925954882041	1.24116612643529
51573	12.3237192887061	0.411876883418522
9738	10.730894632912	0.525774049080274
57020	10.0055265517656	1.23465149774114
400506	10.7569158788428	0.412645366022699
124152	8.93433435605994	0.458097963074692
51704	9.48197474082609	0.936315184575859
116285	7.50517480973825	0.166390095779117
55623	10.9214523752913	0.474597643925772
6296	7.76470472272931	0.299122161021568
112479	9.81468562758769	0.242985589640267
81691	9.02090085286921	0.499502067500019
123879	9.77636583356531	0.36279921380749
57149	10.2678286248465	0.322453780100332
55567	8.00144355138042	0.344753837870007
57146	9.94198834935814	0.865010250662982
257629	7.77088506129659	0.997821676750502
1428	7.90044293370817	0.675155126522714
400508	7.88172747576322	0.144369742207634
100652781	7.53338688785449	0.175337224500925
23117	8.36791523665358	0.216828432436946
100271836	8.81892058784629	0.225833736734262
387254	8.69318900755402	0.266777430326414
51108	12.0365388039145	0.219958842554108
730092	8.16279820766584	0.240289488211889
440345	8.10229013454527	0.147081593378402
7385	12.5397102752937	0.287835226613076
255762	8.44270969467044	0.165250084495346
730094	9.81860376536682	0.399177236355626
29904	10.427931815747	0.232260497367808
55718	10.2893543549315	0.632115038794875
1039	10.5779723594335	0.514839164852618
100131998	8.70552892276756	0.154448520212275
641298	8.51587313152852	0.233323786483561
100132247	9.25764509185986	0.207095806378216
57478	10.102842019292	0.638743752530487
6340	8.24036900464022	0.780977573918531
6338	8.42708753756418	1.14770499269589
91949	10.0139189647786	0.20322879573223
23062	11.4172713676079	0.578476602219614
124454	10.6445577617053	0.307818985780006
56061	12.0853432790521	0.542466245966741
4706	11.7205934139743	0.350027984649243
79728	10.319129353584	0.255942112667558
84516	11.9834943369406	0.409831370451307
5347	12.0015548537247	0.369264973858349
10595	8.5420555661192	1.46872805619852
5930	11.8975823019574	0.29371971567489
27327	11.580802208206	0.609142738157897
115584	7.63985311973965	0.182829442384503
55114	10.6911621635862	0.886100692500245
554206	7.87834296736399	0.151276334532824
102723510	7.72606186330374	0.164489464571755
51451	10.5455204161215	0.57383488865748
343	7.46149347572544	0.220555117936646
342357	9.36585251644543	0.498428193351025
9951	7.55329234192482	0.533485562623503
79831	8.37123295866848	0.141537253264058
197370	10.6424176461722	0.404683476536402
400512	7.48812483918464	0.137773256406258
3566	10.8312101077018	1.51456755069434
50615	7.55082113600348	0.216622272051024
2975	12.5193879605741	0.625521906264086
23247	10.109331793852	0.317671346011343
23214	12.379455877877	0.509692077493769
388228	9.25869008760287	1.04694038235977
728741	7.73658686866437	0.200310176945505
728689	8.43075264892118	0.246759079275678
1201	10.9984260216249	0.578595924843317
55911	8.01982857495319	0.394611998161222
26471	8.77053953055546	1.39180238385549
112869	9.42587424307868	0.21232552493555
6799	7.89078867935625	0.727650170736783
105371164	7.49486674986419	0.186797338362325
6817	8.65783689700634	0.952151868619141
8663	10.4160489109475	0.347240743109641
100507607	7.60675294211407	0.144372608802623
11273	13.1251567390713	0.390282239053222
7284	13.2655606828466	0.545901536986373
25970	10.6211343472383	0.435373353091082
487	8.09126724827784	0.346275247193792
100289092	8.03774622221956	0.257638306205897
79874	9.94376228813858	0.397664660890454
84901	11.4487255629669	0.360432864117784
83985	11.2766075864125	0.552608979276098
27040	8.00052336651644	0.23696043838675
653390	7.69262448108226	0.295549483031225
105371162	7.40256789792589	0.146896631786418
728888	8.21518642439604	0.195747733707139
552900	9.57044437491436	0.719867212763269
440354	8.71248060659964	0.20427174711185
81893	8.24568427061994	0.210176475530171
6693	7.55896998930084	0.251327120783641
23475	9.72513366520135	1.94294402223281
283897	8.09229021142092	1.28284422219424
653808	7.53690853925008	0.220794515790961
3835	11.8013360955684	0.387947651981683
4150	13.7090342902317	0.303162483066119
112476	8.10705298098435	0.433479651317189
79447	11.3233266631309	0.319493454510991
9961	11.9575174000713	1.02323078479801
10423	11.5860459881633	0.405336427166351
440356	7.74047244117166	0.228069379215016
26470	11.2095590483028	1.70577437912301
253982	10.5456931617687	1.75080565986532
253980	9.65325555949377	0.58558806567476
124446	10.9710771571329	0.471245955814198
9344	12.0460715130334	0.495143724418587
8479	10.8200838806291	0.416892397854467
283899	10.7569900909024	0.271082305977602
8448	8.24297665545845	0.733979288630872
83723	7.71378766286751	0.285137342658078
226	15.0694692625334	0.452198053261953
5531	13.1775136315147	0.432245173670165
6911	8.70532762502407	0.947189380920241
83719	9.47819082899048	0.907428666905053
79153	9.00629759284655	1.24639075962379
5595	11.1814975732079	1.01532447243239
11151	9.21517879316888	1.2417288860787
654483	7.85476607644151	0.134888541474834
100526830	8.18168883318741	0.293304810201389
613038	8.15173018867732	0.803186437018697
613037	7.8158828746858	0.101071196761768
595101	8.41947524384493	0.200152054326455
10421	11.9442254956001	0.393588521189469
26000	11.4879710585924	0.453209100350243
105371169	8.46728474740716	0.252048389913453
29895	7.67211488372822	0.278995076444669
1731	8.08905096684336	0.218867202854466
197407	9.65250754129217	0.404114704809742
51333	8.9255595768715	0.496113368016213
79077	11.5817976274569	0.390514913057569
22928	12.0861155105254	0.552710784850369
3683	7.56326927677025	0.268125305204401
79724	11.1923063562322	0.478528853375462
65988	9.76000970577136	0.401691712402994
92595	9.3139325441457	0.379438771416797
146542	8.95441186611817	0.267030578357808
146540	8.85043378100172	0.367937561445262
115509	9.78331855344371	0.373345421320819
78994	10.6718624699214	0.452976586356965
64319	12.3193686163613	0.458970041482662
730183	8.82016345750339	0.278336422195472
10847	12.8333402834392	0.345903741171584
100862671	10.1115361405916	1.03467907122589
5261	9.95457421708364	0.322649854630341
90835	7.73216599804287	0.0786347751894869
9810	12.3538995413382	0.33525890028577
23361	10.8369244609746	0.641031212350011
9274	10.6616175276627	0.73918120521974
101928736	8.14213858204122	0.338722865308437
1489	8.29406638111914	0.814838891888453
283932	9.14633574821523	0.455456276202736
54620	11.9551683328588	0.532979889693292
9739	11.4810626336816	0.377257576230546
93129	9.84015420397128	0.837353773909123
80270	9.21332685648224	1.357911495687
112755	7.8621548748613	0.427707429195543
6810	10.9494046961508	0.384794763405797
79759	9.71372649087771	0.302508741939768
9726	10.5609130838423	0.38816456762128
339105	8.34195499869539	0.310149789306979
79001	11.1316686488475	0.652897955541112
10295	11.0219770556907	0.373412329786201
84148	10.2149379276577	0.277778001944114
5652	10.126596998481	2.30236488507075
146547	8.05214151677693	0.283171217571152
2521	14.271290289998	0.526278766071334
29108	8.63207588596593	1.08083312984115
100652740	7.60185946795424	0.208610614460862
3684	7.68837418832484	0.241104309390138
3687	7.56047875184076	0.349587750033773
3681	7.53605915211322	0.239657885573382
283933	7.50925550558152	0.137525263710365
79798	9.62975997285427	0.386567951623505
7041	8.81963090759155	0.930636402658215
6524	7.74546235935825	0.339327462644312
64755	10.9997915452774	0.491752166656031
440359	7.77831992560358	0.13656341685001
100132341	8.30081940381054	0.209077894687829
124411	9.33380392493486	0.343217292155376
10308	9.95608085406581	0.163041429981362
100289574	7.5114019410987	0.209430325892616
729264	7.3879773526969	0.146656849903087
606551	7.99391799742629	0.116338501843312
79801	11.3820856624346	0.599380026685173
55737	12.7274091378153	0.173638457602504
23594	10.646325208458	0.546472738347728
91807	7.68368974760492	0.129974687933182
388272	9.55143031843012	0.474404067940294
84706	11.3913295742954	0.762609418550162
10294	12.187183460044	0.272020494928971
81831	10.813348234883	1.40534232174106
101927102	7.5371835734419	0.12590417470745
81533	11.1750537480071	0.55780855617812
5257	11.7450777575017	0.573389433458862
85320	7.65762059627198	0.0985918627957766
83752	11.4340761249545	0.437728821236371
100507577	7.86371490266763	0.135466840929521
6477	9.61996053649545	0.380932911285378
9683	11.383792464671	0.402454908434178
869	7.60190486776346	0.275832729895647
23090	7.48921266135647	0.141339298422261
255919	9.69091511403634	0.441584160964696
55027	10.1746787758012	0.525045538016016
64282	10.574686673665	0.744137174024788
113	9.98872945861516	1.21049685529779
29117	11.7769766503451	0.530970392766074
85407	8.12934836267043	0.586843904646375
64127	7.68957368449602	0.315658085583826
1540	10.2947578564444	0.847011058992302
100422972	7.5237131519748	0.142594913169415
101927364	7.6482569146093	0.630799187895267
27324	8.3563866734502	1.69271330304406
643714	7.4480731853248	0.186376866897675
80205	11.0583075417934	0.483881212142194
102723373	7.99950468670283	0.586957936538337
5934	11.3919698756431	0.602675420525701
64400	10.2788913340576	0.642377470480366
23322	9.22735841686194	0.469804742217714
79068	10.4610854361151	0.567154397384757
100505692	7.56999256412451	0.132166264359267
79191	8.713804887591	1.28805548370074
643911	9.14660442247302	0.346771546513138
10265	8.54017230601691	0.721492942753529
4313	8.32573502204232	1.66144075315639
54947	10.0591189054683	1.72727777687296
6530	7.47752737315646	0.19275968834138
1066	7.65757051806072	0.773788284175496
2775	8.72399935210134	1.31282437686921
267	11.9804773772941	0.577331217142262
11051	12.5950876764171	0.45867536349569
55239	10.8218967099494	0.560448461187356
583	10.2861515127202	0.497579085309828
4502	12.3624172493333	1.87512517530266
4500	8.79179337377201	1.9356987911154
4493	10.1069895542696	2.56011286030406
4499	7.57956330871973	0.267955908801926
4489	8.22755723484531	1.37626694941825
326343	7.54668333269246	0.143899242166841
4494	8.31207498853604	0.702627202364213
4495	7.66244138248246	0.495365282406659
4501	9.4206836636832	1.37260895073231
9688	11.4670678934216	0.380621629153105
6559	7.56922001664117	0.494740930790817
9709	11.7037550253359	1.07699443754792
1071	7.57982104585654	0.279330694830859
84166	9.80861174145759	1.50318816330976
221184	9.93633408742598	0.736979866591385
80011	11.7936107257127	0.417419333753508
89970	10.9328465105755	0.409046500408616
23568	11.2233214491741	0.651682802292083
51090	8.56857643387535	0.807860035670745
6367	7.68500196867239	0.203923790247343
6376	8.04863360728404	1.29871316790627
57019	11.39821636441	0.403687097990711
57017	11.1520426535764	0.513497800472156
5432	11.3908054185499	0.229587603562149
55715	9.77302989409738	1.45276493190169
92922	9.11870086474245	0.45579301948492
221188	8.12184844002235	0.920164344143158
9289	12.1606195940273	1.92164726343251
222487	7.47733824456638	0.164719533653185
10300	9.97958655708061	0.644006529192702
3801	10.8856120079014	0.745582425819306
388282	7.59400799417631	0.229674205711323
1258	7.58760438605117	0.173782383583805
57567	9.48042692600957	0.312171653114413
79650	11.3731222241939	0.240495376024048
4324	10.764348466837	1.16617859544499
29105	10.5445337727634	0.303394647353215
1459	10.6360165820718	0.230131498785911
29070	8.91407572605678	0.661976669492211
64785	9.87968105729077	0.419573307696689
65009	8.90888868919465	0.68782994349139
79918	9.60707767582243	0.51627279783683
23019	13.8859940411396	0.353278325813764
55238	10.501287949339	0.416834434950459
2806	12.60009572425	0.600199378275057
1006	7.59572432034893	0.596172736161488
1009	8.10164722131694	0.869567834304903
1003	7.81177122845112	0.461400354549836
100505865	7.74707289750987	0.285395465422346
146227	7.57876289610722	0.25075134654798
7084	9.60986904263817	0.636346719484548
51192	8.90061247262968	0.213540651479642
113540	8.43342418081203	0.246702396406111
123920	9.01844516999371	1.19403065332019
146223	12.1770223513842	0.731629491384089
1783	12.7732766610927	0.345284770835398
8883	11.5139926741449	0.496692775197518
766	7.54889953651328	0.157291087900896
57546	10.3914819586935	0.510157019984958
6236	7.88629160358874	0.348183345588888
51647	11.7713219453714	0.609138121675044
8824	11.0799897837549	0.640572069785329
23491	8.02946100058387	0.752189528463389
283848	7.9773712145522	0.326702460839385
865	11.8419511245958	0.817514823963933
80262	9.98362453543065	0.407927836984533
84752	9.68836989064811	0.548812952354928
8717	10.0425306626662	0.528662998433043
55336	8.31689615408514	0.227488262135131
3299	8.64668217717622	0.373807804093601
8996	9.88955315070123	0.690255056375383
653319	9.35835434089467	0.471108247640769
283849	8.28439662158905	0.438553803395841
1874	11.6966398294379	0.4989643850613
79767	9.66508540547473	1.07169000963993
26231	7.87968511747937	0.235561388901549
29100	10.5416876589971	0.576812138941101
29109	10.1044332101217	0.596493822943282
6553	8.29098722188985	0.546171694358685
25894	8.34422294209075	0.751778778810869
51673	7.87060783122016	0.317140130226791
29800	8.2342951895676	0.642842922017172
3291	8.15860537031217	0.367835902362646
9114	11.8303761452089	0.613083188079443
100505942	7.74823161080093	0.228927336759673
79567	11.5796186700097	0.506616704943411
10664	11.5712471848277	0.274868246554272
146206	8.55366333008073	1.17081845974736
65057	10.5740758046004	0.612048920011159
50855	9.3798160439052	0.423638572295091
84080	9.2118611289613	0.517806602866066
388284	7.85805495841275	0.356029580666813
81577	10.0731478183602	0.374425510047068
57610	10.471265757622	0.381939691079022
55815	7.81080267443352	0.261096043345185
80152	10.2985809512021	0.325661869479487
57215	10.8731108742911	0.39665599216311
10204	12.2303934683735	0.374249479713719
23644	11.8858468332049	0.411569345183767
123904	7.65865934514407	0.0983488752812296
5681	10.3723429006681	0.514551637102709
1506	8.17406913901585	0.228086383355515
5699	10.7486844507681	0.923061276310302
3931	8.1949886192854	0.240084244847715
6560	10.4737409315039	0.654984030398553
64174	7.46689251729923	0.148286546241794
55794	9.49046286755364	0.40509966184736
54920	9.95677903789026	0.487819139763586
4775	11.1139857074472	0.572800367464604
80004	10.9481029446694	1.40737202611168
23659	9.89616202086804	0.532146061705371
9057	11.4677393698884	0.425492285027186
84138	8.83228162688307	0.232733296121094
54496	10.2960888590637	0.424935121106163
55512	9.28732402685844	1.65051702441714
146198	9.80934618272258	0.493029874287359
1001	10.2944739421322	1.89024429203857
999	12.8955965499178	2.42288829102148
79613	9.58425419123959	0.566252754980998
3038	8.97564583259796	0.851214085684723
54921	11.9222140855094	0.166658426363578
84916	10.5283807269231	0.511817461273059
6645	10.9438853557111	0.64355033341185
27183	11.9435369429412	0.664003399567191
84342	9.94285427293791	0.297986974484363
64146	9.45243489860635	0.320429623611448
51388	11.2200667422154	0.469071350498993
146456	8.10420221778546	0.997257098351327
7014	10.5277933816276	0.369321922922273
80777	13.3936867338209	0.600426970245846
10725	12.4124437778989	0.40270347432578
1728	13.883884648523	0.66426667567472
28987	11.5077670533908	0.441266349567701
11060	11.1706008309075	0.313278116435826
283970	9.11876007912573	0.441801485243009
55066	11.1956099822262	0.581266089157956
100506060	8.03578108051247	0.147357956213776
118460	10.5505320634945	0.441161537734822
16	13.5352843085983	0.672656728460978
11269	10.077427551326	0.610684262879602
100506083	8.05245352023673	0.104414436038643
55308	11.1894784250769	0.405197434171635
6483	10.3683659862639	0.981961726151474
197258	9.29408734265662	0.329721328473027
25839	11.4928802423647	0.439727624601453
23450	12.9912293337364	0.532337094539076
146433	7.60489423931198	0.365445531304002
92154	11.7349415903136	0.501588996758408
55697	11.0809508071402	0.333396884121445
100130894	7.70859388058945	0.283039989461632
54768	7.60943575106678	0.287776544557961
55783	10.7334553146653	0.419902126372004
794	9.58682527861018	1.85932812169907
7571	9.11190308792339	0.403974117470871
7567	8.15688006610706	0.206222627620718
10164	8.1810283514386	1.44665592138758
100132529	7.53201057356844	0.186578130700064
6898	7.48954342849847	0.231723921682633
91862	10.0370633852789	1.39272561919424
23035	10.3530880128514	0.836702503837281
164	12.389560684655	0.349263919730442
342371	11.6120209456546	0.222256459012057
55565	8.88014214156743	0.263916245311389
9798	12.1317421074651	0.180370083129353
342372	7.49018384568854	0.12452039819744
1723	9.34036310014351	0.417447384924087
54957	9.75750767140143	0.238763645654555
9785	11.9995707838782	0.333001698569334
83449	7.79375870695679	0.235459649812072
101927957	8.00836897318522	0.154895787108331
463	11.012386773163	0.623322272599911
5713	12.4409239955898	0.302685093670103
283922	8.54065866673022	0.224124769813154
440348	8.19839879048141	0.799795357513058
497190	7.66441556850539	0.142190147005169
2734	13.2207876724775	0.417291680514623
55159	11.6895329279469	0.548615087111643
197259	9.84542136756814	0.461841936345766
79152	9.27429537259548	1.3029543491767
79726	10.6440911887662	0.408464979135107
84937	10.4335596249088	0.431511781744303
197257	8.15325262138073	0.64820017533006
162239	9.47872004791018	0.203960715415977
100506281	7.63208111123973	0.127547987746357
9564	11.7158141974418	0.31372744885564
10428	11.2482673749427	0.433156845325333
124491	10.9963118623757	0.401529559641368
4166	8.38545825096032	1.27588954158392
23563	7.50309077825054	0.128380318242705
79583	9.02034292476585	0.494998984564079
11345	11.259586291615	0.322036205023502
23536	10.374585194997	0.265134069441362
3735	12.9671979221311	0.403290741913852
54386	11.2371172788446	0.813176381714986
22879	11.2211975790036	0.325322766524578
100130958	8.02039413165894	0.427493220288442
170692	7.5548310346711	0.182115718223543
283927	8.09331779954916	0.321334895336008
51741	9.36621616110909	0.497913508564751
4094	7.93860524360998	0.807537060164319
83657	7.47668266644177	0.152697678950798
124359	8.54289188510104	0.876791463759629
100996425	7.60273853436017	0.14065033308945
56942	10.5586321996959	0.438050602410184
55839	11.4087549936347	0.34025546665442
23300	11.3220702344943	0.314272444976558
123775	8.6103699462536	0.164594718299577
2653	10.6648456045818	0.572395862053581
114780	8.23650166443307	0.636559581372948
53630	8.04828767227786	0.664490893151098
8139	9.68927267729959	0.542048690605897
100616150	7.88173390531048	0.155851848756963
80790	12.3400980832769	0.597185147391122
100129617	7.6219088285477	0.228129150967719
5336	9.72600814876453	0.965057275770836
93517	8.87979472278456	0.940656627862415
3294	7.68387712856478	0.484052711103181
10200	10.385034476542	0.467669731616053
1012	7.49912983191219	0.172692621116503
102724163	7.44110064255298	0.186924161135203
3281	12.0086196439254	0.7304105903116
23417	9.16732335734999	0.387006354657082
105371371	7.56776195519918	0.19288898297333
29948	9.83546130184116	0.935611797488505
54550	7.67322482689985	0.333454063972494
8720	11.8039142987246	0.248027856133547
729887	8.22906768684482	0.345268986249369
83693	10.3263882440966	0.425359765895467
9013	10.311396803111	0.476267905078222
161931	7.4615460747715	0.228785696354079
9914	9.2875546071187	1.1524678746214
57707	10.9287500556137	0.963250278510017
23406	13.4019463335922	1.77988089162324
79786	11.0913748643473	0.359943069662427
9100	12.1918654076586	0.361830878793458
83716	9.06878333927889	0.682446855353841
55625	11.9939009526301	0.478036874673698
9764	9.79045784844486	0.929143900645527
339145	7.4361164522294	0.299696239326609
23199	11.8878127962929	0.956674699458223
197196	7.4660352698371	0.150665653000859
51659	10.5535930088973	0.677930553824555
404550	9.14659766392471	1.17970124015889
10328	10.8160935437842	0.40345726908193
1327	13.4497501196098	0.389267824043886
3394	7.56133898490184	0.297292213422311
2294	7.60927486440527	0.481757930425379
64779	9.84840161038334	0.32312530493432
146512	7.55220711208009	0.132326719078775
103752587	7.41072866976667	0.127941398575178
2303	7.73026135896006	0.625798122770396
2300	9.19767814479394	1.02326203781563
100506581	8.54177242259817	0.342010478818099
79791	10.3309252874303	0.346985955077971
81631	11.6396363018914	0.599898170087931
23174	11.0814383841373	0.434566165434522
101928737	7.6501961066489	0.107586505648658
57338	8.16682828411444	0.738322258996105
100129215	7.84770666808797	0.226378910748122
54758	10.2333235328049	0.360822864240997
105371397	8.67838701513483	0.262508664953294
102724467	7.72491469975266	0.150653625214945
8140	14.1088799210207	0.775946660343393
763	7.46332335920488	0.307520862639607
54971	9.79435763403766	0.478016066408643
84627	8.42873438310724	0.751174252803604
105376779	7.53229106503422	0.150394252439715
161882	8.70562841660509	0.490020025534446
124245	12.0112045622703	0.370688209544772
27189	7.81975350796202	1.12036858495744
1535	13.7245155795309	0.788581798719151
4597	11.6123234489741	0.475256181799223
197187	8.36993497907668	0.242584800226305
333929	8.02547713315603	0.261591264870948
115992	9.41134316698817	0.240057771448298
348180	9.73918250621563	0.309029463932626
9780	12.6680392239762	0.685002780131364
100289580	7.65197507850214	0.175627008796141
81620	11.0536474773995	0.535227355126044
353	11.9162662476822	0.388415331546136
2588	10.6922812981587	0.751311234040372
51693	10.7517785924431	0.295280655016612
390748	7.46991558831227	0.14712176757061
863	8.48207164038901	1.44917443334792
105371409	7.88158832097871	0.910518657106056
100129697	7.54970135336498	0.408894121732637
197322	9.82196378665866	0.592393882814226
1013	7.71931764442378	0.364466682560915
146429	7.70474674520124	0.445425506640877
197320	9.48873436963631	0.442522663894308
105376780	7.78213947174241	0.0968822326040756
29123	12.9166830763476	0.289326740365751
105371414	9.52335378450662	0.463407892950622
100287036	7.86729053647863	0.2956518237438
6687	11.3573188739015	0.405294485752586
6137	15.1423311233274	0.525200266801492
27132	9.21205681231848	0.922214552675542
1800	7.70921156551962	0.304904977203097
5119	12.132442868401	0.426882626317081
124045	9.07317595445681	0.172708628762294
8558	10.1988201167128	0.262197426957899
124044	9.3296072014911	0.422628831194417
105371417	7.53077857248196	0.132024157670373
9605	9.35650109955163	0.411689117329917
100128881	9.15415789450857	0.683610171249322
92822	9.25153113391693	0.340096218741921
2175	10.6025930885259	0.590438763102457
84501	10.2191789317813	0.543295309409193
102724730	7.79762176835866	0.219878982922044
105371419	7.7260956787439	0.168175741089404
22980	11.7212180803813	0.344883256720577
4157	8.87151467774079	0.397313412712987
10381	11.4761117885813	1.2570481839725
54849	10.5921288707234	0.737334130214118
92806	9.48462554606626	0.428748222966022
172	9.4558216140824	0.314359679856181
79007	9.95129743728364	0.988575659870768
2622	9.43485167277024	0.382019352957271
750	7.60382831835363	0.111769480878893
100130015	7.61051772238184	0.117973532982742
100996541	7.55899914831693	0.190538265068913
9501	8.02391506733633	0.318819974627887
400566	8.3201661840463	0.536094870117664
359845	8.66600862671068	1.73003515963764
55275	10.6568486385573	0.427515335311843
79850	10.1045561534676	0.50052038270516
50628	10.8797521083368	0.338421683800956
100131454	7.81988601015571	0.242106659184858
51031	11.4064818490601	0.361816497093312
55178	9.90606755124792	0.463118559420331
64359	10.6205746459422	1.45102521066899
101927727	7.57767053203729	0.318493633166306
29	7.86261714393885	0.382705933103789
105371478	8.28591043053164	0.869329360776861
7531	9.88926057601147	0.46170607953927
1398	9.85870674257408	0.22200796794024
4641	13.2291960518015	0.379303839584319
51763	9.83397360847193	0.36240954742066
100306951	8.9444064781778	0.244731695388342
5306	11.32248588733	0.455268003639447
124935	7.62940315669543	0.213928222093761
727910	7.52628385144479	0.154414376740071
124997	8.38203588382967	0.813256409859558
5176	8.94171898444547	1.5052420324615
114826	9.79516477615868	0.343020906927417
6117	12.2632222559156	0.475090487240397
146760	7.76956890640057	0.646925008586712
1801	9.29173211796089	0.334197977425247
124641	9.00082650131117	0.225704544993818
406994	7.54596344054551	0.140547785166094
3090	8.04007057359097	0.412484609641155
23293	10.5716163580398	0.524500598093626
63826	8.99541330358494	0.475527648745078
55720	11.5458519606531	0.312833292167201
9905	10.6002954854143	0.36374672588084
4335	10.3868577020252	0.37390701189414
284009	7.63060302602994	0.094784061595768
79066	10.4198493464876	0.591868504351903
5048	12.7119515453064	0.345452998336568
23277	12.348793261407	0.58335826306008
105371591	7.56357854779164	0.131797072793105
105371592	8.03190641213572	0.28220820540808
101928991	7.7657716441194	0.608959695357098
23108	10.490535978118	1.0075949909559
101927911	7.55169732681719	0.157572980792646
162514	8.05935895726032	0.474070316679223
7442	8.42039888489326	0.286233379598289
23729	9.78495773429137	0.394493885006841
1497	9.76368672546079	0.439090958393275
100533970	7.92380007801828	0.185711717043094
30851	7.63546448498867	0.0721304665348149
83460	8.37399480608437	0.134532580113153
5026	8.52769367369511	0.700588231193172
3682	9.70042369059584	0.288358426044073
83903	9.68582887461228	0.234501700852473
55421	11.0551075490351	0.371671598477479
84254	8.493219203768	0.454584651086488
489	9.33869209718731	1.47537789460783
23140	11.1095810065442	0.487525897297322
124936	9.56262556392838	0.364135870571574
51479	11.7117160968977	0.507695020021396
7326	11.6427937500625	0.561283687168229
201305	7.85722345012917	0.317373481346187
124976	9.95298435168085	1.32527393824917
10514	11.3460364414055	0.532514645550689
124975	7.74976910405571	0.788138616544547
342527	7.54319131099442	0.250002099544328
246	7.77207668870591	0.339851004853224
27043	12.1080091348385	0.457406876196612
101559451	7.72694046529476	0.220456001396316
409	10.5290563650353	0.803538556706323
400569	9.12886239209293	0.169045003276945
58191	11.1307849959933	0.914304376284912
84225	7.94588989480706	0.283125357787025
9032	7.81318055129794	0.891093224948347
284013	7.64820266500008	0.139290985182591
388323	8.22193114697458	0.513807037852125
5694	12.190302440401	0.281990358187646
5338	10.0588787021936	0.493278215655621
50488	12.1845719160972	0.49751747252905
100130311	7.87045909140189	0.357127186758831
2811	7.85249080945939	0.140796369154487
8402	10.9916885652793	0.29513450223969
26001	11.5858571838369	0.250014879245441
5216	14.855314368936	0.32229084045327
2027	8.56629939712033	0.807867242974271
9552	10.5497317319773	0.295298661718413
23125	10.2558491059937	0.473417595061789
388324	8.30069084361398	0.379524325130818
10749	12.7798304645259	0.622231411733527
55065	7.63661539980849	0.369563334483779
124961	8.26136316318865	0.562014472929229
7775	8.93970803417398	0.295426819743741
101928000	8.28858411266355	0.243447231254723
9098	7.81148946826319	0.144574670827128
84622	8.81623703329441	0.373578243638935
100130950	7.53874543271106	0.139267006931224
9135	11.2427955951213	0.505784651844689
4927	10.8685394388404	0.329134428718439
84268	9.96100037728739	0.397989367985077
708	12.3837326576976	0.637755520225123
56919	11.0869482833873	0.516465013272647
51009	10.5553854659097	0.28687196768018
79003	10.1868574233172	0.284716759289419
728392	7.62339552204385	0.308643671830667
22861	8.04917410432047	0.82358606727153
23302	8.59702601174913	1.15343112725385
54478	10.2371671259538	0.407391348999123
83394	9.11422506091711	1.26266625815719
9851	9.87568561250678	0.280170146344551
84817	11.0145637972041	0.360694860896625
51003	8.97528466275658	0.126259604300322
388327	8.49501262065332	0.189678142367177
100652883	7.51592989806783	0.204257549537264
284111	7.51904403327149	0.222868136306035
54739	8.83409474660349	1.3441849041606
162517	7.4234644267826	0.167761182312041
245	7.78112671804869	0.645050048762366
100506713	8.04977573303463	0.19490351694249
239	8.35437255418896	0.323699195934135
440400	8.02085932106805	0.15927934336801
201232	9.55677023757922	0.61312871260166
162515	7.71622189981701	0.175723956968848
432	7.67291405736588	0.189387929476829
1742	8.78837508724315	1.14345360683213
37	12.6115808544472	0.307222810821677
442898	7.65560410554057	0.0900908808249513
1856	11.1264070744388	0.543038353753231
79142	11.2135929802539	0.452880196947801
11337	12.1606743762107	0.396197908074356
23399	12.060347515677	0.304419856733275
23587	10.5905274609194	0.596297254477793
1366	11.9705372846674	1.81424937744984
6517	7.71759700214368	0.27597517931675
51087	8.03469652355378	1.29925137166595
1984	15.3557954311079	0.368525635769663
2874	11.382382319145	0.433108667789114
84461	10.7089220136547	0.497989685425922
9744	8.12335672516532	0.171001942186134
147040	9.58087714499674	0.711104284295737
8711	9.10778463593218	0.49884701199364
57048	7.77828091280557	0.139564584297804
254863	10.0772113879345	0.461832979691765
57555	10.1118897401783	1.07739205261169
284114	9.15089345166573	0.665012740471911
2256	8.40635337037408	0.763032841467801
1140	9.4892426120584	0.833381591969353
57659	11.6374349522093	0.648280832924992
5430	12.8560314625696	0.664432401437793
8742	8.14650961016105	0.708178372099276
8741	8.36987808499252	0.55715419766768
100533955	7.49853756932244	0.126714166977452
26168	8.85360737470615	0.588476514283541
652965	7.57505676403098	0.125393876994823
652966	7.64696148839135	0.166336145197819
26781	7.8976494284822	0.254864675977984
968	10.543825246119	1.52789088437018
102724164	8.44153040026346	0.499596843986311
9526	10.9299825461528	1.38105900852618
6665	8.20778937449432	0.624405836348789
9513	10.909559614498	1.41742124355101
6462	7.64696336826073	0.232689105906877
112483	9.64339196054224	1.1360441610632
482	7.59724371276785	0.208357941371637
7157	11.4237329764278	1.35526294692743
55135	9.74366044422698	0.349552665339954
1949	7.81773445642861	0.706615398586292
146754	8.31085347182113	0.959249833620022
23135	11.1446399051611	0.45866932028153
92162	7.80211050286642	0.0734161711492469
84316	11.1193452368289	0.404492458629743
124637	9.80785952499322	0.393922279673994
1107	12.945739938058	0.731259326898598
284023	8.35647598678056	0.301624076262417
9196	7.73532804840939	0.199821440916547
58485	11.5443249805333	0.321750176604801
116840	10.7037258031735	0.511060831831426
3000	7.51373149219625	0.200713296512332
242	7.8498041615332	0.38623124675396
59344	8.13001897914872	0.653212191086566
84667	8.05862827942289	0.400909053092265
5187	9.46900719062241	0.472973178901117
6844	10.5736056189831	0.489727955344569
84314	8.92330158993101	0.37423332846797
54785	9.42973964660467	0.373224072726686
9212	11.04804908462	0.598818460996181
284029	7.76442476950432	0.203782116008546
80169	10.1221689751411	0.487735791020417
5198	10.6004095833897	0.691314307061114
399512	9.09789362059014	0.579515990146381
29098	7.94891165537569	0.119723504374883
100128288	7.69274003315855	0.222708810196
124751	8.32031022759168	0.481626389904017
6154	13.9784511494353	0.373873137100502
643904	7.51910986173887	0.160926417696863
81565	10.6153501485254	0.36542890192259
4628	11.6335747487624	1.14004541555458
162387	7.47295286848603	0.162701567304222
9423	9.02947779121924	1.23277347874917
9482	9.33452403231889	0.927903025424933
146845	7.63147354893011	0.0937272120454481
124739	9.18680433041739	0.72711825515166
8522	7.60296700487492	0.240186580494406
4621	8.51535936801272	0.292196290584346
6341	10.5786088580604	0.47414496724591
56985	8.50166969625784	0.306346533411989
388335	7.90782908714959	0.508875939795784
101101775	7.47309047048026	0.235326092673641
7566	8.65419108615328	0.326050677673299
6416	10.0374796242526	0.71749397438357
284034	7.41924908750153	0.234073303450332
93649	7.64419085577718	0.616125039771381
9912	8.54388560176397	0.774439208990204
60528	11.4820139455875	0.497028575840088
9955	7.75802596827042	0.727070322219606
94158	7.55860207943539	0.152295598583328
100874058	8.56043936531211	0.244799143739992
1352	10.2920818807081	0.373721544773243
9953	8.31580681191242	0.949091209078166
84815	7.70918500176748	0.305289334121011
5376	8.28955383052564	0.586783634267116
201158	8.54477592111417	0.309789858526223
374286	7.93135643660334	0.331905779881187
10626	11.5772847612273	1.16644583626173
57335	9.78805745275592	0.550523756232665
4213	8.57962938981503	0.835817668341589
136	10.194613534248	0.668781726914729
125150	9.23979609828921	0.304711474270287
54902	11.3887135004615	0.27670544387048
9611	12.5733287697921	0.515419973626753
9487	8.97027366881967	0.276726993038979
201161	10.0983734250731	0.765350805219619
7314	14.9850984420444	0.577052039744932
51393	7.99975496612766	0.920405240792802
125144	13.9102889280224	0.797557279255477
26800	7.72382595599439	0.13580436217237
388341	8.42023903309352	0.633561928475572
57336	8.42127020270947	0.779271046028383
57547	8.47435414887122	0.249704404167421
9720	7.72122348089628	0.59370729046603
162632	8.15302814886815	1.1620292248917
100129396	7.42810793432296	0.178229933688935
400578	7.72682384198657	0.4952300380132
96597	7.46018336800331	0.322956579734836
23495	7.40912055814259	0.187652077283312
23164	13.1051503828324	0.827734361289024
201164	9.14972806291411	0.91368090907891
201163	10.2541815778207	0.607166535690319
8533	11.7834682371882	0.830464738495959
56953	8.13229825967039	0.571120715299912
55090	9.72021445633938	0.58124329719486
51655	8.97450891425519	2.43709104861601
10400	10.3153697134588	1.57906945402722
10743	11.7466251201402	0.858753074579934
6720	13.2892716783688	0.583974627482955
146691	11.0690579990624	0.875373939283211
100507131	7.72258974417961	0.136453392472973
83450	8.06000402681972	0.253936825571487
91647	9.88079985787734	0.575197129568139
79018	9.8092115149258	0.625630659493861
1819	10.3893285278253	0.555121617294357
51168	7.76497371880126	0.472845531179493
54890	11.8803899986457	0.936122539076274
3996	10.5573387098085	0.250440575942329
2314	13.4144258597333	0.693770146290371
125170	9.57454649683284	0.468717796971495
7156	10.764109832186	0.714436011427738
140775	11.4855407873382	0.78684255525733
6470	11.0127270182095	0.478368565338103
645027	7.48132721714758	0.156596965730407
400579	7.5280889036408	0.224301496770942
729252	7.47438191977452	0.193783507589096
654346	7.6475782766419	0.273475834614153
220594	7.71569207881397	0.595218373056378
80039	7.44173265801166	0.179015738340161
284047	8.03613086934597	0.865941980362274
729288	8.47027081476545	0.329893013475789
2310	9.06696656144033	0.554938753129833
147166	10.4610661643309	0.926982930240639
10517	7.60509568730046	0.242480880962177
51030	11.2483769980854	0.677461578209661
5636	10.3017197796919	0.54911290739791
125206	9.24016180661227	0.323175159381976
644815	10.0222557398924	0.413589832522779
102724624	7.64772763648853	0.2497357988418
780854	7.54625019192301	0.13913962448693
780851	7.93826046363658	0.302766991253957
22905	10.2632582504401	0.657995061401496
100874309	7.64099568724683	0.177134726902296
27077	9.3167224562251	0.308728937701963
5598	9.79701072536165	0.457125756319968
4239	7.697396954204	0.12292742432799
7732	7.64895056319358	0.166998538106515
55244	8.30310028674812	1.0245878508875
224	11.9933940556872	1.21048501217683
146802	7.77992630559538	0.291617651770511
218	9.23447717073613	2.70545059429602
9706	9.48743286902279	0.895728863803925
11216	10.7061966291005	0.32571416717384
92521	10.8857107134996	0.436296006573653
348254	7.64245835111371	0.0868198896256264
284194	7.79267004547036	0.399858036204871
440416	7.54341315951108	0.11266845839646
339260	7.46693290340851	0.233069076606572
105369205	7.58975175106074	0.447094125192414
23326	13.3710361261308	0.601387372707185
25979	10.0192961003505	0.686445257397286
8834	10.5066163366969	0.575693480162037
256302	8.72718120338559	0.483078605546866
5606	11.4759930678659	0.788862394551406
3768	7.981710507935	0.711288943207435
339263	9.43753968536486	0.967400396016339
26118	11.2681929299841	0.338235713429555
8844	9.80999670827842	1.01603661098783
3965	9.26215585208238	1.9736308992815
201229	8.0463245666336	0.496078726451603
51701	10.3071009271253	0.29826104466752
27346	11.2791357808795	0.429196676002587
90410	9.34326094326119	0.241409232965268
7126	11.2870158939086	0.41166218814113
26073	12.6879674565295	0.445113233439503
147007	10.6548968551413	0.241714553539921
7448	7.7836836038575	0.371878380235379
23098	8.79236373321812	0.665890884665235
113235	9.24877066536609	0.271192023910741
9094	9.52281534245823	0.3667210566407
94005	11.7238126562042	0.414555057522566
230	9.25688138426571	0.933475853400592
10615	12.0030714181822	0.233881059702811
100506436	7.62793891242178	0.123247074051261
124923	8.52891171549501	0.188305239470798
9703	12.6380482010719	0.589699912028427
6388	11.0603684427787	0.299439066901192
6830	13.1116507162041	0.217957550191341
147011	8.02707432472256	0.167115685411516
83871	9.16716051820708	1.68822963815988
6147	15.1945984511602	0.393932904556212
26808	7.57593481175032	0.103698455484664
26773	7.68843393221911	0.156989325960171
26809	7.64667948728553	0.0800326826786695
116238	10.2599669845591	0.697647363991221
284086	8.97268907382483	0.250710302749023
9618	11.9822216231606	0.830162427958535
55731	11.1973402913357	0.461185454112295
26284	11.0788840254691	0.265270650427309
2319	12.1365744608091	0.597065182467269
147015	9.64497370290401	0.628849632038442
57649	11.2566303679546	0.176968323161566
124925	8.21316961613392	1.59732570810983
51268	7.80049064364766	0.313607871699409
399687	11.9988670600169	0.613594130442665
9220	7.62361180066403	0.138197945476661
57532	13.0377767406668	0.183386269570122
105371931	9.01813210451404	0.206789242283748
57551	12.380716189434	0.305126001534176
116236	10.1651453677265	0.514883595712024
90313	10.3693504266534	0.633877297196511
28964	11.5277623492015	0.312091427937656
124930	9.98660377380673	0.678157589503427
84940	8.19633282692354	0.424931017224531
85464	11.0163420404695	0.210814414198919
374786	7.82289540261536	0.187059243436485
84081	11.1420690767291	0.261870313037712
642	10.6755914364791	1.35497082744517
1362	12.9517303330338	0.758383927767882
9527	11.4077870713673	0.358468118820071
147172	9.97383691838137	0.365073482827354
440423	8.80437495024768	0.185998986392194
51379	10.2898220644034	0.401069515947719
79915	10.0010694663742	0.363318837464123
79736	9.41081710455597	0.161647247892513
55803	8.1170994614143	0.479946695111202
84282	9.53797299160203	0.49115137781957
4763	12.293628970386	0.369291313815172
2124	7.55521951292266	0.192971239921772
84440	10.5102190139842	0.997000513081997
55352	10.4554613870648	0.368015600240005
55813	11.1560830920428	0.392027204137287
23512	12.1138349959483	0.280577596404296
114659	8.8127657736286	0.195897699890078
105371730	7.6808792045663	0.129665955851555
55288	10.4268324512575	0.398950906223005
162494	7.86209328729125	0.621643017182872
64149	9.65244494502426	0.33691152050508
7756	12.6424062405613	0.304966944345717
5717	13.0179340567823	0.38052533972454
8851	8.86278602805642	0.430183028801475
4642	11.0398261319725	1.8772176208147
26022	7.93327376895264	0.62276121775396
40	7.84221845528026	0.725439105388326
6347	7.67675024793608	0.759310665465306
10693	7.95674981442871	0.321562710912022
91603	9.8810035421485	0.269514084787473
3980	10.6947540961505	0.456975568360914
117584	9.12801946180057	0.243635094954945
5892	9.24673933744507	0.248229341938296
54752	8.01553163604747	0.220408204581544
54475	9.94338427980865	0.535360203865572
105371932	7.96916874117365	0.240021625483393
162394	9.80331554303456	1.66012885745076
91607	8.44365054771668	1.20950419305546
105371933	7.47119386826585	0.144798971417548
55106	8.81972715664539	1.18593172498518
146857	8.7369247111449	1.28276806186077
100506736	7.468473670145	0.189787174362406
5193	9.0153886119441	0.271913026683038
163	13.9330243893997	0.626228821088801
91608	8.06090367668361	1.05715117309316
246176	7.48283582560959	0.204797584913648
79148	7.60409654178911	0.355759631983447
146853	7.55635885923541	0.232708354618567
8148	7.71723891267122	0.385380335634244
79893	7.97218566409863	0.506224792055359
79154	7.66990713146699	0.196846477783674
79922	8.01592454025761	0.302932294642208
3975	7.55370034224636	0.333455288832907
31	8.99516084855073	0.53116773403177
6871	8.4651858796941	0.521621567115656
11276	8.10644591640253	0.350682470184611
11056	9.71133632849613	0.460986200922539
6928	7.63394743092211	0.366009490612521
101060351	7.4716460444003	0.127841203169652
101060376	8.08643425762371	0.339634950216656
101060389	7.5526670180991	0.201032009324182
102723859	7.66961041779246	0.187036713421267
729873	7.48199140953569	0.128602295034411
440434	7.82794792497516	0.152687642528648
84311	7.76904829420119	0.593696267807785
30837	8.95621992359091	0.429601465376541
57636	9.71535403871424	1.43877245216177
80725	7.64950720315071	0.309242203502361
100170841	7.67097023398362	0.137535348243599
4302	8.36688140858232	0.316639841053995
284106	7.77238006699514	0.107843585609377
7703	9.30150079448523	0.994093593525507
5691	8.88292733847283	1.0582374358242
8396	8.19445280611159	0.429116537265032
54883	8.1660404259025	0.414280372122223
9349	14.1951255253905	0.675199491515169
3927	13.7858368900674	0.70282312393236
100505576	7.6797055775942	0.191530919125642
100131347	7.5955476246927	0.190613126907102
57125	7.81149204610422	0.564536926729259
782	8.82237482650765	0.325335095585118
6143	15.0026529679991	0.618086497746765
342667	7.45047001066911	0.229589584444801
101929578	7.42223386204127	0.232786687382486
84961	9.84177998840428	0.575012634904853
5469	12.0071960945158	0.346559643576112
51755	12.4491684356594	0.268793295618093
84152	7.87899726839805	0.888292332964908
10948	10.9150073867501	0.447202943894548
8557	7.80908301213484	0.140892611016162
5409	7.71350417283482	0.525109286477185
93210	9.53436320302776	0.601917069634938
2064	11.6485296906772	1.55445556434153
84299	10.7773799872411	0.336779754847517
2886	9.73391172971085	0.88942586940351
22806	8.04609850659606	0.731859711753278
55876	8.69227118345039	0.75853949685552
94103	11.2355232636988	0.619240155925561
284110	7.71762648509101	0.721582617947397
5709	13.2757904279258	0.406668079121772
1440	7.53700288581197	0.248083479619672
9862	11.2070521404048	0.251660384053389
7067	9.7881079332419	0.807461984749066
9572	9.78755933340045	0.505868728507541
339287	12.4999329347183	0.446823992931035
22794	11.733361425851	0.537802035458811
51195	9.43142595286951	1.35355940011017
147179	12.1751920451646	0.384186893124131
990	11.8139454604891	0.629388806674447
5914	10.0873398984702	0.477965024786211
125111	9.18517797430245	0.451189293228964
7153	14.0910296148596	0.779776157465104
3487	11.2491139680274	2.10087299651391
84951	9.70288675155877	1.87737495048426
6605	11.8629243487685	0.47417663274279
3858	11.422896858914	0.588549155881604
147184	9.67478588076084	0.498102850047622
125115	7.46850874622769	0.405930619781428
85285	7.49109377244682	0.263749375775306
3882	7.54110671987407	0.208235402862729
3886	7.55455940088142	0.154792892635703
3860	10.4027768993073	3.10462508368751
3866	10.1395655286816	1.4022619749553
3880	15.0097157036538	1.53225169576522
147093	7.47712026643825	0.165820498171098
3857	7.54249048658193	0.21092631231412
3861	7.73689612095373	0.589331881405124
3868	8.45333045543786	0.757773300452912
3872	9.31248349313786	2.85696751113418
284116	7.42784504688492	0.178745056734709
10209	13.9935455597269	0.599271263160993
2520	7.46118869682353	0.162289077187203
9001	8.35332090295323	0.679323560651043
3728	13.439787460632	1.12341158949534
10609	10.8242363605876	0.917633269439865
60681	11.8781091037953	2.00665120698921
115024	11.3201205051239	0.548145149136896
55175	9.59596665948776	0.337447121902899
47	13.410570276082	0.472570343375245
83538	7.81787584891359	0.099887409371821
1267	11.1471606453724	0.483096581943981
7266	11.5002870990589	0.453159574684299
28511	10.714045032081	0.426336978653349
201181	8.19216348919789	0.38080438494344
79132	9.15069363569325	1.08463123093945
2648	11.2410845306977	0.268982165642469
5878	12.8848098724588	0.450543944355852
23415	7.78464948760566	0.411555902703302
84514	9.96985271470012	0.672288092805875
6777	10.8920406561211	0.615771029644828
6776	8.92729036473933	0.830890411223903
6774	12.7129331957094	0.814236572082824
284119	12.0187908441427	2.15615865107886
535	11.271045245007	0.620528975720491
4669	10.5443688066453	0.401710469945437
3292	10.5518699664121	0.670488277506719
80347	11.9596559375525	0.484679648882634
6945	11.1535448263151	0.487480517892187
29893	9.13213588810347	0.36117836699924
162427	10.8036619308342	0.475873782217123
7283	11.9396337550446	0.365021550950327
27175	9.19665403247216	0.428271351828179
79990	10.5972753229741	0.545805998054487
2826	7.77299019009823	0.212410092505382
8506	8.56325706454555	0.731096678689626
2145	9.72228624948028	0.449076272139067
100190938	7.471739394362	0.185795211302005
10266	7.61017974162136	0.202116358789604
84313	11.0575941723762	0.485555289966412
65266	8.36142053270798	0.396838564346272
28958	10.5790426774571	0.36177461126312
124817	7.75489531899352	0.167209585878932
8678	10.8482789435926	0.425858691756573
10197	13.181075889674	0.464253980117125
314	8.12079183762755	0.351465057029409
8639	7.77821570716163	0.234389642771553
100885848	7.76517564273628	0.353859494659882
146923	10.3716195238815	0.599790500696213
6155	14.5013937970601	0.644477828077033
3430	9.94736546702312	1.49096113834909
10493	12.2728643159786	0.688862661638429
8153	7.82452365820335	0.407736121738033
672	11.2037898826434	0.464528534980175
10230	8.82811882973945	0.152802603502226
101929767	8.14359791730773	0.173493992682228
4077	12.2276743211457	0.546474080405809
113277	8.2508507644219	0.683668843133251
100130581	8.23720441369957	0.168328657189982
379	9.45554690055541	1.52571904911293
100313779	7.42586238442959	0.229190624000551
1659	11.5539331176605	0.455432453991126
2118	10.0896553188656	1.00934865442988
4222	7.54103518423025	0.22060336887646
1845	11.7415373435677	0.316982582400916
4356	8.49814189871127	0.462369564616362
4355	8.72439860699083	0.969252774155367
162417	8.40713582299239	0.55963827760429
84336	10.6237879793727	0.306912741140263
124801	10.8443949331285	0.306294323341986
92579	11.1942640393033	0.354625097813644
10014	10.0023472733058	0.546200983197858
105371789	7.5306058319024	0.286008608780194
78995	9.2260596795253	0.221049804125541
92591	8.04575562264776	0.329656109631682
339201	8.6085915287843	0.356788087320767
79089	10.8092412596311	0.271245437582334
56970	11.9237058725566	0.498840116795933
7343	11.8724416537855	0.43774387468549
101926996	8.14922078893207	0.514215373679053
10900	8.66050170483974	1.40886370587754
51629	12.2829891002355	0.636151173852255
2896	12.843825979959	0.618048863506634
284069	8.38489814899054	0.74443781328636
3674	7.6411770543147	0.152840296084379
23131	11.7766176037204	0.229668911705833
2535	10.0297992637501	0.781915560749661
284071	7.92015833406815	0.161046017457083
124808	10.2501884705011	0.306140657389849
80174	10.0379430670436	0.380525386971536
4185	8.27529018262264	0.733257309639664
10052	10.2241066529751	1.33824725727025
51751	7.61379283434007	0.111991538236966
9343	12.4222843715895	0.376913108914499
388389	8.69125471839894	0.27633687984359
2670	7.57823236983573	0.109039665511032
146909	11.021407580664	0.636760718917059
10882	8.1358375231962	0.646998801680977
79877	9.84695032086759	0.568165240600746
4836	12.6519745508939	0.34162749046532
113026	11.8811089600198	1.08053077232134
79777	9.03658424103654	0.316499230519057
10614	12.4726221969694	0.771644867383549
124790	8.98893576555926	0.26328335973946
752	9.01833690779993	0.83597909463402
100133991	8.13383545180196	0.180092756753814
124783	7.62458106916984	0.118917899222713
9020	10.4015435920242	0.574408365999302
201176	7.76371739832509	0.291777338259805
4137	7.55297728386246	0.256486430961493
284058	7.84597688180833	0.414101637103304
9884	7.57465300642394	0.266753748383862
100506084	7.66874424693447	0.227628787326789
51326	7.65633488601338	0.170633676134611
474170	7.6604974992734	0.250948218503722
4905	7.70359053361091	0.0876473758352029
9570	10.9408628155913	0.28045759482331
388394	7.74448692752702	0.74098365377342
996	12.4024364064634	0.297987165766946
3690	8.02926017792042	0.758529486925853
124989	8.20603641705442	0.388046389062504
653479	8.70033608166165	0.260534129385432
9520	13.1515544936641	0.390760346709952
3837	14.5219371231862	0.273850434797711
9755	9.19506165852587	0.825271446459304
114881	9.06906516362901	0.75432844017038
124995	11.4297546365357	0.311311644715402
90506	8.0130012009108	0.303767390538035
90507	9.73331127394706	0.587310136272753
80320	8.98825019520933	1.09015263371648
102724532	8.34536585591629	0.229353722331518
6668	10.3748350783407	0.498249913325559
100506325	8.14614801250943	0.219365203392651
55163	10.7382622819409	0.257606000617637
79170	8.67802455169551	1.0655365501973
80279	10.9672884868398	0.255352463064222
51226	8.0200099421726	0.465925501778513
4779	13.5792804491215	0.53300689209132
10951	12.6790460887943	0.476774632633787
29916	10.4089304493738	0.337209578437305
8631	8.30761249273988	1.14285523956782
101927166	7.44114585794813	0.15309370894989
3212	9.88969269643103	1.90651116309309
100874362	7.81686519799329	0.396425569719526
3213	10.2198583676968	1.55023237852064
3214	8.81018199283279	1.40122752506544
404266	8.80426731209723	1.32627834101161
3215	9.22201866588662	1.46467598772605
3216	10.0955186140803	1.40548948178632
3217	10.3764879326086	0.882179702968093
3218	9.34057077828559	2.00449956126378
3219	10.1434404763923	1.73710391563992
105371810	8.014029221677	0.466881364246001
406972	7.52083186844953	0.199681920629647
360205	7.50430891185377	0.236252539134061
10481	8.52164203703258	1.30079184195895
284076	7.6827546743922	0.552215219175345
10241	11.6212821008334	0.786149284053086
516	11.600625833537	0.444235218896898
65264	12.6011615848813	0.571590304800505
11267	11.5708420982923	0.496896314816071
2695	7.56434447652452	0.416003717061928
10642	8.93905547624343	2.30835904345642
162466	7.63986867443079	0.33857691623734
22834	10.5235292260751	0.402260030147471
102724596	7.56734805665374	0.134051386815547
5245	13.097473297709	0.394179574574841
4804	8.08880480526019	0.623282715993007
11248	7.53563033928595	0.180263708889024
8405	11.365661805774	0.377231454734216
10237	11.124823412263	0.374875870119732
81558	9.22387268800446	0.471929281187142
11143	11.1608443541195	0.264942552133423
1748	8.05264625705917	0.565581323999065
1747	7.85019277011067	0.642092668449179
284080	8.08672372641403	0.490142957143256
3675	13.4605507052001	1.67259289125592
5164	9.58021882855443	0.473671750263975
201191	7.66073923389067	0.281786456988105
84687	12.0639327541805	0.608640129073606
1277	9.56571510935142	1.10195249548131
162461	8.17049402170065	0.721331757216757
64132	10.3532758281292	0.754537236197529
51264	10.684190639309	0.449733619132227
146956	9.39883725359914	0.366813973192428
55379	13.5053659436508	0.481103732724647
80221	10.4882876362986	1.42982243450373
1101	7.83138535716466	0.252367005485808
55316	9.85169044341555	0.446709652727816
84073	7.6931895010567	0.235057049916629
55040	9.62961769311743	1.5710326625171
64847	10.5295989271551	0.462205724318143
8913	7.77480676713726	0.445408956603091
8714	10.8147252351053	1.23422172115554
91369	11.3807029785382	0.341125990693943
51747	12.0519618530748	0.284387030240494
10140	11.9572954468617	1.1097285473884
400604	8.13193621465572	0.184142897518398
9043	12.7664917873082	0.400475186932889
654364	7.55803543998306	0.139658240792289
4830	11.3071945945251	0.485228476335937
4831	8.47313157926079	0.170733771482511
54799	10.3492919964602	0.40171409049374
51096	11.6310042506353	0.34251550970363
10040	10.5062100744436	0.245151687642136
1353	10.8968185176024	0.489231343723557
252983	9.21154820549892	0.318639040949321
3131	7.56023168620647	0.161724153702897
23531	9.8874516295672	0.901146894273512
58488	10.0386939684873	0.76428343603707
9241	8.58459143513196	1.03367477588112
339210	8.86574923952019	0.237468185429254
8526	10.1099844821456	0.453814224048609
7706	12.4525930949558	0.556474107582872
8161	10.7514892464632	0.292045646499578
59342	10.1475849179973	0.52634699724364
8165	11.6303477851592	0.647351730852528
124540	11.6119598153179	1.00633325692977
51649	11.0216938121841	0.429113130645379
404093	11.0745364742762	0.571842075650384
7716	11.2400675583873	0.432251244996109
101929185	7.99804206311473	0.174054677929225
6426	13.2946200026749	0.17832331219692
140735	12.2254463385535	0.352981663289241
8288	7.52758051810707	0.142186005785366
54903	9.26570822714877	0.583008165334388
100506779	7.57368351239725	0.123428237606524
6827	10.486564919641	0.26876180451052
54894	8.71794149943809	1.01026560992285
9110	10.8291280518127	0.418245641289536
5414	7.59881001811667	0.26063361295206
56155	7.68124394186959	0.0916807215354504
5889	10.008796465763	0.366722612989954
22843	8.26780037303476	0.801873563452159
4591	11.1867726328354	0.335327364065703
348235	11.8673429169045	0.645275160675576
55771	12.3227154617793	0.71632819373555
55181	10.1509543696441	0.283560715574649
284161	8.43469247764022	0.325648511916655
388403	9.07248459301233	0.846223659482609
79665	10.4381913483728	0.833823679860946
1213	14.4078977300364	0.360852294151888
51651	10.5022701858631	0.218863869562976
81671	12.3286544218483	0.540619651046763
406991	7.71741112775086	0.10647803496209
51174	9.36664461412111	0.454162632335737
6198	11.2266286296664	0.517916703173664
51136	9.67828319324501	0.386363322078947
101927755	7.80420732905201	0.200475996897904
105371935	7.50033831275062	0.182258369599372
100616210	7.62036802123612	0.0634026821385313
63897	9.59930556578645	0.350305246117808
645638	7.71570689060354	0.205573367458754
653653	7.83380540111792	0.16087903302651
762	7.39973587017643	0.134341515075999
84669	11.5289141981643	0.328026930230909
10513	11.0141462839661	0.226368218317356
8493	9.87162988753025	0.242355307307571
54828	9.18694339067362	0.711073104800915
103689912	7.50588283058521	0.281813374147407
6909	8.35910188760413	1.52812221760764
388407	7.66887398525761	0.309587045143064
9496	7.51878735123448	0.195460927260767
342538	7.7050965384641	0.0846473990702078
83990	9.9948962515111	0.567373163797358
57508	10.3210464078296	0.524631127961733
9969	11.9951960957769	0.326690635298117
339175	10.2119930366335	0.331730732226789
105371937	7.90718394863449	0.136609917969278
11011	11.1822998451048	0.183328867073015
9902	8.95180776804208	2.02735611723209
162333	7.61766494102737	0.346993962730019
26115	10.7509459298391	0.97265431145976
1534	12.1077419533302	0.58940744756319
1636	8.6860855560999	1.12701428826493
81033	7.77023995885549	0.915223222178769
10238	12.9310521723698	0.34003073508782
51204	10.4768095596465	0.452018195826862
4215	10.1221897847849	0.475375114910793
80774	8.86865505921091	0.640095007116093
729683	7.56188118715428	0.21208166727641
92335	9.73364610579846	0.358167539050121
57003	12.7250479063959	0.448693174250463
11325	12.4734789117054	0.30064263174875
117246	11.4898194981017	0.434373232435265
5705	12.5511497696422	0.256331984286237
6603	11.8265355337379	0.399178361954526
146771	7.56818818985225	0.324149576316238
92340	7.98113095276786	0.42980205163445
3384	8.08262180409877	0.811382217400674
2081	9.11409510693633	0.559019911919278
692227	9.14346300091656	0.644683618000497
677842	8.04121908815511	0.415606524484477
55852	10.9840742712125	0.841701426948041
5175	7.75896435355019	0.273239561129337
284021	8.21845455407478	1.42462990820866
11232	9.13643347455986	0.187297459681183
1655	13.7235139260526	0.365427958336284
100616387	8.04743813210717	0.22669139714309
100616408	8.60921351529865	0.349076524523842
90799	9.68640030604502	0.325299866070853
64750	11.0103021871157	0.68988240098091
146880	9.19488695487728	0.451820930419689
440456	8.83768780269021	0.364731208437709
374819	8.34785615694216	0.552303254600559
201283	8.77826869690824	0.320601901224981
10672	11.4840646665543	0.374220903182052
100507002	8.18190911857387	0.243947996812046
8787	7.63925343918305	0.221807462046721
8313	8.52897091743568	1.06363608159975
201134	8.65578148052773	0.503056450458409
350	7.51166260897806	0.426168157084149
5578	11.0261694969758	0.844826613833356
27092	9.16887481484703	1.35260542442587
786	7.44818773171345	0.181837769670221
9931	11.073690342759	0.415639258954953
5718	11.897969061762	0.315061432070883
26207	9.77314618845954	0.857223354519938
25926	11.5071832822626	0.36576256943059
2186	11.9160246637102	0.209407653844036
284018	9.24931021605399	0.370911312401539
3838	13.4525316844264	0.591232617766495
100499466	11.0177056613558	0.264167428383052
51321	11.2253634579598	0.445617244078081
22901	8.22090070992405	0.346190334279503
9120	8.01141701708462	0.347810198839529
5573	12.9210911545966	0.222233090468447
55062	9.39151521470828	0.343025031473095
693220	7.59070517627983	0.0782739829191976
54757	7.6622858920316	0.134042350205354
10351	7.7248984003631	1.00922621432127
10350	7.49385331526508	0.182507534394973
23460	7.76588658348382	0.514432292438325
10349	8.41983951465117	1.10911372004975
23461	9.12870076421042	0.476662195050458
5608	8.69736761823917	0.961633863616173
400617	7.53587226731322	0.211920458127384
3759	7.982141574424	0.52977375301094
102606463	7.64838495045551	0.283010687618834
400618	7.77061922211451	0.142222928895248
6662	11.669889030782	1.09907512685231
100499467	9.89068308880822	0.928532337352208
400619	7.65738116163781	0.216684263628833
201266	10.7799190886032	0.615022237754019
6752	7.67441097272278	0.413369104272574
9382	10.0547844533416	0.25741103327846
84923	11.0437250888086	0.23479401552849
55028	10.148347012212	0.334279316197727
23580	11.4507867239638	0.964988902881512
54549	7.72892837882778	0.389704848884843
6169	14.6023979236231	0.346551213662419
85001	8.14333505025524	0.175419492562829
94015	8.54926039186073	1.040762378726
350383	7.41645369612582	0.171351421521677
55890	9.85885144732243	1.37184913295249
10871	7.52596520619529	0.195720195661147
326624	8.41745824869668	1.09266392005068
9368	12.2704999659514	0.916339837440891
26151	10.3295336265396	0.339774073111298
54868	10.3276028765142	0.411649136892077
2905	8.04867754277237	0.402051438070151
2232	9.76183116230899	0.774134444860203
124590	7.76750457571469	0.47178580996516
92736	7.5274668237645	0.218481349352152
347741	7.56492651426505	0.380200806953756
283987	10.3357864072033	1.26990950259111
30850	10.7220252588228	0.903139456515286
3396	10.2588380274108	0.329887816415742
23510	10.8545672196966	0.424308128698758
10476	12.0111546681005	0.378283888987492
9121	10.465016685738	1.48466213748132
79637	9.890077192684	0.305420971298551
30833	10.1847976739564	0.365960454550627
51155	13.3268369324618	0.495115248304659
6613	13.2597125142799	0.317743163637781
79902	10.8414969577754	0.393500765974671
23163	10.9585026107396	0.321805291414994
51081	11.5967554465394	0.29898498925062
57409	9.87220308774817	0.377561623344028
100287042	8.32781271004917	0.275118937692966
60386	9.15623095134082	0.396870813229237
2885	12.7626083617095	0.381192225548325
9772	11.3943167793367	0.552310809096214
57513	10.6765997658279	0.381669800344151
283989	10.4237870161087	0.290388558163207
3993	11.5748419513143	0.919563130475394
80022	9.04548627015647	1.50631454906623
9400	10.1128448501956	0.360253326783626
643008	8.21605864149317	0.725848948082178
100130933	8.0935746543814	0.535581949994859
29115	11.2755570962979	0.374428040757128
3691	12.7738927424158	2.40152536128957
2584	9.60795274483092	0.632201947459229
3021	14.1415413337497	0.422657944410994
85451	10.3492868107446	0.345218170017864
201294	10.7983281722284	2.40428099390636
23558	12.4310934856795	0.551977012769262
91107	10.4833052650294	0.610168511916804
201292	10.1852646653459	0.307204994069023
64978	11.3011007854764	0.398546679608351
85302	9.03620138909633	0.552841726140558
51	11.1928556511239	0.583521858488985
100529145	7.78447277832644	0.0968859539225455
2125	11.6229945147008	1.42040750178645
6730	12.4253267110615	0.221031628355552
8811	8.1479405128178	0.349503360109055
353174	7.52045089912646	0.256000679023944
23265	11.922763974987	0.49027544344253
2302	8.64524409235249	1.42736285946373
100507218	7.78263425473333	0.419172320303049
114804	8.99064166411081	0.781732427871981
283991	11.5495986063994	0.941282177191393
84074	8.09807382494252	0.292618670521463
5635	10.6880717533146	0.379795413039083
8877	9.37560031050667	1.22887671644726
63893	10.8301764938116	0.33155930312603
15	7.57418108417631	0.222975045859083
79651	10.0085278394027	0.718649783710202
114757	7.82572610448553	0.375261975594008
768206	7.62228893397445	0.121869638755498
100507246	11.7667319237999	0.39999397378474
10610	8.84735685554502	0.97210584127261
55808	8.38002699462199	1.47190703420546
105274304	7.83408513888434	0.148884459198016
439921	9.56863130951203	1.51440449431478
23210	10.6588073309104	0.399227433793435
124512	10.0805643600522	0.226238462662048
6427	12.845322784684	0.251727351249868
79157	10.3581975746904	0.295754215507586
146664	8.87622465038467	1.05647974572405
654434	8.43384680542425	0.288969874687239
6397	12.4892744279941	0.662919707786663
10801	13.9212409800771	0.85491933982243
57690	9.55241432253693	0.473589457114902
100131096	8.77008633191007	0.797617606673278
11322	10.8776583547264	1.08799331341815
147138	8.43306806180646	0.694526088556177
100141515	7.51215811044206	0.240755907741332
9144	12.7326357512471	0.676027349118154
7083	11.8610112396511	0.867696475326368
125061	9.9280343102072	0.257941208381079
332	12.4569678927264	0.483290370623309
9021	10.354841618607	1.189944559029
101928674	7.87297612770223	0.292606129182339
9489	9.89308520721647	0.296615676597071
8632	8.03851044356871	0.200369951189801
100996295	7.51486052203058	0.131341184287452
101928710	7.90172638282745	0.541922629530629
9267	10.7018339086679	0.354597852205776
57602	11.3111942040606	0.288379808534564
7077	13.1098146922214	1.81483694710964
100653515	7.70847834790671	0.270654062150163
3959	13.4543532239655	1.51544902731871
124583	12.5508597135958	0.534948897174562
100507410	7.58140430619092	0.444327711219845
114897	8.23321675170619	0.69355797223756
64772	9.61381843603619	0.388427885203199
146713	7.50961712724584	0.134958987411245
84733	9.53559947933147	0.906119522103828
57332	9.55505191990703	0.474650654741398
8535	11.2706999853718	0.755184483785102
101928766	7.57343445269703	0.230058191881666
125058	11.1247116222936	0.983502932000341
55036	8.19143708816628	0.39557501655721
2548	11.1315642944291	1.25323951582276
9775	12.0930517878046	0.408750797062366
79092	8.03102519654855	0.225704128034563
6448	9.6850323482711	0.750254161766415
284129	9.02905732231493	0.782561387969807
57674	13.1435669205704	0.826603695329822
100294362	7.69058751411812	0.0833465839153263
284131	9.45311698993204	0.410826264308052
4884	8.22379696781751	0.631756625273625
57521	11.2015425872796	0.35608109040359
105371921	7.61794309260036	0.31147784680226
79643	10.0623004366242	0.352121689238252
100129503	8.25812748084032	0.180190147158209
440465	10.3268709100281	0.979614619578184
10458	11.1251320646374	1.12586179457359
9625	8.32955611011911	0.565040712201191
22994	10.1208995702948	0.386522736554808
146705	9.71331265571455	0.142922061161181
284184	11.299276120586	0.256278777540872
124565	12.4886868031288	0.32971756432313
284185	7.87709466370239	0.181771103626864
284186	8.07533252390713	0.318582541016478
100130370	7.66512055523463	0.133667982463082
57597	10.6769001067841	0.896702455853745
71	16.4184417064631	0.340081940458562
25794	8.84374436895061	0.500101406266715
80233	10.3118601029473	0.517960854719429
55666	12.7376800198637	0.386200374507304
83882	8.11089234802604	0.485165353011006
339229	10.144448677647	0.328363359845162
339230	11.2363294148908	0.378767393076159
339231	10.1757798571614	0.430532252398435
9146	11.7884087731029	0.213597669772249
6182	11.9838487213376	0.341338300039612
1468	10.9773462842467	0.380361357695855
348262	10.7110476275449	0.764431584887241
116729	7.55215846146351	0.105560443873012
5034	15.0056770303619	0.355034652145596
396	13.5621159587369	0.48530002944811
10189	12.0869084345342	0.433242090727588
51529	11.9378925567587	0.376578267042973
256933	8.43361576319904	0.427507033041847
5833	11.0998941880231	0.536515551974768
51547	10.8486763359004	0.494328223683601
4097	11.791926149291	0.531298972538472
92659	9.14122043217037	0.555145924906068
5831	12.0410016832573	0.6279190281725
255275	7.58865566183851	0.115750980245257
147111	7.87274259283693	0.284929694097421
79058	10.0206332294845	0.188700164891367
201254	11.4348359528015	0.454468804516341
201255	10.0724892242448	0.447367752895672
5881	9.20451854880914	0.544224835315751
51181	10.8381222259713	0.516726081454705
5986	9.92490704762334	0.311541192995743
2873	11.8958454967831	0.371327246015398
64118	11.4985781746569	0.501627306567064
2194	14.5012284794325	0.636963886367991
284001	9.86096204858356	0.648496054821789
9123	13.1539678615815	1.3985542074793
1453	12.8751693876728	0.357071588972884
924	7.52514137868774	0.197177727071664
6398	9.27264366574174	1.12745051011276
400629	7.7355071504344	0.100899586609521
79701	10.4195069816363	0.403291545626871
284004	9.1584860344952	0.348982393651842
79415	10.6388784560664	0.542852634268333
26502	10.3871548934669	0.509804190920608
3607	12.013087157798	0.367588939720188
56270	11.9021097399237	0.65560708399899
10966	8.6667469931504	0.542113318021993
79672	10.6721499814082	0.248435288880242
64122	9.39521450101926	0.944054271970334
6904	11.3184281904594	0.654637778145527
79755	7.62883361430604	0.380687327144713
146712	8.52019608823573	0.408211042220996
284207	9.24820943003827	1.07693225005097
388574	7.59758508319089	0.119388053572001
727758	8.15440267390129	0.360697222573671
102466878	7.75574845276101	0.212422078495068
9097	12.0443721049659	0.510015337868444
9984	10.3489576130712	0.319316453873066
27098	7.60554578343741	0.15585224705243
494514	8.28120961238711	0.364613901947424
7298	10.2925149104797	0.432246813071939
55556	10.061732008128	0.557918713450152
7525	12.0322441567762	0.472268745227973
116	7.83325133891734	1.12050014380783
64863	9.84175018353465	0.242612076675465
10403	11.0291035037573	0.4098947471808
645158	7.75299677736856	0.211510407199479
23347	11.8753539654052	0.422518396818119
84034	8.26423427898277	0.581785918045755
9663	10.6637355057954	0.679688183497731
727896	7.77393128973006	0.0989864033299137
8736	8.19737077718123	0.286873955704976
10627	12.9274314033313	0.490257252647301
104968399	7.96405528484004	0.187878562592363
103910	13.7082119593014	0.481474855462833
7050	11.8749396058214	0.74379464904913
100505592	7.6138521575931	0.339954643340205
9229	8.02634465884411	0.574516875458054
649446	9.04872942000044	0.334480611649612
84777	8.81605388532025	0.502564226196169
147525	8.16541155050269	0.216218123889997
339290	10.2430320630667	0.473681676382005
7541	9.60605106219632	0.200961257061958
645369	7.41544205513554	0.180352342355676
91133	7.89942219483212	0.811557799548178
79822	7.52366861617323	0.22861695386019
400643	7.43694861281975	0.184145857236254
284217	7.62570301940753	0.134716500279674
5797	8.73379295299959	1.31948921298366
201475	10.8794175723412	0.416760813667171
100287082	7.73132595851866	0.230267623996695
23255	10.5988091619774	0.852787657259529
4729	11.8830236793334	0.318418291917288
101927275	7.91236461272368	0.1177932236078
23253	10.9831234207118	0.365965511772104
57045	11.3057946610675	0.812462199363145
10928	12.090290354591	0.309478921146807
9989	11.836171914941	0.365407295077411
101927323	7.76186502139635	0.161568509517756
11031	11.3316865134963	1.33448478513359
84203	7.57831879359904	0.166465766446589
9218	12.9926026395528	0.346791436855472
147495	7.9582152367772	0.8404039917301
8774	10.3968478088474	0.501512164294086
101927376	7.54183187327882	0.4152218073032
63895	7.83173150084574	0.621548128465283
2774	8.69192673902409	0.872442815036896
57132	11.5217390025213	0.578044240131618
65258	9.28152489063225	0.281300498234355
3613	10.4243713958243	0.47551965934137
497259	7.4392554196481	0.17631684728008
84617	10.9866250538865	1.47046716174634
10939	11.613049007679	0.434324628374806
10650	8.35455410318868	0.401897539612318
105376855	7.51562748881729	0.224354083068342
56907	11.1540645447103	0.640618463773153
56984	11.0129040735182	0.367900896147217
79959	9.66462018897528	0.202668643388209
5771	10.5148140194163	0.342482390286254
81929	11.4421698644228	0.304551067158323
55125	10.7754569937485	0.288213316518806
753	7.94969407355756	0.74685543381133
125228	10.4083397624509	0.470846476159364
8731	11.0952834591765	0.452893737163845
162655	8.53265861869331	0.271928052032722
440482	7.92919342689324	0.448145334115766
284233	7.53471417467072	0.21176647092031
101927642	7.42619453672539	0.153689255458612
6093	11.923379765915	0.350987050148019
80000	9.58027101553637	0.941837638835011
114799	10.3644979199212	0.376770464355302
6632	11.678040529739	0.391995299106044
171586	10.466222234469	0.291743265942155
57534	11.4442718063041	0.530895323027762
100128893	7.63408485300683	0.289165520819826
2627	9.51498672901621	1.72984941471502
101927571	7.70134167006352	0.222402571148778
5932	11.6502767260813	0.658189028507322
105372022	7.9548612231705	0.49089444311917
91768	9.80664297074644	1.56655998283698
85019	9.15581700591149	0.452576461883988
8780	11.6115293826794	0.408795039044373
29919	9.87169733755594	0.53849157560371
4864	11.3926832329532	0.561566440657542
147463	7.90328523526899	0.369583873087333
3909	11.2439959232407	2.04000368196152
125488	9.45568662640029	0.61919127468034
102724246	7.52419907278167	0.236311110633311
26256	9.00461198521896	0.871278222822247
114876	10.5016333534983	0.642041804202623
55364	10.4570682047825	0.477509400576916
6760	11.2271507107171	0.576456531878184
6875	8.95052446597201	0.639960669348508
284252	10.325905401405	0.611437486074744
361	7.43707779470433	0.174702204315856
83539	7.70808242952432	0.687045775489097
1000	8.37937753645819	1.09746809893437
1825	7.99130530746108	0.88385739982815
1824	10.2558818725286	1.6737261599726
1823	7.47323616160589	0.170406699628763
1830	8.67691084023829	1.85415919632349
1829	12.6492192882094	1.69019605693289
100652770	7.58409713131428	0.179841584764701
9331	9.41807868186315	0.75268323736523
22878	10.9056643496921	0.277972851643449
54941	8.39200322129528	0.750374117767466
51444	10.607782794422	0.466949280133154
64762	9.4643479986277	0.647411001742045
57565	7.78070853727102	0.942682709196882
374864	7.46251330388088	0.2223291775662
80816	7.80283635507031	0.895218325495138
8715	7.77168516918842	0.855615759836732
1837	7.96748742865733	1.07969931571463
10982	10.1414327905674	1.01035580160691
84307	9.08885529881238	0.350925510115497
100101467	9.07034603879567	0.565966825187093
10778	10.0956865770905	0.38854639566471
7572	11.5427285130849	0.38456145101163
252884	7.90450420840244	0.241231190515154
125476	9.98722824419792	0.408955405004024
2589	12.4040870999183	0.80355618468508
100500864	7.42797506834835	0.153884772642442
83608	9.47408181910218	0.205002294558264
55197	11.1911248320539	0.436329765514354
25800	11.9350059045513	0.369749797845953
55250	10.4658319006779	0.472288458860034
55034	9.53535900244754	1.08100028832226
80206	8.98656256318336	1.13211784562266
25941	11.5004481633339	0.485547867786659
57536	8.55589619906039	0.245273118509409
56853	7.84315911967662	0.966098472909234
647946	8.34278295352409	0.455138093016173
641516	7.50840538979413	0.441071500400657
5289	9.93425206647493	0.419829237887353
284260	7.57629396021943	0.587192606880332
6860	8.06407617579789	1.56028259388225
26040	8.29639048846228	0.960013616854606
6563	8.00315368341098	1.09508453643916
57724	10.5988025790682	0.725077349202088
284266	7.79784643008509	0.489787166880173
9050	8.06736414692427	0.611068211125572
498	13.6251236637577	0.599495816388267
115106	10.1669621541147	0.447415869527026
147339	10.6135415075202	0.54284609487378
494470	7.51572125669364	0.310109889440571
29906	7.45135574205478	0.139048246434716
9063	9.62139764867262	0.56692353131968
83473	8.25557118071747	0.439851004043228
84064	9.98379603178613	0.2755509493757
51124	10.8220611305063	0.328018205885163
4087	10.829312821426	0.371995288511642
201501	8.41717619695226	1.34743308387257
9811	9.76366184227354	0.470077497450597
4092	9.11666584741425	0.580895154007819
105372109	7.42699380302508	0.12918748890445
54808	10.5096965822574	0.35822847808191
497661	8.21414134240228	0.206839515911374
6139	10.1554984951872	0.551103775838038
100124516	7.73515909776195	0.150703005657133
26791	7.63459391462072	0.147699411927723
9388	9.8781830916406	0.886450812628812
10449	10.8321340053058	1.30835420599491
677769	7.98035711446194	0.225230783320507
103091864	7.79768372842385	0.415122121623778
4645	10.3111956723396	1.62676759033592
220136	7.8980701008682	0.236440303128328
4152	10.9711438974904	0.309269727596466
30827	10.5214253104089	0.343230719909523
5596	7.89173226771971	1.16747272128624
83876	7.52442179228327	0.272184325782969
4200	10.6993877650563	1.42987313339496
55520	8.50268342808196	0.625050228107639
4089	10.0240546793277	1.51136913312304
51320	10.4318381066433	1.20502962764683
1630	7.52171664923085	0.244341911359499
8932	11.2208546350762	0.697743850602983
11201	9.02395158213864	0.337457130588506
162681	9.45165627157017	0.319987580600848
5874	10.6565074267245	1.57558765811568
80323	9.33738968383112	1.02905856903962
6925	8.16254105011296	0.539840752733389
9352	11.4484934675103	0.302692874109002
23335	9.7644068647592	0.347179847592619
9480	9.32171595956744	1.59617439790768
2235	10.3716494760581	0.604436126324234
4677	12.8101626603922	0.472695159131659
100505549	8.00750136568768	0.246781789721574
5205	11.2348845525123	1.50919046240165
23327	11.1721770797182	0.859576943052298
10892	9.76455873018273	0.208989045659366
55205	10.1646469655046	0.924575946683978
90701	11.0650092382752	1.33928224920362
3998	13.1399948657753	0.547685813154327
147372	7.84157826487415	0.905588888387599
5366	10.5441182825043	1.31046115121519
4160	7.46196211300372	0.298716601969754
220441	8.21462606174769	0.932362288371615
23556	10.3238704577179	0.367523946443643
57614	10.756545665631	0.427243359863147
8792	9.03470192266736	0.798744463338232
54877	10.2534675524121	0.385399145487031
23239	10.1305148481148	0.872086116519344
596	8.65898376326285	0.814160795139058
2531	10.8622752429339	0.40860906512318
9525	11.6801805320708	0.357426863322806
5268	10.3098540593726	2.3093999679799
5275	7.43280839073014	0.249843249770861
6318	7.52413966384103	0.297170373390252
6317	7.74794074126951	0.739812282840274
8710	7.98859091058826	0.815357197847524
5055	8.16409562086184	1.37934247207396
284293	7.72246934338817	0.297551956090345
5271	9.16269420485412	0.599142165033765
1005	7.71168208278141	0.929405789579617
54495	11.0304420416243	0.335722067137123
79839	7.76334557761987	0.245438699586826
10666	7.64741541303347	0.0988225131029564
25914	10.2862701956807	0.763854956371794
9306	11.094750611436	0.790380536547603
101927481	7.94522509829592	0.404047721470271
101060542	7.8674946127049	0.371071672095206
147381	7.67357099293812	0.509144911800153
81832	7.45769439384224	0.227048434231525
400655	7.48809957657137	0.397971820609673
100505817	7.6917109954101	0.355671834353894
201456	7.75262649878775	0.268656333490198
29090	10.3844041968468	0.498849313911287
1528	10.3143311913602	0.708595404740467
55748	12.0787171816925	0.61556645034083
400657	8.85200636092597	0.222560590077416
55628	9.70349277606966	0.399452464076823
284273	10.8372690899239	0.467976270086691
10194	9.75051578199012	0.634343378552456
9658	9.81907341785104	0.715991985093105
101927989	8.04267025181855	0.234309775384254
400658	7.75668938566361	0.217423306281968
284276	7.46592547817189	0.22592582686766
400660	7.47559289269118	0.338907857903316
100131655	8.22513275519503	0.460273485179053
7776	9.81810940734191	0.440586362530405
4155	11.6499248493994	0.500107080661291
374868	9.63003979677536	0.55187709470106
4772	8.93175389962236	0.852888353319947
9150	9.48205271269351	0.361141251177541
26251	7.89105386105002	0.203391537703395
80148	10.3019591615679	0.605945286553257
440498	9.56936428980114	0.603023144280003
10907	11.8911336450682	0.592099467795202
79863	9.90458267454082	0.538334149630782
100506070	7.46556219490031	0.124385922161431
22850	11.0157090205617	0.47026469465678
100130522	7.92209429138379	0.419182072110039
84552	8.49824516513188	0.54270774821953
375690	7.63667553931187	0.192602587922128
399844	7.72183505621201	0.228645712710296
101928344	7.50790444111635	0.154919571788021
8612	11.3677343233142	1.00999824935482
101929060	7.63249765930535	0.113723357546963
54531	10.482526074019	0.28574229289678
126567	8.40494709210012	0.874090500858959
25759	8.10500337383103	0.694560972421344
284451	7.58888086411514	0.260616493253181
8174	7.64283618536017	0.254295013201547
91978	9.54832808597579	0.52712147339352
997	11.4281113655403	0.662568336479578
3004	7.58710698544752	0.148974867110217
682	14.2415411035052	0.536897992176161
610	8.94252361974886	1.14027097764294
5442	11.1660835371715	0.457976228700413
55658	11.2593795308433	0.487351164828381
10272	10.2559237026537	0.826604119437879
5064	8.8937849480503	1.41974670061603
126353	11.3937467314922	1.40572329672692
5725	14.0786537842918	0.208520841858384
79948	8.3887079090549	1.45638216740518
1675	7.56544200290195	0.239781340797891
10025	10.728598119679	0.381557776068101
91300	11.181545284974	0.339998670099043
84634	8.03703958626351	0.942043035137913
1820	10.2917033338497	1.40524853143542
57418	10.8127082950547	0.407682113929457
116444	7.97605206367218	0.408498982399503
91304	12.0737678394226	0.298331920670483
103625684	7.50930038878859	0.121425696908527
1265	12.9463377352967	0.516712028320608
10347	10.4394449934818	0.580037286956549
23526	9.77942991797811	0.450377326543542
5434	12.4791495730321	0.243945066468029
2879	13.0290226906115	0.247346437357681
22904	9.56821110729722	0.452799635674478
6794	11.8426864578047	0.272323447370779
255057	8.59546601214148	0.487033214374412
513	11.5647200829906	0.401781187677994
90007	12.0684876000738	0.589727808183695
148046	8.24362072457369	0.371974823543399
1153	12.0597795727664	0.624887103770202
55009	10.8468199124628	0.574520420064916
1943	8.32326128409685	0.563926074713942
84939	10.4040136656778	0.374392753546005
374291	10.8482123057721	0.596741164514698
2593	9.28494320927502	0.678023494538606
26528	13.1079455204083	0.254667874162993
6209	14.4086752143561	0.478860449849983
10297	9.70722322979701	1.0713110442284
148223	9.81529404809585	0.324279176112982
54760	8.03969106423652	0.308219007099551
92840	9.31556625383405	0.763445609501147
339366	8.84623386628106	0.639837044475938
399664	10.7354652232966	0.52565397913384
53615	12.0998154943396	0.328549610256578
10975	12.3848171320146	0.356966819575431
6929	11.9904135155878	0.49850861494384
390874	7.86273463783028	0.800786161597117
148229	8.79740964397097	1.00337277848949
57455	11.4180265467289	0.3699727660748
100288123	7.84011850740238	0.108724217684156
83855	11.3542067267247	0.466963302570396
81926	11.5604098580151	0.325324808105197
113179	8.68029370253838	0.478270562750276
113178	11.4896986375116	0.410303164528953
1455	11.523584162236	0.226026995322235
55643	11.3989808799113	0.652449981384666
2872	12.9122899882808	0.620515351803961
126308	10.0403511486022	0.531646000739579
113177	7.88467981249707	0.22597630428405
8943	13.315965757058	0.549966824135875
84444	11.5227316309019	0.514196151042295
55111	11.0340113524846	0.499147339624894
8175	11.609811573938	0.375291482393226
268	8.56358226680812	0.596698475315109
126306	8.06604846422618	1.58197497016522
4946	14.1782567664625	0.474824960028641
51690	11.3172017743683	0.641204461408415
56928	10.3670486013517	0.646861306372755
360200	7.85858293704933	0.136873039586333
26517	11.659511313793	0.440832339109171
84823	13.5196363073577	0.441864420892567
101928602	7.68725335204934	0.221716992813189
4616	10.4469454423066	0.494647022643948
2788	7.91625046426252	0.774893183333768
148252	8.50940886070364	1.60574573194585
29985	10.7176080910544	0.352120794201787
6449	11.4709486850732	0.53974905254684
7064	11.5666407694454	0.449102745443457
115196	8.60268220332232	0.297663751338989
148254	8.51228714648148	0.267972458111578
126295	8.58679791515233	0.350497526318079
58492	8.55924716404469	0.224500423167607
79816	8.19256649567477	0.393351858886154
7089	9.29729895448336	1.50599412420237
166	13.8607060374649	0.578610438601877
2767	11.9293208770919	0.355601117347209
2769	8.92403438088022	1.46315870032782
56926	12.2885555922412	0.329732583929086
60680	7.75761173059995	0.337262613958431
4782	12.0411782542749	0.815423615656004
284422	7.72604498893044	0.254410785746962
83475	10.2676716442161	0.325914712758834
51343	11.0788334928128	0.359922939133995
126321	11.2705773917023	0.676025137608261
100128569	9.21599409456071	0.477072924652497
10362	11.2222039285036	0.428467532448848
126326	7.54879799222515	0.340636859210593
6915	7.91331973647575	0.51827422017541
404665	7.63274612214273	0.178501518758319
58509	10.0867581571374	0.203590475111835
23396	11.052838407006	0.520943490334879
27134	10.617470174412	1.33277927189059
9546	9.49446539749604	0.308556961255153
116541	10.1207207074395	0.563427045473749
4145	7.69726698579007	0.567130808222539
1613	11.0685715022148	0.686562266940529
693222	7.5653844032858	0.138764220581637
1938	16.1928855861944	0.590328750139528
26812	7.53768011094163	0.113224314474166
51588	11.2072443538312	0.384333700940045
51341	12.3125429957707	0.22436516532833
5605	12.6021374609807	0.48409718857128
84699	7.8276875470962	0.487945496161658
51548	10.0818152610678	0.429055577320477
170961	8.13067123696262	0.350953072683361
10148	7.85542241575078	0.499835174239083
55702	9.66745444430494	0.307678949945777
56961	7.57978950599346	0.207982242585371
126259	7.46870894992088	0.207057361990066
79187	8.33426696554392	1.17871398751628
55620	10.2259092939609	0.930657502371268
84954	9.7493778475589	0.389220450361259
6455	12.219165623282	0.561333830022837
10036	11.3767420216018	0.333226201492857
80700	11.3985681344209	0.300204753758969
84717	11.4979462820758	0.372180257648133
729359	8.39945944304895	0.659166732641247
440503	7.63545923262327	0.179261234296547
116844	8.24818371279265	0.880925424846072
10501	9.01016453933842	1.83633152465927
126282	9.92812683649852	0.643281880832567
56005	13.1294624447764	0.789012651558606
91039	12.3960060024004	0.383586783107542
100131094	7.88489234968987	0.116530149490119
100189416	7.47178635777742	0.163120933730579
284424	7.51278990881089	0.3863049189947
55527	11.0369944834036	0.45270129248226
148022	10.2737604826841	0.525752480640755
10226	12.0799948367892	0.745337513376475
29128	11.6961294681747	0.677771209345805
23030	10.7873004572011	0.594386598802059
5802	10.2030114177935	1.91718799844183
257000	9.10472046527712	1.64890681557571
9667	11.9835318319554	0.448780024891641
6294	12.4709734690634	0.315458549839748
125988	10.8243559523704	0.423011053560778
374875	8.24819304611613	0.386237945219927
25873	13.852462716267	0.694589000512239
9361	12.1001945337101	0.690032032628207
163154	7.97537902538549	0.188091094536767
56931	10.0297574173545	0.399501699022964
4902	7.86612894878751	0.204785982876737
2528	7.70495239592912	0.206490525963042
2525	9.16823636176062	1.07252861657504
126328	11.812362601703	0.398793081088526
400673	8.25378729580793	0.186866491016273
828	9.10938370283546	1.22225306345135
8498	11.2300270149296	0.307989084131299
100128568	7.77312369519085	0.149815113288411
5990	8.88012971678622	0.329469521595826
81616	7.65008063988167	0.104831405444286
4298	12.1003243576913	0.247117271497939
8192	11.0610391725944	0.45845865572852
84266	10.3403530140688	0.339367331131708
5623	7.70291330293974	0.169139078865179
2962	12.1180527384635	0.273246147459771
390877	7.51094974554317	0.125781218261766
8570	13.7849722402203	0.320801828011729
284427	7.67963013579271	0.205696932020803
79085	11.0760315466815	0.958114724177504
92359	9.88893277330363	1.31884890368885
79958	10.0495703963539	1.36479760691107
10382	8.16400654388596	1.28327911357618
8744	8.67976200938662	0.489429183441432
970	7.87074168582154	0.92949527383486
718	9.60535871995754	2.40956328934899
56927	10.908665313006	0.300981071665152
9322	11.9951170764184	0.542141934961028
10045	10.5172647477985	1.55057943081377
7409	8.36796139578337	1.55108679580699
79230	8.89929541934692	0.271996585448141
3643	9.44648329370504	0.877203022064499
23370	11.6135787445152	0.50415935008223
92960	8.24514955991623	0.19548444759813
374877	7.76775146316223	0.395112902630968
140467	9.92127133561646	0.653055487321273
57192	9.81867962599589	0.471238787277422
10908	11.8599908261986	0.710340493889556
57662	10.2058419274869	0.95437268709904
56949	10.7303559943387	0.365816008173501
100131801	10.8104131275378	0.376328227126507
126006	7.65320900414821	0.121226749366811
6813	11.0515418813782	1.24710432753865
126003	10.9883942991448	0.386080361226853
115704	10.0966083843244	0.568766278027135
80164	8.8561702513973	1.3757792646487
80131	9.1304182824313	0.710963637385915
5609	11.4757348429086	0.431889646207938
100507588	8.57304511624392	0.713770866724035
6618	9.60625040478634	0.5186229767192
404217	9.70994917370312	1.32747332342362
10469	11.1951229323681	0.664607689091058
1994	12.0921346971768	0.281550340301336
79603	8.64750185837935	1.14194208002992
51293	11.5151022329664	0.97949950688976
4701	10.5537132164589	0.519136131532302
6234	13.2068538310681	0.943662274831518
256949	7.96723355622832	0.132922926827313
51129	8.56408004227546	0.92758154601934
100507567	8.23535590271478	0.188363729076555
9230	11.7046596892912	0.338279515485643
51257	9.34607023601139	0.386846470461561
4670	13.8771980038529	0.224829604687378
84330	9.07150355675222	0.268087537124745
4542	7.93618177486724	0.297347701669414
81794	7.63356313406309	0.476429051601658
105372267	7.61727630802058	0.59946722043003
148156	9.19690113281808	0.752815226846427
94025	9.36903568764741	2.22381491550043
57693	10.5782184758749	0.265569125719179
374879	8.46328347116119	0.229544701827295
84527	8.63796984671827	0.281836315098599
10781	9.78251442169206	0.293098284474239
105372269	7.46710550239076	0.206126084518041
79088	9.39005925901952	0.31845979204658
101928238	7.84224395387437	0.201481811587657
7675	9.14430697529473	0.218012145956492
93134	10.152535333326	0.379983258923944
284385	8.39076199891139	0.269140695089959
54811	10.5087670762957	0.320583808092554
729648	7.59365243141552	0.566693805404956
162993	8.36365108622724	0.352638044577514
100505555	7.56773994204963	0.205300980501511
54850	9.70909906385235	0.143938586181686
59286	12.1747516581507	0.356272480457819
5300	11.7491633630118	0.272686392757304
93145	8.0530301301258	0.859434927508638
50509	7.74703717895898	0.482822624148013
55337	9.48272974672712	0.522348043158984
83854	7.64295414467865	0.122230564152489
56342	9.03478740517195	0.29148892372021
5032	8.46106122022706	0.292977935857146
8666	12.2688976158153	0.386259615206266
1786	12.1661821498829	0.569021840263545
9294	8.71155918620947	0.171869398448391
51073	11.6826827741991	0.519690530218421
3383	10.2763141989858	1.33742737571963
3386	7.92783579733405	0.802510020460733
7087	8.5031210159312	0.858631372454832
100125288	7.97053640527013	0.222558058600828
112812	10.2405249090009	0.510313700327708
125950	11.7737338909731	0.517525339893517
3385	9.55774966223289	0.439822992388191
7297	11.2915862997734	0.601849059870029
11140	12.8174557963156	0.472178395220642
5141	9.25256695750673	0.94134767544174
9817	12.0505172195303	0.510545010199627
53637	8.43024023299487	1.16716909709079
84971	10.1037527947569	0.748527202401022
65095	11.0054463744701	0.428370504619926
1032	9.89292954284527	0.728113166265972
10053	10.9342593859772	1.74006350210216
57153	12.4286587563687	1.72814218601704
147727	9.92607848920383	0.787056678246513
3609	13.6548633289612	0.526421832780176
81890	10.4827732316308	0.627474068265483
1785	12.9601409143446	0.609462687354523
11018	10.8086962471592	0.378523228097878
255809	7.76154563262457	0.169198057882725
10498	11.7161404260648	0.444622254936114
78992	11.1082403737573	0.550082772720011
90580	9.59546816152172	0.434637373442688
6597	12.302470658738	1.64662536362765
3949	13.2013495351271	0.836927731684075
147841	10.2414163209068	0.595675612676915
25959	11.3061241148584	0.891272504960515
57572	10.581152635683	1.0641730747149
9545	10.9318580180154	1.02395102421938
374882	11.514336708362	0.701484802642808
126075	8.4925003169284	0.326190975592557
64748	10.2857652871518	0.726313701204905
126074	9.02088948518469	0.493805373443151
2057	9.13860425085225	0.847012286901328
57139	10.0326366684239	0.787258666419292
115948	7.82449544889985	0.331801763525574
5589	13.8460547499714	0.406725045611333
1995	7.56449333575851	0.126073514116555
115950	9.14787058993214	0.382419254797047
51295	10.8070697584292	0.56047302948019
1264	7.52488322156263	0.183146313146139
84337	11.1525585578276	0.415541107803707
54	7.7509428804606	0.487556817916934
199692	9.28930426948243	0.340961673647938
664709	8.72207444174177	0.225580674194275
401898	7.67996256753439	0.175149876348906
55552	8.86236514459731	0.302264192201658
126068	8.43307452519955	0.301990703061682
126069	7.70677684861327	0.300598843263753
126070	9.4720786397856	0.806078311160701
90594	7.88822799081015	0.66615081857556
7620	8.46801374004633	0.985815336516535
90592	9.18333995779976	0.348098921173133
284390	7.83265485928503	0.405320132505007
163059	8.38643642881404	0.485365070839448
729747	7.64398625865068	0.33153072486069
284391	7.91392495163952	0.918569041907625
388507	7.7150476876903	0.756702705090764
100529855	7.42377585570592	0.159791326812688
90589	7.50707392802286	0.265300162866173
7695	8.90221870943112	0.400000716288281
51710	8.86143804459256	0.333646304450684
147837	7.94596734248304	0.421694982578944
79973	7.82786253405493	0.319751320154466
105372277	7.63933478445479	0.179407176120514
90576	8.53393275155068	0.264578263707881
10224	8.56030004896421	0.327102522605479
163051	8.32665872075233	0.4549672552264
163050	9.10954514666502	0.489601954958386
57474	9.00351830021382	0.580302660058131
163049	9.62762021600412	0.459887640763094
4125	11.262241376972	0.522547023559794
84292	9.01019630322932	0.344573972846546
51398	10.8823806531865	0.568031029912629
1725	10.9721753665461	0.503837362727271
84261	9.12973253384522	0.291369867432026
30000	12.054478944159	0.509735252254263
79002	12.7314434152479	0.499836194364563
439	12.2844568036268	0.621104758488956
54831	7.53995105308533	0.0986639458031743
29911	10.9164535025211	0.94457684811624
3726	13.0531964863905	1.21569579665084
7001	12.645201451172	1.01255864690255
10535	11.2582915333715	0.434280761007048
83546	7.91255696411098	0.38636043580161
22983	8.59187820683553	0.718657076896256
1777	11.3348661000616	0.499502119827962
2639	10.0258148541389	0.427617946778362
256126	8.14637771042282	0.262094340283215
2193	12.4124556421695	0.534826738919935
811	16.1828645442893	0.244778165487776
5886	12.3944781834371	0.505146047631745
90480	11.6064746788394	0.428081851593228
4784	10.770794836578	1.28277126904488
4066	7.65527180632281	0.318830516872234
55621	10.8700085377049	0.456975946168407
112939	13.0657865646856	0.360653768463581
8677	11.1927512352875	0.739470702921491
9592	13.0938978626892	0.785576668456233
773	8.30319070884364	1.09789497171248
81576	9.78809964740157	0.439715282292654
84245	9.57213816910133	0.288523454960131
28974	11.9046653746896	0.310618172432188
65249	9.78704995315347	0.447039959880544
284454	8.99008368641641	0.633421910110304
407010	7.48492066212726	0.145947193925938
342977	7.68223707850796	0.211814316988095
79173	8.28740391815346	0.278693570929439
54862	11.2365898359021	0.429888065341659
79883	8.2034268294395	0.637365716466997
90379	10.6317710342014	0.366628410931434
5989	9.94715934504056	0.198216932982662
9466	9.43730434696413	1.20330868270287
342979	8.31533452423367	0.535736303724235
113230	8.65142403873122	0.866917020364692
90378	10.5707291369507	0.348769490392806
5566	11.9377527065535	0.442715478165384
55723	11.3979059025682	0.440070198583549
100507373	8.19579336470824	0.180410920824028
22859	10.9920916468806	1.33559444454384
976	12.0436590419291	0.682573011417427
10212	11.8687218714148	0.444029670911802
5585	12.4822337526864	0.748129817972198
5731	7.7424670169205	0.140883469689587
10755	13.1352355777214	0.550494863561613
3337	13.5026813252397	0.403751263843255
9524	12.2627580484812	0.498747106528443
4713	11.5142914410447	0.248277443592756
84449	8.50338648323598	0.357802244933756
30817	7.98663506233878	0.579476732056163
85360	8.88529298689852	1.29293549219044
10994	11.0521184170857	0.462001169996654
4854	9.76575176558967	1.57520775634299
79852	7.64089069812673	0.366540311171681
23476	12.6677063398293	0.363856002314102
10270	10.6886956272874	0.444737152407679
26993	11.2031869198301	0.424867077473586
58525	11.3855137976629	0.461053495168597
126410	7.54321785483494	0.348078261038132
4051	9.27600787785974	1.27127790161258
66002	8.56157198946345	1.04458241645746
26539	7.50769268516113	0.238358707189832
652995	11.5729616179931	2.41672920475557
102724279	7.50346530960349	0.446607370097465
8529	7.57946463018763	0.437297888859288
57834	8.67813591402838	1.2742055255981
7171	13.2304255283878	1.19416931243547
4218	11.8434119576368	0.288047918197587
84941	9.13126308629444	1.15516366893282
117286	7.50625939164809	0.18487468663446
26017	11.5018498536496	0.298963396311805
8907	10.9134540719097	0.553993038052523
10365	10.3699094060895	0.974899971603278
58513	10.6486899931671	0.521915339330999
84167	8.80131969136913	0.401614118926308
10523	11.364224920812	0.347277160596507
79939	11.5164602611294	0.389135364567761
9441	9.57818752597072	0.304482751760167
79086	11.294164287884	0.362357133375017
79041	9.09947125466927	0.504349441141632
284434	7.73800748243593	0.44133296482994
23309	10.8709932548983	0.364296171539196
9002	7.47893100107928	0.293796595933614
27151	8.22543044401256	1.06833383471935
93323	9.85689246790028	0.36348749912224
4650	11.8831165186709	0.4094298504732
55850	9.67862492410404	0.471874009922851
79629	9.29653945639233	0.560690305110846
2063	12.1233993683134	0.556989160245649
29086	11.5554573770799	0.373746166462927
126549	7.78914083794929	0.236388677022673
79575	10.2335713767919	0.731423739692368
64981	10.5311446387958	0.677656387749631
79016	11.6052789175636	0.488460322257358
57719	9.85095680999761	0.61538359236838
84705	9.98625106387749	0.511682850046989
105372343	7.44780483447105	0.170585546413359
684	10.7739645119939	2.10750266976365
105221694	8.41043560572829	0.926027707920002
93343	10.4497697193327	0.429648259997194
100130519	7.79145123883374	0.33038461612273
376497	9.18635245198393	0.879433662114663
25796	10.9373106663613	0.445398632354272
79709	12.5647812421912	0.597662270375389
23025	8.94240773633274	2.17468082650796
55201	10.9177713787926	0.457966114484371
23149	7.97217647513083	0.512970427987006
10331	11.4770366769497	2.25527756940376
3640	7.58447156772813	0.11320238433404
3718	7.96716037651156	0.3223253704398
6142	14.9486393222179	0.391249862081462
26780	7.65070459064237	0.135971368218405
6528	7.63039515005354	0.390847032813426
115098	11.8943382473541	0.325603351576706
3780	7.68658631305821	0.246735848614229
27106	9.69853836817471	0.372844585706551
3594	7.55486069251691	0.278880250267098
23031	9.45038620321759	0.56950349642726
5296	11.4343126483446	0.665253718586885
10437	10.7369865062124	1.12250962269265
84769	9.90997267017134	0.492957235807521
5864	8.44031754413952	0.770575530081175
5143	7.75624045740957	0.164636486436191
729966	7.92891534741036	0.866301904173092
80726	7.79372715920536	0.205471686265682
3727	12.0387584018724	0.622807701728107
100422833	7.54093059986035	0.169480495114598
25804	12.5505983325473	0.3842549038389
54858	10.6017669524093	0.784268606635306
9518	11.6411313432276	2.48961940717121
100422943	7.58597199486236	0.280158517139241
170463	10.8091417091105	0.621359851720436
51477	10.4052917571335	1.27677839635889
8178	10.384519490484	0.327621265605748
23770	13.1511744607355	0.298767495250174
79036	11.3904805586282	0.345614669413819
7311	14.1138212379585	0.418668139260881
55049	9.78617385581706	0.550877247908276
9244	8.09964936246524	0.973372167705429
25789	7.91795229814547	0.80192442315257
55295	9.53355679070521	0.4256913736921
23373	9.84935519833164	0.594633682179094
1311	7.45097772911896	0.144719887699315
5976	12.8463616763843	0.393187705494983
10715	7.84323929528663	0.53563342307503
11316	12.1034243779768	0.600409099716528
54555	10.8119037364652	0.497877405161669
9454	10.7052213780805	0.977745752448567
10147	11.2671366266073	0.579998998498107
93436	10.7748320215543	0.358746637031739
284439	8.95985849411348	0.429530607002124
54929	10.2514038019763	0.522143366956037
4207	7.55172673503919	0.11688367394083
729991	8.83225425927058	0.202166477951884
8625	11.058410568464	0.307944414588249
126382	9.61076423979569	0.226171652889172
1463	7.53628098309837	0.156119118075722
53345	7.48907647873265	0.24839242641467
57794	10.2594177202222	0.276159646967482
23383	10.8258288725258	0.391727286415714
54815	12.3232278618819	0.35414890995156
83983	8.19129860448586	0.202050722255985
51079	12.6524744421558	0.412442564917007
374887	8.45287752326094	0.359322333552698
148113	7.90998190245068	0.447280242337774
80714	8.31100055603822	0.421020014810038
9170	9.63112040961036	0.58155787985168
51291	10.2735584270664	0.344662847551124
57130	11.4088639310607	0.57673190132746
94039	9.40673726398271	0.262687297312362
7561	8.58517103890604	0.297600604499678
284440	7.82215002085008	0.273229595614058
440515	8.43897396710218	0.713667251032211
56242	8.71942525755486	0.760165402370031
81931	7.94824611963802	0.690835698751111
91120	7.66937884443856	0.425663523009533
7643	7.64992658220107	0.480203661349509
90649	7.81544458541351	0.781138190260943
102724436	7.81352982960012	0.560710125167706
664701	7.85702387377803	0.61720198143392
100129842	8.25152037332549	0.830652945822934
199777	7.69988777754025	0.599526423900321
80264	9.03513750349972	0.724489348145262
148206	9.54619756127225	0.869282685542253
170959	9.3421236126308	0.565951260845829
7562	8.80977458008973	0.374597078705331
148203	8.69236851614247	0.656630900840295
284443	8.34817717770525	0.560904245613928
400680	7.46415072716353	0.326670463660729
353088	8.35655426976032	0.756730199748283
163227	7.53353059816149	0.154448683105347
7594	7.69141225937499	0.532456757864628
440519	7.89589708106415	0.25087237936933
100132815	8.63544752750339	0.582807437184661
7644	9.34239682134898	0.902504388941519
104472717	7.93566119629139	0.76127999522421
171392	9.02682851877229	0.740011815017435
148213	8.49921220362856	0.721439830095235
388524	10.7072351675594	0.73938911123374
101929206	7.97727884728947	0.47909372999386
730087	7.78597671488914	0.418311816567777
9534	9.4784188742363	0.539285899407477
148189	8.8757403902629	0.36975753814325
101927151	8.87707218194518	0.29771049403251
102724908	7.57490080439934	0.360877063986267
7386	12.4470272593068	0.29315525413368
10775	10.8246675967375	0.287662513855703
79156	9.17249544998556	0.820122923242
83636	10.1857704010175	0.684548710504578
898	9.76848112485922	1.05337130685983
8725	11.7246473188978	0.38141394815773
57616	7.99208977041736	1.03162396180191
105372487	7.47378129842675	0.261102570725859
22847	10.8772646966255	0.228887468121605
400684	7.99680846678879	0.213094152564658
147991	9.88095038982578	0.395647853773103
9141	11.627146031867	0.453111680308294
84079	11.5496507384968	0.274200428634963
390916	10.8154823470391	0.486437963049863
388531	8.02653686450257	0.334014433884265
91646	7.5297487663168	0.13264660636094
84902	9.83105346983694	0.449263915293907
91442	9.13441101713947	0.515948659402456
85415	11.6510471258184	1.05527613729227
55094	9.85300486779263	0.317093818215902
126248	7.89057514518972	0.220273038653518
4037	9.02767247761014	1.31768661107808
56301	7.48524955843021	0.354406494611336
1050	8.64292573800493	1.04287412059859
80054	7.9095004916567	0.451909797652553
1054	11.4059112246265	0.523156758429616
5184	11.6367769891656	0.918304257870485
64377	7.64082541644586	0.585882260294587
79047	9.5809782276774	1.18266191447403
26065	8.73342366164871	0.67477450951079
9710	9.52268856353989	0.310354992702344
2821	13.8417749030285	0.553567571408221
84306	9.72689573341673	0.380629340103417
10054	12.7590505844091	0.399178749012822
126374	9.55193942683577	1.15523609493662
643719	7.57150636598966	0.135883257267632
284402	7.8420143239418	0.1259429467481
55900	9.77020322694182	0.312616728590866
339318	9.21980204206285	0.258449040214144
148103	8.17037814570058	0.255315972015449
400685	7.51946485526646	0.282855156986551
90075	8.49401490999785	0.30940235949792
126375	8.65497991241545	0.509934341229393
57655	11.0552163567063	0.621845782155464
6324	8.03186597886306	0.609945937744523
3249	7.65904147265144	0.815099236678824
5349	10.5190496528087	2.67943657718413
163175	7.7293962511442	0.557471686984708
5348	7.8409256010211	0.589920894814827
53822	7.75241399066216	0.723575053491073
53827	11.7977856163203	2.01998621471168
51599	12.6287874678875	1.8701655388094
7392	12.2462171472574	0.228353653911973
933	8.44311738940827	1.14817649636414
93099	10.483890985551	1.76516730380996
374897	7.59201455357476	0.210955171332087
26330	8.29326232272134	0.279453729533145
100506469	8.34039181074987	0.207492145247266
10430	11.5689982686981	0.374079779023919
495	7.52296156443766	0.172519920217995
23354	10.37861425285	0.58505028957593
79171	12.5055315718393	0.33279365323459
2116	8.06481378859355	0.148918781972335
1340	12.6764183273491	0.274956731543209
11045	7.633782109581	0.265327442504559
100862728	7.46352773026478	0.162885345368054
27033	8.10239210296543	0.851761909025947
9757	12.0017429427385	0.322335527302753
79713	8.67186199369313	0.250541900756741
199746	9.06224822382515	0.282038984243892
55851	11.5068174052159	0.53928222181126
55957	9.27331171215741	0.267872491994933
126393	7.80985143259288	0.191194323249296
148137	9.83728177236534	0.411001650407236
115703	9.07836368594509	0.316553394423212
4868	7.50515674221146	0.160291334818647
84063	8.07718669696018	0.801127505307108
333	9.53984297066921	1.24757980380143
84807	8.84032449906325	0.243294751469409
10870	7.68563389582398	0.132011200841688
79414	9.59157348490502	0.431260792254934
644096	9.47258122094645	0.334004433766166
163183	8.61495020411787	1.03691440973633
84964	9.8715031252431	0.179550003526042
101927572	7.87060654369679	0.186794243771453
25999	8.279576968302	0.443150053214827
199745	8.82121214163692	0.348199495686716
284403	10.8794106371115	0.411051580295289
728361	7.60639920521274	0.0887364245812977
5438	10.8786970030443	0.266167397728543
1155	11.5666517323089	0.476840912189208
826	13.4594959933804	0.53474810806757
147929	8.36844816218199	0.241880590199506
7705	12.2732130458616	0.512661886883342
100506930	8.47136298134959	1.25376456417235
57677	8.65737651776591	0.361020655489155
284406	8.03364906100454	0.690907484827107
84924	9.12472954997811	0.360280411081519
728752	8.30358343500707	0.288277702636907
339324	10.3239654142308	0.381648832924336
57711	8.99009701039517	0.169229421793092
101927599	8.29059230910967	0.209281645619453
84911	7.65623853071489	0.159952508787792
92283	8.64688499669428	0.326657524699072
101927621	7.89460308531753	0.200649264628702
163081	9.01240093363013	0.276422596775632
342892	8.67437602605419	0.455905545974815
728485	7.76495232447976	0.466521550484714
284408	7.84353444076413	0.524677883959882
388536	8.1637237271102	0.570876875867636
25850	8.03223537512198	0.512233537134694
374899	8.07943775353809	0.708951650763476
374900	8.09003658259727	0.743953253050407
147923	8.94320095872647	0.307396714808755
199704	9.20162021157722	0.674366566215539
92285	9.06773637298698	0.886365975773903
163087	8.71013427853098	0.215393411138081
101927667	7.57204094511804	0.306701517641053
284459	9.6497707530135	0.469823285327383
84503	8.64656938171152	0.240163573666913
148266	8.42896459661545	0.968720571082323
148268	8.08599846190457	0.726087359300076
101927720	7.55014387933551	0.313998573808672
390927	7.91121209285077	0.893176287736945
100507433	7.4942470744703	0.122041604644173
163255	7.72128965585061	0.148340177329701
51276	8.35036895250045	0.182374361262935
22835	9.01156073464258	0.773508176673988
84775	9.00266210726218	0.484048153157311
126231	8.45250848396437	0.275146748386493
23094	11.6223013975949	0.611928947429144
8193	8.77954468418423	0.405641387959015
94274	8.31450475264382	1.72316966012102
10653	14.5625466416148	1.45232975053691
90522	10.9783363445672	0.843840339258467
9424	9.91840889427216	0.85304912989483
57828	8.13159785180817	0.32588223388854
5714	13.1475500272262	0.439197695424774
199720	7.87069605159684	0.14360202496677
399473	8.43362410245222	0.480909717544362
147965	9.78928166805284	0.411048660928702
6261	8.46054431587368	1.62903828509478
11184	7.70899451924294	0.262878982677961
27335	12.7052490843074	0.901531568164057
81	15.4049556228576	1.09777323581102
147968	8.51161381470935	0.767230385547869
653499	7.57246572268793	0.232764631382326
3960	7.76703599354416	0.288243668715409
1891	13.0601932490675	1.17158213230879
3191	14.1307022852879	0.258723195813205
126432	8.74288812652716	1.06926550575157
22933	10.9833636683082	0.921269307203431
4793	11.5469801139557	0.941331394103386
643669	7.61946469192552	0.173922049591904
54938	10.4519931491117	0.667103854820381
6183	11.5400760516029	0.884594469307179
115290	9.20288406635547	1.98949860867218
126433	9.69243390356292	2.34957382914067
390928	8.77508543174688	1.37916439707644
10298	12.7622496003663	0.980683993999033
342897	7.81898218051571	0.409153274613999
282617	7.62782120089204	0.37683760860764
101180976	7.39682445158797	0.151433771996006
282616	7.61751203200604	0.340865888469836
282618	7.8761467137317	0.549063316532754
57622	8.76744349442161	1.38568770947111
9535	7.64046765443099	0.22949162327947
55095	13.0438201857195	1.1694786223374
54623	12.6478275582782	1.37309105971846
55588	11.9426446386437	1.33662708607108
7538	12.4417079034744	1.82184597418259
64857	10.8618854456665	1.79400480976913
6217	15.8104966147949	1.22407195195553
6829	13.544894029454	1.20146361256207
92609	12.2932249465002	1.39166159256452
10683	8.84613511622484	1.8898749250476
126272	8.71438622438366	0.736581249140076
163126	10.6222574402483	1.07811275196382
9149	9.79565931554469	1.62143167291074
2091	13.4428886991224	1.43273766137041
8857	8.00856009350299	0.583289980291864
5704	12.8762614729061	1.39442845310587
339327	8.60959171509339	1.03060574582501
163131	9.7191230334184	0.929838141454957
284323	10.1729397826446	1.18208044505955
4294	10.7124933879093	1.43868948260934
148014	7.77445475461106	0.435872205334746
79935	7.71863024649021	0.229819840258903
208	13.1032850209852	1.52046037932401
693226	7.60291543877949	0.351064797549176
126526	9.96022657455198	0.372125285722996
23646	11.914922754851	0.361035580344361
57716	8.7548570254537	0.47353628093907
29950	10.0748806489217	0.443079951704946
29946	10.2580498209582	0.393326102471929
105372489	7.83931963274515	0.134188530057872
645	11.2631318487355	1.06730476947043
57731	8.23619495234811	0.719493014787802
92799	11.398698988722	0.493964926464325
8425	9.78017877805778	0.891193712407427
9253	9.63693630714375	0.557911096811303
79934	10.1343485120954	0.350809473901942
80271	10.4620813641997	0.720919409258151
284325	9.55881095976326	0.335646159429599
6626	11.883326267538	0.401470615722227
112398	7.85286761291878	0.130370572952826
1556	7.57376925781252	0.180711492716847
1572	7.48802575435674	0.213939351865489
105376908	7.55073935060448	0.250207032229132
29785	9.5525408557703	1.73603597092743
558	11.6167165113823	1.83273073491442
11100	13.5069893587982	0.661236686975594
90324	10.997626426109	0.419449436536679
7040	11.3357512759847	0.634486936217776
80776	8.4399062022081	0.300401198825048
641649	7.86847538534389	0.153889597984672
56915	10.1903327885398	0.394790398336513
593	10.6786588664218	0.495577698314635
374907	7.90384237455745	0.667278067684764
55101	10.8650588240666	0.535573492885134
1087	7.87115955454817	0.82170099282218
1048	10.1443253869633	3.15014180322869
4680	11.3877802121707	4.5715286895581
1084	7.46944208698162	0.180797574650728
6223	14.9760441048363	0.677490074451992
973	7.7113204079557	0.164634254946846
9138	11.5518093433485	0.66233925878449
390937	7.91152834985443	0.206402142842194
10567	11.7836004167707	0.498277779511286
478	9.07160230110421	0.96478571393965
2901	7.75035659938526	0.184636435413313
64763	10.0355068531077	0.379769564310395
5452	8.10719346127395	0.256732262212352
162989	10.7316683920849	0.506429564604529
116115	9.82156734178354	0.415202061300801
2931	11.7277703140255	0.619580334918823
2077	11.741249466947	0.586393709294483
23152	11.8000850459586	0.623232196532671
5050	10.6106224415878	0.577248001738781
284338	8.20927814837279	0.252352714676092
284339	8.21653674625524	0.792915331138286
1954	11.3332245256681	0.93878561837927
84518	8.41498140403221	0.391579094226769
101930071	7.73948023265475	0.20322683848744
100996307	7.69018267300043	0.150239408469413
3991	8.63361684635937	0.872565427965427
284340	7.61616713152729	0.403413929941245
634	9.99258596811134	1.44051491538747
5671	7.57001782193976	0.394408847747516
440533	7.74333549022146	0.727216569955682
653492	7.44833201232925	0.186339695975509
5669	8.10730257395675	1.76160811544225
5675	7.74622278124008	0.937106270354308
5676	7.46497216351611	0.31417305204211
5680	7.44901022537433	0.238183317756223
5673	8.15122555849147	1.7107983689712
5670	7.50298400042811	0.316437518214063
5672	8.26232474343527	1.57601662937411
5678	7.7090823971169	0.483864074136453
57126	7.83637198497771	0.55019177796033
83639	7.49078335823074	0.329560559677
27076	9.61017907127114	2.09635346113928
653583	9.80629540201507	0.996129759461923
23474	10.4475396150965	0.945011979237345
284346	8.07740804378953	0.205897128017193
7515	10.7497036091413	0.486187437601809
126298	10.3729201624862	0.558407014698318
79177	9.81853264927426	0.28986090781555
126299	10.3784816134339	0.462963434626355
100170229	7.76980649039203	0.134355482627158
199731	9.82863782941479	1.14789921161201
5329	10.1710111186649	1.27710064359294
56006	10.6232836116411	0.491102005837193
3783	10.7256349027066	1.83357728356475
284348	8.15089634391146	0.544281276239188
284349	8.61566895871957	0.199074345808437
342908	8.1711701342173	0.344759689683669
100505715	8.07316958957697	0.243908465040931
105376909	7.84637711293571	0.193551961771754
7596	9.64572709129411	0.345375267150421
7638	8.22734687199783	0.232965367177658
7711	8.57272380478105	0.296651258243274
101928063	7.77676705460545	0.121694844834404
7773	8.59995037794844	0.24109909723814
7673	8.53974279299785	0.184542951228567
7766	8.54888593277587	0.277524036174261
342909	8.33034940930969	0.230316149434271
7767	8.62784085369505	0.276464359887521
100379224	7.80656389725832	0.278770403172146
7768	8.68447222396207	0.290270552323424
10780	9.16520419604142	0.256907753298368
7769	9.53232920161349	0.399073897853146
7770	9.77858691549415	0.305928008770509
353355	8.21092727616347	0.234107438247538
9310	8.55015720981087	0.222725587287912
7771	8.75891713229363	0.316709546504236
26974	8.3004384191579	0.29261358301344
7772	8.76799739254866	1.14037456277461
7733	9.26326000032827	0.266642358154578
5817	12.0809501470072	0.45497199912376
56971	8.35651833271871	0.643731216418696
388551	7.55593261335656	0.327114557134261
105372417	7.83344958747058	0.139938788786349
602	10.2486255695977	0.482252954177293
23624	9.73453410697513	1.41724893191389
4059	11.5378179722666	1.02223008696962
5819	12.8756736676731	0.7040329807586
10452	12.5606688835621	0.488038582628288
348	8.78172306336669	2.06393117906774
341	8.91611205563597	1.10817305362075
1209	12.6747361096427	0.472128538226363
5971	9.875715361835	0.76347465616655
11129	10.5324796611477	0.40500724588467
162979	8.62107388244478	0.231968089449537
79760	9.87009533567344	0.495219458443424
284352	11.3543703664857	0.50170865081647
284353	7.73073693079415	0.160032673114349
79090	9.58791013215989	0.436817248986659
388552	9.82240511875093	0.300676068030953
57787	10.7725950214762	0.518541154572869
147700	9.8737286438583	0.626189653168211
2068	10.4025053287169	0.559586216674084
10848	10.7062634422891	1.30804190770573
10849	9.30221374491797	0.392928255113584
2067	11.1477753848588	0.691978882951381
2354	11.208489601529	2.23389938757764
6253	9.84634155980937	0.665646621961422
147699	8.60874974214694	0.200082588110856
7408	12.6977037224184	0.625884565447564
80207	10.9384909932965	0.530483960711423
24139	10.6609887755943	0.894574899320824
100287177	7.92577350119906	0.256710793799811
2696	8.1731009951574	0.288050159252512
6633	12.9454018337882	0.51048036692626
54814	9.58530653473697	0.308960705378257
23403	10.030920267023	0.3104599752155
388553	7.60805942408865	0.107727083966184
147912	9.9527009457361	0.824090640180141
1760	10.922714244079	1.01727400078158
1762	10.841945353992	0.347301340095805
8189	11.9721064127952	0.385945525993641
3171	8.18102940588868	1.13250910929193
26145	10.9376797032347	0.488102863845628
339344	9.56999208050448	0.255052942808756
4858	7.97631943557552	0.864232207833291
729440	9.0656576783558	0.388049105622559
400706	7.52339767184339	0.214983290446178
147920	7.48349208912438	0.261313500202719
645553	9.2055316135516	1.5098184796601
93429	7.7598783552361	0.41908519014388
374918	7.70956694425048	0.367730809113343
64344	7.49403948531772	0.143997403950977
5536	11.7285578971833	0.444284906528964
83987	7.79128157897466	0.97921163206897
55228	7.92558690862007	1.02757317195622
100506012	7.78315816886854	0.136769697602402
808	14.4998100612642	0.349629461425833
147906	7.65784504378841	0.277693129195976
25865	11.281780063276	0.442192366521137
29888	12.4756321439372	0.429286929136722
79147	10.19576620174	0.41450267640498
6510	13.5941798266075	0.862633001248577
1175	12.2348902250955	0.495940786172605
2909	13.0376497235569	0.449895223444248
4861	8.25752455664657	0.416685246121605
54958	10.343990585346	0.404757428778404
23211	11.680191879451	0.220462217254151
10055	13.0335545378945	0.476638200310415
27113	9.17333629095638	0.725403960496717
26093	10.2314313817945	0.440340795463943
255783	9.62264427533495	0.410221116374388
728	7.96476736027125	0.451268875118726
27202	7.44185395047994	0.186306629466573
9704	10.7486653768581	0.427017469435815
56917	8.29946584445224	0.759187219102483
6543	7.78499356949108	0.41113230451845
11133	9.97334329578472	0.466400074515506
100505681	8.10138116684785	0.314105452858522
8775	11.6417681221349	0.253599012637314
29998	10.2647366820746	0.338296457561513
30846	11.1918196222173	1.59345931761213
29997	13.0531489304378	0.52970620284277
692091	8.0331410568397	0.262827142237999
6415	11.0705789075097	0.786128910297043
8605	8.31110928987147	0.420174702851575
3978	11.0760141304236	0.670560023355497
374920	10.2621324172883	0.621945728876966
22900	9.98670300316335	0.281647767848422
100505812	8.22719678823224	0.330104933193473
163071	8.57483854549587	0.683107775133285
93233	8.04600615023333	0.340102770865679
2014	10.5066966388074	1.85033800911849
55260	8.9405245067175	0.215151985683349
23546	7.58129797188838	0.19280188232926
10945	13.0077429769508	0.562089975558207
2906	9.51017821495605	1.27302591080157
83743	11.4501972898811	0.385009335208625
3770	8.75576932416497	0.176126989117378
9266	11.5990758057774	0.455819863307139
114783	9.9283857771399	1.05798176775314
6820	9.47647561679709	1.47618165239248
54854	8.69829533764721	1.16409746388347
171169	7.59385761291293	0.191092058412839
6141	14.3884600730998	0.609299546353841
56848	10.2078476425753	0.413608358716394
1628	9.49122135788853	0.762434076701018
770	9.672834941377	1.2693851120723
653677	7.55648597407063	0.181718820891576
126147	7.68020115110005	0.278296350800028
2524	8.77079528055752	1.16950429994623
284358	8.20340068031022	0.286556953675102
54922	7.90335303985553	0.228300079246675
284359	7.65383744000596	0.242045563689932
2523	8.99274801997672	0.989526423501926
26291	7.64972008885749	0.384892528340968
587	10.725684792105	0.678309623127535
51171	8.21664394582244	0.872247956158673
57664	9.68878214250755	1.63417855253506
23645	12.3954466158115	1.17541792011124
4924	12.5080605785267	0.382731179551073
27294	7.93710019209395	0.331022354692958
581	12.115157603994	0.443876927757256
2512	15.8078745504604	1.04945099286426
2997	11.1039557393037	0.780248841769203
10856	12.1708255505988	0.529247937937958
3972	7.6948396151101	0.118963217826354
101059948	7.68618308756364	0.127142773368241
93659	7.59799490107358	0.226506642876742
94115	7.61791498214645	0.186884547277969
94027	7.8608203408337	0.433700720860206
105376902	7.55046176988788	0.175249356152865
4909	8.11402082699315	0.688574475077082
6625	12.9842051401576	0.371057881975233
64130	8.75792556638956	0.247492528501637
55150	8.03047355400221	0.190204568312051
8541	10.4087522441673	0.587064242813807
3270	7.61318513084364	0.129523765385451
54795	10.0657596520844	1.14375433520166
28968	7.68852950467832	0.390137635789644
951	7.85925988549901	0.529467686339154
8463	9.26372674720633	1.36958402018108
27120	7.65339926923325	0.369952256340193
101928295	7.83143663258322	0.395015194467754
147872	7.49014823218599	0.177983733298469
100507003	7.5300712111127	0.209883196540088
57030	7.66857921867612	0.262449547360498
55011	11.2177871363253	0.520942772221133
126133	10.9290530649785	0.433094912775988
2323	8.33237655762385	0.420932703735626
23521	16.2268455800313	0.453036283746139
26819	7.91924606695769	0.148598876051194
26816	7.81616243499826	0.179646510513604
6205	15.0552463730247	0.461575152084002
84546	7.74329896907861	0.086390844535961
2217	9.45550165609737	1.04896430762512
57333	7.98416821078194	0.508913889225689
51070	11.2497255607537	0.405833124692033
5639	9.42668593760115	0.775681099455068
57479	11.6513232289675	0.452577898381003
6237	10.6306100879721	1.00601359605171
58506	12.743400066643	0.421664138371952
3661	11.6146144400957	0.469724207257312
83596	11.0818803716825	0.966478161193211
3276	13.1731808322364	0.536633078689448
199800	8.2542014073718	0.263275756893208
126129	7.97548582634665	0.451635950360346
160	12.2328792496542	0.401032207382333
80199	9.64563329288857	0.742763566144459
81857	11.5572229927406	0.428265063015412
53635	11.5323787714912	0.284878212944984
101928378	8.71465868304008	0.218978414805599
11284	10.7239467929236	0.617232110008754
84335	12.0913312059449	0.486552963545366
79735	10.7060718807034	0.260687643085422
100616314	7.43962345009551	0.170801248291158
259307	7.75877332121297	0.155919137334744
23636	11.9744564425633	0.330135778450731
22809	11.0821412655011	0.645498049516692
400709	7.60445489070546	0.12342936616662
51231	10.5564139495803	0.344388338131491
25888	9.8681292184903	0.38035276543514
79784	12.292920896895	2.05053565814633
3748	9.50252885841792	1.07179992325599
256236	7.56961530764101	0.166607630504107
9476	7.88176376529256	0.220935364220469
7376	11.7738078301544	0.424878398095646
5424	11.3995134624121	0.542463109770881
6689	7.52392204465554	0.168632317960646
112703	8.12420394868774	0.307230059609052
284361	12.3182953515702	0.783450668455718
126119	10.4883874412821	0.607203746544648
554235	7.75252952680373	0.153043472486448
94030	7.76208393384441	0.323488047240574
84258	7.4611205886344	0.133481228816019
342918	7.51952189096381	0.205999000685205
93650	7.68358254847177	0.145819511983372
84798	11.4777486763588	0.78401108700876
692203	8.07497829262682	0.257341209828234
3816	7.87457661758665	0.519579079724782
55554	7.49174263917732	0.274174219442643
3817	7.41601623159607	0.222680578809478
606293	7.5097159763302	0.170873143340549
9622	7.50956731726782	0.394008991919418
25818	7.7791451465327	0.585223269203011
5653	11.2532510305984	2.57514975284563
5650	8.12527738341681	1.05965062709167
11202	8.65020879427106	0.985206521958418
284366	7.65735357911266	0.343633956129601
5655	10.5233147504142	2.34811767056753
11012	8.34042606743154	0.942710387958142
43849	7.96764392757704	1.27759159302723
43847	7.62047071058589	0.090420506369419
90353	9.45679455422972	0.280695185071129
402665	7.62430541830649	0.194940116204116
147645	8.78615787191896	0.856668667356443
2109	11.2747632514976	1.53640874217746
125875	7.89130490136053	0.361657062388147
89790	7.72795942961178	0.274430169059312
946	7.98611464687462	1.71803262665895
7728	9.15879368840144	0.939925410688715
729975	7.76024980913721	0.264704070906776
8778	7.42610931476967	0.223410380891972
102238594	7.66688149987413	0.237295146856582
147650	8.49571979812573	0.469404087374735
84765	8.46927790888663	0.355335638853109
65251	8.76281262639908	0.467791069921603
79898	8.69990939956745	0.216319925721237
101669766	7.53905306665987	0.112877771046082
59348	8.51794772604198	0.35868666063887
284370	9.01532891582909	0.259592336199344
80110	9.52873058779165	0.409999951384183
9668	8.8831419635944	0.280058254079879
284371	9.25706606390846	0.34539300861041
90317	8.95271791757912	0.338261585016136
162962	8.36563685028568	0.268685671586899
5518	13.1034791418705	0.552099741922402
90321	9.67893308518858	0.237710891605666
147657	9.90540936013046	0.49148984429952
162963	7.70249641950634	0.388202656929946
400713	7.97745399245037	0.507130480394517
102724105	7.84859285581598	0.415465385502478
84436	8.32258906208501	0.708788447937395
388558	8.86042525432492	0.348020145654847
55762	8.8700791860378	0.600650918165489
7696	8.1916678229012	0.430924000011488
55769	9.71979711994865	0.761537686678047
81856	9.21074494633367	0.467828120999923
162966	8.79432829314731	0.641634255093535
7576	9.35174775986735	0.720777375536219
90333	9.73210950909787	0.709603154289804
162967	8.94747570863447	0.974719929866521
388559	8.83661996984258	0.507770072673324
125893	8.47902990231808	0.294623427343352
79986	8.07504803705815	0.905361186299054
90338	9.59468694324898	0.509421895145079
55786	7.55127500075842	0.272471922438008
84671	8.57101032621383	0.951349899831821
79788	7.686245814097	0.5318031617058
390963	7.98399976856258	0.811002132421827
342926	7.53737398321557	0.462341317960037
91664	9.4772166851453	0.326337817076391
170958	8.99454783264025	0.929916724744634
91661	9.38190655295665	0.295345221591911
388561	9.59121497975459	0.424996986653661
147804	9.08190440790223	0.493504722354698
126017	8.19119088765236	0.65978655684977
55422	8.802667572939	0.841692651846666
91663	12.2388884544686	1.01395382806696
5582	8.00714349426796	0.630735887133849
59284	8.00087986112247	1.1114389826556
59283	8.73418736294347	1.4704148815062
59285	8.95835686509616	1.29498247758282
126014	7.59517126565945	0.223318957765385
4696	7.64227066760778	0.0949731454400053
26121	7.84193999130439	0.258048523538267
4849	9.27607475999346	0.401827866417046
79165	7.52717689002033	0.441966351480569
147798	7.92228763947167	0.605136683172338
79143	9.11670982513562	0.645727166798845
79042	7.6357659752998	0.291177446004552
6203	8.3627670042179	1.07617027351378
54869	9.83067314625984	1.4817933445259
54776	11.3775225812827	0.306513759592241
7138	10.5246934501348	1.59164246620156
7137	8.03445319356176	0.520430715686919
352909	8.78346764879839	0.615212153635797
6861	7.91708367029905	0.564972381045236
102724352	7.48614575353054	0.181751414716393
5794	10.0490418797429	0.831339503930872
255043	8.69738441724494	0.305845297541292
22870	13.0026531164272	0.464993819328999
23640	11.5740945146976	0.380447266882284
84446	8.65987207620286	1.04241499302993
284417	7.58412005381611	0.278097628953503
84787	9.95288102863965	0.186384993044089
125965	8.31812970983458	0.771545472469116
3589	8.25730263502582	0.438303843936961
147744	7.71239133903833	0.153654690677142
388564	9.71850497990777	0.722918748570038
6158	14.9523703904314	0.391910360987555
27338	14.0960484379154	0.544247593570053
729956	7.53346443587297	0.110287756830806
79763	11.2895729548986	0.554554562329468
89887	9.89917549580683	0.526319214437947
57106	10.3552968337905	0.942161911918022
284297	7.95734897170642	0.615132822449049
646643	7.62228469612951	0.502358736953987
100130827	8.52815873167228	0.375382609725528
163033	10.6834277646788	0.490585322227538
84922	10.1017946066567	0.356957661309219
147807	9.64095155428127	0.265549022876345
100507290	10.7041221946867	0.309918208458912
147808	9.14827907584421	0.255214126766738
51157	10.2420288907164	0.40776266952615
51545	9.81609996055717	0.31540023593776
29903	9.17091927493906	1.17240691292158
11338	14.0653268429661	0.436573114065217
29924	13.0785209678697	0.580595180297971
204801	7.55701152519805	0.17824419814518
126208	11.6314623703778	0.410834729096199
55311	10.5752802915925	0.455774295729794
79149	8.6689732768019	0.190672018486002
100506374	7.64283303158519	0.114288623322627
147947	7.56692687902028	0.422613469767256
147948	7.58049458238759	0.340748939999886
386758	7.52622588993876	0.182004040027522
147949	8.16780751890631	0.59171366917321
57573	7.54409081307882	0.489079880688947
140612	7.60264589573851	0.541427071808309
388566	8.00644913714517	0.885293650090123
58491	8.51065229813478	0.966833271922434
9422	10.2915723330754	0.360711439503362
6795	7.76975665635437	0.0942588808172751
390980	9.40907692898099	0.271416521202151
105372476	7.7059649763274	0.169684491279838
10794	8.71580576042727	0.229104571076618
125919	9.04823162455455	0.193827800243528
57343	9.45282599247158	0.360973601665144
284306	8.08888793390106	0.126548378096204
10597	8.87277899306243	0.253127598990663
147694	9.27885491308023	0.219654476972769
7565	8.73081187750741	0.266408202936988
388567	9.34129230931651	0.232686867107966
57191	7.61247943208073	0.127578060300502
400720	9.41511514117925	0.475887014607726
79744	9.1161450564725	0.190979734647144
374928	8.97504205700069	0.150616719444135
256051	8.68297707751723	0.573424898406319
162972	9.2441162069722	0.20398414635687
55659	8.92016002551785	0.156336532585869
284307	7.52440088426356	0.224977900362935
348327	8.92028565675258	0.306149755772664
7693	9.68304825876049	0.384983967357856
10520	9.30135161390448	0.42097084287438
201516	7.65287010629035	0.516033424676045
90233	9.43029676473824	0.185478449951733
7710	7.77254665881869	0.103972481815902
79891	7.73466362190739	0.48355725660549
284309	9.78010317893056	0.253230559099923
54807	8.75459675981639	0.45669517069622
79818	9.03557552274355	0.402758728124313
100293516	9.11063608982826	0.32457139886154
84914	10.2224036212843	0.244302566678214
730051	8.49563517292177	0.396338086656934
147687	9.16632433190234	0.293805704268087
147686	7.59844524196712	0.340295099526121
10172	8.06311876485425	0.690634190505784
147685	7.61186514734291	0.157951452514319
80095	8.85956148896414	0.393493889685328
100128398	7.82331936389772	0.280114227381018
7694	7.4860976149861	0.330330684052163
65982	8.07781944146395	1.00713282434881
79673	9.20842603293063	0.797153518858341
10782	10.1458453842345	0.436173705520865
27300	10.0438306598459	0.568433437675323
7554	9.05157526367346	0.214045000944887
342945	8.95013787174071	0.150395550545984
1	7.86218564852284	0.696067957407371
503538	7.50481519751144	0.228794608476257
162968	8.17528530673351	0.342678423633229
105372483	7.73846219712163	0.113364390065233
116412	8.38216467287734	0.291331575800136
100616168	7.5714286483372	0.0915816897953283
6193	14.6286192814301	0.248391113747271
646862	7.75620110240963	0.296461607670754
201514	9.71331632631215	0.443723488395407
388569	8.84109244568159	0.20728085462288
7691	8.13220944149005	0.328984301533913
25799	9.23473301817274	0.172061232427522
55663	9.28417603444677	0.373631497805816
10998	8.57128596916691	0.544706274368116
84878	9.99610309921197	0.323442277817951
10155	13.9620730470176	0.374626859892851
27243	12.1670381224636	0.324866185142421
9040	12.5661788089679	0.427797581885873
100131691	7.98665919090686	0.0810439464601667
7593	9.35324884687617	0.315786013695168
65996	10.5509255363	0.467847613264884
642273	9.54046950880003	1.34458048285726
26751	10.9349579001267	1.15719536913331
52	12.0110236235509	0.321633337085779
129787	10.2051402489383	0.389429329453703
7837	8.09920584572256	0.613530466169122
23040	7.63230473634138	0.607257408549206
7260	10.3804236065606	0.280039471355118
51112	9.92436954009711	0.168991563754402
55256	10.6062160219899	0.504699104624789
246243	10.9036644974191	0.297962421125373
100506054	9.38871148156243	0.388383317584401
6201	14.1868048774758	0.375104349219751
78989	7.59870153538969	0.230344691372553
105373395	7.49671946516506	0.422713210642354
105373397	7.41059767905757	0.207212173885851
6664	7.50018899979614	0.136303750435046
400940	7.39709600778788	0.170323768769798
104326052	7.4348286345094	0.16481715927244
129607	9.26015045197046	1.56917823030786
91543	9.50374918982561	1.8516145268465
386597	7.55625011179619	0.362062205013803
9781	9.12646314069043	0.84768594487906
339789	7.40729136683553	0.179732711453207
101929567	7.70621533516741	0.634798470685044
100506299	7.73425727162624	0.141289394467732
3398	9.45939382087545	1.39478534114616
57498	11.5265969138276	0.405974734457255
129642	11.3784177632477	0.685992444241685
8853	11.8598902360762	0.477589474875929
9270	11.2675062850762	0.278971858529715
51692	11.1257713852018	0.392589233001546
285148	9.82332723267771	0.372558506689401
6868	11.4761318131005	0.4211695612686
101929643	7.59815688697196	0.222435610958162
10971	14.1579982760581	0.557509411940667
9014	9.71274534307845	0.476310216414544
29841	9.33046359660221	0.849818112628077
8462	9.44563715735278	0.865605452663469
192668	8.00226014179692	0.975324362934787
6241	13.0798268845966	0.65325553941388
348738	7.89360159257798	0.266635252182654
3241	11.5071970175391	0.942014956643062
4953	12.8368153003012	0.892755730397341
101929715	7.86207678435703	0.23859834945139
79954	11.1348124572698	0.335479266254182
245973	8.10905407101529	0.150868304366505
10130	13.6360763845546	0.400493963356246
3754	8.35478445596211	1.36426818639791
285150	7.42976097525139	0.141317558419147
130813	7.65447274250068	0.17601449384221
130814	9.53768515160748	0.639457548852822
9475	12.0846504553297	0.555827023416996
1876	10.2705669871165	0.264609142334484
9687	8.14100895437201	0.492966896927012
23175	11.098568330626	0.779671864901858
28951	10.1069118824752	1.79086334985423
151354	8.22292922318201	1.41645635098473
653602	7.50713002704108	0.294874970241762
51594	10.74237908452	0.502851849630048
1653	12.2965121370157	0.402308818629395
4613	7.49234125088503	0.125875580509188
81553	7.96892202521431	1.11099162509895
7447	7.66251646999532	0.497545846251968
79677	11.0454409315298	0.440069159782751
348654	10.170615053872	0.3473998619801
3790	8.20646550355844	1.17738820067855
57665	9.05889233162205	0.259270130664622
130497	9.00751846654926	1.10674652902442
400946	7.43567167820216	0.138351153216981
130502	8.67464423420722	0.258490768955087
57539	9.50292139618112	0.740058088110531
101928222	7.61817062020155	0.194811375396437
4148	8.09134008938729	0.418536497207817
9741	12.8681338428995	0.506658222060431
6382	12.7568856826783	0.834864667772815
23369	12.1871586538327	0.268082344274372
388	11.6894785770898	1.09694001430182
100874343	7.6515497128653	0.23891436411348
64342	9.59709359700252	0.675111812177002
60526	9.94204194583709	0.435054141409446
338	7.58398391727264	0.619500470546843
114818	8.61098592009806	0.920118241895057
54454	10.1595406306801	0.295823774809946
165324	10.2322645865099	0.477115733742096
80304	9.58357749333747	0.507758433611102
2281	8.49303031836914	0.653578248215975
51639	11.5328787563855	0.320688830475434
375190	8.10357527217654	0.457742791565203
9540	10.2738976449133	0.57086262962959
375189	7.8560891797976	0.197914868253004
50618	11.0754515270442	0.373341484962898
8648	10.5084323851431	0.379018048819067
391356	10.2060668054811	0.359636220339935
79172	10.5757886988523	0.354753681927018
109	10.44018750457	0.663943004032402
51277	8.71226390976216	0.273770407280273
729723	7.89651760876826	0.171969099976282
22979	8.19482730779798	0.860411340572125
1788	10.4292722933736	0.831611039539603
1838	9.43724312852116	0.618306786829865
55252	11.8006822286472	0.348131886013994
3797	10.0898630778196	1.10328141188752
10890	13.089463062239	0.44697252110444
150946	8.44540869750094	0.752534672924137
3030	12.9109525483073	0.616709807374452
3032	11.9109032921221	0.523214066233182
165082	7.92401241446581	0.288389530398051
85465	11.5245494953843	0.59747609745543
92749	7.61315814080576	0.274672471261023
339778	7.69504207095689	0.210605335417812
130106	7.4782636363442	0.203415460578348
3777	8.40220528728208	1.106697958956
54978	11.1540675939722	0.572658768147154
1058	10.3086404915061	0.438233305883828
56896	7.99731340457004	1.21481690679276
22924	10.0745144344073	0.503208207080417
54867	11.889542240167	0.329806023001604
60509	10.3476491803022	0.563153110232724
100128731	11.9940516063869	0.369954366443849
11117	8.01087874879439	0.118476079979105
3795	8.61579187138846	0.434990250874981
10669	8.84176527057588	1.04975375918807
84696	7.74669120717037	0.206801601793321
10113	11.3575715147007	0.466554687825426
8884	11.1383508976629	0.947470478340082
51374	11.4649723975025	0.415402276061129
790	11.9928502741128	0.705887940763045
7781	7.83516019783509	0.472490907393947
57159	7.80931039280295	0.608520249265815
7349	7.81278944425347	0.222511589358147
4358	10.8320344250139	0.396174450986915
2976	11.5701162754888	0.346466693336005
8890	10.4446299638968	0.380632911090562
9784	12.2200871595179	0.382182413116705
130557	9.89678770859228	0.516619848621166
5496	13.1478570353534	0.46664373956571
2498	7.52227961202799	0.104307203232398
29959	12.3035009760175	0.576884030292279
200634	9.32679474912185	1.06415507017951
26160	9.33186003966636	0.551687924684497
64838	8.06962451875386	0.500428546495859
2646	7.51272353597261	0.155135087514405
84226	8.13449593256101	0.206644590014833
84450	10.0558847306243	0.40020498547767
79635	8.48237293127558	0.436432555662957
11321	10.5360381347423	0.536992214245432
9913	10.5672667621592	0.317035128694514
22950	10.557022182116	0.307411361007039
105374378	7.67039759719338	0.262089617538105
9553	11.1256667476577	0.554315459089315
64080	8.33865010125869	0.41831937043041
100302650	7.6900314570782	0.200312775218444
9577	10.2940726562107	0.411432687254072
100422965	7.65396265935979	0.118020847523388
105374382	7.51638768753715	0.141754400581287
403150	7.52337474380915	0.177706842046301
2355	11.8216545466717	1.13438128599757
151056	7.82626037965398	0.292652710921565
5500	12.8585012559657	0.265972677288474
245711	7.55274681110107	0.0833355675490863
55006	9.15843549310937	0.259296071495998
23160	11.7633650837196	0.45293545266245
165186	7.51414652616671	0.178029987404894
79745	11.168177420102	1.22954353193751
51646	10.6489289265973	0.600183157438483
81606	9.08517567347885	1.94613625029436
253558	10.4675517728495	0.549206291410522
92291	7.54403366036003	0.394340512890866
79623	8.11395076583581	1.06654129505655
440854	7.58104730980555	0.230922005080782
30845	8.35398118576258	0.698366993454531
7498	8.43446399669327	0.919356263566238
51072	10.6636539448148	0.556818852490924
84661	11.2118272705172	0.406523089451929
6683	10.5533830092485	0.562571026981208
55676	10.9104044255283	0.41406420443204
58484	7.7295301900873	0.140563347245322
84272	11.0693221752138	0.195562455673885
57448	12.249062932607	0.342089827256862
55622	10.3872213371779	0.363945885249413
4052	9.64237136017485	1.12692746839884
25780	8.31411602888173	0.660231166611183
25940	11.4402414190572	0.335125239057728
51232	12.1250574120277	0.792009012552158
9637	10.8111744222797	0.934146766100287
5212	7.41288536692262	0.192951233183468
6801	11.4101744612679	0.445944813396374
54497	10.5510238037426	0.2564569981879
253635	9.96851993234978	0.318236401727822
5610	11.8682314417404	0.639337701240854
100505876	10.7094339910385	0.425908937449591
10153	11.3634481969318	0.290185554249361
55471	9.4754201544631	0.287268939672632
23683	10.7433252739047	0.364144374059167
25797	8.36492432083663	1.0511582519413
10602	10.8001929314941	1.13182814190666
151393	8.32637930009136	0.320591178979876
1545	10.1725376946688	1.76188242533378
105374860	7.97002719840942	0.34582080770542
285154	7.59112162856921	0.184346125556226
64225	11.3174439961047	0.475016379593281
92906	11.1540364533525	0.272995871299309
130589	9.63950966922173	1.02888650525904
6432	12.1862643578991	0.35795694579136
79833	9.68019248019627	0.36681424366781
90957	10.3920456389882	0.470650871477889
729967	9.25464592035003	0.438081694235073
100271715	7.60870275235549	0.282603512907555
6654	11.1292997379588	0.310911562636531
8491	11.0882256402639	0.455766344665911
728730	8.7759907090055	0.335861153774197
130733	7.70041950587069	0.388312584071325
80745	9.41699820472477	0.260491511992125
6546	8.19970947470537	0.828823627213582
91461	8.04213486902642	0.670759497294864
27436	12.2773883423878	0.713145144916321
9167	11.8165205215881	0.46460776935686
170850	8.29368141450094	0.692321458296903
57504	10.8862208302699	0.674617973089557
23498	7.58076570257124	0.242713153025066
105374567	7.77984262730223	0.226667048625078
678	11.7435135793401	0.95645591332124
100129726	7.5878157886222	0.156884118095714
63892	10.6968085399174	0.380593015813952
130271	9.06602540537785	1.14578103537126
728819	7.91185832512596	0.457138612222419
51626	9.27807104576655	0.298058979934555
64240	7.47083312596645	0.12864312561633
10128	13.3767025119424	0.542185153483634
5495	11.2135424523185	0.31942464878844
6519	7.53454116700334	0.189168888643894
9581	11.1475498283039	0.468454591550256
79823	9.23409820515651	0.304545292347894
6496	7.70215890915209	0.322352908144426
10736	8.27102997585185	1.22906671427568
400952	7.69018668063042	0.623494337775824
55133	9.88013059674496	0.352042351228164
102724965	7.71415463551101	0.201199508717701
5581	9.46083972127107	0.421865015189336
2034	11.952761962041	1.95282767628494
90423	8.61894650458751	0.28146534359682
23433	10.2636866611235	0.530419285515543
5281	9.06637050668624	0.126923183705601
9419	9.98966741318232	0.223970753616735
9655	10.3392177257586	0.476529426872059
100134259	7.66894441299472	0.242418473716397
90411	12.9183036959286	0.463673418321132
57217	10.5988868151421	1.0038758053069
285051	7.60717453735808	0.252549391410241
805	14.0438485861667	0.393132741519877
101927043	7.66272063559321	0.188548084942255
618	8.52086101274756	0.811922343834188
4072	12.780447952545	2.24368607082363
4436	11.7873736783661	0.46828717440537
56660	7.63095910799998	0.218031214945955
2956	11.9238377366807	0.579824706340662
80204	11.7302866628923	0.42703520546358
3344	10.5305455775512	0.282050071830126
129285	9.92379144899661	0.369009017044477
11037	7.74187034947579	0.315889803331714
9378	7.78617998176204	0.836685125366789
51130	8.00825680507638	0.0838672686819534
494143	9.38541565974633	0.317881020065972
27248	11.6297420757366	0.411077145366745
100500850	7.63255415376071	0.0994990733446396
10936	8.19415706453395	0.239933672322507
23198	12.3115367377578	0.200125819634336
98	8.99801977686161	0.293849100495138
6711	14.0175079475488	0.48535894142635
400954	8.63664494950111	0.412555786414986
57142	13.9849923213615	0.445748705134776
130162	8.37663491881893	0.247851468959726
6233	14.585144849669	0.364139673182011
4528	10.9999499679879	0.262956817162847
344405	7.99421493456136	0.223491992347671
55704	11.0640096710879	1.35086438087223
112942	10.1866240623722	0.39130793862375
57223	12.1716436950523	0.231516972295592
87178	11.4670669006074	0.267267916614448
2202	9.49560076649093	2.3926679365621
100129434	7.61506485850905	0.529567265240841
114800	7.72768681220132	0.578488571429881
7444	9.99817633241553	0.281616000528402
55120	9.9170102586654	0.253231410221938
53335	7.72582351166267	0.443555937634359
64895	9.85448419630298	0.206869505364
5966	10.2383166552225	0.541932208142285
150962	9.25573681150054	0.42075287746697
5194	10.9144937096802	0.319195884137697
84542	9.6989337205953	0.339542397285377
339803	9.4404118925913	0.256475006450224
339804	9.24360428010932	0.329340491592013
130872	9.50155829141085	0.328903630778961
9736	12.3771998264654	0.355240125924523
7514	13.8885238097269	0.344397731817058
84140	9.07842154834844	0.470414202389036
10575	13.6172337911393	0.400170873708397
150684	9.99786569986972	0.460746709149745
10678	10.4021938259968	0.464729838537745
200728	8.40003402476449	0.233746960327872
23301	11.14254876481	0.281078369455841
100132215	7.66386486028274	0.0730229527710385
5013	8.84202204686162	0.461646030901999
51057	8.60425298627616	0.225740650454331
4190	12.2770017952232	0.338031547270274
7360	11.6787168690734	0.471156475001262
51542	10.8973436804146	0.345825389117292
57162	9.68553875070205	0.748837043233577
29094	9.69809016271068	0.4521740875183
101927402	7.65249156730937	0.0925099605540932
54812	11.1924196886661	0.238976377239548
9792	11.0684148453854	0.585938204404296
6509	9.63011980568014	0.841325156951572
23177	9.46391417424213	0.408923616304719
5861	12.3960609675057	0.757915019670637
10097	14.2700927625509	0.491402829416557
200734	10.7081039643058	0.641875300976054
730198	7.52692749816972	0.173757782727111
4211	8.90194853808487	0.956128825355848
100873998	7.50914197655496	0.171382557709273
54465	9.95332317735365	0.333027446516065
10438	10.1061642369729	0.288260453460623
116143	9.7459026825778	0.41466214994401
56902	11.1264321835792	0.371169063122102
5534	12.1110027737141	0.441509796187573
25927	7.44925289805037	0.171792718367239
554251	8.32595152932338	0.173381041177347
200558	8.45696621169577	0.266073840935027
9938	7.7751167162076	0.420082856945385
200504	7.62004672272489	0.579303409891462
56287	7.71454000813844	0.683129181950547
84168	10.3608179985987	2.03357969935229
2673	12.8216002470511	0.745128414610641
27247	10.629697239898	0.400551369010466
22848	11.5274814079023	0.611851639857644
307	11.9338451976583	1.09292096740706
64395	10.8145902603818	0.242988744071925
11017	9.97471207414094	0.524345781490212
4084	10.531465848163	1.09040030347757
151516	7.70110305890476	0.12509094323214
400960	8.36889966989513	0.192920325274502
5093	13.6493102413546	0.184201694187387
100133985	8.20814186882356	0.321022909194883
54980	9.21010338391989	0.284285609326822
7072	11.1144538112277	0.239671499733931
51449	11.8313036118222	0.680241682511878
6637	12.4636705472767	0.382887223965946
84908	11.876289362448	0.354140231523046
7039	10.5234876493134	1.89959913886304
119	8.15088698314313	1.35842205756734
50489	7.51006569159729	0.18107578346791
25806	8.48500130826056	0.581971562302895
525	8.15306985807447	0.63512495489544
101927750	7.67821843522945	0.228812344666772
79998	7.55099872835307	0.121401783381504
113419	11.5445186741074	0.402206857235707
79315	7.82035816973324	0.47885770561514
55577	10.7902553901716	0.352480007327667
84693	8.79781953377129	0.253728060634378
10199	10.8543004583519	0.31036122542
400961	8.68315961522807	0.796769605386305
27332	11.839005076366	0.351052053839737
8291	9.04085645696595	1.62670709221413
56603	8.88862545355279	0.741455379471112
23233	10.8576291188805	0.820015409366414
6697	11.4082245336834	0.503668665858904
2016	7.6883388156373	0.27246404216247
94097	9.86182215525863	0.519835468567784
26056	10.87016465545	0.864383213057131
10322	10.4293175078497	0.408923404409763
84279	9.84906537888264	0.257705379483444
10574	13.7525657362185	0.552996934446287
150726	9.96714386735608	0.9651881825428
1961	8.71019328754147	1.31972878518887
7840	10.1892931287645	0.487536499914489
100874291	7.91253779916164	0.239292505132062
51002	10.3349018366214	0.363976798322795
8446	10.0736744163392	0.330291077794235
388960	7.52800629159924	0.242597696569943
10617	11.3618572651806	0.341160976332603
1716	10.9213869109842	0.20430501000876
100874048	7.91717272755801	0.246311790640562
200424	11.7089609248958	0.326234129838324
388962	9.88749526930178	0.625502333791136
100507171	8.25740752653236	0.763853807523401
55233	12.6781404453562	0.461580466913153
10797	12.6323397861869	0.63599446493291
57835	9.38926024321398	0.432885575326148
1639	12.7124723923103	0.473109671591296
388963	8.21887535981181	0.381166237870166
84058	9.78899421483018	0.603289518535505
6242	10.6802343953627	0.565446699900127
83444	7.57254394380634	0.105739649937485
23559	9.74222825910999	0.205227085675867
7841	11.2854478929863	0.652301414563037
116540	10.9232291336274	0.344122914835009
84865	9.60458037330629	0.315012430501625
64427	9.98819523704815	0.23929228375556
85474	8.30921565066708	0.463575771624168
151534	9.03358935183721	0.669119397734202
84759	9.826941917396	0.15156662609166
3196	7.49215383601773	0.13489564553827
165545	7.67658695200943	0.310539115432741
550	11.9468050863788	0.442930302957172
27429	10.10727252252	0.267970567726224
84695	8.1747343242057	0.191153316540631
1796	8.87466067570966	0.426670743221169
130951	7.56524241283948	0.512634619692707
10505	9.344139370081	0.708184766185458
3099	11.4603915311795	0.943714973214546
102724515	7.5902510779553	0.192102770744844
56655	10.7344984957474	0.509697401892876
84141	8.56915668011845	1.13306084591478
9801	11.575927766418	0.519564186866193
6936	10.1162455698868	0.480147564988925
1496	7.7040146380554	0.634692108870196
8802	11.0644902214116	0.441700096060801
1768	7.72118159182329	0.311650046312398
129293	8.41486439455864	0.891054045677058
9168	15.2113944344608	0.701229928917513
56888	11.8175253023699	0.355775818977993
83439	9.24949645082404	1.59819280511149
10618	13.3865208960984	0.631251023774992
54884	11.1794425420897	0.68739380289745
84173	9.15274949461339	0.311377164700702
822	11.7012867935908	1.61399463368551
284948	7.92900910557725	0.377641681393408
100630918	8.45033047046538	0.225098067231925
4144	12.3998302178895	0.59178020876853
2677	11.1816459484702	0.50828077984697
8673	11.3969400362957	1.19257406138047
10791	9.00272413105705	1.14925068437675
51255	10.9918933645457	0.195987502025947
129303	8.92548548428033	0.472106923365577
10713	11.4110954889398	0.301503658898321
388969	10.7860276279195	0.355037452770276
84913	8.09810907362933	0.948006857788466
8869	9.14717056964612	1.71300518859563
101928113	7.48850493670939	0.266160131899637
90784	9.41643831416165	0.489625750626713
25885	11.6505204077586	0.542894592491811
55037	11.4726378861881	0.477133220405144
692225	7.5949536839572	0.114710954503425
10989	12.2365687624728	0.412063596989902
51318	10.9187819890291	0.39158698938622
65055	7.91962322338544	0.55489920451629
55818	10.4002815576338	0.273218468130352
51652	7.64217923351456	0.0757013264845388
100526767	7.76804648285315	0.146613832534605
7844	10.7207832238239	0.509615627340128
64795	11.4026747498221	0.649770920442956
925	7.76455597773521	0.280145528537097
400966	7.53301078923923	0.231692842546424
285074	8.61611736534594	0.290634385493708
102724642	7.62276705325468	0.0945351192256315
112597	10.1850566598926	0.600290591709376
730268	8.33029204118814	0.266704278596904
5342	7.71697674322577	0.172338844453161
729857	7.92239861754956	0.379934308119946
51315	9.61398088450503	0.638148677697848
55258	8.15384166902443	0.980319060725353
9451	10.1019824550185	0.545422832506125
101928403	7.95081843662298	0.176020969181232
22934	10.4100173599412	0.517208904967361
654342	7.69481881764368	0.431355680315217
645367	7.688328868133	0.616580978834742
4118	7.72299095908478	0.672941369144863
64969	11.5272140767124	0.288319531934761
84874	9.3065270054473	0.503654286214423
7549	8.77373701542415	0.193102813940259
105373489	7.88096902448376	0.307749805506271
150696	10.0396732584318	2.38135003113386
30818	8.22402510223835	1.04734358908519
51011	9.54772311985413	0.318912656677757
150759	8.29030016293805	0.237521857879931
400986	8.42745971539848	0.260373900200326
729234	7.95951314401249	0.181558815825209
150763	8.17389993411629	0.961315869885639
151	7.57418982754238	0.149267365901777
1844	8.62795831296975	1.29161549898377
56910	12.6613060318264	0.293742255848793
285033	8.41158763679047	0.212862419898103
55654	11.9598699858788	0.327496228441018
9391	11.8502399435753	0.248441722765297
23020	13.9728110793263	0.34537420507375
150771	8.02740053141682	0.782018604750583
23397	11.2984358476573	0.450533031557218
93082	7.86255637548714	0.350978175746192
10865	8.82521351530076	0.400967324077425
55683	11.3347545657422	0.317211149382847
90342	7.70840110415661	0.16243183131549
81562	10.4734771727995	0.540928858366348
26504	10.2939043887116	0.796302477574046
26505	10.8073375764782	0.39300406323708
200539	8.12870911161035	0.264004221519111
51239	9.36907003985485	0.588226542903962
54910	10.717807684991	0.90188572874689
105373982	7.77721687247286	0.155971704569607
51252	8.16692721267983	1.63151343341759
151313	9.16690415429645	0.418583749344753
105373983	7.51111981442779	0.144937273783128
375248	8.4946344530555	0.240330771524149
105373498	7.52770339027	0.207332971424894
57730	8.37353769955764	0.229026885070973
1329	12.6861641722426	0.485740313722992
10120	10.7476244163112	0.59410089942301
728537	7.68407145343819	0.142318595771587
23505	11.2555121461856	0.671646654825746
200403	7.54762249152495	0.15882174966285
3631	10.3628282698967	0.463139095388722
493753	10.377943023142	0.282447313863321
25972	10.5788215227096	0.199374295435045
11320	10.0649453823552	1.85428505712404
343990	8.5537404888529	0.948520304979796
80705	8.50251320322837	0.258457186168743
150590	8.7658844555307	0.606444394277931
51601	8.71722861517262	0.172332498369914
129531	10.0706141050844	0.321773262958136
51263	11.2310157139471	0.373645787295709
254773	7.60492902137236	0.230673635939519
129530	7.81762522191546	0.173008524722515
10190	10.8520246333927	0.269362560201661
9669	13.3576848911535	0.350053725668296
51455	10.8315872483292	0.211429967736249
3899	7.61944005258536	0.282574385830174
164832	8.83506322910492	1.67313794712124
9486	8.92459884717841	1.219082365894
79031	10.5598479988647	0.472377048663061
4862	10.2982729736652	1.17250239426761
6160	14.768828227821	0.459933707083221
11138	10.4563011092286	0.982691225677577
100506286	8.00658926322852	0.176799135349504
55571	11.6908840024684	0.296552596431453
284996	11.4165987823281	0.538600749923286
200407	8.87491759009129	1.33410931232042
731220	7.55165212331639	0.33467471053273
9448	13.3823085127776	0.736392461000116
100506328	7.47979151417645	0.16038901939885
7850	7.95754346262982	0.572159538060273
3554	9.41234728406176	1.62036659428157
8808	7.48323464815689	0.32617002257705
9173	8.33449256494188	1.18799832372884
8809	8.36775768096873	1.01556501049922
389015	7.80472954813796	0.537839032248603
6549	9.02412413543002	0.815078848176499
84804	10.6765817553926	0.812981852449642
130827	9.22899311238895	0.326043639504671
5455	7.51458844490481	0.264421237406968
64965	10.3437806230744	0.373958081726804
101927492	7.57611130744709	0.215334165519394
9392	11.1777854411326	0.392296383756241
100506473	8.11324778947405	0.214417688497368
79074	10.4250562125745	0.266845974489614
2274	11.4332807053682	1.23419774266382
285000	7.39951877413417	0.183813499900748
8440	11.3343699767439	1.14735208947665
80146	11.3259784370373	0.413998184256607
653489	7.82204871123365	0.216368827470733
285190	7.83627515364233	0.187659842581691
6819	7.70207426228326	0.569700782691936
9648	11.2130645243545	0.517876836311761
3987	12.1693844756699	0.820312035637734
5903	13.0048284616007	0.753306945779864
165055	9.52953357605598	0.370854733738805
10913	8.6203805923889	1.69150700486537
100287216	8.29726179980983	0.908779545402474
344558	9.0368771682139	1.508435885116
151011	11.6065464929797	0.493941092826609
65124	11.0162527926659	0.713199495879947
84220	7.94953114680588	0.417531372139434
440894	8.45310957449508	0.376683910957754
105373985	7.5373211636024	0.230244117775987
105373986	7.44771082079417	0.188683985062118
7851	10.288586126265	1.09766391598782
4867	8.54900236074994	0.370096589690535
205251	10.3957829411132	0.651886264661363
100507334	7.45446278701429	0.253407515781914
105373551	7.56701644679116	0.319803497544774
151009	8.34087718888697	0.285760013399977
100288570	7.41968338491537	0.147296164028959
100288695	7.83263015317974	0.241116609982547
729540	8.06593408828183	0.495657775757435
699	12.1268267584932	0.369448187018136
55289	8.42502448838753	0.642490448653284
10018	10.7481307852411	0.522377615337661
101927260	8.35712516830744	0.249334559664333
541471	10.8746566423678	0.668462472948266
64682	11.8947110368481	0.328872398999444
10461	9.30044576270947	0.59481032261156
84910	11.4069371298565	0.61799840101474
129804	7.96052563039037	0.454311300829336
84524	9.63589752080183	0.40805640845699
376940	9.04879915330495	0.328598298910108
727851	8.69596830034661	0.45440100201253
150465	10.9874519235567	0.790925428580653
84172	10.9226843909597	0.43094019937614
84269	10.2353156101193	0.327131967200941
6574	12.0703443959291	0.557816817475506
284958	7.99976605584153	0.421828977052353
150468	10.8324705646583	0.496997742295792
3552	8.19765007945663	0.703549530432259
3553	7.76129246567825	0.325186653471916
26525	8.25507385014565	1.06291129368033
3557	8.75202142004351	1.32555295043452
23550	10.3761826517613	1.33925366830387
7849	8.70138057087767	0.768195244202471
654433	9.51056893131805	1.0488088104009
100130100	7.75802239197882	0.421477948643012
150472	10.5207126286567	0.399073079375428
200350	7.6552985394204	0.0953439221699136
375260	8.69287850331476	0.159469530652227
84771	8.05078142515639	0.361471753322882
118433	9.13700677969163	0.321549249200758
11159	8.543921188594	0.27988453808519
80255	11.7628798014539	0.302247148943026
101060091	7.56168517937122	0.138430563823348
10096	13.4447549065917	0.322791497457885
440900	7.46524736521453	0.196497091396767
57628	7.78612874763167	1.1210082990601
389023	7.73639216517036	1.05239530425911
8886	12.4118902790346	0.305018856469172
54520	11.1022802038592	0.207272723764586
51141	10.4268569769723	0.58681030431362
2019	7.73714670240626	0.398265825064659
8685	7.59070423000764	0.523075977366536
55240	10.3382625806526	1.17159879334117
130355	9.00141797718701	0.299623714241279
1622	12.4711748405159	0.553631593518557
140738	7.9699635095008	0.561017594562378
200373	7.46587107013846	0.17882110094783
80775	9.65666368319266	0.358267773058035
101927764	7.73910448266331	0.697039467156496
5775	10.2616230500991	0.419701268545255
57669	10.8535701020677	0.588887105333685
79134	11.4249800917562	0.380696983053987
5899	11.7542853809272	0.690412156295567
105373989	8.04157237945653	0.747339083907796
3625	8.91586263340935	1.47418390156928
2736	8.45712568431374	0.829225344213765
29842	9.02774435506164	1.31921751681308
23332	11.2380819104514	0.659527429569959
254128	8.68968024069848	0.213738442222525
84365	10.6157612938661	0.348640758568137
7247	12.1986877531205	0.355520882828977
274	11.090973733916	1.00793766580269
339761	8.88012536832067	1.11304959605905
2071	11.2889086766383	0.340886851955993
10746	11.6089984615911	0.475469280915722
100506922	9.18789036013334	0.407003456015212
5624	8.33943523496158	1.17832624464722
55677	11.7392773188471	0.240892769420915
4648	7.94476068104451	1.08949132444119
55679	7.88189858106	0.523668468843703
84826	9.44765342093763	0.408050968345623
55339	11.776267831266	0.186963482550974
5433	11.462736507901	0.337735293086953
83607	11.2540921601961	0.268262971516618
79595	11.1940515466369	0.186812860068017
56886	13.1491088826847	0.390940691223249
9394	10.6090118457952	1.25286929292577
440905	7.55845563671083	0.347882875676937
728378	7.53017167417301	0.277451289796302
91409	8.20977306918794	0.796537990868115
55627	11.9641074761096	0.297829898364601
80097	11.3466092369483	0.362155052326255
84317	10.3887074754595	0.368311428324166
92856	11.2864369918593	0.423931314187515
26469	10.5112165799638	0.433530160113329
100216479	7.94937571076719	0.895469545104047
205147	7.66297720308596	0.84061481518427
50649	9.51917614902215	0.887363412371796
130074	12.8174672584206	0.484461725532608
55041	13.0729712446444	0.357030490191064
150786	7.79280347144657	0.0932997649624231
653784	11.3813726275671	0.322264540508026
113457	7.67576876532486	0.146521248599873
150776	9.76089846039167	0.288871309244432
90557	8.65237785344438	0.913961633912545
29798	7.70055138604675	0.203909528268194
2863	9.17225030978655	0.704694839682384
116372	8.01807721109964	0.643412077570802
344148	8.13756268129752	1.0232994815259
101928161	7.44444883714719	0.229613916103816
4249	11.7498594702792	0.789254351785176
81615	8.04652170528276	1.03191862512401
100129961	8.00982602845296	0.195915306366638
905	10.5827941323584	0.450298819851268
22930	11.8536865343951	0.316463624799259
84083	9.38472480267024	0.258051270044376
23518	11.4497752815727	0.349205057081594
23190	12.9010116499659	0.386151512747664
4175	11.9269458509846	0.585624177451833
1615	11.9166631849921	0.293976735898672
101928243	7.80618915029332	0.141379609726801
7852	7.69867399294729	0.237722131752256
80731	7.6562996861443	0.421928457005108
3176	9.42303242119745	0.644279012979787
339745	10.4473858951969	0.581229789011108
11249	7.47803266545021	0.257579828777384
53353	7.80513604259952	0.347220755516977
8942	8.04286132022475	1.030394793424
79712	9.76496838310289	0.325212723155295
9839	7.87285499378652	0.324490823824952
728773	7.48706768327256	0.338833209988205
92	9.40243804799438	0.657725972884259
5000	10.7952419789927	0.238232756953131
55777	9.43513441920898	0.199828893136784
26122	10.6224567540613	0.417821171530958
3800	7.68200619872561	0.362984244913229
130576	8.68169788150272	1.25806140938103
130574	8.81746824630427	1.16685812943356
27249	12.197539959927	0.333268003542353
101929231	7.72836651017085	0.207204451104945
390	11.2094126798851	1.74043760787982
375287	9.04635791976983	0.398331078315226
9111	10.8911828324769	0.691416325535691
55183	12.0709773156573	0.309692816963337
4703	8.09034918775364	0.537998854387812
26225	11.1872354921995	0.389677774607166
785	7.89456227490024	0.323295251826211
10254	10.6332035752702	0.426892454338409
114793	11.6567941602661	0.698255506596301
55660	13.0187473309832	0.254894089128905
151188	10.6970107970859	0.309585280604248
56475	8.02834202021669	0.960374934663089
114805	8.02889117378539	1.13091865767577
3760	7.84899440358062	1.11848629586856
101929378	7.80604993969548	0.421111067779959
4929	9.64417503097628	1.4141535406808
2820	11.9995783839502	0.592921418620247
11227	10.1836741826043	2.32604201620052
57471	7.48545196605845	0.290990271613859
728066	8.21018298226311	0.152069486742618
9595	7.46687732824989	0.194083908329404
130399	8.04967354194875	0.70856460787807
90	10.335756999282	0.722992651191907
130940	8.09956437661603	0.364171092473225
8502	12.2130873777339	0.359260720299733
92196	7.43874107285636	0.1754406597014
85461	11.262822655502	0.823838563048908
151525	9.49678134610346	0.389318183458119
29994	10.890665484795	0.627753663458049
643072	7.89820925366479	0.158962395994749
64844	11.8927805738359	0.311131173542018
4065	8.14395189343926	0.78353841980861
22925	8.48756961651825	0.719858123112915
3694	9.60045242865024	2.08599827277825
100505984	7.63299095106953	0.243774448064532
5937	11.6076382893907	0.65904308110487
10010	10.4695481100527	0.530991542399887
101929512	7.54395405546773	0.155262580629689
100996579	8.21867131116096	0.762325009080135
10213	12.4122176337701	0.383254805827832
285116	9.45504245153576	0.272248683648466
57282	7.46237657339006	0.23852946961457
1803	8.74841893718443	0.900843872185472
2191	7.5194774818372	0.210612465221318
64135	10.8162671422363	1.1106044013272
25801	9.95499922561308	1.07917188885512
90134	7.80196386363988	0.927834359902262
55137	8.65567447558183	1.28298429098734
2888	8.2055797409078	0.65619878466238
22837	9.93197702585786	1.39848913778977
101929633	7.48905199731483	0.211435271398213
151258	7.91936578819742	1.37316253451901
6328	8.46159571934655	1.80055247061413
6326	8.01418868030056	1.05733086050806
80034	8.18144678549697	0.958400410219531
2591	10.9107459335199	2.07454394920873
100506124	7.57742691711902	0.0842979369488794
79809	9.92381846646827	0.327109482106097
6335	8.51954448073314	0.985569985479236
6332	7.74172591316889	1.02304065765211
8708	7.78633512513961	0.533138586398722
27347	11.5065507944963	0.93745628337936
253782	11.5623875973684	0.7016901566165
115677	7.86993809352684	0.34133656841215
57405	8.155741781577	0.346299307563668
8647	7.68226583710175	0.413630068811513
10170	9.66155697510555	2.55453819055962
4036	7.62960431799076	0.16097074913191
129880	8.77423729001913	0.661069862462547
10324	8.14053417164328	1.14772009953795
79675	10.2079636824567	0.490915760836887
9360	12.3987198205597	0.223280972832136
129881	8.01496489848108	0.274896007200055
493911	8.3731029681491	0.203707935937424
151230	8.51827834457313	0.259917868885691
6741	12.9084942009131	0.39278849744581
29081	10.8727375343078	0.254565493511211
130507	11.3634889684598	0.408497820183661
140469	7.64051100810284	0.287367602460495
440925	7.76847116599787	0.368096444299423
389058	7.81834629568422	0.570014876350401
285141	8.13970272449375	0.394786086308628
2571	8.82750805719096	0.748244499993943
26003	12.5176861103535	0.538625085617352
9874	11.8391428326182	0.339224180061984
79828	10.3375212996092	0.447202944034375
80067	10.2956437404018	0.334539494039941
79901	9.92673894707976	1.91998147244702
1781	12.1950344112975	0.294991841706016
8604	10.2243460943896	0.341321231587988
8520	11.8119308241138	0.26285168858386
254042	9.12718804424992	0.297530043246594
1745	8.30664572449347	0.775006810481787
1746	8.23005824726895	0.374510965799859
3655	13.2972612623592	1.34969983434843
5163	9.69516924899636	0.511520595884549
11069	8.26584459239852	1.44989448090767
51776	11.5171835223305	0.712674040038501
339751	7.95000011875021	0.358318962592225
83879	10.5024858897431	0.932154431363502
6670	11.930684965348	0.415500650180794
100128905	7.5166704830404	0.44755773110528
29789	12.7953995164222	0.361082589136898
100131390	7.58475032747309	0.586118860922113
9541	10.5760239664021	0.30894983399364
79634	10.0006705996193	0.534568366896991
151556	8.64557330457213	0.764356757892886
7456	8.2242086580225	1.01952600754
440926	10.796952396987	0.534416951179664
1134	7.47615174200803	0.264386202865935
1123	9.10022884400826	1.1951623835808
1386	10.7633573919058	0.59464484611398
518	12.9852869671028	0.460471103236571
80856	10.9095565321125	0.304676169896316
3238	7.51524912378351	0.161984111992348
3237	7.41970750141558	0.191776523679387
100506783	7.44064233727997	0.292493332948783
3232	7.56185767595226	0.406759628576804
3233	7.43672495906775	0.201986264104862
401022	8.01995621326318	0.906725453288622
3231	7.53094233984502	0.324320364449111
10651	11.0288213900394	0.493694365433191
375295	8.31095603204325	0.987431650345091
102724224	7.75795925632982	0.436156399717968
105373759	7.84747292106511	0.151074674402305
220988	14.3435600506647	0.49580830789855
4780	12.284535134658	0.670612002061446
100130691	8.10629912814117	0.229296690585793
8540	12.2505215706942	0.445449313188154
150737	8.90688461217541	0.305560624574997
92104	8.99819768647235	0.404851645663312
50940	8.35328870227452	1.28256878049445
129831	9.26361822296908	0.212591842443183
114880	8.72534882642378	0.746085210923048
101927027	8.84522822615118	0.670842117531907
8575	11.1040668204273	0.376112503742368
494513	7.97553735152109	0.276339229926608
51661	8.47919451992765	0.420741150977927
65977	9.8825814976815	0.586548718634019
100506866	8.07940554930144	0.219444444572819
7273	8.91836972983642	0.331731667738944
91404	10.0503715359522	1.28289229968141
151126	7.54428974944075	0.23868136250237
57703	10.8579988914898	0.231129957236449
10477	11.8923901440562	0.473030224796649
3676	7.6039246745741	0.211154902521837
375298	7.91139796771771	0.266636715171007
4760	7.5362051930023	0.443954451789021
6744	13.435373195553	0.908038350169908
151242	8.21952331513491	0.585226439492966
5136	7.62720431746397	0.224228584957638
54431	12.8710361509402	0.914644990378099
10787	13.6230410373271	0.323192925013708
142679	8.56741309910601	0.258174163146389
129401	10.3444604374076	0.445410193628029
91752	7.84012092868778	0.447883911953083
401024	8.18571887062213	1.10948792433273
101927217	7.59356783010957	0.117231527644346
55854	12.1437025094025	0.542173684733557
3685	12.9385076064699	0.825214280752136
165215	9.78909182684714	1.07645890294556
10203	8.63508448404542	1.29472007236988
7035	11.1143941919906	1.82589740376366
51454	11.1655415440042	0.979189350046178
1281	8.53523673923776	1.2796377276956
1290	9.67588272097005	2.86710757045056
84128	11.2830889489219	0.535945769692853
30061	9.35412693811758	1.38544014999647
54529	10.9515340952196	0.279667169676074
150709	8.2345747930355	0.165992125992273
64172	9.05367057166361	0.252212643156627
101409258	7.63829066978232	0.143050849652347
94101	10.5789115625904	0.509347839503056
5378	10.2214821351072	0.431363027672916
84281	8.26361880247905	0.729115605711149
26275	10.4476529177088	0.401404566416529
105373800	7.49897699014124	0.1238518299459
3628	10.3492335726599	0.905879821081956
54842	10.4461268889415	0.915756999743418
100131211	9.84728004405199	0.365120739376336
105373801	8.18318934220892	0.247058144414797
4664	11.0991435776993	0.702239700205295
2744	12.0274303564661	0.82983250244233
6772	12.9717592303795	0.911628008160844
6775	7.9465040201225	0.398504013183892
4430	11.5235468707593	1.32273562455806
64859	10.0819602669715	0.616139684701
8436	8.60783080937299	1.44204561116225
57181	11.742980449732	1.17321189021045
56171	8.05159160153685	0.541295168567879
9262	10.2197465179359	0.671834647879921
57520	8.41049645268287	0.754941041097635
284992	8.61490293180875	0.221856882764738
9330	11.1678224117425	0.474304949446534
80055	10.1622233789102	0.610209908880272
91526	8.51334652017091	0.52473531205314
23451	13.4917104876979	0.412678907199199
80219	10.9171517909228	0.433882761299625
3329	15.0212605937083	0.609998458566035
3336	11.5781209331052	0.451460808345142
130132	7.61683964540315	0.251087666021506
92935	9.90915281010107	0.509822063964854
66037	7.552928902721	0.160445974902334
5334	7.89631529268614	0.788729209730411
23314	9.76121939597514	1.04342069347983
150538	7.51374632848708	0.205291644138656
348751	7.86664971692393	0.482877437802194
205327	10.783213966012	0.266981074684145
129450	9.75007015235655	0.224542514214384
79568	10.3034149942662	0.398667818720782
26010	13.2349497944992	0.651790379181562
130535	9.7711084912212	0.276766919828842
151246	10.948911863512	0.428547475111096
316	8.08213894522794	0.459502696752331
100507140	7.45893942640345	0.138365785808374
9689	13.7844257172287	0.469179946390835
1195	10.3916931663654	0.438314192739747
53938	9.8979543989382	0.400487457608255
60491	10.4164656594762	0.243013931846665
4999	10.9421358958918	0.358470747592347
285172	10.5123739267599	0.497195034219878
4709	11.0715730499203	0.528027917211366
8837	11.1164130064837	0.623731010580878
65072	7.59505932915093	0.225172584872613
843	8.92070769957438	1.09123509381215
841	10.4669436928276	0.884006645318554
130540	7.64652874161467	0.106974760865395
66008	11.500540766257	0.271537306893172
55437	10.3308067580748	0.459591075217009
65062	10.6317840250589	0.368619782988295
57679	10.9914090762914	0.429406183435796
65061	7.7268357489801	0.83869005703496
8324	9.90914828271638	1.31190362830464
7341	12.7055736229215	0.255320174103977
51602	12.3547898562907	0.36960998773976
659	11.8687000323188	0.626376520662584
150864	9.36203197079141	0.590290328860508
130026	8.59692621278137	0.527406959690508
55759	10.5933577829423	0.801295687569935
79800	8.61581500239996	0.247122146986897
65065	10.5988076284258	0.24621201405512
57404	10.1201346629488	0.431060717678704
10152	11.7444947608134	0.326534400937756
65059	10.7053510144597	0.636527257121486
1493	7.43609276656695	0.276862257583281
117583	8.48276430469586	0.475122628515078
8828	10.1296509497063	2.05494364595785
54891	10.3822721314311	0.362386298042958
100329109	8.61876692623435	0.323901001762745
4719	12.5375937281694	0.34904737872182
1933	13.6823038882196	0.407210223233353
619569	7.55874873785141	0.115436655873286
2825	8.40889168717789	0.920480406246139
57683	8.77136179627817	1.09243666858683
8745	8.24022412482617	1.19132088652398
130752	7.92507613244553	0.384589204136215
22868	10.7262277070503	0.398342440873402
130749	7.653081799551	0.148634109722042
8609	9.8097278877272	1.11755369778415
1385	11.1092724566107	0.271797427030954
151194	9.93100521666454	0.443070817552968
151195	11.1972782212025	0.847358556415395
7855	10.7497758005556	1.14276434905014
389072	9.35107706849483	0.322036325126746
3417	12.9838182973812	0.651192535686931
100507475	8.07165868362553	0.222299355360864
200576	11.5054245311849	0.433401541349211
5746	7.45255248657559	0.222618126681842
4133	9.71200641829275	1.55146984267569
285175	7.88491824125169	1.06326056738617
6120	11.3692197751553	0.141691049662138
151050	8.86840007798665	0.376630413737262
33	7.4949852762116	0.217351924084348
10314	11.3906623309574	0.405467466996593
1373	8.4650472611373	1.16923178987921
2066	7.80456128291428	0.633632910126156
22807	9.89368712205902	1.12440837176965
79582	9.94322513953906	0.405846405166829
580	10.1357340415306	0.440148779987178
101928103	7.95463571590908	0.150803780435373
26154	8.68478449627243	1.10910450328944
471	12.6101229618749	0.48909358078004
2335	10.532518013513	1.45771492236461
55686	10.274057696601	0.531723962974574
55825	9.46681180380945	0.594275147042463
92691	8.13446805232093	0.873061832471279
7520	14.0810738818407	0.316998581309021
150967	8.92249490881437	0.303168525781305
57574	9.01636465565964	1.37925649179251
50485	10.4678930534646	0.318193215496414
6168	15.59893819127	0.418501622698245
3485	10.29470856893	1.85817273667249
3488	9.26731623802577	2.63257847374169
729582	7.54360642784406	0.268359523896437
7145	8.5761840883595	1.24303659918415
285180	7.47438405644453	0.185626066589793
10109	13.7626793495961	0.340781168228892
14	12.4878055443995	0.149248599686633
25953	11.3336008641861	0.475623370050608
64114	12.6723582715188	2.0462887648398
6556	7.89877461810549	0.253834439246796
58190	11.7495762650638	0.339109333453955
7429	8.95714985550442	2.40320786528196
57695	10.9977585298981	0.478149882826253
9125	11.9593914158727	0.346864122472428
84812	8.71355597649913	0.36044118998579
7701	10.4132966810428	0.62812689402673
617	10.0224909837889	0.76503299902058
64320	10.1282267363786	0.255093224885941
27148	9.50367928493527	0.297005485650282
9654	10.6870531936637	0.369136484801605
1593	7.77169103708365	0.377807298989101
7475	7.79870543756037	0.652322540615024
80326	9.3880391005392	1.79436614450931
8941	8.85158843961274	1.5971425721188
54738	7.7435016412882	1.01585453175371
1412	7.81765917256847	0.992605790530608
100129175	7.53295349237194	0.475514110743426
255101	7.65277596966772	0.512242383232764
3549	8.02564552267372	1.53986480055682
100422957	7.46270575991062	0.312970824027847
79840	9.70250304782068	0.458452660031742
151295	7.92612037352289	0.159965269812495
27013	11.1437211815364	0.3019439506618
79137	11.8791854086573	0.385639029563679
130617	9.84593349412182	0.255423001103534
10058	10.1406949815432	1.08893541627904
79065	11.8398470928599	0.41154524615998
55139	10.0207935927976	0.342073029510303
79411	8.72912086440637	0.204159699254224
8576	10.1046105879358	0.262714878372631
7277	10.8810958709452	1.73296378856011
3300	11.2277626901782	0.647911258868842
5798	7.70104394161774	0.507222586420372
23549	11.2951385671424	0.317860915187277
10290	8.18105906115882	0.52238142890238
100996693	7.90830915165548	0.312485049231867
29926	10.9778326396476	0.539282257042385
55515	7.62483721974197	0.272279810395074
79586	11.2612048859372	1.42004731762515
130612	9.67689216211835	1.19610817566864
23363	10.7481316034801	0.953542466950184
3623	7.76339727489978	0.28967351438019
114790	10.1696118490783	0.381525968608542
6508	8.66817310387678	0.494107623052205
2043	10.0446024720722	1.85703527899374
5077	7.60792612727589	0.395438980007171
130367	8.45964422271276	0.879990658767276
10056	11.8333344489132	0.634085830122865
2181	12.9968724377537	0.600342324743232
23704	7.5238737806508	0.245592285628575
7857	10.274277309869	3.08764054722043
130340	11.138484809963	0.835364914837233
57590	11.1084756776436	0.485952094864805
65080	10.9139048886312	0.187195350054876
5270	9.43969692655452	1.7219141559108
8452	12.3868583355977	0.259700590951617
55619	7.76576315701277	0.432342896266386
57624	7.9771170321401	0.610423469064372
646736	7.39687015430453	0.131336359954875
3667	11.5524297022905	0.941721195996806
84236	9.93014435839198	0.309525419988493
1286	8.03237682958834	0.490510417492015
1285	7.69511068065893	0.316768188953631
654841	7.82697767003293	0.23793446197807
56947	11.0837514897082	0.182444411697156
3267	11.3443404046621	0.264567565751818
80704	7.76370191130779	0.702102190139271
6364	7.6705960644445	0.37397145595382
164781	7.62273501958196	0.263853490262369
55022	8.77502649067272	1.13624446196059
92737	9.02644703357273	1.57581300890643
9320	13.704886933559	0.314211736706754
130888	8.43759952581303	0.312896274019668
151473	8.54273364867861	0.615640619498656
3431	9.72972299750167	1.00394694042089
11262	7.76996851945238	0.226812044561972
93349	10.183577008054	0.646396918985858
6672	11.3091157428168	0.911887462827225
151475	7.49968470443291	0.144053766480617
51719	12.2388536036627	0.487403294116664
81618	11.9294448168739	1.13827653913561
9290	7.44529199603821	0.156399629474676
348761	7.60706221053838	0.13533610012174
257407	8.35287410529499	0.593691941833034
5707	13.0027499149823	0.236876937954546
3357	7.58067545150507	0.088914201391341
80210	9.49436866705111	0.520094565577207
93010	9.93573890942021	2.41641839006942
105373926	7.4698522103449	0.168130573387274
4691	15.3461911589142	0.361133465970212
6082	7.53939483620209	0.127216229076516
151477	8.00936805821959	0.200588447062688
5757	16.1390364839189	0.556456724696651
5147	10.4932107884137	0.177825232515317
64708	10.9097043821142	0.381128113310287
4880	7.71161189422613	0.475017341360473
129563	10.0824757451466	0.271493041339688
250	9.99540056073195	2.14164369157161
347694	7.703093124249	0.450552649982128
251	9.3671518577413	1.6611522844254
9427	7.61973098980896	0.517105631167399
1146	7.56825162397853	0.162135116056242
200765	8.79017428790881	0.411096594099254
9470	11.5377225897462	0.40176756003337
80303	8.33356218908023	1.31354449097738
26058	12.4081045334616	0.277641219908064
3769	7.56038229055035	0.0957845039924202
389084	8.24058262358226	0.389665370974626
25791	9.328768796481	1.03375814888517
3635	8.0339730947103	0.934254958097946
55054	10.9126496482291	0.336299084881749
8527	10.9988213476736	0.94584348104802
55230	11.0274106407685	0.308399241010459
54575	8.82181426634429	2.48467940313347
54578	7.73728723048529	0.817840034256901
54659	7.47775161253572	0.159401608699685
54658	7.62571745426673	0.407171174212132
339766	7.53640503181463	0.129767123871451
55355	11.5243214231026	0.418993621988178
151507	9.33819179202798	0.901576153198556
79054	8.48599726240382	1.72586918228546
6694	7.38722854648835	0.143233395378077
10123	11.6066684899185	1.73792815044516
23677	11.8058222197932	0.897896541834208
116987	11.4783960522253	0.625368079407279
2637	8.04772102050458	0.796582677903952
79781	7.78720832010875	0.828805626335703
57007	8.88940062385586	1.3792667093724
105373991	7.56884302745707	0.343634807768467
10920	11.2974615610184	0.33552501204539
1293	8.36777659520241	1.30817707486317
105373957	8.0493937474109	0.445402723915199
79083	10.8105437758143	0.993243985748994
64284	9.7756493161696	0.787943548651548
9208	12.7011444370389	0.401823639463149
375316	7.8848752832115	0.393090648778139
10267	8.77642965673537	1.49563733725408
140739	9.70606343331999	0.435150743524493
51540	7.64282609952203	0.133823976550476
339768	7.59068268954023	0.182922285353756
377007	8.37299712764648	0.857569965956812
151176	8.71398251960774	0.482629932451679
80895	10.4277715655263	0.232363480114624
151174	7.67989749043123	0.428161295259938
55502	9.46502407754118	1.46737464240084
8864	10.1059957807263	0.69117385453561
26146	10.2502054644029	0.316580682017695
51665	10.9592555816868	0.296154785163942
100287387	7.44021630586073	0.259319766768616
117581	7.49467221338392	0.387289595799668
401039	7.46633296802941	0.312300479094855
9759	10.2365857759784	0.532598726399278
101927147	7.51675414247833	0.14768286143521
4705	11.926239274549	0.40782040422517
150678	11.1402405779789	0.305612622480685
2817	12.3006545771866	0.950958560573369
100130449	8.54423109874434	1.40549366420667
406941	7.58164553453221	0.285260365717604
51281	9.15033382251903	0.396432187789256
285193	8.45196970700657	0.177634187409977
57140	11.4333847694843	0.615187793157609
101752400	8.15063383082505	0.238817783155969
11132	10.2123067411181	0.324586628197851
2859	9.06803594133745	1.45719337269758
547	10.154670380992	3.01255831994737
189	7.60919707601347	0.400177673218087
79919	8.98459850217686	1.48472333616404
25992	8.08779606920263	0.542893533320574
130916	10.2379467845902	0.363978447539168
23178	9.55042254264706	0.234160894975711
5510	11.3548134783188	0.265830629208612
50636	8.45191159029217	0.390992197859728
3069	14.8607690180007	0.312480889939906
101927509	8.1413337220029	0.252965319025612
4735	14.2165820700696	0.405282474240867
9855	9.97588700084091	0.373725046504399
10494	11.8540416759119	0.43082963658601
666	10.641823880852	0.384923731710575
51078	11.3473504820509	0.388575110818237
23192	11.0962119921518	0.190085509449652
1841	11.6749693161142	0.379886778289357
84289	10.162669113271	0.208105688503982
728294	9.95127075592613	0.292373317385337
728323	8.35418704221594	0.268750797368783
140680	8.97636353614566	0.377750996252289
85364	10.9699542935752	0.566745400392728
100507459	8.56966019511717	0.430543275184295
6666	11.2951312430061	1.20889047607803
80023	10.6137517490752	1.12663836704791
57761	11.5801276486551	1.27051913315649
10616	12.1251510240212	0.581489760132874
128637	11.3996475841166	0.278130069794562
1457	13.2377772487522	0.228206193096731
140809	12.646766307919	0.593050267978254
113278	9.29658821507684	1.13238231094197
83541	9.91407414640415	0.669184192880657
51378	7.58996341182531	0.18426779226838
343637	7.74901869157255	0.925793751752516
105372493	7.74538719627421	0.139035642449364
9491	12.5170687781898	0.354983649672309
55321	7.8399470399196	0.33970686748179
642636	7.51008611223161	0.20533861313628
9751	8.64562088304374	0.824531623926898
100507495	8.66861271451945	0.372708206060484
2280	13.764357407791	0.494716153086577
55968	12.1682584436966	0.430385476496963
284759	7.49837730737376	0.165749860269834
10326	7.52504404062556	0.159897962806198
140885	8.34306611536054	0.778011496431416
140901	11.6699622239496	0.406983921956179
6628	14.0207438884084	0.348677091563049
79175	9.55267027410385	0.222627951064211
10528	12.8787394694345	0.449297589823849
692213	7.81850148662639	0.150259143946809
677831	7.62642238171452	0.104545288024596
3420	11.9444961092374	0.25417537614445
57593	8.41800651433171	0.889148366218176
56265	7.47768839462056	0.150455264990157
64773	10.1382167012301	0.442682689717701
64601	10.3449728654642	0.204782363040564
5786	11.6281694303295	0.221912054769473
2797	7.74456867588299	0.419718999785492
64949	10.9417655147272	0.547511089992194
22888	9.6050740820947	0.183429171880525
60493	10.4352799361352	0.466105005098632
9762	9.93616429003543	1.13451176254003
65992	11.8817940859861	0.492922065955605
3704	11.0459882204871	0.490714620262579
83959	10.2274190713204	1.5684919860533
25943	9.98866132381053	0.604277366255176
8455	11.7105663094946	0.385382751149255
116835	7.64499127228526	0.135612522447573
54976	11.4806780517179	0.274521213781244
25876	7.68425536438698	0.182913579582616
1059	12.9507386840356	0.481396303502932
994	12.7135385817047	0.666077434545891
101929125	7.72627230213582	0.177403814109851
55317	10.1644162763577	0.497303307747158
57506	12.7292754887754	0.499731911129564
80025	11.2989393920291	0.240588472548131
11237	10.2922323906969	0.739774012701606
54498	10.824231523282	0.965755409934884
146	7.61167329195526	0.351391663418909
5621	12.8562149123444	0.723776413406631
23627	7.54200636764655	0.493995493068487
9770	8.51703224562085	0.920640743497008
9962	10.9438154187863	0.36734027860838
29058	12.513388108012	0.363039468375404
5111	12.2078887546172	0.409803948596114
8760	11.9980417288848	0.243123243982056
149837	7.74989087278784	0.405690387142615
56261	10.0272528782966	0.848972608726414
149840	8.66497924341772	0.356964654183489
1114	9.38906597183684	2.77048016667313
51605	10.9295779781173	0.46872872301101
84515	11.230582210494	0.343331542946298
101929225	7.87491444649429	0.11681203376478
54675	10.7299484912805	0.373392633819963
164312	8.18538366131054	0.844392931250676
55612	11.2705353140738	1.39100338628894
650	8.02195254806168	0.768525662996225
56255	10.8608216873744	0.778003764730777
23236	8.72451862525877	1.65343434063211
5332	9.05140000742751	1.79782555796964
24141	7.49001341428492	0.227914216951256
100131208	7.74928900309204	0.816004706307965
63926	10.044247038131	0.841605003630387
6616	8.17620188548886	1.47194033198234
8195	11.1974237203454	0.626063199788544
128710	9.25081531466532	0.302520942461722
182	11.3357568618715	1.93808322139352
22903	11.215069154819	1.50804549736716
55304	8.7317364134921	1.56857995773255
140862	7.76428429767689	0.347365110388081
55617	9.75980078475653	0.468384749092466
51575	11.0620381972032	0.414402221586137
79133	9.6552123919437	0.398503842645126
140733	8.62273071333261	0.976314353149037
23767	10.0817870727491	1.92346554753197
613266	7.40773857344024	0.181713917819069
55614	10.6447473753524	0.501145718666659
6629	11.6061919877919	0.376257681453217
5126	7.59707715655821	0.702960929267246
631	8.68468316907885	0.67340811098956
11034	13.9719162373866	0.443250019854216
6238	13.4032327679628	0.357764019152544
27131	12.5360099671439	0.597212870216005
692086	8.4536457797538	0.374512537364995
92667	11.1062954411477	0.456825910152331
58495	9.15153443386999	0.795814549704987
100303755	8.73760237048528	0.223386539802807
57325	9.59016324135987	0.336538355452081
7692	9.55709232258356	0.263087054402968
55184	8.46091940334711	0.21765846003284
10621	9.91725896831126	0.294172661256341
10741	10.5298289453174	0.224524641121898
10483	12.6207224893964	0.850238269445408
388789	10.7549292086576	0.400172728632174
92675	10.7202219211074	0.612374171509669
100270804	7.72169578683108	0.174479471491575
57419	7.50624338270546	0.252045536762091
54453	10.5733347776793	0.625209015195052
51126	11.6058640764678	0.550214613190054
51340	11.176621996584	0.452598201007379
26074	7.80392024239449	0.679704838081391
3642	8.29795772143792	2.31569592623091
57186	10.994118573286	0.788944033778329
55857	8.92549308622301	0.338550075411048
22803	12.5656402781903	0.245853548058466
4821	7.75993239815759	1.10540258099789
101929625	7.39200744238762	0.157769178749793
140828	8.96679794227843	2.72719407810759
3170	9.41563467256833	2.00101553244905
7056	9.30775305330552	1.50012807452337
29107	10.3269875981207	0.359532855408933
100505683	7.74822636696315	0.15535041702261
64412	10.2071630795429	0.351972697987973
63908	9.48458450569737	0.662312798317017
1471	12.6780300059664	1.02812079590596
1472	8.32289087386644	1.25096532359337
1469	8.886206963984	2.05510315548785
1470	8.31932257180642	1.30529076090612
1473	7.63776538281827	0.417092036073606
92086	7.44194186261153	0.203892157183111
79953	7.46109109671159	0.305955779294864
57136	12.895471264419	0.284992177820096
84532	9.27288837072614	1.25959756539703
101926889	7.75951984436752	0.230004173014974
955	12.361655126868	0.417736629250457
5834	13.055142537585	0.77440550633337
26090	12.3982234881945	0.411479703149096
9837	11.1948812570009	0.449020692632358
22981	9.78362634227375	0.617089959175032
140838	9.63599724971477	0.401290891232169
102724826	8.12759037607872	0.182081477819738
26152	9.52280336010384	0.21205257765211
101926935	7.74926322321228	0.173620280544508
100134868	8.04460241267531	0.503588871029045
100289097	9.4650585551512	1.01767702272464
102723316	7.58764645421325	0.262963342679244
102723390	7.83265977793408	0.416010856308203
284802	9.38508098293452	0.635942147999178
81502	13.2735305581108	0.447742679040641
100101490	8.86429735701629	0.348395439953148
100874042	7.89311542193742	0.175144768035716
3397	12.3847382650089	1.15382188361296
598	12.667875498907	0.921534017293072
22974	13.7151497971251	0.615515781429267
85366	7.65242067235564	0.119624499244807
128853	7.75660849210184	0.530460671843571
164395	7.76989782105035	0.238173201090361
81572	10.764340201053	0.479020988257903
343702	7.89027906836112	0.825043244721412
140706	7.82505054273366	0.53869268218142
9777	12.6181476642661	0.628797069067957
128854	7.88849520876795	0.454322788632
5326	11.4639803212468	0.491866926314575
23509	12.2937133625496	0.521907941391365
9371	12.8014173254284	0.578452197053827
171023	12.3997961968704	0.530215123265002
140688	10.1975496562665	1.17831983177037
284805	7.54813339043674	0.475616847058666
149951	10.8294738345793	0.621903562307968
1789	9.9749819741771	0.705250494526749
22919	13.297488107053	0.403504077953431
388795	7.50783393970826	0.14264999264864
80341	7.57586847255974	0.580437589931106
140683	7.59439227910386	0.396393211190658
51297	7.49744633757198	0.36503974135795
92747	8.3816697684948	1.46916246867841
51654	10.6573541335185	0.353286337904078
6640	9.66818625171309	0.823488163489192
9139	10.9641138317051	0.814251487840481
63941	10.0523111531082	0.661307617995628
128864	7.7752177960956	0.188108396002524
170487	8.32181154454224	0.87016584907135
1869	11.5745745184747	0.714843199493298
11264	9.95077450897216	0.890717897384412
84905	9.51738272305873	0.810979993168101
101929746	7.73679817620099	0.258049498580095
128866	13.1221483825012	0.793842592412848
101926888	8.35893495269901	0.277621915640433
22913	13.0857022798801	0.423916513425979
8894	13.7608031666012	0.427082773518769
434	7.59422906626591	0.0710922529048632
191	13.3068686720677	0.453039439073739
83737	12.571585385961	0.531745288069966
83658	12.3499575914544	0.372888299787775
84557	9.03559035702694	0.967072814717212
128869	10.6191500037563	0.572460433637051
58476	10.265559242949	0.968212374039854
23054	11.9036539488782	0.328773369571156
2686	9.69830403703117	0.838032626705022
55902	10.7003719889016	0.821192011164523
2937	11.6853268610187	0.474891029587159
57644	7.99203710656036	0.189685342103507
26133	12.1394552080123	0.3280549068877
55741	10.8464149889537	0.319918251498818
10544	9.29143910230853	1.18104437771424
10893	8.36886068257534	0.494518235374195
101410538	9.9949994209207	0.765355683885335
3692	12.6188460592136	0.469681224272474
140846	7.61381129680966	0.123684742234741
55245	10.8143141412489	0.404152637399265
11190	11.3702088226202	0.616550424012159
51614	12.9682639223545	0.478234976549345
80307	9.46424560122304	1.47088763675049
6676	8.8356377976236	0.364923195490194
8904	12.1036147516447	1.03459094856544
10137	11.7965954306049	0.192690269385861
9054	11.1650192233408	0.438531009863528
140823	12.3989951573858	0.524236145937935
9584	13.0733411090829	0.254383584175943
51230	11.2660976000094	0.584193597714795
51282	11.1871835213257	0.449784764938991
140894	7.62029229454302	0.0922339637726653
647979	13.9301564487671	0.665435468784875
2036	11.6425878778706	1.98590041907327
25980	10.7434902640259	0.257500655215024
22839	11.3623205216883	0.540793458175106
101926987	7.51368933617759	0.14751413595351
10398	8.8418617372552	1.30119088559175
60436	10.055090459906	0.857133235217147
55969	11.0864725310076	0.680538010212526
57446	11.2889644712748	0.515290946932384
79980	10.820265086801	0.427450779740268
140710	11.0920333409945	0.949607282935603
140711	9.96176054775965	0.96615432591873
25939	10.9910435645757	1.20623114405479
5933	10.4977624731808	0.278360145658571
140699	7.7778050796021	0.250666964523336
6185	14.0664990276734	0.454791576929886
63905	11.1817927814697	0.487413506718139
6714	11.3783159576114	1.13387452868836
10904	12.2658198342016	1.03423094363335
4826	7.77138137833556	0.236215788867273
100287792	7.43167204416196	0.226334771463783
56259	11.4497178815564	0.592177635867045
128434	8.96161668578586	1.37365209287845
9675	11.0835525633756	0.335971214689612
58490	11.6841881705189	0.483336383871659
7052	13.049741067054	2.84943047129736
85449	7.94289457606687	0.643246208790975
388796	10.2930424849988	0.802519126840553
26776	7.6244793898737	0.0805136230068814
26777	7.5689657272574	0.111360311403709
677839	7.65141413411374	0.0967593619993659
128439	8.79702232929331	0.301474878087348
57148	12.1002279680526	0.337188309220696
343578	8.0887556971057	0.869049253538887
79913	9.53599210415511	0.304964513889334
26051	7.59901557915613	0.304409090750686
81610	11.2529685104754	0.658848636116575
60625	9.88368243566078	0.405892298380862
9935	7.94016399239436	0.685043344322986
7150	13.4870738082403	0.440835879307708
5335	10.9629685449765	0.619402269368436
23051	10.2455341934444	0.624547912353075
64900	9.32372786076168	0.764116844777979
84181	11.2480008475532	0.382012412408679
11122	7.51127703497197	0.431751182004733
6431	12.5645842258546	0.191346923314444
26013	8.21489966070014	0.253323589573976
10110	8.13187100154777	1.13667424266992
51098	10.3491492641154	0.408904541971281
4605	12.5969673426962	1.0214611558366
84969	8.90118889239077	1.36553014885906
57158	8.65518856868737	1.32972968314444
51526	10.9306934222831	0.430109417153564
100505783	8.90323058315091	0.291806919890099
128486	9.85059212177312	0.519224408538906
3172	8.33957586515987	1.41142708757095
79183	11.4426217602507	0.394462090194711
10955	12.47344646652	0.389180885474715
11142	9.33471545312235	0.904710541540143
100	9.74058219787776	1.12646460059335
79015	7.92287419217134	0.716510446386411
8839	7.7860909433634	0.735378649714328
60598	8.23414653873414	0.879836885001766
140730	7.9848422795465	1.04352756544447
7529	14.2899222697301	0.446527378713068
80336	9.32711958966141	0.471671023580412
10953	11.3770526892584	0.467413529744532
100505826	7.75453512863161	0.104182430324198
6789	11.9131839728164	0.546695029392078
3787	7.78077913489562	0.536623577204789
5266	8.08625494554839	1.01485855648751
6590	9.87690799346317	2.41087118593672
8785	7.66827851548468	0.123162834426849
6385	13.3314401489189	0.974716892223057
90196	10.5523114543461	0.552355050466665
27296	7.91160547419259	0.139041388261793
55861	8.06989713439691	0.205025603843324
51604	12.1375340661405	0.418415325781925
10406	10.3178091930091	2.20676758160177
140686	8.15659941309062	0.639938756569154
116092	11.0372608682317	0.491056940607072
11065	12.4031326623772	0.660003718985599
7125	7.59977306045954	0.146854260085688
90203	9.52907230976627	0.573368221098822
10005	9.80086208416962	0.382244454660306
140831	8.82603623194074	0.342497537914127
90204	9.74892026028012	0.266699716184801
128497	7.8052568569287	0.202865794481435
140825	8.06061837342948	0.207600772544034
5476	12.838240760269	0.688321250734654
5360	8.75058595682576	1.15953541896764
63935	10.8246484931254	0.463472665067757
63925	10.520067973347	0.322454696866683
4318	7.95025436769322	0.425332823910288
57468	8.12406993732503	0.634087703045956
57727	10.8885849745784	0.341412587204493
958	8.79437220081373	1.18813081438136
51006	11.0641086220106	0.452555039627595
63916	10.6313930041046	0.546884793494326
55713	7.76036450206957	0.471140895823294
64849	7.66865719567431	0.362636656479503
112858	10.1615994305745	0.647151805846036
81031	9.44309603386851	1.56791880501814
2139	8.01279848303913	0.625661182754454
23613	12.1599274066169	0.445173342368874
100131496	7.64016055101308	0.207188417372904
8202	12.4116405616019	0.903785626429125
55959	9.73446746276265	2.88193727561074
101927457	7.41654592956677	0.150573053121807
57580	8.59182539696955	1.40408184994804
10564	12.4322683572383	0.622809894880904
1434	13.5105823604211	0.688928047702691
6780	12.9864188351636	0.704132979838071
55661	12.4882988032236	0.656975544726186
57169	12.4865501354622	1.09085585701685
441951	12.4135361717532	0.634045830348744
26765	7.57343288989194	0.0915117049296731
100113393	7.69469763678051	0.0995886397131612
692057	7.68479550768367	0.0997663156269356
3745	8.03071499010037	0.886049071048046
5740	7.96148437772561	0.723945957168746
105372715	7.62849966855416	0.226938150067463
9334	13.4381690909458	1.33141314720453
23315	10.7487515681862	1.02008503066952
9825	10.469743295702	0.696376779152853
55905	12.0425434592767	0.533128299066023
6615	8.33819570287254	0.430420448890517
7335	8.44555827816155	0.288371073086815
387521	10.6704462806699	0.879680288430001
101927541	8.00018818743948	0.177765884967037
101927559	7.91915000337386	0.287156110699894
1051	11.4713641658726	0.846073307406618
100506115	7.53789111656951	0.216325686283475
284751	7.732207612569	0.214768023162417
101927586	7.58232341516268	0.125963678478071
5770	12.1998402906546	0.714393194672288
140876	8.55984910039373	1.45834790087674
84612	10.3580059423785	1.02423979119043
55653	9.68536018322339	0.911611416658217
23394	12.0007829019325	0.483588540945464
101927631	8.48665388774884	0.204628149458056
8813	11.4250086501626	0.737102653929331
27304	10.1434867267691	0.64341824105113
3755	8.07054967977839	0.893101234489108
4773	9.6948984609008	1.1796026225962
10079	11.2080464872045	1.65396941403244
57167	7.91868727760207	0.473666035513509
55734	10.240484718997	0.49386509765703
128553	8.70176977395776	1.30005210746727
101927770	7.79575557829416	0.204547560929079
7764	12.3116982547486	1.02790665293037
8537	9.35912058707802	1.69481179943701
1591	8.29499096754361	0.741696655290072
5203	10.6737057952796	0.722895823008914
55816	8.11928884886145	1.673943611633
116151	10.419132102213	1.00201002928027
6790	12.3052556487255	0.511475929231762
1477	10.7563965577219	0.253676107589914
57091	7.579478249568	0.116571182153789
51507	12.077511089975	0.352345449068646
7022	8.81326717311835	1.47311314381356
655	9.09937606526983	1.82564586343293
8480	10.8322309015233	0.422822878467124
55544	10.0448161734202	0.598161050385236
81030	7.6696566250572	0.604579015689975
56937	10.9847564477338	2.21930980857555
55370	8.62520726071445	0.428821871385194
57403	11.4198371982666	0.41518696245856
9217	12.1481759147178	0.426979549156757
164284	7.63297387164623	0.392973481951058
149773	7.5537134732598	0.201068826381365
100534593	7.49658584532241	0.188450628363363
8675	11.2106887796533	0.519026812129311
79716	8.94049531807757	0.48424776831658
2778	14.5565779856555	0.414347739741529
101927932	7.58068887760825	0.170539392287225
51497	12.067767687973	0.304093458168321
1522	12.687603362108	0.674262378090366
81027	8.00553777142669	0.250053876789926
514	7.77788205775306	0.132357478234388
51012	11.5455638807209	0.381105938854419
116154	8.77869856475975	1.31836412917566
10388	8.4260379188473	1.09906509377913
63939	10.279468300759	0.546263538296659
5509	9.27987758517535	0.431806327926834
60437	7.91664220172156	0.503745989394844
284756	7.48091877283631	0.384963886270552
284757	7.43482279201153	0.166314907744184
1002	7.54026642387784	0.242986378322354
6874	9.66266269685146	0.363829427856499
149986	11.6980002949822	0.320255170985101
5688	13.5773294619703	0.363626482597668
26039	9.95284429134531	0.569646150628915
26164	10.9600074454373	0.407077365548717
11255	7.65797427433199	0.413974574106035
9885	11.3712098132678	0.369338191273194
11047	12.4776458264262	0.37996504953773
3911	13.4397196469769	1.41807607536785
101928158	7.59241733348922	0.150886869126248
6227	14.3044175828412	0.399202341069609
81928	9.83645232014668	0.610633734054386
140893	8.28046263362913	0.772025825705577
140628	7.88891814067483	1.23192430036658
253868	7.65434390980789	0.80745944150243
28231	11.0741493201886	0.762448885099622
101928465	8.11446222821701	0.293061404774044
100127888	7.73295445191205	0.116918716992473
4923	8.7648162536258	1.41707841072552
100652730	7.66868295033007	0.27596953115262
55257	10.8981214319697	0.366689562074069
101409261	7.71246421446588	0.132734275057056
11054	11.506639718067	0.589921009801015
1299	8.99208035663145	0.952974185293325
10732	9.99819645968644	0.485458832447504
100132911	8.1394746567916	0.204085839492316
11083	12.0234171501587	0.424485773961899
54994	11.9616426932066	0.535564712501171
63910	8.49911484252778	1.19676146869987
768097	7.58321528177394	0.306679106986325
768096	7.83515308040182	0.472594963110641
54915	11.746602960918	0.298513054017022
79444	7.56201472632457	0.294166485454948
128414	7.78016140553815	0.607130696213744
100192386	7.47521216233217	0.246759801055934
55738	11.6638148862868	0.266144147786642
57642	7.55379226614239	0.205541201253264
1137	7.49448112680463	0.275628667904269
3785	8.21897354296575	1.29149097594568
1917	12.2309706942024	1.9016235285634
79144	12.6159727460743	0.768963631846744
5753	10.1541811811926	1.11104597783355
6725	8.68420084667035	1.03925707370463
79025	7.88736792882956	0.311806526524545
85441	11.7016790856665	1.25959366108378
26205	10.5394082399241	0.407328249806173
50861	10.5509782089325	1.45676858735258
51750	8.10247160907908	0.171972082591182
8771	7.63295245739249	0.15364213268372
10139	10.4561482650808	0.452375733583433
84619	10.5484883739416	0.345682233489564
54923	8.83347332336631	0.212740091013884
56731	12.1912939213509	0.900436632583476
140685	8.75586943746333	0.627091150684291
140701	8.97422432458644	0.472713471549685
7165	12.6575237692383	0.374539783209295
80331	12.6903112533743	0.375006664011246
54963	9.99152802884329	0.382139756775345
100302137	7.63408248808703	0.0707314543205415
100113386	8.08639397575065	0.231199566891134
57473	10.5726688973712	0.692797575036779
140700	9.52110968448836	0.499823933634758
24148	12.2982369364054	0.285757020903443
284739	7.92891985268626	0.191750325197165
6919	10.1094293954407	0.666700935072485
54345	7.85522367262731	0.78198132332396
10287	9.84419236036504	0.341637857179591
4987	7.77203334166997	0.353147190588841
198437	7.61116243841196	0.350246097500579
4661	7.4785100041659	0.303257942032795
55251	9.24382724092047	0.243869314905204
102723996	7.90083659584015	0.340107984150575
102724023	9.93972125239168	0.304696056911716
102724159	9.52337758439333	0.262458635213177
102724200	8.34895818896193	0.0566767619390293
102724398	7.45664819146541	0.131774398749619
102724428	9.2610077401288	1.27801829416757
102724441	7.94593389285346	0.227580813254204
102724560	8.0177594452736	0.851212712770473
102724594	8.77051854757373	0.307513407704521
102724843	7.63190569286228	0.19292219070393
100500862	7.70594236484357	0.172840686448368
100132288	8.1407231365231	0.356244922350307
54055	7.41151505049299	0.21580043295683
54033	7.68712771636254	0.328114023618754
6782	11.3396928470342	0.503942427961859
8204	11.2105534302601	0.820930584468098
29761	10.6498674533276	0.434182286946909
100189284	7.60781635420151	0.234322276568005
1525	10.4474039401548	0.678864005372004
10950	9.24835790817338	0.522990468174877
54149	8.92683742960581	0.941014576837679
4685	7.58839847418583	0.356875764042031
114614	7.45578882094602	0.124001124139035
54148	10.2108023324835	0.481838541440133
58494	7.59627707875506	0.27668555642825
522	11.7213520020861	0.409672579950496
2551	10.4474300153469	0.345942844042749
351	15.0163607465286	0.377853599368934
100996571	7.4892479139727	0.143965920585097
9510	8.25051890223355	1.24210236363619
284825	7.51689154216753	0.26426139948893
29104	8.87282223665894	0.241617331256256
26046	10.9258077228697	0.419494548541938
10069	9.87237468332093	0.47800051528907
10600	10.8041001893774	0.226920598993527
10694	13.0370019544443	0.394492065840961
56911	8.0226342023126	0.437445935317282
193629	7.49374753951924	0.248615897933665
571	10.7961840635299	0.37803318826121
2897	7.58027571627372	0.11631525233559
7074	9.79238755748229	0.711375465518241
150051	7.86917640300135	0.449830673503266
6647	12.5789150071103	0.534312596893399
57466	11.230330622567	0.33893387875368
30811	7.50090635452581	0.192988526506717
54069	10.6837312953322	0.475502194775457
9875	10.9971027289312	0.535646072756184
84996	8.48958950497004	0.269249364281037
59271	7.92441210949995	0.53991749406676
140290	7.72591966894745	0.29831178363215
56683	10.9595961930384	0.464996189447563
8867	10.1118164431025	0.483776851362831
100506215	8.12373340186847	0.311893752303222
94104	10.1018475245437	0.231170026063758
3455	9.80442795461658	0.563137087598941
100288432	7.90010160302069	0.179947874595778
3588	10.078747495511	0.824749822064913
3454	11.6225995496984	0.609894651528504
3460	9.54516236860202	0.364920728574087
757	7.74865809684402	0.549298330531481
2618	11.9782074123972	0.421891723545884
6651	13.4421442848434	0.222551801474237
29980	10.5679655332479	0.511765241591474
9946	9.57722721810015	0.378924757736942
6453	11.5803588094635	0.799001664692419
539	12.2723507757377	0.670676082424519
100506334	8.17990456047555	0.812702339657624
400863	7.67489385215958	0.315702456287556
6526	11.5779086551505	1.17802573867829
64968	10.4980022300507	0.912261941652825
114036	7.53958566639025	0.11737451380592
9992	7.70692517018702	0.196370003053154
54065	7.88960171921905	0.406108957719555
1827	10.353323324138	0.826793791544668
54102	7.52940108895019	0.239022565245899
100506385	7.48926756569934	0.138427434350015
861	11.1408240616442	0.983320128792475
54093	9.19065952822378	0.308115268406344
873	10.5428330505455	0.552980714610289
100506428	7.99428102379054	0.244121062422195
874	8.27416060955823	0.286126150048157
9980	10.2644491914448	0.842517994172672
23515	10.3531388237975	0.523658527544274
8208	9.99690180038994	0.598027150191445
23562	7.82424411360342	0.962296403111747
6493	9.29115171675563	0.538486460456937
3141	10.2595242826228	0.323588989311638
53820	7.78002375609842	0.497744486524432
51227	9.61958310608499	0.467836828489943
7267	12.2973063266746	0.64100983304708
257203	7.77089765252637	0.169495889208445
10311	10.5012014799877	0.574206479317138
1859	10.9724763782725	0.386497683916877
3763	7.72581122550936	0.916580564016071
3772	7.75964510359309	0.854423997590648
2078	7.50170747700286	0.413007486008566
2114	11.6291896206858	1.26579711070272
400867	7.48004650931987	0.192869653782171
8624	10.7765379682884	0.411388264900173
54014	11.024829768439	0.550067513596998
103091865	7.81088047762499	0.195726089578463
3150	13.4603287494213	0.576010746189863
7485	10.1762907649245	0.497737252657405
150082	7.83768574878537	0.241848289243139
6450	8.23877514489938	0.343039376473386
114041	8.68380806600365	1.30420676979013
10317	9.32021290225853	1.68570603566718
150084	8.0108792676254	0.7050578442086
5121	7.49621090211449	0.20257886795127
25825	10.0789362654593	1.20840020642267
54097	7.99239934860099	0.891123838180147
4600	9.75470146107875	1.94189201029387
4599	10.8822119878028	2.45238332916337
7113	8.88935946700961	1.26223509783793
150135	7.52695428624811	0.146333086111499
54101	10.7067029193716	1.10931072986079
63977	9.45974337982519	0.270764741297305
25966	10.5091879087537	1.17523108089618
49854	10.1488629223155	0.257367293334486
89766	7.44492798021852	0.193687975768322
9619	9.42837585587862	1.30395174557953
7033	8.84337606865529	2.18530948610121
7032	9.01989867506697	1.88173091341415
7031	9.52092303301222	1.65657392751413
64699	8.55363254210085	1.31973251033198
89765	8.15481550699988	0.484933224003643
54020	10.4742010568012	1.11698253437452
5152	8.46389731378613	0.607451967019978
10785	10.3553794759572	0.351608481445814
4731	10.3744193430859	0.414996871196321
5316	9.68864016215012	0.140141216288681
875	8.3646824378729	0.94066051895857
7307	8.45127906028365	0.391487266818017
105372843	7.43570467460352	0.13342176363131
150094	8.82078331332345	0.830942026592562
11077	8.19464781711704	0.222298079592082
23076	11.5380537762843	0.483869849483104
8566	12.5593635519688	0.880266284101411
105372824	7.78844201280012	0.107055497122039
1476	12.9780481129377	0.832581650813753
8568	10.878195139291	0.361887971169143
284837	7.95850556324069	0.305004230810788
56894	12.1171559613132	0.498239112766512
7109	10.5924702023416	0.160232224961046
5822	8.008970038018	0.672460229713079
8209	9.35849903531422	0.768961057298674
23308	7.77578223961353	0.290157789202886
5211	12.0339993832356	0.768851667021761
755	9.39271165721456	0.515419506720239
7226	8.06904087460108	1.09947759992491
101928607	7.59741198181325	0.467947547107741
81543	8.07944570551124	0.580888877639078
54084	7.80395644547108	0.448020665887662
54082	7.79108995137461	0.451084847426163
114043	7.68867344137463	0.340779163162081
7327	11.1730335955319	0.366437745005427
101928689	7.65996337028492	0.145919944339479
6612	12.1601197804557	0.649332531885349
754	13.4769916067198	0.625982720191273
3689	8.31128152868958	0.734850198768995
100505746	7.78180760326683	0.326281587103366
84536	8.3379572328765	0.379169609814137
85395	10.6816163577973	0.405336711206175
727699	7.51135936932205	0.269527047111628
378825	8.39296312306935	1.08900381866038
105372836	7.61745239628396	0.134915840912733
728039	7.94355051109528	0.285632139079665
104	9.72757527709113	0.676321703472549
23275	10.488482536483	0.585779559990197
642852	9.89030030767389	0.701500109047861
80781	11.8045025569957	1.94397460692043
378832	7.4854469357885	0.119739546241307
6573	10.2919286184103	0.448712700960121
1291	10.7162840724906	1.6736771858674
1292	8.80532616641866	1.51423340708045
84221	7.60849065189784	0.431917046537583
4047	10.7629031638847	0.50297322280727
114044	8.32644306299997	0.279874443378592
8888	11.7511751877118	0.35337909723059
54059	8.85230821516521	0.382989480958199
54058	9.06455755728725	0.502316750836112
5116	11.3567251234516	0.358705441419736
23181	10.7642878301712	0.436652397531864
3275	11.2786137419806	0.395647168517035
23784	7.39732469101028	0.146673801808943
503637	8.9254349040359	0.536493195883706
101929839	7.96230206984463	0.250186405488556
150165	7.47325489471762	0.316197556515347
100130418	7.70115987243362	0.550409653055631
23765	10.6815507913771	0.552605598407624
27439	8.07847579250523	0.655592377202164
27440	11.2778242296638	0.362900522789619
100130717	7.57283055112983	0.143889453809427
51816	7.52201555141115	0.257599665001352
27443	8.14807318405522	0.84543685749986
83733	8.08158620313857	0.484185369336272
529	12.3045210620392	0.414631328538497
23786	11.793507582655	0.55010189649514
637	11.2658359625756	0.922210169299172
200298	7.52670177249804	0.256610546435819
57553	11.3404467318137	0.596010632037959
55670	11.2180611874676	0.472355529102371
51807	7.88729058845852	0.185406643434806
11274	10.3600143206565	1.18102934735203
100996415	7.50498160660637	0.43840658560414
728229	8.03147621523059	0.479792222079082
728233	9.05623851131212	0.697935319951983
85376	7.96340577979382	0.260043366648011
26220	8.13407664703537	0.640119355833854
25787	7.65289385970571	0.295118874943867
26222	7.54482498183249	0.208645102672039
9993	12.3994181616006	0.544254014741738
25786	8.23763690382265	0.326752847494076
8220	9.921443731622	0.24398660942256
100652736	7.90939270457392	0.208318526334609
6576	12.1636458123208	0.632644990407518
8218	8.90916003820656	0.432621331205429
7290	10.9502905338566	0.551248406357413
64976	10.718580732744	0.541685153999696
128977	9.89960030357253	0.310023999010025
7353	11.9611638094673	0.347882741711069
8318	10.5423574121748	0.608641284170572
7122	7.64479603585974	0.207206533012763
5413	7.49866738519855	0.16673415492631
100526833	7.68142000617239	0.244463752359483
6899	8.18943852203119	1.10443677476667
54584	9.10362819048208	0.585628984588793
79680	10.4545317011379	0.322973794247658
10587	10.5533327620179	0.550178780448651
1312	12.0051349906203	1.01225505864911
421	9.20048017648998	0.372810377913879
128989	10.0102794591586	0.604647584686339
54487	10.648283386938	0.389179789360796
27037	10.6169520379915	0.479756262149304
5902	13.3019552705186	0.59517180029657
29801	10.4413448161419	0.428213618756901
388849	7.63737346463026	0.192318621331284
284865	7.53713829143028	0.271430131566804
150197	7.76462595950165	0.313489151252999
65078	9.0213834361139	0.519275483011419
85359	10.8773106035167	0.509688723729409
101927859	7.552378441172	0.507873374102757
373856	7.8434252543477	0.996011928698982
7625	9.84882444678878	0.543785995575828
91179	8.00765516971477	0.292621663697479
84861	9.60989851548818	0.610443693068454
51586	11.7327335661177	0.832281935137473
84222	8.87053814870292	0.733646224004693
5297	11.9344547570761	0.342542798539812
3053	7.60923899471981	0.238549956180868
9342	11.4728447183948	0.393456405213304
1399	12.795548433602	0.3655299300775
101928891	8.17922438565181	0.272271382246412
150209	8.20092503722881	0.464311863256259
8216	10.5498341260645	0.477583689912007
80764	10.3902825527656	0.448013873751184
439931	8.49205032746102	0.3819075584879
113691	7.74506033005321	0.541593399256255
9127	8.12167891570276	0.73647166456381
6545	7.98616364422031	1.04722904624579
440799	7.61000473619833	0.40270144667222
400891	7.53079658121037	0.45199368089946
400892	7.66043323719443	0.199988169623725
642633	7.40681541196832	0.197294104558501
440804	7.59641733750533	0.171744272802989
23119	10.6237879765347	0.773849918042635
645426	7.99191016401535	0.395992390142914
375133	9.303641867238	0.270382192050438
7332	12.9869548299798	0.400052803216053
150223	11.0816324844092	0.584298735920715
164592	7.59583598591072	0.12392893518698
23753	11.1432919268312	1.05458276053173
406920	7.51821417556336	0.121622097055833
23759	10.6970684245315	0.180358556001434
29799	8.35058782604552	0.458923810170798
5594	12.7915722585678	0.387604108528067
9647	10.9090185077822	0.716268694399398
8940	9.84543508695433	0.456984876826194
96610	10.2388962925329	0.597119410134949
28822	7.39528328386025	0.141354653328547
25812	7.92970895428257	0.308748405123796
27156	7.58972329055196	0.240695505806804
2781	8.34238643411847	0.965467006216928
9609	8.13580816742644	0.451890214718134
613	12.3498777648655	0.698012534338667
26226	7.95739607250654	0.351845710115454
150244	7.47479785665327	0.217395487422432
101929374	7.38749641967646	0.144063608572185
101978785	7.46277394334197	0.279780728038902
51233	7.54898672983666	0.133029030336663
91316	8.75772078256133	0.324242819095604
266747	8.28876537477604	0.221937805356919
7621	8.61719606275432	0.314821887239722
29802	7.57809144328924	0.16708322983085
653689	8.10065562731801	0.57381670504026
100037417	7.40611971489271	0.140711867676168
23523	11.3804444969586	0.473921289659664
56241	8.40340788130332	0.799912673109864
2687	7.55713762904076	0.362946028378509
29774	7.61855774294521	0.288169418332052
23384	10.3023112348624	0.314426427034703
135	7.52396225165599	0.145431935371254
646023	7.57082880965377	0.108218741941664
51733	7.54692418698614	0.142537768578037
83606	11.6769212689147	0.383740085033209
6634	12.705624012488	0.520815684631457
2678	8.71987813782524	1.16481550576452
388886	7.98512000447577	0.369101304405374
646074	7.70385512351588	0.180090979201879
440822	7.50341422970729	0.175331166865266
129049	8.89750868494539	1.62074308482965
85379	11.856211752951	0.742936065687887
100128531	7.95942209492948	0.557578580060776
1417	7.68836024237288	0.259239748337174
1415	7.51664458643765	0.134723113993681
100652901	7.66494061321579	0.0889923491223173
91355	8.56413671366973	0.359303962527967
1416	9.30569361943275	0.518833906892134
157	9.84145548127363	0.757819307063787
57168	8.31680518008926	0.505419353385314
89781	10.721316465403	0.500976844332773
402055	9.7514221941535	0.314030874039739
24144	10.9006596463132	0.374546198938016
8459	9.2596450282963	0.29157607127982
440823	8.03076376645286	0.977468158415435
102724827	7.9573760758106	0.218311159769017
4330	8.53616913830417	0.647817366294768
23760	12.2834594029042	0.421378471195296
284900	9.14866151203448	0.328563888873877
23331	8.9245451391148	1.2047834527342
11200	10.0793850660141	0.487857201167145
150274	9.89932987427857	0.41121534450451
150275	11.0855292852706	0.633167274021446
7494	12.4004658926107	0.961078890716856
84133	9.59448303543527	0.334755482842395
100874123	7.53623973271035	0.343652009165483
83999	9.41715459539131	0.979122389678608
129080	7.66756298549181	0.335870384258094
25807	10.3612517463156	0.362703557909574
2130	13.5024259437673	0.436650087787958
10634	10.2769598506626	0.608523234239514
10633	7.67008371342179	0.189315729705639
162	12.1745675704927	0.421663103872958
4744	7.53435145116975	0.273404627422375
8563	10.8847137550478	0.340615398700754
8508	11.9067944386643	0.601618949944436
4771	11.4509008963188	0.516840564939109
164633	7.88560603427478	0.736686837644211
55954	9.33170013903023	0.233445684650005
29796	11.6403269737976	0.562276598688436
84164	11.1575580567878	0.440616900871178
8897	11.2252799094591	0.574775356213166
150280	7.55930972030196	0.106021814406635
3976	10.8249288169939	0.749239688542422
652968	8.63555138357854	0.388662999306164
83874	9.89473816638563	0.619597460353144
10291	12.3189547485856	0.152320847847928
550631	8.02231634367785	0.126941768753602
85371	8.02237084135173	0.206644793250581
200312	9.10326471106907	0.304602861112448
23541	9.45664884845465	0.915401961635124
51537	9.89211985310117	0.50427239493379
284904	7.72645898998955	0.598256027176756
9514	7.93763901877969	0.660586747561932
23481	12.0856160162334	0.367589538343283
6948	9.04684039766354	1.17834159478363
339665	8.91933818637052	0.724159295775058
150290	8.87443834101898	0.338353049191764
23762	9.62399637881518	0.875672017773118
150291	7.52484858918906	0.131201095895535
22880	11.2969292299907	0.331669773363175
55000	12.5643281781303	0.463164606635792
6525	10.7486858822173	0.572142623286205
140606	9.10084165822332	0.757714429062325
27124	8.27813863149118	0.504250797296414
50487	7.59008211987249	0.489495359626621
91445	10.8729073721995	0.473202109135151
3985	10.1575215308284	0.97066208800495
113791	8.76745089227979	0.614176203807281
23598	10.6788363835212	0.312952240037436
54944	9.03342859431586	0.453208793206418
4733	11.4374940756473	0.185059964096597
56478	10.0772837652559	0.23211768097856
9814	9.53963316823369	0.360391134567638
23761	10.7054247668452	0.586187740739493
253143	11.5899365030412	0.256463354014344
9681	9.80337827064296	0.299127081546902
25775	7.71611777764408	0.142980862430168
7533	11.1760557017001	0.622806819303802
6523	7.51806174142077	0.171346636919021
10739	7.61325350958317	0.210559581196635
339666	7.57851047825021	0.128956631850177
51493	11.7367049402639	0.257467338167194
25793	11.5491791737792	0.339053446159154
8224	7.7237144937629	0.68268777471723
7078	9.85248145245557	2.75441788835721
9215	8.6730238332813	0.750616774419848
10042	10.674531167601	0.547192406257134
10043	10.2002051144483	0.41299408648156
3162	10.4905414368372	1.08554733076379
4174	11.7788712711578	0.784289175907631
23551	8.24158153529325	0.744113637875067
4151	8.94099543102505	1.06845331116212
80830	11.4768542949657	1.64735102329639
23543	10.4324645749734	0.500948937622856
80833	8.68100433898967	1.15335716783558
80832	7.4844391296092	0.357758556076091
23780	10.5967965343771	0.751891994935931
8542	10.1957194658556	1.85336298638608
4627	15.3252893879502	0.711141226702942
25828	11.3847184535856	0.307136188335832
80020	10.8847963932161	0.728956782581442
8664	12.7103174822149	0.478917461422408
11020	9.98912598445112	0.61319412459407
4689	7.46728037312046	0.167498778932705
7263	10.0545750819644	0.833182291631178
4357	10.8740393130831	0.48372411674793
79734	9.44572709164528	0.495528765355806
164656	7.55322057552413	0.146990841168473
3560	7.57601254977992	0.165210298870508
114904	10.6429322387841	1.40847005763316
5880	9.49536212647411	1.61554620440403
27128	7.64987977856794	0.174048780415552
114794	9.65267103151967	1.64797013758667
100506271	7.55555928072124	0.299611929369412
4242	7.97276374471917	0.463598474974339
29775	11.0145972800956	0.898951019834204
11135	10.6494645193382	1.46388579994703
3957	7.5725227486322	0.199519233668583
26088	10.5516737394174	0.381242023790676
23616	9.86830633743743	1.04085880158114
57026	9.83497068964398	0.434633371331856
3956	12.0726786290538	2.19881481148639
79159	9.81142678761021	0.407424531084801
11078	11.7682841959132	1.26167527426549
102724378	8.05690232087071	0.267767601500418
3005	14.7489419562391	1.03515912793465
23464	9.36062686124285	0.458752450891597
8484	7.50615352451993	0.135752493024813
129138	10.0942019148462	0.345031976147938
51386	12.9986412497294	0.455469102076579
85377	11.4853861188299	0.862687950620298
84645	9.55469876914645	0.647005133727999
5435	11.0992451134272	0.356921737461035
9463	10.1745900545076	0.402379520658634
23539	7.77406425155074	0.302509574051789
80115	8.18616096582239	0.656946143448383
8398	8.77064122944534	0.235149007232312
23764	10.6944157563098	1.01739588450152
25829	11.7823493818099	0.873977670989814
1454	9.73030134775086	0.316815139971826
3761	7.8851947348377	1.09730321134215
11015	9.85736919193813	1.23747561207882
10521	13.267384693363	0.392083934584552
11144	7.98677309774129	0.395948236747263
646851	7.96935059185079	0.215010188375835
25776	10.134035020202	0.364725103079677
56993	12.1252354810938	0.518839363540895
9929	11.9683256034419	0.637035419701493
9567	10.9942882695068	0.629388423682209
25777	12.3521613772223	0.866704556691975
10126	9.70069780556844	0.486873085182221
23467	9.91261908543478	1.06424850413424
23466	13.0835032274618	0.623928190562031
200315	7.45018327766533	0.196179128937889
9582	10.2202080171253	1.56490347106104
27350	9.73812601749055	1.3418177376309
140564	8.0270973345525	0.52716916820435
200316	9.13699908476183	0.745253460279097
60489	8.19811998542536	0.600443864490947
164668	7.50574403121822	0.184965946055951
23492	10.0197567860585	0.618629441213839
5155	10.0778711127844	0.883623333311925
6122	15.2515308397502	0.448261287243575
116938	7.70190060947522	0.107332398341568
116937	7.67033944932471	0.211162185765408
116936	7.77828400202424	0.128656176050022
26807	7.80794815383662	0.193716692605068
9145	9.29526854671123	1.37127412513451
10454	10.3557543056992	0.423706413564874
100506472	7.79058180187293	0.187931663634242
4248	9.20517481243446	2.00432874849638
104502417	7.56125688103231	0.329232877359863
54471	11.6149602431891	0.375446424331255
468	13.8353399846691	0.964769945854149
91582	11.3319962673178	0.546646580664778
8911	7.76208611056437	0.490012716241893
150350	7.52842263854579	0.530092229174511
9402	7.43284288868146	0.22067265870413
113828	8.8303872815127	1.27699518984873
100130899	8.36343775006069	1.01670055415544
23112	11.2629193689172	0.334537091111084
158	11.5355111211078	0.386145857730009
27352	10.9105343294215	0.432295581662613
57591	10.8362992476124	0.529436550752039
2847	7.48339859678195	0.230622874606697
10478	10.537561251765	0.287120241802674
6767	13.7403723491723	0.372547442761803
63929	10.1649566828584	0.364723014970681
9978	11.4898036909292	0.535003474998757
100302237	7.78375850041141	0.134873414890337
2033	12.2977931984938	0.630166829441423
101927279	8.10955197471738	0.161548424600658
83746	10.5636789633207	0.351537169327308
150356	7.77395263452501	0.157524589338581
5905	13.1373472640336	0.429256117007613
23264	12.3697650332832	0.402728208859159
7008	10.2527969573901	0.586049241113377
10766	12.1296361881392	0.451796332887632
84844	10.7584374321753	0.489210174277856
50	11.7018037654243	0.368947470850227
171568	11.1610181016476	0.299786132724942
27254	7.52532554637083	0.217272680023587
5372	9.70586067303082	0.247756220814464
27351	11.279931248229	0.457660726957141
2547	14.3693734263702	0.436792195063234
4809	12.0238995707203	0.635457192844928
79640	10.3216992022253	0.351986585682872
79879	10.053247184101	0.47182663768026
6721	13.3623611871778	0.64673054458735
440829	7.5415235176566	0.208964318414599
115650	7.59188885011108	0.15401469228307
79019	10.1829217116615	0.533974074035641
339674	7.93224987661332	0.199733185185619
55964	8.76322799334458	0.94328522058642
164684	7.71388588232294	0.227073610740462
4668	10.8918804051151	0.48990640297999
150368	7.88371095385658	0.47318123279153
1565	7.61661220894684	0.180521673451752
6942	8.64660441570581	0.362159999876023
388906	8.28267375493822	0.212767361478815
102723775	8.18691024395573	0.807137990709539
150372	7.84192339069458	0.521214082726774
27341	11.4050162244524	0.877474846256507
253190	8.38946248189591	0.159090158814709
91695	8.90126733126936	0.324523070715728
84271	11.988946916331	0.380546393362723
1727	12.2441430082221	0.388721684080071
53947	9.86591385055704	1.30690246156785
26286	10.5566123889414	0.478813015944202
11252	11.8814334567453	0.651274846962715
25809	8.41818890203376	0.366485511369448
638	9.25943910746931	1.06214354159627
27349	10.0382271917491	0.3505512190886
706	11.9625311592221	0.639551601916132
23170	11.9511876016969	0.497404987249301
80274	7.50900074110851	0.170185792988501
758	7.42481515541761	0.168493844587345
64800	7.69692297377131	0.199939745071293
25830	7.90578852735428	0.910210741790088
105373057	7.44655661871602	0.213859928021967
80339	8.57927996283208	0.483635592623884
25813	11.2059169559036	0.370786963489123
29780	9.37561581115343	0.684290407463643
64098	8.1038011307811	0.51446598602688
85352	7.60161726648189	0.292920470603084
84247	10.9803729875635	0.638565050032953
55615	9.21513181585766	0.462015160056396
23779	7.61189812129064	0.240406923739566
112885	8.34663937085453	0.934081609260686
100506714	8.9868659497084	0.565314425701795
10762	12.3362817572881	0.489101853203536
23313	10.9968941217809	0.748642553966791
55007	9.77430412661804	0.423883794051637
27127	8.12407339666019	0.783312127948294
26150	8.21491416587053	0.521152183620303
2192	10.1911771849446	1.97679098954823
25814	12.1672739017833	0.418759240621703
7477	10.757003685037	1.90993445317681
730668	7.54597625296766	0.150033514352857
100271722	8.09703605959632	0.522288135829609
55267	7.78091691517072	0.104604809503174
150381	8.88207957661589	0.44707958923804
400931	8.12082897869636	0.276328499592996
5465	10.2300017715606	0.62712224442476
150383	8.92101457509202	0.242507426621863
10343	7.65678219289438	0.173642224020432
55020	9.8713617521874	0.298465632695603
150384	7.71534616467031	0.159550227098302
51512	11.3981393577099	0.473536280410822
55687	9.88115520205337	0.18120252648809
9620	11.2931465246491	1.29703025060781
23151	10.0767050772631	0.468772169757858
64781	11.2327869827463	0.760062641775357
25771	10.3921226367233	0.359432427168577
284930	7.50742079368107	0.226837571440025
25817	7.85206652757647	0.774597677091185
23774	10.8215057320196	0.389165940572453
105373090	7.66245883837634	0.12583174003617
9889	10.9087316061405	0.387595121382578
79087	10.515646732839	0.520199094522937
79174	11.336528184267	0.597432575455748
415116	11.4692530510369	0.735145731617492
400935	7.50063960154893	0.145745924159361
54456	7.49270231441769	0.127276209393137
56666	9.12799086519395	0.567875751837072
80305	11.0315937728883	0.631036521575022
83642	10.199714869546	0.401010031409097
85378	10.2499720626006	0.287991419239089
83933	9.96104148357764	0.346061158340566
6300	9.93355524945557	0.7624999164879
5600	9.69689490099061	0.838652555603464
23654	13.4244531303265	1.23721306231743
414918	8.57373084892578	0.462382421817345
9701	11.0616620539975	0.401639915646532
6305	12.4725539915583	0.672119775554424
79924	8.66283426069853	1.03885274791289
91289	11.1545256829899	0.455888835688448
29781	10.8513579088101	0.590916700901257
9997	7.78440418436819	0.110471112753577
1890	9.39032242369783	1.12822973634944
440836	8.50543033816876	0.520181509299885
113730	8.39079157964168	0.811792901132356
644186	7.60259257290421	0.139276074135735
1375	7.64705944790109	0.157325831650987
100144603	8.3448842943111	0.270432974435741
23542	10.1096124253882	1.59403506847639
105373099	7.56364114432827	0.182925957993241
410	9.88508558137708	0.541442249031959
85358	9.23497946565583	0.860026090617742
284942	9.42949786874478	0.269343836491294
11158	9.48011170066232	0.536894658735416
152330	7.4395139029159	0.164034112123583
51095	9.99123469591636	0.26615272496492
51185	9.62238068742877	0.274137554181207
57633	8.52532314442106	1.81935405047914
285362	10.4760089910654	0.507972265304312
6419	8.8782531819858	0.318725048253931
100996539	7.5031431684624	0.154634977030592
3708	9.09651719490948	0.534404873954844
100507582	7.75967891154845	0.127134443540664
8553	11.8115162049647	1.12769485372559
55207	11.3242781252044	0.52002412268597
9695	11.6300255455074	0.785006490772026
100873937	7.40553609067541	0.172917970625815
101927394	7.44924993735489	0.223706698824022
100288428	7.69803253001851	0.138253732119375
29995	9.10674145004685	0.94687766163458
29931	7.64092317826885	0.231440451811211
51066	7.85611175276644	0.624198948578834
5021	9.15262993961375	1.34384103728705
56852	10.2492561105539	0.350890796498222
9901	8.59920771021277	0.899617101882765
25917	10.8598349486819	0.212491307026073
440944	9.03477238369809	0.362780236416145
55209	12.0403886536586	0.456646888694438
375323	7.45149684317327	0.152552360462583
64419	10.6514944012295	0.313408321792799
7862	10.0285335491947	0.300476347806023
4968	9.49784384363639	0.366357873470499
8536	8.7471317468781	0.845924527974603
10474	11.0584265193481	0.400930201366961
10093	12.1835211837937	0.386151000987646
26140	7.84902211968996	0.153997683485479
285367	10.0036283565933	0.277154565997566
63924	7.48653663884514	0.175697433375041
84522	10.228989126326	0.349096863487338
132014	8.64261301336553	0.634892549897388
84818	9.5810074519557	0.513755825699599
78987	9.58956990000967	0.277706432248889
285368	8.21306995811538	0.247651084356847
100874032	8.04358622296906	0.303657652329168
55831	11.0795840460059	0.233953797259077
442075	8.87023358798517	0.29593241822797
152302	8.79073746121551	0.276057813858937
2177	10.829857984282	0.527374655806437
55845	12.2712754964002	0.373093485591693
7428	11.5830193053171	0.414998608943321
3656	9.64417746619198	0.846298971580571
9797	11.0861329606191	0.358600853611347
100126793	7.66749935565553	0.108746514476107
84657	7.58804086086695	0.088710398094404
6396	11.5580442709342	0.250514682280371
6538	7.57659052191879	0.61676068054938
3269	9.88941953021707	0.575967612729149
10533	10.1468664073434	0.458087565599916
9686	10.0392632568177	0.431193403513728
132001	8.47380855095501	0.227899323324461
6854	8.08812790874196	0.656386751319044
7079	7.68108358363242	0.595886123893214
5468	10.730365918831	1.6016530575539
80746	9.13756212864277	0.416602240168994
100129480	8.17735218538873	0.507026462190124
23609	10.4053937524046	0.370058826957258
5894	11.7264193916796	0.332756373956998
55287	8.64836296398922	1.19871315129989
23066	7.73895214088762	0.121580817565494
6161	14.1361900695079	0.427342446217873
9922	10.079829747243	0.98406814792949
23225	12.4060241858999	0.685709089293351
100874101	7.54394889909857	0.166672237423944
79885	9.26298429026695	0.586805282800198
2199	7.58710865477403	0.163173652600089
7476	8.52203957368698	1.44728712155378
348825	7.60413851531528	0.669331535266837
131474	9.66231416553432	0.177713753425207
79188	11.5783058507822	0.324071031584499
7508	10.3358602014256	0.353030080693625
27258	11.4505380833658	0.30507384734407
6533	11.9363479131274	0.835801947873027
80852	7.96461425049581	0.532656041239662
51244	9.71644482800024	0.269296382769716
84077	7.74720955475972	0.146606230506521
152273	7.52440787873605	0.113622246541967
100505641	11.7860060449666	0.365891371204563
7182	9.27188170820704	0.234446413367953
64432	10.2921523338485	0.18601746933477
64145	10.3251611442479	0.274956238023535
344875	7.61879781188623	0.190492592353817
23473	10.8620278614465	0.216683100168141
100505696	7.87689528589757	0.185310111374604
9467	9.00427226342131	0.468384550166185
131965	9.63045787080178	0.25862659758875
85403	10.9233338370041	0.387337934772209
8292	7.55137527997566	0.117843443945936
26061	9.71671716443559	0.361409694317635
686	9.65018328783105	0.496355899352261
23243	11.2999862052644	0.522753133799463
117248	7.53426275709197	0.181378765970864
285381	10.1949061958106	0.215700690682636
92106	9.66858348724737	0.306167000163139
23180	8.04819727598949	0.479333968056045
1618	7.43479557181883	0.190153502904692
23228	9.18690275223453	1.2054047273919
9779	11.1120963557904	0.427901222491323
339862	7.52643984172232	0.28086071134502
6304	9.84708842589909	1.43482978998125
101927777	7.62203448121277	0.435962231339792
131096	7.96375098720763	0.775796640908767
5868	10.401180723236	0.49037685659393
151649	7.68069403391691	0.102597614606884
8850	9.5556430155573	0.443057068636218
151648	9.86077118149399	0.452048077187757
79750	7.55163718771052	0.396140635449456
7325	9.7604497413095	0.778422197829294
100874092	7.63599013647237	0.104324808277589
7324	11.682145312095	0.400220929955886
28512	9.3749729564382	0.272636614233848
6138	14.7361563696977	0.429785731826407
9975	10.9202405561493	0.650335328456365
7068	10.094407268565	1.23826433460907
644990	7.55698874878869	0.139139065719538
5915	7.71490892582361	0.377227857767774
7155	12.2589206971602	0.409790475052091
55768	10.0325705521799	0.358105499120562
54995	9.00519809983556	0.590315102405005
152110	7.93948954374276	0.297262995704068
9497	11.0586735088496	1.10059373877735
8320	7.81525444616472	0.645752595606298
152100	10.0755469990175	0.257890288793721
64343	10.6212154399341	0.38541133771958
152098	7.71586161328547	0.116489776249856
100873979	7.47747006326432	0.196244630184056
27303	7.92715212964512	0.480130937103649
7048	11.347668000856	1.76164123648583
201595	13.1739032351471	0.453274599836743
114884	10.428639162138	1.08537068114243
344787	8.42832322498528	0.472994812323515
23171	10.1061216506836	0.79735546230514
152189	9.04294046222796	0.273557684643945
112616	9.90988552613105	0.94939966947128
54918	12.4060765761616	0.682510669258382
51143	11.1423696187493	0.20913892445779
25904	10.5514306844068	0.244943640062041
2720	11.270266527247	0.400621671548742
643853	8.64271083359696	0.19220374501128
10491	11.5769644125653	0.882857796767209
26032	7.87558082424567	0.825922423915798
25827	8.30439823757261	0.527818267950949
7342	11.9353995273636	0.335649459505495
23122	10.9805230442927	0.41173992266551
10015	12.5005858968615	0.304462340707006
10777	7.60389090646003	0.685124188412746
6769	7.61870807884738	0.653018317567009
9881	9.41250146248183	1.20661730766308
9852	9.08417806089957	0.211388221856248
4292	10.3474296493648	0.454246971487325
9209	10.7516419024558	0.360904849131918
2803	12.0147528074028	0.699277576383702
3680	7.70739341399564	0.220208766569033
101928153	7.76128669145799	0.155245830988489
10217	10.8852221257558	0.853416825371317
50853	9.33394665961136	1.8643215477047
5333	8.43829426645889	0.527094971549978
9940	7.57074266973193	0.117683551571212
30	10.802067311834	0.519261526720105
4615	10.8679563929324	1.00460896680178
9943	11.5656609071881	0.403478217691179
9942	9.05136528590836	0.256717520423577
100128640	7.7827165704306	0.201241508425187
93	9.64178693485638	0.391625766285432
9941	9.03529399810212	0.217540702172184
6331	8.04980436678568	0.682666219052743
57599	10.4081447998135	0.445813449333736
64689	10.5059887813545	0.218311687984052
199223	7.94751514743471	0.157137324247911
64651	9.69586927732466	0.633722911133135
54977	10.210535355449	0.150274248271358
3921	14.7533476582692	0.697975413592977
574040	7.83756256544443	0.135785886349625
6044	7.70122367583897	0.0773337253769306
25924	7.66316978491406	0.568365134179369
440952	7.65357510289897	0.139582170912774
10289	10.3374270734914	0.396905504306724
956	7.92236894364236	0.735962190188914
285266	8.14717773629753	0.13392249268973
9045	14.3178367134989	0.404174887026814
285267	8.42743518853706	0.477822280477344
253639	8.7772810406918	0.405268335329986
285268	10.3265390298148	0.354216521787395
1499	13.1143035569725	0.458776638502569
54986	8.49475032523184	0.472993888393523
22906	11.50401289562	0.715966586252676
885	7.9743355926644	0.835256438249611
7433	8.5635553123911	1.26074921870962
9117	10.6316171757816	0.288807622089587
51188	9.64035244006424	0.282326809780151
4820	10.8401133296363	0.240298974864654
92999	9.18132125890384	0.440746433785063
152206	7.65963586604106	0.149428800280431
25994	12.3145442995725	0.455685100850818
1238	7.74200835659658	0.238963662269027
389114	7.56328796771426	0.416401278267654
100506243	7.80987555529581	0.821588776176974
729085	7.51337540040166	0.312254355664837
84892	9.74367512002158	0.293074518768121
54861	9.36475942836534	0.306251660232374
55129	9.83355117662482	0.696079290070497
51099	10.4743267893374	0.407307873238136
285343	9.83547575798305	0.385211207082018
353274	10.0111897210592	0.382949440783181
285346	8.40137601499339	0.220755799607969
55888	7.85543994118386	0.518823123793155
285349	7.53750111177527	0.270543406682738
100874094	7.531147021836	0.097813724981958
10168	9.63057889186812	0.41752713571418
7584	8.95988644903241	0.225247649026526
91392	8.01314675649069	0.534780337426321
115560	7.95398667447983	0.418349936379479
57456	10.6585011180652	0.312479716278803
56992	10.4958638271294	0.487411801128454
131616	9.13044039837681	0.207660669653185
7047	7.59929535873103	0.177524704671112
51304	11.685311595749	0.718731762554366
23016	10.5041671809504	0.291714345782391
64866	11.9617722201626	0.71784636050536
25907	8.57187969611594	0.680641014939433
23395	10.653064197568	0.408564109870457
8994	10.2859825531011	0.401059720236776
22908	10.6114967290805	0.440375814873598
54716	8.11116021115831	1.08150029673778
54585	9.50679353252302	0.583855778736547
79443	10.7832293827747	0.483073116937958
10663	7.54516258218532	0.117839869298476
1230	7.80745669777559	0.889468209102348
102724297	7.65347232870439	0.298015474968289
9034	8.27115278620951	0.836752194216169
4057	7.64004620323607	0.705571834357821
79442	7.51715206118834	0.280808697833468
259173	9.77407781004511	1.56923939311431
259236	8.03331841016097	0.656101151883698
29122	7.43287475704725	0.126608550646479
151903	10.6098021221729	0.353415628822093
23218	11.0423769895748	0.511395550535443
29072	11.7074257205228	0.243989425346549
285352	8.07089470447618	0.0930038018357128
64147	8.86775423741067	0.412265599162101
23276	10.5876205390904	0.279947516717716
25930	11.4577309617054	0.226788677873641
22937	11.4155148846566	0.322188725885711
54859	9.99881280073693	0.23316906872225
10675	8.32471118608223	0.642310232330973
6599	12.7423585455664	0.445457833003933
22907	11.6252094009545	0.271207114530187
4134	12.9988963272252	0.610807166856801
993	10.7928394675137	0.591056647366423
51385	8.90085976308572	0.293170167963281
10201	10.0272541093079	0.286091846661958
5364	10.6540274573904	0.939041932575415
105377133	7.66881964133988	0.154674399926059
79714	10.0896387379297	0.262487321633184
51372	12.4126152732358	0.485571479310043
84126	9.27694777077762	0.207410112205265
11277	9.09700886809349	0.685933732555488
51246	12.4441370409575	0.854044229790459
5210	9.16511074576172	0.317338068504033
90226	7.44143704584501	0.16398313867211
1294	9.17950453875689	1.35873108033863
7384	12.5372397540053	0.315396590319987
65010	9.4538204175429	0.547703411156251
1951	10.2517381118181	1.07038141817239
102724368	7.67408583661703	0.079051699069117
51517	10.1535710593638	0.316313762758338
51447	10.9658645757329	0.50567173829525
5576	11.8605151170263	0.393195198157257
100506637	8.14039434111982	0.237923917786401
788	9.51166071416426	0.383439193868262
646450	7.91647079039993	0.177100844917799
10425	11.4834432794765	0.286371056829442
54681	9.92878561113054	0.677343883682444
11180	11.9432974837925	0.525933189373821
55152	9.48826396015902	0.202125334189444
25915	10.8261807863754	0.423848784681492
3615	12.8311057664626	0.390300020748405
54870	11.5067485167934	0.298478063771075
5859	11.7090161749371	0.747858329160673
10869	11.0601715579887	0.37412279138712
3913	11.4938170709054	1.00485662333506
22973	7.60668390037484	0.180331495138268
64925	9.47070958140058	0.341043766271856
200942	8.49274262388041	0.979337943744732
375341	8.66930523142212	0.234045950597939
7375	10.4694624225515	0.557504023919611
2876	12.5071536377133	0.472432570033398
387	13.9926622919578	0.348034760343577
6988	10.3729103902898	0.477474487259377
275	7.91725912459908	0.143465118148087
84276	8.57867229569701	0.349955428545917
1605	13.2695971493293	0.571087590216062
100132677	7.62277662286659	0.188752312461052
8927	8.87534328828494	0.882851779697464
327	11.9028196284033	0.357015749373125
4485	8.2354189716966	0.286393585761687
63891	10.7359909781208	0.245458648357473
386724	8.80368506331167	0.355592490598256
29925	10.2758983281145	0.463700138989677
9807	11.0748903958342	0.258964314271817
389118	7.50711405216021	0.138163053258371
389119	7.9878760360092	0.515046941757705
7318	8.6555872474218	0.93603104645961
10293	9.2430099740576	0.247218998409873
4486	10.9349895098377	1.47301125026741
84315	9.58854776673163	0.292414997983402
10180	11.1375709297237	0.354220149235447
10181	10.7574834107126	0.334512769598994
100775107	7.94702893346904	0.204345942564508
6405	9.47676916938576	1.0323529214994
2779	7.45415656680855	0.233206521506493
10991	7.95751301792546	1.23963176812482
2771	12.721900408549	0.726119341831303
7869	9.52967572475006	1.54464025265774
132228	7.51888940817032	0.166263909949244
7866	11.3125612696442	0.387709358340878
8372	8.72567801267311	0.284070190855253
24142	8.43282578788677	0.131822804385066
3373	7.97948088421259	0.362591592378278
8692	10.5805114349806	0.52677680072391
11334	10.969679403347	0.316020498098932
11186	9.76662387887788	0.398034878145994
102060282	7.63102354212783	0.197689375489887
51364	7.89037881525992	0.372681476387131
10641	9.3393663328817	0.252835066364084
11068	9.55292812965518	0.396753196716143
11070	10.187001322498	0.371440922791133
9254	7.92646040622079	0.332173219396333
51161	8.26771025880307	0.543487453077729
51409	8.96501961169702	0.25008195792743
1154	7.82636732075559	0.220225322933848
7867	10.6707203532654	0.869985544163242
1795	8.24792751539385	0.617072558933117
7873	11.9593374968019	0.621734695283381
29890	11.1670397242362	0.587429955505808
9730	11.1704947152904	0.30626974009061
23132	10.3002829709683	0.38433482471158
51368	10.452655445913	0.267276774137384
9136	10.5723853346398	0.343561189490009
10039	9.50272893362288	0.549220193526032
57060	10.1018885720007	0.530039432390952
84836	10.7142634087792	0.386106865973912
25864	8.72310046286542	0.273713734209651
95	8.25158881276167	0.21435878532715
6159	14.5533809924036	0.353546276750309
1849	10.0377671015708	0.609766018629528
25886	10.0433856134226	0.437779689058364
211	11.4784056579794	0.358194517859912
11344	10.7496587718687	0.520880370198639
132160	8.7511301986905	0.390884808697113
80335	12.3145245815121	0.28147224248717
132158	8.62455409660839	0.342377187753843
25981	8.30792635499345	0.312132642727008
8314	11.3875966016852	0.36685650377326
51533	8.5705243455134	0.479719215440551
56920	7.75976299170502	0.410046409065925
7134	8.44331162567427	0.771322489431366
11188	10.9355415365981	0.271914144856789
23166	7.61846627746526	0.12260994455708
64943	11.3746568206055	0.852239649565613
440957	9.88208677310851	0.503445528082621
55193	11.3451718961117	0.905484740084508
26354	11.7658923467737	0.526984189694574
55830	10.4248648681079	0.309512017396735
28972	11.6179170491723	0.343199608011225
6787	10.2124216022254	0.418609509297838
3700	7.69875392712018	0.151789390939561
375346	9.73164285952901	0.43958590848648
51460	10.8094622796772	0.403652998402905
105377135	8.12096908408055	0.27846822544435
91869	10.3362469334545	0.489513860036797
5580	10.2579501384512	0.831325679140749
7086	14.1456569672654	0.454942212725101
55802	10.7129529829941	0.327542535405282
776	8.43225940115438	1.13314029567379
55349	9.14075378670056	0.935790335182015
55540	8.83022863991568	0.644863263203867
93973	10.2479368438788	0.31849451840031
58515	10.6486800630489	0.5999688232327
7474	7.86817228415443	0.644153162061072
26059	7.58350220647249	0.430345237564751
285331	9.13213404641924	0.24686265788814
23272	11.9510678729313	0.191633580498517
50650	9.93916384254209	0.542733848352059
353324	7.73088789090627	0.22740529886014
54756	9.15459449098035	0.47455407272037
8820	7.8605839319612	0.114515237208527
26060	11.3121217918181	0.318752130598434
142686	7.746862872233	0.0854542309405536
201625	7.6621556493179	0.170504341589524
201626	10.777167817153	0.202558459811943
378	12.7356248144019	0.47059130249791
201627	10.2818786220591	0.636370808637215
7871	11.7870990928084	0.47434767121845
2317	15.11923861344	0.777204942213145
105377650	7.92049775420112	0.364702011975288
57406	9.12660541759044	0.598152826509622
11102	10.3835781352035	0.189632041088126
54899	9.1025202579657	0.360368284294859
5162	11.4001818799456	0.397192106166015
200845	9.04556128437617	0.318031235163311
8309	7.9114744925396	0.438702411878069
131177	7.57971310411603	0.349216774094107
200844	8.35903302358147	0.564723460423802
2272	8.08415678804827	0.410186492896329
5793	9.02266155514292	0.747430513837988
100506994	8.17462640564756	0.328184911397845
57415	9.72378863576627	1.05062028886429
8618	7.71970646504008	0.841574643534629
100874016	7.50901438296929	0.194936700553734
80145	10.7705853243681	0.28262416368117
6314	10.3304845239285	0.330553772068326
100507062	7.77028947279315	0.101471259649412
9861	11.5497409689979	0.206934208326527
166336	7.74496520684975	0.462513989225954
56999	8.14953207400349	0.865924946985266
9223	10.4944774116178	0.6289569266807
115286	9.62715653889318	0.26077689827262
26018	9.19132118117783	1.33407705178636
84541	8.37235125815257	0.482292870553872
8801	11.2758534662048	0.597694038684364
101927111	8.21360604527621	0.170408375854146
285203	9.85399883160377	0.435724858342815
7110	11.1704859777588	0.290639764125666
9039	11.1575571326844	0.330130608979742
10550	11.3986426492304	0.61479223536827
56203	7.55291582926189	0.336824951327771
23150	9.43407469432927	0.945727880028223
4286	9.29633159631486	0.995277594596908
27086	9.62405400926836	1.26350045720878
105377206	7.61145655943937	0.188306218825413
317649	8.23592772115179	0.934920999943213
2850	7.48911664491172	0.270664947896431
201617	7.42177561672546	0.203611320851988
23429	10.8864352437689	0.404023157727197
55164	9.78611921978356	0.224707897117303
727936	7.87179838020933	0.332374459552477
151987	11.0946184261109	0.247891952562356
55096	7.67381394533799	0.0800036615497485
23024	7.76985610397879	1.01634784528079
101927249	7.42817465305332	0.265151170930692
100846999	7.85135992009756	0.0961732628773547
692099	8.99237186617325	0.572767452998927
401074	7.61819725746485	0.522160027821983
100131827	8.57809589786599	0.279851896804333
6092	7.64375338446866	0.44611961096025
6091	9.73996309838599	1.88823023856688
2632	11.0841736487344	0.800745961573935
253559	8.25900317814731	0.944971958353969
389136	9.25846547816865	1.67754137594994
100846978	7.54367152791524	0.177897006410302
25978	11.5416993995297	0.739271059066083
8545	11.5656811788236	0.443858894886053
105377200	8.73293832132149	0.151603572660355
55279	9.49440140725886	0.246292510417635
285237	9.72961532815425	0.499722597979528
2042	7.76782229308708	0.562977793124439
5627	9.40123195683655	1.10424086276555
200894	9.92392125993566	0.394108770455311
415117	7.92813566491496	0.511044654995571
200895	9.52049918557431	0.220016159492054
63899	9.11903978532289	0.374886044205977
285220	7.68287953735463	0.390472359749686
84100	9.01803573602334	0.435492211797753
131544	10.3265838715726	0.49365075590324
84864	10.4354124296063	0.225785378394382
56650	10.9424305737838	0.388293855962184
1371	10.7582545965377	0.364559955890736
100874207	7.61069406388009	0.240888546602224
10402	8.62241935793667	0.923039984685206
131566	12.2509723483591	1.93711859697926
1295	7.56781694924154	0.328571875161796
101929357	7.55007352665708	0.216010366194599
84319	10.4331362161807	0.411578286257302
11259	8.60558684837487	1.26699110879486
55773	10.7448669139615	0.45191630800194
56954	10.7741549570546	0.341159067889315
9868	12.3385561777896	0.360411612023044
348801	8.07460604433436	0.240787365452207
55076	8.65294976375456	0.973956899291976
10342	12.3707833092114	0.329958865530747
25890	7.76310764623138	0.21634165792317
50939	7.51327607510789	0.117062469072911
57337	9.62458728397069	0.318917379275227
131909	7.55634217973944	0.220357199775182
54931	10.6663558615491	0.292713191962861
57092	12.8769395063028	0.387720331341478
27107	10.6190880342051	0.242035657983272
100009676	8.66333838698172	0.322005612728351
6152	14.2695420640613	0.303931074728971
105374013	7.93921629932364	0.204167815809952
285359	7.65707455410211	0.207287341294546
79598	10.2376758504879	0.666080502321158
91775	9.97744973681937	1.17871529488148
64332	10.0578894670823	0.871510945998353
152225	7.68980497336398	0.452298835956853
131368	7.65200389394265	0.401259376089525
214	11.420700451286	2.34144279154166
868	9.57944504221306	0.958091170263731
344595	8.16969012985627	0.262072903845037
56987	11.6162638654543	0.680210801002355
285205	7.44112523947298	0.155728619763621
961	11.411518001142	1.15942850642115
55081	10.1784032776057	0.857243383217556
22989	8.5328872193023	1.2285810423803
57650	11.2430768402042	0.414951395497747
9666	10.4220377178966	0.474623224572346
25945	10.29770340566	0.966618692344117
10225	7.50453018870598	0.141702758667316
79413	8.51555025861439	1.17751811665961
257068	8.38750544097937	0.452058060579089
100874115	7.59683018966265	0.153364071363787
90102	11.2012804120395	1.01412612813486
55347	10.9259020469561	0.366735456970209
344805	7.50402779280077	0.141296416026066
79669	9.80126791835994	0.689294384450083
257144	8.20989472559518	0.338566350320154
285335	7.53463660410968	0.166338758002267
64422	11.5281212653755	0.349193474093151
55032	10.6759247934524	0.485331050153459
100506621	7.9515711491301	0.686340815330027
151887	9.66778374213471	1.94987946226787
344807	7.46464282808746	0.176053912279427
131450	7.61353405615617	0.1561695922396
29083	10.059345323089	0.576475272004812
25871	10.8253177030549	0.426301491277234
91653	7.58387895070231	0.266346920807873
55779	8.53285964625548	0.420299170657223
152185	9.63909099727173	0.363802024457014
54847	7.95276763357993	0.620575207904159
205717	10.3071411635643	0.59200422691084
80218	13.8793363781641	0.315016208864102
523	12.1704912766495	0.423923047848203
54762	9.00266236305051	0.531264301071871
254887	9.59373812809806	0.493631314556337
57577	8.50018807791643	0.326554542332624
79691	10.9867399015631	0.34909437320199
26137	8.79875749677714	1.08027989714101
2596	7.57028980361726	0.277540534484536
4045	8.0776060985768	0.56512337395926
101926903	7.61451953543123	0.391844521501375
152404	7.88416150087433	0.965309614240772
7348	7.93523002189028	0.930633615893255
8702	10.8039511358285	1.01464508432497
57514	8.54539585376104	0.809276256522001
100874246	7.6487081841662	0.228582726439888
55254	10.9522398861772	0.377206160413095
56983	9.75225414231112	0.403186883904076
51300	11.6526619625571	0.251828761786463
141	8.42097569471731	0.65539601917014
64091	7.58446233245918	0.129692255907795
10063	10.9811575423155	0.554876699301791
89876	7.70729048533239	0.477549330268498
2932	12.2030893121934	0.387111953385733
165829	7.80301860911377	0.249912218424407
116064	11.5657149130742	0.496696168472892
11167	10.9307897592527	1.73687264681984
4710	12.4352379288692	0.409556119654324
3081	7.83228949274763	0.952742407172065
285282	10.308865765759	0.523625770334855
2960	10.3597876994033	0.376050054973095
9515	7.8584002927683	0.995049129559887
10721	10.3909229160813	0.523032991686351
3059	7.66004244237678	0.256618273235995
2804	12.3391678357795	0.52560170334746
9657	9.82767819925841	0.362725477208275
55840	8.63018234172486	0.293121463064932
6565	8.34025438994113	0.56203329907637
286676	8.58651040573647	0.887072144984297
942	7.49542016224583	0.148888446027048
1475	8.06662750930618	1.03772506435434
131076	10.3780803313048	0.326844712199973
26355	10.7001664041079	0.416547518423605
54554	9.22844834690804	0.251532587977632
102723582	7.81185517679772	0.140002166990318
3836	11.75921528788	0.464130922019337
83666	11.2044515340947	1.40644658386071
151636	11.668962369638	1.11441682366996
54625	12.0149329898425	1.42549052433881
79663	9.186937209986	0.390334922870946
84925	10.0193964305151	0.522436807157442
100129550	8.46749955479218	0.268636790839969
10954	10.5117346241145	0.498193148905026
102465667	7.59677601156713	0.115383782812981
26984	9.95560212469282	0.269246840729617
111	7.73135551311347	0.224696539360824
201562	10.9398162129917	0.382247362482857
100506826	7.94912840366629	0.131159729840977
4638	8.62075773798425	0.743621954340561
64770	10.2787077844108	0.525668355449693
8997	8.40808895797542	0.77023200353109
7372	11.0404527768438	0.244685870457828
3693	12.1397594134229	1.18137731120155
56667	9.1840839140413	2.32642961221941
57493	10.3994977560764	1.53902803297911
84561	9.04620707572509	0.813533481108047
7707	11.3433234655946	0.41174577684649
8723	10.8000635018993	0.283727300653336
114885	10.5471043904701	0.471787754941486
105374312	7.56806065930414	0.272470925347561
100125556	8.3752516964132	0.491830641164448
200810	8.05361408803363	0.460146158805009
152015	7.60697801144267	0.198279794997967
54946	10.6284438496679	0.466954770602605
10840	7.65279785403929	0.205778733742428
28999	7.93130594588589	0.399538802428498
79364	10.3643991160465	0.342397897230479
166012	7.60662292476838	0.389239157352562
114112	9.09475610255437	0.423406092960907
84303	9.67256889452398	0.423491023674702
105374091	7.64014539025909	0.0977032321837508
5361	11.8250929625419	0.863634929541063
131601	10.3370244951371	0.449291637164106
4171	12.4810139629025	0.520690819498118
50512	10.4288179833982	1.3250407601746
80325	9.05688336671612	0.623071046016977
11343	9.98077232048586	1.57896471174962
166348	7.75710831517043	0.763706419908813
29927	13.9074859853113	0.432064788177328
8607	11.7668608366264	0.490103374709293
60678	9.3851476292299	0.409719690394974
2624	10.4933343683356	1.05692410357446
101927167	9.82271506489616	0.42028516077068
90246	8.33094011393967	0.371438714441973
6184	13.9356984936374	0.270650681630901
7879	13.7579153519123	0.423551702400814
653712	7.83049600411011	0.121586052124689
28976	10.9733665365692	0.436551226649782
57501	8.22902297886407	0.743312950781849
79825	7.89446467192571	0.845686315318444
339122	9.16686732143457	0.481426932911011
57461	10.0892750835315	0.39498966462796
7555	13.6106422093007	0.440929186341615
22820	12.8550594143178	0.512555774848223
56941	11.6538826052313	0.554270293694566
8971	12.4361683533388	0.365722154413935
339942	7.8647095725055	0.237471153335849
132241	8.42254270384174	0.264502501761448
90288	7.59341573711263	0.129301713975951
8930	10.7475909559089	0.299450869575141
55764	9.80791495940602	0.611520712030912
23129	10.8572789693516	1.54906536827133
23023	10.8367346131667	0.567254979822013
100507032	8.28896131926109	0.448389567945346
644974	7.5907177247858	0.191467346580304
729375	8.17145366858533	0.384452292956593
30849	10.9387451510564	0.405317419586066
27032	12.3816654355024	0.370476281026962
28990	8.93843893894285	0.216152574715693
79858	8.90816852162234	0.629590222243777
339874	7.62544905050027	0.124121167172532
152195	8.98838014179447	0.775306987174899
131870	10.7342324161735	0.494363345352829
11222	12.4810492262271	0.279023162213649
131034	7.65018394718276	0.336413530676084
55	7.81009111939989	0.538667109792959
23317	12.1644163603075	0.337940271415914
100532724	7.66315580197105	0.179512879905718
84129	8.15996894283196	0.298560312656966
51554	7.64584114615529	0.108752208804737
79876	10.8906302079855	0.512200505799526
27031	8.47285554338838	0.408115601042449
66000	7.42020532346072	0.18913822419611
55573	13.2847567151412	0.713488573531901
11073	12.0074691753931	0.342647379905071
7018	7.65897457190773	0.127949361179614
58477	11.7958929516044	0.622839316060324
51560	9.06894143536691	1.12888832941424
6578	8.33249285957067	0.62878116607975
6259	11.3270181066079	0.481106697812836
51421	11.8818678928138	1.24043455819765
25847	11.0601983360495	0.538837480984005
80254	10.170240803311	0.410008430566317
339855	7.45944393026663	0.167799674077478
2047	8.02592174253821	1.24156452108784
5523	9.74328531449516	0.769390490230794
55167	10.7098343603569	0.367694096399647
5096	11.268688502144	0.359497355401168
10274	11.2555294938426	0.494025893609113
80723	10.1258943715789	0.900447789725709
101927597	8.65296606279111	0.169255686525212
4690	10.6948991878158	0.407772554594388
53833	8.22717342451312	0.450138326446544
51208	8.72630457314138	2.25108815835225
199221	8.03399122962263	0.469108900661285
51163	10.2715490465505	0.300742677040755
25852	10.8657084254067	0.26442936073739
347736	7.59964169708345	0.11279166132739
22808	8.83192037705598	1.11763993409664
83850	8.09237673713006	0.578670806069084
80321	10.624760900541	0.618590805766326
55179	9.80714827051427	0.295796913899898
5291	11.6946568274143	0.519521438452483
103344930	7.61164018714733	0.288737461872228
668	8.54793986710519	1.40131591438741
401089	8.01569135954585	0.714396973067293
56945	10.9530714511662	0.334599569774814
9276	13.0707131604065	0.36005619497724
100507291	8.08461112258554	0.237018008626607
5947	8.53834926948034	1.69917931344108
349565	7.8767349414475	0.48337559550679
64084	7.97807007645725	1.44234000983582
55186	11.2849981362319	0.38078646807463
92370	8.53088223888118	0.495181388045728
253461	11.4935835432014	0.421457416690507
5922	10.2047809761739	0.375102595733804
9616	11.2446078199576	0.309790887332035
483	12.4437418951234	0.386787075495047
7029	10.5541371824936	0.876433636554523
256356	10.6385987700784	0.398827895430478
54464	11.0227776216424	0.323818409302587
545	11.1626557791057	0.333567987959457
5357	11.7682391218468	1.09090180330016
7220	8.96451638011875	0.796251744420959
26577	8.48272070551818	0.717299745340899
344838	7.51230207458376	0.186657523530121
100289361	7.8615051197488	0.138308453445932
23350	12.6932831980688	0.478908596228865
9435	7.86012518198842	0.3028659876387
285195	7.70343593990886	0.289005587582379
205428	9.74311699367686	0.941859901282234
5352	10.4647903113774	1.85784353714126
57088	8.68099520928692	0.777898356678855
57047	7.65970546697597	0.260868865072455
5359	11.2842620852458	1.54116126366947
1360	7.42812115957269	0.146546810946887
2992	11.2969439455543	0.43308335833172
6596	11.5231272817294	0.667960396014513
84343	11.0718067599854	0.664205829619409
1356	8.37485455644297	0.980575759260427
116441	9.05577025258932	1.85979801900902
4071	12.9473100282473	1.45276866109793
100874091	8.02536854435755	0.345905158743577
7104	7.7791119391262	0.559851010048367
25937	12.0733294308256	0.986957311557173
100128025	7.77666685538958	0.128082530567798
51122	10.8833894778106	0.420042154272818
389161	7.43530151673659	0.161751022839752
11342	10.8433527151999	0.512277774068129
5217	12.7198754785582	0.918329500473156
646903	8.04786361835135	0.279891111955129
653659	8.46384707719852	0.110977792307114
101927992	7.51311275059739	0.198552851792666
9819	11.2501398439694	0.585568695354313
27230	13.0403769628903	0.710888305286254
83939	11.7221785066476	0.50797435953579
51714	12.2865091555227	0.233749889336046
131831	7.57642787453608	0.101740179545725
101928085	7.90890284304251	0.257302986827224
6478	10.8590273269318	0.530195151555618
116931	8.64394593083192	0.780453726072103
53836	9.26656219428688	1.57520637570778
285313	8.2112121885215	1.5041664181747
201651	8.00087098045146	0.80662009598629
13	7.76166373669528	0.517895926425225
56670	8.15348911108417	1.88995719380117
4154	12.4224955860157	0.518883054824708
401093	8.03041213246065	0.3332580766272
5028	7.96452311702877	0.680584501695652
5912	11.5472778168225	1.07077907944242
100507524	7.55298347310706	0.214000841775961
26084	7.5303625142821	0.233214788225242
170506	11.1319268440469	0.306798978390128
4311	8.36145683408287	0.99353851397272
23007	8.15136574599296	0.588417661528949
285315	8.75376182985838	0.186286966983161
9197	10.9521751008633	0.70060710087834
8833	12.2359978019282	0.384601111275034
7881	7.95367131535375	0.234264849691203
6747	13.2571871296334	0.645855204947003
100287227	7.90785162479979	0.117671217330514
25976	11.174741695622	1.05278008083442
730091	8.44349794931602	0.536057389460043
647033	8.672635832313	0.145086344565234
389170	7.99636972314411	0.245529903894644
339894	7.94609566640024	0.417336527537081
57018	11.0248149941013	0.26809614317675
79674	8.61441467912912	0.73675497389242
5806	8.29565035846327	0.695504940221901
152078	7.94421008220091	0.475428185877628
6474	8.80736522990235	1.44217218093921
51319	10.505705044824	0.376404691740571
100996447	8.8778139663504	0.294086997426572
4291	10.0767624938257	0.81164306452865
85476	11.6643433020496	0.259204369094273
56925	10.0450192008619	2.01822572836351
5918	9.06136725806964	1.87576514023539
64747	10.797609636681	1.369717386992
3592	7.8816961366575	0.378445681089734
401097	7.77193069413964	0.291770916650324
57560	10.411287349173	0.397772019339325
10051	13.5305326227556	0.476729234842638
286827	10.1760671194643	0.716100975335341
3840	12.2789117145172	0.452498400889037
80117	8.54364415403693	0.86688008396758
151742	9.72858027008629	0.821620534639228
8706	9.51257771233999	0.955570206842421
51068	11.461198088811	0.551764660958586
165679	8.49586097937479	1.14691106572774
101243545	9.07264878192512	0.184098759692615
22865	7.48553587305063	0.276079378842146
103695433	7.91717825060458	0.726487647115711
590	7.95872517691043	0.688328249397182
79740	7.43069041892688	0.20627334615715
11235	11.545157111249	0.511642741971917
5274	8.96753708589869	1.56903287338545
27333	11.3832290751065	0.58605480609114
2122	9.4848521474685	1.8929931845606
7012	7.9609261599364	0.292638723599509
84517	8.56559935495798	0.379970292950765
55892	10.1034502956101	0.331403408357744
151827	8.01346663340938	0.567626961760555
344657	7.63841980306534	0.367073900619199
79782	7.66818351721087	0.431260908986327
100128164	7.5346328021713	0.128377023210451
7095	12.9252909844669	0.288869637474035
26996	9.31220557527759	0.863839754417684
80012	11.2159408963061	0.377421360733059
5584	12.1840545966781	0.512840832819516
6498	10.9824576103899	1.1265825709646
5010	9.15120380236079	2.25757078791914
200916	10.271185435562	0.680244982285049
56648	10.0029195134869	0.73061954554893
23043	9.95336975451579	1.56182089634158
5337	9.63330304954554	0.872742466493109
64778	12.3989465382679	0.778480324757429
8743	9.43260698290498	1.1989047082239
57552	11.0291416701025	0.896006721095076
1894	12.7050875119542	0.492574398898213
22871	7.52403508758862	0.227493821169732
254827	8.29716585326994	0.582460282354712
79718	12.3016446690994	0.761405036579642
102724550	7.52647850033354	0.181475983109308
100874330	7.59610413543438	0.685793022271869
104797538	7.53175651506422	0.45786518409011
10242	7.56505716285615	0.558614106010768
64393	10.156901624448	0.689949931869676
5290	10.9616417451897	0.339141395071219
27094	8.52355368889668	0.26455450994977
51193	10.618297147255	0.333171130179038
55669	11.4699732715501	0.236560630789782
59345	8.83641227504869	1.29527197676748
86	12.2171468461522	0.337732655847521
57129	11.0416329984433	0.234663035275604
4711	11.7318258705311	0.273885349386172
8975	10.367177316508	0.494577831737087
51555	7.60710304865438	0.217032283734543
151613	10.2457936418334	0.358840017159329
339829	7.90462529185358	0.11555072081873
8087	12.656627619303	0.426889991333067
131118	10.6377028297704	0.240254207960503
347689	7.61624170518385	0.205865605352968
6657	9.13796466416473	1.97072033777962
401103	7.4178048732557	0.153197881096269
23200	11.9667592248898	0.43417556132181
54165	11.1322722960477	0.350823591724223
56922	10.7287122308828	0.433563389558814
27074	9.60643243628325	1.2970380126735
23101	8.11204032338449	0.239714204215849
84002	10.7948450102831	1.15933623610649
100505687	9.21974207267819	0.460934353534071
54800	10.1399868570593	0.751166783861868
55689	11.2703118980528	0.360735542748705
79929	8.48540841051281	0.384243537770876
55486	11.4570076039847	0.212289150844391
10057	11.0463406530175	0.744771385243753
170572	7.45004128965206	0.203868633153785
8893	11.3224834102665	0.36879413026299
1857	12.2180835831612	0.509848634122176
1173	13.8315442195638	0.308769530075745
55324	11.3788078532819	0.311620620097869
90113	8.11592258925057	0.959059373286623
10195	11.1179959837881	0.35624572481693
9718	9.5113894504101	0.347298943311477
94032	9.20334434347818	0.731567128480334
5708	14.0469336011332	0.41919682611566
1981	15.0642883160994	0.291543704400327
131408	9.31530887247629	0.778434206922884
1181	9.27187603707137	0.241655341436543
5437	11.3460260652211	0.33591723009288
7066	7.68932620416205	0.789694340691613
8646	7.85825232975994	0.747385969316586
2049	9.29313125737343	0.699733500336319
64110	11.1648686169619	0.535802744386282
23355	10.2711320491402	0.577451631693689
285382	7.5712595140389	0.369951920536023
1962	9.30860035847397	0.716186378068583
9175	10.5110826404102	0.42691487043421
90407	10.4473446173796	0.750095595970859
200879	10.6140664152142	1.42490477034394
59343	11.5317749191225	0.441223132807029
10644	11.8446107940684	0.547091750477361
6434	12.7685802942691	0.186326084218278
344887	8.11462834484606	0.538324404554176
2119	10.6364445093155	0.960655110255868
1608	8.27822325503443	1.16639413335147
1427	7.64206693927308	0.114423686812273
55171	9.82397297423253	0.288299184746065
51726	12.3845535185588	0.567748630191389
3273	7.55165097455078	0.224076565052134
1974	13.1642924445819	0.726506753978276
619567	7.58309488703297	0.136681185139165
677847	7.69454776296434	0.173320909793416
6043	7.69597048715221	0.114056374707324
619568	7.64037831596923	0.130752710354255
5984	10.799465636024	0.415920752472971
102724699	7.56246124858544	0.158869463687398
6480	8.93751852566323	1.57840520489225
116832	9.43245410605567	0.873735950294618
5648	7.4929681742942	0.188566788610654
64108	8.2514199325642	0.840497655829273
6750	7.53120309434468	0.498164768380933
604	10.1557006024456	0.857148698965923
339929	7.73319292696895	0.121807360654277
4026	11.7167462966859	0.537224334632233
285386	8.24281114769172	1.35597643218629
8626	8.90314438280166	2.28592496616665
55214	9.5160656558515	1.43176180257825
9076	10.6138622513577	2.33794978776425
10686	7.53592845105439	0.325747134795654
3556	9.92686320788936	1.19325680822333
152137	11.3062559288288	0.746808131893179
2257	7.81474424535006	0.651957040029025
151963	9.57808083879953	0.668918932561605
57110	7.73336298315721	0.474755048699517
84789	7.45981110092776	0.153556828360884
84239	7.46975617422041	0.160980208731738
4976	12.475909667812	0.413338491954869
3280	11.0412061272061	1.26012715454385
100505920	7.43145507785734	0.151333365449853
100131551	7.72822026343912	0.312702214797872
131578	7.56902976232045	0.242236600964238
79572	12.9414978473254	0.532303750052063
401106	8.18847796106493	0.399287641676753
100507297	8.66162685333768	0.407428305957075
93109	9.42907887718686	0.557356177328012
55341	11.3626810615229	0.318712572387644
131583	9.22151403562302	1.46705708132752
152002	10.0205648443791	0.567097834882401
101410543	7.68059589859194	0.417013482631986
23527	11.2624414629486	0.388189196406674
5504	10.9755864959804	0.380525138667707
347	7.77205522295119	0.581572780348678
200958	7.75517500085198	0.607319111486246
4585	8.04538120413345	0.74439187709868
101929697	7.61743150141398	0.313430085564583
10188	11.4652085081523	0.786054737519023
255812	9.3058217968545	0.394591696659434
7037	14.3133467003041	0.329970078280888
401109	7.46546093359012	0.168869956621588
131540	7.44431527569915	0.146826605692046
200931	7.87924408412393	0.1275775496468
5130	10.8667214981704	0.50187276752067
255758	9.00793940211952	0.321647938455499
100874214	7.76186671346219	0.235003996573169
26043	11.2276723122788	0.323418771274596
165918	10.628646649668	0.398685219510614
348793	9.57715335527026	0.257485956110178
200933	10.9367202143263	0.480086084554504
375387	8.18474282776324	1.12181682541561
84984	8.88336443511496	0.571803262933174
54965	10.6957813539156	0.68569187822269
5062	12.7550671392235	0.551235535004582
205564	10.8340435579799	0.359296293245735
22916	11.862311468757	0.514562789848321
152217	10.3133382528187	0.346582723899522
80235	8.43166239814279	0.40006565194256
4241	10.444427209612	1.74045595615161
100507057	8.22073457794152	0.507689196913887
1739	11.7211493694165	0.491293148123673
100507086	7.741052993451	0.230080583966978
622	7.5509760266633	0.113713790615708
220729	9.04615587323454	0.305588668391115
9711	10.6711562402245	0.423340119492826
84248	11.5345374062378	0.57736533091072
84859	10.2942891681255	0.412740671817879
84223	8.8080441062098	0.400304616377636
6165	14.8046328616899	0.280114214507534
89782	9.81723808943448	0.768545684174886
728262	7.59079451010599	0.135732683186913
152687	8.89644311696333	0.629715602596214
255403	8.93644986962752	0.708950909223665
642280	7.76546339329277	0.25039594231011
7700	8.30624039968305	0.573715725795243
79963	8.70905878805175	0.278096630376662
170960	10.0890606879327	0.392255970438588
54872	10.8480811067214	0.273892242543576
5158	7.6860372885095	0.490347368793609
521	12.2604573224054	0.362358036343186
4636	8.40604318139287	0.248821411037715
84179	8.35312384419476	0.403207444138684
10336	11.2692422828422	0.43753889280423
100129917	8.30241788711101	0.416602595578879
10815	9.73227476592031	1.13614016326453
2580	11.7411940558128	0.40920903995361
84286	9.34429148863745	0.412775957620513
1609	9.90230895655466	0.513898718997308
10861	8.74068004727784	0.472622563588235
3425	9.02213828426085	0.377843041229869
53834	10.7457763977854	0.845884032247525
10417	8.21007979625984	1.69676448567726
100130872	7.60227996704564	0.323829920817457
285463	7.76150101665404	0.144673863269484
1487	12.1091868285986	0.549308974090966
92070	9.88187974574973	0.442021696127896
10296	11.3121483080552	0.367302948684502
101928621	7.80671070116994	0.151939079879629
57654	9.69409391167831	0.399195341306846
285464	8.87012695143857	0.289381868106068
152877	8.27043813807808	0.30086343999271
7884	11.6718613024285	0.326161598818643
92305	10.8717198742044	0.432075371335583
10460	12.3525251434368	0.451454816111716
2261	8.89226849233837	1.31666151133985
3954	11.6719968116828	0.34660364120245
7468	13.0968552193628	0.486919205550625
677770	7.60940422236227	0.0941092752787455
7469	10.8214956264624	0.389126151523374
401115	10.4039282066585	0.42114548637379
339983	9.07166020798362	1.17171158764132
353497	8.0773907387354	0.462754360311652
79441	9.47816440317433	0.26867058380524
10608	10.7250940190715	0.819896429570126
57732	8.79176970145843	0.529865272949213
6047	11.8898195792934	0.394931976102009
8603	10.5474346600844	0.184825545975265
79155	10.8980450587535	0.523374669212853
6452	10.5480023030587	0.60149394906951
118	12.802669443314	0.307495632926453
10227	11.447736028155	0.552024171054921
317648	9.0871378877937	0.52362926080201
8602	11.5983034782731	0.330373999022365
2868	8.12239103426367	0.200620502009631
3064	11.9796035234056	0.530445956179422
345222	7.62934433179131	0.0755012965839782
6002	9.83215657694075	1.00420139580813
3083	7.56225333413651	0.211793290037073
285489	9.06158482309579	1.26147235037783
4043	11.8658136823199	0.314392061554359
152	9.13209938578846	1.54121544737263
348926	8.66579766463029	0.330932005205938
85013	9.57220654773785	0.493710646217984
55646	11.0459496485191	0.544807167462554
166793	8.60091814637889	0.144655794447122
27065	7.84326101845985	0.381631616671505
53407	10.5608177583023	0.449184954795039
100507266	8.02152599478971	0.202218372597216
4487	8.61618029697541	0.509561666824185
55351	8.39785139891085	1.20332192917404
10141	7.44286119645799	0.220069063126274
132884	7.5022171849191	0.395283235027515
2121	8.0854352320108	1.06252049209265
1400	8.17819950546391	1.36380389925147
389197	7.54878095281734	0.493912877432637
152789	7.60617917542408	0.691959907465049
7466	10.924542386184	0.65190691303114
5522	9.75660532382152	1.41027858328604
23324	10.7210419059432	0.314026699525814
93621	13.6939957132654	0.342132487199548
93622	9.83198691987053	0.514524834673122
6286	10.8178360200376	3.11572260275165
114932	11.1017371228882	0.398550549829419
55330	10.0907173347414	0.465448019615717
9778	11.1965849090962	0.405785545704366
57533	10.6800239451836	0.352086327058196
100129931	7.5453689655303	0.0795007939789568
257236	8.36601778559804	0.334084428757657
93624	10.9145649701485	0.366822300557158
80273	11.3740355848253	0.306608604830724
730971	7.55437229345615	0.179760785606188
57537	8.51656554497675	1.03539291793518
768239	7.97160107481582	1.00345031449665
84740	10.2606282295075	2.16626676469796
60312	11.6079886992596	1.2281252398408
84448	8.4230197151082	0.791778935006794
54436	8.98076440640833	1.10978806498127
94031	7.87867019066246	0.340908981143711
8310	9.65448723916631	0.308082705577014
152992	9.33220663643116	0.185769565204427
27201	7.51538076706973	0.26285416157818
8532	8.41887182203786	0.827522392791029
101928948	7.53362036689541	0.226413686505077
56606	8.02511706938952	0.537932895260183
9948	13.6010087325947	0.355160829620336
85460	7.80744927228085	1.08832654424736
116449	7.5964696841307	0.65467588017687
9957	10.2411378224464	1.59259713962634
9364	9.70280765017877	0.301199648949058
579	7.96389319652284	0.233336572650761
285548	7.5491713612441	0.224022531434892
259282	11.4350105958291	0.462975249031485
201853	7.47521853702361	0.203898714303661
132864	9.30006276737924	0.556788359305471
57545	8.81133858185085	0.621607686418478
26234	10.6151421639629	0.35538449463659
285550	9.72113716588503	0.397796244788906
683	7.79723638731928	0.213619705709702
9982	10.1065621725764	2.20961844254025
8842	8.62798829875691	1.31186992933371
202018	10.2461855366392	0.349411986850625
202020	8.31598949857626	0.274344152666079
5860	10.1765728692302	0.626232712939545
51056	11.9339175100908	0.665539042946658
80306	10.7928451149123	0.556405709953462
27146	8.05238504194505	0.227311377795069
54876	10.5657365631313	0.554894570757236
64151	11.4114300085526	0.621772512261397
254251	9.83344284217486	0.336814543054054
9353	8.11117247273331	0.989824029931095
133015	9.21215313248461	0.401858460624021
80333	8.12929381913897	0.250435018476069
100505912	7.54691728219106	0.117049741346989
166647	10.8213854468152	0.614393955793766
57733	7.42006921005456	0.165030590155729
10891	8.33794457568346	1.12539844377564
1665	12.9244221129966	0.375457297409464
6649	8.02503674587601	0.88690337391956
91050	9.10347345034659	0.640645117835663
55203	7.75302292256569	0.872746092699
51091	9.30388536978141	0.510981110839932
285540	8.04872082359372	0.210951783556509
55300	10.6500923577219	0.321874305906914
29063	9.57340920790012	0.488728441362366
29945	10.0730304796056	0.197339382386026
10568	7.51889508927032	0.292657906110233
23231	10.8376073760926	2.08474238785048
389203	9.89157488028807	0.360758709651814
3516	11.1422428011333	0.589733880378673
55296	8.34327753521006	0.226344201210949
57620	10.4483137807056	0.375213172522941
5099	10.1545624977773	2.43715269335818
116984	9.99920581233	1.35875462715781
57495	7.59884166509259	0.221013640610233
55286	9.36448023815979	1.55037700398218
768211	9.35692750371865	0.557901777603769
55276	10.7915598268853	0.712860813818699
23216	11.0759722416155	0.878894040541138
79667	7.81672700965246	0.131691462890091
51274	11.7396431543607	0.844507550606299
81793	7.4630712925239	0.149908046428274
7096	7.97532970306043	0.337443664420537
10333	9.21642253598872	0.853378652138708
92689	10.7118415477181	0.581929742047006
80008	8.61487714322831	0.954628454433152
51088	11.6423559479489	0.858949543155041
57728	9.20335549239329	0.501436535218335
5981	11.7796354083626	0.491986576656173
152831	7.58462516917225	0.123667146839055
6133	13.5074495930792	0.596515590576796
11019	9.40653778334106	0.367955528305755
7358	12.4307521049812	0.940931205658696
100885776	8.31235284618766	0.238699212734777
201895	10.9828480457505	0.832133534336109
3093	12.2900481371129	0.637874512806413
23244	12.8239942230602	0.414081932221711
55728	10.118755400483	0.563480931529358
399	7.54217841739538	0.294724763809728
54502	11.8440041169162	1.08407649945723
79730	8.60182669696886	1.02022490573159
323	10.3507473694104	0.58701649837831
7345	7.8981569425401	0.613765972150051
22998	9.53780019331112	1.66270150814898
55161	11.8450658689749	0.494348758960826
285429	7.68462268888529	0.175849064800655
10463	11.5819157988575	0.431133798357513
152573	7.52108974098538	0.170513818225481
10396	8.35126662409129	0.675794364004704
100506827	7.59869782449863	0.361091539061261
386617	7.54110959307195	0.428671025604441
60558	10.5520171706619	0.342427430969459
132789	9.93868300332156	0.338872349877422
2555	7.74898109656806	0.979813392816069
2560	7.44575952172328	0.157510718223494
54951	10.1583165799765	0.388224841268519
57205	10.1097789356697	0.57931249213791
10699	7.70378678909978	0.314767657311004
152518	10.0741527237853	0.548780478608801
101927157	7.55825050556757	0.152020361441751
1259	8.36872698847256	1.09313309857371
152519	10.0493411535247	1.5904013519116
7294	8.36882796042751	0.68174545029461
7006	8.7268808358116	0.532604448402926
57606	11.4819521487627	0.355579276247799
201780	7.55357288801675	0.369918547738788
285527	11.6660568029896	0.470687684155338
54940	12.319545027683	0.475578328845932
132299	11.6940707440755	1.45205837493017
23142	10.8188127558008	0.297726472239147
339977	7.59759695662861	0.171515622606153
6443	9.91384282905527	0.986543839744019
132671	7.57226340478563	0.294237674374592
64854	10.242207054058	0.454666118831638
643783	8.11168911694851	0.171654046910328
57291	10.7424474550003	0.845135334917485
677810	7.6282998741536	0.136201713028673
100288413	8.54036315330709	1.1392822368419
65997	7.81067162762139	0.369643948097349
152579	9.58523564023725	0.374833140015433
81608	11.2316646815312	0.379611363085481
84708	8.35238336882688	0.890622575023256
100873955	7.58145753612396	0.261436252522063
26511	9.75119718764911	0.594062389439027
3815	7.46138077022767	0.149975742343308
3791	7.63821189615087	0.265929689785034
79644	10.1033069802704	0.794246161307165
55858	11.6207423255798	0.604777744663081
9575	11.591490253894	0.611457849162191
10874	9.37131929907779	2.0755844407031
55763	10.7157126592215	0.608942195866256
9662	9.55636003725761	0.393582257117057
57482	9.49489415638207	1.03864023161637
132949	9.37216843361052	0.29550781039313
5471	11.1465459625681	0.333102761430133
10606	13.2125650243351	0.573255135870725
6731	12.7885844618652	0.41082271886032
132946	7.77185521037744	0.372526502553662
84525	7.82127955873085	0.603416176589657
5978	10.2913584002568	0.909334449836097
84273	10.320022807242	0.351651651448247
5431	12.5291119357192	0.317999000331817
3490	7.64411183508879	0.400077939643964
23284	7.99809289540321	0.880969543279695
2044	7.48182087775337	0.232393207083703
100144602	7.42563339804928	0.177815062844102
1060	9.72186046453028	0.316855096442875
55236	11.8093962358963	0.36159262832725
550112	9.19318833931253	0.358185034383176
2798	7.58491227190094	0.138551768630019
91746	8.76493003663155	0.630140331651387
7364	7.45968818121667	0.204086569941344
7363	7.46368815483757	0.334048367750821
6783	7.48595256119734	0.39482955259657
1447	7.39361423990063	0.16086497558354
3347	7.7155209614782	0.998021222588146
3346	7.51138326836516	0.465287555651468
54959	7.47640379775223	0.268016074473297
401138	7.48644702089401	0.388544946157593
10117	7.49806453551984	0.267668927665531
57050	10.988413575942	0.215013614446893
22902	10.0899160550951	0.332250849182621
2926	12.1379422561454	0.371424323272711
92597	10.6635751628301	0.477784238616467
1633	10.5567490727014	0.372857415841547
8671	7.84913815460647	0.507189292863261
2638	7.38421556412881	0.135695925184691
10886	7.53095052733309	0.201620240709245
9508	7.56761190940573	0.338273425132244
285521	9.73397821654908	0.30209752790229
26057	12.5838420596645	0.277501765196809
166824	9.00152187521057	1.34503937929235
3576	10.1453434904536	2.16005777673309
6372	7.77094387760752	0.385589317078734
2919	9.63913531216098	1.37423957875673
5196	7.47991513851573	0.228305454377726
5473	7.53009436048157	0.399976096698018
6374	9.04750563013562	1.75351455336864
2921	8.75740300239464	0.906484616529772
2920	9.05311165409483	0.896105384744643
441024	9.0750854012428	0.424659970918675
255324	8.04525995476586	1.54060641096657
2069	11.1467727337707	2.67956900471699
374	11.2467307287623	1.59566203691327
685	8.88452874719665	0.747140317749381
25849	9.30010815540402	1.89364024733531
25898	10.0705046501051	0.382631576509709
152815	9.33914930879305	0.237464913616847
152816	7.71216322018503	0.723406795852823
8999	8.0975660123255	0.599610859414149
9908	12.8172092899368	0.514827492406276
8615	12.3252154433526	0.357003270656069
27163	9.79234246834176	0.680999497614679
55153	11.1144443840146	0.371138005840899
3627	7.64593266434923	0.336087528779986
6373	7.67095515270143	0.284543219337023
53371	10.742743892085	0.40470960328106
950	12.5959168082138	0.471166960517473
100129583	7.64119620156642	0.103320147289855
8987	8.55124983365882	0.221561318349051
57619	11.4425925266179	1.13855819358908
345079	8.83682508988861	0.786624460299937
55752	12.5500399413607	0.650507591912332
10983	13.1246534154189	0.411352832796916
901	10.7576662140727	0.751779261732494
246175	10.4189118522994	0.223540044274744
65008	10.2192191002327	0.486851525023787
80144	9.74439031785534	1.58867977508969
306	10.6711583276588	2.21514988307655
100505702	7.58944017283477	0.356938112079413
55589	10.344454053684	0.367391679762675
152559	9.89015145947237	0.544019740651607
100505875	7.58994987102203	0.239424433099033
118429	11.1740858080286	1.40526691036535
56978	9.70830472975581	1.3721363306667
2250	7.62363086363695	0.285105225357911
255119	7.59914602728482	0.496873787466669
651	7.52426350054751	0.254398849979106
5593	8.14225757650785	0.576723276098126
101928942	7.51721811233717	0.214478518584401
153020	8.13758876482955	0.970675449025937
3184	13.721548062004	0.558733325690281
9987	13.0614064919703	0.398091652137048
58478	11.2970248245825	0.574462534356449
441027	7.64970575900164	0.288389641178909
79966	9.10327857471947	1.06297396804002
22872	12.2209003986228	0.385980299190791
100499177	9.68814218166369	0.388145948155952
79725	8.5866013243817	0.190761429525988
132660	10.4465231422638	0.493850580922336
51138	10.6007983237689	0.394891416475008
51316	10.3411125980088	1.48276885527955
27235	10.3174117247892	0.440248291119796
10855	9.41705524083197	0.656553633901715
113510	9.23651725292295	0.134448915580845
51023	10.2885101406601	0.27996806310555
84142	9.26637069648431	0.552173789251801
84803	10.7833990372624	0.999517070039965
4825	7.97022604684126	0.425374281721255
1040	10.6811314787305	1.39758240038216
23001	11.3659494278409	0.329329926359464
404201	8.10070595136152	0.236949255629684
83478	8.37412686608103	1.08768339285491
5602	7.66049627540981	0.21154264378654
5783	9.68425690009749	1.49499830409447
132989	8.04438692318585	0.386886399265655
100506746	8.20835950370945	0.13612158174243
4299	11.1047589154825	0.414389611833339
57563	10.0144629277174	0.398261883921028
51170	11.224982219566	0.500608749214016
53343	10.5985055742939	0.277560712865712
8404	7.62354172863323	0.282539732759539
6696	8.3032585112764	0.963960308432253
5311	9.97378867414434	0.951831324728841
9429	9.21716593015036	1.36238871733968
152926	9.42811677506794	0.582550952471975
55008	10.3444026418583	1.79532048611996
51191	10.1057278739778	1.55120721070877
8916	9.51497727785141	0.89217083814139
266812	8.59131283643159	0.794447295156005
10144	10.1353561977508	0.759794292065395
166815	9.30966320748494	0.661022701966787
285513	8.33195661073388	1.32780799953273
6622	8.23724402181931	0.977918543406849
401145	8.34822936336354	0.805011756209806
56916	10.9974333498982	0.385351849004175
10611	11.6521064319839	1.02406955259196
658	8.46184610101259	0.734801361459857
8633	7.78166403363904	0.597197549458569
5910	10.7470445173218	0.368299389428629
10098	9.46633859992613	1.53018274668144
1977	11.5737005825967	0.46334861455083
23173	11.5048728021167	0.53098443323838
128	11.6512116874282	0.826372599009387
100507053	7.64426708383623	0.0989329967421297
126	8.28192655279848	1.56304649093465
93587	9.08467052554864	0.470509087152496
27071	8.53966025996096	1.2776896608906
8649	10.0660554553079	0.3688709633052
79982	11.0410612585163	0.383650626131404
3015	14.0414246746048	0.585850273454136
256880	7.55000837772413	0.103342081567278
115265	7.9040764192348	1.01607150523105
51705	7.56741401643063	0.595530378451669
5530	12.1347033832326	1.24954827330073
90024	8.69812939651641	0.609844397705959
55024	8.5946445605616	0.707352026090393
64116	10.6680750203146	1.26457303256751
105377621	7.99207313637932	0.204093333062117
4790	11.3993148740422	0.404173020574098
4126	10.6027285687184	0.629269487338625
7323	13.4220612405454	0.407206269326636
493856	11.0135081590363	0.417505190365503
150159	7.68424976624398	0.113763764470192
133308	9.79557451780264	0.83463299990911
56898	8.92094482888681	0.719745038232635
1062	11.4480273688755	0.477795742562242
80319	8.23931154990569	0.770003072137851
54790	10.4407944783518	0.450731974958967
27068	11.1332065737512	0.389382770200851
54848	7.89486201969764	0.652589214868695
57117	9.8795479982112	0.285083798329396
79807	10.2327423780326	0.550016332961219
255743	7.96779055935919	0.638339179779722
93627	9.44350686476887	0.287128823969093
9255	11.2858463294563	0.329695602927652
27123	7.46147704140839	0.183393354233464
9061	10.9539093092624	0.592021327856927
166929	10.4657736229665	0.983542476643456
113612	8.58910690037187	0.732136651998573
3033	10.57126391325	0.655480847985293
51176	7.65339207296009	0.265952742779337
285456	7.62700351938979	0.12295910388309
6164	13.5045077554081	0.461108249941614
58505	11.6736408542198	0.473792964888309
64850	7.45702171118206	0.181357054565737
100533182	7.77762602452647	0.113742389706218
10427	10.5161984596148	0.526461521034523
55013	10.130102285063	0.381132868182022
839	10.0995496983883	0.453371875894995
81579	10.0918330866061	0.444181500292027
3426	8.20693745989675	1.03348771224063
54433	11.0438688779113	0.44376810928069
1950	7.76330991021938	0.293465973909777
79071	10.3667233021523	1.19388046408275
2028	7.68770439434635	0.368736579108238
5308	7.75666497915668	0.572204602539238
105377368	7.47387958195365	0.220285910487157
132720	9.75578185702258	1.0649857424746
55435	10.9751180680857	0.742504133832551
92610	9.65099639707974	0.598938249828468
80216	9.23548624140749	1.09838677056346
63973	7.5138861192569	0.207088318287561
55345	9.47171090722851	0.557060652663322
51574	10.9815424282702	0.529440420100931
287	8.70588219802477	1.10926506469857
817	10.7789210192306	0.859854120130345
79642	10.0575737445214	1.33765875952072
7368	9.45961784332774	1.24381465912306
64579	7.64416533102135	0.676673565261333
133022	7.92701154589217	0.388514726299182
9348	7.49577504179219	0.161019135451689
100093630	10.6526711732458	0.656817897627364
677809	7.54831472550507	0.12972620153584
8492	9.33084062415024	1.61041629817958
729218	8.93087415485422	0.575524595252792
57721	10.0444174720083	0.332359040167383
9871	11.2172997674305	0.838697214079688
171024	7.82263841017743	0.238132281383297
54532	10.2735413629034	0.754486620067882
401152	11.25117458111	0.382524463187828
401149	8.43150715548173	0.226202222381331
645513	8.46660990618899	0.178075864213067
8654	9.41399277339257	1.51673589015162
4085	11.2710781323074	0.392455510317191
11107	8.57382738204624	0.558786303665618
79625	7.5395717427995	0.27845956202986
308	12.8124783658174	0.626197107480831
5393	10.0804196364674	0.388382097598835
890	11.8349649414739	0.64049738109543
55212	9.71331111635388	0.27267756069844
84162	11.2690365832896	0.467418644307163
166379	8.54079955312965	0.383057493675013
729338	7.78006610149834	0.167776122473796
2247	8.74137953863729	1.32880235697396
11162	8.3953970497748	0.334153953657845
166378	9.78020196040786	0.49008167664987
10252	9.58139172453444	0.934280185543146
285419	7.70069397968483	0.543199441325778
101927087	7.53534197790522	0.37871755821351
57182	11.7436712508183	1.16246458032499
79633	8.92046494830733	1.02029311675074
27152	8.33085766124382	0.362027182343123
22824	10.479187203224	0.455132339333936
10733	10.5305608352362	0.50334291445454
256471	9.92237021346968	0.28575766868537
80167	9.38399167801495	0.301781303307884
55132	10.5447997705696	0.652601094489347
10424	11.5330241774041	0.518745580724528
100507487	7.72864087725415	0.104955428774935
79960	10.461148398479	0.457017639600953
132320	9.8158963635145	0.414943026802956
132321	9.39332200672128	0.443800057499442
101927282	7.40700333253147	0.178638667283487
54510	7.8976972969837	1.04151955161108
641364	7.6422075017952	0.256911530377043
23657	11.6208407909598	1.45907393237241
25819	9.72724801203729	0.895190604099912
1998	10.128113219892	0.436633168912445
84709	7.5772935344377	0.180748798523269
4717	10.8681800923725	0.308172433030278
80155	11.9881350533523	0.464092476919394
83452	9.37521096251892	0.293864170100635
80854	11.6294999901544	0.704354896804116
4258	10.1778450895315	0.845673288720816
55534	9.00219675880024	1.04136754668055
60592	11.0367937501308	0.736583049434002
100129858	7.69302251357493	0.171240775951804
1047	8.93383112843955	0.948717617047527
255520	10.3283162875069	0.437830238880529
23158	10.3247034748658	0.805225722425056
57484	7.64738679731248	0.332930020362694
27309	10.2437824268698	0.384262360537178
100507639	9.02378144990659	1.05037989376165
3600	8.37780214851865	0.426793887500955
8821	10.7907105104446	1.1447322097856
105377623	7.56676996120741	0.0834055050042009
84640	10.2086015989385	0.511984447557014
2549	9.45361939618064	0.682756105964028
8467	12.6192645511201	0.37396085903462
441046	8.170191701844	0.506061407901034
10393	9.33861883776975	0.238206741252518
6059	12.5136134264591	0.427325230569394
54726	11.8104097703358	0.332524973573416
4086	10.1196638296866	0.451992721553213
166785	9.09438900731676	0.445180330596479
152485	10.0716679400693	0.781248150304513
11157	10.0151373969999	0.471917268641902
84068	9.42538474973656	0.514145877605779
1909	7.5246325372336	0.256850508633417
55751	10.513463197516	0.330202707158813
90826	9.23128458320124	0.157974320220271
79658	9.69123864182163	0.568059870400183
4306	8.26646495653703	0.704257774392514
166614	7.92155595013976	0.780111378695698
987	12.0832860895633	0.431004309722492
6189	14.904840160456	0.44906529256686
152503	10.9894801645825	0.704993734067038
729830	9.55921171039432	1.05677147319178
5188	9.72535969736464	0.382292903213024
100996286	7.44581279258614	0.159154638009711
55294	10.1580796056146	0.433685748412663
54553	8.32065526971554	0.371568561855879
201799	9.31397305687371	1.227987628929
201798	7.84449275997097	0.158614115198101
27236	10.7649357668462	0.49353605904664
85462	9.03087520203966	0.941404301607936
23321	10.4630600381695	1.23812972103831
303	7.58380707635665	0.104958597333171
84057	9.15170692104874	0.386946471229223
23240	9.50007322706959	0.847711072492865
7097	7.93510851408281	0.747625620143683
54798	7.49449613384604	0.267868829175655
5356	11.2160655736355	0.401749782674322
2244	7.55372848001552	0.45001277993197
2243	7.3958386849865	0.147725433771854
9227	7.94734069391938	0.545281150439872
79884	9.12264018250535	1.49003608470294
2982	8.34434897342175	1.06498416510765
2983	8.27764162708136	0.778364793276761
56034	10.4371166029061	1.19357346312826
2743	8.84253013215717	0.849381964751633
51313	9.16704144297776	1.15906668713037
55314	9.91731508815139	0.529943783690812
201725	9.88203787006351	0.602325040485918
2110	10.5269302199036	0.420570287238758
5481	11.0371310681018	0.462334308183283
57600	10.5012953630325	0.685709413248666
9693	11.0976005285756	0.706856412960595
56884	8.14686172280641	1.40573917633577
92345	10.4084315431265	0.429826440706799
4886	7.55431469442241	0.223401850700443
55319	10.1072558456135	0.746893445443111
55016	7.91706871061315	0.190579418390135
23520	8.80495157172408	0.227187262208811
100505989	7.4944779749316	0.235640891720565
152756	7.48685117835751	0.262740470330655
201931	10.6615178495916	0.788187430506575
11275	10.259249827151	0.829429226741483
6307	12.3693973811406	1.36790079620194
1363	9.57230011533592	2.5974890800702
101928131	7.47117755514254	0.353247735676136
7092	7.50837192156056	0.185624311283435
50859	8.15232871398828	0.922176328260927
11199	8.87186100924854	2.142398151465
55601	11.2700121612839	2.29304247592399
91351	11.0288985209396	1.41460885649503
23022	11.0219977169797	1.4678769005199
84869	10.014075258361	0.331632646130003
57630	10.8068122081308	1.29841802364684
4750	9.88539888893514	0.549422359775379
1182	12.0249042008322	0.540693998999283
54969	10.0024205834785	0.628030974423329
9848	8.55609265341692	0.870559477298229
51166	8.6367035739046	0.529604187126306
101928223	7.55276326461545	0.384101957938856
51809	12.3394844188193	1.13046737207436
3148	12.5307429563568	0.917627155622895
8819	9.45247798086625	0.302621839642457
26269	9.70491615001406	0.708648464006247
80817	9.73488676319844	0.534314828466588
3248	9.66346349437785	2.21209348534529
8001	7.79119247317392	0.839875999307219
11086	7.4273394661948	0.134761239865408
2823	7.92229015833431	0.303911144974225
116966	8.85555200837323	0.722566186180054
140458	7.53985219567953	0.413489469995551
60559	13.0797590842444	0.689136385228321
7424	8.73277613305689	1.349469073708
55247	9.82752083854828	0.796843081692173
175	9.72272773844768	0.599754529008208
285500	7.77616709077728	0.409225269607514
90768	7.68079611382316	0.497169080273914
55714	8.53319756926896	1.35242046116753
1635	11.9017882086634	0.634070114037637
152641	7.8282206611177	0.234283344537493
80014	11.3684800249169	0.836704652054694
101928734	7.42183162628653	0.217081781002703
55602	10.210719806785	0.354759703519921
389247	7.92479458382278	0.213425446182061
3622	9.63190983041957	0.375499210606823
201965	10.1821783563198	0.424067771727794
60684	10.883332119889	0.443929206455339
56977	8.77977112624737	0.638123276300157
728175	7.55109672685833	0.106736626716201
3660	10.3700553433835	0.563801643417691
836	10.9752807705534	0.381715544161067
201973	9.51317150141576	0.386548317837307
79682	10.8737819689777	0.936846583710458
2180	11.2755848634758	0.736108927584303
291	10.2467820354508	0.51033927361928
57587	11.1816906749823	0.769153352616223
83891	9.67012829546201	0.605495359003647
55805	8.01210432683342	0.261544267266581
353322	8.01884743585068	0.284074039843089
55325	9.85934194031497	0.257057534634632
441054	7.7028866726469	0.100817094765606
256309	8.01435623513462	0.504505471052663
27295	7.8789940704872	0.604942243480821
8470	9.43541644809042	1.00754825829712
7098	8.97105349032552	1.11469486521481
105377594	7.60288285958167	0.297948474544662
25854	7.85774748071023	0.39996679129525
651430	7.54622583333186	0.145654239610192
285440	8.76832930816681	0.548127400270254
285441	7.41352614878287	0.216492132479011
4543	7.58752933119892	0.164907070620416
2195	13.1789838052508	1.00132716796809
339975	7.48495478054323	0.410909601898348
205860	7.75983243286277	0.505832694078762
2483	7.97537099516749	0.609480221242907
105374752	7.47686102138851	0.169993892389872
153478	9.12136692448715	1.24484514562377
389257	7.60760566979157	0.357189399051423
133957	10.4065043829302	0.283616401232548
6389	13.1886834998237	0.551711266838112
102467073	7.66434092558261	0.146183360926759
10016	11.8333863498721	0.493492627879784
57491	8.79556017569634	0.72129869736078
116349	8.82785905428721	0.342567168737491
11336	11.5811625163244	0.474077106880593
6550	9.25102480217707	0.367530265322334
100288152	8.53209687269369	0.491631611721755
55722	9.71473591043644	0.598596009250492
11076	8.74160856199458	0.585525451454374
101929895	9.0791191912727	0.27934043546533
653082	7.92575970663858	0.382711431279112
79844	8.72177476360816	0.524162811789749
65980	11.0585698451847	0.433785095599264
9319	11.6875542670536	0.671405149097981
85409	7.56203824355055	0.263301120435334
10723	10.1514702394826	0.709850034086584
101928793	7.59442938706316	0.153740038734954
7015	8.19001429655543	0.549548825352701
81037	11.3814844220099	0.535345117209721
79888	9.1386200501193	0.438723780757465
728609	8.39199027211248	0.310699192346134
728613	8.96287602734034	0.382746507354249
64979	10.8746076185425	0.332054992739293
4726	12.8786002334479	0.348636943142118
50805	7.4681261818783	0.190426867835667
170690	8.21069651008636	0.489995704223682
23379	11.9950969859154	0.434202150700254
84246	11.3715351313695	0.605709617869611
134111	7.64717529805668	0.60473018177206
255167	7.56004667774708	0.363644032485887
54888	13.2355820661439	0.621501810501793
6715	10.7787540834274	0.620666875582859
11044	11.0963574354012	0.48765914403938
108	7.60338667687086	0.653529722391621
134121	7.49226850346474	0.16336345758835
4552	11.1507137682462	0.296175166544426
79072	9.63134699464904	0.3418707807178
100505738	9.09781762617347	0.518675942529143
9037	8.09882636255151	1.44306429221718
100505806	7.7482959583004	1.02129943834503
134145	10.148391600205	0.617591932560434
22948	14.6710233447644	0.512823424344517
134147	10.7626380257409	1.26385140531423
10299	12.9643448160949	0.382715812215687
83853	7.71178203405027	0.229236964524768
651746	9.34482559076177	1.16747669758749
1611	12.7714007912214	0.639739663024431
1767	9.14954923819921	0.668695905430356
7204	12.8360231185786	0.538011467616522
54491	9.1340285939109	1.13325973319599
90268	11.094955598308	0.551668593876157
56172	10.2679574725379	1.06616682923613
100130744	8.55988983212374	0.324157665059843
90441	11.3687962593645	0.627426078447616
54463	8.82070143672865	1.56857723142755
101929524	7.55850200051193	0.25981821647582
4651	12.5060999008882	1.12060628091483
285696	7.44431398538964	0.218274230185996
10409	9.78119172900317	2.34581763081741
1016	7.9571127456994	1.09739215868877
728411	9.0617953585855	0.298451588888919
100506217	7.51915966017306	0.131379022373708
1010	8.03072586859629	1.13226288504423
1008	7.63776882710166	0.337160718672916
105374693	7.45837880386037	0.172075827998543
643401	7.50193301320207	0.234279542542068
105374700	7.55840530532911	0.547147423862003
1004	8.70408141749354	1.81669058761063
29102	12.1396133832325	0.441469006683153
55322	11.2268720833552	0.464802484675731
23037	8.39447449495193	1.16492577398297
64083	12.694480860344	0.545741507996713
54545	11.3989975511596	0.419194548001014
51663	12.3237644768664	0.34432356623474
10923	12.6536572596889	0.608312675547413
4883	7.7609769313644	0.234421589031223
6897	13.5648249609838	0.65881608716464
81792	8.01351748186726	1.10249287760456
23600	8.92067932988867	0.49037539091424
114899	7.71251774994975	0.260861607804389
26064	11.0456900223147	1.23569712886717
153657	7.72606436977913	0.107737343337418
5810	10.9738532502252	0.648521265078713
55299	11.7935437602874	0.590568779259417
134218	11.7954048832871	0.460715517285367
5618	7.75529131063867	0.631614374962709
79925	7.91966609135377	0.755139918739004
3575	8.50106980435736	1.14621825867684
133690	7.46036491650021	0.240359187807112
92255	10.6768194526381	0.586069390435325
6502	11.4866797928635	0.600407420869606
133686	10.8174589816491	0.736053856694371
202151	7.61024825002336	0.250185391231551
6507	9.36504000108711	2.27586267913308
646719	9.49575469801585	0.596407716908997
25836	12.4428174610415	0.542656107028495
65250	10.6185826851185	0.665937447743922
9631	11.7437606067218	0.441869234757259
55100	10.5718281500411	0.418235206914709
133584	7.60558709576454	0.488737469109091
3977	10.4514748258137	1.93961911172602
100506495	7.83743970319778	0.419062391953116
101929768	7.88750461237606	0.244614444358403
9180	11.8497367055124	1.74623021216233
253260	11.3803916720112	0.571540882874353
2533	8.53596261152589	1.65334510240964
735	7.41565401873632	0.202132076382116
1601	8.69105694527413	0.967923516617237
5734	9.78715830076117	1.09648789488695
23548	9.99732507862242	0.426622853334208
5562	12.1748143243841	0.645379585015426
100506548	10.1902034077891	0.623155307157166
6167	15.6509848441963	0.599215248370082
84674	9.42189418174125	1.48740411883167
730	7.49107985210716	0.235224328974466
345557	8.64947062849239	1.40044079103628
5019	10.7808127857547	0.80059622495749
285636	11.147395459493	0.323458145974001
26272	9.04170203267214	0.604243371266657
2690	7.61524579133784	0.23591601268893
100129792	7.79331039307465	0.605456361154582
6414	8.16381672768211	0.750652866367695
643977	9.36435339540049	1.14216647548838
648987	9.21013268895863	0.597222830949842
389289	8.19848816392716	0.234413897329874
153684	8.50508466093898	0.244122765352652
100132356	8.16856573137189	0.221269134895048
100506639	8.27157459154577	0.12311229837686
7690	11.1513267501865	0.316468462760632
167359	7.77236993993343	0.17154325129904
3157	13.0608867359598	1.25174901331461
56477	8.99865486958772	0.729547861397396
64417	9.89811215330197	0.498169713488976
375444	9.67220929388529	0.373817430522714
10605	12.4905762538904	0.402248535972235
100652772	9.4591790976092	1.24695570369325
23530	11.2654879885296	2.08081632294081
100506674	8.4578605393366	1.06312191349789
10884	11.4440104060613	0.606940540681846
348980	7.95900794920057	1.07286585681868
133418	10.6248786467377	1.5382865113778
79668	9.96104183086922	1.01878014968685
642366	7.71764787831582	0.33076942808659
3670	8.28583587510523	0.690274977849645
53918	10.4801905290601	0.42589496557034
3672	8.87584944466497	0.951325741598339
3673	11.88149905388	1.90440472471682
4338	10.6564510890722	0.292054708071955
257396	8.52064856593723	0.327081206956929
10468	9.1973004546265	1.90312154860205
4724	10.7813632498407	0.303919115705831
54622	9.05637930135258	0.512443198884298
112574	9.95222779094716	0.477959235541034
493869	10.0264297421974	1.36930283373698
345643	8.28564458547092	0.353295985630033
10309	8.82583356207602	0.553156831115382
54505	11.2221857087733	0.35478746927919
23517	11.9415931147745	0.412762007900472
8611	9.95283504604706	1.08704922048091
379013	7.5252080227117	0.134823135805782
153129	9.96686733415847	0.28770745157537
133396	7.75495450648832	0.397585532071352
3572	11.0788673382859	0.672370917670001
441072	7.65860532088585	0.110478284628436
101928419	7.46417838403639	0.177624061215945
102467147	7.50849121993528	0.182696852316493
4214	10.0373332232284	0.798625457258722
133383	8.83937966694495	0.53723562509112
166968	10.5454593174793	0.498013330951764
65056	11.7601074647864	0.31607024987751
101928505	7.90706040657163	0.484236499212381
101928539	7.56660443120236	0.312224300075224
101928569	7.59450516436558	0.498651128198068
10769	12.9973409497041	1.06366658159592
115827	8.01868043152912	1.16888917824607
5144	9.38715794069156	1.37820284663391
25859	7.51315224601619	0.233252204051043
55789	10.6371797432634	0.583220468999858
79993	9.45071906334731	1.1196630013477
1161	9.1562343021663	0.284906865047071
91942	10.5529956463053	0.477919466591492
643155	11.4917549117109	0.348390871751285
57688	9.76355438038038	0.329791836491582
3796	11.4368891843926	0.392643968301108
27292	10.877395746804	0.325391743632129
51194	9.95960873186417	0.400142980881783
100130733	7.60975349545533	0.103274084106121
285671	7.61309220206202	0.345820352920425
401190	7.42787582240714	0.214138757194907
285672	10.6628904841687	0.273899847806652
10283	10.7724334858073	0.308585108359696
11174	8.05555828194319	0.343748773032857
64105	10.4439317242715	0.460326508727312
23398	10.4460175743644	0.353941474834074
373	9.78737868979708	0.341853295648702
80006	10.3334968298789	0.255162161395965
54557	9.58401099457462	0.236757556542546
57486	11.4234947639954	0.57195402476142
55914	12.2783939645908	0.595462715352852
140890	11.5453424008689	0.196391065378404
101928741	7.78945928792525	0.464205461457574
375449	9.76755649598531	1.05076097704269
101928794	7.78221656696346	0.281195421019679
5295	10.0134263996425	0.706336402618096
101928885	7.49717947623123	0.154064040532561
64924	11.4069613062902	0.361394782487381
891	13.0349381535996	0.59950026049517
64946	10.3541304747187	0.62704309139706
92259	10.2755263858417	0.229102956348098
1022	8.00447394562096	0.130880552721297
202243	8.08482585920982	0.255731347935668
5884	8.58502255932007	0.538499129065411
153562	8.04237315850729	0.441243829141062
100506658	8.48202005253264	0.571541857872873
728340	7.8103798142614	0.32999547238918
100272216	7.39297608226653	0.132665504166223
653188	7.53369739398312	0.213883894377896
6607	7.7067405202771	0.333043843715208
11039	7.59116664544733	0.114234815505881
653238	7.91940829094036	0.603773566806862
11042	7.70478270830302	0.223184600715263
8293	7.48271876498662	0.183607692275747
6606	7.61826862927895	0.398608262145641
2966	7.8776777641585	0.513696067583865
100049076	7.79021451752953	0.191694119979562
64087	12.034919100255	0.432128880977862
4131	10.4023592109127	2.01066866330721
23107	11.6720956030897	0.546584029092033
79810	9.32721386709974	0.472560401255508
3842	13.3584256706981	0.374197052470167
115548	10.5180733745141	0.301628860846394
134285	8.07008304668484	0.294929344611609
2297	9.623801230355	1.02908176956596
689	13.9387090181568	0.404174956150414
57763	9.41578274224861	0.367202679981617
84135	10.2690358048397	0.34381722547676
64283	10.3007538692665	1.27349090749706
8507	11.4714225341885	1.02881834757053
3074	12.3693234403084	0.766196402256552
84340	10.9126121035438	0.423710159647907
10412	11.509019908556	0.406389561335632
26049	10.1704864280686	0.592577410926354
51301	8.18507937777589	0.454720413936509
104326191	7.69106538336116	0.236537755678977
256006	7.81321451363686	0.24814341171691
3156	12.5715953725505	0.663054292373148
10087	11.0975808518268	0.357358106260748
51426	10.2538735292663	0.261018777014367
728780	7.60899885892804	0.160289907393285
134359	9.40072338577337	0.261970337102345
22987	7.48101433443393	0.218047403380313
10788	8.74740876485281	1.55747948721035
2151	7.9178550186192	0.728398965590368
2149	9.71879024269812	1.65616878247529
2150	11.0932972894302	0.909579881291316
170591	7.43700571160694	0.192444231507982
55109	10.9368819432324	0.458423153369185
84327	8.70491407733769	0.519280811241619
728723	7.94122620414517	0.283008549336799
8622	8.32841164129418	0.68406551900047
55255	10.4798418356621	0.580620477725831
6902	12.4457381799429	0.469421495487281
105379045	8.06704183295374	0.216110234460986
8546	11.7380780105706	0.364008600549872
728769	8.77259947454523	0.352063011671004
9522	10.6768657009241	0.824046787485436
10184	10.733995687463	0.637525936569355
411	9.88935226003371	0.432945652226477
635	7.47232942871672	0.142595491817592
133746	10.1269697685112	0.624025612562703
9456	9.3282526552498	0.323390468313245
105379046	8.21583205819425	0.144126578700559
167153	10.7334619555366	0.289676643297965
202333	7.93206128711404	0.130595769844707
345778	10.2313266029632	0.449313248602605
7060	7.89132404977279	0.39298367066083
256987	11.2900817028899	1.78639779535793
441089	7.85601563005455	0.0939748395153395
9765	11.2120747233728	0.606530843526105
167555	8.26906930111567	0.351922458810573
340120	7.66985354902909	0.33326374901081
1719	11.6345903913675	0.629407507593192
100462981	7.90183668215156	0.187157572800258
4437	10.0684175781859	0.424366168663121
5924	8.32934692712151	0.867678071689545
1160	7.72268713324104	0.0858484990194786
100131067	8.78015729219076	0.375975712315885
84240	10.2767123745319	0.452137768438177
134526	7.41243417921608	0.212734706137104
23635	9.10627839478095	0.607759173233926
83734	9.24066742539052	0.380054023541278
6228	14.7760979523729	0.474776334225407
92270	8.34843859486109	0.298812065981158
153339	12.2812524415301	0.352692994117458
7518	9.78464878394328	0.462303698366057
1462	9.07264396378202	2.03139563740944
105379054	7.43822508199474	0.245350085061492
10085	7.85509205411959	0.763792605704188
1350	13.5428500539921	0.380821887269619
5921	11.7850348725357	0.766253978283597
902	10.623190746865	0.2786123758824
153396	10.0679257111999	0.286877717223874
100505894	8.65313107473293	0.34182528846577
645323	7.56036519030782	0.211064008624888
4208	8.76100513683542	0.864076713173282
101929423	7.45345275592539	0.158832165399146
1070	9.97481562883913	0.360785806521287
731157	7.63449837556947	0.108751926296668
153364	8.9988975663174	0.477981370310814
10622	9.82427479412278	0.775966779862717
116068	10.7866119210634	0.334370079721749
84059	7.56724436408249	0.233851722619206
100505994	8.37985651835488	0.794443839969165
57561	10.6121219242452	0.435862900042671
100129716	8.08420911241875	0.167063694380083
441094	9.07121493716257	0.71698056720072
7025	10.4152197802106	1.50790470541267
83989	10.0317683097472	0.47097240790171
285600	8.02921607349753	0.229267247518002
84250	9.93582313679685	0.418896407642005
79772	9.63661906197356	1.21945762510155
153643	7.44969269612345	0.195244348309429
9652	11.5978110292169	0.415399648068266
153642	9.38662206455933	0.668078976680417
285601	7.57554725874596	0.253607143700345
317671	7.89233948148437	0.178227356624883
22836	11.2023790557689	1.19853146933887
2745	9.38475501253513	0.783760551873297
22936	11.2309992613292	1.11647337574161
5122	8.06005989397852	1.72803050082073
831	13.2639695711081	0.594257940222675
51752	11.4388045839995	0.751693892269236
64167	9.43828067034578	1.44764964866719
4012	10.5496882457272	0.244723404182651
55781	9.99879828420491	0.623397149913031
285704	10.1841254305219	0.400794570428119
503569	7.77474181821591	0.150049918470587
1105	11.5309475998424	0.344571407468988
100289230	8.02916414059108	0.237051738662889
345757	9.5860327839295	0.686185522637015
7903	7.876606888021	0.657763840055302
353189	7.59311455550597	0.462957813332841
5066	11.7862042252206	1.24568449600263
54826	8.85084266227312	0.174359464524777
23262	11.0783016223495	0.460620232185008
90355	9.68157145603157	0.402384467220164
83594	9.71482096572127	0.459922984183477
1946	10.0857238640912	0.599301805070192
64839	10.3713313155186	0.315445794046799
100652853	8.00782740259159	0.348891022797401
2241	9.05243734989084	0.602754678171774
9867	11.5604550377853	0.548528910776522
4124	11.7884269014754	0.488998261397684
642987	7.5880099846341	0.164766791618435
91137	11.0443269736068	0.315224114991016
85480	7.55372782479861	0.468605359504419
134430	11.0628596818742	0.410820162776791
814	7.69600589088022	0.527135942407627
134429	10.0615638026049	1.13803084580604
100505678	7.60225637698743	0.160504729128636
9315	8.29679627115879	0.853063746632934
64097	9.16570701450996	1.00982893266461
114915	9.77999771104624	0.367708820943463
54508	7.77145383648727	0.451891135368483
324	10.9005510082784	0.451100880172765
6728	10.8129228715722	0.272699649490514
7905	12.3953943468487	0.269389490026612
167227	11.150495040128	0.540520348564882
4163	9.26101053456163	1.05991805109936
64848	10.5907245141868	0.396241465722184
3781	7.45491529555328	0.136525717286428
55521	8.45320199244595	0.727052665678326
5229	10.3743659608867	0.283668741510553
153733	9.25814978496884	0.437859491153324
56929	10.3226718165011	0.479883596261874
101927100	7.71644553808661	0.104548808562052
51014	11.8474462101371	0.309804260801629
9140	11.0024045941106	0.205652832814843
1176	11.5091158722162	0.388079556084074
206338	7.61280162748914	0.0809333321506959
644100	7.92502210430358	0.511075575312681
51397	10.1518001951285	0.302396260912138
57556	8.05812396979768	0.336582589193552
728342	7.53131567891273	0.199330593103599
285605	9.42257926187998	0.335789564646049
100422885	8.86733255197356	0.283863184070188
1657	10.7363829976075	0.279474907507466
25816	9.38721220271108	0.958213301052526
3295	12.1581448470828	0.445920199271454
51334	7.59674029415939	0.265358111789671
153443	9.62103063581016	0.227280859833714
4015	8.09620991352107	0.379862942449868
9627	7.73259728804626	0.708733189059736
6643	11.4610154648732	0.506554738558117
28966	9.63085008054853	0.592676937730625
5480	10.9573189669026	0.367729235793124
93166	7.82768839537133	0.12995886385806
153241	10.0684446135451	0.452442742657106
1456	10.7025373537661	0.468865104775537
57507	8.96881956509322	1.21656156397524
65983	9.68679016479295	0.897075267951557
501	11.2685313050017	0.896446540163986
51808	11.1151739577717	0.423889001163023
4001	12.7859577259666	0.643363266721904
115123	8.43540691400471	0.688005536669021
401207	8.17335833751585	0.552869826813249
105379198	7.65721495255057	0.250192110300482
84466	7.56646958172895	0.247974032259938
133619	11.3790328024131	0.244969967666793
644873	9.62954883470959	0.366629410804322
6558	11.5358564556895	1.2261668679349
2201	7.74503817791942	0.320273620477245
51015	10.3223560453424	0.38182884798962
171019	7.42212969761669	0.167990894880902
337876	7.93963311255727	0.667510504867189
3094	12.5897640603824	0.370737118501498
90624	10.393576931751	0.484876682836033
56990	11.4291434692724	0.35235331772243
51735	10.4446257331785	0.334730639246925
96459	10.6689484064623	0.584611192237404
23305	7.64105971080463	0.205161601165327
1437	8.53533481380269	2.40526896711152
8974	10.6080322712225	0.617891624864355
8572	8.19963538977678	0.990636887423069
6583	8.28978833079153	0.338263565725356
553103	8.0392146575506	0.231930093101378
100500865	7.56686018100903	0.094290328251628
6584	9.57267854689707	0.688460213238229
441108	8.15434594191231	0.327872039975646
3659	10.773715007649	1.13783429905475
10111	11.6631807480366	0.578029072223674
11127	10.137602986148	0.424430360209011
645121	7.91467408410592	0.465341415645746
23176	10.6879891190228	0.913820506496177
134548	7.69769851463648	0.283670158155024
134549	9.61934152323909	0.653145280606405
2661	7.85745388221424	0.160112550758061
27089	12.6736192630685	0.379667131443863
116842	7.62073798491	0.105235323801594
27125	12.500641030166	0.372494758372558
54819	9.92153277318462	0.197723135682081
3308	13.2410941900365	0.43592548010744
23105	8.16683407367773	0.841932316428586
56951	11.8645913961369	0.535030916117019
7416	13.4765090583661	0.398051012329072
6932	9.586399383383	1.67468147443026
6500	12.7819150490728	0.312608007225033
5515	12.8433641738321	0.20437330178226
51265	8.16751414001604	0.214927279040053
7320	10.8100386997182	0.25048161959609
91368	10.4980133531347	0.659009016693328
101927934	8.69880034983724	0.402288346033346
23338	12.1423381886234	0.611533831657418
51128	10.5025899125083	0.729493856171276
10802	10.660816679576	0.443596454822659
819	10.3942868931282	0.45033239174837
9879	12.5145524557608	0.33641213196534
134553	11.3281401905544	0.580546471333187
79770	10.7396835379401	0.362004709102624
84105	9.54069497206619	0.327699962696738
347732	7.80302078687526	0.116896011506887
5307	10.7356104210638	1.0905622111767
100996485	8.20812789406391	0.151227435902518
101927953	7.52395223593611	0.260719632500566
9555	13.2662208878765	0.342897614664618
9547	7.92907494820418	1.0240022907078
7045	10.9099857541749	1.75769384981108
9597	7.60988670140279	0.121898224619483
4090	11.4523810402325	0.507097843194434
6695	9.27874666359159	1.75010217911093
26249	8.3838798929396	0.733569455519201
10949	13.178225968021	0.390379902723798
9499	7.72627750100492	0.378513827566329
27039	7.75341054691888	0.262974385147209
51306	10.098020131864	0.479986249795456
8382	7.68363058089191	0.556046467992406
10902	11.4983035562561	0.556126827141923
10112	11.4223874495419	0.849062713238092
8697	11.2668105744339	0.43951296127504
2676	7.5773786976198	0.213248459143706
995	9.77415180286948	0.751060045694737
51307	11.1539747323828	0.582595800788667
51780	12.0796107545844	0.479498212906397
51308	8.21656585352757	0.870784271629124
1958	13.7302440945451	1.59414495790816
2107	12.9105331446888	0.351696365535989
3313	14.2103547626758	0.51168898875911
26785	7.62579969168233	0.117629238030846
105379194	7.70771358009528	0.257292926083587
1495	13.9545527317141	0.535240130247569
64374	10.6583423123108	0.518416896763359
724102	8.399848382701	0.309575753118281
9782	13.6415421229422	0.214754936635422
51247	11.7859663118477	0.471847197034679
9963	7.63043145071143	0.120331878246601
51237	7.42809133047181	0.178075667646732
389333	8.94738463471348	0.452995058223697
202051	8.88541769908983	0.353391801341569
202052	9.01330465178833	0.440600682475211
340061	9.85348712793011	1.53492304290876
7322	12.47576749111	0.228665518054203
51523	10.947697456448	0.770795179271491
9542	8.16729396280763	0.833672547202487
100505636	8.46268301409637	0.177273300621622
5813	10.6077077877217	0.325226777677273
492311	8.77446511542241	0.392411034228244
101929719	7.56602703499427	0.182123020811532
84418	11.1321405391718	0.609419134425134
5201	11.0919346758363	0.547342645183773
1839	9.9447393663935	1.33317454458954
404734	7.9027145219184	0.146745619171708
54882	8.90863684722649	0.185072157835217
8637	7.57853395091737	0.153343594304313
10011	10.6711999188274	0.315014698787478
10307	8.82046098750313	0.415388175828128
113829	11.8068409652759	0.338153963204753
55374	9.14531981195576	0.527391621008338
929	8.14517318171658	0.342528925485871
4695	11.3812048828851	0.353371977275389
3550	12.0094533783709	0.346853137617559
54853	10.6198443371273	0.303318248605553
373863	9.04527059448165	0.206223985986163
3035	11.6434228932111	0.406531896173121
23438	10.2741621365063	0.300238182737352
153527	12.2464487620949	0.441414248619439
56663	7.47132596585897	0.170652590675125
56147	7.46173415222102	0.159296166669495
56145	7.46992767538497	0.192508863848944
56144	7.78503020009932	0.704481806208077
56140	7.68673260488595	0.6820394450549
56139	7.54758716260908	0.2170811802788
56138	7.77899944257143	0.60830722429609
56137	8.03287303539507	1.04823014043182
56136	7.49134198435444	0.204087198409292
56135	7.56294316731145	0.301050152314621
56134	8.15252571076664	0.79803786520797
56133	8.01778103323907	0.916539702031955
56132	8.06387846610551	1.03036825107816
56131	7.51984380600955	0.231369551161919
26167	7.50733943522665	0.189605530071867
56130	7.82094646579719	0.82374290928119
54661	7.47060636612539	0.173008138103585
56129	7.60719145982267	0.289320887832597
56128	8.05813640101916	1.10336739690092
57717	7.89627657721923	0.795179444981302
56127	7.9274950319456	0.451556446338066
56126	7.79777515444295	0.352063579716937
56125	7.87872972098726	0.677789662864721
56124	7.62610748689974	0.308837974326974
56123	7.97944552580452	0.782114552764844
56122	8.34915737454471	0.712829337943732
84054	7.51186523021767	0.123076692455513
6879	11.9723347968813	0.297993860150282
56114	7.79438319122753	0.20117535967326
56113	7.49714947686509	0.144585138552997
56112	7.49776951313761	0.22950118428799
56104	7.84046176708078	0.410990802337442
56111	7.65467105041115	0.198853270587783
56103	8.27963514556044	0.730974179181745
56110	7.6059544926883	0.201934675461926
56102	7.62834015225316	0.232078274307334
56109	7.66383785708082	0.170678143713843
56108	7.52493543821725	0.173800999186314
56101	8.04442710197629	0.97384554098
56107	7.72273821213217	0.333896491614883
56100	7.77744373733516	0.58482050485416
56106	7.8376976776321	0.489352390670839
56099	7.96069665348126	0.603370293090264
56105	7.67659409079262	0.539397040959575
26025	7.5274783164943	0.337611691680957
5098	9.56820288740605	1.41269556152634
1729	13.4637229159932	0.532707943870068
8841	11.252721390793	0.497080092401145
285613	9.38416519633519	0.595325258998869
89848	9.37074918034952	0.399414704232154
64411	9.41582909802182	1.11530046399762
5097	11.2111994934196	2.05239402995982
9812	10.4988623221894	0.326818861185536
51294	7.65327986500183	0.13604587620772
9604	10.7040732064542	0.539977282394309
10007	11.9110794522333	0.882083967547143
80762	12.1788093708235	0.434632722575982
81848	10.8270862892938	0.984941270996576
101926941	7.94968865854989	0.398434640492288
2246	7.76380476050109	0.380706869969834
101926975	7.46393495017378	0.184401856986169
23092	10.5809665321922	1.09396470842202
2908	11.5546329386135	0.354460198959845
81555	11.1110721600115	0.247067470665864
57528	7.66478364674113	0.135232853881164
153768	9.19915574896079	0.843477982877824
153769	9.75652000925385	1.03530257317641
153770	7.6469692296262	0.0826960309270481
51520	12.7217408533154	0.490094713526133
54439	11.5490046864147	0.342287833178728
10915	12.0996198824984	0.259033779482251
5521	8.3298650237276	1.43067353259607
202374	7.60779006875953	0.459785881508699
1809	9.51672646415556	2.08775968412472
9832	7.79502819225312	0.989057801540983
6690	7.61555143002574	0.314311241150529
11005	8.21339729200637	1.10034368817831
102546294	7.54667268008773	0.113328839182726
81545	10.5292124982187	0.397102386623456
154	8.82596486116096	1.03717390380284
79628	9.37972286683419	1.31332614862618
255187	7.61555208919145	0.25558265661844
22885	10.0906669602211	1.47251934848081
134265	8.35677664093296	1.0494287305551
134266	10.3211441492319	0.573673168061624
78991	8.93160516233959	0.818688342928709
1452	13.0742126946026	0.399625244642567
389337	8.52495539331037	0.592014134724539
133522	9.27392872527824	0.493788959862423
5145	7.60163588273336	0.274313515790696
644762	7.64245408675598	0.133763595591762
1836	10.3910960474668	1.14725615276751
81789	8.77053470955998	0.310009206545092
22993	11.2516943266855	0.4529568726623
1436	8.00460039067309	0.92756085831884
5159	7.54734344484208	0.203599150931899
6534	7.43855621062674	0.170360199410635
340075	7.90255874570383	0.736263733684097
6949	12.5342694392755	0.541580469198617
972	8.76516713611616	2.36414192842613
6208	14.9302009872318	0.459274400688144
3340	12.4099661418312	0.618262993739641
11346	9.93534993242433	1.70995775370647
91977	7.55244615606456	0.325405712515711
55696	10.9203856559652	0.249785855078745
51164	11.4015303200073	0.398631133336378
85027	8.98746384266701	0.922038022984533
91975	8.31321846156981	0.997901316751
2878	9.77853178087973	1.65018268164579
10318	11.9599302577147	0.626788576236148
309	9.11331647070594	2.04433652568576
26112	8.50638376803193	0.550419930286271
2760	10.8021482375184	1.48550610529547
206358	10.1652874391717	0.568226074910494
2196	7.84098201291371	0.680849898115222
6678	9.13530276723833	2.59289839223244
475	10.8363625551043	0.355746047118138
100652758	8.50632136397542	0.284191387805879
10146	13.2199833256869	0.440517790737316
10827	9.76197174847832	0.357940295821831
4238	10.9125959106212	0.226908649454704
55568	11.5349232773792	1.05566386932998
386627	8.15497522601732	0.243012295252053
79685	10.2759968670609	0.505663756148256
9421	7.49390718488278	0.145863930822639
23367	13.9520843584581	0.380997766122936
10826	8.46903822193985	0.746384807567687
9337	11.2980872630374	0.448103189181438
25929	10.903305039255	0.668630112747487
29093	11.0722333882707	0.378469268232148
285643	7.77039212011153	0.0806196595534691
153743	7.59403442679997	0.103680129662712
9443	9.34030755550393	0.307789172121472
26999	8.75936377669618	0.902785840996209
348938	7.96972391262463	0.675893681621366
8728	8.74201509261385	0.922663746917944
11063	7.59335727708928	0.211469272298384
54974	8.92134322466999	0.585457800092669
134353	9.30225016423167	0.409157766028168
9685	12.3264672294031	0.415417973054209
153830	11.5391133656189	0.756007905658523
134510	10.3250744747004	0.543178648305573
147	7.90203101308182	0.867537979783575
7265	11.1142940804897	0.497377726273578
114825	10.1723345222566	0.281583527607792
2172	7.5821636015772	0.188195713805628
79616	9.90911720200795	1.31536487865565
114898	7.63846533625853	0.240873927133395
63920	8.80220551513607	0.34341757175313
10569	11.1116694947915	0.46024932759068
9232	11.6502750659872	0.660194874855554
900	12.037741552173	0.762742968314359
134492	11.1879276321671	0.337527052969989
3161	11.2879691805144	0.598358463423204
27430	11.575233291182	0.678762450414216
57451	7.56619329134049	0.120269889063315
23286	11.107463377782	1.31072645015305
5917	12.1810788965629	0.326764028485689
345630	7.71511981071815	0.789670728210268
79646	10.6989187351289	0.734921626202258
6586	8.44118895385693	1.81120928887734
54908	10.912299529887	0.438115356687972
100131897	7.8633071169778	0.67996571814653
30820	7.44785239015859	0.220739555038143
2568	8.01708841850771	0.672946317113033
64901	8.20574720376494	0.768008920853879
4869	15.1823938888092	0.64659525865531
8817	7.72556535553175	0.29212232424226
23291	11.4356076051816	0.501946048440964
6793	10.6525566640011	0.54527478526855
285588	7.49468610310007	0.133487229092904
92181	10.5420383291973	0.719885398313034
285590	9.42304803401847	1.34008761647118
54492	9.0549698340819	0.980972742016923
1843	11.6710528879485	1.68567319664199
57222	12.2947823276863	0.866940957375336
51121	10.3644712277207	0.541138457005787
100268168	7.76346656948975	0.221730708184612
8992	12.6565371794083	0.49950329181702
153222	9.70264028883702	0.469410826829616
662	9.27186960497993	0.189178488041176
1482	7.73140010531993	0.961873658092036
8614	9.26462214635173	1.68572225854525
285593	7.5931436266252	0.170448906429892
91272	11.036745790718	0.424810357131601
101928136	7.46993073776091	0.205108575819779
80315	10.5788270054787	0.833594718816634
51617	8.5451269885371	2.50120358256842
4488	9.03705467213383	1.35550690267454
1812	7.55856453453904	0.272702162793081
94081	12.2328060418784	0.387716609055579
10814	8.14897119485373	1.74504614245955
84321	11.0164612020201	0.659418564326544
643201	7.57428146969446	0.129539910859322
375484	9.30499810604867	0.630570905826896
57179	11.6811501262077	0.450343345439259
285598	8.03123514025572	0.417887767319202
51491	10.7232337702703	0.382447039549689
192286	11.1318919360502	0.185684465946518
1212	11.9955739743702	0.614884753165268
23197	12.2451933225847	0.550159118817864
22838	11.4888878617352	0.671312623859876
54825	7.91839230722993	0.334558513534282
114787	10.0096775750285	0.667378564859248
6620	7.67288495409717	0.404687273359153
26262	11.1197584352264	0.548060474221476
102577424	7.39808091981395	0.174131010205951
90249	8.83823256863202	1.54719094540404
3101	7.48374435543324	0.26994189016829
51720	10.3915506159608	0.221908662710299
23567	9.94737915123939	0.455449608800402
2264	9.1934565646401	0.346347541358315
64324	12.4494387381281	0.413954562638681
53917	9.88008280092427	0.268068583424922
27166	12.0856705271013	0.349962951694318
83463	9.01880028790204	0.469290404597176
10960	13.0445318394556	0.348398537181206
10636	8.815734674058	0.467181756537901
2161	9.10875521883135	0.598607415270406
2870	11.1285341742304	0.60817236464859
340037	7.78689599642424	0.205397108516958
80758	9.4228630556706	0.625429854113757
1627	11.9453016306359	0.952117392702437
9260	11.0846548085369	1.23901509489321
79930	8.34103966275429	0.316735433231874
51428	11.3284500721315	0.300943741592351
54540	10.0146574503067	0.259172242312228
54732	13.300396346759	0.319217579513675
11285	9.79839294165742	0.293906015492637
202181	7.92223203008939	0.378287202196764
23138	8.67747067686773	0.582751689564784
64777	10.6520392714028	0.311155119075978
55651	12.3253517666729	0.358375508106814
3182	13.6177085362404	0.320078835808474
85007	9.3830478437078	0.424137694882045
57396	9.36523100918252	0.375056451277672
6940	9.3551771952153	0.694149902145177
117608	8.75957158522051	0.358299877634053
80108	7.63292474608584	0.342882424691242
345462	8.04379919649537	0.597227409581251
30832	8.32876092489528	0.855298141195534
80230	10.847731652347	0.584786933760201
101928445	7.63832848468414	0.113736274774927
3187	13.3918650295448	0.453778695424775
646019	7.52806253446389	0.111114643380175
821	15.4556074638685	0.35291517113242
9794	11.5663329090468	0.304379209397341
4056	7.78130547503363	0.292899238854165
11282	12.4177076650397	0.453383027983609
8878	14.5015180355966	0.817293087673255
51149	8.33779563986966	0.237312317932835
23061	11.9987967268091	0.607725616296833
55819	10.5231066031351	0.774260675601204
255426	7.51953074949074	0.271821492206778
5601	11.1712755031019	0.330953190306002
9945	8.28381267029596	0.876215965933259
57472	11.8511189392213	0.521214447286832
2324	7.63117794020129	0.285739782535636
4245	11.9946234930696	0.426700827471498
100859930	9.7338394134067	0.242118749258212
729678	8.92214460829292	0.385779516130005
643836	10.0368700737154	0.423768975485203
153579	7.90902833797054	0.740961069825746
81786	9.35571511998651	0.582145461270906
90933	11.4886716436149	0.506913747352993
10399	14.8871878472649	0.480731210497887
619571	7.9474411784302	0.162713073131766
619570	7.81971007547505	0.162883974545466
101928649	8.52957513256925	0.264686597903422
84851	8.6695612534067	0.302331218279192
100507602	8.89913284264401	0.309277985466579
56940	9.53474365215529	0.571667979051444
55770	10.5945459134678	0.63036179227919
135458	7.54647369246079	0.115299853901918
94234	10.0075882019734	1.63762549041433
2295	8.19891037541992	0.858155426853854
101927703	7.90430910745369	0.30284423309741
2296	10.3295828590777	1.09175752164989
2762	10.5224301592952	0.937553818776668
100508120	8.21267117529045	0.191843460976383
340156	8.03784994093247	0.1747105797512
56897	11.3499484807039	0.401447931937056
1992	11.3605703313214	0.736979280973287
100616285	7.5590408011818	0.278680946999461
221756	8.09115538039733	0.737921674905558
5272	9.7342058171558	1.25176147101172
5269	11.8694350426274	0.647689567146673
401232	8.13513752809197	0.352405217320889
4835	10.4724164465255	0.917846210445857
401233	8.33164429692197	0.669696799230295
101927759	7.66515221091183	0.149133046262528
8737	10.5328897165805	0.481132838221319
670	9.73338283283274	0.571406239258212
7280	9.69104717048495	1.174376699038
347733	9.14911976520542	1.63055446095099
389362	9.83710556482386	0.562969885711389
63027	9.51249505580946	0.779828873909042
221749	9.61817863932314	0.898556057849572
26240	8.61710805789577	1.08878512293387
8899	11.6275824335368	0.438234844581948
404220	7.49448063486986	0.146852331567571
10455	9.96163151308436	1.12889657423602
100507506	7.52515964256514	0.161998061941576
9425	10.563582288862	0.430733089901402
10799	9.18094045611838	0.438740538836709
100129461	7.91215598235191	0.215558670252786
57128	10.0678862013037	0.469244677373398
648791	7.7759715432559	0.393545379895388
10667	9.43498319005885	0.457935897001949
51299	7.70382865511972	0.276401988477439
2162	7.57720826169401	0.242964901903534
6239	11.3275780776456	0.367184513715805
6745	12.7345446853282	0.688896470780151
83732	10.5937232823038	0.745020268739086
1832	12.4927045137939	1.39334367616607
154007	10.1895494506416	0.498737336480551
654	8.31362128209543	0.917268988869732
81567	9.90511008381466	0.377762063881164
9521	9.21525364343053	0.516792627842437
100124533	7.55499259121961	0.109635201765423
51000	9.8795598879118	0.359410601245962
100506207	7.9202975908312	0.109677385686561
266553	7.45549710201991	0.195094747104464
7020	11.0082566883211	1.10075692367313
100130275	7.95592209558357	0.271370087379969
221718	7.70912610195744	0.30794700867016
2651	10.5706207318129	1.04745280283284
347744	8.0033613765612	0.341240712408785
55003	10.6000070370111	0.661653650882961
51522	11.8077378764451	0.785154930839792
81853	11.7790315929143	0.734938559482897
4117	8.10659237584576	0.290126190127307
221711	7.49440186259594	0.260869418390293
54898	8.05149272767169	1.18058626639904
100506409	7.45940326552731	0.282229885428291
221710	10.1979334124606	0.573301961284148
4739	9.11906611174389	1.90352523271943
100113407	8.58665451689399	0.368833040271652
84830	8.05631476261968	0.812772316908611
3096	10.1585124840722	0.641209986087014
1906	8.86283427330848	1.3013956337202
221692	7.59014551256052	0.0892606953797905
100130357	7.62976632111025	0.111460059295028
51256	9.44145846181906	0.443475632529981
54438	9.35935076419735	0.918059608908948
23408	9.7023457882653	0.507523550476276
51406	11.8904663074271	0.602940188869537
10048	11.1644763095151	0.528968496835998
63933	11.0094104177953	0.601482652196876
221687	8.35941282210542	1.21424200486174
9308	8.90174080935187	0.614029391886733
3720	10.6295913512263	0.618381858260097
100506681	7.62056519966247	0.087799059284792
84062	9.35610210393545	0.441415383112907
29116	9.97208449242389	0.533846939087339
2766	8.08163026594239	0.292438057925495
6310	9.94721974255201	1.49088181888854
101928433	8.13202237010721	0.505917967093749
221662	8.17130520559401	0.82846647940345
10486	9.67869677362396	1.00154935943048
51439	10.2515360138328	0.737218487777529
9972	11.927999767491	0.615362828415119
63971	10.3815448238142	1.23193042656011
378884	8.35483385332542	0.339174443508833
7172	10.3272644983604	0.447447741589156
221656	10.3455546114687	0.619025224770086
7913	13.359194647381	0.639962766506396
255488	8.800255804799	1.27252969721959
3400	7.74335212742397	0.435560848155478
154141	9.83796377744784	0.988439627686566
105375105	7.82677117331024	0.141705600530115
1871	10.7924093719574	0.59021282281901
54901	9.95398319497235	0.518521324943139
6659	11.5984538437547	2.42081778533925
401237	7.57523461024472	0.404964538254706
140767	7.42296773605885	0.180221656623081
51473	7.89782739501038	0.495249778253785
57380	11.0077125282958	0.327863062151136
2822	8.05439487671578	0.218381913776867
7915	9.9443831044646	0.64476245469999
9856	8.42313192530254	0.623071165256319
51567	10.8544317878901	0.565590486674788
55856	10.8085842148321	0.329930652160108
81688	13.075479440636	0.41127980822995
51053	11.063336970894	0.41660432011381
9750	7.63858912569666	0.172367213362044
8418	7.67547539112242	0.360313309997906
105375106	7.57185545482738	0.112959658789997
55604	10.6609056709455	0.90388339138687
10590	8.11610414598796	1.90081512741362
10050	7.43934111020426	0.246211847809542
6568	7.40051083752141	0.17952612134365
10475	10.05771991247	1.14697267422985
8350	7.62662558666751	0.125785229202919
8359	7.89838187992913	0.227703124382451
8366	7.60483228107299	0.126278305681942
8358	7.84399068323557	0.24617813897213
8335	7.59591577294387	0.186060442268531
8352	7.73804795739959	0.31510268621494
3006	10.8433878489422	0.594046738413
3077	10.2709257762839	0.793289963282855
8364	7.84753163683247	0.235510119457039
8347	8.77897225319769	0.481765767865271
8334	9.84830686042919	0.552026595670659
3008	8.39085949304888	0.402797413216904
3017	10.0441598337298	0.581220131923603
8344	7.68209085608098	0.252888080729327
8360	7.63568262138165	0.182517308922658
8351	7.99372801242387	0.175176436407028
8343	7.84472115159232	0.148154988906485
8367	7.83869886843342	0.215359769061994
8339	7.93064834717628	0.292179628575598
3012	8.17531611616334	0.169810584202874
8353	8.05017779067357	0.276494081769869
3007	7.7201710944548	0.234426666185246
8345	7.60611598961187	0.364968974100286
8355	7.58641106968568	0.262598524841742
8365	8.60201430066544	0.358755875058781
11118	10.3740194447671	0.902231242142244
10385	9.2750766939455	0.511334763729341
11119	9.98703702102438	0.614456602376055
54718	8.15930344987195	0.302630219387206
10384	9.31589525386935	0.955198593867902
11120	10.3766718979207	0.328411714835206
696	7.60583450715912	0.42397018310209
493812	9.39537179587731	1.35865442025573
10473	10.9679880574242	0.480960309086678
29777	10.7319882401733	0.330721483416525
79692	9.74702733880967	0.556793137611217
387036	7.80709463210618	0.156637519252588
100133205	7.62980736474999	0.157767165864897
100270746	7.9754689473488	0.361274401719433
8970	8.45411558275657	0.469492111365499
8969	8.16875158916698	0.376981913818065
85236	11.9732410353225	0.85447599836397
8294	7.64848229665798	0.162151717256533
85235	7.66735193719293	0.179665221495012
100189067	7.44368952747186	0.155755499373597
10279	9.67950610431833	1.00750968572371
7754	8.27830211707678	0.754498382076415
346157	8.32378845773065	0.596251905411595
7738	9.56961340732029	0.755589160187206
100507173	8.07902675279358	0.208221706750132
100131289	7.45981055641424	0.238132373600813
8340	7.87229508882509	0.248213039226882
8329	8.21875454941266	0.298161195898495
8357	8.53405100144262	0.336216706970468
8331	7.86125253653054	0.400178356695266
8342	7.57467160467431	0.162534232988416
8363	7.69090682904983	0.252826548400619
8362	7.65873632398433	0.187002193230823
8330	7.74929542108012	0.138663483969131
8341	8.17137389313488	0.330138609671971
8332	7.9392225767876	0.254361035929681
3009	7.78628123369458	0.207202292955216
8354	7.69370977054212	0.298968324755777
8368	7.59613373574063	0.250237212992124
8356	7.64189254539864	0.224683178366756
8336	8.32266038744267	0.337757337156815
8348	7.91917937942911	0.260804271090821
26212	7.63382138525934	0.156696104798661
7718	9.78509570926039	0.855489115493952
221584	8.87177269471218	0.709199553664597
100129195	8.52050577172339	0.389809218716551
80345	8.65344317007245	0.289521114343173
7745	10.3448509813793	0.756747818664737
651302	7.65412344919709	0.129535258979882
7746	9.00600268012139	0.520308804931829
222699	8.3663646366479	0.388407010761159
387032	8.7255341919658	0.437302680425659
7741	8.96941858742775	0.391255078175792
84547	8.62091204945201	0.44655675534933
64288	9.50340988582646	0.815777666278792
80317	8.86338660231497	0.464861053289182
9753	9.2090948910775	0.887175822453085
222696	7.50215579044683	0.27261877650738
3134	7.79935123830697	0.754635746558316
285830	7.51980639507076	0.316464167903985
3136	8.23300785556061	0.538992131948564
80868	7.73175192822515	0.724020391948053
3105	10.9506820294527	1.79459836248684
6992	7.79040897566926	0.542638403851914
11074	7.4606745637046	0.215169842467028
7726	7.54840219927549	0.251621304133711
23	7.69899568172672	0.201197880430745
9656	7.73819059843043	0.163660321233779
203068	7.73534254699356	0.102926860683866
10211	7.61447528310713	0.174267204331569
8870	7.54040979693431	0.126132251463616
780	7.56311827577492	0.298082098914193
1041	7.5237645322033	0.474198680051415
54535	8.35440607509963	0.809366705072553
6941	7.84391808411749	0.655230196200295
5460	7.51682672726282	0.246613522449181
3107	7.79855081033572	0.50365381326994
3106	10.3485263406278	1.41827111535676
100507436	7.61956171475372	0.474324025173953
10866	7.50261192226139	0.249892443058814
7916	7.9515874922928	0.286320503905982
7917	8.24486613301569	0.280069533311619
23564	7.53483014217395	0.156901707613825
1192	7.5292741941117	0.21587306316813
7407	7.67447558752869	0.171322443585409
3303	7.50169610206172	0.147869803595039
7936	7.87412434288503	0.965348556693317
10554	7.96141848107561	0.730204961660652
5089	8.06096058015497	0.182292993318892
3119	7.62368132292204	0.349360444747615
6891	7.60996214464402	0.254284789307274
6046	8.66346228805243	0.621444091103401
6222	7.63894788057193	0.117845808461064
6892	7.60919678245589	0.0995932025502363
1616	7.96510387426811	0.208416916036614
3833	7.67067119413425	0.215800900874061
5252	7.78243980853777	0.219677916974991
51596	8.09883239299772	0.378781454679967
8831	7.99513837301831	0.294652131053183
578	11.0455436072472	0.685160831900266
3710	12.9833116824621	0.967323139269426
84300	11.1647169052322	0.478712926815968
100500873	7.59397231582985	0.0939895734833306
221496	11.6165985357901	0.779718177490223
2914	7.54276211922828	0.210249071937685
3159	15.0891425341254	0.72591954755189
102465502	7.56246593342156	0.118531913931847
221491	9.60476243392047	0.583110071090388
11165	10.3329893545556	0.50327133645001
6204	9.17275411375981	0.380567516138517
29993	8.65195713571924	0.95072017717041
25803	8.17237848133212	1.36689368461459
64771	12.8769743435462	0.935691081535515
6631	11.9943027823068	0.56906605377288
54887	11.6480540886463	0.392480583914847
6882	10.8682376949697	0.630640395859312
23294	11.3848775972447	0.687725613315089
222663	8.35165955299857	0.618791052050133
7629	10.4145299612889	0.86530609002511
50619	9.53139674428571	1.10659539829129
5467	10.6998068128339	0.93260029535832
2178	9.4386420889509	0.495378772543115
4736	14.1963430799278	0.389565050633374
7005	10.609628539059	1.31263496179352
7287	7.70167677245441	0.170557308733434
2289	10.8248041946747	0.569416568063092
285847	7.44845582817695	0.170603750840489
221481	7.5213723547455	0.205746863478063
222662	7.65571646117916	0.421421645939726
6732	12.323671745368	0.496596300572435
1432	11.5070339921364	0.63879201347465
5603	11.5398112650759	1.94400306524457
27154	11.8619834357055	0.611906323077467
285848	7.60955306538719	0.302977317613091
389384	7.53896599086496	0.241657198162254
51513	8.39099836331628	1.08355589099743
222659	7.55325544828162	0.136192064848355
222658	11.8213218153747	0.680648473229973
11329	11.6647626695934	0.843193681218586
6428	13.69040631079	0.258399194558523
101154753	7.61732051655455	0.0864073767941747
1026	10.9529561609351	1.22981347953598
105375039	7.67838536769652	0.186358463146248
57699	7.68811612833936	0.197456819186961
51645	11.2440495798954	0.310629080162626
221477	11.9993090395224	0.672228137042476
221476	7.71419354692418	0.383551569466175
23787	13.0044845241436	0.479871627094095
221472	7.99616741082184	0.613320109032168
5292	11.0110259748781	1.07738014301329
221468	7.96463589344316	0.239604179235218
55633	10.2955753368609	0.404393014888344
9025	10.1255799693917	0.558481253288946
23070	11.3621297982745	0.599220286256138
154467	10.1987334506283	0.520618599443606
100505530	7.43303280316396	0.159212155538938
266727	8.77741476469357	1.06712578240128
60685	12.1955857384189	0.504815612646199
114781	10.074126772343	0.455101685280977
2739	12.311497959832	0.668329237197232
55776	9.8856383410069	0.524998713060667
8645	10.2962109900138	1.88336169290473
23500	7.58243596859622	0.346817913431066
4337	8.23104034387654	0.880494756077586
401260	7.42009500935284	0.215869153573486
732253	7.47032972867751	0.212097129502245
57497	7.81192188618551	1.09910310421975
222643	7.85853958184223	0.359780784943327
10930	7.68790452807257	0.147055824223451
221443	10.0776336166007	0.387007772508574
4800	10.7602577828682	0.296935868758718
221442	7.7722647459226	0.147643179583843
79865	7.54045354286279	0.229112555364175
340206	7.66207584831708	0.595621018388549
285852	7.43320000817061	0.183480404383487
101060264	7.93946540888463	0.485310116689823
116113	11.1367194959486	0.764801087331342
4188	9.35872498158997	1.57731954344745
7942	9.01214220049595	0.699392039140101
5225	7.50758493212174	0.220870741957332
10817	8.3837498826084	0.181969309387661
29964	9.30207526321279	0.931796995607281
100188893	12.1156442443409	0.346262672131867
25862	9.19865765120271	0.398094865483206
9477	10.2814649075432	0.234979178324089
705	10.8703507445416	0.302558309744392
896	11.465002622741	0.97235162941491
129685	10.4327064736412	0.481953113792118
647024	11.0745468657807	2.07357065434459
2979	7.95299098380311	0.205750229554454
55173	11.5905887512935	0.281785740453604
55809	11.0252729420062	1.01898865238822
23304	11.3495924917167	0.525945567634771
6903	10.0446663022289	0.519816451276908
23506	9.80101479669255	0.519224883298765
401261	7.84631845686898	0.187589801661317
285855	12.8405136116314	0.422492735522188
441150	8.78341881495684	0.270344815949662
10695	11.5789187563618	0.429564454037097
27232	8.42798869661563	0.283947057428664
5190	10.3873995810686	0.47130067822546
4201	11.5383050083884	0.400911249493476
5528	11.4631127694761	0.533219745234933
116138	12.0583991564597	0.471028491732829
88745	11.272857363124	0.325866358401962
9820	10.6233122514604	0.735213767843868
51069	10.7460051474225	0.384521804948814
89953	9.61972943263039	0.787822270233164
5754	10.5559762085078	2.00947684362097
6722	11.3988864475266	0.478814411984251
23113	10.2233979354829	0.42928513315634
10591	10.8423424388464	0.841550005490855
84630	7.51294156969321	0.180320485774903
24149	10.9207744581952	0.640517659697145
89845	10.6435039648392	0.615917033933481
65989	9.01047948961139	0.708178220401102
93643	10.6443809652783	0.357214091188492
221424	7.99880550707031	0.335126700715119
25844	11.7257507117111	0.557311619625924
9533	10.6145008172709	0.353439284234546
57510	12.0714576927627	0.441666546319064
5429	10.3405046588429	0.496526833069043
54676	11.6233674410099	0.608697766397699
9587	10.2506315401936	0.404394700923043
221421	7.70483630395016	0.0928622078040384
55168	10.489278720928	0.387715129461634
7422	12.0398586270337	1.00815110718485
101929705	8.0865370517678	0.740345697915153
221416	8.87847265211729	1.64572014656381
64928	11.533057011322	0.381089647053196
55362	11.170517129766	0.523211189451331
11131	7.44798065833672	0.182591791844505
2030	10.9609627814433	1.21833921088669
3326	16.2130826257854	0.510031260150463
347734	11.7346368003169	0.37483214668754
4794	9.52140330242352	0.4152719968913
441151	7.5772156596835	0.245438600470433
202500	7.69118159744245	0.181188508325787
57505	10.2347370517367	0.413125058790701
988	11.6029867264178	0.45513557229684
8464	9.18367892773149	0.424651465713915
860	8.49025656284849	0.757185303391138
53405	8.87394578893092	1.48756957705847
22875	10.0727757277363	1.22700120764962
59084	8.79024655197022	1.1686873552961
10231	7.5869973811955	0.194136607844292
51302	7.82093679456348	0.489990009274227
9481	7.66527369350427	0.278764340010517
221400	7.45758047975794	0.154543230215454
7941	7.53797698279705	0.220126421198184
4224	7.45931340469629	0.216562973030797
221395	7.70877665729185	0.406034063218888
266977	10.4964689143283	2.62058333715136
27242	12.7762751642437	1.93744522839938
23607	12.6339139613393	0.559771537563289
222611	7.62527566767795	0.552160035323953
221393	8.82392562975783	1.2743288109365
442213	7.75660628726746	0.907620292780909
4594	10.9190057379249	0.435982067256281
55166	9.81157512951856	0.406625142313713
135398	8.66229559885863	1.00151184067481
6005	7.43103092600716	0.189400381499423
10321	7.70949803434266	0.371747413977304
4172	12.4611928561162	0.364675791691876
85315	8.95299133108553	1.22042696149848
114327	8.91568437432734	0.501303965695419
9697	11.3852752564289	0.982962688836918
401264	8.59440452104837	0.277574141914859
730101	8.86855517111384	0.443496076570867
28978	10.5130201971242	0.475608662851858
2941	8.74446671572933	1.10010667806524
125050	9.68741136571662	0.761772797705116
22858	9.97188435505946	0.869012232070023
26268	10.443702526542	0.366808139272689
60481	12.9668361902752	0.636792194576891
2729	11.8904780121935	1.07554406873021
101927136	8.27884364927819	1.27427202252719
101927171	7.76982883949253	0.336784800947669
401265	7.91309511607753	0.344061451797741
55227	10.6676106046774	0.651885504815538
90523	7.72069904699745	0.949802433036223
222584	9.08408500142061	1.41684396249916
653	7.62541738545417	0.661179972610334
81578	7.7500246448328	0.576893922060189
667	13.291870148621	0.701592316725058
101930010	7.70088729274862	0.263154262946646
221336	8.46305513723715	0.780921050446421
57691	9.48082437375339	0.477607285138207
26036	10.8688446609336	0.253288309906196
9532	10.2309017763865	1.19424273999999
51715	10.0924186459483	0.559268537212684
5558	10.1821156932113	0.398004311877445
375513	8.49915821790944	0.193061543702895
51557	7.66533422693509	0.226289934245612
7803	12.523032063723	0.695667686059854
23469	12.0035998699445	0.386806978871332
346007	7.91259314535077	0.160243267124643
441155	7.77986802550239	0.0804567717017813
55788	10.7561725243664	0.421652826585685
101928353	7.903690028228	1.21696040783901
57579	9.76188226379083	0.505149892268503
135154	8.96457805291559	0.368879061149288
60682	10.6629075620571	0.434493075785886
79627	9.98699259945106	1.20129590522725
79940	8.30449543565651	0.552309167266633
56479	7.80068292838812	0.885874400607412
100129128	7.57479421516397	0.383566702785145
80759	8.72329716100666	0.61218986161915
441161	7.59450873948164	0.350265853216697
55510	8.30407500007961	1.32266029054174
115004	9.97574699766303	0.484302428010744
25821	10.4216146830358	0.339437214132721
1915	18.183273867662	0.396098455177017
26503	10.7972487341527	0.343553026937862
135228	11.6703773064012	1.61473751429244
101928489	7.82748433757051	0.430232473972975
1303	10.323801750224	2.56514548297848
1347	12.6322478531245	0.3203182222246
55754	12.4080504770082	0.314759306563275
100506804	7.72422845700926	0.132465374110761
27145	7.55870305076405	0.0974588422867481
26054	11.4256542234673	0.340286623115927
4646	12.0643159433397	0.666777014374235
3351	7.83689125270237	0.738247290221229
101928601	7.61149388033939	0.402166279700944
134728	8.79600955445311	0.40637119004078
55023	11.8220101579681	0.367142160012273
9324	11.1465308974045	0.67763012060953
100288198	8.27959745736734	0.221456599281166
80078	7.98245834049945	1.06222261832535
167691	9.1069194337171	0.917936920028415
105377866	8.00185883751506	0.228546619559374
83699	10.4468938153335	1.1742417862333
6785	7.89845944017313	0.76908626788643
7272	10.9468385079355	0.365702283059257
594	10.2658812786404	0.476448841271223
55603	10.2295989802892	1.07145607186205
25998	12.1526764673605	0.423473001934156
7162	11.3664982599209	0.913247624113118
90025	8.88797221683117	0.340682572822185
23033	9.5009522384619	0.386973927499125
5238	10.7167759360116	0.550495974251669
112611	8.80973842324704	0.491880557860492
4199	11.0399476435186	1.02721652595379
167681	7.53331326407212	0.270045201589678
134701	7.77692607853475	0.535667339421937
51167	10.0151750098884	0.785834200311125
112609	7.62292283417556	0.262320453248461
22832	9.0281165250623	0.424792265830695
9096	8.05048588138409	0.983887793257512
4907	11.3958696356066	1.41641307798292
57231	11.5398328369318	0.355145539650657
10492	13.3330806659532	0.341641396004493
387066	11.8316015729323	0.942520108232177
692088	7.62726682747028	0.119173752274289
1081	8.7820755163797	1.7184699159475
101928870	7.71036364734235	0.117273370955149
23036	11.0896509985412	0.626776844863355
375519	7.55792518010399	0.282287674218474
57150	8.64302887006482	0.326427607982259
206412	7.64751196745269	0.181371553484201
154313	7.82856687726097	0.272093600390282
10559	9.97458186128897	0.563884315596836
57038	10.398924420923	0.425762705654057
23595	10.5037714636474	0.245786141895431
55122	11.225490407046	0.371014290683787
1268	7.70491149980995	0.66296830217127
8732	10.3295081747801	0.417514285668757
10957	10.2571034567614	0.592606190880663
135295	7.62211470633674	0.197449765770774
135293	10.8469977268777	0.625945901147809
2570	7.55544243548795	0.172102538169323
51465	11.6136337463996	0.461962472106728
58528	8.91028876580208	1.51417001121037
22881	8.34766414642347	0.438442903101733
57226	10.6617477966592	0.348328633251239
101929057	7.62814228669218	0.126073886214611
23195	11.9221970495468	0.607742624091246
9994	10.4674722466799	0.274706529811564
60468	7.96478519253452	0.487374335919585
6885	11.0144780934423	0.371940315991374
2045	9.51061394170408	1.56258421851169
79694	10.012482824379	0.21928676342415
10690	8.3326286419274	1.10088155134787
23376	10.8607083672857	0.333759555468438
81491	8.33964025916086	0.309972826777609
29078	9.78507439497676	0.573834435944031
114792	7.66631056200022	0.247052439519568
253714	10.2850948605674	0.273536775163833
26235	9.37432022433623	0.292929201052501
84553	8.45822450125841	0.74847023510479
51805	9.11870027772534	0.510895652649944
25957	11.1998042951492	0.308313324311935
101927365	8.30464131148479	0.287673529650226
85015	9.43900689291619	0.417516258214479
100130890	8.42167301008938	0.174752045643155
892	11.6356673140956	0.457564861319734
6492	7.50695673929742	0.183636017866263
10973	11.6633873586334	0.411554324322451
2898	8.03818466179208	0.995030566064494
57531	9.55047824480542	0.371352311033667
389421	7.76739986968532	0.917308255865734
11149	8.28517571139937	1.34637036701203
154442	7.49830893770878	0.311364612414561
64208	8.36876820341794	1.04214846195426
5550	11.1577049224685	0.46530176824211
639	8.60220681429391	0.828966823828172
9474	10.8535581414673	0.361256205957813
202	10.8673671290578	1.68066421857704
84816	9.53520138993395	0.455622033606493
55278	10.3163212647974	0.341241335861609
100422737	7.51848789286383	0.502446115689838
100133941	12.7130522332632	2.65799861214168
51250	9.34166552056036	0.399382039721795
57673	9.11351248849307	0.311220954619149
57107	10.1109981946161	0.47539970438447
55084	8.95416785997995	1.45596271772652
11231	12.1519476920941	0.788583949287437
28962	10.9083712110666	1.03021809055744
7101	7.43136534979683	0.158034988859203
8724	12.5575247596075	0.568029206887523
246269	8.95638785775112	0.337618311012318
2309	11.255490071289	0.701733178716039
84071	8.18391402359449	0.300066056360218
27244	9.01734026614976	0.411747232797774
285753	9.50991719521273	0.396328453690565
100996634	7.45342542115811	0.191778987748866
221262	7.47791478419555	0.370234173078598
8763	13.5761082273212	0.439165786988108
285755	8.15357612900104	0.393635522401703
6610	9.26740813838765	0.314759372051933
64780	9.34177129437817	0.486266527415747
9841	9.49091491410944	0.442431018060799
221264	8.81946675745778	0.342650830833086
9896	9.79777295139221	0.340448845553933
8936	10.1685528777713	0.775362063583376
51362	10.6859505974394	0.481158284727083
8528	7.70704611911754	0.193285938943571
23097	10.6395166132316	0.72456414460637
262	12.1778782626454	0.545611724426315
112495	11.4102373432287	0.597019277559613
84154	11.0098403157704	0.549376259436885
117247	7.81559464977076	0.507951036000737
91749	9.14343446055313	0.543593733464185
5980	10.8696954716874	0.819215974483057
643749	8.35531360602992	0.292700300483586
10758	10.0951580640458	0.568341981929089
2534	9.33507656285666	0.918385646141661
8838	8.17791379149755	1.06128591169086
51175	9.33543893943791	0.60786823053022
619208	8.34201571926626	0.324934284250214
3910	10.0186552532591	2.08110710100639
101927686	7.56740656456777	0.289285974042647
4082	12.5087540671795	1.89984527384387
285758	7.70311588609279	0.659079204450683
3066	12.6883372503165	0.505270497703322
101927768	7.73885227943274	0.25307387387849
222537	7.55689338869108	0.296473151765556
2444	9.24694388869943	1.10203127589428
221294	10.5373661522232	0.319833659959641
23270	9.97472965802806	0.849533531336065
7259	12.0894728699926	0.594345779081393
29940	9.43036774576498	0.849830155781114
441168	7.50942374943792	0.201715865640181
51389	11.006627012545	0.510885899379447
345895	8.21529515995411	0.262536444440709
221302	9.46006200762525	0.456042128157984
3841	9.15470335589007	0.540987093052776
222546	7.43276433083326	0.179744315127898
285761	10.3152507555289	0.528295011764613
57120	10.5387377032247	0.600904407940344
101927919	7.69911148928745	0.119869440902383
116150	11.857297123683	0.401637735308705
387119	8.63983136021329	0.379790419682234
254394	9.65693068435391	0.406277002900233
25842	10.2964885154923	0.54536490945048
79632	8.67447053463751	0.676692865548418
4121	9.62373062418617	1.98695207154752
221322	8.84764737282225	0.409236206697561
2697	9.18982219529454	1.90042137152422
3298	9.65317025569528	0.444566590682224
57515	12.4025221477708	0.476486630995708
5570	9.15010110374518	1.6623620809199
10924	8.72434634851504	0.794287454878807
134829	7.48332226672272	0.277981918209202
154215	8.02433377630114	1.12682663764737
154214	9.26664630737698	1.00339633605956
7164	10.2888003303038	1.43692376365551
51020	10.6306212275365	0.508845535346187
643623	7.41323103326879	0.225733770893562
23493	7.98928842864962	0.942010381970658
135112	11.051818207816	0.984038124602095
135114	10.5653079684191	0.355899439253524
60487	9.96854539816856	0.339188158878886
387103	10.2552384896949	0.396665304354898
81847	10.1954456381612	0.386304337505139
55862	11.2874867354491	0.551033604125214
387104	8.22393418607366	1.023456185464
5796	8.197968743247	0.658100499173921
3908	8.476594572945	0.758283653729455
93663	11.1929322792123	1.1012339429581
84456	9.37070008137516	0.636857217031275
2037	11.402093598034	1.1829605922126
9465	8.42066501037596	0.584226071568013
9439	10.4994732210787	0.479781396035062
5169	7.50388116872671	0.161994810703703
643854	7.57407479434438	0.182010263721652
5167	8.65940202255545	0.975471083098181
1490	9.86459850604939	2.1325370731031
26002	8.03363311990338	0.907502074897262
8417	10.6471970629895	0.353829151847118
134864	7.84142590050386	1.29496804197373
8876	7.55201473886036	0.251022694276519
116843	9.82989226502088	0.901369188010389
6206	14.4130097787468	0.485223454431328
594837	7.72200753561563	0.192338180745679
594838	7.58952243637154	0.15042948469403
594839	7.96832026496202	0.24502507888409
2070	7.73190510344692	0.58530940948707
100507308	7.54251213104522	0.222783147473503
9519	9.76673501381626	0.494752742183685
154091	9.32509550447138	0.911220680826469
6446	10.2061115603572	1.9221442482984
154092	7.64401863746489	0.760287363354946
101928304	7.67172207668112	0.75081276843214
64577	7.70789220873737	0.65558625454599
10767	11.4301005508997	0.489539338273446
4602	8.54011918884905	0.736421455427588
54806	9.74220554688064	0.612960156365057
100131814	7.57552570245103	0.121944891914604
27115	7.93470377155611	0.5695938074494
113115	9.56810517958802	0.208183470382096
9774	12.7198775322962	0.337498294943197
9053	11.1689844811283	1.29445032207248
4217	10.0442856054114	1.08705949771036
5191	9.23277522497752	0.313087315832041
340146	8.12508442799595	1.58041678544051
53832	8.98043047669516	1.61309907926895
3459	10.383788779477	0.621237601671978
100130476	7.61951934118318	0.11203201468384
7128	9.69041461512747	0.891455846562738
64065	13.4630704250193	1.13333479704231
57221	10.4500099659733	1.50366969008722
23593	11.1573869286181	0.417776234405137
57224	9.65308412649861	0.485895474003137
441172	8.1401812887615	0.216562611548481
100507462	7.76136678583755	0.158242200253999
25901	9.36648118717508	0.458396767049601
345930	7.59513779061641	0.0875914195718794
85021	10.6383455862393	0.299395005993159
58527	10.6316053588799	0.881967396503036
51696	9.53749851621833	0.599061394968952
167838	7.46912922538414	0.332098026021602
10370	11.9407100217827	0.841596957142142
51534	11.4298098740995	0.344108785311133
57211	11.8789561316197	1.30730801916987
153910	7.61726505787086	0.647990362632475
3097	10.6012592063921	0.614501264887682
51390	10.6600600268813	0.404088017089007
134637	9.03002748886857	0.437367521314312
8504	9.72868162426624	0.366976511580847
2519	12.0545339013425	0.578868846084685
9749	10.6162795637883	0.793386535227728
84946	10.9408001203219	0.474333640619751
5325	8.51162023255156	0.889343414426895
83443	11.4560722035092	0.542075260198609
8676	7.76932523622436	0.307939548636679
7402	11.4933826723129	0.932616996799818
7957	8.78770563726248	0.384176755800576
100507557	7.63878831576272	0.0894319495869756
84085	10.216046070351	0.378545925342764
257218	9.83202461573745	0.297826858398166
2911	7.53967374216562	0.170316900272471
10981	10.4654109581284	0.518352507673008
729176	7.82581200560425	0.138041282405507
729178	7.70261128684734	0.342327657239758
134957	10.9070485139951	1.07456869862289
389432	8.8452749287418	1.69349045867645
23328	10.5186007274541	0.616584313364447
10090	8.90034664316138	1.4133710775037
23118	11.6568597184738	0.393558876973893
340152	7.55392454207218	0.101605522435768
85313	10.4407366122943	0.450303751139353
116254	10.4453500551991	0.379487088535088
645958	8.00116479145814	0.153047189039793
11104	9.65036028196293	0.400846183215797
9113	10.8019043999996	0.595599823246615
348995	10.5532132936854	0.48653695115488
5110	12.027198727926	0.580500393413156
84918	11.9513823161623	0.575719858045407
135250	7.98487319155227	0.558392030191304
353091	8.04766856816325	0.604702254290695
80328	8.66987804283064	0.750183069903571
80329	8.4414773301791	0.73690663196559
646024	7.82499223958329	0.199303747774078
154064	7.95035988730391	0.794490331872528
79465	8.29506618392233	0.422696842666246
81706	8.20378325344501	0.724723062024911
389434	7.47174459562355	0.312293832065974
57480	8.55996540735138	0.902565509761955
25902	11.0350309940551	0.660311068615715
9590	11.6415855315515	2.15071691312419
57621	10.3854215585843	0.288433697451602
55005	9.73731138637993	0.371263229716338
79624	10.6348552634553	0.32671432494128
80129	7.55507699006185	0.223669379412627
2099	7.88468991382351	0.60529206291345
23345	8.89022407676405	0.859862320127098
7432	7.52157713021143	0.336717393129799
26271	10.3525191631146	0.311879754714478
54516	10.3028519881846	0.300723572486405
26575	8.30084878467425	1.23142369039017
26034	7.61634255563431	0.379171037322727
154043	9.53206618704286	1.70574974023673
101928868	8.03551958774475	0.651172451001562
22828	11.3573486602897	0.331001054657472
26230	8.26786552731225	0.543205253069839
51106	9.40571868704368	0.275886601791843
49861	7.56517243931691	0.124720170861129
57492	11.0547229934108	1.40412920591938
729515	9.62749969972216	0.468322817425311
79683	9.57984977286804	0.669072437578865
51429	11.4626079539383	0.327841858769842
8871	11.1507676771875	0.654246886010492
84947	9.52999810059836	0.454997443122211
404672	10.4986042976293	0.541916928639276
56995	10.7191492841793	0.459382240004951
57583	11.5183230913034	0.587695971476112
102465694	7.78462069386975	0.160714747125824
6993	11.4177155058685	0.257722509010404
94120	8.72175249167296	0.732198867337429
7430	14.4224265555824	0.930088027165217
100130967	8.41830619897529	0.494565133098804
83861	9.5034849901834	0.267807192793324
117289	7.58935496412746	0.16518432466256
84624	7.44368977867667	0.186510859312302
6648	11.3113746414815	0.53787147262344
9589	11.7802584906056	0.26272413772229
100129518	7.88278491316847	0.109897557547834
39	11.4464415592606	0.345231765752333
6950	13.6092443086418	0.51932097031907
29074	11.4104881231393	0.320710816888295
154197	7.55368035122659	0.123541311145207
3482	13.2946410724678	0.852361767434918
729603	7.82376707454852	0.174474695706278
6580	7.65265709604128	0.121188201637822
6582	7.42702197089965	0.167758778301146
6581	8.02047796400497	1.23084283339795
80350	7.51470835042402	0.188030380424424
4216	10.6355923734961	0.424547436148643
56895	8.87197102248572	0.661207603578705
5071	7.52492777608615	0.227417093573996
135138	7.54627680376176	0.177275327377605
105378101	7.55029518039996	0.162063123231671
9444	10.8960232404021	1.3933762664388
168090	7.51596333907451	0.41708530625839
10846	8.50115489719233	1.32940696582638
90632	7.46913834012202	0.231494907024342
285800	7.80595699155953	0.853372897525694
113402	11.1397511623313	0.444511535500442
100289495	7.88224995660001	0.22428183910222
51660	10.1597583758965	1.00565923560842
6196	9.77395415586099	1.45089854987705
100874353	7.52488534586879	0.221255296780642
8635	10.2470651105155	0.746420519624431
11116	10.0043001189387	0.398743523541401
1235	7.62632789933199	0.15913434811126
54346	7.44139243618233	0.170803447563375
401286	7.43674229935337	0.259493699842822
441178	7.47693237751347	0.368302805752372
653483	7.75972463541855	0.254479628111522
4301	12.2727483678793	0.5267367314169
100505879	7.42855112280451	0.171050074633956
168002	7.97131980898778	0.681554245704409
64094	8.14801376268133	1.33106127589438
101929523	7.8651596597172	0.337968573313583
7058	7.84623027055488	0.343804263677936
105378148	7.54973032910068	0.493198957761928
253769	9.31413302705929	0.325617766333044
387263	10.9922566755716	0.526846011359601
55274	10.2367434399675	0.517693208747094
55780	7.7206608623256	0.238461934693525
100131532	7.4293403497027	0.260955744637317
105378152	7.547787362487	0.462980625896974
102724511	7.44956895498364	0.264244924945452
285804	7.47462573544604	0.350012208857106
401289	7.42273696407465	0.194093547532897
5689	12.6943074147394	0.262783826628421
6908	9.94580127232323	0.32649973440246
5134	11.0834877258254	0.385455523516926
101929692	7.58200060661211	0.372437158092627
56975	8.35414004610522	1.03010208873063
5154	9.76544748329573	0.749201356337917
441307	7.85675046450419	0.333719743958995
5575	11.0406378002395	0.850690994464299
54919	11.4565505047813	0.522312249490686
23353	12.5833286398315	0.277534724437227
51608	11.9163119215297	0.526068712163207
11033	11.0306628466908	1.49023589844986
90639	10.2627988693836	0.239295632413216
84310	11.9133997630662	0.570125311936018
54905	7.94084764220247	0.488942823479481
115330	8.0140540353103	0.299611564911458
2852	7.99453239681307	0.583538450072009
90637	9.89326431504165	0.714392484564823
101927021	9.15505437451395	0.587786713204097
79778	9.87136353858304	0.467664157322921
26173	12.654286621067	0.441988759163225
7975	11.561172868516	0.678317396408715
100128653	8.14131327019317	0.14417025756076
202915	10.765207273759	0.875300184074324
84262	10.5924949606313	0.294412540692132
114796	8.65911865838316	0.685058585923344
392617	8.35035050835967	1.17338938618872
101927125	8.38830690011009	0.700588286777881
8379	10.5531937275716	0.333438168862575
29960	10.9125737783159	0.274207425161124
4521	10.5166753450507	0.388732481005032
29886	11.5197964389705	1.09545760657026
8662	13.6621065771889	0.469662737320363
55501	10.0516081292245	0.519147589607301
101927181	8.48184565657175	0.371675068767305
3955	10.0072103647002	1.58953629565669
221927	10.8614094543594	0.523849771992501
23288	11.1576734964862	0.745409860583106
80727	12.0499965630041	1.34040698781672
155185	7.67601697345194	0.133469438753424
2768	11.9807154677154	0.855078455329993
84433	10.1814424133237	2.33158719307979
221935	8.95767204990531	1.74097292666124
221937	12.148768328169	0.402117521663109
9907	10.6643630338973	0.519999840352027
55698	7.69001389884346	0.311255143710387
441191	9.84044694673851	0.457140278631494
57786	10.2300755422009	0.324605089475284
645700	7.55698463630812	0.157833823195395
26100	11.6842815141383	0.32784418758184
222962	8.93906737396713	1.34303036087962
84629	13.3515467144224	0.584085198892461
80028	11.214050039462	0.648183943029964
693174	7.57761172234084	0.0847203718071006
221946	7.72645230276726	0.121035270477336
60	17.2627724434015	0.478329151672603
6624	11.3669533119853	1.88050638527233
54476	11.3741131778902	0.53115298623046
401303	8.40976445486438	0.212281564350255
51622	9.90395533446406	0.385852825727286
5395	10.3239528040257	0.4962345459016
7965	10.8777543620019	0.353014542888584
27102	13.0146127669313	0.317184401472413
100310846	7.77710046695745	0.123445008135513
84132	10.4397426390846	0.275342599413155
9265	10.747852287844	0.786919554345142
84792	10.3271256715055	0.354344671239096
5879	14.1434467231899	0.278902236306598
221955	10.2448613215425	0.442466732941849
11014	13.4626425899642	0.360649954493575
392862	7.83124927416441	0.238309979980733
55146	10.6886953133854	0.612009902188888
79034	10.2717206841736	0.5102693862896
54753	7.87908901736304	0.578609227621772
100131017	11.3909509815865	0.273492406378295
7559	10.2371651501322	0.425142403523293
441194	8.70104005321797	0.311780635742705
221960	10.3170915907761	0.281531634322361
56913	10.8501885882627	0.484645714609926
101927354	7.53119992015545	0.140726075423322
101927391	8.0515110963195	0.375234330391931
54468	10.199994008354	0.339614316798095
6119	10.9835693308034	0.439361080707201
729852	10.1364219901621	0.295091403900927
100505921	7.60345819669688	0.115395483622939
113263	9.85081504252367	0.713123397861652
3382	10.1326401043041	1.49001741032595
100505938	7.90403849882957	0.212432357774294
30010	7.60080791007116	0.555861197502207
4697	12.8220832113278	0.418093868601674
9678	11.4076324368837	0.71329240734936
221981	9.50263036901643	1.6484977358932
54664	11.8641298596769	0.538326243563197
221806	8.5953923110864	0.824058854358189
102725191	7.74626947145561	0.332800570157447
85477	8.26754395228513	0.857048806148404
10124	10.2253184392425	0.671352116462764
2115	9.4941149691759	1.40790916725397
1607	7.54470892193382	0.193912621868669
392636	7.79849245710276	0.60854137744617
4223	7.65935532585747	0.691189650904157
101927524	7.4955679272381	0.399511643954174
729920	8.54685806367453	0.570481849450515
57037	10.4074622877585	0.426083145449457
28969	11.9800221746127	0.607066439009412
27075	11.8562920039089	1.47127097077718
10551	12.2676636545917	2.734184749085
155465	7.9622335333436	0.98502329944287
196	11.5913165355066	1.44531137921432
102659288	7.46776308783197	0.284620776977348
101927630	7.5386339066792	0.263287796110234
23161	11.5105302979115	0.282510946869295
9734	10.0648988521711	1.09282728732823
221830	11.0437431817328	0.378472590417122
101927668	7.61024953497915	0.21309824385666
346389	11.0731812626332	2.08952295411486
101927769	7.64896425011886	0.294902412624471
101927811	8.11659723191656	0.439241479348121
3696	9.82333966700499	1.36850391629814
221833	7.81257818754254	0.497786198449006
222901	8.06070615959259	0.147421668619262
6671	9.92538824561608	0.486746024372202
8701	8.09681511030292	0.384246153522497
55536	11.07954324459	0.741443429985402
9771	8.97393217310043	1.30817476363055
256227	7.6120841382362	0.50442127468893
100506178	8.22303784180146	0.68357177577454
3569	7.64033532039951	0.247027506829877
54543	12.7134936826141	0.532671017558219
84668	10.613481333327	0.823615561025887
100775104	7.92958214489158	0.222497226804296
55975	10.591933999099	0.340120497069356
11097	10.3984775962789	0.451422665458005
10457	8.49092786540094	0.718721583747462
115416	10.60259702539	0.427569641093829
10643	12.4031435108595	0.643734798564587
256355	8.04073489701207	0.567796911651604
29896	11.7240977974554	0.276705569826618
90693	8.9867950879581	0.488470968903114
340277	8.41424066484682	0.766386861368004
56164	7.65932314165607	0.244815005481708
51678	10.1892827970907	0.846401453388466
1687	8.35289349120404	0.720766858697992
26031	11.3555957248927	0.778726576226712
54205	13.5410258246778	0.39399591198234
136895	8.31287788676244	0.418903730565555
9603	11.016798109841	0.913263401567774
3181	15.7218893363206	0.315887564797351
11335	13.6316855213588	0.314130819390953
29887	9.4130094513233	0.604966075839931
105375304	7.69935302430544	0.82853482326611
101930332	7.7692427539575	0.454327522079248
441204	7.51053096285217	0.174856088197
9808	7.66600883583537	0.772456522566022
8935	12.1509994241352	0.759954607819877
3198	8.87772190221243	0.694935929558173
100506311	8.79011320990695	0.640985362326014
3199	8.2662720112565	0.591632270456912
3200	10.3083000810533	1.34021618461617
105375205	8.28754596121434	0.659129771101788
285943	8.27554938852589	0.692484793602255
3201	7.74431257435645	0.245854599580085
100133311	7.85407508936828	0.649124301796474
3202	8.62173885488641	0.860157495052013
3203	8.11502923550047	0.572846890285335
3204	7.5585524018497	0.227025128761096
3205	7.72324579128649	0.703870291136525
100874323	7.92781661631616	0.535267514081945
3206	9.36330405285343	1.55577145032675
3207	8.58823967076298	1.05690441381926
221883	8.15164181423006	0.790648783056696
3209	8.24521140614645	0.786425146961123
100316868	7.57545302201267	0.202920519689819
11112	11.1906575410762	0.565752851931986
790953	7.56027704753842	0.450534954765892
8887	13.0662190968251	0.367773252539866
221895	8.86828101063966	0.909746123582881
9586	8.45956579504719	0.878293142809872
9865	7.64388378334457	0.357223674497293
100506497	7.43878916220446	0.172803902508067
54504	8.48402311969446	1.01314378264894
1124	8.80284577604189	1.44616709004474
222171	10.4961766632132	2.26445496129049
646762	9.93492075157843	0.469346434425668
442524	7.6927874767042	0.101991807859969
644150	7.77773168262194	0.335169403143059
9805	13.1433659593889	0.930625746658245
55033	10.8351640634566	0.512283647309851
84725	10.662746120802	0.437371836496007
222166	9.1522916494754	0.651690386027699
223082	10.1651510843118	0.413088764779555
222161	8.46593856887916	0.287109089085265
100506516	7.75448849707286	0.1302281585343
10392	8.93798785155535	0.422973768941682
79017	11.6192878105139	0.417132722297105
401320	8.46762604843591	0.231035124836582
2617	13.3095120911072	0.784364892816455
1395	7.74552871560184	0.540327366628182
358	7.6417289119482	0.130646494684523
223075	7.89169552941482	1.19549002313433
100130673	7.50726307123054	0.271440758515217
23658	11.1848044089112	0.357631621203868
23080	12.2378523665735	0.42352523226235
100129460	7.99896354769618	0.154370970581151
441208	8.96898854867315	0.409880511599139
401321	9.2112855242572	0.554698891709477
102724668	7.65155035983961	0.187158933823719
25948	11.3149092184992	0.364735109403809
441212	9.07328440467029	0.404769190070879
11328	12.3045232711526	0.501961777596536
51251	11.0562224150696	0.684550903451346
6100	9.36501002360076	0.413701207802652
27241	9.14694516432032	0.313555131793628
168667	7.65813428751483	0.395582628182402
23333	11.2925859748739	1.17068357249299
554236	7.90332170529753	0.958362931489572
57057	7.45182163241974	0.256920856405935
64224	10.022755551757	0.408450243467275
101930085	9.17135780713639	0.364929849789255
101928545	7.79954581627074	0.164625989133993
989	12.9707557632042	0.230131430815396
80820	9.87408360697266	1.07879147892499
23366	10.111136418236	0.709956728455807
54443	13.1674115384396	0.495857675520163
313	7.57183631509055	0.291156146146018
9844	7.66349757026374	0.378984574770345
54749	9.64419203953584	1.31035297326858
83930	10.4037874798015	0.865216451541575
100506776	7.4878695898634	0.30223519822394
273	7.4475716665387	0.172795508771935
27072	11.3277368642933	0.397173623711831
11281	7.48961382923808	0.378526701861908
57002	9.45965570593116	0.448845029244461
5898	11.5768456257521	0.338344442488327
349114	8.71607983657194	0.302556704883997
105375305	7.84278404305295	0.115930037552939
8621	11.2293795669681	0.253188786100137
136647	10.4379798871353	0.522294619043849
79783	8.06300180634092	0.358586091018098
3624	8.08464265262076	0.649105306674058
2737	7.94751580003923	0.526627556346665
79020	9.9184431184472	0.274270519938018
5683	12.8647775732868	0.320628970595602
64983	11.1262909157667	0.420753904858206
23072	7.73245003021105	0.589604796822361
100506895	7.42325561891437	0.195156371687993
9263	10.8176399372118	0.638287762144865
55744	10.8452418346042	0.384450616128179
644	10.3960631309975	0.59564575036507
64951	7.53409815265127	0.12424424239663
55665	10.9861868204196	0.495564435502677
51619	9.24458185702169	0.491251290943033
84820	9.13678853455029	0.505723462471134
285955	7.9723912458308	0.144339795189817
401331	7.79956208974003	0.381468404818641
255031	7.85074049114063	0.582119019771246
28988	12.1583373240043	0.538163318967394
5224	8.38629544358097	0.363708813551888
27434	9.60678355526538	0.717375585255415
165	7.69650496262336	0.293052674931035
5425	12.5030519359692	0.643851177188689
10652	12.8302063591143	0.388714702297843
816	7.98154003711071	0.732721728143496
23386	11.9261538012	0.487378182356719
29881	7.90934418942605	0.889441621465985
54606	11.7729894131408	0.388324764059648
222068	12.7366167591072	0.492398007787513
4967	12.9088714690861	0.518280526516413
83637	12.1005522174236	0.682203580722976
5478	16.0833691326367	0.283312687606715
94239	12.8549264787924	0.476833723480297
5814	11.948747834784	0.421678210201631
64005	7.6192246886019	0.219431316722438
101928927	7.7415221443254	0.176102819887896
285958	9.82015765914916	0.45644140455854
83605	11.3440792761144	0.438904807492992
23148	7.81474930486112	0.473305046878229
9238	11.9211277086843	0.491329891719896
654319	7.57330445366279	0.0993732415691586
677796	7.75667952713132	0.131910345965497
107	8.41672079620401	1.49927646195397
641977	9.03002024732887	0.268548585874724
3484	7.95348898516515	0.713424782608252
3486	12.1677597360151	3.59823036023832
730338	7.58463950474812	0.365851104877824
64759	13.3251422675173	1.00085688335639
101929086	7.61686511267347	0.391101213582275
401335	7.44802676780997	0.146876084536178
84847	7.967776354192	0.667556407749414
168507	7.84049354461343	0.566029981446255
80099	7.63245523655413	0.750915222456697
3364	10.0581765299361	0.484161950772755
256979	7.67935461235522	0.257455849245234
136288	7.75773262363324	0.364295028206704
7378	10.8362946753684	1.36711549039058
154664	7.69764420199992	0.547979219466343
168448	7.7247494948268	0.144017282077199
63979	10.6429457804247	0.2264918986618
1644	7.79881594603351	1.01812346286465
2887	9.511219325739	1.4929648491872
23242	9.80145302259441	1.51259958798554
222008	7.861145893258	1.04741888382428
285878	7.41191061134282	0.154259902880056
23480	12.1278626229522	0.616713518836069
100996654	7.53512444306047	0.116658544117986
1956	12.5712604646914	0.830071699951136
100507500	7.56021297907841	0.116936666571988
102725541	7.56286348374045	0.127657596368468
55915	10.0591313387825	0.370492960604142
81552	11.8507333221916	0.519328002279585
360132	8.07065097183139	0.499358143007945
101060341	7.44166339450307	0.146559315006855
349075	8.60509532606888	0.62538812106235
51373	10.4110517348223	0.300690854898213
2631	11.5890172138761	0.731200327374477
5723	10.9280072306866	0.688947563850426
908	14.0800249934263	0.416662386823978
25870	12.1566918892669	0.339091044384807
5260	7.76580846834078	0.0981515371681517
51142	13.6875317225033	0.468457987695464
728927	9.01271458645644	1.06334537646086
649395	8.07720480260016	0.127298607632132
340252	9.42859963356014	0.576093115310216
100128885	7.53274254637765	0.503609062753763
641746	7.40829622100266	0.136348081759731
51427	10.0301506869017	0.501895208149296
7697	9.24929530435768	0.246265695256327
10793	8.98581568756436	0.310736678131978
51351	8.71083258278746	0.57802653850979
2086	8.53841511110573	0.473581811708064
643180	8.27438421191025	0.136962624747988
168374	9.52267370616235	0.286911117392525
441242	8.30479900661807	0.247881157017174
643253	8.62202446149582	0.27684250732282
154807	11.9046551260425	0.369403084321583
2990	11.2967327170506	0.652097143057042
435	10.5774082920912	0.448525881601556
27297	11.1075774037792	0.324299219217419
8460	9.38926700837633	0.518892147396889
285908	8.14514817847871	0.1850965227707
100289098	8.15133416137465	0.346227377724401
493754	9.72423045974023	0.310363642500895
154881	9.24938581764726	0.599541735266585
100996437	8.37752771672037	0.245271276713623
27342	10.8428590312324	0.364312455517535
729156	7.59896711911989	0.148402988342808
644794	8.25090183388861	0.173262967385653
55069	12.2426625325378	0.277613381338769
51119	11.6965883804208	0.673392073448585
55253	10.4466090653589	0.507921158670055
5382	8.33934487387207	0.280133123317299
64940	9.14387822404699	0.396884267648891
26053	8.14245721758302	0.73145790593494
441250	8.71973366533979	0.712258326432147
155370	10.4575804135005	0.466719177847963
9883	11.465811412328	0.502048701636793
260294	7.91436976868184	0.189503378379694
378108	7.60406738783846	0.0939319851678944
442578	8.94112563645345	0.476764747348984
100101440	7.8554737803838	0.241249667415316
100093631	9.96866520701704	0.459390003509045
55695	10.5539462511474	0.496224228037636
8326	7.65036015047368	0.42904460882787
9031	13.1012512708459	0.460565531810694
9275	11.238272824954	0.386934232989951
26608	11.1816042520916	0.373908332992789
51085	8.22661233932469	0.69939935938612
155382	8.1293503106462	0.534420300677186
84277	9.77220688753026	0.445284779476866
114049	12.1710963119986	0.494495366122692
6804	9.56921965900352	0.517753881660625
171022	8.13958792717482	0.324605338306829
83451	11.080186525375	0.786006775063422
1365	10.203710472808	1.65255189069034
1364	14.0523434959159	0.97770813419727
155368	8.4070866961467	0.50324784425563
135886	7.73020443717266	0.332796074267346
2006	7.52081451570597	0.125358092936846
3984	11.4965710942257	0.80469327449334
7458	14.1234892204312	0.426741531560392
693175	7.57578354106989	0.103653979629355
7462	9.00221523855876	1.60303873435128
5982	11.1105538780778	0.492499342121824
7461	11.2269171273939	1.33310219772957
9569	10.3393689161606	0.415346186241118
2969	12.1859412202388	0.432118559683213
84163	8.6128565724297	0.526119257817055
442582	9.11126302585885	0.414575045772508
5383	8.34623552522025	0.326148308625459
729438	9.38546816859634	0.681811605845967
81554	11.7294976756168	0.555736402655129
389524	9.48231251450366	0.315879763036639
2970	9.45119258111897	0.346803899173852
5380	7.77315455899614	0.141701561533942
54441	8.81669157917335	0.369198634290728
155400	9.02657156830872	0.311601256625191
100101267	11.5972534358775	0.537418153583343
442590	7.71084872825706	0.0915702337358749
5387	8.64611810298356	0.227086181156793
3092	10.4138757628025	0.914751241159428
10344	7.59976087698716	0.198692344580317
57414	11.7429987883614	0.434805272390283
5447	12.0227872284566	0.455276876189391
100616270	7.72540148969725	0.134779720660523
677801	7.54826171410467	0.11020845833034
83862	10.100449907704	0.576150841060704
51657	10.4400265774451	0.684747388816632
4191	13.1458899092842	0.531281942607306
101927160	8.07642583070664	0.738179932884615
222183	8.77988473845488	0.986567196014934
3315	13.9064607090233	1.00968002543039
7532	14.1400242343755	0.431343985534879
136853	8.04189107413634	0.212926465114786
7784	8.79196828981427	0.767027937922037
113878	9.66525805301339	0.662344160926989
619190	7.47420043524276	0.137430739544463
105375355	9.88681184487827	1.60800856454506
105375354	7.52071270301196	0.197418702458491
441263	8.30178192966895	0.435829141986387
100132832	7.7792844814378	0.251776034432695
100505767	7.62912694669012	0.117992711421108
57639	8.02838335002391	0.465496069304515
54103	8.75694706556336	0.48174472507355
5782	11.9236804823033	0.471906603257899
100505854	9.271581416301	0.341456768741092
222194	10.1243793211864	0.299340910016685
85025	9.61988752084312	0.41959310384136
57157	11.4459209561721	0.570443691718075
9863	8.12023622439485	0.376902160095725
100505881	7.93167636241881	0.99000004578134
2770	9.92752026937981	1.40306517648523
948	7.99765576729234	0.950392813224711
10512	11.1229155116163	1.68836943415018
3082	7.48747910028457	0.28985919115413
781	9.7583862544595	1.67016544144801
27445	9.6050014352208	1.11091909092698
9723	8.26717969710746	0.912906853751328
10371	11.4193881267661	1.68922793682395
101927378	7.42286544380514	0.221936053420225
223117	8.29575548452736	1.27583074119683
222223	8.34736488067793	1.1100296587713
101927420	7.76150471747022	0.15667378527121
9988	10.2335818701423	0.410466486331406
79161	9.84599939263155	0.463934796331626
11257	9.03117624180652	0.488443469478418
54677	9.70019325106816	1.02913138779098
5244	7.49083002120694	0.187427205995989
5243	7.89135338063984	1.24698643872339
55972	10.4502039561819	0.268863608473143
10926	10.8651783421888	0.456321171401845
53616	9.22640412742957	0.791292553243959
6717	10.9554752779111	0.474296255275843
79689	8.38993417711793	1.23845947770563
26872	9.22960960842085	1.36461100857315
261729	9.30999292099026	1.46342845351117
79846	8.03040190594422	0.509653676205813
85865	10.6195241107209	0.259047728874949
9069	11.1543064494092	0.66530374363712
5218	9.54851753999123	0.979709412294392
8321	9.99655106812971	1.27160051728086
7978	9.30567818181467	0.184072286366165
10142	11.5470689535384	0.510373373423704
1595	12.8518030275199	0.676407340842342
613126	7.62401547603053	0.0872776924996551
889	11.0030944559297	0.334531836347528
54467	12.1200185565035	0.361284758595554
57798	10.8798431199744	0.213735508043134
5189	10.3098821758454	0.515456624877295
84060	9.66217943484521	0.250837784870317
257415	10.1849669047772	0.353169494845965
1021	12.3794691505464	0.82181868478888
101927497	7.60133996071699	0.116221897542018
54809	10.9655894506306	2.01695548252381
219285	9.13051189845753	1.62132600540627
253012	8.01226996970024	1.51783151962228
55610	10.0326227759207	0.346508858900867
799	7.51420901272013	0.173478377979861
7980	9.47364737586969	2.0613975674769
2792	7.59049342207137	0.274557277279637
2791	8.48927272808142	1.49821150689781
10282	9.88478524370164	0.391013574580329
1278	8.53742280252367	2.0831676841564
64921	10.0865996514109	0.385985806494487
8910	9.43008365932231	1.40697498320147
23089	11.7243516182819	2.7323752011876
55607	9.46236108911702	0.935883690664647
5444	7.50773869273146	0.197684095990617
5446	8.46823369638672	0.573043525656409
5445	11.3085840313175	0.361568919335262
51666	7.65720153315952	0.267084636716221
5166	9.10624409479069	1.73274745822491
1780	7.90001146638786	0.770901486098194
10165	11.6089050655619	0.363305092347498
401388	7.44803127362449	0.289257601431847
100506136	7.69203302681347	0.106839845665985
7979	12.405095664499	0.373852327677701
285987	7.65037396451262	0.420436917667447
1750	7.85808603822702	0.656591985132964
1749	7.53833640769208	0.220036592556979
57001	9.77916606689928	0.679693907685088
440	11.8238750381245	1.26316865647763
389538	9.78952590844631	0.641830089127569
22853	11.3040749588132	0.411108287333928
168620	8.54635240591679	1.00053026196634
25851	10.0868588130107	0.443091283167472
25798	11.8529481459639	0.608210767223132
55971	11.8913291222857	0.778925136254455
8295	12.2803885651818	0.515474174212094
101927550	8.15843972044109	0.152532557240289
57154	11.6192172773637	0.498494715732551
402569	7.91871015990614	0.295404690695267
84176	8.02134366660098	0.440151444526247
10552	12.7215743820923	0.493900721863107
10095	12.8314034613071	0.389171771434773
11333	13.3446825922416	0.378975129128247
8896	11.0961062263366	0.336860085834459
26024	7.59083959777367	0.0802457936039722
10898	10.7746565282091	0.534143581307891
9551	12.4991496070865	0.437998161510491
285989	8.74896242464134	0.275089629814567
84124	9.87973250689917	0.204860928918901
23660	10.0907077256461	0.434046384019558
221786	8.96069470935902	0.250480536986913
79027	10.74737120897	0.677732879414385
100289187	7.72662502249011	0.187218059938931
221785	9.76878911821157	0.321371778469429
1577	8.29596217382577	0.783536603099895
89122	10.3174020704238	0.343055264176078
349149	7.61165181203373	0.220171740194815
563	8.1361923076767	1.50374503343065
7586	11.9273793485522	0.460649652272427
7589	8.48823034131935	0.282767556777672
7551	10.1421520020401	0.477393363944765
10980	12.644230940533	0.293175792342142
4176	13.3544344142456	0.667911557007067
407014	7.8132114304277	0.180034220065023
9179	9.21005223299888	0.385493456624936
6878	11.2647162059824	0.294038673194327
245812	8.87559316163243	0.377533531856791
255374	8.36059360599968	0.301153653899719
389541	11.2215527596355	0.474472828539491
55262	10.0922419208032	0.381434035892398
79690	7.68024265817018	0.228001164081885
221914	7.9420597338583	0.308110504585689
10734	7.88647710369594	0.220444640127732
352954	8.92294575774938	0.670153258632099
79037	8.20745429931778	0.401703476972864
441272	8.3602281437689	0.189034154363412
5379	9.46988128316741	0.342616412523413
101752399	9.07041747513929	0.258667331745326
101735302	7.82084061136378	0.141385429201886
102466747	7.60014519749092	0.120565573895724
29990	7.71911558048755	0.160020871770862
55063	8.43677988048825	0.215223841440182
56257	11.8434291988909	0.508460313723891
221908	10.2226024430074	0.385874210703396
402573	7.8114320536822	0.133314575632999
81628	11.6216333604121	0.501011946363098
222950	8.32863765266493	0.436867762856175
3268	10.8298427492922	0.63680339593046
100316904	8.18081538164728	0.217046921881253
4034	10.9892633723747	0.455188634140021
26261	7.7373357033622	0.104871260445895
5118	8.35710630724496	0.371064153345796
64598	9.67695457347732	0.413895626116802
7036	8.25873529433026	0.638491795818118
2783	12.9307870495817	0.22528552380685
64599	11.6185790198329	0.515101947692128
10248	10.7607979828852	0.300657138928231
2050	11.3763028459687	1.51642255742213
56996	10.4526477044917	0.238355296263575
7205	10.0194406698306	2.22721300671161
51593	12.5335207393316	0.253399804120162
402682	8.34077576993961	0.197281817392081
43	8.34732060900587	0.754697948829088
4584	8.39244383329552	0.619306658165645
10071	7.89594161494933	0.334610321210001
102724094	8.09645123168163	0.421392286910615
81844	11.2795696829861	0.430578948589806
5054	10.8469212239282	1.7169720768608
1174	12.4182214312415	0.563281936501966
100616117	7.74904003760814	0.159520930857786
7425	10.485323716169	2.56304573143865
375607	7.7297655231194	0.581396850842686
346606	7.44418932574991	0.223832559529785
8985	11.6488559150989	0.649913562453354
10467	11.4969999750294	0.281436690486693
24146	8.78013283984299	0.335594400234797
51024	11.1552121102445	0.608465179471363
101927746	8.84216562688364	0.611616540924279
64792	9.67694775408159	0.530524564370587
136227	7.93230321431805	0.842580433034714
1523	12.1347626910317	0.338791727934021
10603	8.53578876516976	0.340707983492666
729597	7.88848600656863	0.131124629464994
79706	8.05593968811478	0.118484611974932
80228	10.5674177728239	0.745675560092396
54784	9.16520490501896	0.240958487329459
222229	10.1594300190323	0.635654907472437
5439	11.5718247073623	0.304696019930632
100271927	7.78283421300271	0.199593896798571
548644	8.8367184529744	0.633585303781118
441273	7.67217222699532	0.1246717378118
10156	7.89401473163569	0.207580028472609
246721	8.05164649227524	0.363468208375649
100310812	7.53552438503532	0.125595685642061
222234	8.85694331930375	0.137971991663209
222235	8.25897499965262	0.931019198165044
10234	7.67876226902487	0.311586211785546
58160	7.67839696969093	0.724171153651528
83787	10.3552944019887	0.330390774013656
222236	7.77731179451575	0.217724873654563
349152	8.37521582512186	0.650983489263806
9512	11.4412103262443	0.32379047899172
27000	11.1175366490743	0.388316370945499
5701	12.3172690053152	0.350991390988036
375611	7.46346435343057	0.126004925074422
5649	7.74039576823667	0.326660763986833
5001	10.19044909071	0.337661772685921
100216546	8.08012745548122	0.227696814707156
100216545	8.75693162234417	0.275618100882169
55904	11.5071672111593	0.353844698472601
6733	10.8103360963571	0.366479917622082
54517	10.3698733452256	0.585207770890358
60561	10.2279773289989	0.491605907705884
100130771	7.65535701726563	0.0940454228309473
222255	9.41126430720346	0.35966087388625
222256	7.72269988797211	0.144268927312984
6856	12.3073574854609	0.939325183798763
10135	11.8071677909477	0.764135401557619
168455	10.0570441213327	1.06224985426722
5294	7.55965737007655	0.292171402338625
5577	8.4423050571498	1.01320949716343
26959	10.3532195719039	0.499319231373902
10466	10.8756737731299	0.329675012578197
11062	9.33974829259595	0.245731010159016
55973	11.0158040288722	0.355694270627735
5172	7.68135384349674	0.170358140958004
79872	10.6800629268204	0.353437367646216
1738	12.1234456612563	0.368266930821684
3912	12.3401141822477	1.17186736509336
22798	7.55115365614256	0.191288614736138
4897	9.19752126367456	2.1089444583813
50640	10.7668241316668	0.531854213394204
168451	10.3612742954115	0.448054945798051
4189	10.8734581322965	1.03988525152457
83943	9.02734978534995	0.469075766840203
9732	9.02859266321586	0.936025553195363
11179	9.64926298007755	0.331642569332069
3475	11.1042631047399	0.845674055906594
286006	7.93695788364566	0.20343536213549
64418	9.29957042259505	1.20603788300233
154743	9.48878930105255	0.371888288718272
54329	7.57215142476914	0.551482461726314
401397	10.289421970468	0.677373998222792
93986	8.06636275812123	0.73945996023666
29969	10.2697088286444	1.30264709320429
102724386	7.51962960253371	0.158283934042231
26136	11.8119610641631	1.62446735727076
858	11.7845555466186	1.24207867989
857	12.9483560924815	1.67255089838523
4233	12.5438214575122	1.31277564628436
830	12.1605128213014	0.285561320338587
93653	7.97596627976924	0.228773456836363
7982	9.91149671318256	0.381112335022882
338069	7.58506555285301	0.113914855147608
102466616	7.47987630665018	0.212293717894097
83992	7.73524491898684	0.640097184118255
51691	10.5659282806443	0.34676454767186
3751	8.06651821307375	0.772831156823576
23554	9.38657205637584	1.49292669913824
54556	9.5961251424149	0.469832902437955
79974	8.00779024327687	0.76175023816309
51384	7.65816980730754	0.217558915930406
10447	12.681379914956	1.05134338651378
5803	7.79463094162874	0.442260971378943
10157	8.66847793921984	0.93187903783148
389549	7.62624666865605	0.398324513787336
154860	7.6348806517416	0.35111105495581
93664	9.7450389093607	1.42413626756201
168433	7.46195478676256	0.204137352484915
378925	7.56349573598517	0.265477383336887
154865	7.696801607022	0.229082656470997
4698	10.8748406252884	0.570802873468965
8976	11.6768955693904	0.424627869041018
23553	7.68919989654053	0.509201128162833
2861	8.58235015202524	0.953169951565624
25913	10.4046926330378	0.308308912821512
401398	7.8496530162491	0.232540218901851
2918	7.51276067389685	0.16034475872012
168850	10.3246981829566	0.289041714982414
79571	10.7713486032829	0.335189533309979
381	12.0524166552124	0.319746079756376
27044	13.23755529326	0.358625446553862
64101	7.49235317788313	0.144531495753408
157247	8.9848489228883	0.199882764926686
55131	10.7704882354495	0.465178131568761
401399	7.68048035161982	0.349641092783444
3614	10.9475886371759	0.93922992545995
29923	9.65356428241352	0.650441661034493
55798	10.5856939325291	0.359019444599161
402483	10.287748632428	0.329228142260271
346653	7.85320278818691	0.149724053722957
813	13.4680218858788	0.501754710103348
64753	8.29683478691503	0.700938256599789
2318	8.84397442674564	0.900702930016881
9296	12.0675358471457	0.556265342568081
100130705	7.83793705048797	0.258168690834183
375616	8.36552518958834	0.91385536328759
3663	8.75720460266317	0.841139053201274
23534	12.2142703734745	0.43047929517905
286016	7.97976519828596	0.149366686731756
407835	7.57400368914381	0.0968551542267525
340348	8.55703847909125	0.499157517910429
6608	8.70521799755634	1.25379615729972
23382	10.3880914272918	0.559791589998776
57464	9.36643141284634	0.805216751108113
100287482	8.20585558171754	0.43652946077949
105375620	8.07939368166658	0.256430487427545
4899	9.88948026239676	0.182188860621938
7328	12.6837982621573	0.655493577467338
51530	10.1365857253662	0.432504696065016
23008	11.3246280003662	0.228085348032878
84928	10.4005607622854	0.577090512707991
51200	8.56790727512938	1.29246088121734
93979	7.57955180021786	0.216554436626457
101928632	7.54786348065348	0.225832385641735
95681	9.86133910188295	0.307148369838928
4232	11.0317979657957	1.33619237565852
317751	7.56195583623472	0.179202074804843
26958	10.5614783326071	0.389476942414157
53844	7.54573253839651	0.178180233574508
136259	7.66710954192787	0.26050482076774
378805	8.85997956244229	0.423970144445679
100506860	8.4159639397915	0.671149778517199
4289	11.701604146711	0.463934481517917
100506881	8.65299782480307	0.447215519783345
5420	12.9544727829118	1.35876526760772
91584	7.59090559436775	0.184729102373754
54927	12.0200775400373	0.407564955027888
100500804	10.2869608297354	0.20431217156406
60412	11.2850373753317	0.517293556807591
136332	7.6550318414046	0.172282606816981
84912	10.4280926189075	0.571808215734197
231	11.5231206042706	1.48768157142105
57016	8.64264806152484	1.18801735265583
669	9.76037109186593	0.338072579870302
800	10.7157348693746	1.78803717225045
340351	7.89883882723529	0.205634157358432
55281	9.21918145300699	0.251014016083618
78996	10.2243043561259	0.311814748008593
29062	8.89914573139112	0.612714159292051
4850	10.2597708725637	0.256231390010152
23165	12.4972624156436	0.498458530661827
647087	10.9744418169349	0.348583934809588
26266	7.68044691045543	0.128902692805901
389558	7.4567357723263	0.12521953322403
5764	7.72287909980645	0.099832287695462
64764	11.3755102893466	0.771459150034169
8805	10.7932916318302	0.387288524780373
136306	7.62960672488677	0.281083599735367
50617	7.82254290160986	0.594991733783474
57670	10.2866588421286	0.756610024157066
92092	9.86427307385178	0.616278680051533
56829	12.2950215005239	0.709596594163067
79989	9.46256580864064	0.51825759740568
254048	10.645646841875	0.453283391220584
51631	11.3632099663934	0.317450494743099
154791	7.73779269808015	0.171993418560733
28996	11.6569543320097	1.38815412064673
6916	7.96672241471412	0.56094833661767
64761	10.3054108469899	0.804847995250121
80853	9.63262243611106	0.921415341349724
100134229	8.58352840519295	0.592864447756502
84255	10.8086073975946	0.423841355690956
401409	8.26360291554119	0.521267942874008
23608	12.1412501146111	0.229815142492506
27147	7.53816992646696	0.137932404699545
90956	10.1466810158397	0.467745932869694
100134713	8.07256980161413	0.142754943894456
4708	11.9289088706571	0.324407784040338
673	10.8963585630774	0.335551092966123
51650	11.0205829242673	0.418946305916202
100507421	8.08292036914644	1.07923344936709
55750	9.16412782414003	0.35382717666818
57189	7.74004268331895	0.229848293794361
6742	10.8308933901425	0.275860510854487
54429	7.60912849153735	0.103843441538003
8972	7.72163286146482	0.53584702278672
5644	7.45709591689104	0.210340351283296
5645	7.63004228548347	0.398239960281643
28628	7.40464561503511	0.147869593310775
28622	7.43205660840758	0.240385318217827
28638	7.4700405246666	0.249013238513202
28557	7.56166511797778	0.273850793630592
2051	8.78417070273878	0.983085309709154
55503	7.84229483602228	0.458348955692963
373156	11.2961247366362	0.485298999820709
135932	8.82021631632323	1.15593672726357
835	11.2459776173527	0.324346451425362
1180	7.54880853751281	0.23061215078664
9715	7.8956714739945	0.394370374318835
7791	11.5110359498205	0.578671829278298
2041	9.42258875600513	1.55631446628676
285965	7.73891527127664	0.425164992636327
441294	7.54628899106494	0.228461772452931
285966	7.99134030405771	0.467992730974895
154761	7.53180175970207	0.170419269624959
9747	10.4822338139813	0.804083042133891
100128553	7.97623360810081	0.318644535996473
445328	9.15276572563517	0.810513071641567
101928605	7.57502264944638	0.185327514850529
101928492	7.64760582473318	0.279636319084455
401427	7.56530454244681	0.176764344794948
728377	9.22986759224033	0.80622223493706
100142659	7.90487704480611	0.306667838015621
7984	10.1607897222068	1.1046003303527
27010	8.31781520935887	0.510229182242477
26047	7.57142183608612	0.544757792852529
8454	11.7376710401941	0.394812953544686
2146	11.0369901372308	0.632266044473676
102723099	8.04316177086334	0.224132606971644
9601	14.2826031143339	0.575779704040117
136051	9.35327446434182	0.299109498312968
155054	8.54428787569817	0.44866780616374
57541	9.91646276765632	0.310395005189964
8427	11.1592509135662	0.261586499630146
7988	9.75675341328794	0.335554047732192
100289678	9.5847835557864	0.418245513946593
155060	8.10913373483885	0.102495975748025
27153	9.95245272120176	0.373410471596142
155061	10.2265101226788	0.335683076437488
79970	8.59081912751896	0.198985733657619
84626	8.55625550392936	0.768743888909751
168544	9.02442137399479	0.958007908993708
23145	7.86506722445793	0.369895314106365
643641	8.92075663620967	0.434354586208855
401431	8.30427744106747	0.513558033861417
155066	10.5268290619413	1.23094896174418
653857	8.75435175040808	0.640101544655627
65999	10.0259698191409	1.2160004114802
113763	8.90614161087824	0.722619888092018
5919	7.99068404323912	0.425221119504861
29803	12.4234161721622	0.640945506757871
285971	8.80986676478265	0.455196510628666
728743	8.18369006998227	0.282170167327131
26157	8.02451981375516	0.546779376581824
28959	8.67517888878418	2.03600696671612
55365	8.51529976418021	2.02622691719048
26	8.43187225177135	1.82039182174538
3757	8.8228914073849	1.73534943554996
4846	8.35511393210155	0.865147286619035
285973	8.17808579442341	0.48508625450321
11194	10.6885572193535	0.285713809558219
9311	7.97503074359076	0.286183134122736
1020	9.88187785710712	0.25788517026352
6522	13.0047205393337	0.572026389046516
10922	11.4574114303848	0.319245604914834
83590	11.7894184799657	0.41550963705572
116988	11.1505944420928	0.435493051491528
10061	11.7167482388007	0.379617347106725
54480	11.0080810460239	0.473642546754979
6604	8.86002965558668	0.843230130243786
51667	11.5334866768218	0.371191583216297
349136	7.76774465489284	0.11626330811222
6009	12.1338179476308	0.373618122355624
51422	10.6219170507578	0.620154851858561
100505483	7.65063213380258	0.252307023410032
63917	10.4290996051574	0.626245345690236
58508	11.7098492716501	0.248885135934883
100128822	8.67981667874577	0.484628903955828
7516	9.72478465685002	0.343557282396437
57180	9.65724755147625	0.443487716824006
1804	7.43971354041599	0.168567270369594
100132707	8.21629591475334	0.201789904601837
22976	10.2683704395375	0.387836416443463
202781	9.2850950619948	0.65485924324484
3638	12.3776445163719	0.605880079661881
2020	7.95096197550073	0.603417560851585
100506302	8.59656571604302	0.243012395763474
155435	11.4177288221559	0.308066232481564
6469	8.63639545632053	1.19522344707498
389602	8.13350720909816	0.512619358603304
100506380	7.58992709565957	0.131171300330395
129790	9.06304645044334	0.582615803427946
140545	8.851950175816	0.388297548101501
64327	11.6104249902723	0.414559957934236
64434	10.9879356674083	0.426423577532043
3110	8.80273143510053	0.665431222725352
645249	8.51786052827683	0.496073766129872
9690	12.8955348676408	0.334090509251264
10049	12.5553042022128	0.455317085450058
5799	9.20062962603223	1.3069350911695
100506585	7.56354582892199	0.285661163074569
54892	12.0809383455862	0.517760789956278
57488	12.8209650189573	0.503841394274163
55112	9.96196053735305	0.42044428130819
7434	7.62421159811415	0.236815766274082
644128	8.51699478182854	0.469518656967406
169270	7.83615823671726	0.295860017118686
101927595	7.91976752822951	0.211061086525615
26260	8.71749887859981	0.651640454641143
157695	8.22397337318116	0.570866967923745
157697	9.30337466807883	0.80602338675113
105377774	7.51185374512831	0.139665075224037
9172	7.47015521103897	0.191415930914474
100287015	8.46112116952867	0.322654523196887
79648	9.69182190524672	0.23478716432428
285	7.63067749827435	0.127218465821773
100507530	7.92619807857765	0.285055701137018
55326	11.1683123437261	0.492349190600909
389610	7.51471297982967	0.182242364491922
1672	7.79703333477961	0.698259345310437
100128890	7.70043245339663	0.267756671443405
286042	7.96871830618039	0.331631739957759
157285	10.4927362714394	0.669030586053633
137075	8.98762959076726	0.762173546198193
9258	10.4440237598696	0.209120832838863
90459	10.306402367689	0.612783602352274
79660	9.45222228139933	0.527418552758381
101929128	7.84675265464993	0.62609343965908
8658	10.5638693162704	0.29383792792242
4482	9.00544820158355	0.701941751124883
101929191	7.54371979351996	0.17697771228392
94137	7.97110836094446	0.412358241942688
203076	7.52463306907141	0.230248032209565
83595	8.69855611633479	1.32103696527498
54984	9.4300263803343	0.482787375851823
286046	8.48180925141359	0.628215778452943
66036	9.78483632233618	0.528948978709567
83648	8.08788069040316	0.552836352326833
640	7.46582028441591	0.186475364226431
2626	9.24806759036801	1.32602158103341
606553	7.70808021774441	0.301376707998007
252969	9.56943337483784	0.49432990681558
2222	12.6424049417987	1.02652518391148
1508	12.6409835392589	1.28951062300749
100132923	7.48616735397743	0.171235476752966
85002	8.01474419959793	0.444477974963505
653333	7.654511467589	0.227612756184542
100506990	8.09839059391119	0.297146465210998
91694	8.92513074816472	0.574786321198377
57604	7.72102435295335	0.322786291240301
10395	9.47808503377202	1.51323154537629
7991	8.76135968523083	1.79482174766785
286097	7.71043385852402	0.460297065348122
51201	9.29838535410556	1.02966886220041
29883	11.4045108352645	0.378936138474184
137492	10.317113462492	0.404882433365553
9108	7.90278969954909	0.117121555725926
6542	8.57318120168626	1.28128292024204
5157	8.1949878481738	0.595644106176796
57509	9.64265564017968	1.60826231811812
5108	11.7139609708748	0.444919251621278
427	11.5897605045078	0.766657425371595
101929066	7.6632605035933	0.112839508184161
9	8.67712364291019	0.663448140094483
23362	10.8394447429048	0.849225793655389
63898	10.3764397120269	1.37397985970674
55790	8.40932004429236	0.452277139188148
55174	10.5433207949076	0.501816262553935
4023	7.48096041012132	0.21664033418329
6570	7.52057660261137	0.439554084771977
526	11.7876578640017	0.455337563984343
11178	7.59464078878605	0.357283426649603
102467222	7.38302959596122	0.131771178709052
23039	11.660430944232	0.709746593265536
10361	8.1134049754385	0.664583193604946
2039	9.62561779576956	1.00326279846393
64760	9.9987773217252	0.613631537270709
79873	8.72784965107916	0.409388767132378
55806	8.54180559674815	1.05910787871053
80346	10.6519284437931	0.65579441905665
203190	7.54434685968114	0.325229382321044
649	10.5137148792344	1.01434416999036
9796	7.79124309297122	0.320338724645909
661	10.4618630346021	0.455058271739797
55124	7.63781076532242	0.108420297335857
23516	11.9275386822825	0.734872513573807
5533	9.02079226409262	0.353785553466897
10174	10.8808996798399	0.787390709107203
64236	9.54839291492644	1.05820828197474
541565	9.01408324152134	0.671997398147189
57805	11.8084538321111	0.518541684657611
55909	9.43917071589788	0.478261200078158
1960	8.62211211361639	1.31402535202629
23221	9.70533868476207	0.846063962736863
8795	11.6060389189654	1.05394289889606
254896	7.71480740653768	0.305764876754141
8794	7.53783837852636	0.17154837938258
8793	9.90288345156112	1.04277417304479
8797	9.81977996808783	0.466925289144185
389641	8.8787823045914	0.277550721579517
91782	10.7104890022861	0.341454755200242
203069	9.50609342261585	0.678482472882991
4017	10.2188313592222	2.17538896801482
100507156	7.44483540960583	0.171042076775984
9583	11.1126781456285	0.361363791756218
51312	10.2088824896202	0.762713276973432
4824	8.93123859986321	0.812395506179105
6781	7.7131246530047	0.407740631863331
10863	8.3159385791102	1.23555996827597
4747	7.55719053409953	0.143931675791356
80005	10.6692573692261	0.833354755732262
2796	7.6977117561819	0.129777174698589
54793	10.9150599346484	0.634609896199403
157313	10.6807846365225	0.767455322279616
5520	11.3627687133032	0.632925467179294
665	10.8819841637144	0.793402400104325
10687	8.70261824185529	1.07760728384123
1808	10.5046895854074	0.802275410138353
23087	9.3594081921975	0.220705584534244
2185	9.9689538078735	1.06402263529784
2053	8.58862516905427	0.678012110092599
1191	11.5007238446918	1.62595392092453
51435	8.95227692957478	1.29528110134139
55246	10.5481641059303	0.527176233803748
157570	10.0191572047125	0.502107674593116
55872	10.6915715075831	0.769646161863697
286133	7.5620862843871	0.358713699202151
389643	7.47712198535541	0.145832503685279
55140	10.1685151466529	0.620318347842713
55893	10.7921710995078	0.932972535408915
157574	8.47294034699608	0.330360341400091
7976	9.54898353822057	0.419605410756088
2137	11.2546015015069	0.241160382590422
55756	9.57191393606404	0.438068740204324
79618	10.0539797184032	0.373812877915415
23303	10.6577910142763	1.1489115082766
1846	10.785908909574	2.26147504618345
619351	7.4602140554484	0.13707956477667
51669	12.3139393959926	0.791371748457181
23484	10.4258187927068	0.484077629697373
10671	10.2045798336711	0.424504307335431
100128750	7.7342742984536	0.322053391665593
11030	9.32525065699379	1.40753749897534
2961	10.5631870509452	0.484566066664608
2936	11.8729710940701	0.401145163501166
7993	9.01138238137112	0.191418928459336
5516	11.5951655341087	0.463919403115079
56154	7.74697403893793	0.479021275610447
29942	7.52394045898241	0.170848416801041
7486	9.95184761843648	0.494951741161936
3084	8.16588570496583	1.22020158880654
84750	8.99683106482793	0.495080778751571
84549	10.0184893336234	0.466275840775164
80185	9.23190649019445	0.389070047361118
79845	8.08438081845705	0.357128088857692
78986	7.72805253075685	0.994833570033939
157855	7.44173914565791	0.216425998963707
100507420	7.68879116253059	0.34278120651366
80139	10.4237948095634	1.65293249022101
102723701	7.49127533673827	0.120525671291921
11160	11.2204947577983	0.876532449773773
728024	7.85835346862758	0.38983582389762
11212	10.7631693365801	0.737955946426698
25960	8.11910750962073	0.551819865864094
55290	9.24313676787055	0.448380656117636
80223	11.2819126388678	0.786002116242635
1978	11.3184751844783	0.569636505918732
9070	10.7495813701404	0.681698747376929
6770	7.55478074709558	0.116533032798304
27257	10.3549043472329	0.50840584845712
9530	10.1488943757949	0.662335295030905
23259	10.6272784584274	0.594964956321249
84513	10.1865839599344	0.373666972089243
54904	11.6430423545749	0.733470781836179
137994	8.72456976543902	0.876205119947109
2260	9.3378670192289	1.10098692646788
286140	7.88429868750094	0.139640557885364
6867	11.4300924343039	0.910177106992094
59339	10.8108675211788	1.2453941855046
83877	10.8832760205593	0.915934464949897
8754	13.2411902356835	1.26905990392511
3620	7.5690150398711	0.329663409659211
56892	8.45617932532157	1.24204217709547
6422	7.95392568980096	0.959317448778132
51125	11.114829069706	0.704865800781477
84296	10.4845775212568	1.08528531050099
137964	11.5333955992007	0.694515007969853
286	9.07715875017112	1.54345723470031
7994	11.3345199656868	0.744732675532279
10947	9.80752263011329	0.679987127113142
5327	10.3818650638563	3.11778999419574
101929897	7.53160573065563	0.292185613315123
3551	10.1987835059651	0.851241645450926
5423	10.2419212051866	0.990322246746517
27121	7.62204911306495	0.566125142246383
7419	11.9645489150113	0.79393992705642
6575	10.849058381241	0.827128059515984
114926	9.32132783074766	0.616968715350036
8973	7.41072462419296	0.188759090440462
55145	9.51814377037738	0.297934369908939
81790	9.84234788934947	0.638304227444579
84376	10.8321832020474	0.851667067580265
2339	10.9794239107156	0.611378196333109
84197	9.22467659133784	0.427283839699665
138050	10.6333563789333	0.764885262174498
100287846	7.50476286711879	0.187453889173958
23514	10.4999672651818	0.780363623541115
1052	9.7127866727975	1.1528030296784
5591	14.3846717764594	0.935835911055509
4173	12.9144067715902	1.01623793910165
7336	11.6325388452684	0.636156457442282
6591	9.37143664782134	1.1316744712598
137902	7.64725359973191	0.0929888520305473
115294	10.6550149610771	0.550556868491163
9705	8.05160654289263	1.47600738501697
389658	7.62585803597139	0.31766075407117
9821	11.8063090310253	0.572881833719262
2831	7.55203609476142	0.397627090685625
51606	11.1075761057523	0.515808947686586
8601	8.93511140823757	0.937378199772446
6917	12.90497096952	0.474907006226661
10434	12.1538667003045	0.64762051559492
29088	11.5247124067261	0.545468099425726
64321	7.74667989962281	0.78779983462375
100129098	7.54224738856324	0.286473205185842
6101	7.47453419577947	0.186775660048077
137695	10.0309511423564	0.345396276750851
96764	10.7002815675379	0.491800416350538
4067	10.9482267033947	0.719944140190493
6224	14.6907798069565	0.591679570030016
26795	7.60289581586952	0.123784098902975
5324	8.82915143595062	0.682149283210358
79145	10.5116089183022	0.699657845766561
195814	8.30403319813217	1.05941967374035
54928	12.4582783491995	0.535900815720219
90362	7.88836219581575	0.492434200563247
137886	10.5648557535952	0.491026562098056
6386	12.8532929323849	0.95662698738939
8439	10.7694893840128	0.662629336607062
9760	8.41191100488852	1.03715374211028
767	8.38552276245589	1.57186313396872
100505532	7.60184100496377	0.134429711089765
5862	12.8408984069456	0.434433210483914
55636	11.6242998328376	0.672997209381711
157807	7.54250279416676	0.147865954386499
444	14.142956309464	1.35645553819752
286183	7.59977980492212	0.30484526937304
643763	7.46106764822664	0.177628538917745
8836	11.0259910667174	0.485093684230678
7274	7.62638066358537	0.253555375771382
101410533	8.03388129833501	0.22323699617058
253943	12.0128628787004	0.446765413116722
9420	7.65161571232898	0.376908580925184
55156	11.5716157199905	0.462256177137561
9650	11.1742382031868	0.601677321602076
5150	10.1650914042647	0.525457333240643
84675	8.18576457579184	1.18783050863664
100505676	7.58274068573646	0.112364871281102
23212	11.1312188098154	0.483294816157431
137872	7.86253983889092	0.327570955158596
254778	8.23752143260636	0.888893654916967
4603	10.2591261603792	1.43204010684826
80124	10.738082971875	0.643966540183061
56260	8.32386622198485	0.217600107031445
23678	7.84622580431477	0.139323038363734
157777	8.07969079785552	0.251929763669326
641638	11.6544790595926	0.766682271825095
641648	7.53600042528532	0.121496244014018
100129654	7.67991324581624	0.305585124051457
10987	11.6443687990912	0.448081541952726
79848	10.2095823042794	0.423523791126927
10565	12.3054920941484	0.612264983273965
102724708	7.56221580871622	0.108797706677748
57094	7.54816253147543	0.447455828417276
23213	7.75515078784606	0.601058423457907
81796	7.69840080502465	0.621651046367591
10499	11.1094739368106	0.583337640535165
23471	13.2710597385318	0.616150082138522
51110	9.73793792006879	0.465969031132435
389668	8.14588826361616	0.521291547660573
2138	8.40238352808829	0.817041872005736
100132891	7.40347515575858	0.13144343921903
8989	7.53268950641278	0.461162207044682
9312	7.75974038889821	0.896776065363342
7013	10.5379776166405	0.280629621880459
157869	7.7511439327659	0.332863228406872
6129	15.0848049412148	0.543973199405781
157506	10.1068775163813	0.841984692792821
101926926	7.49122729353234	0.131592778147689
27067	10.8297599271415	0.420622758590432
55284	10.7225027032382	0.445348807248267
6921	11.9983745977215	0.564887237773295
54968	10.9099472691626	0.4004166423186
23643	7.92103067018091	0.879815790965923
56704	9.49822838684079	1.47511043905271
54332	10.4752780751938	0.560318238622015
51050	7.51167187311284	0.192678674526666
83690	7.65858411383172	0.512948734866269
101805492	8.05197822942965	0.894752610438892
3174	8.94710923115161	1.12898396470842
101926978	7.42866039877511	0.197576689517744
100192378	7.41104853785678	0.130361467804815
79776	8.28640934912985	0.812530596994974
5828	10.65987344757	0.455871363955375
5569	8.09698794263202	0.897095632405994
51101	9.31432307474343	0.47241993915065
3574	8.13618065481287	0.64154944922537
11075	7.57591496105517	0.167762967883967
23462	8.11885250823015	0.632320199349379
101927067	7.54318065471894	0.1375573175218
101927040	7.61492238415273	0.393456215586311
28957	10.4768349599342	0.398622792614238
7163	12.2556640378561	0.753888466051801
65986	9.63971525632553	0.951298930872583
619279	8.92197304196285	1.63383909408881
55824	8.88291559413144	0.95273982287267
2171	10.4881309439174	1.59926817600626
2167	7.47331355996828	0.269687671647636
3612	10.5145766195766	0.670023297390882
347051	7.71801594851072	0.210579227354019
79752	10.9087433064886	0.72653380692028
92421	10.4666736200301	1.40584835017823
64089	9.47664426296562	0.404510259792311
103352670	7.41911227620312	0.178126247564804
138046	7.58309839480303	0.566406126708529
85444	9.48715876295403	0.884035256625929
1875	9.76468341721626	0.483585813873481
401466	10.9275207375149	0.470279157933472
377677	8.78555520086674	1.2187885364652
761	7.5883440823564	0.340995331403092
100996348	7.5798958736803	0.229053216040381
760	8.9126630084872	1.52973821316879
245972	7.57033549078727	0.215166642309115
11059	11.490410421773	0.548203647289031
51115	10.8030801943593	0.406877417213206
8895	12.1446031384391	0.45233451900714
54714	7.43266505629559	0.248519891047731
4325	8.69839274472295	1.70688490564886
101929709	8.47148681009704	0.364551047953447
8767	10.7348704551854	0.787670832984185
734	10.5214619137985	0.799493471408901
4683	11.5378399238611	0.647971316640895
1666	10.9686706542532	0.385855158521056
793	8.31399321857154	0.799070333088515
169200	10.304398338605	0.709642551551563
64168	7.72715446329751	0.569741931215765
100127983	7.84619144304321	0.698890889580688
55529	9.55997407260017	0.62498611089378
100506365	10.363163540923	0.534348319510224
51633	10.4426172665772	0.57471462100614
100130742	7.77100116573157	0.120633066656451
115111	7.6474510053161	0.382210848825612
286144	9.55864411606154	0.998696410604853
137392	9.12523629746427	0.534625604624902
389677	10.3664049468777	0.327396889294405
55472	7.89450284316919	0.137872833917464
91147	9.23636781112037	0.428100972743591
54704	10.6646164739205	1.37899560206192
1015	7.85561855962914	0.716073176982992
2669	9.29166349982533	1.01160357701727
25788	10.1813335954807	0.346839556571464
25962	11.8899802374208	0.342420003359314
100288748	8.33808219127471	0.563066053410739
54845	11.9785737702791	2.14312915961337
286148	10.966434906243	0.337325911432196
55656	11.1698474833832	0.279959784110696
9134	9.89131909721325	0.428837484874922
137682	9.75662535972517	0.294691957670562
94241	9.64829748837328	1.20260037678051
79666	10.4883026617229	0.779351852955641
157657	8.77171018349006	0.335740290204886
7381	13.0655163211318	0.46360026148817
51001	9.77854692134909	0.20910780908595
9791	11.9640142000289	0.351176227426315
6383	7.92173356286508	0.850031985360353
10404	7.82331585427109	0.483585322392968
85453	9.150441893441	1.45941753439789
92140	13.2670934537401	0.318151218160823
55353	13.1804388562809	0.376439384363761
4147	9.44031720993714	1.19374622233969
6156	14.6739412651831	0.46072089868689
26775	7.70477324450877	0.102764262334111
203111	8.11148726981501	0.68157985092567
10247	9.93932961157964	0.351653157156407
10940	10.5166513298466	0.493696253756707
79815	9.75280845081151	0.719596240276259
6788	10.7935935773574	0.635010564563879
105375661	7.64728354253995	0.194948636042037
116039	9.21188652188685	0.624443850176829
157680	11.0683681267571	0.332557127794545
1345	12.4169862512576	0.358834764756222
26166	7.47785003668241	0.195913963057752
286151	8.13599058732648	0.339266167649147
5440	11.0512392448318	0.513600276344654
6674	10.1791948458247	0.783885740728593
25897	10.7045076254164	0.569908987980924
157567	9.24951807950292	0.59791384439116
26986	15.7746997601496	0.389751990661927
7534	15.7245622753734	0.558816882245892
441374	7.64761275517601	0.27338787384163
51123	11.7479467288208	0.508362189796239
83955	7.47192894654599	0.160562838714661
79977	10.3196872971638	2.29659542778802
83988	8.23908753612846	1.32942002326429
50484	10.5765792447963	0.469176841122447
101927221	7.89541706494151	0.131656176275736
51366	12.8792468442372	0.394048214774306
7071	11.1091262450223	0.821384378376232
101927245	7.92074673989321	0.166104669546594
51582	13.1551497303327	0.647415681123369
100506753	8.2285413119891	0.294357065956717
528	11.9114666749558	0.583534565029218
157556	7.43187372186126	0.127864742322016
100499183	7.55316330865934	0.144691972292015
8323	11.7445492867443	0.866428699435811
115908	8.58723925790081	1.31920037151546
81034	10.7191871984479	0.369176484089678
25879	11.6988374969658	0.405050253565286
9699	8.67772097148637	1.23618754814784
29967	9.26473531869617	0.990408953934252
23414	7.7362026431385	0.352303873130701
102723356	8.30078774878297	0.662397496518699
55074	10.2476680781718	1.54181314940295
284	7.5046211518406	0.133338121329326
3646	13.6153598723795	0.389663236773229
9694	10.7512598050581	0.552023013205717
157753	7.56605357239627	0.416092187913084
84955	10.9772586490935	0.481350617662647
56943	11.5562525796505	0.41125307375828
9166	10.3457451384992	0.431295870935439
55638	9.32997052230605	1.36667011821568
114788	7.84759610982426	0.786187458351253
7227	9.84705446712303	1.50481129114571
8667	13.1152836235287	0.432754173165277
84294	10.479104841197	0.392486310697086
5885	13.6548322991299	0.610353790002414
644660	7.71449017472452	0.0863717338772981
90390	9.52319181608165	0.442191188489589
2131	10.9471995396105	1.13792953691575
401474	10.1888139716132	1.55211949999069
552860	7.85671398416248	0.347843913029585
4982	9.96600820436951	2.44557687851277
10584	7.85967940423618	0.338817290688173
114569	12.9074500568599	3.13543716480482
4856	8.63954786686796	0.864360177812173
5168	7.53178404634999	0.149738098214389
6873	11.6518964502587	0.291116708695024
79075	10.295485794718	0.575650813299581
64798	8.46636354797935	0.661132075508497
7373	7.51061371690921	0.257591244981528
28998	11.1077090537859	0.401927433594465
27085	9.67068026204007	0.493797408844093
6641	8.88449705910273	1.757077229565
3037	8.48372324384893	1.44061008793046
594842	7.77075901570878	0.500293071565891
22882	9.7757511028202	1.12539783487639
79139	11.9670504228721	0.573493727209673
93594	9.77055528458118	0.387441838362806
84985	9.97633216771601	2.31451359956516
100131726	7.82673726477393	0.492186157937265
84933	8.55154701479397	0.177801976008847
100533106	7.82395541392045	0.125121098431642
11244	11.1618071988493	0.44293570498474
29028	12.5255857286561	0.487281947163295
55093	9.54258534096333	0.340542634086642
114907	9.88115178877747	1.3867557813041
312	7.95498222324469	1.50934485601294
157769	12.4709573808873	0.571029764794075
654463	8.52951533358252	1.53008024806629
157378	10.2867338554333	0.630316437590323
55039	9.49388444167447	0.418391006874725
101927612	7.88146364367443	0.148295461653037
11236	10.7728243138605	0.385492316153261
83940	10.2609811632706	0.316065843876093
4715	12.9094366117014	0.342676162722723
9788	9.3549008018832	1.46602594830221
137209	7.66619561974063	0.354138276126835
6713	12.673416489094	1.11140444650955
9897	11.5925348988927	0.504767175600506
286053	10.2439192619875	0.414195502984922
10221	10.5398694363417	1.13060805097578
157638	11.7830227820883	2.19457990457428
100750225	7.55155705446657	0.152405660265044
103164619	7.56041612260035	0.460217448071437
101867536	7.58827688538274	0.185283615542754
103021165	8.0950084657804	1.11885765627468
100507056	9.27874672288219	2.16932988197734
103021164	7.57376846919903	0.265882340513636
727677	8.64408813207092	0.742979473289393
5462	7.62918143665475	0.178795704827697
100270680	7.61306647557889	0.139954768255015
4609	12.2223944439852	0.703353738635062
100302185	7.95833115891722	0.22471748043334
5820	9.71715062890566	0.663626240171687
641384	7.55149529178074	0.145169738789499
101927774	7.45851728907292	0.250825574176328
56169	8.31960086595972	0.839819178733387
51571	12.0479167236691	0.435791458716973
50807	11.6493164188681	0.593214704264511
23167	12.0443735896677	0.721439940655518
3786	8.23139626503466	0.919795744902009
23639	7.83696708697607	0.389020367407127
51105	11.2504495280603	0.271218140754111
8840	7.44609043062655	0.175123658534801
10397	10.4659143952493	1.16688738533608
6482	10.7586359588808	2.12499006474102
57623	9.64028910732585	0.583337714203944
10656	8.34363833320304	0.924889369864597
169044	8.33766611043352	1.49848480961851
51305	7.62685153424153	0.418899183590151
83696	10.4647712211003	0.227268094678765
54108	11.286634804923	0.477183680752904
27161	12.3708382694485	0.287862040883439
5747	12.656065280999	0.507312857235726
22898	9.78286437661195	0.777889398492307
57210	10.7012422107959	0.954241125089509
11156	7.53577393160565	0.434436265465227
619434	7.41288658270195	0.128354243299454
203062	9.33324006892913	0.640953979272825
575	8.15327035224692	0.750352085998865
23237	8.17310214453271	0.649877708897914
8629	10.3957671854861	0.440348387461781
8000	10.4683998584059	3.09713925659107
54742	7.76309097292626	0.264255809146139
100288181	8.02500868182697	0.304828686898329
51337	10.8903493842773	0.664331223613857
137797	9.25163381985807	3.08902529830755
66004	9.8471086464573	1.95582088586897
8581	9.1617074506723	2.31582121168018
100133669	7.84602808801447	0.403251971778511
4061	8.47733672646771	0.635762697378576
286122	7.75957884561245	0.314622131657358
4062	7.4597196050775	0.197440540527953
338328	7.55691126577666	0.374526884952999
286128	10.0164101764929	0.355368261325971
2738	9.04900607455983	0.298622429275983
100507316	8.3246608704095	0.381629220683289
79943	9.31383712461666	0.305512880774065
116447	9.73271603767703	0.526147510738187
78998	8.31250462801147	0.379902092489023
114822	9.75509942637835	0.508948977933646
389692	8.01491125539331	0.664695503145852
23144	9.89870732399559	0.322041066262403
79792	8.01010474255088	0.804012624398815
642475	8.60814069858982	1.16927653854903
93100	8.03064276646896	0.536612448559937
1936	9.14385403006286	0.905791180195058
84948	7.6095968932971	0.135565556934636
65263	7.65529559264498	0.216634712120401
7264	8.20402855382576	0.590813118661124
9831	7.65384816230989	0.428537451363057
286075	8.00503030219886	0.327366354985511
286077	9.24374351427251	0.584153015297708
100128338	8.47401172747909	0.806043916888968
23513	9.33998302286591	0.840264279439837
22827	10.9292843079469	0.451016116823099
340371	9.39498822714295	0.407067714181978
83481	9.33439197166669	1.07093459313555
5339	15.2005945445391	1.23339863643792
84875	9.890232500498	1.15895758038096
2907	12.6011305526304	0.576461469580821
375686	7.58183774213316	0.196564801059928
392275	7.6516122221874	0.194043348386341
26873	9.54935623943031	0.529627295828747
54512	11.0794733135169	0.299020147879073
8733	11.9143989186581	0.588019222233602
1537	13.0195949267448	0.363749944304045
81858	10.9215130821497	0.414058372188395
84232	12.2835699659644	0.517872368371041
340390	7.89321033843681	0.261944349259706
51236	10.2560729525378	0.386110097108864
727957	10.657943440576	0.647144774253917
23246	12.040398420399	0.47805640850333
642658	8.6054482102937	0.390818243188194
3297	12.2971600537706	0.324144544372652
8694	10.5656239878192	0.646030340850662
83482	7.72867173773871	0.379943678152186
340393	7.82108765080013	0.162823514810729
26233	9.85370286832333	0.354537772231687
79581	11.7910933513471	0.384496719750464
203054	9.19983758015588	0.396695669999408
29894	12.2116779395654	0.404888692265286
55630	10.3884997075013	0.648480644678592
51160	11.0101009786794	0.388987256357142
4796	10.7640963511406	0.544778245532449
100287098	7.81740594639423	0.184623199363009
50626	10.705423987838	0.489619873613461
90990	9.80365406579817	0.391055659822241
84988	10.7680000088141	0.426878191732948
2875	8.19526324278339	0.22613249522066
113655	9.94154038590573	0.734631842755959
9401	11.3087463862479	0.415101417514998
9684	10.0662852032564	0.416795192065062
414919	10.7151176005602	0.401748159154511
80728	10.0323434980262	0.350435249112374
80778	8.42137401040124	0.139863899743426
6132	16.1181028211571	0.451305909992425
340385	8.74372004738661	0.224588771399173
7553	9.94966869183545	0.328878958981006
28991	10.3062182172314	0.459661794137729
58500	8.69563426329866	0.16355518050711
7564	8.9887333934592	0.214907257567231
286101	9.94992254386687	0.291642908172854
286102	8.23980671363994	0.174991708625309
286103	7.59720835488119	0.130497739017831
65265	11.3955022075339	0.217171153046506
100287171	8.84736572735283	0.269181887159873
2298	7.84891142007531	0.144831528468147
55871	10.1546298467365	0.645818391728016
157983	7.52333181508071	0.201562470206942
81704	8.02050872458884	0.770250608607823
23189	9.19374072291625	0.889436946071926
10655	7.50460652129062	0.444283596290064
6595	10.626960385108	0.932163470106239
401491	7.55142239943576	0.19025430248623
7436	8.82126183861737	0.860456859219857
9933	10.9536643850154	0.577466023055131
5991	9.38238677480367	0.331669879235001
101929302	7.6676196483492	0.345477014607016
169792	8.71350395034826	0.759032699987097
6505	8.30771049260749	0.836030444857248
55064	8.25169186988425	0.422715268361247
403313	9.28336566830996	0.440604996213857
101929351	7.7248769777441	0.156471092598539
55664	9.80253116871187	0.393386688129297
50808	11.179616366664	0.780333217565573
10171	9.61244775328702	0.537282367332943
3717	9.4181321687876	0.64757673768138
3641	7.86535655481857	0.958044004773315
6019	7.7869147671739	0.369834174232327
6013	7.54524769174218	0.206282152663553
55848	9.31053292353916	0.688024244218039
29126	8.95461638961082	1.30351286299033
80380	7.84487515735935	0.746699821199958
57589	10.5868072729587	0.639724709378285
79956	12.4953924616981	1.44688840005587
2315	7.69947277001518	0.18151155719607
158358	10.3530623865238	0.535099763910635
26953	10.2727173523852	0.654203763720764
90865	7.42238481902683	0.187458680766095
115426	10.2801722158135	0.654364304096125
2731	8.3177904422883	0.87340150165534
23081	9.89879407718858	0.372959911499488
90871	10.3238427148081	0.610538820058128
5789	7.71939843828772	0.786334002745379
101929428	7.43191966809172	0.26908173848049
101929467	7.57663381140232	0.270174555254987
286343	10.0973111350047	0.840605521756752
8777	8.36620574714468	1.54813192162905
4781	9.85840214274676	1.17880765839458
340481	10.1019571968625	0.447690822516858
9350	7.49316097617732	0.4127446496136
158326	7.8752267106771	1.03769325837776
158219	9.09038287671048	1.07491613972743
6619	10.5017017995396	0.497094185357941
11168	11.8177543894518	0.738992187953808
203238	8.4230252177742	0.26818527907681
54796	7.91978695358919	0.54546929654472
54875	9.36303463640517	1.23867227535749
92949	7.63130243914403	0.465505672802517
10670	10.9021666935448	0.42852718494412
54801	11.1078432842977	0.54253124734457
123	9.66099799652991	1.03048242450687
55667	11.0196863703676	0.560754666730982
6194	14.9687834165365	0.728444585614895
340485	9.18745690296306	1.05509248489483
4300	9.07719849222447	1.01364147837612
54914	10.3922275104508	1.25856044265955
101929548	7.53572276497701	0.168491059935861
401494	7.81646401766447	0.558863726977394
3456	7.45557213927547	0.142111960100706
55958	10.0880106840047	1.12583660759346
554202	9.70872820921987	1.36775339801253
338376	7.6752197763102	0.245332741087927
4507	10.566581598974	1.83587196386753
1029	10.0311384656546	2.75460496449155
100048912	7.78410160072482	0.488307560098473
1030	9.40026159563376	2.13759761986913
63951	8.29858611665005	0.72397840376132
441389	7.70447015116371	0.351366643552093
101929563	7.47417815698476	0.280381598572866
1993	7.53492315712177	0.257075713764663
286319	9.13094406757972	0.862285503131744
79886	10.170805752828	0.369963730413524
9373	11.0293716298904	0.394058699122843
80173	9.63239579899201	0.416591803183815
79817	8.13599692006239	0.713431705352958
203228	8.83412931578076	0.46386353800988
158038	7.94555396400304	0.890521526133032
48	11.2055910723551	0.687687166925857
23586	11.0568078030768	1.47697634774546
10210	10.6375775630941	0.490444332425635
100129250	8.21563476887447	0.163374923329983
4712	10.8975560213478	0.357163539904169
54840	10.5941258554366	0.301444864861462
3301	13.4196192702501	0.329379320384173
55234	11.3957717214413	0.454015328699643
2683	12.4242563901352	0.959394853893048
101929639	7.80028191968208	0.151527734663233
27290	8.02696906652409	0.667716024456067
573	11.5107201126743	0.895253126107027
51510	11.5552477062082	0.548299126010913
4799	10.9404926484808	0.476743886739799
364	7.47415023461743	0.154306557842812
360	10.5346525994366	2.08783225776897
65083	11.3978917566883	0.349884482991975
441394	7.94980287971749	0.24157983540295
441459	8.50060574966715	0.574997487992026
304	11.1770920382651	0.586421049721778
11191	7.59777777408933	0.199485168498586
101243555	7.44466396881418	0.19465716175944
5646	9.24099174793423	1.67075218267367
54926	12.2220467744532	0.472297096969159
55833	11.2421194829963	0.474460029789524
25853	11.6425271136934	0.358971455738994
51271	11.3418574943156	0.497048250955956
347240	9.46243090589067	0.4308708141866
318	9.53176803363292	0.31842745570287
57462	10.1744975647836	0.806936071517258
203259	10.1859054504527	0.686835739601126
27019	7.53456418672713	0.126243762337163
375704	7.96879553263087	0.583440313251734
1271	7.66962209328989	0.378644601053652
138716	9.90573022654604	0.283814459154413
11258	10.7222940686376	0.284980210068202
138715	7.53352219222413	0.165163377951996
10280	12.0668179089569	0.23947487814227
2592	9.57957617793726	0.220804322314741
3590	8.35878395031457	0.508996392206074
25822	8.96307356280582	0.494027311506694
7415	13.9990950114499	0.379267662322227
2189	10.4829172169593	0.423767429373683
84720	10.8541474832249	0.583053612868128
30968	12.4335742453358	0.344450885727776
80256	9.69931684456685	0.600315708231783
10497	10.7429421745833	0.600622612587126
9853	10.0020375657446	1.03959292304381
730112	7.6115861560675	0.113540122538433
7016	10.0463053154268	0.43899782776848
971	7.59032923792435	0.0769385133630201
6023	8.43141026796013	0.411580602734446
203260	8.69175046461233	0.231619416046983
84904	9.88980685801416	0.334138451248513
768	8.57300126113624	1.90927062357954
7169	9.97652133649049	2.2111694113719
7094	12.3491806556858	1.00375980425723
10488	11.1803546919093	0.4453496180721
57704	10.9698989927877	0.565462236688169
9827	10.174827901778	0.483469633341296
4882	11.0242116561427	0.523018292983033
26206	7.69301647624447	0.0749450205975894
84681	10.2123194985976	0.346686860329513
51754	8.63758842232733	0.548815487903647
92973	7.55132461872193	0.201195506088625
646962	8.00644252011381	0.788234005897523
158376	7.4824649680689	0.195366123819661
8434	7.92990151074863	0.911052380670213
152007	8.01325280567047	0.380442670515809
1211	12.8047780900305	0.670867416454796
10020	12.4083051377361	0.747678877474887
152006	11.1770062573747	0.616688342943716
9833	11.6676845169601	0.486257125504871
5079	7.97912733685074	1.12083888391542
100506710	10.683356560162	0.630754818425956
84186	10.1103555390988	0.457343906159033
9380	11.5587625098916	0.715739440725422
9925	10.453483767965	0.579110832537669
64425	10.5398586980658	0.580246018204628
26267	9.683226595817	0.937505095050657
401505	11.9654363557188	0.447206108855854
22844	7.47044480870741	0.156025999130263
158234	9.11564386439042	0.150468615318271
51010	10.4258325554857	0.397314913751775
79269	10.9884769936267	0.374903618375576
92014	9.39629270460407	0.346273902033157
6461	11.0436171867057	0.651985085747225
219	10.8592034620782	0.394154918166464
347252	8.14101651989801	1.14043852881008
100289137	8.07299457573083	0.169099513945859
253650	8.87901650221252	0.235445576865742
105376068	7.92087166233294	0.183654588032197
158228	8.13124967853466	0.215597946206822
79937	8.89457951952784	0.833512349496593
401509	7.92920989432383	0.18669432567864
389741	8.75814449811566	0.421646977608852
654466	7.98581785704505	0.563511564076304
105376047	7.75899484434925	0.304589785462273
441430	7.57066098551931	0.216166375060198
101929959	8.08341442166291	0.632007738333604
100132352	8.83287594621997	0.234900448919896
595135	7.84092077387752	0.341176773622005
644019	8.47743497389548	0.235594336745135
105376060	7.73139908112718	0.112393002927404
105376066	8.13215560322759	0.164600639439435
728577	8.29802584375938	0.954949468409267
103908605	7.84732159005973	0.398153088629214
100289279	8.30498700873405	0.589968326310221
100132948	7.70730159822584	0.107792693026806
102724238	7.50451170023411	0.152956741257883
387628	7.53736873989663	0.21750509773441
103352539	7.82698480733924	0.38147243063544
442421	7.53489298456535	0.136012043692011
403323	7.6091742460566	0.340832739075139
728673	8.00979132880609	0.144538002311774
375719	7.5454753264453	0.150057717845376
100996643	7.51361176237493	0.146409113640597
100616194	7.49734625366649	0.188242032552104
642236	7.73706922132414	0.443608297768883
728747	7.54035753900389	0.15037315153244
220869	9.57594443246246	0.641625345697547
26149	8.34824531572335	0.311689918036013
643827	8.18785570116751	0.643062769001873
100131997	8.01864104655631	0.294293005587407
100133121	8.39593862645468	0.323322831062224
84210	7.58016612316115	0.283144118073827
445571	8.37181334405577	0.321012381946259
5239	8.01924046226388	1.62887538549865
169693	7.47831467786623	0.399416717911363
8395	7.77042813562509	0.634931931052301
116224	9.89838362014657	0.428847944979474
2395	9.59033415647949	0.331323131263408
9414	12.1060132697766	1.8314314008377
9413	7.77102193507683	0.578036835291863
320	7.53320261649611	0.308891518100141
375743	10.7093634159066	0.536143668115393
256691	7.92971163634635	0.500278741615121
100507299	7.81434674553106	0.133380831533506
23137	11.3760997290164	0.483113763166914
687	8.45662797511951	0.619080359883557
23670	11.6646226680072	1.50221693517537
51104	10.0625623798909	0.375451761449702
138241	9.23940973148734	0.399844173379466
9615	9.99817456710389	1.59963384461774
100507540	7.68409418912267	0.344828480235857
7763	12.6978325494753	0.583775344026932
117531	7.57332285985331	0.168592541229062
216	9.48854845656728	3.06410602027913
301	13.1281601293775	2.40157144196132
6096	7.64056347535502	0.615185786273411
140803	7.75190826294474	0.516547629417561
55071	9.67032289293284	0.629688808335119
138199	10.8164542069189	0.303149149221037
54981	9.14021414817031	0.541359847096849
26578	10.6355692316351	0.962554281620413
5125	8.61220930220834	1.27651981333825
55312	10.7960263183757	0.487495229583782
653162	7.97241084809104	0.110554968430529
2650	8.71072423928389	1.35405912829255
158471	8.1558415911687	1.29826665969785
23230	10.8795884594849	0.431232427645671
9630	7.70207946319409	0.329431012284571
2776	11.0962363108196	1.27320061776252
84131	10.4020423532334	0.387487094841904
29968	12.3028508674672	1.13974919587366
7091	9.07862705578735	1.28016113533943
7088	10.9450285161879	0.660487325778961
158158	10.2967057280436	1.42363882472409
102723989	7.65423971107537	0.304846957319966
257019	8.91466350345423	1.24553309597166
414328	8.58781415575289	0.491352116903504
29979	13.0616942724623	0.276409687648984
105376114	8.09110148078661	0.173409023253431
80318	8.58305311457523	0.398255749116269
55582	8.66894064034709	0.3480388539803
105376335	7.54966369184151	0.11683460986552
84267	9.95874513979567	1.00017946506208
3190	14.8014037548649	0.267445611890661
407043	7.67149852798833	0.171716106399555
80010	10.3196335153354	0.373820118789556
64078	7.59363932795202	0.368532705534619
4915	7.89211510321386	0.714438365031089
23287	9.8619535249113	0.688876865099362
389765	8.10787446330002	0.212844774301103
60560	11.018564696	0.435960795923486
51280	13.4533106314316	0.668053319050184
81689	10.4307902531637	0.538987120165445
79670	10.8945875692656	0.377256757476523
2619	7.97627732070731	1.37835852414447
100506834	7.44850911171845	0.292755551704379
1612	10.7615311957784	2.1536880332735
1514	11.8870002153825	0.685940193376651
23552	8.60704553232562	0.504912988518212
102724156	7.75817427798464	0.345228701040535
10927	12.2222265959597	0.411590246337221
158046	7.98932797642278	0.343034012794887
1903	8.20845371913652	0.849270872958636
53358	8.54785170123313	0.769465503505459
1164	11.8926628501952	0.515139069372038
100422936	7.6342654109096	0.146637218006125
79048	10.8918749908603	0.370187305151586
10507	9.54156159061	0.646181482658935
10912	8.26613459110721	0.942888903158086
101927873	7.41780385097504	0.20768839325879
54769	7.70946216454958	0.812787035733959
6850	9.6059601770675	2.03615186404176
549	9.98623705613291	0.441330596959869
4783	9.8217051808051	0.605972263551582
4920	8.32680037317235	1.32362338333614
10558	11.6921444721254	0.650339755295341
100128076	7.40751341304653	0.143424550707582
3376	13.2696348480286	0.559833403833321
55035	10.8193748016234	0.445133753546239
401541	8.72696901618213	0.309484679585344
1842	7.51775914521343	0.221856331516684
64768	9.97454654962775	0.366079961003605
100128361	8.00842552856092	0.132550155239997
23299	11.2766659197016	0.268903059155074
101929748	7.6195975778365	0.34672584281023
138649	7.91916483501455	0.240286416865655
83744	9.05813649404428	0.339461763939103
89846	8.99144539950091	0.889570919585218
203328	7.86488948265378	0.440991494711525
84270	10.4929098422169	0.42116838427404
4814	9.71695059361834	0.31623120967195
65268	9.58220143566933	0.985961928433865
158293	11.1328857097812	0.362354781676215
23196	12.9807733537557	0.494654297534497
5253	11.0994069894462	0.379077609280723
101929519	7.84089894231347	0.133090404042368
56033	8.30125517618314	1.34811951867065
138639	9.69075808639633	0.548216265451696
158257	7.81505737480721	0.168289258869153
169841	8.17303855240143	0.191486265913281
54754	7.72389249267106	0.145432397146992
728026	7.78549922843329	0.116447374490438
84641	11.8280132694809	0.435924608195648
101928099	7.95351837860064	0.291090926735369
2203	9.24749864238791	1.46198629377225
84909	9.87016989280771	0.810082055670266
2176	9.82755261711213	0.373016469692488
5727	9.32062803461411	0.495512152804422
100128782	8.79441315407454	0.576180802900663
375748	10.1846946181369	0.405457542704595
3293	7.58242987986226	0.195551275428111
11046	10.7707165699328	0.451319601137206
195828	10.2915962748089	0.483763826634818
22927	10.4180563891992	0.610940418997925
8555	10.7575028842153	0.807696795402116
195827	9.56465533189345	0.311503961897844
441455	7.4428776359095	0.165627151653068
22869	9.55656041526849	0.341583546239943
158431	8.73527969743435	0.189483131118061
441457	7.80338187565125	0.103930292677303
84278	8.9683874684101	0.247289510900112
1515	10.1536326874528	1.05922109477639
100499484	7.69356073413752	0.185050807778683
23424	10.3583024211397	0.63992143096057
7111	7.74236569744697	0.275776412670674
158427	9.56925232750557	0.306714817266394
4686	11.5469066947665	0.422103471251247
7507	10.1134389305568	0.508563070601051
2304	7.98435543390142	1.42628854954367
51531	9.34402451228638	0.420026816615354
10541	13.7107883657287	0.577325480640934
54187	11.4959521254243	0.661959292688593
9830	11.2843089091084	1.02084726571865
7464	9.92311680204334	1.27450728111477
55357	10.369946044145	1.3138073508569
9568	8.8983607364023	1.53935002140783
203286	10.8426013503031	0.677430447575845
79695	9.90952998120776	1.50275332445495
1306	7.47646401449284	0.150820079386821
7046	10.2348731613852	0.651852699100723
85365	10.9894308956652	0.620228742117077
10952	12.0580938002269	0.701860912941844
8013	7.98478365476848	0.343693083250438
441461	7.71634877050008	0.0693494079463947
55014	10.8493216595269	0.395620104038862
23071	11.6760943918714	0.500593875999573
27130	10.0235914383448	0.217616578710017
54881	10.5608657115697	0.377307874264982
91283	10.078140585167	0.579477624657346
8577	7.55417489482876	0.154586606946489
347273	7.99634053087039	0.204193619965847
54534	10.3097325150238	0.379222984188121
7743	9.66352593922983	0.352025915950034
84302	9.15227430345661	1.67067491540414
56254	11.3559918801351	0.455086097640589
116443	7.75952288711285	0.154144800872661
10592	11.9777057685367	0.451503818895239
25934	10.0132659250457	0.392904142573009
55335	7.77702424100633	0.272808042316881
19	10.2572898884472	1.32287570266482
23446	12.0437958887824	0.958147199078419
83856	8.52888026637597	0.334686724426055
26134	8.14817726916463	0.19206179716916
2218	10.372533820411	0.392226492497826
55151	10.4143932414607	0.369544234077269
105376204	7.59336553233162	0.202654240103362
58499	9.65237923254453	0.968493442491337
5887	13.5056628654989	0.465444281812094
9314	11.2971804835593	1.72516920470547
8518	11.188362021621	0.338191707170722
54942	10.0025954116705	0.372305735954817
8727	11.9893723532696	0.78681930402188
23731	11.8873720948134	0.623493487425628
23732	7.53006450720804	0.389813683505688
54566	10.3630109732068	1.05008448131582
5774	10.8166868595625	0.505894080528151
114299	7.93861387907939	0.416816977625265
11217	7.55870549800079	0.19158157537268
401546	8.27353413834131	1.1942820791649
7295	13.3943860121971	1.03505926397415
79987	7.69215854774726	0.379598090374083
4593	7.45171185479161	0.215733696155738
1902	9.33829591957088	1.64695988322876
23392	12.3657318277855	0.40332153863296
158399	8.36495443097903	0.448876247848689
22949	10.840052953368	1.21168146886702
548645	9.37775498860593	0.280217174231046
2790	7.67947555849404	0.0968204328317534
158401	7.75557110740829	0.309170786711148
7357	12.1463039783615	0.895042466991613
64420	10.3012662879229	0.396242936069806
9991	12.5223830975705	0.92872070009033
84263	11.4969619056866	0.698957495877795
158405	9.79570380306297	0.337498542443084
58493	10.173680348428	0.227632340273541
401548	9.89239048693153	0.298407547034698
169834	7.92505069558501	0.7422008137551
7539	8.17438349669129	0.746032755001545
100128385	7.53740841783418	0.145787249220052
286333	7.85755043324127	0.26055399602409
1318	9.38862539265549	0.600962903831261
23307	10.8527573310886	0.513193906472001
1317	11.6075381632636	0.320357166125101
246184	10.0079568371163	0.390238735614567
9128	11.6879266551632	0.366093069798944
138065	7.48346949617572	0.146577629177295
114987	8.4319100883293	0.503827555773034
54836	9.56074100063968	1.44699134794983
81932	9.77135928056666	0.494272617500724
210	9.92503438021312	0.418926781708328
54107	11.9541752824376	0.390260980719137
257169	7.85562815355857	0.168250030770223
5998	10.5753232734319	0.757928162150072
114991	9.46111334028788	1.03905999384672
259	7.64127435678161	0.4984242213625
113220	7.51991454925575	0.154449715418363
85301	8.1001927253591	0.683724243104008
80709	9.44233795680251	0.681997560615624
25861	9.01507836252598	0.822637391508633
9550	11.8335835808713	0.340098122815057
203197	9.72846604456927	0.363567668097451
100505478	7.62871821086577	0.274785181320254
9966	9.574866237448	1.62276819658694
3371	8.55321053517157	1.20719057890048
5069	8.20784764392399	0.930094671599627
23245	8.91715402398956	0.811070332055601
22954	9.9878980883385	0.42296438615629
7099	8.54300554176743	1.53074626365505
1620	7.66543788076993	0.715396335100996
55755	11.5219182132521	0.46441319256027
1955	10.345891678923	0.800990476501911
26190	11.4723143822716	0.454974029404133
100288842	8.24006466736465	0.174041684888237
5711	11.6025399381461	0.383465213384838
253039	9.5836114197274	0.572955995627379
26147	11.5494603058433	0.51655175994171
7185	8.311440408817	0.428663679791686
727	8.42507595564442	0.40173255818678
11064	10.4128803943445	0.742438374205713
51552	12.2054513355618	0.491670077094266
105376337	7.75181469495038	0.110458661139875
2934	12.3288396303126	1.36311592887067
57000	7.6346395100196	0.126961450835401
2040	10.3255397517173	1.52347864001446
153090	10.8065019906627	0.978701095714476
158135	8.85855180680533	0.536135268171667
4702	11.2389004012853	0.446427517248162
26468	7.8575382811449	0.372522865774336
92400	10.3333539341093	0.284716278575856
92399	10.4223754629537	0.350641370669908
5742	8.45047188730223	0.95756575192597
26740	7.52728421195848	0.25601813387013
5082	10.1301876172141	0.376369443360316
54542	10.9844879401942	0.490942876021849
10773	9.87915713637469	0.399533631842766
57684	8.73061688572553	0.242493574699746
23637	11.819557714142	0.684546683605512
81571	8.54577013901275	0.368061740046395
55342	11.0098360742804	0.386273186452334
286204	7.58019771044301	0.208793468077166
57706	10.2820254950502	0.490504006980991
9355	7.66749197641275	0.397054781276392
10783	10.2517588921075	0.716821839235413
5695	12.1532762660604	0.454910404610667
100129034	9.74108374561984	0.569701765063734
2516	7.49930452803083	0.283679524337656
2649	9.5556185262337	0.363605838350228
100379345	7.57810639147749	0.175329170924654
169611	9.26781479618993	1.64422634001259
401551	7.59370819794193	0.151738875146755
11224	14.9481026976231	0.629491918917903
81873	11.5803776054918	0.389597510981131
2800	10.3652659005233	0.184086080677755
286205	9.43741500514513	0.292889362530654
5537	11.4368235543067	0.299732024450002
10244	10.4726694600366	0.319143631859166
3309	15.4377869713699	0.610397334869009
26130	11.5532824114457	0.367888996344614
79109	11.9552509911554	0.367611488551637
5090	9.78609160432329	0.576427695370329
89853	9.02520049950124	0.84140556732027
4010	8.51619101833698	1.17345739576284
23099	10.0562627125786	0.445732167377467
403341	9.80212321522401	0.355702917493557
9649	9.06090206915269	0.654448050600795
23452	8.36891038578574	2.10055385262965
84253	8.01647901216081	0.319259700462796
29988	9.12248815926675	0.67993797090447
7633	8.93795872963718	0.321320329911971
6136	14.7470302105851	0.612901585128687
26783	7.63878565661208	0.0742466079553885
90678	10.0938313468183	0.42627970093857
64855	13.5212377281427	0.940937254248179
6812	10.3721588062492	0.858760592870656
286207	8.48815295504568	0.244588444993392
138428	9.28171293465355	0.307707986927906
27433	9.535317019627	0.420255144459554
10044	7.72233175939403	0.266310061230097
100616250	7.61335612863011	0.122692175106537
1025	11.1554541307072	0.486759908950105
2356	11.1309280330986	0.579303046826563
2022	9.62293879016974	1.09743328335811
102723566	7.77857776080772	0.174302240335506
203	10.6364710105701	0.669978167406335
30815	10.4301815412168	0.69671756766388
27090	10.4590863511443	0.68871851597461
138429	8.08271890785965	0.205385875036533
8818	10.7146176127193	0.311701724658368
399665	12.2669235925914	0.679883172851442
203245	9.73655289667338	0.265314994126637
114789	10.4693135303438	0.699291085023066
100289019	8.5580009891538	0.560294256252888
80142	11.2305541800387	0.56481791145424
389791	7.58437387256172	0.2160271993688
3934	9.94179636590992	2.64856806369775
79095	10.9867823299237	0.662066122867462
25792	11.9582443984583	0.538028039064277
1759	8.72188204998734	0.89785738746802
2801	11.9598008647475	0.44519128604513
375757	9.7124464056741	0.238630408321726
26995	10.7300946593157	0.450363061256049
51117	10.0884150863273	0.443818534230917
10999	10.7038552237378	0.285750820505812
81605	10.9080924209192	0.389327873862966
51148	9.50063565876265	1.26276274192449
4957	11.0311167407871	0.529196070590894
2733	11.3040708447284	0.299478265065768
6709	13.5786910695432	0.358709955671356
89891	12.1723842480095	0.446859753596768
6418	14.9444714423457	0.329314032194626
29941	9.58566868485407	1.14854206637525
84885	10.7458751660894	0.400061433615846
100506100	8.68894972786951	0.465874377213748
10444	10.6086374732975	0.468779501414339
54662	10.7124819292199	0.332731074937995
2021	9.28661182320159	0.252555042377755
51490	10.443956138342	0.321749214430607
883	8.84617048569141	0.365519574543011
56262	12.0966281662898	1.07500515606035
22845	10.1613110502442	0.244957357588775
23511	12.1748472117236	0.376822551020318
56904	11.5593052560232	0.72474802259487
84895	10.2073467833046	0.308803746321994
57171	10.6512291620155	0.339531886141446
1384	10.5359021407686	1.09099743826548
5524	13.1069464197734	0.365628465413004
389792	11.060812845286	0.875078193294951
101929331	7.4408566935949	0.177391077357412
100506119	8.30397588285573	0.681563995953843
100506190	9.54713774888554	0.395051650771368
28989	10.1225939156292	0.346162698769394
140459	10.5640024465953	0.21287935601083
51450	8.13900250305282	0.996186698651151
9536	10.9111148844532	2.18605279788554
27348	11.1841906979798	0.350120647567349
1861	11.1369430886735	0.28609578289642
51759	11.4517911628602	0.353501134616978
10868	10.0761568934208	0.782848847003088
23048	10.9733087692147	0.661072131240733
57720	12.7526298050246	0.416918526092682
23413	10.5312668516707	0.7818514054523
256158	7.75101452804794	0.377257242877468
445	10.8363554570968	2.18494471322501
100272217	7.79391860880943	0.243307366760045
8939	12.2547467019844	0.269655631031145
59335	7.69659211471249	0.153855679261345
23404	10.7932447571102	0.411777701893327
25	11.5091530634339	0.459904836983629
347148	7.71024161406235	0.147474763235278
84929	8.7974417337013	1.46695546550022
10319	7.98752234581425	0.896769024801163
83543	10.2799928368227	1.14283521424316
8021	11.5102058529046	0.223079778294504
286336	8.31602356284194	0.522255963267307
84814	7.67246979435992	0.485778201615073
84726	13.2829135715153	0.713042769630447
692093	7.78949404284315	0.13407147419998
10585	10.0592630270433	0.453241224728287
83549	10.0113899575521	0.455755925078334
642515	7.71776753327858	0.641244276596431
2889	11.7993446818982	0.463898791153918
9442	10.4289709033517	0.347676094775051
84628	7.92218436588327	0.569029053500315
23064	11.9813062942827	0.123279398403564
7270	9.93114420492394	0.251642408794541
64794	10.3157937253078	0.257445215063094
9329	11.0788557685087	0.212540997485852
158067	7.78253356581505	0.24215546679761
11092	8.737688102387	0.353620744943768
7248	10.9072068430095	0.277895141107615
9328	11.5746563618268	0.33637367860564
100996574	7.49706306026705	0.161072170934716
1056	8.00082358579656	0.316132209661725
5900	10.1001909440858	0.493622776802012
26301	7.61596878532343	0.275049749373103
29989	7.72061809272963	0.313701263116913
28	8.77684995999569	1.26987301372391
6838	11.1961499371057	0.303833172694371
6837	11.1029396030566	0.473104848403934
6130	15.3908651136959	0.571200426315477
26820	7.65684036342702	0.159704243785905
26815	7.88200522027755	0.153503189405572
26813	7.62570686278919	0.109644735513384
6834	10.5313826210553	0.441285742098041
6835	10.2806744632557	0.479948722659343
6836	13.236077201609	0.497602096935321
169436	7.88160807943913	0.193147297131277
57109	11.2845336854534	0.223418656487317
11093	8.25247538610845	0.315889599150989
11094	9.94618751362295	0.54445077031816
11182	10.2098925702523	0.615176253469538
9719	8.02525885082722	1.51577756688993
642968	7.64099628431834	0.805328956858539
1621	7.76439839379215	0.853156602113607
138948	7.54069427930047	0.294313823593327
1757	7.87873812502319	0.590380001249973
7410	11.2186712503473	0.562479874858461
266655	9.68918393536315	0.354468015343994
8019	10.9311590836784	0.314460937245024
11091	11.7111067885147	0.347831730356018
6256	12.1115633740047	1.45090660240076
1289	8.38950242596115	1.05596248975116
10439	7.70978816629667	0.553428923783026
100506599	8.54965442908113	0.652015358208387
9858	11.2310389884678	0.554637482340068
138162	8.69153432802356	0.503215321388672
51116	11.0210962098631	0.625255022490679
101928525	7.55961144976467	0.100939458972278
5047	7.59170654638583	0.411502955648518
57582	7.52374388954883	0.169157651538966
157922	11.3894609080406	0.273719459163288
10422	11.0893802594762	0.277021668428616
138151	11.4320576739513	0.69707794127029
90120	11.7575788922955	0.321425914174175
8022	7.53690211518074	0.14492643957936
169714	11.6622461991544	0.429934291303417
399693	7.65145020706243	0.274991175037045
26102	7.44328075699324	0.151573630466148
26086	9.97692423726586	0.66028385707645
728489	9.78725048645999	0.408505146455846
64170	8.2028318515694	0.419295253162561
6621	10.1020323988821	0.229135285437338
10807	11.2481624001297	0.323602576779856
23203	11.5368683178372	0.455514348319728
56623	9.46950829858291	0.466134162651951
9919	12.5330826057766	0.379271507180789
158055	7.70464014618391	0.180180258669885
4851	9.9461901223643	1.17416799275624
101928483	7.59552449140143	0.229282605793366
51162	9.91681949487753	0.643425443496061
10555	11.7232651148746	0.631036664777643
138311	8.89587810598366	0.78869489962991
84973	10.9328282122594	0.760919470149483
414332	7.48638176415993	0.173574392410627
389812	7.50846992272457	0.284217072116476
85014	11.0337239785972	0.503380355626267
84960	8.30109228441953	0.24178839178946
100131193	8.39562237724657	0.256797089601948
55684	12.960646350706	0.359709355132975
100422860	7.74959652984261	0.0939073938998528
389813	8.6793310632181	0.512884459477112
29085	11.7185151234614	0.358104761103549
158056	8.32612945223805	0.169925416454909
8721	12.815185495445	0.270314514632258
7186	10.7373040198571	0.412338318470822
100616480	7.79669991368243	0.0836054172086225
54461	11.7590138951291	0.373787364023892
733	7.94056283620601	0.286937076754793
286256	7.83096097008886	0.195191655717017
5730	7.66205349630208	0.471923415486775
286257	10.3395671236073	0.445495136795921
9022	9.305055414295	1.45544786525073
20	10.6094688987812	0.665294821107346
56654	10.696383333834	0.923669527679378
954	8.58299351333668	0.48233390536575
89958	11.6873444513244	0.80540082457317
91373	9.21619292677686	0.752793079442554
100289341	8.49078973934745	0.459611591139419
11253	11.5633080133571	0.431083960250098
29952	11.3370819202412	0.456011235109579
2902	8.65142606530058	0.933095789944755
389816	8.18583767933554	0.261679682659986
29882	10.8453639049461	0.288780932210349
8636	11.5010238001548	0.470502748881323
286262	10.4286334302839	0.479518699680061
94107	10.9604055583096	0.250500985262492
27158	10.9340761783444	0.47003189651973
727800	8.74840016589809	0.479816518603888
375791	8.80826799547905	1.37755389406943
643596	8.02355338546361	0.503433046717294
142680	8.0358718079186	0.311096100627062
10383	14.060156098701	0.840134996492232
401565	7.59097709751168	0.225915152486111
441476	7.55531825980196	0.132645615974356
25920	11.8800162329117	0.445985703718417
54863	11.507639633771	0.802995360016141
441478	9.60874896894414	0.879285477609278
54932	9.15921819182825	0.381807608180244
10811	8.64484203933897	0.614764982135733
377841	8.43437505205088	0.970811719196956
26012	10.8989072387678	0.716363584849123
375775	8.37940029157699	0.875859786319385
64975	11.3383570897232	0.481898093640419
92715	9.9900797938604	0.31580249744472
116225	10.6606832420005	0.247789293959787
92714	11.1524633164682	0.748966180225674
85026	9.51105271210534	0.421779403376304
79813	11.5545615018265	0.281933197303353
774	7.55501084396399	0.279560107586905
643224	8.03665135404465	0.608823588828576
100132403	7.64538280808777	0.176449817227939
4549	14.8839347789593	0.817417780825015
4577	7.90807921672612	0.244629286489267
4550	17.3432133889004	0.723785066615783
4567	8.75640393713954	0.297992692541592
4535	15.937615101311	0.572913749078624
4565	7.60519914796536	0.146784921433729
4572	7.62160661225996	0.149900290317345
4569	7.77743302416967	0.258349692894758
4536	16.0094452593823	0.721265580171056
4570	10.256413198377	1.34396944836938
4511	10.9556878227335	1.17435290196859
4579	8.65255056311411	0.431346175336542
4512	18.0185457286901	0.608427268204469
4574	7.53638574961085	0.148535390642232
4555	7.58213748368191	0.114576020409248
4513	16.9220241876874	0.658187842701589
4566	7.60741502200309	0.130143124355167
4509	12.6731835771896	0.697761624436221
4508	16.7278780729607	0.665507089622295
4514	17.1519045800674	0.540304275262544
4563	7.98120881425658	0.302517109601232
4537	15.6440894168344	0.426478674593259
4573	8.14442279352441	0.313871621495595
4539	14.945853969447	0.514974211653188
4538	17.2701221421358	0.597052119860673
4564	7.72505393692219	0.288272276425837
4540	15.9539451043254	0.490110054384244
4541	14.9240700227313	0.519904097411166
4556	7.91271856057926	0.223932247104542
4519	15.8570228855988	0.719388134620606
4576	8.14521849135045	0.411837995818032
4571	11.2147671402856	0.595101535662969
55344	8.10792218582767	0.397630815680629
8225	8.16950447070391	0.517282079149303
64109	7.4606151457192	0.236679269546785
3563	7.53516927837008	0.135794999916763
293	8.44030254883688	0.360124470641728
8623	8.35721310265587	0.815919174812531
8227	7.90806443098968	0.46254163435154
207063	7.76752707037818	0.376733947744647
9189	7.86543521708317	0.249187122717765
401577	7.66983992759587	0.231209534729519
4267	9.60765462253243	1.30414236198965
8908	8.07748305010511	0.601043681538412
414	10.069474257329	1.16088212066966
415	7.41096026097737	0.139702913664839
100129464	7.44012667937769	0.199515958326816
25878	8.98922672149564	2.38791913369983
5613	9.89209718649311	0.871564268129654
389906	8.68262076086375	0.177735908868099
8226	10.3316839442458	0.666414111884887
412	10.4206740083829	0.993139634745386
8228	9.10502669492036	0.954300140982072
3730	8.0343222843788	1.04106182342527
6907	10.8836414254285	0.842925986565315
4935	7.58361219252358	0.31844379408282
357	8.81476581040856	0.926175973964539
55841	9.99336043801308	1.21138421236712
1183	9.39837887749865	0.749819580645198
4281	10.0421688458136	1.00929251344709
3052	11.1158549010094	0.356442255760582
395	7.89666709981897	1.10028416184068
10943	9.66153575246468	0.458856299056643
9758	7.53363267996377	0.351805562135521
5634	11.420974578	0.682067782052485
51284	7.55139869204168	0.239490115409876
349408	7.77534979805752	1.03080579131469
51311	7.41583013545505	0.164668170441874
7114	15.8347937261002	0.859194883101392
170082	8.19769705201504	0.263271101183901
9367	10.1882486541605	0.600924687589782
6399	9.44969293617301	0.302714388326197
8481	10.3097770848214	0.243231743693599
2824	7.83172525495045	0.44566785660885
54960	9.09001983110332	0.309909221026486
286480	8.53098433041439	0.181546952106963
2187	8.99466257430182	0.266477453836903
158747	10.1246900967979	0.329745722136998
140462	8.38092298370949	0.953096431961895
5277	9.79742252806568	0.357560021086541
8544	9.27625445977105	0.444083449566949
59272	7.86801425474339	0.520351093468036
57393	7.78376887958617	0.34781616989452
340591	9.17045712188864	0.260678602896346
11238	8.83621451051148	0.474708420124059
8233	9.4332297788009	0.262471520031445
8905	9.57693815129094	0.618566416745933
2925	7.84336570053076	0.785069025353604
56474	10.3448692537882	0.435647340997452
94056	11.5653009995996	0.49293584277005
55787	10.8565500075558	0.436834290676543
5931	12.8623441447625	0.600165137667381
9185	9.0203487932859	0.912576908575918
4810	9.41334275073773	1.12514120163523
6322	9.46875090618829	1.03486952573419
10389	8.98000268916793	1.12067400095575
6792	8.2109991901369	0.394720873719621
100132163	7.60562019707805	0.120316073827631
5256	9.92034879336815	0.496612055314967
10149	7.84680495292575	0.321665250058969
5160	11.8259056071989	0.667620541193139
389840	7.71658798498877	0.425426342340857
30011	11.4880942510758	1.5016522765759
256643	9.21961083338152	0.345130002961307
256714	8.43355629685632	1.14444281215431
1964	12.3278304386479	0.458694203145652
100158262	7.63963908469782	0.166925245635175
6197	12.3801941120983	0.626720446956558
22866	7.66797883504682	0.790887753630742
51360	10.4776840534024	0.548519484188633
404281	8.52661395050083	0.32764146000801
6611	12.7770758669715	0.771946069091749
5251	7.9392222051862	0.334349231144536
139411	7.85603419621193	0.706984778502425
10549	11.8387066791363	0.507272564387651
23597	10.7414120166821	0.600476942263069
6303	11.3182863372812	1.10786705162972
79135	9.80042727465067	0.399410221741097
80311	10.2127696832281	0.701203957147132
1968	13.5062289278029	0.408246197865703
7543	10.374998450769	0.412927666984347
5165	9.58759348446592	0.86700730779584
9468	7.69821052657363	0.684517510022002
5422	10.6814497279289	0.433794311412696
170302	7.79613772915509	0.574357694941286
11141	7.81031842147764	0.52826585533323
2710	9.13972361006538	0.479284062609377
257397	10.8686202240991	0.663472740013119
1756	8.33260694106178	1.0519800972075
83604	7.98838857950512	0.578172080063751
286464	7.44689305233526	0.134887673795547
105373154	7.61666064445974	0.229286568627569
5638	10.4032863949825	0.762830960411199
347404	8.04631868524812	0.518398937135204
7504	9.46435167528363	1.11263171919418
1536	8.05380679055907	0.377735011378038
6990	10.5522687508669	1.15965393568268
94122	8.24924147457723	0.68436383178137
25763	7.41248479246914	0.172161888506358
8406	8.06467350582621	0.509337546380364
6103	8.83119400214427	0.294088907773176
7102	7.5423245483574	0.163777122218808
100874211	7.90223697896187	0.291556773490766
58526	10.8787493516059	1.36281319958913
54880	10.6708067980048	0.726176714024074
10159	11.9909236550506	0.367316895734296
159013	9.97612807118732	0.574563841078679
9282	11.3721626988338	0.459848366073404
100873985	7.88315447910488	0.13313529207996
8239	12.5114422880881	0.414318921867652
1654	13.7403391459697	0.341998203217887
8573	11.048604535593	0.841465961736624
4128	10.3997696407547	1.77434515937917
4129	8.48676262781786	1.39475802372232
4693	7.49769879817974	0.246428058196376
80258	7.63746833872131	0.345102641290896
139341	9.51943314158041	0.925524544811001
7403	10.3019922376779	1.1187795492259
101927528	7.61456208730039	0.467302595447367
407006	7.56674683535405	0.088046000937853
401585	7.95368957588908	0.19693829804317
101927574	7.96698050992217	0.345977099760594
55634	9.28886331982572	0.276408975050067
641339	8.67519488812772	0.190352955295712
401588	8.51032978750913	0.384100631938715
56548	8.82987667879295	0.614208456500754
84679	11.0791935231326	0.685706136162488
6102	10.4836499238661	0.454700378560065
9767	10.3595535985392	0.530222224755502
9104	7.59486011985499	0.586533782303364
54539	11.961715901147	0.52493323656155
8241	11.4560799531072	0.236518032265124
7317	14.1123021288802	0.60690810568206
8552	7.83598962387503	0.108261727099244
5127	12.0318914878402	0.542534267941284
8237	11.7331939405898	0.644728003854188
7592	9.62825959073462	0.188557495832293
203414	8.3759798173553	0.261203178262217
369	11.3588373457779	0.480041911345579
6853	7.97849289634131	0.62389524473272
7076	12.1814164255815	1.09154442661036
5199	7.60664179525783	0.0932971811675027
2002	11.3066190467352	0.442755259119962
8409	10.5635191702165	0.248738039850488
100133957	7.55844132322616	0.122701425307677
347344	9.23514041009072	0.257002041963139
7569	9.11285109559851	0.330121404634631
57232	8.29728984545062	0.369383349307946
92745	8.24445661807353	1.29155205220891
24140	10.5543136588434	0.552426313671193
64840	9.72791287377082	1.29772438524285
10682	11.8116889544543	0.579188879727219
4943	10.0747725886145	0.477409027844922
5935	13.0292292192231	0.628144467196098
64743	10.9280036841652	0.516172887940782
7454	7.77742707208646	0.237057695296846
6839	10.270651480147	0.447416676417377
392465	7.4893951115948	0.196553404571938
10013	10.7336599506815	0.708551829167736
27344	9.47769380780629	1.47873590296378
10245	10.8875908315412	0.589017693636814
10084	11.5513347514194	0.397899266823409
7355	11.3412826616423	0.608384904049356
11040	9.97162809901805	0.774237022293349
55593	11.3977623776613	0.346953317088383
3750	8.17709583482941	0.689295427587709
56850	10.9898462605778	0.281849178580985
7030	11.5302605910212	0.833850278951134
90060	10.3146196875722	0.767496313714168
11230	9.12859986392531	1.04548661486151
11152	10.0372539096831	0.355818511954876
27238	10.3373563889508	0.390733684736642
79917	8.49195282057675	0.474786165143116
5355	11.9504239244064	0.807711553631445
4007	10.0773272890752	0.409826165262554
6855	9.8306246196872	1.65268740712344
778	7.56549369175391	0.155645898340284
28952	9.83842554065693	0.373601472044123
50943	7.78403494439026	0.152195652030672
89801	9.23935024252023	0.659913200794748
729447	7.5049079491581	0.301800419252321
158572	7.93841581048556	0.347303933477664
389856	8.80938149225482	0.579503511587771
1184	10.1450352401505	0.920350522466091
85417	8.00040764135761	0.295737999584574
57477	7.71851158537559	0.849191712552985
170685	7.48015547485882	0.16214410586111
55190	8.18503155731237	1.01636691208772
23708	9.40666571976155	1.22195128697234
9500	11.6743345907329	0.422411435286278
81557	7.49272363635376	0.231475403335995
29057	7.74009661993147	0.184952826212716
54328	7.66717092973713	0.3111980039804
64061	10.8762028825151	1.15177155081636
102723508	8.03234670966332	0.157799780067561
8242	12.4738360757427	0.422536265774419
23096	9.62265962902275	1.01025068500973
8243	12.8214609079113	0.505989675187936
158787	7.94401159400952	0.227673488021825
3028	11.7554917885756	0.476700204051077
10075	13.9228421077491	0.50954536849715
23133	10.682141317188	0.472880724640619
54954	9.26663177212181	0.597059788077279
90121	10.6990970522879	0.523251469509035
2245	9.19094746712018	0.828979682849202
54552	11.4964653011734	0.524990416559721
347365	7.47078153048587	0.16639392039659
10916	10.8111365666018	0.673641955527867
5207	7.70029293004268	0.129494234113182
27301	10.7012028207601	0.649619680913151
90736	9.25117410133914	0.381011091270405
28986	8.27589174561871	0.945490771065478
158880	8.13487890601473	0.648133096007488
10325	9.47382998544315	0.587745102141494
11279	7.87235808213576	0.509220737708655
29978	10.8694964237039	0.527928360585732
550643	10.5402104766895	0.703482449345836
442454	7.69958165238804	0.106354937046373
169981	9.30638860442195	0.386550764770717
474343	8.65799522063545	0.301263335033118
158584	8.59700824137667	0.586694985419662
158586	9.90761904697853	0.235829763430321
7789	8.77471740047255	0.264207310959007
139886	10.6154063032807	0.790318031705964
92249	9.9027474252995	0.43743484186909
23229	9.69977315557069	0.426262283768844
139285	9.48473653251336	0.50262163173424
55613	7.99386288374759	0.302518581599165
55906	8.44553521771545	0.764539973150217
340554	7.91328783018253	0.462631415430806
81887	11.1530707066585	0.649007782255352
4478	12.1700690637588	1.63943338683021
367	7.56483827231477	0.448751352453222
4983	9.23000629151984	0.58981555990395
286451	11.7906307444805	0.533074383127749
9754	8.3042143408885	0.838396772085911
1947	9.86319611825168	1.23653737584018
64219	10.1504595484978	0.63386972325821
27112	8.80771353523701	0.611190008389706
1896	7.73883423084855	0.26486756770444
3476	10.8406911292547	0.332438854663487
407	7.67177037675591	0.126229168269172
347517	7.87078552375053	0.158169850246938
51248	10.7547608648639	0.492327769853801
24137	11.7782487976174	0.415121709667805
54857	7.56422864483423	0.106327537359003
1741	10.663820859016	1.07821596710168
100873930	7.72957418481502	0.264709346150386
29934	12.2062353157977	0.513706819885892
4303	9.45503068394566	0.415843812692547
3561	7.7130528108542	0.385387760739267
9968	10.8554369416795	0.431321450807091
54413	7.81529976649978	0.285111573032793
2705	7.93890636926495	1.06769189951598
9203	11.1220193248107	0.635713817182284
4841	14.2953962555218	0.391436432220899
26548	7.68279690557651	0.118724150907824
6872	11.1832176768889	0.502367161613827
8473	11.9817414619456	0.348861529276912
93953	8.0328191653453	0.230477903976106
340527	7.67552395821891	0.37198142714102
340526	8.42477537149072	1.15457156098257
5303	10.5796335313069	0.476731200478582
54821	10.3257734000219	0.617101513027339
6191	14.7036698714476	0.481117313946548
4435	7.75466243057186	0.166276274024373
55869	9.9808359533656	0.399753170530414
5255	10.6470187273458	0.895358779003866
4674	7.49219426027079	0.303808438276214
53344	10.1296110246697	0.575921102957303
554203	8.99629256692871	0.374008143523914
100302692	8.19505729265596	0.172480498793451
6567	8.86563527451298	1.56101745010285
51132	11.7207636471904	0.349347097731204
22	10.2161276857225	0.49660184176403
139596	9.39217359273686	0.284565483785329
286495	8.03553669855205	0.537074196842048
51260	10.4585314159001	0.986131333944354
57692	8.12485637394463	0.804921530658426
546	11.7911496471555	0.616949952853666
84061	12.5958316632634	0.589177547777872
1349	12.2725463447514	0.334223585004806
538	10.2918162747072	0.506477600530502
441531	7.84312805187874	0.114048836977097
5230	14.0621799748378	0.361301980294324
51616	10.6257587517779	0.606626325109326
101060146	7.73962599079837	0.615265866031786
254065	10.7786691291349	1.35691276453531
79366	8.74525922957247	1.12250263114311
6451	9.73626547031568	1.81472801370061
27330	8.00729130915717	0.970971177068563
139324	8.23077696475603	0.617367160006086
139322	10.2754862945938	1.2044488777812
7552	8.13323674604503	0.774384089707181
79983	8.77154501118799	1.5433209667618
1121	10.5344811932373	1.2974645736439
56062	8.16369689299506	0.956496763788928
4675	7.44929847317114	0.131044911054926
1730	9.57316154250837	0.95663691234456
10824	7.60975867323536	0.286710409145207
7105	10.268544970246	1.33654917102268
27286	8.48242017008001	0.935836789279266
94121	8.9076474733681	1.02473524335691
1478	10.6144387019132	0.428337184101239
27035	7.83123613241013	0.138183112987694
402415	7.74934836006226	0.257642298351364
79979	10.4710044251676	0.575830668600587
2491	10.0122208179682	0.596269453477223
1821	7.70677889887881	0.251513212423757
1678	9.56143024105465	0.396178855188883
695	7.52360281136034	0.177384418513886
6173	8.12785406015786	0.225166843865653
2717	10.8578417427584	0.464733999047708
100131755	8.27334913197448	0.74454012539522
51309	7.95273981161351	0.723283237790261
54470	9.36466519640792	0.80566646219004
51566	11.0027225646489	0.532834591566371
9823	8.13763383663906	0.846493702564949
84460	7.76907417497438	0.569182582678278
340542	8.1084775729738	0.716504081994813
11013	7.57665252292115	0.246608885815359
64860	9.49814422177429	0.191639459202523
100528062	7.88409609213258	0.106711871545825
9737	8.03821464513756	0.303607522201493
114928	7.86348831930341	0.28699601404076
80823	8.94146141845833	0.391164445092366
100287765	8.53753865518764	0.21739914839221
55859	8.02797575057135	1.51084363794921
56271	7.56245744683728	0.290291752063419
90843	9.81050142573877	1.23086884710072
84707	8.53963888553811	0.944012078689691
51186	10.2457951340831	1.34629379668877
27018	10.6414195255215	2.1280181702159
142684	7.65388586210507	0.190115151455449
79921	11.5814203088668	0.958099058125083
85012	9.76244924278545	1.24149893317482
9338	9.89355491232111	0.467991929002672
9643	13.3281521880729	0.267395330305715
340544	7.67499677972526	0.119824532910449
51209	7.80376279116207	0.408820228037083
401612	8.43296760998509	0.288597542915971
286437	8.16130761033066	0.316916300100889
139231	12.0676193181684	0.60610791892121
80712	7.52047440578912	0.315449746709711
26280	7.98587822487995	0.697250542109982
139221	7.59393597140559	0.328207850640379
55086	7.91124798243482	0.645263357774378
79589	8.34237529256264	1.32825443008205
54885	9.02854716798741	0.680307556459019
79710	9.81235172935527	0.56624211491638
55285	10.4199491762219	0.34059140776495
54830	8.56606064950196	0.710632111655012
84443	7.96564284041722	0.52877074094642
5631	11.4801094726466	0.565222583438943
1831	9.47966902976419	0.662478643938224
11043	9.1599144506863	0.963783976934664
340547	7.96359943180853	1.07174983006177
5716	11.1834817773199	0.412354655226357
115201	9.86829436707379	0.473815143087262
1288	8.09533632390552	0.974524478850493
1287	8.86548269234537	1.35601282878557
8471	7.5564022760997	0.474526340261162
55916	9.68457623416068	0.418380699464709
2182	11.4822108194869	0.591181541323091
105373311	7.75148403497178	0.216247617802878
84187	10.5774463680007	0.650683159047828
9949	11.3634408937288	0.479647908660963
57529	7.509601027294	0.15015976332755
91851	7.48662805216302	0.162509939306335
5063	7.52817543666417	0.264965409287955
1641	7.52137569577688	0.164073373388812
79868	10.0909670085389	0.353142080057713
154796	8.74590560696647	1.02784571602139
3598	7.56539826147128	0.338968826682429
101927352	7.80022328226782	0.263918488858079
5358	12.5301761634994	0.990077551343324
642776	7.61665061538937	0.147497286971524
11254	8.53388839974663	1.97681518802508
203413	7.7572338852806	0.807546372360023
90293	8.34733710788362	0.84116113066969
54521	10.1587694215446	0.408514629096244
139818	9.14758661012415	2.08711691542583
3597	12.2244574979026	0.798645564787763
170261	7.48437249086585	0.145044646464479
79836	8.93022005490269	0.742390680470085
10857	12.1198254199395	0.550833391994145
203427	9.52453970136436	0.813023696464407
100303728	8.1330608374741	0.206251794837616
292	13.7343809431128	0.443555107960911
63932	10.2123875082278	0.37987519544068
7319	11.6553771564189	0.433333285060082
55922	10.5610071204212	0.422640094031164
23157	10.0320235751829	1.01797289471135
347454	7.65302386677253	0.122861723529262
6170	14.5385244550572	0.468044950967908
26779	7.55833350390458	0.090894567723024
65109	10.9065985366216	0.511768555806701
7737	9.65119097592485	0.310035363531366
4694	11.8672750247229	0.446136956831953
79576	10.1971708220084	0.508514872530496
158801	7.97608874107651	0.192289104332975
10009	10.5782787494039	0.312351588153828
55026	8.16445406906258	0.747920755638638
3920	12.1096436457414	0.732249778378238
8450	11.8637388381111	0.499115190874588
28985	10.9148099147356	0.378873881041837
29071	10.543224025867	0.347945163465224
2747	7.84335696902742	0.242594999707695
57187	12.1639535708652	0.487665738746362
331	12.0139499789121	0.435407565630327
10735	12.1592961380687	0.309699473191812
10178	7.5178908436799	0.175765062330831
100129520	7.42854339457092	0.129026676970994
6594	11.2073889403511	2.25126121447036
4952	11.160870395699	0.64555240080097
8862	7.71385818268399	0.326011228718891
54440	7.47713822111154	0.203826406836936
51114	11.3883760605242	0.55201691368139
10813	10.8775250086174	0.443621187996824
63035	10.0917869840345	1.19244293389356
2000	11.3233965191478	0.495336822114549
9131	11.7661911284204	0.711928691362101
9363	7.60008584041432	0.235904073617028
55609	9.07596954016748	0.47412985158235
9016	9.01264848102111	0.307153077065119
51634	10.2399399420028	0.385109825257518
55855	8.53839570800423	0.256964616626207
10495	9.96294018975248	0.328992302259114
3547	7.66424167869539	0.504294224796052
286467	7.96876606779392	0.572168639809854
51765	11.0858355727008	0.449595686306438
57826	11.318349558911	0.618311542089854
101928578	7.81642685789353	0.217408438408043
55796	9.44530314485403	1.09743461378564
90161	7.95603844617966	0.978660470792515
2239	8.86768798063103	1.17647985501823
2719	7.57837143107052	0.313883119080115
347475	7.45824501700086	0.184337755748075
84295	11.1431397866799	0.512071877463144
3251	11.1267507050567	0.608073554090207
84848	7.56958496241593	0.203127786540753
10761	7.7780987735217	0.410803371166795
159090	11.1194074924322	0.515916534543391
159091	8.55531450354104	0.427034998112378
56180	9.64537075837736	0.47490069533694
644538	8.03354087583353	0.748773463271903
441518	8.63781047222926	0.790374064234392
8933	10.7564680494895	0.695142440329239
26071	10.5318379141922	0.463880595911881
644596	7.67259087071243	0.201363237145132
7626	9.29908735421426	0.335181447302721
203523	8.76843262389728	0.358652528565888
399668	7.7572735681542	0.40470292984638
203522	8.84562830531989	0.501212462767139
93380	10.9280836918985	0.458242007303363
10479	10.6508314481716	0.546224986598608
2273	8.57382104493418	0.872315422786433
79649	10.1976767403228	0.833832780878284
27336	12.0156978736906	0.499269869041776
51442	9.39242520859664	1.93120847793585
9459	8.06405649157218	1.20675543172402
27316	12.9499994330876	0.275133454795373
101928747	7.83395381965495	0.136932615095559
158696	7.41272590499023	0.135460177931378
2258	8.0960028943395	1.05951113827576
286410	9.82630427353119	1.00198868507156
23641	7.85646516410298	1.19512387885705
139065	7.59174074594457	0.347121920648434
2332	11.4861120543273	0.338849747737274
3423	12.1365307697086	0.795856134951967
100131434	7.90371941047131	0.10060808455224
91966	9.16372468607572	0.424595391119463
84548	9.8183417703799	0.33753921407231
541578	9.9290884888034	0.418657382560336
100272228	7.84510078516188	0.148032074415035
10046	8.26539031109571	0.535596784377345
4534	9.51366439117516	0.399037908713328
8776	10.9146813691685	0.515606391283633
83692	10.8181476594456	1.57316646887802
3149	12.3939647146622	0.973090363023585
203547	11.1105649739043	0.490099792924408
4103	7.53325273429095	0.131242637971027
2564	8.102334464123	0.787087948225773
4102	7.82204996296821	0.701065741691013
102723547	7.47919291834922	0.254792747273592
266740	7.38090933960233	0.126028200849174
158511	7.57091156508661	0.279658609306764
4111	7.57762494814143	0.337338974730106
389903	7.55656766759346	0.141519678945662
4105	7.68236589380385	0.412113545992749
1069	10.8295529605617	0.449428757386568
50814	11.025017106324	0.480096195321359
7739	10.165892543803	1.76864915442898
29944	7.42178016015251	0.203404862201311
84968	7.73034720195078	0.557173226819444
10838	9.35071531246348	0.369680638957101
139735	7.93008317978409	0.655042766142703
11219	7.83600936576426	0.219767036166779
55559	9.68906872451561	0.407174592613499
633	7.57499540442507	0.250387404783341
92002	9.7685273434911	0.383300418104648
1852	8.95192497431276	1.11769337544027
6535	9.91493006953242	1.50691133325914
10134	13.3227563206141	0.328477255896304
215	10.2417585378855	1.07433192119305
5365	8.48090457356787	0.664174957250096
26576	8.0125473345854	0.886601299663095
3421	10.8759426304707	0.386882099844962
6748	12.5854708630189	0.671606738488996
57595	8.17567574851915	1.11328712902641
3897	9.23025044874142	1.68314258333563
554	7.63639201692042	0.422815289139588
393	8.87992674098998	1.73536684727796
8260	11.3805178317427	0.483256028135995
5973	7.58881435805008	0.209289045986013
3054	12.7434336853264	0.203836109896063
8269	8.94609801833755	0.430621959143821
3654	13.8086500070797	0.65652961578874
4204	11.5044582408685	0.417391808362815
2316	14.8227103936283	0.827816313198133
2010	11.5736934016905	0.531656592660322
6134	14.9284029278671	0.719371701121731
26778	8.12592832494665	0.292637407124135
1774	10.0817163421854	0.484229741714512
6901	9.8610447172041	0.412185621630533
158960	8.61167737072507	0.335700202793503
537	12.7306416555978	0.631153151419902
2664	12.378258755387	0.806228900102916
9130	11.5771447108605	0.528516653921066
55558	10.4231305672955	0.595552766040376
8270	11.2681527601696	0.79596499923188
8266	11.0215334789673	0.584603455069492
8273	10.6243111427988	0.576452444062026
60343	10.548115082921	0.560683228912233
2539	12.6017770560132	1.00973684048066
8517	9.26950444303979	0.60208148577876
139716	7.73815322522511	0.524030550600366
1736	12.5302467923832	0.566294314584198
4354	9.44626329624076	1.10417268920145
2157	8.50233135802923	0.579708661366873
8263	8.89553738718331	0.337831342903982
65991	10.7127319833565	0.449582141336482
100272147	8.84749111368246	0.393319262523527
4515	8.0468156605237	0.159963635407542
79184	11.0742895936195	0.44199624806604
7411	11.5428788905383	0.45000524984528
116442	7.81806486384829	0.456711837792712
1193	7.67628580581495	0.144798407592115
55217	9.51698825002691	0.391598982702487
6845	8.02421164904553	0.487468057727488
6192	7.99659750015124	1.48622613783206
7544	7.67513218404412	0.908881818730064
100873962	7.40776294710531	0.199426274396098
90665	7.40142830905122	0.169856123413287
5616	7.71016049816728	0.770864249831327
352887	7.53255237057295	0.548557017121792
64595	7.74242768445948	0.978078346200801
8287	7.8168848665354	1.27271897947808
8653	8.05792739283936	1.77967629364463
7404	7.74293934049264	1.11675727468743
9087	7.54463103805557	0.573667338156033
401629	7.42609038048	0.276635023836063
83869	7.46033552270574	0.3214549673747
246126	7.72138540552632	1.01205037576377
8284	7.8212786800574	1.22158966744062
9086	7.86652572067041	1.35692046664616
