ENTREZID	retained	samples_count_ge10
100287102	FALSE	0
653635	TRUE	16
102466751	TRUE	2
100302278	FALSE	0
645520	FALSE	0
79501	FALSE	0
729737	TRUE	10
102725121	FALSE	0
102723897	TRUE	16
102465909	FALSE	0
729759	FALSE	0
100132287	FALSE	0
105378947	FALSE	0
101928626	FALSE	0
102465432	TRUE	4
81399	FALSE	0
100133331	TRUE	16
100288069	TRUE	16
400728	TRUE	3
79854	TRUE	15
643837	TRUE	16
284593	FALSE	0
100130417	TRUE	6
148398	TRUE	13
26155	TRUE	16
339451	TRUE	16
84069	TRUE	16
84808	TRUE	16
57801	TRUE	16
9636	TRUE	16
375790	TRUE	16
105369174	TRUE	16
105378948	TRUE	14
401934	TRUE	12
54991	TRUE	16
254099	TRUE	3
406984	TRUE	3
406983	TRUE	3
554210	TRUE	5
254173	TRUE	9
8784	TRUE	8
7293	TRUE	2
51150	TRUE	16
126792	TRUE	16
388581	TRUE	15
118424	TRUE	16
6339	TRUE	15
116983	TRUE	16
102465434	FALSE	0
126789	TRUE	16
54973	TRUE	16
102465435	FALSE	0
80772	TRUE	16
83756	TRUE	15
1855	TRUE	16
102466740	FALSE	0
54587	TRUE	16
54998	TRUE	16
81669	TRUE	16
148413	TRUE	16
55052	TRUE	16
441869	TRUE	5
643965	TRUE	4
102724312	TRUE	10
64856	TRUE	15
219293	TRUE	12
83858	TRUE	16
55210	TRUE	16
339453	TRUE	15
29101	TRUE	16
643988	TRUE	12
142678	TRUE	16
8510	FALSE	0
984	TRUE	16
728661	TRUE	16
8511	TRUE	4
728642	TRUE	16
9906	TRUE	16
65220	TRUE	16
2782	TRUE	16
105378949	TRUE	14
163688	TRUE	2
339456	TRUE	15
85452	FALSE	1
2563	TRUE	6
5590	TRUE	16
100506504	TRUE	16
199990	TRUE	16
105378592	TRUE	2
6497	TRUE	16
105378594	FALSE	0
79906	TRUE	16
100129534	TRUE	12
11079	TRUE	16
5192	TRUE	16
9651	TRUE	6
55229	TRUE	11
388585	FALSE	0
115110	FALSE	0
8764	TRUE	4
100996583	FALSE	0
127281	TRUE	10
79258	FALSE	1
100287898	FALSE	0
140625	FALSE	0
440556	TRUE	4
63976	TRUE	13
100422968	FALSE	0
27237	TRUE	16
1953	TRUE	15
693135	FALSE	0
127262	TRUE	16
49856	TRUE	16
7161	TRUE	16
57212	TRUE	15
148870	TRUE	3
388588	TRUE	13
57470	TRUE	16
9731	TRUE	16
1677	TRUE	16
339448	TRUE	16
100133612	TRUE	12
728716	FALSE	0
284661	FALSE	0
55966	FALSE	0
100616489	FALSE	0
100616421	FALSE	0
261734	TRUE	16
8514	TRUE	16
26038	TRUE	10
6146	TRUE	16
102724450	TRUE	5
388591	TRUE	16
23463	TRUE	16
148645	TRUE	15
390992	FALSE	0
387509	TRUE	16
11332	TRUE	16
54626	TRUE	8
83715	TRUE	13
100422975	FALSE	0
8718	TRUE	16
57449	TRUE	16
79707	TRUE	16
80835	FALSE	0
3104	TRUE	16
9903	TRUE	16
148479	TRUE	16
90326	TRUE	16
55735	TRUE	16
100505887	FALSE	0
23261	TRUE	16
9341	TRUE	16
8863	TRUE	16
10911	FALSE	0
3604	TRUE	13
11315	TRUE	16
54206	TRUE	16
102724539	TRUE	3
50651	TRUE	10
473	TRUE	16
102724552	FALSE	0
2023	TRUE	16
102465436	FALSE	0
100505975	TRUE	2
765	TRUE	2
155184	FALSE	0
6518	TRUE	2
80045	TRUE	16
407040	FALSE	0
9563	TRUE	16
80176	TRUE	16
100506022	TRUE	8
84275	TRUE	16
199953	TRUE	16
5293	TRUE	16
644997	FALSE	0
101929074	TRUE	9
22883	TRUE	16
56998	TRUE	16
84328	TRUE	16
64802	TRUE	16
100847055	FALSE	0
105376719	FALSE	0
116362	TRUE	7
10277	TRUE	16
23095	TRUE	16
100422970	FALSE	0
5226	TRUE	16
100526739	FALSE	0
378708	TRUE	16
1325	FALSE	0
1676	TRUE	16
5195	TRUE	16
54897	TRUE	16
148345	TRUE	2
23435	TRUE	16
10747	TRUE	16
6723	TRUE	16
5394	TRUE	16
2475	TRUE	16
100873935	FALSE	0
10218	FALSE	0
29914	TRUE	16
57540	TRUE	8
101929181	FALSE	0
26232	TRUE	16
93611	TRUE	16
26270	TRUE	14
10459	TRUE	16
374946	FALSE	0
57085	TRUE	16
284498	FALSE	0
102724659	FALSE	0
4524	TRUE	16
1185	TRUE	16
100379251	TRUE	3
4878	TRUE	6
4879	FALSE	1
26829	FALSE	0
90231	TRUE	16
5351	TRUE	16
9927	TRUE	16
60672	TRUE	16
102466982	FALSE	0
943	TRUE	2
102465836	FALSE	0
7133	TRUE	14
100616438	FALSE	0
55187	TRUE	16
677885	FALSE	1
9249	TRUE	16
102466722	FALSE	0
343066	FALSE	0
126767	FALSE	0
93190	FALSE	0
390999	FALSE	0
65121	FALSE	0
440560	FALSE	0
343069	FALSE	0
65122	FALSE	0
400735	FALSE	0
343071	FALSE	0
441871	FALSE	0
440561	FALSE	0
653606	FALSE	0
102724742	FALSE	0
101929983	FALSE	0
649330	FALSE	0
441873	FALSE	0
649324	FALSE	0
440563	FALSE	0
645354	FALSE	0
645359	FALSE	0
101060301	FALSE	0
343070	FALSE	0
400736	FALSE	0
391003	FALSE	0
343068	FALSE	0
391002	FALSE	0
645382	FALSE	0
653619	FALSE	0
729528	FALSE	0
645414	FALSE	0
391004	FALSE	0
645425	FALSE	0
126755	FALSE	0
10630	FALSE	0
7799	TRUE	16
23254	TRUE	16
200197	TRUE	12
55092	TRUE	16
727684	FALSE	0
114827	TRUE	10
101927417	FALSE	1
79180	TRUE	16
11330	FALSE	0
63036	FALSE	0
51032	FALSE	0
842	TRUE	16
23341	TRUE	16
79814	TRUE	14
84301	TRUE	16
6248	TRUE	16
23207	TRUE	16
284723	TRUE	13
388595	FALSE	0
54751	TRUE	16
440567	TRUE	16
729614	TRUE	16
23013	TRUE	16
7709	TRUE	16
101928566	FALSE	0
149563	FALSE	0
27129	FALSE	1
1187	FALSE	1
1188	FALSE	0
348487	TRUE	14
1969	TRUE	16
128272	TRUE	16
101927546	TRUE	2
79363	TRUE	16
54455	TRUE	16
26099	TRUE	16
374955	FALSE	0
55707	TRUE	16
114819	TRUE	16
26871	FALSE	1
100126512	FALSE	0
100126517	FALSE	0
102724970	FALSE	0
100133301	FALSE	0
7195	FALSE	0
55672	TRUE	16
84809	TRUE	16
11209	TRUE	14
26869	FALSE	0
729574	FALSE	0
100126533	FALSE	0
284729	TRUE	2
100189045	FALSE	0
102723383	FALSE	0
6060	FALSE	0
11223	TRUE	4
100500876	FALSE	0
100189298	FALSE	0
7193	FALSE	0
791226	FALSE	0
9696	TRUE	16
26870	FALSE	0
4237	TRUE	8
23400	TRUE	16
6390	TRUE	16
11240	TRUE	13
29943	TRUE	15
51702	TRUE	11
100616188	FALSE	0
23569	TRUE	2
353238	FALSE	0
55920	TRUE	16
55160	TRUE	16
81569	TRUE	3
101927876	FALSE	0
84966	FALSE	0
127707	TRUE	11
5081	TRUE	4
80834	FALSE	0
8659	TRUE	16
100616120	FALSE	0
100302276	FALSE	0
126917	TRUE	16
23352	TRUE	16
23065	TRUE	16
51154	TRUE	16
246181	TRUE	5
22977	TRUE	7
100506730	TRUE	16
8574	TRUE	16
54896	TRUE	16
832	TRUE	16
100532736	FALSE	0
440574	TRUE	16
644068	TRUE	12
4681	TRUE	13
3362	TRUE	3
255104	TRUE	16
54546	TRUE	2
23252	TRUE	16
30814	FALSE	0
5320	TRUE	2
5322	FALSE	0
26279	FALSE	0
64600	TRUE	4
391013	FALSE	0
127733	TRUE	5
101928017	TRUE	2
127731	FALSE	0
339505	FALSE	0
55450	TRUE	16
79594	TRUE	16
163933	TRUE	2
978	TRUE	16
65018	TRUE	16
102464833	FALSE	0
100861548	TRUE	16
1650	TRUE	16
57576	TRUE	11
400745	TRUE	16
50809	TRUE	16
8672	TRUE	16
100302155	FALSE	0
1889	TRUE	16
100506801	TRUE	2
84224	TRUE	13
249	TRUE	4
5909	TRUE	16
84196	TRUE	16
401944	TRUE	5
3339	TRUE	16
23436	TRUE	2
10136	FALSE	1
101928043	TRUE	3
29092	TRUE	16
998	TRUE	16
54361	TRUE	14
100616433	FALSE	0
9923	TRUE	16
2046	TRUE	2
102466615	FALSE	0
712	FALSE	0
714	FALSE	1
713	FALSE	0
2048	TRUE	16
100616391	FALSE	0
100422914	FALSE	0
646262	FALSE	0
729059	FALSE	0
23028	TRUE	16
100422866	FALSE	0
100616177	FALSE	0
7798	TRUE	16
3352	TRUE	13
100996511	TRUE	6
10236	TRUE	16
80818	TRUE	16
148898	TRUE	15
6920	TRUE	15
55616	TRUE	16
1870	TRUE	16
101928163	FALSE	0
3399	TRUE	16
259283	TRUE	2
6135	TRUE	16
6924	TRUE	16
100506963	TRUE	14
57095	TRUE	16
11313	TRUE	16
2582	TRUE	16
3155	TRUE	16
2517	TRUE	16
1269	FALSE	0
100616492	FALSE	0
55629	TRUE	16
10772	TRUE	16
127294	FALSE	1
58985	TRUE	13
163702	TRUE	16
284632	FALSE	0
57822	TRUE	12
90529	TRUE	16
57185	TRUE	16
100750325	TRUE	2
11123	TRUE	16
100506985	TRUE	16
400746	TRUE	9
10250	TRUE	16
25932	TRUE	16
864	FALSE	0
102465437	FALSE	0
100616365	FALSE	0
25949	TRUE	16
57035	TRUE	16
6007	TRUE	7
23585	TRUE	16
6006	TRUE	7
55219	TRUE	16
26119	TRUE	16
57134	TRUE	10
57190	TRUE	16
56181	TRUE	16
646471	TRUE	16
79000	TRUE	16
164091	TRUE	16
3925	TRUE	16
100500808	FALSE	0
5051	TRUE	16
2134	TRUE	7
7780	TRUE	2
105376910	TRUE	2
84676	FALSE	0
149420	TRUE	16
79927	TRUE	5
105376887	FALSE	0
51042	TRUE	16
10256	TRUE	15
378807	FALSE	0
101928303	TRUE	2
64793	TRUE	16
83442	TRUE	16
91544	TRUE	16
1043	TRUE	2
55057	TRUE	14
257101	FALSE	0
79727	TRUE	4
79947	TRUE	16
101928324	FALSE	0
3151	TRUE	16
6195	TRUE	16
100302190	FALSE	0
101928728	TRUE	16
8289	TRUE	16
55650	TRUE	16
84243	TRUE	16
2810	TRUE	16
54707	TRUE	16
63906	TRUE	16
10726	TRUE	16
8431	TRUE	5
126695	TRUE	14
388610	TRUE	16
115572	TRUE	14
6548	TRUE	16
23038	TRUE	16
84065	TRUE	16
644961	TRUE	14
100887744	FALSE	0
84958	TRUE	16
9064	TRUE	16
8547	FALSE	0
388611	FALSE	1
2827	TRUE	15
10163	TRUE	16
27245	TRUE	16
2268	FALSE	0
2537	TRUE	16
199870	TRUE	16
23673	TRUE	16
5511	TRUE	16
677774	FALSE	0
9473	TRUE	16
6118	TRUE	16
27293	TRUE	15
55113	TRUE	14
2140	TRUE	16
5724	TRUE	13
22826	TRUE	16
93974	TRUE	16
83667	TRUE	16
54797	TRUE	16
65979	TRUE	16
1104	TRUE	16
8420	TRUE	16
6080	TRUE	16
26768	TRUE	13
54952	TRUE	16
85028	TRUE	16
692212	TRUE	8
677838	TRUE	14
677825	TRUE	14
692073	TRUE	12
115273	TRUE	8
6883	TRUE	16
26824	TRUE	2
10691	TRUE	16
105376911	FALSE	0
51441	TRUE	16
4985	TRUE	4
2035	TRUE	16
399474	TRUE	11
6429	TRUE	16
51102	TRUE	16
10076	TRUE	16
101928460	FALSE	0
101929406	FALSE	0
4146	TRUE	5
100129196	TRUE	14
7805	TRUE	14
100616164	FALSE	0
400748	FALSE	0
9672	TRUE	16
9698	TRUE	16
692234	FALSE	0
692235	FALSE	1
692200	FALSE	0
79570	TRUE	9
9410	TRUE	16
51538	TRUE	16
2170	TRUE	7
347735	TRUE	16
149086	FALSE	0
284551	FALSE	0
64129	TRUE	14
3061	FALSE	0
553115	TRUE	16
1307	TRUE	12
576	TRUE	16
100423028	FALSE	0
90853	TRUE	11
8073	TRUE	16
10657	TRUE	16
55116	TRUE	16
100847018	FALSE	0
23633	TRUE	16
200081	TRUE	16
79140	TRUE	15
56063	TRUE	16
55721	TRUE	16
149069	TRUE	7
8668	TRUE	16
339483	TRUE	16
84734	TRUE	8
3932	TRUE	10
3065	TRUE	16
65108	TRUE	16
100128071	TRUE	10
81629	TRUE	13
55108	TRUE	16
728116	TRUE	3
653121	TRUE	16
339487	TRUE	16
5928	TRUE	16
81493	TRUE	8
57648	TRUE	16
8565	TRUE	16
64766	TRUE	16
252995	TRUE	10
3208	TRUE	6
113452	TRUE	16
127544	TRUE	16
204	TRUE	16
113451	TRUE	14
55223	TRUE	16
149076	TRUE	16
127550	FALSE	0
1912	TRUE	16
100500853	FALSE	0
101929464	TRUE	3
7579	TRUE	16
114784	FALSE	0
127540	FALSE	0
402779	FALSE	0
84970	FALSE	0
693137	FALSE	0
2709	TRUE	12
127534	TRUE	10
2707	TRUE	14
2701	FALSE	0
113444	TRUE	16
58512	TRUE	10
653160	TRUE	15
100506144	TRUE	16
9204	TRUE	16
79830	TRUE	16
6421	TRUE	16
9202	TRUE	16
79932	TRUE	16
23154	TRUE	16
339488	TRUE	11
5690	TRUE	16
127703	TRUE	16
63967	TRUE	16
192670	TRUE	16
26523	TRUE	16
192669	TRUE	16
27285	FALSE	1
54936	TRUE	16
1296	TRUE	7
27095	TRUE	16
55700	TRUE	16
9967	TRUE	16
79729	TRUE	16
55194	TRUE	16
83931	TRUE	16
84967	TRUE	16
127700	TRUE	15
64960	TRUE	16
1441	TRUE	4
2899	FALSE	0
100422898	FALSE	0
728431	TRUE	16
80149	TRUE	16
102465438	FALSE	0
64769	TRUE	16
100847010	FALSE	0
79753	TRUE	16
7802	TRUE	5
29889	TRUE	16
284654	TRUE	2
54955	TRUE	16
55143	TRUE	16
284656	TRUE	13
149175	TRUE	16
79693	TRUE	16
127687	TRUE	16
4520	TRUE	16
3633	TRUE	16
10946	TRUE	16
2275	TRUE	16
51118	TRUE	16
5453	TRUE	5
100500801	FALSE	0
339442	FALSE	1
64121	TRUE	16
100527950	FALSE	0
26292	FALSE	0
81025	FALSE	0
54933	TRUE	14
79647	TRUE	16
4725	TRUE	16
23499	TRUE	16
643314	TRUE	16
105378950	TRUE	2
353500	TRUE	14
728448	FALSE	1
8761	TRUE	16
101929516	FALSE	1
677834	TRUE	2
26508	TRUE	8
84618	FALSE	1
51440	TRUE	6
10450	TRUE	16
656	TRUE	16
64064	TRUE	6
105378951	TRUE	4
101929536	FALSE	1
54802	TRUE	16
4610	TRUE	16
84879	TRUE	16
10487	TRUE	16
5538	TRUE	16
6018	TRUE	16
127391	FALSE	0
10269	TRUE	16
1298	TRUE	13
64744	TRUE	16
65243	TRUE	16
339559	TRUE	14
64789	TRUE	14
127396	TRUE	16
9783	TRUE	14
100130557	TRUE	15
4802	TRUE	16
407034	FALSE	0
407031	FALSE	0
9132	TRUE	11
163732	TRUE	16
1503	TRUE	16
100507178	TRUE	12
200172	TRUE	9
22955	TRUE	16
100132074	TRUE	14
1907	TRUE	4
59269	TRUE	16
2981	FALSE	0
2980	TRUE	4
22887	TRUE	16
284716	TRUE	14
84217	TRUE	11
79717	TRUE	16
728621	TRUE	14
10465	TRUE	16
4904	TRUE	16
149461	FALSE	0
64175	TRUE	16
79078	TRUE	16
100129924	TRUE	5
374969	TRUE	16
114625	TRUE	16
51058	TRUE	16
339539	FALSE	0
6513	TRUE	16
440584	TRUE	8
105378684	TRUE	2
440585	TRUE	6
10969	TRUE	16
102465439	FALSE	0
149465	TRUE	14
128218	TRUE	12
149466	TRUE	13
7075	FALSE	0
4352	TRUE	11
991	TRUE	16
64834	TRUE	16
102466723	FALSE	0
112950	TRUE	16
23334	TRUE	16
102465440	FALSE	0
81888	TRUE	3
5792	TRUE	16
9682	TRUE	16
100132774	TRUE	15
6487	TRUE	16
101929592	FALSE	0
102464830	FALSE	0
9048	TRUE	12
9670	TRUE	16
1802	TRUE	16
533	TRUE	16
8704	TRUE	16
149473	TRUE	16
6536	TRUE	16
128209	FALSE	0
105378952	FALSE	0
55929	TRUE	16
79033	TRUE	16
100874278	FALSE	1
55182	TRUE	16
100847089	FALSE	0
79639	TRUE	16
339541	TRUE	5
26828	FALSE	1
26830	TRUE	2
11004	TRUE	16
6202	TRUE	16
26811	TRUE	16
94161	TRUE	8
94162	FALSE	1
94163	TRUE	14
266675	TRUE	6
1263	TRUE	16
343521	TRUE	10
149478	TRUE	10
8643	TRUE	5
8891	TRUE	16
79654	TRUE	16
7389	TRUE	16
57643	TRUE	16
400752	TRUE	11
84842	TRUE	14
4595	TRUE	16
114034	TRUE	16
10420	TRUE	16
126661	TRUE	16
25974	TRUE	16
5052	TRUE	16
10327	TRUE	16
4678	TRUE	16
149483	TRUE	16
60313	TRUE	16
728963	FALSE	0
51249	TRUE	16
3652	TRUE	16
23139	TRUE	16
8503	TRUE	16
101929626	TRUE	10
10103	TRUE	16
55624	TRUE	16
541468	TRUE	3
8438	TRUE	16
10489	TRUE	16
7388	TRUE	16
387338	TRUE	16
2166	TRUE	16
729041	TRUE	2
101929651	FALSE	0
127343	TRUE	12
100507423	FALSE	1
148930	FALSE	0
8569	TRUE	16
148932	TRUE	16
64756	TRUE	16
374973	FALSE	1
100130197	FALSE	0
9813	TRUE	16
1580	TRUE	3
163720	FALSE	0
1579	FALSE	0
260293	TRUE	7
199974	FALSE	0
284541	FALSE	0
100874253	TRUE	9
10158	TRUE	9
6886	FALSE	1
6491	TRUE	16
51727	TRUE	16
102724077	TRUE	5
2301	TRUE	2
84793	TRUE	14
2306	TRUE	15
388630	TRUE	5
391037	FALSE	0
200010	TRUE	2
54558	TRUE	14
84871	FALSE	0
79656	TRUE	2
101929721	FALSE	0
100874313	FALSE	0
1996	TRUE	2
63950	TRUE	2
11124	TRUE	16
1031	TRUE	16
100616189	FALSE	0
102466656	FALSE	0
284546	FALSE	0
26994	TRUE	16
22996	TRUE	16
102724097	TRUE	2
2060	TRUE	16
114883	TRUE	16
4898	TRUE	16
100313892	FALSE	0
5865	TRUE	16
51060	TRUE	16
112970	FALSE	0
104355143	FALSE	0
91408	TRUE	16
9372	TRUE	16
200014	TRUE	16
4998	TRUE	16
84950	TRUE	16
23318	TRUE	16
105378722	TRUE	10
2882	TRUE	4
348378	FALSE	0
65260	TRUE	16
79699	TRUE	16
440590	TRUE	6
55268	TRUE	16
6342	TRUE	16
100616156	FALSE	0
100616458	FALSE	0
100616145	FALSE	0
127435	TRUE	4
6512	TRUE	5
1376	TRUE	16
54987	TRUE	16
4116	TRUE	16
100507564	TRUE	11
7804	TRUE	16
163742	FALSE	0
63948	FALSE	0
148979	TRUE	2
105369175	TRUE	2
55706	TRUE	16
54432	TRUE	16
1733	FALSE	0
51668	TRUE	16
115353	TRUE	16
388633	TRUE	6
9528	TRUE	16
127428	TRUE	16
100616315	FALSE	0
200008	FALSE	0
606495	TRUE	16
51253	TRUE	16
23648	TRUE	16
619518	TRUE	4
26027	TRUE	16
338094	TRUE	7
374977	FALSE	0
100527960	FALSE	0
7268	TRUE	16
25973	TRUE	16
55001	TRUE	12
163747	TRUE	6
1718	TRUE	16
100126514	FALSE	0
199964	TRUE	10
7809	TRUE	3
255738	TRUE	14
23358	TRUE	16
100507634	TRUE	16
100616272	FALSE	0
8613	TRUE	16
5563	TRUE	14
199920	FALSE	1
731	FALSE	0
732	FALSE	0
1600	TRUE	4
101926890	FALSE	0
115209	TRUE	16
4070	TRUE	12
114803	TRUE	16
3725	TRUE	16
100131060	TRUE	4
101926925	FALSE	1
729467	FALSE	0
55277	TRUE	16
100616409	FALSE	0
101926944	FALSE	0
51361	TRUE	15
1573	TRUE	10
127795	FALSE	0
101926964	FALSE	0
100996570	FALSE	0
4774	TRUE	16
645030	FALSE	0
414927	FALSE	0
83941	TRUE	16
10207	TRUE	16
100422902	FALSE	0
100422946	FALSE	0
54596	FALSE	0
163782	TRUE	7
7398	TRUE	16
85440	TRUE	16
27329	FALSE	0
84938	TRUE	16
199899	FALSE	1
100996301	TRUE	11
27022	TRUE	5
102464823	FALSE	0
29929	TRUE	16
23421	TRUE	16
84455	TRUE	16
79469	FALSE	0
5236	TRUE	16
4919	TRUE	16
101927034	TRUE	2
148581	TRUE	2
57685	TRUE	14
100616338	FALSE	0
55225	TRUE	16
3716	TRUE	16
101927084	FALSE	0
105378775	FALSE	1
100500854	FALSE	0
406893	FALSE	0
205	TRUE	16
9829	TRUE	16
54741	TRUE	16
3953	TRUE	16
5142	TRUE	5
101927139	FALSE	0
84251	TRUE	5
100422871	FALSE	0
200132	FALSE	0
10022	FALSE	0
79819	TRUE	14
57708	TRUE	16
23169	TRUE	16
400757	TRUE	2
149233	TRUE	2
3595	TRUE	4
26135	TRUE	16
1647	TRUE	16
55970	TRUE	16
100289178	TRUE	7
9077	TRUE	6
79971	TRUE	16
100302279	FALSE	0
6121	TRUE	9
55635	TRUE	16
101927220	TRUE	10
57554	TRUE	11
5301	FALSE	0
55631	TRUE	16
9295	TRUE	16
81573	TRUE	16
11147	TRUE	16
1491	TRUE	16
101927244	FALSE	0
5733	FALSE	1
100132618	TRUE	10
9406	TRUE	16
406962	FALSE	0
100852410	TRUE	3
257194	TRUE	8
100852409	FALSE	0
101927295	FALSE	0
127255	TRUE	14
100526835	FALSE	0
8790	TRUE	16
51086	FALSE	0
105378804	FALSE	0
105378803	FALSE	0
127254	TRUE	3
101927320	FALSE	0
1429	TRUE	16
127253	TRUE	16
431707	FALSE	0
204962	TRUE	12
34	TRUE	16
1744	TRUE	14
5876	TRUE	16
692085	TRUE	13
26805	TRUE	9
26804	FALSE	1
4438	FALSE	1
127247	FALSE	0
101927342	FALSE	0
256435	TRUE	5
81849	TRUE	2
102466995	FALSE	0
10026	TRUE	16
26289	TRUE	10
26009	TRUE	16
23032	TRUE	16
374986	TRUE	16
374987	TRUE	2
91624	TRUE	16
8880	TRUE	16
11080	TRUE	16
54810	TRUE	10
149047	FALSE	0
5737	TRUE	2
10964	TRUE	9
10561	TRUE	14
64123	TRUE	2
101927412	FALSE	0
23266	TRUE	15
101927434	FALSE	0
101927498	FALSE	0
101927587	TRUE	3
101927560	FALSE	1
79739	TRUE	15
5567	TRUE	16
148418	TRUE	12
391051	FALSE	1
58511	FALSE	0
80135	TRUE	16
2787	TRUE	16
100505741	TRUE	8
1486	TRUE	16
103695366	TRUE	3
439927	FALSE	0
117178	TRUE	16
23566	TRUE	8
255231	TRUE	14
55283	TRUE	14
126820	TRUE	6
100616481	FALSE	0
84144	TRUE	16
148423	TRUE	16
8915	TRUE	16
646626	TRUE	5
23576	TRUE	16
3491	TRUE	16
54680	TRUE	16
255631	TRUE	4
57489	TRUE	16
102465842	FALSE	0
9635	TRUE	2
1179	FALSE	0
22802	TRUE	4
9629	TRUE	2
105378828	TRUE	15
51100	TRUE	16
9403	TRUE	16
9653	TRUE	16
339524	TRUE	4
101927844	FALSE	0
105378832	FALSE	0
8543	TRUE	16
100505768	FALSE	0
101927891	TRUE	4
5586	TRUE	16
2959	TRUE	16
56267	TRUE	16
494115	TRUE	16
2635	TRUE	15
2633	TRUE	11
2634	TRUE	16
388646	TRUE	4
115361	TRUE	12
115362	TRUE	3
729930	FALSE	0
163351	TRUE	4
400759	FALSE	1
23507	TRUE	16
84230	TRUE	16
400761	TRUE	10
55144	TRUE	16
105378846	FALSE	0
492303	TRUE	16
284695	TRUE	16
343472	FALSE	0
84146	TRUE	16
164045	FALSE	0
8317	TRUE	16
7049	TRUE	16
676	FALSE	0
253152	TRUE	13
646817	TRUE	16
284697	TRUE	12
23285	TRUE	15
388649	FALSE	0
11146	TRUE	16
79871	TRUE	16
2672	TRUE	14
7813	TRUE	16
6125	TRUE	16
388650	TRUE	16
6083	TRUE	2
26782	TRUE	5
22823	TRUE	16
50999	TRUE	16
343099	TRUE	16
100131564	TRUE	16
1810	TRUE	16
54874	TRUE	16
100126520	FALSE	0
8412	TRUE	16
100129046	TRUE	6
100126348	FALSE	0
100189133	TRUE	7
30836	TRUE	16
2730	TRUE	16
24	TRUE	10
9411	TRUE	16
5825	TRUE	16
2152	TRUE	16
101928079	TRUE	14
100616321	FALSE	0
126969	TRUE	16
1266	TRUE	16
105378862	TRUE	4
729970	TRUE	13
199857	TRUE	16
101928098	FALSE	0
148534	TRUE	16
100527978	TRUE	11
101928118	FALSE	1
25950	TRUE	16
440594	FALSE	0
100996635	FALSE	0
102723661	FALSE	0
101928241	FALSE	0
58155	TRUE	16
1806	TRUE	16
100873932	FALSE	0
100873933	FALSE	0
400765	TRUE	4
100616452	TRUE	4
406928	FALSE	0
729987	TRUE	5
51375	TRUE	16
163404	FALSE	0
100129620	FALSE	0
9890	FALSE	0
101928270	FALSE	0
54873	TRUE	4
391059	TRUE	16
178	TRUE	16
23443	TRUE	16
64645	TRUE	16
163786	TRUE	16
54482	TRUE	16
127495	TRUE	5
1629	TRUE	16
100506007	TRUE	15
8634	TRUE	16
693138	FALSE	0
8556	TRUE	16
54112	FALSE	0
100128787	FALSE	0
7412	FALSE	0
2135	TRUE	16
148867	TRUE	16
51611	TRUE	16
102606465	TRUE	16
101928334	FALSE	0
101928370	TRUE	2
1901	TRUE	4
104355286	FALSE	0
118427	FALSE	0
94236	FALSE	0
1301	TRUE	5
101928436	FALSE	0
55599	TRUE	16
280	TRUE	12
648740	FALSE	0
279	FALSE	0
276	FALSE	0
277	FALSE	0
278	FALSE	0
100129138	FALSE	0
101928476	FALSE	0
55170	TRUE	16
22854	TRUE	2
10451	TRUE	4
102465839	FALSE	0
100873946	FALSE	0
29957	TRUE	16
148545	TRUE	2
653149	FALSE	0
284611	TRUE	16
113802	TRUE	16
55119	TRUE	16
163479	FALSE	0
6814	TRUE	16
254268	TRUE	9
642864	FALSE	0
29899	TRUE	16
23155	TRUE	16
22911	TRUE	16
6884	TRUE	16
56900	TRUE	16
677766	TRUE	14
127003	FALSE	1
57535	TRUE	9
6301	TRUE	16
1952	TRUE	15
84722	TRUE	16
343263	FALSE	0
6272	TRUE	16
5686	TRUE	16
284612	TRUE	6
127002	TRUE	16
284613	TRUE	16
57463	TRUE	14
83873	TRUE	2
2773	TRUE	16
406974	FALSE	0
2780	TRUE	12
271	TRUE	16
2948	TRUE	16
2946	TRUE	3
2944	TRUE	2
2949	FALSE	0
2947	TRUE	12
79574	TRUE	8
1435	TRUE	15
10768	TRUE	16
85369	TRUE	16
257	TRUE	16
104355139	TRUE	2
164153	TRUE	2
388662	TRUE	7
100873974	TRUE	4
3749	TRUE	16
440600	TRUE	16
64783	TRUE	16
9122	TRUE	9
10542	TRUE	16
101410535	TRUE	8
84432	FALSE	0
643160	FALSE	0
440602	FALSE	0
3744	TRUE	2
3737	TRUE	3
3738	FALSE	0
963	FALSE	0
55791	TRUE	16
128338	TRUE	16
10390	TRUE	16
79961	TRUE	14
1117	TRUE	4
149620	FALSE	0
27159	FALSE	0
128344	TRUE	9
441897	FALSE	0
5016	TRUE	11
79084	TRUE	16
515	TRUE	16
128346	TRUE	7
57413	FALSE	0
140	FALSE	0
100129269	FALSE	0
5906	TRUE	16
55924	TRUE	16
100506343	TRUE	2
101928718	FALSE	0
11218	TRUE	16
3752	TRUE	4
100874295	FALSE	0
100873995	FALSE	0
643355	TRUE	2
55917	TRUE	16
100422976	FALSE	0
7482	TRUE	14
54879	TRUE	16
829	TRUE	16
4343	TRUE	16
389	TRUE	16
333926	TRUE	16
284467	TRUE	4
100996702	TRUE	14
6566	TRUE	16
246182	FALSE	1
100506392	TRUE	15
100996251	FALSE	1
9860	TRUE	16
643441	FALSE	0
260425	TRUE	16
10745	TRUE	16
54665	TRUE	16
100287722	TRUE	2
26191	FALSE	1
440603	TRUE	4
10717	TRUE	16
64858	TRUE	16
101928846	TRUE	3
204851	TRUE	16
56944	TRUE	6
148281	FALSE	0
51592	TRUE	16
10286	TRUE	16
163259	TRUE	14
270	FALSE	0
4893	TRUE	16
7812	TRUE	16
80143	TRUE	16
6847	FALSE	0
7252	FALSE	0
10100	TRUE	10
4803	TRUE	4
81839	TRUE	15
845	FALSE	0
4808	TRUE	3
101928995	FALSE	0
101928977	FALSE	0
55356	TRUE	12
126868	FALSE	1
476	TRUE	16
84852	TRUE	16
101929023	FALSE	0
965	TRUE	16
100616384	FALSE	0
3321	TRUE	16
100302117	FALSE	0
388667	FALSE	0
914	FALSE	0
5738	TRUE	16
9398	TRUE	6
101929099	TRUE	10
8458	TRUE	16
100126331	FALSE	0
80263	TRUE	16
79679	TRUE	9
104355292	FALSE	0
10905	TRUE	16
100996263	FALSE	0
54855	TRUE	15
54834	TRUE	16
10885	TRUE	16
200162	TRUE	4
6913	TRUE	5
10352	TRUE	16
104472716	FALSE	0
101929147	TRUE	16
51179	FALSE	0
100874270	FALSE	0
3284	FALSE	0
3283	TRUE	4
128102	FALSE	0
644242	FALSE	1
90874	TRUE	16
26227	TRUE	13
3158	TRUE	2
83998	TRUE	4
343505	FALSE	0
11085	FALSE	0
4853	TRUE	16
9554	TRUE	16
105378954	TRUE	13
728841	TRUE	16
767846	TRUE	4
100996724	TRUE	16
101929796	TRUE	12
101060684	TRUE	16
100189005	FALSE	0
101954277	TRUE	2
653505	FALSE	0
728855	TRUE	15
101954264	FALSE	1
100189257	FALSE	0
105369199	FALSE	0
100996721	FALSE	0
100126488	FALSE	0
101929798	FALSE	0
2210	FALSE	0
100996318	FALSE	1
337875	TRUE	4
653820	TRUE	16
653464	TRUE	16
100873165	FALSE	0
647121	TRUE	14
101929815	FALSE	0
100189261	FALSE	0
101954269	FALSE	0
26863	FALSE	0
791227	FALSE	0
105369140	FALSE	0
388692	FALSE	0
100189142	FALSE	0
100189326	FALSE	0
199882	FALSE	0
100189356	FALSE	0
100132417	FALSE	0
100996713	FALSE	0
554282	TRUE	16
100996712	TRUE	16
101060524	FALSE	0
730262	FALSE	0
101954267	TRUE	11
100189323	FALSE	0
284565	TRUE	16
100189127	FALSE	0
728945	FALSE	0
105371215	FALSE	0
1818	FALSE	0
645166	TRUE	5
647135	TRUE	16
728833	TRUE	16
101929805	FALSE	0
102724235	TRUE	13
103091866	TRUE	14
645142	FALSE	0
101954266	TRUE	8
7214	FALSE	0
100288142	TRUE	16
100126510	FALSE	0
101060254	FALSE	0
101929780	TRUE	16
653519	TRUE	16
5174	TRUE	11
11126	TRUE	2
27246	TRUE	16
10623	TRUE	16
200035	TRUE	16
10401	TRUE	16
102466191	FALSE	0
148741	TRUE	8
8515	TRUE	12
8799	TRUE	16
114814	TRUE	16
9939	TRUE	16
128077	TRUE	16
84265	TRUE	16
284615	TRUE	13
10628	TRUE	16
148738	FALSE	0
100189384	FALSE	0
100189064	FALSE	0
100188991	FALSE	0
100189198	FALSE	0
101954276	FALSE	1
101928979	TRUE	11
100132406	TRUE	14
388677	TRUE	14
170688	FALSE	0
105371242	FALSE	0
102724558	TRUE	2
100288805	FALSE	1
105373468	TRUE	5
149013	TRUE	16
728989	FALSE	0
100189334	FALSE	0
101447996	FALSE	0
644861	FALSE	0
5565	TRUE	16
171423	TRUE	16
2330	TRUE	13
9557	TRUE	16
100289211	TRUE	2
607	TRUE	16
51205	TRUE	16
2702	TRUE	6
2703	FALSE	0
51463	TRUE	16
100034743	TRUE	2
100189140	FALSE	0
26864	FALSE	1
100189193	FALSE	0
200030	TRUE	16
101927468	FALSE	0
100189056	FALSE	0
100189307	FALSE	0
100189174	FALSE	0
100188998	FALSE	0
100847044	TRUE	2
101954273	TRUE	2
102466225	FALSE	0
26860	FALSE	0
100132057	TRUE	13
101954272	FALSE	1
388685	TRUE	14
644591	FALSE	0
25832	TRUE	16
100996763	TRUE	14
440672	TRUE	8
9659	TRUE	16
400818	TRUE	16
653513	TRUE	6
100996761	FALSE	1
101060226	TRUE	16
653598	FALSE	0
57234	TRUE	14
644634	FALSE	0
100189228	FALSE	0
102723955	FALSE	0
100189059	FALSE	0
440689	TRUE	14
2209	TRUE	6
101927767	TRUE	6
653604	TRUE	8
8370	FALSE	0
105371405	TRUE	3
126961	FALSE	0
8337	TRUE	3
337873	TRUE	16
723790	TRUE	4
333932	FALSE	0
554313	TRUE	4
8349	TRUE	16
8338	TRUE	15
317772	TRUE	9
51027	TRUE	14
9900	TRUE	8
10262	TRUE	16
10903	TRUE	16
56957	TRUE	16
105373477	FALSE	0
11311	TRUE	16
51177	TRUE	14
81611	TRUE	16
23632	TRUE	16
51107	TRUE	16
79630	TRUE	10
148523	TRUE	14
54460	TRUE	16
9129	TRUE	16
23248	TRUE	16
80222	TRUE	16
102465529	FALSE	0
1893	TRUE	16
100874054	TRUE	3
54507	TRUE	16
105371437	TRUE	7
100422997	FALSE	0
574406	TRUE	6
4170	TRUE	16
2029	TRUE	16
55204	TRUE	16
84072	TRUE	2
1520	TRUE	12
1513	TRUE	16
405	TRUE	16
9869	TRUE	16
29956	TRUE	16
8416	TRUE	16
55793	TRUE	16
58497	TRUE	16
149428	TRUE	14
54964	TRUE	16
56882	TRUE	16
10962	TRUE	16
126626	TRUE	16
10500	TRUE	16
100534012	FALSE	0
79626	FALSE	0
388695	TRUE	16
79005	TRUE	13
29765	TRUE	7
6944	TRUE	16
8394	TRUE	16
5710	TRUE	16
57592	TRUE	16
5298	TRUE	16
5993	TRUE	16
8991	TRUE	10
5692	TRUE	16
23126	TRUE	16
57530	TRUE	16
7286	TRUE	16
693139	FALSE	0
81609	TRUE	16
11189	TRUE	3
284485	TRUE	2
65005	TRUE	16
51686	TRUE	16
11022	TRUE	16
339398	FALSE	0
6097	TRUE	6
100191040	TRUE	13
100132111	TRUE	4
284486	TRUE	4
117145	TRUE	16
6281	TRUE	16
441908	TRUE	2
6282	TRUE	16
100131107	FALSE	0
126637	FALSE	0
7062	TRUE	6
126638	TRUE	2
388697	TRUE	5
2312	TRUE	7
339400	TRUE	4
388698	FALSE	0
49860	TRUE	2
254910	FALSE	0
54544	TRUE	4
353145	TRUE	2
84648	FALSE	0
353144	FALSE	0
353143	FALSE	0
353142	FALSE	0
353141	FALSE	0
353140	FALSE	0
26239	FALSE	0
353139	FALSE	0
199834	FALSE	0
100129271	FALSE	0
448834	FALSE	0
353137	FALSE	0
353135	FALSE	0
353134	FALSE	0
353133	FALSE	0
353132	FALSE	0
353131	FALSE	0
448835	FALSE	0
4184	FALSE	0
3713	TRUE	10
163778	FALSE	0
6698	TRUE	10
6707	TRUE	8
6699	TRUE	8
6703	TRUE	6
6700	TRUE	3
6701	FALSE	0
6704	FALSE	0
6705	FALSE	0
6702	FALSE	0
6706	FALSE	0
101928009	FALSE	0
149018	FALSE	0
574414	TRUE	2
4014	FALSE	0
114771	TRUE	2
57115	TRUE	2
6280	TRUE	8
6283	TRUE	4
6279	TRUE	4
338324	FALSE	0
645922	FALSE	0
6278	TRUE	2
6277	TRUE	16
6276	TRUE	16
6275	TRUE	16
101928034	TRUE	16
6274	TRUE	16
6273	TRUE	16
140576	TRUE	16
57402	TRUE	13
6284	TRUE	16
6271	TRUE	14
26097	TRUE	16
23557	TRUE	16
3608	TRUE	16
100189015	FALSE	0
4881	TRUE	9
102466879	FALSE	0
65123	TRUE	16
11000	FALSE	1
343052	FALSE	0
105371448	FALSE	0
57459	TRUE	16
9909	TRUE	16
200186	TRUE	16
27173	TRUE	16
102465441	FALSE	0
148327	TRUE	16
10899	TRUE	16
5872	TRUE	16
6232	TRUE	16
91181	FALSE	1
100847024	FALSE	0
7170	TRUE	16
100126346	FALSE	0
388701	FALSE	0
25912	TRUE	16
9898	TRUE	16
10456	TRUE	16
89872	TRUE	2
57198	TRUE	16
3570	TRUE	16
126669	FALSE	0
126668	FALSE	0
55585	TRUE	16
100874097	FALSE	0
1141	TRUE	7
103	TRUE	16
3782	TRUE	2
10654	TRUE	16
57326	TRUE	16
90780	TRUE	16
101928120	TRUE	15
6464	TRUE	16
1163	TRUE	16
100423020	TRUE	11
80308	TRUE	16
55891	FALSE	0
51043	TRUE	16
127579	TRUE	7
149095	FALSE	1
100505666	TRUE	16
8751	TRUE	16
1945	TRUE	16
1944	TRUE	16
1942	TRUE	16
55974	TRUE	16
54344	TRUE	16
200185	TRUE	16
80128	TRUE	14
4582	TRUE	16
693235	TRUE	4
7059	TRUE	16
4580	TRUE	16
2630	TRUE	15
2629	TRUE	12
10712	FALSE	0
10067	FALSE	0
1196	FALSE	0
57657	FALSE	0
5313	FALSE	0
2224	TRUE	16
284618	TRUE	9
23623	TRUE	16
55870	TRUE	16
693140	FALSE	0
645682	FALSE	0
645676	TRUE	16
55154	TRUE	16
55249	TRUE	16
7818	TRUE	16
100129405	TRUE	16
54856	TRUE	16
23208	TRUE	12
6016	TRUE	16
22889	TRUE	16
677823	FALSE	0
677771	FALSE	0
339403	TRUE	6
9181	TRUE	16
102465442	FALSE	0
105371729	FALSE	1
6746	TRUE	16
56893	TRUE	16
28956	TRUE	16
57111	TRUE	13
92312	TRUE	16
4000	TRUE	16
64218	TRUE	7
9673	TRUE	16
11243	TRUE	16
100527963	FALSE	0
632	FALSE	0
79957	TRUE	16
23381	TRUE	16
84283	TRUE	16
112770	TRUE	16
391104	FALSE	0
7203	TRUE	16
128229	TRUE	16
57127	TRUE	2
10485	TRUE	7
407046	FALSE	0
4209	TRUE	16
128239	TRUE	16
164118	FALSE	0
128240	TRUE	16
54865	TRUE	16
101928177	FALSE	0
60484	FALSE	1
63827	TRUE	16
10763	TRUE	16
1382	TRUE	16
81875	TRUE	16
51093	TRUE	16
79590	TRUE	16
3068	TRUE	16
5546	TRUE	16
9047	TRUE	14
4914	FALSE	1
3645	FALSE	1
375033	TRUE	14
149499	TRUE	5
9826	TRUE	16
768220	FALSE	0
440695	FALSE	0
2117	TRUE	16
360155	FALSE	0
83416	FALSE	0
83417	FALSE	0
115352	FALSE	0
79368	FALSE	0
115350	FALSE	0
922	FALSE	0
55243	TRUE	15
646268	FALSE	0
912	FALSE	0
909	FALSE	0
911	FALSE	0
910	FALSE	0
913	FALSE	0
128360	FALSE	0
391107	FALSE	0
391109	FALSE	0
343406	FALSE	0
391112	FALSE	0
128366	FALSE	0
128367	FALSE	0
128368	FALSE	0
6708	FALSE	1
81448	FALSE	0
391114	FALSE	0
128371	FALSE	0
128372	FALSE	0
81442	FALSE	0
4332	FALSE	0
149628	FALSE	0
3428	TRUE	12
9447	FALSE	0
100189166	FALSE	0
57863	FALSE	0
100131825	FALSE	0
2532	FALSE	0
2205	FALSE	0
441911	FALSE	0
26476	FALSE	0
127385	FALSE	0
325	FALSE	0
1401	FALSE	0
54935	TRUE	15
343413	FALSE	0
56833	FALSE	0
284677	TRUE	3
391123	TRUE	2
25790	TRUE	16
100422852	FALSE	0
8407	TRUE	16
57549	TRUE	15
89886	FALSE	0
100505633	TRUE	7
93183	TRUE	16
3766	FALSE	1
3765	TRUE	2
93185	TRUE	16
477	TRUE	3
480	FALSE	1
844	FALSE	0
729867	TRUE	8
8682	TRUE	16
50717	TRUE	16
5824	TRUE	16
4807	TRUE	8
1314	TRUE	16
474338	TRUE	9
23385	TRUE	16
57216	TRUE	10
114836	TRUE	2
8832	FALSE	0
6504	FALSE	0
962	FALSE	0
57823	TRUE	6
4063	TRUE	5
51744	TRUE	2
55600	TRUE	3
101928372	FALSE	0
142683	TRUE	4
50848	TRUE	16
100131187	TRUE	15
7391	TRUE	16
257106	TRUE	14
81607	TRUE	10
126823	TRUE	16
5202	TRUE	16
4817	TRUE	16
9191	TRUE	16
51506	TRUE	16
27005	TRUE	16
5498	TRUE	16
8703	TRUE	16
9507	TRUE	4
4720	TRUE	16
2207	TRUE	2
336	TRUE	2
84134	TRUE	16
100847090	FALSE	0
9970	TRUE	11
654790	TRUE	2
4359	TRUE	7
6391	TRUE	16
257177	TRUE	16
100189373	FALSE	0
100189407	FALSE	1
100189402	FALSE	0
100188997	FALSE	0
100189412	FALSE	1
100189394	FALSE	0
100189366	FALSE	0
100189091	FALSE	0
100189260	FALSE	0
100189235	FALSE	0
100189009	FALSE	0
100189252	FALSE	0
100189385	FALSE	0
100189141	FALSE	0
100189290	FALSE	0
100189316	FALSE	0
100189230	FALSE	0
100189259	FALSE	0
100189188	FALSE	0
100189134	FALSE	0
100189364	FALSE	0
100189160	FALSE	0
100189017	FALSE	0
100189039	FALSE	0
100189120	FALSE	0
100189139	FALSE	0
100189274	FALSE	0
2212	TRUE	2
100189380	FALSE	0
3310	TRUE	14
100189018	FALSE	0
100189011	FALSE	0
100189126	FALSE	0
2214	FALSE	0
9103	FALSE	0
3311	TRUE	2
100189003	FALSE	0
2215	FALSE	0
2213	FALSE	0
641311	FALSE	0
84824	FALSE	1
127943	TRUE	13
11266	TRUE	16
102724329	FALSE	0
22926	TRUE	16
25903	TRUE	6
9722	TRUE	15
100616386	FALSE	0
693141	FALSE	0
284680	FALSE	1
400793	TRUE	16
117157	TRUE	5
127933	TRUE	16
6675	TRUE	16
4921	TRUE	14
51478	TRUE	16
339512	TRUE	7
5999	TRUE	10
8490	TRUE	16
101928404	FALSE	1
83540	TRUE	16
100422212	FALSE	0
5087	TRUE	16
100505795	FALSE	0
4009	FALSE	1
6258	FALSE	0
400794	FALSE	0
440699	FALSE	0
4259	TRUE	16
223	TRUE	16
440700	FALSE	1
54499	TRUE	16
100147773	TRUE	12
7371	TRUE	16
100500832	FALSE	0
149297	TRUE	5
100126349	FALSE	0
116123	FALSE	0
57645	TRUE	16
117143	TRUE	16
387597	TRUE	2
84944	FALSE	0
10223	FALSE	0
92235	FALSE	0
101928484	FALSE	0
5451	TRUE	16
919	TRUE	3
8804	TRUE	16
92241	TRUE	5
100189211	FALSE	0
100189019	FALSE	0
9019	TRUE	16
55811	FALSE	1
25874	TRUE	16
55827	TRUE	16
100313835	FALSE	0
23432	TRUE	14
261726	TRUE	16
375035	TRUE	16
84832	TRUE	16
9095	TRUE	15
693142	FALSE	0
100505918	FALSE	0
101928565	FALSE	0
6846	FALSE	0
6375	TRUE	2
1805	FALSE	0
79100	FALSE	0
101978719	FALSE	1
101928596	TRUE	16
481	TRUE	16
29922	TRUE	16
8548	TRUE	16
57821	TRUE	11
10560	TRUE	16
2153	TRUE	7
6403	TRUE	3
6402	TRUE	10
6401	FALSE	0
92342	TRUE	16
55732	TRUE	16
57147	TRUE	16
22920	TRUE	16
149281	TRUE	2
100423010	FALSE	0
100422839	FALSE	0
284688	FALSE	0
101928650	FALSE	0
92344	TRUE	16
5396	FALSE	1
80133	FALSE	0
2328	TRUE	2
100302178	FALSE	0
100847009	FALSE	0
388714	FALSE	0
2327	TRUE	2
2326	FALSE	0
2329	TRUE	10
7151	FALSE	0
23215	TRUE	16
4653	FALSE	0
8674	TRUE	16
51603	TRUE	16
26052	TRUE	13
100874284	FALSE	0
100628315	FALSE	0
406996	FALSE	0
100422882	FALSE	0
406977	FALSE	0
102724541	TRUE	6
92346	TRUE	3
5279	TRUE	16
51430	TRUE	16
356	TRUE	2
8995	TRUE	9
7292	TRUE	13
100506023	TRUE	16
101928673	TRUE	13
9588	TRUE	16
284525	TRUE	2
730159	FALSE	0
339416	FALSE	1
27252	TRUE	16
91687	TRUE	16
55157	TRUE	16
100506046	TRUE	7
60674	TRUE	16
26769	FALSE	0
26802	TRUE	8
26774	TRUE	16
26770	TRUE	5
692198	TRUE	12
26806	TRUE	14
692197	TRUE	2
692196	TRUE	15
692195	FALSE	0
619498	TRUE	16
84614	TRUE	16
462	FALSE	0
149041	TRUE	16
102724601	TRUE	5
9910	TRUE	16
9293	FALSE	0
101928696	FALSE	0
27101	TRUE	16
63931	TRUE	16
63923	FALSE	0
9674	TRUE	13
7143	TRUE	3
101928727	FALSE	0
101928751	FALSE	0
64326	TRUE	16
677679	FALSE	0
60676	TRUE	5
460	FALSE	0
574441	FALSE	0
57795	TRUE	3
102724661	FALSE	0
101928778	FALSE	0
89866	TRUE	14
730102	TRUE	16
100302401	TRUE	15
9462	TRUE	16
400797	FALSE	0
84066	FALSE	0
105373472	TRUE	5
400798	TRUE	12
100616328	FALSE	0
55103	TRUE	15
9068	FALSE	0
9917	TRUE	16
64222	TRUE	16
27	TRUE	16
6646	TRUE	16
126859	FALSE	1
7827	FALSE	0
163589	TRUE	6
148753	TRUE	2
163590	TRUE	16
26092	TRUE	16
9857	TRUE	16
5768	TRUE	16
200058	TRUE	16
89884	TRUE	11
100527964	TRUE	16
84320	TRUE	16
100423032	FALSE	0
148756	FALSE	0
9213	TRUE	16
57710	TRUE	12
10228	TRUE	16
3140	TRUE	16
51278	TRUE	16
101928973	FALSE	0
100287948	FALSE	0
777	FALSE	0
127665	FALSE	0
400799	FALSE	0
2752	TRUE	14
127670	FALSE	0
388719	FALSE	0
353299	FALSE	0
6041	TRUE	14
6004	TRUE	11
284648	FALSE	0
85397	FALSE	0
80896	TRUE	15
1660	TRUE	16
81626	FALSE	0
3915	TRUE	16
3918	TRUE	15
23057	TRUE	13
284649	TRUE	16
9887	TRUE	16
4688	TRUE	13
10092	TRUE	16
23179	TRUE	16
403314	FALSE	0
23127	TRUE	11
116461	TRUE	16
102724846	FALSE	0
81563	TRUE	15
80267	TRUE	16
116496	TRUE	16
101929069	FALSE	1
6045	TRUE	16
81627	TRUE	16
54823	TRUE	16
10625	TRUE	16
100288079	FALSE	0
101929093	FALSE	0
83872	TRUE	4
10216	FALSE	1
7175	TRUE	16
54953	TRUE	16
10896	TRUE	5
102724919	FALSE	0
5132	FALSE	0
5743	TRUE	12
103752588	TRUE	2
5321	TRUE	14
104169671	FALSE	0
101929766	FALSE	0
339479	TRUE	4
101929120	TRUE	3
440704	FALSE	0
64407	FALSE	1
431704	FALSE	0
5996	FALSE	0
6003	FALSE	0
100616345	TRUE	16
5997	TRUE	16
102724954	FALSE	0
51377	TRUE	16
6738	TRUE	16
51022	TRUE	16
79577	TRUE	16
100302163	FALSE	0
8707	TRUE	6
101929184	FALSE	0
343450	TRUE	4
100616363	FALSE	0
3075	TRUE	10
10878	TRUE	4
3078	FALSE	1
10877	FALSE	1
3080	FALSE	0
81494	FALSE	0
2165	FALSE	0
259266	TRUE	16
360023	TRUE	16
23418	TRUE	2
163486	TRUE	14
388722	TRUE	16
56956	TRUE	4
140609	TRUE	16
127124	FALSE	0
5788	FALSE	0
100131234	TRUE	4
406955	FALSE	0
406995	FALSE	0
102800316	FALSE	0
104266961	FALSE	0
400800	FALSE	0
2494	TRUE	12
554279	FALSE	0
23528	TRUE	16
9928	TRUE	16
83479	TRUE	16
101929224	TRUE	6
23271	TRUE	16
2848	FALSE	0
55765	TRUE	14
23046	TRUE	13
779	FALSE	0
647219	TRUE	6
252839	TRUE	16
91156	TRUE	9
5317	TRUE	7
7139	TRUE	5
3898	TRUE	13
7135	TRUE	10
23612	TRUE	14
1465	TRUE	16
376693	TRUE	8
89796	TRUE	16
100873949	TRUE	2
100847050	FALSE	0
100302158	FALSE	0
55705	TRUE	16
102466724	FALSE	0
149345	TRUE	16
25802	TRUE	5
10440	TRUE	16
6051	TRUE	16
102465443	FALSE	0
1999	TRUE	16
9283	TRUE	9
127829	TRUE	16
5778	FALSE	0
148713	FALSE	0
59352	TRUE	9
29089	TRUE	16
4660	TRUE	16
127833	TRUE	10
10765	TRUE	16
100506696	TRUE	12
641515	FALSE	0
148709	TRUE	12
5877	TRUE	16
59349	TRUE	16
51094	TRUE	16
51706	TRUE	16
100506747	TRUE	3
92703	TRUE	16
8497	TRUE	7
4656	FALSE	0
134	TRUE	10
4608	TRUE	2
1116	FALSE	0
1118	FALSE	0
100506775	TRUE	2
730227	TRUE	4
7832	TRUE	16
2331	TRUE	2
5549	FALSE	0
26254	FALSE	0
493	TRUE	16
677843	FALSE	0
84719	TRUE	4
54900	FALSE	0
9877	TRUE	16
100381270	TRUE	16
6635	TRUE	16
284573	FALSE	0
9580	TRUE	16
55224	TRUE	15
101929441	FALSE	0
5972	TRUE	9
3814	TRUE	12
127845	TRUE	9
22874	TRUE	16
127841	TRUE	3
84919	TRUE	16
5287	TRUE	16
100189122	TRUE	2
100189425	FALSE	0
4194	TRUE	16
10446	TRUE	9
23114	TRUE	10
6900	FALSE	0
388730	TRUE	16
5929	TRUE	16
25778	TRUE	16
9911	TRUE	14
81788	TRUE	15
55220	FALSE	0
284576	FALSE	0
93273	TRUE	10
101669762	TRUE	10
105371697	TRUE	7
442891	FALSE	0
100189098	FALSE	0
5129	TRUE	16
284578	FALSE	0
148808	TRUE	14
2005	TRUE	16
85414	TRUE	16
64710	TRUE	16
8934	TRUE	16
254428	TRUE	16
148811	FALSE	0
284581	TRUE	12
115019	TRUE	8
103021296	TRUE	3
103021295	FALSE	0
338382	TRUE	8
1510	TRUE	10
440712	TRUE	2
553	FALSE	0
729533	TRUE	16
23380	TRUE	16
9641	TRUE	16
102466202	FALSE	0
83593	TRUE	15
1939	TRUE	16
8444	TRUE	16
9261	TRUE	16
3586	FALSE	0
29949	FALSE	0
50604	FALSE	0
11009	FALSE	0
9214	TRUE	9
5284	TRUE	6
83953	FALSE	0
79098	TRUE	13
5208	TRUE	16
55432	TRUE	16
725	TRUE	8
722	TRUE	3
1604	TRUE	16
1380	TRUE	4
1378	FALSE	0
1379	FALSE	0
4179	TRUE	16
407026	FALSE	0
407025	FALSE	0
148696	FALSE	0
947	TRUE	2
105372883	TRUE	3
5362	TRUE	16
642587	TRUE	5
406988	TRUE	2
57172	TRUE	7
3914	TRUE	16
100422894	FALSE	0
50486	TRUE	12
3290	TRUE	5
80342	TRUE	16
148304	TRUE	16
3664	TRUE	15
27042	TRUE	16
255928	TRUE	6
574036	TRUE	7
56256	TRUE	9
105373474	FALSE	1
55733	TRUE	16
3756	FALSE	0
55758	TRUE	16
7188	TRUE	16
84791	TRUE	16
343035	FALSE	0
7779	TRUE	16
4751	TRUE	16
9926	TRUE	16
102723727	FALSE	0
25896	TRUE	16
51514	TRUE	16
100131205	TRUE	16
100422947	FALSE	0
101929541	TRUE	6
5525	TRUE	16
692157	FALSE	0
55248	TRUE	16
29937	TRUE	16
101929565	FALSE	0
467	TRUE	16
149647	FALSE	0
55509	TRUE	13
25936	TRUE	16
128387	TRUE	16
149643	FALSE	0
642946	TRUE	16
28982	TRUE	16
79805	TRUE	13
90806	TRUE	16
26750	TRUE	16
100505832	TRUE	8
100861504	FALSE	1
5629	TRUE	10
105372911	FALSE	0
56950	TRUE	16
5784	TRUE	16
1063	TRUE	16
3776	TRUE	4
101929612	FALSE	0
51133	TRUE	16
7399	FALSE	1
102723833	FALSE	0
2104	TRUE	6
55105	TRUE	16
128153	TRUE	13
103752555	FALSE	0
100885798	FALSE	0
101929631	FALSE	0
51018	TRUE	16
728463	TRUE	2
7042	TRUE	13
103611157	FALSE	0
643723	TRUE	2
127018	TRUE	16
102723886	FALSE	0
55532	FALSE	0
2058	TRUE	16
10380	TRUE	16
55699	TRUE	16
406997	FALSE	0
406969	FALSE	0
25782	TRUE	16
100302234	FALSE	0
677818	FALSE	0
6791	TRUE	15
4139	TRUE	8
79762	TRUE	16
54996	TRUE	16
64757	TRUE	16
101929730	FALSE	0
100873924	FALSE	0
105373280	FALSE	0
3142	TRUE	6
400804	FALSE	0
11221	TRUE	15
101929771	TRUE	3
100189378	FALSE	0
79802	TRUE	4
9015	TRUE	16
100506161	TRUE	15
375056	TRUE	16
64853	TRUE	16
148362	TRUE	16
400823	TRUE	2
84976	TRUE	16
7100	TRUE	12
55061	TRUE	12
164127	FALSE	0
388743	TRUE	13
824	TRUE	16
7159	TRUE	16
105369195	TRUE	16
441124	TRUE	16
23219	TRUE	16
8560	TRUE	16
101927143	FALSE	0
101927164	FALSE	0
4931	TRUE	16
100313769	FALSE	0
29097	TRUE	16
80232	TRUE	16
100616468	FALSE	0
149111	TRUE	16
127602	TRUE	14
3930	TRUE	16
55740	TRUE	16
6726	TRUE	16
2052	TRUE	16
9725	TRUE	16
10637	FALSE	1
29920	TRUE	16
102466270	FALSE	0
7044	TRUE	2
163859	TRUE	16
3020	TRUE	16
64746	TRUE	16
83881	TRUE	2
286826	TRUE	16
142	TRUE	16
375057	FALSE	0
3707	TRUE	14
100506443	FALSE	0
5664	TRUE	16
56997	TRUE	16
105379282	TRUE	2
8476	TRUE	16
339500	TRUE	16
100130093	TRUE	16
65094	TRUE	16
116841	TRUE	16
105373289	TRUE	4
339501	FALSE	0
7483	TRUE	16
100847072	FALSE	0
101060022	FALSE	0
89780	TRUE	4
100506571	FALSE	1
375	TRUE	16
100500810	FALSE	0
79169	TRUE	16
128308	TRUE	16
2987	TRUE	16
57165	TRUE	16
574432	TRUE	5
200205	TRUE	16
574407	TRUE	7
84033	TRUE	16
101927401	TRUE	2
81559	TRUE	16
102465444	FALSE	0
51127	TRUE	13
8290	FALSE	0
92815	TRUE	16
128312	TRUE	14
100616308	FALSE	0
149603	TRUE	16
100129094	TRUE	3
100169751	FALSE	0
100169753	FALSE	0
100169754	FALSE	0
100169755	FALSE	0
100169756	FALSE	0
100169757	FALSE	0
100169758	FALSE	0
100169759	FALSE	0
100169760	FALSE	0
100169761	FALSE	0
100169762	FALSE	0
100169763	FALSE	0
100169764	FALSE	0
100169765	FALSE	0
100169766	FALSE	0
100169767	FALSE	0
58480	TRUE	16
574029	TRUE	5
100169768	FALSE	0
105373132	TRUE	13
5867	TRUE	16
10638	FALSE	0
126731	TRUE	16
58	FALSE	1
55746	TRUE	16
101927478	FALSE	0
23456	TRUE	16
27097	TRUE	16
9816	TRUE	16
101927532	FALSE	0
2590	TRUE	16
79605	TRUE	9
101927553	FALSE	0
22796	TRUE	16
183	TRUE	3
10753	TRUE	5
84886	TRUE	16
101927604	TRUE	3
79573	TRUE	16
64801	TRUE	16
375061	TRUE	15
100302132	FALSE	0
440730	TRUE	4
149373	FALSE	0
128061	TRUE	16
8443	TRUE	16
149371	TRUE	16
83932	TRUE	16
54583	TRUE	16
645339	FALSE	0
100303453	FALSE	0
7257	TRUE	16
100287814	FALSE	0
27185	TRUE	3
27184	FALSE	0
104472714	FALSE	0
101927660	FALSE	0
57568	TRUE	15
101927683	FALSE	0
54627	TRUE	14
84284	TRUE	16
80003	TRUE	16
101927736	FALSE	0
84451	TRUE	16
3775	TRUE	13
100616390	FALSE	0
148641	TRUE	13
100616380	FALSE	0
101927765	TRUE	14
388753	TRUE	16
6894	TRUE	16
100506795	FALSE	0
359948	TRUE	16
100302691	TRUE	2
101927787	TRUE	4
100506810	TRUE	6
101927851	TRUE	11
731656	TRUE	12
9804	TRUE	16
677802	TRUE	6
23029	TRUE	16
51742	TRUE	16
100616224	FALSE	0
9453	TRUE	16
6905	TRUE	16
148789	TRUE	16
2786	TRUE	16
1130	TRUE	16
100302139	FALSE	0
4811	TRUE	13
7107	TRUE	16
56605	TRUE	16
128178	TRUE	10
3964	TRUE	16
100287902	TRUE	8
55127	TRUE	16
88	TRUE	3
4548	TRUE	16
645745	FALSE	0
6262	TRUE	11
100616141	FALSE	0
100130331	FALSE	0
57829	FALSE	0
339535	TRUE	4
105373226	FALSE	0
1131	TRUE	5
100506915	FALSE	0
100873984	FALSE	0
645884	FALSE	0
56776	TRUE	4
64388	TRUE	2
6000	TRUE	10
100422856	FALSE	0
2271	TRUE	16
8564	TRUE	10
23596	TRUE	16
1122	TRUE	16
128025	FALSE	0
9156	TRUE	16
441925	FALSE	0
440738	TRUE	2
200150	TRUE	3
731275	FALSE	1
9859	TRUE	16
10806	TRUE	16
100616343	FALSE	0
10000	TRUE	13
339529	FALSE	0
10472	TRUE	16
440742	FALSE	0
200159	FALSE	1
159	TRUE	16
257044	TRUE	7
51029	TRUE	16
116228	TRUE	16
284702	TRUE	16
3192	TRUE	16
101928068	TRUE	10
84288	TRUE	16
55083	TRUE	5
64754	TRUE	16
105373268	FALSE	0
255654	FALSE	0
64216	TRUE	16
163882	TRUE	16
51097	TRUE	16
100130097	TRUE	6
149134	FALSE	0
25909	TRUE	16
57116	TRUE	10
100533111	FALSE	0
93474	TRUE	16
79862	TRUE	16
388759	TRUE	7
7678	TRUE	16
100500849	TRUE	16
317705	FALSE	0
84838	TRUE	16
114548	TRUE	4
127623	FALSE	0
441932	FALSE	0
148823	FALSE	0
148824	FALSE	0
81472	FALSE	0
81470	FALSE	0
81469	FALSE	0
441933	FALSE	0
343169	FALSE	0
26188	FALSE	0
284532	FALSE	0
391189	FALSE	0
25893	FALSE	0
343171	FALSE	0
343172	FALSE	0
284521	FALSE	0
391190	FALSE	0
391191	FALSE	0
26247	FALSE	0
81466	FALSE	0
26246	FALSE	0
391192	FALSE	0
388762	FALSE	0
127059	FALSE	0
391194	FALSE	0
127062	FALSE	0
26245	FALSE	0
391195	FALSE	0
127064	FALSE	0
391196	FALSE	0
127066	FALSE	0
127074	FALSE	0
254879	FALSE	0
26696	FALSE	0
401992	FALSE	0
343173	FALSE	0
401993	FALSE	0
391211	FALSE	0
343563	FALSE	0
127068	FALSE	0
127069	FALSE	0
127077	FALSE	0
403244	FALSE	0
403239	FALSE	0
401994	FALSE	0
101928226	FALSE	0
646627	FALSE	0
80851	TRUE	16
100422879	TRUE	6
79894	TRUE	16
55657	TRUE	16
267002	TRUE	16
100189199	FALSE	0
100189409	FALSE	0
102723376	FALSE	0
347688	TRUE	2
10771	TRUE	16
22982	TRUE	16
100847086	FALSE	0
414235	TRUE	5
105376339	FALSE	0
23185	TRUE	16
101927762	FALSE	0
105376341	TRUE	5
23560	TRUE	16
91734	TRUE	16
55853	TRUE	12
102723422	FALSE	0
3422	TRUE	16
22884	TRUE	16
399706	FALSE	0
105	TRUE	5
642394	FALSE	0
282980	FALSE	0
102465944	FALSE	0
399708	FALSE	0
105376351	FALSE	0
101927824	TRUE	12
5214	TRUE	16
10531	TRUE	16
100507034	TRUE	16
105376353	FALSE	0
105376501	TRUE	2
1316	TRUE	16
102464829	FALSE	0
101927964	FALSE	0
100652988	FALSE	0
100507059	FALSE	0
100216001	TRUE	10
338588	FALSE	0
83592	TRUE	14
389932	TRUE	2
1645	TRUE	12
1646	TRUE	12
8644	TRUE	13
340811	FALSE	0
1109	TRUE	2
114131	TRUE	2
79861	TRUE	3
10276	TRUE	16
51806	TRUE	2
100132159	TRUE	8
810	FALSE	0
79754	TRUE	16
54906	TRUE	16
2665	TRUE	16
100189342	FALSE	0
54522	TRUE	16
84893	TRUE	16
3601	TRUE	16
3559	FALSE	0
84991	TRUE	16
5209	TRUE	16
100422989	FALSE	0
100628560	FALSE	0
399715	FALSE	1
5588	TRUE	8
439949	TRUE	13
101928150	FALSE	0
100652997	FALSE	0
100507127	TRUE	8
57713	TRUE	12
80760	FALSE	1
3698	TRUE	2
22944	TRUE	16
509	TRUE	16
83860	TRUE	16
2625	TRUE	14
105376502	TRUE	11
399717	TRUE	8
100507143	FALSE	0
101928272	FALSE	0
100507163	FALSE	0
101928298	FALSE	0
101928322	FALSE	0
207107	TRUE	7
254312	FALSE	0
10659	TRUE	2
439950	FALSE	0
414196	FALSE	0
9712	TRUE	16
79746	TRUE	6
254427	TRUE	14
219731	TRUE	5
26019	TRUE	16
55526	TRUE	16
55176	TRUE	16
100616488	FALSE	0
11164	TRUE	16
8872	TRUE	16
57118	TRUE	14
100616151	FALSE	0
100616320	FALSE	0
100313841	FALSE	0
83643	TRUE	5
10133	TRUE	16
55388	TRUE	16
221044	FALSE	0
5264	TRUE	16
22929	TRUE	16
222389	TRUE	14
8559	TRUE	16
55691	TRUE	16
101928453	FALSE	1
100422843	FALSE	0
100302116	FALSE	0
83641	TRUE	16
441549	TRUE	13
51182	TRUE	16
79723	TRUE	16
64421	TRUE	16
644890	TRUE	7
105376432	FALSE	0
55301	TRUE	5
414149	TRUE	16
221060	FALSE	0
10557	TRUE	16
9397	TRUE	16
100192204	FALSE	1
221061	TRUE	16
8516	FALSE	0
80013	TRUE	16
9317	TRUE	16
389941	TRUE	12
101928701	FALSE	0
6251	TRUE	16
8029	TRUE	7
1787	TRUE	15
100507347	TRUE	8
7431	TRUE	16
338596	TRUE	4
100128098	FALSE	0
9200	TRUE	16
102723166	TRUE	5
8027	TRUE	16
653567	TRUE	7
4360	TRUE	7
574445	FALSE	0
221074	FALSE	0
100129213	FALSE	0
783	TRUE	9
221078	TRUE	16
221079	TRUE	16
340895	TRUE	2
101928834	FALSE	0
84898	TRUE	7
100616383	FALSE	0
10529	TRUE	16
387638	FALSE	0
100128511	TRUE	3
100302741	FALSE	0
399726	TRUE	16
100302129	TRUE	7
387640	TRUE	15
8028	TRUE	16
64215	TRUE	16
340900	FALSE	0
100189083	FALSE	0
100130992	TRUE	11
23412	TRUE	16
100532731	FALSE	0
648	TRUE	16
9576	FALSE	0
100499489	TRUE	16
5305	TRUE	16
219681	TRUE	6
22921	TRUE	16
256297	FALSE	0
256815	TRUE	7
387642	FALSE	0
100616217	FALSE	0
220213	TRUE	16
56243	TRUE	16
693188	FALSE	0
57584	TRUE	16
56952	TRUE	15
219670	TRUE	10
79896	TRUE	16
101929025	FALSE	0
100128811	FALSE	0
57512	TRUE	5
101929052	FALSE	0
101929073	FALSE	0
53904	FALSE	0
2572	FALSE	0
54518	FALSE	0
645528	FALSE	0
731789	FALSE	0
23590	TRUE	16
10006	TRUE	16
387644	FALSE	0
22852	TRUE	16
10730	TRUE	16
84930	TRUE	16
91452	TRUE	16
387646	TRUE	14
101060171	FALSE	0
101929180	FALSE	0
374308	FALSE	0
22931	TRUE	16
283078	TRUE	3
101929202	FALSE	0
55130	TRUE	2
143098	TRUE	16
102465880	FALSE	0
220906	TRUE	16
51322	TRUE	16
25805	TRUE	14
101929218	FALSE	0
100507605	FALSE	0
283080	FALSE	0
84569	FALSE	0
102724316	TRUE	16
6840	TRUE	16
693189	FALSE	0
100126327	FALSE	0
102724333	FALSE	0
57608	TRUE	16
101929256	FALSE	0
101929279	FALSE	0
55149	TRUE	16
729668	FALSE	0
102466227	FALSE	0
1326	TRUE	14
119180	FALSE	0
645954	TRUE	2
220929	TRUE	16
220930	TRUE	16
6935	TRUE	16
100505502	FALSE	0
94134	TRUE	16
3799	TRUE	16
80314	TRUE	16
102031319	FALSE	0
101929431	FALSE	0
79741	TRUE	16
3688	TRUE	16
8829	TRUE	16
100505583	FALSE	0
56288	TRUE	16
100505601	FALSE	0
8453	TRUE	16
100500890	FALSE	0
1390	TRUE	16
219771	TRUE	16
219770	FALSE	0
8325	TRUE	12
100616500	FALSE	0
102578074	FALSE	0
91074	FALSE	0
101929520	FALSE	0
100288485	FALSE	0
57209	TRUE	16
100419868	FALSE	0
219749	TRUE	16
7581	TRUE	16
7587	TRUE	16
100129055	FALSE	0
158160	TRUE	14
285961	FALSE	0
399744	TRUE	14
399746	FALSE	0
101929373	FALSE	0
441666	TRUE	8
414194	TRUE	2
84856	TRUE	2
100129482	TRUE	16
7582	TRUE	16
101929397	FALSE	0
9790	TRUE	16
101929445	FALSE	0
104266963	FALSE	0
100847014	FALSE	0
5979	TRUE	8
55454	TRUE	16
221002	TRUE	10
53828	TRUE	2
3185	TRUE	16
642819	TRUE	14
8187	TRUE	16
220992	TRUE	14
414201	FALSE	0
7580	TRUE	15
414197	FALSE	0
414208	TRUE	7
10151	TRUE	3
414260	FALSE	0
100506835	FALSE	0
283033	FALSE	0
100130539	FALSE	0
6387	TRUE	4
220980	FALSE	0
643236	FALSE	0
83937	TRUE	11
11067	TRUE	16
220979	TRUE	13
7570	TRUE	14
100133308	FALSE	0
338579	FALSE	0
100422988	FALSE	0
105378283	FALSE	0
79290	FALSE	0
240	FALSE	0
102724323	FALSE	0
220972	TRUE	16
93550	TRUE	16
253725	TRUE	16
119016	TRUE	16
728407	TRUE	16
100287932	TRUE	16
8031	TRUE	16
4477	TRUE	2
653268	TRUE	10
100996567	FALSE	0
105378577	TRUE	3
195977	FALSE	0
100132929	FALSE	0
728113	TRUE	9
643650	TRUE	8
728643	TRUE	6
5540	TRUE	7
9721	TRUE	11
83849	TRUE	10
414241	TRUE	15
414212	FALSE	0
399761	TRUE	16
728798	FALSE	0
26095	TRUE	12
2662	FALSE	1
2658	FALSE	0
5949	TRUE	4
118738	TRUE	16
653145	TRUE	11
100133093	FALSE	0
642517	TRUE	16
642826	TRUE	16
1517	FALSE	0
439965	TRUE	5
102724593	TRUE	4
102724488	TRUE	10
100996758	TRUE	7
644054	FALSE	0
414224	TRUE	12
143162	TRUE	3
5599	TRUE	16
58504	TRUE	11
57705	FALSE	0
474354	FALSE	0
100422895	FALSE	0
196740	FALSE	0
100506733	FALSE	0
170370	FALSE	0
170371	TRUE	2
100506769	FALSE	0
118461	FALSE	0
644168	FALSE	0
2074	TRUE	16
267004	FALSE	0
101243544	FALSE	0
1103	FALSE	0
6572	TRUE	2
282966	FALSE	0
55753	TRUE	14
8505	TRUE	16
100652748	TRUE	16
414189	TRUE	16
100421577	TRUE	9
387680	TRUE	16
56624	TRUE	14
259230	TRUE	16
104355295	TRUE	16
653308	TRUE	16
29974	TRUE	3
5592	TRUE	11
102724719	FALSE	0
693190	FALSE	0
23283	TRUE	16
100506939	TRUE	8
22943	TRUE	16
101928687	TRUE	5
4153	FALSE	0
65217	TRUE	6
100302192	FALSE	0
100463289	FALSE	0
11130	TRUE	16
100500834	FALSE	0
253430	TRUE	16
55847	TRUE	16
7321	TRUE	16
7019	TRUE	16
80114	TRUE	9
728640	FALSE	0
100507008	FALSE	0
84457	TRUE	2
220965	TRUE	3
220963	TRUE	10
100507027	FALSE	0
8030	TRUE	16
283025	FALSE	0
288	TRUE	16
983	TRUE	16
9886	TRUE	12
100507058	FALSE	0
219623	TRUE	2
101928781	FALSE	0
219621	TRUE	2
84159	TRUE	14
219790	TRUE	14
283045	FALSE	0
22891	TRUE	12
84890	TRUE	16
1959	TRUE	13
29982	TRUE	16
221037	TRUE	16
100302150	FALSE	0
84989	TRUE	16
221035	TRUE	16
305	FALSE	0
101928887	FALSE	0
101928913	TRUE	8
29119	TRUE	2
101928961	FALSE	0
347731	FALSE	0
102466814	FALSE	0
100189279	FALSE	0
56521	TRUE	8
23411	TRUE	16
26091	TRUE	16
84665	TRUE	14
220202	TRUE	4
64081	TRUE	16
3189	TRUE	16
55680	TRUE	16
1763	TRUE	16
8034	TRUE	16
80312	TRUE	14
55749	TRUE	16
692211	FALSE	0
100302273	TRUE	6
219736	TRUE	14
79009	TRUE	16
9188	TRUE	16
26128	TRUE	16
5552	TRUE	11
9559	TRUE	16
6832	TRUE	16
101928994	TRUE	7
80201	TRUE	16
3098	TRUE	16
6865	TRUE	9
23555	TRUE	16
50674	FALSE	0
219738	TRUE	16
1305	TRUE	12
55506	TRUE	16
84883	TRUE	16
219743	TRUE	16
56681	TRUE	16
5464	TRUE	16
64106	FALSE	0
55222	TRUE	16
1979	TRUE	16
4838	TRUE	3
27143	TRUE	8
5551	FALSE	0
140766	TRUE	6
219793	FALSE	0
8879	TRUE	16
5092	TRUE	16
219699	TRUE	15
728978	TRUE	6
55315	TRUE	16
64072	TRUE	10
102723377	FALSE	0
414152	TRUE	3
64115	TRUE	16
102465689	FALSE	0
5660	TRUE	16
9469	TRUE	16
9806	TRUE	15
51008	TRUE	16
119504	TRUE	16
54541	TRUE	16
54788	TRUE	16
10367	TRUE	16
90550	TRUE	16
100616286	FALSE	0
170392	TRUE	2
84647	FALSE	0
5033	TRUE	16
25961	TRUE	16
11319	TRUE	16
317662	TRUE	16
23234	TRUE	16
414245	TRUE	16
51021	TRUE	16
118491	TRUE	16
310	TRUE	16
118490	TRUE	16
5532	TRUE	16
159195	TRUE	16
58529	FALSE	0
79933	TRUE	3
729092	TRUE	16
729096	TRUE	16
2749	TRUE	16
9632	TRUE	16
170384	TRUE	16
118487	TRUE	16
23053	TRUE	16
100507331	FALSE	0
8509	TRUE	16
818	TRUE	16
5328	TRUE	16
414236	TRUE	14
7414	TRUE	16
26985	TRUE	16
132	TRUE	16
102723439	TRUE	6
23522	TRUE	16
338599	FALSE	0
51207	TRUE	10
142891	TRUE	16
7417	TRUE	16
118881	TRUE	16
84858	TRUE	16
253264	TRUE	4
100131213	TRUE	16
101929234	TRUE	9
83938	TRUE	7
693191	FALSE	0
3778	TRUE	12
101929328	FALSE	0
101929310	FALSE	0
101929286	FALSE	0
9231	FALSE	1
100128292	FALSE	0
11128	TRUE	16
6229	TRUE	16
100132987	FALSE	0
414243	FALSE	1
283050	TRUE	4
57178	TRUE	16
10105	TRUE	16
219654	TRUE	15
143244	TRUE	16
729238	TRUE	2
653509	TRUE	2
650623	TRUE	16
101060691	TRUE	16
729262	TRUE	10
642361	TRUE	16
100288974	FALSE	0
8512	FALSE	0
6441	TRUE	3
219347	TRUE	9
80195	TRUE	16
219348	TRUE	7
311	TRUE	16
439990	TRUE	15
4143	TRUE	8
143241	FALSE	0
84332	FALSE	0
84293	TRUE	16
81619	TRUE	16
101929574	TRUE	9
102723703	TRUE	5
387694	FALSE	1
10718	TRUE	2
101929590	FALSE	0
27069	TRUE	16
387695	FALSE	0
92211	FALSE	1
340745	FALSE	0
26103	FALSE	0
5995	TRUE	2
170425	TRUE	2
54462	TRUE	16
105378578	FALSE	0
101929624	FALSE	0
101929646	FALSE	0
101929662	FALSE	0
101929684	FALSE	0
100507470	FALSE	0
2894	TRUE	10
442911	FALSE	0
23063	TRUE	16
94233	FALSE	0
11155	TRUE	16
657	TRUE	16
79812	TRUE	14
6623	TRUE	14
10974	TRUE	16
119385	TRUE	12
643161	TRUE	9
2746	TRUE	16
54537	TRUE	16
728118	TRUE	15
728190	TRUE	16
439994	TRUE	16
728130	TRUE	13
728218	TRUE	2
9562	TRUE	16
100616296	FALSE	0
9060	TRUE	16
84896	TRUE	16
142913	TRUE	12
100144748	TRUE	16
5728	TRUE	16
55328	TRUE	14
142910	TRUE	13
8513	FALSE	0
643414	TRUE	5
643418	FALSE	0
340654	FALSE	0
118932	TRUE	14
57559	TRUE	16
100132116	FALSE	0
59	TRUE	16
355	TRUE	16
100302740	FALSE	1
100616192	FALSE	0
100616128	FALSE	0
9023	TRUE	6
3988	TRUE	16
3433	TRUE	16
3437	TRUE	16
439996	FALSE	0
3434	TRUE	16
24138	TRUE	16
387700	TRUE	5
101926906	FALSE	0
53354	TRUE	16
406901	FALSE	0
283011	TRUE	14
9585	TRUE	16
105378423	TRUE	13
643529	TRUE	5
101926924	FALSE	0
101926942	FALSE	0
3363	TRUE	12
10556	TRUE	16
27063	TRUE	14
100874184	FALSE	0
119369	FALSE	1
84333	TRUE	16
100188947	TRUE	2
143279	TRUE	16
5507	TRUE	12
100507633	TRUE	10
80351	TRUE	16
143282	TRUE	16
9044	TRUE	16
22849	TRUE	16
54708	TRUE	16
100507674	TRUE	5
3416	TRUE	16
3832	TRUE	16
3087	TRUE	16
54536	TRUE	16
340665	TRUE	2
1592	TRUE	8
26509	TRUE	16
55165	TRUE	16
338557	TRUE	13
5950	TRUE	14
5146	FALSE	0
118924	TRUE	16
9211	FALSE	0
159371	TRUE	16
266971	TRUE	16
51196	TRUE	16
101927049	FALSE	0
100128054	FALSE	0
64318	TRUE	16
23232	TRUE	16
3070	TRUE	16
1562	TRUE	4
1557	FALSE	0
1559	TRUE	2
1558	TRUE	2
142827	TRUE	3
9124	TRUE	16
10580	TRUE	16
5832	TRUE	16
26123	TRUE	16
953	TRUE	16
728558	TRUE	9
100127889	TRUE	13
387707	FALSE	1
54619	TRUE	16
100422892	FALSE	0
9849	TRUE	16
29760	TRUE	8
1791	FALSE	0
93377	FALSE	0
7093	TRUE	11
56889	TRUE	16
118788	TRUE	13
728658	TRUE	16
693192	FALSE	0
102723665	TRUE	16
84458	TRUE	16
26148	TRUE	16
6585	TRUE	10
100505540	FALSE	0
100533184	FALSE	0
84986	TRUE	16
10023	TRUE	16
23401	TRUE	16
23223	TRUE	16
644215	TRUE	11
5223	TRUE	16
51013	TRUE	16
84287	TRUE	16
64210	TRUE	16
80019	TRUE	16
26287	TRUE	10
112817	TRUE	9
414157	FALSE	0
118812	TRUE	16
55361	TRUE	16
60370	TRUE	16
83742	TRUE	16
118813	TRUE	16
6425	TRUE	6
100505561	TRUE	8
401647	TRUE	14
55118	TRUE	5
27291	TRUE	16
84171	TRUE	15
84795	TRUE	12
100302133	FALSE	0
3257	TRUE	16
100616482	FALSE	0
101927278	FALSE	1
60495	TRUE	2
102465253	FALSE	0
26507	TRUE	14
2805	TRUE	16
101927324	FALSE	0
159296	TRUE	2
81894	TRUE	16
57089	TRUE	16
1355	TRUE	16
51076	TRUE	16
1244	TRUE	16
23268	TRUE	16
100188954	TRUE	4
1369	FALSE	0
10613	TRUE	16
1147	TRUE	16
55280	TRUE	16
677800	FALSE	0
282991	TRUE	16
9033	TRUE	2
6319	TRUE	16
90271	TRUE	16
7479	FALSE	1
25956	TRUE	16
4714	TRUE	16
55662	TRUE	16
5076	TRUE	4
55719	TRUE	16
57715	TRUE	16
693193	FALSE	0
84545	TRUE	16
56652	TRUE	16
84445	TRUE	16
79955	TRUE	14
81855	TRUE	16
81621	TRUE	16
100038246	FALSE	0
3195	FALSE	1
101927396	FALSE	0
10660	TRUE	2
399806	TRUE	2
101927419	FALSE	0
8945	TRUE	16
27343	TRUE	16
25911	TRUE	16
100422900	FALSE	0
100423033	FALSE	0
6468	TRUE	16
2253	FALSE	0
10360	TRUE	16
10724	TRUE	16
100289509	FALSE	1
30819	TRUE	12
79591	TRUE	16
79803	TRUE	16
8861	TRUE	16
23082	TRUE	16
9221	TRUE	16
83401	TRUE	12
5309	TRUE	3
8729	TRUE	16
4791	TRUE	16
5662	TRUE	9
79176	TRUE	16
79004	TRUE	16
574447	FALSE	0
100505761	TRUE	16
79946	TRUE	15
79847	TRUE	16
10121	TRUE	16
51684	TRUE	16
81603	TRUE	16
403	TRUE	16
118980	TRUE	16
54838	TRUE	16
1586	FALSE	0
102724307	FALSE	0
100528007	FALSE	0
119032	TRUE	16
57412	FALSE	0
54805	TRUE	16
22978	TRUE	16
729020	TRUE	3
9118	TRUE	4
84108	TRUE	16
6877	TRUE	16
84833	TRUE	16
100302174	FALSE	0
22984	TRUE	16
51063	TRUE	16
255022	TRUE	2
119395	TRUE	8
102724341	FALSE	0
9148	TRUE	12
9644	TRUE	16
100505839	TRUE	8
79991	TRUE	16
9748	TRUE	16
1308	TRUE	14
100126326	FALSE	0
119392	TRUE	16
80217	TRUE	11
693194	FALSE	0
9446	TRUE	16
100616323	FALSE	0
119391	TRUE	16
85450	TRUE	16
101927472	FALSE	0
159686	TRUE	8
100505869	TRUE	2
101927523	FALSE	0
22986	FALSE	0
100505890	FALSE	0
101927549	FALSE	0
114815	TRUE	3
103695365	FALSE	0
7511	TRUE	16
100505933	FALSE	0
120	TRUE	16
105378479	FALSE	0
4601	TRUE	16
10285	TRUE	16
1847	TRUE	16
9126	TRUE	16
282996	TRUE	8
282997	TRUE	16
27250	TRUE	16
100616113	FALSE	0
92482	TRUE	16
8036	TRUE	16
644511	FALSE	0
100313921	FALSE	0
150	FALSE	0
57678	TRUE	16
6975	TRUE	2
102466189	FALSE	0
102465427	FALSE	0
390003	FALSE	0
51703	TRUE	14
64429	TRUE	16
143187	TRUE	16
100422909	FALSE	0
103344931	FALSE	0
6934	TRUE	16
3026	FALSE	0
4892	FALSE	0
840	TRUE	16
79949	TRUE	4
100616162	FALSE	0
9937	TRUE	16
374354	TRUE	16
153	TRUE	14
55088	TRUE	16
100302224	FALSE	0
56165	FALSE	0
340706	TRUE	10
84632	TRUE	15
3983	TRUE	16
101927692	FALSE	1
57700	TRUE	16
142940	TRUE	16
102724589	FALSE	0
26033	TRUE	6
2674	FALSE	0
374355	FALSE	0
119548	FALSE	0
5406	FALSE	0
5407	FALSE	0
5408	FALSE	0
143379	FALSE	0
259217	TRUE	14
387712	TRUE	12
57698	TRUE	16
11023	TRUE	6
101927704	FALSE	0
100500893	FALSE	0
338567	FALSE	0
6571	TRUE	16
118987	TRUE	16
196047	FALSE	0
2018	TRUE	4
22841	TRUE	16
255082	TRUE	13
63877	TRUE	16
100506126	FALSE	1
2834	FALSE	0
143384	TRUE	16
340719	TRUE	16
8661	TRUE	16
641451	FALSE	0
404636	TRUE	16
119559	TRUE	16
10935	TRUE	16
105378579	TRUE	10
2869	TRUE	16
100616398	FALSE	0
105378510	TRUE	12
6001	TRUE	16
7073	TRUE	16
9531	TRUE	16
22876	TRUE	16
79892	TRUE	16
11196	TRUE	16
100616322	FALSE	0
196051	FALSE	1
404216	FALSE	0
283089	FALSE	0
55717	TRUE	16
2263	TRUE	12
11101	TRUE	16
100130887	TRUE	7
54780	TRUE	16
10579	TRUE	16
118663	TRUE	10
59338	TRUE	16
100500866	FALSE	0
387715	FALSE	0
5654	TRUE	15
1755	TRUE	12
399814	FALSE	0
375940	FALSE	0
50624	FALSE	0
100533195	FALSE	0
196792	TRUE	16
399815	TRUE	16
118670	FALSE	0
80007	TRUE	16
118672	TRUE	16
64376	TRUE	16
36	TRUE	16
340784	TRUE	2
3167	TRUE	6
9184	TRUE	16
2849	FALSE	0
119587	FALSE	0
51363	TRUE	16
4942	TRUE	16
390010	TRUE	2
64077	TRUE	16
9679	TRUE	16
101927944	TRUE	2
399818	TRUE	16
23172	TRUE	16
54764	TRUE	16
1488	TRUE	16
100423041	FALSE	0
100169752	FALSE	0
387718	TRUE	2
283038	FALSE	0
399821	TRUE	5
26098	TRUE	16
101927983	FALSE	1
118856	FALSE	0
7390	TRUE	16
100616327	FALSE	0
56647	TRUE	16
55760	TRUE	16
92565	TRUE	16
101410540	FALSE	0
8038	TRUE	2
101101772	FALSE	0
118611	TRUE	3
1793	TRUE	16
642938	TRUE	3
594857	FALSE	0
399823	FALSE	0
119467	TRUE	3
5791	TRUE	16
4288	TRUE	16
101927381	TRUE	2
4255	TRUE	14
105378559	TRUE	2
253738	TRUE	6
100422873	FALSE	0
387723	TRUE	15
119437	TRUE	5
10539	TRUE	16
101927435	FALSE	0
100422867	FALSE	0
256536	FALSE	0
101927489	FALSE	0
399827	FALSE	0
101929806	FALSE	0
55844	TRUE	16
664	TRUE	14
282973	TRUE	15
10570	TRUE	8
282974	TRUE	16
80313	TRUE	16
170394	TRUE	16
170393	TRUE	13
3632	TRUE	16
84504	TRUE	2
54777	TRUE	6
101927590	TRUE	2
103695432	FALSE	1
399829	TRUE	2
84435	FALSE	1
100128127	FALSE	0
85442	TRUE	12
8433	FALSE	0
27287	FALSE	0
101927671	FALSE	1
574448	FALSE	0
101	TRUE	16
10844	TRUE	16
118472	TRUE	16
50632	TRUE	2
118471	TRUE	4
282969	TRUE	14
1892	TRUE	16
100500911	FALSE	0
196743	TRUE	14
92170	TRUE	16
503542	TRUE	16
619207	TRUE	13
1571	TRUE	6
93426	FALSE	0
399833	TRUE	5
441581	FALSE	0
100133161	FALSE	0
147199	FALSE	0
113746	FALSE	0
51272	TRUE	16
60626	TRUE	16
102465445	FALSE	0
23410	TRUE	16
5719	TRUE	16
171389	TRUE	3
80162	TRUE	16
387733	FALSE	0
10581	TRUE	12
8519	TRUE	14
10410	TRUE	16
338707	TRUE	10
11187	TRUE	16
59307	TRUE	16
338440	TRUE	16
81490	TRUE	16
6050	TRUE	16
115399	TRUE	11
101059906	FALSE	1
3265	TRUE	14
256329	TRUE	9
8045	TRUE	16
100506211	TRUE	8
406992	FALSE	0
143666	FALSE	0
105376667	FALSE	0
57661	TRUE	12
3665	TRUE	7
53841	FALSE	1
6343	FALSE	0
1815	FALSE	0
10522	TRUE	16
283232	TRUE	16
64787	TRUE	16
6888	TRUE	16
347862	TRUE	16
171391	TRUE	16
105369190	TRUE	16
51286	TRUE	7
79751	TRUE	16
101927423	TRUE	13
55367	TRUE	16
6181	TRUE	16
619565	TRUE	9
57104	TRUE	16
283229	TRUE	16
977	TRUE	16
5441	TRUE	16
7106	TRUE	16
66005	TRUE	16
161	TRUE	16
4588	FALSE	0
101927503	FALSE	0
4583	TRUE	5
4586	TRUE	10
727897	TRUE	9
102466725	FALSE	0
54472	TRUE	16
255512	TRUE	16
9024	TRUE	16
81532	TRUE	16
1850	FALSE	0
101927562	FALSE	0
338651	FALSE	0
387264	FALSE	0
440021	FALSE	0
387266	FALSE	0
439915	FALSE	0
387742	FALSE	0
100132464	FALSE	0
440023	FALSE	0
402778	TRUE	16
1509	TRUE	16
90019	TRUE	13
7136	TRUE	7
4046	TRUE	5
100423021	FALSE	0
102465993	FALSE	0
101927624	FALSE	0
7140	TRUE	2
6150	TRUE	16
100133545	TRUE	3
104355220	FALSE	0
283120	TRUE	14
100033819	FALSE	0
723961	FALSE	0
3481	TRUE	12
619552	FALSE	0
51214	TRUE	4
3630	FALSE	0
7054	TRUE	11
100616126	FALSE	1
430	TRUE	2
29125	FALSE	0
10077	FALSE	0
101927682	TRUE	2
975	TRUE	14
10078	TRUE	16
29850	FALSE	1
3784	TRUE	8
10984	TRUE	16
338653	FALSE	0
55539	FALSE	0
1028	TRUE	5
5003	TRUE	7
5002	TRUE	16
7262	TRUE	4
4676	TRUE	16
677833	FALSE	0
833	TRUE	16
114879	TRUE	16
386746	FALSE	0
283303	FALSE	0
116534	FALSE	0
7748	TRUE	16
650368	FALSE	0
10821	FALSE	0
105376525	FALSE	0
105376526	TRUE	10
101927708	FALSE	0
7221	FALSE	0
116969	TRUE	2
417	FALSE	1
57053	TRUE	16
4928	TRUE	16
27315	TRUE	16
391	TRUE	16
6786	TRUE	16
100616453	FALSE	0
6240	TRUE	16
100506082	FALSE	1
143496	FALSE	0
6737	TRUE	16
119774	FALSE	0
390036	FALSE	0
119772	FALSE	0
143501	FALSE	0
143502	FALSE	0
390037	FALSE	0
55128	TRUE	16
390038	FALSE	0
143503	TRUE	3
81285	TRUE	2
256892	FALSE	0
119695	FALSE	0
119694	FALSE	0
119692	FALSE	0
401665	FALSE	0
119687	FALSE	0
81282	FALSE	1
79324	FALSE	0
401666	FALSE	0
401667	FALSE	0
56547	FALSE	1
119682	FALSE	0
119679	FALSE	0
119678	FALSE	0
390054	FALSE	0
23538	FALSE	0
283111	FALSE	0
3043	TRUE	3
3045	FALSE	0
3044	FALSE	0
103344929	FALSE	0
3047	FALSE	0
3048	TRUE	2
3046	FALSE	0
79339	FALSE	0
79345	FALSE	0
282763	FALSE	0
390058	FALSE	0
390059	FALSE	0
390061	FALSE	0
390063	FALSE	0
390064	FALSE	0
390066	FALSE	0
50613	FALSE	0
143630	TRUE	3
101927763	FALSE	0
390067	FALSE	0
340980	FALSE	0
117854	TRUE	12
445372	FALSE	0
53840	FALSE	0
85363	TRUE	16
10346	TRUE	11
390072	FALSE	0
387748	FALSE	0
390075	FALSE	0
79473	FALSE	0
390077	FALSE	0
390078	FALSE	0
390079	FALSE	0
390081	FALSE	0
390083	FALSE	0
390084	FALSE	0
338751	FALSE	0
120793	FALSE	0
120796	FALSE	0
196335	FALSE	0
255725	FALSE	0
120787	FALSE	0
160298	TRUE	3
84067	TRUE	16
1262	TRUE	5
887	FALSE	0
112464	TRUE	10
6609	TRUE	16
322	TRUE	13
3263	FALSE	0
10612	TRUE	16
23647	TRUE	16
26515	TRUE	16
144132	TRUE	16
23378	TRUE	16
3611	TRUE	16
6881	TRUE	16
1200	TRUE	16
8642	TRUE	10
63875	TRUE	16
387751	TRUE	6
338755	TRUE	2
144125	FALSE	0
8590	FALSE	0
144124	FALSE	0
341276	FALSE	0
283297	FALSE	0
120776	FALSE	0
120775	FALSE	0
7762	TRUE	12
7761	TRUE	12
338323	TRUE	3
27288	FALSE	0
100313774	FALSE	0
143425	TRUE	3
100506258	TRUE	2
283298	FALSE	0
8495	TRUE	16
51700	TRUE	8
341277	TRUE	2
120065	FALSE	0
120066	FALSE	0
26343	FALSE	0
283299	FALSE	0
390093	FALSE	0
26496	FALSE	0
338322	FALSE	0
8665	TRUE	16
103581031	FALSE	0
7275	TRUE	7
101927917	FALSE	0
79608	TRUE	2
4004	FALSE	0
65975	TRUE	9
9866	TRUE	16
6157	TRUE	16
619562	TRUE	15
677826	TRUE	6
6764	TRUE	16
102724784	FALSE	0
56672	TRUE	16
56673	TRUE	2
56676	FALSE	0
56674	TRUE	16
493900	TRUE	10
56675	TRUE	12
57758	TRUE	6
100847015	FALSE	0
283102	FALSE	0
23258	TRUE	16
100189370	FALSE	0
440026	TRUE	16
10527	TRUE	16
677808	TRUE	3
644656	TRUE	16
7702	TRUE	16
7465	TRUE	16
23075	TRUE	16
101927955	FALSE	1
440028	TRUE	14
283104	TRUE	16
81846	TRUE	16
101928008	FALSE	0
105376544	TRUE	12
133	TRUE	16
100130460	TRUE	2
272	TRUE	16
100463486	TRUE	6
100616263	FALSE	0
50862	TRUE	16
100129827	TRUE	2
10894	FALSE	0
10335	TRUE	6
9646	TRUE	16
1982	TRUE	16
692223	FALSE	0
101928053	TRUE	12
58486	TRUE	16
729013	TRUE	16
374378	TRUE	14
283106	TRUE	16
100423026	FALSE	0
102465870	FALSE	0
55031	TRUE	16
27122	TRUE	14
9645	TRUE	16
102466906	FALSE	0
84953	TRUE	14
55742	TRUE	16
7003	TRUE	16
100506305	FALSE	0
644943	TRUE	5
406	TRUE	16
84280	TRUE	16
5741	FALSE	0
84188	TRUE	16
101928132	TRUE	2
10418	TRUE	9
22800	TRUE	16
1315	TRUE	16
5682	TRUE	16
5140	TRUE	10
120227	TRUE	16
796	TRUE	4
797	TRUE	3
387755	TRUE	6
102724957	FALSE	0
55553	TRUE	8
102464826	FALSE	0
10944	TRUE	16
144100	TRUE	16
10819	TRUE	14
6207	TRUE	16
26822	TRUE	8
85388	TRUE	6
5286	TRUE	16
4925	TRUE	16
374383	TRUE	16
3767	TRUE	15
6833	TRUE	3
10083	TRUE	5
340990	FALSE	0
102723330	FALSE	0
4654	FALSE	0
3746	TRUE	6
26297	TRUE	16
7166	TRUE	2
113174	TRUE	16
117195	FALSE	0
6290	FALSE	0
117196	FALSE	0
494141	FALSE	0
100528017	FALSE	0
6291	FALSE	0
6289	TRUE	4
6288	TRUE	5
11234	TRUE	16
2965	TRUE	16
100423016	FALSE	0
3939	TRUE	16
3948	TRUE	3
160287	FALSE	1
7251	TRUE	16
55293	TRUE	16
100506540	TRUE	11
144108	TRUE	16
144110	TRUE	13
283284	TRUE	4
84867	FALSE	0
259249	FALSE	0
117194	TRUE	2
54503	TRUE	16
8048	FALSE	0
79733	TRUE	16
89797	TRUE	15
100874012	FALSE	0
399876	FALSE	0
100616118	FALSE	0
100126784	TRUE	11
100616426	FALSE	0
100874014	FALSE	0
120237	FALSE	0
10553	TRUE	16
10196	TRUE	16
9152	FALSE	0
4745	TRUE	2
203859	TRUE	8
57084	FALSE	0
102723378	FALSE	0
2188	TRUE	16
2620	TRUE	8
258010	TRUE	15
100500938	FALSE	0
102465860	FALSE	0
338645	TRUE	10
63982	FALSE	0
143662	FALSE	1
159963	FALSE	1
387758	FALSE	0
8424	FALSE	0
103695435	TRUE	8
91057	TRUE	16
55366	TRUE	16
105376671	FALSE	0
55327	TRUE	16
497258	TRUE	9
102465881	FALSE	0
101410541	FALSE	0
627	TRUE	14
81930	TRUE	16
693195	FALSE	0
196074	TRUE	16
102466876	FALSE	0
3739	TRUE	2
2488	FALSE	0
120534	TRUE	16
744	TRUE	2
100506627	FALSE	0
341019	FALSE	0
120526	TRUE	16
196294	TRUE	16
26610	TRUE	16
5080	TRUE	16
440034	FALSE	0
103157000	FALSE	0
100506675	FALSE	0
5954	TRUE	16
7490	TRUE	6
51352	TRUE	5
10480	TRUE	16
493860	TRUE	5
79056	TRUE	16
79832	TRUE	16
91614	TRUE	11
55346	TRUE	16
283267	TRUE	16
1479	TRUE	16
338739	TRUE	9
10114	TRUE	16
25758	TRUE	14
100131378	TRUE	12
966	TRUE	16
26273	TRUE	16
101928440	FALSE	0
4005	TRUE	10
4076	TRUE	16
55226	TRUE	16
25841	TRUE	16
847	TRUE	16
2001	TRUE	7
26298	TRUE	16
51074	TRUE	16
8050	TRUE	16
100616437	FALSE	0
100507144	TRUE	6
960	TRUE	16
6506	TRUE	3
25891	FALSE	0
24147	TRUE	16
54765	TRUE	16
143458	TRUE	16
100616311	FALSE	0
29099	TRUE	16
79899	TRUE	9
7189	TRUE	16
5896	TRUE	12
5897	FALSE	0
119710	TRUE	16
103312105	FALSE	0
101928536	FALSE	0
57689	TRUE	4
102723644	FALSE	0
100507205	FALSE	0
399881	FALSE	0
8539	TRUE	16
55761	TRUE	16
100313777	FALSE	0
406918	FALSE	0
51144	TRUE	16
221120	TRUE	16
729799	TRUE	12
100507300	TRUE	3
390110	FALSE	1
387763	TRUE	8
84680	TRUE	16
2132	TRUE	16
60529	TRUE	4
3732	TRUE	16
90139	TRUE	8
9537	TRUE	14
221122	FALSE	0
56981	TRUE	16
101060179	FALSE	0
57586	TRUE	7
101928812	TRUE	2
399886	FALSE	0
8534	TRUE	2
102465691	FALSE	0
100507384	FALSE	0
374387	FALSE	1
55343	TRUE	16
1408	TRUE	16
9479	TRUE	16
143678	TRUE	3
9409	TRUE	16
120071	TRUE	15
51317	TRUE	16
101928894	FALSE	0
90993	TRUE	16
8525	TRUE	16
100616368	FALSE	0
4192	TRUE	16
1132	TRUE	12
55626	TRUE	16
100422827	FALSE	0
100422825	FALSE	0
283254	TRUE	16
9776	TRUE	16
392	TRUE	16
79797	TRUE	16
2147	TRUE	3
9793	TRUE	16
100847020	FALSE	0
692108	TRUE	2
100507401	TRUE	8
4038	TRUE	14
79096	TRUE	16
84364	TRUE	16
29763	TRUE	16
102466726	FALSE	0
1643	TRUE	16
53	TRUE	16
10062	TRUE	16
8567	TRUE	16
101928943	FALSE	0
4607	FALSE	0
6688	FALSE	1
100616222	FALSE	0
91252	TRUE	16
5702	TRUE	16
5913	FALSE	0
10658	TRUE	16
114971	TRUE	16
55709	TRUE	16
4722	TRUE	16
399888	FALSE	0
114900	FALSE	0
23788	TRUE	16
79841	TRUE	12
23360	TRUE	16
23279	TRUE	16
5795	TRUE	16
100423000	FALSE	0
119765	FALSE	0
119764	FALSE	0
390113	FALSE	0
256148	FALSE	0
256144	FALSE	0
403253	FALSE	0
283116	FALSE	0
646754	FALSE	0
2346	FALSE	1
440040	FALSE	0
283092	FALSE	0
283093	FALSE	0
403257	FALSE	0
441601	FALSE	1
646813	FALSE	0
119749	FALSE	0
81318	FALSE	0
79097	FALSE	0
440041	FALSE	0
81327	FALSE	0
81328	FALSE	0
81309	FALSE	0
219428	FALSE	0
219429	FALSE	0
81300	FALSE	0
219431	FALSE	0
219432	TRUE	4
390142	FALSE	0
219436	FALSE	0
219437	FALSE	0
219438	FALSE	0
26338	FALSE	0
390144	FALSE	0
84767	FALSE	0
390148	FALSE	0
10798	FALSE	0
282770	FALSE	0
219445	FALSE	0
338674	FALSE	0
219447	FALSE	0
120586	FALSE	0
390151	FALSE	0
390152	FALSE	0
81168	FALSE	0
219453	FALSE	0
282775	FALSE	0
219464	FALSE	0
390154	FALSE	0
390155	FALSE	0
219469	FALSE	0
219473	FALSE	0
390157	FALSE	0
219477	FALSE	0
219417	FALSE	0
219479	FALSE	0
390162	FALSE	0
219482	FALSE	0
219484	FALSE	0
219487	FALSE	0
390167	FALSE	0
390168	FALSE	0
338675	FALSE	0
219493	FALSE	0
390174	FALSE	0
283189	FALSE	0
102465135	FALSE	0
101927120	FALSE	0
390181	FALSE	0
219525	FALSE	0
219527	FALSE	0
187	FALSE	0
85456	TRUE	16
105369311	FALSE	1
6749	TRUE	16
5024	FALSE	0
10394	FALSE	0
5553	FALSE	0
29015	TRUE	11
349667	TRUE	14
8501	TRUE	12
26519	TRUE	16
219537	TRUE	4
9246	TRUE	15
710	TRUE	6
406919	FALSE	0
219539	TRUE	6
10978	TRUE	16
25921	TRUE	16
219541	TRUE	16
51075	TRUE	16
100528016	FALSE	0
280636	TRUE	16
643376	FALSE	1
1500	TRUE	16
219956	FALSE	0
219952	FALSE	0
219954	FALSE	0
219957	FALSE	0
219958	FALSE	0
219959	FALSE	0
219960	FALSE	0
81341	FALSE	0
219965	FALSE	0
441608	FALSE	0
390190	FALSE	0
390191	FALSE	0
219968	FALSE	0
9404	TRUE	16
386607	FALSE	0
80829	TRUE	16
1270	FALSE	0
10249	FALSE	0
219970	FALSE	0
92292	FALSE	0
283194	FALSE	0
374393	TRUE	16
101927204	TRUE	16
63901	TRUE	16
23220	TRUE	11
219972	FALSE	0
341112	TRUE	2
105369316	TRUE	4
390195	FALSE	0
219981	FALSE	0
219982	FALSE	0
219983	FALSE	0
390197	FALSE	0
219986	FALSE	0
390199	FALSE	0
100188993	FALSE	0
100189283	FALSE	0
100189115	FALSE	0
100189240	FALSE	0
100189238	FALSE	0
100189415	FALSE	0
100049613	FALSE	0
100009605	FALSE	0
5007	TRUE	16
100422880	FALSE	0
219988	TRUE	16
390201	FALSE	0
81343	FALSE	0
6809	TRUE	16
54948	TRUE	16
2694	FALSE	0
6947	TRUE	13
255649	FALSE	0
105369444	FALSE	0
219990	FALSE	0
932	FALSE	0
2206	FALSE	0
64231	FALSE	0
643680	FALSE	0
102465250	FALSE	0
51338	FALSE	0
245802	FALSE	0
58475	FALSE	0
84689	FALSE	0
64232	FALSE	0
931	FALSE	0
54860	FALSE	0
503497	FALSE	0
283197	FALSE	0
83661	TRUE	2
728588	FALSE	0
219995	FALSE	0
341116	FALSE	0
79080	TRUE	16
11251	TRUE	4
22917	FALSE	0
27339	TRUE	16
79073	TRUE	16
54972	TRUE	16
51296	TRUE	11
923	FALSE	0
921	TRUE	2
55048	TRUE	16
643834	FALSE	0
643847	FALSE	0
5222	FALSE	0
220001	TRUE	6
1642	TRUE	16
26007	TRUE	16
220002	TRUE	16
51524	TRUE	16
51259	TRUE	16
79869	TRUE	16
54949	TRUE	16
220004	TRUE	13
100616470	FALSE	0
390205	FALSE	1
9066	TRUE	16
101927495	TRUE	2
113157	TRUE	10
747	TRUE	16
745	TRUE	16
26070	TRUE	4
746	TRUE	16
693196	FALSE	0
2237	TRUE	16
3992	TRUE	16
100302263	FALSE	0
9415	TRUE	16
3995	TRUE	16
102465446	FALSE	0
5866	TRUE	16
7439	TRUE	16
2495	TRUE	16
3619	TRUE	16
10648	FALSE	0
4246	FALSE	0
10647	FALSE	0
4250	FALSE	0
404552	FALSE	0
80150	TRUE	16
7356	TRUE	4
79026	TRUE	16
1937	TRUE	16
102465447	FALSE	0
64852	TRUE	16
9219	TRUE	16
256364	TRUE	16
6094	TRUE	16
26229	TRUE	16
23193	TRUE	16
80789	TRUE	16
102288414	TRUE	16
79081	TRUE	16
751071	TRUE	16
692158	FALSE	0
790955	TRUE	16
51035	TRUE	16
221091	TRUE	2
26580	TRUE	16
100534595	FALSE	0
2785	TRUE	7
221092	TRUE	16
283237	TRUE	16
79842	TRUE	16
5436	TRUE	16
10629	TRUE	16
374395	TRUE	16
102465448	FALSE	1
79064	TRUE	16
10482	TRUE	16
102465257	FALSE	0
6811	TRUE	16
54663	TRUE	16
26855	TRUE	5
23642	TRUE	16
9304	TRUE	14
9298	TRUE	15
9299	TRUE	2
9297	TRUE	3
9300	TRUE	8
9301	TRUE	2
9302	TRUE	6
9303	TRUE	16
6520	TRUE	16
1128	TRUE	2
9356	FALSE	0
9376	FALSE	0
283238	FALSE	0
387601	FALSE	0
387775	FALSE	0
114571	FALSE	0
117245	TRUE	2
85329	FALSE	0
5920	TRUE	14
54979	TRUE	11
11145	TRUE	15
25923	TRUE	16
10313	TRUE	16
65998	TRUE	16
144097	TRUE	16
105369337	FALSE	0
2011	TRUE	16
283248	TRUE	14
79829	TRUE	16
100873759	FALSE	0
1351	TRUE	16
55611	TRUE	16
28992	TRUE	16
23769	TRUE	12
10963	TRUE	16
83706	TRUE	16
83707	TRUE	16
84304	TRUE	16
3338	TRUE	16
7423	TRUE	16
2286	TRUE	16
26472	TRUE	16
5331	TRUE	16
56834	TRUE	16
572	TRUE	16
50801	FALSE	1
25858	TRUE	11
2101	TRUE	16
51504	TRUE	16
25824	TRUE	16
283234	TRUE	16
102466815	FALSE	0
8986	TRUE	16
100302280	FALSE	0
100996455	FALSE	1
55867	FALSE	0
116085	FALSE	0
9379	TRUE	4
10235	TRUE	9
5837	TRUE	11
7536	TRUE	16
5871	TRUE	16
4221	TRUE	16
55561	TRUE	16
10938	TRUE	16
406967	FALSE	0
406970	FALSE	0
23130	TRUE	16
102466192	FALSE	0
102466727	FALSE	0
5526	TRUE	16
170589	FALSE	1
283129	FALSE	1
116071	TRUE	13
100528018	FALSE	0
402	TRUE	16
102466756	FALSE	0
29907	FALSE	0
29901	TRUE	16
10004	FALSE	1
113130	TRUE	16
7542	TRUE	16
100130348	FALSE	0
738	TRUE	16
7108	TRUE	16
741	TRUE	16
2197	TRUE	16
740	TRUE	16
84447	TRUE	16
102465449	FALSE	0
387778	FALSE	0
728975	TRUE	16
823	TRUE	16
440044	TRUE	11
23649	TRUE	16
10435	TRUE	16
5977	TRUE	16
220359	TRUE	15
283130	TRUE	16
83786	TRUE	16
283131	TRUE	16
693197	TRUE	2
101927789	TRUE	16
378938	TRUE	16
57410	TRUE	16
4054	TRUE	16
254100	TRUE	16
10534	TRUE	16
23625	TRUE	16
254102	TRUE	16
10089	TRUE	9
4296	TRUE	16
399909	TRUE	16
100616292	FALSE	0
6494	TRUE	16
100616284	FALSE	0
5970	TRUE	16
10524	TRUE	16
84153	TRUE	16
91056	TRUE	16
5017	TRUE	10
101927828	TRUE	2
101927853	FALSE	0
254122	TRUE	4
1072	TRUE	16
80198	TRUE	16
30008	TRUE	12
1521	FALSE	0
9158	TRUE	16
11007	TRUE	16
8061	TRUE	16
83638	TRUE	16
10589	TRUE	16
254187	FALSE	0
9092	TRUE	16
84285	TRUE	16
8815	TRUE	16
1474	TRUE	10
117144	TRUE	12
89792	FALSE	0
10992	TRUE	16
55690	TRUE	16
64837	TRUE	16
81876	TRUE	16
254263	TRUE	14
10897	TRUE	16
256472	TRUE	12
57124	FALSE	0
9610	TRUE	16
25855	TRUE	16
11041	TRUE	16
102724064	TRUE	16
100189285	FALSE	0
3177	TRUE	16
266743	FALSE	0
65003	TRUE	16
246330	TRUE	16
101928069	TRUE	16
10072	TRUE	16
582	TRUE	16
254359	TRUE	16
89	TRUE	2
8722	TRUE	11
55231	TRUE	15
9973	TRUE	16
10432	TRUE	16
100526737	FALSE	0
5936	TRUE	16
83759	TRUE	16
6712	TRUE	16
105369445	TRUE	13
79703	TRUE	16
9986	TRUE	16
5091	TRUE	16
78999	TRUE	16
100423029	FALSE	0
254439	TRUE	5
91683	TRUE	13
102465518	FALSE	0
29984	TRUE	16
22992	TRUE	16
156	TRUE	16
338692	TRUE	16
54961	TRUE	16
100130987	TRUE	16
57804	TRUE	16
23529	TRUE	16
5883	TRUE	16
5499	TRUE	16
374403	FALSE	1
57571	TRUE	9
6199	TRUE	16
5790	TRUE	15
57175	TRUE	16
390212	TRUE	2
57010	TRUE	5
80194	TRUE	16
9049	TRUE	16
102465450	FALSE	0
9600	TRUE	16
10263	TRUE	16
51475	FALSE	0
2950	TRUE	16
100505621	FALSE	0
4723	TRUE	16
390213	FALSE	0
254552	TRUE	16
347853	TRUE	2
91703	TRUE	9
222	TRUE	10
645332	TRUE	16
100873760	FALSE	0
81622	TRUE	16
221	TRUE	16
4728	TRUE	16
102465669	FALSE	0
100616403	TRUE	3
10312	TRUE	16
102465451	FALSE	0
1119	TRUE	16
51111	TRUE	16
53838	TRUE	16
4041	TRUE	16
55291	TRUE	16
51083	TRUE	14
9633	TRUE	16
1374	TRUE	16
219927	TRUE	16
3508	TRUE	16
116512	FALSE	0
116535	TRUE	3
101928200	FALSE	0
219931	TRUE	16
100422846	FALSE	0
338694	FALSE	0
26579	TRUE	15
101928292	FALSE	0
595	TRUE	16
220064	TRUE	16
9965	TRUE	9
2249	FALSE	0
2248	FALSE	0
101928443	FALSE	0
100009613	FALSE	0
55107	TRUE	12
8772	TRUE	16
8500	TRUE	16
100313770	FALSE	0
2017	TRUE	16
22941	TRUE	14
100874198	FALSE	0
220070	FALSE	0
100500844	FALSE	0
399923	FALSE	0
1717	TRUE	16
55191	TRUE	16
102466728	FALSE	0
440050	FALSE	0
57830	FALSE	0
3846	FALSE	0
387273	FALSE	0
440051	FALSE	0
55199	TRUE	16
285407	TRUE	9
100131539	FALSE	1
245911	FALSE	0
100133315	TRUE	16
100129216	TRUE	7
55298	TRUE	16
10068	TRUE	16
4926	TRUE	16
100128494	TRUE	5
100422953	FALSE	0
220074	TRUE	16
55004	TRUE	16
25906	TRUE	16
2352	FALSE	0
2348	TRUE	6
2350	FALSE	0
3636	TRUE	16
401	FALSE	0
81570	TRUE	16
101928555	TRUE	3
5138	TRUE	10
406931	FALSE	0
116985	TRUE	16
10809	TRUE	16
100616410	FALSE	0
89849	TRUE	16
9873	TRUE	16
5029	TRUE	16
5031	TRUE	12
9828	TRUE	16
84957	TRUE	16
23201	TRUE	16
105379411	FALSE	0
58473	TRUE	14
5870	TRUE	16
51642	TRUE	16
51287	TRUE	16
80227	TRUE	16
374407	TRUE	4
7351	TRUE	16
7352	TRUE	13
26005	TRUE	16
51400	TRUE	16
283208	TRUE	4
101928580	FALSE	0
283209	TRUE	16
100616215	FALSE	0
10008	TRUE	5
387787	TRUE	16
100287896	TRUE	16
10714	TRUE	16
25884	FALSE	0
100616402	FALSE	0
254225	TRUE	16
143570	TRUE	16
9789	TRUE	16
10825	TRUE	16
341152	FALSE	0
11309	TRUE	3
100507050	TRUE	2
408	TRUE	16
442900	FALSE	0
6188	TRUE	16
6079	FALSE	1
114599	TRUE	5
283212	TRUE	12
81544	TRUE	16
871	TRUE	16
4135	TRUE	7
80168	FALSE	0
283214	FALSE	0
84649	TRUE	16
7405	TRUE	16
7481	TRUE	14
100189072	FALSE	0
100189224	FALSE	0
5612	TRUE	16
100506127	TRUE	14
56946	TRUE	16
2615	FALSE	0
390226	FALSE	0
25987	TRUE	16
101928837	TRUE	4
55331	TRUE	16
192134	TRUE	5
726	TRUE	16
4975	FALSE	0
4647	TRUE	16
220032	FALSE	1
5058	TRUE	16
646029	FALSE	0
282679	TRUE	16
1207	TRUE	16
51773	TRUE	16
28971	TRUE	16
92105	TRUE	16
100532726	FALSE	0
65987	FALSE	0
7069	FALSE	0
4718	TRUE	16
79053	TRUE	16
100289388	TRUE	13
283219	TRUE	16
57558	TRUE	16
9846	TRUE	16
101928865	FALSE	0
79731	TRUE	16
101928896	FALSE	0
26011	TRUE	6
100126333	FALSE	0
100847000	FALSE	0
101928944	FALSE	0
101928989	FALSE	0
100422823	FALSE	0
220382	TRUE	3
5547	TRUE	16
220042	TRUE	16
27314	TRUE	16
100379250	FALSE	0
100506233	TRUE	16
51585	TRUE	16
338699	TRUE	16
60492	TRUE	16
1740	TRUE	16
55863	TRUE	16
84233	TRUE	16
58487	TRUE	16
220388	TRUE	4
54843	TRUE	16
220047	TRUE	2
8301	TRUE	16
8726	TRUE	16
102465452	FALSE	0
51501	TRUE	16
60494	TRUE	5
10873	TRUE	14
11098	TRUE	16
8587	FALSE	0
8322	TRUE	16
100506368	TRUE	9
65084	TRUE	16
23682	TRUE	11
100423040	FALSE	0
1075	TRUE	16
100873989	FALSE	0
2915	FALSE	0
100873753	FALSE	0
7299	FALSE	0
50507	FALSE	0
219595	FALSE	0
390231	FALSE	0
57093	FALSE	0
105369176	FALSE	0
642446	FALSE	0
399939	FALSE	0
729384	FALSE	0
120146	FALSE	0
642569	FALSE	0
642612	FALSE	0
105378955	FALSE	0
642623	FALSE	0
10003	TRUE	12
26973	TRUE	16
101929222	FALSE	0
100616186	FALSE	0
100302228	FALSE	0
120114	TRUE	8
4544	FALSE	0
120103	TRUE	16
105369447	TRUE	2
159989	TRUE	2
56935	TRUE	16
85459	TRUE	16
619383	TRUE	15
684959	TRUE	10
692063	TRUE	16
692075	TRUE	6
677792	TRUE	5
654320	TRUE	16
692072	TRUE	15
677805	TRUE	16
100302240	TRUE	4
677822	TRUE	16
79101	TRUE	16
28970	TRUE	16
9440	TRUE	16
387804	TRUE	3
341208	TRUE	4
24145	TRUE	16
390243	FALSE	0
10888	FALSE	0
4361	TRUE	16
100302275	FALSE	0
54851	TRUE	16
643037	FALSE	0
2526	TRUE	16
143689	TRUE	11
154810	TRUE	16
51503	TRUE	16
55693	TRUE	14
390245	FALSE	0
10929	TRUE	16
23052	TRUE	16
101929295	TRUE	3
143686	TRUE	11
100129203	TRUE	2
143684	TRUE	16
9702	TRUE	16
8898	TRUE	16
84441	TRUE	14
100422991	FALSE	0
79780	TRUE	16
8690	TRUE	16
100874053	FALSE	0
53942	FALSE	1
143872	TRUE	14
83935	TRUE	14
5241	FALSE	1
101054525	FALSE	0
7225	FALSE	1
100500823	FALSE	0
253935	FALSE	0
57562	TRUE	16
85016	TRUE	12
10413	TRUE	16
330	TRUE	16
329	TRUE	16
114908	TRUE	16
102723838	FALSE	0
4316	TRUE	9
9313	FALSE	0
64066	FALSE	0
4317	FALSE	0
4319	TRUE	5
100288077	TRUE	3
4312	TRUE	12
4314	FALSE	1
4321	TRUE	4
4322	TRUE	6
84259	TRUE	16
79659	TRUE	16
100616457	FALSE	0
80310	TRUE	15
414301	FALSE	0
102465752	FALSE	0
102723895	FALSE	0
100506742	TRUE	2
643733	FALSE	0
837	TRUE	16
838	FALSE	0
834	TRUE	11
114769	TRUE	10
440068	FALSE	0
59082	TRUE	4
2893	TRUE	2
84437	TRUE	16
143879	TRUE	16
60496	TRUE	16
101928535	FALSE	0
2977	TRUE	4
143884	TRUE	16
91801	TRUE	16
55531	TRUE	4
643923	FALSE	0
6588	FALSE	0
54733	TRUE	16
54734	TRUE	10
8065	TRUE	16
38	TRUE	16
4863	TRUE	16
472	TRUE	16
160140	TRUE	12
143888	TRUE	15
23086	TRUE	14
1662	TRUE	16
399947	FALSE	0
85463	TRUE	16
5962	TRUE	16
2230	TRUE	16
57569	TRUE	2
341032	TRUE	4
399948	TRUE	5
120376	TRUE	5
100616330	FALSE	0
5450	TRUE	2
54766	FALSE	0
100132078	FALSE	0
644277	FALSE	0
407041	FALSE	0
407042	FALSE	0
399949	FALSE	0
143903	TRUE	6
23235	TRUE	16
5519	TRUE	16
79796	TRUE	16
91893	TRUE	16
64776	TRUE	16
1410	TRUE	2
100528019	FALSE	0
3316	FALSE	0
91894	FALSE	0
85458	TRUE	16
1737	TRUE	16
120379	TRUE	15
55216	TRUE	16
26521	TRUE	16
6392	TRUE	16
3606	TRUE	13
56158	FALSE	1
83875	TRUE	10
5805	TRUE	16
349633	FALSE	0
283140	TRUE	3
101928823	FALSE	0
387810	FALSE	0
101928847	FALSE	0
4684	TRUE	7
100288346	FALSE	0
54970	TRUE	16
255239	FALSE	1
1813	TRUE	4
100422855	FALSE	0
80975	TRUE	6
9183	TRUE	16
644672	FALSE	0
57646	TRUE	16
9177	FALSE	0
3359	TRUE	3
7704	TRUE	2
4837	TRUE	4
101928940	FALSE	0
54494	TRUE	16
10179	TRUE	16
25996	TRUE	16
120400	FALSE	0
54827	FALSE	0
120406	TRUE	2
23705	TRUE	8
283143	FALSE	0
84811	TRUE	16
8882	TRUE	16
116519	FALSE	0
337	FALSE	0
345	FALSE	0
335	FALSE	1
104326055	FALSE	0
23387	TRUE	16
5049	TRUE	16
51092	TRUE	16
100652768	TRUE	15
6876	TRUE	16
9159	TRUE	16
257160	TRUE	16
23621	TRUE	16
100379571	TRUE	16
22897	TRUE	16
57453	TRUE	6
486	FALSE	0
100533181	FALSE	0
53826	TRUE	6
84000	TRUE	10
3587	TRUE	8
100526771	FALSE	0
56649	TRUE	8
6330	FALSE	1
6327	FALSE	0
120425	FALSE	0
196264	TRUE	16
10205	TRUE	15
916	FALSE	0
915	FALSE	0
917	FALSE	0
9354	TRUE	16
100131626	FALSE	0
10632	TRUE	16
4297	TRUE	16
101929089	TRUE	2
143941	TRUE	3
84866	TRUE	15
56912	TRUE	16
372	TRUE	16
23187	TRUE	16
102466719	FALSE	0
11181	FALSE	1
1656	TRUE	16
643	FALSE	1
283149	TRUE	16
100616376	FALSE	0
7379	TRUE	13
283150	FALSE	0
338657	TRUE	16
649946	TRUE	7
6230	TRUE	16
51399	TRUE	16
100500840	FALSE	0
2542	TRUE	16
10525	TRUE	16
55823	TRUE	16
3145	TRUE	16
3014	TRUE	16
1798	TRUE	16
9854	TRUE	16
25988	TRUE	16
64137	TRUE	3
79671	TRUE	16
79849	FALSE	1
283152	TRUE	16
867	TRUE	16
4162	TRUE	15
102465453	FALSE	0
105369590	FALSE	1
79102	TRUE	16
83552	FALSE	0
114902	FALSE	0
9099	TRUE	15
100499227	TRUE	15
7070	TRUE	2
5818	TRUE	16
102724301	TRUE	3
23650	TRUE	12
220323	TRUE	14
25833	TRUE	8
649133	FALSE	0
219902	TRUE	14
23365	TRUE	16
2900	TRUE	2
101929227	FALSE	0
219899	TRUE	16
7007	TRUE	9
6309	TRUE	16
6653	TRUE	16
105369535	FALSE	0
399959	TRUE	9
406911	FALSE	0
414899	FALSE	1
406882	FALSE	0
406892	FALSE	0
100189294	FALSE	0
84959	TRUE	16
56253	FALSE	1
79864	TRUE	16
390259	FALSE	0
341056	FALSE	0
3312	TRUE	16
85391	TRUE	6
85390	TRUE	3
85389	FALSE	1
79827	TRUE	11
57476	TRUE	11
100616319	FALSE	0
55800	TRUE	10
7753	TRUE	16
390260	FALSE	0
390261	FALSE	0
338661	FALSE	0
338662	FALSE	0
219875	FALSE	0
219874	FALSE	0
219873	FALSE	0
390264	FALSE	0
219870	FALSE	0
219869	FALSE	0
390265	FALSE	0
4013	TRUE	11
26492	FALSE	0
219865	FALSE	0
26494	FALSE	0
283159	FALSE	0
283160	FALSE	0
26595	FALSE	0
390271	FALSE	0
283162	FALSE	0
26493	FALSE	0
219858	FALSE	0
390275	FALSE	0
116337	FALSE	0
84897	TRUE	16
54414	TRUE	16
53340	TRUE	16
4900	TRUE	15
23584	TRUE	5
90952	TRUE	16
101929340	TRUE	14
79684	TRUE	16
100507283	TRUE	14
64221	TRUE	14
54538	TRUE	4
220296	FALSE	0
641654	FALSE	0
80071	TRUE	14
219855	TRUE	13
219854	TRUE	16
103695364	FALSE	0
63876	TRUE	2
9638	TRUE	6
403312	FALSE	0
9538	TRUE	16
3703	TRUE	16
1111	TRUE	16
56	TRUE	9
160065	FALSE	0
399967	TRUE	4
100169851	FALSE	0
399968	FALSE	0
219844	TRUE	16
83480	TRUE	16
29118	TRUE	6
338667	FALSE	0
50937	TRUE	16
105369591	FALSE	0
84881	TRUE	16
79607	TRUE	16
6734	TRUE	16
55572	TRUE	16
114609	TRUE	16
28960	TRUE	16
399972	TRUE	16
6484	TRUE	16
84623	TRUE	9
101929427	FALSE	0
100874251	FALSE	0
100422918	FALSE	0
283165	FALSE	0
101929473	FALSE	0
101929497	FALSE	0
2113	TRUE	16
102466104	FALSE	0
101929517	FALSE	0
2313	TRUE	7
100507392	TRUE	6
3758	FALSE	0
3762	TRUE	2
219833	TRUE	14
63970	TRUE	2
9743	TRUE	16
8538	TRUE	14
101929557	FALSE	0
120224	TRUE	15
4798	TRUE	16
56980	TRUE	16
440072	FALSE	1
334	TRUE	16
6768	TRUE	16
29068	TRUE	16
11095	FALSE	0
170689	TRUE	13
102466873	FALSE	0
283171	TRUE	3
100507431	TRUE	7
103611081	TRUE	16
399979	TRUE	16
50863	TRUE	2
101929653	FALSE	0
101929637	FALSE	0
100874281	FALSE	0
4978	FALSE	0
646522	FALSE	0
219938	FALSE	0
283174	TRUE	16
100616119	FALSE	0
22997	TRUE	16
100128239	TRUE	2
83700	TRUE	16
23310	TRUE	16
112936	TRUE	16
29087	TRUE	16
27034	TRUE	16
112937	FALSE	0
89944	TRUE	16
27087	TRUE	7
283177	FALSE	0
100288778	TRUE	11
677784	FALSE	0
440073	TRUE	4
574538	FALSE	0
6539	TRUE	8
101929384	FALSE	0
6540	TRUE	4
102723544	FALSE	0
5927	TRUE	16
84318	TRUE	16
283358	TRUE	14
4815	TRUE	16
100049716	TRUE	16
65125	TRUE	16
5893	TRUE	16
23085	TRUE	16
100292680	TRUE	6
81029	TRUE	14
144699	TRUE	16
100500816	FALSE	0
79602	TRUE	16
93589	TRUE	12
654429	TRUE	2
100271702	FALSE	0
196513	TRUE	14
775	TRUE	5
100874369	FALSE	0
100874234	FALSE	0
100874370	FALSE	0
100874235	FALSE	0
100652846	FALSE	0
283440	FALSE	0
2288	TRUE	16
55846	TRUE	16
83714	TRUE	16
100507424	TRUE	11
101929469	TRUE	6
2305	TRUE	16
83695	TRUE	16
7289	TRUE	16
7004	TRUE	16
10867	TRUE	16
56341	FALSE	0
100129223	FALSE	0
84766	TRUE	14
57097	TRUE	16
103752584	FALSE	0
894	TRUE	9
57103	TRUE	16
8074	FALSE	0
2251	FALSE	0
57102	TRUE	16
10635	TRUE	16
8798	TRUE	16
10566	TRUE	11
4704	TRUE	16
101929549	FALSE	0
26290	FALSE	0
3742	FALSE	0
3736	FALSE	0
3741	FALSE	0
101929584	FALSE	0
4908	TRUE	4
57101	TRUE	2
7450	TRUE	8
928	TRUE	16
55200	TRUE	16
7132	TRUE	16
6337	TRUE	16
4055	TRUE	16
678655	TRUE	16
939	FALSE	1
55080	TRUE	16
6843	TRUE	16
51258	TRUE	16
9918	TRUE	16
692148	TRUE	6
2597	TRUE	16
25900	TRUE	8
4839	TRUE	16
1108	TRUE	16
677780	FALSE	0
57121	TRUE	10
84519	TRUE	8
51147	TRUE	16
171017	TRUE	16
196500	TRUE	7
50813	TRUE	16
8079	TRUE	16
5763	TRUE	16
3902	TRUE	7
920	TRUE	3
27239	TRUE	4
10536	TRUE	10
2784	TRUE	11
83461	TRUE	16
8078	TRUE	16
7167	TRUE	16
84727	TRUE	16
283345	TRUE	16
171220	TRUE	16
10233	TRUE	16
2026	TRUE	16
1822	TRUE	16
113246	TRUE	16
100147744	FALSE	0
5777	TRUE	16
406985	FALSE	0
406933	FALSE	0
11331	TRUE	16
677777	TRUE	16
10436	TRUE	16
10162	TRUE	16
716	TRUE	10
715	TRUE	16
51279	TRUE	16
283314	TRUE	16
83758	TRUE	15
9746	TRUE	16
5830	TRUE	16
341392	TRUE	6
283316	TRUE	11
9332	FALSE	0
339	FALSE	0
9573	FALSE	0
359787	FALSE	0
170482	FALSE	0
360030	FALSE	0
79923	FALSE	0
144195	TRUE	4
6515	TRUE	8
55810	TRUE	16
719	FALSE	0
25977	TRUE	16
50856	TRUE	3
642559	FALSE	0
440077	FALSE	0
440078	TRUE	10
55138	TRUE	5
653113	TRUE	14
101927905	TRUE	6
389634	FALSE	0
93978	FALSE	0
338339	FALSE	0
26253	FALSE	0
57379	FALSE	0
8076	TRUE	3
57494	TRUE	14
144568	TRUE	10
1911	TRUE	16
4074	TRUE	16
10219	TRUE	8
253128	FALSE	0
144571	TRUE	3
2	TRUE	5
5858	FALSE	0
3	FALSE	0
100422872	TRUE	16
100499405	TRUE	16
642846	TRUE	16
101930452	FALSE	0
101928030	FALSE	0
728715	TRUE	11
105369647	TRUE	6
440081	TRUE	16
105376678	TRUE	3
408186	TRUE	8
3820	FALSE	0
374443	TRUE	15
105369728	FALSE	0
29121	TRUE	16
160365	FALSE	0
969	TRUE	4
51348	TRUE	2
9976	TRUE	12
100431172	FALSE	0
387836	FALSE	0
100506159	FALSE	0
160364	FALSE	0
51266	FALSE	0
387837	FALSE	0
102724020	FALSE	0
283420	FALSE	0
51267	FALSE	0
64581	TRUE	9
4973	TRUE	6
120939	TRUE	2
23710	TRUE	16
3824	FALSE	0
101928100	TRUE	11
22914	FALSE	0
100528032	FALSE	0
8302	FALSE	0
3823	TRUE	5
3822	TRUE	4
3821	FALSE	0
10748	TRUE	11
55110	TRUE	16
55359	TRUE	15
8531	TRUE	16
105369660	TRUE	9
101928162	FALSE	0
50837	FALSE	0
50836	FALSE	0
50835	FALSE	0
50839	FALSE	0
11272	FALSE	0
100533464	FALSE	0
5554	FALSE	0
50838	FALSE	0
5555	FALSE	0
50840	FALSE	0
259296	FALSE	0
259295	FALSE	0
259294	FALSE	0
259290	FALSE	0
259292	FALSE	0
259289	FALSE	0
259293	FALSE	0
100129361	TRUE	3
353164	FALSE	0
5544	FALSE	0
5545	FALSE	0
5542	FALSE	0
653247	FALSE	0
338817	TRUE	7
2120	TRUE	16
79370	TRUE	9
100506248	TRUE	15
103504734	FALSE	0
4040	TRUE	16
54682	TRUE	16
503693	TRUE	12
118426	TRUE	16
80824	TRUE	16
1389	TRUE	16
2842	TRUE	16
1027	TRUE	16
81575	TRUE	16
693198	FALSE	0
51202	TRUE	16
387841	TRUE	16
9052	TRUE	16
693199	TRUE	16
55507	TRUE	16
50865	TRUE	16
100506314	TRUE	16
93164	TRUE	16
57613	TRUE	16
83445	TRUE	2
2012	TRUE	16
283422	TRUE	8
2904	FALSE	0
55729	TRUE	16
79887	TRUE	16
101928290	TRUE	16
2984	TRUE	16
105369669	TRUE	14
121504	TRUE	13
55766	TRUE	16
144608	TRUE	16
51729	TRUE	16
440087	TRUE	2
420	FALSE	1
4256	TRUE	6
121506	TRUE	10
397	TRUE	13
5149	FALSE	0
101928340	FALSE	0
85004	TRUE	9
100873980	FALSE	0
5800	FALSE	0
2059	TRUE	16
11171	TRUE	16
51071	TRUE	16
729025	FALSE	0
4257	TRUE	16
55885	TRUE	3
102724196	TRUE	4
728622	FALSE	0
100616279	FALSE	0
79785	FALSE	0
5288	TRUE	5
89869	FALSE	0
93661	FALSE	0
54477	TRUE	16
121536	TRUE	16
100506393	FALSE	0
5139	TRUE	5
53919	FALSE	0
28234	TRUE	13
338821	TRUE	11
10599	TRUE	4
6579	FALSE	0
3375	FALSE	0
79912	TRUE	16
5965	TRUE	16
51026	TRUE	16
80763	TRUE	4
2998	TRUE	4
3945	TRUE	15
3764	FALSE	1
10060	TRUE	2
55907	TRUE	16
6489	TRUE	2
9847	TRUE	16
55500	TRUE	16
101928441	TRUE	2
6660	TRUE	6
100126320	FALSE	0
101928471	FALSE	0
144360	FALSE	0
586	TRUE	16
102724371	FALSE	0
196415	FALSE	0
645177	FALSE	0
4033	TRUE	6
55259	TRUE	5
144363	TRUE	16
3845	TRUE	16
160492	TRUE	2
100422897	FALSE	0
100506451	TRUE	14
11228	TRUE	16
79365	TRUE	16
8082	TRUE	16
3709	TRUE	16
55726	TRUE	16
26127	TRUE	16
51768	TRUE	16
9412	TRUE	16
728858	FALSE	0
23012	TRUE	16
56938	TRUE	16
101928646	TRUE	2
341346	TRUE	12
8496	TRUE	16
387849	TRUE	9
60488	TRUE	16
100287284	FALSE	0
57542	TRUE	16
5744	TRUE	14
55297	TRUE	16
55711	TRUE	16
100506606	TRUE	7
51290	TRUE	16
101055625	FALSE	0
341350	TRUE	2
83857	TRUE	10
10526	TRUE	16
65981	TRUE	16
100287314	TRUE	16
441631	TRUE	8
100506660	TRUE	16
1663	TRUE	16
144203	FALSE	1
58516	TRUE	16
79857	FALSE	0
160518	TRUE	16
100874249	TRUE	2
254013	TRUE	16
196394	TRUE	16
440093	TRUE	2
55196	TRUE	16
636	TRUE	16
121512	TRUE	16
10059	TRUE	16
51067	TRUE	16
5318	TRUE	16
341359	FALSE	0
84920	TRUE	16
105369729	FALSE	0
144245	TRUE	16
144402	TRUE	15
55605	TRUE	16
225	FALSE	1
283461	FALSE	0
114134	TRUE	16
120892	TRUE	4
283463	FALSE	0
1272	TRUE	2
29951	FALSE	0
283464	TRUE	16
10138	TRUE	16
85437	TRUE	16
102467003	FALSE	0
51535	TRUE	16
144165	TRUE	13
101927058	FALSE	0
80070	FALSE	0
83448	TRUE	16
51135	TRUE	16
5756	TRUE	16
84216	TRUE	15
4753	TRUE	7
440097	FALSE	0
83956	FALSE	0
51054	TRUE	16
196527	TRUE	16
400027	TRUE	16
196528	TRUE	16
9169	TRUE	16
105369970	FALSE	1
81539	TRUE	16
54407	TRUE	16
100288798	TRUE	16
55089	TRUE	10
347902	TRUE	15
91523	TRUE	11
100616486	FALSE	0
100233209	FALSE	0
100616478	FALSE	0
79657	TRUE	16
8909	TRUE	3
10411	TRUE	16
55652	TRUE	16
51564	TRUE	16
7421	TRUE	16
79022	TRUE	16
1280	TRUE	2
29843	TRUE	16
5213	TRUE	16
102466657	FALSE	0
140461	TRUE	16
387856	TRUE	9
121275	FALSE	0
341567	FALSE	0
121274	TRUE	16
121273	TRUE	2
23519	FALSE	0
341568	FALSE	0
3906	FALSE	0
54934	TRUE	16
677815	FALSE	0
100302221	FALSE	0
677793	FALSE	0
677794	FALSE	0
904	TRUE	16
255411	FALSE	1
112	TRUE	16
100616262	FALSE	0
100506125	TRUE	10
784	TRUE	16
9416	TRUE	16
27289	TRUE	16
85478	TRUE	8
51303	TRUE	16
377	TRUE	16
7480	TRUE	13
7471	FALSE	0
23109	TRUE	16
5571	TRUE	16
8085	TRUE	16
121268	TRUE	16
50846	TRUE	2
55716	TRUE	16
10376	TRUE	16
7846	TRUE	16
84790	TRUE	16
101927267	TRUE	10
5630	TRUE	9
10024	TRUE	16
338761	TRUE	7
79962	TRUE	16
65244	TRUE	16
100335030	TRUE	6
23416	TRUE	13
10445	TRUE	16
84070	TRUE	14
25766	TRUE	16
91010	TRUE	16
7009	TRUE	16
57701	TRUE	15
100286844	TRUE	14
144233	TRUE	16
23017	FALSE	1
283332	FALSE	0
101927292	FALSE	0
359	TRUE	3
101927318	TRUE	8
362	TRUE	8
363	TRUE	2
102723963	FALSE	0
29127	TRUE	16
41	TRUE	16
6602	TRUE	16
2819	TRUE	8
84987	TRUE	16
91012	TRUE	16
51474	TRUE	16
100302220	FALSE	0
121006	FALSE	0
113251	TRUE	16
57609	TRUE	16
466	TRUE	16
283471	FALSE	0
25840	TRUE	13
613227	FALSE	0
4891	TRUE	16
25875	TRUE	16
81566	TRUE	16
7024	TRUE	16
5463	TRUE	15
9802	TRUE	16
57228	TRUE	16
51411	FALSE	1
1990	FALSE	0
11226	TRUE	16
9498	TRUE	10
6334	TRUE	16
401720	TRUE	3
105369971	FALSE	0
341405	FALSE	0
94	TRUE	2
91	TRUE	16
160622	TRUE	9
3164	TRUE	16
60673	TRUE	16
26628	FALSE	0
144501	TRUE	16
283403	FALSE	0
283404	TRUE	4
3855	TRUE	16
3892	TRUE	14
3887	TRUE	10
3889	FALSE	1
3891	TRUE	2
3890	FALSE	0
3888	FALSE	1
9119	TRUE	4
3854	TRUE	7
286887	FALSE	0
3853	TRUE	7
3852	TRUE	4
112802	FALSE	0
121391	FALSE	0
140807	FALSE	0
319101	FALSE	0
100127967	FALSE	0
3849	FALSE	0
3848	FALSE	0
374454	FALSE	1
51350	FALSE	0
3850	TRUE	5
3851	TRUE	5
338785	FALSE	0
196374	TRUE	4
3856	TRUE	16
3875	TRUE	16
1975	TRUE	16
283335	TRUE	16
23371	TRUE	16
102466193	FALSE	0
84926	TRUE	16
3489	TRUE	16
8435	TRUE	9
51380	TRUE	16
283337	TRUE	16
3695	TRUE	10
5916	TRUE	16
84975	TRUE	16
9700	TRUE	16
5204	TRUE	16
60314	TRUE	16
8086	TRUE	16
121340	FALSE	0
6667	TRUE	16
269	FALSE	0
54458	TRUE	16
5094	TRUE	16
102157401	FALSE	0
7786	TRUE	16
6895	TRUE	16
8620	TRUE	10
11016	TRUE	16
100652999	FALSE	0
517	TRUE	16
57658	TRUE	16
102216268	FALSE	0
100874366	TRUE	4
3229	TRUE	10
3228	TRUE	2
100124700	TRUE	6
3227	TRUE	6
100874365	TRUE	7
3226	TRUE	11
406973	FALSE	0
100874364	TRUE	9
100874363	TRUE	8
3225	TRUE	8
3224	TRUE	12
3223	TRUE	12
3221	TRUE	12
3222	TRUE	10
693200	FALSE	0
440101	TRUE	6
100240735	TRUE	6
100240734	TRUE	2
400043	TRUE	8
23583	TRUE	16
23468	TRUE	16
100616400	FALSE	0
3178	TRUE	16
4778	TRUE	6
22818	TRUE	16
442892	FALSE	0
53831	FALSE	0
102724050	FALSE	0
25946	TRUE	16
3678	TRUE	16
121355	FALSE	0
3071	FALSE	0
5153	FALSE	0
5502	FALSE	1
644076	FALSE	0
90070	FALSE	0
117159	FALSE	0
118430	TRUE	2
9840	FALSE	0
58158	FALSE	0
441639	FALSE	0
121364	FALSE	0
254783	FALSE	0
283365	FALSE	0
390321	FALSE	0
254786	FALSE	0
390323	FALSE	0
403282	FALSE	0
390326	FALSE	0
341416	FALSE	0
390327	FALSE	0
403284	FALSE	0
341418	FALSE	0
121129	FALSE	0
121130	FALSE	0
196410	TRUE	8
3679	TRUE	15
100528022	FALSE	0
2647	TRUE	16
5959	TRUE	5
967	TRUE	16
10220	TRUE	16
84324	TRUE	16
29095	TRUE	16
85406	TRUE	16
440104	TRUE	16
4327	TRUE	4
84305	TRUE	16
102724112	TRUE	16
1606	TRUE	16
6490	TRUE	14
1017	TRUE	16
5869	TRUE	16
6821	TRUE	16
64375	TRUE	16
6231	TRUE	16
2065	TRUE	16
5036	TRUE	16
6171	TRUE	16
84872	TRUE	16
23344	TRUE	16
140465	TRUE	16
4637	TRUE	16
6601	TRUE	16
100189152	FALSE	0
10193	TRUE	16
79035	TRUE	16
283375	TRUE	3
283373	TRUE	16
93058	TRUE	16
1431	TRUE	16
10330	TRUE	16
9924	TRUE	16
51561	TRUE	14
6773	TRUE	16
319	FALSE	0
8914	TRUE	16
4284	TRUE	2
283377	TRUE	16
27165	TRUE	16
5939	TRUE	16
11176	TRUE	16
506	TRUE	16
692090	FALSE	0
26789	FALSE	0
10728	TRUE	16
4666	TRUE	16
5557	TRUE	16
8630	TRUE	14
121214	FALSE	0
8608	TRUE	3
11318	FALSE	0
9880	TRUE	16
6866	TRUE	2
4640	TRUE	5
23306	TRUE	16
4665	TRUE	16
6778	TRUE	16
4035	TRUE	16
100302201	FALSE	0
11247	TRUE	15
6472	TRUE	16
56901	TRUE	12
246329	TRUE	12
22864	TRUE	16
3626	TRUE	2
83729	TRUE	12
2735	TRUE	12
64333	TRUE	5
4141	TRUE	16
102465454	TRUE	2
1649	TRUE	16
693201	TRUE	8
114785	TRUE	16
10540	TRUE	16
3798	TRUE	8
79837	TRUE	16
196403	TRUE	14
115557	TRUE	13
101927583	FALSE	0
65012	TRUE	10
2583	TRUE	12
10956	TRUE	16
116986	TRUE	13
100130776	TRUE	16
6302	TRUE	16
1019	TRUE	16
102466729	TRUE	5
92979	TRUE	16
1594	TRUE	14
4234	TRUE	16
25895	TRUE	16
10102	TRUE	16
10677	TRUE	16
10106	TRUE	16
407016	FALSE	0
100506844	TRUE	13
91419	TRUE	4
105369972	FALSE	0
101927653	FALSE	0
100506869	FALSE	0
121227	TRUE	15
9194	TRUE	14
338811	TRUE	13
9958	TRUE	16
102465133	FALSE	0
23041	TRUE	16
283416	TRUE	16
406891	TRUE	5
57460	TRUE	16
552	TRUE	4
283417	TRUE	10
10329	TRUE	16
104169670	FALSE	0
57522	TRUE	16
144577	TRUE	16
115749	TRUE	9
11260	TRUE	16
29110	TRUE	16
283349	TRUE	16
100500856	FALSE	0
693129	FALSE	0
2799	TRUE	16
23329	TRUE	16
400046	FALSE	0
11197	FALSE	0
23592	TRUE	16
253827	TRUE	14
100507065	FALSE	1
105369187	FALSE	0
204010	TRUE	5
8091	TRUE	15
100129940	TRUE	8
102464827	FALSE	0
84298	TRUE	16
103625681	TRUE	10
51643	TRUE	16
11213	TRUE	12
102465249	FALSE	0
92797	TRUE	16
23426	TRUE	14
102724421	FALSE	0
55832	TRUE	16
100507175	FALSE	0
8445	TRUE	16
101927901	FALSE	0
101927922	FALSE	0
100885789	FALSE	0
3458	FALSE	0
55801	FALSE	0
50616	FALSE	0
56890	TRUE	16
100507195	FALSE	1
5908	TRUE	16
100379132	FALSE	0
100507250	TRUE	11
57122	TRUE	16
55508	TRUE	16
100130075	FALSE	0
4193	TRUE	16
1368	TRUE	14
11052	TRUE	16
100302182	FALSE	0
4069	TRUE	11
8089	TRUE	16
10818	TRUE	16
100500903	FALSE	0
100500868	FALSE	0
10576	TRUE	16
376132	FALSE	0
144453	TRUE	5
101928002	FALSE	0
117177	TRUE	16
196446	TRUE	5
101928062	TRUE	14
4848	TRUE	16
27345	TRUE	16
5787	TRUE	12
5801	TRUE	12
7103	TRUE	11
8549	TRUE	6
105369834	FALSE	0
196441	TRUE	16
83591	TRUE	16
55266	TRUE	16
23011	TRUE	16
64786	TRUE	16
729633	FALSE	0
121278	FALSE	0
283392	TRUE	8
29953	TRUE	10
101928137	FALSE	0
100507377	FALSE	1
552889	TRUE	16
3747	FALSE	0
84698	TRUE	16
256710	TRUE	11
144321	TRUE	10
11010	TRUE	16
11103	TRUE	16
22822	TRUE	16
4673	TRUE	16
79738	TRUE	16
114882	TRUE	16
23390	TRUE	16
1466	TRUE	15
144455	TRUE	16
89795	TRUE	13
6857	TRUE	11
100302136	FALSE	0
5074	TRUE	16
4659	TRUE	16
283310	TRUE	6
105369868	FALSE	0
105378254	FALSE	0
374462	TRUE	2
4618	FALSE	0
4617	FALSE	0
101928420	FALSE	0
8825	TRUE	2
693202	FALSE	0
693203	FALSE	0
105369869	FALSE	0
79611	FALSE	0
100616133	FALSE	0
8499	TRUE	6
102724663	FALSE	0
101928449	FALSE	0
29080	TRUE	16
84190	TRUE	16
160335	TRUE	16
55117	TRUE	2
144448	FALSE	0
84125	TRUE	4
8092	TRUE	4
9182	TRUE	6
4922	TRUE	6
25834	TRUE	2
400058	FALSE	0
160419	FALSE	0
91298	TRUE	16
80184	TRUE	16
160418	TRUE	16
4254	TRUE	14
728084	FALSE	0
1848	TRUE	15
105369889	TRUE	11
282809	TRUE	16
8693	TRUE	16
100528030	FALSE	0
102724782	FALSE	1
490	TRUE	16
338758	TRUE	15
439916	FALSE	0
196477	FALSE	0
1833	FALSE	0
11081	FALSE	0
4060	TRUE	6
1634	TRUE	2
256021	TRUE	3
694	TRUE	16
101930023	FALSE	0
574016	FALSE	0
574028	FALSE	0
338809	FALSE	0
440107	FALSE	1
8411	TRUE	16
643339	TRUE	8
102724933	FALSE	0
11163	TRUE	16
7334	TRUE	16
28977	TRUE	16
144481	TRUE	7
8835	TRUE	16
8738	TRUE	16
101928731	FALSE	0
10154	TRUE	16
51134	TRUE	16
144486	TRUE	16
100847031	FALSE	0
57458	TRUE	16
102465834	FALSE	0
105369914	TRUE	8
574449	FALSE	0
160313	FALSE	0
55967	TRUE	16
7181	TRUE	16
55785	TRUE	16
55591	TRUE	16
442903	FALSE	0
100500802	FALSE	1
10988	TRUE	16
84101	TRUE	2
100132594	FALSE	0
59277	TRUE	14
6636	TRUE	16
120935	TRUE	2
144193	TRUE	9
3034	TRUE	5
4048	TRUE	16
100189239	FALSE	0
2004	TRUE	16
5128	TRUE	16
144535	TRUE	12
121441	TRUE	16
196475	FALSE	0
100302289	FALSE	0
406926	FALSE	0
643711	FALSE	0
100873757	FALSE	0
100616287	FALSE	0
100422924	FALSE	0
121456	TRUE	8
643770	TRUE	5
100189207	FALSE	0
100189171	FALSE	0
100128191	TRUE	16
7112	TRUE	16
5250	TRUE	16
677832	FALSE	1
121457	TRUE	16
317	TRUE	16
56899	TRUE	5
101928937	FALSE	0
196472	FALSE	0
23074	TRUE	16
55592	TRUE	16
100302217	FALSE	0
64431	TRUE	16
120863	TRUE	16
55681	TRUE	16
246213	FALSE	0
9971	FALSE	0
283431	TRUE	16
121601	TRUE	2
160728	FALSE	0
27340	TRUE	16
400	TRUE	16
121599	FALSE	0
4604	FALSE	0
56994	TRUE	12
50511	TRUE	3
79158	TRUE	16
101929005	TRUE	2
55332	TRUE	16
51019	TRUE	16
79023	TRUE	16
55010	TRUE	16
5367	TRUE	2
3479	FALSE	1
283432	FALSE	0
5053	TRUE	2
429	TRUE	3
374470	TRUE	2
101929058	FALSE	0
101929084	FALSE	0
55576	TRUE	4
51559	TRUE	16
253724	TRUE	12
7184	TRUE	16
100500842	FALSE	0
728568	TRUE	16
6996	TRUE	16
83468	TRUE	12
29915	TRUE	16
4801	TRUE	16
7296	TRUE	16
493861	TRUE	13
50515	TRUE	16
100500843	FALSE	0
84102	TRUE	16
121053	TRUE	16
160428	TRUE	13
414300	TRUE	2
23325	TRUE	16
55198	TRUE	16
387882	TRUE	16
101929110	TRUE	2
9891	TRUE	15
10970	TRUE	16
255394	TRUE	16
55703	TRUE	16
100287944	FALSE	0
5992	FALSE	0
100505978	FALSE	0
55188	TRUE	16
90488	TRUE	16
80298	TRUE	16
1407	TRUE	16
121551	TRUE	8
11137	TRUE	16
11108	TRUE	16
101929162	TRUE	2
121549	FALSE	0
728739	FALSE	0
9671	TRUE	6
1240	FALSE	0
102723562	FALSE	0
11153	TRUE	16
9733	TRUE	16
23479	TRUE	16
338773	FALSE	0
6404	TRUE	10
100616240	FALSE	0
23603	TRUE	16
54434	TRUE	16
693204	FALSE	0
1610	FALSE	0
55530	FALSE	1
84749	TRUE	16
100131733	TRUE	4
121642	TRUE	16
7374	TRUE	16
32	TRUE	14
121643	TRUE	2
101928138	FALSE	0
283446	FALSE	0
83892	TRUE	16
89910	TRUE	16
326625	TRUE	16
4598	TRUE	16
84915	TRUE	16
84983	TRUE	6
59341	TRUE	13
100616454	FALSE	0
51228	TRUE	16
84260	TRUE	16
9815	TRUE	16
88455	TRUE	16
400073	TRUE	16
28981	TRUE	16
488	TRUE	16
51434	TRUE	16
10094	TRUE	16
51184	TRUE	16
29902	TRUE	16
51699	TRUE	16
144715	TRUE	16
160760	TRUE	16
79600	TRUE	16
84329	TRUE	5
5501	TRUE	16
160762	FALSE	1
4633	FALSE	0
100131138	FALSE	0
23316	TRUE	2
102465455	FALSE	0
144717	TRUE	16
10019	TRUE	16
6311	TRUE	16
8315	TRUE	16
80724	TRUE	16
217	TRUE	16
102465456	FALSE	0
51275	TRUE	16
8550	TRUE	16
89894	TRUE	16
8759	TRUE	16
10961	TRUE	16
80018	TRUE	16
100500889	FALSE	0
10906	TRUE	16
283450	TRUE	16
102465519	FALSE	0
6128	TRUE	16
5781	TRUE	16
100302227	FALSE	0
22895	FALSE	0
4938	TRUE	16
4940	TRUE	16
4939	TRUE	16
1840	TRUE	6
8437	TRUE	9
387885	TRUE	2
79039	TRUE	16
102466222	FALSE	0
84934	TRUE	16
115811	TRUE	16
53373	TRUE	16
102465457	FALSE	0
80024	TRUE	16
196463	TRUE	16
10993	FALSE	0
113675	TRUE	16
64211	TRUE	8
104355219	TRUE	2
100506465	TRUE	7
9904	TRUE	16
6910	FALSE	0
105369997	FALSE	0
255480	FALSE	0
6926	TRUE	9
23389	TRUE	16
693205	FALSE	0
100616309	FALSE	0
100287569	TRUE	6
643246	TRUE	16
79794	TRUE	16
84900	TRUE	16
8739	TRUE	10
26259	TRUE	16
100506551	TRUE	2
54997	TRUE	9
101928244	FALSE	0
23014	TRUE	16
4842	FALSE	0
283455	TRUE	12
5985	TRUE	16
55884	TRUE	16
54621	TRUE	16
5037	TRUE	16
51347	TRUE	16
64426	TRUE	16
84530	TRUE	2
26353	TRUE	12
144742	FALSE	0
160777	TRUE	2
387890	TRUE	2
5564	TRUE	16
11113	TRUE	16
100302274	FALSE	0
92558	TRUE	16
11021	TRUE	16
10985	TRUE	16
100616179	FALSE	0
6175	TRUE	16
100506649	TRUE	16
5829	TRUE	16
26834	TRUE	2
23409	TRUE	12
26835	FALSE	0
5319	FALSE	0
4440	TRUE	7
1337	TRUE	16
51499	TRUE	16
283459	TRUE	16
8683	TRUE	16
8655	TRUE	16
100506668	TRUE	16
84274	TRUE	16
9921	TRUE	16
51367	TRUE	16
9478	TRUE	7
9761	TRUE	16
84747	TRUE	16
100616329	FALSE	0
35	TRUE	16
121665	TRUE	16
283460	TRUE	2
6927	TRUE	16
64897	TRUE	16
8638	TRUE	16
5027	FALSE	0
5025	TRUE	16
10645	TRUE	16
51433	TRUE	16
80196	TRUE	16
84678	TRUE	16
102465665	FALSE	0
84876	TRUE	16
283385	TRUE	11
144404	TRUE	16
54509	TRUE	16
338799	TRUE	16
23067	TRUE	16
3242	TRUE	13
5715	TRUE	16
144406	TRUE	15
605	TRUE	16
22877	TRUE	16
254050	TRUE	8
386653	FALSE	0
79369	TRUE	14
56616	TRUE	16
101593348	TRUE	13
65082	TRUE	16
6249	TRUE	16
100507066	TRUE	13
55596	TRUE	16
65117	TRUE	16
9735	TRUE	16
338442	TRUE	6
8843	TRUE	6
27198	TRUE	9
8562	TRUE	16
84660	TRUE	10
9026	TRUE	16
79720	TRUE	16
23457	TRUE	16
79676	TRUE	16
51329	TRUE	16
57605	TRUE	16
100422931	FALSE	0
100507091	FALSE	0
10198	TRUE	16
91574	TRUE	16
8099	TRUE	16
55206	TRUE	16
100293704	TRUE	11
102466877	FALSE	0
387893	TRUE	16
196383	TRUE	16
11066	TRUE	16
353116	TRUE	16
100500909	FALSE	0
101927415	TRUE	9
10959	TRUE	16
57696	TRUE	16
1967	TRUE	16
2967	TRUE	16
79867	TRUE	16
23545	TRUE	16
196385	TRUE	4
80212	TRUE	16
144348	TRUE	16
100533183	FALSE	0
144347	FALSE	0
105370045	TRUE	8
9612	TRUE	16
102466204	FALSE	0
949	TRUE	16
7316	TRUE	16
100847004	FALSE	0
100189232	FALSE	0
100189343	FALSE	0
100009606	FALSE	0
100189347	FALSE	0
100189339	FALSE	0
57647	TRUE	16
140707	TRUE	16
102659353	TRUE	16
65985	TRUE	16
114795	TRUE	5
400084	FALSE	1
101927464	FALSE	0
105370059	FALSE	0
100128554	FALSE	1
100996671	FALSE	0
387895	TRUE	8
100507206	FALSE	0
440117	FALSE	0
101927592	FALSE	0
101927616	FALSE	0
101927637	FALSE	0
400087	FALSE	0
104472718	FALSE	0
100862680	FALSE	0
100996679	FALSE	0
101927694	FALSE	0
100616298	FALSE	0
92293	FALSE	0
100500817	FALSE	0
121260	TRUE	16
144423	FALSE	0
121256	FALSE	0
283352	FALSE	0
101927735	FALSE	0
100190940	TRUE	2
440119	FALSE	0
11211	FALSE	0
9271	FALSE	0
23504	TRUE	3
2054	TRUE	16
5901	TRUE	16
283383	TRUE	3
116437	FALSE	0
338797	FALSE	0
100996701	FALSE	0
6433	TRUE	16
4326	TRUE	11
8408	TRUE	16
80324	TRUE	16
57634	TRUE	16
677829	FALSE	0
347918	TRUE	16
317781	TRUE	16
79050	TRUE	16
50614	TRUE	14
100130238	TRUE	12
101928416	FALSE	0
100129528	FALSE	0
57666	TRUE	16
100996573	TRUE	16
102465975	FALSE	0
100507055	FALSE	0
22953	TRUE	10
5426	TRUE	16
5827	TRUE	16
192111	TRUE	16
23141	TRUE	16
2802	TRUE	16
55743	TRUE	16
101928530	TRUE	5
100289635	TRUE	16
7574	TRUE	16
101928597	FALSE	0
7637	TRUE	16
7699	TRUE	16
101060200	TRUE	16
7556	TRUE	16
10795	TRUE	16
647589	FALSE	0
26080	FALSE	0
100874164	FALSE	0
284232	FALSE	0
100873763	FALSE	0
100873777	FALSE	0
100652856	FALSE	0
105370098	FALSE	0
105377819	FALSE	0
348021	FALSE	0
100873761	FALSE	0
7278	FALSE	0
101928697	FALSE	0
100101938	FALSE	0
100287114	FALSE	0
93492	FALSE	0
54737	TRUE	16
55269	TRUE	16
9205	TRUE	16
7750	TRUE	16
104355137	FALSE	0
2700	TRUE	14
2706	TRUE	16
10804	TRUE	10
51084	TRUE	16
100616304	FALSE	0
8100	TRUE	16
53342	TRUE	16
221143	TRUE	16
64328	TRUE	16
101930748	FALSE	0
26524	TRUE	16
10284	TRUE	16
221150	TRUE	16
78988	TRUE	16
103689843	FALSE	0
101928764	TRUE	3
650794	TRUE	13
100652865	FALSE	1
253832	TRUE	16
221154	TRUE	16
100873767	FALSE	0
2254	TRUE	4
100874182	FALSE	0
100506622	TRUE	2
646201	FALSE	0
6445	FALSE	0
100873766	FALSE	0
26278	TRUE	16
100506680	FALSE	0
100506697	FALSE	0
55504	TRUE	8
4285	TRUE	16
542767	TRUE	3
387911	FALSE	0
400110	FALSE	0
221178	TRUE	16
100313842	FALSE	0
100874231	FALSE	0
338872	FALSE	0
143	TRUE	16
105370295	TRUE	3
101927375	TRUE	2
374491	FALSE	1
479	FALSE	0
56163	TRUE	11
55835	TRUE	16
646405	TRUE	4
5042	TRUE	16
219287	FALSE	0
101928922	FALSE	0
102723318	FALSE	0
9107	TRUE	16
9818	TRUE	16
51761	TRUE	3
100873778	FALSE	0
387914	TRUE	10
6049	TRUE	16
1024	TRUE	16
10810	TRUE	13
2835	FALSE	0
219333	TRUE	16
100874070	FALSE	0
100874071	TRUE	6
102723332	FALSE	0
6144	TRUE	16
26771	TRUE	12
619499	TRUE	8
387496	TRUE	14
2971	TRUE	16
219402	TRUE	16
100873768	FALSE	0
222484	TRUE	16
51082	TRUE	16
219409	FALSE	0
100861550	TRUE	6
3651	TRUE	12
432369	TRUE	6
1045	TRUE	13
646625	FALSE	0
2322	FALSE	0
255967	TRUE	16
100288730	FALSE	1
100873781	FALSE	0
2321	TRUE	6
51371	TRUE	16
283537	TRUE	14
100873762	FALSE	0
23281	TRUE	6
100874107	FALSE	0
6541	TRUE	16
5412	TRUE	16
100874059	FALSE	0
100861573	FALSE	0
440131	FALSE	0
84056	TRUE	16
100873769	FALSE	0
100188949	FALSE	0
103724387	TRUE	2
3146	TRUE	16
10208	TRUE	16
100189036	FALSE	0
241	TRUE	4
100874158	FALSE	0
440132	FALSE	0
100507064	FALSE	0
84935	FALSE	1
122046	FALSE	0
10808	TRUE	16
145173	TRUE	16
122042	FALSE	0
196549	TRUE	6
100507099	FALSE	0
10129	TRUE	8
646799	FALSE	0
675	TRUE	16
90634	TRUE	15
10443	TRUE	16
100462953	FALSE	0
116828	TRUE	7
23047	TRUE	16
100874167	FALSE	0
101927403	FALSE	0
9365	TRUE	8
90627	TRUE	16
100874241	FALSE	0
5983	TRUE	16
100874179	TRUE	2
26960	TRUE	14
4081	FALSE	0
9201	TRUE	7
100526761	FALSE	0
54937	FALSE	0
728591	FALSE	1
100873774	FALSE	0
23111	TRUE	8
100507135	FALSE	0
8900	TRUE	2
400120	FALSE	0
4093	TRUE	11
5994	TRUE	16
29880	TRUE	16
11340	TRUE	16
55578	TRUE	16
122011	FALSE	0
103695431	FALSE	0
400121	FALSE	0
10631	TRUE	5
7223	TRUE	7
100874188	TRUE	7
51569	TRUE	16
101929121	FALSE	0
100874147	FALSE	0
341640	TRUE	8
100873764	FALSE	0
161003	FALSE	0
80209	TRUE	16
387921	TRUE	16
10186	TRUE	11
105370296	FALSE	0
57511	TRUE	16
100422940	FALSE	0
105370172	TRUE	2
100874127	FALSE	0
400123	FALSE	0
646982	FALSE	0
2308	TRUE	16
100313896	FALSE	0
10240	TRUE	16
10166	TRUE	16
100616668	TRUE	10
693206	FALSE	0
283507	TRUE	6
1997	TRUE	16
100189333	FALSE	0
11193	TRUE	16
100422878	FALSE	0
89890	TRUE	16
101929140	TRUE	13
84078	TRUE	16
9617	TRUE	16
79612	TRUE	16
100873765	FALSE	0
100506759	FALSE	0
28984	TRUE	12
23078	TRUE	16
100847026	FALSE	0
100507240	TRUE	3
160851	TRUE	16
11215	TRUE	16
8600	TRUE	2
144809	FALSE	0
103689845	FALSE	0
104355147	FALSE	0
94240	TRUE	11
29103	TRUE	14
100874159	FALSE	1
55068	TRUE	10
100874130	FALSE	0
160857	TRUE	16
144811	TRUE	16
121838	FALSE	0
101929212	TRUE	8
79024	FALSE	0
100874377	FALSE	0
102465876	FALSE	0
105370297	FALSE	1
387923	TRUE	2
400128	TRUE	2
8848	TRUE	16
641467	TRUE	16
144817	FALSE	0
100189030	FALSE	0
26747	TRUE	16
55425	TRUE	16
101929259	FALSE	0
2963	TRUE	16
100873773	FALSE	0
386618	FALSE	0
7178	TRUE	16
677814	FALSE	0
100190939	TRUE	16
253512	TRUE	16
100874259	FALSE	0
83548	TRUE	16
220081	FALSE	0
103752581	FALSE	0
220082	TRUE	6
283514	FALSE	1
23091	TRUE	16
100509894	TRUE	4
1361	FALSE	1
3936	TRUE	15
220416	FALSE	0
100861554	FALSE	0
80183	FALSE	1
100873772	FALSE	0
101929344	FALSE	0
23143	TRUE	16
2098	TRUE	16
3356	FALSE	0
100874082	FALSE	0
100861549	TRUE	5
8803	TRUE	16
101929410	TRUE	3
55270	TRUE	16
29079	TRUE	16
100873965	FALSE	0
9445	TRUE	16
100862704	FALSE	0
5925	TRUE	16
10161	TRUE	6
1102	TRUE	16
100129597	FALSE	0
57105	FALSE	0
22862	TRUE	16
2862	TRUE	2
81602	TRUE	16
81617	TRUE	16
83852	TRUE	16
51131	TRUE	16
55213	TRUE	16
115761	FALSE	0
84650	TRUE	16
3839	TRUE	16
220429	FALSE	0
57213	TRUE	16
8847	TRUE	16
100500908	FALSE	0
10206	TRUE	16
283518	TRUE	8
406950	FALSE	0
406948	FALSE	0
10301	TRUE	16
145165	TRUE	16
103689915	FALSE	0
220107	TRUE	13
100874074	FALSE	1
100874255	TRUE	8
79621	TRUE	16
2974	TRUE	16
647166	FALSE	0
220108	TRUE	7
647174	FALSE	1
100847003	FALSE	0
26512	TRUE	16
100507398	TRUE	12
100616423	FALSE	0
115825	TRUE	16
79758	TRUE	16
283521	FALSE	0
83446	FALSE	0
540	TRUE	16
440138	TRUE	16
9724	TRUE	16
341676	TRUE	5
101929657	FALSE	0
4752	TRUE	15
100887750	TRUE	16
103191607	FALSE	0
55901	TRUE	11
51028	TRUE	16
26586	TRUE	16
220115	FALSE	0
144983	TRUE	16
10910	TRUE	16
11061	FALSE	0
100313778	FALSE	0
5100	FALSE	0
10562	TRUE	4
102723875	FALSE	0
100861552	FALSE	0
100507428	FALSE	0
100302187	FALSE	0
100846996	FALSE	0
122183	FALSE	0
729233	FALSE	0
729240	FALSE	0
729246	FALSE	0
729250	FALSE	0
27253	FALSE	1
101926897	FALSE	0
81624	TRUE	16
100874195	FALSE	0
100874196	FALSE	0
100874169	FALSE	0
81550	TRUE	16
101926930	FALSE	0
100422973	FALSE	0
64881	TRUE	7
101926951	FALSE	0
100874143	FALSE	0
103752583	FALSE	0
100874176	FALSE	0
104355293	TRUE	2
100874157	FALSE	0
283491	FALSE	0
100873780	FALSE	0
102723968	FALSE	0
101927016	FALSE	0
100616302	FALSE	0
100616205	FALSE	0
5101	TRUE	11
100874064	FALSE	0
100874086	FALSE	0
100874087	FALSE	0
100874145	FALSE	0
338862	FALSE	0
103689913	FALSE	0
57626	FALSE	0
6315	FALSE	0
100885781	FALSE	0
1602	TRUE	15
440145	TRUE	16
79866	TRUE	16
22894	TRUE	16
10464	TRUE	16
100873779	FALSE	0
688	TRUE	16
100873770	FALSE	0
100874155	FALSE	0
11278	TRUE	15
100874151	FALSE	0
338864	FALSE	0
647288	FALSE	0
9882	TRUE	16
170622	TRUE	16
7347	TRUE	16
101927155	TRUE	2
4008	TRUE	16
729420	FALSE	0
104326189	FALSE	0
115207	TRUE	15
690	FALSE	0
730249	FALSE	0
1203	TRUE	16
26224	TRUE	16
23077	TRUE	16
100874212	FALSE	0
8796	TRUE	12
104355296	FALSE	0
100129307	FALSE	0
122060	TRUE	13
100500861	FALSE	0
100505518	FALSE	0
1910	FALSE	0
101927176	FALSE	0
100874175	FALSE	0
100874222	FALSE	0
5457	FALSE	1
79596	TRUE	16
100874126	FALSE	0
64062	TRUE	16
100505538	TRUE	14
100874208	FALSE	0
54602	TRUE	16
103724388	FALSE	1
102724076	FALSE	0
101927195	FALSE	0
101515984	TRUE	2
101927216	FALSE	0
10253	TRUE	16
103724386	FALSE	0
100861546	FALSE	0
100873771	FALSE	0
114798	TRUE	2
105370288	FALSE	0
100874128	FALSE	0
104355140	FALSE	0
100874137	FALSE	0
100873775	FALSE	0
84189	TRUE	14
642345	FALSE	1
100616182	FALSE	0
26050	TRUE	5
101930749	TRUE	6
100874168	FALSE	0
100874172	FALSE	0
100874139	FALSE	0
100874187	FALSE	0
693207	FALSE	0
101927224	TRUE	2
100873776	FALSE	0
144776	FALSE	0
101930747	FALSE	0
100874150	FALSE	0
407975	TRUE	15
406952	FALSE	0
406953	FALSE	0
406979	FALSE	0
406982	FALSE	0
406980	FALSE	0
407048	FALSE	0
2262	TRUE	2
100873970	FALSE	0
100847092	FALSE	0
100873969	TRUE	2
104326053	FALSE	0
10082	TRUE	6
100873973	FALSE	0
100873972	FALSE	0
1638	TRUE	3
100189251	FALSE	0
23483	TRUE	16
160897	TRUE	16
101927248	FALSE	1
11166	TRUE	8
105376685	TRUE	8
100507533	TRUE	8
101927284	FALSE	0
100861544	FALSE	0
10257	TRUE	16
9071	TRUE	7
100874194	TRUE	7
22873	TRUE	12
5611	TRUE	16
55757	TRUE	16
105370367	FALSE	0
266722	TRUE	5
100616137	FALSE	0
100887754	FALSE	1
27199	TRUE	2
10150	TRUE	16
103625683	FALSE	1
5911	TRUE	16
3843	TRUE	16
10160	TRUE	16
140432	FALSE	0
100422881	FALSE	0
8428	TRUE	16
6564	TRUE	12
23348	TRUE	16
100874096	FALSE	0
100873782	FALSE	0
100861541	TRUE	14
100289373	TRUE	15
337867	TRUE	16
2841	FALSE	0
1880	FALSE	0
100131561	FALSE	0
693208	FALSE	0
102725509	TRUE	16
9375	TRUE	16
104355149	FALSE	0
171425	TRUE	15
100422861	FALSE	0
100874063	FALSE	0
101927465	FALSE	0
101927437	FALSE	0
85416	TRUE	14
7546	TRUE	16
100861542	FALSE	0
5095	TRUE	16
100885777	FALSE	0
87769	TRUE	14
84899	TRUE	16
105370368	TRUE	8
100885778	FALSE	0
100874161	FALSE	0
259232	TRUE	10
9358	TRUE	14
2259	TRUE	7
100616110	FALSE	0
100616239	FALSE	0
283480	FALSE	1
100874081	FALSE	0
283481	TRUE	4
7174	TRUE	16
196541	FALSE	0
643677	FALSE	0
93081	TRUE	16
79070	TRUE	16
54841	TRUE	16
100533467	FALSE	0
2073	TRUE	16
121952	FALSE	0
6555	FALSE	0
104326190	FALSE	0
282706	FALSE	0
267012	FALSE	0
144920	FALSE	0
728192	TRUE	6
1948	TRUE	16
55082	TRUE	16
283483	FALSE	0
100874173	FALSE	1
728215	TRUE	8
100302286	FALSE	0
100874375	FALSE	0
3981	TRUE	16
84945	TRUE	16
10673	TRUE	9
23026	TRUE	11
100885782	TRUE	5
104326054	FALSE	0
101409253	FALSE	0
8660	TRUE	16
104355146	FALSE	0
1282	TRUE	15
1284	TRUE	16
102465872	FALSE	0
100874203	FALSE	1
55647	TRUE	16
55739	TRUE	16
79587	TRUE	16
105376684	TRUE	9
3621	TRUE	16
105370362	FALSE	0
283487	TRUE	16
55608	TRUE	16
104355135	TRUE	9
101927802	FALSE	0
8874	TRUE	16
100874226	FALSE	0
101060553	TRUE	2
121793	FALSE	0
105370369	FALSE	0
101928616	FALSE	0
100505996	FALSE	0
105378193	FALSE	0
6656	FALSE	0
101928698	FALSE	0
101928730	FALSE	0
104266956	FALSE	0
122258	FALSE	0
10426	TRUE	16
400165	FALSE	0
23250	TRUE	16
105370374	FALSE	0
100874205	FALSE	0
105378192	FALSE	0
23263	TRUE	13
100289410	TRUE	4
2155	FALSE	1
2159	TRUE	6
104413892	FALSE	0
102724474	TRUE	11
8858	TRUE	5
55795	TRUE	16
8451	TRUE	16
102465874	FALSE	0
3916	TRUE	16
79774	TRUE	16
100874068	FALSE	0
101928841	TRUE	13
113622	TRUE	16
55208	TRUE	16
55002	TRUE	16
7027	TRUE	16
496	FALSE	1
6011	FALSE	0
105377805	FALSE	0
100130386	FALSE	0
348013	TRUE	13
650669	TRUE	6
2621	TRUE	16
100506394	TRUE	12
643365	FALSE	0
100861555	TRUE	6
100507747	TRUE	7
22821	TRUE	16
105377808	FALSE	0
101929355	FALSE	0
8881	TRUE	16
100847035	FALSE	0
100616227	FALSE	0
65110	TRUE	16
283489	TRUE	16
104355150	FALSE	0
440153	FALSE	0
642426	FALSE	0
641455	TRUE	2
100508046	FALSE	0
642477	TRUE	16
414763	FALSE	1
503639	TRUE	16
101101776	FALSE	0
404785	FALSE	1
101929572	FALSE	0
79334	FALSE	0
441669	FALSE	0
441670	FALSE	0
390429	FALSE	0
390431	FALSE	0
79544	FALSE	0
79317	FALSE	0
81127	FALSE	0
122740	FALSE	0
390433	FALSE	0
122742	FALSE	0
390436	FALSE	0
390437	FALSE	0
390439	FALSE	0
122748	FALSE	0
390442	FALSE	0
91875	TRUE	16
57820	TRUE	16
100113391	FALSE	0
85495	TRUE	16
10038	TRUE	16
7011	TRUE	16
123103	TRUE	2
55644	TRUE	16
328	TRUE	16
90809	TRUE	16
4860	TRUE	16
338879	FALSE	0
390443	FALSE	0
122651	FALSE	0
254028	FALSE	0
493901	FALSE	0
7217	FALSE	0
7207	FALSE	0
7218	FALSE	0
7237	FALSE	0
100189151	FALSE	0
100189419	FALSE	0
100189286	FALSE	0
341799	FALSE	0
100189424	FALSE	0
100189405	FALSE	0
100009601	FALSE	0
100009602	FALSE	0
100189263	FALSE	0
100189001	FALSE	0
100189088	FALSE	0
283	TRUE	14
6038	TRUE	16
10876	FALSE	0
64184	FALSE	0
6039	FALSE	0
6035	TRUE	8
6037	FALSE	0
643332	FALSE	0
6036	FALSE	0
64745	TRUE	16
101929718	TRUE	4
29986	FALSE	1
57447	TRUE	8
102465428	FALSE	0
122664	FALSE	0
440163	FALSE	0
84659	TRUE	3
122665	FALSE	0
55701	TRUE	16
51222	TRUE	16
643382	TRUE	7
390445	FALSE	0
283624	TRUE	16
3183	TRUE	16
57096	TRUE	2
11198	TRUE	16
57680	TRUE	16
692053	FALSE	0
319103	FALSE	0
84932	TRUE	16
9878	TRUE	16
56339	TRUE	16
6297	TRUE	11
26533	FALSE	0
28693	FALSE	0
26534	FALSE	0
28692	FALSE	0
26686	FALSE	0
28691	FALSE	0
28690	FALSE	0
28689	FALSE	0
28688	FALSE	0
6956	FALSE	0
28686	FALSE	0
28685	FALSE	0
28678	FALSE	0
28676	FALSE	0
28674	FALSE	0
28684	FALSE	0
28683	FALSE	0
28671	FALSE	0
28673	FALSE	0
28682	FALSE	0
28670	TRUE	2
28669	FALSE	0
28677	FALSE	0
28672	FALSE	0
28680	FALSE	0
28667	FALSE	0
28666	FALSE	0
28665	FALSE	0
28664	FALSE	0
28663	FALSE	0
28662	FALSE	0
28661	FALSE	0
28660	FALSE	0
28518	FALSE	0
28659	FALSE	0
28658	FALSE	0
28657	FALSE	0
28679	FALSE	0
28655	TRUE	2
28653	FALSE	0
28652	TRUE	2
28656	FALSE	0
28648	FALSE	0
28647	FALSE	0
28646	FALSE	0
28644	TRUE	2
28643	FALSE	0
28642	TRUE	4
28641	FALSE	0
28640	FALSE	1
28517	FALSE	0
28525	FALSE	0
28524	FALSE	0
28523	FALSE	0
28522	FALSE	0
28519	FALSE	0
28521	FALSE	0
28520	FALSE	0
28526	FALSE	0
28516	FALSE	0
28694	FALSE	0
28696	FALSE	0
28697	FALSE	0
28698	FALSE	0
28699	FALSE	0
28701	FALSE	0
28702	FALSE	0
28703	FALSE	0
28705	FALSE	0
28706	FALSE	0
28707	FALSE	0
28708	FALSE	0
28709	FALSE	0
28710	FALSE	0
28711	FALSE	0
28712	FALSE	0
28713	FALSE	0
28714	FALSE	0
28715	FALSE	0
28716	FALSE	0
28717	FALSE	0
28718	FALSE	0
28719	FALSE	0
28720	FALSE	0
28721	FALSE	0
28722	FALSE	0
28723	FALSE	0
28724	FALSE	0
28725	FALSE	0
28726	FALSE	0
28727	FALSE	0
28728	FALSE	0
28729	FALSE	0
28730	FALSE	0
28731	FALSE	0
28732	FALSE	0
28733	FALSE	0
28734	FALSE	0
28735	FALSE	0
28736	FALSE	0
28737	FALSE	0
28738	FALSE	0
28739	FALSE	0
28740	FALSE	0
28741	FALSE	0
28742	FALSE	0
28743	FALSE	0
28744	FALSE	0
28745	FALSE	0
28746	FALSE	0
28747	FALSE	0
28748	FALSE	0
28749	FALSE	0
28750	FALSE	0
28751	FALSE	0
28752	FALSE	0
28753	FALSE	0
28754	FALSE	0
28755	FALSE	0
105370399	FALSE	0
1603	TRUE	16
63874	TRUE	16
5018	TRUE	16
9056	TRUE	14
122704	TRUE	16
4323	TRUE	15
26020	TRUE	16
161253	TRUE	5
55147	TRUE	16
100505758	FALSE	1
10419	TRUE	16
101926933	FALSE	0
100189243	FALSE	0
54930	TRUE	16
100616424	FALSE	0
84962	TRUE	16
60686	TRUE	16
5693	TRUE	16
122706	FALSE	0
64403	TRUE	16
105370705	TRUE	3
22985	TRUE	16
55017	TRUE	16
1053	FALSE	0
23428	TRUE	13
100507650	TRUE	6
57594	TRUE	16
90673	TRUE	16
105378176	TRUE	15
599	TRUE	16
100529063	TRUE	4
8106	TRUE	16
51310	TRUE	9
10278	FALSE	0
64806	FALSE	0
116173	FALSE	0
4624	FALSE	0
406990	FALSE	0
4625	FALSE	0
104564225	FALSE	0
100126336	FALSE	0
25983	TRUE	16
79178	TRUE	16
85446	TRUE	16
8906	TRUE	16
102724814	TRUE	16
84502	FALSE	0
10202	TRUE	16
55449	TRUE	16
10901	TRUE	16
317749	TRUE	16
728635	TRUE	12
90668	TRUE	10
9362	FALSE	0
4901	TRUE	16
5106	TRUE	16
80344	TRUE	16
161247	TRUE	2
5720	TRUE	16
51016	TRUE	16
5721	TRUE	16
102465801	FALSE	0
55072	TRUE	16
10379	TRUE	16
9985	TRUE	16
79711	TRUE	16
10548	TRUE	16
283629	TRUE	15
29082	TRUE	16
145553	TRUE	16
100528064	FALSE	0
4738	TRUE	16
51292	TRUE	16
26277	TRUE	16
7051	TRUE	12
5875	TRUE	16
115817	TRUE	16
161424	TRUE	16
27141	FALSE	0
56413	TRUE	16
1241	TRUE	16
196883	TRUE	6
11035	TRUE	8
4776	TRUE	12
57523	TRUE	13
23351	TRUE	16
643866	TRUE	15
56948	TRUE	16
101927045	TRUE	16
1215	FALSE	0
1511	FALSE	0
2999	FALSE	0
3002	FALSE	0
29091	TRUE	10
4857	TRUE	6
101927062	FALSE	0
102724890	FALSE	0
101927081	FALSE	0
100423019	FALSE	0
100505967	FALSE	0
100422830	FALSE	0
103695363	TRUE	2
2290	FALSE	0
387978	FALSE	0
5587	TRUE	8
55632	TRUE	16
23256	TRUE	16
1690	TRUE	12
100506071	FALSE	0
29966	TRUE	16
693209	FALSE	0
11154	TRUE	16
25831	TRUE	16
25938	TRUE	16
101927124	TRUE	6
112487	TRUE	16
2856	FALSE	0
80224	TRUE	16
84837	TRUE	16
394	TRUE	16
101954275	FALSE	0
101954278	TRUE	14
9472	TRUE	16
64067	TRUE	5
112399	TRUE	15
171546	TRUE	16
55837	TRUE	16
26865	FALSE	0
26866	FALSE	0
58533	TRUE	16
1073	TRUE	16
11177	TRUE	16
280655	FALSE	1
6729	TRUE	16
283635	TRUE	16
101927178	FALSE	0
55012	TRUE	16
9692	TRUE	16
5687	TRUE	16
4792	TRUE	16
84684	TRUE	2
253959	TRUE	16
84312	TRUE	16
101101773	FALSE	0
100886964	FALSE	0
102723418	FALSE	1
51562	TRUE	16
253970	FALSE	0
7080	TRUE	6
100506237	TRUE	3
26257	TRUE	6
5083	TRUE	9
89874	TRUE	11
100616280	FALSE	0
100129794	TRUE	12
145282	TRUE	16
3169	TRUE	16
319089	TRUE	13
6751	TRUE	2
161198	FALSE	0
102723503	FALSE	0
283547	TRUE	4
10484	TRUE	16
8487	TRUE	16
122553	TRUE	16
5411	TRUE	16
117153	TRUE	8
4253	TRUE	16
100288846	FALSE	0
254170	TRUE	16
644919	TRUE	4
145581	TRUE	5
84075	FALSE	0
122525	TRUE	16
101927418	FALSE	0
54813	TRUE	16
23116	TRUE	16
55015	TRUE	16
100113389	FALSE	0
2287	TRUE	16
57697	TRUE	16
55320	TRUE	16
100506412	FALSE	0
140801	FALSE	0
161357	TRUE	2
100500919	FALSE	0
100506433	TRUE	2
6235	TRUE	16
6029	TRUE	16
122769	TRUE	16
6166	TRUE	16
4247	TRUE	16
55172	TRUE	16
5427	TRUE	16
122773	TRUE	15
23588	TRUE	16
9147	TRUE	16
378706	TRUE	16
382	TRUE	16
102464828	FALSE	0
283551	TRUE	16
100506499	TRUE	12
196913	FALSE	0
79609	TRUE	16
6655	TRUE	16
79944	TRUE	16
100616261	FALSE	0
27109	TRUE	16
8814	TRUE	16
11183	TRUE	16
51062	TRUE	16
60485	TRUE	16
51199	TRUE	16
145447	TRUE	4
5836	TRUE	15
114088	TRUE	13
81542	TRUE	16
283553	FALSE	0
100874185	FALSE	0
122786	TRUE	16
145438	TRUE	15
54331	TRUE	8
102723604	FALSE	0
51637	TRUE	16
22795	TRUE	16
5729	FALSE	0
5732	TRUE	5
57544	TRUE	16
283554	TRUE	16
30001	TRUE	16
5706	TRUE	16
6815	TRUE	16
64841	TRUE	16
10979	TRUE	16
80821	TRUE	16
101927620	FALSE	0
100847076	FALSE	0
652	TRUE	10
1033	TRUE	16
10175	TRUE	16
2764	TRUE	16
10668	TRUE	16
23034	TRUE	16
2643	TRUE	16
100422984	FALSE	0
11169	TRUE	16
122809	TRUE	16
93487	TRUE	16
3958	TRUE	16
9787	TRUE	16
55030	TRUE	16
22863	TRUE	16
387332	FALSE	0
100129075	TRUE	16
3895	TRUE	16
645683	FALSE	0
645687	TRUE	3
57161	TRUE	10
54916	TRUE	16
5015	FALSE	0
100309464	FALSE	0
10640	TRUE	16
55745	TRUE	16
122830	TRUE	16
55195	TRUE	2
341880	FALSE	0
145407	TRUE	5
55860	TRUE	16
100189107	FALSE	0
5684	TRUE	16
379025	TRUE	16
5926	TRUE	16
387990	FALSE	1
26520	TRUE	16
9786	TRUE	16
51339	TRUE	3
102723742	FALSE	0
23002	TRUE	16
64582	TRUE	16
112849	TRUE	16
51528	TRUE	16
729665	FALSE	0
6252	TRUE	2
100847088	FALSE	0
341883	TRUE	2
64430	TRUE	16
51635	TRUE	16
5494	TRUE	16
317761	TRUE	2
4990	FALSE	0
105378189	TRUE	7
104548971	FALSE	0
6495	TRUE	16
51804	TRUE	16
4331	TRUE	16
57570	TRUE	16
145389	TRUE	16
161291	TRUE	12
5583	TRUE	16
101927780	TRUE	9
400221	TRUE	9
100750246	FALSE	0
3091	TRUE	16
100750247	FALSE	0
6617	TRUE	16
83851	TRUE	6
646113	FALSE	1
101954204	FALSE	0
27133	TRUE	3
57381	TRUE	2
122876	FALSE	0
5529	TRUE	16
112840	TRUE	16
81537	TRUE	16
23224	TRUE	16
100313830	FALSE	0
2100	TRUE	16
441687	FALSE	1
4522	TRUE	16
7597	TRUE	16
9495	TRUE	16
22890	TRUE	16
102723809	FALSE	0
3306	TRUE	16
145376	TRUE	16
26030	TRUE	16
6710	TRUE	16
102465841	FALSE	0
100529261	FALSE	0
91612	TRUE	16
2877	TRUE	12
376267	TRUE	16
2342	TRUE	16
4149	TRUE	16
100616490	FALSE	0
100506321	FALSE	0
100128233	TRUE	2
100616176	FALSE	0
645431	TRUE	9
2530	TRUE	16
693210	FALSE	0
101927878	FALSE	0
440184	FALSE	0
10243	TRUE	16
161142	TRUE	4
64398	TRUE	16
51382	TRUE	16
1965	TRUE	16
26499	TRUE	15
100847064	FALSE	0
161145	TRUE	13
57475	TRUE	16
5283	TRUE	16
384	TRUE	16
10490	TRUE	16
51109	TRUE	16
145226	TRUE	6
23503	TRUE	16
5890	TRUE	16
100996664	TRUE	7
677	TRUE	16
105370548	TRUE	8
87	TRUE	16
161159	FALSE	1
8816	TRUE	16
55218	TRUE	16
57452	TRUE	4
2079	TRUE	16
55334	TRUE	16
105370551	FALSE	0
400224	TRUE	4
56936	FALSE	0
9766	TRUE	16
100289511	TRUE	11
6430	TRUE	16
6554	FALSE	0
64093	TRUE	5
6547	FALSE	0
145241	FALSE	0
51241	TRUE	16
100529257	FALSE	0
105370554	FALSE	0
55333	TRUE	16
8747	TRUE	11
317760	FALSE	0
8748	FALSE	0
10001	TRUE	16
101928075	FALSE	0
23508	TRUE	14
103695436	TRUE	9
4293	TRUE	16
22990	TRUE	16
105370706	FALSE	0
26037	TRUE	16
319139	FALSE	0
145474	FALSE	0
9628	TRUE	7
102465832	FALSE	0
8110	TRUE	7
26094	TRUE	16
100189359	FALSE	1
53349	TRUE	16
58517	TRUE	16
5663	TRUE	16
89932	TRUE	15
101928123	TRUE	6
8650	TRUE	16
101928143	TRUE	2
399671	TRUE	10
79697	TRUE	16
641371	TRUE	16
10965	TRUE	16
122970	TRUE	15
641372	TRUE	4
83544	TRUE	16
9240	TRUE	16
91748	TRUE	16
100616158	FALSE	0
100506476	TRUE	13
145482	TRUE	16
57862	TRUE	16
145483	TRUE	16
51004	TRUE	16
957	TRUE	16
80127	TRUE	14
4329	TRUE	16
91750	TRUE	16
338917	FALSE	0
5826	TRUE	16
55237	TRUE	4
646658	FALSE	0
10577	TRUE	16
100616211	FALSE	0
122961	TRUE	16
4053	TRUE	16
9870	TRUE	16
51077	TRUE	16
56252	TRUE	16
283571	TRUE	14
1743	TRUE	16
83694	TRUE	16
5228	TRUE	12
8892	TRUE	16
27030	TRUE	16
97	TRUE	16
79696	TRUE	16
91754	TRUE	16
10972	TRUE	16
2353	TRUE	16
731223	TRUE	7
101928377	TRUE	10
122953	TRUE	16
10538	TRUE	8
102724153	FALSE	0
55640	TRUE	14
102465753	FALSE	0
11161	TRUE	16
23093	TRUE	16
7043	TRUE	16
112752	TRUE	16
55668	TRUE	16
2103	FALSE	0
22846	TRUE	11
100506603	TRUE	16
23357	TRUE	16
145497	FALSE	0
64207	TRUE	16
105370579	TRUE	14
283575	FALSE	1
102724190	FALSE	0
85457	TRUE	16
283576	TRUE	4
57156	TRUE	9
58157	FALSE	0
100302236	FALSE	0
29954	TRUE	16
2954	TRUE	16
283578	TRUE	16
161394	TRUE	12
122945	TRUE	14
63894	TRUE	16
10598	TRUE	16
145501	TRUE	8
9517	TRUE	16
8846	TRUE	16
81892	TRUE	16
22938	TRUE	16
283579	TRUE	2
57143	TRUE	16
9369	FALSE	0
1734	TRUE	10
100628307	FALSE	0
145508	TRUE	16
7253	FALSE	0
2957	TRUE	16
677845	FALSE	0
85439	TRUE	12
100506700	FALSE	0
6400	TRUE	16
101928559	FALSE	0
100996280	FALSE	0
23768	TRUE	11
101928767	TRUE	5
283585	FALSE	0
2581	TRUE	16
8477	TRUE	2
101928791	FALSE	0
283587	FALSE	0
54207	FALSE	1
55812	TRUE	16
11099	TRUE	16
79882	TRUE	16
161436	TRUE	16
123016	TRUE	16
1112	TRUE	16
400236	TRUE	16
29018	FALSE	0
90141	TRUE	16
55775	TRUE	16
101927029	FALSE	0
56659	TRUE	2
5700	TRUE	16
55051	TRUE	16
801	TRUE	16
400238	FALSE	0
145567	TRUE	14
101928909	FALSE	0
9252	TRUE	16
80017	TRUE	14
100124539	FALSE	0
8111	TRUE	7
440193	TRUE	16
55671	TRUE	16
79820	FALSE	0
123036	FALSE	0
10516	TRUE	7
9321	TRUE	16
4287	TRUE	16
4707	TRUE	16
53981	TRUE	16
123041	FALSE	0
105370707	TRUE	7
79890	TRUE	10
5641	TRUE	16
9950	TRUE	16
1113	TRUE	2
3705	TRUE	16
319085	FALSE	0
64112	TRUE	2
26175	TRUE	3
84520	FALSE	1
55148	TRUE	14
55727	TRUE	16
57578	TRUE	2
341947	FALSE	0
145270	FALSE	1
283592	FALSE	0
90050	FALSE	0
51676	FALSE	0
100616140	FALSE	0
256369	FALSE	0
78990	TRUE	4
57062	TRUE	16
122509	TRUE	12
3429	TRUE	8
83982	TRUE	5
57718	FALSE	0
51156	FALSE	0
866	FALSE	0
390502	FALSE	0
5265	TRUE	12
256394	FALSE	0
327657	FALSE	0
145264	FALSE	0
5267	FALSE	0
5104	TRUE	9
12	TRUE	12
388007	FALSE	0
145258	TRUE	4
23405	TRUE	16
100422981	FALSE	0
400242	TRUE	14
79789	TRUE	16
101929080	FALSE	0
79686	TRUE	11
161176	TRUE	14
105370641	TRUE	2
283596	TRUE	16
677768	FALSE	0
51218	TRUE	16
27004	FALSE	0
9623	FALSE	0
8115	FALSE	0
100507043	FALSE	0
56967	TRUE	10
624	TRUE	9
623	TRUE	6
55102	TRUE	16
51527	TRUE	16
122481	TRUE	13
730202	TRUE	14
10914	TRUE	16
7443	TRUE	16
145249	TRUE	4
101929241	FALSE	0
100129345	FALSE	0
388011	FALSE	1
283598	FALSE	0
64919	TRUE	4
84193	TRUE	16
8812	TRUE	16
317762	TRUE	16
84439	TRUE	10
10858	TRUE	2
2009	TRUE	8
51466	TRUE	6
100616247	FALSE	0
442909	FALSE	0
123099	TRUE	8
7528	TRUE	16
102466730	FALSE	0
123096	TRUE	16
442910	FALSE	0
283600	FALSE	1
7453	TRUE	16
79446	TRUE	16
57596	TRUE	12
283601	FALSE	1
8788	FALSE	0
100616495	FALSE	0
55384	TRUE	2
768222	FALSE	0
574450	FALSE	0
442905	FALSE	0
100126315	FALSE	0
388015	TRUE	2
574038	FALSE	0
574034	FALSE	0
406914	FALSE	0
574451	FALSE	0
406927	FALSE	0
79104	FALSE	1
692215	FALSE	0
442915	FALSE	0
767561	FALSE	0
767562	FALSE	0
767563	FALSE	0
767564	FALSE	0
767565	FALSE	0
767566	FALSE	0
767567	FALSE	0
767568	FALSE	0
767569	FALSE	0
767577	FALSE	0
767578	FALSE	0
767579	FALSE	0
767580	FALSE	0
767581	FALSE	0
767582	FALSE	0
767583	FALSE	0
767584	FALSE	0
767585	FALSE	0
767588	FALSE	0
101929369	FALSE	1
767589	FALSE	0
767590	FALSE	0
767591	FALSE	0
767592	FALSE	0
767593	FALSE	0
767594	FALSE	0
767595	FALSE	0
767596	FALSE	0
767597	FALSE	0
767598	FALSE	0
767599	FALSE	0
767600	FALSE	0
767603	FALSE	0
767604	FALSE	0
767605	FALSE	0
767606	FALSE	0
767608	FALSE	0
767609	FALSE	0
767610	FALSE	0
767611	FALSE	0
767612	FALSE	0
494328	FALSE	0
693121	FALSE	0
407023	FALSE	0
494329	FALSE	0
100302250	FALSE	0
442897	FALSE	0
768212	FALSE	0
574408	FALSE	0
574409	FALSE	0
574452	FALSE	0
100422837	FALSE	0
100126335	FALSE	0
574453	FALSE	0
442913	FALSE	0
664615	FALSE	0
724024	FALSE	0
574435	FALSE	0
494325	FALSE	0
100126297	FALSE	0
100302157	FALSE	0
100302209	FALSE	0
378881	FALSE	0
494330	FALSE	0
664616	FALSE	0
664612	FALSE	0
100126345	FALSE	0
664613	FALSE	0
724025	FALSE	0
619555	FALSE	0
494331	FALSE	0
406924	FALSE	0
768214	FALSE	0
574436	FALSE	0
574410	FALSE	0
406946	FALSE	0
574454	FALSE	0
494326	FALSE	0
100126308	FALSE	0
574413	FALSE	0
574433	FALSE	0
442914	FALSE	0
574434	FALSE	0
724026	FALSE	0
100507257	FALSE	0
338002	TRUE	2
64150	TRUE	5
100302145	TRUE	4
1735	TRUE	11
145200	TRUE	14
5527	TRUE	16
1778	TRUE	16
3320	TRUE	16
91833	TRUE	16
5891	TRUE	16
100189275	FALSE	0
55778	TRUE	16
51550	TRUE	16
9895	TRUE	16
122416	TRUE	16
100422954	FALSE	0
23186	TRUE	16
7187	TRUE	16
81693	TRUE	14
9578	TRUE	16
91828	TRUE	8
7127	TRUE	16
100131366	FALSE	0
1983	TRUE	16
677811	FALSE	1
4140	TRUE	16
1152	TRUE	16
115708	TRUE	16
9529	TRUE	16
84334	TRUE	16
3831	TRUE	16
7517	TRUE	16
79038	TRUE	16
23368	TRUE	16
145216	TRUE	2
9556	TRUE	16
122402	TRUE	3
647286	FALSE	0
105370691	FALSE	0
374569	TRUE	3
406986	FALSE	0
100616173	FALSE	0
105370708	TRUE	2
26153	TRUE	12
105378190	FALSE	1
400258	FALSE	0
388021	FALSE	0
100616300	FALSE	0
64423	TRUE	16
122622	TRUE	16
10572	TRUE	16
207	TRUE	16
100128927	TRUE	16
196872	TRUE	15
283638	TRUE	16
122618	FALSE	0
113146	TRUE	16
122616	TRUE	16
55038	TRUE	16
29933	TRUE	5
102723354	TRUE	11
3714	TRUE	16
102465458	FALSE	0
256281	TRUE	16
2972	TRUE	16
90135	FALSE	0
23241	TRUE	16
647310	TRUE	10
100507437	TRUE	16
9112	TRUE	16
1397	TRUE	16
105378191	TRUE	6
1396	TRUE	16
283643	TRUE	16
80757	TRUE	12
3494	FALSE	0
3497	FALSE	1
102465871	FALSE	0
3503	FALSE	0
102466889	FALSE	0
3501	FALSE	0
2003	FALSE	0
3493	FALSE	0
3500	FALSE	0
3502	FALSE	0
3495	FALSE	0
3507	FALSE	0
100616374	FALSE	0
100616135	FALSE	0
100616276	FALSE	0
100616422	FALSE	0
28475	FALSE	0
28476	FALSE	0
28477	FALSE	0
28479	FALSE	0
28480	FALSE	0
28481	FALSE	0
28483	FALSE	0
28484	FALSE	0
28506	FALSE	0
28485	FALSE	0
28489	FALSE	0
28493	FALSE	0
28497	FALSE	0
28502	FALSE	0
28507	FALSE	0
28486	FALSE	0
28490	FALSE	0
28494	FALSE	0
28498	FALSE	0
28503	FALSE	0
28508	FALSE	0
28487	FALSE	0
28491	FALSE	0
28495	FALSE	0
28499	FALSE	0
28500	FALSE	0
28504	FALSE	0
28509	FALSE	0
28488	FALSE	0
28492	FALSE	0
28496	FALSE	0
28501	FALSE	0
28505	FALSE	0
9834	FALSE	0
28510	FALSE	0
28385	FALSE	0
28377	FALSE	0
8755	FALSE	0
28474	FALSE	0
28355	FALSE	0
28473	FALSE	0
28401	FALSE	0
28457	FALSE	0
28354	FALSE	0
28353	FALSE	0
28453	FALSE	0
28452	FALSE	0
28450	FALSE	0
28352	FALSE	0
28471	FALSE	0
28449	FALSE	0
28351	FALSE	0
28470	FALSE	0
28448	FALSE	0
28376	FALSE	0
28447	FALSE	0
28350	FALSE	0
28469	FALSE	0
28468	FALSE	0
28446	FALSE	0
28445	FALSE	0
28375	FALSE	0
28444	FALSE	0
28443	FALSE	0
28374	FALSE	0
28349	FALSE	0
28442	FALSE	0
28467	FALSE	0
338004	FALSE	0
28441	FALSE	0
28348	FALSE	0
28455	FALSE	0
28347	FALSE	0
28373	FALSE	0
28383	FALSE	0
28400	FALSE	0
28372	FALSE	0
28440	FALSE	0
28439	FALSE	0
28371	FALSE	0
28438	FALSE	0
28396	FALSE	0
28370	FALSE	0
28435	FALSE	0
28434	FALSE	1
28369	FALSE	0
28395	FALSE	0
28382	FALSE	0
28432	FALSE	0
28431	FALSE	0
28430	FALSE	0
28429	FALSE	0
28346	FALSE	0
28394	FALSE	0
28381	FALSE	0
28368	FALSE	0
28428	FALSE	0
28427	FALSE	0
28426	FALSE	0
28367	FALSE	0
28345	FALSE	0
338005	FALSE	0
28337	FALSE	0
28366	FALSE	0
28466	FALSE	0
28465	FALSE	0
28425	FALSE	0
28344	FALSE	0
28424	FALSE	0
28423	FALSE	0
28364	FALSE	0
28422	FALSE	0
28388	FALSE	0
28343	FALSE	0
28363	FALSE	0
28421	FALSE	0
28420	FALSE	0
28362	FALSE	0
28419	FALSE	0
28393	FALSE	0
28380	FALSE	0
28418	FALSE	0
28464	FALSE	0
28392	FALSE	0
28417	FALSE	0
28361	FALSE	0
28391	FALSE	0
28416	FALSE	0
28360	FALSE	0
28415	FALSE	0
28414	FALSE	0
28413	FALSE	0
28359	FALSE	0
28412	FALSE	0
28463	FALSE	0
28358	FALSE	0
28342	FALSE	0
28341	FALSE	0
28340	FALSE	0
28462	FALSE	0
28461	FALSE	0
28454	FALSE	0
28411	FALSE	0
28410	FALSE	0
28409	FALSE	0
28408	FALSE	0
28357	FALSE	0
28407	FALSE	0
28406	FALSE	0
28339	FALSE	0
100847062	FALSE	0
28387	FALSE	0
28356	FALSE	0
28405	FALSE	0
28390	FALSE	0
28378	FALSE	0
28338	FALSE	0
105379210	FALSE	0
105370719	FALSE	0
646096	FALSE	0
105379211	FALSE	0
283755	TRUE	11
100996379	FALSE	0
727832	FALSE	0
729786	FALSE	0
606	FALSE	0
100422949	FALSE	0
100287399	FALSE	0
100847060	FALSE	0
348120	FALSE	0
646214	TRUE	2
646243	FALSE	0
100422844	FALSE	0
102724631	FALSE	0
100847005	FALSE	0
727924	FALSE	0
105369274	FALSE	0
102724760	FALSE	0
102724971	FALSE	0
100422935	FALSE	0
100996331	FALSE	0
440225	FALSE	0
103504741	FALSE	0
101927079	FALSE	0
390538	FALSE	0
283694	FALSE	0
390539	FALSE	0
642131	FALSE	0
101928039	TRUE	2
100302233	FALSE	0
646396	TRUE	2
390535	FALSE	1
440243	FALSE	0
100132101	FALSE	0
400322	TRUE	16
283796	FALSE	0
339005	TRUE	16
283683	TRUE	5
105379261	FALSE	1
123606	TRUE	16
81614	TRUE	16
23191	TRUE	16
114791	TRUE	16
283767	FALSE	0
100132979	FALSE	0
100616223	FALSE	0
102723534	FALSE	1
102723623	FALSE	0
653061	FALSE	0
283685	FALSE	0
100616275	FALSE	0
7681	TRUE	6
54551	FALSE	0
4692	FALSE	0
791115	FALSE	0
101928840	FALSE	0
791114	FALSE	0
23742	FALSE	0
6638	FALSE	0
8926	FALSE	0
347746	TRUE	10
91380	FALSE	0
8123	TRUE	10
347686	FALSE	0
338427	FALSE	0
338428	TRUE	6
100033413	FALSE	1
100033414	FALSE	0
100033415	FALSE	0
100033416	TRUE	9
100033417	FALSE	0
100033418	FALSE	0
100033419	FALSE	0
100033420	FALSE	0
100033421	FALSE	0
100033422	FALSE	0
100033423	FALSE	0
100033424	FALSE	0
100033425	FALSE	0
100033426	FALSE	0
100033427	FALSE	0
100033428	FALSE	0
100033429	FALSE	0
100033430	FALSE	0
727708	FALSE	0
100033431	TRUE	2
100033432	TRUE	3
100033433	TRUE	3
100033434	FALSE	0
100033435	TRUE	2
100033436	FALSE	0
100033438	FALSE	0
100033439	FALSE	0
100033820	FALSE	0
100033821	FALSE	0
100873856	FALSE	0
3653	TRUE	10
145624	FALSE	0
338433	FALSE	0
100033437	FALSE	0
100033440	FALSE	0
100033441	FALSE	0
100033442	FALSE	0
100033443	FALSE	0
100033444	FALSE	0
100033445	FALSE	0
100033446	FALSE	0
100033447	FALSE	0
100033448	FALSE	0
100033449	FALSE	0
100033450	FALSE	0
100033451	FALSE	0
100033453	FALSE	0
100033454	FALSE	0
100033455	FALSE	0
100033456	FALSE	0
100033458	FALSE	0
100033460	FALSE	0
100033603	FALSE	0
100033799	FALSE	0
347745	FALSE	0
100033800	FALSE	0
100036563	FALSE	0
100033801	FALSE	0
100033802	FALSE	0
100036564	FALSE	0
100036565	FALSE	0
100033803	FALSE	0
100033804	FALSE	0
100033805	FALSE	0
100033806	FALSE	0
100033807	FALSE	0
100033808	FALSE	0
100033809	FALSE	0
100033810	FALSE	0
100033811	FALSE	0
100033812	FALSE	0
100033813	FALSE	0
100033814	FALSE	0
100033815	FALSE	0
100033816	FALSE	0
100033817	FALSE	0
100033818	FALSE	0
100036566	FALSE	0
100873857	FALSE	0
100036567	FALSE	0
100033822	FALSE	0
338429	FALSE	0
7337	TRUE	16
57194	TRUE	2
100616474	FALSE	0
100128714	FALSE	0
100189063	FALSE	0
503519	FALSE	0
2562	TRUE	4
2558	FALSE	0
2567	FALSE	0
101928869	FALSE	0
4948	FALSE	0
8924	TRUE	16
645202	FALSE	0
100132565	FALSE	0
100616228	FALSE	0
100616382	FALSE	0
283768	FALSE	0
100996738	FALSE	0
440248	FALSE	1
653720	FALSE	0
440253	FALSE	0
100289656	FALSE	0
646278	TRUE	4
728310	TRUE	2
321	TRUE	5
23359	FALSE	0
56160	TRUE	2
7082	TRUE	16
653073	FALSE	0
89837	FALSE	0
653075	FALSE	1
26082	FALSE	0
89832	FALSE	1
101059918	FALSE	0
101060569	FALSE	1
728498	TRUE	2
101927579	FALSE	1
100288380	FALSE	1
89839	TRUE	9
100288637	TRUE	15
105370748	FALSE	0
390561	FALSE	0
22909	TRUE	16
54893	TRUE	14
4308	FALSE	0
406993	FALSE	0
102725022	FALSE	0
283710	FALSE	0
51621	TRUE	13
105370939	FALSE	0
161725	TRUE	8
105370940	FALSE	0
1139	TRUE	2
653125	TRUE	5
89838	FALSE	0
728047	TRUE	2
100653133	FALSE	0
100288615	TRUE	15
100996255	TRUE	4
101928042	FALSE	0
643699	FALSE	0
9824	TRUE	16
6447	TRUE	2
26585	FALSE	0
100131315	FALSE	0
342184	TRUE	15
100652857	FALSE	0
101928134	FALSE	0
6263	TRUE	16
57099	TRUE	16
1133	TRUE	2
56851	TRUE	16
161779	TRUE	16
79768	TRUE	16
51234	TRUE	16
9990	TRUE	16
55505	TRUE	16
256646	FALSE	0
254531	TRUE	16
23015	TRUE	16
100302160	FALSE	0
440270	TRUE	16
100422845	FALSE	0
57369	FALSE	0
101928174	FALSE	0
70	TRUE	4
9716	TRUE	16
54989	TRUE	16
723972	TRUE	16
89978	TRUE	16
100500904	FALSE	0
100507466	TRUE	8
100616293	FALSE	0
84529	TRUE	16
161635	FALSE	1
145845	FALSE	0
4212	TRUE	16
102466875	FALSE	0
145942	FALSE	1
101928227	FALSE	0
161742	TRUE	16
283742	TRUE	16
10125	TRUE	7
400359	FALSE	0
400360	FALSE	0
7057	TRUE	16
161835	TRUE	11
105370941	TRUE	2
11245	TRUE	16
440275	TRUE	16
6727	TRUE	16
100131089	TRUE	16
90427	TRUE	16
701	TRUE	16
56924	TRUE	16
644809	TRUE	4
100131244	TRUE	3
5330	TRUE	5
100505573	TRUE	16
388115	TRUE	16
644844	TRUE	9
85455	TRUE	16
90417	TRUE	16
3712	TRUE	16
22893	TRUE	16
113189	TRUE	16
90416	TRUE	16
359821	FALSE	0
27079	TRUE	16
100189229	FALSE	0
57082	TRUE	16
100505648	TRUE	16
5888	TRUE	16
55177	TRUE	16
2644	TRUE	16
55192	TRUE	16
643338	TRUE	16
84936	TRUE	16
54866	FALSE	1
6692	TRUE	15
171177	TRUE	16
57617	TRUE	16
105370943	TRUE	16
54567	TRUE	11
79094	TRUE	16
54617	TRUE	16
161829	TRUE	3
11261	TRUE	16
729082	TRUE	16
11339	TRUE	16
51203	TRUE	16
51103	TRUE	16
23168	TRUE	16
3706	TRUE	16
4058	TRUE	5
26015	TRUE	16
7301	TRUE	16
23269	TRUE	16
693211	FALSE	0
23005	TRUE	16
100137047	TRUE	16
8681	FALSE	0
100137049	FALSE	1
51332	TRUE	15
100423013	FALSE	0
30844	TRUE	16
101928363	TRUE	2
101928388	FALSE	0
123745	FALSE	0
283748	TRUE	3
255189	TRUE	13
23339	TRUE	16
693212	FALSE	0
25963	TRUE	16
2595	TRUE	16
825	TRUE	11
64397	TRUE	16
8773	TRUE	16
255252	TRUE	16
55142	TRUE	16
57519	TRUE	12
146059	TRUE	16
146057	TRUE	16
197131	TRUE	16
80021	TRUE	16
23582	TRUE	16
2038	FALSE	0
9333	FALSE	1
116179	FALSE	0
9836	TRUE	16
161823	TRUE	16
146050	TRUE	16
27229	TRUE	16
7158	TRUE	16
4130	TRUE	13
9677	TRUE	16
1159	TRUE	12
161497	FALSE	1
117155	TRUE	16
548596	TRUE	13
440278	TRUE	16
2923	TRUE	16
80237	TRUE	16
10169	TRUE	16
100529067	FALSE	0
100302254	FALSE	0
619189	TRUE	15
25764	FALSE	0
4236	TRUE	16
79968	TRUE	16
84978	TRUE	16
728758	TRUE	3
113201	TRUE	16
51496	TRUE	16
645212	TRUE	16
8669	TRUE	16
80208	TRUE	16
197135	TRUE	8
567	TRUE	16
100419583	TRUE	2
140691	FALSE	0
145645	FALSE	0
6652	TRUE	16
50506	TRUE	6
405753	TRUE	2
90527	TRUE	2
53905	TRUE	12
90525	TRUE	13
100188986	FALSE	0
100188988	FALSE	0
100189065	FALSE	0
105369153	FALSE	0
101928414	FALSE	0
9153	FALSE	1
2628	TRUE	14
79029	TRUE	16
84419	TRUE	14
100126311	FALSE	0
105376714	FALSE	1
7782	TRUE	14
283651	TRUE	5
26258	TRUE	16
58472	TRUE	16
80031	TRUE	2
101928442	FALSE	0
283652	TRUE	5
50804	TRUE	13
399697	TRUE	2
6557	FALSE	0
1854	TRUE	16
2200	TRUE	14
22995	TRUE	16
399694	TRUE	4
23741	TRUE	16
9728	TRUE	16
9318	TRUE	16
2585	TRUE	16
100306975	FALSE	0
100616332	FALSE	0
196951	TRUE	15
2252	FALSE	0
56986	TRUE	16
79895	TRUE	4
11001	TRUE	14
3067	FALSE	0
2553	TRUE	16
55056	TRUE	16
100129387	TRUE	16
100616396	FALSE	0
9101	TRUE	16
373509	FALSE	0
54822	TRUE	16
84888	TRUE	16
23431	TRUE	16
100132724	FALSE	0
388121	TRUE	6
105370815	FALSE	0
1588	TRUE	3
100616369	FALSE	0
102465855	FALSE	0
102466250	FALSE	0
342035	TRUE	10
23312	TRUE	16
29106	TRUE	6
256586	TRUE	16
29767	TRUE	16
29766	TRUE	16
100422556	FALSE	0
123169	TRUE	16
5597	TRUE	16
10017	TRUE	5
10681	TRUE	16
100129973	TRUE	10
55930	TRUE	15
100302202	FALSE	0
4644	TRUE	16
10776	TRUE	16
56204	TRUE	16
3175	TRUE	7
256764	TRUE	9
105370828	FALSE	0
440279	FALSE	0
51187	TRUE	16
5873	TRUE	16
9488	TRUE	16
9236	TRUE	16
100533483	FALSE	0
693213	FALSE	0
145788	TRUE	16
161582	TRUE	7
26108	TRUE	11
283659	TRUE	11
4734	TRUE	16
64864	TRUE	16
374618	TRUE	16
55329	TRUE	16
54816	TRUE	16
145783	TRUE	16
6938	TRUE	16
283663	TRUE	3
101928611	FALSE	0
84952	TRUE	15
145781	TRUE	12
100820829	TRUE	12
81488	TRUE	16
8854	TRUE	6
366	FALSE	0
101928635	TRUE	12
3990	TRUE	6
101928694	TRUE	2
101928668	FALSE	1
102	TRUE	16
664618	FALSE	0
54629	TRUE	16
79811	TRUE	16
54778	TRUE	16
9133	TRUE	16
4643	TRUE	16
100313886	FALSE	0
92483	FALSE	0
145773	TRUE	16
9245	TRUE	11
2958	TRUE	16
663	TRUE	16
27023	TRUE	3
302	TRUE	16
79664	TRUE	16
101928784	TRUE	13
6095	TRUE	15
100996876	FALSE	0
101928850	FALSE	0
100506530	FALSE	0
54832	TRUE	16
145741	TRUE	9
388125	TRUE	3
105370849	TRUE	2
102465869	FALSE	0
102464834	FALSE	0
83660	TRUE	16
197003	FALSE	0
406965	FALSE	0
7168	TRUE	16
114294	TRUE	16
51065	TRUE	16
51762	TRUE	16
83464	TRUE	16
771	TRUE	10
102723344	FALSE	0
9960	TRUE	16
100130855	TRUE	4
283807	TRUE	15
8925	TRUE	16
494334	FALSE	0
23604	TRUE	15
101928988	FALSE	0
84191	TRUE	16
6642	TRUE	16
79856	TRUE	14
5479	TRUE	16
53944	TRUE	16
9768	TRUE	16
9325	TRUE	16
23060	TRUE	16
4947	TRUE	16
348093	TRUE	11
100302184	FALSE	0
80119	TRUE	16
80301	TRUE	16
348094	TRUE	16
51324	TRUE	16
123263	TRUE	16
123264	TRUE	3
51285	FALSE	1
390594	FALSE	0
390595	TRUE	3
10081	TRUE	16
10845	TRUE	16
8483	FALSE	0
54956	TRUE	16
26831	TRUE	8
26832	FALSE	0
9543	TRUE	4
57722	TRUE	11
54878	TRUE	16
51495	TRUE	16
100873754	FALSE	0
81556	TRUE	16
9187	TRUE	16
10260	TRUE	16
100616379	FALSE	0
100189317	FALSE	0
8766	TRUE	16
84465	TRUE	3
100422905	FALSE	0
115752	TRUE	16
54962	TRUE	16
692149	FALSE	0
5604	TRUE	16
10302	TRUE	16
100616149	FALSE	0
6124	TRUE	16
595100	TRUE	5
595099	FALSE	1
595097	TRUE	8
595098	FALSE	0
55055	TRUE	16
197021	TRUE	15
102723165	FALSE	0
4091	TRUE	15
102723481	TRUE	4
4088	TRUE	16
79719	TRUE	16
64799	TRUE	16
100506686	TRUE	16
145853	TRUE	16
5607	TRUE	16
390598	TRUE	9
101929076	FALSE	0
26827	FALSE	0
8554	TRUE	16
91860	TRUE	16
54982	TRUE	16
10116	TRUE	16
22801	TRUE	5
10391	TRUE	8
8125	TRUE	16
100422971	FALSE	0
80035	FALSE	0
79400	TRUE	3
246777	TRUE	2
283673	FALSE	0
26035	TRUE	16
54852	TRUE	16
9493	TRUE	16
6176	TRUE	16
145837	TRUE	3
104472713	TRUE	2
414926	FALSE	0
7090	TRUE	16
693214	FALSE	0
104548972	FALSE	0
104548973	FALSE	0
55075	TRUE	16
55323	TRUE	16
54839	TRUE	16
56906	TRUE	16
196993	TRUE	6
79875	TRUE	16
101929196	FALSE	0
101929173	FALSE	0
10002	FALSE	1
4649	TRUE	16
123228	TRUE	16
196996	TRUE	11
5315	TRUE	16
56965	TRUE	16
60677	TRUE	9
3073	TRUE	16
80072	TRUE	8
338949	FALSE	0
25820	TRUE	16
693215	TRUE	4
55889	FALSE	0
646670	FALSE	0
123346	FALSE	0
585	TRUE	16
83440	TRUE	16
100287559	FALSE	0
4756	TRUE	16
10021	TRUE	6
283677	FALSE	0
27020	TRUE	16
101241892	TRUE	14
80381	TRUE	16
388135	TRUE	5
101929221	FALSE	0
161514	FALSE	0
100287616	TRUE	11
4016	TRUE	11
9399	TRUE	16
5371	TRUE	16
342096	FALSE	0
732265	FALSE	0
283731	FALSE	0
57611	TRUE	2
3671	TRUE	7
64220	TRUE	11
80125	TRUE	8
1583	TRUE	8
729739	FALSE	0
8482	TRUE	16
102465530	FALSE	0
84993	TRUE	16
440288	TRUE	16
10620	TRUE	16
1198	TRUE	16
102723750	TRUE	8
80153	TRUE	16
1543	TRUE	15
1544	FALSE	0
1445	TRUE	16
100616183	FALSE	0
79748	FALSE	0
594855	FALSE	0
25989	TRUE	16
102465531	FALSE	0
10066	TRUE	16
4351	TRUE	16
57184	TRUE	16
9377	TRUE	16
54913	TRUE	16
192683	TRUE	16
60490	TRUE	16
56905	TRUE	16
105376731	TRUE	3
653641	FALSE	0
653643	FALSE	0
54939	TRUE	16
79661	TRUE	16
693216	FALSE	0
4123	TRUE	16
25942	TRUE	16
5780	TRUE	16
10073	TRUE	16
55272	TRUE	16
257364	TRUE	16
1464	TRUE	16
161753	TRUE	3
100128285	TRUE	7
100423035	FALSE	0
92912	TRUE	16
26263	TRUE	16
692224	FALSE	0
145957	TRUE	13
123591	FALSE	0
101929439	FALSE	0
2108	TRUE	16
7302	FALSE	0
64843	TRUE	14
49855	TRUE	16
100500855	FALSE	0
5955	TRUE	16
9051	FALSE	1
10099	TRUE	16
79834	TRUE	16
81698	FALSE	0
10363	TRUE	16
84894	TRUE	4
253044	FALSE	0
101929478	FALSE	0
645752	FALSE	0
440292	FALSE	0
91450	TRUE	4
23102	TRUE	16
646892	TRUE	6
10518	TRUE	14
105370945	FALSE	0
3419	TRUE	16
23205	TRUE	6
55466	TRUE	16
80349	TRUE	16
1381	TRUE	4
3658	TRUE	16
123688	TRUE	16
5685	TRUE	16
1138	TRUE	16
1136	TRUE	13
1143	FALSE	1
646938	FALSE	0
11173	TRUE	14
100189013	FALSE	0
10933	TRUE	16
1512	TRUE	16
5923	TRUE	12
729911	FALSE	0
406960	FALSE	0
390616	FALSE	0
23423	TRUE	16
23251	TRUE	15
100189155	FALSE	0
10588	TRUE	16
100528021	FALSE	0
400410	TRUE	16
283687	TRUE	16
597	TRUE	2
54469	TRUE	16
2184	TRUE	16
100996492	FALSE	0
283688	FALSE	0
9915	TRUE	12
101929586	FALSE	0
100847042	FALSE	0
58489	TRUE	16
57214	TRUE	16
693132	FALSE	0
23184	TRUE	16
100616181	FALSE	0
59274	TRUE	16
161502	FALSE	0
3603	TRUE	6
80765	TRUE	14
101929655	TRUE	5
342125	FALSE	1
84206	TRUE	14
101929690	FALSE	0
79631	TRUE	16
283726	TRUE	10
390660	FALSE	0
647042	FALSE	1
100134869	TRUE	3
440295	TRUE	6
102724034	FALSE	0
80154	TRUE	10
642402	FALSE	0
6218	TRUE	16
64506	TRUE	2
283692	FALSE	0
8120	TRUE	11
338963	FALSE	0
283693	TRUE	2
100505616	TRUE	16
123722	TRUE	11
677778	FALSE	0
123720	TRUE	16
9455	TRUE	16
83640	TRUE	16
123207	TRUE	16
53339	TRUE	16
100616404	FALSE	0
53346	TRUE	10
50810	TRUE	11
105370929	TRUE	4
646	TRUE	6
6457	FALSE	0
57188	FALSE	0
648809	FALSE	0
440299	TRUE	3
100505679	FALSE	1
440300	FALSE	0
388152	TRUE	14
643707	FALSE	0
103171574	FALSE	0
102724135	TRUE	4
374650	TRUE	10
388165	TRUE	12
100506874	TRUE	3
54993	TRUE	16
54581	TRUE	16
84942	TRUE	16
4828	TRUE	16
23478	TRUE	16
9640	TRUE	16
57538	TRUE	16
9154	TRUE	5
5151	TRUE	16
642423	TRUE	12
101929479	TRUE	16
100133220	FALSE	0
102465803	FALSE	0
11214	TRUE	16
101929679	FALSE	1
64410	TRUE	16
100302121	FALSE	0
100847084	FALSE	0
123624	TRUE	2
101929701	FALSE	0
727915	FALSE	0
102724452	FALSE	0
145978	TRUE	2
4916	FALSE	0
283738	FALSE	0
26589	TRUE	16
64963	TRUE	16
55070	TRUE	16
101929743	FALSE	0
64782	TRUE	16
100302235	FALSE	0
407044	FALSE	0
100616238	FALSE	0
3669	TRUE	16
176	FALSE	0
145864	TRUE	13
4240	TRUE	16
105376732	TRUE	3
11057	TRUE	16
6017	FALSE	0
55215	TRUE	16
5428	TRUE	16
102466983	FALSE	0
100189264	FALSE	0
407051	FALSE	0
254559	TRUE	6
105371031	FALSE	1
51458	TRUE	6
283761	FALSE	0
90381	TRUE	16
374654	TRUE	16
5346	TRUE	5
8800	TRUE	16
56964	TRUE	2
55897	TRUE	16
145873	TRUE	7
290	TRUE	8
10239	TRUE	10
100526783	FALSE	0
100847059	FALSE	0
100846993	FALSE	0
348110	TRUE	16
374655	TRUE	16
100422841	FALSE	0
3418	TRUE	16
10509	TRUE	16
10519	TRUE	16
390637	TRUE	16
440307	TRUE	4
51335	TRUE	16
23766	FALSE	0
342132	TRUE	16
8826	TRUE	16
64784	TRUE	16
101926895	TRUE	3
101929765	FALSE	0
641	TRUE	16
5045	TRUE	16
2242	TRUE	13
4122	TRUE	16
55898	TRUE	16
374659	TRUE	16
91433	TRUE	16
9055	TRUE	16
100507118	FALSE	1
26276	TRUE	16
101926911	TRUE	8
9899	TRUE	3
105370971	FALSE	0
101926928	FALSE	0
28232	TRUE	15
8128	FALSE	0
104613533	FALSE	0
145858	FALSE	0
100144604	TRUE	2
400451	TRUE	16
728619	FALSE	0
100507217	TRUE	16
1106	TRUE	16
100422995	FALSE	0
56963	TRUE	9
105370980	FALSE	0
101927153	FALSE	0
101927129	FALSE	0
101927112	FALSE	0
55784	TRUE	13
440311	TRUE	4
400456	FALSE	0
145820	FALSE	0
644192	TRUE	13
7026	TRUE	16
100302258	TRUE	5
100652749	FALSE	0
145946	FALSE	0
101927286	TRUE	2
101927310	TRUE	2
91948	TRUE	4
91947	TRUE	15
101927332	FALSE	0
283777	FALSE	0
104472848	TRUE	10
3480	TRUE	16
100616432	FALSE	0
145814	FALSE	0
104564224	FALSE	0
23336	TRUE	16
64927	TRUE	16
123355	TRUE	16
7190	TRUE	16
4205	TRUE	16
145748	TRUE	16
196968	TRUE	4
170691	TRUE	10
388182	TRUE	4
102723320	TRUE	2
204219	TRUE	2
441733	TRUE	16
102723335	FALSE	0
55180	TRUE	16
140460	TRUE	16
105369201	TRUE	13
220	TRUE	16
101927751	TRUE	6
79705	TRUE	16
105371026	FALSE	0
22856	TRUE	16
55829	TRUE	16
6627	TRUE	16
5046	TRUE	16
100507472	FALSE	1
102723394	FALSE	0
80213	TRUE	16
123283	TRUE	16
100128108	TRUE	4
105376734	TRUE	2
101927628	FALSE	0
390648	FALSE	0
390649	FALSE	0
390651	FALSE	0
26682	FALSE	0
100124412	FALSE	0
100422834	FALSE	0
374666	TRUE	16
102465910	FALSE	1
100288486	FALSE	0
100287029	TRUE	2
103504738	FALSE	0
100132169	TRUE	9
51728	TRUE	16
79622	TRUE	16
64285	TRUE	16
4350	TRUE	16
105376746	TRUE	2
8131	TRUE	16
3050	FALSE	0
3042	FALSE	0
3040	TRUE	4
3039	TRUE	5
3049	TRUE	5
55692	TRUE	16
83986	TRUE	16
8786	TRUE	8
398	TRUE	8
64714	TRUE	5
8312	TRUE	16
10573	TRUE	16
58986	TRUE	16
100134368	TRUE	16
4833	TRUE	16
26063	FALSE	0
9727	TRUE	16
64493	FALSE	0
6650	TRUE	16
100847028	TRUE	3
100423037	TRUE	8
146325	TRUE	2
283948	TRUE	8
9091	TRUE	16
57799	TRUE	16
117166	TRUE	14
84326	TRUE	16
64717	TRUE	2
84331	TRUE	16
197335	TRUE	16
89941	TRUE	16
9028	TRUE	16
105371184	TRUE	2
10273	TRUE	16
339123	TRUE	16
84219	TRUE	16
146330	TRUE	16
79006	TRUE	16
65990	TRUE	16
124093	TRUE	16
84264	TRUE	16
64428	TRUE	16
10232	TRUE	13
724032	TRUE	2
113000	TRUE	16
63922	TRUE	16
51764	TRUE	12
388199	TRUE	9
64788	TRUE	16
101929387	FALSE	0
30812	TRUE	10
146336	TRUE	8
6755	TRUE	8
390664	TRUE	5
8912	TRUE	6
25823	TRUE	4
64499	TRUE	3
7177	FALSE	0
23430	FALSE	1
7329	TRUE	16
8938	TRUE	16
115939	TRUE	16
84572	TRUE	16
64718	TRUE	16
283951	TRUE	16
105371045	TRUE	2
645811	TRUE	11
1186	TRUE	16
390667	FALSE	1
9894	TRUE	16
9742	TRUE	16
79652	TRUE	2
57585	TRUE	16
90861	TRUE	16
23162	TRUE	16
100423012	FALSE	0
4832	TRUE	16
65993	TRUE	16
197342	TRUE	16
90864	TRUE	16
10101	TRUE	16
3483	FALSE	1
3029	TRUE	16
81889	TRUE	16
254528	TRUE	2
64735	FALSE	0
64711	FALSE	0
51734	TRUE	16
6123	FALSE	0
4716	TRUE	16
6187	TRUE	16
574042	TRUE	9
26784	TRUE	7
735301	TRUE	14
677844	FALSE	1
146310	FALSE	0
10607	TRUE	16
124056	TRUE	16
2671	TRUE	16
9143	TRUE	14
90850	TRUE	16
283869	TRUE	8
9351	TRUE	16
4913	TRUE	16
7249	TRUE	16
5310	TRUE	16
100188847	FALSE	0
102465429	FALSE	0
100616258	FALSE	0
100500916	FALSE	0
25837	TRUE	15
100507303	TRUE	16
26788	FALSE	1
84231	TRUE	16
57524	TRUE	10
64223	TRUE	16
283870	TRUE	16
283871	TRUE	16
1877	TRUE	16
1775	TRUE	16
1632	TRUE	16
10921	TRUE	16
100500812	FALSE	0
100126328	TRUE	3
100616241	FALSE	0
21	TRUE	16
650655	TRUE	13
899	TRUE	16
102465459	FALSE	0
80178	TRUE	16
102465460	FALSE	0
729652	FALSE	0
4917	TRUE	5
57465	TRUE	16
527	TRUE	16
51005	TRUE	16
752014	TRUE	16
100422974	FALSE	0
5170	TRUE	16
652276	TRUE	16
645644	TRUE	16
100507321	TRUE	16
54442	TRUE	16
83886	TRUE	14
100128788	TRUE	6
23524	TRUE	16
6923	TRUE	16
260429	TRUE	4
360226	TRUE	2
10942	TRUE	2
124220	TRUE	13
124221	TRUE	8
64063	TRUE	15
114984	TRUE	16
84256	TRUE	16
79412	TRUE	16
124222	TRUE	16
9088	TRUE	16
283875	TRUE	7
101929613	TRUE	4
9080	TRUE	13
9074	TRUE	6
51330	TRUE	16
54985	TRUE	16
79228	TRUE	16
146439	TRUE	12
100128770	TRUE	11
64386	TRUE	13
100507419	TRUE	15
9235	TRUE	15
84891	FALSE	0
81854	TRUE	8
7755	TRUE	16
100507458	TRUE	16
7760	TRUE	16
100189173	FALSE	0
100189168	FALSE	1
100189119	TRUE	6
100189335	FALSE	0
100189221	FALSE	0
100189282	FALSE	0
100189209	FALSE	0
100189136	FALSE	0
100189388	FALSE	0
100189281	FALSE	0
100189296	FALSE	0
4992	TRUE	3
100189062	FALSE	0
100189020	FALSE	0
100189270	FALSE	0
26184	FALSE	0
7752	TRUE	16
4210	FALSE	1
283876	TRUE	9
10127	TRUE	16
91151	TRUE	16
7627	TRUE	16
4993	FALSE	0
100463285	FALSE	0
54925	TRUE	16
7727	TRUE	16
146434	TRUE	12
79903	TRUE	16
102465134	FALSE	0
646174	FALSE	0
23059	TRUE	16
197358	TRUE	13
84464	TRUE	16
1773	TRUE	16
10131	TRUE	16
1387	TRUE	16
102724927	FALSE	0
115	TRUE	16
6345	FALSE	1
100507501	TRUE	14
105371063	FALSE	0
7023	TRUE	16
84662	TRUE	10
101926896	FALSE	0
51025	TRUE	7
100529144	FALSE	0
79585	FALSE	0
114990	TRUE	4
9093	TRUE	15
57407	TRUE	16
3163	TRUE	16
29965	TRUE	10
342346	FALSE	0
124402	TRUE	16
23295	TRUE	16
102466731	FALSE	0
84309	TRUE	16
124401	TRUE	16
146562	TRUE	14
26048	TRUE	16
124404	FALSE	0
440335	TRUE	15
79641	TRUE	16
84656	TRUE	16
29855	TRUE	16
5493	TRUE	15
9717	TRUE	10
51172	TRUE	16
100507589	FALSE	1
146556	FALSE	0
56052	TRUE	16
196483	TRUE	16
54715	TRUE	2
101926950	FALSE	0
102465867	FALSE	0
283953	FALSE	0
79091	TRUE	16
18	TRUE	14
25880	TRUE	16
5373	TRUE	16
23589	TRUE	16
101929989	FALSE	0
7874	TRUE	16
29035	TRUE	16
104355218	FALSE	0
104266959	FALSE	0
2903	TRUE	6
80063	TRUE	16
2013	TRUE	16
146279	FALSE	1
4682	TRUE	16
780776	TRUE	2
4261	TRUE	10
28955	TRUE	16
23274	TRUE	16
8651	TRUE	15
7142	FALSE	0
58531	FALSE	0
5620	FALSE	0
5619	FALSE	0
100313773	FALSE	0
116028	TRUE	16
400499	TRUE	14
101927131	FALSE	0
9516	TRUE	16
8303	TRUE	16
51061	TRUE	16
29066	TRUE	16
400500	FALSE	0
26156	TRUE	16
2935	TRUE	16
608	FALSE	0
92017	TRUE	16
101929304	FALSE	0
55313	TRUE	16
100616195	FALSE	0
729993	FALSE	0
2072	TRUE	16
101927311	FALSE	0
101927348	FALSE	0
57496	TRUE	16
100189086	FALSE	0
574455	FALSE	0
100126355	FALSE	1
5073	TRUE	14
51283	TRUE	16
8399	FALSE	1
105371095	FALSE	0
642778	FALSE	0
100652777	TRUE	5
105376747	FALSE	0
642799	FALSE	0
730013	FALSE	0
23420	TRUE	16
100422960	FALSE	0
101927469	FALSE	0
100500910	FALSE	0
100422870	FALSE	0
100288162	TRUE	13
102466268	FALSE	0
102465461	FALSE	0
9284	TRUE	9
23042	TRUE	16
100302243	FALSE	0
123803	TRUE	5
54700	TRUE	10
100505915	FALSE	0
353511	TRUE	5
102465985	FALSE	0
105369154	TRUE	9
100500852	FALSE	0
100288332	TRUE	3
255027	TRUE	11
89927	TRUE	10
9665	TRUE	14
102465252	FALSE	0
54820	FALSE	1
619553	FALSE	0
4629	FALSE	0
123811	TRUE	16
4363	TRUE	16
368	FALSE	1
408050	TRUE	11
100422886	FALSE	0
100846994	FALSE	0
100422956	FALSE	0
339044	TRUE	15
102466812	FALSE	0
102465908	FALSE	0
102465683	FALSE	0
101059938	FALSE	1
64131	TRUE	9
101059953	TRUE	7
102465684	FALSE	0
105376752	TRUE	4
102466259	FALSE	0
100422836	FALSE	0
103504726	FALSE	0
100423006	FALSE	0
102723728	TRUE	16
103504740	FALSE	0
103504729	FALSE	0
283820	TRUE	16
653190	TRUE	5
6210	TRUE	16
23204	TRUE	16
23049	TRUE	16
79905	TRUE	16
102723385	TRUE	2
10229	TRUE	16
162073	TRUE	16
51760	TRUE	16
728276	TRUE	2
79838	TRUE	14
51573	TRUE	16
9738	TRUE	16
57020	TRUE	16
400506	TRUE	16
124152	TRUE	16
51704	TRUE	16
124274	FALSE	0
2813	FALSE	1
7369	FALSE	0
204474	FALSE	0
54988	FALSE	0
123876	FALSE	0
348158	FALSE	0
116285	TRUE	4
55623	TRUE	16
6296	TRUE	10
112479	TRUE	16
81691	TRUE	16
123879	TRUE	16
57149	TRUE	16
55567	TRUE	15
57146	TRUE	16
7783	FALSE	1
257629	TRUE	2
1428	TRUE	5
400508	TRUE	16
100652781	TRUE	4
23117	TRUE	16
100190986	FALSE	0
100271836	TRUE	16
100500917	FALSE	0
387254	TRUE	16
101927814	FALSE	0
51108	TRUE	16
10261	FALSE	0
146183	FALSE	1
730092	TRUE	16
440345	TRUE	16
7385	TRUE	16
255762	TRUE	16
730094	TRUE	16
146177	FALSE	0
100288072	FALSE	0
100189032	FALSE	0
29904	TRUE	16
100189291	FALSE	0
55718	TRUE	16
1039	TRUE	16
105371130	FALSE	1
100131998	TRUE	16
641298	TRUE	16
100132247	TRUE	16
653786	FALSE	1
9956	FALSE	0
57478	TRUE	16
6340	TRUE	10
6338	TRUE	10
91949	TRUE	16
23062	TRUE	16
124454	TRUE	16
56061	TRUE	16
4706	TRUE	16
79728	TRUE	16
84516	TRUE	16
5347	TRUE	16
10595	TRUE	8
63928	FALSE	0
5579	FALSE	0
102466247	FALSE	0
10368	FALSE	0
5930	TRUE	16
400511	FALSE	0
27327	TRUE	16
115584	TRUE	3
55114	TRUE	16
554206	TRUE	14
102723510	TRUE	8
51451	TRUE	16
100506655	FALSE	0
343	TRUE	2
342357	TRUE	16
9951	TRUE	2
100422923	FALSE	0
162083	FALSE	0
79831	TRUE	16
197370	TRUE	16
400512	TRUE	3
3566	TRUE	16
50615	TRUE	3
283888	FALSE	0
2975	TRUE	16
23247	TRUE	16
146395	FALSE	1
23214	TRUE	16
388228	TRUE	16
728741	TRUE	9
728689	TRUE	16
102465520	FALSE	0
1201	TRUE	16
55911	TRUE	12
246778	FALSE	0
26471	TRUE	14
112869	TRUE	16
6799	TRUE	6
105371164	TRUE	2
6817	TRUE	14
728734	FALSE	0
8663	TRUE	16
102465907	FALSE	0
100507607	TRUE	5
11273	TRUE	16
7284	TRUE	16
100616256	FALSE	0
25970	TRUE	16
487	TRUE	16
100289092	TRUE	16
79874	TRUE	16
930	FALSE	0
84901	TRUE	16
100616487	FALSE	0
83985	TRUE	16
27040	TRUE	15
653390	TRUE	7
105371162	TRUE	2
440352	FALSE	1
728888	TRUE	16
552900	TRUE	16
606724	FALSE	0
79008	FALSE	0
100526831	FALSE	0
445329	FALSE	0
388242	FALSE	0
440354	TRUE	16
100847041	FALSE	0
81893	TRUE	16
6693	TRUE	4
23475	TRUE	10
283897	TRUE	4
653808	TRUE	3
3835	TRUE	16
4150	TRUE	16
112476	TRUE	14
79447	TRUE	16
9961	TRUE	16
10423	TRUE	16
440356	TRUE	10
26470	TRUE	16
253982	TRUE	16
253980	TRUE	16
124446	TRUE	16
9344	TRUE	16
8479	TRUE	16
283899	TRUE	16
8448	TRUE	13
146378	FALSE	0
83723	TRUE	8
226	TRUE	16
5531	TRUE	16
6911	TRUE	16
83719	TRUE	15
79153	TRUE	16
5595	TRUE	16
11151	TRUE	16
654483	TRUE	13
548593	FALSE	0
100526830	TRUE	16
6818	FALSE	0
613038	TRUE	9
613037	TRUE	14
595101	TRUE	16
10421	TRUE	16
26000	TRUE	16
105371169	TRUE	16
29895	TRUE	7
1731	TRUE	16
197407	TRUE	16
105379472	FALSE	0
51333	TRUE	16
79077	TRUE	16
22928	TRUE	16
3683	TRUE	3
100616405	FALSE	0
79724	TRUE	16
65988	TRUE	16
92595	TRUE	16
146542	TRUE	16
146540	TRUE	16
115509	TRUE	16
78994	TRUE	16
64319	TRUE	16
730183	TRUE	16
10847	TRUE	16
677813	FALSE	0
100862671	TRUE	16
5261	TRUE	16
90835	TRUE	12
9810	TRUE	16
23361	TRUE	16
9274	TRUE	16
100616231	FALSE	0
101928736	TRUE	16
100313837	FALSE	0
1489	TRUE	10
283932	TRUE	16
54620	TRUE	16
9739	TRUE	16
93129	TRUE	16
80270	TRUE	16
112755	TRUE	9
6810	TRUE	16
79759	TRUE	16
9726	TRUE	16
339105	TRUE	16
79001	TRUE	16
10295	TRUE	16
84148	TRUE	16
5652	TRUE	13
146547	TRUE	15
2521	TRUE	16
29108	TRUE	10
100652740	TRUE	5
493829	FALSE	1
260434	FALSE	0
3684	TRUE	8
3687	TRUE	4
3681	TRUE	3
1339	FALSE	0
283933	TRUE	2
79798	TRUE	16
7041	TRUE	12
6524	TRUE	7
64755	TRUE	16
51327	FALSE	0
440359	TRUE	12
100132341	TRUE	16
124411	TRUE	16
10308	TRUE	16
102725101	FALSE	0
105371190	FALSE	0
100289574	TRUE	4
729264	TRUE	2
100507221	FALSE	0
390705	FALSE	0
105369184	FALSE	0
105371191	FALSE	0
102724062	FALSE	0
105371179	FALSE	0
24150	FALSE	0
386757	FALSE	0
105371176	FALSE	0
388255	FALSE	0
105371192	FALSE	0
653550	FALSE	0
102724101	FALSE	0
105369266	FALSE	0
729355	FALSE	0
105379473	FALSE	0
102724127	FALSE	0
105379474	FALSE	0
101929605	FALSE	0
102724207	FALSE	0
104644205	FALSE	0
649159	FALSE	0
102724485	FALSE	0
102724928	FALSE	0
606551	TRUE	16
283914	FALSE	0
146481	FALSE	0
100130700	FALSE	0
400533	FALSE	0
124149	FALSE	0
79801	TRUE	16
55737	TRUE	16
23594	TRUE	16
91807	TRUE	7
388272	TRUE	16
84706	TRUE	16
10294	TRUE	16
81831	TRUE	15
101927102	TRUE	2
81533	TRUE	16
5257	TRUE	16
100507534	FALSE	0
101927132	FALSE	0
94160	FALSE	0
85320	TRUE	8
83752	TRUE	16
100507577	TRUE	14
6477	TRUE	16
9683	TRUE	16
869	TRUE	6
123970	FALSE	0
101927228	FALSE	0
23090	TRUE	2
255919	TRUE	16
55027	TRUE	16
101927250	FALSE	0
64282	TRUE	16
113	TRUE	16
102465462	FALSE	0
29117	TRUE	16
85407	TRUE	11
124460	FALSE	0
101927272	FALSE	0
64127	TRUE	7
1540	TRUE	16
100422972	TRUE	3
101927313	FALSE	0
101927334	FALSE	0
105371253	FALSE	0
6299	FALSE	0
101927364	TRUE	4
388276	FALSE	0
100505619	FALSE	0
102467079	FALSE	0
27324	TRUE	7
643714	TRUE	3
80205	TRUE	16
643802	FALSE	0
102723373	TRUE	10
5934	TRUE	16
64400	TRUE	16
23322	TRUE	16
79068	TRUE	16
100505692	TRUE	3
100996338	FALSE	0
79191	TRUE	10
643911	TRUE	16
10265	TRUE	15
79190	FALSE	0
4313	TRUE	10
54947	TRUE	12
84290	FALSE	1
6530	TRUE	4
390732	FALSE	1
51716	FALSE	0
1066	TRUE	2
221223	FALSE	0
283856	FALSE	1
2775	TRUE	14
26077	FALSE	0
100500891	FALSE	0
267	TRUE	16
11051	TRUE	16
55239	TRUE	16
583	TRUE	16
84560	FALSE	0
4504	FALSE	0
4502	TRUE	16
4500	TRUE	10
4493	TRUE	12
4499	TRUE	5
4498	FALSE	0
4489	TRUE	6
326343	TRUE	3
4490	FALSE	0
4494	TRUE	12
4495	TRUE	4
4496	FALSE	0
644314	FALSE	0
4501	TRUE	16
9688	TRUE	16
406930	FALSE	0
6559	TRUE	3
102466752	FALSE	0
9709	TRUE	16
1071	TRUE	5
84166	TRUE	16
221184	TRUE	16
80011	TRUE	16
89970	TRUE	16
23568	TRUE	16
51090	TRUE	16
100189130	FALSE	0
100189089	FALSE	0
6367	TRUE	8
6376	TRUE	5
6361	FALSE	0
57019	TRUE	16
57017	TRUE	16
5432	TRUE	16
55715	TRUE	16
92922	TRUE	16
221188	TRUE	12
9289	TRUE	16
222487	TRUE	2
84229	FALSE	0
10300	TRUE	16
3801	TRUE	16
102465463	FALSE	1
388282	TRUE	7
1258	TRUE	2
374739	FALSE	0
57567	TRUE	16
79650	TRUE	16
4324	TRUE	16
29105	TRUE	16
1459	TRUE	16
29070	TRUE	16
221191	FALSE	0
64785	TRUE	16
65009	TRUE	16
79918	TRUE	16
23019	TRUE	16
677827	FALSE	1
677830	FALSE	1
55238	TRUE	16
2806	TRUE	16
644649	FALSE	0
101927580	FALSE	0
729159	FALSE	0
1006	TRUE	2
100302738	FALSE	0
102723550	FALSE	0
1009	TRUE	8
101927650	FALSE	0
283867	FALSE	0
1003	TRUE	6
100505865	TRUE	9
146227	TRUE	3
101927726	FALSE	0
7084	TRUE	16
51192	TRUE	16
100529251	FALSE	0
113540	TRUE	16
146225	FALSE	0
123920	TRUE	15
146223	TRUE	16
1783	TRUE	16
283847	FALSE	0
8883	TRUE	16
766	TRUE	4
57546	TRUE	16
1014	FALSE	1
6236	TRUE	11
51647	TRUE	16
8824	TRUE	16
23491	TRUE	8
283848	TRUE	13
865	TRUE	16
80262	TRUE	16
84752	TRUE	16
8717	TRUE	16
55336	TRUE	16
3299	TRUE	16
8996	TRUE	16
653319	TRUE	16
283849	TRUE	16
1874	TRUE	16
79767	TRUE	16
442901	FALSE	0
26231	TRUE	13
105369155	FALSE	0
29100	TRUE	16
29109	TRUE	16
6553	TRUE	15
25894	TRUE	13
146212	FALSE	1
55282	FALSE	1
51673	TRUE	11
29800	TRUE	14
3291	TRUE	15
9114	TRUE	16
181	FALSE	0
100505942	TRUE	9
79567	TRUE	16
10664	TRUE	16
146206	TRUE	13
65057	TRUE	16
50855	TRUE	16
84080	TRUE	16
388284	TRUE	10
81577	TRUE	16
57610	TRUE	16
55815	TRUE	10
80152	TRUE	16
57215	TRUE	16
10204	TRUE	16
23644	TRUE	16
123904	TRUE	6
5681	TRUE	16
1506	TRUE	16
5699	TRUE	16
3931	TRUE	16
6560	TRUE	16
64180	FALSE	0
64174	TRUE	2
100131303	FALSE	0
55794	TRUE	16
54920	TRUE	16
4775	TRUE	16
80004	TRUE	16
102466194	FALSE	0
23659	TRUE	16
9057	TRUE	16
84138	TRUE	16
54496	TRUE	16
55512	TRUE	16
146198	TRUE	16
1001	TRUE	13
999	TRUE	15
79613	TRUE	16
3038	TRUE	16
54921	TRUE	16
84916	TRUE	16
6645	TRUE	16
27183	TRUE	16
84342	TRUE	16
64146	TRUE	16
51388	TRUE	16
146456	TRUE	11
7014	TRUE	16
80777	TRUE	16
100302119	FALSE	0
10725	TRUE	16
1728	TRUE	16
28987	TRUE	16
11060	TRUE	16
406932	FALSE	0
348174	FALSE	1
283970	TRUE	16
100422922	FALSE	0
55066	TRUE	16
400541	FALSE	0
283971	FALSE	0
100506060	TRUE	16
118460	TRUE	16
16	TRUE	16
11269	TRUE	16
100506083	TRUE	16
55308	TRUE	16
6483	TRUE	16
100873755	FALSE	0
197258	TRUE	16
25839	TRUE	16
23450	TRUE	16
100113402	FALSE	0
692214	FALSE	0
146433	TRUE	4
92154	TRUE	16
55697	TRUE	16
100130894	TRUE	6
7198	FALSE	0
100188985	FALSE	0
100189220	FALSE	0
100189163	FALSE	0
54768	TRUE	2
55783	TRUE	16
794	TRUE	13
100189135	FALSE	0
102723796	FALSE	0
7571	TRUE	16
7567	TRUE	16
10164	TRUE	6
100132529	TRUE	4
6898	TRUE	2
91862	TRUE	15
23035	TRUE	16
100379141	FALSE	0
164	TRUE	16
692111	FALSE	0
342371	TRUE	16
55565	TRUE	16
9798	TRUE	16
342372	TRUE	2
1723	TRUE	16
3240	FALSE	0
3250	FALSE	0
54957	TRUE	16
9785	TRUE	16
83449	TRUE	13
101927957	TRUE	15
463	TRUE	16
283902	FALSE	0
388289	FALSE	0
100506172	FALSE	0
100189125	FALSE	0
101928035	FALSE	0
5713	TRUE	16
283922	TRUE	16
440348	TRUE	13
497190	TRUE	8
2734	TRUE	16
55159	TRUE	16
197259	TRUE	16
79152	TRUE	14
79726	TRUE	16
84937	TRUE	16
197257	TRUE	13
162239	TRUE	16
440387	FALSE	0
1504	FALSE	1
100506281	TRUE	3
9564	TRUE	16
10428	TRUE	16
124491	TRUE	16
4166	TRUE	9
23563	TRUE	2
79583	TRUE	16
11345	TRUE	16
23536	TRUE	16
3735	TRUE	16
54386	TRUE	16
100033411	FALSE	0
105371346	FALSE	0
85445	FALSE	0
101928203	FALSE	0
100616172	FALSE	0
22879	TRUE	16
100130958	TRUE	12
170692	TRUE	4
283927	TRUE	14
57687	FALSE	0
10143	FALSE	0
51741	TRUE	16
4094	TRUE	6
102467146	FALSE	0
101928248	FALSE	0
102724084	FALSE	0
83657	TRUE	2
101928276	FALSE	0
124359	TRUE	11
100996425	TRUE	6
56942	TRUE	16
55839	TRUE	16
23300	TRUE	16
123775	TRUE	16
2653	TRUE	16
114780	TRUE	13
53630	TRUE	10
8139	TRUE	16
100616150	TRUE	15
80790	TRUE	16
102465840	FALSE	0
102465251	FALSE	0
100129617	TRUE	6
5336	TRUE	16
93517	TRUE	12
3294	TRUE	4
10200	TRUE	16
101928364	FALSE	0
1012	TRUE	3
102465863	FALSE	0
101928446	FALSE	0
101928417	FALSE	0
100422853	FALSE	0
102724163	TRUE	2
3281	TRUE	16
23417	TRUE	16
105371371	TRUE	2
29948	TRUE	16
54550	TRUE	6
146167	FALSE	1
8720	TRUE	16
729887	TRUE	16
83693	TRUE	16
123872	FALSE	0
9013	TRUE	16
161931	TRUE	3
93107	FALSE	0
105376777	FALSE	0
58189	FALSE	0
9914	TRUE	15
57707	TRUE	16
23406	TRUE	16
79786	TRUE	16
9100	TRUE	16
83716	TRUE	16
55625	TRUE	16
9764	TRUE	16
339145	TRUE	2
400548	FALSE	0
23199	TRUE	16
197196	TRUE	2
100847022	FALSE	0
51659	TRUE	16
404550	TRUE	14
100302261	FALSE	0
10328	TRUE	16
1327	TRUE	16
3394	TRUE	2
102466732	FALSE	0
100506542	FALSE	0
101154687	FALSE	0
146513	FALSE	0
732275	FALSE	0
400550	FALSE	0
2294	TRUE	3
64779	TRUE	16
146512	TRUE	2
103752587	TRUE	2
2303	TRUE	6
2300	TRUE	14
440390	FALSE	0
101928708	FALSE	0
101928682	FALSE	0
100506581	TRUE	16
79791	TRUE	16
100189226	FALSE	0
81631	TRUE	16
23174	TRUE	16
101928737	TRUE	6
57338	TRUE	14
100129215	TRUE	14
54758	TRUE	16
105371397	TRUE	16
102724467	TRUE	10
8140	TRUE	16
102465464	FALSE	0
763	TRUE	2
54971	TRUE	16
105369246	FALSE	0
400553	FALSE	0
101928880	FALSE	1
84627	TRUE	12
105376779	TRUE	2
161882	TRUE	16
100847057	FALSE	0
124245	TRUE	16
27189	TRUE	3
1535	TRUE	16
4597	TRUE	16
197187	TRUE	16
333929	TRUE	15
115992	TRUE	16
348180	TRUE	16
9780	TRUE	16
100616167	FALSE	0
100289580	TRUE	4
339059	FALSE	1
81620	TRUE	16
353	TRUE	16
2588	TRUE	16
51693	TRUE	16
390748	TRUE	2
863	TRUE	7
105371409	TRUE	6
100129697	TRUE	2
197322	TRUE	16
102724669	FALSE	0
283860	FALSE	1
400558	FALSE	0
1013	TRUE	5
146429	TRUE	5
197320	TRUE	16
105376780	TRUE	13
29123	TRUE	16
105371414	TRUE	16
100287036	TRUE	11
101927817	FALSE	0
6687	TRUE	16
6137	TRUE	16
606500	FALSE	0
27132	TRUE	16
1800	TRUE	7
5119	TRUE	16
124045	TRUE	16
8558	TRUE	16
124044	TRUE	16
105371417	TRUE	2
9605	TRUE	16
100128881	TRUE	16
92822	TRUE	16
2175	TRUE	16
84501	TRUE	16
102724730	TRUE	11
105371419	TRUE	11
22980	TRUE	16
4157	TRUE	16
10381	TRUE	16
54849	TRUE	16
92806	TRUE	16
172	TRUE	16
79007	TRUE	16
2622	TRUE	16
750	TRUE	4
100130015	TRUE	5
11105	FALSE	0
100996541	TRUE	4
105377825	FALSE	0
653486	FALSE	0
8447	FALSE	0
100506371	FALSE	0
9501	TRUE	14
100506388	FALSE	0
105371432	FALSE	0
105371430	FALSE	0
400566	TRUE	14
359845	TRUE	8
55275	TRUE	16
79850	TRUE	16
50628	TRUE	16
100131454	TRUE	13
51031	TRUE	16
55178	TRUE	16
64359	TRUE	16
101927727	TRUE	6
29928	FALSE	0
29	TRUE	10
100422835	FALSE	0
105371478	TRUE	10
727857	FALSE	0
286753	FALSE	0
7531	TRUE	16
1398	TRUE	16
4641	TRUE	16
51763	TRUE	16
100306951	TRUE	16
5306	TRUE	16
124935	TRUE	6
8578	FALSE	0
83547	FALSE	0
10594	FALSE	0
727910	TRUE	3
84981	FALSE	0
407004	FALSE	0
124997	TRUE	10
5345	FALSE	0
5176	TRUE	16
114826	TRUE	16
6117	TRUE	16
146760	TRUE	6
1801	TRUE	16
124641	TRUE	16
406921	FALSE	1
406994	TRUE	3
3090	TRUE	14
23293	TRUE	16
101927839	FALSE	0
63826	TRUE	16
55720	TRUE	16
692208	FALSE	0
692207	FALSE	0
9905	TRUE	16
4335	TRUE	16
284009	TRUE	5
79066	TRUE	16
5048	TRUE	16
23277	TRUE	16
102465465	FALSE	0
105371591	TRUE	4
105371592	TRUE	14
101928991	TRUE	6
100302208	FALSE	0
23108	TRUE	16
101927911	TRUE	5
8386	FALSE	0
4991	FALSE	0
8390	FALSE	0
26189	FALSE	0
8383	FALSE	0
653166	FALSE	0
4995	FALSE	0
4994	FALSE	0
390756	FALSE	0
8387	FALSE	0
8392	FALSE	0
8388	FALSE	0
84690	FALSE	0
443	FALSE	1
162514	TRUE	11
7442	TRUE	16
23729	TRUE	16
1497	TRUE	16
100533970	TRUE	16
30851	TRUE	4
83460	TRUE	16
5026	TRUE	12
3682	TRUE	16
83903	TRUE	16
55421	TRUE	16
84254	TRUE	16
5023	FALSE	0
489	TRUE	14
23140	TRUE	16
124936	TRUE	16
51479	TRUE	16
7326	TRUE	16
201305	TRUE	10
124976	TRUE	16
10514	TRUE	16
124975	TRUE	2
342527	TRUE	3
246	TRUE	6
27043	TRUE	16
101559451	TRUE	8
409	TRUE	16
400569	TRUE	16
58191	TRUE	16
84225	TRUE	13
9032	TRUE	6
284013	TRUE	5
388323	TRUE	15
5694	TRUE	16
5338	TRUE	16
50488	TRUE	16
1145	FALSE	1
100130311	TRUE	10
2811	TRUE	15
8402	TRUE	16
26001	TRUE	16
5216	TRUE	16
2027	TRUE	16
9552	TRUE	16
23125	TRUE	16
102465521	FALSE	0
102465522	FALSE	0
388324	TRUE	15
10749	TRUE	16
102724009	FALSE	0
55065	TRUE	6
124961	TRUE	12
105376798	FALSE	0
7775	TRUE	16
101928000	TRUE	16
9098	TRUE	13
84622	TRUE	16
100130950	TRUE	2
388325	FALSE	0
9135	TRUE	16
4927	TRUE	16
84268	TRUE	16
708	TRUE	16
56919	TRUE	16
51009	TRUE	16
79003	TRUE	16
728392	TRUE	5
22861	TRUE	6
339166	FALSE	0
23302	TRUE	13
23746	FALSE	0
54478	TRUE	16
83394	TRUE	16
9851	TRUE	16
84817	TRUE	16
51003	TRUE	16
388327	TRUE	16
100616401	FALSE	0
100616466	FALSE	0
100652883	TRUE	3
284111	TRUE	4
54739	TRUE	12
162517	TRUE	2
83659	FALSE	0
245	TRUE	4
100506713	TRUE	16
239	TRUE	16
440400	TRUE	15
100529209	FALSE	0
124944	FALSE	0
100506755	FALSE	0
406971	FALSE	0
574456	FALSE	0
255877	FALSE	0
201232	TRUE	16
162515	TRUE	10
10462	FALSE	0
433	FALSE	0
432	TRUE	7
1742	TRUE	16
37	TRUE	16
442898	TRUE	8
1856	TRUE	16
79142	TRUE	16
11337	TRUE	16
23399	TRUE	16
23587	TRUE	16
1366	TRUE	16
6517	TRUE	7
51087	TRUE	4
1984	TRUE	16
2874	TRUE	16
84461	TRUE	16
9744	TRUE	16
147040	TRUE	16
339168	FALSE	0
8711	TRUE	16
100529211	FALSE	0
57048	TRUE	11
254863	TRUE	16
57555	TRUE	16
374768	FALSE	0
201243	FALSE	0
284114	TRUE	15
2256	TRUE	14
1140	TRUE	16
57659	TRUE	16
643664	FALSE	0
5430	TRUE	16
8742	TRUE	10
407977	FALSE	0
8741	TRUE	14
100533955	TRUE	2
26168	TRUE	14
1973	FALSE	0
652965	TRUE	2
652966	TRUE	10
26781	TRUE	14
968	TRUE	14
102724164	TRUE	14
9526	TRUE	14
6665	TRUE	14
9513	TRUE	14
6462	TRUE	7
112483	TRUE	14
482	TRUE	5
7157	TRUE	16
55135	TRUE	16
1949	TRUE	4
146754	TRUE	12
118432	FALSE	0
23135	TRUE	16
92162	TRUE	15
84316	TRUE	16
124637	TRUE	16
1107	TRUE	16
677763	FALSE	0
284023	TRUE	16
9196	TRUE	9
58485	TRUE	16
116840	TRUE	16
3000	TRUE	3
247	FALSE	0
242	TRUE	10
100422983	FALSE	0
59344	TRUE	10
7206	FALSE	0
7228	FALSE	0
7208	FALSE	0
84667	TRUE	12
7230	FALSE	0
7196	FALSE	0
100189037	FALSE	0
100189438	FALSE	0
5187	TRUE	16
102465532	FALSE	0
6844	TRUE	16
84314	TRUE	16
727676	FALSE	0
100189112	FALSE	0
100189331	FALSE	0
100616406	FALSE	0
100189187	FALSE	0
100189387	FALSE	0
54785	TRUE	16
9212	TRUE	16
284029	TRUE	8
100189123	FALSE	0
100189206	FALSE	0
100189383	FALSE	0
100189124	FALSE	0
80169	TRUE	16
100189222	FALSE	0
100189184	FALSE	0
100189393	FALSE	0
5198	TRUE	16
399512	TRUE	16
29098	TRUE	16
22899	FALSE	0
146852	FALSE	0
100128288	TRUE	8
124751	TRUE	14
6154	TRUE	16
643904	TRUE	3
81565	TRUE	16
4628	TRUE	16
146849	FALSE	0
388333	FALSE	0
162387	TRUE	2
146850	FALSE	0
23533	FALSE	0
9423	TRUE	13
101928266	FALSE	0
9482	TRUE	14
146845	TRUE	5
124739	TRUE	16
201140	FALSE	0
644070	FALSE	0
9340	FALSE	0
5957	FALSE	0
8522	TRUE	4
8735	FALSE	0
100128560	FALSE	0
4626	FALSE	0
4622	FALSE	0
4619	FALSE	0
4620	FALSE	0
4621	TRUE	16
6341	TRUE	16
56985	TRUE	16
388335	TRUE	8
100506898	FALSE	1
101101775	TRUE	4
100289255	FALSE	1
644139	FALSE	0
388336	FALSE	0
1770	FALSE	0
7566	TRUE	16
6416	TRUE	16
100126313	FALSE	0
284034	TRUE	2
93649	TRUE	4
101928418	FALSE	0
100128006	FALSE	0
9912	TRUE	14
100616494	FALSE	0
60528	TRUE	16
9955	TRUE	6
100302287	FALSE	0
94158	TRUE	3
100874058	TRUE	16
1352	TRUE	16
146822	FALSE	0
9953	TRUE	10
84815	TRUE	7
94150	FALSE	0
94151	FALSE	0
5376	TRUE	16
100616125	FALSE	0
64518	FALSE	0
100533496	FALSE	0
284040	FALSE	0
201158	TRUE	16
374286	TRUE	11
10626	TRUE	16
57335	TRUE	16
353149	FALSE	1
644694	FALSE	0
4213	TRUE	12
101928567	FALSE	0
105371558	FALSE	0
136	TRUE	16
125150	TRUE	16
54902	TRUE	16
9611	TRUE	16
9487	TRUE	16
100302124	FALSE	0
201161	TRUE	16
7314	TRUE	16
51393	TRUE	7
125144	TRUE	16
692087	FALSE	0
26800	TRUE	8
692106	FALSE	0
388341	TRUE	16
57336	TRUE	12
57547	TRUE	16
9720	TRUE	4
162632	TRUE	6
100129396	TRUE	2
400578	TRUE	6
96597	TRUE	2
23495	TRUE	2
23164	TRUE	16
201164	TRUE	14
201163	TRUE	16
8533	TRUE	16
56953	TRUE	12
55090	TRUE	16
51655	TRUE	12
10400	TRUE	16
10743	TRUE	16
100861516	FALSE	0
140771	FALSE	1
6720	TRUE	16
102465466	FALSE	0
693120	FALSE	0
146691	TRUE	16
100507131	TRUE	10
83450	TRUE	16
91647	TRUE	16
79018	TRUE	16
1819	TRUE	16
105371566	FALSE	0
51168	TRUE	6
54890	TRUE	16
3996	TRUE	16
2314	TRUE	16
125170	TRUE	16
7156	TRUE	16
140775	TRUE	16
6470	TRUE	16
102466733	FALSE	0
645027	TRUE	3
400579	TRUE	4
339240	FALSE	0
729252	TRUE	4
654346	TRUE	7
220594	TRUE	4
80039	TRUE	2
284047	TRUE	6
254272	FALSE	0
729288	TRUE	16
2310	TRUE	16
147166	TRUE	16
10517	TRUE	5
51030	TRUE	16
101929141	FALSE	0
5636	TRUE	16
125206	TRUE	16
644815	TRUE	16
10750	FALSE	0
26851	FALSE	1
780852	FALSE	0
102724624	TRUE	6
780854	TRUE	4
400581	FALSE	0
79999	FALSE	0
780851	TRUE	14
780853	FALSE	0
388436	FALSE	0
22905	TRUE	16
100874309	TRUE	6
100874018	FALSE	0
27077	TRUE	16
100302256	FALSE	0
5598	TRUE	16
4239	TRUE	10
7732	TRUE	6
100189203	FALSE	0
55244	TRUE	10
677882	FALSE	0
100996813	FALSE	1
224	TRUE	16
146802	TRUE	6
218	TRUE	9
9706	TRUE	16
100189277	FALSE	0
11216	TRUE	16
92521	TRUE	16
348254	TRUE	5
100996259	FALSE	0
284194	TRUE	9
644945	FALSE	0
256223	FALSE	0
100287072	FALSE	0
339184	FALSE	0
440416	TRUE	2
339260	TRUE	4
105369205	TRUE	4
23326	TRUE	16
101060544	FALSE	0
25979	TRUE	16
8834	TRUE	16
256302	TRUE	16
5606	TRUE	16
3768	TRUE	7
339263	TRUE	14
100134444	FALSE	0
100996792	FALSE	0
284123	FALSE	0
105377821	FALSE	0
284124	FALSE	0
102723754	FALSE	0
100462977	FALSE	0
100616277	FALSE	0
26118	TRUE	16
440419	FALSE	0
8844	TRUE	16
3965	TRUE	12
4843	FALSE	0
201229	TRUE	14
51701	TRUE	16
105371930	FALSE	0
23615	FALSE	0
23614	FALSE	0
284085	FALSE	0
27346	TRUE	16
90410	TRUE	16
7126	TRUE	16
26073	TRUE	16
147007	TRUE	16
100616388	FALSE	0
645832	FALSE	0
7448	TRUE	8
23098	TRUE	16
113235	TRUE	16
9058	FALSE	1
8456	FALSE	0
9094	TRUE	16
94005	TRUE	16
230	TRUE	16
10615	TRUE	16
100506436	TRUE	4
124923	TRUE	16
9703	TRUE	16
6388	TRUE	16
6830	TRUE	16
147011	TRUE	16
83871	TRUE	8
100861437	FALSE	0
6147	TRUE	16
26808	TRUE	4
26773	TRUE	6
26809	TRUE	8
26772	FALSE	0
116238	TRUE	16
284086	TRUE	16
9618	TRUE	16
55731	TRUE	16
26284	TRUE	16
574411	FALSE	0
100616273	FALSE	0
406936	FALSE	0
100616385	FALSE	0
2319	TRUE	16
147015	TRUE	16
57649	TRUE	16
101927018	FALSE	0
124925	TRUE	6
51268	TRUE	9
399687	TRUE	16
9220	TRUE	5
1411	FALSE	0
57532	TRUE	16
105371931	TRUE	16
100616122	FALSE	0
57551	TRUE	16
116236	TRUE	16
90313	TRUE	16
28964	TRUE	16
124930	TRUE	16
84940	TRUE	16
85464	TRUE	16
374786	TRUE	11
84081	TRUE	16
494335	FALSE	0
100423003	FALSE	0
6532	FALSE	1
642	TRUE	14
388364	FALSE	0
1362	TRUE	16
9527	TRUE	16
26083	FALSE	0
147172	TRUE	16
6459	FALSE	0
440423	TRUE	16
51379	TRUE	16
79915	TRUE	16
79736	TRUE	16
55803	TRUE	13
84282	TRUE	16
503645	FALSE	0
4763	TRUE	16
100616266	FALSE	0
4974	FALSE	0
2124	TRUE	4
2123	FALSE	0
84440	TRUE	16
100616248	FALSE	0
100189245	FALSE	0
406968	FALSE	0
100616449	FALSE	0
100126356	FALSE	0
55352	TRUE	16
55813	TRUE	16
23512	TRUE	16
114659	TRUE	16
6458	FALSE	0
105371730	TRUE	8
55288	TRUE	16
503640	FALSE	0
162494	TRUE	8
64149	TRUE	16
693217	FALSE	0
7756	TRUE	16
5717	TRUE	16
8851	TRUE	16
4642	TRUE	16
26022	TRUE	6
124912	FALSE	1
40	TRUE	6
100506677	FALSE	0
101927239	FALSE	0
6347	TRUE	2
6354	FALSE	0
6356	FALSE	0
6355	FALSE	0
6357	FALSE	0
6346	FALSE	0
400591	FALSE	0
124842	FALSE	1
10693	TRUE	16
91603	TRUE	16
3980	TRUE	16
100529207	FALSE	0
117584	TRUE	16
5892	TRUE	16
54752	TRUE	16
54475	TRUE	16
146862	FALSE	0
146861	FALSE	0
105371932	TRUE	12
162394	TRUE	15
91607	TRUE	12
105371933	TRUE	2
55106	TRUE	10
146857	TRUE	10
100506736	TRUE	3
342618	FALSE	0
692076	FALSE	0
5193	TRUE	16
163	TRUE	16
91608	TRUE	8
246176	TRUE	3
79148	TRUE	6
146853	TRUE	5
8148	TRUE	5
256957	FALSE	0
6352	FALSE	0
100533789	FALSE	0
201299	FALSE	0
57151	FALSE	0
6360	FALSE	0
348249	FALSE	0
6358	FALSE	0
6359	FALSE	0
6368	FALSE	0
6362	FALSE	0
6348	FALSE	0
6351	FALSE	0
414059	FALSE	0
414062	FALSE	0
9560	FALSE	0
102724862	FALSE	0
101060321	FALSE	0
729877	FALSE	0
84218	FALSE	0
100510707	FALSE	0
9326	FALSE	0
80179	FALSE	0
284098	FALSE	0
79893	TRUE	13
79154	TRUE	7
79922	TRUE	14
3975	TRUE	3
26574	FALSE	0
100422969	FALSE	0
31	TRUE	16
284099	FALSE	0
6871	TRUE	14
11072	FALSE	0
11276	TRUE	16
11056	TRUE	16
102465136	FALSE	0
6928	TRUE	6
284100	FALSE	0
101060351	TRUE	2
101060376	TRUE	14
101060389	TRUE	3
414060	FALSE	0
101929950	FALSE	1
102723859	TRUE	5
729873	TRUE	2
440434	TRUE	12
84311	TRUE	3
440435	FALSE	0
30837	TRUE	16
57636	TRUE	16
80725	TRUE	4
100170841	TRUE	6
100616203	FALSE	0
4302	TRUE	16
100616153	FALSE	0
284106	TRUE	15
7703	TRUE	16
100287808	FALSE	0
100189176	FALSE	0
5691	TRUE	16
8396	TRUE	15
54883	TRUE	15
388381	FALSE	0
100616416	FALSE	0
9349	TRUE	16
619505	FALSE	1
100189435	FALSE	0
100189052	FALSE	0
100189090	FALSE	0
3927	TRUE	16
102465467	FALSE	0
100505576	TRUE	9
494188	FALSE	0
342666	FALSE	0
100131347	TRUE	6
57125	TRUE	9
100189105	FALSE	0
100189414	FALSE	0
390790	FALSE	0
782	TRUE	16
6143	TRUE	16
342667	TRUE	2
101929578	TRUE	2
84961	TRUE	16
5469	TRUE	16
51755	TRUE	16
4761	FALSE	1
84152	TRUE	5
10948	TRUE	16
8557	TRUE	12
5409	TRUE	5
93210	TRUE	16
2064	TRUE	16
100616132	FALSE	0
84299	TRUE	16
2886	TRUE	16
22806	TRUE	9
124626	FALSE	0
55876	TRUE	16
94103	TRUE	16
100505591	FALSE	1
284110	TRUE	3
5709	TRUE	16
1440	TRUE	4
9862	TRUE	16
102466757	FALSE	0
101340251	FALSE	0
7067	TRUE	16
9572	TRUE	16
339287	TRUE	16
22794	TRUE	16
102466986	FALSE	0
51195	TRUE	16
102465523	FALSE	0
147179	TRUE	16
990	TRUE	16
5914	TRUE	16
105371934	FALSE	0
101929693	FALSE	0
125111	TRUE	16
7153	TRUE	16
3487	TRUE	15
84951	TRUE	14
1236	FALSE	0
6605	TRUE	16
125113	FALSE	1
192666	FALSE	1
147183	FALSE	0
353288	FALSE	0
342574	FALSE	0
162605	FALSE	0
3858	TRUE	16
147184	TRUE	16
3859	FALSE	0
54474	FALSE	0
25984	FALSE	1
390792	FALSE	0
125115	TRUE	2
85293	FALSE	0
83897	FALSE	0
83896	FALSE	0
83895	FALSE	0
728255	FALSE	0
81850	FALSE	0
81851	FALSE	0
81872	FALSE	0
728279	FALSE	0
730755	FALSE	0
85294	FALSE	0
100132476	FALSE	0
728224	FALSE	0
100132386	FALSE	0
653240	FALSE	0
83755	FALSE	0
81871	FALSE	0
85289	FALSE	0
84616	FALSE	0
85290	FALSE	0
85291	FALSE	0
85285	TRUE	4
728318	FALSE	0
83899	FALSE	0
83900	FALSE	0
83901	FALSE	0
85280	FALSE	0
81870	FALSE	0
100507608	FALSE	0
100505724	FALSE	0
100533177	FALSE	0
100505753	FALSE	0
83902	FALSE	0
3883	FALSE	0
3884	FALSE	0
3885	FALSE	0
3881	FALSE	0
100505782	FALSE	0
8688	FALSE	0
8687	FALSE	0
3882	TRUE	3
3886	TRUE	4
8689	FALSE	0
3860	TRUE	12
3866	TRUE	16
102466658	FALSE	0
3880	TRUE	16
147093	TRUE	3
3857	TRUE	3
3861	TRUE	3
3868	TRUE	12
3872	TRUE	14
284116	TRUE	2
10209	TRUE	16
2520	TRUE	2
9001	TRUE	13
3728	TRUE	16
10609	TRUE	16
60681	TRUE	16
115024	TRUE	16
317719	FALSE	1
55175	TRUE	16
47	TRUE	16
83538	TRUE	16
1267	TRUE	16
7266	TRUE	16
28511	TRUE	16
201181	TRUE	16
79132	TRUE	14
2648	TRUE	16
94086	FALSE	0
5878	TRUE	16
23415	TRUE	7
3060	FALSE	1
84514	TRUE	16
6777	TRUE	16
6776	TRUE	16
6774	TRUE	16
284119	TRUE	16
535	TRUE	16
100847030	FALSE	0
100847046	FALSE	0
4669	TRUE	16
3292	TRUE	16
80347	TRUE	16
6945	TRUE	16
29893	TRUE	16
162427	TRUE	16
7283	TRUE	16
27175	TRUE	16
79990	TRUE	16
2826	TRUE	10
8506	TRUE	16
2145	TRUE	16
102466195	FALSE	0
100190938	TRUE	3
10266	TRUE	5
84313	TRUE	16
65266	TRUE	16
28958	TRUE	16
124817	TRUE	9
8678	TRUE	16
102465468	FALSE	0
10197	TRUE	16
314	TRUE	15
8639	TRUE	10
90586	FALSE	0
102724175	FALSE	0
388387	FALSE	0
2538	FALSE	0
100885850	FALSE	0
80755	FALSE	0
100885848	TRUE	7
146923	TRUE	16
6155	TRUE	16
3430	TRUE	15
10493	TRUE	16
8153	TRUE	7
672	TRUE	16
10230	TRUE	16
101929767	TRUE	16
4077	TRUE	16
113277	TRUE	10
100874261	FALSE	1
6066	FALSE	0
100130581	TRUE	16
379	TRUE	14
100313779	TRUE	2
1659	TRUE	16
2118	TRUE	16
4222	TRUE	4
50964	FALSE	0
1845	TRUE	16
284067	FALSE	1
4356	TRUE	16
146894	FALSE	0
4355	TRUE	14
23591	FALSE	0
102724183	FALSE	0
5539	FALSE	1
5697	FALSE	1
162417	TRUE	16
84336	TRUE	16
124801	TRUE	16
92579	TRUE	16
10014	TRUE	16
105371789	TRUE	2
78995	TRUE	16
92591	TRUE	15
339201	TRUE	16
79089	TRUE	16
56970	TRUE	16
7343	TRUE	16
102465469	FALSE	0
6521	FALSE	0
101926996	TRUE	13
10900	TRUE	12
51629	TRUE	16
2896	TRUE	16
284069	TRUE	16
3674	TRUE	8
23131	TRUE	16
2535	TRUE	16
101927017	FALSE	0
284071	TRUE	15
124808	TRUE	16
80174	TRUE	16
4185	TRUE	14
10052	TRUE	14
51751	TRUE	4
9343	TRUE	16
388389	TRUE	16
2670	TRUE	2
146909	TRUE	16
102466734	FALSE	0
10882	TRUE	12
79877	TRUE	16
4836	TRUE	16
113026	TRUE	16
102465470	FALSE	1
79777	TRUE	16
10614	TRUE	16
124790	TRUE	16
752	TRUE	16
100133991	TRUE	16
124783	TRUE	6
9020	TRUE	16
201176	TRUE	10
9842	FALSE	0
100423004	FALSE	0
55073	FALSE	1
644172	FALSE	0
401884	FALSE	0
104909134	FALSE	0
147081	FALSE	0
1394	FALSE	0
100128977	FALSE	0
162540	FALSE	0
4137	TRUE	3
100130148	FALSE	0
246744	FALSE	0
284058	TRUE	8
644246	FALSE	0
9884	TRUE	5
100506084	TRUE	7
728806	FALSE	1
51326	TRUE	5
474170	TRUE	4
4905	TRUE	11
7473	FALSE	0
101929777	FALSE	0
7484	FALSE	0
9570	TRUE	16
100847067	FALSE	0
388394	TRUE	4
996	TRUE	16
4635	FALSE	0
3690	TRUE	12
102724508	FALSE	1
124989	TRUE	15
653479	TRUE	16
9520	TRUE	16
3837	TRUE	16
9755	TRUE	16
30009	FALSE	0
114881	TRUE	16
124995	TRUE	16
90506	TRUE	14
90507	TRUE	16
80320	TRUE	16
102724532	TRUE	16
6668	TRUE	16
100506325	TRUE	16
55163	TRUE	16
79170	TRUE	11
80279	TRUE	16
51226	TRUE	10
406943	FALSE	0
4779	TRUE	16
10951	TRUE	16
29916	TRUE	16
8631	TRUE	11
100302211	FALSE	0
101927166	TRUE	2
3211	FALSE	0
3212	TRUE	12
100874362	TRUE	10
3213	TRUE	14
3214	TRUE	13
406902	FALSE	0
404266	TRUE	14
3215	TRUE	14
3216	TRUE	14
3217	TRUE	16
3218	TRUE	13
3219	TRUE	14
105371810	TRUE	11
406972	TRUE	3
360205	TRUE	4
84366	FALSE	0
100422978	FALSE	0
10481	TRUE	8
284076	TRUE	4
10241	TRUE	16
516	TRUE	16
65264	TRUE	16
11267	TRUE	16
2695	TRUE	4
10642	TRUE	8
124872	FALSE	0
7229	FALSE	0
2793	FALSE	0
51225	FALSE	0
162466	TRUE	5
124871	FALSE	0
102465137	FALSE	0
22834	TRUE	16
102724596	TRUE	4
5245	TRUE	16
101927207	FALSE	0
4804	TRUE	11
100288866	FALSE	0
102465141	FALSE	0
11248	TRUE	3
8405	TRUE	16
10237	TRUE	16
81558	TRUE	16
11143	TRUE	16
255061	FALSE	0
729220	FALSE	0
1748	TRUE	13
1747	TRUE	6
284080	TRUE	13
3675	TRUE	16
5164	TRUE	16
201191	TRUE	4
84687	TRUE	16
6442	FALSE	0
373861	FALSE	0
1277	TRUE	16
101927230	FALSE	0
162461	TRUE	12
103752589	FALSE	1
64132	TRUE	16
51264	TRUE	16
146956	TRUE	16
55379	TRUE	16
80221	TRUE	14
1101	TRUE	12
55316	TRUE	16
84073	TRUE	6
55040	TRUE	14
64847	TRUE	16
253962	FALSE	0
8913	TRUE	8
8714	TRUE	16
91369	TRUE	16
51747	TRUE	16
55018	FALSE	0
102466918	FALSE	0
124857	FALSE	0
10140	TRUE	16
400604	TRUE	16
9043	TRUE	16
654364	TRUE	2
4830	TRUE	16
4831	TRUE	16
54799	TRUE	16
51096	TRUE	16
101927274	FALSE	0
440446	FALSE	0
56934	FALSE	0
100506650	FALSE	0
84643	FALSE	0
10040	TRUE	16
1353	TRUE	16
252983	TRUE	16
3131	TRUE	3
23531	TRUE	16
55273	FALSE	0
58488	TRUE	16
162282	FALSE	0
9241	TRUE	14
339210	TRUE	16
8526	TRUE	16
246754	FALSE	0
7706	TRUE	16
100500827	FALSE	0
8161	TRUE	16
59342	TRUE	16
376412	FALSE	0
8165	TRUE	16
124540	TRUE	16
101927557	FALSE	0
101927539	FALSE	0
101927581	FALSE	0
51649	TRUE	16
404093	TRUE	16
7716	TRUE	16
101929185	TRUE	16
6426	TRUE	16
101927666	FALSE	0
140735	TRUE	16
26689	FALSE	0
55545	FALSE	0
124538	FALSE	0
8288	TRUE	2
54903	TRUE	16
4025	FALSE	0
4353	FALSE	0
9256	FALSE	0
100506779	TRUE	3
406934	FALSE	0
100616220	FALSE	0
6827	TRUE	16
54894	TRUE	14
124535	FALSE	0
9110	TRUE	16
101927688	FALSE	0
5414	TRUE	4
284083	FALSE	0
56155	TRUE	10
5889	TRUE	16
22843	TRUE	11
4591	TRUE	16
348235	TRUE	16
768216	FALSE	0
407027	FALSE	0
55771	TRUE	16
105371844	FALSE	0
55181	TRUE	16
284161	TRUE	16
388403	TRUE	16
100616204	FALSE	0
101927728	FALSE	0
79665	TRUE	16
1213	TRUE	16
51651	TRUE	16
81671	TRUE	16
406991	TRUE	11
51174	TRUE	16
6198	TRUE	16
51136	TRUE	16
101927755	TRUE	11
653645	FALSE	0
105371935	TRUE	2
100616210	TRUE	2
63897	TRUE	16
645638	TRUE	9
653653	TRUE	13
105376849	FALSE	0
762	TRUE	2
84669	TRUE	16
677681	FALSE	1
124773	FALSE	0
10513	TRUE	16
388406	FALSE	0
8493	TRUE	16
54828	TRUE	16
100189080	FALSE	0
101927855	FALSE	0
103689912	TRUE	4
6909	TRUE	7
388407	TRUE	6
9496	TRUE	3
342538	TRUE	9
83990	TRUE	16
57508	TRUE	16
9969	TRUE	16
440452	FALSE	0
146779	FALSE	0
339175	TRUE	16
105371937	TRUE	16
11011	TRUE	16
9902	TRUE	11
162333	TRUE	3
693218	FALSE	0
26115	TRUE	16
1534	TRUE	16
1636	TRUE	13
81033	TRUE	2
10238	TRUE	16
51204	TRUE	16
4215	TRUE	16
80774	TRUE	16
729683	TRUE	4
92335	TRUE	16
57003	TRUE	16
11325	TRUE	16
117246	TRUE	16
5705	TRUE	16
6603	TRUE	16
146771	TRUE	4
1443	FALSE	0
2689	FALSE	0
1442	FALSE	0
1444	FALSE	0
2688	FALSE	0
974	FALSE	0
6329	FALSE	0
400612	FALSE	0
92340	TRUE	10
3384	TRUE	6
2081	TRUE	16
692227	TRUE	16
677842	TRUE	12
55852	TRUE	16
5175	TRUE	9
100526648	FALSE	0
284021	TRUE	5
11232	TRUE	16
1655	TRUE	16
100616387	TRUE	14
100616408	TRUE	16
90799	TRUE	16
64750	TRUE	16
146880	TRUE	16
102464831	FALSE	0
440456	TRUE	16
100422961	FALSE	0
374819	TRUE	15
201283	TRUE	16
10672	TRUE	16
100507002	TRUE	16
8787	TRUE	5
8313	TRUE	12
201134	TRUE	16
350	TRUE	2
5578	TRUE	16
101928001	FALSE	0
693219	FALSE	0
27091	FALSE	0
27092	TRUE	12
786	TRUE	2
9931	TRUE	16
101928021	FALSE	0
5718	TRUE	16
26207	TRUE	16
100500895	FALSE	0
693131	FALSE	0
25926	TRUE	16
100124536	FALSE	0
2186	TRUE	16
284018	TRUE	16
7233	FALSE	0
3838	TRUE	16
100499466	TRUE	16
440461	FALSE	0
51321	TRUE	16
22901	TRUE	14
9120	TRUE	12
5573	TRUE	16
55062	TRUE	16
693220	TRUE	2
54757	TRUE	8
101928104	FALSE	0
10351	TRUE	2
10350	TRUE	2
104355297	FALSE	0
23460	TRUE	8
100847008	FALSE	0
100616316	FALSE	0
10349	TRUE	10
100133319	FALSE	0
23461	TRUE	16
5608	TRUE	14
101928122	FALSE	0
102723487	FALSE	0
101928141	FALSE	0
3773	FALSE	1
400617	TRUE	5
3759	TRUE	10
101928165	FALSE	0
102723505	FALSE	0
102606463	TRUE	7
102723517	FALSE	0
400618	TRUE	12
101928205	FALSE	0
6662	TRUE	16
100499467	TRUE	16
400619	TRUE	8
201266	TRUE	16
6752	TRUE	4
9382	TRUE	16
84923	TRUE	16
55028	TRUE	16
642843	FALSE	0
23580	TRUE	16
54549	TRUE	6
100134391	FALSE	0
283982	FALSE	0
400620	FALSE	0
6169	TRUE	16
85001	TRUE	16
94015	TRUE	13
64446	FALSE	0
124602	FALSE	0
388419	FALSE	0
350383	TRUE	2
55890	TRUE	16
11314	FALSE	0
124599	FALSE	0
10871	TRUE	2
100130520	FALSE	0
100131439	FALSE	0
146723	FALSE	0
342510	FALSE	0
326624	TRUE	11
146722	FALSE	0
9368	TRUE	16
100500847	FALSE	0
26151	TRUE	16
54868	TRUE	16
2905	TRUE	15
2232	TRUE	16
283985	FALSE	0
124590	TRUE	6
92736	TRUE	3
347741	TRUE	4
283987	TRUE	16
102723641	FALSE	0
30850	TRUE	16
3396	TRUE	16
23510	TRUE	16
100189078	FALSE	0
100189181	FALSE	0
100189371	FALSE	0
10476	TRUE	16
9121	TRUE	14
79637	TRUE	16
30833	TRUE	16
51155	TRUE	16
6613	TRUE	16
79902	TRUE	16
23163	TRUE	16
51081	TRUE	16
57409	TRUE	16
100287042	TRUE	16
60386	TRUE	16
2885	TRUE	16
100500841	FALSE	0
9772	TRUE	16
102466911	FALSE	0
57513	TRUE	16
283989	TRUE	16
3993	TRUE	16
80022	TRUE	14
9400	TRUE	16
643008	TRUE	10
100130933	TRUE	10
29115	TRUE	16
3691	TRUE	16
2584	TRUE	16
3021	TRUE	16
100616282	FALSE	0
85451	TRUE	16
201294	TRUE	16
23558	TRUE	16
91107	TRUE	16
201292	TRUE	16
64978	TRUE	16
85302	TRUE	16
51	TRUE	16
100529145	TRUE	14
100134934	FALSE	0
1018	FALSE	0
2125	TRUE	16
6730	TRUE	16
8811	TRUE	16
353174	TRUE	2
23265	TRUE	16
102466753	FALSE	0
2302	TRUE	14
100507218	TRUE	7
114804	TRUE	14
283991	TRUE	16
84074	TRUE	14
5635	TRUE	16
8877	TRUE	16
63893	TRUE	16
15	TRUE	3
79651	TRUE	16
114757	TRUE	9
768206	TRUE	6
100507246	TRUE	16
677850	FALSE	0
677849	FALSE	0
677848	FALSE	0
10610	TRUE	14
55808	TRUE	6
105274304	TRUE	13
439921	TRUE	15
105376847	FALSE	0
23210	TRUE	16
124512	TRUE	16
6427	TRUE	16
693221	FALSE	0
79157	TRUE	16
101928514	FALSE	0
146664	TRUE	14
105371899	FALSE	0
654434	TRUE	16
6397	TRUE	16
677781	FALSE	0
102466864	FALSE	0
105371906	FALSE	0
105371907	FALSE	0
10801	TRUE	16
105371905	FALSE	0
100422851	FALSE	0
100996273	FALSE	1
100507351	FALSE	0
100132174	FALSE	0
400624	FALSE	0
57690	TRUE	16
100131096	TRUE	16
11322	TRUE	16
147138	TRUE	14
100141515	TRUE	3
9144	TRUE	16
7083	TRUE	16
125061	TRUE	16
332	TRUE	16
283999	FALSE	0
105371910	FALSE	0
100996291	FALSE	0
9021	TRUE	16
101928674	TRUE	13
9489	TRUE	16
8632	TRUE	16
100996295	TRUE	2
101928710	TRUE	9
9267	TRUE	16
57602	TRUE	16
7077	TRUE	16
100653515	TRUE	6
3959	TRUE	16
124583	TRUE	16
100507410	TRUE	2
114897	TRUE	11
64772	TRUE	16
146713	TRUE	2
644767	FALSE	0
100616170	FALSE	0
100652929	FALSE	0
339221	FALSE	0
84733	TRUE	16
57332	TRUE	16
8535	TRUE	16
101928766	TRUE	2
101928738	FALSE	0
125058	TRUE	16
55036	TRUE	14
100616121	FALSE	0
2548	TRUE	16
9775	TRUE	16
79092	TRUE	16
6448	TRUE	16
284129	TRUE	16
57674	TRUE	16
100294362	TRUE	8
284131	TRUE	16
100616359	FALSE	0
4884	TRUE	12
57521	TRUE	16
101928855	FALSE	0
105371921	TRUE	3
79643	TRUE	16
100129503	TRUE	16
440465	TRUE	16
10458	TRUE	16
9625	TRUE	16
724027	FALSE	0
100422915	FALSE	0
442906	FALSE	0
100302229	FALSE	0
388428	FALSE	0
22994	TRUE	16
146705	TRUE	16
284184	TRUE	16
124565	TRUE	16
284185	TRUE	14
284186	TRUE	14
100130370	TRUE	8
57597	TRUE	16
100616294	FALSE	0
100422944	FALSE	0
71	TRUE	16
25794	TRUE	16
80233	TRUE	16
55666	TRUE	16
83882	TRUE	12
5148	FALSE	0
339229	TRUE	16
339230	TRUE	16
339231	TRUE	16
9146	TRUE	16
102465471	FALSE	0
6182	TRUE	16
1468	TRUE	16
2642	FALSE	0
348262	TRUE	16
116729	TRUE	2
5034	TRUE	16
396	TRUE	16
10189	TRUE	16
51529	TRUE	16
256933	TRUE	16
5833	TRUE	16
51547	TRUE	16
4097	TRUE	16
92659	TRUE	16
5831	TRUE	16
255275	TRUE	3
147111	TRUE	10
79058	TRUE	16
201254	TRUE	16
201255	TRUE	16
5881	TRUE	16
51181	TRUE	16
5986	TRUE	16
2873	TRUE	16
64118	TRUE	16
2194	TRUE	16
284001	TRUE	16
9123	TRUE	16
102465472	FALSE	0
1453	TRUE	16
924	TRUE	3
6398	TRUE	16
400629	TRUE	11
2837	FALSE	0
79701	TRUE	16
284004	TRUE	16
79415	TRUE	16
26502	TRUE	16
100189255	FALSE	0
3607	TRUE	16
56270	TRUE	16
10966	TRUE	16
100616196	FALSE	0
105376791	FALSE	0
79672	TRUE	16
64122	TRUE	14
6904	TRUE	16
79755	TRUE	4
105371944	FALSE	0
146712	TRUE	16
284207	TRUE	15
388574	TRUE	3
727758	TRUE	16
102466878	TRUE	9
9097	TRUE	16
9984	TRUE	16
81035	FALSE	0
105376854	FALSE	0
1068	FALSE	0
27098	TRUE	4
494514	TRUE	16
7298	TRUE	16
55556	TRUE	16
7525	TRUE	16
116	TRUE	4
388456	FALSE	0
56651	FALSE	0
101926997	FALSE	0
64863	TRUE	16
10403	TRUE	16
645158	TRUE	9
23347	TRUE	16
84034	TRUE	14
9663	TRUE	16
727896	TRUE	15
8736	TRUE	14
10627	TRUE	16
104968399	TRUE	14
103910	TRUE	16
7050	TRUE	16
100505592	TRUE	5
9229	TRUE	11
649446	TRUE	16
84777	TRUE	16
201477	FALSE	0
102465430	FALSE	0
101410534	FALSE	0
284215	FALSE	0
105372013	FALSE	0
642597	FALSE	0
147525	TRUE	16
339290	TRUE	16
7541	TRUE	16
23136	FALSE	1
105372014	FALSE	0
645355	FALSE	0
100616244	FALSE	0
645369	TRUE	2
91133	TRUE	6
101927150	FALSE	0
100422840	FALSE	0
105372015	FALSE	1
100130480	FALSE	0
79822	TRUE	4
400643	TRUE	2
284217	TRUE	4
101927188	FALSE	0
339291	FALSE	0
5797	TRUE	12
100192426	FALSE	0
201475	TRUE	16
100287082	TRUE	8
23255	TRUE	16
4729	TRUE	16
101927275	TRUE	16
23253	TRUE	16
102724383	FALSE	0
57045	TRUE	16
10928	TRUE	16
9989	TRUE	16
101927323	TRUE	11
11031	TRUE	16
84203	TRUE	5
9218	TRUE	16
101927350	FALSE	0
147495	TRUE	8
8774	TRUE	16
101927376	TRUE	2
101927410	FALSE	0
63895	TRUE	6
102466735	FALSE	0
101927433	FALSE	0
646000	FALSE	0
105376851	FALSE	0
102465690	FALSE	0
2774	TRUE	16
57132	TRUE	16
65258	TRUE	16
3613	TRUE	16
342850	FALSE	0
497259	TRUE	2
1149	FALSE	0
84617	TRUE	16
10939	TRUE	16
10650	TRUE	16
105376855	TRUE	3
56907	TRUE	16
56984	TRUE	16
79959	TRUE	16
100996324	FALSE	0
5771	TRUE	16
81929	TRUE	16
55125	TRUE	16
753	TRUE	6
100288122	FALSE	0
100847080	FALSE	0
100616130	FALSE	0
125228	TRUE	16
8731	TRUE	16
4161	FALSE	0
4158	FALSE	0
162655	TRUE	16
440482	TRUE	10
284233	TRUE	5
440224	FALSE	0
388468	FALSE	0
374860	FALSE	0
100422907	FALSE	0
400644	FALSE	0
101927642	TRUE	2
644669	FALSE	0
6093	TRUE	16
80000	TRUE	14
114799	TRUE	16
6632	TRUE	16
171586	TRUE	16
100302135	FALSE	0
57534	TRUE	16
102723167	FALSE	0
406922	FALSE	0
406905	FALSE	0
100128893	TRUE	6
2627	TRUE	12
64693	FALSE	0
101927571	TRUE	5
5932	TRUE	16
100616139	FALSE	0
105372022	TRUE	9
91768	TRUE	14
85019	TRUE	16
8780	TRUE	16
29919	TRUE	16
4864	TRUE	16
147463	TRUE	9
3909	TRUE	16
125488	TRUE	16
102724246	TRUE	2
26256	TRUE	14
114876	TRUE	16
100302195	FALSE	0
55364	TRUE	16
59340	FALSE	0
729950	FALSE	1
25925	FALSE	1
6760	TRUE	16
143471	FALSE	0
6875	TRUE	14
100506787	FALSE	0
284252	TRUE	16
102466874	FALSE	0
728606	FALSE	0
361	TRUE	2
147429	FALSE	0
83539	TRUE	4
1000	TRUE	8
100302131	FALSE	0
1825	TRUE	7
1824	TRUE	14
101927698	FALSE	0
1823	TRUE	2
1828	FALSE	1
101927718	FALSE	1
147409	FALSE	1
1830	TRUE	6
1829	TRUE	16
100652770	TRUE	7
7276	FALSE	0
9331	TRUE	16
147407	FALSE	0
22878	TRUE	16
54941	TRUE	12
51444	TRUE	16
4225	FALSE	0
64762	TRUE	16
441818	FALSE	0
57565	TRUE	4
374864	TRUE	2
80816	TRUE	4
8715	TRUE	4
1837	TRUE	8
10982	TRUE	16
84307	TRUE	16
100101467	TRUE	16
10778	TRUE	16
7572	TRUE	16
252884	TRUE	13
125476	TRUE	16
100616257	FALSE	0
2589	TRUE	16
406963	FALSE	0
100500864	TRUE	2
83608	TRUE	16
55197	TRUE	16
25800	TRUE	16
55250	TRUE	16
55034	TRUE	15
80206	TRUE	16
25941	TRUE	16
57536	TRUE	16
56853	TRUE	2
100422857	FALSE	0
102724417	FALSE	0
647946	TRUE	14
100126323	FALSE	0
100846997	FALSE	0
100847025	FALSE	0
101927900	FALSE	0
641516	TRUE	2
5289	TRUE	16
284260	TRUE	2
6014	FALSE	0
6860	TRUE	3
101927921	FALSE	0
26040	TRUE	10
100422829	FALSE	0
8170	FALSE	0
101927980	FALSE	0
6563	TRUE	8
57724	TRUE	16
284266	TRUE	9
9050	TRUE	10
498	TRUE	16
100188995	FALSE	0
115106	TRUE	16
147339	TRUE	16
494470	TRUE	2
125336	FALSE	1
29906	TRUE	2
9063	TRUE	16
83473	TRUE	15
100506888	FALSE	0
728929	FALSE	0
101930171	FALSE	0
162699	FALSE	0
51224	FALSE	0
84064	TRUE	16
51124	TRUE	16
652991	FALSE	0
100616264	FALSE	0
4087	TRUE	16
201501	TRUE	8
9811	TRUE	16
100616366	FALSE	0
4092	TRUE	16
105372109	TRUE	2
54808	TRUE	16
100616420	FALSE	0
100526842	FALSE	0
497661	TRUE	16
100302257	FALSE	0
6139	TRUE	16
100124516	TRUE	10
26791	TRUE	5
26790	FALSE	0
9388	TRUE	16
10449	TRUE	16
677769	TRUE	14
103091864	TRUE	9
4645	TRUE	16
100422865	FALSE	0
220136	TRUE	13
4152	TRUE	16
30827	TRUE	16
220134	FALSE	0
5596	TRUE	3
83876	TRUE	3
4200	TRUE	14
55520	TRUE	14
4089	TRUE	12
51320	TRUE	14
100287225	FALSE	0
1630	TRUE	2
100616232	FALSE	0
102724651	FALSE	0
101928167	FALSE	0
8932	TRUE	16
677819	FALSE	0
11201	TRUE	16
147323	FALSE	1
162681	TRUE	16
284254	FALSE	0
5874	TRUE	16
80323	TRUE	16
101927229	FALSE	0
6925	TRUE	11
100616290	FALSE	0
101927273	FALSE	0
100505474	FALSE	0
9352	TRUE	16
23335	TRUE	16
100885779	FALSE	0
284257	FALSE	0
51046	FALSE	0
9480	TRUE	16
2235	TRUE	16
4677	TRUE	16
100505549	TRUE	16
5205	TRUE	16
23327	TRUE	16
406906	FALSE	0
100616357	FALSE	0
115701	FALSE	0
101927322	FALSE	1
10892	TRUE	16
55205	TRUE	16
390858	FALSE	0
90701	TRUE	16
2922	FALSE	0
30062	FALSE	0
339302	FALSE	0
3998	TRUE	16
147372	TRUE	4
5366	TRUE	16
4160	TRUE	2
28316	FALSE	0
100996669	FALSE	0
220441	TRUE	10
23556	TRUE	16
57614	TRUE	16
8792	TRUE	16
54877	TRUE	16
23239	TRUE	16
596	TRUE	15
2531	TRUE	16
9525	TRUE	16
5268	TRUE	12
89777	FALSE	0
5275	TRUE	2
6318	TRUE	2
6317	TRUE	5
89778	FALSE	0
8710	TRUE	8
5055	TRUE	8
5273	FALSE	0
284293	TRUE	7
5271	TRUE	16
221241	FALSE	0
284294	FALSE	0
400654	FALSE	0
1005	TRUE	2
28513	FALSE	1
100847002	FALSE	0
92126	FALSE	0
643542	FALSE	0
101927430	FALSE	0
54495	TRUE	16
79839	TRUE	8
100873758	FALSE	0
220164	FALSE	0
10666	TRUE	5
25914	TRUE	16
9306	TRUE	16
101927481	TRUE	11
101060542	TRUE	11
220158	FALSE	0
100505776	FALSE	0
102724913	FALSE	0
147381	TRUE	6
81832	TRUE	2
100847083	FALSE	0
100505797	FALSE	0
400655	TRUE	2
100505817	TRUE	8
201456	TRUE	10
29090	TRUE	16
1528	TRUE	16
644041	FALSE	0
101927606	FALSE	0
125704	FALSE	0
105372192	FALSE	0
55748	TRUE	16
84735	FALSE	0
400657	TRUE	16
55628	TRUE	16
284273	TRUE	16
10194	TRUE	16
284274	FALSE	0
100505853	FALSE	0
105372204	FALSE	0
339298	FALSE	0
9658	TRUE	16
101927989	TRUE	15
400658	TRUE	10
284276	TRUE	3
400660	TRUE	2
101927651	FALSE	0
400661	FALSE	0
100131655	TRUE	16
7776	TRUE	16
4155	TRUE	16
2587	FALSE	0
101927715	FALSE	0
27164	FALSE	0
374868	TRUE	16
100996274	FALSE	0
4772	TRUE	16
9150	TRUE	16
105376875	FALSE	0
26251	TRUE	14
80148	TRUE	16
440498	TRUE	16
10907	TRUE	16
79863	TRUE	16
100506070	TRUE	2
22850	TRUE	16
100130522	TRUE	10
84552	TRUE	16
375690	TRUE	7
100422919	FALSE	0
641702	FALSE	0
81099	FALSE	0
399844	TRUE	8
101928344	TRUE	2
8612	TRUE	16
101929060	TRUE	6
54531	TRUE	16
51298	FALSE	1
126567	TRUE	11
25759	TRUE	10
284451	TRUE	4
8174	TRUE	6
91978	TRUE	16
997	TRUE	16
3004	TRUE	4
682	TRUE	16
610	TRUE	14
5442	TRUE	16
27006	FALSE	0
55658	TRUE	16
10272	TRUE	16
400668	FALSE	0
5064	TRUE	10
126353	TRUE	16
5725	TRUE	16
100616459	FALSE	0
79948	TRUE	7
100422854	FALSE	0
566	FALSE	0
5657	FALSE	0
1991	FALSE	0
1675	TRUE	4
10025	TRUE	16
101954271	FALSE	0
91300	TRUE	16
84634	TRUE	7
1820	TRUE	16
57418	TRUE	16
116444	TRUE	11
91304	TRUE	16
103625684	TRUE	2
1265	TRUE	16
10347	TRUE	16
23526	TRUE	16
5434	TRUE	16
2879	TRUE	16
22904	TRUE	16
6794	TRUE	16
255057	TRUE	16
513	TRUE	16
90007	TRUE	16
148046	TRUE	16
1153	TRUE	16
55009	TRUE	16
1943	TRUE	12
84939	TRUE	16
100189306	FALSE	0
100189195	FALSE	0
374291	TRUE	16
2593	TRUE	16
26528	TRUE	16
6209	TRUE	16
10297	TRUE	16
148223	TRUE	16
54760	TRUE	15
92840	TRUE	16
339366	TRUE	14
126520	FALSE	0
399664	TRUE	16
53615	TRUE	16
10975	TRUE	16
6929	TRUE	16
390874	TRUE	5
148229	TRUE	16
57455	TRUE	16
100302210	FALSE	0
100288123	TRUE	16
83855	TRUE	16
81926	TRUE	16
113179	TRUE	16
113178	TRUE	16
1455	TRUE	16
255193	FALSE	0
55643	TRUE	16
2872	TRUE	16
126308	TRUE	16
113177	TRUE	14
8943	TRUE	16
84444	TRUE	16
55111	TRUE	16
100302283	FALSE	0
102466736	FALSE	0
8175	TRUE	16
268	TRUE	14
100423031	FALSE	0
126306	TRUE	4
4946	TRUE	16
374872	FALSE	1
645191	FALSE	1
51690	TRUE	16
56928	TRUE	16
360200	TRUE	14
26517	TRUE	16
84823	TRUE	16
102466806	FALSE	0
101928602	TRUE	10
4616	TRUE	16
101929097	FALSE	0
2788	TRUE	6
102465838	FALSE	0
148252	TRUE	9
29985	TRUE	16
6449	TRUE	16
7064	TRUE	16
115196	TRUE	16
148254	TRUE	16
80032	FALSE	0
126295	TRUE	16
58492	TRUE	16
79816	TRUE	15
7089	TRUE	13
166	TRUE	16
2767	TRUE	16
2769	TRUE	12
100996351	FALSE	0
8698	FALSE	1
56926	TRUE	16
60680	TRUE	8
4782	TRUE	16
284422	TRUE	8
83475	TRUE	16
51343	TRUE	16
126321	TRUE	16
100128569	TRUE	16
10362	TRUE	16
126326	TRUE	3
6915	TRUE	8
404665	TRUE	7
58509	TRUE	16
23396	TRUE	16
27134	TRUE	16
9546	TRUE	16
116541	TRUE	16
84839	FALSE	0
4145	TRUE	6
23217	FALSE	0
85300	FALSE	0
27231	FALSE	0
1613	TRUE	16
693222	TRUE	3
1938	TRUE	16
26812	TRUE	2
51588	TRUE	16
51341	TRUE	16
5605	TRUE	16
84699	TRUE	8
51548	TRUE	16
170961	TRUE	15
10148	TRUE	9
55702	TRUE	16
56961	TRUE	3
126259	TRUE	2
79187	TRUE	8
55620	TRUE	16
84954	TRUE	16
6455	TRUE	16
10036	TRUE	16
80700	TRUE	16
100616371	FALSE	0
84717	TRUE	16
729359	TRUE	15
440503	TRUE	5
116844	TRUE	9
10501	TRUE	12
126282	TRUE	16
56005	TRUE	16
91039	TRUE	16
100131094	TRUE	16
7197	FALSE	0
100189416	TRUE	2
284424	TRUE	2
407045	FALSE	0
55527	TRUE	16
148022	TRUE	16
10226	TRUE	16
645432	FALSE	0
29128	TRUE	16
100616337	FALSE	0
23030	TRUE	16
5802	TRUE	14
148066	FALSE	0
257000	TRUE	14
9667	TRUE	16
6294	TRUE	16
125988	TRUE	16
374875	TRUE	16
25873	TRUE	16
9361	TRUE	16
257062	FALSE	0
163154	TRUE	16
56931	TRUE	16
4902	TRUE	12
2528	TRUE	7
2525	TRUE	13
101928844	FALSE	1
2527	FALSE	0
126328	TRUE	16
400673	TRUE	16
828	TRUE	16
8498	TRUE	16
100128568	TRUE	13
5990	TRUE	16
81616	TRUE	7
4298	TRUE	16
125981	FALSE	0
8192	TRUE	16
84266	TRUE	16
5623	TRUE	8
2962	TRUE	16
102465533	FALSE	0
102465473	FALSE	0
390877	TRUE	2
8570	TRUE	16
100500888	FALSE	0
284427	TRUE	7
79085	TRUE	16
92359	TRUE	15
79958	TRUE	16
10382	TRUE	5
8744	TRUE	16
970	TRUE	6
8740	FALSE	1
718	TRUE	14
56927	TRUE	16
102465474	FALSE	0
9322	TRUE	16
10045	TRUE	16
7409	TRUE	6
2015	FALSE	1
326342	FALSE	0
497049	FALSE	0
284428	FALSE	0
653656	FALSE	0
125997	FALSE	0
653657	FALSE	0
79230	TRUE	16
3643	TRUE	16
23370	TRUE	16
100128573	FALSE	0
92960	TRUE	16
374877	TRUE	6
140467	TRUE	16
57192	TRUE	16
10908	TRUE	16
57662	TRUE	16
102465475	FALSE	0
56949	TRUE	16
100131801	TRUE	16
126006	TRUE	6
6813	TRUE	16
56729	FALSE	0
199675	FALSE	0
126003	TRUE	16
2208	FALSE	0
339390	FALSE	0
30835	FALSE	0
10332	FALSE	0
440508	FALSE	0
115704	TRUE	16
80164	TRUE	13
388499	FALSE	0
80131	TRUE	16
5609	TRUE	16
100507588	TRUE	16
6618	TRUE	16
404217	TRUE	14
10469	TRUE	16
1994	TRUE	16
6370	FALSE	0
84467	FALSE	1
79603	TRUE	11
51293	TRUE	16
4701	TRUE	16
6234	TRUE	16
256949	TRUE	16
51129	TRUE	15
100507567	TRUE	16
100847049	FALSE	0
9230	TRUE	16
51257	TRUE	16
4670	TRUE	16
84106	FALSE	0
84330	TRUE	16
4542	TRUE	11
81794	TRUE	4
105372267	TRUE	2
284382	FALSE	0
284383	FALSE	0
148156	TRUE	14
85509	FALSE	0
94025	TRUE	13
125963	FALSE	0
390882	FALSE	0
125962	FALSE	0
390883	FALSE	0
57693	TRUE	16
162998	FALSE	0
125958	FALSE	0
26648	FALSE	0
374879	TRUE	16
84527	TRUE	16
100529215	FALSE	0
7730	FALSE	0
105372342	FALSE	0
10781	TRUE	16
105372269	TRUE	2
147741	FALSE	0
79088	TRUE	16
101928238	TRUE	13
7675	TRUE	16
93134	TRUE	16
284385	TRUE	16
54811	TRUE	16
729648	TRUE	2
162993	TRUE	16
100505555	TRUE	4
54850	TRUE	16
59286	TRUE	16
5300	TRUE	16
93145	TRUE	7
50509	TRUE	6
50700	FALSE	0
105372271	FALSE	0
100847093	FALSE	0
388503	FALSE	0
55337	TRUE	16
83854	TRUE	6
56342	TRUE	16
692312	FALSE	0
692229	FALSE	0
100113382	FALSE	0
5032	TRUE	16
8666	TRUE	16
1786	TRUE	16
9294	TRUE	16
100422925	FALSE	0
51073	TRUE	16
3383	TRUE	15
3386	TRUE	6
7087	TRUE	16
100125288	TRUE	15
112812	TRUE	16
125950	TRUE	16
3385	TRUE	16
7297	TRUE	16
11140	TRUE	16
100302213	FALSE	0
5141	TRUE	16
9817	TRUE	16
53637	TRUE	10
84971	TRUE	16
100302226	FALSE	0
65095	TRUE	16
1032	TRUE	16
10053	TRUE	14
57153	TRUE	16
147727	TRUE	16
3609	TRUE	16
81890	TRUE	16
1785	TRUE	16
693223	FALSE	0
100616425	FALSE	0
406976	FALSE	0
102466737	FALSE	0
11018	TRUE	16
255809	TRUE	9
10498	TRUE	16
78992	TRUE	16
90580	TRUE	16
6597	TRUE	16
3949	TRUE	16
102465534	FALSE	0
147841	TRUE	16
25959	TRUE	16
57572	TRUE	16
55908	FALSE	0
26526	FALSE	0
9545	TRUE	16
374882	TRUE	16
126075	TRUE	16
64748	TRUE	16
126074	TRUE	16
2057	TRUE	16
57139	TRUE	16
115948	TRUE	9
5589	TRUE	16
1995	TRUE	4
115950	TRUE	16
102465856	FALSE	0
51295	TRUE	16
1264	TRUE	2
84337	TRUE	16
54	TRUE	3
199692	TRUE	16
664709	TRUE	16
401898	TRUE	8
55552	TRUE	16
126068	TRUE	16
126069	TRUE	8
126070	TRUE	16
90594	TRUE	4
7620	TRUE	10
90592	TRUE	16
284390	TRUE	10
163059	TRUE	15
729747	TRUE	6
284391	TRUE	4
388507	TRUE	4
100529855	TRUE	3
7568	FALSE	0
90589	TRUE	4
7695	TRUE	16
100289333	FALSE	1
101060181	FALSE	0
51710	TRUE	16
147837	TRUE	11
79973	TRUE	8
105372277	TRUE	4
90576	TRUE	16
10224	TRUE	16
163051	TRUE	15
163050	TRUE	16
57474	TRUE	16
163049	TRUE	16
4125	TRUE	16
84292	TRUE	16
51398	TRUE	16
1725	TRUE	16
105372280	FALSE	1
84261	TRUE	16
30000	TRUE	16
26810	FALSE	0
79002	TRUE	16
439	TRUE	16
54831	TRUE	2
29911	TRUE	16
100847071	FALSE	0
3726	TRUE	16
7001	TRUE	16
10535	TRUE	16
83546	TRUE	11
22983	TRUE	16
102466196	FALSE	0
1777	TRUE	16
10661	FALSE	1
2639	TRUE	16
256126	TRUE	16
100847016	FALSE	0
2193	TRUE	16
811	TRUE	16
102466659	FALSE	0
5886	TRUE	16
90480	TRUE	16
199699	FALSE	1
4784	TRUE	16
4066	TRUE	6
55621	TRUE	16
112939	TRUE	16
8677	TRUE	16
9592	TRUE	16
773	TRUE	13
81576	TRUE	16
84245	TRUE	16
28974	TRUE	16
65249	TRUE	16
284454	TRUE	16
407013	FALSE	0
407018	FALSE	1
407010	TRUE	2
406957	FALSE	0
574457	FALSE	0
342977	TRUE	6
79173	TRUE	16
54862	TRUE	16
79883	TRUE	14
90379	TRUE	16
5989	TRUE	16
117579	FALSE	0
9466	TRUE	16
342979	TRUE	13
113230	TRUE	16
102466515	FALSE	0
646457	FALSE	0
90378	TRUE	16
5566	TRUE	16
55723	TRUE	16
100507373	TRUE	16
22859	TRUE	16
976	TRUE	16
10212	TRUE	16
5585	TRUE	16
5731	TRUE	10
10755	TRUE	16
3337	TRUE	16
9524	TRUE	16
693224	FALSE	0
4713	TRUE	16
388512	FALSE	0
84658	FALSE	0
84449	TRUE	16
30817	TRUE	11
26664	FALSE	0
26659	FALSE	0
390892	FALSE	0
26333	FALSE	0
26658	FALSE	0
6511	FALSE	0
126402	FALSE	0
23581	FALSE	0
126370	FALSE	0
85360	TRUE	12
10994	TRUE	16
4854	TRUE	16
102465476	FALSE	0
79852	TRUE	2
23476	TRUE	16
10270	TRUE	16
26993	TRUE	16
58525	TRUE	16
100302127	FALSE	0
64926	FALSE	1
114770	FALSE	0
126410	TRUE	3
11283	FALSE	0
4051	TRUE	12
66002	TRUE	11
26538	FALSE	0
26532	FALSE	0
388514	FALSE	0
284433	FALSE	0
26539	TRUE	4
652995	TRUE	14
102724279	TRUE	2
8529	TRUE	2
57834	TRUE	10
126541	FALSE	0
126536	FALSE	0
148231	FALSE	0
7171	TRUE	16
4218	TRUE	16
84941	TRUE	14
117286	TRUE	2
26017	TRUE	16
8907	TRUE	16
10365	TRUE	16
58513	TRUE	16
125972	FALSE	1
84167	TRUE	16
10523	TRUE	16
79939	TRUE	16
9441	TRUE	16
79086	TRUE	16
79041	TRUE	16
284434	TRUE	4
23309	TRUE	16
9002	TRUE	2
27151	TRUE	12
93323	TRUE	16
4650	TRUE	16
55850	TRUE	16
79629	TRUE	16
2063	TRUE	16
83878	FALSE	0
29086	TRUE	16
126549	TRUE	10
79575	TRUE	16
64981	TRUE	16
79016	TRUE	16
57719	TRUE	16
84705	TRUE	16
83483	FALSE	0
105372343	TRUE	2
684	TRUE	16
105221694	TRUE	13
93343	TRUE	16
100130519	TRUE	11
115861	FALSE	0
376497	TRUE	16
25796	TRUE	16
199786	FALSE	1
79709	TRUE	16
23025	TRUE	13
55201	TRUE	16
23149	TRUE	11
10331	TRUE	15
3640	TRUE	3
3718	TRUE	13
6142	TRUE	16
26780	TRUE	7
6528	TRUE	4
115098	TRUE	16
3780	TRUE	6
27106	TRUE	16
3594	TRUE	5
23031	TRUE	16
5296	TRUE	16
10437	TRUE	16
84769	TRUE	16
5864	TRUE	15
5143	TRUE	12
729966	TRUE	6
80726	TRUE	10
3727	TRUE	16
100422833	TRUE	2
25804	TRUE	16
54858	TRUE	16
9518	TRUE	16
100422943	TRUE	6
126364	FALSE	0
170463	TRUE	16
51477	TRUE	16
8178	TRUE	16
23770	TRUE	16
79036	TRUE	16
7311	TRUE	16
55049	TRUE	16
9244	TRUE	9
25789	TRUE	7
55295	TRUE	16
23373	TRUE	16
1311	TRUE	2
5976	TRUE	16
10715	TRUE	8
2657	FALSE	0
11316	TRUE	16
54555	TRUE	16
9454	TRUE	16
10147	TRUE	16
93436	TRUE	16
284439	TRUE	16
54929	TRUE	16
4207	TRUE	2
100271849	FALSE	0
729991	TRUE	16
8625	TRUE	16
126382	TRUE	16
1463	TRUE	2
404037	FALSE	1
53345	TRUE	2
57794	TRUE	16
23383	TRUE	16
54815	TRUE	16
693225	FALSE	0
83983	TRUE	16
51079	TRUE	16
374887	TRUE	16
148113	TRUE	12
80714	TRUE	14
9170	TRUE	16
51291	TRUE	16
57130	TRUE	16
94039	TRUE	16
7561	TRUE	16
284440	TRUE	11
440515	TRUE	13
56242	TRUE	14
81931	TRUE	6
91120	TRUE	6
7643	TRUE	4
90649	TRUE	4
105372315	FALSE	0
102724436	TRUE	8
664701	TRUE	7
100302179	FALSE	0
100129842	TRUE	8
199777	TRUE	4
7639	FALSE	0
80264	TRUE	14
148206	TRUE	16
170959	TRUE	16
7562	TRUE	16
148203	TRUE	14
284443	TRUE	12
400680	TRUE	2
353088	TRUE	10
400682	FALSE	0
163227	TRUE	3
641367	FALSE	0
7594	TRUE	4
7757	FALSE	0
113835	FALSE	0
163223	FALSE	0
100287226	FALSE	0
148198	FALSE	0
105376917	FALSE	0
101929124	FALSE	0
100128139	FALSE	0
440518	FALSE	0
100996349	FALSE	0
374890	FALSE	0
57615	FALSE	0
7652	FALSE	0
388523	FALSE	0
101929164	FALSE	0
101929144	FALSE	0
100129543	FALSE	0
440519	TRUE	14
100132815	TRUE	14
7644	TRUE	14
104472717	TRUE	8
171392	TRUE	14
148213	TRUE	12
388524	TRUE	16
101929206	TRUE	12
730087	TRUE	10
100505851	FALSE	1
9534	TRUE	16
100101266	FALSE	0
105376906	FALSE	0
148189	TRUE	16
101927151	TRUE	16
100420587	FALSE	1
101927210	FALSE	0
102724908	TRUE	4
148145	FALSE	0
102724958	FALSE	0
100505835	FALSE	0
7386	TRUE	16
284395	FALSE	0
342865	FALSE	0
10775	TRUE	16
79156	TRUE	16
83636	TRUE	16
898	TRUE	16
8725	TRUE	16
9745	FALSE	0
57616	TRUE	7
105372487	TRUE	2
101927277	FALSE	0
100507527	FALSE	0
100996665	FALSE	0
101927411	FALSE	0
22847	TRUE	16
400684	TRUE	16
147991	TRUE	16
9141	TRUE	16
84079	TRUE	16
390916	TRUE	16
388531	TRUE	12
91646	TRUE	3
11136	FALSE	0
84902	TRUE	16
91442	TRUE	16
85415	TRUE	16
55094	TRUE	16
126248	TRUE	14
100189006	FALSE	0
4037	TRUE	10
56301	TRUE	2
1050	TRUE	12
80054	TRUE	9
1054	TRUE	16
5184	TRUE	16
64377	TRUE	4
79047	TRUE	15
26065	TRUE	16
9710	TRUE	16
2821	TRUE	16
84306	TRUE	16
10054	TRUE	16
126374	TRUE	16
643719	TRUE	3
284402	TRUE	14
100130342	FALSE	0
55900	TRUE	16
339318	TRUE	16
148103	TRUE	16
400685	TRUE	4
100652909	FALSE	0
102723513	FALSE	0
90075	TRUE	16
126375	TRUE	16
57655	TRUE	16
6324	TRUE	10
3249	TRUE	2
100128675	FALSE	0
5349	TRUE	12
102466205	FALSE	0
163175	TRUE	4
5348	TRUE	6
53822	TRUE	2
53827	TRUE	16
148109	FALSE	0
51599	TRUE	16
7392	TRUE	16
57817	FALSE	0
4099	FALSE	1
933	TRUE	8
100847070	FALSE	0
2864	FALSE	0
2865	FALSE	0
100128682	FALSE	0
2867	FALSE	1
388533	FALSE	0
93099	TRUE	16
374897	TRUE	5
26330	TRUE	16
100506469	TRUE	16
10430	TRUE	16
495	TRUE	2
102723617	FALSE	0
23354	TRUE	16
79171	TRUE	16
2116	TRUE	16
1340	TRUE	16
11045	TRUE	8
100862728	TRUE	2
27033	TRUE	11
9757	TRUE	16
79713	TRUE	16
199746	TRUE	16
55851	TRUE	16
55957	TRUE	16
126393	TRUE	14
148137	TRUE	16
115703	TRUE	16
644050	FALSE	0
58510	FALSE	0
4868	TRUE	3
84063	TRUE	8
333	TRUE	16
84807	TRUE	16
10870	TRUE	8
7305	FALSE	0
79414	TRUE	16
105372384	FALSE	0
644096	TRUE	16
163183	TRUE	14
84964	TRUE	16
101927572	TRUE	14
25999	TRUE	16
199745	TRUE	16
284403	TRUE	16
728361	TRUE	3
5438	TRUE	16
1155	TRUE	16
826	TRUE	16
1346	FALSE	1
147929	TRUE	16
7705	TRUE	16
105376900	FALSE	0
105376907	FALSE	0
100134317	FALSE	0
100506930	TRUE	8
57677	TRUE	16
284406	TRUE	8
644189	FALSE	0
84924	TRUE	16
728752	TRUE	16
339324	TRUE	16
57711	TRUE	16
101927599	TRUE	16
84911	TRUE	8
92283	TRUE	16
101927621	TRUE	14
163081	TRUE	16
342892	TRUE	16
728485	TRUE	7
284408	TRUE	8
388536	TRUE	12
25850	TRUE	11
374899	TRUE	10
374900	TRUE	10
147923	TRUE	16
199704	TRUE	16
92285	TRUE	14
163087	TRUE	16
101927667	TRUE	5
284412	FALSE	1
284459	TRUE	16
84503	TRUE	16
148266	TRUE	10
148268	TRUE	10
101927720	TRUE	4
390927	TRUE	5
100507433	TRUE	2
163255	TRUE	9
51276	TRUE	16
22835	TRUE	14
163115	FALSE	1
84775	TRUE	16
126231	TRUE	16
644554	FALSE	0
100631378	FALSE	0
83889	FALSE	0
23094	TRUE	16
8193	TRUE	16
94274	TRUE	8
10653	TRUE	16
90522	TRUE	16
64073	FALSE	0
9424	TRUE	16
57828	TRUE	15
5714	TRUE	16
199720	TRUE	15
399473	TRUE	15
147965	TRUE	16
115727	FALSE	0
6261	TRUE	6
11184	TRUE	6
27335	TRUE	16
81	TRUE	16
147968	TRUE	15
3963	FALSE	0
653499	TRUE	4
3960	TRUE	9
1891	TRUE	16
3191	TRUE	16
126432	TRUE	13
22933	TRUE	16
4793	TRUE	16
643669	TRUE	5
54938	TRUE	16
6183	TRUE	16
115290	TRUE	10
126433	TRUE	13
390928	TRUE	10
10298	TRUE	16
342897	TRUE	9
342898	FALSE	0
282617	TRUE	4
101180976	TRUE	2
282616	TRUE	5
282618	TRUE	7
57622	TRUE	12
9535	TRUE	7
55095	TRUE	16
54623	TRUE	16
55588	TRUE	16
7538	TRUE	16
100616163	FALSE	0
100189324	FALSE	1
64857	TRUE	16
6217	TRUE	16
6829	TRUE	16
92609	TRUE	16
10683	TRUE	10
348303	FALSE	1
126272	TRUE	16
163126	TRUE	16
29124	FALSE	0
100129935	FALSE	0
148003	FALSE	0
400696	FALSE	0
56891	FALSE	0
1178	FALSE	0
342900	FALSE	0
9149	TRUE	16
102465974	FALSE	1
2091	TRUE	16
8857	TRUE	12
5704	TRUE	16
339327	TRUE	16
163131	TRUE	16
284323	TRUE	16
4294	TRUE	16
148014	TRUE	6
79935	TRUE	8
208	TRUE	16
693226	TRUE	2
126526	TRUE	16
23646	TRUE	16
102465477	FALSE	0
147746	FALSE	1
57716	TRUE	14
29950	TRUE	16
29946	TRUE	16
105372489	TRUE	13
645	TRUE	16
57731	TRUE	14
92799	TRUE	16
8425	TRUE	16
9253	TRUE	16
79934	TRUE	16
80271	TRUE	16
284325	TRUE	16
6626	TRUE	16
8190	FALSE	0
100529262	FALSE	0
100529264	FALSE	0
53916	FALSE	0
112398	TRUE	15
1548	FALSE	0
1549	FALSE	0
22952	FALSE	0
1556	TRUE	5
1555	FALSE	0
1553	FALSE	0
1572	TRUE	2
105376908	TRUE	3
29785	TRUE	14
558	TRUE	16
11100	TRUE	16
90324	TRUE	16
7040	TRUE	16
80776	TRUE	16
641649	TRUE	13
56915	TRUE	16
593	TRUE	16
374907	TRUE	10
55101	TRUE	16
100170765	FALSE	0
100505495	FALSE	0
101927931	FALSE	0
90273	FALSE	0
1089	FALSE	0
1087	TRUE	7
1048	TRUE	8
4680	TRUE	11
1084	TRUE	3
147719	FALSE	0
63946	FALSE	0
6223	TRUE	16
102465478	FALSE	0
973	TRUE	9
9138	TRUE	16
390937	TRUE	14
10567	TRUE	16
478	TRUE	14
2901	TRUE	10
64763	TRUE	16
5452	TRUE	16
100505622	FALSE	0
100422980	FALSE	0
162989	TRUE	16
116115	TRUE	16
2931	TRUE	16
2077	TRUE	16
23152	TRUE	16
5050	TRUE	16
284338	TRUE	16
284339	TRUE	12
1954	TRUE	16
102465875	FALSE	0
84518	TRUE	16
101930071	TRUE	6
100996307	TRUE	9
3991	TRUE	14
284340	TRUE	6
634	TRUE	16
1088	FALSE	1
5671	TRUE	3
440533	TRUE	4
100289650	FALSE	0
653492	TRUE	2
5669	TRUE	4
5675	TRUE	2
5676	TRUE	2
5680	TRUE	2
5673	TRUE	4
5670	TRUE	3
5672	TRUE	7
284344	FALSE	0
5678	TRUE	6
23574	FALSE	0
57126	TRUE	8
83639	TRUE	2
27076	TRUE	14
653583	TRUE	16
23474	TRUE	16
284346	TRUE	16
7515	TRUE	16
390940	FALSE	1
126298	TRUE	16
79177	TRUE	16
126299	TRUE	16
100170229	TRUE	11
199731	TRUE	16
5329	TRUE	16
105372412	FALSE	0
56269	FALSE	0
56006	TRUE	16
3783	TRUE	14
284348	TRUE	12
284349	TRUE	16
342908	TRUE	16
100505715	TRUE	14
105376909	TRUE	12
7596	TRUE	16
7638	TRUE	15
7711	TRUE	16
101928063	TRUE	12
7773	TRUE	16
7673	TRUE	16
7766	TRUE	16
342909	TRUE	16
7767	TRUE	16
100379224	TRUE	9
7768	TRUE	16
10780	TRUE	16
7769	TRUE	16
7770	TRUE	16
353355	TRUE	16
9310	TRUE	16
7771	TRUE	16
26974	TRUE	16
7772	TRUE	10
7733	TRUE	16
125931	FALSE	0
388550	FALSE	1
147710	FALSE	1
5817	TRUE	16
100616355	FALSE	0
56971	TRUE	15
388551	TRUE	2
105372417	TRUE	14
602	TRUE	16
102465879	FALSE	1
23624	TRUE	12
4059	TRUE	16
5819	TRUE	16
10452	TRUE	16
348	TRUE	14
341	TRUE	14
342	FALSE	1
100533990	FALSE	0
346	FALSE	0
344	FALSE	0
1209	TRUE	16
5971	TRUE	16
11129	TRUE	16
162979	TRUE	16
79760	TRUE	16
284352	TRUE	16
284353	TRUE	11
79090	TRUE	16
388552	TRUE	16
90332	FALSE	0
57787	TRUE	16
1158	FALSE	0
147700	TRUE	16
2068	TRUE	16
10848	TRUE	16
10849	TRUE	16
2067	TRUE	16
102464836	FALSE	0
2354	TRUE	16
7234	FALSE	0
6253	TRUE	16
147699	TRUE	16
7408	TRUE	16
80207	TRUE	16
2828	FALSE	1
24139	TRUE	16
442902	FALSE	0
100287177	TRUE	15
2696	TRUE	15
693227	FALSE	0
100500845	FALSE	0
6633	TRUE	16
54814	TRUE	16
23403	TRUE	16
388553	TRUE	3
147912	TRUE	16
1760	TRUE	16
1762	TRUE	16
81492	FALSE	0
8189	TRUE	16
3171	TRUE	8
26145	TRUE	16
339344	TRUE	16
339345	FALSE	0
4858	TRUE	6
729440	TRUE	16
768217	FALSE	0
8993	FALSE	1
444882	FALSE	1
400706	TRUE	2
147920	TRUE	2
388555	FALSE	0
645553	TRUE	12
93429	TRUE	8
374918	TRUE	6
64344	TRUE	2
5536	TRUE	16
83987	TRUE	2
55228	TRUE	4
100506012	TRUE	13
57469	FALSE	0
808	TRUE	16
5739	FALSE	0
94235	FALSE	0
147906	TRUE	4
100506068	FALSE	0
25865	TRUE	16
100422913	FALSE	0
29888	TRUE	16
79147	TRUE	16
6510	TRUE	16
100170220	FALSE	0
1175	TRUE	16
2909	TRUE	16
4861	TRUE	16
54958	TRUE	16
23211	TRUE	16
10055	TRUE	16
27113	TRUE	16
100422899	FALSE	0
100422832	FALSE	0
26093	TRUE	16
255783	TRUE	16
728	TRUE	12
27202	TRUE	3
9704	TRUE	16
56917	TRUE	11
6543	TRUE	6
11133	TRUE	16
100505681	TRUE	16
8775	TRUE	16
84215	FALSE	1
29998	TRUE	16
30846	TRUE	16
29997	TRUE	16
692091	TRUE	15
6415	TRUE	16
284355	FALSE	0
1406	FALSE	0
6822	FALSE	0
100126800	FALSE	0
100170223	FALSE	0
100126798	FALSE	0
100169951	FALSE	0
100170218	FALSE	0
100126799	FALSE	0
100170219	FALSE	0
100169959	FALSE	0
100170226	FALSE	0
100170225	FALSE	0
100131137	FALSE	0
64100	FALSE	0
56344	FALSE	0
8605	TRUE	15
3978	TRUE	16
374920	TRUE	16
22900	TRUE	16
100505812	TRUE	16
163071	TRUE	16
93233	TRUE	15
2014	TRUE	16
55260	TRUE	16
23546	TRUE	4
10945	TRUE	16
2906	TRUE	16
83743	TRUE	16
3770	TRUE	16
9266	TRUE	16
114783	TRUE	16
6820	TRUE	15
54854	TRUE	14
171169	TRUE	4
6141	TRUE	16
56848	TRUE	16
1628	TRUE	16
770	TRUE	16
653677	TRUE	2
126147	TRUE	6
2524	TRUE	15
284358	TRUE	16
54922	TRUE	14
284359	TRUE	8
2523	TRUE	13
26291	TRUE	5
587	TRUE	16
51171	TRUE	13
57664	TRUE	14
23645	TRUE	16
7288	FALSE	0
4924	TRUE	16
100874085	FALSE	0
27294	TRUE	13
581	TRUE	16
2512	TRUE	16
2997	TRUE	16
10856	TRUE	16
102466738	FALSE	0
3972	TRUE	9
101059948	TRUE	8
1082	FALSE	0
100170228	FALSE	0
114336	FALSE	0
114335	FALSE	0
100126780	FALSE	0
93659	TRUE	6
94115	TRUE	5
94027	TRUE	11
105376902	TRUE	2
4909	TRUE	12
3743	FALSE	0
6625	TRUE	16
64130	TRUE	16
55150	TRUE	16
8541	TRUE	16
3270	TRUE	4
54795	TRUE	16
28968	TRUE	5
100422979	FALSE	0
951	TRUE	10
8463	TRUE	13
27120	TRUE	4
101928295	TRUE	10
147872	TRUE	2
100507003	TRUE	2
113091	FALSE	0
57030	TRUE	3
55011	TRUE	16
126133	TRUE	16
2323	TRUE	16
23521	TRUE	16
26819	TRUE	16
26818	FALSE	0
26817	FALSE	0
26816	TRUE	11
6205	TRUE	16
84546	TRUE	11
406942	FALSE	0
2217	TRUE	14
57333	TRUE	12
51070	TRUE	16
5639	TRUE	16
57479	TRUE	16
6237	TRUE	16
58506	TRUE	16
3661	TRUE	16
83596	TRUE	16
3276	TRUE	16
100847074	FALSE	0
199800	TRUE	16
126129	TRUE	11
60385	FALSE	0
160	TRUE	16
102465479	FALSE	0
80199	TRUE	16
81857	TRUE	16
102465480	FALSE	0
100506033	FALSE	0
53635	TRUE	16
100616313	FALSE	0
101928378	TRUE	16
11284	TRUE	16
84335	TRUE	16
79735	TRUE	16
100616314	TRUE	2
259307	TRUE	10
23636	TRUE	16
22809	TRUE	16
100616483	FALSE	0
114132	FALSE	0
400709	TRUE	5
51231	TRUE	16
25888	TRUE	16
400710	FALSE	0
100287477	FALSE	0
100169956	FALSE	0
100191063	FALSE	0
100169952	FALSE	0
100169957	FALSE	0
100169953	FALSE	0
100169958	FALSE	0
100169955	FALSE	0
100170216	FALSE	0
100169954	FALSE	0
100170224	FALSE	0
100170217	FALSE	0
100170227	FALSE	0
126123	FALSE	0
79784	TRUE	16
3748	TRUE	16
256236	TRUE	3
9476	TRUE	12
7376	TRUE	16
5424	TRUE	16
6689	TRUE	3
4606	FALSE	0
112703	TRUE	15
284361	TRUE	16
126119	TRUE	16
554235	TRUE	11
94030	TRUE	7
100126781	FALSE	0
84258	TRUE	2
342918	TRUE	3
50944	FALSE	1
6320	FALSE	0
2854	FALSE	0
93650	TRUE	7
84798	TRUE	16
692203	TRUE	15
692202	FALSE	1
692204	FALSE	0
284365	FALSE	0
3816	TRUE	8
55554	TRUE	3
354	FALSE	0
3817	TRUE	2
606293	TRUE	4
9622	TRUE	2
25818	TRUE	5
5653	TRUE	12
5650	TRUE	10
11202	TRUE	12
284366	TRUE	6
5655	TRUE	13
11012	TRUE	10
43849	TRUE	4
26085	FALSE	1
43847	TRUE	5
90353	TRUE	16
27180	FALSE	0
27036	FALSE	0
101928517	FALSE	0
284367	FALSE	0
102465873	FALSE	0
945	FALSE	0
284369	FALSE	0
402665	TRUE	6
147645	TRUE	14
2109	TRUE	14
125875	TRUE	13
4818	FALSE	0
3982	FALSE	0
147646	FALSE	0
89790	TRUE	9
100129083	FALSE	0
27181	FALSE	0
729767	FALSE	0
89858	FALSE	0
946	TRUE	2
105372490	FALSE	0
7728	TRUE	14
729975	TRUE	10
8778	TRUE	2
100049587	FALSE	0
102238594	TRUE	7
407056	FALSE	0
406887	FALSE	0
406910	FALSE	0
147650	TRUE	16
3036	FALSE	0
2357	FALSE	0
2358	FALSE	0
2359	FALSE	0
84765	TRUE	16
101928571	FALSE	0
65251	TRUE	16
79898	TRUE	16
101669766	TRUE	2
59348	TRUE	16
284370	TRUE	16
80110	TRUE	16
9668	TRUE	16
284371	TRUE	16
90317	TRUE	16
162962	TRUE	16
5518	TRUE	16
102466984	FALSE	0
90321	TRUE	16
693228	FALSE	0
147657	TRUE	16
162963	TRUE	8
400713	TRUE	11
102724105	TRUE	10
84436	TRUE	12
147658	FALSE	0
147660	FALSE	0
388558	TRUE	16
55762	TRUE	16
7696	TRUE	15
55769	TRUE	16
81856	TRUE	16
162966	TRUE	14
7576	TRUE	16
90333	TRUE	16
162967	TRUE	14
388559	TRUE	16
399669	FALSE	0
100529240	FALSE	0
125893	TRUE	16
79986	TRUE	6
147664	FALSE	0
100271846	FALSE	1
90338	TRUE	16
55786	TRUE	2
84671	TRUE	10
79788	TRUE	6
390963	TRUE	7
342926	TRUE	2
317701	FALSE	0
317703	FALSE	0
646508	FALSE	0
112401	FALSE	0
91664	TRUE	16
170958	TRUE	14
91661	TRUE	16
388561	TRUE	16
147804	TRUE	16
126017	TRUE	12
55422	TRUE	14
284379	FALSE	0
503834	FALSE	0
574458	FALSE	0
574459	FALSE	0
100302255	FALSE	0
574460	FALSE	0
574461	FALSE	0
574462	FALSE	0
574463	FALSE	0
574464	FALSE	0
574465	FALSE	0
574466	FALSE	0
100302265	FALSE	0
574467	FALSE	0
574468	FALSE	0
574469	FALSE	0
574470	FALSE	0
574471	FALSE	0
574472	FALSE	0
574473	FALSE	0
574474	FALSE	0
574475	FALSE	0
574476	FALSE	0
574477	FALSE	0
574478	FALSE	0
574479	FALSE	0
574480	FALSE	0
574481	FALSE	0
574482	FALSE	0
574483	FALSE	0
574484	FALSE	0
574485	FALSE	0
574486	FALSE	0
574487	FALSE	0
574488	FALSE	0
574489	FALSE	0
574490	FALSE	0
574491	FALSE	0
574492	FALSE	0
574493	FALSE	0
574494	FALSE	0
574495	FALSE	0
574496	FALSE	0
574497	FALSE	0
574498	FALSE	0
100302205	FALSE	0
574499	FALSE	0
574500	FALSE	0
442916	FALSE	0
100616185	FALSE	0
442917	FALSE	0
442918	FALSE	0
91662	FALSE	1
91663	TRUE	16
5582	TRUE	9
59284	TRUE	4
59283	TRUE	10
100126325	FALSE	0
59285	TRUE	14
284415	FALSE	0
441864	FALSE	0
126014	TRUE	4
4696	TRUE	7
29844	FALSE	0
26121	TRUE	12
4849	TRUE	16
79165	TRUE	2
147798	TRUE	7
79143	TRUE	16
79042	TRUE	4
6203	TRUE	14
11025	FALSE	1
79168	FALSE	0
10990	FALSE	0
10288	FALSE	0
100616171	FALSE	0
353514	FALSE	0
23547	FALSE	0
3903	FALSE	0
57348	FALSE	0
104355426	FALSE	0
114823	FALSE	1
94059	FALSE	0
148170	FALSE	0
3904	FALSE	0
101929818	FALSE	0
90011	FALSE	0
11027	FALSE	0
11024	FALSE	0
10859	FALSE	0
11006	FALSE	0
102466251	FALSE	0
79166	FALSE	0
115653	FALSE	0
3804	FALSE	0
101928804	FALSE	0
3802	FALSE	0
102724300	FALSE	0
3805	FALSE	0
3811	FALSE	0
3809	FALSE	0
3812	FALSE	0
2204	FALSE	0
9437	FALSE	0
199713	FALSE	0
55655	FALSE	1
51206	FALSE	0
112724	FALSE	0
54869	TRUE	14
54776	TRUE	16
102466872	FALSE	0
7138	TRUE	16
7137	TRUE	14
352909	TRUE	16
6861	TRUE	8
102724352	TRUE	3
5794	TRUE	16
255043	TRUE	16
22870	TRUE	16
102465482	FALSE	0
102465481	FALSE	0
102466739	FALSE	0
23640	TRUE	16
84446	TRUE	15
284417	TRUE	3
84787	TRUE	16
125965	TRUE	11
284418	FALSE	0
3589	TRUE	16
147744	TRUE	9
388564	TRUE	16
6158	TRUE	16
102465483	FALSE	0
27338	TRUE	16
729956	TRUE	2
79763	TRUE	16
89887	TRUE	16
57106	TRUE	16
284297	TRUE	7
646643	TRUE	4
100130827	TRUE	16
163033	TRUE	16
84922	TRUE	16
147807	TRUE	16
100507290	TRUE	16
147808	TRUE	16
51157	TRUE	16
51545	TRUE	16
29903	TRUE	16
11338	TRUE	16
29924	TRUE	16
338321	FALSE	1
342931	FALSE	0
729974	FALSE	0
204801	TRUE	3
147945	FALSE	0
126204	FALSE	0
126205	FALSE	0
126206	FALSE	0
101928886	FALSE	0
126208	TRUE	16
55311	TRUE	16
85569	FALSE	0
342933	FALSE	0
79149	TRUE	16
100506374	TRUE	5
147947	TRUE	2
147948	TRUE	6
386758	TRUE	4
147949	TRUE	12
63934	FALSE	0
100128252	FALSE	0
57573	TRUE	2
140612	TRUE	3
388566	TRUE	6
58491	TRUE	10
147670	FALSE	1
90485	FALSE	0
101929059	FALSE	0
23619	FALSE	0
5178	FALSE	0
100169890	FALSE	0
100073347	FALSE	0
105372474	FALSE	0
57663	FALSE	0
114026	FALSE	0
503835	FALSE	0
9422	TRUE	16
6795	TRUE	13
390980	TRUE	16
105372476	TRUE	9
10794	TRUE	16
125919	TRUE	16
57343	TRUE	16
284306	TRUE	16
10597	TRUE	16
147694	TRUE	16
7565	TRUE	16
388567	TRUE	16
57191	TRUE	6
400720	TRUE	16
79744	TRUE	16
374928	TRUE	16
256051	TRUE	14
162972	TRUE	16
55659	TRUE	16
284307	TRUE	2
348327	TRUE	16
7693	TRUE	16
10520	TRUE	16
201516	TRUE	6
90233	TRUE	16
7710	TRUE	15
79891	TRUE	5
284309	TRUE	16
54807	TRUE	16
79818	TRUE	16
2282	FALSE	1
100293516	TRUE	16
84914	TRUE	16
730051	TRUE	16
147687	TRUE	16
147686	TRUE	4
10172	TRUE	8
147685	TRUE	6
80095	TRUE	16
100128398	TRUE	12
105372478	FALSE	0
284312	FALSE	0
7694	TRUE	2
65982	TRUE	6
79673	TRUE	14
10782	TRUE	16
27300	TRUE	16
7554	TRUE	16
342945	TRUE	16
102465484	FALSE	0
1	TRUE	7
503538	TRUE	4
162968	TRUE	16
105372483	TRUE	11
116412	TRUE	16
100616168	TRUE	2
6193	TRUE	16
646862	TRUE	9
201514	TRUE	16
388569	TRUE	16
7691	TRUE	16
25799	TRUE	16
55663	TRUE	16
10998	TRUE	14
84878	TRUE	16
10155	TRUE	16
102465976	FALSE	0
27243	TRUE	16
9040	TRUE	16
100131691	TRUE	16
7593	TRUE	16
65996	TRUE	16
642273	TRUE	12
26751	TRUE	16
52	TRUE	16
285016	FALSE	0
101927262	FALSE	0
100996637	FALSE	0
105373352	FALSE	0
105373353	FALSE	0
129787	TRUE	16
105373480	FALSE	0
339822	FALSE	0
101060385	FALSE	0
101060391	FALSE	0
54221	FALSE	0
7173	FALSE	0
102723730	FALSE	0
7837	TRUE	12
23040	TRUE	2
105373380	FALSE	0
730811	FALSE	0
101927534	FALSE	0
101927554	FALSE	0
7260	TRUE	16
51112	TRUE	16
55256	TRUE	16
246243	TRUE	16
100506054	TRUE	16
6201	TRUE	16
78989	TRUE	4
55821	FALSE	0
728597	FALSE	0
100505964	FALSE	0
105373395	TRUE	2
105373397	TRUE	2
727982	FALSE	0
102723818	FALSE	0
6664	TRUE	2
105373442	FALSE	0
150622	FALSE	0
102465693	FALSE	0
400940	TRUE	2
101929390	FALSE	0
102800315	FALSE	1
102800314	FALSE	0
102466235	FALSE	0
400941	FALSE	1
104326052	TRUE	2
129607	TRUE	15
91543	TRUE	14
386597	TRUE	4
9781	TRUE	16
101929452	FALSE	0
100506274	FALSE	0
101929551	FALSE	0
339788	FALSE	0
339789	TRUE	2
101929567	TRUE	3
100506299	TRUE	10
3398	TRUE	16
57498	TRUE	16
129642	TRUE	16
8853	TRUE	16
9270	TRUE	16
51692	TRUE	16
285148	TRUE	16
6868	TRUE	16
101929643	TRUE	6
10971	TRUE	16
101926982	FALSE	0
9014	TRUE	16
29841	TRUE	16
8462	TRUE	16
192668	TRUE	7
6241	TRUE	16
348738	TRUE	13
100422929	FALSE	0
3241	TRUE	16
4953	TRUE	16
100302743	FALSE	1
101929715	TRUE	12
79954	TRUE	16
245973	TRUE	16
10130	TRUE	16
101929733	FALSE	0
3754	TRUE	10
285150	TRUE	2
130813	TRUE	5
130814	TRUE	16
9475	TRUE	16
100874055	FALSE	0
1876	TRUE	16
9687	TRUE	15
100616469	FALSE	0
23620	FALSE	1
23175	TRUE	16
100506405	FALSE	1
100422862	FALSE	0
100422996	FALSE	0
100506457	FALSE	1
100500884	FALSE	0
28951	TRUE	12
100422986	FALSE	0
100506474	FALSE	1
100499171	FALSE	0
151354	TRUE	5
653602	TRUE	4
51594	TRUE	16
1653	TRUE	16
101926966	FALSE	0
103752554	FALSE	0
10408	FALSE	0
4613	TRUE	2
104797537	FALSE	0
81553	TRUE	6
729475	FALSE	0
7447	TRUE	5
79677	TRUE	16
348654	TRUE	16
343930	FALSE	0
3790	TRUE	10
100526794	FALSE	0
57665	TRUE	16
93034	FALSE	0
100616307	FALSE	0
130497	TRUE	14
400946	TRUE	2
130502	TRUE	16
57539	TRUE	16
101928222	TRUE	3
4148	TRUE	14
9741	TRUE	16
6382	TRUE	16
23369	TRUE	16
388	TRUE	16
100874343	TRUE	7
64342	TRUE	16
151449	FALSE	0
60526	TRUE	16
101928271	FALSE	0
338	TRUE	2
100129278	FALSE	0
645949	FALSE	0
102723362	FALSE	0
105377637	FALSE	1
114818	TRUE	13
54454	TRUE	16
165324	TRUE	16
388931	FALSE	0
80304	TRUE	16
2281	TRUE	14
51639	TRUE	16
375190	TRUE	12
9540	TRUE	16
375189	TRUE	13
653140	FALSE	0
50618	TRUE	16
8648	TRUE	16
391356	TRUE	16
79172	TRUE	16
109	TRUE	16
51277	TRUE	16
729723	TRUE	14
22979	TRUE	8
5443	FALSE	0
1788	TRUE	16
100302246	FALSE	0
1838	TRUE	16
55252	TRUE	16
3797	TRUE	16
10890	TRUE	16
150946	TRUE	12
3030	TRUE	16
3032	TRUE	16
165082	TRUE	13
85465	TRUE	16
92749	TRUE	5
9381	FALSE	1
339778	TRUE	6
130106	TRUE	2
3777	TRUE	10
54978	TRUE	16
1058	TRUE	16
56896	TRUE	2
22924	TRUE	16
54867	TRUE	16
100874031	FALSE	0
100189022	FALSE	0
60509	TRUE	16
100128731	TRUE	16
11117	TRUE	16
3795	TRUE	16
10669	TRUE	12
84696	TRUE	9
10113	TRUE	16
339779	FALSE	0
150921	FALSE	0
8884	TRUE	16
51374	TRUE	16
790	TRUE	16
7781	TRUE	9
285126	FALSE	0
57159	TRUE	5
7349	TRUE	9
4358	TRUE	16
2976	TRUE	16
100505624	FALSE	0
8890	TRUE	16
9784	TRUE	16
130557	TRUE	16
5496	TRUE	16
2498	TRUE	2
29959	TRUE	16
200634	TRUE	14
26160	TRUE	16
64838	TRUE	12
2646	TRUE	3
84226	TRUE	16
84450	TRUE	16
79635	TRUE	16
11321	TRUE	16
9913	TRUE	16
22950	TRUE	16
105374378	TRUE	6
9553	TRUE	16
64080	TRUE	16
100302650	TRUE	8
9577	TRUE	16
100422965	TRUE	7
100505736	FALSE	0
100505716	FALSE	0
105374382	TRUE	2
403150	TRUE	3
2355	TRUE	16
151056	TRUE	10
5500	TRUE	16
245711	TRUE	2
55006	TRUE	16
23160	TRUE	16
692209	FALSE	0
26796	FALSE	0
165186	TRUE	2
388939	FALSE	0
79745	TRUE	16
238	FALSE	0
51646	TRUE	16
81606	TRUE	10
285043	FALSE	0
253558	TRUE	16
92291	TRUE	2
79623	TRUE	8
440854	TRUE	4
30845	TRUE	12
7498	TRUE	10
6716	FALSE	0
51072	TRUE	16
84661	TRUE	16
6683	TRUE	16
55676	TRUE	16
58484	TRUE	11
84272	TRUE	16
57448	TRUE	16
693143	FALSE	0
103752586	FALSE	0
55622	TRUE	16
100616219	FALSE	0
285045	FALSE	0
100271832	FALSE	0
4052	TRUE	15
100616136	FALSE	0
25780	TRUE	14
25940	TRUE	16
104355287	FALSE	0
151325	FALSE	0
104355288	FALSE	0
100616475	FALSE	0
100288911	FALSE	0
51232	TRUE	16
9637	TRUE	16
5212	TRUE	2
6801	TRUE	16
54497	TRUE	16
253635	TRUE	16
5610	TRUE	16
391365	FALSE	0
100505876	TRUE	16
10153	TRUE	16
55471	TRUE	16
23683	TRUE	16
25797	TRUE	10
10602	TRUE	16
101929559	FALSE	0
151393	TRUE	16
101410544	FALSE	0
1545	TRUE	16
105374860	TRUE	12
285154	TRUE	7
64225	TRUE	16
101929596	FALSE	0
92906	TRUE	16
130589	TRUE	14
6432	TRUE	16
79833	TRUE	16
90957	TRUE	16
729967	TRUE	16
100271715	TRUE	4
375196	FALSE	0
6654	TRUE	16
105374861	FALSE	0
344387	FALSE	0
8491	TRUE	16
728730	TRUE	16
130733	TRUE	5
80745	TRUE	16
100128590	FALSE	0
6546	TRUE	10
388942	FALSE	0
101929723	FALSE	0
400950	FALSE	0
91461	TRUE	9
102723824	FALSE	1
27436	TRUE	16
9167	TRUE	16
170850	TRUE	15
57504	TRUE	16
165140	FALSE	1
23498	TRUE	6
105374567	TRUE	11
100189265	FALSE	0
102723854	FALSE	0
100506047	FALSE	0
678	TRUE	16
100129726	TRUE	5
63892	TRUE	16
130271	TRUE	14
728819	TRUE	13
51626	TRUE	16
64240	TRUE	2
64241	FALSE	0
10128	TRUE	16
5495	TRUE	16
6519	TRUE	4
9581	TRUE	16
79823	TRUE	16
100506108	FALSE	1
6496	TRUE	9
10736	TRUE	9
400952	TRUE	2
55133	TRUE	16
102724965	TRUE	9
5581	TRUE	16
2034	TRUE	16
101805491	FALSE	0
388946	FALSE	0
90423	TRUE	16
23433	TRUE	16
100506142	FALSE	0
5281	TRUE	16
9419	TRUE	16
9655	TRUE	16
388948	FALSE	0
100134259	TRUE	6
90411	TRUE	16
57217	TRUE	16
285051	TRUE	5
805	TRUE	16
101927043	TRUE	9
618	TRUE	15
4072	TRUE	15
693144	FALSE	0
4436	TRUE	16
56660	TRUE	5
644093	FALSE	0
2956	TRUE	16
80204	TRUE	16
3344	TRUE	16
129285	TRUE	16
286749	FALSE	0
11037	TRUE	6
11036	FALSE	0
3973	FALSE	0
2492	FALSE	0
102465854	FALSE	0
9378	TRUE	3
103504737	FALSE	0
730100	FALSE	0
100616431	FALSE	0
51130	TRUE	16
100302652	FALSE	0
494143	TRUE	16
27248	TRUE	16
100500850	TRUE	4
10936	TRUE	16
23198	TRUE	16
98	TRUE	16
388951	FALSE	0
129852	FALSE	0
6711	TRUE	16
56969	FALSE	0
400954	TRUE	16
57142	TRUE	16
130162	TRUE	16
6233	TRUE	16
4528	TRUE	16
344405	TRUE	15
55704	TRUE	16
112942	TRUE	16
57223	TRUE	16
87178	TRUE	16
2202	TRUE	9
104355290	FALSE	0
406999	FALSE	0
406998	FALSE	0
100126319	FALSE	0
100129434	TRUE	4
114800	TRUE	3
7444	TRUE	16
55120	TRUE	16
400955	FALSE	1
101927285	FALSE	0
100616473	FALSE	0
53335	TRUE	6
64895	TRUE	16
400957	FALSE	0
5966	TRUE	16
150962	TRUE	16
5194	TRUE	16
84542	TRUE	16
339803	TRUE	16
339804	TRUE	16
130872	TRUE	16
9736	TRUE	16
100124537	FALSE	0
7514	TRUE	16
84140	TRUE	16
10575	TRUE	16
150684	TRUE	16
10678	TRUE	16
100847087	FALSE	0
200728	TRUE	16
23301	TRUE	16
100132215	TRUE	6
5013	TRUE	16
100169989	FALSE	0
51057	TRUE	16
4190	TRUE	16
7360	TRUE	16
51542	TRUE	16
57162	TRUE	16
150992	FALSE	0
100507006	FALSE	1
102465833	FALSE	0
100616265	FALSE	0
29094	TRUE	16
101927402	TRUE	6
54812	TRUE	16
100616419	FALSE	0
339807	FALSE	0
9792	TRUE	16
101927438	FALSE	0
400958	FALSE	0
6509	TRUE	16
23177	TRUE	16
5861	TRUE	16
10097	TRUE	16
200734	TRUE	16
102724258	FALSE	0
100616464	FALSE	0
729348	FALSE	0
730198	TRUE	4
4211	TRUE	14
100873998	TRUE	2
100507073	FALSE	1
101927577	FALSE	0
101060019	FALSE	0
102724321	FALSE	0
102800447	FALSE	0
644838	FALSE	0
101927661	FALSE	0
54465	TRUE	16
101927701	FALSE	0
10438	TRUE	16
116143	TRUE	16
56902	TRUE	16
5534	TRUE	16
25927	TRUE	2
5341	FALSE	0
554251	TRUE	16
200558	TRUE	16
10887	FALSE	0
9938	TRUE	6
27302	FALSE	0
200504	TRUE	4
56287	TRUE	4
84168	TRUE	14
100423030	FALSE	0
2673	TRUE	16
27247	TRUE	16
22848	TRUE	16
100124535	FALSE	0
307	TRUE	16
64395	TRUE	16
11017	TRUE	16
4084	TRUE	16
151516	TRUE	9
400960	TRUE	16
5093	TRUE	16
100133985	TRUE	16
54980	TRUE	16
7072	TRUE	16
100189231	FALSE	0
100302268	FALSE	0
51449	TRUE	16
6637	TRUE	16
84908	TRUE	16
7039	TRUE	14
100874273	FALSE	0
119	TRUE	4
344018	FALSE	0
165530	FALSE	1
50489	TRUE	3
104355141	FALSE	0
25806	TRUE	14
525	TRUE	11
101927750	TRUE	7
79998	TRUE	2
113419	TRUE	16
79315	TRUE	8
55577	TRUE	16
84693	TRUE	16
10199	TRUE	16
400961	TRUE	12
27332	TRUE	16
8291	TRUE	14
56603	TRUE	16
23233	TRUE	16
6697	TRUE	16
2016	TRUE	6
94097	TRUE	16
26056	TRUE	16
344022	FALSE	0
10322	TRUE	16
84279	TRUE	16
10574	TRUE	16
150726	TRUE	16
1961	TRUE	13
7840	TRUE	16
100874291	TRUE	13
9027	FALSE	0
200420	FALSE	1
51471	FALSE	0
51002	TRUE	16
8446	TRUE	16
388960	TRUE	3
10617	TRUE	16
72	FALSE	0
1716	TRUE	16
100874048	TRUE	13
200424	TRUE	16
388962	TRUE	16
100507171	TRUE	12
55233	TRUE	16
10797	TRUE	16
57835	TRUE	16
1639	TRUE	16
100189589	FALSE	1
105369169	FALSE	0
388963	TRUE	14
84058	TRUE	16
6242	TRUE	16
100532735	FALSE	0
83444	TRUE	3
23559	TRUE	16
7841	TRUE	16
116540	TRUE	16
84865	TRUE	16
64427	TRUE	16
85474	TRUE	16
151534	TRUE	16
84759	TRUE	16
3196	TRUE	2
165545	TRUE	5
550	TRUE	16
27429	TRUE	16
84695	TRUE	16
1796	TRUE	16
130951	TRUE	2
10505	TRUE	16
3099	TRUE	16
102724515	TRUE	6
56655	TRUE	16
6869	FALSE	1
100846995	FALSE	0
84141	TRUE	10
101927884	FALSE	0
9801	TRUE	16
6936	TRUE	16
80059	FALSE	0
101927907	FALSE	0
101927967	FALSE	0
101927926	FALSE	0
100170221	FALSE	0
101927948	FALSE	0
130120	FALSE	0
5968	FALSE	0
5967	FALSE	0
5969	FALSE	0
5068	FALSE	0
101927987	FALSE	0
1496	TRUE	3
100422888	FALSE	0
102465877	FALSE	0
347730	FALSE	0
100507201	FALSE	0
1720	FALSE	0
101928031	FALSE	0
388965	FALSE	0
8802	TRUE	16
1768	TRUE	7
129293	TRUE	13
9168	TRUE	16
56888	TRUE	16
83439	TRUE	13
102724579	FALSE	1
10618	TRUE	16
54884	TRUE	16
84173	TRUE	16
822	TRUE	16
284948	TRUE	9
100630918	TRUE	16
4144	TRUE	16
2677	TRUE	16
8673	TRUE	16
10791	TRUE	14
51255	TRUE	16
129303	TRUE	16
10713	TRUE	16
388969	TRUE	16
6439	FALSE	0
10578	FALSE	0
84913	TRUE	6
102466516	FALSE	0
284950	FALSE	0
8869	TRUE	14
101928113	TRUE	2
90784	TRUE	16
25885	TRUE	16
55037	TRUE	16
692225	TRUE	3
10989	TRUE	16
100616159	FALSE	0
51318	TRUE	16
65055	TRUE	9
55818	TRUE	16
51652	TRUE	5
100526767	TRUE	10
7844	TRUE	16
64795	TRUE	16
925	TRUE	9
926	FALSE	0
100286979	FALSE	0
400966	TRUE	3
5343	FALSE	0
285074	TRUE	16
102724642	TRUE	7
100616370	FALSE	0
105377638	FALSE	0
105377639	FALSE	0
112597	TRUE	16
100616499	FALSE	0
730268	TRUE	16
5342	TRUE	10
729857	TRUE	10
51315	TRUE	16
150572	FALSE	0
100616447	FALSE	0
2168	FALSE	0
55258	TRUE	9
344167	FALSE	0
200523	FALSE	0
101928371	FALSE	0
9451	TRUE	16
101928403	TRUE	14
22934	TRUE	16
645784	FALSE	1
100616399	FALSE	0
3514	FALSE	0
28946	FALSE	0
28947	FALSE	0
28948	FALSE	0
28949	FALSE	0
28950	FALSE	0
28908	FALSE	0
28907	FALSE	0
28905	FALSE	0
28929	FALSE	0
28299	FALSE	0
28943	FALSE	0
28915	FALSE	0
28942	FALSE	0
28941	FALSE	0
28928	FALSE	0
28914	FALSE	0
28940	FALSE	0
28939	FALSE	0
28927	FALSE	0
28913	FALSE	0
28938	FALSE	0
28937	FALSE	0
28926	FALSE	0
28925	FALSE	0
28912	FALSE	0
28906	FALSE	0
28936	FALSE	0
28924	FALSE	0
28923	FALSE	0
28911	FALSE	0
28922	FALSE	0
28935	FALSE	0
28921	FALSE	0
28920	FALSE	0
28919	FALSE	0
28910	FALSE	0
28934	FALSE	0
28933	FALSE	0
28909	FALSE	0
28932	FALSE	0
28918	FALSE	0
28931	FALSE	0
28917	FALSE	0
28930	FALSE	0
28916	FALSE	0
105379433	FALSE	0
28878	FALSE	0
28893	FALSE	0
28894	FALSE	0
28896	FALSE	0
28881	FALSE	0
28882	FALSE	0
28883	FALSE	0
28884	FALSE	0
28885	FALSE	0
28870	FALSE	0
28874	FALSE	0
28869	FALSE	0
28900	FALSE	0
28901	FALSE	0
28875	FALSE	0
28902	FALSE	0
28903	FALSE	0
28876	FALSE	0
102724332	FALSE	0
28892	FALSE	0
28891	FALSE	0
28904	FALSE	0
28877	FALSE	0
101060017	FALSE	0
105378957	FALSE	0
105378958	FALSE	0
654342	TRUE	6
645367	TRUE	4
440888	FALSE	0
100133920	FALSE	0
100509620	FALSE	0
90499	FALSE	0
729171	FALSE	0
150483	FALSE	0
442028	FALSE	0
4118	TRUE	3
64969	TRUE	16
84874	TRUE	16
7549	TRUE	16
105373489	TRUE	10
150696	TRUE	13
30818	TRUE	7
51011	TRUE	16
653192	FALSE	0
129868	FALSE	0
150759	TRUE	16
400986	TRUE	16
729234	TRUE	16
150763	TRUE	15
151	TRUE	3
431705	FALSE	1
1844	TRUE	13
56910	TRUE	16
285033	TRUE	16
55654	TRUE	16
9391	TRUE	16
23020	TRUE	16
150771	TRUE	8
23397	TRUE	16
93082	TRUE	11
10865	TRUE	16
55683	TRUE	16
90342	TRUE	9
81562	TRUE	16
26504	TRUE	16
100422928	FALSE	0
26505	TRUE	16
200539	TRUE	16
51239	TRUE	16
54910	TRUE	16
105373982	TRUE	11
51252	TRUE	5
101927053	FALSE	0
151313	TRUE	16
105373983	TRUE	2
375248	TRUE	16
100506076	FALSE	1
100506123	FALSE	1
105373498	TRUE	4
57730	TRUE	16
1329	TRUE	16
10120	TRUE	16
728537	TRUE	9
7535	FALSE	0
23505	TRUE	16
200403	TRUE	4
1261	FALSE	0
3631	TRUE	16
493753	TRUE	16
25972	TRUE	16
11320	TRUE	16
101927070	FALSE	1
343990	TRUE	12
80705	TRUE	16
150590	TRUE	16
51601	TRUE	16
129531	TRUE	16
51263	TRUE	16
254773	TRUE	2
129530	TRUE	13
10190	TRUE	16
9669	TRUE	16
51455	TRUE	16
3899	TRUE	4
150577	FALSE	0
164832	TRUE	9
9486	TRUE	12
129521	FALSE	0
79031	TRUE	16
4862	TRUE	16
101927142	FALSE	0
6160	TRUE	16
11138	TRUE	16
100506286	TRUE	16
55571	TRUE	16
284996	TRUE	16
692205	FALSE	0
100847007	FALSE	0
200407	TRUE	12
731220	TRUE	2
9448	TRUE	16
100506328	TRUE	2
7850	TRUE	10
3554	TRUE	12
8808	TRUE	2
9173	TRUE	8
8809	TRUE	10
8807	FALSE	0
100616157	FALSE	0
389015	TRUE	8
6549	TRUE	15
84804	TRUE	16
130827	TRUE	16
100287010	FALSE	0
150568	FALSE	0
101927360	FALSE	0
284998	FALSE	0
100506421	FALSE	0
5455	TRUE	3
102682016	FALSE	0
102724691	FALSE	0
64965	TRUE	16
101927492	TRUE	2
105373984	FALSE	0
11250	FALSE	0
9392	TRUE	16
100506473	TRUE	16
79074	TRUE	16
2274	TRUE	16
285000	TRUE	2
8440	TRUE	16
84417	FALSE	0
80146	TRUE	16
285189	FALSE	0
653489	TRUE	12
84620	FALSE	0
104326057	FALSE	0
729121	FALSE	0
285190	TRUE	13
60482	FALSE	1
442038	FALSE	0
6819	TRUE	4
151234	FALSE	0
27233	FALSE	0
9648	TRUE	16
3987	TRUE	16
5903	TRUE	16
165055	TRUE	16
10913	TRUE	6
100287216	TRUE	11
344558	TRUE	12
100422863	FALSE	0
102724819	FALSE	0
100423027	FALSE	0
729164	FALSE	0
151011	TRUE	16
65124	TRUE	16
84220	TRUE	15
96626	FALSE	0
100271835	FALSE	0
440895	FALSE	0
440894	TRUE	16
105373985	TRUE	3
105373986	TRUE	2
100422994	FALSE	0
7851	TRUE	16
100616123	FALSE	0
4867	TRUE	16
205251	TRUE	16
100507334	TRUE	2
100847033	FALSE	0
105373551	TRUE	2
151009	TRUE	16
100288570	TRUE	2
100288695	TRUE	11
729540	TRUE	12
699	TRUE	16
55289	TRUE	16
400997	FALSE	0
10018	TRUE	16
101927260	TRUE	16
100616341	FALSE	0
541471	TRUE	16
105373987	FALSE	1
64682	TRUE	16
100616165	FALSE	0
10461	TRUE	16
84910	TRUE	16
129804	TRUE	12
84524	TRUE	16
376940	TRUE	16
727851	TRUE	16
150465	TRUE	16
84172	TRUE	16
84269	TRUE	16
400999	FALSE	1
6574	TRUE	16
284958	TRUE	12
150468	TRUE	16
3552	TRUE	10
3553	TRUE	8
27178	FALSE	0
56300	FALSE	1
27179	FALSE	0
27177	FALSE	0
26525	TRUE	10
84639	FALSE	0
3557	TRUE	10
23550	TRUE	16
7849	TRUE	14
654433	TRUE	14
100130100	TRUE	7
150472	TRUE	16
200350	TRUE	6
103344932	FALSE	0
729468	FALSE	0
654412	FALSE	0
100302128	FALSE	0
375260	TRUE	16
84771	TRUE	14
118433	TRUE	16
11159	TRUE	16
80255	TRUE	16
100616208	FALSE	0
101060091	TRUE	3
10096	TRUE	16
100499194	FALSE	0
440900	TRUE	2
57628	TRUE	2
101927591	FALSE	0
389023	TRUE	2
8886	TRUE	16
54520	TRUE	16
105373988	FALSE	0
51141	TRUE	16
101927709	FALSE	0
2019	TRUE	8
8685	TRUE	2
165257	FALSE	0
55240	TRUE	16
100874111	FALSE	0
130355	TRUE	16
1622	TRUE	16
140738	TRUE	9
6344	FALSE	1
200373	TRUE	2
80775	TRUE	16
101927764	TRUE	2
5775	TRUE	16
57669	TRUE	16
79134	TRUE	16
5899	TRUE	16
105373989	TRUE	9
3625	TRUE	13
84931	FALSE	0
2736	TRUE	14
29842	TRUE	16
23332	TRUE	16
100151683	FALSE	0
105373990	FALSE	1
254128	TRUE	16
84365	TRUE	16
7247	TRUE	16
129684	FALSE	0
105373602	FALSE	0
2995	FALSE	0
101929926	FALSE	0
274	TRUE	16
339761	TRUE	12
2071	TRUE	16
10746	TRUE	16
105373606	FALSE	0
100506922	TRUE	16
5624	TRUE	10
100616187	FALSE	0
55677	TRUE	16
4648	TRUE	6
55679	TRUE	7
2840	FALSE	0
84826	TRUE	16
55339	TRUE	16
5433	TRUE	16
83607	TRUE	16
79595	TRUE	16
56886	TRUE	16
9394	TRUE	16
101927881	FALSE	0
151121	FALSE	0
389033	FALSE	0
101927924	FALSE	0
100131320	FALSE	0
84084	FALSE	1
440905	TRUE	4
728378	TRUE	4
285103	FALSE	0
91409	TRUE	13
55627	TRUE	16
80097	TRUE	16
112714	FALSE	0
100189418	FALSE	0
84317	TRUE	16
92856	TRUE	16
26469	TRUE	16
100216479	TRUE	8
646802	FALSE	1
653269	FALSE	0
653275	FALSE	0
646743	FALSE	0
150527	FALSE	0
55997	FALSE	0
653781	FALSE	1
100132708	FALSE	0
344561	FALSE	0
205147	TRUE	2
50649	TRUE	16
130074	TRUE	16
55041	TRUE	16
445582	FALSE	0
440910	FALSE	0
150786	TRUE	14
105373619	FALSE	0
389043	FALSE	0
401010	FALSE	0
653784	TRUE	16
113457	TRUE	8
100616378	FALSE	0
150776	TRUE	16
90557	TRUE	16
440915	FALSE	0
101927994	FALSE	0
29798	TRUE	9
408029	FALSE	0
101928067	FALSE	0
554226	FALSE	0
100313824	FALSE	0
646915	FALSE	0
2863	TRUE	16
116372	TRUE	8
344148	TRUE	9
101928185	FALSE	0
101928161	TRUE	2
4249	TRUE	16
100500878	FALSE	0
81615	TRUE	5
130013	FALSE	0
100847069	FALSE	0
100129961	TRUE	16
905	TRUE	16
80122	FALSE	0
22930	TRUE	16
84083	TRUE	16
23518	TRUE	16
406915	FALSE	0
23190	TRUE	16
3938	FALSE	0
100507600	FALSE	0
4175	TRUE	16
1615	TRUE	16
101928243	TRUE	12
7852	TRUE	8
80731	TRUE	4
101928273	FALSE	0
3176	TRUE	16
339745	TRUE	16
11249	TRUE	2
647012	FALSE	0
53353	TRUE	9
102465692	FALSE	0
8942	TRUE	9
55843	FALSE	0
101928386	FALSE	0
79712	TRUE	16
9839	TRUE	11
100303491	FALSE	0
101928455	FALSE	0
401014	FALSE	0
728773	TRUE	2
92	TRUE	16
5000	TRUE	16
55777	TRUE	16
26122	TRUE	16
101928526	FALSE	0
3800	TRUE	4
130576	TRUE	10
130574	TRUE	11
27249	TRUE	16
101929231	TRUE	9
390	TRUE	15
101929260	FALSE	0
101929282	FALSE	0
375287	TRUE	16
9111	TRUE	16
101929319	FALSE	0
7130	FALSE	0
100616392	FALSE	0
100616418	FALSE	0
55183	TRUE	16
4703	TRUE	16
26225	TRUE	16
785	TRUE	10
10254	TRUE	16
114793	TRUE	16
55660	TRUE	16
151188	TRUE	16
56475	TRUE	6
114805	TRUE	6
100144595	FALSE	0
3760	TRUE	3
101929378	TRUE	6
4929	TRUE	15
100189021	FALSE	0
100189208	FALSE	0
2820	TRUE	16
11227	TRUE	11
57471	TRUE	2
728066	TRUE	16
9595	TRUE	3
130399	TRUE	8
90	TRUE	16
151531	FALSE	0
554201	FALSE	0
130940	TRUE	16
8502	TRUE	16
92196	TRUE	2
85461	TRUE	16
102465535	FALSE	0
151525	TRUE	16
29994	TRUE	16
643072	TRUE	15
64844	TRUE	16
9936	FALSE	0
100526664	FALSE	0
4065	TRUE	9
22925	TRUE	14
3694	TRUE	14
100505984	TRUE	7
5937	TRUE	16
100616364	FALSE	0
10010	TRUE	16
101929512	TRUE	4
100996579	TRUE	10
10213	TRUE	16
10716	FALSE	0
285116	TRUE	16
57282	TRUE	2
1803	TRUE	13
101929532	FALSE	0
2641	FALSE	0
2191	TRUE	4
64135	TRUE	16
25801	TRUE	14
90134	TRUE	3
101929570	FALSE	0
55137	TRUE	8
2888	TRUE	11
22837	TRUE	15
100337591	FALSE	0
101929633	TRUE	2
151258	TRUE	3
6328	TRUE	8
6326	TRUE	5
80034	TRUE	12
2591	TRUE	13
100506124	TRUE	2
79809	TRUE	16
100506134	FALSE	0
102724058	FALSE	0
6323	FALSE	0
101929680	FALSE	0
6335	TRUE	13
6332	TRUE	2
129446	FALSE	1
100874011	FALSE	0
8708	TRUE	7
27347	TRUE	16
253782	TRUE	16
100616356	FALSE	0
100861402	FALSE	0
115677	TRUE	11
57405	TRUE	14
57818	FALSE	0
8647	TRUE	6
10170	TRUE	11
4036	TRUE	6
129880	TRUE	14
10324	TRUE	8
79675	TRUE	16
9360	TRUE	16
129881	TRUE	13
493911	TRUE	16
100526832	FALSE	0
151230	TRUE	16
6741	TRUE	16
29081	TRUE	16
130507	TRUE	16
140469	TRUE	7
101929753	FALSE	0
101926913	FALSE	0
440925	TRUE	9
389058	TRUE	6
285141	TRUE	14
2571	TRUE	14
26003	TRUE	16
9874	TRUE	16
79828	TRUE	16
80067	TRUE	16
79901	TRUE	13
1781	TRUE	16
8604	TRUE	16
8520	TRUE	16
254042	TRUE	16
1745	TRUE	13
1746	TRUE	15
104326193	FALSE	0
3655	TRUE	16
5163	TRUE	16
91149	FALSE	1
11069	TRUE	9
51776	TRUE	16
339751	TRUE	13
83879	TRUE	16
6670	TRUE	16
100128905	TRUE	2
29789	TRUE	16
285084	FALSE	1
100131390	TRUE	2
9541	TRUE	16
79634	TRUE	16
151556	TRUE	16
7456	TRUE	7
440926	TRUE	16
1134	TRUE	2
1123	TRUE	16
1386	TRUE	16
100126350	FALSE	0
518	TRUE	16
80856	TRUE	16
344191	FALSE	0
3239	FALSE	0
3238	TRUE	2
3237	TRUE	2
3236	FALSE	1
3235	FALSE	1
3234	FALSE	0
100506783	TRUE	2
3232	TRUE	4
406903	FALSE	0
3233	TRUE	2
401022	TRUE	7
102800310	FALSE	0
3231	TRUE	3
102465802	FALSE	0
10651	TRUE	16
100302142	FALSE	0
375295	TRUE	10
102724224	TRUE	8
105373759	TRUE	15
220988	TRUE	16
100616394	FALSE	0
4780	TRUE	16
100422824	FALSE	0
100130691	TRUE	16
102465255	FALSE	0
8540	TRUE	16
150737	TRUE	16
92104	TRUE	16
50940	TRUE	9
105373764	FALSE	0
129831	TRUE	16
114880	TRUE	16
101927027	TRUE	14
8575	TRUE	16
494513	TRUE	16
51661	TRUE	16
65977	TRUE	16
100506866	TRUE	16
7273	TRUE	16
101927055	FALSE	0
285025	FALSE	0
91404	TRUE	15
151126	TRUE	4
100302172	FALSE	0
57703	TRUE	16
101669767	FALSE	0
10477	TRUE	16
101927156	FALSE	0
100616213	FALSE	0
3676	TRUE	3
375298	TRUE	13
4760	TRUE	2
6744	TRUE	16
151242	TRUE	14
5136	TRUE	5
54431	TRUE	16
2487	FALSE	0
10787	TRUE	16
142679	TRUE	16
129401	TRUE	16
100616305	FALSE	0
105373780	FALSE	0
91752	TRUE	8
101927196	FALSE	0
401024	TRUE	7
101927217	TRUE	4
55854	TRUE	16
3685	TRUE	16
165215	TRUE	16
151112	FALSE	0
10203	TRUE	12
7035	TRUE	16
104355152	FALSE	0
51454	TRUE	16
693146	FALSE	0
116093	FALSE	0
1281	TRUE	12
100302219	FALSE	0
100616324	FALSE	0
100500837	FALSE	0
1290	TRUE	16
100422908	FALSE	0
84128	TRUE	16
30061	TRUE	15
54529	TRUE	16
150709	TRUE	16
64172	TRUE	16
101409258	TRUE	7
94101	TRUE	16
5378	TRUE	16
84281	TRUE	14
2660	FALSE	0
26275	TRUE	16
105373800	TRUE	2
3628	TRUE	16
54842	TRUE	16
100131211	TRUE	16
105373801	TRUE	16
4664	TRUE	16
2744	TRUE	16
6772	TRUE	16
6775	TRUE	10
4430	TRUE	16
64859	TRUE	16
729254	FALSE	0
8436	TRUE	10
23671	FALSE	1
64002	FALSE	0
101927406	FALSE	0
101927431	FALSE	0
57181	TRUE	16
56171	TRUE	12
9262	TRUE	16
57520	TRUE	14
101927482	FALSE	1
284992	TRUE	16
100130452	FALSE	0
9330	TRUE	16
401027	FALSE	0
80055	TRUE	16
91526	TRUE	16
101927547	FALSE	0
23451	TRUE	16
80219	TRUE	16
3329	TRUE	16
3336	TRUE	16
100529241	FALSE	0
25843	FALSE	1
130132	TRUE	4
92935	TRUE	16
66037	TRUE	2
5334	TRUE	10
101927619	FALSE	0
23314	TRUE	16
150538	TRUE	3
101927641	FALSE	0
348751	TRUE	8
205327	TRUE	16
129450	TRUE	16
79568	TRUE	16
26010	TRUE	16
130535	TRUE	16
151246	TRUE	16
316	TRUE	12
344454	FALSE	1
100507140	TRUE	2
101927795	FALSE	0
9689	TRUE	16
100873740	FALSE	0
1195	TRUE	16
53938	TRUE	16
60491	TRUE	16
4999	TRUE	16
285172	TRUE	16
4709	TRUE	16
8837	TRUE	16
65072	TRUE	5
843	TRUE	11
841	TRUE	16
130540	TRUE	5
66008	TRUE	16
55437	TRUE	16
151254	FALSE	0
65062	TRUE	16
58538	FALSE	0
57679	TRUE	16
105373840	FALSE	1
65061	TRUE	2
8324	TRUE	14
100652824	FALSE	1
7341	TRUE	16
51602	TRUE	16
692110	FALSE	0
100113392	FALSE	0
692058	FALSE	0
659	TRUE	16
150864	TRUE	16
130026	TRUE	16
55759	TRUE	16
79800	TRUE	16
65065	TRUE	16
57404	TRUE	16
10152	TRUE	16
65059	TRUE	16
940	FALSE	0
1493	TRUE	2
29851	FALSE	0
117583	TRUE	16
8828	TRUE	14
54891	TRUE	16
100329109	TRUE	16
4719	TRUE	16
1933	TRUE	16
26798	FALSE	1
619569	TRUE	2
2825	TRUE	11
101669764	FALSE	0
57683	TRUE	10
8745	TRUE	9
200726	FALSE	0
391475	FALSE	0
130752	TRUE	12
22868	TRUE	16
100422993	FALSE	0
100423002	FALSE	0
130749	TRUE	6
8609	TRUE	15
100423036	FALSE	0
102465835	FALSE	0
101927865	FALSE	0
100302130	FALSE	0
1385	TRUE	16
151194	TRUE	16
151195	TRUE	16
100616361	FALSE	0
7855	TRUE	16
389072	TRUE	16
100507443	FALSE	0
1421	FALSE	0
1420	FALSE	0
1419	FALSE	0
1418	FALSE	0
389073	FALSE	0
3417	TRUE	16
100507475	TRUE	15
200576	TRUE	16
5746	TRUE	2
4133	TRUE	16
285175	TRUE	5
6120	TRUE	16
151050	TRUE	16
101928020	FALSE	1
33	TRUE	3
4632	FALSE	0
102724820	FALSE	0
10314	TRUE	16
1373	TRUE	10
29034	FALSE	0
2066	TRUE	6
100313771	FALSE	0
100616267	FALSE	0
100616472	FALSE	0
22807	TRUE	15
100130451	FALSE	0
79582	TRUE	16
100616375	FALSE	0
402117	FALSE	0
100885780	FALSE	0
580	TRUE	16
101928103	TRUE	15
26154	TRUE	14
471	TRUE	16
2335	TRUE	16
102724849	FALSE	0
646324	FALSE	0
55686	TRUE	16
55825	TRUE	16
92691	TRUE	10
7520	TRUE	16
150967	TRUE	16
57574	TRUE	14
50485	TRUE	16
6168	TRUE	16
101928232	FALSE	0
3485	TRUE	14
3488	TRUE	12
7141	FALSE	0
101928327	FALSE	0
729582	TRUE	5
7145	TRUE	11
102465485	FALSE	0
285180	TRUE	3
3580	FALSE	0
3579	FALSE	0
3577	FALSE	0
10109	TRUE	16
100189253	FALSE	0
151306	FALSE	1
14	TRUE	16
25953	TRUE	16
64114	TRUE	16
102465256	FALSE	0
103689911	FALSE	0
102466197	FALSE	0
375307	FALSE	0
101928513	FALSE	0
6556	TRUE	16
58190	TRUE	16
407017	FALSE	0
7429	TRUE	9
57695	TRUE	16
9125	TRUE	16
84812	TRUE	16
7701	TRUE	16
617	TRUE	16
64320	TRUE	16
27148	TRUE	16
9654	TRUE	16
1593	TRUE	7
53632	FALSE	1
103504730	FALSE	0
7475	TRUE	7
80326	TRUE	15
101928537	FALSE	0
8941	TRUE	13
151300	FALSE	0
54738	TRUE	2
1412	TRUE	3
494324	FALSE	0
100129175	TRUE	2
255101	TRUE	2
3549	TRUE	2
100422957	TRUE	2
79840	TRUE	16
151295	TRUE	16
27013	TRUE	16
79137	TRUE	16
130617	TRUE	16
10058	TRUE	16
79065	TRUE	16
55139	TRUE	16
79411	TRUE	16
8576	TRUE	16
7277	TRUE	16
80086	FALSE	0
3300	TRUE	16
5798	TRUE	3
406944	FALSE	0
389075	FALSE	0
23549	TRUE	16
1674	FALSE	0
10290	TRUE	12
100996693	TRUE	12
29926	TRUE	16
55515	TRUE	4
79586	TRUE	16
130612	TRUE	16
100423039	FALSE	0
23363	TRUE	16
3623	TRUE	9
114790	TRUE	16
6508	TRUE	16
101928639	FALSE	0
100422959	FALSE	0
2043	TRUE	14
5077	TRUE	4
151278	FALSE	0
130367	TRUE	13
10056	TRUE	16
116255	FALSE	0
2181	TRUE	16
23704	TRUE	4
7857	TRUE	14
130340	TRUE	16
57590	TRUE	16
65080	TRUE	16
5270	TRUE	14
79843	FALSE	0
8452	TRUE	16
55619	TRUE	5
100616207	FALSE	0
57624	TRUE	8
646736	TRUE	2
100847053	FALSE	0
3667	TRUE	16
84236	TRUE	16
1286	TRUE	13
1285	TRUE	5
654841	TRUE	13
56947	TRUE	16
79853	FALSE	0
100847081	FALSE	0
3267	TRUE	16
56918	FALSE	0
80704	TRUE	5
6364	TRUE	7
164781	TRUE	6
80309	FALSE	0
55022	TRUE	12
92737	TRUE	16
9320	TRUE	16
130888	TRUE	16
151473	TRUE	14
3431	TRUE	16
11262	TRUE	8
93349	TRUE	16
6672	TRUE	16
151475	TRUE	2
51719	TRUE	16
81618	TRUE	16
151484	FALSE	0
9290	TRUE	3
348761	TRUE	5
130560	FALSE	0
257407	TRUE	14
5707	TRUE	16
3357	TRUE	3
80210	TRUE	16
100616317	FALSE	0
93010	TRUE	11
105373926	TRUE	3
4691	TRUE	16
654321	FALSE	1
6082	TRUE	2
25826	FALSE	0
151477	TRUE	15
10316	FALSE	1
165100	FALSE	0
5757	TRUE	16
100302285	FALSE	0
5147	TRUE	16
64708	TRUE	16
100302126	FALSE	0
4880	TRUE	6
129563	TRUE	16
693147	FALSE	0
250	TRUE	13
347694	TRUE	7
251	TRUE	11
248	FALSE	0
9427	TRUE	3
646960	FALSE	1
1144	FALSE	0
1146	TRUE	4
200765	TRUE	16
9470	TRUE	16
100847037	FALSE	0
80303	TRUE	8
26058	TRUE	16
3769	TRUE	3
389084	TRUE	16
25791	TRUE	16
4759	FALSE	1
3635	TRUE	8
55054	TRUE	16
677775	FALSE	1
677772	FALSE	0
6295	FALSE	0
8527	TRUE	16
55230	TRUE	16
54576	FALSE	0
54575	TRUE	4
54600	FALSE	0
54577	FALSE	0
54578	TRUE	3
54579	FALSE	0
54657	FALSE	0
54659	TRUE	3
414061	FALSE	0
100286922	FALSE	0
54658	TRUE	5
339766	TRUE	3
55355	TRUE	16
151507	TRUE	14
79054	TRUE	8
6694	TRUE	2
10123	TRUE	16
23677	TRUE	16
116987	TRUE	16
2637	TRUE	6
401036	FALSE	1
79781	TRUE	4
57007	TRUE	10
105373991	TRUE	4
93463	FALSE	0
10920	TRUE	16
1293	TRUE	11
105373957	TRUE	14
79083	TRUE	16
102465486	FALSE	0
51052	FALSE	0
64284	TRUE	16
9208	TRUE	16
375316	TRUE	12
10267	TRUE	9
140739	TRUE	16
100533179	FALSE	0
51540	TRUE	3
339768	TRUE	4
377007	TRUE	13
151176	TRUE	16
80895	TRUE	16
151174	TRUE	5
643387	FALSE	0
55502	TRUE	16
8864	TRUE	16
26146	TRUE	16
51665	TRUE	16
151171	FALSE	0
100287387	TRUE	2
117581	TRUE	2
401039	TRUE	2
9759	TRUE	16
100616397	FALSE	0
100616493	FALSE	0
85009	FALSE	0
100423043	FALSE	0
100616360	FALSE	0
401040	FALSE	0
150935	FALSE	0
101927147	TRUE	2
100616417	FALSE	0
4705	TRUE	16
389090	FALSE	0
643905	FALSE	0
150681	FALSE	0
150678	TRUE	16
150677	FALSE	0
2817	TRUE	16
100130449	TRUE	8
406941	TRUE	5
51281	TRUE	16
285193	TRUE	16
57140	TRUE	16
101752400	TRUE	16
11132	TRUE	16
2859	TRUE	12
653437	FALSE	0
375318	FALSE	0
547	TRUE	15
189	TRUE	2
79919	TRUE	14
728763	FALSE	0
200772	FALSE	0
25992	TRUE	11
130916	TRUE	16
23178	TRUE	16
5510	TRUE	16
50636	TRUE	16
3069	TRUE	16
101927509	TRUE	16
4735	TRUE	16
9855	TRUE	16
100422942	FALSE	0
10494	TRUE	16
100379249	FALSE	0
666	TRUE	16
51078	TRUE	16
23192	TRUE	16
1841	TRUE	16
84289	TRUE	16
728294	TRUE	16
64090	FALSE	1
129807	FALSE	0
5133	FALSE	0
285093	FALSE	0
101927289	FALSE	0
285095	FALSE	0
102723927	FALSE	0
728323	TRUE	16
245938	FALSE	0
81623	FALSE	0
140850	FALSE	0
245939	FALSE	0
140881	FALSE	0
400830	FALSE	0
140680	TRUE	16
85364	TRUE	16
100507459	TRUE	16
6666	TRUE	16
80023	TRUE	16
57761	TRUE	16
10616	TRUE	16
128637	TRUE	16
1457	TRUE	16
6939	FALSE	0
140809	TRUE	16
85508	FALSE	0
113278	TRUE	14
83541	TRUE	16
51378	TRUE	6
343637	TRUE	3
105372493	TRUE	10
9491	TRUE	16
55321	TRUE	10
400831	FALSE	0
642636	TRUE	2
9751	TRUE	13
100528031	FALSE	0
27111	FALSE	1
100507495	TRUE	16
2280	TRUE	16
102465524	FALSE	0
55968	TRUE	16
284759	TRUE	2
128646	FALSE	0
10326	TRUE	3
55423	FALSE	1
101929010	FALSE	1
100289473	FALSE	1
140885	TRUE	14
727993	FALSE	0
5173	FALSE	0
140901	TRUE	16
388780	FALSE	0
7053	FALSE	0
343641	FALSE	0
6628	TRUE	16
100113378	FALSE	0
79175	TRUE	16
117532	FALSE	0
10528	TRUE	16
100302138	FALSE	0
692213	TRUE	13
677831	TRUE	5
692201	FALSE	0
26793	FALSE	1
26792	FALSE	1
3420	TRUE	16
57593	TRUE	10
56265	TRUE	2
128653	FALSE	0
100288797	FALSE	0
64773	TRUE	16
64601	TRUE	16
5786	TRUE	16
2797	TRUE	5
64949	TRUE	16
101929098	FALSE	0
5020	FALSE	0
551	FALSE	0
100134015	FALSE	0
22888	TRUE	16
60493	TRUE	16
9762	TRUE	16
65992	TRUE	16
3704	TRUE	16
83959	TRUE	16
25943	TRUE	16
8455	TRUE	16
64096	FALSE	0
80332	FALSE	0
6614	FALSE	1
116835	TRUE	7
54976	TRUE	16
25876	TRUE	8
1059	TRUE	16
994	TRUE	16
101929125	TRUE	9
55317	TRUE	16
57506	TRUE	16
80025	TRUE	16
406896	FALSE	0
100302282	FALSE	0
11237	TRUE	16
54498	TRUE	16
728228	FALSE	1
146	TRUE	5
5621	TRUE	16
23627	TRUE	2
149830	FALSE	0
9770	TRUE	11
9962	TRUE	16
29058	TRUE	16
5111	TRUE	16
100302739	FALSE	0
8760	TRUE	16
128674	FALSE	0
728283	FALSE	0
100507629	FALSE	0
643406	FALSE	0
149837	TRUE	4
101929207	FALSE	0
56261	TRUE	16
149840	TRUE	16
1114	TRUE	9
51605	TRUE	16
84515	TRUE	16
101929225	TRUE	16
54675	TRUE	16
164312	TRUE	12
55612	TRUE	16
101929244	FALSE	0
650	TRUE	8
101929265	FALSE	0
101929312	FALSE	0
102465865	FALSE	0
54363	FALSE	0
56255	TRUE	16
23236	TRUE	8
26767	FALSE	0
5332	TRUE	14
101929329	FALSE	0
24141	TRUE	2
57144	FALSE	1
101929371	FALSE	0
100131208	TRUE	4
63926	TRUE	16
6616	TRUE	8
8195	TRUE	16
128710	TRUE	16
182	TRUE	16
102465525	FALSE	0
101929395	FALSE	1
101929413	FALSE	0
339593	FALSE	0
728450	FALSE	0
22903	TRUE	16
101929486	FALSE	0
102606466	FALSE	0
100505515	FALSE	0
55304	TRUE	9
140862	TRUE	8
100505536	FALSE	0
55617	TRUE	16
51575	TRUE	16
79133	TRUE	16
80343	FALSE	0
140733	TRUE	14
23767	TRUE	15
140848	FALSE	1
100379174	FALSE	0
613266	TRUE	2
55614	TRUE	16
6629	TRUE	16
56914	FALSE	0
5126	TRUE	2
631	TRUE	16
11034	TRUE	16
6238	TRUE	16
140836	FALSE	0
27131	TRUE	16
692086	TRUE	16
92667	TRUE	16
58495	TRUE	15
100303755	TRUE	16
57325	TRUE	16
7692	TRUE	16
440757	FALSE	0
55184	TRUE	16
10621	TRUE	16
100422875	FALSE	0
10741	TRUE	16
10483	TRUE	16
388789	TRUE	16
92675	TRUE	16
101929526	FALSE	0
29075	FALSE	0
100270804	TRUE	10
100128496	FALSE	0
140856	FALSE	0
57419	TRUE	2
100130264	FALSE	0
54453	TRUE	16
51126	TRUE	16
51340	TRUE	16
26074	TRUE	3
3642	TRUE	3
57186	TRUE	16
55857	TRUE	16
101929591	FALSE	0
22803	TRUE	16
644524	FALSE	0
4821	TRUE	2
101929625	TRUE	2
101929608	FALSE	0
5075	FALSE	0
100270679	FALSE	0
101929663	FALSE	0
284788	FALSE	0
140828	TRUE	9
3170	TRUE	11
101929685	FALSE	0
6754	FALSE	0
7056	TRUE	12
22918	FALSE	0
200261	FALSE	0
29107	TRUE	16
100505683	TRUE	11
64412	TRUE	16
63908	TRUE	16
128817	FALSE	0
140880	FALSE	0
10047	FALSE	0
164380	FALSE	0
128821	FALSE	0
128822	FALSE	0
1471	TRUE	16
1472	TRUE	6
1469	TRUE	9
1470	TRUE	6
1473	TRUE	6
92086	TRUE	3
400839	FALSE	1
105372585	FALSE	0
79953	TRUE	2
8530	FALSE	0
57136	TRUE	16
84532	TRUE	14
30813	FALSE	0
284798	FALSE	0
101926889	TRUE	11
955	TRUE	16
5834	TRUE	16
26090	TRUE	16
9837	TRUE	16
22981	TRUE	16
140838	TRUE	16
102724826	TRUE	16
26152	TRUE	16
728882	FALSE	0
101926935	TRUE	11
101926955	FALSE	0
100134868	TRUE	12
284800	FALSE	0
149934	FALSE	0
284801	FALSE	0
724033	FALSE	0
100289097	TRUE	14
102723316	TRUE	6
647476	FALSE	0
102723390	TRUE	8
284802	TRUE	16
140678	FALSE	0
245929	FALSE	0
245930	FALSE	0
117285	FALSE	0
245932	FALSE	0
245934	FALSE	0
245935	FALSE	0
245936	FALSE	0
245937	FALSE	0
28954	FALSE	0
140875	FALSE	0
81502	TRUE	16
100101490	TRUE	16
100874042	TRUE	14
3397	TRUE	16
100422904	FALSE	0
84701	FALSE	0
598	TRUE	16
22974	TRUE	16
85366	TRUE	6
2307	FALSE	1
128853	TRUE	6
164395	TRUE	11
81572	TRUE	16
343702	TRUE	7
140706	TRUE	6
3055	FALSE	0
9777	TRUE	16
128854	TRUE	8
5326	TRUE	16
23509	TRUE	16
100302183	FALSE	0
9371	TRUE	16
171023	TRUE	16
140688	TRUE	16
101929698	FALSE	0
149950	FALSE	0
284805	TRUE	2
149951	TRUE	16
1789	TRUE	16
22919	TRUE	16
388795	TRUE	2
140732	FALSE	0
80341	TRUE	2
128859	FALSE	1
359710	FALSE	0
149954	FALSE	0
105372714	FALSE	0
140683	TRUE	4
317716	FALSE	0
128861	FALSE	0
51297	TRUE	2
92747	TRUE	6
51654	TRUE	16
6640	TRUE	16
9139	TRUE	16
63941	TRUE	16
128864	TRUE	10
170487	TRUE	10
1869	TRUE	16
11264	TRUE	16
84905	TRUE	16
101929746	TRUE	9
128866	TRUE	16
101926888	TRUE	16
22913	TRUE	16
100616434	FALSE	0
8894	TRUE	16
434	TRUE	2
191	TRUE	16
83737	TRUE	16
693229	FALSE	0
83658	TRUE	16
84557	TRUE	14
128869	TRUE	16
58476	TRUE	16
23054	TRUE	16
128872	FALSE	0
2686	TRUE	16
55902	TRUE	16
2937	TRUE	16
57644	TRUE	16
574501	FALSE	0
100616134	FALSE	0
26133	TRUE	16
55741	TRUE	16
10544	TRUE	14
10893	TRUE	16
101410538	TRUE	16
3692	TRUE	16
140846	TRUE	5
128876	FALSE	0
55245	TRUE	16
8200	FALSE	0
100302125	FALSE	0
11190	TRUE	16
140873	FALSE	0
51614	TRUE	16
80307	TRUE	15
6676	TRUE	16
8904	TRUE	16
10137	TRUE	16
9054	TRUE	16
140823	TRUE	16
9584	TRUE	16
51230	TRUE	16
51282	TRUE	16
140894	TRUE	6
647979	TRUE	16
2036	TRUE	16
25980	TRUE	16
22839	TRUE	16
101926987	TRUE	2
10398	TRUE	13
60436	TRUE	16
100527943	FALSE	0
55969	TRUE	16
84174	FALSE	0
57446	TRUE	16
79980	TRUE	16
140710	TRUE	16
140711	TRUE	16
25939	TRUE	16
5933	TRUE	16
140699	TRUE	8
6185	TRUE	16
2691	FALSE	0
63905	TRUE	16
6714	TRUE	16
10904	TRUE	16
4826	TRUE	10
100861522	FALSE	0
100287792	TRUE	2
56259	TRUE	16
128434	TRUE	14
9675	TRUE	16
58490	TRUE	16
7052	TRUE	16
85449	TRUE	9
149684	FALSE	0
671	FALSE	0
3929	FALSE	0
388796	TRUE	16
26776	TRUE	4
26777	TRUE	2
677839	TRUE	4
677840	FALSE	1
128439	TRUE	16
677821	FALSE	0
677837	FALSE	0
57148	TRUE	16
100616190	FALSE	0
149685	FALSE	0
343578	TRUE	6
140679	FALSE	0
79913	TRUE	16
26051	TRUE	6
81610	TRUE	16
60625	TRUE	16
339568	FALSE	0
100505663	FALSE	0
9935	TRUE	7
7150	TRUE	16
101927117	FALSE	0
5335	TRUE	16
102466912	FALSE	0
23051	TRUE	16
64900	TRUE	16
90187	FALSE	1
84181	TRUE	16
11122	TRUE	2
101927159	FALSE	0
6431	TRUE	16
26013	TRUE	16
10110	TRUE	6
51098	TRUE	16
4605	TRUE	16
149699	FALSE	0
84969	TRUE	11
57158	TRUE	9
51526	TRUE	16
100505783	TRUE	16
78997	FALSE	0
128486	TRUE	16
140902	FALSE	0
3172	TRUE	6
101927219	FALSE	0
100500813	FALSE	0
101927242	FALSE	0
140834	FALSE	0
79183	TRUE	16
10955	TRUE	16
11142	TRUE	16
100	TRUE	16
79015	TRUE	8
8839	TRUE	4
60598	TRUE	10
140730	TRUE	4
7529	TRUE	16
80336	TRUE	16
10953	TRUE	16
100505826	TRUE	11
6789	TRUE	16
3787	TRUE	6
149708	FALSE	0
128488	FALSE	0
5266	TRUE	8
6406	FALSE	0
6407	FALSE	0
6590	TRUE	12
8785	TRUE	6
11317	FALSE	0
6385	TRUE	16
90196	TRUE	16
767557	FALSE	0
27296	TRUE	16
55861	TRUE	16
51604	TRUE	16
102465487	FALSE	0
10406	TRUE	15
10816	FALSE	0
140870	FALSE	0
100526773	FALSE	0
57119	FALSE	0
90199	FALSE	0
259240	FALSE	0
140832	FALSE	0
259239	FALSE	0
280664	FALSE	0
164237	FALSE	0
100500897	FALSE	0
391253	FALSE	0
140686	TRUE	13
116092	TRUE	16
11065	TRUE	16
7125	TRUE	5
90203	TRUE	16
10005	TRUE	16
140831	TRUE	16
90204	TRUE	16
128497	TRUE	11
140825	TRUE	16
5476	TRUE	16
5360	TRUE	13
63935	TRUE	16
63925	TRUE	16
4318	TRUE	11
57468	TRUE	10
57727	TRUE	16
958	TRUE	11
64405	FALSE	1
51006	TRUE	16
63916	TRUE	16
100130934	FALSE	1
7686	FALSE	0
55713	TRUE	6
128506	FALSE	0
64849	TRUE	6
112858	TRUE	16
81031	TRUE	14
2139	TRUE	10
100500814	FALSE	0
23613	TRUE	16
100131496	TRUE	8
8202	TRUE	16
55959	TRUE	12
101927457	TRUE	2
101060004	FALSE	0
284749	FALSE	0
57580	TRUE	10
10564	TRUE	16
102723483	FALSE	0
1434	TRUE	16
6780	TRUE	16
55661	TRUE	16
57169	TRUE	16
441951	TRUE	16
26765	TRUE	2
100113393	TRUE	11
692057	TRUE	9
3745	TRUE	9
5740	TRUE	8
105372715	TRUE	7
9334	TRUE	16
23315	TRUE	16
9825	TRUE	16
55905	TRUE	16
6615	TRUE	15
100887755	FALSE	0
7335	TRUE	16
387522	FALSE	0
387521	TRUE	16
101927541	TRUE	14
101927559	TRUE	13
1051	TRUE	16
100506115	TRUE	2
284751	TRUE	10
101927586	TRUE	3
5770	TRUE	16
693230	FALSE	0
140876	TRUE	9
100302146	FALSE	0
100506175	FALSE	1
84612	TRUE	16
55653	TRUE	16
23394	TRUE	16
101927631	TRUE	16
8813	TRUE	16
27304	TRUE	16
3755	TRUE	8
4773	TRUE	16
100422889	FALSE	0
10079	TRUE	16
57167	TRUE	12
101927678	FALSE	0
55734	TRUE	16
101927700	FALSE	0
128553	TRUE	10
101927770	TRUE	11
7764	TRUE	16
391257	FALSE	0
8537	TRUE	15
100616225	FALSE	0
1591	TRUE	12
5203	TRUE	16
55816	TRUE	5
101927796	FALSE	0
102723578	FALSE	0
140689	FALSE	0
4159	FALSE	0
116151	TRUE	16
6790	TRUE	16
1477	TRUE	16
57091	TRUE	4
51507	TRUE	16
140687	FALSE	1
200232	FALSE	0
388799	FALSE	0
105372682	FALSE	0
7022	TRUE	8
655	TRUE	8
102723590	FALSE	0
100422883	FALSE	0
23626	FALSE	0
8480	TRUE	16
100462983	FALSE	0
55544	TRUE	16
140690	FALSE	0
5105	FALSE	1
81030	TRUE	3
56937	TRUE	15
100616353	FALSE	0
128602	FALSE	0
140731	FALSE	0
55370	TRUE	16
57403	TRUE	16
9217	TRUE	16
164284	TRUE	3
149773	TRUE	5
79160	FALSE	0
100534593	TRUE	2
8675	TRUE	16
79716	TRUE	16
407022	FALSE	0
100126296	FALSE	0
149775	FALSE	0
2778	TRUE	16
101927932	TRUE	5
51497	TRUE	16
1522	TRUE	16
81027	TRUE	15
100533975	FALSE	0
514	TRUE	13
51012	TRUE	16
128611	FALSE	0
1908	FALSE	0
116154	TRUE	12
100506384	FALSE	0
10388	TRUE	11
63939	TRUE	16
5509	TRUE	16
60437	TRUE	11
284756	TRUE	2
729296	FALSE	0
284757	TRUE	2
693231	FALSE	0
101928048	FALSE	0
100616362	FALSE	0
100616440	FALSE	0
100506470	FALSE	0
1002	TRUE	2
100302168	FALSE	0
6874	TRUE	16
105372704	FALSE	0
100422838	FALSE	0
149986	TRUE	16
5688	TRUE	16
26039	TRUE	16
26164	TRUE	16
11255	TRUE	5
105369209	FALSE	0
9885	TRUE	16
11047	TRUE	16
3911	TRUE	16
100616340	FALSE	0
101928158	TRUE	3
6227	TRUE	16
81928	TRUE	16
140893	TRUE	10
140628	TRUE	2
253868	TRUE	2
128826	FALSE	1
406904	FALSE	0
406923	FALSE	0
28231	TRUE	16
101928465	TRUE	16
100127888	TRUE	11
4923	TRUE	11
100652730	TRUE	6
55257	TRUE	16
101409261	TRUE	9
11054	TRUE	16
1299	TRUE	16
10732	TRUE	16
100132911	TRUE	16
11083	TRUE	16
54994	TRUE	16
63910	TRUE	8
128408	FALSE	0
63930	FALSE	0
100144596	FALSE	0
100144597	FALSE	0
768097	TRUE	4
768096	TRUE	10
406909	FALSE	0
54915	TRUE	16
79444	TRUE	4
100423014	FALSE	0
128414	TRUE	5
100192386	TRUE	2
55738	TRUE	16
100422945	FALSE	0
57642	TRUE	4
1137	TRUE	2
100130587	FALSE	0
102723788	FALSE	0
3785	TRUE	6
1917	TRUE	16
79144	TRUE	16
5753	TRUE	16
6725	TRUE	16
79025	TRUE	12
85441	TRUE	16
26205	TRUE	16
50861	TRUE	16
100533107	FALSE	0
51750	TRUE	16
8771	TRUE	6
10139	TRUE	16
84619	TRUE	16
54923	TRUE	16
56731	TRUE	16
140685	TRUE	15
101928604	FALSE	0
100128998	FALSE	0
140701	TRUE	16
7165	TRUE	16
80331	TRUE	16
100126329	FALSE	0
100126339	FALSE	0
100126352	FALSE	0
100126330	FALSE	0
103504732	FALSE	0
54963	TRUE	16
100302137	TRUE	6
693232	FALSE	0
100113386	TRUE	16
57473	TRUE	16
140700	TRUE	16
24148	TRUE	16
284739	TRUE	14
6919	TRUE	16
54345	TRUE	5
10287	TRUE	16
102466741	FALSE	0
4987	TRUE	7
198437	TRUE	6
2832	FALSE	0
4661	TRUE	2
55251	TRUE	16
140849	FALSE	0
102724184	FALSE	0
102723996	TRUE	10
102724023	TRUE	16
102724159	TRUE	16
102724200	TRUE	16
102724219	FALSE	0
102724334	FALSE	0
102724385	FALSE	0
102724398	TRUE	2
102724428	TRUE	13
102724441	TRUE	13
102724560	TRUE	7
102724594	TRUE	16
102724652	FALSE	0
102466252	FALSE	0
102724843	TRUE	6
102724951	FALSE	0
102723360	FALSE	0
102723553	FALSE	0
102723451	FALSE	0
102723475	FALSE	0
102465433	FALSE	0
100500862	TRUE	7
100500815	FALSE	0
103504727	FALSE	0
103504739	FALSE	0
103504733	FALSE	0
103504731	FALSE	0
103504728	FALSE	0
105372731	FALSE	1
100132288	TRUE	13
101927345	FALSE	0
441058	FALSE	0
85319	FALSE	0
105378260	FALSE	0
7179	FALSE	0
149992	FALSE	0
100423018	FALSE	0
102724188	FALSE	0
317754	FALSE	0
100423008	FALSE	0
103504736	FALSE	0
54055	TRUE	2
391267	FALSE	1
149998	FALSE	0
54033	TRUE	9
150000	FALSE	0
6782	TRUE	16
64092	FALSE	1
100874190	FALSE	0
388813	FALSE	0
8204	TRUE	16
29761	TRUE	16
388815	FALSE	1
407055	FALSE	0
406885	FALSE	0
406912	FALSE	0
100505929	FALSE	0
100189284	TRUE	6
1525	TRUE	16
10950	TRUE	16
246312	FALSE	0
54149	TRUE	12
140578	FALSE	1
54075	FALSE	0
5651	FALSE	0
101927797	FALSE	0
100422920	FALSE	0
387486	FALSE	0
4685	TRUE	4
378828	FALSE	0
101927821	FALSE	0
101927843	FALSE	0
54143	FALSE	0
102466967	FALSE	0
266917	FALSE	0
101927869	FALSE	0
339622	FALSE	0
54072	FALSE	0
114614	TRUE	2
406947	FALSE	0
282566	FALSE	0
54148	TRUE	16
58494	TRUE	2
522	TRUE	16
2551	TRUE	16
351	TRUE	16
105372811	FALSE	0
100996571	TRUE	2
116159	FALSE	0
9510	TRUE	9
11096	FALSE	0
100616243	FALSE	0
54088	FALSE	0
246705	FALSE	0
284825	TRUE	5
101927973	FALSE	0
118421	FALSE	0
29104	TRUE	16
26046	TRUE	16
10069	TRUE	16
10600	TRUE	16
10694	TRUE	16
56911	TRUE	11
193629	TRUE	2
571	TRUE	16
100874322	FALSE	0
2897	TRUE	2
100379661	FALSE	0
642976	FALSE	0
26285	FALSE	0
266919	FALSE	0
9073	FALSE	1
643803	FALSE	0
100131902	FALSE	0
388818	FALSE	0
643812	FALSE	0
337963	FALSE	0
337959	FALSE	0
100422891	FALSE	0
140258	FALSE	0
337960	FALSE	0
284827	FALSE	0
254950	FALSE	0
337882	FALSE	0
337969	FALSE	0
337970	FALSE	0
337971	FALSE	0
337972	FALSE	0
337973	FALSE	0
337974	FALSE	0
100288287	FALSE	0
337968	FALSE	0
337967	FALSE	0
337979	FALSE	0
337966	FALSE	0
337975	FALSE	0
100151643	FALSE	0
337976	FALSE	0
337985	FALSE	0
100288323	FALSE	0
337978	FALSE	0
337977	FALSE	0
337879	FALSE	0
337878	FALSE	0
337880	FALSE	0
728299	FALSE	0
7074	TRUE	16
150051	TRUE	10
6647	TRUE	16
57466	TRUE	16
30811	TRUE	2
100551499	FALSE	0
54069	TRUE	16
56246	FALSE	0
9875	TRUE	16
677846	FALSE	0
84996	TRUE	16
59271	TRUE	9
140290	TRUE	9
56683	TRUE	16
8867	TRUE	16
100506215	TRUE	16
94104	TRUE	16
54067	FALSE	0
56245	FALSE	0
102724502	FALSE	0
10215	FALSE	0
101930746	FALSE	0
116448	FALSE	0
101928107	FALSE	0
728409	FALSE	0
3455	TRUE	16
100288432	TRUE	15
3588	TRUE	16
3454	TRUE	16
3460	TRUE	16
757	TRUE	4
54943	FALSE	1
2618	TRUE	16
6651	TRUE	16
102465248	FALSE	0
29980	TRUE	16
9946	TRUE	16
6453	TRUE	16
539	TRUE	16
100506334	TRUE	8
400863	TRUE	7
6526	TRUE	16
64968	TRUE	16
114036	TRUE	2
9992	TRUE	9
54065	TRUE	13
101928147	FALSE	0
3753	FALSE	0
101928182	FALSE	0
1827	TRUE	16
54102	TRUE	4
54064	FALSE	0
100506385	TRUE	2
861	TRUE	16
80215	FALSE	0
100506403	FALSE	0
768219	FALSE	0
101928269	FALSE	0
100996609	FALSE	0
54093	TRUE	16
100133286	FALSE	1
873	TRUE	16
100506428	TRUE	15
874	TRUE	16
9980	TRUE	16
23515	TRUE	16
8208	TRUE	16
23562	TRUE	3
6493	TRUE	16
3141	TRUE	16
53820	TRUE	8
51227	TRUE	16
7267	TRUE	16
257203	TRUE	12
10311	TRUE	16
1859	TRUE	16
3763	TRUE	2
10281	FALSE	0
84677	FALSE	0
259234	FALSE	0
3772	TRUE	3
102724678	FALSE	0
2078	TRUE	2
400866	FALSE	0
2114	TRUE	16
101928398	FALSE	0
400867	TRUE	2
101928435	FALSE	0
8624	TRUE	16
54014	TRUE	16
103091865	TRUE	12
100874093	FALSE	0
3150	TRUE	16
7485	TRUE	16
150082	TRUE	13
6450	TRUE	16
102466972	FALSE	0
114041	TRUE	10
10317	TRUE	10
150084	TRUE	8
5121	TRUE	4
1826	FALSE	0
100616148	FALSE	0
100506492	FALSE	0
100874326	FALSE	0
284835	FALSE	0
100423023	FALSE	0
25825	TRUE	16
191585	FALSE	1
54097	TRUE	6
4600	TRUE	12
4599	TRUE	16
7113	TRUE	14
54090	FALSE	0
150135	TRUE	3
54089	FALSE	0
54101	TRUE	16
102465488	FALSE	0
63977	TRUE	16
25966	TRUE	16
49854	TRUE	16
150142	FALSE	1
89766	TRUE	2
150147	FALSE	0
9619	TRUE	14
7033	TRUE	7
7032	TRUE	9
7031	TRUE	15
64699	TRUE	8
53347	FALSE	0
89765	TRUE	14
54020	TRUE	16
5152	TRUE	14
10785	TRUE	16
4731	TRUE	16
105372818	FALSE	0
100847013	FALSE	0
5316	TRUE	16
875	TRUE	9
7307	TRUE	16
1409	FALSE	0
105372843	TRUE	2
100126693	FALSE	0
150094	TRUE	13
284836	FALSE	0
114038	FALSE	0
11077	TRUE	16
102464825	FALSE	0
23076	TRUE	16
8566	TRUE	16
105372824	TRUE	14
1476	TRUE	16
8568	TRUE	16
284837	TRUE	12
56894	TRUE	16
7109	TRUE	16
5822	TRUE	9
8209	TRUE	16
23308	TRUE	10
29947	FALSE	0
326	FALSE	0
5211	TRUE	16
755	TRUE	16
7226	TRUE	4
101928607	TRUE	4
100861510	FALSE	0
81543	TRUE	13
54084	TRUE	9
54082	TRUE	8
114043	TRUE	8
386677	FALSE	0
386679	FALSE	0
386682	FALSE	0
386672	FALSE	0
386680	FALSE	0
386674	FALSE	0
386675	FALSE	0
386681	FALSE	0
386676	FALSE	0
353333	FALSE	0
386678	FALSE	0
386684	FALSE	0
386683	FALSE	0
353323	FALSE	0
353332	FALSE	0
386685	FALSE	0
7327	TRUE	16
101928689	TRUE	5
6612	TRUE	16
754	TRUE	16
3689	TRUE	13
100505746	TRUE	10
84536	TRUE	16
85395	TRUE	16
727699	TRUE	3
378825	TRUE	8
105372836	TRUE	3
728039	TRUE	13
104	TRUE	16
23275	TRUE	16
642852	TRUE	16
388830	FALSE	0
80781	TRUE	16
100874236	FALSE	0
378832	TRUE	2
102465489	FALSE	0
6573	TRUE	16
100129027	FALSE	0
54039	FALSE	0
101928796	FALSE	1
1291	TRUE	14
1292	TRUE	10
10841	FALSE	1
84221	TRUE	2
4047	TRUE	16
114044	TRUE	16
8888	TRUE	16
54059	TRUE	16
54058	TRUE	16
5116	TRUE	16
23181	TRUE	16
100862692	FALSE	0
6285	FALSE	0
3275	TRUE	16
105379419	FALSE	0
102723780	FALSE	0
105379427	FALSE	0
102723769	FALSE	0
81061	FALSE	0
23784	TRUE	2
100852406	FALSE	0
503637	TRUE	16
101929839	TRUE	14
150160	FALSE	0
387590	FALSE	0
23783	FALSE	0
150165	TRUE	2
27437	FALSE	0
128954	FALSE	0
100130418	TRUE	6
23765	TRUE	16
27439	TRUE	11
100996342	FALSE	0
27440	TRUE	16
100130717	TRUE	4
51816	TRUE	2
27442	FALSE	0
27443	TRUE	9
83733	TRUE	15
101929372	FALSE	0
529	TRUE	16
23786	TRUE	16
637	TRUE	16
100423025	FALSE	0
200298	TRUE	3
57553	TRUE	16
693233	FALSE	0
100192420	FALSE	1
55670	TRUE	16
51807	TRUE	14
11274	TRUE	16
100996415	TRUE	2
729461	FALSE	0
105369191	FALSE	0
653203	FALSE	0
100996401	FALSE	0
728229	TRUE	14
728233	TRUE	16
85376	TRUE	14
642643	FALSE	0
105372867	FALSE	0
2679	FALSE	0
102724123	FALSE	0
8214	FALSE	1
5625	FALSE	1
26220	TRUE	12
105372855	FALSE	1
25787	TRUE	8
26222	TRUE	3
9993	TRUE	16
25786	TRUE	16
8220	TRUE	16
23617	FALSE	0
2928	FALSE	0
100652736	TRUE	15
6576	TRUE	16
8218	TRUE	16
7290	TRUE	16
64976	TRUE	16
128977	TRUE	16
7353	TRUE	16
8318	TRUE	16
7122	TRUE	5
150185	FALSE	0
5413	TRUE	2
100526833	TRUE	6
2812	FALSE	0
6899	TRUE	11
54584	TRUE	16
79680	TRUE	16
10587	TRUE	16
1312	TRUE	16
100616414	FALSE	0
421	TRUE	16
128989	TRUE	16
406961	FALSE	0
54487	TRUE	16
100500860	FALSE	0
100302197	FALSE	0
27037	TRUE	16
102465490	FALSE	0
5902	TRUE	16
29801	TRUE	16
388849	TRUE	5
284865	TRUE	4
150197	TRUE	11
65078	TRUE	16
100302118	FALSE	0
85359	TRUE	16
101927859	TRUE	2
105377189	FALSE	0
373856	TRUE	2
7625	TRUE	16
91179	TRUE	14
84861	TRUE	16
51586	TRUE	16
266697	FALSE	0
84222	TRUE	16
5297	TRUE	16
3053	TRUE	4
9342	TRUE	16
1399	TRUE	16
101928891	TRUE	16
150209	TRUE	16
8216	TRUE	16
80764	TRUE	16
439931	TRUE	16
113691	TRUE	6
9127	TRUE	10
6545	TRUE	6
693234	FALSE	0
440799	TRUE	4
400891	TRUE	2
400892	TRUE	6
642633	TRUE	2
728441	FALSE	0
29797	FALSE	1
105369215	FALSE	0
100996335	FALSE	0
440804	TRUE	5
23119	TRUE	16
645426	TRUE	15
375133	TRUE	16
150221	FALSE	1
7332	TRUE	16
150223	TRUE	16
164592	TRUE	6
23753	TRUE	16
100126318	FALSE	0
406920	TRUE	2
23759	TRUE	16
29799	TRUE	16
5594	TRUE	16
9647	TRUE	16
8940	TRUE	16
649179	FALSE	0
28763	FALSE	0
28784	FALSE	0
28764	FALSE	0
28771	FALSE	0
84097	FALSE	0
28757	FALSE	0
28759	FALSE	0
28760	FALSE	0
28765	FALSE	0
28819	FALSE	0
28774	FALSE	0
28785	FALSE	0
28761	FALSE	0
28758	FALSE	0
28778	FALSE	0
28766	FALSE	0
28770	FALSE	0
28772	FALSE	0
28762	FALSE	0
7441	FALSE	0
96610	TRUE	16
28779	FALSE	0
28820	FALSE	0
28821	FALSE	0
28773	FALSE	0
28780	FALSE	0
28822	TRUE	2
28775	FALSE	1
28781	FALSE	0
28823	FALSE	0
28776	FALSE	0
28767	FALSE	0
84089	FALSE	0
28825	FALSE	0
28768	FALSE	0
28783	FALSE	0
28826	FALSE	0
28777	FALSE	0
140883	FALSE	0
129025	FALSE	0
23532	FALSE	0
648691	FALSE	0
28810	FALSE	0
28811	FALSE	0
28787	FALSE	0
28788	FALSE	0
28789	FALSE	0
25812	TRUE	14
91227	FALSE	0
28790	FALSE	0
28812	FALSE	0
28791	FALSE	0
28792	FALSE	0
84090	FALSE	0
28793	FALSE	0
28813	FALSE	0
28795	FALSE	0
28796	FALSE	0
28769	FALSE	0
28797	FALSE	0
28814	FALSE	0
28798	FALSE	0
28799	FALSE	0
28800	FALSE	0
28815	FALSE	0
28801	FALSE	0
28802	FALSE	0
28816	FALSE	0
28803	FALSE	0
28804	FALSE	0
723778	FALSE	0
28817	FALSE	0
28805	FALSE	0
28806	FALSE	0
28818	FALSE	0
28807	FALSE	0
28786	FALSE	0
28808	FALSE	0
28809	FALSE	0
100847006	FALSE	0
100423062	FALSE	0
28833	FALSE	0
3537	FALSE	0
28832	FALSE	0
3538	FALSE	0
28831	FALSE	0
3539	FALSE	0
28830	FALSE	0
3540	FALSE	0
28829	FALSE	0
3541	FALSE	0
28827	FALSE	0
28834	FALSE	0
27156	TRUE	6
2781	TRUE	8
9609	TRUE	15
613	TRUE	16
26226	TRUE	12
649264	FALSE	1
150244	TRUE	3
101929374	TRUE	2
388882	FALSE	0
101978785	TRUE	2
3543	FALSE	0
51233	TRUE	4
91316	TRUE	16
266747	TRUE	16
7621	TRUE	16
29802	TRUE	5
150248	FALSE	0
400916	FALSE	0
4320	FALSE	0
6598	FALSE	0
91319	FALSE	0
66035	FALSE	0
284889	FALSE	0
4282	FALSE	0
100652871	FALSE	0
653689	TRUE	13
100037417	TRUE	2
1652	FALSE	0
2953	FALSE	0
25774	FALSE	0
102725204	FALSE	0
23523	TRUE	16
56241	TRUE	15
2687	TRUE	2
29774	TRUE	4
101730217	FALSE	0
23384	TRUE	16
135	TRUE	3
646023	TRUE	3
51733	TRUE	2
83606	TRUE	16
6634	TRUE	16
2678	TRUE	16
388886	TRUE	13
644165	FALSE	0
646074	TRUE	9
440822	TRUE	2
7152	FALSE	0
129049	TRUE	14
255349	FALSE	0
85379	TRUE	16
100128531	TRUE	8
1417	TRUE	6
1415	TRUE	3
91353	FALSE	0
100652901	TRUE	7
91355	TRUE	16
1416	TRUE	16
102466198	FALSE	0
157	TRUE	16
84700	FALSE	0
23544	FALSE	0
57168	TRUE	16
89781	TRUE	16
402055	TRUE	16
24144	TRUE	16
8459	TRUE	16
100313914	FALSE	0
1414	FALSE	0
1413	FALSE	0
440823	TRUE	9
102724827	TRUE	13
101929539	FALSE	0
284898	FALSE	0
4330	TRUE	16
23760	TRUE	16
284900	TRUE	16
100423034	FALSE	0
100422998	FALSE	0
23331	TRUE	11
102466081	FALSE	0
11200	TRUE	16
150274	TRUE	16
150275	TRUE	16
7494	TRUE	16
84133	TRUE	16
100874123	TRUE	3
25770	FALSE	0
83999	TRUE	16
129080	TRUE	7
25807	TRUE	16
2130	TRUE	16
10634	TRUE	16
10633	TRUE	7
162	TRUE	16
100500833	FALSE	0
100113380	FALSE	0
5988	FALSE	0
10740	FALSE	0
4744	TRUE	3
8563	TRUE	16
8508	TRUE	16
4771	TRUE	16
164633	TRUE	5
55954	TRUE	16
29796	TRUE	16
84164	TRUE	16
8897	TRUE	16
102466742	FALSE	0
101929664	FALSE	0
150280	TRUE	2
3976	TRUE	16
5008	FALSE	0
652968	TRUE	16
83874	TRUE	16
10291	TRUE	16
550631	TRUE	16
85371	TRUE	15
200312	TRUE	16
23541	TRUE	16
51537	TRUE	16
266629	FALSE	0
376844	FALSE	0
284904	TRUE	4
730005	FALSE	0
9514	TRUE	9
23481	TRUE	16
6948	TRUE	14
339665	TRUE	15
150290	TRUE	16
101929728	FALSE	1
23762	TRUE	16
100422912	FALSE	0
150291	TRUE	2
22880	TRUE	16
55000	TRUE	16
6525	TRUE	16
140606	TRUE	16
27124	TRUE	14
50487	TRUE	2
100500901	FALSE	0
91445	TRUE	16
3985	TRUE	16
113791	TRUE	16
23598	TRUE	16
101929760	FALSE	0
54944	TRUE	16
4733	TRUE	16
56478	TRUE	16
100873756	FALSE	0
9814	TRUE	16
23761	TRUE	16
102465666	FALSE	0
253143	TRUE	16
9681	TRUE	16
25775	TRUE	9
7533	TRUE	16
6523	TRUE	4
23782	FALSE	0
150297	FALSE	0
10739	TRUE	5
6527	FALSE	1
10738	FALSE	0
10737	FALSE	0
339666	TRUE	2
51493	TRUE	16
254240	FALSE	0
25793	TRUE	16
8224	TRUE	2
7078	TRUE	10
9215	TRUE	14
100616295	FALSE	0
100506195	FALSE	0
91464	FALSE	0
104310353	FALSE	0
10042	TRUE	16
10043	TRUE	16
105377197	FALSE	0
100500826	FALSE	0
102464824	FALSE	0
3162	TRUE	16
4174	TRUE	16
23551	TRUE	13
4151	TRUE	15
80830	TRUE	16
80831	FALSE	0
23543	TRUE	16
80833	TRUE	12
80832	TRUE	2
23780	TRUE	16
8542	TRUE	16
4627	TRUE	16
102465491	FALSE	0
25828	TRUE	16
80020	TRUE	16
8664	TRUE	16
10369	FALSE	1
11020	TRUE	16
5816	FALSE	0
4689	TRUE	2
1439	FALSE	0
100506241	FALSE	0
339669	FALSE	0
7263	TRUE	16
4357	TRUE	16
79734	TRUE	16
164656	TRUE	4
3560	TRUE	4
114904	TRUE	16
6753	FALSE	0
5880	TRUE	15
27128	TRUE	8
114794	TRUE	14
100506271	TRUE	6
4242	TRUE	11
29775	TRUE	16
11135	TRUE	16
3957	TRUE	4
26088	TRUE	16
23616	TRUE	16
101927051	FALSE	0
57026	TRUE	16
3956	TRUE	16
79159	TRUE	16
11078	TRUE	16
102724378	TRUE	16
3005	TRUE	16
23464	TRUE	16
8484	TRUE	3
129138	TRUE	16
724028	FALSE	0
724029	FALSE	0
51386	TRUE	16
85377	TRUE	16
84645	TRUE	16
5435	TRUE	16
102465492	FALSE	0
6663	FALSE	0
105369188	FALSE	0
100616146	FALSE	0
9463	TRUE	16
23539	TRUE	7
80115	TRUE	10
8398	TRUE	16
23764	TRUE	16
25829	TRUE	16
1454	TRUE	16
102800317	FALSE	0
400927	FALSE	0
3761	TRUE	4
11015	TRUE	16
10521	TRUE	16
11144	TRUE	12
646851	TRUE	15
25776	TRUE	16
56993	TRUE	16
9929	TRUE	16
9567	TRUE	16
25777	TRUE	16
10126	TRUE	16
23467	TRUE	16
23466	TRUE	16
200315	TRUE	2
9582	TRUE	14
100874530	FALSE	0
27350	TRUE	14
140564	TRUE	9
200316	TRUE	16
60489	TRUE	12
164668	TRUE	3
23492	TRUE	16
5155	TRUE	16
6122	TRUE	16
116938	TRUE	7
116937	TRUE	7
116936	TRUE	12
26807	TRUE	12
9145	TRUE	14
10454	TRUE	16
100506472	TRUE	11
4248	TRUE	12
104502417	TRUE	4
54471	TRUE	16
468	TRUE	16
91582	TRUE	16
8911	TRUE	5
150350	TRUE	2
9402	TRUE	2
113828	TRUE	10
100130899	TRUE	10
23112	TRUE	16
158	TRUE	16
27352	TRUE	16
57591	TRUE	16
101927257	FALSE	0
2847	TRUE	2
10478	TRUE	16
100616283	FALSE	0
6767	TRUE	16
63929	TRUE	16
150353	FALSE	0
9978	TRUE	16
100302237	TRUE	13
2033	TRUE	16
101927279	TRUE	16
83746	TRUE	16
150356	TRUE	12
5905	TRUE	16
102466758	FALSE	0
23264	TRUE	16
7008	TRUE	16
100996598	FALSE	0
10766	TRUE	16
84844	TRUE	16
50	TRUE	16
171568	TRUE	16
27254	TRUE	2
5372	TRUE	16
27351	TRUE	16
2547	TRUE	16
4809	TRUE	16
79640	TRUE	16
150365	FALSE	1
79879	TRUE	16
6721	TRUE	16
407039	FALSE	0
440829	TRUE	2
100616259	FALSE	1
115650	TRUE	5
79019	TRUE	16
339674	TRUE	14
105373094	FALSE	0
55964	TRUE	14
164684	TRUE	10
4668	TRUE	16
150368	TRUE	10
91689	FALSE	0
4700	FALSE	0
100132273	FALSE	0
1565	TRUE	6
1564	FALSE	0
6942	TRUE	16
388906	TRUE	16
102723775	TRUE	14
150372	TRUE	9
94009	FALSE	0
27341	TRUE	16
253190	TRUE	16
91695	TRUE	16
84271	TRUE	16
267010	FALSE	0
1727	TRUE	16
267020	FALSE	0
53947	TRUE	16
26286	TRUE	16
11252	TRUE	16
100506679	FALSE	0
25809	TRUE	16
638	TRUE	14
27349	TRUE	16
706	TRUE	16
23170	TRUE	16
80274	TRUE	3
758	TRUE	2
100874197	FALSE	0
64800	TRUE	7
25830	TRUE	4
105373057	TRUE	2
150379	FALSE	0
80339	TRUE	15
25813	TRUE	16
29780	TRUE	16
7235	FALSE	0
64098	TRUE	13
85352	TRUE	4
101927526	FALSE	0
84247	TRUE	16
388910	FALSE	0
414351	FALSE	0
55615	TRUE	16
553158	FALSE	0
23779	TRUE	4
112885	TRUE	10
100506714	TRUE	16
10762	TRUE	16
23313	TRUE	16
100302149	FALSE	0
7380	FALSE	1
55007	TRUE	16
27127	TRUE	9
26150	TRUE	14
2192	TRUE	16
25814	TRUE	16
100616253	FALSE	0
105373071	FALSE	0
7477	TRUE	16
730668	TRUE	4
100271722	TRUE	12
55267	TRUE	14
150381	TRUE	16
400931	TRUE	16
100500828	FALSE	0
406883	FALSE	0
100616143	FALSE	0
406884	FALSE	0
5465	TRUE	16
150383	TRUE	16
10343	TRUE	7
55020	TRUE	16
150384	TRUE	9
51512	TRUE	16
55687	TRUE	16
9620	TRUE	16
23151	TRUE	16
64781	TRUE	16
25771	TRUE	16
642757	FALSE	1
101927722	FALSE	0
400932	FALSE	0
284930	TRUE	3
100422916	FALSE	0
25817	TRUE	4
284933	FALSE	0
100616415	FALSE	0
100128946	FALSE	0
348645	FALSE	0
100500882	FALSE	0
23774	TRUE	16
105373090	TRUE	6
105373091	FALSE	0
9889	TRUE	16
79087	TRUE	16
79174	TRUE	16
415116	TRUE	16
102465493	FALSE	0
400935	TRUE	2
164714	FALSE	1
23209	FALSE	0
54456	TRUE	2
56666	TRUE	16
80305	TRUE	16
83642	TRUE	16
85378	TRUE	16
83933	TRUE	16
6300	TRUE	16
5600	TRUE	16
23654	TRUE	16
414918	TRUE	16
9701	TRUE	16
6305	TRUE	16
79924	TRUE	13
55586	FALSE	0
91289	TRUE	16
29781	TRUE	16
9997	TRUE	14
1890	TRUE	16
440836	TRUE	16
113730	TRUE	14
644186	TRUE	4
1375	TRUE	8
386593	FALSE	0
1120	FALSE	0
100144603	TRUE	16
23542	TRUE	15
105373099	TRUE	4
410	TRUE	16
85358	TRUE	14
49	FALSE	0
284942	TRUE	16
11158	TRUE	16
102723448	FALSE	0
10752	FALSE	0
101927193	FALSE	0
101927215	FALSE	0
27255	FALSE	0
152330	TRUE	2
100873976	FALSE	0
100873975	FALSE	0
3568	FALSE	0
51095	TRUE	16
51185	TRUE	16
57633	TRUE	8
285362	TRUE	16
6419	TRUE	16
100996539	TRUE	2
3708	TRUE	16
100126791	FALSE	0
100507582	TRUE	12
8553	TRUE	16
55207	TRUE	16
9695	TRUE	16
100616334	FALSE	0
101927347	FALSE	0
2917	FALSE	0
100873937	TRUE	2
101927394	TRUE	2
100288428	TRUE	8
29995	TRUE	16
29931	TRUE	7
51066	TRUE	4
859	FALSE	0
5021	TRUE	16
56852	TRUE	16
9901	TRUE	16
101927416	FALSE	1
100288831	FALSE	0
25917	TRUE	16
440944	TRUE	16
55209	TRUE	16
375323	TRUE	2
64419	TRUE	16
151835	FALSE	0
7862	TRUE	16
4968	TRUE	16
8536	TRUE	16
10474	TRUE	16
10093	TRUE	16
100526693	FALSE	0
26140	TRUE	14
285367	TRUE	16
63924	TRUE	2
84522	TRUE	16
132014	TRUE	16
84818	TRUE	16
78987	TRUE	16
285368	TRUE	16
100874032	TRUE	14
55831	TRUE	16
442075	TRUE	16
401052	FALSE	1
152302	TRUE	16
2177	TRUE	16
115795	FALSE	0
55845	TRUE	16
7428	TRUE	16
3656	TRUE	16
9797	TRUE	16
100126793	TRUE	6
84657	TRUE	2
51738	FALSE	0
6396	TRUE	16
491	FALSE	0
100422933	FALSE	0
100126334	FALSE	0
100874325	FALSE	0
285370	FALSE	0
6538	TRUE	2
6529	FALSE	0
100874090	FALSE	0
3269	TRUE	16
10533	TRUE	16
9686	TRUE	16
132001	TRUE	16
101929530	FALSE	0
6854	TRUE	10
7079	TRUE	4
5468	TRUE	16
80746	TRUE	16
100129480	TRUE	12
23609	TRUE	16
5894	TRUE	16
55287	TRUE	10
23066	TRUE	12
6161	TRUE	16
619563	FALSE	0
105376955	FALSE	0
9922	TRUE	16
23225	TRUE	16
100874101	TRUE	4
79885	TRUE	16
2199	TRUE	4
285375	FALSE	0
7476	TRUE	8
100132526	FALSE	0
348825	TRUE	2
131474	TRUE	16
79188	TRUE	16
7508	TRUE	16
27258	TRUE	16
101927565	FALSE	0
6533	TRUE	16
80852	TRUE	10
51244	TRUE	16
84077	TRUE	11
152273	TRUE	3
100505641	TRUE	16
7182	TRUE	16
64432	TRUE	16
64145	TRUE	16
344875	TRUE	6
23473	TRUE	16
100505696	TRUE	13
9467	TRUE	16
131965	TRUE	16
85403	TRUE	16
8292	TRUE	2
100422868	FALSE	0
26061	TRUE	16
686	TRUE	16
23243	TRUE	16
100422990	FALSE	0
693148	FALSE	0
117248	TRUE	4
285381	TRUE	16
92106	TRUE	16
23180	TRUE	11
100996597	FALSE	0
1618	TRUE	2
23228	TRUE	15
100500913	FALSE	0
9779	TRUE	16
339862	TRUE	4
6304	TRUE	14
101927777	TRUE	4
131096	TRUE	7
100616291	FALSE	0
151651	FALSE	1
5868	TRUE	16
151649	TRUE	10
8850	TRUE	16
100422901	FALSE	0
151648	TRUE	16
100874028	FALSE	0
101927829	FALSE	0
391518	FALSE	0
79750	TRUE	2
100874216	FALSE	0
100874221	FALSE	0
100505877	FALSE	0
7325	TRUE	16
100874092	TRUE	3
7324	TRUE	16
28512	TRUE	16
6138	TRUE	16
9975	TRUE	16
152024	FALSE	0
7068	TRUE	14
101927854	FALSE	0
644990	TRUE	5
100616448	FALSE	0
5915	TRUE	5
7155	TRUE	16
100616477	FALSE	0
55768	TRUE	16
54995	TRUE	14
285326	FALSE	0
116135	FALSE	0
152110	TRUE	13
9497	TRUE	16
8320	TRUE	5
100996624	FALSE	0
152100	TRUE	16
64343	TRUE	16
152098	TRUE	8
645206	FALSE	0
100652807	FALSE	0
100873979	TRUE	3
27303	TRUE	8
100873977	FALSE	0
7048	TRUE	15
339896	FALSE	0
100423038	FALSE	0
201595	TRUE	16
114884	TRUE	16
100874206	FALSE	0
344787	TRUE	14
23171	TRUE	16
152189	TRUE	16
112616	TRUE	16
54918	TRUE	16
102465247	FALSE	0
51143	TRUE	16
25904	TRUE	16
105377021	FALSE	0
131405	FALSE	0
1233	FALSE	0
2720	TRUE	16
643853	TRUE	16
10491	TRUE	16
26032	TRUE	6
25827	TRUE	12
7342	TRUE	16
23122	TRUE	16
10015	TRUE	16
101928135	FALSE	0
10777	TRUE	2
406916	FALSE	0
6769	TRUE	2
85443	FALSE	0
9881	TRUE	14
9852	TRUE	16
4292	TRUE	16
9209	TRUE	16
105377132	FALSE	0
2803	TRUE	16
339883	FALSE	0
3680	TRUE	8
101928153	TRUE	9
10217	TRUE	16
407015	FALSE	0
50853	TRUE	12
5333	TRUE	16
9940	TRUE	4
30	TRUE	16
4615	TRUE	16
9943	TRUE	16
9390	FALSE	1
9389	FALSE	1
9942	TRUE	16
100128640	TRUE	12
93	TRUE	16
9941	TRUE	16
6331	TRUE	8
6336	FALSE	0
11280	FALSE	0
105377643	FALSE	0
57599	TRUE	16
64689	TRUE	16
199223	TRUE	15
102466743	FALSE	0
64651	TRUE	16
165904	FALSE	0
1524	FALSE	0
1237	FALSE	0
54977	TRUE	16
3921	TRUE	16
574040	TRUE	13
6044	TRUE	9
4336	FALSE	0
25924	TRUE	2
440952	TRUE	7
10289	TRUE	16
956	TRUE	8
285266	TRUE	16
9045	TRUE	16
285267	TRUE	14
253639	TRUE	16
285268	TRUE	16
1499	TRUE	16
54986	TRUE	16
22906	TRUE	16
885	TRUE	7
131375	FALSE	0
7433	TRUE	10
100874007	FALSE	0
9117	TRUE	16
51188	TRUE	16
4820	TRUE	16
101928323	FALSE	1
92999	TRUE	16
131377	FALSE	0
57467	FALSE	0
152206	TRUE	6
100874114	FALSE	0
729083	FALSE	0
25994	TRUE	16
1238	TRUE	9
1582	FALSE	0
389114	TRUE	3
100506275	FALSE	0
100506243	TRUE	4
729085	TRUE	4
84892	TRUE	16
54861	TRUE	16
100873954	FALSE	1
55129	TRUE	16
51099	TRUE	16
406929	FALSE	0
375337	FALSE	0
285343	TRUE	16
353274	TRUE	16
285346	TRUE	16
55888	TRUE	8
285349	TRUE	3
100874094	TRUE	2
10168	TRUE	16
7584	TRUE	16
101928592	FALSE	0
91392	TRUE	10
115560	TRUE	10
57456	TRUE	16
56992	TRUE	16
693149	FALSE	0
131616	TRUE	16
7047	TRUE	4
51304	TRUE	16
23016	TRUE	16
7123	FALSE	0
64866	TRUE	16
25907	TRUE	14
23395	TRUE	16
100885795	FALSE	0
8994	TRUE	16
644714	FALSE	0
100189103	FALSE	0
22908	TRUE	16
54716	TRUE	6
54585	TRUE	16
10803	FALSE	0
79443	TRUE	16
10663	TRUE	2
2829	FALSE	0
1230	TRUE	2
1232	FALSE	0
729230	FALSE	0
102724297	TRUE	6
1234	FALSE	0
9034	TRUE	10
4057	TRUE	2
83597	FALSE	0
79442	TRUE	4
83598	FALSE	0
6997	FALSE	0
100132146	FALSE	0
259173	TRUE	16
259236	TRUE	14
29122	TRUE	2
100287362	FALSE	0
377047	FALSE	0
339906	FALSE	0
4634	FALSE	0
5745	FALSE	0
151903	TRUE	16
23218	TRUE	16
100129354	FALSE	0
29072	TRUE	16
285352	TRUE	16
64147	TRUE	16
23276	TRUE	16
25930	TRUE	16
22937	TRUE	16
54859	TRUE	16
10675	TRUE	13
6599	TRUE	16
22907	TRUE	16
100302232	FALSE	0
4134	TRUE	16
993	TRUE	16
100616407	FALSE	0
820	FALSE	0
51385	TRUE	16
10201	TRUE	16
646424	FALSE	0
100313840	FALSE	0
285231	FALSE	0
5364	TRUE	16
105377133	TRUE	9
79714	TRUE	16
51372	TRUE	16
84126	TRUE	16
11277	TRUE	16
51246	TRUE	16
5210	TRUE	16
102465494	FALSE	0
90226	TRUE	2
1294	TRUE	16
100313843	FALSE	0
7384	TRUE	16
440955	FALSE	0
65010	TRUE	16
102465495	FALSE	0
1951	TRUE	16
100616112	FALSE	0
102724368	TRUE	6
51517	TRUE	16
51447	TRUE	16
5576	TRUE	16
100506637	TRUE	16
788	TRUE	16
646450	TRUE	14
10425	TRUE	16
54681	TRUE	16
11180	TRUE	16
55152	TRUE	16
494337	FALSE	0
25915	TRUE	16
406966	FALSE	0
3615	TRUE	16
54870	TRUE	16
5859	TRUE	16
102465536	FALSE	0
10869	TRUE	16
3913	TRUE	16
22973	TRUE	4
64925	TRUE	16
200942	TRUE	10
646498	FALSE	0
339834	FALSE	0
375341	TRUE	16
100422952	FALSE	0
7375	TRUE	16
2876	TRUE	16
387	TRUE	16
6988	TRUE	16
275	TRUE	15
84276	TRUE	16
1605	TRUE	16
100132677	TRUE	5
8927	TRUE	16
327	TRUE	16
4485	TRUE	16
63891	TRUE	16
386724	TRUE	16
29925	TRUE	16
9807	TRUE	16
389118	TRUE	2
389119	TRUE	11
7318	TRUE	14
100847079	FALSE	0
10293	TRUE	16
79012	FALSE	1
4486	TRUE	15
84315	TRUE	16
10180	TRUE	16
10181	TRUE	16
100775107	TRUE	16
6405	TRUE	16
693151	FALSE	0
2779	TRUE	2
10991	TRUE	4
2771	TRUE	16
102464817	FALSE	1
101928931	FALSE	1
7869	TRUE	16
102465526	FALSE	0
132228	TRUE	2
7866	TRUE	16
8372	TRUE	16
24142	TRUE	16
3373	TRUE	11
8692	TRUE	16
11334	TRUE	16
11186	TRUE	16
102060282	TRUE	5
51364	TRUE	11
10641	TRUE	16
11068	TRUE	16
11070	TRUE	16
9254	TRUE	12
51161	TRUE	14
51409	TRUE	16
1154	TRUE	11
7867	TRUE	16
1795	TRUE	13
100616138	FALSE	0
7873	TRUE	16
29890	TRUE	16
9730	TRUE	16
23132	TRUE	16
51368	TRUE	16
2912	FALSE	0
440956	FALSE	0
100506840	FALSE	0
401067	FALSE	0
389123	FALSE	0
101928999	FALSE	0
389124	FALSE	0
132141	FALSE	0
9136	TRUE	16
10039	TRUE	16
118442	FALSE	0
57060	TRUE	16
84836	TRUE	16
100526760	FALSE	0
25864	TRUE	16
95	TRUE	16
6159	TRUE	16
1849	TRUE	16
100128378	FALSE	0
25886	TRUE	16
211	TRUE	16
54106	FALSE	0
11344	TRUE	16
132160	TRUE	16
80335	TRUE	16
406890	FALSE	0
132158	TRUE	16
100874110	FALSE	0
406925	FALSE	0
25981	TRUE	16
8314	TRUE	16
51533	TRUE	16
56920	TRUE	7
7134	TRUE	16
11188	TRUE	16
23166	TRUE	6
64943	TRUE	16
440957	TRUE	16
55193	TRUE	16
26354	TRUE	16
692089	FALSE	0
100113381	FALSE	0
692109	FALSE	0
55830	TRUE	16
28972	TRUE	16
6787	TRUE	16
3697	FALSE	0
3699	FALSE	1
3700	TRUE	7
100873993	FALSE	0
100526772	FALSE	0
389125	FALSE	0
375346	TRUE	16
102465866	FALSE	0
51460	TRUE	16
105377135	TRUE	16
91869	TRUE	16
5580	TRUE	16
7086	TRUE	16
55802	TRUE	16
776	TRUE	10
101929138	FALSE	0
55349	TRUE	16
55540	TRUE	16
93973	TRUE	16
58515	TRUE	16
55799	FALSE	1
790952	FALSE	0
100874237	FALSE	0
57408	FALSE	0
7474	TRUE	7
26059	TRUE	2
711	FALSE	0
100500875	FALSE	0
285331	TRUE	16
23272	TRUE	16
50650	TRUE	16
100874200	FALSE	0
353324	TRUE	8
54756	TRUE	16
8820	TRUE	16
26060	TRUE	16
142686	TRUE	11
201625	TRUE	5
201626	TRUE	16
378	TRUE	16
201627	TRUE	16
7871	TRUE	16
2317	TRUE	16
105377650	TRUE	12
1776	FALSE	0
57406	TRUE	16
11102	TRUE	16
54899	TRUE	16
5162	TRUE	16
200845	TRUE	16
8309	TRUE	9
11170	FALSE	0
131177	TRUE	5
200844	TRUE	14
101929238	FALSE	0
2272	TRUE	14
103504735	FALSE	0
5793	TRUE	16
100506994	TRUE	14
57415	TRUE	15
55079	FALSE	0
8618	TRUE	2
285401	FALSE	0
132204	FALSE	0
100874016	TRUE	5
132203	FALSE	0
100130345	FALSE	0
132200	FALSE	0
80145	TRUE	16
100874039	FALSE	0
6314	TRUE	16
100507062	TRUE	11
9861	TRUE	16
100652759	FALSE	0
100287879	FALSE	0
166336	TRUE	6
100874242	FALSE	0
100874243	FALSE	0
56999	TRUE	8
101929335	FALSE	0
100507098	FALSE	0
9223	TRUE	16
100873983	FALSE	0
101929433	FALSE	0
115286	TRUE	16
26018	TRUE	16
84541	TRUE	16
100422941	FALSE	0
8801	TRUE	16
101927111	TRUE	16
407738	FALSE	0
151647	FALSE	0
285203	TRUE	16
7110	TRUE	16
100422859	FALSE	0
9039	TRUE	16
10550	TRUE	16
56203	TRUE	3
23150	TRUE	16
4286	TRUE	16
101927152	FALSE	0
27086	TRUE	16
104502416	FALSE	0
100302112	FALSE	0
105377206	TRUE	6
317649	TRUE	9
2850	TRUE	2
60675	FALSE	0
285286	FALSE	0
201617	TRUE	2
23429	TRUE	16
55164	TRUE	16
727936	TRUE	11
151987	TRUE	16
55096	TRUE	10
23024	TRUE	2
101927296	FALSE	0
101927249	TRUE	2
101927346	FALSE	0
5067	FALSE	0
100846999	TRUE	15
105377207	FALSE	0
105377170	FALSE	0
692099	TRUE	15
100302212	FALSE	0
100288801	FALSE	0
401074	TRUE	2
100131827	TRUE	16
100422955	FALSE	0
6092	TRUE	5
6091	TRUE	12
101927374	FALSE	0
100500877	FALSE	0
728290	FALSE	0
2632	TRUE	16
440970	FALSE	0
253559	TRUE	12
100847077	FALSE	0
100874037	FALSE	0
100874038	FALSE	0
101927494	FALSE	0
389136	TRUE	10
100846978	TRUE	4
100616161	FALSE	0
25978	TRUE	16
5449	FALSE	0
3355	FALSE	0
8545	TRUE	16
105377200	TRUE	16
55279	TRUE	16
285237	TRUE	16
100506944	FALSE	0
2042	TRUE	6
5627	TRUE	15
200894	TRUE	16
415117	TRUE	10
200895	TRUE	16
63899	TRUE	16
255025	FALSE	0
100287639	FALSE	0
102465864	FALSE	0
285220	TRUE	7
84100	TRUE	16
131544	TRUE	16
84864	TRUE	16
200959	FALSE	0
81050	FALSE	0
26341	FALSE	0
403273	FALSE	0
403274	FALSE	0
79295	FALSE	0
79310	FALSE	0
403278	FALSE	0
403277	FALSE	0
26339	FALSE	0
402135	FALSE	0
56650	TRUE	16
2838	FALSE	0
1371	TRUE	16
100874207	TRUE	5
10402	TRUE	14
131566	TRUE	16
100873741	FALSE	0
1295	TRUE	2
101929357	TRUE	3
84319	TRUE	16
11259	TRUE	10
100500859	FALSE	0
644444	FALSE	0
55773	TRUE	16
56954	TRUE	16
9868	TRUE	16
348801	TRUE	16
55076	TRUE	14
84873	FALSE	1
10342	TRUE	16
25890	TRUE	9
50939	TRUE	2
57337	TRUE	16
131909	TRUE	4
54931	TRUE	16
57092	TRUE	16
27107	TRUE	16
100009676	TRUE	16
6152	TRUE	16
105374013	TRUE	15
285359	TRUE	6
79598	TRUE	16
91775	TRUE	16
64332	TRUE	16
152225	TRUE	4
131368	TRUE	4
100616336	FALSE	0
214	TRUE	15
868	TRUE	16
100302640	FALSE	0
344595	TRUE	16
84692	FALSE	0
101929579	FALSE	0
101929607	FALSE	0
56987	TRUE	16
151658	FALSE	0
285205	TRUE	2
961	TRUE	16
101929623	FALSE	0
55081	TRUE	16
11148	FALSE	1
22989	TRUE	14
57650	TRUE	16
9666	TRUE	16
84666	FALSE	0
50852	FALSE	0
9626	FALSE	0
27136	FALSE	0
401081	FALSE	0
677779	FALSE	0
151871	FALSE	0
55211	FALSE	0
401082	FALSE	0
100616129	FALSE	0
100506555	FALSE	1
25945	TRUE	16
10225	TRUE	2
79413	TRUE	10
257068	TRUE	14
100874115	TRUE	3
90102	TRUE	16
55347	TRUE	16
29114	FALSE	0
344805	TRUE	2
79669	TRUE	16
693152	FALSE	0
257144	TRUE	14
285335	TRUE	4
4345	FALSE	0
151888	FALSE	0
64422	TRUE	16
55032	TRUE	16
100506621	TRUE	6
151887	TRUE	16
101929694	FALSE	0
344807	TRUE	2
131450	TRUE	5
29083	TRUE	16
25871	TRUE	16
101929717	FALSE	0
91653	TRUE	4
55779	TRUE	16
100874029	FALSE	0
102466253	FALSE	0
152185	TRUE	16
54847	TRUE	8
100616476	FALSE	0
205717	TRUE	16
80218	TRUE	16
523	TRUE	16
54762	TRUE	16
254887	TRUE	16
57577	TRUE	16
79691	TRUE	16
1814	FALSE	0
7634	FALSE	0
201633	FALSE	0
26137	TRUE	14
693153	FALSE	0
100131117	FALSE	0
101929754	FALSE	0
100616166	FALSE	0
104413890	FALSE	0
100874131	FALSE	0
2596	TRUE	2
4045	TRUE	12
101926903	TRUE	6
285194	FALSE	0
100616485	FALSE	0
100506724	FALSE	0
152404	TRUE	6
100506765	FALSE	0
152405	FALSE	0
7348	TRUE	6
8702	TRUE	16
100874201	FALSE	0
57514	TRUE	15
100874246	TRUE	8
55254	TRUE	16
56983	TRUE	16
51300	TRUE	16
941	FALSE	0
141	TRUE	16
51365	FALSE	1
64091	TRUE	6
10063	TRUE	16
89876	TRUE	6
8856	FALSE	1
2932	TRUE	16
165829	TRUE	11
116064	TRUE	16
11167	TRUE	16
406975	FALSE	0
4710	TRUE	16
3081	TRUE	2
285282	TRUE	16
2960	TRUE	16
9515	TRUE	3
100847043	FALSE	0
10721	TRUE	16
503582	FALSE	0
51725	FALSE	0
3059	TRUE	4
2804	TRUE	16
9657	TRUE	16
55840	TRUE	16
6565	TRUE	16
286676	TRUE	12
942	TRUE	2
846	FALSE	0
1475	TRUE	10
131076	TRUE	16
26355	TRUE	16
54554	TRUE	16
102723582	TRUE	12
3836	TRUE	16
83666	TRUE	16
151636	TRUE	16
165631	FALSE	0
54625	TRUE	16
79663	TRUE	16
84925	TRUE	16
100129550	TRUE	16
54437	FALSE	1
10954	TRUE	16
102465667	TRUE	4
26984	TRUE	16
111	TRUE	7
201562	TRUE	16
100506826	TRUE	16
4638	TRUE	15
100873940	FALSE	0
64770	TRUE	16
54763	FALSE	0
8997	TRUE	16
100847021	FALSE	0
102464832	FALSE	0
7372	TRUE	16
100422864	FALSE	0
3693	TRUE	16
56667	TRUE	9
57493	TRUE	16
84561	TRUE	14
100847039	FALSE	0
7707	TRUE	16
8723	TRUE	16
114885	TRUE	16
105374312	TRUE	5
100302204	FALSE	0
101927056	FALSE	0
100125556	TRUE	16
200810	TRUE	13
152015	TRUE	7
54946	TRUE	16
10840	TRUE	6
100874204	FALSE	0
100862662	FALSE	0
28999	TRUE	12
100506907	FALSE	0
348807	FALSE	0
105374089	FALSE	0
79364	TRUE	16
131669	FALSE	0
152065	FALSE	0
166012	TRUE	4
645840	FALSE	0
114112	TRUE	16
255330	FALSE	0
84303	TRUE	16
105374091	TRUE	5
5361	TRUE	16
285311	FALSE	0
101927123	FALSE	0
101927149	FALSE	0
131601	TRUE	16
102466199	FALSE	0
102465857	FALSE	0
4171	TRUE	16
50512	TRUE	16
80325	TRUE	16
11343	TRUE	14
166348	TRUE	5
29927	TRUE	16
8607	TRUE	16
100874089	FALSE	0
60678	TRUE	16
165721	FALSE	0
285224	FALSE	0
2624	TRUE	16
101927167	TRUE	16
90246	TRUE	16
23434	FALSE	0
6184	TRUE	16
7879	TRUE	16
653712	TRUE	15
28976	TRUE	16
57501	TRUE	15
79825	TRUE	6
2815	FALSE	0
339122	TRUE	16
100534599	FALSE	0
57461	TRUE	16
7555	TRUE	16
22820	TRUE	16
102465496	FALSE	0
56941	TRUE	16
8971	TRUE	16
339942	TRUE	12
132241	TRUE	16
677797	FALSE	0
90288	TRUE	5
8930	TRUE	16
55764	TRUE	16
6010	FALSE	0
132243	FALSE	0
23129	TRUE	16
23023	TRUE	16
100507032	TRUE	16
7200	FALSE	0
644974	TRUE	6
729375	TRUE	16
105374103	FALSE	0
646300	FALSE	0
256076	FALSE	0
131873	FALSE	0
30849	TRUE	16
27032	TRUE	16
28990	TRUE	16
79858	TRUE	16
339874	TRUE	5
152195	TRUE	14
131870	TRUE	16
11222	TRUE	16
677836	FALSE	0
131034	TRUE	2
100847040	FALSE	0
100189179	FALSE	0
100189250	FALSE	0
55	TRUE	6
23317	TRUE	16
100532724	TRUE	6
84129	TRUE	16
51554	TRUE	5
79876	TRUE	16
27031	TRUE	16
348808	FALSE	0
66000	TRUE	2
101927455	FALSE	0
8419	FALSE	1
55573	TRUE	16
11073	TRUE	16
7018	TRUE	6
58477	TRUE	16
51560	TRUE	16
80111	FALSE	0
6578	TRUE	15
6259	TRUE	16
51421	TRUE	16
102466744	FALSE	0
100616281	FALSE	0
25847	TRUE	16
80254	TRUE	16
339855	TRUE	3
2047	TRUE	5
5523	TRUE	16
55167	TRUE	16
5096	TRUE	16
10274	TRUE	16
80723	TRUE	16
101927597	TRUE	16
4690	TRUE	16
53833	TRUE	16
8403	FALSE	0
100507274	FALSE	0
51208	TRUE	5
199221	TRUE	10
51146	FALSE	0
51163	TRUE	16
25852	TRUE	16
347736	TRUE	3
22808	TRUE	15
83850	TRUE	12
80321	TRUE	16
55179	TRUE	16
5291	TRUE	16
103344930	TRUE	7
668	TRUE	8
401089	TRUE	10
729627	FALSE	0
389151	FALSE	0
389152	FALSE	0
60467	FALSE	0
140464	FALSE	0
56945	TRUE	16
9276	TRUE	16
100507291	TRUE	16
5948	FALSE	0
5947	TRUE	6
349565	TRUE	10
64084	TRUE	3
101927808	FALSE	0
287015	FALSE	0
55186	TRUE	16
92369	FALSE	0
92370	TRUE	15
253461	TRUE	16
5922	TRUE	16
646730	FALSE	0
9616	TRUE	16
131890	FALSE	1
483	TRUE	16
7029	TRUE	16
256356	TRUE	16
54464	TRUE	16
545	TRUE	16
5357	TRUE	16
7220	TRUE	14
26577	TRUE	15
100507389	FALSE	0
344838	TRUE	3
101927832	FALSE	0
100289361	TRUE	15
23350	TRUE	16
9435	TRUE	10
285195	TRUE	8
100885796	FALSE	0
205428	TRUE	16
5352	TRUE	16
57088	TRUE	14
57047	TRUE	7
5359	TRUE	16
389158	FALSE	0
101927866	FALSE	0
84107	FALSE	1
7545	FALSE	0
440982	FALSE	0
185	FALSE	0
1360	TRUE	2
1359	FALSE	0
2992	TRUE	16
6596	TRUE	16
100873945	FALSE	0
84343	TRUE	16
1356	TRUE	12
116441	TRUE	10
4071	TRUE	16
100874091	TRUE	13
7104	TRUE	6
25937	TRUE	16
100128025	TRUE	10
51122	TRUE	16
389161	TRUE	2
11342	TRUE	16
5217	TRUE	16
646903	TRUE	15
653659	TRUE	16
105374313	FALSE	0
101927992	TRUE	4
101928022	FALSE	0
9819	TRUE	16
27230	TRUE	16
83939	TRUE	16
51714	TRUE	16
131831	TRUE	3
101928085	TRUE	13
101928105	FALSE	0
6478	TRUE	16
105374156	FALSE	0
7401	FALSE	0
116933	FALSE	0
116931	TRUE	14
29909	FALSE	0
9934	FALSE	0
53836	TRUE	11
53829	FALSE	0
64805	FALSE	0
285313	TRUE	11
100847036	FALSE	0
344752	FALSE	0
101928142	FALSE	1
201651	TRUE	7
13	TRUE	6
56670	TRUE	3
4154	TRUE	16
401093	TRUE	13
645843	FALSE	0
5028	TRUE	8
5912	TRUE	16
152118	FALSE	0
100507524	TRUE	3
26084	TRUE	2
170506	TRUE	16
344758	FALSE	0
4311	TRUE	10
101928190	FALSE	0
100507537	FALSE	0
23007	TRUE	12
285315	TRUE	16
9197	TRUE	16
8833	TRUE	16
7881	TRUE	16
100874083	FALSE	0
100874084	FALSE	0
6747	TRUE	16
100287227	TRUE	15
25976	TRUE	16
730091	TRUE	15
647033	TRUE	16
389170	TRUE	14
339894	TRUE	9
100498859	FALSE	0
57018	TRUE	16
79674	TRUE	14
5806	TRUE	14
152078	TRUE	10
6474	TRUE	15
51319	TRUE	16
100996447	TRUE	16
4291	TRUE	16
85476	TRUE	16
56925	TRUE	14
5918	TRUE	8
64747	TRUE	15
654502	FALSE	0
100505385	FALSE	0
29970	FALSE	0
100500803	FALSE	0
100874433	FALSE	0
101928376	FALSE	0
3592	TRUE	12
730109	FALSE	0
105374314	FALSE	0
401097	TRUE	8
57560	TRUE	16
10051	TRUE	16
406949	FALSE	0
406951	FALSE	0
286827	TRUE	16
3840	TRUE	16
677767	FALSE	0
80117	TRUE	13
151742	TRUE	16
8706	TRUE	16
51068	TRUE	16
165679	TRUE	9
101243545	TRUE	16
131149	FALSE	0
647107	FALSE	0
100302148	FALSE	0
104355289	FALSE	0
6476	FALSE	0
22865	TRUE	2
103695433	TRUE	6
590	TRUE	9
79740	TRUE	2
104310350	FALSE	0
5276	FALSE	0
151790	FALSE	0
11235	TRUE	16
5274	TRUE	16
646168	FALSE	0
27333	TRUE	16
93556	FALSE	1
693136	FALSE	0
100507661	FALSE	0
2122	TRUE	14
7012	TRUE	13
84517	TRUE	16
55892	TRUE	16
100189318	FALSE	0
151827	TRUE	9
344657	TRUE	4
79782	TRUE	6
344658	FALSE	0
100128164	TRUE	3
7095	TRUE	16
26996	TRUE	15
80012	TRUE	16
5584	TRUE	16
6498	TRUE	16
5010	TRUE	9
102465497	FALSE	0
57709	FALSE	0
101928583	FALSE	0
200916	TRUE	16
56648	TRUE	16
6514	FALSE	0
23043	TRUE	15
693154	FALSE	0
5337	TRUE	16
389177	FALSE	0
100874219	FALSE	0
64778	TRUE	16
2693	FALSE	0
8743	TRUE	14
57552	TRUE	16
1894	TRUE	16
83893	FALSE	0
22871	TRUE	4
100874010	FALSE	0
254827	TRUE	14
100862679	FALSE	0
100874244	FALSE	0
100616395	FALSE	0
100874245	FALSE	0
102465858	FALSE	0
100505547	FALSE	1
101928684	FALSE	0
79718	TRUE	16
100820709	FALSE	0
100505566	FALSE	0
102724550	TRUE	3
100874330	TRUE	2
104797538	TRUE	2
10242	TRUE	2
64393	TRUE	16
101928739	FALSE	0
5290	TRUE	16
27094	TRUE	16
51193	TRUE	16
55669	TRUE	16
59345	TRUE	13
86	TRUE	16
57129	TRUE	16
4711	TRUE	16
8975	TRUE	16
51555	TRUE	3
101928790	FALSE	0
100505609	FALSE	0
151613	TRUE	16
339829	TRUE	16
101928882	FALSE	0
8087	TRUE	16
131118	TRUE	16
347689	TRUE	5
102724604	FALSE	0
6657	TRUE	10
100996490	FALSE	0
401103	TRUE	2
23200	TRUE	16
54165	TRUE	16
56922	TRUE	16
27074	TRUE	16
23101	TRUE	16
84002	TRUE	16
100505687	TRUE	16
89857	FALSE	0
100874019	FALSE	0
54800	TRUE	16
55689	TRUE	16
79929	TRUE	16
55486	TRUE	16
100616127	FALSE	0
10057	TRUE	16
100873982	FALSE	0
200909	FALSE	0
170572	TRUE	2
285242	FALSE	0
8893	TRUE	16
1857	TRUE	16
1173	TRUE	16
55324	TRUE	16
90113	TRUE	11
100187716	FALSE	0
10195	TRUE	16
9718	TRUE	16
94032	TRUE	16
5708	TRUE	16
1981	TRUE	16
692107	FALSE	0
131408	TRUE	16
1181	TRUE	16
5437	TRUE	16
7066	TRUE	2
8646	TRUE	6
105374250	FALSE	0
2049	TRUE	16
64110	TRUE	16
101928992	FALSE	0
23355	TRUE	16
285382	TRUE	4
339926	FALSE	0
1962	TRUE	16
100847054	FALSE	0
9175	TRUE	16
90407	TRUE	16
200879	TRUE	15
59343	TRUE	16
10644	TRUE	16
646600	FALSE	0
100847078	FALSE	0
6434	TRUE	16
344887	TRUE	12
2119	TRUE	16
1608	TRUE	6
253573	FALSE	0
1427	TRUE	5
55171	TRUE	16
51726	TRUE	16
197	FALSE	1
26998	FALSE	0
3273	TRUE	4
3827	FALSE	0
1974	TRUE	16
619567	TRUE	4
100302143	FALSE	0
677847	TRUE	8
6043	TRUE	7
619568	TRUE	5
5984	TRUE	16
102724699	TRUE	3
9370	FALSE	1
100874095	FALSE	0
6480	TRUE	13
116832	TRUE	14
101929106	FALSE	1
132112	FALSE	0
5648	TRUE	3
101929130	FALSE	0
64108	TRUE	11
6750	TRUE	2
344892	FALSE	0
100131635	FALSE	0
604	TRUE	16
339929	TRUE	9
4026	TRUE	16
401105	FALSE	0
100873917	FALSE	0
407020	FALSE	0
100874043	FALSE	1
285386	TRUE	9
100874027	FALSE	0
8626	TRUE	7
100126340	FALSE	0
55214	TRUE	14
101929152	FALSE	0
9076	TRUE	14
10686	TRUE	4
131920	FALSE	0
3556	TRUE	16
647309	FALSE	0
100170222	FALSE	0
344901	FALSE	0
257313	FALSE	0
152137	TRUE	16
103344926	FALSE	0
152138	FALSE	0
2257	TRUE	6
100873986	FALSE	0
105374278	FALSE	0
151963	TRUE	16
57110	TRUE	5
84789	TRUE	2
344905	FALSE	0
100874218	FALSE	0
84239	TRUE	2
101929198	FALSE	0
4976	TRUE	16
100873941	FALSE	0
647323	FALSE	1
100128023	FALSE	0
102724877	FALSE	0
3280	TRUE	16
100505920	TRUE	2
101929337	FALSE	0
100131551	TRUE	6
1370	FALSE	0
131578	TRUE	4
2814	FALSE	0
79572	TRUE	16
401106	TRUE	14
100507297	TRUE	16
93109	TRUE	16
55341	TRUE	16
131583	TRUE	15
100507391	FALSE	0
152002	TRUE	16
100874528	FALSE	0
100422926	FALSE	0
101410543	TRUE	6
23527	TRUE	16
5504	TRUE	16
347	TRUE	6
105374297	FALSE	0
727956	FALSE	0
440993	FALSE	0
693155	FALSE	0
200958	TRUE	7
4585	TRUE	8
105374299	FALSE	1
101929697	TRUE	6
10188	TRUE	16
102465977	FALSE	0
255812	TRUE	16
105374301	FALSE	0
7037	TRUE	16
401109	TRUE	2
131540	TRUE	2
200931	TRUE	15
5130	TRUE	16
255758	TRUE	16
100534611	FALSE	0
100874214	TRUE	9
116211	FALSE	0
26043	TRUE	16
165918	TRUE	16
255798	FALSE	0
348793	TRUE	16
200933	TRUE	16
375387	TRUE	10
84984	TRUE	16
54965	TRUE	16
5062	TRUE	16
100302742	FALSE	0
205564	TRUE	16
22916	TRUE	16
152217	TRUE	16
80235	TRUE	14
4241	TRUE	16
100507057	TRUE	16
1739	TRUE	16
100616216	FALSE	0
100507086	TRUE	11
622	TRUE	2
220729	TRUE	16
9711	TRUE	16
100126321	FALSE	0
84248	TRUE	16
84859	TRUE	16
84223	TRUE	16
6165	TRUE	16
89782	TRUE	16
100873947	FALSE	0
348840	FALSE	0
728262	TRUE	4
152687	TRUE	14
255403	TRUE	14
642280	TRUE	11
654254	FALSE	0
7700	TRUE	12
693156	FALSE	0
79963	TRUE	16
170960	TRUE	16
54872	TRUE	16
5158	TRUE	5
521	TRUE	16
4636	TRUE	16
84179	TRUE	16
10336	TRUE	16
100129917	TRUE	16
10815	TRUE	16
2580	TRUE	16
84286	TRUE	16
1609	TRUE	16
10861	TRUE	16
3425	TRUE	16
53834	TRUE	16
105374379	FALSE	0
285498	FALSE	0
100379220	FALSE	0
10417	TRUE	6
100130872	TRUE	4
101928548	FALSE	0
285463	TRUE	12
1487	TRUE	16
92070	TRUE	16
10296	TRUE	16
101928621	TRUE	12
57654	TRUE	16
285464	TRUE	16
54729	FALSE	0
152877	TRUE	16
7884	TRUE	16
92305	TRUE	16
10460	TRUE	16
2261	TRUE	15
3954	TRUE	16
7468	TRUE	16
677770	TRUE	4
7469	TRUE	16
100126332	FALSE	0
401115	TRUE	16
339983	TRUE	16
353497	TRUE	15
79441	TRUE	16
10608	TRUE	16
100616358	FALSE	0
57732	TRUE	16
402160	FALSE	0
6047	TRUE	16
8603	TRUE	16
79155	TRUE	16
6452	TRUE	16
118	TRUE	16
10227	TRUE	16
317648	TRUE	16
8602	TRUE	16
2868	TRUE	16
100750326	FALSE	0
3064	TRUE	16
345222	TRUE	5
6002	TRUE	16
3083	TRUE	3
285489	TRUE	14
4043	TRUE	16
285492	FALSE	0
100133461	FALSE	0
152	TRUE	14
348926	TRUE	16
133060	FALSE	0
85013	TRUE	16
55646	TRUE	16
166793	TRUE	16
27065	TRUE	10
53407	TRUE	16
104472519	FALSE	0
100507266	TRUE	16
101928279	FALSE	1
103695434	FALSE	0
4487	TRUE	16
101928306	FALSE	0
54360	FALSE	0
55351	TRUE	9
10141	TRUE	2
132884	TRUE	2
2121	TRUE	5
1400	TRUE	7
100616201	FALSE	0
389197	TRUE	2
105374380	FALSE	1
152789	TRUE	2
285484	FALSE	1
7466	TRUE	16
5522	TRUE	14
23324	TRUE	16
93621	TRUE	16
93622	TRUE	16
6286	TRUE	13
114932	TRUE	16
55330	TRUE	16
9778	TRUE	16
57533	TRUE	16
100129931	TRUE	2
257236	TRUE	16
93624	TRUE	16
80273	TRUE	16
730971	TRUE	4
57537	TRUE	12
100616471	FALSE	0
768239	TRUE	4
100422826	FALSE	0
84740	TRUE	14
60312	TRUE	16
105374372	FALSE	1
84448	TRUE	14
407052	FALSE	0
54436	TRUE	16
94031	TRUE	10
8310	TRUE	16
152992	TRUE	16
27201	TRUE	4
8532	TRUE	11
3166	FALSE	0
650293	FALSE	0
100287013	FALSE	1
100287144	FALSE	0
100287178	FALSE	0
100287205	FALSE	0
100287238	FALSE	0
100288520	FALSE	0
100287327	FALSE	0
100287364	FALSE	0
100287404	FALSE	0
100287441	FALSE	0
100287478	FALSE	0
100287513	FALSE	0
728369	FALSE	0
728373	FALSE	0
728379	FALSE	0
728386	FALSE	0
728393	FALSE	0
728400	FALSE	0
728405	FALSE	0
391627	FALSE	0
728419	FALSE	0
391622	FALSE	0
644414	FALSE	0
101928948	TRUE	2
100302277	FALSE	0
56606	TRUE	13
1816	FALSE	0
9948	TRUE	16
100423011	FALSE	0
85460	TRUE	2
116449	TRUE	2
693157	FALSE	1
9957	TRUE	15
101929019	FALSE	0
9364	TRUE	16
285547	FALSE	0
579	TRUE	14
285548	TRUE	4
259282	TRUE	16
100847023	FALSE	0
101929071	FALSE	0
152742	FALSE	0
201853	TRUE	2
441009	FALSE	0
132864	TRUE	16
101929095	FALSE	0
114905	FALSE	0
57545	TRUE	16
26234	TRUE	16
285550	TRUE	16
683	TRUE	10
952	FALSE	1
9982	TRUE	12
83888	FALSE	0
8842	TRUE	11
202018	TRUE	16
202020	TRUE	16
9079	FALSE	0
101929123	FALSE	0
5860	TRUE	16
645104	FALSE	0
51056	TRUE	16
80306	TRUE	16
27146	TRUE	16
54876	TRUE	16
64151	TRUE	16
254251	TRUE	16
9353	TRUE	8
100505893	FALSE	0
407000	FALSE	0
133015	TRUE	16
80333	TRUE	16
102465859	FALSE	0
359822	FALSE	0
100505912	TRUE	2
166647	TRUE	16
57733	TRUE	2
10891	TRUE	11
693158	FALSE	0
1665	TRUE	16
6649	TRUE	7
91050	TRUE	16
55203	TRUE	4
51091	TRUE	16
285540	TRUE	14
55300	TRUE	16
29063	TRUE	16
29945	TRUE	16
10568	TRUE	3
23231	TRUE	16
389203	TRUE	16
3516	TRUE	16
886	FALSE	0
55296	TRUE	16
57620	TRUE	16
101929199	FALSE	1
100422937	FALSE	0
5099	TRUE	15
102723778	FALSE	0
102723828	FALSE	0
101927363	FALSE	0
101928622	FALSE	0
116984	TRUE	14
439933	FALSE	0
401124	FALSE	0
100313806	FALSE	0
100616435	FALSE	0
57495	TRUE	5
55286	TRUE	12
768211	TRUE	16
55276	TRUE	16
23216	TRUE	16
10744	FALSE	0
101928776	FALSE	0
79667	TRUE	14
51274	TRUE	16
81793	TRUE	2
7096	TRUE	14
10333	TRUE	16
92689	TRUE	16
693159	FALSE	0
80008	TRUE	12
51088	TRUE	16
57728	TRUE	16
5981	TRUE	16
152831	TRUE	5
100847065	FALSE	0
6133	TRUE	16
11019	TRUE	16
401127	FALSE	0
7358	TRUE	16
100885776	TRUE	16
201895	TRUE	16
3093	TRUE	16
23244	TRUE	16
344967	FALSE	0
55728	TRUE	16
399	TRUE	4
101060498	FALSE	0
55584	FALSE	0
54502	TRUE	16
100616274	FALSE	0
79730	TRUE	12
323	TRUE	16
101410542	FALSE	0
7345	TRUE	8
22998	TRUE	14
8929	FALSE	0
101927074	FALSE	0
55161	TRUE	16
285429	TRUE	8
10463	TRUE	16
389206	FALSE	0
152573	TRUE	4
10396	TRUE	14
389207	FALSE	0
100506827	TRUE	5
386617	TRUE	4
285525	FALSE	0
60558	TRUE	16
132789	TRUE	16
2565	FALSE	0
2555	TRUE	3
170712	FALSE	0
2557	FALSE	0
2560	TRUE	2
54951	TRUE	16
57205	TRUE	16
10699	TRUE	5
102467004	FALSE	0
101927179	FALSE	0
152518	TRUE	16
101927157	TRUE	5
1259	TRUE	10
152519	TRUE	16
7294	TRUE	13
7006	TRUE	16
57606	TRUE	16
201780	TRUE	2
326340	FALSE	0
285527	TRUE	16
54940	TRUE	16
132299	TRUE	16
80157	FALSE	0
23142	TRUE	16
339977	TRUE	2
6443	TRUE	16
132671	TRUE	2
64854	TRUE	16
643783	TRUE	16
57291	TRUE	16
100616436	FALSE	1
677810	TRUE	8
100288413	TRUE	13
152578	FALSE	0
65997	TRUE	8
152579	TRUE	16
81608	TRUE	16
84708	TRUE	11
100873939	FALSE	0
101928879	FALSE	0
100873955	TRUE	4
100506444	FALSE	0
402176	FALSE	0
26511	TRUE	16
170825	FALSE	0
5156	FALSE	1
3815	TRUE	2
3791	TRUE	6
79644	TRUE	16
100506462	FALSE	0
55858	TRUE	16
9575	TRUE	16
132954	FALSE	1
10874	TRUE	12
644145	FALSE	0
55763	TRUE	16
9662	TRUE	16
57482	TRUE	16
132949	TRUE	16
5471	TRUE	16
100506514	FALSE	0
10606	TRUE	16
6731	TRUE	16
132946	TRUE	7
100506564	FALSE	0
84525	TRUE	6
6691	FALSE	0
5978	TRUE	16
84273	TRUE	16
5431	TRUE	16
3490	TRUE	3
255130	FALSE	0
101928851	FALSE	0
100616450	FALSE	0
23284	TRUE	7
101927186	FALSE	0
253017	FALSE	0
401134	FALSE	0
2044	TRUE	4
100144602	TRUE	2
100302177	FALSE	0
101927237	FALSE	0
1060	TRUE	16
26228	FALSE	0
55236	TRUE	16
550112	TRUE	16
2798	TRUE	5
9407	FALSE	0
339967	FALSE	0
644759	FALSE	0
389208	FALSE	0
550113	FALSE	0
401135	FALSE	0
100130017	FALSE	0
401136	FALSE	0
132724	FALSE	0
91746	TRUE	16
28983	FALSE	1
7367	FALSE	0
7366	FALSE	0
7365	FALSE	0
79799	FALSE	0
7364	TRUE	2
10720	FALSE	1
54490	FALSE	0
7363	TRUE	2
574537	FALSE	0
10941	FALSE	0
27284	FALSE	0
6783	TRUE	2
1446	FALSE	0
1447	TRUE	2
6779	FALSE	0
3347	TRUE	2
3346	TRUE	2
286828	FALSE	0
100337616	FALSE	0
401137	FALSE	0
54959	TRUE	2
260436	FALSE	0
1448	FALSE	0
85438	FALSE	0
26952	FALSE	0
10879	FALSE	0
58503	FALSE	0
4589	FALSE	0
401138	TRUE	2
258	FALSE	0
10117	TRUE	3
3512	FALSE	0
57050	TRUE	16
22902	TRUE	16
2926	TRUE	16
92597	TRUE	16
1633	TRUE	16
8671	TRUE	6
2638	TRUE	2
10886	TRUE	5
9508	TRUE	2
285521	TRUE	16
26057	TRUE	16
213	FALSE	0
174	FALSE	0
173	FALSE	0
728040	FALSE	0
166824	TRUE	15
3576	TRUE	16
6372	TRUE	9
5197	FALSE	0
2919	TRUE	14
5196	TRUE	2
5473	TRUE	2
6374	TRUE	8
2921	TRUE	14
10895	FALSE	0
2920	TRUE	15
441024	TRUE	16
255324	TRUE	4
2069	TRUE	14
374	TRUE	16
685	TRUE	14
25849	TRUE	14
100507388	FALSE	0
441025	FALSE	0
25898	TRUE	16
152815	TRUE	16
152816	TRUE	3
8999	TRUE	11
9908	TRUE	16
8615	TRUE	16
5470	FALSE	0
27163	TRUE	16
55153	TRUE	16
101928809	FALSE	0
4283	FALSE	0
419	FALSE	0
3627	TRUE	4
6373	TRUE	5
53371	TRUE	16
950	TRUE	16
100129583	TRUE	5
100631383	FALSE	0
8987	TRUE	16
339965	FALSE	1
57619	TRUE	16
100616299	FALSE	0
100616254	FALSE	0
345079	TRUE	14
55752	TRUE	16
10983	TRUE	16
901	TRUE	16
10563	FALSE	0
246175	TRUE	16
65008	TRUE	16
80144	TRUE	14
306	TRUE	14
100505702	TRUE	3
101928893	FALSE	0
55589	TRUE	16
100616427	FALSE	0
152559	TRUE	16
100505875	TRUE	2
84779	FALSE	0
2712	FALSE	0
100506035	FALSE	0
118425	FALSE	0
118429	TRUE	16
56978	TRUE	16
2250	TRUE	5
255119	TRUE	2
651	TRUE	3
5593	TRUE	12
101928942	TRUE	3
153020	TRUE	8
3184	TRUE	16
9987	TRUE	16
58478	TRUE	16
105377310	FALSE	0
441027	TRUE	6
439934	FALSE	0
79966	TRUE	14
693160	FALSE	0
22872	TRUE	16
100499177	TRUE	16
79725	TRUE	16
132660	TRUE	16
51138	TRUE	16
51316	TRUE	16
27235	TRUE	16
10855	TRUE	16
113510	TRUE	16
51023	TRUE	16
84142	TRUE	16
84803	TRUE	16
101928978	FALSE	0
4825	TRUE	11
1040	TRUE	15
23001	TRUE	16
404201	TRUE	15
83478	TRUE	8
100616349	FALSE	0
5602	TRUE	6
101929064	FALSE	0
100616463	FALSE	0
5783	TRUE	13
345274	FALSE	0
132989	TRUE	14
100506746	TRUE	16
4299	TRUE	16
57563	TRUE	16
100847027	FALSE	0
345275	FALSE	0
51170	TRUE	16
53343	TRUE	16
8404	TRUE	4
1834	FALSE	0
1758	FALSE	0
3381	FALSE	1
56955	FALSE	0
6696	TRUE	10
5311	TRUE	15
9429	TRUE	14
152926	TRUE	16
55008	TRUE	16
51191	TRUE	14
100996939	FALSE	0
84992	FALSE	0
8916	TRUE	16
100873748	FALSE	0
266812	TRUE	12
285512	FALSE	0
10144	TRUE	16
166815	TRUE	16
285513	TRUE	9
6622	TRUE	9
644248	FALSE	0
22915	FALSE	0
401145	TRUE	12
101929194	FALSE	0
2895	FALSE	0
474	FALSE	0
101929210	FALSE	0
56916	TRUE	16
27306	FALSE	0
10611	TRUE	16
100507012	FALSE	0
658	TRUE	13
8633	TRUE	3
5161	FALSE	0
100873749	FALSE	0
101410545	FALSE	0
285555	FALSE	0
5910	TRUE	16
10098	TRUE	13
1977	TRUE	16
23173	TRUE	16
100500867	FALSE	0
128	TRUE	16
100507053	TRUE	7
127	FALSE	0
359806	FALSE	0
130	FALSE	0
124	FALSE	0
125	FALSE	1
126	TRUE	4
131	FALSE	1
84103	FALSE	0
93587	TRUE	16
4547	FALSE	0
285556	FALSE	0
27071	TRUE	10
8649	TRUE	16
79982	TRUE	16
3015	TRUE	16
256880	TRUE	2
115265	TRUE	7
101929353	FALSE	0
51705	TRUE	2
100874275	FALSE	0
5530	TRUE	16
102465868	FALSE	0
100302193	FALSE	0
90024	TRUE	16
55024	TRUE	14
64116	TRUE	16
105377621	TRUE	16
4790	TRUE	16
4126	TRUE	16
102723704	FALSE	0
7323	TRUE	16
493856	TRUE	16
150159	TRUE	11
133308	TRUE	16
56898	TRUE	16
1062	TRUE	16
101929448	FALSE	1
6870	FALSE	0
80319	TRUE	11
101929468	FALSE	0
54790	TRUE	16
104384744	FALSE	0
27068	TRUE	16
54848	TRUE	6
100874374	FALSE	0
57117	TRUE	16
79807	TRUE	16
101929529	FALSE	0
255743	TRUE	8
101929577	FALSE	0
93627	TRUE	16
9255	TRUE	16
100507096	FALSE	0
27123	TRUE	2
9061	TRUE	16
166929	TRUE	16
101929595	FALSE	0
113612	TRUE	14
3033	TRUE	16
51176	TRUE	6
641518	FALSE	0
285456	TRUE	5
101929621	FALSE	0
6164	TRUE	16
58505	TRUE	16
64850	TRUE	3
84570	FALSE	0
100533182	TRUE	14
10427	TRUE	16
693161	FALSE	0
55013	TRUE	16
839	TRUE	16
81579	TRUE	16
3426	TRUE	7
54433	TRUE	16
10692	FALSE	0
345193	FALSE	1
1950	TRUE	8
100873750	FALSE	0
79071	TRUE	16
2028	TRUE	4
5308	TRUE	5
100126354	FALSE	0
105377368	TRUE	2
132720	TRUE	16
55435	TRUE	16
92610	TRUE	16
80216	TRUE	15
63973	TRUE	2
55345	TRUE	16
51574	TRUE	16
442912	FALSE	0
442896	FALSE	0
407028	FALSE	0
442895	FALSE	0
442894	FALSE	0
287	TRUE	15
102723896	FALSE	0
100302188	FALSE	0
102465878	FALSE	0
817	TRUE	16
79642	TRUE	15
7368	TRUE	16
693162	FALSE	0
64579	TRUE	2
100302290	FALSE	0
133022	TRUE	12
103689918	FALSE	0
9348	TRUE	2
100093630	TRUE	16
677809	TRUE	2
8492	TRUE	14
645455	FALSE	0
729218	TRUE	14
101929741	FALSE	0
57721	TRUE	16
9871	TRUE	16
171024	TRUE	10
51778	FALSE	0
101929762	FALSE	0
54532	TRUE	16
401152	TRUE	16
2169	FALSE	0
401149	TRUE	16
645513	TRUE	16
8654	TRUE	16
101927007	FALSE	0
100996694	FALSE	0
4085	TRUE	16
11107	TRUE	14
79625	TRUE	2
79931	FALSE	1
84109	FALSE	0
308	TRUE	16
132332	FALSE	0
100192379	FALSE	0
5393	TRUE	16
890	TRUE	16
55212	TRUE	16
7222	FALSE	1
84162	TRUE	16
132612	FALSE	0
3558	FALSE	0
59067	FALSE	0
100996941	FALSE	0
166379	TRUE	16
729338	TRUE	11
2247	TRUE	10
11162	TRUE	16
166378	TRUE	16
10252	TRUE	16
100189197	FALSE	0
285419	TRUE	5
101927087	TRUE	2
57182	TRUE	16
79633	TRUE	15
100302267	FALSE	0
27152	TRUE	14
83447	FALSE	0
22824	TRUE	16
10733	TRUE	16
256471	TRUE	16
80167	TRUE	16
55132	TRUE	16
10424	TRUE	16
100507487	TRUE	9
79960	TRUE	16
132320	TRUE	16
132321	TRUE	16
102724326	FALSE	0
101927282	TRUE	2
101927305	FALSE	1
104355285	FALSE	0
101927359	FALSE	0
57575	FALSE	0
132430	FALSE	0
100507528	FALSE	0
729307	FALSE	0
54510	TRUE	4
641365	FALSE	0
641364	TRUE	7
23657	TRUE	16
100874047	FALSE	0
25819	TRUE	16
1998	TRUE	16
84709	TRUE	2
4717	TRUE	16
80155	TRUE	16
83452	TRUE	16
80854	TRUE	16
105377622	FALSE	0
4258	TRUE	16
55534	TRUE	16
60592	TRUE	16
100129858	TRUE	8
1047	TRUE	16
152586	FALSE	0
255520	TRUE	16
7350	FALSE	1
23158	TRUE	16
644962	FALSE	0
57484	TRUE	6
27309	TRUE	16
100507639	TRUE	12
3600	TRUE	14
8821	TRUE	16
105377623	TRUE	2
84640	TRUE	16
2549	TRUE	16
100423017	FALSE	0
8467	TRUE	16
100128055	FALSE	0
441046	TRUE	12
166752	FALSE	0
2996	FALSE	0
101927636	FALSE	0
2994	FALSE	0
2993	FALSE	0
646576	FALSE	1
64399	FALSE	0
10393	TRUE	16
6059	TRUE	16
54726	TRUE	16
4086	TRUE	16
101927659	FALSE	0
104326058	FALSE	0
166785	TRUE	16
646603	FALSE	0
152485	TRUE	16
100505545	FALSE	0
11157	TRUE	16
84068	TRUE	16
102465837	FALSE	0
5458	FALSE	0
83894	FALSE	1
100313938	FALSE	0
1909	TRUE	5
55751	TRUE	16
90826	TRUE	16
79658	TRUE	16
100616246	FALSE	0
4306	TRUE	13
101927849	FALSE	0
285423	FALSE	0
166614	TRUE	7
987	TRUE	16
10586	FALSE	0
6189	TRUE	16
8944	FALSE	0
152503	TRUE	16
345062	FALSE	0
729830	TRUE	16
5188	TRUE	16
100996286	TRUE	3
55294	TRUE	16
102191832	FALSE	0
100422896	FALSE	0
54553	TRUE	16
100616193	FALSE	0
201799	TRUE	13
201798	TRUE	16
27236	TRUE	16
85462	TRUE	15
23321	TRUE	16
303	TRUE	4
84057	TRUE	16
23240	TRUE	16
7097	TRUE	6
285533	FALSE	1
6423	FALSE	0
54798	TRUE	2
5356	TRUE	16
2244	TRUE	3
2243	TRUE	2
2266	FALSE	1
9227	TRUE	10
166863	FALSE	0
4887	FALSE	0
79884	TRUE	11
102724776	FALSE	0
2982	TRUE	10
2983	TRUE	12
51802	FALSE	0
6999	FALSE	0
1519	FALSE	0
56034	TRUE	16
2743	TRUE	14
2891	FALSE	0
340017	FALSE	0
51313	TRUE	16
55314	TRUE	16
59350	FALSE	0
201725	TRUE	16
2110	TRUE	16
5481	TRUE	16
57600	TRUE	16
152940	FALSE	0
9693	TRUE	16
100500881	FALSE	0
100616303	FALSE	0
56884	TRUE	6
101928052	FALSE	0
100616234	FALSE	0
92345	TRUE	16
4886	TRUE	4
4889	FALSE	0
84076	FALSE	0
55319	TRUE	16
55016	TRUE	15
23520	TRUE	16
100505989	TRUE	3
100506013	FALSE	0
101059914	FALSE	0
391712	FALSE	0
152756	TRUE	3
166655	FALSE	0
201931	TRUE	16
11275	TRUE	16
2713	FALSE	0
6307	TRUE	16
1363	TRUE	14
693163	FALSE	0
101928151	FALSE	0
101928131	TRUE	2
7092	TRUE	4
50859	TRUE	8
11199	TRUE	10
55601	TRUE	16
91351	TRUE	16
23022	TRUE	16
84869	TRUE	16
57630	TRUE	16
4750	TRUE	16
1182	TRUE	16
54969	TRUE	16
100506085	FALSE	0
9848	TRUE	14
51166	TRUE	14
105377532	FALSE	0
101928223	TRUE	4
100506122	FALSE	0
102466953	FALSE	0
442117	FALSE	0
101928314	FALSE	0
51809	TRUE	16
100422849	FALSE	0
3148	TRUE	16
8819	TRUE	16
11341	FALSE	0
9464	FALSE	1
79804	FALSE	0
101928509	FALSE	0
26269	TRUE	16
80817	TRUE	16
100423042	FALSE	0
3248	TRUE	13
8001	TRUE	5
101928551	FALSE	0
11086	TRUE	2
2823	TRUE	11
101928590	FALSE	0
116966	TRUE	14
132851	FALSE	0
140458	TRUE	2
60559	TRUE	16
7424	TRUE	10
55247	TRUE	16
175	TRUE	16
285500	TRUE	6
285501	FALSE	0
101928656	FALSE	0
728081	FALSE	0
90768	TRUE	4
100302270	FALSE	0
55714	TRUE	12
1635	TRUE	16
403315	FALSE	0
152641	TRUE	14
80014	TRUE	16
101928734	TRUE	2
53842	FALSE	0
100132463	FALSE	0
55602	TRUE	16
389247	TRUE	15
3622	TRUE	16
201965	TRUE	16
60684	TRUE	16
56977	TRUE	14
133121	FALSE	0
728175	TRUE	2
102723766	FALSE	0
3660	TRUE	16
836	TRUE	16
201973	TRUE	16
79682	TRUE	16
2180	TRUE	16
643036	FALSE	0
731424	FALSE	0
100500818	FALSE	0
100506229	FALSE	0
100616111	FALSE	0
391723	FALSE	0
291	TRUE	16
57587	TRUE	16
83891	TRUE	16
55805	TRUE	15
353322	TRUE	16
55325	TRUE	16
441054	TRUE	9
256309	TRUE	9
27295	TRUE	8
105377624	FALSE	0
8470	TRUE	16
7098	TRUE	13
105377594	TRUE	6
25854	TRUE	9
105377595	FALSE	0
651430	TRUE	3
285440	TRUE	16
3818	FALSE	0
2160	FALSE	0
285441	TRUE	2
4543	TRUE	5
2195	TRUE	16
339975	TRUE	2
100506272	FALSE	0
132625	FALSE	0
205860	TRUE	5
339976	FALSE	0
401164	FALSE	0
101928971	FALSE	0
2483	TRUE	8
448831	FALSE	0
100419743	FALSE	0
100288687	FALSE	0
105374752	TRUE	3
153478	TRUE	15
389257	TRUE	3
133957	TRUE	16
6389	TRUE	16
102467073	TRUE	6
10016	TRUE	16
57491	TRUE	16
116349	TRUE	16
11336	TRUE	16
6550	TRUE	16
25845	FALSE	0
100288152	TRUE	16
100616381	FALSE	0
100996325	FALSE	0
55722	TRUE	16
11076	TRUE	16
101929895	TRUE	16
653082	TRUE	12
79844	TRUE	16
65980	TRUE	16
9319	TRUE	16
100506688	FALSE	0
85409	TRUE	5
10723	TRUE	16
100616479	FALSE	0
101928793	TRUE	6
101928857	FALSE	0
340024	FALSE	1
348932	FALSE	0
7015	TRUE	14
100616235	FALSE	0
81037	TRUE	16
100506791	FALSE	0
6531	FALSE	0
79888	TRUE	16
102466103	FALSE	0
728609	TRUE	16
728613	TRUE	16
100422966	FALSE	0
64979	TRUE	16
4726	TRUE	16
101929034	FALSE	0
50805	TRUE	2
101929081	FALSE	0
100506858	FALSE	0
153572	FALSE	0
153571	FALSE	1
105374620	FALSE	0
102467074	FALSE	0
285577	FALSE	0
102467075	FALSE	0
79192	FALSE	0
101929153	FALSE	0
340094	FALSE	0
101929176	FALSE	0
170690	TRUE	14
23379	TRUE	16
401172	FALSE	0
84246	TRUE	16
134111	TRUE	2
255167	TRUE	3
54888	TRUE	16
6715	TRUE	16
100505625	FALSE	0
11044	TRUE	16
100422999	FALSE	0
442132	FALSE	0
101929261	FALSE	0
108	TRUE	2
134121	TRUE	3
4552	TRUE	16
79072	TRUE	16
729506	FALSE	0
100505738	TRUE	16
100616142	FALSE	0
101929284	FALSE	0
9037	TRUE	6
100616326	FALSE	0
101929338	FALSE	0
100505806	TRUE	2
100113384	FALSE	0
50834	FALSE	0
285692	FALSE	0
134145	TRUE	16
22948	TRUE	16
134147	TRUE	16
10299	TRUE	16
100505845	FALSE	0
83853	TRUE	9
105369214	FALSE	0
102465138	FALSE	0
101929412	FALSE	0
651746	TRUE	16
1611	TRUE	16
1501	FALSE	1
404663	FALSE	0
1767	TRUE	16
7204	TRUE	16
54491	TRUE	16
90268	TRUE	16
56172	TRUE	16
100130744	TRUE	16
100616271	FALSE	0
101929454	FALSE	0
23194	FALSE	0
101929472	FALSE	0
100126347	FALSE	0
441061	FALSE	0
101929505	FALSE	0
90441	TRUE	16
54463	TRUE	12
101929524	TRUE	5
4651	TRUE	16
285696	TRUE	2
10409	TRUE	10
401177	FALSE	0
101929544	FALSE	0
102723526	FALSE	0
1016	TRUE	5
728411	TRUE	16
100506217	TRUE	2
1010	TRUE	8
5369	FALSE	0
56979	FALSE	0
1008	TRUE	5
340107	FALSE	0
105374693	TRUE	3
1007	FALSE	0
643401	TRUE	3
105374700	TRUE	2
729862	FALSE	0
101929645	FALSE	0
101929660	FALSE	0
101929681	FALSE	0
102723637	FALSE	0
1004	TRUE	8
29102	TRUE	16
55322	TRUE	16
23037	TRUE	11
100422874	FALSE	0
64083	TRUE	16
54545	TRUE	16
51663	TRUE	16
693164	FALSE	0
10923	TRUE	16
4883	TRUE	7
340113	FALSE	0
6897	TRUE	16
81792	TRUE	5
51289	FALSE	0
51151	FALSE	1
100534612	FALSE	0
23600	TRUE	16
114899	TRUE	8
105374753	FALSE	0
26064	TRUE	16
153657	TRUE	13
5810	TRUE	16
55299	TRUE	16
134218	TRUE	16
64902	FALSE	0
5618	TRUE	3
79925	TRUE	8
3575	TRUE	9
133690	TRUE	4
100506406	FALSE	0
133688	FALSE	0
167127	FALSE	0
92255	TRUE	16
693165	FALSE	0
6502	TRUE	16
133686	TRUE	16
202151	TRUE	5
6507	TRUE	8
646719	TRUE	16
25836	TRUE	16
65250	TRUE	16
9631	TRUE	16
55100	TRUE	16
2668	FALSE	0
100861519	FALSE	0
101929745	FALSE	0
133584	TRUE	4
100852408	FALSE	0
100506475	FALSE	0
3977	TRUE	16
100506495	TRUE	10
100500824	FALSE	0
101929768	TRUE	14
101926904	FALSE	0
9180	TRUE	14
253260	TRUE	16
2533	TRUE	6
735	TRUE	2
1601	TRUE	15
101926940	FALSE	0
102467077	FALSE	0
5734	TRUE	15
23548	TRUE	16
5562	TRUE	16
100506548	TRUE	16
6167	TRUE	16
619564	FALSE	0
84674	TRUE	16
730	TRUE	4
133558	FALSE	0
729	FALSE	0
345557	TRUE	12
5019	TRUE	16
100874002	FALSE	0
285636	TRUE	16
26272	TRUE	16
101926960	FALSE	0
2690	TRUE	5
101926985	FALSE	0
100129792	TRUE	6
6414	TRUE	13
643977	TRUE	14
648987	TRUE	16
389289	TRUE	16
153684	TRUE	16
100132356	TRUE	16
100506639	TRUE	16
7690	TRUE	16
167359	TRUE	10
3157	TRUE	16
56477	TRUE	14
64417	TRUE	16
375444	TRUE	16
10605	TRUE	16
100652772	TRUE	13
23530	TRUE	14
2255	FALSE	0
101927075	FALSE	0
100506674	TRUE	12
10884	TRUE	16
348980	TRUE	4
133418	TRUE	14
79668	TRUE	15
100287592	FALSE	0
642366	TRUE	7
3670	TRUE	12
53918	TRUE	16
3672	TRUE	15
3673	TRUE	15
4338	TRUE	16
257396	TRUE	16
10468	TRUE	15
4724	TRUE	16
54622	TRUE	16
693166	FALSE	0
100616233	FALSE	0
104355136	FALSE	0
8988	FALSE	0
112574	TRUE	16
102467080	FALSE	1
11082	FALSE	0
102467081	FALSE	0
3003	FALSE	0
3001	FALSE	0
166979	FALSE	0
493869	TRUE	14
554213	FALSE	0
693123	FALSE	0
100313923	FALSE	0
345643	TRUE	15
10309	TRUE	16
54505	TRUE	16
23517	TRUE	16
8611	TRUE	16
100847019	FALSE	0
379013	TRUE	2
153129	TRUE	16
54514	FALSE	0
133396	TRUE	7
3572	TRUE	16
441072	TRUE	7
79722	FALSE	1
101928419	TRUE	2
102467147	TRUE	4
101928448	FALSE	0
105378979	FALSE	0
4214	TRUE	16
133383	TRUE	16
166968	TRUE	16
65056	TRUE	16
345651	FALSE	0
100996645	FALSE	0
101928505	TRUE	8
101928539	TRUE	4
101928569	TRUE	2
10769	TRUE	16
202309	FALSE	0
100616339	FALSE	0
101928600	FALSE	0
115827	TRUE	6
5144	TRUE	14
693167	FALSE	0
25859	TRUE	2
55789	TRUE	16
79993	TRUE	16
1161	TRUE	16
91942	TRUE	16
643155	TRUE	16
101928630	FALSE	0
105378994	FALSE	0
57688	TRUE	16
285668	FALSE	0
101928651	FALSE	0
100506526	FALSE	0
3796	TRUE	16
27292	TRUE	16
51194	TRUE	16
100130733	TRUE	2
101180901	FALSE	0
3350	FALSE	0
285671	TRUE	6
401190	TRUE	2
100132916	FALSE	0
285672	TRUE	16
10283	TRUE	16
11174	TRUE	14
64105	TRUE	16
23398	TRUE	16
373	TRUE	16
80006	TRUE	16
54557	TRUE	16
57486	TRUE	16
55914	TRUE	16
100303749	FALSE	0
140890	TRUE	16
101928741	TRUE	8
101928769	FALSE	0
375449	TRUE	15
101928794	TRUE	10
4064	FALSE	0
101928858	FALSE	0
102467655	FALSE	0
5295	TRUE	16
101928885	TRUE	3
64924	TRUE	16
891	TRUE	16
64946	TRUE	16
92259	TRUE	16
1022	TRUE	16
202243	TRUE	15
102157402	FALSE	0
6880	FALSE	0
5884	TRUE	14
153562	TRUE	11
101928924	FALSE	0
100506658	TRUE	16
728340	TRUE	7
100272216	TRUE	2
653188	TRUE	5
728492	FALSE	1
6607	TRUE	8
11039	TRUE	4
653238	TRUE	6
11042	TRUE	7
441081	FALSE	0
101929599	FALSE	0
8293	TRUE	3
6606	TRUE	4
4671	FALSE	0
2966	TRUE	8
647859	FALSE	1
100049076	TRUE	9
5370	FALSE	0
55814	FALSE	0
64087	TRUE	16
9607	FALSE	0
4131	TRUE	16
100616377	FALSE	0
23107	TRUE	16
79810	TRUE	16
167465	FALSE	0
102503427	FALSE	0
102477328	FALSE	0
3842	TRUE	16
100616152	FALSE	0
115548	TRUE	16
105379029	FALSE	0
134285	TRUE	13
134288	FALSE	0
2297	TRUE	14
104355294	FALSE	0
689	TRUE	16
57763	TRUE	16
84135	TRUE	16
64283	TRUE	16
102503429	FALSE	0
101929082	FALSE	0
104310351	FALSE	0
8507	TRUE	16
3074	TRUE	16
84340	TRUE	16
10412	TRUE	16
26049	TRUE	16
51301	TRUE	14
104326191	TRUE	7
256006	TRUE	12
3156	TRUE	16
10087	TRUE	16
51426	TRUE	16
728780	TRUE	5
134359	TRUE	16
22987	TRUE	2
10788	TRUE	12
2151	TRUE	6
100302746	FALSE	0
2149	TRUE	15
2150	TRUE	16
170591	TRUE	2
1393	FALSE	0
55109	TRUE	16
84327	TRUE	16
677828	FALSE	0
728723	TRUE	11
8622	TRUE	15
55255	TRUE	16
23440	FALSE	1
6902	TRUE	16
105379045	TRUE	16
101929154	FALSE	0
8546	TRUE	16
728769	TRUE	16
9522	TRUE	16
10184	TRUE	16
411	TRUE	16
29958	FALSE	1
23743	FALSE	0
635	TRUE	2
133746	TRUE	16
9456	TRUE	16
105379046	TRUE	16
167153	TRUE	16
202333	TRUE	16
345778	TRUE	16
7060	TRUE	11
101929215	FALSE	0
256987	TRUE	16
644936	FALSE	0
84654	FALSE	0
441089	TRUE	16
9765	TRUE	16
167555	TRUE	15
340120	TRUE	7
103689917	FALSE	0
1719	TRUE	16
100462981	TRUE	15
4437	TRUE	16
102524628	FALSE	0
5924	TRUE	16
1160	TRUE	10
100131067	TRUE	16
84240	TRUE	16
134526	TRUE	2
23635	TRUE	16
83734	TRUE	16
6228	TRUE	16
92270	TRUE	16
100616297	FALSE	0
102546175	FALSE	0
153339	TRUE	16
677765	FALSE	0
7518	TRUE	16
1462	TRUE	13
105379054	TRUE	2
1404	FALSE	0
10085	TRUE	4
285622	FALSE	0
1350	TRUE	16
100500805	FALSE	0
100505878	FALSE	0
100422887	FALSE	0
101929380	FALSE	0
55338	FALSE	0
5921	TRUE	16
644285	FALSE	0
902	TRUE	16
153396	TRUE	16
100505894	TRUE	16
102546226	FALSE	0
645323	TRUE	4
407047	FALSE	0
4208	TRUE	13
101929423	TRUE	2
100500825	FALSE	0
101929495	FALSE	0
1070	TRUE	16
731157	TRUE	6
153364	TRUE	16
10622	TRUE	16
116068	TRUE	16
84059	TRUE	3
100505994	TRUE	15
57561	TRUE	16
100129716	TRUE	16
441094	TRUE	15
7025	TRUE	16
83989	TRUE	16
100313887	FALSE	0
134187	FALSE	0
285600	TRUE	16
84250	TRUE	16
79772	TRUE	16
153643	TRUE	3
9652	TRUE	16
153642	TRUE	16
285601	TRUE	4
317671	TRUE	15
83890	FALSE	1
22836	TRUE	16
2745	TRUE	16
202299	FALSE	0
22936	TRUE	16
101929710	FALSE	0
693168	FALSE	0
5122	TRUE	3
831	TRUE	16
51752	TRUE	16
64167	TRUE	16
101929747	FALSE	0
4012	TRUE	16
167410	FALSE	0
55781	TRUE	16
102546227	FALSE	0
285704	TRUE	16
503569	TRUE	10
1105	TRUE	16
100289230	TRUE	16
100652833	FALSE	0
102724855	FALSE	0
100133050	FALSE	0
441098	FALSE	0
345757	TRUE	16
7903	TRUE	7
100302288	FALSE	0
353189	TRUE	4
133482	FALSE	0
100861468	FALSE	0
285708	FALSE	0
5066	TRUE	16
54826	TRUE	16
23262	TRUE	16
90355	TRUE	16
105379197	FALSE	0
102467212	FALSE	0
83594	TRUE	16
9366	FALSE	0
102467213	FALSE	0
1946	TRUE	16
64839	TRUE	16
100652853	TRUE	14
2241	TRUE	14
9867	TRUE	16
4124	TRUE	16
100289673	FALSE	0
642987	TRUE	5
100302159	FALSE	0
91137	TRUE	16
85480	TRUE	2
134430	TRUE	16
814	TRUE	5
134429	TRUE	15
100505678	TRUE	5
9315	TRUE	9
100873948	FALSE	0
64097	TRUE	16
114915	TRUE	16
654322	FALSE	0
101927023	FALSE	0
54508	TRUE	8
102467214	FALSE	0
102467216	FALSE	0
324	TRUE	16
6728	TRUE	16
7905	TRUE	16
167227	TRUE	16
4163	TRUE	14
83942	FALSE	1
64848	TRUE	16
3781	TRUE	2
101927078	FALSE	0
101927059	FALSE	0
55521	TRUE	16
5229	TRUE	16
153733	TRUE	16
56929	TRUE	16
100302736	FALSE	0
353376	FALSE	0
101927100	TRUE	8
51014	TRUE	16
102467217	FALSE	0
1036	FALSE	0
9140	TRUE	16
1176	TRUE	16
206338	TRUE	4
644100	TRUE	10
51397	TRUE	16
101927190	FALSE	0
57556	TRUE	13
101927233	FALSE	0
102467223	FALSE	0
728342	TRUE	4
102467224	FALSE	0
100505811	FALSE	0
101927280	FALSE	0
102467225	FALSE	0
285605	TRUE	16
100422885	TRUE	16
1657	TRUE	16
100847085	FALSE	0
25816	TRUE	16
3295	TRUE	16
340069	FALSE	0
51334	TRUE	5
102467226	FALSE	0
94033	FALSE	0
153443	TRUE	16
4015	TRUE	15
133923	FALSE	1
100505841	FALSE	0
9627	TRUE	3
153163	FALSE	0
101927379	FALSE	0
6643	TRUE	16
28966	TRUE	16
5480	TRUE	16
93166	TRUE	14
153241	TRUE	16
1456	TRUE	16
103724389	FALSE	0
57507	TRUE	13
101927421	FALSE	0
101927460	FALSE	0
102546228	FALSE	0
101927488	FALSE	0
65983	TRUE	16
501	TRUE	16
51808	TRUE	16
389320	FALSE	0
4001	TRUE	16
115123	TRUE	16
401207	TRUE	12
105379198	TRUE	6
84466	TRUE	5
105379199	FALSE	0
133619	TRUE	16
613212	FALSE	0
644873	TRUE	16
6558	TRUE	16
2201	TRUE	7
28965	FALSE	0
51015	TRUE	16
100616175	FALSE	0
100616325	FALSE	0
103689846	FALSE	0
171019	TRUE	2
100127206	FALSE	0
337876	TRUE	6
3094	TRUE	16
90624	TRUE	16
56990	TRUE	16
51735	TRUE	16
96459	TRUE	16
728637	FALSE	0
23305	TRUE	6
3562	FALSE	0
1437	TRUE	8
100861518	FALSE	0
8974	TRUE	16
102465498	FALSE	0
8572	TRUE	6
6583	TRUE	16
553103	TRUE	16
100500865	TRUE	2
6584	TRUE	16
441108	TRUE	15
3659	TRUE	16
105379200	FALSE	1
3567	FALSE	0
10111	TRUE	16
101927761	FALSE	0
3596	FALSE	0
3565	FALSE	0
11127	TRUE	16
645121	TRUE	8
23176	TRUE	16
134548	TRUE	7
134549	TRUE	16
2661	TRUE	13
27089	TRUE	16
116842	TRUE	4
27125	TRUE	16
105379177	FALSE	1
54819	TRUE	16
3308	TRUE	16
23105	TRUE	9
100302134	FALSE	0
56951	TRUE	16
7416	TRUE	16
101060024	FALSE	0
6932	TRUE	16
6500	TRUE	16
5515	TRUE	16
100500905	FALSE	0
51265	TRUE	16
7320	TRUE	16
91368	TRUE	16
102546229	FALSE	0
101927934	TRUE	16
23338	TRUE	16
51128	TRUE	16
10802	TRUE	16
819	TRUE	16
9879	TRUE	16
134553	TRUE	16
79770	TRUE	16
84105	TRUE	16
100616209	FALSE	0
347732	TRUE	15
5307	TRUE	16
100996485	TRUE	16
101927953	TRUE	3
340073	FALSE	0
9555	TRUE	16
140947	FALSE	0
497189	FALSE	0
4762	FALSE	0
9547	TRUE	5
340074	FALSE	0
100847082	FALSE	0
153328	FALSE	0
3578	FALSE	0
26223	FALSE	0
3950	FALSE	0
7045	TRUE	15
100126299	FALSE	0
9597	TRUE	3
4090	TRUE	16
389332	FALSE	1
57113	FALSE	0
6695	TRUE	16
26249	TRUE	13
100126343	FALSE	0
10949	TRUE	16
4888	FALSE	0
9499	TRUE	8
27039	TRUE	8
51306	TRUE	16
7478	FALSE	0
8382	TRUE	4
10902	TRUE	16
10112	TRUE	16
8697	TRUE	16
2676	TRUE	3
995	TRUE	16
51307	TRUE	16
51780	TRUE	16
51308	TRUE	13
1958	TRUE	16
2107	TRUE	16
3313	TRUE	16
26785	TRUE	3
105379194	TRUE	9
1495	TRUE	16
26045	FALSE	0
64374	TRUE	16
724102	TRUE	16
9782	TRUE	16
26821	FALSE	0
51247	TRUE	16
9963	TRUE	4
51237	TRUE	2
389333	TRUE	16
202051	TRUE	16
202052	TRUE	16
641700	FALSE	1
340061	TRUE	14
7322	TRUE	16
51523	TRUE	16
84249	FALSE	1
101929696	FALSE	0
9542	TRUE	10
100505636	TRUE	16
5813	TRUE	16
492311	TRUE	16
101929719	TRUE	4
84418	TRUE	16
5201	TRUE	16
1839	TRUE	16
83697	FALSE	1
404734	TRUE	14
54882	TRUE	16
8637	TRUE	3
10011	TRUE	16
10307	TRUE	16
102465499	FALSE	0
113829	TRUE	16
55374	TRUE	16
929	TRUE	16
4695	TRUE	16
3550	TRUE	16
100500820	FALSE	0
54853	TRUE	16
373863	TRUE	16
3035	TRUE	16
23438	TRUE	16
153527	TRUE	16
56664	FALSE	0
56663	TRUE	2
56662	FALSE	0
56147	TRUE	2
56146	FALSE	1
56145	TRUE	3
56144	TRUE	4
56143	FALSE	1
56142	FALSE	0
56141	FALSE	0
56140	TRUE	4
9752	FALSE	0
56139	TRUE	4
56138	TRUE	4
56137	TRUE	4
56136	TRUE	4
56135	TRUE	4
56134	TRUE	8
56119	FALSE	0
101926905	FALSE	0
29930	FALSE	0
56133	TRUE	6
56132	TRUE	8
56131	TRUE	3
26167	TRUE	3
56130	TRUE	4
54661	TRUE	2
56129	TRUE	4
56128	TRUE	6
57717	TRUE	6
56127	TRUE	10
56126	TRUE	9
56125	TRUE	7
56124	TRUE	5
56123	TRUE	9
56122	TRUE	16
54660	FALSE	1
84054	TRUE	3
56121	FALSE	1
83884	FALSE	0
6879	TRUE	16
56114	TRUE	12
56113	TRUE	2
56112	TRUE	2
56104	TRUE	9
56111	TRUE	8
56103	TRUE	13
56110	TRUE	3
56102	TRUE	5
56109	TRUE	6
56108	TRUE	2
8641	FALSE	1
9708	FALSE	1
56101	TRUE	6
56107	TRUE	6
56100	TRUE	6
56106	TRUE	10
56099	TRUE	10
56105	TRUE	2
56120	FALSE	0
26025	TRUE	2
5098	TRUE	12
56098	FALSE	0
56097	FALSE	1
1729	TRUE	16
100505658	FALSE	0
8841	TRUE	16
285613	TRUE	16
89848	TRUE	16
64411	TRUE	16
5097	TRUE	16
729080	FALSE	0
9812	TRUE	16
51294	TRUE	6
9604	TRUE	16
10007	TRUE	16
80762	TRUE	16
81848	TRUE	16
101926941	TRUE	12
2246	TRUE	7
101926975	TRUE	2
23092	TRUE	16
100874239	FALSE	0
100874372	FALSE	0
2908	TRUE	16
100846991	FALSE	0
57824	FALSE	0
81555	TRUE	16
57528	TRUE	6
153768	TRUE	14
643226	FALSE	0
153769	TRUE	14
153770	TRUE	3
51520	TRUE	16
54439	TRUE	16
5459	FALSE	0
10915	TRUE	16
134391	FALSE	0
5521	TRUE	10
100874361	FALSE	0
202374	TRUE	4
1809	TRUE	13
153469	FALSE	0
9832	TRUE	3
6690	TRUE	5
117156	FALSE	0
389336	FALSE	1
11005	TRUE	6
408187	FALSE	0
404203	FALSE	0
105378220	FALSE	0
102546294	TRUE	2
153218	FALSE	0
84651	FALSE	0
643394	FALSE	0
81545	TRUE	16
3360	FALSE	0
154	TRUE	13
79628	TRUE	13
693169	FALSE	0
255187	TRUE	7
22885	TRUE	16
134265	TRUE	8
134266	TRUE	16
78991	TRUE	16
27190	FALSE	0
728264	FALSE	0
406935	FALSE	0
406937	FALSE	0
1452	TRUE	16
389337	TRUE	15
133522	TRUE	16
494327	FALSE	0
5145	TRUE	6
644762	TRUE	5
1836	TRUE	16
81789	TRUE	16
22993	TRUE	16
1436	TRUE	6
5159	TRUE	2
1044	FALSE	0
6534	TRUE	3
815	FALSE	1
340075	TRUE	6
6949	TRUE	16
972	TRUE	11
6208	TRUE	16
102546298	FALSE	0
3340	TRUE	16
11346	TRUE	16
91977	TRUE	2
55696	TRUE	16
51164	TRUE	16
85027	TRUE	14
345611	FALSE	0
91975	TRUE	8
134466	FALSE	0
2878	TRUE	16
10318	TRUE	16
309	TRUE	14
26112	TRUE	14
2760	TRUE	16
285641	FALSE	0
153201	FALSE	0
206358	TRUE	16
2196	TRUE	6
102465246	FALSE	0
6678	TRUE	16
101927096	FALSE	0
475	TRUE	16
100652758	TRUE	16
10146	TRUE	16
2741	FALSE	0
101927115	FALSE	0
56923	FALSE	0
101927134	FALSE	0
2890	FALSE	0
10827	TRUE	16
4238	TRUE	16
55568	TRUE	16
100302181	FALSE	0
386627	TRUE	16
79685	TRUE	16
9421	TRUE	2
100422950	FALSE	0
23367	TRUE	16
100302284	FALSE	0
10826	TRUE	13
100616306	FALSE	0
9337	TRUE	16
25929	TRUE	16
29093	TRUE	16
285643	TRUE	12
6444	FALSE	0
153743	TRUE	2
91937	FALSE	0
26762	FALSE	0
84868	FALSE	0
9443	TRUE	16
153745	FALSE	0
3702	FALSE	0
26999	TRUE	14
408263	FALSE	0
102724404	FALSE	0
348938	TRUE	10
8728	TRUE	13
11063	TRUE	4
100190949	FALSE	0
54974	TRUE	16
134353	TRUE	16
9685	TRUE	16
101927697	FALSE	0
1879	FALSE	0
101927740	FALSE	0
153830	TRUE	16
134510	TRUE	16
3593	FALSE	0
285626	FALSE	0
285627	FALSE	0
101927766	FALSE	0
147	TRUE	4
7265	TRUE	16
114825	TRUE	16
2172	TRUE	3
79616	TRUE	16
114898	TRUE	5
63920	TRUE	16
10569	TRUE	16
9232	TRUE	16
100422938	FALSE	0
406938	FALSE	0
23120	FALSE	0
285629	FALSE	0
2561	FALSE	0
2559	FALSE	0
2554	FALSE	0
104326188	FALSE	0
2566	FALSE	0
900	TRUE	16
134492	TRUE	16
3161	TRUE	16
101927813	FALSE	0
27430	TRUE	16
101927835	FALSE	0
102546299	FALSE	0
102557615	FALSE	0
57451	TRUE	2
101927908	FALSE	0
101927862	FALSE	1
23286	TRUE	16
5917	TRUE	16
345630	TRUE	3
79646	TRUE	16
406895	FALSE	0
100302238	FALSE	0
6586	TRUE	5
101927969	FALSE	0
407001	FALSE	0
728095	FALSE	0
693170	FALSE	0
54908	TRUE	16
1794	FALSE	0
100131897	TRUE	7
100616498	FALSE	0
2299	FALSE	0
100507267	FALSE	0
133874	FALSE	0
3937	FALSE	0
257358	FALSE	0
30820	TRUE	2
3779	FALSE	0
101928033	FALSE	0
105377716	FALSE	0
2568	TRUE	11
64901	TRUE	10
30012	FALSE	0
100500831	FALSE	0
4869	TRUE	16
8817	TRUE	6
644994	FALSE	0
23291	TRUE	16
6793	TRUE	16
285588	TRUE	2
92181	TRUE	16
100288254	FALSE	0
285590	TRUE	16
54492	TRUE	16
100847029	FALSE	0
101928093	FALSE	0
1843	TRUE	16
57222	TRUE	16
51121	TRUE	16
100268168	TRUE	8
8992	TRUE	16
677841	FALSE	0
153222	TRUE	16
662	TRUE	16
1482	TRUE	2
8614	TRUE	12
102465862	FALSE	0
285593	TRUE	4
91272	TRUE	16
101928136	TRUE	2
101928154	FALSE	0
80315	TRUE	16
133491	FALSE	0
51617	TRUE	4
101928176	FALSE	0
4488	TRUE	14
100616202	FALSE	0
441116	FALSE	0
1812	TRUE	3
94081	TRUE	16
3274	FALSE	1
10814	TRUE	4
84321	TRUE	16
105377746	FALSE	0
100996385	FALSE	0
202134	FALSE	0
100507387	FALSE	0
643201	TRUE	2
375484	TRUE	16
57179	TRUE	16
285598	TRUE	13
100302203	FALSE	0
51491	TRUE	16
192286	TRUE	16
1212	TRUE	16
23197	TRUE	16
22838	TRUE	16
54825	TRUE	11
114787	TRUE	16
6620	TRUE	5
100422962	FALSE	0
253314	FALSE	1
26262	TRUE	16
102577424	TRUE	2
90249	TRUE	13
3101	TRUE	2
51720	TRUE	16
23567	TRUE	16
2264	TRUE	16
101928726	FALSE	0
64324	TRUE	16
53917	TRUE	16
27166	TRUE	16
83463	TRUE	16
10960	TRUE	16
10636	TRUE	16
6569	FALSE	0
345456	FALSE	0
2161	TRUE	16
2870	TRUE	16
340037	TRUE	12
80758	TRUE	16
1627	TRUE	16
9260	TRUE	16
79930	TRUE	16
51428	TRUE	16
54540	TRUE	16
54732	TRUE	16
11285	TRUE	16
202181	TRUE	11
285596	FALSE	0
728554	FALSE	0
5626	FALSE	0
105377772	FALSE	0
653316	FALSE	0
23138	TRUE	15
64777	TRUE	16
55651	TRUE	16
64396	FALSE	0
3182	TRUE	16
85007	TRUE	16
91522	FALSE	0
57396	TRUE	16
102724657	FALSE	0
6940	TRUE	16
729522	FALSE	0
117608	TRUE	16
80108	TRUE	5
285676	FALSE	1
2916	FALSE	0
345462	TRUE	10
30832	TRUE	14
9509	FALSE	1
80230	TRUE	16
101928445	TRUE	6
3187	TRUE	16
285679	FALSE	0
646019	TRUE	2
821	TRUE	16
9794	TRUE	16
4056	TRUE	9
11282	TRUE	16
100302156	FALSE	0
8878	TRUE	16
51149	TRUE	16
23061	TRUE	16
55819	TRUE	16
442908	FALSE	0
255426	TRUE	3
5601	TRUE	16
9945	TRUE	12
57472	TRUE	16
92304	FALSE	0
2324	TRUE	4
134083	FALSE	0
4245	TRUE	16
100859930	TRUE	16
729678	TRUE	16
643836	TRUE	16
79908	FALSE	0
10917	FALSE	0
153579	TRUE	8
102465882	FALSE	0
7240	FALSE	0
100189362	FALSE	0
100189273	FALSE	0
791232	FALSE	0
26693	FALSE	0
285659	FALSE	0
100188990	FALSE	0
7241	FALSE	0
100189541	FALSE	0
100189004	FALSE	0
100189328	FALSE	0
100188992	FALSE	0
7219	FALSE	0
102577426	FALSE	0
7236	FALSE	0
81786	TRUE	16
100189280	FALSE	0
100189399	FALSE	0
7239	FALSE	0
790966	FALSE	0
100049614	FALSE	0
100616342	FALSE	0
90933	TRUE	16
10399	TRUE	16
619571	TRUE	16
619570	TRUE	13
101928649	TRUE	16
84851	TRUE	16
100507602	TRUE	16
100132062	FALSE	1
26683	FALSE	0
441123	FALSE	0
285766	FALSE	0
56940	TRUE	16
105375104	FALSE	0
3662	FALSE	1
55770	TRUE	16
105374874	FALSE	0
135458	TRUE	2
101927691	FALSE	0
101927353	FALSE	0
285768	FALSE	0
94234	TRUE	16
2295	TRUE	8
102466720	FALSE	0
101927703	TRUE	13
2296	TRUE	16
2762	TRUE	16
100508120	TRUE	16
154386	FALSE	0
340156	TRUE	15
56897	TRUE	16
1992	TRUE	16
100616285	TRUE	3
221756	TRUE	10
101927730	FALSE	0
5272	TRUE	16
5269	TRUE	16
401232	TRUE	16
4835	TRUE	16
401233	TRUE	14
101927759	TRUE	7
8737	TRUE	16
670	TRUE	16
7280	TRUE	16
100507194	FALSE	0
347733	TRUE	16
389362	TRUE	16
63027	TRUE	16
221749	TRUE	16
26240	TRUE	10
8899	TRUE	16
222826	FALSE	0
404220	TRUE	2
10455	TRUE	14
100507506	TRUE	4
102724096	FALSE	0
497048	FALSE	0
9425	TRUE	16
10799	TRUE	16
100129461	TRUE	13
57128	TRUE	16
648791	TRUE	8
100500900	FALSE	0
10667	TRUE	16
101927972	FALSE	0
101927950	FALSE	0
51299	TRUE	6
2162	TRUE	6
102466866	FALSE	0
100847034	FALSE	0
285780	FALSE	0
9450	FALSE	0
6239	TRUE	16
6745	TRUE	16
285782	FALSE	0
83732	TRUE	16
1832	TRUE	16
154007	TRUE	16
654	TRUE	12
100526836	FALSE	0
81567	TRUE	16
105374908	FALSE	0
206426	FALSE	0
100526837	FALSE	0
63915	FALSE	0
9521	TRUE	16
100124533	TRUE	2
51000	TRUE	16
100506207	TRUE	16
728655	FALSE	0
266553	TRUE	2
105369145	FALSE	0
7020	TRUE	16
100130275	TRUE	16
221718	TRUE	5
100846998	FALSE	0
2651	TRUE	16
347744	TRUE	14
55003	TRUE	16
51522	TRUE	16
81853	TRUE	16
4117	TRUE	16
9247	FALSE	0
221711	TRUE	3
101928191	FALSE	0
54898	TRUE	6
100506409	TRUE	2
221710	TRUE	16
405754	FALSE	0
4739	TRUE	11
100113407	TRUE	16
84830	TRUE	10
101928253	FALSE	0
3096	TRUE	16
1906	TRUE	13
221692	TRUE	3
100130357	TRUE	5
51256	TRUE	16
54438	TRUE	16
23408	TRUE	16
51406	TRUE	16
10048	TRUE	16
63933	TRUE	16
221687	TRUE	7
9308	TRUE	16
102216342	FALSE	0
3720	TRUE	16
100506681	TRUE	6
84062	TRUE	16
101928406	FALSE	0
29116	TRUE	16
100616269	FALSE	0
2766	TRUE	14
6310	TRUE	14
101928433	TRUE	12
401236	FALSE	0
221662	TRUE	10
10486	TRUE	16
101928491	FALSE	0
51439	TRUE	16
9972	TRUE	16
63971	TRUE	16
378884	TRUE	16
7172	TRUE	16
221656	TRUE	16
7913	TRUE	16
255488	TRUE	15
693125	FALSE	0
100189287	FALSE	0
101928519	FALSE	0
3400	TRUE	5
154141	TRUE	16
105375105	TRUE	13
1871	TRUE	16
54901	TRUE	16
100874531	FALSE	0
6659	TRUE	16
401237	TRUE	3
729177	FALSE	0
5617	FALSE	0
154150	FALSE	0
140767	TRUE	2
51473	TRUE	8
353219	FALSE	0
57380	TRUE	16
2822	TRUE	16
7915	TRUE	16
9856	TRUE	15
51567	TRUE	16
55856	TRUE	16
81688	TRUE	16
51053	TRUE	16
101928603	FALSE	0
9750	TRUE	6
8418	TRUE	5
101928663	FALSE	0
105375106	TRUE	2
55604	TRUE	16
10590	TRUE	3
221613	FALSE	0
255626	FALSE	0
387319	FALSE	0
10050	TRUE	2
6568	TRUE	2
10786	FALSE	0
10246	FALSE	0
10475	TRUE	15
3024	FALSE	0
8350	TRUE	7
8359	TRUE	13
8366	TRUE	3
8358	TRUE	12
8335	TRUE	4
3018	FALSE	1
8352	TRUE	7
3006	TRUE	16
3077	TRUE	16
8364	TRUE	13
3010	FALSE	0
8347	TRUE	16
8334	TRUE	16
3008	TRUE	16
3017	TRUE	16
8344	TRUE	8
8360	TRUE	7
8351	TRUE	16
3013	FALSE	0
8343	TRUE	14
8367	TRUE	14
8339	TRUE	12
3012	TRUE	16
8353	TRUE	15
3007	TRUE	10
8361	FALSE	0
8369	FALSE	0
8968	FALSE	0
8345	TRUE	4
8355	TRUE	5
8346	FALSE	1
8365	TRUE	16
7210	FALSE	0
7232	FALSE	0
100189218	FALSE	0
100189321	FALSE	0
100189185	FALSE	0
100189430	FALSE	0
100189094	FALSE	0
100189436	FALSE	0
100189410	FALSE	0
100189382	FALSE	0
100189396	FALSE	0
100189040	FALSE	0
100189048	FALSE	0
11118	TRUE	16
10385	TRUE	16
11119	TRUE	16
54718	TRUE	16
10384	TRUE	16
11120	TRUE	16
285819	FALSE	0
696	TRUE	2
100189288	FALSE	0
493812	TRUE	12
100189319	FALSE	0
7231	FALSE	0
100189227	FALSE	0
10473	TRUE	16
100189308	FALSE	0
100189153	FALSE	0
100189223	FALSE	0
100189110	FALSE	0
100189272	FALSE	0
100189337	FALSE	0
100189162	FALSE	0
100189219	FALSE	0
29777	TRUE	16
79692	TRUE	16
100189303	FALSE	0
100189401	FALSE	0
100189391	FALSE	0
100189354	FALSE	0
100189372	FALSE	0
100126484	FALSE	0
100126481	FALSE	0
387036	TRUE	12
100133205	TRUE	6
100270746	TRUE	15
100189028	FALSE	1
100189172	FALSE	0
100189157	FALSE	0
8970	TRUE	14
8969	TRUE	14
85236	TRUE	16
8294	TRUE	6
85235	TRUE	7
100422934	FALSE	0
100189196	FALSE	0
100188987	FALSE	0
100189143	FALSE	0
100189336	FALSE	0
100189368	FALSE	0
100189041	FALSE	0
100189167	FALSE	0
100189099	FALSE	0
100189067	TRUE	2
100189014	FALSE	0
100189310	FALSE	0
10279	TRUE	16
7202	FALSE	0
100189213	FALSE	0
100189363	FALSE	0
100189408	FALSE	0
100189329	FALSE	0
100189002	FALSE	0
94026	FALSE	0
105375107	FALSE	0
387316	FALSE	0
100189345	FALSE	0
100189182	FALSE	0
7754	TRUE	13
346157	TRUE	14
7738	TRUE	16
100189077	FALSE	0
100189158	FALSE	0
23437	FALSE	0
100189247	FALSE	0
100189292	FALSE	0
23540	FALSE	0
100189189	FALSE	0
790951	FALSE	0
100189352	FALSE	0
94017	FALSE	0
100189268	FALSE	0
100189070	FALSE	0
100189012	FALSE	0
100189390	FALSE	0
100189200	FALSE	0
100189053	FALSE	0
100189297	FALSE	0
100189038	FALSE	0
100189301	FALSE	0
100189300	FALSE	0
100189131	FALSE	0
791231	FALSE	0
100189095	FALSE	0
100189428	FALSE	0
100189205	FALSE	0
100189161	FALSE	0
100189340	FALSE	0
100189071	FALSE	0
100507173	TRUE	16
100189164	FALSE	0
100189374	FALSE	0
100189101	FALSE	0
791230	FALSE	0
100131289	TRUE	3
7212	FALSE	0
100189214	FALSE	0
100189074	FALSE	0
8340	TRUE	13
8329	TRUE	16
8357	TRUE	16
8331	TRUE	10
8342	TRUE	3
8363	TRUE	7
8362	TRUE	7
8330	TRUE	12
8341	TRUE	15
8332	TRUE	14
3009	TRUE	10
8354	TRUE	8
8368	TRUE	5
8356	TRUE	8
8336	TRUE	16
8348	TRUE	13
100189315	FALSE	0
100189314	FALSE	0
81697	FALSE	0
26212	TRUE	6
7718	TRUE	16
221584	TRUE	16
100129195	TRUE	16
80345	TRUE	16
7745	TRUE	16
651302	TRUE	7
7746	TRUE	16
100189159	FALSE	0
222699	TRUE	16
387032	TRUE	16
222698	FALSE	0
7741	TRUE	16
84547	TRUE	16
64288	TRUE	16
80317	TRUE	16
9753	TRUE	16
222696	TRUE	4
100189344	FALSE	0
100189118	FALSE	0
100189035	FALSE	0
257202	FALSE	0
2880	FALSE	0
100189348	FALSE	0
100189034	FALSE	0
114821	FALSE	1
100189138	FALSE	0
100189225	FALSE	0
100189299	FALSE	0
100189114	FALSE	0
100189360	FALSE	0
100189046	FALSE	0
100189400	FALSE	0
100189395	FALSE	0
100189047	FALSE	0
100189092	FALSE	0
100189433	FALSE	0
100189033	FALSE	0
100189178	FALSE	0
100189365	FALSE	0
100189332	FALSE	0
100189082	FALSE	0
100189145	FALSE	0
100189149	FALSE	0
100189137	FALSE	0
100189346	FALSE	0
7154	FALSE	0
100189170	FALSE	0
100189042	FALSE	0
100189066	FALSE	0
100189293	FALSE	0
100189093	FALSE	0
401242	FALSE	0
100189295	FALSE	0
100189084	FALSE	0
100126476	FALSE	0
414760	FALSE	0
5987	FALSE	0
100189237	FALSE	0
100189121	FALSE	0
100189202	FALSE	0
729583	FALSE	0
100189216	FALSE	0
100189234	FALSE	0
100189111	FALSE	0
100189254	FALSE	0
100189024	FALSE	0
100189169	FALSE	0
282890	FALSE	0
100129636	FALSE	0
26692	FALSE	0
442184	FALSE	0
442186	FALSE	0
26707	FALSE	0
101929006	FALSE	0
442191	FALSE	0
81696	FALSE	0
81797	FALSE	0
26529	FALSE	0
26531	FALSE	0
442194	FALSE	0
26716	FALSE	0
116511	FALSE	0
105375007	FALSE	0
100507362	FALSE	0
10537	FALSE	0
692092	FALSE	0
7932	FALSE	0
2550	FALSE	1
4340	FALSE	0
346171	FALSE	0
3134	TRUE	6
285830	TRUE	4
340198	FALSE	0
54435	FALSE	0
554223	FALSE	0
3135	FALSE	0
3136	TRUE	13
80868	TRUE	3
3105	TRUE	16
10255	FALSE	0
80862	FALSE	1
3137	FALSE	0
100507399	FALSE	0
30834	FALSE	0
6992	TRUE	5
80352	FALSE	0
11074	TRUE	4
104533120	FALSE	0
135644	FALSE	0
10107	FALSE	0
89870	FALSE	0
7726	TRUE	2
414778	FALSE	0
3139	FALSE	0
414777	FALSE	1
56658	FALSE	0
202658	FALSE	0
79897	FALSE	0
105375108	FALSE	0
3133	FALSE	0
2794	FALSE	0
80742	FALSE	0
23	TRUE	7
100126314	FALSE	0
5514	FALSE	1
28973	FALSE	0
79969	FALSE	0
221545	FALSE	0
8449	FALSE	0
170954	FALSE	0
11270	FALSE	0
9656	TRUE	10
203068	TRUE	10
10211	TRUE	2
8870	TRUE	3
401247	FALSE	0
780	TRUE	3
100616237	FALSE	0
2968	FALSE	0
57176	FALSE	0
389376	FALSE	0
135656	FALSE	0
394263	FALSE	0
100507679	FALSE	0
285834	FALSE	0
29113	FALSE	0
170679	FALSE	0
1041	TRUE	2
170680	FALSE	0
54535	TRUE	10
6941	TRUE	8
5460	TRUE	2
100130889	FALSE	0
253018	FALSE	0
3107	TRUE	6
3106	TRUE	16
102465537	FALSE	0
100507436	TRUE	2
10866	TRUE	3
352961	FALSE	0
4277	FALSE	0
401250	FALSE	0
100532737	FALSE	0
7919	FALSE	0
692233	FALSE	0
692199	FALSE	0
534	FALSE	0
4795	FALSE	0
4049	FALSE	0
7124	FALSE	0
4050	FALSE	0
7940	FALSE	0
259197	FALSE	0
199	FALSE	0
7916	TRUE	11
677820	FALSE	0
102466745	FALSE	0
7917	TRUE	16
55937	FALSE	0
57827	FALSE	0
7918	FALSE	0
1460	FALSE	1
58496	FALSE	0
80741	FALSE	0
7920	FALSE	0
100616230	FALSE	0
259215	FALSE	0
79136	FALSE	0
58530	FALSE	0
80740	FALSE	0
80739	FALSE	0
23564	TRUE	2
1192	TRUE	2
4439	FALSE	0
100532732	FALSE	0
401251	FALSE	0
104413891	FALSE	0
80737	FALSE	1
7407	TRUE	7
57819	FALSE	0
3305	FALSE	0
3303	TRUE	3
3304	FALSE	1
50854	FALSE	0
26801	FALSE	0
26797	FALSE	0
4758	FALSE	0
80736	FALSE	0
10919	FALSE	1
717	FALSE	0
221527	FALSE	0
102060414	FALSE	0
629	FALSE	0
7936	TRUE	3
100302242	FALSE	0
6499	FALSE	0
1797	FALSE	0
8859	FALSE	0
720	FALSE	0
1590	FALSE	0
7146	FALSE	0
721	FALSE	0
1589	FALSE	0
7148	FALSE	1
1388	FALSE	1
63943	FALSE	0
80863	FALSE	0
100507547	FALSE	1
9374	FALSE	0
100532746	FALSE	0
80864	FALSE	0
10554	TRUE	7
102466190	FALSE	0
6048	FALSE	0
102465500	FALSE	0
177	FALSE	0
5089	TRUE	16
63940	FALSE	0
4855	FALSE	0
101929163	FALSE	0
10665	FALSE	0
414764	FALSE	0
56244	FALSE	0
3122	FALSE	0
3127	FALSE	0
3128	FALSE	0
3123	FALSE	1
3117	FALSE	0
3119	TRUE	5
3118	FALSE	0
100616218	FALSE	0
3120	FALSE	0
3112	FALSE	0
6891	TRUE	6
5696	FALSE	0
100507463	FALSE	0
6890	FALSE	1
5698	FALSE	0
100294145	FALSE	0
3109	FALSE	0
3108	FALSE	0
105375109	FALSE	0
6046	TRUE	16
3111	FALSE	0
3113	FALSE	1
3115	FALSE	0
3116	FALSE	0
1302	FALSE	0
6257	FALSE	0
7922	FALSE	0
7923	FALSE	0
407002	FALSE	0
6015	FALSE	1
414765	FALSE	0
6293	FALSE	0
6222	TRUE	4
8705	FALSE	0
9277	FALSE	0
102466754	FALSE	0
10471	FALSE	0
102465501	FALSE	0
5863	FALSE	0
6892	TRUE	3
9278	FALSE	0
1616	TRUE	15
3833	TRUE	5
5252	TRUE	9
51596	TRUE	15
8831	TRUE	12
100847012	FALSE	0
221504	FALSE	0
578	TRUE	16
449520	FALSE	0
401253	FALSE	0
3710	TRUE	16
84300	TRUE	16
100500873	TRUE	3
117283	FALSE	1
221496	TRUE	16
4295	FALSE	0
100507584	FALSE	0
102466816	FALSE	0
100302123	FALSE	0
2914	TRUE	4
3159	TRUE	16
102465502	TRUE	4
221491	TRUE	16
11165	TRUE	16
100529239	FALSE	0
6204	TRUE	16
29993	TRUE	15
25803	TRUE	9
64771	TRUE	16
6631	TRUE	16
54887	TRUE	16
6882	TRUE	16
23294	TRUE	16
6954	FALSE	0
222663	TRUE	15
7629	TRUE	16
50619	TRUE	14
5467	TRUE	16
2178	TRUE	16
4736	TRUE	16
102465668	FALSE	1
7005	TRUE	16
7287	TRUE	8
2289	TRUE	16
100847048	FALSE	0
105375110	FALSE	0
285847	TRUE	2
221481	TRUE	4
389383	FALSE	1
340204	FALSE	0
1208	FALSE	0
222662	TRUE	4
6732	TRUE	16
116369	FALSE	1
1432	TRUE	16
5603	TRUE	16
27154	TRUE	16
285848	TRUE	5
389384	TRUE	4
51513	TRUE	11
222659	TRUE	2
222658	TRUE	16
11329	TRUE	16
6428	TRUE	16
100500885	FALSE	0
101154753	TRUE	4
1026	TRUE	16
105375039	TRUE	6
401258	FALSE	0
57699	TRUE	7
51645	TRUE	16
221477	TRUE	16
221476	TRUE	6
23787	TRUE	16
221472	TRUE	7
5292	TRUE	16
221468	TRUE	13
55633	TRUE	16
9025	TRUE	16
23070	TRUE	16
154467	TRUE	16
100505530	TRUE	2
100616413	FALSE	0
266727	TRUE	13
60685	TRUE	16
114781	TRUE	16
2739	TRUE	16
1769	FALSE	0
100131047	FALSE	0
2740	FALSE	0
55776	TRUE	16
8645	TRUE	14
89822	FALSE	0
83795	FALSE	0
221458	FALSE	0
23500	TRUE	3
100505635	FALSE	0
4337	TRUE	8
401260	TRUE	2
732253	TRUE	2
57497	TRUE	3
101929535	FALSE	0
101929555	FALSE	0
222643	TRUE	11
222642	FALSE	0
10930	TRUE	9
221443	TRUE	16
4800	TRUE	16
221442	TRUE	11
340205	FALSE	0
54209	FALSE	1
79865	TRUE	4
340206	TRUE	4
285852	TRUE	2
221438	FALSE	0
105375057	FALSE	0
54210	FALSE	1
9436	FALSE	0
103106903	FALSE	0
101060264	TRUE	9
116113	TRUE	16
100616178	FALSE	0
4188	TRUE	14
7942	TRUE	16
5225	TRUE	2
10817	TRUE	16
29964	TRUE	16
100188893	TRUE	16
25862	TRUE	16
9477	TRUE	16
705	TRUE	16
896	TRUE	16
129685	TRUE	16
647024	TRUE	14
2978	FALSE	0
2979	TRUE	15
55173	TRUE	16
55809	TRUE	16
23304	TRUE	16
5961	FALSE	0
442211	FALSE	0
6903	TRUE	16
23506	TRUE	16
401261	TRUE	12
285855	TRUE	16
441150	TRUE	16
171558	FALSE	0
10695	TRUE	16
27232	TRUE	16
5190	TRUE	16
4201	TRUE	16
5528	TRUE	16
116138	TRUE	16
88745	TRUE	16
9820	TRUE	16
51069	TRUE	16
89953	TRUE	16
5754	TRUE	13
6722	TRUE	16
23113	TRUE	16
10591	TRUE	16
84630	TRUE	3
10864	FALSE	0
401262	FALSE	0
24149	TRUE	16
89845	TRUE	16
102466746	FALSE	0
65989	TRUE	16
93643	TRUE	16
221424	TRUE	13
25844	TRUE	16
9533	TRUE	16
57510	TRUE	16
5429	TRUE	16
54676	TRUE	16
9587	TRUE	16
221421	TRUE	8
55168	TRUE	16
7422	TRUE	16
100132354	FALSE	0
101929705	TRUE	13
221416	TRUE	9
64928	TRUE	16
55362	TRUE	16
11131	TRUE	2
2030	TRUE	16
3326	TRUE	16
347734	TRUE	16
100616124	FALSE	0
4794	TRUE	16
441151	TRUE	3
202500	TRUE	8
57505	TRUE	16
221409	FALSE	0
988	TRUE	16
100616352	FALSE	0
8464	TRUE	16
693171	FALSE	0
860	TRUE	14
53405	TRUE	12
22875	TRUE	15
59084	TRUE	10
10231	TRUE	4
101926915	FALSE	0
101926898	FALSE	0
51302	TRUE	6
9481	TRUE	8
221400	TRUE	3
7941	TRUE	4
100287718	FALSE	0
4224	TRUE	2
221395	TRUE	4
101926962	FALSE	0
266977	TRUE	13
27242	TRUE	16
23607	TRUE	16
222611	TRUE	2
221393	TRUE	12
221391	FALSE	1
442213	TRUE	3
4594	TRUE	16
55166	TRUE	16
389396	FALSE	1
135398	TRUE	12
6005	TRUE	2
7180	FALSE	0
10321	TRUE	8
5232	FALSE	0
101927020	FALSE	0
101927048	FALSE	0
167	FALSE	0
403339	FALSE	0
245928	FALSE	0
245927	FALSE	0
245913	FALSE	0
245915	FALSE	0
83741	FALSE	0
7021	FALSE	1
5314	FALSE	0
101927082	FALSE	0
406989	FALSE	0
442890	FALSE	0
3605	FALSE	0
112744	FALSE	0
4172	TRUE	16
85315	TRUE	16
114327	TRUE	16
9697	TRUE	16
401264	TRUE	16
730101	TRUE	16
28978	TRUE	16
730152	FALSE	0
2939	FALSE	0
2938	FALSE	1
221357	FALSE	0
2940	FALSE	0
2941	TRUE	13
125050	TRUE	16
22858	TRUE	16
26268	TRUE	16
105375092	FALSE	0
8521	FALSE	1
60481	TRUE	16
100847075	FALSE	0
647190	FALSE	0
2729	TRUE	16
101927136	TRUE	12
101927171	TRUE	8
401265	TRUE	12
55227	TRUE	16
101927189	FALSE	0
100874282	FALSE	0
90523	TRUE	2
27283	FALSE	0
222584	TRUE	10
3062	FALSE	1
389400	FALSE	0
54511	FALSE	0
653	TRUE	2
81578	TRUE	6
667	TRUE	16
101930010	TRUE	8
221336	TRUE	14
57691	TRUE	16
26036	TRUE	16
101927211	FALSE	0
9532	TRUE	15
51715	TRUE	16
100506188	FALSE	0
5558	TRUE	16
100422884	FALSE	0
100189249	FALSE	0
100189085	FALSE	0
375513	TRUE	16
100463487	FALSE	0
202559	FALSE	0
51557	TRUE	4
7803	TRUE	16
23469	TRUE	16
346007	TRUE	15
441155	TRUE	14
442229	FALSE	0
102723883	FALSE	0
101928280	FALSE	0
101928307	FALSE	0
577	FALSE	0
55788	TRUE	16
1310	FALSE	0
1297	FALSE	0
101928353	TRUE	4
57579	TRUE	16
135154	TRUE	16
60682	TRUE	16
135152	FALSE	0
79627	TRUE	14
407032	FALSE	0
407029	FALSE	0
79940	TRUE	13
102724000	FALSE	0
22999	FALSE	0
56479	TRUE	5
100507381	FALSE	0
100423005	FALSE	0
100873997	FALSE	0
100129128	TRUE	3
80759	TRUE	14
340168	FALSE	0
154288	FALSE	0
441161	TRUE	4
55510	TRUE	6
115004	TRUE	16
25821	TRUE	16
1915	TRUE	16
26503	TRUE	16
135228	TRUE	16
101928489	TRUE	8
101928516	FALSE	0
1303	TRUE	15
1347	TRUE	16
55754	TRUE	16
100506804	TRUE	11
27145	TRUE	2
101928540	FALSE	0
100616389	FALSE	0
26054	TRUE	16
4646	TRUE	16
3617	FALSE	1
3351	TRUE	7
101928601	TRUE	4
134728	TRUE	16
55023	TRUE	16
9324	TRUE	16
100288198	TRUE	16
80078	TRUE	5
167691	TRUE	16
105377866	TRUE	14
83699	TRUE	16
89758	FALSE	0
6785	TRUE	6
7272	TRUE	16
594	TRUE	16
55603	TRUE	16
101928770	FALSE	0
25998	TRUE	16
7162	TRUE	16
90025	TRUE	16
23033	TRUE	16
5238	TRUE	16
112611	TRUE	16
4199	TRUE	16
167681	TRUE	4
9892	FALSE	0
105378158	FALSE	0
134701	TRUE	6
51167	TRUE	16
112609	TRUE	6
22832	TRUE	16
9096	TRUE	6
102724201	FALSE	0
4907	TRUE	16
57231	TRUE	16
10492	TRUE	16
387066	TRUE	16
26799	FALSE	1
692088	TRUE	4
3354	FALSE	0
1081	TRUE	13
101928870	TRUE	9
23036	TRUE	16
375519	TRUE	2
57150	TRUE	16
206412	TRUE	7
63914	FALSE	1
154313	TRUE	10
10559	TRUE	16
57038	TRUE	16
23595	TRUE	16
55122	TRUE	16
101928911	FALSE	0
81833	FALSE	0
1268	TRUE	4
101928936	FALSE	0
8732	TRUE	16
10957	TRUE	16
135295	TRUE	9
135293	TRUE	16
2569	FALSE	0
2570	TRUE	5
51465	TRUE	16
58528	TRUE	13
22881	TRUE	16
57226	TRUE	16
101929057	TRUE	5
23195	TRUE	16
9994	TRUE	16
84694	FALSE	0
60468	TRUE	12
100616109	FALSE	0
6885	TRUE	16
100616174	FALSE	0
101929083	FALSE	0
102724665	FALSE	0
2045	TRUE	14
643432	FALSE	1
101927288	FALSE	1
79694	TRUE	16
10690	TRUE	9
23376	TRUE	16
9457	FALSE	0
81491	TRUE	15
29078	TRUE	16
114792	TRUE	3
253714	TRUE	16
101927314	FALSE	0
100302164	FALSE	0
5454	FALSE	0
26235	TRUE	16
100616347	FALSE	0
84553	TRUE	12
51805	TRUE	16
25957	TRUE	16
101927365	TRUE	16
85015	TRUE	16
100130890	TRUE	16
892	TRUE	16
59336	FALSE	1
84539	FALSE	0
728012	FALSE	0
6492	TRUE	4
10973	TRUE	16
2898	TRUE	6
57531	TRUE	16
100113403	FALSE	0
389421	TRUE	2
11149	TRUE	8
154442	TRUE	2
64208	TRUE	11
5550	TRUE	16
639	TRUE	14
9474	TRUE	16
202	TRUE	16
101927405	FALSE	0
84816	TRUE	16
55278	TRUE	16
100422737	TRUE	2
693172	FALSE	0
100133941	TRUE	16
51250	TRUE	16
57673	TRUE	16
57107	TRUE	16
55084	TRUE	12
256380	FALSE	1
11231	TRUE	16
28962	TRUE	16
7101	TRUE	2
8724	TRUE	16
246269	TRUE	16
2309	TRUE	16
387111	FALSE	1
84071	TRUE	15
101929716	FALSE	0
27244	TRUE	16
285753	TRUE	16
100996634	TRUE	2
221262	TRUE	2
8763	TRUE	16
285755	TRUE	15
6610	TRUE	16
64780	TRUE	16
9841	TRUE	16
221264	TRUE	16
9896	TRUE	16
2830	FALSE	0
8936	TRUE	16
51362	TRUE	16
728464	FALSE	0
8528	TRUE	9
85413	FALSE	0
23097	TRUE	16
262	TRUE	16
112495	TRUE	16
84154	TRUE	16
442245	FALSE	0
117247	TRUE	6
91749	TRUE	16
5980	TRUE	16
643749	TRUE	16
10758	TRUE	16
2534	TRUE	16
102724646	FALSE	0
8838	TRUE	7
51175	TRUE	16
619208	TRUE	16
3910	TRUE	13
101927640	FALSE	0
442247	FALSE	0
101927686	TRUE	4
4082	TRUE	16
285758	TRUE	4
285759	FALSE	0
3066	TRUE	16
101927768	TRUE	9
222537	TRUE	4
2444	TRUE	15
728402	FALSE	0
221294	TRUE	16
1300	FALSE	1
23270	TRUE	16
7259	TRUE	16
29940	TRUE	16
441168	TRUE	2
100128327	FALSE	0
254228	FALSE	0
221301	FALSE	0
51389	TRUE	16
345895	TRUE	16
221302	TRUE	16
3841	TRUE	16
221303	FALSE	0
222545	FALSE	0
222546	TRUE	2
245806	FALSE	0
6098	FALSE	0
285761	TRUE	16
57120	TRUE	16
101927919	TRUE	8
116150	TRUE	16
222553	FALSE	0
102724896	FALSE	0
387119	TRUE	16
23629	FALSE	0
5350	FALSE	0
100287632	FALSE	0
254394	TRUE	16
25842	TRUE	16
79632	TRUE	14
693128	FALSE	0
4121	TRUE	15
285762	FALSE	0
100422951	FALSE	0
221322	TRUE	16
2697	TRUE	9
3298	TRUE	16
57515	TRUE	16
5570	TRUE	12
2173	FALSE	0
10924	TRUE	15
134829	TRUE	2
10345	FALSE	0
101927990	FALSE	0
154215	TRUE	7
7955	FALSE	0
154214	TRUE	14
7164	TRUE	15
51020	TRUE	16
643623	TRUE	2
23493	TRUE	6
100189269	FALSE	0
135112	TRUE	16
104355145	FALSE	0
135114	TRUE	16
60487	TRUE	16
387103	TRUE	16
693173	FALSE	0
84870	FALSE	0
81847	TRUE	16
55862	TRUE	16
387104	TRUE	11
9729	FALSE	0
352999	FALSE	0
387357	FALSE	0
5796	TRUE	14
101928140	FALSE	0
3908	TRUE	16
93663	TRUE	16
253582	FALSE	0
84456	TRUE	16
154075	FALSE	1
105378159	FALSE	0
114801	FALSE	1
100507203	FALSE	0
2037	TRUE	16
9465	TRUE	13
383	FALSE	0
9439	TRUE	16
5169	TRUE	2
79541	FALSE	0
643854	TRUE	6
100616455	FALSE	0
5167	TRUE	13
1490	TRUE	16
100616191	FALSE	0
100507254	FALSE	0
26002	TRUE	9
8417	TRUE	16
134860	FALSE	0
83551	FALSE	0
319100	FALSE	0
9038	FALSE	0
9287	FALSE	0
9288	FALSE	0
134864	TRUE	3
8876	TRUE	4
55350	FALSE	0
8875	FALSE	0
116843	TRUE	16
6206	TRUE	16
594837	TRUE	9
594838	TRUE	3
594839	TRUE	15
285735	FALSE	1
2070	TRUE	4
100507308	TRUE	4
154089	FALSE	0
6943	FALSE	0
9519	TRUE	16
154091	TRUE	16
387065	FALSE	0
6446	TRUE	16
101928231	FALSE	1
154092	TRUE	2
101928304	TRUE	2
64577	TRUE	3
10767	TRUE	16
100500880	FALSE	0
4602	TRUE	15
693126	FALSE	0
54806	TRUE	16
100131814	TRUE	2
27115	TRUE	8
113115	TRUE	16
9774	TRUE	16
9053	TRUE	16
4217	TRUE	16
101928461	FALSE	0
101928429	FALSE	0
5191	TRUE	16
340146	TRUE	7
100294720	FALSE	0
53832	TRUE	11
116379	FALSE	0
3459	TRUE	16
167826	FALSE	0
102723649	FALSE	0
100507406	FALSE	0
100130476	TRUE	7
7128	TRUE	16
64065	TRUE	16
57221	TRUE	16
59351	FALSE	0
23593	TRUE	16
57224	TRUE	16
100423001	FALSE	0
441172	TRUE	16
100507462	TRUE	9
25901	TRUE	16
345930	TRUE	2
85021	TRUE	16
58527	TRUE	16
51696	TRUE	16
167838	TRUE	2
10370	TRUE	16
645434	FALSE	1
100132735	FALSE	0
100507477	FALSE	0
103352541	FALSE	0
100500879	FALSE	0
100616180	FALSE	0
4829	FALSE	1
51534	TRUE	16
57211	TRUE	16
153910	TRUE	2
3097	TRUE	16
100507489	FALSE	0
51390	TRUE	16
134637	TRUE	16
8504	TRUE	16
2519	TRUE	16
285740	FALSE	0
9749	TRUE	16
84946	TRUE	16
153918	FALSE	0
5325	TRUE	10
57061	FALSE	1
83443	TRUE	16
8676	TRUE	9
100189313	FALSE	0
7402	TRUE	16
100189422	FALSE	0
7957	TRUE	16
100507557	TRUE	5
84085	TRUE	16
257218	TRUE	16
2911	TRUE	3
10981	TRUE	16
101928661	FALSE	0
79747	FALSE	0
729176	TRUE	13
729178	TRUE	4
134957	TRUE	16
389432	TRUE	12
23328	TRUE	16
10090	TRUE	12
100128176	FALSE	0
23118	TRUE	16
387082	FALSE	0
340152	TRUE	2
85313	TRUE	16
116254	TRUE	16
645958	TRUE	16
11104	TRUE	16
9113	TRUE	16
348995	TRUE	16
5110	TRUE	16
84918	TRUE	16
100652739	FALSE	1
135250	TRUE	9
353091	TRUE	11
80328	TRUE	16
80329	TRUE	13
646024	TRUE	11
154064	TRUE	7
79465	TRUE	15
81706	TRUE	11
389434	TRUE	2
57480	TRUE	12
105378056	FALSE	0
25902	TRUE	16
102723831	FALSE	0
9590	TRUE	16
57621	TRUE	16
55005	TRUE	16
79624	TRUE	16
80129	TRUE	2
2099	TRUE	10
23345	TRUE	14
100505475	FALSE	0
80177	FALSE	0
7432	TRUE	2
26271	TRUE	16
54516	TRUE	16
26575	TRUE	9
4988	FALSE	0
26034	TRUE	4
154043	TRUE	16
101928868	TRUE	10
22828	TRUE	16
100422821	FALSE	0
26230	TRUE	16
51106	TRUE	16
49861	TRUE	3
50508	FALSE	0
100302259	FALSE	0
57492	TRUE	15
100616154	FALSE	0
729515	TRUE	16
79683	TRUE	16
100500899	FALSE	0
51429	TRUE	16
8871	TRUE	16
100874300	FALSE	0
84947	TRUE	16
404672	TRUE	16
56995	TRUE	16
57583	TRUE	16
102465694	TRUE	10
6993	TRUE	16
94120	TRUE	16
100500851	FALSE	0
7430	TRUE	16
101409257	FALSE	0
202459	FALSE	1
100130967	TRUE	16
83861	TRUE	16
117289	TRUE	5
105378081	FALSE	0
101929122	FALSE	0
84624	TRUE	2
102724053	FALSE	0
6648	TRUE	16
9589	TRUE	16
100129518	TRUE	16
39	TRUE	16
6950	TRUE	16
677806	FALSE	1
677812	FALSE	0
29074	TRUE	16
154197	TRUE	2
4142	FALSE	0
3482	TRUE	16
100271873	FALSE	0
729603	TRUE	12
6580	TRUE	7
6582	TRUE	2
6581	TRUE	4
80350	TRUE	2
4018	FALSE	0
5340	FALSE	0
4216	TRUE	16
56895	TRUE	15
79992	FALSE	0
5071	TRUE	4
135138	TRUE	4
101929239	FALSE	0
729658	FALSE	0
285796	FALSE	0
401282	FALSE	0
105378101	TRUE	3
100526820	FALSE	0
9444	TRUE	16
105378105	FALSE	0
105378107	FALSE	0
168090	TRUE	2
10846	TRUE	9
90632	TRUE	3
441177	FALSE	0
6862	FALSE	0
101929297	FALSE	0
285800	TRUE	3
113402	TRUE	16
100289495	TRUE	12
51660	TRUE	16
6196	TRUE	14
100874353	TRUE	4
100302141	FALSE	0
100861523	FALSE	0
8635	TRUE	16
100500857	FALSE	0
11116	TRUE	16
1235	TRUE	5
2853	FALSE	0
401285	FALSE	0
102724205	FALSE	0
54346	TRUE	2
83887	FALSE	0
105378160	FALSE	0
6953	FALSE	0
401286	TRUE	2
441178	TRUE	2
26238	FALSE	0
653483	TRUE	9
4301	TRUE	16
100128124	FALSE	0
100505879	TRUE	2
3834	FALSE	0
79981	FALSE	0
101929420	FALSE	0
168002	TRUE	9
64094	TRUE	10
105378146	FALSE	0
105378145	FALSE	0
101929460	FALSE	0
102724357	FALSE	0
101929504	FALSE	0
101929523	TRUE	10
7058	TRUE	11
105378148	TRUE	2
253769	TRUE	16
387263	TRUE	16
55274	TRUE	16
6991	FALSE	0
55780	TRUE	9
401288	FALSE	0
80069	FALSE	0
100131532	TRUE	2
105378152	TRUE	4
102724511	TRUE	2
154449	FALSE	0
285804	TRUE	2
401289	TRUE	2
28514	FALSE	0
84498	FALSE	0
100616430	FALSE	0
105378161	FALSE	0
5689	TRUE	16
6908	TRUE	16
5134	TRUE	16
101929692	TRUE	2
102723872	FALSE	0
105375112	FALSE	0
100507642	FALSE	0
56975	TRUE	10
100288524	FALSE	0
442497	FALSE	1
5154	TRUE	16
441307	TRUE	9
5575	TRUE	16
101926963	FALSE	0
54919	TRUE	16
23353	TRUE	16
102723743	FALSE	0
51608	TRUE	16
11033	TRUE	16
90639	TRUE	16
84310	TRUE	16
54905	TRUE	10
442907	FALSE	0
115330	TRUE	15
2852	TRUE	9
90637	TRUE	16
101927021	TRUE	16
340260	FALSE	0
79778	TRUE	16
26173	TRUE	16
7975	TRUE	16
100128653	TRUE	16
202915	TRUE	16
84262	TRUE	16
114796	TRUE	16
260341	FALSE	0
105375303	FALSE	0
392617	TRUE	9
101927125	TRUE	13
8379	TRUE	16
100616160	FALSE	0
29960	TRUE	16
4521	TRUE	16
29886	TRUE	16
102465503	FALSE	0
8662	TRUE	16
55501	TRUE	16
101927181	TRUE	16
402635	FALSE	0
3955	TRUE	16
100616116	FALSE	0
221927	TRUE	16
23288	TRUE	16
80727	TRUE	16
155185	TRUE	6
2768	TRUE	16
84433	TRUE	12
100129603	FALSE	0
221935	TRUE	14
105375131	FALSE	0
221937	TRUE	16
9907	TRUE	16
100616465	FALSE	0
55698	TRUE	5
56903	FALSE	0
221938	FALSE	0
441191	TRUE	16
100533952	FALSE	0
57786	TRUE	16
389458	FALSE	0
645700	TRUE	5
26100	TRUE	16
222962	TRUE	15
84629	TRUE	16
80028	TRUE	16
693174	TRUE	3
221946	TRUE	11
60	TRUE	16
6624	TRUE	16
54476	TRUE	16
100874342	FALSE	0
102466203	FALSE	0
401303	TRUE	16
654231	FALSE	0
51622	TRUE	16
222967	FALSE	0
5395	TRUE	16
7965	TRUE	16
27102	TRUE	16
100310846	TRUE	11
84132	TRUE	16
9265	TRUE	16
84792	TRUE	16
5879	TRUE	16
221955	TRUE	16
11014	TRUE	16
392862	TRUE	12
55146	TRUE	16
79034	TRUE	16
54753	TRUE	6
100131017	TRUE	16
7559	TRUE	16
441194	TRUE	16
728194	FALSE	0
221960	TRUE	16
100500886	FALSE	0
100131257	FALSE	0
56913	TRUE	16
101927354	TRUE	4
340267	FALSE	1
101927391	TRUE	13
54468	TRUE	16
6119	TRUE	16
729852	TRUE	16
100505921	TRUE	6
113263	TRUE	16
3382	TRUE	15
100505938	TRUE	13
30010	TRUE	2
168741	FALSE	0
4697	TRUE	16
9678	TRUE	16
221981	TRUE	13
54664	TRUE	16
221806	TRUE	12
102725191	TRUE	8
85477	TRUE	11
10124	TRUE	16
2115	TRUE	15
1607	TRUE	3
392636	TRUE	6
4223	TRUE	3
101927524	TRUE	2
729920	TRUE	16
100506025	FALSE	1
25928	FALSE	1
100506049	FALSE	0
57037	TRUE	16
28969	TRUE	16
27075	TRUE	16
10551	TRUE	15
155465	TRUE	4
196	TRUE	16
102659288	TRUE	2
101927630	TRUE	2
23161	TRUE	16
221823	FALSE	0
9734	TRUE	16
100302140	FALSE	0
7291	FALSE	0
222894	FALSE	0
221830	TRUE	16
100422967	FALSE	0
256130	FALSE	0
101927668	TRUE	7
346389	TRUE	13
100874041	FALSE	0
101927769	TRUE	6
101927811	TRUE	11
3696	TRUE	16
340273	FALSE	0
221833	TRUE	8
222901	TRUE	16
104355138	FALSE	0
6671	TRUE	16
100302122	FALSE	0
8701	TRUE	16
55536	TRUE	16
9771	TRUE	14
256227	TRUE	2
100506178	TRUE	11
401312	FALSE	0
3569	TRUE	8
54543	TRUE	16
692210	FALSE	1
84668	TRUE	16
100775104	TRUE	13
55975	TRUE	16
11097	TRUE	16
10457	TRUE	16
115416	TRUE	16
10643	TRUE	16
256355	TRUE	8
29896	TRUE	16
1197	FALSE	0
90693	TRUE	16
340277	TRUE	14
56164	TRUE	8
4852	FALSE	0
51678	TRUE	16
1687	TRUE	13
26031	TRUE	16
54205	TRUE	16
136895	TRUE	15
64111	FALSE	0
646588	FALSE	0
406940	FALSE	0
9603	TRUE	16
3181	TRUE	16
11335	TRUE	16
29887	TRUE	16
105375304	TRUE	3
101930332	TRUE	9
441204	TRUE	2
9808	TRUE	3
100506289	FALSE	1
285941	FALSE	0
8935	TRUE	16
3198	TRUE	16
100506311	TRUE	14
3199	TRUE	13
3200	TRUE	16
105375205	TRUE	12
285943	TRUE	12
3201	TRUE	9
100133311	TRUE	6
3202	TRUE	12
3203	TRUE	12
3204	TRUE	3
100534589	FALSE	0
3205	TRUE	2
100874323	TRUE	9
442920	FALSE	0
3206	TRUE	13
3207	TRUE	12
221883	TRUE	10
3209	TRUE	10
100316868	TRUE	6
101410536	FALSE	0
2128	FALSE	0
11112	TRUE	16
790953	TRUE	2
8887	TRUE	16
221895	TRUE	15
100128081	FALSE	0
9586	TRUE	14
9865	TRUE	4
100506497	TRUE	2
54504	TRUE	12
101928168	FALSE	0
1124	TRUE	12
102724484	FALSE	0
222171	TRUE	14
646762	TRUE	16
100616354	FALSE	0
100271874	FALSE	0
442524	TRUE	8
101928208	FALSE	0
644150	TRUE	7
9805	TRUE	16
55033	TRUE	16
84725	TRUE	16
222166	TRUE	16
223082	TRUE	16
693133	FALSE	0
100500883	FALSE	0
222161	TRUE	16
100506516	TRUE	12
10392	TRUE	16
101928268	FALSE	0
79017	TRUE	16
401320	TRUE	16
2617	TRUE	16
1395	TRUE	4
100526825	FALSE	0
11185	FALSE	0
84182	FALSE	0
358	TRUE	6
2692	FALSE	0
117	FALSE	0
63974	FALSE	0
223075	TRUE	4
5137	FALSE	1
10842	FALSE	0
100130673	TRUE	4
23658	TRUE	16
23080	TRUE	16
100129460	TRUE	16
441208	TRUE	16
693134	FALSE	0
100500830	FALSE	0
401321	TRUE	16
102724668	TRUE	5
25948	TRUE	16
441212	TRUE	16
11328	TRUE	16
51251	TRUE	16
6100	TRUE	16
27241	TRUE	16
55025	FALSE	0
168667	TRUE	5
404744	FALSE	0
387129	FALSE	0
23333	TRUE	16
100302152	FALSE	0
554236	TRUE	4
57057	TRUE	2
401324	FALSE	0
64224	TRUE	16
101930085	TRUE	16
100506725	FALSE	0
101928545	TRUE	11
989	TRUE	16
101928618	FALSE	0
80820	TRUE	16
23366	TRUE	16
54443	TRUE	16
313	TRUE	4
100874264	FALSE	0
9844	TRUE	3
100302113	FALSE	0
100861514	FALSE	0
353345	FALSE	0
51314	FALSE	0
6424	FALSE	0
54749	TRUE	14
83930	TRUE	16
6967	FALSE	0
6969	FALSE	0
6972	FALSE	0
445347	FALSE	0
6966	FALSE	0
6968	FALSE	0
6970	FALSE	0
6971	FALSE	0
6983	FALSE	0
6982	FALSE	0
100506776	TRUE	2
6978	FALSE	0
6977	FALSE	0
6976	FALSE	0
6974	FALSE	0
273	TRUE	2
340286	FALSE	0
27072	TRUE	16
11281	TRUE	2
100689074	FALSE	0
100861520	FALSE	0
57002	TRUE	16
5898	TRUE	16
349114	TRUE	16
105375305	TRUE	15
8621	TRUE	16
136647	TRUE	16
79783	TRUE	14
101928744	FALSE	0
101928773	FALSE	0
3624	TRUE	11
285954	FALSE	1
2737	TRUE	10
101928795	FALSE	0
79020	TRUE	16
5683	TRUE	16
64983	TRUE	16
23072	TRUE	4
100500829	FALSE	0
100506895	TRUE	2
9263	TRUE	16
55744	TRUE	16
644	TRUE	16
100534592	FALSE	0
64951	TRUE	2
55665	TRUE	16
51619	TRUE	16
84820	TRUE	16
285955	TRUE	16
401331	TRUE	8
255031	TRUE	9
28988	TRUE	16
102466985	FALSE	0
5224	TRUE	16
27434	TRUE	16
102465504	FALSE	0
165	TRUE	6
100616346	FALSE	0
5425	TRUE	16
58498	FALSE	0
2645	FALSE	1
10652	TRUE	16
816	TRUE	6
23386	TRUE	16
29881	TRUE	6
54606	TRUE	16
222068	TRUE	16
4967	TRUE	16
83637	TRUE	16
5478	TRUE	16
94239	TRUE	16
101929301	FALSE	0
5814	TRUE	16
100616393	FALSE	0
64005	TRUE	5
101928927	TRUE	11
285958	TRUE	16
677798	FALSE	0
83605	TRUE	16
23148	TRUE	8
9238	TRUE	16
654319	TRUE	2
677796	TRUE	12
677795	FALSE	0
10268	FALSE	0
107	TRUE	9
641977	TRUE	16
3484	TRUE	8
3486	TRUE	15
730338	TRUE	4
64759	TRUE	16
101929086	TRUE	4
401335	TRUE	2
84847	TRUE	12
168507	TRUE	7
80099	TRUE	2
3364	TRUE	16
256979	TRUE	6
136288	TRUE	8
7378	TRUE	16
154664	TRUE	4
105375274	FALSE	0
168448	TRUE	10
375567	FALSE	0
11055	FALSE	0
100130988	FALSE	0
10320	FALSE	0
63979	TRUE	16
1644	TRUE	2
100129427	FALSE	0
2887	TRUE	14
23242	TRUE	14
101928675	FALSE	0
285877	FALSE	0
401337	FALSE	0
3262	FALSE	0
102723605	FALSE	0
222008	TRUE	5
285878	TRUE	2
23480	TRUE	16
100996654	TRUE	2
1956	TRUE	16
100507500	TRUE	2
102725541	TRUE	2
55915	TRUE	16
81552	TRUE	16
360132	TRUE	14
101060341	TRUE	2
346288	FALSE	0
349075	TRUE	16
51373	TRUE	16
2631	TRUE	16
5723	TRUE	16
908	TRUE	16
677803	FALSE	0
25870	TRUE	16
5260	TRUE	13
51142	TRUE	16
389493	FALSE	0
650226	FALSE	0
100240728	FALSE	0
222029	FALSE	0
101928401	FALSE	0
401357	FALSE	0
101928468	FALSE	0
101928587	FALSE	0
100130849	FALSE	0
100287294	FALSE	0
100422917	FALSE	0
90827	FALSE	0
642006	FALSE	0
105375297	FALSE	0
100653233	FALSE	0
100422939	FALSE	0
441234	FALSE	0
105375302	FALSE	0
102724134	FALSE	0
643955	FALSE	0
100287704	FALSE	0
100287834	FALSE	0
100422848	FALSE	0
402269	FALSE	0
100996414	FALSE	0
100996365	FALSE	0
102724777	FALSE	0
105375316	FALSE	0
100506050	FALSE	0
442319	FALSE	0
730291	FALSE	0
168417	FALSE	0
728927	TRUE	12
649395	TRUE	16
340252	TRUE	16
100128885	TRUE	2
641746	TRUE	2
51427	TRUE	16
102465505	FALSE	0
7697	TRUE	16
10793	TRUE	16
441239	FALSE	0
51351	TRUE	16
2086	TRUE	16
643180	TRUE	16
168374	TRUE	16
101929322	FALSE	0
441242	TRUE	16
644619	FALSE	0
643253	TRUE	16
677807	FALSE	1
154807	TRUE	16
2990	TRUE	16
435	TRUE	16
27297	TRUE	16
8460	TRUE	16
285908	TRUE	16
100289098	TRUE	15
493754	TRUE	16
154881	TRUE	16
100996437	TRUE	16
27342	TRUE	16
729156	TRUE	4
644794	TRUE	16
55069	TRUE	16
51119	TRUE	16
55253	TRUE	16
100616310	FALSE	0
5382	TRUE	16
64940	TRUE	16
101929736	FALSE	0
102723427	FALSE	0
100507468	FALSE	0
26053	TRUE	8
64409	FALSE	0
100500836	FALSE	0
100500920	FALSE	0
83698	FALSE	0
441250	TRUE	16
100616331	FALSE	0
155370	TRUE	16
441251	FALSE	0
9883	TRUE	16
260294	TRUE	14
378108	TRUE	3
100101148	FALSE	0
442578	TRUE	16
100101440	TRUE	13
728524	FALSE	0
100996746	FALSE	0
100093631	TRUE	16
654816	FALSE	0
55695	TRUE	16
135892	FALSE	0
8468	FALSE	0
8326	TRUE	7
9031	TRUE	16
9275	TRUE	16
26608	TRUE	16
51085	TRUE	12
155382	TRUE	13
84277	TRUE	16
114049	TRUE	16
6804	TRUE	16
100422948	FALSE	0
171022	TRUE	14
83451	TRUE	16
1365	TRUE	15
1364	TRUE	16
155368	TRUE	15
135886	TRUE	6
2006	TRUE	3
3984	TRUE	16
7458	TRUE	16
693175	TRUE	3
7462	TRUE	16
5982	TRUE	16
7461	TRUE	16
9569	TRUE	16
2969	TRUE	16
101926943	FALSE	0
653361	FALSE	0
84163	TRUE	16
442582	TRUE	16
5383	TRUE	16
729438	TRUE	16
81554	TRUE	16
389524	TRUE	16
654817	FALSE	0
2970	TRUE	16
5380	TRUE	10
54441	TRUE	16
541473	FALSE	1
375593	FALSE	0
155400	TRUE	16
100101267	TRUE	16
442590	TRUE	11
5387	TRUE	16
3092	TRUE	16
10344	TRUE	6
6369	FALSE	0
57414	TRUE	16
5447	TRUE	16
100616270	TRUE	9
677801	TRUE	2
83862	TRUE	16
51657	TRUE	16
4191	TRUE	16
101927160	TRUE	9
222183	TRUE	13
3315	TRUE	16
7532	TRUE	16
136853	TRUE	16
7784	TRUE	16
113878	TRUE	16
619190	TRUE	2
105375355	TRUE	14
105375354	TRUE	3
102723555	FALSE	0
100133091	FALSE	0
22932	FALSE	0
441263	TRUE	16
102723849	FALSE	0
100132832	TRUE	7
100505767	TRUE	5
57639	TRUE	14
10875	FALSE	0
54103	TRUE	16
101927243	FALSE	0
5782	TRUE	16
100505854	TRUE	16
222194	TRUE	16
85025	TRUE	16
57157	TRUE	16
9863	TRUE	15
399670	FALSE	0
100874021	FALSE	0
100505881	TRUE	6
2770	TRUE	15
101927269	FALSE	0
346562	FALSE	0
948	TRUE	7
10512	TRUE	16
105369146	FALSE	0
100128317	FALSE	0
3082	TRUE	2
781	TRUE	16
101927356	FALSE	0
27445	TRUE	16
9723	TRUE	10
10371	TRUE	16
101927378	TRUE	2
223117	TRUE	8
2913	FALSE	0
222223	TRUE	8
105375383	FALSE	0
101927420	TRUE	11
9988	TRUE	16
79161	TRUE	16
11257	TRUE	16
54677	TRUE	16
5244	TRUE	3
5243	TRUE	3
154661	FALSE	1
55972	TRUE	16
10926	TRUE	16
53616	TRUE	16
6717	TRUE	16
102723885	FALSE	0
79689	TRUE	10
219578	FALSE	0
219557	FALSE	0
100874100	FALSE	0
442523	FALSE	0
26872	TRUE	15
261729	TRUE	12
79846	TRUE	13
101927446	FALSE	0
85865	TRUE	16
101409256	FALSE	0
9069	TRUE	16
102723899	FALSE	0
5218	TRUE	14
8321	TRUE	16
7978	TRUE	16
10142	TRUE	16
1595	TRUE	16
613126	TRUE	2
401387	FALSE	0
889	TRUE	16
100302218	FALSE	0
54467	TRUE	16
105375396	FALSE	0
57798	TRUE	16
30816	FALSE	0
5189	TRUE	16
84060	TRUE	16
84849	FALSE	1
257415	TRUE	16
1021	TRUE	16
100873745	FALSE	0
101927497	TRUE	3
54809	TRUE	16
219285	TRUE	14
253012	TRUE	3
55610	TRUE	16
799	TRUE	3
724023	FALSE	0
574442	FALSE	0
100616206	FALSE	0
7980	TRUE	10
2792	TRUE	3
2791	TRUE	9
10282	TRUE	16
1278	TRUE	10
64921	TRUE	16
8910	TRUE	14
23089	TRUE	16
55607	TRUE	16
5444	TRUE	2
5446	TRUE	13
5445	TRUE	16
51666	TRUE	5
5166	TRUE	15
1780	TRUE	7
10165	TRUE	16
693176	FALSE	0
401388	TRUE	2
100506136	TRUE	8
7979	TRUE	16
285987	TRUE	6
1750	TRUE	8
1749	TRUE	4
57001	TRUE	16
6863	FALSE	0
440	TRUE	16
100847066	FALSE	0
100847017	FALSE	0
389538	TRUE	16
4951	FALSE	0
22853	TRUE	16
168620	TRUE	13
25851	TRUE	16
25798	TRUE	16
55971	TRUE	16
4885	FALSE	0
222865	FALSE	1
8295	TRUE	16
100500819	FALSE	0
101927550	TRUE	16
57154	TRUE	16
402569	TRUE	14
84176	TRUE	12
10552	TRUE	16
10095	TRUE	16
11333	TRUE	16
8896	TRUE	16
26024	TRUE	3
100526740	FALSE	0
10898	TRUE	16
9551	TRUE	16
100189190	FALSE	0
285989	TRUE	16
84124	TRUE	16
23660	TRUE	16
221786	TRUE	16
79027	TRUE	16
100289187	TRUE	7
221785	TRUE	16
1577	TRUE	10
100861540	FALSE	0
1551	FALSE	0
1576	FALSE	0
64816	FALSE	0
81392	FALSE	0
89122	TRUE	16
349149	TRUE	2
563	TRUE	7
646282	FALSE	1
7586	TRUE	16
7589	TRUE	16
7551	TRUE	16
10980	TRUE	16
4176	TRUE	16
407014	TRUE	11
407050	FALSE	0
406900	FALSE	0
9179	TRUE	16
6878	TRUE	16
245812	TRUE	16
255374	TRUE	16
389541	TRUE	16
55262	TRUE	16
100616439	FALSE	0
79690	TRUE	6
221914	TRUE	11
10734	TRUE	13
352954	TRUE	16
79037	TRUE	16
441272	TRUE	16
5379	TRUE	16
101752399	TRUE	16
101735302	TRUE	14
101752334	FALSE	0
102466747	TRUE	5
29990	TRUE	9
29992	FALSE	1
55063	TRUE	16
56257	TRUE	16
221908	TRUE	16
402573	TRUE	13
81628	TRUE	16
222950	TRUE	15
3268	TRUE	16
100316904	TRUE	16
4034	TRUE	16
101927655	FALSE	0
26261	TRUE	10
100129845	FALSE	0
5118	TRUE	14
64598	TRUE	16
7036	TRUE	11
51412	FALSE	1
2783	TRUE	16
64599	TRUE	16
10248	TRUE	16
2056	FALSE	0
7455	FALSE	1
2050	TRUE	16
56996	TRUE	16
7205	TRUE	16
102466755	FALSE	0
51593	TRUE	16
402682	TRUE	16
43	TRUE	12
4584	TRUE	14
10071	TRUE	12
102724094	TRUE	13
140453	FALSE	0
81844	TRUE	16
5054	TRUE	16
1174	TRUE	16
100616117	TRUE	11
7425	TRUE	16
375607	TRUE	4
346606	TRUE	2
8985	TRUE	16
10467	TRUE	16
24146	TRUE	16
51024	TRUE	16
101927721	FALSE	0
101927746	TRUE	16
64792	TRUE	16
136227	TRUE	5
100506527	FALSE	0
93408	FALSE	0
1523	TRUE	16
10603	TRUE	16
100422858	FALSE	0
729597	TRUE	15
100630923	FALSE	0
100289561	FALSE	1
79706	TRUE	16
100313829	FALSE	0
105375433	FALSE	0
80228	TRUE	16
54784	TRUE	16
222229	TRUE	16
100847073	FALSE	0
100616367	FALSE	0
5439	TRUE	16
100271927	TRUE	10
548644	TRUE	16
441273	TRUE	5
102724229	FALSE	0
10156	TRUE	15
246721	TRUE	14
100134938	FALSE	0
100310812	TRUE	3
222234	TRUE	16
222235	TRUE	12
10234	TRUE	4
58160	TRUE	4
83787	TRUE	16
222236	TRUE	8
100129424	FALSE	0
349152	TRUE	14
9512	TRUE	16
27000	TRUE	16
5701	TRUE	16
375611	TRUE	2
101927870	FALSE	0
5649	TRUE	7
5001	TRUE	16
375612	FALSE	0
645591	FALSE	0
102724284	FALSE	0
723809	FALSE	0
100216546	TRUE	16
100216545	TRUE	16
55904	TRUE	16
6733	TRUE	16
54517	TRUE	16
60561	TRUE	16
100130771	TRUE	5
222255	TRUE	16
222256	TRUE	11
6856	TRUE	16
10135	TRUE	16
168455	TRUE	16
5294	TRUE	3
5577	TRUE	12
26959	TRUE	16
10466	TRUE	16
2845	FALSE	0
11062	TRUE	16
55973	TRUE	16
286002	FALSE	0
5172	TRUE	7
79872	TRUE	16
1811	FALSE	0
1738	TRUE	16
3912	TRUE	16
22798	TRUE	2
4897	TRUE	9
50640	TRUE	16
168451	TRUE	16
4189	TRUE	16
154907	FALSE	0
442720	FALSE	0
83943	TRUE	16
54674	FALSE	0
9732	TRUE	16
100506413	FALSE	0
11179	TRUE	16
3475	TRUE	16
286006	TRUE	16
100996249	FALSE	0
101928012	FALSE	0
64418	TRUE	12
154743	TRUE	16
101928036	FALSE	0
54329	TRUE	2
401397	TRUE	16
5506	FALSE	0
93986	TRUE	9
100500896	FALSE	0
29969	TRUE	16
102724386	TRUE	3
104355291	FALSE	0
100506489	FALSE	0
22797	FALSE	1
26136	TRUE	15
102724434	FALSE	1
858	TRUE	16
857	TRUE	16
100996266	FALSE	1
4233	TRUE	16
830	TRUE	16
93653	TRUE	13
7982	TRUE	16
338069	TRUE	3
102466616	TRUE	3
93654	FALSE	0
93655	FALSE	0
7472	FALSE	0
136991	FALSE	0
1080	FALSE	1
83992	TRUE	4
51691	TRUE	16
56311	FALSE	1
3751	TRUE	8
23554	TRUE	15
54556	TRUE	16
79974	TRUE	8
51384	TRUE	9
10447	TRUE	16
5803	TRUE	7
10157	TRUE	15
389549	TRUE	5
154860	TRUE	6
93664	TRUE	15
168433	TRUE	2
378925	TRUE	2
50833	FALSE	0
6561	FALSE	0
154865	TRUE	6
4698	TRUE	16
142685	FALSE	0
102724555	FALSE	0
442721	FALSE	0
8976	TRUE	16
26062	FALSE	0
23553	TRUE	6
6677	FALSE	0
730130	FALSE	0
101928211	FALSE	0
2861	TRUE	13
154872	FALSE	0
25913	TRUE	16
401398	TRUE	12
101928283	FALSE	0
101928254	FALSE	0
2918	TRUE	3
693177	FALSE	0
101928333	FALSE	0
168850	TRUE	16
100506682	FALSE	0
79571	TRUE	16
381	TRUE	16
29999	FALSE	0
5078	FALSE	0
27044	TRUE	16
27099	FALSE	0
64101	TRUE	2
693178	FALSE	0
406917	FALSE	0
3952	FALSE	1
157247	TRUE	16
55131	TRUE	16
401399	TRUE	6
3614	TRUE	16
29923	TRUE	16
55798	TRUE	16
402483	TRUE	16
346653	TRUE	14
84691	FALSE	1
813	TRUE	16
611	FALSE	0
100189276	FALSE	0
64753	TRUE	12
2318	TRUE	16
9296	TRUE	16
100130705	TRUE	10
375616	TRUE	13
3663	TRUE	16
23534	TRUE	16
286016	TRUE	16
407835	TRUE	2
340348	TRUE	14
6608	TRUE	10
23382	TRUE	16
57464	TRUE	16
100287482	TRUE	14
105375620	TRUE	16
4899	TRUE	16
406958	FALSE	0
407053	FALSE	0
406959	FALSE	0
7328	TRUE	16
51530	TRUE	16
23008	TRUE	16
84928	TRUE	16
136263	FALSE	0
1358	FALSE	0
51200	TRUE	14
93979	TRUE	2
101928632	TRUE	4
1357	FALSE	0
95681	TRUE	16
4232	TRUE	16
317751	TRUE	4
442904	FALSE	0
26958	TRUE	16
53844	TRUE	4
114960	FALSE	0
136259	TRUE	6
407021	FALSE	0
407024	FALSE	0
378805	TRUE	16
100506860	TRUE	16
4289	TRUE	16
100506881	TRUE	16
5420	TRUE	16
101928782	FALSE	0
91584	TRUE	5
286023	FALSE	0
100506937	FALSE	0
54927	TRUE	16
100500804	TRUE	16
60412	TRUE	16
102465139	FALSE	0
101928861	FALSE	0
136332	TRUE	4
84912	TRUE	16
231	TRUE	16
57016	TRUE	11
441282	FALSE	0
669	TRUE	16
800	TRUE	16
340351	TRUE	14
55281	TRUE	16
78996	TRUE	16
29062	TRUE	16
102465254	FALSE	0
346673	FALSE	0
4850	TRUE	16
23165	TRUE	16
647087	TRUE	16
26266	TRUE	10
389558	TRUE	2
136319	FALSE	0
767558	FALSE	0
1129	FALSE	0
349160	FALSE	0
574443	FALSE	0
5764	TRUE	9
9162	FALSE	0
64764	TRUE	16
100130880	FALSE	0
6718	FALSE	0
100616226	FALSE	0
8805	TRUE	16
136306	TRUE	7
50617	TRUE	5
155006	FALSE	0
57670	TRUE	16
92092	TRUE	16
56829	TRUE	16
79989	TRUE	16
254048	TRUE	16
51631	TRUE	16
154791	TRUE	10
100189406	FALSE	0
100996928	FALSE	0
100129148	FALSE	0
346689	FALSE	0
154790	FALSE	0
28996	TRUE	16
101928984	FALSE	0
6916	TRUE	12
64761	TRUE	16
80853	TRUE	16
100134229	TRUE	16
84255	TRUE	16
401409	TRUE	12
23608	TRUE	16
27147	TRUE	2
90956	TRUE	16
100134713	TRUE	16
4708	TRUE	16
673	TRUE	16
51650	TRUE	16
100507421	TRUE	8
55750	TRUE	16
57189	TRUE	7
285962	FALSE	0
494551	FALSE	0
6742	TRUE	16
50831	FALSE	0
50832	FALSE	0
54429	TRUE	4
136242	FALSE	0
130075	FALSE	0
23601	FALSE	0
5726	FALSE	0
8972	TRUE	7
93432	FALSE	0
100289017	FALSE	0
136541	FALSE	0
207147	FALSE	0
28620	FALSE	0
28619	FALSE	0
28617	FALSE	0
28614	FALSE	0
28606	FALSE	0
28616	FALSE	0
28605	FALSE	0
28596	FALSE	0
28603	FALSE	0
28595	FALSE	0
28586	FALSE	0
28585	FALSE	0
28582	FALSE	0
28584	FALSE	0
28581	FALSE	0
28602	FALSE	0
28594	FALSE	0
28611	FALSE	0
28601	FALSE	0
28610	FALSE	0
28592	FALSE	0
28609	FALSE	0
28599	FALSE	0
28591	FALSE	0
28608	FALSE	0
28589	FALSE	0
28574	FALSE	0
28583	FALSE	0
28580	FALSE	0
28577	FALSE	0
28576	FALSE	1
28575	FALSE	0
28573	FALSE	0
28572	FALSE	0
28570	FALSE	0
28569	FALSE	0
28568	FALSE	0
28567	FALSE	0
28563	FALSE	0
100463482	FALSE	0
28562	FALSE	0
28560	FALSE	0
28559	FALSE	0
5644	TRUE	3
28558	FALSE	0
5645	TRUE	6
28637	FALSE	0
28635	FALSE	0
28634	FALSE	0
28633	FALSE	0
28632	FALSE	0
28631	FALSE	0
28630	FALSE	0
28639	FALSE	0
28636	FALSE	0
28629	FALSE	0
28628	TRUE	2
28626	FALSE	0
28625	FALSE	0
28624	FALSE	0
28623	FALSE	0
28622	TRUE	2
28638	TRUE	2
28557	TRUE	4
2051	TRUE	12
55503	TRUE	9
56302	FALSE	0
135927	FALSE	0
3792	FALSE	0
135924	FALSE	0
346517	FALSE	0
89883	FALSE	0
5304	FALSE	0
259285	FALSE	0
259286	FALSE	0
373156	TRUE	16
135932	TRUE	12
835	TRUE	16
1180	TRUE	2
9715	TRUE	11
7791	TRUE	16
100507507	FALSE	0
102465538	FALSE	0
2041	TRUE	12
285965	TRUE	5
338398	FALSE	0
259287	FALSE	0
441294	TRUE	4
101928422	FALSE	0
285966	TRUE	10
340307	FALSE	0
653691	FALSE	0
154761	TRUE	3
9747	TRUE	16
26211	FALSE	0
135948	FALSE	0
135946	FALSE	0
393046	FALSE	0
392138	FALSE	0
346525	FALSE	0
442361	FALSE	0
135941	FALSE	0
100128553	TRUE	13
445328	TRUE	14
101928605	TRUE	4
402317	FALSE	0
101928492	TRUE	7
401428	FALSE	0
401427	TRUE	5
728377	TRUE	14
100142659	TRUE	12
441295	FALSE	0
346528	FALSE	0
7984	TRUE	15
135935	FALSE	0
27010	TRUE	14
26047	TRUE	2
101928700	FALSE	0
100313895	FALSE	0
202865	FALSE	0
8454	TRUE	16
2146	TRUE	16
6090	FALSE	0
6086	FALSE	0
6085	FALSE	0
6084	FALSE	0
102723099	TRUE	16
9601	TRUE	16
136051	TRUE	16
155054	TRUE	16
57541	TRUE	16
8427	TRUE	16
7988	TRUE	16
100289678	TRUE	16
155060	TRUE	16
100189144	FALSE	0
100189413	FALSE	0
100189357	FALSE	0
100189049	FALSE	0
100189305	FALSE	0
101928733	FALSE	0
100189008	FALSE	0
27153	TRUE	16
155061	TRUE	16
100189146	FALSE	0
79970	TRUE	16
100189267	FALSE	0
100189097	FALSE	0
100189355	FALSE	0
100189432	FALSE	0
100189177	FALSE	0
100189376	FALSE	0
100189075	FALSE	0
100189289	FALSE	0
100189379	FALSE	0
84626	TRUE	13
168544	TRUE	15
23145	TRUE	11
643641	TRUE	16
401431	TRUE	14
155066	TRUE	16
653857	TRUE	14
65999	TRUE	14
113763	TRUE	14
5919	TRUE	12
29803	TRUE	16
285971	TRUE	16
728743	TRUE	16
285972	FALSE	0
155038	FALSE	0
168537	FALSE	0
55303	FALSE	0
474344	FALSE	0
26157	TRUE	11
170575	FALSE	0
100527949	FALSE	0
55340	FALSE	0
28959	TRUE	6
55365	TRUE	6
26	TRUE	5
3757	TRUE	12
4846	TRUE	12
285973	TRUE	12
11194	TRUE	16
9311	TRUE	14
1020	TRUE	16
6522	TRUE	16
10922	TRUE	16
83590	TRUE	16
116988	TRUE	16
2636	FALSE	0
136371	FALSE	0
392843	FALSE	0
10061	TRUE	16
54480	TRUE	16
768213	FALSE	0
6604	TRUE	16
51667	TRUE	16
349136	TRUE	11
100131176	FALSE	0
155051	FALSE	1
100500835	FALSE	0
6009	TRUE	16
51422	TRUE	16
100505483	TRUE	7
168391	FALSE	0
63917	TRUE	16
58508	TRUE	16
220832	FALSE	0
100128822	TRUE	16
7516	TRUE	16
57180	TRUE	16
101929087	FALSE	0
103724390	FALSE	0
1804	TRUE	2
101929998	FALSE	0
100132707	TRUE	16
22976	TRUE	16
202781	TRUE	16
100128264	FALSE	0
3361	FALSE	0
3638	TRUE	16
338436	FALSE	0
2020	TRUE	9
285888	FALSE	0
100506302	TRUE	16
155435	TRUE	16
6469	TRUE	8
389602	TRUE	13
285889	FALSE	0
100506380	TRUE	3
64433	FALSE	0
129790	TRUE	16
140545	TRUE	16
64327	TRUE	16
64434	TRUE	16
3110	TRUE	16
645249	TRUE	16
9690	TRUE	16
10049	TRUE	16
105375621	FALSE	0
101927914	FALSE	0
5799	TRUE	14
406945	FALSE	0
100506585	TRUE	4
105375612	FALSE	0
693180	FALSE	1
100847032	FALSE	1
54892	TRUE	16
57488	TRUE	16
55112	TRUE	16
154822	FALSE	0
7434	TRUE	5
441308	FALSE	0
644128	TRUE	14
169270	TRUE	14
101927595	TRUE	15
157693	FALSE	1
26260	TRUE	14
157695	TRUE	14
157697	TRUE	14
105377774	TRUE	2
619343	FALSE	0
401442	FALSE	0
105377777	FALSE	0
9228	FALSE	0
286083	FALSE	0
100507435	FALSE	0
2055	FALSE	0
100500912	FALSE	0
693181	FALSE	0
9639	FALSE	0
9920	FALSE	0
104266957	FALSE	0
101928058	FALSE	0
9172	TRUE	2
102465695	FALSE	0
101927815	FALSE	0
64478	FALSE	0
105377792	FALSE	0
105377789	FALSE	0
100287015	TRUE	16
79648	TRUE	16
285	TRUE	5
100507530	TRUE	11
102465861	FALSE	0
55326	TRUE	16
100616348	FALSE	0
100616372	FALSE	0
389610	TRUE	3
100652791	FALSE	0
1672	TRUE	4
1671	FALSE	0
1669	FALSE	0
449491	FALSE	0
449492	FALSE	0
449493	FALSE	0
1667	FALSE	0
170949	FALSE	0
728358	FALSE	0
100287083	FALSE	0
1668	FALSE	0
724068	FALSE	0
1670	FALSE	0
349196	FALSE	0
100128890	TRUE	8
641517	FALSE	0
401447	FALSE	0
645402	FALSE	0
100131980	FALSE	0
100289462	FALSE	0
55894	FALSE	0
10407	FALSE	0
503618	FALSE	0
503841	FALSE	0
504180	FALSE	0
503614	FALSE	0
100131608	FALSE	0
441317	FALSE	0
101929400	FALSE	0
441328	FALSE	0
100133251	FALSE	0
245910	FALSE	0
245908	FALSE	0
245909	FALSE	0
140596	FALSE	0
653423	FALSE	1
414325	FALSE	0
1673	FALSE	0
100132396	FALSE	0
100132103	FALSE	0
392188	FALSE	0
645836	FALSE	0
100302186	FALSE	0
286042	TRUE	13
157285	TRUE	16
137075	TRUE	16
9258	TRUE	16
90459	TRUE	16
100616350	FALSE	0
79660	TRUE	16
101929128	TRUE	8
157273	FALSE	0
8658	TRUE	16
693182	FALSE	0
157627	FALSE	0
406907	FALSE	0
4482	TRUE	14
101929191	TRUE	5
203074	FALSE	0
94137	TRUE	10
100422982	FALSE	0
105379238	FALSE	1
203076	TRUE	2
83595	TRUE	11
54984	TRUE	16
100302166	FALSE	0
101929229	FALSE	0
286046	TRUE	12
693183	FALSE	0
105379247	FALSE	0
66036	TRUE	16
83650	FALSE	0
157739	FALSE	0
83656	FALSE	0
83648	TRUE	10
640	TRUE	3
83655	FALSE	0
2626	TRUE	12
101929490	FALSE	0
606553	TRUE	10
252969	TRUE	16
2222	TRUE	16
1508	TRUE	16
613210	FALSE	0
613209	FALSE	0
613211	FALSE	0
100133267	FALSE	0
728957	FALSE	0
100132923	TRUE	3
392196	FALSE	0
392197	FALSE	0
377630	FALSE	0
729689	FALSE	0
85002	TRUE	11
245940	FALSE	0
100133172	FALSE	0
649352	FALSE	0
245912	FALSE	0
389633	FALSE	0
653333	TRUE	6
100506990	TRUE	14
729732	FALSE	0
100847038	FALSE	0
91694	TRUE	16
100500870	FALSE	0
100500838	FALSE	0
340357	FALSE	0
101409254	FALSE	0
57604	TRUE	9
105379290	FALSE	0
10395	TRUE	12
157773	FALSE	0
137868	FALSE	0
494332	FALSE	0
7991	TRUE	9
4481	FALSE	0
26281	FALSE	0
286097	TRUE	6
51201	TRUE	14
29883	TRUE	16
137492	TRUE	16
9108	TRUE	16
6542	TRUE	11
5157	TRUE	12
57509	TRUE	14
100422850	FALSE	0
2267	FALSE	0
5108	TRUE	16
427	TRUE	16
101929066	TRUE	8
9	TRUE	16
10	FALSE	0
23362	TRUE	16
100128993	FALSE	0
63898	TRUE	15
55790	TRUE	16
55174	TRUE	16
4023	TRUE	3
6570	TRUE	2
526	TRUE	16
11178	TRUE	2
100874051	FALSE	0
105379398	FALSE	0
102467222	TRUE	2
286114	FALSE	1
105379399	FALSE	0
101929172	FALSE	0
2675	FALSE	1
9046	FALSE	0
23039	TRUE	16
10361	TRUE	10
8822	FALSE	1
2039	TRUE	16
64760	TRUE	16
79873	TRUE	16
55806	TRUE	12
80346	TRUE	16
203190	TRUE	4
6440	FALSE	0
649	TRUE	16
9796	TRUE	9
407037	FALSE	1
661	TRUE	16
55124	TRUE	4
23516	TRUE	16
5533	TRUE	16
10174	TRUE	16
64236	TRUE	16
541565	TRUE	16
57805	TRUE	16
55909	TRUE	16
80094	FALSE	0
1960	TRUE	14
157310	FALSE	0
101929237	FALSE	0
23221	TRUE	16
8795	TRUE	16
286059	FALSE	0
254896	TRUE	8
8794	TRUE	3
8793	TRUE	14
8797	TRUE	16
389641	TRUE	16
91782	TRUE	16
203069	TRUE	16
4017	TRUE	16
100507156	TRUE	2
9583	TRUE	16
51312	TRUE	16
4824	TRUE	14
137814	FALSE	0
6781	TRUE	5
10863	TRUE	9
101929294	FALSE	0
27299	FALSE	0
8756	FALSE	0
101929315	FALSE	0
4741	FALSE	0
4747	TRUE	2
102465506	FALSE	0
80005	TRUE	16
102465527	FALSE	0
2796	TRUE	8
54793	TRUE	16
157313	TRUE	16
64641	FALSE	0
100507236	FALSE	0
5520	TRUE	16
665	TRUE	16
10687	TRUE	12
1808	TRUE	16
148	FALSE	0
100313884	FALSE	0
81551	FALSE	0
23087	TRUE	16
2185	TRUE	16
102465507	FALSE	0
1135	FALSE	0
2053	TRUE	16
1191	TRUE	16
102465508	FALSE	0
51435	TRUE	10
100500871	FALSE	0
100500858	FALSE	0
55246	TRUE	16
157570	TRUE	16
55872	TRUE	16
286133	TRUE	2
100422828	FALSE	0
389643	TRUE	2
55140	TRUE	16
5368	FALSE	0
55893	TRUE	16
157574	TRUE	16
7976	TRUE	16
100422903	FALSE	0
101929402	FALSE	1
2137	TRUE	16
55756	TRUE	16
79618	TRUE	16
23303	TRUE	16
1846	TRUE	14
619351	TRUE	2
101929450	FALSE	0
101929470	FALSE	0
286135	FALSE	0
100422876	FALSE	0
51669	TRUE	16
23484	TRUE	16
619373	FALSE	0
10671	TRUE	16
100128750	TRUE	8
11030	TRUE	14
2961	TRUE	16
100507341	FALSE	0
2936	TRUE	16
7993	TRUE	16
5516	TRUE	16
56154	TRUE	6
29942	TRUE	3
7486	TRUE	16
3084	TRUE	5
100856811	FALSE	0
100874286	FALSE	0
84750	TRUE	16
84549	TRUE	16
80185	TRUE	16
692084	FALSE	0
79845	TRUE	14
78986	TRUE	2
103689844	FALSE	0
137970	FALSE	0
101929550	FALSE	0
157855	TRUE	2
100507420	TRUE	7
80139	TRUE	16
101929622	FALSE	0
102723701	TRUE	2
11160	TRUE	16
728024	TRUE	8
11212	TRUE	16
25960	TRUE	13
55290	TRUE	16
80223	TRUE	16
137362	FALSE	0
155	FALSE	0
1978	TRUE	16
9070	TRUE	16
6770	TRUE	2
27257	TRUE	16
9530	TRUE	16
23259	TRUE	16
84513	TRUE	16
54904	TRUE	16
137994	TRUE	15
2260	TRUE	16
389649	FALSE	0
286140	TRUE	15
6867	TRUE	16
59339	TRUE	16
203100	FALSE	0
83877	TRUE	16
8754	TRUE	16
203102	FALSE	1
255926	FALSE	0
1587	FALSE	0
100130964	FALSE	0
8749	FALSE	0
2515	FALSE	0
3620	TRUE	6
169355	FALSE	0
56892	TRUE	8
79698	FALSE	0
6422	TRUE	4
100847068	FALSE	0
51125	TRUE	16
84296	TRUE	16
102723729	FALSE	0
137964	TRUE	16
157848	FALSE	0
286	TRUE	14
619554	FALSE	0
102465696	FALSE	0
7994	TRUE	16
10947	TRUE	16
5327	TRUE	15
101929897	TRUE	2
3551	TRUE	16
5423	TRUE	16
27121	TRUE	2
7419	TRUE	16
6575	TRUE	16
114926	TRUE	16
1142	FALSE	0
8973	TRUE	2
55145	TRUE	16
81790	TRUE	16
100616115	FALSE	0
84376	TRUE	16
2339	TRUE	16
84197	TRUE	16
138050	TRUE	16
340441	FALSE	0
102724241	FALSE	0
497634	FALSE	0
105375816	FALSE	0
105375817	FALSE	0
100287846	TRUE	2
23514	TRUE	16
1052	TRUE	16
5591	TRUE	16
4173	TRUE	16
7336	TRUE	16
101929268	FALSE	0
101929217	FALSE	0
79645	FALSE	1
6591	TRUE	14
492307	FALSE	0
54212	FALSE	0
137902	TRUE	5
115294	TRUE	16
9705	TRUE	5
389658	TRUE	6
9821	TRUE	16
2831	TRUE	2
4986	FALSE	1
51606	TRUE	16
8601	TRUE	15
6917	TRUE	16
10434	TRUE	16
29088	TRUE	16
26766	FALSE	0
105375840	FALSE	0
64321	TRUE	4
100129098	TRUE	5
6101	TRUE	2
114786	FALSE	0
100133234	FALSE	0
137695	TRUE	16
96764	TRUE	16
4067	TRUE	16
6224	TRUE	16
26795	TRUE	3
4342	FALSE	0
5324	TRUE	16
79145	TRUE	16
195814	TRUE	11
442388	FALSE	0
5179	FALSE	0
101929415	FALSE	0
100507632	FALSE	0
54928	TRUE	16
100507651	FALSE	0
286177	FALSE	0
26138	FALSE	0
101929488	FALSE	0
286178	FALSE	0
100505477	FALSE	0
90362	TRUE	10
101929528	FALSE	0
137886	TRUE	16
1581	FALSE	0
6386	TRUE	16
8439	TRUE	16
9760	TRUE	11
105375861	FALSE	0
767	TRUE	6
100505532	TRUE	4
5862	TRUE	16
55636	TRUE	16
105375938	FALSE	0
100130298	FALSE	0
157807	TRUE	2
444	TRUE	16
100616484	FALSE	0
286183	TRUE	4
643763	TRUE	2
8836	TRUE	16
7274	TRUE	8
101410533	TRUE	14
253943	TRUE	16
102724612	FALSE	0
286184	FALSE	0
102724623	FALSE	0
100130155	FALSE	0
406908	FALSE	0
401463	FALSE	0
27319	FALSE	0
9420	TRUE	6
552859	FALSE	0
286186	FALSE	0
55156	TRUE	16
9650	TRUE	16
5150	TRUE	16
85479	FALSE	0
84675	TRUE	6
100189437	FALSE	0
100189102	FALSE	0
1392	FALSE	0
100505659	FALSE	0
100505676	TRUE	5
23212	TRUE	16
137872	TRUE	10
254778	TRUE	10
4603	TRUE	16
80124	TRUE	16
100533105	FALSE	0
56260	TRUE	16
23678	TRUE	13
26255	FALSE	0
157777	TRUE	16
641638	TRUE	16
641648	TRUE	2
100129654	TRUE	8
286187	FALSE	0
10987	TRUE	16
79848	TRUE	16
10565	TRUE	16
102724708	TRUE	2
57094	TRUE	2
80243	FALSE	0
286189	FALSE	0
116328	FALSE	1
100505718	FALSE	0
100505739	FALSE	0
23213	TRUE	4
81796	TRUE	3
63978	FALSE	0
10499	TRUE	16
101926892	FALSE	0
23471	TRUE	16
286190	FALSE	1
51110	TRUE	16
389668	TRUE	12
2138	TRUE	12
9242	FALSE	0
100132891	TRUE	2
8989	TRUE	2
392232	FALSE	1
9312	TRUE	3
101926908	FALSE	0
7013	TRUE	16
157869	TRUE	5
100130301	FALSE	0
6129	TRUE	16
157506	TRUE	16
101926926	TRUE	2
100128126	FALSE	0
27067	TRUE	16
55284	TRUE	16
6921	TRUE	16
54968	TRUE	16
23643	TRUE	7
56704	TRUE	14
54332	TRUE	16
100847058	FALSE	0
100847091	FALSE	0
441355	FALSE	0
100302260	FALSE	0
51050	TRUE	3
83690	TRUE	3
101805492	TRUE	9
3174	TRUE	13
101926978	TRUE	2
100192378	TRUE	2
79776	TRUE	9
100422921	FALSE	0
5828	TRUE	16
102724874	FALSE	0
5569	TRUE	8
101927003	FALSE	1
51101	TRUE	16
3574	TRUE	10
101241902	FALSE	0
11075	TRUE	5
23462	TRUE	13
101927067	TRUE	2
101927040	TRUE	5
28957	TRUE	16
7163	TRUE	16
100847056	FALSE	0
65986	TRUE	16
619279	TRUE	13
55824	TRUE	12
2171	TRUE	16
5375	FALSE	0
646480	FALSE	0
2167	TRUE	3
646486	FALSE	0
3612	TRUE	16
347051	TRUE	11
79752	TRUE	16
92421	TRUE	15
64089	TRUE	16
101927141	FALSE	0
103352670	TRUE	2
138046	TRUE	2
85444	TRUE	14
102723322	FALSE	0
1875	TRUE	16
401466	TRUE	16
377677	TRUE	10
759	FALSE	0
761	TRUE	5
100996348	TRUE	5
760	TRUE	12
101929601	FALSE	0
101929627	FALSE	0
100288527	FALSE	0
100288562	FALSE	0
85481	FALSE	0
245972	TRUE	4
157724	FALSE	0
11059	TRUE	16
51115	TRUE	16
8895	TRUE	16
54714	TRUE	2
168975	FALSE	0
138009	FALSE	0
4325	TRUE	8
101929709	TRUE	16
8767	TRUE	16
734	TRUE	16
4683	TRUE	16
1666	TRUE	16
793	TRUE	11
100874052	FALSE	0
101937451	FALSE	0
169200	TRUE	16
64168	TRUE	4
100127983	TRUE	5
55529	TRUE	16
100506365	TRUE	16
51633	TRUE	16
100130742	TRUE	12
100616245	FALSE	0
115111	TRUE	4
862	FALSE	0
102724710	FALSE	0
441369	FALSE	0
286144	TRUE	14
102467005	FALSE	0
389676	FALSE	0
642924	FALSE	0
137392	TRUE	16
389677	TRUE	16
55472	TRUE	15
91147	TRUE	16
100616169	FALSE	0
54704	TRUE	16
1015	TRUE	6
2669	TRUE	16
25788	TRUE	16
100861412	FALSE	0
25962	TRUE	16
100288748	TRUE	12
54845	TRUE	16
286148	TRUE	16
55656	TRUE	16
9134	TRUE	16
137682	TRUE	16
94241	TRUE	16
100500907	FALSE	0
100422964	FALSE	0
79666	TRUE	16
619344	FALSE	0
157657	TRUE	16
100616530	FALSE	1
100189248	FALSE	0
100500773	FALSE	0
392255	FALSE	0
7381	TRUE	16
51001	TRUE	16
9791	TRUE	16
102724804	FALSE	0
6383	TRUE	5
10404	TRUE	9
101927066	FALSE	0
85453	TRUE	11
92140	TRUE	16
55353	TRUE	16
4147	TRUE	16
6156	TRUE	16
26775	TRUE	8
203111	TRUE	10
10247	TRUE	16
10940	TRUE	16
79815	TRUE	16
6788	TRUE	16
3788	FALSE	0
105375661	TRUE	4
116039	TRUE	16
157680	TRUE	16
693184	FALSE	0
100126309	FALSE	0
1345	TRUE	16
26166	TRUE	3
100302165	FALSE	0
105375667	FALSE	0
286151	TRUE	15
5440	TRUE	16
6674	TRUE	16
25897	TRUE	16
100616451	FALSE	0
157567	TRUE	16
169166	FALSE	1
26986	TRUE	16
102466854	FALSE	0
7534	TRUE	16
441374	TRUE	6
51123	TRUE	16
105375678	FALSE	0
83955	TRUE	2
79977	TRUE	10
83988	TRUE	10
104054148	FALSE	0
100847001	FALSE	0
50484	TRUE	16
101927221	TRUE	16
51366	TRUE	16
4956	FALSE	0
7071	TRUE	16
101927245	TRUE	15
51582	TRUE	16
100506753	TRUE	16
528	TRUE	16
157556	TRUE	2
79870	FALSE	1
100422992	FALSE	0
100499183	TRUE	3
8323	TRUE	16
115908	TRUE	14
81034	TRUE	16
25879	TRUE	16
9699	TRUE	13
81501	FALSE	0
1807	FALSE	0
693127	FALSE	0
29967	TRUE	14
23414	TRUE	7
102723356	TRUE	12
55074	TRUE	14
137735	FALSE	0
284	TRUE	2
340419	FALSE	0
3646	TRUE	16
9694	TRUE	16
157753	TRUE	2
7201	FALSE	0
84955	TRUE	16
56943	TRUE	16
93035	FALSE	1
9166	TRUE	16
55638	TRUE	13
100132813	FALSE	0
27012	FALSE	0
101927459	FALSE	0
101927487	FALSE	0
114788	TRUE	5
100302225	FALSE	0
7227	TRUE	14
100859921	FALSE	0
8667	TRUE	16
84294	TRUE	16
5885	TRUE	16
644660	TRUE	11
100500914	FALSE	0
441376	FALSE	0
169026	FALSE	0
90390	TRUE	16
2131	TRUE	16
401474	TRUE	14
552860	TRUE	12
4982	TRUE	13
10584	TRUE	12
101927513	FALSE	0
114569	TRUE	15
102466162	FALSE	0
4856	TRUE	13
5168	TRUE	2
6873	TRUE	16
79075	TRUE	16
64798	TRUE	13
7373	TRUE	2
28998	TRUE	16
27085	TRUE	16
6641	TRUE	10
101927543	FALSE	0
3037	TRUE	8
594842	TRUE	6
104266958	FALSE	0
22882	TRUE	16
79139	TRUE	16
93594	TRUE	16
100189201	FALSE	0
84985	TRUE	10
100131726	TRUE	9
100616260	FALSE	0
84933	TRUE	16
100533106	TRUE	14
11244	TRUE	16
29028	TRUE	16
693130	FALSE	0
100500863	FALSE	0
55093	TRUE	16
114907	TRUE	16
340359	FALSE	1
312	TRUE	3
157769	TRUE	16
654463	TRUE	6
439941	FALSE	0
157376	FALSE	0
101927588	FALSE	0
157378	TRUE	16
55039	TRUE	16
101927612	TRUE	15
11236	TRUE	16
83940	TRUE	16
102466200	FALSE	0
4715	TRUE	16
9788	TRUE	16
100616255	FALSE	0
100616221	FALSE	0
137209	TRUE	6
157381	FALSE	0
6713	TRUE	16
9897	TRUE	16
286053	TRUE	16
10221	TRUE	16
100130231	FALSE	0
101927657	FALSE	0
157638	TRUE	16
100750225	TRUE	2
103164619	TRUE	2
101867536	TRUE	2
103021165	TRUE	8
100507056	TRUE	11
103021164	TRUE	3
727677	TRUE	14
101805488	FALSE	0
5462	TRUE	6
100270680	TRUE	4
4609	TRUE	16
100302185	TRUE	16
5820	TRUE	16
641384	TRUE	2
100302161	FALSE	0
100302170	FALSE	0
100302175	FALSE	0
100302281	FALSE	0
101927774	TRUE	2
728724	FALSE	0
137196	FALSE	1
100500839	FALSE	0
56169	TRUE	10
51571	TRUE	16
100847051	FALSE	0
50807	TRUE	16
100507117	FALSE	0
29065	FALSE	0
114	FALSE	0
23167	TRUE	16
729330	FALSE	0
10086	FALSE	0
3786	TRUE	10
93668	FALSE	0
23639	TRUE	11
137835	FALSE	1
51105	TRUE	16
7038	FALSE	0
6503	FALSE	1
102466865	FALSE	0
8840	TRUE	2
10397	TRUE	16
6482	TRUE	16
101927798	FALSE	0
101927822	FALSE	0
57623	TRUE	16
594840	FALSE	0
407030	FALSE	0
407033	FALSE	0
552853	FALSE	0
101927845	FALSE	0
286094	FALSE	0
10656	TRUE	12
101927915	FALSE	0
51059	FALSE	0
169044	TRUE	9
51305	TRUE	2
83696	TRUE	16
54108	TRUE	16
27161	TRUE	16
5747	TRUE	16
442893	FALSE	0
22898	TRUE	16
57210	TRUE	16
731779	FALSE	0
2843	FALSE	0
11156	TRUE	2
389690	FALSE	0
100302147	FALSE	0
100616268	FALSE	0
619434	TRUE	2
203062	TRUE	16
575	TRUE	10
23237	TRUE	16
8629	TRUE	16
8000	TRUE	12
54742	TRUE	8
100288181	TRUE	15
51337	TRUE	16
57152	FALSE	1
137797	TRUE	7
66004	TRUE	14
8581	TRUE	9
2765	FALSE	1
1584	FALSE	0
1585	FALSE	0
100133669	TRUE	10
100128627	FALSE	0
4061	TRUE	16
286122	TRUE	9
101928108	FALSE	0
4062	TRUE	2
338328	TRUE	3
286128	TRUE	16
2738	TRUE	16
100507316	TRUE	16
79943	TRUE	16
116447	TRUE	16
78998	TRUE	16
114822	TRUE	16
104326051	FALSE	0
389692	TRUE	10
23144	TRUE	16
79792	TRUE	8
642475	TRUE	13
93100	TRUE	13
1936	TRUE	16
84948	TRUE	6
65263	TRUE	4
7264	TRUE	16
9831	TRUE	6
286075	TRUE	13
286076	FALSE	0
100130274	FALSE	0
225689	FALSE	0
286077	TRUE	16
100616318	FALSE	0
100128338	TRUE	13
642574	FALSE	0
23513	TRUE	16
100126338	FALSE	0
22827	TRUE	16
340371	TRUE	16
102466748	FALSE	0
83481	TRUE	15
5339	TRUE	16
724031	FALSE	0
84875	TRUE	16
2907	TRUE	16
375686	TRUE	4
392275	TRUE	6
26873	TRUE	16
102465509	FALSE	0
54512	TRUE	16
102465510	FALSE	0
8733	TRUE	16
1537	TRUE	16
81858	TRUE	16
84232	TRUE	16
340390	TRUE	13
51236	TRUE	16
727957	TRUE	16
23246	TRUE	16
102465906	FALSE	0
642658	TRUE	16
3297	TRUE	16
8694	TRUE	16
102465511	FALSE	0
83482	TRUE	6
340393	TRUE	13
26233	TRUE	16
79581	TRUE	16
203054	TRUE	16
29894	TRUE	16
100126351	FALSE	0
100302196	FALSE	0
102466749	FALSE	0
55630	TRUE	16
51160	TRUE	16
4796	TRUE	16
100287098	TRUE	12
102466271	FALSE	0
50626	TRUE	16
90990	TRUE	16
8928	FALSE	0
84988	TRUE	16
2875	TRUE	16
113655	TRUE	16
9401	TRUE	16
9684	TRUE	16
441381	FALSE	0
414919	TRUE	16
80728	TRUE	16
90987	FALSE	1
80778	TRUE	16
6132	TRUE	16
102465978	FALSE	0
340385	TRUE	16
7553	TRUE	16
28991	TRUE	16
58500	TRUE	16
7564	TRUE	16
286101	TRUE	16
286102	TRUE	16
286103	TRUE	5
65265	TRUE	16
100287596	FALSE	0
100287171	TRUE	16
100422831	FALSE	0
654835	FALSE	0
101929127	FALSE	0
2298	TRUE	13
55871	TRUE	16
157983	TRUE	5
81704	TRUE	8
23189	TRUE	16
1761	FALSE	0
105375950	FALSE	0
58524	FALSE	0
10655	TRUE	2
102800446	FALSE	0
6595	TRUE	16
401491	TRUE	5
7436	TRUE	16
169522	FALSE	0
9933	TRUE	16
101929247	FALSE	0
5991	TRUE	16
101929302	TRUE	4
169792	TRUE	15
84850	FALSE	0
6505	TRUE	10
55064	TRUE	14
403313	TRUE	16
101929351	TRUE	9
55664	TRUE	16
50808	TRUE	16
10171	TRUE	16
406894	FALSE	0
3717	TRUE	16
11172	FALSE	0
3641	TRUE	5
6019	TRUE	10
6013	TRUE	4
55848	TRUE	16
29126	TRUE	13
80380	TRUE	6
57589	TRUE	16
79956	TRUE	16
2315	TRUE	8
158358	TRUE	16
100616288	FALSE	0
26953	TRUE	16
90865	TRUE	2
89882	FALSE	0
115426	TRUE	16
2731	TRUE	10
23081	TRUE	16
90871	TRUE	16
5789	TRUE	3
101929407	FALSE	0
101929428	TRUE	2
105375975	FALSE	0
7306	FALSE	1
101929467	TRUE	3
286343	TRUE	16
8777	TRUE	4
401492	FALSE	0
100113404	FALSE	0
4781	TRUE	14
100009607	FALSE	0
340481	TRUE	16
9350	TRUE	2
158326	TRUE	5
389705	FALSE	0
158219	TRUE	16
6619	TRUE	16
11168	TRUE	16
203238	TRUE	16
100873746	FALSE	0
100129385	FALSE	0
54796	TRUE	8
54875	TRUE	12
6456	FALSE	0
92949	TRUE	3
100422869	FALSE	0
158297	FALSE	0
10670	TRUE	16
54801	TRUE	16
677776	FALSE	0
123	TRUE	16
55667	TRUE	16
6194	TRUE	16
340485	TRUE	16
25769	FALSE	0
4300	TRUE	15
100616229	FALSE	0
100616441	FALSE	0
54914	TRUE	15
101929548	TRUE	3
574444	FALSE	0
401494	TRUE	8
3456	TRUE	2
3467	FALSE	0
3452	FALSE	0
3441	FALSE	0
3444	FALSE	0
3446	FALSE	0
3449	FALSE	0
3451	FALSE	0
3448	FALSE	0
3453	FALSE	0
3442	FALSE	0
55958	TRUE	15
3443	FALSE	0
3447	FALSE	0
3440	FALSE	0
3445	FALSE	0
3439	FALSE	0
554202	TRUE	14
338376	TRUE	8
407035	FALSE	0
4507	TRUE	14
51198	FALSE	1
1029	TRUE	8
100048912	TRUE	8
1030	TRUE	8
63951	TRUE	12
441389	TRUE	8
101929563	TRUE	2
1993	TRUE	4
100129669	FALSE	0
286319	TRUE	14
101929582	FALSE	0
100506422	FALSE	0
79886	TRUE	16
9373	TRUE	16
80173	TRUE	16
101929602	FALSE	0
64922	FALSE	0
7010	FALSE	0
158035	FALSE	0
54586	FALSE	0
79817	TRUE	11
56832	FALSE	0
203228	TRUE	16
158038	TRUE	7
100126310	FALSE	0
100126316	FALSE	0
401497	FALSE	0
101929620	FALSE	0
48	TRUE	16
23586	TRUE	16
10210	TRUE	16
100129250	TRUE	16
4712	TRUE	16
138474	FALSE	0
401498	FALSE	0
54840	TRUE	16
3301	TRUE	16
55234	TRUE	16
2683	TRUE	16
101929639	TRUE	12
27290	TRUE	8
573	TRUE	16
51510	TRUE	16
4799	TRUE	16
364	TRUE	2
360	TRUE	16
65083	TRUE	16
102465512	FALSE	0
441394	TRUE	15
441459	TRUE	14
304	TRUE	16
11191	TRUE	3
101243555	TRUE	3
101929688	FALSE	0
5646	TRUE	12
54926	TRUE	16
55833	TRUE	16
101340252	FALSE	0
100113379	FALSE	0
25853	TRUE	16
51271	TRUE	16
347240	TRUE	16
318	TRUE	16
57462	TRUE	16
84688	FALSE	1
203259	TRUE	16
27019	TRUE	2
375704	TRUE	12
1271	TRUE	4
415056	FALSE	0
138716	TRUE	16
11258	TRUE	16
138715	TRUE	3
10280	TRUE	16
2592	TRUE	16
3590	TRUE	16
10850	FALSE	1
6363	FALSE	1
6366	FALSE	0
259308	FALSE	0
23349	FALSE	0
389715	FALSE	0
101926900	FALSE	0
25822	TRUE	16
138724	FALSE	0
7415	TRUE	16
2189	TRUE	16
84720	TRUE	16
30968	TRUE	16
80256	TRUE	16
10497	TRUE	16
158381	FALSE	0
9853	TRUE	16
730112	TRUE	4
7016	TRUE	16
100616214	FALSE	0
971	TRUE	3
27240	FALSE	0
6023	TRUE	16
203260	TRUE	16
84904	TRUE	16
768	TRUE	9
7169	TRUE	16
7094	TRUE	16
102465513	FALSE	0
10488	TRUE	16
102466201	FALSE	0
57704	TRUE	16
9827	TRUE	16
4882	TRUE	16
692094	FALSE	0
26206	TRUE	10
84681	TRUE	16
392307	FALSE	0
51754	TRUE	16
92973	TRUE	4
392309	FALSE	0
646962	TRUE	6
158376	TRUE	2
56656	FALSE	0
8434	TRUE	5
152007	TRUE	14
881	FALSE	0
1211	TRUE	16
10020	TRUE	16
152006	TRUE	16
9833	TRUE	16
100616289	FALSE	0
5079	TRUE	5
100616278	FALSE	0
100616456	FALSE	0
100506710	TRUE	16
84186	TRUE	16
9380	TRUE	16
9925	TRUE	16
64425	TRUE	16
26267	TRUE	16
401505	TRUE	16
22844	TRUE	2
158234	TRUE	16
51010	TRUE	16
79269	TRUE	16
92014	TRUE	16
6461	TRUE	16
219	TRUE	16
347252	TRUE	7
100289137	TRUE	16
253650	TRUE	16
105376068	TRUE	14
158228	TRUE	16
79937	TRUE	15
647060	FALSE	0
401507	FALSE	0
401509	TRUE	14
389741	TRUE	16
654466	TRUE	9
554249	FALSE	0
105376047	TRUE	8
441430	TRUE	4
100133036	FALSE	0
100132541	FALSE	0
101929959	TRUE	10
102724580	FALSE	0
105376056	FALSE	0
100132004	FALSE	0
100302167	FALSE	0
100132352	TRUE	16
595135	TRUE	10
440896	FALSE	0
653404	FALSE	0
644019	TRUE	16
105376057	FALSE	0
100616184	FALSE	0
105376060	TRUE	11
105376066	TRUE	16
100289124	FALSE	0
728577	TRUE	9
389730	FALSE	0
100996582	FALSE	0
103908605	TRUE	11
101927827	FALSE	0
101060026	FALSE	1
102724904	FALSE	0
727905	FALSE	0
653123	FALSE	0
26165	FALSE	0
401508	FALSE	0
100289279	TRUE	12
100132948	TRUE	9
100132874	FALSE	0
102724238	TRUE	2
387628	TRUE	4
643648	FALSE	0
103352539	TRUE	10
442421	TRUE	3
403323	TRUE	4
728673	TRUE	16
286297	FALSE	0
375719	TRUE	4
100996643	TRUE	2
100616194	TRUE	3
642236	TRUE	4
644316	FALSE	0
728747	TRUE	2
101929583	FALSE	0
105379260	FALSE	1
100132154	FALSE	0
102724507	FALSE	0
105379443	FALSE	0
653427	FALSE	0
220869	TRUE	16
349334	FALSE	0
101928381	FALSE	0
101928195	FALSE	0
441432	FALSE	0
441425	FALSE	1
642929	FALSE	0
26149	TRUE	16
728495	FALSE	0
727830	FALSE	0
643827	TRUE	12
102723709	FALSE	0
100131997	TRUE	15
100133121	TRUE	16
84210	TRUE	4
644249	FALSE	0
445571	TRUE	16
286380	FALSE	0
572558	FALSE	0
5239	TRUE	3
169693	TRUE	2
101927015	FALSE	0
8395	TRUE	4
116224	TRUE	16
101927069	FALSE	0
5568	FALSE	0
2395	TRUE	16
9414	TRUE	16
100885775	FALSE	0
9413	TRUE	6
320	TRUE	4
375743	TRUE	16
494558	FALSE	0
138255	FALSE	0
256691	TRUE	9
100507244	FALSE	0
100507299	TRUE	13
23137	TRUE	16
687	TRUE	15
80036	FALSE	0
406987	FALSE	0
23670	TRUE	16
51104	TRUE	16
138241	TRUE	16
138240	FALSE	0
9615	TRUE	14
100507540	TRUE	5
7763	TRUE	16
117531	TRUE	2
101927258	FALSE	0
216	TRUE	11
301	TRUE	16
101927358	FALSE	0
103752585	FALSE	0
6096	TRUE	4
140803	TRUE	5
55071	TRUE	16
101927380	FALSE	1
138199	TRUE	16
54981	TRUE	16
26578	TRUE	16
5125	TRUE	8
55312	TRUE	16
653162	TRUE	16
2650	TRUE	16
158471	TRUE	8
50652	FALSE	0
442425	FALSE	0
100286938	FALSE	0
23230	TRUE	16
9630	TRUE	7
101927422	FALSE	0
2776	TRUE	16
84131	TRUE	16
29968	TRUE	16
101927450	FALSE	0
7091	TRUE	15
101927477	FALSE	0
7088	TRUE	16
101927502	FALSE	1
347127	FALSE	0
389761	FALSE	0
389762	FALSE	0
389763	FALSE	0
158158	TRUE	15
102723989	TRUE	6
257019	TRUE	13
414328	TRUE	16
29979	TRUE	16
105376114	TRUE	16
80318	TRUE	16
55582	TRUE	16
105376335	TRUE	3
84267	TRUE	15
3190	TRUE	16
407043	TRUE	9
80010	TRUE	16
101927575	FALSE	0
64078	TRUE	5
4915	TRUE	7
23287	TRUE	16
389765	TRUE	16
60560	TRUE	16
51280	TRUE	16
101927623	FALSE	0
389766	FALSE	0
81689	TRUE	16
79670	TRUE	16
2619	TRUE	4
100506834	TRUE	2
440173	FALSE	0
494127	FALSE	0
401535	FALSE	0
1612	TRUE	14
1514	TRUE	16
392360	FALSE	0
1518	FALSE	0
392364	FALSE	0
286234	FALSE	0
441452	FALSE	0
23552	TRUE	14
105369216	FALSE	0
102724156	TRUE	8
645961	FALSE	0
10927	TRUE	16
158046	TRUE	14
286238	FALSE	0
100423015	FALSE	0
286223	FALSE	0
1903	TRUE	8
53358	TRUE	14
1164	TRUE	16
100422936	TRUE	4
79048	TRUE	16
10507	TRUE	16
10912	TRUE	15
100129066	FALSE	0
102724237	FALSE	0
101927847	FALSE	0
286370	FALSE	0
100422963	FALSE	0
101927873	TRUE	2
340515	FALSE	0
54769	TRUE	2
6850	TRUE	11
100129316	FALSE	0
549	TRUE	16
4783	TRUE	16
100500821	FALSE	0
100500902	FALSE	0
4920	TRUE	8
10558	TRUE	16
100128076	TRUE	2
158314	FALSE	1
3376	TRUE	16
100500918	FALSE	0
100124534	FALSE	0
55035	TRUE	16
401541	TRUE	16
4969	FALSE	0
4958	FALSE	0
54829	FALSE	0
1842	TRUE	2
100616351	FALSE	0
64768	TRUE	16
100128361	TRUE	16
23299	TRUE	16
101929748	TRUE	6
138649	TRUE	14
83744	TRUE	16
642943	FALSE	0
89846	TRUE	16
101927954	FALSE	0
203328	TRUE	8
84270	TRUE	16
4814	TRUE	16
65268	TRUE	16
445577	FALSE	0
158293	TRUE	16
23196	TRUE	16
5253	TRUE	16
100847045	FALSE	0
101929519	TRUE	14
100422927	FALSE	0
56033	TRUE	7
138639	TRUE	16
406881	FALSE	0
406888	FALSE	0
158257	TRUE	13
406886	FALSE	0
169841	TRUE	16
54754	TRUE	8
100132077	FALSE	0
728026	TRUE	15
105376153	FALSE	0
84641	TRUE	16
101928099	TRUE	14
8789	FALSE	0
2203	TRUE	12
84909	TRUE	16
100313780	FALSE	0
102466518	FALSE	0
407011	FALSE	0
407019	FALSE	0
100422842	FALSE	0
407012	FALSE	0
2176	TRUE	16
5727	TRUE	16
100507346	FALSE	0
100128782	TRUE	16
375748	TRUE	16
100188953	FALSE	0
158435	FALSE	0
158434	FALSE	0
3293	TRUE	6
11046	TRUE	16
195828	TRUE	16
22927	TRUE	16
8555	TRUE	16
195827	TRUE	16
441455	TRUE	2
22869	TRUE	16
158431	TRUE	16
100132781	FALSE	0
441454	FALSE	0
441457	TRUE	13
84278	TRUE	16
1515	TRUE	16
340508	FALSE	0
57653	FALSE	0
100499484	TRUE	7
100499483	FALSE	0
100302223	FALSE	0
286359	FALSE	0
23424	TRUE	16
7111	TRUE	8
158427	TRUE	16
4686	TRUE	16
7507	TRUE	16
2304	TRUE	4
51531	TRUE	16
55363	FALSE	0
10541	TRUE	16
54187	TRUE	16
9830	TRUE	16
7464	TRUE	15
55357	TRUE	16
102465514	FALSE	0
9568	TRUE	10
203286	TRUE	16
79695	TRUE	14
1306	TRUE	3
7046	TRUE	16
85365	TRUE	16
10952	TRUE	16
100996569	FALSE	0
101928438	FALSE	1
8013	TRUE	13
441461	TRUE	11
55014	TRUE	16
23071	TRUE	16
27130	TRUE	16
54881	TRUE	16
91283	TRUE	16
100526694	FALSE	0
8577	TRUE	3
347273	TRUE	16
54886	FALSE	0
570	FALSE	0
54534	TRUE	16
7743	TRUE	16
229	FALSE	0
101928470	FALSE	0
84302	TRUE	12
56254	TRUE	16
116443	TRUE	10
5535	FALSE	0
414319	FALSE	0
1539	FALSE	0
101928496	FALSE	0
101928523	FALSE	0
101928550	FALSE	0
10592	TRUE	16
138805	FALSE	0
138804	FALSE	0
138803	FALSE	0
138802	FALSE	0
138799	FALSE	0
392376	FALSE	0
286362	FALSE	0
286365	FALSE	0
25934	TRUE	16
55335	TRUE	9
19	TRUE	15
23446	TRUE	16
83856	TRUE	16
26134	TRUE	16
2218	TRUE	16
6887	FALSE	0
55151	TRUE	16
102465995	FALSE	0
100996590	FALSE	0
105376204	TRUE	4
58499	TRUE	16
340512	FALSE	0
105376336	FALSE	1
5887	TRUE	16
101928720	FALSE	0
9314	TRUE	16
10880	FALSE	0
10881	FALSE	0
8518	TRUE	16
54942	TRUE	16
8727	TRUE	16
23731	TRUE	16
407036	FALSE	0
23732	TRUE	3
54566	TRUE	16
5774	TRUE	16
100500898	FALSE	0
114299	TRUE	11
445815	FALSE	0
11217	TRUE	4
100189025	FALSE	0
401546	TRUE	8
7295	TRUE	16
255220	FALSE	0
79987	TRUE	5
4593	TRUE	2
1902	TRUE	14
102465800	FALSE	0
26248	FALSE	0
23392	TRUE	16
158399	TRUE	15
22949	TRUE	16
652972	FALSE	0
548645	TRUE	16
552891	FALSE	0
2790	TRUE	9
158401	TRUE	7
7357	TRUE	16
100616114	FALSE	0
64420	TRUE	16
9991	TRUE	16
84263	TRUE	16
158405	TRUE	16
58493	TRUE	16
401548	TRUE	16
57864	FALSE	0
169834	TRUE	6
7539	TRUE	10
100128385	TRUE	4
286333	TRUE	12
1318	TRUE	16
23307	TRUE	16
1317	TRUE	16
246184	TRUE	16
9128	TRUE	16
138065	TRUE	2
114987	TRUE	15
54836	TRUE	14
81932	TRUE	16
210	TRUE	16
54107	TRUE	16
257169	TRUE	14
5998	TRUE	16
114991	TRUE	16
259	TRUE	2
113220	TRUE	2
85301	TRUE	13
619556	FALSE	0
5004	FALSE	0
5005	FALSE	0
80709	TRUE	16
25861	TRUE	16
9550	TRUE	16
203197	TRUE	16
100505478	TRUE	5
9966	TRUE	14
944	FALSE	0
3371	TRUE	10
50514	FALSE	0
101928748	FALSE	0
101928775	FALSE	0
58483	FALSE	0
5069	TRUE	9
493913	FALSE	0
23245	TRUE	15
100128505	FALSE	0
22954	TRUE	16
100124538	FALSE	0
101928797	FALSE	1
7099	TRUE	10
1620	TRUE	2
406939	FALSE	0
55755	TRUE	16
1955	TRUE	16
26190	TRUE	16
100288842	TRUE	16
5711	TRUE	16
253039	TRUE	16
26147	TRUE	16
7185	TRUE	16
727	TRUE	16
11064	TRUE	16
51552	TRUE	16
105376337	TRUE	11
2934	TRUE	16
57000	TRUE	7
2040	TRUE	16
2681	FALSE	1
153090	TRUE	16
158135	TRUE	16
100616312	FALSE	0
4702	TRUE	16
254956	FALSE	0
26468	TRUE	9
92400	TRUE	16
92399	TRUE	16
5742	TRUE	10
26740	TRUE	2
347168	FALSE	0
26219	FALSE	0
138883	FALSE	0
138881	FALSE	0
138882	FALSE	0
158131	FALSE	0
347169	FALSE	0
26737	FALSE	0
26735	FALSE	0
254973	FALSE	0
392390	FALSE	0
392391	FALSE	0
392392	FALSE	0
5082	TRUE	16
54542	TRUE	16
692206	FALSE	0
10773	TRUE	16
57684	TRUE	16
23637	TRUE	16
2844	FALSE	0
81571	TRUE	16
693185	FALSE	0
55342	TRUE	16
286204	TRUE	5
57706	TRUE	16
693186	FALSE	0
102465688	FALSE	0
100505588	FALSE	0
9355	TRUE	4
10783	TRUE	16
5695	TRUE	16
100129034	TRUE	16
347088	FALSE	0
2516	TRUE	2
2649	TRUE	16
100379345	TRUE	5
406954	FALSE	0
406956	FALSE	0
169611	TRUE	14
401551	TRUE	4
11224	TRUE	16
81873	TRUE	16
2800	TRUE	16
286205	TRUE	16
5537	TRUE	16
10244	TRUE	16
3309	TRUE	16
26130	TRUE	16
79109	TRUE	16
51145	FALSE	0
5090	TRUE	16
101929116	FALSE	0
89853	TRUE	16
641373	FALSE	0
4010	TRUE	11
23099	TRUE	16
403341	TRUE	16
9649	TRUE	16
23452	TRUE	5
84253	TRUE	15
29988	TRUE	16
7633	TRUE	16
6136	TRUE	16
26783	TRUE	2
90678	TRUE	16
64855	TRUE	16
6812	TRUE	16
100500872	FALSE	1
286207	TRUE	16
138428	TRUE	16
158248	FALSE	1
27433	TRUE	16
10044	TRUE	7
100616250	TRUE	7
100422910	FALSE	0
1025	TRUE	16
2356	TRUE	16
2022	TRUE	16
102723566	TRUE	12
203	TRUE	16
100616429	FALSE	0
30815	TRUE	16
27090	TRUE	16
138429	TRUE	16
8818	TRUE	16
399665	TRUE	16
203245	TRUE	16
114789	TRUE	16
100289019	TRUE	16
80142	TRUE	16
389791	TRUE	3
3934	TRUE	10
79095	TRUE	16
25792	TRUE	16
1759	TRUE	16
406978	FALSE	0
100422893	FALSE	0
2801	TRUE	16
375757	TRUE	16
26995	TRUE	16
51117	TRUE	16
100189109	FALSE	0
10999	TRUE	16
81605	TRUE	16
407003	FALSE	0
100616335	FALSE	0
51148	TRUE	14
4957	TRUE	16
2733	TRUE	16
6709	TRUE	16
89891	TRUE	16
6418	TRUE	16
29941	TRUE	16
84885	TRUE	16
100506100	TRUE	16
10444	TRUE	16
54662	TRUE	16
2021	TRUE	16
51490	TRUE	16
883	TRUE	16
56262	TRUE	16
254295	FALSE	1
22845	TRUE	16
23511	TRUE	16
56904	TRUE	16
84895	TRUE	16
57171	TRUE	16
1384	TRUE	16
5524	TRUE	16
389792	TRUE	16
101929331	TRUE	2
414318	FALSE	0
100506119	TRUE	16
100506190	TRUE	16
28989	TRUE	16
375759	FALSE	0
140459	TRUE	16
51450	TRUE	6
9536	TRUE	14
27348	TRUE	16
1861	TRUE	16
51759	TRUE	16
10868	TRUE	16
102466750	FALSE	0
23048	TRUE	16
57720	TRUE	16
23413	TRUE	16
256158	TRUE	5
445	TRUE	15
100272217	TRUE	9
8939	TRUE	16
102465515	FALSE	0
59335	TRUE	7
23404	TRUE	16
25	TRUE	16
347148	TRUE	8
84929	TRUE	14
10319	TRUE	7
83543	TRUE	16
8021	TRUE	16
286336	TRUE	14
84814	TRUE	4
84726	TRUE	16
26786	FALSE	1
692093	TRUE	12
10585	TRUE	16
83549	TRUE	16
642515	TRUE	5
2889	TRUE	16
9442	TRUE	16
84628	TRUE	12
23064	TRUE	16
7270	TRUE	16
389799	FALSE	1
56751	FALSE	0
64794	TRUE	16
9329	TRUE	16
158067	TRUE	9
11092	TRUE	16
7248	TRUE	16
8328	FALSE	0
100846992	FALSE	0
9328	TRUE	16
102465528	FALSE	0
100996574	TRUE	2
1056	TRUE	15
1057	FALSE	0
5900	TRUE	16
26301	TRUE	4
101928193	FALSE	0
29989	TRUE	8
28	TRUE	12
6838	TRUE	16
6837	TRUE	16
6130	TRUE	16
26820	TRUE	8
26814	FALSE	0
26815	TRUE	15
26813	TRUE	5
6834	TRUE	16
6835	TRUE	16
6836	TRUE	16
169436	TRUE	14
57109	TRUE	16
11093	TRUE	16
11094	TRUE	16
11182	TRUE	16
389827	FALSE	0
9719	TRUE	3
642968	TRUE	2
1621	TRUE	6
138948	TRUE	4
1757	TRUE	6
7410	TRUE	16
266655	TRUE	16
8019	TRUE	16
11091	TRUE	16
100151684	FALSE	0
6256	TRUE	16
100616236	FALSE	0
1289	TRUE	8
101448202	FALSE	0
100616333	FALSE	0
100500846	FALSE	0
100616131	FALSE	0
100500906	FALSE	0
100616344	FALSE	0
100616460	FALSE	0
100616212	FALSE	0
2220	FALSE	0
2219	FALSE	0
10439	TRUE	4
401557	FALSE	0
157927	FALSE	0
100506599	TRUE	16
9858	TRUE	16
138162	TRUE	16
51116	TRUE	16
101928525	TRUE	3
3933	FALSE	0
29991	FALSE	0
5047	TRUE	2
100130954	FALSE	0
102723971	FALSE	0
360203	FALSE	0
392399	FALSE	0
402381	FALSE	0
57582	TRUE	2
157922	TRUE	16
10422	TRUE	16
138151	TRUE	16
90120	TRUE	16
8022	TRUE	3
169714	TRUE	16
100188917	FALSE	0
101928722	FALSE	0
399693	TRUE	7
26102	TRUE	2
26086	TRUE	16
728489	TRUE	16
64170	TRUE	15
6621	TRUE	16
10807	TRUE	16
23203	TRUE	16
56623	TRUE	16
9919	TRUE	16
158055	TRUE	10
4851	TRUE	16
100616242	FALSE	0
100616301	FALSE	0
101928483	TRUE	4
51162	TRUE	16
406913	FALSE	0
10555	TRUE	16
138311	TRUE	16
84973	TRUE	16
677824	FALSE	0
677804	FALSE	0
414332	TRUE	3
158062	FALSE	0
100128593	FALSE	0
102465431	FALSE	0
138307	FALSE	0
389812	TRUE	2
85014	TRUE	16
84960	TRUE	16
100131193	TRUE	16
55684	TRUE	16
100422860	TRUE	12
389813	TRUE	16
29085	TRUE	16
158056	TRUE	16
8721	TRUE	16
7186	TRUE	16
100616480	TRUE	15
54461	TRUE	16
733	TRUE	14
286256	TRUE	12
101928638	FALSE	0
5730	TRUE	3
401562	FALSE	1
286257	TRUE	16
9022	TRUE	13
20	TRUE	16
401563	FALSE	1
2529	FALSE	0
56654	TRUE	16
954	TRUE	14
89958	TRUE	16
91373	TRUE	16
100289341	TRUE	16
11253	TRUE	16
29952	TRUE	16
2902	TRUE	16
389816	TRUE	16
100500811	FALSE	0
100505993	FALSE	0
29882	TRUE	16
8636	TRUE	16
286262	TRUE	16
94107	TRUE	16
27158	TRUE	16
727800	TRUE	16
375791	TRUE	16
643596	TRUE	12
142680	TRUE	14
10383	TRUE	16
401565	TRUE	3
100129722	FALSE	0
441476	TRUE	3
25920	TRUE	16
54863	TRUE	16
441478	TRUE	16
54932	TRUE	16
10811	TRUE	16
377841	TRUE	15
26012	TRUE	16
102466223	FALSE	0
375775	TRUE	13
64975	TRUE	16
92715	TRUE	16
116225	TRUE	16
92714	TRUE	16
85026	TRUE	16
79813	TRUE	16
643210	FALSE	0
693187	FALSE	0
100133077	FALSE	0
774	TRUE	2
101928786	FALSE	0
643224	TRUE	10
101928932	FALSE	0
100132403	TRUE	6
4558	FALSE	0
4549	TRUE	16
4577	TRUE	13
4550	TRUE	16
4567	TRUE	16
4535	TRUE	16
4565	TRUE	5
4572	TRUE	3
4569	TRUE	9
4536	TRUE	16
4578	FALSE	0
4553	FALSE	0
4570	TRUE	16
4511	TRUE	16
4579	TRUE	16
4512	TRUE	16
4574	TRUE	2
4555	TRUE	3
4513	TRUE	16
4566	TRUE	4
4509	TRUE	16
4508	TRUE	16
4514	TRUE	16
4563	TRUE	14
4537	TRUE	16
4573	TRUE	15
4539	TRUE	16
4538	TRUE	16
4564	TRUE	7
4575	FALSE	1
4568	FALSE	1
4540	TRUE	16
4541	TRUE	16
4556	TRUE	12
4519	TRUE	16
4576	TRUE	15
4571	TRUE	16
55344	TRUE	13
8225	TRUE	14
283981	FALSE	0
28227	FALSE	0
6473	FALSE	0
64109	TRUE	2
1438	FALSE	1
100500894	FALSE	0
3563	TRUE	2
293	TRUE	16
105373102	FALSE	0
751580	FALSE	0
80161	FALSE	1
8623	TRUE	12
286530	FALSE	0
8227	TRUE	9
438	FALSE	0
207063	TRUE	7
9189	TRUE	13
102464837	FALSE	0
401577	TRUE	8
100359394	FALSE	0
4267	TRUE	16
7499	FALSE	0
8908	TRUE	10
414	TRUE	14
415	TRUE	2
347527	FALSE	1
416	FALSE	0
100129464	TRUE	2
25878	TRUE	7
5613	TRUE	16
100873944	FALSE	0
389906	TRUE	16
100189132	FALSE	0
100189050	FALSE	0
100189427	FALSE	0
101928201	FALSE	0
57502	FALSE	0
105373156	FALSE	0
100616373	FALSE	0
51481	FALSE	0
8226	TRUE	16
412	TRUE	16
100616467	FALSE	0
26609	FALSE	0
8228	TRUE	14
723779	FALSE	0
51480	FALSE	0
425054	FALSE	0
3730	TRUE	4
171482	FALSE	0
171483	FALSE	0
6907	TRUE	16
4935	TRUE	3
357	TRUE	14
100288814	FALSE	0
55841	TRUE	16
1183	TRUE	16
4281	TRUE	16
3052	TRUE	16
395	TRUE	5
265	FALSE	0
100847063	FALSE	0
10943	TRUE	16
9758	TRUE	2
5634	TRUE	16
51284	TRUE	4
349408	TRUE	3
51311	TRUE	2
7114	TRUE	16
171484	FALSE	0
105373133	FALSE	0
100093698	FALSE	0
92552	FALSE	0
100133123	FALSE	0
25975	FALSE	1
102466519	FALSE	0
170082	TRUE	16
9367	TRUE	16
6399	TRUE	16
8481	TRUE	16
2824	TRUE	8
54960	TRUE	16
286480	TRUE	16
2742	FALSE	0
2187	TRUE	16
158747	TRUE	16
140462	TRUE	10
140456	FALSE	0
5277	TRUE	16
100532742	FALSE	1
2277	FALSE	0
8544	TRUE	16
59272	TRUE	9
660	FALSE	1
104798195	FALSE	0
57393	TRUE	6
340591	TRUE	16
11238	TRUE	16
8551	FALSE	0
8233	TRUE	16
8905	TRUE	16
2925	TRUE	5
645864	FALSE	1
56474	TRUE	16
100616428	FALSE	0
795	FALSE	0
94056	TRUE	16
55787	TRUE	16
5931	TRUE	16
9185	TRUE	16
4810	TRUE	14
100616249	FALSE	0
100873920	FALSE	0
6322	TRUE	14
10742	FALSE	1
139105	FALSE	0
10389	TRUE	14
6792	TRUE	14
6247	FALSE	0
100189191	FALSE	0
5475	FALSE	0
100874004	FALSE	0
100132163	TRUE	4
5256	TRUE	16
10149	TRUE	10
5160	TRUE	16
389840	TRUE	6
30011	TRUE	16
256643	TRUE	16
729609	FALSE	0
256714	TRUE	12
100500809	FALSE	0
1964	TRUE	16
100158262	TRUE	6
100874078	FALSE	0
6197	TRUE	16
22866	TRUE	2
257240	FALSE	0
23676	FALSE	0
51360	TRUE	16
404281	TRUE	16
6611	TRUE	16
5251	TRUE	13
100873942	FALSE	0
100873065	FALSE	0
158506	FALSE	0
168400	FALSE	0
139411	TRUE	6
10549	TRUE	16
23597	TRUE	16
6303	TRUE	16
79135	TRUE	16
254158	FALSE	1
80311	TRUE	16
1968	TRUE	16
100873922	FALSE	0
7543	TRUE	16
170067	FALSE	0
100130302	FALSE	0
5165	TRUE	16
9468	TRUE	4
100874088	FALSE	0
5422	TRUE	16
677773	FALSE	0
170302	TRUE	6
286514	FALSE	0
158809	FALSE	0
347541	FALSE	0
139538	FALSE	0
139420	FALSE	0
347442	FALSE	0
139422	FALSE	0
139425	FALSE	0
102465140	FALSE	0
11141	TRUE	8
100847047	FALSE	0
4113	FALSE	0
4114	FALSE	0
4115	FALSE	0
4112	FALSE	0
190	FALSE	0
80231	FALSE	0
2710	TRUE	16
257397	TRUE	16
53940	FALSE	0
1756	TRUE	8
100500915	FALSE	0
100302239	FALSE	0
158724	FALSE	0
83604	TRUE	11
170062	FALSE	0
139604	FALSE	0
286464	TRUE	2
101928627	FALSE	0
105373154	TRUE	8
442444	FALSE	0
441490	FALSE	0
5638	TRUE	16
347404	TRUE	10
7504	TRUE	14
1536	TRUE	12
6990	TRUE	15
94122	TRUE	14
25763	TRUE	2
100616252	FALSE	0
8406	TRUE	11
6103	TRUE	16
5009	FALSE	0
7102	TRUE	3
100874211	TRUE	13
58526	TRUE	16
286442	FALSE	0
101927449	FALSE	0
100500822	FALSE	0
100616251	FALSE	0
54880	TRUE	16
101927476	FALSE	0
10159	TRUE	16
347411	FALSE	0
159013	TRUE	16
9282	TRUE	16
100873985	TRUE	15
100132831	FALSE	0
8239	TRUE	16
1654	TRUE	16
60506	FALSE	0
8573	TRUE	16
2857	FALSE	0
27197	FALSE	0
80316	FALSE	0
101927501	FALSE	0
4128	TRUE	14
4129	TRUE	9
4693	TRUE	3
80258	TRUE	6
139341	TRUE	14
63904	FALSE	0
7403	TRUE	15
79742	FALSE	0
101927528	TRUE	5
392452	FALSE	0
407006	TRUE	3
407007	FALSE	0
401585	TRUE	15
101927574	TRUE	15
55634	TRUE	16
641339	TRUE	16
401588	TRUE	16
56548	TRUE	14
84679	TRUE	16
6102	TRUE	16
724087	FALSE	1
9767	TRUE	16
9104	TRUE	2
54539	TRUE	16
8241	TRUE	16
7317	TRUE	16
8552	TRUE	15
5127	TRUE	16
8237	TRUE	16
7712	FALSE	0
100124540	FALSE	0
7592	TRUE	16
203414	TRUE	16
369	TRUE	16
6853	TRUE	8
7076	TRUE	16
100616147	FALSE	0
5199	TRUE	5
2002	TRUE	16
8409	TRUE	16
100133957	TRUE	4
392459	FALSE	0
347344	TRUE	16
7569	TRUE	16
389852	FALSE	0
100874120	FALSE	0
57232	TRUE	16
280657	FALSE	0
729201	FALSE	0
6758	FALSE	0
6756	FALSE	0
280660	FALSE	0
10214	FALSE	0
6759	FALSE	0
548313	FALSE	0
92745	TRUE	8
24140	TRUE	16
64840	TRUE	16
10682	TRUE	16
4943	TRUE	16
5935	TRUE	16
64743	TRUE	16
7454	TRUE	7
6839	TRUE	16
392465	TRUE	4
2623	FALSE	0
10013	TRUE	16
3266	FALSE	0
27344	TRUE	12
10245	TRUE	16
10084	TRUE	16
7355	TRUE	16
11040	TRUE	16
55593	TRUE	16
3750	TRUE	14
56850	TRUE	16
7030	TRUE	16
90060	TRUE	16
11230	TRUE	16
11152	TRUE	16
27238	TRUE	16
79917	TRUE	16
5355	TRUE	16
4007	TRUE	16
6855	TRUE	15
100873921	FALSE	0
778	TRUE	3
28952	TRUE	16
50943	TRUE	11
89801	TRUE	16
102724473	FALSE	0
729396	FALSE	0
645037	FALSE	0
729428	FALSE	0
729422	FALSE	0
100132399	FALSE	0
729431	FALSE	0
729408	FALSE	0
645073	FALSE	0
729442	FALSE	0
729447	TRUE	3
2543	FALSE	0
8712	FALSE	0
9506	FALSE	0
158572	TRUE	12
389856	TRUE	16
1184	TRUE	16
693124	FALSE	0
406964	FALSE	0
574502	FALSE	0
574030	FALSE	0
574503	FALSE	0
100422911	FALSE	0
724030	FALSE	0
574504	FALSE	0
8852	FALSE	0
85417	TRUE	14
139189	FALSE	0
57477	TRUE	3
9210	FALSE	0
101926971	FALSE	0
170685	TRUE	2
340602	FALSE	0
55190	TRUE	8
102723426	FALSE	0
441495	FALSE	0
389857	FALSE	0
23708	TRUE	12
9500	TRUE	16
81557	TRUE	2
101340250	FALSE	0
728239	FALSE	1
100124541	FALSE	0
100129860	FALSE	0
102466880	FALSE	0
9502	FALSE	0
653220	FALSE	0
653067	FALSE	0
280659	FALSE	0
280658	FALSE	0
6757	FALSE	0
727837	FALSE	0
494197	FALSE	0
170627	FALSE	0
170626	FALSE	0
727866	FALSE	1
29057	TRUE	9
54328	TRUE	6
64061	TRUE	16
102723508	TRUE	16
8242	TRUE	16
102465539	FALSE	0
102466759	FALSE	0
23096	TRUE	16
8243	TRUE	16
102465516	FALSE	0
158787	TRUE	14
3028	TRUE	16
10075	TRUE	16
407054	FALSE	0
406889	FALSE	0
23133	TRUE	16
54954	TRUE	16
65267	FALSE	0
90121	TRUE	16
2245	TRUE	16
54552	TRUE	16
347365	TRUE	3
10916	TRUE	16
677799	FALSE	0
7216	FALSE	1
5207	TRUE	8
27301	TRUE	16
212	FALSE	1
389860	FALSE	0
203569	FALSE	0
90736	TRUE	16
100463488	FALSE	0
90737	FALSE	0
139793	FALSE	0
100421746	FALSE	0
100847061	FALSE	0
100616155	FALSE	0
28986	TRUE	9
158880	TRUE	12
139628	FALSE	0
10325	TRUE	16
11279	TRUE	8
105377210	FALSE	0
29978	TRUE	16
550643	TRUE	16
442454	TRUE	11
169981	TRUE	16
474343	TRUE	16
158584	TRUE	15
54466	FALSE	0
158586	TRUE	16
7789	TRUE	16
139886	TRUE	16
92249	TRUE	16
23229	TRUE	16
100874355	FALSE	0
100302115	FALSE	0
139285	TRUE	16
105373237	FALSE	0
142689	FALSE	1
55613	TRUE	14
55906	TRUE	10
340554	TRUE	12
81887	TRUE	16
83957	FALSE	0
4478	TRUE	16
407008	FALSE	0
11326	FALSE	0
9843	FALSE	0
60401	FALSE	0
367	TRUE	2
4983	TRUE	16
286451	TRUE	16
9754	TRUE	10
1947	TRUE	16
105373242	FALSE	0
64219	TRUE	16
100996279	FALSE	0
27112	TRUE	16
1896	TRUE	9
100500887	FALSE	0
158835	FALSE	0
139562	FALSE	0
3476	TRUE	16
347516	FALSE	0
158833	FALSE	0
5030	FALSE	0
407	TRUE	5
347517	TRUE	13
51248	TRUE	16
24137	TRUE	16
54857	TRUE	2
105373244	FALSE	0
1741	TRUE	16
100873930	TRUE	10
56159	FALSE	0
84889	FALSE	0
29934	TRUE	16
4303	TRUE	16
158830	FALSE	0
3561	TRUE	8
9968	TRUE	16
54413	TRUE	7
2705	TRUE	4
9203	TRUE	16
4841	TRUE	16
26548	TRUE	7
6872	TRUE	16
27160	FALSE	0
8473	TRUE	16
93953	TRUE	16
2833	FALSE	0
101059915	FALSE	0
441501	FALSE	0
100130361	FALSE	1
100132994	FALSE	1
100132741	FALSE	0
340527	TRUE	6
441502	FALSE	0
340526	TRUE	10
392490	FALSE	0
5303	TRUE	16
54821	TRUE	16
6191	TRUE	16
4435	TRUE	9
55869	TRUE	16
5255	TRUE	16
101928259	FALSE	0
653687	FALSE	0
728656	FALSE	0
100132304	FALSE	0
63947	FALSE	0
100129407	FALSE	0
203429	FALSE	0
101928345	FALSE	0
645974	FALSE	0
340529	FALSE	0
645996	FALSE	0
4674	TRUE	2
1046	FALSE	0
139201	FALSE	1
53344	TRUE	16
9383	FALSE	0
7503	FALSE	0
554203	TRUE	16
100302692	TRUE	16
693122	FALSE	0
100126317	FALSE	0
100500807	FALSE	0
664614	FALSE	0
442919	FALSE	0
389874	FALSE	0
6567	TRUE	12
51132	TRUE	16
340533	FALSE	0
22	TRUE	16
139596	TRUE	16
646127	FALSE	1
158866	FALSE	0
286495	TRUE	11
139599	FALSE	0
105373256	FALSE	0
51260	TRUE	16
57692	TRUE	8
101928469	FALSE	0
494333	FALSE	0
442899	FALSE	0
8823	FALSE	0
546	TRUE	16
84061	TRUE	16
1349	TRUE	16
538	TRUE	16
441531	TRUE	15
5230	TRUE	16
51616	TRUE	16
10800	FALSE	0
203430	FALSE	0
2846	FALSE	0
100422932	FALSE	0
27334	FALSE	0
84636	FALSE	0
9452	FALSE	0
50945	FALSE	0
101060146	TRUE	6
169966	FALSE	1
254065	TRUE	14
79366	TRUE	10
6451	TRUE	10
5456	FALSE	0
1538	FALSE	0
27330	TRUE	8
100302191	FALSE	0
139324	TRUE	11
100131816	FALSE	0
139322	TRUE	14
340562	FALSE	0
101928128	FALSE	0
7552	TRUE	9
79983	TRUE	9
100302171	FALSE	0
1121	TRUE	14
494323	FALSE	0
117154	FALSE	0
56062	TRUE	11
53336	FALSE	1
90316	FALSE	0
102724167	FALSE	0
140886	FALSE	0
27328	FALSE	0
4675	TRUE	2
286499	FALSE	0
100313772	FALSE	0
643486	FALSE	0
1730	TRUE	14
29935	FALSE	0
10824	TRUE	7
105373297	FALSE	0
442459	FALSE	0
57526	FALSE	0
64102	FALSE	0
7105	TRUE	15
27286	TRUE	12
94121	TRUE	14
1478	TRUE	16
27035	TRUE	15
402415	TRUE	10
392509	FALSE	1
79979	TRUE	16
59353	FALSE	0
2491	TRUE	16
1821	TRUE	7
54457	FALSE	0
1678	TRUE	16
695	TRUE	3
100529097	FALSE	0
6173	TRUE	16
2717	TRUE	16
3188	FALSE	0
100131755	TRUE	10
51309	TRUE	6
54470	TRUE	14
51566	TRUE	16
100873747	FALSE	0
9823	TRUE	9
55998	FALSE	0
84460	TRUE	6
140597	FALSE	0
158931	FALSE	0
340542	TRUE	8
100996631	FALSE	0
56001	FALSE	0
728343	FALSE	0
100996648	FALSE	0
11013	TRUE	4
55999	FALSE	0
64860	TRUE	16
100528062	TRUE	15
9737	TRUE	16
114928	TRUE	11
80823	TRUE	16
100287765	TRUE	16
282808	FALSE	0
55859	TRUE	3
56000	FALSE	0
56271	TRUE	4
90843	TRUE	14
340543	FALSE	0
84707	TRUE	12
56849	FALSE	0
51186	TRUE	14
27018	TRUE	12
142684	TRUE	8
79921	TRUE	16
85012	TRUE	14
9338	TRUE	16
9643	TRUE	16
340544	TRUE	7
441509	FALSE	0
203562	FALSE	0
5354	FALSE	0
51209	TRUE	9
286527	FALSE	0
767811	FALSE	0
158983	FALSE	0
286436	FALSE	0
100101478	FALSE	0
401612	TRUE	16
644353	FALSE	0
286437	TRUE	16
139231	TRUE	16
80712	TRUE	2
26280	TRUE	8
56157	FALSE	0
203447	FALSE	0
6906	FALSE	0
139221	TRUE	5
55086	TRUE	7
100616144	FALSE	0
79589	TRUE	7
54885	TRUE	14
92129	FALSE	0
9075	FALSE	1
79710	TRUE	16
55285	TRUE	16
54830	TRUE	14
139212	FALSE	0
100874122	FALSE	0
84443	TRUE	8
5631	TRUE	16
1831	TRUE	16
11043	TRUE	14
101928335	FALSE	1
56156	FALSE	0
340547	TRUE	6
5716	TRUE	16
115201	TRUE	16
1288	TRUE	10
1287	TRUE	12
8471	TRUE	2
101928358	FALSE	1
102464835	FALSE	0
2986	FALSE	0
55916	TRUE	16
23630	FALSE	0
2182	TRUE	16
105373311	TRUE	8
84187	TRUE	16
724022	FALSE	0
100616491	FALSE	0
101928589	FALSE	0
9949	TRUE	16
692226	FALSE	0
57529	TRUE	2
6998	FALSE	0
91851	TRUE	3
5063	TRUE	2
827	FALSE	0
1641	TRUE	2
401613	FALSE	0
79868	TRUE	16
7224	FALSE	0
100329135	FALSE	0
340595	FALSE	0
340596	FALSE	0
154796	TRUE	13
100423009	FALSE	0
101928437	FALSE	0
3358	FALSE	0
677816	FALSE	0
100313838	FALSE	0
100302144	FALSE	0
100302251	FALSE	0
100302153	FALSE	0
100302222	FALSE	0
554212	FALSE	0
3598	TRUE	2
57631	FALSE	0
139804	FALSE	0
51213	FALSE	0
105373314	FALSE	0
101927352	TRUE	11
5358	TRUE	16
642776	TRUE	6
186	FALSE	0
11254	TRUE	8
203413	TRUE	4
100126447	FALSE	0
90293	TRUE	12
54521	TRUE	16
100302214	FALSE	0
139818	TRUE	12
3597	TRUE	16
101928242	FALSE	0
170261	TRUE	2
101928287	FALSE	0
79836	TRUE	14
57481	FALSE	0
10857	TRUE	16
101928336	FALSE	0
203427	TRUE	15
100303728	TRUE	16
292	TRUE	16
63932	TRUE	16
7319	TRUE	16
55922	TRUE	16
23157	TRUE	16
768218	FALSE	0
347454	TRUE	4
6170	TRUE	16
26779	TRUE	3
65109	TRUE	16
7737	TRUE	16
4694	TRUE	16
158798	FALSE	1
79576	TRUE	16
727940	FALSE	0
158800	FALSE	0
104797536	FALSE	0
84528	FALSE	0
158801	TRUE	16
10009	TRUE	16
55026	TRUE	13
23439	FALSE	0
3920	TRUE	16
8450	TRUE	16
28985	TRUE	16
29071	TRUE	16
643311	FALSE	0
100507170	FALSE	0
255313	FALSE	0
728036	FALSE	0
728042	FALSE	0
728049	FALSE	0
653282	FALSE	0
728062	FALSE	0
728072	FALSE	0
728075	FALSE	0
728082	FALSE	0
728090	FALSE	0
728096	FALSE	0
2747	TRUE	12
100500869	FALSE	0
2892	FALSE	0
57187	TRUE	16
331	TRUE	16
101928402	FALSE	1
10735	TRUE	16
4068	FALSE	0
10178	TRUE	2
100129520	TRUE	2
101928495	FALSE	0
340578	FALSE	0
139170	FALSE	0
100130613	FALSE	0
139741	FALSE	0
6594	TRUE	12
4952	TRUE	16
8862	TRUE	7
7512	FALSE	0
54440	TRUE	2
51114	TRUE	16
10813	TRUE	16
63035	TRUE	16
2000	TRUE	16
9131	TRUE	16
9363	TRUE	3
55609	TRUE	16
9016	TRUE	16
139760	FALSE	1
51634	TRUE	16
55855	TRUE	16
10495	TRUE	16
104266960	FALSE	0
158763	FALSE	0
3547	TRUE	4
347468	FALSE	0
286467	TRUE	10
51765	TRUE	16
90167	FALSE	0
57826	TRUE	16
101928578	TRUE	12
55796	TRUE	13
90161	TRUE	6
100874102	FALSE	0
83844	FALSE	0
51270	FALSE	0
2239	TRUE	12
2719	TRUE	4
574031	FALSE	0
407049	FALSE	0
406981	FALSE	0
574032	FALSE	0
574033	FALSE	0
406899	FALSE	0
347475	TRUE	2
84295	TRUE	16
3251	TRUE	16
100126302	FALSE	0
554214	FALSE	0
574505	FALSE	0
664617	FALSE	0
84848	TRUE	3
574506	FALSE	0
494336	FALSE	0
100506757	FALSE	0
10761	TRUE	8
159090	TRUE	16
159091	TRUE	16
56180	TRUE	16
644538	TRUE	8
441518	TRUE	14
8933	TRUE	16
26071	TRUE	16
644596	TRUE	7
100129515	FALSE	0
100287728	FALSE	0
54967	FALSE	0
7626	TRUE	16
203523	TRUE	16
100506790	FALSE	0
399668	TRUE	7
100874118	FALSE	1
203522	TRUE	16
644717	FALSE	0
541466	FALSE	0
441519	FALSE	0
441521	FALSE	0
541465	FALSE	0
728911	FALSE	0
101060211	FALSE	0
102723737	FALSE	0
102723680	FALSE	0
102723631	FALSE	0
55511	FALSE	0
93380	TRUE	16
10479	TRUE	16
2273	TRUE	12
79649	TRUE	16
139378	FALSE	0
680	FALSE	0
27336	TRUE	16
51442	TRUE	10
100126324	FALSE	0
100128420	FALSE	0
959	FALSE	0
9459	TRUE	6
27316	TRUE	16
101928747	TRUE	15
26787	FALSE	0
83550	FALSE	0
7547	FALSE	0
158696	TRUE	2
2258	TRUE	9
574507	FALSE	0
100129662	FALSE	0
6719	FALSE	0
2158	FALSE	0
4168	FALSE	0
286410	TRUE	15
574508	FALSE	0
347487	FALSE	0
389895	FALSE	0
6658	FALSE	0
286411	FALSE	0
1038	FALSE	0
100302169	FALSE	0
728695	FALSE	0
23641	TRUE	2
64663	FALSE	0
619455	FALSE	0
30014	FALSE	0
728712	FALSE	0
645188	FALSE	0
64648	FALSE	0
139081	FALSE	0
9947	FALSE	0
51438	FALSE	0
441525	FALSE	0
139067	FALSE	0
139065	TRUE	6
494119	FALSE	0
389898	FALSE	0
494118	FALSE	0
84631	FALSE	1
9142	FALSE	0
102466721	FALSE	0
100126303	FALSE	0
100126306	FALSE	0
100126342	FALSE	0
100126307	FALSE	0
100126304	FALSE	0
100126341	FALSE	0
101928808	FALSE	0
100133053	FALSE	0
100129239	FALSE	0
105373347	FALSE	0
100302114	FALSE	0
100313822	FALSE	0
574509	FALSE	0
574510	FALSE	0
574511	FALSE	0
574512	FALSE	0
574513	FALSE	0
100422847	FALSE	0
100126301	FALSE	0
100126337	FALSE	0
574514	FALSE	0
574515	FALSE	0
574516	FALSE	0
574517	FALSE	0
574518	FALSE	0
100126270	FALSE	0
2332	TRUE	16
158521	FALSE	0
2334	FALSE	0
3423	TRUE	16
100131434	TRUE	16
91966	TRUE	16
101928917	FALSE	0
728269	FALSE	0
100130086	FALSE	0
84548	TRUE	16
4110	FALSE	0
100506164	FALSE	0
4108	FALSE	0
101241891	FALSE	0
101410537	FALSE	0
4107	FALSE	0
541578	TRUE	16
101927685	FALSE	0
100272228	TRUE	15
100313839	FALSE	0
10046	TRUE	15
4534	TRUE	16
8776	TRUE	16
83692	TRUE	16
3149	TRUE	16
100422930	FALSE	0
9248	FALSE	0
203547	TRUE	16
139135	FALSE	0
79057	FALSE	0
89885	FALSE	1
1260	FALSE	1
105373368	FALSE	0
4103	TRUE	2
2564	TRUE	9
407009	FALSE	0
574412	FALSE	0
4104	FALSE	0
100533997	FALSE	0
4109	FALSE	0
2556	FALSE	1
406897	FALSE	0
768215	FALSE	0
406898	FALSE	0
55879	FALSE	0
4102	TRUE	6
102723547	TRUE	2
266740	TRUE	2
158511	TRUE	4
4111	TRUE	4
100130935	FALSE	0
4101	FALSE	1
389903	TRUE	2
4105	TRUE	6
1069	TRUE	16
50814	TRUE	16
7739	TRUE	16
114824	FALSE	0
29944	TRUE	2
84968	TRUE	6
4100	FALSE	1
105373377	FALSE	0
10838	TRUE	16
139735	TRUE	7
11219	TRUE	13
55559	TRUE	16
105373382	FALSE	0
105373381	FALSE	0
633	TRUE	4
492	FALSE	0
92002	TRUE	16
1852	TRUE	12
139728	FALSE	1
6535	TRUE	16
10134	TRUE	16
215	TRUE	16
5365	TRUE	14
26576	TRUE	8
3421	TRUE	16
6748	TRUE	16
57595	TRUE	7
3897	TRUE	14
100996465	FALSE	0
554	TRUE	5
393	TRUE	13
8260	TRUE	16
5973	TRUE	3
3054	TRUE	16
100873990	FALSE	1
8269	TRUE	16
100422987	FALSE	0
100422877	FALSE	0
3654	TRUE	16
100313781	FALSE	0
4204	TRUE	16
5956	FALSE	0
2652	FALSE	0
728458	FALSE	0
101060233	FALSE	0
1527	FALSE	0
8277	FALSE	1
105373386	FALSE	1
2316	TRUE	16
2010	TRUE	16
6134	TRUE	16
26778	TRUE	16
1774	TRUE	16
6901	TRUE	16
158960	TRUE	16
537	TRUE	16
2664	TRUE	16
9130	TRUE	16
102465517	FALSE	0
55558	TRUE	16
8270	TRUE	16
8266	TRUE	16
8273	TRUE	16
60343	TRUE	16
2539	TRUE	16
8517	TRUE	16
100132967	FALSE	0
246100	FALSE	0
1485	FALSE	0
286967	FALSE	0
30848	FALSE	0
139716	TRUE	4
1736	TRUE	16
677817	FALSE	0
100847052	FALSE	0
677835	FALSE	0
4354	TRUE	14
100132963	FALSE	0
2157	TRUE	16
474382	FALSE	0
8263	TRUE	16
100302111	FALSE	0
65991	TRUE	16
100272147	TRUE	16
4515	TRUE	16
79184	TRUE	16
7411	TRUE	16
116442	TRUE	8
1193	TRUE	6
101927830	FALSE	0
474381	FALSE	0
474383	FALSE	0
100422985	FALSE	0
474384	FALSE	1
100422977	FALSE	0
83740	FALSE	0
100507404	FALSE	0
55217	TRUE	16
10251	FALSE	0
6845	TRUE	16
3581	FALSE	0
727856	FALSE	0
105379416	FALSE	1
100132596	FALSE	0
6736	FALSE	0
6192	TRUE	2
7544	TRUE	2
100873962	TRUE	2
90655	FALSE	0
83259	FALSE	0
100101121	FALSE	0
64591	FALSE	0
100873964	FALSE	0
100101116	FALSE	0
100101117	FALSE	0
100101115	FALSE	0
246122	FALSE	0
100101118	FALSE	0
266	FALSE	0
90665	TRUE	2
5616	TRUE	2
252948	FALSE	1
83867	FALSE	0
252950	FALSE	0
252952	FALSE	0
83866	FALSE	0
286557	FALSE	0
252951	FALSE	0
728395	FALSE	0
728403	FALSE	0
728137	FALSE	0
100289150	FALSE	0
7258	FALSE	0
252946	FALSE	0
100289087	FALSE	0
64593	FALSE	0
84673	FALSE	0
100101120	FALSE	0
252953	FALSE	0
60439	FALSE	0
50858	FALSE	0
252954	FALSE	0
252955	FALSE	0
352887	TRUE	2
64595	TRUE	2
8287	TRUE	2
8653	TRUE	2
7404	TRUE	2
9087	TRUE	2
9084	FALSE	0
353513	FALSE	0
22829	FALSE	0
100874056	FALSE	0
340618	FALSE	0
401629	TRUE	2
9082	FALSE	0
203611	FALSE	0
9426	FALSE	0
353515	FALSE	0
401630	FALSE	0
100302526	FALSE	0
86614	FALSE	0
425057	FALSE	0
83864	FALSE	0
159119	FALSE	0
83869	TRUE	2
286554	FALSE	0
246126	TRUE	2
8284	TRUE	2
246119	FALSE	0
9086	TRUE	2
140032	FALSE	0
100533178	FALSE	0
159125	FALSE	0
378948	FALSE	0
5940	FALSE	0
83868	FALSE	0
378949	FALSE	0
378950	FALSE	0
442862	FALSE	0
101929148	FALSE	0
441543	FALSE	0
159163	FALSE	0
83863	FALSE	0
159162	FALSE	0
100652931	FALSE	0
378951	FALSE	0
84672	FALSE	0
9081	FALSE	0
252949	FALSE	0
114761	FALSE	0
9083	FALSE	0
1617	FALSE	1
57055	FALSE	0
474148	FALSE	0
253175	FALSE	0
84559	FALSE	0
474151	FALSE	0
474149	FALSE	0
442867	FALSE	0
57054	FALSE	0
57135	FALSE	0
442868	FALSE	0
474150	FALSE	0
474152	FALSE	0
401634	FALSE	0
114758	FALSE	0
9085	FALSE	0
114760	FALSE	0
102724828	FALSE	0
102724852	FALSE	0
103344718	FALSE	0
105379672	FALSE	0
85316	FALSE	0
105379272	FALSE	0
727764	FALSE	0
100287823	FALSE	0
105379528	FALSE	0
28451	FALSE	0
102723407	FALSE	0
102723502	FALSE	0
102723532	FALSE	0
102723613	FALSE	0
102725021	FALSE	0
102723655	FALSE	0
102723912	FALSE	0
105379532	FALSE	0
102723930	FALSE	0
105379545	FALSE	0
105379534	FALSE	0
102723713	FALSE	0
105379538	FALSE	0
105379539	FALSE	0
105379541	FALSE	0
105379546	FALSE	0
102724014	FALSE	0
105379542	FALSE	0
102724052	FALSE	0
105379547	FALSE	0
403340	FALSE	0
105379522	FALSE	0
102724250	FALSE	0
729587	FALSE	0
102724179	FALSE	0
102724197	FALSE	0
105369189	FALSE	0
102724823	FALSE	0
102724844	FALSE	0
102724728	FALSE	0
102724751	FALSE	0
105379550	FALSE	0
102724770	FALSE	0
102724788	FALSE	0
102723722	FALSE	0
101929829	FALSE	0
105379425	FALSE	0
100874392	FALSE	0
102724813	FALSE	0
100233156	FALSE	0
389834	FALSE	0
389831	FALSE	0
100288966	FALSE	0
283788	FALSE	0
101928318	FALSE	0
100507412	FALSE	0
100861532	FALSE	0
100008588	FALSE	0
100008587	FALSE	0
100008589	FALSE	0
105379422	FALSE	0
105379423	FALSE	0
102723382	FALSE	0
642249	FALSE	0
105379554	FALSE	0
105379557	FALSE	0
105379559	FALSE	0
105379561	FALSE	0
102723822	FALSE	0
102723891	FALSE	0
