ENTREZID	mean	SD
653635	7.41404944086413	0.467436611566294
729737	4.87131667162006	2.76120157083443
102723897	7.2160954103322	0.416356930833983
102465432	2.80669595241636	0.920406237910496
100133331	5.50279234259657	0.567318734132974
100288069	5.9299509986418	0.552206389414325
400728	2.58665912082774	0.847936126104562
79854	4.6033095447229	0.995774253847687
643837	8.77483784309726	0.990074550821696
100130417	3.07876102321905	1.60943507902927
148398	4.87303726320886	2.3966676960151
26155	12.4097439836921	0.659018038881188
339451	8.41322513325582	0.495885116740077
84069	7.79230318870764	0.878420875959904
84808	6.46605226437139	0.922649506999385
57801	9.54014724641907	0.796562600104912
9636	11.8683340350127	1.44657663936599
375790	13.9688414011075	1.21696895507484
105369174	5.49333017515182	1.10400395786899
105378948	5.33569522054595	1.29429772766998
401934	6.09661856973466	3.31440054549418
54991	9.13458253932166	0.434573275514361
254099	1.04189013178582	1.62597715232394
406984	1.7589371428651	1.5384299473306
406983	2.0008599048829	1.79624568893033
554210	2.28931335913163	1.85470028848798
254173	3.02465762064574	1.84029856492001
8784	3.4921870897835	2.48688935366852
7293	1.77782493562714	1.25598687390266
51150	12.9736598174644	0.406440965422558
126792	10.5589731752899	0.512620694771314
388581	4.9337210401065	2.02611123716679
118424	11.4755048070948	0.436346419091996
6339	5.90592540983275	1.53957980227378
116983	10.0864256074172	0.986849753112133
126789	9.30740036679923	0.528251836599478
54973	11.2119220289367	0.346843585711709
80772	10.6943935851772	0.533830678051622
83756	5.9781221895356	1.37169558604644
1855	11.931958262738	0.418034237741279
54587	8.35992729146376	1.9177987445496
54998	12.4449427987349	0.425898933360915
81669	10.7976885848242	0.457071481285891
148413	9.3643215699686	0.362299309270023
55052	11.427146065843	0.485038397585547
441869	3.0176074265629	3.31627115524959
643965	2.27104973115525	3.18334133593888
102724312	3.68646420527972	2.20092193608543
64856	9.53516372131914	3.80777755073648
219293	5.65639872074916	2.74457367398461
83858	10.48975428622	0.713569342966904
55210	11.1199048712068	0.506359920612268
339453	4.7109918065072	0.891659045644663
29101	12.1720915611332	0.323468271875829
643988	6.67825960406246	3.4495486409919
142678	9.70980491515842	0.424657198060445
984	11.0701606099777	0.231513108163193
728661	11.0343160207782	0.445606910964424
8511	2.20424091246637	1.44491950875949
728642	9.6894446652729	0.527703738263555
9906	9.10086844435249	1.00119448015829
65220	11.3780463670055	0.210479625107244
2782	13.3143160154545	0.648592024227809
105378949	4.77550310130814	0.860369918779799
163688	1.83660073205756	1.48877655489727
339456	5.20785392581166	1.26776723427784
2563	3.10027191743567	3.52828663697825
5590	9.90062574108067	0.780080490364503
100506504	4.80149025574104	0.588110507982341
199990	10.4835194090212	0.507632730832508
105378592	1.74464700403413	1.28295697185571
6497	11.0387421774134	0.682449678604836
79906	7.69752355161989	0.71541026911625
100129534	4.83363797961381	1.86732082807898
11079	12.0216956757645	0.313758002560705
5192	9.45992162375311	0.423613241448368
9651	3.37201739609123	1.67074564064002
55229	3.79489763631432	1.31592821284334
8764	2.48768957616981	1.79369351608077
127281	3.8925930721181	1.70994140630154
440556	1.95023811220632	2.31385276897922
63976	5.4539064348773	2.89565743165058
27237	9.90586560069094	1.25955681387283
1953	8.5363380687082	2.35609429618353
127262	11.329606229325	0.615095462298077
49856	9.38512157049536	0.419316504149492
7161	8.01506253426623	0.851020084903203
57212	7.20555010335108	2.00540496217573
148870	1.71201289004435	1.34115630203003
388588	5.06501945683313	1.94064523692732
57470	11.1457266281609	0.323665296519005
9731	10.377787358916	0.472946505203278
1677	7.40232810483218	0.800385475146916
339448	10.0739750654269	0.53152733092107
100133612	4.58302697155024	1.52673773177431
261734	8.54807714869353	0.550548461583155
8514	8.52987040862492	2.31334348706741
26038	5.86280049260541	4.10223752011175
6146	14.3006811907049	0.463641336054819
102724450	2.74653654564695	0.936587217298859
388591	8.37649414172872	1.20476417567958
23463	11.9517474153558	0.583378026745256
148645	4.98601080450972	1.19087618874192
387509	8.36454598892089	1.28862676860086
11332	10.6739963955056	0.784339828981965
54626	4.67941315002676	2.83385494602499
83715	6.21797200231771	2.75249133784649
8718	6.3869035454613	1.75229607599105
57449	8.81843744150755	1.59128103354484
79707	10.0285875450507	0.452132271972494
3104	8.73565253694967	0.458864612251433
9903	10.1921989753188	0.394933877265503
148479	10.3537717839384	0.560250249019283
90326	8.40906050480681	0.568889624619209
55735	11.1816654576469	0.460220984309774
23261	10.287083883079	0.429636600433055
9341	11.9429711519512	0.431078108627876
8863	9.91980817276158	1.00123820478304
3604	4.18623112829606	1.2579786908293
11315	13.2863400364552	0.428916055401839
54206	13.4142833282127	1.15380390159339
102724539	1.7200195065252	1.70049406274372
50651	5.22685761903898	3.20153541415823
473	11.8719367550977	0.980407649582583
2023	15.7703905138897	0.566324835756696
100505975	2.49254934667878	1.09372992108216
765	1.02647977084524	1.9717185910428
6518	1.68723035874492	2.34235796473419
80045	7.89370489904136	1.85937244816898
9563	10.4691879069371	1.19771376248141
80176	10.1886223068063	0.947684752426042
100506022	3.50156778779437	1.18573295890653
84275	9.54614162073002	0.798158023680045
199953	9.56856500951769	0.596397284738854
5293	6.72732458480884	1.80382920706387
101929074	3.70426251683979	2.5183814064232
22883	13.3077460375649	0.372814016584193
56998	10.3128505377255	1.01989501245092
84328	10.1697890155983	0.492999737058743
64802	8.8332751897772	0.72295620254856
116362	3.15153320710107	2.91247389676114
10277	11.7091090885913	0.531838821569282
23095	11.7817959105907	0.689325890082037
5226	12.7780905805123	0.728834098285636
378708	6.51394495813056	0.594151727560722
1676	11.1473388549736	0.584051428817961
5195	10.43347521217	0.344238811542752
54897	9.66838438214313	0.961982681086234
148345	1.74211323622463	3.10672080860966
23435	12.6852683185355	0.183604362401556
10747	4.55238843083666	0.436646126308188
6723	11.71510024166	0.778563223060352
5394	11.3740057626757	0.455280895071339
2475	12.1606100660011	0.591805142241599
29914	10.0117506137708	0.455346644144474
57540	3.0129470432351	2.67963568104641
26232	9.74434181660801	1.87404030564411
93611	9.17446060672489	1.18581368220972
26270	7.65499041188993	2.53938679672137
10459	10.380453614059	0.522786119911775
57085	10.0708570518604	0.685224119269255
4524	9.80125047001146	0.695178207387694
1185	9.00810240650278	0.355243499684927
100379251	2.59849976620472	0.930870773821585
4878	3.64958126336252	1.36599733594507
90231	11.37894046997	0.400657001160192
5351	11.8643243797577	0.92811497597997
9927	12.5165018917253	0.407443975469106
60672	9.46427723181771	0.469888154631325
943	2.21327689945426	1.12630830781038
7133	7.32107476998367	2.65085047584339
55187	11.2142125316094	0.492407304684012
9249	10.6951548511107	2.73127606333892
7799	10.7547609736529	0.558187806536446
23254	7.21867033804191	1.69586428494232
200197	4.69531764252451	1.62527357285946
55092	9.75369415570893	0.762811425906916
114827	4.0723586544744	2.06820016708862
79180	12.3673374014489	0.738094335794166
842	8.7566857221655	0.470419041739744
23341	10.0665646635766	0.71467705425818
79814	8.19921850300558	2.233094469838
84301	9.02662697003062	0.594889295140117
6248	8.16886178232297	0.574741027585761
23207	11.2932044560012	0.372727491896064
284723	4.03618826001791	0.943959243916328
54751	9.56428641960288	2.43964363083779
440567	8.01050037866314	0.501053076808331
729614	7.53119407633479	0.694131356660002
23013	12.4245461517692	0.291774204324107
7709	9.66026208953617	0.340539618434226
348487	5.43076959361988	2.07007621306152
1969	13.4061319873261	0.917030589881642
128272	8.72381773942329	0.731305727159657
101927546	2.6553740002228	0.83367283038151
79363	7.51735511030119	0.86447275862615
54455	10.1162498025925	0.400442406374047
26099	13.0884676716186	0.291664866107151
55707	10.7875928753566	0.417897489063783
114819	5.73656286267486	0.685314996535913
26871	0.828698477441504	1.29969060974933
55672	8.86266083583969	0.61680634915424
84809	8.17688099456321	0.640230946118874
11209	4.35083032944989	0.892830723011859
284729	1.10556488016099	1.61624111228114
11223	2.81135020055589	1.09028078215186
9696	7.89730918390311	1.20951504613525
4237	3.45648066208359	2.0765281790638
23400	11.0612421427169	0.468606681857601
6390	11.6278905100061	0.362474880945039
11240	6.43118118058886	3.87673772664236
29943	8.81069462483127	3.74098542490392
51702	4.73099048723302	2.17947543489813
23569	1.91054864889247	1.90558411149443
55920	13.6465958508285	0.640531967793058
55160	9.41544719086744	1.05256656426391
81569	2.34186632204558	1.61855748190184
127707	5.35111157222007	3.40296420821173
5081	3.15352706789942	4.23896680407108
8659	9.47071660298479	1.73081407272389
126917	10.7134260306882	2.48249952088278
23352	13.217649043515	0.400102485391344
23065	12.2622915283699	0.519038169606149
51154	11.5089475824688	0.528951960678483
246181	2.81569679726786	1.91224143605874
22977	4.71864063199718	3.06779718473354
100506730	5.83812149988013	0.759376194933913
8574	10.7364785428675	0.366585017111425
54896	9.62902968130479	0.596763827890079
832	13.4283965935602	0.603013129159324
440574	11.9047462910329	0.481220115363121
644068	3.93009023052039	0.725250919784259
4681	4.75754015518472	1.46804773923579
3362	2.35536037412797	2.5089653745244
255104	9.23164015187063	0.639740888108911
54546	1.35276709407314	3.25850340261383
23252	9.47807915345374	0.797996507686466
5320	1.20145184135018	1.87023053278389
64600	1.75513916637396	1.79787880850135
127733	2.17406069088842	2.31614021116867
101928017	0.599298991914259	1.47354469754135
55450	10.4359317099651	2.69426491520542
79594	10.2848959853115	0.429034832205037
163933	1.20347941859708	2.89961956465885
978	7.91717877808449	2.73313638017815
65018	9.39372242306312	0.743840750711614
100861548	6.89678365204257	0.710071867137738
1650	13.6196679880368	0.400490380564306
57576	3.80871339694313	1.78794950785892
400745	7.20656639412555	1.38247915288924
50809	12.8957327877945	0.423594839052912
8672	12.2487955290958	0.360260651734148
1889	12.5602084703641	0.81640434130998
100506801	1.88645911138035	1.29652825040593
84224	6.6658243907387	3.01808609285677
249	2.07242569163975	2.17442540678984
5909	8.55841559336466	0.999936648558504
84196	11.2382298989687	0.525018587037802
401944	2.28052753843698	1.62182692055755
3339	12.6703562349934	1.45136637895112
23436	0.947736879291329	1.71950799505003
101928043	2.50067187346676	1.0935289879649
29092	7.65390952038651	0.785406082520569
998	13.7000994715247	0.389713486258768
54361	6.63734692593694	2.60144735049172
9923	10.5444581024413	0.516265172882481
2046	1.63481139648357	2.0780716009185
714	1.47434059647044	1.60602312322174
2048	10.4806865675883	1.00533593839066
23028	12.0994117292615	0.84397820959127
7798	10.9938972004651	0.619170339570278
3352	6.15422010316829	2.89760868752991
100996511	3.14631934047997	0.572564445101919
10236	13.3456529063071	0.40472811720283
80818	9.09197844639058	0.649812573231433
148898	4.45670079674352	0.742354105952903
6920	6.58809089116122	2.23657450483059
55616	7.98859535329437	1.21950855967727
1870	8.83901232229759	0.696971318453935
3399	8.97825156175259	3.41887557046654
259283	1.064462989465	1.57694935638582
6135	14.4672780808602	0.272619618638155
6924	11.4935198863983	0.530548300176025
100506963	4.18261286108203	0.762716297967903
57095	10.4945867932313	0.589655977674785
11313	11.8730829021807	0.397108590251744
2582	11.3347920022595	0.614801578462875
3155	10.0087842772321	0.383857681417395
2517	9.82921601792447	0.852884163230478
55629	12.2436240200387	0.382784903325874
10772	11.9807614339933	0.231861572411263
58985	5.70483750507213	2.54014726109181
163702	7.61150127843364	1.30813794836073
57822	6.11480739700061	2.70357035835393
90529	8.46321143089281	0.499971805158544
57185	10.6476613106542	0.904568630073981
100750325	1.43475433354881	1.14269585540325
11123	9.00201680824634	0.792309563290383
100506985	6.06664145881095	0.918541080615167
400746	3.449712720587	2.35543211433869
10250	11.9378145440567	0.332437404626151
25932	11.3061207911985	2.27110585961524
25949	10.8631055139202	0.443564485004414
57035	9.23747225953688	0.582888685503885
6007	2.61494145633592	1.69085159832322
23585	11.3353911093549	0.499010662735011
6006	3.16310926385655	0.874960255457018
55219	10.1787140029923	0.631224896812603
26119	9.46385742016052	1.27056971235569
57134	4.17492565510945	2.39951363146637
57190	11.1662454820379	1.4058747700613
56181	9.5413559469215	0.669000875189048
646471	5.35012247520897	0.761363393393386
79000	8.55809418872204	0.673051074411686
164091	10.5553451086326	1.53955745212812
3925	13.2982577159847	0.656207353601314
5051	9.42394768461115	0.627548205372283
2134	2.86680179146169	2.57065797864041
7780	1.67881721087316	3.08226515009911
105376910	0.767318085713949	1.92067104913604
149420	8.76086941994269	0.776006721943157
79927	1.91049978960669	1.8731506530231
51042	9.93936272413061	0.872828606927088
10256	8.38396449735214	2.21235914155362
101928303	1.02680073758877	1.42674198179204
64793	10.364906035968	0.733138085137436
83442	12.4127170912411	0.719196091534547
91544	8.36706863428305	0.667868291348456
1043	1.7044025117902	1.28612798872645
55057	7.90940485384465	3.46491817351008
79727	2.76818122813511	1.36640731625314
79947	10.1599391939041	0.565204418628411
3151	14.1465635429941	0.614545834114551
6195	10.7372490997357	0.598531385459796
101928728	6.84557961832865	0.70034917731555
8289	12.294614876139	0.7615112513739
55650	9.11206508665112	0.650918790240668
84243	10.6219135155953	0.671002909751982
2810	12.5779599046105	1.9198892437886
54707	9.28068487142983	0.465233903551435
63906	9.33050466434168	0.760636970365457
10726	12.6369923750526	0.831815537880376
8431	3.64449193015923	3.78631110946576
126695	7.85196457967367	3.07837722930042
388610	9.52261524802268	2.32715031166356
115572	7.10178483084317	3.13510548638181
6548	10.9665076910135	0.731597754460222
23038	10.7083718272334	0.58254990192002
84065	9.96008162127738	0.547476646023858
644961	4.21761101206989	0.606920782743766
84958	8.76321514502281	1.44554553526333
9064	9.00854796762058	0.716989241543114
2827	5.68435197257048	1.93010798318439
10163	12.8087625253121	0.508358358739248
27245	10.0487209013296	0.703220485608731
2537	10.8979560110901	1.82029917336167
199870	8.05196973364182	0.633036710243846
23673	10.2601761150743	0.364865932197618
5511	11.004140212694	0.410541707293761
9473	5.71468982337358	1.64691775487122
6118	11.0208942002868	0.414619040285104
27293	7.45499126012289	1.84033970162694
55113	7.57262382649501	2.86515389988007
2140	10.20496189826	0.46393848048276
5724	6.23982624576612	2.70863804743617
22826	12.2133355372527	0.326247036782544
93974	12.2427944655697	0.548826152540547
83667	10.5487562012309	0.889818364440357
54797	8.858402598177	0.527415439681493
65979	11.1038637734658	0.436668690794877
1104	11.9865663066833	0.392455223894512
8420	10.1764528628352	1.08840343159385
6080	5.54184701262701	1.15837324606012
26768	4.86678405652817	1.1848150234269
54952	9.02105166187432	0.288142552587007
85028	8.45803508998153	0.987825112385356
692212	3.37402039698375	1.01411216705592
677838	5.13178858566992	1.1962881875937
677825	4.38270155510604	0.760806425686552
692073	4.16583289932294	1.06888161567454
115273	3.16484207302245	1.85063706972861
6883	9.7389612655837	0.628741561077265
26824	1.9849096812945	0.935572908540591
10691	8.71667978872195	0.374020676004375
51441	11.7295366334379	0.477751127275036
4985	2.25942556277736	3.48633813527782
2035	11.1518477416495	0.819091287610101
399474	4.8091374868364	2.65366974453515
6429	12.0344568914449	0.408049455945429
51102	9.49446404372511	0.51857512837928
10076	9.29338699313878	2.84087206002267
4146	3.06176115219734	1.26270620212244
100129196	4.64083761083419	1.1651823589497
7805	5.56024881412343	2.13070930957727
9672	10.0923040359845	1.63176800941253
9698	12.3609378251639	0.282640907082571
79570	3.91295999166365	2.78646701930381
9410	10.9834130419798	0.411435423586543
51538	10.4810383879181	0.321831767682378
2170	3.5822510161914	0.809716555913992
347735	10.5464721107939	2.91622281383517
64129	10.5184767807393	4.37183564628543
553115	10.5428716237573	0.328756514146449
1307	5.03477994217959	1.76823702809583
576	7.34158359861328	1.991378539688
90853	5.70435005457669	2.54494299944108
8073	13.4177052271965	0.891621332614943
10657	13.1753780121125	0.399725382311509
55116	9.76299251163684	0.321988166990226
23633	12.4136284193316	0.36128826802717
200081	12.2743065667963	0.424424992312204
79140	7.70919218915028	1.97421709468864
56063	7.83213351994714	0.647809326466975
55721	7.35833871863007	0.496091405331296
149069	3.10506141182732	1.02007606616078
8668	13.0863303520835	0.403827288764657
339483	5.04156250964498	1.20209688182591
84734	3.44377930447535	1.85952883096107
3932	4.60207165292796	2.37483247591076
3065	13.2510418213377	0.419645011330902
65108	11.1164111616132	3.06531193559669
100128071	3.58534953867625	0.689530373565686
81629	4.7733181353809	1.10906022524508
55108	10.8216309301362	0.448310389111112
728116	1.40565445398148	1.66596509668566
653121	8.44334450196398	0.34083824261224
339487	9.909332523721	0.482645087111637
5928	12.0542552730085	0.468265218347993
81493	3.03612311243112	1.68221236725832
57648	13.1541752560657	1.39083981459143
8565	12.7813634788103	0.629470649035394
64766	9.93513240407587	0.636245736394142
252995	4.19381373182137	2.14546912341577
3208	2.58359165275023	1.52360508884262
113452	10.2488909591203	2.30492322506338
127544	10.334502605	0.728681614692739
204	13.1635631474327	0.448811439198966
113451	5.16464775143869	1.99726855002203
55223	8.16693618027028	0.760238256449924
149076	9.1708806185071	1.8332652681131
1912	12.0004548863909	0.694610258539579
101929464	2.53648613043195	1.15637431029842
7579	8.46579901189335	0.517473081632992
2709	6.33535245517423	3.71224579681681
127534	5.35586878651405	3.33193240439401
2707	9.00825063534458	3.68226615177037
113444	10.5513843096751	0.406996560707503
58512	4.20924827005817	2.43378804752016
653160	4.74958799009449	0.725566330991295
100506144	9.31989213089293	0.531454466028798
9204	9.04386153314666	0.450199096306629
79830	9.66151380353276	0.655505826159605
6421	13.5670529778641	0.259167764606099
9202	11.666815710387	0.521799202477793
79932	11.8037242828812	0.466969625689384
23154	10.9589701186284	0.358805851904925
339488	4.00235702943617	1.25941529943245
5690	12.7180107904566	0.409530954428671
127703	9.08021317381762	1.36824264640034
63967	10.8973126618453	0.491627047240096
192670	9.01584636304972	0.705154940258327
26523	10.958941359739	0.745564157909403
192669	10.0503601475256	0.721870502836723
54936	9.94341633116568	0.348020055452829
1296	3.0713788244586	1.67333837728001
27095	11.0655725950157	0.251149549607048
55700	13.1297769912829	0.499902693139546
9967	13.0168796740442	0.336606329835251
79729	6.71299152102859	1.21019293504598
55194	8.35384150276615	1.60886892756797
83931	11.5592107937253	0.816940073998041
84967	9.77609117007176	0.496774795787818
127700	6.28582169423529	1.379881637803
64960	11.9627763703149	0.335330142659692
1441	2.28869392128991	1.98377643532312
728431	6.18580647025607	1.19261950968536
80149	9.08571121409621	1.19196087713029
64769	10.5749975871171	0.360975317279739
79753	9.8802317250254	0.2841931944281
7802	3.38183350891675	3.71532706772546
29889	11.4088003886544	0.470812259040564
284654	0.574065318016379	1.39752399242483
54955	9.75108170772706	0.504104955158842
55143	11.3843723427045	0.477482551703313
284656	6.79326326664439	2.2724070277394
149175	11.1802036615435	1.02811276516758
79693	10.0482528021595	0.758837335922876
127687	11.0213071125775	0.536254421865379
4520	10.474188818772	0.400320878083042
3633	9.27734336835311	0.521961764555609
10946	12.1607292340242	0.420432809895722
2275	8.53749526701257	0.529047502180684
51118	10.8729374996784	0.418218534325175
5453	2.38372269308556	2.39613224154407
64121	10.6348292230415	0.5947038299613
54933	8.02973405106982	2.60338579782145
79647	12.3215207833981	0.581489567255885
4725	12.4877180810747	0.643878323361833
23499	12.9893400093788	0.528696474614223
643314	10.1719026992222	0.621309346838133
105378950	0.999408405481566	1.38813065735141
353500	4.6733865907796	1.22687273692684
8761	12.8784299328771	0.378285614575303
677834	2.42416505398931	0.925591946675553
26508	3.48622675860795	2.4378054475589
51440	3.07447715172905	1.61641737918678
10450	10.4583966577738	0.336346037166927
656	7.45157145770894	1.613755124989
64064	3.12469845631401	1.16435674199909
105378951	1.89443036206689	2.02955497629784
54802	9.54390859599899	0.51643833460505
4610	7.0036910097935	1.69375691039983
84879	6.74452912084556	1.53096530785028
10487	13.6446886338435	0.469402704728245
5538	12.582998699907	0.545381204880306
6018	10.1745042016881	0.399242433083421
10269	12.2990272584863	0.531453367350292
1298	4.65063131487387	1.32356614555552
64744	10.0171029780443	0.655251230736967
65243	6.70549439836111	1.53812499548116
339559	6.51309222542252	2.0402533797939
64789	7.53253569233898	2.97750522678188
127396	6.94205247172028	0.437332033862602
9783	5.49278876781509	2.36045593519657
100130557	4.45926139151836	0.938822734260725
4802	10.3230534699224	0.456141905043242
9132	5.47358841413875	2.30715817188383
163732	10.1047281387291	1.68290982781341
1503	11.7360107103175	0.738531561349073
100507178	4.11542878113656	1.06228626088192
200172	3.8911978344026	1.00802508645198
22955	9.65713967018315	0.463865861589746
100132074	6.59766628513967	2.35414419495362
1907	2.1584710935585	2.03909097500265
59269	8.67892948910136	1.73208977518868
2980	1.95348723477163	1.88804930327375
22887	11.4482832775751	0.547179070892275
284716	7.51235148224097	3.47003989388081
84217	4.13770314216644	2.12098433333111
79717	10.8465488456931	0.231936536595321
728621	4.20445248995571	1.04591983058464
10465	10.1822989901148	0.490016286825173
4904	15.6849109637892	0.473293707564635
64175	10.1905322776104	1.39187732434595
79078	8.36436583082326	0.44642225451061
100129924	2.60530035888858	1.20533932405328
374969	8.01910428205285	0.666325741536433
114625	8.35285466739743	0.432617478480629
51058	7.82593699867894	0.330216960054978
6513	12.443222528204	1.36462254083883
440584	3.64323077401103	1.24185801897798
105378684	1.07960686544697	1.5289765207162
440585	2.38378497819789	1.86971792553289
10969	12.3346625718055	0.478505674259374
149465	5.13311841366859	1.53687394582645
128218	7.43568485564365	4.14438759489947
149466	7.04991134540994	3.8553501355428
4352	4.03608166642322	1.53304603227793
991	12.6738610615697	0.633531188041358
64834	12.3076429781846	0.701303390683436
112950	10.2620630799274	0.405383430922904
23334	10.3353503163133	0.242546337259764
81888	2.52464777412994	0.90732265576982
5792	13.7052162699115	1.29075185748089
9682	11.4095613436159	0.548262568747086
100132774	4.92218689874124	1.14300767062439
6487	7.50963891376805	1.01786733413986
9048	5.51396007107363	2.09768350280228
9670	10.142881988705	0.558208332193607
1802	10.3275323820808	0.742954590126729
533	11.7139215511704	0.798287980442223
8704	10.8981467615991	0.387967099397268
149473	8.00109148714443	0.526317867473158
6536	9.33114450370248	1.86581458841774
55929	9.85188880051965	0.448927723816084
79033	10.8446850820528	0.413181322407891
55182	11.4424185813836	0.491425164592025
79639	8.09359641264073	1.11237027944642
339541	3.11666015767178	0.875996974039742
26830	2.14645882861924	1.0438969484307
11004	11.475861930204	0.844062718867845
6202	14.9363152200246	0.501921203792674
26811	5.51711172829279	0.698712335250271
94161	3.17499714403182	0.819657903578764
94163	3.85753655312828	0.565924947110168
266675	3.32841211275085	1.02675620515151
1263	8.29510072985552	0.968153538375763
343521	3.20565435776678	1.4591425378112
149478	4.43934999462838	1.31503537461863
8643	3.25397038842619	1.5720743198873
8891	9.86564821048076	0.755306319163814
79654	10.3815821735408	0.609651458862218
7389	10.784482234395	0.462226303417023
57643	7.20081935680629	1.70754968830094
400752	4.03809324218136	1.0132223255125
84842	6.9241850848351	2.30340541179931
4595	8.57610180300563	0.848616813477075
114034	9.187707140666	0.424264517707366
10420	7.09551896367184	1.30939443684794
126661	7.07540482736173	0.744059558415643
25974	8.89550244621328	0.534196906203852
5052	14.2859237663549	0.496456761693294
10327	10.8869415832457	0.777690518109126
4678	12.4352275441904	0.60787630834568
149483	4.66694712525679	0.567599589240895
60313	11.9149243665313	0.480984626737668
51249	10.1801679103803	0.458662482608782
3652	9.29564419786325	0.724853337456506
23139	11.3769434017385	0.510797975860405
8503	10.8839057071103	1.00192146358022
101929626	3.4851912494153	1.55655089020445
10103	11.136249976913	1.87012152814115
55624	11.0605137611041	0.564949839380352
541468	1.4617048151287	1.89029867789622
8438	9.7993665007918	0.448873534951711
10489	11.2619096695249	0.46252815934991
7388	13.1125403605137	0.540930653438955
387338	9.91563978989333	0.401751437252623
2166	7.99154256348902	2.31030662971432
729041	2.38081808724731	1.57791049908513
127343	5.48802989888628	2.84476388274309
8569	9.63083557829258	0.4833175492293
148932	8.53828288886782	1.15580222735961
64756	10.7663532678373	0.655565411930202
9813	12.5675921969282	0.542161533783005
1580	2.07115126639633	3.14304751569782
260293	2.7386819791364	2.15888692625769
100874253	3.38172613958939	1.46113172785991
10158	4.0139099067638	2.97000261150204
6491	10.7491962746691	0.523588393937804
51727	12.6663082000886	0.393922607301743
102724077	2.79190782637947	1.22290928606319
2301	1.18372808695428	1.39767666813736
84793	5.96570614163085	1.75803794942605
2306	6.68030732906821	2.14471061698309
388630	1.62259343778795	2.05466214692348
200010	1.07592648280191	1.82785997808899
54558	6.64906466882327	1.92483533191967
79656	0.625734851334909	1.4194298963889
1996	1.47406110082382	2.1266281190182
63950	1.42579205461574	2.61240600769101
11124	11.3387842241674	0.281841870343566
1031	10.1685769691576	1.02238229651466
26994	11.390150050844	0.469003974064651
22996	8.16313895354762	2.07537952161109
102724097	1.5059165202432	1.65786633258029
2060	11.478333279805	0.439710248733876
114883	12.1515913380748	0.610458223148304
4898	12.9660382293423	0.457400508716938
5865	7.86948884677802	3.41545396555007
51060	11.948797906529	0.374902858678976
91408	11.6316456048558	0.5217407691977
9372	9.54122197470093	0.563936200183147
200014	10.987501407545	0.384538586240293
4998	10.0922647704071	0.509860288224487
84950	11.1295891887091	0.452499229917504
23318	10.7490021819123	0.544685855099446
105378722	3.80171581864264	0.984629414817273
2882	2.73251728097048	3.39451054191918
65260	10.351221133031	0.46061428900765
79699	10.3882137956925	0.501952669885651
440590	2.81216939048735	2.33835893023523
55268	9.03732385483318	1.05643198427403
6342	12.1782295839641	0.480669455748419
127435	2.10996665655496	2.55972714077484
6512	2.24777671469334	2.4593849827767
1376	10.5537117730964	0.503881429096314
54987	9.65724976248089	0.279129293841264
4116	10.8938573195824	0.347619345963902
100507564	3.99009286635312	0.770297712548978
7804	10.409943167387	1.01525979210096
148979	1.10003616148487	1.78742498584086
105369175	0.447881028830884	1.2238632548222
55706	11.6874063034908	0.664799578256851
54432	9.35922726563283	0.388668630980833
51668	10.2896246862645	0.629705318899372
115353	11.4200374924233	0.461118496197912
388633	2.96602663322838	2.34642117706974
9528	12.8764491057307	0.513525608578876
127428	9.35502462625169	0.346076104326515
606495	8.13190272768111	0.710638551023601
51253	12.6380050306274	0.479940708805605
23648	9.85745203836206	0.686064136278931
619518	2.30531986412802	1.3276306883756
26027	7.47178621766231	1.33807079465174
338094	3.20682625741916	1.21779449441768
7268	4.72680521948565	0.674029147488432
25973	8.52592021619214	0.433580988495344
55001	7.28837929623037	3.93230142538695
163747	2.23649926028186	1.94140109984258
1718	14.1427819849442	0.575688645608529
199964	4.22280787305885	3.51833882258132
7809	1.73889871905374	3.79775800350685
255738	8.95662224055266	4.26579557270898
23358	12.3995599470347	0.284806749251522
100507634	5.33100500226182	0.844122542374813
8613	9.29958869422295	1.11319747060076
5563	7.97390023188053	3.59132365761843
1600	1.33760190308166	2.21234278429999
115209	9.1609534320009	0.555999992583591
4070	9.5698549212484	5.83529736851207
114803	10.2466460531696	0.353072996322624
3725	13.1428293144052	1.10863095499777
100131060	2.5579002484415	1.62485184116942
55277	7.941706776367	0.671234761042952
51361	9.64676590795505	3.24425057567932
1573	5.06947590389699	2.82617650692308
4774	8.95438368625929	0.758019012017568
83941	9.57322688117395	0.473728317172906
10207	11.2421242131819	0.612637826017913
163782	4.12153944894273	3.71828175482256
7398	11.9192009372581	0.360552003012557
85440	11.162900177814	0.552182076908375
84938	8.82905792249094	0.372333960495026
100996301	5.00398349862263	2.00982548930441
27022	2.34329609527956	2.08746927032845
29929	9.42492461017498	0.382488737748689
23421	9.17247111070927	1.02921385770559
84455	8.02757267718249	0.500057026160652
5236	11.6667824234456	0.768996174010557
4919	9.90922316515808	1.44519653884944
101927034	1.7241523345275	2.17639057290655
148581	0.79343224652363	1.81919254760189
57685	6.72574118276061	3.27366886142413
55225	9.21970623765957	1.49302122283667
3716	12.1166149600897	0.55753417154124
205	9.92058435866278	1.92755141550014
9829	7.69643821110873	2.08560875711543
54741	11.2165788973887	0.592971451371024
3953	7.47262007193816	0.761160866353371
5142	2.66645839017477	2.03953826266819
84251	2.30417593854917	2.90364206229931
79819	5.62811362898426	1.40616257986484
57708	10.8417908156201	0.303998408153864
23169	10.2590159005638	1.0361004461224
400757	0.727770340678003	1.62238537733307
149233	0.788808896370908	1.62213873851386
3595	2.88506652845991	3.15433042670877
26135	14.3428985117675	0.430388152628955
1647	11.0223606396346	1.10623837442911
55970	11.9654014331665	0.639670668524319
100289178	3.06748688584598	1.2342356729876
9077	3.36524225115528	3.95331883824263
79971	10.0526046353944	2.60483865737392
6121	4.28707065885013	3.5377453964194
55635	11.3425070626686	0.571384881903349
101927220	3.44502242372792	0.857252114642962
57554	3.79942641180806	0.710055946194679
55631	10.1993622878559	0.470768329830125
9295	12.2496476087669	0.296605468130258
81573	10.2107824625829	0.296018277502941
11147	7.57416686632434	0.904602345146657
1491	8.01284052538741	1.59050242433644
100132618	3.29460004223377	0.753627713959571
9406	11.368817721795	0.140167749274955
100852410	2.11981277743317	1.22997334272454
257194	3.81539164642828	3.2108556763464
127255	4.64211087727661	1.26893775663055
8790	8.64980057434303	0.486834869165325
127254	1.19799861879344	1.87001197893322
1429	10.3785950556571	0.631486300238224
127253	9.95445515022556	0.38974670632613
204962	6.40304357506605	3.18152595238057
34	11.0029713945279	0.960519158552361
1744	4.11902051514869	0.737008790048546
5876	10.9506965824912	0.52885577367787
692085	3.98104844977563	0.773826847976565
26805	3.33518015891399	0.780083024462923
26804	2.42789015970104	0.8284246929428
256435	2.74690289347203	2.54931744405632
81849	1.52371640068862	1.53325472741335
10026	10.691305591634	0.484492437394944
26289	4.52137260677954	3.55391472295213
26009	10.8406432790571	0.319083877322243
23032	11.2519787057116	0.437964073602197
374986	10.6665736050929	0.463788014020076
374987	2.27044228734646	1.33958164764697
91624	7.52596291837452	1.19485333633346
8880	12.1602655223272	0.383951763468892
11080	9.58601163517052	0.433951534110975
54810	6.25046233359653	3.25754060035395
5737	1.10336827363571	1.9205035790856
10964	5.82519526672624	4.94128606334617
10561	8.12367614749512	4.00597347447517
64123	0.687452168042895	1.49673790117695
23266	8.58574764307863	2.94274035563595
101927587	1.52818996522562	1.71194099039884
79739	7.62558164326783	2.24049135838155
5567	10.401133703922	1.41460439979789
148418	4.9049501943686	1.76449587189583
80135	10.9476051921314	0.692558350634015
2787	11.8704020050573	0.713634907929658
100505741	3.3548744636997	0.779397098504098
1486	9.61003617099509	0.925527687299322
103695366	1.71202146906987	1.55674707626847
117178	10.5520238764848	1.03819759398479
23566	4.91536992648198	4.30018241875771
255231	5.93512780724685	2.90709825521691
55283	6.44975624471032	2.5417022386151
126820	2.68703662535898	1.49062550903484
84144	8.24715174501512	0.838222416873383
148423	10.1039794468521	0.551775334788675
8915	10.4007956588877	0.633470858074104
646626	2.9544143704592	0.895332103046203
23576	12.054348500157	0.983664982397887
3491	12.4425458557887	1.88003749645005
54680	11.0643820872114	0.79422974452816
255631	2.16054331580501	1.32525083234349
57489	9.5494230134534	0.939490782475506
9635	1.03823266156883	2.14204070427386
22802	1.3652559691732	2.34627491096016
9629	1.51151195225674	1.7136618350664
105378828	4.86542028696516	0.983921826960649
51100	11.8720933312169	0.644374589760843
9403	12.9329950709407	0.525735118648805
9653	12.0981214507287	0.621647797764446
339524	3.08271503989937	0.846730998434933
8543	10.7519277352076	1.87422762469042
101927891	2.92583446113	1.51550669877707
5586	12.5665724407129	0.560341993292524
2959	9.87030368624141	0.48983840380735
56267	10.0608297827936	0.52056472113607
494115	9.93757412944505	0.730911519897416
2635	8.62708827069345	3.25868033923081
2633	6.37293758560532	3.72746165215151
2634	7.85685165855563	2.3294243015618
388646	2.11152500660844	1.51307415184711
115361	7.02725662485634	3.88488846601869
115362	1.95271443419055	1.55372642712526
163351	2.06441487095476	2.93887965027251
23507	10.4236663391959	0.803404929110086
84230	8.91439107042767	0.974705971263846
400761	3.16776470694902	1.44355550055012
55144	10.8805857647494	0.381650075033895
492303	7.74937772621971	0.394459190112174
284695	10.9522443574779	0.333870561397725
84146	11.0525204927736	0.594606110809167
8317	9.88488415849468	0.707655088325044
7049	9.81281568585845	2.38358753786662
253152	6.60876140140411	2.87073010080594
646817	4.38039295364267	0.563113123721659
284697	4.80724617857415	1.90587574168979
23285	6.74504650603039	1.85528540186172
11146	9.10659033699732	0.479853259147903
79871	9.33442188944192	0.474344751975285
2672	6.19015901205703	2.37972623729735
7813	9.96857363155219	0.386685040409343
6125	14.7638931769314	0.592320154084854
388650	8.11532989799856	1.07009015860381
6083	2.11501273335408	1.33663611206283
26782	2.805846912785	1.18930024059741
22823	10.5964576230723	0.437381870812669
50999	12.6830269169704	0.601267013712617
343099	9.26238859364493	0.83848946594157
100131564	6.32221509481051	1.36865924846047
1810	11.61268027009	0.431862424045231
54874	11.2066842877236	0.677819385830485
8412	11.2598973539357	1.10002522725534
100129046	3.42260425465243	2.33353292571261
100189133	3.16648529943459	1.56479051921271
30836	11.7964906522931	0.700182801815346
2730	11.7679007491349	0.909205019041036
24	3.79756557185986	1.97888548079062
9411	11.5688933532485	1.76732322776585
5825	11.4142695556259	0.26513583671906
2152	11.8412159782152	3.74536570277094
101928079	5.72438362014581	2.02555495962805
126969	8.71771964475417	2.90007804703008
1266	11.0925984506983	2.35420257936475
105378862	2.82009335515373	1.28610012906065
729970	4.95206597432167	2.5067433079741
199857	8.4729091739163	0.526735691637411
148534	8.72691854525893	2.37050029190538
100527978	3.96484813565799	1.25174789128274
25950	7.45121804820794	0.588674447816339
58155	8.78558217666101	0.786763038116184
1806	9.70719265356284	2.08687862438174
400765	1.6999298566864	2.55993414538471
100616452	1.55748701077805	2.56591612741511
729987	1.87578549994271	2.7373873921552
51375	10.1301226296536	0.978460709891227
54873	2.3768617617909	2.35321325007493
391059	8.00252910849783	1.56187606120511
178	10.923698624784	0.385054883377198
23443	10.4764151743227	0.528323364093611
64645	11.1463076133229	0.815221587751093
163786	9.76690215967361	0.505456890587555
54482	8.72652040919872	0.417699293313505
127495	2.92417285211137	0.735125316783529
1629	10.8890659047567	0.447252011833674
100506007	4.53590149187575	1.33021776986842
8634	10.8775724300328	0.583580221762844
8556	7.7778111754011	0.494637437128322
2135	9.49578092395867	0.661185727227246
148867	10.4646198150166	0.506494900286353
51611	9.25902902648503	0.866508473730236
102606465	6.52152446449947	1.06916708234656
101928370	0.798903904024522	1.50820096615409
1901	1.85503686957299	2.10906766105678
1301	3.56014275180607	3.52871798783336
55599	8.11341517425515	0.558841439903349
280	3.86250589849885	1.21701270763644
55170	10.5543105838585	0.627715550081881
22854	1.64959956204673	2.87636685601592
10451	3.24481805793891	2.80804214675319
29957	11.7516041241327	1.01236171111863
148545	0.898297273785086	1.63824659881808
284611	9.15399719748199	1.58140284242395
113802	9.94582085252002	0.383632521114729
55119	11.8093431020865	0.415916125684967
6814	10.6123283377968	0.442999869727878
254268	3.44775193695933	2.23849954153235
29899	11.0407723923483	0.599238462335751
23155	10.1879402137911	0.64471874160842
22911	9.10127979820829	0.72178228042674
6884	9.78023262590729	0.307283963847847
56900	10.1901528556478	0.458738584346751
677766	5.2895463175278	1.42572872463016
57535	4.13718388581368	3.40277909178893
6301	12.5532582011509	0.612868125963498
1952	8.73622668536941	2.23901560911684
84722	9.7951211921167	0.769770168703958
6272	11.810011003764	0.758564504352974
5686	12.2827584972479	0.392580286733881
284612	3.14258589648844	2.5177495416869
127002	7.615871076337	0.65351407302717
284613	9.26294855065395	0.513118735251998
57463	5.54942044829112	2.21161770910397
83873	2.08665231663781	1.28543936671005
2773	12.0121821176348	0.412564902224406
2780	4.43494652419498	1.28219901345325
271	10.2186980421471	0.741105059676584
2948	7.5016254311898	1.8027018608564
2946	2.24168558029564	2.64716186332294
2944	1.68738884704214	3.29757953183084
2947	7.45980574977303	4.11405232063101
79574	4.01730349879828	4.18876475663647
1435	9.20630100071536	2.78894004220191
10768	12.9001268950382	0.577261042530569
85369	10.2565861359461	0.486174123795638
257	6.69109972963608	0.641797756147522
104355139	0.892788004145182	1.80115157212881
164153	1.14577016027909	1.90296273681214
388662	4.1034147189564	4.49547178470627
100873974	1.6549141610323	1.66057393966338
3749	7.50743106615952	1.48607286050239
440600	4.87486652819184	0.730008053541092
64783	9.85414826792353	0.274581323580542
9122	4.16476749896995	1.62115704169782
10542	11.444327727955	0.430144006905486
101410535	3.41465136832389	1.14269451343832
3744	0.696554646338471	1.60111521666597
3737	1.73764617448545	3.34310151621717
55791	10.5762548886425	0.637589830258005
128338	10.3270008696839	0.685838325377682
10390	10.4155124404466	0.380800848399075
79961	8.91181250744974	2.79954008592402
1117	1.72146246000362	2.06809220595894
128344	3.73697275014475	2.11008798534259
5016	4.30735066084725	1.3236092778674
79084	11.3068685792515	0.559882137511023
515	12.688949259855	0.554144664681512
128346	3.01499667053865	1.16464679614686
5906	11.1597721182555	0.770285706260276
55924	7.30526234824833	2.0465087930915
100506343	1.41586465003604	1.60686846712938
11218	9.79498836809443	0.51389453702373
3752	2.15660276095725	3.38548032277487
643355	1.22827587192622	2.48262166954597
55917	10.4908288566229	0.581222308763356
7482	4.62144315166806	1.02361837898428
54879	8.97613009292761	0.345851119445983
829	12.9345086261149	0.54182230181446
4343	11.5730415201764	0.66617822619521
389	12.8389232274031	0.530431079535697
333926	5.29885930220882	0.958449027926076
284467	1.6240868354113	1.73221571533818
100996702	5.56865373186595	2.21910064818407
6566	12.1448410618134	0.895644631014805
100506392	5.45586281023582	0.88560436933416
9860	8.48014184939889	0.619950639197518
260425	9.34491187720162	0.465886295804263
10745	9.8877610253094	0.52972128553187
54665	9.68081048653482	0.417013976266095
100287722	2.20697326692563	1.25444479670382
440603	2.98723917797835	3.20751009603967
10717	8.54014323099258	0.738676655596885
64858	9.14495307853195	0.484421640520066
101928846	2.27604839454175	1.43513545064545
204851	11.5955880006219	0.474210736200388
56944	3.33006615824921	2.83139871086363
51592	11.5499380075285	0.517655032798794
10286	10.7946613264822	0.48958432462698
163259	6.36785188631111	1.96675976749121
4893	11.9733553515368	0.351348898929381
7812	14.5035509193217	0.511372912647727
80143	10.6859191163471	0.473019484687803
10100	5.08069427385717	3.67589496672308
4803	2.31042232833262	3.37759511521275
81839	10.2962920186515	3.24248906846158
4808	1.24524299847439	2.28863951562108
55356	4.79940283430982	3.22985761781647
476	13.9456452372527	0.619460764527414
84852	5.5669439630228	0.834104211939373
965	8.6116789980447	0.628446292028874
3321	9.51051590880516	1.58110734728576
5738	10.8147133402101	1.24879998964041
9398	2.93161030336521	1.19246054077436
101929099	3.7548248105449	1.86543436069332
8458	10.5799365939965	0.327196678179058
80263	7.04480436978472	0.440148729623844
79679	3.99793171832525	2.87427369051898
10905	11.4247070014484	0.477008712590103
54855	6.10083238803642	1.72349791530123
54834	9.51334351772194	0.393183672559709
10885	10.9943513728914	0.539204543890742
200162	2.29633883992184	2.13329609533832
6913	3.03805443839268	3.26901763273094
10352	8.49480226304322	0.564560205082714
101929147	7.70267963591416	0.636170619991848
3283	2.3225884489406	1.54321578148092
90874	8.4758476113393	1.30669622338626
26227	9.4786735401724	4.21605668973602
3158	1.26281735788245	1.70704447697971
83998	2.05602071547868	3.36384832869397
4853	11.9604372705461	2.08022817933494
9554	11.7262887402866	0.425679318607263
105378954	4.60353033185564	2.0612539677756
728841	8.79005989141871	0.706494655778733
767846	2.91875521630129	1.14914991509575
100996724	6.48583386515435	1.70578581976632
101929796	5.0077926517687	2.53733592706042
101060684	7.52150585671652	1.21106249537965
101954277	1.04853407513671	1.4738337689978
728855	7.70650497406131	2.31442094835757
337875	2.43816208436223	2.68614897314446
653820	9.1121739444072	0.62264407449008
653464	9.30219103822209	0.811710051629899
647121	5.17511659388492	2.31754911996654
554282	6.51834116649623	1.17093993487609
100996712	8.3012037364194	0.957687471224559
101954267	3.52238640228764	1.10101979514887
284565	8.90933655958706	0.928644140163782
645166	2.11359694512516	1.76250813278545
647135	8.52899308597416	0.588887379062487
728833	7.37910168187573	0.778499972852587
102724235	3.90442872847685	1.63748815292488
103091866	6.51124530524765	1.95133607273375
101954266	3.19244568405399	0.740447035850255
100288142	7.4349686222242	0.256708412229994
101929780	4.90363774724219	0.72393776733086
653519	8.84534952759972	0.452382888143532
5174	4.69401973622438	1.73792180458091
11126	2.85132974886477	0.69461171075557
27246	9.87419774416389	0.637841210141357
10623	10.1874015294406	0.54078965718584
200035	5.73339920054743	1.25330766976074
10401	10.4623011134068	0.537347020520298
148741	3.17129879864794	1.71241185884291
8515	4.15691114322594	1.49568642971075
8799	9.71157138511249	0.578805991817652
114814	4.88138192988158	1.0812670895142
9939	12.4506818826106	0.309583511578338
128077	8.90599052371589	1.83705137374008
84265	9.25873108927026	1.0008340289203
284615	5.29478455962896	1.89150622201554
10628	12.4404897024625	1.30316887315118
101928979	3.86734457861751	0.86930801760666
100132406	5.80345382975478	1.75795715512637
388677	7.38733375655863	2.60954271081783
102724558	0.907981792840793	1.32448145118819
105373468	2.86767249705788	1.03560084882586
149013	8.03436716140289	0.488415673115724
5565	9.81385556836002	0.772560568260364
171423	10.0483960641135	0.498041721868886
2330	4.80604218587727	1.5681490566665
9557	10.9061833247864	0.507563832166154
100289211	1.51921768130911	1.20885522378052
607	10.1771060128546	0.820289374334965
51205	9.62754051982296	0.964845986782226
2702	3.22234403364321	3.88925585336151
51463	7.70992328069018	0.781159858844812
100034743	2.53175757012647	1.10503000260096
200030	7.87200813932928	0.440588839909711
101954273	1.62751116272307	1.55257675031563
100132057	3.94449872391015	1.00280483225168
388685	6.88321943669124	2.28637962065268
25832	8.03476358500537	1.74467872971921
100996763	6.41260584873846	2.50290699690054
440672	3.41627858369739	1.27733108587973
9659	10.2376814234057	0.702421705827338
400818	8.5780868358609	0.701363066806475
653513	2.9922179754072	1.62846783932169
101060226	7.47509762827117	1.49274603123558
57234	6.73610204733005	2.19731155128727
440689	5.19393349578645	1.51114388194324
2209	2.84142252534918	1.84525675769473
101927767	3.00390602936709	2.12661807835414
653604	2.91430339547841	1.71585469557497
105371405	2.49404221986618	0.87959665099931
8337	2.16377621754768	1.14109207768359
337873	5.10272138129826	0.824737090909442
723790	2.17528126533842	1.45229871673469
554313	1.99902670091203	1.87138777816969
8349	8.74966593408681	0.993226313884436
8338	6.10643498751822	1.47456084825201
317772	3.00846709788535	1.16714324915349
51027	7.56008384874728	2.47306906682482
9900	4.06296887391704	2.69087189448887
10262	11.6147316385313	0.295306910311967
10903	8.47041380824698	0.811763981279644
56957	11.3079279285727	0.252415620362208
11311	10.0794807253572	0.401742747967161
51177	6.86264432468686	2.3241049209953
81611	12.6894629872976	0.339919937428275
23632	4.81738987049592	0.935951514327861
51107	12.8476098586227	0.38084014692432
79630	3.33274171239754	1.10949414636449
148523	6.773131358895	1.9460805507105
54460	11.3538118310188	0.470125082426925
9129	10.9544479602639	0.379187913245042
23248	11.4017785545568	0.515193747296356
80222	10.2037720430208	0.780038031961711
1893	7.81098660812904	2.51507886285506
100874054	2.4767090290724	1.16116580112521
54507	9.16709087855175	2.44958114023074
105371437	2.87838610758154	1.84179502356798
574406	3.09089880081312	0.739471207069
4170	13.7050162315954	0.572964039754936
2029	13.2141009800783	0.427684165491948
55204	10.747496506007	0.683997488095743
84072	0.953788077096729	1.70547619441538
1520	6.85593281516802	3.60072521990924
1513	5.60899295617794	0.65629921230443
405	10.6422670044518	0.378082795881944
9869	10.3579014590614	0.245769404845857
29956	13.0858240433525	0.403102539135006
8416	9.09451404657621	1.5196489734714
55793	9.18044111714759	0.71355900387259
58497	9.93850376730598	0.323714613061726
149428	4.12966717298608	0.741056446307645
54964	7.7423145690444	0.992462620733401
56882	11.6962720827182	0.468341476754905
10962	8.7552274506561	2.70650285797018
126626	7.83587569809092	0.385338503577807
10500	5.7978815646177	1.55053300093455
388695	8.72521816798863	0.884975337740957
79005	3.89338770836672	0.55079719559474
29765	3.30659643905201	0.740407815255174
6944	10.8451498428859	0.318594876036273
8394	12.2334273885701	0.412396814522972
5710	12.8811449937346	0.328298829943998
57592	10.9056140371699	0.315474580227782
5298	11.4660961764242	0.276426211118807
5993	11.2721591364335	0.330178722394581
8991	4.32987798525577	3.48548204687547
5692	13.1318733701385	0.304180845452753
23126	11.2952767512977	0.40004188311905
57530	11.8580888176235	1.65529918619315
7286	10.8808032522678	0.771019445700939
81609	10.8023582320279	0.566922743533601
11189	3.40373753450334	3.84705831917605
284485	1.41688876664882	1.99141772349877
65005	10.7281866904459	0.382007767951427
51686	5.6905675177092	0.829166413864311
11022	9.18591716280882	0.654727147613149
6097	2.59578040988421	2.74247877055655
100191040	4.32640807154726	1.19947412046448
100132111	2.90413975217682	1.14241078615941
284486	2.85903181327276	1.29361308191564
117145	9.68414220354113	0.799597772807281
6281	14.1180118945788	0.989522544017731
441908	1.07732551364004	1.51229788966832
6282	14.1418170125078	1.47881136751694
7062	2.99640558980623	2.78322720091207
126638	1.10058195693333	1.40260369436666
388697	2.52507277470399	2.32307066477548
2312	3.8134796976973	3.87929032634092
339400	2.02325524481402	2.76113679891764
49860	0.881894254394077	1.89206446995082
54544	2.51593775869441	3.65923184118723
353145	0.985230760494094	1.65724786066603
3713	4.54197885989268	3.91848880359409
6698	4.20348529936409	3.22236706228392
6707	4.67207572779412	4.64819908178051
6699	4.8878113404199	4.76020265109841
6703	2.61376207087423	2.47630803234227
6700	1.70477110113475	1.87785987161507
574414	1.45017155539524	1.681607837254
114771	0.870770768263987	1.31031178045603
57115	1.13702979759888	1.98759643283562
6280	6.17467096355068	5.20304271904366
6283	1.20145206010999	2.03298989754011
6279	2.25648637620437	3.70878224756301
6278	1.01382447026884	1.33706267361077
6277	15.7341864335578	0.72291645314711
6276	6.42985332354202	1.32056437865864
6275	13.623555333776	2.08855693850729
101928034	5.35277622249504	1.37614667967065
6274	5.77947041318093	1.81037598071901
6273	10.0644476793332	3.04324187387378
140576	12.8253730377273	1.6321360641939
57402	9.59751394215147	4.51488864485125
6284	11.1689645824084	0.609549055909398
6271	4.65718112062287	1.15831555783942
26097	11.6266476998724	0.271927428302357
23557	10.4000032273062	0.51577740139856
3608	13.2548923622501	0.422243181404619
4881	3.79691643966703	2.76468670532291
65123	6.79686948723137	1.5144383753619
57459	7.0861168893298	0.518455751941909
9909	10.8306066997416	0.558919596150966
200186	10.7063499407359	0.265281217816184
27173	12.9311325035777	0.607027764875479
148327	8.47305760734193	0.801985699248114
10899	12.2253573034145	0.549970229981475
5872	11.761132222464	0.647198314667135
6232	15.245078397562	0.462759224016754
91181	1.90721403279191	1.08979487171757
7170	14.3132811101332	0.361442369463674
25912	13.1728050439232	0.536110957955987
9898	12.9294493747022	0.269116687417213
10456	11.8470071841454	0.545791421006619
89872	0.595214352577446	1.46883602060273
57198	7.23866731765174	2.91595880828355
3570	8.2159822421613	2.44224094732205
55585	11.8650921638177	0.564129394357281
1141	4.39414830811666	3.90846244076363
103	13.9506254801289	0.408526284709324
3782	1.44445593623036	1.51593365164378
10654	10.6138651520586	0.535040513508009
57326	10.8362389774337	0.900541280338945
90780	11.1352612657612	0.209883275258867
101928120	5.05244435610495	0.912167084883673
6464	12.8508408078285	0.874562292742976
1163	12.3048260269285	0.545188801838815
100423020	3.55273908896773	0.654151825142791
80308	10.6106074022359	0.558135425892373
51043	11.2795719507031	0.719233318821553
127579	3.02596471070974	1.20922919099465
149095	2.01124249765283	1.14198341042629
100505666	4.81057037820471	0.45145587245942
8751	11.359877156503	0.788655038229458
1945	7.52654242841952	1.39667599266212
1944	7.17433284074267	1.35790924366848
1942	8.95249441195784	1.02715329300807
55974	11.5495711839511	0.552077461617047
54344	10.6726737188403	0.721129035311939
200185	11.4137210151223	0.478926300334944
80128	5.64475346210111	2.26549883394047
4582	11.1702147051793	2.37674277778665
693235	1.95454190727789	1.4636890249745
7059	8.95499314377664	1.11365622617748
4580	9.44263145633218	0.401334662930028
2630	4.73417648229929	0.763184506089965
2629	5.08240777900437	1.83684574930201
2224	12.3025068329784	0.482864157139629
284618	3.61294307631092	0.775340485229927
23623	10.9113237893898	0.401308046777182
55870	11.5972844151901	0.615254634064344
645676	6.98071178042774	0.679274149204916
55154	9.2985141801968	0.728502582254651
55249	11.5290373561859	0.299522114758034
7818	11.5583776683804	0.556583635102397
100129405	6.53659617650292	0.731287642736402
54856	10.865989856691	0.30841397118945
23208	6.43131219584752	3.32507054612013
6016	9.77576543760512	0.544126487822917
22889	10.2735720376761	0.571359752119046
339403	2.98103048177133	2.42564276330802
9181	11.5671796243374	0.619960811630206
6746	12.7545144225435	0.566514776460758
56893	11.7841793579979	0.499350576427929
28956	10.4073861045018	0.524169244019832
57111	9.37200699349055	4.58384980863176
92312	8.21505362673289	2.03968954317921
4000	14.4046422458897	0.344914084733364
64218	4.12502172908248	2.5630126753006
9673	10.8526539694338	0.402615305423564
11243	8.98730379982113	0.479697607277362
79957	6.52326583488325	1.4565519869546
23381	12.4121174669756	0.472296786662299
84283	8.63741464653267	0.51608359985954
112770	10.0412234876361	0.843388967734287
7203	14.1289489309499	0.577038890557936
128229	5.13700271664909	1.04444995118889
57127	1.93267203914773	1.40554173435161
10485	3.19988151972711	2.44899672219512
4209	11.2609046243483	0.756168054900045
128239	10.998907373436	0.632834638232324
128240	12.3762771843679	0.846143851079083
54865	11.3564378735673	0.737561525231226
63827	8.02458709992956	2.55186614555861
10763	7.96889422359338	2.78024064507297
1382	9.55321339612746	3.51143563357829
81875	11.1715683083914	0.464696418624722
51093	9.90328837016528	0.384710444361403
79590	11.3379790101995	0.529376767707118
3068	14.9316619681698	0.526271094493778
5546	11.4152450332368	0.503671900248351
9047	5.50132630480628	2.60466007459029
375033	6.69353433601683	2.25728736983434
149499	2.2160110608298	1.60712015354814
9826	11.0493558284475	0.39468432155309
2117	10.7674050741845	0.442321982488908
55243	9.72583222410604	3.35922338566698
3428	7.59236073983041	4.51096341591328
54935	8.56681240143621	2.0902867800536
284677	2.50845636004896	1.09666604748509
391123	1.46709948230649	1.42069335555899
25790	5.67031249015616	1.65092322047665
8407	13.531888543484	1.28760602541065
57549	6.56555755672512	2.5457689449472
100505633	3.97890222925855	3.51946953699865
93183	9.90203332399915	0.547626103159499
3765	1.1392977075146	1.34021403778148
93185	10.2465200817813	1.09971846045291
477	1.50104930173683	1.76689901557656
729867	3.3532438395926	0.978870035362475
8682	12.2709721526356	1.05478285988614
50717	11.9040974063375	0.42966398718711
5824	11.3803587648198	0.368523111659471
4807	3.24409061001436	0.975302497531035
1314	13.3085333282176	0.337961422266447
474338	3.25811303901738	0.741814558910477
23385	12.0840554073514	0.364471779203352
57216	5.36286188820172	3.18360336245714
114836	0.615491344004163	1.22628557477012
57823	3.63711532059849	3.01682324363577
4063	2.13249355656479	2.51062918646452
51744	0.883472021735797	1.47994460928286
55600	1.98190786974534	2.81855861042327
142683	1.49992392519365	2.38309017570482
50848	13.2182645038001	1.11970949307155
100131187	8.6909218081792	2.3137317101476
7391	10.8556996747338	0.299286014081517
257106	5.26173159431812	1.340410023254
81607	6.65263830247847	4.52989821856216
126823	6.06844570178468	1.08641631128139
5202	11.6837946468231	0.779618706365987
4817	9.91936242891607	0.352186587739115
9191	10.1682131006084	0.450773429591458
51506	11.6124483114119	0.667465698453301
27005	10.2682910811993	0.261889150808286
5498	8.140610139775	0.600484274888111
8703	10.9880064876368	0.600169003379758
9507	2.09847907778202	2.43260526405591
4720	12.0977174951566	0.41235356235723
2207	2.244239696806	1.1067322662933
336	1.02354768060655	2.29561554878012
84134	9.01357334092277	0.636705284342901
9970	3.90993115604624	1.31239432793456
654790	1.19378561375045	1.73442061424034
4359	3.41586249381556	2.62138698521179
6391	12.0107266902971	0.354752593657239
257177	8.19486100072832	0.557167174147397
2212	1.41932892582203	1.37456291690396
3310	5.67919741020418	2.6870312681173
3311	1.52565288032151	1.45864595150057
127943	4.65323416975672	1.824744308836
11266	9.49352994376187	0.905989722653147
22926	11.3611294592425	0.532311848327263
25903	3.03209013812888	2.21480249114014
9722	7.31345128854338	1.69684712307254
400793	8.60811512501071	1.62660953949641
117157	2.52027670861624	2.27968405710272
127933	12.8318487844943	0.576650218868094
6675	11.394707595896	0.759023067389469
4921	5.89307843822481	2.69498591651501
51478	9.39002734270872	0.541919743358766
339512	3.08215540792965	3.74916442706993
5999	5.17264802252017	4.51077897055897
8490	7.26838089546617	2.69234375807267
83540	10.4650301103243	0.766510214660069
5087	9.70936317264444	2.73389837510258
4259	10.9615217462287	0.630878472872906
223	10.915067735597	0.586008382107873
54499	12.2586175820908	0.21344811327182
100147773	4.22810973530675	0.97911983726846
7371	11.7720641529122	0.446129298885403
149297	2.49536059211211	1.73976514006708
57645	11.3279338731364	0.417588027844843
117143	8.93807658353675	0.294297753283259
387597	1.74122002826918	2.01632608656299
5451	10.4885842638873	0.451523095713727
919	2.05847666450569	1.8489107211415
8804	11.0349570793859	0.844310894481504
92241	2.16900221096059	2.26971867392792
9019	11.9915768745104	0.331225105532268
25874	11.2755235988747	0.371925630039501
55827	11.5062392161634	0.473338190125923
23432	7.48611500886431	2.17412704497321
261726	11.2176456934934	0.35580704956049
375035	8.31314143035127	0.378804083003607
84832	8.47199784477131	0.333796726439167
9095	5.14868906881008	1.05432748705654
6375	0.693758992913067	1.40211425982894
101928596	8.07373151014708	1.43934337567835
481	11.5109195957529	1.09892802621083
29922	9.24099600750449	0.578745660254906
8548	9.94523768870992	0.575374534015349
57821	4.036279827271	1.39102610644334
10560	9.64097626588106	0.990116509371069
2153	4.62707963061941	4.89322358060915
6403	1.31032109732161	2.59704996662061
6402	4.39860921174541	3.12095715341716
92342	8.1408529612118	0.457676011685644
55732	9.68603465031443	0.420628353966819
57147	8.64974405954017	0.445970891835453
22920	9.59162759228648	0.785255637869111
149281	1.53098626535645	2.37017575812609
92344	8.1620577367098	0.344680816829557
2328	0.925356025256113	2.53221887012636
2327	1.13004015633395	1.99720796149311
2329	4.25338831652768	2.33658032466499
23215	13.4277996431451	0.381609671739943
8674	8.87302136617591	0.547722932232496
51603	10.9591586858712	0.300269399035136
26052	5.04304244178425	1.77284360256547
102724541	2.33338770805348	1.32160552696399
92346	2.02068273043875	2.18819576990913
5279	9.86442073319193	0.55317748378582
51430	12.0555461628694	0.843480329347145
356	1.13818460102833	2.74360431152946
8995	3.56947742976584	2.50063812529471
7292	3.96439509141709	1.30462373057713
100506023	5.09562923794906	0.567808298688018
101928673	4.37343382522739	0.820062245488432
9588	13.0163559294443	0.476986383276962
284525	0.69916244242935	1.38453472809679
27252	9.47709334930714	0.275461424637128
91687	9.53149559637509	0.333010255918359
55157	11.1002169374784	0.39014827957044
100506046	3.31037093191829	1.02904202648315
60674	11.9758058143997	0.784419567921993
26802	3.45252072386478	1.00901360372107
26774	5.71674663086823	0.926771180224396
26770	2.88743874162959	0.98773530017623
692198	3.75450287452617	0.839041404907203
26806	4.28504747468256	0.939037044883465
692197	2.02113447195684	1.17660476742422
692196	4.85946870837393	0.952248544019196
619498	5.77507423995908	1.48785391520522
84614	6.73759624666922	0.484486735001733
149041	10.0127601013955	0.260945257380445
102724601	2.46877608011781	1.49691263685778
9910	10.693813078991	1.07630964163459
27101	12.5378530989192	0.456846402283631
63931	10.0871445490676	0.424182299475259
9674	7.86109386810797	2.9576075179965
7143	1.75232539792996	3.54690122482051
64326	10.8041484007193	0.466133286768075
60676	3.36585597589691	2.49178789847288
57795	1.36699159273313	2.34915961071428
89866	5.51425670883535	2.00486624054401
730102	7.17414063658984	1.37115492048245
100302401	5.66258820425438	1.17462933127674
9462	10.6982153783636	0.729687652151267
105373472	2.62953427865867	1.58839364555103
400798	4.54743824247428	1.79961805048437
55103	10.000788727753	2.88496160676379
9917	11.9180452412247	0.530730479900168
64222	11.1156765226566	0.552632660635183
27	11.0395244557685	0.694747886543512
6646	11.6470944780016	0.419945514728976
163589	2.80692365566236	3.37334985068835
148753	1.57825518003312	3.22712211799127
163590	11.3658617364738	0.268820402374518
26092	11.7173637259853	0.359388454706954
9857	11.5488028150116	0.345784664515579
5768	13.2323308788633	0.960738059358664
200058	10.6422966908905	1.88548969688317
89884	4.0333723396891	0.947843135395715
100527964	4.92460239050328	0.669340530136267
84320	10.5307851579535	0.441194301262815
9213	11.0999710351017	0.839072883526839
57710	4.09633314858698	0.879331778012401
10228	11.0751229247557	0.39469494349361
3140	9.24893568331577	1.35965771792575
51278	10.9144227380396	1.15104573890656
2752	11.2095808629128	3.91329457009237
6041	7.30548316420783	2.46774497218995
6004	5.06993838158642	3.0058100610527
80896	6.09229364300291	1.41884198923316
1660	13.3343341060676	0.261556381273026
3915	13.5569275221966	0.587481256351747
3918	12.2321629966812	3.58372310149041
23057	6.42863187681119	2.99743780277677
284649	5.86290751018433	0.696242966581272
9887	12.4237739202718	0.371774818991143
4688	7.18500083787708	3.40703442790759
10092	12.8008813587255	0.519065940583668
23179	6.87038026134759	1.43166145139555
23127	5.04153832248644	2.20139918270014
116461	10.1497974465129	0.792147462808969
81563	6.20238471218653	1.81786220583665
80267	11.0866630117361	0.980187372443725
116496	8.78362718401074	2.18225490289204
6045	9.92442187020066	0.392761059804775
81627	10.4269021881992	0.417821137823495
54823	7.4855439619012	0.70524005247231
10625	11.1596194786588	0.766775431265653
83872	2.41884802265155	1.94722110542659
7175	13.0565929594183	0.329191339289274
54953	10.2935348849463	0.439834592936343
10896	2.98215645465637	0.684633409258744
5743	6.8926983595414	3.51777708045404
103752588	1.35531350028773	1.4099076520738
5321	5.63628661263	2.77555151118173
339479	2.04527558015877	3.80037752316797
101929120	1.51377412061212	2.26777168031788
100616345	5.83785125351741	0.406172874031121
5997	9.11463898300924	1.79783198554821
51377	11.5240953591073	0.702846197091444
6738	10.2512905729616	0.555404115186738
51022	9.27212420625442	0.529141629895553
79577	11.5719393666611	0.343467716278489
8707	3.88049918572954	4.17826614422767
343450	1.72702191909525	1.64040546801559
3075	5.6547951139428	3.90854554605328
10878	1.86139677730781	2.85757215782924
259266	12.1957490060559	0.521622303706226
360023	10.4357510370405	0.377605501540673
163486	8.28182990100099	2.76696690679988
388722	6.01310096786889	0.968962602651429
56956	2.54234045623427	2.62844618051648
140609	11.1269008013429	0.863136735827201
100131234	1.37338687666029	1.60694610392599
2494	5.9643446204469	2.97683494301008
23528	10.8553717176572	0.572410339262025
9928	11.1178721200408	0.368008235373542
83479	9.28149018793105	0.499787870759402
101929224	2.10659248750194	1.75622590829252
23271	11.8040331343574	0.441879334193268
55765	8.8323252928167	3.27381112040038
23046	6.01384002621302	3.36953361028415
647219	2.46610424515352	1.87051102245243
252839	11.2249674840665	0.654755030701993
91156	3.66785383075078	2.31594960027217
5317	3.05091062007203	2.53177379400943
7139	2.16997917005972	1.99156260182272
3898	9.38450436201923	4.39815431240689
7135	4.29265878990284	2.83502603872733
23612	8.41923197749211	3.98347610581837
1465	11.0930189572383	1.20566475644534
376693	3.56594346889867	1.65320866763548
89796	9.99305386992187	1.16042458839446
100873949	2.51111820772359	0.947089988186355
55705	12.3902802501367	0.301752530816847
149345	8.22055631339578	1.26258026857134
25802	2.94089293073225	1.3340255854813
10440	11.539799021591	0.681766018267434
6051	12.0267468660193	0.351975437229844
1999	12.4242435156661	1.72890860359021
9283	4.14591949145827	1.46142713999004
127829	10.3233016608632	0.48599366428684
59352	5.29231702418893	3.43848414865646
29089	10.6537173314966	0.961119264085144
4660	9.50995382372912	0.817462184029116
127833	3.46003526974819	0.773755697282265
10765	11.8712121050706	0.884055363152942
100506696	5.08787250413524	1.75019213134416
148709	4.32658235427661	1.17529303650014
5877	9.43047054628728	0.396581520071442
59349	10.8982578926769	0.443941931840432
51094	12.0653359275563	0.410561509723165
51706	10.3716274478956	0.593926136022316
100506747	2.59007390048028	1.08866382440524
92703	11.5113564560827	0.319068374411696
8497	3.27284133104992	1.82630696089845
134	4.64673622597254	3.53284399245852
4608	1.17348390873061	2.51104593703114
100506775	0.896577150259956	1.90500003494904
730227	1.78811690922459	1.68126352004704
7832	9.48593319820333	2.88236505018093
2331	1.70992772039047	2.18648971843733
493	11.7375653570617	1.33493466848437
84719	2.05554557767358	1.57050450541144
9877	12.5328007124432	0.216710949654732
100381270	9.48955364838331	0.545767196811585
6635	11.6855193368334	0.271702368541906
9580	10.6456390335254	0.981803152937586
55224	7.39002542786801	1.88869963639821
5972	3.40709868303107	2.23923085697045
3814	4.79095905323793	2.5879661303911
127845	5.82309432245442	4.1013091171804
22874	9.77964614089349	2.81698274169415
127841	2.07335780748243	1.44347461522285
84919	12.3105535163936	0.475271892851604
5287	11.0184133748962	0.918071254716896
100189122	2.2518595010015	1.04547497538171
4194	9.28479012033712	0.493478321956281
10446	3.61455516307566	2.56604149678575
23114	5.46022117813267	3.9716637814489
388730	6.26310152387424	0.608366434235888
5929	10.8018252964798	0.283975163851492
25778	9.88656740712484	0.652472734807275
9911	5.24985321432687	1.49612664891212
81788	7.51873743647423	1.74356745905953
93273	4.21222321507878	2.78484030155386
101669762	5.06152021808538	2.94525212749795
105371697	3.17023100657937	1.89804960954114
5129	8.21858151173969	1.68356364349581
148808	4.19985955675072	0.579036383338758
2005	11.3438891699565	0.200359617216718
85414	10.1809106333103	1.66146935320181
64710	14.4301423850953	0.361538539859889
8934	10.2455145982857	0.857278607252114
254428	10.3241380283702	1.16973755322374
284581	5.12436649268959	2.16538824113405
115019	4.15797237372065	4.64610279898169
103021296	1.78575759641066	2.03607386664667
338382	3.80788797499123	2.74330477480395
1510	5.58444095458827	5.08101575977951
440712	0.757927684443391	1.45898504691673
729533	7.85536219123524	0.461723174279034
23380	10.8799844533904	0.342935962649928
9641	8.37329994911176	1.44305578514482
83593	7.7772476534887	2.32720910610045
1939	10.396098921893	0.309772579541513
8444	7.63410605925019	1.29502440186806
9261	11.671625974537	0.514952235701076
9214	3.34882839942041	2.18848343170569
5284	2.8265414665079	2.3595559450634
79098	9.56152337939355	4.6169704707533
5208	10.8694860110396	0.748602050271909
55432	10.6950390317388	0.596517603848974
725	3.54784875588217	3.49829826945442
722	1.44691061558966	2.04034298198934
1604	10.5247723149596	1.84377774348275
1380	1.74872306806272	1.55549072207884
4179	12.9651018089873	0.70604178932923
947	1.02781471803489	1.59801596031675
105372883	2.20930969394307	1.55064404671905
5362	8.82417548415516	2.852033664195
642587	2.90338174924768	3.67858273823642
406988	0.595023702946383	1.31038411665044
57172	2.69038706990652	1.43942986512308
3914	11.7706363990431	3.86041467816977
50486	6.13880698920407	3.36071111023629
3290	2.27096561964463	2.32370274288315
80342	6.05821058503684	0.483041900049232
148304	7.6416680032508	0.277327445726861
3664	9.526983217832	3.2820475942621
27042	10.2463730763202	0.427250106503592
255928	2.4866539213385	2.25079964115953
574036	2.97222256107237	2.63965664636644
56256	5.03282820479215	3.73086435706384
55733	6.82653069466708	0.931297651788386
55758	10.0749863945761	0.368699838724748
7188	7.69980074293995	1.52470203424781
84791	7.64281587440402	0.857457271021981
7779	9.14177168113835	0.722450892055307
4751	11.0695791178119	0.56506605449909
9926	11.8665068404593	0.797833940552495
25896	10.88375565491	0.412557760531326
51514	11.0554402500019	0.571386993196696
100131205	8.07093206587976	0.727744873000856
101929541	3.2201615208942	2.24189300349935
5525	11.3287379209892	0.458760804726519
55248	8.75704341098725	0.521795770426173
29937	10.354157302983	0.48748559678217
467	10.5697090176378	2.06025710187886
55509	4.39025032666736	1.96007666776234
25936	9.95839690981126	0.367422389424059
128387	8.53457099631497	0.802449287725718
642946	7.58875328032022	0.642249338768334
28982	10.4326700969454	0.884427602359703
79805	5.07539448400833	1.79572894992038
90806	10.2578522928178	0.411250563580809
26750	10.5059764126292	0.467375883897152
100505832	2.90865646370253	3.12319956861234
5629	5.3346521294557	4.02776999727336
56950	10.036534076552	0.582844809630777
5784	12.2071052975753	1.2377163459567
1063	13.257671947222	0.557819892357343
3776	1.83494141999087	2.5046143174044
51133	11.4924809838946	0.671971775742822
2104	3.02960774838243	2.72343279549081
55105	9.43396037859223	0.39314810098625
128153	4.78855728921208	1.37132126744481
51018	10.3570661804007	0.395308069995459
728463	1.81746453053778	1.31040296268694
7042	7.70942620109971	3.13943736525245
643723	1.44891982978626	1.31303768289208
127018	9.59816062056606	0.672209239241174
2058	13.4727719588663	0.645403305231855
10380	10.6617555149138	0.393774645817126
55699	12.9683279553437	0.451583721132856
25782	11.5559238181925	0.498869608724823
6791	4.75395858381974	0.763906308326321
4139	4.85764572437251	3.50160538783328
79762	8.44782101645021	0.765565481894753
54996	8.56029552441053	0.605271986491995
64757	8.5202593196536	1.66748099571241
3142	2.74183466877244	1.44215550623941
11221	8.21790768686797	3.19946053355221
101929771	1.21327539236166	1.6105585437231
79802	3.2479066700723	3.03467063601212
9015	9.29190603229688	1.13125155996239
100506161	5.44115831686195	1.70177022259925
375056	12.0368043007221	1.3878415466462
64853	11.0244366500114	0.375526480456147
148362	11.5223650548005	0.480776918996809
400823	1.4386645126298	2.21378268938645
84976	7.836160269343	0.826443601904721
7100	4.45346973550703	1.55168804989964
55061	4.43088919552844	2.18281101973793
388743	7.04402555261149	3.12511226581158
824	13.9130320416229	0.471326394282195
7159	11.333247638801	0.643968952736075
105369195	7.29299071416397	0.58215337927953
441124	5.19273096484185	0.68519549843709
23219	11.589954485231	0.354485055839539
8560	10.7327720887594	0.822216028027465
4931	9.93993511340637	0.513993247024203
29097	10.9220982576536	0.49590957612946
80232	12.5060662695708	0.510186748902116
149111	6.70177274304912	1.55330701335827
127602	7.86880159640285	3.21269942634542
3930	12.1071510124218	0.708293458401637
55740	12.4704693835437	1.18413030838451
6726	13.0905490760242	0.444972550617196
2052	11.3460432329022	0.849564793511639
9725	10.798328132876	0.798207311529606
29920	11.5168261681386	0.443777114081058
7044	0.785650814447308	1.81070312284009
163859	10.6452808465593	0.576310386748084
3020	12.9360867475019	0.494180964560494
64746	11.3504745945527	0.578435096278573
83881	0.774228891364	1.593727439019
286826	9.39685995735347	0.479011734086283
142	13.2050019543781	0.635115564157042
3707	7.26564427773768	2.25025906418283
5664	9.25717398826223	0.437565085697643
56997	9.06521172438291	1.46511574660285
105379282	1.70458795423912	1.38671308181654
8476	12.1470174250373	0.582007164916504
339500	8.74596103175524	0.691264107362916
100130093	5.04374767129765	0.80899310867874
65094	8.06571593470643	0.527180098192505
116841	10.2385980126046	0.372091752952274
105373289	2.44735781374787	1.76108125092981
7483	7.77288423742146	2.13613947640594
89780	2.06490427841357	1.65808319272252
375	13.8355667266898	0.454978592180623
79169	10.0056712675788	0.461111818304889
128308	9.65939799048155	0.478997550705557
2987	12.02182563648	0.45578582294395
57165	5.78954874716185	1.30854788282758
574432	2.65868183767402	1.12542582945608
200205	8.80018887434313	0.510315707480255
574407	3.35051538272669	1.53642817581911
84033	8.05239023032378	1.5656327437234
101927401	1.43858184143481	1.502734416208
81559	10.5767289958236	0.452385818559797
51127	4.00637374387212	1.03966097700922
92815	8.84433039592649	1.24974532694375
128312	4.69308866870857	1.02199177968179
149603	11.6811159036353	0.805405096070286
100129094	1.93480512965585	1.44329513492119
58480	8.31039692730003	3.01454858187905
574029	2.99037325666093	1.42909013269689
105373132	4.48922090641637	1.38520476557218
5867	9.855049556761	1.10462377759314
126731	9.95269284439194	0.897201104197423
55746	11.3224929642271	0.352646017736127
23456	9.83720072648859	0.793927957369179
27097	10.0935401817275	0.437474144036418
9816	10.3565136674665	0.547437387129848
2590	13.5457125471038	0.648037695236149
79605	4.60937256756766	3.31086849522973
22796	10.0712845975556	0.528156278244375
183	1.96892664435163	2.60661832480635
10753	3.22550489415601	3.71778214222182
84886	10.5993484589865	0.562778475883986
101927604	2.31505002442273	1.21540926594812
79573	9.59017875692652	0.67612755554982
64801	9.72574077270736	0.311807564279197
375061	7.23711725272654	2.12858923868091
440730	3.12398093356652	3.04350403449817
128061	9.35447678923045	0.475336437138402
8443	10.9855507681185	0.480142015583451
149371	9.9168384506214	0.382332832543417
83932	9.641512473197	0.216342181670332
54583	11.0050289014796	0.496442984332306
7257	10.1812601566934	0.416963659314605
27185	1.91128378050825	1.5899199487373
57568	6.78507293526706	2.06753792210068
54627	6.04524446040949	2.67700810975636
84284	9.90575897860793	0.383671647232579
80003	8.84335790592868	1.24324740175363
84451	8.87102232716411	1.59093256251295
3775	8.9165598812787	4.26993058327618
148641	6.60780864558	2.55581163916051
101927765	4.74677411029745	1.32419558530986
388753	10.1425392166253	0.300798310413782
6894	10.0829472977806	0.729237062014808
359948	12.2123465076053	0.929917842797647
100302691	1.9183474041366	1.33058917023683
101927787	2.55444424816747	2.32785496415153
100506810	3.07136062285092	2.21090465259314
101927851	3.74023250006048	1.87192429052314
731656	3.96651841776237	1.02868562144959
9804	12.9870520901206	0.442719274931469
677802	3.00061670574236	0.787176672275147
23029	11.1030245383236	0.445550492858089
51742	11.2093268115788	0.448623471396766
9453	10.7320447246543	0.437873524622758
6905	9.9561456372744	0.796221046184057
148789	10.8719063821964	0.356426571102786
2786	9.34514179130029	2.44665601119094
1130	10.6042010577462	1.2991377966305
4811	8.95821189134044	3.5165733758205
7107	8.49422415349607	0.962601990271181
56605	9.05834515414977	1.73918008313706
128178	5.86968627278778	4.03866857804619
3964	11.1988266136617	0.7600996810112
100287902	3.4363096399781	1.443993751875
55127	11.9888319147273	0.588176940003796
88	2.08584882481362	1.91883643088855
4548	10.8657091118826	0.40813746122902
6262	5.54005469340573	3.27917762197408
339535	1.53455636967602	2.35152725049156
1131	2.64238963022348	2.71295710019781
56776	1.87503921831285	2.20493064386263
64388	1.53461026337758	1.63160920061589
6000	4.06948192510139	3.25886979900904
2271	11.4222096679177	0.453996040492761
8564	3.89984340663954	2.47641761095116
23596	8.59405104496785	1.58641219148583
1122	9.73996995162562	0.949544823227972
9156	10.3872047904213	0.675462434687545
440738	1.4182768537853	1.42896238674406
200150	1.67366230130921	2.56697469812176
9859	7.601091911084	0.929901637684686
10806	6.00988431065985	1.34882843594203
10000	5.0960610658507	2.2780099244226
10472	10.4960099539251	0.534529448166374
159	11.9332610001279	0.436722487391215
257044	3.50319062160649	0.884012279798613
51029	11.7657711341136	0.420097492924229
116228	6.63084360317259	1.08773820815358
284702	6.59610114901701	0.672565708419603
3192	14.9186662786773	0.303662461424396
101928068	3.54828517284422	1.05779418431057
84288	8.11540684778931	0.670249913115822
55083	2.53980192294347	2.46267892509723
64754	9.49892151998369	1.28864464292573
64216	9.90894151788757	0.523965776884731
163882	10.2157585864636	0.612650508838709
51097	11.0694309687927	0.635887613423088
100130097	2.96229406327047	1.49165288118894
25909	12.3552162557708	0.40975128663144
57116	4.31963014986737	2.80688149276049
93474	7.81096841269297	0.536193810178609
79862	7.80460871989474	0.587893092029287
388759	2.64280255360879	1.5501207280337
7678	7.54870427612035	0.726148433945523
100500849	6.40961157599778	0.582108373107053
84838	10.4606170375053	0.862136291429612
114548	2.25209501125588	1.6948604242808
80851	10.5414582850015	0.409906474297167
100422879	3.29313286438494	0.866360873565294
79894	10.2839588092229	0.406599164535143
55657	9.14757801537117	0.303329705998744
267002	7.72531767486156	0.473282286887915
347688	1.36915684348523	1.4476510090843
10771	11.5252514141162	0.440493039599305
22982	9.35646901796805	1.61511960701252
414235	3.36353186603505	3.6136931342828
23185	12.148108307935	0.474006184380714
105376341	2.27165334520528	1.49022053110112
23560	11.8644338665182	0.566140163671161
91734	6.57988050297443	0.446227277665125
55853	3.88296406196104	0.975439377411838
3422	10.7937445046455	0.614692172470295
22884	9.49702235517164	0.406919910370715
105	1.79444419098342	2.3310561613615
101927824	4.38666322978116	0.931296903553336
5214	12.9029222561574	0.585482242293462
10531	11.4622008446132	0.792665378827292
100507034	4.69980621526574	0.591633289103418
105376501	0.809384884965518	1.95667262955219
1316	12.7694665303045	0.772440577097562
100216001	4.08828532664253	2.12422549609001
83592	6.99514252603423	2.83017823269455
389932	0.898574199292809	1.49562588639421
1645	7.54029555822386	4.49900890273816
1646	7.45219302964793	5.27836023310395
8644	8.08396774203323	3.58623499846405
1109	0.860881990047424	2.02119474180269
114131	1.34520185701258	3.25682355855339
79861	1.24688521935055	1.53314590786874
10276	12.2218354069194	1.02422711890079
51806	1.06139584149581	1.72071733304379
100132159	3.41033658728242	1.24999872166534
79754	9.77630026712722	0.674449574321017
54906	12.0143307204448	0.508221275679358
2665	12.7266774512479	0.386623629478527
54522	7.05118864030107	0.621968486672391
84893	11.0488029843671	0.506433013699342
3601	8.04898490816594	1.65351846699257
84991	11.1096670995078	0.418152730337802
5209	10.310230068691	0.843755689202358
5588	3.64783040847571	3.33560165482482
439949	5.01194910427053	1.94460201992053
100507127	4.07257009491499	4.0395896174231
57713	5.83554260036574	3.31250447128955
3698	1.60023522794746	1.25719921576788
22944	8.66559393281418	0.427805691953103
509	12.5054956026279	0.458710939537773
83860	9.98796265902659	0.354741518539333
2625	8.92836511037653	3.25229958526199
105376502	3.77396351763619	1.97083951452201
399717	3.44983775148164	2.81065986090036
207107	3.78786135178887	4.09025409654838
10659	1.91231709438593	1.36535759975963
9712	10.5379267537812	0.550337287977742
79746	3.671072355195	4.62536708331447
254427	8.57608609033829	3.77033879583688
219731	2.32440419849993	2.07536768474853
26019	11.2551944637548	0.321809919663322
55526	10.6067357477761	0.780076980310344
55176	8.01316917526365	0.667619557260573
11164	11.0526932431095	0.399384050486159
8872	11.8448344982512	0.359888519656105
57118	7.62394330424955	2.69604535295489
83643	3.35595511018895	2.3079679763138
10133	11.5092389302394	0.677764263209659
55388	10.1545806909741	0.64585318464629
5264	9.75414230563297	0.728912841060775
22929	11.5071311867138	0.32026998905723
222389	6.94781714705043	2.68608386899943
8559	9.09121924554348	0.370430863760161
55691	7.7117056245	1.30659082024898
83641	10.619573395943	1.34906730480778
441549	4.74087473407534	1.23459424225205
51182	10.7312907218244	0.431250787624316
79723	9.69722629738189	0.303229894180183
64421	9.35547186514126	0.548606673153968
644890	2.94117874721616	1.32062359766934
55301	2.06621523855726	1.7675587367551
414149	7.71242305113533	1.73507618640036
10557	9.3616099761869	0.357230174706183
9397	9.21867350383405	1.19268843289579
221061	8.57241152356267	2.30424075356441
80013	9.29625088020573	0.988021711053138
9317	9.58798500562887	0.807175455411515
389941	4.74003333669768	1.77553459988755
6251	10.676987922735	0.699052844429961
8029	4.55723448310423	4.24936579029095
1787	6.73130747537728	1.71360439594686
100507347	3.41376710960255	1.90853425361902
7431	8.71954329682335	4.58859198495298
338596	1.51023635562256	2.57047375857841
9200	8.88365761272281	0.967825702461296
102723166	3.01996751790543	1.12448795633664
8027	10.2207450487626	0.465335969388067
653567	3.13417128956658	0.958537960965006
4360	3.08871131453324	2.45236708691616
783	3.82272781752872	2.20045606591936
221078	8.29691243763456	0.887697207871531
221079	11.0464254205746	0.788176069892121
340895	1.26205955260616	2.47566790095834
84898	3.93831944508642	3.39624527497513
10529	9.22323637955861	1.33812958252455
100128511	2.52796121674666	1.16062563551897
399726	8.29931261082201	1.53744802220172
100302129	3.06343495402475	1.04921341214394
387640	5.85080933375762	1.77556011521916
8028	10.39497798738	0.47807414104597
64215	10.3653920161573	0.898739571493034
100130992	4.24804575010497	2.56731596607734
23412	7.83794825043832	1.02096139194184
648	8.30348381316765	1.35700376820921
100499489	5.90440021130339	1.40303486834979
5305	10.1603597027835	0.878614999502708
219681	2.9303468712639	1.98526807861677
22921	9.09314753706694	0.985826094578531
256815	2.64837571524514	2.38722716882643
220213	8.84371550309298	1.86258117490943
56243	9.68252382003535	1.52982594333863
57584	11.4524360709849	0.53454699145823
56952	8.14504800331699	2.21188967020998
219670	3.47114376842368	1.17737102396936
79896	8.41087498889508	0.854292930000556
57512	2.40160332850535	2.85819707535351
23590	8.11444621245427	0.809470842580262
10006	11.2655925846072	0.431639527234676
22852	8.99659058132143	0.617638853918158
10730	13.0394826251902	0.344049257212851
84930	10.3006310528145	0.502687380281231
91452	10.5076207330328	0.660538568781263
387646	5.43051538009385	2.00263546450075
22931	11.1596414423402	0.379843664701575
283078	1.86678417511069	1.80248512448581
55130	1.37133083196384	1.63268026078003
143098	8.22714194351934	2.17652045035766
220906	9.08557439176173	0.381240017249141
51322	12.4051605582882	0.345964559425811
25805	6.93883502912492	2.30359156433361
102724316	8.66619225949842	0.48862740997261
6840	11.9200419299027	0.722271022086983
57608	9.45800688435904	2.24446319618509
55149	9.98258622383159	0.3605003697144
1326	7.15285761300445	2.27177535734356
645954	1.32502798818788	1.5128546963276
220929	6.87246340951595	0.458182327815649
220930	6.85088076428426	1.156360078851
6935	7.95143599838135	2.09418567508887
94134	10.7999377398214	0.687899216281107
3799	13.4894458189798	0.47363241138981
80314	9.58222126262387	0.461388509822441
79741	6.3346785786418	0.604245485156222
3688	14.9936150537287	0.766903436224656
8829	11.0493581868116	1.64965313378865
56288	11.2328656230292	0.429056320098519
8453	10.9773072561646	0.375338448074501
1390	8.86955288087189	0.591067712850305
219771	11.3949513895596	0.418560088233153
8325	5.31275015665774	2.61963077426384
57209	8.19948732593403	0.613500424455729
219749	6.75078551683489	1.26123663991073
7581	9.65482553003977	0.298688405172072
7587	9.75581632640111	0.58457712749253
158160	4.89445358801213	2.03193210996966
399744	5.83399436138583	2.22435816739288
441666	3.77419507966691	3.85982407136687
414194	0.898707045449987	2.27923201044043
84856	1.50662563245016	2.94852645018651
100129482	8.14105493001534	0.503113280285054
7582	8.97450936416523	0.613245504673114
9790	11.9755915575866	0.505509685737026
5979	4.74839535013608	4.81885434073718
55454	9.58319440624759	0.947802047064353
221002	4.44705354927878	3.43096042849081
53828	1.44497517161092	1.53699064975306
3185	13.5772900622968	0.433125987431576
642819	5.17532066976542	1.34577521335761
8187	7.21433225756953	1.0635156504534
220992	5.8011668868551	2.1257849395412
7580	7.49024936356501	1.87529158956169
414208	2.62314058310802	1.6155246511123
10151	2.45013039169334	0.888198518831821
6387	2.19645856120375	2.51442931079213
83937	5.14971048434014	2.05488020953798
11067	7.35073544620934	1.60133324555388
220979	4.85268987912675	2.1761969073901
7570	7.7675123754308	3.10451128078689
220972	7.69451683772471	1.00943967401397
93550	7.93124672247524	1.21214440928073
253725	10.6864125960707	0.86163868767073
119016	6.92278343607699	0.385378701848737
728407	6.50824887309258	0.252128473368229
100287932	11.5622493047037	0.319959549982921
8031	12.3644684704676	0.476241212506659
4477	1.41289486790335	2.19927643833905
653268	3.22179064955683	1.67960089574908
105378577	0.982524061813521	1.66262502128348
728113	5.07727852053428	4.3156529443591
643650	3.70281545509724	2.57869324923108
728643	2.91857895338912	2.40280870545468
5540	2.58920579380767	1.93579254671749
9721	4.48173854384169	2.85746972613593
83849	3.38352524710852	2.26425369039369
414241	4.35161631314626	0.66227467257155
399761	5.73160859377974	0.403340298866469
26095	6.20305640587828	3.62709959042655
5949	2.58826268598779	2.04024683387332
118738	9.30368958375047	1.55487935453052
653145	6.58178156938857	4.03580383640611
642517	6.52722479320682	0.593401016185833
642826	5.81303241593562	0.564891306820197
439965	2.4291359031543	1.39908572616244
102724593	1.88643225409371	2.27502039737398
102724488	4.16371189492773	2.52166595039472
100996758	2.5473794645276	2.02474391925583
414224	4.22365173004435	1.67037730689884
143162	1.2621922309719	1.8286567766869
5599	10.5673623492867	0.509779340794084
58504	3.72240595683644	1.48942357725887
170371	0.991561695709609	1.64765374594823
2074	9.30178055059689	0.713722442985742
6572	0.740503947633384	1.85166171162262
55753	5.67169049524683	3.09444464366059
8505	10.4472692471159	0.418130225273074
100652748	8.55754333407497	0.487471368239742
414189	7.50374787186882	0.453797053665157
100421577	3.182921668763	1.44544714741917
387680	10.8362361976074	0.756411630095164
56624	5.65496027453645	1.88001586171688
259230	9.66262855615889	0.654780578561447
104355295	5.18431128036023	0.913247792464467
653308	7.82172230031133	1.00840911984471
29974	2.51116583757525	3.88516089167255
5592	4.10886539296562	2.60954464731271
23283	10.5643719835909	0.503408856188623
100506939	3.17999449534166	1.81134410490982
22943	10.7360392430665	1.73863200880092
101928687	3.08049772080195	2.55692815774622
65217	2.24634956926915	1.69938182842825
11130	11.89644173499	0.590978337862926
253430	9.5366277542776	0.817210577064726
55847	10.350634675087	0.666169577251778
7321	9.59854893440697	0.518428652226827
7019	11.7265970089279	0.423067910688761
80114	4.46431570800258	2.31572696223562
84457	1.04339609445403	1.34681279519343
220965	1.3474388314033	2.26032114169964
220963	5.50109388635434	3.12664037015301
8030	12.286289330472	0.508269119611013
288	8.79143237688367	2.19019461180885
983	12.0473708091068	0.572041807450956
9886	5.60300916823347	2.56730234187929
219623	1.00740359936263	2.41852023441692
219621	0.740692884736769	2.02414128536187
84159	8.10333109439521	2.9809180728823
219790	9.05783667823312	3.14323886379252
22891	5.60785454073875	3.215351239075
84890	10.4753177807309	0.478704535472527
1959	6.52097353217219	2.72523441527777
29982	9.73832201835022	0.419234200091918
221037	11.4887016173108	0.516954126482176
84989	5.54335081381609	0.820976620063115
221035	12.2282258939036	0.680050354023671
101928913	3.0807092783977	2.56818929401961
29119	1.48662064084354	1.45935813195565
56521	4.08964826630316	3.77503414635197
23411	10.1290188497752	0.658747716167008
26091	11.7659391523713	0.53304191798924
84665	6.81011328147448	3.08583100510007
220202	2.8122742761241	1.09311888802422
64081	7.47291593833679	1.12600361886597
3189	12.425477350792	0.373208752801542
55680	9.09646949419357	0.763692343556128
1763	9.91044327437399	0.452103740373557
8034	8.58501851389973	0.606064100407192
80312	6.12260720070396	2.0305063680792
55749	12.3335174271138	0.226823704400517
100302273	3.01042123807246	0.908353130417589
219736	5.7138437359394	2.07836716923669
79009	10.785548173788	0.306722710736504
9188	13.6751292416057	0.739834901790334
26128	10.9752911925964	0.479597355624245
5552	5.72360984897009	3.50395512073147
9559	12.306431597818	0.453543102154557
6832	10.4983806743892	0.465415239623338
101928994	3.51776090221496	2.54096417470589
80201	7.80423277015015	2.3878139142956
3098	12.0158324867728	0.53227099896726
6865	3.73114681272778	1.29851882630592
23555	11.4437977274831	1.14679318373625
219738	8.47081470561819	0.870257583906237
1305	4.32254058149405	2.22588733602974
55506	9.06316176041836	2.15212199082622
84883	11.0929087986758	0.960739648492945
219743	10.4755716679183	0.803770535365474
56681	12.5052115183424	0.712342372388838
5464	12.6859200195945	0.543462147398508
55222	9.27261232425536	1.12590340652691
1979	12.8915144487271	0.189429391422438
4838	1.89055304675447	1.47261214639407
27143	4.9192252748688	4.02050832463654
140766	3.2641167367852	2.26599392896742
8879	11.8751828205931	0.992583848013352
5092	11.3317094445603	0.67067832128517
219699	8.32408001654307	3.84094458923508
728978	3.50310462427742	3.94393097916131
55315	8.9457160326966	1.06130251973192
64072	4.35497251967967	2.38688440407885
414152	1.53289528514175	1.42841412777906
64115	10.0234266694881	2.42462577916687
5660	15.3528879054671	0.609877024299475
9469	9.46571149110401	2.34448813717373
9806	6.41201645508421	2.28359256484223
51008	10.7016822824918	0.642510303338162
119504	11.5308231746635	0.650761005050046
54541	12.9560284741322	1.16101602958912
54788	11.4176781284607	0.648973239918161
10367	11.3044434949098	0.393565530851433
90550	11.1012171354105	0.437964667343731
170392	1.26143921044776	1.25770097859477
5033	11.2493609460134	0.434468605216141
25961	7.21188109145351	0.592731490680457
11319	10.752264875602	0.446906066973043
317662	9.15663847657944	0.574348237142641
23234	11.3351458349298	0.566098727840992
414245	5.09721605113287	0.742759821490911
51021	12.3321207964066	0.434558710267312
118491	5.66099131471494	0.784963689568167
310	12.3241898105559	0.497031902872206
118490	4.28329928134539	0.47094790263379
5532	10.538150519679	0.417265757391918
159195	10.2099358308316	0.665464323714396
79933	1.56130686133857	2.12890931468974
729092	6.15424326695825	0.618940801553076
729096	6.42990757291659	0.611345678791107
2749	5.96399135520861	0.626683224222534
9632	12.588333289427	0.512330669230215
170384	9.20930785525097	1.23219367302081
118487	10.5218532355861	0.389148199091414
23053	10.5989848573736	0.90572163090553
8509	9.67979781694866	0.596674020446779
818	11.0059435773612	0.685060544210565
5328	11.2985567819932	1.94754967180699
414236	4.60665944777857	1.60236553000673
7414	13.1230963110451	1.05557254520705
26985	11.5303990731812	0.362921119668175
132	11.2781455119733	0.59505063221362
102723439	2.78326469531527	1.06117277909457
23522	10.5368366712111	0.437028363188433
51207	3.50362217509326	2.26458918268546
142891	11.028812032348	0.458583100775614
7417	12.6932031515013	0.468608371991233
118881	9.17798215777248	0.968853481600004
84858	9.76966546583215	1.86526826820267
253264	2.2212013162242	1.85784759751788
100131213	7.40836506484114	1.17470263790473
101929234	3.3324933896476	1.24086785212013
83938	3.44155753314782	2.85123953604863
3778	6.62878149842086	3.96782381123668
11128	10.8450196216584	0.523045232060814
6229	14.879479317799	0.393918453268966
283050	2.43985709318311	1.38299976436214
57178	10.7195036567228	1.12427468244056
10105	11.8505483444028	0.72191879193216
219654	7.75019689163678	2.23137752620706
143244	8.21885756906035	0.553610207965908
729238	0.913322162241672	1.78717930650726
653509	0.915392769959704	1.50370294684198
650623	7.00042862658762	0.898366841037255
101060691	8.1432460538377	0.526894939220304
729262	3.88380024123128	0.999872819135317
642361	6.83295429359296	0.506386278816285
6441	2.18625643234566	1.77179006498682
219347	3.69040099693643	1.4826842594937
80195	8.88665156672506	0.485845463019623
219348	3.00569844463936	1.05240061692614
311	13.4010260405459	0.612817755806421
439990	8.45409749963683	2.33827573046173
4143	2.61506827592806	2.24378434709176
84293	11.0545910702151	1.03644961228229
81619	11.6196221951861	0.939693982400198
101929574	3.38269419466088	1.61383802832218
102723703	2.79645684013112	1.34368658242903
10718	1.13866673153326	2.41571638703788
27069	13.5133196587406	0.372072082009861
5995	0.826185969342493	2.07923054941165
170425	0.599064161058443	1.64207016503023
54462	10.8589821076498	0.751535136637839
2894	5.63615084254495	3.44213418103649
23063	12.1000415914386	0.303487315414754
11155	5.000170021258	0.962508955758759
657	10.5632731497857	0.468196703248683
79812	6.77341261824774	2.32087358861455
6623	8.94046572909296	3.33743609314907
10974	10.0362415468603	2.44930908376268
119385	3.84572448802167	1.73075010062562
643161	3.2513337421446	2.58219791064201
2746	12.6846402683845	0.574080333001438
54537	9.93103416584767	0.672400455502921
728118	4.63517542351311	0.956295106682215
728190	8.52617105889122	0.516789015735814
439994	7.23980467938505	0.381787203058694
728130	4.3695677105982	1.21829807351184
728218	0.64838187048906	1.5919108345578
9562	10.0311017463113	0.696016952877214
9060	9.21873440430181	1.67840641186338
84896	11.5183162946687	0.527731985556878
142913	3.78184694561679	0.635275528578834
100144748	5.9419657982014	0.876998181103051
5728	11.7546404597137	0.601789629203366
55328	7.03553854660322	2.53889242474819
142910	3.68664205319001	1.66750873902444
643414	2.79197812969843	2.45171261272444
118932	7.70976208642046	3.26072900946458
57559	9.20341263311414	1.43991649281556
59	5.05085291330453	0.86536389071056
355	8.44957553495243	1.13336690479402
9023	2.32748888897148	2.28309913414533
3988	12.9280225690762	0.70467399473229
3433	11.0026342805325	2.11999576588586
3437	10.6327494589717	3.25919441961883
3434	11.3985079426668	2.01556067235167
24138	10.2795681914029	0.707829143928572
387700	2.79928958186451	2.376689068776
53354	9.55934936096838	0.336583402965716
283011	4.55290353194474	1.03257610156865
9585	11.6176092309002	0.568356844175998
105378423	3.88084726821046	0.524937913791882
643529	2.33750421094115	2.57185578978249
3363	4.54017870210531	2.23142938090245
10556	10.1770734271207	0.470540266695206
27063	7.39129663683711	3.13850269123177
84333	10.5802012989723	1.46979960220526
100188947	1.22640906621089	1.58280099219536
143279	8.01420624661639	0.679912888754318
5507	5.12671500578138	3.09616308385398
100507633	3.50182722447373	0.731485952504281
80351	12.1137641663092	0.375687197356913
143282	6.53041052580636	1.57649428972189
9044	11.2689341426741	0.355442804044942
22849	8.49047797988922	1.04063426002744
54708	11.30830387179	0.514289740748762
100507674	2.59201040765032	1.2208471392744
3416	11.5850296190679	0.408390988989393
3832	11.9302374005456	0.511854078158078
3087	7.9248053283196	1.1905627261803
54536	9.92265324648685	0.606131935262947
340665	0.892285267224604	1.92220376559922
1592	3.80235182986497	1.99338948720944
26509	14.3368561600179	1.37246220642376
55165	12.3224119044523	0.546444676104415
338557	6.6361813064117	3.51412484396839
5950	5.47312186132075	2.58277776821403
118924	9.90953906854238	0.583469819404042
159371	9.02795444022557	0.581006383263759
266971	5.39484273618762	0.490616405407609
51196	7.80056722458564	2.99711434426252
64318	10.4686896122803	0.634593973722418
23232	8.96626957288685	0.546129888411906
3070	10.567271247328	0.467513352182514
1562	2.08813857661692	2.02360991641676
1559	0.790074817138663	1.62003959121533
1558	0.934862831849468	1.72925659560409
142827	1.44231894888708	1.44633477002161
9124	11.7800361280933	2.02653824203538
10580	7.95317406169188	2.64667035338275
5832	11.6594484788884	0.463337355034803
26123	10.7114016897593	0.447423689537236
953	9.51937771406532	0.962257083577895
728558	3.42323474364873	0.59195213569152
100127889	3.9146855296126	1.14251121618358
54619	9.42304192660072	0.877687963469409
9849	10.6866682123154	0.646730116950345
29760	3.83544757459474	1.8219709421815
7093	4.14250005333651	1.2904583721906
56889	13.8113596593983	0.44175745931115
118788	7.21030508936404	3.14380630567246
728658	11.3428990359636	0.418745035128938
102723665	5.21204315828574	0.636547481437274
84458	10.4852855921672	0.850173710748436
26148	9.24542379675056	0.529684882544191
6585	4.42621357180421	3.00893461471589
84986	9.57836460170593	0.891195388080573
10023	6.73533324888139	1.63814591281852
23401	9.06021307480361	1.14474242110475
23223	11.3450632847707	0.639329647087437
644215	3.30975211013778	0.921164949806122
5223	13.7954160598334	0.348213964407501
51013	10.1071348130952	0.348558180375101
84287	10.8070346099929	0.352333327668986
64210	10.9762010953681	0.483090039221041
80019	9.74362720793392	0.803564251187462
26287	4.59942275963991	2.83740281787244
112817	3.31719598986894	2.53396635934326
118812	7.95833990889043	0.762245945460374
55361	10.7921066393923	0.672955436559379
60370	9.53575229939623	0.91390375730761
83742	11.0157735246096	0.708894019864595
118813	9.97450852425769	0.44840681146188
6425	2.877616765092	3.3884469035771
100505561	2.73650780876453	2.22026464395752
401647	7.57532403191655	3.09228668389029
55118	1.86010036670808	1.71127089044502
27291	9.13715948119838	0.290801065586402
84171	8.8285996721221	3.27070003082543
84795	6.50269940912932	2.68522328876246
3257	10.2783749540946	0.843427100166632
60495	0.925630415121709	1.82416954434922
26507	8.89149410420425	2.9969552514763
2805	11.8013427953903	0.46198558517632
159296	1.15242056186823	1.59686165673725
81894	9.65040193348264	0.539061630233932
57089	10.0376920975306	0.559225226193299
1355	11.3125321801137	0.451191912023561
51076	8.95260943588513	0.576860294550907
1244	7.127401979916	3.12935787881651
23268	10.7404917603298	0.809504546547405
100188954	2.08786535738297	1.8496221695351
10613	11.9401995557806	0.552664546625128
1147	10.8507616172865	0.614589472389291
55280	10.1905416277154	0.351405400917557
282991	10.6459143783885	0.284472218179548
9033	1.97758182726815	1.20847096771135
6319	16.1510404626192	0.458944215224325
90271	8.04660689893783	0.97865435536567
25956	5.54845852592611	0.989024321838031
4714	12.2728974179047	0.336301134917597
55662	12.020632223353	0.539530004045144
5076	2.74236776664241	4.16718017918088
55719	10.9144219349086	0.357858428530239
57715	7.85794471752184	1.41942006773046
84545	10.9919921261694	0.356643173553246
56652	10.6178854172016	0.479395101494104
84445	10.4380470815551	0.602438255692495
79955	5.32565889164717	1.69971029592934
81855	9.64432308326015	1.6045349298215
81621	8.5250246122621	1.50440511021833
10660	1.30158559282626	1.78247713187473
399806	0.898306417109421	1.95164119784618
8945	10.0057929134195	0.76835723547135
27343	9.61019181088662	0.268687298564828
25911	9.12796112574653	0.430118897802378
6468	10.7092420253899	0.503220794405971
10360	10.9047361991871	0.515125802282625
10724	12.2454642226606	0.624277049349422
30819	3.85355725017833	0.61074566940806
79591	10.295170597722	0.521033562363154
79803	9.64627544023312	0.619868800815432
8861	11.2254449526516	0.478413596380463
23082	11.5032997975457	0.451927532312429
9221	12.9567201093899	0.538789505420954
83401	4.2333130623681	2.20180152653269
5309	1.87757644797913	1.73031941978075
8729	12.313235889616	0.486793459898773
4791	11.5339866976115	0.83569011662917
5662	5.25054288508169	2.5765570244645
79176	9.44973478172149	0.908848295745052
79004	10.5953127826904	0.516858942578274
100505761	7.31682145168524	1.43890412778128
79946	5.14399227334433	1.33353966347866
79847	9.30147138692205	0.540223221146347
10121	11.7139611628365	0.344942471730048
51684	9.41699768698201	0.654112022359197
81603	12.0019686304612	1.16714456427344
403	10.3912103871485	0.65550091734021
118980	8.64111331786865	0.73347886432318
54838	11.5033265002653	0.963330154090437
119032	8.49346552214561	0.806727115094773
54805	9.3466893111819	0.866769794866721
22978	12.015593313554	0.661685838797579
729020	2.67156771986211	0.691270406825333
9118	2.51500140105625	1.22106525380823
84108	9.13617633046894	0.547886954737623
6877	9.09657298955479	0.596846775667372
84833	12.0512329532371	0.634363049955913
22984	11.9325254353423	0.648719434424254
51063	7.29494827216862	0.662720882816454
255022	2.02828959066124	2.49488979441766
119395	4.24821596238748	3.02475826555245
9148	5.40301460271706	3.4316785310859
9644	9.50843086843102	2.25467414283831
100505839	3.94562273357586	2.39123900157632
79991	9.94797502956881	0.386065818629708
9748	12.6357347001551	0.553595517415041
1308	9.42850097901226	4.1917336100076
119392	9.05364523717197	0.7244144394012
80217	4.30950230244813	1.36685314935063
9446	11.8753880319563	0.45821429609344
119391	9.4901047633174	1.75313989350515
85450	9.11634900770873	1.98338599124608
159686	3.20701040491899	2.16353800387342
100505869	1.42511333084143	1.4252408680011
114815	1.6964628215948	3.19187067513293
7511	11.0231300273042	0.388494932957676
120	10.9361833050592	1.15083187216659
4601	8.97638771539856	0.947329148010828
10285	10.8716957040272	0.275351084890163
1847	11.0700362586812	2.28594312520584
9126	12.3703268804457	0.460025000920919
282996	4.14315051906651	3.31926415506289
282997	5.33439730571312	0.82160227459034
27250	11.1826330131598	1.108794430256
92482	8.88160615590094	0.754173923842664
8036	10.7452942597587	0.53882522586031
57678	9.74499076768751	0.447530651316803
6975	0.794327185217447	1.97554204877987
51703	7.93622392841592	3.19526599725078
64429	10.8413077546384	0.555602249248275
143187	10.5385713262162	0.401310621455031
6934	10.6193202842812	0.910971253113045
840	10.7356005924714	0.610169264542764
79949	2.89019518498167	3.19591294136451
9937	9.85461989908979	0.64891463207036
374354	9.96110863388176	0.666779863594944
153	5.80124358603589	2.05580326376496
55088	10.5857384076626	0.592146538760231
340706	4.73815961901389	3.32192587412123
84632	9.04954415999753	3.28881772177885
3983	12.4411036381892	1.13340032730282
57700	10.0948411295713	0.792754957847155
142940	10.490459259738	0.402336049506022
26033	3.16782636356983	3.40256754879272
259217	5.65953407010841	2.22371536758503
387712	3.76953853910357	0.681804984942357
57698	11.1570476389921	0.91969724893945
11023	2.38241951768588	3.27581507835273
6571	8.20749301359732	0.670524059503014
118987	11.4019767850552	0.558205648209604
2018	1.50134526379419	2.69652713559365
22841	9.90293390896965	0.546406069168044
255082	4.6078172033611	1.47690679905777
63877	10.4224104913941	0.470778455499648
143384	11.5894838655749	0.427042393900882
340719	9.00100795959872	1.45064274090746
8661	14.4336767623837	0.413213323414928
404636	9.98825687612484	0.621918482215268
119559	9.96812907351708	0.682088862686118
10935	13.0998669618123	0.226987827759508
105378579	3.5233662397677	1.25653288216313
2869	8.98012276172586	1.27526942091232
105378510	4.19039275026089	0.959802738209336
6001	8.81002718026749	1.17916897957405
7073	12.064559087259	0.276348918619197
9531	11.780320405949	0.528687230955735
22876	9.80627378444961	0.483548038760978
79892	11.9353441642023	0.365191809128811
11196	11.8572180054553	0.45355963043437
55717	10.7817959294778	0.620174838647335
2263	6.55205912566495	3.19948774157349
11101	10.1093352067623	0.801933599187685
100130887	2.66674219801022	1.86206279887976
54780	9.89232074680926	0.63346185243707
10579	10.341644514328	1.27602434112033
118663	4.28289506341596	3.26035523379949
59338	10.9789545078822	0.939088965024266
5654	8.47791366786723	2.34362390411218
1755	5.31179730920861	3.48371437252398
196792	6.01087027682128	0.938896423199226
399815	7.00210169379524	0.942022114277875
80007	8.83018303838597	0.632175273898337
118672	7.16343311715061	0.919991698774517
64376	9.1993203802972	0.424125902733521
36	9.72827713210312	1.10883019949983
340784	1.16826068664287	3.01038146081949
3167	2.51726320898275	3.08875063254761
9184	12.5837089050803	0.412124123188687
51363	9.17487678602073	1.74687370918684
4942	11.5801840542242	0.998392434249387
390010	1.21698385080518	1.68889342077827
64077	8.42061718862179	1.2326599878555
9679	10.5847188357864	0.692095546811602
101927944	0.663433120271347	1.64020587991212
399818	9.09561076267401	0.884501529075526
23172	9.97960654842461	0.328673718792222
54764	11.0661517711663	0.367341054649923
1488	12.1001897846037	0.537280387839669
387718	0.614429959273089	1.3309318709481
399821	2.83523678598523	1.04418386066017
26098	10.1456050895257	0.362049122943148
7390	10.3732809873146	0.564092247159021
56647	11.7485019317139	0.485904875783409
55760	10.7928074090362	0.721510589260846
92565	8.63729116767045	0.880996106746528
8038	2.15093715803479	1.67039902807281
118611	1.12721773769728	1.85682637313955
1793	11.3046230759987	0.573864638612407
642938	2.0954738133363	1.2454359784282
119467	1.64613502136154	2.73067531504372
5791	8.34708151990141	2.17878802876076
4288	14.1960330964251	0.49049991436023
101927381	0.701781745376226	1.68341209342756
4255	8.42578243627639	3.32986721194395
105378559	1.66557613808432	1.46239283028659
253738	2.37861185097662	1.74591460795377
387723	5.44632768411507	0.947132903956631
119437	2.57258428359412	1.03586447919421
10539	12.5749588691805	0.423454610874499
55844	10.2201201775819	0.280193550425458
664	7.34514950606533	3.38684514123846
282973	5.86283481574152	1.44228457499876
10570	3.82280558250255	2.34806640216524
282974	9.30251534767082	0.56448242045528
80313	7.17517192112599	0.984949716081881
170394	10.3640220813639	0.858599197459355
170393	5.11656208424637	1.7875103301823
3632	10.0155471878639	0.769381492230904
84504	1.06532769930397	2.46291980008488
54777	2.82980823970353	1.92112829031798
101927590	0.756610020295637	1.71501220827257
399829	1.20774441528176	1.51438734564911
85442	5.09128583064884	2.67089768559386
101	7.86404806978455	2.18994570371303
10844	11.5387743023613	0.288691294699639
118472	10.050143781251	0.83238836807651
50632	2.04132624856625	1.91597402716072
118471	2.2613855559323	1.66253785852272
282969	6.85990018407251	2.75149007490446
1892	12.4136755323895	0.377335304009331
196743	6.1896195641227	2.13192638433225
92170	9.93967171378805	0.600477279674174
503542	7.4949189815544	0.424904315101979
619207	4.52484222250876	1.35491617012349
1571	3.0929744021025	1.78085487578809
399833	2.86487419440868	1.06830436093106
51272	10.78914199755	0.692023099253723
60626	12.0592145947298	0.658271629808784
23410	8.91477604508658	0.782509603347403
5719	12.3511639202905	0.493736405379858
171389	1.60100104965267	2.11406627449264
80162	8.09257341780288	1.40041772958178
10581	8.77147667409807	4.28930318967311
8519	9.2997373313916	4.04420256768499
10410	11.985844968053	3.03468760823572
338707	6.88238632285881	4.37137574294337
11187	11.9176999584282	1.08769471788487
59307	9.79295451020251	1.46479076983287
338440	7.33144906023314	1.57567629975928
81490	8.53640751143572	0.693090099441619
6050	7.70468981033303	1.78662036428428
115399	4.87012933017856	2.18783916827283
3265	6.23674267418977	2.11193697596031
256329	3.34244246896506	2.27962341573264
8045	8.33464791974863	1.69327979679777
100506211	2.85377339327501	2.4549283066327
57661	5.0154610857592	1.77800837052907
3665	2.80631446530713	1.77444423297473
10522	9.72627637426325	0.598136779069339
283232	8.77029529299049	0.602762017395139
64787	12.155440812452	1.21053467321857
6888	12.5334103976299	0.413130753056458
347862	10.5809551032009	0.890103131116425
171391	7.12772704795302	0.867437490084207
105369190	6.3374822172743	1.05296426842507
51286	4.58321552717835	3.09779332842388
79751	10.8007904987931	0.784352541952292
101927423	4.53143419332504	1.12146247713046
55367	9.1130598306905	0.532647711604745
6181	14.7887965994561	0.386711219136304
619565	3.80706695111251	1.08918754426907
57104	11.8760189200635	0.727572818647218
283229	9.30957782646841	1.94571064360806
977	13.124318167572	0.537637671158199
5441	12.7144281392596	0.541697044012863
7106	10.3155995476326	1.32779262554227
66005	11.4836075495901	0.509294417052457
161	9.2552868376674	0.766478886610009
4583	2.39517586861136	2.58347948746847
4586	5.81644052065992	4.46696297081673
727897	4.81048756764713	3.17449069343847
54472	11.198213759991	0.873854991617534
255512	5.29593990260659	0.775857319974654
9024	7.37881940661479	2.55587322763349
81532	9.6549423085634	0.611799164542545
402778	8.11369972104754	1.64064571827013
1509	15.5905810713089	1.28176092166977
90019	6.43067624701337	3.06139328237195
7136	3.39100586733179	2.99063764672492
4046	2.64955825178433	1.86487833830752
7140	1.30410471644244	1.72252352537006
6150	9.22651783015223	0.674055243271314
100133545	1.79591040702856	1.7828613295347
283120	6.33411388958142	3.54278753472028
3481	5.56189879588963	3.66481321006501
51214	1.73543740102291	2.82329686641162
7054	4.64584307929545	2.77743915494554
430	1.56488625183727	1.8126437768639
101927682	2.26021821472361	1.07820475707231
975	10.9020449099817	3.28140469040726
10078	11.0104605512281	0.787049104997249
3784	3.64516850098362	2.41652997514051
10984	6.38681712999536	0.852112690615361
1028	2.5171041885909	1.75455248802081
5003	3.49543644013166	1.58787973896141
5002	5.96083678141822	1.19401326809657
7262	2.02959508521049	1.42505933688957
4676	8.71539753274489	1.34737961432839
833	8.33538567710128	1.68240801778238
114879	9.02575179461294	1.30879065328751
7748	9.59065862297587	0.872263200873692
105376526	3.65665909510757	2.90583030760037
116969	1.29529481092227	2.71681994888382
57053	4.93072227949592	0.828890417612453
4928	12.6418026438699	0.530285789829425
27315	10.0424408242484	0.638528611477832
391	10.2815702782528	0.719163183071697
6786	10.9086793786275	0.985353418687597
6240	12.5220149983523	0.501655592734255
6737	9.24779708292674	1.08544570079901
55128	8.98863220033091	0.907431142777585
143503	2.10798398262468	4.68576243387161
81285	0.772185913704447	2.12278372043522
3043	2.05166410791195	3.54106649285887
3048	0.479414862513551	1.31154293275995
143630	1.62172834266871	1.47999241118559
117854	5.68924218720379	3.68101684953354
85363	10.2173147510412	0.94156428998293
10346	5.3861434392802	3.92993845192156
160298	2.73902234198437	0.817555792741885
84067	9.70813616390919	0.587409199875219
1262	2.4293735092698	1.69024077393573
112464	5.84527447471292	4.36880702727726
6609	9.52849284799436	1.49377351294055
322	6.30124852295466	2.56996656224368
10612	7.80329133979239	1.01723829784439
23647	11.4511948341945	0.620359604866561
26515	10.0122093757174	0.56085779766432
144132	7.43028298411228	0.857437601868242
23378	8.81784481652823	0.515789012300692
3611	11.3873617317528	0.386104958784834
6881	11.629938546474	0.782330804224961
1200	12.1208909400864	1.06041514733601
8642	4.40638412616821	2.07607930817263
63875	11.2221969648637	0.61472517650287
387751	2.4197104937305	1.87401072939479
338755	1.85195661946486	1.56094421568702
7762	5.71990501892066	3.47664936992469
7761	4.45829561190497	2.94559253883543
338323	1.63472850880274	1.46926111049939
143425	1.90728283917365	3.11049945215498
100506258	1.50079544936461	1.2828621312514
8495	8.56071213205241	1.38775370839125
51700	5.25221131433456	3.88211878539616
341277	0.957579959750894	1.838563727809
8665	12.1778139874779	0.5817403211774
7275	3.6848317837199	3.62424724857735
79608	1.06820433679303	1.46570731269774
65975	3.71037589080852	2.8850627308751
9866	8.0693089735593	0.843502488595376
6157	15.1234056895184	0.400128975187574
619562	4.9536954585571	0.935012409621796
677826	3.18956872018103	0.962252257761866
6764	9.60850041556816	0.985321101397229
56672	10.1828683774156	0.602891607125827
56673	2.68482739188428	0.842448952180939
56674	10.9954612128773	0.744045195767962
493900	4.10299735498492	1.64697225052711
56675	5.24444300333005	3.70562285394821
57758	3.10551917621349	1.83444851814412
23258	10.6731824540799	0.835101427930125
440026	11.3779955711484	0.555537885072954
10527	13.8985646612502	0.381830619083221
677808	2.84703687325181	0.848598399017222
644656	4.9362705630571	0.883081820024507
7702	9.87474063589622	0.813091595992564
7465	11.2375164317589	0.683177140501301
23075	11.0189660665759	0.99702146505712
440028	5.45028398278144	1.50378360423758
283104	7.34668339141074	0.791031004025411
81846	10.6278038373918	0.586993611574586
105376544	4.53703124418009	1.71021650836055
133	9.77538447107634	2.23105206384938
100130460	1.90842275036541	1.07985306628758
272	8.40058803242011	1.44500411374301
100463486	2.47571614373881	1.28807202897836
50862	10.9058689652017	0.443621150127401
100129827	1.89903846199766	1.15493138970105
10335	2.68915869306567	1.86229350239109
9646	11.9448539810226	0.59917573836104
1982	15.5537778722087	0.568667331962161
101928053	4.09105028384144	1.41814637641896
58486	9.89815285269678	0.719357692155573
729013	7.66632223438522	0.368840321487311
374378	7.17797972416116	3.00757067723776
283106	9.33990249044182	0.239697495688744
55031	11.4773498165354	0.407868804960237
27122	6.25079682158354	3.35865693748517
9645	11.261908562344	1.12642258068168
84953	5.59619834554852	1.81314447283548
55742	10.5606709880047	0.670843504064811
7003	12.0797416205495	0.72828416322246
644943	2.78336613150003	3.12485902997425
406	9.16376956520576	1.09671582902522
84280	10.83907453402	0.596141332955835
84188	11.5893568743289	0.720796766055761
101928132	1.4309985956711	2.42114833832761
10418	5.17569615438042	2.96731984674232
22800	11.1753941786845	0.601159719643032
1315	12.6321263522145	0.392161722139968
5682	12.3906959407646	0.422903198408399
5140	6.1242581704832	4.19477235874979
120227	8.34162728841067	0.838241813069872
796	2.9416536644764	5.55040983890914
797	1.85083307029659	3.75715738714814
387755	2.65709122846952	2.70581671516327
55553	4.47763610026931	3.21254412634584
10944	12.7129048804372	0.323466170173966
144100	10.1539862821562	2.1099457004411
10819	5.86859725280467	1.76448706353386
6207	13.7765013465039	0.337064787885816
26822	3.40880402917887	0.857127459353645
85388	3.29371828691059	0.957704994103588
5286	11.6964593951587	0.398409355611831
4925	11.3100899762163	0.865762056101683
374383	9.00670341736971	1.7549263796676
3767	5.46628357688524	2.51196817832017
6833	2.52989667271286	3.51676548515153
10083	3.09808324746551	3.95971266940774
3746	3.73484382960161	2.81923107944026
26297	8.77394762396372	0.916104862987419
7166	2.28292334139089	3.05220932315868
113174	9.45333293661856	0.791762989574756
6289	2.11982367372283	2.49174724218473
6288	3.28673546286397	3.07715089380514
11234	10.424952205502	0.534766935723378
2965	11.0663036474365	0.487741992550103
3939	14.8608569591741	0.343708915294152
3948	1.89453992397323	2.01372441200502
7251	11.2480262870637	0.676833774813633
55293	10.2141611137483	0.548690026565123
100506540	3.35704593394099	1.05825944442432
144108	10.7690187840709	0.605431409299546
144110	5.48427242048199	1.67205211889908
283284	2.55148502467777	2.06976394193683
117194	0.913095016713906	1.53022305729896
54503	10.1345604711347	0.960311023174906
79733	9.06037692704755	0.978287529655283
89797	9.46761014643321	2.97187013965043
100126784	4.85104349043367	2.72914283413436
10553	12.0816873944962	0.672541220060083
10196	10.3990464776318	0.691272360161607
4745	0.855287664820203	1.65041863802926
203859	3.98228298261027	3.94089970108088
2188	9.27048201199794	0.76827899625362
2620	3.52826065459815	1.54008185296624
258010	9.82997924171523	2.98612144573516
338645	4.24024390677184	2.97267884833744
103695435	3.5360443948124	3.42666959069941
91057	10.3956443004412	0.912847587377385
55366	10.2522760036223	2.03906061012296
55327	10.5787187799362	0.610038274195459
497258	3.59549322796695	1.28837175614599
627	7.6131018837595	3.04164979314404
81930	10.5522649135139	0.649610695819748
196074	9.63125795198403	0.395844607420859
3739	0.945627992179806	2.43358606783961
120534	9.40158442436054	0.45020346616942
744	1.10677731656126	1.9282280264859
120526	9.01536063141783	0.516433055851863
196294	7.98261867464921	0.688118459529313
26610	9.54022411958545	0.272540344735322
5080	7.21418703417602	2.01526128665447
5954	12.9188698335521	1.08005348622777
7490	2.85024951568475	3.95688002770996
51352	2.24900166049201	3.15537217059059
10480	12.3056537221282	0.401369534539986
493860	3.22719427371069	0.883429770498853
79056	10.2341789785248	1.43814261049838
79832	11.5439981906612	0.447592370826706
91614	4.87845120903034	2.15990347104585
55346	8.78552808110099	1.08279345587357
283267	8.08434610735393	1.2055438388674
1479	10.8263774469486	0.467608410236419
338739	3.32479211008519	1.71406479082853
10114	10.7887221703909	1.35490041997885
25758	7.2729415689602	2.85559302415259
100131378	4.30822563979433	1.75296700381722
966	13.2293901900213	1.26316073104448
26273	10.0567769367024	0.516812724170513
4005	4.67362379552529	2.25527267213193
4076	13.8927264233046	0.165140925253438
55226	11.6775137337348	0.353404372690476
25841	10.270200582992	0.651350931150303
847	10.6682448311577	0.91341962904571
2001	4.04529578121957	4.39525672417089
26298	10.9569558661376	3.40196376115064
51074	9.93432150943415	0.608346890093823
8050	11.2275913796468	0.656306227338554
100507144	2.84544516338695	1.99836183221067
960	12.8568281365569	2.81327483999342
6506	1.9820290044132	1.84741172100515
24147	9.88951735431086	1.26028608493469
54765	12.7841238294088	0.657991553869642
143458	9.81564219350948	0.95566369390933
29099	9.88070174329202	0.353411859939206
79899	4.12429106795542	2.15167847299025
7189	8.85010403515519	0.555837262452214
5896	3.75997486947386	1.11016591990126
119710	7.48797561433532	0.550159572369829
57689	1.55959454227701	2.02996538499084
8539	12.0583272838335	0.506827499678277
55761	11.5152121446552	0.733233730934987
51144	12.3893383169256	0.332588098124106
221120	8.87420253565319	1.39727563409984
729799	3.94599245054331	0.984384239959966
100507300	2.40482626172645	1.0324645858674
387763	3.58931283497291	2.04036059192732
84680	6.72114526247228	1.05747771470784
2132	11.5191417573789	0.813435909405697
60529	2.66907249938809	3.53986302272715
3732	9.55889780642659	2.70159994760953
90139	3.77445695995904	3.42939450538745
9537	8.2079406594992	3.92935287165693
56981	8.1630591290417	0.956659942642411
57586	4.88095835051208	5.27360877681956
101928812	0.652902486731147	1.78415031931827
8534	1.30605753549583	1.48045893040874
55343	10.5474923708473	0.964448943094694
1408	9.09644337882665	0.612660656455128
9479	8.58214068404209	2.58897095916088
143678	2.43947112287145	1.23736762436034
9409	9.74842255785266	0.571461126037698
120071	7.29904544588212	3.05926310831676
51317	10.5350550189608	0.73938945859399
90993	7.97671931385226	2.19750028921931
8525	11.5032917520544	0.519581376945113
4192	11.4170725326572	2.40490169306834
1132	5.43900840756345	2.47706634009957
55626	10.442610420045	0.46059893962679
283254	7.294509917927	0.510230723251786
9776	11.4633848933128	0.402145966222873
392	11.1478902628596	0.458772658051817
79797	9.18261517488904	0.475262821842886
2147	2.06937769300663	3.27601327374356
9793	13.1234162252698	0.499703141697143
692108	2.34582531472467	0.948769621299819
100507401	3.24736118341437	0.948465944886281
4038	7.14132567780862	3.01936034861122
79096	9.36507193711582	0.399697786139768
84364	11.3300831579042	0.54650938946515
29763	10.0376900585202	2.10118805220279
1643	9.3386996196593	0.763954196397387
53	10.2232668607274	0.440166233836286
10062	8.82301071778429	1.34102007911357
8567	11.5315633087954	0.518434447282327
91252	9.47224463393482	0.817309196830353
5702	12.7748744474351	0.53989350531807
10658	12.7338694852353	0.434918083942301
114971	10.8369265919885	0.61246546188874
55709	8.83166254534462	0.877495600771664
4722	11.5239311744216	0.484019243716358
23788	12.1733990032639	0.576514870390602
79841	4.29957699473535	2.09720604826075
23360	11.0836971278662	0.312802321299902
23279	11.851916508217	0.35872438182082
5795	11.4193280858571	2.36491310918877
441601	2.69876305301303	0.752461287504879
219432	1.33895898227263	1.78085544803052
85456	12.6249376052794	0.822492549425844
6749	13.0741131468629	0.685212650700961
29015	5.53185592221558	2.41732483632341
349667	5.33122677970556	1.83294788335414
8501	6.0074263428236	3.04800690300481
26519	10.5624709602993	0.604193718705034
219537	1.94656869054442	1.9223604324696
9246	9.83872187122681	3.13374064574849
710	2.19267998953172	2.01189153153821
219539	2.46401135149925	1.51090787752989
10978	9.29710719543695	0.452010966803279
25921	12.6744838175219	0.57381346236102
219541	9.96836225533284	0.689339366853215
51075	11.789763958464	0.466633622104311
280636	11.4580198647799	0.632198615764663
643376	1.94823034381076	1.13410842579829
1500	10.2357026143013	0.975887093253803
9404	8.86864640384506	0.796648313213719
80829	12.2941684083949	0.562449233445772
374393	10.5623268211848	0.958488450011371
101927204	6.95043552405957	1.6502490956176
63901	10.4932989507822	1.30693764453849
23220	8.27762865935489	4.93821891861942
341112	0.862645148706893	1.74831605845554
105369316	1.56376320807337	2.93165960426966
5007	12.2592539592674	0.365792643404122
219988	11.8473549575822	0.716252670267096
6809	10.932489805393	1.36549318855902
54948	10.6893908236568	0.584225848624941
6947	5.0604218907859	2.59455023520271
83661	1.32363043072014	2.29341234986621
79080	11.3933642623778	0.487348804123482
11251	2.381651936801	1.68729708656548
27339	12.7047253923553	0.321788941356661
79073	11.2406190482626	0.660873043343577
54972	10.7627385141898	0.803969527669115
51296	6.05758017767571	3.80937127660153
921	1.86377412552709	2.02966158473368
55048	10.3625526931649	0.599543704256734
220001	2.87261377918993	1.2834751916264
1642	13.5820130313955	0.391068207803037
26007	10.3679111918968	0.45233534742552
220002	10.7978504434647	0.750909982314315
51524	9.68721219061856	0.473232373655393
51259	8.47647265760735	0.848557716440663
79869	12.1217541093528	0.471472081158948
54949	10.5759541099506	0.420148419440535
220004	4.34954740937642	1.06175654951184
9066	9.15045360283177	1.80653215673738
101927495	1.11202147745028	1.83695788368282
113157	3.78125606139319	1.77535395322113
747	9.27492677792486	1.16538810153287
745	9.0990876858336	2.15740008750402
26070	1.60167259793228	1.70707815134165
746	11.6874167415314	0.613378926800348
2237	11.5311631219635	0.682943651056328
3992	12.5226528090147	0.741510449190048
9415	11.2994837119385	2.13477574945739
3995	8.78234342879605	1.40216047782616
5866	6.12190245858043	1.85320871953824
7439	5.34969718497065	1.26744419212383
2495	16.4688032379893	0.830001583790534
3619	11.9716388658906	0.602322453303117
80150	8.07462165617025	1.44504155433139
7356	2.13212332385836	3.55112467887992
79026	15.0765119541439	1.7863374642833
1937	15.3872049297195	0.300884516386379
64852	10.2283696472049	0.265781915958699
9219	12.6158326716482	0.485476210811188
256364	10.6046286968507	0.51388780376212
6094	6.91751618138509	0.837471178326442
26229	9.87814640993499	0.728811564404441
23193	14.5404409454086	0.389964862468637
80789	10.3791411142207	0.41679350212664
102288414	6.25714934661684	0.746770895752011
79081	6.23590505403628	0.390748777851632
751071	6.97301608108	0.60395439857148
790955	9.40040734779312	1.53372152701915
51035	11.8419051650773	0.365821557193878
221091	1.84247920078717	0.893350359265409
26580	5.63705054511068	1.46335193476374
2785	3.38831172629156	0.859880114273741
221092	11.1766238903619	0.675458284696535
283237	9.73111420197509	0.397739700961614
79842	7.06706647292296	0.569628779586218
5436	10.772653516672	0.486677018888262
10629	9.50842533131075	0.444651026008867
374395	10.3080845100817	0.597654404875171
79064	9.54752532964078	0.604062056033156
10482	11.0137035232866	0.352589604702696
6811	10.6829791832129	0.71365897310321
54663	10.6446533166587	0.369316233342997
26855	2.95544014429763	0.962062633329784
23642	10.6266507086435	0.723503466380143
9304	4.5544569086249	0.956478488673139
9298	4.94880315582397	0.925725336232237
9299	1.91767746371814	1.39994561133635
9297	2.55278104925207	0.89440928701784
9300	3.58649681468012	1.17334991237844
9301	2.09883525388345	0.914043740939199
9302	2.93614333601995	1.06110335653368
9303	5.73747386998091	0.890089860476449
6520	13.8617626037737	0.895795154827515
1128	0.676233825863983	1.50597206986394
117245	1.3832546811673	1.92483357040661
5920	7.70111661466394	3.53453064059122
54979	4.69376330097489	2.74419023538226
11145	10.0875866565284	2.82883331806579
25923	11.7085257008842	1.14937808165249
10313	13.0973946438697	0.501643039727767
65998	9.08253971990536	0.76941571923847
144097	10.6594577117342	0.734360756333631
2011	11.8330087419304	0.712227617512207
283248	5.4769756923503	1.76945038375131
79829	10.4126736083057	0.888136937434833
1351	13.3430289063204	0.569949910430636
55611	12.059920434526	0.555945963604418
28992	9.18819634120959	0.477387931934501
23769	3.68096290369345	1.65068930037053
10963	13.6831135449071	0.26721123641191
83706	5.64891362451165	0.670918589971933
83707	9.44838601565238	0.575387454299611
84304	10.2323285642466	0.569531960542832
3338	9.40981202475768	0.451123573169256
7423	10.8715977937476	0.981868613812588
2286	11.9384930265786	0.757075336120627
26472	12.3423615866787	0.859976650827671
5331	11.6768268889686	0.801553745848112
56834	10.2913047798379	1.02594747394618
572	9.34819961468947	0.837181827219152
25858	3.88419616964791	1.62548716259965
2101	11.4857721402493	0.63501604792161
51504	12.9680226983351	0.563254088223405
25824	13.2890833493762	0.706420226113488
283234	7.33374302322465	0.912844994053927
8986	11.8509162564575	0.972192913110022
9379	2.35732398285748	1.6332041270197
10235	3.18536466569622	2.31631706920112
5837	3.93675589562692	1.47321699620169
7536	13.1970760015684	0.280036449397163
5871	9.55654035152343	0.567038991060146
4221	11.1753901146616	0.465216192561325
55561	10.0390746284539	2.18602469494837
10938	12.3913436341884	1.00989818842497
23130	10.6384205018493	0.518684797791871
5526	8.81738683069961	0.761674646881976
116071	5.64677736991235	2.81052626815614
402	9.72478413952794	0.69044522447561
29901	9.25405018584038	0.816384380112251
113130	11.7183358739357	0.668521281058857
7542	10.2985209785617	0.626225900309346
738	11.1112302520829	0.758997784775409
7108	9.97397986327871	1.2547681285606
741	8.91412829236266	0.548420711355262
2197	13.6153863507444	0.341257967903236
740	11.8817184185499	0.496606214488913
84447	11.2704730962395	0.515975843762113
728975	6.95313542932914	1.51065164707446
823	13.5375208723217	1.25114891808106
440044	4.86022451850238	2.25548782094114
23649	10.5961754860234	0.60930596144882
10435	8.57412543731646	1.25687163971396
5977	11.264218730194	0.465946066436587
220359	5.54277381407774	1.34905312377199
283130	6.95710506100378	0.958004734823196
83786	10.6836091503704	0.696378284141863
283131	12.698233211616	0.732977535282433
693197	2.16510408296069	1.18959595390128
101927789	6.34910849493647	1.80150097949492
378938	12.8952710684956	0.944246077843658
57410	11.4146448071425	0.406281721841468
4054	11.5067337383484	1.15311377771241
254100	5.48047587159895	0.445214975119522
10534	9.90880525184085	0.653346507052845
23625	10.7603297927063	0.545931971371713
254102	12.0613553397404	1.10408622407466
10089	3.56016271970899	1.18095667595022
4296	11.9336594329816	0.767914125382607
399909	12.0008657565663	0.520151625864737
6494	9.99065504633886	1.03263996225752
5970	11.7505761936327	0.579538699557923
10524	9.67472849349853	0.818201332821489
84153	10.4985198544268	0.547100740615037
91056	10.8287340826964	0.828619547750872
5017	6.34130018794942	4.39720949381273
101927828	1.27653759549467	1.48907185239757
254122	2.5665187173552	1.27220859692728
1072	14.7590611781018	0.438160022508052
80198	10.2799262717159	0.560539323879574
30008	4.57297446852096	1.63191389950198
9158	10.7905003424393	0.477420886946346
11007	11.3640529875208	0.79109542563881
8061	11.5459737835472	1.68442915670686
83638	10.331378556626	0.943499622135887
10589	13.0537951039455	1.05850500715804
9092	12.1389798755489	0.362450843149354
84285	10.4858483493807	0.429015725698971
8815	12.9294171581895	0.571333294124273
1474	6.84506844553174	5.55706543468285
117144	5.27424204628116	2.91889689059362
10992	13.4972964130553	0.287582458174084
55690	11.7983538920855	0.75170860082531
64837	11.2493430628466	0.667848263689195
81876	13.2897390384973	0.700142684146478
254263	5.45460210946496	1.72746241870401
10897	11.6869451751866	0.651928277659734
256472	5.4842322966128	3.20324770521556
9610	8.67244509020146	1.17610949562337
25855	10.7545124652608	0.434504836228233
11041	9.49012327170674	0.950180813681349
102724064	4.80158604456775	0.9880022568125
3177	10.0773069114742	0.630739653579073
65003	11.4390218412497	0.548777907068424
246330	8.24286585460526	0.96703778401316
101928069	5.27008100764965	0.624652180542471
10072	11.6782760791148	0.736616205010288
582	8.57882854224792	0.833213270679938
254359	9.09528859957527	0.720582449482429
89	1.10443547851555	1.2965768177727
8722	5.63411037486688	3.14166282627685
55231	4.72812914843204	1.05990051713469
9973	9.79785502902095	0.684207311856482
10432	10.9970826310341	0.213548536525719
5936	10.7722481176768	0.307493537613695
83759	9.07025235677067	0.6075158842115
6712	11.3225813568075	1.45224774521174
105369445	4.20098571564596	1.43877778383225
79703	8.76780382946021	0.819780288306558
9986	10.53482203489	0.568124898276599
5091	10.2983838156731	1.15629738054974
78999	9.94869139222018	0.605386062311485
254439	2.80866577069637	1.88627450109854
91683	6.06637894715502	2.93465061544025
29984	10.8491409762431	1.39438537859728
22992	12.9621143980142	0.536015450397619
156	11.9587266295976	0.639648914428835
338692	9.61233361417861	0.664450322857986
54961	10.4486737023431	1.67996517520097
100130987	6.5497613187047	0.846213493725025
57804	10.7941036670777	0.796253447647181
23529	8.56222712968226	1.56808840360014
5883	8.97349953062364	0.597177068979469
5499	13.155644342777	0.585476667606381
57571	3.65323248672178	0.885215431257805
6199	11.0157329904517	0.435416271002599
5790	4.49857379552116	0.836377310192644
57175	12.2295804358904	0.436936735029434
390212	0.642415699863307	1.76761904557898
57010	2.66774056928023	2.95471259621192
80194	9.42880928761344	0.48717560436915
9049	10.9257812586844	0.655188741097224
9600	11.1355803274038	0.706130294586809
10263	10.7374527736539	0.517849865917013
2950	11.9885209632244	3.33357802778986
4723	12.2369637260266	0.244902169417466
254552	7.16572226345688	0.734932802208264
347853	1.90621200398059	2.30675496198499
91703	3.92765701810483	2.27402512307158
222	3.96076222501386	2.91232924447093
645332	7.16725698606028	0.790260862617675
81622	11.3218360477017	1.15734582631644
221	10.0126374954925	1.77435989235129
4728	11.2969529506572	0.375883491544658
100616403	2.58842799355963	0.751334160546642
10312	10.0759718272883	1.54596272856193
1119	10.9259553123722	1.29835377448221
51111	10.8834415634611	0.738863030267271
53838	10.3174861481618	0.448409318408162
4041	12.7533747959497	0.753718907903853
55291	12.3100543805515	0.592679393445855
51083	7.57586945868607	3.61843673525216
9633	8.35809459728983	0.816969440963808
1374	11.8531363432457	1.09479937078564
219927	10.7716207491314	0.296231935953152
3508	9.92007795635126	0.4576111682122
116535	1.98264033625356	1.78270081295148
219931	9.0200799964998	0.683779864712196
26579	10.1786059464939	3.7373372681955
595	13.0803525914542	1.24090627692814
220064	9.33230452325546	0.568392516090619
9965	3.92499247600232	2.37940985424097
55107	7.97763101922829	4.94962517644629
8772	10.8814126545987	0.529920399365032
8500	11.9335810530246	0.527229029480101
2017	13.8298865979899	0.939597891418653
22941	7.55925030240106	2.54002892509771
1717	12.8414797265569	0.695463861997262
55191	9.75333006009123	0.548795924056414
55199	7.82713415373902	0.46074776722425
285407	2.99067672477257	1.19623003746728
100133315	5.79788379277949	0.469643389506782
100129216	3.04569279007644	1.13784360820657
55298	9.96314240702464	0.657956579311307
10068	7.10649926741092	0.710207441172916
4926	12.5527783423921	0.551816209241455
100128494	3.01929963542264	0.788339414344379
220074	7.99132676320007	0.686514996300689
55004	11.2377205530152	0.749355074048859
25906	8.5243955595565	0.677066749865942
2348	2.9525562074566	2.49052762611635
3636	11.7307553276434	0.630710681003254
81570	10.0907620427867	0.799466246083525
101928555	1.23143841103752	1.66742974966868
5138	4.21713542116455	1.5694384126967
116985	11.4335243814031	0.733244203250619
10809	10.7973484236921	1.69087491825893
89849	7.3549971608022	0.702394947277797
9873	9.90193712334986	0.739176438408041
5029	8.89842382834939	2.63025846028459
5031	5.28789592102324	1.92559189153716
9828	9.61690894376988	1.60649113483038
84957	8.81661769313946	0.697954627718414
23201	11.4617945047992	0.592461895893185
58473	7.32848487995803	2.63055429579516
5870	12.5535636319405	0.555771867812658
51642	9.5211278224705	0.596390823701988
51287	11.1712309604174	0.57323322267092
80227	9.44547584900228	0.511299597225201
374407	2.67626290464248	1.4736146116005
7351	9.72966149213216	1.88185540818019
7352	3.99977965702576	0.748361569326167
26005	10.294349925738	0.574979249434474
51400	11.3851580931034	0.533903525300448
283208	2.5329070670927	2.19231197609602
283209	9.98095275302259	2.25845514051767
10008	3.21648458739455	4.27221868581291
387787	6.37886136728563	0.623990827133692
100287896	7.10142043425211	0.678926470869739
10714	9.83919733328322	0.816775430387966
254225	9.76253441707993	0.78720818067722
143570	8.67480171508298	0.864231742917486
9789	12.1988982319722	0.634567613168289
10825	8.55513064933513	0.719962715496603
11309	2.13697796753471	1.57201030263681
100507050	1.17530131074486	1.93975689456108
408	10.7044992495657	1.83106070421208
6188	15.6758135385001	0.398332165865236
114599	2.47332369122647	1.19157301811625
283212	5.49839646291696	2.89656035154066
81544	7.63936174242326	0.981503029749719
871	12.9225304524413	0.862178411911988
4135	3.6514561837271	2.39117358429414
84649	8.24661824320164	1.45144878529445
7405	10.2362826366301	0.466791363777381
7481	5.91108722959136	2.80189448124088
5612	10.9854791593583	0.536765141673642
100506127	4.66710078840367	0.867484115870571
56946	10.2859422918135	0.499734190340213
25987	10.0958560067269	1.13351555643087
101928837	2.80940819909715	0.899932463191458
55331	10.1124049076657	0.895812519865938
192134	2.33082395959367	3.19010719156695
726	9.05739214153444	1.87299613252033
4647	6.71757884951916	1.36719840212825
5058	10.5985767095618	0.703770991155602
282679	6.28139759694885	0.614505848810053
1207	11.7563088278754	0.513201947097142
51773	11.6994898022366	0.395048922887348
28971	8.2851205817485	0.913928689930816
92105	10.1632176023154	0.489263950874468
4718	9.76130020078986	0.519058003866408
79053	10.7019352198769	0.577995901060284
100289388	4.58082491531647	1.07452512086546
283219	8.50627424194886	0.642770365064579
57558	8.59131466392397	0.546195526552544
9846	7.96255930638437	1.97719352152711
79731	10.0177034236887	0.400030299304857
26011	2.88139723945149	2.43673952889898
220382	1.44684645797809	1.87458825590715
5547	11.1844019612511	0.625908025661961
220042	9.76403693527523	0.634470659139489
27314	8.95683050698264	2.15749633611199
100506233	8.4230950563391	0.846940832075481
51585	10.8953871548914	0.265098742508278
338699	8.84108204941741	0.516812299603977
60492	10.3560730886702	0.443168003032725
1740	6.14131640491157	1.29443251243003
55863	10.6972077757083	0.500346849379747
84233	10.0293869721366	0.60669052096503
58487	11.2230950487695	0.433935945412183
220388	2.18848171856231	2.06344678663655
54843	9.19589698881429	2.8919676020293
220047	1.25905941881299	1.57059792680907
8301	12.8279272567621	0.495129442556654
8726	10.4381532564954	0.58466541976277
51501	10.4865280543433	0.525802632653943
60494	3.20477007924429	0.845278710969955
10873	8.32545370763734	2.1275734661945
11098	12.5331918355577	1.46493776424833
8322	8.03059149680298	1.9414207844887
100506368	3.77509987714404	1.27095022506674
65084	10.8591175192459	0.582196983089567
23682	4.44157930279347	3.23314073098688
1075	11.8248908680561	0.723622198271554
10003	4.00301699262947	1.11208350354434
26973	11.3016731980923	0.501086600141377
120114	4.12899879604078	3.01636732334127
120103	10.1043606330106	1.03669694363082
105369447	1.19860138150793	2.04320755678385
159989	0.882667184751734	1.53045008125886
56935	8.6154384429056	1.48577254265668
85459	10.6431728848756	0.290763735562217
619383	5.32302468110183	1.09469076141663
684959	3.52183696027559	0.752095577154046
692063	5.24746345801742	0.704711049931168
692075	3.13882805678291	0.734462008075799
677792	3.15115671445677	0.663418841875699
654320	5.63817299943993	0.501002478340084
692072	4.05061688851545	0.47778044150109
677805	5.84568423944256	0.637877523612234
100302240	2.87161924077757	0.721315833178273
677822	7.25295075621913	0.528410115848269
79101	10.6745569031917	0.456664872631278
28970	10.0932174611318	0.641343664843782
9440	10.3801687562455	0.289976515288001
387804	1.81196073721871	2.2075896734314
341208	2.29578005342024	1.72460356508203
24145	10.8934643202261	0.947406326637508
4361	10.3982676522363	0.515389842874663
54851	8.58323380601801	0.488774704397756
2526	8.5943386508837	1.32670549719505
143689	3.99646229300118	1.6337285980206
154810	11.0234675392904	1.65077171089165
51503	10.6702831896761	0.569195043103475
55693	5.56144827897455	1.31003626257379
10929	10.5388771912905	0.36492436544595
23052	9.29835566990218	1.96015283743557
101929295	2.00880467517894	1.53481345758828
143686	5.34151681723916	2.70334978037651
100129203	1.16905775219046	1.32323665204282
143684	9.01366185838157	0.535834748310091
9702	11.2302580701571	0.343643627711246
8898	11.7034695486997	0.853165953751704
84441	8.73084000825956	2.98784897718614
79780	9.68950672749578	0.788184070425289
8690	9.24324147588228	0.601885504448382
143872	8.77277784365612	3.05666418261731
83935	6.7794942105907	2.37477722084201
57562	8.39460640829346	0.912687610140723
85016	6.06532865133367	2.97238348973366
10413	12.6338742804317	2.52447938415104
330	10.9769357755919	1.73361558019068
329	11.18098779859	0.538918007892164
114908	14.0359565134362	0.751461033958884
4316	5.04589440090637	3.57637862954711
4319	2.80518060799935	2.74082002601585
100288077	1.84749540079704	2.21845680214136
4312	5.57827468206453	2.65128434799503
4314	1.26776561041411	1.42492302218989
4321	1.71208091024106	2.31752489227908
4322	3.66158675166913	3.96308270953738
84259	11.0208893994321	0.486249045776897
79659	8.33539605104232	1.5470769861788
80310	6.86820968092164	2.38636068541925
100506742	0.806816463314447	1.77245307789349
837	10.4495633186165	1.19823738227854
834	4.51246333606757	3.22707897278494
114769	4.56086067556203	2.98197257416516
59082	1.36029491086784	2.04901882230392
2893	1.68015488980237	1.25926898302534
84437	10.0515681454318	0.49637177103059
143879	6.99196040733543	0.579608768498327
60496	11.1580625660794	0.463038293495372
2977	2.64487145774485	3.46994047723771
143884	9.64927941377487	0.583779798999851
91801	8.84979257410931	0.721041738752716
55531	2.32354441829372	2.95264940981143
54733	10.8624539865986	1.27989357257952
54734	4.58324283418552	3.91300674283768
8065	11.3206821268876	0.504101395691796
38	11.3196757369053	0.860604920458646
4863	10.1063120180636	0.386535544614535
472	11.1669094450271	0.589486192633289
160140	3.89663235958392	1.47452597107636
143888	10.3765748834602	2.99040259685685
23086	7.92537553227596	2.82999491207188
1662	10.8145559823097	0.381638801979508
85463	9.10463133974027	1.4189923181502
5962	11.403245265092	1.09109051182623
2230	10.3858684138972	0.896386349846708
57569	0.996529585923838	1.91792298211436
341032	1.66067599763713	3.02442194920281
399948	2.60420080672639	3.67692618131734
120376	2.50532291569924	3.19795663808607
5450	1.35503509797174	2.3974187674847
143903	2.45803905263273	2.56451307087205
23235	9.9449244062376	0.704408771304341
5519	11.508693264137	0.59584420143702
79796	9.97614694940817	0.379463774708596
91893	7.54312979206198	1.0216087274711
64776	8.5406907224516	0.801912098611995
1410	2.00246922101256	1.1766043409516
85458	6.94137591886507	2.11979618421727
1737	11.7624168653813	0.45253951034928
120379	5.55130321586279	1.06223475474247
55216	10.5630305432703	0.401637419768841
26521	11.5297768659853	0.546259867219567
6392	11.9312645452411	0.292002527761776
3606	8.73551316471188	3.32228989932236
83875	4.60437049876936	2.03995626791661
5805	9.583429990826	0.816441210964957
283140	1.91117421798011	1.23114595482062
4684	3.63877129583414	2.70532794826293
54970	7.6912577109124	0.886067721473308
1813	2.72678699942834	4.01822703993815
80975	2.77287737693141	1.37917541450953
9183	10.5088522666407	0.494796840272148
57646	10.4029895666756	0.671568138505559
3359	1.5297042579402	1.39248839909758
7704	0.724325264750907	1.56404907596134
4837	4.75182651409	4.0378521740668
54494	8.69006849258509	0.540181680146764
10179	10.7355675695808	0.571647470136016
25996	11.2220797139352	0.610849602764852
120406	1.10759341649911	1.44790142146177
23705	5.10679464271246	4.21678853008535
84811	9.83654188888535	0.485263293299032
8882	10.7953611297492	0.573041671720661
23387	10.3903731531602	0.444576298688642
5049	12.3543889025969	0.630878797105823
51092	9.40293535907598	0.921039398393102
100652768	4.29435721987827	0.849172568806494
6876	6.09727633245744	1.01340720841085
9159	10.7913844097248	0.459555993566807
257160	9.74148795492457	0.481685928913876
23621	9.78244200721878	1.29328982527243
100379571	5.27796216315405	0.543458353840826
22897	10.3503540037713	0.605021972709041
57453	2.70320529921441	3.40897493616992
53826	2.80661905620855	2.1750743454601
84000	4.82791137022183	3.80062668864629
3587	2.66332300022402	1.67778001049098
56649	6.69112282986192	5.8149389735525
196264	9.72722691297771	1.76964247036168
10205	9.49922521987686	3.92019705128966
9354	11.8319509443677	0.380498979384905
10632	13.0666267395729	0.575575536763027
4297	12.2749212053115	0.563506588546618
101929089	1.85548139863464	1.28044532754246
143941	1.79260976086815	1.54015399759241
84866	7.64404605772532	1.94441773351187
56912	8.23037537672377	1.4379697213108
372	13.3099176295681	0.462654706497013
23187	10.0377757632208	1.59772840296673
1656	12.6569629482998	0.5421626502294
283149	13.1312200167601	0.994745880527281
7379	6.24509441497936	4.18419414909017
338657	7.81796449073949	0.745516133394465
649946	3.19415140156217	1.10511758084272
6230	14.4704148940734	0.416688343360077
51399	10.4723519562408	0.492800063384885
2542	9.97988906555526	0.526308364752156
10525	13.8898072481441	0.775833001192725
55823	9.94537914545857	0.536225283519028
3145	10.3920214384247	0.651887682978357
3014	12.0777824166629	0.812951348909933
1798	11.3792976145249	0.364866619199059
9854	8.72255500322576	0.668421867610406
25988	9.05222808460176	0.381974655457936
64137	1.78163641857535	2.00497634158464
79671	9.79844434573532	0.668192250829339
283152	5.50035276906024	0.877301148973216
867	11.6119084042033	0.747122440059785
4162	6.49343919951184	2.4865606779894
79102	11.7849759213547	0.633723606586317
9099	6.17242810787714	1.78026306201476
100499227	5.37030073006456	1.35602945540445
7070	2.05074366505626	2.14232274701534
5818	10.9601267901447	1.79366676378794
102724301	2.56288278676961	1.33882433075124
23650	8.71625986165901	5.03621652442637
220323	8.57284762368671	2.4993748770576
25833	3.09472931836437	2.66323541482482
219902	6.93134092345635	2.20428813896285
23365	12.8852905403026	0.760135723515798
2900	1.5969706040895	1.40116516097216
219899	9.46591008083937	0.67812568490808
7007	3.22959006199479	1.5024790750593
6309	11.2080500443144	0.91415455598617
6653	11.1424016599245	3.0857930504003
399959	4.70587518399305	3.55909077069899
84959	9.37163282106003	2.82363703765895
79864	7.83858224770723	1.29672222097153
3312	15.771078344957	0.526635020107661
85391	2.5904433925294	1.37772732178938
85390	1.93035582771497	1.20481812894053
79827	4.46447868761914	2.61874204937178
57476	5.39411202700845	3.39660842698033
55800	3.33815967580272	2.24226707090978
7753	8.83020754440462	0.413760217572645
4013	5.10257497055435	2.74995391555885
84897	9.8870053434513	0.603838370112504
54414	9.29778471578664	1.46283996076672
53340	8.02355942743805	1.46576018053932
4900	7.50560926879746	2.3389628643197
23584	3.50755116316865	4.23082779359889
90952	7.05001208424779	2.44900001644172
101929340	4.43933639566323	1.13503264044089
79684	8.04896550687498	0.561938740563855
100507283	4.15531704271548	0.948753682108363
64221	5.57633950925246	2.14709894234077
54538	2.51012726276485	2.54859207736733
80071	6.55744174942984	2.61229065941642
219855	6.65559993797974	3.79977603707957
219854	8.72705570968669	0.850166030795802
63876	1.23589597587752	1.43797428370211
9638	2.96291211156407	2.05067769023867
9538	12.6221632349755	0.576224997032411
3703	13.26195525031	0.395933105426896
1111	11.0951269382975	0.650434696595964
56	3.43981465289518	0.845428583275974
399967	2.22205372811193	1.5356226214102
219844	9.16397042819436	0.703567087913645
83480	8.65479165977774	0.429765593639433
29118	2.56269520741747	2.28089191453046
50937	7.99578030040667	1.31508020989355
84881	9.94436908674735	0.557885697013388
79607	9.49796732799789	0.48825287347305
6734	13.122998966053	0.57546474182781
55572	10.2925740376023	0.40435223163135
114609	8.67306839993088	0.757268581009452
28960	9.64846179335511	0.751584689351692
399972	6.1309178040302	1.28291713730874
6484	10.4686134154454	1.27398142285576
84623	3.43628909809772	1.67340791497566
2113	12.0816988592933	1.40668539397655
2313	3.43992875195276	2.9327356931663
100507392	2.06658426863947	2.80624008953481
3762	1.63266274098824	1.44955362779399
219833	5.6812970512809	2.49125345031767
63970	1.83507821180374	1.52939927867096
9743	11.3059745144613	0.846767479353939
8538	6.50075027520269	2.8538178924166
120224	8.74532855579998	2.95351772240997
4798	10.6005514239306	0.549697363708704
56980	8.91530943510864	0.37691952926375
334	15.0874884562251	0.659125073303804
6768	12.1141067176089	3.87479923301194
29068	10.8101606718182	0.774552558697787
170689	7.27249836958328	3.48967125593678
283171	1.32542216306275	1.57323619889651
100507431	3.09695433444581	2.06888744046184
103611081	6.32214188302136	0.657958273503964
399979	11.6394318367471	0.445147050248283
50863	1.52853872382742	1.88111839597477
283174	6.06721092281568	1.29248859946402
22997	6.34941129089029	1.31555508695418
83700	7.82171886800244	2.55207726041744
23310	11.9080858669427	0.505625688841125
112936	10.773965429579	0.560838387021782
29087	9.62817603295168	0.431494890606428
27034	9.19672402407464	0.458671913494914
89944	8.86477135123412	2.19622673044953
27087	3.63627422794857	2.09023248936649
100288778	3.95175881088811	1.30022457397836
440073	2.40004375381841	1.84214948399083
6539	3.59438038630936	2.30842042500113
6540	2.05917954999705	1.41207800124284
5927	11.7354226008248	0.481157177225563
84318	9.30292410055606	0.587409370277767
283358	6.83959360661431	3.06371968095463
4815	6.12517809336939	1.24450408455256
100049716	7.35775257153752	1.00856133345288
65125	13.4803844024492	0.624990202818526
5893	8.58353581513053	0.776258662603065
23085	11.5236078110836	1.14064828720321
100292680	3.40917020939545	2.13483215545936
81029	6.2656638598983	2.56965213138746
144699	10.1453204491704	0.467706767095378
79602	12.9334618966628	0.476937023078156
93589	3.60054383855867	0.881681145252253
654429	1.54458389568516	1.27784404683587
196513	7.20776324067395	2.62032817659725
775	3.33851850750124	3.48663505425343
2288	13.6256318603947	0.828566397093716
55846	8.96716557288633	0.691047150527402
83714	5.74260879018042	0.553893897297364
100507424	3.66935193383768	1.3715574663493
101929469	2.71528473431851	1.26989045015412
2305	12.7488711919963	0.669229246484916
83695	11.0943453699535	0.554109411727742
7289	10.2476555699172	0.619137502356265
7004	10.1708042719529	0.808041752658462
10867	9.48430146927361	0.911759183368736
84766	6.87480462713612	3.26491933556407
57097	8.17402039128135	0.949041844913955
894	3.16439506732529	1.00654579017746
57103	10.1060052125665	0.339731912203631
57102	10.1150940655256	0.507316878617184
10635	10.4909381535145	0.660938992995855
8798	8.36712327397919	1.12809676148094
10566	4.41103336888085	1.83530113249965
4704	11.792610381342	0.597327344322288
4908	1.79854355056176	3.0082735018254
57101	1.90769779530711	2.87009076487875
7450	3.96868126525156	2.11379808089822
928	13.1570220632391	0.898528992923839
55200	9.01186212617106	2.48713886156023
7132	12.2597915447374	1.25933355893325
6337	11.3134546166796	2.89440265729145
4055	11.8127667592719	2.67848978831036
678655	7.51382305737465	1.63509759601545
55080	8.93854815909139	1.11180444747256
6843	7.43240740582128	0.926313534954787
51258	12.6602737512702	0.560869695684784
9918	13.3226937678833	0.718902532752863
692148	2.77694259256149	1.39211568926115
2597	17.4580981454117	0.746611426673734
25900	3.69139239269719	1.37542569182182
4839	11.7210002953705	0.608302671876362
1108	13.422667053816	0.580205191726113
57121	4.77787736051915	3.82467117106875
84519	2.92271341840577	1.25583447361205
51147	8.91755402561941	0.662478721535736
171017	11.2664680107706	0.399973188076576
196500	3.54840336392555	1.9400710207735
50813	11.4630219843739	0.413736928757423
8079	13.4004366586552	0.397618970357704
5763	13.4331327359063	0.890832387021509
3902	3.60690161292164	1.97426170827264
920	2.50201705547938	1.57649861576803
27239	2.79935943208386	2.94238262368612
10536	5.66396953057275	3.72166132498076
2784	3.82751796770129	1.41140593992971
83461	10.6194531142026	0.84011428239004
8078	12.7189476052125	0.413915614694762
7167	14.6318477738401	0.65767105410015
84727	8.91655663172453	0.65471292006518
283345	6.67609468335228	0.597104182343419
171220	7.83479040249979	0.540516088913454
10233	7.2978512705743	0.899606673590714
2026	9.03705738057642	1.17580579115849
1822	12.9240881610135	0.41152068489613
113246	10.8282139887679	0.745819707557318
5777	9.53006188712092	1.69784234765622
11331	13.023391296653	0.571146263871676
677777	5.70345128905029	1.11846171841952
10436	11.2736019647155	0.719103372675082
10162	11.8873746440077	0.750822327386169
716	5.64344640031009	2.7773855247188
715	7.14196884675176	1.61341933841681
51279	9.62127769545384	0.795935675791775
283314	7.81308481013977	1.52641795553215
83758	7.02303780505111	1.68067175998578
9746	10.6667203306263	1.14834417883121
5830	10.7276845854087	0.711560732870063
341392	2.42683672471157	2.45402401324379
283316	5.54652202948614	2.6288242719558
144195	1.9595760556235	2.64377008902727
6515	6.83828792928115	5.18766570046196
55810	10.6785509277363	0.623784298313157
25977	10.9364952650085	0.751719464960127
50856	2.47128407831406	1.07688159623515
440078	4.21863561685536	2.28513827875807
55138	2.27446177527678	2.07214496035645
653113	5.08530831974111	1.76409610078442
101927905	3.14472919050629	1.730185417436
8076	1.50334595708488	1.58219477728307
57494	8.58146921921153	2.4019760716471
144568	4.0150838975578	2.81975680927657
1911	9.3327389421759	0.91147537747153
4074	12.6435347895533	0.479201748268962
10219	3.29734065193485	1.18492177409247
144571	2.20787613186802	1.27335139537755
2	3.55947499925703	2.96706217119582
100422872	5.53730169367475	1.08042341142119
100499405	6.79104363098698	0.756499975070513
642846	7.76233242663937	0.808964955963307
728715	3.63536847266148	1.17576405487906
105369647	2.7388191180448	1.14392470952872
440081	8.55144969585764	0.815023206640679
105376678	2.94103428905675	0.777591632706134
408186	3.00913349025739	2.40482530074519
374443	7.26793503086898	1.71075633980595
29121	5.72761688134402	1.02931651400311
969	2.18063660992791	2.35189297020308
51348	1.37384208204205	1.39511037087585
9976	4.87933881974994	2.45036513267179
64581	4.50549800945387	2.86406278838252
4973	3.22091096681682	3.30100680557895
120939	0.953771164102456	1.40783881453602
23710	11.0371146527084	0.764616343442194
101928100	5.02038461662755	2.82092152026889
3823	3.27561936398897	2.54146968840399
3822	3.21999893309972	2.13084031456135
10748	3.91346202358124	1.26891435378493
55110	10.2332085470909	0.648941260094901
55359	8.48921844903084	2.79493925066586
8531	12.90637378215	0.782286093318307
105369660	3.38782858983957	0.751807262324389
100129361	2.53854352419663	0.957921372456485
338817	3.33613153192889	1.3944994846998
2120	10.3396442565062	0.999336883064082
79370	4.02465743622535	3.33295115906914
100506248	4.39995713429425	0.924258087551922
4040	11.1590776172172	0.657117239027695
54682	10.3841576771823	1.42835846635124
503693	4.49933649420992	1.31407944147484
118426	8.5454857031068	0.875798373042878
80824	10.4516224275002	1.31767845841712
1389	11.0275738139583	0.469272424905475
2842	6.55032324406341	1.08058349807273
1027	11.9541686749958	0.62363426155935
81575	8.70251466737386	0.652851460529707
51202	12.0569041355214	0.688495055249354
387841	5.49576576806692	1.42036782773587
9052	13.4699164936698	2.05935367190616
693199	9.36529120604847	1.80245129873199
55507	5.0807451816714	0.810511605773706
50865	10.0249683124337	0.98909173128282
100506314	6.43228810230024	1.64927743697249
93164	7.18375462974292	1.47582436101226
57613	9.69632677609489	0.646530089753222
83445	1.86236487519718	2.20505661810238
2012	12.3251141714491	1.942923154431
283422	4.12994913450656	4.0249267057927
55729	11.4154520258789	0.741684942395553
79887	11.5712479250341	1.16014086589261
101928290	5.71313531824277	0.679863936258958
2984	6.73670834678627	2.42791990088646
105369669	5.13098809850075	1.46013166755157
121504	4.6570923429812	1.52544653364396
55766	11.9386066080993	1.62135329618099
144608	6.80043200517039	0.741412406123386
51729	12.4291777554217	0.595577836390748
440087	2.04217433284554	1.16316007782885
4256	3.70583916568726	2.58446617024152
121506	4.7428888163917	3.06772790346249
397	9.41809456368858	3.99474744528946
85004	4.65237523499638	4.14021659317681
2059	11.5928671340255	1.34516178338113
11171	13.1534166154078	0.573280652324358
51071	10.5730604281833	0.559962170485902
4257	12.5766772290084	2.10744738136315
55885	2.00068183633356	1.51503408052167
102724196	2.42428254744513	1.59796188754696
5288	2.57162984854799	3.341412947571
54477	9.26194497363977	1.95975981560973
121536	11.2755625000706	0.533481243634755
5139	3.54616403143396	3.10945845010265
28234	8.24797029017242	3.62324960981699
338821	4.07986408192397	2.47582071892473
10599	2.20039594677509	1.83065249562785
79912	8.99923387880248	1.16206382662479
5965	10.8642298783525	0.428184227086321
51026	11.235061058904	0.499129964823759
80763	1.95210038160321	1.85207498508945
2998	1.94211142208983	1.75165600661346
3945	10.5378580504938	4.9430020333543
10060	1.58141034114999	2.65292025742237
55907	11.6800839915519	0.699796215024515
6489	1.97548239073522	2.92495387366303
9847	10.8404615859583	0.615211126935735
55500	11.5753637379425	0.771640386258149
101928441	0.855689365001294	1.59651282118353
6660	3.72405514439517	3.75722820656432
586	9.29755145406163	3.0674424550673
4033	3.78786309459303	3.87042920261645
55259	2.93657288683845	1.45736544389645
144363	8.62615191683767	0.621265663522735
3845	10.5902899592614	1.65511530280803
160492	1.362506443139	2.4970390849603
100506451	5.33123315462788	1.81935756776449
11228	9.46533384205723	1.91976983292297
79365	10.3626805463772	1.41919424715672
8082	8.21453574245515	1.42399077811596
3709	11.1096864731315	1.10452845425737
55726	11.3023638284057	0.710731042643089
26127	10.8156295731547	0.28678157165236
51768	12.2983858453247	0.900321673269744
9412	10.5903320429656	0.342109733989392
23012	11.1735761378402	0.568886624810035
56938	11.603884326062	1.70297683888808
101928646	1.8600043729749	1.18151532801487
341346	3.36524596386445	1.37948345689717
8496	11.38519662512	0.563715367485633
387849	3.84556159640439	1.36230240841181
60488	12.1516327036704	0.556906210893715
57542	10.8066858995616	0.74545704242107
5744	6.95222500023567	2.79573713194832
55297	10.6006703778786	0.436224755857794
55711	8.06922914411002	1.86613069253173
100506606	3.05940875358476	1.46248494013934
51290	11.3338513824019	0.713717482277307
341350	1.1098381074985	2.53487105640836
83857	4.75295136511714	3.64202027926507
10526	11.7418968894422	0.435099674510995
65981	9.75932041301994	0.606292994959027
100287314	7.75923292240037	1.00107856136883
441631	3.52615658457889	1.67184451033532
100506660	5.7333778066066	0.619174262922673
1663	10.8493114797124	0.503987064374065
58516	6.50527393105819	1.49669863867908
160518	9.95811150867287	1.91543950630295
100874249	2.53829824301371	1.37157466822244
254013	5.25520539948098	0.782312646508861
196394	8.97098945906028	0.892197538601632
440093	2.65181950161106	0.728420690263607
55196	10.9279645321749	0.316632314045815
636	9.7854111704458	0.865925696858801
121512	9.68365509501449	1.25354377082568
10059	12.4142960950015	0.585204919256935
51067	10.5634806706433	0.471846806640951
5318	10.7533946853107	2.36310925050916
84920	8.55042517077023	0.625170670931987
144245	8.76396583350457	0.678803989357823
144402	8.60682497258937	2.49188928063576
55605	11.0320021735125	0.68977485216733
114134	8.21627931941919	1.79777413964665
120892	2.22798608052217	1.43648656451349
1272	1.63956543123637	1.66802843566195
283464	10.927378925257	0.506142740847069
10138	8.95765871308645	0.469878084790145
85437	11.1769346868001	0.439304320952784
51535	10.8348682333349	0.494349364918959
144165	6.50256261199942	2.75562477702039
83448	9.41656135586105	0.600741786068315
51135	9.15676521324776	0.546610525615319
5756	12.6365366189978	0.334030580632875
84216	6.73785112515423	1.34925089831133
4753	2.76396205758128	2.06262693607825
51054	7.59253243061425	0.866137918866637
196527	12.1580595222274	0.563573851228622
400027	8.39472108574503	0.807781472576273
196528	10.4233979533471	0.583716297737397
9169	12.2691273295589	0.392116876966511
81539	13.5355270198764	0.871763485948725
54407	14.4158107954735	0.700403033235835
100288798	7.08831727171978	1.15897431989507
55089	4.70791793303882	2.98160946807164
347902	9.12217272193593	3.10381058311366
91523	4.89530946420759	2.53763372894745
79657	10.8372346915605	0.393102997026571
8909	2.21026730009425	1.26962418574287
10411	7.27671059881504	1.84549548005825
55652	9.88886054008599	0.809656834341065
51564	11.010269967821	0.892052941032019
7421	7.61538265064298	2.09597616478803
79022	11.4422719672698	0.555030724210469
1280	1.97099748549834	1.47515201961722
29843	10.1513352331724	0.607138565911413
5213	11.1956034110008	0.761754012177824
140461	9.05975212109398	0.553033564102149
387856	3.17432284857098	2.09172965997204
121274	8.65093859869557	0.922956952321739
121273	1.13172885212343	2.7324505966484
54934	9.85649849224562	0.519156712634102
904	10.9797843444691	0.502655937085698
112	10.8330151313817	0.490385061378784
100506125	3.63212414149819	1.46113678720286
784	9.20879725587646	0.704356215819373
9416	12.5342967892505	0.290480674284845
27289	6.24192366608038	1.74070116917422
85478	3.31471885839004	0.928962526155782
51303	8.47207467584781	1.9869881797624
377	13.7849696399584	0.488225612451683
7480	4.51137434169494	1.65180140424832
23109	5.93279175680329	1.81328287048742
5571	10.7792912810641	0.457505266017663
8085	12.6946071387822	0.389587507215703
121268	6.88576925330238	1.18079855728275
50846	1.12446231169661	2.01137241199161
55716	9.32752007620388	0.43031913994532
10376	15.4074166407358	0.483974716357123
7846	9.22666054070737	2.50023295745348
84790	14.1259447840058	0.446541912944632
101927267	3.30870006433049	0.785468896798573
5630	3.05292567016109	1.19147233015745
10024	10.5314430622463	0.62807351455904
338761	3.98181749003243	2.23978472407041
79962	6.90742593270684	2.25035218215398
65244	10.7935777047728	0.637494649771299
100335030	2.88105670385263	1.11059097099845
23416	5.46380171303103	2.26395403006858
10445	10.7155214545377	0.521404331787692
84070	4.2278776398465	0.713478149690744
25766	8.02184458506407	0.355628434987673
91010	7.92445422248769	1.43319307039891
7009	15.1292130743285	0.575090111152634
57701	8.63004147426993	2.11939014674178
100286844	3.94287512711457	0.702789247945121
144233	7.59530710366521	0.506685903640079
359	1.63842529988377	1.83763581662948
101927318	3.16958166631958	2.70533857554982
362	4.14890822680346	3.38135305181138
363	2.15407641111674	1.21137032785503
29127	12.2255239720039	0.425390769351432
41	7.22943987815176	2.12358821175735
6602	11.5029512213671	0.523466204823677
2819	3.16274471141027	1.79196477317183
84987	10.1939709435878	0.51566840336416
91012	9.81674187706652	0.650755143399719
51474	12.9581070989424	0.649251390877662
113251	12.0459192696073	0.553229491152112
57609	11.7072592435966	0.71642606601451
466	9.8233095603454	0.654824197126759
25840	6.74147449908644	3.43029800377312
4891	10.8677100825341	0.444099361665225
25875	10.066050389908	0.345889932291822
81566	9.99068492041574	0.626601113565327
7024	10.5586297473782	0.393793596272775
5463	5.56652617330673	1.37918257441461
9802	12.7119141742878	0.61875369617953
57228	8.86429353270408	1.92047708968395
11226	8.40213292262118	2.04592954306442
9498	5.06805567863248	2.77764690655167
6334	6.95505084014233	2.08528953347899
401720	2.103042134968	1.539476768399
94	1.45554573665671	1.70598166976702
91	10.1947800251224	0.562105460366695
160622	3.41914098218316	1.55712652716066
3164	9.74498396351909	2.44805440585839
60673	10.9458222651981	0.611851682463111
144501	11.4563527865888	1.13341988492432
283404	2.32304417834449	1.16093634881698
3855	12.9199398158139	3.64049960020738
3892	4.20808344909125	0.558429811046462
3887	3.9422562745601	0.872187625252451
3891	1.1785297436219	1.88594519251728
9119	1.58630817374745	1.52076966469489
3854	2.69793336979515	2.2642726069856
3853	4.25453711952091	4.55263332500868
3852	3.77597221605329	5.18090866524961
3850	2.46316295360812	2.28184871314137
3851	4.75585029851193	5.17472215518736
196374	1.93029973127903	2.06584629429196
3856	16.6623120012429	0.885254167993558
3875	15.9581286007133	0.830675525030517
1975	14.2639508953819	0.392394311521437
283335	7.30333260772912	0.854563526193567
23371	8.2593204638905	1.3081475321642
84926	10.6144294279693	0.371189304800166
3489	12.4554155259185	2.86895193232976
8435	3.37422752014892	2.16052129559215
51380	6.86195720184363	0.674336477736018
283337	10.718554142012	0.540693857444994
3695	4.35114567001397	2.49486829621867
5916	10.7482677696244	1.8021717984476
84975	10.4010810836693	0.493910549483227
9700	11.082488052349	0.401040420456702
5204	12.0394592439568	0.28622152768858
60314	10.4781286950871	0.479204755773907
8086	10.0190964074098	0.488274079770967
6667	12.1711935340171	0.729804106067466
54458	12.6706139235807	0.460369763182187
5094	14.1777478047218	0.271206217169914
7786	6.90305593439696	1.41536081462039
6895	9.68765578730438	0.455649418624341
8620	3.53606669777258	0.689512004238521
11016	10.1075176658696	0.468716240889208
517	11.976562251097	0.310956093007417
57658	9.60546382149189	1.09268083794366
100874366	2.02181273138504	3.13454625229765
3229	4.42472821397184	3.95206907208684
3228	1.47650050797637	3.46046544739503
100124700	3.63898630603296	3.85921394713893
3227	4.44593658616527	4.47222320655019
100874365	2.36071704292921	2.51704997632392
3226	6.82829604983264	4.59460571746725
100874364	3.30836565770239	2.6453046014358
100874363	3.05993858697768	2.70812002022682
3225	4.14393800847041	4.02089828995637
3224	5.41759587945215	3.27969243652253
3223	5.9199317837034	3.55383980188219
3221	5.40624361917822	3.46135503870597
3222	4.03576408481497	2.72446331496929
440101	2.87275365109817	1.85431987187811
100240735	2.03273443788271	2.65612089822416
100240734	1.48179270978433	1.8701339509668
400043	4.78959125072766	3.87593335094288
23583	10.0208434672103	0.366115248555979
23468	12.9558333962583	0.475866670497401
3178	15.3848282125446	0.458368078646881
4778	2.62639493825052	2.33452140031253
22818	11.6748174723518	0.258461104812987
25946	9.80246285427209	1.46909356513539
3678	9.37043764361415	1.94459767855239
118430	0.954480822995725	2.21828026231494
196410	4.43465254302973	3.36758432766658
3679	5.28700029878357	1.61945860852594
2647	9.3884051737923	0.87054569405267
5959	2.74324423581498	2.1230279523902
967	13.9892903509942	0.751003134158665
10220	8.95872742937134	1.09962710675998
84324	10.876821203806	0.33388218697176
29095	11.0337667373198	0.913070331957495
85406	11.2118988711872	0.559145589801429
440104	6.90561862861127	0.376135399659576
4327	2.65108332849479	2.41960217790304
84305	10.4443593107587	0.437260424827805
102724112	5.66626504796726	0.97807946369085
1606	8.85520854652675	2.14240320448253
6490	5.46179458380085	1.24694775210842
1017	11.3967463183125	0.469345872514216
5869	12.3515872917455	0.473942323355378
6821	9.3790806787882	0.605121795781965
64375	8.22411755330574	0.420616602802934
6231	13.8981378100201	0.444154550871202
2065	10.7439756812026	2.29096016496192
5036	13.3528905093167	0.37230458489887
6171	15.6129413572793	0.609345862804354
84872	7.88438924303145	0.673729203034649
23344	12.1713571107122	0.699311191043418
140465	10.6318727425329	0.583073663398369
4637	14.2377761010718	0.346284318806156
6601	12.3938499336331	0.355852361037881
10193	10.8181707813811	0.499829240067987
79035	11.2767254212101	0.542509550010432
283375	2.22244724881579	1.36247859636991
283373	12.9898869105028	0.466927791815479
93058	7.79076712350244	1.00002511220254
1431	12.8172601155189	0.292193990123889
10330	11.635740080797	0.473679004126921
9924	9.26662966816096	0.727873949684428
51561	5.43489992744476	1.28756101372326
6773	10.8135939631001	1.16745090044653
8914	11.8250213996278	0.319609241081148
4284	1.83494631661549	1.61711093480447
283377	9.639354384452	0.571758026293061
27165	6.69682293069332	1.59878492343293
5939	10.7746530373052	1.51133024558862
11176	13.1980052352446	0.265558354931442
506	14.8610584038951	0.308017398361098
10728	14.081422217862	0.360714649048224
4666	14.0677599576398	0.249288040608175
5557	9.43791763175228	0.553182941410282
8630	4.78927198905553	1.04009024275911
8608	2.55656784322311	1.58261788578897
9880	8.35541566058989	0.606692218786341
6866	1.43067786252482	1.69912222564124
4640	2.27808841518694	2.24468808539264
23306	11.1902980575238	0.466827231285076
4665	9.17356251435716	1.30006554253115
6778	11.4030308931583	1.72794742645284
4035	9.97641339221226	2.236463546285
11247	6.68527595673486	2.00381964819883
6472	12.7026421602102	0.936159359301102
56901	4.25410011281489	1.85896234489261
246329	4.06662269163248	1.01104645950649
22864	10.3399397835934	0.787494349426903
3626	1.67773684494293	1.38738601329621
83729	5.86122431456657	3.30219786930195
2735	4.37078057216527	1.74673665098658
64333	2.85286387840312	1.36063445745758
4141	12.8359723390936	0.649704603829818
102465454	2.10544487046618	1.07712877946539
1649	10.1560595822429	1.01737859095009
693201	3.09669417368712	1.05326170847135
114785	11.5365304919722	0.560587918376101
10540	11.8767103427889	0.492656533193139
3798	4.0056935357209	2.47135543930964
79837	11.7241223506487	0.716294285582981
196403	7.72600769860383	2.82310686686363
115557	5.83308423690625	2.84197870787687
65012	4.89819195478541	3.58353665337925
2583	6.43857502401666	3.26701579955197
10956	13.1856391553089	0.674029729602248
116986	4.21099832525663	1.23450112729686
100130776	5.41581935479106	1.15917425060349
6302	9.3582027979027	0.729640927284507
1019	12.634257076471	0.48432985694101
102466729	2.61781382873744	1.21586335821414
92979	9.08565856364551	1.13717427946903
1594	5.48023697590001	2.0880646234207
4234	8.97645039182568	0.601655660178244
25895	7.79576444484527	0.399884304594155
10102	10.2228002343046	0.440575334303412
10677	5.86996300169788	1.51509756346204
10106	12.6527980911855	0.639048242383475
100506844	5.1667084097328	2.19774950187077
91419	1.98760944741993	1.83931233715375
121227	8.15483306110801	2.53339504908282
9194	8.034220972279	3.33642458664282
338811	4.19206329650255	1.08832188178869
9958	10.4266781998768	0.689523046026806
23041	10.6969465408543	0.467096416189408
283416	5.10557573640614	0.95694592498658
406891	2.50274701394851	1.26853373980123
57460	10.0675431750394	0.933869839976476
552	1.23504220811442	2.14446550355152
283417	4.0461212888824	2.79546047792035
10329	9.26063144580882	0.738619102158729
57522	10.7071701941818	0.937017303816347
144577	8.12519373835324	0.479627481917443
115749	3.69259219566755	2.69746395075931
11260	12.7061957906162	0.505023089924503
29110	10.6885755229646	0.50490421695313
283349	11.5092250277542	0.781329856356661
2799	12.7384503009734	0.79093580997626
23329	8.11024312272952	1.66933501935072
23592	10.8262085779776	0.437278595674479
253827	6.4486092341452	2.78341097117368
204010	2.83207795843117	2.01158280402022
8091	9.84197066678637	2.75876260805586
100129940	3.65190291543455	1.69623116817723
84298	10.8539697020976	0.452262022956139
103625681	3.80600450610846	2.1684265585395
51643	10.8252402540081	0.553314091087115
11213	6.56192381439387	3.2426076841946
92797	7.48172591769014	0.481145981751735
23426	6.65456113139544	1.86333205635221
55832	12.7415604600514	0.432316261871028
8445	10.5035339091927	1.22416734916162
56890	8.44619223828317	0.730773525313818
5908	11.4316464804999	1.01878164787564
100507250	3.9322111558119	1.09007431392387
57122	11.457217367762	0.397242670079667
55508	9.64193237517232	0.472457782894327
4193	11.6210122610569	0.747945885232995
1368	6.31686873328195	2.13286647805792
11052	11.5860843149481	0.17852015310803
4069	5.79595692306771	3.11762939857779
8089	9.59702900363255	0.391499542369478
10818	10.3922821446041	0.424588949598531
10576	13.1495665372121	0.408046846783431
144453	2.90296842781955	2.49057432852988
117177	9.95923839950375	1.55991625641144
196446	2.46183962132631	1.8931933926963
101928062	4.55812647229682	0.804393480203891
4848	11.1586175132339	0.601974439680539
27345	8.37254161482525	2.67744702874556
5787	5.97623116975226	2.45439174084689
5801	5.52083221348991	3.19220035478258
7103	6.69344875842201	5.00925208473454
8549	2.72674496560653	2.1957321927828
196441	10.9589864216817	0.413482244672839
83591	7.64002369607893	0.494560364785912
55266	10.3264070464454	0.882515633715034
23011	11.3323221042909	0.593144995386141
64786	10.9259583740198	0.469129446793121
283392	3.20237285773894	3.05147953264141
29953	4.70353792866424	3.26934009287353
552889	12.3521100794554	0.619477884721185
84698	6.8314160961211	0.956579981012751
256710	3.78407351588003	0.930189578919172
144321	3.79065645920898	1.60951195271853
11010	6.51543713808663	1.90875185114586
11103	10.8054891754902	0.620982791725672
22822	13.6544246168265	0.862548593715037
4673	14.0462934591798	0.627483550002677
79738	9.48208395430443	0.606975585080923
114882	11.8400292348736	0.50510735195375
23390	9.82970463174153	0.502180864018046
1466	6.62077666011724	2.15648284424855
144455	10.4546849827593	1.0504526050484
89795	5.69626064992745	2.68201274382829
6857	5.24133295930182	3.24313584387746
5074	11.3076988614792	0.895349116465549
4659	11.5568818252334	0.739262894006257
283310	2.58318424873887	2.59712155343397
374462	0.910694149028687	2.307932118597
8825	1.83831267515498	1.9600705849738
8499	2.17610484498342	2.2968349167002
29080	10.3743254420634	0.325297330300512
84190	6.74006261708213	0.907296803276303
160335	9.0243285443941	1.73750758030016
55117	1.21003725744712	1.96617221777884
84125	2.94794447178869	2.02415221123088
8092	1.44157558855806	1.84361723647399
9182	3.66488655196486	3.61953958961113
4922	4.06805624244431	5.025107540708
25834	1.43752606910377	3.10882636194966
91298	9.65142429182629	0.499525228659973
80184	9.67767411370926	0.3934644855141
160418	11.1548808514289	0.455667010439814
4254	8.29740536290386	3.22781509079308
1848	10.2724491805901	2.65950295707649
105369889	4.08176678588777	1.55291516641025
282809	9.55782192732987	0.959178748833842
8693	6.70763127237333	0.690164210596275
490	11.6461534399473	1.31980304644236
338758	5.57393380515784	1.2147083797422
4060	4.32303155152557	3.5010200732104
1634	1.47324119200705	1.30313111601173
256021	2.31986044605996	1.93199269717702
694	11.3172457247826	1.3670320966699
8411	10.7571189219865	0.636171863884052
643339	2.81247830793938	1.56109159635188
11163	11.8324802663774	1.26935915626973
7334	12.2586689869389	0.515140819350665
28977	11.3308721870325	0.68581805958518
144481	3.41862593882616	1.35121022229287
8835	7.43597248532606	1.64045437971286
8738	7.74577422901434	0.4338944180996
10154	5.69042507312423	1.03308015101991
51134	9.31202009292945	0.569328303522715
144486	4.84079332021149	0.899124760028147
57458	7.55121184797	2.26303200564386
105369914	3.06492543408556	1.71329297481905
55967	11.1486533542735	0.42883523345645
7181	9.37930090571071	0.489939247400286
55785	10.772534795322	0.614337181332935
55591	11.4802739197082	0.514387773079393
10988	12.6554838919644	0.497332821306913
84101	2.69071317175172	2.35736207444571
59277	10.0269926325643	3.45543268246181
6636	12.0356102063897	0.637923094899307
120935	1.75345030153559	1.12620988420561
144193	3.58877354202499	1.32759368783283
3034	3.18724277926675	1.46510374310266
4048	11.8406797481666	0.658584818697152
2004	11.0909610845713	0.791908351249148
5128	10.1634340047669	0.616509099485035
144535	3.74731347198737	1.60249849561182
121441	10.7667728852948	0.456352280517507
121456	3.91106629045899	2.64078529499934
643770	2.84722589687528	1.11045203368736
100128191	7.62683699567996	0.702023241007189
7112	12.9340495973714	0.399983321453103
5250	13.9451965606136	0.40328412382142
677832	2.10881215631486	1.04476810867049
121457	10.0907528168058	0.692883657374209
317	10.4885938029584	0.612028288157202
56899	2.24359783979989	2.21896931943474
23074	9.9397220976011	0.90705903504079
55592	6.92417506573883	1.04189871598422
64431	9.61707422348447	0.55158144960106
120863	5.63941914499698	0.667702192814619
55681	11.629138801666	0.366253054605519
283431	10.0962860890687	0.564536591973335
121601	0.794831941083111	1.45181059532609
27340	11.3497420532025	0.611101495482229
400	11.4746352607483	0.494469174224544
56994	7.43614420529098	4.30981762125247
50511	2.28546657639887	1.37906543879867
79158	10.8219370574651	0.643178044504983
101929005	1.44152580851796	1.28243439874478
55332	9.94984019764647	1.04585948898568
51019	8.98692362102739	0.635849558236681
79023	10.4853722751887	0.497753752180748
55010	9.54282982115109	0.428412683949011
5367	2.69614531511432	0.637405348325929
5053	1.6707007361111	3.31510736040793
429	3.08695846065075	4.93116814373086
374470	1.2612330613321	2.2302299284041
55576	2.59579364711313	1.46658807913861
51559	8.25662490162883	1.05938556067098
253724	4.56506883966856	0.845334034274696
7184	15.3444950345731	0.549572112649615
728568	8.40752059155808	0.792054993837908
6996	11.3921273761077	0.835587341513369
83468	3.95645066778241	1.0390856143169
29915	8.67480961550197	0.756376145173961
4801	9.68860933145616	0.430830527934124
7296	14.2475555075342	0.944412423456513
493861	5.09702801082217	2.21136034123478
50515	9.27810274376203	1.77833137414653
84102	8.95720112021588	0.743569722598395
121053	8.72849097279651	0.61675680270651
160428	5.25845729268854	2.12792544775881
414300	2.02036217857053	0.992786868229426
23325	11.4545196863271	0.508542550391006
55198	9.83998498276586	0.542374617329122
387882	9.54752755183951	1.89826255950702
101929110	1.27253851386869	1.48562174926205
9891	9.22191887332652	2.66474156832508
10970	11.3129988263972	1.81265427090418
255394	7.62858288404996	1.72649656068652
55703	9.64749107833362	0.827596858148948
55188	8.98289114850991	1.01408118502574
90488	10.866859104462	0.748029444994682
80298	7.92836544033804	0.88917793574153
1407	10.0764723151487	0.609525472287998
121551	4.48839924845292	4.1570837555652
11137	11.0625455926194	0.499503174291342
11108	10.6256417153102	0.476995397061388
101929162	2.40823201925731	0.914783866314926
9671	1.90015084356368	1.83328218588483
11153	9.0360552581175	1.13558221752028
9733	11.748782544844	0.2801884149191
23479	11.1599536058906	0.374680254415997
6404	4.41529263100351	2.78840946269355
23603	12.8432379990238	0.571702189073221
54434	11.2860816665519	0.777866534089199
84749	8.61894801340729	0.527580127798387
100131733	2.20812934999362	1.89326169065752
121642	9.30923611200912	0.572359192338319
7374	11.2697425662256	0.753535109178258
32	6.81500988603162	2.67002498444706
121643	1.38642908575122	2.01650455713461
83892	11.3768686108052	0.367259402027627
89910	11.1977249202893	0.501392829726377
326625	10.1061705289603	0.425356180641151
4598	10.4098371767414	0.49635066952796
84915	7.46012661895358	1.98038379870702
84983	3.27580475870887	1.72579134780085
59341	5.39353006734741	2.5332167153487
51228	10.7251713179396	0.653009804671504
84260	9.44218855377247	0.560927807895914
9815	10.6856686363115	0.540133822720889
88455	10.4629846004854	0.747244526605178
400073	7.93291133624543	0.578078218743152
28981	9.17429310471868	0.569070989440508
488	14.2379470213003	0.433981443042683
51434	11.5676493164937	0.327661284419132
10094	12.8874198245581	0.401775123143967
51184	10.4101922117699	0.390641879562118
29902	8.7359055898735	1.4525756938863
51699	11.4384626101492	0.424939616912368
144715	5.16126070395322	0.851715680848106
160760	10.8439572927624	0.457569631319732
79600	8.28013146980471	1.4585245770416
84329	2.64153127526329	1.66797996106239
5501	12.930346239129	0.398719207191578
160762	0.918832547237243	1.41632915829413
23316	1.30971759521938	1.49190726297233
144717	9.04082045292352	0.512065894797492
10019	10.3909774936962	0.63032696201461
6311	10.864764874478	0.351475538825598
8315	10.176673393508	0.227097319928443
80724	9.24970398005517	0.673749620566506
217	7.10847629364643	2.68612480303996
51275	9.15228918214956	0.476249939547324
8550	10.1364942796609	0.459057895117912
89894	7.96083441378203	0.782438142028473
8759	5.65803701901041	0.629620602492641
10961	12.5933507353928	0.515101379682043
80018	11.2951802680607	0.481682298616982
10906	10.9505313086963	0.872374145490926
283450	11.4571013492094	0.592698764261547
6128	15.1788699926574	0.357875096935703
5781	13.6018669131068	0.408845107454798
4938	10.0453877235338	2.62692190092273
4940	11.2878269122117	1.86396651669748
4939	9.30511017093442	3.72729426254001
1840	2.85008727371495	2.7460130600678
8437	4.72306473629602	3.25188354701355
387885	2.01544674164245	1.28798747809378
79039	11.9454064309896	0.341356861644112
84934	10.3001524248244	0.594253796795324
115811	6.35897132418968	1.32070251130137
53373	11.0080152035494	0.761078004022376
80024	9.52950625406395	0.907542419294568
196463	11.0034476697277	0.535665601178749
113675	8.28038856206112	1.37986825414967
64211	3.27202011864016	2.90614874956043
104355219	0.765891361924393	1.36037584747526
100506465	3.84516391203014	2.61233476721026
9904	10.6312583296336	0.530517345145303
6926	4.23187210340294	3.06208627096204
23389	11.5850126321905	0.718138836554613
100287569	2.26612181190091	2.19031071145534
643246	6.23195863903667	0.762041962946381
79794	11.4661165857647	0.553413883856853
84900	7.40892065832023	0.892247896669172
8739	4.39851461765376	2.66194538482588
26259	9.33022534987918	0.514984892364334
100506551	2.1993118261977	0.953995020159362
54997	3.95671438128851	3.01289079463292
23014	11.2406638646885	0.361743577005483
283455	5.59997407484573	2.3290540956895
5985	10.5377519115812	0.472785861217206
55884	12.1856739272783	0.553080767488364
54621	10.9344672665021	0.674129638540337
5037	12.8783053115297	0.631826837350431
51347	11.056386430851	0.94404294109905
64426	12.116448882863	0.514602697226713
84530	1.81180907757015	3.40404807932232
26353	6.02911320794656	3.15982768409083
160777	1.14417123147013	2.59314281216255
387890	1.38063404688793	2.8279656983154
5564	10.4850831742793	0.668063144684277
11113	11.551116037364	0.51430456909207
92558	9.24193427250992	1.18658243952704
11021	11.6762536747397	0.445379675534038
10985	13.3331340238573	0.420976323021432
6175	15.9838112705185	0.314975425922505
100506649	5.94601934192031	0.785492762016178
5829	13.3119189320133	0.977472050763728
26834	1.85766297194223	1.1785614913935
23409	4.57817996194318	1.74922641406403
4440	3.27486115859765	2.94457497412214
1337	13.2223793947972	0.406380089850747
51499	10.0460773400091	0.350628128779355
283459	11.1382816129954	0.368304532622008
8683	12.748337818171	0.487352103062801
8655	12.5501626441548	0.358745831782717
100506668	8.2713648546904	0.798060019731999
84274	10.2548213993935	0.700057121145175
9921	12.6814392927309	0.364949527743744
51367	9.65419095095494	0.433883810334957
9478	3.81977982067055	2.06116254692452
9761	13.8619016324603	0.707499378895676
84747	11.2928486696526	0.538106199321007
35	8.34539381682548	0.990197447174953
121665	11.0862295314233	0.282843468738458
283460	0.802042455335358	2.20553514859905
6927	6.259419168509	1.84382625353871
64897	9.89246761591024	0.476277223041057
8638	10.2558214456454	2.89448578552685
5025	9.14339113776898	0.719291899062997
10645	10.9675090240762	0.414038288842562
51433	11.7759142528562	0.584795404386035
80196	10.685356306211	0.513544647691976
84678	10.1900337825618	0.882156667517031
84876	10.1010894751355	0.647081373069764
283385	3.74222571627196	1.59870957127117
144404	9.70425026150252	0.640836319664111
54509	8.85559335162942	1.50086110232274
338799	6.94636059630879	0.80031384930619
23067	10.9785957426128	0.352292970988577
3242	4.4080618673026	1.0387138074413
5715	10.5631573276983	0.349450479470313
144406	5.64022223117535	1.36872226505907
605	10.043197375528	0.776771571285498
22877	12.2546309973605	0.916816177053648
254050	2.85020413830243	1.4393037487222
79369	4.82393495570193	1.16764606027196
56616	10.8510319078615	0.365507485109165
101593348	4.26729972272938	2.12497674866691
65082	11.0318003404903	0.600883580551469
6249	12.2768563133763	0.82888154846018
100507066	4.56816557805375	1.16563125168299
55596	10.4455613228068	0.233419485522679
65117	11.5307141308023	0.25263392480947
9735	10.977250152885	0.435464947866667
338442	4.37332255581144	3.59647106030385
8843	2.89461174816344	2.89031229855567
27198	5.53497377170275	4.33346951366693
8562	12.505513983985	0.397189500733506
84660	3.14593183928821	1.04147378403253
9026	11.1979548165947	0.712130515400489
79720	11.6124688275454	0.730589237026402
23457	8.6346912390453	1.08935282171446
79676	9.14481723942043	0.327177162634629
51329	12.0779504526492	0.332258533862972
57605	9.87052247955134	1.07255742104526
10198	10.0765854145547	0.45041968434203
91574	9.94735144994453	0.31057259368552
8099	11.9458648125152	0.444847314762385
55206	11.6598529631299	0.626843091804261
100293704	4.18487762761954	1.27702027706009
387893	11.4806836917855	0.504597864885319
196383	9.44312945203532	1.36641941685445
11066	9.04181566305777	0.422704085512781
353116	8.4107863849968	1.08858084875311
101927415	3.24826868701016	1.36140007410526
10959	13.792247269175	0.764647387472375
57696	10.3113921294549	0.460756647388236
1967	10.9287967547016	0.467548578149502
2967	10.9290646858412	0.441119912102348
79867	9.03377210047278	0.915589922602774
23545	9.7843620967749	0.513256825763209
196385	2.13952904840318	1.51621933737361
80212	7.18512016413766	1.14380980339017
144348	12.8827042812495	0.564302301005747
105370045	2.97125874283225	3.00872266405281
9612	13.6660342957822	0.876554422376966
949	11.3052800037699	1.35056266417089
7316	15.2279424823834	0.383552346472682
57647	11.317941946003	0.541672056385114
140707	9.11656603478355	0.614035087734984
102659353	9.61561171798331	0.777797950742232
65985	10.881080963498	0.794709121189152
114795	2.64988147865778	1.79303871431423
387895	2.73184231455586	2.19642737437673
121260	9.84340958582927	0.436234603198626
100190940	1.46201928805692	3.3196180623342
23504	2.73619036755523	3.89207984206721
2054	8.64982487383747	0.949010721517781
5901	14.3868401429311	0.381777693228567
283383	1.96704701759606	2.67731801159145
6433	10.998328869722	0.274071165875553
4326	5.62731517223557	3.32555608584893
8408	10.2855471379225	0.726965309540294
80324	10.673542374737	0.496065324514453
57634	12.1421773221736	0.385492490663034
347918	7.05638825610577	0.473088894324921
317781	9.71143231720899	0.472321196086727
79050	10.1977359824539	0.434871844531169
50614	5.77945523419769	3.05022729851242
100130238	5.39121611690059	3.09150552413038
57666	10.9240694613662	0.494103449106663
100996573	5.00883273387932	0.95806282520805
22953	3.28987538803257	1.44051713721195
5426	11.6920124538466	0.569281357169935
5827	9.12091629182143	0.822716570317517
192111	11.7237102183582	0.667752795834898
23141	11.9579625665965	0.411625346274941
2802	12.0652032194853	0.617391230756488
55743	10.4656936516958	0.865972126299864
101928530	2.79773325423924	1.13520679694065
100289635	8.52111132277704	0.882976075442454
7574	8.38675693796339	0.334057081048091
7637	9.14974983724851	0.489899236793254
7699	8.80008336758312	0.379171546566824
101060200	6.24699209456291	0.650643770434534
7556	7.66977028749436	0.80009231996679
10795	9.23142511086577	0.375521963622452
54737	11.0128806861794	0.593472233101516
55269	11.2289611325906	0.527678418465538
9205	8.8911946241564	0.411847955160573
7750	11.640713738144	0.188855265788983
2700	6.77622352588361	2.92659835254036
2706	9.2163496219164	3.02646022972173
10804	5.62707150992565	4.27577667665817
51084	7.90962913346543	1.06953339014491
8100	8.51513322173129	0.944509207954014
53342	7.04939651464004	0.817603030472974
221143	7.75660305443018	0.698755821124493
64328	10.9547582010548	0.338267664202298
26524	10.3467556824383	0.932591899268826
10284	12.5048274410209	0.595156484279828
221150	9.83418514846904	0.670443035177687
78988	10.6523533326853	0.614920931083574
101928764	2.48944184718318	1.10932849477906
650794	5.06748853064447	1.35782593622567
253832	11.9084954577445	1.17054452164492
221154	10.9241136819764	0.508500241464455
2254	2.05302056083953	2.12016469063054
100506622	0.958885471690579	2.19251970619415
26278	9.70331662034513	1.07230933950686
55504	3.73173390340805	3.37869448384837
4285	9.27727106727803	0.675580842353487
542767	2.3679758311	1.32032407702576
221178	8.93675134593052	1.36988170996057
143	12.245720548779	0.47542287772784
105370295	1.74759033601802	1.67876717547005
101927375	1.41562906972294	1.45385207911119
56163	4.31877964441102	1.42461913249702
55835	9.39429027534686	0.513312276471195
646405	1.69017231351825	2.31608721478622
5042	6.13439773932022	0.494621952030317
9107	10.0962323193732	0.616971608031334
9818	11.4030135913539	0.485793235644169
51761	2.05266168360626	2.3092848260372
387914	5.25624910356115	4.15632362160529
6049	11.1996706212991	0.477754159652135
1024	10.5860053729467	0.530516048258567
10810	7.94879680689303	3.35593495809959
219333	11.5115562451	0.832754998164059
100874071	2.69824871417654	1.2216013166191
6144	14.1566153810655	0.336409485768235
26771	3.7864096355513	0.473722951579892
619499	3.4203823692226	0.910054337077397
387496	6.29475244924114	2.69229380303631
2971	11.642220461845	0.403270608856747
219402	9.26473140733016	0.410743858208723
222484	9.62795834075752	0.489696549665041
51082	11.6739497290348	0.577504976432171
100861550	2.18250716508481	2.14817059214998
3651	5.5219037479058	3.08117816251486
432369	3.26967824091529	0.49553598223725
1045	5.66423937888141	2.72494167554415
255967	10.3559718169766	0.390629120653636
2321	2.55212707205956	2.75307897185089
51371	12.495439551957	0.522750882058798
283537	6.84920648331073	2.26491310405488
23281	3.11016930366427	2.37719782061273
6541	12.6846946307527	0.49976458237741
5412	10.4935828505769	1.30746692643235
84056	9.40478208679813	1.04302691575881
103724387	1.84808601430654	1.25215856990039
3146	14.0036299003865	0.573932545872107
10208	9.48870324795854	0.462035832652104
241	2.26814175409076	1.99185388448014
10808	13.2595866555601	0.750899690870604
145173	9.12001880772552	0.785495851534533
196549	3.05319555613958	3.41507610596474
10129	5.70277947523865	4.18018504454
675	10.2155184412254	0.257024122019703
90634	5.26267773156909	1.14078957320794
10443	10.3446170157407	0.489851464779381
116828	3.34902356397216	0.686308255274907
23047	11.2465895709334	0.578866504573957
9365	2.99364918229169	2.77308322498007
90627	8.85446512360199	1.12613391956583
5983	10.9903146124891	0.676651442085158
100874179	0.813368188678021	2.22311277659124
26960	8.33560289430191	3.16287858375402
9201	3.3430061574761	2.61155139699389
23111	6.08877820724129	4.50972625768027
8900	1.03273047602654	1.77912034347528
4093	5.18436563750668	3.15145386747579
5994	7.56896074878576	0.634774101357256
29880	10.1589968193124	0.546628908848143
11340	10.5108213091029	0.479475732960748
55578	10.4388667217822	0.60529471147832
10631	1.8858659451896	2.20670006433815
7223	3.22590491088747	2.77285540158649
100874188	3.00768517689861	1.25374171478123
51569	11.2433384234456	0.564204301660209
341640	4.84788055570932	2.5693812675558
80209	11.1099615102438	0.641429623930028
387921	9.71797991690205	0.66932416973483
10186	5.65645244957718	3.75292316957394
57511	10.0886997852098	0.48635179571331
105370172	1.04785329604144	1.51152094375789
2308	8.23426056162414	2.06659146937958
10240	8.95962960754457	0.539961402451856
10166	9.59552327838848	0.866377874487115
100616668	3.57749866912665	1.04039596170387
283507	2.76237191213016	1.3396160042927
1997	11.290749719409	0.879657654677528
11193	9.48751814386223	0.391310983354015
89890	9.42486937668298	0.72652774632755
101929140	3.77377670212835	0.829481804807966
84078	8.40969522762016	0.522286224505591
9617	8.20719128609719	0.65568315264101
79612	9.29746752616073	0.505888829172036
28984	4.38793378477104	2.27470856731129
23078	10.2435791170246	0.449699566356804
100507240	1.73694624156373	1.42127996039422
160851	10.3678023546388	0.787529704601532
11215	11.43298554024	0.526729155718589
8600	0.721430094485462	1.52547865059853
94240	5.99405274252201	4.04987841470535
29103	8.91131037235536	3.17600237445417
55068	4.15046187768798	2.24899685073436
160857	6.61640465143013	0.628782927193607
144811	8.14315107304046	1.26000146796265
101929212	2.95232655865701	1.53367449965046
387923	2.4306315514893	2.53501678463043
400128	0.936094497956653	2.39747845127947
8848	11.824448176293	0.931268149019905
641467	6.76514791372752	1.02258486217957
26747	8.99696780083642	0.409480728204774
55425	9.54503141853487	0.413824775421678
2963	10.4905055202987	0.674158165574858
7178	15.6054224235819	0.465348437144405
100190939	6.62242198962336	0.800700134066716
253512	9.24555134180054	0.950240175752389
83548	10.2065018775961	0.716843578734055
220082	2.01362403214564	2.48321238965733
283514	0.628890587026109	1.28826861062897
23091	11.7786927956422	0.417319595299105
100509894	2.66606545190782	2.41120992615396
3936	5.84634836231437	1.52076630130568
23143	9.63774797087884	0.61834112685219
2098	11.2246871335052	0.366631619540992
100861549	2.52741532599503	1.20345781378748
8803	10.8057747984731	0.516658409508567
101929410	2.31804202847414	1.27257923825382
55270	9.6187448991877	0.933928218237322
29079	9.84678458888992	0.553380444586933
9445	12.7044798430829	0.647742633816503
5925	11.4816994235774	0.506660878954315
10161	4.28216754147522	2.96434766134272
1102	7.20492119507138	0.870964183568205
22862	11.5187246330369	0.459251013013959
2862	1.47292138160087	1.44776248921366
81602	8.37818786165978	0.628292133281909
81617	8.95038812339589	1.24521156625909
83852	8.3617150405821	0.613018741342051
51131	8.41851220780077	0.910033795499463
55213	9.86335803423889	0.566032313503116
84650	10.7931938055687	0.558708744241239
3839	11.4489066446875	0.525614755377091
57213	9.26901265420666	0.708568262243693
8847	7.45793978914206	0.629208345095143
10206	8.95584159170499	0.514714606906331
283518	3.36829060196104	0.555200772019461
10301	9.12169903513936	0.643430254392218
145165	5.79907763871376	0.588925863570209
220107	4.36484177440284	1.02343523482157
100874255	3.16583233480684	0.892494828121453
79621	9.81817672576572	0.467595609242405
2974	4.4889960901563	0.896551630070411
220108	2.66815223817926	1.91618846371943
26512	10.5689830257824	0.540408135139476
100507398	3.53502165675005	1.38158007414713
115825	9.16448887959837	0.956720143060457
79758	7.38672318309738	0.547538733746656
540	8.33994271408024	1.24659077794327
440138	8.5758072317606	0.320301528407352
9724	10.1312147129708	0.429201255769694
341676	2.82606464704847	1.39301622787591
4752	6.56110243533409	2.32586502261182
100887750	6.40239610458047	0.571118675368865
55901	5.11225306914622	2.61219066241451
51028	10.7130149446143	0.368026937881313
26586	11.7489951970172	0.526008832396707
144983	8.77503060169885	0.536245430886865
10910	11.0716430251167	0.430475070538394
10562	1.99091808280298	2.75199121086288
81624	10.9080424019014	0.649231021017255
81550	8.59525303428074	0.442550624898362
64881	4.40310708109299	4.9252115815299
104355293	0.493270438639066	1.34790224850444
5101	4.86214366273598	3.17276601289361
1602	5.39209868006616	2.29632119276134
440145	10.5305630221946	0.979323108634648
79866	9.68170655142373	0.737002257350642
22894	11.2733635422292	0.471573930489771
10464	9.18666940618317	0.472606522121163
688	11.5265647318766	3.55580104914582
11278	7.69195384468966	2.61725927042013
9882	9.43446327880133	1.17528499630552
170622	10.157493544473	0.616746950815218
7347	10.156999084419	0.687423412084535
101927155	1.81992890455176	1.79828898836579
4008	11.0204925150535	2.08861297236095
115207	7.41799950111091	2.93165175414918
1203	9.6051737967278	0.602249260214358
26224	10.4343916769152	0.571631238724838
23077	11.5707267932179	0.559976267290253
8796	7.92662632166537	4.22450610915524
122060	7.04752986876333	2.33867325640101
79596	8.79383299628525	0.568781137549381
64062	11.5544842538473	0.33895896797273
100505538	4.42856470758814	1.71319426105561
54602	11.4403007578401	0.858001255701816
101515984	0.492004311566707	1.34544638830944
10253	10.03713994123	1.12856951761365
114798	1.50481227882414	1.86082314131119
84189	8.12358519394303	3.77573890226321
26050	2.84027975365192	3.10451091887511
101930749	1.88086655059424	2.336704429651
101927224	0.791407135587665	1.55288974975079
407975	5.49359013924179	1.11748823635676
2262	1.87110248047943	1.83051249130887
100873969	0.546742890793956	1.49572551810102
10082	3.53625307198018	3.71708587061695
1638	2.66693011990874	1.06279275047469
23483	8.68140967912439	0.48768620510491
160897	10.0542778948971	0.73540725169879
11166	5.2322543009642	4.77457543313616
105376685	2.63283657141853	2.80419648101469
100507533	4.22940884155663	3.93696512212884
10257	9.32031700799152	1.32705921651407
9071	3.00399939243353	3.05188665775817
100874194	2.53864611922281	2.47705627727553
22873	6.00789179317542	3.60048992227117
5611	12.0180836635703	0.758776443009409
55757	9.82212667679048	0.507717701764279
266722	2.46819915407025	2.75401409696716
27199	1.06694286762246	1.92796424627907
10150	11.4444763292116	0.759647503364788
5911	10.5089429094999	1.06197114611234
3843	13.0468759961125	0.560119107962037
10160	10.2671572707678	0.97545450601862
8428	12.3199240414056	1.08400937046395
6564	5.17255268323177	3.57813833318049
23348	10.2447217607039	1.11478946510786
100861541	4.15178431214541	1.00586924167029
100289373	4.98281990484297	0.923292393094083
337867	11.2069360797192	0.720871786313637
102725509	6.49755570447581	0.920645854539033
9375	12.7592561277792	0.839477764233934
171425	5.4722406575278	1.11111039099584
85416	6.22578360868265	2.48013622799998
7546	6.94069131290549	1.83463085890338
5095	8.78703980850275	0.668542566105697
87769	5.43200143657138	1.93532771786876
84899	8.33419388393595	0.714948290174573
105370368	2.93904756666005	1.37838323597774
259232	5.19133460683658	3.99090817864447
9358	7.9638552591145	3.61019338512248
2259	3.51469499964584	3.05239305020855
283481	2.12794178943235	2.0984813004371
7174	11.092320984606	0.491514782214669
93081	9.0948119186044	0.650209838866833
79070	8.16565463709603	1.07562217573622
54841	7.95094266240034	0.94663998842222
2073	7.03299460498377	0.748917881346084
728192	3.06173509927561	2.11301889898863
1948	10.1512671621202	2.45647970815784
55082	10.8056319254515	0.71309624889974
728215	3.91492251226806	3.50431664893437
3981	9.49336838097368	0.48208529927745
84945	9.4782206244043	0.590905189051927
10673	4.36301412674379	2.54105365465762
23026	3.62729435908524	0.947432471415897
100885782	2.47780673643446	1.74106120942274
8660	10.3160036020592	1.55878897454414
1282	6.23622117389323	2.11992649570311
1284	6.96396394985949	2.68866600667676
55647	9.02567461388891	2.2131524849895
55739	10.1096191526503	0.791469714007914
79587	10.3379414635645	0.928973070057074
105376684	3.53283975319702	1.35669100092748
3621	9.56308544108626	0.671753426779083
283487	8.2669272483494	0.86166106857691
55608	10.0041391418848	0.609596350609146
104355135	3.92444256225899	2.48897216748024
8874	10.8724170685428	0.379676428900608
101060553	2.59726145667337	1.18371931899095
10426	9.83179725027325	0.708469772242173
23250	11.8420966700176	1.23058467292957
23263	7.25694731910684	3.4181129760892
100289410	2.52119694068401	2.7848215277192
2159	3.35418541352429	1.49327468001244
102724474	3.87608739518396	1.21310607964646
8858	2.5464891851861	1.60680675244753
55795	10.2074995878021	0.652587513087931
8451	11.9737988436385	0.485446299893436
3916	13.7864111879758	0.578039077257513
79774	8.03904484545613	1.06105920161138
101928841	5.52844773581742	1.92708051952481
113622	7.04527729575844	0.991034721743877
55208	8.69125341754324	0.469613402860293
55002	11.5388527013033	0.565442146981216
7027	12.6203158570617	0.643054604475686
348013	4.98466070607852	1.79917862970882
650669	2.77130461831577	1.45837066361025
2621	8.91666436471071	2.06352617148653
100506394	4.22819896020335	1.90932525079897
100861555	2.38834894915381	2.15384110310247
100507747	2.9091043380763	1.53079641886843
22821	8.95034506679576	2.00646622678927
8881	10.7099670750251	0.306724806990204
65110	10.6870606451306	0.334687853527979
283489	10.0196387332863	0.397475930179806
641455	0.560167177589445	1.293185049371
642477	7.60445824297505	1.52603491558825
503639	6.41165290543738	1.39495790742849
91875	8.44960851308558	0.907167081023273
57820	10.0623938971101	0.665617792647646
85495	5.51814166383885	1.02740295729791
10038	10.5152466161465	0.455801936460163
7011	10.0529830996948	0.894398305031977
123103	1.25401347056457	1.68054664824923
55644	9.20075082505207	0.628797141903203
328	12.7956274328105	0.329365304827231
90809	10.829875003086	0.619153299882039
4860	10.9794516042118	0.840461384818348
283	5.54959054460307	1.34443225690993
6038	7.03936965435836	1.30370683734454
6035	4.69290697973234	3.5036219137107
64745	9.53769929421193	0.64035532652491
101929718	2.24291226834242	1.46965596062363
57447	4.99495715801216	3.89215133616201
84659	1.57158440351374	2.23042294598975
55701	7.96887828145352	1.93340306441267
51222	9.47635189040816	1.41182960856818
643382	2.65303555371086	1.66011257025104
283624	7.56861908841928	0.460183120412223
3183	14.8076978976651	0.342562468911841
57096	2.84280629434748	0.675711477638206
11198	13.0079680998765	0.499669642166932
57680	12.3178050701599	0.266348292847729
84932	9.40987077737166	0.428092015017097
9878	11.566857931357	0.299652567574639
56339	10.2548977737288	0.40359583481586
6297	5.18330845940968	3.53913776277774
28670	0.6882919974142	1.60993591519787
28655	0.610236554621439	1.41628192695216
28652	1.62020869994249	2.34672351714597
28644	0.92565506539662	1.49857087628584
28642	1.4432574329056	2.36134479366623
1603	12.2389337199587	0.316480072345872
63874	10.3114700801991	0.905031147352486
5018	11.4811598590597	0.547289627239149
9056	5.79727040847863	2.54760327224914
122704	11.3608821838779	0.3977942578482
4323	9.07504050254697	3.59941756121795
26020	13.0350461202687	0.793010824104807
161253	2.91318998349971	1.16117957591722
55147	11.0051941080967	0.293064257679981
100505758	1.5218096047116	1.18689904656904
10419	11.2486439419371	0.482665727811472
54930	9.82326284459733	0.659030769606935
84962	11.4023341515518	1.1553957692642
60686	8.2539603723355	0.406626594803919
5693	12.4706615828509	0.499149088589896
64403	8.5739745919671	1.00998497533902
105370705	2.73851508907894	1.25822463701405
22985	12.9723180714161	0.362183671771169
55017	10.3112855850703	0.466445992451629
23428	4.92354316046668	2.05643434537296
100507650	3.29243365967857	1.14999946348933
57594	9.01152693905428	0.663047961090838
90673	7.14894250370596	0.531386015561946
105378176	4.3429744966373	0.681844145245291
599	10.8123583883804	0.573074188852063
100529063	2.63772110714051	1.0462467017217
8106	10.6968266539546	0.314099656893436
51310	4.31236564473363	2.91147003334906
25983	9.93189843492922	0.424107655499495
79178	8.42629963115639	0.406492093345236
85446	7.12672421634116	1.85982274372947
8906	9.98522113030275	0.742808632350537
102724814	5.31757514107705	0.57336201917221
10202	7.06303455525855	1.27533365956722
55449	8.20208479595875	0.800138131951931
10901	8.10807328971602	0.940011100763482
317749	7.8359861753562	1.15311419242285
728635	4.36318202569233	1.62265802852975
90668	4.00034003789619	1.99091880745134
4901	5.34452747138357	0.773337387939275
5106	10.7040604528951	1.16174119586181
80344	11.0449857961363	0.490803303938585
5720	12.0913418925165	0.993876571740246
51016	9.61074922476516	0.486059966380181
5721	12.3693037536235	0.861337750983404
55072	10.6796262263371	0.46698217745433
10379	10.0415326133807	1.32026483589097
9985	6.18033975819254	0.62695817214548
79711	11.3899868423822	0.790369229287938
10548	11.5265366690821	0.371136296892071
283629	4.97202138249251	0.656107895886388
29082	10.9393802667365	0.374984324808983
145553	5.61634646872529	0.80915561537689
4738	11.2933932599459	0.521688986637684
51292	10.6985397918125	0.322996658645657
26277	10.0621263859989	0.392466126893717
7051	5.0072311959256	1.79547388244775
5875	9.39136035319325	0.3753752769218
115817	8.49741136013475	0.811481847996524
161424	10.5091104320134	0.531970128385994
56413	4.75367834528147	0.69298824473153
1241	6.90735261608168	0.977383901832094
196883	2.25327283693425	1.80354128659356
11035	3.98745242477313	3.82323908369405
4776	5.28996608754967	2.13196559249982
57523	6.60801941651402	3.61752196296446
23351	11.6392230046053	0.586525967861327
643866	5.53477274170151	0.937912474288582
56948	9.57347447936936	0.673964369610565
101927045	7.266872115039	0.821220618366287
29091	5.02543311960114	3.92873872502445
4857	2.82269528599102	3.30112172390909
103695363	0.791723248005225	1.80792550873079
5587	3.97975586339617	3.2027144835062
55632	10.9022907894767	0.615069210471112
23256	11.3835730279704	0.624578870286847
1690	6.37945450941937	3.46506117384392
29966	11.0741004779203	0.547513169559553
11154	8.76529654288127	0.778733572668939
25831	13.2886664908891	0.573758760978098
25938	10.9335735660232	0.419944514320558
101927124	3.06347047917615	0.697298850237882
112487	10.0305018258546	0.428050778852685
80224	9.43489586407398	0.804603240958975
84837	7.47683998784417	1.43524051474632
394	12.8329312827237	0.746058552089572
101954278	4.053242505283	0.727820975895476
9472	6.48585698792912	1.79457791880964
64067	2.47011821506302	2.35739938398646
112399	7.29639543658813	2.56146185748686
171546	11.9353317237959	0.706836072033947
55837	9.99784990993403	0.70892967012212
58533	11.9482085830705	0.685886923754883
1073	11.1657172537602	0.815029172179824
11177	11.8244146169679	0.639796174744479
6729	11.9099321308197	0.57892321477041
283635	10.7297925145794	0.606973704593033
55012	9.4919346537403	0.707178851691065
9692	10.4317717575925	0.689069945121396
5687	12.7715726265945	0.713025944353895
4792	11.309554965817	1.13306541431572
253959	10.6803929586958	0.668885076813477
84312	8.82187280456204	0.927961813120972
51562	9.71038254557558	0.862820281699432
7080	2.89784438557511	3.25043199315771
100506237	0.923367395589468	1.68089382520879
26257	2.79322250121888	3.32761169576077
5083	4.19968736934742	3.55494886624979
89874	5.36471250717618	2.56372970639278
100129794	4.41733205579694	1.54193879881072
145282	8.3351827804346	1.15248786886687
3169	9.20667326267732	2.452970635236
319089	5.75459732748537	2.39975948269616
6751	1.10246216924443	1.57018882106201
283547	1.71108874589626	1.77535216299929
10484	12.5320247186183	0.972046785888572
8487	9.1246540400873	0.711973507128595
122553	10.5319286087844	0.782660524141013
5411	12.3142704139213	0.584835200546785
117153	3.40913115924968	2.35829339720217
4253	11.2907794566973	0.86739800548401
254170	9.91544704268068	0.817125279080379
644919	2.42527858432461	3.26661313866953
145581	2.15324010537917	2.95740617348296
122525	7.0854506943608	0.713225164969263
54813	9.54668769300858	0.414026750799267
23116	9.50694109997827	0.518271939305174
55015	9.81387116108003	0.421043276502576
2287	11.9447880907407	0.489048225581029
57697	9.51186385986525	0.501147637966768
55320	10.8478081359731	0.625256123836175
161357	0.848589826252426	1.5478714427374
100506433	1.03697335339463	2.48560130573996
6235	14.4421593885425	0.697842942705757
6029	13.9679657376254	1.0420599298064
122769	10.2755931010514	0.678890012602804
6166	12.9587253245935	0.630135890820029
4247	11.7337073095837	0.509756695717004
55172	9.83709731897858	0.408972317736365
5427	8.9940176312011	0.639230680100089
122773	4.72977895646228	0.723799976718667
23588	10.3694892861517	0.638548091742005
9147	11.3570542035885	0.361939779242185
378706	14.906541885201	1.15904505632079
382	13.3985218437241	0.500074524495991
283551	7.07215937266489	1.7939354868053
100506499	5.09656500546189	2.27815914493198
79609	8.42459984552764	0.34981091341614
6655	10.4304366599702	0.44144156858942
79944	10.8103742242596	0.445676156376057
27109	8.96835958347084	0.191858201673371
8814	6.63866946326598	0.586767524864056
11183	11.0782146164392	0.58966854103548
51062	7.17501410833211	1.12950332764069
60485	10.8571164320133	0.743614179581058
51199	11.1522238338926	0.648837669995131
145447	1.87577588126415	1.64339185970741
5836	9.98850546311403	3.33551444611527
114088	5.89987434941458	2.85085451600715
81542	12.0717871482526	0.372414131271253
122786	9.91792218617412	1.51948659144279
145438	4.70472523235283	0.952439308588719
54331	4.24497743150151	2.35841717644287
51637	11.939393976649	0.425932510872409
22795	6.38296337130518	2.89239180363725
5732	2.85165382081472	2.24604864547167
57544	8.59665672583836	0.805064810002213
283554	6.39458565793923	1.09902309110238
30001	12.8399806011021	0.595167857049144
5706	11.8819075752672	0.438133721325464
6815	10.9988769499638	0.470177688927098
64841	12.0805933963854	0.466472882826705
10979	9.87188641804056	1.21533887998393
80821	9.78909945272494	0.269079801948181
652	6.17451274944603	4.62307525753204
1033	10.0821034070667	1.09306865224029
10175	11.8392141872057	0.368649465172276
2764	12.1136000463812	0.485944198230187
10668	8.65727394772674	0.306463681611743
23034	8.5242926701062	2.26028107582316
2643	9.14475751990145	1.13168720774433
11169	11.0478032848807	0.521099673801461
122809	10.5480041748752	0.55331740204564
93487	11.7396813323313	0.44100335872237
3958	12.4666946313235	1.47298378784316
9787	11.8596248817128	0.794936479967162
55030	10.6609879613495	0.772598974639577
22863	10.0291557281904	0.521986494102848
100129075	6.45517177458077	0.83784847673675
3895	14.1479436154097	0.525888787519093
645687	2.33698706342893	1.61359511422027
57161	5.54417044200274	4.00173065603939
54916	9.41346004238529	0.745805322685565
10640	12.151979676226	0.40305509544228
55745	10.6272342394544	0.458223151334333
122830	10.874829421896	0.310561322847441
55195	0.964596559688471	1.44692269766832
145407	2.70101660877513	1.56454439304212
55860	10.8282476531676	0.374776840530807
5684	12.2268094827303	0.493668987070031
379025	9.36089731931863	0.684299033535931
5926	10.601791777114	0.457010013170975
387990	2.18309931127469	1.02214378124435
26520	9.74268357493501	0.602383558143449
9786	10.1599539512004	0.612698799253318
51339	2.26024827881027	2.10796854490645
23002	10.8573404920338	1.19908651635612
64582	6.84181045383058	0.444656291285297
112849	8.06121671778802	0.848327931209738
51528	10.8817298322674	0.312757278479825
6252	2.39622231939371	1.73840129875018
341883	0.718967561844267	1.49142720906256
64430	10.3924734033477	1.05860979274701
51635	11.1254194207302	0.643576028608702
5494	10.8863755362472	0.526258312053263
317761	1.35504074944672	1.35524110514072
105378189	2.64924046564864	1.43532669505337
6495	9.44725500123569	0.850084438746772
51804	10.3356994749284	0.706430319384904
4331	10.038069076774	0.395097721823235
57570	9.90773370361153	0.473238306642403
145389	9.20912836623304	0.641534533090482
161291	9.15348616595329	4.35770402625015
5583	9.42810709134929	1.91233301275972
101927780	3.29352769119855	1.86270389105019
400221	3.35266270956268	1.92267865431012
3091	12.395114707156	0.497598742430523
6617	9.33271572834843	0.468885744230532
83851	3.63029395283093	3.61005787381027
27133	1.46597881052686	3.16477191605966
57381	1.31688521817443	1.58013399151964
5529	11.7800703187672	0.320446368446388
112840	9.56595855586943	0.369821479564049
81537	10.4413357893427	0.727531054285486
23224	11.8544933029109	0.425390623657298
2100	4.60275981726449	0.595628238617462
441687	1.92743990389689	1.16225990454789
4522	12.9838212092293	0.390015614532661
7597	8.10418469294953	0.549220023560914
9495	6.50042906963763	0.96864111010068
22890	10.443243733423	0.454312428148672
3306	9.50394058383005	1.38555672101502
145376	5.14084567286284	1.39009667626085
26030	10.656448634684	1.00225686834177
6710	7.69753712450932	1.86960768009864
91612	10.2142261904974	0.745400296290554
2877	7.67323237369078	4.85295354968722
376267	10.1782173030047	1.70894436820303
2342	6.01216891125746	0.537520381701993
4149	11.0561701738043	0.570060927067849
100128233	0.79713110542556	1.51217193465271
645431	3.9277073473982	2.09092847372612
2530	10.5611288625797	1.42217902489214
10243	9.67252975358964	0.472866236605844
161142	2.81380039760552	2.61945153701501
64398	11.6248664613036	0.568450098578226
51382	11.3257516245192	0.434628383188987
1965	12.4509440824867	0.444688039709243
26499	9.00844407909328	3.22275439299001
161145	5.43619330118173	2.38050980156457
57475	8.34421640470094	0.859177400899798
5283	8.99818073373479	0.62787561802519
384	9.63720961452785	1.0943649198491
10490	10.9962783815572	0.46387135405449
51109	12.3938459658451	0.661347687346482
145226	2.86547493600581	1.43000903842091
23503	10.8640884523205	0.545959504584206
5890	7.98270685836488	0.620947121533331
100996664	3.21374664263519	1.93949634087567
677	12.6369662557855	1.71238513857513
105370548	3.37073460877572	1.24600718597385
87	13.2605778886571	0.729708572688399
8816	11.0614731912747	0.382210768200857
55218	10.3754398338083	0.500075033909669
57452	2.64080509696144	1.68248765402233
2079	13.3743640680293	0.560578319458162
55334	11.771184278747	0.484907369933541
400224	2.28798675198536	2.04235405253765
9766	10.4588688196386	1.13001770835467
100289511	3.76817266605227	1.06720555343141
6430	12.3318414905953	0.71071842158866
64093	3.08007260729668	3.76023182188808
51241	7.99153622392767	0.449349543686058
55333	10.6653767983563	0.490534546685013
8747	3.94558461693489	2.11963352967775
10001	10.1903845236234	0.455949482729023
23508	8.70356334757407	3.10678684829896
103695436	3.53285574021703	2.58722363868519
4293	11.0957522006375	0.748386352591835
22990	11.4189001602992	0.59482688562399
26037	11.2165003182617	0.585381992681143
9628	3.7609631360661	3.04101708770033
8110	3.26480347623049	1.69948105296798
26094	8.46046137997753	0.642302516693273
53349	9.69447206436199	0.786565775371231
58517	12.5019337466193	0.22695781701515
5663	11.7756506431504	0.373451807299871
89932	6.01123254046256	2.02160200488877
101928123	2.57143321314223	2.21426068224014
8650	11.7377308334666	0.393246766742318
101928143	1.26430089560679	1.68375523589633
399671	3.87816448782369	1.45343406507289
79697	9.69152966780626	0.362506889344551
641371	7.17057728506844	1.14163054593721
10965	10.002364769189	0.604779257525256
122970	6.73703099317422	1.62565325784956
641372	2.56907929247021	1.78548990701862
83544	9.26612795387429	0.415776180721867
9240	11.1649724630152	0.528429301981245
91748	11.1937409462268	0.555686118306556
100506476	4.85019631803795	1.58513153318036
145482	9.37662726262248	0.74596196062366
57862	10.7004799633446	0.405147716624129
145483	7.27071523244866	0.793589920095766
51004	9.22156218376706	0.341250810767605
957	9.80920768404243	0.474403374060216
80127	5.80667831260278	1.39481152600213
4329	9.07504278515039	1.00344741431876
91750	8.9017173980507	0.308872431792621
5826	9.0645737212458	0.730243595039271
55237	1.0691009731922	1.82224672937571
10577	11.6005081345158	1.23087972432133
122961	10.1011083615161	0.577175393944089
4053	9.61561583388063	1.48801984194433
9870	11.7055386306103	0.488847658315605
51077	11.4734134611675	0.518887079366826
56252	11.8943467546136	0.266239805432856
283571	5.13911960037799	1.12311300879901
1743	11.6103843991803	0.381551491970623
83694	6.55640152280198	1.41419500235152
5228	4.66962600562216	1.54210238171675
8892	10.4277505330469	0.512169779574681
27030	9.4232483368745	0.370893484566328
97	8.51092063110286	0.691977271847813
79696	7.05269892427906	0.77153519426206
91754	11.0378451066766	0.917722404513346
10972	13.7498424630477	0.372149433352033
2353	12.4230923020574	2.24055373686798
731223	3.0932367564613	0.725005431194812
101928377	3.61050014122391	2.11180551072094
122953	8.86085230373876	2.67352320775082
10538	4.26824793863842	4.11080034836231
55640	6.54503774040176	2.43319864359084
11161	11.3869907640236	0.530503731668374
23093	10.7378310889266	0.481955246566636
7043	6.86973929379387	2.32307347826763
112752	8.87332051033302	0.330467965423503
55668	10.7648958299443	0.482216497097962
22846	5.91446639458192	2.73126310746859
100506603	6.24397825096131	0.563853969233572
23357	10.0153727470548	0.485644890296335
64207	11.5569175622937	0.910309798918615
105370579	4.45896979939217	0.936911298141807
85457	9.58397665727555	0.378856359791982
283576	2.07201903212537	2.08132023370826
57156	4.46248602177324	3.61449267276098
29954	9.5806796222496	0.313533622459737
2954	9.07420733255843	0.566335289225307
283578	10.6442422753745	0.279641571517205
161394	4.6633292795022	1.25788980677947
122945	4.3384554886058	0.809074292068309
63894	9.75022574781705	0.49049586405871
10598	12.5803638088992	0.434030890575684
145501	2.98329011868437	2.34481461183641
9517	12.122233358404	0.741474451751208
8846	9.22042005406235	0.372935026526542
81892	10.9325718080927	0.537842433513554
22938	11.8665521603859	0.335336371685394
57143	7.74924955714186	0.763660386622142
1734	5.16834900996762	3.72719828492639
145508	9.11917973625511	0.701434877063906
2957	11.3862906607862	0.423399941505792
85439	6.99173166341718	4.18993266207892
6400	12.4456796172506	0.641521314391576
23768	6.04475700725474	3.84492655618092
101928767	2.67045912050258	1.80467347748079
2581	9.63575118144728	1.97658830895885
8477	0.751207586755558	1.80699595327806
55812	7.42262021011538	0.656812280217818
11099	8.85611549365645	1.2667339515994
79882	11.1348896876148	0.422343170431972
161436	7.4933654520209	0.78747885105382
123016	8.68451885698195	1.34777829281906
1112	9.37213629750932	1.86304210625627
400236	5.52627627311533	0.964309051553789
90141	8.71532975685923	0.770914651835192
55775	9.8154336702103	0.441600294713807
56659	1.19843906930727	1.44601344839986
5700	12.829485624386	0.405415860289775
55051	9.13726898882443	0.680818963155577
801	13.6047697218038	0.495411974851117
145567	6.86298929457965	2.61025943413078
9252	7.74271415565919	1.29710862739158
80017	7.42760764539028	3.31911906436397
8111	2.90413431147004	1.70235633531135
440193	9.99420394281556	1.02340330400813
55671	12.0187328793474	0.581677314291599
10516	3.02878414898524	2.07453279768374
9321	11.0989657380847	0.502419390217754
4287	9.20086644953715	0.693506271932374
4707	11.1872170969921	0.570196342614234
53981	12.1244799943452	0.329199138191892
105370707	2.42389949401188	2.00794194915966
79890	6.1564345481312	3.88950507602449
5641	11.6993046275957	1.11711564705802
9950	11.0798928786573	0.411729278766364
1113	1.36727969549108	3.11567442933694
3705	8.63047728595733	1.10342828073835
64112	1.94781884718724	1.11068530813902
26175	2.46583386013858	1.3849769976632
55148	5.13033074307666	1.50939618337787
55727	6.37028748350063	0.728275395611669
57578	1.03545455282702	1.72454984402979
78990	2.31906103652567	2.26004437894051
57062	6.94727136891423	1.66332030960137
122509	4.51793039575461	2.04926362937877
3429	3.96734815258649	3.82306517362253
83982	2.43095372420413	1.45175389532388
5265	5.21884447218094	3.04262992953298
5104	3.34054435376636	2.10331325528903
12	5.50625126987003	3.77460577657372
145258	1.25741933041309	1.87097631224629
23405	11.9704958662131	0.765712994485731
400242	4.36465750267289	1.17265700210437
79789	10.6280585079958	1.15726686052651
79686	4.38296387346472	2.18858462789763
161176	6.56664232583599	1.66746197965321
105370641	1.77011713516242	1.48387169924187
283596	8.41674022163935	0.8892337666242
51218	11.806283699932	0.513896838349508
56967	5.84520190752048	4.08226017840688
624	5.12464621308101	4.60491602133488
623	2.57821784791932	2.95524290490685
55102	10.0573899455609	0.949787917226072
51527	10.4741200148576	0.632317100817238
122481	5.37541143652312	1.77420847081713
730202	4.83716744429941	0.954917522434965
10914	13.6087401499338	0.379697002011258
7443	10.3341682712224	0.635183913517162
145249	2.90652166511024	0.916523906371286
64919	3.06471854222414	3.03709668466247
84193	11.5439480166586	0.486081407319777
8812	11.556602280491	0.487448379857159
317762	11.5182083563414	0.628327366965579
84439	4.26124938733483	2.19973339200229
10858	1.44135041511979	1.28148735996804
2009	5.02781960543489	3.96727489061022
51466	4.18550643517612	3.38429818452707
123099	4.22788766833543	2.32582613587516
7528	12.3820453876398	0.366276193408848
123096	9.3245438700415	0.922563389816633
7453	13.0128202730189	0.937566720810953
79446	8.22787778411949	1.01918994271008
57596	6.0787998974316	3.02899467247259
55384	1.24634696726677	2.6790686135612
388015	1.30276548438754	1.71407192906774
338002	0.555539663371811	1.5182557368235
64150	2.03586682964409	1.70303612705641
100302145	1.64738125827463	2.19626815515423
1735	3.9722692495151	2.58305863884475
145200	5.13421030281948	2.11824681336928
5527	11.9779527028433	0.55558913394234
1778	14.3684808569511	0.430686442762306
3320	15.9488825594729	0.637313261319818
91833	10.2568131644096	0.608051014840798
5891	8.32370993969915	2.13222166786704
55778	8.79416148108077	0.639756818707574
51550	9.80885362139915	0.514009792637249
9895	9.78382962634874	0.5379917239711
122416	9.8245925671886	1.17011071519819
23186	11.6748462327723	0.47689722089179
7187	10.7805865931852	0.795202909830415
81693	5.69305519389498	2.07380323630346
9578	12.5359049281346	0.596233300688792
91828	3.89445022051804	1.97058914307906
7127	11.3651135107145	1.68016942095552
1983	13.3063610174547	0.775092587764056
4140	11.4993247705378	0.529943626640094
1152	10.1875051000401	1.49527853281976
115708	9.9920381933281	0.440339933734245
9529	10.9553022888462	0.518739207155054
84334	10.6278435511726	0.603704338930983
3831	11.7129696395132	0.632719956689385
7517	10.1225073347517	0.421389914870517
79038	9.71290208571091	0.635495270771096
23368	9.43880819033009	0.732965269135156
145216	1.05464937292289	1.38980107505391
9556	11.5580086344456	0.615764913963882
122402	1.3036920795586	1.56505099377099
374569	1.95172279430523	1.30711298258996
105370708	1.18295981803462	1.56600086560478
26153	5.23392980471948	3.22604648394381
64423	12.5619221292609	0.637301410149855
122622	6.83189338467962	1.21636310021901
10572	10.7937223334231	0.641633891119326
207	12.1414504844864	0.550536920530387
100128927	8.41470014406339	1.32141705442355
196872	5.44798784538153	1.35195019759081
283638	11.8383848333086	0.759272468504456
113146	11.6573503974732	1.71908988020162
122616	7.65238857197526	0.663656189561358
55038	10.7558305901286	0.816986996996212
29933	2.31106758416254	1.70819437761887
102723354	3.91241058103116	2.64484329737263
3714	9.94745603101233	2.09415608695089
256281	9.6345977939834	1.2410928968889
2972	9.6295532325558	0.523526458828267
23241	10.0218958979282	0.623954460640119
647310	4.24612681129846	1.05040569024139
100507437	6.36800119232029	1.34539382018814
9112	11.5985318320066	0.523494320518734
1397	10.0201274305441	1.44775319747559
105378191	2.73048472636569	1.27059683253444
1396	8.86429830740481	3.0157595149532
283643	9.75741608035608	0.4913375058069
80757	4.93352881704119	1.91852068259435
283755	5.47164782304534	2.89270340062185
646214	0.755722502235743	1.25891072644037
101928039	0.520718204995196	1.43559715381065
646396	1.14360742835447	2.28287151788016
400322	8.2600777395068	1.58590139654935
339005	6.10408254229638	1.26695211176055
283683	3.00252905404112	3.22987725752689
123606	11.5108994748521	0.859545410178979
81614	12.0988870287361	0.317364869997627
23191	11.530928625096	0.370755179307653
114791	7.64101424376999	0.557156823487507
7681	2.88006257371296	2.65759388567834
347746	3.43242238674513	2.58295105561811
8123	4.1522019172894	3.07510321459978
338428	2.1020252823252	1.89036627796805
100033416	2.92770211515232	2.46022233686061
100033431	1.36456932192031	1.30595155539726
100033432	1.49330529803898	1.67519051147441
100033433	1.62520546841481	1.71833821691861
3653	4.97288399351951	3.50850226282598
7337	11.9204101020119	0.329949123580124
57194	0.670983986508986	1.25317546661814
2562	2.95249341646284	3.99322411481197
8924	10.1173332652446	0.449416997404584
646278	2.51039533089843	2.943718048519
728310	0.961107332799376	1.65678347948587
321	1.71250619779275	2.27738579389701
56160	2.12369889193792	0.988112908592659
7082	8.26195932336419	1.04057510242901
728498	1.38502220352099	1.42614242701574
89839	3.4097980069157	1.95123512551991
100288637	6.17278567180773	1.87699920984681
22909	5.84934273095897	1.18830918275751
54893	5.83867617579185	1.86041898341871
51621	6.23412143196459	2.73199532055281
161725	2.9013409918319	1.69183168037882
1139	1.63736768810394	1.81876951572558
653125	1.49862782292559	2.05401773636819
728047	1.71394959589355	1.64037172305715
100288615	4.68045935627289	1.14063705638973
100996255	1.73132059075626	1.86616743087306
9824	7.22871615531255	0.623779505603401
6447	1.2560744936259	1.63405918698546
342184	8.03075991416581	2.06057232142496
6263	4.75165121120822	0.901568102547337
57099	9.24706590516545	0.783199158109528
1133	1.60102885412518	2.70576104575852
56851	11.2922971313143	0.507624283233927
161779	6.64851281176253	0.571234170166245
79768	9.62032099148144	0.464988378405433
51234	11.495674411308	0.467289244279343
9990	10.6744600538371	0.60312317467791
55505	11.8436227134412	0.664093216023424
254531	10.4912336465228	0.702252470755921
23015	8.08078747797728	1.23373549421245
440270	8.1603989598272	0.676263046672495
70	2.40590098582298	1.54330270980857
9716	11.3230161646861	0.433457901246862
54989	11.3509038851957	0.659836355331674
723972	5.16742671655461	0.808743269211512
89978	8.21248662944784	0.881679814496982
100507466	3.52926683939428	1.54002909439964
84529	9.57918869323244	0.591351531460772
4212	10.0545691402524	1.09033226440388
161742	10.0731779271173	0.72241999980435
283742	10.8165952398732	0.57573334479396
10125	3.328130204292	1.49104284497833
7057	11.0434291579934	2.3762365149138
161835	4.32493787829718	1.26728694882814
105370941	2.53098184507076	0.869514449087353
11245	7.47309910324801	2.24656946357914
440275	11.1978836005774	0.456744309392422
6727	12.9308937987641	0.468222168434643
100131089	6.32323419627899	0.733266589820138
90427	7.94024766781774	1.33508524604939
701	11.4258034194508	0.407868797742873
56924	7.71324821991094	1.83694738560758
644809	2.65916915827348	1.59211701642308
100131244	1.40301037548441	1.4637619396787
5330	2.93453767020263	2.32441067731013
100505573	9.10832387780883	0.916525479367176
388115	10.2009590888481	1.1109849284533
644844	4.35567830520072	3.53582283602153
85455	9.18436923838312	2.21699633634203
90417	11.0103826261153	0.483129401363618
3712	11.6094431135635	0.292964361107752
22893	10.777579152412	0.545902006604446
113189	9.28505912958193	0.752416993219973
90416	9.06498718262756	0.349611290399535
27079	9.04608920224569	0.334921201024888
57082	10.8861574113653	0.381201081789025
100505648	4.98217356678853	0.716876671824725
5888	9.06964258429928	1.00043164717511
55177	10.2771495630396	0.491581855535904
2644	7.89532870008228	1.2007725246409
55192	8.47251593679982	0.362821903989267
643338	5.5400253616542	1.22304265056268
84936	9.5305610786404	0.436023939639492
6692	11.6800909409664	3.08900897562424
171177	7.79097008707304	1.8436303146734
57617	10.3238196086105	0.843062191387657
105370943	6.09741396094761	1.23760434130987
54567	4.67311950463741	3.38912202661677
79094	9.03210275406944	1.87205100745854
54617	11.0167265039016	0.488935212184556
161829	2.40522428471125	0.95936040312302
11261	12.1882593331475	0.362189056469167
729082	10.7554115386661	0.480790252835774
11339	9.31638999080739	0.426310896551295
51203	11.961834643822	0.513830439723619
51103	9.00247537781126	0.697749286781711
23168	11.2793352358593	0.663386671063304
3706	6.1482832025499	1.35317138536403
4058	2.6875924421723	2.22237613835799
26015	10.4793078662768	0.412627278461899
7301	9.37583853563592	0.57698319699887
23269	10.7038163280799	0.669492399433924
23005	9.48085050143206	0.701629556914823
100137047	6.18562131088004	0.84832470195818
51332	5.39936975926222	1.0384539398871
30844	11.2870732927797	1.08318336265532
101928363	1.67495034394552	1.46645965500461
283748	2.12185040102256	1.70491436362033
255189	5.29041474788927	3.06948771695688
23339	11.1249959209169	0.535345419263236
25963	11.8296649976091	0.545366467213466
2595	8.74747525240074	0.585103604464933
825	3.49067575751425	1.78719157518036
64397	12.1080402225071	0.429413099976187
8773	10.8992231093771	0.39312860120048
255252	9.69819751952975	0.439280456177873
55142	10.4988437776607	0.431737302194487
57519	5.2891319859273	2.33420452980185
146059	9.53137782198232	0.638856055329465
146057	9.76672860430548	0.668912510492333
197131	10.7230365106817	0.528696795859946
80021	9.74500384822851	0.816204400045475
23582	9.98021748763163	0.913501836856819
9836	8.47118510550649	0.546806933381503
161823	8.15255799467183	0.890017675846255
146050	10.427681295772	0.553580826781473
27229	9.46030055222363	0.489471361854394
7158	11.676761714637	0.618422071141051
4130	5.96986889954534	2.38392131213541
9677	8.92220812375488	0.592913180242996
1159	6.05882531915592	2.71995773346118
117155	5.38460578324182	0.926853688274684
548596	5.90379272526748	2.36213209702622
440278	5.82535883139146	1.0393441769928
2923	14.6466941758297	0.534550659848956
80237	7.59886553587582	0.817797044465488
10169	13.118362332165	0.639446652600147
619189	4.7292383466207	1.16850582684906
4236	11.079685312256	0.350578458729726
79968	9.82029635381439	0.735750015543485
84978	8.29873908536887	1.77799500273927
728758	2.71743901298798	0.956401028620453
113201	11.4435955241513	0.818663368098337
51496	10.8514604956284	0.419083601313956
645212	8.26299684672659	0.402241487525054
8669	12.6036053489686	0.618934130150852
80208	11.2824107138125	0.367073457993228
197135	3.78720150643931	1.8947744089945
567	12.8191958726673	0.911200584660743
100419583	2.42022567668647	0.752213549777397
6652	11.1033938657392	0.673648096855389
50506	2.75243749643019	2.63353943028234
405753	1.58319383019254	2.37787046644468
90527	1.32492998583158	1.98862699090122
53905	4.88119384337557	2.34093123327278
90525	5.00299982226614	2.41595184166194
2628	7.78479466784113	2.08765449749068
79029	9.20436050228249	0.541842676698426
84419	9.14032901864318	3.34817930733259
7782	6.47701300815604	2.68383724516691
283651	2.30659811214202	1.61259530354834
26258	11.2140995293813	0.619069059906323
58472	9.93942465561931	0.90964476170682
80031	1.09655155710592	2.10855488623986
283652	2.51753151954723	2.21681699149633
50804	7.8341124381701	4.02722232341543
399697	1.20513790874455	1.54739697232814
1854	11.7843247573768	0.395565960961435
2200	5.77964312055462	1.57457868335109
22995	9.09938723892401	0.50487783562878
399694	2.78095462115463	2.92467679856882
23741	12.3745360433484	0.647508331370568
9728	11.0275588383428	0.588640136921036
9318	11.6224329699888	0.308159732272286
2585	9.6934442319533	0.717466738347631
196951	5.10193590151276	1.11338635209696
56986	8.8669656062646	0.510510437128337
79895	1.85252727806698	1.35267438573778
11001	7.75024354015783	2.6946882809571
2553	9.59682782456848	0.597167369038879
55056	6.85506766468037	0.88986759525661
100129387	6.95705337905852	0.892432668052424
9101	11.2094057646594	0.383544740356941
54822	11.3198581865843	0.453084904212969
84888	10.6525355468382	0.570817088401225
23431	10.0032870227387	0.573455147994381
388121	2.30173380788436	1.720804608376
1588	2.92694837064908	2.00937337056859
342035	3.95021682466207	2.90451351525398
23312	10.5515830210762	0.647063427664308
29106	4.04424680034781	4.70029664655263
256586	8.92235887438195	1.26611562474418
29767	7.19319908329765	2.46694731608526
29766	12.7423073313112	0.836464937626289
123169	10.6476555554219	0.590102745566867
5597	12.1574729525292	0.740369563226786
10017	1.78250671969487	2.27500351337169
10681	10.1239089673529	0.565588307648305
100129973	3.55711910983724	0.994798503088981
55930	9.73270500548921	2.61544923802938
4644	10.060396549595	1.6139368270234
10776	12.7601242350098	0.62399392661004
56204	9.51794983912809	0.90567073943339
3175	2.90721151912342	2.79996390412336
256764	5.42041773523962	4.37969232923987
51187	11.7035038173344	0.594586663296299
5873	9.12967521648067	1.03331222806325
9488	9.13972566655947	0.459496934919842
9236	9.10535046470757	0.723871644087944
145788	4.65005855049857	1.0700033283312
161582	2.6459069451767	1.51840175040462
26108	4.51234667601047	3.07232263757468
283659	6.00710542228698	2.80721389960117
4734	10.5064857620123	0.665872883845583
64864	10.2679773787986	0.50425977528671
374618	6.6360550339778	0.45606658429751
55329	7.64552853711453	1.12112511035659
54816	9.2083299176372	0.515869016663351
145783	7.10767433458754	0.851632272185729
6938	11.4714780065216	0.846584941850981
283663	2.79976538702438	1.63377868008669
84952	6.66262990447057	2.90180794988711
145781	4.78564407631991	2.66349440125825
100820829	6.07020520739816	2.46526731299683
81488	8.12122767782547	0.601059521600408
8854	2.87893406252258	3.12826722334499
101928635	3.76461676587414	1.19207200551159
3990	2.76919799064258	2.4636651754334
101928694	0.798321980227335	1.50011559826323
102	13.5444343753768	0.601548644173187
54629	11.326457156743	0.915227850515734
79811	12.1883084276616	0.269381917013721
54778	10.6178185137355	0.351878050692316
9133	11.6495581461796	0.434671255546429
4643	11.6635014939995	1.0967347252788
145773	7.71817415825499	1.46477030746127
9245	6.15003269530478	4.32366631906543
2958	11.6572498664842	0.480147554592069
663	11.0250624619358	0.556684833498339
27023	1.67849749685876	1.54875173745193
302	15.3308619306659	0.718244272191864
79664	10.7365284207833	0.37130019097222
101928784	4.06164491924355	0.760425921019846
6095	6.79242640599607	2.07904077967309
54832	11.2394445517303	0.58222715711225
145741	4.95829600903191	4.07771937996867
388125	2.69682024489116	4.40500297478172
105370849	1.19343826096525	2.85062947836041
83660	9.23732255296599	0.504908104495096
7168	11.2711321436643	1.65645320701052
114294	9.42750957081494	0.425908613670719
51065	9.97279674113316	0.630876791112371
51762	9.77192154806107	0.527932420406953
83464	8.2672128624968	1.5116982078409
771	4.20099489676359	1.43786337149701
9960	9.84706769671957	0.754289880252238
100130855	3.04359837387544	1.31697398895505
283807	4.87586249026098	1.11943497276222
8925	10.93969215646	0.506818427969527
23604	5.30903657235123	1.31650105959692
84191	11.1282155597782	0.636053459476431
6642	11.9685440845731	0.441841090339807
79856	4.74938517210734	1.28209452602346
5479	12.6755965070187	0.732427773866737
53944	10.7667986159455	0.303523188135744
9768	11.90129434415	0.477940118760031
9325	9.70312061846266	0.399191860844727
23060	11.9174098304015	0.39100387553008
4947	11.3336395300985	0.635669051762905
348093	5.11657022361605	3.0136566148677
80119	8.40949362548726	0.640360745054151
80301	7.59793345355888	1.56080673448754
348094	6.44757612611222	1.22450108449404
51324	11.6013033610179	0.429769295930056
123263	8.9290300182969	0.406654010947434
123264	1.57320641661927	1.94647281846016
390595	2.5171986999392	1.04479932155566
10081	10.0385996873119	0.465622680622497
10845	10.8958878603344	0.463068368410504
54956	8.20671651994787	1.03738627410162
26831	3.02858018742501	1.71792957746675
9543	2.81078296351046	1.74098443000948
57722	4.47082709117385	2.31302932116814
54878	10.762251254355	0.459849582533141
51495	12.6747890426622	0.484519992340169
81556	11.0645484222502	0.375490078760534
9187	8.23538771290137	0.720597964732764
10260	10.1235060835617	0.761494267205982
8766	12.6781333061827	0.527131975641249
84465	2.48425046947992	1.38565032649107
115752	10.0825701106444	0.601368290009384
54962	9.08954837514909	0.58794372627174
5604	11.5822162898259	0.99757823569407
10302	9.22121532075171	0.737478204511586
6124	15.6689403007019	0.38266102399451
595100	2.7714226636837	1.14423334479296
595097	3.60426686250005	1.08480861062249
55055	10.8181579469706	0.518346952688665
197021	4.37504802974994	0.688948736909614
4091	7.20545156914169	2.40917219542436
102723481	1.37014454126087	2.3188864559701
4088	12.3402797348868	0.977513395863256
79719	11.4485598130597	0.352702334494384
64799	6.12040986432255	0.502732778406127
100506686	7.48301490985692	0.722020218596589
145853	7.57925597625181	0.833689438680864
5607	9.14856638210049	0.595556727557471
390598	4.26675773669071	2.35934482202039
8554	10.5601018087884	0.460627812639011
91860	7.51319585438745	0.548700481725635
54982	11.088835557915	0.405534260445276
10116	10.9767828396962	0.645252074434501
22801	2.77738260692757	2.12318165520299
10391	3.49998803149317	2.76537969477519
8125	13.4363525948696	0.410722265451374
79400	1.93285482928824	1.43429893246246
246777	1.02825143841533	2.80978116365809
26035	9.79232209368459	0.592885221454706
54852	7.16843487586484	1.45886559765119
9493	11.8287657685395	0.572228559198812
6176	15.6217290202438	0.44675183241852
145837	2.57788568411177	3.55578878917791
104472713	0.829930947516134	1.57695733598761
7090	11.3864351873686	0.801715754482472
55075	11.8668193299794	0.788025478816629
55323	9.81764721239398	0.668184447223132
54839	7.65616137571417	0.891477361431606
56906	7.26493062134292	0.540760865984512
196993	2.81536402085317	1.57103392946981
79875	9.70780505988224	1.77341335957038
4649	10.1541782695506	0.708345021252717
123228	6.05374141521884	0.671563158517186
196996	5.36923137259672	3.70368561312653
5315	16.2728565551675	0.402571254570462
56965	9.68940502029652	0.681785842920899
60677	3.48889565085518	1.5343386724172
3073	11.7297835559384	0.394345886309242
80072	3.52744406541327	0.969566415029451
25820	11.7614301456347	0.514600563095748
693215	2.5930857736071	0.904132789624001
585	8.64841826081165	0.472244728192915
83440	10.3765936907391	0.336284489431837
4756	10.0617344431124	1.57982631958216
10021	3.06846030413811	3.64573526904469
27020	12.1650235355835	0.759247083714259
101241892	4.15966021707438	0.855997605685389
80381	11.2325266966541	0.613027483710158
388135	1.8932101813583	2.3571025321001
100287616	4.10817817541127	2.27304503545593
4016	4.34593061976915	2.54552192608031
9399	8.01410907213962	0.591280124116279
5371	10.5599229453978	0.86351886429039
57611	1.53354039090301	1.37440650738806
3671	2.82870585958741	2.18912903183342
64220	6.52382743259204	4.07087746511159
80125	3.45943690782505	2.89776888237561
1583	4.08560090996556	2.22545982571262
8482	9.21325850912561	1.87846963804165
84993	9.82960725646358	0.565870055264942
440288	6.63973774141012	0.519973357747043
10620	9.52729682810329	0.99885869794148
1198	10.4499210232376	0.533746120946143
102723750	3.36110696438587	1.51088592959044
80153	10.8367388977149	0.392094920065344
1543	5.61191376821407	1.75443047094174
1445	11.2043539458693	0.550904683629665
25989	10.0533806299321	1.02359667969533
10066	11.8061078108175	0.48703331007731
4351	10.1605663288513	0.423281093909946
57184	9.6156284843667	0.560187701442835
9377	12.1511529105064	0.401797428412393
54913	10.0796040138811	0.981325740361677
192683	8.80871283684793	1.90331799336196
60490	8.47089461557723	0.811541709000821
56905	10.5349620196426	0.982423187187831
105376731	1.74513307021387	1.42990328865523
54939	10.9361830742508	0.532495052716863
79661	5.84838913519923	0.991198295786677
4123	9.52426641261493	0.868806682686355
25942	11.635242724306	0.371771636735991
5780	10.5567700063877	0.572645223401509
10073	9.57444094251894	1.04691469703777
55272	10.4632830392884	0.480913097020694
257364	9.56022880807814	0.887623021849592
1464	6.29841307954738	1.61898485488901
161753	1.61337240705954	1.54784854377278
100128285	3.0588642309575	1.08412022674436
92912	10.1096522802062	0.846529188647272
26263	10.3217886471877	0.498773329492776
145957	5.29564756007991	3.11403599076843
2108	12.225255723632	0.467805772764802
64843	5.67135609072437	1.6545733907689
49855	8.91905860195333	0.629969084493279
5955	11.5008656494664	0.380907143189294
10099	12.4535073794288	0.652544914803222
79834	10.1486182569919	0.678665306872327
10363	10.3225347472606	0.542531329694365
84894	2.72922776076371	2.79794656355401
91450	2.29694948463646	1.86247752229989
23102	10.6709258413081	0.986724007285041
646892	2.67532120712031	1.87270905548138
10518	7.43257344621529	2.8115725873084
3419	10.842043548894	0.750486322733454
23205	2.87318912094518	1.08879673658704
55466	10.4162008869086	1.56974500561175
80349	10.1632753550974	0.292380895411577
1381	2.62646117157084	2.40516382457171
3658	12.1377972020776	0.397557426429731
123688	6.05560355126092	1.08828533173222
5685	13.0868300223705	0.273235281899413
1138	9.21485528976841	0.64489875707387
1136	4.33179785801238	1.11765716700895
11173	6.40838253036458	2.69132925965453
10933	13.6806940594845	0.468901207672597
1512	10.064943040409	2.81023768186437
5923	4.96248003583377	2.55462689998681
23423	11.7982059912881	0.583212683834376
23251	5.69891142726195	0.962869975637816
10588	6.94868746041405	1.00392420580082
400410	5.9907915021844	0.831234295005159
283687	6.54176658477374	0.845053027424827
597	1.58153523116718	1.94154713485948
54469	10.7919228218952	0.806390188083918
2184	9.1434995887535	0.471012193930752
9915	4.56972356284959	2.16535048298969
58489	9.95706798291046	1.29374520264795
57214	6.97562629628059	2.48607563378174
23184	11.667675115955	0.379675276559813
59274	11.0411048445581	0.998228472914859
3603	2.78602447614235	1.47973914676333
80765	5.16665163340951	2.10450139284602
101929655	2.28512586808282	1.40797861289162
84206	5.77850392871438	2.09147225582573
79631	9.68252110274269	0.638637794938611
283726	3.98910252050651	1.58930348837193
100134869	1.69286608592935	1.68515278857184
440295	2.88696428250439	1.97157576081013
80154	5.12549599212414	2.0593323973431
6218	9.37330248709841	1.96335572706046
64506	0.988358556894809	2.70721101985411
8120	4.61614066486009	3.40099752407046
283693	2.26607364136773	0.878181071049245
100505616	5.7998224801267	0.723961848916314
123722	3.584839131984	1.0685181936191
123720	9.21271156607677	0.684713682472324
9455	7.32689746972765	1.93095985062589
83640	8.69344368295581	0.64358600565539
123207	8.84274153261242	0.514723399683218
53339	11.7973926793415	0.483233575700058
53346	4.95343653696116	3.60879244346085
50810	7.3399478156659	4.67215644709647
105370929	1.75317411307964	1.68928010386983
646	2.12599838727922	1.87587667061949
440299	2.1975083823783	0.997761580185467
388152	4.8992340405637	1.69440082709297
102724135	2.36568141796943	2.13413930846474
374650	3.704742922331	1.63426796128702
388165	4.09533249406011	1.55200435044317
100506874	2.51231614043678	1.30185620230774
54993	8.10570464152465	0.830407637411844
54581	7.58517295341709	0.381337125079909
84942	9.58296883744162	0.308297500563926
4828	9.1344590507685	1.03982144420174
23478	12.2874177980398	0.220379742495424
9640	10.9398770580772	0.442430304520248
57538	7.77613258590787	2.00796344775662
9154	1.81673714871468	2.14957493251595
5151	10.7430216992392	0.562645677420496
642423	4.20390512023264	1.20263460782339
101929479	6.02338397104111	0.949149356677812
11214	11.7425995738492	0.535833251648814
64410	8.21444256459956	0.74069173573051
123624	1.2392535754426	2.29192860130631
145978	0.88720437210294	1.98946580941797
26589	9.85143055156018	0.425046675755546
64963	10.5787269062256	0.383370862155149
55070	6.92804750864001	0.683208150585021
64782	10.2109377197511	0.879601373728452
3669	9.59269913100482	1.78796624674162
145864	5.85724322043255	3.26485149931315
4240	10.0783515873806	2.79584837869657
105376732	2.55566765302706	0.985708329258844
11057	13.1816389960326	1.04105722191328
55215	11.8550945089109	0.308285285901206
5428	10.7926200835297	0.427031298515689
254559	3.40013703817253	3.05300830701711
51458	2.44628269352211	2.87328502125436
90381	9.95351329329813	0.471689793558635
374654	7.97604771779348	1.79525793821003
5346	2.74620506506706	1.54533289922458
8800	7.73861026349142	0.839051742411396
56964	2.33002504357431	1.18280728404305
55897	5.75135378472228	1.64281404807402
145873	2.6907457992095	2.16431135879668
290	4.72794062131117	4.16605395189746
10239	3.44502420686024	0.621092422617097
348110	8.88509944725616	0.992927146249877
374655	9.83195853542959	0.694162040463107
3418	10.6210462772656	1.50061020059409
10509	12.1853374641054	0.936823250514072
10519	12.4791117396151	0.749255165304024
390637	6.66752748209921	0.611732361005618
440307	2.56878183153779	0.919474623035275
51335	12.3210602075077	0.602966050207347
342132	6.18639759211621	0.628790768650974
8826	13.6348610110994	0.513483831454199
64784	10.0212432364942	0.689003003035022
101926895	2.85224624171802	0.657198510663294
641	9.80950084531058	0.280052661010346
5045	12.3236935890165	0.751355426839398
2242	4.11950382628762	1.31146531384305
4122	10.6337872775189	0.944052833420967
55898	11.7760568647221	0.375896207227927
374659	8.48249914460394	1.19563763826921
91433	9.72779923291292	0.31510192291621
9055	11.7948248611479	0.556380390063647
26276	9.29377296267199	0.364174581158101
101926911	3.37630583538719	0.623842666353885
9899	1.94477033914064	3.79171010364734
28232	10.241734999416	2.88339840783445
100144604	0.954096584953339	1.70571343082043
400451	8.26518065185686	3.05317665150675
100507217	10.2689483890729	0.567441219100218
1106	12.4055485790722	0.478798568018407
56963	4.68301067506764	2.61443770457496
55784	7.03910018411319	3.02945894674759
440311	2.69328333853648	0.819296234669742
644192	5.23396870269574	1.71758953243501
7026	12.4936320089077	0.961007820543646
100302258	2.60150479810653	1.54513630341424
101927286	1.15856995698336	2.38871023659172
101927310	1.30380268519426	3.15111835580755
91948	1.19401018245623	2.16217863093513
91947	8.26442726713856	2.97916104862652
104472848	3.39013936332119	1.44743672663706
3480	11.1824847376277	0.87925348617227
23336	8.75403380788696	1.77741169774574
64927	8.35135196479806	1.21666075108376
123355	7.93702475500336	0.726047652692457
7190	5.07962401450255	0.677085553656959
4205	10.5471222593384	0.461324042730701
145748	7.57250525659701	0.491763637187827
196968	1.52212573613261	2.01681998024079
170691	3.59363112384088	1.77673990720506
388182	2.43097399887025	1.6118836667648
102723320	0.524546028710475	1.4353950210964
204219	1.75276983389622	3.68245052507947
441733	5.6786107193646	0.773894311249172
55180	8.16890182385872	0.436896816614996
140460	9.93798096609667	0.380594245641325
105369201	5.69195411181694	1.99965110702111
220	12.1579440949164	2.54595429730857
101927751	3.03384406616483	1.03187710685777
79705	9.13431905580843	1.20219909130532
22856	10.293292970048	0.556714573056946
55829	10.917674203976	0.889476439885024
6627	11.3088279741626	0.560993113786291
5046	8.44772511015301	1.95080834071455
100507472	1.86593421727596	1.43269652808387
80213	9.81676320236414	0.507580452952565
123283	7.91401249192613	1.1990875365819
100128108	1.68947277494523	2.78556816406112
105376734	0.737003387013653	1.39651027083226
374666	8.15023558234679	0.372047145322508
100287029	2.50673158197869	0.824585889682541
100132169	3.52856167139834	2.2603466076185
51728	9.88058289695281	0.697682283822697
79622	10.799523857644	0.373336564272772
64285	10.0482311821956	0.814279248118022
4350	10.5181386643086	0.607006150563743
105376746	2.01266655298677	1.25778080834182
8131	10.4946494075377	0.578002763889396
3040	1.67271992165414	1.86687767106127
3039	1.87173481021602	1.93985226644992
3049	2.8480302224358	2.68657038233118
55692	9.92639119124969	0.53203132199044
83986	11.6438973727523	0.717656709700223
8786	3.02422120869607	2.38229868816269
398	3.83982546519031	3.50540717889512
64714	3.84517271825691	4.17248396401407
8312	10.6927740016803	0.29205870138444
10573	11.4175902068209	0.399779881256552
58986	11.5058682498308	0.527473311407685
100134368	5.43723471786567	0.70686932881995
4833	9.87193675750837	3.15438179869849
9727	6.36249252809344	1.13851680151327
6650	11.6580033143353	0.175849738790717
100847028	2.35817969096247	0.945151005221013
100423037	3.20715925660733	1.17930909398204
146325	1.30465178744349	2.22312062519407
283948	3.60797592773986	1.93608456149545
9091	9.7497699458011	0.579393736887062
57799	9.95860151922708	0.572890644854676
117166	4.26330519592007	1.09955741363422
84326	10.4319425571311	0.352002902421802
64717	1.54218887580225	1.52287811521205
84331	9.8257233928803	0.586375109598746
197335	8.52830865425832	1.04337948966435
89941	11.2435439168847	0.233119784377262
9028	5.65496489120269	1.21019858622648
105371184	1.65805625371314	1.14761994133204
10273	10.3737187340907	0.33963606667848
339123	9.42917543111689	1.45688594864429
84219	9.2943859075291	0.825760682447844
146330	7.75691368128174	2.12896198660654
79006	8.87931330340706	1.69670472844776
65990	9.31603677934018	0.295594353921899
124093	5.9500873231238	0.913691347949708
84264	8.10367992179225	0.731460047456597
64428	9.56693456260996	0.487784500957955
10232	8.38048222132032	4.08345062297661
724032	1.45086156507703	1.55988675287267
113000	10.4481948162828	0.491986663730919
63922	10.0935495737735	0.318785841994229
51764	4.12048106098368	1.47325139387957
388199	2.70707979620423	1.36800041094715
64788	8.17803651504287	1.15950944726456
30812	4.32157859477229	3.2405924990234
146336	3.68335103670264	4.08291857914333
6755	4.25851122897711	4.33393623271038
390664	1.70233213931676	2.29673879643083
8912	4.24176232884797	4.88530152764469
25823	2.12846705755316	2.77244489302974
64499	1.1773946078649	1.60864127952794
7329	12.3599889493846	0.415516694734052
8938	6.36660455298363	1.4790955806719
115939	10.4056650936436	0.387738019367362
84572	10.0027302826345	0.548284561922765
64718	9.84154596691569	1.00094784458646
283951	8.9357451498351	0.539219361081925
105371045	1.29862979121796	2.31845545412824
645811	4.02071127889589	2.87840004001498
1186	11.3939927243265	0.671389518208367
9894	10.0893457743383	0.403055996321798
9742	9.75086974346217	1.77799859293033
79652	2.27151089901041	2.19629187298446
57585	10.4017591659375	0.591903220942221
90861	13.201718689548	0.547880783494762
23162	10.2280559214658	0.862368661963236
4832	9.86089734717231	0.874112366901761
65993	11.7415522523265	0.543133025336962
197342	6.96275714459532	0.925653304081502
90864	9.27432013070736	0.568674995201815
10101	11.0148335790011	0.414536684514948
3029	9.86041548371546	0.628968718826473
81889	10.2506396426486	0.668149817080737
254528	1.32041657032997	1.46556496604469
51734	9.89492661029814	1.04841535448742
4716	11.4071848215799	0.651601665687304
6187	16.1388095018917	0.492425245290679
574042	3.33968546136043	0.892066939654324
26784	3.28393947356955	1.10797083067285
735301	4.98289143341751	1.4167739717841
10607	10.7542922280314	0.287445207585879
124056	7.1486791502273	0.832069732117667
2671	10.2036716845698	0.270382870242055
9143	5.57711113485951	1.73444586899973
90850	10.9513128974613	0.630037194105329
283869	4.52043104333674	3.10360674377076
9351	10.5591297606355	1.12994829773687
4913	9.52506488464507	0.942784760567469
7249	10.9976942074435	0.530957612838771
5310	10.8168617866534	1.04312872109321
25837	7.20287431985728	1.95524471474902
100507303	8.88283775307191	1.04998706563863
84231	12.1331551195584	0.261046985016439
57524	4.94429824254874	2.15874445824719
64223	10.8479100593928	0.629268228307654
283870	5.85325167158801	0.763883033828725
283871	10.643652112825	0.527294964358345
1877	9.58603068316295	0.415072950832479
1775	5.60220533410189	0.621719562227081
1632	10.7336704630543	0.365847985240535
10921	12.3622464244347	0.436076679989573
100126328	2.5325931475465	0.926548612784801
21	9.45949561062875	3.15550807727273
650655	4.43955769043875	1.49731218784756
899	11.110121728356	0.717238338935908
80178	8.65444988307157	0.506090784230607
4917	2.83890370499611	1.61253101086503
57465	9.12086389157043	0.63378455181492
527	12.6598683594034	0.310791266840358
51005	8.44816366110863	0.76040631374845
752014	6.76834876027677	0.8445404875927
5170	10.7737150382598	0.611284463604919
652276	8.31849024699378	0.670202079915541
645644	7.66281725122915	0.996545020189007
100507321	7.28864451596407	0.301871953090075
54442	11.4985567400154	0.439382149297551
83886	5.27929939535815	1.73410059249031
100128788	3.28692961094842	0.860351084798352
23524	14.2369245264012	0.403984368204446
6923	13.2899821084579	0.643680222300786
260429	2.74729628823729	1.92888341737214
360226	1.93985083379565	2.81594958675888
10942	1.4670653595647	3.46254054740844
124220	5.19138864849837	3.10983074633121
124221	3.26836724808797	1.63588755187689
64063	9.9698674890592	3.62054378849475
114984	9.04451312021599	1.00024986027652
84256	10.2238322101221	0.690571246202814
79412	7.74105909437494	1.54608131553323
124222	10.1080986694809	0.504605964273133
9088	10.1852002641313	0.461719770044298
283875	3.12421605262805	2.19582525111736
101929613	2.15281375035147	2.2612889632654
9080	5.41593159580277	2.17584990640021
9074	2.6973183981407	1.04773542805206
51330	11.8708742423408	1.24974384634363
54985	10.1467152651022	0.8401981137971
79228	9.86882055889822	0.536649640155759
146439	6.93089549864111	3.64566080101226
100128770	4.68100809085854	1.99907461625808
64386	4.56937517370144	1.20975306327449
100507419	5.4101063185083	1.11235983863465
9235	6.45917000975563	1.91745215938772
81854	3.0676313589086	1.2246045378869
7755	8.57671790065394	0.49007098453271
100507458	6.26723187443446	0.783027019039518
7760	9.16811718664765	0.449844827472517
100189119	3.13449927269244	0.685573080706577
4992	1.33486893561243	1.69368482766236
7752	8.86762481315433	0.543965920188789
283876	3.27533688878771	1.54461489598961
10127	10.2335476324612	0.379125659401967
91151	6.97070502285475	1.27680708939024
7627	8.7104565400002	0.628428293414232
54925	8.54413724200135	0.395231108654951
7727	8.47927381256586	0.547784790003911
146434	6.34162116621689	3.01044146732428
79903	10.9098147867664	0.440941257362637
23059	8.73079403876404	0.802566805452376
197358	3.88714406096485	0.536423871154503
84464	9.57490075678663	0.704161032201579
1773	8.16603985073798	0.682234696497273
10131	12.2097446191357	0.807259951798629
1387	12.1963997726978	0.306323419783493
115	9.31119025166439	1.91492247754502
100507501	5.15714459909112	1.35118821068297
7023	9.09722340729048	0.630430633705326
84662	4.23254021451494	2.81055664337036
51025	3.13592188623623	1.11858209928634
114990	2.43309707121577	1.39664050190332
9093	5.93026332349297	2.05941569556527
57407	5.79695168799233	1.38766604237479
3163	5.74072195427255	1.49466669787951
29965	4.31020083966234	3.03367338226197
124402	9.74707898195367	0.992375673868899
23295	10.7746631909081	0.610759644133057
84309	9.41274732771876	0.66838055144724
124401	8.01304817978165	0.34371681988034
146562	4.08308199308179	0.784425595989017
26048	8.13587060627985	0.571760691840329
440335	9.27677187641188	3.18234141971396
79641	10.1257756810115	0.705757077290525
84656	12.3578527152183	0.395674862346365
29855	11.765681825171	0.563332172166534
5493	12.1094538711947	2.72379918410937
9717	4.08645762312253	1.9303075871926
51172	8.72947744137506	0.715721837983805
56052	9.62133622210249	0.5350236699055
196483	8.54729051992741	0.548642231738755
54715	2.06110959012707	3.68894731496419
79091	8.33620683886608	0.295088747308918
18	7.03374523363279	2.6919713160605
25880	8.71340323500965	0.380442244321082
5373	10.4963957756369	0.582706590853463
23589	11.0432512865063	0.541429867545613
7874	12.3130313701333	0.49903220849891
29035	11.5903829383361	0.44330151830938
2903	2.97368427635655	3.98568146259925
80063	7.63966552156266	0.999905030024596
2013	9.42682187999586	2.0915087480854
4682	8.88452931877682	0.58998913656948
780776	2.14511567119056	1.02191262824904
4261	4.12588081248285	1.92892532080454
28955	9.35240024409714	0.6688164448554
23274	10.4005832441138	0.387679751071792
8651	6.30500397433619	1.42094533477903
116028	9.64714624036922	0.668173887006679
400499	4.73143349842355	1.84172268446132
9516	12.3548912037426	0.729779888704834
8303	9.65440329344243	0.536942072554792
51061	10.7474463148345	0.483402159654765
29066	11.0143184989328	0.402551919537121
26156	12.9390139787076	0.461621409366577
2935	13.3649109766622	0.417500885096929
92017	9.34772286041125	0.999954465190602
55313	9.41981947950819	1.03250985701945
2072	9.30302918651456	0.646549816234342
57496	11.1651208179814	0.662543332405393
5073	6.66015175755912	2.19714096979481
51283	5.30131927921997	1.18759434973431
100652777	1.76431181898752	2.19167012802643
23420	7.29707098260363	2.13860949538407
100288162	4.02492629101157	1.85413567470157
9284	2.98831946541983	1.86459287760204
23042	7.7965165121641	1.68130684316781
123803	2.70574443653098	1.14198152366191
54700	4.51029392410581	2.0840946696706
353511	3.92499103305946	2.05707750387472
105369154	3.75416696315068	1.2306087166177
100288332	1.53775975118848	1.32929672590529
255027	3.7975348267311	2.20021650980987
89927	4.96143451807022	2.60392720576374
9665	4.76510383216494	1.42313661690338
123811	7.30985937904435	1.61428187443911
4363	9.53680554745382	1.16961105868658
408050	3.50303170578056	0.875040419022092
339044	5.31197693817251	1.38142588809785
64131	3.68741259427523	2.31527332360051
101059953	3.16339370084886	1.19125888467517
105376752	2.54122542171004	1.36293079242273
102723728	4.65346727836745	0.683758841778108
283820	11.1056422007073	0.774296920311321
653190	1.98768089372242	1.72652924830843
6210	14.1263531120228	0.245611637372381
23204	14.0941750647474	0.613189529746146
23049	12.7495447673093	0.316611855689759
79905	8.87028693478607	0.828204743481059
102723385	2.31964244402071	1.02963980843127
10229	9.40672848694663	0.380895037279738
162073	12.2956386754986	0.671428010786224
51760	7.8652393495207	1.70629938001759
728276	1.49290996467968	1.52263728279974
79838	8.32188811264611	2.85540791382473
51573	12.2557792750355	0.4181174739683
9738	10.4568477458231	0.609787950639988
57020	9.29793604673642	1.78358757623076
400506	10.4759576014323	0.491523295018393
124152	7.67132917406426	0.915569688696764
51704	8.59192943767376	1.3346930462462
116285	1.67099024043445	1.61899503111859
55623	10.6794704433861	0.571165570367482
6296	3.45272136153855	2.11088406824674
112479	9.25988485905141	0.349538953202234
81691	7.8725269798611	0.970716629798944
123879	9.18117727835588	0.548067041621587
57149	9.85331484084762	0.423290988899737
55567	4.93607903847746	1.31309323467744
57146	9.27919216738784	1.40687768894771
257629	1.8648261148834	3.2840667602218
1428	3.43118503341802	2.78740672333187
400508	4.55754470675417	0.690937982206957
100652781	1.90921641770124	1.62381077935355
23117	6.40112476312093	0.662703438546121
100271836	7.490328455096	0.469309305833577
387254	7.22808374632664	0.602476711288315
51108	11.9232719737583	0.241080908552724
730092	5.69576170005128	0.966335327829199
440345	5.55127047069374	0.554852911424684
7385	12.4804963187756	0.320178693652148
255762	6.67480497967683	0.438554439091725
730094	9.24222125823884	0.550147003100547
29904	10.0903879484675	0.306914182984299
55718	9.85691748526665	0.825132144292508
1039	10.2490869783346	0.640962481402437
100131998	7.30868147855076	0.329913229242749
641298	6.85241678249118	0.603164680667975
100132247	8.37367334687501	0.361269328642023
57478	9.62382823060048	0.858201918843713
6340	4.79315893738269	3.37051918737474
6338	5.18334708217336	3.42122559032643
91949	9.53762001805497	0.278900336187093
23062	11.2617225132322	0.66760560161044
124454	10.3750711642821	0.409878640961604
56061	11.9881648527534	0.591202078760227
4706	11.5716491266	0.394739786252425
79728	9.94894995910482	0.311051145546765
84516	11.8971001916283	0.456707679996095
5347	11.891675658738	0.401747505792818
10595	4.91520816859012	4.03990861806439
5930	11.7858316777835	0.323296081102774
27327	11.4220802728428	0.670683157915325
115584	2.93592152520045	1.23785163801804
55114	10.3639223721409	1.09099013914662
554206	4.50679110532492	0.829651711167615
102723510	3.47872825408703	1.14996905806976
51451	10.2148384162172	0.677180983157828
343	1.15681007612607	1.74260241958556
342357	8.51807551895511	0.837110489337659
9951	1.15508503512818	2.60780763562113
79831	6.4697797004608	0.457610123481046
197370	10.3099363134057	0.491613254618587
400512	1.48957279609182	1.3657118812797
3566	10.3496189416647	2.0360833197377
50615	1.89682629639567	1.61222317868194
2975	12.4623900066671	0.697624674122371
23247	9.65730663120349	0.425696174130824
23214	12.3060436495641	0.552130356316738
388228	8.05046103465068	1.71726611294727
728741	3.50602638903363	1.47243183837725
728689	6.58130356744774	0.708170967517206
1201	10.7499354709608	0.682735114638883
55911	4.82049720910168	1.63576231624971
26471	6.53583446945263	2.84403702367909
112869	8.64632400423175	0.356781277646528
6799	3.38702177755498	2.79331670817923
105371164	1.36864126467408	1.61239176385917
6817	6.51007301863724	2.40398532854812
8663	10.0600939818916	0.448969062878254
100507607	2.57684080350553	1.2888884710709
11273	13.0865634484212	0.405731762214828
7284	13.2269950503133	0.553959572242504
25970	10.3074212790892	0.531061858421931
487	5.29813546796434	1.24449790608818
100289092	5.1517384418164	0.940971620480643
79874	9.44087747446585	0.543993938906991
84901	11.2881103369189	0.408773953650255
83985	11.0982598721614	0.658935745407555
27040	5.01321194009991	0.969283454088755
653390	2.91862475937411	1.89116602747803
105371162	0.738107782444135	1.36877027589108
728888	5.92257511063424	0.627902609320121
552900	8.64551164513744	1.62186399831701
440354	7.31814614423966	0.450576762155666
81893	6.00183674633444	0.723586211542793
6693	1.99285445985294	2.01144119641884
23475	7.21978418596017	4.90592720154366
283897	2.68634131702076	4.29209279578605
653808	1.78922042178734	1.82433651266109
3835	11.6720872069189	0.418296653463987
4150	13.6600958808503	0.340671983279293
112476	5.26708658191564	1.5190782336487
79447	11.1501507178884	0.362403068865255
9961	11.8337397506888	1.13978894639386
10423	11.4201832285918	0.424557817083323
440356	3.44014801606483	1.58702657746868
26470	10.8054209038702	2.11261339712106
253982	9.72683161135133	2.45925365426899
253980	8.89376169638228	0.941421498803233
124446	10.7405183491847	0.552208254255761
9344	11.9265649261404	0.5179719850232
8479	10.5126262258109	0.506729648361124
283899	10.4754115741016	0.328722599873218
8448	5.39660291088806	2.17006042599658
83723	3.13643806155387	1.95082446942246
226	15.0807206699586	0.446049757781713
5531	13.0976286108867	0.447034727116289
6911	6.62582354786106	2.34150170065189
83719	8.32899112236276	2.1809025576455
79153	7.21055095566461	2.54874350499627
5595	10.8974301400226	1.15571626712719
11151	7.61630425958085	2.60448498165594
654483	4.56270760072424	0.970819770202594
100526830	5.52715978663042	1.15632778956598
613038	4.31643455083331	3.26616922541618
613037	4.19375417527904	0.64757247297476
595101	6.56296727948252	0.579238899386224
10421	11.8285420389832	0.431675702743389
26000	11.3355019295744	0.533266040738605
105371169	6.61433188225541	0.765268194785148
29895	2.70318076808213	1.92021990306526
1731	5.41217576242119	0.767835166548184
197407	8.98569271358903	0.632244871453009
51333	7.61543890568499	1.07747784620111
79077	11.4080165120661	0.445885100189154
22928	12.0017106101114	0.589059084768221
3683	1.99096557787834	1.94198402635597
79724	10.967654178	0.535432511144197
65988	9.13919270136742	0.612489787430939
92595	8.45617641861976	0.639707151754876
146542	7.80923945277258	0.536007953435814
146540	7.54563441431484	0.856886957203341
115509	9.18465935526554	0.585266578105507
78994	10.3692247941914	0.585517723239342
64319	12.2209359776681	0.500972334811707
730183	7.42888510569246	0.705124532716925
10847	12.7904189973186	0.361100948648425
100862671	9.5386967230145	1.41443216796001
5261	9.46426329409046	0.473832355713283
90835	3.67565295919513	0.573054506110097
9810	12.2825489354076	0.371621936653022
23361	10.5532826384572	0.768984968338172
9274	10.2849596761417	0.810558777023658
101928736	5.49505885825522	1.07247517371318
1489	4.91167120303646	3.37769608313827
283932	8.13125436137957	0.809587106187892
54620	11.7853740700853	0.579041830552394
9739	11.3222066801118	0.424844326110974
93129	9.15410109043083	1.33467634252171
80270	7.74682376094447	2.33463715568816
112755	3.82662198889117	2.4707437741915
6810	10.6775467029755	0.436725741326509
79759	9.10560747755116	0.454080477303968
9726	10.2405540630155	0.492616560466477
339105	6.28360150323788	0.82310410356092
79001	10.8806620608155	0.725946696929537
10295	10.8038901343952	0.453681261662519
84148	9.78586839055494	0.368062042385214
5652	8.37679076575009	4.26608258876939
146547	5.20301480880298	1.14909391895953
2521	14.208370961243	0.538377994124241
29108	5.48342616018965	4.09981399677225
100652740	2.41231194597511	1.73704563836467
3684	2.87075492822652	1.97719618768442
3687	1.66706954187694	2.40329836284682
3681	1.72935057635873	1.83002528147223
283933	1.67343385167958	1.2802572170938
79798	8.95646867951639	0.641999599444027
7041	6.72990244608014	2.85976170294847
6524	3.26471203238273	2.00327752108036
64755	10.7625721670824	0.568643816165515
440359	4.00466071547964	0.837732410387674
100132341	6.22670743580563	0.617622710649049
124411	8.48063387528309	0.597597059378564
10308	9.47062645970615	0.217277534563768
100289574	1.58029937173774	1.76058835948111
729264	0.48935151812609	1.34327679712478
606551	5.09132940433684	0.605344267330428
79801	11.2149581758359	0.689121860603095
55737	12.6807754118435	0.197962301347202
23594	10.3190259416231	0.686811157413665
91807	3.30239968275415	1.00804211331111
388272	8.81375365790852	0.723015679686913
84706	11.2090276671633	0.860367265020073
10294	12.1010381504023	0.294322936453578
81831	10.0930353899164	2.79013436100337
101927102	1.96617338971436	1.16719616453478
81533	10.9577240272942	0.637155276089819
5257	11.6120563065449	0.635647865576301
85320	3.02329755586195	0.81014030066115
83752	11.2777399261541	0.50828066527024
100507577	4.42328939070566	0.701750199972733
6477	8.92861136966793	0.578601079125225
9683	11.2265168198617	0.4679432462739
869	2.29076447977056	2.16607124490349
23090	1.44591881049958	1.24450060791653
255919	9.03215234591303	0.744107400693527
55027	9.73207051521747	0.776754814827232
64282	10.2181803026928	1.01321568019058
113	9.28377884307236	1.77302969482386
29117	11.6427132686234	0.594396748893757
85407	4.88081521996582	2.64850065742002
64127	2.95930565454778	2.19774324970082
1540	9.83295302091316	1.18088859156745
100422972	1.76887538067878	1.38263932290375
101927364	1.67747889177782	3.08825123194583
27324	3.69302635538098	4.56409026574939
643714	1.02552936601235	1.65358178486165
80205	10.8515253509678	0.59040880683879
102723373	4.02138049689052	3.29777904385287
5934	11.2165386710366	0.709920427761322
64400	9.83128294604926	0.869455386248581
23322	8.27580422980285	0.847764575809619
79068	10.0901063114353	0.792659911639006
100505692	2.35364747459985	1.23158167686437
79191	5.55148791655065	4.05578578476873
643911	8.11299106433063	0.653264063628825
10265	6.48763544801823	1.89743904140879
4313	4.66067745730201	3.1991733861828
54947	8.1394568329566	4.63502444115202
6530	1.33193839874788	1.75222110567053
1066	1.54772908561752	2.97846866325499
2775	6.36573588690963	2.86114007829116
267	11.8813676329333	0.649930307179732
11051	12.5338916560253	0.484717356699653
55239	10.5483951922981	0.672388589665083
583	9.88570046013995	0.648713813397493
4502	12.1041923021847	1.87520023110189
4500	5.03751705048979	4.62188425032908
4493	8.11751678350166	4.53053759300127
4499	1.97405514542635	1.98473300978656
4489	3.34945119053687	4.12894467629808
326343	1.82858449872476	1.34515505645703
4494	5.51170222946198	2.7153952005387
4495	2.01861782607071	2.6081097640025
4501	8.21407111183662	1.99493356588429
9688	11.3102133806198	0.435763730024658
6559	1.36421386227987	2.3976454933321
9709	11.5475939503117	1.16769818506436
1071	1.99148899114406	2.12125106663877
84166	8.81243332397912	2.41137960950899
221184	9.3581525928849	1.06010391362696
80011	11.639717131697	0.474418768423843
89970	10.6870986165967	0.477176351151392
23568	11.0107719661905	0.795267697767776
51090	6.55547148905164	1.81846095432711
6367	3.14836937500894	1.63007075796819
6376	3.18178389743242	3.63519205687428
57019	11.2340886925982	0.465763114116547
57017	10.9418122442751	0.597206212113464
5432	11.2403449036087	0.292280978480011
55715	8.83490613461924	2.14208968733792
92922	8.07447290093693	0.856884885707325
221188	4.60088844657832	2.76368255764931
9289	11.9088947040314	2.27881427928489
222487	1.31104266258426	1.48112665762527
10300	9.43885329846245	0.937624621125604
3801	10.6122258795081	0.877511494028273
388282	2.30817511571261	1.99417972924458
1258	2.40576748507485	1.38438040043183
57567	8.73811302957118	0.496103533122468
79650	11.1983686845333	0.278797784820525
4324	10.4198168393011	1.4067098311779
29105	10.21178150601	0.399321635816608
1459	10.3538412549955	0.305427270267094
29070	7.56311326705603	1.31471777410827
64785	9.3185740482968	0.631180065691793
65009	7.56587718078345	1.27496133637218
79918	8.88308234443546	0.862101132635293
23019	13.8821275878816	0.374992178135311
677827	1.92853172311164	1.15794188104951
55238	10.1625414715654	0.530072592982083
2806	12.5466718078792	0.660382841810767
1006	1.33033552670864	2.73945960227738
1009	4.22658756151545	2.98297229383165
1003	3.40508461098003	2.42051364926928
100505865	3.36844469880809	2.09029334636697
146227	2.12625144144538	1.73349895385511
7084	8.88311479448236	0.964105119023689
51192	7.64842980841236	0.533932685593335
113540	6.57997459770317	0.740131560917424
123920	7.15972775200271	2.70266014082298
146223	12.0897690170415	0.77980450899627
1783	12.7160138161776	0.35953056393874
8883	11.3657917773765	0.573288780772271
766	2.01127501513681	1.39437327164284
57546	10.0319984003132	0.714988384459705
6236	4.14954702514083	1.88153770519014
51647	11.5612491206186	0.763138053458636
8824	10.8534111213812	0.745261489325163
23491	4.06523456404887	2.98879449891905
283848	4.68597012274425	1.87078860926915
865	11.7011967838107	0.90943580746298
80262	9.50193693487114	0.589514888844291
84752	9.02235649891837	0.836532323276908
8717	9.53290140986888	0.708505372776386
55336	6.26092386898924	0.757004802523864
3299	7.09413982647424	0.875174495734172
8996	9.26854571225488	1.04954700978659
653319	8.48620030562644	0.733135454810171
283849	5.94235746556495	1.33892598508581
1874	11.5678039739264	0.546147114321498
79767	8.61645190456133	2.16422499867119
26231	4.38503906036012	1.431520596934
29100	10.1906694981365	0.746759696411298
29109	9.62609636617712	0.796342931715737
6553	5.79112516219229	1.82323693814115
25894	5.49940433234508	2.77996609818709
51673	4.18314392342606	1.58304428145996
29800	5.50558463318695	2.05967918782723
3291	5.52337741946733	1.46314818971752
9114	11.7069791894942	0.686299195935221
100505942	3.55722077955357	1.61367053458703
79567	11.4328681176236	0.569277788979754
10664	11.4211591401126	0.313979677497684
146206	6.02778731917572	2.59772280767544
65057	10.2243320643406	0.779352101487823
50855	8.57212459454833	0.722393602759432
84080	8.18683857328068	0.972808370397298
388284	4.0523943246506	1.70074268394307
81577	9.6143145654576	0.527876419252946
57610	10.1482158122848	0.530746232511167
55815	3.91706700044275	1.47953073611722
80152	9.90127708189866	0.43604522452537
57215	10.6143836228732	0.473485452583464
10204	12.1244262935138	0.39224763274357
23644	11.7679175751042	0.44992841777312
123904	3.16269058644277	0.828448712587487
5681	10.0055443150145	0.644149914469502
1506	5.7041113140237	0.844067407596518
5699	10.4054017383505	1.0943912631424
3931	5.81100135970291	0.86296986766771
6560	10.0900856814374	0.854626442987849
64174	1.26138981408733	1.3896831997295
55794	8.75114567267381	0.676366952861805
54920	9.44047209713251	0.705500691650173
4775	10.8940322331982	0.677262977248708
80004	10.2117360652177	2.87395100745795
23659	9.36009516428623	0.757084417789877
9057	11.3183881510386	0.465959160490464
84138	7.57320216617388	0.497283240670688
54496	9.89184073017397	0.54067199672743
55512	7.67904712584409	2.76234056063398
146198	9.22970417369356	0.724024958197095
1001	8.9924386350515	3.65618338052253
999	12.4281308627032	3.44913995254347
79613	8.88751392682566	0.860531255092172
3038	7.58265197805031	1.6076869555881
54921	11.8177442425449	0.180104630988218
84916	10.167394296798	0.665712299739189
6645	10.704073868525	0.785402357519656
27183	11.8125334358225	0.71611543536547
84342	9.43660437694408	0.434151369793996
64146	8.63534604909944	0.51089851524082
51388	11.018341004193	0.53757823350401
146456	4.54631221982611	2.36376046457687
7014	10.1968847352888	0.46341684042246
80777	13.3480100289413	0.583875777938362
10725	12.347393708451	0.439154490366742
1728	13.8668328469125	0.679765115857553
28987	11.3517667346778	0.500025431467267
11060	10.9902693763552	0.365975572218306
283970	8.06404439978212	0.933937209709722
55066	11.0036973197859	0.699436497384393
100506060	5.32394232072685	0.595954153426632
118460	10.199650044727	0.552331266404939
16	13.5134357142999	0.696555816584749
11269	9.55789644133692	0.922893404696649
100506083	5.42152603701213	0.472113549724041
55308	10.991450008889	0.47693711673615
6483	9.89720692727899	1.29736254204652
197258	8.445688032442	0.610037989075126
25839	11.3360232478075	0.500765709476892
23450	12.9583134130825	0.587348391674996
146433	2.0529266433362	2.2931064985435
92154	11.5967668960665	0.555518943163426
55697	10.8872151745355	0.391677267142981
100130894	3.21722207266033	1.60015522771954
54768	2.28580205021153	1.76347831449285
55783	10.4673549976164	0.522032685583198
794	7.7047420453904	3.64851930275955
7571	8.07768003780423	0.719349852079277
7567	5.71590832656059	0.843372021322665
10164	3.65579671561161	3.88174849307763
100132529	1.74326272683843	1.57333402555128
6898	1.32823576399443	1.84336346588924
91862	8.88641179980396	2.95621005188121
23035	9.90126886727076	1.14946554225134
164	12.3241261548994	0.38411223993412
342371	11.4855786212125	0.250106903316715
55565	7.66942647866359	0.519429299548864
9798	12.0529181863313	0.192616346206912
342372	1.50306302098072	1.22920952856237
1723	8.49114138272111	0.727467607682943
54957	9.1811823401257	0.372197109467189
9785	11.8911054972675	0.357014915676867
83449	3.80833020128469	1.83086571988893
101927957	5.1492604908014	0.776892402212999
463	10.7696867176639	0.719541842101269
5713	12.3699921375654	0.319633946182653
283922	6.91062635921695	0.590934335722625
440348	5.14438455446084	2.51220477451719
497190	3.0599179841917	1.08458570967674
2734	13.1971961375069	0.458352192182426
55159	11.563789099833	0.593447680435096
197259	9.2630507946132	0.683911962938997
79152	7.38808957548957	3.44483003739818
79726	10.3594078954634	0.536960352773618
84937	10.0681057173571	0.550022446148015
197257	5.17210691903104	2.0729549390594
162239	8.74661518003696	0.319777101157076
100506281	2.8756258975679	1.02789040914566
9564	11.5870908544008	0.34473709206159
10428	11.0333884500674	0.460486380249727
124491	10.7626096040928	0.479909912472428
4166	4.81844475790715	3.5742747350874
23563	1.67689598995228	1.29710896774067
79583	7.89586327058939	0.993894719690987
11345	11.0614050771839	0.372791421272465
23536	10.0275826665943	0.334058467504197
3735	12.9241174895064	0.422597341936804
54386	11.0219610026812	0.895179479755122
22879	11.0278893099733	0.375521107370383
100130958	4.70040949797951	2.36402582105468
170692	2.04221215213288	1.5775428223255
283927	5.17858893329956	2.06658151264665
51741	8.48864636445447	0.8659495433657
4094	3.46140869829115	3.17726393536337
83657	1.31260582211741	1.52417884723909
124359	5.97798603363782	2.84204098051939
100996425	2.58276522620746	1.32971929452316
56942	10.2350510216389	0.539677357416781
55839	11.2460555654529	0.375927410810014
23300	11.1516287687206	0.351003489975197
123775	7.07180953164406	0.381785445187683
2653	10.3305967532177	0.683815145967079
114780	5.3921994232101	2.34382188449563
53630	4.54446325002885	2.27415116305831
8139	9.03715320079714	0.804894666211197
100616150	4.56628225553181	0.82996649568027
80790	12.2483101347769	0.64791125665349
100129617	2.61661499033543	1.77931579118471
5336	8.97152884434759	1.39420950136626
93517	6.58169080733582	3.56672806477335
3294	2.39436973250314	2.65445534013103
10200	9.99912119222232	0.612926525409057
1012	1.57926654435165	1.45458553329204
102724163	0.94552421554056	1.58654719155687
3281	11.8757713440509	0.82582865975957
23417	8.21175506019702	0.729152327834892
105371371	2.18183735589809	1.51578201075957
29948	9.13998783547532	1.37199499206132
54550	2.63199792683005	2.31616960341798
8720	11.7004815099934	0.301789939769549
729887	5.74415178809262	1.15818598856856
83693	9.94656623978595	0.564207815230843
9013	9.92819177463135	0.646529612193312
161931	1.10724913885346	1.91437720101618
9914	7.73730424480088	2.69801172902981
57707	10.6496680114756	1.14617758754039
23406	13.2587393123399	2.07755982303085
79786	10.8796535708368	0.414929847256555
9100	12.0993733945093	0.38643387836099
83716	7.87164596692269	1.31118438203846
55625	11.8903049372952	0.510875863045032
9764	9.07683884050968	1.37814607352555
339145	0.703366111687669	1.97733134776313
23199	11.761911283425	1.02402324209574
197196	1.24439245502496	1.4230510555978
51659	10.1849854387732	0.889473011355966
404550	7.43652684711323	2.80154890103138
10328	10.5352326492961	0.49055938574203
1327	13.3684788665896	0.367164334016108
3394	1.9523832075372	1.98781283116207
2294	1.79438737786876	2.49161474156488
64779	9.29987744318881	0.480992944532964
146512	2.09173739941427	1.1576045746577
103752587	0.746752044648006	1.2513712822631
2303	2.2995314948859	3.13994706939153
2300	7.54051223703926	2.87493175484858
100506581	6.80114108162323	0.704066879226063
79791	9.9519848937953	0.452149370211381
81631	11.4973163780458	0.676388926986792
23174	10.8756314453077	0.507777997776149
101928737	3.02207590462884	0.908201420104794
57338	5.23465928780493	1.84978468741287
100129215	4.28209792258095	1.15149263867341
54758	9.81948784733104	0.469506758261478
105371397	7.21114579623335	0.643502841859945
102724467	3.54832050256133	1.14373433439066
8140	14.0937742308937	0.790615725089152
763	0.908130432829787	1.96789018325575
54971	9.1961749236873	0.690055735719528
84627	5.79174239633945	2.67200966316254
105376779	1.88233155186185	1.33044807036827
161882	7.18181841969376	1.07674655169624
124245	11.8965962971189	0.395481217613959
27189	1.99045056170302	3.4752187827478
1535	13.6427090303419	0.792727302727617
4597	11.4458227083762	0.54564657662707
197187	6.37213729646619	0.746570934186876
333929	5.10921429581102	1.06549531826246
115992	8.62853145761763	0.386450621543509
348180	9.13507838326206	0.466376552538367
9780	12.6169151011984	0.743953032836706
100289580	2.94713281932776	1.2281231217806
81620	10.8156177910746	0.637572072927043
353	11.7846063889222	0.42228495937774
2588	10.3616686552243	0.961547281765655
51693	10.4611188885631	0.351738726875003
390748	1.34184052542014	1.45775491214906
863	4.49354888303177	4.31389780541301
105371409	3.0421539241939	3.27995563842214
100129697	1.43720097684777	2.32508976384525
197322	9.22643678128128	0.892989051603383
1013	3.06479733801468	1.85174118035119
146429	2.61366377096432	2.52099119513857
197320	8.76319154477187	0.684183337569278
105376780	4.05489702953277	0.682087937564943
29123	12.8741175783178	0.299885729018076
105371414	8.75678870637182	0.7674093200442
100287036	4.19962562937554	1.66844358907812
6687	11.1904006113948	0.473709637429068
6137	15.1402122058131	0.526856513591892
27132	8.00777550407483	1.77785445179789
1800	3.08534165651831	2.07570953995456
5119	12.0498112156516	0.457193505574449
124045	8.06798577662991	0.296265149440549
8558	9.79348390587038	0.361834949208205
124044	8.47271521610688	0.703554149005158
105371417	1.92295824493273	1.28598912956693
9605	8.52611609136086	0.687760069352869
100128881	7.99208286168992	1.44169548608533
92822	8.34542296461236	0.590022406061945
2175	10.291072999674	0.749312029114292
84501	9.77217747989014	0.714302703366805
102724730	3.92807128227303	1.17256912626392
105371419	3.52590005773785	1.11680965576463
22980	11.5813112112834	0.3676062423995
4157	7.57281482791083	0.925449762369065
10381	11.2101522295244	1.51966718075561
54849	10.2478301913571	0.956874243340481
92806	8.7214531334213	0.684687881909111
172	8.72164063832948	0.480808936059205
79007	9.13854276718899	2.01209910386284
2622	8.63311419664563	0.668271093988097
750	2.58157389914234	1.00480930073105
100130015	2.74028594702311	1.12200317636773
100996541	1.98206389675715	1.65340815453245
9501	4.9888541542544	1.44259483995372
400566	5.92803845275866	1.649182925728
359845	4.90562550881069	4.47402815296505
55275	10.3492530398592	0.513923653632986
79850	9.6233399670656	0.674057646037307
50628	10.6439133547322	0.423056195041799
100131454	4.09387550272043	1.3616916702487
51031	11.2240963253528	0.391913687632268
55178	9.35542339623446	0.588333512808409
64359	10.1125923528047	1.93302235471183
101927727	1.83141099692185	2.37271263230793
29	4.05541143646711	1.59470665111547
105371478	4.86977303690422	3.3380117401422
7531	9.32530476764563	0.619125067382709
1398	9.33084384620399	0.326084358798389
4641	13.1966955575587	0.395861893827017
51763	9.27454150581649	0.523881880314574
100306951	7.74836426622072	0.514502514259945
5306	11.1488738985755	0.530785383996195
124935	2.64383940608234	1.69013424942894
727910	1.80677811247415	1.38004710156042
124997	5.50290694168647	2.78215366008891
5176	6.79602650818563	2.96308355492096
114826	9.22176820260927	0.49718768130745
6117	12.1670223398102	0.493386467440523
146760	2.72594542457891	2.8635265218243
1801	8.43643056952006	0.595967173917006
124641	7.87213493525288	0.478953541121906
406994	1.96544637499763	1.21639119641062
3090	4.92684934052019	1.59874995026773
23293	10.2466235478202	0.690621595753141
63826	7.81271964902201	0.811429465176277
55720	11.4038960735408	0.35214896634878
9905	10.2989102353703	0.465798557706332
4335	10.0051552041409	0.486482491254478
284009	2.88970167557155	0.841960989333153
79066	10.0591090362941	0.782698574286134
5048	12.6465707096835	0.358113784474559
23277	12.2634565994441	0.613090473302653
105371591	2.22983730143876	1.21261637754685
105371592	5.06415027911157	1.22317000813312
101928991	2.57778787835614	3.2605439462021
23108	10.0693592089034	1.25847898586274
101927911	2.129221925463	1.42319730849417
162514	4.89979134064765	1.95388834759617
7442	6.54248499641221	0.887961886488582
23729	9.19526798822433	0.616162376890421
1497	9.15478437774464	0.607953705226144
100533970	4.71922581997571	0.812885404745416
30851	2.9483340012084	0.567729681958031
83460	6.41652997033843	0.368425427492707
5026	6.20669901427699	2.56627273787878
3682	9.06150959552485	0.436966018683546
83903	9.06206951857246	0.343671380678312
55421	10.8360588361492	0.430188258388312
84254	6.62353163164921	1.26734252418562
489	7.73357241937625	3.06453426395908
23140	10.9035098345171	0.581218649775931
124936	8.8456021913806	0.54784561701353
51479	11.5913411622548	0.595794412221519
7326	11.4701534221411	0.597510193073464
201305	3.99106545712384	2.08360501618093
124976	9.15119905951503	1.98682790257175
10514	11.164214705287	0.598560382543579
124975	2.32287666250015	2.79701369956266
342527	1.80071465823439	1.8887780607805
246	3.50089988813321	1.99412476022456
27043	11.9956869142982	0.481662210073302
101559451	3.39166987285169	1.17896471037483
409	10.1149668848684	1.04284289620958
400569	8.1359354301116	0.338136520465188
58191	10.8699134091368	1.1181221217143
84225	4.6716566681237	1.35011988851189
9032	2.49509584973468	3.282724053269
284013	2.97468245833802	1.10738581789816
388323	5.65841807030865	1.58320792749959
5694	12.0778758570096	0.258636553682965
5338	9.57368258747046	0.676903064835129
50488	12.094796436707	0.550664432418853
100130311	4.15319617327263	1.7073985871497
2811	4.38959000852491	0.714453559567908
8402	10.7601995729088	0.343327048935254
26001	11.4520081246252	0.284507688503359
5216	14.8388373242444	0.318859153461979
2027	6.57762056693551	1.75485559993096
9552	10.2082322804524	0.37123617643581
23125	9.85067814879746	0.649240230886456
388324	6.03878339043459	1.32699479072428
10749	12.7125431877514	0.659543299564241
55065	2.3100659870547	2.51806157760814
124961	5.3549490200083	2.7150624788596
7775	7.76658725162681	0.570220297160025
101928000	6.0825497239588	0.81263620471144
9098	4.14040866306869	0.919592995452473
84622	7.50514205956065	0.802880298160488
100130950	1.94580928868486	1.2585663403129
9135	11.0452507122371	0.571059409679239
4927	10.6208642170663	0.401761731598398
84268	9.45288832709888	0.553633401739168
708	12.3083230817921	0.687492858540402
56919	10.8756245797643	0.61080179930768
51009	10.2347807120452	0.353857937694493
79003	9.75992354356034	0.373415429339978
728392	2.24709614153278	2.30551586582928
22861	4.13084158015339	2.82798755079205
23302	5.90866067144343	3.29990063268148
54478	9.79149180648261	0.54780940151571
83394	7.438166888359	2.54424688832505
9851	9.33771844803798	0.402839183385359
84817	10.7410127517142	0.452266899579027
51003	7.87035899934379	0.244095429305551
388327	6.78873256312416	0.508394580244622
100652883	1.6396279050399	1.73627534772775
284111	1.63297134585868	1.92645697829971
54739	6.29122941225252	3.54933095519662
162517	0.806034561501459	1.50037643526347
245	2.54973123712548	3.08193651475245
100506713	5.2271717662763	0.756370497459719
239	6.30686686385792	0.971468686269654
440400	5.19991095148824	0.749934288861909
201232	8.79995691951464	1.00966696245283
162515	3.37876587370376	1.19889845354383
432	2.95961711953333	1.48466868435981
1742	6.78581862831404	2.46305444957668
37	12.5464857232891	0.318312886000176
442898	3.13595538560023	0.850334018152046
1856	10.8860324511451	0.595513925025099
79142	10.9934482430328	0.490236407622462
11337	12.0505292880737	0.412840183148177
23399	11.9621497121872	0.326683442387428
23587	10.2409736138951	0.718919450113782
1366	11.4859523609141	2.84186447412376
6517	3.22939483561181	1.79928282462161
51087	2.93045141257025	3.76997136696309
1984	15.3056236986267	0.366046143625046
2874	11.1881576116959	0.472590927435078
84461	10.41184334597	0.604962361477496
9744	5.57063771182079	0.648175571223542
147040	8.79062897495417	1.13522512347947
8711	7.94255830138736	1.28880240748688
57048	3.93004806020719	1.02029654520887
254863	9.56714212730671	0.63212173323204
57555	9.52706066080162	1.4299462932802
284114	7.75732722340438	2.20807786441474
2256	5.81877855987832	2.50866432832757
1140	8.55140731496506	1.45771403766628
57659	11.4782267167475	0.72272206755252
5430	12.7946966209281	0.700250598959578
8742	4.72102258848872	2.97822409694195
8741	5.87086503300038	2.51070761224328
100533955	1.47658222054898	1.30182237273557
26168	7.12044040955041	2.60757299738192
652965	2.39797012455405	1.16769122806163
652966	2.95358548126232	1.49763610915812
26781	4.36205209553447	1.77215703184395
968	9.43039270364386	3.6434924456954
102724164	6.12948093938094	2.30609200049054
9526	10.0260517846854	3.40329420697146
6665	5.28450625519667	2.44191746823894
9513	9.9874313021962	3.43706922517754
6462	2.72752841421861	1.75200814883418
112483	8.21785371992349	3.36685751488372
482	2.40188184170013	1.71346090339281
7157	11.1462585282156	1.64413303174476
55135	9.14425826356246	0.511725537582738
1949	2.95762601160148	2.78699372717707
146754	5.19638352195666	2.89413834576099
23135	10.946683501609	0.525949669996017
92162	4.12647778527088	0.444278373266938
84316	10.8275988670959	0.475199887608037
124637	9.22332196729587	0.587584105965473
1107	12.8879434175071	0.767244360173098
284023	6.29310967640057	0.998365653346552
9196	3.54516308500868	1.38402091866967
58485	11.3840008455691	0.35171518472538
116840	10.4203532130817	0.611711833984456
3000	1.635054646022	1.71553372661944
242	3.86453261046227	2.04913886024302
59344	5.03288289865088	2.13760813464294
84667	4.95784891518697	1.77689448357592
5187	8.69137934528507	0.777207073720923
6844	10.2297333863063	0.589426723290701
84314	7.70528951089029	0.81003416061005
54785	8.62709710016083	0.56588026185714
9212	10.8179245042143	0.699123376961851
284029	3.6783505730817	1.38035071343249
80169	9.66853822007735	0.701026543359371
5198	10.2684495673507	0.847587381040096
399512	8.00636358071863	1.00968083940874
29098	4.87780677373851	0.541194769866805
100128288	3.13604210950643	1.64345981729163
124751	5.85260562175958	2.17804535502589
6154	13.9082571576182	0.292957800547002
643904	1.70732205337925	1.47112688210984
81565	10.3012007691791	0.456995373561318
4628	11.4553549428207	1.289202356187
162387	1.30539269756103	1.52224622913736
9423	6.86862961454217	3.43606193281498
9482	7.77203203388615	3.11637960864106
146845	2.87336510211156	0.674539423077829
124739	7.98855508576789	1.67319529206309
8522	2.3220733083513	1.81630352258329
4621	6.8154206105442	0.795902976008738
6341	10.2453465867315	0.574876876932308
56985	6.73682240721724	0.77639920182728
388335	4.01996947395081	2.13058584606632
101101775	1.16488918051123	1.96605696576847
7566	7.13685796181563	0.735103054794991
6416	9.44345191942034	1.32147276902042
284034	0.648843172947603	1.78092682184313
93649	1.80284514372076	2.85998906115926
9912	6.33973465508413	2.19351169962425
60528	11.3223092178807	0.559421125192137
9955	2.39223779226846	3.09843203966024
94158	2.10476514695126	1.38547358422784
100874058	6.92451436621776	0.599036122572874
1352	9.8846740425204	0.484210482084101
9953	5.17824145958212	2.81276242483099
84815	2.97209679895303	2.13561434189113
5376	5.79963464124353	1.74146546474766
201158	6.85475873900924	0.751858842429548
374286	4.29799771646555	2.02313210690072
10626	11.3906673099441	1.31510997838564
57335	9.17678703264897	0.795089680226508
4213	5.88135863838849	3.50123481268002
136	9.70559809910313	1.02772976051105
125150	8.32518690333548	0.516612972002451
54902	11.2093594343692	0.29956431845145
9611	12.5125411189134	0.553674140439363
9487	7.80989600287769	0.546749187824211
201161	9.57745035473685	1.06677696177969
7314	14.9702684281445	0.569749197893962
51393	3.84816445961772	2.84218062244049
125144	13.8574737453248	0.816172738101587
26800	3.60504142027744	0.982765300047045
388341	6.26032073668043	1.58880264942836
57336	5.49084724730677	3.46390754652645
57547	6.68852541431579	0.646011048684461
9720	2.34249584598381	3.09999115134695
162632	3.72348077266378	3.77896126803169
100129396	0.879169428921478	1.65208809059681
400578	2.58970672568551	3.02174854809511
96597	0.833861367654387	2.11245733119226
23495	0.62761585057594	1.55860047485051
23164	13.0720871520256	0.847576471493951
201164	7.74948906419073	2.14702014202871
201163	9.83056100950491	0.77441256290153
8533	11.6412547259346	0.89247978481758
56953	5.04365197008133	2.25383758545761
55090	9.07713572399588	0.79030593717087
51655	6.09517115748637	4.08724584747844
10400	9.76366050124466	1.82657088078948
10743	11.5975261167296	0.945834021415457
6720	13.250600689967	0.601531201025674
146691	10.8269008689009	1.05163213429628
100507131	3.59102355186513	1.01369297393109
83450	5.31315710848552	1.02006906650895
91647	9.30688141215567	0.759275690746263
79018	9.18378940139242	0.855560385905736
1819	10.0147610827822	0.685052012997387
51168	3.2835159398364	2.09112183581849
54890	11.7396093729506	1.00165207948916
3996	10.2606489322407	0.359680315594692
2314	13.3872863539056	0.716538860046793
125170	8.85693904911261	0.757843150996109
7156	10.485297806248	0.844209083799804
140775	11.3120736921986	0.867967213394622
6470	10.7842549981859	0.570042277612942
645027	1.32427152176145	1.50447888412319
400579	1.6023866807233	1.62079335409621
729252	1.43291863900727	1.73698715988607
654346	2.63907870547895	2.13719235343174
220594	2.26025598370531	3.09696931674038
80039	1.00578276239922	1.63336376038938
284047	3.52448261564281	3.63169764991238
729288	6.63807510341244	0.908035879688609
2310	7.84326206042616	1.49630383592169
147166	10.068433086281	1.12451399292143
10517	2.49352973560814	1.95190712015218
51030	11.06635156842	0.735994599727809
5636	9.90332585411979	0.700424182285154
125206	8.32718162714371	0.55023824252009
644815	9.56358487722653	0.561084318167573
102724624	2.74294993641693	1.96604372996894
780854	1.96749016716448	1.39759912636988
780851	4.6121789819554	1.31370051282195
22905	9.85749515466229	0.855587714888151
100874309	2.82087354170791	1.50772941291007
27077	8.46263949933244	0.509004056707239
5598	9.20095476839275	0.646959557417184
4239	3.35239338895404	0.994590696718709
7732	2.8742558335874	1.3270904793512
55244	5.04614599041847	2.93823487861428
224	11.86259975754	1.28024182166089
146802	3.62265245905119	1.75902478831847
218	5.9106295509015	5.0599519931532
9706	8.5952171122266	1.46975565489394
11216	10.4250851491141	0.390486363969919
92521	10.6460803719708	0.492616512368217
348254	3.10377791596992	0.632161736830014
284194	3.44615345565433	2.28362793204228
440416	1.99291320260954	1.11329928237486
339260	1.13263867924987	1.93617121153273
105369205	1.77470012444145	2.50374874572927
23326	13.3516520601692	0.633344799267873
25979	9.48983574751036	0.914356353452657
8834	10.131296649461	0.688893904223027
256302	7.22582133399074	1.13916521524935
5606	11.3111517196701	0.864139957561674
3768	3.93843518080179	2.86687043151343
339263	8.06618128869975	2.89867191761598
26118	11.0889127524519	0.38921368168045
8844	9.06933176112385	1.43650046109932
3965	6.99425232414342	3.77499801400741
201229	4.94933869665615	1.57374873055082
51701	9.92589501840638	0.38854321855437
27346	11.0831117150724	0.494391822390205
90410	8.52198333980644	0.391411226522373
7126	11.1119062127841	0.46669613653895
26073	12.6206139845908	0.45947497885438
147007	10.334223361788	0.352949052979719
7448	3.45709041116948	2.14156322974179
23098	7.22168215636269	1.60477508008716
113235	8.36465656604483	0.477912643707413
9094	8.78558023199638	0.586578385374237
94005	11.6037374393476	0.467598494060184
230	7.94775256357325	2.10521863515799
10615	11.9160534188521	0.278958404011756
100506436	2.85126677117288	1.09970583474524
124923	6.87309023159401	0.479817305857316
9703	12.5884257306696	0.637301340744028
6388	10.8187053604265	0.348615194961377
6830	13.0705125937133	0.222687237284806
147011	5.2321735055385	0.667056259387866
83871	6.40553813441822	4.30533772680099
6147	15.1337222599011	0.450341829260731
26808	2.37075943029197	0.965441686261213
26773	3.27673148772177	1.11060065310982
26809	3.02766231517974	0.678932272553858
116238	9.80696124995534	0.891833758367979
284086	7.85517196588942	0.485770185601503
9618	11.8762144575339	0.895685431847246
55731	10.9990462381241	0.517602322978064
26284	10.8819115082144	0.337732205502689
2319	12.0286824891544	0.642112845610102
147015	8.923126622052	1.05795093864809
57649	11.0757396826825	0.202601227711135
124925	3.82140115162382	3.63900761512477
51268	3.61538599115584	1.94167309507404
399687	11.8955296681157	0.679241321953636
9220	2.70583355944037	1.13904676699139
57532	13.0119819179321	0.188688436419691
105371931	7.92344552550463	0.391579975588719
57551	12.3320158434152	0.356466712851065
116236	9.7122585687132	0.693689484176631
90313	9.9555023748869	0.823483870207699
28964	11.3916982047272	0.380688755732549
124930	9.43208870596074	0.962712091267429
84940	5.61622892204264	1.44489014833777
85464	10.8012935309666	0.251150635931875
374786	4.1195026961112	1.07049258793582
84081	10.9258575411202	0.325137608694383
642	9.58032316430737	3.76329458791005
1362	12.9146605862778	0.788172114577427
9527	11.2539630055419	0.389594110465478
147172	9.47528287141028	0.496978761880327
440423	7.48274637969673	0.406858112500229
51379	9.89403642776671	0.514300688939688
79915	9.5154989416216	0.488402816353933
79736	8.64967899126553	0.273599389126944
55803	5.19614909971368	1.97123275582582
84282	8.80363709599263	0.787789987958025
4763	12.2222504854784	0.37772080554784
2124	2.16322247953932	1.58562221678303
84440	10.099643869063	1.28128150105135
55352	10.1042478756842	0.456968545381553
55813	10.9638412407884	0.43396044057875
23512	12.0150989945727	0.308589762936035
114659	7.51723674362735	0.421896874792881
105371730	3.31322788614624	1.1555778464636
55288	10.0790428737974	0.524592588028633
162494	3.28737981956133	3.10013401794117
64149	9.00423727206324	0.515044236141783
7756	12.5842294155669	0.319116357605033
5717	12.9652894364227	0.406638728908314
8851	7.57954700606585	0.866236467079269
4642	10.4702741370264	2.59073330367639
26022	3.88711948815955	2.58473950522587
40	2.9059624016395	3.19643623323526
6347	1.9106046372017	2.96995356515732
10693	4.75880622272692	1.18968984024189
91603	9.32461578073144	0.368540291611499
3980	10.4068041874086	0.594648545677442
117584	8.17274547139493	0.43575709782522
5892	8.36105977965389	0.437206273054046
54752	5.09864402547993	0.900608152473466
54475	9.40516835524263	0.766343318559621
105371932	4.78306234245421	1.29701122414816
162394	8.61089428639308	2.86741817896702
91607	5.18547074112994	3.60810459902634
105371933	1.33988556133098	1.39265123317704
55106	5.85684526042409	4.25600655095128
146857	5.78226010982124	3.93262787012375
100506736	1.23126842617726	1.70394700908396
5193	7.91646758883359	0.506720133507117
163	13.9295855852042	0.653492968397217
91608	3.95495719233145	2.91645940837455
246176	1.41650301482534	1.7696447471311
79148	2.06952512187763	2.4415607682825
146853	1.82672261361947	1.96005864108153
8148	2.94328346088457	1.87873086668278
79893	4.81905645814015	1.94309820954662
79154	3.00105756118101	1.43070557375344
79922	4.94122355813275	1.56036729342582
3975	1.68225411420484	2.16922706726239
31	7.7454539345624	1.17350776121268
6871	6.34015039856283	1.91420456152488
11276	5.46528285384831	1.14772618890321
11056	9.01650248211595	0.719229921513537
6928	2.32368534819376	2.4713767161616
101060376	5.21012991319259	1.95680279680197
101060389	1.83250483967136	1.67776421028716
102723859	3.0057799660217	1.35728735926054
729873	1.2899042029486	1.30308270922084
440434	4.19866952897092	0.844466492404085
84311	3.02666968959726	2.29607249016664
30837	7.75599248718105	1.00041490504963
57636	8.52242816274443	2.6468324256003
80725	2.65122918116375	2.0346604955034
100170841	3.09349209369566	0.910091550031497
4302	6.41318073099283	0.917620524035879
284106	3.87382057827294	0.772025382291239
7703	7.95024520635723	2.29244493254796
5691	7.31195888644341	1.75144148743034
8396	5.4430639131631	1.31661266799683
54883	5.50175681503327	1.47785267215346
9349	14.1412485924838	0.664565483703509
3927	13.770245620513	0.721505972011995
100505576	3.15611399422376	1.53278632689399
100131347	2.43613771305404	1.70800565190991
57125	3.35282497018578	2.56551531103059
782	7.4939062356904	0.726791901902728
6143	14.9783518512953	0.601261768473619
342667	0.957403518551173	1.822005610862
101929578	0.613243642144947	1.71751566505354
84961	9.24726696100285	0.804194266498587
5469	11.9180677780868	0.396061647945165
51755	12.3774085865695	0.285011624521884
84152	2.88542220229877	3.24392165858565
10948	10.6707721742551	0.543983641407088
8557	4.05849248829464	0.778943611273962
5409	2.61574101393278	2.60448181840787
93210	8.75984675029518	1.04480015436033
2064	11.2733267402877	2.29306155299124
84299	10.4794785588918	0.42612335594145
2886	8.82593541801	1.99958972053665
22806	4.45756783939028	2.54395042990468
55876	6.89604021586962	1.79504854819972
94103	11.0150072948224	0.712636764439825
284110	2.17359948677652	2.81287378416627
5709	13.2172177061397	0.420549840599729
1440	1.74041599658047	2.0170374029461
9862	11.0338421198109	0.329953182718128
7067	9.11123613799969	1.20499923433101
9572	9.17754663061376	0.742598891606037
339287	12.4094106711581	0.473845907479785
22794	11.604957509232	0.597285273984149
51195	8.23982781118676	2.14460668252195
147179	12.0776407244852	0.412801902712589
990	11.6778872440359	0.699655892140293
5914	9.60994759507753	0.654964027183331
125111	8.19650897332498	0.858476709194166
7153	14.0940749990402	0.815013624064648
3487	10.4747157614153	3.3172936176837
84951	8.15240911453418	3.40065280518333
6605	11.7362421614324	0.52685781095866
192666	0.687195469115742	1.5851293908434
3858	11.1438021620916	0.871116759662172
147184	8.98319059939931	0.781150071401482
125115	0.782758710023123	2.20329134848576
85285	1.27764208577637	2.07337897446331
3882	1.95020075576301	1.83326603287484
3886	2.15048907716334	1.48998845665664
3860	8.45046587939569	5.03179629262158
3866	9.45799102373337	1.90185652849256
3880	15.0009369835396	1.55173775213326
147093	1.44740910422047	1.60152972689987
3857	1.83738132624255	1.80644027722093
3861	3.13100924464887	2.53715640582128
3868	6.05138558609634	2.5132132081907
3872	6.78638795639853	4.47003122700936
284116	0.821577751130616	1.55472369305096
10209	13.9690331255801	0.620201462674409
2520	1.22578001011278	1.40939511572822
9001	5.8631207866768	1.98547696927071
3728	13.4107179137779	1.16002076324247
10609	10.4601874570529	1.22346509051743
60681	11.4206519137251	2.8278799807788
115024	11.1301527177082	0.630157405069779
55175	8.93291807756077	0.579908500086239
47	13.3887041226548	0.503899246099354
83538	4.24533917253103	0.580125417597129
1267	10.9416720060672	0.56857597351398
7266	11.3440714174559	0.521651620878278
28511	10.4361785063805	0.524013550406434
201181	5.65197245574018	1.37395675413705
79132	7.55162056802229	2.61065612194357
2648	11.0691962735831	0.339713452268353
5878	12.8188867717367	0.470718773145841
23415	3.27087724615987	2.5681510073114
84514	9.37585850526795	1.1402012311471
6777	10.6473583930594	0.724905604610847
6776	7.41256657676435	1.78447869977198
6774	12.6542501942251	0.856259364879297
284119	11.603178796468	2.80227031672404
535	11.0775085328074	0.731198963951124
4669	10.2152678618758	0.505881764404753
3292	10.183383483781	0.829119481955787
80347	11.8546503779928	0.53158871768604
6945	10.9410716728599	0.561941429047111
29893	8.10775750210333	0.681906354973784
162427	10.5377712263216	0.582497310282067
7283	11.8065660392058	0.409097046910242
27175	8.23169199809064	0.768173257162941
79990	10.2736375901475	0.687380563864093
2826	3.76505110591862	1.31518487540224
8506	6.59209788811093	1.76599071030683
2145	9.10153711325331	0.700244655818726
100190938	1.283637860483	1.70479074545039
10266	2.58329294834105	1.64784622564589
84313	10.8305924711199	0.593884296152999
65266	6.2655055295189	1.20197794276779
28958	10.2399233721367	0.450336590901009
124817	3.75077726138332	0.911515799273795
8678	10.5989543731982	0.515804867280074
10197	13.1274732247786	0.491602581506624
314	5.45278971244112	1.29822396887611
8639	3.82717533997858	1.47219540621092
100885848	3.32866680836172	1.9470242521614
146923	9.98263443017883	0.781893335547829
6155	14.4352122373867	0.634486696795048
3430	8.83646439285651	2.79007719702217
10493	12.1946442040583	0.735758047270555
8153	3.59351417344761	2.19789504005902
672	11.0242026472712	0.52676829768405
10230	7.56299627465796	0.318787189028665
101929767	5.65300285903346	0.688233829353147
4077	12.14572175039	0.595356210050715
113277	5.17477586745949	2.89850461197363
100130581	6.03046904478435	0.57929953685134
379	7.53035677010753	3.67250264951042
100313779	0.714255089322262	1.7684953782654
1659	11.4181614336875	0.525838013304284
2118	9.50900617282448	1.4464938920156
4222	1.88170056516668	1.84211050188073
1845	11.6247748443283	0.364027568120796
4356	6.66141691810844	1.08294835951662
4355	6.61559451334425	2.58978990860336
162417	6.27569918668299	1.41582839450005
84336	10.3010143659939	0.363903327534348
124801	10.5536931743356	0.33400876731248
92579	10.9974484925895	0.406096010000661
10014	9.48250513656027	0.760801792640215
105371789	1.52089226960949	1.98603846564508
78995	8.33817839422613	0.406213977986373
92591	5.12940797876914	1.19250153224585
339201	6.96973731771612	0.896872906611679
79089	10.5571661418874	0.326441465591743
56970	11.820072327513	0.532229622417933
7343	11.7550739854461	0.481689798948782
101926996	5.1952474277255	2.22594586097027
10900	6.09808135387706	2.95038140006729
51629	12.207297675292	0.707056517334206
2896	12.7948701263077	0.661806541253548
284069	6.01789585385015	1.91793600426291
3674	2.98096926188111	1.27163206620314
23131	11.658299699673	0.258139856846191
2535	9.42932268723797	1.10811441896775
284071	4.64972158658803	0.918417756397544
124808	9.83221236705285	0.399238444282204
80174	9.5667272482045	0.520872902274454
4185	5.52232702558727	2.23232846188461
10052	9.32435693747103	2.69675892166446
51751	2.70686923082641	0.94411966097443
9343	12.3673763920548	0.440704245790815
388389	7.22534032836246	0.625823863889375
2670	2.46432757826474	1.04582138229901
146909	10.7726324675978	0.759697925876607
10882	5.0717983878627	2.00187509872141
79877	9.24673539348976	0.821781004804585
4836	12.592741295278	0.357684946138574
113026	11.7456347796503	1.19957272115367
79777	7.95871131250614	0.621316478556696
10614	12.3539674076829	0.781472177589978
124790	7.86834883582315	0.498190082670677
752	7.66044668110417	1.63009416580295
100133991	5.66372063321653	0.632225847473093
124783	2.75598939409576	1.01866084042334
9020	10.0339943610616	0.76495615701009
201176	3.62299755846338	1.56668553227442
4137	1.69766344962353	1.64054794409047
284058	3.69108394187635	2.17151110911164
9884	2.26171509945737	2.08624096393721
100506084	2.80351320076025	1.87588109720857
51326	3.01898373804554	1.31301853861725
474170	2.94859396792868	1.7585674339874
4905	3.46947624294463	0.649476854685353
9570	10.7148679475229	0.322987093406925
388394	2.21172414374741	3.07334450668501
996	12.3347381586995	0.327840541025906
3690	4.56958720135015	2.04956113917751
124989	5.74700374086619	1.31481962387705
653479	7.27949849063135	0.567472706150825
9520	13.1361141230585	0.432991014266697
3837	14.5148361015756	0.277981593290958
9755	7.9248462794801	1.85477848581893
114881	7.78841373411858	1.54401018392312
124995	11.2227108796242	0.337972454866394
90506	4.90067258125814	1.53560609332865
90507	9.08405426685938	0.843122066919705
80320	7.38230013927253	2.14241240126336
102724532	6.24618230168091	0.765299104420555
6668	9.9718073506558	0.701647776821986
100506325	5.66378977688527	0.790336716644298
55163	10.4662388152746	0.318718428133942
79170	6.15298629452518	3.13569816442493
80279	10.7482255913318	0.313639228334709
51226	4.61357879105902	2.22559798798308
4779	13.5542672341668	0.552311971263486
10951	12.602263579416	0.489293767996345
29916	10.0505494416697	0.447229693582287
8631	4.95455955052425	3.19628862882702
101927166	0.975273213076688	1.37785576197126
3212	7.87518611529378	4.35158409265347
100874362	3.50942510063078	2.57526174819543
3213	8.94377454734955	3.61724186506857
3214	6.16315575591787	3.44830612624208
404266	6.55581671392529	3.14546024280773
3215	7.42909232611666	3.17412705113378
3216	8.98225054649221	3.11699416844558
3217	9.84006769211519	1.49581889655817
3218	7.16049680076722	3.72998498219963
3219	8.98512139467743	3.27960162465682
105371810	4.57071067779375	2.33688892813008
406972	1.71649365183461	1.78297461270402
360205	1.42939508080607	1.90518208227326
10481	4.83847161426436	4.27161344263675
284076	2.16230753113333	2.82503084954161
10241	11.4752650365282	0.861715750012589
516	11.4380127263797	0.497029281350906
65264	12.5448731987325	0.620493602036949
11267	11.3958216932822	0.531959411583162
2695	1.52277580364023	2.39865250736221
10642	5.42671752599947	4.53065096952549
162466	2.37029541777398	2.14004314985918
22834	10.2046381303287	0.502028302910849
102724596	2.18540991898232	1.18805662097351
5245	13.0535373970889	0.404254098682738
4804	4.6716587406646	2.56199557192935
11248	1.79362449224004	1.54744515477935
8405	11.1960318503962	0.431597404836604
10237	10.9174823917971	0.428471034232305
81558	8.23198048407368	0.907161785160829
11143	10.9667643763727	0.308758783441482
1748	4.74901369715584	2.03087575467674
1747	3.15857077852851	2.99728375245993
284080	5.07318555361693	1.80536297420732
3675	13.3933181196215	1.78482043272594
5164	8.87463541480597	0.716175107858536
201191	2.80126885682227	1.7848617461285
84687	11.9260042343271	0.648988881986004
1277	8.62525999811383	1.69166541870869
162461	5.23657484639143	2.04798858270429
64132	9.90162961309214	1.09445139193798
51264	10.3677812781571	0.598296254939414
146956	8.58688216804049	0.572789070145297
55379	13.4517302248285	0.517067281918714
80221	9.43154684026529	3.41628217358697
1101	3.95079476851753	1.82398610280705
55316	9.29959300655918	0.681770663816631
84073	3.18375678178222	1.74504638590463
55040	7.85590560186211	3.59122628144067
64847	10.1987743934904	0.5922774824998
8913	3.32510550668266	2.07445743177422
8714	10.339135138886	1.86174354243831
91369	11.2080081541793	0.388210158171643
51747	11.9458107383998	0.299976920983969
10140	11.8073201180721	1.21793034105449
400604	5.5309197404211	0.666533492211929
9043	12.7195420600903	0.430412856410416
654364	2.11850745080018	1.24514689339397
4830	11.08577709038	0.566591644109786
4831	6.72161098959653	0.475827945566732
54799	9.96115389066965	0.518259697308228
51096	11.4772815611213	0.391367120241778
10040	10.1903053810839	0.291536611066625
1353	10.6256759066762	0.578438838494119
252983	8.29464700536821	0.593020670696593
3131	2.19540256359631	1.4136902138993
23531	9.23647303439157	1.32946708485877
58488	9.45810764417229	1.22183700936878
9241	6.10207608156414	2.83259233647875
339210	7.61172247465549	0.490620600792075
8526	9.66466049275127	0.582029182819846
7706	12.3787964959592	0.586579466103547
8161	10.4736228504085	0.354333437607637
59342	9.68763804406168	0.710793319193568
8165	11.4664261493729	0.744213283525297
124540	11.4259691940574	1.14735912374975
51649	10.7882469178554	0.512852696437722
404093	10.8403394991728	0.67329457498494
7716	11.0593117882129	0.477779505059504
101929185	5.02876454929904	0.742160619229764
6426	13.2637384462902	0.185383773111537
140735	12.1239759564191	0.38685918625888
8288	1.84572708094149	1.27426441201495
54903	8.27819974980734	1.11279769320002
100506779	2.25783888628186	1.1437974337437
6827	10.1472506393281	0.334755358988449
54894	6.61831225204309	2.4820437181271
9110	10.576214866176	0.52623021981537
5414	2.23512844478529	1.81299234455609
56155	3.23675961108569	0.705001347164157
5889	9.50413500271189	0.498958658157642
22843	5.12954187220823	2.81387647943725
4591	10.9890445775403	0.386013050115176
348235	11.7173703657736	0.731656862002193
55771	12.2439176651001	0.760300148112936
55181	9.73351640594107	0.420098345158074
284161	6.56383499998619	0.897434750209461
388403	7.75768530987866	1.67179776536846
79665	10.0341565551591	1.08713399105319
1213	14.4183117913057	0.356441478997703
51651	10.1520695693513	0.317440289498304
81671	12.2421159683424	0.577963929161772
406991	3.52052321555579	0.708515025608781
51174	8.52001959774558	0.753587739851651
6198	11.032663674479	0.590377677558853
51136	9.04660821135668	0.575026967701453
101927755	3.84610101573724	1.51404523642764
105371935	1.5687187331826	1.65879766409674
100616210	2.86961358594542	0.580176878096023
63897	8.93759961025541	0.571912215765106
645638	3.48868040647681	1.45242528095836
653653	4.30791075088552	0.808697962483199
762	0.613973923798207	1.27266701213308
84669	11.3857060724649	0.383259048448118
10513	10.7991887962141	0.281683577562012
8493	9.34520758768082	0.360018614686416
54828	8.04897153367767	1.49726374718705
103689912	1.33275831521298	2.15946628911122
6909	4.14571463883769	4.08607756889965
388407	2.6371308355502	2.1893100149392
9496	1.65473696164323	1.63164718640877
342538	3.41050224327085	0.886302819601816
83990	9.4843296623417	0.828550460279637
57508	9.93216695244752	0.687811899357018
9969	11.9080437956898	0.331662048131723
339175	9.78405050700934	0.452971789388842
105371937	4.68778041610905	0.665509215327343
11011	10.9890478243207	0.209701046459936
9902	6.18151828062378	3.77858335529728
162333	2.23823099346239	2.06271018210932
26115	10.4172354970678	1.22608049159851
1534	12.002773438092	0.648642809939393
1636	6.29545220948856	2.91144622188837
81033	2.09924831758918	3.08998043158728
10238	12.8939360516142	0.378429759863542
51204	10.1194939468731	0.558745518089951
4215	9.66848105112215	0.699412734735792
80774	7.40050367611352	1.42413845316523
729683	2.02728735829515	1.70644155167106
92335	9.13609693501442	0.556833611535229
57003	12.6644098725394	0.469070723383749
11325	12.4022410471192	0.317663159404176
117246	11.3209149745055	0.495194630583752
5705	12.4782093003927	0.275606174869525
6603	11.7109989287649	0.446794542459199
146771	1.85763463387904	2.29224430545717
92340	4.5018072720588	2.18740742487354
3384	3.89637269304076	3.47404161376096
2081	8.0449613672746	0.948217507064973
692227	7.77130371196446	1.50264064895524
677842	4.75163242300667	2.11671403964184
55852	10.7273122477883	0.974748689488876
5175	3.72758305055695	1.61183058038154
284021	3.70596015025234	3.90937389952994
11232	8.15475320540311	0.320453424064234
1655	13.7037672877481	0.375920545249036
100616387	5.2302241613492	1.05542632144838
100616408	6.99076365232567	0.987284028060678
90799	9.0557970732269	0.523398094420011
64750	10.7562643530214	0.820312498836105
146880	8.18874924571008	0.956670312017097
440456	7.54133517296771	0.893027728854583
374819	6.01811956752381	1.71970301263132
201283	7.39492350442111	0.662973762518991
10672	11.3376805885089	0.424730193437533
100507002	5.73499322507414	0.892182677500452
8787	2.71936156977485	1.62994884862726
8313	5.76961559690155	3.2748184932557
201134	6.98222536398304	1.35292094006376
350	1.07691076313764	2.39710617839749
5578	10.773044062149	0.9763812369269
27092	7.0100480232199	3.73791549598863
786	1.03953676913105	1.50012132729392
9931	10.8534062316948	0.507386573087596
5718	11.7778158497872	0.345451914510433
26207	9.04307345453939	1.286369970278
25926	11.364633814812	0.421610017869164
2186	11.8110279259321	0.238815025935567
284018	8.32937862918009	0.655056985008597
3838	13.4290016018597	0.613474694106051
100499466	10.7983509061014	0.310034585882946
51321	11.0205540166297	0.488680353465586
22901	5.77514266827654	1.39965983219269
9120	4.7901360505514	1.8247736416554
5573	12.8754984761813	0.229405901845958
55062	8.56839417461506	0.560894112719075
693220	2.58336389136452	0.790452369916551
54757	3.15555603259268	1.19713836909857
10351	1.43778707036145	3.40401093451576
10350	1.51077325090823	1.63025627578527
23460	2.93509101343333	3.07645061271537
10349	5.28369504254291	3.18817860395231
23461	8.09729658142184	0.831262580875208
5608	6.37874579776085	3.08004831741924
400617	1.85713604373523	1.89726277747264
3759	4.15206392497417	2.86476297372179
102606463	2.75539236402385	2.18514660526608
400618	3.86905901128815	1.02578192454978
6662	11.4718509749926	1.30358874347477
100499467	9.20214984128301	1.49271632804402
400619	2.90906349749902	1.86142292236023
201266	10.4855805013111	0.749590199217434
6752	2.50447565929651	2.45426546127808
9382	9.57979369914766	0.325682649251118
84923	10.8109332213504	0.286756440460954
55028	9.72941982769346	0.470100007072629
23580	11.2320976047218	1.20841602709443
54549	2.99479057796271	2.18676112942146
6169	14.4878908421765	0.402252085947819
85001	5.6940704796526	0.627045713822717
94015	5.97926015448927	2.90085767519003
350383	0.682233592225173	1.38807224828083
55890	8.84738728970971	2.34434085237648
10871	1.66679579408793	1.51780380817786
326624	5.53176276588776	2.78386827792668
9368	12.1671599937812	0.981068022993677
26151	9.94363240924128	0.441462593580134
54868	9.94857645319821	0.539470344428269
2905	5.067371630292	1.44533570917934
2232	9.0640133280312	1.21792034668755
124590	3.06235616224039	2.59997828577163
92736	1.57516902482568	1.85737284798193
347741	1.6692481530866	2.46301835083231
283987	9.74910748966313	1.79387574489869
30850	10.4033026202683	1.0654819179333
3396	9.84731777703269	0.435679444068329
23510	10.5989102896602	0.524858734959609
10476	11.8754565025999	0.396884589424457
9121	9.46762907464768	3.29487971985964
79637	9.36751087616724	0.433133252731863
30833	9.75168711854685	0.487104576271316
51155	13.2662199866299	0.530838645227903
6613	13.2050238399676	0.328822700634836
79902	10.5972885498198	0.492434912656648
23163	10.7270119210125	0.392053676100155
51081	11.4480463271219	0.332258112431431
57409	9.33978063037692	0.543427980506181
100287042	6.26628875528655	0.810204745562187
60386	8.17027371475574	0.707995609972958
2885	12.7153472330127	0.401272908677816
9772	11.2277893061509	0.6416718389233
57513	10.3611688158527	0.463806191650727
283989	10.0826696731887	0.365276087518085
3993	11.3990894836893	1.06372697062194
80022	7.25158109024784	2.74021665480669
9400	9.67421092912994	0.534000064444622
643008	5.06953355334077	2.56920789213024
100130933	4.71770072778058	2.66068203638169
29115	11.0818770938689	0.435367330710096
3691	12.4510541693948	2.98651234987143
2584	8.84348040778766	1.01702103150325
3021	14.1253380553059	0.436064594114422
85451	9.96996903183823	0.446923002943713
201294	9.71402780303881	3.68150871912749
23558	12.330773211587	0.616159752595774
91107	10.1198285212806	0.778967805382782
201292	9.77423574200942	0.431961204542611
64978	11.1167300994143	0.453250823068556
85302	7.84771667288791	1.18491317677008
51	10.9936722782005	0.666815193710216
100529145	3.93182190051964	0.643406010629354
2125	11.2919032507663	2.01494928361013
6730	12.3466092806989	0.230886589194987
8811	5.57712859588065	1.07893999245059
353174	1.50935530709723	1.78188523109858
23265	11.8259724747838	0.549224752569614
2302	6.25755684290522	2.71392041980906
100507218	3.37297862516422	2.17439511823264
114804	7.49705238933298	2.0917968738338
283991	11.3137904213564	1.15180333404042
84074	5.36277531709321	1.29771298080159
5635	10.3953025911332	0.458683566412913
8877	8.22598853188668	1.89368721797925
63893	10.5787305989124	0.404841073312159
15	2.16458442763514	1.81745257139068
79651	9.44725490487042	1.12690058469566
114757	3.82487913308568	1.63036086651761
768206	2.73660671189032	1.04519079799778
100507246	11.6266272363877	0.445624780995395
10610	7.0263341442687	2.32503524491742
55808	3.93598656818441	4.43825246323234
105274304	4.29120672341648	0.820985933431729
439921	8.10035301079095	3.00290207846946
23210	10.3391263896095	0.517593980004036
124512	9.61899583960056	0.313705765922844
6427	12.7944487165087	0.262507864679731
79157	9.99858309844387	0.367620773677509
146664	7.00852996955317	2.49875100783636
654434	6.56076990104889	0.856609036591819
6397	12.4198488058975	0.706435359445267
10801	13.9020650037827	0.880322771284891
57690	8.81894708600895	0.729959819111908
100131096	7.1177443756309	1.75600679066245
11322	10.5543190891731	1.3496928302324
147138	6.07608387289445	2.23082452669626
100141515	1.57305739751893	1.89710271789193
9144	12.6590679225033	0.724467100621783
7083	11.7430715143087	0.983577543294361
125061	9.40465604649473	0.350025121009814
332	12.369977096767	0.523018870009083
9021	9.79508886587386	1.66439015365867
101928674	4.19646201817256	1.51257227109756
9489	9.34982625188278	0.424643391562024
8632	5.29118179173884	0.815686749022495
100996295	1.78847202313955	1.25644903764247
101928710	3.81309028924049	2.78842421515545
9267	10.4180779869054	0.427128470101504
57602	11.1396270193848	0.329073801538076
7077	13.0174407168086	1.9655285373896
100653515	3.11114276624722	1.78471006335317
3959	13.4109362437755	1.58316375936435
124583	12.4921165324726	0.563516469810443
100507410	1.58110979277266	2.49264099805425
114897	5.14990380012295	2.69104990694407
64772	8.9519147864621	0.637624934754854
84733	8.59793225815637	1.58801582651756
57332	8.80211008854923	0.722710068349423
8535	11.0449474630065	0.864859106304327
101928766	2.14561711894026	1.66525276017884
125058	10.827231258627	1.31125955292228
55036	5.54367085952996	1.72192636415882
2548	10.8373836748279	1.51305243742421
9775	11.9859342797288	0.433833643947298
79092	5.20593148418605	1.00015497699742
6448	8.94283810983214	1.3193373384952
284129	7.59904536795194	1.93938110840962
57674	13.114587292151	0.87066711942585
100294362	3.50405596632197	0.549713332013476
284131	8.6864453408273	0.655282901182034
4884	5.22113131539783	2.68671542355014
57521	11.0122477671949	0.418957748959029
105371921	2.14856063446327	2.00128350942771
79643	9.58685950196109	0.505354473791627
100129503	6.09629266375386	0.628490565374855
440465	9.75033349606901	1.57373666036658
10458	10.8160783823913	1.49757975336121
9625	5.99045330590207	1.65377029174885
22994	9.66178483729925	0.528962519086781
146705	9.10793795293769	0.204491217190249
284184	11.058839318583	0.405683307464913
124565	12.420046240876	0.349350673824987
284185	4.46319789269835	1.01980683894545
284186	5.30596824426077	1.3500622582691
100130370	3.10074663953483	1.08323830794768
57597	10.3347043613092	1.07915561924555
71	16.4393475912407	0.3348315878432
25794	7.48949704556968	1.08543691965008
80233	9.93832071645624	0.637818230619631
55666	12.6855852082508	0.401799016999707
83882	5.04112586784495	1.97613142832496
339229	9.6695281822125	0.427843604753803
339230	11.0263736473885	0.454221139532396
339231	9.7200868556935	0.60033119433277
9146	11.6781062142351	0.232097933177064
6182	11.8828504255836	0.367450162750215
1468	10.7234990042345	0.48407159012474
348262	10.3669750124885	0.94088820689627
116729	2.05814170599503	0.992754836388835
5034	15.0170258552017	0.3514573572073
396	13.5232078724404	0.518498595405672
10189	11.9741679874678	0.469564184531193
51529	11.7784013832288	0.466932953446619
256933	6.43016463353273	1.14117314809004
5833	10.8716642862782	0.629681959036425
51547	10.5555881711911	0.625221893730199
4097	11.6741128565308	0.565633676885351
92659	8.00418386259116	1.25734351823297
5831	11.9282645607232	0.686270041224751
255275	2.38152638656053	0.991689001966409
147111	4.22974365257414	1.65785043305941
79058	9.54050160808121	0.256651647303158
201254	11.2245122101152	0.532177545327494
201255	9.59995178957987	0.62536872367234
5881	8.20076133461021	0.972097340079637
51181	10.5604311055564	0.58692236756158
5986	9.4214480439081	0.502353996035918
2873	11.769366747693	0.410779504200808
64118	11.3461748717788	0.589241400058773
2194	14.5046905111966	0.655497248236768
284001	9.23138952789328	0.930375711294118
9123	13.0233185791404	1.51698571763201
1453	12.8218786653881	0.374712714617901
924	1.78895255229706	1.78615872928665
6398	7.89077641666565	2.33110204488813
400629	3.76302380486557	0.781562528491447
79701	10.0384690705039	0.565689958406086
284004	8.19437071274883	0.672042240712272
79415	10.3201133815626	0.672732552722383
26502	10.0102728277855	0.650054298013757
3607	11.9212549731005	0.396928005472627
56270	11.7697942416984	0.7449447798505
10966	7.04722777433642	1.2372955049737
79672	10.3717972717909	0.310177033581247
64122	8.09076536909329	2.42725926789545
6904	11.1310886476025	0.744276285845807
79755	2.18833747879737	2.308800966749
146712	6.73124921802899	0.983447815159058
284207	7.82420985584717	2.325220725287
388574	2.39384599879104	1.17201108493145
727758	5.51992240934811	1.33961547470039
102466878	3.56815630536691	1.44586961291388
9097	11.950798574322	0.575173469761548
9984	9.97928870770933	0.434695560650095
27098	2.58723607841847	1.35229031577306
494514	6.0289905136663	0.973841181073546
7298	9.89001038640636	0.556861044083283
55556	9.57277131055464	0.769420560657578
7525	11.9365269234884	0.523693649186336
116	2.05183037531652	3.56914594879232
64863	9.30081514186039	0.334523367273339
10403	10.8048912549683	0.48528830211665
645158	3.59325332720352	1.30303422115972
23347	11.7744379329733	0.490285279728201
84034	5.60945866956384	2.02822730171076
9663	10.3563358368186	0.871374860033243
727896	3.97177882781194	0.601304648455564
8736	5.77261671613193	1.28365962240445
10627	12.8559500839392	0.55791391510775
104968399	4.8800691240447	0.96458373561941
103910	13.680683720666	0.504449239980512
7050	11.719437538568	0.846116478557577
100505592	2.19174877676422	2.29312460336432
9229	4.57620623679814	2.17102986973749
649446	7.94196445979865	0.700570242347813
84777	7.42407847603709	1.12914172143643
147525	5.712291093994	0.789621483121668
339290	9.80813125718502	0.634906944409183
7541	8.95235519579897	0.299996137142294
645369	0.693770847719557	1.54351738317411
91133	3.06420869856906	3.38249649501335
79822	1.65868314495212	1.84937656874868
400643	0.896988306454776	1.56598704159833
284217	2.78620768626011	1.16438079539762
5797	6.05396043038345	3.38523330556693
201475	10.6168483892155	0.496140230621079
100287082	3.40562143603537	1.5783043378478
23255	10.206026748231	1.22596790042894
4729	11.7395103139373	0.38733484290768
101927275	4.66170839907236	0.557602515195123
23253	10.7722325681527	0.457564520215243
57045	11.0999358077274	1.03486764683834
10928	11.9909561765679	0.334622650960122
9989	11.7347143647826	0.39521252618713
101927323	3.63968995367787	1.11970891142622
11031	11.0193364938569	1.78764004423823
84203	2.3599437705105	1.51020881564789
9218	12.9283456183785	0.389195482657654
147495	3.42948419426774	3.49163518362758
8774	10.0391239561744	0.598541590811621
101927376	1.3445738332471	2.31479788914581
63895	3.21224656319181	2.78721392370185
2774	6.77587092110514	1.99522863912538
57132	11.3515320357636	0.656343949508502
65258	8.41769698965754	0.474058963552622
3613	10.0397141321844	0.577077349103971
497259	0.931309789792642	1.50409925413606
84617	10.3282287974105	2.67250184059528
10939	11.4835115252072	0.517554290504704
10650	6.19273115031477	1.1364956133239
105376855	1.53697584907773	1.72991966213497
56907	10.9553999094368	0.757902113213648
56984	10.7865491836729	0.433905902648274
79959	9.04162934978461	0.291219690035115
5771	10.1810062868934	0.436017115704974
81929	11.2769888846929	0.342866079430934
55125	10.53199431501	0.380011074616269
753	3.86951503708656	2.50893017090194
125228	10.0240237132883	0.590799493940013
8731	10.8906627207655	0.540131935421138
162655	6.84385635561989	0.71892661120318
440482	4.05227943894666	2.54894080232484
284233	1.74960447208183	1.9049989334539
101927642	0.849860462746133	1.38694866163466
6093	11.8247996715011	0.404753093838085
80000	8.53123130550276	2.20748398165226
114799	10.0014640573016	0.51590212030872
6632	11.5155672102534	0.4295956407899
171586	10.1215209307798	0.373307655905069
57534	11.297922122756	0.639949497758232
100128893	2.5095368321236	2.19057673200133
2627	7.62686233492501	3.76402798229709
101927571	3.0706597921904	1.63842997795206
5932	11.5067251331723	0.720106283850253
105372022	4.17467208936388	2.51289657141587
91768	8.58840278901273	2.88849095514782
85019	8.1510354838409	0.877379330339587
8780	11.4816661077277	0.449219905847462
29919	9.30009811870761	0.752165000874306
4864	11.2312178878178	0.647308550020549
147463	4.11518728920047	2.1932828371964
3909	10.7627909870072	2.60243476789267
125488	8.64286346657169	0.918445511796006
102724246	1.55813411414215	1.73597533419951
26256	7.41753139766645	2.29701052728104
114876	10.1382129314141	0.888575466799459
55364	10.1080635904043	0.606054259658576
6760	11.0245517629432	0.667414402799036
6875	7.42215903633808	2.11016181326086
284252	9.90017145070223	0.824852916663914
361	0.930941885894319	1.52356007220406
83539	1.97074949988119	3.19461107809529
1000	4.9230459636296	3.39567131397938
1825	3.76497201326529	3.11126340386788
1824	9.06003400532107	3.37350751735588
1823	1.18911580757218	1.52266056268535
1830	4.39654784915568	4.98014282244897
1829	12.5169037850018	1.85339819231618
100652770	2.35737543399988	1.69216070121473
9331	8.52730706595022	1.20772002674623
22878	10.6726025312285	0.351258142069766
54941	5.78603763892499	2.49509795561087
51444	10.3015318045371	0.581841490072189
64762	8.65551642750579	0.979322718720359
57565	2.02089016871734	3.35231249750148
374864	1.10371210657601	1.78438243846016
80816	2.29626135949637	3.19922875655037
8715	2.23682560677265	3.19980637763353
1837	3.17241424529225	3.37929482941857
10982	9.57813830621295	1.42851525191981
84307	8.05745903154925	0.635974390071762
100101467	7.94876197821622	1.03064375327507
10778	9.64107639303661	0.533115523200276
7572	11.4056092353757	0.449540986902334
252884	4.52927580061325	1.24740092971781
125476	9.41924789483583	0.75259244214494
2589	12.3307414348008	0.861123626599817
100500864	0.871404663681005	1.40273464499158
83608	8.70696740244375	0.314966582613489
55197	10.9983610152468	0.518878472439357
25800	11.8347453672153	0.41811799716013
55250	10.1283952976882	0.625750000076851
55034	8.40638561433019	2.25158967097386
80206	7.33189647611516	2.28935600591268
25941	11.3280046755224	0.536436421628591
57536	6.9062163368101	0.618351383724677
56853	2.593346466467	2.95320933098956
647946	5.908270429825	2.25796563065937
641516	1.01011411506941	2.44031896476966
5289	9.40793918624399	0.596670923938609
284260	1.25775443720158	2.74310435839732
6860	2.75844677726867	3.82660775081991
26040	4.84010755150812	3.52603097158132
6563	3.46296137275235	3.33298194280144
57724	10.2819625815633	0.886567175534324
284266	3.40861659238015	2.23963183300341
9050	4.52258693721954	2.75793724587019
498	13.6045689890529	0.625389926815782
115106	9.70730640245498	0.531317075981841
147339	10.2976686234726	0.676958276446574
494470	1.38148242160403	1.99924791793768
29906	1.13957726989095	1.4084831534579
9063	8.91036070530125	0.839288030971033
83473	5.85161018785847	1.33088733921682
84064	9.48883845861974	0.379228253830794
51124	10.5494429061648	0.391677065290735
4087	10.5665481173912	0.44417871922383
201501	4.45748839668092	4.16659591618097
9811	9.15280297974269	0.689833652024802
4092	7.92890904576623	1.39365898087911
105372109	0.887523342422348	1.26837989071783
54808	10.184359494656	0.45977958908375
497661	5.85975976342026	0.748165324699716
6139	9.64455806921516	0.690828617576263
100124516	3.60420124487202	1.12161825247676
26791	2.7821443342258	1.09080096847055
9388	9.1760348498531	1.46876443198038
10449	10.2378421877165	2.39651591862682
677769	4.78354235295408	1.11669559072514
103091864	3.51402723258127	2.32203966825413
4645	9.28625041504868	2.96781723998087
220136	4.52444582228883	0.97892685160073
4152	10.7368286146046	0.364552687423457
30827	10.1770405542088	0.377798921810845
5596	2.45273737563637	3.48324732379246
83876	1.61992176324026	2.02129564473854
4200	9.71002821219993	3.4991791660586
55520	6.22715266503157	2.49674834498685
4089	8.39973670815537	4.0184147789338
51320	9.45852984296317	3.14048372714635
1630	1.55806532352489	1.72272797299469
8932	10.8653455729109	1.19698832141628
11201	7.93462777775366	0.618722132772137
162681	8.66559716304819	0.505612503890277
5874	10.1973302142183	1.9612407294655
80323	8.23112221721512	1.77990711202165
6925	5.0970945828521	2.40941451267908
9352	11.2690238311829	0.316223795818075
23335	9.18298488920269	0.529118198038879
9480	7.81250889142868	2.66191992699517
2235	9.98959831662352	0.807886340845706
4677	12.7707815855893	0.511328341568032
100505549	5.04400732886033	0.942967475300089
5205	10.7893986808082	2.20726145067519
23327	10.9374043087253	1.03970972594205
10892	9.19046155014743	0.30674301734982
55205	9.64275428151155	1.23573213030183
90701	10.7650258567862	1.48097791249843
3998	13.1132538735498	0.590046323969199
147372	2.51231095584084	3.29567279611783
5366	10.0608566090954	1.72214272936578
4160	0.909932085151323	2.03363688618802
220441	4.86807867058896	2.77167614808628
23556	9.95068704681067	0.489231964311304
57614	10.48711202915	0.544059731920847
8792	7.66400002112866	1.74159923440957
54877	9.85458387615121	0.511328124311525
23239	9.57376228166406	1.31050058799373
596	6.75774228373175	2.1071363218607
2531	10.6166979962116	0.50218929825541
9525	11.5485276524526	0.40081792014478
5268	8.20650310816961	5.10405775351386
5275	0.799511244404546	1.83360331018777
6318	1.50042189030836	2.02947523819841
6317	2.46046513334284	2.99755909533904
8710	3.76029231091258	3.14672490905679
5055	3.79907030052891	3.52526643081375
284293	3.22127028882157	1.95264337526879
5271	8.03904170778775	1.37028048832494
1005	1.45868156290941	3.28337723388427
54495	10.8236045597132	0.423859642918112
79839	3.58038580553025	1.49532470954357
10666	3.05366511807804	0.823992207650122
25914	9.86559738685926	0.97962608526539
9306	10.8687265341848	0.92823342700615
101927481	4.44163719407219	1.79739731571237
101060542	4.03895029803457	1.95154926976003
147381	2.32294682637153	2.78471931303071
81832	0.994221273055325	1.74351664846907
400655	0.91657751798602	2.3235108780032
100505817	2.77674274467641	2.45290535897616
201456	3.53360445752757	2.01493744812085
29090	9.98889352492996	0.611949159374552
1528	9.88444466751378	0.88537793569173
55748	11.978073910008	0.659025059938757
400657	7.62904751381299	0.495802620367659
55628	9.0766070959611	0.555146651037521
284273	10.5692654837892	0.559491494517378
10194	9.08770941072469	0.972332422681395
9658	9.15663863087647	1.16043577392355
101927989	5.26980136622769	0.951058744086289
400658	3.7212208578483	1.2198635247537
284276	1.06978030639242	1.831285535424
400660	0.943178779350689	2.15303042596612
100131655	5.63807404995026	1.30524510480615
7776	9.25400019828391	0.614137073582206
4155	11.5274531090485	0.533463590896406
374868	8.93544353546076	0.851423826955037
4772	7.48343122805058	1.65457687239907
9150	8.727771177426	0.532286583512598
26251	4.5527792122798	1.00495742165011
80148	9.88231258167592	0.811145078746994
440498	8.78117842410911	1.07779166332532
10907	11.7247965111491	0.633823095286508
79863	9.32859470730115	0.739481321028583
100506070	1.36486633985978	1.31621215842809
22850	10.7926395741747	0.54121290083187
100130522	4.34664964463162	1.76840378067018
84552	6.55620635727605	1.36147664795164
375690	2.76591787555137	1.57448824242638
399844	3.31051776888215	1.75039795923036
101928344	1.44706550793951	1.42435828764884
8612	11.1541496893255	1.17601995024848
101929060	2.96274483837231	0.988582132291316
54531	10.170704191781	0.361113781992292
126567	5.68293038206137	2.58640488611849
25759	4.55575247172339	2.94904052260601
284451	2.07663048354004	2.03985959093473
8174	2.65222255291041	1.88721321795634
91978	8.77010995250611	0.73379344530684
997	11.2340411031689	0.718105840981201
3004	2.37418637674575	1.33432411097218
682	14.2284034032653	0.540338678837237
610	7.05552612729174	2.72768647090897
5442	10.9646496190988	0.522716430804243
55658	11.0478727879286	0.571727964522831
10272	9.74182356923839	1.13635717275857
5064	6.21692251225455	3.76177245324069
126353	11.0824451374427	1.79721556589383
5725	14.066265375457	0.21249534813002
79948	4.40171430223895	3.88521159447985
1675	1.92884273216605	1.73809030680487
10025	10.4483845037316	0.464128430077255
91300	10.985743538254	0.386760409198586
84634	3.49366389283984	3.70154404306965
1820	9.57732211891803	2.15547940506373
57418	10.5460862223173	0.482703688402459
116444	4.54634276637311	1.89154939682552
91304	11.9866445883995	0.332048135730385
1265	12.8889921303648	0.54962307416847
10347	10.0821946873993	0.778922841902207
23526	9.2002931028997	0.617054562593716
5434	12.3940200921067	0.225555909901954
2879	12.9792808138912	0.257290789321481
22904	8.92709372949165	0.72377978868827
6794	11.6991082315156	0.300826783112025
255057	6.87004687306922	1.16051794033097
513	11.4003596323695	0.429865090184296
90007	11.9511849609486	0.679949784823364
148046	5.90049956276313	1.08821311021258
1153	11.9064875710372	0.662761823845369
55009	10.5631357600295	0.699917606519714
1943	5.78950049089745	1.99021854252737
84939	10.0480551327552	0.48664457867923
374291	10.5543250664349	0.677496054816676
2593	8.25713383795116	1.2515546316205
26528	13.0550490927868	0.27954109694854
6209	14.3529580435824	0.450775780780778
10297	8.8521699768404	1.71483367052544
148223	9.2349822276565	0.457917022185159
54760	5.14680986980429	1.2877223346977
92840	8.25985302501392	1.27513579427792
339366	7.17598015606694	2.16239092297092
399664	10.4348248916431	0.641038307628043
53615	11.9944828526445	0.352645082923148
10975	12.2325045043891	0.427332417114875
6929	11.898332235313	0.572501698654574
390874	2.65952322087951	3.53009757380746
148229	6.90833660890821	2.27265748707122
57455	11.2428448789644	0.419791446118816
100288123	4.33714139471017	0.599994058898518
83855	11.1357630237914	0.50307965704878
81926	11.3641964153931	0.333084387827615
113179	7.15681621738831	1.01867635814749
113178	11.3332668939293	0.470093536485963
1455	11.3727774106626	0.249747951205216
55643	11.2289674081465	0.774947600478611
2872	12.8703159207252	0.672995638567139
126308	9.52997579792579	0.735641531592406
113177	4.45296243433546	0.982231990681237
8943	13.2837873775597	0.567678825129551
84444	11.37238541761	0.557995744592409
55111	10.7980866920388	0.58250054850206
8175	11.4449298661574	0.409933600102167
268	6.54932778102095	2.03008671505293
126306	2.75145549631315	3.95468726509216
4946	14.1258171392509	0.536290806986704
51690	11.0546096434386	0.688240009970399
56928	9.98287859407997	0.815930689710893
360200	4.39823998458227	0.796031200116502
26517	11.4686304133573	0.553359214079328
84823	13.4817569565378	0.435043659295008
101928602	3.09069511841732	1.79852218473229
4616	10.0795123723115	0.638024405837191
2788	3.36162036251618	2.96267556320796
148252	4.73706006019327	3.97835045784555
29985	10.4366327116576	0.437597531255283
6449	11.3215061774385	0.632165571996665
7064	11.4145504143577	0.511376480909803
115196	7.02038963792209	0.770558063668153
148254	6.80184544493709	0.727890455737166
126295	6.90128467371823	1.17019810380647
58492	6.94713633000059	0.52016938156789
79816	5.59167460479567	1.4989574111976
7089	7.41567538116165	3.39133854833552
166	13.8077969949128	0.629946010182724
2767	11.8305329451193	0.390215353224236
2769	6.18289024827183	4.11705176129658
56926	12.2174228666378	0.371054329006625
60680	3.33565719039186	1.96966997497902
4782	11.9043645295754	0.863740660844303
284422	3.41443838065001	1.51425831642278
83475	9.85499663388022	0.446633425286301
51343	10.8567078848584	0.406772971584436
126321	11.0696459066654	0.771862182397067
100128569	8.21028120708026	0.789442378443161
10362	11.0213590325045	0.481703747802094
126326	1.68273826557869	2.22554378308238
6915	3.84259828953619	2.71654616974773
404665	2.70065024467374	1.43844330129262
58509	9.62378843413372	0.247720816205621
23396	10.8238680503699	0.595990803959746
27134	10.0915566160261	1.91110289502635
9546	8.75608265372288	0.480692242582054
116541	9.6200336650783	0.751044578331593
4145	2.31147393519947	2.96729031374999
1613	10.8045022472223	0.777461403847047
693222	2.23593335307144	1.29574694100925
1938	16.2013550484432	0.594237019377351
26812	1.92016384945045	1.11811172681354
51588	10.9812746651201	0.420493403332448
51341	12.2214360673158	0.246500738624292
5605	12.5381064536701	0.511651566464404
84699	3.3886462266319	2.59255650032594
51548	9.58882102437116	0.577179987212849
170961	5.4460689663573	1.36036661013825
10148	3.66377048314736	2.6553919875815
55702	9.02873066405504	0.449438891883497
56961	2.32903550083209	1.65931706460387
126259	1.280568061183	1.71650307788294
79187	4.53166367511501	3.75290278732656
55620	9.69249460193494	1.32275118854347
84954	9.12325942050248	0.589202206506121
6455	12.1125208068042	0.60604053029564
10036	11.1968403868602	0.379129262717147
80700	11.2338688095794	0.342382077095665
84717	11.3163455220421	0.333435194322471
729359	6.07729406927239	1.93405818180977
440503	2.82061577137985	1.33160144660274
116844	5.03987714250887	2.76439077289642
10501	6.55409971317772	3.61898659618915
126282	9.34337165090494	0.968747819639377
56005	13.0131830108024	0.88169114964315
91039	12.3247400060874	0.411826572040143
100131094	4.56154689072351	0.56815811586191
100189416	1.14340361564482	1.49682118629206
284424	1.1599879438951	2.26967238423124
55527	10.8034484215357	0.523925185971476
148022	9.85371852857801	0.682465140218407
10226	11.9766836311231	0.857969692096532
29128	11.5468840297369	0.753723088988201
23030	10.4873922231855	0.695428305908789
5802	8.92557883445933	3.45273488042324
257000	7.01431087459742	3.32096649160701
9667	11.8465131512898	0.492214582893575
6294	12.393539917328	0.327508755297765
125988	10.5125558918721	0.528317258779553
374875	5.85206768175861	1.33101225406462
25873	13.7566521255813	0.705497747992181
9361	12.0001580352775	0.755799288034028
163154	5.03253460460662	0.84427803244741
56931	9.5316932693094	0.537538072771724
4902	4.44189686072284	1.09563559518465
2528	3.1968105105879	1.40317454626698
2525	7.43364738581592	2.91007443228445
126328	11.6306938694311	0.432987886627351
400673	6.0755192043605	0.581116249009225
828	7.61067577231918	2.16215991960367
8498	11.031631452073	0.341642522038447
100128568	3.84537896603577	1.07351245986124
5990	7.62825699721625	0.728965044908915
81616	3.03452428364213	0.88745178156905
4298	11.9881765224076	0.252427806033759
8192	10.8140698495279	0.505077358715821
84266	9.92122149169231	0.391732791183127
5623	3.37115160307791	1.32105712683191
2962	12.0119500870166	0.273680882983344
8570	13.7624059613646	0.323194593477811
284427	3.10276240816692	1.48605802544216
79085	10.8102543716107	1.20769879996644
92359	8.66495671922882	2.92713061244457
79958	9.06025094291082	2.56632189053266
10382	3.69474375817246	3.65528411617616
8744	7.06541125945192	1.27276949753375
970	2.71703939754126	3.41606105090163
718	7.71710559161574	3.83443274857268
56927	10.6557797822345	0.346770232479259
9322	11.8635649193019	0.604700833430219
10045	9.6372663137935	2.80621342764244
7409	3.81794723761538	4.26944418480946
79230	7.68996670022453	0.548930456133853
3643	8.49670571468936	1.4986228915759
23370	11.4771604592378	0.555768015348255
92960	6.01732066167825	0.547582195067426
374877	3.3174608800244	1.81890838205323
140467	9.34354489723457	0.925978583651206
57192	9.22395554407199	0.656999452740669
10908	11.7385511991547	0.790612429964698
57662	9.65788147662242	1.3924299581806
56949	10.4537465278759	0.440648031897634
100131801	10.42089421731	0.628658857705944
126006	3.11966562651972	1.05178393357345
6813	10.5554251145438	2.14513940524037
126003	10.7282866261483	0.398068810808839
115704	9.60307596131978	0.763308474872541
80164	6.44515809977434	3.20272078104442
80131	7.92502540553263	1.56291169533643
5609	11.2950282301716	0.492752480875013
100507588	6.5949216499494	1.77766843590987
6618	8.88927462691645	0.801221696870331
404217	8.40384083169197	2.90735130653723
10469	10.9793197473394	0.766245573996401
1994	11.9988294674368	0.305136300980389
79603	5.84581293169935	3.52839298971005
51293	11.3134128824433	1.10866114694306
4701	10.1852377244381	0.614648628422721
6234	13.0623051517764	0.921124696245843
256949	5.004934990808	0.595618697587887
51129	6.19436985632688	2.57660857788684
100507567	5.97987666537225	0.564131431923715
9230	11.5486523068239	0.405939688464757
51257	8.47854874179322	0.59016962147879
4670	13.8493810518904	0.221721833657997
84330	8.03627600342919	0.506107336101411
4542	4.56388153530658	1.50913117969755
81794	1.92778911500046	2.7548822728424
105372267	1.6051358269376	2.77897207330072
148156	7.89040440148339	2.17625391041505
94025	6.94406836261744	4.31530377210639
57693	10.2805853442874	0.34680751425481
374879	6.68612482377245	0.674448193011004
84527	7.11383976055022	0.749108919747854
10781	9.19423539326451	0.429284204137896
105372269	1.1238445611034	1.63827910753437
79088	8.59153855142393	0.559320517292397
101928238	4.26101896758543	1.23409345618974
7675	8.16256863611344	0.402684719486324
93134	9.71953183541074	0.512651506464431
284385	6.39521778347349	0.779980262844669
54811	10.1832171102241	0.402284634739588
729648	1.4207904372354	2.62798929892756
162993	6.3147712153781	1.15888795924097
100505555	1.9903665664049	1.86133007003605
54850	9.11286583274003	0.21467355038799
59286	11.9987555526983	0.450388437009851
5300	11.5767458594742	0.285435382042531
93145	3.99233515061825	2.91829298283379
50509	2.82512063925605	2.78301025769248
55337	8.68003309625229	0.872897052013263
83854	2.94105542640423	0.976487356478612
56342	7.92814011108539	0.549293642664819
5032	6.6172313576635	0.680806065701841
8666	12.1662856541347	0.399523746207029
1786	12.0833641568831	0.633399410001698
9294	7.31244164828867	0.39308101922365
51073	11.5077806409452	0.54307105760005
3383	9.4904079163182	2.39193138511956
3386	3.46755003947235	3.03194407656643
7087	6.39402947935182	1.79824738116692
100125288	4.92816200433216	1.02065577085805
112812	9.76662763296477	0.670485012284928
125950	11.6346369828939	0.562617400949141
3385	8.81708515082703	0.673962286075112
7297	11.0994245163547	0.676181322656152
11140	12.7621186977546	0.489678761064674
5141	8.06108864515226	1.71524442070648
9817	11.9451044292781	0.549647687317435
53637	4.9932438814402	3.69939868694614
84971	9.6008634030506	0.968286009861765
65095	10.7596920320737	0.482489807296739
1032	9.25173385178615	1.06391503334175
10053	10.0954328504859	3.25769381103059
57153	12.2668289827152	1.97865568109255
147727	9.28455429248725	1.18865384916507
3609	13.6248848336054	0.532806029141302
81890	10.0984447029818	0.752552139832604
1785	12.8946033664124	0.635451118462655
11018	10.5443340558212	0.454071834117756
255809	3.77561961658943	1.02045030575175
10498	11.587191642192	0.497162953517003
78992	10.8717978082978	0.646839042410611
90580	8.89826873481735	0.653046021798488
6597	12.1115810692318	1.89392184384543
3949	13.1683591873578	0.848970539154286
147841	9.7746669688442	0.796302839375536
25959	11.0786349134268	1.04740573617329
57572	10.1777786477769	1.34605713446932
9545	10.627782466486	1.20090738888261
374882	11.3170077538695	0.771674580284964
126075	6.74854565365602	0.803483748912034
64748	9.84556661498575	1.01227128887416
126074	7.84358429342468	0.927151975828947
2057	7.92347712311916	1.56656713854676
57139	9.46067281246432	1.20074383710123
115948	3.88036832220941	1.84429991621586
5589	13.8067251738086	0.382982328954887
1995	2.19298189078661	1.09714864293121
115950	8.12437656677091	0.676172181314007
51295	10.5498359736624	0.684616678144175
1264	1.68768556469197	1.45602186878218
84337	10.902688005795	0.485648020918628
54	3.20750005763287	1.97163389796968
199692	8.43093295232389	0.616982689355278
664709	7.28475589200876	0.468864034272722
401898	3.20141677594869	1.5264463126662
55552	7.60740236865246	0.632901205746421
126068	6.57861102991449	0.932995198325405
126069	2.9817954735739	2.29317523830633
126070	8.64962676141955	1.14578746049262
90594	3.34997542937729	2.84987373297187
7620	5.21861443656142	3.87784602917894
90592	8.25057916746432	0.61898571859585
284390	3.87003759318611	1.88829771517041
163059	6.23565889872956	1.51876901561318
729747	2.44059713784413	2.4298541330779
284391	2.69517804829003	3.65949473156136
388507	1.86517562653469	3.0620548354669
100529855	0.787586684628007	1.45724649531079
90589	1.48792177821825	2.20725971195387
7695	7.70632556327275	0.737260442685089
51710	7.61537302151292	0.631007954851969
147837	4.26214895787944	2.489644245022
79973	3.86870593413686	1.9260597157693
105372277	2.80717783300006	1.4586977651553
90576	6.83902150474941	0.688384473034373
10224	6.91254493675169	0.711820923604845
163051	6.01864723552165	1.5891435901281
163050	8.07933756317051	0.805410681317951
57474	7.7882624850288	1.05801712993306
163049	8.9572347957819	0.67161712920661
4125	11.0657009831951	0.589415301505614
84292	7.8815076051732	0.625858390767053
51398	10.5853096177585	0.695612799081732
1725	10.7291672593472	0.584895686251371
84261	8.15516226739451	0.529234827642331
30000	11.9465135236413	0.548381491940397
79002	12.6317023565277	0.561199730410532
439	12.150540591664	0.615413562448351
54831	1.79879616750545	1.06475149188492
29911	10.6047663616921	1.20029298835289
3726	12.9881277571987	1.27943482559988
7001	12.570030077619	1.06848732710588
10535	11.0627031754609	0.487199856982499
83546	4.23565968141787	2.01867880290282
22983	6.70317363947564	1.68457452018459
1777	11.1463407379178	0.566185232521234
2639	9.53727956831603	0.594785921686622
256126	5.62746333052278	0.999069708063222
2193	12.3156115344626	0.57073820237563
811	16.156744210001	0.291240431412228
5886	12.3267527721069	0.523467554063564
90480	11.4156794041081	0.465531862546114
4784	10.3611976465036	1.51658476396859
4066	2.59129137664163	2.29490306198609
55621	10.593582962038	0.530617666826785
112939	13.0147918582731	0.365529457217313
8677	10.9405084756789	0.821289968693724
9592	13.030605167606	0.838016435304345
773	5.2602943720073	2.58216858741813
81576	9.18127127939083	0.611145263128881
84245	8.92519210759672	0.538943339756551
28974	11.752769772973	0.310018031644206
65249	9.19707101109537	0.62312964710714
284454	7.72765034800137	1.27964043762601
407010	1.56802500250254	1.33869845684555
342977	3.1004582597412	1.4328895131682
79173	6.07648609420007	0.97422380445666
54862	11.0320940856174	0.490906277266553
79883	5.38545442634542	1.99594498774952
90379	10.3285157263649	0.451056187272702
5989	9.43215923272217	0.266101815269769
9466	8.3559188219123	1.9381058674594
342979	5.63551052428328	2.36987282237838
113230	6.72345275469149	1.69805312210605
90378	10.2401210463492	0.432720576399076
5566	11.8189975025812	0.471408587988989
55723	11.2420778160246	0.506592291313006
100507373	5.85356591635956	0.59139103507494
22859	10.6149557825563	1.67013772912459
976	11.9315052683982	0.74838476604121
10212	11.7431329392185	0.491042366968672
5585	12.4167988854924	0.809844013006877
5731	3.63176718447908	1.0381278545895
10755	13.0734884377156	0.586963881386884
3337	13.4547561231475	0.409812792405007
9524	12.1775854102931	0.538058027471247
4713	11.3073099783885	0.310418084881625
84449	6.72004782736235	1.00340168291497
30817	4.44834958779881	2.1417577936773
85360	6.31030309982539	3.71721459501522
10994	10.8334678058418	0.56143021016344
4854	8.52758531300638	2.82784084391477
79852	2.39496784057235	1.93251299058918
23476	12.5925397468778	0.385864904066116
10270	10.3786064741984	0.543938809334049
26993	10.9833513901413	0.476750682336193
58525	11.222960586787	0.536614932089789
126410	1.57595053186453	2.25681695581888
4051	7.29932802031638	3.6216197776785
66002	5.67585172580947	3.40090945529796
26539	1.47563562966645	1.98909620368174
652995	10.4019757789905	4.46345585119883
102724279	1.00860096591928	2.40847504058299
8529	1.71509756609485	2.22720576585468
57834	5.66795826125203	3.83288717904866
7171	13.1699890696658	1.25510198127856
4218	11.7012400174464	0.362901694452133
84941	7.34509010229282	2.9104442599004
117286	1.59492922610504	1.6681881446121
26017	11.3438451689467	0.334731059119921
8907	10.6680099879654	0.689105576846859
10365	9.89186027918483	1.32893496001335
58513	10.3281866665604	0.615665591627302
84167	7.44864333664044	0.781062267549989
10523	11.193363576357	0.395433472611023
79939	11.3800320840852	0.449166327915303
9441	8.88600092224697	0.461570331581714
79086	11.0783031672552	0.486667137329835
79041	8.01753314709047	0.989494078166267
284434	2.90370000332347	2.43035887860119
23309	10.6222631191601	0.44501885989828
9002	1.14373013789929	1.98511641174567
27151	4.92347921271052	2.73834079199515
93323	9.29405263823958	0.517424697221134
4650	11.7701623903602	0.453930340084075
55850	9.00170250191078	0.719245435790264
79629	8.36655151336288	0.937054658729385
2063	12.041203020304	0.579819853759534
29086	11.3868481225947	0.383458171276743
126549	3.79118277485528	1.37901024175715
79575	9.73167316616017	1.00505866121041
64981	10.1598173171677	0.810147297654812
79016	11.4290647765692	0.594525943946418
57719	9.22850961532928	0.861891178439648
84705	9.46123592526591	0.685230499381145
105372343	1.08182169227902	1.58556024937369
684	9.93385128025274	3.10806912980976
105221694	5.467816132115	3.0853184196173
93343	10.1051192353854	0.55456616255239
100130519	3.62847949248158	2.17852271734008
376497	8.00365656737286	1.57715524566819
25796	10.6817916733844	0.516086283660456
199786	1.64003502360103	1.31588963896079
79709	12.4998180147168	0.638158899067014
23025	6.04872661221791	4.14904479414379
55201	10.6677438563044	0.545350678711703
23149	4.42022516631999	1.95254184438191
10331	10.398384835985	4.20104832437268
3640	2.4716760479672	1.06421080125876
3718	4.65300343855947	1.90074305486193
6142	14.8905187969037	0.375578310004058
26780	2.97245062331606	1.0915277549184
6528	2.27614326528908	2.32126663337305
115098	11.7350609377678	0.354219270873594
3780	3.07016779143605	1.73302411597853
27106	9.06467186164121	0.564674361050811
3594	1.84060187206076	2.04498361534237
23031	8.61415436961357	0.971155618993884
5296	11.2632213982703	0.754159128627524
10437	10.371243664911	1.37945815505722
84769	9.33810838913938	0.656615348633791
5864	6.13511759566088	1.83173207184637
5143	3.73653622689727	1.23157612488961
729966	3.23367622270426	3.31223398645672
80726	3.93598166720937	1.19159261848295
3727	11.8968206972361	0.656985196407677
25804	12.4636031399851	0.40551267016968
54858	10.2253263864974	1.02393778855468
9518	11.1391784660258	3.07258909265273
100422943	2.12607794080338	2.23821600132543
170463	10.5137326795057	0.711894187899168
51477	9.8170657409742	1.89850768076055
8178	10.0054614852864	0.416876365883243
23770	13.0768827113308	0.219193458024804
79036	11.2087211876295	0.399252223783103
7311	14.0440139446113	0.404840621670661
55049	9.15071044588704	0.796728477374628
9244	4.47644215180091	2.63769121961603
25789	3.39175259718886	2.92749658330239
55295	8.77292079674375	0.646657790774766
23373	9.21243428960864	0.835454375538434
1311	1.08329594581225	1.36414765837555
5976	12.7874871492288	0.411314066224873
10715	3.26416306538941	2.84227286465327
11316	11.9999336139571	0.643004989938313
54555	10.5377096021612	0.577927210513836
9454	10.2937815815045	1.25637345032706
10147	11.0792982921324	0.671113473010579
93436	10.50187786754	0.431120200856115
284439	7.74226772755421	0.929064792140133
54929	9.83171401512625	0.665126689632145
4207	2.16906810738497	1.14235782653566
729991	7.57426981431252	0.446550748307634
8625	10.8173713378873	0.3378039786451
126382	8.94223167909111	0.345100835999187
1463	2.1112334135452	1.34893884106021
53345	1.30619690732461	1.9065273668062
57794	9.84681435533448	0.354179064483764
23383	10.5677821357402	0.473189773549456
54815	12.235187419	0.376516010811568
83983	5.85126922256162	0.795502709861199
51079	12.5172990089356	0.482883339233706
374887	6.56221772592514	1.01905438570671
148113	4.23991822269407	1.9556521584586
80714	5.88985402246333	2.00865682547261
9170	8.8930504551506	0.967891162669249
51291	9.87289825674277	0.46227940225162
57130	11.2405724513074	0.66706136061892
94039	8.62930850282159	0.443819862900902
7561	6.98436832951159	0.820756068223106
284440	4.03093504788551	1.52641593116583
440515	5.97848534003589	2.37518732219377
56242	6.60107929313338	2.91770570562017
81931	3.70615795987963	2.88394684455291
91120	2.31453294601474	2.85787479119336
7643	2.05634862821007	2.82996024184394
90649	2.37683661927218	3.49029387526043
102724436	3.01341618937557	3.23410039262886
664701	3.10642862270089	3.38288270176768
100129842	4.73111177928727	3.47427467227569
199777	2.26928034910114	2.68816122062476
80264	7.40101113071086	2.763577747812
148206	8.52829909624889	2.01281788731101
170959	8.46401949135627	0.978976106250759
7562	7.48415321822719	0.808284157548168
148203	6.65737268482195	2.72090893261721
284443	5.78412204561938	2.50466968259718
400680	0.87462876953503	2.12636041850034
353088	5.30091276544517	3.20679321168013
163227	1.94731799152378	1.37876627483353
7594	2.26239842293343	2.86804117208907
440519	4.43316953494288	1.8184191951698
100132815	6.64563018797173	2.52916052958407
7644	7.8221463606352	3.14840244094572
104472717	3.32171314170136	3.54527062877416
171392	7.38623422848719	2.75807249636622
148213	5.76465050489347	3.46366649943709
388524	10.3430508930954	0.907485310924545
101929206	4.30497770853283	2.63871607378339
730087	3.34165429410373	2.68840250097126
9534	8.68212559798575	0.942779595818978
148189	7.63663284980938	0.703585856856439
101927151	7.63551962193983	0.638118345876805
102724908	1.77406972031581	2.44844124352308
7386	12.3683623490765	0.309033073428746
10775	10.5545186572055	0.34046045510594
79156	7.91179341432132	1.80233925217107
83636	9.70734426900495	0.937269687958474
898	8.98238815055001	1.56424876978082
8725	11.5874466755288	0.421063759895771
57616	3.46803803370958	3.20607151723805
105372487	1.17745555070577	1.89261283856739
22847	10.646062676754	0.255474754281217
400684	5.01672485795849	0.948521138742188
147991	9.34696114233934	0.548215388275041
9141	11.4310114935705	0.519670524229938
84079	11.4152305736196	0.304693439661992
390916	10.5623863734745	0.593097378716969
388531	4.90206347088674	1.60772846959886
91646	1.93621164753424	1.33271678435269
84902	9.25019260887965	0.649646082547132
91442	8.08397420029526	0.918215233062068
85415	11.4827283960547	1.18815600404367
55094	9.31454803245003	0.43126419062598
126248	4.4995007364646	1.06574899211777
4037	6.69854936101436	3.68534862107946
56301	1.04260382707003	2.17762182847595
1050	6.25701306400389	2.75284727883106
80054	4.03504289110784	2.44640999627556
1054	11.2357077008588	0.581871591057594
5184	11.4742694888958	1.04942223901836
64377	1.80282055741903	2.78785569632879
79047	8.2463553027023	2.78449632028833
26065	7.10495273190411	1.44131863123713
9710	8.82013711357235	0.475676756434542
2821	13.8214565571306	0.566897839758886
84306	9.10906461406146	0.592798671839375
10054	12.7046636350514	0.416183759982324
126374	8.39376864734354	2.19800867092124
643719	2.32164265721488	1.21790182133165
284402	4.31321012259399	0.675795373772761
55900	9.18582108870313	0.472408880452553
339318	8.32355303868136	0.464577380057076
148103	5.67394651114921	0.995729587131784
400685	1.51227455963811	2.16721966397165
90075	6.71586270912678	0.846246460387951
126375	7.02318453525466	1.27566264324675
57655	10.8177014293751	0.753422135354221
6324	4.39157027198018	2.54900277458033
3249	1.45166562389133	3.04447266242413
5349	8.55315479015694	5.14487180686284
163175	2.52551382021188	2.59691847704093
5348	3.20011479973719	2.69591818382287
53822	2.57324405107281	2.69672447563991
53827	11.3568545946202	2.70000626995511
51599	12.4067435596822	2.24768679212663
7392	12.1421834710551	0.258653156655226
933	5.1482824961321	3.42410419696212
93099	9.59001921737298	2.76872523263175
374897	2.36926021420362	1.79148749825692
26330	6.19032052992484	0.868784444500565
100506469	6.37196554141235	0.654972199685456
10430	11.4082077240575	0.423635397121357
495	1.72193003444381	1.44308815812681
23354	9.98923758402878	0.783326704960444
79171	12.410153815328	0.352368294003176
2116	5.3527159014447	0.649942429412764
1340	12.5785060595076	0.339557952140565
11045	2.57992103328318	2.12708018389798
100862728	1.23678348649889	1.55186634591669
27033	4.76095802019206	2.23450420556694
9757	11.9068994745182	0.360050907951503
79713	7.16952843959237	0.625372568120121
199746	7.98819448715332	0.554842077452124
55851	11.2919143122968	0.686958647233324
55957	8.38593123108688	0.474738444897252
126393	3.99905078033844	1.1513351039347
148137	9.28034601457834	0.57289123432053
115703	8.03768539768188	0.608551470703624
4868	1.64040073875601	1.50779739311178
84063	4.02763942264353	3.38051660174913
333	8.41992312395954	2.11583523660942
84807	7.56755376045906	0.54376391392021
10870	3.31851032109867	1.05731935830104
79414	8.9142847727772	0.718774697056949
644096	8.72335010024342	0.539622678988987
163183	6.38832804173559	2.3210686843538
84964	9.30468412229512	0.279300243210842
101927572	4.35672782809469	0.964101223567163
25999	6.02264911315038	1.14976569990534
199745	7.4979709789263	0.684840616530747
284403	10.6345093994375	0.483450893756352
728361	2.64834729297233	0.866538023836347
5438	10.5624810424979	0.392770860579896
1155	11.4076821777856	0.52867958220404
826	13.4134920769621	0.546171258655281
147929	6.41555975478425	0.722576229725222
7705	12.1988075256002	0.539854791142281
100506930	4.82490063465632	3.92805455048156
57677	7.12556322937414	0.874590474999693
284406	3.8707478588536	3.50616849692741
84924	8.13767064474637	0.664979495948992
728752	6.16985832408589	0.892054964855895
339324	9.9471970362505	0.487205525103917
57711	7.92011075739304	0.310451220096175
101927599	6.17691917702308	0.636919360664719
84911	3.03345071613298	1.45864692510042
92283	7.12182057200714	0.822222424782294
101927621	4.46916338608862	1.03242520027354
163081	7.92575040221695	0.569113765208962
342892	7.08918318796611	1.12591150155495
728485	3.17035044537736	2.45729665574248
284408	3.20208908142026	3.10427018412539
388536	4.90747011088135	3.05351366007469
25850	4.41490890108108	2.88621131679689
374899	4.24707855840142	3.31259632915325
374900	4.35571945036792	3.18232080386403
147923	7.77408510811963	0.655222268593111
199704	8.01325497598268	1.7247137685758
92285	7.38936287550492	2.81892033249422
163087	7.28431453445942	0.50583195952009
101927667	1.84337865675776	2.15558012164891
284459	8.98132856136286	0.771448180074531
84503	7.15954464939822	0.623252142107476
148266	5.2814260058046	3.48411027011171
148268	4.14126783979476	3.47765482312403
101927720	1.67760628354552	2.34865300419364
390927	2.76994636579329	3.71727492943216
100507433	1.55485399123366	1.22704852021342
163255	3.53757263047926	1.12259333831511
51276	6.41263324123493	0.531719623754994
22835	7.49795657266585	2.18832645007781
163115	1.24790850434028	1.51352295334185
84775	7.79948918068846	1.1282997972947
126231	6.61463019473044	0.760861564214809
23094	11.4744421207935	0.677382072635984
8193	7.32041583898326	0.98777562273088
94274	3.68784176862788	4.30551064403721
10653	14.538702294489	1.5134715067834
90522	10.6897575974358	0.988886225894645
9424	9.26091661835791	1.36451051508622
57828	5.45667774681672	1.2769225283597
5714	13.064868169046	0.499650794996162
199720	4.44705223939959	0.73311591619307
399473	6.33827912378472	1.50588491934943
147965	9.15821894130052	0.616784691399461
6261	4.35516728823445	4.27178620731033
11184	3.31616796273607	1.82021916360458
27335	12.6150537281435	0.942810225939508
81	15.3942845012605	1.11946315525395
147968	6.29704329994538	1.99882306248441
653499	2.22930289333996	1.77042235446953
3960	3.58169112046239	1.7713661797177
1891	12.94936184292	1.22848701319925
3191	14.1174713061779	0.264279818381722
126432	6.60668254950815	2.72276819217888
22933	10.7113391104823	1.08810699770052
4793	11.3426372530602	1.10465096257785
643669	2.60505896263855	1.39159226408081
54938	10.0685997071121	0.848819586645863
6183	11.3515878874919	0.975634889172569
115290	6.10874484133307	4.88317273051919
126433	7.91000128765202	3.87446896366506
390928	5.59515445226272	4.35492683322044
10298	12.6698083514329	1.05654563451796
342897	3.45300549683765	2.61940067102214
282617	2.21633194074917	2.36060852437312
101180976	0.563009393215475	1.37299371608159
282616	2.26433477437729	2.25166348476026
282618	3.6206346882511	2.67982386477302
57622	5.87025432826364	3.91645205792113
9535	2.73078329538014	1.83813280573014
55095	12.976312491406	1.20918456500639
54623	12.5513642502422	1.43176943976424
55588	11.8018220219703	1.41321010418078
7538	12.285598482576	2.00795402474008
64857	10.483321873286	1.97869555480587
6217	15.7630156185215	1.25950620654247
6829	13.492443846016	1.23015552030315
92609	12.1944812880703	1.44410898634589
10683	5.50394889166577	4.46495897657992
126272	7.01031786332579	1.54889132588351
163126	10.2450538397779	1.22815469297861
9149	8.89655161184361	2.16732305533681
2091	13.347670717788	1.48211449875415
8857	4.62655350653131	2.01053960344338
5704	12.8222385869192	1.42309383979012
339327	6.62092016521134	1.91355315694732
163131	9.02467786874262	1.21015407226144
284323	9.64655145077124	1.44885389423196
4294	10.3338967196386	1.59781816046525
148014	3.31960302082489	1.95150378546205
79935	3.36816688400227	1.58599002572837
208	13.0390784218211	1.55781268801438
693226	2.12773051361989	2.04547290160075
126526	9.42821260263083	0.527427124243976
23646	11.8059706438988	0.39978694859037
57716	7.16069954499379	1.57372803656282
29950	9.58394063952134	0.602429176278086
29946	9.84812407425393	0.513051380478539
105372489	4.21147752773442	0.784732664074957
645	10.9713257664456	1.37471731679411
57731	5.43991791852309	2.10572535397715
92799	11.2271601721936	0.562557516200545
8425	9.00386455436646	1.57120112424876
9253	8.92863188746485	0.878821512300764
79934	9.67441823068811	0.437249165685503
80271	10.0807473007742	0.935631107211086
284325	8.86913542435893	0.551664919163423
6626	11.7408153886446	0.420203926946947
112398	4.1860080070348	1.05016744085628
1556	2.19895165808462	1.58356702095768
1572	1.27400060455613	1.74805252772791
105376908	1.88662487705108	1.95441245792682
29785	7.83685685093494	3.43429898262097
558	11.1913436681632	2.54308927173313
11100	13.4665340271943	0.683007019207485
90324	10.7692380925306	0.484442520608774
7040	11.1206752019872	0.746765401035669
80776	6.58869491295092	0.769554641843677
641649	4.4663851435328	0.837103478284035
56915	9.73920656713053	0.510488784842464
593	10.3707864316878	0.588935724492978
374907	3.7427459642565	2.48252725540753
55101	10.5944133162739	0.633870755000272
1087	2.8520506358367	3.49520730924099
1048	6.89916742986419	6.2529475843931
4680	8.83865187860764	6.94086303090415
1084	1.27194710067302	1.67677639448376
6223	14.9507324287531	0.674231580413602
973	3.37444505657184	1.12042987869153
9138	11.3874182190333	0.743609583714748
390937	4.62885490017231	0.998248548115488
10567	11.6304753897158	0.526477059498995
478	7.48568707186392	2.40858467944974
2901	3.68050951154642	1.18014159306243
64763	9.54494308401123	0.51715883038752
5452	5.46263899038669	1.00294213528783
162989	10.4327843051951	0.637325310036464
116115	9.25067223456177	0.636486193752391
2931	11.5783293580106	0.718085361919272
2077	11.5447904807295	0.635274036370542
23152	11.6762330885246	0.713536517621543
5050	10.2623655608287	0.742012088342249
284338	5.84363356123238	0.875322966784803
284339	5.21426469846515	2.32802312425557
1954	11.1243243059769	1.10473624455844
84518	6.34104969553913	1.03172482734583
101930071	3.46714480242214	1.18399995508973
100996307	3.26222132938955	1.12257384298788
3991	6.59849442476071	2.14743236016404
284340	2.08203533396061	2.56602483694413
634	9.06702474180821	2.34007855736673
5671	1.69524984749931	2.46488377007243
440533	2.10170323906342	3.13739142533406
653492	1.0368369115024	1.62148593106104
5669	2.6440897759079	4.12791817543883
5675	1.83517760747095	3.27500985819073
5676	0.828526699705811	2.08693680933121
5680	0.916351207563394	1.81122020026435
5673	3.16923517506153	3.92365357367637
5670	1.34909952783286	2.19370583610283
5672	3.71576360793671	4.16721168133961
5678	2.64324190594732	2.53249187744468
57126	3.26668342854727	2.66302499999885
83639	1.12516620311112	2.15824910707253
27076	7.82554598836922	3.64096761173699
653583	9.07732493976745	1.34162394185015
23474	9.97148323545916	1.29264750841236
284346	5.38896057758321	0.858742901667023
7515	10.4640833552748	0.600690531558854
126298	9.95381280690198	0.70750725257598
79177	9.22473896768133	0.456424847912222
126299	9.94949699527725	0.577539323141243
100170229	3.92479094102548	0.915683787373792
199731	9.03393990202156	1.63649477211399
5329	9.46584158854549	1.9546686827372
56006	10.3132691164799	0.591764912746409
3783	9.74520539810634	3.47053254602641
284348	5.0163109161267	2.66654660807471
284349	7.10951926622917	0.518803285746386
342908	5.65125099432101	1.21734361594423
100505715	5.33096688415913	1.09066774168624
105376909	4.29618030060405	1.16332390601099
7596	9.00825522368378	0.532768996407775
7638	5.92989896020121	0.883633689620847
7711	6.95205554276328	0.68243809396574
101928063	3.9707195607652	0.755575162091789
7773	7.03734307451947	0.584618505995937
7673	6.93304090095958	0.466444059409695
7766	6.89914628542192	0.662272355102992
342909	6.29319151181814	0.693478612374196
7767	7.09233122261858	0.638625453957758
100379224	3.85182474767072	1.48954107245292
7768	7.21706019557021	0.690941219475563
10780	8.22668115244002	0.474517012679656
7769	8.79343170379351	0.631032959475338
7770	9.19010724854139	0.470018926541568
353355	5.89954084243731	0.807570060078671
9310	6.9173754954601	0.582726072377671
7771	7.36053309438688	0.725178563046622
26974	6.15616062553187	0.942473246538032
7772	5.81452109614161	4.15437849992037
7733	8.38930828439049	0.454295923036602
5817	11.9886972849268	0.479351834770123
56971	5.98475691486207	1.80540123003146
388551	1.72243982594983	2.02198780723707
105372417	4.24356026026263	0.76208803484956
602	9.82801228020559	0.611160580932041
23624	8.20822470624589	3.42312968970631
4059	11.3315822125882	1.16239877432885
5819	12.7984596037667	0.749693813986382
10452	12.4860392913973	0.515015869768433
348	6.05968730645488	3.49796204020228
341	6.8057403983515	2.99020554253464
1209	12.6039001763635	0.489587829414375
5971	9.22980765959726	1.15660632219124
11129	10.1821525719704	0.516131927341965
162979	7.09152138849039	0.561078148684833
79760	9.29395012001615	0.702782844573459
284352	11.1621853256859	0.581533842701832
284353	3.60346543496755	1.13217905182542
79090	8.8365453926484	0.674083778759548
388552	9.24465960798605	0.452960558556134
57787	10.4681277660606	0.630453479422312
147700	9.20934057923111	0.868592323497911
2068	10.0487852747498	0.771758295266142
10848	10.215097013419	1.88084326981707
10849	8.4013959194527	0.684305690981421
2067	10.87962271912	0.746165173236965
2354	10.5441429901243	3.01888670927175
6253	9.21499521590496	1.02371843634862
147699	7.01322844672635	0.477258486259462
7408	12.6396077410271	0.658565453275263
80207	10.6995151770519	0.615875978644601
24139	10.2859162988389	1.16015511234615
100287177	4.64908597260834	1.23409506309441
2696	5.64837463767823	1.15097018637111
6633	12.8547780851459	0.507647124818184
54814	8.89947806444327	0.460308974331634
23403	9.52254492248642	0.441541221704086
388553	2.68558741902539	1.02055915871414
147912	9.30947475611034	1.16888444285452
1760	10.6083309266994	1.183580538895
1762	10.576026678064	0.415460001790688
8189	11.8630756181579	0.41791821239723
3171	4.30987564103887	3.20721573271257
26145	10.6580710272241	0.570817367705196
339344	8.8939232001212	0.406081901531736
4858	3.37508070202052	3.3672830436059
729440	7.9701302306023	0.752746590368622
400706	1.68276561414148	1.70940044710168
147920	1.18118037979442	1.86057778275638
645553	6.90405538842593	4.10732028561196
93429	3.06355684933007	2.72145233364833
374918	2.99193067722852	2.1662186675823
64344	1.56278160879692	1.33819387975413
5536	11.5936880972946	0.488674660198338
83987	1.98891867843992	3.24425539399697
55228	2.86930004040799	3.42115909143654
100506012	3.97313062865568	0.927941135780981
808	14.4746894665286	0.356793300411157
147906	2.78444252630759	1.64329904310053
25865	11.0795589142658	0.52771349524154
29888	12.4166189367169	0.444436846122263
79147	9.75560180331921	0.543004002411218
6510	13.5727949324661	0.874433906673646
1175	12.1102411886577	0.515666537962354
2909	12.9981731486794	0.467817122013091
4861	5.88337350836164	1.2028421362077
54958	9.91073220081751	0.551569106125283
23211	11.5321914013574	0.21215155224343
10055	12.9842228642982	0.493685710686243
27113	8.0647204365567	1.20678634663491
26093	9.80019810178761	0.580210746280598
255783	8.84164706398369	0.785017145981236
728	4.60629824450652	1.64546022681235
27202	1.07277903346274	1.66094715433265
9704	10.4685877380633	0.506857279642777
56917	5.48285732439757	2.41231099545204
6543	3.46720570715419	1.90677963396721
11133	9.43438579586362	0.666567112465587
100505681	5.425984140883	1.11196531157075
8775	11.4978742009765	0.288011239312571
29998	9.84853660710869	0.437726374394621
30846	10.5855908259018	2.74398083645293
29997	12.9699923576701	0.561363635464071
692091	5.13263068122126	1.09065603191022
6415	10.8057718549594	0.960548123908309
8605	6.03383548312035	1.57103387903186
3978	10.8515099742906	0.793609132471123
374920	9.77030768033387	0.894671529939771
22900	9.50394109551487	0.415149274721028
100505812	5.88558609376694	1.034035354848
163071	6.6053385047897	1.85654636246827
93233	5.05281161727254	1.37575260357603
2014	9.37951763343702	3.2526671531122
55260	7.81647305118419	0.436066590931007
23546	2.18250852284236	1.62880931284606
10945	12.9571555762702	0.578907207460068
2906	8.37842176491258	2.12140214914603
83743	11.2920188009405	0.430108996880669
3770	7.40902115458432	0.380362070536496
9266	11.4336429301999	0.515695487247425
114783	9.20491900799796	1.57842890268686
6820	8.0220107704138	2.74965315817767
54854	6.36398171813059	2.83222094343723
171169	2.40404546963313	1.61614429626306
6141	14.3593985246696	0.596268794149924
56848	9.76194964486455	0.559627552430478
1628	8.64664248883792	1.14863970681052
770	8.63657754382354	1.89033895770449
653677	2.04622971443841	1.45480716585387
126147	2.93335156160717	1.79152743396571
2524	6.72957055729441	2.45775128134326
284358	5.77709221102357	1.02931342004221
54922	4.47703551487652	1.38524040763283
284359	2.73403951521156	1.82586527054121
2523	6.97082186223779	3.19201398622348
26291	2.39098178096591	2.22849029976542
587	10.4181035580272	0.832793234306954
51171	5.06306374645748	2.55246351709699
57664	8.16573822300833	3.18239705858786
23645	12.2931085926965	1.27604412814961
4924	12.4391524791377	0.406444507212803
27294	4.54370140669677	1.48262360768413
581	11.9722259195564	0.496530517660411
2512	15.7999744543121	1.04382805762134
2997	10.8774683942984	0.92249445169703
10856	12.076463991347	0.570343969494168
3972	3.4140595591317	0.94073169455441
101059948	3.18868887308596	1.10363740658108
93659	2.23612321374274	2.01630667495618
94115	2.5423448876903	1.59287708142814
94027	3.81674184659524	2.21282451753448
105376902	2.01215349775476	1.50575928289125
4909	4.79677597471554	2.55714766039667
6625	12.9062622258996	0.3680870366768
64130	7.36198830729076	0.502143667507306
55150	5.14184831733545	0.797651096307255
8541	10.0055608785731	0.736901472689541
3270	2.48901131782068	1.24642416500251
54795	9.37772636922215	1.71426475516854
28968	2.73942499910324	2.24023870652037
951	3.55981764230018	2.65442322979834
8463	7.18506475474447	3.57758057957249
27120	2.4377925294921	2.07668744833473
101928295	3.54842276333415	2.60365494276193
147872	1.37498972907404	1.58367638120346
100507003	1.74352252898599	1.64706033767274
57030	2.89001415279355	1.55856020081095
55011	10.9970113381747	0.625402187286507
126133	10.6797807930264	0.51587016098792
2323	6.0883321107779	1.40573148352095
23521	16.192909474012	0.421523051794491
26819	4.69257456524379	0.681724362955834
26816	4.04409813940916	0.963830302846371
6205	15.0159266993787	0.486542031911262
84546	3.70149747124311	0.566239353499188
2217	8.22061635882677	2.38390139153985
57333	4.51818073556306	1.96239363179358
51070	11.0330319096293	0.451327760981485
5639	8.43706085252752	1.53424272531934
57479	11.4875406609775	0.535532648400173
6237	10.1160881981213	1.69997784842984
58506	12.6728025768383	0.446284166762233
3661	11.4593088332207	0.531834525250864
83596	10.7428017861547	1.35107000368681
3276	13.1180347530552	0.543809030346318
199800	6.03909069816814	0.853977081708648
126129	4.51801939169025	1.98911269098472
160	12.1647214954559	0.463913688190186
80199	8.82626048592562	1.3974061720331
81857	11.3785899557684	0.486772467483709
53635	11.3871235986958	0.315021497809923
101928378	7.23932158963655	0.494361223189574
11284	10.4045039402417	0.774218930171553
84335	11.9846766434299	0.525803126288536
79735	10.4275287763144	0.316268248434396
100616314	0.989193890796168	1.51070151765839
259307	3.78894257886078	1.12466789967771
23636	11.877451759168	0.342885465211475
22809	10.8523222755474	0.761591410996496
400709	2.62269749981099	1.11151847441134
51231	10.2433476880122	0.419088212003921
25888	9.32800039393311	0.519878238287203
79784	12.0189027739735	2.454675605
3748	8.46656060548031	1.77572446031049
256236	2.17182268976289	1.44441866038288
9476	4.45270427607516	1.26748848802618
7376	11.6284298053427	0.501421611910456
5424	11.2068575843654	0.61329678551618
6689	1.74626313847502	1.55178466758656
112703	5.40264025249409	1.34729922013776
284361	12.2020153716725	0.883369596300703
126119	10.0706487526145	0.771864090123631
554235	3.77755241200967	0.988616652329467
94030	3.52602060181974	1.64696697580254
84258	1.25123537564529	1.35735876584989
342918	1.5969041370783	1.62145333297296
93650	3.17862717617495	1.01822674876343
84798	11.3055430130845	0.905612584482688
692203	5.20134948821372	1.17106078050794
3816	3.65543815032647	2.54032341557747
55554	1.19471966827375	1.90722085351216
3817	0.638115057809963	1.74557519096459
606293	1.57048668699098	1.66252091338062
9622	1.07465146375047	2.26277458322821
25818	3.04159562201033	2.54295059574862
5653	9.65142403528775	5.10702948640374
5650	4.28269394895038	3.16574629412998
11202	5.90801922479167	3.68787974195608
284366	2.50599308828627	2.35233044801692
5655	8.85322733770525	4.65902014390311
11012	5.07842489659175	3.30727526826354
43849	2.88798564007415	3.4636189671536
43847	2.81322524493121	0.819410670572015
90353	8.67138387564773	0.482564250328768
402665	2.66844026844898	1.63565824966437
147645	6.77283403272602	2.88144712232957
2109	10.4424037887325	3.32277752388856
125875	4.14938392783218	2.03005133312223
89790	3.27038503568607	1.99636467945688
946	1.71914789394359	4.15062206905741
7728	7.65436820028033	2.64352558491966
729975	3.46817651327609	1.79537235922381
8778	0.738506083015694	1.74962034482641
102238594	2.9167056206936	1.86400805143873
147650	6.57508846072096	1.29923918540307
84765	6.61144296072914	1.03173993371055
65251	7.3036918434877	1.13158866426275
79898	7.27996405817013	0.501680246712924
101669766	2.14087724628088	1.11077103210258
59348	6.76843532482892	1.00925057237899
284370	7.91978154275375	0.45434262589856
80110	8.79154743088122	0.763871081230924
9668	7.66907852371965	0.63234119450085
284371	8.36627377240901	0.584058153841819
90317	7.7797489868448	0.724893126205705
162962	6.4139895941655	0.74790876152363
5518	13.0772097654335	0.604215703698066
90321	9.06978343659272	0.375155838791016
147657	9.3442847617151	0.721292131266451
162963	2.75323497353514	2.67806775994548
400713	4.25391545252924	2.85365804179876
102724105	3.64893384223046	2.68751065131225
84436	5.37031481644599	3.03842837644824
388558	7.59080128352588	0.806290135728357
55762	7.4876747559296	1.28021876111276
7696	5.59839755201591	1.55306193336608
55769	8.9675263190967	1.39401701001144
81856	8.25575744869851	0.896313033169929
162966	7.05274851752594	2.30888814594156
7576	8.38681484500016	1.26156471971444
90333	9.02264277743791	1.16319263092671
162967	6.99920318349889	2.96772140586608
388559	7.48226146781098	1.08615321681291
125893	6.67621640131879	0.84867874177078
79986	3.47051586670188	3.87152927065292
90338	8.88028433550893	0.884027482687939
55786	1.90100815995281	1.86410921929611
84671	5.67800316743146	3.63002518769662
79788	2.21805720444029	3.07513648170757
390963	3.26580484345376	3.80067870126092
342926	1.19441563927909	2.44694421263224
91664	8.74510997132429	0.510432649710904
170958	7.04316049865792	3.19613059099616
91661	8.58112027737233	0.479798616047406
388561	8.90359817931287	0.629917066149868
147804	7.91115592948243	1.21609541409043
126017	4.89442268423364	2.9188573139666
55422	6.86761129252963	2.58973921927874
91663	12.1427967832835	1.08280825834331
5582	4.22431220627056	2.65316785213402
59284	3.12271890227937	3.54613692577368
59283	5.68155856644343	3.98593993333935
59285	6.71504481942181	3.25796893309206
126014	2.30750974658347	1.79296889642276
4696	2.95240726543936	0.869417425581415
26121	4.27083479793696	1.17711557374352
4849	8.40813996832393	0.689775824123297
79165	1.20364602642989	2.37962313489191
147798	3.55093447615882	3.14303017306503
79143	7.93624284179494	1.28558902162869
79042	2.31220976517243	1.90461576494934
6203	5.70790055230937	2.24573736331668
114823	2.1760254391317	1.71848719826846
54869	8.60173553667801	2.91235543071241
54776	11.2032601399894	0.343811256924427
7138	9.85839590245204	2.17645878498929
7137	4.72085960312037	2.05863013309635
352909	7.23376079103579	1.51989735062407
6861	3.81989900110478	2.58322824372136
102724352	1.38336340510302	1.59814774831393
5794	9.48108308182788	1.26158690758512
255043	7.24682075315785	0.699542418556344
22870	12.9563552404652	0.485613233392782
23640	11.4266580802662	0.423482589947861
84446	6.42617898141123	2.54645608414099
284417	2.18718244690013	1.7763895477399
84787	9.44662268973179	0.253219430457576
125965	5.33164150808675	2.98432925933323
3589	5.84073683475189	1.28808535359203
147744	3.44469616300738	1.1657581752839
388564	8.98899667509776	1.18033302426976
6158	14.8981919176813	0.380839480326807
27338	14.0115310976226	0.64703526611945
729956	1.95953764595768	1.07568112070257
79763	11.0843871950572	0.629140424536249
89887	9.32607259393921	0.763865162391798
57106	9.82933969803079	1.28818625259852
284297	4.05144911152062	2.4283805116427
646643	2.01243584420282	2.3746482668445
100130827	6.74192616296668	0.981298920455029
163033	10.3341465320745	0.57148405850307
84922	9.61011883672944	0.570686502762778
147807	8.98317862096826	0.425010050251829
100507290	10.3985839421984	0.384880367345119
147808	8.16976393540263	0.494543522506508
51157	9.78688767044552	0.535501372986466
51545	9.21538739662627	0.421438758203878
29903	7.63370893670283	2.36300444791554
11338	14.0288859145065	0.458535720033686
29924	13.0252608726719	0.613217633714546
204801	2.11979669215064	1.55010289463663
126208	11.4305254569634	0.590082265033072
55311	10.2250217670599	0.561696137450347
79149	7.22209070058615	0.426060203870105
100506374	3.11563032368008	1.07990458156416
147947	1.60320478430648	2.32945211263116
147948	1.89949964701433	2.56526009030263
386758	1.88153057339645	1.76567974891969
147949	4.90953918978257	3.00363337025525
57573	1.24442258522788	2.60333836394027
140612	1.59881293122305	2.65894661279468
388566	3.22816423813663	3.87810960572172
58491	5.24196809403782	3.99881657438768
9422	9.91140167218538	0.461469903889959
6795	3.95539191096946	0.628617054153466
390980	8.63237712087771	0.426893580453504
105372476	3.33140859236673	1.2913724300893
10794	7.3145526092597	0.512701812588426
125919	8.02233655322372	0.367063861691756
57343	8.69036070081237	0.60226968650932
284306	5.50671820042161	0.493973681410202
10597	7.66268933920421	0.486167679588019
147694	8.41459294270535	0.368534772939421
7565	7.34758265300453	0.630349106815629
388567	8.49759281296721	0.426123656064507
57191	2.75784709415161	1.29797590488859
400720	8.59864429200168	0.75481525257576
79744	8.12586625116959	0.353156408393212
374928	7.87816399541396	0.290070230229844
256051	6.75946843616239	2.50554890727478
162972	8.3669930123415	0.376791051704196
55659	7.76013173504068	0.322319309278198
284307	1.6340751922918	1.69798517693786
348327	7.72524791559339	0.630453383139239
7693	9.05509157286397	0.613401911246383
10520	8.43654821998875	0.669073262689086
201516	2.10044601291343	2.8169854029587
90233	8.67972238299726	0.290601570710859
7710	3.97731951393468	0.726004149797396
79891	2.90725829861174	2.48755328220545
284309	9.20328620595378	0.364600701286835
54807	7.21819749286834	1.46276286186346
79818	7.93333670186633	0.706220101852772
100293516	8.10883121400313	0.574604185436353
84914	9.83666442343252	0.321649549641121
730051	6.7010341213902	0.904821878237029
147687	8.21592003098974	0.540413792534656
147686	2.15443891737876	2.39387937300896
10172	4.03534342026667	3.50563281001982
147685	2.61731729380386	1.42300374365368
80095	7.56263010011342	0.921985943106538
100128398	3.92214594972177	1.90292246887925
7694	1.03569694752366	2.10993812838173
65982	3.5809489527433	3.73611150204209
79673	7.64318006979351	3.02632838108247
10782	9.69979709146305	0.610066407359288
27300	9.55155707852598	0.859314315477588
7554	7.99811318548525	0.418409126941139
342945	7.83745025301337	0.302747623195895
1	3.15534800476992	3.10363551689319
503538	1.46357898344102	1.90704674203851
162968	5.64399046697502	1.26802395548744
105372483	3.70925535806635	0.838764068840387
116412	6.38175941163162	0.834127046810368
100616168	2.20625462399665	1.06202223013867
6193	14.6003416573402	0.246677569212917
646862	3.38662450124671	1.84776372283981
201514	9.05979900266431	0.641191825152495
388569	7.58580397297559	0.437043655698795
7691	5.47178948424016	1.15262237486853
25799	8.33949289116704	0.288369383054785
55663	8.40924067248733	0.644142850633695
10998	6.51948331773514	2.29568377164939
84878	9.47466782516703	0.45861042210463
10155	13.9500410514311	0.384195493626527
27243	12.048870665771	0.397007602107476
9040	12.451543850469	0.555395962823948
100131691	5.09025014095781	0.324488959198621
7593	8.54620323362213	0.522176107756416
65996	10.2354308098687	0.573073969897584
642273	7.73086244213338	3.75607920345952
26751	10.5804801503596	1.49874327334852
52	11.9064525994617	0.348365343553945
129787	9.79902043036325	0.491460015535971
7837	4.86124402380103	2.23660211010409
23040	1.61867498892614	2.7155645396659
7260	10.016509529622	0.354989188071794
51112	9.39695162446583	0.250641248251257
55256	10.2787342628331	0.618594815341825
246243	10.6524500528912	0.355009903233514
100506054	8.53333597897181	0.683741869926849
6201	14.1357148245193	0.35123126518988
78989	2.36001570548979	1.76079519494091
105373395	0.93404411563746	2.38498066339497
105373397	0.614438401192198	1.67929543925899
6664	1.46980523823815	1.36813580282043
400940	0.545664047408831	1.49149145313182
104326052	0.927335006626825	1.4980708676704
129607	7.50922688738268	3.03546220855606
91543	7.75154887970134	3.4032809567554
386597	1.64339861069333	2.46898978031261
9781	7.83472455795895	1.73746956614386
339789	0.621623135632373	1.53863153975442
101929567	2.30609198485939	2.68614760408101
100506299	3.61542519384615	1.06265245468229
3398	8.32224376772961	2.15198676940552
57498	11.3857614595355	0.481624077130188
129642	11.1959008812637	0.777239455465991
8853	11.7488275626244	0.509936792374277
9270	11.0600233923869	0.320242789142751
51692	10.919863417188	0.46559776319046
285148	9.25510608313414	0.54378420469659
6868	11.3191242737051	0.491032484940619
101929643	2.35479476291878	1.87992488630384
10971	14.1543056464136	0.587006403591968
9014	9.08225558722434	0.71512275523674
29841	8.21319033650802	1.70603382435911
8462	8.5116081993787	1.44572706233914
192668	3.42819587810749	3.51919042172812
6241	13.040753223615	0.678137945774655
348738	4.34327033100182	1.38527540856019
3241	11.3239753705439	1.08454917720238
4953	12.779168299088	0.950552294574303
101929715	4.23787303053736	1.55249280211009
79954	10.9297903020816	0.388888524710379
245973	5.58006030747773	0.617192662207932
10130	13.6150535242208	0.414649072085118
3754	4.42899499574681	3.81264255760198
285150	0.891855958502404	1.32450167508809
130813	2.99677310050618	1.37194736527411
130814	8.72420330069429	1.15024925608227
9475	11.9892704961049	0.588758162011023
1876	9.86211422836968	0.36237111951032
9687	5.34745991356395	1.66213348099677
23175	10.8712724116509	0.938848567006478
28951	8.48931168381537	4.08449011417136
151354	3.26247143647174	4.30704333752568
653602	1.36106036950551	2.26232583708873
51594	10.4644342851548	0.635844300499563
1653	12.2156045583794	0.436420830567568
4613	1.49390191933362	1.19128854564273
81553	3.09786601989888	3.33989513043709
7447	2.23577781509548	2.85952925538377
79677	10.8307126220617	0.518276954967859
348654	9.74704524195628	0.458455867494383
3790	4.34106245004686	3.51430019330727
57665	7.97141714718848	0.473578151320737
130497	7.03240258781988	3.14515151235509
400946	1.0368505788947	1.32354964953656
130502	7.15479080823507	0.610091004685111
57539	8.68662585370453	1.17850173013182
101928222	2.57932120116759	1.41131321344281
4148	5.11547516330141	1.85745175671529
9741	12.8098646526731	0.523112009962196
6382	12.6641395016543	0.928894913803742
23369	12.1085541591829	0.285932848405884
388	11.5212012501011	1.23455083664767
100874343	2.90063238047162	1.76289820525627
64342	8.85105626635386	1.05426133091167
60526	9.42831117773596	0.649057535176419
338	1.46191009796979	2.83656528640488
114818	6.30328959570784	2.62280092317543
54454	9.73981922487972	0.40814154908129
165324	9.79640917988808	0.659724113332266
80304	8.88260846857687	0.793415116462796
2281	6.24652534454077	2.0687152431762
51639	11.3645043376363	0.35516215465454
375190	5.11103430250144	1.75457193375816
9540	9.82594833310512	0.665790556036373
375189	4.3163672293019	1.3172975071165
50618	10.861780132924	0.434035193726093
8648	10.1826031552136	0.460782900791969
391356	9.74001987480422	0.492853232887889
79172	10.2579766796202	0.448909744808278
109	10.074737150138	0.902570756951094
51277	7.30338090842673	0.616252189393898
729723	4.56653140744279	0.905762329309625
22979	4.73825677437509	2.94914501983632
1788	10.001110751152	1.13299360424082
1838	8.59036838879487	0.983158037915052
55252	11.6876953501298	0.383275139854867
3797	9.49422080112151	1.45193721773018
10890	13.0501702036589	0.463543764459157
150946	5.94281060253024	2.52938139596212
3030	12.8670756113434	0.65926572224526
3032	11.8001163918745	0.584244013906184
165082	4.54816934766581	1.38261624937175
85465	11.3831314868314	0.714697027992545
92749	2.41038421067311	1.96179498711094
9381	1.35274422824351	1.18726005329261
339778	3.26405150916147	1.43809087218685
130106	1.12717297375797	1.67871667712394
3777	5.07287413793084	3.5595945595209
54978	10.9404923726336	0.679492758160284
1058	9.91772203314483	0.580995480494204
56896	3.30920415067501	3.15037508614802
22924	9.5771301891468	0.692608826785669
54867	11.7680620862367	0.359898937717666
60509	9.95447969125734	0.732003514027903
100128731	11.8080559870349	0.534821872307817
11117	5.15475905626231	0.520878064560807
3795	6.93162932840908	1.29103796775162
10669	6.29765467050626	3.78078278725886
84696	3.58961991279866	1.28731783744184
10113	11.1845126921678	0.533884275365279
8884	10.9080566768022	1.09539762651665
51374	11.2868408837736	0.449838839027794
790	11.8867426800062	0.799986998554689
7781	3.70406347534778	1.94802105536159
57159	2.87449385461093	2.88966055539229
7349	3.96026715317405	1.28345795812648
4358	10.5442647669499	0.488725042252463
2976	11.4277543262873	0.388695927174055
8890	10.0811695326196	0.469743698356523
9784	12.1281635652396	0.402016977021073
130557	9.27535921762185	0.780086768416861
5496	13.0961661475475	0.483758413416765
2498	1.95786312144496	0.907852393241798
29959	12.2262147818471	0.641619209435944
200634	7.94013675301028	2.52150100315878
26160	8.41219849901159	1.02185716189434
64838	4.78568072024018	2.48190824974208
2646	1.69020460634931	1.36931948176662
84226	5.63524700873132	0.746852375664952
84450	9.58974743526583	0.570702578597766
79635	6.58676317626542	1.18798154474698
11321	10.203173171424	0.701609464696798
9913	10.2579929171439	0.396669160252151
22950	10.2437089585299	0.404217332710683
105374378	2.74640626587872	1.98952603406687
9553	10.8337755352099	0.75820887158625
64080	6.15395424900319	1.28514560538478
100302650	3.05244703884663	1.53252808075194
9577	9.88928052435374	0.536916075888633
100422965	3.11374567314728	1.0512534270036
105374382	1.8346703834325	1.26988837875995
403150	1.70350648768487	1.69974989339662
2355	11.6601975172775	1.25484375440993
151056	3.94723898747928	1.64297192787769
5500	12.8147691394469	0.274950819956435
245711	2.17159629538224	0.773411023499679
55006	8.19531829465244	0.472798999909277
23160	11.638644758702	0.508775296877702
165186	1.75196390429645	1.47697689512244
79745	10.8844478743418	1.52504243346968
51646	10.3390294793149	0.752258401893676
81606	6.16260672725794	4.21368568708528
253558	10.1105072652087	0.69780058569232
92291	1.47292364309867	2.40453340718517
79623	3.8440887136421	3.60982275750551
440854	2.15941626787106	1.79835219571541
30845	5.40960078804037	3.12012568909437
7498	5.33529127456354	3.52192051691215
51072	10.3503447045901	0.689335363365406
84661	10.984939675331	0.467398596139495
6683	10.2221621836839	0.702365048142889
55676	10.6823145815348	0.520670182322435
58484	3.62459555701702	0.996401453191387
84272	10.8629844829554	0.237752287744695
57448	12.1832620511484	0.406649070834145
55622	10.0295496917567	0.494163905017841
4052	8.5310630063863	2.37368840791896
25780	5.63804745245403	2.49188409760597
25940	11.2715477960854	0.374474159425887
51232	12.0321850484562	0.852960968525764
9637	10.4543976330598	1.16884183782091
5212	0.589941298100012	1.61303589023388
6801	11.2398590881152	0.514988989327727
54497	10.2564897639244	0.347196729240247
253635	9.46841726385281	0.446025427383162
5610	11.7509931842154	0.703145220126881
100505876	10.4216154028113	0.525021602482572
10153	11.2092161108659	0.341420327725505
55471	8.74044689742947	0.475870755101886
23683	10.4742854783634	0.442984945932195
25797	4.74502260212247	3.9500726480856
10602	10.397909033191	1.65544420336268
151393	6.17847287223661	0.966591371632932
1545	9.19987719559668	2.79542207834549
105374860	4.59262965702619	2.00640602379208
285154	2.42047654460191	1.66723719916864
64225	11.1338064946505	0.552653529160801
92906	10.9406143948079	0.303556990207729
130589	8.52571202877018	2.43431068405425
6432	12.1008658632251	0.386045395775549
79833	9.03072446476868	0.56402424538982
90957	10.0296042727021	0.629922538593228
729967	8.3021663670821	0.777352691601855
100271715	2.28369846312752	2.03715334961299
6654	10.9351983931549	0.375716639709654
8491	10.860218116358	0.530002147455242
728730	7.39788591123693	0.736932046847611
130733	2.85387853591401	2.05478991826234
80745	8.66272498260575	0.399125507295924
6546	4.81791657632595	2.95843938867126
91461	4.15808514965211	3.16809780428869
27436	12.1908447016009	0.765906525514912
9167	11.6753985643239	0.511591576245252
170850	5.72905498200574	1.94268934986863
57504	10.6062499108139	0.808229250608653
23498	2.10405740339429	2.02160976564678
105374567	3.79356619750423	1.35324714910064
678	11.5853875508594	1.06006062573763
100129726	2.34667137871149	1.39441966236758
63892	10.4267473195762	0.495867652108998
130271	7.26498522435482	2.75511836614673
728819	4.18533226456892	2.15319357705345
51626	8.40171619421652	0.514135328143638
64240	1.394907836153	1.26867814164185
10128	13.3599342900592	0.577659243404614
5495	11.0219541296704	0.365741399878935
6519	1.83469521328382	1.64940912260675
9581	10.943889000645	0.541931843227625
79823	8.31957600914262	0.54515044147179
6496	2.94281691123515	2.21858918321062
10736	4.47540009017733	3.63818374336075
400952	2.19853564888515	2.6403099398413
55133	9.32418086759191	0.497859316135323
102724965	3.37916433117582	1.44217886007133
5581	8.68499115033142	0.69871036093308
2034	11.6135817096555	2.45900068382902
90423	7.06087336846039	0.704600636815768
23433	9.83416751788929	0.686560909673207
5281	8.06541471030425	0.273872609807039
9419	9.47682525545785	0.322191336429458
9655	9.94902544364806	0.601885147087427
100134259	2.9007186198418	1.75148979716065
90411	12.8817496268158	0.486700109034811
57217	10.2195449798214	1.24082590336027
285051	2.35442494395803	1.91387436503423
805	14.0355855537923	0.395534264413593
101927043	2.89101494451712	1.69912007954925
618	5.93003856437526	1.92333223434092
4072	12.3556479393829	3.22416048904102
4436	11.6619967332228	0.519173481655281
56660	2.72096201019802	1.69794295847976
2956	11.8186561196357	0.665230415872187
80204	11.6029009611766	0.474652938695951
3344	10.2145639825978	0.340824786670455
129285	9.39878499918614	0.52741602017579
11037	3.35868994014282	1.79803425934646
9378	2.36119634275541	2.95636178468132
51130	5.19352623792279	0.355507833599202
494143	8.58976924922345	0.507427411802748
27248	11.4934441503208	0.445233025991982
100500850	2.91191702542565	0.853695521075477
10936	5.83063989743022	0.846654877281828
23198	12.2516353199907	0.201638823694071
98	7.85891310119797	0.614110557845008
6711	14.0075962574881	0.485480910410458
400954	7.06828533463545	0.957155857512275
57142	13.9568340787597	0.465364490206671
130162	6.45267005493667	0.71181382649936
6233	14.5485620780547	0.364095810638731
4528	10.7760921452554	0.308581234973083
344405	5.0264760915951	1.04485931623021
55704	10.6509976109376	1.97053313301224
112942	9.74395721587385	0.495555365929095
57223	12.0798760968002	0.251811499962602
87178	11.3138347799085	0.294116858582412
2202	6.77494268988721	4.82686471890584
100129434	1.67353812168157	2.65904336061758
114800	2.70885616692188	2.40258179959178
7444	9.50784825061129	0.383695050325545
55120	9.40449647806059	0.344487616358185
53335	2.78985395488636	2.3803319617445
64895	9.32000932545552	0.290665661474739
5966	9.82798719647892	0.699996885164971
150962	8.33890396156959	0.717177448051219
5194	10.6730189368115	0.375176740828871
84542	9.07082334989323	0.517048680316694
339803	8.69101509324511	0.419995796370938
339804	8.2907970406402	0.672030337537454
130872	8.76450302131018	0.504516058426954
9736	12.3232665086882	0.412465553478697
7514	13.8672731786358	0.349363875573002
84140	8.0070344840137	0.898499958190304
10575	13.5981492666386	0.419575664559418
150684	9.45113060315463	0.577513093474394
10678	10.0463871682772	0.563431153557989
200728	6.48706610532626	0.658599872843587
23301	10.9483470171603	0.330552192961885
100132215	3.18880508094446	0.577840222453966
5013	7.50720962098724	1.001483025623
51057	7.0360887688535	0.554821278508554
4190	12.2105795199331	0.385737721604867
7360	11.5364461708552	0.521456353737642
51542	10.6564415063373	0.417978261922785
57162	8.97405735732188	1.13098471468795
29094	9.06351690082353	0.662978410895971
101927402	3.02603557915343	0.715231966364566
54812	11.0060903777223	0.258652043523451
9792	10.8497400621066	0.675882729054458
6509	8.72694608825544	1.76428439047715
23177	8.7083162008717	0.682060527860995
5861	12.273532404361	0.892502301363626
10097	14.2626480127132	0.503452327278789
200734	10.407207926025	0.78411347345508
730198	1.82332710674167	1.61908945750858
4211	7.1158883861247	2.49511584800465
100873998	1.67162051561928	1.59295609760281
54465	9.44095688802047	0.470020463699434
10438	9.675913504004	0.370430913261386
116143	9.12317390735197	0.648334671969591
56902	10.8938696143166	0.462109402915725
5534	12.0227170921048	0.455603540448112
25927	1.00234793540192	1.37891885877752
554251	6.29331810370446	0.537318493948766
200558	6.62106001735225	0.783943051394048
9938	3.28974932629976	2.33504979831811
200504	1.6845515178162	2.79598771202315
56287	2.01834036290375	3.25265033540358
84168	8.7883293851052	4.2600137066951
2673	12.7737509538102	0.760183515102915
27247	10.2890163332624	0.474968528417851
22848	11.3728850421823	0.694170907598303
307	11.7950913341547	1.17007849909118
64395	10.5460925833943	0.31164110214838
11017	9.42917739633292	0.721898697295079
4084	10.108617170554	1.38108808955452
151516	3.34941814567097	0.973071868526711
400960	6.4112494457637	0.561499654962225
5093	13.6220274846953	0.193569330103684
100133985	5.76147027638647	1.12135257779014
54980	8.28934517351234	0.510179260760138
7072	10.9260852672947	0.318633843535584
51449	11.7034481033285	0.767627103253096
6637	12.3237007923927	0.525905512610733
84908	11.762541332684	0.390161612486244
7039	9.33816345101844	3.61156906542772
119	3.00269926883429	4.21111479651803
50489	1.74190667779761	1.7984597356645
25806	6.22531217089813	2.29847514515767
525	5.06042432296699	2.15281490292791
101927750	2.97855205914475	1.56566975276304
79998	2.23667415894214	1.14553281780449
113419	11.4029732070795	0.46987908361563
79315	3.28817845529155	2.97311173220555
55577	10.4748039840805	0.501883893525747
84693	7.42980208350864	0.623106556538441
10199	10.6079428297851	0.374020404564664
400961	6.21433626261162	3.46725486771315
27332	11.7294808671196	0.406063777119282
8291	7.03315815054923	3.0740557023011
56603	7.41709539498532	1.58416343725708
23233	10.5740751466486	1.02078902941541
6697	11.206433618008	0.493148265981589
2016	2.96227882815807	1.76230621364063
94097	9.27450699578885	0.77798616441114
26056	10.5415857149948	1.22864570741647
10322	10.0805114514333	0.532605775372115
84279	9.2954960187612	0.37790525715048
10574	13.7244423422395	0.557258682187192
150726	9.17374126239709	2.00858060328622
1961	6.19558367210298	3.30442255488919
7840	9.75157153965264	0.678771547333704
100874291	4.6131725082203	1.12699794606076
51002	9.93051358388321	0.480764525061258
8446	9.61060659047048	0.432898790832604
388960	1.66116334497151	1.85264461788089
10617	11.1887714622142	0.391736005149784
1716	10.6487286009174	0.282461416682868
100874048	4.52774425744268	1.36261546511634
200424	11.5958429457525	0.327370220211504
388962	9.24632095055243	0.948779290365355
100507171	5.3321073373706	2.35989532466366
55233	12.6229738161002	0.492010038784222
10797	12.578282254407	0.661556747348366
57835	8.58091296348528	0.757653761252902
1639	12.6573854721215	0.505195377564491
388963	5.71231272180136	1.66713369009437
84058	9.15907308503883	0.841513366014009
6242	10.3648157522271	0.688960561412385
83444	2.39142526459447	1.04560558695725
23559	9.00454063840249	0.601240233688201
7841	11.0893775626802	0.748374929155867
116540	10.6242118053375	0.421366344774783
84865	8.93500260067654	0.485862865058215
64427	9.49870773530058	0.336266557580401
85474	5.98119881971866	1.49742708424067
151534	7.73126251590422	1.43402241726396
84759	9.25838579015132	0.183058329412044
3196	1.43967080977653	1.22200983488093
165545	2.85108554983192	1.9244779399823
550	11.8442149539604	0.499479247305195
27429	9.62208730150082	0.27688083952746
84695	5.78222078564319	0.674657052072648
1796	7.5936617192226	0.878308267452511
130951	1.40570782608736	2.5169957218927
10505	8.34014621550036	1.45919687889624
3099	11.2453878057382	1.19302517837348
102724515	2.3983000750698	1.66752343100547
56655	10.4260364501066	0.646741867161298
84141	5.44524771626556	3.71183288854915
9801	11.4259697818375	0.5959629085876
6936	9.6569789495012	0.647144524716936
1496	2.1798613584596	2.65611268918167
8802	10.8414808042436	0.515978748143188
1768	3.201375666016	1.85272761599004
129293	5.68138308832782	2.80908372016387
9168	15.1333560181715	0.748727082635393
56888	11.6949437285344	0.391617072486097
83439	7.15520732510792	3.56812243778284
10618	13.3674721338562	0.665257766052859
54884	10.9658521203036	0.818629342154806
84173	8.1806628122797	0.604835262859082
822	11.2955687213489	2.39108605905689
284948	4.36105220345318	1.82060845127149
100630918	6.65076434988194	0.593995179002359
4144	12.3318618761925	0.656306996015721
2677	10.9754641322976	0.609859177126163
8673	11.0336479875355	1.69757508792516
10791	7.07399116959001	2.77048841913201
51255	10.7484366893932	0.222948964550925
129303	7.71315787273557	0.940782140963951
10713	11.2520233997423	0.351992274660328
388969	10.487814671081	0.455066154672403
84913	3.83168002172392	3.48052908672292
8869	7.21490013545059	3.08971158416954
101928113	1.27426079316896	1.98586562484755
90784	8.59207545242445	0.808675306407907
25885	11.5123288643622	0.613348263449615
55037	11.3201252333527	0.550822388797012
692225	2.61638684707396	1.11933398788356
10989	12.159531072465	0.455618429608557
51318	10.6836113878883	0.478391192195346
65055	3.86633963618559	2.74296489503712
55818	10.052204490702	0.347638449253745
51652	2.95691532549217	0.713728790151826
100526767	3.88444629773229	0.860415580510636
7844	10.4260578326307	0.627556149037504
64795	11.2325682904421	0.721327464063449
925	3.57054648269103	1.64446206268463
400966	1.77563426460593	1.81218885597303
285074	7.05192086836115	0.719509176332554
102724642	2.84717512067355	0.842258196490229
112597	9.67273088092464	0.854038914340096
730268	6.30932996451078	0.805195139797194
5342	3.49275844141176	1.23559528938837
729857	4.19636205019133	2.3150942713893
51315	8.87829253638601	1.02600058526926
55258	4.07354346520128	3.65349242155002
9451	9.63230936069083	0.721593242883582
101928403	4.8027465495478	0.83122085440171
22934	10.0213395006684	0.679671608745388
654342	2.46076608038581	2.64859752702766
645367	1.9420099034724	3.22513872837014
4118	2.41903826717082	2.78446452077066
64969	11.3739083458575	0.323120276265488
84874	8.39017565971764	0.95205213129261
7549	7.44748881733138	0.426870295634499
105373489	4.30516432114212	1.57972122593952
150696	8.06385642069274	4.41221849060683
30818	4.53918556776118	3.18304836471786
51011	8.85417843566522	0.529337241636047
150759	6.17175166781329	0.77158100941087
400986	6.56688480246015	0.720903308461142
729234	4.87366568980991	0.783255421594471
150763	4.95776337091979	2.26200242804982
151	2.24950170484573	1.37386471276517
431705	1.74777459704221	1.52194853239679
1844	6.08145807772199	2.94939374745637
56910	12.6180465980798	0.317118062664871
285033	6.53639983896315	0.599022438696804
55654	11.8612988201349	0.348451220204543
9391	11.741474185476	0.26595585208459
23020	13.9712603649793	0.370096187622156
150771	4.02950491343865	3.077447369516
23397	11.1159478677175	0.512822146964128
93082	4.23179828906435	1.56978655857267
10865	7.48833686160759	0.840649128912457
55683	11.1755913053458	0.38652892361984
90342	3.40349673401925	1.2831262742501
81562	10.1268650546071	0.689348462001565
26504	9.87536614121153	1.06396020867909
26505	10.5432672109121	0.476837153919658
200539	5.5769094752289	1.0292931220519
51239	8.49031601155498	0.911819014361819
54910	10.3767369534386	1.16097118337149
105373982	3.86264452529602	0.912218695068138
51252	3.61096482093671	3.67526034325271
151313	8.15954273631854	0.845234421250609
105373983	1.64300747121237	1.24750461565922
375248	6.76586956338533	0.641000688551404
100506123	1.25207851015767	1.50958803711788
105373498	1.73870219632678	1.77237502701434
57730	6.42536096027017	0.637529076572789
1329	12.5844962126211	0.489424431690002
10120	10.4357210058184	0.759278166500656
728537	3.23688361393624	1.12008966628853
23505	11.0644392021615	0.769302859515084
200403	2.06560533263607	1.47172721539961
3631	9.99309206723692	0.606220992195713
493753	9.98120500357102	0.32164959159811
25972	10.247545626402	0.249593991038527
11320	9.24139542289329	2.42457956125642
343990	5.84325630790049	3.11245148356075
80705	6.76516262479938	0.689958460707835
150590	7.20180212444678	1.43410778327897
51601	7.30928071693815	0.395294951637186
129531	9.60256179045998	0.443034778159221
51263	11.0558265241642	0.451298562543118
254773	2.44983574382706	1.4595916008472
129530	4.18931382203816	0.953861818365897
10190	10.6019505371441	0.313099150411179
9669	13.3291309620994	0.367321954857162
51455	10.5831554312033	0.25270678013422
3899	2.43466246296328	1.96315133351145
164832	5.82538126015629	4.07986345620434
9486	6.3916844859203	3.92264803158351
79031	10.1953204289623	0.5885037975454
4862	9.68303274272325	1.8645869830813
6160	14.7205719005596	0.447732676016508
11138	10.0496461521168	1.21539022272832
100506286	5.15169003602236	0.696666540415704
55571	11.545972262102	0.340324029118371
284996	11.2488155036613	0.60311809524325
200407	6.40668222581648	3.44567242934013
731220	1.71876272779738	1.99117377121712
9448	13.3553473950676	0.746419818852531
100506328	1.40156861224084	1.49159862954654
7850	3.89338193559009	3.13261320896046
3554	7.56381201674143	3.57305611939817
8808	1.0598747209362	2.17332556014257
9173	4.71673931668784	3.65510488107777
8809	5.10406432369443	3.54497691254645
389015	3.2012175511295	2.81491900474184
6549	7.57743635085177	1.98393408443938
84804	10.3568303029701	0.957300439300107
130827	8.33511677253126	0.516214991185194
5455	1.42143263090293	1.97398538749298
64965	9.95395865835597	0.467109145955227
101927492	2.21758596466999	1.47491557030823
9392	10.9872462678938	0.44901239102001
100506473	5.54782931435749	0.774766973525863
79074	10.0638746243868	0.339373906319657
2274	11.1916164423562	1.46576165107465
285000	0.547929199041533	1.52223608045882
8440	11.1120879612916	1.31122537479917
80146	11.1546999009221	0.464030771040505
653489	4.11462706654751	1.32706897646672
285190	4.00573517201042	1.51433077160116
6819	2.3050524453982	2.89462885893671
9648	11.0329726316261	0.5906420373983
3987	12.0748768072123	0.867555495363885
5903	12.9720950134257	0.791273409898297
165055	8.81714998501533	0.569924454174088
10913	4.52298334430897	4.62881780576598
100287216	4.89506022141312	3.39708258461547
344558	6.5022773599573	3.99607061800412
151011	11.4706286995618	0.543189877484775
65124	10.7708763655342	0.84761095328065
84220	4.54117308976633	1.50488763108429
440894	6.55813677813835	1.00739980297914
105373985	1.7232179545052	1.95420623415915
105373986	0.991587114785537	1.57523097713481
7851	9.71148743896566	1.58408100466281
4867	6.82140876824256	0.969224976817067
205251	9.94366685663313	0.944902032712034
100507334	0.93328512679829	1.87696206155606
105373551	1.85429960884563	2.03919890307056
151009	6.24054007831289	0.941260329565417
100288570	0.778199414360869	1.34720408131198
100288695	4.02964612323818	1.49114048800997
729540	5.09532264972627	1.63576821604987
699	12.0500203446548	0.393739493567237
55289	6.25543536574705	1.70325346729466
10018	10.4722233734092	0.630915940145981
101927260	6.34020543093412	0.775309582575045
541471	10.5634468971196	0.871391108266419
64682	11.8051918385123	0.373604354486159
10461	8.35941668568305	1.04148153201421
84910	11.2457809449904	0.708986526895015
129804	4.34872759059162	2.35220462791821
84524	8.96764436257383	0.618870719010161
376940	7.97724040548222	0.660296886750153
727851	7.12169926397757	1.23102849687878
150465	10.741421184035	0.948952068280756
84172	10.6857037016311	0.516780090015103
84269	9.77576743560693	0.577977864503949
6574	11.9756757518291	0.605915267920888
284958	4.7165373370856	1.77230066254989
150468	10.5646831471687	0.597010304134117
3552	4.99772007249149	2.6734043218811
3553	3.44386274709094	1.97191035597932
26525	4.29833392576812	3.86707123879228
3557	5.59707551501758	4.28228586807733
23550	9.68306369315994	2.20424067908335
7849	6.62328868729143	2.65740851334626
654433	8.24869086838634	2.5721704941859
100130100	3.11577434604461	2.43884580575856
150472	10.1717981951021	0.512139471549127
200350	3.11945137757777	0.787093638892138
375260	7.27974487521392	0.350646772218497
84771	5.11813794518365	1.36432794031477
118433	8.09288486142416	0.620635155913495
11159	6.86134270862577	0.756231917486832
80255	11.6512223958835	0.349394645106461
101060091	2.11091247654949	1.21883784128104
10096	13.4205380470222	0.32774239490644
440900	1.08419421822081	1.64863641368022
57628	1.65525568419462	3.50626327182279
389023	1.42402715299953	3.43869546974582
8886	12.3530868153687	0.317354534889272
54520	10.9004852740108	0.237437465748138
51141	10.0427327594326	0.782236535173947
2019	2.9996659848627	2.44933256645082
8685	1.54779647698997	2.61754399008061
55240	9.81324799505449	1.62861791531881
130355	7.8784533390679	0.574241940941971
1622	12.3713296562572	0.607531811164653
140738	4.16085972383664	2.63547123820205
200373	1.22642069565031	1.65328616642778
80775	8.9948844245629	0.53662330760745
101927764	2.42772495068777	2.56762237372277
5775	9.86576443486949	0.545965493967132
57669	10.5943071476378	0.695303333936976
79134	11.2690145178336	0.419098597109927
5899	11.6041977494092	0.770268440724473
105373989	4.06727515479559	3.10111741321462
3625	6.43620836214428	3.56943251561406
2736	5.88994844097591	2.74697943858204
29842	7.35488089644043	2.40732761688335
23332	11.0431087795084	0.747955939543626
254128	7.23356423107309	0.456067181925496
84365	10.2946762493367	0.425322275074318
7247	12.1103197881917	0.378639758913402
274	10.8144252546755	1.19571881535337
339761	6.63316475231512	3.39043395530925
2071	11.1055018026187	0.383493172719201
10746	11.4834228083822	0.506605845642368
100506922	8.20705445846962	0.736018915446531
5624	4.84818649275799	3.50177922035456
55677	11.6165347033597	0.259560866084197
4648	3.07523384213042	3.32070506161255
55679	3.63372841779736	2.8392805429407
84826	8.67962859358602	0.65895205306565
55339	11.658853972771	0.214959877682147
5433	11.2850230461334	0.401199332488217
83607	11.0685981558133	0.305472250733062
79595	11.0016594320231	0.214340957849486
56886	13.1281878520557	0.415469894350939
9394	10.1600094239917	1.58907848197893
440905	1.64528894904978	2.4699749783943
728378	1.5119575037597	2.1603118498081
91409	5.22499936542414	2.19808611428379
55627	11.8685181550689	0.322739334103037
80097	11.1325164658953	0.401500992926846
84317	10.0203402636209	0.474622320565743
92856	11.0925013193252	0.490466893956803
26469	10.1733014591136	0.541803846834357
100216479	3.33671779990406	3.37608363104218
205147	1.35912159280463	3.09111648813873
50649	8.52647771551069	1.85584602115221
130074	12.7633927276216	0.505192331179062
55041	13.041914177638	0.363585440879385
150786	4.16455627388064	0.47820805630516
653784	11.1564205343917	0.459537240369493
113457	3.21584728907167	1.12358243216188
150776	9.18074754842778	0.413531968722415
90557	6.57739107214947	2.18062842626473
29798	3.26406074103343	1.62200264979553
2863	7.99902606937622	1.54768455875992
116372	3.9378834017337	3.31334477264202
344148	4.11296437816451	3.49437239560597
101928161	0.893552094813384	1.76289456062307
4249	11.6208087816874	0.852374495633291
81615	3.27037363681248	3.69082914860459
100129961	5.13302146009961	0.798093497097075
905	10.2765981304121	0.539057885870661
22930	11.7500998476418	0.337733634475326
84083	8.57604263241918	0.431605491621414
23518	11.2955716763219	0.40760732434466
23190	12.8564301883764	0.39788716575612
4175	11.8214818970538	0.645270811122064
1615	11.820585470912	0.343213863450332
101928243	4.03755249793903	0.807590389289645
7852	3.12485534130244	1.82319523605804
80731	2.32246991268772	2.42838487292808
3176	8.53193457230922	1.2538986500764
339745	10.0794256984692	0.746003676052395
11249	1.14633839909708	1.89877666897647
53353	3.71950491716487	1.8947505097329
8942	3.86054472010719	3.08046459785206
79712	9.1733470444343	0.48175629231996
9839	4.18747433992449	1.80707070941181
728773	1.05671647721385	2.09144910409913
92	8.54476947222824	1.02481262224262
5000	10.5365245611607	0.280425397174074
55777	8.69104439621429	0.310222029795506
26122	10.3253802377775	0.498505182659962
3800	2.73350073607686	2.19250316493855
130576	5.58751592333854	3.90296172001032
130574	6.30730157238472	3.51543381563711
27249	12.1203021444847	0.345525554910036
101929231	3.4855042600912	1.26745080979346
390	10.5187757827939	3.02620329314393
375287	7.96827969180813	0.782207628812538
9111	10.5805132594308	0.948661224631256
55183	11.9936879573301	0.319392086377196
4703	5.17331957003872	1.4736681546787
26225	10.9898620274797	0.448715125809008
785	4.27127165911304	1.86812056973758
10254	10.3472803725839	0.488342795802618
114793	11.508635608251	0.801825791903727
55660	12.9834465664852	0.277423615848826
151188	10.3889778088808	0.363799772205882
56475	3.25950318692336	3.87880237986859
114805	3.18616751486302	3.70424899410885
3760	2.1368744994725	3.38249945244799
101929378	3.46135846101118	2.29287928006611
4929	8.45884100895859	2.62745303387006
2820	11.9054935961262	0.609199995738195
11227	7.92289298861634	5.17526184899401
57471	1.18244437795927	2.08098385538236
728066	5.94714431606173	0.536605946467586
9595	1.22650145436898	1.78161819773558
130399	4.20466422525992	2.95889883976341
90	9.915854909652	0.921534082397694
130940	5.35432571352792	1.17596930208872
8502	12.1342306008337	0.365859592182751
92196	1.07464842179788	1.58246128791105
85461	11.0633850361407	0.93779589473329
151525	8.75588375259898	0.58526449670204
29994	10.6414619913971	0.728874252128805
643072	4.57411268822503	0.771997118091892
64844	11.7906555749788	0.338504240647431
4065	4.39954291139348	3.29676916223835
22925	6.12165366041503	2.53596040314255
3694	7.45324664812508	4.07115338247104
100505984	2.63439099497192	1.99481377737684
5937	11.448643024004	0.746899454094113
10010	10.1061654060365	0.671572012054299
101929512	2.09521882676025	1.39286082014478
100996579	4.58200654947825	3.72114706220748
10213	12.3421412902486	0.397785376347244
285116	8.71210508662213	0.456675447148845
57282	1.04389377371694	1.8569165198015
1803	6.60037217552689	2.8231668984012
2191	1.70413088386982	1.79644797897405
64135	10.4504682021421	1.49243755097736
25801	8.97674471457852	2.56790322641632
90134	2.33056833330036	3.06468426352758
55137	5.21188462822536	4.26412069499348
2888	4.90463293724805	3.20843612283581
22837	8.73643277825514	3.02929608564389
101929633	1.35827790993771	1.72088666288376
151258	2.09769445154699	3.72942788922408
6328	4.49974907741292	4.0281502083884
6326	3.36230224106394	3.35501264641098
80034	4.80755788941479	2.72963903840568
2591	9.47047706163201	4.47706893217387
100506124	2.4969542482995	0.837785927990654
79809	9.40441879569032	0.462098149793718
6335	5.86647387967101	2.78772637737491
6332	1.57469927768896	3.36776974575028
8708	3.02266020652089	2.76272837109144
27347	11.3140073395919	1.08606563128853
253782	11.4207946884822	0.767045923458446
115677	4.11047884814137	2.02336825055322
57405	5.48874524259212	1.55615651456507
8647	2.52811763929914	2.72025389346873
10170	6.90051623881865	5.06708637474502
4036	2.81257923459263	1.29123865198752
129880	6.93472967806928	2.56223563364537
10324	4.28891728099979	3.04693466105733
79675	9.78320840340941	0.625300529470588
9360	12.3259668831475	0.239325168904401
129881	5.04807670716174	1.36244914264058
493911	6.43283913943608	0.573765202634532
151230	6.73175569629027	0.770424425100686
6741	12.8483819523272	0.399859292681697
29081	10.607252732207	0.311722404348642
130507	11.2049503555212	0.474071021118801
140469	2.52845840152351	2.18876125004937
440925	3.3124811790642	2.31175295258067
389058	3.20506395054467	2.67089338441934
285141	5.35954410483983	1.72373643807911
2571	7.06608567963818	2.30005015394592
26003	12.4369180707873	0.580351551807236
9874	11.7305299655927	0.357977756202952
79828	9.96206602405472	0.600133261681203
80067	9.92039562647996	0.414739132084352
79901	8.35702081733198	3.73859429268925
1781	12.1054018168943	0.317901181859966
8604	9.81107852440472	0.441123332514567
8520	11.6930390669583	0.286397733456025
254042	8.15098486752795	0.571424278852646
1745	5.43020936316153	2.59243607372689
1746	5.80056716484417	1.34720249874294
3655	13.2497901984957	1.39289362701213
5163	9.05444523986192	0.700043731884577
11069	4.39071564383999	3.53418780254401
51776	11.3642825224376	0.774419695933561
339751	4.60636188488625	1.42699070960435
83879	10.0978073716086	1.25332004264332
6670	11.8244811198657	0.45061244725306
100128905	1.07423361964734	2.42950253762544
29789	12.7434343489523	0.38266688436461
100131390	1.38535215433351	2.70924256073953
9541	10.2526223440787	0.384050902334768
79634	9.49164232934073	0.703013605304115
151556	6.822800281953	1.71568518205783
7456	4.53593790250778	3.22913562780159
440926	10.5074538014385	0.646231871010643
1134	1.10527610925863	1.90054127094848
1123	7.6183890238461	2.13051497810351
1386	10.4737597038384	0.705496479075206
518	12.9194774718507	0.481556635324273
80856	10.6814212782845	0.360002621262224
3238	1.80324839933143	1.5066069516816
3237	0.715654483487424	1.60166880406375
100506783	0.82543557358229	2.00312703249652
3232	1.56168929127034	2.49242943768663
3233	0.85470891144226	1.59231207130391
401022	3.45862344331056	3.60840385738088
3231	1.5135697702371	2.23853813513836
10651	10.7835376436246	0.584390012270651
375295	4.57320884767503	3.73802264318021
102724224	3.16402134318515	2.69901977972055
105373759	4.3663335794259	0.851565898665008
220988	14.3021277797603	0.552611608003581
4780	12.1902806536042	0.723730807941607
100130691	5.50888161850701	0.966552004601857
8540	12.1575934724353	0.483308879994765
150737	7.72153645143074	0.620482095770804
92104	7.8588595087163	0.818749022552445
50940	4.67469472574041	3.71901410129932
129831	8.4005851429533	0.382038322572542
114880	7.03261676722952	1.67852213023568
101927027	7.14051565095502	2.27924486264258
8575	10.8583103931566	0.496969631858468
494513	4.87592092669402	1.11977420251565
51661	6.58795619970267	1.17716770174571
65977	9.28920158258276	0.883511071404137
100506866	5.37501527448005	0.920871209664331
7273	7.72724923386471	0.721503856745287
91404	9.27517010076146	2.10242135561866
151126	1.82991456400199	1.96742484217904
57703	10.6087793120191	0.274658486665919
10477	11.7880008206821	0.539674194498723
3676	2.55909659911557	1.62220447072853
375298	4.50637321062342	1.33700489026234
4760	1.23934144635334	2.42637641424508
6744	13.4129617125828	0.910488013565515
151242	5.39234124989628	2.3157322963879
5136	2.72361624668116	1.60628228372441
54431	12.8287479141547	0.925228994365021
10787	13.6097711043868	0.318387124706708
142679	6.93104097534773	0.606381259879641
129401	9.96223294640898	0.566249833853392
91752	3.60482073477285	2.31319564187095
401024	4.11168904164961	3.53209492536442
101927217	2.52290236118772	1.10252443832428
55854	12.0586137270682	0.566293134724046
3685	12.9123811420199	0.825429429516826
165215	9.01610816684127	1.59362019941063
10203	6.16019466382321	2.84365582412411
7035	10.485998843381	2.74590374638316
51454	10.8907202924348	1.25532288172381
1281	5.70549617771753	3.08143136082431
1290	7.74779977248689	4.09996970181347
84128	11.1004736481257	0.623429641204692
30061	7.80739683496662	2.77390340419824
54529	10.7239286549521	0.331996577870782
150709	6.02789879285723	0.540004914389916
64172	8.02488778371278	0.493480285966375
101409258	2.81931457296067	1.15041191328927
94101	10.2503649126781	0.631785618791816
5378	9.79918444519536	0.579027506825361
84281	5.52725940800183	2.06212383131095
26275	10.0853432585996	0.503009782561185
105373800	1.48245207111216	1.21020088757596
3628	9.8985387383884	1.16678773378967
54842	10.0438444663168	1.19440209321994
100131211	9.29380615172327	0.513957953877804
105373801	5.73811766791165	0.963085551848031
4664	10.8820570915951	0.796623317560076
2744	11.9408551516853	0.861038911415267
6772	12.9256290718562	0.939329745582255
6775	4.42410607108251	1.89509990148183
4430	11.2939272001272	1.5511403639527
64859	9.58966285915151	0.835191725486568
8436	5.30900691449562	3.89414363967982
57181	11.569137387655	1.34073055500306
56171	4.86112336228007	1.94878430849422
9262	9.76963482253723	0.884845746166281
57520	5.8717903849408	2.40620794541493
284992	7.09954465219875	0.523777894335148
9330	10.9668618329959	0.568133012323547
80055	9.71682081193612	0.830985025756426
91526	6.62323407912782	1.28169285776517
23451	13.4769912817247	0.424955590371547
80219	10.6816498676824	0.483933114946743
3329	15.0320258512051	0.623374362892146
3336	11.397278070446	0.528200340576471
130132	2.42083676063889	1.75118668590925
92935	9.37889449584488	0.677607907078596
66037	2.05973249846444	1.48613062515222
5334	3.42197906602507	2.75980913635662
23314	8.98962848506289	1.60251046824456
150538	1.65631723638662	1.76385045646944
348751	3.57348691332427	2.77814850596571
205327	10.5310238930136	0.32286096026744
129450	9.17012068630845	0.318727411498153
79568	9.90273873950518	0.521575648805802
26010	13.1946522606703	0.678387520380986
130535	9.19052295785905	0.415730307148818
151246	10.7241359302914	0.502806119710052
316	4.92970077490885	2.05737445939882
100507140	1.3006456110164	1.33535166142358
9689	13.777241766637	0.458956185849569
1195	10.0233146633234	0.566940986819366
53938	9.33566750432267	0.610389911984865
60491	10.0731939753821	0.297200500392166
4999	10.7059516790796	0.427399262067597
285172	10.1824946898395	0.651944805597166
4709	10.8159584422923	0.620963589302578
8837	10.8824679813747	0.741188741151242
65072	2.21687584668609	1.85556293909086
843	6.62740059233057	3.38802020498557
841	10.0069414607564	1.42760010630196
130540	3.03185302807108	0.962152370105858
66008	11.354440924924	0.298529877691519
55437	9.94630152744593	0.603109068422268
65062	10.336973667219	0.466541710819464
57679	10.7709758762779	0.510110762935829
65061	1.93648474200071	3.08191260581174
8324	8.75635755444531	3.02673258348518
7341	12.6385697307737	0.262738681254022
51602	12.2725546274222	0.396449286838783
659	11.7456001807375	0.680248148390356
150864	8.45826181084494	1.05749392814267
130026	6.8093595803049	1.3753457674301
55759	10.2374422734435	0.99863470885065
79800	7.10454895801354	0.568833936625962
65065	10.3173652803986	0.36773856989065
57404	9.67349180698773	0.618912103629983
10152	11.6201499138474	0.362277485047077
65059	10.4072501848375	0.747108438030856
1493	0.711041165894386	1.9435811006699
117583	6.51480881868237	1.44375160450025
8828	8.74597008808464	3.66740643972516
54891	10.0257693313117	0.440621501245706
100329109	7.05501330892149	0.7961370716698
4719	12.4854547224387	0.370143794838062
1933	13.653217262281	0.41738303744728
619569	2.18440154928289	1.04430213061781
2825	5.31436920988638	3.29209792558351
57683	5.95756229303399	3.95032795501858
8745	4.38948214491062	3.45682703229175
130752	4.36751106319556	1.79360133149776
22868	10.4623825155919	0.495593773265808
130749	3.01460292649331	1.2513890811817
8609	8.7630248033834	2.52554421963564
1385	10.9037961095606	0.312259780970156
151194	9.37118995745007	0.683618378479448
151195	10.9466213448802	1.02438937759273
7855	10.3990900974815	1.40247050692386
389072	8.54199362555265	0.528931381777894
3417	12.9461679853963	0.669640295843417
100507475	5.24965125908951	0.902831338314603
200576	11.3672687666999	0.501991826389073
5746	0.99016056030311	1.72661518877461
4133	8.74472171030881	2.14708306947205
285175	2.62637110732238	3.29750547815148
6120	11.2099570447991	0.158105786441011
151050	7.60867612075395	0.782770709750362
33	1.36900410761648	1.63839635081883
10314	11.2279694231274	0.468035429815103
1373	5.57298674850929	2.97746578713283
2066	2.96348797868579	2.91733864421056
22807	8.98800389126457	2.25210613151433
79582	9.38241896980711	0.534179379622521
580	9.68701454138676	0.580485717617462
101928103	4.93301218926635	0.767138328939324
26154	6.30298351500297	2.78769969701575
471	12.5450373118295	0.519403136762272
2335	9.98733481275844	2.01822281329879
55686	9.87077076655728	0.68817844074877
55825	8.64671585310813	0.989633374957582
92691	4.62028654637605	2.78568206831169
7520	14.0764132973641	0.312789358995394
150967	7.71672650192628	0.579133190781152
57574	7.08265796352033	2.91396611686963
50485	10.1380252392052	0.40297110771798
6168	15.4911659441246	0.597268636384816
3485	9.01328191207654	3.61386832751572
3488	6.59748232066523	4.37484430949371
729582	1.7641336233568	2.1681486864578
7145	5.62523251696722	3.44049486388999
285180	1.379735028615	1.62212058801288
10109	13.718380124801	0.381018216543133
14	12.4205625760249	0.157195002262931
25953	11.1172087001239	0.532653811559103
64114	12.2986384955954	2.92711743725513
6556	4.50064306520727	1.05960387936119
58190	11.6260926688556	0.364452158537923
7429	5.44603518515418	4.78171361281038
57695	10.790409020293	0.524633683047578
9125	11.8531542468651	0.374802517134003
84812	7.24924628945899	0.837732939444309
7701	10.0310881717324	0.806176885041669
617	9.46008878719805	1.1104765220521
64320	9.68084040631302	0.341050551028391
27148	8.79581995022605	0.512504778417942
9654	10.4105947904483	0.453527535273276
1593	3.38917435158315	1.89447384719572
7475	3.04324364562102	2.67352133351223
80326	7.46646146103487	3.43322610876289
8941	6.28411189044837	3.58273777555353
54738	1.57622860539631	3.36583953524381
1412	2.18857875651763	3.22402774974205
100129175	1.13468750699766	2.47762839551805
255101	2.12154093661319	2.3858552550991
3549	2.57521913147004	3.72323300440806
100422957	0.875687994551125	2.06242911145592
79840	9.06073621248643	0.674854080639933
151295	4.73061189936297	0.782444405720573
27013	10.9256966506211	0.351344802870045
79137	11.7674366736438	0.429015446299994
130617	9.29134947671208	0.376775088515257
10058	9.51599525782375	1.63407938859134
79065	11.7241613163711	0.453248279472402
55139	9.5315242766182	0.475362240380801
79411	7.3286137529912	0.433763967304903
8576	9.66418519762379	0.351366369798832
7277	10.1687018709037	2.80324291542074
3300	11.0037755720507	0.779745522616053
5798	2.48924554251814	2.35826702284316
23549	11.1251643851651	0.358719647237901
10290	5.27854958348631	2.09205626593313
100996693	4.43636842786125	1.44641380582346
29926	10.7251256449304	0.627080369923723
55515	2.49719776568452	1.89265101644196
79586	10.9892498867095	1.67206022941429
130612	8.6593265358785	2.17380513687857
23363	10.3781700318955	1.29743435795599
3623	3.48176332325496	1.86471893399745
114790	9.71775968368858	0.53947025849833
6508	7.08037978700624	1.07339172636043
2043	8.77140004652041	3.44658097344166
5077	1.82483226147542	2.614856598807
130367	5.77416304006144	2.85084852097428
10056	11.7085926532811	0.694789093040798
2181	12.9504395641135	0.629097259767837
23704	1.55111570978321	1.93750415451352
7857	8.50124828845834	4.69632106705378
130340	10.8736155147345	1.09717705098698
57590	10.9051040565138	0.544817141828312
65080	10.6655206597735	0.217606753159384
5270	7.67669442733368	3.49428403073736
8452	12.3135767652319	0.27594171147957
55619	3.24877516126847	2.30500742202096
57624	3.84525113345648	3.27219070289392
3667	11.3691446712852	1.14600942566211
84236	9.41743341419095	0.449925695564077
1286	4.80456431577079	2.07050299002321
1285	3.07082046274707	1.71849902410651
654841	4.17773922344068	1.14663231373525
56947	10.8720537357845	0.21070310994147
3267	11.1782961440557	0.2928714291932
80704	2.53451903921617	2.77352195422561
6364	2.53963589947675	2.58256972415822
164781	2.4881460503327	2.08728587124863
55022	6.11950099551819	3.75652845878377
92737	7.29294525420246	2.54948994803253
9320	13.6963798030771	0.337598289113408
130888	6.57195944012454	0.848939279224584
151473	6.56986002499999	1.79866967626535
3431	8.88268516415625	1.76685660834863
11262	3.67263319376072	1.28920077488723
93349	9.7234623122489	0.841367415873963
6672	11.106306313214	1.03648915385932
151475	1.67185384312731	1.27778745287042
51719	12.1517074463905	0.518977446838076
81618	11.7612506472079	1.27112426913445
9290	1.04839785476872	1.47821594984342
348761	2.57467977711776	1.179644518761
257407	5.7796477600094	2.59031547196945
5707	12.9634942191725	0.243674799581058
3357	2.60995021090748	0.900123779990041
80210	8.71952427559914	0.808427070778488
93010	7.88124846998204	4.45144090370218
105373926	1.39772078346301	1.62913937096722
4691	15.3348352622313	0.359425552367542
6082	2.09223914252391	1.27832458707014
151477	5.10906521472019	0.917920819198394
5757	16.1166157587546	0.566580873250627
5147	10.1185205349151	0.246072743326968
64708	10.6604538280429	0.463803392078903
4880	2.63743759359192	2.7065432208068
129563	9.64474463908775	0.405571446831427
250	8.10973401512781	4.41193626788237
347694	2.72500842564114	2.59316912191451
251	7.15163756746052	4.09211670364994
9427	1.81290099376371	2.53046175652266
1146	2.23401809013761	1.5088383566301
200765	7.41414768448638	0.907310149286734
9470	11.3750153909839	0.449623937418149
80303	4.44576389649695	3.82174165734135
26058	12.3356931608427	0.297790610354057
3769	2.10742495600295	0.982873544942056
389084	5.85909119541405	0.990093093619641
25791	8.17420782608813	1.85165090404621
3635	4.00514820190724	2.95036039444856
55054	10.677388853448	0.407213650824385
8527	10.7355504661726	1.10113709836501
55230	10.8163644841514	0.374271742596404
54575	4.08525939885553	5.36764739627457
54578	2.06846547293138	3.06658386716487
54659	1.40589941461838	1.5706634879822
54658	2.12192461475396	2.49963595543762
339766	1.9101010456833	1.22905255465432
55355	11.3780684659994	0.463936043686344
151507	7.85900688940386	2.98227240637471
79054	4.99513973784088	3.59599886292285
6694	0.486731575708307	1.33002289074869
10123	11.2908319873161	2.08377669650982
23677	11.6760581048236	0.982159102076023
116987	11.3113202692102	0.709003708327403
2637	3.79014228000545	3.52325134790099
401036	0.943433045909996	1.61778583180107
79781	2.27262909081945	3.25904668742955
57007	5.91119972841206	4.45494038538607
105373991	1.88626724275139	2.28359383435219
10920	11.1093541676281	0.372382395551188
1293	5.26238670250092	2.89048773552032
105373957	4.98704298412848	1.56822922233897
79083	10.4965375121805	1.17165622422158
64284	9.06102421580345	1.31000955737726
9208	12.6486031383322	0.41767468647347
375316	4.30892094679467	1.45360702262258
10267	5.62942262822859	4.06301333834673
140739	9.0842098087542	0.608076170983815
51540	2.92004731787782	1.0210824713516
339768	2.41230467622272	1.59165582419901
377007	5.59017663799348	2.57964459045926
151176	7.12660118599076	1.39315374551577
80895	10.0708136098389	0.273484930634592
151174	2.37839826439174	2.7118639668052
55502	8.35511874093942	2.0391264336547
8864	9.58493905786013	1.01007643831643
26146	9.81938119774915	0.400554502242904
51665	10.7309697806307	0.336700740833372
100287387	0.695167587923855	1.9004263429805
117581	1.06317183962075	2.27754753823642
401039	0.959409692336715	1.94991919893712
9759	9.80397085666	0.72054165268405
101927147	1.59803382823934	1.40193124086402
4705	11.8076431848854	0.424199479116688
150678	10.852393896824	0.456820452834793
2817	12.2132812093243	1.03838569883879
100130449	5.03966662685371	4.03945800247349
406941	2.09320284453668	2.17629353972712
51281	8.16857912682739	0.723325484208719
285193	6.64900735395402	0.489582857144407
57140	11.2709254402705	0.678264572287975
101752400	5.6665478284876	0.798192244147376
11132	9.78401678644969	0.435974720496175
2859	6.97091958088762	3.21516874963902
547	8.29201079389676	4.56784335457949
189	2.02197065451235	2.12176558919328
79919	6.60139318021573	3.59064929472611
25992	4.8820263468836	2.20194816219665
130916	9.82036986006949	0.458269435212389
23178	8.86838220877542	0.350178333399887
5510	11.1560124866302	0.284654246553278
50636	6.52035278943158	1.1296025591882
3069	14.8656746231351	0.325982722018195
101927509	5.55425487316436	0.915985818272998
4735	14.2175885237227	0.420276139292034
9855	9.47697630499546	0.518070355862385
10494	11.7363024881438	0.479510841858781
666	10.364881388178	0.447764113558473
51078	11.1679580664675	0.437533875024242
23192	10.9018187034703	0.228210516415095
1841	11.520205621991	0.438588917069908
84289	9.73804852684128	0.280652239349393
728294	9.4294803027276	0.405853767192746
728323	6.34707942706168	0.757263757877704
140680	7.82395502761944	0.762000239853273
85364	10.7081352285671	0.65789170025531
100507459	6.8393072454174	1.11162479477489
6666	11.0165464513239	1.39145112904536
80023	10.1545589361178	1.56654213031827
57761	11.3963288473631	1.41249743141353
10616	12.0135490930763	0.641169779374132
128637	11.2436271790645	0.313294993639067
1457	13.2005258587952	0.237211504906353
140809	12.5732400784711	0.636030446278373
113278	7.65459725857864	3.00508471340766
83541	9.30505821638567	1.03866917080998
51378	2.38168453807777	1.61665447013329
343637	1.85271942160192	3.2098288748538
105372493	3.59989977588783	1.02765049503593
9491	12.4605901144077	0.370647001697167
55321	3.86883387898901	2.00472655600653
642636	1.55090083169244	1.66513406249521
9751	6.50663363277507	2.49992451347195
100507495	7.11658087427132	0.871889848792255
2280	13.7389835041609	0.511021049435069
55968	12.0658483627703	0.477541015342983
284759	1.59675451582969	1.59930350805808
10326	1.78960499894445	1.42021681026214
140885	5.6470690304368	2.40185495019956
140901	11.5345561873343	0.455258641195804
6628	13.9883098675287	0.384858384015213
79175	8.86431946150492	0.361332719871963
10528	12.8215984218206	0.468033221150462
692213	4.22002751460938	0.907783843685622
677831	2.86137521059798	0.887317869975526
3420	11.8307725933824	0.266226634405985
57593	5.41975523659176	3.11912658003236
56265	1.38033997292625	1.4246134759991
64773	9.69212412070901	0.572879932610315
64601	9.98603472751378	0.279470821312077
5786	11.498869754602	0.262057668383649
2797	3.16477299657206	1.96462056252731
64949	10.6784780228201	0.634754231229206
22888	8.9696284969754	0.26058896489779
60493	10.0690834391883	0.588375253698751
9762	9.25432804011232	1.54192645937186
65992	11.7322926921897	0.541321531291837
3704	10.8127563729265	0.559254786581903
83959	9.50046119105539	2.18677090089677
25943	9.46793454580711	0.872193567840822
8455	11.5957386077027	0.427421942361695
116835	2.99735205317347	1.25155474600937
54976	11.3258889720061	0.313565379292422
25876	3.23802258238452	1.35336982917626
1059	12.8860882361001	0.535107431522787
994	12.6603902885367	0.703060598369117
101929125	3.47530906628612	1.35084293450869
55317	9.6980226585707	0.710696159045629
57506	12.6775502169761	0.53420203513052
80025	11.1067955479849	0.290042864152647
11237	9.87781108055637	0.928347784182161
54498	10.4840524578554	1.1848897107379
146	2.09617547442282	2.27292856728726
5621	12.8049309055281	0.760896086902103
23627	1.22288209864833	2.54904575183384
9770	5.93342455991863	2.83533935694858
9962	10.7211874871139	0.44058751897264
29058	12.4290556701468	0.403345384131072
5111	12.125636058282	0.432374895124831
8760	11.9014349536013	0.274081757018507
149837	3.08794073475516	2.19758057904188
56261	9.48039219375359	1.17282366936479
149840	7.09713723744976	0.88290995045317
1114	6.26218529921272	5.18202828770948
51605	10.6751146755454	0.551247382106404
84515	11.0432545186583	0.387612119024027
101929225	4.51472318533702	0.650712096930861
54675	10.4394689209776	0.438609230535494
164312	4.81406945813799	2.7555220886944
55612	10.83598663562	2.16352891124951
650	4.07993886403437	2.90434382265114
56255	10.5855604508058	0.917144593619037
23236	5.46234097128722	4.13776491829507
5332	6.54455930292222	3.80436728000005
24141	1.25278299516892	1.80217197217443
100131208	2.01819244703185	3.38593028757844
63926	9.44829497476846	1.2835838138576
6616	3.77348322129495	3.57352539947016
8195	10.9770448401878	0.713211522380237
128710	8.35958439725007	0.529116703088065
182	10.9467287222333	2.33058803084326
22903	10.9437988924464	1.69865556633018
55304	5.47116975368622	4.10294518034948
140862	3.20266628388993	2.38209228515326
55617	9.14635218458975	0.692898535787872
51575	10.8534190659358	0.464496588434928
79133	8.9955247051598	0.565594686216214
140733	6.25284278378759	2.82932707480041
23767	8.63172201074118	3.63970671691703
613266	0.622720413870665	1.54460181648056
55614	10.3210160845503	0.624983291457268
6629	11.4492019320576	0.448458535284118
5126	1.22647707784961	2.85016090622154
631	7.0157150268427	1.47660052441445
11034	13.9549291371027	0.453433244718709
6238	13.3723200283708	0.368360890447668
27131	12.466491388531	0.641183575084547
692086	6.59040070569757	1.09311053108247
92667	10.9037965719129	0.507983532172694
58495	7.66486888558585	2.33783996426576
100303755	7.3030318843592	0.626406155039614
57325	8.92094494888111	0.553771275378621
7692	8.86698337166906	0.404120990829819
55184	6.67318027247191	0.603998723486623
10621	9.39246150814246	0.399828522484556
10741	10.2250283910449	0.257913923972747
10483	12.561303111331	0.874076634093955
388789	10.413804542595	0.575079140131664
92675	10.406426712759	0.795630285300822
100270804	3.46215030507656	1.26332494799174
57419	1.44129598700457	1.84847029651258
54453	10.2490163572995	0.759019599072546
51126	11.4354021679429	0.642125366894335
51340	10.9739259930451	0.506698783480663
26074	3.07324116068421	2.54078697199461
3642	2.48630133985549	4.83242131482306
57186	10.7440149768154	0.928271147860111
55857	7.72719267901849	0.64629356705687
22803	12.511672921555	0.278771420940417
4821	1.56436134091572	3.3880104962253
101929625	0.513986051483534	1.41041761766155
140828	4.89416490636741	5.36967958992372
3170	6.72646046249504	4.73298610386209
7056	7.11041310460275	3.92061398933566
29107	9.93092812186847	0.492953444741237
100505683	3.63786548994342	1.05374302948449
64412	9.78733663505836	0.459241342109041
63908	8.69283846014473	0.968186061338575
1471	12.6016088348201	1.07941526581435
1472	4.10325953239245	4.19262483320265
1469	5.22366257978399	4.81613697658107
1470	3.67028910132641	4.56885451967228
1473	2.13183175545463	2.86738148880016
92086	1.01573439453602	1.75868472285784
79953	0.877280952356612	2.04373564162483
57136	12.8502575497592	0.303834669376442
84532	7.44546918681877	3.47518927533624
101926889	3.65957700714001	1.43592349381192
955	12.2853604802478	0.446447525701854
5834	13.0142942845496	0.826305472960259
26090	12.2984631806479	0.463417736069217
9837	11.0116008189304	0.485487245683398
22981	9.14005679099816	0.974818334198137
140838	8.96823014465341	0.604409203512411
102724826	5.61739170463337	0.752091332098373
26152	8.83921113540982	0.342365351033435
101926935	3.70580621696928	1.07885997189354
100134868	4.53592839767876	2.78898737929997
100289097	8.15711619318968	2.64997474790314
102723316	2.17483996590573	2.13408666136317
102723390	3.43261494500121	2.74693893693285
284802	8.50076860354466	1.09829845508627
81502	13.2343881348539	0.46429106884178
100101490	7.58964236312343	0.708993645188008
100874042	4.52751164851567	1.08482672068456
3397	12.2517196060882	1.2730450394876
598	12.595573252454	0.979252505330711
22974	13.6946978486452	0.635308383269876
85366	2.97079608608343	0.945289052396415
128853	2.75605947343381	2.73609973318955
164395	3.66532039824186	1.30698498884491
81572	10.4644514624826	0.584489639427859
343702	2.90643930555146	3.49080992005578
140706	3.2359024141408	2.54122220854245
9777	12.5625320420684	0.664031284660478
128854	3.89345992483879	2.28608841655433
5326	11.3202214891647	0.539804426511318
23509	12.2259571750676	0.545013198652275
9371	12.7547564147579	0.594151995219011
171023	12.3248968063881	0.558519873040844
140688	9.58868458944883	1.68592316364876
284805	1.17133166716066	2.49996320105858
149951	10.5117169814551	0.811823970738346
1789	9.41887693807973	1.03620915803513
22919	13.2674259764404	0.410879835719378
388795	1.65940824264802	1.38973558580581
80341	1.26212557787513	2.75758243711688
140683	1.88819790952624	2.50755768288655
51297	1.0857764396878	2.22872324506377
92747	4.09669494472169	4.3233941245968
51654	10.3712009773738	0.439404465833453
6640	8.88053864506683	1.38132803694736
9139	10.7109551551544	0.922975565156542
63941	9.55257484314272	0.932439077038779
128864	3.8167781096889	1.14609699087285
170487	5.1694700510083	3.1503554816856
1869	11.4145314327653	0.79375581339187
11264	9.35537879230889	1.19047367679182
84905	8.66758567710214	1.27297132006945
101929746	3.60256781924668	1.67502147411505
128866	13.0304659748171	0.891555964662241
101926888	6.34390617366041	0.835979377872756
22913	13.0200839019651	0.476814984297711
8894	13.7071854950969	0.504086571983121
434	2.63458958547505	0.640375711147076
191	13.2946131792444	0.493361910019692
83737	12.5216848504764	0.545763979373979
83658	12.2341354993671	0.462747586664273
84557	7.16191247228211	2.94239851656205
128869	10.2835232708632	0.707134409304766
58476	9.7365323479357	1.4794501039376
23054	11.8019702804146	0.349985232942595
2686	8.84808956336153	1.5885997399112
55902	10.3748752236322	1.0183290121291
2937	11.5553761095932	0.527960748565281
57644	5.02131208499928	0.850234431751528
26133	12.0669534306634	0.354318991943547
55741	10.5930353295667	0.374359633782524
10544	7.59729132286081	3.23501705270295
10893	6.20547811718486	1.43284714461062
101410538	9.30891901379171	1.19155727297212
3692	12.5341021210399	0.533009544301152
140846	2.69930185426129	1.1222516206582
55245	10.5598197432371	0.489175316006763
11190	11.192118856151	0.728971208973358
51614	12.9118528633593	0.502107683165399
80307	7.91997403065591	2.97288977429463
6676	7.49343882820246	0.790836538005404
8904	11.9799111873509	1.12331106188629
10137	11.6868860386615	0.209293145071071
9054	10.9485969794057	0.501210209191418
140823	12.2154088811372	0.787632315212262
9584	13.0210702392543	0.281109070511562
51230	11.0851991142695	0.723273458739387
51282	10.9750982792977	0.53266840704935
140894	2.87878275868893	0.860542566168985
647979	13.9095461435489	0.681477580901606
2036	11.2850527962559	2.43588539550117
25980	10.4870799733764	0.304852374894069
22839	11.1840111125146	0.619884220097337
101926987	1.7529779102701	1.44525725814004
10398	6.52813446812232	3.01116342314834
60436	9.44067876806071	1.45125179064203
55969	10.8299483554453	0.822762777648633
57446	11.0896308146643	0.599867257570467
79980	10.5535092478469	0.510205113783117
140710	10.8121859030406	1.27197662685863
140711	9.36212739339442	1.2908526872679
25939	10.6992068162599	1.43144723597323
5933	10.1672225400653	0.363319568004819
140699	3.74963753083166	1.43374254414639
6185	14.0618005414262	0.458361887305439
63905	10.94591764059	0.620498885663635
6714	11.1619275236786	1.34010909619238
10904	12.1510082318276	1.10396496322288
4826	3.6790457078117	1.43804393812983
100287792	0.766984606838579	1.74847031769718
56259	11.272298058807	0.667571078809407
128434	6.69090242567655	3.39152864617923
9675	10.8708487472665	0.39047592095731
58490	11.5361401913273	0.545191350513159
7052	12.5779735340331	3.79345800806133
85449	3.75137205945148	3.08648055991133
388796	9.83076993028481	1.06484829356935
26776	2.91197858139994	0.785687659133297
26777	2.36780346601508	1.07093062918393
677839	3.06056199792355	0.821312483039148
677840	1.63177553105738	1.28297690994906
128439	7.45359135763877	0.651872369787533
57148	12.0143863762607	0.355986958858038
343578	3.77187940522806	3.61086510513204
79913	8.83607067767879	0.480071637312274
26051	2.18531012038681	2.31651479166708
81610	11.0504337598474	0.767642669036182
60625	9.34534045991952	0.602719662627917
9935	3.7522498365955	2.75290846080169
7150	13.4645328814283	0.450909206020141
5335	10.7197118081695	0.761994781426012
23051	9.80284552848026	0.91223056127858
64900	8.20139800040482	1.89920270687156
90187	1.16518713221909	1.32618576131748
84181	11.0714191411217	0.45594537356291
11122	1.05181972231186	2.35082427299496
6431	12.5082395684237	0.205792635973522
26013	5.90747365970505	0.74569727091643
10110	3.97774132281395	3.34234676365852
51098	9.97885113354907	0.546034138394535
4605	12.5197800414348	1.0953911885481
84969	6.12311802371098	4.06467422288854
57158	5.44683968848065	3.93423279956429
51526	10.6916542684257	0.501522404209602
100505783	7.70347029942291	0.576840934863532
128486	9.21077630016355	0.681201019037002
3172	4.19470267223718	3.91337236358841
79183	11.2914113385821	0.442382209351955
10955	12.4196848580436	0.409118961305999
11142	8.21388683892296	1.72716388057534
100	8.88472628500509	1.76483939456999
79015	3.47966936234311	3.16531546656476
8839	2.57328499431373	3.06719045209623
60598	4.77048248519054	3.15059273827196
140730	2.80551452845602	3.88011505305765
7529	14.2801537808196	0.453768913065762
80336	8.467910331217	0.793082370201411
10953	11.1972053400007	0.519891287004063
100505826	3.82642255969142	0.717223505245584
6789	11.8066287499555	0.585301320992944
3787	3.01029530621576	2.7041709233176
5266	4.11808850919088	3.12910015749947
6590	7.68654601078651	4.6686095582597
8785	2.97301809291895	1.2682187760168
6385	13.2848465725851	1.01870594996235
90196	10.226451252925	0.674682168999959
27296	4.77779708284755	0.703253950379012
55861	5.35410637467721	0.727927362064908
51604	12.0555365382552	0.452530816235934
10406	8.91581629093373	3.79793269610153
140686	5.16519677987759	2.01566900482738
116092	10.7911349540926	0.582056457354971
11065	12.2931589620597	0.735881156942338
7125	2.47066624239869	1.26171905835135
90203	8.74087764909159	1.10618474991485
10005	9.22214110174543	0.548084634696173
140831	7.54722114989717	0.797727923902726
90204	9.16231165174837	0.39027399007983
128497	4.03252857094033	1.17389597051318
140825	5.3500769460185	0.796934020371097
5476	12.7777475592572	0.720828203628085
5360	6.39539521028309	2.99275385767145
63935	10.5598320143784	0.550895530650682
63925	10.1965489204282	0.395916042718054
4318	4.47406964288054	1.81189788076146
57468	4.50955722021873	3.28893297967397
57727	10.6461655645343	0.405898869337719
958	6.00548720986497	3.93117001547137
64405	0.931039646003238	1.36204132550663
51006	10.8448308290945	0.519004119603041
63916	10.3255957043734	0.671405596923519
55713	2.94266021484809	2.71311285251806
64849	2.6687564899564	2.32641795220332
112858	9.69389094905142	0.830094103687633
81031	7.80791871580238	3.22665844277859
2139	4.05163755459564	3.10062045513949
23613	12.070901467785	0.48832159063686
100131496	2.86001842524881	1.59782034321322
8202	12.329831457552	0.973699588091332
55959	7.26557716254404	4.89861352889098
101927457	0.916345900878471	1.46235750568636
57580	5.65656716509086	3.29173428213147
10564	12.3826869572771	0.641270919505906
1434	13.4797001624269	0.70860418572912
6780	12.9297488043628	0.729726155328451
55661	12.4141313705668	0.685887912429874
57169	12.4011711452729	1.16543539685431
441951	12.2837048002876	0.756211359331221
26765	2.369374446102	0.912439126024798
100113393	3.40790657854988	0.753711075170407
692057	3.39269749012255	0.836448861502421
3745	3.95513252406248	3.02160508167076
5740	3.79136939155177	3.05184058157591
105372715	2.73622804275221	1.69535436219414
9334	13.3934523130061	1.36820153674356
23315	10.4227984713071	1.19323585372766
9825	10.1033489829282	0.825724029542601
55905	11.9186184014077	0.593094191234034
6615	6.10442568569844	1.50163026995023
7335	6.61122946455116	0.739570593104837
387521	10.3458154182965	1.05625986217296
101927541	5.04527870343783	0.881515717381976
101927559	4.5217590092498	1.29423499575113
1051	11.266737756702	1.00445327282516
100506115	1.73936783241346	1.75200730630132
284751	3.47310931479023	1.68280897645881
101927586	2.40389420377233	1.13174726000425
5770	12.1118597319181	0.747261537637108
140876	5.2909422590392	3.53776883650999
84612	9.83250260529857	1.48889885416951
55653	8.86603691906365	1.44334149028828
23394	11.8973998113863	0.519540240233514
101927631	6.71961303766239	0.600746821905201
8813	11.2442654365063	0.813224735421591
27304	9.68471357246097	0.800763410053745
3755	3.63328779716124	3.79070965915033
4773	8.70268893331959	2.11131118582976
10079	10.7073787910762	2.44998780229515
57167	4.26852606029646	1.91242542300677
55734	9.8151623012	0.634274791035551
128553	5.59384176438708	4.03825639082916
101927770	3.93448200371797	1.35536910327608
7764	12.2078777101123	1.15302240998151
8537	7.59004316982589	3.30025473593208
1591	5.38236914688642	2.84169176043573
5203	10.3363678298442	0.865928845972459
55816	2.93854879190553	4.06175070748492
116151	9.98146074595417	1.24973921733343
6790	12.2153158874811	0.552215773195178
1477	10.4793011021795	0.301648410712468
57091	2.4277947737292	1.12343326200665
51507	11.9626665976463	0.377159347800354
7022	5.42662845447329	4.4636031094388
655	5.63059102679635	5.06244018523226
8480	10.5722762772126	0.50178540664161
55544	9.54541852523851	0.810534440696265
81030	2.00308720255972	2.9276432178707
56937	9.98101529358556	3.67795968764332
55370	6.9580289229516	1.19147725348485
57403	11.2567800411436	0.457511289702666
9217	12.055305150689	0.455939905476269
164284	2.27851798893037	2.29678570445961
149773	2.05086493126961	1.81970886703573
8675	11.0280418668072	0.620503850412356
79716	7.51548304121521	0.942327633130867
2778	14.5641846352139	0.425357919121392
101927932	2.35805773800595	1.55508897463707
51497	11.9698447935898	0.327390965395851
1522	12.5829643639095	0.673768373387354
81027	5.01108647496647	1.12793153038833
514	3.77933638818832	0.931160504458934
51012	11.3945844500917	0.426559006901033
116154	5.96278881496056	3.7540734116112
10388	5.54385320556925	2.77892348460473
63939	9.87316181042685	0.709517680633656
5509	8.37153792509732	0.767491900783709
60437	4.21216407019359	1.98134610164199
284756	0.889778544244485	2.26980768833103
284757	0.825108600341205	1.54078611208694
1002	1.65209122797144	1.69903687040986
6874	9.00786597562612	0.544457201491472
149986	11.5490027040423	0.371299448274385
5688	13.5375235800584	0.381651704971612
26039	9.40714965784338	0.801744357085452
26164	10.7222180125112	0.484225266069515
11255	2.41555836838274	2.29991755023031
9885	11.1948424181084	0.417257154185541
11047	12.40347708218	0.40865387531228
3911	13.3975328602682	1.50658964887274
101928158	2.36320446060904	1.52605944964248
6227	14.1875537587171	0.576259349242522
81928	9.21533694882471	1.02513029679398
140893	4.95768882788826	3.47403776858519
140628	2.33567346161367	3.47688478963893
253868	1.39006334943048	3.0505966621258
28231	10.825863680507	0.954957361067296
101928465	5.54720912301715	0.965973436177053
100127888	3.61530920802345	0.826041817128237
4923	5.86233829313358	3.80163787959984
100652730	2.85842125477906	1.85015115016244
55257	10.6622725812467	0.427826809549971
101409261	3.57803077546364	1.09363540938356
11054	11.3259395490397	0.658411141506635
1299	7.44061785261943	2.07013752661291
10732	9.48346228872752	0.684961845528612
100132911	5.63861678571074	0.806055338821001
11083	11.9222255329109	0.453702600462448
54994	11.8447768775366	0.578378985087381
63910	4.89690256147411	4.13654083444807
768097	2.10282009044863	2.13524152736752
768096	3.53827271810633	2.58592682878617
54915	11.625322441091	0.319741921721729
79444	1.85496357445725	2.1086104906189
128414	2.89177529008217	2.77933357010728
100192386	1.30452268286967	1.87753364755899
55738	11.5246064215783	0.294808811703189
57642	1.99617580027142	1.73226745313412
1137	1.25315449244393	1.85568049101896
3785	4.05140548965057	3.60527197521578
1917	12.0549647449686	2.08301894075568
79144	12.5166024154506	0.838614482150537
5753	9.52094105560343	1.66629411671694
6725	6.62488583050716	2.26265071425918
79025	4.2673693460748	1.71426819900189
85441	11.5264823142692	1.44630267086837
26205	10.217369253145	0.499254040172171
50861	10.0239633448008	1.82761277141327
51750	5.56162063927077	0.729200407209657
8771	2.72773375413168	1.23321434584546
10139	10.0894535131592	0.595705277708376
84619	10.2128617247765	0.427199351627296
54923	7.58384722152948	0.43254698615681
56731	12.065804758837	1.0258717408193
140685	7.11291356797934	1.70136258675515
140701	7.76262373090361	1.00474207593403
7165	12.6053194266333	0.383547463518907
80331	12.639092960836	0.378157994658028
54963	9.5029557076648	0.540367128539983
100302137	3.02572421871111	0.653126901059531
100113386	5.42060642507538	0.90108911823466
57473	10.2307490712569	0.8247418924731
140700	8.77567519394096	0.7750126363648
24148	12.2210353604963	0.304028414926955
284739	4.74075224366832	0.949010942555858
6919	9.55519403533299	0.809434645309641
54345	2.76230404003025	3.38463167191683
10287	9.28355148568875	0.495561704422277
4987	3.42283838997999	2.04256116609397
198437	2.11924974426267	2.44440711737907
4661	1.1576266489547	2.05363378949653
55251	8.36196050148778	0.451530024793805
102723996	4.24944484159353	1.98255055737033
102724023	9.38668357808109	0.378009904324086
102724159	8.81706199264152	0.400170610067895
102724200	6.41659463030803	0.154110882803922
102724398	1.15680603413834	1.25364489644806
102724428	7.68690762499856	2.86094205154609
102724441	4.7582123918161	1.32520487974135
102724560	3.82390733515335	3.32455482575566
102724594	7.35751956146446	0.697845822979542
102724843	2.88053977938382	1.44728124857074
100500862	3.40530338365221	1.09254710220386
100132288	5.4198860352535	1.56196966215987
54055	0.610505637025335	1.68540929936055
54033	2.84797762621331	2.41345341128787
6782	11.176834364703	0.579540365218281
8204	10.9978199241892	0.946462244225616
29761	10.3633903264574	0.534125744779875
100189284	2.38922085810056	1.86883497336519
1525	10.0632755388636	0.875508898294732
10950	8.30517902894155	0.984230533492076
54149	6.80533557229853	3.25274249755376
4685	1.87640259555137	2.25169208205399
114614	1.28557346184299	1.18750197648607
54148	9.7790821419029	0.605662160820199
58494	2.23478523884297	1.69945780904266
522	11.5162049647831	0.391714600272854
2551	10.1211912891934	0.483965932346141
351	15.014962005951	0.37961786912065
100996571	1.47206670274147	1.33438813141082
9510	4.70246226981968	3.00128705668135
284825	1.5519058808496	2.17094526155647
29104	7.61513484189102	0.490902182856859
26046	10.7028090228245	0.538370480556109
10069	9.3037293567511	0.688344818033217
10600	10.5514967540389	0.288334343384515
10694	12.9959730683522	0.416132523984372
56911	4.54476827072759	2.52075159464064
193629	1.28801018828874	1.81644452138501
571	10.5382005966225	0.44932440618804
2897	2.43758460007413	1.07742555044886
7074	9.13858696042274	1.1075318539877
150051	3.63319631671123	2.95902861547138
6647	12.5002818796351	0.531816561415905
57466	11.0354141203414	0.375362370914916
30811	1.4664710619003	1.5794211805661
54069	10.3450743860934	0.52396789747586
9875	10.7815151412246	0.669424406932571
84996	6.70750099794511	0.68477233037238
59271	3.89250303641391	2.65353970994307
140290	3.20408969646072	2.20712335862165
56683	10.7099908001774	0.569315136197779
8867	9.65522225787046	0.697240545351816
100506215	5.49690889448696	1.06917771029299
94104	9.66456000961425	0.329685812301649
3455	9.17654266473846	0.850139824239392
100288432	4.6092488504178	0.972301213910802
3588	9.51858530721087	1.14000583276013
3454	11.4714282770526	0.693700785991306
3460	8.78778859794415	0.565035664479818
757	3.08997106852874	2.38002098501809
2618	11.8878479786924	0.487136985423957
6651	13.4335135231173	0.267745943261081
29980	10.2436390005309	0.633778981158098
9946	8.87129268399921	0.563356855424998
6453	11.4006786041759	0.916368826853894
539	12.1491249352809	0.649706205127661
100506334	4.41191081155193	3.56873273639698
400863	2.78633659771981	2.33008228956999
6526	11.4090712609063	1.3635037276776
64968	10.0863272102416	1.12398197838619
114036	2.0286494166753	1.19344586900689
9992	3.2751064160147	1.34798472916203
54065	4.3750007540704	1.4846729388909
1827	9.92614609119759	1.09103702990992
54102	1.70723033596039	1.96410663629904
100506385	1.45144262449491	1.281938308916
861	10.8811473721518	1.22308003611928
54093	8.24895138384426	0.548297607430141
873	10.2197178235597	0.744627933239996
100506428	4.97421260103359	1.1178336122815
874	6.08820952378271	0.906139402056558
9980	9.81560038873561	1.11786869114382
23515	9.97183095414254	0.717356880131859
8208	9.48518056908203	0.85450403416983
23562	2.40902198228903	3.03306887093171
6493	8.35050464500017	0.996217038394051
3141	9.85953372267221	0.41562425014465
53820	2.94525244822839	3.06487599158094
51227	8.87687900560962	0.746506608399205
7267	12.2185124821163	0.707259093691909
257203	3.82912650213029	1.13994724600694
10311	10.1539717125231	0.790441010327211
1859	10.7288190055337	0.45118699736076
3763	1.71642730339354	3.17331217955731
3772	2.15176683418988	3.07198092760107
2078	1.03075423396007	2.35330491025289
2114	11.4069121805727	1.51605380954658
400867	1.31080750442303	1.62161784260971
8624	10.4814426718207	0.46367137761442
54014	10.8125845323874	0.682355680055151
103091865	3.9903967775183	1.02388749096978
3150	13.4063396526531	0.578286956205796
7485	9.72520640073179	0.618920386538005
150082	4.17400904688741	1.07781873185653
6450	5.88359921070449	1.11266998916197
114041	5.29373793389427	4.39049680131553
10317	6.36113961939822	5.04421351166562
150084	3.85596147974009	3.33291465851519
5121	1.44702907919675	1.7748677562613
25825	9.29566511212832	2.05653129227206
54097	3.30166904292618	3.55360009695403
4600	7.79121963728813	4.33153465822524
4599	10.0549587981678	3.31522615992083
7113	6.452169198932	3.48996848339664
150135	1.8955052644975	1.35282544816857
54101	10.33965341058	1.38157127995068
63977	8.72355790792852	0.447720586004095
25966	9.96060770737214	1.90432876238141
49854	9.73057804681251	0.378968400719729
89766	0.969395974135623	1.64194759018424
9619	7.83711151036379	3.23915894372333
7033	4.72543404784673	5.19275035979711
7032	5.52363697850507	4.99957348095129
7031	7.83105830020515	3.43519789593495
64699	4.8113998843398	4.39083993427517
89765	5.22537153867632	2.00608319946957
54020	9.99008506213316	1.54724870061455
5152	6.26556943290004	1.98813343304338
10785	9.96132640991612	0.457510257308777
4731	9.97473365650471	0.458184114929068
5316	9.08864471988966	0.217418398325988
875	4.91348727784741	3.8179090796571
7307	6.49929921017324	0.962283278836299
105372843	1.03089402850431	1.35470356977378
150094	6.84360813878611	2.64420329520832
11077	5.85294211050442	0.722283344499757
23076	11.3851021620547	0.544158372764271
8566	12.4843731372554	0.925264654556193
105372824	4.02883911643996	0.594045204387097
1476	12.8954715671738	0.876215196624031
8568	10.6163682615646	0.423390620371061
284837	4.70240066615486	1.49937789487442
56894	12.0256606228347	0.544198830361326
7109	10.3033398788361	0.237030607325508
5822	4.3325064326469	2.39180828983424
8209	8.43531936749131	1.09296088686833
23308	3.49576312338312	1.95779687768921
5211	11.9244901194611	0.837077493199658
755	8.54657294433382	0.817686682992633
7226	3.40270046132654	3.6680195544407
101928607	1.75273415423836	2.77097645113278
81543	4.78529294550319	2.47875169247684
54084	3.40970851558404	2.5651723066983
54082	3.17419142401955	2.82910572650504
114043	2.79336451850758	2.44103588164114
7327	10.9661152154937	0.416867351964441
101928689	3.03189533432681	1.06737611277692
6612	12.0584892985266	0.726483426157564
754	13.4449406197804	0.645184013812551
3689	5.52626772647874	2.6288425953883
100505746	3.63095813219782	1.84729050802934
84536	6.22999924346429	1.03446137450736
85395	10.3372076742615	0.435781544002685
727699	1.49509174993281	2.07857753095447
378825	4.48222198309345	4.17558516030366
105372836	2.77952530612029	1.25535262111056
728039	4.65764153943178	1.46814338233058
104	9.04896483416142	1.03377836196612
23275	10.1382090207157	0.741814747197028
642852	9.29010137328102	1.01594585615937
80781	11.5224002715155	2.30200246733157
378832	1.34079618347679	1.22376572955543
6573	9.89160844556053	0.58163114863719
1291	9.87394459769143	3.01984597184579
1292	5.68702719644871	4.16991195514083
4047	10.4448272993105	0.507736542825973
114044	6.25991450903526	0.86785784578022
8888	11.6423783188119	0.4278567254704
54059	7.54242336711502	0.688337536722529
54058	7.95603592667567	0.927094976577005
5116	11.1910067862698	0.42016942076542
23181	10.5056232997917	0.564647970178178
3275	11.0935373497531	0.44576022739974
23784	0.582557695844581	1.35670762082275
503637	7.60840477052831	1.14784590620986
101929839	4.75616141545327	1.56836030597149
150165	0.959344689204112	2.07375721640249
100130418	2.26860219243809	3.13592743999771
23765	10.3788542625979	0.654662045752026
27439	4.71941340302318	2.39652114062539
27440	11.0680646736604	0.366264131754902
100130717	2.23912727345404	1.27395506249469
51816	1.70093490120909	1.87136406995098
27443	4.50416092611509	2.99245733848314
83733	5.13098673092424	1.51649525522326
529	12.2167651515038	0.454093190923884
23786	11.6683125316874	0.599598930518264
637	11.0401232418069	1.07057198122425
200298	1.63824273494281	1.97241571842244
57553	11.1601559877068	0.674984538512414
55670	11.0389410490158	0.546865335050945
51807	4.581500355289	0.867510373649165
11274	9.86277607049475	1.51095492768547
100996415	1.07539161250707	2.41239473681136
728229	4.884820655461	1.44570400468781
728233	7.7947158627534	1.4616999629193
85376	4.74932689844665	1.44643568075833
26220	5.01764989077768	2.19026622919337
25787	2.66953991014387	2.23812964303836
26222	1.9584047622267	1.82874278761225
9993	12.3303094032732	0.595064065426514
25786	5.92873008406892	1.00020303286188
8220	9.40128726366919	0.349446996444361
100652736	4.58232549583721	1.15646144222153
6576	12.0577877046313	0.695869760621554
8218	7.68738148670156	0.860395271248195
7290	10.7220801313054	0.643645916282151
64976	10.3931582285505	0.633524657023625
128977	9.3484630677492	0.442691495846891
7353	11.8239139798089	0.411728714821347
8318	10.210340268868	0.75484332827768
7122	2.92263095005088	1.59336380885392
5413	1.45333936453388	1.46612866566545
100526833	2.96123525129421	1.76068823275798
6899	4.7443133932125	2.56037042431341
54584	7.99978034891091	1.07680461104575
79680	10.1245170024454	0.401001557140381
10587	10.2108110940398	0.675866253631506
1312	11.8624795248237	1.12631770697611
421	8.25226691229095	0.659892462176346
128989	9.50080188266982	0.810459655582934
54487	10.3581326583028	0.458482552961923
27037	10.295238316019	0.592246575855019
5902	13.2202228518382	0.66564434774236
29801	10.0891872079659	0.564099565431788
388849	2.81657498165708	1.53118673831803
284865	1.65883725176025	2.07271837141718
150197	3.45031523771986	1.89961976288496
65078	7.89231795012504	0.954863231974929
85359	10.6069802457575	0.596797608570199
101927859	1.23534756552198	2.58024584699562
373856	2.54375160530539	3.09272451395947
7625	9.25634595846078	0.789238813153035
91179	4.9792963383196	1.39616216841282
84861	8.89732935616671	0.913446806765412
51586	11.5617991114262	0.945309289802789
84222	7.36135920307741	1.59380766286963
5297	11.8398707930298	0.388149096543429
3053	2.52733463183837	1.69463094044383
9342	11.3000007851488	0.43829239389365
1399	12.7314423999298	0.38777056908538
101928891	5.75427096677134	0.894549071064028
150209	5.69959340030136	1.2539926183378
8216	10.226146883474	0.642116842171675
80764	10.0259086706078	0.565158811438595
439931	6.66153410986976	0.982548392234446
113691	2.75089059685358	2.73244577322553
9127	4.47630307283367	3.20171296526266
6545	3.36087232918005	3.19470252823889
440799	1.84562814275326	2.66232844531008
400891	1.18463594159391	2.43917081217678
400892	2.86723027781632	1.5571173252297
642633	0.595769878418137	1.6295051754787
440804	2.47055817814638	1.54799821827174
23119	10.2680953800681	0.942086685687016
645426	4.89229174370328	1.3690242989148
375133	8.45532583574446	0.44822869759124
7332	12.9155843030833	0.42613178496649
150223	10.8574906667216	0.677301576214479
164592	2.53655915733174	1.18192246220107
23753	10.8383611530622	1.28646903421216
406920	1.86907782334668	1.14473178127011
23759	10.4222281381095	0.212071708237356
29799	6.17272192016603	1.33884670753096
5594	12.7551111750474	0.397841282474703
9647	10.6414752322017	0.848177899941045
8940	9.2663252784003	0.686112716416383
96610	9.78632744283411	0.77897828001095
28822	0.569159851541515	1.32188198966871
25812	4.52319426510649	1.97627661197537
27156	2.18708520557075	1.94266063212508
2781	4.99529029419412	3.30359595387444
9609	5.37748983911469	1.56023540662925
613	12.266527348924	0.738065027962461
26226	4.5770141981727	1.63253275744832
150244	1.29547811282665	1.986358181221
101978785	0.960898829006702	1.97627617601861
51233	2.09719060200642	1.30951457227955
91316	7.36159356164625	0.70277783676783
266747	6.16567992661501	0.69262779118261
7621	7.05646516527773	0.793640782831878
29802	2.26882775813961	1.51099187075672
653689	4.98748453280061	2.21483893679065
23523	11.2202499841066	0.563123986958543
56241	5.9875790103061	2.04986623725502
2687	1.71702585174486	2.02228032645021
29774	2.29735833958316	2.05099750221829
23384	9.91822156174696	0.395786001839535
135	1.70815802336903	1.41701568621131
646023	2.21113560245496	0.982616698455684
51733	2.03505246758809	1.27228129532446
83606	11.5543342314354	0.401856218336704
6634	12.611689878685	0.600305078082568
2678	6.72841137847383	2.20286416793068
388886	4.65737538236597	1.87110793018578
646074	3.29576684219862	1.35249942597658
440822	1.56704795575634	1.54581397601688
129049	6.80808961217386	2.87846935890262
85379	11.7381574455475	0.801429345663149
100128531	4.4087827074204	1.98118604221868
1417	2.95334872744773	1.85342200914795
1415	1.69312160660576	1.3420813860071
100652901	3.13919512029166	0.676661013506847
91355	6.87650034876678	0.864568253514682
1416	8.37189739741956	0.884019291477949
157	9.19193190197302	1.16724113754529
57168	5.94732783609141	1.56059860583474
89781	10.4348337859826	0.599802007491319
402055	9.16690191220442	0.437556595759529
24144	10.6725822787504	0.427738255615897
8459	8.36437147024742	0.48228546325771
440823	3.88825204755234	2.94368632282133
102724827	4.81448702077545	1.06835427779742
4330	6.53844151702746	1.69643496677035
23760	12.1910159924792	0.466472476031808
284900	8.16627158919419	0.581721705861953
23331	6.7428368393535	3.14300491837481
11200	9.59695081730275	0.646629796883909
150274	9.31559068433257	0.572257303826812
150275	10.8568199783912	0.744751509646123
7494	12.3141978942268	1.01082215626378
84133	8.93631619292422	0.524245560853297
100874123	1.54126930823469	2.24037561594533
83999	8.31057132743233	1.977630842757
129080	2.60285283002994	2.38551727593371
25807	9.96703599221094	0.497043502336899
2130	13.4460502831949	0.496932135910355
10634	9.83680507021776	0.864599650464339
10633	3.02944868147924	1.41224023542149
162	12.1031228687495	0.453921949924421
4744	1.60800754506511	1.91490966442557
8563	10.631377273967	0.400600720440353
8508	11.7903291354447	0.66622135023387
4771	11.2793192329717	0.589897909359347
164633	3.48143503394381	2.59759524267062
55954	8.45303457136352	0.435763111633023
29796	11.4336418927556	0.720333456497053
84164	10.9485430514493	0.500971068878288
8897	11.0336229796161	0.645635988031387
150280	2.1675437736078	0.971891394774225
3976	10.5326906517687	0.900101952173007
652968	7.02783089146477	1.02480506373721
83874	9.31398711874191	0.889285908965859
10291	12.2481355924535	0.169254448006313
550631	5.21180554898014	0.52916146039933
85371	5.16211398578847	1.06014892205186
200312	8.0813169122515	0.649684074910296
23541	8.45746870280787	1.59736060299244
51537	9.31606418845995	0.734422510107858
284904	2.28804840265122	3.06404555454144
9514	3.47529450781606	3.27188415919939
23481	11.9875290815943	0.396957954220336
6948	7.27478670170793	2.78996551469248
339665	7.42587974350432	1.79227246891487
150290	7.63035090727866	0.693085465672724
23762	8.82805603450889	1.34903141877696
150291	1.91293809456558	1.25852578110029
22880	11.1149985760374	0.377645474662466
55000	12.5107853955862	0.480278847282493
6525	10.4501776179237	0.70196319165363
140606	7.86151746281639	1.41624487315261
27124	5.73716248257588	2.00512015125193
50487	1.63319699248832	2.49152400297853
91445	10.6203330185178	0.549468162414095
3985	9.6328900258	1.31326574344496
113791	7.22347820073796	1.42679041583784
23598	10.3773032167034	0.383926671104214
54944	7.91120416846692	0.865629136402607
4733	11.2714444040426	0.211157056230544
56478	9.62821215683682	0.319608654858276
9814	8.83075144525177	0.552654646261156
23761	10.4216289420565	0.699355962749386
253143	11.4407579435744	0.292253728848998
9681	9.24862451309407	0.398002765472408
25775	3.45318478191175	0.992606770553816
7533	10.9563557559759	0.721838824134521
6523	1.79147128137313	1.54046645010434
10739	2.53381217037335	1.74212496823856
339666	2.40515380278666	1.24832779549105
51493	11.6161528999413	0.278887178514161
25793	11.4080069752896	0.372990069809426
8224	2.35331227874514	2.68602083336589
7078	7.32760514449388	4.91293799918875
9215	6.74258948996747	2.14131707351846
10042	10.3741805880842	0.658609652398197
10043	9.78184686959822	0.523766160549863
3162	10.0395254327476	1.47317153179946
4174	11.6438158672095	0.870536047766272
23551	5.41583845467553	2.15292268192617
4151	7.14072676435466	2.54110051474236
80830	11.2007107522604	1.91846104371943
23543	10.0569628131179	0.645771745340407
80833	5.97066219588583	3.41252031268455
80832	1.11818916635302	2.04401156475789
23780	10.2320585248155	0.915069418747564
8542	9.11571718818047	3.09245353759899
4627	15.3386693938146	0.704932412631384
25828	11.2237042465542	0.351055207742576
80020	10.6035250766693	0.91634411554598
8664	12.6683486373454	0.499506678597662
11020	9.42334106010743	0.843260572921758
4689	1.31789306761501	1.51031335292702
7263	9.46851260132557	1.17868298839148
4357	10.5822061054571	0.586962841576574
79734	8.61383138209692	0.822610123909345
164656	2.11543828223192	1.36024082679749
3560	2.32898833960834	1.50538079339984
114904	10.0655260840646	2.16194518670431
5880	7.90998028800068	3.04703272825029
27128	2.92376958730652	1.49638483899855
114794	8.10236376073575	3.42399007729423
100506271	1.80081686124816	2.41830837249353
4242	4.54613436986262	1.93898689028415
29775	10.7422248484521	1.06973306055117
11135	9.91532460777223	2.59734081094206
3957	2.13706410793779	1.66175462665923
26088	10.2393337565179	0.467389836757397
23616	9.12949058765996	1.54590736674553
57026	9.27499868283051	0.608734560841702
3956	11.5594902944642	3.08999641390219
79159	9.2059273346428	0.638281866261362
11078	11.5960360542522	1.39900051894216
102724378	5.17976364954675	1.18488707392922
3005	14.6880726302683	1.14971900063594
23464	8.51811812359591	0.795761490533632
8484	1.68410683849721	1.32967072702309
129138	9.62839930089274	0.460495153288549
51386	12.9658112153713	0.472772394451917
85377	11.326212333425	0.955338998434161
84645	8.80395711431035	0.949669185686054
5435	10.8583729786366	0.428350348463766
9463	9.72885451752478	0.573551822954262
23539	3.55945019441783	1.90664071350343
80115	5.17696646177403	2.28075418017658
8398	7.43556532770208	0.493306529823669
23764	10.3004297316376	1.37089796089653
25829	11.6234371712072	0.963981117507357
1454	9.02239604223792	0.71950011112666
3761	2.54741453529355	3.40528095132817
11015	9.06420219532437	1.80076500443368
10521	13.2262912248265	0.401116196763565
11144	4.53755622791924	2.40666442502774
646851	4.90696480915389	0.998076070654176
25776	9.66197773184391	0.47573339115156
56993	12.001700856111	0.582878394079224
9929	11.8516796058468	0.690717904246098
9567	10.7596103072273	0.736297923867416
25777	12.2725191003592	0.913857387405595
10126	9.04320870462252	0.707722282889079
23467	9.11995714395099	1.90671212155261
23466	13.0370555242749	0.652899654459721
200315	1.02553117819243	1.6810905703072
9582	9.07623901838051	3.30389829692805
27350	8.27065456541333	3.41526789123081
140564	4.36081976388913	2.70722016781861
200316	7.95052960083777	1.43721714968081
60489	5.04965268112564	2.97477658368296
164668	1.59080510987259	1.64044827756609
23492	9.48045414040453	0.888022701716613
5155	9.51902344498533	1.23307363915478
6122	15.2681039582964	0.476644191965471
116938	3.48829024567343	0.787566494172067
116937	3.02693549867265	1.73588075853341
116936	3.89066081992735	0.763318841948863
26807	3.96966564493899	1.27525791292321
9145	7.53590478260087	3.16336931990188
10454	9.97947400220528	0.5604928405032
100506472	4.01217520561886	1.17983897585179
4248	6.77755778043081	4.00421670420829
104502417	1.83630267965249	2.44478172468502
54471	11.480054783417	0.399915443523346
468	13.8226943374345	0.965720719646245
91582	11.1318204954967	0.670059999416224
8911	3.16549814817532	2.12147875149252
150350	0.961713505499685	2.62877809637475
9402	0.80409216778995	1.73052251569261
113828	6.08941037755175	3.88231784126641
100130899	4.92909221589076	3.5450371480819
23112	11.0944759264022	0.404821943502755
158	11.3869184131002	0.431240399866573
27352	10.6793190024754	0.490627966936334
57591	10.5808998582271	0.624597813788783
2847	1.22028530535257	1.68493365283141
10478	10.2094073199036	0.36081858461185
6767	13.7108161937754	0.380170686830968
63929	9.73223036509382	0.49361210548439
9978	11.270138857391	0.710402066927793
100302237	3.9008793906962	0.956292238670058
2033	12.2131071127523	0.683382927370204
101927279	5.48053053938015	0.655465700294822
83746	10.2604038945692	0.461049696662196
150356	3.91606102953898	0.911936779539561
5905	13.0931753423765	0.452578245373493
23264	12.2996497370013	0.421165890021027
7008	9.84160112070539	0.77217700576435
10766	12.024125340219	0.48133431054015
84844	10.481921024659	0.574896052431129
50	11.5911218754181	0.422935353557149
171568	10.9502626337352	0.367547540903236
27254	1.78329837857816	1.56223098469273
5372	9.10265344179756	0.386847046477303
27351	11.101327664931	0.508187825842968
2547	14.3737531950878	0.439903565386126
4809	11.9032219128552	0.693168342641867
79640	9.92548380982443	0.458396360663801
150365	2.33333721678343	1.08706084678571
79879	9.56301827592536	0.629774173790248
6721	13.3391072175374	0.657172120862863
440829	1.87522774660647	1.66271610787211
115650	2.44342850628396	1.33176029623792
79019	9.72584987948471	0.72082458189445
339674	4.74973637548526	0.958751430169449
55964	6.63206770061027	2.77671215374407
164684	3.30987996540304	1.71221977005663
4668	10.6370438835197	0.582721344546239
150368	3.83605970221334	2.53842079849893
1565	2.69898432449532	1.50458207116333
6942	7.10230093276597	0.809672849504632
388906	6.10677688701752	0.700406935549854
102723775	4.99107257597862	2.42814736334428
150372	3.61178664766608	2.41481329014335
27341	11.2062517256814	0.98729428956788
253190	6.50067657720233	0.472713037259076
91695	7.69162850436172	0.630260636303096
84271	11.8918082740285	0.412397390520967
1727	12.1508145802253	0.423967816656318
53947	8.89278423383483	2.24239197701707
26286	10.2450924182585	0.562285429236791
11252	11.7630786850312	0.698024146864418
25809	6.46579305277738	0.950422392323902
638	7.66290197528149	2.82719445838488
27349	9.52853414417643	0.459384501041116
706	11.8283507266205	0.697134041552304
23170	11.8340190911221	0.537592902935051
80274	1.69632358306728	1.51582993110935
758	0.821457535106779	1.49680860294296
64800	3.19484252403536	1.35007937732581
25830	2.74235592273682	3.61893191508582
105373057	0.985536983800761	1.82241574591396
80339	6.73953874223036	1.64237292965501
25813	11.0073007400778	0.421514933368958
29780	8.45613101870157	1.20215662722512
64098	5.01765568686748	2.07409559016871
85352	2.23089692495468	2.14612336783892
84247	10.7395867658	0.785133825408267
55615	8.26727659875347	0.774432612468271
23779	2.44917949618289	1.82393931237168
112885	4.83994225824482	3.79849014680476
100506714	7.75787381974426	1.08252520364851
10762	12.2594396927322	0.513629732219006
23313	10.7499064450042	0.874693784540452
55007	9.18990271494533	0.598535825792688
27127	4.49354755171862	2.84724711402104
26150	5.42343511541592	2.2858322028472
2192	8.880445577756	3.48100108125809
25814	12.0798063023372	0.442025098498283
7477	9.93501851510879	3.01783415144491
730668	2.01957653914487	1.34972882392665
100271722	5.00666112066067	2.00554653096663
55267	3.83145314799398	0.838517872139174
150381	7.49421680844354	1.04458701202812
400931	5.56754509934434	0.919007417150993
5465	9.77970337732228	0.896113764003991
150383	7.73872180735441	0.495093830413091
10343	2.98409845503725	1.43172456332352
55020	9.34438435565193	0.457380871410118
150384	3.44852686310026	1.18408095853347
51512	11.2413702870547	0.532043103168359
55687	9.35203965022492	0.253441359851191
9620	10.9331529569921	1.93222298315415
23151	9.5919279780788	0.62674407217789
64781	11.029901204101	0.852265392666673
25771	10.0259670942329	0.457968632826128
284930	1.55676311429857	1.96977097760763
25817	2.80117230943278	3.25942905646304
23774	10.5638577292278	0.45496981718248
105373090	3.1166834149192	1.08650195814913
9889	10.6723866878935	0.455603617210968
79087	10.181247797625	0.632329698584327
79174	11.123253654933	0.692090146145716
415116	11.309168832577	0.802166389087675
400935	1.43300535905107	1.38276122598669
54456	1.61063186145838	1.25487782556528
56666	8.04296789561713	1.00060539723323
80305	10.7904338656104	0.735358927660876
83642	9.7634570261629	0.545004751083668
85378	9.85232079309861	0.378955826891838
83933	9.44053155189054	0.460617050624686
6300	9.3366800740657	1.12739428435919
5600	8.96942463114845	1.19641668149733
23654	13.3925205423591	1.27912712345975
414918	6.85059872626704	1.12112927841804
9701	10.8601919105446	0.490160509893127
6305	12.4201402584186	0.678245217547598
79924	6.04131152159449	3.35526492727473
91289	10.9516599555526	0.522360002205156
29781	10.5963978430471	0.700978143426689
9997	3.90153415965316	0.890305371249477
1890	8.19248024344056	2.00029915401574
440836	6.62468083268506	1.26699324810184
113730	5.83681096028719	2.16372160349498
644186	2.45758077005553	1.01973857823937
1375	2.78417716408264	1.46744939221899
100144603	6.30814294549485	0.746535486539977
23542	9.06030111244634	2.85213772702512
105373099	2.09255543803064	1.49235358572061
410	9.33538898410707	0.773173036733797
85358	7.78518728161962	2.61953901379331
284942	8.61094051596903	0.526352402397261
11158	8.71200253639302	0.810166939083381
152330	0.955966438506504	1.46656557169874
51095	9.50838501627326	0.350735961581687
51185	8.96515083078238	0.416687513114081
57633	4.86750146402633	3.91380902792699
285362	10.1351236436288	0.647537158401045
6419	7.63535423946804	0.676113771393638
100996539	1.636843524292	1.51230741052149
3708	8.01173520104206	1.00978493483535
100507582	3.73630347314509	0.960195603528216
8553	11.6376476683009	1.31855296773056
55207	11.1419866926081	0.585128192952259
9695	11.470439817211	0.872085286989908
100873937	0.617884864864985	1.50555191817092
101927394	0.867856457162593	1.74766403341849
100288428	3.39655798547964	1.01606323670776
29995	7.60699690515218	2.22239779694105
29931	2.69529641806308	1.82206952324167
51066	3.64245948855329	2.03740639525618
5021	7.62787334946032	2.3467908707538
56852	9.85430546618941	0.433316780512264
9901	6.62949516575472	1.84525534800849
25917	10.6272283766601	0.247880337454611
440944	7.92123960515958	0.764896039365246
55209	11.9508859790946	0.471853449925258
375323	0.972491117161491	1.37172815893027
64419	10.3522078612351	0.385928804149368
7862	9.5551692542305	0.41282734109169
4968	8.74486371201943	0.570584353324274
8536	6.97796352023333	1.73995431527081
10474	10.8506357393574	0.462304331603562
10093	12.0601530137477	0.441081887141491
26140	4.32201214392715	0.883616189869995
285367	9.49269759652508	0.356218273771163
63924	1.45432707566314	1.54775122708852
84522	9.80044278329896	0.466525560957369
132014	6.86078730328189	1.65527953722573
84818	8.85959381265793	0.907758445688615
78987	8.91587469318416	0.424794352983815
285368	5.90023778419945	0.82481645433228
100874032	5.09231490437512	1.31124352259416
55831	10.8553462110153	0.259749700862434
442075	7.62817793776798	0.597097480870633
401052	2.63219758317132	1.06789663686014
152302	7.41166018694854	0.612954672341124
2177	10.5745127962143	0.633102557600605
55845	12.1601821430668	0.415382894906099
7428	11.4390219707258	0.461013608689897
3656	8.84157283694203	1.352826938623
9797	10.8729006565559	0.41968881551891
100126793	3.15956483546271	0.819685596474571
84657	2.47820827686082	0.832161330006968
6396	11.4163011204605	0.275865936862806
6538	1.15636645337499	2.77539260290599
3269	9.3376903418053	0.774323421125189
10533	9.70611409307783	0.613176560191714
9686	9.5516316643891	0.581235903055931
132001	6.70977341910031	0.596118971826302
6854	4.63627407485324	2.62301395153357
7079	2.124052984771	2.87653754493026
5468	10.2111724980522	2.12414559001339
80746	8.13659372059676	0.69637861171079
100129480	5.32366717062855	2.20464763186907
23609	10.0361516376536	0.459308813313067
5894	11.6118437192808	0.34073227959741
55287	5.80078422352625	3.45313043535286
23066	3.68663829210088	0.717529597972028
6161	14.0756349544985	0.436130400819391
9922	9.48859638923363	1.42324210193002
23225	12.3404678776005	0.728713850620434
100874101	1.84116875669027	1.52677368551677
79885	8.29822080377201	1.02873137802858
2199	2.43218177458456	1.35489369125245
7476	4.4675498877638	4.63384045998745
348825	1.34484240362143	2.85641688994231
131474	9.03805366027604	0.265995195416228
79188	11.4471593002713	0.392705651703962
7508	9.97533832346879	0.490045564278113
27258	11.2596150452383	0.37179113735944
6533	11.8192904574649	0.894661710753861
80852	4.14445063166505	2.78195795384472
51244	9.10297119172657	0.385271286997394
84077	3.66303728439359	1.05247272749652
152273	1.89561271755488	1.18335112736669
100505641	11.6602029444044	0.402677604874327
7182	8.42520740773865	0.373407557107821
64432	9.9009173654093	0.233393178108171
64145	9.96755349079254	0.376436323089627
344875	2.59808529733748	1.52193653548946
23473	10.6077643044848	0.257792296985921
100505696	4.50247418391579	1.05214546943244
9467	7.79646691288344	0.930945764882444
131965	8.97092383471254	0.395533814268462
85403	10.6840284792853	0.44678658163432
8292	2.21292093899122	1.23742206257527
26061	9.1263626635789	0.553059116312345
686	8.97008818880676	0.725877487377019
23243	11.1242155322469	0.610697737145286
117248	1.89280609933595	1.71001375208107
285381	9.77573362862091	0.2880806166624
92106	9.04342654122568	0.450818961435065
23180	4.93449513527124	1.78479648375334
1618	0.885025813438191	1.62066956228383
23228	7.73047451633086	2.32780502372876
9779	10.9236761944651	0.527966868336155
339862	1.61279119593887	2.16650829217605
6304	8.60009692709574	3.01087912731557
101927777	2.00282399024756	2.57689031382225
131096	3.61643372659537	3.13614653282138
5868	10.0107486330468	0.665443547321991
151649	3.31831003872057	0.81294524968942
8850	8.83622008750367	0.716340255250212
151648	9.29962269509297	0.631040668017133
79750	1.4316779948899	2.29337007615537
7325	9.00221809036849	1.35620988820372
100874092	2.99609419835753	0.870035634636994
7324	11.5265647270265	0.476714642134783
28512	8.57227360831267	0.441873861338188
6138	14.7220932141864	0.429323127846849
9975	10.6713416844639	0.77920461167152
7068	8.96852627309591	3.16671903459032
644990	2.14354705996297	1.34953676070621
5915	3.00837928332613	2.03709024680762
7155	12.1782554916185	0.450131664282894
55768	9.55541254857257	0.505520327038652
54995	7.55370992907013	2.07950288722188
152110	4.58328989659322	1.78559018825912
9497	10.7929676719752	1.35395250059848
8320	2.93758208474015	2.97231430967148
152100	9.59278000938494	0.368423009827093
64343	10.3404695299653	0.423826827427599
152098	3.55343361669163	0.82653008140233
100873979	1.29112704529258	1.67443975357521
27303	4.07289642802948	2.44805184730039
7048	10.7764367870728	2.7986352869454
201595	13.1393884136015	0.468594217956058
114884	9.8194705189876	1.96525143540787
344787	6.11834841559805	2.31559232707756
23171	9.58361272099842	1.11010004296616
152189	8.00298352223576	0.489644054761375
112616	9.18457276479401	1.59105768656777
54918	12.3376731764556	0.711814835789545
51143	10.9304714500733	0.251282722641656
25904	10.2227993381725	0.308548789245967
2720	11.0882310401907	0.474060575171987
643853	7.15593803488168	0.440294052928207
10491	11.4000679241534	1.07360669746975
26032	2.95599406404465	3.21048643019843
25827	5.65624483504033	2.48567679486846
7342	11.8227130340395	0.365589083202143
23122	10.7576343088079	0.499089324084501
10015	12.439185129318	0.32167544751573
10777	1.24531473977876	2.93477855210475
6769	1.43725372250028	2.79123562871745
9881	7.81108200607151	3.17059628745825
9852	8.09008947658921	0.374184863273496
4292	9.96668298276427	0.57866847864446
9209	10.4696547130338	0.435306442107863
2803	11.920653984624	0.776190906452275
3680	3.27052062917282	1.41861286814158
101928153	3.75687685572935	1.00580285101057
10217	10.6084231278454	1.01477180542712
50853	7.17209952044727	3.78775053129448
5333	6.41144202051519	1.46518327245956
9940	2.32205187900174	1.12497209965557
30	10.5138898475779	0.624901987498782
4615	10.5542490763757	1.26451069278224
9943	11.4189302235331	0.444731264254699
9942	8.01600058937684	0.501351882122103
100128640	3.81273195751391	1.40333292558275
93	8.9689278503887	0.608512095002896
9941	8.01010878206291	0.37512145556429
6331	4.1484220377381	3.02407396038186
57599	10.0472714692929	0.576295816368877
64689	10.1807993059209	0.26945732537246
199223	4.893854422465	0.751355627606436
64651	8.99375317068069	0.995988146315678
54977	9.80908957747712	0.206510176979051
3921	14.7646401864191	0.709745066698597
574040	4.2341627419037	0.790162232651085
6044	3.48046394980889	0.562431608187357
25924	2.22832053387917	2.46578083219993
440952	3.08956798865933	1.30992521412207
10289	9.94359271092526	0.520389599231646
956	3.56406723339305	3.00592663067689
285266	5.6394298112778	0.568317462175862
9045	14.2869543118681	0.389726838758044
285267	6.31281999922735	1.63192158365229
253639	7.34905507202085	0.997760911958647
285268	9.97125612335251	0.459514711683673
1499	13.0826006942162	0.482360981548158
54986	6.63128266852713	1.13351593235533
22906	11.3506971896278	0.784940677060352
885	3.56085247570018	3.27259171384823
7433	5.49375980072442	3.54846174877106
9117	10.3461321949873	0.380797706153377
51188	8.95597057782689	0.435050751328952
4820	10.5961709349351	0.305507031484768
92999	8.16668455407015	0.770467946882415
152206	3.00442614299654	1.13239849986891
25994	12.2283728995033	0.488601989263534
1238	3.4752979509962	1.68474331894273
389114	1.47490284703039	2.39094609330856
100506243	2.18867007024961	3.62902087236932
729085	1.42309889293143	2.30502999317508
84892	9.15941316132642	0.438452382466612
54861	8.54596218042937	0.508248006222422
55129	9.21237817407585	1.0248622956871
51099	10.1314247782103	0.508824260537722
285343	9.27740880066063	0.572896865662607
353274	9.53013067017581	0.540491271450538
285346	6.52326148341093	0.603550972258486
55888	3.47463399178318	2.88114506969516
285349	1.66329626512903	1.84390851661111
100874094	2.05023798933705	0.994998173241684
10168	8.97006360890994	0.659474657062949
7584	7.85659646868454	0.385814064600709
91392	4.18566431815182	3.12151590397461
115560	4.30624678926749	2.35370674830703
57456	10.3819686773281	0.412117549690194
56992	10.1603132890258	0.611234718223472
131616	8.16243608136385	0.387791725880826
7047	2.55461193600229	1.3717802452173
51304	11.5382356387395	0.791025691172821
23016	10.1482178196684	0.363294423576972
64866	11.8550334343856	0.757472294102471
25907	6.61506994783824	1.83185866906904
23395	10.3672405427987	0.520381417329241
8994	9.90208106190922	0.531845454028614
22908	10.3121340616057	0.521159912549709
54716	3.66252920247358	3.55133198523704
54585	8.74285518410187	0.837723579243827
79443	10.5179668905499	0.595999766384154
10663	2.07178856116022	1.13479874347093
1230	2.5873528608075	2.97155569334235
102724297	2.65808405073595	2.13128035477063
9034	4.89490693789955	3.31853549369188
4057	1.50468904127505	2.91369057963055
79442	1.50330994827429	2.19810036473206
259173	8.44685935408438	2.97297766298385
259236	4.56431125677526	2.4095440589645
29122	0.994921072064175	1.20355117034273
151903	10.2204379088379	0.592159771535735
23218	10.8210816557157	0.600015400589134
29072	11.59990242983	0.286585069950241
285352	5.4257794103786	0.348695164271645
64147	7.55890813503191	0.841664059802906
23276	10.2761056855329	0.343906965199108
25930	11.3060411157597	0.253835404056163
22937	11.274532511713	0.416415242902442
54859	9.51216142072036	0.31955341353288
10675	5.60491384870851	2.65014704043215
6599	12.6954502394982	0.480641962980962
22907	11.5101738143692	0.312475741205398
4134	12.9656640874856	0.663558645671023
993	10.5139447417241	0.703770634721354
51385	7.69205166458619	0.596658835178016
10201	9.55213647143354	0.377761317740045
5364	10.2867191875949	1.23865530862544
105377133	3.00434381750492	1.49659603761343
79714	9.63729364460319	0.349569319514982
51372	12.2501175466993	0.605922088760759
84126	8.41234159361409	0.359905558324772
11277	7.88412862727218	1.43671259337774
51246	12.335984193492	0.909038407938606
5210	8.22629924455848	0.584774558142178
90226	1.13500474367117	1.49751904375649
1294	7.73009608322702	2.29392636929908
7384	12.465016858519	0.326071370908797
65010	8.64192814400474	0.932915172693287
1951	9.732152312141	1.44268504329312
102724368	3.29603651530539	0.601993365761208
51517	9.72085569745165	0.419572085950746
51447	10.7100390265771	0.591306662367503
5576	11.7520707861227	0.432718030227731
100506637	5.59705139041639	0.833920297586756
788	8.75592299808736	0.658597356149687
646450	4.66067557017716	0.969016175488987
10425	11.3320628034579	0.311298693410244
54681	9.31837603765791	1.05655597616099
11180	11.839471399521	0.579389609157476
55152	8.78150680445904	0.312243330486553
25915	10.5454766865776	0.552930845360163
3615	12.7804152267464	0.407782393505418
54870	11.3578200634159	0.332876206685023
5859	11.5653527073001	0.822816078351692
10869	10.8594292499383	0.454706187549705
3913	11.2871863204554	1.23453756725223
22973	2.48515186335015	1.33510640926883
64925	8.70752646284014	0.557769757672008
200942	5.66066495377625	3.1272474457337
375341	7.17400001748019	0.549490458728681
7375	10.106565677665	0.700852214829791
2876	12.4043634493338	0.580606177966237
387	13.9780662804391	0.355117493563222
6988	10.0005318937523	0.614635806568475
275	4.71650862923311	0.652720564793969
84276	6.9260676885912	0.873902963390955
1605	13.2314454466772	0.593599936497309
100132677	2.65045963987915	1.51326524906637
8927	7.23518780816048	2.06074640460106
327	11.7938526864106	0.384666093436745
4485	5.922110272717	0.908107792880519
63891	10.4572822223051	0.2884399081763
386724	7.48013027703534	0.718523853674377
29925	9.86229410881406	0.628316548706878
9807	10.8859815559449	0.327855996111593
389118	1.6871449033948	1.22047446919324
389119	4.49856201368068	1.99509905692376
7318	6.42254745114062	2.68120782120995
10293	8.37269488518118	0.417847814262766
4486	10.2735993614747	2.65450543920457
84315	8.89673693680809	0.43840831770148
10180	10.9350750978138	0.412770126138768
10181	10.4914173052009	0.41359629720641
100775107	4.82004236128991	0.921793707778224
6405	8.47990050662189	1.76833027744997
2779	0.959736083670936	1.69034359230222
10991	2.76556972206207	3.49387157451906
2771	12.6385772971501	0.759256074234843
101928931	1.84846805086787	1.11884096225727
7869	8.20372439438694	2.61792724034838
132228	1.77898811533274	1.48627536052588
7866	11.1443645453207	0.43745963750882
8372	7.31822363649489	0.664596281669508
24142	6.63611634767845	0.37405961136328
3373	4.63925303947176	1.81528613267501
8692	10.2667246874483	0.65449122355199
11334	10.7296848023186	0.386166804958393
11186	9.16723758134353	0.584735813961033
102060282	2.64962934129474	1.55048806841237
51364	4.20963924045724	1.69643030998411
10641	8.5074233979165	0.458408280693938
11068	8.83186669167467	0.610246403399844
11070	9.76333741825634	0.500275936841056
9254	4.56171614276814	1.41808947027195
51161	5.6966080827406	1.86209799449916
51409	7.84898874946382	0.511258828985536
1154	4.04320768175777	1.2938441629106
7867	10.3196870374061	1.08568029897853
1795	5.50577222408369	2.06531574845519
7873	11.8088862902687	0.731426758650528
29890	10.9547221504738	0.690153523825305
9730	10.9792283714632	0.352376325743748
23132	9.89593980458366	0.493473489000638
51368	10.1095329533364	0.339058825417332
9136	10.2256597636569	0.435266373340076
10039	8.73287289481581	0.900632420702358
57060	9.62764625203935	0.715931489265555
84836	10.4221510247279	0.4536641570973
25864	7.31302009318166	0.600860251710689
95	5.99583250039449	0.726304857572051
6159	14.51013666631	0.330680473387737
1849	9.49701599788785	0.789907367302915
25886	9.56039191136368	0.601786960133433
211	11.3283369513219	0.393419012842962
11344	10.4490723101257	0.630060363250307
132160	7.31129961413551	0.998943575691062
80335	12.2386146547133	0.300036948166032
132158	7.05772875496611	0.815679067502057
25981	6.1713915241772	1.06417236318558
8314	11.2248151647694	0.431371446124298
51533	6.88680449263564	1.05262038021782
56920	3.23667825684025	2.2414230339613
7134	6.09983441358331	2.0276987584083
11188	10.7140231933384	0.363090818528368
23166	2.86847898094746	1.16935634670865
64943	11.166498459418	0.955337687175004
440957	9.21967366832892	0.666859480401789
55193	11.1230484726705	1.1340618219722
26354	11.6421390737216	0.57075758665519
55830	10.064901290025	0.401309727516765
28972	11.4538318966432	0.403753122637531
6787	9.8048310148769	0.548002850859214
3700	3.40337577879451	1.16084065056114
375346	9.11362853456975	0.665426386302714
51460	10.5571237874853	0.462327405470308
105377135	5.49901515352816	1.04481052903569
91869	9.95225980571977	0.651076471268291
5580	9.80980196254056	1.04378917330149
7086	14.1417275234074	0.477853732475059
55802	10.4376199833218	0.381598062009794
776	5.10701694275871	3.57403015990092
55349	7.83014339450398	1.86149151634385
55540	7.37805140653244	1.35097673818038
93973	9.84248944100185	0.431389132364246
58515	10.3114826408819	0.750833421169562
55799	1.04390831307111	1.45387769485912
7474	3.57512441716064	2.44496648427611
26059	1.70750322939661	2.32325876869622
285331	8.14881937839235	0.433577647631651
23272	11.8527336243928	0.218238703108191
50650	9.40471837351083	0.79917574660041
353324	3.66467614604773	1.32109578014704
54756	8.15201042276624	0.900517941795202
8820	4.4254223113471	0.604047297513172
26060	11.1455824375494	0.374472901096623
142686	3.79331980255835	0.599650211765351
201625	3.07394359985024	1.20420138401068
201626	10.5218552599328	0.231511401726964
378	12.6896250202311	0.467667057383917
201627	9.86741547286639	0.820207324668971
7871	11.6716892581259	0.50779505803611
2317	15.1304932915043	0.775519131944538
105377650	4.41935834278837	1.70185422316699
57406	8.0409541935604	1.11926220444956
11102	10.0330029350562	0.243410062530914
54899	8.07018373643524	0.705229054437625
5162	11.2375942728124	0.439181400741792
200845	7.96830426830868	0.59985822412319
8309	4.09823050338998	2.14700884298798
131177	1.82849776822063	2.42162847695831
200844	5.84056682876181	2.50045587896988
2272	5.07385215218398	1.79727575588461
5793	7.65624511484823	1.76553308881105
100506994	5.48486478353362	1.99739851440472
57415	8.5480017172558	2.81440460965873
8618	1.82785559522139	3.04259718271888
100874016	1.6516833406663	1.80918746264744
80145	10.4778331586864	0.357507000929122
6314	9.95162139340763	0.42160178963569
100507062	3.90017573627366	0.642398007876068
9861	11.3964091795573	0.226152214226647
166336	2.98415075046005	2.5374409169707
56999	4.28847761686994	3.27148783763891
9223	10.1237374586312	0.772610213503704
115286	8.97696885427339	0.382157125476347
26018	7.56153200069066	2.62559647984799
84541	6.23362191890372	1.31316622580221
8801	11.0804797177936	0.729340127754701
101927111	5.9168965401424	0.568098983756956
285203	9.30828042512396	0.608035828721409
7110	10.9854999824241	0.314561251564104
9039	10.9648382117941	0.376966807955662
10550	11.2323574968589	0.707326263907697
56203	1.68292320685275	2.13001332970803
23150	8.35490887570222	1.88301785040028
4286	8.09156253923632	1.8780029524363
27086	8.61163149300339	1.99237480120108
105377206	2.41759655576471	1.70350692445339
317649	4.95263004668803	2.76372825477192
2850	1.23997294196466	1.94271779633802
201617	0.649735214421608	1.63092600454379
23429	10.6374322042642	0.479629874727775
55164	9.21108567100625	0.332087939672943
727936	4.15803069859414	1.95540688471391
151987	10.8878865059189	0.282601595228549
55096	3.31282814783713	0.712374736501576
23024	1.72075586931734	3.30261727952462
101927249	0.677223195474181	1.87225195682721
100846999	4.33196818611524	0.616333630962329
692099	7.69552365528198	1.48459635239055
401074	1.71567955935343	2.56504222471203
100131827	6.95828917428238	0.75924552443686
6092	2.15550526453697	2.5391698570399
6091	7.80397448399662	4.10873405842174
2632	10.8436090490109	0.951578186798011
253559	4.99418447647159	2.96017269732403
389136	6.42510295183429	4.73251281446655
100846978	2.02020949687572	1.68289129255823
25978	11.3816449657992	0.812998919756941
8545	11.4154026600388	0.489623322211534
105377200	7.35247134915819	0.320960513687487
55279	8.76715830150875	0.377464507133865
285237	9.09227751084296	0.737391061455085
2042	2.72132725705743	3.05599778970846
5627	8.11691378671926	2.38095040042514
200894	9.40392362732761	0.55438051814138
415117	3.9073088083291	2.97264109018128
200895	8.80246778348685	0.371994390632899
63899	8.09646881711039	0.717798968488072
285220	2.64361066310441	2.47826270955214
84100	7.91002799452497	0.784377147371417
131544	9.93253782983204	0.661534886371769
84864	10.1194933254337	0.257252725518694
56650	10.7021857775052	0.454231163033784
1371	10.4787661057146	0.440917904842417
100874207	2.28548865653633	1.96209978033008
10402	6.47328567908255	2.39534149311868
131566	12.046293955134	2.20695902005762
1295	1.98588063578304	1.89766908821088
101929357	1.91539325217859	1.79773467765616
84319	10.0719724089514	0.523598309340508
11259	5.67763462281327	3.52240000608331
55773	10.4645818763331	0.551824698951422
56954	10.5006375493832	0.41196703725258
9868	12.2628599580586	0.377596963389539
348801	5.38481031268195	0.94976607644941
55076	6.35221993092291	2.62403478869683
10342	12.2913004529764	0.359257665751942
25890	3.70431275706696	1.39072334073591
50939	1.8248897162469	1.10047390295098
57337	8.99123907903687	0.437046101583163
131909	1.95657055162445	1.83657383925929
54931	10.3652615448824	0.362615799939613
57092	12.8005479639927	0.460097558503177
27107	10.3228192282217	0.294372542699808
100009676	7.12826886404748	0.770890147465198
6152	14.2206813414215	0.34925219415425
105374013	4.84811088840023	0.945411547278191
285359	2.82229720174986	1.64146453042267
79598	9.80778479826583	0.881135739797111
91775	9.29731489018456	1.60907633538497
64332	9.4930647493087	1.23309839236932
152225	2.53111879171203	2.40425113265436
131368	2.34342806396321	2.52183748777964
214	10.7062332751733	3.38729240003196
868	8.65475897083758	1.70033436990728
344595	5.73484755662337	0.914529992088439
56987	11.4812042769679	0.730091746293755
285205	0.999892297386911	1.43848601829182
961	11.1945881714298	1.32526187809667
55081	9.64520321074839	1.22089036548854
22989	6.15550568868297	2.38850510242032
57650	11.0576912141096	0.464455976694219
9666	10.0685134596181	0.589142816390693
25945	9.79515504943397	1.28275337038183
10225	1.66990891236567	1.41792467091928
79413	4.97308069604087	4.2120232046407
257068	6.13938323997119	1.8264386912514
100874115	2.5158608602113	1.36737032293135
90102	10.9664373396844	1.18357584074173
55347	10.6927338493719	0.436289765279659
344805	1.6666135076125	1.39615844545158
79669	9.16104664096491	1.0380466522347
257144	5.76189817594614	1.36665070409605
285335	2.02922760891811	1.4743976717507
64422	11.3771269526846	0.392564162409317
55032	10.3770408389945	0.599012058773393
100506621	3.70098264325804	2.89831804270179
151887	8.15527505747775	3.18795100757399
344807	1.24156077584858	1.62805710053181
131450	2.52929707421057	1.46008464723227
29083	9.52922815187114	0.851022571636592
25871	10.552341699377	0.526003124115371
91653	2.15520367726098	2.00037411115084
55779	6.75155765935708	1.07110801384714
152185	8.98749848577767	0.535089581665314
54847	3.88217524899777	2.66434338041127
205717	9.89224001404372	0.769150666227683
80218	13.8520331378829	0.346221631732546
523	12.0944350650965	0.434670608435314
54762	7.77901179449322	1.14358341385966
254887	8.89149102100427	0.739768355165073
57577	6.75669098636435	0.807434585074927
79691	10.7617075103055	0.404839443956429
26137	6.59653958930207	2.97431595235254
2596	1.88771749818031	1.97869259793846
4045	4.60423004379519	2.7764392017459
101926903	2.09152749163914	2.46349923250391
152404	2.73961466947996	3.54476414906954
7348	3.13439088482399	3.29650727001897
8702	10.4862290007954	1.19714632245959
57514	6.3642332170244	2.15529272715446
100874246	2.82464217085088	1.90408783193322
55254	10.7233875252294	0.428575785771842
56983	9.14377009556525	0.58037492302653
51300	11.5077848858356	0.280812597222314
141	6.11304097859854	1.93024271421562
64091	2.40512780030344	1.244361559309
10063	10.6619429270632	0.923040704894943
89876	2.69881106076717	2.51579320466091
2932	12.1114011572362	0.419786383404017
165829	3.95845449725918	1.34545379156173
116064	11.4389512997752	0.520125379742347
11167	10.3996609110879	2.40077572752668
4710	12.3258490688649	0.509115180993205
3081	2.59317166517252	2.92296467825445
285282	9.90557643789812	0.687872804894936
2960	9.97680869216579	0.484997950687077
9515	2.57054273282256	3.10173551677177
10721	10.0270650152924	0.67640874790033
3059	2.93983634210731	1.60686093772537
2804	12.2717411423347	0.563843878981097
9657	9.26619341307481	0.532606816364743
55840	7.0600011331844	0.715945350056627
6565	5.9922400924005	1.69926710503602
286676	5.94931310448765	3.40350371462251
942	1.60823669573085	1.30553178573032
1475	4.25895002966283	2.77189560027165
131076	9.99124430965388	0.46193411528039
26355	10.3867442217304	0.518064787182918
54554	8.32861892551655	0.44185796524521
102723582	4.06720434879899	0.834205109325637
3836	11.6326579643495	0.512241956865458
83666	10.9109268488439	1.67614508460269
151636	11.4970408821611	1.25395329545744
54625	11.8611663026781	1.56491768596037
79663	8.21190210962917	0.712487487250528
84925	9.51524098169481	0.70183183052411
100129550	6.69205932262119	0.699634369892894
10954	10.1588214136988	0.617316472436752
102465667	2.50456990928488	1.03847736648895
26984	9.45453577735645	0.385817127183671
111	3.48441065235673	1.26625272464277
201562	10.694058230713	0.442994378419894
100506826	4.85284793528327	0.663484135541512
4638	6.68088370353981	1.90251494867015
64770	9.85753943431828	0.714789867927722
8997	6.13993190932557	1.73849078785331
7372	10.8332715179594	0.299603672523681
3693	12.0134756756346	1.26886593645204
56667	5.86395446479011	5.08497228487417
57493	9.77311810661765	2.10037330560565
84561	7.43310124160978	2.62357588834054
7707	11.1763283661693	0.467597579994933
8723	10.542831876776	0.350781898837611
114885	10.226617598413	0.595703854324893
105374312	2.05366535532965	2.14948022787783
100125556	6.18003385828643	1.37109055842968
200810	4.85427336213934	1.86335939517368
152015	2.45466510202415	1.71389399280511
54946	10.3096961159435	0.553584479187085
10840	2.87004059901422	1.6413001883674
28999	4.39848816372799	1.72792090233675
79364	10.005785096034	0.45312261355263
166012	2.03364895112024	2.47004796103659
114112	8.0557961327061	0.803649326604859
84303	8.99871654059867	0.62501775817289
105374091	2.97792406324221	0.865053507305438
5361	11.7100734054551	0.936126861527201
131601	9.95663311025751	0.591203857577843
4171	12.4309307548449	0.570645458106483
50512	9.72026797369403	2.26560787250446
80325	7.88145852239545	1.14282464775023
11343	8.82604903651192	2.99528667986769
166348	2.40967538745816	3.01266230277513
29927	13.9027362197566	0.452944749921372
8607	11.6411422404303	0.552444580174629
60678	8.57316179709995	0.720458448276896
2624	10.0418034829724	1.34803605164803
101927167	9.24732396874222	0.625799038367314
90246	6.22033171990078	1.116232599646
6184	13.9266986222403	0.284432216473018
7879	13.7322896599304	0.438722988080204
653712	4.30979651994583	0.715098573959267
28976	10.7349997205834	0.529559274125222
57501	5.55843662293997	1.75814652342439
79825	3.20677671328466	2.90259060310036
339122	8.11970274605923	0.916178500824944
57461	9.6190897246644	0.553577116695658
7555	13.5895396700171	0.455104254931946
22820	12.8066507674533	0.536905577266744
56941	11.4915219132952	0.602350059374287
8971	12.360665412104	0.392450074882159
339942	4.24406492226297	1.40473432059659
132241	6.52723170348431	0.730621973584177
90288	2.48578339349747	1.23295360647252
8930	10.4674911583979	0.366006685498303
55764	9.19693986434876	0.868903432677964
23129	10.4140981866728	1.99784096819974
23023	10.5599177631148	0.693644554205988
100507032	5.9800561545028	1.43183596120926
644974	2.38884195014632	1.7303597056807
729375	5.57810142835894	1.31693224653312
30849	10.7080804294418	0.502397177996512
27032	12.3154734909836	0.384332722637451
28990	7.82078442045166	0.410769047590352
79858	7.49421151712316	1.51462664313766
339874	2.8281385715882	1.13899053894844
152195	7.28019396365488	2.65872764826622
131870	10.4436367839239	0.597590828347946
11222	12.4056559764969	0.297795388759375
131034	2.59185308106936	1.99608720316238
55	3.1118283545902	2.85873225717037
23317	12.0879378961056	0.381206110217779
100532724	3.09588346698322	1.50920297027072
84129	5.62409734911183	0.997346563684356
51554	3.04734732145574	0.990163373243137
79876	10.6337717031626	0.602737968302815
27031	6.59736941592328	1.16623201206064
66000	0.733176601480355	1.58642389155277
55573	13.2461718631289	0.735988150832808
11073	11.9158631565085	0.365830998103227
7018	3.0888018920731	1.03666935714933
58477	11.660692124733	0.678326368522624
51560	7.53668074936454	2.18289223616728
6578	5.8593586186842	1.9242574921548
6259	11.1527144816601	0.569358319085957
51421	11.7247168120097	1.4369766121332
25847	10.8327653209994	0.623701525374637
80254	9.71541372905553	0.549035669095191
339855	1.15588266545951	1.55561600868298
2047	3.46218594013426	3.22957652941311
5523	9.05755889161888	1.18021066892968
55167	10.4220210690202	0.453539618457249
5096	11.0751800662588	0.407790496267927
10274	11.0794861179975	0.546410676339659
80723	9.57686964972766	1.29132690296262
101927597	7.11063757376765	0.513944313160966
4690	10.4058587623803	0.499842569520214
53833	5.76089578143524	1.27567640878517
51208	4.1971078040613	5.11749257530446
199221	4.71677674915815	2.1730580849226
51163	9.85813199415206	0.424257423205249
25852	10.6176205661661	0.311436861074615
347736	2.73725936651299	1.09966212603212
22808	6.72390544805007	2.72843746605945
83850	4.75485532169867	2.52277677386593
80321	10.3007297756598	0.757225420550531
55179	9.22855523632543	0.430788891392338
5291	11.5690725271855	0.554841994122712
103344930	2.16983913142652	2.31034357811372
668	4.68338304028697	4.44650417833913
401089	3.68837445346914	3.33555428856889
56945	10.7089623343983	0.403252442701641
9276	13.0430742763083	0.369869550828567
100507291	5.398306802669	0.962452890695946
5947	4.47773827150849	4.3359868879231
349565	3.77937241904531	2.79895344880092
64084	2.46473049093059	3.69579575061198
55186	11.1048920858796	0.435823207845265
92370	6.68363566549922	1.43001043047122
253461	11.3520810907336	0.477193821628849
5922	9.79861450020823	0.508788565769035
9616	11.0394951870084	0.383620503394216
483	12.3821947232271	0.412691496373769
7029	10.1638129204564	1.15418121699888
256356	10.3509467133879	0.46615999133804
54464	10.8230118151861	0.384253251276467
545	10.9823755565872	0.382429150928903
5357	11.5921024383215	1.25295704295519
7220	7.36915208003553	2.28366579395165
26577	6.18730525451546	2.08187683749671
344838	1.57799759189102	1.61904759226447
100289361	4.45885808831816	0.744507805147075
23350	12.6440860973702	0.498510937500678
9435	4.15499015201412	1.6506707085781
285195	2.98813998994851	2.07540019350286
205428	9.01076777390991	1.34808198865679
5352	9.52772449402942	3.03892783350933
57088	6.50419652526398	2.88334255128039
57047	2.81158172498974	2.01320424374108
5359	10.9445975952849	1.90996872948587
1360	0.889913407353205	1.40461596936409
2992	11.1059855757844	0.494794287176736
6596	11.3751804136929	0.733143516404362
84343	10.8428010211601	0.784551275370508
1356	5.5099383882199	2.81881940243858
116441	6.16869965906537	4.32411280162624
4071	12.8587315684911	1.57124406797098
100874091	4.93278255154856	1.56276668196952
7104	2.88570990302225	2.84769274299344
25937	11.9585530329629	1.09385238595176
100128025	3.95241827739264	0.800339528806801
51122	10.6285035696589	0.502631714575707
389161	0.946158026623912	1.47160974545024
11342	10.575373947337	0.616630796533372
5217	12.6459893336047	0.981593895719264
646903	5.16752097597903	1.23465285800059
653659	6.7439472117168	0.320442837092905
101927992	1.65430684159029	1.78824189515828
9819	11.0524842679804	0.665372401874622
27230	12.9948487569289	0.731910711763288
83939	11.5886782183714	0.562045557046862
51714	12.2052477647375	0.24856304345508
131831	2.32420103485487	0.914008001246053
101928085	4.54043332998853	1.30046193104024
6478	10.5870821117316	0.657845102449278
116931	6.5388765732456	2.57522702068206
53836	6.81598044918913	4.1835266244035
285313	3.95744021099612	3.72099878458194
201651	3.46511542862996	3.70111601288313
13	2.83351573463231	2.85820638762404
56670	2.6213292703886	4.37047313361952
4154	12.3525357671049	0.538175496861782
401093	4.95776665252933	1.60415008375957
5028	3.68333358617049	3.23213397856889
5912	11.3410977330714	1.25003812864587
100507524	1.97234714190772	1.70381586541328
26084	1.70236566873764	1.7052424268273
170506	10.9286135414296	0.357079472781899
4311	5.05836604242991	3.19024150319726
23007	5.12732209155435	2.26388559805646
285315	7.39594987192117	0.435392011412954
9197	10.7098935355848	0.799048048404231
8833	12.1592603652118	0.418129786215771
7881	4.81582646009811	1.00005035470767
6747	13.2188041155608	0.668104819346642
100287227	4.65812927945937	0.743103741340637
25976	10.9173814071066	1.26680967030318
730091	6.34017548567083	1.63085994061119
647033	7.20501678146803	0.384183541963845
389170	4.8990509929275	1.59760992788277
339894	4.24375399209853	2.12212613762576
57018	10.8110068142147	0.302110667218682
79674	6.62360301059835	2.11424928191281
5806	5.63755666579623	2.23241912114727
152078	4.08051757338472	2.67682405880048
6474	6.61479395912202	2.75109177355674
51319	10.1719184107376	0.474382851978485
100996447	7.59798486940024	0.523057861539722
4291	9.5320152571399	1.17606810639676
85476	11.5397198831023	0.278410206783338
56925	8.76039524983531	3.43101696632961
5918	5.78476179818697	4.83924459252206
64747	10.1302058239623	2.62349692836295
3592	4.14928941190073	1.70675321841911
401097	3.54503054994422	1.65475959455998
57560	10.056020378835	0.512231364099968
10051	13.5080874522695	0.486447276476542
286827	9.69953717842856	0.969473998093241
3840	12.1947372579346	0.484736091194634
80117	5.93771619011539	3.02798600086446
151742	8.99166656757554	1.32782960573433
8706	8.44885164090272	2.02807331594388
51068	11.3051749787546	0.622982572597595
165679	5.1815956619169	3.85235497409564
101243545	7.96818160683304	0.397530384350997
22865	1.17026881473342	1.94872038128044
103695433	3.23003039098623	3.42413467856697
590	3.75227818547183	3.09645048352978
79740	0.733342138432748	1.61923169580858
11235	11.3802202115143	0.596987826559476
5274	7.16841678496479	2.5181892142951
27333	11.1987911200097	0.652637407143982
2122	7.42318308944434	3.99133869577777
7012	4.67235014062889	1.47226070222318
84517	6.90734002570915	0.891181463317792
55892	9.65422282196134	0.434831599219595
151827	4.37238155218332	2.41737006817252
344657	2.41006888947327	2.27284916649446
79782	2.35735061489693	2.73538148696885
100128164	1.98357184844811	1.26814992290067
7095	12.8763788975649	0.303534050504754
26996	8.05099228319406	2.21322060709738
80012	11.0340168380687	0.442368674473919
5584	12.1027280551485	0.535861375156483
6498	10.6438147908563	1.43997378974806
5010	6.13233355308216	4.56419375537349
200916	9.81132426075306	0.90538086888326
56648	9.4726596649045	0.933793270771562
23043	8.86545250306609	2.74771444967813
5337	8.75112509313303	1.63217771235681
64778	12.3172758074402	0.830689525011497
8743	8.00977334000127	2.91250508400291
57552	10.7825189017935	1.03211472876249
1894	12.6571141969597	0.499586979296561
22871	1.7431823278178	1.87456910883444
254827	5.59227395466825	2.39100711433121
79718	12.215945586514	0.804973925117926
102724550	1.80522692038551	1.60963881901724
100874330	1.16024094171409	2.9067614295587
104797538	1.15463779957536	2.42262581759817
10242	1.23019867329621	2.68892046927954
64393	9.6731799057383	0.930350892590508
5290	10.7475177253192	0.364287037310366
27094	6.83950957934278	0.704896251969522
51193	10.3023556961512	0.422640258701773
55669	11.3249423375492	0.255236137022138
59345	6.60974410150783	2.97049152689253
86	12.1175959839241	0.377460086588495
57129	10.8107009354709	0.297098591544195
4711	11.5961275748612	0.300149950427525
8975	10.0027239253154	0.6763311139407
51555	2.47110423257544	1.5178673592891
151613	9.8419249100805	0.466135403471956
339829	4.69930490298569	0.610097102461409
8087	12.5902429816797	0.452121847481425
131118	10.3045261401048	0.335343813635975
347689	2.37571944672187	1.78493908780907
6657	6.24980226169721	4.41510015829087
401103	0.738421412435828	1.3603328432655
23200	11.8616200259141	0.465945572610907
54165	10.9273916443028	0.403428591918847
56922	10.4393737861828	0.527442042146483
27074	8.58648839028726	2.09337965768627
23101	5.60565214769021	0.779723740178257
84002	10.2994280977912	1.91041111744029
100505687	8.24481167535309	0.812800544576094
54800	9.62835137868202	1.13813425382652
55689	11.0961395228205	0.431179004046512
79929	6.62539342321779	1.11846240488882
55486	11.27921839531	0.273076715357904
10057	10.81018446364	0.929544691751806
170572	0.970831835979186	1.6450392480164
8893	11.1433402543535	0.415426188859587
1857	12.1266358327837	0.545804849847336
1173	13.7849468980723	0.343020371128851
55324	11.2003011702107	0.353308846969527
90113	4.50849188656513	2.63749965733026
10195	10.9145304480966	0.415346592754778
9718	8.7841811019076	0.561207602230234
94032	8.03512667698727	1.47672605998138
5708	14.0401086359656	0.426519359158625
1981	15.0657500412774	0.294607469994478
131408	8.28590892564896	1.48388406874055
1181	8.41227254432536	0.407580005074808
5437	11.1539710435285	0.421926236583556
7066	1.61873831756827	3.01814801032608
8646	3.1041161144882	3.09876003222413
2049	8.24708867539595	1.37925549750307
64110	10.9524254509465	0.615200173623948
23355	9.85304798807885	0.746285631843065
285382	1.90642395977767	2.35213825874179
1962	8.27785536791478	1.48291511514315
9175	10.1630253105791	0.552759056905299
90407	10.0594026000805	0.951732899310263
200879	9.78411531014642	2.93680637047498
59343	11.3741689436406	0.502023562529811
10644	11.7167828641617	0.601790357203152
6434	12.6923866143739	0.241754020006013
344887	4.83199699920592	2.73564000613042
2119	10.2336085778241	1.29498247660091
1608	4.25639448186543	3.79305723232263
1427	2.98841888257396	0.873727544669524
55171	9.26552808689725	0.405844098165494
51726	12.2978931842728	0.61562569057664
3273	1.94964702259236	1.81410642304731
1974	13.1283208406455	0.75918309475081
619567	2.38033004248194	1.20936728776239
677847	3.2705632322828	1.33247935800218
6043	3.42135274315058	0.867822407986716
619568	2.90624996704246	1.15273258603542
5984	10.5228929417345	0.507801021499989
102724699	2.15405095585777	1.38900266360941
6480	6.75192659834546	3.14073669788798
116832	8.16905475099797	2.52740294243236
5648	1.46588618130197	1.67074940715561
64108	5.08666708922839	2.90521679326896
6750	1.07672178291978	2.57433789229744
604	9.62762820420052	1.1703753622112
339929	3.76498555923776	0.82671015189948
4026	11.5967057210476	0.560778698894133
285386	3.97852571090606	3.80859172732769
8626	5.2242414176188	4.6231401739032
55214	7.99137849420263	3.12362033758463
9076	9.48384639498465	3.84069022194808
10686	1.51959398274387	2.25725806646289
3556	9.13147777529124	1.90156098847838
152137	11.1034672808352	0.867912062755789
2257	3.21880088452062	2.47506369738789
151963	8.81265300890836	1.10149531183338
57110	2.77596289343367	2.56132310764105
84239	1.26996139821965	1.43147423011191
4976	12.4180495249853	0.448503679508482
3280	10.7022979225889	1.57601635139289
100505920	0.919149287063022	1.44704576877764
100131551	3.15852148380634	2.02394150036971
131578	1.96916180971018	1.83794691205868
79572	12.9079646910165	0.532435873918629
401106	5.50589204359483	1.79418233865634
100507297	7.09718651672775	0.875846730474775
93109	8.57783609551629	1.01461477746681
55341	11.1983716792124	0.35382394957825
131583	7.4079550994554	3.07558837038912
152002	9.53020209709818	0.761534570589695
101410543	2.50866977026001	2.53687991501352
23527	11.0909558602622	0.415395234498834
5504	10.7445171266789	0.448133827585885
347	2.87443832261911	2.64750040893983
200958	2.71038733136205	2.87443663458287
4585	3.79286567558679	3.6245840747219
101929697	2.25583509576631	2.31141873662325
10188	11.2957284360516	0.869426693198575
255812	8.43074683734648	0.680745313170717
7037	14.3203291118819	0.318800437186835
401109	1.23604003933557	1.52846483623051
131540	0.930549543747308	1.34545198283485
200931	4.572713108668	0.771408956739767
5130	10.6305104850942	0.595234997600723
255758	7.8426895478	0.684107100755743
100874214	3.64188165610222	1.4304601573832
26043	11.0485964073341	0.39141736964032
165918	10.3237534982579	0.491084888688402
348793	8.87776786255458	0.413039864411524
200933	10.7086329364265	0.544414834831202
375387	4.18020458215064	3.53399084683562
84984	7.53983509756833	1.09192598672469
54965	10.3810362177494	0.829354570534446
5062	12.7063008684662	0.562708382029029
205564	10.5810378165504	0.421397644961222
22916	11.7462384692249	0.56639222202952
152217	9.87925383493093	0.463553657176296
80235	6.44208000740302	1.39690967573552
4241	9.79654201777031	2.23271150788919
100507057	5.66605800391293	1.36552755227384
1739	11.5912809210094	0.542473423561743
100507086	3.55688807059897	1.77435501535854
622	2.1699987315243	1.13373351718841
220729	8.00097161685875	0.572047963757109
9711	10.3868066170996	0.509657751650286
84248	11.379708990835	0.638459031695361
84859	9.8946450936316	0.532013967492487
84223	7.44245684960078	0.893335193693233
6165	14.7341248344178	0.358038280759858
89782	9.18451682131671	1.1377809113912
728262	2.42674288695077	1.26771332242402
152687	7.11110163343719	2.79144716264114
255403	7.18481209945999	2.8746047685142
642280	3.6897343274121	1.75780782377433
7700	5.40763746417707	3.09419144217562
79963	7.29880592249039	0.612856359709522
170960	9.62997254474382	0.525410421760854
54872	10.6085940635582	0.336438761739652
5158	2.50387453096243	2.54033779378095
521	12.0487666926557	0.639291306506287
4636	6.50818109437016	0.698817602474087
84179	6.2184871525035	1.1542029580975
10336	11.094016573282	0.49497857221729
100129917	6.06195343074555	1.31664988298348
10815	8.88713486447287	1.63866948314403
2580	11.6182260834322	0.449809211555617
84286	8.49346742716642	0.672884180154771
1609	9.37888856333204	0.685895924358263
10861	7.28194497709378	0.995995627376953
3425	7.91714316598785	0.713808885742227
53834	10.4259477063592	1.04355482124464
10417	3.71261307322613	3.65133939860211
100130872	2.17800056081926	2.22907526969347
285463	3.72220602186534	1.03676820421155
1487	11.9911488859662	0.609190499619909
92070	9.3203556533947	0.622663368177783
10296	11.1451934887117	0.4197841158636
101928621	4.15529098540453	0.905545615474414
57654	9.06007619641323	0.594467163080728
285464	7.64957307171062	0.591816649801288
152877	6.0447898444063	0.984151733586901
7884	11.5453426940235	0.345773763186677
92305	10.6204353937006	0.518168321273096
10460	12.2699990290125	0.482934023955504
2261	6.9166269395721	2.67377039275059
3954	11.5432680015936	0.383221293220789
7468	13.0670646473647	0.503304450947603
677770	2.66564684802358	0.847787069484633
7469	10.5483033013735	0.474893858435521
401115	9.97038070104305	0.625887839241677
339983	7.53264518916964	2.14495898680003
353497	5.19259656671255	1.40071158210872
79441	8.75296777505503	0.419148188891718
10608	10.3844880861193	1.01145684726197
57732	7.27855006470804	1.33421543913254
6047	11.7850665784644	0.413035593706382
8603	10.2288372229202	0.229308565681333
79155	10.6340806168633	0.62209770041847
6452	10.2213677715701	0.738365229759599
118	12.7528905022707	0.318832795577155
10227	11.2921123471332	0.607331783279695
317648	8.00777221537289	0.870733089712167
8602	11.4494579496651	0.370607175949411
2868	5.53743930102927	0.813529633589523
3064	11.8860741294634	0.608529232251337
345222	2.93044947241592	0.701667944496603
6002	9.11853610619286	1.44399110364478
3083	2.09773943224717	1.75836436627505
285489	7.0523726850339	3.10959933300881
4043	11.7459336375605	0.340606594501302
152	6.86487093711077	3.73418955949652
348926	7.12578421371044	0.850811398091915
85013	8.86659853926967	0.741544826801451
55646	10.7901815587913	0.671939988873113
166793	7.00484900460672	0.408458029022294
27065	3.76908990345496	2.15701204163112
53407	10.2091012519304	0.573750968983311
100507266	5.16203869887183	0.845289049943461
4487	6.85409633658392	1.43413521179367
55351	4.71950216334063	3.92873509074944
10141	0.871090583977855	1.69033557229937
132884	1.03693853013827	2.29927470874569
2121	3.5298179837488	3.55916170049004
1400	3.93063982220293	3.39278739815906
389197	1.21658858575095	2.51422417327889
152789	1.25606396814698	2.9443618170605
7466	10.6755381554891	0.762104390406728
5522	8.49708365876406	2.89144936420682
23324	10.4516976584229	0.396230948601093
93621	13.6658962933545	0.3537904662041
93622	9.23432756238439	0.785375109469736
6286	8.91870276248081	5.3446825927735
114932	10.8817956951926	0.469473841318948
55330	9.58871588937963	0.664355233159681
9778	11.0035171978208	0.465306650642202
57533	10.399438208972	0.422378829361079
100129931	2.16780393439225	0.932587445189666
257236	6.32906911630641	1.02801944243408
93624	10.6676030765488	0.433575436162731
80273	11.1851957869748	0.350020441805756
730971	1.99913643663239	1.45248279452181
57537	5.57274378365713	3.31488494097381
768239	2.87928629107347	3.72529535722555
84740	8.46616828853142	4.38890593921114
60312	11.4079955515534	1.44371007198044
84448	6.02706093920043	2.10560369284608
54436	7.34282893871503	2.23206069005496
94031	4.09465814614956	2.11035463511296
8310	9.00735453397069	0.455096808320664
152992	8.50011291696988	0.320307189757386
27201	1.49017083283604	2.07045502825445
8532	5.51208411105219	3.05789663448168
100287013	1.44607328820747	0.981629556881558
101928948	1.66989218164892	1.80222788130172
56606	4.717215474564	2.15696086449001
9948	13.5778138824756	0.362245571715186
85460	1.99020645770919	3.31771662128323
116449	1.24952834498839	2.85243637326383
9957	8.96426930579299	3.57552660917565
9364	9.07923656488227	0.437423724680104
579	4.82651255546615	1.14852016800131
285548	1.92774389821916	1.92369475540777
259282	11.2846117430688	0.509739881293221
201853	1.24868464418112	1.6908845804825
132864	8.37821654676985	0.993333364206367
57545	7.3803299115893	1.1330269759056
26234	10.3198841975239	0.43046860163174
285550	9.06414980657295	0.599000683906297
683	3.86854109769686	1.37255075367912
9982	8.1652130945251	4.60999292966292
8842	5.67514023722883	3.64003937246477
202018	9.83824218646494	0.457806990290788
202020	6.19153874186072	0.809251726650272
5860	9.6878822813568	0.820191287453856
51056	11.8103657765108	0.723252647039761
80306	10.5125441091018	0.681132573308317
27146	5.21655736288368	0.876716390965757
54876	10.2274092051049	0.699943707199382
64151	11.2507373567661	0.702058480055755
254251	9.29030209922054	0.442610079607707
9353	4.07934165252057	3.25841938234188
133015	8.2702965419943	0.678994564487571
80333	5.59638677907708	0.807756703140852
100505912	1.99499694474263	1.26891262366807
166647	10.5385153655093	0.773518689334205
57733	0.801381758421266	1.52305089617215
10891	4.96315624038158	3.32045611498752
1665	12.868401646319	0.406815622289402
6649	3.58483602076164	3.4619605037065
91050	7.93090078475641	1.32258591146345
55203	2.07132722899794	3.20826843905737
51091	8.40676384648608	0.890015098941205
285540	5.24399148802312	0.982533963730937
55300	10.3655773924644	0.4068610222485
29063	8.85301374457739	0.744086304055034
29945	9.62133402920041	0.27641928087252
10568	1.48061781424369	2.14368619421899
23231	10.0162410498262	3.12009546627901
389203	9.32000940181877	0.558007969035329
3516	10.9370483141105	0.702025111814238
55296	6.38392775161557	0.725860662888176
57620	10.1062304150873	0.465266961897721
5099	8.73101052414121	3.75077573739203
116984	8.79499173095642	3.19024882498377
57495	2.35840392536984	1.80620185534534
55286	7.22006564180396	3.99761545923755
768211	8.47232539436581	0.902999913690393
55276	10.4944945151933	0.904861842530121
23216	10.8373474866318	1.00468366807906
79667	4.12143418742423	0.871405676213831
51274	11.6118090617911	0.928726500951616
81793	1.22274336845292	1.42278406101358
7096	4.72151626308071	1.61635715979712
10333	8.02588935345092	1.69456738462242
92689	10.404958385814	0.700932359260851
80008	6.1863069528099	2.8846199611149
51088	11.4870837040813	0.948929594816533
57728	8.22486999078595	0.878980177649604
5981	11.6639360034172	0.541947750482378
152831	2.44475423876844	1.17034714286952
6133	13.4376081680802	0.637634863481738
11019	8.60035428026952	0.611313024684854
7358	12.3283325105816	1.03098775490632
100885776	6.24402511527169	0.742724644078781
201895	10.7320668699012	0.975145398808721
3093	12.1708426143135	0.747801448297259
23244	12.7860669873806	0.4318163295305
55728	9.66536632817355	0.730421692822278
399	1.70653361344379	2.23677019167712
54502	11.6844188178703	1.26151535002193
79730	5.77203367755127	3.63451162972925
323	9.95798116342498	0.758362866872335
7345	3.91351023654167	2.26098468885048
22998	7.8853503425859	3.2798132982341
55161	11.7345086190348	0.525315832834754
285429	3.34807304947625	1.15414472411375
10463	11.4386364298163	0.481362181141145
152573	1.74268483313835	1.57091470589391
10396	5.87198060097405	2.00786065572529
100506827	2.06947032271679	2.26415636828921
386617	1.35187794756394	2.55927187211002
60558	10.2407273075111	0.425492430072399
132789	9.41571290981354	0.488453313945411
2555	1.692448762802	3.31364577929227
2560	1.08955286838787	1.51718021128894
54951	9.73123078272421	0.502653564343402
57205	9.63574384878012	0.797131481297531
10699	3.0882024860996	1.70095025307485
152518	9.59073893307037	0.735237575265705
101927157	2.25121929172153	1.38120385822603
1259	5.18526524616466	3.05605353246406
152519	8.97178117886731	2.82583918445823
7294	5.7120357786547	2.6127154603161
7006	7.18094585825568	1.28432996559937
57606	11.3133130522184	0.416594887883819
201780	1.62301618504042	2.19408832222735
285527	11.5414953776254	0.523966692745311
54940	12.2425539283975	0.501426739271955
132299	11.3978482907414	1.7390069076465
23142	10.5616877013182	0.358540698550207
339977	2.50818520569742	1.38036427298226
6443	9.12593259601833	1.79693595547677
132671	1.98822590060508	1.8891739750916
64854	9.85334377426419	0.602637969037909
643783	5.56583487329269	0.627077607977625
57291	10.4006899769381	1.04367575218093
100616436	1.66853626258546	1.22441003989388
677810	2.67457995692488	1.29676390980951
100288413	5.73092660319559	3.23642267081689
65997	3.69935844183672	1.97610841319767
152579	8.91358845804087	0.579038864831097
81608	11.0279731413606	0.457341383263579
84708	5.26886630182446	3.13648950028363
100873955	2.13484231707659	1.98730142767444
26511	9.09895011566315	0.873193892373926
3815	1.37472335800453	1.44293980792477
3791	2.61700784677085	1.99217572450976
79644	9.58940816829464	1.04381117960346
55858	11.4765754426484	0.658833103103263
9575	11.4512005287443	0.667330363992523
10874	6.59863531768447	4.74120660315242
55763	10.43122095496	0.736064904304936
9662	8.84393524662192	0.628950408988488
57482	8.41978011894991	1.93913734655534
132949	8.58125857643233	0.534569880231732
5471	10.9451619301652	0.388187662100589
10606	13.1871806738483	0.588105485906757
6731	12.7258299720107	0.434646401978654
132946	3.50787947472694	2.05339399328424
84525	3.07289051770659	2.86168004059038
5978	9.74320679467608	1.52582336017601
84273	9.93961088421782	0.462844080096338
5431	12.4709217824205	0.340409534532409
3490	2.54781847902528	2.05001015536265
23284	3.72575735116111	3.18041436013428
2044	1.28892592887342	1.96462793180535
100144602	0.803204231991177	1.54188212111716
1060	9.12123431594391	0.466149408039585
55236	11.6931560132785	0.387526486361514
550112	8.22212863369837	0.708136237378141
2798	2.40903521302821	1.31661125823285
91746	7.10971295061246	1.56606279410162
7364	1.09025692969644	1.6830323723087
7363	0.862579683477895	2.11609118019773
6783	0.911394877164851	2.30349152198414
1447	0.525695491897963	1.43717464656731
3347	1.29184666518623	3.35966474742695
3346	0.96693670267673	2.4769542792949
54959	1.13500927326597	1.9337400323082
401138	0.95436236312528	2.28334394366161
10117	1.32099708185368	1.94238676379748
57050	10.7264524823398	0.3325936869814
22902	9.6424677346093	0.428967158467741
2926	12.0583316222003	0.396801343392587
92597	10.3784713477821	0.571440770106198
1633	10.23393662283	0.460498308129813
8671	3.57803726269716	2.40910157505523
2638	0.465498087752783	1.27547431742457
10886	1.83800261380983	1.84825478926486
9508	1.80808187712317	2.07055636111874
285521	9.11722212647026	0.451472827533026
26057	12.5286773076069	0.300621310345068
166824	7.10851074840231	2.77712152408906
3576	9.113162473833	3.04151879165296
6372	3.32320501327147	2.47149581178997
2919	8.3292070453385	2.83389044881225
5473	1.38339977016981	2.32021601079852
6374	5.70326786361455	4.86776936165101
2921	6.72809559173919	2.71286901236714
2920	7.58081128093593	2.15173926346367
441024	7.97844174255228	0.775828048585794
255324	2.70624244858546	3.93022158407274
2069	9.88014479028256	4.41858205026469
374	10.7156793115282	2.4790006163418
685	7.24875875038056	2.13271695660899
25849	7.18899977714612	3.91543428577485
25898	9.59401597499961	0.539121079728755
152815	8.52297120883495	0.389772708606506
152816	2.09701360997633	2.88626327091615
8999	4.74953611093738	2.63721151297036
9908	12.7632521051865	0.540948206821477
8615	12.244221718714	0.37791885031549
27163	9.16340906764942	0.9694306380647
55153	10.9003151845711	0.427099388374613
3627	2.59027800709324	1.93754013759123
6373	2.8538242147153	1.8453766917286
53371	10.4710785814516	0.487256200114987
950	12.5459126096446	0.488236495710359
100129583	2.9442123801164	0.84529268778505
8987	6.88144469928549	0.553281691515686
57619	11.2286351003406	1.33297894385365
345079	7.07227667445274	2.2692844220205
55752	12.4891081845387	0.67397785823662
10983	13.079974461957	0.42361506207545
901	10.4366927025531	0.905515001215869
246175	10.084691105895	0.269701467270089
65008	9.79105148194082	0.642040600128015
80144	8.02012064390188	3.72112757294356
306	9.40585339063696	3.95707719522984
100505702	1.98846670588867	2.20669886759916
55589	9.98902651859188	0.417620753205637
152559	9.3304893090003	0.769817453264611
100505875	2.28849433012224	1.74390995620278
118429	10.8175304971794	1.78710644504027
56978	8.66663640751815	2.27778218672866
2250	2.44394395359333	2.06669544467532
255119	1.6833724006963	2.49663185341135
651	1.60043614773653	1.9140245918835
5593	4.99601062432036	2.46260118462385
101928942	1.63464479635824	1.76816352974265
153020	3.91922186571437	3.68818789451174
3184	13.6467705253714	0.572454528599005
9987	13.0134133608297	0.417376050388723
58478	11.1154979965461	0.633180808153785
441027	2.62014843280115	2.12654246999016
79966	7.42536976064997	2.6622637581769
22872	12.1421375234966	0.412782215657133
100499177	9.04077476891083	0.590381679208356
79725	7.0354213127511	0.423043238266135
132660	10.0791558594156	0.628723551042675
51138	10.2899312072255	0.483145585260198
51316	9.48547691896338	2.54388508433578
27235	9.93195679061662	0.580822699531191
10855	8.48548473116145	1.27021856860519
113510	8.36667234558133	0.250745558195976
51023	9.8671653313554	0.388697624624748
84142	8.29461814981633	1.02326663300124
84803	10.4526954596164	1.22892668698693
4825	4.31099080638478	2.41929095701866
1040	9.93905240972106	2.68396219095108
23001	11.2180647955653	0.356421667085367
404201	5.45313550590874	0.972380305132502
83478	4.80025761834054	3.80305449185084
5602	2.90793979290962	1.58292361979209
5783	7.9631787572431	3.8088386814433
132989	5.07312643961442	1.53635100968022
100506746	5.97486500447145	0.5018194375788
4299	10.9077302546043	0.473239467052233
57563	9.53169701146641	0.555488686106542
51170	11.0263683891694	0.561547827990218
53343	10.2715683048896	0.362436733577908
8404	2.4177207066654	1.81228064057521
6696	5.32049580528184	2.80574127614935
5311	9.10940229385045	2.26445179047926
9429	7.31861238419042	3.36253368571868
152926	8.58157156405691	0.998667717078999
55008	9.27854116058864	3.16772227850228
51191	9.07300324420047	2.90730408988976
8916	8.59796431041552	1.50629997792021
266812	6.01313306668208	3.33140126928886
10144	9.64930689923168	1.01479391423354
166815	8.35621955172972	1.12199284323206
285513	4.32212776324137	3.9056009134041
6622	4.37675908806093	3.80279179177793
401145	5.36013595181679	3.11924658596231
56916	10.788382453978	0.463157712783578
10611	11.4954517880862	1.11783003593347
658	6.01987700941512	2.4362386953569
8633	3.17653694110202	2.16793363834804
5910	10.4805111677317	0.435594245933369
10098	7.75917520482262	3.30079947306334
1977	11.4197123384544	0.517124897024678
23173	11.3528446987633	0.584518067506894
128	11.4930589726238	0.944015839413003
100507053	2.94058868656416	0.819945054940301
126	3.34318584151346	4.38756473891705
93587	8.02409046193833	0.812533008040752
27071	5.12637800964105	4.0729233078354
8649	9.60238343916819	0.512429092183861
79982	10.8231718875165	0.44206335388713
3015	13.9942761087544	0.640807003968632
256880	2.05009043398623	1.01895739564287
115265	2.9417511418283	3.24589440177001
51705	1.14559269187251	2.78533692751638
5530	11.9684504759828	1.45906120387513
90024	6.95627010408263	1.61719515577504
55024	6.41137336664736	2.43003862146479
64116	10.0868886111383	2.06795739111731
105377621	5.01910970531257	0.86433668310642
4790	11.2479967324609	0.427658915438471
4126	10.2858549364913	0.753217972228929
7323	13.3945701208694	0.414400408585705
493856	10.7818107354948	0.492301697847307
150159	3.34937775087361	1.0024456384129
133308	9.1261502079593	1.19850601186925
56898	7.51449632094217	1.51232154840067
1062	11.3024809873582	0.518066285179893
80319	4.92566870785921	3.1228483140268
54790	10.1016701348156	0.543671827668433
27068	10.9383259746633	0.43503648323968
54848	3.42401235666727	3.06091295936719
57117	9.33107596536625	0.406341220389807
79807	9.81472665430048	0.723822285597106
255743	4.03210392100122	2.77425624340308
93627	8.69527102523882	0.465520502172877
9255	11.1000153044438	0.378713136962946
27123	1.17885212871263	1.61664880002899
9061	10.7232919266476	0.674872641413631
166929	9.97954107287229	1.56871356617153
113612	6.42095671939822	2.58288581711081
3033	10.2366628007327	0.840680858725142
51176	2.64896997509836	1.87872409680599
285456	2.73607002224874	1.05986162494608
6164	13.4368730083614	0.492515739022541
58505	11.5374723268457	0.522843672283154
64850	1.176815239537	1.62296345842975
100533182	3.97008692748152	0.662450194500321
10427	10.1776926406258	0.666295686200716
55013	9.67008913183535	0.505237633045348
839	9.61968800024978	0.61468435687518
81579	9.61229367749061	0.620013745135367
3426	4.32800252695997	3.62029608132845
54433	10.7608217857792	0.62131663904017
1950	3.47523910084405	1.70189937162687
79071	9.83367227686872	1.68695986803254
2028	2.6394723624798	2.23522937318087
5308	2.8762779572155	2.67092938929756
105377368	1.2229946674713	1.71708514608147
132720	8.92301093121935	1.7579663689774
55435	10.7133680767948	0.881887892201949
92610	8.93267922386511	0.975695163983457
80216	7.70442179839192	2.65061041010217
63973	1.69046178957684	1.54475612853942
55345	8.67938008698949	0.860410338698929
51574	10.745977990277	0.610670372694754
287	6.54068093908002	2.53654461068211
817	10.4657541655965	1.04556893364998
79642	9.14344872304423	2.44025858205897
7368	8.18156260443667	2.4209167271707
64579	1.51871339816341	2.88837669983744
133022	4.22071511913845	2.456128715979
9348	1.57387730521997	1.57579550673534
100093630	10.2758840031018	0.920108080232456
677809	2.05389742172862	1.23677431579306
8492	7.33672092958876	3.54572235471171
729218	7.38722645477292	2.08335235216118
57721	9.56259560238306	0.459277647065189
9871	10.9985753051674	0.949711483212054
171024	4.04373349847331	1.3302448347166
54532	9.81027037253789	1.07869422303383
401152	11.0517975078762	0.442257881260867
401149	6.61737184516398	0.65965483906696
645513	6.6548838162345	0.473055314574193
8654	8.11503698456002	2.40258472129825
4085	11.0909946162918	0.437982258926133
11107	6.59926680436517	1.94779043841056
79625	1.70122684984259	1.91033216070877
308	12.7663507006722	0.634279934955163
5393	9.60676147016581	0.514814463593956
890	11.7115843085571	0.698142264869013
55212	9.10611583609717	0.40145628697334
84162	11.1028466908286	0.575755886568998
166379	6.80286105334907	1.06069690801236
729338	3.89950573720915	1.08485246106615
2247	5.77971821973207	3.95971153836499
11162	6.40885617713276	0.909076015070383
166378	9.17605410883255	0.70104153315853
10252	8.6760394318098	1.6466333477344
285419	2.48765596493782	2.65234543856378
101927087	1.42534300456462	2.23815629494784
57182	11.5792424334919	1.32182860889084
79633	7.16618287896419	2.41222056487776
27152	6.12129686145141	1.45684777263012
22824	10.1434485777811	0.561504997259475
10733	10.1833488538401	0.642718598192607
256471	9.41792980517002	0.41267903033655
80167	8.60293787637974	0.481542455313717
55132	10.2114836677904	0.765547692718651
10424	11.3364019152169	0.580888465057539
100507487	3.72019030385952	0.708099819401631
79960	10.1120017413162	0.572599906349343
132320	9.23088981469326	0.586721633377872
132321	8.56566710171548	0.743329708521387
101927282	0.620477731924899	1.5349606026886
54510	2.60425598440173	3.48584804475748
641364	2.74794986684645	1.88258295679675
23657	11.4317814373607	1.58660388778975
25819	8.98604533529006	1.32107890819224
1998	9.67231476086981	0.577916529344643
84709	2.40390989021225	1.33758989802333
4717	10.5710963935347	0.415070678472564
80155	11.8935783420689	0.49181628675094
83452	8.56824049502655	0.484139748962814
80854	11.4868094898906	0.791815439720258
4258	9.64451436975173	1.1725955263842
55534	7.36399249552733	2.24736689539907
60592	10.800610657648	0.839983144489679
100129858	3.08118313233332	1.6137441498244
1047	7.31672775070282	2.02422552802822
255520	9.93970865309343	0.567210508029261
23158	9.87854380587354	1.07936474892157
57484	2.51392259257006	2.31340575008924
27309	9.82783133715607	0.512272888704646
100507639	6.95550061242256	3.3744720948123
3600	6.17753271118633	1.71415946881493
8821	10.4542398932556	1.37744340755587
105377623	2.29164804539963	0.844126289941602
84640	9.78279293054768	0.680588247858865
2549	8.55756238707093	1.32249414166504
8467	12.573438370341	0.395843918453012
441046	5.0999893146848	2.61186091986936
10393	8.48543258373904	0.450613474456025
6059	12.4549821753083	0.437062625762924
54726	11.7079503678776	0.346946104967887
4086	9.64650599463097	0.625971313923646
166785	7.99316600590064	0.850654954595122
152485	9.54030077795651	1.12355635704961
11157	9.45922735463218	0.724287316740072
84068	8.59120427542697	0.91756478421714
1909	1.62502945683036	2.11372166390785
55751	10.1817978151667	0.412845481661626
90826	8.36240008626314	0.272795120134535
79658	9.0138426074285	0.91654578667763
4306	5.39061648149771	2.31272827148339
166614	3.27122474458926	3.29446494228843
987	11.9997641053727	0.474676781028778
6189	14.8981644675894	0.45093390897254
152503	10.7534102936002	0.799698550087511
729830	8.49275888822376	2.10463281546406
5188	9.12309288671848	0.587430918345336
100996286	1.04636014682197	1.49722745806089
55294	9.71081662129581	0.582607399559385
54553	6.16696353508705	1.10620260948177
201799	7.58770416573303	3.41658716610619
201798	4.38779201164796	0.861850901472171
27236	10.4845943351612	0.588371469037456
85462	7.4640175265456	2.2290355134959
23321	9.99993556424997	1.55230044875103
303	2.39798221428307	1.04957075350722
84057	8.15587494835071	0.691309617515432
23240	8.56151135281182	1.56183521427507
7097	3.23059812678759	3.45981091502657
54798	1.29911290423667	1.99821838694532
5356	11.0240231210857	0.458087595657133
2244	1.38097757735445	2.52703308704644
2243	0.558499092525516	1.35642945169097
9227	3.97944949469204	2.85095714419882
79884	6.38311422727172	4.47779545894778
2982	5.17664578847921	2.97611872968832
2983	5.27997429348211	2.61680703069903
56034	9.95750386160915	1.57497578328546
2743	7.05829716722055	2.37029032071107
51313	7.8745428277314	1.86519397480937
55314	9.37494796617981	0.723531627747022
201725	9.32402047714727	0.817896256466539
2110	10.1912944860149	0.520927021972511
5481	10.7939076494334	0.540205821188676
57600	10.1594746612282	0.817273539643308
9693	10.8733496159085	0.802884641904202
56884	3.86862598903197	3.34226048755106
92345	10.0437909207547	0.532490421495106
4886	1.9723061694524	1.82025350100892
55319	9.58291161133187	0.998891029248603
55016	4.69085965604411	0.913624020430668
23520	7.23561633124432	1.2520590159691
100505989	1.38763453858679	1.94035397947516
152756	1.21371696608816	1.90300054113998
201931	10.3261734123182	0.967182875356442
11275	9.7825351611339	1.14982436352872
6307	12.2698123667357	1.44125212544646
1363	7.58172555724307	4.14209677054707
101928131	0.869159936471234	2.19763949109507
7092	1.7120577465143	1.55074014516695
50859	4.28734744879099	3.34866018566668
11199	5.36637964816866	4.48985367656758
55601	10.7705856714829	2.82690654006016
91351	10.6878882475027	1.73953125305907
23022	10.6672866030135	1.77648121773897
84869	9.53231901134873	0.45361582910818
57630	10.3402961411395	1.8697703884438
4750	9.33333233437611	0.754202375400415
1182	11.9277064393264	0.584635590946141
54969	9.43887750485096	0.892745523599445
9848	6.09282715490438	2.92163983135124
51166	6.74143072529331	2.0301840572896
101928223	1.53859571206954	2.55818030120149
51809	12.2396250357587	1.22123716250841
3148	12.4367252943354	0.989283510796451
8819	8.66647826443555	0.511539178778336
26269	9.01195545457213	1.01785872949022
80817	9.11610828805472	0.73786483069356
3248	7.72385324158511	3.93711614361191
8001	2.340421679305	3.24327616916036
11086	0.878026565814992	1.28017663217587
2823	4.45043560934572	1.80305422168577
116966	7.08277445074133	2.51603990161673
140458	1.39851779179568	2.27646792012073
60559	13.0398350843724	0.708548958201163
7424	5.45108961380788	4.42746888803296
55247	9.14863899720006	1.30205558956376
175	9.02208011916959	1.09798200600126
285500	3.334169961896	2.19328892085758
90768	2.3322368107995	2.58465584155882
55714	5.75486584678755	3.03438885668883
1635	11.7779034791593	0.685711053239263
152641	3.93689660687844	1.75955174295618
80014	11.1765709629754	0.945569227565732
101928734	0.698193158758422	1.72229652537739
55602	9.77572158798051	0.492646107516221
389247	4.68441009845875	0.985868515059206
3622	8.94987544545363	0.614410985145519
201965	9.75067979362706	0.546251457704795
60684	10.635008387198	0.520473452645422
56977	7.04029061324805	2.233930262871
728175	2.08222610748656	1.05791728680064
3660	9.96902560898396	0.746213978034591
836	10.7456911449162	0.441475266137536
201973	8.77168378474757	0.58637144906432
79682	10.5728355384316	1.12628430032571
2180	11.0749212421673	0.854201949233142
291	9.82315118888349	0.659452816748777
57587	10.9712944691227	0.8787056391237
83891	8.96990878014686	0.94732911768073
55805	5.01495686753396	1.10373543043518
353322	5.15622364325857	1.05037915693677
55325	9.31957829572698	0.357536989244661
441054	3.41961807081144	0.718258183393674
256309	4.62936446270907	1.99768625644962
27295	3.51641345590484	2.84954276092161
8470	8.36428631950954	1.8809404331349
7098	6.97317823780886	3.06234540497643
105377594	2.22482392447723	2.31418338417125
25854	3.76796237415354	2.49706614505853
651430	2.11227918405312	1.29568776966205
285440	7.24153152625651	1.40431025117159
285441	0.626217405036037	1.71476940135983
4543	2.37752066753111	1.49168380383593
2195	13.139695702395	1.03085841990785
339975	0.863900774014038	2.36133276598455
205860	2.90158281902817	2.67623283345766
2483	4.00187675454921	1.795725358625
105374752	1.26509024227242	1.45523944400925
153478	7.30989667563175	2.94574200152713
389257	2.16873508071525	2.00627374750657
133957	10.0479047357121	0.364704695520664
6389	13.1483004261289	0.573452509185306
102467073	2.96014983131729	1.30300989099071
10016	11.7175742417319	0.534275596387695
57491	7.21835985217875	1.62083908985968
116349	7.53485226002418	0.792255441751275
11336	11.422749909074	0.528645868593459
6550	8.32825659356807	0.575548102566421
100288152	6.74318283270531	1.09603200304168
55722	9.06547486235712	0.860678174134048
11076	7.25523674211757	1.10970465787195
101929895	8.03192692237543	0.567990037259808
653082	4.41696885718199	1.90541915675513
79844	7.16529826967695	1.28904363149795
65980	10.8364709978397	0.501706974076232
9319	11.5402488545725	0.741978459787453
85409	1.72664882841773	1.8568196358843
10723	9.67450435436883	0.948778556511621
101928793	2.53041615668649	1.40761143931107
7015	5.31025853383739	2.17623335640914
81037	11.2199584990344	0.600894696988329
79888	8.10591260232584	0.774213936253622
728609	6.42130530447149	0.948920130790292
728613	7.79651970264918	0.756585260241441
64979	10.5815058644437	0.426321176335933
4726	12.7328793642744	0.582035839621667
50805	1.20239669574027	1.63203619744798
170690	5.47824605065299	2.18364345921376
23379	11.9062400969369	0.489540578654726
84246	11.1552436270374	0.748391425256291
134111	1.68951143276004	2.68345964610091
255167	1.64795096840967	2.31157449956953
54888	13.1947943014247	0.643824037256449
6715	10.5062349108587	0.785370541467006
11044	10.8920704393923	0.560935487388346
108	1.32730253318298	2.74581903406028
134121	1.50250881391374	1.51506826795993
4552	10.9452764801612	0.340414549393414
79072	8.99759872820519	0.512592883458182
100505738	7.93112502553233	1.16660157608747
9037	3.38686289342461	3.54102402210486
100505806	1.59653695067498	3.35234229167984
134145	9.65692476939848	0.850727870829051
22948	14.6644960096059	0.520402056706128
134147	10.2587085818161	1.95720723346305
10299	12.9354840283042	0.396300700644457
83853	3.24622125979732	1.6307080195843
651746	7.96866195716773	2.48564870915222
1611	12.7174730512771	0.659842192792735
1767	8.08221840435986	1.08929658132613
7204	12.7971569446513	0.546378352099011
54491	7.72358542510004	2.04426251082852
90268	10.8799600481637	0.639566476168983
56172	9.7310499108939	1.46402938068724
100130744	6.91912514333247	0.800559027952065
90441	11.1729095531471	0.702395272906969
54463	6.12370824330554	3.62399299587931
101929524	2.00226430016841	2.16382162149007
4651	12.4258749247457	1.19094494418079
285696	0.948274283040763	1.80769826136427
10409	7.334086650601	4.70656298515118
1016	3.06670232867453	3.48334082162055
728411	7.99513478251629	0.536789140744957
100506217	1.95055945124689	1.20376085380226
1010	3.48284237773515	3.39118616115576
1008	2.39184258996853	2.30034415555144
105374693	1.15329805084155	1.5972584265588
643401	1.41540622371073	1.88417767080427
105374700	1.19314952508155	2.6362356771963
1004	5.15231941237278	4.27923324984178
29102	12.0503514449181	0.474735004812802
55322	11.0356194782972	0.543803033372514
23037	5.39355534233206	2.8742835580752
64083	12.6384838462903	0.566022332126093
54545	11.244278462011	0.486096327596641
51663	12.251897882524	0.372616368560611
10923	12.5843828006757	0.646185397010527
4883	3.69998505028993	1.3651531643079
6897	13.5470135213842	0.65635601412855
81792	3.41663248934162	3.19250618421289
23600	7.63887234679352	0.955511276823749
114899	3.11944349272052	1.94811154045745
26064	10.7592216246109	1.42903140129951
153657	3.56755489401097	0.772041676276227
5810	10.728847761458	0.753894966445078
55299	11.6461185310479	0.673688162519593
134218	11.6695110845178	0.502993925928662
5618	2.64027376748293	2.58344027368317
79925	3.24489853790274	3.39991295474264
3575	5.39120149326835	3.43898188121006
133690	1.06794238886224	1.95806175336647
92255	10.3885703190566	0.732934790489735
6502	11.3214394824642	0.680341007513237
133686	10.5319738798152	0.871904182186981
202151	2.51073745414038	1.81892264665899
6507	6.15036749688782	5.10371849160899
646719	8.69937731729951	0.997707902818984
25836	12.3816109625475	0.575708209408924
65250	10.30416911271	0.891684651073536
9631	11.6322369910099	0.51688071669847
55100	10.2462864132052	0.507887961463341
133584	1.67741255909461	2.5846276832916
3977	9.51362659345635	3.05527494441788
100506495	3.71312187320504	2.28141493499045
101929768	4.29830054012597	1.79754395713041
9180	11.184911876112	3.35513768467908
253260	11.2129773679802	0.640664967585151
2533	4.32322441076595	4.5596855117526
735	0.663961672077026	1.65223727126556
1601	6.60630557822514	2.34902862482424
5734	8.85989690285358	2.15056255026081
23548	9.50629540114169	0.617542086521847
5562	12.0784895408101	0.690779272747259
100506548	9.74355127829456	0.855520981839659
6167	15.5509504213738	0.731580982320415
84674	8.06796791250314	2.51561960928625
730	1.35414830113734	1.96817987058911
345557	5.92070593005044	3.39307052320221
5019	10.4745682207002	1.03221972401025
285636	10.9549337447156	0.360804690158811
26272	7.84243511293695	1.17882498834819
2690	2.42867035166088	1.80180128831529
100129792	2.91109987446696	2.98215961769269
6414	5.0180478251683	2.30510168553012
643977	7.70187941232706	3.34088449167996
648987	8.06332915235449	1.56274511582563
389289	5.79629113277946	0.861765357523473
153684	6.7846664156776	0.627450271960784
100132356	5.71620689984341	0.910315925308699
100506639	6.20544747835135	0.464824774239033
7690	10.9523515439943	0.360719385200696
167359	3.90362526627677	0.997517052704316
3157	13.0109408003225	1.28946222863456
56477	7.41939592985448	2.44672199298155
64417	9.36736708496208	0.660659379320513
375444	9.02174825252338	0.580229214282747
10605	12.4128372948597	0.43217974985885
100652772	7.67556444073345	3.67945528953218
23530	10.2246696273552	4.01691031650436
100506674	5.63459902741165	2.76151741892632
10884	11.2632887976672	0.684132869233988
348980	2.80462338905832	3.70946385620653
133418	9.70042440235231	3.09793760464491
79668	8.93231715696214	2.71957074450159
642366	2.96899959436535	2.25673225222417
3670	5.188721623318	3.14785264794996
53918	10.1442095869703	0.525052242324421
3672	7.20115545849716	2.11206141904007
3673	11.2602748584234	3.27132159838237
4338	10.364157388649	0.352732931898244
257396	6.79830174989926	0.799245535564071
10468	7.04124049131861	3.5208535783146
4724	10.4736639972284	0.291913782563046
54622	7.92534103193343	0.979595583331301
112574	9.4199548022788	0.702189459350993
493869	8.86343592477785	3.03532074236098
345643	5.9804134974163	1.25204245383547
10309	7.34327429416336	1.41536307580203
54505	11.0443303068611	0.430265219069082
23517	11.838811445034	0.459502258017358
8611	9.26792145290143	1.41393043205141
379013	1.87068100178353	1.35071053670862
153129	9.46608570312603	0.411289003654976
133396	3.10623104454503	2.29857810032322
3572	10.8443404095303	0.788686404722251
441072	3.069529762386	0.878684421439362
101928419	1.21713607295263	1.65970167166278
102467147	1.49808675928871	1.68796882838553
4214	9.49241789158754	1.12441494513244
133383	7.45359860672048	1.12640984193703
166968	10.2135206087147	0.615298005020875
65056	11.6328164175657	0.349188041089459
101928505	3.84549514211892	2.71431099198791
101928539	1.88676631339399	2.1047775096904
101928569	1.62880401226753	2.48237078626347
10769	12.9365588222618	1.09436780289788
115827	3.44490716453868	3.17336910416833
5144	7.61501984384354	3.48671869753569
25859	1.5007010330617	1.78356509000898
55789	10.3322094550368	0.72357562425211
79993	8.32626065038357	2.06840217470685
1161	8.20333230456398	0.512285088017152
91942	10.1949724403114	0.533820159975507
643155	11.3246901529246	0.414813799693078
57688	9.17630902370328	0.469601922389363
3796	11.2938033068202	0.458686230251573
27292	10.6086805040183	0.380437652333813
51194	9.4515238251662	0.568887488280801
100130733	2.71497729746107	0.900456212859925
285671	2.09521546632218	2.50723188529307
401190	0.753277331543919	1.70411351593352
285672	10.3730076820161	0.34231675537243
10283	10.4947115440683	0.362009331965399
11174	5.05434658290488	1.54853991808202
64105	10.0940647709002	0.574063154580255
23398	10.0881248967269	0.430523621285802
373	9.21389041322503	0.50847541164423
80006	9.9700169425143	0.335349873147482
54557	8.89813884552929	0.386510686144412
57486	11.2585394322182	0.681120699535217
55914	12.2096691618231	0.63820399392125
140890	11.3906410561374	0.209405703531961
101928741	3.29742852639283	2.46976402101989
375449	8.75325842300394	2.37878485622337
101928794	3.63513446240278	1.97732261889858
5295	9.44533268627125	1.03440884766647
101928885	1.45640380851623	1.51949911939286
64924	11.2497522633118	0.42824287717564
891	12.9865035439032	0.623289095828442
64946	9.94840821432973	0.797356343647521
92259	9.85309008640578	0.288650829902209
1022	5.07200286784483	0.599429054182434
202243	5.38236120683653	1.19775545925861
5884	6.66778798092662	1.99218505383886
153562	4.84929916687597	1.91119276650836
100506658	6.51135138443328	1.41613615571666
728340	3.50475756273711	1.38668426101312
100272216	0.560732232948772	1.27160375652359
653188	1.84798542590768	1.85673421885806
6607	3.15091558691645	1.94106178987784
11039	2.58712904036101	1.11279729624823
653238	3.70079801559375	2.82599516780887
11042	3.20504231407026	1.57004535533318
8293	1.37808859971556	1.67607422376766
6606	1.84746139457069	1.9933531751325
2966	3.53432670997067	2.9787698206772
100049076	3.99101139072169	1.14851008382485
64087	11.9414615286728	0.482494478544973
4131	9.49681385376322	2.90381646201632
23107	11.532107696471	0.60358638301756
79810	8.46736914256828	0.793523104449006
3842	13.3404291702333	0.403149076660656
115548	10.2047681830187	0.37835216049087
134285	5.16045994409521	1.53391996283379
2297	8.2663658073588	3.13810133055035
689	13.9070780871204	0.406436944119167
57763	8.63651679567791	0.657812046811234
84135	9.8734695880705	0.449937628803609
64283	9.71189887087245	1.77832761515549
8507	11.2664555090367	1.22562606080938
3074	12.275230942185	0.81085633729201
84340	10.6794511216513	0.533382722641032
10412	11.3572938429129	0.461011880588188
26049	9.71489068962478	0.769347906799082
51301	5.49437813209557	1.73295777517465
104326191	3.10643853234199	1.72529352109919
256006	4.01322580483292	1.46058615188876
3156	12.5154253683721	0.720775377629318
10087	10.8925612436455	0.43052999554102
51426	9.88001835608651	0.380079949297745
728780	2.60317378356519	1.36360382211229
134359	8.61025185776714	0.447954809911677
22987	1.23856029942197	1.73483138011364
10788	5.97381738488353	3.4746824241383
2151	3.23635523679139	3.44857079094281
2149	8.40376322091552	3.21508163967656
2150	10.8473465294886	1.09299406874495
170591	0.927282394660865	1.61411104125411
55109	10.7004663491301	0.541325039438128
84327	7.12531282449908	1.26579783848637
728723	4.61766864828212	1.35092256006841
8622	5.89459609337633	1.7678766722111
55255	10.1195435952085	0.721985556792289
6902	12.3268275984872	0.450053369908381
105379045	5.36031735598384	0.838862515559124
8546	11.6103652633275	0.405901235137097
728769	7.4055847795455	0.68662057037518
9522	10.3388984699696	1.02250045430955
10184	10.4320912335357	0.774155747709207
411	9.34772889001958	0.626109199594868
29958	1.57203443119463	1.37819072258471
635	1.26644788703509	1.37402419744905
133746	9.65395304759283	0.864328197076739
9456	8.50097931625586	0.572682709086082
105379046	5.84676712143277	0.658587877843536
167153	10.4686152772117	0.363981395695042
202333	4.76355153652971	0.647083355765249
345778	9.82141377516854	0.666770632072176
7060	4.17269598417279	1.90427932111768
256987	10.7863011045627	2.56540063705594
441089	4.43954869666134	0.503488500655927
9765	11.0243420038324	0.742383740907535
167555	5.9675884131041	1.27192086091556
340120	2.67505168900262	2.29982615447707
1719	11.495745449297	0.700987395699429
100462981	4.44527460633805	0.89842551243907
4437	9.61045313207216	0.591522292665662
5924	5.64810937407061	2.17033404010956
1160	3.64719678983665	0.614296680006113
100131067	7.37780324222969	0.780000735140003
84240	9.86933495991889	0.586446238399133
134526	0.622504846588363	1.70269203600232
23635	7.96217917926626	1.20532969602965
83734	8.33611181284605	0.676226645492224
6228	14.7273788112212	0.420917828377102
92270	6.31205080361226	0.822342276665598
153339	12.2086913530848	0.375823002745035
7518	9.17947714038311	0.652535746180133
1462	6.61724351509399	3.87430657585646
105379054	0.864536966383371	1.80428591036274
10085	2.9936363591389	2.96164965866685
1350	13.4617673167515	0.386526667256937
5921	11.6440191119727	0.837897787309731
902	10.3040622189386	0.343470076925295
153396	9.61163283686501	0.39791935834329
100505894	7.05415707084669	0.843060518961089
645323	1.999433473021	1.68966205732755
4208	6.82642647818539	2.41445403209828
101929423	1.07793367313872	1.41137902941694
1070	9.45962193071468	0.484855662928856
731157	2.93729648309632	0.948617084967466
153364	7.83281923164103	0.96578934260387
10622	9.12907069551654	1.30268407558348
116068	10.5201358730503	0.404450793856363
84059	2.16699285476271	1.85218722813109
100505994	5.83117303585902	2.13909847668612
57561	10.3006396405539	0.555029714938609
100129716	5.44206377974543	0.633603832230597
441094	7.71917636819378	1.84990144143679
7025	9.7916750700132	2.04115652410573
83989	9.5353967219635	0.664018003695936
285600	5.16362832552849	0.928021188042266
84250	9.41856464462648	0.588696627076216
79772	8.59023920013833	2.15540259048144
153643	1.11150246245703	1.70958183454445
9652	11.4674860316905	0.487602143796628
153642	8.50719674118763	1.03864440423364
285601	2.04818662855227	1.9679559071978
317671	4.53013929502755	0.855079269408202
22836	10.9435567827774	1.41849693166664
2745	8.41925514235528	1.34238487693394
22936	10.9354496029282	1.44927318034141
5122	2.206244126338	4.24215197422766
831	13.2398617492541	0.61277600425053
51752	11.2734606096621	0.833510819899017
64167	8.14953380105499	2.4757894957162
4012	10.2572515621774	0.341924409674067
55781	9.45231689169595	0.90136806831085
285704	9.76302888842941	0.53036768988466
503569	3.8102143405299	0.86878712259196
1105	11.397686882229	0.403984898908346
100289230	5.12957035169803	0.91039507347837
345757	8.86397567923213	0.921041900561299
7903	3.3027695488672	3.01427665544995
353189	1.65947170587622	2.7933534764817
5066	11.6339265547451	1.34564079419421
54826	7.6282167678969	0.370977869218164
23262	10.869555712758	0.546928664132479
90355	9.04253017990477	0.611525427955757
83594	9.10122768156783	0.722458837604353
1946	9.5813819928283	0.730752224380062
64839	10.0077966492894	0.399403578159168
100652853	4.75751857627063	2.07303066295917
2241	7.65460142905182	2.1802560550116
9867	11.4218587134216	0.639484788080119
4124	11.6735010592446	0.552958979134396
642987	2.47031082718898	1.49446386269981
91137	10.8340247113121	0.379965511311704
85480	1.33771944578569	2.44677839336383
134430	10.8496526522927	0.488220215750389
814	2.33828905635753	2.93602096285653
134429	9.04926258099641	2.81555879595115
100505678	2.46926862485644	1.41002934917643
9315	5.10887078340095	2.88845608437841
64097	7.8524680427061	1.89613964228878
114915	9.17325685810177	0.541776986190093
54508	3.04715305402316	2.82086744944479
324	10.670156625325	0.54708674063608
6728	10.5463212144379	0.325872408400644
7905	12.3193282426195	0.287080566899699
167227	10.9446523935845	0.63443082344092
4163	7.78899711398404	2.60429592780603
64848	10.2926022298851	0.529074992982427
3781	1.08489186810844	1.24991383055494
55521	6.32513171357014	1.6836710135184
5229	10.0207224264225	0.370741345013194
153733	8.32965337939319	0.771732371193458
56929	9.91861375373002	0.615280311629377
101927100	3.56476431476338	0.695890188204235
51014	11.7508807570166	0.311492669374456
9140	10.7730640472699	0.241986534512364
1176	11.3386163241452	0.436794262151166
206338	2.81424606459108	0.727803117233886
644100	3.91411836595793	2.69444520065533
51397	9.71774268066476	0.396526259474384
57556	5.13442696942861	1.47906317141363
728342	1.82360909595847	1.78144735743433
285605	8.62166844848167	0.604012068481771
100422885	7.63748764672028	0.535183891586552
1657	10.4781550212654	0.371247951694917
25816	8.40178763399848	1.49427485380516
3295	12.0648306795168	0.479058586006572
51334	2.30269718086189	2.02490086054934
153443	8.98031789801347	0.320904957149272
4015	5.27492730344323	1.40614686060365
9627	2.33392936880736	2.92094793892232
6643	11.2849822352694	0.561363907541988
28966	8.8790222948359	1.04663564636135
5480	10.7094726818616	0.461462177847577
93166	4.20880151568645	0.759330319712031
153241	9.5903159807465	0.608648436319434
1456	10.4088166189236	0.570372443762647
57507	6.76886608993074	3.30229781271788
65983	8.84691960783068	1.59011540750815
501	11.0607745313927	1.01891140685103
51808	10.9074042774467	0.499104384977791
4001	12.7176624683783	0.675418440431462
115123	6.22863526922188	1.80979126816651
401207	4.91874117836623	3.01651644870977
105379198	2.66779702944265	1.85501706537099
84466	1.93092449604412	1.96583197920685
133619	11.2327329143876	0.284043671835429
644873	8.94370642070118	0.563463088073529
6558	11.3526440965938	1.31970929255699
2201	3.20368054064153	1.96368893576766
51015	9.93912154693423	0.489017944300142
171019	0.785457013728637	1.49481362714181
337876	3.55211643469829	3.14352486194707
3094	12.510414328886	0.379110002050171
90624	10.0309565452038	0.631936875076367
56990	11.2781362249788	0.387807150608761
51735	10.110500372493	0.424507972172274
96459	10.3637148026818	0.729485490364556
23305	2.81155533838672	1.6923899199197
1437	4.15136537529017	4.65801347567226
8974	10.2802617491391	0.778967716169476
8572	4.23749559284242	3.43700031802544
6583	6.04684697188282	1.12455714240922
553103	5.21465449976863	0.873140173089099
100500865	2.37344832542815	0.92484612372454
6584	8.80466601006376	1.17412240520723
441108	5.49197220571995	1.34021526338817
3659	10.423205909498	1.4037273132038
10111	11.5342528795196	0.66300353322132
11127	9.69469259993679	0.559482195102442
645121	4.06204519632314	2.26954414855303
23176	10.337195024841	1.17894127507692
134548	3.11069522179763	2.00782435829484
134549	8.90092797049886	0.931759497140499
2661	4.37993308525434	0.835604811881697
27089	12.5452200706539	0.407827501696751
116842	2.80837092108237	1.01065640363302
27125	12.4478187096003	0.418005255722144
54819	9.40575625557286	0.276993894733925
3308	13.2078785452146	0.455433318102737
23105	4.50681932160618	3.31108876518147
56951	11.7505583887739	0.606518477817089
7416	13.4448764828992	0.406576451301678
6932	8.39830887876631	2.52019217314285
6500	12.7187752306368	0.313813430692274
5515	12.796432711893	0.216124302318206
51265	5.75296825494121	0.673936427973474
7320	10.5473139309998	0.304689413631622
91368	10.0880046139556	0.813230031727263
101927934	7.17220615681397	0.996119507866913
23338	12.0465609642755	0.670369898848346
51128	10.1187301606617	0.920965478758896
10802	10.3743597594653	0.565015816083615
819	10.0292773284839	0.574399623382177
9879	12.4426151111287	0.358979333443292
134553	11.1655440506873	0.676773696969059
79770	10.4528516848817	0.421793665551394
84105	8.78745285793008	0.518326829127697
347732	4.12053560713755	0.735777223863981
5307	10.3306409153562	1.50993351592765
100996485	5.91453134419551	0.519615119091996
101927953	1.60197250565173	1.83955841845369
9555	13.2034143610679	0.380955552836081
9547	2.92995663510611	3.62224096029561
7045	10.182798449531	2.98849461212183
9597	2.75849374470473	1.06372512209267
4090	11.3006249309091	0.586311163461723
6695	7.50050530133655	3.04353420433585
26249	5.7292006403026	2.5730012650931
10949	13.1198604537838	0.416012984000975
9499	2.95480866348154	2.70142706878912
27039	3.43037136413481	1.70677549985092
51306	9.63367278918584	0.676759529315163
8382	2.12867248845844	3.10533926141643
10902	11.340445672112	0.634275552039436
10112	11.2315207201458	1.00463001759897
8697	11.0884234550517	0.525352000139299
2676	2.15412191204921	1.73084365202458
995	9.12591091670099	1.11212934678912
51307	10.9499466752663	0.690401101352928
51780	11.9875188072186	0.53541251269332
51308	5.13208384476039	2.33250862712061
1958	13.6829135505065	1.66405539777273
2107	12.8708697281088	0.382660853532694
3313	14.2049971649481	0.526497346794648
26785	2.8345893651701	1.00422671913786
105379194	3.12648797201847	1.90902101544519
1495	13.9411607695123	0.547832971816654
64374	10.3447366261169	0.628952760664975
724102	6.48339179433108	0.971547366925369
9782	13.6282547465322	0.248775910717885
51247	11.6351131684746	0.488430710806715
9963	2.92663678798905	0.983102493658394
51237	0.891765459600419	1.54182865958514
389333	7.74095706677936	0.967059717767698
202051	7.56219119430787	0.871499706326499
202052	7.85692553915761	0.960690611975307
641700	0.993741295552311	1.38891128896608
340061	8.46662654944849	3.28482566614028
7322	12.3799350068175	0.248760938499089
51523	10.6831488404257	0.93165566001756
9542	4.55613864314886	3.1555987847274
100505636	6.66741003390255	0.441013000320346
5813	10.3021526715211	0.416812651479771
492311	7.40061246106202	0.803267292494737
101929719	2.18429644664351	1.5628356271237
84418	10.898361091002	0.721841187910003
5201	10.8744131112189	0.658063918503016
1839	9.12075759418576	2.02600387467539
404734	4.668296135379	0.849335855540939
54882	7.72788002074534	0.37637875685856
8637	2.37105418974775	1.39832968701137
10011	10.3726772349238	0.388232896027955
10307	7.47170609819869	0.859439367012164
113829	11.6841668162505	0.368199750742768
55374	8.10386681033137	0.948184120933946
929	5.55578173740869	1.12745220664026
4695	11.1561990144471	0.345481128060832
3550	11.9095263929771	0.380471550323637
54853	10.3182256246384	0.373312353094742
373863	7.97063098404624	0.391286556929729
3035	11.510878838309	0.466460124884216
23438	9.89931689204995	0.438515460019619
153527	12.1326022944915	0.455168209359674
56663	1.26709197041176	1.57901020114959
56147	1.17319395663867	1.44193021583655
56145	1.20194487780568	1.62363652660291
56144	2.48153635494813	3.22206334921084
56143	0.542127651989283	1.32417711480463
56140	2.03583676158216	3.03062355421796
56139	1.99190866054325	1.81669472574691
56138	2.70406802600432	3.01697513537844
56137	3.15211491762285	3.75035883672634
56136	1.40667843959828	1.80162058858921
56135	1.92135888104522	2.20288872563052
56134	4.39725440431259	3.2976077569028
56133	3.58192439617966	3.4194567048666
56132	3.78926435894065	3.45159358957299
56131	1.71862243986621	1.9127448453774
26167	1.56808199902348	1.61868363055525
56130	2.44149812890798	3.40976061278432
54661	1.27888721796773	1.6034604198574
56129	2.24498997465133	2.10586255956383
56128	3.3513715165264	3.76579394043966
57717	3.35946789530361	2.89982505453033
56127	4.11470718807568	2.38636973163271
56126	3.74139669842182	2.0082892682044
56125	3.50644417690471	2.64346587351413
56124	2.41869177626004	1.94634036288767
56123	4.06155771168814	2.47768844391457
56122	5.90232606613797	1.73199974761043
84054	1.76839550412192	1.21192745437505
6879	11.8667185572492	0.3235995957208
56114	3.94827498554288	1.40498900829864
56113	1.50367380167401	1.34350921312904
56112	1.49735320446133	1.75520557312337
56104	3.76869826477376	2.37193890845765
56111	2.93391479008122	1.63033914769982
56103	5.4230389515255	2.35632253384255
56110	2.5431443006557	1.64069405449183
56102	2.57872215999845	1.76118145180915
56109	2.98371876719129	1.30842854547996
56108	1.83119469465148	1.44136759123535
56101	3.62297214841423	3.35048425437634
56107	3.10270207634157	1.86113638615003
56100	2.93986230145876	2.49090625174649
56106	3.63573763368866	2.19581705683994
56099	4.09220896590621	2.48159685268192
56105	2.2661092849531	2.42301174532488
26025	1.48689382429328	2.1675954708716
5098	7.67697021521573	4.00051713758482
56097	1.53017223556601	1.52539631738202
1729	13.4437040321801	0.541747517610593
8841	11.0576176686503	0.56434388257997
285613	8.48397580614294	0.97360426710677
89848	8.55451434971454	0.670310805534248
64411	8.33804682510206	1.85310733953429
5097	10.6803144702853	2.67732677392964
9812	10.1739380357585	0.440903896254578
51294	3.0356067979177	1.11915799857559
9604	10.4240777209214	0.673068986379616
10007	11.7830262979985	0.966681740346688
80762	12.0939207030568	0.472430382204551
81848	10.5234868019684	1.18725010134884
101926941	4.40532052645362	2.14690764226116
2246	3.33445078995383	2.13374213495591
101926975	1.14119137197682	1.54375799865318
23092	10.163539569416	1.4471934658629
2908	11.4202819562092	0.410853591314576
81555	10.9102829662437	0.297207452463709
57528	3.11943654565847	1.06984698586925
153768	7.57677311806419	3.04335345419554
153769	8.49076836818289	3.17211941775007
153770	3.04866442659247	0.679725906536319
51520	12.6676695988201	0.522241808963848
54439	11.4119753088673	0.408355217209091
10915	11.9961614552329	0.268133716413269
5521	4.57626314983216	3.65054609700468
202374	1.82404854635107	2.5740479977789
1809	7.38801775764702	3.95032902424017
9832	1.99337828297823	3.25093373543004
6690	2.30982716379179	2.25254122003521
11005	3.99106649601493	3.9685551611691
102546294	1.96647190117602	1.21105591968256
81545	10.2079402279325	0.501967256674276
154	6.74598590519059	2.96646499668908
79628	7.54885417008606	3.5400945278006
255187	2.44626092440348	2.15958457713537
22885	9.115431574885	2.64787671809156
134265	4.90665252008581	3.51461290528626
134266	9.92387248513296	0.724868904567222
78991	7.51157742754551	1.61220560873764
1452	13.0402417723709	0.4245440590292
389337	6.50545550975741	1.85339304782624
133522	8.33680207209366	0.892440651613661
5145	2.23531388132411	2.17952057325844
644762	2.86158773245102	1.13574830647635
1836	9.95714889200705	1.40185737554818
81789	7.3982450072715	0.62137812090399
22993	11.0759267446512	0.538896689906084
1436	3.83638374137233	2.89197251717652
5159	2.04670288095584	1.6566424941384
6534	0.98830040808045	1.60142517421789
815	1.52460007937261	1.42978147662647
340075	3.39665002530458	2.92028770598104
6949	12.4656738208551	0.579347800434664
972	5.73533818887016	3.93399430339659
6208	14.901050176628	0.42094906727501
3340	12.3477539662624	0.672700032061241
11346	8.81563701820061	2.76677736402157
91977	1.66010154390992	2.07738280536889
55696	10.6834952617909	0.29843696430547
51164	11.2394649988043	0.456480956108617
85027	7.20441046631803	2.98532314555927
91975	4.45079425182976	4.05733340359692
2878	8.56340688072956	2.80982227026837
10318	11.8424835083002	0.696163235577727
309	6.59987420075485	3.78558034619637
26112	6.46161337576666	1.86427880568884
2760	10.1507173020016	2.52031964859139
206358	9.71991605328657	0.780359150131887
2196	3.32332599046613	2.46494195932644
6678	6.83077772272262	3.78471145358713
475	10.5087179213394	0.489666573429623
100652758	6.68628476999559	0.777494523764832
10146	13.1902733573051	0.468699344962358
10827	9.17499429035083	0.539009925243752
4238	10.6885761071999	0.292952261295668
55568	11.3425042809886	1.21934217441998
386627	5.63335840033338	0.924825230347295
79685	9.85677073980494	0.663719198985998
9421	1.50707437538585	1.31801714438109
23367	13.9268691022217	0.389135498012065
10826	6.07212535308558	2.41263445994173
9337	11.1220501840822	0.528391881402677
25929	10.6478665904709	0.801955879519849
29093	10.8147664235275	0.376891805394489
285643	4.04374729217936	0.482702898000937
153743	2.51257944444638	1.03013730744491
9443	8.51194340378147	0.549931698960345
26999	6.80979410336517	2.37037474996151
348938	3.8801236668632	3.113015291281
8728	6.63786976838618	2.57326168850055
11063	2.38258847645852	1.64812342106586
54974	7.58442711327705	1.21089094762555
134353	8.42560498607839	0.697013460465019
9685	12.2462815416344	0.443112622439895
153830	11.3613928630131	0.919428683145861
134510	9.92630051297767	0.741833753267383
147	2.87191845243191	3.47511221225405
7265	10.8880576143972	0.569130863854439
114825	9.75257525304429	0.38161631768229
2172	2.15619584357896	1.62139746630255
79616	9.05456063521133	2.0784593404762
114898	2.70119525458872	1.8905673646041
63920	7.45083644939967	0.778200172879091
10569	10.8844955567436	0.541398643793562
9232	11.4681908823716	0.722617825047973
900	11.933466008105	0.850837561658664
134492	10.9497508042534	0.340749944119927
3161	11.0970312062132	0.688084071290438
27430	11.4097928329274	0.777222318788192
57451	2.30198256834976	1.15170949197048
23286	10.7802262054973	1.63353467074128
5917	12.0891339806847	0.348014878293761
345630	1.91074700380124	3.0001551058854
79646	10.3860742187025	0.913875648173443
6586	3.61213867374396	4.64151379678752
54908	10.6743083949022	0.514700552100988
100131897	3.4757394943243	2.40694442871647
30820	0.983177668438701	1.70530478006405
2568	4.20133587603132	2.52305633143714
64901	4.60009591928092	3.53952065428551
4869	15.1744752080936	0.637319911233384
8817	3.19971609142282	1.66349758814686
23291	11.2773837079174	0.556202177499337
6793	10.344428956279	0.683186352758109
285588	1.55039792012591	1.27597594015478
92181	10.1803452369632	0.888490968283477
285590	8.21610529045438	2.267160152968
54492	7.59295093823738	2.10561762618806
1843	11.3785380336196	1.97650250926247
57222	12.2027539615383	0.915783955720873
51121	9.9503463022343	0.602268792689751
100268168	3.66288797749174	1.37245496432136
8992	12.5448969803232	0.479862331045031
153222	9.06088970271714	0.707275805897273
662	8.39653641117782	0.334045796054632
1482	1.60366008505198	3.20920081526183
8614	7.13441014875942	3.67977741520247
285593	2.40691917955058	1.46752380003859
91272	10.8175204985982	0.500757148744898
101928136	1.18347598663162	1.66696547920112
80315	10.2162453776273	1.07261702652252
51617	3.78885643363034	4.75412675745224
4488	6.79783873786134	3.58518716493037
1812	1.91503686649126	2.08210324763783
94081	12.1477812032589	0.418011486059339
10814	3.07713874532741	4.00937323206093
84321	10.7581905522241	0.738315303504492
643201	2.34825618253609	1.15686453673082
375484	8.29987221193583	1.31784914517393
57179	11.5621704497431	0.521685511376529
285598	4.85123338602047	1.84224202165002
51491	10.4212305227886	0.457943721434602
192286	10.8781009801567	0.255523638889203
1212	11.8511063166206	0.681022738068967
23197	12.1572332911703	0.596287336638467
22838	11.3142264254865	0.766788835482822
54825	4.47215809683934	1.49763644832997
114787	9.49113891683255	0.97756247840748
6620	2.58904506378718	2.31103922329786
26262	10.8934570527555	0.634899679727084
102577424	0.549357436283427	1.50545328855038
90249	6.22499008454999	3.60363940114438
3101	1.23419286930906	1.92055528687768
51720	10.0413120499404	0.301112305491419
23567	9.41205580064405	0.626919176074935
2264	8.26856405321998	0.651644161120887
64324	12.3940435354472	0.477268749626392
53917	9.34302379909665	0.375204518932848
27166	11.9321509938806	0.450232725022653
83463	7.8601703880568	0.941884472055972
10960	12.9810971972254	0.335606982460283
10636	7.36678450843524	1.16876895514796
2161	7.97531197175241	1.1152768852806
2870	10.9038718403607	0.73254057554542
340037	3.83320933501134	1.29496726661864
80758	8.5684102639259	1.10838945285539
1627	11.8100583739259	1.0688076767391
9260	10.7848451650848	1.50665991157013
79930	6.27272702531321	0.943155340494927
51428	11.1515287752533	0.339420759389769
54540	9.54347446187989	0.374497001463688
54732	13.2531350229931	0.325392062303476
11285	9.23073524457185	0.428742190833082
202181	4.32744291087035	2.23300694071545
23138	6.94834874727489	1.60223257839303
64777	10.3563466142519	0.385280981677991
55651	12.2090160391984	0.340950484658157
3182	13.5581024114637	0.352185734310953
85007	8.54939735797863	0.741506116227132
57396	8.52976506294302	0.617240455663576
6940	8.43018370291401	1.13909272911618
117608	7.37854575545432	0.838054650863867
80108	2.36960828534357	2.29477366511385
345462	4.33558181502164	3.02973494401108
30832	5.57427702655892	2.21297999676721
80230	10.5778261154997	0.709563950536156
101928445	2.93564578956581	0.979554332296831
3187	13.3491488006269	0.446317939006905
646019	1.93609489548852	1.14237670248239
821	15.4653843672806	0.366591174523246
9794	11.4358055670918	0.368369175137372
4056	3.63551842006123	1.65809983395517
11282	12.3713566752255	0.493483791303917
8878	14.4992817242273	0.822077864871174
51149	6.30645652024745	0.657610132929862
23061	11.899806165992	0.706313262511784
55819	10.1390718922466	1.00774363236213
255426	1.50447524515491	2.05174748181779
5601	10.9866889128194	0.395616422257071
9945	5.18042434070508	2.81857956319073
57472	11.7321930456158	0.585249035649877
2324	2.5225649192501	2.07542433302621
4245	11.8954975361679	0.463870606029505
100859930	9.12775923951465	0.345907420708092
729678	7.73098389687464	0.7973730764938
643836	9.55544230920292	0.614451979412795
153579	3.38820386817495	3.06617473982303
81786	8.41951718008942	1.09126579272787
90933	11.2887869109891	0.57778801386021
10399	14.8986017937531	0.517781867175868
619571	4.88723820611787	0.700442465660938
619570	4.17935927844505	0.959282128661127
101928649	6.81768110858386	0.634893780151044
84851	7.17369673647638	0.664336242943503
100507602	7.62318481769316	0.601645616634203
56940	8.77820853831267	0.857337129308665
55770	10.2604191843337	0.810317781331728
135458	1.96685461676835	1.27866481301553
94234	8.99048179232378	2.64610623669855
2295	4.36133274267348	3.67066774849516
101927703	4.39727986911373	1.55452154736785
2296	9.84747590069425	1.3326131116703
2762	10.1271109525703	1.19230643421445
100508120	5.91914280434237	0.638344474090237
340156	5.24203850881223	0.802863965108893
56897	11.1816266528675	0.475930527494896
1992	11.1659847923398	0.834736228563533
100616285	1.80483654250211	2.02740548963039
221756	4.56638036843603	2.76101567296214
5272	8.90159573113711	1.75900835160553
5269	11.732617873512	0.685715691214206
401232	5.50417045512238	1.08668381620675
4835	10.0562952623208	1.10738886345325
401233	5.76027856318711	2.04977779407527
101927759	3.09024839646598	1.21366719038247
8737	10.197056754064	0.618075861616305
670	9.07549666382558	0.865808510164937
7280	8.86545069437788	1.63568911334095
347733	7.24974250052022	2.95055460635704
389362	9.1528458857188	0.730424888358969
63027	8.68219209718412	1.20406311620766
221749	8.76010667508335	1.50105646811602
26240	5.46197306750281	4.18379813515784
8899	11.4970182550309	0.512236853540101
404220	1.50600259846622	1.31347055737487
10455	8.96516232776899	2.60379694483887
100507506	1.85590599949663	1.52981594421048
9425	10.2415156677936	0.561514931882242
10799	8.18189054208821	0.809637472835416
100129461	4.58913951584106	1.01485051792808
57128	9.56075368167484	0.725542075534431
648791	3.3978102619676	1.90672081053397
10667	8.64335690304975	0.710058114860411
51299	2.91300938136572	1.80712766144542
2162	2.14085757160804	2.05171497845988
6239	11.1573769940705	0.407640888414135
6745	12.6823021567171	0.73186835827125
83732	10.2265450800524	0.957897580143477
1832	12.3926434988747	1.49492107039325
154007	9.75692005192021	0.692883869993995
654	5.27737755445073	2.65339179580766
81567	9.33975613229883	0.498404246808562
9521	8.24681228862011	0.888369597736908
100124533	2.19676445172198	1.07917883011605
51000	9.33427365533002	0.55249641978686
100506207	4.72530601909342	0.521467003654414
266553	1.05331943863235	1.65097844018222
7020	10.6894676185692	1.35461566962372
100130275	4.78580399808994	1.04298278946203
221718	3.12138292940493	1.88767279508619
2651	10.1754026123204	1.36737669299678
347744	4.90930241396268	1.26559954698104
55003	10.2538741111206	0.855587749723926
51522	11.6590804376443	0.871335091158983
81853	11.6270796423556	0.809013874990452
4117	5.43240341828463	1.08404260295985
221711	1.42141237658889	2.01445526431773
54898	3.27557432357708	3.77398756800583
100506409	0.848135447453201	1.95224905148089
221710	9.76091626076608	0.779385591526391
4739	6.67933402820914	3.75937471978795
100113407	6.94957408721471	0.937851263839706
84830	4.10415717489141	3.21133482553244
3096	9.70354615324096	0.804027769042112
1906	6.5880976085887	3.13975001157563
221692	2.51698488668959	0.783505825480649
100130357	2.74071764332646	0.841015334493348
51256	8.65639537828681	0.698052193356925
54438	8.21345629107091	1.89266107753944
23408	9.04698374460255	0.767765259751027
51406	11.7315814796358	0.684699801864997
10048	10.9681245523644	0.603894539025214
63933	10.7568394550589	0.73506193517975
221687	4.71715184339555	3.53463697318924
9308	7.53301647270249	1.43258192314812
3720	10.3034093868947	0.782074531453092
100506681	2.76540886535556	0.888525789656286
84062	8.51298010405727	0.718652887487593
29116	9.44177839075813	0.733982942213864
2766	5.29986222982883	1.45044430493951
6310	8.730091720161	3.04215276494364
101928433	4.96494611590931	2.64922240259338
221662	4.46511177024118	3.38301875096342
10486	8.84691225284355	1.55632457609959
51439	9.77737247988486	1.07139483642336
9972	11.8134596044942	0.695943408366636
63971	9.74871611622014	2.0660657487135
378884	6.27730396125092	1.05217595208289
7172	9.92596791732377	0.609853815379965
221656	9.93185831575181	0.852281519311014
7913	13.3287341437424	0.660114716881194
255488	6.70024201141074	2.64485544420442
3400	2.88331515201103	2.34873502421905
154141	9.12589746502506	1.42795237531378
105375105	4.21475879810903	0.789892879850463
1871	10.5075822270369	0.737598249200644
54901	9.4074936491142	0.777127095778474
6659	11.0820543016019	3.02885683237127
401237	1.68923715090053	2.39324070349247
140767	0.765582052910692	1.52019119866552
51473	4.14758876274427	1.84185562717581
57380	10.7957145094331	0.395336861790359
2822	5.27968055416957	0.92393309798023
7915	9.38824838240352	0.929533967778544
9856	6.23590392105677	1.73336486314554
51567	10.5762895745468	0.687536070085838
55856	10.5266198335997	0.373161365853483
81688	13.0182284249988	0.438938277697764
51053	10.8221914291465	0.517417990017745
9750	2.72121002630238	1.49473011319602
8418	2.76332267835538	2.1699451759805
105375106	2.34085463841064	1.08605641060623
55604	10.2747500362443	1.23410492211223
10590	2.19415238006043	4.38227857454021
10050	0.797999470714829	1.83792827613731
6568	0.564424743511151	1.54231144314317
10475	9.16404948543988	2.46831706514271
8350	2.74745700597942	1.08616842548911
8359	4.41276021971821	1.34222626657897
8366	2.55819370020098	1.04272550793382
8358	4.15315091193472	1.37849899247213
8335	2.39376345901113	1.49380450359527
3018	1.07179537666769	1.30911587881994
8352	3.29018114564531	1.77610813667722
3006	10.5496455405909	0.749947583299203
3077	9.8118829427477	1.16380328072692
8364	4.1506353996923	0.948119488716588
8347	7.32660617788543	1.04621290133361
8334	9.2498999058525	0.847065119457942
3008	6.32287497373214	1.2163417187348
3017	9.50490865687981	0.827276878606891
8344	2.99652831391114	1.96121822040529
8360	2.80639701539779	1.57774058482584
8351	5.08250183840106	0.756786017022896
8343	4.30605343751419	0.819300222099035
8367	4.21066333604015	1.019569100045
8339	4.57365837261108	1.43543465681169
3012	5.76817980704051	0.582016820689561
8353	5.23336895493367	1.01931690945999
3007	3.35134143585993	1.83889256590538
8345	2.04381407493556	2.46940831045345
8355	2.08544716383782	2.12269129307598
8365	6.95603441512962	0.935068037057607
11118	9.91415751512823	1.24135178155134
10385	8.34734759211886	0.942523855735824
11119	9.44515855753658	0.910672954915462
54718	5.63909251536968	1.11121150486659
10384	8.10035818462458	2.02187412486331
11120	10.0306925221459	0.425708657611599
696	1.98456090184881	2.22920104677409
493812	7.30827050641896	4.05646942613139
10473	10.7350938834769	0.584356947889157
29777	10.4477390892512	0.402351363678871
79692	9.12676880703784	0.821232900805785
387036	4.03079167182733	1.10462101423239
100133205	2.71134715971805	1.31907299291138
100270746	4.74589152755412	1.38842949425722
8970	6.28533386696916	2.009752530916
8969	5.38764919119723	2.03157920744671
85236	11.8272696131227	0.938610810779079
8294	2.93095142565245	1.29736264133424
85235	2.98442389199522	1.32458902296169
100189067	1.03347947576729	1.44320974450264
10279	8.73354096777747	1.83702265622061
7754	5.36924160615406	2.54810057105207
346157	5.71397138622844	2.6100248645453
7738	8.78489980535331	1.14994418051417
100507173	5.45690325900352	0.797631040637521
100131289	1.05579401359323	1.94494211756166
8340	4.25247161455631	1.37821641273532
8329	5.83040426017394	1.0015006946615
8357	6.85350964138927	0.878125287716744
8331	3.89348633726717	2.11836700225634
8342	2.15440543898933	1.38878528275582
8363	3.02043863116847	1.8235238784075
8362	2.90287762598257	1.47973719992204
8330	3.71025133514723	0.989150494306948
8341	5.56473208030903	1.31416641011138
8332	4.65586877895966	1.1434013005611
3009	3.85372429918162	1.28948802522906
8354	2.91952473667199	2.16246839276553
8368	2.22878736275104	1.98369275794044
8356	2.76452478709615	1.8238785284184
8336	6.17727309810494	0.958095594966298
8348	4.61490166700279	1.19033159557026
26212	2.87008172512891	1.24288358413749
7718	9.10329652978315	1.2012245169823
221584	7.43370926960158	1.42399808329702
100129195	6.68969887886178	1.04592701229145
80345	7.11683026353762	0.656102463081008
7745	9.94116911166473	0.956555855450659
651302	3.07831591583184	1.20005516716981
7746	7.85948032688139	0.922520144695615
222699	6.30594775925355	1.11193731732035
387032	7.28485774564057	0.900969615327088
7741	7.81559348753225	0.773512823394595
84547	6.92059447928355	1.32223266337753
64288	8.58527130954305	1.4619012510688
80317	7.57009679431679	0.892477795937003
9753	8.12984910388884	1.38443121823713
222696	1.35306376019041	2.16783156710757
2550	0.535640071056734	1.30651176762495
3134	2.71017451265072	2.99871900779463
285830	1.40926656356868	2.29800080733039
3136	5.36441134287732	2.5362405786746
80868	2.29953210206538	2.86062353308971
3105	10.4663257683718	2.25860953538632
6992	3.18315293379763	2.25284501753702
11074	1.11102713261514	1.87506724423849
7726	1.81966708990846	1.79623604248895
23	3.34140294789879	1.35249084283746
9656	3.48743518529706	1.2525805492354
203068	3.60034373580863	0.644452050598974
10211	2.53431366670278	1.39292373933325
8870	2.00920873895207	1.20266569542687
780	1.8186379282821	1.86916869327848
1041	0.979909126109529	2.50960940956346
54535	5.30411842103867	3.2222604314246
6941	3.33322500024985	2.66382439674816
5460	1.52536918621849	1.801607764552
3107	3.379392553017	2.42937631089209
3106	9.77858815025857	1.85686176332465
100507436	1.96618108308851	2.30630881366834
10866	1.32160229907422	1.89514177520732
7916	4.55109393235147	1.38141600502869
7917	6.11780616008121	0.958107231413793
23564	1.74973709568442	1.53897041322557
1192	1.85147727932153	1.48265457025018
7407	3.07572904525264	1.15592631514116
3303	1.51946295054133	1.45679038018066
7936	2.77960434717504	3.02711138035137
7148	0.776281072218839	1.35589251285011
10554	3.85662597056131	2.73600126681676
5089	5.36394532971257	0.777792772825876
3119	2.24460873105139	2.45080868266088
6891	2.33716994732545	2.01782088985204
6046	6.88473266750793	1.64057223852905
6222	2.81770956012747	0.936140359059651
6892	2.71284895968357	0.942527724930815
1616	4.82973544032183	1.05363263979302
3833	3.14162952619712	1.34118278647677
5252	3.81385107394414	1.1440057603253
51596	5.2931228354423	1.25716385951158
8831	4.88421104470906	1.65017171236637
578	10.8051312366076	0.782263504023884
3710	12.9360315198827	1.02077632925688
84300	10.9042068039975	0.622651033727079
100500873	2.58839724805287	0.880242358777813
221496	11.451414314564	0.853875907748798
2914	1.90917658255325	1.80177648535667
3159	15.0851402891722	0.735803444155007
102465502	2.1700209793658	1.16018646260057
221491	8.85107738239658	0.894944882741265
11165	9.8249835608184	0.776598664212142
6204	8.10614623004387	0.813806308395032
29993	6.57863389256391	2.25330215678616
25803	4.21567434870539	3.12829753227781
64771	12.8346043914632	0.960461405736221
6631	11.8806811023846	0.605682540511385
54887	11.530127076143	0.424151190473626
6882	10.6039457748089	0.729264348248955
23294	11.2060743188829	0.752810517707683
222663	5.93709375152058	1.98859369057727
7629	10.0040935469257	1.05323560249272
50619	8.38912379449456	2.32369134301041
5467	10.3397976000598	1.23781475445917
2178	8.65645286575183	0.74752357144318
4736	14.1543946328856	0.367849201105232
7005	10.1604620032325	1.68909604183286
7287	3.29132832754954	1.2613951304433
2289	10.5491083549741	0.674230446112174
285847	1.01911485887207	1.45866227031471
221481	1.76431843014401	1.91204643379734
222662	2.4036644717556	2.35223678487892
6732	12.2492921197529	0.530867405017727
1432	11.3603980388689	0.709692029782521
5603	10.9515315462548	2.9343844251002
27154	11.756267001198	0.664227065644374
285848	2.32440853248695	1.92098668549503
389384	1.76840249657172	1.97426194677198
51513	5.35283038900271	3.08154365624488
222659	2.17384270899186	1.27073891978205
222658	11.7076028120955	0.755116752738267
11329	11.5237216929563	0.914320932463341
6428	13.6429932526521	0.273517028532478
101154753	2.69801501076291	0.82266175050958
1026	10.6012125486942	1.59304932575961
105375039	3.14280001172492	1.39836676944062
57699	3.16974348314768	1.38305564083139
51645	11.060996445556	0.346579725943428
221477	11.904687286207	0.733710186600208
221476	3.00131152257412	2.3160916532222
23787	12.9552629919597	0.501365617456504
221472	4.07399485855544	2.79307505637292
5292	10.7184696512941	1.29795868200364
221468	4.82972346128008	1.23001214336688
55633	9.89766269385206	0.516472748470714
9025	9.63842388050011	0.749086894244028
23070	11.1836741904177	0.69265180761245
154467	9.7138339833787	0.742661244669312
100505530	0.920206642228305	1.46382184884123
266727	6.53066289662492	2.94827105692436
60685	12.0893151119222	0.550513833869676
114781	9.60292736728928	0.599788907986833
2739	12.2285252149985	0.729154895227431
55776	9.32332747338797	0.718620803233199
8645	9.08125124308294	3.47450392782393
23500	2.03864321576722	2.13712462540221
4337	4.51724464324271	3.60754574767893
401260	0.683495416683873	1.70304202375954
732253	1.13472909389357	1.65652619503405
57497	1.93345169436405	3.42849592074563
222643	4.04828136281933	1.56581247007396
10930	3.25568212425787	1.20945347931398
221443	9.59623473968773	0.522331999765568
4800	10.4904684965665	0.357913692128797
221442	3.88291465637997	1.02702811803021
79865	1.82374296816493	1.92139629026488
340206	1.93159721330638	2.7913506399142
285852	0.889367427937057	1.58666733255374
101060264	4.18031447233854	1.97471562451627
116113	10.9185933889616	0.868340855438297
4188	7.51044164494622	3.42286824306263
7942	7.72997875316452	1.38734759129711
5225	1.45665991104205	1.65864326489211
10817	6.47086190139694	0.491153638309068
29964	8.21531847258255	1.54442132827598
100188893	12.0034554910052	0.378483561868892
25862	8.23833122903727	0.695239553734374
9477	9.90390519988203	0.304878428253316
705	10.5944378792567	0.401965912879705
896	11.2759091407418	1.1019596713036
129685	10.0661002163655	0.605102815883934
647024	10.0665647714165	3.75550424414932
2979	4.77399118489987	0.93615921364354
55173	11.4348891972013	0.306273363016658
55809	10.7416193410633	1.24802456935676
23304	11.179805975498	0.613345349345759
6903	9.55236004143321	0.718179429943085
23506	9.19580095275091	0.747361300289501
401261	4.22382794330449	1.11645724075128
285855	12.805819936783	0.465758966386763
441150	7.39754291587378	0.584840289145798
10695	11.4015288707092	0.472443116379822
27232	6.55931982090757	0.761427706459613
5190	10.0340117339162	0.599917846873937
4201	11.361141469413	0.462633644603636
5528	11.3027389055328	0.61178005781493
116138	11.957970815486	0.514039399978428
88745	11.0876468097305	0.37322022093013
9820	10.2905364994538	0.983337944015552
51069	10.451221857571	0.453801414752613
89953	8.86377144722011	1.16250723407412
5754	9.15671221137931	4.14723237507046
6722	11.2235953903946	0.538234633255825
23113	9.81932701841345	0.620821629698307
10591	10.4675852576532	1.07345061969882
84630	1.5517085194179	1.64280671121118
24149	10.6696962553803	0.767491882234917
89845	10.3364460898185	0.766405106822363
65989	7.75629616716851	1.26614929702801
93643	10.3476417180663	0.429751497654785
221424	4.83502767115811	1.51661738780954
25844	11.5916938796351	0.60542960065077
9533	10.2804679824161	0.442490323713707
57510	11.9843773099902	0.494868568756996
5429	9.96528951357736	0.64533261130411
54676	11.4676005459314	0.683443030830304
9587	9.83759781302926	0.530331744708868
221421	3.51686981971835	0.642090065426697
55168	10.1486770396344	0.484202990255048
7422	11.9097817718627	1.09006055075961
101929705	4.83692492071089	2.11759104606462
221416	6.0409397888651	3.86757985405742
64928	11.3432241043028	0.485719776488942
55362	10.9700827894	0.6004619676236
11131	1.04018258435068	1.60474542162459
2030	10.6320197511894	1.43580561828977
3326	16.2289216032758	0.524314753603816
347734	11.6080668476095	0.413114821716847
4794	8.7690130232464	0.703973396272894
441151	2.08098448788169	1.73632339504566
202500	3.17404743859947	1.38635416907205
57505	9.825343829287	0.564231193927825
988	11.4622011263971	0.502899267027921
8464	8.20372353430217	0.798643235025626
860	6.27734059797713	2.1313065552925
53405	6.24756434690863	3.83219826967752
22875	9.0428864547577	2.94536716355041
59084	5.94842584207336	3.99767488855448
10231	2.21787991514184	1.61517668340538
51302	3.33019066035409	2.71046154143682
9481	2.88625458623271	1.9580637485682
221400	1.23202166847193	1.44623338744471
7941	1.90067832506381	1.78293814081552
4224	1.04880359925127	1.72208275421671
221395	2.69522289717957	2.49452785107355
266977	8.47171372337353	5.12210413804787
27242	12.6135330869338	2.19179248786903
23607	12.5780059599576	0.572255260819796
222611	1.74685789068682	2.53642861791524
221393	6.2225355315758	3.76990451647952
442213	2.11967880193977	3.13533153341691
4594	10.673475748789	0.527340458639496
55166	9.22082347966263	0.588136789878513
135398	6.02302580054909	3.47035587858333
6005	0.813281590003371	1.54061817514693
10321	2.88635346699394	2.55522885050351
4172	12.4000393732373	0.393104226217879
85315	7.31914498944411	2.16748006488002
114327	7.63599508991555	1.11405945126722
9697	11.1677194917559	1.1850615675403
401264	7.00813885604968	0.658232773633626
730101	7.57226261847496	0.96036219129312
28978	10.175480514772	0.565981747823133
2941	6.36659791259025	2.96965741646457
125050	9.03501455343726	1.12165701122168
22858	9.39225747462826	1.15748978919552
26268	10.1097560221851	0.454225412161019
60481	12.9279266012861	0.682583184014837
2729	11.7521139725898	1.16543681715412
101927136	4.50136485039754	3.57204358244845
101927171	3.33524714798711	2.17057082460522
401265	4.39809788716995	1.78248187308222
55227	10.3196060181617	0.873315482341395
90523	1.56146196912995	3.27256619573721
222584	6.338545325952	4.40451711766478
653	1.46999221303874	2.81027948376805
81578	2.72180305194319	2.80206561663882
667	13.2736720156758	0.75724698131056
101930010	3.08129054603173	1.78462312986567
221336	6.06881928149621	2.40234593191226
57691	8.70221567377601	0.807148440682092
26036	10.6331580161095	0.316923814440819
9532	9.41711544903371	2.44714455892671
51715	9.62660963373222	0.716037085318731
5558	9.75669080393394	0.524559185887084
375513	6.81449514153509	0.497477683518843
51557	2.96631870773972	1.44328061382421
7803	12.4571002720346	0.725567651218438
23469	11.9056639984913	0.424607984949779
346007	4.74339403081698	0.7901372708008
441155	4.0585037156307	0.517873836075841
55788	10.4832196121047	0.49723124153179
101928353	2.15251059290221	3.90536489005843
57579	9.15091717106745	0.744290256721697
135154	7.77437961487839	0.656717848568607
60682	10.3642406459618	0.528919528976156
79627	8.87468261545837	3.09993791607343
79940	5.51440863485276	2.73446516581564
56479	2.4595176199897	3.1842910450665
100129128	1.6412076947435	2.31299155850267
80759	6.77895376829843	2.54294067287538
441161	1.97556397537064	2.50851345111608
55510	3.96353481330204	4.14942355463667
115004	9.47413621047064	0.648387907522286
25821	10.0770645299061	0.445787691321602
1915	18.1995032969624	0.402306659552494
26503	10.5406692114643	0.412991998246052
135228	11.3838931675809	2.04923373214119
101928489	3.5162402172015	2.54675816040201
1303	8.85442514456627	4.08053333386401
1347	12.5241624592294	0.395373814586614
55754	12.3296451761443	0.337811257298997
100506804	3.60238148063244	0.952065132295917
26054	11.2620474769486	0.38994016521608
4646	11.9763323922286	0.694565217014764
3617	1.62539513002952	1.31825827348051
3351	2.78724053564191	3.26168327938831
101928601	1.91749787309021	2.57326385021851
134728	7.43170197501976	0.956842577396388
55023	11.7200282404812	0.408652565002031
9324	10.9006426873182	0.808616806003219
100288198	6.09723654111626	0.702588033347429
80078	3.05299322570764	3.51538269890351
167691	7.82275405411659	1.71456535828673
105377866	4.92683781699958	1.16892636459792
83699	9.81769770115634	2.03569183822489
6785	2.97958179437566	3.54678328239639
7272	10.7133328206435	0.428306431847764
594	9.85381772743469	0.590111529434059
55603	9.58496974190787	1.81787626940322
25998	12.0835121609076	0.465756917451886
7162	11.1148010306925	1.17128082086601
90025	7.65295745799337	0.687152913953543
23033	8.78196085101469	0.625131738358649
5238	10.4341772451719	0.639685853234417
112611	7.43267485703315	0.921182691560245
4199	10.7124930526538	1.49130657051664
167681	1.56526602800931	1.97922241321425
134701	2.85026280541623	3.07979582592803
51167	9.45246291798694	1.12445007008151
112609	2.47997420051185	1.95235533102038
22832	7.9151856234812	0.870536385928113
9096	3.21343499584419	4.03505334540876
4907	11.1318722547198	1.65959307170343
57231	11.3924306772551	0.398988277333317
10492	13.3086887724687	0.362195642538516
387066	11.6102895017285	0.942277153952425
692088	2.84467510064924	1.03689811922853
1081	5.67682682237431	3.77997787395714
101928870	3.46142549108715	0.830425937819621
23036	10.8795114635019	0.720742646516291
375519	1.86444790227849	1.96459863868677
57150	7.10311746689396	0.779903287808907
206412	2.91177918375402	1.50141651894518
154313	3.98266104251304	1.62655407641766
10559	9.44677139067429	0.803773870649655
57038	10.0355758789682	0.546496316834159
23595	10.1827216597304	0.313626353700538
55122	10.9864001235254	0.462683781195303
1268	2.08040751456398	3.01469248066117
8732	9.94327699377555	0.542611974882485
10957	9.8219795423847	0.832612819980909
135295	2.56373624723589	1.69907288654295
135293	10.584099829558	0.795070941163176
2570	2.22039147409086	1.56381600238116
51465	11.4772561692618	0.510901280661478
58528	6.55334793194487	3.19757501818828
22881	6.15348609522532	1.4641246174892
57226	10.3760275411272	0.417140117820863
101929057	2.79676433964246	1.04218547537047
23195	11.8190401839592	0.686780806820532
9994	10.1406745381645	0.360942061710746
60468	4.42126484952328	2.34371946169044
6885	10.7939446637082	0.440339237871538
2045	7.73399206835036	3.65413090247477
101927288	2.09616357780662	0.954197311384946
79694	9.53876751284702	0.304846833665626
10690	4.81225666252722	3.4858782094857
23376	10.6127084330258	0.407377304437599
81491	6.25628491535166	1.12578520824132
29078	9.15192251116715	0.791371706880075
114792	2.99842798141294	1.3894289824096
253714	9.90421355687554	0.347833386271243
26235	8.59671170728164	0.470740532770018
84553	5.7940105058648	3.01361926056579
51805	8.04362772401999	1.00773397394962
25957	11.0002294590409	0.343284565606483
101927365	6.17687226558819	0.901792576625046
85015	8.66401048620698	0.672517600173181
100130890	6.58411731620475	0.474315045974505
892	11.4928669082566	0.507637274594443
6492	1.53317983092227	1.62231106968281
10973	11.5441796735024	0.464320028802291
2898	3.39461257643445	3.62441646172511
57531	8.85031805668521	0.552427375178824
389421	1.97027361960416	3.07321565994069
11149	4.10605150807555	4.12751604191434
154442	1.21693838038801	2.0589124494614
64208	5.14501062341375	3.27661200551631
5550	10.9608830586302	0.541213118493839
639	6.44139478647976	2.40287280236778
9474	10.6112915111124	0.416290930114219
202	10.0647090016849	3.00975994895597
84816	8.80007855018512	0.705705398588011
55278	9.93198384510875	0.453838676430527
100422737	1.00001437932249	2.56037829370674
100133941	12.2578132610609	3.47152322506396
51250	8.45704187247657	0.599415260414667
57673	8.13024076824397	0.545609900237665
57107	9.65871448850764	0.673378026387556
55084	6.40615487531223	3.87683309239991
11231	12.0350912403365	0.841106264753047
28962	10.6100729479783	1.21822914219015
7101	0.960937647893714	1.42541931375744
8724	12.4713667989239	0.572734404567064
246269	7.79732597066248	0.649837703761592
2309	11.0387004505153	0.850776414397534
84071	5.70463499721844	1.14915319717285
27244	7.90002641766795	0.81432511506016
285753	8.78249690937403	0.611995788761378
100996634	1.05447031186625	1.62059377262191
221262	0.889194368679653	2.2502320675033
8763	13.5465828987513	0.453804426353955
285755	5.48992245469758	1.44077519681353
6610	8.38570687115438	0.519628224170173
64780	8.49053971520405	0.783327532699519
9841	8.73409897009758	0.656895443082163
221264	7.5041070920708	0.725338899822691
9896	9.22339402590465	0.497960001762555
8936	9.68160564873157	1.0473267981801
51362	10.3910501601819	0.579562985276808
8528	3.31989096267441	1.42192963530578
23097	10.3051946907776	0.879858079689562
262	12.0836727664129	0.587884368457108
112495	11.2120372004445	0.67388520644699
84154	10.7905633351217	0.645982828606826
117247	3.27492192686338	2.78000354337881
91749	8.14335126282215	0.981489711767018
5980	10.5977358495744	0.965832320028575
643749	6.35087950998894	0.834050022892326
10758	9.60433265162091	0.762785595633869
2534	8.24738724094578	1.64374222829103
8838	4.04848115231215	3.60255166684147
51175	8.41637142021374	1.02837877117503
619208	6.26005674657712	1.04203614810385
3910	8.52914152839355	3.76831856842703
101927686	1.88639842038758	2.18722183976638
4082	12.1752772677957	2.64605569420117
285758	2.1383050096048	2.98336959582701
3066	12.6346329274682	0.531746064304531
101927768	3.39282890469824	1.41048896239892
222537	1.71273035555717	2.09968653007093
2444	7.90198245878374	2.18326704913312
221294	10.2218601261333	0.404611716783762
23270	9.37881526322624	1.15168467917492
7259	11.9835801116141	0.634910380156566
29940	8.46846224894167	1.48938837822654
441168	1.62414976347616	1.72270126229009
51389	10.7614265863203	0.593668354098175
345895	5.8886974643179	0.976725798501307
221302	8.67820678838708	0.696358183312124
3841	8.09920188129994	0.949195482554927
222546	0.855895699820906	1.53598458372658
285761	9.92943727603485	0.653826515148546
57120	10.1940448525	0.771880180059219
101927919	3.28293927616871	0.91654516555841
116150	11.7386923477255	0.435718687057178
387119	7.1087324460705	0.901048123814068
254394	9.00644102476128	0.595331227371818
25842	9.89107433640059	0.681139570847526
79632	6.59026260448567	2.73290206899865
4121	8.11634836834288	3.24811018941511
221322	7.56559069386166	0.81250494944244
2697	6.60741023413807	4.12587443093179
3298	9.00222617112799	0.659934197471803
57515	12.3409184651243	0.520097238404012
5570	6.89274680983275	3.53889784860375
10924	6.92675287581566	1.92006920683348
134829	1.07987064239375	1.96980498683052
154215	3.16390827810096	3.76019019740087
154214	7.71368983304724	2.85323159038882
7164	9.30709686631855	2.85698673139055
51020	10.3112385369825	0.632309943919354
643623	0.610649908252478	1.70087524293418
23493	3.43700890884736	3.28689658701767
135112	10.7920000318993	1.13775710119433
135114	10.2545895728562	0.452845142652096
60487	9.47284880478623	0.476248407187909
387103	9.81073671990765	0.561159992271703
81847	9.75255395883542	0.494319561702747
55862	11.0929794770108	0.632361348120368
387104	4.96499340963462	2.57329474810218
5796	5.11944027726287	2.51682281437357
3908	6.34700070932569	1.70628601204638
93663	10.9386700869473	1.3127350042031
84456	8.47478100660705	1.02559227490378
2037	11.1516578740852	1.43191967603778
9465	5.98783297226152	2.53934510420731
9439	10.1685973575166	0.626257054478172
5169	1.6145912380178	1.46564882502701
643854	2.21976964625322	1.66011238310261
5167	6.2122504712866	3.00588833226187
1490	8.63514749046254	3.09226399820339
26002	3.97089202833272	3.02334238577588
8417	10.360255406007	0.417513978776447
134864	1.64482025628707	3.79085602178979
8876	1.97421449741584	1.92924295287317
116843	9.08354336942199	1.56195327306427
6206	14.3635056615003	0.475712517204635
594837	3.46269677578656	1.4228287507579
594838	2.44228744734753	1.31670176175418
594839	4.88197397575404	1.0361598524898
2070	2.40894926339348	2.97874440267417
100507308	1.81878179243625	1.78709885482964
9519	9.11915471492584	0.735113641062298
154091	8.18639249728217	1.88265422725979
6446	9.23052728234264	2.91447420286679
154092	1.37092833586645	3.01762852185002
101928304	1.66030121869266	3.00541531112518
64577	2.27709132977336	2.65694011303658
10767	11.2670621785214	0.556527816182967
4602	6.41628202544001	2.01330566523784
54806	9.10221397685891	0.945032822955439
100131814	2.32732601508411	1.15450144606758
27115	3.85488315889694	2.85806904968176
113115	8.88261027770814	0.323621419276621
9774	12.6722429525745	0.370134230396129
9053	10.7658580672046	1.91697298545255
4217	9.44200900371922	1.46724954045594
5191	8.30169096034893	0.543515344985778
340146	3.18601876757466	3.92046781941566
53832	6.18878078443815	4.1412303329583
3459	10.0059720364166	0.780348699623217
100130476	2.81089098319218	1.02104253979424
7128	8.89853635190225	1.46215305765168
64065	13.4293224382417	1.16791681705754
57221	9.86133996001342	2.00728039024518
23593	10.8976668730421	0.611700259106161
57224	8.98776312585523	0.720124319588081
441172	5.61222786349301	0.767980326673442
100507462	3.77557884654076	0.904151876766971
25901	8.50745065706504	0.771760040766846
345930	2.71000109748742	0.754578369548793
85021	10.331922776482	0.371244831899958
58527	10.2501126722679	1.12654462089804
51696	8.78730054014834	0.939709181860328
167838	0.896780033195233	2.11159789418155
10370	11.7976342726761	0.905799648678507
645434	0.539717429836031	1.30250167625289
51534	11.272440734072	0.390135592907442
57211	11.7251155572298	1.50259255243858
153910	1.5090642430461	2.77666474356361
3097	10.2779134503766	0.776582373023522
51390	10.3626527992771	0.493075812238194
134637	7.91945826038278	0.809115772653119
8504	9.10538267160375	0.519355129118305
2519	11.9583474085957	0.632917024666163
9749	10.2672813345915	1.00218566470012
84946	10.6930252658618	0.555235786841146
5325	5.58734931883538	3.54081865830668
83443	11.2591928940333	0.584587801810117
8676	3.63032974619837	1.77310251505457
7402	11.3116656431328	1.05883239287083
7957	7.41076524090563	0.77285694421188
100507557	2.99809575392865	0.869525367165311
84085	9.80999033935264	0.504312454941725
257218	9.28796368538714	0.43777994412609
2911	1.8123250598634	1.38150155975415
10981	10.1007719212823	0.65338364427027
729176	4.32376937651367	0.72664418484661
729178	2.99398632564196	1.84718412287969
134957	10.6170459189285	1.28317446163299
389432	5.93646528771475	4.05309136824411
23328	10.178760897866	0.749748759995955
10090	6.39581503292047	3.58446957552788
23118	11.5178512346001	0.439445499322506
340152	2.16164537839483	1.01106968204935
85313	10.0790362777299	0.610008090935354
116254	10.0909258387441	0.471326280848782
645958	5.12642827733044	0.679994981627674
11104	8.99227916146333	0.663407158168792
9113	10.5229686847837	0.748372738910706
348995	10.2332026967732	0.650949461824219
5110	11.892037067701	0.606338292761555
84918	11.8525963277083	0.610808606661244
135250	4.14254419681614	2.80509686615907
353091	4.62087252595002	2.23194927847435
80328	6.78130062882659	2.01932131621578
80329	5.84004158611602	2.87121302658276
646024	4.07914829465105	1.20042587308917
154064	3.74894639710964	2.76800119842054
79465	5.96069227229993	1.59289703977653
81706	4.89262895506312	2.74909498368332
389434	1.0443282696048	2.0009381276515
57480	6.07107979872306	3.05551546465673
25902	10.8052981883361	0.758649307608709
9590	11.351706428504	2.38022159693654
57621	10.0241189340628	0.366583853669107
55005	9.12462450250977	0.54031036071759
79624	10.3464939444917	0.409314029879806
80129	2.03390079070376	1.82246935947859
2099	3.50423106040927	3.00757751730089
23345	7.00499798048108	2.7548201880755
7432	1.40506447735561	2.17212246366867
26271	9.98423063822444	0.393487130932084
54516	9.92495301109943	0.391627020073483
26575	4.44257202710336	3.70730275994422
26034	1.97096092144757	2.44985781891375
154043	8.44443596940295	2.28715654402506
101928868	4.3508581316775	2.76541372685442
22828	11.1868068796097	0.3787392554683
26230	5.77042037995921	1.54594673550545
51106	8.60630617895696	0.450159638674798
49861	2.30788751064617	1.23624433896242
57492	10.3869902304663	2.80771378706129
729515	8.9322226306187	0.709309936407522
79683	8.83096925373713	1.04349232609212
51429	11.3047905192223	0.368249783422704
8871	10.934942945665	0.766939203411334
84947	8.79609829272585	0.733260697624653
404672	10.1199231723823	0.631770738769742
56995	10.4261962727972	0.555286081012663
57583	11.3728732329803	0.671189619555123
102465694	3.95094741896086	0.942891891541875
6993	11.2136428134083	0.340323460026366
94120	6.98337369127205	1.67360594076317
7430	14.4170647864204	0.942857218271579
100130967	6.39418613278363	1.15158520727389
83861	8.80345915469571	0.422533678964089
117289	2.38619142640723	1.37274416872931
84624	0.904190962975183	1.58750890715348
6648	11.1179296472281	0.614784932195398
9589	11.6499269663125	0.289005229455993
100129518	4.61842306496199	0.530312318355083
39	11.2912162898862	0.388004438824012
6950	13.5813661032037	0.533020576931173
29074	11.228168926363	0.363144142331996
154197	2.22694504655539	1.17144956628438
3482	13.269582580948	0.904314998704088
729603	4.18701102120268	0.995072915288015
6580	2.87351794578594	1.06992954211908
6582	0.818666757496705	1.45949884682175
6581	2.51089631215595	4.22732465865624
80350	1.59511046118184	1.6515581469846
4216	10.3349142961738	0.533626508372679
56895	7.37481602490471	1.7371274783383
5071	1.73339368804592	1.936371672934
135138	2.03581437767002	1.67498921817584
105378101	1.91918303717715	1.32213303695597
9444	10.2399408444942	2.64729364071285
168090	1.14518258026197	2.40121453530913
10846	4.99755480969455	3.90363295663101
90632	1.14979154767542	1.9460083154915
285800	2.72107893772527	2.94974677627704
113402	10.8816023614669	0.535117713750486
100289495	4.44106731395751	1.11902273456588
51660	9.62193343193998	1.2648237538585
6196	8.45831067075909	3.11436218626816
100874353	1.7171131093448	1.88427305840539
8635	9.73365210309591	0.979882661038594
11116	9.50214766999	0.53069847327883
1235	2.72757828109991	1.28356281823981
54346	0.992937346116893	1.54979205951126
401286	0.753255633311715	1.89425803070175
441178	0.883857833673085	2.2447454396682
653483	3.58809366572467	1.61179384919347
4301	12.1928249834653	0.555518751280794
100505879	0.868194461999843	1.50841389076837
168002	3.80478025573833	3.09070177548816
64094	3.87788319592824	3.4586528076877
101929523	4.0953461210956	1.82321947869858
7058	3.97717624286225	2.00888995890497
105378148	1.28060217034796	2.60659127508523
253769	8.46684672638014	0.573248467711609
387263	10.7556297879992	0.627141648120737
55274	9.82056345516157	0.678051298912748
55780	3.29427874052727	1.62960704246694
100131532	0.69060706188937	1.89243116540781
105378152	1.35264928583418	2.5872432523609
102724511	0.879002874991271	1.90502435570405
285804	0.910719453029194	2.15363672232374
401289	0.751543012628446	1.61385327058178
5689	12.6243827280609	0.26302580271144
6908	9.43516416476975	0.45669669312592
5134	10.8736588069395	0.457166207161195
101929692	1.75197906599824	2.213816463633
56975	4.85464468745969	3.67310457371856
5154	9.08304056263555	1.1454801223341
441307	4.00283637479933	1.94029105313577
5575	10.7639941173279	1.10208707748995
54919	11.2817166598043	0.593685874821674
23353	12.5372236258752	0.322671709506609
51608	11.7976102662665	0.56983283783136
11033	10.6091415625965	1.96050127515151
90639	9.85983555177255	0.309043676306846
84310	11.7695779040945	0.610147177157479
54905	4.31341202232142	2.05861684047128
115330	5.01810287554604	1.14335738092281
2852	4.28131095251358	2.55120766103236
90637	9.28363784619513	0.983397431000081
101927021	8.07060343653835	1.12667863029749
79778	9.30942057081167	0.677010500500628
26173	12.5994351962892	0.482183317121514
7975	11.3655819038411	0.788383688296201
100128653	5.69885677904252	0.536227095341186
202915	10.4259241218834	1.12961737662001
84262	10.2706927664736	0.368121697931195
114796	6.92733241187435	1.55109430727189
392617	4.94178601514031	3.2762972321824
101927125	5.80442778013717	2.2102408401704
8379	10.2391613910825	0.423637732083187
29960	10.6636678145505	0.327436515717913
4521	10.119088881358	0.509236152336376
29886	11.3040287921459	1.28948976441287
8662	13.6512623684326	0.494416446326923
55501	9.5250010377458	0.688168504411885
101927181	6.66458726898831	1.01020689366001
3955	9.08889423639842	2.41734373290768
221927	10.6102468135461	0.659421265994854
23288	10.9266091154617	0.854804519014439
80727	11.8921136560353	1.53487814617786
155185	3.14585629428991	1.00651574852048
2768	11.8797794342216	0.901373599862465
84433	8.23821037111072	4.66182025473158
221935	6.60907056217895	3.32717308181337
221937	12.0524613842961	0.424623789951735
9907	10.3617692690498	0.654468539962044
55698	2.98339566512637	1.99579906359505
441191	9.24982641466771	0.690266310162138
57786	9.83019281126414	0.449034781579516
645700	2.03441341944057	1.38494636322295
26100	11.5426131366086	0.345962140774091
222962	6.83712574236184	2.96460872162652
84629	13.3189409996249	0.606703311184204
80028	11.0118230528493	0.76409160574763
693174	2.34335340659115	1.00144219321367
221946	3.57863716610409	0.878148274917963
60	17.2590350390118	0.465944095143712
6624	10.9306433401989	2.42986843584214
54476	11.2035280539574	0.616030476013837
401303	6.53222317546113	0.600137457322644
51622	9.37053328913485	0.536293847038864
5395	9.94274669111952	0.64421674368644
7965	10.6118098257805	0.431989702870712
27102	12.9729146314495	0.330085365142289
100310846	4.00202190329653	0.794132217276754
84132	10.1038611949109	0.360091655067848
9265	10.4446020498149	0.980310055258237
84792	9.9445440285271	0.456962149710488
5879	14.1321352928938	0.283964790413378
221955	9.83418262638715	0.594564742410248
11014	13.4397143988932	0.376160405309937
392862	4.11502990989724	1.45090369274966
55146	10.3794847518524	0.768781098343644
79034	9.8688639584943	0.684051192170724
54753	3.59508320145485	2.56027590952605
100131017	11.2088500816978	0.320419538389514
7559	9.8329345632035	0.584642556567959
441194	7.27133966045238	0.768743088548536
221960	9.94593816139188	0.356490624616887
56913	10.5996665457064	0.563860246216613
101927354	1.93592228208198	1.35131855680942
101927391	4.97703158021204	1.75646802427867
54468	9.7663957075044	0.452766218023141
6119	10.7367436288532	0.516695898337914
729852	9.67207428046245	0.386661142234348
100505921	2.62874827699284	1.07632340508156
113263	9.22531543537029	1.01988323538528
3382	9.0929285491796	2.9186741450626
100505938	4.62344120017916	1.12264828262102
30010	1.43649560353671	2.66420530146653
4697	12.7424915843814	0.461622172345755
9678	11.2255706643857	0.792716592999881
221981	7.57145351951516	3.79075575745356
54664	11.7584760615554	0.595461036098751
221806	6.021757476747	3.33839975491554
102725191	3.50849371191061	1.69606246467184
85477	5.163068306791	2.73109427419065
10124	9.7842150384714	0.869460233945348
2115	8.09147609666569	2.85260011200278
1607	2.02228303296384	1.63221866524992
392636	2.78039909411699	3.17347012096162
4223	1.70170356522194	2.88054480106777
101927524	0.975033786794347	2.31556996975075
729920	6.72103730276289	1.2020051903025
57037	10.042021963956	0.540492006839349
28969	11.8740816195588	0.649590970503927
27075	11.6039862252056	1.86455343691458
10551	11.6112074757164	3.9047665336455
155465	3.08705568595057	3.53802054438065
196	11.2490803544989	2.05163717127402
102659288	0.976945506598008	1.9489706330326
101927630	1.64872262133275	1.90674366795026
23161	11.3700408092228	0.338023188712288
9734	9.44559772899263	1.53760986763651
221830	10.842053778168	0.452368546476956
101927668	2.52627949801819	1.7726533257473
346389	9.60037577719416	4.7319224341906
101927769	2.63697546732143	2.08748212330126
101927811	5.10328878035339	2.02806845094486
3696	8.86013197724753	2.19484168017465
221833	3.36871007398554	2.46060854282652
222901	5.21939226648577	0.660738099896765
6671	9.38727970672224	0.66116983725313
8701	5.28667871237652	1.31447746925127
55536	10.8445197113595	0.864619431926704
9771	6.94407682408816	3.03436835681548
256227	1.80512863371658	2.59814793801294
100506178	5.05704643127635	2.92957628045075
3569	2.77526108756958	1.87304783334955
54543	12.5579791918215	0.566392070201245
692210	1.96246845001009	1.23833475896558
84668	10.2560461611184	1.10122248389186
100775104	4.7174862618349	1.16937572731878
55975	10.2843917597817	0.432304762088981
11097	10.0217211700858	0.578793178485276
10457	6.31291305295331	1.94867461599107
115416	10.2364997373415	0.467423731900498
10643	12.3183253061145	0.678032092440211
256355	4.38000891555863	2.78639389766846
29896	11.578495670498	0.294689675952674
90693	7.81025599958959	0.921616851918616
340277	5.99858786451256	2.26326086456345
56164	2.88198463178591	1.96854061018212
51678	9.66636877603577	1.19556711817289
1687	5.72969621956122	2.35111082871607
26031	11.1581897793417	0.922845771661331
54205	13.5000887164488	0.422310448732209
136895	6.01095418915471	1.66358780449819
9603	10.7588299794027	1.05065613600806
3181	15.7047481053145	0.324439219536349
11335	13.6022265528109	0.331771539369991
29887	8.59245055873515	0.931145942080724
105375304	1.71299597696394	3.07890125249127
101930332	3.29258144078884	2.3519063186632
441204	1.6609147345243	1.50479029055983
9808	1.53472756577649	3.0527361586473
8935	12.0592160418087	0.812743588034991
3198	7.35169810036742	1.65253941914446
100506311	7.11873283132319	1.80065177908485
3199	5.58906316067355	2.26915855373157
3200	9.64939489265593	1.95627357566665
105375205	5.38661502160577	2.69101026923741
285943	5.30454327538878	2.65730329016043
3201	3.43210523357574	1.64565882522705
100133311	3.27371061724567	2.92682122515225
3202	6.17299475741485	3.11446553744766
3203	4.71108414240291	3.008908160284
3204	1.9049381384175	1.77895773738064
3205	2.27215547313698	2.77403811665065
100874323	3.80329578472306	3.00667760269645
3206	7.07320956345695	4.2160758868372
3207	5.80236610267083	3.3838774796498
221883	4.55763343769396	2.97288230321949
3209	4.84945781813418	3.39877830548172
100316868	2.22950374618197	1.83332217130184
11112	10.9823625366758	0.664464826837187
790953	1.52039082448812	2.42279810086492
8887	13.0226734856085	0.385349797913994
221895	7.13147286377567	2.20623931475141
9586	5.91688846102888	2.45773560704276
9865	2.411177388248	2.27411909739624
100506497	0.987142349496847	1.59727130202418
54504	5.55695649100834	3.23933830552495
1124	6.46136703166361	3.12353075383502
222171	8.91585219660943	4.35601865452352
646762	9.40608649217959	0.653891225626529
442524	3.39251984101128	0.753353275989756
644150	3.49567327446535	1.87521641689958
9805	13.1012008528577	0.964376777498246
55033	10.5815925598432	0.612472928679925
84725	10.3886509529461	0.539693488700654
222166	8.04335646149379	1.24633692545924
223082	9.6987197188305	0.640641931834856
222161	6.72351610393802	0.643833996112057
100506516	3.78468524499764	0.933743511526596
10392	7.7056622658875	0.993983775208923
79017	11.4651363497657	0.477826455793976
401320	6.68198654237695	0.660719511730084
2617	13.2797074727729	0.818637468544191
1395	2.82687627015512	2.36135549071067
358	2.88715515120077	1.1082755806668
223075	2.22834096090233	3.63856507717751
100130673	1.41953947973178	2.14462203931422
23658	10.970042339778	0.428855404752435
23080	12.1576549943716	0.446356670814879
100129460	5.17155639476061	0.674925502878981
441208	7.80141068398222	0.766501956819919
401321	8.23772352188711	0.885058137228859
102724668	2.8249386761024	1.39584173675283
25948	11.1362099319949	0.412637606306619
441212	8.00950098266877	0.738715609718743
11328	12.2223942619461	0.538795719088398
51251	10.8121077924387	0.807708201262883
6100	8.50078839724005	0.706942749720362
27241	8.18188159016394	0.577316543903285
168667	2.49391912205756	2.36176551213441
23333	11.0668529146358	1.34011653468039
554236	2.62422169438796	3.71180566990191
57057	0.888189385179733	1.87582617657343
64224	9.53844167041379	0.570689027625914
101930085	8.21630915421633	0.694735691760265
101928545	4.0084154639006	0.901233763632679
989	12.9330061674215	0.246925327530394
80820	9.10848773396843	1.73421582358908
23366	9.6269873663157	0.981984600110227
54443	13.1366922909074	0.518815474796351
313	1.98445200041106	2.04831224866197
9844	2.76420374025903	1.9478189380088
54749	8.23946966427297	3.23840430567534
83930	9.96972947172002	1.13309764614941
100506776	1.15804888351166	2.03262493636959
273	1.00413505153125	1.46909642429225
27072	11.1656884023345	0.450950245334276
11281	0.983335134334464	2.25623522545343
57002	8.6673559139256	0.672564121937102
5898	11.4254725305381	0.37864037751715
349114	7.28022796765588	0.731803150667456
105375305	4.3522198518692	0.595389295428515
8621	11.0537096968021	0.308217410422768
136647	10.04333131686	0.607275035749229
79783	5.07615438212809	1.59164561369979
3624	4.48196886757356	2.81952814681164
2737	3.94294258004367	2.94393722129215
79020	9.38764150009723	0.379076410547237
5683	12.8037175243868	0.328540552765473
64983	10.8892443187614	0.445297676849026
23072	2.66069928072433	2.56465783412963
100506895	0.771436341974954	1.63724472759336
9263	10.528535782658	0.757391471176664
55744	10.5870670891603	0.466356542023109
644	9.98336615119003	0.79528451172851
64951	1.91408136898496	1.18020061473978
55665	10.7543301580565	0.582847057165666
51619	8.26218738314738	0.923624232588402
84820	8.0900688343629	0.833944457895593
285955	5.00392640633189	0.683609228654428
401331	3.80624569635882	1.55047714814529
255031	3.67877131871954	2.05622275314946
28988	12.0450850657921	0.595860642795973
5224	6.34837553683457	1.09818529030409
27434	8.90050400151249	0.942794031414195
165	3.09176992450383	1.79441658189798
5425	12.4194886952824	0.681187060895254
10652	12.765748566556	0.418667187018574
816	3.77066150662019	3.01553163220207
23386	11.8102420735862	0.528631733910255
29881	3.37974506760226	2.68563012349985
54606	11.6619262254006	0.448759699772442
222068	12.6491588952918	0.499891040215881
4967	12.8734858877109	0.554910412490575
83637	11.992992203014	0.742477347282711
5478	16.0683971280016	0.27889811298382
94239	12.7754446854997	0.491739110944705
5814	11.8410040316989	0.461552176379367
64005	2.61071997065966	1.63845515720763
101928927	3.69602288354013	1.39579294818697
285958	9.22922691898159	0.663592556805607
83605	11.1427389573854	0.527758985583877
23148	3.61435879721132	2.13095641833019
9238	11.8067955989439	0.540269726367197
677796	3.77718075490797	0.909696709313142
107	4.57942822862735	3.93813708540277
641977	7.94336489411497	0.508587329533825
3484	3.59390747267637	3.29835978686815
3486	10.8134257539854	5.43409369687159
730338	1.85125377309643	2.54732198392194
64759	13.2985603298501	1.05777749765695
101929086	2.06939015301155	2.43419614815474
401335	1.09937400806008	1.43769742936814
84847	4.23356162275923	2.27329168917612
168507	3.53399289138121	2.29496585131971
80099	1.32050331435258	2.93882394844777
3364	9.56671603645973	0.625753122738933
256979	2.84342296661639	1.9605622167514
136288	3.1763422713504	2.27221210253327
7378	10.4753998627338	1.60911375843405
154664	2.38560848829052	2.68298759485654
168448	3.59564202078176	1.01201314606049
63979	10.3673781668659	0.255395895851682
1644	2.01843894840376	3.27878457785985
2887	8.00589694273043	3.04844701990643
23242	8.67967644962759	2.72354480873499
222008	2.35247709897855	3.64326000431619
285878	0.726447382380582	1.41985811446765
23480	12.0036641099026	0.670664023152234
100996654	1.93062597265579	1.07666061764304
1956	12.5210024154906	0.877714321200288
100507500	2.14681284584779	1.18601551578326
102725541	2.20285237617296	1.16491896694034
55915	9.59395162127179	0.506327202084048
81552	11.7436711500931	0.540217978537823
360132	5.05259084199742	1.81201116412649
101060341	1.0310440160477	1.4256739491686
349075	6.7758991426421	1.53980811767527
51373	10.0097066331165	0.403477085818403
2631	11.4313166968814	0.831358908914687
5723	10.6667720790528	0.82578697386574
908	14.0780146949526	0.437085765387956
25870	12.0748542071674	0.389816372587269
5260	3.9981942981145	0.719697767119902
51142	13.6452805053836	0.479059810916309
728927	6.88917836699236	3.52089658125665
649395	5.4771435300791	0.516236436845989
340252	8.57542322486701	1.05841376770436
100128885	1.05747494101019	2.55068186764899
641746	0.689320776295239	1.28639402311784
51427	9.53360975127411	0.703849804714427
7697	8.36837467029526	0.427617020892457
10793	7.87713759518772	0.645156613407388
51351	7.03442101535565	1.59029911194472
2086	6.73230560212429	1.1568432172856
643180	6.1340413358828	0.396666757204203
168374	8.82028446128676	0.465828885673678
441242	6.2012177213375	0.75161052473569
643253	7.09282905469477	0.657103362589942
154807	11.7860984592926	0.400928886706256
2990	11.0732211314087	0.686197858433431
435	10.256332703066	0.569359628060449
27297	10.9048753169635	0.375510041348418
8460	8.54953832424173	0.838200897506185
285908	5.74392879853575	0.755251377291853
100289098	5.47686407939504	1.23969966710483
493754	9.09520815236882	0.44841813537039
154881	8.26598527418566	1.14038327054121
100996437	6.36641488464117	0.708735803189928
27342	10.5706190991127	0.428443309154156
729156	2.55751959647718	1.36383736667984
644794	6.06623848964316	0.555630526769694
55069	12.1603167653909	0.300519464540055
51119	11.5519347600837	0.74292340944017
55253	10.089381077338	0.662063626188939
5382	6.28054183902023	0.826912386251526
64940	8.15178942429243	0.70668928243422
26053	4.51637048757521	2.98353495884068
441250	7.02823441579115	1.64902661051736
155370	10.1025806269458	0.58088307093737
9883	11.3071214810441	0.576330526999832
260294	4.68908208417105	0.9850179420297
378108	2.56056697077958	0.704489011885775
442578	7.69148742666851	0.961661804585737
100101440	4.20644673401862	1.14211558395656
100093631	9.47731112862262	0.701343813098285
55695	10.2082446867435	0.621861869735745
8326	2.327098803479	2.55564350840714
9031	13.0637120946071	0.486547172557561
9275	11.0423510659547	0.442128311097684
26608	10.994607587742	0.448923443858919
51085	5.39300656763213	2.16398617423774
155382	5.15907524517073	1.90926049697167
84277	9.16045318376443	0.659695922523227
114049	12.0596499892743	0.498633973779854
6804	8.84223131442734	0.766724307584653
171022	5.40616079448463	1.64577910446795
83451	10.8285784181841	0.935297309036182
1365	9.13348356866183	3.08322321503957
1364	14.0185772750343	1.00826934373636
155368	6.18541817504412	1.66694622168221
135886	3.29186671361399	1.88723178562546
2006	1.82641961591054	1.23491209539987
3984	11.3456723196047	0.899616061277754
7458	14.100787219563	0.430389567977434
693175	2.32909831681641	0.970475885015524
7462	7.05885429115422	2.72726685575064
5982	10.8731280231649	0.556089567340302
7461	10.8409417629914	1.94081460773618
9569	9.9660433361839	0.565298459435142
2969	12.0933559216823	0.465589159594936
84163	6.85755217373012	1.26497493970091
442582	8.0640443821104	0.789700508543838
5383	6.2456815196066	1.03141695069096
729438	8.47274788190456	1.12294359648515
81554	11.6061096483466	0.635630431698409
389524	8.71390532624165	0.486178803837643
2970	8.69741556380702	0.601652060916839
5380	3.76548723307337	1.03783122912602
54441	7.4881639081125	0.88929187105462
155400	7.94430300104029	0.59439140721645
100101267	11.452261583206	0.60931723273826
442590	3.54343663967264	0.804034274536324
5387	7.13243824243574	0.502537824324317
3092	9.99352977250283	1.19682593937873
10344	2.38473600669918	1.73121830223468
57414	11.5947458731264	0.441704508800805
5447	11.9324060284661	0.523970503504587
100616270	3.49359101596912	0.8211539266498
677801	2.16582543789413	1.09816448927001
83862	9.62443831723904	0.765291396640145
51657	10.0312012065781	0.951679738847606
4191	13.1103297663634	0.561710247486857
101927160	4.55619084173497	2.53613876945912
222183	6.54799441312965	3.01246938128838
3315	13.8413838199049	0.965586488765833
7532	14.1203506295811	0.431201791272029
136853	5.2475670856238	0.887444563266392
7784	7.1136731247945	1.90499248243028
113878	8.96144266094747	1.00749670549573
619190	1.30123206341487	1.32640661614425
105375355	8.47476767181342	3.39771689559318
105375354	1.8063207794175	1.8283324107121
441263	6.05997162917282	1.22078389820176
100132832	3.79621984227923	1.41029054877396
100505767	2.87438693108587	1.04016035858516
57639	4.80049411616439	1.96131174040947
54103	7.29239590419207	1.09601287616576
5782	11.8131884598365	0.524604376539416
100505854	8.34729120271387	0.594205477289281
222194	9.68038009350054	0.400800657203335
85025	8.9282327507804	0.607689912092497
57157	11.2928576008209	0.674124901956602
9863	5.42247670633427	1.23578899314907
100505881	3.26535184531794	3.03013078134465
2770	8.98601562530038	2.37133184423225
948	3.95879236927292	2.66995280911233
10512	10.7024757406213	2.1846621377806
3082	1.15850868143497	1.98556497139172
781	8.66973668282979	2.5526294612094
27445	8.5921287139401	2.00556564691095
9723	4.82917895212871	3.36110988657245
10371	11.0771196983203	2.12285810118064
101927378	0.671417961909876	1.65978048350709
223117	4.57671051157892	3.45208337825648
222223	4.82431549578421	3.49401527840233
101927420	3.77805116833801	1.12451206561602
9988	9.8385451433026	0.554685897382699
79161	9.24083500636108	0.745434674619922
11257	7.89351441594136	0.806086056705462
54677	8.96918165889671	1.40149626709899
5244	1.4659450915532	1.7546167861399
5243	2.34490109382675	3.5147979078252
55972	10.1139495462003	0.328749861551226
10926	10.6112706801791	0.540676909890606
53616	8.1576054260717	1.36593897211858
6717	10.7015433471219	0.588912536799028
79689	4.76792681127048	3.89883784709532
26872	7.64619780166684	2.73601016310947
261729	7.14782266568934	4.07908813514112
79846	4.72462839278036	1.9334659447868
85865	10.3307177023982	0.317761119580201
9069	10.9534334850531	0.743810681003965
5218	8.43748754962881	2.29080638069126
8321	9.32454917600109	1.66456232567966
7978	8.47481921715559	0.335343043856048
10142	11.4108271956759	0.594263657148628
1595	12.7934164692347	0.708200406184562
613126	2.92944764851032	0.885433607539798
889	10.7779246981708	0.399487287316216
54467	12.0323095236689	0.387839605011831
57798	10.6405284024414	0.249839148864722
5189	9.91009140241912	0.70440822612909
84060	9.00190431857095	0.401184387806188
257415	9.75222294345181	0.488551492361032
1021	12.3072823428081	0.846480027872988
101927497	2.55892121652101	1.08856206711125
54809	10.4164150340817	2.55472123160459
219285	6.81904348910338	3.72521341312326
253012	2.57523010710581	3.7897727267956
55610	9.55730390554578	0.462426888319137
799	1.64103920781584	1.54715478380582
7980	6.92574639839367	4.59827324442585
2792	2.19053717383659	1.98653063630107
2791	4.88228637742149	4.0042685350178
10282	9.33845802974612	0.569558054624816
1278	5.14849328815954	3.60344551570156
64921	9.63631777852105	0.514071419895507
8910	7.74998739459467	3.18207795618892
23089	10.9953751002885	3.71987374173124
55607	8.4938140836396	1.59518889662937
5444	1.50870717331445	1.49699073570302
5446	6.14039051051433	2.47359840666317
5445	11.1249747806387	0.415820034457994
51666	2.79675264480563	1.74362223399771
5166	7.3126530905824	2.85606731640801
1780	3.36717552147552	2.84765707627324
10165	11.4768413147343	0.406514706408521
401388	0.797292184964342	2.00145387669598
100506136	3.4135709761526	0.81728267760451
7979	12.2800118161334	0.423607105070738
285987	2.3417595129629	2.5303989114689
1750	3.10663868985819	3.37225911757359
1749	1.82023237189292	1.86839001724596
57001	9.07376869941223	1.04453894289182
440	11.6568111511195	1.40715369958942
389538	9.10120568858627	1.05987439125577
22853	11.1359071015967	0.475626070256222
168620	5.95548928175336	2.97348444623549
25851	9.61928503055976	0.62189519044437
25798	11.6941701011498	0.692217429526342
55971	11.7578408788874	0.878198040196016
8295	12.2104385886515	0.586963244905616
101927550	5.72270882819637	0.49281354829738
57154	11.4778192307071	0.543576672473642
402569	4.47151780327407	1.72911188024549
84176	4.75012922362814	2.05837052322783
10552	12.6643278747557	0.518315744154095
10095	12.7828765447449	0.408209521556255
11333	13.2675879057455	0.434951608015962
8896	10.8706994528419	0.418961775036661
26024	2.50443324414008	0.776226628712805
10898	10.4777436090428	0.650388394485252
9551	12.3740152759539	0.470036027613145
285989	7.38488037506948	0.629003810821284
84124	9.33471513475346	0.296706244548476
23660	9.63374035889493	0.586416508966653
221786	7.82599485813957	0.515857515482305
79027	10.445241521399	0.874241092628433
100289187	3.5816335488117	1.06509395770917
221785	9.19942491867475	0.517972451977691
1577	5.41099552746067	2.58856369907234
89122	9.94367767730385	0.452695408228681
349149	2.45976412441949	1.44138829096518
563	3.51515098201629	3.5914764160871
7586	11.8232509810358	0.510863940167304
7589	6.68305372191761	0.930322712743298
7551	9.6923309775036	0.63113856322792
10980	12.5503888407194	0.312659989028443
4176	13.3172944418681	0.691959745913663
407014	3.99231697418324	1.18553572465407
9179	8.28693212510963	0.689773633329411
6878	11.0920985346562	0.340551025300179
245812	7.5911195673198	0.76508357133312
255374	6.31822664592379	0.900853912506738
389541	10.9828009424921	0.56664404421385
55262	9.62415444885379	0.515757538516757
79690	3.00329831731016	1.55372660943201
221914	4.59445382547935	1.56462245386607
10734	4.44840281957625	1.10325657813224
352954	7.56642218129319	1.32727197307839
79037	5.76516219707321	1.16100927833773
441272	6.44428430685267	0.505898357657809
5379	8.70610323186768	0.552310326881327
101752399	8.04014540580393	0.472600988018909
101735302	4.20277962185801	0.846127086974878
102466747	2.55810031394106	1.13883864358899
29990	3.55326265698275	1.12116865803092
55063	6.62982641959678	0.622784764740016
56257	11.7023112017298	0.561059281067739
221908	9.76655527140526	0.548759966293798
402573	4.13776223940029	0.781438144467237
81628	11.4617733986133	0.552935632255489
222950	6.08415562445181	1.39541482328138
3268	10.5361567726865	0.75943396451434
100316904	5.78617164150465	0.800805682529021
4034	10.7454460407149	0.543631197014424
26261	3.76858127525282	0.755906612373624
5118	6.17167963036254	1.57323912511433
64598	8.98720350378128	0.674898998564081
7036	5.17505285311644	2.93947231880016
2783	12.8983091067444	0.250516829055665
64599	11.4629057286913	0.556222231762839
10248	10.470841018931	0.384593258302687
2050	10.9511005430901	2.26596841063686
56996	10.1006893803574	0.272751640367007
7205	8.37656091444515	3.77330213012191
51593	12.4663520341036	0.267823322307098
402682	6.28808268444172	0.57559481739309
43	5.66274604406403	2.38066353667754
4584	6.08907438733625	1.86066825917702
10071	4.18855233377117	1.94559825006555
102724094	4.92202478610684	2.17157391977805
81844	11.0924629454207	0.493657827786882
5054	10.3896383245166	2.13140985376992
1174	12.3229076408478	0.593715682165033
100616117	3.77219716767019	0.980434653104184
7425	9.41876243034228	3.40247845950724
375607	2.65968811839146	2.41736361298201
346606	0.89934031133149	1.76485194141251
8985	11.5068937878567	0.728144128203092
10467	11.3356563851004	0.308684092400361
24146	7.42025079003752	0.768153598818095
51024	10.9035419354939	0.755355412017106
101927746	7.35751396082379	1.41658477974058
64792	8.99322029398041	0.833872267790945
136227	3.10750800687079	3.42996859160277
1523	12.0515865184559	0.365291175491265
10603	6.80516124309658	0.915817072791521
729597	4.62181601341617	0.713481820963133
79706	5.37651180571508	0.481407727334714
80228	10.2286534377411	0.901585714414928
54784	8.23156715770108	0.469716629009159
222229	9.68852547927774	0.837555497303479
5439	11.3719052925096	0.441374016457147
100271927	3.84924218722955	1.32944956680832
548644	7.36923975357831	1.35191773464797
441273	3.22177985853381	0.996989324791791
10156	4.49013692239452	1.07799190147135
246721	5.07543030777884	1.33042269570823
100310812	2.08048787399877	1.20365586391888
222234	7.62531625131356	0.279828466781291
222235	5.25574805805976	2.35380133998175
10234	2.93585433958404	1.7015600440043
58160	1.73956972162783	3.15403646494601
83787	9.96931832588341	0.44010317131501
222236	3.81887718593449	1.10255555031031
349152	6.01019610460966	1.8624436298536
9512	11.2780912557189	0.36540368643778
27000	10.9031140630832	0.448639156124598
5701	12.242163451699	0.36734603726227
375611	1.35287262447257	1.1842777940475
5649	3.22500646240515	2.02324619557808
5001	9.76871204660365	0.45644995261935
100216546	5.40035282957319	0.854927046336112
100216545	7.31785969927132	0.610021387553183
55904	11.3592225100132	0.397292820321281
6733	10.5537889403295	0.454544077573628
54517	9.9817203337428	0.793116790887416
60561	9.79897295435038	0.660771503731804
100130771	3.15229985806256	0.788895093104394
222255	8.63305221587738	0.600824963009678
222256	3.5331052967824	1.10802023887361
6856	12.2216525781029	0.993665017652337
10135	11.6839825941358	0.832262841622988
168455	9.43117292322147	1.42122398066418
5294	1.98399767835761	1.99604250486857
5577	5.46704259518024	3.26065358973412
26959	9.98214147041363	0.646418312477713
10466	10.6347588966041	0.39067320685985
11062	8.51426317463012	0.415012792630194
55973	10.7780896341382	0.414711508270956
5172	3.19926623102643	1.33160809640571
79872	10.3950211108789	0.426540979571416
1738	12.0370437685323	0.411624677739972
3912	12.2217362376568	1.3194701821509
22798	1.91980078398408	1.6574457431338
4897	6.3167388580403	4.36402152798614
50640	10.4859782945042	0.644617715778097
168451	9.99821084929151	0.558579745659335
4189	10.5510393806196	1.20663505326426
83943	7.86138121399263	0.926841680984976
9732	7.62109340838983	1.80586595757069
11179	9.01201582456758	0.511807511618347
3475	10.8610829293205	0.97216535196294
286006	4.76377873751825	0.914354453956315
64418	7.20724717881642	3.97631473155844
154743	8.74591626777786	0.624897607082371
54329	1.28774004149448	2.62803029188846
401397	9.85224270712794	0.910438977418431
93986	4.20923295895722	3.15168387561982
29969	9.58808213122562	1.99462118652611
102724386	1.69552636785593	1.51107753450254
26136	11.3862241433446	2.54281875079088
858	11.58392631118	1.46478470399976
857	12.8404466225088	1.83870470763599
4233	12.4482456756904	1.41710463212119
830	12.0713171223337	0.305648401409157
93653	4.89690277487767	1.0614715913432
7982	9.39314473266552	0.503342839323639
338069	2.37286183059114	1.09489895644967
102466616	1.35181906237482	1.80920242960038
83992	2.47819879796923	2.6926828680445
51691	10.2214538369814	0.479921404176593
56311	1.25935537786575	1.47530913976984
3751	3.91549794304532	3.48663487903699
23554	7.75347676562941	3.08345788171312
54556	8.88511879101867	0.739373905190736
79974	4.04987415503593	2.78480647391868
51384	2.79013461742384	1.90303283768344
10447	12.5959687917754	1.14239025647582
5803	3.2601978335995	2.51420288982961
10157	6.68618598603474	2.1039242849603
389549	2.13483566157306	2.56597056226856
154860	2.29708753019884	2.564388086404
93664	8.49724323320606	2.91707752712516
168433	1.09403500668479	1.6335573148866
378925	1.92850896063024	1.78795359165707
154865	3.07311717678638	1.52633623510258
4698	10.5911969179662	0.678025479417854
8976	11.5425284131142	0.466847104083031
23553	2.34945945997274	2.90204268161905
2861	6.01249409857699	3.16839889759852
25913	10.0643948531362	0.370878631291066
401398	4.1654066959881	1.43255122592668
2918	1.80420700113255	1.44784661062053
168850	9.95182092845834	0.362795302205982
79571	10.5046544163467	0.39848835604397
381	11.9577729177005	0.352593225296314
27044	13.2098821839354	0.373219670789069
64101	1.55499579120042	1.25222856391605
157247	7.87562851188943	0.393718874302787
55131	10.4870786257143	0.572616203879938
401399	2.72315622280486	2.32986429249744
3614	10.6596328766262	1.16599732443637
29923	8.94253012540693	0.953107708246112
55798	10.2658895362355	0.447864959705167
402483	9.91089267008569	0.417470699913515
346653	4.29754091433	0.896769763211961
813	13.4470304983036	0.515217709046842
64753	5.49883311001824	2.38153133079255
2318	7.19592147968719	1.88296055592558
9296	11.9152216646423	0.591333378259551
100130705	4.11261372598357	1.46725137609427
375616	5.53024283723674	2.54652633558775
3663	6.96981684662635	1.97987764098814
23534	12.1241483894066	0.464373931165401
286016	5.05156036006774	0.739882488764489
340348	6.68435529941439	1.64987350618961
6608	5.62477087097005	4.125373957878
23382	10.0087062218219	0.724282319796192
57464	8.413786587403	1.33089356616788
100287482	5.57575309047756	1.64210452952745
105375620	5.29756037192063	0.952882133872621
4899	9.37630429085904	0.248996265746138
7328	12.6162644626848	0.689137219651279
51530	9.70391006701154	0.59677320277035
23008	11.1670949770588	0.266823500008659
84928	10.0226522664501	0.755942231526114
51200	5.90867957727226	2.79626122729461
93979	2.22173172462414	1.6481392710586
101928632	1.91482858465472	1.90156832353285
95681	9.31931232134009	0.43975820817148
4232	10.7031650705658	1.63339201224991
317751	2.27196320988323	1.50958736196755
26958	10.2490803132785	0.508231083207873
53844	2.08623511878114	1.48660479317753
136259	2.9057929494457	1.82273452263764
378805	7.54881743242308	0.843952724299407
100506860	6.1542359431014	1.78171385160371
4289	11.5869759110647	0.550664625679675
100506881	7.07267200147738	1.05403965548907
5420	12.874535167129	1.47071941999175
91584	2.35581669697091	1.56258487672806
54927	11.9110146994731	0.430067884394866
100500804	9.95861255464701	0.395773472583457
60412	11.1043084989278	0.619023312143005
136332	2.950782671038	1.12625984529428
84912	10.0686488009034	0.752449548575119
231	11.1929275573705	1.96247988229335
57016	5.87460264450181	3.66025417249814
669	9.17919450272979	0.492378535073294
800	9.99732066137594	2.66640280844796
340351	4.59289761550966	1.1374310565867
55281	8.32609709853308	0.444209373607978
78996	9.82383792654065	0.393711303871752
29062	7.49365129704624	1.47068855891132
4850	9.87240914081111	0.350024896390627
23165	12.4474782003061	0.546690120650839
647087	10.727428280292	0.412886083975944
26266	3.2253281424746	1.07895619631832
389558	1.23387198656705	1.18034384038675
5764	3.41446599059718	1.12841606929963
64764	11.2048057995031	0.836783956212026
8805	10.52788220737	0.477612850384829
136306	2.48115843747098	2.18684502841372
50617	3.24144112802387	2.59846034731921
57670	9.85459002555342	1.00422866723002
92092	9.26501210459287	0.883424575258508
56829	12.2223202034412	0.758556014739716
79989	8.66015876601957	0.90243425371701
254048	10.3528222132029	0.561965268188265
51631	11.0882183637626	0.556441009354071
154791	3.54072821897004	1.0916423676926
28996	11.451509947215	1.54536398526267
6916	4.46089607508404	2.08588545027775
64761	9.85145730372377	1.07297701550523
80853	8.86376790766975	1.32183283102919
100134229	6.76536829731137	1.36662208637532
84255	10.545964014008	0.527028721938299
401409	5.4593506625115	2.58013784392666
23608	12.0518708087202	0.250899829140455
27147	2.05334150042162	1.19381602172851
90956	9.69789186656973	0.660845169183715
100134713	5.43129143867674	0.549229836013977
4708	11.7379921307919	0.3876581542708
673	10.6648588443343	0.427978630738365
51650	10.7558391869853	0.50972462103068
100507421	3.83433316525212	3.37703968173867
55750	8.19026853714954	0.660919746854966
57189	3.59485908182481	1.1896234529842
6742	10.5262475395151	0.386200852095479
54429	2.76895377000988	0.96003858104101
8972	2.72453501033973	2.71173309030549
28576	0.92089181295409	1.48461122773628
5644	1.06030549484773	1.77164527907849
5645	2.23149288935645	2.5489139601504
28628	0.644843903433329	1.35583833544107
28622	0.767630290738398	1.80901198756517
28638	1.16511306365108	1.86522946551677
28557	1.94384905904358	2.09511577222302
2051	6.49139148980274	3.2498649954124
55503	3.66423521205808	2.38812701051173
373156	11.102956249416	0.550864779688952
135932	6.57723847504289	2.96226041123991
835	11.0555782286043	0.371347668081958
1180	1.9141469133642	1.79065020188841
9715	4.2514906889081	1.61783505702859
7791	11.3553002525109	0.653833012913261
2041	7.2553562663755	4.13514783477144
285965	2.94135422394661	2.39253245022226
441294	1.90759017336911	1.85776002646752
285966	4.57870753108739	2.12575051861519
154761	1.89281025409346	1.58386607711212
9747	10.0624104625202	1.24114989178208
100128553	4.6732254347192	2.02172463752587
445328	7.59525083135176	2.78316792603284
101928605	2.26604048481764	1.64918980961925
101928492	2.7212581656945	1.84747304459311
401427	2.19541260712234	1.58503102686292
728377	7.70223807209888	2.89816895634302
100142659	4.33942517094773	1.971093647633
7984	9.15190692791401	2.9932384245873
27010	5.98610697913057	1.68689958847591
26047	1.30749152545892	2.62428219885889
8454	11.6147132925808	0.448111720355205
2146	10.7904501096442	0.735712453025427
102723099	5.24470046897212	0.814580981134714
9601	14.2753376766538	0.587651535430144
136051	8.52800252772099	0.503405798845829
155054	6.74339156462639	1.16476805536928
57541	9.40462727209818	0.456188120893608
8427	10.9417186372455	0.293352446804782
7988	9.14269194301389	0.50273843144076
100289678	8.89108224701364	0.66360406621012
155060	5.58639834306762	0.354057941330952
27153	9.43530963368012	0.542235360504693
155061	9.81844095932661	0.455497563006802
79970	7.03249551112123	0.507681236098503
84626	6.13185879999096	2.96554614828726
168544	7.46308123206993	2.20423506603086
23145	4.02264919304085	2.23533163632286
643641	7.69446108449419	0.914947742006904
401431	5.71854593506858	2.45518126347548
155066	9.86445699065573	2.23027664972289
653857	6.88982787110148	2.40845984613343
65999	8.82414767241348	3.29431743132694
113763	7.18753430164368	2.54543276293699
5919	4.58956999189664	2.09217254611058
29803	12.3448454068114	0.681491776272217
285971	7.41197303711618	0.916733065404354
728743	5.69621688961817	1.07454706461762
26157	4.50138732312594	2.59048007024078
28959	4.54666805475459	4.6000110242897
55365	3.75948706159629	4.8840200408723
26	3.55960533667425	4.78259148088163
3757	6.10677888306094	3.63028062296787
4846	5.56011047666277	2.48653462200319
285973	5.37924395926625	2.00243718972157
11194	10.4217345717534	0.373547681697794
9311	4.78751437787475	1.38564067434071
1020	9.34720834969813	0.373425556518363
6522	12.9597688478258	0.594769846728959
10922	11.299524191104	0.359688979896074
83590	11.6300254153916	0.487416610897224
116988	10.9551633569467	0.517237979320355
10061	11.5931244623764	0.427370315354733
54480	10.7918175525128	0.564753738520218
6604	7.27247065214017	1.75195562964934
51667	11.3711761301031	0.416138891653516
349136	3.94075931476781	0.705953869691413
6009	12.0265184973877	0.430075327014083
51422	10.2911926031245	0.776606606285988
100505483	2.74703471493233	1.83513504086559
63917	10.0610242225903	0.823485820343177
58508	11.5968139205129	0.297134340053135
100128822	7.11641362560502	1.12474725274362
7516	9.12101923792962	0.504077309528833
57180	9.00480358780853	0.706017335215901
1804	0.943966476857439	1.48580713381522
100132707	5.92016754808529	0.720416438863046
22976	9.86076211688152	0.505362639704277
202781	8.29606104642404	1.07653056999628
3638	12.3074627617279	0.634314581456502
2020	3.75806723201756	3.08406667952063
100506302	7.00529084746102	0.541456241415478
155435	11.2548976762182	0.348523526830741
6469	5.46346072092847	3.86430180851538
389602	5.16523265635168	2.04473388417501
100506380	2.60505588974168	1.27874343455314
129790	7.91583032667093	1.10007260601313
140545	7.51424569949963	0.920894914675173
64327	11.4680139753061	0.471308139418836
64434	10.7473214267704	0.501708574285675
3110	7.25483896198999	1.38836125685063
645249	6.60866810485631	1.2496190041067
9690	12.8677175879058	0.358394943330625
10049	12.4920415852508	0.475432332867938
5799	7.478893272262	3.05891178702087
100506585	2.0926872428556	1.98581091935531
54892	11.9916452943012	0.558000116366147
57488	12.7860222746699	0.524120881543188
55112	9.4462776821049	0.586727723961126
7434	2.61478026903931	1.7701334667467
644128	6.41276162486304	2.14905520111192
169270	4.02916645312433	1.81541371308095
101927595	4.68140550217582	0.939377098438115
26260	6.73745196167848	2.59151151220729
157695	5.46320044045425	2.08538844903029
157697	7.77769469430648	3.05950298228983
105377774	1.87907589818902	1.56945060957922
9172	1.25257219256692	1.69822197594115
100287015	6.57047827509063	0.932299823120769
79648	9.06694093485619	0.355273187643521
285	2.86981540141147	1.06520947162324
100507530	4.53705413228963	1.28796298893462
55326	10.9737420259316	0.592862927777912
389610	1.60866995850249	1.63955741310026
1672	2.51315585060074	3.23917434221025
100128890	3.10053007401609	1.99819638310108
286042	4.73845500281809	1.48080335088334
157285	10.1349276350268	0.863372236953598
137075	7.57475819014892	1.73243878846165
9258	10.116016584391	0.245601363304665
90459	9.88643544795081	0.834993314355763
79660	8.66762551774876	0.832279862910532
101929128	3.30739335620337	2.83686539390932
8658	10.2681542214236	0.419279980302559
4482	7.52250866650762	2.05377269651892
101929191	1.93347413751801	1.60651972130425
94137	4.44885155637773	2.02150781722589
203076	1.71862354168098	1.82887614705008
83595	6.09137631986526	3.20452626712128
54984	8.59280966566459	0.747265948830386
286046	6.08627008602752	2.61309721192547
66036	9.18487827562932	0.764408910327693
83648	4.76680390729623	2.52538555235321
640	1.35209680004836	1.66062816711828
2626	7.06843057360071	3.89348798750395
606553	3.03746720031918	2.31049811580809
252969	8.82763928211575	0.776460982212212
2222	12.567445674508	1.08631110760425
1508	12.5431846593925	1.39648199971935
100132923	1.4374762825015	1.59572033794833
85002	4.64633114316869	2.19959040623638
653333	2.82327008563487	1.79240205127226
100506990	5.3430410239527	1.42415031534135
91694	7.5604526514757	1.4704475482735
57604	3.15406438011113	2.39635458232294
10395	7.5087754606509	3.94849220090572
7991	5.42128669534966	4.08173257826453
286097	2.52420267369791	2.95003024095018
51201	7.74312446148327	2.7778351084296
29883	11.2402881234241	0.434470956573882
137492	9.9145382359615	0.530787198344898
9108	4.70035121576889	0.605024672224353
6542	5.92398984755153	2.94278385554607
5157	5.15197271744987	2.3547998656236
57509	8.2497107463278	3.00375297054606
5108	11.5902441137985	0.500918373257809
427	11.4220161259094	0.856569361658261
101929066	3.08322401040323	0.986437587085468
9	6.93440329802957	1.64064756254989
23362	10.5546433066642	1.06801464847644
63898	9.35603559728899	3.22821524323578
55790	6.38081904671404	1.29672135891845
55174	10.2152525733066	0.60894835919602
4023	1.43701135154666	1.80797253847016
6570	1.04260494093531	2.41843825899964
526	11.6446613531161	0.454634372278454
11178	1.99945495291154	2.13879028633454
102467222	0.458605674018377	1.25322595950138
23039	11.5146388673012	0.787835985694756
10361	4.40644169116846	3.40308816937241
2039	8.74006453369287	1.69509023064697
64760	9.48318578480075	0.912126726077955
79873	7.27790058500862	0.893723599371383
55806	5.84141451061133	3.06317903559304
80346	10.3154446723359	0.817763584696486
203190	1.63960016552563	2.29646649209462
649	10.0867977008181	1.26641419461288
9796	3.54066341896202	2.16005921887251
661	10.1156572657426	0.590806850940794
55124	2.86394064438	0.970595625236197
23516	11.8104286934675	0.82090045859741
5533	7.90693531625976	0.717111955691235
10174	10.5846678433328	0.951788344353714
64236	8.55300797778834	1.8067417387519
541565	7.66857676124675	1.6879128236384
57805	11.6857518162408	0.578076558898681
55909	8.61648244824984	0.850255602355494
1960	6.08944187019706	2.83444905958614
23221	8.99331896914171	1.24575705739954
8795	11.4051461559339	1.34239983942214
254896	3.05750321109438	1.98714347175914
8794	1.93500994670174	1.56540770800104
8793	8.91704769631101	2.51556373616832
8797	9.24838208072118	0.670525185897012
389641	7.60392988605826	0.639930196894885
91782	10.4153274060812	0.406894670570336
203069	8.66183036861534	1.22578130510759
4017	9.10049034292538	3.25463915008874
100507156	1.05012392436941	1.63857354846521
9583	10.9133895291995	0.443372719939039
51312	9.70753048031523	1.1476122727402
4824	7.32446586632936	2.12614386500928
6781	2.85152808693031	2.23580186915852
10863	4.54665069931855	3.78854146222199
4747	1.99311188225701	1.32245888837019
80005	10.3286818107146	1.05901530602194
2796	3.35160852027624	0.93239266961744
54793	10.6534642748783	0.770606051664308
157313	10.3521344728872	0.998873684403247
5520	11.1837160851717	0.732050788686804
665	10.5872221499874	1.08285075901727
10687	6.14983683416159	3.42736738919252
1808	10.1046766456154	1.03410795266764
23087	8.57558367228449	0.368820026108479
2185	9.2580524146096	1.73253955589667
2053	6.73607128575129	1.60617558408255
1191	11.2132490900432	1.89036318385454
51435	6.33160794332359	3.99089679954417
55246	10.2172413704702	0.663346006667095
157570	9.51716588394737	0.726760591348701
55872	10.3602079533021	0.939560294795156
286133	1.70156576193732	2.17975341229429
389643	1.32919664704571	1.32275890723653
55140	9.7019963189088	0.80041959963587
55893	10.4605185910726	1.2084612210545
157574	6.63569307214252	0.913815132532071
7976	8.84662528370173	0.661488288674312
2137	11.0849932944327	0.295891668694937
55756	8.88810946443638	0.708796676784601
79618	9.58068805656197	0.516013928434645
23303	10.2418355580943	1.51464897762853
1846	9.55146659411148	3.97836889152923
619351	1.22329916378901	1.34026773737177
51669	12.2191290129815	0.871750825763452
23484	10.0561324735258	0.616308569620874
10671	9.76104803166995	0.584916581494395
100128750	3.15582481615342	2.22857852393935
11030	7.6599411849459	2.95023835124362
2961	10.2210953329022	0.610306924993063
2936	11.77281860207	0.441622176616998
7993	7.92712570180838	0.371261939561081
5516	11.417680038314	0.514786282331335
56154	2.88204961950623	2.69057292215031
29942	1.77221372053624	1.50527731693925
7486	9.43991645325382	0.713664942907694
3084	3.62656180728531	3.81815584733655
84750	7.82690618946876	1.07088975941191
84549	9.52640679826103	0.640643573926552
80185	8.31387172796097	0.68729394465985
79845	5.15251255503798	1.71548460162936
78986	1.42426873735585	3.33932941197622
157855	0.86688401863204	1.67770521044444
100507420	2.72829146497562	2.34472026933807
80139	9.56717474523931	2.64439916830921
102723701	1.49878018671351	1.16325918212038
11160	10.9913780194574	1.11370026888831
728024	3.86919344854104	2.04556651479915
11212	10.4479393188985	0.906806210987439
25960	5.13460648775044	1.79017391338122
55290	8.29963710438617	0.849927257213936
80223	11.0916129560809	0.881374357953643
1978	11.0993337328427	0.64282295200737
9070	10.4527882608782	0.825605338560225
6770	2.23715356193885	1.11203768196771
27257	9.94546176951413	0.664004169814734
9530	9.66454847644638	0.919443250579112
23259	10.3124004826084	0.75793604296352
84513	9.74113998299922	0.522131477322403
54904	11.4970531963175	0.817423095115502
137994	6.80796137047444	2.11155877916631
2260	8.17303856912333	1.94798183609381
286140	4.53863538777254	0.832020126705283
6867	11.2410675549955	1.02473855830575
59339	10.4042291844558	1.67781481174907
83877	10.5660397775025	1.12672164140793
8754	13.189861938896	1.32878610626799
3620	1.84176366677378	2.50069494703869
56892	4.69399827359481	4.19466701019856
6422	3.18539881319527	3.27232743669987
51125	10.8682425291079	0.814153577930911
84296	10.0286387836319	1.43815709559449
137964	11.372372679904	0.782104472614719
286	6.8142254558664	3.54592201924202
7994	11.1450892167884	0.843924315266278
10947	9.18669925449992	1.01171650515966
5327	8.56191345754597	4.70204691906963
101929897	1.65167187915526	2.04012035331201
3551	9.70884169072072	1.11162977494786
5423	9.7322969460327	1.26586027480896
27121	1.65222381454504	2.64500288137499
7419	11.8334897876774	0.859366308393328
6575	10.5404779435025	1.05744721940668
114926	8.37726298907682	1.07074171563502
8973	0.640049963612735	1.58754995768657
55145	8.81235605823109	0.442379483719348
81790	9.2195242340096	0.990694063876049
84376	10.5463417599089	1.07806557465386
2339	10.7124321577033	0.694724784583856
84197	8.26702910493064	0.76009500336862
138050	10.2847246848827	1.05593240094956
100287846	1.60411151025343	1.63636884717877
23514	10.1077786602339	1.14644828577053
1052	8.77874858219697	1.97865909678589
5591	14.3922314486666	0.976782872866637
4173	12.8625523048339	1.09348253669585
7336	11.4684128179078	0.729775598042175
6591	8.01806246203479	2.46833142915863
137902	2.99371689320098	0.855676321808641
115294	10.3477592611757	0.673535498910126
9705	2.88913566930285	3.78735140537744
389658	2.35034917336066	2.35063087368147
9821	11.6964420690491	0.635604289119198
2831	1.52113429327116	2.31035002167072
51606	10.9039703871152	0.587322647111423
8601	7.17791449189324	2.35477399427666
6917	12.8479007433231	0.49855899908034
10434	12.0664999699886	0.680714935525981
29088	11.3569850813352	0.612010265966604
64321	2.22723929154351	3.21311628236799
100129098	1.69436151770107	2.2127023946895
6101	1.22425856639092	1.67585296782078
137695	9.53686338301498	0.484332593733862
96764	10.4138706787534	0.620226675218889
4067	10.6894764237051	0.867500448645115
6224	14.6522022508835	0.607545587378549
26795	2.66662867640731	1.10009800474773
5324	7.28152041500231	1.70327566404179
79145	10.1107793456386	0.958129935338094
195814	5.05196202618711	3.13106855198779
54928	12.3934436228328	0.556199157665973
90362	3.96772793471985	2.39588707915724
137886	10.2410669259853	0.612074235461463
6386	12.7858573745853	1.00556358225143
8439	10.4829576130479	0.8010117374253
9760	5.23460135407333	3.35383442932401
767	3.92902508214425	4.29782801323174
100505532	2.61091374237892	1.24425381175455
5862	12.7695835268105	0.444513024020099
55636	11.4700768932184	0.757376300234523
157807	1.88223189011294	1.3657603842567
444	14.1230893627336	1.38608648012408
286183	2.18919613245894	2.12262713552832
643763	1.18869981096694	1.60405125990663
8836	10.7718946293907	0.580729976874411
7274	2.60945283234258	2.16085131912843
101410533	5.1678509290464	1.02246559278475
253943	11.9094701271408	0.481508517335284
9420	2.46277308431024	2.59805110817191
55156	11.4188897892897	0.519234234982133
9650	10.9693234112352	0.705542344958991
5150	9.72354907836458	0.675875537395571
84675	4.27285712807847	3.19341501176306
100505676	2.50743747717774	1.01028598171649
23212	10.893691659508	0.60307280326053
137872	4.08893409614233	1.75727256787753
254778	4.69262228892602	3.45605522795499
4603	9.57913787401247	2.06602020983857
80124	10.4485755891186	0.775194057002153
56260	6.21804175718258	0.692625789984941
23678	4.25330084348833	0.869192854424867
157777	5.40149714065073	0.932856870873154
641638	11.4303213287508	0.963178246239956
641648	1.96367261211734	1.14289997375206
100129654	2.84853307487547	2.22862211408961
10987	11.5045445399121	0.493117565077324
79848	9.78080141200111	0.579450715158885
10565	12.2333657494528	0.631724577318533
102724708	2.30400508447122	1.0710135441528
57094	1.38091066094131	2.44510442476344
23213	2.71398372191723	2.71246868282757
81796	2.23751550216474	2.65152304450233
10499	10.8908841157206	0.677624413297651
23471	13.2281033858763	0.64339622942158
51110	9.09339811815704	0.731155874626154
389668	5.04696626522024	2.49339582891529
2138	5.60457193610396	2.82272839589367
100132891	0.635980542496309	1.24400450456281
8989	1.10663869456594	2.48145822106697
9312	2.07525801460301	3.2146660709309
7013	10.2142591644987	0.352955987077873
157869	3.47809526542948	1.65423295201208
6129	15.0720046190625	0.548765646978747
157506	9.60086942566951	1.0788033597445
101926926	1.50000600053856	1.27670826894103
27067	10.5569634169477	0.520420305740177
55284	10.4307686384041	0.544564951610933
6921	11.8421795979782	0.719662979579863
54968	10.6414396656206	0.503644786347064
23643	3.35035579180899	3.06317258522103
56704	7.82474017527696	3.22279502730631
54332	10.1253559411015	0.716287095871785
51050	1.65737263409116	1.62099182171621
83690	2.15701699934986	2.56605453473881
101805492	3.80415193566386	3.54539108510246
3174	6.91341249467359	3.0476727203565
101926978	0.783236188936921	1.61769323165188
100192378	0.705843368431929	1.23464894091439
79776	4.97702356145165	3.14517900973055
5828	10.3553114924049	0.559338874281855
5569	4.0750826221239	3.17945898182099
51101	8.44944220639957	0.730987197961621
3574	4.78093264261829	2.71358599235762
11075	2.14164507446764	1.66976164253025
23462	5.12869112730301	1.93753923969693
101927067	1.94189750824054	1.24180237819721
101927040	2.14866804134206	2.43740733529607
28957	10.1067822844769	0.567441698647961
7163	12.1455625173299	0.842880029787959
65986	8.7419226682488	1.7178016982133
619279	6.34960364544194	3.64541822026981
55824	6.81707666957056	3.03479490872041
2171	9.73323376997812	2.55376628712931
2167	1.14081922432444	2.03274002333982
3612	10.1521496862434	0.854166273082228
347051	3.35275187323436	1.61181308214209
79752	10.6354218713274	0.86374284705029
92421	9.50135961490349	3.17060759870417
64089	8.72498240824687	0.626599186275527
103352670	0.683804364985804	1.56021480001963
138046	1.39363408876415	2.61767144369351
85444	8.36676461307995	2.22729267320159
1875	9.14095446489367	0.754558132173084
401466	10.5881526623508	0.777651140559879
377677	6.32540916500414	3.27166127472474
761	1.9645057830272	2.44548759914209
100996348	2.15681705622863	1.93002012136337
760	6.40218066066025	3.63547873978268
245972	2.05706000554491	1.87982153405905
11059	11.3311992526941	0.606225841813694
51115	10.5273161519066	0.496798868410254
8895	12.0676755305965	0.469574598007307
54714	0.739498227870529	1.84714115326256
4325	5.17423891740032	4.3273234100036
101929709	6.55400526482045	1.09760541742436
8767	10.3856446511762	1.0469827331365
734	10.1475180593301	1.064711871757
4683	11.3904406128265	0.703836203694448
1666	10.7346616352866	0.450764765494641
793	5.10224807056108	3.40603979476086
169200	9.87599799799603	0.944298982112954
64168	2.60093130465476	2.68519660346985
100127983	2.93917401402646	2.99969377125128
55529	8.80023534024862	1.00125946054081
100506365	9.96458199059198	0.713063897169966
51633	10.0747978503363	0.739267333041562
100130742	3.80511570523309	0.968851271769748
115111	2.35880612446761	2.39554063605765
286144	8.22485361365191	2.91659766954655
137392	8.03123740404942	1.06479335142719
389677	10.0113919223863	0.408395079263322
55472	4.6660671367418	0.662806437219362
91147	8.29901674852958	0.814460976876972
54704	10.2325515801221	1.71188344266892
1015	3.29662146699812	2.76527957624476
2669	8.12462301561608	1.78134040561716
25788	9.74184786512124	0.492382998997413
25962	11.7885143237033	0.368349212505655
100288748	5.6324797764835	2.71881761987248
54845	11.4251885073856	3.13380139618338
286148	10.7567728621189	0.416382236863456
55656	10.9893555283605	0.318861135331014
9134	9.34210516652799	0.613102728168592
137682	9.11883956821649	0.558168714587144
94241	8.64839178855888	2.06844770869655
79666	10.1066702230582	1.01201493578051
157657	7.40788894013447	0.697301735932262
7381	12.966633406508	0.595511991798916
51001	9.20611582561827	0.293707795538569
9791	11.8671255193916	0.363635742089465
6383	3.38983382183752	2.99199626281168
10404	3.57822903461536	2.31098279529927
85453	6.47567948642285	4.36440740487028
92140	13.2507572547769	0.305518506848708
55353	13.151649813221	0.382674039342522
4147	8.38688062264539	1.84684942974222
6156	14.6168341967582	0.572171549666474
26775	3.48133824237813	0.685997327385322
203111	4.33200227550344	3.36444617431768
10247	9.4232738116755	0.516719026740181
10940	10.1974843792508	0.581548584109375
79815	9.06793556275912	1.11130479794178
6788	10.5122139911005	0.766877289731884
105375661	2.71833288090431	1.56046900875431
116039	8.18041924987591	1.10621689740083
157680	10.8708562175023	0.389997781690995
1345	12.2971598312732	0.474978791999893
26166	1.39224154221579	1.6601425347957
286151	5.47564456385812	1.32558833121956
5440	10.8056104381113	0.647553973177963
6674	9.67820892252613	1.12504861925509
25897	10.4142230824014	0.681710578411206
157567	8.2952866108193	1.03179147822087
26986	15.7840803964144	0.394706996098274
7534	15.732107855828	0.557153196149504
441374	2.6624395852309	2.08886939128949
51123	11.5770966846159	0.622108171913368
83955	1.23548166669354	1.52850551445893
79977	7.86459054748251	5.45589612648757
83988	4.55753312530126	3.16477928991587
50484	10.2767621506601	0.56582720637855
101927221	4.62403867494934	0.616894294130302
51366	12.842657000639	0.410807007581124
7071	10.8748546331256	0.959289345822824
101927245	4.54200420591121	1.08996387244817
51582	13.1271148021444	0.639556307438726
100506753	5.84517742011097	0.920082255503336
528	11.8006239248264	0.628176358746475
157556	0.919640912548532	1.22487541247938
100499183	2.12577777643865	1.40293800369098
8323	11.5979760502592	0.962792562383826
115908	6.04698757271887	2.78320191545462
81034	10.4457912714959	0.425946292709138
25879	11.5723739845533	0.432810711246037
9699	5.97077176700188	3.44482436144976
29967	7.70299352656928	2.79433829963623
23414	3.14007436396957	2.12079794012558
102723356	5.27943600946196	3.15769057864054
55074	9.23525860459737	2.94485373663697
284	1.65905129469206	1.3241478821366
3646	13.6042304127601	0.387932677611825
9694	10.4483654593259	0.697673115547909
157753	1.5775532502499	2.27589233513318
84955	10.7454338944269	0.558325990689462
56943	11.3798422619046	0.511712883620388
9166	9.94733835768583	0.601041392336557
55638	7.46816963490081	3.46499723302557
114788	2.67049049405186	3.45604241171163
7227	8.59134248891815	3.04679269864932
8667	13.0761345737223	0.445951110203348
84294	10.134405158873	0.507457880484182
5885	13.641438815528	0.610548556424562
644660	3.44679322405561	0.789206063746902
90390	8.74426824886901	0.744565575501976
2131	10.6327661139498	1.33061575108078
401474	8.91834117607641	3.52187018152327
552860	3.92461147523359	2.34005509221413
4982	8.05081144425828	4.25660971529136
10584	3.98737813839982	2.10978610760746
114569	11.99805860073	4.74322979687158
4856	6.24682503845844	3.02230372580471
5168	1.82301227085566	1.45227274886083
6873	11.528845379015	0.312351585686764
79075	9.89186124415241	0.733789686369976
64798	6.15081046505901	2.22137901527269
7373	1.47614126858736	1.88843821517544
28998	10.8967075300641	0.465957420518074
27085	9.00127901490964	0.7165347139314
6641	5.92004353468548	4.13320374630414
3037	4.49906702360299	4.38352226843077
594842	2.90730439343596	2.95056715783067
22882	8.82199789551068	2.1398105047207
79139	11.8448238433089	0.648877339902643
93594	9.16411291579996	0.552564392535197
84985	7.45889772502185	5.22440035166626
100131726	3.35550077898572	2.91657587838456
84933	6.93147602409615	0.454032029264758
100533106	4.22590726014858	0.805458121741237
11244	10.9623048590923	0.498768392027674
29028	12.4682933819111	0.495349788368449
55093	8.82040122581919	0.545950456075546
114907	8.7993877956312	2.56275249932124
312	2.03497829175171	3.96119325001896
157769	12.4049748683172	0.593724699598185
654463	4.36548953587368	4.560936151515
157378	9.83417806473039	0.891042322934837
55039	8.73462811389889	0.738808118994097
101927612	4.56367019104354	0.741023795870142
11236	10.5189160704427	0.437570930656207
83940	9.83517156315391	0.472565728659657
4715	12.8108467330863	0.453450566294048
9788	7.93850067908582	2.50552670280721
137209	2.54670037420224	2.53375665152266
6713	12.6035286039689	1.16139737630406
9897	11.4459599690606	0.56065268384764
286053	9.80578581024857	0.597142898279665
10221	10.0490253478539	1.64710756565835
157638	11.109569329699	3.35281553018496
100750225	1.9665037843605	1.4000918912878
103164619	1.43074545237531	2.46357968316782
101867536	2.22441698314915	1.37474053969876
103021165	3.80374329877275	3.49710750202834
100507056	6.69469385104818	4.55572577395215
103021164	2.01700688546716	1.82327336461783
727677	6.4271743237086	2.8052008411735
5462	2.76607955053464	1.47843508563846
100270680	2.58188940217745	1.11352142965564
4609	12.1278079600024	0.760023352043402
100302185	4.86528214921592	0.929205015981282
5820	9.0653009387188	0.89810165632061
641384	2.14864104882165	1.18470467115528
101927774	0.994010831568714	1.8868031478319
56169	4.94500651562604	3.51509317146697
51571	11.9422030876342	0.479348194737086
50807	11.5171365138992	0.639896236117476
23167	11.9344729399016	0.782458422064232
3786	4.65119051875703	3.48571554594151
23639	3.74718458500202	2.17550434112662
51105	11.0774987943123	0.291239348440322
8840	0.975066689395865	1.4856333392666
10397	9.98682551769383	1.47875211188235
6482	9.73509209605282	3.46081931042419
57623	8.93853625204566	0.887044961427516
10656	5.3885692075447	2.87317369960979
169044	4.34796819364022	3.97857267332495
51305	2.20087135710626	2.04725532652974
83696	10.1385855603551	0.282173203430745
54108	11.0911645368998	0.559049389112185
27161	12.3061718458987	0.305090548217022
5747	12.6058185389386	0.518597527613369
22898	9.11587990594994	1.1197041331592
57210	10.3709815244082	1.15002311611772
11156	1.2671923274407	2.42093329652431
619434	0.737040432452255	1.2304560085217
203062	8.39425683058858	1.18094133714617
575	4.77385057460027	2.69756122742653
23237	5.36155708016352	1.77051760836003
8629	10.0323373172967	0.584710804924521
8000	8.21940795162723	5.37500878434446
54742	3.45139970244297	2.02311907775206
100288181	5.10418124884485	1.29213526487839
51337	10.6362801765266	0.763954309130054
137797	4.94529842248507	5.95626704141811
66004	8.36697151558298	3.47376514444274
8581	5.78868866984814	5.06818847930315
100133669	3.72220064588429	2.52852012152383
4061	6.32514855018616	1.79435713503477
286122	3.35272198353949	2.14697247752745
4062	1.1386557812621	1.73004806359048
338328	1.63026327205434	2.28352685591358
286128	9.52815110087988	0.482217032322832
2738	7.97931548507669	0.541744869515139
100507316	6.08271519554288	1.20198936394084
79943	8.45760807186016	0.513101523792695
116447	9.08891198501399	0.790570256080474
78998	6.08614442810815	1.30667036924611
114822	9.13753772141216	0.76181471552071
389692	4.32263632452488	2.45119329928279
23144	9.36255597048291	0.4456636119112
79792	4.02815805487109	2.75435651366382
642475	6.17963284609584	2.69717563928013
93100	4.61807046135707	2.31177802140518
1936	7.90161360041735	1.44192110946873
84948	2.6799936512931	1.26490618653154
65263	2.87941107135907	1.2472473095371
7264	5.60980643455816	1.37683740337329
9831	2.25387712544236	2.7664812129969
286075	4.87607234000366	1.49907425703049
286077	8.25010133822802	1.00530356725901
100128338	6.03874537281101	2.52345750881525
23513	8.11831125841154	1.4571137288199
22827	10.6046914797155	0.661811708511289
340371	8.56992101162135	0.713116534205085
83481	7.94629403164083	2.49141588375536
5339	15.1991609701085	1.24930918381907
84875	9.04079594803375	2.04119178235621
2907	12.5217120903724	0.59946488873796
375686	2.28971016965622	1.61090344315408
392275	2.84858146540237	1.57163267406441
26873	8.7878186612854	0.869429350382996
54512	10.8024985643931	0.496561606545412
8733	11.7977801584856	0.634106308509285
1537	12.9539779084243	0.390829302930384
81858	10.6767532689755	0.483298027352988
84232	12.1629114497834	0.620207289696988
340390	4.43351063423735	1.29114272904848
51236	9.87101591802878	0.504228411728338
727957	10.3410720246787	0.812461841889641
23246	11.9264510991164	0.516707056643261
642658	6.87789123911517	1.17967797167921
3297	12.2096714303251	0.352236626783146
8694	10.2244128492805	0.853326659330027
83482	3.07406760096686	1.99530125729293
340393	4.17527543984547	1.1271836011
26233	9.31362365093915	0.531040407199619
79581	11.6836558878842	0.407686739223504
203054	8.22426169827904	0.728415922223094
29894	12.1370270370532	0.462149695707035
55630	9.94843139508075	0.855526434836915
51160	10.7697408495467	0.471233757290243
4796	10.4946648096756	0.665323805628005
100287098	4.18649174873591	1.02699550568064
50626	10.4146490159778	0.589834822931811
90990	9.22490019762451	0.53846208908181
84988	10.4875923464758	0.525369828967177
2875	5.83014465320633	0.695994685397305
113655	9.37271334207906	0.984054255855944
9401	11.1295128636788	0.475702315193453
9684	9.59996026917701	0.606508813359344
414919	10.3854010084017	0.521350412521779
80728	9.54570808982685	0.492145109918923
90987	2.22068781492964	1.52435218116078
80778	6.59146360570535	0.405434758895713
6132	16.084758216746	0.442210950068798
340385	7.34380417410025	0.436422186175002
7553	9.453002736589	0.444767670527285
28991	9.86911379635014	0.686061961799275
58500	7.29457384685883	0.397730857785343
7564	7.88989924047915	0.42135856635582
286101	9.46121060231624	0.411976927606147
286102	6.00298726639135	0.598963250032569
286103	2.50710306035278	1.19716630750055
65265	11.2343946536414	0.245549260250954
100287171	7.60450197037684	0.563656395789217
2298	4.37482731514288	0.870476236522204
55871	9.66323109916557	0.845170706425813
157983	1.7521022087012	1.83997883017971
81704	3.84413619675339	3.37130388760483
23189	7.96395057779131	1.69154186839946
10655	0.95288166577668	2.43626190826839
6595	10.2286584554613	1.29125596501573
401491	1.97881321808507	1.63467620742575
7436	7.19348077713944	1.8207941242328
9933	10.7042973614671	0.690889057326086
5991	8.59733539361464	0.501838801984133
101929302	2.62323723386891	1.96128577919004
169792	6.82313625451428	2.09862549157273
6505	5.05017499703025	3.35174876895915
55064	5.77415281005959	1.55681699435123
403313	8.37338616664475	0.921041158356813
101929351	3.45597026503445	0.955075571026107
55664	9.21933018985598	0.587031936138332
50808	10.9515553750309	0.929087725598687
10171	8.90815056765313	0.809535796990397
3717	8.56895492954774	1.02080846809312
3641	2.56067315036824	3.44938195263041
6019	3.45444222839495	2.443419268345
6013	1.94687328602845	1.8351071996655
55848	8.2899799175852	1.36821371695221
29126	6.86610265122003	2.98170893727381
80380	2.91147330889689	3.12691908236279
57589	10.2580903437195	0.845424133018618
79956	12.3887493813576	1.57007310402808
2315	3.32157570790376	1.41637999973132
158358	9.95808498271051	0.697951473148267
26953	9.85117374404191	0.906121309580469
90865	0.838412835232461	1.51473533712976
115426	9.8580690511388	0.857388618236346
2731	5.28526217607823	2.74768599103078
23081	9.37522574620936	0.52738369793516
90871	9.85240622492024	0.797106220779182
5789	2.02611892094622	3.01268953945155
101929428	0.699201684390252	1.91787477434201
101929467	2.09321349592773	1.83980015975073
286343	9.5527948083172	1.1616281765865
8777	3.88988877218127	4.12150319781881
4781	8.74272848480079	2.80331205807184
340481	9.65845857466949	0.57422830070059
9350	0.947617613560249	2.34018294933107
158326	2.69007242729357	3.3948447838534
158219	7.66856578059693	1.97822300978378
6619	10.1456909200677	0.629550636569094
11168	11.6830508986836	0.809221011010835
203238	6.54720473922597	0.775212832148691
54796	3.83654120173436	2.87959339036904
54875	7.37949919284871	3.8348432120689
92949	2.00428322271305	2.57100745805392
10670	10.6535637759008	0.510837084754331
54801	10.8955110148929	0.620609981528494
123	8.80336977754621	1.66860460660972
55667	10.8046331862756	0.672584799741624
6194	14.9500748938085	0.736563451003327
340485	7.93015778855838	1.78729203853377
4300	7.43001168048011	2.57214038320264
54914	9.55909214379998	2.69499357779345
101929548	1.91026429020537	1.53149750060155
401494	3.26177197478519	2.5968167157099
3456	1.18637173461828	1.40501979733577
55958	9.15613745362904	2.65362616793787
554202	8.15074195880796	3.62064813260748
338376	2.92764662423122	1.90205766414913
4507	9.41377170930875	3.69578984750475
1029	6.72557078590892	6.1181047197644
100048912	2.98925796484562	3.12797610829861
1030	5.94620686212934	5.48909669813214
63951	5.18132985859483	3.28326240888432
441389	2.87084640245774	2.48594584147176
101929563	1.05812866409302	1.96248985826912
1993	1.62693644728768	2.09805914840827
286319	7.54877507450525	2.75807042345455
79886	9.73286174531895	0.486423182540075
9373	10.8127636361821	0.455622725777391
80173	8.96684396265083	0.63186023706824
79817	4.84661938410386	2.63985914929965
203228	7.50473939077911	0.955374886150404
158038	3.18795224328419	3.46561516528014
48	11.0019950606554	0.816069591519504
23586	10.6936411141065	1.84650992835454
10210	10.340779849914	0.588180162072393
100129250	5.92597767942284	0.574073633458494
4712	10.6286812450599	0.450024839972722
54840	10.2835013086775	0.372728458387984
3301	13.387429910971	0.344182689812263
55234	11.2269633082377	0.51281053747176
2683	12.3451003561267	1.01333365134308
101929639	4.10593215690493	0.849506212363612
27290	4.11574204468756	2.97736057268806
573	11.3137429365727	1.02940712445313
51510	11.3906231977771	0.632290961548176
4799	10.705644268184	0.548317500894793
364	1.40289481710913	1.45405745384571
360	9.74595489394146	2.86160548536096
65083	11.2411778401806	0.381966184347733
441394	4.7672475528416	1.18471923333686
441459	6.32566823081619	2.25495773369009
304	10.9647054481884	0.691621666420664
11191	2.40850283831165	1.52218146837837
101243555	0.990411175540461	1.71148557819366
5646	6.74627102339289	4.24877554753806
54926	12.1165248958382	0.52664002636377
55833	11.0561812482234	0.534164498733967
25853	11.5224590690066	0.373630745267741
51271	11.1586710915455	0.566799830502649
347240	8.67738886489535	0.690809847288237
318	8.82519444384039	0.491036339204776
57462	9.6913545506154	1.01824142161942
203259	9.69024771555569	0.99729006716208
27019	2.02442762684708	1.08385709820487
375704	4.20012460408227	2.4210629234694
1271	2.54167067686819	2.29109459210919
138716	9.34983515648148	0.41921724421761
11258	10.420258001887	0.356563183723042
138715	1.8434322128055	1.43978832588513
10280	11.9704188641797	0.256566473344191
2592	8.90006715558243	0.347375437472936
3590	6.19932652384023	1.38411216994175
25822	7.71722242075736	1.00714417230927
7415	13.9990211937818	0.373582539749144
2189	10.1516322427259	0.528766802255706
84720	10.6071495414388	0.673697181815406
30968	12.3393500491577	0.354707646822224
80256	9.04273251445323	0.892885543102638
10497	10.457066452449	0.735689643708735
9853	9.2452771968826	1.89775680885543
730112	2.59105720036591	1.0722624400992
7016	9.53661565942795	0.647379594770593
971	2.59210539222004	0.745818590420917
6023	6.69736336792859	1.06110502312683
203260	7.24852275291867	0.536490408551405
84904	9.34530521309152	0.490011052374406
768	4.37849948483493	4.62074040495509
7169	8.71483809967703	3.14967712156235
7094	12.2622589323027	1.08813294672304
10488	10.9707166551545	0.522655497308777
57704	10.7302772707602	0.665462440042379
9827	9.72078565429348	0.682563510450369
4882	10.7866210769582	0.631735616040618
26206	3.41707093779709	0.552032374013553
84681	9.74218116093508	0.497044119690871
51754	6.91118558532106	1.52315760534053
92973	2.00626276876997	1.77370384731302
646962	3.57966215810736	3.43104673599133
158376	1.35888986804054	1.62894942239729
8434	3.07518321878804	3.40568111281969
152007	4.83589669462661	1.87282876956152
1211	12.7376782522856	0.716320791247136
10020	12.3317670881497	0.821298521027388
152006	10.9738969865723	0.689268409301965
9833	11.5380067122367	0.532577496798773
5079	3.25387493463597	3.27530316281026
100506710	10.3911631596233	0.754295695283928
84186	9.64850989758392	0.614972561222857
9380	11.3749071020907	0.815183911020788
9925	10.0950444099362	0.711105447934272
64425	10.2009131880205	0.700261093479276
26267	8.94624241989441	1.25726660904703
401505	11.8056873046957	0.570818678873969
22844	1.23131116937423	1.43403617528849
158234	8.08852124915721	0.37516316510217
51010	10.0624645445814	0.505327962705971
79269	10.7463627751261	0.427381938655327
92014	8.5838661485684	0.57200425667748
6461	10.8073735715647	0.774429110101844
219	10.6202884610761	0.489007359611718
347252	3.81328771536354	3.55845202172838
100289137	5.43714719208088	0.617507032633335
253650	7.65009867978023	0.51145180336895
105376068	4.66591631172186	0.94526362190089
158228	5.62087365037867	0.78497902279462
79937	7.19541583970647	2.24080717415284
401509	4.73412681892216	1.01096482552387
389741	7.29812374314686	0.991068684039493
654466	4.29424701738216	2.32249538822658
105376047	3.53683733466593	1.77443820841524
441430	2.29289862437429	1.81271053895562
101929959	4.58587779100201	2.8824722814065
100132352	7.57145092123113	0.521757207045459
595135	3.96553058568378	1.84727776536678
644019	6.65962812321645	0.675044970416318
105376060	3.65517643818862	0.869955421992789
105376066	5.66040837027635	0.625732039170411
728577	4.76282642432049	3.50825758869441
103908605	3.79305411243943	2.42361400308915
101060026	0.837287819036937	1.54427042843654
100289279	5.51901127325321	2.50377127985157
100132948	3.47385642679923	0.739848523695713
102724238	1.6061217059671	1.42592271499576
387628	1.83516903466172	1.84079226756812
103352539	3.68438882090835	2.23731443788941
442421	1.95187046397285	1.27186881938497
403323	2.12783699693238	2.29403163615751
728673	5.23785947094347	0.63121589744796
375719	1.90442739091851	1.27705409494571
100996643	1.72035955567866	1.35791546432874
100616194	1.55037565774255	1.72183266474799
642236	2.98090161447456	2.30155978456496
728747	2.01082957853279	1.45276174792204
220869	8.7594476781841	1.1459223141475
26149	6.28872023328658	0.998360709706563
643827	5.08068637187076	2.6882449312958
100131997	5.04936302479672	1.29658064225867
100133121	6.41181477894554	0.859173279840483
84210	2.10540146525986	2.20766436014801
445571	6.38062892956341	0.919988140282329
5239	2.11745888261995	4.08013510365576
169693	0.841734640652781	2.30877981385641
8395	2.58622051671754	3.07114798024035
116224	9.32014618856945	0.607625030633884
2395	8.89324479637284	0.505439054959588
9414	11.6825596673772	2.72853276958574
9413	3.03032563327008	2.49843383218578
320	1.56689501914419	2.25535883811119
375743	10.42366113021	0.641292388499286
256691	3.94392272401947	2.65094161073088
100507299	4.1086585966416	0.894988327942615
23137	11.1994734782586	0.552892426441645
687	6.23343464500731	2.00074723258314
23670	11.4625293468671	1.64414853647828
51104	9.60458668945016	0.518624216821704
138241	8.29807880843072	0.709982092906406
9615	8.63625479999835	3.57191415751593
100507540	2.83658771391779	2.1103662074553
7763	12.6310774050111	0.630216251190287
117531	2.2101068634338	1.56055430781631
216	6.49811475956665	5.25765068573921
301	12.7053185477412	3.41497898289395
6096	1.76380867670372	2.83453644113654
140803	2.76895874686264	2.70974948196268
55071	8.97867364202494	0.997944425441884
138199	10.5597730433024	0.357617937057177
54981	8.02541797206545	1.25453415455865
26578	10.1969395442731	1.44819441527951
5125	5.23415670935287	4.04000388571394
55312	10.5364707609505	0.576919453616133
653162	4.937980333235	0.631268637767663
2650	6.42795388175042	2.58446136387298
158471	3.96945467174148	3.49218320723928
23230	10.6552935848075	0.464266055756917
9630	2.98764911198626	2.19782043519106
2776	10.6517548835986	2.04121025639272
84131	10.0331061272434	0.483316611235674
29968	12.2035102115343	1.20476303813878
7091	7.30272563589515	2.74566575511576
7088	10.6897674538511	0.774488792713797
158158	9.23095310463822	3.19435066069148
102723989	2.61074591432809	2.23059073802698
257019	6.71947403281806	3.2754696313819
414328	6.83503894006598	1.10345113314412
29979	13.0152103064239	0.287190391174415
105376114	5.47309482433477	0.599680663918691
80318	6.90406614712415	0.975857711716216
55582	7.16601359605264	0.780286260806216
105376335	2.11866966901852	1.13739601842474
84267	9.01393542916445	2.52550543432189
3190	14.7947322603163	0.266601258954816
407043	3.11378820236225	1.47328053473603
80010	9.94318171949876	0.460503651922671
64078	1.98411112618767	2.47921413392535
4915	3.30433060532095	2.91335154809792
23287	9.23012227463262	1.18872656783632
389765	5.52702581658157	0.806550419547397
60560	10.7963782837314	0.519946324632862
51280	13.4306869100904	0.685389090617668
81689	10.0487463765967	0.691561320252738
79670	10.6423045732455	0.451649595340577
2619	2.67497515925375	3.60780644840931
100506834	0.787730290925619	1.98577744444352
1612	9.50310493897807	4.0257891651763
1514	11.7431106702312	0.762850498344693
23552	6.69665147288547	1.98667092073298
102724156	3.25150919495334	2.20512837997553
10927	12.1397829298117	0.430735431736067
158046	4.69244226617721	1.81166509343967
1903	4.38054636925759	3.60538254300465
53358	6.43579958652329	2.21171843116096
1164	11.7585452977477	0.570454419393014
100422936	2.87917492200343	1.27603643708002
79048	10.6508843418149	0.425630631531731
10507	8.69063849709371	1.33335122826492
10912	5.465821441327	2.08766907117916
101927873	0.676574182816318	1.6738778110865
54769	1.75117823950083	2.99625324777781
6850	7.18987419232934	4.6159135335159
549	9.43616542212789	0.61377689992109
4783	9.22999386489292	0.846583868925136
4920	4.61039264350327	3.47499521677317
10558	11.5596872007936	0.733440416572281
100128076	0.661357274882762	1.30724369852469
3376	13.2482170862059	0.583059355846227
55035	10.5542814072268	0.553140399992846
401541	7.3259866855085	0.662012536553476
1842	1.54286227806088	1.77594905107069
64768	9.46715382268179	0.508932606321336
100128361	5.18934069896655	0.630934258854155
23299	11.0990752160526	0.311230391173616
101929748	2.18124964845088	2.53039422756911
138649	4.62758104904179	1.1735176973204
83744	8.02230427044304	0.647317700123206
89846	7.53895685528816	1.76979382434975
203328	3.79087734945021	2.39773504265771
84270	10.1005606320724	0.551691338504291
4814	9.09564078422076	0.466059023459702
65268	8.68682896476869	1.6942514378081
158293	10.9268750562743	0.414707434869865
23196	12.947236836054	0.528629053399949
5253	10.8918515556294	0.434505788731354
101929519	4.23601849626258	0.872694513496937
56033	4.23077003785529	3.73428767094162
138639	9.04562940992294	0.751938548322156
158257	4.09329649502306	0.931405065428919
169841	5.79223871992304	0.733510696522064
54754	3.59783731252562	0.956739110789411
728026	3.89034520986531	0.789370066301528
84641	11.7211441525807	0.488734246720635
101928099	4.6148619088514	1.63109788061907
2203	7.1371876861212	3.71881474517981
84909	9.25324509675192	1.15291265435554
2176	9.26725226912194	0.554029490762541
5727	8.42600775333371	0.815538968186667
100128782	7.32100504648985	1.18536689467897
375748	9.7656139594583	0.532384468701907
3293	2.32957697639814	1.68584255888204
11046	10.4949135943883	0.548507868453401
195828	9.8899342407109	0.627121918412737
22927	10.0252267648466	0.815504649928793
8555	10.4643595737414	0.944929579294279
195827	8.89825624225885	0.49165830131947
441455	1.02793200683256	1.53300901977226
22869	8.86418759872786	0.564601879614329
158431	7.37942078558982	0.448605132676526
441457	4.11377443502656	0.652269695093396
84278	7.83060266248107	0.503139168814592
1515	9.51335930854943	1.65318411788289
100499484	3.33371989102992	1.46022109678492
23424	9.96076119733599	0.830518500836944
7111	3.50818321883527	1.5727587706796
158427	8.89091406091397	0.457876544855129
4686	11.405127044608	0.493030509405922
7507	9.61724610796825	0.653665454446929
2304	2.48316467817987	3.90162037159391
51531	8.48997557160539	0.684378533219908
10541	13.6530008403504	0.600165322457483
54187	11.3113921487511	0.75428260832367
9830	11.0498313004423	1.1818709331324
7464	8.98597965824304	2.40159356769551
55357	9.77822331200678	1.8936002189686
9568	5.9442043955308	4.01006438892497
203286	10.5558975818435	0.846202637131438
79695	8.6663396376049	3.16080467714597
1306	1.38217696589824	1.48096471717926
7046	9.79367650235454	0.863714823650743
85365	10.7443219434869	0.722751996521361
10952	11.905112008111	0.780850179419416
8013	4.75497469259852	1.69443151263516
441461	3.53984853237734	0.545704122298342
55014	10.6058093714956	0.472884811518671
23071	11.522956415637	0.553533277309673
27130	9.55948826653333	0.302420617998992
54881	10.2432227915889	0.480034308184064
91283	9.58168550696054	0.770740597640156
8577	2.1560760998129	1.42733257357812
347273	4.96630858514032	0.974092840065594
54534	9.91003668144723	0.487361414412554
7743	9.02750080674322	0.534222649681395
84302	6.30653728545722	4.431303628938
56254	11.1881465894993	0.533797655824858
116443	3.79762174298769	1.03976176443041
10592	11.8892756368963	0.469332526708047
25934	9.529645540624	0.549873204994983
55335	3.64640187046584	1.68116971923253
19	9.42992168366112	2.57366483472845
23446	11.9260374294244	1.03815599627678
83856	6.81031325407009	0.857293077205192
26134	5.66127978927252	0.705075201301827
2218	10.0118570472097	0.54818255913863
55151	10.0738995623213	0.479054783882655
105376204	2.37615338636052	1.66395976667309
58499	8.70627603978631	1.9312487702412
5887	13.4670206323555	0.487659192086261
9314	10.9379183038318	2.07695129201551
8518	11.0135578427794	0.420721817481941
54942	9.49516971002383	0.512831449707658
8727	11.8742790576403	0.8399927739144
23731	11.7847184037629	0.69355174929717
23732	1.32914304851774	2.30408254602614
54566	9.79499373735213	1.67921403187777
5774	10.547015194907	0.604329420543134
114299	4.42861057899364	1.72907309027876
11217	2.11313832837057	1.71452834858481
401546	4.29312485834976	3.7455366522261
7295	13.3180790658375	1.09738446756833
79987	2.78466673794904	2.21161491554357
4593	0.989275122278114	1.73491552148417
1902	7.54337399519829	3.36267585819366
23392	12.2983817710269	0.437015088455784
158399	6.1459751918795	1.63796126947991
22949	10.423624043019	1.65870818045567
548645	8.59669278619418	0.421631040514324
2790	3.29947569775654	0.760820204315839
158401	3.50440187786041	1.80914401394792
7357	12.0372829960735	0.969849270213118
64420	9.90093647281419	0.500689724508846
9991	12.453384536194	0.983158854537102
84263	11.3273271447265	0.804520081597265
158405	9.22729500154814	0.509127271951376
58493	9.76434995879244	0.29318564929567
401548	9.3858714478376	0.484942073739833
169834	3.01785863729608	3.66944649753933
7539	4.52002125439867	3.57836240124766
100128385	1.99282774312418	1.40398848529483
286333	4.17302955701209	1.81729803509676
1318	8.51105339916422	0.930009838430234
23307	10.5942596934896	0.618584620732597
1317	11.4712201232402	0.365129128425824
246184	9.46105590041361	0.559017522187274
9128	11.5558271052589	0.405702770859799
138065	1.31673382862541	1.43462877812741
114987	6.35497507457239	1.54936780209445
54836	8.05994108644721	3.10624396624757
81932	9.16891579663106	0.734523801135674
210	9.38827512197165	0.603433131378544
54107	11.8422482904548	0.422038394117883
257169	4.3581734885674	0.858372067745191
5998	10.2164895842132	0.982872086263696
114991	8.36919469296635	2.04736358669122
259	1.99695786559285	2.29694932540577
113220	1.82099975339394	1.43711205401517
85301	4.87805716549449	2.02356096295672
80709	8.57737375049288	1.06425392023594
25861	7.63376431482749	1.77206232605917
9550	11.7163590996807	0.3724984290666
203197	9.12893000008612	0.556014199958827
100505478	2.46778494567966	1.96668999691888
9966	7.95139327549628	3.31579260999022
3371	5.63531684953537	3.28175550822722
5069	4.71965510232055	3.03462126881008
23245	7.39667434601828	1.8503331904821
22954	9.49686346078414	0.603658204266992
7099	5.06561731082138	3.89152769148649
1620	1.67319668308601	2.87460898435088
55755	11.3761281838117	0.529263920577714
1955	9.94698156502051	0.968301462219945
26190	11.3160985754261	0.517369858757356
100288842	6.03658912961015	0.588665239495599
5711	11.4529612788105	0.417954350479925
253039	8.87473066697331	0.909783610712765
26147	11.3917628811466	0.578130033686698
7185	6.05328598043051	1.22759083835246
727	6.47072622750493	1.19343736082329
11064	10.0192119083274	0.958899202477848
51552	12.1206520162085	0.52760590986158
105376337	3.77747934779371	0.725284008157686
2934	12.1941542429084	1.57905002229566
57000	2.82210384261111	1.12112188267113
2040	9.5940194585166	2.30988490139862
153090	10.4868407253744	1.1702664474863
158135	7.47958113996655	1.12684019679173
4702	10.995784689145	0.476250767435898
26468	4.08301299405402	1.70316472831676
92400	9.96735119199289	0.365604768270674
92399	10.0710838832318	0.452090919174213
5742	5.53406094424756	3.26529497766708
26740	1.57004709708261	1.90462875753557
5082	9.70183719265806	0.4871684182184
54542	10.740752791338	0.573752274186913
10773	9.34316686657151	0.549389244158225
57684	7.35730821100776	0.539807268426895
23637	11.7024256528986	0.77250677425069
81571	6.81852083248592	0.881753406658753
55342	10.7977155262188	0.477581659785453
286204	2.23527665939397	1.74958578448113
57706	9.86475350904958	0.618522522640657
9355	2.43818192002122	2.46136301672342
10783	9.82680024155653	0.90846053865044
5695	12.0386866373381	0.478758694392809
100129034	9.10682149073922	0.815172884228628
2516	1.22423155499936	1.99278835997726
2649	8.85465184734831	0.560283470692125
100379345	2.35374997645414	1.56180347555705
169611	7.13653452830751	3.59370518050085
401551	2.39709300405904	1.39969634026465
11224	14.8684581384931	0.621931293427361
81873	11.4126407512469	0.463320610997779
2800	10.0157894856204	0.265893930069214
286205	8.68029905925837	0.5074331343964
5537	11.2790042219024	0.335843676382157
10244	10.1171380131156	0.407134853801565
3309	15.447991069468	0.61096709903766
26130	11.4196061338073	0.443724991570517
79109	11.8431068235369	0.39797635857665
5090	9.16512647074701	0.84138320052616
89853	7.56104502776239	2.08459362282827
4010	5.22079307769864	3.86934454785253
23099	9.5816248529531	0.604034826364737
403341	9.2235820726555	0.507036170002063
9649	7.88857149387129	1.21445288552033
23452	3.63109538791975	4.32187475736701
84253	5.00110547719232	1.30650905002541
29988	7.96668349335958	1.41128082881928
7633	7.75407075094579	0.631943008113523
6136	14.7194922037921	0.599712750282527
26783	2.99159984701743	0.591867320896513
90678	9.6474031684221	0.570930992008076
64855	13.4850403264938	0.975390453329963
6812	9.92659503581204	1.13771812881395
286207	6.76711601775621	0.690855552095066
138428	8.35964913029744	0.465082829930328
27433	8.82171658545494	0.723750011238887
10044	3.31346890642501	1.42729392493613
100616250	2.72952073855462	1.16166255228782
1025	10.9337063853974	0.548255770168908
2356	10.9228150925053	0.683192421293569
2022	8.63690985768861	2.00317770392156
102723566	3.84141261046792	1.24839472150552
203	10.3036785110078	0.795990497044177
30815	10.039079616062	0.875709867234653
27090	10.0907452959507	0.851470508727406
138429	5.45671091405453	0.768070852294685
8818	10.41083372081	0.394639391857113
399665	12.1896342196722	0.70736485046222
203245	9.11626534080433	0.4295511596282
114789	10.086888876388	0.885860984589573
100289019	6.73579836963803	1.38372171507546
80142	11.0130036441217	0.665755532166852
389791	2.21957165839372	1.75863086283299
3934	7.31815709811135	5.304998491503
79095	10.7028459275813	0.775847785255084
25792	11.8302382868466	0.549384682701381
1759	6.9054489084831	1.92757629154812
2801	11.8513106953668	0.483026355688511
375757	9.0820988881383	0.342914401117763
26995	10.4424772257384	0.539114319430446
51117	9.60484907657671	0.594088187828059
10999	10.4325201346552	0.36623402804948
81605	10.6642282306461	0.466700538021696
51148	8.18937377592446	2.57971893653869
4957	10.795443425442	0.608480308642271
2733	11.1331108378775	0.349827083549041
6709	13.5736131352922	0.391576219630596
89891	12.0803649003893	0.482175194325539
6418	14.9307832267231	0.337669627249433
29941	8.49243032338238	2.2076963419808
84885	10.4614787421793	0.489727354726857
100506100	7.05886114204447	1.29415293219253
10444	10.3034910262292	0.594052377360726
54662	10.4375652254601	0.422625616011928
2021	8.41124264195901	0.402081571858105
51490	10.0841108416887	0.399766616107796
883	7.53779041757815	0.838397141245332
56262	11.9730691800773	1.16264308656974
22845	9.71554652206406	0.328219725649022
23511	12.0955101640825	0.427247113543538
56904	11.3791053075962	0.828038221530963
84895	9.8034979999049	0.440271937130648
57171	10.3582252254468	0.418274907876611
1384	10.0747656432145	1.56898283447755
5524	13.0583575305864	0.369620224114724
389792	10.7878708316271	1.03620043613117
101929331	0.963619119021844	1.5834116285344
100506119	5.76692140568011	1.83475083793088
100506190	8.83143178774385	0.623131648713421
28989	9.6382671326525	0.438576666597672
140459	10.2456257286704	0.266627806146039
51450	3.80754569014613	3.70958527914022
9536	9.83302067471984	3.79903587815933
27348	10.9748055860689	0.391708780810985
1861	10.9291799297348	0.32949387498052
51759	11.2855154929384	0.392857140637464
10868	9.57083911085216	0.984401969205385
23048	10.7116010862033	0.777038868060408
57720	12.707731024254	0.443639505583277
23413	10.1580053122055	0.96585559392944
256158	3.19524959340405	2.03548407054542
445	9.88200895552256	3.47614600000748
100272217	3.96493670892775	1.34471142577615
8939	12.1585742062246	0.289860660655419
59335	3.36662602099347	1.21128527321603
23404	10.5294179583254	0.50590140808175
25	11.3637834383278	0.522468590168894
347148	3.43646820657877	1.03877128931269
84929	6.5967686141203	2.79118517232228
10319	3.68486909296096	3.07086190225201
83543	9.73725543157508	1.55801372541821
8021	11.3625331599818	0.255727535024316
286336	5.84966458989522	2.05118879071019
84814	2.25844350393919	2.80139909286714
84726	13.2504930988486	0.747299093194365
692093	4.02893482424929	0.835250501963797
10585	9.59367698198953	0.652426123680317
83549	9.50489372862905	0.629316930965545
642515	2.26863041717899	2.92944347997018
2889	11.6850681889761	0.516682670429846
9442	10.0692907173611	0.44007879210461
84628	4.08520204319156	2.20136766519062
23064	11.8993027475075	0.161142013918818
7270	9.42411723177172	0.36455414248401
64794	9.94648892853069	0.345588663952992
9329	10.8819686316887	0.280377422723029
158067	3.7419635153309	1.66643327785533
11092	7.28396793829658	0.892586245594146
7248	10.6800275014366	0.3495399138026
9328	11.4178165331475	0.377275180591315
100996574	1.65201226838145	1.47832286838089
1056	4.96528766882488	1.16968460017445
5900	9.65089334354524	0.739863797998894
26301	2.29887483421479	2.06912663929652
29989	3.06514936441834	2.30545389272526
28	5.98749997988125	3.8015328027187
6838	10.9894133670748	0.351299550368052
6837	10.8859511214485	0.547633941448966
6130	15.3770608949951	0.559282015618094
26820	2.97655642528826	1.34239708254433
26815	4.47482510459013	0.850616906613539
26813	2.89199801683034	1.03422113472074
6834	10.1716803671925	0.545690124095681
6835	9.84326573975413	0.654654694764898
6836	13.1993734874338	0.516205466780158
169436	4.4518665688936	0.85655762365006
57109	11.0916845519735	0.261741359743042
11093	5.92960628706391	1.21929628239495
11094	9.39935452341719	0.835998264451603
11182	9.75544400005535	0.870708082753454
9719	2.63622062153047	3.82725516978673
642968	1.2478675432432	3.06091837087697
1621	2.2035974803933	3.19215301438711
138948	1.70800405095805	2.27515547599067
1757	3.48894487959388	2.89236791454196
7410	11.0078092636577	0.642502688191779
266655	9.07005971566421	0.539700356454393
8019	10.6865210656775	0.368413319086025
11091	11.5688429161714	0.367400777460711
6256	11.89772379734	1.78005512969999
1289	5.33544762310818	2.94024191749117
10439	2.38450797072402	2.61896275742984
100506599	6.58815956108056	1.75368468424659
9858	11.0275602941894	0.639761841452521
138162	7.08866618150048	1.0743345296522
51116	10.7763300671198	0.733743331475629
101928525	2.22034320222667	1.01995810023181
5047	1.88483268880515	2.34930975461942
57582	1.68983097411517	1.34962633789981
157922	11.2366575543977	0.301221859455196
10422	10.8782251313807	0.324739818335402
138151	11.2619751541282	0.79326313020409
90120	11.6157888001731	0.355565468378838
8022	1.93311909751261	1.35642417727931
169714	11.5326409404801	0.48494283782416
399693	2.70331268233614	2.12986460873933
26102	1.03500626074009	1.44080068918069
26086	9.41966113534719	0.910448411452886
728489	9.13111611229189	0.642384121905638
64170	5.70160992696649	1.40035722412107
6621	9.6537605620066	0.308658859264892
10807	11.0624258440293	0.366123202862937
23203	11.3754327276896	0.478125483779449
56623	8.6874497214876	0.745256574767898
9919	12.4801457219183	0.411133189493742
158055	3.31069145484212	1.40398902491568
4851	9.28988156900608	1.57207512746905
101928483	2.25926903158594	1.57949433051299
51162	9.34632523562656	0.841233112748688
10555	11.5607401002729	0.676006151073491
138311	7.46592499204208	1.52807816600551
84973	10.6349412398507	0.921696957822481
414332	1.3764252145799	1.50546736387709
389812	1.21317692771793	2.05627357293697
85014	10.7879493992596	0.6313541220121
84960	6.18844291005456	0.757247170295919
100131193	6.47317670959784	0.690846496019703
55684	12.9055985958394	0.367503149444234
100422860	3.92019476441258	0.611400533986362
389813	7.05023095506836	1.31561812412478
29085	11.5444398396173	0.424393635377291
158056	6.33058842658252	0.565543987229245
8721	12.7297340931607	0.330462080179833
7186	10.4624905468973	0.480304306822731
100616480	3.92875482189528	0.942199018461802
54461	11.6335393939984	0.418868913152111
733	4.56683679338837	1.42136524863887
286256	4.14302051137277	1.13201314453597
5730	2.29324630607111	2.43370431282686
286257	9.93710044669931	0.576436309263069
9022	7.40618657908574	3.3175784172519
20	10.2999228686732	0.857222716237974
56654	10.324831889677	1.27342386010468
954	6.70280124882522	1.74129713567891
89958	11.5307259272664	0.906782731645215
91373	8.09933375082125	1.48779673109554
100289341	6.59637654772786	1.16868753009934
11253	11.4228772376496	0.505061967577211
29952	11.1511888612743	0.505027159007762
2902	6.69236653287757	1.89412473028637
389816	5.75580622856043	0.95460394687929
29882	10.5791643350309	0.331987739888672
8636	11.3063791980951	0.634904761026852
286262	10.0629256706894	0.601891907510114
94107	10.7199519664858	0.29491587400621
27158	10.7006153064047	0.534038048545131
727800	7.30985315947145	1.02745198316725
375791	6.67613046491867	2.68070048082203
643596	4.8004487666309	1.75851188026615
142680	5.07618834758507	1.39311179918596
10383	14.0427547210906	0.858638290894797
401565	2.23297567088815	1.55721663305395
441476	2.09449672187773	1.2044252692354
25920	11.7490973004666	0.47704580545506
54863	11.3168363011313	0.981032699495567
441478	8.75052858445307	1.41293491067202
54932	8.18440428161351	0.731617940212568
10811	6.91107271626908	1.49020732443821
377841	5.93659938741907	2.24768726373967
26012	10.645969666996	0.876264472347959
375775	5.76164279682288	2.35931164442337
64975	11.0915304016467	0.600564385690569
92715	9.47912199910846	0.420259507772823
116225	10.3509454806747	0.322265233364995
92714	10.8995928693459	0.908463111977405
85026	8.76138346638258	0.647464451146393
79813	11.4112660820586	0.320365181709544
774	1.76147631041564	1.90890878095339
643224	4.17002769186531	3.22605852692373
100132403	2.97425732980912	1.37290534323707
4549	14.8466130469216	0.801216795097766
4577	4.53133599873577	1.3703984354921
4550	17.3232495640597	0.664345571303627
4567	7.39930798774513	0.705483525458531
4535	15.9130678023844	0.524096044124058
4565	2.60331755267396	1.3928664637636
4572	2.61041849337511	1.20828298421094
4569	3.72675266269966	1.39799764097282
4536	15.9710130726718	0.675446378380562
4570	9.54079060714659	1.91231758398062
4511	10.5131893989048	1.29583355009413
4579	7.11525619734843	1.09927414299527
4512	18.0346425973733	0.613751328933224
4574	1.85092998931491	1.37411910985375
4555	2.48700438968126	1.07559217520317
4513	16.9058094130703	0.630591190476855
4566	2.62627266902046	1.18694318283499
4509	12.4769924644521	0.693759081863957
4508	16.6948832417887	0.619254472882268
4514	17.1116077028148	0.469662826216266
4563	4.77416482401167	1.50985457827111
4537	15.5820693530945	0.475628590504441
4573	5.48808248024415	1.37766982024115
4539	14.9250284382038	0.493282731709415
4538	17.2481470776474	0.561718055680251
4564	3.21493474919328	1.86400441455531
4540	15.9474414908128	0.482891720274088
4541	14.8817733961288	0.513098593754984
4556	4.5543657829617	1.31651418395945
4519	15.8389170344981	0.702453477597168
4576	5.37062157137521	1.22188414280252
4571	10.945982928642	0.634261336790641
55344	5.35737178289098	1.61677742116045
8225	5.38576482847493	1.65589351742234
64109	1.0314673304941	1.71407703663595
3563	1.91454355848997	1.23749901155638
293	6.46618494844688	0.7755424672704
8623	5.55843726160433	2.25885279772035
8227	4.10818914095377	1.79302583049991
207063	3.51799143976177	1.70404165718913
9189	4.32141696162922	1.21268698126134
401577	3.03375618429517	1.79237239255667
4267	8.4462231788941	2.2753321075054
8908	4.47111155168132	2.97393731298866
414	8.93365800650727	3.2556980990837
415	0.717023756240406	1.32031571419998
100129464	0.950730115416829	1.75220806708674
25878	5.12935597393765	5.11465001793666
5613	9.11948121625893	1.87023902651565
389906	7.26255209031174	0.378424669713137
8226	9.92103539444002	0.875319975958211
412	9.96393255072301	1.28294547781692
8228	7.33321129828049	3.01395489426321
3730	3.23970020670473	3.61699832726669
6907	10.5785861819043	1.15917803299324
4935	1.96792946574043	1.9926744702196
357	6.74342134159681	2.8748816790138
55841	9.16613838566768	2.14121369297867
1183	8.46587055858759	1.30680342730932
4281	9.37997830129311	1.5828565137596
3052	10.8881471151368	0.402847041236966
395	2.66044869830976	3.34818109235423
10943	8.99624220352151	0.682163107651017
9758	1.46667611881965	2.18425638766721
5634	11.2473099555662	0.785465596354357
51284	1.88104627801507	1.95872312155897
349408	1.81654103493378	3.42451515411409
51311	0.78615597474431	1.57945086222323
7114	15.8084110570244	0.833156137598302
170082	5.82669411198503	0.85600987022262
9367	9.73052411608663	0.819985347458871
6399	8.68597417622988	0.495293901979079
8481	9.93303522072547	0.325646540474742
2824	3.84330337731985	1.6935389273389
54960	8.05291709299679	0.574902339710005
286480	6.83473446465878	0.42174055595088
2187	7.89548441900215	0.545811309377862
158747	9.68729664023251	0.450182196986069
140462	5.20982752939848	3.32009666934439
5277	9.21812004605474	0.531793145030306
8544	8.3440200219392	0.811367000716954
59272	3.62352398290963	2.83334108731741
57393	3.5402539763081	1.69235505128887
340591	8.20738484872236	0.481668803921687
11238	7.52221744691272	0.870627555706775
8233	8.63586972545213	0.410673151836702
8905	8.84233065109889	0.915984809828361
2925	2.96270330098824	2.81457515835814
56474	9.95437971114245	0.546302286313944
94056	11.4108121333478	0.552838067981069
55787	10.6067387503412	0.537314426751512
5931	12.797835237206	0.632318686006184
9185	7.52832860901739	2.00349734889477
4810	7.90452007259774	2.96497644506285
6322	8.15128929628628	2.68611120051376
10389	7.19093123723691	2.6320174150409
6792	5.65085824872869	1.71931599649547
100132163	2.60658245929748	0.970585627337868
5256	9.38027884792547	0.75233780535013
10149	4.13600123415648	1.44101724789045
5160	11.6960565921981	0.728443646101038
389840	2.89917817652473	2.19391542644703
30011	11.1723750744557	1.943225608595
256643	8.29292404857375	0.616339645525076
256714	5.32320938751759	3.14428801798808
1964	12.2495149968065	0.490319293556288
100158262	2.75799949491344	1.34356432615305
6197	12.3019056395961	0.658815451801137
22866	1.51579072954639	3.05457104193923
51360	10.1350694789068	0.723473891873999
404281	6.82982379054172	0.785951884343271
6611	12.7104630186981	0.811806989479614
5251	4.46863370747572	1.6510771220322
139411	2.81084371694913	3.54844458413292
10549	11.7059888881159	0.548813467957844
23597	10.4604948151788	0.75090900166932
6303	11.06073149525	1.35667896212071
79135	9.20104273678895	0.577029556665697
80311	9.77463466653977	0.949148473164483
1968	13.4726747637339	0.413412003237557
7543	10.0128059019018	0.563894759218595
5165	8.69653144102222	1.62621546513057
9468	1.9858532164365	3.1167624745414
5422	10.3977983245939	0.54583101728371
170302	3.14837608516154	2.61200143732028
11141	3.14595154320521	3.04420823154872
2710	8.12101277601095	0.839464426968991
257397	10.610786495571	0.780609149128884
1756	4.60613170224736	3.7784743164629
83604	4.25989637475143	2.70801453807396
286464	1.06062947609194	1.28771041832051
105373154	2.53407592782935	1.9831181155011
5638	10.0011997346998	0.966390048465991
347404	4.52457507688567	2.71257290685661
7504	8.00133920869292	2.98597455738043
1536	5.02600017918825	1.68874722521098
6990	9.83878254448648	2.47590190402594
94122	5.39122984077631	2.44399900534229
25763	0.661333556650444	1.44422850110918
8406	4.69360626857766	2.43004812634464
6103	7.54564878320597	0.62278870506343
7102	1.81671344659414	1.54575357908128
100874211	4.31700710883164	1.88635370340581
58526	10.4015495759245	1.94436327747581
54880	10.347040968471	0.89143239665088
10159	11.8920714347449	0.400253404776979
159013	9.43837375171161	0.834344134856679
9282	11.2060322322878	0.503823247911742
100873985	4.58538220972905	0.681868157485064
8239	12.4566114203013	0.449936071920292
1654	13.7337343094818	0.350237901269647
8573	10.7858950252517	1.02417488291779
4128	9.25843745624283	3.49546457895014
4129	4.50332771086918	4.5152725463717
4693	1.38988063193301	1.97798886918846
80258	2.38539138159521	2.3894822805549
139341	8.11789880089481	3.07903445695462
7403	9.37437249074675	2.87252781988818
101927528	2.01778086276054	2.60632765411244
407006	2.19069922772182	1.0445470089317
401585	4.78321459771215	0.915872087557386
101927574	4.70755331222869	1.37804528196627
55634	8.42034862695811	0.475223820071926
641339	7.23898969246072	0.470589545280597
401588	6.69245275173349	1.03587976907809
56548	7.23784517155307	1.8435905569944
84679	10.8448256792855	0.832675581655408
6102	10.1519819551494	0.593504592797146
9767	9.97325122150875	0.703124713142931
9104	1.48729817899732	2.66159946382127
54539	11.8402353882614	0.545294541765542
8241	11.2956134872902	0.261924410438327
7317	14.0891444819772	0.604153245377587
8552	4.36229356252734	0.630462226407181
5127	11.9224859935273	0.58776171187718
8237	11.5994537222061	0.723449748381674
7592	8.99989059254051	0.293441374581942
203414	6.42722193551161	0.730226098553565
369	11.1814415723848	0.550873674202829
6853	4.02452582113724	2.80343673590762
7076	12.0601116137597	1.19468501063997
5199	2.67370146837759	0.871828092539066
2002	11.1159406735592	0.502227457869158
8409	10.2122638904509	0.380820001525346
100133957	2.17906860898229	1.1989724203809
347344	8.35394851731079	0.459578633531019
7569	8.11628522217125	0.597222829953509
57232	6.07610006388726	1.2351751173042
92745	4.38353574354223	3.36611749974791
24140	10.2259434300516	0.664391877608837
64840	8.8548493102145	1.82756285106728
10682	11.6875058283189	0.626916927716645
4943	9.55983900812133	0.679871044356958
5935	12.9678789279629	0.664910190322259
64743	10.6671714447005	0.625716076913318
7454	3.80529287673301	1.20001810515201
6839	9.86071848148654	0.585359970997725
392465	1.42838275013409	1.7539425391708
10013	10.4157172327571	0.924221751351059
27344	7.49434359037846	3.85328228840379
10245	10.5961209501417	0.691437450961033
10084	11.3887297324583	0.451663796053364
7355	11.1491731847281	0.692771190907764
11040	9.39454012382559	1.0412687132645
55593	11.229812136419	0.394565214593618
3750	5.28764629855958	1.92821034504223
56850	10.7542970046101	0.325019397374571
7030	11.3497038911617	0.944066920346747
90060	9.87676451916677	1.04897988323865
11230	7.73390440630598	2.01109812682238
11152	9.57057535467699	0.50860171652242
27238	9.9552144815135	0.508492190497932
79917	6.5761508461648	1.3176420769472
5355	11.8084432434657	0.895067354831257
4007	9.60319612920757	0.567423458589812
6855	8.51870297320834	3.00397759375064
778	2.19351878265377	1.46456622478177
28952	9.27315683394179	0.550955194506616
50943	3.9086161131831	0.982927238200156
89801	8.18478770632792	1.30836792249141
729447	1.31954485512738	2.17929952240889
158572	4.45224823371518	2.04085843312462
389856	7.3182509260451	1.30768071313479
1184	9.60305550600999	1.33821613622324
85417	4.87266640056571	1.65880037278696
57477	1.84790840171518	3.14917747069389
170685	1.29397058869317	1.54540555417238
55190	4.1745662408205	3.65103880997342
23708	7.37938053796117	4.05522905800809
9500	11.5438082349485	0.463889791437591
81557	1.30116218907434	1.81289886874069
728239	1.27393444842625	1.78552414027945
29057	3.56818247616768	1.203225620277
54328	2.68942744438993	2.09319260906558
64061	10.5387487271185	1.28906252483123
102723508	5.23327891910447	0.665215042419385
8242	12.3969910468683	0.454376129536307
23096	8.57964435703138	2.14776199826807
8243	12.7728898765586	0.523137888939192
158787	4.71535538160513	1.11321359671312
3028	11.5991763741547	0.546887492237995
10075	13.9153879445467	0.517894208900519
23133	10.3987765721229	0.57641364889882
54954	8.28941210762109	1.09086447575092
90121	10.3751872250165	0.682818961011162
2245	8.06753793340285	1.44863652182505
54552	11.3434105502731	0.574384769396936
347365	1.33035252168897	1.64568912236866
10916	10.5301058461311	0.845032085070658
5207	3.4179734205655	0.933356693634615
27301	10.3978179679848	0.821251251873222
90736	8.31141014349515	0.614774637039293
28986	4.6083314742729	3.61465897119698
158880	4.80746495297615	2.86989907032098
10325	8.65910155638257	0.925112002505384
11279	3.75668572000217	2.46353627646318
29978	10.6132852795002	0.655637097472651
550643	10.1420318562641	0.956345175833153
442454	3.5928437960968	0.58134723923852
169981	8.43659517132843	0.715443620057668
474343	7.09892027217606	0.763792300295961
158584	6.58906691249252	2.07483935967257
158586	9.38351706862314	0.336967000903304
7789	7.43826576495856	0.596276692020543
139886	10.2924686810288	0.937236262114177
92249	9.32781542328091	0.667348330789496
23229	9.05339172138932	0.647712047890037
139285	8.69373370639836	0.769971171801637
55613	4.7893361816522	1.9698062195456
55906	5.64560641635694	3.09607485278315
340554	4.2358723854778	1.84486573428023
81887	10.9324264041645	0.758758142140073
4478	11.9294875296218	2.09956697570379
367	1.50421926336119	2.39627750321095
4983	8.24976588996203	1.09418240559619
286451	11.6650426663177	0.586617303828947
9754	5.29592568859315	2.79683424188982
1947	9.03641759764558	1.8766794367202
64219	9.65115258019538	0.908315285490958
27112	7.26179350774332	1.51715097438797
1896	3.42045902631142	1.93552590626169
3476	10.5818553891805	0.400433830959509
407	3.23948372665311	1.02529160110362
347517	4.53954972972286	0.926069903525456
51248	10.4694848427473	0.601247811244356
24137	11.6589429534199	0.465000909909766
54857	2.33134468245524	1.03270814238005
1741	10.2646109927119	1.42758267739206
100873930	3.34691364898959	1.74307590898895
29934	12.1041951438107	0.556666233029061
4303	8.65636289091462	0.667310386379616
3561	2.84573992556433	2.56539449249392
9968	10.6049314391499	0.537553366784851
54413	3.93725065749407	1.51919117807762
2705	2.78915802706625	3.5192919493866
9203	10.918597250846	0.779336002580206
4841	14.2730389567833	0.37728841559443
26548	3.21326300613713	0.887256946532601
6872	10.9892756310434	0.604489576702932
8473	11.8912810014537	0.406077930862676
93953	5.26016398877054	0.797547013042624
340527	2.56824718352169	2.45788978689709
340526	5.34833980721383	3.03282307525916
5303	10.1565023885815	0.721840089992129
54821	9.91752744619894	0.870735703125338
6191	14.6904103936929	0.469253856991253
4435	3.73792579299408	1.10934022192383
55869	9.47866080770924	0.561264715270083
5255	10.2986786091657	1.12578903103282
4674	1.07759288250821	2.01475735191398
53344	9.67289409686261	0.733582311151887
554203	7.87425398179364	0.703274793831304
100302692	5.85886568809115	0.552273463008659
6567	5.99230006314161	4.0696233536012
51132	11.6097626028887	0.416539353429981
22	9.79364365046463	0.661696160931295
139596	8.58367262881592	0.487923289255443
286495	4.61908434237359	2.47060535139023
51260	9.87248241444167	1.77738058129691
57692	3.99626713296249	3.81738301275706
546	11.6816519990272	0.732886662832974
84061	12.5382440257734	0.632794871728035
1349	12.1353091050894	0.389929835620243
538	9.90335911804025	0.613458265732897
441531	4.35532786873694	0.59572549397824
5230	14.057097555941	0.369791777451074
51616	10.3052201143939	0.777226260910166
101060146	2.36536993924786	3.28007016021109
254065	9.92726805566002	3.14097785698081
79366	5.91238815538352	3.85972475854533
6451	7.41090783039138	4.65661155873612
27330	3.35443798195252	3.56000424289344
139324	5.12964983280161	2.94428293867907
139322	9.16600276274633	3.44198022210779
7552	4.29772135988384	3.35311129467666
79983	5.34565945083486	4.51833433232242
1121	9.48826768682129	3.55072084975488
56062	4.54484388194114	2.99475561849331
4675	1.10258827987411	1.2541505613733
1730	8.32464632231969	2.78648520768509
10824	2.30506876039793	2.23931699778882
7105	9.26887582694086	3.01127017730406
27286	5.55702938827016	3.2107980394709
94121	6.9794694669676	2.76327429133141
1478	10.3171607199174	0.558511729683193
27035	4.30328304279245	0.986955634389837
402415	3.58801782343422	1.81064748238564
79979	10.1158263279952	0.748941477419282
2491	9.48807813747145	0.920835038957719
1821	3.3175179466038	1.3890060898469
1678	8.85286379462291	0.634776772719744
695	1.84037865683168	1.65006443896236
6173	5.60047810719367	0.845531030619428
2717	10.5964635001131	0.563868261788535
100131755	4.99154741845332	3.33128505092213
51309	3.44093842430044	3.35647538006144
54470	7.98159960269543	2.77983520745996
51566	10.7560188948341	0.65336529909278
9823	4.46270298847926	3.11234169461195
84460	2.6812735834312	3.26109735207604
340542	4.39697694002512	3.03250486834186
11013	2.05588596951251	1.90528357041023
64860	8.7832141666834	0.310089985447418
100528062	4.6159823684539	0.609913192866953
9737	5.17067393762245	1.12187125442629
114928	4.12535733251443	1.4630907325505
80823	7.75634072051252	0.79221517158043
100287765	6.89295782341885	0.572926939036636
55859	2.5332340499775	3.84994670121106
56271	1.93155104246668	2.06163506018338
90843	8.41834463874565	3.48011201902274
84707	5.72965004908731	3.37963618884946
51186	9.17128635486522	3.157880631294
27018	9.13237578342163	4.26936121042639
142684	2.93004476460696	1.59680426166391
79921	11.3499353130393	1.08138054491888
85012	8.45098171055938	3.01370341239834
9338	9.33234938677934	0.672795067217414
9643	13.3027946767629	0.272625145499065
340544	3.20804513057493	0.989167102413461
51209	3.48965483245527	2.47347208232604
401612	6.48525808257987	0.802964931083985
286437	5.60997796892176	1.07237441191114
139231	11.9691779553959	0.665827706040274
80712	1.46413133517726	2.14159452176133
26280	3.67333945224443	3.4373950113886
139221	2.05835323521563	2.43152023078445
55086	3.40792107215303	3.28068397343511
79589	4.14457018513702	4.17326168265885
54885	7.39223628353668	2.74058608567535
79710	9.19059341672821	0.895073797478923
55285	10.0676846673549	0.430164498844192
54830	6.40166524384732	2.4080013763902
84443	4.05483562030267	2.75112104288299
5631	11.3094459921605	0.621065694817965
1831	8.66048635256121	1.08351348645932
11043	7.45329686921777	3.13014909646736
340547	3.21241612162463	3.40325086087794
5716	10.9827804458733	0.46892948838084
115201	9.3035646575714	0.710115216066292
1288	4.25874923258745	2.8707503626914
1287	6.19578390892983	3.86100459420815
8471	1.37030625991145	2.49723701079436
55916	9.03495471104474	0.632823810975775
2182	11.3303465758951	0.633572100902058
105373311	3.65870167090489	1.20911217537086
84187	10.2219114214632	0.814641830674099
9949	11.1812466666182	0.542309165577162
57529	1.76774870141479	1.32266207536007
91851	1.33295247358982	1.54379918630189
5063	1.57155282873216	1.90211951338659
1641	1.76217189901979	1.64581359463991
79868	9.63600383246369	0.481523879760654
154796	6.49142678569271	2.89236154783824
3598	1.64627036388766	2.09585127536925
101927352	3.91218178003938	1.3398454748781
5358	12.4613734716989	1.02771145933131
642776	2.70087189389397	1.38067842471093
11254	4.33152021167289	4.6509394301712
203413	1.99184850633984	3.4878036825043
90293	5.13547470726444	3.43526552275863
54521	9.71977218154517	0.582487526756239
139818	6.84512120734988	3.81037493191642
3597	12.1303878672908	0.858297758609355
170261	1.46096815466773	1.40246909776047
79836	7.28784402225761	2.22803663721004
10857	12.0150178866008	0.587933676032406
203427	8.53601815172758	1.88685051156091
100303728	5.59287569092011	0.752800099141932
292	13.7206768595316	0.468571289766133
63932	9.7782712129494	0.489098352407597
7319	11.5190063104916	0.490344355183526
55922	10.2394482395705	0.531314686327656
23157	9.2478650732087	1.98356980484627
347454	3.0922142641321	1.03630675123521
6170	14.4575955829874	0.467794630704276
26779	2.18203523077052	0.865733421194679
65109	10.6330907847389	0.601842230938201
7737	8.97844887676319	0.486374065083515
4694	11.6890322556585	0.460012701053692
79576	9.75844442243563	0.696649085670598
158801	4.97664317690848	0.875276765684189
10009	10.265906931893	0.389181783074236
55026	5.06730204982455	2.14762588073231
3920	12.0115167080623	0.80224640935217
8450	11.7454766888998	0.547937919899897
28985	10.6575636522297	0.452924046911568
29071	10.2092741635275	0.431496278086795
2747	4.15936626622904	1.2858425668985
57187	12.0855108690424	0.55161410918279
331	11.9274535888202	0.43100390765422
10735	12.0807052091699	0.344281390972934
10178	1.62685373159619	1.60526469980193
100129520	0.8057901760163	1.24134274625671
6594	9.9369722955372	4.37202069030258
4952	10.9559512845931	0.771340797658373
8862	3.16305747465003	2.16118736766697
54440	1.33741503210995	1.62215853363161
51114	11.2290463335342	0.611929771564911
10813	10.6096091236458	0.527269926712347
63035	9.48616974330391	1.55167425041494
2000	11.1414251501819	0.565169614498131
9131	11.6322801271102	0.793392562986308
9363	2.27318698505427	1.66176842613812
55609	7.99682389676962	0.880287209906644
9016	7.92777152317755	0.549990058692554
51634	9.82525130194466	0.511086407191901
55855	6.87147431326594	0.636664612500584
10495	9.46422082648646	0.471336395059706
3547	2.08618012248236	2.84886804991099
286467	4.02271864280347	2.95959024551121
51765	10.872322481449	0.511977585269444
57826	11.1269420919774	0.711437320928666
101928578	4.05427480693547	1.37436996854448
55796	7.93229815961761	3.01620753952584
90161	3.11384733126904	3.49675821347685
2239	6.37413023912089	3.56547542263166
2719	2.0679634976163	2.00380821697452
347475	1.119771891626	1.66512402405786
84295	10.9362466574387	0.596875610507285
3251	10.9134736838308	0.717556807050837
84848	2.1680949804329	1.57783704033319
10761	3.24253023183085	2.34864391573786
159090	10.8998720655116	0.594604646293909
159091	6.77992757695357	1.1025511160528
56180	8.96697031301673	0.659592319947323
644538	3.66645331928446	3.80948684968863
441518	6.39503917324441	2.77657036527943
8933	10.4455526891423	0.860964848091912
26071	10.1977187338393	0.58563336977373
644596	3.09339213842141	1.52002226421579
7626	8.43065635241402	0.60342422148308
203523	7.38898699354232	0.765987331570661
399668	3.08044242142303	2.51377045740365
203522	7.44216315823569	1.17645857914205
93380	10.6860529194757	0.545793166608378
10479	10.3361582505082	0.674121678753436
2273	6.11086389787507	2.89462449785467
79649	9.67655485207194	1.1963059954579
27336	11.9062627887717	0.538669966778592
51442	6.49093886933424	4.94103699833232
9459	3.31279020682343	3.72197153798744
27316	12.9145046276584	0.308222913234016
101928747	4.31677191513535	0.771751001904466
158696	0.648923590683982	1.27667912556669
2258	3.99459171522096	3.2220390807213
286410	8.88014857567146	2.28726840532323
23641	2.03002282982865	3.4334236733515
139065	1.96676496781482	2.63188748288794
2332	11.3289862607782	0.37878815462867
3423	12.0453887784013	0.845216347009437
100131434	4.71675655837369	0.504647377784231
91966	8.197026031996	0.732708994017691
84548	9.23303048914539	0.485228434574914
541578	9.3986430376981	0.585830230223182
100272228	4.32797948154356	0.832718480616836
10046	5.6813150113366	1.89503776692523
4534	8.77235541193382	0.660030762887337
8776	10.6751265217614	0.625804398317757
83692	10.3634017507863	1.99253666477809
3149	12.2905927515951	1.04395039646798
203547	10.89384401189	0.565136315306443
89885	0.569574862260962	1.214335873662
4103	1.7298562725614	1.25486408708087
2564	4.16509607503509	3.47321644076186
4102	2.62697777956376	3.44139843784526
102723547	1.21245272594732	1.90647596804812
266740	0.443536644922184	1.2123479369927
158511	1.92942988644181	2.13355675108351
4111	1.83332905526825	2.3277949817972
389903	2.07263267912443	1.4153280430219
4105	2.52100427317468	2.6123255027914
1069	10.5542573628409	0.53961072821758
50814	10.7851484598544	0.563701592237028
7739	9.19545527310276	2.76197602565886
29944	0.725917602007615	1.60092364879815
84968	2.51050160306692	2.960114783246
10838	8.51832076723851	0.635812664179408
139735	3.58964856251716	3.08545096129654
11219	4.24092117643007	1.08797788474835
55559	9.02710175302696	0.593994075756212
633	2.14846591207604	1.99659015985836
92002	9.16374042483577	0.557706201116662
1852	6.59628672929143	3.66726084827771
6535	9.05688013978227	2.23261241949189
10134	13.2824856652498	0.330701304813129
215	9.6881804785062	1.48913267356182
5365	6.31800935012832	1.89413321673838
26576	4.10599038535247	2.61306562792962
3421	10.6117513235842	0.44590637731406
6748	12.4892432498048	0.69632322127976
57595	4.12156945043685	3.33922140921862
3897	7.38293321163261	3.16653775223296
554	2.06397732865909	2.62787238844873
393	6.23856395053361	3.52306324200923
8260	11.1870847081703	0.542365627073077
5973	2.27044109820483	1.54027314531255
3054	12.6971386570692	0.204455377508038
100873990	1.85080847377472	1.32248385279219
8269	7.72526354134385	0.916340105747568
3654	13.7925429161262	0.670825051812393
4204	11.3597117155136	0.478993417539073
2316	14.8232330603805	0.834916262750998
2010	11.4038928857612	0.602268589581294
6134	14.8954192409229	0.696914995600638
26778	5.54744042266146	1.1705875194512
1774	9.60424419131321	0.672833849319551
6901	9.31253841851102	0.603422911717099
158960	6.95057593508285	0.887641545276482
537	12.6695856477588	0.665798316351477
2664	12.2885519726331	0.860801848260089
9130	11.4250019494302	0.595004991403975
55558	10.0518524934657	0.752698534790906
8270	10.9698965687617	0.890942777024949
8266	10.7979389124708	0.674945263556844
8273	10.2936810737108	0.749420201043991
60343	10.2092051157141	0.725404525801701
2539	12.5153815273415	1.07161172392824
8517	8.30741227864695	0.944153540137569
139716	2.98717955895422	2.3737146474389
1736	12.4570699352094	0.602316334122778
4354	8.09808692538765	2.65852660983856
2157	6.57491400494795	1.40817182404945
8263	7.66685632278707	0.748020514412018
65991	10.4096725312913	0.54240505890657
100272147	7.52251371408114	0.894978432283398
4515	5.3028774539127	0.687535092192053
79184	10.8601566413837	0.521354926376715
7411	11.3877795125209	0.506134519137521
116442	3.30146595008826	2.74525311392281
1193	3.28457977539416	0.957994473902222
55217	8.79099979167799	0.624193022387384
6845	4.87643313261139	1.58549592634019
6192	2.49209078980851	3.70588013806729
7544	1.25274749778576	3.23727755329717
100873962	0.601016078195803	1.64253365624614
90665	0.57911236866983	1.44827940459247
5616	1.93152592428896	2.94474609584464
352887	0.966132648953302	2.6468144115442
64595	1.65416293940335	3.26272539837779
8287	1.48000855316943	3.67862753907265
8653	2.17912175953277	4.09028055065542
7404	1.28692174836181	3.51727956817802
9087	0.993855820994558	2.71598739319469
401629	0.644800352685724	1.83203295301885
83869	0.841073333116804	2.10846861538903
246126	1.37111418944998	3.36118120790648
8284	1.64733761565543	3.56914555068394
9086	1.74685239252246	3.71517817404841
